time,B_anisotropy,B_par,B_per,J_max,J_min,Jbar_max,Jbar_min,center_pressure,edge_ux,ln_h_max,ln_h_min,mass,mass_reaction,outflow_gradient,platen_max,platen_min,right_reaction,solid_fraction_max,solid_fraction_min,stability_max,stability_min,top_displacement,top_reaction
0,0,0.60264769154394,0.60264769154394,1,1,1,1,0,0,-0,-0,0.01,0,0,0,0,0,0.9,0.9,2.5,2.5,0,0
0.00125,0,0.60264769154394,0.60264769154394,0.99999727949718,0.99999151980401,0.99999668894823,0.99999610651438,9.3413764344433e-06,1.7160498563369e-22,9.482735221387e-07,3.6527212774046e-07,0.0099999706907879,-2.3447369705554e-05,1.9250997841172e-05,-3.3512399413584e-07,-5.5540500763857e-07,-7.0648007698064e-07,0.90000412807434,0.8999994685045,2.5,2.5,-3.6234661534614e-07,-1.2499999999987e-05
0.0025,0,0.60264769154394,0.60264769154394,0.9999946004011,0.9999827469846,0.9999934001772,0.99999211547446,1.8668704291923e-05,3.3941874196861e-22,1.839530137657e-06,7.2715807637105e-07,0.0099999271017168,-3.4871256820238e-05,3.042908794889e-05,-6.7427394087488e-07,-1.134452089537e-06,-1.3965392356502e-06,0.90000843178634,0.89999891979266,2.5,2.5,-7.3564050956749e-07,-2.5000000000003e-05
0.00375,0,0.60264769154394,0.60264769154394,0.99999194160262,0.99997387124142,0.99999013117484,0.99998808975108,2.7948589622284e-05,5.0514312082028e-22,2.7051103999615e-06,1.0866943494996e-06,0.0099998729036049,-4.3358489541013e-05,3.8844497873876e-05,-1.01645103391e-06,-1.7231304409363e-06,-2.0743999617328e-06,0.90001279699306,0.89999837060186,2.5,2.5,-1.1170666921789e-06,-3.7500000000002e-05
0.005,0,0.60264769154394,0.60264769154394,0.99998929772938,0.99996495052297,0.99998687903705,0.99998404984027,3.7183064893363e-05,6.6911250647079e-22,3.5546393971083e-06,1.4443250288235e-06,0.009999809945314,-5.0366632738356e-05,4.5824224441306e-05,-1.3611517916536e-06,-2.3173020003828e-06,-2.7421867213116e-06,0.90001718998807,0.89999782315361,2.5,2.5,-1.505208852457e-06,-5.0000000000009e-05
0.00625,0,0.60264769154394,0.60264769154394,0.99998666630185,0.99995600956827,0.99998364165868,0.99998000464771,4.637653994061e-05,8.3143730664019e-22,4.3925732679189e-06,1.8003138044166e-06,0.0099997393811676,-5.6451317148564e-05,5.1896952467808e-05,-1.7080602307853e-06,-2.9151965605188e-06,-3.4012257193133e-06,0.90002159652153,0.89999727778485,2.5,2.5,-1.8991828537924e-06,-6.2499999999999e-05
0.0075,0,0.60264769154394,0.60264769154394,0.99998404568454,0.99994706102285,0.99998041751788,0.99997595872718,5.5532530789066e-05,9.921809161209e-22,5.2214412045191e-06,2.1548448822994e-06,0.0099996620181467,-6.1890416638273e-05,5.7331894262737e-05,-2.0569578599009e-06,-3.5158780217191e-06,-4.0524441912271e-06,0.9000260093108,0.89999673459791,2.5,2.5,-2.2983705391814e-06,-7.4999999999988e-05
0.00875,0,0.60264769154394,0.60264769154394,0.99998143456874,0.99993811209433,0.99997720547369,0.99997191465279,6.4653510365099e-05,1.1513944925007e-21,6.0428596386428e-06,2.5080599300832e-06,0.0099995784608799,-6.6845813458241e-05,6.2287342746035e-05,-2.4076868761552e-06,-4.1187810619259e-06,-4.6965369699731e-06,0.90003042418551,0.89999619374379,2.5,2.5,-2.7023086866847e-06,-8.7500000000018e-05
0.01,0,0.60264769154394,0.60264769154394,0.99997883177709,0.99992916719328,0.99997400464306,0.99996787397692,7.3741062979838e-05,1.3091247389125e-21,6.8579453843433e-06,2.8600756054666e-06,0.0099994891840666,-7.1421450629416e-05,6.6865498751499e-05,-2.7601319713049e-06,-4.7235321872214e-06,-5.3340496570975e-06,0.90003483857299,0.8999956554874,2.5,2.5,-3.1106335619342e-06,-9.9999999999995e-05
0.01125,0,0.60264769154394,0.60264769154394,0.99997895667005,0.99992870934748,0.99997412537934,0.99996773116143,7.3454641077224e-05,1.2938107150781e-21,6.7192403277045e-06,2.8457210367253e-06,0.0099994238823743,-5.2241353923414e-05,5.1885819101152e-05,-2.7790860532202e-06,-4.7744632222775e-06,-5.2589452641304e-06,0.90003512213643,0.89999565174686,2.5,2.5,-3.1607031572455e-06,-9.9999999999988e-05
0.0125,0,0.60264769154394,0.60264769154394,0.99997904617916,0.99992855286269,0.99997423379034,0.99996769090462,7.314984457313e-05,1.2808904066913e-21,6.6326552686233e-06,2.8337460307142e-06,0.0099993678474943,-4.4827903930298e-05,4.472318933662e-05,-2.7955897097218e-06,-4.8031425141666e-06,-5.1944938801473e-06,0.90003522675459,0.89999566875931,2.5,2.5,-3.2036707465698e-06,-0.00010000000000001
0.01375,0,0.60264769154394,0.60264769154394,0.99997912021291,0.99992850931138,0.99997433193642,0.9999676907463,7.2859674973083e-05,1.2687015349565e-21,6.5673369442485e-06,2.8231992136946e-06,0.0099993176813707,-4.0132898933084e-05,4.0105670127172e-05,-2.8106052258636e-06,-4.8234315219714e-06,-5.1367866398497e-06,0.9000352658126,0.89999569046118,2.5,2.5,-3.242142240099e-06,-9.9999999999991e-05
0.015,0,0.60264769154394,0.60264769154394,0.99997918289329,0.99992852161624,0.99997442235593,0.99996771045733,7.2581221967744e-05,1.2569471346548e-21,6.514052896946e-06,2.8137172601203e-06,0.009999271770608,-3.6728610117985e-05,3.6735882744777e-05,-2.8246167645421e-06,-4.8393502345489e-06,-5.0839698445664e-06,0.9000352724782,0.89999571542718,2.5,2.5,-3.277353436956e-06,-0.00010000000000001
0.01625,0,0.60264769154394,0.60264769154394,0.99997923540284,0.99992856563561,0.9999745068577,0.99996774130179,7.2308793172106e-05,1.2455521312858e-21,6.4686699932392e-06,2.8051139760543e-06,0.0099992291668334,-3.408301967678e-05,3.4108609996255e-05,-2.8379350388615e-06,-4.8525732364789e-06,-5.0349541388965e-06,0.90003526061839,0.89999574422101,2.5,2.5,-3.3100305740688e-06,-0.0001
0.0175,0,0.60264769154394,0.60264769154394,0.99997927804374,0.99992862912965,0.99997458672354,0.99996777882842,7.2037264434269e-05,1.2344864720665e-21,6.4603668406307e-06,2.7972799439376e-06,0.0099991892451823,-3.1937320906963e-05,3.1973607227878e-05,-2.8507845600422e-06,-4.8639576293581e-06,-4.9890217462038e-06,0.90003523724381,0.89999577772433,2.5,2.5,-3.3406521691984e-06,-0.00010000000000001
0.01875,0,0.60264769154394,0.60264769154394,0.99997931076906,0.99992870515938,0.9999746629,0.99996782051828,7.1762304922572e-05,1.2237304620633e-21,6.4548993112843e-06,2.7901457821483e-06,0.0099991515635692,-3.0145290449183e-05,3.0188170797127e-05,-2.8633380043603e-06,-4.8740023728059e-06,-4.9456647959512e-06,0.90003520633305,0.8999958168313,2.5,2.5,-3.3695568026987e-06,-9.9999999999996e-05
0.02,0,0.60264769154394,0.60264769154394,0.99997933339369,0.99992878948326,0.99997473611262,0.99996786484031,7.1480293126579e-05,1.2132671013671e-21,6.4484793283556e-06,2.7836646205112e-06,0.0099991157935296,-2.8616031697241e-05,2.8663096760342e-05,-2.875732264558e-06,-4.8830244163161e-06,-4.9045059040907e-06,0.90003517032584,0.89999586236152,2.5,2.5,-3.3969960639408e-06,-9.9999999999989e-05
0.02125,0,0.60264769154394,0.60264769154394,0.99997934570606,0.99992887936518,0.99997480693185,0.99996791081512,7.118824726279e-05,1.2030804096336e-21,6.4413987624376e-06,2.7778023913865e-06,0.0099990816820861,-2.7289154786924e-05,2.7338900375495e-05,-2.8880768726052e-06,-4.8912381579112e-06,-4.8652543855042e-06,0.90003513080347,0.89999591501884,2.5,2.5,-3.4231637429971e-06,-0.0001
0.0225,0,0.60264769154394,0.60264769154394,0.99997934753373,0.99992897296792,0.99997487581293,0.99996795779219,7.0883779537932e-05,1.1931551611496e-21,6.4338553354215e-06,2.7725320429524e-06,0.0099990490289407,-2.6122516363173e-05,2.6173960644728e-05,-2.900458973465e-06,-4.8987956731065e-06,-4.8276800632571e-06,0.9000350888341,0.89999597536816,2.5,2.5,-3.4482132911608e-06,-9.9999999999999e-05
0.02375,0,0.60264769154394,0.60264769154394,0.99997933878098,0.9999290690194,0.99997494312157,0.99996800532704,7.0565057011647e-05,1.1834769206454e-21,6.4259873147464e-06,2.7678300121753e-06,0.0099990176719792,-2.5085569133176e-05,2.513804951905e-05,-2.9129466988988e-06,-4.9058089084931e-06,-4.7915966225434e-06,0.90003504516266,0.89999604382479,2.5,2.5,-3.4722689183027e-06,-0.0001
0.025,0,0.60264769154394,0.60264769154394,0.99997931944704,0.99992916661761,0.99997500915173,0.99996805310944,7.0230759020793e-05,1.1740321053408e-21,6.4178938466718e-06,2.7636741090245e-06,0.0099989874776159,-2.4155490672985e-05,2.4208548564362e-05,-2.9255917938819e-06,-4.912362765814e-06,-4.7568505208502e-06,0.90003500032184,0.89999612065399,2.5,2.5,-3.4954329861013e-06,-9.9999999999995e-05
0.02625,0,0.60264769154394,0.60264769154394,0.99997928963103,0.99992926511081,0.99997507413881,0.99996810091949,6.9880028235089e-05,1.1648080151991e-21,6.409647468534e-06,2.7600423181232e-06,0.0099989583341132,-2.3314802170175e-05,2.3368114011956e-05,-2.9384318786969e-06,-4.9185232342331e-06,-4.7233133161075e-06,0.90003495470033,0.89999620597842,2.5,2.5,-3.5177911225953e-06,-0.0001
0.0275,0,0.60264769154394,0.60264769154394,0.99997924952779,0.9999293640212,0.99997513826996,0.99996814859954,6.9512416338725e-05,1.155792829247e-21,6.4013021206261e-06,2.7569121996642e-06,0.0099989301468168,-2.2549837138187e-05,2.2603171376637e-05,-2.9514925021272e-06,-4.9243426674142e-06,-4.6908761930752e-06,0.90003490858631,0.89999629979117,2.5,2.5,-3.5394158712828e-06,-0.0001
0.02875,0,0.60264769154394,0.60264769154394,0.99997919941812,0.99992946299447,0.99997520169244,0.99996819603585,6.9127826926377e-05,1.1469755773758e-21,6.3928984479829e-06,2.754260674862e-06,0.0099989028346667,-2.1849720047937e-05,2.1902909298853e-05,-2.9647890343213e-06,-4.9298633326505e-06,-4.6594459559852e-06,0.90003486219632,0.89999640197205,2.5,2.5,-3.5603693626773e-06,-0.0001
0.03,0,0.60264769154394,0.60264769154394,0.9999791396559,0.9999295617657,0.99997526452063,0.99996824314612,6.8726458444325e-05,1.1383460972858e-21,6.3844674079056e-06,2.7520640475254e-06,0.0099988763275869,-2.1205663876947e-05,2.125858639197e-05,-2.978328403375e-06,-4.9351198711003e-06,-4.6289420297344e-06,0.90003481569473,0.8999965123055,2.5,2.5,-3.5807053135119e-06,-0.00010000000000001
0.03125,0,0.60264769154394,0.60264769154394,0.99997907065403,0.99992966013567,0.99997532684184,0.99996828987092,6.830874958278e-05,1.1298949836713e-21,6.3760327830384e-06,2.7502981593387e-06,0.0099988505644941,-2.0610474235274e-05,2.0663041248573e-05,-2.9921106662137e-06,-4.9401410478678e-06,-4.5992941730541e-06,0.90003476920739,0.89999663049851,2.5,2.5,-3.6004705512935e-06,-9.9999999999988e-05
0.0325,0,0.60264769154394,0.60264769154394,0.99997899287041,0.99992975795403,0.99997538872133,0.99996833616766,6.7875328856805e-05,1.1216135345655e-21,6.3676129686054e-06,2.7489386100941e-06,0.0099988254917549,-2.0058191367904e-05,2.0110338271635e-05,-3.0061304051176e-06,-4.9449510250644e-06,-4.5704407057388e-06,0.90003472283127,0.89999675619768,2.5,2.5,-3.6197061961753e-06,-0.00010000000000001
0.03375,0,0.60264769154394,0.60264769154394,0.99997890679488,0.99992985510728,0.99997545020646,0.99996838200622,6.7426969435141e-05,1.1134936977537e-21,6.3592222657745e-06,2.7479609977508e-06,0.0099988010619716,-1.954382659598e-05,1.9595506672275e-05,-3.0203779473675e-06,-4.9495703061423e-06,-4.5423271141832e-06,0.90003467664143,0.8999968890048,2.5,2.5,-3.6384485905448e-06,-9.9999999999995e-05
0.035,0,0.60264769154394,0.60264769154394,0.99997881293743,0.99992995150992,0.99997551133024,0.99996842736584,6.6964549698885e-05,1.1055280191601e-21,6.3508718322561e-06,2.7473411505515e-06,0.0099987772330155,-1.9063164924924e-05,1.9114344822173e-05,-3.0348404122438e-06,-4.9540164485451e-06,-4.5149049405005e-06,0.90003463069615,0.89999702849057,2.5,2.5,-3.6567300396674e-06,-0.00010000000000001
0.03625,0,0.60264769154394,0.60264769154394,0.99997871181811,0.99993004709788,0.99997557211427,0.99996847223277,6.6489019572804e-05,1.097709594137e-21,6.3425703907026e-06,2.7470553354189e-06,0.0099987539672468,-1.8612614943929e-05,1.8663271367339e-05,-3.0495025953213e-06,-4.9583046097877e-06,-4.4881308870187e-06,0.90003458504072,0.89999717420639,2.5,2.5,-3.6745794086528e-06,-0.0001
0.0375,0,0.60264769154394,0.60264769154394,0.99997860395846,0.99993014182362,0.99997563257119,0.99996851659859,6.600137236964e-05,1.0900320220385e-21,6.3343247626881e-06,2.7470804347126e-06,0.0099987312308804,-1.8189093131418e-05,1.8239210392638e-05,-3.064347703814e-06,-4.962447971652e-06,-4.4619660869742e-06,0.90003453971035,0.89999732569423,2.5,2.5,-3.6920226086846e-06,-0.0001
0.03875,0,0.60264769154394,0.60264769154394,0.99997848987459,0.99993023565242,0.99997569270667,0.99996856045887,6.5502621700095e-05,1.0824893643787e-21,6.3261402756943e-06,2.7473940891802e-06,0.0099987089934634,-1.7789933588639e-05,1.7839501773046e-05,-3.0793579588678e-06,-4.9664580737861e-06,-4.4363755047242e-06,0.9000344947323,0.89999748249472,2.5,2.5,-3.7090829968506e-06,-9.9999999999988e-05
0.04,0,0.60264769154394,0.60264769154394,0.99997837007161,0.99993032855954,0.99997575252113,0.99996860381221,6.4993782902742e-05,1.0750761063563e-21,6.318021075872e-06,2.7479748075445e-06,0.0099986872274423,-1.7412816836104e-05,1.7461830419784e-05,-3.0945150813871e-06,-4.9703450789748e-06,-4.4113274382669e-06,0.9000344501276,0.89999764415361,2.5,2.5,-3.725781707822e-06,-9.9999999999998e-05
0.04125,0,0.60264769154394,0.60264769154394,0.9999782450394,0.999930420528,0.999975812011,0.99996864665952,6.447585841458e-05,1.0677871217033e-21,6.3099703706814e-06,2.7488020456366e-06,0.009998665907801,-1.7055713082827e-05,1.7104169881346e-05,-3.1098006776577e-06,-4.9741179862502e-06,-4.3867931031466e-06,0.90003440591231,0.8999978102268,2.5,2.5,-3.7421379312355e-06,-0.00010000000000001
0.0425,0,0.60264769154394,0.60264769154394,0.99997811524942,0.99993051154695,0.99997587116988,0.99996868900339,6.3949826511548e-05,1.0606176405735e-21,6.3019906183632e-06,2.749856258808e-06,0.0099986450117552,-1.6716836612426e-05,1.6764736976716e-05,-3.1251965400335e-06,-4.9777848036835e-06,-4.3627462818751e-06,0.90003436209857,0.89999798028421,2.5,2.5,-3.7581691454163e-06,-0.0001
0.04375,0,0.60264769154394,0.60264769154394,0.99997798115251,0.9999306016103,0.99997592998935,0.99996873084773,6.3416632884601e-05,1.0535632202639e-21,6.2940836767142e-06,2.7511189310831e-06,0.0099986245184942,-1.6394608796655e-05,1.6441954994921e-05,-3.1406848765471e-06,-4.981352689707e-06,-4.3391630264486e-06,0.90003431869535,0.89999815391251,2.5,2.5,-3.7738913157005e-06,-9.9999999999994e-05
0.045,0,0.60264769154394,0.60264769154394,0.99997784317736,0.99993069071568,0.99997598845972,0.99996877219735,6.2877184566987e-05,1.0466197185374e-21,6.2862509207941e-06,2.7525725855874e-06,0.0099986044089594,-1.6087627869193e-05,1.6134423609909e-05,-3.1562484817627e-06,-4.984828069622e-06,-4.3160214042625e-06,0.90003427570913,0.89999833071714,2.5,2.5,-3.7893190638261e-06,-9.9999999999986e-05
0.04625,0,0.60264769154394,0.60264769154394,0.9999777017297,0.99993077886367,0.9999760465705,0.99996881305777,6.2332345785425e-05,1.0397832692875e-21,6.2784933362649e-06,2.754200779368e-06,0.0099985846656543,-1.5794644042557e-05,1.5840894105376e-05,-3.1718708595654e-06,-4.9882167323755e-06,-4.2933012797444e-06,0.90003423314434,0.8999985103235,2.5,2.5,-3.8044658135059e-06,-0.00010000000000002
0.0475,0,0.60264769154394,0.60264769154394,0.99997755719195,0.99993086605714,0.99997610431088,0.99996885343495,6.1782935364607e-05,1.0330502603497e-21,6.270811594046e-06,2.7559880860286e-06,0.0099985652724807,-1.5514538881868e-05,1.556024883138e-05,-3.1875363070915e-06,-4.991523911514e-06,-4.2709841256135e-06,0.90003419100379,0.89999869237769,2.5,2.5,-3.8193439162564e-06,-0.0001
0.04875,0,0.60264769154394,0.60264769154394,0.99997740992326,0.99993095230073,0.99997616167003,0.99996889333522,6.1229725370169e-05,1.0264173132569e-21,6.2632061099514e-06,2.7579200689667e-06,0.0099985462145956,-1.5246308094939e-05,1.529148405869e-05,-3.2032299675285e-06,-4.9947543533501e-06,-4.249052858874e-06,0.90003414928897,0.89999887654671,2.5,2.5,-3.8339647607505e-06,-9.9999999999989e-05
0.05,0,0.60264769154394,0.60264769154394,0.99997726025988,0.99993103760046,0.99997621863736,0.99996893276507,6.067344072439e-05,1.0198812647372e-21,6.2556770926644e-06,2.7599832477448e-06,0.0099985274782867,-1.4989047083226e-05,1.5033695579631e-05,-3.2189378583192e-06,-4.9979123747279e-06,-4.2274916974902e-06,0.90003410800032,0.89999906251841,2.5,2.5,-3.8483388683382e-06,-9.9999999999997e-05
0.05125,0,0.60264769154394,0.60264769154394,0.99997710851574,0.99993112196341,0.99997627520266,0.99996897173112,6.0114759574078e-05,1.0134391498141e-21,6.248224582444e-06,2.7621650593061e-06,0.0099985090508633,-1.474193873853e-05,1.4786066543448e-05,-3.2346468801379e-06,-5.001001912279e-06,-4.2062860346799e-06,0.90003406713741,0.89999925000106,2.5,2.5,-3.862475976882e-06,-9.9999999999998e-05
0.0525,0,0.60264769154394,0.60264769154394,0.9999769549832,0.99993120539748,0.99997633135628,0.99996901024002,5.9554314229254e-05,1.0070881863483e-21,6.2408484824826e-06,2.7644538160966e-06,0.0099984909205595,-1.4504243076261e-05,1.4547857120273e-05,-3.2503448110768e-06,-5.004026564639e-06,-4.1854223279997e-06,0.90003402669914,0.89999943872284,2.5,2.5,-3.8763851146666e-06,-0.0001
0.05375,0,0.60264769154394,0.60264769154394,0.99997679993394,0.99993128791118,0.99997638708921,0.99996904829843,5.8992692524096e-05,1.0008257608775e-21,6.233548584165e-06,2.7668386618621e-06,0.009998473076449,-1.4275288381572e-05,1.4318395670768e-05,-3.2660202896588e-06,-5.0069896288581e-06,-4.1648880012538e-06,0.90003398668382,0.89999962843112,2.5,2.5,-3.8900746658298e-06,-0.0001
0.055,0,0.60264769154394,0.60264769154394,0.9999766436199,0.99993136951345,0.99997644239308,0.99996908591293,5.8430439480721e-05,9.9464941565192e-22,6.2263245878089e-06,2.7693095267628e-06,0.0099984555083695,-1.4054463605966e-05,1.4097071161693e-05,-3.2816627895922e-06,-5.0098941319446e-06,-4.1446713572354e-06,0.90003394708934,0.89999981889164,2.5,2.5,-3.9035524285099e-06,-9.9999999999995e-05
0.05625,0,0.60264769154394,0.60264769154394,0.99997648627431,0.99993145021357,0.9999764972603,0.99996912309003,5.7868059179257e-05,9.8855683673088e-22,6.2191761194672e-06,2.7718570823627e-06,0.0099984382068547,-1.3841211805389e-05,1.3883326618537e-05,-3.2972625886387e-06,-5.012742858342e-06,-4.1247614999342e-06,0.90003390791319,0.90000000988762,2.5,2.5,-3.9168256667107e-06,-0.0001
0.0575,0,0.60264769154394,0.60264769154394,0.99997632811267,0.99993153002104,0.99997655168395,0.99996915983614,5.7306016758768e-05,9.8254584309027e-22,6.2121027446429e-06,2.7744726970303e-06,0.0099984211630742,-1.3635024448599e-05,1.3676653445471e-05,-3.3128107334346e-06,-5.0155383739643e-06,-4.1051482649347e-06,0.90003386915261,0.90000020121891,2.5,2.5,-3.9299011567111e-06,-0.00010000000000001
0.05875,0,0.60264769154394,0.60264769154394,0.99997616933383,0.9999316089455,0.99997660565788,0.99996919615754,5.6744740488443e-05,9.7661437659392e-22,6.2051039795391e-06,2.7771483923789e-06,0.0099984043687786,-1.3435436457634e-05,1.3476586474839e-05,-3.3282990017839e-06,-5.0182830473332e-06,-4.0858221569099e-06,0.90003383080456,0.900000392701,2.5,2.5,-3.9427852287259e-06,-0.0001
0.06,0,0.60264769154394,0.60264769154394,0.99997601012095,0.99993168699667,0.99997665917664,0.9999692320604,5.6184623862846e-05,9.7076049278993e-22,6.1981793003269e-06,2.7798768012346e-06,0.0099983878162513,-1.3242021866134e-05,1.3282699632577e-05,-3.3437198635601e-06,-5.020979068218e-06,-4.0667742933893e-06,0.90003379286584,0.90000058416414,2.5,2.5,-3.9554838044055e-06,-9.9999999999983e-05
0.06125,0,0.60264769154394,0.60264769154394,0.99997585064252,0.99993176418431,0.99997671223549,0.99996926755073,5.5626027685688e-05,9.64982352464e-22,6.1913281507174e-06,2.7826511271641e-06,0.0099983714982638,-1.3054390002778e-05,1.3094602127167e-05,-3.3590664411184e-06,-5.0236284641594e-06,-4.0479963539847e-06,0.9000337553331,0.9000007754524,2.5,2.5,-3.9680024306785e-06,-0.00010000000000001
0.0625,0,0.60264769154394,0.60264769154394,0.99997569105332,0.99993184051816,0.99997676483036,0.99996930263444,5.506928211496e-05,9.5927821383503e-22,6.1845499482293e-06,2.7854651056783e-06,0.0099983554080361,-1.2872182122175e-05,1.2911935084931e-05,-3.3743324699105e-06,-5.026233115167e-06,-4.029480534452e-06,0.90003371820286,0.90000096642283,2.5,2.5,-3.9803463103658e-06,-9.9999999999997e-05
0.06375,0,0.60264769154394,0.60264769154394,0.99997553149532,0.99993191600794,0.9999768169578,0.99996933731727,5.4514688650134e-05,9.536464254214e-22,6.1778440893815e-06,2.7883129675868e-06,0.0099983395392006,-1.2695068419884e-05,1.2734368568137e-05,-3.3895122598097e-06,-5.0287947668357e-06,-4.0112195050978e-06,0.90003368147156,0.90000115694454,2.5,2.5,-3.9925203299341e-06,-0.0001
0.065,0,0.60264769154394,0.60264769154394,0.99997537209858,0.9999319906633,0.99997686861499,0.99996937160483,5.3962522046922e-05,9.4808541945092e-22,6.1712099539483e-06,2.7911894041038e-06,0.0099983238857689,-1.2522745377404e-05,1.2561598922834e-05,-3.40460065754e-06,-5.0313150420806e-06,-3.9932063729427e-06,0.90003364513556,0.90000134689795,2.5,2.5,-4.0045290847041e-06,-9.9999999999999e-05
0.06625,0,0.60264769154394,0.60264769154394,0.99997521298205,0.99993206449382,0.99997691979968,0.99996940550262,5.3413032150218e-05,9.4259370576727e-22,6.1646469085181e-06,2.794089534093e-06,0.0099983084421021,-1.2354933393523e-05,1.2393346411918e-05,-3.4195930104571e-06,-5.0337954516836e-06,-3.9754346473194e-06,0.90003360919117,0.90000153617395,2.5,2.5,-4.0163769017883e-06,-9.9999999999993e-05
0.0675,0,0.60264769154394,0.60264769154394,0.9999750542544,0.99993213750898,0.99997697051015,0.99996943901596,5.2866445639007e-05,9.3716986625884e-22,6.1581543094759e-06,2.7970088731199e-06,0.0099982932028838,-1.2191374663712e-05,1.2229353096197e-05,-3.4344851318852e-06,-5.0362374037857e-06,-3.9578982085046e-06,0.90003357363467,0.9000017246732,2.5,2.5,-4.0280678609968e-06,-9.9999999999992e-05
0.06875,0,0.60264769154394,0.60264769154394,0.99997489601473,0.99993220971818,0.99997702074519,0.9999694721501,5.232296768021e-05,9.3181254972166e-22,6.1517315054993e-06,2.7999433045481e-06,0.0099982781630947,-1.2031831276811e-05,1.2069380931908e-05,-3.4492732681141e-06,-5.0386422124515e-06,-3.9405912791272e-06,0.90003353846231,0.90000191230542,2.5,2.5,-4.0396058139159e-06,-0.00010000000000001
0.07,0,0.60264769154394,0.60264769154394,0.99997473835331,0.99993228113069,0.99997707050406,0.99996950491011,5.1782783489802e-05,9.2652046707038e-22,6.1453778395098e-06,2.8028890524347e-06,0.0099982633179903,-1.1876083501271e-05,1.1913210057993e-05,-3.4639540671357e-06,-5.0410111054267e-06,-3.9235083979801e-06,0.90003350367031,0.9000020989887,2.5,2.5,-4.0509944013467e-06,-0.00010000000000001
0.07125,0,0.60264769154394,0.60264769154394,0.99997458135217,0.9999323517557,0.99997711978645,0.99996953730099,5.1246059802023e-05,9.2129238700179e-22,6.1390926505686e-06,2.8058426561454e-06,0.00999824866308,-1.1723928239022e-05,1.1760637250342e-05,-3.4785245491142e-06,-5.0433452311628e-06,-3.9066443961107e-06,0.9000334692549,0.90000228464893,2.5,2.5,-4.062237069259e-06,-9.9999999999989e-05
0.0725,0,0.60264769154394,0.60264769154394,0.99997442508578,0.99993242160224,0.99997716859248,0.99996956932758,5.0712946248165e-05,9.1612713192179e-22,6.1328752751797e-06,2.8088009467665e-06,0.009998234194108,-1.1575177626922e-05,1.161147452369e-05,-3.4929820786126e-06,-5.0456456652006e-06,-3.8899943748952e-06,0.9000334352123,0.90000246921918,2.5,2.5,-4.0733370834048e-06,-0.00010000000000001
0.07375,0,0.60264769154394,0.60264769154394,0.99997426962158,0.99993249067927,0.9999772169226,0.99996960099464,5.0183576647552e-05,9.11023574246e-22,6.1267250486297e-06,2.8117610252148e-06,0.0099982199070358,-1.1429657769202e-05,1.1465547864288e-05,-3.5073243385309e-06,-5.0479134159817e-06,-3.8735536859262e-06,0.90003340153875,0.90000265263918,2.5,2.5,-4.084297542716e-06,-0.0001
0.075,0,0.60264769154394,0.60264769154394,0.99997411502052,0.99993255899561,0.99997726477764,0.99996963230682,4.9658070213619e-05,9.0598063294257e-22,6.1206413059776e-06,2.8147202415781e-06,0.0099982057980263,-1.1287207586656e-05,1.1322696079101e-05,-3.5215493057024e-06,-5.0501494301424e-06,-3.8573179126e-06,0.90003336823047,0.90000283485479,2.5,2.5,-4.0951213915993e-06,-0.0001
0.07625,0,0.60264769154394,0.60264769154394,0.9999739613376,0.99993262655996,0.99997731215874,0.99996966326864,4.9136532679246e-05,9.0099727036222e-22,6.1146233828704e-06,2.8176761763241e-06,0.0099981918634291,-1.1147677769476e-05,1.1182769748819e-05,-3.5356552281026e-06,-5.0523545973427e-06,-3.8412828531599e-06,0.90003333528373,0.90000301581755,2.5,2.5,-4.1058114312255e-06,-9.9999999999992e-05
0.0775,0,0.60264769154394,0.60264769154394,0.99997380862225,0.99993269338093,0.99997735906732,0.99996969388457,4.8619057344463e-05,8.9607248931179e-22,6.1086706164707e-06,2.8206266224335e-06,0.0099981780997668,-1.1010929823871e-05,1.1045630274322e-05,-3.5496406035908e-06,-5.0545297546828e-06,-3.8254445051428e-06,0.90003330269477,0.90000319548425,2.5,2.5,-4.1163703299057e-06,-0.0001
0.07875,0,0.60264769154394,0.60264769154394,0.99997365691884,0.99993275946697,0.99997740550507,0.99996972415895,4.8105726051352e-05,8.9120533034661e-22,6.1028624733691e-06,2.8235695692202e-06,0.0099981645037228,-1.0876835201594e-05,1.0911149006256e-05,-3.5635041601099e-06,-5.056675690746e-06,-3.8097990510528e-06,0.9000332704599,0.90000337381648,2.5,2.5,-4.1268006326316e-06,-9.9999999999995e-05
0.08,0,0.60264769154394,0.60264769154394,0.99997350626702,0.99993282482646,0.99997745147393,0.99996975409603,4.7596610089553e-05,8.8639486926781e-22,6.0972144373911e-06,2.8265031870432e-06,0.0099981510721297,-1.0745274505619e-05,1.0779206450399e-05,-3.5772448372807e-06,-5.0587931492943e-06,-3.7943428452164e-06,0.90003323857542,0.90000355078029,2.5,2.5,-4.1371047698545e-06,-0.0001
0.08125,0,0.60264769154394,0.60264769154394,0.99997335670214,0.99993288946765,0.99997749697606,0.99996978370001,4.7091771036872e-05,8.8164021482141e-22,6.0916262628637e-06,2.8294258132951e-06,0.0099981378019587,-1.0616136763086e-05,1.0649691540637e-05,-3.5908617693009e-06,-5.06088283266e-06,-3.7790724016482e-06,0.90003320703766,0.90000372634581,2.5,2.5,-4.147285065567e-06,-0.00010000000000001
0.0825,0,0.60264769154394,0.60264769154394,0.99997320825553,0.99993295339868,0.99997754201381,0.99996981297496,4.6591261538752e-05,8.7694050654359e-22,6.0860974426804e-06,2.8323359393833e-06,0.0099981246903103,-1.048931876008e-05,1.0522500973564e-05,-3.6043542690743e-06,-5.062945404855e-06,-3.7639843828851e-06,0.90003317584298,0.90000390048695,2.5,2.5,-4.1573437447458e-06,-9.9999999999986e-05
0.08375,0,0.60264769154394,0.60264769154394,0.99997306095488,0.99993301662757,0.99997758658973,0.9999698419249,4.6095126030679e-05,8.7229491281427e-22,6.0806274634023e-06,2.8352321986477e-06,0.0099981117344047,-1.0364724432164e-05,1.0397538598782e-05,-3.6177218135032e-06,-5.0649814944352e-06,-3.7490755896835e-06,0.90003314498776,0.90000407318109,2.5,2.5,-4.167282940211e-06,-0.0001
0.085,0,0.60264769154394,0.60264769154394,0.9999729148245,0.99993307916226,0.99997763070652,0.99996987055378,4.560340140701e-05,8.6770262902118e-22,6.0752158064056e-06,2.8381133552988e-06,0.0099980989315744,-1.0242264305422e-05,1.0274714859799e-05,-3.6309640298556e-06,-5.0669916971144e-06,-3.7343429515774e-06,0.90003311446842,0.90000424440878,2.5,2.5,-4.1771046989484e-06,-9.9999999999997e-05
0.08625,0,0.60264769154394,0.60264769154394,0.99997276988558,0.99993314101058,0.99997767436704,0.99996989886547,4.511611763996e-05,8.6316287587191e-22,6.0698619486753e-06,2.8409782940481e-06,0.0099980862792556,-1.0121854983534e-05,1.0153946280948e-05,-3.6440806831511e-06,-5.0689765781879e-06,-3.719783518089e-06,0.90003308428138,0.90000441415351,2.5,2.5,-4.1868109879404e-06,-0.00010000000000001
0.0875,0,0.60264769154394,0.60264769154394,0.99997262615648,0.99993320218023,0.99997771757428,0.99996992686375,4.4633298352224e-05,8.5867489783624e-22,6.0645653639272e-06,2.8438260106202e-06,0.0099980737749823,-1.0003418676736e-05,1.0035154996224e-05,-3.6570716644854e-06,-5.0709366747409e-06,-3.7053944506849e-06,0.90003305442313,0.90000458240145,2.5,2.5,-4.1964036995438e-06,-9.9999999999991e-05
0.08875,0,0.60264769154394,0.60264769154394,0.99997248365293,0.99993326267884,0.99997776033135,0.99996995455236,4.4154961346306e-05,8.5423796170423e-22,6.0593255231363e-06,2.8466556029232e-06,0.0099980614163788,-9.886882769332e-06,9.9182683165403e-06,-3.6699369802415e-06,-5.0728724977014e-06,-3.6911730153158e-06,0.90003302489015,0.90000474914125,2.5,2.5,-4.2058846564547e-06,-0.00010000000000001
0.09,0,0.60264769154394,0.60264769154394,0.99997234238825,0.99993332251394,0.99997780264146,0.99996998193496,4.3681119093669e-05,8.4985135525739e-22,6.0541418954416e-06,2.8494662630166e-06,0.0099980492011545,-9.7721794217406e-06,9.8032183316328e-06,-3.6826767421079e-06,-5.0747845337107e-06,-3.6771165755651e-06,0.90003299567899,0.90000491436381,2.5,2.5,-4.2152556162899e-06,-0.0001
0.09125,0,0.60264769154394,0.60264769154394,0.99997220237355,0.99993338169295,0.99997784450794,0.99997000901517,4.3211779186581e-05,8.4551438601845e-22,6.0490139487453e-06,2.8522572694921e-06,0.009998037127098,-9.6592452046397e-06,9.6899415441508e-06,-3.6952911578769e-06,-5.076673246868e-06,-3.6632225862744e-06,0.90003296678619,0.90000507806211,2.5,2.5,-4.2245182758178e-06,-0.00010000000000001
0.0925,0,0.60264769154394,0.60264769154394,0.99997206361792,0.9999334402232,0.99997788593417,0.99997003579653,4.2746944755337e-05,8.4122638012365e-22,6.043941150241e-06,2.8550279805172e-06,0.0099980251920721,-9.5480207625762e-06,9.5783785329772e-06,-3.7077805229223e-06,-5.0785390803146e-06,-3.649488587699e-06,0.90003293820836,0.90000524023102,2.5,2.5,-4.2336742748671e-06,-9.9999999999999e-05
0.09375,0,0.60264769154394,0.60264769154394,0.9999719261286,0.99993349811194,0.99997792692364,0.99997006228253,4.2286614853505e-05,8.3698668125105e-22,6.0389229670197e-06,2.8577778276444e-06,0.0099980133940089,-9.4384505040858e-06,9.4684736432813e-06,-3.7201452123616e-06,-5.0803824577132e-06,-3.6359122000935e-06,0.90003290994211,0.90000540086716,2.5,2.5,-4.2427251999382e-06,-9.9999999999993e-05
0.095,0,0.60264769154394,0.60264769154394,0.9999717899111,0.99993355536631,0.99997796747987,0.9999700884766,4.1830784813217e-05,8.3279464964538e-22,6.0339588665041e-06,2.8605063096656e-06,0.0099980017309061,-9.3304823164205e-06,9.3601747011358e-06,-3.7323856737967e-06,-5.0822037846023e-06,-3.6224911186909e-06,0.90003288198409,0.90000555996874,2.5,2.5,-4.2516725875395e-06,-0.00010000000000001
0.09625,0,0.60264769154394,0.60264769154394,0.9999716549694,0.99993361199338,0.99997800760647,0.99997011438212,4.1379446573172e-05,8.2864966121355e-22,6.0290483168648e-06,2.8632129872843e-06,0.0099979902008219,-9.2240673029695e-06,9.2534327507313e-06,-3.7445024206464e-06,-5.0840034496481e-06,-3.6092231090884e-06,0.900032854331,0.90000571753543,2.5,2.5,-4.2605179272737e-06,-9.9999999999999e-05
0.0975,0,0.60264769154394,0.60264769154394,0.99997152130605,0.99993366800013,0.99997804730707,0.99997014000242,4.0932588981033e-05,8.2455110666771e-22,6.0241907875032e-06,2.8658974780545e-06,0.0099979788018725,-9.1191595411276e-06,9.148201812232e-06,-3.7564960259741e-06,-5.0857818257955e-06,-3.5961060029636e-06,0.90003282697954,0.90000587356819,2.5,2.5,-4.2692626646912e-06,-0.0001
0.09875,0,0.60264769154394,0.60264769154394,0.99997138892228,0.99993372339343,0.99997808658537,0.99997016534078,4.0490198072194e-05,8.2049839076156e-22,6.019385749297e-06,2.8685594517833e-06,0.0099979675322277,-9.0157158594991e-06,9.0444386587559e-06,-3.768367116814e-06,-5.0875392713439e-06,-3.5831376941064e-06,0.90003279992648,0.90000602806924,2.5,2.5,-4.2779082039286e-06,-9.9999999999998e-05
0.1,0,0.60264769154394,0.60264769154394,0.99997125781816,0.99993377818011,0.99997812544507,0.99997019040043,4.0052257326923e-05,8.1649093154023e-22,6.014632675006e-06,2.8711986261579e-06,0.0099979563901081,-8.9136956321565e-06,8.9421026106108e-06,-3.7801163689372e-06,-5.0892761309185e-06,-3.5703161347753e-06,0.90003277316859,0.90000618104188,2.5,2.5,-4.2864559101516e-06,-0.0001
0.10125,0,0.60264769154394,0.60264769154394,0.99997112799263,0.99993383236688,0.99997816388993,0.99997021518456,3.9618747907203e-05,8.1252815969725e-22,6.0099310395437e-06,2.8738147628811e-06,0.0099979453737824,-8.8130605893648e-06,8.8411553459417e-06,-3.7917445020296e-06,-5.0909927363879e-06,-3.5576393322749e-06,0.90003274670268,0.9000063324904,2.5,2.5,-4.2949071118152e-06,-9.999999999999e-05
0.1025,0,0.60264769154394,0.60264769154394,0.99997099944368,0.99993388596039,0.99997820192371,0.9999702396963,3.9189648875001e-05,8.0860951793792e-22,6.0052803201324e-06,2.8764076639881e-06,0.0099979344815641,-8.7137746429138e-06,8.7415607257613e-06,-3.8032522752582e-06,-5.0926894077011e-06,-3.5451053458657e-06,0.9000327205256,0.90000648242002,2.5,2.5,-4.3032631027565e-06,-0.00010000000000001
0.10375,0,0.60264769154394,0.60264769154394,0.99997087216837,0.9999339389672,0.99997823955022,0.99997026393874,3.8764937393393e-05,8.0473446038794e-22,6.000679996756e-06,2.8789771685339e-06,0.0099979237118094,-8.6158037247255e-06,8.6432846328379e-06,-3.8146404831756e-06,-5.0943664536583e-06,-3.5327122838012e-06,0.90003269463423,0.9000066308368,2.5,2.5,-4.3115251441326e-06,-0.0001
0.105,0,0.60264769154394,0.60264769154394,0.99997074616296,0.9999339913938,0.99997827677324,0.99997028791495,3.8344588911622e-05,8.009024520695e-22,5.9961295521504e-06,2.881523149418e-06,0.0099979130629149,-8.5191156386899e-06,8.546294823115e-06,-3.8259099519685e-06,-5.096024172634e-06,-3.5204583006746e-06,0.90003266902547,0.90000677774752,2.5,2.5,-4.3196944662173e-06,-0.0001
0.10625,0,0.60264769154394,0.60264769154394,0.99997062142295,0.9999340432466,0.99997831359659,0.99997031162792,3.7928577335687e-05,7.9711296838957e-22,5.9916284721721e-06,2.8840455105568e-06,0.009997902533315,-8.4236799233445e-06,8.4505607884835e-06,-3.8370615359871e-06,-5.097662853232e-06,-3.5083415949041e-06,0.90003264369627,0.90000692315966,2.5,2.5,-4.3277722700642e-06,-9.9999999999991e-05
0.1075,0,0.60264769154394,0.60264769154394,0.99997049794316,0.99993409453193,0.99997835002408,0.99997033508063,3.7516875185249e-05,7.9336549469655e-22,5.9871762458196e-06,2.8865441843405e-06,0.0099978921214803,-8.3294677254865e-06,8.3560536303054e-06,-3.8480961145723e-06,-5.0992827749038e-06,-3.4963604064244e-06,0.90003261864358,0.90000706708132,2.5,2.5,-4.3357597290504e-06,-9.9999999999993e-05
0.10875,0,0.60264769154394,0.60264769154394,0.99997037571781,0.99993414525605,0.99997838605953,0.99997035827601,3.7109453737989e-05,7.8965952581094e-22,5.9827723654524e-06,2.889019129038e-06,0.0099978818259157,-8.2364516836144e-06,8.2627459427212e-06,-3.8590145891185e-06,-5.1008842085134e-06,-3.4845130145373e-06,0.90003259386442,0.90000720952113,2.5,2.5,-4.3436579903073e-06,-0.0001
0.11,0,0.60264769154394,0.60264769154394,0.99997025474054,0.99993419542516,0.99997842170675,0.99997038121695,3.6706283162639e-05,7.8599456565175e-22,5.9784163270622e-06,2.8914703267061e-06,0.0099978716451584,-8.1446058200678e-06,8.1706117048346e-06,-3.8698178803923e-06,-5.1024674168552e-06,-3.4727977359279e-06,0.90003256935582,0.90000735048823,2.5,2.5,-4.3514681760481e-06,-9.9999999999999e-05
0.11125,0,0.60264769154394,0.60264769154394,0.99997013500453,0.99993424504537,0.99997845696955,0.9999704039063,3.6307332641012e-05,7.8237012685237e-22,5.974107630105e-06,2.8938977811139e-06,0.0099978615777767,-8.0539054417649e-06,8.0796261813466e-06,-3.8805069260518e-06,-5.104032655145e-06,-3.4612129228019e-06,0.90003254511484,0.90000748999221,2.5,2.5,-4.3591913848005e-06,-0.00010000000000001
0.1125,0,0.60264769154394,0.60264769154394,0.99997001650246,0.99993429412271,0.99997849185174,0.99997042634688,3.591257048051e-05,7.7878573039977e-22,5.9698457778403e-06,2.8963015156974e-06,0.0099978516223678,-7.9643270485552e-06,7.9897658308026e-06,-3.8910826783869e-06,-5.1055801714663e-06,-3.4497569611724e-06,0.90003252113857,0.90000762804306,2.5,2.5,-4.3668286925509e-06,-0.00010000000000001
0.11375,0,0.60264769154394,0.60264769154394,0.99996989922665,0.99993434266318,0.99997852635709,0.99997044854146,3.5521964217368e-05,7.7524090532995e-22,5.9656302773542e-06,2.8986815720094e-06,0.0099978417775575,-7.8758482484309e-06,7.9010082208472e-06,-3.9015461022236e-06,-5.1071102071831e-06,-3.4384282692845e-06,0.90003249742415,0.90000776465112,2.5,2.5,-4.3743811538074e-06,-9.9999999999986e-05
0.115,0,0.60264769154394,0.60264769154394,0.99996978316902,0.99993439067267,0.9999785604894,0.9999704704928,3.5135480711637e-05,7.7173518839642e-22,5.9614606396298e-06,2.9010380079788e-06,0.0099978320419979,-7.7884476794585e-06,7.8133319499753e-06,-3.9118981730174e-06,-5.1086229973286e-06,-3.4272252961213e-06,0.90003247396871,0.90000789982705,2.5,2.5,-4.3818498025886e-06,-9.9999999999994e-05
0.11625,0,0.60264769154394,0.60264769154394,0.99996966832118,0.99993443815703,0.99997859425242,0.9999704922036,3.4753086234296e-05,7.6826812380344e-22,5.9573363796443e-06,2.9033708964332e-06,0.0099978224143668,-7.7021049373312e-06,7.7267165753396e-06,-3.9221398750974e-06,-5.1101187709528e-06,-3.4161465199871e-06,0.90003245076945,0.90000803358179,2.5,2.5,-4.3892356533416e-06,-0.00010000000000001
0.1175,0,0.60264769154394,0.60264769154394,0.99996955467445,0.99993448512202,0.99997862764989,0.99997051367655,3.4374746547413e-05,7.6483926293984e-22,5.9532570163644e-06,2.905680323823e-06,0.0099978128933661,-7.6168005091343e-06,7.6411425460314e-06,-3.9322722000551e-06,-5.1115977514623e-06,-3.4051904473039e-06,0.90003242782358,0.90000816592651,2.5,2.5,-4.3965397017971e-06,-0.00010000000000001
0.11875,0,0.60264769154394,0.60264769154394,0.9999694422199,0.99993453157336,0.99997866068555,0.99997053491428,3.4000426977684e-05,7.614481641225e-22,5.9492220729459e-06,2.9079663888424e-06,0.0099978034777215,-7.5325157115368e-06,7.5565911415962e-06,-3.9422961452718e-06,-5.1130601569208e-06,-3.3943556113519e-06,0.90003240512835,0.90000829687262,2.5,2.5,-4.4037629257665e-06,-0.0001
0.12,0,0.60264769154394,0.60264769154394,0.99996933094836,0.99993457751668,0.9999786933631,0.99997055591942,3.3630092483775e-05,7.5809439236077e-22,5.9452310766329e-06,2.9102292013644e-06,0.0099977941661807,-7.449232633787e-06,7.4730444149101e-06,-3.9522127125676e-06,-5.1145062003302e-06,-3.3836405711779e-06,0.90003238268102,0.9000084264317,2.5,2.5,-4.4109062858814e-06,-9.999999999999e-05
0.12125,0,0.60264769154394,0.60264769154394,0.99996922085046,0.99993462295757,0.99997872568622,0.99997057669453,3.3263707718264e-05,7.5477751915762e-22,5.9412835588373e-06,2.9124688812726e-06,0.0099977849575131,-7.3669340855459e-06,7.3904851398327e-06,-3.9620229069652e-06,-5.1159360898992e-06,-3.3730439105707e-06,0.9000323604789,0.90000855461549,2.5,2.5,-4.4179707262857e-06,-0.00010000000000001
0.1225,0,0.60264769154394,0.60264769154394,0.99996911191668,0.99993466790154,0.99997875765859,0.99997059724216,3.2901237084349e-05,7.514971222803e-22,5.9373790551867e-06,2.9146855576176e-06,0.0099977758505087,-7.2856035480108e-06,7.3088967625069e-06,-3.9717277355557e-06,-5.1173500292809e-06,-3.3625642370819e-06,0.90003233851931,0.90000868143588,2.5,2.5,-4.4249571752798e-06,-9.9999999999995e-05
0.12375,0,0.60264769154394,0.60264769154394,0.99996900413731,0.99993471235404,0.99997878928384,0.99997061756485,3.2542644787769e-05,7.4825278558293e-22,5.933517105589e-06,2.916879367569e-06,0.0099977668439772,-7.205225129262e-06,7.228263356575e-06,-3.9813282064709e-06,-5.1187482178036e-06,-3.3522001811157e-06,0.90003231679962,0.90000880690485,2.5,2.5,-4.4318665459215e-06,-0.0001
0.125,0,0.60264769154394,0.60264769154394,0.99996889750255,0.99993475632047,0.99997882056558,0.99997063766507,3.2187894884453e-05,7.4504409882586e-22,5.9296972541699e-06,2.9190504556486e-06,0.0099977579367478,-7.1257835227833e-06,7.1485695815961e-06,-3.9908253279336e-06,-5.1201308506794e-06,-3.341950395121e-06,0.9000322953172,0.9000089310345,2.5,2.5,-4.4386997365881e-06,-9.9999999999998e-05
0.12625,0,0.60264769154394,0.60264769154394,0.99996879200247,0.99993479980616,0.99997885150741,0.99997065754528,3.1836951324e-05,7.4187065749397e-22,5.9259190493173e-06,2.9211989730228e-06,0.0099977491276679,-7.0472639690233e-06,7.0698006448421e-06,-4.0002201073988e-06,-5.1214981191968e-06,-3.3318135527463e-06,0.90003227406949,0.900009053837,2.5,2.5,-4.4454576315009e-06,-9.9999999999999e-05
0.1275,0,0.60264769154394,0.60264769154394,0.99996868762704,0.99993484281637,0.99997888211288,0.99997067720792,3.1489777989522e-05,7.387320626611e-22,5.9221820437098e-06,2.9233250766617e-06,0.0099977404156026,-6.9696522202271e-06,6.9919422657279e-06,-4.0095135507701e-06,-5.1228502109096e-06,-3.3217883481752e-06,0.90003225305391,0.90000917532456,2.5,2.5,-4.4521411012161e-06,-9.9999999999995e-05
0.12875,0,0.60264769154394,0.60264769154394,0.99996858436618,0.99993488535633,0.99997891238553,0.99997069665538,3.1146338734057e-05,7.3562792081279e-22,5.918485794307e-06,2.9254289288116e-06,0.0099977317994345,-6.8929345074282e-06,6.914980643168e-06,-4.0187066616781e-06,-5.1241873097956e-06,-3.3118734953739e-06,0.90003223226794,0.90000929550944,2.5,2.5,-4.4587510030843e-06,-0.00010000000000001
0.13,0,0.60264769154394,0.60264769154394,0.99996848220973,0.99993492743118,0.99997894232888,0.99997071589004,3.0806597413825e-05,7.3255784372241e-22,5.914829862356e-06,2.9275106963264e-06,0.0099977232780626,-6.8170975103156e-06,6.8389024251484e-06,-4.0278004408349e-06,-5.1255095964228e-06,-3.3020677274804e-06,0.90003221170907,0.90000941440396,2.5,2.5,-4.4652881816806e-06,-9.9999999999999e-05
0.13125,0,0.60264769154394,0.60264769154394,0.99996838114749,0.99993496904603,0.99997897194639,0.99997073491424,3.047051791849e-05,7.2952144831276e-22,5.9112138133777e-06,2.9295705501867e-06,0.0099977148504021,-6.7421283292027e-06,6.7636946808126e-06,-4.0367958854415e-06,-5.1268172480871e-06,-3.2923697961854e-06,0.90003219137483,0.9000095320204,2.5,2.5,-4.4717534692086e-06,-9.9999999999993e-05
0.1325,0,0.60264769154394,0.60264769154394,0.99996828116922,0.99993501020591,0.99997900124152,0.99997075373031,3.013806419885e-05,7.2651835652304e-22,5.9076372171336e-06,2.9316086649425e-06,0.0099977065153841,-6.6680144590524e-06,6.6893448744129e-06,-4.0456939886472e-06,-5.128110438954e-06,-3.2827784711819e-06,0.90003217126276,0.9000096483711,2.5,2.5,-4.4781476858784e-06,-9.9999999999995e-05
0.13375,0,0.60264769154394,0.60264769154394,0.99996818226468,0.99993505091581,0.99997903021769,0.99997077234053,2.9809200291972e-05,7.2354819519689e-22,5.9040996477143e-06,2.9336252182404e-06,0.0099976982719544,-6.5947437656223e-06,6.6158408414799e-06,-4.0544957390695e-06,-5.1293893401854e-06,-3.2732925396091e-06,0.90003215137045,0.90000976346836,2.5,2.5,-4.4844716402626e-06,-0.00010000000000001
0.135,0,0.60264769154394,0.60264769154394,0.9999680844236,0.99993509118065,0.9999790588783,0.99997079074716,2.9483890344179e-05,7.2061059596937e-22,5.9006006833866e-06,2.9356203905015e-06,0.0099976901190738,-6.5223044631584e-06,6.5431707664868e-06,-4.0632021203474e-06,-5.130654120054e-06,-3.2639108055525e-06,0.90003213169549,0.90000987732447,2.5,2.5,-4.4907261296307e-06,-9.9999999999992e-05
0.13625,0,0.60264769154394,0.60264769154394,0.99996798763571,0.99993513100532,0.9999790872267,0.99997080895246,2.9162098631692e-05,7.1770519515973e-22,5.897139906702e-06,2.9375943643572e-06,0.0099976820557174,-6.4506850939017e-06,6.4713231622808e-06,-4.0718141107501e-06,-5.1319049440575e-06,-3.2546320896057e-06,0.90003211223552,0.9000099899517,2.5,2.5,-4.4969119402637e-06,-9.9999999999998e-05
0.1375,0,0.60264769154394,0.60264769154394,0.99996789189074,0.99993517039462,0.99997911526623,0.99997082695863,2.8843789579661e-05,7.1483163366255e-22,5.8937169044172e-06,2.9395473244787e-06,0.0099976740808743,-6.3798745090323e-06,6.4002868511572e-06,-4.0803326828173e-06,-5.1331419750186e-06,-3.2454552283762e-06,0.90003209298819,0.90001010136228,2.5,2.5,-4.5030298477499e-06,-9.9999999999998e-05
0.13875,0,0.60264769154394,0.60264769154394,0.99996779717846,0.99993520935333,0.9999791430002,0.99997084476787,2.8528927779099e-05,7.1198955685582e-22,5.8903312674542e-06,2.9414794571031e-06,0.009997666193547,-6.3098618511777e-06,6.3300509471928e-06,-4.0887588030333e-06,-5.1343653731844e-06,-3.2363790740994e-06,0.90003207395117,0.90001021156841,2.5,2.5,-4.5090806172656e-06,-0.00010000000000001
0.14,0,0.60264769154394,0.60264769154394,0.99996770348863,0.99993524788617,0.99997917043186,0.99997086238232,2.8217478002493e-05,7.0917861450686e-22,5.8869825909766e-06,2.9433909498545e-06,0.0099976583927513,-6.2406365379034e-06,6.2606048398231e-06,-4.0970934315418e-06,-5.135575296312e-06,-3.2274024942445e-06,0.90003205512218,0.90001032058222,2.5,2.5,-4.5150650038375e-06,-9.9999999999996e-05
0.14125,0,0.60264769154394,0.60264769154394,0.99996761081107,0.99993528599778,0.99997919756446,0.99997087980415,2.79094052176e-05,7.0639846068945e-22,5.8836704742458e-06,2.9452819913712e-06,0.009997650677516,-6.1721882467306e-06,6.1919381788473e-06,-4.1053375218943e-06,-5.1367718997564e-06,-3.2185243711128e-06,0.90003203649894,0.90001042841582,2.5,2.5,-4.5209837525933e-06,-0.0001
0.1425,0,0.60264769154394,0.60264769154394,0.99996751913563,0.99993532369279,0.99997922440122,0.99997089703545,2.7604674600131e-05,7.0364875368985e-22,5.8803945206754e-06,2.9471527710641e-06,0.0099976430468824,-6.1045069009921e-06,6.1240408602723e-06,-4.1134920208052e-06,-5.1379553365486e-06,-3.2097436015013e-06,0.9000320180792,0.90001053508122,2.5,2.5,-4.5268375989966e-06,-0.0001
0.14375,0,0.60264769154394,0.60264769154394,0.99996742845217,0.99993536097575,0.99997925094531,0.99997091407832,2.7303251544941e-05,7.0092915594813e-22,5.8771543377777e-06,2.9490034789604e-06,0.009997635499904,-6.0375826571991e-06,6.0569030134932e-06,-4.1215578679653e-06,-5.1391257574716e-06,-3.2010590963949e-06,0.90003199986075,0.90001064059041,2.5,2.5,-4.5326272690712e-06,-9.9999999999984e-05
0.145,0,0.60264769154394,0.60264769154394,0.99996733875063,0.99993539785118,0.99997927719988,0.99997093093483,2.7005101676225e-05,6.9823933394216e-22,5.87394953714e-06,2.9508343054678e-06,0.0099976280356467,-5.9714058922645e-06,5.9905149889172e-06,-4.1295359958484e-06,-5.140283311122e-06,-3.1924697805823e-06,0.90003198184138,0.90001074495527,2.5,2.5,-4.5383534796115e-06,-0.00010000000000002
0.14625,0,0.60264769154394,0.60264769154394,0.99996725002099,0.99993543432352,0.99997930316805,0.99997094760702,2.6710190856432e-05,6.9557895816414e-22,5.8707797344185e-06,2.9526454410823e-06,0.0099976206531877,-5.9059671930711e-06,5.9248673470691e-06,-4.1374273295603e-06,-5.1414281439831e-06,-3.183974592422e-06,0.90003196401893,0.90001084818763,2.5,2.5,-4.5440169383854e-06,-9.9999999999984e-05
0.1475,0,0.60264769154394,0.60264769154394,0.99996716225329,0.99993547039719,0.99997932885292,0.99997096409692,2.6418485194471e-05,6.9294770300535e-22,5.8676445492698e-06,2.9544370763492e-06,0.009997613351616,-5.8412573456725e-06,5.8599508480529e-06,-4.145232786699e-06,-5.142560400487e-06,-3.1755724835129e-06,0.90003194639124,0.90001095029925,2.5,2.5,-4.5496183443245e-06,-0.00010000000000001
0.14875,0,0.60264769154394,0.60264769154394,0.99996707543761,0.99993550607656,0.99997935425753,0.99997098040651,2.6129951052652e-05,6.9034524672446e-22,5.864543605319e-06,2.9562094016195e-06,0.0099976061300319,-5.7772673257056e-06,5.7957564418919e-06,-4.1529532772329e-06,-5.1436802230637e-06,-3.1672624184429e-06,0.90003192895618,0.90001105130178,2.5,2.5,-4.5551583877053e-06,-9.9999999999999e-05
0.15,0,0.60264769154394,0.60264769154394,0.99996698956411,0.99993554136593,0.99997937938491,0.99997099653779,2.5844555053118e-05,6.8777127135152e-22,5.8614765302047e-06,2.9579626069136e-06,0.0099975989875465,-5.7139882894623e-06,5.732275259629e-06,-4.1605897034041e-06,-5.1447877522022e-06,-3.1590433745092e-06,0.90003191171166,0.90001115120683,2.5,2.5,-4.5606377503241e-06,-0.0001
0.15125,0,0.60264769154394,0.60264769154394,0.999966904623,0.99993557626958,0.99997940423807,0.9999710124927,2.5562264083292e-05,6.8522546265504e-22,5.8584429554194e-06,2.9596968818668e-06,0.009997591923282,-5.6514115656958e-06,5.6694986049159e-06,-4.168142959634e-06,-5.1458831265021e-06,-3.150914341514e-06,0.90003189465559,0.90001125002588,2.5,2.5,-4.5660571056608e-06,-9.9999999999997e-05
0.1525,0,0.60264769154394,0.60264769154394,0.99996682060458,0.99993561079171,0.99997942881996,0.99997102827318,2.5283045300714e-05,6.8270751004802e-22,5.8554425164353e-06,2.9614124154765e-06,0.0099975849363712,-5.5895286473972e-06,5.6074179462553e-06,-4.1756139324545e-06,-5.1469664827142e-06,-3.142874321442e-06,0.90003187778591,0.90001134777036,2.5,2.5,-4.5714171190376e-06,-0.00010000000000001
0.15375,0,0.60264769154394,0.60264769154394,0.99996673749919,0.99993564493651,0.99997945313353,0.99997104388113,2.5006866137171e-05,6.8021710657668e-22,5.8524748525388e-06,2.9631093960662e-06,0.0099975780259572,-5.5283311853489e-06,5.5460249099185e-06,-4.1830035004486e-06,-5.1480379557982e-06,-3.1349223283461e-06,0.90003186110058,0.90001144445158,2.5,2.5,-4.5767184477696e-06,-0.0001
0.155,0,0.60264769154394,0.60264769154394,0.99996665529725,0.9999356787081,0.99997947718168,0.99997105931846,2.4733694302267e-05,6.7775394881524e-22,5.8495396068374e-06,2.9647880112127e-06,0.0099975711911935,-5.4678109806866e-06,5.4853112730658e-06,-4.1903125341994e-06,-5.1490976789547e-06,-3.1270573880368e-06,0.9000318445976,0.90001154008078,2.5,2.5,-4.5819617413095e-06,-9.9999999999992e-05
0.15625,0,0.60264769154394,0.60264769154394,0.99996657398928,0.99993571211056,0.99997950096728,0.99997107458701,2.4463497786504e-05,6.7531773684371e-22,5.8466364262823e-06,2.9664484475998e-06,0.0099975644312436,-5.4079599791257e-06,5.4252689576042e-06,-4.1975418962583e-06,-5.1501457836723e-06,-3.1192785379198e-06,0.90003182827498,0.9000116346691,2.5,2.5,-4.5871476413861e-06,-0.0001
0.1575,0,0.60264769154394,0.60264769154394,0.99996649356584,0.99993574514794,0.99997952449319,0.99997108968865,2.419624486369e-05,6.72908174192e-22,5.8437649615382e-06,2.968090890955e-06,0.0099975577452807,-5.348770264818e-06,5.3658900242259e-06,-4.2046924411112e-06,-5.1511823997639e-06,-3.1115848267953e-06,0.90003181213073,0.90001172822759,2.5,2.5,-4.5922767821368e-06,-0.0001
0.15875,0,0.60264769154394,0.60264769154394,0.99996641401758,0.99993577782421,0.99997954776223,0.99997110462521,2.3931904093054e-05,6.7052496776715e-22,5.8409248670091e-06,2.9697155260104e-06,0.0099975511324881,-5.2902340551981e-06,5.3071666671522e-06,-4.2117650151676e-06,-5.1522076554049e-06,-3.1039753146462e-06,0.90003179616292,0.9000118207672,2.5,2.5,-4.5973497902359e-06,-0.00010000000000001
0.16,0,0.60264769154394,0.60264769154394,0.99996633533522,0.99993581014334,0.99997957077718,0.99997111939848,2.3670444320883e-05,6.6816782784052e-22,5.8381158008514e-06,2.971322536354e-06,0.0099975445920585,-5.2323436957435e-06,5.2490912089461e-06,-4.2187604567476e-06,-5.1532216771661e-06,-3.096449072475e-06,0.90003178036961,0.90001191229878,2.5,2.5,-4.6023672850173e-06,-9.9999999999985e-05
0.16125,0,0.60264769154394,0.60264769154394,0.99996625750959,0.99993584210922,0.9999795935408,0.99997113401026,2.3411834681755e-05,6.6583646796606e-22,5.8353374248016e-06,2.9729121044383e-06,0.009997538123194,-5.175091655219e-06,5.1916560957398e-06,-4.2256795960806e-06,-5.1542245900489e-06,-3.0890051821092e-06,0.9000317647489,0.90001200283309,2.5,2.5,-4.6073298785924e-06,-0.00010000000000001
0.1625,0,0.60264769154394,0.60264769154394,0.99996618053156,0.99993587372571,0.99997961605582,0.99997114846231,2.3156044599419e-05,6.6353060495449e-22,5.8325894042733e-06,2.9744844115378e-06,0.0099975317251058,-5.1184705214422e-06,5.1348538929144e-06,-4.2325232553124e-06,-5.155216517517e-06,-3.0816427360549e-06,0.9000317492989,0.9000120923808,2.5,2.5,-4.6122381759646e-06,-0.0001
0.16375,0,0.60264769154394,0.60264769154394,0.99996610439209,0.99993590499665,0.99997963832495,0.99997116275639,2.2903043787403e-05,6.6124995882338e-22,5.8298714082795e-06,2.9760396376422e-06,0.0099975253970146,-5.0624729969038e-06,5.0786772809172e-06,-4.2392922485122e-06,-5.1561975815226e-06,-3.0743608372913e-06,0.90003173401775,0.90001218095245,2.5,2.5,-4.6170927751394e-06,-9.9999999999993e-05
0.165,0,0.60264769154394,0.60264769154394,0.99996602908224,0.99993593592581,0.99997966035085,0.99997117689421,2.2652802249227e-05,6.5899425275176e-22,5.8271831093327e-06,2.9775779614578e-06,0.0099975191381497,-5.0070918950447e-06,5.02311905128e-06,-4.2459873816986e-06,-5.157167902543e-06,-3.0671585991519e-06,0.90003171890361,0.90001226855853,2.5,2.5,-4.6218942672304e-06,-9.9999999999993e-05
0.16625,0,0.60264769154394,0.60264769154394,0.99996595459314,0.99993596651691,0.99997968213618,0.9999711908775,2.2405290278466e-05,6.5676321304163e-22,5.8245241835554e-06,2.9790995603248e-06,0.0099975129477495,-4.9523201366642e-06,4.968172103194e-06,-4.2526094528546e-06,-5.1581275995997e-06,-3.0600351451565e-06,0.90003170395464,0.90001235520938,2.5,2.5,-4.6266432365627e-06,-0.00010000000000001
0.1675,0,0.60264769154394,0.60264769154394,0.99996588091598,0.99993599677367,0.99997970368356,0.99997120470794,2.2160478458498e-05,6.5455656906637e-22,5.821894310503e-06,2.9806046102927e-06,0.0099975068250611,-4.8981507463628e-06,4.9138294399209e-06,-4.2591592519571e-06,-5.1590767902918e-06,-3.0529896088446e-06,0.90003168916905,0.90001244091529,2.5,2.5,-4.631340260772e-06,-0.0001
0.16875,0,0.60264769154394,0.60264769154394,0.99996580804208,0.99993602669973,0.99997972499556,0.9999712183872,2.1918337662002e-05,6.5237405324628e-22,5.8192931731951e-06,2.9820932859274e-06,0.00999750076934,-4.8445768494245e-06,4.8600841656739e-06,-4.2656375610136e-06,-5.1600155908114e-06,-3.0460211336481e-06,0.90003167454505,0.90001252568641,2.5,2.5,-4.6359859109015e-06,-9.999999999999e-05
0.17,0,0.60264769154394,0.60264769154394,0.9999657359628,0.99993605629871,0.99997974607476,0.99997123191694,2.167883905035e-05,6.5021540099615e-22,5.816720458104e-06,2.9835657604024e-06,0.0099974947798504,-4.7915916689985e-06,4.806929482659e-06,-4.2720451540922e-06,-5.1609441159844e-06,-3.0391288727524e-06,0.90003166008087,0.90001260953282,2.5,2.5,-4.6405807514962e-06,-0.00010000000000001
0.17125,0,0.60264769154394,0.60264769154394,0.99996566466959,0.99993608557419,0.99997976692369,0.99997124529879,2.1441954072678e-05,6.4808035068618e-22,5.8141758550156e-06,2.9850222054797e-06,0.0099974888558648,-4.7391885229613e-06,4.754358688155e-06,-4.2783827973615e-06,-5.1618624792767e-06,-3.032311988965e-06,0.90003164577476,0.90001269246449,2.5,2.5,-4.6451253406921e-06,-9.9999999999996e-05
0.1725,0,0.60264769154394,0.60264769154394,0.999965594154,0.9999361145297,0.99997978754486,0.99997125853438,2.1207654464943e-05,6.4596864362054e-22,5.8116590571667e-06,2.9864627914084e-06,0.0099974829966637,-4.6873608214063e-06,4.7023651719362e-06,-4.2846512491383e-06,-5.1627707928253e-06,-3.0255696545386e-06,0.90003163162501,0.90001277449129,2.5,2.5,-4.6496202303068e-06,-0.00010000000000001
0.17375,0,0.60264769154394,0.60264769154394,0.99996552440766,0.99993614316874,0.99997980794075,0.99997127162529,2.0975912248663e-05,6.4388002398156e-22,5.8091697610364e-06,2.9878876869682e-06,0.0099974772015362,-4.6361020643684e-06,4.6509424137675e-06,-4.2908512599283e-06,-5.163669167458e-06,-3.0189010511162e-06,0.9000316176299,0.90001285562299,2.5,2.5,-4.6540659659241e-06,-9.9999999999993e-05
0.175,0,0.60264769154394,0.60264769154394,0.99996545542226,0.99993617149477,0.99997982811382,0.99997128457312,2.0746699729678e-05,6.4181423879851e-22,5.8067076664348e-06,2.9892970594649e-06,0.0099974714697789,-4.5854058390269e-06,4.6000839809893e-06,-4.2969835724785e-06,-5.1645577127156e-06,-3.0123053695298e-06,0.90003160378774,0.90001293586927,2.5,2.5,-4.6584630869786e-06,-0.0001
0.17625,0,0.60264769154394,0.60264769154394,0.99996538718958,0.99993619951122,0.99997984806648,0.99997129737943,2.0519989496615e-05,6.3977103792361e-22,5.8042724764112e-06,2.9906910747218e-06,0.0099974658006966,-4.5352658179408e-06,4.5497835264018e-06,-4.3030489218214e-06,-5.1654365368693e-06,-3.005781809744e-06,0.90003159009686,0.90001301523971,2.5,2.5,-4.662812126837e-06,-0.00010000000000001
0.1775,0,0.60264769154394,0.60264769154394,0.99996531970151,0.99993622722146,0.99997986780116,0.99997131004576,2.0295754419499e-05,6.3775017398519e-22,5.8018638972161e-06,2.9920698969735e-06,0.0099974601936019,-4.4856757565288e-06,4.5000347859949e-06,-4.3090480353373e-06,-5.1663057469418e-06,-2.9993295806846e-06,0.9000315765556,0.90001309374378,2.5,2.5,-4.6671136128776e-06,-9.9999999999991e-05
0.17875,0,0.60264769154394,0.60264769154394,0.99996525294998,0.99993625462884,0.99997988732022,0.99997132257365,2.0073967647849e-05,6.3575140234506e-22,5.7994816383326e-06,2.9934336890047e-06,0.009997454647815,-4.4366294915184e-06,4.4508315771829e-06,-4.3149816327989e-06,-5.1671654487278e-06,-2.9929479001482e-06,0.90003156316234,0.90001317139088,2.5,2.5,-4.6713680665687e-06,-9.9999999999995e-05
0.18,0,0.60264769154394,0.60264769154394,0.99996518692703,0.99993628173667,0.99997990662601,0.99997133496461,1.9854602609181e-05,6.3377448110313e-22,5.7971254123441e-06,2.994782612069e-06,0.0099974491626639,-4.3881209385645e-06,4.4021677966536e-06,-4.3208504264355e-06,-5.1680157468072e-06,-2.9866359946816e-06,0.90003154991545,0.90001324819029,2.5,2.5,-4.6755760035436e-06,-9.9999999999999e-05
0.18125,0,0.60264769154394,0.60264769154394,0.99996512162477,0.99993630854823,0.99997992572086,0.99997134722014,1.9637633007022e-05,6.3181917102049e-22,5.7947949349735e-06,2.9961168258534e-06,0.0099974437374838,-4.3401440910847e-06,4.3540374188835e-06,-4.3266551209839e-06,-5.168856744567e-06,-2.9803930994874e-06,0.90003153681334,0.9000133241512,2.5,2.5,-4.6797379336762e-06,-0.00010000000000001
0.1825,0,0.60264769154394,0.60264769154394,0.9999650570354,0.99993633506676,0.99997994460708,0.99997135934172,1.9423032819009e-05,6.2988523551176e-22,5.7924899250413e-06,2.9974364885124e-06,0.0099974383716175,-4.2926930177964e-06,4.3064344941053e-06,-4.332396413755e-06,-5.1696885442147e-06,-2.9742184582736e-06,0.90003152385442,0.90001339928272,2.5,2.5,-4.6838543611519e-06,-9.9999999999987e-05
0.18375,0,0.60264769154394,0.60264769154394,0.99996499315117,0.99993636129546,0.99997996328693,0.99997137133081,1.9210776295017e-05,6.2797244059975e-22,5.7902101044527e-06,2.9987417567337e-06,0.0099974330644152,-4.2457618619759e-06,4.2593531470926e-06,-4.3380749946849e-06,-5.1705112468016e-06,-2.9681113231877e-06,0.90003151103713,0.90001347359385,2.5,2.5,-4.6879257845406e-06,-0.00010000000000001
0.185,0,0.60264769154394,0.60264769154394,0.99996492996445,0.9999363872375,0.99997998176267,0.99997138318886,1.900083795509e-05,6.2608055490647e-22,5.787955198041e-06,3.0000327856266e-06,0.0099974278152341,-4.1993448391387e-06,4.2127875752037e-06,-4.3436915464041e-06,-5.171324952229e-06,-2.9620709547008e-06,0.90003149835992,0.90001354709349,2.5,2.5,-4.6919526968642e-06,-9.9999999999994e-05
0.18625,0,0.60264769154394,0.60264769154394,0.99996486746767,0.99993641289601,0.99998000003653,0.99997139491731,1.8793192587211e-05,6.2420934959718e-22,5.7857249337399e-06,3.0013097287977e-06,0.0099974226234388,-4.1534362361477e-06,4.1667320472534e-06,-4.349246744296e-06,-5.1721297592745e-06,-2.9560966215011e-06,0.90003148582127,0.90001361979047,2.5,2.5,-4.695935585667e-06,-0.0001
0.1875,0,0.60264769154394,0.60264769154394,0.99996480565334,0.99993643827409,0.99998001811071,0.99997140651757,1.8587815245511e-05,6.2235859837645e-22,5.7835190423933e-06,3.0025727383069e-06,0.0099974174884008,-4.1080304094199e-06,4.1211809019485e-06,-4.3547412565584e-06,-5.1729257655947e-06,-2.9501876003823e-06,0.90003147341964,0.90001369169351,2.5,2.5,-4.6998749330805e-06,-0.00010000000000001
0.18875,0,0.60264769154394,0.60264769154394,0.99996474451403,0.9999364633748,0.99998003598739,0.99997141799104,1.838468124774e-05,6.2052807742449e-22,5.7813372577313e-06,3.0038219647425e-06,0.0099974124094986,-4.0631217839918e-06,4.0761285466625e-06,-4.3601757442695e-06,-5.1737130677541e-06,-2.9443431761597e-06,0.90003146115356,0.90001376281124,2.5,2.5,-4.703771215891e-06,-9.9999999999985e-05
0.19,0,0.60264769154394,0.60264769154394,0.99996468404243,0.99993648820118,0.99998005366872,0.99997142933912,1.8183766173315e-05,6.1871756539867e-22,5.7791793164766e-06,3.0050575571288e-06,0.0099974073861175,-4.0187048518905e-06,4.0315694559885e-06,-4.3655508614487e-06,-5.17449176123e-06,-2.9385626415977e-06,0.90003144902153,0.9000138331522,2.5,2.5,-4.7076249056022e-06,-0.00010000000000001
0.19125,0,0.60264769154394,0.60264769154394,0.99996462423126,0.99993651275622,0.99998007115685,0.99997144056316,1.798504586099e-05,6.1692684340098e-22,5.7770449581224e-06,3.0062796629956e-06,0.0099974024176498,-3.9747741711093e-06,3.9874981707941e-06,-4.3708672551225e-06,-5.1752619404283e-06,-2.932845297251e-06,0.90003143702209,0.90001390272485,2.5,2.5,-4.7114364684997e-06,-9.9999999999995e-05
0.1925,0,0.60264769154394,0.60264769154394,0.99996456507335,0.9999365370429,0.99998008845387,0.99997145166453,1.7788496406666e-05,6.151556949295e-22,5.7749339250959e-06,3.0074884284193e-06,0.0099973975034943,-3.9313243643771e-06,3.9439092967303e-06,-4.3761255653918e-06,-5.1760236986978e-06,-2.9271904514314e-06,0.9000314251538,0.90001397153755,2.5,2.5,-4.7152063657122e-06,-9.9999999999997e-05
0.19375,0,0.60264769154394,0.60264769154394,0.99996450656159,0.99993656106414,0.99998010556187,0.99997146264456,1.7594094161029e-05,6.1340390587382e-22,5.7728459625553e-06,3.0086839979186e-06,0.0099973926430567,-3.8883501181347e-06,3.9007975034165e-06,-4.3813264254869e-06,-5.1767771283464e-06,-2.9215974200931e-06,0.90003141341521,0.90001403959857,2.5,2.5,-4.7189350532735e-06,-0.00010000000000001
0.195,0,0.60264769154394,0.60264769154394,0.99996444868895,0.99993658482285,0.99998012248292,0.99997147350459,1.7401815727358e-05,6.116712644751e-22,5.7707808184604e-06,3.0098665145901e-06,0.009997387835749,-3.8458461813388e-06,3.8581575231955e-06,-4.3864704618461e-06,-5.1775223206524e-06,-2.9160655267267e-06,0.90003140180492,0.90001410691609,2.5,2.5,-4.7226229821814e-06,-9.9999999999989e-05
0.19625,0,0.60264769154394,0.60264769154394,0.99996439144847,0.99993660832189,0.99998013921906,0.99997148424593,1.7211637959179e-05,6.0995756130389e-22,5.7687382435213e-06,3.0110361200178e-06,0.0099973830809898,-3.8038073645477e-06,3.8159841501079e-06,-4.3915582941684e-06,-5.1782593658733e-06,-2.9105941023112e-06,0.90003139032152,0.90001417349823,2.5,2.5,-4.7262705984577e-06,-0.00010000000000001
0.1975,0,0.60264769154394,0.60264769154394,0.99996433483327,0.99993663156411,0.99998015577231,0.99997149486987,1.7023537957933e-05,6.0826258923238e-22,5.7667179911742e-06,3.012192954329e-06,0.0099973783782041,-3.7622285387444e-06,3.7742722389017e-06,-4.3965905354854e-06,-5.1789883532655e-06,-2.9051824851936e-06,0.90003137896362,0.90001423935298,2.5,2.5,-4.7298783432056e-06,-0.0001
0.19875,0,0.60264769154394,0.60264769154394,0.99996427883654,0.9999366545523,0.99998017214466,0.99997150537769,1.6837493070693e-05,6.0658614340264e-22,5.764719817501e-06,3.0133371561651e-06,0.0099973737268233,-3.7211046346135e-06,3.7330167041622e-06,-4.4015677922245e-06,-5.1797093710912e-06,-2.8998300209979e-06,0.90003136772985,0.90001430448828,2.5,2.5,-4.7334466526671e-06,-9.9999999999995e-05
0.2,0,0.60264769154394,0.60264769154394,0.99996422345154,0.99993667728925,0.99998018833809,0.99997151577067,1.6653480887818e-05,6.0492802121632e-22,5.7627434813031e-06,3.014468862818e-06,0.009997369126285,-3.6804306414657e-06,3.6922125192472e-06,-4.4064906642716e-06,-5.1804225066349e-06,-2.894536062581e-06,0.90003135661886,0.90001436891196,2.5,2.5,-4.7369759582793e-06,-9.9999999999999e-05
0.20125,0,0.60264769154394,0.60264769154394,0.99996416867161,0.99993669977771,0.99998020435456,0.99997152605006,1.6471479240668e-05,6.0328802229414e-22,5.7607887439425e-06,3.0155882100432e-06,0.009997364576033,-3.6402016063507e-06,3.6518547155193e-06,-4.4113597450377e-06,-5.1811278462101e-06,-2.8892999699044e-06,0.9000313456293,0.90001443263179,2.5,2.5,-4.7404666867298e-06,-0.0001
0.2025,0,0.60264769154394,0.60264769154394,0.99996411449016,0.99993672202038,0.999980220196,0.99997153621711,1.6291466199189e-05,6.0166594845001e-22,5.7588553695005e-06,3.0166953322093e-06,0.0099973600755172,-3.6004126333107e-06,3.61193838136e-06,-4.4161756215271e-06,-5.1818254751775e-06,-2.8841211099868e-06,0.90003133475985,0.90001449565544,2.5,2.5,-4.743919260011e-06,-9.9999999999995e-05
0.20375,0,0.60264769154394,0.60264769154394,0.99996406090065,0.99993674401996,0.99998023586432,0.99997154627303,1.6113420069659e-05,6.0006160368142e-22,5.7569431244794e-06,3.0177903622736e-06,0.0099973556241936,-3.5610588822547e-06,3.5724586613905e-06,-4.4209388743928e-06,-5.1825154779481e-06,-2.8789988567869e-06,0.9000313240092,0.9000145579905,2.5,2.5,-4.7473340954742e-06,-0.00010000000000001
0.205,0,0.60264769154394,0.60264769154394,0.99996400789664,0.9999367657791,0.9999802513614,0.99997155621905,1.5937319392373e-05,5.9847479413406e-22,5.7550517780255e-06,3.0188734317731e-06,0.0099973512215241,-3.5221355686314e-06,3.533410755725e-06,-4.4256500780065e-06,-5.1831979380037e-06,-2.8739325911765e-06,0.90003131337603,0.90001461964448,2.5,2.5,-4.7507116058825e-06,-9.9999999999992e-05
0.20625,0,0.60264769154394,0.60264769154394,0.99996395547174,0.99993678730043,0.99998026668913,0.99997156605637,1.5763142939263e-05,5.9690532807441e-22,5.7531811018051e-06,3.0199446709016e-06,0.0099973468669767,-3.483637962132e-06,3.494789919059e-06,-4.4303098005241e-06,-5.1838729379023e-06,-2.8689217008062e-06,0.90003130285908,0.90001468062481,2.5,2.5,-4.7540521994628e-06,-0.0001
0.2075,0,0.60264769154394,0.60264769154394,0.99996390361964,0.99993680858655,0.99998028184935,0.99997157578617,1.5590869711651e-05,5.953530158742e-22,5.7513308699415e-06,3.0210042084159e-06,0.0099973425600249,-3.4455613862524e-06,3.4565914599517e-06,-4.434918603943e-06,-5.1845405592888e-06,-2.8639655800626e-06,0.90003129245707,0.90001474093883,2.5,2.5,-4.7573562799577e-06,-9.9999999999995e-05
0.20875,0,0.60264769154394,0.60264769154394,0.99996385233409,0.99993682964003,0.99998029684389,0.99997158540963,1.5420478937912e-05,5.9381766998319e-22,5.7495008590384e-06,3.0220521717373e-06,0.0099973383001484,-3.4079012174224e-06,3.4188107401361e-06,-4.4394770441695e-06,-5.1852008829061e-06,-2.8590636299857e-06,0.90003128216875,0.90001480059383,2.5,2.5,-4.760624246676e-06,-9.9999999999998e-05
0.21,0,0.60264769154394,0.60264769154394,0.99996380160891,0.99993685046341,0.99998031167457,0.99997159492792,1.5251950071182e-05,5.9229910491229e-22,5.7476908481422e-06,3.0230886869199e-06,0.0099973340868323,-3.3706528843339e-06,3.3814431736922e-06,-4.4439856710821e-06,-5.185853988611e-06,-2.8542152581893e-06,0.90003127199286,0.90001485959699,2.5,2.5,-4.7638564945427e-06,-0.00010000000000001
0.21125,0,0.60264769154394,0.60264769154394,0.99996375143798,0.99993687105921,0.99998032634316,0.99997160434217,1.5085262787099e-05,5.907971371927e-22,5.7459006186852e-06,3.0241138786944e-06,0.0099973299195675,-3.3338118671484e-06,3.344484226435e-06,-4.4484450285905e-06,-5.1864999553766e-06,-2.8494198787747e-06,0.9000312619282,0.90001491795542,2.5,2.5,-4.7670534141488e-06,-9.9999999999998e-05
0.2125,0,0.60264769154394,0.60264769154394,0.99996370181526,0.99993689142992,0.99998034085145,0.99997161365354,1.4920396981497e-05,5.893115853801e-22,5.7441299545224e-06,3.0251278704321e-06,0.0099973257978504,-3.2973736970503e-06,3.3079294152009e-06,-4.4528556546985e-06,-5.1871388613073e-06,-2.8446769122991e-06,0.90003125197352,0.90001497567616,2.5,2.5,-4.7702153918e-06,-9.9999999999998e-05
0.21375,0,0.60264769154394,0.60264769154394,0.99996365273476,0.99993691157799,0.99998035520118,0.99997162286313,1.4757332768195e-05,5.8784227000304e-22,5.7423786418651e-06,3.0261307841911e-06,0.0099973217211829,-3.2613339551879e-06,3.2717743071189e-06,-4.4572180815687e-06,-5.1877707836452e-06,-2.8399857856558e-06,0.90003124212765,0.90001503276618,2.5,2.5,-4.7733428095643e-06,-9.9999999999998e-05
0.215,0,0.60264769154394,0.60264769154394,0.99996360419058,0.99993693150585,0.99998036939409,0.99997163197208,1.4596050476701e-05,5.8638901356385e-22,5.7406464692083e-06,3.027122740739e-06,0.0099973176890726,-3.2256882723577e-06,3.2360145190349e-06,-4.4615328355778e-06,-5.1883957987881e-06,-2.8353459320184e-06,0.90003123238938,0.90001508923234,2.5,2.5,-4.7764360453201e-06,-0.0001
0.21625,0,0.60264769154394,0.60264769154394,0.99996355617684,0.99993695121592,0.99998038343188,0.99997164098147,1.4436530650001e-05,5.8495164051086e-22,5.7389332274095e-06,3.028103859512e-06,0.0099973137010322,-3.1904323283043e-06,3.2006457168509e-06,-4.4658004373848e-06,-5.1890139822862e-06,-2.8307567907933e-06,0.90003122275755,0.90001514508148,2.5,2.5,-4.7794954728029e-06,-9.9999999999997e-05
0.2175,0,0.60264769154394,0.60264769154394,0.99996350868777,0.99993697071058,0.99998039731627,0.99997164989239,1.4278754042361e-05,5.8352997720893e-22,5.7372387096356e-06,3.0290742587233e-06,0.0099973097565799,-3.1555618508899e-06,3.1656636148548e-06,-4.470021401982e-06,-5.1896254088638e-06,-2.8262178075261e-06,0.90003121323098,0.90001520032032,2.5,2.5,-4.7825214616516e-06,-0.00010000000000001
0.21875,0,0.60264769154394,0.60264769154394,0.99996346171764,0.99993698999218,0.99998041104891,0.99997165870593,1.4122701617086e-05,5.8212385192633e-22,5.7355627111833e-06,3.0300340552695e-06,0.0099973058552391,-3.1210726157365e-06,3.131063975177e-06,-4.4741962387626e-06,-5.1902301524217e-06,-2.8217284338158e-06,0.90003120380853,0.90001525495553,2.5,2.5,-4.7855143774538e-06,-9.9999999999985e-05
0.22,0,0.60264769154394,0.60264769154394,0.99996341526078,0.99993700906304,0.99998042463147,0.99997166742314,1.396835454438e-05,5.807330948114e-22,5.7339050297673e-06,3.0309833647783e-06,0.0099973019965385,-3.0869604455917e-06,3.096842607155e-06,-4.4783254515771e-06,-5.1908282860528e-06,-2.8172881273156e-06,0.90003119448906,0.9000153089937,2.5,2.5,-4.7884745817918e-06,-0.00010000000000001
0.22125,0,0.60264769154394,0.60264769154394,0.99996336931158,0.99993702792548,0.99998043806559,0.99997167604507,1.3815694199155e-05,5.7935753786819e-22,5.7322654651524e-06,3.0319223016886e-06,0.009997298180012,-3.0532212095405e-06,3.0629953667643e-06,-4.4824095387886e-06,-5.1914198820425e-06,-2.8128963515732e-06,0.90003118527144,0.90001536244134,2.5,2.5,-4.7914024322863e-06,-0.00010000000000001
0.2225,0,0.60264769154394,0.60264769154394,0.99996332386451,0.99993704658176,0.99998045135288,0.99997168457278,1.3664702158848e-05,5.7799701494209e-22,5.7306438193762e-06,3.0328509791182e-06,0.0099972944051985,-3.0198508226389e-06,3.0295181559958e-06,-4.4864489933378e-06,-5.1920050118838e-06,-2.8085525760345e-06,0.90003117615456,0.90001541530491,2.5,2.5,-4.7942982826411e-06,-0.0001
0.22375,0,0.60264769154394,0.60264769154394,0.99996327891408,0.99993706503415,0.99998046449497,0.99997169300729,1.351536020135e-05,5.7665136169907e-22,5.7290398966007e-06,3.0337695090482e-06,0.0099972906716419,-2.9868452453875e-06,2.9964069223638e-06,-4.4904443027933e-06,-5.1925837462876e-06,-2.8042562759703e-06,0.90003116713733,0.90001546759079,2.5,2.5,-4.7971624826859e-06,-9.9999999999993e-05
0.225,0,0.60264769154394,0.60264769154394,0.99996323445486,0.99993708328487,0.99998047749342,0.99997170134961,1.3367650302813e-05,5.7532041559615e-22,5.7274535031993e-06,3.034678002224e-06,0.0099972869788913,-2.9542004828787e-06,2.9636576583049e-06,-4.4943959494162e-06,-5.1931561551839e-06,-2.8000069323713e-06,0.90003115821864,0.90001551930528,2.5,2.5,-4.79999537842e-06,-9.9999999999995e-05
0.22625,0,0.60264769154394,0.60264769154394,0.9999631904815,0.99993710133612,0.99998049034982,0.99997170960076,1.3221554635607e-05,5.7400401588171e-22,5.7258844475273e-06,3.0355765681471e-06,0.0099972833265006,-2.9219125846581e-06,2.9312664006876e-06,-4.4983044102108e-06,-5.19372230774e-06,-2.7958040319199e-06,0.90003114939743,0.90001557045463,2.5,2.5,-4.8027973120541e-06,-0.0001
0.2275,0,0.60264769154394,0.60264769154394,0.99996314698869,0.99993711919009,0.99998050306571,0.99997171776172,1.307705556623e-05,5.7270200354254e-22,5.7243325401687e-06,3.0364653152297e-06,0.0099972797140285,-2.889977643944e-06,2.8992292302389e-06,-4.5021701569837e-06,-5.1942822723646e-06,-2.7916470669237e-06,0.90003114067263,0.900015621045,2.5,2.5,-4.8055686220528e-06,-0.0001
0.22875,0,0.60264769154394,0.60264769154394,0.99996310397117,0.99993713684892,0.99998051564263,0.9999717258335,1.2934135653195e-05,5.7141422133106e-22,5.7227975936744e-06,3.0373443505845e-06,0.0099972761410388,-2.8583917970382e-06,2.8675422709547e-06,-4.5059936563991e-06,-5.194836116714e-06,-2.7875355352318e-06,0.90003113204318,0.90001567108251,2.5,2.5,-4.8083096431755e-06,-0.0001
0.23,0,0.60264769154394,0.60264769154394,0.99996306142376,0.99993715431477,0.9999805280821,0.99997173381706,1.2792777645035e-05,5.7014051369304e-22,5.7212794227292e-06,3.0382137802903e-06,0.0099972726070998,-2.8271512232182e-06,2.8362016898042e-06,-4.5097753700322e-06,-5.1953839077036e-06,-2.7834689402256e-06,0.90003112350804,0.9000157205732,2.5,2.5,-4.8110207065177e-06,-9.9999999999997e-05
0.23125,0,0.60264769154394,0.60264769154394,0.99996301934132,0.99993717158972,0.99998054038561,0.99997174171336,1.2652964478272e-05,5.6888072679882e-22,5.719777843961e-06,3.0390737091969e-06,0.0099972691117846,-2.7962521435872e-06,2.8052036959206e-06,-4.513515754428e-06,-5.1959257115162e-06,-2.7794467906738e-06,0.90003111506619,0.90001576952303,2.5,2.5,-4.8137021395515e-06,-9.9999999999996e-05
0.2325,0,0.60264769154394,0.60264769154394,0.99996297771878,0.99993718867588,0.99998055255466,0.99997174952337,1.2514679275356e-05,5.6763470848338e-22,5.7182926760674e-06,3.0399242410301e-06,0.0099972656546711,-2.7656908212693e-06,2.7745445404214e-06,-4.5172152611495e-06,-5.1964615936099e-06,-2.7754686007487e-06,0.9000311067166,0.90001581793791,2.5,2.5,-4.8163542661651e-06,-0.0001
0.23375,0,0.60264769154394,0.60264769154394,0.9999629365511,0.99993720557529,0.99998056459072,0.99997175724801,1.2377905342736e-05,5.6640230825275e-22,5.7168237397069e-06,3.0407654783898e-06,0.0099972622353416,-2.7354635604642e-06,2.7442205156691e-06,-4.520874336837e-06,-5.1969916187233e-06,-2.7715338899456e-06,0.90003109845826,0.9000158658237,2.5,2.5,-4.8189774067028e-06,-9.9999999999998e-05
0.235,0,0.60264769154394,0.60264769154394,0.99996289583332,0.99993722229001,0.99998057649523,0.99997176488824,1.2242626168861e-05,5.6518337727016e-22,5.715370857432e-06,3.0415975228167e-06,0.0099972588533832,-2.7055667060104e-06,2.7142279548675e-06,-4.5244934232573e-06,-5.1975158508871e-06,-2.7676421829982e-06,0.90003109029018,0.90001591318617,2.5,2.5,-4.8215718780043e-06,-0.0001
0.23625,0,0.60264769154394,0.60264769154394,0.99996285556053,0.99993723882206,0.99998058826964,0.99997177244496,1.2108825422205e-05,5.6397776830128e-22,5.7139338538724e-06,3.0424204746291e-06,0.0099972555083874,-2.6759966431832e-06,2.6845632317232e-06,-4.5280729573586e-06,-5.1980343534322e-06,-2.7637930098332e-06,0.90003108221137,0.90001596003103,2.5,2.5,-4.8241379934421e-06,-9.9999999999988e-05
0.2375,0,0.60264769154394,0.60264769154394,0.99996281572786,0.99993725517342,0.99998059991537,0.99997177991909,1.1976486949345e-05,5.6278533574647e-22,5.7125125554565e-06,3.0432344331855e-06,0.0099972521999502,-2.6467497970348e-06,2.6552227597813e-06,-4.5316133713194e-06,-5.1985471889945e-06,-2.7599859055586e-06,0.90003107422085,0.90001600636394,2.5,2.5,-4.8266760629615e-06,-0.0001
0.23875,0,0.60264769154394,0.60264769154394,0.99996277633051,0.99993727134607,0.99998061143382,0.99997178731154,1.1845594773089e-05,5.6160593558413e-22,5.7111067905366e-06,3.0440394966759e-06,0.0099972489276719,-2.6178226317588e-06,2.6262029920311e-06,-4.5351150926045e-06,-5.1990544195235e-06,-2.7562204103255e-06,0.90003106631767,0.9000160521905,2.5,2.5,-4.8291863931164e-06,-0.00010000000000001
0.24,0,0.60264769154394,0.60264769154394,0.99996273736372,0.99993728734198,0.99998062282638,0.99997179462319,1.1716133090516e-05,5.6043942537465e-22,5.7097163893597e-06,3.0448357622514e-06,0.0099972456911573,-2.5892116506999e-06,2.5975004205621e-06,-4.5385785440124e-06,-5.1995561062917e-06,-2.7524960693389e-06,0.90003105850085,0.90001609751624,2.5,2.5,-4.8316692871082e-06,-9.9999999999994e-05
0.24125,0,0.60264769154394,0.60264769154394,0.99996269882278,0.99993730316306,0.99998063409444,0.99997180185493,1.1588086271078e-05,5.5928566423086e-22,5.7083411840131e-06,3.0456233260401e-06,0.0099972424900156,-2.5609133954383e-06,2.5691115759274e-06,-4.5420041437263e-06,-5.2000523098991e-06,-2.7488124327661e-06,0.90003105076947,0.90001614234662,2.5,2.5,-4.8341250448214e-06,-9.9999999999998e-05
0.2425,0,0.60264769154394,0.60264769154394,0.99996266070304,0.99993731881123,0.99998064523934,0.99997180900764,1.1461438854854e-05,5.5814451280787e-22,5.7069810084362e-06,3.0464022830661e-06,0.00999723932386,-2.532924445708e-06,2.5410330268985e-06,-4.5453923053666e-06,-5.2005430902867e-06,-2.7451690557047e-06,0.90003104312259,0.90001618668707,2.5,2.5,-4.8365539628611e-06,-0.0001
0.24375,0,0.60264769154394,0.60264769154394,0.99996262299991,0.99993733428837,0.99998065626244,0.99997181608217,1.1336175550576e-05,5.5701583328603e-22,5.7056356983723e-06,3.0471727273258e-06,0.0099972361923083,-2.5052414187804e-06,2.5132613799039e-06,-4.5487434380352e-06,-5.2010285067343e-06,-2.741565498118e-06,0.90003103555928,0.90001623054293,2.5,2.5,-4.8389563345882e-06,-9.9999999999991e-05
0.245,0,0.60264769154394,0.60264769154394,0.99996258570882,0.99993734959637,0.99998066716507,0.99997182307939,1.1212281233905e-05,5.5589948934858e-22,5.7043050913469e-06,3.0479347518748e-06,0.009997233094982,-2.4778609689659e-06,2.4857932786065e-06,-4.5520579463712e-06,-5.2015086178753e-06,-2.7380013247688e-06,0.90003102807864,0.90001627391951,2.5,2.5,-4.8413324501557e-06,-0.0001
0.24625,0,0.60264769154394,0.60264769154394,0.99996254882528,0.99993736473706,0.99998067794855,0.99997183000013,1.1089740945504e-05,5.5479534617682e-22,5.7029890266717e-06,3.048688448624e-06,0.0099972300315073,-2.4507797874386e-06,2.4586254035719e-06,-4.5553362305947e-06,-5.2019834817016e-06,-2.7344761051864e-06,0.90003102067975,0.90001631682203,2.5,2.5,-4.8436825965431e-06,-0.00010000000000001
0.2475,0,0.60264769154394,0.60264769154394,0.99996251234483,0.99993737971228,0.99998068861417,0.99997183684523,1.0968539889434e-05,5.5370327041698e-22,5.7016873454161e-06,3.0494339085739e-06,0.0099972270015141,-2.4239946016408e-06,2.4317544717588e-06,-4.5585786865542e-06,-5.2024531555703e-06,-2.7309894136079e-06,0.90003101336172,0.90001635925567,2.5,2.5,-4.8460070575922e-06,-9.9999999999994e-05
0.24875,0,0.60264769154394,0.60264769154394,0.99996247626307,0.99993739452383,0.99998069916323,0.99997184361552,1.0848663431203e-05,5.5262313017878e-22,5.7003998903719e-06,3.0501712217134e-06,0.0099972240046363,-2.3975021749862e-06,2.4051772361904e-06,-4.5617857057776e-06,-5.202917696212e-06,-2.7275408289409e-06,0.90003100612368,0.90001640122557,2.5,2.5,-4.8483061140411e-06,-0.00010000000000001
0.25,0,0.60264769154394,0.60264769154394,0.99996244057565,0.9999374091735,0.99998070959699,0.99997185031182,1.0730097096131e-05,5.5155479500644e-22,5.6991265061089e-06,3.0509004770488e-06,0.0099972210405122,-2.3712993061725e-06,2.3788904854227e-06,-4.5649576755167e-06,-5.2033771597347e-06,-2.7241299346637e-06,0.90003099896474,0.90001644273679,2.5,2.5,-4.8505800435576e-06,-9.9999999999993e-05
0.25125,0,0.60264769154394,0.60264769154394,0.99996240527825,0.99993742366307,0.99998071991672,0.99997185693493,1.0612826567522e-05,5.5049813588287e-22,5.6978670388049e-06,3.0516217625922e-06,0.0099972181087837,-2.3453828292818e-06,2.3528910433204e-06,-4.568094978793e-06,-5.203831601634e-06,-2.7207563188392e-06,0.90003099188404,0.90001648379433,2.5,2.5,-4.852829120774e-06,-0.00010000000000002
0.2525,0,0.60264769154394,0.60264769154394,0.99996237036661,0.99993743799427,0.99998073012367,0.99997186348566,1.0496837685086e-05,5.4945302519295e-22,5.6966213363648e-06,3.0523351654399e-06,0.0099972152090967,-2.3197496129891e-06,2.3271757685524e-06,-4.5711979944468e-06,-5.2042810767976e-06,-2.7174195740206e-06,0.90003098488072,0.90001652440316,2.5,2.5,-4.8550536173198e-06,-9.9999999999986e-05
0.25375,0,0.60264769154394,0.60264769154394,0.99996233583651,0.99993745216885,0.99998074021906,0.99997186996479,1.0382116443081e-05,5.4841933671831e-22,5.6953892483632e-06,3.0530407717329e-06,0.0099972123411009,-2.294396560225e-06,2.301741554161e-06,-4.5742670971802e-06,-5.2047256395146e-06,-2.7141192972207e-06,0.90003097795395,0.90001656456819,2.5,2.5,-4.8572538018544e-06,-9.9999999999985e-05
0.255,0,0.60264769154394,0.60264769154394,0.99996230168379,0.99993746618852,0.99998075020413,0.99997187637312,1.0268648988782e-05,5.4739694561546e-22,5.6941706260224e-06,3.0537386666208e-06,0.0099972095044502,-2.269320607946e-06,2.2765853272945e-06,-4.5773026576005e-06,-5.2051653434783e-06,-2.7108550898474e-06,0.90003097110288,0.90001660429425,2.5,2.5,-4.8594299401001e-06,-0.00010000000000002
0.25625,0,0.60264769154394,0.60264769154394,0.99996226790433,0.99993748005495,0.99998076008006,0.9999718827114,1.0156421620685e-05,5.46385728415e-22,5.6929653221417e-06,3.0544289343907e-06,0.0099972066988018,-2.2445187266533e-06,2.2517040487362e-06,-4.5803050422698e-06,-5.2056002417954e-06,-2.707626557687e-06,0.90003096432669,0.90001664358615,2.5,2.5,-4.861582294874e-06,-9.9999999999998e-05
0.2575,0,0.60264769154394,0.60264769154394,0.99996223449404,0.99993749376985,0.99998076984806,0.99997188898041,1.0045420786971e-05,5.4538556299382e-22,5.691773191189e-06,3.0551116583677e-06,0.0099972039238169,-2.2199879200662e-06,2.2270947126366e-06,-4.5832746137471e-06,-5.2060303869929e-06,-2.704433310822e-06,0.90003095762456,0.90001668244864,2.5,2.5,-4.8637111261201e-06,-9.9999999999989e-05
0.25875,0,0.60264769154394,0.60264769154394,0.99996220144889,0.99993750733484,0.9999807795093,0.99997189518091,9.9356330838073e-06,5.4439632856139e-22,5.6905940891934e-06,3.0557869209667e-06,0.0099972011791603,-2.1957252246303e-06,2.2027543459758e-06,-4.5862117306255e-06,-5.2064558310213e-06,-2.7012749635923e-06,0.90003095099567,0.9000167208864,2.5,2.5,-4.8658166909403e-06,-0.0001
0.26,0,0.60264769154394,0.60264769154394,0.99996216876489,0.99993752075159,0.99998078906495,0.99997190131364,9.8270452538009e-06,5.4341790564479e-22,5.6894278737465e-06,3.056454803735e-06,0.0099971984645007,-2.1717277093671e-06,2.1786800083681e-06,-4.5891167475866e-06,-5.2068766252645e-06,-2.6981511345582e-06,0.90003094443923,0.90001675890407,2.5,2.5,-4.867899243626e-06,-0.0001
0.26125,0,0.60264769154394,0.60264769154394,0.99996213643809,0.9999375340217,0.99998079851617,0.99997190737935,9.7196441843164e-06,5.4245017608541e-22,5.688274404031e-06,3.057115387322e-06,0.0099971957795101,-2.1479924753622e-06,2.154868791592e-06,-4.5919900154338e-06,-5.2072928205445e-06,-2.6950614464666e-06,0.90003093795445,0.90001679650625,2.5,2.5,-4.869959035689e-06,-0.00010000000000001
0.2625,0,0.60264769154394,0.60264769154394,0.99996210446459,0.99993754714678,0.9999808078641,0.99997191337876,9.6134169059889e-06,5.4149302300942e-22,5.6871335407348e-06,3.0577687514613e-06,0.0099971931238643,-2.1245166552818e-06,2.1313178192129e-06,-4.5948318811384e-06,-5.2077044671264e-06,-2.6920055261664e-06,0.90003093154055,0.90001683369748,2.5,2.5,-4.8719963158909e-06,-9.999999999999e-05
0.26375,0,0.60264769154394,0.60264769154394,0.99996207284053,0.99993756012842,0.99998081710986,0.99997191931261,9.5083505911217e-06,5.4054633082643e-22,5.6860051460795e-06,3.0584149750433e-06,0.0099971904972425,-2.1012974134874e-06,2.1080242464536e-06,-4.5976426878838e-06,-5.2081116147295e-06,-2.6889830045885e-06,0.90003092519674,0.90001687048225,2.5,2.5,-4.8740113302746e-06,-9.9999999999999e-05
0.265,0,0.60264769154394,0.60264769154394,0.99996204156209,0.99993757296817,0.99998082625457,0.9999719251816,9.4044325521338e-06,5.3960998519936e-22,5.6848890838027e-06,3.0590541361072e-06,0.0099971878993276,-2.078331945091e-06,2.0849852594859e-06,-4.6004227751016e-06,-5.2085143125224e-06,-2.6859935167084e-06,0.90003091892226,0.90001690686499,2.5,2.5,-4.876004322193e-06,-0.00010000000000001
0.26625,0,0.60264769154394,0.60264769154394,0.99996201062549,0.9999375856676,0.99998083529934,0.99997193098645,9.3016502400943e-06,5.3868387305297e-22,5.6837852191118e-06,3.059686311814e-06,0.0099971853298058,-2.0556174761246e-06,2.062198075418e-06,-4.6031724785142e-06,-5.2089126091427e-06,-2.6830367014927e-06,0.90003091271636,0.90001694285011,2.5,2.5,-4.8779755323392e-06,-0.00010000000000001
0.2675,0,0.60264769154394,0.60264769154394,0.999961980027,0.99993759822823,0.99998084424526,0.99997193672785,9.1999912430963e-06,5.3776788254053e-22,5.6826934187365e-06,3.0603115785087e-06,0.0099971827883667,-2.033151262776e-06,2.0396599417109e-06,-4.6058921301784e-06,-5.2093065526939e-06,-2.6801122018377e-06,0.90003090657828,0.90001697844195,2.5,2.5,-4.8799251987749e-06,-9.9999999999992e-05
0.26875,0,0.60264769154394,0.60264769154394,0.99996194976293,0.99993761065159,0.99998085309341,0.99997194240651,9.0994432848774e-06,5.3686190303972e-22,5.6816135507685e-06,3.0609300117115e-06,0.0099971802747034,-2.010930591423e-06,2.0173681360304e-06,-4.6085820585221e-06,-5.2096961907518e-06,-2.67721966456e-06,0.90003090050729,0.9000170136448,2.5,2.5,-4.8818535569596e-06,-9.9999999999998e-05
0.27,0,0.60264769154394,0.60264769154394,0.99996191982961,0.99993762293917,0.99998086184485,0.99997194802311,8.9999942232943e-06,5.3596582513595e-22,5.6805454848453e-06,3.0615416860573e-06,0.0099971777885125,-1.9889527781402e-06,1.995319965837e-06,-4.6112425883819e-06,-5.2100815703761e-06,-2.6743587403285e-06,0.90003089450265,0.90001704846293,2.5,2.5,-4.8837608397795e-06,-0.0001
0.27125,0,0.60264769154394,0.60264769154394,0.99996189022343,0.99993763509246,0.99998087050065,0.99997195357832,8.9016320488841e-06,5.3507954061746e-22,5.6794890919378e-06,3.062146675443e-06,0.0099971753294935,-1.9672151681333e-06,1.9735127678724e-06,-4.6138740410511e-06,-5.2104627381074e-06,-2.6715290836426e-06,0.90003088856364,0.90001708290052,2.5,2.5,-4.8856472775744e-06,-9.9999999999992e-05
0.2725,0,0.60264769154394,0.60264769154394,0.99996186094082,0.99993764711292,0.99998087906185,0.99997195907282,8.8043448833425e-06,5.3420294244017e-22,5.6784442445165e-06,3.062745052897e-06,0.0099971728973496,-1.9457151359518e-06,1.9519439083195e-06,-4.6164767343062e-06,-5.2108397399805e-06,-2.6687303527469e-06,0.90003088268953,0.90001711696175,2.5,2.5,-4.887513098167e-06,-0.00010000000000001
0.27375,0,0.60264769154394,0.60264769154394,0.99996183197825,0.99993765900201,0.99998088752948,0.99997196450726,8.7081209781785e-06,5.3333592474922e-22,5.6774108163653e-06,3.0633368906727e-06,0.009997170491787,-1.9244500847817e-06,1.9306107819214e-06,-4.6190509824538e-06,-5.2112126215286e-06,-2.6659622096648e-06,0.90003087687962,0.90001715065072,2.5,2.5,-4.8893585268893e-06,-9.9999999999997e-05
0.275,0,0.60264769154394,0.60264769154394,0.9999618033322,0.99993767076117,0.99998089590457,0.99997196988232,8.61294871328e-06,5.3247838283295e-22,5.6763886826877e-06,3.0639222602618e-06,0.0099971681125152,-1.903417446052e-06,1.9095108120279e-06,-4.6215970963682e-06,-5.2115814277809e-06,-2.6632243200859e-06,0.90003087113321,0.9000171839715,2.5,2.5,-4.8911837866106e-06,-0.00010000000000001
0.27625,0,0.60264769154394,0.60264769154394,0.99996177499923,0.9999376823918,0.99998090418813,0.99997197519863,8.5188165954913e-06,5.3163021312544e-22,5.6753777200634e-06,3.0645012323261e-06,0.0099971657592468,-1.8826146794846e-06,1.8886414501575e-06,-4.6241153835245e-06,-5.2119462032812e-06,-2.6605163533525e-06,0.9000308654496,0.90001721692812,2.5,2.5,-4.8929890977642e-06,-9.9999999999999e-05
0.2775,0,0.60264769154394,0.60264769154394,0.99996174697592,0.99993769389532,0.99998091238115,0.99997198045683,8.4257132572424e-06,5.3079131319994e-22,5.6743778063915e-06,3.0650738767689e-06,0.0099971634316977,-1.8620392724673e-06,1.8680001756642e-06,-4.6266061480379e-06,-5.2123069920817e-06,-2.6578379824354e-06,0.90003085982811,0.90001724952455,2.5,2.5,-4.8947746783738e-06,-9.9999999999998e-05
0.27875,0,0.60264769154394,0.60264769154394,0.99996171925887,0.99993770527312,0.99998092048463,0.99997198565757,8.3336274551432e-06,5.2996158174514e-22,5.6733888209354e-06,3.0656402627737e-06,0.0099971611295868,-1.8416887400012e-06,1.8475844955799e-06,-4.6290696906993e-06,-5.2126638377558e-06,-2.6551888838841e-06,0.90003085426806,0.90001728176474,2.5,2.5,-4.8965407440801e-06,-9.9999999999996e-05
0.28,0,0.60264769154394,0.60264769154394,0.99996169184475,0.99993771652657,0.99998092849955,0.99997199080147,8.2425480686989e-06,5.2914091855329e-22,5.6724106441918e-06,3.0662004587255e-06,0.009997158852636,-1.8215606240361e-06,1.8273919440489e-06,-4.6315063090168e-06,-5.2130167833988e-06,-2.652568737751e-06,0.90003084876878,0.90001731365257,2.5,2.5,-4.8982875081668e-06,-0.00010000000000001
0.28125,0,0.60264769154394,0.60264769154394,0.99996166473024,0.99993772765703,0.99998093642687,0.99997199588915,8.152464098946e-06,5.2832922451412e-22,5.6714431581032e-06,3.066754532271e-06,0.0099971566005704,-1.8016524936626e-06,1.807420082316e-06,-4.6339162972431e-06,-5.2133658716355e-06,-2.6499772276177e-06,0.9000308433296,0.9000173451919,2.5,2.5,-4.9000151815868e-06,-9.9999999999994e-05
0.2825,0,0.60264769154394,0.60264769154394,0.99996163791206,0.99993773866584,0.99998094426755,0.99997200092122,8.0633646670223e-06,5.2752640160809e-22,5.6704862458215e-06,3.0673025502938e-06,0.009997154373118,-1.7819619444079e-06,1.7876664982153e-06,-4.6362999464184e-06,-5.2137111446262e-06,-2.647414040522e-06,0.90003083794986,0.90001737638653,2.5,2.5,-4.9017239729865e-06,-0.0001
0.28375,0,0.60264769154394,0.60264769154394,0.99996161138699,0.99993774955433,0.99998095202254,0.9999720058983,7.9752390130395e-06,5.2673235287692e-22,5.669539791771e-06,3.0678445790121e-06,0.0099971521700097,-1.7624865980853e-06,1.7681288059938e-06,-4.6386575444016e-06,-5.2140526440676e-06,-2.6448788669025e-06,0.90003083262892,0.90001740724024,2.5,2.5,-4.9034140887324e-06,-9.9999999999997e-05
0.285,0,0.60264769154394,0.60264769154394,0.99996158515181,0.99993776032382,0.99998095969278,0.99997201082099,7.888076494643e-06,5.2594698242657e-22,5.6686036816258e-06,3.0683806838425e-06,0.0099971499909796,-1.743224102596e-06,1.7488046459797e-06,-4.6409893759042e-06,-5.2143904112032e-06,-2.6423714005945e-06,0.90003082736613,0.90001743775674,2.5,2.5,-4.9050857329354e-06,-9.9999999999997e-05
0.28625,0,0.60264769154394,0.60264769154394,0.99996155920335,0.99993777097562,0.99998096727918,0.99997201568987,7.8018665857822e-06,5.2517019541043e-22,5.6676778023689e-06,3.0689109295724e-06,0.0099971478357644,-1.7241721315115e-06,1.7296916842847e-06,-4.6432957225286e-06,-5.2147244868242e-06,-2.6398913387911e-06,0.90003082216086,0.90001746793973,2.5,2.5,-4.9067391074753e-06,-0.00010000000000001
0.2875,0,0.60264769154394,0.60264769154394,0.99996153353849,0.99993778151099,0.99998097478267,0.99997202050554,7.7165988754065e-06,5.2440189801587e-22,5.6667620421859e-06,3.0694353801827e-06,0.009997145704104,-1.7053283837452e-06,1.7107876125539e-06,-4.6455768627993e-06,-5.2150549112762e-06,-2.6374383819602e-06,0.90003081701248,0.90001749779284,2.5,2.5,-4.9083744120254e-06,-0.00010000000000001
0.28875,0,0.60264769154394,0.60264769154394,0.99996150815413,0.99993779193123,0.99998098220416,0.99997202526858,7.6322630662886e-06,5.2364199746173e-22,5.6658562904668e-06,3.0699540990248e-06,0.0099971435957407,-1.6866905836551e-06,1.6920901477262e-06,-4.6478330721961e-06,-5.2153817244647e-06,-2.6350122338832e-06,0.90003081192037,0.90001752731969,2.5,2.5,-4.9099918440768e-06,-9.9999999999988e-05
0.29,0,0.60264769154394,0.60264769154394,0.99996148304719,0.99993780223757,0.99998098954454,0.99997202997957,7.5488489736688e-06,5.2289040197587e-22,5.6649604378431e-06,3.0704671487516e-06,0.0099971415104201,-1.6682564801258e-06,1.673597031566e-06,-4.6500646231902e-06,-5.215704965857e-06,-2.6326126015569e-06,0.90003080688391,0.90001755652384,2.5,2.5,-4.911591598962e-06,-9.9999999999995e-05
0.29125,0,0.60264769154394,0.60264769154394,0.99996145821465,0.99993781243128,0.99998099680469,0.99997203463906,7.466346524133e-06,5.2214702078993e-22,5.6640743761343e-06,3.0709745913168e-06,0.0099971394478903,-1.6500238468896e-06,1.6553060306605e-06,-4.6522717852718e-06,-5.2160246744918e-06,-2.6302391951822e-06,0.9000308019025,0.90001758540881,2.5,2.5,-4.9131738698784e-06,-0.00010000000000001
0.2925,0,0.60264769154394,0.60264769154394,0.9999614336535,0.99993782251358,0.99998100398549,0.99997203924764,7.3847457543152e-06,5.2141176413047e-22,5.6631979983021e-06,3.0714764879661e-06,0.0099971374079022,-1.6319904819456e-06,1.6372149359406e-06,-4.6544548249911e-06,-5.2163408889791e-06,-2.6278917281351e-06,0.90003079697552,0.9000176139781,2.5,2.5,-4.9147388479121e-06,-9.9999999999993e-05
0.29375,0,0.60264769154394,0.60264769154394,0.99996140936079,0.9999378324857,0.99998101108782,0.99997204380584,7.3040368097716e-06,5.2068454319993e-22,5.6623311985411e-06,3.071972899374e-06,0.0099971353902095,-1.6141542073387e-06,1.6193215625226e-06,-4.6566140059803e-06,-5.216653647507e-06,-2.6255699169092e-06,0.9000307921024,0.90001764223515,2.5,2.5,-4.9162867220605e-06,-0.00010000000000001
0.295,0,0.60264769154394,0.60264769154394,0.99996138533358,0.99993784234882,0.99998101811252,0.99997204831423,7.2242099437222e-06,5.1996527017626e-22,5.6614738721521e-06,3.0724638854248e-06,0.0099971333945684,-1.5965128689933e-06,1.6016237493972e-06,-4.6587495889927e-06,-5.2169629878457e-06,-2.6232734811164e-06,0.90003078728253,0.90001767018337,2.5,2.5,-4.9178176792555e-06,-9.9999999999996e-05
0.29625,0,0.60264769154394,0.60264769154394,0.99996136156896,0.99993785210415,0.99998102506045,0.99997205277334,7.1452555158822e-06,5.1925385819686e-22,5.6606259156006e-06,3.0729495054538e-06,0.009997131420738,-1.5790643363375e-06,1.5841193591719e-06,-4.6608618319336e-06,-5.2172689473562e-06,-2.6210021434182e-06,0.90003078251534,0.90001769782615,2.5,2.5,-4.9193319043859e-06,-0.0001
0.2975,0,0.60264769154394,0.60264769154394,0.99996133806407,0.99993786175286,0.99998103193244,0.99997205718372,7.0671639913428e-06,5.1855022134586e-22,5.6597872265047e-06,3.0734298180813e-06,0.0099971294684798,-1.5618065020969e-06,1.5668062778357e-06,-4.6629509898854e-06,-5.2175715629847e-06,-2.6187556295223e-06,0.90003077780026,0.90001772516682,2.5,2.5,-4.9208295803194e-06,-9.9999999999995e-05
0.29875,0,0.60264769154394,0.60264769154394,0.99996131481607,0.99993787129612,0.99998103872933,0.9999720615459,6.989925939433e-06,5.1785427464337e-22,5.6589577035438e-06,3.0739048813218e-06,0.0099971275375582,-1.5447372820137e-06,1.5496824144831e-06,-4.6650173151479e-06,-5.2178708712798e-06,-2.6165336681123e-06,0.9000307731367,0.90001775220868,2.5,2.5,-4.9223108879256e-06,-9.9999999999999e-05
0.3,0,0.60264769154394,0.60264769154394,0.99996129182215,0.99993788073507,0.99998104545194,0.9999720658604,6.9135320324655e-06,5.1716593404918e-22,5.6581372465712e-06,3.0743747525393e-06,0.00999712562774,-1.527854614663e-06,1.5327457010588e-06,-4.6670610572605e-06,-5.2181669083868e-06,-2.6143359908529e-06,0.90003076852411,0.900017778955,2.5,2.5,-4.9237760060969e-06,-0.00010000000000001
0.30125,0,0.60264769154394,0.60264769154394,0.99996126907953,0.99993789007087,0.99998105210107,0.99997207012775,6.8379730447423e-06,5.1648511643611e-22,5.6573257564742e-06,3.0748394884868e-06,0.0099971237387944,-1.5111564611197e-06,1.5159940921106e-06,-4.6690824630363e-06,-5.2184597100599e-06,-2.6121623323408e-06,0.90003076396194,0.900017805409,2.5,2.5,-4.9252251117708e-06,-9.9999999999996e-05
0.3025,0,0.60264769154394,0.60264769154394,0.99996124658547,0.99993789930464,0.99998105867753,0.99997207434846,6.7632398513906e-06,5.1581173957291e-22,5.6565231352957e-06,3.0752991452867e-06,0.0099971218704934,-1.4946408047655e-06,1.499425564547e-06,-4.67108177659e-06,-5.2187493116566e-06,-2.6100124300795e-06,0.90003075944963,0.90001783157389,2.5,2.5,-4.9266583799507e-06,-0.0001
0.30375,0,0.60264769154394,0.60264769154394,0.99996122433725,0.99993790843749,0.99998106518212,0.99997207852305,6.6893234272312e-06,5.1514572214601e-22,5.6557292860637e-06,3.0757537784206e-06,0.0099971200226113,-1.4783056508948e-06,1.4830381173959e-06,-4.6730592393708e-06,-5.2190357481522e-06,-2.6078860244069e-06,0.90003075498663,0.90001785745282,2.5,2.5,-4.9280759837274e-06,-0.0001
0.305,0,0.60264769154394,0.60264769154394,0.99996120233218,0.99993791747052,0.99998107161562,0.99997208265201,6.6162148457536e-06,5.1448698372546e-22,5.6549441129189e-06,3.0762034428207e-06,0.009997118194925,-1.4621490269606e-06,1.4668297716001e-06,-4.6750150901873e-06,-5.2193190541401e-06,-2.6057828585504e-06,0.90003075057241,0.90001788304891,2.5,2.5,-4.9294780942999e-06,-9.9999999999997e-05
0.30625,0,0.60264769154394,0.60264769154394,0.99996118056761,0.99993792640484,0.9999810779788,0.99997208673584,6.5439052779598e-06,5.1383544475082e-22,5.654167521056e-06,3.0766481927991e-06,0.0099971163872138,-1.4461689815265e-06,1.4507985696447e-06,-4.6769495652387e-06,-5.219599263834e-06,-2.6037026785046e-06,0.90003074620643,0.90001790836527,2.5,2.5,-4.9308648809964e-06,-9.9999999999994e-05
0.3075,0,0.60264769154394,0.60264769154394,0.9999611590409,0.9999379352415,0.99998108427244,0.99997209077504,6.4723859913699e-06,5.1319102654596e-22,5.6533994166661e-06,3.0770880820462e-06,0.0099971145992593,-1.430363584837e-06,1.434942575493e-06,-4.6788628981422e-06,-5.2198764110722e-06,-2.6016452330578e-06,0.90003074188817,0.90001793340494,2.5,2.5,-4.9322365112941e-06,-9.9999999999994e-05
0.30875,0,0.60264769154394,0.60264769154394,0.99996113774947,0.99993794398159,0.9999810904973,0.99997209477009,6.4016483489299e-06,5.1255365128174e-22,5.6526397070158e-06,3.0775231636687e-06,0.0099971128308456,-1.414730927983e-06,1.4192598741793e-06,-4.6807553199625e-06,-5.2201505293256e-06,-2.5996102737424e-06,0.9000307376171,0.90001795817094,2.5,2.5,-4.9335931508396e-06,-0.00010000000000001
0.31,0,0.60264769154394,0.60264769154394,0.99996111669073,0.99993795262616,0.99998109665412,0.99997209872148,6.3316838079872e-06,5.1192324198522e-22,5.651888300336e-06,3.0779534902363e-06,0.0099971110817592,-1.3992691231353e-06,1.4037485718317e-06,-4.6826270592409e-06,-5.2204216516991e-06,-2.597597554797e-06,0.90003073339271,0.90001798266628,2.5,2.5,-4.9349349634697e-06,-9.9999999999999e-05
0.31125,0,0.60264769154394,0.60264769154394,0.99996109586215,0.99993796117625,0.99998110274366,0.99997210262969,6.2624839192433e-06,5.1129972252131e-22,5.6511451058932e-06,3.0783791137336e-06,0.0099971093517889,-1.3839763029374e-06,1.3884067950871e-06,-4.6844783420171e-06,-5.2206898109357e-06,-2.5956068331539e-06,0.9000307292145,0.9000180068939,2.5,2.5,-4.9362621112301e-06,-9.9999999999995e-05
0.3125,0,0.60264769154394,0.60264769154394,0.9999610752612,0.9999379696329,0.99998110876664,0.99997210649518,6.1940403257098e-06,5.1068301760171e-22,5.6504100339206e-06,3.0788000855128e-06,0.0099971076407256,-1.3688506205489e-06,1.3732326911931e-06,-4.6863093918625e-06,-5.2209550394189e-06,-2.593637868404e-06,0.90003072508194,0.90001803085674,2.5,2.5,-4.9375747543958e-06,-0.00010000000000001
0.31375,0,0.60264769154394,0.60264769154394,0.99996105488541,0.99993797799712,0.9999811147238,0.99997211031843,6.1263447617907e-06,5.1007305273694e-22,5.649682995659e-06,3.0792164564447e-06,0.0099971059483628,-1.353890249246e-06,1.3582244275871e-06,-4.6881204299066e-06,-5.2212173691795e-06,-2.5916904227689e-06,0.90003072099455,0.90001805455769,2.5,2.5,-4.9388730514896e-06,-9.9999999999989e-05
0.315,0,0.60264769154394,0.60264769154394,0.9999610347323,0.99993798626993,0.99998112061585,0.99997211409989,6.0593890521888e-06,5.0946975426567e-22,5.6489639033166e-06,3.0796282768079e-06,0.0099971042744961,-1.3390933822379e-06,1.3433801917367e-06,-4.689911674859e-06,-5.2214768318999e-06,-2.5897642610449e-06,0.90003071695184,0.90001807799961,2.5,2.5,-4.9401571593024e-06,-0.00010000000000001
0.31625,0,0.60264769154394,0.60264769154394,0.99996101479945,0.99993799445232,0.9999811264435,0.99997211784002,5.993165110952e-06,5.0887304933381e-22,5.6482526700132e-06,3.0800355963069e-06,0.0099971026189233,-1.3244582326642e-06,1.3286981909867e-06,-4.6916833430409e-06,-5.2217334589129e-06,-2.5878591506314e-06,0.9000307129533,0.90001810118533,2.5,2.5,-4.941427232911e-06,-9.9999999999991e-05
0.3175,0,0.60264769154394,0.60264769154394,0.99996099508445,0.99993800254529,0.99998113220747,0.99997212153928,5.9276649404871e-06,5.0828286587565e-22,5.6475492099033e-06,3.0804384641871e-06,0.0099971009814445,-1.3099830329981e-06,1.3141766521847e-06,-4.6934356484116e-06,-5.2219872812106e-06,-2.5859748614554e-06,0.90003070899847,0.90001812411764,2.5,2.5,-4.9426834256975e-06,-0.0001
0.31875,0,0.60264769154394,0.60264769154394,0.99996097558492,0.99993801054981,0.99998113790844,0.99997212519811,5.8628806306525e-06,5.0769913262364e-22,5.6468534380035e-06,3.0808369290555e-06,0.0099970993618619,-1.2956660350914e-06,1.2998138216099e-06,-4.6951688025859e-06,-5.2222383294464e-06,-2.5841111659509e-06,0.90003070508686,0.90001814679933,2.5,2.5,-4.9439258893677e-06,-0.0001
0.32,0,0.60264769154394,0.60264769154394,0.9999609562985,0.99993801846684,0.9999811435471,0.99997212881695,5.7988043577069e-06,5.0712177907316e-22,5.646165270304e-06,3.0812310390425e-06,0.00999709775998,-1.281505509924e-06,1.2856079646895e-06,-4.6968830148722e-06,-5.2224866339379e-06,-2.5822678390456e-06,0.900030701218,0.90001816923313,2.5,2.5,-4.9451547739692e-06,-9.9999999999997e-05
0.32125,0,0.60264769154394,0.60264769154394,0.99996093722287,0.99993802629735,0.99998114912413,0.99997213239623,5.7354283834196e-06,5.0655073550798e-22,5.6454846236632e-06,3.0816208417519e-06,0.0099970961756054,-1.2674997474292e-06,1.2715573658525e-06,-4.6985784922865e-06,-5.2227322246729e-06,-2.5804446581349e-06,0.90003069739143,0.90001819142175,2.5,2.5,-4.9463702279097e-06,-0.0001
0.3225,0,0.60264769154394,0.60264769154394,0.99996091835571,0.99993803404228,0.99998115464022,0.9999721359364,5.6727450541923e-06,5.0598593295948e-22,5.6448114159289e-06,3.0820063842887e-06,0.0099970946085465,-1.2536470560847e-06,1.2576603282178e-06,-4.7002554395871e-06,-5.22297513131e-06,-2.5786414030372e-06,0.90003069360667,0.90001821336787,2.5,2.5,-4.9475723979754e-06,-9.9999999999985e-05
0.32375,0,0.60264769154394,0.60264769154394,0.99996089969476,0.99993804170256,0.99998116009602,0.99997213943788,5.6107467999513e-06,5.0542730322199e-22,5.6441455657779e-06,3.0823877131479e-06,0.0099970930586143,-1.239945763027e-06,1.2439151735112e-06,-4.70191405929e-06,-5.2232153831853e-06,-2.5768578559786e-06,0.90003068986328,0.90001823507413,2.5,2.5,-4.9487614293474e-06,-0.00010000000000001
0.325,0,0.60264769154394,0.60264769154394,0.99996088123775,0.99993804927912,0.99998116549219,0.99997214290109,5.5494261334943e-06,5.0487477883155e-22,5.6434869927899e-06,3.0827648744078e-06,0.0099970915256216,-1.2263942134881e-06,1.2303202417174e-06,-4.703554551701e-06,-5.2234530093109e-06,-2.5750938015664e-06,0.90003068616081,0.90001825654316,2.5,2.5,-4.9499374656209e-06,-0.0001
0.32625,0,0.60264769154394,0.60264769154394,0.99996086298247,0.99993805677288,0.99998117082938,0.99997214632645,5.4887756493408e-06,5.0432829305872e-22,5.6428356174529e-06,3.0831379136061e-06,0.0099970900093831,-1.2129907709598e-06,1.2168738910444e-06,-4.7051771149353e-06,-5.2236880383875e-06,-2.5733490267699e-06,0.90003068249879,0.90001827777756,2.5,2.5,-4.9511006488211e-06,-0.0001
0.3275,0,0.60264769154394,0.60264769154394,0.9999608449267,0.99993806418473,0.99998117610825,0.99997214971438,5.4287880230066e-06,5.037877799112e-22,5.642191361103e-06,3.0835068758362e-06,0.0099970885097158,-1.1997338167426e-06,1.2035744976388e-06,-4.7067819449422e-06,-5.2239204987946e-06,-2.5716233208672e-06,0.9000306788768,0.90001829877989,2.5,2.5,-4.9522511194214e-06,-9.9999999999986e-05
0.32875,0,0.60264769154394,0.60264769154394,0.99996082706826,0.99993807151558,0.99998118132942,0.99997215306528,5.3694560100141e-06,5.0325317410832e-22,5.6415541459059e-06,3.0838718056165e-06,0.0099970870264386,-1.186621749822e-06,1.1904204553584e-06,-4.7083692355332e-06,-5.2241504186073e-06,-2.5699164754649e-06,0.9000306752944,0.90001831955267,2.5,2.5,-4.9533890163597e-06,-0.00010000000000002
0.33,0,0.60264769154394,0.60264769154394,0.999960809405,0.99993807876632,0.99998118649352,0.99997215637955,5.3107724450993e-06,5.0272441109177e-22,5.6409238949341e-06,3.084232747055e-06,0.0099970855593724,-1.1736529866431e-06,1.1774101756052e-06,-4.7099391783955e-06,-5.2243778255937e-06,-2.5682282844109e-06,0.90003067175115,0.90001834009843,2.5,2.5,-4.9545144770553e-06,-9.9999999999999e-05
0.33125,0,0.60264769154394,0.60264769154394,0.99996079193478,0.9999380859378,0.99998119160119,0.9999721596576,5.2527302412687e-06,5.0220142700423e-22,5.640300532068e-06,3.08458974367e-06,0.00999708410834,-1.1608259611601e-06,1.1645420872088e-06,-4.7114919631262e-06,-5.2246027472147e-06,-2.5665585438615e-06,0.90003066824662,0.90001836041964,2.5,2.5,-4.9556276374262e-06,-9.9999999999989e-05
0.3325,0,0.60264769154394,0.60264769154394,0.9999607746555,0.99993809303091,0.99998119665304,0.99997216289983,5.1953223890496e-06,5.0168415868707e-22,5.6396839820166e-06,3.0849428386366e-06,0.0099970826731661,-1.1481391241266e-06,1.1518146361106e-06,-4.7130277772499e-06,-5.2248252106342e-06,-2.5649070521474e-06,0.90003066478039,0.90001838051876,2.5,2.5,-4.9567286319042e-06,-9.9999999999999e-05
0.33375,0,0.60264769154394,0.60264769154394,0.99996075756507,0.9999381000465,0.99998120164967,0.99997216610662,5.1385419554699e-06,5.0117254366909e-22,5.6390741703317e-06,3.0852920745804e-06,0.0099970812536774,-1.1355909434609e-06,1.1392262852468e-06,-4.7145468062393e-06,-5.2250452427191e-06,-2.5632736098196e-06,0.90003066135205,0.90001840039822,2.5,2.5,-4.9578175934524e-06,-0.0001
0.335,0,0.60264769154394,0.60264769154394,0.99996074066142,0.99993810698541,0.9999812065917,0.99997216927837,5.0823820834205e-06,5.006665201671e-22,5.63847102336e-06,3.0856374936683e-06,0.0099970798497025,-1.1231799038079e-06,1.1267755143921e-06,-4.716049233541e-06,-5.2252628700401e-06,-2.5616580196334e-06,0.90003065796117,0.90001842006041,2.5,2.5,-4.9588946535802e-06,-0.0001
0.33625,0,0.60264769154394,0.60264769154394,0.99996072394251,0.99993811384849,0.99998121147971,0.99997217241545,5.0268359907071e-06,5.0016602706867e-22,5.6378744682867e-06,3.0859791376348e-06,0.0099970784610719,-1.1109045061911e-06,1.1144608198678e-06,-4.7175352405988e-06,-5.2254781188804e-06,-2.5600600864538e-06,0.90003065460736,0.90001843950771,2.5,2.5,-4.9599599423603e-06,-0.00010000000000001
0.3375,0,0.60264769154394,0.60264769154394,0.99996070740633,0.99993812063655,0.9999812163143,0.99997217551824,4.9718969692285e-06,4.996710039326e-22,5.6372844330488e-06,3.0863170476971e-06,0.0099970770876178,-1.0987632684052e-06,1.1022807145523e-06,-4.7190050068709e-06,-5.2256910152339e-06,-2.5584796173392e-06,0.9000306512902,0.90001845874246,2.5,2.5,-4.9610135884435e-06,-9.9999999999988e-05
0.33875,0,0.60264769154394,0.60264769154394,0.99996069105087,0.99993812735044,0.99998122109605,0.99997217858712,4.9175583842627e-06,4.9918139097799e-22,5.6367008463914e-06,3.0866512647238e-06,0.0099970757291744,-1.0867547238678e-06,1.090233727389e-06,-4.7204587098549e-06,-5.225901584812e-06,-2.5569164213825e-06,0.90003064800929,0.900018477767,2.5,2.5,-4.9620557190746e-06,-9.9999999999991e-05
0.34,0,0.60264769154394,0.60264769154394,0.99996067487417,0.99993813399094,0.99998122582554,0.99997218162247,4.863813673506e-06,4.9869712907547e-22,5.6361236378221e-06,3.0869818290361e-06,0.0099970743855776,-1.0748774226787e-06,1.0783184036096e-06,-4.7218965251085e-06,-5.2261098530446e-06,-2.5553703098442e-06,0.90003064476424,0.90001849658362,2.5,2.5,-4.9630864601078e-06,-0.00010000000000002
0.34125,0,0.60264769154394,0.60264769154394,0.99996065887426,0.99993814055887,0.99998123050335,0.99997218462464,4.8106563464647e-06,4.9821815973911e-22,5.6355527376761e-06,3.0873087805718e-06,0.0099970730566652,-1.0631299301247e-06,1.0665333041341e-06,-4.7233186262715e-06,-5.2263158450825e-06,-2.5538410959617e-06,0.90003064155466,0.90001851519459,2.5,2.5,-4.9641059360212e-06,-9.9999999999994e-05
0.3425,0,0.60264769154394,0.60264769154394,0.99996064304921,0.99993814705501,0.99998123513002,0.99997218759399,4.7580799835185e-06,4.977444251328e-22,5.6349880769487e-06,3.0876321587961e-06,0.0099970717422766,-1.0515108278395e-06,1.0548770058206e-06,-4.7247251850839e-06,-5.2265195858048e-06,-2.5523285951018e-06,0.90003063838016,0.90001853360216,2.5,2.5,-4.9651142699337e-06,-0.0001
0.34375,0,0.60264769154394,0.60264769154394,0.99996062739712,0.99993815348016,0.99998123970614,0.9999721905309,4.7060782352452e-06,4.972758680359e-22,5.6344295875074e-06,3.0879520027759e-06,0.0099970704422533,-1.0400187123224e-06,1.0433481008975e-06,-4.7261163714131e-06,-5.2267210998137e-06,-2.5508326245706e-06,0.90003063524035,0.90001855180854,2.5,2.5,-4.9661115836174e-06,-9.9999999999997e-05
0.345,0,0.60264769154394,0.60264769154394,0.9999606119161,0.99993815983509,0.99998124423224,0.99997219343571,4.6546448215993e-06,4.9681243187165e-22,5.6338772018557e-06,3.0882683511332e-06,0.009997069156438,-1.0286521959526e-06,1.0319451971147e-06,-4.7274923532644e-06,-5.2269204114474e-06,-2.5493530037338e-06,0.90003063213485,0.90001856981595,2.5,2.5,-4.9670979975141e-06,-9.9999999999991e-05
0.34625,0,0.60264769154394,0.60264769154394,0.99996059660427,0.99993816612057,0.99998124870887,0.99997219630877,4.6037735311792e-06,4.9635406066601e-22,5.6333308533312e-06,3.08858124209e-06,0.0099970678846756,-1.017409905852e-06,1.0206669173564e-06,-4.728853296811e-06,-5.2271175447742e-06,-2.5478895538757e-06,0.9000306290633,0.90001858762656,2.5,2.5,-4.9680736307495e-06,-0.00010000000000002
0.3475,0,0.60264769154394,0.60264769154394,0.99996058145978,0.99993817233735,0.99998125313658,0.99997219915043,4.5534582204448e-06,4.9590069906895e-22,5.6327904759003e-06,3.0888907134039e-06,0.0099970666268125,-1.0062904844397e-06,1.0095118995816e-06,-4.7301993664087e-06,-5.2273125236018e-06,-2.5464420982786e-06,0.90003062602531,0.90001860524251,2.5,2.5,-4.9690386011466e-06,-9.9999999999992e-05
0.34875,0,0.60264769154394,0.60264769154394,0.99996056648081,0.99993817848618,0.9999812575159,0.99997220196103,4.5036928130242e-06,4.9545229232186e-22,5.6322560043692e-06,3.0891968024436e-06,0.0099970653826968,-9.9529258884532e-07,9.9847879666905e-07,-4.7315307246152e-06,-5.2275053714778e-06,-2.5450104621387e-06,0.90003062302053,0.90001862266593,2.5,2.5,-4.9699930252415e-06,-9.9999999999998e-05
0.35,0,0.60264769154394,0.60264769154394,0.99996055166555,0.99993818456781,0.99998126184735,0.99997220474092,4.4544712989675e-06,4.9500878628545e-22,5.6317273741192e-06,3.089499546235e-06,0.0099970641521782,-9.8441489087755e-07,9.8756627617645e-07,-4.7328475322156e-06,-5.2276961116907e-06,-2.5435944725541e-06,0.90003062004858,0.90001863989893,2.5,2.5,-4.9709370182962e-06,-0.0001
0.35125,0,0.60264769154394,0.60264769154394,0.99996053701221,0.99993819058298,0.99998126613147,0.99997220749042,4.4057877339583e-06,4.9457012738611e-22,5.6312045213772e-06,3.0897989812472e-06,0.0099970629351081,-9.7365607687748e-07,9.7677302022763e-07,-4.7341499482361e-06,-5.2278847672758e-06,-2.542193958528e-06,0.90003061710912,0.90001865694359,2.5,2.5,-4.9718706943129e-06,-0.0001
0.3525,0,0.60264769154394,0.60264769154394,0.99996052251901,0.99993819653241,0.99998127036876,0.99997221020988,4.357636238686e-06,4.9413626265628e-22,5.6306873829282e-06,3.0900951437255e-06,0.0099970617313395,-9.6301484756089e-07,9.6609772537911e-07,-4.735438129961e-06,-5.2280713610169e-06,-2.5408087509275e-06,0.90003061420179,0.90001867380197,2.5,2.5,-4.9727941660483e-06,-0.0001
0.35375,0,0.60264769154394,0.60264769154394,0.99996050818422,0.99993820241681,0.99998127455974,0.99997221289961,4.3100109980877e-06,4.9370713969422e-22,5.63017589639e-06,3.0903880694011e-06,0.0099970605407271,-9.5248991778583e-07,9.5553910238186e-07,-4.7367122329612e-06,-5.2282559154474e-06,-2.5394386824615e-06,0.90003061132623,0.9000186904761,2.5,2.5,-4.9737075450265e-06,-0.0001
0.355,0,0.60264769154394,0.60264769154394,0.99996049400608,0.9999382082369,0.99998127870492,0.99997221555995,4.2629062606443e-06,4.9328270668122e-22,5.6296699999643e-06,3.0906777936421e-06,0.0099970593631271,-9.4208001654413e-07,9.4509587616152e-07,-4.7379724111064e-06,-5.2284384528563e-06,-2.5380835876728e-06,0.90003060848209,0.90001870696799,2.5,2.5,-4.9746109415524e-06,-0.0001
0.35625,0,0.60264769154394,0.60264769154394,0.99996047998291,0.99993821399339,0.9999812828048,0.99997221819121,4.2163163377189e-06,4.9286291235701e-22,5.6291696325565e-06,3.0909643514313e-06,0.0099970581983972,-9.3178388663051e-07,9.3476678547351e-07,-4.7392188165804e-06,-5.2286189952866e-06,-2.5367433029112e-06,0.90003060566904,0.90001872327964,2.5,2.5,-4.9755044647259e-06,-9.999999999999e-05
0.3575,0,0.60264769154394,0.60264769154394,0.999960466113,0.99993821968696,0.99998128685987,0.99997222079371,4.1702356028198e-06,4.9244770602814e-22,5.6286747337214e-06,3.0912477773946e-06,0.0099970570463969,-9.2160028463541e-07,9.2455058295927e-07,-4.7404515999075e-06,-5.2287975645418e-06,-2.5354176663176e-06,0.90003060288674,0.90001873941303,2.5,2.5,-4.9763882224544e-06,-0.00010000000000001
0.35875,0,0.60264769154394,0.60264769154394,0.99996045239467,0.9999382253183,0.99998129087062,0.99997222336777,4.124658490961e-06,4.9203703755129e-22,5.6281852437057e-06,3.0915281057582e-06,0.0099970559069869,-9.1152798077534e-07,9.1444603483247e-07,-4.7416709099669e-06,-5.2289741821888e-06,-2.5341065178035e-06,0.90003060013484,0.90001875537008,2.5,2.5,-4.9772623214658e-06,-9.999999999998e-05
0.36,0,0.60264769154394,0.60264769154394,0.99996043882627,0.9999382308881,0.99998129483753,0.9999722259137,4.0795794979712e-06,4.9163085732729e-22,5.6277011034306e-06,3.0918053703956e-06,0.0099970547800297,-9.0156575854654e-07,9.0445192078121e-07,-4.74287689401e-06,-5.2291488695549e-06,-2.5328096990173e-06,0.90003059741302,0.90001877115275,2.5,2.5,-4.9781268673217e-06,-0.00010000000000002
0.36125,0,0.60264769154394,0.60264769154394,0.99996042540616,0.99993823639703,0.99998129876109,0.99997222843181,4.034993179837e-06,4.9122911630554e-22,5.6272222543736e-06,3.092079604725e-06,0.0099970536653892,-8.9171241494701e-07,8.9456703390107e-07,-4.7440696976777e-06,-5.2293216477363e-06,-2.5315270533571e-06,0.90003059472094,0.90001878676292,2.5,2.5,-4.9789819644298e-06,-9.9999999999995e-05
0.3625,0,0.60264769154394,0.60264769154394,0.99996041213273,0.99993824184574,0.99998130264177,0.99997223092239,3.9908941520577e-06,4.9083176597117e-22,5.6275912123722e-06,3.0923508419355e-06,0.0099970525629308,-8.8196675995658e-07,8.847901803542e-07,-4.7452494650211e-06,-5.2294925376023e-06,-2.5302584259111e-06,0.90003059205829,0.90001880220248,2.5,2.5,-4.9798277160571e-06,-0.0001
0.36375,0,0.60264769154394,0.60264769154394,0.99996039900436,0.99993824723491,0.99998130648004,0.99997223338575,3.9472770889584e-06,4.9043875833775e-22,5.6287074014034e-06,3.0926191147607e-06,0.0099970514725212,-8.7232761669541e-07,8.7512017951375e-07,-4.7464163385155e-06,-5.2296615597859e-06,-2.52900366349e-06,0.90003058942474,0.90001881747331,2.5,2.5,-4.9806642243416e-06,-9.9999999999999e-05
0.365,0,0.60264769154394,0.60264769154394,0.99996038601947,0.99993825256518,0.99998131027636,0.99997223582219,3.9041367230742e-06,4.9005004593926e-22,5.6298113914188e-06,3.0928844555733e-06,0.009997050394029,-8.6279382098179e-07,8.6555586349359e-07,-4.7475704590805e-06,-5.2298287347011e-06,-2.5277626145419e-06,0.90003058681997,0.90001883257723,2.5,2.5,-4.9814915903049e-06,-0.00010000000000001
0.36625,0,0.60264769154394,0.60264769154394,0.9999603731765,0.99993825783719,0.99998131403119,0.99997223823201,3.861467844504e-06,4.8966558183817e-22,5.6309033158066e-06,3.0931468964494e-06,0.0099970493273237,-8.5336422158355e-07,8.5609607732982e-07,-4.7487119660943e-06,-5.2299940825385e-06,-2.5265351291989e-06,0.90003058424367,0.90001884751609,2.5,2.5,-4.9823099138651e-06,-9.9999999999997e-05
0.3675,0,0.60264769154394,0.60264769154394,0.99996036047388,0.99993826305159,0.99998131774498,0.99997224061548,3.819265300336e-06,4.8928531960195e-22,5.6319833063637e-06,3.0934064690743e-06,0.0099970482722766,-8.4403767965609e-07,8.4673967852451e-07,-4.7498409974101e-06,-5.2301576232664e-06,-2.525321059232e-06,0.90003058169552,0.90001886229168,2.5,2.5,-4.983119293848e-06,-9.9999999999996e-05
0.36875,0,0.60264769154394,0.60264769154394,0.9999603479101,0.999938268209,0.99998132141818,0.99997224297291,3.7775239938836e-06,4.8890921330327e-22,5.6330514935403e-06,3.093663204779e-06,0.0099970472287602,-8.348130688347e-07,8.3748553718861e-07,-4.7509576893803e-06,-5.2303193766319e-06,-2.5241202580009e-06,0.90003057917523,0.90001887690578,2.5,2.5,-4.9839198279989e-06,-9.9999999999991e-05
0.37,0,0.60264769154394,0.60264769154394,0.99996033548363,0.99993827331004,0.99998132505124,0.99997224530457,3.7362388842497e-06,4.8853721752787e-22,5.6341080063553e-06,3.0939171346e-06,0.0099970461966486,-8.256892751546e-07,8.2833253570963e-07,-4.752062176861e-06,-5.2304793621716e-06,-2.5229325805074e-06,0.90003057668248,0.90001889136016,2.5,2.5,-4.9847116129955e-06,-0.0001
0.37125,0,0.60264769154394,0.60264769154394,0.99996032319297,0.99993827835533,0.99998132864459,0.99997224761075,3.6954049855839e-06,4.8816928734707e-22,5.6351529724073e-06,3.0941682891607e-06,0.0099970451758171,-8.166651967583e-07,8.1927956873519e-07,-4.7531545932374e-06,-5.2306375992063e-06,-2.52175788331e-06,0.90003057421697,0.90001890565657,2.5,2.5,-4.9854947444586e-06,-0.00010000000000001
0.3725,0,0.60264769154394,0.60264769154394,0.99996031103664,0.99993828334547,0.99998133219867,0.99997224989172,3.6550173665178e-06,4.878053783308e-22,5.6361865178377e-06,3.0944166988358e-06,0.0099970441661425,-8.0773974383923e-07,8.1032554295238e-07,-4.7542350704367e-06,-5.2307941068448e-06,-2.520596024557e-06,0.90003057177841,0.90001891979673,2.5,2.5,-4.9862693169637e-06,-0.00010000000000001
0.37375,0,0.60264769154394,0.60264769154394,0.99996029901316,0.99993828828109,0.9999813357139,0.99997225214777,3.6150711496259e-06,4.8744544652736e-22,5.6372087675247e-06,3.0946623936064e-06,0.0099970431675027,-7.9891183847791e-07,8.0146937702491e-07,-4.7553037389429e-06,-5.2309489039895e-06,-2.5194468639207e-06,0.9000305693665,0.90001893378236,2.5,2.5,-4.9870354240531e-06,-0.0001
0.375,0,0.60264769154394,0.60264769154394,0.99996028712109,0.99993829316276,0.99998133919072,0.99997225437915,3.5755615107489e-06,4.8708944846993e-22,5.6382198448976e-06,3.0949054031397e-06,0.0099970421797772,-7.9018041460326e-07,7.9271000144261e-07,-4.7563607278163e-06,-5.2311020093327e-06,-2.5183102626293e-06,0.90003056698095,0.90001894761513,2.5,2.5,-4.9877931582465e-06,-9.9999999999996e-05
0.37625,0,0.60264769154394,0.60264769154394,0.99996027535899,0.99993829799107,0.99998134262954,0.99997225658616,3.5364836784516e-06,4.8673734116959e-22,5.6392198720303e-06,3.0951457567678e-06,0.0099970412028466,-7.8154441774423e-07,7.8404635835014e-07,-4.7574061647044e-06,-5.2312534413658e-06,-2.5171860834225e-06,0.90003056462147,0.90001896129672,2.5,2.5,-4.9885426110525e-06,-9.9999999999998e-05
0.3775,0,0.60264769154394,0.60264769154394,0.99996026372544,0.99993830276662,0.99998134603077,0.99997225876904,3.4978329334686e-06,4.8638908209572e-22,5.6402089697472e-06,3.095383483558e-06,0.0099970402365931,-7.7300280492842e-07,7.7547740147008e-07,-4.7584401758596e-06,-5.2314032183761e-06,-2.5160741905269e-06,0.90003056228778,0.90001897482878,2.5,2.5,-4.9892838729795e-06,-9.9999999999993e-05
0.37875,0,0.60264769154394,0.60264769154394,0.99996025221904,0.99993830748997,0.99998134939483,0.99997226092806,3.4596046080992e-06,4.860446292041e-22,5.6411872574786e-06,3.0956186121971e-06,0.0099970392808999,-7.6455454466257e-07,7.6700209597857e-07,-4.7594628861572e-06,-5.2315513584512e-06,-2.5149744496813e-06,0.9000305599796,0.90001898821296,2.5,2.5,-4.9900170335471e-06,-0.0001
0.38,0,0.60264769154394,0.60264769154394,0.99996024083839,0.99993831216171,0.99998135272213,0.99997226306349,3.4217940856599e-06,4.8570394088407e-22,5.6421548533387e-06,3.095851171061e-06,0.0099970383356517,-7.561986167108e-07,7.5861941835999e-07,-4.7604744191051e-06,-5.2316978794825e-06,-2.5138867280605e-06,0.90003055769664,0.90001900145085,2.5,2.5,-4.9907421812959e-06,-0.0001
0.38125,0,0.60264769154394,0.60264769154394,0.99996022958212,0.99993831678238,0.99998135601306,0.99997226517557,3.3843967999297e-06,4.8536697599546e-22,5.6431118742117e-06,3.0960811882572e-06,0.0099970374007342,-7.4793401181587e-07,7.5032835620718e-07,-4.7614748968615e-06,-5.2318427991635e-06,-2.5128108942982e-06,0.90003055543863,0.90001901454406,2.5,2.5,-4.9914594037995e-06,-9.9999999999997e-05
0.3825,0,0.60264769154394,0.60264769154394,0.99996021844887,0.99993832135256,0.99998135926803,0.99997226726458,3.3474082345617e-06,4.8503369384454e-22,5.6440584356628e-06,3.0963086915929e-06,0.0099970364760345,-7.3975973207923e-07,7.4212790832487e-07,-4.7624644402531e-06,-5.2319861349956e-06,-2.5117468184861e-06,0.9000305532053,0.90001902749418,2.5,2.5,-4.9921687876737e-06,-9.9999999999994e-05
0.38375,0,0.60264769154394,0.60264769154394,0.9999602074373,0.99993832587278,0.99998136248742,0.99997226933075,3.310823922618e-06,4.8470405418763e-22,5.6449946520244e-06,3.0965337084996e-06,0.009997035561441,-7.3167479025932e-07,7.340170843287e-07,-4.763443168779e-06,-5.232127904292e-06,-2.5106943721204e-06,0.90003055099638,0.90001904030277,2.5,2.5,-4.9928704185884e-06,-0.00010000000000002
0.385,0,0.60264769154394,0.60264769154394,0.99996019654608,0.99993833034361,0.99998136567162,0.99997227137435,3.2746394459229e-06,4.8437801720865e-22,5.6459206363292e-06,3.096756266151e-06,0.0099970346568432,-7.2367820984312e-07,7.2599490467598e-07,-4.7644112006388e-06,-5.2322681241684e-06,-2.509653428083e-06,0.9000305488116,0.90001905297136,2.5,2.5,-4.9935643812764e-06,-9.9999999999997e-05
0.38625,0,0.60264769154394,0.60264769154394,0.99996018577389,0.99993833476557,0.99998136882103,0.9999722733956,3.2388504346655e-06,4.8405554353459e-22,5.6468365004176e-06,3.0969763914495e-06,0.009997033762132,-7.1576902531276e-07,7.1806040063094e-07,-4.7653686527377e-06,-5.2324068115635e-06,-2.5086238606832e-06,0.9000305466507,0.9000190655015,2.5,2.5,-4.9942507595453e-06,-9.9999999999999e-05
0.3875,0,0.60264769154394,0.60264769154394,0.99996017511943,0.9999383391392,0.99998137193601,0.99997227539477,3.2034525666953e-06,4.8373659422101e-22,5.6477423548764e-06,3.0971941109576e-06,0.0099970328771991,-7.0794628136955e-07,7.1021261392283e-07,-4.7663156407031e-06,-5.2325439832226e-06,-2.5076055455702e-06,0.90003054451341,0.9000190778947,2.5,2.5,-4.9949296362861e-06,-0.00010000000000001
0.38875,0,0.60264769154394,0.60264769154394,0.99996016458141,0.99993834346503,0.99998137501695,0.99997227737209,3.1684415671989e-06,4.8342113075183e-22,5.6486383091284e-06,3.0974094509707e-06,0.0099970320019378,-7.002090333357e-07,7.0245059680752e-07,-4.7672522789001e-06,-5.2326796557123e-06,-2.5065983597742e-06,0.90003054239949,0.90001909015245,2.5,2.5,-4.9956010934839e-06,-9.9999999999989e-05
0.39,0,0.60264769154394,0.60264769154394,0.99996015415856,0.99993834774359,0.99998137806422,0.9999722793278,3.1338132079964e-06,4.831091150284e-22,5.6495244713776e-06,3.0976224375307e-06,0.0099970311362424,-6.9255634686323e-07,6.9477341196188e-07,-4.7681786804413e-06,-5.2328138454168e-06,-2.5056021816571e-06,0.90003054030866,0.90001910227624,2.5,2.5,-4.9962652122285e-06,-0.0001
0.39125,0,0.60264769154394,0.60264769154394,0.99996014384963,0.99993835197539,0.99998138107818,0.99997228126213,3.0995633071702e-06,4.8280050937111e-22,5.6504009486258e-06,3.0978330963168e-06,0.0099970302800083,-6.8498729767676e-07,6.8718013214919e-07,-4.7690949572052e-06,-5.2329465685449e-06,-2.5046168909172e-06,0.90003053824069,0.90001911426752,2.5,2.5,-4.9969220727225e-06,-0.0001
0.3925,0,0.60264769154394,0.60264769154394,0.99996013365337,0.99993835616093,0.99998138405921,0.99997228317532,3.0656877284925e-06,4.8249527650819e-22,5.6512678467124e-06,3.0980414527692e-06,0.0099970294331321,-6.7750097172245e-07,6.7966984038211e-07,-4.770001219846e-06,-5.2330778411219e-06,-2.5036423685613e-06,0.90003053619532,0.90001912612775,2.5,2.5,-4.9975717542924e-06,-9.9999999999989e-05
0.39375,0,0.60264769154394,0.60264769154394,0.99996012356854,0.99993836030073,0.99998138700765,0.99997228506761,3.0321823809513e-06,4.8219337958393e-22,5.6521252703795e-06,3.0982475320752e-06,0.0099970285955115,-6.7009646494174e-07,6.7224162972831e-07,-4.7708975778118e-06,-5.2332076790016e-06,-2.5026784969011e-06,0.90003053417231,0.90001913785835,2.5,2.5,-4.998214335398e-06,-0.00010000000000001
0.395,0,0.60264769154394,0.60264769154394,0.99996011359393,0.99993836439529,0.99998138992387,0.99997228693921,2.9990432182258e-06,4.8189478213082e-22,5.6529733231038e-06,3.0984513590948e-06,0.0099970277670454,-6.6277288308561e-07,6.6489460304381e-07,-4.7717841393505e-06,-5.2333360978638e-06,-2.5017251595391e-06,0.9000305321714,0.90001914946075,2.5,2.5,-4.998849893641e-06,-9.9999999999999e-05
0.39625,0,0.60264769154394,0.60264769154394,0.99996010372834,0.99993836844509,0.99998139280822,0.99997228879036,2.966266238248e-06,4.8159944809746e-22,5.6538121073601e-06,3.0986529584724e-06,0.0099970269476337,-6.5552934172334e-07,6.5762787309313e-07,-4.7726610115289e-06,-5.2334631132171e-06,-2.500782241339e-06,0.90003053019236,0.90001916093635,2.5,2.5,-4.9994785057753e-06,-9.9999999999997e-05
0.3975,0,0.60264769154394,0.60264769154394,0.99996009397056,0.99993837245064,0.99998139566105,0.99997229062127,2.9338474826291e-06,4.8130734180745e-22,5.654641724409e-06,3.098852354544e-06,0.0099970261371775,-6.4836496606792e-07,6.5044056229478e-07,-4.7735283002437e-06,-5.233588740402e-06,-2.499849628429e-06,0.90003052823495,0.90001917228653,2.5,2.5,-5.0001002477161e-06,-0.0001
0.39875,0,0.60264769154394,0.60264769154394,0.99996008431943,0.99993837641241,0.99998139848269,0.99997229243218,2.9017830363371e-06,4.8101842798865e-22,5.6554622744453e-06,3.0990495713859e-06,0.0099970253355789,-6.4127889094078e-07,6.4333180268065e-07,-4.7743861102341e-06,-5.2337129945892e-06,-2.4989272081727e-06,0.90003052629893,0.90001918351266,2.5,2.5,-5.0007151945488e-06,-0.00010000000000001
0.4,0,0.60264769154394,0.60264769154394,0.99996007477378,0.99993838033088,0.9999814012735,0.99997229422329,2.870069027024e-06,4.8073267175578e-22,5.6562738565672e-06,3.0992446328048e-06,0.009997024542741,-6.3427026058421e-07,6.3630073572388e-07,-4.7752345450942e-06,-5.2338358907841e-06,-2.4980148691973e-06,0.90003052438408,0.9000191946161,2.5,2.5,-5.0013234205379e-06,-9.9999999999989e-05
0.40125,0,0.60264769154394,0.60264769154394,0.99996006533246,0.99993838420652,0.99998140403381,0.99997229599483,2.8387016247458e-06,4.8045003859375e-22,5.6570765688124e-06,3.0994375623888e-06,0.0099970237585682,-6.2733822850611e-07,6.2934651231464e-07,-4.7760737072866e-06,-5.2339574438284e-06,-2.4971125012935e-06,0.90003052249015,0.90001920559818,2.5,2.5,-5.0019249991366e-06,-9.9999999999998e-05
0.4025,0,0.60264769154394,0.60264769154394,0.99996005599432,0.99993838803981,0.99998140676395,0.99997229774701,2.8076770413683e-06,4.8017049436759e-22,5.6578705080815e-06,3.0996283833925e-06,0.0099970229829658,-6.2048195766057e-07,6.2246829263761e-07,-4.7769036981527e-06,-5.2340776684015e-06,-2.4962199955032e-06,0.90003052061692,0.90001921646025,2.5,2.5,-5.0025200029953e-06,-0.0001
0.40375,0,0.60264769154394,0.60264769154394,0.99996004675824,0.9999383918312,0.99998140946425,0.99997229948003,2.7769915301775e-06,4.7989400532591e-22,5.6586557702803e-06,3.0998171189101e-06,0.00999702221584,-6.1370061998179e-07,6.1566524601167e-07,-4.777724617928e-06,-5.234196579022e-06,-2.4953372440458e-06,0.90003051876416,0.9000192272036,2.5,2.5,-5.0031085039701e-06,-0.0001
0.405,0,0.60264769154394,0.60264769154394,0.9999600376231,0.99993839558115,0.99998141213504,0.99997230119412,2.7466413854085e-06,4.7962053807053e-22,5.6594324502454e-06,3.1000037916817e-06,0.0099970214570983,-6.06993396556e-07,6.0893655089384e-07,-4.7785365657513e-06,-5.234314190053e-06,-2.4944641403022e-06,0.90003051693165,0.90001923782953,2.5,2.5,-5.0036905731321e-06,-9.9999999999999e-05
0.40625,0,0.60264769154394,0.60264769154394,0.9999600285878,0.99993839929012,0.99998141477663,0.99997230288947,2.7166229417948e-06,4.7935005957866e-22,5.6602006417397e-06,3.1001884243231e-06,0.0099970207066489,-6.0035947731074e-07,6.0228139464744e-07,-4.7793396396787e-06,-5.2344305156943e-06,-2.4936005788351e-06,0.90003051511917,0.90001924833933,2.5,2.5,-5.0042662807753e-06,-0.0001
0.4075,0,0.60264769154394,0.60264769154394,0.99996001965125,0.99993840295856,0.99998141738936,0.9999723045663,2.6869325741082e-06,4.7908253718334e-22,5.6609604375645e-06,3.1003710390464e-06,0.0099970199644014,-5.937980611903e-07,5.9569897359484e-07,-4.7801339366944e-06,-5.2345455699972e-06,-2.4927464553622e-06,0.9000305133265,0.90001925873427,2.5,2.5,-5.004835696426e-06,-0.0001
0.40875,0,0.60264769154394,0.60264769154394,0.99996001081237,0.9999384065869,0.99998141997354,0.9999723062248,2.6575666967816e-06,4.7881793858151e-22,5.6617119294819e-06,3.1005516579564e-06,0.0099970192302659,-5.8730835568548e-07,5.8918849274509e-07,-4.7809195527221e-06,-5.2346593668536e-06,-2.4919016667263e-06,0.90003051155342,0.90001926901561,2.5,2.5,-5.0053988888501e-06,-9.9999999999995e-05
0.41,0,0.60264769154394,0.60264769154394,0.99996000207009,0.99993841017559,0.99998142252947,0.99997230786517,2.6285217634061e-06,4.7855623181929e-22,5.6624552082163e-06,3.1007303028471e-06,0.0099970185041539,-5.8088957712413e-07,5.8274916591296e-07,-4.7816965826386e-06,-5.2347719200079e-06,-2.4910661109067e-06,0.90003050979972,0.90001927918457,2.5,2.5,-5.0059559260622e-06,-0.0001
0.41125,0,0.60264769154394,0.60264769154394,0.99995999342335,0.99993841372506,0.99998142505747,0.99997230948761,2.5997942663274e-06,4.7829738528279e-22,5.663190363561e-06,3.1009069953336e-06,0.0099970177859778,-5.7454095038296e-07,5.7638021543349e-07,-4.7824651202808e-06,-5.2348832430528e-06,-2.4902396869999e-06,0.90003050806518,0.9000192892424,2.5,2.5,-5.0065068753334e-06,-0.00010000000000001
0.4125,0,0.60264769154394,0.60264769154394,0.99995998487112,0.99993841723573,0.99998142755783,0.99997231109233,2.5713807362568e-06,4.7804136772001e-22,5.6639174842875e-06,3.1010817566978e-06,0.0099970170756506,-5.6826170865613e-07,5.7008087211891e-07,-4.7832252584638e-06,-5.2349933494308e-06,-2.4894222951972e-06,0.9000305063496,0.9000192991903,2.5,2.5,-5.0070518031998e-06,-9.9999999999995e-05
0.41375,0,0.60264769154394,0.60264769154394,0.99995997641235,0.99993842070803,0.99998143003088,0.9999723126795,2.5432777417845e-06,4.7778814821254e-22,5.6646366581963e-06,3.1012546080864e-06,0.0099970163730868,-5.6205109369084e-07,5.6385037524928e-07,-4.7839770889867e-06,-5.2351022524409e-06,-2.488613836796e-06,0.90003050465277,0.90001930902949,2.5,2.5,-5.0075907754703e-06,-0.00010000000000001
0.415,0,0.60264769154394,0.60264769154394,0.99995996804603,0.99993842414239,0.99998143247689,0.99997231424933,2.5154818890277e-06,4.775376961752e-22,5.6653479721583e-06,3.1014255703538e-06,0.0099970156782013,-5.5590835546633e-07,5.576879724083e-07,-4.7847207026437e-06,-5.2352099652349e-06,-2.4878142141483e-06,0.90003050297449,0.90001931876114,2.5,2.5,-5.0081238572344e-06,-0.0001
0.41625,0,0.60264769154394,0.60264769154394,0.99995995977115,0.99993842753921,0.99998143489617,0.999972315802,2.4879898211998e-06,4.772899813665e-22,5.6660515120515e-06,3.101594664128e-06,0.0099970149909104,-5.4983275208099e-07,5.5159291933955e-07,-4.785456189239e-06,-5.2353165008191e-06,-2.4870233306967e-06,0.90003050131455,0.90001932838643,2.5,2.5,-5.0086511128702e-06,-9.9999999999994e-05
0.4175,0,0.60264769154394,0.60264769154394,0.99995995158671,0.99993843089891,0.99998143728901,0.9999723173377,2.4607982181938e-06,4.7704497386958e-22,5.6667473628699e-06,3.1017619098631e-06,0.0099970143111309,-5.4382354988499e-07,5.4556448001225e-07,-4.7861836375939e-06,-5.2354218720608e-06,-2.4862410909235e-06,0.90003049967275,0.90001933790652,2.5,2.5,-5.0091726060524e-06,-0.0001
0.41875,0,0.60264769154394,0.60264769154394,0.99995994349171,0.99993843422189,0.9999814396557,0.99997231885662,2.4339037961525e-06,4.7680264408784e-22,5.6674356086205e-06,3.1019273277576e-06,0.0099970136387809,-5.3788002308765e-07,5.3960192634811e-07,-4.78690313556e-06,-5.2355260916854e-06,-2.4854674003578e-06,0.90003049804889,0.90001934732257,2.5,2.5,-5.0096883997595e-06,-0.0001
0.42,0,0.60264769154394,0.60264769154394,0.99995993548519,0.99993843750855,0.99998144199652,0.99997232035894,2.4073033071867e-06,4.765629627756e-22,5.6681163324512e-06,3.1020909377523e-06,0.0099970129737791,-5.3200145401719e-07,5.3370453833571e-07,-4.7876147700282e-06,-5.2356291722769e-06,-2.4847021655795e-06,0.90003049644279,0.90001935663571,2.5,2.5,-5.0101985562823e-06,-0.0001
0.42125,0,0.60264769154394,0.60264769154394,0.99995992756617,0.99993844075929,0.99998144431176,0.99997232184483,2.3809935388104e-06,4.76325900967e-22,5.6687896165431e-06,3.1022527596452e-06,0.0099970123160452,-5.2618713265521e-07,5.278716037242e-07,-4.7883186269395e-06,-5.2357311262867e-06,-2.4839452941551e-06,0.90003049485423,0.90001936584706,2.5,2.5,-5.01070313723e-06,-9.9999999999986e-05
0.4225,0,0.60264769154394,0.60264769154394,0.9999599197337,0.9999384439745,0.99998144660169,0.99997232331449,2.3549713137479e-06,4.7609143004166e-22,5.6694555422255e-06,3.1024128129716e-06,0.0099970116654997,-5.2043635685448e-07,5.22102418097e-07,-4.7890147912957e-06,-5.2358319660264e-06,-2.4831966946882e-06,0.90003049328304,0.90001937495775,2.5,2.5,-5.0112022035392e-06,-0.00010000000000001
0.42375,0,0.60264769154394,0.60264769154394,0.99995991198683,0.99993844715457,0.9999814488666,0.99997232476809,2.3292334893643e-06,4.7585952168733e-22,5.670114189895e-06,3.1025711170482e-06,0.0099970110220642,-5.1474843215868e-07,5.1639628475279e-07,-4.7897033471703e-06,-5.2359317036735e-06,-2.4824562767814e-06,0.90003049172902,0.90001938396886,2.5,2.5,-5.01169581548e-06,-9.999999999999e-05
0.425,0,0.60264769154394,0.60264769154394,0.99995990432463,0.99993845029989,0.99998145110676,0.9999723262058,2.3037769574052e-06,4.7563014789133e-22,5.6707656391085e-06,3.1027276909724e-06,0.0099970103856608,-5.0912267156704e-07,5.1075251456138e-07,-4.7903843777179e-06,-5.2360303512731e-06,-2.4817239510035e-06,0.90003049019198,0.90001939288149,2.5,2.5,-5.012184032664e-06,-0.00010000000000001
0.42625,0,0.60264769154394,0.60264769154394,0.99995989674617,0.99993845341083,0.99998145332243,0.9999723276278,2.278598643594e-06,4.7540328095234e-22,5.6714099685393e-06,3.1028825536924e-06,0.0099970097562128,-5.0355839575841e-07,5.0517042595802e-07,-4.7910579651837e-06,-5.2361279207391e-06,-2.4809996289242e-06,0.90003048867174,0.90001940169671,2.5,2.5,-5.0126669140513e-06,-9.9999999999999e-05
0.4275,0,0.60264769154394,0.60264769154394,0.99995988925053,0.99993845648778,0.99998145551388,0.99997232903425,2.2536955072474e-06,4.7517889347823e-22,5.6720472559928e-06,3.1030357239012e-06,0.0099970091336442,-4.9805493272985e-07,4.996493448184e-07,-4.7917241909139e-06,-5.2362244238548e-06,-2.480283223061e-06,0.90003048716812,0.90001941041558,2.5,2.5,-5.0131445179577e-06,-9.9999999999997e-05
0.42875,0,0.60264769154394,0.60264769154394,0.99995988183682,0.99993845953109,0.99998145768139,0.99997233042534,2.2290645408981e-06,4.7495695837019e-22,5.6726775784537e-06,3.1031872200916e-06,0.0099970085178797,-4.926116178409e-07,4.9418860435368e-07,-4.7923831353663e-06,-5.2363198722732e-06,-2.4795746469087e-06,0.90003048568092,0.90001941903917,2.5,2.5,-5.0136169020613e-06,-9.9999999999996e-05
0.43,0,0.60264769154394,0.60264769154394,0.99995987450413,0.99993846254114,0.99998145982521,0.99997233180122,2.2047027699582e-06,4.747374488173e-22,5.6733010120228e-06,3.1033370605649e-06,0.0099970079088449,-4.8722779372478e-07,4.8878754513426e-07,-4.7930348781181e-06,-5.2364142775215e-06,-2.4788738148847e-06,0.90003048420999,0.90001942756851,2.5,2.5,-5.0140841234103e-06,-0.00010000000000001
0.43125,0,0.60264769154394,0.60264769154394,0.99995986725158,0.9999384655183,0.99998146194559,0.99997233316206,2.1806072523669e-06,4.7452033831834e-22,5.6739176319968e-06,3.1034852633893e-06,0.0099970073064664,-4.8190281024405e-07,4.8344551490257e-07,-4.7936794978786e-06,-5.236507651002e-06,-2.4781806423561e-06,0.90003048275513,0.90001943600463,2.5,2.5,-5.0145462384291e-06,-0.00010000000000001
0.4325,0,0.60264769154394,0.60264769154394,0.9999598600783,0.99993846846292,0.99998146404281,0.99997233450803,2.156775078198e-06,4.7430560065378e-22,5.674527512843e-06,3.1036318464968e-06,0.0099970067106714,-4.7663602425108e-07,4.7816186847407e-07,-4.7943170724961e-06,-5.2366000039906e-06,-2.4774950456072e-06,0.90003048131617,0.90001944434855,2.5,2.5,-5.0150033029257e-06,-9.9999999999997e-05
0.43375,0,0.60264769154394,0.60264769154394,0.99995985298341,0.99993847137535,0.9999814661171,0.99997233583929,2.1332033693353e-06,4.7409320988646e-22,5.6751307282157e-06,3.1037768275592e-06,0.0099970061213879,-4.7142679978191e-07,4.7293596780165e-07,-4.7949476789691e-06,-5.2366913476392e-06,-2.4768169418566e-06,0.90003047989293,0.90001945260128,2.5,2.5,-5.0154553720979e-06,-9.9999999999997e-05
0.435,0,0.60264769154394,0.60264769154394,0.99995984596607,0.99993847425596,0.99998146816872,0.999972337156,2.1098892791182e-06,4.7388314036762e-22,5.6757273509537e-06,3.103920224129e-06,0.0099970055385447,-4.6627450758294e-07,4.6776718171867e-07,-4.7955713934503e-06,-5.2367816929792e-06,-2.4761462491887e-06,0.90003047848525,0.90001946076381,2.5,2.5,-5.0159025005401e-06,-0.0001
0.43625,0,0.60264769154394,0.60264769154394,0.99995983902542,0.99993847710508,0.99998147019792,0.99997233845832,2.0868299919664e-06,4.7367536672817e-22,5.676317453112e-06,3.1040620534794e-06,0.0099970049620716,-4.6117852562846e-07,4.626548860926e-07,-4.7961882912655e-06,-5.236871050922e-06,-2.4754828866262e-06,0.90003047709296,0.90001946883714,2.5,2.5,-5.0163447422506e-06,-9.9999999999995e-05
0.4375,0,0.60264769154394,0.60264769154394,0.99995983216062,0.99993847992306,0.99998147220494,0.99997233974641,2.0640227231133e-06,4.7346986388306e-22,5.6769011059556e-06,3.1042023327638e-06,0.0099970043918988,-4.5613823834586e-07,4.5759846346315e-07,-4.7967984469158e-06,-5.2369594322598e-06,-2.4748267740432e-06,0.90003047571588,0.90001947682223,2.5,2.5,-5.016782150637e-06,-9.9999999999997e-05
0.43875,0,0.60264769154394,0.60264769154394,0.99995982537085,0.99993848271025,0.99998147419003,0.99997234102042,2.0414647182524e-06,4.7326660700234e-22,5.6774783799904e-06,3.104341078905e-06,0.0099970038279575,-4.5115303714703e-07,4.5259730323921e-07,-4.7974019340843e-06,-5.2370468476638e-06,-2.474177832214e-06,0.90003047435385,0.90001948472005,2.5,2.5,-5.0172147785235e-06,-0.0001
0.44,0,0.60264769154394,0.60264769154394,0.99995981865529,0.99993848546698,0.99998147615342,0.99997234228051,2.0191532531014e-06,4.7306557155057e-22,5.6780493448982e-06,3.1044783086729e-06,0.0099970032701796,-4.4622231989831e-07,4.476508014045e-07,-4.7979988256535e-06,-5.2371333076932e-06,-2.4735359827642e-06,0.90003047300671,0.90001949253155,2.5,2.5,-5.0176426781568e-06,-0.00010000000000001
0.44125,0,0.60264769154394,0.60264769154394,0.99995981201312,0.99993848819357,0.99998147809535,0.99997234352682,1.9970856331783e-06,4.7286673324202e-22,5.678614069637e-06,3.1046140386471e-06,0.0099970027184977,-4.4134549119776e-07,4.4275836060962e-07,-4.7985891937102e-06,-5.2372188227879e-06,-2.4729011481834e-06,0.90003047167429,0.90001950025769,2.5,2.5,-5.0180659012125e-06,-9.999999999999e-05
0.4425,0,0.60264769154394,0.60264769154394,0.99995980544354,0.99993849089037,0.99998148001606,0.99997234475951,1.9752591935243e-06,4.7267006806771e-22,5.6791726224446e-06,3.1047482852019e-06,0.0099970021728453,-4.3652196204294e-07,4.3791939002111e-07,-4.7991731095472e-06,-5.2373034032756e-06,-2.4722732517959e-06,0.90003047035644,0.90001950789938,2.5,2.5,-5.0184844988021e-06,-0.00010000000000001
0.44375,0,0.60264769154394,0.60264769154394,0.99995979894577,0.99993849355769,0.99998148191578,0.99997234597874,1.9536712981802e-06,4.7247555227171e-22,5.6797250707244e-06,3.1048810645566e-06,0.0099970016331563,-4.3175114997532e-07,4.3313330524175e-07,-4.7997506436832e-06,-5.2373870593708e-06,-2.4716522177823e-06,0.90003046905298,0.90001951545755,2.5,2.5,-5.0188985214776e-06,-0.0001
0.445,0,0.60264769154394,0.60264769154394,0.99995979251901,0.99993849619586,0.99998148379473,0.99997234718463,1.9323193400939e-06,4.7228316237066e-22,5.6802714812306e-06,3.1050123927529e-06,0.0099970010993657,-4.2703247877266e-07,4.2839952826836e-07,-4.8003218658636e-06,-5.2374698011762e-06,-2.4710379711436e-06,0.90003046776378,0.90001952293312,2.5,2.5,-5.019308019239e-06,-9.9999999999998e-05
0.44625,0,0.60264769154394,0.60264769154394,0.99995978616249,0.9999384988052,0.99998148565315,0.99997234837735,1.9112007406715e-06,4.7209287512785e-22,5.6808119199346e-06,3.1051422856392e-06,0.009997000571409,-4.2236537864922e-07,4.2371748746611e-07,-4.8008868450746e-06,-5.2375516386851e-06,-2.4704304376898e-06,0.90003046648866,0.90001953032699,2.5,2.5,-5.0197130415397e-06,-0.0001
0.4475,0,0.60264769154394,0.60264769154394,0.99995977987544,0.99993850138602,0.99998148749126,0.99997234955703,1.8903129494904e-06,4.7190466755663e-22,5.6813464521035e-06,3.1052707588931e-06,0.0099970000492224,-4.1774928592003e-07,4.1908661732822e-07,-4.8014456495453e-06,-5.2376325817794e-06,-2.4698295440632e-06,0.90003046522748,0.90001953764005,2.5,2.5,-5.0201136372927e-06,-9.9999999999999e-05
0.44875,0,0.60264769154394,0.60264769154394,0.9999597736571,0.99993850393864,0.99998148930928,0.99997235072382,1.8696534440255e-06,4.7171851693722e-22,5.6818751422757e-06,3.1053978280611e-06,0.0099969995327428,-4.1318364313538e-07,4.1450635867071e-07,-4.8019983467607e-06,-5.2377126402352e-06,-2.4692352176857e-06,0.90003046398008,0.90001954487318,2.5,2.5,-5.0205098548764e-06,-9.9999999999998e-05
0.45,0,0.60264769154394,0.60264769154394,0.99995976750672,0.99993850646335,0.99998149110743,0.99997235187785,1.8492197292972e-06,4.7153440078696e-22,5.682398054353e-06,3.1055235084706e-06,0.009996999021908,-4.0866789895304e-07,4.0997615833794e-07,-4.8025450034675e-06,-5.2377918237199e-06,-2.4686473867884e-06,0.90003046274631,0.90001955202727,2.5,2.5,-5.0209017421403e-06,-0.00010000000000001
0.45125,0,0.60264769154394,0.60264769154394,0.99995976142356,0.99993850896048,0.99998149288593,0.99997235301928,1.8290093376296e-06,4.7135229686756e-22,5.6829152514117e-06,3.1056478153007e-06,0.0099969985166561,-4.042015079728e-07,4.0549546920185e-07,-4.8030856856837e-06,-5.2378701417968e-06,-2.4680659803795e-06,0.90003046152603,0.90001955910316,2.5,2.5,-5.0212893464115e-06,-0.0001
0.4525,0,0.60264769154394,0.60264769154394,0.99995975540689,0.99993851143031,0.99998149464499,0.99997235414822,1.8090198282539e-06,4.7117218318939e-22,5.6834267959816e-06,3.1057707635599e-06,0.0099969980169262,-3.9978393087467e-07,4.0106375018468e-07,-4.8036204587059e-06,-5.2379476039251e-06,-2.4674909282545e-06,0.90003046031909,0.90001956610172,2.5,2.5,-5.0216727144991e-06,-9.9999999999996e-05
0.45375,0,0.60264769154394,0.60264769154394,0.99995974945597,0.99993851387315,0.99998149638483,0.99997235526483,1.7892487871395e-06,4.709940379964e-22,5.6839327497798e-06,3.1058923680791e-06,0.0099969975226579,-3.9541463403228e-07,3.9668046604145e-07,-4.8041493871137e-06,-5.2380242194571e-06,-2.4669221609466e-06,0.90003045912533,0.9000195730238,2.5,2.5,-5.0220518927009e-06,-9.9999999999993e-05
0.455,0,0.60264769154394,0.60264769154394,0.99995974357009,0.99993851628929,0.99998149810565,0.99997235636924,1.7696938266267e-06,4.7081783977947e-22,5.6844331739373e-06,3.1060126435995e-06,0.0099969970337915,-3.9109308994198e-07,3.9234508746338e-07,-4.8046725347878e-06,-5.2380999976479e-06,-2.4663596097906e-06,0.90003045794463,0.90001957987022,2.5,2.5,-5.022426926809e-06,-0.00010000000000001
0.45625,0,0.60264769154394,0.60264769154394,0.99995973774854,0.99993851867902,0.99998149980766,0.99997235746158,1.7503525851205e-06,4.7064356725772e-22,5.6849281288879e-06,3.1061316045915e-06,0.0099969965502681,-3.868187765797e-07,3.8805709087933e-07,-4.8051899649047e-06,-5.2381749476469e-06,-2.4658032068228e-06,0.90003045677682,0.90001958664181,2.5,2.5,-5.0227978621147e-06,-9.9999999999998e-05
0.4575,0,0.60264769154394,0.60264769154394,0.99995973199062,0.99993852104264,0.99998150149108,0.99997235854198,1.7312227268511e-06,4.7047119938978e-22,5.6854176744244e-06,3.1062492654464e-06,0.0099969960720291,-3.8259117788591e-07,3.8381595842983e-07,-4.8057017399517e-06,-5.2382490785073e-06,-2.4652528848776e-06,0.90003045562178,0.9000195933394,2.5,2.5,-5.0231647434145e-06,-9.9999999999999e-05
0.45875,0,0.60264769154394,0.60264769154394,0.99995972629562,0.99993852338042,0.99998150315609,0.99997235961057,1.7123019415833e-06,4.7030071535104e-22,5.6859018696352e-06,3.1063656403726e-06,0.0099969955990168,-3.7840978319295e-07,3.7962117793689e-07,-4.8062079217349e-06,-5.2383223991805e-06,-2.4647085774788e-06,0.90003045447937,0.90001959996379,2.5,2.5,-5.0235276150152e-06,-0.0001
0.46,0,0.60264769154394,0.60264769154394,0.99995972066286,0.99993852569266,0.99998150480291,0.99997236066748,1.6935879443528e-06,4.7013209455755e-22,5.6863807729954e-06,3.1064807434191e-06,0.0099969951311742,-3.742740875583e-07,3.7547224281191e-07,-4.8067085713845e-06,-5.238394918521e-06,-2.4641702188879e-06,0.90003045334944,0.90001960651578,2.5,2.5,-5.0238865207392e-06,-0.0001
0.46125,0,0.60264769154394,0.60264769154394,0.99995971509167,0.99993852797962,0.99998150643173,0.99997236171284,1.6750784751085e-06,4.6996531664622e-22,5.6868544423503e-06,3.1065945884829e-06,0.0099969946684447,-3.7018359158903e-07,3.7136865199752e-07,-4.8072037493604e-06,-5.2384666452876e-06,-2.46363774411e-06,0.90003045223185,0.90001961299616,2.5,2.5,-5.0242415039304e-06,-9.999999999999e-05
0.4625,0,0.60264769154394,0.60264769154394,0.99995970958136,0.99993853024159,0.99998150804274,0.99997236274677,1.6567712985474e-06,4.6980036147613e-22,5.6873229349072e-06,3.1067071893147e-06,0.0099969942107725,-3.6613780118439e-07,3.6730990992757e-07,-4.8076935154638e-06,-5.2385375881417e-06,-2.4631110888102e-06,0.90003045112649,0.90001961940572,2.5,2.5,-5.0245926074585e-06,-0.0001
0.46375,0,0.60264769154394,0.60264769154394,0.99995970413128,0.99993853247884,0.99998150963615,0.99997236376941,1.6386642037942e-06,4.6963720912177e-22,5.6877863072605e-06,3.1068185595297e-06,0.0099969937581022,-3.6213622786939e-07,3.6329552645354e-07,-4.8081779288437e-06,-5.2386077556503e-06,-2.4625901894108e-06,0.9000304500332,0.90001962574522,2.5,2.5,-5.0249398737252e-06,-9.9999999999999e-05
0.465,0,0.60264769154394,0.60264769154394,0.99995969874076,0.99993853469163,0.99998151121215,0.99997236478087,1.6207550041082e-06,4.6947583988872e-22,5.6882446153056e-06,3.1069287125553e-06,0.0099969933103792,-3.581783882834e-07,3.5932501671535e-07,-4.8086570479983e-06,-5.2386771562891e-06,-2.4620749830005e-06,0.90003044895186,0.90001963201544,2.5,2.5,-5.0252833446681e-06,-0.00010000000000001
0.46625,0,0.60264769154394,0.60264769154394,0.99995969340916,0.99993853688025,0.99998151277092,0.99997236578127,1.6030415366815e-06,4.6931623427954e-22,5.6886979144822e-06,3.1070376616933e-06,0.0099969928675495,-3.5426380452151e-07,3.5539790130015e-07,-4.8091309307894e-06,-5.2387457984375e-06,-2.4615654073496e-06,0.90003044788234,0.90001963821714,2.5,2.5,-5.0256230617672e-06,-9.9999999999989e-05
0.4675,0,0.60264769154394,0.60264769154394,0.99995968813582,0.99993853904494,0.99998151431266,0.99997236677074,1.5855216623038e-06,4.6915837302269e-22,5.689146259456e-06,3.1071454201378e-06,0.0099969924295595,-3.5039200383369e-07,3.5151370589107e-07,-4.809599634447e-06,-5.2388136903857e-06,-2.461061400929e-06,0.90003044682451,0.90001964435105,2.5,2.5,-5.0259590660486e-06,-0.0001
0.46875,0,0.60264769154394,0.60264769154394,0.99995968292012,0.99993854118597,0.99998151583754,0.9999723677494,1.5681932651993e-06,4.6900223705903e-22,5.6895897044301e-06,3.107252000842e-06,0.0099969919963563,-3.4656251858431e-07,3.4767196140678e-07,-4.8100632155744e-06,-5.2388808403328e-06,-2.4605629028619e-06,0.90003044577824,0.90001965041793,2.5,2.5,-5.0262913980902e-06,-0.00010000000000001
0.47,0,0.60264769154394,0.60264769154394,0.99995967776142,0.99993854330361,0.99998151734576,0.99997236871736,1.5510542526603e-06,4.6884780752314e-22,5.6900283029101e-06,3.1073574167152e-06,0.0099969915678877,-3.4277488637312e-07,3.4387220392579e-07,-4.8105217301549e-06,-5.238947256389e-06,-2.460069852961e-06,0.90003044474341,0.9000196564185,2.5,2.5,-5.0266200980267e-06,-9.9999999999994e-05
0.47125,0,0.60264769154394,0.60264769154394,0.9999596726591,0.9999385453981,0.9999815188375,0.99997236967474,1.5341025548911e-06,4.686950657713e-22,5.690462107874e-06,3.107461680501e-06,0.0099969911441019,-3.390286497313e-07,3.4011397454635e-07,-4.8109752335646e-06,-5.2390129465741e-06,-2.4595821916698e-06,0.90003044371988,0.90001966235349,2.5,2.5,-5.0269452055536e-06,-0.0001
0.4725,0,0.60264769154394,0.60264769154394,0.99995966761255,0.9999385474697,0.99998152031293,0.99997237062166,1.5173361246927e-06,4.6854399335806e-22,5.6908911717365e-06,3.1075648047721e-06,0.0099969907249477,-3.3532335624872e-07,3.3639681938486e-07,-4.8114237805681e-06,-5.2390779188228e-06,-2.4590998600986e-06,0.90003044270755,0.90001966822361,2.5,2.5,-5.027266759933e-06,-0.0001
0.47375,0,0.60264769154394,0.60264769154394,0.99995966262115,0.99993854951866,0.99998152177224,0.99997237155823,1.500752937257e-06,4.6839457203304e-22,5.6913155462945e-06,3.1076668019618e-06,0.0099969903103745,-3.3165855844043e-07,3.3272028954647e-07,-4.811867425336e-06,-5.239142180979e-06,-2.4586228000048e-06,0.90003044170627,0.90001967402958,2.5,2.5,-5.0275847999978e-06,-9.9999999999993e-05
0.475,0,0.60264769154394,0.60264769154394,0.9999596576843,0.99993855154522,0.99998152321559,0.99997237248456,1.4843509898762e-06,4.6824678375996e-22,5.6917352828007e-06,3.1077676844143e-06,0.0099969899003322,-3.2803381379981e-07,3.2908394108115e-07,-4.8123062214463e-06,-5.2392057408052e-06,-2.4581509537657e-06,0.90003044071594,0.90001967977209,2.5,2.5,-5.0278993641565e-06,-9.9999999999994e-05
0.47625,0,0.60264769154394,0.60264769154394,0.99995965280141,0.99993855354964,0.99998152464318,0.99997237340077,1.4681283017844e-06,4.6810061068398e-22,5.6921504319516e-06,3.1078674643155e-06,0.0099969894947714,-3.244486844585e-07,3.2548733476964e-07,-4.8127402218895e-06,-5.2392686059762e-06,-2.4576842643997e-06,0.90003043973643,0.90001968545185,2.5,2.5,-5.0282104903976e-06,-0.0001
0.4775,0,0.60264769154394,0.60264769154394,0.99995964797188,0.99993855553215,0.99998152605516,0.99997237430697,1.452082913791e-06,4.6795603515606e-22,5.692561043854e-06,3.1079661537007e-06,0.009996989093643,-3.2090273756588e-07,3.219300362937e-07,-4.8131694790797e-06,-5.2393307840852e-06,-2.457222675558e-06,0.90003043876763,0.90001969106953,2.5,2.5,-5.0285182162949e-06,-0.00010000000000002
0.47875,0,0.60264769154394,0.60264769154394,0.99995964319513,0.999938557493,0.99998152745171,0.99997237520326,1.4362128882082e-06,4.6781303971777e-22,5.6929671681359e-06,3.1080637645247e-06,0.0099969886968985,-3.1739554479813e-07,3.184116160331e-07,-4.8135940448549e-06,-5.2393922826407e-06,-2.4567661314842e-06,0.90003043780941,0.90001969662581,2.5,2.5,-5.0288225790107e-06,-9.9999999999989e-05
0.48,0,0.60264769154394,0.60264769154394,0.9999596384706,0.99993855943241,0.999981528833,0.99997237608976,1.4205163084283e-06,4.6767160709167e-22,5.6933688538243e-06,3.1081603085042e-06,0.0099969883044902,-3.1392668269085e-07,3.149316491399e-07,-4.8140139704889e-06,-5.2394531090685e-06,-2.4563145770486e-06,0.90003043686167,0.90001970212137,2.5,2.5,-5.0291236153024e-06,-0.0001
0.48125,0,0.60264769154394,0.60264769154394,0.99995963379769,0.99993856135063,0.99998153019919,0.99997237696657,1.4049912788544e-06,4.6753172020929e-22,5.6937661494429e-06,3.1082557973501e-06,0.0099969879163705,-3.1049573227309e-07,3.114897152903e-07,-4.814429306694e-06,-5.239513270717e-06,-2.4558679577149e-06,0.90003043592429,0.90001970755686,2.5,2.5,-5.0294213615245e-06,-9.9999999999999e-05
0.4825,0,0.60264769154394,0.60264769154394,0.99995962917586,0.99993856324788,0.99998153155045,0.99997237783379,1.3896359245969e-06,4.6739336216457e-22,5.6941591029384e-06,3.108350242619e-06,0.0099969875324927,-3.071022791817e-07,3.0808539882672e-07,-4.81484010363e-06,-5.239572774848e-06,-2.4554262195456e-06,0.90003043499715,0.90001971293295,2.5,2.5,-5.0297158536348e-06,-9.9999999999996e-05
0.48375,0,0.60264769154394,0.60264769154394,0.99995962460454,0.9999385651244,0.99998153288694,0.99997237869154,1.3744483912314e-06,4.6725651626038e-22,5.6945477618076e-06,3.1084436556426e-06,0.0099969871528103,-3.0374591366467e-07,3.0471828864238e-07,-4.8152464109057e-06,-5.2396316286513e-06,-2.4549893092046e-06,0.90003043408014,0.90001971825029,2.5,2.5,-5.030007127198e-06,-9.9999999999997e-05
0.485,0,0.60264769154394,0.60264769154394,0.99995962008318,0.9999385669804,0.99998153420882,0.99997237953991,1.3594268446415e-06,4.6712116596348e-22,5.6949321729451e-06,3.1085360477699e-06,0.0099969867772775,-3.0042623034515e-07,3.0138797811036e-07,-4.8156482775922e-06,-5.2396898392325e-06,-2.4545571739138e-06,0.90003043317316,0.90001972350951,2.5,2.5,-5.0302952173899e-06,-0.0001
0.48625,0,0.60264769154394,0.60264769154394,0.99995961561124,0.99993856881613,0.99998153551626,0.99997238037901,1.3445694707078e-06,4.6698729492671e-22,5.6953123828247e-06,3.1086274300997e-06,0.0099969864058489,-2.9714282834488e-07,2.9809406500498e-07,-4.8160457522166e-06,-5.2397474136226e-06,-2.4541297614976e-06,0.90003043227609,0.90001972871125,2.5,2.5,-5.0305801590022e-06,-0.0001
0.4875,0,0.60264769154394,0.60264769154394,0.99995961118817,0.99993857063179,0.99998153680941,0.99997238120894,1.3298744751913e-06,4.668548869898e-22,5.6956884373119e-06,3.1087178137092e-06,0.0099969860384798,-2.9389531110051e-07,2.9483615157188e-07,-4.8164388827844e-06,-5.2398043587728e-06,-2.4537070203284e-06,0.90003043138882,0.90001973385614,2.5,2.5,-5.0308619864461e-06,-9.9999999999995e-05
0.48875,0,0.60264769154394,0.60264769154394,0.99995960681344,0.99993857242761,0.99998153808842,0.9999723820298,1.3153400834088e-06,4.6672392615769e-22,5.6960603818569e-06,3.1088072095308e-06,0.0099969856751257,-2.9068328645575e-07,2.9161384433379e-07,-4.8168277167704e-06,-5.2398606815612e-06,-2.4532888993666e-06,0.90003043051125,0.90001973894481,2.5,2.5,-5.0311407337569e-06,-9.999999999999e-05
0.49,0,0.60264769154394,0.60264769154394,0.99995960248652,0.9999385742038,0.99998153935346,0.99997238284169,1.3009645401147e-06,4.665943966138e-22,5.6964282613659e-06,3.1088956283021e-06,0.0099969853157427,-2.8750636647182e-07,2.8842675416052e-07,-4.8172123011335e-06,-5.2399163887899e-06,-2.4528753481033e-06,0.90003042964327,0.90001974397785,2.5,2.5,-5.0314164345977e-06,-9.9999999999996e-05
0.49125,0,0.60264769154394,0.60264769154394,0.99995959820689,0.99993857596057,0.99998154060467,0.9999723836447,1.2867461092134e-06,4.6646628272012e-22,5.696792120264e-06,3.1089830807156e-06,0.0099969849602875,-2.843641675457e-07,2.8527449617933e-07,-4.8175926823179e-06,-5.2399714871864e-06,-2.4524663166011e-06,0.90003042878478,0.90001974895589,2.5,2.5,-5.0316891222639e-06,-0.00010000000000002
0.49249999999999,0,0.60264769154394,0.60264769154394,0.99995959397403,0.99993857769815,0.9999815418422,0.99997238443894,1.2726830736406e-06,4.6633956899717e-22,5.697152002515e-06,3.1090695773967e-06,0.0099969846087171,-2.8125631016248e-07,2.8215668966121e-07,-4.8179689062601e-06,-5.2400259834044e-06,-2.4520617554731e-06,0.90003042793567,0.90001975387953,2.5,2.5,-5.0319588296869e-06,-9.9999999999992e-05
0.49374999999999,0,0.60264769154394,0.60264769154394,0.99995958978744,0.99993857941674,0.99998154306622,0.9999723852245,1.2587737350158e-06,4.6621424015125e-22,5.6975079515319e-06,3.1091551287129e-06,0.0099969842609891,-2.7818241897548e-07,2.7907295812396e-07,-4.8183410183961e-06,-5.2400798840241e-06,-2.4516616158433e-06,0.90003042709584,0.90001975874935,2.5,2.5,-5.0322255894381e-06,-0.00010000000000001
0.49499999999999,0,0.60264769154394,0.60264769154394,0.9999595856466,0.99993858111655,0.99998154427685,0.99997238600148,1.2450164135779e-06,4.6609028104257e-22,5.6978600103272e-06,3.1092397450341e-06,0.0099969839170615,-2.7514212279667e-07,2.7602292911538e-07,-4.8187090636662e-06,-5.2401331955571e-06,-2.4512658493968e-06,0.90003042626518,0.90001976356595,2.5,2.5,-5.0324894337332e-06,-0.0001
0.49624999999999,0,0.60264769154394,0.60264769154394,0.99995958155102,0.99993858279777,0.99998154547425,0.99997238676996,1.2314094479175e-06,4.6596767669948e-22,5.6982082214408e-06,3.10932343657e-06,0.0099969835768927,-2.7213505452552e-07,2.7300623435836e-07,-4.8190730865146e-06,-5.2401859244415e-06,-2.4508744083472e-06,0.90003042544361,0.90001976832991,2.5,2.5,-5.0327503944357e-06,-9.9999999999993e-05
0.49749999999999,0,0.60264769154394,0.60264769154394,0.9999595775002,0.99993858446063,0.99998154665857,0.99997238753004,1.2179511947522e-06,4.6584641232041e-22,5.6985526268909e-06,3.1094062134325e-06,0.0099969832404416,-2.6916085083533e-07,2.7002250943373e-07,-4.8194331309049e-06,-5.2402380770433e-06,-2.450487245409e-06,0.90003042463102,0.90001977304181,2.5,2.5,-5.0330085030605e-06,-9.9999999999988e-05
0.49874999999999,0,0.60264769154394,0.60264769154394,0.99995957349365,0.99993858610531,0.99998154782994,0.99997238828181,1.2046400287945e-06,4.6572647325083e-22,5.6988932683004e-06,3.109488085607e-06,0.0099969829076677,-2.6621915273372e-07,2.6707139413975e-07,-4.8197892403167e-06,-5.2402896596612e-06,-2.450104313831e-06,0.9000304238273,0.9000197777022,2.5,2.5,-5.0332637907786e-06,-0.00010000000000002
0.49999999999999,0,0.60264769154394,0.60264769154394,0.99995956953089,0.99993858773201,0.99998154898851,0.99997238902537,1.1914743425333e-06,4.6560784501852e-22,5.6992301867696e-06,3.1095690629886e-06,0.0099969825785306,-2.6330960486992e-07,2.6415253198438e-07,-4.8201414577579e-06,-5.2403406785255e-06,-2.4497255673739e-06,0.90003042303237,0.90001978231167,2.5,2.5,-5.0335162884201e-06,-0.0001
0.50124999999999,0,0.60264769154394,0.60264769154394,0.99995956561144,0.99993858934094,0.99998155013442,0.99997238976081,1.1784525459557e-06,4.6549051328778e-22,5.6995634230212e-06,3.1096491553735e-06,0.0099969822529908,-2.6043185583112e-07,2.6126557050087e-07,-4.8204898257624e-06,-5.2403911397964e-06,-2.4493509602839e-06,0.90003042224613,0.90001978687075,2.5,2.5,-5.0337660264781e-06,-9.9999999999994e-05
0.50249999999999,0,0.60264769154394,0.60264769154394,0.99995956173482,0.99993859093228,0.9999815512678,0.9999723904882,1.1655730664739e-06,4.653744638947e-22,5.6998930172802e-06,3.1097283723883e-06,0.0099969819310089,-2.5758555817328e-07,2.5841016103873e-07,-4.8208343864032e-06,-5.2404410495708e-06,-2.4489804473322e-06,0.90003042146848,0.90001979138001,2.5,2.5,-5.0340130351125e-06,-9.9999999999996e-05
0.50374999999999,0,0.60264769154394,0.60264769154394,0.99995955790058,0.99993859250623,0.9999815523888,0.99997239120765,1.1528343487307e-06,4.652596828199e-22,5.7002190093474e-06,3.1098067236504e-06,0.0099969816125459,-2.5477036807757e-07,2.5558595875057e-07,-4.8211751812899e-06,-5.2404904138723e-06,-2.4486139837687e-06,0.90003042069933,0.90001979583999,2.5,2.5,-5.0342573441536e-06,-9.9999999999999e-05
0.50499999999999,0,0.60264769154394,0.60264769154394,0.99995955410823,0.99993859406298,0.99998155349754,0.99997239191923,1.1402348542702e-06,4.6514615620745e-22,5.7005414386234e-06,3.1098842186045e-06,0.0099969812975635,-2.5198594564295e-07,2.5279262260061e-07,-4.8215122515801e-06,-5.2405392386657e-06,-2.4482515253384e-06,0.90003041993859,0.90001980025122,2.5,2.5,-5.0344989831055e-06,-0.0001
0.50624999999999,0,0.60264769154394,0.60264769154394,0.99995955035734,0.99993859560271,0.99998155459417,0.99997239262303,1.1277730615178e-06,4.6503387034307e-22,5.7008603440091e-06,3.1099608665952e-06,0.0099969809860235,-2.4923195457073e-07,2.5002981523158e-07,-4.8218456379794e-06,-5.2405875298446e-06,-2.4478930282743e-06,0.90003041918616,0.90001980461424,2.5,2.5,-5.0347379811504e-06,-9.9999999999998e-05
0.50749999999999,0,0.60264769154394,0.60264769154394,0.99995954664744,0.99993859712562,0.99998155567881,0.99997239331915,1.1154474655152e-06,4.6492281166739e-22,5.7011757640354e-06,3.1100366768947e-06,0.0099969806778885,-2.4650806224849e-07,2.4729720296738e-07,-4.8221753807508e-06,-5.2406352932422e-06,-2.4475384492786e-06,0.90003041844195,0.90001980892958,2.5,2.5,-5.0349743671506e-06,-0.00010000000000001
0.50874999999999,0,0.60264769154394,0.60264769154394,0.99995954297808,0.99993859863188,0.9999815567516,0.99997239400765,1.103256577751e-06,4.6481296676714e-22,5.7014877367703e-06,3.1101116586466e-06,0.009996980373121,-2.4381393971316e-07,2.4459445581822e-07,-4.8225015197147e-06,-5.240682534626e-06,-2.4471877455186e-06,0.90003041770588,0.90001981319775,2.5,2.5,-5.0352081696538e-06,-9.9999999999999e-05
0.50999999999999,0,0.60264769154394,0.60264769154394,0.99995953934883,0.99993860012168,0.99998155781267,0.99997239468863,1.0911989259717e-06,4.6470432237553e-22,5.7017962999362e-06,3.1101858208933e-06,0.0099969800716845,-2.4114926166969e-07,2.4192124739143e-07,-4.82282409426e-06,-5.2407292597035e-06,-2.4468408746593e-06,0.90003041697785,0.90001981741928,2.5,2.5,-5.0354394168955e-06,-9.9999999999992e-05
0.51124999999999,0,0.60264769154394,0.60264769154394,0.99995953575924,0.9999386015952,0.99998155886213,0.99997239536217,1.0792730540234e-06,4.6459686538114e-22,5.7021014907522e-06,3.1102591726427e-06,0.0099969797735423,-2.385137062709e-07,2.3927725486125e-07,-4.8231431433398e-06,-5.2407754741149e-06,-2.4464977947913e-06,0.90003041625778,0.90001982159467,2.5,2.5,-5.0356681368023e-06,-0.0001
0.51249999999999,0,0.60264769154394,0.60264769154394,0.99995953220889,0.99993860305261,0.99998155990013,0.99997239602835,1.0674775216632e-06,4.6449058279368e-22,5.7024033461071e-06,3.1103317227022e-06,0.0099969794786586,-2.3590695526893e-07,2.366621589024e-07,-4.8234587054866e-06,-5.2408211834432e-06,-2.446158464506e-06,0.90003041554558,0.90001982572442,2.5,2.5,-5.035894356996e-06,-0.0001
0.51374999999999,0,0.60264769154394,0.60264769154394,0.99995952869733,0.9999386044941,0.99998156092678,0.99997239668724,1.0558109043994e-06,4.6438546178402e-22,5.7027019024186e-06,3.1104034798379e-06,0.0099969791869978,-2.3332869380851e-07,2.3407564371321e-07,-4.8237708188072e-06,-5.2408663932068e-06,-2.44582284281e-06,0.90003041484117,0.90001982980904,2.5,2.5,-5.0361181047963e-06,-9.9999999999994e-05
0.51499999999999,0,0.60264769154394,0.60264769154394,0.99995952522416,0.99993860591983,0.99998156194222,0.99997239733894,1.0442717932995e-06,4.6428148965932e-22,5.7029971957927e-06,3.110474452766e-06,0.0099969788985245,-2.3077861050605e-07,2.3151739690282e-07,-4.8240795209984e-06,-5.2409111088663e-06,-2.4454908891622e-06,0.90003041414445,0.90001983384902,2.5,2.5,-5.0363394072242e-06,-0.00010000000000001
0.51624999999999,0,0.60264769154394,0.60264769154394,0.99995952178894,0.99993860732998,0.99998156294655,0.99997239798351,1.0328587948084e-06,4.6417865386401e-22,5.7032892618486e-06,3.1105446499915e-06,0.009996978613204,-2.2825639748929e-07,2.2898710958244e-07,-4.8243848493362e-06,-5.2409553358208e-06,-2.4451625634913e-06,0.90003041345534,0.90001983784485,2.5,2.5,-5.0365582910057e-06,-9.9999999999995e-05
0.51749999999999,0,0.60264769154394,0.60264769154394,0.99995951839127,0.99993860872472,0.99998156393991,0.99997239862104,1.0215705306459e-06,4.6407694197004e-22,5.7035781358693e-06,3.1106140800438e-06,0.0099969783310018,-2.257617500689e-07,2.2648447610533e-07,-4.824686840697e-06,-5.2409990794144e-06,-2.4448378261334e-06,0.90003041277377,0.900019841797,2.5,2.5,-5.0367747825746e-06,-0.00010000000000001
0.51874999999999,0,0.60264769154394,0.60264769154394,0.99995951503073,0.99993861010421,0.99998156492241,0.9999723992516,1.0104056375824e-06,4.6397634170377e-22,5.7038638527379e-06,3.1106827512606e-06,0.0099969780518839,-2.2329436709131e-07,2.2400919430806e-07,-4.8249855315509e-06,-5.2410423449279e-06,-2.4445166378921e-06,0.90003041209965,0.90001984570597,2.5,2.5,-5.0369889080756e-06,-9.9999999999996e-05
0.51999999999999,0,0.60264769154394,0.60264769154394,0.99995951170692,0.99993861146863,0.99998156589418,0.99997239987527,9.9936276723441e-07,4.6387684091029e-22,5.7041464469886e-06,3.1107506719722e-06,0.0099969777758164,-2.2085395037399e-07,2.2156096519525e-07,-4.8252809579673e-06,-5.2410851375845e-06,-2.4441989599456e-06,0.90003041143289,0.90001984957221,2.5,2.5,-5.0372006933677e-06,-0.0001
0.52124999999999,0,0.60264769154394,0.60264769154394,0.99995950841943,0.99993861281813,0.99998156685532,0.99997240049212,9.8844058603987e-07,4.6377842758008e-22,5.7044259527227e-06,3.1108178503733e-06,0.0099969775027662,-2.1844020542545e-07,2.1913949314407e-07,-4.8255731556261e-06,-5.2411274625557e-06,-2.4438847539598e-06,0.90003041077342,0.90001985339619,2.5,2.5,-5.0374101640275e-06,-9.9999999999989e-05
0.52249999999999,0,0.60264769154394,0.60264769154394,0.99995950516788,0.99993861415289,0.99998156780596,0.99997240110223,9.776377749552e-07,4.6368108981812e-22,5.7047024036775e-06,3.1108842945655e-06,0.0099969772327001,-2.160528406007e-07,2.1674448571394e-07,-4.8258621598139e-06,-5.24116932495e-06,-2.4435739819736e-06,0.90003041012116,0.90001985717838,2.5,2.5,-5.037617345352e-06,-0.00010000000000001
0.52374999999999,0,0.60264769154394,0.60264769154394,0.99995950195186,0.99993861547306,0.99998156874621,0.99997240170568,9.6695302936221e-07,4.6358481587639e-22,5.7049758332803e-06,3.1109500125658e-06,0.0099969769655857,-2.1369156762216e-07,2.1437565365389e-07,-4.8261480054336e-06,-5.2412107298243e-06,-2.4432666064548e-06,0.90003040947603,0.90001986091924,2.5,2.5,-5.0378222623617e-06,-9.9999999999991e-05
0.52499999999999,0,0.60264769154394,0.60264769154394,0.99995949877099,0.9999386167788,0.99998156967618,0.99997240230252,9.563850589052e-07,4.6348959412715e-22,5.7052462745158e-06,3.1110150123416e-06,0.0099969767013905,-2.1135610141214e-07,2.1203271094849e-07,-4.8264307270043e-06,-5.2412516821794e-06,-2.4429625902974e-06,0.90003040883794,0.90001986461921,2.5,2.5,-5.0380249398035e-06,-0.0001
0.52624999999999,0,0.60264769154394,0.60264769154394,0.99995949562488,0.99993861807027,0.99998157059599,0.99997240289285,9.4593258734592e-07,4.6339541306934e-22,5.7055137600656e-06,3.111079301732e-06,0.0099969764400828,-2.0904615977898e-07,2.097153745703e-07,-4.8267103586698e-06,-5.2412921869588e-06,-2.4426618967665e-06,0.90003040820683,0.90001986827875,2.5,2.5,-5.0382254021541e-06,-9.9999999999999e-05
0.52749999999999,0,0.60264769154394,0.60264769154394,0.99995949251316,0.99993861934763,0.99998157150575,0.99997240347672,9.3559435235551e-07,4.633022613345e-22,5.7057783222154e-06,3.1111428884779e-06,0.009996976181631,-2.0676146386677e-07,2.0742336470094e-07,-4.8269869342005e-06,-5.2413322490567e-06,-2.4423644895656e-06,0.90003040758262,0.90001987189829,2.5,2.5,-5.0384236736224e-06,-0.00010000000000001
0.52874999999999,0,0.60264769154394,0.60264769154394,0.99995948943545,0.99993862061102,0.99998157240556,0.99997240405421,9.2536910545758e-07,4.6321012766405e-22,5.7060399929247e-06,3.111205780283e-06,0.0099969759260038,-2.0450173771066e-07,2.0515640454409e-07,-4.8272604869979e-06,-5.2413718733103e-06,-2.4420703327666e-06,0.90003040696523,0.90001987547827,2.5,2.5,-5.038619778153e-06,-9.9999999999985e-05
0.52999999999999,0,0.60264769154394,0.60264769154394,0.99995948639137,0.99993862186061,0.99998157329554,0.99997240462539,9.1525561176414e-07,4.6311900093774e-22,5.7062988038299e-06,3.1112679847172e-06,0.0099969756731704,-2.0226670846859e-07,2.029142203307e-07,-4.8275310500942e-06,-5.2414110645043e-06,-2.4417793908601e-06,0.90003040635459,0.90001987901912,2.5,2.5,-5.0388137394286e-06,-0.00010000000000002
0.53124999999999,0,0.60264769154394,0.60264769154394,0.99995948338056,0.99993862309654,0.99998157417579,0.99997240519033,9.0525264991553e-07,4.6302887014785e-22,5.7065547861337e-06,3.1113295093397e-06,0.0099969754231003,-2.0005610614593e-07,2.0069654127457e-07,-4.8277986561691e-06,-5.2414498273712e-06,-2.4414916286909e-06,0.90003040575063,0.90001988252128,2.5,2.5,-5.0390055808732e-06,-9.999999999999e-05
0.53249999999999,0,0.60264769154394,0.60264769154394,0.99995948040266,0.99993862431896,0.99998157504642,0.9999724057491,8.9535901189533e-07,4.6293972440976e-22,5.7068079707605e-06,3.1113903615467e-06,0.0099969751757632,-1.9786966383616e-07,1.9850309954968e-07,-4.828063337538e-06,-5.2414881665938e-06,-2.4412070115197e-06,0.90003040515326,0.90001988598516,2.5,2.5,-5.0391953256546e-06,-0.0001
0.53374999999999,0,0.60264769154394,0.60264769154394,0.99995947745731,0.99993862552802,0.99998157590754,0.99997240630175,8.8557350287997e-07,4.6285155295787e-22,5.7070583883021e-06,3.1114505486827e-06,0.0099969749311293,-1.9570711743959e-07,1.9633363025811e-07,-4.8283251261654e-06,-5.241526086802e-06,-2.4409255049654e-06,0.90003040456242,0.90001988941118,2.5,2.5,-5.0393829966878e-06,-0.0001
0.53499999999999,0,0.60264769154394,0.60264769154394,0.99995947454414,0.99993862672387,0.99998157675925,0.99997240684837,8.7589494112896e-07,4.6276434514608e-22,5.7073060689923e-06,3.1115100780212e-06,0.0099969746891691,-1.9356820590756e-07,1.9418787143976e-07,-4.8285840536669e-06,-5.2415635925737e-06,-2.4406470750497e-06,0.90003040397804,0.90001989279976,2.5,2.5,-5.0395686166369e-06,-0.0001
0.53624999999999,0,0.60264769154394,0.60264769154394,0.99995947166281,0.99993862790665,0.99998157760164,0.99997240738901,8.6632215777146e-07,4.6267809044283e-22,5.7075510427548e-06,3.1115689567606e-06,0.0099969744498532,-1.9145267072697e-07,1.9206556390193e-07,-4.8288401513124e-06,-5.2416006884392e-06,-2.4403716881153e-06,0.90003040340005,0.90001989615131,2.5,2.5,-5.0397522079185e-06,-9.9999999999992e-05
0.53749999999999,0,0.60264769154394,0.60264769154394,0.99995946881298,0.9999386290765,0.99998157843484,0.99997240792374,8.5685399676365e-07,4.6259277842658e-22,5.7077933391543e-06,3.1116271920142e-06,0.0099969742131529,-1.893602566715e-07,1.8996645139141e-07,-4.8290934500284e-06,-5.2416373788805e-06,-2.4400993109448e-06,0.90003040282837,0.90001989946622,2.5,2.5,-5.0399337927044e-06,-0.00010000000000001
0.53874999999999,0,0.60264769154394,0.60264769154394,0.99995946599429,0.99993863023357,0.99998157925892,0.99997240845263,8.4748931467063e-07,4.625083987981e-22,5.7080329874539e-06,3.1116847907785e-06,0.0099969739790395,-1.8729071084391e-07,1.8789028039192e-07,-4.8293439804064e-06,-5.2416736683255e-06,-2.4398299106158e-06,0.90003040226294,0.90001990274491,2.5,2.5,-5.0401133929236e-06,-9.9999999999996e-05
0.53999999999999,0,0.60264769154394,0.60264769154394,0.9999594632064,0.99993863137799,0.999981580074,0.99997240897574,8.3822698055829e-07,4.6242494136924e-22,5.7082700166261e-06,3.1117417600446e-06,0.0099969737474848,-1.8524378339161e-07,1.8583680016275e-07,-4.8295917727019e-06,-5.241709561157e-06,-2.4395634546011e-06,0.90003040170369,0.90001990598776,2.5,2.5,-5.040291030266e-06,-9.9999999999986e-05
0.54124999999999,0,0.60264769154394,0.60264769154394,0.99995946044899,0.9999386325099,0.99998158088017,0.99997240949314,8.2906587582501e-07,4.6234239605656e-22,5.708504455258e-06,3.1117981067155e-06,0.0099969735184608,-1.8321922711869e-07,1.8380576271761e-07,-4.8298368568382e-06,-5.2417450617115e-06,-2.4392999107284e-06,0.90003040115055,0.90001990919517,2.5,2.5,-5.0404667261839e-06,-0.00010000000000001
0.54249999999999,0,0.60264769154394,0.60264769154394,0.99995945772171,0.99993863362944,0.99998158167753,0.99997241000487,8.2000489416412e-07,4.6226075289567e-22,5.7087363316579e-06,3.111853837536e-06,0.0099969732919398,-1.8121679750018e-07,1.8179692278235e-07,-4.8300792624158e-06,-5.2417801742748e-06,-2.4390392471537e-06,0.90003040060346,0.90001991236753,2.5,2.5,-5.0406405018955e-06,-0.0001
0.54374999999999,0,0.60264769154394,0.60264769154394,0.99995945502423,0.99993863473675,0.99998158246617,0.99997241051102,8.1104294126789e-07,4.6218000202212e-22,5.7089656738598e-06,3.1119089592668e-06,0.0099969730678945,-1.7923625274461e-07,1.79810037737e-07,-4.8303190187066e-06,-5.2418149030888e-06,-2.4387814324185e-06,0.90003040006235,0.90001991550522,2.5,2.5,-5.0408123783871e-06,-9.9999999999984e-05
0.54499999999999,0,0.60264769154394,0.60264769154394,0.99995945235624,0.99993863583196,0.9999815832462,0.99997241101163,8.0217893487305e-07,4.6210013368831e-22,5.7091925095601e-06,3.1119634785611e-06,0.0099969728462978,-1.7727735362432e-07,1.7784486763567e-07,-4.830556154666e-06,-5.2418492523452e-06,-2.4385264353754e-06,0.90003039952715,0.90001991860861,2.5,2.5,-5.0409823764155e-06,-0.00010000000000001
0.54624999999999,0,0.60264769154394,0.60264769154394,0.99995944971741,0.99993863691519,0.9999815840177,0.99997241150677,7.934118044896e-07,4.6202113824722e-22,5.7094168661364e-06,3.1120174020369e-06,0.0099969726271229,-1.7533986361839e-07,1.7590117518223e-07,-4.8307906989319e-06,-5.241883226194e-06,-2.4382742252376e-06,0.9000303989978,0.90001992167809,2.5,2.5,-5.0411505165107e-06,-0.0001
0.54749999999999,0,0.60264769154394,0.60264769154394,0.99995944710742,0.99993863798659,0.99998158478077,0.9999724119965,7.8474049134678e-07,4.619430061592e-22,5.7096387706832e-06,3.1120707361476e-06,0.0099969724103435,-1.7342354871286e-07,1.739787256437e-07,-4.8310226798298e-06,-5.241916828737e-06,-2.4380247715294e-06,0.90003039847424,0.90001992471402,2.5,2.5,-5.0413168189783e-06,-9.9999999999993e-05
0.54874999999999,0,0.60264769154394,0.60264769154394,0.99995944452595,0.99993863904627,0.9999815855355,0.99997241248088,7.7616394825987e-07,4.618657279862e-22,5.7098582500127e-06,3.1121234873761e-06,0.0099969721959333,-1.7152817748599e-07,1.7207728679608e-07,-4.8312521253735e-06,-5.2419500640342e-06,-2.4377780441454e-06,0.90003039795639,0.90001992771677,2.5,2.5,-5.041481303902e-06,-9.9999999999996e-05
0.54999999999999,0,0.60264769154394,0.60264769154394,0.9999594419727,0.99993864009438,0.99998158628198,0.99997241295997,7.6768113945989e-07,4.6178929440174e-22,5.7100753306058e-06,3.1121756620623e-06,0.0099969719838664,-1.6965352109021e-07,1.7019662909768e-07,-4.8314790632751e-06,-5.2419829360975e-06,-2.4375340132817e-06,0.90003039744421,0.9000199306867,2.5,2.5,-5.0416439911461e-06,-0.0001
0.55124999999999,0,0.60264769154394,0.60264769154394,0.99995943944735,0.99993864113103,0.9999815870203,0.99997241343381,7.5929104050044e-07,4.6171369616591e-22,5.7102900386923e-06,3.1122272665376e-06,0.0099969717741172,-1.6779935305279e-07,1.6833652535226e-07,-4.8317035209385e-06,-5.242015448898e-06,-2.4372926494653e-06,0.90003039693763,0.90001993362418,2.5,2.5,-5.0418049003576e-06,-9.9999999999999e-05
0.55249999999999,0,0.60264769154394,0.60264769154394,0.9999594369496,0.99993864215635,0.99998158775055,0.99997241390248,7.5099263816403e-07,4.6163892415516e-22,5.7105024002081e-06,3.1122783070056e-06,0.0099969715666604,-1.6596544947278e-07,1.6649675094716e-07,-4.8319255254725e-06,-5.2420476063613e-06,-2.4370539235478e-06,0.90003039643658,0.90001993652955,2.5,2.5,-5.0419640509689e-06,-0.00010000000000001
0.55374999999999,0,0.60264769154394,0.60264769154394,0.99995943447915,0.99993864317047,0.99998158847282,0.99997241436603,7.4278493026939e-07,4.6156496934418e-22,5.7107124407965e-06,3.1123287896532e-06,0.0099969713614709,-1.6415158892244e-07,1.6467708370813e-07,-4.8321451036845e-06,-5.2420794123702e-06,-2.4368178067001e-06,0.90003039594101,0.90001993940316,2.5,2.5,-5.0421214621998e-06,-9.9999999999998e-05
0.55499999999999,0,0.60264769154394,0.60264769154394,0.9999594320357,0.9999386441735,0.9999815891872,0.99997241482451,7.3466692560972e-07,4.6149182279013e-22,5.710920185812e-06,3.1123787205624e-06,0.0099969711585239,-1.6235755225869e-07,1.6287730387444e-07,-4.8323622820954e-06,-5.2421108707647e-06,-2.436584270408e-06,0.90003039545085,0.90001994224537,2.5,2.5,-5.0422771530605e-06,-9.9999999999988e-05
0.55624999999999,0,0.60264769154394,0.60264769154394,0.99995942961895,0.99993864516557,0.99998158989377,0.99997241527798,7.2663764380564e-07,4.6141947566458e-22,5.7111256603637e-06,3.1124281057873e-06,0.009996970957795,-1.6058312300771e-07,1.6109719413926e-07,-4.8325770869319e-06,-5.2421419853488e-06,-2.4363532864714e-06,0.90003039496605,0.90001994505652,2.5,2.5,-5.0424311423533e-06,-0.00010000000000001
0.55749999999999,0,0.60264769154394,0.60264769154394,0.99995942722862,0.99993864614679,0.99998159059262,0.99997241572649,7.186961151991e-07,4.6134791923663e-22,5.7113288892499e-06,3.1124769512608e-06,0.0099969707592599,-1.5882808661177e-07,1.593365394105e-07,-4.832789544135e-06,-5.2421727598762e-06,-2.4361248269842e-06,0.90003039448655,0.90001994783694,2.5,2.5,-5.0425834486746e-06,-0.0001
0.55874999999999,0,0.60264769154394,0.60264769154394,0.99995942486441,0.9999386471173,0.99998159128383,0.99997241617011,7.1084138071237e-07,4.6127714485746e-22,5.711529897008e-06,3.1125252628887e-06,0.0099969705628946,-1.5709223135897e-07,1.5759512718463e-07,-4.8329996793628e-06,-5.2422031980641e-06,-2.4358988643777e-06,0.90003039401229,0.90001995058698,2.5,2.5,-5.042734090418e-06,-9.9999999999993e-05
0.55999999999999,0,0.60264769154394,0.60264769154394,0.99995942252604,0.99993864807719,0.99998159196749,0.99997241660887,7.0307249175811e-07,4.6120714397821e-22,5.711728707942e-06,3.1125730465397e-06,0.0099969703686755,-1.5537534746103e-07,1.5587274709443e-07,-4.8332075179918e-06,-5.2422333035893e-06,-2.4356753713325e-06,0.90003039354321,0.90001995330696,2.5,2.5,-5.0428830857757e-06,-0.00010000000000001
0.56124999999999,0,0.60264769154394,0.60264769154394,0.99995942021322,0.9999386490266,0.99998159264367,0.99997241704284,6.9538851011412e-07,4.6113790815263e-22,5.7119253460086e-06,3.1126203079341e-06,0.0099969701765789,-1.5367722771804e-07,1.541691911623e-07,-4.8334130851224e-06,-5.2422630800859e-06,-2.4354543208917e-06,0.90003039307926,0.90001995599721,2.5,2.5,-5.0430304527416e-06,-9.999999999999e-05
0.56249999999999,0,0.60264769154394,0.60264769154394,0.99995941792569,0.99993864996563,0.99998159331247,0.99997241747207,6.877885078403e-07,4.6106942901466e-22,5.7121198350212e-06,3.1126670527988e-06,0.0099969699865818,-1.5199766686218e-07,1.5248425360387e-07,-4.8336164055788e-06,-5.2422925311514e-06,-2.4352356863264e-06,0.90003039262038,0.90001995865807,2.5,2.5,-5.0431762091125e-06,-9.9999999999993e-05
0.56374999999999,0,0.60264769154394,0.60264769154394,0.99995941566315,0.99993865089439,0.99998159397395,0.9999724178966,6.8027156709134e-07,4.6100169829292e-22,5.7123121984213e-06,3.1127132867901e-06,0.0099969697986613,-1.5033646226597e-07,1.5081773098834e-07,-4.8338175039179e-06,-5.2423216603422e-06,-2.4350194412656e-06,0.90003039216652,0.90001996128984,2.5,2.5,-5.0433203724907e-06,-0.00010000000000001
0.56499999999999,0,0.60264769154394,0.60264769154394,0.99995941342534,0.99993865181301,0.99998159462821,0.9999724183165,6.7283678008036e-07,4.6093470781369e-22,5.7125024594642e-06,3.1127590155013e-06,0.0099969696127945,-1.4869341315775e-07,1.4916942205064e-07,-4.8340164044228e-06,-5.242350471174e-06,-2.4348055595731e-06,0.90003039171761,0.90001996389284,2.5,2.5,-5.0434629602862e-06,-0.0001
0.56624999999999,0,0.60264769154394,0.60264769154394,0.99995941121199,0.99993865272158,0.99998159527531,0.9999724187318,6.654832489382e-07,4.6086844947942e-22,5.7126906411018e-06,3.1128042444007e-06,0.0099969694289591,-1.470683211884e-07,1.4753912772176e-07,-4.8342131311158e-06,-5.2423789671295e-06,-2.4345940154177e-06,0.90003039127362,0.9000199664674,2.5,2.5,-5.0436039897191e-06,-9.9999999999997e-05
0.56749999999999,0,0.60264769154394,0.60264769154394,0.99995940902283,0.99993865362023,0.99998159591534,0.99997241914257,6.5821008561464e-07,4.6080291529635e-22,5.7128767660984e-06,3.1128489789949e-06,0.0099969692471329,-1.4546099013303e-07,1.4592665112778e-07,-4.8344077077534e-06,-5.2424071516485e-06,-2.4343847832718e-06,0.90003039083447,0.90001996901382,2.5,2.5,-5.0437434778208e-06,-9.9999999999998e-05
0.56874999999999,0,0.60264769154394,0.60264769154394,0.99995940685759,0.99993865450905,0.99998159654838,0.99997241954885,6.5101641174391e-07,4.607380973422e-22,5.7130608568897e-06,3.1128932246937e-06,0.0099969690672938,-1.4387122576966e-07,1.4433179749285e-07,-4.8346001578349e-06,-5.2424350281354e-06,-2.4341778378438e-06,0.90003039040013,0.90001997153242,2.5,2.5,-5.0438814414367e-06,-0.00010000000000001
0.56999999999999,0,0.60264769154394,0.60264769154394,0.99995940471602,0.99993865538817,0.9999815971745,0.99997241995068,6.4390135858766e-07,4.6067398779241e-22,5.7132429357421e-06,3.1129369868254e-06,0.0099969688894203,-1.4229883615899e-07,1.4275437424851e-07,-4.834790504601e-06,-5.2424625999546e-06,-2.4339731541556e-06,0.90003038997053,0.90001997402348,2.5,2.5,-5.0440178972281e-06,-9.9999999999995e-05
0.57124999999999,0,0.60264769154394,0.60264769154394,0.99995940259786,0.99993865625767,0.99998159779378,0.99997242034813,6.3686406688625e-07,4.6061057891145e-22,5.7134230245966e-06,3.1129802706718e-06,0.0099969687134907,-1.407436315208e-07,1.4119419092976e-07,-4.8349787710406e-06,-5.2424898704393e-06,-2.433770707492e-06,0.90003038954562,0.90001997648732,2.5,2.5,-5.0441528616744e-06,-0.0001
0.57249999999999,0,0.60264769154394,0.60264769154394,0.99995940050284,0.99993865711767,0.99998159840628,0.99997242074123,6.2990368676857e-07,4.6054786302893e-22,5.7136011452602e-06,3.1130230814571e-06,0.009996968539484,-1.3920542383699e-07,1.3965105905086e-07,-4.8351649798879e-06,-5.2425168428792e-06,-2.4335704733859e-06,0.90003038912536,0.90001997892423,2.5,2.5,-5.0442863510745e-06,-9.9999999999994e-05
0.57374999999999,0,0.60264769154394,0.60264769154394,0.99995939843072,0.99993865796827,0.9999815990121,0.99997242113004,6.2301937766706e-07,4.6048583257803e-22,5.7137773192119e-06,3.113065424353e-06,0.0099969683673789,-1.376840275084e-07,1.3812479229073e-07,-4.8353491536319e-06,-5.2425435205339e-06,-2.4333724276778e-06,0.9000303887097,0.90001998133451,2.5,2.5,-5.0444183815496e-06,-0.00010000000000001
0.57499999999999,0,0.60264769154394,0.60264769154394,0.99995939638125,0.99993865880957,0.99998159961129,0.99997242151459,6.16210308168e-07,4.6042448007053e-22,5.7139515677329e-06,3.1131073044862e-06,0.0099969681971549,-1.3617925871763e-07,1.3661520632062e-07,-4.8355313145151e-06,-5.2425699066251e-06,-2.4331765464343e-06,0.90003038829857,0.90001998371845,2.5,2.5,-5.0445489690444e-06,-9.9999999999991e-05
0.57624999999999,0,0.60264769154394,0.60264769154394,0.99995939435417,0.99993865964168,0.99998160020393,0.99997242189494,6.0947565598781e-07,4.6036379808968e-22,5.7141239118456e-06,3.1131487269132e-06,0.0099969680287912,-1.3469093576864e-07,1.3512211884788e-07,-4.8357114845344e-06,-5.2425960043383e-06,-2.4329828060058e-06,0.90003038789194,0.90001998607633,2.5,2.5,-5.0446781293294e-06,-0.0001
0.57749999999999,0,0.60264769154394,0.60264769154394,0.99995939234926,0.9999386604647,0.9999816007901,0.99997242227114,6.028146077889e-07,4.6030377931316e-22,5.7142943724163e-06,3.1131896966202e-06,0.0099969678622676,-1.3321887892701e-07,1.3364534953748e-07,-4.8358896854499e-06,-5.2426218168264e-06,-2.4327911829931e-06,0.90003038748975,0.90001998840844,2.5,2.5,-5.0448058780028e-06,-0.0001
0.57874999999999,0,0.60264769154394,0.60264769154394,0.99995939036625,0.99993866127872,0.99998160136986,0.99997242264323,5.9622635917082e-07,4.6024441649198e-22,5.7144629699908e-06,3.1132302185566e-06,0.0099969676975639,-1.3176291037908e-07,1.3218472004057e-07,-4.8360659387821e-06,-5.2426473472054e-06,-2.4326016542557e-06,0.90003038709196,0.90001999071507,2.5,2.5,-5.0449322304924e-06,-9.9999999999987e-05
0.57999999999999,0,0.60264769154394,0.60264769154394,0.99995938840491,0.99993866208384,0.99998160194329,0.99997242301124,5.897101144777e-07,4.6018570245351e-22,5.7146297249269e-06,3.1132702976271e-06,0.0099969675346604,-1.3032285440639e-07,1.3074005399961e-07,-4.8362402658149e-06,-5.2426725985592e-06,-2.4324141969243e-06,0.90003038669852,0.90001999299648,2.5,2.5,-5.0450572020573e-06,-0.0001
0.58124999999999,0,0.60264769154394,0.60264769154394,0.99995938646501,0.99993866288017,0.99998160251044,0.99997242337524,5.8326508677054e-07,4.6012763011094e-22,5.7147946573827e-06,3.1133099386642e-06,0.0099969673735372,-1.2889853687824e-07,1.2931117689314e-07,-4.836412687602e-06,-5.2426975739375e-06,-2.4322287883158e-06,0.90003038630938,0.90001999525296,2.5,2.5,-5.0451808077897e-06,-0.00010000000000001
0.58249999999999,0,0.60264769154394,0.60264769154394,0.99995938454632,0.99993866366779,0.9999816030714,0.99997242373526,5.7689049770812e-07,4.6007019244656e-22,5.7149577872556e-06,3.1133491464495e-06,0.009996967214175,-1.274897860179e-07,1.2789791622415e-07,-4.8365832249677e-06,-5.2427222763566e-06,-2.4320454060688e-06,0.90003038592449,0.90001999748478,2.5,2.5,-5.0453030626171e-06,-0.0001
0.58374999999999,0,0.60264769154394,0.60264769154394,0.99995938264859,0.9999386644468,0.99998160362623,0.99997242409134,5.7058557745756e-07,4.6001338253095e-22,5.7151191342569e-06,3.1133879257341e-06,0.0099969670565544,-1.2609643160791e-07,1.2650010127487e-07,-4.8367518985049e-06,-5.2427467087991e-06,-2.4318640280429e-06,0.9000303855438,0.90001999969221,2.5,2.5,-5.0454239813037e-06,-9.9999999999992e-05
0.58499999999999,0,0.60264769154394,0.60264769154394,0.9999593807716,0.9999386652173,0.99998160417499,0.99997242444353,5.6434956460322e-07,4.5995719349573e-22,5.7152787178984e-06,3.1134262812149e-06,0.0099969669006565,-1.2471830536097e-07,1.2511756326479e-07,-4.8369187285841e-06,-5.2427708742149e-06,-2.4316846323253e-06,0.90003038516728,0.90002000187552,2.5,2.5,-5.0455435784523e-06,-0.0001
0.58624999999999,0,0.60264769154394,0.60264769154394,0.99995937891513,0.99993866597938,0.99998160471776,0.99997242479188,5.5818170604122e-07,4.599016185612e-22,5.7154365574191e-06,3.1134642174798e-06,0.0099969667464625,-1.2335524080193e-07,1.2375013517855e-07,-4.8370837353539e-06,-5.2427947755245e-06,-2.4315071972395e-06,0.90003038479487,0.90002000403496,2.5,2.5,-5.0456618685063e-06,-0.00010000000000001
0.58749999999999,0,0.60264769154394,0.60264769154394,0.99995937707894,0.99993866673313,0.9999816052546,0.99997242513641,5.5208125689816e-07,4.5984665101204e-22,5.7155926718827e-06,3.1135017391301e-06,0.0099969665939537,-1.2200707342537e-07,1.2239765193025e-07,-4.8372469387403e-06,-5.2428184156132e-06,-2.4313317013719e-06,0.90003038442653,0.9000200061708,2.5,2.5,-5.0457788657511e-06,-9.9999999999999e-05
0.58874999999999,0,0.60264769154394,0.60264769154394,0.99995937526283,0.99993866747864,0.99998160578556,0.99997242547718,5.4604748045409e-07,4.597922842079e-22,5.7157470801368e-06,3.1135388507181e-06,0.0099969664431116,-1.2067364037343e-07,1.2105995017871e-07,-4.8374083584523e-06,-5.242841797335e-06,-2.431158123532e-06,0.90003038406222,0.90002000828329,2.5,2.5,-5.0458945843159e-06,-0.0001
0.58999999999999,0,0.60264769154394,0.60264769154394,0.99995937346656,0.999938668216,0.99998160631073,0.99997242581423,5.4007964803992e-07,4.5973851158831e-22,5.7158998008471e-06,3.1135755567072e-06,0.0099969662939181,-1.1935478054756e-07,1.1973686835444e-07,-4.8375680139857e-06,-5.2428649235155e-06,-2.4309864427326e-06,0.90003038370189,0.9000200103727,2.5,2.5,-5.0460090381756e-06,-9.9999999999992e-05
0.59124999999999,0,0.60264769154394,0.60264769154394,0.99995937168992,0.99993866894531,0.99998160683015,0.99997242614759,5.3417703891873e-07,4.596853266612e-22,5.7160508524582e-06,3.1136118615326e-06,0.0099969661463552,-1.180503348139e-07,1.1842824669345e-07,-4.8377259246205e-06,-5.2428877969467e-06,-2.4308166382682e-06,0.90003038334549,0.90002001243928,2.5,2.5,-5.0461222411526e-06,-0.00010000000000001
0.59249999999999,0,0.60264769154394,0.60264769154394,0.99995936993271,0.99993866966664,0.9999816073439,0.99997242647731,5.2833894028716e-07,4.5963272299801e-22,5.7162002532098e-06,3.1136477695794e-06,0.009996966000405,-1.1676014550689e-07,1.1713392713205e-07,-4.8378821094271e-06,-5.2429104203908e-06,-2.4306486896268e-06,0.900030382993,0.90002001448327,2.5,2.5,-5.0462342069177e-06,-9.9999999999998e-05
0.59374999999999,0,0.60264769154394,0.60264769154394,0.99995936819469,0.99993867038009,0.99998160785203,0.99997242680342,5.2256464706824e-07,4.595806942468e-22,5.7163480211322e-06,3.113683285164e-06,0.00999696585605,-1.1548405686351e-07,1.1585375338756e-07,-4.8380365872662e-06,-5.2429327965791e-06,-2.4304825765101e-06,0.90003038264435,0.90002001650492,2.5,2.5,-5.0463449489926e-06,-9.9999999999994e-05
0.59499999999999,0,0.60264769154394,0.60264769154394,0.99995936647567,0.99993867108575,0.99998160835461,0.99997242712597,5.1685346195136e-07,4.5952923412652e-22,5.7164941740591e-06,3.1137184125991e-06,0.0099969657132726,-1.1422191478264e-07,1.1458757084101e-07,-4.8381893767957e-06,-5.2429549282147e-06,-2.4303182788747e-06,0.90003038229952,0.90002001850447,2.5,2.5,-5.0464544807512e-06,-0.00010000000000001
0.59624999999999,0,0.60264769154394,0.60264769154394,0.99995936477544,0.99993867178369,0.9999816088517,0.999972427445,5.1120469521025e-07,4.5947833641973e-22,5.7166387296922e-06,3.1137531561165e-06,0.0099969655720556,-1.12973566869e-07,1.1333522660631e-07,-4.838340496465e-06,-5.242976817972e-06,-2.4301557768702e-06,0.90003038195845,0.90002002048217,2.5,2.5,-5.0465628154213e-06,-9.9999999999996e-05
0.59749999999999,0,0.60264769154394,0.60264769154394,0.99995936309379,0.999938672474,0.99998160934336,0.99997242776054,5.056176646572e-07,4.5942799498234e-22,5.7167817054244e-06,3.113787519929e-06,0.009996965432382,-1.1173886227325e-07,1.1209656940397e-07,-4.8384899645265e-06,-5.2429984684915e-06,-2.4299950508679e-06,0.90003038162111,0.90002002243826,2.5,2.5,-5.0466699660861e-06,-9.9999999999993e-05
0.59874999999999,0,0.60264769154394,0.60264769154394,0.99995936143052,0.99993867315677,0.99998160982964,0.99997242807263,5.0009169559379e-07,4.5937820373708e-22,5.7169231185873e-06,3.1138215081747e-06,0.009996965294235,-1.1051765200989e-07,1.108714496853e-07,-4.8386377990291e-06,-5.2430198823906e-06,-2.4298360814687e-06,0.90003038128746,0.90002002437296,2.5,2.5,-5.0467759456856e-06,-0.00010000000000001
0.59999999999999,0,0.60264769154394,0.60264769154394,0.99995935978543,0.99993867383208,0.9999816103106,0.99997242838131,4.9462612062943e-07,4.5932895666271e-22,5.7170629861942e-06,3.1138551249442e-06,0.0099969651575977,-1.0930978849384e-07,1.0965971945786e-07,-4.8387840178275e-06,-5.2430410622528e-06,-2.4296788494743e-06,0.90003038095745,0.90002002628653,2.5,2.5,-5.0468807670187e-06,-9.9999999999994e-05
0.60124999999999,0,0.60264769154394,0.60264769154394,0.99995935815832,0.9999386745,0.99998161078631,0.99997242868661,4.8922027972631e-07,4.5928024781928e-22,5.7172013251839e-06,3.1138883743295e-06,0.0099969650224538,-1.0811512590464e-07,1.0846123243632e-07,-4.8389286385794e-06,-5.2430620106383e-06,-2.4295233358832e-06,0.90003038063106,0.90002002817918,2.5,2.5,-5.0469844427441e-06,-0.0001
0.60249999999999,0,0.60264769154394,0.60264769154394,0.99995935654899,0.99993867516063,0.99998161125682,0.99997242898858,4.8387352007677e-07,4.5923207132125e-22,5.7173381522362e-06,3.1139212603184e-06,0.0099969648887869,-1.0693351994086e-07,1.072758438191e-07,-4.8390716787489e-06,-5.2430827300744e-06,-2.4293695219278e-06,0.90003038030822,0.90002003005114,2.5,2.5,-5.0470869853825e-06,-9.9999999999992e-05
0.60374999999999,0,0.60264769154394,0.60264769154394,0.99995935495725,0.99993867581404,0.99998161172219,0.99997242928725,4.7858519591229e-07,4.5918442135039e-22,5.7174734838948e-06,3.1139537868821e-06,0.0099969647565809,-1.0576482791485e-07,1.0610341048815e-07,-4.8392131556121e-06,-5.2431032230656e-06,-2.4292173890224e-06,0.90003037998892,0.90002003190265,2.5,2.5,-5.0471884073174e-06,-0.00010000000000002
0.60499999999999,0,0.60264769154394,0.60264769154394,0.9999593533829,0.9999386764603,0.99998161218247,0.99997242958266,4.7335466861437e-07,4.5913729215116e-22,5.7176073364806e-06,3.1139859579822e-06,0.0099969646258198,-1.0460890872735e-07,1.0494379087904e-07,-4.8393530862555e-06,-5.243123492086e-06,-2.4290669188029e-06,0.90003037967311,0.90002003373392,2.5,2.5,-5.0472887207971e-06,-9.9999999999992e-05
0.60624999999999,0,0.60264769154394,0.60264769154394,0.99995935182576,0.9999386770995,0.99998161263773,0.99997242987483,4.6818130651157e-07,4.5909067803906e-22,5.7177397262078e-06,3.1140177774609e-06,0.0099969644964877,-1.0346562271549e-07,1.0379684489854e-07,-4.8394914875741e-06,-5.2431435395832e-06,-2.4289180930955e-06,0.90003037936075,0.90002003554517,2.5,2.5,-5.0473879379363e-06,-0.0001
0.60749999999999,0,0.60264769154394,0.60264769154394,0.99995935028564,0.99993867773172,0.999981613088,0.99997243016382,4.6306448484902e-07,4.590445733765e-22,5.7178706689879e-06,3.1140492491879e-06,0.0099969643685692,-1.0233483189234e-07,1.0266243408664e-07,-4.8396283762869e-06,-5.2431633679795e-06,-2.4287708939238e-06,0.9000303790518,0.90002003733664,2.5,2.5,-5.047486070717e-06,-9.9999999999994e-05
0.60874999999999,0,0.60264769154394,0.60264769154394,0.99995934876235,0.99993867835703,0.99998161353336,0.99997243044964,4.580035856774e-07,4.589989725956e-22,5.7180001807052e-06,3.1140803769484e-06,0.0099969642420487,-1.012163996044e-07,1.0154042138466e-07,-4.8397637689219e-06,-5.2431829796663e-06,-2.4286253035185e-06,0.90003037874623,0.90002003910852,2.5,2.5,-5.0475831309902e-06,-0.0001
0.60999999999999,0,0.60264769154394,0.60264769154394,0.99995934725571,0.9999386789755,0.99998161397384,0.99997243073234,4.5299799779567e-07,4.5895387019778e-22,5.7181282769538e-06,3.1141111645081e-06,0.0099969641169109,-1.0011019080966e-07,1.0043067133157e-07,-4.8398976818309e-06,-5.2432023770154e-06,-2.4284813042814e-06,0.900030378444,0.90002004086103,2.5,2.5,-5.0476791304775e-06,-0.0001
0.61124999999999,0,0.60264769154394,0.60264769154394,0.99995934576554,0.99993867958721,0.99998161440952,0.99997243101195,4.4804711671777e-07,4.5890926072999e-22,5.7182549732201e-06,3.1141416156117e-06,0.0099969639931408,-9.9016071975181e-08,9.9333049903585e-08,-4.8400301311858e-06,-5.2432215623679e-06,-2.4283388788423e-06,0.90003037814507,0.9000200425944,2.5,2.5,-5.0477740807724e-06,-9.9999999999991e-05
0.61249999999999,0,0.60264769154394,0.60264769154394,0.99995934429165,0.99993868019224,0.99998161484043,0.99997243128851,4.4315034453483e-07,4.5886513880027e-22,5.7183802847978e-06,3.1141717338733e-06,0.0099969638707235,-9.793391089839e-08,9.8247424535684e-08,-4.8401611329838e-06,-5.2432405380407e-06,-2.4281980099857e-06,0.9000303778494,0.90002004430881,2.5,2.5,-5.0478679933418e-06,-0.0001
0.61374999999999,0,0.60264769154394,0.60264769154394,0.99995934283388,0.99993868079066,0.99998161526663,0.99997243156204,4.3830708990019e-07,4.5882149909218e-22,5.7185042268407e-06,3.1142015229799e-06,0.009996963749644,-9.6863576968002e-08,9.7173664150806e-08,-4.8402907030437e-06,-5.2432593063258e-06,-2.42805868071e-06,0.90003037755697,0.9000200460045,2.5,2.5,-5.0479608795271e-06,-0.00010000000000001
0.61499999999999,0,0.60264769154394,0.60264769154394,0.99995934139203,0.99993868138253,0.99998161568818,0.99997243183258,4.3351676790008e-07,4.5877833632512e-22,5.7186268143018e-06,3.1142309865263e-06,0.0099969636298878,-9.5804940779243e-08,9.6111639001421e-08,-4.8404188570122e-06,-5.2432778694887e-06,-2.4279208741801e-06,0.90003037726774,0.90002004768165,2.5,2.5,-5.0480527505456e-06,-9.9999999999978e-05
0.61624999999999,0,0.60264769154394,0.60264769154394,0.99995933996594,0.99993868196794,0.99998161610512,0.99997243210017,4.2877880000544e-07,4.5873564529071e-22,5.7187480619792e-06,3.1142601280639e-06,0.0099969635114405,-9.4757874674084e-08,9.5061220915751e-08,-4.8405456103681e-06,-5.2432962297737e-06,-2.4277845737657e-06,0.90003037698167,0.90002004934046,2.5,2.5,-5.0481436174925e-06,-0.00010000000000001
0.61749999999999,0,0.60264769154394,0.60264769154394,0.99995933855544,0.99993868254695,0.9999816165175,0.99997243236483,4.240926140701e-07,4.5869342083209e-22,5.7188679845264e-06,3.1142889511084e-06,0.0099969633942877,-9.372225203239e-08,9.4022282979542e-08,-4.8406709784186e-06,-5.2433143893947e-06,-2.4276497629893e-06,0.90003037669872,0.90002005098115,2.5,2.5,-5.0482334913412e-06,-0.00010000000000001
0.61874999999999,0,0.60264769154394,0.60264769154394,0.99995933716035,0.99993868311963,0.99998161692537,0.9999724326266,4.1945764414855e-07,4.5865165785054e-22,5.7189865964101e-06,3.1143174591255e-06,0.0099969632784152,-9.2697947867367e-08,9.299469975628e-08,-4.8407949763037e-06,-5.2433323505479e-06,-2.4275164255745e-06,0.90003037641887,0.90002005260391,2.5,2.5,-5.0483223829455e-06,-9.9999999999984e-05
0.61999999999999,0,0.60264769154394,0.60264769154394,0.99995933578051,0.99993868368605,0.99998161732879,0.99997243288551,4.1487333047489e-07,4.5861035130422e-22,5.7191039119978e-06,3.11434565558e-06,0.0099969631638092,-9.1684838578837e-08,9.1978347163603e-08,-4.8409176189975e-06,-5.2433501154003e-06,-2.427384545444e-06,0.90003037614207,0.90002005420894,2.5,2.5,-5.0484103030406e-06,-0.00010000000000001
0.62124999999999,0,0.60264769154394,0.60264769154394,0.99995933441575,0.99993868424628,0.99998161772779,0.99997243314159,4.103391194457e-07,4.585694962034e-22,5.7192199453955e-06,3.1143735438872e-06,0.0099969630504557,-9.0682801569574e-08,9.0973102397359e-08,-4.8410389213104e-06,-5.2433676860985e-06,-2.4272541066327e-06,0.9000303758683,0.90002005579642,2.5,2.5,-5.0484972622441e-06,-0.00010000000000001
0.62249999999999,0,0.60264769154394,0.60264769154394,0.99995933306591,0.99993868480039,0.99998161812244,0.99997243339487,4.058544634561e-07,4.585290876131e-22,5.7193347106676e-06,3.1144011273812e-06,0.009996962938341,-8.9691716026442e-08,8.9978844102038e-08,-4.8411588978936e-06,-5.2433850647636e-06,-2.4271250934147e-06,0.90003037559752,0.90002005736655,2.5,2.5,-5.0485832710578e-06,-9.9999999999997e-05
0.62374999999999,0,0.60264769154394,0.60264769154394,0.99995933173082,0.99993868534844,0.99998161851277,0.99997243364538,4.0141882092786e-07,4.5848912065382e-22,5.7194482216376e-06,3.1144284094282e-06,0.0099969628274517,-8.8711462189285e-08,8.8995452226996e-08,-4.8412775632355e-06,-5.2434022534953e-06,-2.4269974901917e-06,0.9000303753297,0.90002005891952,2.5,2.5,-5.0486683398688e-06,-9.9999999999995e-05
0.62499999999999,0,0.60264769154394,0.60264769154394,0.99995933041032,0.9999386858905,0.99998161889884,0.99997243389316,3.9703165618126e-07,4.5844959050016e-22,5.7195604920375e-06,3.1144553932826e-06,0.0099969627177743,-8.7741921769233e-08,8.80228079863e-08,-4.8413949316665e-06,-5.2434192543693e-06,-2.4268712815781e-06,0.90003037506481,0.90002006045552,2.5,2.5,-5.0487524789502e-06,-0.0001
0.62624999999999,0,0.60264769154394,0.60264769154394,0.99995932910425,0.99993868642664,0.99998161928069,0.99997243413822,3.9269243940286e-07,4.5841049237783e-22,5.719671535432e-06,3.1144820822303e-06,0.0099969626092956,-8.6782977474647e-08,8.7060793888833e-08,-4.8415110173599e-06,-5.2434360694368e-06,-2.4267464523027e-06,0.90003037480281,0.90002006197473,2.5,2.5,-5.0488356984634e-06,-0.00010000000000001
0.62749999999999,0,0.60264769154394,0.60264769154394,0.99995932781245,0.99993868695692,0.99998161965836,0.99997243438061,3.8840064655239e-07,4.5837182156413e-22,5.7197813651924e-06,3.1145084795163e-06,0.0099969625020024,-8.5834513709023e-08,8.610929379582e-08,-4.8416258343375e-06,-5.2434527007312e-06,-2.4266229873175e-06,0.90003037454368,0.90002006347734,2.5,2.5,-5.0489180084584e-06,-9.9999999999998e-05
0.62874999999999,0,0.60264769154394,0.60264769154394,0.99995932653478,0.9999386874814,0.99998162003191,0.99997243462035,3.8415575933541e-07,4.5833357338822e-22,5.7198899946174e-06,3.1145345882842e-06,0.0099969623958819,-8.4896415752734e-08,8.5168192775617e-08,-4.8417393964618e-06,-5.2434691502581e-06,-2.4265008716822e-06,0.90003037428738,0.90002006496353,2.5,2.5,-5.0489994188755e-06,-9.9999999999996e-05
0.62999999999999,0,0.60264769154394,0.60264769154394,0.99995932527107,0.99993868800015,0.99998162040137,0.99997243485747,3.7995726511042e-07,4.5829574323211e-22,5.7199974368345e-06,3.114560411699e-06,0.0099969622909212,-8.3968570532439e-08,8.423737721433e-08,-4.8418517174497e-06,-5.2434854200087e-06,-2.4263800906806e-06,0.90003037403388,0.90002006643347,2.5,2.5,-5.0490799395464e-06,-0.00010000000000001
0.63124999999999,0,0.60264769154394,0.60264769154394,0.99995932402117,0.99993868851323,0.9999816207668,0.99997243509199,3.7580465683425e-07,4.5825832653048e-22,5.7201037047628e-06,3.114585952899e-06,0.0099969621871076,-8.3050865772435e-08,8.3316734645173e-08,-4.8419628108658e-06,-5.2435015119418e-06,-2.4262606297094e-06,0.90003037378315,0.90002006788735,2.5,2.5,-5.0491595801951e-06,-9.9999999999989e-05
0.63249999999999,0,0.60264769154394,0.60264769154394,0.99995932278493,0.99993868902071,0.99998162112823,0.99997243532396,3.7169743301887e-07,4.5822131875935e-22,5.7202088112948e-06,3.1146112149512e-06,0.0099969620844286,-8.2143190764213e-08,8.2406153930679e-08,-4.8420726901254e-06,-5.2435174280054e-06,-2.4261424743364e-06,0.90003037353516,0.90002006932534,2.5,2.5,-5.0492383504395e-06,-0.00010000000000001
0.63374999999999,0,0.60264769154394,0.60264769154394,0.9999593215622,0.99993868952263,0.99998162148571,0.99997243555339,3.6763509766247e-07,4.5818471544852e-22,5.7203127691043e-06,3.114636200906e-06,0.0099969619828718,-8.1245435885661e-08,8.1505525056232e-08,-4.8421813684991e-06,-5.24353317012e-06,-2.4260256103135e-06,0.90003037328988,0.90002007074761,2.5,2.5,-5.0493162597924e-06,-9.999999999999e-05
0.63499999999999,0,0.60264769154394,0.60264769154394,0.99995932035283,0.99993869001908,0.99998162183929,0.99997243578031,3.6361716013322e-07,4.581485121826e-22,5.720415590742e-06,3.1146609137968e-06,0.009996961882425,-8.0357492654213e-08,8.0614739301507e-08,-4.8422888591103e-06,-5.2435487401848e-06,-2.4259100235083e-06,0.90003037304728,0.90002007215434,2.5,2.5,-5.0493933176627e-06,-0.00010000000000001
0.63624999999999,0,0.60264769154394,0.60264769154394,0.99995931915669,0.99993869051009,0.999981622189,0.99997243600475,3.5964313525072e-07,4.5811270458852e-22,5.7205172886229e-06,3.1146853565767e-06,0.0099969617830759,-7.9479253946664e-08,7.9733689099863e-08,-4.8423951749403e-06,-5.243564140085e-06,-2.4257956999648e-06,0.90003037280733,0.90002007354569,2.5,2.5,-5.0494695333563e-06,-9.9999999999985e-05
0.63749999999999,0,0.60264769154394,0.60264769154394,0.99995931797361,0.99993869099574,0.99998162253489,0.99997243622674,3.557125430509e-07,4.5807728833906e-22,5.7206178750326e-06,3.1147095322291e-06,0.0099969616848126,-7.8610613598044e-08,7.8862267995004e-08,-4.8425003288304e-06,-5.2435793716756e-06,-2.4256826258813e-06,0.90003037257001,0.90002007492184,2.5,2.5,-5.0495449160775e-06,-0.00010000000000001
0.63874999999999,0,0.60264769154394,0.60264769154394,0.99995931680347,0.99993869147608,0.999981622877,0.9999724364463,3.5182490888376e-07,4.5804225915909e-22,5.7207173621052e-06,3.1147334436789e-06,0.0099969615876233,-7.7751466748994e-08,7.8000370773686e-08,-4.8426043334784e-06,-5.2435944367983e-06,-2.4255707876058e-06,0.90003037233528,0.90002007628295,2.5,2.5,-5.04961947493e-06,-9.999999999999e-05
0.63999999999999,0,0.60264769154394,0.60264769154394,0.99995931564611,0.99993869195118,0.99998162321537,0.99997243666346,3.4797976322541e-07,4.5800761282137e-22,5.7208157619132e-06,3.1147570937713e-06,0.0099969614914962,-7.690170967679e-08,7.7147893381936e-08,-4.8427072014436e-06,-5.2436093372725e-06,-2.4254601716272e-06,0.90003037210311,0.90002007762918,2.5,2.5,-5.0496932189179e-06,-0.00010000000000001
0.64124999999999,0,0.60264769154394,0.60264769154394,0.9999593145014,0.99993869242108,0.99998162355004,0.99997243687825,3.4417664172372e-07,4.5797334513447e-22,5.7209130862559e-06,3.1147804854074e-06,0.0099969613964196,-7.606123965479e-08,7.6304732807699e-08,-4.8428089451502e-06,-5.2436240748966e-06,-2.4253507645796e-06,0.90003037187348,0.9000200789607,2.5,2.5,-5.0497661569469e-06,-0.0001
0.64249999999999,0,0.60264769154394,0.60264769154394,0.9999593133692,0.99993869288584,0.99998162388105,0.99997243709069,3.4041508509112e-07,4.5793945196644e-22,5.7210093469522e-06,3.1148036213873e-06,0.0099969613023822,-7.5229955301913e-08,7.5470787281444e-08,-4.8429095768846e-06,-5.2436386514517e-06,-2.4252425532574e-06,0.90003037164637,0.90002008027766,2.5,2.5,-5.0498382978258e-06,-9.9999999999998e-05
0.64374999999999,0,0.60264769154394,0.60264769154394,0.99995931224938,0.99993869334553,0.99998162420845,0.99997243730081,3.366946390575e-07,4.5790592922053e-22,5.7211045555785e-06,3.1148265045078e-06,0.0099969612093725,-7.4407756176265e-08,7.464595603845e-08,-4.8430091088005e-06,-5.2436530686981e-06,-2.4251355246036e-06,0.90003037142173,0.90002008158023,2.5,2.5,-5.0499096502664e-06,-9.9999999999991e-05
0.64499999999999,0,0.60264769154394,0.60264769154394,0.9999593111418,0.99993869380019,0.99998162453227,0.99997243750864,3.3301485432073e-07,4.5787277285156e-22,5.7211987236574e-06,3.1148491375336e-06,0.0099969611173793,-7.359454296218e-08,7.3830139543689e-08,-4.8431075529178e-06,-5.2436673283752e-06,-2.4250296656662e-06,0.90003037119955,0.90002008286857,2.5,2.5,-5.0499802228858e-06,-9.9999999999993e-05
0.64624999999999,0,0.60264769154394,0.60264769154394,0.99995931004632,0.99993869424988,0.99998162485255,0.99997243771419,3.2937528649059e-07,4.578399788548e-22,5.7212918625615e-06,3.114871523203e-06,0.0099969610263915,-7.2790217522529e-08,7.3023239197271e-08,-4.8432049211246e-06,-5.243681432207e-06,-2.4249249636918e-06,0.90003037097979,0.90002008414283,2.5,2.5,-5.0500500242068e-06,-0.00010000000000001
0.64749999999999,0,0.60264769154394,0.60264769154394,0.99995930896281,0.99993869469466,0.99998162516932,0.99997243791749,3.2577549602337e-07,4.5780754326563e-22,5.7213839835419e-06,3.1148936642088e-06,0.0099969609363982,-7.1994682617453e-08,7.2225157568652e-08,-4.8433012251811e-06,-5.2436953818953e-06,-2.4248214060169e-06,0.90003037076244,0.90002008540316,2.5,2.5,-5.0501190626589e-06,-0.00010000000000001
0.64874999999999,0,0.60264769154394,0.60264769154394,0.99995930789115,0.99993869513457,0.99998162548264,0.99997243811858,3.222150482008e-07,4.5777546217068e-22,5.7214750977445e-06,3.114915563244e-06,0.0099969608473884,-7.1207842203749e-08,7.1435798295564e-08,-4.8433964767149e-06,-5.2437091791247e-06,-2.424718980125e-06,0.90003037054747,0.90002008664971,2.5,2.5,-5.0501873465798e-06,-9.9999999999996e-05
0.64999999999999,0,0.60264769154394,0.60264769154394,0.99995930683119,0.99993869556968,0.99998162579253,0.99997243831746,3.186935130108e-07,4.5774373169198e-22,5.7215652161053e-06,3.1149372229283e-06,0.0099969607593514,-7.0429601390367e-08,7.0655066077756e-08,-4.8434906872314e-06,-5.2437228255636e-06,-2.4246176736784e-06,0.90003037033484,0.90002008788265,2.5,2.5,-5.0502548842158e-06,-0.0001
0.65124999999999,0,0.60264769154394,0.60264769154394,0.99995930578283,0.99993869600003,0.99998162609904,0.99997243851418,3.1521046521236e-07,4.5771234800409e-22,5.7216543495593e-06,3.1149586459085e-06,0.0099969606722765,-6.9659865987181e-08,6.988286656845e-08,-4.8435838681083e-06,-5.2437363228575e-06,-2.4245174744131e-06,0.90003037012454,0.9000200891021,2.5,2.5,-5.050321683723e-06,-9.9999999999992e-05
0.65249999999999,0,0.60264769154394,0.60264769154394,0.99995930474592,0.99993869642568,0.99998162640219,0.99997243870874,3.1176548414429e-07,4.5768130730957e-22,5.7217425088783e-06,3.1149798347437e-06,0.0099969605861534,-6.8898543189314e-08,6.9119106539745e-08,-4.8436760305977e-06,-5.2437496726385e-06,-2.4244183702484e-06,0.90003036991653,0.90002009030823,2.5,2.5,-5.0503877531688e-06,-0.00010000000000001
0.65374999999999,0,0.60264769154394,0.60264769154394,0.99995930372034,0.99993869684668,0.99998162670204,0.99997243890117,3.0835815376436e-07,4.5765060586328e-22,5.7218297046694e-06,3.1150007919933e-06,0.0099969605009714,-6.814554094236e-08,6.8363693743805e-08,-4.8437671858296e-06,-5.2437628765171e-06,-2.4243203491996e-06,0.9000303697108,0.90002009150118,2.5,2.5,-5.050453100532e-06,-9.9999999999994e-05
0.65499999999999,0,0.60264769154394,0.60264769154394,0.99995930270597,0.99993869726308,0.9999816269986,0.99997243909151,3.049880626122e-07,4.5762023996278e-22,5.7219159474961e-06,3.1150215202215e-06,0.0099969604167205,-6.7400768476144e-08,6.7616537012254e-08,-4.8438573448122e-06,-5.2437759360893e-06,-2.4242233994509e-06,0.90003036950732,0.90002009268109,2.5,2.5,-5.0505177337043e-06,-0.0001
0.65624999999999,0,0.60264769154394,0.60264769154394,0.99995930170269,0.99993869767492,0.99998162729193,0.99997243927976,3.0165480365558e-07,4.5759020592887e-22,5.7220012477603e-06,3.1150420218801e-06,0.0099969603333903,-6.6664135575602e-08,6.6877546013889e-08,-4.8439465184345e-06,-5.2437888529303e-06,-2.424127509258e-06,0.90003036930606,0.9000200938481,2.5,2.5,-5.0505816604913e-06,-0.00010000000000001
0.65749999999999,0,0.60264769154394,0.60264769154394,0.99995930071037,0.99993869808227,0.99998162758204,0.99997243946595,2.9835797439446e-07,4.5756050014763e-22,5.7220856157573e-06,3.1150622994996e-06,0.0099969602509709,-6.593555357563e-08,6.6146631574648e-08,-4.8440347174654e-06,-5.2438016286025e-06,-2.4240326670791e-06,0.900030369107,0.90002009500236,2.5,2.5,-5.0506448886131e-06,-9.9999999999986e-05
0.65874999999999,0,0.60264769154394,0.60264769154394,0.99995929972889,0.99993869848516,0.99998162786899,0.99997243965012,2.9509717663877e-07,4.5753111901984e-22,5.7221690617032e-06,3.1150823554835e-06,0.0099969601694522,-6.5214934307828e-08,6.5423705408369e-08,-4.8441219525556e-06,-5.2438142646466e-06,-2.4239388614434e-06,0.90003036891012,0.90002009614401,2.5,2.5,-5.0507074257055e-06,-9.9999999999998e-05
0.65999999999999,0,0.60264769154394,0.60264769154394,0.99995929875815,0.99993869888365,0.9999816281528,0.99997243983226,2.9187201663333e-07,4.5750205900611e-22,5.7222515956638e-06,3.1151021922715e-06,0.0099969600888245,-6.4502190791684e-08,6.4708680206807e-08,-4.8442082342415e-06,-5.2438267625904e-06,-2.42384608102e-06,0.90003036871539,0.90002009727317,2.5,2.5,-5.0507692793209e-06,-0.00010000000000001
0.66124999999999,0,0.60264769154394,0.60264769154394,0.99995929779801,0.99993869927778,0.99998162843351,0.99997244001242,2.8868210486475e-07,4.5747331659218e-22,5.722333227563e-06,3.1151218122825e-06,0.0099969600090779,-6.3797236958136e-08,6.4001469629439e-08,-4.8442935729418e-06,-5.2438391239421e-06,-2.4237543146061e-06,0.90003036852279,0.90002009839,2.5,2.5,-5.0508304569292e-06,-9.9999999999993e-05
0.66249999999999,0,0.60264769154394,0.60264769154394,0.99995929684837,0.99993869966761,0.99998162871116,0.99997244019061,2.8552705610134e-07,4.5744488830833e-22,5.7224139673283e-06,3.1151412178548e-06,0.0099969599302029,-6.3099987670044e-08,6.3301988240671e-08,-4.8443779789632e-06,-5.2438513501941e-06,-2.4236635511225e-06,0.90003036833229,0.90002009949462,2.5,2.5,-5.0508909659186e-06,-0.00010000000000001
0.66374999999999,0,0.60264769154394,0.60264769154394,0.9999592959091,0.99993870005317,0.99998162898576,0.99997244036685,2.8240648932806e-07,4.5741677072154e-22,5.7224938246603e-06,3.1151604113297e-06,0.00999695985219,-6.2410358692579e-08,6.261015158301e-08,-4.8444614624992e-06,-5.2438634428249e-06,-2.4235737796033e-06,0.90003036814387,0.90002010058717,2.5,2.5,-5.0509508135962e-06,-9.999999999999e-05
0.66499999999999,0,0.60264769154394,0.60264769154394,0.99995929498011,0.99993870043453,0.99998162925737,0.99997244054116,2.7932002768981e-07,4.5738896043499e-22,5.7225728092015e-06,3.115179395048e-06,0.0099969597750296,-6.1728266837884e-08,6.192587614353e-08,-4.8445440336314e-06,-5.2438754032915e-06,-2.423484989216e-06,0.90003036795751,0.90002010166778,2.5,2.5,-5.0510100071901e-06,-9.9999999999995e-05
0.66624999999999,0,0.60264769154394,0.60264769154394,0.99995929406126,0.99993870081171,0.99998162952601,0.99997244071357,2.7626729844288e-07,4.5736145409555e-22,5.7226509305401e-06,3.1151981712913e-06,0.0099969596987126,-6.1053629575908e-08,6.1249079191734e-08,-4.8446257023309e-06,-5.2438872330425e-06,-2.4233971692272e-06,0.90003036777319,0.90002010273657,2.5,2.5,-5.0510685538484e-06,-0.0001
0.66749999999999,0,0.60264769154394,0.60264769154394,0.99995929315246,0.99993870118477,0.99998162979171,0.9999724408841,2.7324793290163e-07,4.5733424836965e-22,5.7227281980546e-06,3.1152167423128e-06,0.0099969596232296,-6.0386365596958e-08,6.0579679119949e-08,-4.8447064784628e-06,-5.2438989335033e-06,-2.4233103090379e-06,0.90003036759089,0.90002010379369,2.5,2.5,-5.0511264606419e-06,-0.0001
0.66874999999999,0,0.60264769154394,0.60264769154394,0.99995929225358,0.99993870155376,0.99998163005451,0.99997244105276,2.7026156646155e-07,4.5730733998471e-22,5.7228046211391e-06,3.1152351103657e-06,0.0099969595485717,-5.9726394213045e-08,5.9917594984691e-08,-4.8447863717795e-06,-5.243910506089e-06,-2.4232243981518e-06,0.90003036741057,0.90002010483925,2.5,2.5,-5.0511837345635e-06,-9.9999999999999e-05
0.66999999999999,0,0.60264769154394,0.60264769154394,0.99995929136454,0.99993870191871,0.99998163031443,0.99997244121958,2.6730783844541e-07,4.5728072568463e-22,5.7228802089432e-06,3.1152532776771e-06,0.0099969594747296,-5.9073635772741e-08,5.9262746859004e-08,-4.8448653919304e-06,-5.243921952196e-06,-2.4231394262069e-06,0.90003036723223,0.90002010587339,2.5,2.5,-5.05124038253e-06,-0.0001
0.67124999999999,0,0.60264769154394,0.60264769154394,0.99995929048521,0.99993870227967,0.99998163057152,0.99997244138457,2.6438639216356e-07,4.5725440225332e-22,5.7229549706673e-06,3.1152712464443e-06,0.0099969594016946,-5.8428011346468e-08,5.8615055645597e-08,-4.8449435484587e-06,-5.2439332732053e-06,-2.423055382923e-06,0.90003036705584,0.90002010689622,2.5,2.5,-5.0512964113828e-06,-9.9999999999992e-05
0.67249999999999,0,0.60264769154394,0.60264769154394,0.99995928961549,0.99993870263669,0.99998163082579,0.99997244154776,2.6149687478174e-07,4.5722836651694e-22,5.723028915301e-06,3.1152890188212e-06,0.0099969593294578,-5.7789443171066e-08,5.7974443204804e-08,-4.8450208508037e-06,-5.243944470487e-06,-2.4229722581703e-06,0.90003036688137,0.90002010790788,2.5,2.5,-5.0513518278881e-06,-0.00010000000000001
0.67374999999999,0,0.60264769154394,0.60264769154394,0.99995928875527,0.99993870298981,0.99998163107729,0.99997244170917,2.5863893736989e-07,4.5720261532797e-22,5.7231020517731e-06,3.1153065969498e-06,0.0099969592580105,-5.7157853872282e-08,5.7340832042263e-08,-4.8450973082996e-06,-5.2439555453911e-06,-2.4228900418909e-06,0.90003036670881,0.90002010890847,2.5,2.5,-5.0514066387382e-06,-0.0001
0.67499999999999,0,0.60264769154394,0.60264769154394,0.99995928790446,0.99993870333907,0.99998163132604,0.99997244186881,2.5581223476108e-07,4.5717714557884e-22,5.7231743889352e-06,3.1153239829824e-06,0.009996959187344,-5.6533167412982e-08,5.6714145761194e-08,-4.8451729301799e-06,-5.2439664992578e-06,-2.4228087241716e-06,0.90003036653814,0.90002010989814,2.5,2.5,-5.0514608505527e-06,-9.999999999999e-05
0.67624999999999,0,0.60264769154394,0.60264769154394,0.99995928706294,0.99993870368451,0.99998163157207,0.99997244202671,2.5301642559966e-07,4.5715195419242e-22,5.7232459355157e-06,3.115341179004e-06,0.0099969591174499,-5.5915308171552e-08,5.6094308594944e-08,-4.8452477255795e-06,-5.2439773334069e-06,-2.4227282951842e-06,0.90003036636933,0.90002011087698,2.5,2.5,-5.0515144698783e-06,-0.0001
0.67749999999999,0,0.60264769154394,0.60264769154394,0.99995928623062,0.99993870402617,0.99998163181541,0.99997244218289,2.5025117223797e-07,4.5712703812486e-22,5.7233167001349e-06,3.1153581870797e-06,0.0099969590483196,-5.5304201639174e-08,5.5481245743767e-08,-4.8453217035273e-06,-5.243988049148e-06,-2.4226487452124e-06,0.90003036620237,0.90002011184513,2.5,2.5,-5.0515675031905e-06,-0.0001
0.67874999999999,0,0.60264769154394,0.60264769154394,0.9999592854074,0.9999387043641,0.99998163205609,0.99997244233735,2.4751614074276e-07,4.5710239436997e-22,5.7233866913758e-06,3.1153750092615e-06,0.0099969589799449,-5.4699773941406e-08,5.4874883100381e-08,-4.8453948729597e-06,-5.2439986477747e-06,-2.4225700646621e-06,0.90003036603723,0.9000201128027,2.5,2.5,-5.0516199568938e-06,-0.0001
0.67999999999999,0,0.60264769154394,0.60264769154394,0.99995928459318,0.99993870469834,0.99998163229414,0.99997244249013,2.44811000802e-07,4.5707801994707e-22,5.7234559176698e-06,3.115391647612e-06,0.0099969589123175,-5.4101952171835e-08,5.4275147531684e-08,-4.8454672427123e-06,-5.2440091305685e-06,-2.4224922440155e-06,0.9000303658739,0.9000201137498,2.5,2.5,-5.051671837323e-06,-9.9999999999987e-05
0.68124999999999,0,0.60264769154394,0.60264769154394,0.99995928378785,0.99993870502892,0.99998163252958,0.99997244264124,2.4213542574246e-07,4.5705391191968e-22,5.7235243873556e-06,3.1154081041114e-06,0.0099969588454291,-5.3510664024229e-08,5.3681966519141e-08,-4.8455388215272e-06,-5.2440194987933e-06,-2.4224152738847e-06,0.90003036571235,0.90002011468655,2.5,2.5,-5.0517231507436e-06,-0.00010000000000001
0.68249999999999,0,0.60264769154394,0.60264769154394,0.99995928299133,0.99993870535589,0.99998163276246,0.9999724427907,2.3948909238596e-07,4.5703006736703e-22,5.7235921087606e-06,3.1154243807563e-06,0.0099969587792718,-5.2925838229342e-08,5.309526852338e-08,-4.8456096180454e-06,-5.2440297537034e-06,-2.4223391449729e-06,0.90003036555257,0.90002011561307,2.5,2.5,-5.0517739033522e-06,-0.0001
0.68374999999999,0,0.60264769154394,0.60264769154394,0.99995928220351,0.99993870567929,0.99998163299279,0.99997244293852,2.3687168124423e-07,4.5700648342171e-22,5.7236590900077e-06,3.1154404794966e-06,0.0099969587138376,-5.2347404021391e-08,5.2514982591115e-08,-4.8456796408176e-06,-5.2440398965355e-06,-2.4222638480823e-06,0.90003036539453,0.90002011652945,2.5,2.5,-5.0518241012782e-06,-0.0001
0.68499999999999,0,0.60264769154394,0.60264769154394,0.9999592814243,0.99993870599916,0.9999816332206,0.99997244308473,2.3428287613634e-07,4.5698315722473e-22,5.7237253392094e-06,3.1154564022999e-06,0.0099969586491185,-5.1775291580914e-08,5.1941038687844e-08,-4.845748898302e-06,-5.2440499285142e-06,-2.422189374117e-06,0.90003036523822,0.90002011743582,2.5,2.5,-5.0518737505836e-06,-9.9999999999992e-05
0.68624999999999,0,0.60264769154394,0.60264769154394,0.99995928065361,0.99993870631552,0.99998163344593,0.99997244322934,2.3172236448293e-07,4.5696008596504e-22,5.723790864384e-06,3.1154721510865e-06,0.0099969585851067,-5.1209431956456e-08,5.1373367532773e-08,-4.8458173988597e-06,-5.2440598508538e-06,-2.4221157141056e-06,0.90003036508362,0.90002011833229,2.5,2.5,-5.0519228572647e-06,-0.0001
0.68749999999999,0,0.60264769154394,0.60264769154394,0.99995927989134,0.99993870662843,0.99998163366879,0.99997244337237,2.2918983701542e-07,4.5693726685354e-22,5.7238556734028e-06,3.1154877277487e-06,0.0099969585217945,-5.0649756581017e-08,5.0811900512227e-08,-4.8458851507667e-06,-5.2440696647495e-06,-2.4220428591241e-06,0.90003036493071,0.90002011921896,2.5,2.5,-5.0519714272517e-06,-0.0001
0.68874999999999,0,0.60264769154394,0.60264769154394,0.9999592791374,0.99993870693792,0.99998163388921,0.99997244351383,2.2668498791392e-07,4.5691469713614e-22,5.7239197741288e-06,3.1155031341703e-06,0.0099969584591742,-5.0096198006853e-08,5.025656984927e-08,-4.8459521622022e-06,-5.2440793713881e-06,-2.4219708003854e-06,0.90003036477947,0.90002012009594,2.5,2.5,-5.0520194664102e-06,-9.9999999999992e-05
0.68999999999999,0,0.60264769154394,0.60264769154394,0.9999592783917,0.99993870724403,0.99998163410723,0.99997244365375,2.2420751467047e-07,4.5689237408344e-22,5.7239831742887e-06,3.1155183722282e-06,0.0099969583972384,-4.9548689370378e-08,4.9707308472807e-08,-4.8460184412598e-06,-5.2440889719413e-06,-2.4218995291874e-06,0.90003036462988,0.90002012096333,2.5,2.5,-5.0520669805417e-06,-0.0001
0.69124999999999,0,0.60264769154394,0.60264769154394,0.99995927765415,0.99993870754679,0.99998163432286,0.99997244379215,2.2175711810142e-07,4.5687029500694e-22,5.7240458815214e-06,3.1155334437123e-06,0.0099969583359794,-4.9007164530114e-08,4.9164050070917e-08,-4.846083995946e-06,-5.2440984675684e-06,-2.4218290369236e-06,0.90003036448193,0.90002012182124,2.5,2.5,-5.0521139753844e-06,-9.9999999999999e-05
0.69249999999999,0,0.60264769154394,0.60264769154394,0.99995927692467,0.99993870784625,0.99998163453614,0.99997244392902,2.193335022729e-07,4.5684845723516e-22,5.7241079034122e-06,3.1155483504959e-06,0.00999695827539,-4.8471558096517e-08,4.8626729007824e-08,-4.8461488341726e-06,-5.2441078594166e-06,-2.4217593150791e-06,0.9000303643356,0.90002012266978,2.5,2.5,-5.0521604566137e-06,-0.0001
0.69374999999999,0,0.60264769154394,0.60264769154394,0.99995927620315,0.99993870814243,0.99998163474708,0.99997244406441,2.1693637448521e-07,4.5682685813059e-22,5.7241692474925e-06,3.1155630943756e-06,0.0099969582154627,-4.7941805362027e-08,4.8095280394218e-08,-4.8462129637736e-06,-5.2441171486206e-06,-2.4216903552335e-06,0.90003036419086,0.90002012350904,2.5,2.5,-5.0522064298427e-06,-9.9999999999994e-05
0.69499999999999,0,0.60264769154394,0.60264769154394,0.99995927548952,0.99993870843537,0.99998163495572,0.99997244419831,2.1456544525033e-07,4.5680549508463e-22,5.7242299211184e-06,3.1155776770971e-06,0.0099969581561904,-4.7417842433354e-08,4.7569640085063e-08,-4.8462763924933e-06,-5.244126336301e-06,-2.4216221490679e-06,0.90003036404771,0.90002012433913,2.5,2.5,-5.0522519006237e-06,-0.00010000000000001
0.69624999999999,0,0.60264769154394,0.60264769154394,0.99995927478369,0.99993870872511,0.99998163516208,0.99997244433075,2.1222042827513e-07,4.5678436551842e-22,5.7242899316214e-06,3.1155921004547e-06,0.0099969580975659,-4.6899605872914e-08,4.7049744558238e-08,-4.8463391279909e-06,-5.2441354235663e-06,-2.4215546883273e-06,0.90003036390612,0.90002012516015,2.5,2.5,-5.0522968744479e-06,-0.0001
0.69749999999999,0,0.60264769154394,0.60264769154394,0.99995927408557,0.99993870901169,0.99998163536619,0.99997244446174,2.0990104031064e-07,4.567634668804e-22,5.7243492862632e-06,3.1156063661681e-06,0.0099969580395821,-4.6387033323013e-08,4.6535531068631e-08,-4.8464011778448e-06,-5.2441444115187e-06,-2.4214879648807e-06,0.90003036376607,0.9000201259722,2.5,2.5,-5.0523413567467e-06,-9.9999999999997e-05
0.69874999999999,0,0.60264769154394,0.60264769154394,0.99995927339509,0.99993870929513,0.99998163556806,0.9999724445913,2.0760700127614e-07,4.5674279665004e-22,5.7244079922164e-06,3.1156204759767e-06,0.009996957982232,-4.5880062604787e-08,4.6026937442021e-08,-4.8464625495449e-06,-5.2441533012378e-06,-2.4214219706617e-06,0.90003036362756,0.90002012677537,2.5,2.5,-5.0523853528918e-06,-0.0001
0.69999999999999,0,0.60264769154394,0.60264769154394,0.99995927271215,0.99993870957548,0.99998163576773,0.99997244471945,2.0533803412705e-07,4.5672235232607e-22,5.724466056555e-06,3.1156344315792e-06,0.0099969579255087,-4.5378632771749e-08,4.5523902355263e-08,-4.8465232505048e-06,-5.2441620938012e-06,-2.4213566977062e-06,0.90003036349056,0.90002012756976,2.5,2.5,-5.0524288681968e-06,-9.9999999999988e-05
0.70124999999999,0,0.60264769154394,0.60264769154394,0.99995927203667,0.99993870985276,0.99998163596521,0.99997244484619,2.0309386485783e-07,4.5670213143891e-22,5.7245234863285e-06,3.1156482346633e-06,0.0099969578694054,-4.4882683064841e-08,4.502636500319e-08,-4.8465832880555e-06,-5.2441707902684e-06,-2.4212921381223e-06,0.90003036335506,0.90002012835547,2.5,2.5,-5.0524719079166e-06,-0.00010000000000001
0.70249999999999,0,0.60264769154394,0.60264769154394,0.99995927136858,0.99993871012701,0.99998163616054,0.99997244497155,2.008742224308e-07,4.5668213154779e-22,5.7245802884011e-06,3.1156618868713e-06,0.0099969578139152,-4.4392153686366e-08,4.4534265287833e-08,-4.8466426694474e-06,-5.2441793916922e-06,-2.421228284126e-06,0.90003036322104,0.9000201291326,2.5,2.5,-5.0525144772491e-06,-9.9999999999995e-05
0.70374999999999,0,0.60264769154394,0.60264769154394,0.99995927070779,0.99993871039826,0.99998163635373,0.99997244509554,1.9867883880403e-07,4.5666235024287e-22,5.7246364697039e-06,3.1156753898811e-06,0.0099969577590315,-4.3906985396553e-08,4.4047543837688e-08,-4.846701401851e-06,-5.2441878991094e-06,-2.4211651279986e-06,0.90003036308849,0.90002012990123,2.5,2.5,-5.0525565813351e-06,-0.00010000000000001
0.70499999999999,0,0.60264769154394,0.60264769154394,0.99995927005422,0.99993871066655,0.99998163654481,0.99997244521817,1.9650744885179e-07,4.5664278512967e-22,5.7246920369816e-06,3.1156887453129e-06,0.0099969577047476,-4.3427119548385e-08,4.3566141820478e-08,-4.8467594923603e-06,-5.2441963135465e-06,-2.4211026621096e-06,0.90003036295738,0.90002013066146,2.5,2.5,-5.0525982252594e-06,-9.9999999999988e-05
0.70624999999999,0,0.60264769154394,0.60264769154394,0.99995926940779,0.99993871093191,0.9999816367338,0.99997244533947,1.9435979032834e-07,4.566234338421e-22,5.7247469969749e-06,3.1157019547956e-06,0.009996957651057,-4.2952498223447e-08,4.3090001083801e-08,-4.8468169479886e-06,-5.2442046360217e-06,-2.421040878924e-06,0.90003036282771,0.90002013141338,2.5,2.5,-5.0526394140512e-06,-0.00010000000000001
0.70749999999999,0,0.60264769154394,0.60264769154394,0.99995926876843,0.99993871119437,0.99998163692073,0.99997244545943,1.9223560387293e-07,4.5660429405259e-22,5.7248013562789e-06,3.1157150198991e-06,0.0099969575979531,-4.2483064115764e-08,4.261906420463e-08,-4.8468737756768e-06,-5.244212867539e-06,-2.4209797709714e-06,0.90003036269945,0.90002013215708,2.5,2.5,-5.0526801526847e-06,-0.0001
0.70874999999999,0,0.60264769154394,0.60264769154394,0.99995926813605,0.99993871145395,0.99998163710561,0.99997244557809,1.9013463297872e-07,4.565853634444e-22,5.7248551214875e-06,3.1157279422139e-06,0.0099969575454297,-4.201876055413e-08,4.2153274260346e-08,-4.8469299822873e-06,-5.2442210090938e-06,-2.4209193308842e-06,0.9000303625726,0.90002013289266,2.5,2.5,-5.0527204460799e-06,-0.0001
0.70999999999999,0,0.60264769154394,0.60264769154394,0.99995926751059,0.99993871171071,0.99998163728848,0.99997244569545,1.8805662388203e-07,4.5656663972878e-22,5.724908299101e-06,3.1157407233053e-06,0.0099969574934802,-4.1559531354233e-08,4.1692574963377e-08,-4.8469855746069e-06,-5.2442290616683e-06,-2.420859551342e-06,0.90003036244713,0.90002013362019,2.5,2.5,-5.0527602991025e-06,-9.9999999999982e-05
0.71124999999999,0,0.60264769154394,0.60264769154394,0.99995926689196,0.99993871196465,0.99998163746934,0.99997244581153,1.8600132566411e-07,4.5654812064816e-22,5.7249608955175e-06,3.1157533646994e-06,0.0099969574420986,-4.1105321215271e-08,4.1236910751193e-08,-4.8470405593505e-06,-5.2442370262345e-06,-2.4208004251538e-06,0.90003036232304,0.90002013433978,2.5,2.5,-5.0527997165657e-06,-0.00010000000000001
0.71249999999999,0,0.60264769154394,0.60264769154394,0.99995926628009,0.99993871221582,0.99998163764823,0.99997244592634,1.8396849008882e-07,4.5652980396681e-22,5.7250129171022e-06,3.1157658679313e-06,0.0099969573912785,-4.0656075167035e-08,4.0786226553004e-08,-4.8470949431583e-06,-5.2442449037554e-06,-2.4207419451527e-06,0.9000303622003,0.9000201350515,2.5,2.5,-5.0528387032297e-06,-0.0001
0.71374999999999,0,0.60264769154394,0.60264769154394,0.99995926567491,0.99993871246425,0.99998163782516,0.99997244603989,1.819578716689e-07,4.5651168747e-22,5.7250643701447e-06,3.1157782345118e-06,0.0099969573410138,-4.0211739003163e-08,4.0340467936054e-08,-4.8471487325956e-06,-5.2442526951808e-06,-2.4206841042962e-06,0.9000303620789,0.90002013575544,2.5,2.5,-5.0528772638027e-06,-0.0001
0.71499999999999,0,0.60264769154394,0.60264769154394,0.99995926507635,0.99993871270995,0.99998163800016,0.9999724461522,1.799692276011e-07,4.5649376896913e-22,5.7251152608355e-06,3.115790465959e-06,0.0099969572912985,-3.9772259062202e-08,3.989958109554e-08,-4.8472019341613e-06,-5.2442604014531e-06,-2.4206268955902e-06,0.90003036195883,0.90002013645169,2.5,2.5,-5.0529154029418e-06,-9.999999999999e-05
0.71624999999999,0,0.60264769154394,0.60264769154394,0.99995926448433,0.99993871295298,0.99998163817325,0.99997244626329,1.7800231770759e-07,4.564760463037e-22,5.7251655953259e-06,3.1158025637169e-06,0.0099969572421265,-3.9337582232304e-08,3.9463512762203e-08,-4.8472545542809e-06,-5.2442680235026e-06,-2.4205703121187e-06,0.90003036184007,0.90002013714033,2.5,2.5,-5.0529531252525e-06,-0.00010000000000001
0.71749999999999,0,0.60264769154394,0.60264769154394,0.99995926389877,0.99993871319335,0.99998163834444,0.99997244637316,1.7605690446363e-07,4.564585173339e-22,5.7252153797256e-06,3.1158145292551e-06,0.009996957193492,-3.8907656079835e-08,3.9032210275266e-08,-4.8473065993056e-06,-5.2442755622488e-06,-2.4205143470675e-06,0.9000303617226,0.90002013782144,2.5,2.5,-5.0529904352906e-06,-0.00010000000000001
0.71874999999999,0,0.60264769154394,0.60264769154394,0.99995926331962,0.99993871343109,0.99998163851377,0.99997244648183,1.7413275292268e-07,4.564411799384e-22,5.7252646200035e-06,3.1158263640107e-06,0.0099969571453889,-3.8482428625374e-08,3.8605621574369e-08,-4.8473580755235e-06,-5.2442830186039e-06,-2.4204589936535e-06,0.90003036160643,0.90002013849511,2.5,2.5,-5.0530273375619e-06,-9.9999999999993e-05
0.71999999999999,0,0.60264769154394,0.60264769154394,0.9999592627468,0.99993871366623,0.99998163868124,0.99997244658931,1.7222963070685e-07,4.5642403202733e-22,5.7253133221716e-06,3.1158380694261e-06,0.0099969570978116,-3.8061848582698e-08,3.8183695110409e-08,-4.84740898915e-06,-5.2442903934667e-06,-2.4204042452202e-06,0.90003036149152,0.90002013916141,2.5,2.5,-5.0530638365229e-06,-0.00010000000000001
0.72124999999999,0,0.60264769154394,0.60264769154394,0.99995926218023,0.9999387138988,0.99998163884688,0.99997244669562,1.7034730799379e-07,4.5640707152686e-22,5.7253614919992e-06,3.1158496469154e-06,0.0099969570507543,-3.7645865070826e-08,3.7766379951327e-08,-4.8474593463339e-06,-5.2442976877296e-06,-2.4203500951234e-06,0.90003036137786,0.90002013982044,2.5,2.5,-5.0530999365814e-06,-9.9999999999991e-05
0.72249999999999,0,0.60264769154394,0.60264769154394,0.99995926161986,0.99993871412884,0.99998163901072,0.99997244680077,1.6848555746028e-07,4.5639029639135e-22,5.7254091354284e-06,3.1158610978807e-06,0.0099969570042112,-3.7234427959977e-08,3.7353625685782e-08,-4.8475091531568e-06,-5.2443049022704e-06,-2.4202965368561e-06,0.90003036126545,0.90002014047226,2.5,2.5,-5.0531356420971e-06,-9.9999999999998e-05
0.72374999999999,0,0.60264769154394,0.60264769154394,0.99995926106561,0.99993871435635,0.99998163917276,0.99997244690476,1.6664415427122e-07,4.5637370459133e-22,5.7254562581358e-06,3.1158724237001e-06,0.0099969569581769,-3.6827487443491e-08,3.6945382473752e-08,-4.8475584156347e-06,-5.2443120379643e-06,-2.4202435639219e-06,0.90003036115427,0.90002014111696,2.5,2.5,-5.0531709573821e-06,-0.00010000000000001
0.72499999999999,0,0.60264769154394,0.60264769154394,0.99995926051742,0.99993871458138,0.99998163933303,0.99997244700762,1.6482287603677e-07,4.5635729412907e-22,5.7255028658378e-06,3.1158836257078e-06,0.0099969569126456,-3.6424994514439e-08,3.6541601006553e-08,-4.847607139714e-06,-5.2443190956705e-06,-2.4201911699507e-06,0.90003036104431,0.90002014175461,2.5,2.5,-5.0532058867012e-06,-9.9999999999996e-05
0.72624999999999,0,0.60264769154394,0.60264769154394,0.99995925997523,0.99993871480396,0.99998163949155,0.99997244710936,1.6302150283434e-07,4.5634106301723e-22,5.725548964139e-06,3.1158947053033e-06,0.009996956867612,-3.6026900426987e-08,3.6142232543746e-08,-4.8476553312821e-06,-5.2443260762413e-06,-2.4201393485927e-06,0.90003036093554,0.90002014238529,2.5,2.5,-5.0532404342727e-06,-9.9999999999997e-05
0.72749999999999,0,0.60264769154394,0.60264769154394,0.99995925943895,0.99993871502409,0.99998163964833,0.99997244720998,1.6123981708322e-07,4.563250093e-22,5.7255945586403e-06,3.1159056637905e-06,0.0099969568230706,-3.563315718268e-08,3.5747228807507e-08,-4.8477029961568e-06,-5.2443329805225e-06,-2.4200880935978e-06,0.90003036082796,0.90002014300908,2.5,2.5,-5.0532746042687e-06,-0.00010000000000001
0.72874999999999,0,0.60264769154394,0.60264769154394,0.99995925890854,0.99993871524183,0.99998163980341,0.99997244730951,1.5947760365465e-07,4.5630913103208e-22,5.7256396548136e-06,3.1159165025469e-06,0.0099969567790159,-3.5243717209861e-08,3.5356542133754e-08,-4.8477501400958e-06,-5.2443398093435e-06,-2.4200373987779e-06,0.90003036072156,0.90002014362605,2.5,2.5,-5.0533084008158e-06,-9.9999999999999e-05
0.72999999999999,0,0.60264769154394,0.60264769154394,0.99995925838393,0.99993871545718,0.99998163995679,0.99997244740795,1.5773464970063e-07,4.5629342630056e-22,5.7256842581505e-06,3.1159272228284e-06,0.0099969567354428,-3.4858533503456e-08,3.4970125354337e-08,-4.8477967687915e-06,-5.2443465635331e-06,-2.4199872580044e-06,0.90003036061633,0.90002014423628,2.5,2.5,-5.0533418279956e-06,-0.00010000000000001
0.73124999999999,0,0.60264769154394,0.60264769154394,0.99995925786505,0.99993871567018,0.99998164010849,0.99997244750531,1.5601074473988e-07,4.5627789321025e-22,5.7257283740198e-06,3.1159378259492e-06,0.0099969566923458,-3.4477559520135e-08,3.4587931747498e-08,-4.8478428878755e-06,-5.2443532439053e-06,-2.4199376652317e-06,0.90003036051224,0.90002014483984,2.5,2.5,-5.0533748898447e-06,-9.9999999999998e-05
0.73249999999999,0,0.60264769154394,0.60264769154394,0.99995925735184,0.99993871588085,0.99998164025853,0.9999724476016,1.5430568059544e-07,4.5626252988509e-22,5.7257720077023e-06,3.1159483131611e-06,0.0099969566497199,-3.4100749250373e-08,3.4209915201081e-08,-4.8478885029168e-06,-5.244359851265e-06,-2.4198886144699e-06,0.90003036040929,0.9000201454368,2.5,2.5,-5.0534075903563e-06,-9.9999999999995e-05
0.73374999999999,0,0.60264769154394,0.60264769154394,0.99995925684424,0.99993871608922,0.99998164040694,0.99997244769685,1.5261925134892e-07,4.5624733446623e-22,5.7258151645255e-06,3.1159586857902e-06,0.0099969566075598,-3.3728057168509e-08,3.3836030060861e-08,-4.8479336194259e-06,-5.2443663864123e-06,-2.4198400997786e-06,0.90003036030746,0.90002014602724,2.5,2.5,-5.0534399334791e-06,-0.00010000000000001
0.73499999999999,0,0.60264769154394,0.60264769154394,0.99995925634218,0.99993871629531,0.99998164055372,0.99997244779105,1.5095125332812e-07,4.5623230511962e-22,5.7258578496684e-06,3.1159689450439e-06,0.0099969565658605,-3.3359438338775e-08,3.3466231159033e-08,-4.8479782428496e-06,-5.2443728501366e-06,-2.4197921153214e-06,0.90003036020675,0.90002014661123,2.5,2.5,-5.0534719231192e-06,-9.9999999999989e-05
0.73624999999999,0,0.60264769154394,0.60264769154394,0.99995925584562,0.99993871649915,0.9999816406989,0.99997244788423,1.4930148510094e-07,4.5621744002691e-22,5.7259000683197e-06,3.115979092172e-06,0.0099969565246169,-3.2994848188859e-08,3.3100473860131e-08,-4.8480223785768e-06,-5.2443792432181e-06,-2.4197446552872e-06,0.90003036010714,0.90002014718883,2.5,2.5,-5.05350356314e-06,-0.0001
0.73749999999999,0,0.60264769154394,0.60264769154394,0.99995925535448,0.99993871670076,0.99998164084249,0.99997244797638,1.4766974742394e-07,4.5620273740415e-22,5.7259418255444e-06,3.1159891284137e-06,0.0099969564838241,-3.2634242689042e-08,3.2738713939148e-08,-4.848066031939e-06,-5.2443855664283e-06,-2.4196977139621e-06,0.90003036000862,0.90002014776012,2.5,2.5,-5.0535348573622e-06,-9.9999999999996e-05
0.73874999999999,0,0.60264769154394,0.60264769154394,0.99995925486871,0.99993871690017,0.99998164098451,0.99997244806753,1.4605584325781e-07,4.5618819546337e-22,5.7259831263941e-06,3.1159990549439e-06,0.0099969564434772,-3.2277578287047e-08,3.2380907789449e-08,-4.8481092082068e-06,-5.2443918205316e-06,-2.41965128565e-06,0.90003035991117,0.90002014832517,2.5,2.5,-5.0535658095655e-06,-0.0001
0.73999999999999,0,0.60264769154394,0.60264769154394,0.99995925438824,0.9999387170974,0.99998164112498,0.99997244815768,1.4445957767876e-07,4.5617381245558e-22,5.7260239758888e-06,3.1160088730184e-06,0.0099969564035711,-3.1924811939377e-08,3.2027012126886e-08,-4.8481519125942e-06,-5.2443980062824e-06,-2.4196053647664e-06,0.90003035981479,0.90002014888404,2.5,2.5,-5.0535964234875e-06,-0.00010000000000001
0.74124999999999,0,0.60264769154394,0.60264769154394,0.99995925391303,0.99993871729247,0.99998164126392,0.99997244824685,1.4288075791956e-07,4.5615958664544e-22,5.7260643789106e-06,3.1160185837456e-06,0.0099969563641013,-3.1575901039374e-08,3.1676984252151e-08,-4.8481941502595e-06,-5.2444041244281e-06,-2.4195599457628e-06,0.90003035971946,0.90002014943681,2.5,2.5,-5.0536267028255e-06,-9.9999999999998e-05
0.74249999999999,0,0.60264769154394,0.60264769154394,0.99995925344301,0.99993871748541,0.99998164140133,0.99997244833504,1.4131919332585e-07,4.5614551630452e-22,5.7261043403564e-06,3.1160281883632e-06,0.0099969563250628,-3.123080336706e-08,3.1330781855636e-08,-4.8482359263054e-06,-5.2444101757084e-06,-2.4195150231415e-06,0.90003035962518,0.90002014998353,2.5,2.5,-5.0536566512363e-06,-9.9999999999994e-05
0.74374999999999,0,0.60264769154394,0.60264769154394,0.99995925297813,0.99993871767625,0.99998164153725,0.99997244842227,1.3977469526758e-07,4.5613159974653e-22,5.7261438650629e-06,3.11603768801e-06,0.0099969562864509,-3.0889477429438e-08,3.0988363190239e-08,-4.8482772457723e-06,-5.2444161608532e-06,-2.4194705915022e-06,0.90003035953192,0.90002015052428,2.5,2.5,-5.0536862723364e-06,-0.0001
0.74499999999999,0,0.60264769154394,0.60264769154394,0.99995925251833,0.99993871786499,0.99998164167168,0.99997244850855,1.3824707728618e-07,4.561178352799e-22,5.7261829578033e-06,3.1160470838416e-06,0.0099969562482611,-3.0551881771656e-08,3.0649686849838e-08,-4.8483181136526e-06,-5.2444220805853e-06,-2.4194266454442e-06,0.90003035943969,0.90002015105912,2.5,2.5,-5.0537155697034e-06,-9.9999999999998e-05
0.74624999999999,0,0.60264769154394,0.60264769154394,0.99995925206356,0.99993871805168,0.99998164180464,0.99997244859388,1.3673615484411e-07,4.5610422124865e-22,5.7262216232966e-06,3.1160563769882e-06,0.0099969562104886,-3.0217975865211e-08,3.0314711991838e-08,-4.8483585348829e-06,-5.2444279356206e-06,-2.4193831796827e-06,0.90003035934846,0.90002015158811,2.5,2.5,-5.0537445468751e-06,-9.9999999999998e-05
0.74749999999999,0,0.60264769154394,0.60264769154394,0.99995925161375,0.99993871823632,0.99998164193614,0.99997244867828,1.352417454852e-07,4.5609075600828e-22,5.7262598662182e-06,3.1160655685543e-06,0.009996956173129,-2.9887719186165e-08,2.9983398068932e-08,-4.8483985143438e-06,-5.2444337266633e-06,-2.4193401889742e-06,0.90003035925823,0.90002015211132,2.5,2.5,-5.053773207351e-06,-0.0001
0.74874999999999,0,0.60264769154394,0.60264769154394,0.99995925116886,0.99993871841895,0.99998164206621,0.99997244876176,1.3376366876788e-07,4.5607743792967e-22,5.7262976911596e-06,3.116074659673e-06,0.0099969561361776,-2.9561071968644e-08,2.9655705149875e-08,-4.8484380568628e-06,-5.2444394544165e-06,-2.4192976681146e-06,0.90003035916899,0.90002015262881,2.5,2.5,-5.0538015545926e-06,-0.0001
0.74999999999999,0,0.60264769154394,0.60264769154394,0.99995925072884,0.99993871859958,0.99998164219486,0.99997244884432,1.3230174615271e-07,4.5606426540729e-22,5.7263351026903e-06,3.116083651445e-06,0.0099969560996301,-2.9237994660391e-08,2.9331593612604e-08,-4.8484771672164e-06,-5.2444451195697e-06,-2.4192556119638e-06,0.90003035908072,0.90002015314065,2.5,2.5,-5.0538295920229e-06,-0.0001
