time,B_anisotropy,B_par,B_per,J_max,J_min,Jbar_max,Jbar_min,center_pressure,edge_ux,ln_h_max,ln_h_min,mass,mass_reaction,outflow_gradient,platen_max,platen_min,right_reaction,solid_fraction_max,solid_fraction_min,stability_max,stability_min,top_displacement,top_reaction
0,-0.037912063065438,0.57737298283364,0.61528504589908,1,1,1,1,0,0,-0,-0,0.01,0,0,0,0,0,0.9,0.9,2.5,2.5,0,0
0.0025,-0.037912063065438,0.57737298283364,0.61528504589908,0.9999919582521,0.99998114110703,0.99999202019076,0.99999115965625,2.1664644506782e-05,1.0260911083383e-21,4.0163600795494e-06,3.1033647917893e-06,0.0099999050726688,-3.7970932463067e-05,2.8901693676805e-05,-8.4699670795744e-07,-1.2841891120875e-06,-1.9568938833214e-06,0.90000901686434,0.89999946680195,2.5,2.5,-8.9572703129043e-07,-2.4999999999996e-05
0.005,-0.037912063065438,0.57737298283364,0.61528504589908,0.99998395505339,0.99996241287276,0.99998390434432,0.9999824478283,4.3183580498698e-05,1.9560410018324e-21,8.1228291141873e-06,6.5408071525604e-06,0.0099997642674163,-5.6322101027092e-05,4.6633769974986e-05,-1.7107952281053e-06,-2.628609326812e-06,-3.8819646303911e-06,0.90001803213776,0.89999893666291,2.5,2.5,-1.8317570543345e-06,-4.9999999999991e-05
0.0075,-0.037912063065438,0.57737298283364,0.61528504589908,0.99997597829487,0.99994381124781,0.99997573993857,0.99997381350171,6.4588183886034e-05,2.8394416496307e-21,1.2310780121231e-05,1.0178566156214e-05,0.0099995891192628,-7.0059261386654e-05,6.0161973906518e-05,-2.5873065574032e-06,-4.0010680332357e-06,-5.7832134870933e-06,0.90002700354581,0.89999841107193,2.5,2.5,-2.7979567452532e-06,-7.5000000000028e-05
0.01,-0.037912063065438,0.57737298283364,0.61528504589908,0.99996801869183,0.99992531152156,0.99996755632178,0.99996523343333,8.5887863864525e-05,3.6894841689847e-21,1.6568627473086e-05,1.3956345579254e-05,0.0099993855232697,-8.1438397243359e-05,7.1445352423636e-05,-3.4746128321654e-06,-5.3912752054361e-06,-7.6647295518766e-06,0.90003593240433,0.89999789365831,2.5,2.5,-3.7891473906712e-06,-9.9999999999987e-05
0.0125,-0.037912063065438,0.57737298283364,0.61528504589908,0.99996810824302,0.99992575481222,0.99996734568312,0.99996553552573,8.5415578852792e-05,3.4856909474654e-21,1.6878289482404e-05,1.4738592215948e-05,0.0099992521036768,-5.3367837150805e-05,5.2393381565204e-05,-3.5247300651403e-06,-5.5104035038223e-06,-7.5721832953807e-06,0.90003580530053,0.89999792354332,2.5,2.5,-3.9063542864116e-06,-9.9999999999996e-05
0.015,-0.037912063065438,0.57737298283364,0.61528504589908,0.99996815561452,0.99992613936548,0.99996727033744,0.99996574335581,8.4971210924035e-05,3.3535182083114e-21,1.713264864094e-05,1.5201093620225e-05,0.0099991424011941,-4.3880993101285e-05,4.3497252986812e-05,-3.5673894051283e-06,-5.5798377707433e-06,-7.4960883689354e-06,0.90003564622415,0.8999979724112,2.5,2.5,-4.0027260949387e-06,-0.00010000000000001
0.0175,-0.037912063065438,0.57737298283364,0.61528504589908,0.99996816067054,0.99992646051924,0.99996724611904,0.99996590289858,8.4507321943497e-05,3.2455713636684e-21,1.7348303568382e-05,1.5428075352266e-05,0.0099990468239882,-3.8230882325064e-05,3.8040266767536e-05,-3.6065441297933e-06,-5.6301434562913e-06,-7.429791414991e-06,0.90003550075212,0.8999980483679,2.5,2.5,-4.0866890823476e-06,-9.9999999999996e-05
0.02,-0.037912063065438,0.57737298283364,0.61528504589908,0.99996811970897,0.99992673648487,0.99996724560703,0.99996603380851,8.3994974918495e-05,3.1503101734089e-21,1.7539299006414e-05,1.5633348353534e-05,0.0099989610039885,-3.432799990496e-05,3.4225016214773e-05,-3.6441833667892e-06,-5.6704875952789e-06,-7.370262529175e-06,0.90003537018262,0.89999815837689,2.5,2.5,-4.1620805263453e-06,-9.9999999999999e-05
0.0225,-0.037912063065438,0.57737298283364,0.61528504589908,0.99996802932605,0.99992698000193,0.99996725759212,0.99996613947432,8.3415404402883e-05,3.0634360830233e-21,1.7713068672976e-05,1.5823073782368e-05,0.0099988824850828,-3.1407562276298e-05,3.1352131606926e-05,-3.6814881649542e-06,-5.7046842057041e-06,-7.3157980339e-06,0.90003525182955,0.89999830750704,2.5,2.5,-4.2310580804996e-06,-0.0001
0.025,-0.037912063065438,0.57737298283364,0.61528504589908,0.99996788777018,0.99992719925004,0.99996727671532,0.99996620743495,8.2757755279917e-05,2.9828128744103e-21,1.7873848619521e-05,1.6001186198646e-05,0.0099988097113002,-2.9109513050956e-05,2.9082790576833e-05,-3.7191779717663e-06,-5.7346736041742e-06,-7.265318632735e-06,0.90003514325936,0.89999849856083,2.5,2.5,-4.2949886394911e-06,-9.9999999999989e-05
0.0275,-0.037912063065438,0.57737298283364,0.61528504589908,0.99996769527522,0.99992739964498,0.99996730011937,0.99996627165243,8.201768410255e-05,2.9071667822835e-21,1.8024301088371e-05,1.6170335688354e-05,0.0099987416187293,-2.7237028346056e-05,2.7228881700211e-05,-3.7576636358955e-06,-5.7615800814341e-06,-7.2180863455331e-06,0.90003504262873,0.89999873212737,2.5,2.5,-4.3548068317218e-06,-0.00010000000000002
0.03,-0.037912063065438,0.57737298283364,0.61528504589908,0.99996745387229,0.99992758493011,0.99996732615638,0.99996633285912,8.1195956576947e-05,2.8356465866323e-21,1.8166235918656e-05,1.6332355170146e-05,0.009998677440147,-2.567143291408e-05,2.567589377127e-05,-3.7971399783499e-06,-5.7861161843829e-06,-7.1735689893515e-06,0.90003494856458,0.89999900692673,2.5,2.5,-4.4111866500113e-06,-9.9999999999983e-05
0.0325,-0.037912063065438,0.57737298283364,0.61528504589908,0.99996716696878,0.99992775779664,0.99996735381869,0.99996639158295,8.0297038826394e-05,2.7676402051891e-21,1.8300957561999e-05,1.6488529692984e-05,0.0099986166001218,-2.4336010070734e-05,2.4349322405804e-05,-3.837652498615e-06,-5.8087638411727e-06,-7.1313674172047e-06,0.90003486002998,0.89999932028463,2.5,2.5,-4.4646336013473e-06,-0.00010000000000001
0.035,-0.037912063065438,0.57737298283364,0.61528504589908,0.99996683887463,0.99992792024505,0.99996738246178,0.99996644820848,7.932781759339e-05,2.7026853338739e-21,1.8429447835412e-05,1.6639767710683e-05,0.0099985586538684,-2.3178501356946e-05,2.3198179238574e-05,-3.8791479921995e-06,-5.8298653979096e-06,-7.0911731045589e-06,0.90003477622621,0.89999966861423,2.5,2.5,-4.5155384222467e-06,-9.9999999999992e-05
0.0375,-0.037912063065438,0.57737298283364,0.61528504589908,0.99996647437525,0.99992807380437,0.99996741165853,0.99996650301824,7.8296543275931e-05,2.6404205182895e-21,1.8552470193599e-05,1.6786716219212e-05,0.0099985032493184,-2.216182002302e-05,2.2186151246242e-05,-3.9215125860914e-06,-5.8496735163144e-06,-7.052741839782e-06,0.90003469652591,0.90000004783377,2.5,2.5,-4.5642103989941e-06,-0.00010000000000001
0.04,-0.037912063065438,0.57737298283364,0.61528504589908,0.99996607839257,0.99992821967069,0.99996744111775,0.99996655621882,7.7212024697465e-05,2.5805558969194e-21,1.8670633335405e-05,1.6929840211266e-05,0.0099984501024104,-2.125876319702e-05,2.1286529613609e-05,-3.964599396982e-06,-5.8683804301913e-06,-7.0158765842904e-06,0.90003462042756,0.90000045369224,2.5,2.5,-4.610899074695e-06,-9.9999999999986e-05
0.0425,-0.037912063065438,0.57737298283364,0.61528504589908,0.99996565574074,0.99992835879798,0.99996747063623,0.99996660796861,7.608305863809e-05,2.5228544891702e-21,1.8784432197186e-05,1.7069478038907e-05,0.0099983989803371,-2.0448829308085e-05,2.0479140638551e-05,-4.0082478289704e-06,-5.8861360496697e-06,-6.9804158516999e-06,0.90003454752398,0.90000088200224,2.5,2.5,-4.6558089667326e-06,-0.00010000000000001
0.045,-0.037912063065438,0.57737298283364,0.61528504589908,0.99996521096577,0.99992849195955,0.99996750006947,0.9999666583894,7.4918054798325e-05,2.4671195839261e-21,1.8894275598546e-05,1.7205880044056e-05,0.0099983496898005,-1.9716214659815e-05,1.974840538092e-05,-4.0522964123195e-06,-5.9030596705281e-06,-6.9462255611381e-06,0.90003447748024,0.90000132879298,2.5,2.5,-4.6991098842777e-06,-0.0001
0.0475,-0.037912063065438,0.57737298283364,0.61528504589908,0.99996474825164,0.99992861979091,0.99996752931316,0.99996670757399,7.3724811264124e-05,2.4131858780663e-21,1.900050560261e-05,1.7339235459358e-05,0.0099983020685396,-1.9048504344476e-05,1.9082067376883e-05,-4.0965908581385e-06,-5.9192478333662e-06,-6.9131931606646e-06,0.90003441001759,0.90000179040054,2.5,2.5,-4.7409443707757e-06,-9.9999999999999e-05
0.05,-0.037912063065438,0.57737298283364,0.61528504589908,0.99996427137553,0.99992874282042,0.99996755829113,0.99996675559582,7.2510399111309e-05,2.36091303626e-21,1.9103411510812e-05,1.7469691080907e-05,0.0099982559790665,-1.8435789243302e-05,1.8470331985645e-05,-4.1409887048518e-06,-5.9347797686539e-06,-6.8812232819743e-06,0.90003434490179,0.90000226351231,2.5,2.5,-4.7814332071817e-06,-9.9999999999999e-05
0.0525,-0.037912063065438,0.57737298283364,0.61528504589908,0.99996378369682,0.99992886149174,0.9999675869473,0.99996680251429,7.1281122098046e-05,2.3101808784753e-21,1.9203240255455e-05,1.7597364187504e-05,0.0099982113039322,-1.7870053702121e-05,1.7905268097948e-05,-4.1853616246467e-06,-5.9497212750025e-06,-6.8502344568338e-06,0.90003428193429,0.90000274517982,2.5,2.5,-4.8206795704024e-06,-0.00010000000000001
0.055,-0.037912063065438,0.57737298283364,0.61528504589908,0.99996328816825,0.99992897618064,0.99996761524024,0.99996684837861,7.0042525326759e-05,2.2608856995577e-21,1.9300204296073e-05,1.7722351454995e-05,0.0099981679420815,-1.7344740319862e-05,1.7380381990059e-05,-4.2295961838288e-06,-5.9641275498643e-06,-6.8201565883673e-06,0.90003422094551,0.90000323281089,2.5,2.5,-4.8587722359262e-06,-9.9999999999995e-05
0.0575,-0.037912063065438,0.57737298283364,0.61528504589908,0.99996278736033,0.99992908720775,0.99996764313936,0.99996689323048,6.8799433833025e-05,2.2129373990677e-21,1.9394487737796e-05,1.7844735094092e-05,0.0099981258059973,-1.6854433652667e-05,1.6890307031905e-05,-4.2735936264278e-06,-5.9780453011688e-06,-6.7909289706993e-06,0.90003416178962,0.90000372414941,2.5,2.5,-4.8957880857968e-06,-9.9999999999998e-05
0.06,-0.037912063065438,0.57737298283364,0.61528504589908,0.99996228349285,0.99992919484855,0.99996767062222,0.99996693710603,6.7556007774567e-05,2.1662572065146e-21,1.9486251153337e-05,1.7964587071397e-05,0.0099980848194333,-1.6394625621381e-05,1.6430573157314e-05,-4.317269077308e-06,-5.991514353601e-06,-6.7624987155332e-06,0.90003410434049,0.90000421724827,2.5,2.5,-4.9317941013765e-06,-0.00010000000000002
0.0625,-0.037912063065438,0.57737298283364,0.61528504589908,0.99996177846936,0.99992929934109,0.99996769767263,0.99996698003714,6.6315805232897e-05,2.1207758530357e-21,1.9575635437306e-05,1.8081972009233e-05,0.0099980449155876,-1.5961538243623e-05,1.5997432401333e-05,-4.3605504328332e-06,-6.0045688919603e-06,-6.7348194860349e-06,0.90003404848835,0.90000471043944,2.5,2.5,-4.9668489667908e-06,-9.999999999999e-05
0.065,-0.037912063065438,0.57737298283364,0.61528504589908,0.9999612739119,0.99992940089232,0.99996772427921,0.99996702205248,6.5081846800308e-05,2.076432085311e-21,1.9662764924896e-05,1.8196949178809e-05,0.0099980060356192,-1.5551987381157e-05,1.5587724619626e-05,-4.403377115119e-06,-6.017238438607e-06,-6.7078504670557e-06,0.90003399413717,0.90000520230348,2.5,2.5,-5.0010043731338e-06,-9.9999999999986e-05
0.0675,-0.037912063065438,0.57737298283364,0.61528504589908,0.99996077119438,0.99992949968302,0.99996775043435,0.99996706317817,6.3856678347868e-05,2.0331714455637e-21,1.9747749941809e-05,1.8309573872128e-05,0.0099979681274283,-1.5163276378738e-05,1.5198772538709e-05,-4.4456988017109e-06,-6.029548632468e-06,-6.6815555197579e-06,0.90003394120254,0.90000569164031,2.5,2.5,-5.0343060890829e-06,-0.00010000000000002
0.07,-0.037912063065438,0.57737298283364,0.61528504589908,0.99996027147359,0.99992959587196,0.99996777613344,0.99996710343835,6.2642429894316e-05,1.9909452621971e-21,1.9830688906638e-05,1.8419898346978e-05,0.0099979311446486,-1.4793111874285e-05,1.4828298592934e-05,-4.4874741983392e-06,-6.0415218572822e-06,-6.6559024822954e-06,0.90003388960984,0.9000061774418,2.5,2.5,-5.0667948466133e-06,-9.9999999999997e-05
0.0725,-0.037912063065438,0.57737298283364,0.61528504589908,0.99995977571751,0.99992968959926,0.99996780137421,0.99996714285547,6.144086951014e-05,1.9497098090207e-21,1.9911670077084e-05,1.852797248048e-05,0.0099978950458078,-1.4439536329718e-05,1.4474358215197e-05,-4.5286698929979e-06,-6.0531777535316e-06,-6.6308625874106e-06,0.90003383929282,0.90000665886684,2.5,2.5,-5.0985070785398e-06,-0.00010000000000001
0.075,-0.037912063065438,0.57737298283364,0.61528504589908,0.99995928473064,0.99992978098917,0.99996782615633,0.9999671814507,6.0253451848424e-05,1.9094256009663e-21,1.9990773009103e-05,1.8633844223815e-05,0.0099978597936243,-1.4100873373698e-05,1.4135285750546e-05,-4.5692593102533e-06,-6.064533639262e-06,-6.6064099748643e-06,0.90003379019236,0.90000713521888,2.5,2.5,-5.1294755360151e-06,-9.9999999999998e-05
0.0775,-0.037912063065438,0.57737298283364,0.61528504589908,0.9999587991765,0.99992987015241,0.99996785048099,0.99996721924402,5.9081361304375e-05,1.8700568016074e-21,2.006806978178e-05,1.8737559919643e-05,0.0099978253544165,-1.3775683106889e-05,1.3809650196857e-05,-4.6092217723065e-06,-6.0756048586095e-06,-6.5825212814114e-06,0.90003374225543,0.90000760592608,2.5,2.5,-5.1597298078735e-06,-9.9999999999991e-05
0.08,-0.037912063065438,0.57737298283364,0.61528504589908,0.99995831959745,0.99992995718813,0.99996787435063,0.99996725625448,5.7925550048482e-05,1.8315707227846e-21,2.014362603056e-05,1.8839164526237e-05,0.0099977916976034,-1.346272525859e-05,1.3496218699473e-05,-4.6485416658314e-06,-6.0864050722179e-06,-6.5591752945422e-06,0.90003369543424,0.90000807052375,2.5,2.5,-5.1892967590563e-06,-9.9999999999989e-05
0.0825,-0.037912063065438,0.57737298283364,0.61528504589908,0.99995784643193,0.99993004218553,0.99996789776868,0.99996729250026,5.6786771310522e-05,1.7939374005046e-21,2.0217501821164e-05,1.8938701777574e-05,0.0099977587952819,-1.3160928611905e-05,1.3193926240343e-05,-4.6872077091303e-06,-6.0969465005796e-06,-6.5363526594175e-06,0.90003364968552,0.90000852863903,2.5,2.5,-5.2182009018887e-06,-0.0001
0.085,-0.037912063065438,0.57737298283364,0.61528504589908,0.99995738002955,0.99993012522526,0.99996792073939,0.99996732799881,5.5665608353115e-05,1.7571292348346e-21,2.0289752390848e-05,1.9036214299694e-05,0.0099977266218682,-1.2869365483225e-05,1.2901850328836e-05,-4.7252123118291e-06,-6.1072401287261e-06,-6.5140356298648e-06,0.90003360496988,0.90000897997761,2.5,2.5,-5.2464647113096e-06,-0.00010000000000002
0.0875,-0.037912063065438,0.57737298283364,0.61528504589908,0.99995692066406,0.99993020638061,0.99996794326767,0.99996736276694,5.4562499588603e-05,1.7211206833434e-21,2.0360428779243e-05,1.9131743695788e-05,0.0099976951537923,-1.2587230323516e-05,1.26191897715e-05,-4.762551018308e-06,-6.117295879113e-06,-6.4922078566561e-06,0.9000335612513,0.90000942431213,2.5,2.5,-5.2741088931042e-06,-9.9999999999991e-05
0.09,-0.037912063065438,0.57737298283364,0.61528504589908,0.99995646854466,0.99993028571847,0.99996796535895,0.99996739682084,5.3477760281884e-05,1.6858879996045e-21,2.0429578365994e-05,1.9225330611393e-05,0.0099976643692381,-1.2313821702722e-05,1.2345246794285e-05,-4.7992220258906e-06,-6.1271227580096e-06,-6.4708542069155e-06,0.90003351849669,0.90000986147224,2.5,2.5,-5.3011526125714e-06,-9.9999999999998e-05
0.0925,-0.037912063065438,0.57737298283364,0.61528504589908,0.99995602382565,0.99993036330023,0.99996798701907,0.99996743017617,5.2411601254589e-05,1.6514090096818e-21,2.0497245329093e-05,1.9317014784713e-05,0.0099976342479204,-1.2048527096166e-05,1.2079411941139e-05,-4.8352257690582e-06,-6.1367289798183e-06,-6.44996060998e-06,0.90003347667549,0.90001029133602,2.5,2.5,-5.3276136897778e-06,-0.0001
0.095,-0.037912063065438,0.57737298283364,0.61528504589908,0.99995558661476,0.99993043918244,0.99996800825421,0.99996746284811,5.1364144971702e-05,1.6176629210565e-21,2.0563471037798e-05,1.940683508647e-05,0.0099976047708954,-1.1790810001764e-05,1.1821151284418e-05,-4.8705645615967e-06,-6.1461220728232e-06,-6.4295139255135e-06,0.90003343575936,0.90001071382254,2.5,2.5,-5.3535087665197e-06,-0.0001
0.0975,-0.037912063065438,0.57737298283364,0.61528504589908,0.99995515698034,0.99993051341751,0.99996802907081,0.99996749485138,5.0335439352495e-05,1.5846301588027e-21,2.0628294388264e-05,1.9494829553181e-05,0.0099975759203978,-1.1540199009439e-05,1.1569995570993e-05,-4.9052422892778e-06,-6.1553089693442e-06,-6.4095018306944e-06,0.90003339572189,0.90001112888555,2.5,2.5,-5.3788534492788e-06,-0.0001
0.1,-0.037912063065438,0.57737298283364,0.61528504589908,0.99995473495749,0.99993058605416,0.99996804947548,0.99996752620025,4.9325469611531e-05,1.5522922251005e-21,2.0691752091664e-05,1.9581035414982e-05,0.0099975476797015,-1.1296278508641e-05,1.1325530994569e-05,-4.939264146376e-06,-6.1642960826763e-06,-6.3899127233936e-06,0.90003335653838,0.90001153650806,2.5,2.5,-5.403662431769e-06,-0.0001
0.1025,-0.037912063065438,0.57737298283364,0.61528504589908,0.99995432055327,0.99993065713791,0.99996806947499,0.99996755690864,4.8334168397719e-05,1.520631578558e-21,2.0753878921583e-05,1.9665489119987e-05,0.0099975200329996,-1.1058680779122e-05,1.1087391340142e-05,-4.9726364101589e-06,-6.1730893728715e-06,-6.3707356391686e-06,0.90003331818562,0.90001193669763,2.5,2.5,-5.4279496001141e-06,-9.9999999999995e-05
0.105,-0.037912063065438,0.57737298283364,0.61528504589908,0.99995391375127,0.99993072671146,0.9999680890762,0.99996758699006,4.7361424467265e-05,1.4896315304259e-21,2.0814707926621e-05,1.9748226356043e-05,0.0099974929653015,-1.0827079249624e-05,1.0855251288291e-05,-5.0053662481426e-06,-6.1816944030156e-06,-6.351960179896e-06,0.90003328064172,0.90001232948242,2.5,2.5,-5.4517281232197e-06,-9.9999999999999e-05
0.1075,-0.037912063065438,0.57737298283364,0.61528504589908,0.99995351451539,0.99993079481505,0.99996810828604,0.99996761645769,4.6407090094846e-05,1.459276155199e-21,2.0874270613025e-05,1.9829282070274e-05,0.0099974664623446,-1.0601182747197e-05,1.0628820702976e-05,-5.0374615535482e-06,-6.1901163874637e-06,-6.3335764523496e-06,0.90003324388597,0.90001271490777,2.5,2.5,-5.4750105305143e-06,-9.9999999999999e-05
0.11,-0.037912063065438,0.57737298283364,0.61528504589908,0.99995312279314,0.99993086148669,0.99996812711145,0.99996764532438,4.5470987401221e-05,1.4295502136529e-21,2.0932597103031e-05,1.9908690487702e-05,0.0099974405105181,-1.0380730587582e-05,1.0407839754048e-05,-5.0689308049973e-06,-6.1983602331936e-06,-6.3155750153985e-06,0.90003320789869,0.90001309303331,2.5,2.5,-5.4978087789097e-06,-9.9999999999998e-05
0.1125,-0.037912063065438,0.57737298283364,0.61528504589908,0.99995273851848,0.99993092676245,0.99996814555938,0.99996767360265,4.4552913750702e-05,1.4004390861683e-21,2.0989716270305e-05,1.9986485128145e-05,0.0099974150967972,-1.0165488379828e-05,1.0192074749816e-05,-5.0997829470986e-06,-6.2064305753165e-06,-6.2979468343655e-06,0.90003317266113,0.90001346393045,2.5,2.5,-5.5201343105462e-06,-0.00010000000000001
0.115,-0.037912063065438,0.57737298283364,0.61528504589908,0.99995236161416,0.99993099067666,0.99996816363679,0.99996770130473,4.3652646351068e-05,1.3719287153107e-21,2.1045655857895e-05,2.00626988221e-05,0.0099973902086861,-9.9552444402732e-06,9.9813145741787e-06,-5.1300272888189e-06,-6.2143318075983e-06,-6.2806832416301e-06,0.90003313815539,0.90001382768025,2.5,2.5,-5.5419981026628e-06,-0.0001
0.1175,-0.037912063065438,0.57737298283364,0.61528504589908,0.9999519919938,0.99993105326207,0.99996818135057,0.99996772844256,4.276994617031e-05,1.3440055559321e-21,2.1100442580106e-05,2.0137363726915e-05,0.0099973658341693,-9.7498067248201e-06,9.7753676387539e-06,-5.1596734172362e-06,-6.222068108709e-06,-6.2637759026429e-06,0.9000331043643,0.90001418437169,2.5,2.5,-5.5634107107296e-06,-9.9999999999991e-05
0.12,-0.037912063065438,0.57737298283364,0.61528504589908,0.99995162956359,0.99993111455005,0.99996819870757,0.9999677550278,4.1904561268466e-05,1.3166565319088e-21,2.1154102210548e-05,2.0210511341066e-05,0.0099973419616688,-9.5490002034204e-06,9.574059274484e-06,-5.1887311243472e-06,-6.2296434648526e-06,-6.2472167863445e-06,0.90003307127138,0.90001453410004,2.5,2.5,-5.5843823058142e-06,-0.0001
0.1225,-0.037912063065438,0.57737298283364,0.61528504589908,0.99995127422378,0.99993117457069,0.99996821571459,0.99996778107186,4.1056229628361e-05,1.2898689985322e-21,2.1206659659165e-05,2.0282172518457e-05,0.0099973185800072,-9.3526646124066e-06,9.3772294981985e-06,-5.2172103451459e-06,-6.2370616892616e-06,-6.2309981395989e-06,0.90003303886078,0.90001487696562,2.5,2.5,-5.6049227070117e-06,-9.9999999999997e-05
0.125,-0.037912063065438,0.57737298283364,0.61528504589908,0.99995092586995,0.99993123335293,0.99996823237834,0.99996780658587,4.0224681558396e-05,1.2636307098213e-21,2.1258139038853e-05,2.0352377482568e-05,0.0099972956783759,-9.1606525288605e-06,9.1847310992716e-06,-5.2451211052521e-06,-6.2443264390481e-06,-6.215112464936e-06,0.90003300711719,0.90001521307267,2.5,2.5,-5.625041409646e-06,-0.00010000000000001
0.1275,-0.037912063065438,0.57737298283364,0.61528504589908,0.99995058439407,0.99993129092466,0.99996824870548,0.99996783158072,3.940964172866e-05,1.2379297897444e-21,2.1308563723885e-05,2.0421155839583e-05,0.0099972732463066,-8.9728277201557e-06,8.9964279998343e-06,-5.2724734767714e-06,-6.2514412297682e-06,-6.1995525011095e-06,0.90003297602584,0.90001554252839,2.5,2.5,-5.644747609845e-06,-9.9999999999985e-05
0.13,-0.037912063065438,0.57737298283364,0.61528504589908,0.99995024968537,0.99993134731281,0.99996826470255,0.99996785606708,3.8610830894356e-05,1.2127547072688e-21,2.1357956400935e-05,2.0488536591805e-05,0.0099972512736473,-8.7890637291906e-06,8.8121938486702e-06,-5.2992775411557e-06,-6.2584094480427e-06,-6.1843112061688e-06,0.90003294557244,0.90001586544219,2.5,2.5,-5.6640502260116e-06,-9.9999999999997e-05
0.1325,-0.037912063065438,0.57737298283364,0.61528504589908,0.99994992163116,0.99993140254341,0.99996828037602,0.99996788005536,3.7827967351206e-05,1.1880942542877e-21,2.140633911371e-05,2.0554548149612e-05,0.0099972297505407,-8.6092426603045e-06,8.6319108148838e-06,-5.3255433580444e-06,-6.2652343625057e-06,-6.1693817426188e-06,0.90003291574311,0.90001618192494,2.5,2.5,-5.6829579176246e-06,-0.00010000000000001
0.135,-0.037912063065438,0.57737298283364,0.61528504589908,0.99994960011743,0.99993145664171,0.99996829573224,0.99996790355576,3.7060768162539e-05,1.1639375262346e-21,2.1453733302661e-05,2.061921834462e-05,0.0099972086674053,-8.433254137178e-06,8.4554685523167e-06,-5.3512809392304e-06,-6.2719191333281e-06,-6.1547574643649e-06,0.90003288652442,0.90001649208849,2.5,2.5,-5.701479101753e-06,-9.9999999999997e-05
0.1375,-0.037912063065438,0.57737298283364,0.61528504589908,0.99994928502943,0.99993150963215,0.9999683107775,0.99996792657826,3.6308950191153e-05,1.140273904922e-21,2.1500159839356e-05,2.0682574441141e-05,0.0099971880149193,-8.2609944079916e-06,8.2827633102055e-06,-5.3765002269668e-06,-6.278466820503e-06,-6.1404319052231e-06,0.9000328579033,0.90001679604511,2.5,2.5,-5.7196219676057e-06,-9.9999999999999e-05
0.14,-0.037912063065438,0.57737298283364,0.61528504589908,0.99994897625211,0.99993156153851,0.99996832551795,0.99996794913263,3.5572230964624e-05,1.1170930433832e-21,2.1545639057664e-05,2.074464314838e-05,0.0099971677840053,-8.0923655761581e-06,8.1136971685877e-06,-5.4012110760036e-06,-6.2848803910976e-06,-6.1263987687816e-06,0.90003282986705,0.90001709390715,2.5,2.5,-5.7373944893907e-06,-9.9999999999999e-05
0.1425,-0.037912063065438,0.57737298283364,0.61528504589908,0.99994867367051,0.99993161238386,0.99996833995966,0.99996797122843,3.4850329398157e-05,1.0943848522778e-21,2.1590190781034e-05,2.0805450631579e-05,0.009997147965818,-7.9272749386185e-06,7.9481773807223e-06,-5.4254232387891e-06,-6.2911627255912e-06,-6.1126519193905e-06,0.90003280240331,0.90001738578666,2.5,2.5,-5.7548044377199e-06,-0.0001
0.145,-0.037912063065438,0.57737298283364,0.61528504589908,0.99994837717008,0.9999316621907,0.99996835410859,0.99996799287501,3.4142966396421e-05,1.0721394878256e-21,2.1633834346727e-05,2.0865022523289e-05,0.009997128551732,-7.7656344163618e-06,7.7861158069335e-06,-5.4491463533811e-06,-6.2973166234436e-06,-6.09918537413e-06,0.90003277550003,0.90001767179511,2.5,2.5,-5.7718593897656e-06,-9.9999999999999e-05
0.1475,-0.037912063065438,0.57737298283364,0.61528504589908,0.99994808663697,0.99993171098089,0.99996836797058,0.99996801408155,3.3449865352024e-05,1.0503473409454e-21,2.1676588628122e-05,2.0923383934681e-05,0.0099971095333318,-7.6073600634308e-06,7.6274284267425e-06,-5.4723899336315e-06,-6.3033448079922e-06,-6.085993295651e-06,0.90003274914548,0.90001795204316,2.5,2.5,-5.7885667383378e-06,-0.0001
0.15,-0.037912063065438,0.57737298283364,0.61528504589908,0.99994780195822,0.99993175877576,0.9999683815514,0.999968034857,3.2770752555553e-05,1.0289990274639e-21,2.1718472054148e-05,2.098055946561e-05,0.0099970909024027,-7.4523716440388e-06,7.4720349180832e-06,-5.4951633613493e-06,-6.3092499307983e-06,-6.0730699857651e-06,0.9000327233282,0.9000182266405,2.5,2.5,-5.804933700031e-06,-9.9999999999992e-05
0.1525,-0.037912063065438,0.57737298283364,0.61528504589908,0.99994752302198,0.99993180559611,0.99996839485667,0.99996805521017,3.2105357530975e-05,1.0080853792302e-21,2.1759502627277e-05,2.1036573215837e-05,0.009997072650922,-7.3005922663907e-06,7.3198582937849e-06,-5.5174758801109e-06,-6.3150345754677e-06,-6.0604098795946e-06,0.90003269803702,0.90001849569563,2.5,2.5,-5.8209673225702e-06,-0.00010000000000001
0.155,-0.037912063065438,0.57737298283364,0.61528504589908,0.99994724971763,0.99993185146223,0.99996840789195,0.99996807514964,3.1453413306875e-05,9.8759743608164e-22,2.1799697939757e-05,2.1091448794769e-05,0.0099970547710519,-7.1519480671269e-06,7.1708245873083e-06,-5.5393365904835e-06,-6.3207012610886e-06,-6.0480075403629e-06,0.90003267326104,0.90001875931576,2.5,2.5,-5.8366744914605e-06,-9.9999999999994e-05
0.1575,-0.037912063065438,0.57737298283364,0.61528504589908,0.99994698193594,0.99993189639392,0.99996842066266,0.99996809468385,3.0814656633637e-05,9.675264384743e-22,2.183907518814e-05,2.1145209331612e-05,0.009997037255132,-7.0063679372158e-06,7.024862580466e-06,-5.5607544464451e-06,-6.3262524452643e-06,-6.0358576546163e-06,0.90003264898959,0.90001901760672,2.5,2.5,-5.8520619360373e-06,-0.00010000000000001
0.16,-0.037912063065438,0.57737298283364,0.61528504589908,0.99994671956913,0.99993194041052,0.99996843317414,0.99996811382104,3.0188828154124e-05,9.4786382070623e-22,2.1877651187134e-05,2.1197877485403e-05,0.0099970200956738,-6.8637832844636e-06,6.8819035672311e-06,-5.5817382528131e-06,-6.331690526872e-06,-6.0239550278165e-06,0.90003262521227,0.90001927067284,2.5,2.5,-5.8671362349924e-06,-9.9999999999999e-05
0.1625,-0.037912063065438,0.57737298283364,0.61528504589908,0.99994646251096,0.99993198353094,0.99996844543162,0.9999681325693,2.9575672535775e-05,9.2860120467591e-22,2.1915442381927e-05,2.1249475454146e-05,0.0099970032853542,-6.7241278275075e-06,6.7418811485951e-06,-5.6022966635301e-06,-6.3370178485133e-06,-6.0122945804094e-06,0.9000326019189,0.90001951861692,2.5,2.5,-5.8819038214509e-06,-9.9999999999989e-05
0.165,-0.037912063065438,0.57737298283364,0.61528504589908,0.99994621065682,0.99993202577365,0.99996845744022,0.99996815093654,2.8974938568756e-05,9.0973039415521e-22,2.1952464859717e-05,2.1300024984961e-05,0.0099969868170107,-6.5873374156018e-06,6.6047310536775e-06,-5.6224381806721e-06,-6.3422366987566e-06,-6.0008713440448e-06,0.90003257909952,0.90001976154012,2.5,2.5,-5.8963709876487e-06,-9.9999999999997e-05
0.1675,-0.037912063065438,0.57737298283364,0.61528504589908,0.99994596390374,0.9999320671567,0.99996846920499,0.99996816893051,2.8386379236786e-05,8.9124336935865e-22,2.1988734360499e-05,2.1349547382447e-05,0.009996970683636,-6.4533498723414e-06,6.4703909838183e-06,-5.6421711540582e-06,-6.3473493141682e-06,-5.9896804582146e-06,0.90003255674441,0.90001999954202,2.5,2.5,-5.9105438892697e-06,-0.00010000000000001
0.17,-0.037912063065438,0.57737298283364,0.61528504589908,0.99994572215045,0.99993210769775,0.99996848073083,0.99996818655881,2.7809751763515e-05,8.7313228194621e-22,2.2024266286948e-05,2.1398063518318e-05,0.0099969548783739,-6.3221048578987e-06,6.3388004758674e-06,-5.6615037813871e-06,-6.3523578811513e-06,-5.9787171670422e-06,0.90003253484404,0.90002023272048,2.5,2.5,-5.924428549479e-06,-9.9999999999994e-05
0.1725,-0.037912063065438,0.57737298283364,0.61528504589908,0.99994548529739,0.99993214741408,0.99996849202261,0.99996820382888,2.7244817639358e-05,8.553894502986e-22,2.2059075714037e-05,2.1445593840021e-05,0.0099969393945145,-6.1935437492859e-06,6.2099007826554e-06,-5.6804441087802e-06,-6.3572645376724e-06,-5.9679768163235e-06,0.90003251338911,0.90002046117171,2.5,2.5,-5.9380308626931e-06,-9.9999999999994e-05
0.175,-0.037912063065438,0.57737298283364,0.61528504589908,0.99994525324673,0.99993218632257,0.99996850308504,0.99996822074799,2.6691342631209e-05,8.3800735510141e-22,2.2093177397576e-05,2.1492158379233e-05,0.0099969242254907,-6.067609533831e-06,6.0836347673271e-06,-5.699000031691e-06,-6.3620713748007e-06,-5.957454850692e-06,0.90003249237049,0.90002068499021,2.5,2.5,-5.951356598117e-06,-0.00010000000000002
0.1775,-0.037912063065438,0.57737298283364,0.61528504589908,0.99994502590238,0.99993222443978,0.99996851392278,0.99996823732329,2.6149096777986e-05,8.2097863510666e-22,2.2126585782606e-05,2.1537776760804e-05,0.0099969093648739,-5.9442467162742e-06,5.95994681047e-06,-5.717179296114e-06,-6.36678043818e-06,-5.947146811041e-06,0.90003247177928,0.9000209042688,2.5,2.5,-5.9644114030768e-06,-0.0001
0.18,-0.037912063065438,0.57737298283364,0.61528504589908,0.99994480316997,0.99993226178187,0.99996852454038,0.99996825356176,2.5617854374518e-05,8.0429608323013e-22,2.2159315011506e-05,2.1582468210381e-05,0.0099968948063708,-5.8234012356805e-06,5.838782727565e-06,-5.7349895000341e-06,-6.3713937293686e-06,-5.9370483320139e-06,0.90003245160673,0.90002111909859,2.5,2.5,-5.9772008061689e-06,-9.9999999999993e-05
0.1825,-0.037912063065438,0.57737298283364,0.61528504589908,0.99994458495688,0.99993229836468,0.9999685349423,0.99996826947026,2.5097393945218e-05,7.8795264267126e-22,2.2191378931192e-05,2.1626251562954e-05,0.0099968805438198,-5.7050203918717e-06,5.7200896957332e-06,-5.7524380950703e-06,-6.3759132070987e-06,-5.9271551396213e-06,0.90003243184431,0.90002132956901,2.5,2.5,-5.9897302202501e-06,-9.9999999999992e-05
0.185,-0.037912063065438,0.57737298283364,0.61528504589908,0.99994437117221,0.99993233420372,0.99996854513292,0.99996828505549,2.4587498209975e-05,7.7194140335175e-22,2.222279110039e-05,2.1669145270853e-05,0.0099968665711878,-5.5890527799847e-06,5.6038161883785e-06,-5.769532388289e-06,-6.3803407884605e-06,-5.9174630490294e-06,0.90003241248364,0.9000215357678,2.5,2.5,-6.00200494528e-06,-9.9999999999996e-05
0.1875,-0.037912063065438,0.57737298283364,0.61528504589908,0.99994416172678,0.99993236931416,0.99996855511652,0.99996830032402,2.4087954042848e-05,7.562555984568e-22,2.2253564796684e-05,2.1711167411302e-05,0.0099968528825673,-5.4754482316112e-06,5.4899119165414e-06,-5.7862795441599e-06,-6.3846783500226e-06,-5.9079679624137e-06,0.90003239351654,0.90002173778106,2.5,2.5,-6.0140301710391e-06,-0.00010000000000001
0.19,-0.037912063065438,0.57737298283364,0.61528504589908,0.99994395653309,0.99993240371087,0.99996856489729,0.9999683152823,2.3598552425486e-05,7.4088860103905e-22,2.2283713022632e-05,2.1752335694116e-05,0.0099968394721729,-5.3641577617034e-06,5.3783277761223e-06,-5.8026865865839e-06,-6.3889277288689e-06,-5.8986658668707e-06,0.90003237493498,0.90002193569321,2.5,2.5,-6.0258109797261e-06,-9.9999999999995e-05
0.1925,-0.037912063065438,0.57737298283364,0.61528504589908,0.99994375550534,0.99993243740838,0.99996857447937,0.99996832993662,2.3119088395971e-05,7.2583392095754e-22,2.2313248512548e-05,2.1792667469439e-05,0.0099968263343391,-5.2551335209512e-06,5.2690158001943e-06,-5.8187604010396e-06,-6.3930907236016e-06,-5.889552832491e-06,0.9000323567311,0.90002212958709,2.5,2.5,-6.0373523484524e-06,-0.00010000000000001
0.195,-0.037912063065438,0.57737298283364,0.61528504589908,0.99994355855937,0.99993247042095,0.99996858386678,0.99996834429317,2.2649360993941e-05,7.1108520167452e-22,2.2342183738209e-05,2.1832179734483e-05,0.0099968134635172,-5.1483287524165e-06,5.1619291158039e-06,-5.8345077367686e-06,-6.3971690952994e-06,-5.8806250104413e-06,0.90003233889722,0.90002231954388,2.5,2.5,-6.0486591516421e-06,-0.00010000000000001
0.1975,-0.037912063065438,0.57737298283364,0.61528504589908,0.99994336561267,0.99993250276254,0.99996859306346,0.99996835835799,2.2189173202933e-05,6.9663621732994e-22,2.2370530914944e-05,2.1870889141274e-05,0.0099968008542728,-5.0436977517801e-06,5.0570219043528e-06,-5.8499352090082e-06,-6.4011645684091e-06,-5.8718786311487e-06,0.90003232142581,0.9000225056432,2.5,2.5,-6.0597361633423e-06,-9.9999999999974e-05
0.2,-0.037912063065438,0.57737298283364,0.61528504589908,0.99994317658434,0.99993253444679,0.9999686020733,0.99996837213702,2.1738331890367e-05,6.8248086990431e-22,2.2398302007128e-05,2.1908812003442e-05,0.0099967885012832,-4.941195831269e-06,4.9542493655032e-06,-5.865049301269e-06,-6.4050788316208e-06,-5.863310002525e-06,0.90003230430947,0.90002268796312,2.5,2.5,-6.0705880594572e-06,-0.00010000000000002
0.2025,-0.037912063065438,0.57737298283364,0.61528504589908,0.99994299139507,0.9999325654871,0.99996861090008,0.99996838563607,2.1296647746031e-05,6.6861318636277e-22,2.2425508733837e-05,2.1945964303075e-05,0.009996776399335,-4.8407792861941e-06,4.8535676837726e-06,-5.879856367613e-06,-6.4089135386924e-06,-5.8549155082932e-06,0.900032287541,0.90002286658014,2.5,2.5,-6.0812194199054e-06,-9.9999999999997e-05
0.205,-0.037912063065438,0.57737298283364,0.61528504589908,0.99994280996713,0.99993259589657,0.99996861954752,0.99996839886082,2.0863935219097e-05,6.5502731598602e-22,2.245216257403e-05,2.1982361697604e-05,0.0099967645433216,-4.7424053639902e-06,4.7549339977892e-06,-5.8943626349599e-06,-6.4126703092527e-06,-5.8466916062799e-06,0.9000322711133,0.90002304156927,2.5,2.5,-6.0916347307131e-06,-0.0001
0.2075,-0.037912063065438,0.57737298283364,0.61528504589908,0.99994263222431,0.99993262568803,0.99996862801927,0.99996841181685,2.0440012454283e-05,6.4171752777748e-22,2.2478274771724e-05,2.201801952606e-05,0.009996752928241,-4.646032236e-06,4.6583063716956e-06,-5.9085742053775e-06,-6.416350729572e-06,-5.8386348268814e-06,0.90003225501945,0.90002321300402,2.5,2.5,-6.1018383860411e-06,-0.0001
0.21,-0.037912063065438,0.57737298283364,0.61528504589908,0.99994245809194,0.99993265487407,0.9999686363189,0.99996842450962,2.0024701227733e-05,6.2867820785459e-22,2.2503856341137e-05,2.2052952815989e-05,0.0099967415491936,-4.5516189701669e-06,4.5636437683521e-06,-5.9224970583887e-06,-6.4199563533002e-06,-5.8307417714532e-06,0.90003223925266,0.90002338095644,2.5,2.5,-6.1118346901556e-06,-9.9999999999995e-05
0.2125,-0.037912063065438,0.57737298283364,0.61528504589908,0.9999422874968,0.99993268346699,0.99996864444989,0.99996843694448,1.9617826882361e-05,6.1590385701331e-22,2.2528918071325e-05,2.2087176289479e-05,0.0099967304013798,-4.4591255064965e-06,4.470906024339e-06,-5.9361370532397e-06,-6.4234887021955e-06,-5.823009110831e-06,0.90003222380627,0.90002354549712,2.5,2.5,-6.1216278593421e-06,-9.9999999999997e-05
0.215,-0.037912063065438,0.57737298283364,0.61528504589908,0.99994212036719,0.99993271147885,0.99996865241567,0.99996844912667,1.9219218263305e-05,6.0338908829998e-22,2.255347053126e-05,2.212070436943e-05,0.0099967194800982,-4.3685126331265e-06,4.3800538264855e-06,-5.949499931171e-06,-6.4269492667997e-06,-5.8154335838453e-06,0.90003220867377,0.90002370669528,2.5,2.5,-6.1312220237688e-06,-0.00010000000000001
0.2175,-0.037912063065438,0.57737298283364,0.61528504589908,0.99994195663279,0.99993273892148,0.9999686602196,0.99996846106133,1.8828707653509e-05,5.9112862463653e-22,2.2577524074049e-05,2.2153551185795e-05,0.0099967087807433,-4.2797419645823e-06,4.2910486896542e-06,-5.9625913176688e-06,-6.4303395071425e-06,-5.8080119958804e-06,0.90003219384878,0.90002386461871,2.5,2.5,-6.1406212293018e-06,-0.0001
0.22,-0.037912063065438,0.57737298283364,0.61528504589908,0.99994179622472,0.99993276580645,0.99996866786497,0.99996847275348,1.8446130709689e-05,5.7911729658272e-22,2.260108884187e-05,2.2185730581418e-05,0.0099966982988035,-4.1927759203401e-06,4.2038529356063e-06,-5.9754167246786e-06,-6.4336608533716e-06,-5.8007412175201e-06,0.90003217932504,0.90002401933386,2.5,2.5,-6.1498294392724e-06,-9.9999999999996e-05
0.2225,-0.037912063065438,0.57737298283364,0.61528504589908,0.99994163907549,0.9999327921451,0.99996867535499,0.99996848420805,1.8071326398606e-05,5.6735004000443e-22,2.2624174770089e-05,2.2217256117712e-05,0.0099966880298593,-4.1075777049426e-06,4.1184296730827e-06,-5.9879815528074e-06,-6.4369147063993e-06,-5.7936181831185e-06,0.90003216509643,0.90002417090584,2.5,2.5,-6.1588505362011e-06,-0.00010000000000001
0.225,-0.037912063065438,0.57737298283364,0.61528504589908,0.99994148511895,0.99993281794853,0.99996868269283,0.99996849542988,1.7704136934253e-05,5.5582189395959e-22,2.2646791591589e-05,2.2248141080546e-05,0.009996677969581,-4.0241112889912e-06,4.0347427785891e-06,-6.0002910934822e-06,-6.4401024385258e-06,-5.7866398895375e-06,0.90003215115695,0.90002431939845,2.5,2.5,-6.1676883234804e-06,-0.00010000000000001
0.2275,-0.037912063065438,0.57737298283364,0.61528504589908,0.99994133429031,0.99993284322763,0.99996868988158,0.99996850642368,1.7344407715229e-05,5.4452799856759e-22,2.2668948841081e-05,2.2278398485972e-05,0.0099966681137276,-3.9423413909222e-06,3.9527568783751e-06,-6.0123505311003e-06,-6.4432253940342e-06,-5.7798033948036e-06,0.90003213750073,0.90002446487419,2.5,2.5,-6.1763465270173e-06,-9.9999999999983e-05
0.23,-0.037912063065438,0.57737298283364,0.61528504589908,0.99994118652604,0.99993286799304,0.99996869692425,0.9999685171941,1.6991987263298e-05,5.3346359285614e-22,2.2690655859149e-05,2.2308041085472e-05,0.0099966584581439,-3.8622334594853e-06,3.8724373307152e-06,-6.0241649451258e-06,-6.4462848897858e-06,-5.7731058168758e-06,0.900032124122,0.90002460739432,2.5,2.5,-6.1848287968372e-06,-0.00010000000000001
0.2325,-0.037912063065438,0.57737298283364,0.61528504589908,0.99994104176395,0.99993289225523,0.99996870382383,0.99996852774567,1.6646727162565e-05,5.2262401275677e-22,2.2711921796058e-05,2.2337081371321e-05,0.0099966489987598,-3.7837536569269e-06,3.7937502092307e-06,-6.0357393121574e-06,-6.4492822157875e-06,-5.7665443323687e-06,0.90003211101513,0.90002474701885,2.5,2.5,-6.1931387086502e-06,-9.9999999999994e-05
0.235,-0.037912063065438,0.57737298283364,0.61528504589908,0.99994089994306,0.9999329160244,0.99996871058322,0.99996853808284,1.6308481999371e-05,5.120046891888e-22,2.2732755616085e-05,2.2365531582179e-05,0.0099966397315877,-3.7068688429977e-06,3.7166622866603e-06,-6.0470785079809e-06,-6.4522186357534e-06,-5.7601161753942e-06,0.90003209817459,0.90002488380657,2.5,2.5,-6.2012797653838e-06,-9.9999999999993e-05
0.2375,-0.037912063065438,0.57737298283364,0.61528504589908,0.99994076100365,0.99993293931059,0.99996871720527,0.99996854820997,1.5977109303437e-05,5.0160114593881e-22,2.2753166101001e-05,2.2393403707858e-05,0.0099966306527213,-3.6315465591171e-06,3.6411410192592e-06,-6.0581873095682e-06,-6.4550953876547e-06,-5.7538186363271e-06,0.90003208559496,0.9000250178151,2.5,2.5,-6.2092553986804e-06,-0.0001
0.24,-0.037912063065438,0.57737298283364,0.61528504589908,0.9999406248872,0.99993296212361,0.99996872369276,0.99996855813132,1.5652469489485e-05,4.9140899790684e-22,2.27731618539e-05,2.2420709494638e-05,0.0099966217583337,-3.5577550134776e-06,3.5671545316497e-06,-6.069070397039e-06,-6.4579136842428e-06,-5.7476490606869e-06,0.90003207327095,0.90002514910088,2.5,2.5,-6.2170689703591e-06,-0.00010000000000002
0.2425,-0.037912063065438,0.57737298283364,0.61528504589908,0.99994049153638,0.99993298447307,0.99996873004843,0.99996856785108,1.5334425800215e-05,4.8142394918791e-22,2.2792751302864e-05,2.2447460449994e-05,0.0099966130446761,-3.4854630664311e-06,3.494671602287e-06,-6.0797323556113e-06,-6.4606747135832e-06,-5.7416048479903e-06,0.90003206119736,0.90002527771921,2.5,2.5,-6.2247237738521e-06,-9.9999999999977e-05
0.245,-0.037912063065438,0.57737298283364,0.61528504589908,0.99994036089501,0.9999330063684,0.99996873627496,0.99996857737334,1.5022844249964e-05,4.7164179122714e-22,2.2811942704607e-05,2.2473667847646e-05,0.0099966045080755,-3.4146402162924e-06,3.4236616492576e-06,-6.0901776774946e-06,-6.4633796395529e-06,-5.7356834506434e-06,0.9000320493691,0.90002540372426,2.5,2.5,-6.2322230356022e-06,-0.00010000000000001
0.2475,-0.037912063065438,0.57737298283364,0.61528504589908,0.99994023290805,0.99993302781883,0.99996874237498,0.99996858670211,1.4717593569434e-05,4.6205840106888e-22,2.2830744148025e-05,2.2499342732397e-05,0.0099965961449341,-3.3452565855978e-06,3.354094716427e-06,-6.1004107637563e-06,-6.4660296023467e-06,-5.7298823728685e-06,0.90003203778119,0.90002552716913,2.5,2.5,-6.239569916435e-06,-9.9999999999992e-05
0.25,-0.037912063065438,0.57737298283364,0.61528504589908,0.99994010752159,0.99993304883339,0.99996874835104,0.99996859584134,1.4418545151373e-05,4.5266973955316e-22,2.2849163557318e-05,2.2524495924289e-05,0.0099965879517268,-3.277282907919e-06,3.2859414602944e-06,-6.1104359261565e-06,-6.4686257189564e-06,-5.7241991696347e-06,0.90003202642874,0.90002564810581,2.5,2.5,-6.2467675129015e-06,-0.00010000000000002
0.2525,-0.037912063065438,0.57737298283364,0.61528504589908,0.9999399846828,0.99993306942095,0.99996875420568,0.99996860479486,1.412557299726e-05,4.4347184970543e-22,2.286720869584e-05,2.2549138023884e-05,0.0099965799250005,-3.2106905147038e-06,3.2191731367371e-06,-6.120257388944e-06,-6.471169083652e-06,-5.7186314456361e-06,0.90003201530696,0.90002576658525,2.5,2.5,-6.2538188585903e-06,-9.9999999999998e-05
0.255,-0.037912063065438,0.57737298283364,0.61528504589908,0.99993986433993,0.99993308959018,0.99996875994136,0.99996861356645,1.3838553664973e-05,4.3446085488976e-22,2.2884887168785e-05,2.257327941606e-05,0.0099965720613722,-3.1454513227028e-06,3.153761588586e-06,-6.1298792906224e-06,-6.4736607684444e-06,-5.7131768542455e-06,0.90003200441117,0.90002588265738,2.5,2.5,-6.2607269254132e-06,-0.0001
0.2575,-0.037912063065438,0.57737298283364,0.61528504589908,0.99993974644226,0.99993310934959,0.9999687655605,0.99996862215981,1.3557366217313e-05,4.2563295740996e-22,2.2902206427107e-05,2.2596930274781e-05,0.0099965643575276,-3.0815378219157e-06,3.0896792331674e-06,-6.139305685674e-06,-6.4761018235479e-06,-5.7078330965657e-06,0.90003199373678,0.9000259963711,2.5,2.5,-6.2674946248648e-06,-9.9999999999993e-05
0.26,-0.037912063065438,0.57737298283364,0.61528504589908,0.99993963094013,0.99993312870749,0.99996877106546,0.99996863057856,1.328189217163e-05,4.1698443665987e-22,2.291917377003e-05,2.2620100567304e-05,0.00999655681022,-3.0189230630422e-06,3.0268990502181e-06,-6.148540546264e-06,-6.4784932778129e-06,-5.7025979204198e-06,0.90003198327928,0.90002610777432,2.5,2.5,-6.2741248092525e-06,-9.9999999999998e-05
0.2625,-0.037912063065438,0.57737298283364,0.61528504589908,0.99993951778487,0.99993314767206,0.99996877645856,0.99996863882624,1.3012015450453e-05,4.0851164769168e-22,2.2935796348506e-05,2.264280005844e-05,0.0099965494162684,-2.9575806464146e-06,2.965394570409e-06,-6.1575877638949e-06,-6.480836139174e-06,-5.6974691194055e-06,0.90003197303428,0.90002621691397,2.5,2.5,-6.280620272906e-06,-9.9999999999996e-05
0.265,-0.037912063065438,0.57737298283364,0.61528504589908,0.99993940692879,0.99993316625127,0.99996878174208,0.99996864690634,1.2747622332731e-05,4.0021101967058e-22,2.2952081168144e-05,2.2665038314396e-05,0.0099965421725566,-2.8974847101937e-06,2.9051398636274e-06,-6.1664511510536e-06,-6.4831313950713e-06,-5.6924445319885e-06,0.90003196299744,0.90002632383606,2.5,2.5,-6.2869837533554e-06,-9.9999999999996e-05
0.2675,-0.037912063065438,0.57737298283364,0.61528504589908,0.99993929832518,0.99993318445297,0.99996878691825,0.99996865482226,1.2488601406467e-05,3.920790543048e-22,2.2968035092199e-05,2.2686824707045e-05,0.0099965350760318,-2.8386099192681e-06,2.8461095279467e-06,-6.1751344427884e-06,-6.4853800128751e-06,-5.6875220405474e-06,0.90003195316455,0.90002642858563,2.5,2.5,-6.2932179324905e-06,-0.0001
0.27,-0.037912063065438,0.57737298283364,0.61528504589908,0.99993919192829,0.99993320228483,0.99996879198924,0.99996866257734,1.2234843521949e-05,3.8411232442141e-22,2.2983664844333e-05,2.2708168418031e-05,0.0099965281237032,-2.7809314544355e-06,2.7882786786847e-06,-6.1836412982885e-06,-6.4875829402818e-06,-5.6826995705043e-06,0.90003194353145,0.90002653120682,2.5,2.5,-6.2993254376929e-06,-9.9999999999988e-05
0.2725,-0.037912063065438,0.57737298283364,0.61528504589908,0.99993908769327,0.99993321975435,0.99996879695719,0.99996867017483,1.1986241746019e-05,3.7630747245554e-22,2.2998977011709e-05,2.2729078442203e-05,0.0099965213126407,-2.7244250018616e-06,2.73162293775e-06,-6.1919753024336e-06,-6.4897411057322e-06,-5.6779750894613e-06,0.9000319340941,0.90002663174287,2.5,2.5,-6.3053088429461e-06,-0.00010000000000001
0.275,-0.037912063065438,0.57737298283364,0.61528504589908,0.9999389855762,0.99993323686891,0.9999688018242,0.99996867761795,1.1742691317182e-05,3.6866120914936e-22,2.3013978047423e-05,2.2749563591746e-05,0.0099965146399738,-2.6690667424045e-06,2.6761184231766e-06,-6.200139967273e-06,-6.4918554187898e-06,-5.6733466063071e-06,0.9000319248485,0.90002673023615,2.5,2.5,-6.3111706699208e-06,-9.9999999999997e-05
0.2775,-0.037912063065438,0.57737298283364,0.61528504589908,0.99993888553405,0.99993325363571,0.99996880659231,0.99996868490984,1.1504089601731e-05,3.61170312016e-22,2.3028674273612e-05,2.2769632499704e-05,0.0099965081028904,-2.6148333415944e-06,2.621741738904e-06,-6.2081387335129e-06,-6.4939267705354e-06,-5.668812170397e-06,0.90003191579077,0.90002682672816,2.5,2.5,-6.3169133890418e-06,-0.00010000000000001
0.28,-0.037912063065438,0.57737298283364,0.61528504589908,0.99993878752466,0.99993327006182,0.99996881126354,0.99996869205356,1.1270336050587e-05,3.5383162411206e-22,2.3043071883888e-05,2.2789293623785e-05,0.0099965016986356,-2.5617019398284e-06,2.5684699649167e-06,-6.2159749719818e-06,-6.4959560339328e-06,-5.6643698707417e-06,0.90003190691708,0.90002692125956,2.5,2.5,-6.3225394205281e-06,-9.9999999999994e-05
0.2825,-0.037912063065438,0.57737298283364,0.61528504589908,0.99993869150672,0.99993328615416,0.99996881583985,0.99996869905212,1.1041332157067e-05,3.4664205261e-22,2.3057176945902e-05,2.2808555249949e-05,0.0099964954245102,-2.509650142348e-06,2.516280647375e-06,-6.2236519850108e-06,-6.4979440642109e-06,-5.6600178351633e-06,0.9000318982237,0.90002701387019,2.5,2.5,-6.3280511354167e-06,-9.9999999999992e-05
0.285,-0.037912063065438,0.57737298283364,0.61528504589908,0.99993859743979,0.99993330191952,0.99996882032318,0.99996870590848,1.0816981415415e-05,3.395985675756e-22,2.3070995404125e-05,2.2827425495567e-05,0.0099964892778702,-2.458656009982e-06,2.465151789127e-06,-6.2311730078592e-06,-6.4998916992106e-06,-5.6557542295571e-06,0.90003188970697,0.90002710459907,2.5,2.5,-6.3334508565596e-06,-0.0001
0.2875,-0.037912063065438,0.57737298283364,0.61528504589908,0.99993850528421,0.99993331736454,0.99996882471541,0.99996871262552,1.0597189280358e-05,3.3269820059997e-22,2.3084533082147e-05,2.2845912313171e-05,0.0099964832561251,-2.4086980496431e-06,2.4150618403414e-06,-6.23854121005e-06,-6.5017997597515e-06,-5.6515772570698e-06,0.90003188136328,0.90002719348445,2.5,2.5,-6.3387408596073e-06,-0.0001
0.29,-0.037912063065438,0.57737298283364,0.61528504589908,0.99993841500114,0.99993333249573,0.99996882901839,0.99996871920608,1.0381863127253e-05,3.2593804359628e-22,2.3097795685258e-05,2.2864023493665e-05,0.0099964773567371,-2.359755205284e-06,2.3659896893743e-06,-6.2457596967196e-06,-6.5036690499685e-06,-5.6474851573693e-06,0.90003187318914,0.90002728056376,2.5,2.5,-6.3439233739658e-06,-9.9999999999993e-05
0.2925,-0.037912063065438,0.57737298283364,0.61528504589908,0.99993832655255,0.99993334731947,0.99996883323394,0.99996872565293,1.0170912213157e-05,3.1931524762075e-22,2.3110788802831e-05,2.2881766669737e-05,0.00999647157722,-2.3118068489975e-06,2.3179146538142e-06,-6.2528315099181e-06,-6.5055003576549e-06,-5.6434762058904e-06,0.90003186518108,0.90002736587372,2.5,2.5,-6.3490005837383e-06,-9.9999999999999e-05
0.295,-0.037912063065438,0.57737298283364,0.61528504589908,0.99993823990116,0.999933361842,0.99996883736383,0.99996873196878,9.9642476385992e-06,3.1282702157093e-22,2.312351791057e-05,2.2899149319011e-05,0.009996465915138,-2.26483277223e-06,2.2708164717485e-06,-6.2597596298845e-06,-6.5072944545979e-06,-5.6395487131194e-06,0.90003185733575,0.90002744945027,2.5,2.5,-6.353974628646e-06,-0.00010000000000001
0.2975,-0.037912063065438,0.57737298283364,0.61528504589908,0.99993815501044,0.99993337606944,0.99996884140981,0.9999687381563,9.7617823102738e-06,3.0647063108251e-22,2.3135988372989e-05,2.291617876701e-05,0.0099964603681051,-2.218813177259e-06,2.224675293158e-06,-6.2665469763173e-06,-6.5090520968975e-06,-5.6357010238645e-06,0.90003184964983,0.90002753132863,2.5,2.5,-6.3588476049291e-06,-0.0001
0.3,-0.037912063065438,0.57737298283364,0.61528504589908,0.99993807184464,0.9999333900078,0.99996884537358,0.9999687442181,9.5634309042674e-06,3.0024339735851e-22,2.3148205445684e-05,2.2932862190474e-05,0.0099964549337834,-2.1737286688222e-06,2.1794716715079e-06,-6.2731964095876e-06,-6.5107740252919e-06,-5.6319315165814e-06,0.90003184212007,0.9000276115433,2.5,2.5,-6.3636215662334e-06,-9.999999999998e-05
0.3025,-0.037912063065438,0.57737298283364,0.61528504589908,0.99993799036869,0.99993340366293,0.9999688492568,0.99996875015672,9.3691098302199e-06,2.9414269602375e-22,2.3160174277231e-05,2.2949206620486e-05,0.0099964496098828,-2.1295602458227e-06,2.1351865555855e-06,-6.2797107319488e-06,-6.5124609654636e-06,-5.6282386026636e-06,0.90003183474332,0.9000276901281,2.5,2.5,-6.3682985244737e-06,-0.00010000000000002
0.305,-0.037912063065438,0.57737298283364,0.61528504589908,0.99993791054826,0.99993341704061,0.99996885306113,0.99996875597467,9.1787371960027e-06,2.8816595600953e-22,2.3171899911789e-05,2.2965218944923e-05,0.0099964443941596,-2.0862892934198e-06,2.0918012813373e-06,-6.2860926887284e-06,-6.5141136283532e-06,-5.624620725781e-06,0.90003182751646,0.90002776711613,2.5,2.5,-6.3728804506812e-06,-9.9999999999979e-05
0.3075,-0.037912063065438,0.57737298283364,0.61528504589908,0.99993783234971,0.99993343014646,0.99996885678815,0.99996876167441,8.9922327734335e-06,2.8231065852818e-22,2.3183387290869e-05,2.2980905912012e-05,0.0099964392844156,-2.0438975752057e-06,2.049297564144e-06,-6.2923449694646e-06,-6.5157327104511e-06,-5.6210763612504e-06,0.90003182043644,0.90002784253984,2.5,2.5,-6.3773692758389e-06,-0.00010000000000002
0.31,-0.037912063065438,0.57737298283364,0.61528504589908,0.9999377557401,0.99993344298601,0.99996886043944,0.99996876725834,8.809517964296e-06,2.7657433598126e-22,2.3194641255684e-05,2.2996274132721e-05,0.0099964342784976,-2.0023672252389e-06,2.0076574909468e-06,-6.2984702090502e-06,-6.5173188940948e-06,-5.6176040153403e-06,0.90003181350028,0.90002791643101,2.5,2.5,-6.38176689169e-06,-0.00010000000000001
0.3125,-0.037912063065438,0.57737298283364,0.61528504589908,0.99993768068712,0.99993345556467,0.99996886401654,0.9999687727288,8.6305157673835e-06,2.709545708573e-22,2.320566654905e-05,2.3011330083714e-05,0.0099964293742957,-1.9616807408207e-06,1.9668635127191e-06,-6.3044709888492e-06,-6.5188728477593e-06,-5.6142022247054e-06,0.90003180670506,0.90002798882079,2.5,2.5,-6.3860751515398e-06,-9.9999999999985e-05
0.315,-0.037912063065438,0.57737298283364,0.61528504589908,0.99993760715917,0.99993346788774,0.99996886752096,0.99996877808811,8.4551507459698e-06,2.6544899481166e-22,2.321646781742e-05,2.3026080110057e-05,0.0099964245697433,-1.9218209748223e-06,1.926898437145e-06,-6.3103498377675e-06,-6.5203952263342e-06,-5.6108695556924e-06,0.90003180004791,0.90002805973968,2.5,2.5,-6.3902958710341e-06,-9.9999999999997e-05
0.3175,-0.037912063065438,0.57737298283364,0.61528504589908,0.99993753512523,0.99993347996042,0.99996887095416,0.99996878333852,8.2833489960446e-06,2.6005528761079e-22,2.3227049612678e-05,2.3040530427955e-05,0.0099964198628155,-1.8827711287568e-06,1.8877454212549e-06,-6.3161092333315e-06,-6.5218866714015e-06,-5.6076046038211e-06,0.90003179352603,0.90002812921757,2.5,2.5,-6.3944308289258e-06,-0.0001
0.32,-0.037912063065438,0.57737298283364,0.61528504589908,0.99993746455497,0.99993349178779,0.99996887431761,0.99996878848225,8.1150381152328e-06,2.5477117617485e-22,2.3237416394496e-05,2.3054687127098e-05,0.0099964152515286,-1.8445147454232e-06,1.8493879643997e-06,-6.3217516027269e-06,-6.5233478115086e-06,-5.6044059931282e-06,0.90003178713667,0.90002819728373,2.5,2.5,-6.3984817678247e-06,-0.00010000000000002
0.3225,-0.037912063065438,0.57737298283364,0.61528504589908,0.99993739541864,0.99993350337484,0.99996887761272,0.99996879352146,7.9501471722844e-06,2.4959443358466e-22,2.3247572531725e-05,2.3068556173748e-05,0.0099964107339393,-1.8070357019696e-06,1.8118099011828e-06,-6.3272793238234e-06,-6.5247792624278e-06,-5.6012723756075e-06,0.90003178087714,0.90002826396686,2.5,2.5,-6.4024503949306e-06,-9.9999999999981e-05
0.325,-0.037912063065438,0.57737298283364,0.61528504589908,0.9999373276871,0.99993351472645,0.99996888084087,0.99996879845828,7.7886066770982e-06,2.445228781892e-22,2.3257522304437e-05,2.3082143412616e-05,0.0099964063081438,-1.7703182033392e-06,1.77499539477e-06,-6.3326947261747e-06,-6.5261816274234e-06,-5.5982024306496e-06,0.90003177474479,0.90002832929505,2.5,2.5,-6.4063383827557e-06,-0.00010000000000001
0.3275,-0.037912063065438,0.57737298283364,0.61528504589908,0.9999372613318,0.99993352584741,0.99996888400343,0.99996880329479,7.6303485515734e-06,2.395543726875e-22,2.3267269905917e-05,2.3095454569876e-05,0.0099964019722769,-1.734346775418e-06,1.7389289301729e-06,-6.3380000920002e-06,-6.5275554974964e-06,-5.5951948644777e-06,0.90003176873705,0.90002839329583,2.5,2.5,-6.4101473698261e-06,-9.9999999999996e-05
0.33,-0.037912063065438,0.57737298283364,0.61528504589908,0.9999371963248,0.99993353674239,0.99996888710173,0.99996880803302,7.4753061008364e-06,2.3468682317227e-22,2.3276819444022e-05,2.3108495255288e-05,0.0099963977245112,-1.6991062584454e-06,1.7035953075901e-06,-6.343197657147e-06,-6.5289014516425e-06,-5.5922484096102e-06,0.90003176285138,0.90002845599618,2.5,2.5,-6.4138789613749e-06,-0.00010000000000001
0.3325,-0.037912063065438,0.57737298283364,0.61528504589908,0.99993713263868,0.999933547416,0.99996889013708,0.99996881267498,7.323413985145e-06,2.299181783081e-22,2.3286174943283e-05,2.3121270964664e-05,0.0099963935630567,-1.6645818008169e-06,1.6689796361593e-06,-6.3482896120342e-06,-6.5302200570939e-06,-5.589361824311e-06,0.90003175708531,0.90002851742251,2.5,2.5,-6.4175347300174e-06,-0.00010000000000001
0.335,-0.037912063065438,0.57737298283364,0.61528504589908,0.99993707024661,0.99993355787273,0.99996889311075,0.99996881722261,7.1746081924988e-06,2.2524642842833e-22,2.3295340346428e-05,2.3133787081964e-05,0.0099963894861596,-1.6307588526182e-06,1.6350673275846e-06,-6.3532781025723e-06,-6.5315118695505e-06,-5.5865338920716e-06,0.90003175143639,0.90002857760073,2.5,2.5,-6.421116216415e-06,-9.9999999999992e-05
0.3375,-0.037912063065438,0.57737298283364,0.61528504589908,0.9999370091223,0.99993356811698,0.99996889602399,0.99996882167784,7.0288260113512e-06,2.2066960470579e-22,2.3304319516025e-05,2.3146048882024e-05,0.0099963854921017,-1.5976231597682e-06,1.6018440900276e-06,-6.3581652310679e-06,-6.5327774334304e-06,-5.5837634211212e-06,0.90003174590226,0.90002863655617,2.5,2.5,-6.4246249299233e-06,-0.0001
0.34,-0.037912063065438,0.57737298283364,0.61528504589908,0.99993694923998,0.99993357815309,0.99996889887804,0.99996882604255,6.8860060045495e-06,2.1618577832092e-22,2.3313116236239e-05,2.3158061532288e-05,0.0099963815791998,-1.5651607575762e-06,1.5692959220202e-06,-6.3629530571139e-06,-6.5340172820778e-06,-5.5810492438787e-06,0.90003174048058,0.9000286943137,2.5,2.5,-6.4280623492288e-06,-9.9999999999992e-05
0.3425,-0.037912063065438,0.57737298283364,0.61528504589908,0.99993689057442,0.99993358798526,0.9999689016741,0.99996883031856,6.7460879832258e-06,2.1179305961578e-22,2.3321734214178e-05,2.3169830095308e-05,0.0099963777458049,-1.5333579653731e-06,1.5374091066548e-06,-6.3676435984551e-06,-6.53523193801e-06,-5.5783902165114e-06,0.90003173516906,0.90002875089765,2.5,2.5,-6.4314299229732e-06,-9.9999999999997e-05
0.345,-0.037912063065438,0.57737298283364,0.61528504589908,0.9999368331009,0.99993359761766,0.99996890441335,0.9999688345077,6.6090129815129e-06,2.0748959739455e-22,2.3330177081947e-05,2.3181359530751e-05,0.0099963739903014,-1.5022013803122e-06,1.5061702057202e-06,-6.3722388318327e-06,-6.5364219131214e-06,-5.5757852184157e-06,0.90003172996547,0.90002880633186,2.5,2.5,-6.4347290703619e-06,-0.00010000000000001
0.3475,-0.037912063065438,0.57737298283364,0.61528504589908,0.99993677679519,0.99993360705433,0.99996890709693,0.99996883861171,6.4747232315465e-06,2.0327357799952e-22,2.3338448397435e-05,2.3192654697464e-05,0.0099963703111068,-1.4716778719089e-06,1.4755660540377e-06,-6.3767406938253e-06,-6.5375877089071e-06,-5.5732331517567e-06,0.90003172486761,0.90002886063971,2.5,2.5,-6.4379611817626e-06,-0.0001
0.35,-0.037912063065438,0.57737298283364,0.61528504589908,0.99993672163357,0.99993361629926,0.99996890972599,0.99996884263233,6.3431621394571e-06,1.991432246977e-22,2.3346551646537e-05,2.3203720355565e-05,0.0099963667066703,-1.4417745765891e-06,1.4455837540476e-06,-6.3811510816633e-06,-6.5387298166702e-06,-5.5707329410097e-06,0.90003171987333,0.90002891384407,2.5,2.5,-6.4411276192934e-06,-0.00010000000000001
0.3525,-0.037912063065438,0.57737298283364,0.61528504589908,0.99993666759279,0.99993362535633,0.99996891230163,0.99996884657126,6.2142742610656e-06,1.950967968197e-22,2.3354490244272e-05,2.3214561168537e-05,0.0099963631754731,-1.4124788920309e-06,1.4162106701051e-06,-6.3854718540256e-06,-6.539848717735e-06,-5.568283532514e-06,0.90003171498054,0.90002896596736,2.5,2.5,-6.4442297173932e-06,-9.9999999999982e-05
0.355,-0.037912063065438,0.57737298283364,0.61528504589908,0.99993661465007,0.99993363422938,0.99996891482493,0.99996885043015,6.0880052790206e-06,1.9113258904253e-22,2.3362267536105e-05,2.3225181704982e-05,0.0099963597160269,-1.3837784721171e-06,1.3874344235181e-06,-6.3897048318209e-06,-6.5409448836404e-06,-5.5658838940019e-06,0.90003171018716,0.90002901703156,2.5,2.5,-6.4472687833884e-06,-0.0001
0.3575,-0.037912063065438,0.57737298283364,0.61528504589908,0.99993656278311,0.99993364292213,0.99996891729696,0.99996885421063,5.9643019794415e-06,1.8724893074035e-22,2.3369886799748e-05,2.3235586440919e-05,0.0099963563268739,-1.3556612214822e-06,1.3592428869173e-06,-6.3938517989687e-06,-6.5420187763482e-06,-5.5635330141906e-06,0.90003170549118,0.90002906705818,2.5,2.5,-6.4502460980393e-06,-0.00010000000000001
0.36,-0.037912063065438,0.57737298283364,0.61528504589908,0.99993651197004,0.99993365143825,0.99996891971876,0.99996885791429,5.8431122298128e-06,1.8344418520667e-22,2.3377351246163e-05,2.3245779761056e-05,0.0099963530065856,-1.3281152904893e-06,1.331624179449e-06,-6.3979145031289e-06,-6.5430708484295e-06,-5.5612299023329e-06,0.90003170089062,0.90002911606831,2.5,2.5,-6.4531629160835e-06,-9.999999999998e-05
0.3625,-0.037912063065438,0.57737298283364,0.61528504589908,0.99993646218944,0.99993365978133,0.99996892209136,0.9999688615427,5.7243849568834e-06,1.7971674899289e-22,2.3384664021108e-05,2.3255765961227e-05,0.0099963497537629,-1.3011290705547e-06,1.3045666617379e-06,-6.4018946564592e-06,-6.5441015432658e-06,-5.5589735878345e-06,0.90003169638353,0.90002916408259,2.5,2.5,-6.4560204667632e-06,-0.00010000000000002
0.365,-0.037912063065438,0.57737298283364,0.61528504589908,0.99993641342036,0.99993366795489,0.99996892441574,0.99996886509738,5.6080701251493e-06,1.7606505124999e-22,2.3391828206428e-05,2.3265549249911e-05,0.009996346567035,-1.2746911886489e-06,1.278058930798e-06,-6.4057939363239e-06,-6.5451112952209e-06,-5.5567631198042e-06,0.90003169196803,0.90002921112127,2.5,2.5,-6.4588199543427e-06,-9.9999999999996e-05
0.3675,-0.037912063065438,0.57737298283364,0.61528504589908,0.99993636564221,0.99993367596237,0.99996892669289,0.99996886857984,5.4941187157912e-06,1.7248755304126e-22,2.3398846821325e-05,2.3275133750211e-05,0.0099963434450587,-1.2487905030817e-06,1.2520898154253e-06,-6.4096139860063e-06,-6.5461005298418e-06,-5.5545975666952e-06,0.90003168764225,0.90002925720416,2.5,2.5,-6.4615625586173e-06,-0.00010000000000002
0.37,-0.037912063065438,0.57737298283364,0.61528504589908,0.99993631883488,0.99993368380714,0.99996892892378,0.99996887199153,5.3824827059981e-06,1.6898274665953e-22,2.3405722823708e-05,2.3284523501249e-05,0.0099963403865185,-1.2234160983029e-06,1.2266483713632e-06,-6.4133564153957e-06,-6.5470696640187e-06,-5.5524760158403e-06,0.90003168340436,0.9000293023507,2.5,2.5,-6.4642494354092e-06,-9.999999999999e-05
0.3725,-0.037912063065438,0.57737298283364,0.61528504589908,0.99993627297864,0.99993369149251,0.99996893110933,0.9999688753339,5.273115048771e-06,1.6554915509802e-22,2.3412459111347e-05,2.3293722460217e-05,0.0099963373901253,-1.1985572808626e-06,1.2017238767372e-06,-6.4170228016763e-06,-6.5480191061815e-06,-5.5503975731828e-06,0.90003167925259,0.90002934657989,2.5,2.5,-6.4668817170559e-06,-9.9999999999981e-05
0.375,-0.037912063065438,0.57737298283364,0.61528504589908,0.99993622805416,0.99993369902172,0.99996893325048,0.99996887860836,5.1659696530681e-06,1.6218533131446e-22,2.3419058523072e-05,2.3302734503867e-05,0.0099963344546163,-1.1742035743208e-06,1.1773058275775e-06,-6.4206146899815e-06,-6.5489492564513e-06,-5.548361362777e-06,0.90003167518517,0.90002938991039,2.5,2.5,-6.4694605128863e-06,-0.00010000000000001
0.3775,-0.037912063065438,0.57737298283364,0.61528504589908,0.99993618404251,0.99993370639794,0.99996893534812,0.99996888181628,5.0610013643265e-06,1.5888985768953e-22,2.3425523840221e-05,2.3311563430142e-05,0.0099963315787546,-1.1503447153288e-06,1.1533839333047e-06,-6.4241335940445e-06,-6.5498605068276e-06,-5.546366526514e-06,0.90003167120041,0.90002943236045,2.5,2.5,-6.4719869096884e-06,-0.00010000000000001
0.38,-0.037912063065438,0.57737298283364,0.61528504589908,0.99993614092514,0.99993371362429,0.99996893740313,0.99996888495902,4.9581659455201e-06,1.5566134538459e-22,2.3431857787294e-05,2.3320212959769e-05,0.0099963287613279,-1.126970648864e-06,1.1299481124371e-06,-6.427580996851e-06,-6.5507532413381e-06,-5.5444122236885e-06,0.90003166729661,0.90002947394797,2.5,2.5,-6.4744619721678e-06,-9.9999999999991e-05
0.3825,-0.037912063065438,0.57737298283364,0.61528504589908,0.99993609868388,0.9999337207038,0.9999689394164,0.99996888803791,4.8574200584931e-06,1.5249843382661e-22,2.3438063033741e-05,2.3328686738086e-05,0.0099963260011491,-1.1040715244598e-06,1.1069884883888e-06,-6.4309583512455e-06,-6.5516278362127e-06,-5.542497630707e-06,0.90003166347213,0.90002951469046,2.5,2.5,-6.4768867433965e-06,-0.00010000000000001
0.385,-0.037912063065438,0.57737298283364,0.61528504589908,0.99993605730092,0.99993372763946,0.99996894138875,0.99996889105423,4.7587212456742e-06,1.4939979004685e-22,2.3444142194712e-05,2.333698833614e-05,0.0099963232970549,-1.0816376915468e-06,1.0844953851617e-06,-6.4342670805535e-06,-6.5524846600323e-06,-5.5406219406923e-06,0.90003165972536,0.90002955460511,2.5,2.5,-6.4792622452513e-06,-9.9999999999997e-05
0.3875,-0.037912063065438,0.57737298283364,0.61528504589908,0.99993601675884,0.9999337344342,0.99996894332102,0.99996889400926,4.6620279121676e-06,1.4636410818718e-22,2.3450097831999e-05,2.3345121252408e-05,0.0099963206479057,-1.0596596958903e-06,1.0624593234907e-06,-6.437508579183e-06,-6.5533240738915e-06,-5.5387843631704e-06,0.90003165605472,0.90002959370872,2.5,2.5,-6.481589478846e-06,-9.9999999999996e-05
0.39,-0.037912063065438,0.57737298283364,0.61528504589908,0.99993597704054,0.99993374109087,0.99996894521404,0.99996889690425,4.5672993083084e-06,1.4339010891406e-22,2.3455932455683e-05,2.3353088914522e-05,0.009996318052585,-1.0381282751696e-06,1.0408710166357e-06,-6.4406842132064e-06,-6.5541464315449e-06,-5.5369841237203e-06,0.90003165245867,0.90002963201779,2.5,2.5,-6.4838694249524e-06,-0.0001
0.3925,-0.037912063065438,0.57737298283364,0.61528504589908,0.99993593812928,0.99993374761228,0.99996894706859,0.99996889974041,4.4744955123798e-06,1.4047653887417e-22,2.3461648524547e-05,2.3360894680244e-05,0.0099963155099991,-1.0170343554183e-06,1.0197213665904e-06,-6.4437953209349e-06,-6.5549520795609e-06,-5.5352204636744e-06,0.90003164893568,0.90002966954844,2.5,2.5,-6.4861030444137e-06,-0.00010000000000001
0.395,-0.037912063065438,0.57737298283364,0.61528504589908,0.99993590000866,0.99993375400119,0.99996894888545,0.99996890251895,4.3835774138249e-06,1.3762217019815e-22,2.3467248447517e-05,2.3368541839154e-05,0.0099963130190765,-9.9636904687154e-07,9.9900146018814e-07,-6.4468432134956e-06,-6.5557413574672e-06,-5.5334926397579e-06,0.90003164548429,0.90002970631651,2.5,2.5,-6.4882912785491e-06,-9.9999999999992e-05
0.3975,-0.037912063065438,0.57737298283364,0.61528504589908,0.99993586266263,0.99993376026027,0.9999689506654,0.99996890524103,4.2945066968692e-06,1.348257999648e-22,2.3472734584652e-05,2.3376033613997e-05,0.0099963105787674,-9.7612364055435e-07,9.787025653789e-07,-6.4498291753651e-06,-6.5565145978897e-06,-5.5317999238142e-06,0.90003164210302,0.90002974233748,2.5,2.5,-6.4904350495519e-06,-9.9999999999996e-05
0.4,-0.037912063065438,0.57737298283364,0.61528504589908,0.99993582607543,0.99993376639218,0.99996895240919,0.9999689079078,4.2072458242026e-06,1.3208624969316e-22,2.3478109247951e-05,2.3383373162161e-05,0.0099963081880433,-9.5628960441609e-07,9.588161275909e-07,-6.4527544649252e-06,-6.5572721266965e-06,-5.5301416024791e-06,0.90003163879045,0.90002977762654,2.5,2.5,-6.4925352608767e-06,-0.00010000000000001
0.4025,-0.037912063065438,0.57737298283364,0.61528504589908,0.99993579023166,0.99993377239949,0.99996895411754,0.99996891052038,4.121758021263e-06,1.294023648455e-22,2.3483374702479e-05,2.3390563576701e-05,0.0099963058458969,-9.3685857969491e-07,9.3933376598572e-07,-6.4556203149886e-06,-6.5580142631369e-06,-5.5285169768771e-06,0.90003163554519,0.90002981219856,2.5,2.5,-6.4945927976203e-06,-9.9999999999997e-05
0.405,-0.037912063065438,0.57737298283364,0.61528504589908,0.9999357551162,0.99993377828474,0.99996895579117,0.99996891307988,4.0380072607534e-06,1.2677301435897e-22,2.3488533167247e-05,2.3397607887793e-05,0.009996303551341,-9.1782237757169e-07,9.2024727008743e-07,-6.4584279333156e-06,-6.5587413199713e-06,-5.5269253623449e-06,0.90003163236588,0.9000298460681,2.5,2.5,-6.496608526896e-06,-9.9999999999998e-05
0.4075,-0.037912063065438,0.57737298283364,0.61528504589908,0.99993572071426,0.9999337840504,0.9999689574308,0.99996891558737,3.9559582473471e-06,1.2419709013137e-22,2.3493586816235e-05,2.3404509064326e-05,0.0099963013034085,-8.9917297557651e-07,9.0154859624346e-07,-6.4611785031294e-06,-6.5594536036023e-06,-5.5253660881274e-06,0.90003162925116,0.90002987924945,2.5,2.5,-6.498583298197e-06,-0.0001
0.41,-0.037912063065438,0.57737298283364,0.61528504589908,0.99993568701135,0.99993378969891,0.99996895903712,0.9999689180439,3.8755764029659e-06,1.2167350657019e-22,2.3498537779163e-05,2.341127001454e-05,0.0099962991011522,-8.8090251414764e-07,8.8322986417161e-07,-6.463873183609e-06,-6.5601514142101e-06,-5.5238384970796e-06,0.90003162619974,0.90002991175658,2.5,2.5,-6.500517943756e-06,-0.0001
0.4125,-0.037912063065438,0.57737298283364,0.61528504589908,0.99993565399324,0.99993379523265,0.9999689606108,0.99996892045053,3.796827852073e-06,1.1920120017089e-22,2.3503388142644e-05,2.3417893587737e-05,0.009996296943644,-8.630032936698e-07,8.6528335383159e-07,-6.4665131103801e-06,-6.5608350458778e-06,-5.5223419454378e-06,0.90003162321031,0.90002994360319,2.5,2.5,-6.5024132788953e-06,-9.9999999999999e-05
0.415,-0.037912063065438,0.57737298283364,0.61528504589908,0.99993562164604,0.99993380065395,0.9999689621525,0.99996892280825,3.7196794074661e-06,1.1677912903438e-22,2.3508139950668e-05,2.3424382575354e-05,0.0099962948299746,-8.4546777072627e-07,8.4770150190547e-07,-6.4690993959927e-06,-6.5615047867066e-06,-5.5208758025134e-06,0.90003162028163,0.90002997480271,2.5,2.5,-6.5042701023706e-06,-9.9999999999994e-05
0.4175,-0.037912063065438,0.57737298283364,0.61528504589908,0.99993558995611,0.99993380596509,0.99996896366287,0.99996892511807,3.6440985563623e-06,1.1440627237796e-22,2.3512795205767e-05,2.343073971202e-05,0.0099962927592532,-8.2828855529978e-07,8.3047689890149e-07,-6.4716331303909e-06,-6.5621609189483e-06,-5.5194394504056e-06,0.90003161741246,0.90003000536828,2.5,2.5,-6.5060891967079e-06,-0.0001
0.42,-0.037912063065438,0.57737298283364,0.61528504589908,0.99993555891009,0.99993381116831,0.99996896514255,0.99996892738095,3.5700534464514e-06,1.1208163025524e-22,2.351735586991e-05,2.3436967676875e-05,0.0099962907306072,-8.1145840752531e-07,8.1360228577658e-07,-6.4741153813741e-06,-6.5628037191178e-06,-5.5180322838065e-06,0.90003161460159,0.90003003531279,2.5,2.5,-6.507871328532e-06,-0.00010000000000001
0.4225,-0.037912063065438,0.57737298283364,0.61528504589908,0.9999355284949,0.99993381626581,0.99996896659217,0.99996892959786,3.4975128727837e-06,1.0980422296905e-22,2.3521823865114e-05,2.3443069094543e-05,0.0099962887431816,-7.9497023467256e-07,7.970705510266e-07,-6.4765471950412e-06,-6.5634334581131e-06,-5.51665370969e-06,0.90003161184783,0.90003006464885,2.5,2.5,-6.5096172488912e-06,-0.0001
0.425,-0.037912063065438,0.57737298283364,0.61528504589908,0.99993549869772,0.99993382125972,0.99996896801234,0.99996893176971,3.4264462643818e-06,1.0757309073074e-22,2.3526201074266e-05,2.3449046536415e-05,0.0099962867961389,-7.7881708792184e-07,7.8087472763388e-07,-6.4789295962397e-06,-6.5640504013236e-06,-5.5153031470587e-06,0.90003160915003,0.90003009338882,2.5,2.5,-6.5113276935728e-06,-9.9999999999992e-05
0.4275,-0.037912063065438,0.57737298283364,0.61528504589908,0.99993546950599,0.99993382615217,0.99996896940364,0.99996893389744,3.3568236715092e-06,1.0538729328711e-22,2.3530489342098e-05,2.3454902521491e-05,0.0099962848886585,-7.6299216010275e-07,7.6500799017233e-07,-6.4812635889881e-06,-6.5646548087546e-06,-5.5139800267807e-06,0.90003160650704,0.90003012154483,2.5,2.5,-6.5130033834141e-06,-0.00010000000000001
0.43,-0.037912063065438,0.57737298283364,0.61528504589908,0.99993544090742,0.99993383094521,0.99996897076668,0.99996893598193,3.2886157529022e-06,1.032459094584e-22,2.3534690475856e-05,2.3460639517802e-05,0.0099962830199365,-7.4748878179096e-07,7.4946365188094e-07,-6.4835501569083e-06,-6.5652469351167e-06,-5.5126837912152e-06,0.90003160391776,0.90003014912873,2.5,2.5,-6.5146450246046e-06,-9.9999999999997e-05
0.4325,-0.037912063065438,0.57737298283364,0.61528504589908,0.99993541288995,0.99993383564086,0.99996897210202,0.99996893802407,3.2217937635824e-06,1.0114803680282e-22,2.3538806246008e-05,2.3466259942991e-05,0.0099962811891855,-7.3230041950469e-07,7.342351618453e-07,-6.4857902636341e-06,-6.5658270299547e-06,-5.5114138940982e-06,0.90003160138108,0.90003017615215,2.5,2.5,-6.5162533089852e-06,-0.00010000000000001
0.435,-0.037912063065438,0.57737298283364,0.61528504589908,0.99993538544177,0.99993384024109,0.99996897341023,0.99996894002472,3.156329542538e-06,9.9092791196201e-23,2.3542838387011e-05,2.3471766165724e-05,0.0099962793956338,-7.1742067235094e-07,7.1931610231372e-07,-6.4879848532184e-06,-6.5663953377386e-06,-5.5101698002515e-06,0.90003159889596,0.90003020262647,2.5,2.5,-6.517828914339e-06,-9.9999999999997e-05
0.4375,-0.037912063065438,0.57737298283364,0.61528504589908,0.99993535855131,0.99993384474785,0.99996897469185,0.99996894198471,3.0921955010756e-06,9.7079306517082e-23,2.3546788598235e-05,2.3477160506506e-05,0.0099962776385256,-7.0284326956074e-07,7.0470018590956e-07,-6.4901348505343e-06,-6.5669520979731e-06,-5.5089509853857e-06,0.90003159646132,0.90003022856286,2.5,2.5,-6.5193725046777e-06,-0.00010000000000001
0.44,-0.037912063065438,0.57737298283364,0.61528504589908,0.99993533220725,0.99993384916304,0.99996897594744,0.99996894390488,3.0293646110267e-06,9.5106734208541e-23,2.3550658544377e-05,2.348244523865e-05,0.0099962759171204,-6.8856206765144e-07,6.9038125299977e-07,-6.4922411616549e-06,-6.5674975452944e-06,-5.5077569358347e-06,0.90003159407616,0.90003025397225,2.5,2.5,-6.5208847305198e-06,-9.9999999999985e-05
0.4425,-0.037912063065438,0.57737298283364,0.61528504589908,0.99993530639848,0.99993385348851,0.99996897717751,0.99996894578603,2.9678103933781e-06,9.3174242962172e-23,2.355444985639e-05,2.3487622589403e-05,0.0099962742306928,-6.7457104817164e-07,6.7635326912784e-07,-6.4943046742563e-06,-6.5680319095692e-06,-5.5065871484062e-06,0.90003159173946,0.90003027886534,2.5,2.5,-6.5223662291664e-06,-9.9999999999996e-05
0.445,-0.037912063065438,0.57737298283364,0.61528504589908,0.99993528111412,0.9999338577261,0.99996897838259,0.99996894762895,2.9075069072621e-06,9.1281018348972e-23,2.3558164132014e-05,2.3492694740544e-05,0.009996272578532,-6.6086431473832e-07,6.6261032243878e-07,-6.496326257961e-06,-6.5685554159992e-06,-5.5054411300982e-06,0.90003158945024,0.90003030325262,2.5,2.5,-6.523817624969e-06,-9.9999999999997e-05
0.4475,-0.037912063065438,0.57737298283364,0.61528504589908,0.99993525634351,0.99993386187758,0.99996897956318,0.99996894943443,2.8484287387603e-06,8.9426262517391e-23,2.3561802936573e-05,2.3497663829818e-05,0.0099962709599418,-6.4743609095276e-07,6.491466212049e-07,-6.498306764738e-06,-6.569068285204e-06,-5.5043183979463e-06,0.90003158720754,0.90003032714438,2.5,2.5,-6.525239529593e-06,-0.00010000000000001
0.45,-0.037912063065438,0.57737298283364,0.61528504589908,0.99993523207623,0.99993386594471,0.99996898071978,0.99996895120323,2.7905509904492e-06,8.7609193818435e-23,2.3565367803634e-05,2.3502531951141e-05,0.00999626937424,-6.3428071777951e-07,6.3595649142725e-07,-6.50024702923e-06,-6.5695707333266e-06,-5.5032184788038e-06,0.90003158501041,0.90003035055067,2.5,2.5,-6.5266325422749e-06,-9.9999999999995e-05
0.4525,-0.037912063065438,0.57737298283364,0.61528504589908,0.99993520830203,0.99993386992919,0.99996898185288,0.99996895293608,2.7338492707512e-06,8.5829046460184e-23,2.3568860235498e-05,2.3507301156263e-05,0.0099962678207584,-6.2139265098814e-07,6.2303437431742e-07,-6.5021478691302e-06,-6.5700629721118e-06,-5.5021409091083e-06,0.90003158285792,0.90003037348137,2.5,2.5,-6.5279972500755e-06,-0.00010000000000001
0.455,-0.037912063065438,0.57737298283364,0.61528504589908,0.99993518501091,0.99993387383271,0.99996898296296,0.99996895463373,2.6782996837664e-06,8.4085070266618e-23,2.3572281703972e-05,2.3511973454999e-05,0.0099962662988422,-6.0876645925278e-07,6.1037482407495e-07,-6.5040100855164e-06,-6.5705452090081e-06,-5.5010852347609e-06,0.90003158074917,0.90003039594614,2.5,2.5,-6.5293342281266e-06,-9.9999999999988e-05
0.4575,-0.037912063065438,0.57737298283364,0.61528504589908,0.99993516219305,0.99993387765692,0.99996898405048,0.99996895629688,2.623878819067e-06,8.2376530222184e-23,2.3575633651026e-05,2.3516550816462e-05,0.0099962648078502,-5.9639682141056e-07,5.9797250558336e-07,-6.5058344631812e-06,-6.5710176472428e-06,-5.5000510108506e-06,0.90003157868326,0.90003041795444,2.5,2.5,-6.5306440398748e-06,-0.0001
0.46,-0.037912063065438,0.57737298283364,0.61528504589908,0.99993513983883,0.99993388140342,0.99996898511591,0.99996895792623,2.570563741969e-06,8.0702706319406e-23,2.3578917489223e-05,2.3521035169674e-05,0.0099962633471539,-5.8427852451235e-07,5.8582219207538e-07,-6.5076217709837e-06,-6.5714804859184e-06,-5.4990378015221e-06,0.90003157665933,0.90003043951556,2.5,2.5,-6.5319272373168e-06,-0.0001
0.4625,-0.037912063065438,0.57737298283364,0.61528504589908,0.99993511793882,0.9999338850738,0.99996898615968,0.99996895952248,2.5183319837079e-06,7.9062893184923e-23,2.3582134602525e-05,2.3525428404498e-05,0.0099962619161377,-5.7240646153705e-07,5.7391876301683e-07,-6.5093727621486e-06,-6.5719339200899e-06,-5.4980451797916e-06,0.90003157467653,0.90003046063857,2.5,2.5,-6.5331843612333e-06,-0.00010000000000002
0.465,-0.037912063065438,0.57737298283364,0.61528504589908,0.99993509648381,0.9999338886696,0.99996898718225,0.99996896108629,2.4671615321822e-06,7.7456399685252e-23,2.3585286346689e-05,2.3529732372318e-05,0.0099962605141986,-5.6077562918452e-07,5.6225720193838e-07,-6.5110881746015e-06,-6.5723781408486e-06,-5.4970727273167e-06,0.90003157273402,0.90003048133237,2.5,2.5,-6.5344159414172e-06,-9.9999999999989e-05
0.4675,-0.037912063065438,0.57737298283364,0.61528504589908,0.99993507546474,0.99993389219233,0.99996898818404,0.99996896261833,2.417030822475e-06,7.588254882699e-23,2.3588374049975e-05,2.3533948887085e-05,0.0099962591407458,-5.4938112583879e-07,5.5083259425754e-07,-6.512768731272e-06,-6.572813335403e-06,-5.4961200342824e-06,0.90003157083098,0.9000305016057,2.5,2.5,-6.5356224968967e-06,-0.00010000000000001
0.47,-0.037912063065438,0.57737298283364,0.61528504589908,0.99993505487277,0.99993389564349,0.99996898916548,0.99996896411924,2.3679187278875e-06,7.4340677330295e-23,2.3591399013701e-05,2.3538079725712e-05,0.0099962577952004,-5.3821814955638e-07,5.3964012530908e-07,-6.5144151404027e-06,-6.5732396871613e-06,-5.4951866991942e-06,0.9000315689666,0.90003052146709,2.5,2.5,-6.5368045361531e-06,-9.9999999999979e-05
0.4725,-0.037912063065438,0.57737298283364,0.61528504589908,0.9999350346992,0.99993389902452,0.99996899012697,0.99996896558965,2.3198045510224e-06,7.283013542562e-23,2.3594362512583e-05,2.3542126629058e-05,0.0099962564769955,-5.2728199582607e-07,5.2867507817568e-07,-6.5160280958421e-06,-6.5736573757986e-06,-5.4942723287206e-06,0.90003156714011,0.90003054092492,2.5,2.5,-6.537962557336e-06,-0.00010000000000001
0.475,-0.037912063065438,0.57737298283364,0.61528504589908,0.99993501493555,0.99993390233685,0.99996899106892,0.99996896703018,2.2726680149738e-06,7.1350286473775e-23,2.3597265795591e-05,2.3546091302611e-05,0.0099962551855753,-5.1656805578254e-07,5.17932831857e-07,-6.5176082773438e-06,-6.5740665773435e-06,-5.4933765375019e-06,0.90003156535073,0.90003055998738,2.5,2.5,-6.5390970484732e-06,-9.9999999999979e-05
0.4775,-0.037912063065438,0.57737298283364,0.61528504589908,0.99993499557348,0.99993390558187,0.99996899199174,0.99996896844145,2.2264892548849e-06,6.9900506863068e-23,2.3600110086284e-05,2.3549975417215e-05,0.0099962539203958,-5.0607181428611e-07,5.0740885923177e-07,-6.5191563508444e-06,-6.5744674642469e-06,-5.4924989480277e-06,0.90003156359771,0.9000305786625,2.5,2.5,-6.5402084876761e-06,-0.00010000000000001
0.48,-0.037912063065438,0.57737298283364,0.61528504589908,0.99993497660483,0.99993390876096,0.9999689928958,0.99996896982403,2.1812488095279e-06,6.8480185594062e-23,2.3602896583325e-05,2.3553780609815e-05,0.0099962526809237,-4.957888478949e-07,4.9709872514722e-07,-6.5206729687575e-06,-6.5748602054544e-06,-5.4916391904647e-06,0.90003156188031,0.90003059695816,2.5,2.5,-6.541297343341e-06,-0.0001
0.4825,-0.037912063065438,0.57737298283364,0.61528504589908,0.99993495802161,0.99993391187546,0.9999689937815,0.99996897117853,2.1369276131147e-06,6.7088724079971e-23,2.3605626460963e-05,2.3557508484009e-05,0.0099962514666366,-4.8571482291429e-07,4.8699808455443e-07,-6.5221587702309e-06,-6.5752449664818e-06,-5.4907969024666e-06,0.9000315601978,0.90003061488207,2.5,2.5,-6.5423640743468e-06,-0.00010000000000001
0.485,-0.037912063065438,0.57737298283364,0.61528504589908,0.99993493981598,0.99993391492667,0.9999689946492,0.9999689725055,2.0935069872486e-06,6.5725535932538e-23,2.3608300869705e-05,2.3561160610822e-05,0.0099962502770229,-4.7584549396858e-07,4.7710268076311e-07,-6.5236143814295e-06,-6.5756219094791e-06,-5.4899717290802e-06,0.90003155854949,0.90003063244179,2.5,2.5,-6.543409130249e-06,-9.9999999999994e-05
0.4875,-0.037912063065438,0.57737298283364,0.61528504589908,0.99993492198028,0.99993391791588,0.99996899549926,0.99996897380551,2.0509686330965e-06,6.4390046661831e-23,2.3610920936733e-05,2.356473852942e-05,0.0099962491115811,-4.6617670170945e-07,4.6740834350693e-07,-6.5250404157952e-06,-6.5759911933035e-06,-5.4891633225352e-06,0.90003155693466,0.9000306496447,2.5,2.5,-6.5444329514678e-06,-9.9999999999999e-05
0.49,-0.037912063065438,0.57737298283364,0.61528504589908,0.99993490450698,0.99993392084435,0.99996899633206,0.9999689750791,2.0092946235763e-06,6.3081693442954e-23,2.3613487766049e-05,2.3568243747576e-05,0.0099962479698202,-4.5670437140088e-07,4.5791098724371e-07,-6.5264374743068e-06,-6.5763529735796e-06,-5.4883713421549e-06,0.90003155535265,0.90003066649807,2.5,2.5,-6.5454359694744e-06,-9.9999999999994e-05
0.4925,-0.037912063065438,0.57737298283364,0.61528504589908,0.99993488738873,0.99993392371332,0.99996899714793,0.99996897632682,1.9684673959471e-06,6.1799924887906e-23,2.3616002439518e-05,2.35716777426e-05,0.0099962468512589,-4.474245111579e-07,4.4860660954277e-07,-6.5278061457301e-06,-6.5767074027754e-06,-5.4875954541723e-06,0.90003155380278,0.90003068300898,2.5,2.5,-6.5464186069736e-06,-0.00010000000000001
0.495,-0.037912063065438,0.57737298283364,0.61528504589908,0.9999348706183,0.999933926524,0.99996899794723,0.99996897754918,1.9284697442852e-06,6.0544200828812e-23,2.3618466016919e-05,2.3575041961658e-05,0.0099962457554259,-4.3833321008591e-07,4.3949128918831e-07,-6.5291470068657e-06,-6.5770546302614e-06,-5.4868353316005e-06,0.9000315522844,0.90003069918441,2.5,2.5,-6.5473812780804e-06,-9.9999999999991e-05
0.4975,-0.037912063065438,0.57737298283364,0.61528504589908,0.99993485418864,0.99993392927756,0.99996899873028,0.99996897874671,1.8892848122572e-06,5.9313992057384e-23,2.3620879536338e-05,2.357833782248e-05,0.0099962446818593,-4.2942663681778e-07,4.3056118472344e-07,-6.5304606227969e-06,-6.5773948023667e-06,-5.4860906540952e-06,0.90003155079688,0.90003071503117,2.5,2.5,-6.5483243884956e-06,-9.9999999999992e-05
0.5,-0.037912063065438,0.57737298283364,0.61528504589908,0.99993483809282,0.99993393197517,0.99996899949742,0.9999689799199,1.8508960860929e-06,5.8108780129914e-23,2.3623244015094e-05,2.3581566714126e-05,0.0099962436301067,-4.2070103790834e-07,4.2181253268632e-07,-6.5317475471237e-06,-6.5777280624525e-06,-5.4853611078367e-06,0.90003154933958,0.90003073055594,2.5,2.5,-6.5492483356765e-06,-0.00010000000000002
0.5025,-0.037912063065438,0.57737298283364,0.61528504589908,0.99993482232404,0.99993393461797,0.99996900024898,0.99996898106926,1.8132873875362e-06,5.6928057120004e-23,2.3625560449521e-05,2.3584729997342e-05,0.0099962425997248,-4.121527359723e-07,4.1324164611594e-07,-6.5330083221989e-06,-6.5780545509648e-06,-5.4846463853573e-06,0.9000315479119,0.90003074576526,2.5,2.5,-6.5501535090041e-06,-9.9999999999991e-05
0.505,-0.037912063065438,0.57737298283364,0.61528504589908,0.99993480687568,0.99993393720707,0.99996900098526,0.99996898219526,1.77644286703e-06,5.5771325433905e-23,2.3627829815926e-05,2.3587829005162e-05,0.0099962415902795,-4.0377812863031e-07,4.0484491299821e-07,-6.5342434793524e-06,-6.5783744054965e-06,-5.4839461854578e-06,0.90003154651322,0.90003076066554,2.5,2.5,-6.5510402899485e-06,-9.9999999999982e-05
0.5075,-0.037912063065438,0.57737298283364,0.61528504589908,0.99993479174122,0.99993393974356,0.99996900170659,0.99996898329838,1.7403469971585e-06,5.4638097598917e-23,2.3630053070644e-05,2.3590865043785e-05,0.0099962406013453,-3.9557368642231e-07,3.9661879459731e-07,-6.5354535391217e-06,-6.5786877608471e-06,-5.4832602130476e-06,0.90003154514296,0.90003077526305,2.5,2.5,-6.5519090522276e-06,-0.00010000000000002
0.51,-0.037912063065438,0.57737298283364,0.61528504589908,0.99993477691427,0.99993394222852,0.99996900241325,0.99996898437909,1.7049845658874e-06,5.3527896022435e-23,2.3632231150611e-05,2.3593839392509e-05,0.0099962396325054,-3.8753595179091e-07,3.8855982424442e-07,-6.5366390114603e-06,-6.5789947490694e-06,-5.4825881790338e-06,0.90003154380055,0.90003078956396,2.5,2.5,-6.5527601619654e-06,-9.9999999999986e-05
0.5125,-0.037912063065438,0.57737298283364,0.61528504589908,0.9999347623886,0.99993394466298,0.99996900310556,0.99996898543783,1.6703406703716e-06,5.2440252855735e-23,2.3634364973811e-05,2.359675330488e-05,0.0099962386833516,-3.7966153744669e-07,3.8066460560828e-07,-6.53780039597e-06,-6.5792954995449e-06,-5.4819298002108e-06,0.90003154248541,0.90003080357428,2.5,2.5,-6.5535939778481e-06,-0.0001
0.515,-0.037912063065438,0.57737298283364,0.61528504589908,0.99993474815807,0.99993394704797,0.9999690037838,0.99996898647507,1.6364007105709e-06,5.1374709686829e-23,2.3636455439441e-05,2.3599608008971e-05,0.0099962377534838,-3.7194712467079e-07,3.7292981133823e-07,-6.5389381820953e-06,-6.5795901390131e-06,-5.4812847991018e-06,0.90003154119699,0.90003081729993,2.5,2.5,-6.554410851272e-06,-0.00010000000000001
0.5175,-0.037912063065438,0.57737298283364,0.61528504589908,0.9999347342167,0.9999339493845,0.99996900444826,0.99996898749123,1.6031503830607e-06,5.0330817495189e-23,2.363850342858e-05,2.3602404707777e-05,0.0099962368425101,-3.6438946254514e-07,3.6535218179656e-07,-6.5400528493326e-06,-6.5798787916502e-06,-5.4806529038959e-06,0.90003153993475,0.90003083074668,2.5,2.5,-6.5552111264944e-06,-9.9999999999988e-05
0.52,-0.037912063065438,0.57737298283364,0.61528504589908,0.99993472055861,0.99993395167356,0.99996900509922,0.99996898848674,1.5705756750621e-06,4.9308136340493e-23,2.364050980415e-05,2.3605144579985e-05,0.0099962359500467,-3.5698536592436e-07,3.5792852352917e-07,-6.5411448674419e-06,-6.5801615791e-06,-5.480033848276e-06,0.90003153869817,0.90003084392021,2.5,2.5,-6.5559951407772e-06,-0.00010000000000001
0.5225,-0.037912063065438,0.57737298283364,0.61528504589908,0.99993470717804,0.99993395391611,0.99996900573695,0.99996898946202,1.5386628585875e-06,4.8306235237858e-23,2.3642475411848e-05,2.3607828780121e-05,0.0099962350757174,-3.4973171451086e-07,3.5065570789447e-07,-6.5422146966335e-06,-6.5804386205396e-06,-5.4794273713705e-06,0.9000315374867,0.90003085682606,2.5,2.5,-6.5567632245293e-06,-9.9999999999999e-05
0.525,-0.037912063065438,0.57737298283364,0.61528504589908,0.99993469406935,0.99993395611308,0.99996900636173,0.99996899041749,1.5073984844836e-06,4.7324691940799e-23,2.3644401079996e-05,2.3610458439577e-05,0.0099962342191538,-3.4262545134841e-07,3.4353066996898e-07,-6.5432627877697e-06,-6.5807100327219e-06,-5.4788332175749e-06,0.90003153629986,0.90003086946967,2.5,2.5,-6.5575157014461e-06,-0.0001
0.5275,-0.037912063065438,0.57737298283364,0.61528504589908,0.99993468122702,0.99993395826542,0.9999690069738,0.99996899135354,1.4767693769678e-06,4.6363092811182e-23,2.36462876202e-05,2.3613034666516e-05,0.0099962333799948,-3.3566358171229e-07,3.3655040701016e-07,-6.5442895825467e-06,-6.5809759300326e-06,-5.4782511365031e-06,0.90003153513713,0.90003088185638,2.5,2.5,-6.5582528886457e-06,-9.9999999999992e-05
0.53,-0.037912063065438,0.57737298283364,0.61528504589908,0.99993466864563,0.99993396037402,0.99996900757345,0.99996899227057,1.446762627932e-06,4.5421032584647e-23,2.3648135827348e-05,2.3615558546591e-05,0.0099962325578869,-3.2884317152901e-07,3.2971197727991e-07,-6.5452955136921e-06,-6.5812364245251e-06,-5.4776808828386e-06,0.90003153399802,0.9000308939914,2.5,2.5,-6.5589750968029e-06,-0.00010000000000001
0.5325,-0.037912063065438,0.57737298283364,0.61528504589908,0.99993465631989,0.99993396243978,0.9999690081609,0.99996899316897,1.4173655915627e-06,4.4498114268019e-23,2.3649946480471e-05,2.361803114353e-05,0.0099962317524835,-3.221613465694e-07,3.2301249885997e-07,-6.5462810051404e-06,-6.5814916259823e-06,-5.4771222162732e-06,0.90003153288206,0.90003090587985,2.5,2.5,-6.5596826302795e-06,-0.00010000000000001
0.535,-0.037912063065438,0.57737298283364,0.61528504589908,0.99993464424459,0.99993396446357,0.99996900873642,0.99996899404912,1.3885658789761e-06,4.3593948871399e-23,2.3651720342605e-05,2.362045349926e-05,0.0099962309634453,-3.1561529076635e-07,3.164491483885e-07,-6.5472464722038e-06,-6.5817416419549e-06,-5.4765749013445e-06,0.90003153178878,0.90003091752673,2.5,2.5,-6.560375787253e-06,-9.9999999999988e-05
0.5375,-0.037912063065438,0.57737298283364,0.61528504589908,0.99993463241466,0.99993396644623,0.99996900930025,0.99996899491138,1.3603513530544e-06,4.2708155401184e-23,2.3653458161337e-05,2.3622826634682e-05,0.0099962301904397,-3.0920224560254e-07,3.1001915986703e-07,-6.5481923217648e-06,-6.5819865778059e-06,-5.4760387074195e-06,0.90003153071771,0.90003092893696,2.5,2.5,-6.5610548598424e-06,-0.0001
0.54,-0.037912063065438,0.57737298283364,0.61528504589908,0.9999346208251,0.9999339683886,0.99996900985262,0.99996899575612,1.3327101233081e-06,4.1840360517138e-23,2.3655160668968e-05,2.3625151549969e-05,0.0099962294331409,-3.0291950815434e-07,3.0371982342195e-07,-6.5491189524333e-06,-6.5822265367606e-06,-5.475513408511e-06,0.9000315296684,0.90003094011534,2.5,2.5,-6.5617201342305e-06,-0.00010000000000001
0.5425,-0.037912063065438,0.57737298283364,0.61528504589908,0.99993460947103,0.99993397029151,0.99996901039377,0.99996899658369,1.3056305407866e-06,4.0990198521095e-23,2.3656828583035e-05,2.3627429224858e-05,0.0099962286912299,-2.9676443089098e-07,2.9754848438034e-07,-6.5500267547237e-06,-6.5824616199453e-06,-5.4749987832513e-06,0.90003152864042,0.90003095106659,2.5,2.5,-6.5623718907859e-06,-9.9999999999986e-05
0.545,-0.037912063065438,0.57737298283364,0.61528504589908,0.99993459834767,0.99993397215576,0.99996901092392,0.99996899739445,1.2791011932986e-06,4.0157311124148e-23,2.3658462606477e-05,2.3629660619307e-05,0.0099962279643938,-2.9073441972552e-07,2.9150254189859e-07,-6.5509161112099e-06,-6.582691926431e-06,-5.4744946147546e-06,0.90003152763332,0.90003096179531,2.5,2.5,-6.5630104041799e-06,-0.00010000000000001
0.5475,-0.037912063065438,0.57737298283364,0.61528504589908,0.99993458745032,0.99993397398212,0.9999690114433,0.99996899818874,1.2531109004913e-06,3.9341347330327e-23,2.3660063427886e-05,2.363184667352e-05,0.0099962272523265,-2.8482693347236e-07,2.8557944803789e-07,-6.5517873967008e-06,-6.5829175532764e-06,-5.4740006905518e-06,0.90003152664669,0.90003097230604,2.5,2.5,-6.5636359435022e-06,-0.00010000000000001
0.55,-0.037912063065438,0.57737298283364,0.61528504589908,0.9999345767744,0.99993397577137,0.99996901195212,0.99996899896689,1.2276487092362e-06,3.8541963232826e-23,2.3661631721901e-05,2.363398830902e-05,0.0099962265547278,-2.7903948254188e-07,2.7977670663149e-07,-6.55264097838e-06,-6.5831385955689e-06,-5.4735168024798e-06,0.9000315256801,0.9000309826032,2.5,2.5,-6.564248772376e-06,-0.00010000000000001
0.5525,-0.037912063065438,0.57737298283364,0.61528504589908,0.99993456631541,0.99993397752427,0.99996901245061,0.99996899972922,1.2027038889604e-06,3.7758821987215e-23,2.3663168149422e-05,2.3636086428183e-05,0.0099962258713037,-2.7336962793093e-07,2.7409187220531e-07,-6.5534772159769e-06,-6.5833551464626e-06,-5.4730427466295e-06,0.90003152473316,0.90003099269113,2.5,2.5,-6.5648491490673e-06,-9.9999999999995e-05
0.555,-0.037912063065438,0.57737298283364,0.61528504589908,0.99993455606893,0.99993397924155,0.99996901293896,0.99996900047607,1.1782659270485e-06,3.6991593524354e-23,2.3664673358068e-05,2.363814191524e-05,0.0099962252017662,-2.6781498006725e-07,2.6852254894045e-07,-6.5542964619038e-06,-6.5835672972202e-06,-5.4725783232004e-06,0.90003152380545,0.90003100257408,2.5,2.5,-6.5654373265936e-06,-9.999999999999e-05
0.5575,-0.037912063065438,0.57737298283364,0.61528504589908,0.99993454603066,0.99993398092393,0.9999690134174,0.99996900120774,1.1543245246118e-06,3.6239954526786e-23,2.366614798203e-05,2.364015563654e-05,0.0099962245458333,-2.6237319815295e-07,2.6306638979499e-07,-6.5550990614265e-06,-6.5837751372452e-06,-5.4721233364788e-06,0.9000315228966,0.90003101225622,2.5,2.5,-6.5660135528324e-06,-0.00010000000000001
0.56,-0.037912063065438,0.57737298283364,0.61528504589908,0.99993453619635,0.99993398257214,0.99996901388611,0.99996900192454,1.1308695919384e-06,3.5503588216215e-23,2.3667592642879e-05,2.3642128440571e-05,0.0099962239032283,-2.5704198878258e-07,2.5772109535382e-07,-6.5558853527807e-06,-6.5839787541302e-06,-5.4716775947137e-06,0.90003152200621,0.90003102174162,2.5,2.5,-6.5665780706243e-06,-9.9999999999991e-05
0.5625,-0.037912063065438,0.57737298283364,0.61528504589908,0.99993452656187,0.99993398418685,0.9999690143453,0.99996900262678,1.1078912443431e-06,3.4782184271203e-23,2.3669007949419e-05,2.3644061158928e-05,0.0099962232736805,-2.5181910527655e-07,2.5248441294041e-07,-6.5566556673351e-06,-6.5841782336888e-06,-5.4712409100592e-06,0.90003152113392,0.90003103103429,2.5,2.5,-6.5671311178751e-06,-0.00010000000000001
0.565,-0.037912063065438,0.57737298283364,0.61528504589908,0.99993451712315,0.99993398576875,0.99996901479516,0.99996900331475,1.0853797980467e-06,3.4075438658079e-23,2.3670394498026e-05,2.3645954606028e-05,0.0099962226569247,-2.4670234652055e-07,2.4735413564705e-07,-6.5574103297266e-06,-6.5843736599824e-06,-5.470813098493e-06,0.90003152027935,0.90003104013814,2.5,2.5,-6.567672927657e-06,-0.0001
0.5675,-0.037912063065438,0.57737298283364,0.61528504589908,0.99993450787622,0.99993398731851,0.99996901523588,0.99996900398874,1.0633257659596e-06,3.3383053530436e-23,2.3671752873128e-05,2.3647809579769e-05,0.0099962220527008,-2.4168955601212e-07,2.4232810138373e-07,-6.5581496579925e-06,-6.5845651153743e-06,-5.4703939796851e-06,0.90003151944214,0.90003104905701,2.5,2.5,-6.5682037283059e-06,-9.9999999999985e-05
0.57,-0.037912063065438,0.57737298283364,0.61528504589908,0.99993449881718,0.99993398883677,0.99996901566764,0.99996900464903,1.0417198538316e-06,3.2704737131384e-23,2.3673083647148e-05,2.3649626861988e-05,0.0099962214607542,-2.3677862146346e-07,2.3740419206371e-07,-6.5588739637118e-06,-6.5847526805495e-06,-5.4699833770451e-06,0.90003151862194,0.90003105779465,2.5,2.5,-6.5687237435189e-06,-0.00010000000000002
0.5725,-0.037912063065438,0.57737298283364,0.61528504589908,0.99993448994221,0.99993399032419,0.99996901609063,0.99996900529591,1.0205529562094e-06,3.2040203541819e-23,2.3674387380938e-05,2.3651407218511e-05,0.0099962208808355,-2.3196747299792e-07,2.3258033253215e-07,-6.5595835521321e-06,-6.5849364345517e-06,-5.46958111751e-06,0.90003151781841,0.90003106635475,2.5,2.5,-6.5692331924468e-06,-9.9999999999971e-05
0.575,-0.037912063065438,0.57737298283364,0.61528504589908,0.99993448124758,0.99993399178139,0.99996901650502,0.99996900592965,9.9981615267489e-07,3.1389172746195e-23,2.3675664623927e-05,2.3653151399629e-05,0.0099962203127003,-2.2725408318788e-07,2.2785448991155e-07,-6.5602787222907e-06,-6.5851164548245e-06,-5.4691870315626e-06,0.90003151703121,0.90003107474092,2.5,2.5,-6.5697322897882e-06,-0.00010000000000001
0.5775,-0.037912063065438,0.57737298283364,0.61528504589908,0.99993447272961,0.99993399320897,0.999969016911,0.99996900655051,9.795007040716e-07,3.0751370357484e-23,2.3676915914356e-05,2.3654860140391e-05,0.0099962197561091,-2.2263646559472e-07,2.2322467254086e-07,-6.5609597671604e-06,-6.5852928172319e-06,-5.4688009531216e-06,0.90003151626,0.90003108295669,2.5,2.5,-6.5702212458787e-06,-0.00010000000000001
0.58,-0.037912063065438,0.57737298283364,0.61528504589908,0.99993446438472,0.99993399460755,0.99996901730872,0.99996900715875,9.5959804881537e-07,3.0126527600059e-23,2.367814177962e-05,2.3656534161036e-05,0.0099962192108275,-2.1811267425208e-07,2.1868892931615e-07,-6.5616269737573e-06,-6.5854655960986e-06,-5.4684227194789e-06,0.90003151550447,0.90003109100552,2.5,2.5,-6.5707002667803e-06,-9.9999999999991e-05
0.5825,-0.037912063065438,0.57737298283364,0.61528504589908,0.99993445620939,0.99993399597771,0.99996901769837,0.99996900775463,9.4009979926014e-07,2.9514381132769e-23,2.367934273628e-05,2.3658174166882e-05,0.0099962186766255,-2.1368080261765e-07,2.1424534865885e-07,-6.5622806232573e-06,-6.5856348642382e-06,-5.46805217123e-06,0.90003151476428,0.9000310988908,2.5,2.5,-6.5711695543679e-06,-9.9999999999996e-05
0.585,-0.037912063065438,0.57737298283364,0.61528504589908,0.99993444820018,0.99993399732004,0.9999690180801,0.99996900833841,9.2099773825112e-07,2.8914672991834e-23,2.3680519290449e-05,2.3659780849099e-05,0.009996218153278,-2.0933898304863e-07,2.0989205794937e-07,-6.5629209911317e-06,-6.5858006929889e-06,-5.4676891522286e-06,0.90003151403914,0.90003110661586,2.5,2.5,-6.5716293064148e-06,-0.00010000000000002
0.5875,-0.037912063065438,0.57737298283364,0.61528504589908,0.99993444035371,0.99993399863508,0.99996901845407,0.99996900891032,9.0228381554064e-07,2.8327150422392e-23,2.3681671938052e-05,2.3661354884944e-05,0.0099962176405645,-2.0508538565768e-07,2.0562722255882e-07,-6.5635483472545e-06,-6.5859631522349e-06,-5.4673335094669e-06,0.90003151332873,0.90003111418396,2.5,2.5,-6.5720797166749e-06,-9.9999999999987e-05
0.59,-0.037912063065438,0.57737298283364,0.61528504589908,0.99993443266667,0.99993399992341,0.99996901882044,0.99996900947061,8.8395014445072e-07,2.7751565835102e-23,2.3682801164745e-05,2.3662896937563e-05,0.009996217138269,-2.0091821795277e-07,2.0144904513748e-07,-6.5641629560131e-06,-6.5861223104416e-06,-5.4669850930875e-06,0.90003151263275,0.90003112159828,2.5,2.5,-6.5725209749659e-06,-9.9999999999999e-05
0.5925,-0.037912063065438,0.57737298283364,0.61528504589908,0.99993442513583,0.99993400118555,0.99996901917937,0.99996901001952,8.6598899860898e-07,2.7187676657564e-23,2.3683907446513e-05,2.3664407657001e-05,0.0099962166461797,-1.9683572364113e-07,1.9735576488302e-07,-6.5647650764221e-06,-6.5862782346826e-06,-5.4666437562335e-06,0.90003151195092,0.90003112886194,2.5,2.5,-6.5729532672486e-06,-0.00010000000000001
0.595,-0.037912063065438,0.57737298283364,0.61528504589908,0.99993441775801,0.99993400242205,0.999969019531,0.99996901055728,8.4839280860164e-07,2.6635245241633e-23,2.3684991249533e-05,2.3665887679825e-05,0.0099962161640892,-1.9283618234199e-07,1.9334565673864e-07,-6.5653549622363e-06,-6.5864309906713e-06,-5.4663093550754e-06,0.90003151128294,0.90003113597801,2.5,2.5,-6.5733767757046e-06,-9.9999999999993e-05
0.5975,-0.037912063065438,0.57737298283364,0.61528504589908,0.9999344105301,0.99993400363343,0.99996901987549,0.99996901108411,8.3115415883004e-07,2.6094038792292e-23,2.3686053030531e-05,2.3667337629761e-05,0.0099962156917945,-1.8891790839206e-07,1.8941703070465e-07,-6.5659328620526e-06,-6.5865806427798e-06,-5.4659817486699e-06,0.90003151062853,0.90003114294949,2.5,2.5,-6.5737916788144e-06,-0.0001
0.6,-0.037912063065438,0.57737298283364,0.61528504589908,0.99993440344905,0.99993400482019,0.99996902021298,0.99996901160023,8.1426578434716e-07,2.5563829196468e-23,2.368709323701e-05,2.3668758117922e-05,0.0099962152290963,-1.8507925059848e-07,1.85568231168e-07,-6.566499019414e-06,-6.5867272540832e-06,-5.4656607989553e-06,0.90003150998742,0.90003114977932,2.5,2.5,-6.5741981514313e-06,-9.9999999999991e-05
0.6025,-0.037912063065438,0.57737298283364,0.61528504589908,0.99993439651189,0.99993400598284,0.99996902054361,0.99996901210587,7.9772056786748e-07,2.504439305801e-23,2.3688112307388e-05,2.3670149742983e-05,0.0099962147757999,-1.8131859124925e-07,1.8179763609722e-07,-6.5670536729208e-06,-6.5868708863642e-06,-5.4653463706873e-06,0.90003150935934,0.90003115647037,2.5,2.5,-6.5745963648565e-06,-0.0001
0.605,-0.037912063065438,0.57737298283364,0.61528504589908,0.99993438971568,0.99993400712187,0.99996902086753,0.99996901260123,7.8151153668541e-07,2.453551141465e-23,2.3689110671041e-05,2.3671513091311e-05,0.009996214331714,-1.7763434537289e-07,1.7810365643325e-07,-6.5675970563233e-06,-6.5870116001524e-06,-5.4650383313418e-06,0.90003150874402,0.90003116302546,2.5,2.5,-6.5749864869096e-06,-9.9999999999986e-05
0.6075,-0.037912063065438,0.57737298283364,0.61528504589908,0.99993438305757,0.99993400823775,0.99996902118486,0.99996901308652,7.6563185979065e-07,2.4036969841269e-23,2.3690088748749e-05,2.367284873747e-05,0.0099962138966516,-1.7402496037992e-07,1.7448473542631e-07,-6.5681293986142e-06,-6.5871494547526e-06,-5.4647365511026e-06,0.9000315081412,0.90003116944736,2.5,2.5,-6.5753686820006e-06,-0.00010000000000001
0.61,-0.037912063065438,0.57737298283364,0.61528504589908,0.99993437653474,0.99993400933095,0.99996902149574,0.99996901356196,7.5007484497651e-07,2.3548558218626e-23,2.3691046952781e-05,2.3674157244444e-05,0.0099962134704293,-1.7048891515221e-07,1.7093934794252e-07,-6.5686509241451e-06,-6.5872845082604e-06,-5.4644409027933e-06,0.90003150755063,0.90003117573877,2.5,2.5,-6.5757431111996e-06,-0.0001
0.6125,-0.037912063065438,0.57737298283364,0.61528504589908,0.99993437014445,0.99993401040195,0.99996902180031,0.99996901402774,7.3483393601484e-07,2.3070070725252e-23,2.369198568683e-05,2.3675439163579e-05,0.0099962130528675,-1.6702471945208e-07,1.6746599983213e-07,-6.5691618527035e-06,-6.5874168175895e-06,-5.4641512618117e-06,0.90003150697206,0.90003118190235,2.5,2.5,-6.5761099323022e-06,-0.0001
0.615,-0.037912063065438,0.57737298283364,0.61528504589908,0.99993436388401,0.99993401145118,0.99996902209869,0.99996901448405,7.1990270989083e-07,2.260130571392e-23,2.3692905346593e-05,2.3676695035201e-05,0.0099962126437902,-1.6363091344866e-07,1.6406322734057e-07,-6.569662399609e-06,-6.5875464385022e-06,-5.4638675061058e-06,0.90003150640525,0.90003118794068,2.5,2.5,-6.5764692998996e-06,-0.0001
0.6175,-0.037912063065438,0.57737298283364,0.61528504589908,0.99993435775077,0.99993401247909,0.99996902239101,0.99996901493109,7.0527487410321e-07,2.2142065614262e-23,2.3693806319615e-05,2.3677925388543e-05,0.0099962122430251,-1.603060667481e-07,1.6072959638442e-07,-6.5701527758114e-06,-6.5876734256223e-06,-5.4635895160833e-06,0.90003150584995,0.90003119385632,2.5,2.5,-6.5768213654404e-06,-0.00010000000000001
0.62,-0.037912063065438,0.57737298283364,0.61528504589908,0.99993435174216,0.99993401348612,0.99996902267738,0.99996901536904,6.9094426399439e-07,2.1692156905633e-23,2.3694688985573e-05,2.3679130742071e-05,0.0099962118504031,-1.5704877824602e-07,1.574637021169e-07,-6.5706331879697e-06,-6.5877978324677e-06,-5.4633171745849e-06,0.90003150530594,0.90003119965177,2.5,2.5,-6.5771662772969e-06,-9.9999999999997e-05
0.6225,-0.037912063065438,0.57737298283364,0.61528504589908,0.99993434585564,0.99993401447268,0.99996902295794,0.9999690157981,6.7690484020672e-07,2.1251389979227e-23,2.3695553716536e-05,2.3680311603832e-05,0.0099962114657589,-1.5385767517684e-07,1.5426416813392e-07,-6.5711038385441e-06,-6.5879197114674e-06,-5.4630503668505e-06,0.90003150477298,0.90003120532945,2.5,2.5,-6.5775041808255e-06,-9.9999999999996e-05
0.625,-0.037912063065438,0.57737298283364,0.61528504589908,0.99993434008872,0.9999340154392,0.9999690232328,0.99996901621844,6.6315068605834e-07,2.0819579058382e-23,2.3696400876858e-05,2.3681468471429e-05,0.0099962110889304,-1.5073141275908e-07,1.5112964609303e-07,-6.5715649258828e-06,-6.5880391139883e-06,-5.4627889804282e-06,0.90003150425085,0.90003121089177,2.5,2.5,-6.5778352184303e-06,-9.9999999999983e-05
0.6275,-0.037912063065438,0.57737298283364,0.61528504589908,0.99993433443899,0.99993401638608,0.99996902350207,0.99996901663024,6.4967600509093e-07,2.0396542195029e-23,2.3697230823509e-05,2.3682601832384e-05,0.0099962107197587,-1.476686733974e-07,1.4805881496323e-07,-6.5720166443032e-06,-6.5881560903444e-06,-5.4625329051657e-06,0.90003150373933,0.90003121634106,2.5,2.5,-6.578159529621e-06,-0.00010000000000001
0.63,-0.037912063065438,0.57737298283364,0.61528504589908,0.99993432890405,0.99993401731372,0.99996902376587,0.99996901703367,6.364751186527e-07,1.9982101102764e-23,2.3698043906396e-05,2.3683712164469e-05,0.0099962103580883,-1.4466816640896e-07,1.4505038062564e-07,-6.5724591841723e-06,-6.5882706898369e-06,-5.4622820331417e-06,0.9000315032382,0.90003122167963,2.5,2.5,-6.5784772510726e-06,-0.00010000000000001
0.6325,-0.037912063065438,0.57737298283364,0.61528504589908,0.99993432348158,0.99993401822251,0.99996902402431,0.9999690174289,6.2354246344772e-07,1.9576081102286e-23,2.369884046806e-05,2.3684799935392e-05,0.0099962100037667,-1.4172862726854e-07,1.4210307520745e-07,-6.5728927319944e-06,-6.5883829607603e-06,-5.4620362586334e-06,0.90003150274726,0.90003122690973,2.5,2.5,-6.5787885166835e-06,-9.9999999999967e-05
0.635,-0.037912063065438,0.57737298283364,0.61528504589908,0.99993431816929,0.99993401911283,0.9999690242775,0.9999690178161,6.1087258926684e-07,1.9178311106518e-23,2.3699620844218e-05,2.3685865603796e-05,0.0099962096566447,-1.3884881721682e-07,1.3921565666747e-07,-6.5733174704779e-06,-6.5884929504326e-06,-5.461795478064e-06,0.90003150226629,0.90003123203355,2.5,2.5,-6.5790934576316e-06,-0.00010000000000002
0.6375,-0.037912063065438,0.57737298283364,0.61528504589908,0.99993431296494,0.99993401998507,0.99996902452554,0.99996901819544,5.984601565984e-07,1.8788623477375e-23,2.3700385363832e-05,2.3686909618642e-05,0.0099962093165759,-1.3602752251545e-07,1.3638690807862e-07,-6.5737335786205e-06,-6.5886007052039e-06,-5.4615595899607e-06,0.90003150179509,0.90003123705326,2.5,2.5,-6.579392202428e-06,-0.00010000000000001
0.64,-0.037912063065438,0.57737298283364,0.61528504589908,0.99993430786634,0.99993402083958,0.99996902476855,0.99996901856706,5.8629993439888e-07,1.8406853975652e-23,2.3701134349032e-05,2.3687932419948e-05,0.009996208983417,-1.3326355418889e-07,1.3361563734416e-07,-6.5741412317853e-06,-6.5887062704841e-06,-5.4613284949083e-06,0.90003150133347,0.90003124197098,2.5,2.5,-6.5796848769736e-06,-9.9999999999991e-05
0.6425,-0.037912063065438,0.57737298283364,0.61528504589908,0.99993430287134,0.99993402167672,0.99996902500661,0.99996901893114,5.7438679803416e-07,1.8032841712441e-23,2.3701868115394e-05,2.368893443874e-05,0.0099962086570276,-1.3055574750211e-07,1.3090067662114e-07,-6.5745406017709e-06,-6.588809690766e-06,-5.4611020955176e-06,0.90003150088123,0.90003124678877,2.5,2.5,-6.5799716046119e-06,-0.00010000000000001
0.645,-0.037912063065438,0.57737298283364,0.61528504589908,0.99993429797783,0.99993402249686,0.99996902523984,0.99996901928782,5.6271572685928e-07,1.7666429080522e-23,2.3702586972256e-05,2.3689916097378e-05,0.0099962083372702,-1.2790296123864e-07,1.2824088166987e-07,-6.5749318568846e-06,-6.5889110096307e-06,-5.4608802963807e-06,0.90003150043817,0.90003125150866,2.5,2.5,-6.5802525061781e-06,-9.9999999999994e-05
0.6475,-0.037912063065438,0.57737298283364,0.61528504589908,0.99993429318376,0.99993402330033,0.99996902546833,0.99996901963725,5.5128180234116e-07,1.7307461656034e-23,2.3703291222559e-05,2.3690877809522e-05,0.00999620802401,-1.253040773792e-07,1.2563513154136e-07,-6.5753151620146e-06,-6.5890102697801e-06,-5.4606630040215e-06,0.90003150000412,0.90003125613266,2.5,2.5,-6.5805277000535e-06,-0.00010000000000001
0.65,-0.037912063065438,0.57737298283364,0.61528504589908,0.99993428848709,0.99993402408748,0.99996902569218,0.99996901997958,5.4008020582137e-07,1.6955788155307e-23,2.370398116303e-05,2.3691819980479e-05,0.009996207717115,-1.227580007774e-07,1.2308232817849e-07,-6.5756906786963e-06,-6.5891075130446e-06,-5.4604501268684e-06,0.90003149957889,0.9000312606627,2.5,2.5,-6.580797302214e-06,-9.9999999999981e-05
0.6525,-0.037912063065438,0.57737298283364,0.61528504589908,0.99993428388586,0.99993402485863,0.99996902591148,0.99996902031495,5.2910621662525e-07,1.6611260372765e-23,2.37046570845e-05,2.3692743007209e-05,0.0099962074164559,-1.2026365830367e-07,1.2058139565903e-07,-6.5760585651835e-06,-6.589202780403e-06,-5.4602415751979e-06,0.9000314991623,0.90003126510069,2.5,2.5,-6.5810614262785e-06,-9.9999999999998e-05
0.655,-0.037912063065438,0.57737298283364,0.61528504589908,0.99993427937812,0.99993402561412,0.99996902612632,0.99996902064351,5.1835520992627e-07,1.627373310376e-23,2.3705319271814e-05,2.3693647278883e-05,0.0099962071219059,-1.1781999889386e-07,1.1813128007794e-07,-6.5764189765194e-06,-6.589296112007e-06,-5.4600372611313e-06,0.90003149875418,0.9000312694485,2.5,2.5,-6.5813201835575e-06,-0.00010000000000002
0.6575,-0.037912063065438,0.57737298283364,0.61528504589908,0.99993427496198,0.99993402635425,0.9999690263368,0.9999690209654,5.0782265492103e-07,1.5943064122328e-23,2.3705968003966e-05,2.36945331764e-05,0.0099962068333409,-1.154259926304e-07,1.1573094882562e-07,-6.5767720645905e-06,-6.5893875471904e-06,-5.4598370985622e-06,0.90003149835434,0.90003127370797,2.5,2.5,-6.5815736830997e-06,-0.0001
0.66,-0.037912063065438,0.57737298283364,0.61528504589908,0.99993427063557,0.99993402707935,0.999969026543,0.99996902128074,4.9750411284545e-07,1.5619114073558e-23,2.3706603554484e-05,2.3695401073244e-05,0.0099962065506393,-1.1308063060093e-07,1.1337939035121e-07,-6.5771179781984e-06,-6.589477124484e-06,-5.4596410031281e-06,0.90003149796264,0.90003127788089,2.5,2.5,-6.5818220317378e-06,-0.0001
0.6625,-0.037912063065438,0.57737298283364,0.61528504589908,0.99993426639706,0.99993402778971,0.99996902674501,0.99996902158968,4.8739523510824e-07,1.5301746418401e-23,2.3707226191083e-05,2.3696251335125e-05,0.009996206273682,-1.1078292445657e-07,1.110756136355e-07,-6.5774568631269e-06,-6.5895648816413e-06,-5.4594488921989e-06,0.90003149757889,0.90003128196902,2.5,2.5,-6.5820653341344e-06,-9.9999999999994e-05
0.665,-0.037912063065438,0.57737298283364,0.61528504589908,0.99993426224468,0.99993402848563,0.99996902694292,0.99996902189234,4.7749176152973e-07,1.4990827407289e-23,2.3707836176231e-05,2.3697084320428e-05,0.0099962060023522,-1.0853190580015e-07,1.0881864778306e-07,-6.5777888621896e-06,-6.5896508556438e-06,-5.4592606848029e-06,0.90003149720294,0.90003128597409,2.5,2.5,-6.5823036928246e-06,-9.9999999999996e-05
0.6675,-0.037912063065438,0.57737298283364,0.61528504589908,0.99993425817667,0.99993402916742,0.99996902713681,0.99996902218885,4.6778951846231e-07,1.4686226028306e-23,2.3708433766972e-05,2.3697900380095e-05,0.0099962057365357,-1.0632662601516e-07,1.0660754162712e-07,-6.5781141153015e-06,-6.5897350827256e-06,-5.4590763016295e-06,0.90003149683462,0.90003128989777,2.5,2.5,-6.5825372082609e-06,-0.00010000000000001
0.67,-0.037912063065438,0.57737298283364,0.61528504589908,0.99993425419133,0.99993402983535,0.99996902732675,0.99996902247933,4.5828441706086e-07,1.4387813894978e-23,2.3709019215151e-05,2.3698699858133e-05,0.0099962054761203,-1.0416615569796e-07,1.0444136335216e-07,-6.5784327595339e-06,-6.5898175983816e-06,-5.458895664968e-06,0.90003149647379,0.90003129374173,2.5,2.5,-6.5827659788538e-06,-9.9999999999999e-05
0.6725,-0.037912063065438,0.57737298283364,0.61528504589908,0.99993425028696,0.99993403048971,0.99996902751284,0.99996902276391,4.4897245157045e-07,1.4095465260705e-23,2.3709592767533e-05,2.3699483091351e-05,0.0099962052209963,-1.0204958440169e-07,1.0231920003831e-07,-6.5787449291759e-06,-6.5898984373863e-06,-5.4587186987017e-06,0.9000314961203,0.90003129750758,2.5,2.5,-6.5829901010151e-06,-9.9999999999996e-05
0.675,-0.037912063065438,0.57737298283364,0.61528504589908,0.99993424646192,0.99993403113078,0.99996902769514,0.99996902304271,4.3984969760429e-07,1.3809056895942e-23,2.3710154665734e-05,2.3700250409969e-05,0.0099962049710563,-9.9976020099556e-08,1.0024015738122e-07,-6.5790507557875e-06,-6.5899776338071e-06,-5.4585453282443e-06,0.90003149577398,0.90003130119692,2.5,2.5,-6.5832096691967e-06,-9.9999999999998e-05
0.6775,-0.037912063065438,0.57737298283364,0.61528504589908,0.99993424271461,0.99993403175882,0.99996902787374,0.99996902331585,4.309123105693e-07,1.3528468131201e-23,2.3710705146675e-05,2.3701002137293e-05,0.0099962047261948,-9.7944588918892e-08,9.8203359150549e-08,-6.5793503682502e-06,-6.5900552210237e-06,-5.4583754805281e-06,0.9000314954347,0.90003130481129,2.5,2.5,-6.5834247759321e-06,-9.9999999999986e-05
0.68,-0.037912063065438,0.57737298283364,0.61528504589908,0.99993423904343,0.99993403237409,0.99996902804872,0.99996902358343,4.2215652393632e-07,1.3253580693431e-23,2.3711244442286e-05,2.3701738590147e-05,0.0099962044863087,-9.595443479255e-08,9.620794699928e-08,-6.579643892831e-06,-6.5901312317312e-06,-5.458209083988e-06,0.90003149510232,0.90003130835221,2.5,2.5,-6.5836355118741e-06,-0.00010000000000002
0.6825,-0.037912063065438,0.57737298283364,0.61528504589908,0.99993423544686,0.99993403297687,0.99996902822013,0.99996902384558,4.1357864775839e-07,1.2984278741628e-23,2.3711772779851e-05,2.3702460078852e-05,0.0099962042512969,-9.400471893076e-08,9.4253080004796e-08,-6.579931453235e-06,-6.5902056979605e-06,-5.4580460684811e-06,0.90003149477669,0.90003131182119,2.5,2.5,-6.5838419658336e-06,-9.9999999999996e-05
0.685,-0.037912063065438,0.57737298283364,0.61528504589908,0.99993423192336,0.9999340335674,0.99996902838807,0.9999690241024,4.0517506699998e-07,1.2720448797939e-23,2.3712290382022e-05,2.3703166907538e-05,0.0099962040210604,-9.2094619735241e-08,9.2337934290387e-08,-6.5802131706438e-06,-6.5902786510989e-06,-5.4578863653244e-06,0.90003149445768,0.90003131521969,2.5,2.5,-6.5840442248171e-06,-0.0001
0.6875,-0.037912063065438,0.57737298283364,0.61528504589908,0.99993422847146,0.99993403414593,0.99996902855259,0.999969024354,3.9694224019202e-07,1.2461979641785e-23,2.3712797466935e-05,2.370385937397e-05,0.009996203795502,-9.0223332176035e-08,9.0461702812743e-08,-6.580489163786e-06,-6.5903501218884e-06,-5.4577299071914e-06,0.90003149414515,0.90003131854912,2.5,2.5,-6.5842423740631e-06,-9.9999999999987e-05
0.69,-0.037912063065438,0.57737298283364,0.61528504589908,0.9999342250897,0.9999340347127,0.99996902871376,0.99996902460049,3.8887669767402e-07,1.2208762392932e-23,2.3713294248251e-05,2.3704537770081e-05,0.0099962035745269,-8.8390067707486e-08,8.8623594797519e-08,-6.5807595489717e-06,-6.5904201404513e-06,-5.4575766281806e-06,0.90003149383896,0.90003132181091,2.5,2.5,-6.5844364970779e-06,-0.0001
0.6925,-0.037912063065438,0.57737298283364,0.61528504589908,0.99993422177665,0.99993403526796,0.99996902887167,0.99996902484197,3.8097504041091e-07,1.1960690291215e-23,2.371378093546e-05,2.3705202381745e-05,0.0099962033580417,-8.6594053588503e-08,8.6822835643511e-08,-6.5810244401499e-06,-6.5904887362927e-06,-5.4574264636564e-06,0.900031493539,0.90003132500642,2.5,2.5,-6.5846266756715e-06,-0.00010000000000001
0.695,-0.037912063065438,0.57737298283364,0.61528504589908,0.99993421853092,0.99993403581193,0.99996902902636,0.99996902507855,3.732339383761e-07,1.1717658835439e-23,2.3714257733577e-05,2.3705853489093e-05,0.0099962031459554,-8.4834533098804e-08,8.5058666460002e-08,-6.581283948958e-06,-6.590555938322e-06,-5.4572793503647e-06,0.90003149324514,0.900031328137,2.5,2.5,-6.5848129899913e-06,-9.9999999999986e-05
0.6975,-0.037912063065438,0.57737298283364,0.61528504589908,0.99993421535114,0.99993403634485,0.99996902917791,0.99996902531032,3.656501292235e-07,1.1479565552493e-23,2.371472484348e-05,2.3706491366374e-05,0.0099962029381785,-8.3110764567653e-08,8.3330343737363e-08,-6.5815381847574e-06,-6.5906217748628e-06,-5.4571352262869e-06,0.90003149295725,0.90003133120397,2.5,2.5,-6.5849955185561e-06,-0.0001
0.7,-0.037912063065438,0.57737298283364,0.61528504589908,0.99993421223597,0.99993403686695,0.99996902932639,0.99996902553737,3.5822041688058e-07,1.1246310144008e-23,2.3715182462116e-05,2.3707116282562e-05,0.0099962027346234,-8.1422021633147e-08,8.1637139133389e-08,-6.5817872546926e-06,-6.5906862736551e-06,-5.4569940306954e-06,0.9000314926752,0.90003133420862,2.5,2.5,-6.5851743382891e-06,-9.9999999999993e-05
0.7025,-0.037912063065438,0.57737298283364,0.61528504589908,0.9999342091841,0.99993403737843,0.99996902947184,0.99996902575982,3.5094167023489e-07,1.1017794301124e-23,2.3715630782312e-05,2.3707728500975e-05,0.0099962025352045,-7.9767592585564e-08,7.9978339069619e-08,-6.5820312637309e-06,-6.5907494618894e-06,-5.4568557040842e-06,0.90003149239889,0.90003133715222,2.5,2.5,-6.5853495245513e-06,-9.9999999999997e-05
0.705,-0.037912063065438,0.57737298283364,0.61528504589908,0.99993420619424,0.99993403787952,0.99996902961434,0.99996902597774,3.4381082178175e-07,1.079392171492e-23,2.3716069992996e-05,2.3708328279592e-05,0.0099962023398375,-7.8146780182379e-08,7.8353244459868e-08,-6.5822703147049e-06,-6.5908113661872e-06,-5.4567201881601e-06,0.90003149212819,0.900031340036,2.5,2.5,-6.5855211511716e-06,-0.00010000000000001
0.7075,-0.037912063065438,0.57737298283364,0.61528504589908,0.99993420326513,0.99993403837043,0.99996902975395,0.99996902619124,3.3682486637084e-07,1.0574598023391e-23,2.3716500279322e-05,2.3708915871214e-05,0.0099962021484403,-7.6558901339781e-08,7.6761170449548e-08,-6.5825045083567e-06,-6.590872012641e-06,-5.4565874258015e-06,0.90003149186299,0.90003134286119,2.5,2.5,-6.5856892904788e-06,-0.00010000000000001
0.71,-0.037912063065438,0.57737298283364,0.61528504589908,0.99993420039554,0.99993403885137,0.99996902989071,0.9999690264004,3.2998085984765e-07,1.0359730826646e-23,2.3716921822545e-05,2.3709491523433e-05,0.009996201960932,-7.5003286932336e-08,7.5201446083722e-08,-6.5827339433857e-06,-6.5909314268074e-06,-5.4564573610717e-06,0.90003149160318,0.90003134562898,2.5,2.5,-6.5858540133325e-06,-9.9999999999983e-05
0.7125,-0.037912063065438,0.57737298283364,0.61528504589908,0.99993419758426,0.99993403932253,0.9999690300247,0.99996902660531,3.2327591795954e-07,1.0149229539974e-23,2.3717334800368e-05,2.3710055478855e-05,0.0099962017772338,-7.3479281329415e-08,7.3673414047651e-08,-6.582958716482e-06,-6.5909896337279e-06,-5.4563299391522e-06,0.90003149134865,0.90003134834052,2.5,2.5,-6.5860153891524e-06,-0.0001
0.715,-0.037912063065438,0.57737298283364,0.61528504589908,0.9999341948301,0.99993403978412,0.99996903015597,0.99996902680605,3.1670721503125e-07,9.9430054718275e-24,2.3717739386807e-05,2.3710607975188e-05,0.0099962015972682,-7.1986242245179e-08,7.2176430375768e-08,-6.5831789223705e-06,-6.5910466579302e-06,-5.4562051063305e-06,0.90003149109929,0.90003135099697,2.5,2.5,-6.5861734859468e-06,-0.00010000000000001
0.7175,-0.037912063065438,0.57737298283364,0.61528504589908,0.9999341921319,0.99993404023633,0.99996903028457,0.99996902700272,3.1027198277584e-07,9.7409717167569e-24,2.3718135752393e-05,2.371114924527e-05,0.0099962014209594,-7.0523540575951e-08,7.0709864188252e-08,-6.5833946538569e-06,-6.5911025234488e-06,-5.4560828100274e-06,0.900031490855,0.90003135359945,2.5,2.5,-6.5863283703437e-06,-9.9999999999992e-05
0.72,-0.037912063065438,0.57737298283364,0.61528504589908,0.99993418948853,0.99993404067935,0.99996903041055,0.99996902719539,3.0396750920083e-07,9.5430431197563e-24,2.3718524064165e-05,2.3711679517104e-05,0.009996201248233,-6.9090559702102e-08,6.9273097424863e-08,-6.5836060018529e-06,-6.5911572538228e-06,-5.4559629986708e-06,0.90003149061567,0.90003135614904,2.5,2.5,-6.5864801076158e-06,-0.00010000000000001
0.7225,-0.037912063065438,0.57737298283364,0.61528504589908,0.99993418689887,0.99993404111337,0.99996903053398,0.99996902738415,2.9779113737555e-07,9.3491362670011e-24,2.3718904485744e-05,2.3712199014294e-05,0.0099962010790162,-6.7686695946363e-08,6.7865524612781e-08,-6.5838130554327e-06,-6.5912108721239e-06,-5.4558456217901e-06,0.90003149038121,0.90003135864683,2.5,2.5,-6.5866287617104e-06,-9.9999999999984e-05
0.725,-0.037912063065438,0.57737298283364,0.61528504589908,0.99993418436182,0.99993404153857,0.9999690306549,0.99996902756907,2.9174026438425e-07,9.1591694420248e-24,2.3719277177469e-05,2.3712707955717e-05,0.0099962009132378,-6.6311357475675e-08,6.6486552497278e-08,-6.5840159018529e-06,-6.5912634009431e-06,-5.4557306299111e-06,0.90003149015151,0.90003136109386,2.5,2.5,-6.5867743952751e-06,-0.00010000000000001
0.7275,-0.037912063065438,0.57737298283364,0.61528504589908,0.99993418187633,0.99993404195513,0.99996903077336,0.99996902775023,2.8581234022127e-07,8.9730625983796e-24,2.3719642296407e-05,2.3713206555891e-05,0.0099962007508279,-6.4963964794805e-08,6.5135600003773e-08,-6.5842146265981e-06,-6.5913148624178e-06,-5.4556179745724e-06,0.90003148992648,0.90003136349117,2.5,2.5,-6.5869170696845e-06,-0.00010000000000001
0.73,-0.037912063065438,0.57737298283364,0.61528504589908,0.99993417944135,0.99993404236323,0.99996903088941,0.99996902792771,2.8000486661444e-07,8.7907372764658e-24,2.3719999996421e-05,2.3713695024904e-05,0.0099962005917181,-6.3643950013758e-08,6.3812097731087e-08,-6.584409313419e-06,-6.5913652782393e-06,-5.455507608299e-06,0.90003148970601,0.90003136583977,2.5,2.5,-6.5870568450662e-06,-9.999999999999e-05
0.7325,-0.037912063065438,0.57737298283364,0.61528504589908,0.99993417705584,0.99993404276303,0.99996903100311,0.99996902810158,2.7431539615054e-07,8.6121166717349e-24,2.3720350428259e-05,2.3714173568675e-05,0.0099962004358412,-6.2350756859405e-08,6.2515487959567e-08,-6.5846000443613e-06,-6.5914146696519e-06,-5.4553994845767e-06,0.90003148949003,0.90003136814065,2.5,2.5,-6.5871937803262e-06,-0.0001
0.735,-0.037912063065438,0.57737298283364,0.61528504589908,0.9999341747188,0.99993404315471,0.99996903111449,0.99996902827193,2.6874153107544e-07,8.4371254850517e-24,2.3720693739614e-05,2.3714642388709e-05,0.0099962002831316,-6.1083840377483e-08,6.1245224260556e-08,-6.5847868998081e-06,-6.5914630574712e-06,-5.4552935578444e-06,0.90003148927844,0.90003137039478,2.5,2.5,-6.5873279331737e-06,-0.0001
0.7375,-0.037912063065438,0.57737298283364,0.61528504589908,0.99993417242924,0.99993404353844,0.99996903122361,0.99996902843881,2.6328092238095e-07,8.2656899726454e-24,2.3721030075124e-05,2.3715101682762e-05,0.0099962001335249,-5.9842666560369e-08,6.0000771276208e-08,-6.5849699585054e-06,-6.5915104620892e-06,-5.4551897834493e-06,0.90003148907115,0.90003137260311,2.5,2.5,-6.5874593601446e-06,-0.00010000000000001
0.74,-0.037912063065438,0.57737298283364,0.61528504589908,0.99993417018621,0.99993404391436,0.99996903133052,0.9999690286023,2.579312688125e-07,8.0977379036677e-24,2.3721359576612e-05,2.3715551644343e-05,0.0099961999869581,-5.862671240388e-08,5.8781604532214e-08,-6.585149297596e-06,-6.5915569034856e-06,-5.4550881176752e-06,0.90003148886806,0.90003137476656,2.5,2.5,-6.5875881166267e-06,-0.0001
0.7425,-0.037912063065438,0.57737298283364,0.61528504589908,0.99993416798876,0.99993404428265,0.99996903143525,0.99996902876247,2.5269031586495e-07,7.9331984669928e-24,2.3721682382885e-05,2.3715992463043e-05,0.0099961998433694,-5.743546540485e-08,5.7587210282519e-08,-6.5853249926655e-06,-6.5916024012288e-06,-5.454988517657e-06,0.90003148866911,0.90003137688605,2.5,2.5,-6.587714256882e-06,-9.9999999999995e-05
0.745,-0.037912063065438,0.57737298283364,0.61528504589908,0.99993416583596,0.99993404464345,0.99996903153786,0.99996902891938,2.4755585477998e-07,7.7720023592541e-24,2.3721998630003e-05,2.3716424324706e-05,0.0099961997026984,-5.6268423610507e-08,5.6417085137315e-08,-6.5854971177539e-06,-6.5916469744971e-06,-5.4548909414354e-06,0.9000314884742,0.90003137896248,2.5,2.5,-6.5878378340704e-06,-0.00010000000000001
0.7475,-0.037912063065438,0.57737298283364,0.61528504589908,0.99993416372689,0.99993404499693,0.99996903163838,0.9999690290731,2.4252572176102e-07,7.6140816089788e-24,2.3722308451244e-05,2.3716847411307e-05,0.0099961995648857,-5.5125095154364e-08,5.5270735997542e-08,-6.5856657454015e-06,-6.5916906420699e-06,-5.4547953478842e-06,0.90003148828325,0.90003138099672,2.5,2.5,-6.587958900271e-06,-9.9999999999996e-05
0.75,-0.037912063065438,0.57737298283364,0.61528504589908,0.99993416166069,0.99993404534322,0.99996903173685,0.99996902922371,2.3759779693075e-07,7.4593696782613e-24,2.3722611977191e-05,2.3717261901054e-05,0.0099961994298732,-5.4004998161846e-08,5.4147679720714e-08,-6.5858309466716e-06,-6.591733422356e-06,-5.4547016967112e-06,0.90003148809617,0.90003138298962,2.5,2.5,-6.5880775065051e-06,-9.9999999999982e-05
