time,x,y,pressure,ux,uy,eps_xx,eps_yy,qx,sigma_xx,sigma_yy,fluid_content,modes,tail_bound
0.0,0.0,0.1,0.4795204795204795,0.0,-0.041824841824841835,0.24841824841824842,-0.4182484182484183,0.0,0.0,-1.0,-4.163336342344337e-17,0.0,0.0
0.0,0.3,0.1,0.4795204795204795,0.07452547452547452,-0.041824841824841835,0.24841824841824842,-0.4182484182484183,0.0,0.0,-1.0,-4.163336342344337e-17,0.0,0.0
0.0,0.8,0.1,0.4795204795204795,0.19873459873459876,-0.041824841824841835,0.24841824841824842,-0.4182484182484183,0.0,0.0,-1.0,-4.163336342344337e-17,0.0,0.0
0.0,1.0,0.1,0.4795204795204795,0.24841824841824842,-0.041824841824841835,0.24841824841824842,-0.4182484182484183,0.0,0.0,-1.0,-4.163336342344337e-17,0.0,0.0
1e-06,0.0,0.1,0.47974881325058144,0.0,-0.0418447576001896,0.2485365379756763,-0.418447576001896,0.0,5.56776846849516e-14,-1.0004761709663028,1.6708856520608606e-14,931.0,9.521557655317616e-14
1e-06,0.3,0.1,0.47974881325058133,0.07456096139269507,-0.0418447576001896,0.24853653797545605,-0.418447576001896,6.960134735040274e-14,-3.8469227803261674e-13,-1.000476170966413,-1.1546319456101628e-13,931.0,9.521557655317616e-14
1e-06,0.8,0.1,0.4797488132505806,0.1988292303805178,-0.0418447576001896,0.2485365379755654,-0.418447576001896,-4.603179725504946e-14,-1.6553425297161084e-13,-1.0004761709663579,-5.000166947155549e-14,931.0,9.521557655317616e-14
1e-06,1.0,0.1,0.0,0.24821909066477063,-0.0418447576001896,0.10461189400047391,-0.418447576001896,207.741103185007,-1.6653345369377348e-16,-0.7845892050035551,-0.18830140920085325,931.0,9.521557655317616e-14
1.0460412785871946e-06,0.0,0.1,0.4797540124780044,0.0,-0.04184521108835928,0.2485392314643222,-0.41845211088359274,0.0,4.5352610555937645e-14,-1.000487013521827,1.3600232051658168e-14,910.0,9.516186132940194e-14
1.0460412785871946e-06,0.3,0.1,0.4797540124780041,0.07456176943929041,-0.04184521108835928,0.24853923146410556,-0.41845211088359274,7.234094535939169e-14,-3.8768988019910466e-13,-1.0004870135219353,-1.164485174953711e-13,910.0,9.516186132940194e-14
1.0460412785871946e-06,0.8,0.1,0.4797540124780035,0.1988313851714386,-0.04184521108835928,0.2485392314642226,-0.41845211088359274,-5.2928752789207795e-14,-1.5326628854950286e-13,-1.0004870135218762,-4.633793349029247e-14,910.0,9.516186132940194e-14
1.0460412785871946e-06,1.0,0.1,0.0,0.24821455578307386,-0.04184521108835928,0.10461302772089807,-0.41845211088359274,203.12127535764014,-2.220446049250313e-16,-0.7845977079067364,-0.1883034498976168,910.0,9.516186132940194e-14
1.0942023565083328e-06,0.0,0.1,0.47975933013967953,0.0,-0.041845674906627606,0.2485419863084911,-0.41845674906627606,0.0,3.6415315207705135e-14,-1.0004981030621143,1.0921819004749977e-14,889.0,9.85223874433356e-14
1.0942023565083328e-06,0.3,0.1,0.4797593301396793,0.07456259589254241,-0.041845674906627606,0.24854198630827748,-0.41845674906627606,7.749871943493917e-14,-3.9063197121436133e-13,-1.0004981030622209,-1.172950625516478e-13,889.0,9.85223874433356e-14
1.0942023565083328e-06,0.8,0.1,0.47975933013967875,0.1988335890467773,-0.041845674906627606,0.24854198630840157,-0.41845674906627606,-5.758605478238178e-14,-1.4210854715202004e-13,-1.0004981030621587,-4.2951753265185744e-14,889.0,9.85223874433356e-14
1.0942023565083328e-06,1.0,0.1,0.0,0.24820991760039054,-0.041845674906627606,0.10461418726656889,-0.41845674906627606,198.604262032133,-2.498001805406602e-16,-0.7846064044992677,-0.18830553707982428,889.0,9.85223874433356e-14
1.1445808320351001e-06,0.0,0.1,0.47976476893557624,0.0,-0.041846149290491935,0.2485448039069171,-0.4184614929049193,0.0,2.881028748902281e-14,-1.000509445217726,8.631984016460592e-15,869.0,9.807494291843653e-14
1.1445808320351001e-06,0.3,0.1,0.4797647689355761,0.07456344117207135,-0.041846149290491935,0.24854480390670616,-0.4184614929049193,7.708876307030146e-14,-3.9296343956607416e-13,-1.0005094452178311,-1.1796119636642288e-13,869.0,9.807494291843653e-14
1.1445808320351001e-06,0.8,0.1,0.4797647689355754,0.19883584312552122,-0.041846149290491935,0.24854480390683642,-0.4184614929049193,-5.574009660429608e-14,-1.3206102877916237e-13,-1.0005094452177656,-3.995415109869782e-14,869.0,9.807494291843653e-14
1.1445808320351001e-06,1.0,0.1,0.0,0.24820517376174733,-0.041846149290491935,0.1046153732262297,-0.4184614929049193,194.18777506996213,-2.498001805406602e-16,-0.7846152991967237,-0.18830767180721375,869.0,9.807494291843653e-14
1.197278796988391e-06,0.0,0.1,0.47977033162731386,0.0,-0.04184663448082682,0.2485476856902723,-0.4184663448082682,0.0,2.220446049250313e-14,-1.0005210457477887,6.647460359943125e-15,850.0,9.354163711562174e-14
1.197278796988391e-06,0.3,0.1,0.47977033162731375,0.07456430570707893,-0.04184663448082682,0.24854768569006358,-0.4184663448082682,7.180829123753297e-14,-3.9518388561532447e-13,-1.000521045747893,-1.1861345239339016e-13,850.0,9.354163711562174e-14
1.197278796988391e-06,0.8,0.1,0.4797703316273129,0.19883814855220802,-0.04184663448082682,0.24854768569019953,-0.4184663448082682,-4.0336272034767685e-14,-1.2284617767477357e-13,-1.0005210457478246,-3.722022690055837e-14,850.0,9.354163711562174e-14
1.197278796988391e-06,1.0,0.1,0.0,0.2482003218583984,-0.04184663448082682,0.10461658620206693,-0.4184663448082682,189.86957725524525,-2.498001805406602e-16,-0.784624396515503,-0.18830985516372076,850.0,9.354163711562174e-14
1.2524030436270748e-06,0.0,0.1,0.4797760210395739,0.0,-0.04184713072400729,0.2485506331218986,-0.41847130724007287,0.0,1.6431300764452317e-14,-1.0005329105429408,4.884981308350689e-15,830.0,9.985455916644945e-14
1.2524030436270748e-06,0.3,0.1,0.4797760210395739,0.07456518993656767,-0.04184713072400729,0.24855063312169187,-0.41847130724007287,7.367916061228808e-14,-3.97015753605956e-13,-1.0005329105430443,-1.191408083300871e-13,830.0,9.985455916644945e-14
1.2524030436270748e-06,0.8,0.1,0.47977602103957306,0.19884050649751137,-0.04184713072400729,0.2485506331218329,-0.41847130724007287,-3.815254805390493e-14,-1.1446399383885364e-13,-1.0005329105429732,-3.4708347307343956e-14,830.0,9.985455916644945e-14
1.2524030436270748e-06,1.0,0.1,0.0,0.24819535942659368,-0.04184713072400729,0.10461782681001808,-0.41847130724007287,185.64748116145546,-2.7755575615628914e-16,-0.7846337010751367,-0.18831208825803286,830.0,9.985455916644945e-14
1.3100652810621594e-06,0.0,0.1,0.4797818400615452,0.0,-0.04184763827203475,0.24855364769855612,-0.4184763827203475,0.0,1.1379786002407855e-14,-1.000545045628344,3.524958103184872e-15,812.0,9.411552422548666e-14
1.3100652810621594e-06,0.3,0.1,0.47978184006154484,0.07456609430956568,-0.04184763827203475,0.2485536476983511,-0.4184763827203475,7.604653521357844e-14,-3.984590435379687e-13,-1.0005450456284462,-1.1955714196432154e-13,812.0,9.411552422548666e-14
1.3100652810621594e-06,0.8,0.1,0.4797818400615442,0.19884291815883937,-0.04184763827203475,0.24855364769849672,-0.4184763827203475,-1.6370189887714815e-14,-1.0680345496894006e-13,-1.000545045628373,-3.232136780439987e-14,812.0,9.411552422548666e-14
1.3100652810621594e-06,1.0,0.1,0.0,0.24819028394631912,-0.04184763827203475,0.10461909568008676,-0.4184763827203475,181.51934804335974,-2.220446049250313e-16,-0.7846432176006516,-0.18831437222415642,812.0,9.411552422548666e-14
1.3703823616349563e-06,0.0,0.1,0.4797877916484001,0.0,-0.04184815738266601,0.2485567309511888,-0.41848157382666,0.0,7.549516567451064e-15,-1.0005574571667655,2.2898349882893854e-15,793.0,9.958125214302291e-14
1.3703823616349563e-06,0.3,0.1,0.47978779164839985,0.07456701928535607,-0.04184815738266601,0.24855673095098524,-0.41848157382666,7.156207444806868e-14,-3.994582442601313e-13,-1.0005574571668672,-1.198902088717091e-13,793.0,9.958125214302291e-14
1.3703823616349563e-06,0.8,0.1,0.4797877916483992,0.19884538476094707,-0.04184815738266601,0.24855673095113479,-0.41848157382666,-1.1208878480728701e-14,-9.992007221626409e-14,-1.0005574571667921,-3.0309088572266774e-14,793.0,9.958125214302291e-14
1.3703823616349563e-06,1.0,0.1,0.0,0.24818509284000656,-0.04184815738266601,0.10462039345666488,-0.41848157382666,177.48308675361474,-2.220446049250313e-16,-0.7846529509249875,-0.18831670822199706,793.0,9.958125214302291e-14
1.433476517717969e-06,0.0,0.1,0.47979387882281,0.0,-0.04184868831954509,0.2485598844457076,-0.41848688319545085,0.0,3.774758283725532e-15,-1.0005701514617338,1.1657341758564144e-15,776.0,9.23044591768252e-14
1.433476517717969e-06,0.3,0.1,0.4797938788228097,0.07456796533371225,-0.04184868831954509,0.24855988444550572,-0.41848688319545085,6.992254630569802e-14,-3.9979131116751887e-13,-1.0005701514618348,-1.2001510896197942e-13,776.0,9.23044591768252e-14
1.433476517717969e-06,0.8,0.1,0.47979387882280894,0.1988479075565636,-0.04184868831954509,0.2485598844456586,-0.41848688319545085,-3.0752124123901653e-14,-9.353628982466944e-14,-1.0005701514617578,-2.846334279382745e-14,776.0,9.23044591768252e-14
1.433476517717969e-06,1.0,0.1,0.0,0.24817978347121578,-0.04184868831954509,0.10462172079886259,-0.41848688319545085,173.5366526834767,-2.220446049250313e-16,-0.7846629059914704,-0.18831909743795294,776.0,9.23044591768252e-14
1.4994756094184236e-06,0.0,0.1,0.4798001046764892,0.0,-0.04184923135233823,0.24856310978379256,-0.41849231352338223,0.0,4.996003610813204e-16,-1.0005831349607617,1.5265566588595902e-16,758.0,9.633776319705261e-14
1.4994756094184236e-06,0.3,0.1,0.4798001046764891,0.07456893293513825,-0.04184923135233823,0.24856310978359236,-0.41849231352338223,7.9003791208865e-14,-3.9984682231875013e-13,-1.0005831349608618,-1.199873533863638e-13,758.0,9.633776319705261e-14
1.4994756094184236e-06,0.8,0.1,0.47980010467648837,0.19885048782703288,-0.04184923135233823,0.24856310978374813,-0.41849231352338223,-3.8001257984521536e-14,-8.787415239908114e-14,-1.0005831349607834,-2.66869859544272e-14,758.0,9.633776319705261e-14
1.4994756094184236e-06,1.0,0.1,0.0,0.24817435314328443,-0.04184923135233823,0.10462307838084545,-0.41849231352338223,169.67804672708277,-2.220446049250313e-16,-0.7846730878563417,-0.18832154108552207,758.0,9.633776319705261e-14
1.5685133836863606e-06,0.0,0.1,0.47980647237177926,0.0,-0.04184978675687189,0.24856640860371262,-0.4184978675687189,0.0,-1.7208456881689926e-15,-1.000596414258649,-6.661338147750939e-16,741.0,9.546797651954557e-14
1.5685133836863606e-06,0.3,0.1,0.4798064723717795,0.07456992258111463,-0.04184978675687189,0.24856640860351376,-0.4184978675687189,7.939890004212838e-14,-3.996247777138251e-13,-1.0005964142587485,-1.1993184223513254e-13,741.0,9.546797651954557e-14
1.5685133836863606e-06,0.8,0.1,0.47980647237177887,0.19885312688297,-0.04184978675687189,0.24856640860367207,-0.4184978675687189,-6.2418851306426205e-15,-8.260059303211165e-14,-1.000596414258669,-2.5077162568720723e-14,741.0,9.546797651954557e-14
1.5685133836863606e-06,1.0,0.1,0.0,0.24816879909794773,-0.04184978675687189,0.10462446689217961,-0.4184978675687189,165.90531426878457,-2.220446049250313e-16,-0.7846835016913478,-0.18832404040592354,741.0,9.546797651954557e-14
1.6407297453524075e-06,0.0,0.1,0.47981298514326925,0.0,-0.04185035481527404,0.2485697825811637,-0.4185035481527404,0.0,-4.3298697960381105e-15,-1.0006099961008603,-1.304512053934559e-15,724.0,9.79441873886286e-14
1.6407297453524075e-06,0.3,0.1,0.47981298514326914,0.07457093477435034,-0.04185035481527404,0.24856978258096651,-0.4185035481527404,7.742911454903882e-14,-3.9862557699166246e-13,-1.000609996100959,-1.1962653090336062e-13,724.0,9.79441873886286e-14
1.6407297453524075e-06,0.8,0.1,0.4798129851432686,0.1988558260649318,-0.04185035481527404,0.24856978258112672,-0.4185035481527404,1.6066771414800674e-15,-7.788214517745473e-14,-1.0006099961008785,-2.3619994848900205e-14,724.0,9.79441873886286e-14
1.6407297453524075e-06,1.0,0.1,0.0,0.2481631185139262,-0.04185035481527404,0.10462588703818496,-0.4185035481527404,162.21654419301802,-2.7755575615628914e-16,-0.7846941527863882,-0.18832659666873322,724.0,9.79441873886286e-14
1.716271040644478e-06,0.0,0.1,0.4798196462994492,0.0,-0.04185093581611863,0.24857323343012797,-0.4185093581611863,0.0,-6.716849298982197e-15,-1.0006238873869782,-2.040034807748725e-15,708.0,9.494721640239228e-14
1.716271040644478e-06,0.3,0.1,0.47981964629944895,0.07457197002903995,-0.04185093581611863,0.24857323342993262,-0.4185093581611863,6.692444893717886e-14,-3.97237798210881e-13,-1.0006238873870756,-1.1929346399597307e-13,708.0,9.494721640239228e-14
1.716271040644478e-06,0.8,0.1,0.47981964629944834,0.19885858674410417,-0.04185093581611863,0.24857323343009435,-0.4185093581611863,-2.6129510643092412e-14,-7.34412530789541e-14,-1.0006238873869944,-2.238487173400472e-14,708.0,9.494721640239228e-14
1.716271040644478e-06,1.0,0.1,0.0,0.24815730850548032,-0.04185093581611863,0.10462733954029643,-0.4185093581611863,158.60986791620812,-2.7755575615628914e-16,-0.7847050465522243,-0.1883292111725339,708.0,9.494721640239228e-14
1.7952903537579247e-06,0.0,0.1,0.47982645922440853,0.0,-0.04185153005457342,0.24857676290375177,-0.41851530054573416,0.0,-8.659739592076221e-15,-1.0006380951742375,-2.6229018956769323e-15,692.0,9.519053136065247e-14
1.7952903537579247e-06,0.3,0.1,0.4798264592244084,0.0745730288711274,-0.04185153005457342,0.24857676290355835,-0.41851530054573416,7.860230713685313e-14,-3.954059302202495e-13,-1.000638095174334,-1.1869671912023705e-13,692.0,9.519053136065247e-14
1.7952903537579247e-06,0.8,0.1,0.47982645922440775,0.198861410323004,-0.04185153005457342,0.248576762903721,-0.41851530054573416,1.410428966426817e-14,-6.972200594645983e-14,-1.0006380951742524,-2.1260770921571748e-14,692.0,9.519053136065247e-14
1.7952903537579247e-06,1.0,0.1,0.0,0.2481513661209325,-0.04185153005457342,0.1046288251364334,-0.41851530054573416,155.08345844022,-2.7755575615628914e-16,-0.7847161885232515,-0.18833188524558045,692.0,9.519053136065247e-14
1.8779478170801964e-06,0.0,0.1,0.47983342737956897,0.0,-0.04185213783255126,0.24858037279524353,-0.4185213783255126,0.0,-1.0602629885170245e-14,-1.0006526266811449,-3.039235529911366e-15,676.0,9.884694388459394e-14
1.8779478170801964e-06,0.3,0.1,0.4798334273795685,0.07457411183857517,-0.04185213783255126,0.24858037279505213,-0.4185213783255126,6.923682796544638e-14,-3.9312997301976793e-13,-1.0006526266812403,-1.179889519420385e-13,676.0,9.884694388459394e-14
1.8779478170801964e-06,0.8,0.1,0.4798334273795678,0.19886429823619808,-0.04185213783255126,0.2485803727952154,-0.4185213783255126,-8.726317620547826e-15,-6.622480341889059e-14,-1.0006526266811582,-2.017830347256222e-14,676.0,9.884694388459394e-14
1.8779478170801964e-06,1.0,0.1,0.0,0.248145288341154,-0.04185213783255126,0.10463034458137803,-0.4185213783255126,151.63552942687366,-2.498001805406602e-16,-0.7847275843603362,-0.18833462024648073,676.0,9.884694388459394e-14
1.9644109356986e-06,0.0,0.1,0.4798405543054571,0.0,-0.04185275945886488,0.2485840649387934,-0.4185275945886488,0.0,-1.1823875212257917e-14,-1.000667489291175,-3.608224830031759e-15,661.0,9.641599209791166e-14
1.9644109356986e-06,0.3,0.1,0.47984055430545697,0.07457521948164036,-0.04185275945886488,0.24858406493860408,-0.4185275945886488,7.732380856984865e-14,-3.9046543776066756e-13,-1.0006674892912697,-1.1722567361260872e-13,661.0,9.641599209791166e-14
1.9644109356986e-06,0.8,0.1,0.4798405543054564,0.1988672519510386,-0.04185275945886488,0.2485840649387676,-0.4185275945886488,1.4332940428923896e-14,-6.306066779870889e-14,-1.0006674892911875,-1.9234613901630837e-14,661.0,9.641599209791166e-14
1.9644109356986e-06,1.0,0.1,0.0,0.2481390720780178,-0.04185275945886488,0.10463189864716207,-0.4185275945886488,148.26433429305686,-2.220446049250313e-16,-0.7847392398537165,-0.188337417564892,661.0,9.641599209791166e-14
2.0548549268488348e-06,0.0,0.1,0.47984784362352384,0.0,-0.04185339524938514,0.24858784121051336,-0.4185339524938514,0.0,-1.326716514427062e-14,-1.0006826905565605,-3.9968028886505635e-15,646.0,9.72811477119407e-14
2.0548549268488348e-06,0.3,0.1,0.47984784362352356,0.07457635236315656,-0.04185339524938514,0.2485878412103265,-0.4185339524938514,7.439104643192121e-14,-3.8680170177940454e-13,-1.0006826905566537,-1.1617096173921482e-13,646.0,9.72811477119407e-14
2.0548549268488348e-06,0.8,0.1,0.47984784362352323,0.1988702729684151,-0.04185339524938514,0.24858784121048966,-0.4185339524938514,-6.50196367775273e-18,-6.0285110237146e-14,-1.0006826905565718,-1.8346435481930712e-14,646.0,9.72811477119407e-14
2.0548549268488348e-06,1.0,0.1,0.0,0.24813271417281518,-0.04185339524938514,0.10463348812346274,-0.4185339524938514,144.96816532597592,-2.220446049250313e-16,-0.7847511609259714,-0.18834027862223318,646.0,9.72811477119407e-14
2.1494630749921513e-06,0.0,0.1,0.47985529903799745,0.0,-0.041854045527203114,0.2485917035293997,-0.4185404552720311,0.0,-1.4654943925052066e-14,-1.000698238202161,-4.385380947269368e-15,632.0,9.165897994869471e-14
2.1494630749921513e-06,0.3,0.1,0.4798552990379971,0.07457751105882265,-0.041854045527203114,0.24859170352921528,-0.4185404552720311,7.709827718806681e-14,-3.8324898810060404e-13,-1.000698238202253,-1.151023720780131e-13,632.0,9.165897994869471e-14
2.1494630749921513e-06,0.8,0.1,0.47985529903799656,0.19887336282352464,-0.041854045527203114,0.2485917035293778,-0.4185404552720311,2.7919256566983565e-14,-5.789813073420191e-14,-1.0006982382021712,-1.772193503057906e-14,632.0,9.165897994869471e-14
2.1494630749921513e-06,1.0,0.1,0.0,0.24812621139463556,-0.041854045527203114,0.10463511381800764,-0.4185404552720311,141.7453528180968,-2.7755575615628914e-16,-0.7847633536350584,-0.1883432048724141,632.0,9.165897994869471e-14
2.2484271032407527e-06,0.0,0.1,0.4798629243377855,0.0,-0.04185471062279575,0.24859565385831706,-0.4185471062279575,0.0,-1.5931700403370996e-14,-1.0007141401294277,-4.8433479449272454e-15,617.0,9.918076029872247e-14
2.2484271032407527e-06,0.3,0.1,0.4798629243377855,0.07457869615749807,-0.04185471062279575,0.24859565385813545,-0.4185471062279575,6.677066336149637e-14,-3.790856517582597e-13,-1.0007141401295185,-1.1381173781188636e-13,617.0,9.918076029872247e-14
2.2484271032407527e-06,0.8,0.1,0.4798629243377848,0.19887652308665918,-0.04185471062279575,0.24859565385829685,-0.4185471062279575,-4.524196951138193e-15,-5.595524044110789e-14,-1.0007141401294373,-1.7111312367035225e-14,617.0,9.918076029872247e-14
2.2484271032407527e-06,1.0,0.1,0.0,0.2481195604387091,-0.04185471062279575,0.10463677655698923,-0.4185471062279575,138.59426422133743,-2.7755575615628914e-16,-0.7847758241774203,-0.18834619780258097,617.0,9.918076029872247e-14
2.3519475618840592e-06,0.0,0.1,0.4798707233984203,0.0,-0.04185539087419554,0.24859969420500647,-0.4185539087419554,0.0,-1.6930901125533637e-14,-1.0007304044204597,-5.065392549852277e-15,604.0,8.97683573198101e-14
2.3519475618840592e-06,0.3,0.1,0.4798707233984203,0.07457990826150503,-0.04185539087419554,0.24859969420482772,-0.4185539087419554,7.255415517882169e-14,-3.7442271505483404e-13,-1.0007304044205492,-1.123129367286424e-13,604.0,8.97683573198101e-14
2.3519475618840592e-06,0.8,0.1,0.4798707233984195,0.19887975536401112,-0.04185539087419554,0.24859969420498754,-0.4185539087419554,3.04879903790555e-14,-5.434541705540141e-14,-1.0007304044204688,-1.6583956430338276e-14,604.0,8.97683573198101e-14
2.3519475618840592e-06,1.0,0.1,0.0,0.2481127579247112,-0.04185539087419554,0.10463847718548873,-0.4185539087419554,135.51330332008453,-2.498001805406602e-16,-0.7847885788911665,-0.18834925893388,604.0,8.97683573198101e-14
2.4602342348032363e-06,0.0,0.1,0.47987870018404605,0.0,-0.041856086627164,0.24860382662311464,-0.41856086627164,0.0,-1.8318679906315083e-14,-1.0007470393421505,-5.440092820663267e-15,590.0,9.358850659152344e-14
2.4602342348032363e-06,0.3,0.1,0.4798787001840457,0.07458114798693767,-0.041856086627164,0.248603826622939,-0.41856086627164,6.853767678269409e-14,-3.6942671144402084e-13,-1.000747039342238,-1.1089740237224532e-13,590.0,9.358850659152344e-14
2.4602342348032363e-06,0.8,0.1,0.47987870018404516,0.19888306129849811,-0.041856086627164,0.24860382662309705,-0.41856086627164,1.8133128615033527e-14,-5.3013149425851225e-14,-1.0007470393421587,-1.6181500583911657e-14,590.0,9.358850659152344e-14
2.4602342348032363e-06,1.0,0.1,0.0,0.2481058003950266,-0.041856086627164,0.10464021656790988,-0.41856086627164,132.50090942261443,-2.498001805406602e-16,-0.7848016242593251,-0.18835238982223806,590.0,9.358850659152344e-14
2.573506564597571e-06,0.0,0.1,0.47988685874945547,0.0,-0.041856798235369155,0.24860805321324986,-0.4185679823536915,0.0,-1.9317880628477724e-14,-1.0007640533504314,-5.717648576819556e-15,577.0,9.036571914293774e-14
2.573506564597571e-06,0.3,0.1,0.479886858749455,0.07458241596397833,-0.041856798235369155,0.24860805321307744,-0.4185679823536915,6.498099542217706e-14,-3.6387559632089506e-13,-1.0007640533505173,-1.0925982341092322e-13,577.0,9.036571914293774e-14
2.573506564597571e-06,0.8,0.1,0.47988685874945447,0.19888644257060667,-0.041856798235369155,0.24860805321323323,-0.4185679823536915,5.91279023744782e-15,-5.1958437552457326e-14,-1.000764053350439,-1.5903944827755367e-14,577.0,9.036571914293774e-14
2.573506564597571e-06,1.0,0.1,0.0,0.2480986843129751,-0.041856798235369155,0.10464199558842273,-0.4185679823536915,129.55555657050883,-3.0531133177191805e-16,-0.7848149669131717,-0.18835559205916128,577.0,9.036571914293774e-14
2.6919940972841816e-06,0.0,0.1,0.4798952032421723,0.0,-0.041857526060567266,0.2486123761240599,-0.4185752606056726,0.0,-1.992850329202156e-14,-1.0007814550946186,-6.036837696399289e-15,564.0,9.020820677989601e-14
2.6919940972841816e-06,0.3,0.1,0.47989520324217216,0.07458371283722148,-0.041857526060567266,0.2486123761238908,-0.4185752606056726,6.972739661644977e-14,-3.5793590313915047e-13,-1.0007814550947032,-1.0749734435933078e-13,564.0,9.020820677989601e-14
2.6919940972841816e-06,0.8,0.1,0.4798952032421716,0.19888990089925504,-0.041857526060567266,0.24861237612404413,-0.4185752606056726,4.21832683824661e-14,-5.10702591327572e-14,-1.0007814550946261,-1.5640266859406893e-14,564.0,9.020820677989601e-14
2.6919940972841816e-06,1.0,0.1,0.0,0.248091406060994,-0.041857526060567266,0.10464381515141805,-0.4185752606056726,126.67575276566562,-2.220446049250313e-16,-0.7848286136356362,-0.18835886727255272,564.0,9.020820677989601e-14
2.8159369474723258e-06,0.0,0.1,0.47990373790458296,0.0,-0.04185827047278863,0.24861679755333604,-0.4185827047278863,0.0,-2.0816681711721685e-14,-1.0007992534218544,-6.25888230132432e-15,551.0,9.323881900163137e-14
2.8159369474723258e-06,0.3,0.1,0.47990373790458285,0.07458503926600443,-0.04185827047278863,0.2486167975531704,-0.4185827047278863,5.755390076860207e-14,-3.5205172110863714e-13,-1.000799253421937,-1.0567935415650709e-13,551.0,9.323881900163137e-14
2.8159369474723258e-06,0.8,0.1,0.4799037379045821,0.1988934380426763,-0.04185827047278863,0.24861679755332083,-0.4185827047278863,3.90949136201054e-14,-5.0681681074138396e-14,-1.0007992534218613,-1.5584755708175635e-14,551.0,9.323881900163137e-14
2.8159369474723258e-06,1.0,0.1,0.0,0.2480839619387803,-0.04185827047278863,0.10464567618197144,-0.4185827047278863,123.86003921451176,-2.498001805406602e-16,-0.7848425713647869,-0.1883622171275489,551.0,9.323881900163137e-14
2.9455862849548734e-06,0.0,0.1,0.4799124670761148,0.0,-0.041859031850527785,0.24862131974914298,-0.41859031850527784,0.0,-2.1760371282653068e-14,-1.000817457381653,-6.522560269672795e-15,538.0,9.993110034981508e-14
2.9455862849548734e-06,0.3,0.1,0.4799124670761147,0.07458639592474665,-0.041859031850527785,0.24862131974898113,-0.41859031850527784,7.18044504973695e-14,-3.4544589411211746e-13,-1.0008174573817339,-1.0365319713656618e-13,538.0,9.993110034981508e-14
2.9455862849548734e-06,0.8,0.1,0.4799124670761138,0.1988970557993222,-0.041859031850527785,0.24862131974912835,-0.41859031850527784,8.73349220115776e-15,-5.0459636469213365e-14,-1.0008174573816597,-1.5515366769136563e-14,538.0,9.993110034981508e-14
2.9455862849548734e-06,1.0,0.1,0.0,0.24807634816138882,-0.041859031850527785,0.10464757962631935,-0.41859031850527784,121.10698958903706,-2.220446049250313e-16,-0.784856847197396,-0.1883656433273751,538.0,9.993110034981508e-14
3.0812048437031065e-06,0.0,0.1,0.47992139519546845,0.0,-0.04185981058093807,0.24862594501097424,-0.41859810580938067,0.0,-2.2870594307278225e-14,-1.0008360762305553,-6.813993813636898e-15,526.0,9.827349815874258e-14
3.0812048437031065e-06,0.3,0.1,0.47992139519546834,0.07458778350329621,-0.04185981058093807,0.24862594501081636,-0.41859810580938067,6.70043051387503e-14,-3.385625113594415e-13,-1.000836076230634,-1.015576511775862e-13,526.0,9.827349815874258e-14
3.0812048437031065e-06,0.8,0.1,0.4799213951954675,0.19890075600878768,-0.04185981058093807,0.24862594501096022,-0.41859810580938067,2.4616298010971103e-14,-5.040412531798211e-14,-1.0008360762305617,-1.5432100042289676e-14,526.0,9.827349815874258e-14
3.0812048437031065e-06,1.0,0.1,0.0,0.24806856085728599,-0.04185981058093807,0.10464952645234504,-0.41859810580938067,118.41520930427318,-2.498001805406602e-16,-0.7848714483925888,-0.18836914761422138,526.0,9.827349815874258e-14
3.2230674542962544e-06,0.0,0.1,0.4799305268029002,0.0,-0.04186060706003075,0.24863067569093522,-0.41860607060030747,0.0,-2.3370194668359545e-14,-1.0008551194368875,-7.0637939941775585e-15,514.0,9.998140149189851e-14
3.2230674542962544e-06,0.3,0.1,0.4799305268029002,0.07458920270728457,-0.04186060706003075,0.24863067569078118,-0.41860607060030747,5.6257192804071304e-14,-3.3151259515307174e-13,-1.0008551194369644,-9.948986079422184e-14,514.0,9.998140149189851e-14
3.2230674542962544e-06,0.8,0.1,0.4799305268028995,0.19890454055275666,-0.04186060706003075,0.2486306756909214,-0.41860607060030747,5.6599798524338613e-14,-5.057065877167588e-14,-1.000855119436894,-1.5501488981328748e-14,514.0,9.998140149189851e-14
3.2230674542962544e-06,1.0,0.1,0.0,0.24806059606635916,-0.04186060706003075,0.10465151765007674,-0.41860607060030747,115.78333481185302,-2.498001805406602e-16,-0.7848863823755766,-0.18837273177013844,514.0,9.998140149189851e-14
3.3714616008648285e-06,0.0,0.1,0.47993986654255877,0.0,-0.041861421692878736,0.24863551419495242,-0.4186142169287873,0.0,-2.4091839634365897e-14,-1.0008745966856338,-7.188694084447889e-15,503.0,9.258610140150409e-14
3.3714616008648285e-06,0.3,0.1,0.47993986654255866,0.07459065425848983,-0.041861421692878736,0.24863551419480226,-0.4186142169287873,6.257552231126705e-14,-3.2429614549300823e-13,-1.0008745966857087,-9.731104810839497e-14,503.0,9.258610140150409e-14
3.3714616008648285e-06,0.8,0.1,0.47993986654255794,0.19890841135597065,-0.041861421692878736,0.24863551419493868,-0.4186142169287873,6.457621650200464e-14,-5.10702591327572e-14,-1.00087459668564,-1.5612511283791264e-14,503.0,9.258610140150409e-14
3.3714616008648285e-06,1.0,0.1,0.0,0.24805244973787932,-0.041861421692878736,0.1046535542321967,-0.4186142169287873,113.21003290929103,-2.498001805406602e-16,-0.7849016567414764,-0.18837639761795436,503.0,9.258610140150409e-14
3.526688003676275e-06,0.0,0.1,0.47994941916487294,0.0,-0.041862254893825036,0.2486404629840121,-0.41862254893825035,0.0,-2.4702462297909733e-14,-1.0008945178834183,-7.452372052796363e-15,492.0,8.845391943960852e-14
3.526688003676275e-06,0.3,0.1,0.47994941916487294,0.07459213889520781,-0.041862254893825036,0.24864046298386605,-0.41862254893825035,6.669041845557462e-14,-3.168576512280197e-13,-1.0008945178834914,-9.507672427133684e-14,492.0,8.845391943960852e-14
3.526688003676275e-06,0.8,0.1,0.4799494191648724,0.1989123703872187,-0.041862254893825036,0.2486404629839985,-0.41862254893825035,6.281877568700114e-14,-5.1514348342607263e-14,-1.0008945178834248,-1.572353358625378e-14,492.0,8.845391943960852e-14
3.526688003676275e-06,1.0,0.1,0.0,0.24804411772841622,-0.041862254893825036,0.10465563723456248,-0.41862254893825035,110.69400006463638,-2.220446049250313e-16,-0.7849172792592194,-0.1883801470222127,492.0,8.845391943960852e-14
3.689061228543659e-06,0.0,0.1,0.47995918952899974,0.0,-0.0418631070866961,0.24864552457542743,-0.41863107086696094,0.0,-2.5424107263916085e-14,-1.000914893163608,-7.66053886991358e-15,480.0,9.99821801131272e-14
3.689061228543659e-06,0.3,0.1,0.47995918952899985,0.07459365737263253,-0.0418631070866961,0.2486455245752856,-0.41863107086696094,5.664711200778004e-14,-3.0914160120687484e-13,-1.0009148931636789,-9.274525591962401e-14,480.0,9.99821801131272e-14
3.689061228543659e-06,0.8,0.1,0.47995918952899913,0.19891641966035134,-0.0418631070866961,0.24864552457541378,-0.41863107086696094,3.837771875704198e-14,-5.240252676230739e-14,-1.0009148931636145,-1.5987211554602254e-14,480.0,9.99821801131272e-14
3.689061228543659e-06,1.0,0.1,0.0,0.2480355957997057,-0.0418631070866961,0.10465776771674012,-0.41863107086696094,108.23396175615571,-2.220446049250313e-16,-0.7849332578755518,-0.18838398189013247,480.0,9.99821801131272e-14
3.858910324292256e-06,0.0,0.1,0.479969182605325,0.0,-0.041863978705020025,0.24865070154413443,-0.4186397870502002,0.0,-2.6201263381153694e-14,-1.000935732891528,-7.91033905045424e-15,470.0,8.918043338799351e-14
3.858910324292256e-06,0.3,0.1,0.479969182605325,0.07459521046324472,-0.041863978705020025,0.24865070154399693,-0.4186397870502002,5.667914782619305e-14,-3.0125901773203623e-13,-1.0009357328915969,-9.039990978010337e-14,470.0,8.918043338799351e-14
3.858910324292256e-06,0.8,0.1,0.4799691826053243,0.1989205612353172,-0.041863978705020025,0.24865070154412083,-0.4186397870502002,4.2284170670364775e-14,-5.3013149425851225e-14,-1.0009357328915345,-1.62231339473351e-14,470.0,8.918043338799351e-14
3.858910324292256e-06,1.0,0.1,0.0,0.2480268796164664,-0.041863978705020025,0.10465994676254994,-0.4186397870502002,105.82867182671167,-2.220446049250313e-16,-0.7849496007191255,-0.18838790417259013,470.0,8.918043338799351e-14
4.036579489575997e-06,0.0,0.1,0.4799794034780251,0.0,-0.04186487019224997,0.2486559965240191,-0.4186487019224997,0.0,-2.6756374893466273e-14,-1.0009570476698049,-8.021361352916756e-15,459.0,9.439281794815543e-14
4.036579489575997e-06,0.3,0.1,0.479979403478025,0.07459679895721018,-0.04186487019224997,0.24865599652388576,-0.4186487019224997,4.6572776229952855e-14,-2.932654119547351e-13,-1.0009570476698715,-8.805456364058273e-14,459.0,9.439281794815543e-14
4.036579489575997e-06,0.8,0.1,0.4799794034780244,0.1989247972192251,-0.04186487019224997,0.24865599652400527,-0.4186487019224997,3.0446580571404684e-14,-5.395683899678261e-14,-1.0009570476698113,-1.6459056340067946e-14,459.0,9.439281794815543e-14
4.036579489575997e-06,1.0,0.1,0.0,0.24801796474416693,-0.04186487019224997,0.10466217548062483,-0.4186487019224997,103.4769118525088,-1.942890293094024e-16,-0.7849663161046869,-0.1883919158651249,459.0,9.439281794815543e-14
4.222428770394921e-06,0.0,0.1,0.47998985734768684,0.0,-0.041865782001992695,0.24866141220927407,-0.4186578200199269,0.0,-2.7422508708241367e-14,-1.0009788483438289,-8.243405957841787e-15,449.0,8.971396317974774e-14
4.222428770394921e-06,0.3,0.1,0.47998985734768707,0.07459842366278675,-0.041865782001992695,0.24866141220914514,-0.4186578200199269,6.154462475987715e-14,-2.853828284798965e-13,-1.0009788483438935,-8.555656183517613e-14,449.0,8.971396317974774e-14
4.222428770394921e-06,0.8,0.1,0.47998985734768623,0.19892912976742935,-0.041865782001992695,0.24866141220926014,-0.4186578200199269,3.02247924490715e-14,-5.490052856771399e-14,-1.0009788483438355,-1.675048988403205e-14,449.0,8.971396317974774e-14
4.222428770394921e-06,1.0,0.1,0.0,0.2480088466467397,-0.041865782001992695,0.10466445500498162,-0.4186578200199269,101.17749052588937,-2.220446049250313e-16,-0.784983412537363,-0.18839601900896716,449.0,8.971396317974774e-14
4.416834789727259e-06,0.0,0.1,0.4800005495339891,0.0,-0.0418667145982424,0.24866695135578876,-0.41866714598242394,0.0,-2.786659791809143e-14,-1.001001146007347,-8.423817199343375e-15,439.0,8.80681907652018e-14
4.416834789727259e-06,0.3,0.1,0.4800005495339888,0.07460008540674123,-0.0418667145982424,0.24866695135566386,-0.41866714598242394,4.35702922292673e-14,-2.775002450050579e-13,-1.001001146007409,-8.34193825127727e-14,439.0,8.80681907652018e-14
4.416834789727259e-06,0.8,0.1,0.48000054953398846,0.1989335610846413,-0.0418667145982424,0.2486669513557746,-0.41866714598242394,3.331118784906454e-14,-5.589972928987663e-14,-1.0010011460073536,-1.7041923427996153e-14,439.0,8.80681907652018e-14
4.416834789727259e-06,1.0,0.1,0.0,0.2479995206842427,-0.0418667145982424,0.10466678649560587,-0.41866714598242394,98.92924305186416,-2.220446049250313e-16,-0.7850008987170449,-0.1884002156920908,439.0,8.80681907652018e-14
4.620191510754714e-06,0.0,0.1,0.4800114854784467,0.0,-0.041867668455620066,0.24867261678256988,-0.4186766845562006,0.0,-2.858824288409778e-14,-1.0010239520081843,-8.520961713998076e-15,429.0,8.942498403976662e-14
4.620191510754714e-06,0.3,0.1,0.4800114854784466,0.07460178503477564,-0.041867668455620066,0.24867261678244934,-0.4186766845562006,5.657188004761735e-14,-2.69562150378988e-13,-1.0010239520082445,-8.085199176832703e-14,429.0,8.942498403976662e-14
4.620191510754714e-06,0.8,0.1,0.4800114854784459,0.19893809342606644,-0.041867668455620066,0.24867261678255548,-0.4186766845562006,3.5294725433995767e-14,-5.689893001203927e-14,-1.001023952008191,-1.7333356971960256e-14,429.0,8.942498403976662e-14
4.620191510754714e-06,1.0,0.1,0.0,0.24798998211046597,-0.041867668455620066,0.10466917113905004,-0.4186766845562006,96.73103055807385,-2.220446049250313e-16,-0.7850187835428761,-0.18840450805029033,429.0,8.942498403976662e-14
4.832911035227563e-06,0.0,0.1,0.48002267074721733,0.0,-0.04186864405961841,0.2486784113731968,-0.4186864405961841,0.0,-2.886579864025407e-14,-1.0010472779541002,-8.701372955499664e-15,419.0,9.406352683111892e-14
4.832911035227563e-06,0.3,0.1,0.48002267074721744,0.07460352341196375,-0.04186864405961841,0.2486784113730804,-0.4186864405961841,4.0093856993180944e-14,-2.6173507805538065e-13,-1.0010472779541584,-7.850664562880638e-14,419.0,9.406352683111892e-14
4.832911035227563e-06,0.8,0.1,0.48002267074721683,0.19894272909856817,-0.04186864405961841,0.24867841137318214,-0.4186864405961841,3.383625797131113e-14,-5.784261958297066e-14,-1.001047277954107,-1.759703494030873e-14,419.0,9.406352683111892e-14
4.832911035227563e-06,1.0,0.1,0.0,0.24798022607048248,-0.04186864405961841,0.1046716101490459,-0.4186864405961841,94.5817395178823,-2.498001805406602e-16,-0.7850370761178452,-0.18840889826828291,419.0,9.406352683111892e-14
5.055424438587603e-06,0.0,0.1,0.48003411103397703,0.0,-0.041869641906852446,0.2486843380773096,-0.41869641906852445,0.0,-2.9254376698872875e-14,-1.0010711357187803,-8.784639682346551e-15,410.0,8.762587889267497e-14
5.055424438587603e-06,0.3,0.1,0.4800341110339769,0.07460530142319764,-0.041869641906852446,0.24868433807719736,-0.41869641906852445,4.7275730379091633e-14,-2.5368596112684827e-13,-1.0010711357188362,-7.616129948928574e-14,410.0,8.762587889267497e-14
5.055424438587603e-06,0.8,0.1,0.48003411103397625,0.19894747046185854,-0.041869641906852446,0.24868433807729456,-0.41869641906852445,5.202042748861859e-14,-5.878630915390204e-14,-1.0010711357187874,-1.7985612998927536e-14,410.0,8.762587889267497e-14
5.055424438587603e-06,1.0,0.1,0.0,0.24797024759814218,-0.041869641906852446,0.104674104767131,-0.41869641906852445,92.48028118630774,-2.220446049250313e-16,-0.7850557857534833,-0.18841338858083606,410.0,8.762587889267497e-14
5.2881826435411264e-06,0.0,0.1,0.48004581216285813,0.0,-0.04187066250531597,0.2486903999121325,-0.4187066250531597,0.0,-2.9753977059954195e-14,-1.001095537447968,-8.965050923848139e-15,400.0,9.902324437448925e-14
5.2881826435411264e-06,0.3,0.1,0.48004581216285813,0.0746071199736446,-0.04187066250531597,0.2486903999120244,-0.4187066250531597,4.532840200567617e-14,-2.4591439995447217e-13,-1.001095537448022,-7.38159533497651e-14,400.0,9.902324437448925e-14
5.2881826435411264e-06,0.8,0.1,0.48004581216285747,0.1989523199297171,-0.04187066250531597,0.24869039991211722,-0.4187066250531597,5.229752616853433e-14,-5.98965321785272e-14,-1.0010955374479753,-1.8263168755083825e-14,400.0,9.902324437448925e-14
5.2881826435411264e-06,1.0,0.1,0.0,0.24796004161350688,-0.04187066250531597,0.10467665626328983,-0.4187066250531597,90.42559104850841,-1.942890293094024e-16,-0.7850749219746744,-0.18841798127392193,400.0,9.902324437448925e-14
5.53165733385237e-06,0.0,0.1,0.4800577800914606,0.0,-0.041871706374644053,0.24869659996403332,-0.4187170637464405,0.0,-3.0031532816110484e-14,-1.0011204955657407,-8.951173136040325e-15,391.0,9.871279282907706e-14
5.53165733385237e-06,0.3,0.1,0.4800577800914604,0.07460897998921484,-0.041871706374644053,0.24869659996392934,-0.4187170637464405,3.415349920958517e-14,-2.3780977187470853e-13,-1.0011204955657926,-7.137346269558975e-14,391.0,9.871279282907706e-14
5.53165733385237e-06,0.8,0.1,0.4800577800914598,0.1989572799712378,-0.041871706374644053,0.24869659996401772,-0.4187170637464405,7.195246521473531e-14,-6.072919944699606e-14,-1.001120495565748,-1.8485213360008856e-14,391.0,9.871279282907706e-14
5.53165733385237e-06,1.0,0.1,0.0,0.2479496029202261,-0.041871706374644053,0.10467926593661005,-0.4187170637464405,88.41662828054197,-1.6653345369377348e-16,-0.785094494524576,-0.1884226786858983,391.0,9.871279282907706e-14
5.786341910209177e-06,0.0,0.1,0.480070020913929,0.0,-0.041872774046381595,0.2487029413901175,-0.4187277404638159,0.0,-3.0309088572266774e-14,-1.0011460227809303,-9.117706589734098e-15,383.0,8.59881338069992e-14
5.786341910209177e-06,0.3,0.1,0.4800700209139291,0.07461088241704013,-0.041872774046381595,0.24870294139001758,-0.4187277404638159,4.4618365882606523e-14,-2.302047441560262e-13,-1.0011460227809803,-6.905587213168474e-14,383.0,8.59881338069992e-14
5.786341910209177e-06,0.8,0.1,0.48007002091392825,0.1989623531121053,-0.041872774046381595,0.24870294139010168,-0.4187277404638159,8.902999466524636e-14,-6.150635556423367e-14,-1.001146022780938,-1.8762769116165146e-14,383.0,8.59881338069992e-14
5.786341910209177e-06,1.0,0.1,0.0,0.24793892620285074,-0.041872774046381595,0.10468193511595388,-0.4187277404638159,86.45237522212545,-1.942890293094024e-16,-0.7851145133696549,-0.18842748320871722,383.0,8.59881338069992e-14
6.052752490097877e-06,0.0,0.1,0.48008254086410723,0.0,-0.04187386606425823,0.24870942741986238,-0.4187386606425823,0.0,-3.069766663088558e-14,-1.0011721320936977,-9.173217740965356e-15,374.0,9.1601281585566e-14
6.052752490097877e-06,0.3,0.1,0.48008254086410684,0.07461282822596364,-0.04187386606425823,0.24870942741976645,-0.4187386606425823,3.42795222776901e-14,-2.223221606811876e-13,-1.0011721320937457,-6.68076705068188e-14,374.0,9.1601281585566e-14
6.052752490097877e-06,0.8,0.1,0.4800825408641064,0.19896754193590133,-0.04187386606425823,0.24870942741984628,-0.4187386606425823,8.622988062850406e-14,-6.23945339839338e-14,-1.0011721320937053,-1.9012569296705806e-14,374.0,9.1601281585566e-14
6.052752490097877e-06,1.0,0.1,0.0,0.2479280060240843,-0.04187386606425823,0.10468466516064548,-0.4187386606425823,84.53183686112952,-1.6653345369377348e-16,-0.7851349887048419,-0.18843239728916208,374.0,9.1601281585566e-14
6.3314289537138094e-06,0.0,0.1,0.48009534631876033,0.0,-0.04187498298446965,0.24871606135678664,-0.4187498298446965,0.0,-3.11972669919669e-14,-1.001198836802256,-9.33975119465913e-15,366.0,8.486501942739493e-14
6.3314289537138094e-06,0.3,0.1,0.4800953463187602,0.07461481840704097,-0.04187498298446965,0.24871606135669472,-0.4187498298446965,4.569552778124472e-14,-2.149391775674303e-13,-1.0011988368023017,-6.451783551852941e-14,366.0,8.486501942739493e-14
6.3314289537138094e-06,0.8,0.1,0.4800953463187596,0.19897284908544097,-0.04187498298446965,0.2487160613567705,-0.4187498298446965,5.380256991675465e-14,-6.306066779870889e-14,-1.0011988368022635,-1.917910275039958e-14,366.0,8.486501942739493e-14
6.3314289537138094e-06,1.0,0.1,0.0,0.24791683682197013,-0.04187498298446965,0.10468745746117403,-0.4187498298446965,82.65404032954484,-1.942890293094024e-16,-0.785155930958806,-0.18843742343011347,366.0,8.486501942739493e-14
6.622936038026777e-06,0.0,0.1,0.4801084438008778,0.0,-0.04187612537596546,0.24872284658016136,-0.41876125375965456,0.0,-3.1252778143198157e-14,-1.001226150509755,-9.381384558082573e-15,357.0,9.718006083235286e-14
6.622936038026777e-06,0.3,0.1,0.4801084438008776,0.0746168539740534,-0.04187612537596546,0.2487228465800733,-0.41876125375965456,3.4139422994366766e-14,-2.0722312754628547e-13,-1.001226150509799,-6.228351168147128e-14,357.0,9.718006083235286e-14
6.622936038026777e-06,0.8,0.1,0.48010844380087714,0.19897827726414075,-0.04187612537596546,0.24872284658014493,-0.41876125375965456,3.821438981937969e-14,-6.367129046225273e-14,-1.0012261505097628,-1.9387269567516796e-14,357.0,9.718006083235286e-14
6.622936038026777e-06,1.0,0.1,0.0,0.24790541290701207,-0.04187612537596546,0.10469031343991353,-0.41876125375965456,80.81803441066602,-2.220446049250313e-16,-0.7851773507993524,-0.1884425641918446,357.0,9.718006083235286e-14
6.927864481218752e-06,0.0,0.1,0.4801218399830504,0.0,-0.041877293820743844,0.24872978654675906,-0.41877293820743844,0.0,-3.1308289294429414e-14,-1.0012540871313274,-9.409140133698202e-15,349.0,9.63218833861441e-14
6.927864481218752e-06,0.3,0.1,0.4801218399830502,0.0746189359640327,-0.041877293820743844,0.2487297865466746,-0.41877293820743844,4.56827383114618e-14,-2.0017321133991572e-13,-1.0012540871313695,-6.013245457126004e-14,349.0,9.63218833861441e-14
6.927864481218752e-06,0.8,0.1,0.4801218399830497,0.19898382923741903,-0.041877293820743844,0.24872978654674244,-0.41877293820743844,3.939219080798658e-14,-6.411537967210279e-14,-1.0012540871313353,-1.9539925233402755e-14,349.0,9.63218833861441e-14
6.927864481218752e-06,1.0,0.1,0.0,0.24789372845922814,-0.041877293820743844,0.10469323455185951,-0.41877293820743844,79.0228890572434,-1.942890293094024e-16,-0.7851992591389471,-0.18844782219334735,349.0,9.63218833861441e-14
7.2468322198128745e-06,0.0,0.1,0.4801355416909276,0.0,-0.041878488914153134,0.24873688479264522,-0.4187848891415313,0.0,-3.175237850427948e-14,-1.0012826609012966,-9.520162436160717e-15,341.0,9.876518822654307e-14
7.2468322198128745e-06,0.3,0.1,0.4801355416909276,0.07462106543779862,-0.041878488914153134,0.24873688479256453,-0.4187848891415313,4.462495557892761e-14,-1.9306778398231472e-13,-1.0012826609013368,-5.793976409762536e-14,341.0,9.876518822654307e-14
7.2468322198128745e-06,0.8,0.1,0.4801355416909269,0.19898950783412805,-0.041878488914153134,0.24873688479262848,-0.4187848891415313,7.821899347008161e-14,-6.478151348687788e-14,-1.0012826609013044,-1.970645868709653e-14,341.0,9.876518822654307e-14
7.2468322198128745e-06,1.0,0.1,0.0,0.24788177752513532,-0.041878488914153134,0.10469622228538272,-0.4187848891415313,77.26769492035844,-1.942890293094024e-16,-0.7852216671403711,-0.18845320011368913,341.0,9.876518822654307e-14
7.580485640919937e-06,0.0,0.1,0.4801495559067558,0.0,-0.04187971126520036,0.24874414493501168,-0.4187971126520036,0.0,-3.191891195797325e-14,-1.0013118863805548,-9.547918011776346e-15,334.0,8.648993248480513e-14
7.580485640919937e-06,0.3,0.1,0.4801495559067558,0.07462324348050854,-0.04187971126520036,0.24874414493493457,-0.4187971126520036,2.5187035411087782e-14,-1.861288900784075e-13,-1.0013118863805934,-5.580258477522193e-14,334.0,8.648993248480513e-14
7.580485640919937e-06,0.8,0.1,0.48014955590675507,0.1989953159480213,-0.04187971126520036,0.24874414493499492,-0.4187971126520036,8.958887109938867e-14,-6.500355809180292e-14,-1.0013118863805628,-1.9748092050519972e-14,334.0,8.648993248480513e-14
7.580485640919937e-06,1.0,0.1,0.0,0.24786955401466298,-0.04187971126520036,0.10469927816300081,-0.4187971126520036,75.55156288878338,-1.6653345369377348e-16,-0.7852445862225068,-0.18845870069340165,334.0,8.648993248480513e-14
7.92950089213976e-06,0.0,0.1,0.48016388977300023,0.0,-0.041880961496867236,0.24875157067405199,-0.4188096149686723,0.0,-3.2307490016592055e-14,-1.0013417784641185,-9.645062526431047e-15,326.0,9.494021797448263e-14
7.92950089213976e-06,0.3,0.1,0.48016388977299984,0.07462547120222067,-0.041880961496867236,0.24875157067397846,-0.4188096149686723,3.9359546953614955e-14,-1.79134485023269e-13,-1.0013417784641552,-5.383193890651228e-14,326.0,9.494021797448263e-14
7.92950089213976e-06,0.8,0.1,0.4801638897729994,0.19900125653925368,-0.041880961496867236,0.24875157067403522,-0.4188096149686723,5.480693321757357e-14,-6.533662499919046e-14,-1.0013417784641265,-1.9872992140790302e-14,326.0,9.494021797448263e-14
7.92950089213976e-06,1.0,0.1,0.0,0.24785705169799435,-0.041880961496867236,0.104702403742168,-0.4188096149686723,73.87362363859351,-1.6653345369377348e-16,-0.7852680280662605,-0.18846432673590258,326.0,9.494021797448263e-14
8.294585251772191e-06,0.0,0.1,0.48017855059605047,0.0,-0.04188224024643329,0.2487591657948823,-0.4188224024643329,0.0,-3.2085445411667024e-14,-1.001372352388855,-9.631184738623233e-15,319.0,8.849474283522739e-14
8.294585251772191e-06,0.3,0.1,0.4801785505960505,0.07462774973846975,-0.04188224024643329,0.24875916579481208,-0.4188224024643329,2.094400452269073e-14,-1.7258416917798058e-13,-1.00137235238889,-5.175027073534011e-14,319.0,8.849474283522739e-14
8.294585251772191e-06,0.8,0.1,0.4801785505960498,0.1990073326359179,-0.04188224024643329,0.24875916579486543,-0.4188224024643329,4.0893549785187125e-14,-6.544764730165298e-14,-1.001372352388863,-1.9886869928598117e-14,319.0,8.849474283522739e-14
8.294585251772191e-06,1.0,0.1,0.0,0.2478442642023337,-0.04188224024643329,0.10470560061608314,-0.4188224024643329,72.23302719280218,-1.6653345369377348e-16,-0.7852920046206242,-0.18847008110894983,319.0,8.849474283522739e-14
8.676478562114271e-06,0.0,0.1,0.4801935458500154,0.0,-0.041883548165806916,0.2487669341695058,-0.41883548165806916,0.0,-3.219646771412954e-14,-1.0014036237413948,-9.756084828893563e-15,312.0,8.50910846332661e-14
8.676478562114271e-06,0.3,0.1,0.4801935458500155,0.0746300802508568,-0.041883548165806916,0.24876693416943896,-0.41883548165806916,4.0374952382403846e-14,-1.659783421814609e-13,-1.001403623741428,-4.98212582300539e-14,312.0,8.50910846332661e-14
8.676478562114271e-06,0.8,0.1,0.480193545850015,0.19901354733561677,-0.041883548165806916,0.24876693416948903,-0.41883548165806916,9.302374055868052e-14,-6.550315845288424e-14,-1.0014036237414028,-1.9886869928598117e-14,312.0,8.50910846332661e-14
8.676478562114271e-06,1.0,0.1,0.0,0.24783118500859747,-0.041883548165806916,0.1047088704145172,-0.41883548165806916,70.6289424907967,-1.942890293094024e-16,-0.7853165281088798,-0.18847596674613118,312.0,8.50910846332661e-14
9.075954728748394e-06,0.0,0.1,0.48020888318060534,0.0,-0.041884885921863915,0.24877487975882517,-0.4188488592186391,0.0,-3.241851231905457e-14,-1.001435608466229,-9.742207041085749e-15,305.0,8.452520415380153e-14
9.075954728748394e-06,0.3,0.1,0.48020888318060506,0.07463246392765263,-0.041884885921863915,0.24877487975876156,-0.4188488592186391,1.6774325435169497e-14,-1.5948353748740374e-13,-1.0014356084662606,-4.796163466380676e-14,305.0,8.452520415380153e-14
9.075954728748394e-06,0.8,0.1,0.4802088831806046,0.1990199038070723,-0.041884885921863915,0.2487748797588084,-0.4188488592186391,7.651128731577362e-14,-6.550315845288424e-14,-1.0014356084662368,-1.9942381079829374e-14,305.0,8.452520415380153e-14
9.075954728748394e-06,1.0,0.1,0.0,0.2478178074480275,-0.041884885921863915,0.10471221480465968,-0.4188488592186391,69.06055696735591,-1.942890293094024e-16,-0.7853416110349485,-0.18848198664838764,305.0,8.452520415380153e-14
9.493823288859465e-06,0.0,0.1,0.4802245704091053,0.0,-0.04188625419679418,0.24878300661470082,-0.4188625419679418,0.0,-3.241851231905457e-14,-1.0014683228739965,-9.71445146547012e-15,298.0,8.686821659807108e-14
9.493823288859465e-06,0.3,0.1,0.4802245704091049,0.07463490198441532,-0.04188625419679418,0.2487830066146403,-0.4188625419679418,3.969558978475776e-14,-1.5326628854950286e-13,-1.0014683228740264,-4.611588888536744e-14,298.0,8.686821659807108e-14
9.493823288859465e-06,0.8,0.1,0.4802245704091046,0.19902640529177285,-0.04188625419679418,0.2487830066146841,-0.4188625419679418,3.190582787980779e-14,-6.544764730165298e-14,-1.0014683228740042,-1.9886869928598117e-14,298.0,8.686821659807108e-14
9.493823288859465e-06,1.0,0.1,0.0,0.24780412469872487,-0.04188625419679418,0.10471563549198537,-0.4188625419679418,67.52707614103734,-1.6653345369377348e-16,-0.785367266189891,-0.18848814388557386,298.0,8.686821659807108e-14
9.93093105175944e-06,0.0,0.1,0.4802406155364443,0.0,-0.04188765368845653,0.2487913188820583,-0.4188765368845653,0.0,-3.26405569239796e-14,-1.001501783649968,-9.769962616701378e-15,291.0,9.250028736047555e-14
9.93093105175944e-06,0.3,0.1,0.4802406155364441,0.07463739566462256,-0.04188765368845653,0.24879131888200096,-0.4188765368845653,1.4462901717907102e-14,-1.471600619140645e-13,-1.0015017836499964,-4.4228509743504674e-14,291.0,9.250028736047555e-14
9.93093105175944e-06,0.8,0.1,0.4802406155364437,0.19903305510565894,-0.04188765368845653,0.24879131888204187,-0.4188765368845653,7.66127452437467e-14,-6.511458039426543e-14,-1.0015017836499758,-1.9761969838327786e-14,291.0,9.250028736047555e-14
9.93093105175944e-06,1.0,0.1,0.0,0.24779012978210133,-0.04188765368845653,0.10471913422114122,-0.4188765368845653,66.02772321172463,-1.942890293094024e-16,-0.78539350665856,-0.18849444159805442,291.0,9.250028736047555e-14
1.038816381494374e-05,0.0,0.1,0.48025702674735865,0.0,-0.04188908511074184,0.2487998208010459,-0.41889085110741836,0.0,-3.2529534621517087e-14,-1.001536007862729,-9.756084828893563e-15,285.0,8.155109082905585e-14
1.038816381494374e-05,0.3,0.1,0.4802570267473582,0.07463994624031883,-0.04188908511074184,0.24879982080099144,-0.41889085110741836,1.2779370780871709e-14,-1.4116485758108865e-13,-1.001536007862756,-4.253541963095131e-14,285.0,8.155109082905585e-14
1.038816381494374e-05,0.8,0.1,0.4802570267473579,0.19903985664084894,-0.04188908511074184,0.24879982080102953,-0.41889085110741836,7.709897904921343e-14,-6.48925357893404e-14,-1.0015360078627367,-1.9748092050519972e-14,285.0,8.155109082905585e-14
1.038816381494374e-05,1.0,0.1,0.0,0.24777581555924827,-0.04188908511074184,0.10472271277685449,-0.41889085110741836,64.56173866713173,-2.220446049250313e-16,-0.7854203458264095,-0.18850088299833834,285.0,8.155109082905585e-14
1.0866448159156979e-05,0.0,0.1,0.48027381241465356,0.0,-0.041890549193944776,0.24880851670924167,-0.41890549193944776,0.0,-3.26405569239796e-14,-1.0015710129730668,-9.769962616701378e-15,278.0,9.320036696523303e-14
1.0866448159156979e-05,0.3,0.1,0.48027381241465333,0.07464255501277757,-0.041890549193944776,0.24880851670919013,-0.41890549193944776,3.7220671412617897e-14,-1.3555823130673161e-13,-1.0015710129730926,-4.0745185003743245e-14,278.0,9.320036696523303e-14
1.0866448159156979e-05,0.8,0.1,0.48027381241465295,0.19904681336740562,-0.041890549193944776,0.24880851670922552,-0.41890549193944776,2.6037332879169127e-14,-6.461498003318411e-14,-1.0015710129730744,-1.9595436384634013e-14,278.0,9.320036696523303e-14
1.0866448159156979e-05,1.0,0.1,0.0,0.24776117472721884,-0.041890549193944776,0.10472637298486184,-0.41890549193944776,63.12837989806425,-2.220446049250313e-16,-0.7854477973864646,-0.18850747137275156,278.0,9.320036696523303e-14
1.1366753326106032e-05,0.0,0.1,0.4802909811035661,0.0,-0.041892046685144374,0.24881741104391436,-0.4189204668514437,0.0,-3.275157922644212e-14,-1.0016068168430698,-9.797718192317006e-15,272.0,8.756642994810964e-14
1.1366753326106032e-05,0.3,0.1,0.4802909811035659,0.07464522331317937,-0.041892046685144374,0.24881741104386568,-0.4189204668514437,3.565928381123804e-14,-1.3000711618360583e-13,-1.001606816843094,-3.905209489118988e-14,272.0,8.756642994810964e-14
1.1366753326106032e-05,0.8,0.1,0.48029098110356544,0.19905392883514383,-0.041892046685144374,0.24881741104389843,-0.4189204668514437,9.431633483704636e-14,-6.42264019745653e-14,-1.0016068168430774,-1.9498291869979312e-14,272.0,8.756642994810964e-14
1.1366753326106032e-05,1.0,0.1,0.0,0.247746199815223,-0.041892046685144374,0.10473011671286082,-0.4189204668514437,61.7269208222434,-1.942890293094024e-16,-0.785475875346457,-0.18851421008314972,272.0,8.756642994810964e-14
1.18900931826252e-05,0.0,0.1,0.48030854157623043,0.0,-0.04189357834859345,0.2488265083443365,-0.4189357834859344,0.0,-3.241851231905457e-14,-1.0016434377454386,-9.783840404509192e-15,266.0,8.488955123371229e-14
1.18900931826252e-05,0.3,0.1,0.48030854157623015,0.07464795250330596,-0.04189357834859345,0.2488265083442905,-0.4189357834859344,2.730083891223599e-14,-1.2428946760678627e-13,-1.0016434377454617,-3.7442271505483404e-14,266.0,8.488955123371229e-14
1.18900931826252e-05,0.8,0.1,0.48030854157623015,0.19906120667548144,-0.04189357834859345,0.24882650834432068,-0.4189357834859344,5.301141643536573e-14,-6.389333506717776e-14,-1.0016434377454466,-1.9331758416285538e-14,266.0,8.488955123371229e-14
1.18900931826252e-05,1.0,0.1,0.0,0.24773088318073216,-0.04189357834859345,0.10473394587148352,-0.4189357834859344,60.356651516501685,-1.6653345369377348e-16,-0.785504594036127,-0.18852110256867052,266.0,8.488955123371229e-14
1.243752827527415e-05,0.0,0.1,0.48032650279625033,0.0,-0.04189514496611739,0.24883581325415222,-0.41895144966117387,0.0,-3.26405569239796e-14,-1.0016808943730218,-9.797718192317006e-15,260.0,8.50356736853574e-14
1.243752827527415e-05,0.3,0.1,0.4803265027962499,0.0746507439762507,-0.04189514496611739,0.24883581325410903,-0.41895144966117387,1.939936410811504e-14,-1.18849374786123e-13,-1.001680894373043,-3.58046925441613e-14,260.0,8.50356736853574e-14
1.243752827527415e-05,0.8,0.1,0.4803265027962496,0.1990686506033341,-0.04189514496611739,0.24883581325413678,-0.41895144966117387,4.8734898484413954e-14,-6.317169010117141e-14,-1.001680894373029,-1.9206858326015208e-14,260.0,8.50356736853574e-14
1.243752827527415e-05,1.0,0.1,0.0,0.24771521700549276,-0.04189514496611739,0.10473786241529337,-0.41895144966117387,59.01687785716429,-1.942890293094024e-16,-0.785533968114701,-0.1885281523475283,260.0,8.50356736853574e-14
1.3010167979532183e-05,0.0,0.1,0.48034487393337666,0.0,-0.041896747337522314,0.24884533052380253,-0.4189674733752231,0.0,-3.247402347028583e-14,-1.0017192058485709,-9.811595980124821e-15,254.0,8.814795058722258e-14
1.3010167979532183e-05,0.3,0.1,0.48034487393337655,0.07465359915714576,-0.041896747337522314,0.24884533052376176,-0.4189674733752231,9.450306889433426e-15,-1.1396439347777232e-13,-1.0017192058485913,-3.429201367310952e-14,254.0,8.814795058722258e-14
1.3010167979532183e-05,0.8,0.1,0.48034487393337627,0.19907626441905432,-0.041896747337522314,0.24884533052378738,-0.4189674733752231,9.55208845337968e-14,-6.256106743762757e-14,-1.0017192058485782,-1.8984813721090177e-14,254.0,8.814795058722258e-14
1.3010167979532183e-05,1.0,0.1,0.0,0.2476991932914435,-0.041896747337522314,0.1047418683438057,-0.4189674733752231,57.70692116843375,-1.6653345369377348e-16,-0.7855640125785434,-0.18853536301885043,254.0,8.814795058722258e-14
1.3609172747944023e-05,0.0,0.1,0.4803636643682999,0.0,-0.041898386281012834,0.24885506501300594,-0.41898386281012834,0.0,-3.219646771412954e-14,-1.0017583917347337,-9.700573677662305e-15,248.0,9.469316336381906e-14
1.3609172747944023e-05,0.3,0.1,0.4803636643682997,0.07465651950390674,-0.041898386281012834,0.24885506501296756,-0.41898386281012834,1.2287249140230526e-15,-1.088573675644966e-13,-1.0017583917347528,-3.279321258986556e-14,248.0,9.469316336381906e-14
1.3609172747944023e-05,0.8,0.1,0.48036366436829936,0.19908405201041687,-0.041898386281012834,0.24885506501299087,-0.41898386281012834,1.9934416255558054e-14,-6.200595592531499e-14,-1.0017583917347408,-1.887379141862766e-14,248.0,9.469316336381906e-14
1.3609172747944023e-05,1.0,0.1,0.0,0.24768280385653832,-0.041898386281012834,0.10474596570253197,-0.41898386281012834,56.42611787860015,-2.220446049250313e-16,-0.7855947427689907,-0.1885427382645578,248.0,9.469316336381906e-14
1.423575646177337e-05,0.0,0.1,0.4803828836975523,0.0,-0.041900062633619846,0.24886502169329913,-0.41900062633619845,0.0,-3.236300116782331e-14,-1.0017984720442787,-9.728329253277934e-15,243.0,8.110963690107604e-14
1.423575646177337e-05,0.3,0.1,0.48038288369755217,0.07465950650799469,-0.041900062633619846,0.24886502169326322,-0.41900062633619845,2.0345684954318877e-14,-1.0402789740737717e-13,-1.0017984720442965,-3.12944115066216e-14,243.0,8.110963690107604e-14
1.423575646177337e-05,0.8,0.1,0.48038288369755183,0.19909201735465154,-0.041900062633619846,0.24886502169328442,-0.41900062633619845,9.603187844082499e-14,-6.145084441300241e-14,-1.0017984720442858,-1.8637869025894815e-14,243.0,8.110963690107604e-14
1.423575646177337e-05,1.0,0.1,0.0,0.24766604033046816,-0.041900062633619846,0.1047501565840495,-0.41900062633619845,55.173819183901884,-2.220446049250313e-16,-0.7856261743803721,-0.18855028185128936,243.0,8.110963690107604e-14
1.4891188890929333e-05,0.0,0.1,0.48040254173852914,0.0,-0.0419017772516384,0.2488752056506388,-0.41901777251638395,0.0,-3.1807889655510735e-14,-1.001839467250566,-9.645062526431047e-15,237.0,9.348212640568437e-14
1.4891188890929333e-05,0.3,0.1,0.48040254173852903,0.07466256169519651,-0.0419017772516384,0.24887520565060484,-0.41901777251638395,1.0170201968297054e-14,-9.969802761133906e-14,-1.0018394672505828,-3.00454106039183e-14,237.0,9.348212640568437e-14
1.4891188890929333e-05,0.8,0.1,0.4804025417385289,0.1991001645205231,-0.0419017772516384,0.24887520565062426,-0.41901777251638395,2.6222156314446777e-14,-6.078471059822732e-14,-1.001839467250573,-1.8415824420969784e-14,237.0,9.348212640568437e-14
1.4891188890929333e-05,1.0,0.1,0.0,0.24764889415028268,-0.0419017772516384,0.1047544431290959,-0.41901777251638395,53.94939071986789,-1.6653345369377348e-16,-0.78565832346822,-0.18855799763237283,237.0,9.348212640568437e-14
1.5576798267151147e-05,0.0,0.1,0.4804226485346285,0.0,-0.04190353101107593,0.24888562208806247,-0.4190353101107593,0.0,-3.175237850427948e-14,-1.0018813982982644,-9.520162436160717e-15,232.0,8.515075525034075e-14
1.5576798267151147e-05,0.3,0.1,0.4804226485346282,0.07466568662642359,-0.04190353101107593,0.24888562208803083,-0.4190353101107593,2.872873642275656e-14,-9.492406860545088e-14,-1.0018813982982802,-2.8574365096289966e-14,232.0,8.515075525034075e-14
1.5576798267151147e-05,0.8,0.1,0.4804226485346279,0.19910849767046196,-0.04190353101107593,0.24888562208804815,-0.4190353101107593,8.806142628290527e-14,-6.011857678345223e-14,-1.0018813982982713,-1.824929096727601e-14,232.0,8.515075525034075e-14
1.5576798267151147e-05,1.0,0.1,0.0,0.24763135655590734,-0.04190353101107593,0.10475882752768972,-0.4190353101107593,52.752212239974,-1.942890293094024e-16,-0.7856912064576737,-0.18856588954984174,232.0,8.515075525034075e-14
1.6293973975665617e-05,0.0,0.1,0.4804432143605115,0.0,-0.041905324808111294,0.24889627632841593,-0.41905324808111294,0.0,-3.147482274812319e-14,-1.0019242866143248,-9.506284648352903e-15,227.0,7.990070469455601e-14
1.6293973975665617e-05,0.3,0.1,0.4804432143605115,0.0746688828985296,-0.041905324808111294,0.24889627632838635,-0.41905324808111294,1.8396677475590833e-14,-9.070522111187529e-14,-1.0019242866143396,-2.7255975254547593e-14,227.0,7.990070469455601e-14
1.6293973975665617e-05,0.8,0.1,0.4804432143605111,0.19911702106274465,-0.041905324808111294,0.24889627632840186,-0.41905324808111294,2.992314812516688e-14,-5.934142066621462e-14,-1.0019242866143316,-1.8041124150158794e-14,227.0,7.990070469455601e-14
1.6293973975665617e-05,1.0,0.1,0.0,0.24761341858555366,-0.041905324808111294,0.10476331202027814,-0.41905324808111294,51.58167730145067,-1.6653345369377348e-16,-0.7857248401520869,-0.18857396163650086,227.0,7.990070469455601e-14
1.7044169370771736e-05,0.0,0.1,0.4804642497274916,0.0,-0.04190715955956455,0.24890717381714317,-0.41907159559564544,0.0,-3.1308289294429414e-14,-1.0019681541192142,-9.409140133698202e-15,222.0,7.73471803384417e-14
1.7044169370771736e-05,0.3,0.1,0.4804642497274916,0.07467215214514772,-0.04190715955956455,0.24890717381711566,-0.41907159559564544,1.7785161455451726e-15,-8.631984016460592e-14,-1.001968154119228,-2.590982983718959e-14,222.0,7.73471803384417e-14
1.7044169370771736e-05,0.8,0.1,0.4804642497274911,0.19912573905372632,-0.04190715955956455,0.24890717381712923,-0.41907159559564544,8.402744035039801e-14,-5.889733145636455e-14,-1.001968154119221,-1.7860712908657206e-14,222.0,7.73471803384417e-14
1.7044169370771736e-05,1.0,0.1,0.0,0.24759507107102113,-0.04190715955956455,0.10476789889891128,-0.41907159559564544,50.43719295808376,-1.6653345369377348e-16,-0.7857592417418353,-0.1885822180180405,222.0,7.73471803384417e-14
1.7828904721058764e-05,0.0,0.1,0.48048576538904747,0.0,-0.04190903620337804,0.2489183201251439,-0.41909036203378036,0.0,-3.086420008457935e-14,-1.0020130232384172,-9.284240043427872e-15,217.0,7.735747854859891e-14
1.7828904721058764e-05,0.3,0.1,0.48048576538904736,0.07467549603754786,-0.04190903620337804,0.24891832012511828,-0.41909036203378036,6.821544453182184e-15,-8.204548151979907e-14,-1.00201302323843,-2.468858451010192e-14,217.0,7.735747854859891e-14
1.7828904721058764e-05,0.8,0.1,0.48048576538904714,0.19913465610012676,-0.04190903620337804,0.24891832012513013,-0.41909036203378036,2.7570197623395906e-14,-5.81756864903582e-14,-1.002013023238424,-1.762479051592436e-14,217.0,7.735747854859891e-14
1.7828904721058764e-05,1.0,0.1,0.0,0.24757630463288624,-0.04190903620337804,0.104772590508445,-0.41909036203378036,49.318179459851315,-1.942890293094024e-16,-0.7857944288133382,-0.1885906629152012,217.0,7.735747854859891e-14
1.8649770290225618e-05,0.0,0.1,0.4805077723464713,0.0,-0.041910955699108916,0.24892972095169846,-0.41910955699108915,0.0,-3.042011087472929e-14,-1.0020589169142118,-9.256484467812243e-15,212.0,8.004909791440223e-14
1.8649770290225618e-05,0.3,0.1,0.48050777234647163,0.07467891628551418,-0.041910955699108916,0.24892972095167468,-0.41910955699108915,2.570367588852127e-14,-7.815970093361102e-14,-1.002058916914224,-2.3453461395206432e-14,212.0,8.004909791440223e-14
1.8649770290225618e-05,0.8,0.1,0.48050777234647113,0.1991437767613703,-0.041910955699108916,0.24892972095168492,-0.41910955699108915,8.228152175588492e-14,-5.745404152435185e-14,-1.0020589169142184,-1.7430501486614958e-14,212.0,8.004909791440223e-14
1.8649770290225618e-05,1.0,0.1,0.0,0.24755710967557748,-0.041910955699108916,0.1047773892477722,-0.41910955699108915,48.224069959245526,-1.6653345369377348e-16,-0.7858304193582921,-0.18859930064599018,212.0,8.004909791440223e-14
1.950842955974508e-05,0.0,0.1,0.48053028185465085,0.0,-0.04191291902843342,0.24894138212746353,-0.4191291902843342,0.0,-3.0531133177191805e-14,-1.0021058586177272,-9.103828801926284e-15,207.0,8.582954521246286e-14
1.950842955974508e-05,0.3,0.1,0.48053028185465074,0.07468241463824365,-0.04191291902843342,0.24894138212744155,-0.4191291902843342,1.8769092798446702e-14,-7.444045380111675e-14,-1.002105858617738,-2.2315482794965646e-14,207.0,8.582954521246286e-14
1.950842955974508e-05,0.8,0.1,0.4805302818546503,0.19915310570198225,-0.04191291902843342,0.24894138212745026,-0.4191291902843342,2.22073545866139e-14,-5.67323965583455e-14,-1.0021058586177336,-1.7180701306074297e-14,207.0,8.582954521246286e-14
1.950842955974508e-05,1.0,0.1,0.0,0.24753747638233237,-0.04191291902843342,0.10478229757108345,-0.4191291902843342,47.15431022413079,-2.220446049250313e-16,-0.7858672317831268,-0.18860813562795045,207.0,8.582954521246286e-14
2.0406622599903965e-05,0.0,0.1,0.4805533054279859,0.0,-0.04191492719566321,0.24895330961753886,-0.4191492719566321,0.0,-2.986499936241671e-14,-1.0021538723612862,-8.93729534823251e-15,202.0,9.549220030775617e-14
2.0406622599903965e-05,0.3,0.1,0.48055330542798563,0.07468599288526616,-0.04191492719566321,0.24895330961751838,-0.4191492719566321,-6.749642677939149e-15,-7.066569551739121e-14,-1.0021538723612964,-2.1288526497187377e-14,202.0,9.549220030775617e-14
2.0406622599903965e-05,0.8,0.1,0.4805533054279853,0.19916264769404235,-0.04191492719566321,0.24895330961752565,-0.4191492719566321,8.615969451384167e-14,-5.589972928987663e-14,-1.0021538723612926,-1.6986412276764895e-14,202.0,9.549220030775617e-14
2.0406622599903965e-05,1.0,0.1,0.0,0.24751739471003453,-0.04191492719566321,0.10478731798915794,-0.4191492719566321,46.108358356991445,-1.6653345369377348e-16,-0.7859048849186852,-0.18861717238048448,202.0,9.549220030775617e-14
2.1346169596049886e-05,0.0,0.1,0.48057685484645374,0.0,-0.04191698122827402,0.24896550952460644,-0.41916981228274014,0.0,-2.936539900133539e-14,-1.0022029827110492,-8.798517470154366e-15,198.0,8.002647140700486e-14
2.1346169596049886e-05,0.3,0.1,0.4805768548464536,0.07468965285738635,-0.04191698122827402,0.2489655095245875,-0.41916981228274014,2.518394770944621e-14,-6.716849298982197e-14,-1.0022029827110588,-2.017830347256222e-14,198.0,8.002647140700486e-14
2.1346169596049886e-05,0.8,0.1,0.4805768548464532,0.19917240761969626,-0.04191698122827402,0.24896550952459334,-0.41916981228274014,1.0556615521799478e-14,-5.523359547510154e-14,-1.0022029827110555,-1.6778245459647678e-14,198.0,8.002647140700486e-14
2.1346169596049886e-05,1.0,0.1,0.0,0.2474968543839265,-0.04191698122827402,0.10479245307068494,-0.41916981228274014,45.08568452042862,-2.220446049250313e-16,-0.7859433980301378,-0.18862641552723314,198.0,8.002647140700486e-14
2.232897453719112e-05,0.0,0.1,0.4806009421618129,0.0,-0.041919082177447005,0.24897798809214688,-0.41919082177447003,0.0,-2.8976820942716586e-14,-1.0022532147999543,-8.645861804268407e-15,193.0,9.566782384177678e-14
2.232897453719112e-05,0.3,0.1,0.4806009421618126,0.07469339642764841,-0.041919082177447005,0.24897798809212945,-0.41919082177447003,5.095550916776039e-15,-6.361577931102147e-14,-1.0022532147999628,-1.9165224962591765e-14,193.0,9.566782384177678e-14
2.232897453719112e-05,0.8,0.1,0.4806009421618123,0.19918239047372838,-0.041919082177447005,0.2489779880921339,-0.41919082177447003,9.736701330313342e-14,-5.4567461660326444e-14,-1.0022532147999605,-1.657007864253046e-14,193.0,9.566782384177678e-14
2.232897453719112e-05,1.0,0.1,0.0,0.2474758448921966,-0.041919082177447005,0.10479770544361743,-0.41919082177447003,44.08577066876555,-1.6653345369377348e-16,-0.7859827908271314,-0.18863586979851155,193.0,9.566782384177678e-14
2.335702907442436e-05,0.0,0.1,0.4806255797039586,0.0,-0.04192123111862305,0.24899075170773097,-0.4192123111862305,0.0,-2.842170943040401e-14,-1.0023045943409705,-8.507083926190262e-15,189.0,8.516914598894509e-14
2.335702907442436e-05,0.3,0.1,0.48062557970395847,0.07469722551232355,-0.04192123111862305,0.2489907517077149,-0.4192123111862305,2.2024090842773192e-14,-6.050715484207103e-14,-1.0023045943409787,-1.8179902028236938e-14,189.0,8.516914598894509e-14
2.335702907442436e-05,0.8,0.1,0.4806255797039579,0.19919260136619552,-0.04192123111862305,0.24899075170771812,-0.4192123111862305,8.625093646290277e-15,-5.3734794391857577e-14,-1.0023045943409765,-1.6361911825413245e-14,189.0,8.516914598894509e-14
2.335702907442436e-05,1.0,0.1,0.0,0.24745435548043612,-0.04192123111862305,0.10480307779655754,-0.4192123111862305,43.10811028562659,-1.6653345369377348e-16,-0.7860230834741821,-0.18864554003380377,189.0,8.516914598894509e-14
2.4432416557009134e-05,0.0,0.1,0.48065078008743106,0.0,-0.041923429152070396,0.24900380690639135,-0.4192342915207039,0.0,-2.786659791809143e-14,-1.0023571476406707,-8.43769498715119e-15,185.0,7.800665841825826e-14
2.4432416557009134e-05,0.3,0.1,0.4806507800874309,0.07470114207192159,-0.041923429152070396,0.2490038069063767,-0.4192342915207039,-7.493849447076112e-15,-5.71209746169643e-14,-1.002357147640678,-1.7263968032921184e-14,185.0,7.800665841825826e-14
2.4432416557009134e-05,0.8,0.1,0.4806507800874308,0.19920304552512363,-0.041923429152070396,0.24900380690637863,-0.4192342915207039,6.60772635409178e-14,-5.312417172831374e-14,-1.002357147640677,-1.61259894326804e-14,185.0,7.800665841825826e-14
2.4432416557009134e-05,1.0,0.1,0.0,0.24743237514596272,-0.041923429152070396,0.10480857288017588,-0.4192342915207039,42.15220812735635,-1.942890293094024e-16,-0.7860642966013198,-0.18865543118431682,185.0,7.800665841825826e-14
2.5557316254268778e-05,0.0,0.1,0.48067655621807925,0.0,-0.04192567740346583,0.24901716037407473,-0.4192567740346583,0.0,-2.7200464103316335e-14,-1.0024109016131266,-8.28503932126523e-15,181.0,7.361008507884684e-14
2.5557316254268778e-05,0.3,0.1,0.48067655621807925,0.07470514811222652,-0.04192567740346583,0.24901716037406135,-0.4192567740346583,2.1279260197061455e-14,-5.4012350148013866e-14,-1.0024109016131335,-1.6306400674181987e-14,181.0,7.361008507884684e-14
2.5557316254268778e-05,0.8,0.1,0.4806765562180789,0.19921372829927014,-0.04192567740346583,0.24901716037406213,-0.4192567740346583,5.089475918629149e-14,-5.218048215738236e-14,-1.0024109016131328,-1.5917822615563182e-14,181.0,7.361008507884684e-14
2.5557316254268778e-05,1.0,0.1,0.0,0.24740989263200835,-0.04192567740346583,0.10481419350866447,-0.4192567740346583,41.217579972148975,-2.220446049250313e-16,-0.7861064513149844,-0.1886655483155963,181.0,7.361008507884684e-14
2.67340077718726e-05,0.0,0.1,0.4807029212998846,0.0,-0.041927977024489964,0.2490308189511769,-0.4192797702448996,0.0,-2.6756374893466273e-14,-1.0024658837941414,-8.132383655379272e-15,177.0,7.166826037439285e-14
2.67340077718726e-05,0.3,0.1,0.48070292129988473,0.07470924568535708,-0.041927977024489964,0.24903081895116475,-0.4192797702448996,2.2235351047907013e-15,-5.112577028398846e-14,-1.0024658837941476,-1.5404344466674047e-14,177.0,7.166826037439285e-14
2.67340077718726e-05,0.8,0.1,0.4807029212998844,0.1992246551609516,-0.041927977024489964,0.2490308189511644,-0.4192797702448996,1.7652119775880558e-14,-5.162537064506978e-14,-1.0024658837941476,-1.5668022435022522e-14,177.0,7.166826037439285e-14
2.67340077718726e-05,1.0,0.1,0.0,0.24738689642176703,-0.041927977024489964,0.1048199425612248,-0.4192797702448996,40.30375237476091,-1.942890293094024e-16,-0.7861495692091868,-0.18867589661020487,177.0,7.166826037439285e-14
2.7964875671449613e-05,0.0,0.1,0.48072988884195006,0.0,-0.04193032919343675,0.24904478963616372,-0.41930329193436744,0.0,-2.631228568361621e-14,-1.002522122355823,-7.840950111415168e-15,173.0,7.209914934785261e-14
2.7964875671449613e-05,0.3,0.1,0.4807298888419497,0.07471343689085302,-0.04193032919343675,0.24904478963615262,-0.41930329193436744,2.9573211855145944e-15,-4.829470157119431e-14,-1.0025221223558283,-1.457167719820518e-14,173.0,7.209914934785261e-14
2.7964875671449613e-05,0.8,0.1,0.4807298888419495,0.19923583170894088,-0.04193032919343675,0.2490447896361513,-0.41930329193436744,8.177719552974967e-14,-5.084821452783217e-14,-1.002522122355829,-1.541822225448186e-14,173.0,7.209914934785261e-14
2.7964875671449613e-05,1.0,0.1,0.0,0.2473633747322992,-0.04193032919343675,0.10482582298359176,-0.41930329193436744,39.410262426682564,-1.942890293094024e-16,-0.7861936723769389,-0.1886864813704654,173.0,7.209914934785261e-14
2.9252414302895143e-05,0.0,0.1,0.48075747266565566,0.0,-0.04193273511583776,0.24905907958927825,-0.4193273511583776,0.0,-2.5646151868841116e-14,-1.0025796461215095,-7.78543896018391e-15,169.0,7.505450707004052e-14
2.9252414302895143e-05,0.3,0.1,0.48075747266565566,0.07471772387678732,-0.04193273511583776,0.24905907958926826,-0.4193273511583776,1.882393544859818e-14,-4.5630166312093934e-14,-1.0025796461215144,-1.3780643293159756e-14,169.0,7.505450707004052e-14
2.9252414302895143e-05,0.8,0.1,0.4807574726656555,0.1992472636714323,-0.04193273511583776,0.24905907958926604,-0.4193273511583776,4.7484805797704794e-15,-4.9960036108132044e-14,-1.0025796461215155,-1.5154544286133387e-14,169.0,7.505450707004052e-14
2.9252414302895143e-05,1.0,0.1,0.0,0.24733931550828908,-0.04193273511583776,0.10483183778959432,-0.4193273511583776,38.53665752164736,-1.6653345369377348e-16,-0.7862387834219581,-0.18869730802126997,169.0,7.505450707004052e-14
3.0599232859162775e-05,0.0,0.1,0.48078568691199147,0.0,-0.04193519602510148,0.2490736961363385,-0.41935196025101473,0.0,-2.5202062658991053e-14,-1.002638484581055,-7.549516567451064e-15,165.0,8.096428408989935e-14
3.0599232859162775e-05,0.3,0.1,0.4807856869119912,0.0747221088409053,-0.04193519602510148,0.2490736961363294,-0.41935196025101473,-1.1151915625030128e-14,-4.324318680914985e-14,-1.0026384845810594,-1.3072876114961218e-14,165.0,8.096428408989935e-14
3.0599232859162775e-05,0.8,0.1,0.4807856869119911,0.19925895690908027,-0.04193519602510148,0.24907369613632635,-0.41935196025101473,6.366676042512365e-14,-4.929390229335695e-14,-1.0026384845810608,-1.4932499681208355e-14,165.0,8.096428408989935e-14
3.0599232859162775e-05,1.0,0.1,0.0,0.2473147064156519,-0.04193519602510148,0.10483799006275357,-0.41935196025101473,37.68249512635982,-2.220446049250313e-16,-0.7862849254706527,-0.18870838211295668,165.0,8.096428408989935e-14
3.200806066378593e-05,0.0,0.1,0.48081454604906054,0.0,-0.04193771318316806,0.249088646772626,-0.41937713183168057,0.0,-2.4646951146678475e-14,-1.0026986679064844,-7.382983113757291e-15,161.0,9.06360631277122e-14
3.200806066378593e-05,0.3,0.1,0.48081454604906015,0.07472659403179147,-0.04193771318316806,0.24908864677261788,-0.41937713183168057,2.273475206092655e-14,-4.057865155004947e-14,-1.0026986679064882,-1.2323475573339238e-14,161.0,9.06360631277122e-14
3.200806066378593e-05,0.8,0.1,0.48081454604906004,0.19927091741811007,-0.04193771318316806,0.2490886467726139,-0.41937713183168057,4.508787199741205e-14,-4.851674617611934e-14,-1.0026986679064902,-1.4752088439706768e-14,161.0,9.06360631277122e-14
3.200806066378593e-05,1.0,0.1,0.0,0.24728953483498606,-0.04193771318316806,0.10484428295792006,-0.41937713183168057,36.84734255632563,-1.6653345369377348e-16,-0.7863321221844011,-0.18871970932425633,161.0,9.06360631277122e-14
3.3481752701843115e-05,0.0,0.1,0.4808440648797703,0.0,-0.04194028788117996,0.24910393916686896,-0.4194028788117996,0.0,-2.4091839634365897e-14,-1.002760226968027,-7.188694084447889e-15,158.0,7.052460587990312e-14
3.3481752701843115e-05,0.3,0.1,0.48084406487976994,0.07473118175006424,-0.04194028788117996,0.2491039391668617,-0.4194028788117996,2.1604377877092052e-14,-3.835820550079916e-14,-1.0027602269680302,-1.164346397075633e-14,158.0,7.052460587990312e-14
3.3481752701843115e-05,0.8,0.1,0.48084406487976983,0.19928315133350422,-0.04194028788117996,0.24910393916685702,-0.4194028788117996,1.7658826449059409e-15,-4.7628567756419216e-14,-1.0027602269680327,-1.4460654895742664e-14,158.0,7.052460587990312e-14
3.3481752701843115e-05,1.0,0.1,0.0,0.247263787854867,-0.04194028788117996,0.1048507197029498,-0.4194028788117996,36.03077675667138,-1.942890293094024e-16,-0.7863803977721243,-0.1887312954653099,158.0,7.052460587990312e-14
3.502329540557623e-05,0.0,0.1,0.48087425854970606,0.0,-0.041942921440168805,0.24911958116532212,-0.419429214401688,0.0,-2.3370194668359545e-14,-1.0028231933505385,-6.994405055138486e-15,154.0,8.471269869431148e-14
3.502329540557623e-05,0.3,0.1,0.48087425854970584,0.0747358743496001,-0.041942921440168805,0.24911958116531563,-0.419429214401688,-8.335770884737503e-15,-3.624878175401136e-14,-1.0028231933505416,-1.0935696792557792e-14,154.0,8.471269869431148e-14
3.502329540557623e-05,0.8,0.1,0.48087425854970567,0.1992956649322665,-0.041942921440168805,0.24911958116531024,-0.419429214401688,8.387895772560111e-14,-4.6906922790412864e-14,-1.0028231933505443,-1.4210854715202004e-14,154.0,8.471269869431148e-14
3.502329540557623e-05,1.0,0.1,0.0,0.24723745226497862,-0.041942921440168805,0.1048573036004219,-0.419429214401688,35.23238408784175,-1.942890293094024e-16,-0.7864297770031651,-0.18874314648075965,154.0,8.471269869431148e-14
3.663581270638605e-05,0.0,0.1,0.4809051425551972,0.0,-0.04194561521175887,0.24913558079594492,-0.4194561521175887,0.0,-2.2815083156046967e-14,-1.0028875993703232,-6.869504964868156e-15,151.0,6.964448658247245e-14
3.663581270638605e-05,0.3,0.1,0.4809051425551973,0.07474067423878686,-0.04194561521175887,0.2491355807959391,-0.4194561521175887,-9.04184319824123e-15,-3.452793606584237e-14,-1.0028875993703261,-1.033895191682177e-14,151.0,6.964448658247245e-14
3.663581270638605e-05,0.8,0.1,0.48090514255519673,0.1993084646367645,-0.04194561521175887,0.2491355807959332,-0.4194561521175887,3.905904071705573e-14,-4.596323321948148e-14,-1.0028875993703288,-1.3988810110276972e-14,151.0,6.964448658247245e-14
3.663581270638605e-05,1.0,0.1,0.0,0.24721051454907797,-0.04194561521175887,0.10486403802939707,-0.4194561521175887,34.45176011606658,-1.942890293094024e-16,-0.7864802852204789,-0.18875526845291496,151.0,6.964448658247245e-14
3.8322572365469056e-05,0.0,0.1,0.4809367327515786,0.0,-0.04194837057888771,0.24915194627268178,-0.41948370578887706,0.0,-2.2148949341271873e-14,-1.0029534780923604,-6.716849298982197e-15,147.0,9.028229311179256e-14
3.8322572365469056e-05,0.3,0.1,0.4809367327515786,0.07474558388180781,-0.04194837057888771,0.2491519462726767,-0.41948370578887706,1.2907148501843198e-14,-3.2307490016592055e-14,-1.0029534780923628,-9.756084828893563e-15,147.0,9.028229311179256e-14
3.8322572365469056e-05,0.8,0.1,0.4809367327515785,0.19932155701815377,-0.04194837057888771,0.24915194627267023,-0.41948370578887706,2.5228008992539827e-15,-4.5130565951012613e-14,-1.002953478092366,-1.366962099069724e-14,147.0,9.028229311179256e-14
3.8322572365469056e-05,1.0,0.1,0.0,0.24718296087778957,-0.04194837057888771,0.10487092644721917,-0.41948370578887706,33.688509408490866,-1.942890293094024e-16,-0.7865319483541444,-0.18876766760499472,147.0,9.028229311179256e-14
4.008699259592554e-05,0.0,0.1,0.48096904536165475,0.0,-0.04195118895654433,0.24916868599984635,-0.4195118895654433,0.0,-2.1760371282653068e-14,-1.0030208633479563,-6.522560269672795e-15,144.0,7.887717713408136e-14
4.008699259592554e-05,0.3,0.1,0.4809690453616545,0.0747506057999571,-0.04195118895654433,0.24916868599984188,-0.4195118895654433,1.6877616000580993e-14,-3.058664432842306e-14,-1.0030208633479583,-9.256484467812243e-15,144.0,7.887717713408136e-14
4.008699259592554e-05,0.8,0.1,0.48096904536165425,0.19933494879988525,-0.04195118895654433,0.249168685999835,-0.4195118895654433,7.90867278010244e-14,-4.418687638008123e-14,-1.0030208633479616,-1.3447576385772209e-14,144.0,7.887717713408136e-14
4.008699259592554e-05,1.0,0.1,0.0,0.24715477710122336,-0.04195118895654433,0.10487797239136074,-0.4195118895654433,32.9422453328645,-1.6653345369377348e-16,-0.7865847929352061,-0.1887803503044495,144.0,7.887717713408136e-14
4.193264898975744e-05,0.0,0.1,0.4810020969843662,0.0,-0.04195407179252528,0.24918580857661238,-0.4195407179252527,0.0,-2.1260770921571748e-14,-1.003089789752819,-6.38378239159465e-15,141.0,7.081882060925663e-14
4.193264898975744e-05,0.3,0.1,0.48100209698436597,0.07475574257298687,-0.04195407179252528,0.24918580857660858,-0.4195407179252527,1.9018253505498215e-14,-2.8754776337791554e-14,-1.0030897897528206,-8.715250743307479e-15,141.0,7.081882060925663e-14
4.193264898975744e-05,0.8,0.1,0.48100209698436563,0.1993486468612979,-0.04195407179252528,0.24918580857660128,-0.4195407179252527,3.6017954353305856e-14,-4.313216450668733e-14,-1.0030897897528241,-1.317002062961592e-14,141.0,7.081882060925663e-14
4.193264898975744e-05,1.0,0.1,0.0,0.24712594874141386,-0.04195407179252528,0.10488517948131308,-0.4195407179252527,32.21258986168978,-1.942890293094024e-16,-0.7866388461098489,-0.18879332306636376,141.0,7.081882060925663e-14
4.386328176379391e-05,0.0,0.1,0.4810359046036724,0.0,-0.041957020568209234,0.24920332280161445,-0.4195702056820923,0.0,-2.0650148258027912e-14,-1.003160292725581,-6.328271240363392e-15,138.0,6.54352190631034e-14
4.386328176379391e-05,0.3,0.1,0.4810359046036724,0.0747609968404874,-0.041957020568209234,0.24920332280161123,-0.4195702056820923,1.9630198440782483e-14,-2.7144952952085077e-14,-1.0031602927255825,-8.257283745649602e-15,138.0,6.54352190631034e-14
4.386328176379391e-05,0.8,0.1,0.4810359046036723,0.1993626582412994,-0.041957020568209234,0.24920332280160357,-0.4195702056820923,-3.1512005791979887e-15,-4.235500838944972e-14,-1.0031602927255863,-1.2878587085651816e-14,138.0,6.54352190631034e-14
4.386328176379391e-05,1.0,0.1,0.0,0.24709646098457433,-0.041957020568209234,0.10489255142052296,-0.4195702056820923,31.499173380728237,-2.220446049250313e-16,-0.7866941356539232,-0.1888065925569416,138.0,6.54352190631034e-14
4.588280333922935e-05,0.0,0.1,0.48107048559764887,0.0,-0.0419600367993505,0.24922123767766083,-0.419600367993505,0.0,-2.015054789694659e-14,-1.003232408506769,-6.106226635438361e-15,134.0,9.97401554928722e-14
4.588280333922935e-05,0.3,0.1,0.4810704855976491,0.07476637130330123,-0.0419600367993505,0.24922123767765805,-0.419600367993505,-1.360713801874285e-14,-2.581268532253489e-14,-1.0032324085067703,-7.729927808952652e-15,134.0,9.97401554928722e-14
4.588280333922935e-05,0.8,0.1,0.48107048559764864,0.19937699014213625,-0.0419600367993505,0.24922123767765011,-0.419600367993505,8.81874493510102e-14,-4.141131881851834e-14,-1.003232408506774,-1.2587153541687712e-14,134.0,9.97401554928722e-14
4.588280333922935e-05,1.0,0.1,0.0,0.2470662986731616,-0.0419600367993505,0.10490009199837616,-0.419600367993505,30.801634501768646,-1.6653345369377348e-16,-0.7867506899878218,-0.1888201655970773,134.0,9.97401554928722e-14
4.799530627013227e-05,0.0,0.1,0.4811058577478055,0.0,-0.04196312203689193,0.24923956241656164,-0.4196312203689193,0.0,-1.965094753586527e-14,-1.003306174178241,-5.925815393936773e-15,131.0,9.907412015881132e-14
4.799530627013227e-05,0.3,0.1,0.4811058577478053,0.07477186872497138,-0.04196312203689193,0.2492395624165593,-0.4196312203689193,-1.7849303765795973e-14,-2.4202861936828413e-14,-1.003306174178242,-7.369105325949477e-15,131.0,9.907412015881132e-14
4.799530627013227e-05,0.8,0.1,0.48110585774780507,0.19939164993325673,-0.04196312203689193,0.24923956241655115,-0.4196312203689193,3.087362408683945e-14,-4.030109579389318e-14,-1.0033061741782459,-1.2323475573339238e-14,131.0,9.907412015881132e-14
4.799530627013227e-05,1.0,0.1,0.0,0.2470354462977473,-0.04196312203689193,0.10490780509222973,-0.4196312203689193,30.119619879562688,-1.942890293094024e-16,-0.7868085381917237,-0.18883404916601373,131.0,9.907412015881132e-14
5.020507153699316e-05,0.0,0.1,0.4811420392486366,0.0,-0.04196627786779775,0.24925830644407568,-0.41966277867797747,0.0,-1.9262369477246466e-14,-1.003381627683099,-5.800915303666443e-15,129.0,6.22067738424334e-14
5.020507153699316e-05,0.3,0.1,0.48114203924863613,0.07477749193322553,-0.04196627786779775,0.24925830644407376,-0.41966277867797747,1.4510745252735305e-14,-2.2870594307278225e-14,-1.0033816276830998,-7.0360384185619296e-15,129.0,6.22067738424334e-14
5.020507153699316e-05,0.8,0.1,0.481142039248636,0.1994066451552677,-0.04196627786779775,0.2492583064440655,-0.41966277867797747,-6.802126294792253e-15,-3.930189507173054e-14,-1.0033816276831038,-1.2032042029375134e-14,129.0,6.22067738424334e-14
5.020507153699316e-05,1.0,0.1,0.0,0.24700388798868916,-0.04196627786779775,0.10491569466949428,-0.41966277867797747,29.45278403283428,-1.6653345369377348e-16,-0.7868677100212078,-0.1888482504050899,129.0,6.22067738424334e-14
5.2516577222118e-05,0.0,0.1,0.4811790487174028,0.0,-0.04196950591590681,0.24927747940497852,-0.41969505915906813,0.0,-1.8762769116165146e-14,-1.0034588078460887,-5.662137425588298e-15,126.0,6.540588286518944e-14
5.2516577222118e-05,0.3,0.1,0.4811790487174027,0.0747832438214963,-0.04196950591590681,0.24927747940497696,-0.41969505915906813,1.0223780735447464e-14,-2.1815882433884326e-14,-1.0034588078460893,-6.63358257213531e-15,126.0,6.540588286518944e-14
5.2516577222118e-05,0.8,0.1,0.4811790487174026,0.19942198352398982,-0.04196950591590681,0.24927747940496858,-0.41969505915906813,2.953351986106425e-14,-3.8413716652030416e-14,-1.0034588078460933,-1.1685097334179773e-14,126.0,6.540588286518944e-14
5.2516577222118e-05,1.0,0.1,0.0,0.2469716075075985,-0.04196950591590681,0.10492376478976692,-0.41969505915906813,28.800789169272782,-2.220446049250313e-16,-0.7869282359232528,-0.1888627766215807,126.0,6.540588286518944e-14
5.4934507584447455e-05,0.0,0.1,0.48121690520415605,0.0,-0.04197280784280693,0.24929709116825494,-0.41972807842806925,0.0,-1.837419105754634e-14,-1.0035377543945045,-5.440092820663267e-15,123.0,7.128360532188917e-14
5.4934507584447455e-05,0.3,0.1,0.48121690520415555,0.07478912735047914,-0.04197280784280693,0.24929709116825371,-0.41972807842806925,7.050020972422685e-15,-2.0539125955565396e-14,-1.003537754394505,-6.25888230132432e-15,123.0,7.128360532188917e-14
5.4934507584447455e-05,0.8,0.1,0.48121690520415544,0.19943767293461076,-0.04197280784280693,0.24929709116824525,-0.41972807842806925,6.805851562650639e-14,-3.735900477863652e-14,-1.0035377543945092,-1.136590821460004e-14,123.0,7.128360532188917e-14
5.4934507584447455e-05,1.0,0.1,0.0,0.24693858823859738,-0.04197280784280693,0.10493201960701722,-0.41972807842806925,28.163305014421294,-1.942890293094024e-16,-0.7869901470526299,-0.1888776352926312,123.0,7.128360532188917e-14
5.746376255219335e-05,0.0,0.1,0.4812556282020061,0.0,-0.04197618534873054,0.2493171518324192,-0.4197618534873053,0.0,-1.7930101847696278e-14,-1.0036185079796047,-5.370703881624195e-15,120.0,8.064416979986075e-14
5.746376255219335e-05,0.3,0.1,0.481255628202006,0.07479514554972837,-0.04197618534873054,0.2493171518324183,-0.4197618534873053,-1.2776992251430372e-15,-1.970645868709653e-14,-1.0036185079796052,-5.9396931817445875e-15,120.0,8.064416979986075e-14
5.746376255219335e-05,0.8,0.1,0.4812556282020057,0.19945372146594206,-0.04197618534873054,0.24931715183240977,-0.4197618534873053,-3.194248062857593e-15,-3.652633751016765e-14,-1.0036185079796092,-1.1129985821867194e-14,120.0,8.064416979986075e-14
5.746376255219335e-05,1.0,0.1,0.0,0.24690481317936128,-0.04197618534873054,0.10494046337182625,-0.4197618534873053,27.54000864437278,-1.6653345369377348e-16,-0.7870534752886975,-0.18889283406928742,120.0,8.064416979986075e-14
6.010946765252728e-05,0.0,0.1,0.4812952376576485,0.0,-0.041979640173472665,0.2493376717309674,-0.4197964017347266,0.0,-1.759703494030873e-14,-1.0037011101985587,-5.204170427930421e-15,117.0,9.483602151325343e-14
6.010946765252728e-05,0.3,0.1,0.48129523765764803,0.07480130151929276,-0.041979640173472665,0.2493376717309668,-0.4197964017347266,-8.212716977953351e-15,-1.8485213360008856e-14,-1.0037011101985587,-5.676015213396113e-15,117.0,9.483602151325343e-14
6.010946765252728e-05,0.8,0.1,0.48129523765764803,0.19947013738478045,-0.041979640173472665,0.24933767173095847,-0.4197964017347266,-4.197451610986321e-15,-3.5138558729386205e-14,-1.0037011101985627,-1.0672018824209317e-14,117.0,9.483602151325343e-14
6.010946765252728e-05,1.0,0.1,0.0,0.24687026493194003,-0.041979640173472665,0.10494910043368155,-0.4197964017347266,26.930584322190025,-1.942890293094024e-16,-0.7871182532526124,-0.18890838078062702,117.0,9.483602151325343e-14
6.287698439844526e-05,0.0,0.1,0.4813357539821437,0.0,-0.04198317409733143,0.24935866143796326,-0.41983174097331427,0.0,-1.6819878823071122e-14,-1.003785603616933,-5.079270337660091e-15,115.0,6.707288164089303e-14
6.287698439844526e-05,0.3,0.1,0.48133575398214345,0.07480759843139144,-0.04198317409733143,0.24935866143796281,-0.41983174097331427,1.998622798568782e-14,-1.759703494030873e-14,-1.0037856036169333,-5.384581669432009e-15,115.0,6.707288164089303e-14
6.287698439844526e-05,0.8,0.1,0.48133575398214334,0.1994869291503769,-0.04198317409733143,0.24935866143795443,-0.41983174097331427,5.319588277775153e-14,-3.425038030968608e-14,-1.0037856036169375,-1.0449974219284286e-14,115.0,6.707288164089303e-14
6.287698439844526e-05,1.0,0.1,0.0,0.24683492569335236,-0.04198317409733143,0.10495793524332846,-0.41983174097331427,26.334723337966192,-2.220446049250313e-16,-0.7871845143249643,-0.18892428343799147,115.0,6.707288164089303e-14
6.577192115385689e-05,0.0,0.1,0.4813771980619703,0.0,-0.041986788942071876,0.2493801317737624,-0.41986788942071873,0.0,-1.6764367671839864e-14,-1.0038720317917385,-5.10702591327572e-15,112.0,8.47029645027763e-14
6.577192115385689e-05,0.3,0.1,0.4813771980619701,0.07481403953213116,-0.041986788942071876,0.2493801317737624,-0.41986788942071873,2.299858605257467e-14,-1.6653345369377348e-14,-1.0038720317917382,-5.1486592766991635e-15,112.0,8.47029645027763e-14
6.577192115385689e-05,0.8,0.1,0.4813771980619699,0.1995041054190162,-0.041986788942071876,0.249380131773754,-0.41986788942071873,5.2385668230864526e-14,-3.3306690738754696e-14,-1.0038720317917424,-1.0241807402167069e-14,112.0,8.47029645027763e-14
6.577192115385689e-05,1.0,0.1,0.0,0.2467987772459479,-0.041986788942071876,0.1049669723551796,-0.41986788942071873,25.752123852444708,-1.6653345369377348e-16,-0.7872522926638477,-0.18894055023932346,112.0,8.47029645027763e-14
6.880014449891661e-05,0.0,0.1,0.4814195912703475,0.0,-0.041990486571913656,0.24940209381088033,-0.41990486571913654,0.0,-1.609823385706477e-14,-1.0039604392950414,-4.884981308350689e-15,110.0,6.28962249186786e-14
6.880014449891661e-05,0.3,0.1,0.48141959127034717,0.07482062814326644,-0.041990486571913656,0.24940209381088044,-0.41990486571913654,4.78473691238755e-15,-1.5709655798445965e-14,-1.0039604392950412,-4.884981308350689e-15,110.0,6.28962249186786e-14
6.880014449891661e-05,0.8,0.1,0.48141959127034717,0.19952167504871027,-0.041990486571913656,0.24940209381087228,-0.41990486571913654,-1.9333636200043226e-15,-3.2029934260435766e-14,-1.0039604392950452,-9.783840404509192e-15,110.0,6.28962249186786e-14
6.880014449891661e-05,1.0,0.1,0.0,0.24676180094753009,-0.041990486571913656,0.10497621642978404,-0.41990486571913654,25.182490744120194,-1.942890293094024e-16,-0.7873216232233811,-0.1889571895736115,110.0,6.28962249186786e-14
7.196779111863047e-05,0.0,0.1,0.4814629554788405,0.0,-0.04199426889454332,0.2494245588800027,-0.4199426889454332,0.0,-1.5487611193520934e-14,-1.0040508717381693,-4.676814491233472e-15,107.0,8.578884005356227e-14
7.196779111863047e-05,0.3,0.1,0.48146295547884027,0.07482736766400308,-0.04199426889454332,0.24942455888000287,-0.4199426889454332,1.2744513564830054e-14,-1.4988010832439613e-14,-1.004050871738169,-4.6351811278100286e-15,107.0,8.578884005356227e-14
7.196779111863047e-05,0.8,0.1,0.4814629554788404,0.199539647104008,-0.04199426889454332,0.24942455887999482,-0.4199426889454332,2.1165304903924166e-16,-3.11972669919669e-14,-1.004050871738173,-9.43689570931383e-15,107.0,8.578884005356227e-14
7.196779111863047e-05,1.0,0.1,0.0,0.2467239777212334,-0.04199426889454332,0.1049856722363582,-0.4199426889454332,24.625535459741503,-1.942890293094024e-16,-0.7873925417726872,-0.18897421002544498,107.0,8.578884005356227e-14
7.528128023882852e-05,0.0,0.1,0.4815073130692556,0.0,-0.04199813786215172,0.24944753857614832,-0.4199813786215172,0.0,-1.532107773982716e-14,-1.0041433757965135,-4.5102810375396984e-15,105.0,6.726547631759115e-14
7.528128023882852e-05,0.3,0.1,0.48150731306925504,0.07483426157284669,-0.04199813786215172,0.2494475385761487,-0.4199813786215172,-1.7909535114798656e-14,-1.4210854715202004e-14,-1.004143375796513,-4.399258735077183e-15,105.0,6.726547631759115e-14
7.528128023882852e-05,0.8,0.1,0.48150731306925504,0.19955803086092433,-0.04199813786215172,0.24944753857614077,-0.4199813786215172,6.952422800855982e-14,-3.008704396734174e-14,-1.004143375796517,-9.159339953157541e-15,105.0,6.726547631759115e-14
7.528128023882852e-05,1.0,0.1,0.0,0.2466852880451494,-0.04199813786215172,0.10499534465537919,-0.4199813786215172,24.08097586814279,-2.220446049250313e-16,-0.7874650849153448,-0.18899162037968278,105.0,6.726547631759115e-14
7.874732663470493e-05,0.0,0.1,0.4815526869458283,0.0,-0.04200209547249725,0.24947104476498416,-0.4200209547249725,0.0,-1.4876988529977098e-14,-1.0042379992349497,-4.468647674116255e-15,102.0,9.965794955315261e-14
7.874732663470493e-05,0.3,0.1,0.481552686945828,0.07484131342949739,-0.04200209547249725,0.24947104476498472,-0.4200209547249725,-2.4858358437962135e-14,-1.3600232051658168e-14,-1.0042379992349493,-4.2049697057677804e-15,102.0,9.965794955315261e-14
7.874732663470493e-05,0.8,0.1,0.48155268694582765,0.1995768358119929,-0.04200209547249725,0.249471044764977,-0.4200209547249725,1.372103222000724e-13,-2.881028748902281e-14,-1.004237999234953,-8.909539772616881e-15,102.0,9.965794955315261e-14
7.874732663470493e-05,1.0,0.1,0.0,0.24664571194169416,-0.04200209547249725,0.10500523868124303,-0.4200209547249725,23.5485361173272,-1.6653345369377348e-16,-0.7875392901093234,-0.18900942962623768,102.0,9.965794955315261e-14
8.237295423829036e-05,0.0,0.1,0.4815991005477215,0.0,-0.04200614376999571,0.24949508958929859,-0.4200614376999571,0.0,-1.426636586643326e-14,-1.0043347909338978,-4.274358644806853e-15,100.0,8.298873383866802e-14
8.237295423829036e-05,0.3,0.1,0.4815991005477209,0.07484852687679164,-0.04200614376999571,0.24949508958929917,-0.4200614376999571,-2.1339753631493726e-15,-1.2712053631958042e-14,-1.004334790933897,-4.038436252074007e-15,100.0,8.298873383866802e-14
8.237295423829036e-05,0.8,0.1,0.4815991005477204,0.19959607167144422,-0.04200614376999571,0.2494950895892914,-0.4200614376999571,3.5227072871899105e-13,-2.7922109069322687e-14,-1.0043347909339007,-8.81239525796218e-15,100.0,8.298873383866802e-14
8.237295423829036e-05,1.0,0.1,0.0,0.24660522896670953,-0.04200614376999571,0.10501535942498917,-0.4200614376999571,23.027946494731637,-1.942890293094024e-16,-0.7876151956874196,-0.18902764696498073,100.0,8.298873383866802e-14
8.61655103724257e-05,0.0,0.1,0.48164657786183024,0.0,-0.0420102848468374,0.24951968547563552,-0.420102848468374,0.0,-1.4099832412739488e-14,-1.0044338009160283,-4.1494585545365226e-15,98.0,7.081905317118452e-14
8.61655103724257e-05,0.3,0.1,0.4816465778618298,0.07485590564269265,-0.0420102848468374,0.24951968547563627,-0.420102848468374,2.2475835492490714e-14,-1.2323475573339238e-14,-1.0044338009160276,-3.788636071533347e-15,98.0,7.081905317118452e-14
8.61655103724257e-05,0.8,0.1,0.48164657786182674,0.19961574838051363,-0.0420102848468374,0.24951968547562808,-0.420102848468374,1.42979569934594e-12,-2.6867397195928788e-14,-1.00443380091603,-9.353628982466944e-15,98.0,7.081905317118452e-14
8.61655103724257e-05,1.0,0.1,0.0,0.24656381819829265,-0.0420102848468374,0.10502571211709341,-0.420102848468374,22.518943290601456,-1.6653345369377348e-16,-0.7876928408782012,-0.18904628181076832,98.0,7.081905317118452e-14
9.013268064009036e-05,0.0,0.1,0.48169514343591047,0.0,-0.04201452084413219,0.24954484514109676,-0.42014520844132186,0.0,-1.3655743202889425e-14,-1.0045350803736417,-4.093947403305265e-15,96.0,6.20159935123027e-14
9.013268064009036e-05,0.3,0.1,0.48169514343591036,0.07486345354233098,-0.04201452084413219,0.2495448451410976,-0.42014520844132186,-7.027345738286705e-15,-1.1879386363489175e-14,-1.0045350803736413,-3.608224830031759e-15,96.0,6.20159935123027e-14
9.013268064009036e-05,0.8,0.1,0.4816951434358979,0.1996358761128825,-0.04201452084413219,0.24954484514108694,-0.42014520844132186,5.419361263444193e-12,-2.5757174171303632e-14,-1.004535080373639,-1.2656542480726785e-14,96.0,6.20159935123027e-14
9.013268064009036e-05,1.0,0.1,0.0,0.24652145822534482,-0.04201452084413219,0.10503630211033035,-0.42014520844132186,22.021268664405902,-2.220446049250313e-16,-0.7877722658274786,-0.1890653437985949,96.0,6.20159935123027e-14
9.42825044992516e-05,0.0,0.1,0.48174482239203836,0.0,-0.04201885395308337,0.24957058160031342,-0.4201885395308337,0.0,-1.2989609388114332e-14,-1.0046386816967336,-3.9968028886505635e-15,94.0,5.580687697565812e-14
9.42825044992516e-05,0.3,0.1,0.48174482239203825,0.07487117448009589,-0.04201885395308337,0.24957058160031426,-0.4201885395308337,-1.1143420875731852e-14,-1.1213252548714081e-14,-1.0046386816967332,-3.524958103184872e-15,94.0,5.580687697565812e-14
9.42825044992516e-05,0.8,0.1,0.4817448223919938,0.19965646528025557,-0.04201885395308337,0.24957058160029416,-0.4201885395308337,1.8983054773087557e-11,-2.481348460037225e-14,-1.0046386816967166,-2.503552920529728e-14,94.0,5.580687697565812e-14
9.42825044992516e-05,1.0,0.1,0.0,0.24647812713583295,-0.04201885395308337,0.10504713488270831,-0.4201885395308337,21.534670514226747,-2.220446049250313e-16,-0.7878535116203131,-0.1890848427888752,94.0,5.580687697565812e-14
9.862339155480007e-05,0.0,0.1,0.48179564044040685,0.0,-0.04202328641619106,0.24959690817259345,-0.4202328641619106,0.0,-1.2545520178264269e-14,-1.0047446585017685,-3.83026943495679e-15,92.0,5.167939554808928e-14
9.862339155480007e-05,0.3,0.1,0.48179564044040685,0.07487907245177983,-0.04202328641619106,0.2495969081725943,-0.4202328641619106,1.4322156374169067e-14,-1.0769163338864018e-14,-1.004744658501768,-3.316791286067655e-15,92.0,5.167939554808928e-14
9.862339155480007e-05,0.8,0.1,0.4817956404402518,0.1996775265380793,-0.04202328641619106,0.24959690817254132,-0.4202328641619106,6.282126462845226e-11,-2.375877272697835e-14,-1.0047446585017017,-6.80566714095221e-14,92.0,5.167939554808928e-14
9.862339155480007e-05,1.0,0.1,0.0,0.24643380250475602,-0.04202328641619106,0.10505821604047753,-0.4202328641619106,21.058902349053955,-2.220446049250313e-16,-0.7879366203035824,-0.1891047888728598,92.0,5.167939554808928e-14
0.00010316413860058858,0.0,0.1,0.4818476238934693,0.0,-0.04202782052848592,0.24962383848924963,-0.4202782052848592,0.0,-1.1934897514720433e-14,-1.0048530656611752,-3.524958103184872e-15,89.0,9.960147540955365e-14
0.00010316413860058858,0.3,0.1,0.48184762389346875,0.07488715154677655,-0.04202782052848592,0.24962383848925046,-0.4202782052848592,2.283641872823224e-14,-9.880984919163893e-15,-1.0048530656611745,-3.1363800445660672e-15,89.0,9.960147540955365e-14
0.00010316413860058858,0.8,0.1,0.4818476238929597,0.19969907079140356,-0.04202782052848592,0.24962383848909125,-0.4202782052848592,1.9733360445188465e-10,-2.2870594307278225e-14,-1.0048530656609485,-2.0683454948766666e-13,89.0,9.960147540955365e-14
0.00010316413860058858,1.0,0.1,0.0,0.24638846138180742,-0.04202782052848592,0.1050695513212147,-0.4202782052848592,20.59372316392337,-1.942890293094024e-16,-0.788021634909111,-0.1891251923781867,89.0,9.960147540955365e-14
0.00010791394744610624,0.0,0.1,0.48190079968044175,0.0,-0.04203245863879409,0.24965138650111196,-0.42032458638794085,0.0,-1.149080830487037e-14,-1.0049639593335908,-3.4555691641457997e-15,87.0,9.966591966798665e-14
0.00010791394744610624,0.3,0.1,0.4819007996804413,0.07489541595033522,-0.04203245863879409,0.24965138650111285,-0.42032458638794085,1.6937176654068765e-14,-9.492406860545088e-15,-1.0049639593335902,-3.0253577421035516e-15,87.0,9.966591966798665e-14
0.00010791394744610624,0.8,0.1,0.48190079967885274,0.19972110920089195,-0.04203245863879409,0.24965138650063007,-0.42032458638794085,5.893605032960699e-10,-2.1871393585115584e-14,-1.0049639593328783,-6.302597332918936e-13,87.0,9.966591966798665e-14
0.00010791394744610624,1.0,0.1,0.0,0.24634208027872573,-0.04203245863879409,0.10508114659698511,-0.42032458638794085,20.13889731783387,-1.6653345369377348e-16,-0.7881085994773891,-0.18914606387457342,87.0,9.966591966798665e-14
0.00011288244356391641,0.0,0.1,0.4819551953621743,0.0,-0.04203720315103407,0.24967956648623188,-0.42037203151034064,0.0,-1.1102230246251565e-14,-1.0050773969948699,-3.219646771412954e-15,86.0,4.9443250139822854e-14
0.00011288244356391641,0.3,0.1,0.48195519536217374,0.07490386994587109,-0.04203720315103407,0.24967956648623277,-0.42037203151034064,7.490114702860323e-15,-8.992806499463768e-15,-1.0050773969948692,-2.8033131371785203e-15,86.0,4.9443250139822854e-14
0.00011288244356391641,0.8,0.1,0.48195519535745307,0.19974365318898366,-0.04203720315103407,0.24967956648481063,-0.42037203151034064,1.6754890380402119e-09,-2.0872192862952943e-14,-1.0050773969927478,-1.8592211104007106e-12,86.0,4.9443250139822854e-14
0.00011288244356391641,1.0,0.1,0.0,0.24629463515632596,-0.04203720315103407,0.10509300787758505,-0.42037203151034064,19.694194414381176,-2.220446049250313e-16,-0.7881975590818888,-0.18916741417965335,86.0,4.9443250139822854e-14
0.00011807969559564595,0.0,0.1,0.48201083914639464,0.0,-0.04204205652554665,0.2497083930577798,-0.42042056525546645,0.0,-1.0380585280245214e-14,-1.0051934374698799,-3.1225022567582528e-15,84.0,5.209012277304596e-14
0.00011807969559564595,0.3,0.1,0.4820108391463944,0.07491251791733541,-0.04204205652554665,0.2497083930577807,-0.42042056525546645,1.2888343560603135e-14,-8.493206138382448e-15,-1.0051934374698792,-2.6367796834847468e-15,84.0,5.209012277304596e-14
0.00011807969559564595,0.8,0.1,0.48201083913301285,0.19976671444621033,-0.04204205652554665,0.24970839305376047,-0.42042056525546645,4.5445123698662284e-09,-1.9984014443252818e-14,-1.0051934374638605,-5.258349311532129e-12,84.0,5.209012277304596e-14
0.00011807969559564595,1.0,0.1,0.0,0.24624610141120012,-0.04204205652554665,0.10510514131386653,-0.42042056525546645,19.25938918504874,-1.6653345369377348e-16,-0.7882885598539997,-0.18918925436495995,84.0,5.209012277304596e-14
0.00012351623575605633,0.0,0.1,0.4820677599033463,0.0,-0.04204702128045854,0.24973788117214524,-0.4204702128045854,0.0,-9.992007221626409e-15,-1.005312140965106,-2.9976021664879227e-15,82.0,5.688113373791945e-14
0.00012351623575605633,0.3,0.1,0.48206775990334594,0.07492136435164495,-0.04204702128045854,0.2497378811721461,-0.4204702128045854,-1.6189464309534104e-14,-8.049116928532385e-15,-1.0053121409651053,-2.5673907444456745e-15,82.0,5.688113373791945e-14
0.00012351623575605633,0.8,0.1,0.4820677598670802,0.1997903049376707,-0.04204702128045854,0.24973788116126094,-0.4204702128045854,1.1784957684152798e-08,-1.892930256985892e-14,-1.0053121409487884,-1.4240136847476492e-11,82.0,5.688113373791945e-14
0.00012351623575605633,1.0,0.1,0.0,0.24619645386208125,-0.04204702128045854,0.10511755320114625,-0.4204702128045854,18.834261375096233,-1.942890293094024e-16,-0.7883816490085978,-0.1892115957620635,82.0,5.688113373791945e-14
0.00012920308117654253,0.0,0.1,0.482125987181818,0.0,-0.042052099993080794,0.24976804613724266,-0.42052099993080794,0.0,-9.43689570931383e-15,-1.0054335691020853,-2.8449465006019636e-15,80.0,6.447039322381549e-14
0.00012920308117654253,0.3,0.1,0.4821259871818176,0.07493041384117412,-0.042052099993080794,0.24976804613724352,-0.42052099993080794,-2.5553984502860744e-15,-7.494005416219807e-15,-1.0054335691020846,-2.4147350785597155e-15,80.0,6.447039322381549e-14
0.00012920308117654253,0.8,0.1,0.48212598708766746,0.19981443690966436,-0.042052099993080794,0.24976804610899309,-0.42052099993080794,2.9277046082170924e-08,-1.8263168755083825e-14,-1.0054335690597198,-3.6959574289952e-11,80.0,6.447039322381549e-14
0.00012920308117654253,1.0,0.1,0.0,0.24614566673585864,-0.042052099993080794,0.1051302499827019,-0.42052099993080794,18.4185956319877,-1.6653345369377348e-16,-0.7884768748702649,-0.1892344499688636,80.0,6.447039322381549e-14
0.0001351517562313158,0.0,0.1,0.48218555122558876,0.0,-0.04205729530134303,0.24979890362102974,-0.42057295301343023,0.0,-8.881784197001252e-15,-1.0055577849516988,-2.67841304690819e-15,78.0,7.595144776150263e-14
0.0001351517562313158,0.3,0.1,0.48218555122558854,0.07493967108631015,-0.04205729530134303,0.24979890362103055,-0.42057295301343023,2.4761599097599757e-14,-7.105427357601002e-15,-1.0055577849516983,-2.248201624865942e-15,78.0,7.595144776150263e-14
0.0001351517562313158,0.8,0.1,0.4821855509910003,0.19983912289648031,-0.04205729530134303,0.24979890355064907,-0.42057295301343023,6.980791816463477e-08,-1.715294573045867e-14,-1.0055577848461361,-9.208113438408105e-11,78.0,7.595144776150263e-14
0.0001351517562313158,1.0,0.1,0.0,0.24609371365323643,-0.04205729530134303,0.10514323825335747,-0.42057295301343023,18.012181396302985,-1.6653345369377348e-16,-0.7885742869001817,-0.18925782885604364,78.0,7.595144776150263e-14
0.0001413743158915104,0.0,0.1,0.4822464829902898,0.0,-0.04206260990526419,0.2498304696602434,-0.42062609905264187,0.0,-7.993605777301127e-15,-1.0056848530693359,-2.4980018054066022e-15,76.0,9.312919186348056e-14
0.0001413743158915104,0.3,0.1,0.4822464829902896,0.07494914089807413,-0.04206260990526419,0.24983046966024403,-0.42062609905264187,-1.2416271259948003e-14,-6.6058269965196814e-15,-1.0056848530693354,-2.1649348980190553e-15,76.0,9.312919186348056e-14
0.0001413743158915104,0.8,0.1,0.4822464824282931,0.19986437572733043,-0.04206260990526419,0.2498304694916401,-0.42062609905264187,1.6004556883446748e-07,-1.6653345369377348e-14,-1.0056848528164397,-2.2058878335062815e-10,76.0,9.312919186348056e-14
0.0001413743158915104,1.0,0.1,0.0,0.2460405676140248,-0.04206260990526419,0.10515652476316038,-0.42062609905264187,17.614812795077345,-1.6653345369377348e-16,-0.7886739357237036,-0.18928174457368888,76.0,9.312919186348056e-14
0.0001478833701545455,0.0,0.1,0.48230881416070287,0.0,-0.04206804656846133,0.24986276066936036,-0.42068046568461326,0.0,-7.605027718682322e-15,-1.005814839530968,-2.3869795029440866e-15,75.0,5.147189058994881e-14
0.0001478833701545455,0.3,0.1,0.48230881416070276,0.07495882820080917,-0.04206804656846133,0.24986276066936097,-0.42068046568461326,1.7615956709223974e-14,-6.328271240363392e-15,-1.0058148395309676,-2.0261570199409107e-15,75.0,5.147189058994881e-14
0.0001478833701545455,0.8,0.1,0.48230881286395877,0.19989020853340222,-0.04206804656846133,0.2498627602803332,-0.42068046568461326,3.534221673093122e-07,-1.5487611193520934e-14,-1.005814838947435,-5.089768051469434e-10,75.0,5.147189058994881e-14
0.0001478833701545455,1.0,0.1,0.0,0.24598620098205337,-0.04206804656846133,0.1051701164211532,-0.42068046568461326,17.22628853751489,-2.220446049250313e-16,-0.7887758731586499,-0.18930620955807603,75.0,5.147189058994881e-14
0.00015469210959824427,0.0,0.1,0.4823725771685001,0.0,-0.04207360811969696,0.2498957934497889,-0.42073608119696954,0.0,-7.049916206369744e-15,-1.0059478119701446,-2.095545958979983e-15,73.0,6.761157995814942e-14
0.00015469210959824427,0.3,0.1,0.4823725771684998,0.07496873803493762,-0.04207360811969696,0.2498957934497894,-0.42073608119696954,-2.161460320118413e-15,-5.828670879282072e-15,-1.0059478119701442,-1.8735013540549517e-15,73.0,6.761157995814942e-14
0.00015469210959824427,0.8,0.1,0.48237257428192143,0.19991663475498,-0.04207360811969696,0.2498957925838114,-0.42073608119696954,7.529607827424935e-07,-1.4876988529977098e-14,-1.005947810671186,-1.132986579555073e-09,73.0,6.761157995814942e-14
0.00015469210959824427,1.0,0.1,0.0,0.24593058546969704,-0.04207360811969696,0.10518402029924229,-0.42073608119696954,16.846411813023135,-1.942890293094024e-16,-0.7888801522443178,-0.18933123653863634,73.0,6.761157995814942e-14
0.0001618143321114979,0.0,0.1,0.4824378052104434,0.0,-0.042079297454466445,0.24992958519929584,-0.4207929745446644,0.0,-6.5503158452884236e-15,-1.0060838396159468,-1.9290125052862095e-15,71.0,9.28223550545048e-14
0.0001618143321114979,0.3,0.1,0.48243780521044305,0.07497887555978963,-0.042079297454466445,0.24992958519929628,-0.4207929745446644,-2.791625510810557e-14,-5.495603971894525e-15,-1.0060838396159466,-1.734723475976807e-15,71.0,9.28223550545048e-14
0.0001618143321114979,0.8,0.1,0.48243779900166456,0.1999436681485427,-0.042079297454466445,0.24992958333665846,-0.4207929745446644,1.5501182151152074e-06,-1.404432126150823e-14,-1.0060838368219984,-2.43694985024856e-09,71.0,9.28223550545048e-14
0.0001618143321114979,1.0,0.1,0.0,0.24587369212200216,-0.042079297454466445,0.10519824363616602,-0.4207929745446644,16.474990191517463,-1.6653345369377348e-16,-0.7889868272712458,-0.18935683854509902,71.0,9.28223550545048e-14
0.00016926447085564435,0.0,0.1,0.4825045322670541,0.0,-0.042085117536626394,0.24996415352167922,-0.42085117536626393,0.0,-5.9396931817445875e-15,-1.0062229933319207,-1.8318679906315083e-15,70.0,5.4499089673690685e-14
0.00016926447085564435,0.3,0.1,0.482504532267054,0.07498924605650456,-0.042085117536626394,0.24996415352167967,-0.42085117536626393,4.373358692146905e-15,-4.9960036108132044e-15,-1.0062229933319204,-1.582067810090848e-15,70.0,5.4499089673690685e-14
0.00016926447085564435,0.8,0.1,0.4825045193436436,0.1999713227936755,-0.042085117536626394,0.2499641496446524,-0.42085117536626393,3.0883499453677334e-06,-1.326716514427062e-14,-1.0062229875163877,-5.072442646469888e-09,70.0,5.4499089673690685e-14
0.00016926447085564435,1.0,0.1,0.0,0.2458154913004027,-0.042085117536626394,0.1052127938415659,-0.42085117536626393,16.11183552594415,-1.6653345369377348e-16,-0.7890959538117448,-0.1893830289148188,70.0,5.4499089673690685e-14
0.00017705762351322314,0.0,0.1,0.48257279312176715,0.0,-0.042091071400065266,0.2499995164366906,-0.4209107140006526,0.0,-5.384581669432009e-15,-1.0063653456560202,-1.6792123247455493e-15,68.0,8.085040476367229e-14
0.00017705762351322314,0.3,0.1,0.48257279312176704,0.07499985493100789,-0.042091071400065266,0.2499995164366909,-0.4209107140006526,-2.7261572076714366e-14,-4.718447854656915e-15,-1.00636534565602,-1.5265566588595902e-15,68.0,8.085040476367229e-14
0.00017705762351322314,0.8,0.1,0.482572767052907,0.19999961309952857,-0.042091071400065266,0.24999950861602901,-0.4209107140006526,5.963261345700149e-06,-1.2490009027033011e-14,-1.006365333925035,-1.0232031416590459e-08,68.0,8.085040476367229e-14
0.00017705762351322314,1.0,0.1,0.0,0.245755952666014,-0.042091071400065266,0.10522767850016307,-0.4209107140006526,15.756763856973143,-1.6653345369377348e-16,-0.7892075887512238,-0.1894098213002937,68.0,8.085040476367229e-14
0.00018520958288338228,0.0,0.1,0.48264262338058134,0.0,-0.042097162150417373,0.2500356923902152,-0.4209716215041737,0.0,-5.162537064506978e-15,-1.0065109708415887,-1.5681900222830336e-15,67.0,4.93248821909708e-14
0.00018520958288338228,0.3,0.1,0.48264262338058134,0.07501070771706524,-0.042097162150417373,0.2500356923902156,-0.4209716215041737,9.374382302430787e-15,-4.385380947269368e-15,-1.0065109708415885,-1.3322676295501878e-15,67.0,4.93248821909708e-14
0.00018520958288338228,0.8,0.1,0.48264257234900265,0.20002855381039825,-0.042097162150417373,0.25003567708073837,-0.4209716215041737,1.1174696110124855e-05,-1.1657341758564144e-14,-1.0065109478773797,-2.0029898142870373e-08,67.0,4.93248821909708e-14
0.00018520958288338228,1.0,0.1,0.0,0.2456950451624929,-0.042097162150417373,0.10524290537604333,-0.4209716215041737,15.409595319812496,-1.6653345369377348e-16,-0.7893217903203258,-0.1894372296768782,67.0,4.93248821909708e-14
0.00019373686888593417,0.0,0.1,0.4827140594922221,0.0,-0.042103392966821584,0.2500727002647183,-0.4210339296682158,0.0,-4.551914400963142e-15,-1.0066599448994058,-1.304512053934559e-15,65.0,7.953032273065077e-14
0.00019373686888593417,0.3,0.1,0.4827140594922218,0.07502181007941604,-0.042103392966821584,0.2500727002647185,-0.4210339296682158,-2.669653075925396e-14,-3.941291737419306e-15,-1.0066599448994054,-1.2351231148954867e-15,65.0,7.953032273065077e-14
0.00019373686888593417,0.8,0.1,0.48271396241892794,0.20005816000978252,-0.042103392966821584,0.2500726711427268,-0.4210339296682158,2.0349543302892812e-05,-1.1046719095020308e-14,-1.006659901216425,-3.81012712075135e-08,65.0,7.953032273065077e-14
0.00019373686888593417,1.0,0.1,0.0,0.2456327369984508,-0.042103392966821584,0.10525848241705384,-0.4210339296682158,15.070154053096472,-2.220446049250313e-16,-0.7894386181279047,-0.18946526835069719,65.0,7.953032273065077e-14
0.00020265676203892248,0.0,0.1,0.4827871387688321,0.0,-0.0421097671037259,0.2501105593899623,-0.421097671037259,0.0,-4.107825191113079e-15,-1.006812345640836,-1.1796119636642288e-15,64.0,5.0699765842052117e-14
0.00020265676203892248,0.3,0.1,0.4827871387688318,0.07503316781698921,-0.0421097671037259,0.2501105593899626,-0.421097671037259,1.325612946085901e-14,-3.4416913763379853e-15,-1.0068123456408358,-1.0824674490095276e-15,64.0,5.0699765842052117e-14
0.00020265676203892248,0.8,0.1,0.482786959109049,0.20008844712195664,-0.0421097671037259,0.25011050549202424,-0.421097671037259,3.6056869088955514e-05,-1.0436096431476471e-14,-1.0068122647939353,-7.051646792877175e-08,64.0,5.0699765842052117e-14
0.00020265676203892248,1.0,0.1,0.0,0.2455689956294076,-0.0421097671037259,0.10527441775931466,-0.421097671037259,14.738268109802199,-1.6653345369377348e-16,-0.7895581331948607,-0.18949395196676658,64.0,5.0699765842052117e-14
0.0002119873384775353,0.0,0.1,0.4828618994072028,0.0,-0.04211628789273936,0.25014928955400745,-0.42116287892739357,0.0,-3.552713678800501e-15,-1.006968252722105,-1.0685896612017132e-15,62.0,8.935111104668449e-14
0.0002119873384775353,0.3,0.1,0.4828618994072026,0.07504478686620268,-0.04211628789273936,0.25014928955400767,-0.42116287892739357,-2.6635436530130478e-14,-2.9976021664879227e-15,-1.0069682527221049,-9.992007221626409e-16,62.0,8.935111104668449e-14
0.0002119873384775353,0.8,0.1,0.48286157550436726,0.20011943090971618,-0.04211628789273936,0.2501491923831536,-0.42116287892739357,6.223848449397719e-05,-9.936496070395151e-15,-1.0069681069658307,-1.271318659512577e-07,62.0,8.935111104668449e-14
0.0002119873384775353,1.0,0.1,0.0,0.245503787739273,-0.04211628789273936,0.10529071973184832,-0.42116287892739357,14.413769370148644,-1.3877787807814457e-16,-0.7896803979888629,-0.18952329551732713,62.0,8.935111104668449e-14
0.0002217475065853374,0.0,0.1,0.4829383805105642,0.0,-0.042122958744532535,0.25018891101449897,-0.42122958744532535,0.0,-3.219646771412954e-15,-1.0071277476897396,-9.298117831235686e-16,61.0,5.986491352734019e-14
0.0002217475065853374,0.3,0.1,0.482938380510564,0.07505667330435006,-0.042122958744532535,0.2501889110144991,-0.42122958744532535,1.9663907464317037e-14,-2.886579864025407e-15,-1.0071277476897396,-9.159339953157541e-16,61.0,5.986491352734019e-14
0.0002217475065853374,0.8,0.1,0.4829378110144121,0.20015112746642844,-0.042122958744532535,0.25018874016565035,-0.42122958744532535,0.00010477746224143025,-9.2148511043888e-15,-1.0071274914164727,-2.235272424377932e-07,61.0,5.986491352734019e-14
0.0002217475065853374,1.0,0.1,0.0,0.24543707922134128,-0.042122958744532535,0.10530739686133125,-0.42122958744532535,14.096493456434947,-1.6653345369377348e-16,-0.7898054764599851,-0.18955331435039643,61.0,5.986491352734019e-14
0.00023195704531204893,0.0,0.1,0.48301662211094615,0.0,-0.0421297831507881,0.2502294445102528,-0.42129783150788097,0.0,-2.55351295663786e-15,-1.007290914027203,-8.465450562766819e-16,60.0,4.06100649476527e-14
0.00023195704531204893,0.3,0.1,0.48301662211094615,0.07506883335307613,-0.0421297831507881,0.2502294445102529,-0.42129783150788097,-3.0268400403271592e-15,-2.275957200481571e-15,-1.007290914027203,-7.771561172376096e-16,60.0,4.06100649476527e-14
0.00023195704531204893,0.8,0.1,0.48301564452181933,0.20018355319992837,-0.0421297831507881,0.25022915123351186,-0.42129783150788097,0.00017222366225609894,-8.382183835919932e-15,-1.0072904741120976,-3.837037348686234e-07,60.0,4.06100649476527e-14
0.00023195704531204893,1.0,0.1,0.0,0.24536883515878566,-0.0421297831507881,0.10532445787697015,-0.42129783150788097,13.786279649773737,-1.942890293094024e-16,-0.7899334340772768,-0.1895840241785465,60.0,4.06100649476527e-14
0.00024263664425552348,0.0,0.1,0.483096665192135,0.0,-0.0421367646862029,0.25027091127314666,-0.421367646862029,0.0,-2.220446049250313e-15,-1.0074578372027658,-7.077671781985373e-16,58.0,8.21202457128129e-14
0.00024263664425552348,0.3,0.1,0.48309666519213523,0.07508127338194423,-0.0421367646862029,0.2502709112731467,-0.421367646862029,2.8949698687812414e-14,-2.220446049250313e-15,-1.0074578372027658,-6.245004513516506e-16,58.0,8.21202457128129e-14
0.00024263664425552348,0.8,0.1,0.483095025101857,0.200216724805098,-0.0421367646862029,0.25027041924606036,-0.421367646862029,0.0002766884348802566,-7.882583474838611e-15,-1.007457099162142,-6.43735436567372e-07,58.0,8.21202457128129e-14
0.00024263664425552348,1.0,0.1,0.0,0.24529901980463759,-0.0421367646862029,0.10534191171550716,-0.421367646862029,13.482970808678461,-1.6653345369377348e-16,-0.7900643378663045,-0.1896154410879131,58.0,8.21202457128129e-14
0.00025380794558915433,0.0,0.1,0.4831785517132331,0.0,-0.042143907010543116,0.25031333304032677,-0.42143907010543114,0.0,-1.887379141862766e-15,-1.0076286047186387,-5.967448757360216e-16,57.0,5.905788674592021e-14
0.00025380794558915433,0.3,0.1,0.48317855171323276,0.07509399991209821,-0.042143907010543116,0.25031333304032677,-0.42143907010543114,-1.1575926288621328e-14,-1.6653345369377348e-15,-1.0076286047186387,-6.661338147750939e-16,57.0,5.905788674592021e-14
0.00025380794558915433,0.8,0.1,0.4831758597995258,0.20025065922120516,-0.042143907010543116,0.2503125254662118,-0.42143907010543114,0.0004349100884097754,-7.438494264988549e-15,-1.0076273933574718,-1.0565761323633183e-06,57.0,5.905788674592021e-14
0.00025380794558915433,1.0,0.1,0.0,0.24522759656123544,-0.042143907010543116,0.1053597675263577,-0.42143907010543114,13.186413289462704,-1.6653345369377348e-16,-0.7901982564476835,-0.18964758154744407,57.0,5.905788674592021e-14
0.0002654935879196681,0.0,0.1,0.4832623246328469,0.0,-0.04215121387075388,0.25035673206673803,-0.4215121387075388,0.0,-1.4432899320127035e-15,-1.0078033061614167,-4.85722573273506e-16,56.0,4.3175115380497845e-14
0.0002654935879196681,0.3,0.1,0.4832623246328469,0.07510701962002153,-0.04215121387075388,0.25035673206673814,-0.4215121387075388,-5.749646513143667e-15,-1.2212453270876722e-15,-1.0078033061614167,-4.3021142204224816e-16,56.0,4.3175115380497845e-14
0.0002654935879196681,0.8,0.1,0.48325799796637803,0.20028537356929224,-0.04215121387075388,0.2503554340667947,-0.4215121387075388,0.0006694776146195261,-6.772360450213455e-15,-1.0078013591615071,-1.6982165911005875e-06,56.0,4.3175115380497845e-14
0.0002654935879196681,1.0,0.1,0.0,0.24515452795912784,-0.04215121387075388,0.10537803467688463,-0.4215121387075388,12.896456868411207,-1.3877787807814457e-16,-0.7903352600766353,-0.1896804624183925,56.0,4.3175115380497845e-14
0.0002777172521641917,0.0,0.1,0.48334802793392007,0.0,-0.042158689103125244,0.2504011311379885,-0.4215868910312524,0.0,-1.2212453270876722e-15,-1.0079820332538627,-3.191891195797325e-16,55.0,3.212556234371425e-14
0.0002777172521641917,0.3,0.1,0.48334802793391973,0.07512033934139663,-0.042158689103125244,0.2504011311379885,-0.4215868910312524,1.0561186283345392e-14,-1.0547118733938987e-15,-1.0079820332538625,-3.885780586188048e-16,55.0,3.212556234371425e-14
0.0002777172521641917,0.8,0.1,0.4833412117214139,0.200320885064156,-0.042158689103125244,0.2503990862742341,-0.4215868910312524,0.0010101832669345177,-6.38378239159465e-15,-1.007978965958236,-2.6753634105314283e-06,55.0,3.212556234371425e-14
0.0002777172521641917,1.0,0.1,0.0,0.24507977563541422,-0.042158689103125244,0.105396722757813,-0.4215868910312524,12.612954665683638,-1.6653345369377348e-16,-0.7904754206835983,-0.18971410096406363,55.0,3.212556234371425e-14
0.00029050370953955337,0.0,0.1,0.48343570664922725,0.0,-0.04216633663551592,0.2504465535835576,-0.4216633663551592,0.0,-7.216449660063518e-16,-1.008164879908076,-1.8041124150158794e-16,53.0,7.933323463091342e-14
0.00029050370953955337,0.3,0.1,0.48343570664922714,0.07513396607506727,-0.04216633663551592,0.25044655358355755,-0.4216633663551592,-1.0847303502295464e-15,-7.771561172376096e-16,-1.008164879908076,-2.3592239273284576e-16,53.0,7.933323463091342e-14
0.00029050370953955337,0.8,0.1,0.48342517221611053,0.20035721089481145,-0.04216633663551592,0.25044339325362003,-0.4216633663551592,0.001495456092412531,-5.88418203051333e-15,-1.0081601394131747,-4.134765000024521e-06,53.0,7.933323463091342e-14
0.00029050370953955337,1.0,0.1,0.0,0.24500330031150735,-0.04216633663551592,0.10541584158878972,-0.4216633663551592,12.335763070912176,-1.6653345369377348e-16,-0.7906188119159236,-0.18974851485982172,53.0,7.933323463091342e-14
0.0003038788717610777,0.0,0.1,0.4835254068875544,0.0,-0.042174160489636715,0.25049302329035783,-0.42174160489636714,0.0,-5.551115123125783e-16,-1.008351942280088,-2.7755575615628914e-16,52.0,6.332353454483037e-14
0.0003038788717610777,0.3,0.1,0.4835254068875545,0.07514790698710735,-0.042174160489636715,0.2504930232903579,-0.42174160489636714,1.8332588028363308e-14,-4.996003610813204e-16,-1.008351942280088,-2.220446049250313e-16,52.0,6.332353454483037e-14
0.0003038788717610777,0.8,0.1,0.48350942155517895,0.20039436806686434,-0.042174160489636715,0.25048822769064266,-0.42174160489636714,0.0021738100843616023,-5.6066262743570405e-15,-1.0083447488805204,-6.274242959153353e-06,52.0,6.332353454483037e-14
0.0003038788717610777,1.0,0.1,0.0,0.24492506177029943,-0.042174160489636715,0.1054354012240917,-0.42174160489636714,12.064741670455366,-1.6653345369377348e-16,-0.7907655091806884,-0.18978372220336528,52.0,6.332353454483037e-14
0.00031786984355259185,0.0,0.1,0.4836171758605824,0.0,-0.04218216478339524,0.2505405647166626,-0.4218216478339524,0.0,-3.885780586188048e-16,-1.008543318825923,-1.249000902703301e-16,51.0,5.166487644197987e-14
0.00031786984355259185,0.3,0.1,0.4836171758605821,0.07516216941499876,-0.04218216478339524,0.2505405647166627,-0.4218216478339524,-1.78004563917817e-14,-1.1102230246251565e-16,-1.0085433188259227,-1.1102230246251565e-16,51.0,5.166487644197987e-14
0.00031786984355259185,0.8,0.1,0.4835933404490213,0.2004323732000154,-0.04218216478339524,0.25053341409319196,-0.4218216478339524,0.0031052241664172083,-5.051514762044462e-15,-1.0085325928907216,-9.35539903922089e-06,51.0,5.166487644197987e-14
0.00031786984355259185,1.0,0.1,0.0,0.2448450188327142,-0.04218216478339524,0.10545541195848801,-0.4218216478339524,11.799753176271187,-1.6653345369377348e-16,-0.7909155896886608,-0.1898197415252786,51.0,5.166487644197987e-14
0.0003325049775740647,0.0,0.1,0.48371106191049135,0.0,-0.04219035373330399,0.25058920290640724,-0.4219035373330398,0.0,-2.220446049250313e-16,-1.008739110359171,-1.3877787807814457e-16,50.0,4.31445909724272e-14
0.0003325049775740647,0.3,0.1,0.48371106191049135,0.07517676087192213,-0.04219035373330399,0.25058920290640746,-0.4219035373330398,3.6216510194386606e-15,2.220446049250313e-16,-1.0087391103591707,0.0,50.0,4.31445909724272e-14
0.0003325049775740647,0.8,0.1,0.48367611194218507,0.20047124227404037,-0.04219035373330399,0.25057871791591324,-0.4219035373330398,0.004362358715354311,-4.440892098500626e-15,-1.008723382873434,-1.3717862561615779e-05,50.0,4.31445909724272e-14
0.0003325049775740647,1.0,0.1,0.0,0.24476312933362682,-0.04219035373330399,0.1054758843332599,-0.4219035373330398,11.540663356373699,-1.1102230246251565e-16,-0.7910691324994497,-0.18985659179986794,50.0,4.31445909724272e-14
0.00034781393187818143,0.0,0.1,0.4838071145383197,0.0,-0.04219873165695344,0.25063896350387954,-0.42198731656953437,0.0,1.6653345369377348e-16,-1.0089394201101207,4.163336342344337e-17,49.0,3.692751244756755e-14
0.00034781393187818143,0.3,0.1,0.48380711453831937,0.07519168905116375,-0.04219873165695344,0.25063896350387965,-0.42198731656953437,7.962927696878523e-15,4.440892098500626e-16,-1.0089394201101207,4.163336342344337e-17,49.0,3.692751244756755e-14
0.00034781393187818143,0.8,0.1,0.4837566818597376,0.20051099031711153,-0.04219873165695344,0.2506238337003028,-0.42198731656953437,0.006031506564348147,-4.218847493575595e-15,-1.00891672540476,-1.9794826344718408e-05,49.0,3.692751244756755e-14
0.00034781393187818143,1.0,0.1,0.0,0.2446793500971322,-0.04219873165695344,0.10549682914238354,-0.42198731656953437,11.287340966837727,-1.1102230246251565e-16,-0.791226218567877,-0.18989429245629047,49.0,3.692751244756755e-14
0.0003638277300122923,0.0,0.1,0.48390538443308523,0.0,-0.042207302975552446,0.2506898727688068,-0.4220730297555244,0.0,2.220446049250313e-16,-1.0091443537864966,2.7755575615628914e-17,48.0,3.2439108012599764e-14
0.0003638277300122923,0.3,0.1,0.4839053844330851,0.0752069618306419,-0.042207302975552446,0.250689872768807,-0.4220730297555244,-1.2297855042001733e-14,7.216449660063518e-16,-1.0091443537864964,1.5265566588595902e-16,48.0,3.2439108012599764e-14
0.0003638277300122923,0.8,0.1,0.4838337169210722,0.20055163103126952,-0.042207302975552446,0.25066837251520085,-0.4220730297555244,0.008213176749934346,-3.774758283725532e-15,-1.0091121034060917,-2.8129498466297753e-05,48.0,3.2439108012599764e-14
0.0003638277300122923,1.0,0.1,0.0,0.24459363691114216,-0.042207302975552446,0.10551825743888105,-0.4220730297555244,11.039657685317234,-1.1102230246251565e-16,-0.7913869307916083,-0.18993286338998602,48.0,3.2439108012599764e-14
0.00038057882388753525,0.0,0.1,0.48400592350170496,0.0,-0.042216072216537615,0.2507419575918557,-0.42216072216537615,0.0,3.3306690738754696e-16,-1.0093540196358475,2.7755575615628914e-17,47.0,2.928831358988136e-14
0.00038057882388753525,0.3,0.1,0.48400592350170507,0.07522258727755657,-0.042216072216537615,0.2507419575918559,-0.42216072216537615,5.167497722169003e-15,7.216449660063518e-16,-1.0093540196358473,1.942890293094024e-16,47.0,2.928831358988136e-14
0.00038057882388753525,0.8,0.1,0.48390556176565047,0.20059317635123475,-0.042216072216537615,0.2507118490710375,-0.42216072216537615,0.011022217411081595,-3.3306690738754696e-15,-1.0093088568546238,-3.939198140247291e-05,47.0,2.928831358988136e-14
0.00038057882388753525,1.0,0.1,0.0,0.24450594450129046,-0.042216072216537615,0.10554018054134395,-0.42216072216537615,10.797488046043705,-1.6653345369377348e-16,-0.7915513540600803,-0.18997232497441932,47.0,2.928831358988136e-14
0.00039810115954252816,0.0,0.1,0.4841087848997295,0.0,-0.04222504401625418,0.25079524551055443,-0.42225044016254176,0.0,2.7755575615628914e-16,-1.009568528509644,1.249000902703301e-16,46.0,2.7217321839965128e-14
0.00039810115954252816,0.3,0.1,0.4841087848997292,0.07523857365316618,-0.04222504401625418,0.25079524551055477,-0.42225044016254176,2.7381852768303522e-15,1.1657341758564144e-15,-1.0095685285096436,2.498001805406602e-16,46.0,2.7217321839965128e-14
0.00039810115954252816,0.8,0.1,0.483970196393927,0.20063563593454004,-0.04222504401625418,0.250753668958812,-0.42225044016254176,0.014587400213510366,-3.0531133177191805e-15,-1.0095061636820337,-5.439598852836902e-05,46.0,2.7217321839965128e-14
0.00039810115954252816,1.0,0.1,0.0,0.24441622650412487,-0.04222504401625418,0.10556261004063536,-0.42225044016254176,10.560709376271667,-1.6653345369377348e-16,-0.7917195753047659,-0.19001269807314383,46.0,2.7217321839965128e-14
0.0004164302459349113,0.0,0.1,0.4842140230629195,0.0,-0.04223422312271019,0.25084976472565157,-0.4223422312271019,0.0,4.996003610813204e-16,-1.0097879939291297,1.942890293094024e-16,45.0,2.607033731606822e-14
0.0004164302459349113,0.3,0.1,0.48421402306291905,0.0752549294176953,-0.04223422312271019,0.25084976472565185,-0.4223422312271019,-9.125783379871278e-15,1.3322676295501878e-15,-1.0097879939291294,2.636779683484747e-16,45.0,2.607033731606822e-14
0.0004164302459349113,0.8,0.1,0.48402519572671204,0.2006790165831156,-0.04223422312271019,0.2507931165247877,-0.4223422312271019,0.019050411692788993,-2.7755575615628914e-15,-1.0097030216278373,-7.411472946221298e-05,45.0,2.607033731606822e-14
0.0004164302459349113,1.0,0.1,0.0,0.24432443543956475,-0.04223422312271019,0.1055855578067754,-0.4223422312271019,10.329201734139044,-1.3877787807814457e-16,-0.7918916835508161,-0.19005400405219589,45.0,2.607033731606822e-14
0.0004356032269001345,0.0,0.1,0.4843216937396938,0.0,-0.04224361439840665,0.2509055441179251,-0.4224361439840664,0.0,6.661338147750939e-16,-1.0100125321529867,1.249000902703301e-16,44.0,2.5776655270154556e-14
0.0004356032269001345,0.3,0.1,0.4843216937396939,0.07527166323537735,-0.04224361439840665,0.2509055441179255,-0.4224361439840664,7.514371658194166e-15,1.3877787807814457e-15,-1.0100125321529865,3.885780586188048e-16,44.0,2.5776655270154556e-14
0.0004356032269001345,0.8,0.1,0.4840676931083354,0.20072332159887654,-0.04224361439840665,0.250829343928516,-0.4224361439840664,0.024564225526356443,-2.4424906541753444e-15,-1.009898231868876,-9.969524780896466e-05,44.0,2.5776655270154556e-14
0.0004356032269001345,1.0,0.1,0.0,0.2442305226826002,-0.04224361439840665,0.10560903599601654,-0.4224361439840664,10.102847847911015,-1.6653345369377348e-16,-0.7920677699701246,-0.19009626479282996,44.0,2.5776655270154556e-14
0.000455658956423325,0.0,0.1,0.48443185402447186,0.0,-0.04225322282324562,0.250962613265456,-0.4225322282324562,0.0,7.771561172376096e-16,-1.0102422622468674,1.6653345369377348e-16,43.0,2.6346020781142336e-14
0.000455658956423325,0.3,0.1,0.48443185402447175,0.07528878397963658,-0.04225322282324562,0.2509626132654564,-0.4225322282324562,-8.392458777997857e-16,1.609823385706477e-15,-1.0102422622468672,3.7470027081099033e-16,43.0,2.6346020781142336e-14
0.000455658956423325,0.8,0.1,0.484094349609333,0.2007685500784439,-0.04225322282324562,0.2508613619409129,-0.4225322282324562,0.03129086195148185,-2.0539125955565396e-15,-1.0100903852600558,-0.00013247048294269537,43.0,2.6346020781142336e-14
0.000455658956423325,1.0,0.1,0.0,0.24413443843421045,-0.04225322282324562,0.10563305705811396,-0.4225322282324562,9.881533056576448,-1.6653345369377348e-16,-0.7922479279358554,-0.1901395027046053,43.0,2.6346020781142336e-14
0.0004766380773767616,0.0,0.1,0.48454456239193794,0.0,-0.04226305349751902,0.2510210024613793,-0.4226305349751902,0.0,7.771561172376096e-16,-1.0104773061548535,2.7755575615628914e-16,42.0,2.7876671917251107e-14
0.0004766380773767616,0.3,0.1,0.4845445623919376,0.07530630073841357,-0.04226305349751902,0.25102100246137976,-0.4226305349751902,-8.147810717768194e-15,1.887379141862766e-15,-1.010477306154853,4.718447854656915e-16,42.0,2.7876671917251107e-14
0.0004766380773767616,0.8,0.1,0.4841013309156211,0.20081469615474407,-0.04226305349751902,0.250888033018483,-0.4226305349751902,0.03939857399758859,-1.7208456881689926e-15,-1.0102778519905116,-0.00017396835445485093,42.0,2.7876671917251107e-14
0.0004766380773767616,1.0,0.1,0.0,0.24403613169147642,-0.04226305349751902,0.1056576337437975,-0.4226305349751902,9.665145251766992,-1.1102230246251565e-16,-0.7924322530784816,-0.19018374073883562,42.0,2.7876671917251107e-14
0.0004985831038825299,0.0,0.1,0.4846598787322597,0.0,-0.04227311164498044,0.2510807427321294,-0.4227311164498044,0.0,7.771561172376096e-16,-1.0107177887729,1.8041124150158794e-16,41.0,3.0579422295120044e-14
0.0004985831038825299,0.3,0.1,0.48465987873225946,0.07532422281963862,-0.04227311164498044,0.2510807427321299,-0.4227311164498044,9.930566621811817e-15,1.887379141862766e-15,-1.0107177887728995,4.440892098500626e-16,41.0,3.0579422295120044e-14
0.0004985831038825299,0.8,0.1,0.48408429342325715,0.2008617481957416,-0.04227311164498044,0.2509080671394274,-0.4227311164498044,0.04905853244832845,-1.6653345369377348e-15,-1.0104587753838494,-0.00022591723378402595,41.0,3.0579422295120044e-14
0.0004985831038825299,1.0,0.1,0.0,0.24393555021686225,-0.04227311164498044,0.10568277911245103,-0.4227311164498044,9.453574820969214,-1.6653345369377348e-16,-0.7926208433433832,-0.19022900240241203,41.0,3.0579422295120044e-14
0.0005215385074672542,0.0,0.1,0.48477786438729203,0.0,-0.04228340261600269,0.2511418658561947,-0.4228340261600269,0.0,6.661338147750939e-16,-1.0109638380243315,2.220446049250313e-16,40.0,3.482556282078565e-14
0.0005215385074672542,0.3,0.1,0.4847778643872916,0.07534255975685819,-0.04228340261600269,0.2511418658561952,-0.4228340261600269,-4.39209108642919e-15,1.942890293094024e-15,-1.010963838024331,4.3021142204224816e-16,40.0,3.482556282078565e-14
0.0005215385074672542,0.8,0.1,0.48403838089800366,0.20090968797283887,-0.04228340261600269,0.25092002080940706,-0.4228340261600269,0.0604411101751652,-1.5543122344752192e-15,-1.0106310704541523,-0.0002902472695461289,40.0,3.482556282078565e-14
0.0005215385074672542,1.0,0.1,0.0,0.24383264050663964,-0.04228340261600269,0.10570850654000666,-0.4228340261600269,9.246714592001211,-1.1102230246251565e-16,-0.7928137990500504,-0.19027531177201212,40.0,3.482556282078565e-14
0.0005455508071835036,0.0,0.1,0.48489858218778914,0.0,-0.042293931890823824,0.2512044043833967,-0.4229393189082382,0.0,8.326672684688674e-16,-1.0112155849374516,2.7755575615628914e-16,39.0,4.123396769704035e-14
0.0005455508071835036,0.3,0.1,0.48489858218778903,0.07536132131501878,-0.042293931890823824,0.2512044043833973,-0.4229393189082382,-8.521827338713971e-15,2.1094237467877974e-15,-1.0112155849374511,6.245004513516506e-16,39.0,4.123396769704035e-14
0.0005455508071835036,0.8,0.1,0.4839582327206855,0.20095848981338976,-0.042293931890823824,0.2509222995432646,-0.4229393189082382,0.07371188971441198,-1.1657341758564144e-15,-1.0107924276772555,-0.0003690871658384859,39.0,4.123396769704035e-14
0.0005455508071835036,1.0,0.1,0.0,0.2437273477584284,-0.042293931890823824,0.1057348297270595,-0.4229393189082382,9.044459778725452,-1.1102230246251565e-16,-0.7930112229529467,-0.19032269350870723,39.0,4.123396769704035e-14
0.0005706686638805088,0.0,0.1,0.48502209649166733,0.0,-0.042304705082884336,0.2512683916547114,-0.4230470508288433,0.0,7.216449660063518e-16,-1.0114731637253314,1.5265566588595902e-16,38.0,5.0826887413535637e-14
0.0005706686638805088,0.3,0.1,0.48502209649166733,0.07538051749641322,-0.042304705082884336,0.251268391654712,-0.4230470508288433,1.7582333836890773e-14,1.942890293094024e-15,-1.011473163725331,5.134781488891349e-16,38.0,5.0826887413535637e-14
0.0005706686638805088,0.8,0.1,0.48383800434157553,0.20100811975323457,-0.042304705082884336,0.250913164009683,-0.4230470508288433,0.08902753421651083,-9.43689570931383e-16,-1.0109403222577904,-0.0004647561689113955,38.0,5.0826887413535637e-14
0.0005706686638805088,1.0,0.1,0.0,0.24361961583782332,-0.042304705082884336,0.10576176270721076,-0.4230470508288433,8.846707927970357,-1.3877787807814457e-16,-0.7932132203040813,-0.19037117287297953,38.0,5.0826887413535637e-14
0.0005969429788152134,0.0,0.1,0.485148473223347,0.0,-0.04231572794225858,0.2513338618226509,-0.4231572794225858,0.0,7.216449660063518e-16,-1.0117367118678544,2.7755575615628914e-16,37.0,6.531125540123222e-14
0.0005969429788152134,0.3,0.1,0.4851484732233464,0.07540015854679505,-0.04231572794225858,0.25133386182265144,-0.4231572794225858,-1.4516029231288088e-14,2.1094237467877974e-15,-1.0117367118678537,4.996003610813204e-16,37.0,6.531125540123222e-14
0.0005969429788152134,0.8,0.1,0.48367140013217463,0.2010585347060809,-0.04231572794225858,0.25089073989529853,-0.4231572794225858,0.10653167029830247,-5.551115123125783e-16,-1.0110720289768271,-0.0005797511882852519,37.0,6.531125540123222e-14
0.0005969429788152134,1.0,0.1,0.0,0.24350938724408083,-0.04231572794225858,0.10578931985564638,-0.4231572794225858,8.653358867633838,-1.3877787807814457e-16,-0.7934198989173484,-0.19042077574016364,37.0,6.531125540123222e-14
0.0006244269968035151,0.0,0.1,0.4852777799142043,0.0,-0.04232700635918339,0.2514008498722201,-0.4232700635918339,0.0,7.216449660063518e-16,-1.0120063701960804,1.5265566588595902e-16,36.0,8.759718247558022e-14
0.0006244269968035151,0.3,0.1,0.48527777991420434,0.07542025496166585,-0.04232700635918339,0.25140084987222083,-0.4232700635918339,-8.925448680275267e-15,2.1094237467877974e-15,-1.01200637019608,5.828670879282072e-16,36.0,8.759718247558022e-14
0.0006244269968035151,0.8,0.1,0.48345171837485884,0.20110968166688964,-0.04232700635918339,0.25085303141041576,-0.4232700635918339,0.12635093162013472,-7.216449660063518e-16,-1.0111846425033753,-0.0007167291541933657,36.0,8.759718247558022e-14
0.0006244269968035151,1.0,0.1,0.0,0.24339660307483274,-0.04232700635918339,0.10581751589795842,-0.4232700635918339,8.46431465594236,-1.1102230246251565e-16,-0.7936313692346886,-0.1904715286163253,36.0,8.759718247558022e-14
0.000653176414120711,0.0,0.1,0.4854100857441818,0.0,-0.04233854636768698,0.2514693916424723,-0.4233854636768698,0.0,6.106226635438361e-16,-1.0122822829790126,1.249000902703301e-16,36.0,2.1143591623619728e-14
0.000653176414120711,0.3,0.1,0.4854100857441817,0.07544081749274151,-0.04233854636768698,0.2514693916424731,-0.4233854636768698,-2.4678358917261084e-15,2.3869795029440866e-15,-1.012282282979012,5.967448757360216e-16,36.0,2.1143591623619728e-14
0.000653176414120711,0.8,0.1,0.48317190769391555,0.20116149696616134,-0.04233854636768698,0.2507979382273918,-0.4233854636768698,0.14859130453012742,-5.551115123125783e-16,-1.0112751028563929,-0.0008784848847297327,36.0,2.1143591623619728e-14
0.000653176414120711,1.0,0.1,0.0,0.24328120298979683,-0.04233854636768698,0.1058463659192174,-0.4233854636768698,8.279479531840016,-1.1102230246251565e-16,-0.7938477443941309,-0.19052345865459144,36.0,2.1143591623619728e-14
0.0006832494913698281,0.0,0.1,0.4855454615845779,0.0,-0.04235035414932152,0.25153952384867745,-0.4235035414932152,0.0,5.551115123125783e-16,-1.0125645980128384,1.6653345369377348e-16,35.0,3.011365913186998e-14
0.0006832494913698281,0.3,0.1,0.48554546158457784,0.07546185715460307,-0.04235035414932152,0.2515395238486782,-0.4235035414932152,9.52879188479196e-15,2.220446049250313e-15,-1.012564598012838,6.245004513516506e-16,35.0,3.011365913186998e-14
0.0006832494913698281,0.8,0.1,0.4828246338276263,0.20121390559117242,-0.04235035414932152,0.2507232755215914,-0.4235035414932152,0.17333490272338645,-4.996003610813204e-16,-1.0113402255222104,-0.0010679248946036807,35.0,3.011365913186998e-14
0.0006832494913698281,1.0,0.1,0.0,0.2431631251734514,-0.04235035414932152,0.10587588537330372,-0.4235035414932152,8.098759866482121,-1.3877787807814457e-16,-0.7940691402997785,-0.19057659367194688,35.0,3.011365913186998e-14
0.0007147071715465454,0.0,0.1,0.48568398004206786,0.0,-0.042362436037002606,0.2516112841051272,-0.42362436037002604,0.0,6.106226635438361e-16,-1.0128534667127291,9.71445146547012e-17,34.0,4.496353544108544e-14
0.0007147071715465454,0.3,0.1,0.4856839800420678,0.075483385231538,-0.042362436037002606,0.251611284105128,-0.42362436037002604,-1.2927214310541076e-14,2.3314683517128287e-15,-1.0128534667127287,5.828670879282072e-16,34.0,4.496353544108544e-14
0.0007147071715465454,0.8,0.1,0.48240235528919917,0.20126682058882506,-0.042362436037002606,0.2506267966792661,-0.42362436037002604,0.20063727780689117,-3.885780586188048e-16,-1.0113767355739385,-0.0012880377155011502,34.0,4.496353544108544e-14
0.0007147071715465454,1.0,0.1,0.0,0.2430423062966406,-0.042362436037002606,0.10590609009250647,-0.42362436037002604,7.9220641158094685,-8.326672684688674e-17,-0.7942956756937989,-0.19063096216651174,34.0,4.496353544108544e-14
0.0007476132035399857,0.0,0.1,0.48582571550399173,0.0,-0.042374798518959284,0.25168471094859596,-0.4237479851895928,0.0,4.440892098500626e-16,-1.0131490442072826,1.5265566588595902e-16,33.0,7.045932927249877e-14
0.0007476132035399857,0.3,0.1,0.4858257155039916,0.07550541328457863,-0.042374798518959284,0.25168471094859673,-0.4237479851895928,9.62627497050876e-16,2.1649348980190553e-15,-1.0131490442072821,5.967448757360216e-16,33.0,7.045932927249877e-14
0.0007476132035399857,0.8,0.1,0.4818974061793058,0.20132014256292605,-0.042374798518959284,0.25050621815118984,-0.4237479851895928,0.23052534846089334,-2.220446049250313e-16,-1.0113813050111742,-0.0015418614099392686,33.0,7.045932927249877e-14
0.0007476132035399857,1.0,0.1,0.0,0.2429186814770738,-0.042374798518959284,0.10593699629739814,-0.4237479851895928,7.749302774178349,-1.1102230246251565e-16,-0.7945274722304865,-0.19068659333531676,33.0,7.045932927249877e-14
0.0007820342713196361,0.0,0.1,0.48597074418494723,0.0,-0.04238744824279818,0.2517598438624797,-0.42387448242798176,0.0,1.1102230246251565e-16,-1.013451489435692,4.163336342344337e-17,33.0,1.687889348051249e-14
0.0007820342713196361,0.3,0.1,0.4859707441849469,0.07552795315874378,-0.04238744824279818,0.25175984386248057,-0.42387448242798176,9.269594815830007e-17,2.0539125955565396e-15,-1.0134514894356914,4.996003610813204e-16,33.0,1.687889348051249e-14
0.0007820342713196361,0.8,0.1,0.48130208420467,0.20137375927647658,-0.04238744824279818,0.25035924586839625,-0.42387448242798176,0.262996004179426,-4.440892098500626e-16,-1.0113505924445674,-0.0018324490422589185,33.0,1.687889348051249e-14
0.0007820342713196361,1.0,0.1,0.0,0.24279218423868493,-0.04238744824279818,0.10596862060699538,-0.42387448242798176,7.580388329023521,-1.1102230246251565e-16,-0.7947646545524658,-0.1907435170925918,33.0,1.687889348051249e-14
0.000818040129070197,0.0,0.1,0.4861191441747383,0.0,-0.04240039201968552,0.2518367233016354,-0.4240039201968552,0.0,2.7755575615628914e-16,-1.0137609652477355,2.7755575615628914e-17,32.0,2.8441573038566435e-14
0.000818040129070197,0.3,0.1,0.48611914417473817,0.07555101699049051,-0.04240039201968552,0.2518367233016363,-0.4240039201968552,7.187058141429585e-15,2.1649348980190553e-15,-1.013760965247735,5.412337245047638e-16,32.0,2.8441573038566435e-14
0.000818040129070197,0.8,0.1,0.4806087418306759,0.20142754536704588,-0.04240039201968552,0.25018360259841643,-0.4240039201968552,0.298015411989882,-2.7755575615628914e-16,-1.0112812841929077,-0.0021628329200446134,32.0,2.8441573038566435e-14
0.000818040129070197,1.0,0.1,0.0,0.24266274646981145,-0.04240039201968552,0.10600098004921374,-0.4240039201968552,7.415235216530768,-1.1102230246251565e-16,-0.7950073503691035,-0.19080176408858485,32.0,2.8441573038566435e-14
0.0008557037425482235,0.0,0.1,0.48627099548771957,0.0,-0.042413636828651076,0.25191539071794355,-0.42413636828651075,0.0,5.551115123125783e-17,-1.0140776385066814,8.326672684688674e-17,31.0,5.050298817773206e-14
0.0008557037425482235,0.3,0.1,0.4862709954877188,0.07557461721538296,-0.042413636828651076,0.25191539071794433,-0.42413636828651075,-1.568613923452073e-14,2.0539125955565396e-15,-1.0140776385066805,3.885780586188048e-16,31.0,5.050298817773206e-14
0.0008557037425482235,0.8,0.1,0.47980987845163037,0.20148136218061646,-0.042413636828651076,0.24997705560711664,-0.42413636828651075,0.3355190276012534,-2.7755575615628914e-16,-1.0111701358404415,-0.0025359884366650126,31.0,5.050298817773206e-14
0.0008557037425482235,1.0,0.1,0.0,0.24253029838015588,-0.042413636828651076,0.10603409207162762,-0.42413636828651075,7.253759778296981,-1.3877787807814457e-16,-0.7952556905372077,-0.19086136572892987,31.0,5.050298817773206e-14
0.0008951014369469913,0.0,0.1,0.48642638011358114,0.0,-0.042427189821017924,0.25199588858661914,-0.42427189821017924,0.0,0.0,-1.0144016801951976,-6.938893903907228e-17,30.0,9.456807608222498e-14
0.0008951014369469913,0.3,0.1,0.48642638011358125,0.07559876657598567,-0.042427189821017924,0.25199588858662025,-0.42427189821017924,1.2578697103017547e-14,2.1649348980190553e-15,-1.0144016801951972,6.245004513516506e-16,30.0,9.456807608222498e-14
0.0008951014369469913,0.8,0.1,0.47889823149617206,0.2015350577265378,-0.042427189821017924,0.24973744400139633,-0.42427189821017924,0.3754122874172304,-1.6653345369377348e-16,-1.0110140133173635,-0.0029547983323331833,30.0,9.456807608222498e-14
0.0008951014369469913,1.0,0.1,0.0,0.24239476845648739,-0.042427189821017924,0.10606797455254476,-0.42427189821017924,7.095880218955413,-1.1102230246251565e-16,-0.7955098091440862,-0.1909223541945807,30.0,9.456807608222498e-14
0.0009363130515692668,0.0,0.1,0.48658538206963337,0.0,-0.04244105832496248,0.2520782604332962,-0.4244105832496248,0.0,-5.551115123125783e-17,-1.0147332655243815,-6.938893903907228e-17,30.0,2.3012762593706805e-14
0.0009363130515692668,0.3,0.1,0.48658538206963325,0.07562347812998879,-0.04244105832496248,0.2520782604332971,-0.4244105832496248,1.1725852213395112e-14,1.887379141862766e-15,-1.0147332655243808,4.718447854656915e-16,30.0,2.3012762593706805e-14
0.0009363130515692668,0.8,0.1,0.47786686448999355,0.20158846675350536,-0.04244105832496248,0.24946270515940416,-0.4244105832496248,0.4175719358108925,-1.6653345369377348e-16,-1.0108099326135436,-0.0034220181500087404,30.0,2.3012762593706805e-14
0.0009363130515692668,1.0,0.1,0.0,0.24225608341704186,-0.04244105832496248,0.10610264581240615,-0.4244105832496248,6.941516564744934,-8.326672684688674e-17,-0.7957698435930465,-0.19098476246233118,30.0,2.3012762593706805e-14
0.0009794221016213938,0.0,0.1,0.4867480874546255,0.0,-0.042455249850209,0.25216255086191014,-0.42455249850209,0.0,5.551115123125783e-17,-1.015072574046,1.3877787807814457e-17,29.0,4.692802721069886e-14
0.0009794221016213938,0.3,0.1,0.48674808745462494,0.07564876525857295,-0.042455249850209,0.252162550861911,-0.42455249850209,4.79400627008747e-14,1.9984014443252818e-15,-1.0150725740459994,3.885780586188048e-16,29.0,4.692802721069886e-14
0.0009794221016213938,0.8,0.1,0.4767092502633377,0.20164141094388793,-0.042455249850209,0.2491508997045237,-0.42455249850209,0.46184792373867667,-2.7755575615628914e-16,-1.0105550973099207,-0.003940243597580509,29.0,4.692802721069886e-14
0.0009794221016213938,1.0,0.1,0.0,0.24211416816457662,-0.042455249850209,0.10613812462552244,-0.42455249850209,6.790590623002003,-1.1102230246251565e-16,-0.7960359346914188,-0.19104862432594052,29.0,4.692802721069886e-14
0.001,0.0,0.1,0.48682452005427934,0.0,-0.04246191647140103,0.2522021471947863,-0.4246191647140103,0.0,-1.6653345369377348e-16,-1.0152319678631951,-4.163336342344337e-17,29.0,2.4275272758635947e-14
0.001,0.3,0.1,0.4868245200542785,0.07566064415843583,-0.04246191647140103,0.25220214719478706,-0.4246191647140103,8.276993477131143e-14,1.887379141862766e-15,-1.015231967863194,2.498001805406602e-16,29.0,2.4275272758635947e-14
0.001,0.8,0.1,0.47613019742253704,0.20166565778387116,-0.04246191647140103,0.24899385040526362,-0.4246191647140103,0.48296721581982943,-1.1102230246251565e-16,-1.010419522678911,-0.0041975216329588755,29.0,2.4275272758635947e-14
0.001,1.0,0.1,0.0,0.24204750195265634,-0.04246191647140103,0.10615479117850254,-0.4246191647140103,6.722013577810579,-5.551115123125783e-17,-0.7961609338387693,-0.19107862412130464,29.0,2.4275272758635947e-14
0.001024515947456601,0.0,0.1,0.48691458450416597,0.0,-0.04246977209286337,0.2522488055834081,-0.42469772092863367,0.0,-1.6653345369377348e-16,-1.0154197897680628,-5.551115123125783e-17,29.0,1.1072201049995125e-14
0.001024515947456601,0.3,0.1,0.4869145845041646,0.07567464167502239,-0.04246977209286337,0.2522488055834087,-0.42469772092863367,1.695215226999706e-13,1.7763568394002505e-15,-1.0154197897680617,-2.7755575615628914e-17,29.0,1.1072201049995125e-14
0.001024515947456601,0.8,0.1,0.4754193477048143,0.20169369922133157,-0.04246977209286337,0.24880023454360267,-0.42469772092863367,0.5080658006218548,-5.551115123125783e-17,-1.0102469332083546,-0.004511880443745564,29.0,1.1072201049995125e-14
0.001024515947456601,1.0,0.1,0.0,0.24196894573803296,-0.04246977209286337,0.10617443023215836,-0.42469772092863367,6.643025942555467,-1.1102230246251565e-16,-0.7963082267411881,-0.1911139744178852,29.0,1.1072201049995125e-14
0.0010716859716104739,0.0,0.1,0.4870849636477909,0.0,-0.042484632940390656,0.2523370714453138,-0.42484632940390654,0.0,-1.6653345369377348e-16,-1.0157751012738307,-6.938893903907228e-17,28.0,2.4756437926238032e-14
0.0010716859716104739,0.3,0.1,0.4870849636477858,0.07570112143359409,-0.042484632940390656,0.25233707144531325,-0.42484632940390654,6.431560353119171e-13,1.7763568394002505e-15,-1.015775101273828,-1.4849232954361469e-15,28.0,2.4756437926238032e-14
0.0010716859716104739,0.8,0.1,0.4739916707130698,0.20174512816443774,-0.042484632940390656,0.2484090835648975,-0.42484632940390654,0.5560295116084246,-2.220446049250313e-16,-1.0098831194532063,-0.005139117476878091,28.0,2.4756437926238032e-14
0.0010716859716104739,1.0,0.1,0.0,0.24182033726276003,-0.042484632940390656,0.10621158235097658,-0.42484632940390654,6.498747775003232,-1.1102230246251565e-16,-0.7965868676323249,-0.19118084823175796,28.0,2.4756437926238032e-14
0.00112102776398738,0.0,0.1,0.48725931756773916,0.0,-0.04249984047674168,0.25242739646217577,-0.42499840476741674,0.0,-2.7755575615628914e-16,-1.016138701844389,-1.3877787807814457e-17,27.0,5.872307548851162e-14
0.00112102776398738,0.3,0.1,0.4872593175677198,0.07572821893865261,-0.04249984047674168,0.252427396462171,-0.42499840476741674,2.3854695642757157e-12,1.7208456881689926e-15,-1.01613870184438,-6.994405055138486e-15,27.0,5.872307548851162e-14
0.00112102776398738,0.8,0.1,0.4724213482708199,0.20179548251749482,-0.04249984047674168,0.24797600567310002,-0.42499840476741674,0.6055245067757066,-2.220446049250313e-16,-1.0094616156607754,-0.005823902949040796,27.0,5.872307548851162e-14
0.00112102776398738,1.0,0.1,0.0,0.24166826189924984,-0.04249984047674168,0.10624960119185413,-0.42499840476741674,6.357683036852025,-1.1102230246251565e-16,-0.7968720089389064,-0.19124928214533757,27.0,5.872307548851162e-14
0.001172641315573104,0.0,0.1,0.4874377412594916,0.0,-0.04251540298763344,0.25251982984693094,-0.4251540298763344,0.0,-2.220446049250313e-16,-1.0165107895848982,-1.1102230246251565e-16,27.0,1.4019935438030953e-14
0.001172641315573104,0.3,0.1,0.4874377412594229,0.075755948954079,-0.04251540298763344,0.25251982984691135,-0.4251540298763344,8.174806202827665e-12,1.7763568394002505e-15,-1.0165107895848668,-2.6451063561694355e-14,27.0,1.4019935438030953e-14
0.001172641315573104,0.8,0.1,0.47070417484931837,0.20184453578775952,-0.04251540298763344,0.24749975992387907,-0.4251540298763344,0.656321067255772,-5.551115123125783e-17,-1.0089806847003202,-0.006567924815993026,27.0,1.4019935438030953e-14
0.001172641315573104,1.0,0.1,0.0,0.24151263679033225,-0.04251540298763344,0.10628850746908357,-0.4251540298763344,6.219760272500622,-5.551115123125783e-17,-0.797163806018127,-0.19131931344435046,27.0,1.4019935438030953e-14
0.0012266312210662596,0.0,0.1,0.4876203320941423,0.0,-0.04253132896598908,0.25261442204321516,-0.4253132896598908,0.0,-4.440892098500626e-16,-1.0168915675546595,-1.3877787807814457e-16,26.0,3.6811537533108013e-14
0.0012266312210662596,0.3,0.1,0.48762033209390887,0.07578432661296364,-0.04253132896598908,0.2526144220431461,-0.4253132896598908,2.661884652151504e-11,1.4988010832439613e-15,-1.0168915675545538,-9.11909436851488e-14,26.0,3.6811537533108013e-14
0.0012266312210662596,0.8,0.1,0.46883665063415947,0.20189205091765966,-0.04253132896598908,0.24697931760522043,-0.4253132896598908,0.7081777552327922,-2.220446049250313e-16,-1.008438910897667,-0.007372594973043323,26.0,3.6811537533108013e-14
0.0012266312210662596,1.0,0.1,0.0,0.24135337700677584,-0.04253132896598908,0.10632832241497266,-0.4253132896598908,6.08490961804778,-8.326672684688674e-17,-0.7974624181122952,-0.19139098034695087,26.0,3.6811537533108013e-14
0.0012831068908391232,0.0,0.1,0.4878071898826549,0.0,-0.042547627117542695,0.25271122475865293,-0.4254762711754269,0.0,-5.551115123125783e-16,-1.0172812439011203,-2.0816681711721685e-16,26.0,8.611856207500031e-15
0.0012831068908391232,0.3,0.1,0.4878071898819014,0.07581336742759284,-0.042547627117542695,0.25271122475842794,-0.4254762711754269,8.221522985293877e-11,1.5543122344752192e-15,-1.0172812439007806,-2.9533320233809945e-13,26.0,8.611856207500031e-15
0.0012831068908391232,0.8,0.1,0.46681601133557266,0.2019377810195183,-0.042547627117542695,0.24641387119452846,-0.4254762711754269,0.7608448997290848,-1.6653345369377348e-16,-1.007835213554933,-0.00823903757972988,26.0,8.611856207500031e-15
0.0012831068908391232,1.0,0.1,0.0,0.24119039549123972,-0.042547627117542695,0.10636906779385669,-0.4254762711754269,5.953062765906984,-8.326672684688674e-17,-0.7977680084539255,-0.19146432202894212,26.0,8.611856207500031e-15
0.0013421827726573963,0.0,0.1,0.487998416942081,0.0,-0.04256430636661485,0.25281029099916114,-0.4256430636661485,0.0,-6.106226635438361e-16,-1.017680031997965,-2.0816681711721685e-16,25.0,2.5202728017665963e-14
0.0013421827726573963,0.3,0.1,0.48799841693976903,0.07584308729973858,-0.04256430636661485,0.25281029099846847,-0.4256430636661485,2.414107821834603e-10,1.27675647831893e-15,-1.0176800319969241,-9.071077222699842e-13,25.0,2.5202728017665963e-14
0.0013421827726573963,0.8,0.1,0.46464024759996153,0.20198147015996695,-0.04256430636661485,0.24580284019652548,-0.4256430636661485,0.8140680374691325,-2.220446049250313e-16,-1.0071688557940113,-0.009168081466781983,25.0,2.5202728017665963e-14
0.0013421827726573963,1.0,0.1,0.0,0.24102360300051812,-0.04256430636661485,0.10641076591653709,-0.4256430636661485,5.824152930209468,-8.326672684688674e-17,-0.7980807443740284,-0.19153937864976686,25.0,2.5202728017665963e-14
0.0014039785836082502,0.0,0.1,0.48819411816380265,0.0,-0.042581375862065035,0.2529116751043031,-0.42581375862065035,0.0,-4.996003610813204e-16,-1.0180881505874309,-2.7755575615628914e-16,24.0,7.854591646710673e-14
0.0014039785836082502,0.3,0.1,0.4881941181570428,0.07587350253126111,-0.042581375862065035,0.2529116751022761,-0.42581375862065035,6.754330162106203e-10,1.3322676295501878e-15,-1.0180881505843884,-2.6529750618564663e-12,24.0,7.854591646710673e-14
0.0014039785836082502,0.8,0.1,0.4623081142680497,0.20202285418110788,-0.042581375862065035,0.24514587393557738,-0.42581375862065035,0.8675912372709566,-2.220446049250313e-16,-1.0064394488343418,-0.010160256529083214,24.0,7.854591646710673e-14
0.0014039785836082502,1.0,0.1,0.0,0.24085290804601625,-0.042581375862065035,0.10645343965516252,-0.42581375862065035,5.698114812978565,-1.3877787807814457e-16,-0.7984007974137195,-0.1916161913792927,24.0,7.854591646710673e-14
0.0014686195527066125,0.0,0.1,0.4883944010838766,0.0,-0.04259884498342703,0.2530154327837302,-0.42598844983427026,0.0,-7.771561172376096e-16,-1.0185058239270015,-2.636779683484747e-16,24.0,1.9051216105765463e-14
0.0014686195527066125,0.3,0.1,0.4883944010650045,0.07590462983503207,-0.04259884498342703,0.25301543277806965,-0.42598844983427026,1.804192839083773e-09,1.4988010832439613e-15,-1.0185058239185083,-7.406922297725771e-12,24.0,1.9051216105765463e-14
0.0014686195527066125,0.8,0.1,0.4598191299242093,0.20206166154566413,-0.04259884498342703,0.24444285143583022,-0.42598844983427026,0.9211602467654447,-2.7755575615628914e-16,-1.005646951905151,-0.01121579393016954,24.0,1.9051216105765463e-14
0.0014686195527066125,1.0,0.1,0.0,0.24067821683239637,-0.04259884498342703,0.10649711245856752,-0.42598844983427026,5.574884571057957,-8.326672684688674e-17,-0.7987283434392567,-0.19169480242542164,24.0,1.9051216105765463e-14
0.0015362366746713802,0.0,0.1,0.4885993759555483,0.0,-0.042616723347233945,0.25312162115474907,-0.4261672334723394,0.0,-5.551115123125783e-16,-1.0189332819406332,-2.0816681711721685e-16,23.0,6.672986424876991e-14
0.0015362366746713802,0.3,0.1,0.4885993759051447,0.07593648634618201,-0.042616723347233945,0.253121621139629,-0.4261672334723394,4.610914449832978e-09,1.4988010832439613e-15,-1.018933281917951,-1.9783008564644433e-11,23.0,6.672986424876991e-14
0.0015362366746713802,0.8,0.1,0.45717356734859327,0.2020976141937898,-0.042616723347233945,0.24369387857266273,-0.4261672334723394,0.9745254112316353,-2.220446049250313e-16,-1.0047916680675035,-0.012334629878229947,23.0,6.672986424876991e-14
0.0015362366746713802,1.0,0.1,0.0,0.2404994331943272,-0.042616723347233945,0.10654180836808483,-0.4261672334723394,5.454399783776945,-5.551115123125783e-17,-0.7990635627606364,-0.19177525506255277,23.0,6.672986424876991e-14
0.0016069669753857908,0.0,0.1,0.48880915582402235,0.0,-0.04263502081353972,0.2532302987810556,-0.42635020813539715,0.0,-8.326672684688674e-16,-1.01937076037468,-1.942890293094024e-16,23.0,1.608048125065036e-14
0.0016069669753857908,0.3,0.1,0.48880915569498323,0.07596908963366794,-0.04263502081353972,0.25323029874234493,-0.42635020813539715,1.1296187048589951e-08,1.3322676295501878e-15,-1.0193707603166118,-5.0647389060465287e-11,23.0,1.608048125065036e-14
0.0016069669753857908,0.8,0.1,0.4543724356174688,0.20213042839986267,-0.04263502081353972,0.24289928271908978,-0.42635020813539715,1.0274443254684527,-2.7755575615628914e-16,-1.0038742362817306,-0.013516412681072301,23.0,1.608048125065036e-14
0.0016069669753857908,1.0,0.1,0.0,0.24031645853126948,-0.04263502081353972,0.10658755203384924,-0.42635020813539715,5.336599421337021,-8.326672684688674e-17,-0.7994066402538696,-0.19185759366092875,23.0,1.608048125065036e-14
0.0016809537895799494,0.0,0.1,0.48902385660356323,0.0,-0.04265374749264414,0.25334152571267887,-0.42653747492644134,0.0,-8.326672684688674e-16,-1.019818500958681,-2.914335439641036e-16,22.0,6.369797150768116e-14
0.0016809537895799494,0.3,0.1,0.48902385628630624,0.07600245771213843,-0.04265374749264414,0.2533415256175028,-0.42653747492644134,2.6578112348108847e-08,1.1657341758564144e-15,-1.0198185008159149,-1.245230585311674e-10,22.0,6.369797150768116e-14
0.0016809537895799494,0.8,0.1,0.4514174546978143,0.2021598156184045,-0.04265374749264414,0.24205960514095448,-0.42653747492644134,1.0796841904879488,-2.7755575615628914e-16,-1.0028956201010941,-0.014760512748006577,22.0,6.369797150768116e-14
0.0016809537895799494,1.0,0.1,0.0,0.2401291917402253,-0.04265374749264414,0.10663436873161031,-0.42653747492644134,5.2214238139027565,-5.551115123125783e-17,-0.7997577654870774,-0.19194186371689861,22.0,6.369797150768116e-14
0.001758347051298202,0.0,0.1,0.4892435971570172,0.0,-0.04267291375202873,0.25345536352717657,-0.4267291375202873,0.0,-8.326672684688674e-16,-1.0202767515711966,-2.7755575615628914e-16,22.0,1.533152596462878e-14
0.001758347051298202,0.3,0.1,0.48924359640659676,0.07603660905404097,-0.04267291375202873,0.25345536330205143,-0.4267291375202873,6.016408939205408e-08,1.1657341758564144e-15,-1.020276751233507,-2.9453971206461205e-10,22.0,1.533152596462878e-14
0.001758347051298202,0.8,0.1,0.44831102345118035,0.20218548330923256,-0.04267291375202873,0.24117559141542577,-0.4267291375202873,1.131023857071798,-2.7755575615628914e-16,-1.00185709340357,-0.016066035179541083,22.0,1.533152596462878e-14
0.001758347051298202,1.0,0.1,0.0,0.23993752914637934,-0.04267291375202873,0.1066822843800718,-0.4267291375202873,5.10881462138243,-5.551115123125783e-17,-0.8001171328505388,-0.1920281118841293,22.0,1.533152596462878e-14
0.0018393035977399947,0.0,0.1,0.4894684993778379,0.0,-0.042692530223511396,0.2535718753721294,-0.42692530223511393,0.0,-9.43689570931383e-16,-1.020745766410866,-1.8041124150158794e-16,21.0,6.908494943514139e-14
0.0018393035977399947,0.3,0.1,0.48946849766727885,0.07607156260185449,-0.042692530223511396,0.2535718748589627,-0.42692530223511393,1.3125319561234099e-07,1.1657341758564144e-15,-1.0207457656411139,-6.713939820768289e-10,21.0,6.908494943514139e-14
0.0018393035977399947,0.8,0.1,0.4450561820011979,0.20220713573299823,-0.042692530223511396,0.24024818015913768,-0.42692530223511393,1.1812555476320719,-2.7755575615628914e-16,-1.0007602235913777,-0.017431834570331206,21.0,6.908494943514139e-14
0.0018393035977399947,1.0,0.1,0.0,0.2397413644315527,-0.042692530223511396,0.10673132555877844,-0.42692530223511393,4.998714803882105,-8.326672684688674e-17,-0.8004849416908386,-0.19211638600580128,21.0,6.908494943514139e-14
0.001923987487089973,0.0,0.1,0.48969868827471236,0.0,-0.04271260781062772,0.25369112600898264,-0.4271260781062771,0.0,-6.661338147750939e-16,-1.0212258061728903,-3.0531133177191805e-16,21.0,1.6705079461694913e-14
0.001923987487089973,0.3,0.1,0.4896986845109937,0.07610733778022402,-0.04271260781062772,0.2536911248798679,-0.4271260781062771,2.7640636216006393e-07,9.992007221626409e-16,-1.0212258044792164,-1.4772593703860082e-09,21.0,1.6705079461694913e-14
0.001923987487089973,0.8,0.1,0.4416565694318644,0.20222447470938212,-0.04271260781062772,0.23927849035612841,-0.4271260781062771,1.2301862561775156,-3.3306690738754696e-16,-0.9996068526936086,-0.018856531645818048,21.0,1.6705079461694913e-14
0.001923987487089973,1.0,0.1,0.0,0.2395405885603895,-0.04271260781062772,0.10678151952656924,-0.4271260781062771,4.891068592819118,-8.326672684688674e-17,-0.8008613964492697,-0.19220673514782474,21.0,1.6705079461694913e-14
0.002012570330981359,0.0,0.1,0.4899342920588844,0.0,-0.04273315769624723,0.2538131818582829,-0.42733157696247226,0.0,-1.0547118733938987e-15,-1.0217171382311339,-6.938893903907228e-16,20.0,8.608330994659258e-14
0.002012570330981359,0.3,0.1,0.48993428405286715,0.07614395450759795,-0.04273315769624723,0.25381317945647863,-0.42733157696247226,5.627651386823097e-07,8.326672684688674e-16,-1.0217171346284255,-3.142361898467172e-09,20.0,8.608330994659258e-14
0.002012570330981359,0.8,0.1,0.4381163777730846,0.20223720033135129,-0.04273315769624723,0.23826780757254315,-0.42733157696247226,1.2776388334014184,-5.551115123125783e-16,-0.9983990768025237,-0.020338531357176975,20.0,8.608330994659258e-14
0.002012570330981359,1.0,0.1,0.0,0.23933508970419434,-0.04273315769624723,0.10683289424061801,-0.42733157696247226,4.785821462679482,-1.1102230246251565e-16,-0.8012467068046356,-0.19229920963311253,20.0,8.608330994659258e-14
0.0021052316422663963,0.0,0.1,0.4901754422342688,0.0,-0.04275419135043372,0.25393811104636443,-0.4275419135043372,0.0,-9.992007221626409e-16,-1.0222200368260532,-1.5265566588595902e-15,20.0,2.1044364904565442e-14
0.0021052316422663963,0.3,0.1,0.49017542574577827,0.07618143320668727,-0.04275419135043372,0.2539381060998182,-0.4275419135043372,1.1094119676140292e-06,8.326672684688674e-16,-1.0222200294062322,-6.4717334963271256e-09,20.0,2.1044364904565442e-14
0.0021052316422663963,0.8,0.1,0.4344403031994687,0.2022450116300215,-0.04275419135043372,0.23721756933592464,-0.4275419135043372,1.323452769930372,-5.551115123125783e-16,-0.9971392242603933,-0.021876042071160423,20.0,2.1044364904565442e-14
0.0021052316422663963,1.0,0.1,0.0,0.2391247531623294,-0.04275419135043372,0.10688547837608424,-0.4275419135043372,4.682920103405833,-1.1102230246251565e-16,-0.8016410878206321,-0.19239386107695175,20.0,2.1044364904565442e-14
0.0022021591987985605,0.0,0.1,0.490422273690465,0.0,-0.0427757205385583,0.2540659834535347,-0.427757205385583,0.0,-1.0547118733938987e-15,-1.0227347832586777,-5.162537064506978e-15,20.0,4.8255894821824804e-15
0.0022021591987985605,0.3,0.1,0.4904222407654034,0.07621979481263942,-0.0427757205385583,0.2540659735760171,-0.427757205385583,2.1206164047765686e-06,7.216449660063518e-16,-1.0227347684423995,-1.292309129152791e-08,20.0,4.8255894821824804e-15
0.0022021591987985605,0.8,0.1,0.4306334953216302,0.20224760718577425,-0.0427757205385583,0.23612934994288456,-0.427757205385583,1.3674846956063136,-4.996003610813204e-16,-0.9958298329927018,-0.023467095509772634,20.0,4.8255894821824804e-15
0.0022021591987985605,1.0,0.1,0.0,0.23890946128108362,-0.0427757205385583,0.1069393013463957,-0.427757205385583,4.582312393400991,-1.1102230246251565e-16,-0.8020447600979681,-0.19249074242351238,20.0,4.8255894821824804e-15
0.0023035494239638005,0.0,0.1,0.4906749247987754,0.0,-0.04279775732967502,0.2541968707638197,-0.4279775732967502,0.0,-8.881784197001252e-16,-1.0232616660908558,-1.85268467234323e-14,19.0,3.1001179262600855e-14
0.0023035494239638005,0.3,0.1,0.4906748609661407,0.07625906077719181,-0.04279775732967502,0.25419685161403016,-0.4279775732967502,3.935727090899029e-06,8.326672684688674e-16,-1.0232616373661698,-2.5054327112972175e-08,19.0,3.1001179262600855e-14
0.0023035494239638005,0.8,0.1,0.4267015053897166,0.20224468568233883,-0.04279775732967502,0.2350048449411023,-0.4279775732967502,1.4096086163670973,-3.885780586188048e-16,-0.9944736273567791,-0.025109567118073967,19.0,3.1001179262600855e-14
0.0023035494239638005,1.0,0.1,0.0,0.23868909336991645,-0.04279775732967502,0.10699439332418753,-0.4279775732967502,4.483947373134364,-2.7755575615628914e-17,-0.8024579499314066,-0.1925899079835376,19.0,3.1001179262600855e-14
0.0024096077847318895,0.0,0.1,0.49093353751132457,0.0,-0.0428203141051689,0.2543308465163191,-0.42820314105168894,0.0,-9.992007221626409e-16,-1.023800981352013,-6.543376951384516e-14,19.0,7.241917436443706e-15
0.0024096077847318895,0.3,0.1,0.49093341720385747,0.07629925306619265,-0.0428203141051689,0.2543308104240799,-0.42820314105168894,7.1014240533662225e-06,8.881784197001252e-16,-1.0238009272136526,-4.722074570251422e-08,19.0,7.241917436443706e-15
0.0024096077847318895,0.8,0.1,0.4226502341599622,0.2022359464015458,-0.0428203141051689,0.23384585551091067,-0.42820314105168894,1.4497159129145658,-4.440892098500626e-16,-0.9930734948439,-0.026801196565474986,19.0,7.241917436443706e-15
0.0024096077847318895,1.0,0.1,0.0,0.23846352561497763,-0.0428203141051689,0.1070507852629222,-0.42820314105168894,4.387775219337263,-1.1102230246251565e-16,-0.8028808894719168,-0.19269141347326005,19.0,7.241917436443706e-15
0.002520549208034603,0.0,0.1,0.49119825746336343,0.0,-0.04284340356768671,0.2544679861582254,-0.4284340356768671,0.0,-7.771561172376096e-16,-1.0243530327526396,-2.2029600366124669e-13,18.0,5.3984752120010587e-14
0.002520549208034603,0.3,0.1,0.49119803675726975,0.07634039414669025,-0.04284340356768671,0.254467919946398,-0.4284340356768671,1.2472764923912036e-05,6.661338147750939e-16,-1.024352933434897,-8.662736164510854e-08,18.0,5.3984752120010587e-14
0.002520549208034603,0.8,0.1,0.41848588009970955,0.20222108965737695,-0.04284340356768671,0.23265427294912944,-0.4284340356768671,1.487715127017195,-3.885780586188048e-16,-0.9916324629389953,-0.02853960811545432,18.0,5.3984752120010587e-14
0.002520549208034603,1.0,0.1,0.0,0.23823263098979955,-0.04284340356768671,0.10710850891921672,-0.4284340356768671,4.293747219774222,-1.1102230246251565e-16,-0.8033138168941258,-0.19279531605459022,18.0,5.3984752120010587e-14
0.0026365985163144595,0.0,0.1,0.49146923407878124,0.0,-0.0428670387503614,0.25460836709953744,-0.42867038750361397,0.0,-8.326672684688674e-16,-1.024918131904728,-7.049083539101275e-13,18.0,1.2945637998436592e-14
0.0026365985163144595,0.3,0.1,0.4914688395102079,0.07638250695825852,-0.0428670387503614,0.25460824872896615,-0.42867038750361397,2.1349727516933444e-05,5.551115123125783e-16,-1.0249179543488696,-1.5486886952020829e-07,18.0,1.2945637998436592e-14
0.0026365985163144595,0.8,0.1,0.41421488852737665,0.2021998171687725,-0.0428670387503614,0.23143206343411624,-0.42867038750361397,1.523531562096577,-4.996003610813204e-16,-0.9901536764065958,-0.030322330629631092,18.0,1.2945637998436592e-14
0.0026365985163144595,1.0,0.1,0.0,0.2379962791630527,-0.0428670387503614,0.10716759687590346,-0.42867038750361397,4.201815748577781,-5.551115123125783e-17,-0.8037569765692762,-0.19290167437662628,18.0,1.2945637998436592e-14
0.0027579908831266773,0.0,0.1,0.49174662067870023,0.0,-0.0428912330263414,0.2547520687694631,-0.42891233026341397,0.0,-8.881784197001252e-16,-1.0254965985493165,-2.146713362627395e-12,18.0,2.9091104895434274e-15
0.0027579908831266773,0.3,0.1,0.4917459324879931,0.07642561486132271,-0.0428912330263414,0.25475186231225166,-0.42891233026341397,3.565554355397112e-05,5.551115123125783e-16,-1.025496288863498,-2.701169988517105e-07,18.0,2.9091104895434274e-15
0.0027579908831266773,0.8,0.1,0.409843902203603,0.20217183237139943,-0.0428912330263414,0.2301812532269341,-0.42891233026341397,1.5571067248132968,-5.273559366969494e-16,-0.9886403752355227,-0.03214681700362226,18.0,2.9091104895434274e-15
0.0027579908831266773,1.0,0.1,0.0,0.23775433640325266,-0.0428912330263414,0.10722808256585345,-0.42891233026341397,4.111934242133887,-1.1102230246251565e-16,-0.8042106192439012,-0.1930105486185363,18.0,2.9091104895434274e-15
0.0028849723097176586,0.0,0.1,0.4920305745926972,0.0,-0.042916000118636735,0.2548991726744006,-0.4291600011863673,0.0,-7.216449660063518e-16,-1.0260887607911526,-6.231876126250313e-12,17.0,2.7853014623424047e-14
0.0028849723097176586,0.3,0.1,0.4920294022808218,0.0764697415529894,-0.042916000118636735,0.25489882098083866,-0.4291600011863673,5.8161828467633886e-05,4.996003610813204e-16,-1.0260882332508083,-4.601386425634457e-07,17.0,2.7853014623424047e-14
0.0028849723097176586,0.8,0.1,0.4053797138103289,0.20213684066923937,-0.042916000118636735,0.22890391443969027,-0.4291600011863673,1.588397633820359,-4.440892098500626e-16,-0.9870958734390867,-0.034010462863311344,17.0,2.7853014623424047e-14
0.0028849723097176586,1.0,0.1,0.0,0.23750666548029928,-0.042916000118636735,0.1072900002965918,-0.4291600011863673,4.024057175506083,-5.551115123125783e-17,-0.8046750022244387,-0.1931220005338653,17.0,2.7853014623424047e-14
0.0030178001235457116,0.0,0.1,0.4923212572714527,0.0,-0.04294135411029419,0.25504976245717087,-0.4294135411029419,0.0,-7.771561172376096e-16,-1.02669495534017,-1.7278900532602393e-11,17.0,6.487507621719478e-15
0.0030178001235457116,0.3,0.1,0.4923193048455286,0.07651491093832367,-0.04294135411029419,0.25504917672939426,-0.4294135411029419,9.276320046960437e-05,3.885780586188048e-16,-1.026694076748504,-7.663444537564512e-07,17.0,6.487507621719478e-15
0.0030178001235457116,0.8,0.1,0.40082922067751825,0.2020945496274102,-0.04294135411029419,0.22760215147899066,-0.4294135411029419,1.6173760208066357,-5.828670879282072e-16,-0.9855235388728995,-0.03591062438039812,17.0,6.487507621719478e-15
0.0030178001235457116,1.0,0.1,0.0,0.23725312556372474,-0.04294135411029419,0.10735338527573543,-0.4294135411029419,3.93814003938637,-1.1102230246251565e-16,-0.8051503895680161,-0.1932360934963239,17.0,6.487507621719478e-15
0.003156743499754353,0.0,0.1,0.49261883439813214,0.0,-0.04296730945491448,0.2552039239567254,-0.4296730945491448,0.0,-8.326672684688674e-16,-1.0273155277588062,-4.584856105882551e-11,16.0,7.278274994929062e-14
0.003156743499754353,0.3,0.1,0.4926156521654065,0.07656114694226544,-0.04296730945491448,0.2552029692869084,-0.4296730945491448,0.00014480070923783306,4.440892098500626e-16,-1.0273140957540794,-1.2490721929825366e-06,16.0,7.278274994929062e-14
0.003156743499754353,0.8,0.1,0.39619938204393906,0.20204466910810873,-0.04296730945491448,0.22627808825046763,-0.4296730945491448,1.6440274475215528,-5.273559366969494e-16,-0.9839267741994193,-0.03784463509486925,16.0,7.278274994929062e-14
0.003156743499754353,1.0,0.1,0.0,0.23699357211752176,-0.04296730945491448,0.10741827363728618,-0.4296730945491448,3.8541393175610525,-5.551115123125783e-17,-0.8056370522796465,-0.19335289254711518,16.0,7.278274994929062e-14
0.003302084006654859,0.0,0.1,0.4929234759928969,0.0,-0.04299388098752498,0.2553617452666811,-0.42993880987524974,0.0,-7.771561172376096e-16,-1.027950832712897,-1.166505919636407e-10,16.0,1.7728000904830354e-14
0.003302084006654859,0.3,0.1,0.49291839527663417,0.07660847324459676,-0.04299388098752498,0.2553602210518029,-0.42993880987524974,0.00022142906136912033,4.440892098500626e-16,-1.0279485463905784,-1.9942977833448117e-06,16.0,1.7728000904830354e-14
0.003302084006654859,0.8,0.1,0.3914971790698711,0.2019869113519427,-0.04299388098752498,0.22493385618977352,-0.42993880987524974,1.668350360755607,-4.996003610813204e-16,-0.9823089990975353,-0.03980982165893812,16.0,1.7728000904830354e-14
0.003302084006654859,1.0,0.1,0.0,0.2367278567914169,-0.04299388098752498,0.1074847024688124,-0.42993880987524974,3.772012464880457,-5.551115123125783e-17,-0.8061352685160933,-0.19347246444386237,16.0,1.7728000904830354e-14
0.0034541161763235783,0.0,0.1,0.4932353564996093,0.0,-0.04302108393582192,0.2555233167894372,-0.4302108393582192,0.0,-7.771561172376096e-16,-1.0286012342214854,-2.851022334882103e-10,16.0,4.049142430299476e-15
0.0034541161763235783,0.3,0.1,0.4932274032482396,0.07665691291778137,-0.04302108393582192,0.2555209308140268,-0.4302108393582192,0.00033201758355444114,3.3306690738754696e-16,-1.0285976552583689,-3.1219362645051874e-06,16.0,4.049142430299476e-15
0.0034541161763235783,0.8,0.1,0.38672957775653966,0.20192099100722133,-0.04302108393582192,0.22357158316651646,-0.4302108393582192,1.6903551053412125,-4.996003610813204e-16,-0.980673633787104,-0.04180351844175696,16.0,4.049142430299476e-15
0.0034541161763235783,1.0,0.1,0.0,0.2364558273084474,-0.04302108393582192,0.10755270983955476,-0.4302108393582192,3.691717885720946,-1.1102230246251565e-16,-0.8066453237966611,-0.19359487771119868,16.0,4.049142430299476e-15
0.0036131481014702277,0.0,0.1,0.49355465483448585,0.0,-0.04304893393179718,0.2556887312798384,-0.4304893393179718,0.0,-6.661338147750939e-16,-1.0292671058967158,-6.705518085237117e-10,15.0,5.98097186488895e-14
0.0036131481014702277,0.3,0.1,0.49354243783593166,0.07670648794535015,-0.04304893393179718,0.25568506618027254,-0.4304893393179718,0.0004885694982516787,1.6653345369377348e-16,-1.0292616082473662,-4.7958424840705005e-06,15.0,5.98097186488895e-14
0.0036131481014702277,0.8,0.1,0.3819034948699286,0.20184662511000281,-0.04304893393179718,0.22219338329047128,-0.4304893393179718,1.7100629132130882,-4.440892098500626e-16,-0.9790240839126649,-0.043823080956640476,15.0,5.98097186488895e-14
0.0036131481014702277,1.0,0.1,0.0,0.23617732734869484,-0.04304893393179718,0.1076223348294929,-0.4304893393179718,3.6132149129288695,-8.326672684688674e-17,-0.8071675112211971,-0.19372020269308732,15.0,5.98097186488895e-14
0.0037795020597868115,0.0,0.1,0.4938815543609948,0.0,-0.04307744702376466,0.2558580838677097,-0.4307744702376466,0.0,-7.771561172376096e-16,-1.0299488311580354,-1.5202507447353852e-09,15.0,1.4453474840745726e-14
0.0037795020597868115,0.3,0.1,0.4938631237193994,0.07675721859707721,-0.04307744702376466,0.2558525546752316,-0.4307744702376466,0.0007061389027775214,2.7755575615628914e-16,-1.0299405373693171,-7.235547076628324e-06,15.0,1.4453474840745726e-14
0.0037795020597868115,0.8,0.1,0.37702576691564244,0.2017635330178495,-0.04307744702376466,0.2208013476341041,-0.4307744702376466,1.7275048844960275,-5.273559366969494e-16,-0.9773637268076265,-0.04586589809255147,15.0,1.4453474840745726e-14
0.0037795020597868115,1.0,0.1,0.0,0.23589219642902004,-0.04307744702376466,0.10769361755941162,-0.4307744702376466,3.5364637872354368,-5.551115123125783e-17,-0.8077021316955874,-0.19384851160694097,15.0,1.4453474840745726e-14
0.003953515167042336,0.0,0.1,0.4942162427308753,0.0,-0.04310663968880281,0.25603147204126925,-0.43106639688802806,0.0,-7.216449660063518e-16,-1.0306468033939467,-3.3277442884616093e-09,15.0,3.2739451025461393e-15
0.003953515167042336,0.3,0.1,0.494188914472946,0.07680912263676049,-0.04310663968880281,0.256023273563891,-0.43106639688802806,0.0010032204050607226,3.3306690738754696e-16,-1.0306345056778783,-1.0729668981218632e-05,15.0,3.2739451025461393e-15
0.003953515167042336,0.8,0.1,0.3721031221667309,0.2016714363003421,-0.04310663968880281,0.21939753587202598,-0.43106639688802806,1.742720974525296,-5.828670879282072e-16,-0.9756958991400816,-0.04792940314917092,15.0,3.2739451025461393e-15
0.003953515167042336,1.0,0.1,0.0,0.23560026977863857,-0.04310663968880281,0.10776659922200699,-0.43106639688802806,3.4614256371322014,-5.551115123125783e-17,-0.8082494941650525,-0.19397987859961263,15.0,3.2739451025461393e-15
0.004135540060246831,0.0,0.1,0.4945589114943798,0.0,-0.043136528845629914,0.25620899556238835,-0.4313652884562991,0.0,-7.216449660063518e-16,-1.031361426028032,-7.043790745120404e-09,14.0,6.464557023362955e-14
0.004135540060246831,0.3,0.1,0.4945190546998249,0.07686221433922219,-0.043136528845629914,0.2561970385240223,-0.4313652884562991,0.0014020832324699655,1.6653345369377348e-16,-1.0313434904704821,-1.5650835653302497e-05,14.0,6.464557023362955e-14
0.004135540060246831,0.8,0.1,0.36714215570773967,0.20157005858944016,-0.043136528845629914,0.21798396882639642,-0.4313652884562991,1.755758998696945,-5.273559366969494e-16,-0.9740238859240438,-0.05001108369004692,14.0,6.464557023362955e-14
0.004135540060246831,1.0,0.1,0.0,0.2353013782103675,-0.043136528845629914,0.10784132211407475,-0.4313652884562991,3.388062459197175,-5.551115123125783e-17,-0.8088099158555608,-0.1941143798053346,14.0,6.464557023362955e-14
0.004325945612269163,0.0,0.1,0.49490975533015247,0.0,-0.043167131867930114,0.25639075626887065,-0.4316713186793011,0.0,-7.216449660063518e-16,-1.0320931124222583,-1.4438600870469998e-08,14.0,1.569409166707057e-14
0.004325945612269163,0.3,0.1,0.4948525390651219,0.07691650329537174,-0.043167131867930114,0.2563735913893619,-0.4316713186793011,0.0019290202742390473,1.1102230246251565e-16,-1.0320673651029943,-2.2471822625116933e-05,14.0,1.569409166707057e-14
0.004325945612269163,0.8,0.1,0.3621493074255072,0.2014591253927707,-0.043167131867930114,0.21656262189747716,-0.4316713186793011,1.7666736651279997,-5.828670879282072e-16,-0.9723509108651679,-0.052108490241174074,14.0,1.569409166707057e-14
0.004325945612269163,1.0,0.1,0.0,0.23499534798736554,-0.043167131867930114,0.10791782966982524,-0.4316713186793011,3.316337098861465,-5.551115123125783e-17,-0.8093837225236895,-0.19425209340568553,14.0,1.569409166707057e-14
0.0045251176793567,0.0,0.1,0.49526897067330494,0.0,-0.04319846659814842,0.25657685769736216,-0.43198466598148416,0.0,-6.661338147750939e-16,-1.0328422855182702,-2.870239589058965e-08,14.0,3.571988401322652e-15
0.0045251176793567,0.3,0.1,0.4951880692698562,0.0769719929879186,-0.04319846659814842,0.256552587276328,-0.43198466598148416,0.0026144832772159146,2.7755575615628914e-16,-1.0328058798867181,-3.178250324924192e-05,14.0,3.571988401322652e-15
0.0045251176793567,0.8,0.1,0.3571308428500682,0.2013383638728772,-0.04319846659814842,0.21513541935039124,-0.43198466598148416,1.7755256433051019,-5.273559366969494e-16,-0.9706801279978137,-0.05421924387301627,14.0,3.571988401322652e-15
0.0045251176793567,1.0,0.1,0.0,0.23468200068518244,-0.04319846659814842,0.107996166495371,-0.43198466598148416,3.246213231606725,-1.1102230246251565e-16,-0.8099712487152828,-0.1943930996916679,14.0,3.571988401322652e-15
0.0047334598830718055,0.0,0.1,0.4956367534272667,0.0,-0.04323055136177447,0.2567674044326158,-0.43230551361774466,0.0,-7.771561172376096e-16,-1.0336093770755415,-5.5407783139393985e-08,13.0,9.541021705009305e-14
0.0047334598830718055,0.3,0.1,0.4955240102969594,0.07702867912558524,-0.04323055136177447,0.2567335814935241,-0.43230551361774466,0.0034930784362646027,2.220446049250313e-16,-1.033558642666903,-4.4307086428455045e-05,13.0,9.541021705009305e-14
0.0047334598830718055,0.8,0.1,0.3520928367270667,0.2012075025953769,-0.04323055136177447,0.21370422942255593,-0.43230551361774466,1.782380675233629,-5.273559366969494e-16,-0.9690146145604513,-0.05634104271261155,13.0,9.541021705009305e-14
0.0047334598830718055,1.0,0.1,0.0,0.23436115304892197,-0.04323055136177447,0.10807637840443614,-0.43230551361774466,3.1776553445841156,-5.551115123125783e-17,-0.8105728380332713,-0.1945374811279851,13.0,9.541021705009305e-14
0.004951394428229624,0.0,0.1,0.49601329533104993,0.0,-0.043263404982135094,0.25696250105465235,-0.4326340498213509,0.0,-7.216449660063518e-16,-1.0343948263140057,-1.0400217101413922e-07,13.0,2.3602967411759465e-14
0.004951394428229624,0.3,0.1,0.4958583475042992,0.07708654773033712,-0.043263404982135094,0.2569160167066275,-0.4326340498213509,0.004603401831032099,0.0,-1.0343250997919675,-6.092102417044887e-05,13.0,2.3602967411759465e-14
0.004951394428229624,0.8,0.1,0.34704115918591194,0.2010662712488624,-0.043263404982135094,0.21227086021111108,-0.4326340498213509,1.7873087340798217,-4.440892098500626e-16,-0.9673573650486935,-0.058471667439137606,13.0,2.3602967411759465e-14
0.004951394428229624,1.0,0.1,0.0,0.23403261684531573,-0.043263404982135094,0.10815851245533768,-0.4326340498213509,3.1106287186453985,-8.326672684688674e-17,-0.811188843415033,-0.19468532241960793,13.0,2.3602967411759465e-14
0.005179362958494833,0.0,0.1,0.4963987784223156,0.0,-0.04329704679571722,0.2571622505159874,-0.4329704679571722,0.0,-6.661338147750939e-16,-1.03519907770974,-1.9004996880400693e-07,13.0,5.478710892505109e-15
0.005179362958494833,0.3,0.1,0.49618864631909476,0.07714557297998546,-0.04329704679571722,0.2570992108850215,-0.4329704679571722,0.005987701274063467,1.1102230246251565e-16,-1.0351045182632905,-8.266690048276681e-05,13.0,5.478710892505109e-15
0.005179362958494833,0.8,0.1,0.3419814643550593,0.20091440033924685,-0.04329704679571722,0.2108370562958106,-0.4329704679571722,1.7903832339309036,-4.718447854656915e-16,-0.9657112863794747,-0.060608985821366854,13.0,5.478710892505109e-15
0.005179362958494833,1.0,0.1,0.0,0.2336961987094944,-0.04329704679571722,0.10824261698929302,-0.4329704679571722,3.0450994107769676,-5.551115123125783e-17,-0.8118196274196978,-0.1948367105807275,13.0,5.478710892505109e-15
0.005417827451371089,0.0,0.1,0.49679336689579434,0.0,-0.04333149666804347,0.2573667517388467,-0.4333149666804347,0.0,-4.996003610813204e-16,-1.0360225776289227,-3.384995964778037e-07,13.0,1.1897291039241955e-15
0.005417827451371089,0.3,0.1,0.4965120163839619,0.0772057148172125,-0.04333149666804347,0.25728234658529725,-0.4333149666804347,0.007691359672354276,0.0,-1.035895969898598,-0.00011076857549055519,13.0,1.1897291039241955e-15
0.005417827451371089,0.8,0.1,0.3369191812668411,0.20075162086109835,-0.04333149666804347,0.20940449605016073,-0.4333149666804347,1.7916802930841005,-5.273559366969494e-16,-0.9640791940958937,-0.06275095635896064,13.0,1.1897291039241955e-15
0.005417827451371089,1.0,0.1,0.0,0.23335169998623193,-0.04333149666804347,0.10832874167010864,-0.4333149666804347,2.9810342369283473,-5.551115123125783e-17,-0.812465562525815,-0.19499173500619563,13.0,1.1897291039241955e-15
0.005667271154397022,0.0,0.1,0.4971971955188093,0.0,-0.04336677501012374,0.2575760961809518,-0.43366775010123737,0.0,-6.661338147750939e-16,-1.0368657694232843,-5.883044243704116e-07,12.0,5.1058055166511904e-14
0.005667271154397022,0.3,0.1,0.4968250820050942,0.07726691634520885,-0.04336677501012374,0.25746446212683766,-0.43366775010123737,0.00976220434652653,1.1102230246251565e-16,-1.0366983183421126,-0.00014664285855731096,12.0,5.1058055166511904e-14
0.005667271154397022,0.8,0.1,0.33185950688869637,0.20057766394834103,-0.04336677501012374,0.207974789591918,-0.43366775010123737,1.7912780522129295,-4.440892098500626e-16,-0.9624638095397335,-0.06489563109174365,12.0,5.1058055166511904e-14
0.005667271154397022,1.0,0.1,0.0,0.23299891656542926,-0.04336677501012374,0.10841693752530931,-0.43366775010123737,2.9184007552261284,-5.551115123125783e-17,-0.81312703143982,-0.1951504875455568,12.0,5.1058055166511904e-14
0.005928199564445787,0.0,0.1,0.4976103536478967,0.0,-0.043402902795507625,0.25779036308313774,-0.4340290279550762,0.0,-6.661338147750939e-16,-1.0377290865573214,-9.987729850252647e-07,12.0,1.2289451269616825e-14
0.005928199564445787,0.3,0.1,0.49712396065193937,0.07732910103925836,-0.043402902795507625,0.2576444451843508,-0.4340290279550762,0.012249656198794293,-1.1102230246251565e-16,-1.0375102097091404,-0.00019190802389812411,12.0,1.2289451269616825e-14
0.005928199564445787,0.8,0.1,0.32680740111507056,0.20039226050652226,-0.043402902795507625,0.20654947732329,-0.4340290279550762,1.7892560478412403,-4.440892098500626e-16,-0.9608677579175496,-0.06704115764211922,12.0,1.2289451269616825e-14
0.005928199564445787,1.0,0.1,0.0,0.23263763871159043,-0.043402902795507625,0.10850725698876902,-0.4340290279550762,2.8571672495651583,-5.551115123125783e-17,-0.8138044274157679,-0.1953130625797843,12.0,1.2289451269616825e-14
0.006201141452112921,0.0,0.1,0.49803286381347106,0.0,-0.04343990157796331,0.2580096130889493,-0.4343990157796331,0.0,-5.551115123125783e-16,-1.0386129433028741,-1.6580540476568428e-06,12.0,2.7718711357201397e-15
0.006201141452112921,0.3,0.1,0.4974042510565199,0.07739216981229319,-0.04343990157796331,0.25782102926186423,-0.4343990157796331,0.015203741462697633,-5.551115123125783e-17,-1.038330067562246,-0.0002483885611508363,12.0,2.7718711357201397e-15
0.006201141452112921,0.8,0.1,0.32176758355419766,0.2001951408286631,-0.04343990157796331,0.20513002901116734,-0.4343990157796331,1.78569464077563,-4.163336342344337e-16,-0.959293567186201,-0.06918578055581245,12.0,2.7718711357201397e-15
0.006201141452112921,1.0,0.1,0.0,0.23226765088703355,-0.04343990157796331,0.10859975394490824,-0.4343990157796331,2.7973027135685626,-5.551115123125783e-17,-0.814498154586812,-0.1954795571008349,12.0,2.7718711357201397e-15
0.006486649933268259,0.0,0.1,0.4984646538253625,0.0,-0.043477793509810125,0.25823387992213387,-0.43477793509810125,0.0,-3.885780586188048e-16,-1.0395177225303531,-2.69416769091424e-06,12.0,5.840876896732252e-16
0.006486649933268259,0.3,0.1,0.4976610321672479,0.07745599798024436,-0.043477793509810125,0.2579927934246996,-0.43477793509810125,0.01867399634955635,-1.1102230246251565e-16,-1.0391560927842014,-0.00031811566850081796,12.0,5.840876896732252e-16
0.006486649933268259,0.8,0.1,0.3167445319460776,0.19998603419651997,-0.043477793509810125,0.20371784335834842,-0.43477793509810125,1.7806744984950937,-3.608224830031759e-16,-0.957743667684675,-0.07132784200531023,12.0,5.840876896732252e-16
0.006486649933268259,1.0,0.1,0.0,0.23188873156856535,-0.043477793509810125,0.10869448377452529,-0.43477793509810125,2.738776834908703,-5.551115123125783e-17,-0.8152086283089399,-0.19565007079414556,12.0,5.840876896732252e-16
0.006785303589943469,0.0,0.1,0.49890552142209094,0.0,-0.04351660136093315,0.25846315982895984,-0.4351660136093315,0.0,-6.106226635438361e-16,-1.0404437601574377,-4.288966028664909e-06,11.0,4.1781003985655425e-14
0.006785303589943469,0.3,0.1,0.49788887384051894,0.07752043217955484,-0.04351660136093315,0.25815816555448856,-0.4351660136093315,0.02270830069024661,0.0,-1.03998626874573,-0.00040332314179547524,11.0,4.1781003985655425e-14
0.006785303589943469,0.8,0.1,0.31174248205182276,0.19976466846890115,-0.04351660136093315,0.20231424801787945,-0.4351660136093315,1.774276129962976,-4.996003610813204e-16,-0.9562203924408169,-0.07346578191885889,11.0,4.1781003985655425e-14
0.006785303589943469,1.0,0.1,0.0,0.2315006530573351,-0.04351660136093315,0.10879150340233285,-0.4351660136093315,2.6815599799810714,-5.551115123125783e-17,-0.8159362755174965,-0.1958247061241992,11.0,4.1781003985655425e-14
0.007097707642826756,0.0,0.1,0.4993550906581192,0.0,-0.04355634853850977,0.25869739854371,-0.4355634853850977,0.0,-3.885780586188048e-16,-1.041391325893212,-6.695339982293325e-06,11.0,9.97598671166621e-15
0.007097707642826756,0.3,0.1,0.4980818597218802,0.07758528729423005,-0.04355634853850977,0.2583154292628385,-0.4355634853850977,0.02735168027654557,1.1102230246251565e-16,-1.0408183719719042,-0.0005064384824559759,11.0,9.97598671166621e-15
0.007097707642826756,0.8,0.1,0.3067654288598516,0.19953076965849206,-0.04355634853850977,0.20092050000422973,-0.4355634853850977,1.7665794708995477,-3.608224830031759e-16,-0.9547259780839916,-0.07559813759580232,11.0,9.97598671166621e-15
0.007097707642826756,1.0,0.1,0.0,0.2311031812815689,-0.04355634853850977,0.1088908713462744,-0.4355634853850977,2.6256231789234965,-5.551115123125783e-17,-0.8166815350970582,-0.19600356842329397,11.0,9.97598671166621e-15
0.007424495177740602,0.0,0.1,0.4998127595059611,0.0,-0.04359705910747961,0.25893647562048716,-0.4359705910747961,0.0,-3.885780586188048e-16,-1.0423606000429253,-1.0257877568614626e-05,11.0,2.2311404729261546e-15
0.007424495177740602,0.3,0.1,0.4982336222983775,0.0776503434531021,-0.04359705910747961,0.2584627344582122,-0.4359705910747961,0.0326451188435669,-5.551115123125783e-17,-1.0416499882995125,-0.0006300692315450995,11.0,2.2311404729261546e-15
0.007424495177740602,0.8,0.1,0.30181712896084467,0.19928406149846536,-0.04359705910747961,0.1995377864569522,-0.4359705910747961,1.7576635172228132,-4.440892098500626e-16,-0.9532625662976228,-0.07772354286652683,11.0,2.2311404729261546e-15
0.007424495177740602,1.0,0.1,0.0,0.2306960755918706,-0.04359705910747961,0.10899264776869898,-0.4359705910747961,2.5709381109731138,-8.326672684688674e-17,-0.8174448582652427,-0.19618676598365825,11.0,2.2311404729261546e-15
0.0077663284285882485,0.0,0.1,0.5002776385441126,0.0,-0.04363875781179065,0.2591801860927102,-0.43638757811790646,0.0,-3.885780586188048e-16,-1.0433516463159254,-1.5437024493830664e-05,11.0,4.659897693697926e-16
0.0077663284285882485,0.3,0.1,0.49833738961757845,0.07771534315954358,-0.04363875781179065,0.2585981114147501,-0.43638757811790646,0.03862441951127608,-1.6653345369377348e-16,-1.0424785342989848,-0.000776984728158403,11.0,4.659897693697926e-16
0.0077663284285882485,0.8,0.1,0.2969011039506561,0.19902426499996917,-0.04363875781179065,0.19816722571467324,-0.43638757811790646,1.747606004119513,-4.440892098500626e-16,-0.95183220574887,-0.0798407268524255,11.0,4.659897693697926e-16
0.0077663284285882485,1.0,0.1,0.0,0.23027908854876017,-0.04363875781179065,0.1090968945294766,-0.43638757811790646,2.517477090153814,0.0,-0.8182267089710746,-0.1963744101530579,11.0,4.659897693697926e-16
0.008123900119368529,0.0,0.1,0.5007484810960013,0.0,-0.0436814700964564,0.25942821956994117,-0.436814700964564,0.0,-4.440892098500626e-16,-1.0443643808017582,-2.2836603873407912e-05,10.0,5.715838852226103e-14
0.008123900119368529,0.3,0.1,0.4983860426894994,0.07777998861576375,-0.0436814700964564,0.2587194880479908,-0.436814700964564,0.04531915221598847,-5.551115123125783e-17,-1.0433012835188322,-0.000950093678425315,10.0,5.715838852226103e-14
0.008123900119368529,0.8,0.1,0.2920206447282882,0.19875109800142016,-0.0436814700964564,0.19680986865962727,-0.436814700964564,1.736483128036908,-3.608224830031759e-16,-0.9504368544362872,-0.08194851237820078,10.0,5.715838852226103e-14
0.008123900119368529,1.0,0.1,0.0,0.22985196570210262,-0.0436814700964564,0.10920367524114097,-0.436814700964564,2.4652130512869572,-5.551115123125783e-17,-0.8190275643085575,-0.19656661543405382,10.0,5.715838852226103e-14
0.008497934867978927,0.0,0.1,0.5012236057563374,0.0,-0.04372522213046036,0.25968013705305193,-0.43725222130460356,0.0,-3.3306690738754696e-16,-1.0453985375364836,-3.323432770928336e-05,10.0,1.3860064079291207e-14
0.008497934867978927,0.3,0.1,0.49837218213711015,0.07784393930224585,-0.04372522213046036,0.2588247099672839,-0.43725222130460356,0.05275171857608323,0.0,-1.0441153969078312,-0.001152418098255878,10.0,1.3860064079291207e-14
0.008497934867978927,0.8,0.1,0.2871788165643216,0.1984642747103582,-0.04372522213046036,0.1954667002954472,-0.43725222130460356,1.7243693087786416,-3.885780586188048e-16,-0.9490783824000766,-0.08404581408557549,10.0,1.3860064079291207e-14
0.008497934867978927,1.0,0.1,0.0,0.22941444536206307,-0.04372522213046036,0.10931305532615086,-0.43725222130460356,2.414119536318361,-5.551115123125783e-17,-0.8198479149461317,-0.1967634995870716,10.0,1.3860064079291207e-14
0.00888919065465138,0.0,0.1,0.5017008128555027,0.0,-0.043770040830546135,0.2599353459330159,-0.4377004083054613,0.0,-4.440892098500626e-16,-1.0464536313577162,-4.761469167290089e-05,10.0,3.1501999079028924e-15
0.00888919065465138,0.3,0.1,0.49828820225943465,0.07790680987011947,-0.043770040830546135,0.2589115627541957,-0.4377004083054613,0.06093655923973246,-5.551115123125783e-17,-1.0449179565894855,-0.001387064350629505,10.0,3.1501999079028924e-15
0.00888919065465138,0.8,0.1,0.2823784648236875,0.19816350523846674,-0.043770040830546135,0.19413864152347138,-0.4377004083054613,1.7113369888345102,-3.885780586188048e-16,-0.9477585747433994,-0.08613163629416035,10.0,3.1501999079028924e-15
0.00888919065465138,1.0,0.1,0.0,0.22896625836120532,-0.043770040830546135,0.1094251020763653,-0.4377004083054613,2.364170680954639,-5.551115123125783e-17,-0.8206882655727399,-0.1969651837374576,10.0,3.1501999079028924e-15
0.00929846035799687,0.0,0.1,0.5021772970277484,0.0,-0.04381595388593353,0.2601930738231581,-0.4381595388593353,0.0,-4.996003610813204e-16,-1.0475289190237405,-6.720340330979013e-05,10.0,6.691089787398204e-16
0.00929846035799687,0.3,0.1,0.49812637033648155,0.07796816840063082,-0.04381595388593353,0.2589777958157782,-0.4381595388593353,0.06987952162410495,-2.220446049250313e-16,-1.0457060020126705,-0.001657192129631932,10.0,6.691089787398204e-16
0.00929846035799687,0.8,0.1,0.27762222123514313,0.19784849513020997,-0.04381595388593353,0.19282655108537655,-0.4381595388593353,1.6974564670646994,-4.440892098500626e-16,-0.9464791349170681,-0.08820507065190733,10.0,6.691089787398204e-16
0.00929846035799687,1.0,0.1,0.0,0.22850712780733132,-0.04381595388593353,0.10953988471483378,-0.4381595388593353,2.3153412016020516,-8.326672684688674e-17,-0.8215491353612536,-0.1971717924867009,10.0,6.691089787398204e-16
0.0097265733617714,0.0,0.1,0.5026495586182473,0.0,-0.04386298978400297,0.2604523420454814,-0.4386298978400297,0.0,-4.440892098500626e-16,-1.0486233598282673,-9.350227035141712e-05,10.0,1.323975540941896e-16
0.0097265733617714,0.3,0.1,0.4978789087529256,0.0780275350817093,-0.04386298978400297,0.25902114708588503,-0.4386298978400297,0.07957739866482448,-1.1102230246251565e-16,-1.0464765673888723,-0.0019659823424901107,10.0,1.323975540941896e-16
0.0097265733617714,0.8,0.1,0.2729125106080595,0.19751894488540525,-0.04386298978400297,0.1915312276424251,-0.4386298978400297,1.682795763883318,-3.0531133177191805e-16,-0.9452416882236826,-0.09026529361435011,10.0,1.323975540941896e-16
0.0097265733617714,1.0,0.1,0.0,0.2280367688266369,-0.04386298978400297,0.10965747446000738,-0.4386298978400297,2.2676063826007344,-8.326672684688674e-17,-0.8224310584500558,-0.19738345402801338,10.0,1.323975540941896e-16
0.01,0.0,0.1,0.5029365013234562,0.0,-0.04389253065478037,0.2606122770339876,-0.43892530654780365,0.0,-3.3306690738754696e-16,-1.0493063753726872,-0.0001138111770551814,9.0,6.170736847885196e-14
0.01,0.3,0.1,0.49768052371399113,0.07806288058024455,-0.04389253065478037,0.2590354837511482,-0.43892530654780365,0.08592093531659094,-5.551115123125783e-17,-1.0469411854484278,-0.002176782388770157,9.0,6.170736847885196e-14
0.01,0.8,0.1,0.27003592577768165,0.1973086071368145,-0.04389253065478037,0.1907421043702553,-0.43892530654780365,1.6734065769221431,-2.220446049250313e-16,-0.9445011163770887,-0.09152728707877164,9.0,6.170736847885196e-14
0.01,1.0,0.1,0.0,0.22774136011886298,-0.04389253065478037,0.10973132663695088,-0.43892530654780365,2.238740691035951,-5.551115123125783e-17,-0.8229849497771319,-0.19751638794651163,9.0,6.170736847885196e-14
0.010174397235619512,0.0,0.1,0.5031133171404859,0.0,-0.043911177836992776,0.2607119397346276,-0.43911177836992776,0.0,-2.220446049250313e-16,-1.0497355771568333,-0.00012832328882685096,9.0,3.6141742335996906e-14
0.010174397235619512,0.3,0.1,0.4975380773604198,0.07808438134723135,-0.043911177836992776,0.2590393678006079,-0.43911177836992776,0.09001764230525283,0.0,-1.0472267192558036,-0.002316604902502725,9.0,3.6141742335996906e-14
0.010174397235619512,0.8,0.1,0.268251557904868,0.1971745494759196,-0.043911177836992776,0.19025341196394216,-0.43911177836992776,1.6674205151335384,-3.608224830031759e-16,-0.9440477855008053,-0.09231156378880691,9.0,3.6141742335996906e-14
0.010174397235619512,1.0,0.1,0.0,0.22755488829673887,-0.043911177836992776,0.10977794459248191,-0.43911177836992776,2.220942063746405,-5.551115123125783e-17,-0.8233345844436146,-0.1976003002664675,9.0,3.6141742335996906e-14
0.010642839493201453,0.0,0.1,0.5035634303364815,0.0,-0.043960548209756256,0.26097039962533497,-0.43960548209756256,0.0,-2.7755575615628914e-16,-1.0508638225843465,-0.00017382053683422105,9.0,8.592133733271433e-15
0.010642839493201453,0.3,0.1,0.4970962534464165,0.07813812952017145,-0.043960548209756256,0.2590302465583155,-0.43960548209756256,0.10117824943397358,-1.1102230246251565e-16,-1.0479535929838173,-0.0027121874661847206,9.0,8.592133733271433e-15
0.010642839493201453,0.8,0.1,0.26364139558434685,0.19681499785657952,-0.043960548209756256,0.1889937891996946,-0.43960548209756256,1.6513938919047546,-1.942890293094024e-16,-0.942898906945886,-0.0943432191770471,9.0,8.592133733271433e-15
0.010642839493201453,1.0,0.1,0.0,0.22706118456910404,-0.043960548209756256,0.10990137052439061,-0.43960548209756256,2.1753246280895056,-5.551115123125783e-17,-0.8242602789329299,-0.19782246694390315,9.0,8.592133733271433e-15
0.011132849431266738,0.0,0.1,0.503993822563742,0.0,-0.04401113194862777,0.26122597664069186,-0.4401113194862777,0.0,-3.885780586188048e-16,-1.0520059441904546,-0.00023251841255632344,9.0,1.9127792084502177e-15
0.011132849431266738,0.3,0.1,0.496546006736554,0.07818815299651974,-0.04401113194862777,0.2589916318925356,-0.4401113194862777,0.11302781316199668,-5.551115123125783e-17,-1.0486544270682199,-0.0031557861247275276,9.0,1.9127792084502177e-15
0.011132849431266738,0.8,0.1,0.25908387113632186,0.19643997247030642,-0.04401113194862777,0.18775299121246583,-0.4401113194862777,1.6347765435972144,-3.0531133177191805e-16,-0.9417964660481155,-0.09635967434781872,9.0,1.9127792084502177e-15
0.011132849431266738,1.0,0.1,0.0,0.22655534718038892,-0.04401113194862777,0.1100278298715694,-0.4401113194862777,2.1307309899967555,-5.551115123125783e-17,-0.8252087240367706,-0.19805009376882496,9.0,1.9127792084502177e-15
0.01164542005340098,0.0,0.1,0.504397426212494,0.0,-0.044062961011449124,0.26147663039237085,-0.4406296101144912,0.0,-2.220446049250313e-16,-1.0531593607602932,-0.0003073347631172424,9.0,3.97539387175677e-16
0.01164542005340098,0.3,0.1,0.49588016702990023,0.07823377700262382,-0.044062961011449124,0.25892145263759275,-0.4406296101144912,0.12552572889822744,-1.6653345369377348e-16,-1.049326594128126,-0.003650358992285274,9.0,3.97539387175677e-16
0.01164542005340098,0.8,0.1,0.25458065473148217,0.19604914874746643,-0.044062961011449124,0.1865315989480673,-0.4406296101144912,1.6176265615760754,-3.0531133177191805e-16,-0.940741813593838,-0.09836041756941435,9.0,3.97539387175677e-16
0.01164542005340098,1.0,0.1,0.0,0.22603705655217543,-0.044062961011449124,0.11015740252862277,-0.4406296101144912,2.087138583449579,-5.551115123125783e-17,-0.8261805189646709,-0.19828332455152106,9.0,3.97539387175677e-16
0.012181590082344542,0.0,0.1,0.5047661396361351,0.0,-0.044116068298809645,0.26172001263786443,-0.4411606829880964,0.0,-4.996003610813204e-16,-1.0543210434389418,-0.00040159753746046856,9.0,7.688931856167801e-17
0.012181590082344542,0.3,0.1,0.4950918823485679,0.07827427995434288,-0.044116068298809645,0.2588177354515943,-0.4411606829880964,0.13862254264702775,-3.3306690738754696e-16,-1.0499676276595364,-0.004198743522830589,9.0,7.688931856167801e-17
0.012181590082344542,0.8,0.1,0.25013324690981487,0.19564219459947318,-0.044116068298809645,0.18533014481996843,-0.4411606829880964,1.5999994607578514,-2.498001805406602e-16,-0.9397362417120975,-0.1003450079325411,9.0,7.688931856167801e-17
0.012181590082344542,1.0,0.1,0.0,0.22550598367857022,-0.044116068298809645,0.11029017074702407,-0.4411606829880964,2.0445253505327114,-5.551115123125783e-17,-0.8271762806026808,-0.1985223073446434,9.0,7.688931856167801e-17
0.012742446064960772,0.0,0.1,0.5050908046633596,0.0,-0.044170487686554044,0.26195346061539276,-0.44170487686554044,0.0,-4.996003610813204e-16,-1.0554875062214002,-0.0005190537591246852,8.0,4.9372720145168403e-14
0.012742446064960772,0.3,0.1,0.4941746658667351,0.07830889544183653,-0.044170487686554044,0.25867861897640554,-0.44170487686554044,0.1522604281751766,-2.220446049250313e-16,-1.050575243762919,-0.0048036382367997454,8.0,4.9372720145168403e-14
0.012742446064960772,0.8,0.1,0.2457429862261987,0.19521876990685533,-0.044170487686554044,0.18414911508424459,-0.44170487686554044,1.5819481764221288,-2.498001805406602e-16,-0.9387809879246778,-0.10231307249571028,8.0,4.9372720145168403e-14
0.012742446064960772,1.0,0.1,0.0,0.2249617898011262,-0.044170487686554044,0.11042621921638508,-0.44170487686554044,2.0028697300268097,-5.551115123125783e-17,-0.8281966441228883,-0.1987671945894932,8.0,4.9372720145168403e-14
0.013329124574119933,0.0,0.1,0.5053612061721324,0.0,-0.04422625405961115,0.26217399700066735,-0.4422625405961115,0.0,-4.996003610813204e-16,-1.0566548063951688,-0.0006638698456883363,8.0,1.1920268073520915e-14
0.013329124574119933,0.3,0.1,0.49312243035435105,0.07833681485862805,-0.04422625405961115,0.25850236425533313,-0.4422625405961115,0.16637377991223778,-1.1102230246251565e-16,-1.051147357277167,-0.0054675893541674125,8.0,1.1920268073520915e-14
0.013329124574119933,0.8,0.1,0.24141105676030036,0.19477852600235313,-0.04422625405961115,0.18298895217711786,-0.4422625405961115,1.563523073427612,-2.220446049250313e-16,-0.9378772391598442,-0.10426430348983234,8.0,1.1920268073520915e-14
0.013329124574119933,1.0,0.1,0.0,0.22440412607055515,-0.04422625405961115,0.11056563514902784,-0.4422625405961115,1.9621506459488538,-5.551115123125783e-17,-0.829242263617709,-0.19901814326825018,8.0,1.1920268073520915e-14
0.01394281451196041,0.0,0.1,0.5055660954756869,0.0,-0.044283403347191524,0.2623783370106847,-0.4428340334719152,0.0,-3.3306690738754696e-16,-1.0578185557239002,-0.0008406225881548296,8.0,2.6967999935643047e-15
0.01394281451196041,0.3,0.1,0.4919295094073558,0.07835719068743179,-0.044283403347191524,0.25828736119018547,-0.4428340334719152,0.1808899093105782,-1.1102230246251565e-16,-1.051682091993151,-0.006192982619974724,8.0,2.6967999935643047e-15
0.01394281451196041,0.8,0.1,0.237138495378299,0.19432110515022333,-0.044283403347191524,0.1818500569814684,-0.4428340334719152,1.5447719648295988,-2.220446049250313e-16,-0.9370261356800756,-0.10619845562637953,8.0,2.6967999935643047e-15
0.01394281451196041,1.0,0.1,0.0,0.22383263319475144,-0.044283403347191524,0.11070850836797877,-0.4428340334719152,1.9223474957671358,-5.551115123125783e-17,-0.8303138127598411,-0.19927531506236187,8.0,2.6967999935643047e-15
0.014584759519195158,0.0,0.1,0.5056932384400497,0.0,-0.04434197255939012,0.26256290293049,-0.44341972559390114,0.0,-3.885780586188048e-16,-1.058973942786587,-0.0010542804295361197,8.0,5.69991988968586e-16
0.014584759519195158,0.3,0.1,0.49059066531359496,0.07836914044778762,-0.04434197255939012,0.25803213099255373,-0.44341972559390114,0.19572983351980483,-1.1102230246251565e-16,-1.0521777848796825,-0.00698204038166951,8.0,5.69991988968586e-16
0.014584759519195158,0.8,0.1,0.2329261986044745,0.19384614002391032,-0.04434197255939012,0.1807327909798175,-0.44341972559390114,1.525740136653518,-2.7755575615628914e-16,-0.9362287748605782,-0.10811534356499936,8.0,5.69991988968586e-16
0.014584759519195158,1.0,0.1,0.0,0.2232469410727655,-0.04434197255939012,0.11085493139847524,-0.44341972559390114,1.8834401378326755,-8.326672684688674e-17,-0.8314119854885647,-0.19953887651725552,8.0,5.69991988968586e-16
0.015256260495345692,0.0,0.1,0.5057294883677533,0.0,-0.04440199982520596,0.2627238460733407,-0.4440199982520595,0.0,-3.885780586188048e-16,-1.0601157664881007,-0.0013101750290837044,8.0,1.1219658351088433e-16
0.015256260495345692,0.3,0.1,0.48910108399235375,0.07837175130155316,-0.04440199982520596,0.2577353247607209,-0.4440199982520595,0.21080914626475367,-1.6653345369377348e-16,-1.0526329845191706,-0.007836823746427982,8.0,1.1219658351088433e-16
0.015256260495345692,0.8,0.1,0.22877492892036658,0.19335325318569518,-0.04440199982520596,0.17963747823912474,-0.4440199982520595,1.5064703753003055,-2.498001805406602e-16,-0.9354862147367766,-0.11001483961218295,8.0,1.1219658351088433e-16
0.015256260495345692,1.0,0.1,0.0,0.22264666841460712,-0.04440199982520596,0.11100499956301485,-0.4440199982520595,1.845408877292733,-5.551115123125783e-17,-0.8325374967226116,-0.1998089992134268,8.0,1.1219658351088433e-16
0.015958678235010713,0.0,0.1,0.5056608827916222,0.0,-0.044463524431947433,0.2628570759173551,-0.4446352443194743,0.0,-3.3306690738754696e-16,-1.0612384803552444,-0.0016139634480518278,8.0,2.0499922062440185e-17
0.015958678235010713,0.3,0.1,0.4874563580141425,0.07836408530163975,-0.044463524431947433,0.25739571848411125,-0.4446352443194743,0.2260389614609633,-1.6653345369377348e-16,-1.0530464442053786,-0.008759239423212564,8.0,2.0499922062440185e-17
0.015958678235010713,0.8,0.1,0.22468532025818194,0.19284205657398398,-0.044463524431947433,0.17856440715732302,-0.4446352443194743,1.4870029937873024,-2.7755575615628914e-16,-0.9347994772151962,-0.1118968717424271,8.0,2.0499922062440185e-17
0.015958678235010713,1.0,0.1,0.0,0.2220314223471923,-0.044463524431947433,0.11115881107986855,-0.4446352443194743,1.8082344493632436,-5.551115123125783e-17,-0.8336910830990143,-0.20008585994376343,8.0,2.0499922062440185e-17
0.01669343618551224,0.0,0.1,0.505472762472205,0.0,-0.04452658686591855,0.2629582959064577,-0.4452658686591855,0.0,-3.3306690738754696e-16,-1.062336246848465,-0.0019715816262931285,8.0,3.4649078131241e-18
0.01669343618551224,0.3,0.1,0.4856524592247054,0.0783451852570676,-0.04452658686591855,0.25701220493220794,-0.4452658686591855,0.24132692015870455,-1.1102230246251565e-16,-1.0534171103870902,-0.009751050650936621,8.0,3.4649078131241e-18
0.01669343618551224,0.8,0.1,0.22065788239534878,0.19231215100664378,-0.04452658686591855,0.17751383188340092,-0.4452658686591855,1.4673758528236749,-1.3877787807814457e-16,-0.9341695508138799,-0.11376142205645914,8.0,3.4649078131241e-18
0.01669343618551224,1.0,0.1,0.0,0.22140079800748114,-0.04452658686591855,0.11131646716479635,-0.4452658686591855,1.7718979983219683,-5.551115123125783e-17,-0.8348735037359728,-0.20036964089663348,8.0,3.4649078131241e-18
0.017462023331506964,0.0,0.1,0.5051499101240197,0.0,-0.04459122885416392,0.26302304517261554,-0.4459122885416391,0.0,-2.7755575615628914e-16,-1.0634030005713824,-0.0023891901200599613,8.0,5.398021415314339e-19
0.017462023331506964,0.3,0.1,0.48368570293426916,0.07831408117366193,-0.04459122885416392,0.2565837830156904,-0.4459122885416391,0.2565782507943306,-2.220446049250313e-16,-1.0537441073359943,-0.010813891442037024,8.0,5.398021415314339e-19
0.017462023331506964,0.8,0.1,0.2166930038928656,0.19176312571231519,-0.04459122885416392,0.17648597330326937,-0.4459122885416391,1.44762437265637,-1.3877787807814457e-16,-0.9335973927673629,-0.1156085258157879,8.0,5.398021415314339e-19
0.017462023331506964,1.0,0.1,0.0,0.22075437812502752,-0.04459122885416392,0.11147807213540975,-0.4459122885416391,1.7363810499464114,-5.551115123125783e-17,-0.8360855410155734,-0.20066052984373764,8.0,5.398021415314339e-19
0.018265997212409006,0.0,0.1,0.5046767057433886,0.0,-0.044657493406871945,0.26304674524019633,-0.4465749340687194,0.0,-2.220446049250313e-16,-1.0644325189633739,-0.0028731133266437503,8.0,7.722282753965589e-20
0.018265997212409006,0.3,0.1,0.4815527059655691,0.07826979721488313,-0.044657493406871945,0.2561095453068505,-0.4465749340687194,0.2716968714817943,-1.6653345369377348e-16,-1.054026719063355,-0.011949283239437919,8.0,7.722282753965589e-20
0.018265997212409006,0.8,0.1,0.21279095315828425,0.1911945579059337,-0.044657493406871945,0.17548101946466502,-0.4465749340687194,1.4277815317790163,-2.220446049250313e-16,-0.9330839303000769,-0.11743827121629724,8.0,7.722282753965589e-20
0.018265997212409006,1.0,0.1,0.0,0.22009173259794726,-0.044657493406871945,0.11164373351717982,-0.4465749340687194,1.701665474389217,-5.551115123125783e-17,-0.8373280013788489,-0.20095872033092374,8.0,7.722282753965589e-20
0.01910698707873845,0.0,0.1,0.5040372948993975,0.0,-0.04472542485977526,0.26302475061925723,-0.44725424859775254,0.0,-3.3306690738754696e-16,-1.0654184988255149,-0.0034297736209752128,8.0,1.0104494297310357e-20
0.01910698707873845,0.3,0.1,0.4792503410644158,0.07821135911189964,-0.04472542485977526,0.25558866446876277,-0.44725424859775254,0.2865865213375827,-2.220446049250313e-16,-1.054264369599773,-0.0131586530012055,8.0,1.0104494297310357e-20
0.01910698707873845,0.8,0.1,0.2089518771644303,0.19060601242971514,-0.04472542485977526,0.17449912529876715,-0.44725424859775254,1.4078778490417836,-1.1102230246251565e-16,-0.9326300608447796,-0.11925080008194977,8.0,1.0104494297310357e-20
0.01910698707873845,1.0,0.1,0.0,0.2194124180689141,-0.04472542485977526,0.1118135621494381,-0.44725424859775254,1.6677334357221028,-5.551115123125783e-17,-0.8386017161207859,-0.20126441186898866,8.0,1.0104494297310357e-20
0.01998669719379257,0.0,0.1,0.5032157659948322,0.0,-0.04479506891552423,0.2629524020872601,-0.44795068915524233,0.0,-2.220446049250313e-16,-1.066354636863754,-0.004065621966887478,8.0,1.2043487907246473e-21
0.01998669719379257,0.3,0.1,0.4767756902545566,0.07813780193669932,-0.04479506891552423,0.2550203793651775,-0.44795068915524233,0.30115190581770146,-5.551115123125783e-17,-1.05445660278063,-0.014443351694945608,8.0,1.2043487907246473e-21
0.01998669719379257,0.8,0.1,0.20517579732907118,0.18999704148644875,-0.04479506891552423,0.17354041148753185,-0.44795068915524233,1.3879413464824533,-1.6653345369377348e-16,-0.9322366509641614,-0.12104630966819865,8.0,1.2043487907246473e-21
0.01998669719379257,1.0,0.1,0.0,0.21871597751142427,-0.04479506891552423,0.11198767228881057,-0.44795068915524233,1.634567323688194,-2.7755575615628914e-17,-0.8399075421660794,-0.20157781011985906,8.0,1.2043487907246473e-21
0.020906910287329876,0.0,0.1,0.5021963323115742,0.0,-0.04486647268252296,0.26282508139977945,-0.44866472682522957,0.0,-3.885780586188048e-16,-1.0672347123375139,-0.004787066639060547,8.0,1.301929943343242e-22
0.020906910287329876,0.3,0.1,0.4741259996629274,0.07804817813749329,-0.04486647268252296,0.2544039816051855,-0.44866472682522957,0.31529983901969155,-1.6653345369377348e-16,-1.0546030626456229,-0.01580467220365435,8.0,1.301929943343242e-22
0.020906910287329876,0.8,0.1,0.20146260207168398,0.18936718449783263,-0.04486647268252296,0.17260496232781247,-0.44866472682522957,1.3679974913315036,-2.498001805406602e-16,-0.9319045337295633,-0.1228250557582174,8.0,1.301929943343242e-22
0.020906910287329876,1.0,0.1,0.0,0.21800193984143704,-0.04486647268252296,0.11216618170630736,-0.44866472682522957,1.6021496627179597,-5.551115123125783e-17,-0.8412463627973055,-0.2018991270713533,8.0,1.301929943343242e-22
0.021869491168266315,0.0,0.1,0.5009635146216204,0.0,-0.044939684709091904,0.2626382661592157,-0.449396847090919,0.0,-2.7755575615628914e-16,-1.0680526698752024,-0.005600401701927632,8.0,1.2707596573807986e-23
0.021869491168266315,0.3,0.1,0.47129863815898226,0.0779415657226018,-0.044939684709091904,0.2537388032204243,-0.449396847090919,0.3289403641398015,-2.220446049250313e-16,-1.0547034754670153,-0.01724386571351308,8.0,1.2707596573807986e-23
0.021869491168266315,0.8,0.1,0.19781203562385272,0.18871596812644081,-0.044939684709091904,0.17169282245988549,-0.449396847090919,1.3480691170979415,-1.3877787807814457e-16,-0.931634504326207,-0.12458735720855138,8.0,1.2707596573807986e-23
0.021869491168266315,1.0,0.1,0.0,0.21726981957574762,-0.044939684709091904,0.11234921177272972,-0.449396847090919,1.5704629931454932,-5.551115123125783e-17,-0.8426190882954732,-0.20222858119091355,8.0,1.2707596573807986e-23
0.022876390503704703,0.0,0.1,0.49950232025969915,0.0,-0.045014755010051394,0.262387583603038,-0.4501475501005139,0.0,-4.440892098500626e-16,-1.0688027005553282,-0.006511736843299462,8.0,1.1146347283420007e-24
0.022876390503704703,0.3,0.1,0.46829106185731373,0.0778170764681078,-0.045014755010051394,0.2530242060823225,-0.4501475501005139,0.34198783202490646,-1.6653345369377348e-16,-1.0547576342742548,-0.018762155766235647,8.0,1.1146347283420007e-24
0.022876390503704703,0.8,0.1,0.19422368279002267,0.18804290650532074,-0.045014755010051394,0.1708039923621352,-0.4501475501005139,1.3281763253455368,-1.3877787807814457e-16,-0.9314273136939738,-0.12633360205014743,8.0,1.1146347283420007e-24
0.022876390503704703,1.0,0.1,0.0,0.21651911656615275,-0.045014755010051394,0.11253688752512844,-0.4501475501005139,1.5394897199734103,-5.551115123125783e-17,-0.8440266564384635,-0.20256639754523123,8.0,1.1146347283420007e-24
0.023929648771955223,0.0,0.1,0.4977984147992979,0.0,-0.045091735081911326,0.2620688621445675,-0.4509173508191132,0.0,-3.3306690738754696e-16,-1.0694793194455214,-0.0075269300598766326,8.0,8.742866589381145e-26
0.023929648771955223,0.3,0.1,0.4651007861471986,0.07767386401641685,-0.045091735081911326,0.2522595735489378,-0.4509173508191132,0.3543619172182605,-1.6653345369377348e-16,-1.0547653865520767,-0.020360749305825543,8.0,8.742866589381145e-26
0.023929648771955223,0.8,0.1,0.19069694954140523,0.18734750172375492,-0.045091735081911326,0.1699384225671998,-0.4509173508191132,1.3083363716098342,-1.5265566588595902e-16,-0.9312836600794695,-0.12806425517359943,8.0,8.742866589381145e-26
0.023929648771955223,1.0,0.1,0.0,0.2157493158475534,-0.045091735081911326,0.11272933770477828,-0.4509173508191132,1.5092119256168286,-5.551115123125783e-17,-0.8454700327858372,-0.20291280786860097,8.0,8.742866589381145e-26
0.02503140039755853,0.0,0.1,0.4958382828294214,0.0,-0.045170677901829805,0.2616781796034008,-0.45170677901829803,0.0,-2.7755575615628914e-16,-1.0700774379325484,-0.008651524547686307,8.0,6.1008115847742225e-27
0.02503140039755853,0.3,0.1,0.46172536646177886,0.07751113172796897,-0.045170677901829805,0.2514443046931081,-0.45170677901829803,0.3659885511939652,-1.6653345369377348e-16,-1.0547266255671093,-0.02204084422198596,8.0,6.1008115847742225e-27
0.02503140039755853,0.8,0.1,0.18723103957760592,0.18662924462096914,-0.045170677901829805,0.1690960066278562,-0.45170677901829803,1.2885635407473117,-1.5265566588595902e-16,-0.9312041784692315,-0.12977986752402385,8.0,6.1008115847742225e-27
0.02503140039755853,1.0,0.1,0.0,0.21495988764836862,-0.045170677901829805,0.1129266947545745,-0.45170677901829803,1.4796111448971574,-2.7755575615628914e-17,-0.8469502106593088,-0.2032680505582341,8.0,6.1008115847742225e-27
0.026183878076690138,0.0,0.1,0.4936093747706632,0.0,-0.045251637904409586,0.2612119071922227,-0.4525163790440958,0.0,-3.885780586188048e-16,-1.0705924293544782,-0.009890690972357938,8.0,3.766961976567884e-28
0.026183878076690138,0.3,0.1,0.4581623885118339,0.07732814014707125,-0.045251637904409586,0.250577811314574,-0.4525163790440958,0.37680075365242216,-1.6653345369377348e-16,-1.054641285538005,-0.023803633078948366,8.0,3.766961976567884e-28
0.026183878076690138,0.8,0.1,0.18382492730027544,0.1858876159411968,-0.045251637904409586,0.16827657295110648,-0.4525163790440958,1.2688690187016853,-1.6653345369377348e-16,-0.9311894279928037,-0.13148108660448507,8.0,3.766961976567884e-28
0.026183878076690138,1.0,0.1,0.0,0.21415028762257082,-0.045251637904409586,0.11312909476102391,-0.4525163790440958,1.4506681031614745,-8.326672684688674e-17,-0.8484682107076796,-0.20363237056984315,8.0,3.766961976567884e-28
0.02738941730171222,0.0,0.1,0.491100237171539,0.0,-0.04533467092930088,0.26066674847471377,-0.4533467092930088,0.0,-2.220446049250313e-16,-1.071020186651584,-0.01124917609202497,8.0,2.0465124667793113e-29
0.02738941730171222,0.3,0.1,0.45440946821392114,0.07712421394538914,-0.04533467092930088,0.24965951778742845,-0.4533467092930088,0.3867393447728046,-1.6653345369377348e-16,-1.054509340620656,-0.02565030290788997,8.0,2.0465124667793113e-29
0.02738941730171222,0.8,0.1,0.1804773279947531,0.18512208790327395,-0.04533467092930088,0.16747987572167805,-0.4533467092930088,1.2492607690784305,-1.249000902703301e-16,-0.9312398775220304,-0.1331686679439134,8.0,2.0465124667793113e-29
0.02738941730171222,1.0,0.1,0.0,0.2133199573736578,-0.04533467092930088,0.11333667732325217,-0.4533467092930088,1.4223624216784179,-5.551115123125783e-17,-0.8500250799243916,-0.204006019181854,8.0,2.0465124667793113e-29
0.028650461094041277,0.0,0.1,0.4883006244655992,0.0,-0.04541983413155429,0.2600397726685653,-0.4541983413155429,0.0,-2.7755575615628914e-16,-1.0713571709761627,-0.012731258489246708,8.0,9.72510020663369e-31
0.028650461094041277,0.3,0.1,0.4504642610685535,0.0768987482131488,-0.04541983413155429,0.24868886364945167,-0.4541983413155429,0.3957535240819372,-1.6653345369377348e-16,-1.0543308074474922,-0.0275820311225871,8.0,9.72510020663369e-31
0.028650461094041277,0.8,0.1,0.1771866663855157,0.18433212623575354,-0.04541983413155429,0.16670558524454035,-0.4541983413155429,1.2297434239206693,-1.8041124150158794e-16,-0.9313558898401251,-0.13484348703567944,8.0,9.72510020663369e-31
0.028650461094041277,1.0,0.1,0.0,0.21246832535112375,-0.04541983413155429,0.1135495853288857,-0.4541983413155429,1.39467229820498,-2.7755575615628914e-17,-0.8516218899666429,-0.2043892535919943,8.0,9.72510020663369e-31
0.029969564954923613,0.0,0.1,0.4852015907247251,0.0,-0.04550718584581442,0.2593284418319534,-0.45507185845814413,0.0,-2.7755575615628914e-16,-1.0716004504351466,-0.014340711946710341,8.0,4.0174403869140586e-32
0.029969564954923613,0.3,0.1,0.4463244803168917,0.07665121397853891,-0.04550718584581442,0.2476653087096034,-0.45507185845814413,0.40380130494010824,-2.7755575615628914e-16,-1.0541057507516216,-0.029599977781784942,8.0,4.0174403869140586e-32
0.029969564954923613,0.8,0.1,0.17395104508918988,0.18351719272441464,-0.04550718584581442,0.1659532781412929,-0.45507185845814413,1.2103181985959377,-1.8041124150158794e-16,-0.9315377048991558,-0.1365065511086579,8.0,4.0174403869140586e-32
0.029969564954923613,1.0,0.1,0.0,0.21159480820852247,-0.04550718584581442,0.113767964614536,-0.45507185845814413,1.367574174529969,-5.551115123125783e-17,-0.8532597346090203,-0.20478233630616488,8.0,4.0174403869140586e-32
0.03,0.0,0.1,0.4851281955144504,0.0,-0.045509181273503736,0.2593114118380943,-0.45509181273503735,0.0,-3.3306690738754696e-16,-1.0716048368596978,-0.014378498991345107,8.0,3.732668252115185e-32
0.03,0.3,0.1,0.4462288698050357,0.07664537413671746,-0.045509181273503736,0.24764161412526992,-0.45509181273503735,0.4039713635989228,-2.7755575615628914e-16,-1.054100140290461,-0.029646484332290376,8.0,3.732668252115185e-32
0.03,0.8,0.1,0.1738787012452579,0.18349852429447733,-0.045509181273503736,0.16593656355733663,-0.45509181273503735,1.2098812207663487,-1.8041124150158794e-16,-0.9315425644385611,-0.13654392549200314,8.0,3.732668252115185e-32
0.03,1.0,0.1,0.0,0.21157485393162928,-0.045509181273503736,0.11377295318375931,-0.45509181273503735,1.3669697557407587,-5.551115123125783e-17,-0.8532971488781951,-0.20479131573076684,8.0,3.732668252115185e-32
0.03134940204415027,0.0,0.1,0.4817955604954315,0.0,-0.045596785394866356,0.25853063163579526,-0.4559678539486635,0.0,-1.6653345369377348e-16,-1.0717477283766883,-0.016080776782441755,8.0,1.4334293823369967e-33
0.03134940204415027,0.3,0.1,0.44198792284619,0.07638116285004302,-0.045596785394866356,0.24658834034102275,-0.4559678539486635,0.4108497973671164,-2.220446049250313e-16,-1.0538342914345296,-0.0317052745597691,8.0,1.4334293823369967e-33
0.03134940204415027,0.8,0.1,0.17076821480120452,0.18267674831318026,-0.045596785394866356,0.16522242792752717,-0.4559678539486635,1.190982840692836,-1.249000902703301e-16,-0.9317854228142861,-0.13815900996742583,8.0,1.4334293823369967e-33
0.03134940204415027,1.0,0.1,0.0,0.21069881271800314,-0.045596785394866356,0.11399196348716586,-0.4559678539486635,1.341042406507139,-5.551115123125783e-17,-0.8549397261537441,-0.2051855342768986,8.0,1.4334293823369967e-33
0.032792768597206964,0.0,0.1,0.4780763783377816,0.0,-0.04568869283284243,0.2576446455834404,-0.45688692832842426,0.0,-2.7755575615628914e-16,-1.0717973608677973,-0.01795413925021172,8.0,4.3877465472260464e-35
0.032792768597206964,0.3,0.1,0.43745250154186166,0.07608823069427523,-0.04568869283284243,0.24545748254466446,-0.45688692832842426,0.4168753358291228,-2.220446049250313e-16,-1.0535166163096332,-0.03389901089261027,8.0,4.3877465472260464e-35
0.032792768597206964,0.8,0.1,0.16763554828469981,0.18181025679208576,-0.04568869283284243,0.16451239656751596,-0.45688692832842426,1.1717316222873888,-9.71445146547012e-17,-0.9320989873439104,-0.13980216504604628,8.0,4.3877465472260464e-35
0.032792768597206964,1.0,0.1,0.0,0.20977973833824234,-0.04568869283284243,0.11422173208210606,-0.45688692832842426,1.315048955189342,0.0,-0.8566629906157954,-0.2055991177477909,8.0,4.3877465472260464e-35
0.03430258959183644,0.0,0.1,0.4740393371896963,0.0,-0.045782968613653365,0.25666922269104214,-0.45782968613653363,0.0,-3.3306690738754696e-16,-1.071748363241364,-0.019962918914484415,8.0,1.1441345015545399e-36
0.03430258959183644,0.3,0.1,0.4327162826087923,0.07577214028307075,-0.045782968613653365,0.24427230631677102,-0.45782968613653363,0.42186345248242685,-1.6653345369377348e-16,-1.053152988679957,-0.03618221783748919,8.0,1.1441345015545399e-36
0.03430258959183644,0.8,0.1,0.16455002035233438,0.1809171890973797,-0.045782968613653365,0.16382242763983365,-0.45782968613653363,1.1525553839036562,-1.3877787807814457e-16,-0.9324781706645511,-0.1414374757731489,8.0,1.1441345015545399e-36
0.03430258959183644,1.0,0.1,0.0,0.20883698053013305,-0.045782968613653365,0.11445742153413338,-0.45782968613653363,1.2895631197761708,-5.551115123125783e-17,-0.8584306615060006,-0.20602335876144012,8.0,1.1441345015545399e-36
0.03588192467549639,0.0,0.1,0.46968118614608684,0.0,-0.04587967317598888,0.2556035387837981,-0.4587967317598888,0.0,-2.220446049250313e-16,-1.0716004058155306,-0.022108663729610956,8.0,2.5227473940538906e-38
0.03588192467549639,0.3,0.1,0.4277775263113522,0.07543270286776554,-0.04587967317598888,0.24303244083337777,-0.4587967317598888,0.4258087000581403,-1.1102230246251565e-16,-1.0527437588899,-0.03855585021474425,8.0,2.5227473940538906e-38
0.03588192467549639,0.8,0.1,0.16150819601933536,0.17999702823939057,-0.04587967317598888,0.16315164174577274,-0.4587967317598888,1.1334416370196265,-1.249000902703301e-16,-0.9329225602584925,-0.14306656235436088,8.0,2.5227473940538906e-38
0.03588192467549639,1.0,0.1,0.0,0.20786993490677785,-0.04587967317598888,0.11469918293997217,-0.4587967317598888,1.2645513338680332,-5.551115123125783e-17,-0.8602438720497916,-0.20645852929194997,8.0,2.5227473940538906e-38
0.03753397436572565,0.0,0.1,0.4650001186693,0.0,-0.045978866437570924,0.25444720169471713,-0.4597886643757092,0.0,-3.3306690738754696e-16,-1.0713537991056397,-0.024392352391368985,8.0,4.667397297472473e-40
0.03753397436572565,0.3,0.1,0.4226347296089789,0.07506981866539508,-0.045978866437570924,0.2417375849766209,-0.4597886643757092,0.42871433194913317,-1.1102230246251565e-16,-1.0522893740284953,-0.04102076759754497,8.0,4.667397297472473e-40
0.03753397436572565,0.8,0.1,0.1585062288458062,0.17904927486375116,-0.045978866437570924,0.16249903474766908,-0.4597886643757092,1.1143747301320774,-1.5265566588595902e-16,-0.9334315486850675,-0.14469120414709025,8.0,4.667397297472473e-40
0.03753397436572565,1.0,0.1,0.0,0.20687800229095743,-0.045978866437570924,0.11494716609392727,-0.4597886643757092,1.239977045764945,-5.551115123125783e-17,-0.8621037457044547,-0.20690489896906913,8.0,4.667397297472473e-40
0.03926208653598264,0.0,0.1,0.45999574263491805,0.0,-0.04608060719323018,0.25320024077355074,-0.4608060719323018,0.0,-1.6653345369377348e-16,-1.071009469058779,-0.026814403385330532,8.0,7.187350858162391e-42
0.03926208653598264,0.3,0.1,0.41728666928445957,0.07468347627047536,-0.04608060719323018,0.24038751876841322,-0.4608060719323018,0.43059185005440725,-2.220446049250313e-16,-1.0517903860510727,-0.04357771467538547,8.0,7.187350858162391e-42
0.03926208653598264,0.8,0.1,0.155539871176345,0.1780734534411554,-0.04608060719323018,0.1618634793359789,-0.4608060719323018,1.0953360812761344,-9.71445146547012e-17,-0.9340043269024212,-0.14631333293282042,8.0,7.187350858162391e-42
0.03926208653598264,1.0,0.1,0.0,0.20586059473436485,-0.04608060719323018,0.11520151798307543,-0.4608060719323018,1.2158007011833716,-2.7755575615628914e-17,-0.8640113848730658,-0.2073627323695358,8.0,7.187350858162391e-42
0.041069763200100445,0.0,0.1,0.45466903396721153,0.0,-0.046184952413768826,0.2518630912245854,-0.4618495241376882,0.0,-2.220446049250313e-16,-1.0705689230434106,-0.02937469002982923,8.0,9.13446670471109e-44
0.041069763200100445,0.3,0.1,0.41173244436157963,0.07427375103651321,-0.046184952413768826,0.23898211434289585,-0.4618495241376882,0.43146043352074764,-1.6653345369377348e-16,-1.0512474577208761,-0.046227301450039726,8.0,9.13446670471109e-44
0.041069763200100445,0.8,0.1,0.1526044975367743,0.17706911907019607,-0.046184952413768826,0.16124373029545427,-0.4618495241376882,1.07630447758308,-1.249000902703301e-16,-0.9346398816497138,-0.14793502057877583,8.0,9.13446670471109e-44
0.041069763200100445,1.0,0.1,0.0,0.2048171425289784,-0.046184952413768826,0.11546238103442204,-0.4618495241376882,1.1919798428668937,-2.7755575615628914e-17,-0.8659678577581653,-0.2078322858619597,8.0,9.13446670471109e-44
0.04296066760910638,0.0,0.1,0.4490222759344898,0.0,-0.04629195644538095,0.25043657389379914,-0.46291956445380944,0.0,-2.7755575615628914e-16,-1.070034207521413,-0.0320725606999271,8.0,9.49677262471605e-46
0.04296066760910638,0.3,0.1,0.4059715168692254,0.07384080250269867,-0.04629195644538095,0.23752134617421988,-0.46291956445380944,0.43134626371013773,-1.3877787807814457e-16,-1.050661365942044,-0.04896998363304332,8.0,9.49677262471605e-46
0.04296066760910638,0.8,0.1,0.149695141884956,0.17603586486709855,-0.04629195644538095,0.1606384336789391,-0.46291956445380944,1.0572564400413467,-1.249000902703301e-16,-0.935336997199123,-0.14955846081436905,8.0,9.49677262471605e-46
0.04296066760910638,1.0,0.1,0.0,0.2037471022128572,-0.04629195644538095,0.11572989111345235,-0.46291956445380944,1.1684693363624752,-2.7755575615628914e-17,-0.8679741833508927,-0.20831380400421426,8.0,9.49677262471605e-46
0.04493863167478911,0.0,0.1,0.44305898645844727,0.0,-0.04640167011250721,0.24892187121880205,-0.4640167011250721,0.0,-2.7755575615628914e-16,-1.0694078585158113,-0.03490686332134198,8.0,8.002557784792729e-48
0.04493863167478911,0.3,0.1,0.4000037503083081,0.07338487097245044,-0.04640167011250721,0.23600530037376038,-0.4640167011250721,0.43028176255053596,-8.326672684688674e-17,-1.0500330022482487,-0.05180604351027157,8.0,8.002557784792729e-48
0.04493863167478911,0.8,0.1,0.146806548769433,0.17497332990539177,-0.04640167011250721,0.16004613991209787,-0.4640167011250721,1.0381666491888193,-9.71445146547012e-17,-0.9360942615557549,-0.15118594511428002,8.0,8.002557784792729e-48
0.04493863167478911,1.0,0.1,0.0,0.2026499655415945,-0.04640167011250721,0.11600417528126801,-0.4640167011250721,1.1452217250753336,-2.7755575615628914e-17,-0.8700313146095101,-0.20880751550628246,8.0,8.002557784792729e-48
0.047007663735055404,0.0,0.1,0.43678383604329224,0.0,-0.04651413973025273,0.24732050013861934,-0.4651413973025273,0.0,-3.3306690738754696e-16,-1.0686928461617202,-0.03787597313914516,8.0,5.413000445856963e-50
0.047007663735055404,0.3,0.1,0.3938294454920762,0.07290627338050953,-0.04651413973025273,0.2344341829732546,-0.4651413973025273,0.428304762938787,-1.1102230246251565e-16,-1.0493633704136731,-0.0547355714304974,8.0,5.413000445856963e-50
0.047007663735055404,0.8,0.1,0.14393323776770203,0.17388120765780818,-0.04651413973025273,0.15946532065594238,-0.4651413973025273,1.019008425100039,-1.1102230246251565e-16,-0.9369100769377046,-0.15281983296231427,8.0,5.413000445856963e-50
0.047007663735055404,1.0,0.1,0.0,0.2015252693641393,-0.04651413973025273,0.11628534932563181,-0.4651413973025273,1.1221877110437157,-5.551115123125783e-17,-0.8721401199422387,-0.2093136287861373,8.0,5.413000445856963e-50
0.04917195667681425,0.0,0.1,0.4302025591461378,0.0,-0.04662940603573404,0.2456342828331763,-0.46629406035734033,0.0,-3.3306690738754696e-16,-1.0678925147857752,-0.04097782269594413,8.0,2.9094230197908687e-52
0.04917195667681425,0.3,0.1,0.3874493737353375,0.07240539861279122,-0.04662940603573404,0.23280832720993627,-0.46629406035734033,0.42545763108603146,-1.1102230246251565e-16,-1.048653581350915,-0.05775844796968323,8.0,2.9094230197908687e-52
0.04917195667681425,0.8,0.1,0.1410695799008025,0.17275925488205135,-0.04662940603573404,0.15889438905957579,-0.46629406035734033,0.9997542528324149,-8.326672684688674e-17,-0.9377826741253743,-0.1544625170497382,8.0,2.9094230197908687e-52
0.04917195667681425,1.0,0.1,0.0,0.2003726063093263,-0.04662940603573404,0.11657351508933507,-0.46629406035734033,1.0993167511770499,-2.7755575615628914e-17,-0.8743013631700131,-0.20983232716080316,8.0,2.9094230197908687e-52
0.05143589643284903,0.0,0.1,0.4233218619815931,0.0,-0.0467475030507738,0.24386531622141228,-0.467475030507738,0.0,-2.7755575615628914e-16,-1.0670105200937257,-0.04420993290070688,8.0,1.2295211401278266e-54
0.05143589643284903,0.3,0.1,0.38086480764143554,0.07188270246672732,-0.0467475030507738,0.2311281999193651,-0.467475030507738,0.42178636162816163,-1.1102230246251565e-16,-1.0479048456406548,-0.060874326729218664,8.0,1.2295211401278266e-54
0.05143589643284903,0.8,0.1,0.13820988409807541,0.1716073008816576,-0.0467475030507738,0.15833172285635705,-0.467475030507738,0.9803763425563541,-1.3877787807814457e-16,-0.9387101300461427,-0.15611638421998753,8.0,1.2295211401278266e-54
0.05143589643284903,1.0,0.1,0.0,0.19919163615892865,-0.0467475030507738,0.11686875762693448,-0.467475030507738,1.0765577524625554,-2.7755575615628914e-17,-0.8765156822020087,-0.2103637637284821,8.0,1.2295211401278266e-54
0.053804070869895915,0.0,0.1,0.4161493298677474,0.0,-0.04686845689107179,0.24201594118800354,-0.46868456891071786,0.0,-2.7755575615628914e-16,-1.0660507651480824,-0.04756944403673227,8.0,4.040308712156752e-57
0.053804070869895915,0.3,0.1,0.3740775499584352,0.07133870245776147,-0.04686845689107179,0.22939440721520993,-0.46868456891071786,0.41733966693015456,-1.3877787807814457e-16,-1.047118464188892,-0.06408261765113728,8.0,4.040308712156752e-57
0.053804070869895915,0.8,0.1,0.13534849125700785,0.17042525706317113,-0.04686845689107179,0.15777568960478178,-0.46868456891071786,0.9608472120100111,-8.326672684688674e-17,-0.9396903877732495,-0.15778377319144749,8.0,4.040308712156752e-57
0.053804070869895915,1.0,0.1,0.0,0.19798209775594877,-0.04686845689107179,0.11717114222767945,-0.46868456891071786,1.053859844306377,-2.7755575615628914e-17,-0.878783566707596,-0.21090805600982304,8.0,4.040308712156752e-57
0.05628127908594195,0.0,0.1,0.40869333726113205,0.0,-0.04699228453920873,0.2400887125263613,-0.4699228453920873,0.0,-2.7755575615628914e-16,-1.0650173368776732,-0.05105314555144502,8.0,1.020493423302273e-59
0.05628127908594195,0.3,0.1,0.367089961133528,0.07077397268839689,-0.04699228453920873,0.22760769968808012,-0.4699228453920873,0.4121680822203608,-1.942890293094024e-16,-1.0462958176202513,-0.06738247068152961,8.0,1.020493423302273e-59
0.05628127908594195,0.8,0.1,0.13247987304255487,0.16921312670150002,-0.04699228453920873,0.15722467326078826,-0.4699228453920873,0.9411402777796591,-4.163336342344337e-17,-0.9407212779793134,-0.15946693025723652,8.0,1.020493423302273e-59
0.05628127908594195,1.0,0.1,0.0,0.19674382127457937,-0.04699228453920873,0.11748071134802182,-0.4699228453920873,1.0311732020944673,0.0,-0.8811053351101636,-0.21146528042643925,8.0,1.020493423302273e-59
0.058872541135581456,0.0,0.1,0.40096296357607153,0.0,-0.04711899260047851,0.23808637057401763,-0.4711899260047851,0.0,-1.6653345369377348e-16,-1.0639144448682043,-0.054657503498545285,8.0,1.957307528463406e-62
0.058872541135581456,0.3,0.1,0.35990498627833,0.07018913899827138,-0.04711899260047851,0.2257689773846952,-0.4711899260047851,0.40632310789820886,-1.1102230246251565e-16,-1.0454383550842206,-0.0707727595879088,8.0,1.957307528463406e-62
0.058872541135581456,0.8,0.1,0.12959873232322475,0.16797101481687282,-0.04711899260047851,0.15667710119816367,-0.4711899260047851,0.9212304412891318,-9.71445146547012e-17,-0.9418005408044232,-0.16116796426528762,8.0,1.957307528463406e-62
0.058872541135581456,1.0,0.1,0.0,0.19547674066188153,-0.04711899260047851,0.11779748150119626,-0.4711899260047851,1.0084498934881212,-5.551115123125783e-17,-0.883481111258972,-0.2120354667021533,8.0,1.957307528463406e-62
0.06158310820314096,0.0,0.1,0.39296791772102163,0.0,-0.0472485760615247,0.2360118154701181,-0.472485760615247,0.0,-2.498001805406602e-16,-1.062746364128048,-0.05837868457136024,8.0,2.814847903564521e-65
0.06158310820314096,0.3,0.1,0.35252618226440147,0.06958487460597039,-0.0472485760615247,0.2238792948331321,-0.472485760615247,0.39985640945485473,-1.3877787807814457e-16,-1.0445475831725688,-0.07425206573808361,8.0,2.814847903564521e-65
0.06158310820314096,0.8,0.1,0.1267001020614555,0.16669913805953263,-0.0472485760615247,0.15613147077224834,-0.472485760615247,0.9010946553438576,-6.938893903907228e-17,-0.9429258470812432,-0.16288880221773988,8.0,2.814847903564521e-65
0.06158310820314096,1.0,0.1,0.0,0.1941809060514197,-0.0472485760615247,0.11812144015381174,-0.472485760615247,0.9856447180414756,-5.551115123125783e-17,-0.8859108011535881,-0.21261859227686117,8.0,2.814847903564521e-65
0.06441847324418712,0.0,0.1,0.38471847399672876,0.0,-0.047381017072054776,0.23386808487915545,-0.47381017072054776,0.0,-2.220446049250313e-16,-1.061517383399555,-0.06221257578053052,8.0,2.9952853062781407e-68
0.06441847324418712,0.3,0.1,0.3449577456003983,0.06896189643497211,-0.047381017072054776,0.22193986636025634,-0.47381017072054776,0.3928190938314008,-1.942890293094024e-16,-1.0436250556212063,-0.07781866167609021,8.0,2.9952853062781407e-68
0.06441847324418712,0.8,0.1,0.12377943956572679,0.16539783449238465,-0.047381017072054776,0.15558637454985494,-0.47381017072054776,0.8807124576463827,-6.938893903907228e-17,-0.9440948179056041,-0.16463114679469876,8.0,2.9952853062781407e-68
0.06441847324418712,1.0,0.1,0.0,0.19285649594611884,-0.047381017072054776,0.11845254268013693,-0.47381017072054776,0.9627160114540569,-2.7755575615628914e-17,-0.8883940701010271,-0.2132145768242465,8.0,2.9952853062781407e-68
0.06738438211698448,0.0,0.1,0.37622542158090844,0.0,-0.04751628376954217,0.23165833589812782,-0.47516283769542167,0.0,-2.498001805406602e-16,-1.0602317603903246,-0.06615479899243326,8.0,2.325863055562867e-71
0.06738438211698448,0.3,0.1,0.3372045416068671,0.06832096228714746,-0.04751628376954217,0.21995207190591548,-0.47516283769542167,0.38526107864972436,-1.1102230246251565e-16,-1.042672364402006,-0.08147049438224445,8.0,2.325863055562867e-71
0.06738438211698448,0.8,0.1,0.12083271326238101,0.16406757315736956,-0.04751628376954217,0.15504052340256969,-0.47516283769542167,0.8600664588754157,-6.938893903907228e-17,-0.9453050416469871,-0.1663964370074552,8.0,2.325863055562867e-71
0.06738438211698448,1.0,0.1,0.0,0.19150382897124496,-0.04751628376954217,0.1187907094238554,-0.47516283769542167,0.9396263880464112,-2.7755575615628914e-17,-0.8909303206789156,-0.21382327696293976,8.0,2.325863055562867e-71
0.07048684522645854,0.0,0.1,0.3675000292738807,0.0,-0.04765432916586898,0.22938583169683655,-0.4765432916586898,0.0,-2.220446049250313e-16,-1.0588936850332897,-0.0702007197564123,8.0,1.2989449436011833e-74
0.07048684522645854,0.3,0.1,0.32927213521271653,0.06766286898823339,-0.04765432916586898,0.21791746347848734,-0.4765432916586898,0.37723056758066864,-1.1102230246251565e-16,-1.0416911327057659,-0.0852051681754192,8.0,1.2989449436011833e-74
0.07048684522645854,0.8,0.1,0.11785647953689518,0.1627089633083446,-0.04765432916586898,0.15449276677574098,-0.4765432916586898,0.8391427746543151,-5.551115123125783e-17,-0.9465540876516463,-0.1681858130281791,8.0,1.2989449436011833e-74
0.07048684522645854,1.0,0.1,0.0,0.19012337500797682,-0.04765432916586898,0.11913582291467242,-0.4765432916586898,0.9163433986675442,-5.551115123125783e-17,-0.8935186718600434,-0.21444448124641044,8.0,1.2989449436011833e-74
0.07373214970426238,0.0,0.1,0.358554026512854,0.0,-0.047795090113422055,0.22705393323741124,-0.4779509011342205,0.0,-1.942890293094024e-16,-1.0575072515574477,-0.07434545010410408,8.0,5.138849572087447e-78
0.07373214970426238,0.3,0.1,0.3211668234622692,0.06698845158205571,-0.047795090113422055,0.21583777232223583,-0.4779509011342205,0.3687736412302458,-8.326672684688674e-17,-1.0406830101846847,-0.08901992730145859,8.0,5.138849572087447e-78
0.07373214970426238,0.8,0.1,0.11484794769916475,0.1613227631915498,-0.047795090113422055,0.1539421095933045,-0.4779509011342205,0.8179313929413903,-8.326672684688674e-17,-0.9478395160912876,-0.17000008603847708,8.0,5.138849572087447e-78
0.07373214970426238,1.0,0.1,0.0,0.18871576553244612,-0.047795090113422055,0.11948772528355511,-0.4779509011342205,0.8928400859256769,-2.7755575615628914e-17,-0.8961579396266635,-0.21507790551039924,8.0,5.138849572087447e-78
0.07712687214962921,0.0,0.1,0.3493996009048474,0.0,-0.047938486366373906,0.22466609618738884,-0.47938486366373906,0.0,-3.0531133177191805e-16,-1.0560764397766922,-0.07858384529353007,8.0,1.4174706849544824e-81
0.07712687214962921,0.3,0.1,0.3128956695584888,0.06629858359614475,-0.047938486366373906,0.2137149167834813,-0.47938486366373906,0.3599339684721964,-1.6653345369377348e-16,-1.0396496706708307,-0.09291163834697576,8.0,1.4174706849544824e-81
0.07712687214962921,0.8,0.1,0.11180503171033215,0.15990988825400237,-0.047938486366373906,0.15338772542903434,-0.47938486366373906,0.7964264709289596,-1.3877787807814457e-16,-0.9491588836391602,-0.17183971370237724,8.0,1.4174706849544824e-81
0.07712687214962921,1.0,0.1,0.0,0.18728180300292757,-0.047938486366373906,0.11984621591593474,-0.47938486366373906,0.8690954240378832,-5.551115123125783e-17,-0.8988466193695108,-0.2157231886486826,8.0,1.4174706849544824e-81
0.08067789195682923,0.0,0.1,0.3400494117158613,0.0,-0.048084419750928524,0.22222587289207954,-0.4808441975092852,0.0,-2.7755575615628914e-16,-1.0546051056020476,-0.08291049478070288,8.0,2.681157573134201e-85
0.08067789195682923,0.3,0.1,0.30446653799188467,0.06559417834354861,-0.048084419750928524,0.21155101077488664,-0.4808441975092852,0.3507526383536597,-8.326672684688674e-17,-1.0385928124262578,-0.09687677271736363,8.0,2.681157573134201e-85
0.08067789195682923,0.8,0.1,0.10872638793051172,0.1584714186599597,-0.048084419750928524,0.15282896575647476,-0.4808441975092852,0.7746265582848402,-1.1102230246251565e-16,-0.95050974489864,-0.17370478161645253,8.0,2.681157573134201e-85
0.08067789195682923,1.0,0.1,0.0,0.18582246915738146,-0.048084419750928524,0.12021104937732127,-0.4808441975092852,0.8450946363452798,-5.551115123125783e-17,-0.9015828703299098,-0.21637988887917833,8.0,2.681157573134201e-85
0.08439240525624118,0.0,0.1,0.330516617931327,0.0,-0.048232773456368117,0.21973691902031828,-0.48232773456368117,0.0,-1.6653345369377348e-16,-1.0530969803759993,-0.08731970801561076,8.0,3.417792462438776e-89
0.08439240525624118,0.3,0.1,0.2958881300307498,0.06487619116733964,-0.048232773456368117,0.20934837265014516,-0.48232773456368117,0.34126810782581873,-1.3877787807814457e-16,-1.0375141608207397,-0.10091138951658726,8.0,3.417792462438776e-89
0.08439240525624118,0.8,0.1,0.10561143876637401,0.15700860599539723,-0.048232773456368117,0.15226536527083245,-0.48232773456368117,0.752534746332275,-8.326672684688674e-17,-0.9518896497517705,-0.17559499083785474,8.0,3.417792462438776e-89
0.08439240525624118,1.0,0.1,0.0,0.18433893210298546,-0.048232773456368117,0.12058193364092029,-0.48232773456368117,0.8208293892558238,0.0,-0.9043645023069022,-0.21704748055365652,8.0,3.417792462438776e-89
0.08827793949728721,0.0,0.1,0.32081491871893997,0.0,-0.04838341145697858,0.21720300425812833,-0.48383411456978576,0.0,-1.942890293094024e-16,-1.0515556782418713,-0.0918054959592197,8.0,2.8833133480023627e-93
0.08827793949728721,0.3,0.1,0.28717001859076546,0.06414562247896546,-0.04838341145697858,0.20710953421967598,-0.48383411456978576,0.33151625591075456,-2.220446049250313e-16,-1.0364154731841928,-0.1050111192595282,8.0,2.8833133480023627e-93
0.08827793949728721,0.8,0.1,0.10246038267495795,0.15552287903974485,-0.04838341145697858,0.15169664344493378,-0.48383411456978576,0.730158745359346,-9.71445146547012e-17,-0.9532961370220794,-0.17750965135648264,8.0,2.8833133480023627e-93
0.08827793949728721,1.0,0.1,0.0,0.1828325520968809,-0.04838341145697858,0.12095852864244641,-0.48383411456978576,0.796297866690053,-5.551115123125783e-17,-0.9071889648183483,-0.21772535155640363,8.0,2.8833133480023627e-93
0.0923423687027855,0.0,0.1,0.31095860342825055,0.0,-0.04853617807351447,0.21462802621226124,-0.4853617807351447,0.0,-2.220446049250313e-16,-1.049984710421109,-0.09636154948522682,8.0,1.5794475286309393e-97
0.0923423687027855,0.3,0.1,0.2783226812728547,0.06340352139254471,-0.04853617807351447,0.2048372495656425,-0.4853617807351447,0.3215305308171194,-1.3877787807814457e-16,-1.035298545451181,-0.10917114893121965,8.0,1.5794475286309393e-97
0.0923423687027855,0.8,0.1,0.0992741914791396,0.1540158484824407,-0.04853617807351447,0.151122702627528,-0.4853617807351447,0.7075108945032592,-1.0408340855860843e-16,-0.954726725044009,-0.1794476811752528,8.0,1.5794475286309393e-97
0.0923423687027855,1.0,0.1,0.0,0.18130488593152194,-0.04853617807351447,0.12134044518378614,-0.4853617807351447,0.7715047336902353,-5.551115123125783e-17,-0.9100533388783962,-0.21841280133081512,8.0,1.5794475286309393e-97
0.0965939294256319,0.0,0.1,0.300962607695351,0.0,-0.04869089768191209,0.21201602651338544,-0.4869089768191209,0.0,-1.6653345369377348e-16,-1.0483875049987597,-0.10098121604817918,8.0,5.507444492979676e-102
0.0965939294256319,0.3,0.1,0.2693575301676851,0.06265098971738542,-0.04869089768191209,0.20253450325508568,-0.4869089768191209,0.31134217323561303,-1.6653345369377348e-16,-1.03416522011131,-0.11338620897778806,8.0,5.507444492979676e-102
0.0965939294256319,0.8,0.1,0.09605459634141278,0.15248931045888678,-0.04869089768191209,0.150543623107204,-0.4869089768191209,0.6846081104212383,-1.1102230246251565e-16,-0.9561788998894875,-0.18140761050459991,8.0,5.507444492979676e-102
0.0965939294256319,1.0,0.1,0.0,0.17975768984754578,-0.04869089768191209,0.1217272442047802,-0.4869089768191209,0.7464610014477733,-2.7755575615628914e-17,-0.9129543315358517,-0.2191090395686044,8.0,5.507444492979676e-102
0.1,0.0,0.1,0.29318157998696154,0.0,-0.048811220751569795,0.20998252587501284,-0.4881122075156979,0.0,-1.942890293094024e-16,-1.0471421000860663,-0.10457672323718172,8.0,1.4786685055862754e-105
0.1,0.3,0.1,0.26238295810828954,0.06206525410360047,-0.048811220751569795,0.2007429393114113,-0.4881122075156979,0.30337885127288783,-8.326672684688674e-17,-1.0332827202406638,-0.11666518232456044,8.0,1.4786685055862754e-105
0.1,0.8,0.1,0.09355467583130873,0.15130201647592834,-0.048811220751569795,0.15009445462831705,-0.4881122075156979,0.666815422523791,-7.632783294297951e-17,-0.9573099932160225,-0.1829302831182754,8.0,1.4786685055862754e-105
0.1,1.0,0.1,0.0,0.17855445915096874,-0.048811220751569795,0.12202805187892446,-0.4881122075156979,0.727020271975657,-2.7755575615628914e-17,-0.9152103890919336,-0.21965049338206405,8.0,1.4786685055862754e-105
0.10104123744014923,0.0,0.1,0.29084257181956846,0.0,-0.04884737457654292,0.20937120798722772,-0.4884737457654291,0.0,-1.942890293094024e-16,-1.0467674306289854,-0.10565747615526253,8.0,1.1972737010138034e-106
0.10104123744014923,0.3,0.1,0.2602869368810121,0.061889186042663136,-0.04884737457654292,0.20020451750566087,-0.4884737457654291,0.30098049679235495,-5.551115123125783e-17,-1.033017394906635,-0.11765056286864586,8.0,1.1972737010138034e-106
0.10104123744014923,0.8,0.1,0.09280406400547238,0.15094524877601845,-0.04884737457654292,0.14995965564299896,-0.4884737457654291,0.6614717821312137,-7.632783294297951e-17,-0.9576501021126422,-0.18338759047229522,8.0,1.1972737010138034e-106
0.10104123744014923,1.0,0.1,0.0,0.17819292090123756,-0.04884737457654292,0.12211843644135727,-0.4884737457654291,0.7211838084269068,-2.7755575615628914e-17,-0.9158882733101796,-0.2198131855944431,8.0,1.1972737010138034e-106
0.105693305201926,0.0,0.1,0.28061489736330714,0.0,-0.049005392995434674,0.20669795169757876,-0.4900539299543467,0.0,-1.1102230246251565e-16,-1.0451278224778884,-0.110382921264358,8.0,1.5877646307734794e-111
0.105693305201926,0.3,0.1,0.25112425114107656,0.06111932963271172,-0.049005392995434674,0.1978507578309096,-0.4900539299543467,0.29047320553930256,-1.1102230246251565e-16,-1.0318570316778846,-0.12195799990658349,8.0,1.5877646307734794e-111
0.105693305201926,0.8,0.1,0.0895257650397115,0.14938583569210995,-0.049005392995434674,0.14937121200050008,-0.4900539299543467,0.6381276199270687,-1.0408340855860843e-16,-0.9591377129322702,-0.18538540570136927,8.0,1.5877646307734794e-111
0.105693305201926,1.0,0.1,0.0,0.17661273671231997,-0.049005392995434674,0.12251348248858666,-0.4900539299543467,0.6956961334309602,-2.7755575615628914e-17,-0.9188511186644001,-0.22052426847945603,8.0,1.5877646307734794e-111
0.11055956011152926,0.0,0.1,0.27029679790218225,0.0,-0.04916471731552203,0.20400083265945965,-0.4916471731552203,0.0,-2.220446049250313e-16,-1.0434720087220202,-0.11514973474324265,8.0,1.2555793243907534e-116
0.11055956011152926,0.3,0.1,0.24188381130953904,0.06034270384912048,-0.04916471731552203,0.19547693668166674,-0.4916471731552203,0.2798467284408824,-1.1102230246251565e-16,-1.0306861647553305,-0.1263018319808551,8.0,1.2555793243907534e-116
0.11055956011152926,0.8,0.1,0.08622353580481397,0.14781343110908668,-0.04916471731552203,0.14877885403024924,-0.4916471731552203,0.6146054661472606,-7.632783294297951e-17,-0.9606390407782043,-0.18739849011645965,8.0,1.2555793243907534e-116
0.11055956011152926,1.0,0.1,0.0,0.17501949351144638,-0.04916471731552203,0.12291179328880505,-0.4916471731552203,0.670026456389137,-5.551115123125783e-17,-0.921838449666038,-0.22124122791984915,8.0,1.2555793243907534e-116
0.11564986361910211,0.0,0.1,0.2599063400114953,0.0,-0.04932509242700935,0.2012846330709719,-0.4932509242700935,0.0,-8.326672684688674e-17,-1.0418033360115981,-0.11994967746703016,8.0,5.78133990483003e-122
0.11564986361910211,0.3,0.1,0.2325809451304356,0.05956065882617341,-0.04932509242700935,0.193087014606654,-0.4932509242700935,0.26912655199857854,-8.326672684688674e-17,-1.0295069083151214,-0.13067489495784612,8.0,5.78133990483003e-122
0.11564986361910211,0.8,0.1,0.08290183573214359,0.14623058002928419,-0.04932509242700935,0.14818328178716644,-0.4932509242700935,0.5909390748623988,-6.938893903907228e-18,-0.9621513090858899,-0.1894239453966757,8.0,5.78133990483003e-122
0.11564986361910211,1.0,0.1,0.0,0.17341574239657315,-0.04932509242700935,0.12331273106752337,-0.4932509242700935,0.6442083814560017,0.0,-0.9248454830064252,-0.22196291592154205,8.0,5.78133990483003e-122
0.12097453120856025,0.0,0.1,0.24946247089456525,0.0,-0.04948624429716453,0.1985543520112808,-0.4948624429716452,0.0,-1.6653345369377348e-16,-1.040125192474389,-0.12477407951112354,8.0,1.5119037995980053e-127
0.12097453120856025,0.3,0.1,0.22323195911446286,0.05877461314758341,-0.04948624429716453,0.19068519847725013,-0.4948624429716452,0.25833753427281003,-8.326672684688674e-17,-1.028321462173343,-0.1350695553848137,8.0,1.5119037995980053e-127
0.12097453120856025,0.8,0.1,0.07956570126345217,0.1446400081233099,-0.04948624429716453,0.14758532112194694,-0.4948624429716452,0.5671658663577773,-2.0816681711721685e-17,-0.9636716461403882,-0.19145856159133537,8.0,1.5119037995980053e-127
0.12097453120856025,1.0,0.1,0.0,0.1718042236950214,-0.04948624429716453,0.1237156107429113,-0.4948624429716452,0.6182802349179216,0.0,-0.9278670805718348,-0.22268809933724035,8.0,1.5119037995980053e-127
0.12654435330188882,0.0,0.1,0.23898502950579434,0.0,-0.04964788073510255,0.1958152106894946,-0.49647880735102545,0.0,-1.3877787807814457e-16,-1.0384410270607802,-0.12961383922693723,8.0,2.1878534100557576e-133
0.12654435330188882,0.3,0.1,0.21385411506402993,0.0579860543027696,-0.04964788073510255,0.18827593635696527,-0.49647880735102545,0.24750418637678923,-1.3877787807814457e-16,-1.0271321155619861,-0.13947772314532975,8.0,2.1878534100557576e-133
0.12654435330188882,0.8,0.1,0.07622069749587713,0.14304461525266965,-0.04964788073510255,0.14698591108651946,-0.49647880735102545,0.5433266607708503,-9.71445146547012e-17,-0.9651970776563175,-0.19349883954082966,8.0,2.1878534100557576e-133
0.12654435330188882,1.0,0.1,0.0,0.1701878593156412,-0.04964788073510255,0.12411970183775634,-0.49647880735102545,0.5922846476621881,-5.551115123125783e-17,-0.9308977637831728,-0.22341546330796147,8.0,2.1878534100557576e-133
0.13237061712589746,0.0,0.1,0.22849473855808605,0.0,-0.049809692370123004,0.19307265249273325,-0.49809692370123,0.0,-1.3877787807814457e-16,-1.036754364290945,-0.13445943078150474,8.0,1.7048138860441903e-139
0.13237061712589746,0.3,0.1,0.20446559239256346,0.05719653773751198,-0.049809692370123004,0.18586390864307645,-0.49809692370123,0.23665091075207897,-1.6653345369377348e-16,-1.0259412485164598,-0.14389087065147238,8.0,1.7048138860441903e-139
0.13237061712589746,0.8,0.1,0.07287286823382305,0.1414474667914829,-0.049809692370123004,0.1463860913954544,-0.49809692370123,0.5194653935735878,-4.85722573273506e-17,-0.9667245226450266,-0.19554101488377795,8.0,1.7048138860441903e-139
0.13237061712589746,1.0,0.1,0.0,0.16856974296543664,-0.049809692370123004,0.12452423092530748,-0.49809692370123,0.5662681288932839,-5.551115123125783e-17,-0.9339317319398062,-0.22414361566555352,8.0,1.7048138860441903e-139
0.13846512958575005,0.0,0.1,0.21801317539046675,0.0,-0.04997135385669595,0.19033233725887982,-0.4997135385669595,0.0,-1.6653345369377348e-16,-1.0350688137387591,-0.1393009210143736,8.0,6.952194433696885e-146
0.13846512958575005,0.3,0.1,0.19508543507403694,0.05640768435402918,-0.04997135385669595,0.18345401516395093,-0.4997135385669595,0.22580218890370676,-6.938893903907228e-17,-1.0247513305963656,-0.1483000590885723,8.0,6.952194433696885e-146
0.13846512958575005,0.8,0.1,0.06952868480623181,0.13985178259731204,-0.04997135385669595,0.1457869900836094,-0.4997135385669595,0.49562881394173036,-2.7755575615628914e-17,-0.9682507929758533,-0.19758108356868578,8.0,6.952194433696885e-146
0.13846512958575005,1.0,0.1,0.0,0.16695312809970714,-0.04997135385669595,0.12492838464173987,-0.4997135385669595,0.5402806346893428,0.0,-0.936962884813049,-0.22487109235513175,8.0,6.952194433696885e-146
0.1448402411916196,0.0,0.1,0.20756272027130926,0.0,-0.05013252531901971,0.18760012937894197,-0.501325253190197,0.0,-1.3877787807814457e-16,-1.0333880738537087,-0.14412799622909983,8.0,1.440139740907723e-152
0.1448402411916196,0.3,0.1,0.18573348227101238,0.0556211763569482,-0.05013252531901971,0.1810513579788529,-0.501325253190197,0.21498271451080983,-9.71445146547012e-17,-1.0235649167535752,-0.15269597214421635,8.0,1.440139740907723e-152
0.1448402411916196,0.8,0.1,0.06619499369614834,0.13826092349319508,-0.05013252531901971,0.14518981140639373,-0.501325253190197,0.4718661655895718,-7.632783294297951e-17,-0.9697725968948862,-0.19961482890985047,8.0,1.440139740907723e-152
0.1448402411916196,1.0,0.1,0.0,0.16534141347646963,-0.05013252531901971,0.12533131329754923,-0.501325253190197,0.5143751321663763,-5.551115123125783e-17,-0.9399848497316194,-0.22559636393558868,8.0,1.440139740907723e-152
0.1515088710869594,0.0,0.1,0.19716648129635933,0.0,-0.05029285404701181,0.18488207950643726,-0.502928540470118,0.0,-6.938893903907228e-17,-1.031715929964833,-0.1489299993027321,8.0,1.468860790295456e-159
0.1515088710869594,0.3,0.1,0.17643028192830915,0.0548387513823387,-0.05029285404701181,0.17866121969602222,-0.502928540470118,0.20421747072328766,-5.551115123125783e-17,-1.0223846402492105,-0.15706895755469177,8.0,1.468860790295456e-159
0.1515088710869594,0.8,0.1,0.06287896277560955,0.1366783751425404,-0.05029285404701181,0.14459582395021237,-0.502928540470118,0.44822884850283917,-1.3877787807814457e-17,-0.9712865466304956,-0.2016378503221264,8.0,1.468860790295456e-159
0.1515088710869594,1.0,0.1,0.0,0.1637381261965486,-0.05029285404701181,0.1257321351175295,-0.502928540470118,0.4886071576910466,0.0,-0.9429910133814713,-0.2263178432115531,8.0,1.468860790295456e-159
0.15848453322910544,0.0,0.1,0.18684819558974072,0.0,-0.05045197645349711,0.18218439981066492,-0.504519764534971,0.0,-1.1102230246251565e-16,-1.0300562465184542,-0.15369597727176376,8.0,7.139730811176918e-167
0.15848453322910544,0.3,0.1,0.16719698688325904,0.05406219488570896,-0.05045197645349711,0.17628903719872047,-0.504519764534971,0.19353175285987084,-1.3877787807814457e-17,-1.0212132026005374,-0.1614090766890578,8.0,7.139730811176918e-167
0.15848453322910544,0.8,0.1,0.05958802576099364,0.1351077292265323,-0.05045197645349711,0.14400634886204083,-0.504519764534971,0.42477005926666156,-4.163336342344337e-17,-0.9727891700955178,-0.20364559392954695,8.0,7.139730811176918e-167
0.15848453322910544,1.0,0.1,0.0,0.16214690213169558,-0.05045197645349711,0.12612994113374276,-0.504519764534971,0.4630343659164214,0.0,-0.9459745585030708,-0.22703389404073696,8.0,7.139730811176918e-167
0.16578136377526817,0.0,0.1,0.1766321070217508,0.0,-0.05060952029913869,0.1795134328543719,-0.5060952029913869,0.0,-1.1102230246251565e-16,-1.0284129537686382,-0.15841473934008693,8.0,1.5984088463058017e-174
0.16578136377526817,0.3,0.1,0.1580552333324532,0.053293330801050975,-0.05060952029913869,0.17394037074758265,-0.5060952029913869,0.18295113956717157,-6.938893903907228e-17,-1.0200533606084543,-0.16570616226313625,8.0,1.5984088463058017e-174
0.16578136377526817,0.8,0.1,0.05632982441139519,0.13355266187069992,-0.05060952029913869,0.14342274807126526,-0.5060952029913869,0.4015444074087287,-3.469446951953614e-17,-0.9742769265939782,-0.2056333852646515,8.0,1.5984088463058017e-174
0.16578136377526817,1.0,0.1,0.0,0.16057146367527977,-0.05060952029913869,0.12652380074784672,-0.5060952029913869,0.437716065491516,0.0,-0.9489285056088503,-0.22774284134612408,8.0,1.5984088463058017e-174
0.1734141497294107,0.0,0.1,0.1665428211211149,0.0,-0.05076510718729085,0.17687561430456156,-0.5076510718729085,0.0,-6.938893903907228e-17,-1.026790029266205,-0.16307492505277124,8.0,1.5903623075413817e-182
0.1734141497294107,0.3,0.1,0.14902700181047532,0.05253401051679894,-0.05076510718729085,0.1716208685113697,-0.5076510718729085,0.1725014167831631,-1.3877787807814457e-17,-1.0189079105764172,-0.16994988413219725,8.0,1.5903623075413817e-182
0.1734141497294107,0.8,0.1,0.05311214798607368,0.13201690931359406,-0.05076510718729085,0.1428464123640492,-0.5076510718729085,0.37860750536433857,-2.0816681711721685e-17,-0.9757462263554365,-0.20759646425827488,8.0,1.5903623075413817e-182
0.1734141497294107,1.0,0.1,0.0,0.15901559479375812,-0.05076510718729085,0.12691276796822712,-0.5076510718729085,0.4127127371204671,0.0,-0.9518457597617034,-0.2284429823428088,8.0,1.5903623075413817e-182
0.18139835890806397,0.0,0.1,0.15660513829072806,0.0,-0.05091835532546838,0.17427742980088928,-0.5091835532546838,0.0,-1.8041124150158794e-16,-1.0251914745833597,-0.167665082185497,8.0,6.774699470656763e-191
0.18139835890806397,0.3,0.1,0.1401344611804402,0.05178610024655406,-0.05091835532546838,0.16933622666780296,-0.5091835532546838,0.16220845963183822,-6.938893903907228e-17,-1.0177796698837303,-0.17412982295128493,8.0,6.774699470656763e-191
0.18139835890806397,0.8,0.1,0.04994286954989871,0.13050424086599033,-0.05091835532546838,0.14227874917864053,-0.5091835532546838,0.3560155302871434,-5.898059818321144e-17,-0.9771934536499866,-0.20953002266627246,8.0,6.774699470656763e-191
0.18139835890806397,1.0,0.1,0.0,0.1574831134119829,-0.05091835532546838,0.12729588831367092,-0.5091835532546838,0.38808553016139924,-5.551115123125783e-17,-0.9547191623525322,-0.22913259896460772,8.0,6.774699470656763e-191
0.18975017128581004,0.0,0.1,0.1468438668487952,0.0,-0.051068882543605414,0.17172536641365205,-0.5106888254360541,0.0,-4.163336342344337e-17,-1.0236212877745592,-0.17217375370807225,8.0,1.188247095229888e-199
0.18975017128581004,0.3,0.1,0.1313997965111082,0.051051466903565594,-0.051068882543605414,0.16709214531234595,-0.5106888254360541,0.1520980777590758,-5.551115123125783e-17,-1.0166714561226002,-0.1782355513156144,8.0,1.188247095229888e-199
0.18975017128581004,0.8,0.1,0.046829878855919035,0.12901842927322896,-0.051068882543605414,0.1417211700157892,-0.5106888254360541,0.3338247569159647,-4.5102810375396984e-17,-0.9786149931777649,-0.21142924399527613,8.0,1.188247095229888e-199
0.18975017128581004,1.0,0.1,0.0,0.1559778412306126,-0.051068882543605414,0.1276722063590135,-0.5106888254360541,0.363895735051378,-5.551115123125783e-17,-0.9575415476926014,-0.22980997144622434,8.0,1.188247095229888e-199
0.1984865117839479,0.0,0.1,0.13728361782696596,0.0,-0.051216309551847576,0.16922585922770866,-0.5121630955184757,0.0,-1.3877787807814457e-16,-1.0220834321192767,-0.17658957298622996,8.0,8.237630238575088e-209
0.1984865117839479,0.3,0.1,0.12284502212164952,0.050331962619242485,-0.051216309551847576,0.16489428051611374,-0.5121630955184757,0.14219582972342196,-9.71445146547012e-17,-1.0155860640518843,-0.18225672180056665,8.0,8.237630238575088e-209
0.1984865117839479,0.8,0.1,0.04378101172648144,0.12756321866536388,-0.051216309551847576,0.14117507739756333,-0.5121630955184757,0.3120910619858022,-7.28583859910259e-17,-0.9800072593740586,-0.21328934588067014,8.0,8.237630238575088e-209
0.1984865117839479,1.0,0.1,0.0,0.15450357114819094,-0.051216309551847576,0.12804077387961893,-0.5121630955184757,0.3402042303877506,0.0,-0.960305804097142,-0.23047339298331407,8.0,8.237630238575088e-209
0.20762508456879356,0.0,0.1,0.12794858387663152,0.0,-0.05136026341245018,0.16678523369411485,-0.5136026341245018,0.0,-1.249000902703301e-16,-1.0205818017279251,-0.18090136618444796,8.0,2.1627969414643042e-218
0.20762508456879356,0.3,0.1,0.1144917815112915,0.049629408078239276,-0.05136026341245018,0.16274819298451287,-0.5136026341245018,0.1325268119997318,-4.163336342344337e-17,-1.014526240663522,-0.18618316111284391,8.0,2.1627969414643042e-218
0.20762508456879356,0.8,0.1,0.04080397608239663,0.12614229035849958,-0.05136026341245018,0.14064185135584442,-0.5136026341245018,0.2908694021546978,-3.469446951953614e-17,-0.9813667282205193,-0.21510562474368516,8.0,2.1627969414643042e-218
0.20762508456879356,1.0,0.1,0.0,0.15306403254216489,-0.05136026341245018,0.12840065853112542,-0.5136026341245018,0.31707090534430155,-5.551115123125783e-17,-0.9630049389834409,-0.23112118535602583,8.0,2.1627969414643042e-218
0.21718440892911522,0.0,0.1,0.11886230507238865,0.0,-0.051500381191645066,0.1644096445008292,-0.5150038119164506,0.0,-8.326672684688674e-17,-1.01912018462592,-0.18509826062149026,8.0,2.0565141204362756e-228
0.21718440892911522,0.3,0.1,0.10636113635279346,0.04894557487640785,-0.051500381191645066,0.16065929388495065,-0.5150038119164506,0.1231154280424243,-8.326672684688674e-17,-1.0134946587021019,-0.19000496934393138,8.0,2.0565141204362756e-228
0.21718440892911522,0.8,0.1,0.037906275017840496,0.12475922685442975,-0.051500381191645066,0.14012283548446477,-0.5150038119164506,0.2702132690234939,-5.551115123125783e-17,-0.9826899711013731,-0.21687350241790038,8.0,2.0565141204362756e-228
0.21718440892911522,1.0,0.1,0.0,0.15166285475021607,-0.051500381191645066,0.12875095297911265,-0.5150038119164506,0.2945540601166348,0.0,-0.9656321473433449,-0.23175171536240277,8.0,2.0565141204362756e-228
0.2271838568054158,0.0,0.1,0.11004742485942323,0.0,-0.05163631374832498,0.1621050118286394,-0.5163631374832498,0.0,-4.163336342344337e-17,-1.017702223967834,-0.1891697976101388,8.0,6.758352404933465e-239
0.2271838568054158,0.3,0.1,0.09847334720809367,0.04828216714315223,-0.05163631374832498,0.15863278853324053,-0.5163631374832498,0.11398514276553796,-3.469446951953614e-17,-1.0124938890247355,-0.19371262308828566,8.0,6.758352404933465e-239
0.2271838568054158,0.8,0.1,0.03509512757302337,0.1234174744724251,-0.05163631374832498,0.13961932264271948,-0.5163631374832498,0.250174126475073,3.8163916471489756e-17,-0.983973690188954,-0.2185885742950507,8.0,6.758352404933465e-239
0.2271838568054158,1.0,0.1,0.0,0.1503035291834168,-0.05163631374832498,0.12909078437081245,-0.5163631374832498,0.2727097891548373,0.0,-0.9681808827810934,-0.2323634118674624,8.0,6.758352404933465e-239
0.23764369204710728,0.0,0.1,0.10152543986348683,0.0,-0.051767729607344985,0.15987695597740847,-0.5176772960734498,0.0,-5.551115123125783e-17,-1.0163313780762875,-0.19310604808663384,8.0,7.309687537559956e-250
0.23764369204710728,0.3,0.1,0.09084764911002827,0.04764080270596091,-0.051767729607344985,0.15667361875137092,-0.5176772960734498,0.10515822777465034,-1.3877787807814457e-17,-1.0115263722372312,-0.1972970809573663,8.0,7.309687537559956e-250
0.23764369204710728,0.8,0.1,0.03237738810538623,0.12212030513431629,-0.051767729607344985,0.13913254044997833,-0.5176772960734498,0.23080083718445224,2.0816681711721685e-17,-0.9852147547851423,-0.2202466584016883,8.0,7.309687537559956e-250
0.23764369204710728,1.0,0.1,0.0,0.14898937059321682,-0.051767729607344985,0.12941932401836245,-0.5176772960734498,0.25159135395328985,0.0,-0.9706449301377185,-0.2329547832330524,8.0,7.309687537559956e-250
0.2485851114771376,0.0,0.1,0.0933164477550434,0.0,-0.0518943188564584,0.15773073146765898,-0.518943188564584,0.0,-7.632783294297951e-17,-1.0150108800483646,-0.19689772911020828,8.0,2.4721976762998093e-261
0.2485851114771376,0.3,0.1,0.08350202563035349,0.04702299411108808,-0.0518943188564584,0.15478640483025202,-0.518943188564584,0.0966555027461643,-4.163336342344337e-17,-1.010594390092254,-0.20074988979414904,8.0,2.4721976762998093e-261
0.2485851114771376,0.8,0.1,0.029759465393440557,0.12087077790899325,-0.0518943188564584,0.13866363675917814,-0.518943188564584,0.21213908669002157,-4.163336342344337e-17,-0.9864102379856432,-0.2218438446871374,8.0,2.4721976762998093e-261
0.2485851114771376,1.0,0.1,0.0,0.14772347810208272,-0.0518943188564584,0.12973579714114597,-0.518943188564584,0.2312485540472808,-5.551115123125783e-17,-0.9730184785585949,-0.2335244348540628,8.0,2.4721976762998093e-261
0.2600302878472859,0.0,0.1,0.08543889781336676,0.0,-0.052015796997728216,0.15567116183833052,-0.5201579699772821,0.0,-9.020562075079397e-17,-1.013743697723419,-0.20053631909803055,8.0,2.4782688153682816e-273
0.2600302878472859,0.3,0.1,0.07645298550261308,0.04643012984901497,-0.052015796997728216,0.15297538814510442,-0.5201579699772821,0.08849607848172819,-7.632783294297951e-17,-1.0097000371835798,-0.20406328968000137,8.0,2.4782688153682816e-273
0.2600302878472859,0.8,0.1,0.027247242817235125,0.11967170100181455,-0.052015796997728216,0.13821366533949106,-0.5201579699772821,0.19423081481410986,-2.42861286636753e-17,-0.9875574529751597,-0.22337654368401216,8.0,2.4782688153682816e-273
0.2600302878472859,1.0,0.1,0.0,0.14650869668938454,-0.052015796997728216,0.1300394924943205,-0.5201579699772821,0.21172710654919152,-5.551115123125783e-17,-0.975296193707404,-0.23407108648977698,8.0,2.4782688153682816e-273
0.27200241477117115,0.0,0.1,0.07790934924686248,0.0,-0.05213190867705331,0.153702576466692,-0.5213190867705331,0.0,-2.0816681711721685e-17,-1.0125324948558376,-0.20401416946734635,8.0,6.962715825796596e-286
0.27200241477117115,0.3,0.1,0.06971534626681018,0.04586345616457134,-0.05213190867705331,0.1512443755726763,-0.5213190867705331,0.08069710733958649,-2.0816681711721685e-17,-1.0088451935148142,-0.20723031563701688,8.0,6.962715825796596e-286
0.27200241477117115,0.8,0.1,0.024846001138624643,0.11852559494450467,-0.05213190867705331,0.13778357203422065,-0.5213190867705331,0.1771136654255646,-2.42861286636753e-17,-0.9886539882071306,-0.2248415335998297,8.0,6.962715825796596e-286
0.27200241477117115,1.0,0.1,0.0,0.1453475798961336,-0.05213190867705331,0.13032977169263327,-0.5213190867705331,0.1930680459883202,0.0,-0.9774732876947495,-0.23459358904673988,8.0,6.962715825796596e-286
0.2845257537260403,0.0,0.1,0.07074224266398488,0.0,-0.05224243120962327,0.1518287508232536,-0.5224243120962326,0.0,-6.245004513516506e-17,-1.0113795943792294,-0.20732461019769063,8.0,5.170572873555926e-299
0.2845257537260403,0.3,0.1,0.06330202972723145,0.04532405985729053,-0.05224243120962327,0.14959668694222758,-0.5224243120962326,0.07327354691839505,-2.7755575615628914e-17,-1.0080314985576904,-0.21024489377536631,8.0,5.170572873555926e-299
0.2845257537260403,0.8,0.1,0.02256034554626089,0.11743465779791934,-0.05224243120962327,0.13737418168793641,-0.5224243120962326,0.1608204664962568,-2.2551405187698492e-17,-0.9896977406762536,-0.2262360048163973,8.0,5.170572873555926e-299
0.2845257537260403,1.0,0.1,0.0,0.14424235457043405,-0.05224243120962327,0.13060607802405816,-0.5224243120962326,0.17530715734716615,0.0,-0.9795455851804362,-0.23509094044330467,8.0,5.170572873555926e-299
0.2976256832185724,0.0,0.1,0.06394969032419548,0.0,-0.05234717781508297,0.15005285163496604,-0.5234717781508297,0.0,-4.85722573273506e-17,-1.0102869446786935,-0.21046204671562663,8.0,9.4931968273e-313
0.2976256832185724,0.3,0.1,0.057223874239673,0.04481285249542953,-0.05234717781508297,0.1480351068096093,-0.5234717781508297,0.06623794299500624,-4.85722573273506e-17,-1.0072603274406584,-0.2131019295288017,8.0,9.4931968273e-313
0.2976256832185724,0.8,0.1,0.020394138727786018,0.11640073321939871,-0.05234717781508297,0.13698618615604322,-0.5234717781508297,0.1453787530647784,-1.9081958235744878e-17,-0.9906869464603093,-0.22755760071721734,8.0,9.4931968273e-313
0.2976256832185724,1.0,0.1,0.0,0.14319488851583695,-0.05234717781508297,0.13086794453770742,-0.5234717781508297,0.15847445596327087,0.0,-0.9815095840328056,-0.23556230016787333,8.0,9.4931968273e-313
0.3,0.0,0.1,0.06279029584783995,0.0,-0.05236505660785972,0.1497497302740013,-0.5236505660785972,0.0,3.469446951953614e-17,-1.0101004445288977,-0.21099756361509153,8.0,3.077825675e-315
0.3,0.3,0.1,0.05618641739821193,0.04472559648886039,-0.05236505660785972,0.14776856673911287,-0.5236505660785972,0.06503706298095012,0.0,-1.007128699226565,-0.2135895859065705,8.0,3.077825675e-315
0.3,0.8,0.1,0.02002439726831851,0.11622425663377174,-0.05236505660785972,0.13691996070014484,-0.5236505660785972,0.1427430667516164,-1.214306433183765e-17,-0.990855790168113,-0.2277831788075537,8.0,3.077825675e-315
0.3,1.0,0.1,0.0,0.14301610058806946,-0.05236505660785972,0.1309126415196493,-0.5236505660785972,0.15560134730057879,0.0,-0.9818448113973697,-0.2356427547353687,8.0,3.077825675e-315
0.3113287502143435,0.0,0.1,0.05754129089952648,0.0,-0.05244600047437147,0.1483773884557866,-0.5244600047437147,0.0,-2.7755575615628914e-17,-1.009256089799252,-0.21342204545660745,8.0,0.0
0.3113287502143435,0.3,0.1,0.051489468943994206,0.044330556474800234,-0.05244600047437147,0.14656184186912694,-0.5244600047437147,0.05960023774822125,6.938893903907228e-18,-1.0065327699192623,-0.21579738557415387,8.0,0.0
0.3113287502143435,0.8,0.1,0.01835044177822817,0.11542528226406577,-0.05244600047437147,0.13662013371939713,-0.5244600047437147,0.13081034603067523,1.734723475976807e-17,-0.9916202076946677,-0.22880445373671704,8.0,0.0
0.3113287502143435,1.0,0.1,0.0,0.14220666192295192,-0.05244600047437147,0.13111500118592867,-0.5244600047437147,0.1425937283386976,0.0,-0.9833625088944651,-0.2360070021346716,8.0,0.0
0.32566272393516515,0.0,0.1,0.05152397441521849,0.0,-0.05253879232100248,0.14680417312707172,-0.5253879232100248,0.0,-4.85722573273506e-17,-1.0082881445056449,-0.21620140548653793,8.0,0.0
0.32566272393516515,0.3,0.1,0.04610501500787191,0.043877693348947394,-0.05253879232100248,0.14517848530486777,-0.5253879232100248,0.053367609191683194,-1.734723475976807e-17,-1.0058496127723389,-0.21832834705392143,8.0,0.0
0.32566272393516515,0.8,0.1,0.01643146474235313,0.11450935978132286,-0.05253879232100248,0.13627642022521214,-0.5253879232100248,0.11713099960947777,-1.0408340855860843e-17,-0.9924965151528555,-0.22997521553313754,8.0,0.0
0.32566272393516515,1.0,0.1,0.0,0.14127874345664185,-0.05253879232100248,0.1313469808025062,-0.5253879232100248,0.1276821478187235,0.0,-0.9851023560187966,-0.23642456544451118,8.0,0.0
0.34065665213332874,0.0,0.1,0.04590188278665418,0.0,-0.05262548948334093,0.14533428854434854,-0.5262548948334093,0.0,-4.5102810375396984e-17,-1.0073837750666366,-0.2187982136812724,8.0,0.0
0.34065665213332874,0.3,0.1,0.04107421872593879,0.043454574838336,-0.05262548948334093,0.14388598932613392,-0.5262548948334093,0.0475443474535407,-6.938893903907228e-17,-1.0052113262393148,-0.22069307182510317,8.0,0.0
0.34065665213332874,0.8,0.1,0.014638528513465712,0.11365359623032209,-0.05262548948334093,0.135955282262392,-0.5262548948334093,0.10435012973496131,-4.163336342344337e-17,-0.9933152656437019,-0.23106908023349887,8.0,0.0
0.34065665213332874,1.0,0.1,0.0,0.14041177183325745,-0.05262548948334093,0.1315637237083523,-0.5262548948334093,0.11374997852042415,-5.551115123125783e-17,-0.9867279278126423,-0.23681470267503418,8.0,0.0
0.35634091995678036,0.0,0.1,0.04067629090889257,0.0,-0.052706072301490096,0.143968068026393,-0.5270607230149009,0.0,3.469446951953614e-18,-1.0065431865619408,-0.22121188117496507,8.0,0.0
0.35634091995678036,0.3,0.1,0.03639822090773739,0.04306129689154118,-0.052706072301490096,0.14268464702604644,-0.5270607230149009,0.04213177304946235,-1.0408340855860843e-17,-1.004618055061421,-0.22289102365041846,8.0,0.0
0.35634091995678036,0.8,0.1,0.012972039666786212,0.11285818566843878,-0.052706072301490096,0.1356567926537611,-0.5270607230149009,0.09247063466198553,9.540979117872439e-18,-0.994076273502993,-0.23208579978749183,8.0,0.0
0.35634091995678036,1.0,0.1,0.0,0.1396059436517657,-0.052706072301490096,0.13176518075372523,-0.5270607230149009,0.10080037977210969,0.0,-0.9882388556529392,-0.2371773253567054,8.0,0.0
0.37274731152452767,0.0,0.1,0.03584557257121604,0.0,-0.05278056585292615,0.14270508640368013,-0.5278056585292614,0.0,-8.326672684688674e-17,-1.0057661173994124,-0.22344315910396537,8.0,0.0
0.37274731152452767,0.3,0.1,0.03207556637681818,0.04269773711997378,-0.05278056585292615,0.1415740845453608,-0.5278056585292614,0.03712820158025797,-1.734723475976807e-17,-1.0040696146119334,-0.22492288653526651,8.0,0.0
0.37274731152452767,0.8,0.1,0.011431479588765562,0.11212288056289098,-0.05278056585292615,0.13538085850894502,-0.5278056585292614,0.08148881747606847,-1.3010426069826053e-17,-0.9947797755573098,-0.23302569059957715,8.0,0.0
0.37274731152452767,1.0,0.1,0.0,0.13886100813740526,-0.05278056585292615,0.13195141463231533,-0.5278056585292614,0.08882932164128715,-5.551115123125783e-17,-0.9896356097423652,-0.23751254633816765,8.0,0.0
0.38990907433705707,0.0,0.1,0.03140521455828162,0.0,-0.052849039735050424,0.14154416370511053,-0.5284903973505042,0.0,-1.0408340855860843e-17,-1.0050518415834222,-0.22549413209360133,8.0,0.0
0.38990907433705707,0.3,0.1,0.028102216588699627,0.04236355585913137,-0.052849039735050424,0.14055326431423595,-0.5284903973505042,0.03252895833859204,4.163336342344337e-17,-1.0035654924971102,-0.22679055879666224,8.0,0.0
0.38990907433705707,0.8,0.1,0.010015408973879904,0.11144699393710818,-0.052849039735050424,0.13512722202979002,-0.5284903973505042,0.07139441814888424,1.3010426069826053e-17,-0.9954264290704413,-0.233889630785479,8.0,0.0
0.38990907433705707,1.0,0.1,0.0,0.13817626931616245,-0.052849039735050424,0.13212259933762607,-0.5284903973505042,0.07782561987724605,5.551115123125783e-17,-0.9909194950321953,-0.23782067880772687,8.0,0.0
0.40786098665228465,0.0,0.1,0.027347881168803816,0.0,-0.05291160707026088,0.14048338202629332,-0.5291160707026088,0.0,-5.204170427930421e-17,-1.004399179093353,-0.22736818845741846,8.0,0.0
0.40786098665228465,0.3,0.1,0.02447160736384956,0.042058201024272546,-0.05291160707026088,0.13962049988480704,-0.5291160707026088,0.028326445136621258,-5.0306980803327406e-17,-1.0031048558811237,-0.228497125925863,8.0,0.0
0.40786098665228465,0.8,0.1,0.008721488400160368,0.1108294091913964,-0.05291160707026088,0.13489546419570028,-0.5291160707026088,0.06217076021015392,-5.551115123125783e-17,-0.9960173023474637,-0.23467904761911101,8.0,0.0
0.40786098665228465,1.0,0.1,0.0,0.13755059596405786,-0.05291160707026088,0.1322790176756522,-0.5291160707026088,0.06777109579497648,0.0,-0.9920926325673916,-0.23810223181617396,8.0,0.0
0.42663942796359056,0.0,0.1,0.02366353005197301,0.0,-0.052968422719661915,0.1395201158147467,-0.5296842271966191,0.0,8.673617379884035e-18,-1.0038065145170487,-0.22906996669307922,8.0,0.0
0.42663942796359056,0.3,0.1,0.021174752541162304,0.04178091682826356,-0.052968422719661915,0.1387734825615035,-0.5296842271966191,0.024510260287391766,3.122502256758253e-17,-1.0026865646371839,-0.2300468118660724,8.0,0.0
0.42663942796359056,0.8,0.1,0.007546515270460652,0.11026859773491095,-0.052968422719661915,0.13468501138029298,-0.5296842271966191,0.05379501408193706,1.9949319973733282e-17,-0.9965538578653682,-0.23539589499482277,8.0,0.0
0.42663942796359056,1.0,0.1,0.0,0.13698243947004748,-0.052968422719661915,0.13242105679915478,-0.5296842271966191,0.05864086333053377,0.0,-0.9931579259936608,-0.23835790223847858,8.0,0.0
0.44628245272274353,0.0,0.1,0.020339578764559683,0.0,-0.053019680714620404,0.1386510754159189,-0.530196807146204,0.0,-1.214306433183765e-17,-1.0032718238431844,-0.2306052785507021,8.0,0.0
0.44628245272274353,0.3,0.1,0.01820039301765632,0.041530756316662754,-0.053019680714620404,0.1380093196918479,-0.530196807146204,0.021067371121736136,2.2551405187698492e-17,-1.0023091902570778,-0.23144490895636166,8.0,0.0
0.44628245272274353,0.8,0.1,0.006486476929028076,0.1097626443380522,-0.053019680714620404,0.13449514486525943,-0.530196807146204,0.04623857571786586,2.2551405187698492e-17,-0.9970379280171952,-0.23604262102114826,8.0,0.0
0.44628245272274353,1.0,0.1,0.0,0.13646985952046267,-0.053019680714620404,0.132549201786551,-0.530196807146204,0.05040374178803945,0.0,-0.9941190133991324,-0.23858856321579178,8.0,0.0
0.46682986745712884,0.0,0.1,0.017361119835469452,0.0,-0.05306561094029773,0.13787236330138514,-0.5306561094029772,0.0,-2.2551405187698492e-17,-1.0027927090565436,-0.231981009695918,8.0,0.0
0.46682986745712884,0.3,0.1,0.015535189193924935,0.041306597553474905,-0.05306561094029773,0.1373245841089218,-0.5306561094029772,0.017982336748294435,-1.0408340855860843e-17,-1.0019710402678486,-0.2326976874727242,8.0,0.0
0.46682986745712884,0.8,0.1,0.0055366192475472305,0.10930927986839711,-0.05306561094029773,0.13432501312500847,-0.5306561094029772,0.03946755551585161,-2.5153490401663703e-17,-0.9974716837919785,-0.2366221261766775,8.0,0.0
0.46682986745712884,1.0,0.1,0.0,0.13601055726368935,-0.05306561094029773,0.1326640273507443,-0.5306561094029772,0.043022788793588555,0.0,-0.9949802051305823,-0.23879524923133974,8.0,0.0
0.4883233114375456,0.0,0.1,0.014711180450613589,0.0,-0.05310647513110087,0.13717954196293625,-0.5310647513110087,0.0,-1.9081958235744878e-17,-1.0023664399109176,-0.2332049997630881,8.0,0.0
0.4883233114375456,0.3,0.1,0.013163953347026254,0.04110716316502978,-0.05310647513110087,0.13671537383186005,-0.5310647513110087,0.015237577030451178,-3.469446951953614e-18,-1.0016701877143033,-0.2338122864012461,8.0,0.0
0.4883233114375456,0.8,0.1,0.004691529441010004,0.1089059208184873,-0.05310647513110087,0.13417364666005518,-0.5310647513110087,0.03344336866750292,6.5052130349130266e-18,-0.9978575969565958,-0.2371377127843575,8.0,0.0
0.4883233114375456,1.0,0.1,0.0,0.13560191535565788,-0.05310647513110087,0.13276618782775218,-0.5310647513110087,0.03645594382328061,0.0,-0.9957464087081414,-0.2389791380899539,8.0,0.0
0.5108063410600631,0.0,0.1,0.012371021212435702,0.0,-0.053142562263570836,0.13656771202265777,-0.5314256226357084,0.0,-5.724587470723463e-17,-1.0019900019875492,-0.23428590436018776,8.0,0.0
0.5108063410600631,0.3,0.1,0.011069916968409109,0.04093104282461844,-0.053142562263570836,0.1361773807494498,-0.5314256226357084,0.012813682036098758,-5.637851296924623e-17,-1.0014045050777374,-0.2347965877759682,8.0,0.0
0.5108063410600631,0.8,0.1,0.003945231344849735,0.10854971478134412,-0.053142562263570836,0.134039975062382,-0.5314256226357084,0.02812341433713635,-3.3393426912553537e-17,-0.9981983965471356,-0.23759302688321524,8.0,0.0
0.5108063410600631,1.0,0.1,0.0,0.13524104403095835,-0.053142562263570836,0.13285640565892706,-0.5314256226357084,0.030656768562604235,-5.551115123125783e-17,-0.9964230424419531,-0.23914153018606876,8.0,0.0
0.5343245181129149,0.0,0.1,0.010320466867504954,0.0,-0.05317418345629787,0.13603159870099613,-0.5317418345629786,0.0,-3.642919299551295e-17,-1.0016601498959623,-0.2352330423078447,8.0,0.0
0.5343245181129149,0.3,0.1,0.009235026707710522,0.04077671814304576,-0.05317418345629787,0.13570596665305779,-0.5317418345629786,0.010689754599350784,-5.811323644522304e-17,-1.0011717018240547,-0.235659077570564,8.0,0.0
0.5343245181129149,0.8,0.1,0.0032912908869830557,0.1082375907919855,-0.05317418345629787,0.13392284590683956,-0.5317418345629786,0.02346182751475401,-2.862293735361732e-17,-0.9984970207047275,-0.23799199388019954,8.0,0.0
0.5343245181129149,1.0,0.1,0.0,0.13492483210368805,-0.05317418345629787,0.13293545864074463,-0.5317418345629786,0.025575266486252413,-5.551115123125783e-17,-0.997015939805585,-0.23928382555334038,8.0,0.0
0.5589255021073202,0.0,0.1,0.008538260519427684,0.0,-0.053201666507674286,0.13556564442501404,-0.5320166650767428,0.0,4.683753385137379e-17,-1.0013734642526353,-0.23605623203065887,8.0,0.0
0.5589255021073202,0.3,0.1,0.007640261331837185,0.04064258932668752,-0.053201666507674286,0.13529624466873688,-0.5320166650767428,0.008843777207927115,3.469446951953614e-17,-1.0009693646182196,-0.23640869671178813,8.0,0.0
0.5589255021073202,0.8,0.1,0.002722929049533723,0.10796631324374725,-0.053201666507674286,0.13382104498404584,-0.5320166650767428,0.019410284258901535,3.924811864397526e-17,-0.998756565091183,-0.23833874963259227,8.0,0.0
0.5589255021073202,1.0,0.1,0.0,0.13465000158992382,-0.053201666507674286,0.13300416626918574,-0.5320166650767428,0.0211587606371729,5.551115123125783e-17,-0.9975312470188928,-0.23940749928453423,8.0,0.0
0.5846591468593321,0.0,0.1,0.0070024317399447564,0.0,-0.05322535021932612,0.13516410507029872,-0.5322535021932612,0.0,-5.204170427930421e-18,-1.00112641089534,-0.23676562152903918,8.0,0.0
0.5846591468593321,0.3,0.1,0.006265961120511163,0.04052700288152463,-0.05322535021932612,0.13494316388446864,-0.5322535021932612,0.007252993286030569,-8.673617379884035e-19,-1.0007949991165948,-0.23705468624716688,8.0,0.0
0.5846591468593321,0.8,0.1,0.0022331392628144606,0.107732537920109,-0.05322535021932612,0.13373331732715962,-0.5322535021932612,0.01591883853468936,-1.713039432527097e-17,-0.9989802292806312,-0.23863756882631282,8.0,0.0
0.5846591468593321,1.0,0.1,0.0,0.1344131644734055,-0.05322535021932612,0.1330633755483153,-0.5322535021932612,0.017352805846871083,0.0,-0.9979753166123648,-0.23951407598696753,8.0,0.0
0.6115776015184341,0.0,0.1,0.005690668239096985,0.0,-0.05324557866466098,0.13482114713338153,-0.5324557866466098,0.0,-6.071532165918825e-18,-1.000915400669987,-0.23737151670712878,8.0,0.0
0.6115776015184341,0.3,0.1,0.005092160446563773,0.04042827958503291,-0.05324557866466098,0.13464159479562157,-0.5324557866466098,0.005894292163642492,3.903127820947816e-18,-1.000646072163347,-0.23760643101569812,8.0,0.0
0.6115776015184341,0.8,0.1,0.0018148059343280312,0.10753286856826189,-0.05324557866466098,0.13365838844195085,-0.5324557866466098,0.012936767142750414,1.3010426069826053e-17,-0.9991712626328408,-0.23889279266175062,8.0,0.0
0.6115776015184341,1.0,0.1,0.0,0.13421088002005693,-0.05324557866466098,0.13311394666165244,-0.5324557866466098,0.01410210977547991,0.0,-0.9983545999623933,-0.23960510399097437,8.0,0.0
0.6397354162476325,0.0,0.1,0.0045806804234037,0.0,-0.05326269556708858,0.13453094304474256,-0.5326269556708858,0.0,-8.239936510889834e-18,-1.0007368480734427,-0.23788421298571266,8.0,0.0
0.6397354162476325,0.3,0.1,0.004098913992235594,0.04034474192282469,-0.05326269556708858,0.13438641311539212,-0.5326269556708858,0.0047445866793498805,-1.3444106938820255e-17,-1.000520053179417,-0.23807330630994614,8.0,0.0
0.6397354162476325,0.8,0.1,0.0014608207096909267,0.1073639123901288,-0.05326269556708858,0.13359498513062873,-0.5326269556708858,0.0104133984803044,7.589415207398531e-19,-0.9993329112022719,-0.2391087579233449,8.0,0.0
0.6397354162476325,1.0,0.1,0.0,0.13403971099578083,-0.05326269556708858,0.13315673891772145,-0.5326269556708858,0.011351436327534232,0.0,-0.9986755418829109,-0.2396821300518986,8.0,0.0
0.6691896527691847,0.0,0.1,0.00365054830710324,0.0,-0.05327703895037118,0.13428776186805894,-0.5327703895037118,0.0,2.5153490401663703e-17,-1.0005872270576561,-0.2383138350661323,8.0,0.0
0.6691896527691847,0.3,0.1,0.003266607174529516,0.040274740197182336,-0.05327703895037118,0.13417257952828682,-0.5327703895037118,0.003781172504790306,2.211772431870429e-17,-1.000414453547998,-0.23846453196066744,8.0,0.0
0.6691896527691847,0.8,0.1,0.0011641931057877646,0.10722233284726619,-0.05327703895037118,0.1335418553076643,-0.5327703895037118,0.008298901184907306,3.415236843329339e-17,-0.9994683672170642,-0.23928972948264862,8.0,0.0
0.6691896527691847,1.0,0.1,0.0,0.13389627716295488,-0.05327703895037118,0.13319259737592795,-0.5327703895037118,0.009046465336666917,0.0,-0.9989444803194597,-0.23974667527667032,8.0,0.0
0.7,0.0,0.1,0.002879040867955325,0.0,-0.053288936213900885,0.13408605279513883,-0.5328893621390088,0.0,4.0332320816460765e-17,-1.0004631224012215,-0.23867018942188145,8.0,0.0
0.7,0.3,0.1,0.0025762419132290037,0.040216676561769894,-0.053288936213900885,0.13399521310872092,-0.5328893621390088,0.002982058927667938,2.5153490401663703e-17,-1.0003268628715947,-0.23878903801161158,8.0,0.0
0.7,0.8,0.1,0.0009181523562454864,0.10710489827142965,-0.053288936213900885,0.13349778624162587,-0.5328893621390088,0.0065450101355953106,2.0166160408230382e-17,-0.999580722570952,-0.2394398381627276,8.0,0.0
0.7,1.0,0.1,0.0,0.13377730452765776,-0.053288936213900885,0.1332223405347522,-0.5328893621390088,0.007134583964859914,0.0,-0.9991675540106415,-0.23980021296255394,8.0,0.0
