time,x,y,pressure,ux,uy,eps_xx,eps_yy,qx,sigma_xx,sigma_yy,fluid_content,modes,tail_bound
1e-05,-1.0,0.1,0.0,-0.24778794672577298,-0.041887871994089367,0.10471967998522332,-0.41887871994089365,-65.79984339587487,-1.942890293094024e-16,-0.7853975998891757,-0.18849542397340222,290.0,9.210160763129485e-14
1e-05,-0.99,0.1,0.35895604801113506,-0.24614639482370754,-0.041887871994089367,0.21240649438857157,-0.41887871994089365,-34.1661475506091,1.529332216421153e-14,-0.9469278214941825,-0.04760517512902704,290.0,9.210160763129485e-14
1e-05,-0.98,0.1,0.46961101745375733,-0.24380720864589062,-0.041887871994089367,0.24560298522136303,-0.41887871994089365,-4.798498527210158,2.4868995751603507e-14,-0.9967225577433602,-0.00417309962279494,290.0,9.210160763129485e-14
1e-05,-0.97,0.1,0.47995511627350146,-0.2413286441639816,-0.041887871994089367,0.2487062148672451,-0.41887871994089365,-0.18218440414485645,-5.750955267558311e-14,-1.0013774022122655,-0.00011304083607008297,290.0,9.210160763129485e-14
1e-05,-0.96,0.1,0.48024083719054234,-0.23884090968084298,-0.041887871994089367,0.24879193114236442,-0.41887871994089365,-0.0018696213437024134,-4.335420911161236e-14,-1.0015059766249306,-8.95376127296732e-07,290.0,9.210160763129485e-14
1e-05,-0.95,0.1,0.480243113267399,-0.23635298472875058,-0.041887871994089367,0.24879261396546254,-0.41887871994089365,-5.185762181528664e-06,3.885780586188048e-14,-1.0015070008594953,-2.0159363761651505e-09,290.0,9.210160763129485e-14
1e-05,-0.94,0.1,0.4802431184003364,-0.23386505857591572,-0.041887871994089367,0.24879261550534276,-0.41887871994089365,-3.8875600366234234e-09,3.68594044175552e-14,-1.0015070031693178,-1.2590484210761588e-12,290.0,9.210160763129485e-14
1e-05,-0.9299999999999999,0.1,0.4802431184035713,-0.2313771324208539,-0.041887871994089367,0.2487926155062955,-0.41887871994089365,-8.150620694103815e-13,1.3877787807814457e-15,-1.0015070031707822,1.3877787807814457e-17,290.0,9.210160763129485e-14
1e-05,-0.92,0.1,0.4802431184035722,-0.22888920626579112,-0.041887871994089367,0.24879261550626214,-0.41887871994089365,-5.186379547606367e-14,-6.583622536027178e-14,-1.0015070031707995,-1.9817480989559044e-14,290.0,9.210160763129485e-14
1e-05,-0.91,0.1,0.4802431184035726,-0.22640128011072858,-0.041887871994089367,0.2487926155062491,-0.41887871994089365,6.302713096683366e-15,-9.220402219511925e-14,-1.0015070031708064,-2.756128658631951e-14,290.0,9.210160763129485e-14
1e-05,-0.9,0.1,0.48024311840357253,-0.22391335395566594,-0.041887871994089367,0.24879261550627502,-0.41887871994089365,-2.164009481099803e-14,-4.030109579389318e-14,-1.0015070031707933,-1.201816424156732e-14,290.0,9.210160763129485e-14
1e-05,-0.89,0.1,0.4802431184035724,-0.22142542780060306,-0.041887871994089367,0.2487926155063072,-0.41887871994089365,7.07683474758088e-14,2.4147350785597155e-14,-1.0015070031707771,7.28583859910259e-15,290.0,9.210160763129485e-14
1e-05,-0.88,0.1,0.4802431184035724,-0.21893750164554,-0.041887871994089367,0.24879261550628845,-0.41887871994089365,-2.028799830431285e-14,-1.3378187446733136e-14,-1.0015070031707864,-3.969047313034935e-15,290.0,9.210160763129485e-14
1e-05,-0.87,0.1,0.4802431184035726,-0.21644957549047716,-0.041887871994089367,0.248792615506293,-0.41887871994089365,4.0417843896919757e-14,-4.385380947269368e-15,-1.0015070031707844,-1.2212453270876722e-15,290.0,9.210160763129485e-14
1e-05,-0.86,0.1,0.48024311840357253,-0.21396164933541403,-0.041887871994089367,0.24879261550633192,-0.41887871994089365,-9.036306293640084e-15,7.349676423018536e-14,-1.0015070031707647,2.2121193765656244e-14,290.0,9.210160763129485e-14
1e-05,-0.85,0.1,0.4802431184035722,-0.21147372318035068,-0.041887871994089367,0.24879261550633042,-0.41887871994089365,4.176744489730583e-14,7.072120666862247e-14,-1.0015070031707654,2.1149748619109232e-14,290.0,9.210160763129485e-14
1e-05,-0.84,0.1,0.4802431184035723,-0.2089857970252874,-0.041887871994089367,0.24879261550631354,-0.41887871994089365,-4.068936667994843e-14,3.68594044175552e-14,-1.001507003170774,1.1046719095020308e-14,290.0,9.210160763129485e-14
1e-05,-0.83,0.1,0.48024311840357176,-0.20649787087022434,-0.041887871994089367,0.24879261550631387,-0.41887871994089365,3.599455898175172e-14,3.785860513971784e-14,-1.0015070031707736,1.1129985821867194e-14,290.0,9.210160763129485e-14
1e-05,-0.8200000000000001,0.1,0.48024311840357164,-0.20400994471516118,-0.041887871994089367,0.24879261550631926,-0.41887871994089365,-1.8585673085462302e-14,4.873879078104437e-14,-1.0015070031707707,1.4349632593280148e-14,290.0,9.210160763129485e-14
1e-05,-0.81,0.1,0.4802431184035714,-0.20152201856009808,-0.041887871994089367,0.24879261550629472,-0.41887871994089365,-1.0470676523623965e-14,-2.220446049250313e-16,-1.001507003170783,-4.3021142204224816e-16,290.0,9.210160763129485e-14
1e-05,-0.8,0.1,0.48024311840357153,-0.1990340924050353,-0.041887871994089367,0.24879261550626236,-0.41887871994089365,-5.368231770696641e-14,-6.500355809180292e-14,-1.001507003170799,-1.9817480989559044e-14,290.0,9.210160763129485e-14
1e-05,-0.79,0.1,0.480243118403572,-0.19654616624997281,-0.041887871994089367,0.2487926155062425,-0.41887871994089365,-6.355571039481337e-14,-1.0502709812953981e-13,-1.001507003170809,-3.1655233989624776e-14,290.0,9.210160763129485e-14
1e-05,-0.78,0.1,0.4802431184035722,-0.19405824009491038,-0.041887871994089367,0.24879261550624793,-0.41887871994089365,3.218797606075063e-14,-9.425793479067579e-14,-1.0015070031708067,-2.833844270355712e-14,290.0,9.210160763129485e-14
1e-05,-0.77,0.1,0.48024311840357253,-0.19157031393984783,-0.041887871994089367,0.2487926155062663,-0.41887871994089365,-4.2454488975278864e-14,-5.773159728050814e-14,-1.0015070031707975,-1.725009024511337e-14,290.0,9.210160763129485e-14
1e-05,-0.76,0.1,0.4802431184035726,-0.1890823877847848,-0.041887871994089367,0.24879261550632675,-0.41887871994089365,2.9726471034968476e-14,6.311617894994015e-14,-1.0015070031707676,1.9040324872321435e-14,290.0,9.210160763129485e-14
1e-05,-0.75,0.1,0.4802431184035726,-0.18659446162972154,-0.041887871994089367,0.24879261550631576,-0.41887871994089365,5.533551264555328e-15,4.113376306236205e-14,-1.001507003170773,1.2434497875801753e-14,290.0,9.210160763129485e-14
1e-05,-0.74,0.1,0.4802431184035723,-0.18410653547465855,-0.041887871994089367,0.24879261550628634,-0.41887871994089365,-3.969414707017859e-15,-1.7541523789077473e-14,-1.0015070031707876,-5.2735593669694936e-15,290.0,9.210160763129485e-14
1e-05,-0.73,0.1,0.4802431184035728,-0.18161860931959578,-0.041887871994089367,0.24879261550627751,-0.41887871994089365,-5.324782666492024e-14,-3.547162563677375e-14,-1.0015070031707922,-1.04638520070921e-14,290.0,9.210160763129485e-14
1e-05,-0.72,0.1,0.4802431184035723,-0.17913068316453293,-0.041887871994089367,0.24879261550630172,-0.41887871994089365,3.3656113610344306e-14,1.3211653993039363e-14,-1.0015070031707798,3.95516952522712e-15,290.0,9.210160763129485e-14
1e-05,-0.71,0.1,0.4802431184035724,-0.17664275700946971,-0.041887871994089367,0.24879261550633086,-0.41887871994089365,9.749085280322663e-15,7.144285163462882e-14,-1.0015070031707654,2.1468937738688965e-14,290.0,9.210160763129485e-14
1e-05,-0.7,0.1,0.4802431184035722,-0.17415483085440644,-0.041887871994089367,0.24879261550631815,-0.41887871994089365,5.498341230366358e-15,4.618527782440651e-14,-1.0015070031707713,1.379452108096757e-14,290.0,9.210160763129485e-14
1e-05,-0.69,0.1,0.48024311840357187,-0.1716669046993432,-0.041887871994089367,0.24879261550632975,-0.41887871994089365,4.041566032890804e-14,6.955547249276606e-14,-1.0015070031707656,2.067790383364354e-14,290.0,9.210160763129485e-14
1e-05,-0.6799999999999999,0.1,0.4802431184035721,-0.16917897854427993,-0.041887871994089367,0.24879261550631726,-0.41887871994089365,2.6224261897886648e-14,4.446443213623752e-14,-1.0015070031707718,1.3225531780847177e-14,290.0,9.210160763129485e-14
1e-05,-0.6699999999999999,0.1,0.48024311840357187,-0.16669105238921675,-0.041887871994089367,0.24879261550632498,-0.41887871994089365,3.397951562979427e-14,6.000755448098971e-14,-1.001507003170768,1.7819079545233762e-14,290.0,9.210160763129485e-14
1e-05,-0.6599999999999999,0.1,0.48024311840357176,-0.16420312623415356,-0.041887871994089367,0.24879261550631,-0.41887871994089365,-3.3308458389049896e-14,3.008704396734174e-14,-1.0015070031707753,8.798517470154366e-15,290.0,9.210160763129485e-14
1e-05,-0.6499999999999999,0.1,0.48024311840357164,-0.1617152000790906,-0.041887871994089367,0.24879261550627613,-0.41887871994089365,5.410647579324284e-15,-3.752553823233029e-14,-1.0015070031707922,-1.1532441668293814e-14,290.0,9.210160763129485e-14
1e-05,-0.64,0.1,0.48024311840357176,-0.15922727392402802,-0.041887871994089367,0.2487926155062566,-0.41887871994089365,-3.01979657563561e-14,-7.671641100159832e-14,-1.001507003170802,-2.3245294578089215e-14,290.0,9.210160763129485e-14
1e-05,-0.63,0.1,0.4802431184035721,-0.1567393477689654,-0.041887871994089367,0.2487926155062658,-0.41887871994089365,-1.8534515206330598e-14,-5.845324224651449e-14,-1.0015070031707975,-1.765254609153999e-14,290.0,9.210160763129485e-14
1e-05,-0.62,0.1,0.48024311840357187,-0.1542514216139028,-0.041887871994089367,0.24879261550624837,-0.41887871994089365,-5.752648919159781e-14,-9.320322291728189e-14,-1.0015070031708062,-2.8144153674247718e-14,290.0,9.210160763129485e-14
1e-05,-0.61,0.1,0.4802431184035723,-0.15176349545884035,-0.041887871994089367,0.2487926155062622,-0.41887871994089365,-1.5931741128647405e-14,-6.583622536027178e-14,-1.0015070031707995,-1.9761969838327786e-14,290.0,9.210160763129485e-14
1e-05,-0.6,0.1,0.4802431184035724,-0.14927556930377753,-0.041887871994089367,0.24879261550630105,-0.41887871994089365,6.24703211238453e-15,1.1823875212257917e-14,-1.0015070031707802,3.58046925441613e-15,290.0,9.210160763129485e-14
1e-05,-0.59,0.1,0.4802431184035723,-0.1467876431487145,-0.041887871994089367,0.24879261550628856,-0.41887871994089365,-1.4958279214422902e-14,-1.3100631690576847e-14,-1.0015070031707864,-3.941291737419306e-15,290.0,9.210160763129485e-14
1e-05,-0.5800000000000001,0.1,0.4802431184035722,-0.14429971699365163,-0.041887871994089367,0.2487926155062981,-0.41887871994089365,6.445112924876187e-15,6.106226635438361e-15,-1.0015070031707816,1.762479051592436e-15,290.0,9.210160763129485e-14
1e-05,-0.5700000000000001,0.1,0.4802431184035723,-0.14181179083858853,-0.041887871994089367,0.2487926155063095,-0.41887871994089365,-7.811597585067158e-15,2.8754776337791554e-14,-1.001507003170776,8.618106228652778e-15,290.0,9.210160763129485e-14
1e-05,-0.56,0.1,0.4802431184035722,-0.13932386468352556,-0.041887871994089367,0.2487926155062904,-0.41887871994089365,6.1329406837722095e-15,-9.325873406851315e-15,-1.0015070031707856,-2.858824288409778e-15,290.0,9.210160763129485e-14
1e-05,-0.55,0.1,0.48024311840357253,-0.13683593852846265,-0.041887871994089367,0.24879261550628595,-0.41887871994089365,-2.7050352467463077e-14,-1.84297022087776e-14,-1.0015070031707878,-5.4539706084710815e-15,290.0,9.210160763129485e-14
1e-05,-0.54,0.1,0.48024311840357253,-0.1343480123733997,-0.041887871994089367,0.24879261550631443,-0.41887871994089365,2.4453856147813575e-14,3.852473895449293e-14,-1.0015070031707736,1.1629586182948515e-14,290.0,9.210160763129485e-14
1e-05,-0.53,0.1,0.4802431184035724,-0.13186008621833648,-0.041887871994089367,0.24879261550632736,-0.41887871994089365,-7.326962463323299e-15,6.444844657949034e-14,-1.0015070031707671,1.9373391779708982e-14,290.0,9.210160763129485e-14
1e-05,-0.52,0.1,0.4802431184035722,-0.12937216006327323,-0.041887871994089367,0.24879261550632564,-0.41887871994089365,4.102339409731256e-15,6.117328865684613e-14,-1.0015070031707678,1.8290924330699454e-14,290.0,9.210160763129485e-14
1e-05,-0.51,0.1,0.4802431184035721,-0.12688423390820983,-0.041887871994089367,0.24879261550633386,-0.41887871994089365,2.4234407562635808e-14,7.76601005725297e-14,-1.0015070031707636,2.3189783426857957e-14,290.0,9.210160763129485e-14
1e-05,-0.5,0.1,0.48024311840357176,-0.12439630775314678,-0.041887871994089367,0.24879261550627563,-0.41887871994089365,-1.0601183704610102e-14,-3.863576125695545e-14,-1.0015070031707927,-1.1823875212257917e-14,290.0,9.210160763129485e-14
1e-05,-0.49,0.1,0.48024311840357187,-0.12190838159808404,-0.041887871994089367,0.24879261550628368,-0.41887871994089365,-1.3447191661884429e-14,-2.2593038551121936e-14,-1.0015070031707887,-6.966649479522857e-15,290.0,9.210160763129485e-14
1e-05,-0.48,0.1,0.4802431184035721,-0.11942045544302123,-0.041887871994089367,0.24879261550627046,-0.41887871994089365,-1.3230043621576153e-14,-4.912736883966318e-14,-1.0015070031707953,-1.484923295436147e-14,290.0,9.210160763129485e-14
1e-05,-0.47,0.1,0.48024311840357253,-0.11693252928795864,-0.041887871994089367,0.24879261550625154,-0.41887871994089365,2.3925276719833867e-15,-8.72635297355373e-14,-1.001507003170805,-2.6104118866498993e-14,290.0,9.210160763129485e-14
1e-05,-0.45999999999999996,0.1,0.4802431184035724,-0.11444460313289602,-0.041887871994089367,0.2487926155062743,-0.41887871994089365,-3.085931391790551e-14,-4.168887457467463e-14,-1.0015070031707936,-1.2462253451417382e-14,290.0,9.210160763129485e-14
1e-05,-0.44999999999999996,0.1,0.4802431184035726,-0.11195667697783312,-0.041887871994089367,0.24879261550630472,-0.41887871994089365,1.8055455981473805e-14,1.9040324872321435e-14,-1.0015070031707785,5.814793091474257e-15,290.0,9.210160763129485e-14
1e-05,-0.43999999999999995,0.1,0.4802431184035722,-0.10946875082277002,-0.041887871994089367,0.24879261550631393,-0.41887871994089365,7.814833944798814e-15,3.774758283725532e-14,-1.0015070031707736,1.1254885912137524e-14,290.0,9.210160763129485e-14
1e-05,-0.42999999999999994,0.1,0.48024311840357253,-0.10698082466770706,-0.041887871994089367,0.2487926155062759,-0.41887871994089365,1.1363424405986708e-14,-3.852473895449293e-14,-1.0015070031707929,-1.149080830487037e-14,290.0,9.210160763129485e-14
1e-05,-0.42000000000000004,0.1,0.4802431184035724,-0.10449289851264437,-0.041887871994089367,0.24879261550627169,-0.41887871994089365,-1.3006812784663803e-14,-4.6906922790412864e-14,-1.0015070031707949,-1.4030443473700416e-14,290.0,9.210160763129485e-14
1e-05,-0.41000000000000003,0.1,0.4802431184035727,-0.1020049723575815,-0.041887871994089367,0.24879261550630577,-0.41887871994089365,1.601286457951136e-14,2.1094237467877974e-14,-1.001507003170778,6.467049118441537e-15,290.0,9.210160763129485e-14
1e-05,-0.4,0.1,0.4802431184035726,-0.09951704620251839,-0.041887871994089367,0.2487926155063081,-0.41887871994089365,1.3340820705884972e-14,2.581268532253489e-14,-1.001507003170777,7.840950111415168e-15,290.0,9.210160763129485e-14
1e-05,-0.39,0.1,0.4802431184035723,-0.09702912004745533,-0.041887871994089367,0.24879261550631043,-0.41887871994089365,-1.914014339129525e-15,3.064215547965432e-14,-1.0015070031707753,9.18709552877317e-15,290.0,9.210160763129485e-14
1e-05,-0.38,0.1,0.4802431184035724,-0.09454119389239218,-0.041887871994089367,0.24879261550631154,-0.41887871994089365,7.990377216026657e-15,3.2807090377673376e-14,-1.001507003170775,9.880984919163893e-15,290.0,9.210160763129485e-14
1e-05,-0.37,0.1,0.4802431184035722,-0.09205326773732908,-0.041887871994089367,0.24879261550631415,-0.41887871994089365,7.79459694840449e-15,3.8191672047105385e-14,-1.0015070031707736,1.1393663790215669e-14,290.0,9.210160763129485e-14
1e-05,-0.36,0.1,0.4802431184035721,-0.0895653415822659,-0.041887871994089367,0.24879261550631604,-0.41887871994089365,2.888002649213995e-14,4.2021941482062175e-14,-1.0015070031707725,1.2490009027033011e-14,290.0,9.210160763129485e-14
1e-05,-0.35,0.1,0.4802431184035722,-0.08707741542720294,-0.041887871994089367,0.24879261550627352,-0.41887871994089365,-2.21560407383385e-14,-4.3076653355456074e-14,-1.001507003170794,-1.2989609388114332e-14,290.0,9.210160763129485e-14
1e-05,-0.33999999999999997,0.1,0.4802431184035723,-0.08458948927214023,-0.041887871994089367,0.24879261550628268,-0.41887871994089365,1.491789782831332e-14,-2.4868995751603507e-14,-1.0015070031707893,-7.466249840604178e-15,290.0,9.210160763129485e-14
1e-05,-0.32999999999999996,0.1,0.4802431184035722,-0.08210156311707717,-0.041887871994089367,0.24879261550632453,-0.41887871994089365,-2.8051440416264416e-15,5.895284260759581e-14,-1.0015070031707682,1.762479051592436e-14,290.0,9.210160763129485e-14
1e-05,-0.31999999999999995,0.1,0.480243118403572,-0.07961363696201385,-0.041887871994089367,0.2487926155063297,-0.41887871994089365,1.4290029418265023e-14,6.938893903907228e-14,-1.0015070031707656,2.067790383364354e-14,290.0,9.210160763129485e-14
1e-05,-0.30999999999999994,0.1,0.4802431184035722,-0.07712571080695088,-0.041887871994089367,0.24879261550624804,-0.41887871994089365,-2.277391250108315e-14,-9.403589018575076e-14,-1.0015070031708064,-2.8282931552325863e-14,290.0,9.210160763129485e-14
1e-05,-0.29999999999999993,0.1,0.4802431184035724,-0.07463778465188868,-0.041887871994089367,0.24879261550622184,-0.41887871994089365,-1.925938180164948e-14,-1.4660495040175192e-13,-1.0015070031708198,-4.393707619954057e-14,290.0,9.210160763129485e-14
1e-05,-0.29000000000000004,0.1,0.4802431184035724,-0.07214985849682598,-0.041887871994089367,0.2487926155063201,-0.41887871994089365,1.0078336142661159e-14,4.9904524956900786e-14,-1.0015070031707707,1.5015766408055242e-14,290.0,9.210160763129485e-14
1e-05,-0.28,0.1,0.4802431184035722,-0.06966193234176267,-0.041887871994089367,0.24879261550632914,-0.41887871994089365,7.728271070048522e-15,6.816769371198461e-14,-1.001507003170766,2.0386470289679437e-14,290.0,9.210160763129485e-14
1e-05,-0.27,0.1,0.480243118403572,-0.06717400618669953,-0.041887871994089367,0.2487926155063031,-0.41887871994089365,9.536148406894132e-15,1.6209256159527285e-14,-1.001507003170779,4.718447854656915e-15,290.0,9.210160763129485e-14
1e-05,-0.26,0.1,0.4802431184035721,-0.06468608003163663,-0.041887871994089367,0.24879261550626935,-0.41887871994089365,-1.2806392435016733e-14,-5.134781488891349e-14,-1.0015070031707958,-1.5515366769136563e-14,290.0,9.210160763129485e-14
1e-05,-0.25,0.1,0.4802431184035721,-0.06219815387657396,-0.041887871994089367,0.2487926155062849,-0.41887871994089365,9.636016180706901e-15,-2.0261570199409107e-14,-1.001507003170788,-6.189493362285248e-15,290.0,9.210160763129485e-14
1e-05,-0.24,0.1,0.480243118403572,-0.05971022772151078,-0.041887871994089367,0.24879261550633408,-0.41887871994089365,-1.4398681422991008e-15,7.815970093361102e-14,-1.0015070031707634,2.3300805729320473e-14,290.0,9.210160763129485e-14
1e-05,-0.22999999999999998,0.1,0.4802431184035724,-0.05722230156644763,-0.041887871994089367,0.248792615506292,-0.41887871994089365,7.11965997521072e-15,-6.2727600891321345e-15,-1.0015070031707847,-1.8457457784393227e-15,290.0,9.210160763129485e-14
1e-05,-0.21999999999999997,0.1,0.480243118403572,-0.05473437541138472,-0.041887871994089367,0.24879261550629866,-0.41887871994089365,-7.656291310233641e-15,7.327471962526033e-15,-1.0015070031707811,2.0539125955565396e-15,290.0,9.210160763129485e-14
1e-05,-0.20999999999999996,0.1,0.4802431184035721,-0.052246449256321756,-0.041887871994089367,0.24879261550629717,-0.41887871994089365,-7.550388261665266e-15,4.274358644806853e-15,-1.001507003170782,1.1657341758564144e-15,290.0,9.210160763129485e-14
1e-05,-0.19999999999999996,0.1,0.480243118403572,-0.04975852310125861,-0.041887871994089367,0.2487926155063292,-0.41887871994089365,1.4196116497618142e-14,6.838973831690964e-14,-1.001507003170766,2.0372592501871623e-14,290.0,9.210160763129485e-14
1e-05,-0.18999999999999995,0.1,0.480243118403572,-0.047270596946195405,-0.041887871994089367,0.24879261550629522,-0.41887871994089365,-2.8845323357667988e-15,4.440892098500626e-16,-1.001507003170783,-1.3877787807814457e-17,290.0,9.210160763129485e-14
1e-05,-0.17999999999999994,0.1,0.4802431184035722,-0.04478267079113264,-0.041887871994089367,0.24879261550627169,-0.41887871994089365,5.536553670571442e-15,-4.674038933671909e-14,-1.0015070031707949,-1.4085954624931674e-14,290.0,9.210160763129485e-14
1e-05,-0.16999999999999993,0.1,0.4802431184035721,-0.04229474463606982,-0.041887871994089367,0.2487926155062914,-0.41887871994089365,-1.6010856476786297e-14,-7.271960811294775e-15,-1.001507003170785,-2.2898349882893854e-15,290.0,9.210160763129485e-14
1e-05,-0.16000000000000003,0.1,0.48024311840357187,-0.03980681848100697,-0.041887871994089367,0.24879261550628468,-0.41887871994089365,5.1937529888745115e-15,-2.0594637106796654e-14,-1.001507003170788,-6.369904603786836e-15,290.0,9.210160763129485e-14
1e-05,-0.15000000000000002,0.1,0.4802431184035723,-0.037318892325944084,-0.041887871994089367,0.24879261550628845,-0.41887871994089365,-1.5847088875907368e-14,-1.3322676295501878e-14,-1.0015070031707864,-3.9968028886505635e-15,290.0,9.210160763129485e-14
1e-05,-0.14,0.1,0.4802431184035722,-0.03483096617088119,-0.041887871994089367,0.24879261550629178,-0.41887871994089365,9.577363253115329e-15,-6.5503158452884236e-15,-1.0015070031707847,-2.0261570199409107e-15,290.0,9.210160763129485e-14
1e-05,-0.13,0.1,0.4802431184035721,-0.032343040015818246,-0.041887871994089367,0.24879261550629556,-0.41887871994089365,-8.295686814808089e-15,1.0547118733938987e-15,-1.0015070031707827,2.0816681711721685e-16,290.0,9.210160763129485e-14
1e-05,-0.12,0.1,0.4802431184035721,-0.029855113860755383,-0.041887871994089367,0.24879261550627146,-0.41887871994089365,5.038388225612108e-15,-4.7128967395337895e-14,-1.0015070031707949,-1.4252488078625447e-14,290.0,9.210160763129485e-14
1e-05,-0.10999999999999999,0.1,0.4802431184035724,-0.027367187705692745,-0.041887871994089367,0.24879261550626847,-0.41887871994089365,-9.192977298480927e-15,-5.334621633323877e-14,-1.0015070031707964,-1.5959455978986625e-14,290.0,9.210160763129485e-14
1e-05,-0.09999999999999998,0.1,0.4802431184035722,-0.02487926155062989,-0.041887871994089367,0.24879261550629578,-0.41887871994089365,-5.049773973101786e-15,1.4432899320127035e-15,-1.0015070031707827,3.608224830031759e-16,290.0,9.210160763129485e-14
1e-05,-0.08999999999999997,0.1,0.4802431184035723,-0.022391335395567032,-0.041887871994089367,0.24879261550627085,-0.41887871994089365,1.6293462817088739e-15,-4.851674617611934e-14,-1.0015070031707953,-1.4557799410397365e-14,290.0,9.210160763129485e-14
1e-05,-0.07999999999999996,0.1,0.4802431184035722,-0.019903409240504242,-0.041887871994089367,0.24879261550630344,-0.41887871994089365,-8.099360655182991e-15,1.6764367671839864e-14,-1.001507003170779,4.9682480351975755e-15,290.0,9.210160763129485e-14
1e-05,-0.06999999999999995,0.1,0.4802431184035723,-0.017415483085440882,-0.041887871994089367,0.24879261550635862,-0.41887871994089365,1.1542886401949868e-14,1.270095140171179e-13,-1.0015070031707514,3.8094527532450684e-14,290.0,9.210160763129485e-14
1e-05,-0.05999999999999994,0.1,0.4802431184035721,-0.014927556930377374,-0.041887871994089367,0.24879261550632975,-0.41887871994089365,-1.053205038166764e-14,6.944445019030354e-14,-1.0015070031707656,2.0719537197066984e-14,290.0,9.210160763129485e-14
1e-05,-0.04999999999999993,0.1,0.4802431184035721,-0.012439630775314372,-0.041887871994089367,0.24879261550627557,-0.41887871994089365,1.0354927922859893e-14,-3.8913317013111737e-14,-1.0015070031707927,-1.1782241848834474e-14,290.0,9.210160763129485e-14
1e-05,-0.040000000000000036,0.1,0.4802431184035723,-0.00995170462025165,-0.041887871994089367,0.24879261550628523,-0.41887871994089365,-1.308487534108276e-14,-1.9761969838327786e-14,-1.0015070031707882,-5.9396931817445875e-15,290.0,9.210160763129485e-14
1e-05,-0.030000000000000027,0.1,0.4802431184035723,-0.007463778465188651,-0.041887871994089367,0.2487926155063081,-0.41887871994089365,1.1154835172438654e-14,2.5979218776228663e-14,-1.0015070031707767,7.78543896018391e-15,290.0,9.210160763129485e-14
1e-05,-0.020000000000000018,0.1,0.4802431184035721,-0.004975852310125633,-0.041887871994089367,0.24879261550629161,-0.41887871994089365,-9.422115466710696e-15,-6.827871601444713e-15,-1.0015070031707847,-2.1649348980190553e-15,290.0,9.210160763129485e-14
1e-05,-0.010000000000000009,0.1,0.4802431184035724,-0.0024879261550627913,-0.041887871994089367,0.2487926155062794,-0.41887871994089365,3.733745330895895e-15,-3.147482274812319e-14,-1.001507003170791,-9.409140133698202e-15,290.0,9.210160763129485e-14
1e-05,0.0,0.1,0.4802431184035722,0.0,-0.041887871994089367,0.2487926155062788,-0.41887871994089365,0.0,-3.2529534621517087e-14,-1.0015070031707913,-9.825473767932635e-15,290.0,9.210160763129485e-14
1e-05,0.010000000000000009,0.1,0.4802431184035724,0.0024879261550627913,-0.041887871994089367,0.2487926155062794,-0.41887871994089365,-3.733745330895895e-15,-3.147482274812319e-14,-1.001507003170791,-9.409140133698202e-15,290.0,9.210160763129485e-14
1e-05,0.020000000000000018,0.1,0.4802431184035721,0.004975852310125633,-0.041887871994089367,0.24879261550629161,-0.41887871994089365,9.422115466710696e-15,-6.827871601444713e-15,-1.0015070031707847,-2.1649348980190553e-15,290.0,9.210160763129485e-14
1e-05,0.030000000000000027,0.1,0.4802431184035723,0.007463778465188651,-0.041887871994089367,0.2487926155063081,-0.41887871994089365,-1.1154835172438654e-14,2.5979218776228663e-14,-1.0015070031707767,7.78543896018391e-15,290.0,9.210160763129485e-14
1e-05,0.040000000000000036,0.1,0.4802431184035723,0.00995170462025165,-0.041887871994089367,0.24879261550628523,-0.41887871994089365,1.308487534108276e-14,-1.9761969838327786e-14,-1.0015070031707882,-5.9396931817445875e-15,290.0,9.210160763129485e-14
1e-05,0.050000000000000044,0.1,0.480243118403572,0.012439630775314403,-0.041887871994089367,0.24879261550627546,-0.41887871994089365,-1.048652688785189e-14,-3.907985046680551e-14,-1.0015070031707927,-1.186550857568136e-14,290.0,9.210160763129485e-14
1e-05,0.06000000000000005,0.1,0.4802431184035721,0.014927556930377402,-0.041887871994089367,0.24879261550632975,-0.41887871994089365,8.917418813859167e-15,6.944445019030354e-14,-1.0015070031707656,2.0719537197066984e-14,290.0,9.210160763129485e-14
1e-05,0.07000000000000006,0.1,0.4802431184035721,0.017415483085440914,-0.041887871994089367,0.24879261550635862,-0.41887871994089365,-1.3923989334157654e-14,1.2717604747081168e-13,-1.0015070031707511,3.8039016381219426e-14,290.0,9.210160763129485e-14
1e-05,0.08000000000000007,0.1,0.4802431184035722,0.019903409240504273,-0.041887871994089367,0.24879261550630338,-0.41887871994089365,1.0496879339764594e-14,1.6653345369377348e-14,-1.001507003170779,4.926614671774132e-15,290.0,9.210160763129485e-14
1e-05,0.09000000000000008,0.1,0.4802431184035723,0.022391335395567064,-0.041887871994089367,0.2487926155062709,-0.41887871994089365,1.6349319266674232e-15,-4.8405723873656825e-14,-1.0015070031707953,-1.4530043834781736e-14,290.0,9.210160763129485e-14
1e-05,0.10000000000000009,0.1,0.4802431184035723,0.024879261550629916,-0.041887871994089367,0.24879261550629578,-0.41887871994089365,2.547989915960599e-15,1.3322676295501878e-15,-1.001507003170783,3.885780586188048e-16,290.0,9.210160763129485e-14
1e-05,0.1100000000000001,0.1,0.480243118403572,0.027367187705692766,-0.041887871994089367,0.24879261550626847,-0.41887871994089365,6.381574994963755e-15,-5.306866057708248e-14,-1.0015070031707962,-1.6056600493641326e-14,290.0,9.210160763129485e-14
1e-05,0.1200000000000001,0.1,0.4802431184035723,0.029855113860755417,-0.041887871994089367,0.24879261550627146,-0.41887871994089365,-5.36409078993156e-15,-4.729550084903167e-14,-1.0015070031707949,-1.419697692739419e-14,290.0,9.210160763129485e-14
1e-05,0.13000000000000012,0.1,0.4802431184035722,0.03234304001581828,-0.041887871994089367,0.24879261550629544,-0.41887871994089365,1.0520235719032802e-14,7.771561172376096e-16,-1.001507003170783,1.6653345369377348e-16,290.0,9.210160763129485e-14
1e-05,0.14000000000000012,0.1,0.4802431184035722,0.03483096617088123,-0.041887871994089367,0.24879261550629173,-0.41887871994089365,-8.978753679616918e-15,-6.661338147750939e-15,-1.0015070031707847,-2.067790383364354e-15,290.0,9.210160763129485e-14
1e-05,0.15000000000000013,0.1,0.4802431184035722,0.03731889232594412,-0.041887871994089367,0.2487926155062885,-0.41887871994089365,1.8329727720660088e-14,-1.3100631690576847e-14,-1.0015070031707864,-3.9968028886505635e-15,290.0,9.210160763129485e-14
1e-05,0.15999999999999992,0.1,0.4802431184035721,0.039806818481006936,-0.041887871994089367,0.24879261550628462,-0.41887871994089365,-1.154158016037143e-14,-2.0816681711721685e-14,-1.0015070031707882,-6.356026815979021e-15,290.0,9.210160763129485e-14
1e-05,0.16999999999999993,0.1,0.4802431184035721,0.04229474463606982,-0.041887871994089367,0.2487926155062914,-0.41887871994089365,1.6010856476786297e-14,-7.271960811294775e-15,-1.001507003170785,-2.2898349882893854e-15,290.0,9.210160763129485e-14
1e-05,0.17999999999999994,0.1,0.4802431184035722,0.04478267079113264,-0.041887871994089367,0.24879261550627169,-0.41887871994089365,-5.536553670571442e-15,-4.674038933671909e-14,-1.0015070031707949,-1.4085954624931674e-14,290.0,9.210160763129485e-14
1e-05,0.18999999999999995,0.1,0.480243118403572,0.047270596946195405,-0.041887871994089367,0.24879261550629522,-0.41887871994089365,2.8845323357667988e-15,4.440892098500626e-16,-1.001507003170783,-1.3877787807814457e-17,290.0,9.210160763129485e-14
1e-05,0.19999999999999996,0.1,0.480243118403572,0.04975852310125861,-0.041887871994089367,0.2487926155063292,-0.41887871994089365,-1.4196116497618142e-14,6.838973831690964e-14,-1.001507003170766,2.0372592501871623e-14,290.0,9.210160763129485e-14
1e-05,0.20999999999999996,0.1,0.4802431184035721,0.052246449256321756,-0.041887871994089367,0.24879261550629717,-0.41887871994089365,7.550388261665266e-15,4.274358644806853e-15,-1.001507003170782,1.1657341758564144e-15,290.0,9.210160763129485e-14
1e-05,0.21999999999999997,0.1,0.480243118403572,0.05473437541138472,-0.041887871994089367,0.24879261550629866,-0.41887871994089365,7.656291310233641e-15,7.327471962526033e-15,-1.0015070031707811,2.0539125955565396e-15,290.0,9.210160763129485e-14
1e-05,0.22999999999999998,0.1,0.4802431184035724,0.05722230156644763,-0.041887871994089367,0.248792615506292,-0.41887871994089365,-7.11965997521072e-15,-6.2727600891321345e-15,-1.0015070031707847,-1.8457457784393227e-15,290.0,9.210160763129485e-14
1e-05,0.24,0.1,0.480243118403572,0.05971022772151078,-0.041887871994089367,0.24879261550633408,-0.41887871994089365,1.4398681422991008e-15,7.815970093361102e-14,-1.0015070031707634,2.3300805729320473e-14,290.0,9.210160763129485e-14
1e-05,0.25,0.1,0.4802431184035721,0.06219815387657396,-0.041887871994089367,0.2487926155062849,-0.41887871994089365,-9.636016180706901e-15,-2.0261570199409107e-14,-1.001507003170788,-6.189493362285248e-15,290.0,9.210160763129485e-14
1e-05,0.26,0.1,0.4802431184035721,0.06468608003163663,-0.041887871994089367,0.24879261550626935,-0.41887871994089365,1.2806392435016733e-14,-5.134781488891349e-14,-1.0015070031707958,-1.5515366769136563e-14,290.0,9.210160763129485e-14
1e-05,0.27,0.1,0.480243118403572,0.06717400618669953,-0.041887871994089367,0.2487926155063031,-0.41887871994089365,-9.536148406894132e-15,1.6209256159527285e-14,-1.001507003170779,4.718447854656915e-15,290.0,9.210160763129485e-14
1e-05,0.28,0.1,0.4802431184035722,0.06966193234176267,-0.041887871994089367,0.24879261550632914,-0.41887871994089365,-7.728271070048522e-15,6.816769371198461e-14,-1.001507003170766,2.0386470289679437e-14,290.0,9.210160763129485e-14
1e-05,0.29000000000000004,0.1,0.4802431184035724,0.07214985849682598,-0.041887871994089367,0.2487926155063201,-0.41887871994089365,-1.0078336142661159e-14,4.9904524956900786e-14,-1.0015070031707707,1.5015766408055242e-14,290.0,9.210160763129485e-14
1e-05,0.30000000000000004,0.1,0.4802431184035721,0.07463778465188872,-0.041887871994089367,0.24879261550622184,-0.41887871994089365,1.5691080739927224e-14,-1.463829057968269e-13,-1.0015070031708195,-4.4020342926387457e-14,290.0,9.210160763129485e-14
1e-05,0.31000000000000005,0.1,0.48024311840357187,0.07712571080695091,-0.041887871994089367,0.2487926155062481,-0.41887871994089365,1.1651518910532892e-14,-9.375833442959447e-14,-1.0015070031708064,-2.8310687127941492e-14,290.0,9.210160763129485e-14
1e-05,0.32000000000000006,0.1,0.48024311840357187,0.07961363696201387,-0.041887871994089367,0.2487926155063297,-0.41887871994089365,-1.4199723284066071e-14,6.944445019030354e-14,-1.0015070031707656,2.0650148258027912e-14,290.0,9.210160763129485e-14
1e-05,0.33000000000000007,0.1,0.4802431184035721,0.08210156311707721,-0.041887871994089367,0.24879261550632453,-0.41887871994089365,-4.149559067984681e-15,5.900835375882707e-14,-1.0015070031707682,1.759703494030873e-14,290.0,9.210160763129485e-14
1e-05,0.3400000000000001,0.1,0.4802431184035723,0.08458948927214024,-0.041887871994089367,0.2487926155062828,-0.41887871994089365,-1.858543425771102e-14,-2.4646951146678475e-14,-1.0015070031707893,-7.396860901565105e-15,290.0,9.210160763129485e-14
1e-05,0.3500000000000001,0.1,0.48024311840357187,0.08707741542720296,-0.041887871994089367,0.24879261550627346,-0.41887871994089365,2.5372631381030293e-14,-4.3021142204224816e-14,-1.0015070031707938,-1.3086753902769033e-14,290.0,9.210160763129485e-14
1e-05,0.3600000000000001,0.1,0.480243118403572,0.08956534158226592,-0.041887871994089367,0.24879261550631598,-0.41887871994089365,-1.3870413933298691e-14,4.196643033083092e-14,-1.0015070031707725,1.2448375663609568e-14,290.0,9.210160763129485e-14
1e-05,0.3700000000000001,0.1,0.4802431184035721,0.0920532677373291,-0.041887871994089367,0.2487926155063142,-0.41887871994089365,-2.7592891133803416e-15,3.835820550079916e-14,-1.0015070031707733,1.1393663790215669e-14,290.0,9.210160763129485e-14
1e-05,0.3800000000000001,0.1,0.4802431184035722,0.09454119389239223,-0.041887871994089367,0.24879261550631143,-0.41887871994089365,-1.79625763564039e-14,3.275157922644212e-14,-1.001507003170775,9.756084828893563e-15,290.0,9.210160763129485e-14
1e-05,0.3900000000000001,0.1,0.4802431184035724,0.09702912004745534,-0.041887871994089367,0.24879261550631054,-0.41887871994089365,-7.304190968343942e-15,3.0808688933348094e-14,-1.0015070031707756,9.284240043427872e-15,290.0,9.210160763129485e-14
1e-05,0.40000000000000013,0.1,0.4802431184035721,0.09951704620251842,-0.041887871994089367,0.248792615506308,-0.41887871994089365,2.002565820461917e-15,2.5923707624997405e-14,-1.0015070031707765,7.66053886991358e-15,290.0,9.210160763129485e-14
1e-05,0.4099999999999999,0.1,0.4802431184035726,0.10200497235758146,-0.041887871994089367,0.24879261550630577,-0.41887871994089365,-7.404137945237494e-15,2.1149748619109232e-14,-1.001507003170778,6.439293542825908e-15,290.0,9.210160763129485e-14
1e-05,0.41999999999999993,0.1,0.4802431184035722,0.10449289851264434,-0.041887871994089367,0.24879261550627163,-0.41887871994089365,1.7066767579596155e-14,-4.6851411639181606e-14,-1.0015070031707949,-1.4127587988355117e-14,290.0,9.210160763129485e-14
1e-05,0.42999999999999994,0.1,0.48024311840357253,0.10698082466770706,-0.041887871994089367,0.2487926155062759,-0.41887871994089365,-1.1363424405986708e-14,-3.852473895449293e-14,-1.0015070031707929,-1.149080830487037e-14,290.0,9.210160763129485e-14
1e-05,0.43999999999999995,0.1,0.4802431184035722,0.10946875082277002,-0.041887871994089367,0.24879261550631393,-0.41887871994089365,-7.814833944798814e-15,3.774758283725532e-14,-1.0015070031707736,1.1254885912137524e-14,290.0,9.210160763129485e-14
1e-05,0.44999999999999996,0.1,0.4802431184035726,0.11195667697783312,-0.041887871994089367,0.24879261550630472,-0.41887871994089365,-1.8055455981473805e-14,1.9040324872321435e-14,-1.0015070031707785,5.814793091474257e-15,290.0,9.210160763129485e-14
1e-05,0.45999999999999996,0.1,0.4802431184035724,0.11444460313289602,-0.041887871994089367,0.2487926155062743,-0.41887871994089365,3.085931391790551e-14,-4.168887457467463e-14,-1.0015070031707936,-1.2462253451417382e-14,290.0,9.210160763129485e-14
1e-05,0.47,0.1,0.48024311840357253,0.11693252928795864,-0.041887871994089367,0.24879261550625154,-0.41887871994089365,-2.3925276719833867e-15,-8.72635297355373e-14,-1.001507003170805,-2.6104118866498993e-14,290.0,9.210160763129485e-14
1e-05,0.48,0.1,0.4802431184035721,0.11942045544302123,-0.041887871994089367,0.24879261550627046,-0.41887871994089365,1.3230043621576153e-14,-4.912736883966318e-14,-1.0015070031707953,-1.484923295436147e-14,290.0,9.210160763129485e-14
1e-05,0.49,0.1,0.48024311840357187,0.12190838159808404,-0.041887871994089367,0.24879261550628368,-0.41887871994089365,1.3447191661884429e-14,-2.2593038551121936e-14,-1.0015070031707887,-6.966649479522857e-15,290.0,9.210160763129485e-14
1e-05,0.5,0.1,0.48024311840357176,0.12439630775314678,-0.041887871994089367,0.24879261550627563,-0.41887871994089365,1.0601183704610102e-14,-3.863576125695545e-14,-1.0015070031707927,-1.1823875212257917e-14,290.0,9.210160763129485e-14
1e-05,0.51,0.1,0.4802431184035721,0.12688423390820983,-0.041887871994089367,0.24879261550633386,-0.41887871994089365,-2.4234407562635808e-14,7.76601005725297e-14,-1.0015070031707636,2.3189783426857957e-14,290.0,9.210160763129485e-14
1e-05,0.52,0.1,0.4802431184035722,0.12937216006327323,-0.041887871994089367,0.24879261550632564,-0.41887871994089365,-4.102339409731256e-15,6.117328865684613e-14,-1.0015070031707678,1.8290924330699454e-14,290.0,9.210160763129485e-14
1e-05,0.53,0.1,0.4802431184035724,0.13186008621833648,-0.041887871994089367,0.24879261550632736,-0.41887871994089365,7.326962463323299e-15,6.444844657949034e-14,-1.0015070031707671,1.9373391779708982e-14,290.0,9.210160763129485e-14
1e-05,0.54,0.1,0.48024311840357253,0.1343480123733997,-0.041887871994089367,0.24879261550631443,-0.41887871994089365,-2.4453856147813575e-14,3.852473895449293e-14,-1.0015070031707736,1.1629586182948515e-14,290.0,9.210160763129485e-14
1e-05,0.55,0.1,0.48024311840357253,0.13683593852846265,-0.041887871994089367,0.24879261550628595,-0.41887871994089365,2.7050352467463077e-14,-1.84297022087776e-14,-1.0015070031707878,-5.4539706084710815e-15,290.0,9.210160763129485e-14
1e-05,0.56,0.1,0.4802431184035722,0.13932386468352556,-0.041887871994089367,0.2487926155062904,-0.41887871994089365,-6.1329406837722095e-15,-9.325873406851315e-15,-1.0015070031707856,-2.858824288409778e-15,290.0,9.210160763129485e-14
1e-05,0.5700000000000001,0.1,0.4802431184035723,0.14181179083858853,-0.041887871994089367,0.2487926155063095,-0.41887871994089365,7.811597585067158e-15,2.8754776337791554e-14,-1.001507003170776,8.618106228652778e-15,290.0,9.210160763129485e-14
1e-05,0.5800000000000001,0.1,0.4802431184035722,0.14429971699365163,-0.041887871994089367,0.2487926155062981,-0.41887871994089365,-6.445112924876187e-15,6.106226635438361e-15,-1.0015070031707816,1.762479051592436e-15,290.0,9.210160763129485e-14
1e-05,0.5900000000000001,0.1,0.48024311840357253,0.14678764314871456,-0.041887871994089367,0.24879261550628856,-0.41887871994089365,2.63101813999192e-14,-1.3211653993039363e-14,-1.0015070031707864,-3.899658373995862e-15,290.0,9.210160763129485e-14
1e-05,0.6000000000000001,0.1,0.4802431184035726,0.14927556930377753,-0.041887871994089367,0.2487926155063011,-0.41887871994089365,-3.106437434957748e-15,1.1823875212257917e-14,-1.0015070031707802,3.649858193455202e-15,290.0,9.210160763129485e-14
1e-05,0.6100000000000001,0.1,0.4802431184035724,0.15176349545884038,-0.041887871994089367,0.24879261550626214,-0.41887871994089365,2.5773082157465198e-14,-6.600275881396556e-14,-1.0015070031707998,-1.9761969838327786e-14,290.0,9.210160763129485e-14
1e-05,0.6200000000000001,0.1,0.4802431184035722,0.15425142161390282,-0.041887871994089367,0.24879261550624843,-0.41887871994089365,4.376010667714316e-14,-9.325873406851315e-14,-1.0015070031708064,-2.8047009159593017e-14,290.0,9.210160763129485e-14
1e-05,0.6300000000000001,0.1,0.4802431184035723,0.15673934776896545,-0.041887871994089367,0.2487926155062659,-0.41887871994089365,4.639536132900068e-15,-5.839773109528323e-14,-1.0015070031707978,-1.752764600126966e-14,290.0,9.210160763129485e-14
1e-05,0.6400000000000001,0.1,0.48024311840357176,0.15922727392402805,-0.041887871994089367,0.24879261550625664,-0.41887871994089365,5.7167370238241875e-15,-7.66053886991358e-14,-1.001507003170802,-2.3217539002473586e-14,290.0,9.210160763129485e-14
1e-05,0.6500000000000001,0.1,0.48024311840357153,0.16171520007909065,-0.041887871994089367,0.24879261550627607,-0.41887871994089365,-4.1370737380319584e-14,-3.758104938356155e-14,-1.0015070031707922,-1.1601830607332886e-14,290.0,9.210160763129485e-14
1e-05,0.6600000000000001,0.1,0.48024311840357153,0.16420312623415362,-0.041887871994089367,0.24879261550631,-0.41887871994089365,-1.549719159817235e-14,3.0253577421035516e-14,-1.0015070031707751,8.756884106730922e-15,290.0,9.210160763129485e-14
1e-05,0.6699999999999999,0.1,0.48024311840357187,0.16669105238921675,-0.041887871994089367,0.24879261550632498,-0.41887871994089365,-3.397951562979427e-14,6.000755448098971e-14,-1.001507003170768,1.7819079545233762e-14,290.0,9.210160763129485e-14
1e-05,0.6799999999999999,0.1,0.4802431184035721,0.16917897854427993,-0.041887871994089367,0.24879261550631726,-0.41887871994089365,-2.6224261897886648e-14,4.446443213623752e-14,-1.0015070031707718,1.3225531780847177e-14,290.0,9.210160763129485e-14
1e-05,0.69,0.1,0.48024311840357187,0.1716669046993432,-0.041887871994089367,0.24879261550632975,-0.41887871994089365,-4.041566032890804e-14,6.955547249276606e-14,-1.0015070031707656,2.067790383364354e-14,290.0,9.210160763129485e-14
1e-05,0.7,0.1,0.4802431184035722,0.17415483085440644,-0.041887871994089367,0.24879261550631815,-0.41887871994089365,-5.498341230366358e-15,4.618527782440651e-14,-1.0015070031707713,1.379452108096757e-14,290.0,9.210160763129485e-14
1e-05,0.71,0.1,0.4802431184035724,0.17664275700946971,-0.041887871994089367,0.24879261550633086,-0.41887871994089365,-9.749085280322663e-15,7.144285163462882e-14,-1.0015070031707654,2.1468937738688965e-14,290.0,9.210160763129485e-14
1e-05,0.72,0.1,0.4802431184035723,0.17913068316453293,-0.041887871994089367,0.24879261550630172,-0.41887871994089365,-3.3656113610344306e-14,1.3211653993039363e-14,-1.0015070031707798,3.95516952522712e-15,290.0,9.210160763129485e-14
1e-05,0.73,0.1,0.4802431184035728,0.18161860931959578,-0.041887871994089367,0.24879261550627751,-0.41887871994089365,5.324782666492024e-14,-3.547162563677375e-14,-1.0015070031707922,-1.04638520070921e-14,290.0,9.210160763129485e-14
1e-05,0.74,0.1,0.4802431184035723,0.18410653547465855,-0.041887871994089367,0.24879261550628634,-0.41887871994089365,3.969414707017859e-15,-1.7541523789077473e-14,-1.0015070031707876,-5.2735593669694936e-15,290.0,9.210160763129485e-14
1e-05,0.75,0.1,0.4802431184035726,0.18659446162972154,-0.041887871994089367,0.24879261550631576,-0.41887871994089365,-5.533551264555328e-15,4.113376306236205e-14,-1.001507003170773,1.2434497875801753e-14,290.0,9.210160763129485e-14
1e-05,0.76,0.1,0.4802431184035726,0.1890823877847848,-0.041887871994089367,0.24879261550632675,-0.41887871994089365,-2.9726471034968476e-14,6.311617894994015e-14,-1.0015070031707676,1.9040324872321435e-14,290.0,9.210160763129485e-14
1e-05,0.77,0.1,0.48024311840357253,0.19157031393984783,-0.041887871994089367,0.2487926155062663,-0.41887871994089365,4.2454488975278864e-14,-5.773159728050814e-14,-1.0015070031707975,-1.725009024511337e-14,290.0,9.210160763129485e-14
1e-05,0.78,0.1,0.4802431184035722,0.19405824009491038,-0.041887871994089367,0.24879261550624793,-0.41887871994089365,-3.218797606075063e-14,-9.425793479067579e-14,-1.0015070031708067,-2.833844270355712e-14,290.0,9.210160763129485e-14
1e-05,0.79,0.1,0.480243118403572,0.19654616624997281,-0.041887871994089367,0.2487926155062425,-0.41887871994089365,6.355571039481337e-14,-1.0502709812953981e-13,-1.001507003170809,-3.1655233989624776e-14,290.0,9.210160763129485e-14
1e-05,0.8,0.1,0.48024311840357153,0.1990340924050353,-0.041887871994089367,0.24879261550626236,-0.41887871994089365,5.368231770696641e-14,-6.500355809180292e-14,-1.001507003170799,-1.9817480989559044e-14,290.0,9.210160763129485e-14
1e-05,0.81,0.1,0.4802431184035714,0.20152201856009808,-0.041887871994089367,0.24879261550629472,-0.41887871994089365,1.0470676523623965e-14,-2.220446049250313e-16,-1.001507003170783,-4.3021142204224816e-16,290.0,9.210160763129485e-14
1e-05,0.8200000000000001,0.1,0.48024311840357164,0.20400994471516118,-0.041887871994089367,0.24879261550631926,-0.41887871994089365,1.8585673085462302e-14,4.873879078104437e-14,-1.0015070031707707,1.4349632593280148e-14,290.0,9.210160763129485e-14
1e-05,0.8300000000000001,0.1,0.4802431184035721,0.20649787087022436,-0.041887871994089367,0.24879261550631393,-0.41887871994089365,-5.284624511219355e-14,3.780309398848658e-14,-1.0015070031707736,1.1227130336521896e-14,290.0,9.210160763129485e-14
1e-05,0.8400000000000001,0.1,0.48024311840357187,0.20898579702528747,-0.041887871994089367,0.24879261550631343,-0.41887871994089365,3.15395928342708e-14,3.6914915568786455e-14,-1.0015070031707738,1.0894063429134349e-14,290.0,9.210160763129485e-14
1e-05,0.8500000000000001,0.1,0.4802431184035721,0.21147372318035068,-0.041887871994089367,0.24879261550633042,-0.41887871994089365,-8.73943462553251e-14,7.077671781985373e-14,-1.0015070031707654,2.1121993043493603e-14,290.0,9.210160763129485e-14
1e-05,0.8600000000000001,0.1,0.4802431184035724,0.21396164933541406,-0.041887871994089367,0.24879261550633186,-0.41887871994089365,4.2708640694928593e-14,7.34412530789541e-14,-1.001507003170765,2.2065682614424986e-14,290.0,9.210160763129485e-14
1e-05,0.8700000000000001,0.1,0.4802431184035728,0.21644957549047716,-0.041887871994089367,0.248792615506293,-0.41887871994089365,-5.388577945491552e-14,-4.496403249731884e-15,-1.0015070031707844,-1.1796119636642288e-15,290.0,9.210160763129485e-14
1e-05,0.8800000000000001,0.1,0.4802431184035728,0.21893750164554002,-0.041887871994089367,0.24879261550628856,-0.41887871994089365,8.074382196820363e-14,-1.3378187446733136e-14,-1.0015070031707867,-3.8441472227646045e-15,290.0,9.210160763129485e-14
1e-05,0.8900000000000001,0.1,0.4802431184035724,0.2214254278006031,-0.041887871994089367,0.2487926155063072,-0.41887871994089365,-7.853061981918266e-14,2.4147350785597155e-14,-1.0015070031707771,7.28583859910259e-15,290.0,9.210160763129485e-14
1e-05,0.9000000000000001,0.1,0.4802431184035724,0.22391335395566597,-0.041887871994089367,0.24879261550627502,-0.41887871994089365,5.380233596303911e-14,-4.0245584642661925e-14,-1.0015070031707933,-1.2032042029375134e-14,290.0,9.210160763129485e-14
1e-05,0.9100000000000001,0.1,0.4802431184035722,0.2264012801107286,-0.041887871994089367,0.24879261550624898,-0.41887871994089365,1.8293932802182266e-14,-9.214851104388799e-14,-1.001507003170806,-2.771394225220547e-14,290.0,9.210160763129485e-14
1e-05,0.9199999999999999,0.1,0.4802431184035721,0.22888920626579107,-0.041887871994089367,0.24879261550626203,-0.41887871994089365,4.725428340332474e-14,-6.600275881396556e-14,-1.0015070031707995,-1.9914625504213745e-14,290.0,9.210160763129485e-14
1e-05,0.9299999999999999,0.1,0.4802431184035713,0.2313771324208539,-0.041887871994089367,0.2487926155062955,-0.41887871994089365,8.150620694103815e-13,1.3877787807814457e-15,-1.0015070031707822,1.3877787807814457e-17,290.0,9.210160763129485e-14
1e-05,0.94,0.1,0.4802431184003364,0.23386505857591572,-0.041887871994089367,0.24879261550534276,-0.41887871994089365,3.8875600366234234e-09,3.68594044175552e-14,-1.0015070031693178,-1.2590484210761588e-12,290.0,9.210160763129485e-14
1e-05,0.95,0.1,0.480243113267399,0.23635298472875058,-0.041887871994089367,0.24879261396546254,-0.41887871994089365,5.185762181528664e-06,3.885780586188048e-14,-1.0015070008594953,-2.0159363761651505e-09,290.0,9.210160763129485e-14
1e-05,0.96,0.1,0.48024083719054234,0.23884090968084298,-0.041887871994089367,0.24879193114236442,-0.41887871994089365,0.0018696213437024134,-4.335420911161236e-14,-1.0015059766249306,-8.95376127296732e-07,290.0,9.210160763129485e-14
1e-05,0.97,0.1,0.47995511627350146,0.2413286441639816,-0.041887871994089367,0.2487062148672451,-0.41887871994089365,0.18218440414485645,-5.750955267558311e-14,-1.0013774022122655,-0.00011304083607008297,290.0,9.210160763129485e-14
1e-05,0.98,0.1,0.46961101745375733,0.24380720864589062,-0.041887871994089367,0.24560298522136303,-0.41887871994089365,4.798498527210158,2.4868995751603507e-14,-0.9967225577433602,-0.00417309962279494,290.0,9.210160763129485e-14
1e-05,0.99,0.1,0.35895604801113506,0.24614639482370754,-0.041887871994089367,0.21240649438857157,-0.41887871994089365,34.1661475506091,1.529332216421153e-14,-0.9469278214941825,-0.04760517512902704,290.0,9.210160763129485e-14
1e-05,1.0,0.1,0.0,0.24778794672577298,-0.041887871994089367,0.10471967998522332,-0.41887871994089365,65.79984339587487,-1.942890293094024e-16,-0.7853975998891757,-0.18849542397340222,290.0,9.210160763129485e-14
0.001,-1.0,0.1,0.0,-0.24204750195265634,-0.04246191647140103,0.10615479117850254,-0.4246191647140103,-6.722013577810579,-5.551115123125783e-17,-0.7961609338387693,-0.19107862412130464,29.0,2.4275272758635947e-14
0.001,-0.99,0.1,0.04466991933060304,-0.24091885367542307,-0.04246191647140103,0.11955576697768323,-0.4246191647140103,-6.664752755752133,-4.996003610813204e-16,-0.8162623975375408,-0.1735456807840431,29.0,2.4275272758635947e-14
0.001,-0.98,0.1,0.08867707934431425,-0.23965705015130404,-0.04246191647140103,0.1327579149817964,-0.4246191647140103,-6.5237692370161655,-8.951173136040325e-16,-0.836065619543711,-0.15627287047866154,29.0,2.4275272758635947e-14
0.001,-0.97,0.1,0.13147850837985137,-0.23826490257420724,-0.04246191647140103,0.14559834369245736,-0.4246191647140103,-6.3041327120092,-1.2351231148954867e-15,-0.8553262626097028,-0.13947330958221332,29.0,2.4275272758635947e-14
0.001,-0.96,0.1,0.17257492673904373,-0.23674679035165272,-0.04246191647140103,0.1579272692002149,-0.4246191647140103,-6.013811838806935,-1.5681900222830336e-15,-0.8738196508713394,-0.12334296537623042,29.0,2.4275272758635947e-14
0.001,-0.95,0.1,0.21152850347331617,-0.2351085025638821,-0.04246191647140103,0.1696133422204965,-0.4246191647140103,-5.663177083354184,-1.8318679906315083e-15,-0.891348760401762,-0.10805368650802857,29.0,2.4275272758635947e-14
0.001,-0.94,0.1,0.2479768263158997,-0.23335703161013654,-0.04246191647140103,0.1805478390732715,-0.4246191647140103,-5.264370078148859,-2.0261570199409107e-15,-0.9077505056809246,-0.09374771979231458,29.0,2.4275272758635947e-14
0.001,-0.9299999999999999,0.1,0.2816423694628478,-0.2315003315651037,-0.04246191647140103,0.19064750201735584,-0.4246191647140103,-4.830593097308993,-2.1649348980190553e-15,-0.9229000000970513,-0.0805339941071375,29.0,2.4275272758635947e-14
0.001,-0.92,0.1,0.31233711899863076,-0.22954705535899572,-0.04246191647140103,0.19985592687809073,-0.4246191647140103,-4.375376565742549,-2.1371793224034263e-15,-0.9367126373881537,-0.06848630491434271,29.0,2.4275272758635947e-14
0.001,-0.91,0.1,0.33996239946054096,-0.22750628533692152,-0.04246191647140103,0.20814351101666378,-0.4246191647140103,-3.911880815427473,-2.1649348980190553e-15,-0.9491440135960132,-0.05764338233304293,29.0,2.4275272758635947e-14
0.001,-0.9,0.1,0.3645042986682629,-0.22538727108032153,-0.04246191647140103,0.21550608077898037,-0.4246191647140103,-3.452281139325002,-2.1371793224034263e-15,-0.9601878682394881,-0.0480106868940121,29.0,2.4275272758635947e-14
0.001,-0.89,0.1,0.38602537882991456,-0.22319918672644237,-0.04246191647140103,0.22196240482747592,-0.4246191647140103,-3.0072737748713676,-2.0539125955565396e-15,-0.9698723543122313,-0.03956366293056378,29.0,2.4275272758635947e-14
0.001,-0.88,0.1,0.4046535669552005,-0.22095091762680868,-0.04246191647140103,0.22755086126506185,-0.4246191647140103,-2.5857264013502568,-1.7208456881689926e-15,-0.97825503896861,-0.03225209909138896,29.0,2.4275272758635947e-14
0.001,-0.87,0.1,0.42056922520270534,-0.21865088332031182,-0.04246191647140103,0.23232555873931332,-0.4246191647140103,-2.1944818560372084,-1.7208456881689926e-15,-0.985417085179987,-0.02600520322924328,29.0,2.4275272758635947e-14
0.001,-0.86,0.1,0.43399141223456206,-0.21630690075561307,-0.04246191647140103,0.23635221484887048,-0.4246191647140103,-1.8383097740168275,-1.3877787807814457e-15,-0.9914570693443225,-0.02073699481923945,29.0,2.4275272758635947e-14
0.001,-0.85,0.1,0.4451642707210862,-0.21392608875868752,-0.04246191647140103,0.23970407239482783,-0.4246191647140103,-1.5199891437744302,-1.2212453270876722e-15,-0.9964848556632584,-0.016351647863278654,29.0,2.4275272758635947e-14
0.001,-0.84,0.1,0.45434433254217527,-0.21151481213717213,-0.04246191647140103,0.24245809094115467,-0.4246191647140103,-1.2404963007804166,-9.43689570931383e-16,-1.0006158834827483,-0.012748473598501134,29.0,2.4275272758635947e-14
0.001,-0.83,0.1,0.4617893453428108,-0.2090786617123949,-0.04246191647140103,0.2446915947813454,-0.4246191647140103,-0.9992680927864476,-8.326672684688674e-16,-1.0039661392430344,-0.00982630607425164,29.0,2.4275272758635947e-14
0.001,-0.8200000000000001,0.1,0.4677490165142189,-0.2066224650684367,-0.04246191647140103,0.24647949613276798,-0.4246191647140103,-0.794508781871279,-4.996003610813204e-16,-1.0066479912701678,-0.007487135139473869,29.0,2.4275272758635947e-14
0.001,-0.81,0.1,0.47245786613187246,-0.20415032192948526,-0.04246191647140103,0.24789215101806417,-0.4246191647140103,-0.6235112230268619,-2.7755575615628914e-16,-1.008766973598112,-0.005638911664544777,29.0,2.4275272758635947e-14
0.001,-0.8,0.1,0.47613019742253704,-0.20166565778387116,-0.04246191647140103,0.24899385040526362,-0.4246191647140103,-0.48296721581982943,-1.1102230246251565e-16,-1.010419522678911,-0.0041975216329588755,29.0,2.4275272758635947e-14
0.001,-0.79,0.1,0.4789570448734761,-0.1991712895799077,-0.04246191647140103,0.24984190464054545,-0.4246191647140103,-0.3692477652440029,1.1102230246251565e-16,-1.0116916040318333,-0.0030879840084652305,29.0,2.4275272758635947e-14
0.001,-0.78,0.1,0.48110485299688366,-0.19666949790969596,-0.04246191647140103,0.25048624707756784,-0.4246191647140103,-0.2786404131352346,3.3306690738754696e-16,-1.012658117687367,-0.0022449693200276982,29.0,2.4275272758635947e-14
0.001,-0.77,0.1,0.48271557422914274,-0.1941621009452168,-0.04246191647140103,0.25096946344724563,-0.4246191647140103,-0.20753702993114143,4.996003610813204e-16,-1.0133829422418834,-0.0016127612363659727,29.0,2.4275272758635947e-14
0.001,-0.76,0.1,0.48390784906828743,-0.1916505263727279,-0.04246191647140103,0.2513271458989892,-0.4246191647140103,-0.15257089444861788,7.771561172376096e-16,-1.0139194659194986,-0.0011447933620015865,29.0,2.4275272758635947e-14
0.001,-0.75,0.1,0.48477893869839855,-0.1891358785785882,-0.04246191647140103,0.2515884727880226,-0.4246191647140103,-0.11070616466762273,9.43689570931383e-16,-1.0143114562530484,-0.0008028906821829218,29.0,2.4275272758635947e-14
0.001,-0.74,0.1,0.48540711163599976,-0.1866189992868828,-0.04246191647140103,0.251776924669303,-0.4246191647140103,-0.07928580037558346,1.0547118733938987e-15,-1.014594134074969,-0.0005563328041744281,29.0,2.4275272758635947e-14
0.001,-0.73,0.1,0.4858542325869315,-0.18410052067741717,-0.04246191647140103,0.2519110609545826,-0.4246191647140103,-0.05604566868227759,1.1657341758564144e-15,-1.0147953385028883,-0.0003808378309336641,29.0,2.4275272758635947e-14
0.001,-0.72,0.1,0.4861683556281785,-0.18158091068809862,-0.04246191647140103,0.25200529786695663,-0.4246191647140103,-0.039103110912935696,1.0547118733938987e-15,-1.0149366938714492,-0.0002575445372442614,29.0,2.4275272758635947e-14
0.001,-0.71,0.1,0.486386178332015,-0.1790605107170693,-0.04246191647140103,0.2520706446781076,-0.4246191647140103,-0.02692791977542188,1.0547118733938987e-15,-1.0150347140881757,-0.00017204912598844935,29.0,2.4275272758635947e-14
0.001,-0.7,0.1,0.4865352635950886,-0.1765395662933244,-0.04246191647140103,0.2521153702570295,-0.4246191647140103,-0.018302743934724985,7.216449660063518e-16,-1.015101802456559,-0.00011353316023213211,29.0,2.4275272758635947e-14
0.001,-0.69,0.1,0.4866359786016091,-0.17401825149813768,-0.04246191647140103,0.25214558475898563,-0.4246191647140103,-0.012278666496796592,6.661338147750939e-16,-1.0151471242094932,-7.40025201728528e-05,29.0,2.4275272758635947e-14
0.001,-0.6799999999999999,0.1,0.4867031340511842,-0.17149668801846116,-0.04246191647140103,0.252165731393858,-0.4246191647140103,-0.008130317962841216,3.3306690738754696e-16,-1.0151773441618022,-4.764400621473652e-05,29.0,2.4275272758635947e-14
0.001,-0.6699999999999999,0.1,0.48674733134507037,-0.16897495972500887,-0.04246191647140103,0.25217899058202364,-0.4246191647140103,-0.00531355201756682,-5.551115123125783e-17,-1.0151972329440508,-3.0296568364535092e-05,29.0,2.4275272758635947e-14
0.001,-0.6599999999999999,0.1,0.48677604161003957,-0.16645312361842357,-0.04246191647140103,0.25218760366151416,-0.4246191647140103,-0.0034275452498165175,-5.551115123125783e-16,-1.015210152563287,-1.9027789364273184e-05,29.0,2.4275272758635947e-14
0.001,-0.6499999999999999,0.1,0.4867944495677317,-0.16393121790002593,-0.04246191647140103,0.2521931260488217,-0.4246191647140103,-0.0021822379676477194,-7.216449660063518e-16,-1.0152184361442487,-1.180266597015922e-05,29.0,2.4275272758635947e-14
0.001,-0.64,0.1,0.4868060988911102,-0.16140926781799386,-0.04246191647140103,0.252196620845835,-0.4246191647140103,-0.0013713284380477253,-1.27675647831893e-15,-1.0152236783397692,-7.23030654424528e-06,29.0,2.4275272758635947e-14
0.001,-0.63,0.1,0.48681337538720093,-0.15888728982954942,-0.04246191647140103,0.25219880379466203,-0.4246191647140103,-0.000850552551268612,-1.609823385706477e-15,-1.01522695276301,-4.37428182875621e-06,29.0,2.4275272758635947e-14
0.001,-0.62,0.1,0.48681786150051354,-0.15636529451450168,-0.04246191647140103,0.2522001496286557,-0.4246191647140103,-0.0005206920662543595,-1.8318679906315083e-15,-1.0152289715140008,-2.6134823536139162e-06,29.0,2.4275272758635947e-14
0.001,-0.61,0.1,0.4868205913855946,-0.15384328858114815,-0.04246191647140103,0.25220096859417995,-0.4246191647140103,-0.00031461597228132427,-1.9984014443252818e-15,-1.0152301999622875,-1.5420024593454373e-06,29.0,2.4275272758635947e-14
0.001,-0.6,0.1,0.4868222310106211,-0.1513212762249231,-0.04246191647140103,0.25220146048168784,-0.4246191647140103,-0.00018762920613527357,-2.1094237467877974e-15,-1.0152309377935493,-8.984496364800032e-07,29.0,2.4275272758635947e-14
0.001,-0.59,0.1,0.48682320302039245,-0.1487992600339632,-0.04246191647140103,0.25220175208461926,-0.4246191647140103,-0.00011044342429462033,-2.1094237467877974e-15,-1.0152313751979465,-5.169358012341307e-07,29.0,2.4275272758635947e-14
0.001,-0.5800000000000001,0.1,0.48682377177185115,-0.14627724158318564,-0.04246191647140103,0.2522019227100568,-0.4246191647140103,-6.41651072262054e-05,-2.220446049250313e-15,-1.015231631136103,-2.937008537068353e-07,29.0,2.4275272758635947e-14
0.001,-0.5700000000000001,0.1,0.4868241002451757,-0.14375522181796047,-0.04246191647140103,0.25220202125205415,-0.4246191647140103,-3.679404393850402e-05,-2.220446049250313e-15,-1.015231778949099,-1.6477507383538814e-07,29.0,2.4275272758635947e-14
0.001,-0.56,0.1,0.4868242874871784,-0.14123320129808636,-0.04246191647140103,0.252202077424655,-0.4246191647140103,-2.082454710133801e-05,-2.1649348980190553e-15,-1.0152318632080002,-9.128258776636144e-08,29.0,2.4275272758635947e-14
0.001,-0.55,0.1,0.4868243928365488,-0.13871118035057256,-0.04246191647140103,0.25220210902946627,-0.4246191647140103,-1.1633033137230468e-05,-1.887379141862766e-15,-1.0152319106152166,-4.993295979471846e-08,29.0,2.4275272758635947e-14
0.001,-0.54,0.1,0.4868244513406106,-0.13618915916386876,-0.04246191647140103,0.25220212658068486,-0.4246191647140103,-6.414010156925261e-06,-1.7763568394002505e-15,-1.0152319369420444,-2.6970115502011893e-08,29.0,2.4275272758635947e-14
0.001,-0.53,0.1,0.48682448340813356,-0.1336671378451147,-0.04246191647140103,0.2522021362009419,-0.4246191647140103,-3.49048298585592e-06,-1.4988010832439613e-15,-1.0152319513724297,-1.4383612662038914e-08,29.0,2.4275272758635947e-14
0.001,-0.52,0.1,0.4868245007569588,-0.1311451164544047,-0.04246191647140103,0.2522021414055894,-0.4246191647140103,-1.8748241710575855e-06,-1.6653345369377348e-15,-1.0152319591794012,-7.57419879593435e-09,29.0,2.4275272758635947e-14
0.001,-0.51,0.1,0.48682451002098753,-0.12862309502499342,-0.04246191647140103,0.2522021441847982,-0.4246191647140103,-9.93927338674988e-07,-1.27675647831893e-15,-1.015231963348214,-3.938067399955614e-09,29.0,2.4275272758635947e-14
0.001,-0.5,0.1,0.4868245149036289,-0.12610107357503667,-0.04246191647140103,0.2522021456495907,-0.4246191647140103,-5.200771188070155e-07,-1.0547118733938987e-15,-1.0152319655454025,-2.021630626791726e-09,29.0,2.4275272758635947e-14
0.001,-0.49,0.1,0.4868245174436353,-0.12357905211431436,-0.04246191647140103,0.2522021464115927,-0.4246191647140103,-2.685961726021525e-07,-8.881784197001252e-16,-1.0152319666884053,-1.0246780368650121e-09,29.0,2.4275272758635947e-14
0.001,-0.48,0.1,0.4868245187478225,-0.1210570306480242,-0.04246191647140103,0.2522021468028489,-0.4246191647140103,-1.3691492262750272e-07,-8.326672684688674e-16,-1.0152319672752896,-5.127845370545003e-10,29.0,2.4275272758635947e-14
0.001,-0.47,0.1,0.4868245194087742,-0.11853500917889168,-0.04246191647140103,0.2522021470011346,-0.4246191647140103,-6.888435333942812e-08,-4.996003610813204e-16,-1.0152319675727177,-2.5336091558081364e-10,29.0,2.4275272758635947e-14
0.001,-0.45999999999999996,0.1,0.4868245197393907,-0.11601298770832703,-0.04246191647140103,0.2522021471003197,-0.4246191647140103,-3.4206540387403894e-08,-2.220446049250313e-16,-1.0152319677214952,-1.2359384349291958e-10,29.0,2.4275272758635947e-14
0.001,-0.44999999999999996,0.1,0.4868245199026221,-0.11349096623705016,-0.04246191647140103,0.2522021471492892,-0.4246191647140103,-1.6765501224449923e-08,-5.551115123125783e-17,-1.0152319677949493,-5.952546788812185e-11,29.0,2.4275272758635947e-14
0.001,-0.43999999999999995,0.1,0.4868245199821665,-0.11096894476542365,-0.04246191647140103,0.25220214717315254,-0.4246191647140103,-8.110411981886733e-09,0.0,-1.0152319678307442,-2.830427558997428e-11,29.0,2.4275272758635947e-14
0.001,-0.42999999999999994,0.1,0.48682452002042576,-0.1084469232936277,-0.04246191647140103,0.2522021471846306,-0.4246191647140103,-3.872473619222161e-09,5.551115123125783e-16,-1.0152319678479609,-1.328735732553099e-11,29.0,2.4275272758635947e-14
0.001,-0.42000000000000004,0.1,0.4868245200385889,-0.1059249018217508,-0.04246191647140103,0.2522021471900796,-0.4246191647140103,-1.8249580041476859e-09,7.216449660063518e-16,-1.0152319678561341,-6.158268339717665e-12,29.0,2.4275272758635947e-14
0.001,-0.41000000000000003,0.1,0.4868245200471,-0.10340288034983564,-0.04246191647140103,0.25220214719263295,-0.4246191647140103,-8.488569029812896e-10,7.771561172376096e-16,-1.0152319678599642,-2.8176488919839926e-12,29.0,2.4275272758635947e-14
0.001,-0.4,0.1,0.48682452005103605,-0.10088085887790263,-0.04246191647140103,0.25220214719381395,-0.4246191647140103,-3.8969828835173814e-10,1.1657341758564144e-15,-1.0152319678617352,-1.2726347753400091e-12,29.0,2.4275272758635947e-14
0.001,-0.39,0.1,0.4868245200528329,-0.09835883740596145,-0.04246191647140103,0.25220214719435313,-0.4246191647140103,-1.7657732802549154e-10,1.3877787807814457e-15,-1.0152319678625437,-5.672962100078394e-13,29.0,2.4275272758635947e-14
0.001,-0.38,0.1,0.4868245200536423,-0.09583681593401652,-0.04246191647140103,0.252202147194596,-0.4246191647140103,-7.897151559392876e-11,1.4988010832439613e-15,-1.0152319678629078,-2.49592013723543e-13,29.0,2.4275272758635947e-14
0.001,-0.37,0.1,0.4868245200540023,-0.09331479446206996,-0.04246191647140103,0.25220214719470413,-0.4246191647140103,-3.4864112054197544e-11,1.7763568394002505e-15,-1.01523196786307,-1.0820511153752932e-13,29.0,2.4275272758635947e-14
0.001,-0.36,0.1,0.4868245200541602,-0.09079277299012267,-0.04246191647140103,0.2522021471947516,-0.4246191647140103,-1.5196367715735793e-11,1.942890293094024e-15,-1.015231967863141,-4.61714000365987e-14,29.0,2.4275272758635947e-14
0.001,-0.35,0.1,0.4868245200542289,-0.08827075151817501,-0.04246191647140103,0.25220214719477224,-0.4246191647140103,-6.537473555118739e-12,1.9984014443252818e-15,-1.0152319678631718,-1.9192980538207394e-14,29.0,2.4275272758635947e-14
0.001,-0.33999999999999997,0.1,0.4868245200542583,-0.08574873004622725,-0.04246191647140103,0.252202147194781,-0.4246191647140103,-2.771974476618924e-12,1.887379141862766e-15,-1.0152319678631851,-7.674416657721395e-15,29.0,2.4275272758635947e-14
0.001,-0.32999999999999996,0.1,0.4868245200542705,-0.08322670857427941,-0.04246191647140103,0.25220214719478473,-0.4246191647140103,-1.1553847055715374e-12,1.9984014443252818e-15,-1.0152319678631905,-2.8449465006019636e-15,29.0,2.4275272758635947e-14
0.001,-0.31999999999999995,0.1,0.4868245200542756,-0.08070468710233154,-0.04246191647140103,0.2522021471947863,-0.4246191647140103,-4.720815728595159e-13,2.0539125955565396e-15,-1.015231967863193,-8.326672684688674e-16,29.0,2.4275272758635947e-14
0.001,-0.30999999999999994,0.1,0.48682452005427795,-0.07818266563038367,-0.04246191647140103,0.25220214719478684,-0.4246191647140103,-1.9285285213237563e-13,1.7763568394002505e-15,-1.015231967863194,0.0,29.0,2.4275272758635947e-14
0.001,-0.29999999999999993,0.1,0.48682452005427884,-0.07566064415843582,-0.04246191647140103,0.252202147194787,-0.4246191647140103,-8.249043806654506e-14,1.5543122344752192e-15,-1.0152319678631945,2.7755575615628914e-16,29.0,2.4275272758635947e-14
0.001,-0.29000000000000004,0.1,0.48682452005427884,-0.07313862268648795,-0.04246191647140103,0.25220214719478706,-0.4246191647140103,-3.899055954820458e-14,1.6653345369377348e-15,-1.0152319678631945,3.191891195797325e-16,29.0,2.4275272758635947e-14
0.001,-0.28,0.1,0.48682452005427923,-0.07061660121454008,-0.04246191647140103,0.2522021471947872,-0.4246191647140103,-1.7273850248619236e-14,1.6653345369377348e-15,-1.0152319678631945,4.579669976578771e-16,29.0,2.4275272758635947e-14
0.001,-0.27,0.1,0.48682452005427906,-0.06809457974259223,-0.04246191647140103,0.25220214719478695,-0.4246191647140103,-3.2479691872311936e-15,1.3322676295501878e-15,-1.0152319678631945,3.0531133177191805e-16,29.0,2.4275272758635947e-14
0.001,-0.26,0.1,0.4868245200542791,-0.06557255827064434,-0.04246191647140103,0.25220214719478684,-0.4246191647140103,5.147212926827761e-15,1.0547118733938987e-15,-1.0152319678631947,2.498001805406602e-16,29.0,2.4275272758635947e-14
0.001,-0.25,0.1,0.48682452005427906,-0.06305053679869647,-0.04246191647140103,0.25220214719478673,-0.4246191647140103,6.1727170288566025e-15,8.881784197001252e-16,-1.0152319678631947,1.6653345369377348e-16,29.0,2.4275272758635947e-14
0.001,-0.24,0.1,0.4868245200542791,-0.060528515326748605,-0.04246191647140103,0.25220214719478656,-0.4246191647140103,1.3840889691614e-15,4.996003610813204e-16,-1.0152319678631947,8.326672684688674e-17,29.0,2.4275272758635947e-14
0.001,-0.22999999999999998,0.1,0.48682452005427906,-0.058006493854800736,-0.04246191647140103,0.2522021471947864,-0.4246191647140103,-5.190829994781093e-15,2.220446049250313e-16,-1.015231967863195,-2.7755575615628914e-17,29.0,2.4275272758635947e-14
0.001,-0.21999999999999997,0.1,0.48682452005427934,-0.05548447238285288,-0.04246191647140103,0.25220214719478634,-0.4246191647140103,-7.661004843580128e-15,-5.551115123125783e-17,-1.015231967863195,-1.3877787807814457e-17,29.0,2.4275272758635947e-14
0.001,-0.20999999999999996,0.1,0.48682452005427906,-0.05296245091090501,-0.04246191647140103,0.2522021471947862,-0.4246191647140103,-3.583553077251779e-15,-2.220446049250313e-16,-1.015231967863195,-1.6653345369377348e-16,29.0,2.4275272758635947e-14
0.001,-0.19999999999999996,0.1,0.4868245200542791,-0.05044042943895715,-0.04246191647140103,0.252202147194786,-0.4246191647140103,2.5058385592696043e-15,-6.106226635438361e-16,-1.0152319678631951,-2.498001805406602e-16,29.0,2.4275272758635947e-14
0.001,-0.18999999999999995,0.1,0.48682452005427923,-0.04791840796700929,-0.04246191647140103,0.2522021471947859,-0.4246191647140103,7.0093169318422204e-15,-8.881784197001252e-16,-1.0152319678631951,-3.0531133177191805e-16,29.0,2.4275272758635947e-14
0.001,-0.17999999999999994,0.1,0.48682452005427906,-0.04539638649506141,-0.04246191647140103,0.25220214719478573,-0.4246191647140103,5.710247804775845e-15,-1.1102230246251565e-15,-1.0152319678631951,-4.3021142204224816e-16,29.0,2.4275272758635947e-14
0.001,-0.16999999999999993,0.1,0.48682452005427923,-0.042874365023113564,-0.04246191647140103,0.2522021471947856,-0.4246191647140103,-1.215770453064066e-17,-1.4432899320127035e-15,-1.0152319678631954,-4.718447854656915e-16,29.0,2.4275272758635947e-14
0.001,-0.16000000000000003,0.1,0.4868245200542791,-0.04035234355116573,-0.04246191647140103,0.25220214719478556,-0.4246191647140103,-6.2669303926408296e-15,-1.4988010832439613e-15,-1.0152319678631954,-5.134781488891349e-16,29.0,2.4275272758635947e-14
0.001,-0.15000000000000002,0.1,0.48682452005427906,-0.03783032207921787,-0.04246191647140103,0.2522021471947855,-0.4246191647140103,-7.422017238124713e-15,-1.5543122344752192e-15,-1.0152319678631954,-5.689893001203927e-16,29.0,2.4275272758635947e-14
0.001,-0.14,0.1,0.48682452005427906,-0.03530830060727002,-0.04246191647140103,0.2522021471947854,-0.4246191647140103,-2.680789743827916e-15,-1.7763568394002505e-15,-1.0152319678631954,-6.245004513516506e-16,29.0,2.4275272758635947e-14
0.001,-0.13,0.1,0.4868245200542791,-0.032786279135322165,-0.04246191647140103,0.2522021471947854,-0.4246191647140103,3.5269307423753073e-15,-1.8318679906315083e-15,-1.0152319678631954,-6.106226635438361e-16,29.0,2.4275272758635947e-14
0.001,-0.12,0.1,0.4868245200542791,-0.03026425766337431,-0.04246191647140103,0.25220214719478545,-0.4246191647140103,6.8791484167596324e-15,-1.7208456881689926e-15,-1.0152319678631954,-5.828670879282072e-16,29.0,2.4275272758635947e-14
0.001,-0.10999999999999999,0.1,0.48682452005427923,-0.027742236191426458,-0.04246191647140103,0.2522021471947855,-0.4246191647140103,4.670835599958615e-15,-1.6653345369377348e-15,-1.0152319678631954,-5.412337245047638e-16,29.0,2.4275272758635947e-14
0.001,-0.09999999999999998,0.1,0.4868245200542791,-0.02522021471947859,-0.04246191647140103,0.25220214719478556,-0.4246191647140103,-2.0319428126923814e-15,-1.4988010832439613e-15,-1.0152319678631954,-5.134781488891349e-16,29.0,2.4275272758635947e-14
0.001,-0.08999999999999997,0.1,0.48682452005427923,-0.022698193247530734,-0.04246191647140103,0.2522021471947856,-0.4246191647140103,-6.947408352844003e-15,-1.4432899320127035e-15,-1.0152319678631954,-4.718447854656915e-16,29.0,2.4275272758635947e-14
0.001,-0.07999999999999996,0.1,0.4868245200542791,-0.02017617177558288,-0.04246191647140103,0.25220214719478573,-0.4246191647140103,-7.044742487716203e-15,-1.1657341758564144e-15,-1.0152319678631951,-4.163336342344337e-16,29.0,2.4275272758635947e-14
0.001,-0.06999999999999995,0.1,0.48682452005427906,-0.017654150303635017,-0.04246191647140103,0.25220214719478584,-0.4246191647140103,-1.6279746956327057e-15,-8.881784197001252e-16,-1.0152319678631951,-3.608224830031759e-16,29.0,2.4275272758635947e-14
0.001,-0.05999999999999994,0.1,0.4868245200542791,-0.015132128831687155,-0.04246191647140103,0.25220214719478595,-0.4246191647140103,4.519711464803037e-15,-7.216449660063518e-16,-1.0152319678631951,-2.7755575615628914e-16,29.0,2.4275272758635947e-14
0.001,-0.04999999999999993,0.1,0.4868245200542791,-0.012610107359739296,-0.04246191647140103,0.25220214719478606,-0.4246191647140103,6.954919700570061e-15,-4.996003610813204e-16,-1.015231967863195,-2.220446049250313e-16,29.0,2.4275272758635947e-14
0.001,-0.040000000000000036,0.1,0.48682452005427923,-0.010088085887791457,-0.04246191647140103,0.2522021471947862,-0.4246191647140103,3.4486692881868803e-15,-3.3306690738754696e-16,-1.015231967863195,-1.3877787807814457e-16,29.0,2.4275272758635947e-14
0.001,-0.030000000000000027,0.1,0.4868245200542791,-0.007566064415843596,-0.04246191647140103,0.2522021471947862,-0.4246191647140103,-2.821414741523505e-15,-2.7755575615628914e-16,-1.015231967863195,-1.5265566588595902e-16,29.0,2.4275272758635947e-14
0.001,-0.020000000000000018,0.1,0.4868245200542791,-0.005044042943895731,-0.04246191647140103,0.2522021471947863,-0.4246191647140103,-7.079684164980346e-15,-5.551115123125783e-17,-1.015231967863195,-8.326672684688674e-17,29.0,2.4275272758635947e-14
0.001,-0.010000000000000009,0.1,0.48682452005427923,-0.0025220214719478655,-0.04246191647140103,0.2522021471947863,-0.4246191647140103,-5.837929614595042e-15,-1.1102230246251565e-16,-1.015231967863195,-6.938893903907228e-17,29.0,2.4275272758635947e-14
0.001,0.0,0.1,0.48682452005427934,0.0,-0.04246191647140103,0.2522021471947863,-0.4246191647140103,0.0,-1.6653345369377348e-16,-1.0152319678631951,-4.163336342344337e-17,29.0,2.4275272758635947e-14
0.001,0.010000000000000009,0.1,0.48682452005427923,0.0025220214719478655,-0.04246191647140103,0.2522021471947863,-0.4246191647140103,5.837929614595042e-15,-1.1102230246251565e-16,-1.015231967863195,-6.938893903907228e-17,29.0,2.4275272758635947e-14
0.001,0.020000000000000018,0.1,0.4868245200542791,0.005044042943895731,-0.04246191647140103,0.2522021471947863,-0.4246191647140103,7.079684164980346e-15,-5.551115123125783e-17,-1.015231967863195,-8.326672684688674e-17,29.0,2.4275272758635947e-14
0.001,0.030000000000000027,0.1,0.4868245200542791,0.007566064415843596,-0.04246191647140103,0.2522021471947862,-0.4246191647140103,2.821414741523505e-15,-2.7755575615628914e-16,-1.015231967863195,-1.5265566588595902e-16,29.0,2.4275272758635947e-14
0.001,0.040000000000000036,0.1,0.48682452005427923,0.010088085887791457,-0.04246191647140103,0.2522021471947862,-0.4246191647140103,-3.4486692881868803e-15,-3.3306690738754696e-16,-1.015231967863195,-1.3877787807814457e-16,29.0,2.4275272758635947e-14
0.001,0.050000000000000044,0.1,0.4868245200542791,0.012610107359739326,-0.04246191647140103,0.25220214719478606,-0.4246191647140103,-6.994847802546185e-15,-4.996003610813204e-16,-1.015231967863195,-2.220446049250313e-16,29.0,2.4275272758635947e-14
0.001,0.06000000000000005,0.1,0.48682452005427923,0.015132128831687184,-0.04246191647140103,0.25220214719478595,-0.4246191647140103,-4.599567666577956e-15,-7.771561172376096e-16,-1.0152319678631951,-2.636779683484747e-16,29.0,2.4275272758635947e-14
0.001,0.07000000000000006,0.1,0.48682452005427906,0.017654150303635045,-0.04246191647140103,0.25220214719478584,-0.4246191647140103,1.6279746966151626e-15,-8.881784197001252e-16,-1.0152319678631951,-3.608224830031759e-16,29.0,2.4275272758635947e-14
0.001,0.08000000000000007,0.1,0.4868245200542791,0.02017617177558291,-0.04246191647140103,0.25220214719478573,-0.4246191647140103,6.88503008618758e-15,-1.1657341758564144e-15,-1.0152319678631951,-4.163336342344337e-16,29.0,2.4275272758635947e-14
0.001,0.09000000000000008,0.1,0.48682452005427923,0.022698193247530765,-0.04246191647140103,0.2522021471947856,-0.4246191647140103,6.8675521526205444e-15,-1.4432899320127035e-15,-1.0152319678631954,-4.718447854656915e-16,29.0,2.4275272758635947e-14
0.001,0.10000000000000009,0.1,0.48682452005427923,0.02522021471947862,-0.04246191647140103,0.2522021471947855,-0.4246191647140103,1.9520866114493465e-15,-1.6653345369377348e-15,-1.0152319678631954,-5.412337245047638e-16,29.0,2.4275272758635947e-14
0.001,0.1100000000000001,0.1,0.48682452005427923,0.027742236191426482,-0.04246191647140103,0.2522021471947855,-0.4246191647140103,-4.670835600838708e-15,-1.6653345369377348e-15,-1.0152319678631954,-5.412337245047638e-16,29.0,2.4275272758635947e-14
0.001,0.1200000000000001,0.1,0.4868245200542791,0.03026425766337434,-0.04246191647140103,0.2522021471947855,-0.4246191647140103,-6.9590046199330096e-15,-1.609823385706477e-15,-1.0152319678631954,-5.551115123125783e-16,29.0,2.4275272758635947e-14
0.001,0.13000000000000012,0.1,0.48682452005427923,0.0327862791353222,-0.04246191647140103,0.2522021471947854,-0.4246191647140103,-3.287362139091103e-15,-1.887379141862766e-15,-1.0152319678631954,-5.967448757360216e-16,29.0,2.4275272758635947e-14
0.001,0.14000000000000012,0.1,0.48682452005427906,0.035308300607270054,-0.04246191647140103,0.2522021471947854,-0.4246191647140103,2.680789743378832e-15,-1.7763568394002505e-15,-1.0152319678631954,-6.245004513516506e-16,29.0,2.4275272758635947e-14
0.001,0.15000000000000013,0.1,0.4868245200542791,0.0378303220792179,-0.04246191647140103,0.2522021471947855,-0.4246191647140103,7.182448634205979e-15,-1.609823385706477e-15,-1.0152319678631954,-5.551115123125783e-16,29.0,2.4275272758635947e-14
0.001,0.15999999999999992,0.1,0.48682452005427923,0.0403523435511657,-0.04246191647140103,0.2522021471947855,-0.4246191647140103,6.187074189496033e-15,-1.6653345369377348e-15,-1.0152319678631954,-5.412337245047638e-16,29.0,2.4275272758635947e-14
0.001,0.16999999999999993,0.1,0.48682452005427923,0.042874365023113564,-0.04246191647140103,0.2522021471947856,-0.4246191647140103,1.215770453064066e-17,-1.4432899320127035e-15,-1.0152319678631954,-4.718447854656915e-16,29.0,2.4275272758635947e-14
0.001,0.17999999999999994,0.1,0.48682452005427906,0.04539638649506141,-0.04246191647140103,0.25220214719478573,-0.4246191647140103,-5.710247804775845e-15,-1.1102230246251565e-15,-1.0152319678631951,-4.3021142204224816e-16,29.0,2.4275272758635947e-14
0.001,0.18999999999999995,0.1,0.48682452005427923,0.04791840796700929,-0.04246191647140103,0.2522021471947859,-0.4246191647140103,-7.0093169318422204e-15,-8.881784197001252e-16,-1.0152319678631951,-3.0531133177191805e-16,29.0,2.4275272758635947e-14
0.001,0.19999999999999996,0.1,0.4868245200542791,0.05044042943895715,-0.04246191647140103,0.252202147194786,-0.4246191647140103,-2.5058385592696043e-15,-6.106226635438361e-16,-1.0152319678631951,-2.498001805406602e-16,29.0,2.4275272758635947e-14
0.001,0.20999999999999996,0.1,0.48682452005427906,0.05296245091090501,-0.04246191647140103,0.2522021471947862,-0.4246191647140103,3.583553077251779e-15,-2.220446049250313e-16,-1.015231967863195,-1.6653345369377348e-16,29.0,2.4275272758635947e-14
0.001,0.21999999999999997,0.1,0.48682452005427934,0.05548447238285288,-0.04246191647140103,0.25220214719478634,-0.4246191647140103,7.661004843580128e-15,-5.551115123125783e-17,-1.015231967863195,-1.3877787807814457e-17,29.0,2.4275272758635947e-14
0.001,0.22999999999999998,0.1,0.48682452005427906,0.058006493854800736,-0.04246191647140103,0.2522021471947864,-0.4246191647140103,5.190829994781093e-15,2.220446049250313e-16,-1.015231967863195,-2.7755575615628914e-17,29.0,2.4275272758635947e-14
0.001,0.24,0.1,0.4868245200542791,0.060528515326748605,-0.04246191647140103,0.25220214719478656,-0.4246191647140103,-1.3840889691614e-15,4.996003610813204e-16,-1.0152319678631947,8.326672684688674e-17,29.0,2.4275272758635947e-14
0.001,0.25,0.1,0.48682452005427906,0.06305053679869647,-0.04246191647140103,0.25220214719478673,-0.4246191647140103,-6.1727170288566025e-15,8.881784197001252e-16,-1.0152319678631947,1.6653345369377348e-16,29.0,2.4275272758635947e-14
0.001,0.26,0.1,0.4868245200542791,0.06557255827064434,-0.04246191647140103,0.25220214719478684,-0.4246191647140103,-5.147212926827761e-15,1.0547118733938987e-15,-1.0152319678631947,2.498001805406602e-16,29.0,2.4275272758635947e-14
0.001,0.27,0.1,0.48682452005427906,0.06809457974259223,-0.04246191647140103,0.25220214719478695,-0.4246191647140103,3.2479691872311936e-15,1.3322676295501878e-15,-1.0152319678631945,3.0531133177191805e-16,29.0,2.4275272758635947e-14
0.001,0.28,0.1,0.48682452005427923,0.07061660121454008,-0.04246191647140103,0.2522021471947872,-0.4246191647140103,1.7273850248619236e-14,1.6653345369377348e-15,-1.0152319678631945,4.579669976578771e-16,29.0,2.4275272758635947e-14
0.001,0.29000000000000004,0.1,0.48682452005427884,0.07313862268648795,-0.04246191647140103,0.25220214719478706,-0.4246191647140103,3.899055954820458e-14,1.6653345369377348e-15,-1.0152319678631945,3.191891195797325e-16,29.0,2.4275272758635947e-14
0.001,0.30000000000000004,0.1,0.4868245200542785,0.07566064415843585,-0.04246191647140103,0.25220214719478706,-0.4246191647140103,8.261022236774592e-14,1.887379141862766e-15,-1.015231967863194,2.498001805406602e-16,29.0,2.4275272758635947e-14
0.001,0.31000000000000005,0.1,0.4868245200542778,0.0781826656303837,-0.04246191647140103,0.25220214719478684,-0.4246191647140103,1.930924207375656e-13,1.887379141862766e-15,-1.0152319678631938,-4.163336342344337e-17,29.0,2.4275272758635947e-14
0.001,0.32000000000000006,0.1,0.4868245200542754,0.08070468710233158,-0.04246191647140103,0.25220214719478623,-0.4246191647140103,4.72480853868482e-13,2.1094237467877974e-15,-1.0152319678631927,-9.020562075079397e-16,29.0,2.4275272758635947e-14
0.001,0.33000000000000007,0.1,0.4868245200542705,0.08322670857427945,-0.04246191647140103,0.25220214719478473,-0.4246191647140103,1.1553048493713008e-12,1.9984014443252818e-15,-1.0152319678631905,-2.8449465006019636e-15,29.0,2.4275272758635947e-14
0.001,0.3400000000000001,0.1,0.4868245200542583,0.08574873004622727,-0.04246191647140103,0.252202147194781,-0.4246191647140103,2.772453613829593e-12,1.887379141862766e-15,-1.0152319678631851,-7.674416657721395e-15,29.0,2.4275272758635947e-14
0.001,0.3500000000000001,0.1,0.48682452005422866,0.08827075151817504,-0.04246191647140103,0.2522021471947722,-0.4246191647140103,6.5373936989168365e-12,2.0539125955565396e-15,-1.0152319678631716,-1.927624726505428e-14,29.0,2.4275272758635947e-14
0.001,0.3600000000000001,0.1,0.4868245200541603,0.09079277299012269,-0.04246191647140103,0.25220214719475165,-0.4246191647140103,1.519652742813796e-11,1.942890293094024e-15,-1.015231967863141,-4.611588888536744e-14,29.0,2.4275272758635947e-14
0.001,0.3700000000000001,0.1,0.48682452005400223,0.09331479446207,-0.04246191647140103,0.25220214719470413,-0.4246191647140103,3.4864191910397753e-11,1.7763568394002505e-15,-1.01523196786307,-1.0821898932533713e-13,29.0,2.4275272758635947e-14
0.001,0.3800000000000001,0.1,0.4868245200536423,0.09583681593401656,-0.04246191647140103,0.25220214719459605,-0.4246191647140103,7.897071703191165e-11,1.609823385706477e-15,-1.0152319678629078,-2.495642581479274e-13,29.0,2.4275272758635947e-14
0.001,0.3900000000000001,0.1,0.48682452005283267,0.09835883740596149,-0.04246191647140103,0.2522021471943531,-0.4246191647140103,1.7657756759409642e-10,1.4432899320127035e-15,-1.0152319678625434,-5.673933545224941e-13,29.0,2.4275272758635947e-14
0.001,0.40000000000000013,0.1,0.48682452005103594,0.10088085887790266,-0.04246191647140103,0.252202147193814,-0.4246191647140103,3.89697968926933e-10,1.3322676295501878e-15,-1.0152319678617352,-1.2726347753400091e-12,29.0,2.4275272758635947e-14
0.001,0.4099999999999999,0.1,0.48682452004709986,0.10340288034983558,-0.04246191647140103,0.25220214719263295,-0.4246191647140103,8.488561842754732e-10,8.326672684688674e-16,-1.015231967859964,-2.8176766475596082e-12,29.0,2.4275272758635947e-14
0.001,0.41999999999999993,0.1,0.4868245200385889,0.10592490182175077,-0.04246191647140103,0.2522021471900796,-0.4246191647140103,1.8249586030691968e-09,7.216449660063518e-16,-1.0152319678561341,-6.158268339717665e-12,29.0,2.4275272758635947e-14
0.001,0.42999999999999994,0.1,0.48682452002042576,0.1084469232936277,-0.04246191647140103,0.2522021471846306,-0.4246191647140103,3.872473619222161e-09,5.551115123125783e-16,-1.0152319678479609,-1.328735732553099e-11,29.0,2.4275272758635947e-14
0.001,0.43999999999999995,0.1,0.4868245199821665,0.11096894476542365,-0.04246191647140103,0.25220214717315254,-0.4246191647140103,8.110411981886733e-09,0.0,-1.0152319678307442,-2.830427558997428e-11,29.0,2.4275272758635947e-14
0.001,0.44999999999999996,0.1,0.4868245199026221,0.11349096623705016,-0.04246191647140103,0.2522021471492892,-0.4246191647140103,1.6765501224449923e-08,-5.551115123125783e-17,-1.0152319677949493,-5.952546788812185e-11,29.0,2.4275272758635947e-14
0.001,0.45999999999999996,0.1,0.4868245197393907,0.11601298770832703,-0.04246191647140103,0.2522021471003197,-0.4246191647140103,3.4206540387403894e-08,-2.220446049250313e-16,-1.0152319677214952,-1.2359384349291958e-10,29.0,2.4275272758635947e-14
0.001,0.47,0.1,0.4868245194087742,0.11853500917889168,-0.04246191647140103,0.2522021470011346,-0.4246191647140103,6.888435333942812e-08,-4.996003610813204e-16,-1.0152319675727177,-2.5336091558081364e-10,29.0,2.4275272758635947e-14
0.001,0.48,0.1,0.4868245187478225,0.1210570306480242,-0.04246191647140103,0.2522021468028489,-0.4246191647140103,1.3691492262750272e-07,-8.326672684688674e-16,-1.0152319672752896,-5.127845370545003e-10,29.0,2.4275272758635947e-14
0.001,0.49,0.1,0.4868245174436353,0.12357905211431436,-0.04246191647140103,0.2522021464115927,-0.4246191647140103,2.685961726021525e-07,-8.881784197001252e-16,-1.0152319666884053,-1.0246780368650121e-09,29.0,2.4275272758635947e-14
0.001,0.5,0.1,0.4868245149036289,0.12610107357503667,-0.04246191647140103,0.2522021456495907,-0.4246191647140103,5.200771188070155e-07,-1.0547118733938987e-15,-1.0152319655454025,-2.021630626791726e-09,29.0,2.4275272758635947e-14
0.001,0.51,0.1,0.48682451002098753,0.12862309502499342,-0.04246191647140103,0.2522021441847982,-0.4246191647140103,9.93927338674988e-07,-1.27675647831893e-15,-1.015231963348214,-3.938067399955614e-09,29.0,2.4275272758635947e-14
0.001,0.52,0.1,0.4868245007569588,0.1311451164544047,-0.04246191647140103,0.2522021414055894,-0.4246191647140103,1.8748241710575855e-06,-1.6653345369377348e-15,-1.0152319591794012,-7.57419879593435e-09,29.0,2.4275272758635947e-14
0.001,0.53,0.1,0.48682448340813356,0.1336671378451147,-0.04246191647140103,0.2522021362009419,-0.4246191647140103,3.49048298585592e-06,-1.4988010832439613e-15,-1.0152319513724297,-1.4383612662038914e-08,29.0,2.4275272758635947e-14
0.001,0.54,0.1,0.4868244513406106,0.13618915916386876,-0.04246191647140103,0.25220212658068486,-0.4246191647140103,6.414010156925261e-06,-1.7763568394002505e-15,-1.0152319369420444,-2.6970115502011893e-08,29.0,2.4275272758635947e-14
0.001,0.55,0.1,0.4868243928365488,0.13871118035057256,-0.04246191647140103,0.25220210902946627,-0.4246191647140103,1.1633033137230468e-05,-1.887379141862766e-15,-1.0152319106152166,-4.993295979471846e-08,29.0,2.4275272758635947e-14
0.001,0.56,0.1,0.4868242874871784,0.14123320129808636,-0.04246191647140103,0.252202077424655,-0.4246191647140103,2.082454710133801e-05,-2.1649348980190553e-15,-1.0152318632080002,-9.128258776636144e-08,29.0,2.4275272758635947e-14
0.001,0.5700000000000001,0.1,0.4868241002451757,0.14375522181796047,-0.04246191647140103,0.25220202125205415,-0.4246191647140103,3.679404393850402e-05,-2.220446049250313e-15,-1.015231778949099,-1.6477507383538814e-07,29.0,2.4275272758635947e-14
0.001,0.5800000000000001,0.1,0.48682377177185115,0.14627724158318564,-0.04246191647140103,0.2522019227100568,-0.4246191647140103,6.41651072262054e-05,-2.220446049250313e-15,-1.015231631136103,-2.937008537068353e-07,29.0,2.4275272758635947e-14
0.001,0.5900000000000001,0.1,0.48682320302039256,0.14879926003396327,-0.04246191647140103,0.25220175208461926,-0.4246191647140103,0.0001104434242955786,-2.1649348980190553e-15,-1.0152313751979465,-5.169358012063752e-07,29.0,2.4275272758635947e-14
0.001,0.6000000000000001,0.1,0.4868222310106212,0.1513212762249231,-0.04246191647140103,0.2522014604816879,-0.4246191647140103,0.00018762920613527357,-2.0539125955565396e-15,-1.0152309377935493,-8.98449636424492e-07,29.0,2.4275272758635947e-14
0.001,0.6100000000000001,0.1,0.4868205913855946,0.15384328858114824,-0.04246191647140103,0.2522009685941799,-0.4246191647140103,0.0003146159722815638,-2.1094237467877974e-15,-1.0152301999622875,-1.5420024593870707e-06,29.0,2.4275272758635947e-14
0.001,0.6200000000000001,0.1,0.48681786150051354,0.1563652945145017,-0.04246191647140103,0.2522001496286557,-0.4246191647140103,0.0005206920662535609,-1.8318679906315083e-15,-1.0152289715140008,-2.6134823536139162e-06,29.0,2.4275272758635947e-14
0.001,0.6300000000000001,0.1,0.48681337538720093,0.15888728982954944,-0.04246191647140103,0.25219880379466203,-0.4246191647140103,0.0008505525512681328,-1.609823385706477e-15,-1.01522695276301,-4.37428182875621e-06,29.0,2.4275272758635947e-14
0.001,0.6400000000000001,0.1,0.4868060988911101,0.16140926781799392,-0.04246191647140103,0.252196620845835,-0.4246191647140103,0.0013713284380482045,-1.2212453270876722e-15,-1.015223678339769,-7.230306544273035e-06,29.0,2.4275272758635947e-14
0.001,0.6500000000000001,0.1,0.48679444956773193,0.16393121790002602,-0.04246191647140103,0.2521931260488217,-0.4246191647140103,0.0021822379676477194,-8.881784197001252e-16,-1.015218436144249,-1.180266597010371e-05,29.0,2.4275272758635947e-14
0.001,0.6600000000000001,0.1,0.48677604161003935,0.1664531236184236,-0.04246191647140103,0.25218760366151416,-0.4246191647140103,0.003427545249817396,-4.440892098500626e-16,-1.015210152563287,-1.9027789364314818e-05,29.0,2.4275272758635947e-14
0.001,0.6699999999999999,0.1,0.48674733134507037,0.16897495972500887,-0.04246191647140103,0.25217899058202364,-0.4246191647140103,0.00531355201756682,-5.551115123125783e-17,-1.0151972329440508,-3.0296568364535092e-05,29.0,2.4275272758635947e-14
0.001,0.6799999999999999,0.1,0.4867031340511842,0.17149668801846116,-0.04246191647140103,0.252165731393858,-0.4246191647140103,0.008130317962841216,3.3306690738754696e-16,-1.0151773441618022,-4.764400621473652e-05,29.0,2.4275272758635947e-14
0.001,0.69,0.1,0.4866359786016091,0.17401825149813768,-0.04246191647140103,0.25214558475898563,-0.4246191647140103,0.012278666496796592,6.661338147750939e-16,-1.0151471242094932,-7.40025201728528e-05,29.0,2.4275272758635947e-14
0.001,0.7,0.1,0.4865352635950886,0.1765395662933244,-0.04246191647140103,0.2521153702570295,-0.4246191647140103,0.018302743934724985,7.216449660063518e-16,-1.015101802456559,-0.00011353316023213211,29.0,2.4275272758635947e-14
0.001,0.71,0.1,0.486386178332015,0.1790605107170693,-0.04246191647140103,0.2520706446781076,-0.4246191647140103,0.02692791977542188,1.0547118733938987e-15,-1.0150347140881757,-0.00017204912598844935,29.0,2.4275272758635947e-14
0.001,0.72,0.1,0.4861683556281785,0.18158091068809862,-0.04246191647140103,0.25200529786695663,-0.4246191647140103,0.039103110912935696,1.0547118733938987e-15,-1.0149366938714492,-0.0002575445372442614,29.0,2.4275272758635947e-14
0.001,0.73,0.1,0.4858542325869315,0.18410052067741717,-0.04246191647140103,0.2519110609545826,-0.4246191647140103,0.05604566868227759,1.1657341758564144e-15,-1.0147953385028883,-0.0003808378309336641,29.0,2.4275272758635947e-14
0.001,0.74,0.1,0.48540711163599976,0.1866189992868828,-0.04246191647140103,0.251776924669303,-0.4246191647140103,0.07928580037558346,1.0547118733938987e-15,-1.014594134074969,-0.0005563328041744281,29.0,2.4275272758635947e-14
0.001,0.75,0.1,0.48477893869839855,0.1891358785785882,-0.04246191647140103,0.2515884727880226,-0.4246191647140103,0.11070616466762273,9.43689570931383e-16,-1.0143114562530484,-0.0008028906821829218,29.0,2.4275272758635947e-14
0.001,0.76,0.1,0.48390784906828743,0.1916505263727279,-0.04246191647140103,0.2513271458989892,-0.4246191647140103,0.15257089444861788,7.771561172376096e-16,-1.0139194659194986,-0.0011447933620015865,29.0,2.4275272758635947e-14
0.001,0.77,0.1,0.48271557422914274,0.1941621009452168,-0.04246191647140103,0.25096946344724563,-0.4246191647140103,0.20753702993114143,4.996003610813204e-16,-1.0133829422418834,-0.0016127612363659727,29.0,2.4275272758635947e-14
0.001,0.78,0.1,0.48110485299688366,0.19666949790969596,-0.04246191647140103,0.25048624707756784,-0.4246191647140103,0.2786404131352346,3.3306690738754696e-16,-1.012658117687367,-0.0022449693200276982,29.0,2.4275272758635947e-14
0.001,0.79,0.1,0.4789570448734761,0.1991712895799077,-0.04246191647140103,0.24984190464054545,-0.4246191647140103,0.3692477652440029,1.1102230246251565e-16,-1.0116916040318333,-0.0030879840084652305,29.0,2.4275272758635947e-14
0.001,0.8,0.1,0.47613019742253704,0.20166565778387116,-0.04246191647140103,0.24899385040526362,-0.4246191647140103,0.48296721581982943,-1.1102230246251565e-16,-1.010419522678911,-0.0041975216329588755,29.0,2.4275272758635947e-14
0.001,0.81,0.1,0.47245786613187246,0.20415032192948526,-0.04246191647140103,0.24789215101806417,-0.4246191647140103,0.6235112230268619,-2.7755575615628914e-16,-1.008766973598112,-0.005638911664544777,29.0,2.4275272758635947e-14
0.001,0.8200000000000001,0.1,0.4677490165142189,0.2066224650684367,-0.04246191647140103,0.24647949613276798,-0.4246191647140103,0.794508781871279,-4.996003610813204e-16,-1.0066479912701678,-0.007487135139473869,29.0,2.4275272758635947e-14
0.001,0.8300000000000001,0.1,0.4617893453428109,0.20907866171239492,-0.04246191647140103,0.2446915947813454,-0.4246191647140103,0.9992680927864502,-8.881784197001252e-16,-1.0039661392430344,-0.009826306074251612,29.0,2.4275272758635947e-14
0.001,0.8400000000000001,0.1,0.45434433254217516,0.21151481213717216,-0.04246191647140103,0.24245809094115456,-0.4246191647140103,1.24049630078042,-1.1102230246251565e-15,-1.0006158834827483,-0.012748473598501217,29.0,2.4275272758635947e-14
0.001,0.8500000000000001,0.1,0.44516427072108616,0.2139260887586876,-0.04246191647140103,0.23970407239482783,-0.4246191647140103,1.519989143774434,-1.1657341758564144e-15,-0.9964848556632584,-0.016351647863278668,29.0,2.4275272758635947e-14
0.001,0.8600000000000001,0.1,0.4339914122345617,0.2163069007556131,-0.04246191647140103,0.23635221484887037,-0.4246191647140103,1.8383097740168322,-1.4432899320127035e-15,-0.9914570693443224,-0.020736994819239588,29.0,2.4275272758635947e-14
0.001,0.8700000000000001,0.1,0.4205692252027052,0.21865088332031182,-0.04246191647140103,0.23232555873931332,-0.4246191647140103,2.1944818560372146,-1.609823385706477e-15,-0.985417085179987,-0.026005203229243323,29.0,2.4275272758635947e-14
0.001,0.8800000000000001,0.1,0.4046535669552003,0.22095091762680877,-0.04246191647140103,0.22755086126506174,-0.4246191647140103,2.585726401350262,-1.8041124150158794e-15,-0.9782550389686098,-0.032252099091389055,29.0,2.4275272758635947e-14
0.001,0.8900000000000001,0.1,0.3860253788299143,0.2231991867264424,-0.04246191647140103,0.22196240482747587,-0.4246191647140103,3.007273774871371,-1.970645868709653e-15,-0.9698723543122312,-0.03956366293056386,29.0,2.4275272758635947e-14
0.001,0.9000000000000001,0.1,0.36450429866826267,0.22538727108032153,-0.04246191647140103,0.2155060807789803,-0.4246191647140103,3.452281139325005,-2.1371793224034263e-15,-0.960187868239488,-0.04801068689401217,29.0,2.4275272758635947e-14
0.001,0.9100000000000001,0.1,0.3399623994605406,0.22750628533692155,-0.04246191647140103,0.20814351101666367,-0.4246191647140103,3.9118808154274785,-2.1094237467877974e-15,-0.9491440135960131,-0.0576433823330431,29.0,2.4275272758635947e-14
0.001,0.9199999999999999,0.1,0.3123371189986311,0.2295470553589957,-0.04246191647140103,0.19985592687809078,-0.4246191647140103,4.375376565742543,-2.248201624865942e-15,-0.9367126373881538,-0.06848630491434259,29.0,2.4275272758635947e-14
0.001,0.9299999999999999,0.1,0.2816423694628478,0.2315003315651037,-0.04246191647140103,0.19064750201735584,-0.4246191647140103,4.830593097308993,-2.1649348980190553e-15,-0.9229000000970513,-0.0805339941071375,29.0,2.4275272758635947e-14
0.001,0.94,0.1,0.2479768263158997,0.23335703161013654,-0.04246191647140103,0.1805478390732715,-0.4246191647140103,5.264370078148859,-2.0261570199409107e-15,-0.9077505056809246,-0.09374771979231458,29.0,2.4275272758635947e-14
0.001,0.95,0.1,0.21152850347331617,0.2351085025638821,-0.04246191647140103,0.1696133422204965,-0.4246191647140103,5.663177083354184,-1.8318679906315083e-15,-0.891348760401762,-0.10805368650802857,29.0,2.4275272758635947e-14
0.001,0.96,0.1,0.17257492673904373,0.23674679035165272,-0.04246191647140103,0.1579272692002149,-0.4246191647140103,6.013811838806935,-1.5681900222830336e-15,-0.8738196508713394,-0.12334296537623042,29.0,2.4275272758635947e-14
0.001,0.97,0.1,0.13147850837985137,0.23826490257420724,-0.04246191647140103,0.14559834369245736,-0.4246191647140103,6.3041327120092,-1.2351231148954867e-15,-0.8553262626097028,-0.13947330958221332,29.0,2.4275272758635947e-14
0.001,0.98,0.1,0.08867707934431425,0.23965705015130404,-0.04246191647140103,0.1327579149817964,-0.4246191647140103,6.5237692370161655,-8.951173136040325e-16,-0.836065619543711,-0.15627287047866154,29.0,2.4275272758635947e-14
0.001,0.99,0.1,0.04466991933060304,0.24091885367542307,-0.04246191647140103,0.11955576697768323,-0.4246191647140103,6.664752755752133,-4.996003610813204e-16,-0.8162623975375408,-0.1735456807840431,29.0,2.4275272758635947e-14
0.001,1.0,0.1,0.0,0.24204750195265634,-0.04246191647140103,0.10615479117850254,-0.4246191647140103,6.722013577810579,-5.551115123125783e-17,-0.7961609338387693,-0.19107862412130464,29.0,2.4275272758635947e-14
0.01,-1.0,0.1,0.0,-0.22774136011886298,-0.04389253065478037,0.10973132663695088,-0.43892530654780365,-2.238740691035951,-5.551115123125783e-17,-0.8229849497771319,-0.19751638794651163,9.0,6.170736847885196e-14
0.01,-0.99,0.1,0.014905831222684738,-0.22662167780171982,-0.04389253065478037,0.11420307600375629,-0.43892530654780365,-2.2325585132139762,-9.367506770274758e-17,-0.8296925738273401,-0.1916658491916079,9.0,6.170736847885196e-14
0.01,-0.98,0.1,0.02976146060752733,-0.225457348804283,-0.04389253065478037,0.11865976481920906,-0.43892530654780365,-2.2236828823723105,-6.938893903907228e-17,-0.8363776070505191,-0.18583501465805718,9.0,6.170736847885196e-14
0.01,-0.97,0.1,0.0445489983800193,-0.22424855060294502,-0.04389253065478037,0.12309602615095665,-0.43892530654780365,-2.212135526745002,-1.1102230246251565e-16,-0.8430319990481405,-0.1800309060823541,9.0,6.170736847885196e-14
0.01,-0.96,0.1,0.05925073454773967,-0.22299551409116958,-0.04389253065478037,0.12750654700127276,-0.43892530654780365,-2.1979486258938743,-8.326672684688674e-17,-0.8496477803236147,-0.17426047463652383,9.0,6.170736847885196e-14
0.01,-0.95,0.1,0.0738492079642012,-0.22169852293622488,-0.04389253065478037,0.1318860890262112,-0.43892530654780365,-2.1811646160045854,-1.5265566588595902e-16,-0.8562170933610224,-0.16853057382056272,9.0,6.170736847885196e-14
0.01,-0.94,0.1,0.08832727387273955,-0.22035791273089533,-0.04389253065478037,0.13622950879877269,-0.43892530654780365,-2.161835928940444,-2.0816681711721685e-16,-0.8627322230198647,-0.16284793295146144,9.0,6.170736847885196e-14
0.01,-0.9299999999999999,0.1,0.10266816949622373,-0.21897406994538543,-0.04389253065478037,0.14053177748581794,-0.43892530654780365,-2.1400246673690977,-1.5959455978986625e-16,-0.8691856260504326,-0.15721913141924387,9.0,6.170736847885196e-14
0.01,-0.92,0.1,0.11685557725571817,-0.21754743068591043,-0.04389253065478037,0.14478799981366627,-0.43892530654780365,-2.1158022188489767,-2.0816681711721685e-16,-0.8755699595422051,-0.15165057387364234,9.0,6.170736847885196e-14
0.01,-0.91,0.1,0.13087368522229462,-0.21607847926768434,-0.04389253065478037,0.1489934322036392,-0.43892530654780365,-2.089248812300953,-1.942890293094024e-16,-0.8818781081271645,-0.14614846649676108,9.0,6.170736847885196e-14
0.01,-0.9,0.1,0.1447072444307075,-0.21456774661117076,-0.04389253065478037,0.15314349996616305,-0.43892530654780365,-2.0604530207898164,-2.220446049250313e-16,-0.8881032097709504,-0.140718794507459,9.0,6.170736847885196e-14
0.01,-0.89,0.1,0.15834162271136043,-0.21301580847153276,-0.04389253065478037,0.15723381345035894,-0.43892530654780365,-2.0295112149945016,-1.6653345369377348e-16,-0.894238679997244,-0.1353673010323027,9.0,6.170736847885196e-14
0.01,-0.88,0.1,0.1717628547275518,-0.21142328351220502,-0.04389253065478037,0.16126018305521628,-0.43892530654780365,-1.9965269721504508,-3.469446951953614e-16,-0.9002782344045303,-0.13009946746594767,9.0,6.170736847885196e-14
0.01,-0.87,0.1,0.184957687938084,-0.20979083123440007,-0.04389253065478037,0.16521863301837597,-0.43892530654780365,-1.9616104455979364,-2.914335439641036e-16,-0.9062159093492697,-0.12492049543081377,9.0,6.170736847885196e-14
0.01,-0.86,0.1,0.1979136242405533,-0.20811914977514945,-0.04389253065478037,0.16910541390911676,-0.43892530654780365,-1.9248777003630952,-3.0531133177191805e-16,-0.912046080685381,-0.11983529043209457,9.0,6.170736847885196e-14
0.01,-0.85,0.1,0.21061895708761882,-0.20640897358715815,-0.04389253065478037,0.17291701376323643,-0.43892530654780365,-1.8864500204311452,-2.498001805406602e-16,-0.9177634804665604,-0.11484844728962133,9.0,6.170736847885196e-14
0.01,-0.84,0.1,0.22306280390689562,-0.20466107101431757,-0.04389253065478037,0.17665016780901946,-0.43892530654780365,-1.8464531935418955,-2.498001805406602e-16,-0.923363211535235,-0.1099642374130552,9.0,6.170736847885196e-14
0.01,-0.83,0.1,0.23523513369436436,-0.20287624177717078,-0.04389253065478037,0.18030186674526008,-0.43892530654780365,-1.8050167794452046,-2.498001805406602e-16,-0.9288407599395959,-0.1051865979714737,9.0,6.170736847885196e-14
0.01,-0.8200000000000001,0.1,0.24712678969096763,-0.20105531438295488,-0.04389253065478037,0.18386936354424105,-0.43892530654780365,-1.7622733675982396,-2.7755575615628914e-16,-0.9341920051380674,-0.10051912299280694,9.0,6.170736847885196e-14
0.01,-0.81,0.1,0.25872950709190673,-0.1991991434750575,-0.04389253065478037,0.18735017876452276,-0.43892530654780365,-1.7183578302679217,-3.3306690738754696e-16,-0.93941322796849,-0.09596505641293836,9.0,6.170736847885196e-14
0.01,-0.8,0.1,0.27003592577768165,-0.1973086071368145,-0.04389253065478037,0.1907421043702553,-0.43892530654780365,-1.6734065769221431,-2.220446049250313e-16,-0.9445011163770887,-0.09152728707877164,9.0,6.170736847885196e-14
0.01,-0.79,0.1,0.2810395980947089,-0.19538460416455217,-0.04389253065478037,0.1940432060653634,-0.43892530654780365,-1.6275568156544715,-3.608224830031759e-16,-0.949452768919751,-0.08720834569433851,9.0,6.170736847885196e-14
0.01,-0.78,0.1,0.2917349917510273,-0.19342805132463556,-0.04389253065478037,0.19725182416225892,-0.43892530654780365,-1.5809458271919608,-3.885780586188048e-16,-0.9542656960650941,-0.08301040368423354,9.0,6.170736847885196e-14
0.01,-0.77,0.1,0.3021174879288042,-0.19143988060903463,-0.04389253065478037,0.200366573015592,-0.43892530654780365,-1.53371025678792,-3.885780586188048e-16,-0.9589378193450939,-0.0789352739344561,9.0,6.170736847885196e-14
0.01,-0.76,0.1,0.31218337474973973,-0.18942103650356173,-0.04389253065478037,0.20338633906187265,-0.43892530654780365,-1.4859854290052654,-3.608224830031759e-16,-0.9634674684145148,-0.0749844133572389,9.0,6.170736847885196e-14
0.01,-0.75,0.1,0.32192983626172095,-0.18737247328247664,-0.04389253065478037,0.20631027751546704,-0.43892530654780365,-1.437904690055976,-3.0531133177191805e-16,-0.9678533760949064,-0.07115892721378625,9.0,6.170736847885196e-14
0.01,-0.74,0.1,0.33135493714494807,-0.18529515234260574,-0.04389253065478037,0.20913780778043517,-0.43892530654780365,-1.3895987819833788,-3.0531133177191805e-16,-0.9720946714923586,-0.06745957511711963,9.0,6.170736847885196e-14
0.01,-0.73,0.1,0.3404576033629644,-0.18319003958948485,-0.04389253065478037,0.21186860764584006,-0.43892530654780365,-1.3411952525619608,-3.0531133177191805e-16,-0.9761908712904659,-0.06388677862654822,9.0,6.170736847885196e-14
0.01,-0.72,0.1,0.3492375990084141,-0.18105810288732244,-0.04389253065478037,0.21450260633947496,-0.43892530654780365,-1.292817904349848,-3.3306690738754696e-16,-0.9801418693309183,-0.060440630335709206,9.0,6.170736847885196e-14
0.01,-0.71,0.1,0.357695499614718,-0.17890030958379644,-0.04389253065478037,0.21703997652136614,-0.43892530654780365,-1.24458628586799,-3.885780586188048e-16,-0.9839479246037551,-0.05712090434773494,9.0,6.170736847885196e-14
0.01,-0.7,0.1,0.36583266222310257,-0.17671762411985792,-0.04389253065478037,0.2194811253038815,-0.43892530654780365,-1.1966152274033997,-3.885780586188048e-16,-0.987609647777528,-0.05392706802394398,9.0,6.170736847885196e-14
0.01,-0.69,0.1,0.3736511925094544,-0.17451100573382122,-0.04389253065478037,0.22182668438978703,-0.43892530654780365,-1.14901442344759,-3.885780586188048e-16,-0.9911279864063864,-0.0508582948865509,9.0,6.170736847885196e-14
0.01,-0.6799999999999999,0.1,0.38115390928724363,-0.1722814062680899,-0.04389253065478037,0.22407749942312383,-0.43892530654780365,-1.1018880632915142,-3.3306690738754696e-16,-0.9945042089563916,-0.04791347855126862,9.0,6.170736847885196e-14
0.01,-0.6699999999999999,0.1,0.38834430671127346,-0.17002976808590484,-0.04389253065478037,0.22623461865033276,-0.43892530654780365,-1.055334510810675,-3.885780586188048e-16,-0.997739887797205,-0.04509124756233693,9.0,6.170736847885196e-14
0.01,-0.6599999999999999,0.1,0.39522651451230084,-0.16775702210451726,-0.04389253065478037,0.22829928099064098,-0.43892530654780365,-1.0094460339941198,-3.885780586188048e-16,-1.0008368813076673,-0.04238998100043366,9.0,6.170736847885196e-14
0.01,-0.6499999999999999,0.1,0.4018052565946984,-0.1654640859501967,-0.04389253065478037,0.23027290361536026,-0.43892530654780365,-0.9643085843040371,-3.0531133177191805e-16,-1.0037973152447464,-0.03980782473309262,9.0,6.170736847885196e-14
0.01,-0.64,0.1,0.40808580832839464,-0.1631518622394873,-0.04389253065478037,0.2321570691354691,-0.43892530654780365,-0.9200016255034802,-3.608224830031759e-16,-1.0066235635249094,-0.03734270817761687,9.0,6.170736847885196e-14
0.01,-0.63,0.1,0.41407395286248305,-0.16082123699013615,-0.04389253065478037,0.23395351249569563,-0.43892530654780365,-0.876598011162767,-3.885780586188048e-16,-1.0093182285652493,-0.03499236144798716,9.0,6.170736847885196e-14
0.01,-0.62,0.1,0.419775936781268,-0.15847307816414707,-0.04389253065478037,0.2356641076713311,-0.43892530654780365,-0.8341639096543797,-3.885780586188048e-16,-1.0118841213287026,-0.03275433275986407,9.0,6.170736847885196e-14
0.01,-0.61,0.1,0.42519842541433284,-0.15610823434446125,-0.04389253065478037,0.23729085426125057,-0.43892530654780365,-0.7927587750751078,-3.885780586188048e-16,-1.0143242412135818,-0.030626005971386122,9.0,6.170736847885196e-14
0.01,-0.6,0.1,0.4303484581006574,-0.15372753354585056,-0.04389253065478037,0.23883586406714796,-0.43892530654780365,-0.7524353621957438,-3.3306690738754696e-16,-1.0166417559224277,-0.028604618142003713,9.0,6.170736847885196e-14
0.01,-0.59,0.1,0.4352334036931171,-0.15133178215972676,-0.04389253065478037,0.24030134774488587,-0.43892530654780365,-0.7132397832351801,-2.7755575615628914e-16,-1.0188399814390345,-0.026687276996963286,9.0,6.170736847885196e-14
0.01,-0.5800000000000001,0.1,0.43986091657409665,-0.14892176403173735,-0.04389253065478037,0.24168960160917974,-0.43892530654780365,-0.6752116039891625,-2.7755575615628914e-16,-1.0209223622354755,-0.02487097819117881,9.0,6.170736847885196e-14
0.01,-0.5700000000000001,0.1,0.44423889343570694,-0.1464982396702274,-0.04389253065478037,0.24300299466766284,-0.43892530654780365,-0.6383839766154378,-2.7755575615628914e-16,-1.0228924518232,-0.023152622272996762,9.0,6.170736847885196e-14
0.01,-0.56,0.1,0.4483754310594474,-0.14406194558291913,-0.04389253065478037,0.24424395595478496,-0.43892530654780365,-0.6027838061873907,-3.3306690738754696e-16,-1.0247538937538834,-0.02152903125567865,9.0,6.170736847885196e-14
0.01,-0.55,0.1,0.45227878531038224,-0.1416135937384811,-0.04389253065478037,0.24541496223006537,-0.43892530654780365,-0.568431947977605,-4.440892098500626e-16,-1.026510403166804,-0.019996964712186746,9.0,6.170736847885196e-14
0.01,-0.54,0.1,0.45595733154024676,-0.13915387114904773,-0.04389253065478037,0.24651852609902478,-0.43892530654780365,-0.5353434323208945,-3.3306690738754696e-16,-1.028165748970243,-0.018553135316964883,9.0,6.170736847885196e-14
0.01,-0.53,0.1,0.45941952657262936,-0.136683439569197,-0.04389253065478037,0.2475571846087396,-0.43892530654780365,-0.5035277138323591,-2.7755575615628914e-16,-1.029723736734815,-0.017194223766754682,9.0,6.170736847885196e-14
0.01,-0.52,0.1,0.46267387242173397,-0.13420293530640745,-0.04389253065478037,0.2485334883634709,-0.43892530654780365,-0.47298894171875594,-3.885780586188048e-16,-1.0311881923669122,-0.01591689302098119,9.0,6.170736847885196e-14
0.01,-0.51,0.1,0.46572888187445816,-0.13171296913759334,-0.04389253065478037,0.24944999119928823,-0.43892530654780365,-0.4437262479192869,-2.220446049250313e-16,-1.032562946620638,-0.014717801810786899,9.0,6.170736847885196e-14
0.01,-0.5,0.1,0.4685930460438465,-0.1292141263259612,-0.04389253065478037,0.2503092404501048,-0.43892530654780365,-0.4157340498428223,-1.6653345369377348e-16,-1.0338518204968628,-0.013593617374301939,9.0,6.170736847885196e-14
0.01,-0.49,0.1,0.4712748039806155,-0.12670696673213766,-0.04389253065478037,0.2511137678311355,-0.43892530654780365,-0.3890023645303151,-1.1102230246251565e-16,-1.0350586115684088,-0.012541027384120107,9.0,6.170736847885196e-14
0.01,-0.48,0.1,0.4737825144085899,-0.12419202501329113,-0.04389253065478037,0.2518660809595278,-0.43892530654780365,-0.3635171311611695,-1.6653345369377348e-16,-1.0361870812609975,-0.011556751041140165,9.0,6.170736847885196e-14
0.01,-0.47,0.1,0.47612442962972024,-0.12166981090380113,-0.04389253065478037,0.2525686555258668,-0.43892530654780365,-0.33926053893786995,-2.7755575615628914e-16,-1.037240943110506,-0.010637549316846545,9.0,6.170736847885196e-14
0.01,-0.45999999999999996,0.1,0.47830867162502927,-0.11914080957092371,-0.04389253065478037,0.2532239281244596,-0.43892530654780365,-0.31621135752132673,-1.6653345369377348e-16,-1.038223852008395,-0.009780234333687701,9.0,6.170736847885196e-14
0.01,-0.44999999999999996,0.1,0.4803432103595013,-0.11660548203884698,-0.04389253065478037,0.25383428974480116,-0.43892530654780365,-0.29434526734718075,-2.220446049250313e-16,-1.0391393944389073,-0.008981677880407476,9.0,6.170736847885196e-14
0.01,-0.43999999999999995,0.1,0.4822358442816982,-0.11406426567453658,-0.04389253065478037,0.25440207992146024,-0.43892530654780365,-0.2736351873276122,-2.220446049250313e-16,-1.039991079703896,-0.008238819065945188,9.0,6.170736847885196e-14
0.01,-0.42999999999999994,0.1,0.48399418299287805,-0.11151757472881892,-0.04389253065478037,0.25492958153481415,-0.43892530654780365,-0.2540515976309924,-3.3306690738754696e-16,-1.0407823321239271,-0.007548671121807113,9.0,6.170736847885196e-14
0.01,-0.42000000000000004,0.1,0.4856256320456509,-0.1089658009262516,-0.04389253065478037,0.255419016250646,-0.43892530654780365,-0.23556285542990688,-3.3306690738754696e-16,-1.041516484197675,-0.006908327368593772,9.0,6.170736847885196e-14
0.01,-0.41000000000000003,0.1,0.4871373798188399,-0.10640931409746832,-0.04389253065478037,0.2558725405826027,-0.43892530654780365,-0.21813550171373197,-3.3306690738754696e-16,-1.04219677069561,-0.006314966367617081,9.0,6.170736847885196e-14
0.01,-0.4,0.1,0.48853638640320923,-0.10384846284786545,-0.04389253065478037,0.2562922425579136,-0.43892530654780365,-0.2017345574721611,-1.1102230246251565e-16,-1.0428263236585762,-0.0057658562832520605,9.0,6.170736847885196e-14
0.01,-0.39,0.1,0.48982937442214564,-0.10128357525670861,-0.04389253065478037,0.2566801389635945,-0.43892530654780365,-0.18632380776815444,-2.220446049250313e-16,-1.0434081682670975,-0.005258358485819556,9.0,6.170736847885196e-14
0.01,-0.38,0.1,0.4910228217022025,-0.0987149596009802,-0.04389253065478037,0.25703817314761157,-0.43892530654780365,-0.1718660724301434,-1.6653345369377348e-16,-1.0439452195431231,-0.004789930428397218,9.0,6.170736847885196e-14
0.01,-0.37,0.1,0.49212295570065256,-0.09614290509855566,-0.04389253065478037,0.25736821334714655,-0.43892530654780365,-0.15832346230162883,-2.220446049250313e-16,-1.0444402798424255,-0.00435812783400559,9.0,6.170736847885196e-14
0.01,-0.36,0.1,0.49313574959078565,-0.09356768266558502,-0.04389253065478037,0.2576720515141865,-0.43892530654780365,-0.14565762018935868,-2.220446049250313e-16,-1.0448960370929856,-0.00396060623212835,9.0,6.170736847885196e-14
0.01,-0.35,0.1,0.49406691990063034,-0.09098954568326155,-0.04389253065478037,0.25795140260714,-0.43892530654780365,-0.13382994584718858,0.0,-1.0453150637324156,-0.003595121885514252,9.0,6.170736847885196e-14
0.01,-0.33999999999999997,0.1,0.4949219255969806,-0.08840873076947943,-0.04389253065478037,0.25820790431604496,-0.43892530654780365,-0.12280180451977744,-2.7755575615628914e-16,-1.0456998162957731,-0.003259532149696834,9.0,6.170736847885196e-14
0.01,-0.32999999999999996,0.1,0.495705968504035,-0.08582545855120884,-0.04389253065478037,0.2584431171881613,-0.43892530654780365,-0.1125347187469977,-1.6653345369377348e-16,-1.0460526356039477,-0.0029517953086779652,9.0,6.170736847885196e-14
0.01,-0.31999999999999995,0.1,0.4964239949445209,-0.0832399344337538,-0.04389253065478037,0.25865852512030707,-0.43892530654780365,-0.10299054329515654,-1.6653345369377348e-16,-1.0463757475021662,-0.002669969930787261,9.0,6.170736847885196e-14
0.01,-0.30999999999999994,0.1,0.4970806984907911,-0.08065234936339333,-0.04389253065478037,0.2588555361841881,-0.43892530654780365,-0.09413162323383292,-2.220446049250313e-16,-1.0466712640979878,-0.0024122137888762107,9.0,6.170736847885196e-14
0.01,-0.29999999999999993,0.1,0.49768052371399124,-0.07806288058024452,-0.04389253065478037,0.2590354837511482,-0.43892530654780365,-0.08592093531659087,-1.1102230246251565e-16,-1.046941185448428,-0.0021767823887701293,9.0,6.170736847885196e-14
0.01,-0.29000000000000004,0.1,0.4982276708208678,-0.07547169235851911,-0.04389253065478037,0.25919962788321116,-0.43892530654780365,-0.07832221294954571,-1.1102230246251565e-16,-1.0471874016465224,-0.0019620271493210883,9.0,6.170736847885196e-14
0.01,-0.28,0.1,0.49872610107006027,-0.07287893673167381,-0.04389253065478037,0.2593491569579689,-0.43892530654780365,-0.07130005514339953,-1.6653345369377348e-16,-1.047411695258659,-0.0017663932765130536,9.0,6.170736847885196e-14
0.01,-0.27,0.1,0.49917954286270017,-0.0702847542002746,-0.04389253065478037,0.2594851894957608,-0.43892530654780365,-0.06482001994206914,-2.220446049250313e-16,-1.047615744065347,-0.0015884173729019124,9.0,6.170736847885196e-14
0.01,-0.26,0.1,0.4995914984057024,-0.06768927442070488,-0.04389253065478037,0.2596087761586615,-0.43892530654780365,-0.05884870290443775,-1.6653345369377348e-16,-1.047801124059698,-0.0014267248222735313,9.0,6.170736847885196e-14
0.01,-0.25,0.1,0.49996525085022225,-0.06509261687314752,-0.04389253065478037,0.25972090189201746,-0.43892530654780365,-0.053353801285399634,-2.220446049250313e-16,-1.047969312659732,-0.0012800269877994847,9.0,6.170736847885196e-14
0.01,-0.24,0.1,0.5003038718122571,-0.06249489150755548,-0.04389253065478037,0.259822488180628,-0.43892530654780365,-0.048304164618573356,-1.1102230246251565e-16,-1.0481216920926477,-0.0011471182602007801,9.0,6.170736847885196e-14
0.01,-0.22999999999999998,0.1,0.5006102291871983,-0.05989619936659832,-0.04389253065478037,0.2599143953931103,-0.43892530654780365,-0.043669832446434624,-2.220446049250313e-16,-1.0482595529113712,-0.0010268729905363733,9.0,6.170736847885196e-14
0.01,-0.21999999999999997,0.1,0.5008869951752267,-0.057296633184828714,-0.04389253065478037,0.2599974251895188,-0.43892530654780365,-0.039422059974804406,-2.220446049250313e-16,-1.048384097605984,-0.0009182423402352285,9.0,6.170736847885196e-14
0.01,-0.20999999999999996,0.1,0.5011366544396967,-0.05469627796355429,-0.04389253065478037,0.2600723229688598,-0.43892530654780365,-0.035533332448371036,-2.220446049250313e-16,-1.0484964442749956,-0.0008202510789307726,9.0,6.170736847885196e-14
0.01,-0.19999999999999996,0.1,0.5013615123259977,-0.052095211521126436,-0.04389253065478037,0.26013978033475016,-0.43892530654780365,-0.031977369053101966,-5.551115123125783e-17,-1.048597630323831,-0.0007319943585575861,9.0,6.170736847885196e-14
0.01,-0.18999999999999995,0.1,0.5015637030737596,-0.04949350501856625,-0.04389253065478037,0.2602004375590786,-0.43892530654780365,-0.028729117150866672,-3.3306690738754696e-16,-1.048688616160324,-0.0006526344900610881,9.0,6.170736847885196e-14
0.01,-0.17999999999999994,0.1,0.5017451979606115,-0.04689122346064169,-0.04389253065478037,0.26025488602513425,-0.43892530654780365,-0.025764737642346304,-1.6653345369377348e-16,-1.048770288859407,-0.000581397746971718,9.0,6.170736847885196e-14
0.01,-0.16999999999999993,0.1,0.5019078133209594,-0.044288426172687585,-0.04389253065478037,0.26030367063323867,-0.43892530654780365,-0.023061582237285373,-5.551115123125783e-17,-1.0488434657715635,-0.0005175712180351261,9.0,6.170736847885196e-14
0.01,-0.16000000000000003,0.1,0.5020532183883596,-0.04168516725362157,-0.04389253065478037,0.26034729215345864,-0.43892530654780365,-0.020598163387365507,-2.7755575615628914e-16,-1.0489088980518937,-0.00046049972908059067,9.0,6.170736847885196e-14
0.01,-0.15000000000000002,0.1,0.5021829429150139,-0.039081496005756174,-0.04389253065478037,0.2603862095114549,-0.43892530654780365,-0.018354117607447002,-2.7755575615628914e-16,-1.0489672740888882,-0.0004095828523688061,9.0,6.170736847885196e-14
0.01,-0.14,0.1,0.5022983845266307,-0.03647745734213972,-0.04389253065478037,0.26042084199494003,-0.43892530654780365,-0.016310162876607297,-1.6653345369377348e-16,-1.0490192228141155,-0.00036427201980915314,9.0,6.170736847885196e-14
0.01,-0.13,0.1,0.5024008157753856,-0.03387309217227649,-0.04389253065478037,0.26045157136956654,-0.43892530654780365,-0.014448050772293244,-1.1102230246251565e-16,-1.0490653168760553,-0.00032406775467282156,9.0,6.170736847885196e-14
0.01,-0.12,0.1,0.5024913908579326,-0.03126843776718276,-0.04389253065478037,0.26047874389433057,-0.43892530654780365,-0.012750513949922658,-2.220446049250313e-16,-1.0491060756632016,-0.0002885170347731725,9.0,6.170736847885196e-14
0.01,-0.10999999999999999,0.1,0.5025711519693568,-0.028663528104828067,-0.04389253065478037,0.26050267222775775,-0.43892530654780365,-0.01120120953734015,-3.3306690738754696e-16,-1.0491419681633425,-0.00025721079853922857,9.0,6.170736847885196e-14
0.01,-0.09999999999999998,0.1,0.5026410352676132,-0.026058394197093,-0.04389253065478037,0.2605236372172347,-0.43892530654780365,-0.00978465896949581,-2.7755575615628914e-16,-1.0491734156475578,-0.00022978160397356395,9.0,6.170736847885196e-14
0.01,-0.08999999999999997,0.1,0.5027018764263455,-0.02345306439944592,-0.04389253065478037,0.2605418895648544,-0.43892530654780365,-0.008486184744404691,-2.220446049250313e-16,-1.0492007941689874,-0.0002059014491711253,9.0,6.170736847885196e-14
0.01,-0.07999999999999996,0.1,0.5027544157570407,-0.02084756470460287,-0.04389253065478037,0.26055765136406295,-0.43892530654780365,-0.007291844537611077,-3.3306690738754696e-16,-1.0492244368678003,-0.00018527976187326933,9.0,6.170736847885196e-14
0.01,-0.06999999999999995,0.1,0.5027993028842513,-0.018241919021487606,-0.04389253065478037,0.26057111750222617,-0.43892530654780365,-0.006188363069730549,-2.7755575615628914e-16,-1.0492446360750451,-0.00016766156444307512,9.0,6.170736847885196e-14
0.01,-0.05999999999999994,0.1,0.5028371009601036,-0.015636149440853942,-0.04389253065478037,0.2605824569249819,-0.43892530654780365,-0.005163062080828094,-2.220446049250313e-16,-1.0492616452091785,-0.00015282581967104858,9.0,6.170736847885196e-14
0.01,-0.04999999999999993,0.1,0.5028682904065448,-0.01303027648897033,-0.04389253065478037,0.26059181375891416,-0.43892530654780365,-0.004203788726991954,-3.3306690738754696e-16,-1.0492756804600771,-0.00014058396194292777,9.0,6.170736847885196e-14
0.01,-0.040000000000000036,0.1,0.5028932721757611,-0.010424319370798246,-0.04389253065478037,0.2605993082896791,-0.43892530654780365,-0.003298842679021972,-3.3306690738754696e-16,-1.0492869222562244,-0.00013077861752550102,9.0,6.170736847885196e-14
0.01,-0.030000000000000027,0.1,0.5029123705209573,-0.007818296204121979,-0.04389253065478037,0.26060503779323796,-0.43892530654780365,-0.0024369021711161854,-2.220446049250313e-16,-1.0492955165115627,-0.00012328251703599968,9.0,6.170736847885196e-14
0.01,-0.020000000000000018,0.1,0.502925835271247,-0.005212224246108725,-0.04389253065478037,0.2606090772183249,-0.43892530654780365,-0.0016069492192423967,-2.7755575615628914e-16,-1.049301575649193,-0.00011799760254727065,9.0,6.170736847885196e-14
0.01,-0.010000000000000009,0.1,0.5029338436057769,-0.0026061201137939057,-0.04389253065478037,0.2606114797186838,-0.43892530654780365,-0.0007981942048487612,-2.7755575615628914e-16,-1.0493051793997314,-0.0001148543312443212,9.0,6.170736847885196e-14
0.01,0.0,0.1,0.5029365013234562,0.0,-0.04389253065478037,0.2606122770339876,-0.43892530654780365,0.0,-3.3306690738754696e-16,-1.0493063753726872,-0.0001138111770551814,9.0,6.170736847885196e-14
0.01,0.010000000000000009,0.1,0.5029338436057769,0.0026061201137939057,-0.04389253065478037,0.2606114797186838,-0.43892530654780365,0.0007981942048487612,-2.7755575615628914e-16,-1.0493051793997314,-0.0001148543312443212,9.0,6.170736847885196e-14
0.01,0.020000000000000018,0.1,0.502925835271247,0.005212224246108725,-0.04389253065478037,0.2606090772183249,-0.43892530654780365,0.0016069492192423967,-2.7755575615628914e-16,-1.049301575649193,-0.00011799760254727065,9.0,6.170736847885196e-14
0.01,0.030000000000000027,0.1,0.5029123705209573,0.007818296204121979,-0.04389253065478037,0.26060503779323796,-0.43892530654780365,0.0024369021711161854,-2.220446049250313e-16,-1.0492955165115627,-0.00012328251703599968,9.0,6.170736847885196e-14
0.01,0.040000000000000036,0.1,0.5028932721757611,0.010424319370798246,-0.04389253065478037,0.2605993082896791,-0.43892530654780365,0.003298842679021972,-3.3306690738754696e-16,-1.0492869222562244,-0.00013077861752550102,9.0,6.170736847885196e-14
0.01,0.050000000000000044,0.1,0.5028682904065448,0.013030276488970358,-0.04389253065478037,0.2605918137589142,-0.43892530654780365,0.004203788726991994,-2.7755575615628914e-16,-1.0492756804600771,-0.00014058396194288614,9.0,6.170736847885196e-14
0.01,0.06000000000000005,0.1,0.5028371009601037,0.015636149440853973,-0.04389253065478037,0.2605824569249819,-0.43892530654780365,0.005163062080828084,-2.7755575615628914e-16,-1.0492616452091785,-0.00015282581967102082,9.0,6.170736847885196e-14
0.01,0.07000000000000006,0.1,0.5027993028842513,0.018241919021487633,-0.04389253065478037,0.26057111750222617,-0.43892530654780365,0.006188363069730589,-2.7755575615628914e-16,-1.0492446360750451,-0.00016766156444307512,9.0,6.170736847885196e-14
0.01,0.08000000000000007,0.1,0.5027544157570407,0.020847564704602903,-0.04389253065478037,0.26055765136406295,-0.43892530654780365,0.007291844537611097,-3.3306690738754696e-16,-1.0492244368678003,-0.00018527976187326933,9.0,6.170736847885196e-14
0.01,0.09000000000000008,0.1,0.5027018764263455,0.02345306439944595,-0.04389253065478037,0.2605418895648544,-0.43892530654780365,0.008486184744404723,-2.220446049250313e-16,-1.0492007941689874,-0.0002059014491711253,9.0,6.170736847885196e-14
0.01,0.10000000000000009,0.1,0.5026410352676131,0.026058394197093028,-0.04389253065478037,0.2605236372172347,-0.43892530654780365,0.00978465896949582,-2.220446049250313e-16,-1.0491734156475578,-0.0002297816039735917,9.0,6.170736847885196e-14
0.01,0.1100000000000001,0.1,0.5025711519693568,0.02866352810482809,-0.04389253065478037,0.2605026722277578,-0.43892530654780365,0.01120120953734025,-2.220446049250313e-16,-1.0491419681633425,-0.0002572107985392008,9.0,6.170736847885196e-14
0.01,0.1200000000000001,0.1,0.5024913908579327,0.031268437767182786,-0.04389253065478037,0.26047874389433057,-0.43892530654780365,0.012750513949922718,-2.7755575615628914e-16,-1.0491060756632016,-0.0002885170347731447,9.0,6.170736847885196e-14
0.01,0.13000000000000012,0.1,0.5024008157753858,0.03387309217227652,-0.04389253065478037,0.26045157136956654,-0.43892530654780365,0.014448050772293284,-1.6653345369377348e-16,-1.0490653168760555,-0.0003240677546728077,9.0,6.170736847885196e-14
0.01,0.14000000000000012,0.1,0.5022983845266307,0.036477457342139745,-0.04389253065478037,0.26042084199494003,-0.43892530654780365,0.016310162876607377,-1.6653345369377348e-16,-1.0490192228141155,-0.00036427201980915314,9.0,6.170736847885196e-14
0.01,0.15000000000000013,0.1,0.5021829429150139,0.039081496005756194,-0.04389253065478037,0.2603862095114549,-0.43892530654780365,0.01835411760744694,-2.7755575615628914e-16,-1.0489672740888882,-0.0004095828523688061,9.0,6.170736847885196e-14
0.01,0.15999999999999992,0.1,0.5020532183883596,0.04168516725362154,-0.04389253065478037,0.26034729215345864,-0.43892530654780365,0.020598163387365368,-2.7755575615628914e-16,-1.0489088980518937,-0.00046049972908059067,9.0,6.170736847885196e-14
0.01,0.16999999999999993,0.1,0.5019078133209594,0.044288426172687585,-0.04389253065478037,0.26030367063323867,-0.43892530654780365,0.023061582237285373,-5.551115123125783e-17,-1.0488434657715635,-0.0005175712180351261,9.0,6.170736847885196e-14
0.01,0.17999999999999994,0.1,0.5017451979606115,0.04689122346064169,-0.04389253065478037,0.26025488602513425,-0.43892530654780365,0.025764737642346304,-1.6653345369377348e-16,-1.048770288859407,-0.000581397746971718,9.0,6.170736847885196e-14
0.01,0.18999999999999995,0.1,0.5015637030737596,0.04949350501856625,-0.04389253065478037,0.2602004375590786,-0.43892530654780365,0.028729117150866672,-3.3306690738754696e-16,-1.048688616160324,-0.0006526344900610881,9.0,6.170736847885196e-14
0.01,0.19999999999999996,0.1,0.5013615123259977,0.052095211521126436,-0.04389253065478037,0.26013978033475016,-0.43892530654780365,0.031977369053101966,-5.551115123125783e-17,-1.048597630323831,-0.0007319943585575861,9.0,6.170736847885196e-14
0.01,0.20999999999999996,0.1,0.5011366544396967,0.05469627796355429,-0.04389253065478037,0.2600723229688598,-0.43892530654780365,0.035533332448371036,-2.220446049250313e-16,-1.0484964442749956,-0.0008202510789307726,9.0,6.170736847885196e-14
0.01,0.21999999999999997,0.1,0.5008869951752267,0.057296633184828714,-0.04389253065478037,0.2599974251895188,-0.43892530654780365,0.039422059974804406,-2.220446049250313e-16,-1.048384097605984,-0.0009182423402352285,9.0,6.170736847885196e-14
0.01,0.22999999999999998,0.1,0.5006102291871983,0.05989619936659832,-0.04389253065478037,0.2599143953931103,-0.43892530654780365,0.043669832446434624,-2.220446049250313e-16,-1.0482595529113712,-0.0010268729905363733,9.0,6.170736847885196e-14
0.01,0.24,0.1,0.5003038718122571,0.06249489150755548,-0.04389253065478037,0.259822488180628,-0.43892530654780365,0.048304164618573356,-1.1102230246251565e-16,-1.0481216920926477,-0.0011471182602007801,9.0,6.170736847885196e-14
0.01,0.25,0.1,0.49996525085022225,0.06509261687314752,-0.04389253065478037,0.25972090189201746,-0.43892530654780365,0.053353801285399634,-2.220446049250313e-16,-1.047969312659732,-0.0012800269877994847,9.0,6.170736847885196e-14
0.01,0.26,0.1,0.4995914984057024,0.06768927442070488,-0.04389253065478037,0.2596087761586615,-0.43892530654780365,0.05884870290443775,-1.6653345369377348e-16,-1.047801124059698,-0.0014267248222735313,9.0,6.170736847885196e-14
0.01,0.27,0.1,0.49917954286270017,0.0702847542002746,-0.04389253065478037,0.2594851894957608,-0.43892530654780365,0.06482001994206914,-2.220446049250313e-16,-1.047615744065347,-0.0015884173729019124,9.0,6.170736847885196e-14
0.01,0.28,0.1,0.49872610107006027,0.07287893673167381,-0.04389253065478037,0.2593491569579689,-0.43892530654780365,0.07130005514339953,-1.6653345369377348e-16,-1.047411695258659,-0.0017663932765130536,9.0,6.170736847885196e-14
0.01,0.29000000000000004,0.1,0.4982276708208678,0.07547169235851911,-0.04389253065478037,0.25919962788321116,-0.43892530654780365,0.07832221294954571,-1.1102230246251565e-16,-1.0471874016465224,-0.0019620271493210883,9.0,6.170736847885196e-14
0.01,0.30000000000000004,0.1,0.49768052371399124,0.07806288058024455,-0.04389253065478037,0.2590354837511482,-0.43892530654780365,0.08592093531659098,-1.1102230246251565e-16,-1.046941185448428,-0.0021767823887701293,9.0,6.170736847885196e-14
0.01,0.31000000000000005,0.1,0.4970806984907909,0.08065234936339337,-0.04389253065478037,0.2588555361841881,-0.43892530654780365,0.09413162323383308,-1.1102230246251565e-16,-1.0466712640979878,-0.0024122137888762524,9.0,6.170736847885196e-14
0.01,0.32000000000000006,0.1,0.49642399494452066,0.08323993443375384,-0.04389253065478037,0.25865852512030707,-0.43892530654780365,0.10299054329515671,-5.551115123125783e-17,-1.0463757475021662,-0.0026699699307873026,9.0,6.170736847885196e-14
0.01,0.33000000000000007,0.1,0.495705968504035,0.08582545855120888,-0.04389253065478037,0.2584431171881613,-0.43892530654780365,0.11253471874699793,-1.6653345369377348e-16,-1.0460526356039477,-0.0029517953086779652,9.0,6.170736847885196e-14
0.01,0.3400000000000001,0.1,0.4949219255969805,0.08840873076947946,-0.04389253065478037,0.2582079043160449,-0.43892530654780365,0.12280180451977767,-2.7755575615628914e-16,-1.0456998162957731,-0.0032595321496968893,9.0,6.170736847885196e-14
0.01,0.3500000000000001,0.1,0.49406691990063034,0.09098954568326156,-0.04389253065478037,0.25795140260713995,-0.43892530654780365,0.13382994584718866,-1.1102230246251565e-16,-1.0453150637324156,-0.0035951218855142797,9.0,6.170736847885196e-14
0.01,0.3600000000000001,0.1,0.4931357495907857,0.09356768266558503,-0.04389253065478037,0.2576720515141865,-0.43892530654780365,0.1456576201893589,-2.220446049250313e-16,-1.0448960370929856,-0.003960606232128336,9.0,6.170736847885196e-14
0.01,0.3700000000000001,0.1,0.49212295570065234,0.09614290509855568,-0.04389253065478037,0.25736821334714655,-0.43892530654780365,0.15832346230162894,-1.1102230246251565e-16,-1.0444402798424255,-0.004358127834005632,9.0,6.170736847885196e-14
0.01,0.3800000000000001,0.1,0.4910228217022025,0.09871495960098021,-0.04389253065478037,0.25703817314761157,-0.43892530654780365,0.17186607243014362,-1.6653345369377348e-16,-1.0439452195431231,-0.004789930428397218,9.0,6.170736847885196e-14
0.01,0.3900000000000001,0.1,0.4898293744221454,0.10128357525670864,-0.04389253065478037,0.25668013896359443,-0.43892530654780365,0.18632380776815455,-1.6653345369377348e-16,-1.0434081682670973,-0.005258358485819639,9.0,6.170736847885196e-14
0.01,0.40000000000000013,0.1,0.4885363864032091,0.10384846284786547,-0.04389253065478037,0.2562922425579136,-0.43892530654780365,0.2017345574721612,-5.551115123125783e-17,-1.042826323658576,-0.005765856283252088,9.0,6.170736847885196e-14
0.01,0.4099999999999999,0.1,0.48713737981884003,0.10640931409746826,-0.04389253065478037,0.2558725405826028,-0.43892530654780365,0.21813550171373147,-2.220446049250313e-16,-1.04219677069561,-0.0063149663676170115,9.0,6.170736847885196e-14
0.01,0.41999999999999993,0.1,0.48562563204565085,0.10896580092625158,-0.04389253065478037,0.255419016250646,-0.43892530654780365,0.23556285542990651,-2.7755575615628914e-16,-1.0415164841976747,-0.006908327368593786,9.0,6.170736847885196e-14
0.01,0.42999999999999994,0.1,0.48399418299287805,0.11151757472881892,-0.04389253065478037,0.25492958153481415,-0.43892530654780365,0.2540515976309924,-3.3306690738754696e-16,-1.0407823321239271,-0.007548671121807113,9.0,6.170736847885196e-14
0.01,0.43999999999999995,0.1,0.4822358442816982,0.11406426567453658,-0.04389253065478037,0.25440207992146024,-0.43892530654780365,0.2736351873276122,-2.220446049250313e-16,-1.039991079703896,-0.008238819065945188,9.0,6.170736847885196e-14
0.01,0.44999999999999996,0.1,0.4803432103595013,0.11660548203884698,-0.04389253065478037,0.25383428974480116,-0.43892530654780365,0.29434526734718075,-2.220446049250313e-16,-1.0391393944389073,-0.008981677880407476,9.0,6.170736847885196e-14
0.01,0.45999999999999996,0.1,0.47830867162502927,0.11914080957092371,-0.04389253065478037,0.2532239281244596,-0.43892530654780365,0.31621135752132673,-1.6653345369377348e-16,-1.038223852008395,-0.009780234333687701,9.0,6.170736847885196e-14
0.01,0.47,0.1,0.47612442962972024,0.12166981090380113,-0.04389253065478037,0.2525686555258668,-0.43892530654780365,0.33926053893786995,-2.7755575615628914e-16,-1.037240943110506,-0.010637549316846545,9.0,6.170736847885196e-14
0.01,0.48,0.1,0.4737825144085899,0.12419202501329113,-0.04389253065478037,0.2518660809595278,-0.43892530654780365,0.3635171311611695,-1.6653345369377348e-16,-1.0361870812609975,-0.011556751041140165,9.0,6.170736847885196e-14
0.01,0.49,0.1,0.4712748039806155,0.12670696673213766,-0.04389253065478037,0.2511137678311355,-0.43892530654780365,0.3890023645303151,-1.1102230246251565e-16,-1.0350586115684088,-0.012541027384120107,9.0,6.170736847885196e-14
0.01,0.5,0.1,0.4685930460438465,0.1292141263259612,-0.04389253065478037,0.2503092404501048,-0.43892530654780365,0.4157340498428223,-1.6653345369377348e-16,-1.0338518204968628,-0.013593617374301939,9.0,6.170736847885196e-14
0.01,0.51,0.1,0.46572888187445816,0.13171296913759334,-0.04389253065478037,0.24944999119928823,-0.43892530654780365,0.4437262479192869,-2.220446049250313e-16,-1.032562946620638,-0.014717801810786899,9.0,6.170736847885196e-14
0.01,0.52,0.1,0.46267387242173397,0.13420293530640745,-0.04389253065478037,0.2485334883634709,-0.43892530654780365,0.47298894171875594,-3.885780586188048e-16,-1.0311881923669122,-0.01591689302098119,9.0,6.170736847885196e-14
0.01,0.53,0.1,0.45941952657262936,0.136683439569197,-0.04389253065478037,0.2475571846087396,-0.43892530654780365,0.5035277138323591,-2.7755575615628914e-16,-1.029723736734815,-0.017194223766754682,9.0,6.170736847885196e-14
0.01,0.54,0.1,0.45595733154024676,0.13915387114904773,-0.04389253065478037,0.24651852609902478,-0.43892530654780365,0.5353434323208945,-3.3306690738754696e-16,-1.028165748970243,-0.018553135316964883,9.0,6.170736847885196e-14
0.01,0.55,0.1,0.45227878531038224,0.1416135937384811,-0.04389253065478037,0.24541496223006537,-0.43892530654780365,0.568431947977605,-4.440892098500626e-16,-1.026510403166804,-0.019996964712186746,9.0,6.170736847885196e-14
0.01,0.56,0.1,0.4483754310594474,0.14406194558291913,-0.04389253065478037,0.24424395595478496,-0.43892530654780365,0.6027838061873907,-3.3306690738754696e-16,-1.0247538937538834,-0.02152903125567865,9.0,6.170736847885196e-14
0.01,0.5700000000000001,0.1,0.44423889343570694,0.1464982396702274,-0.04389253065478037,0.24300299466766284,-0.43892530654780365,0.6383839766154378,-2.7755575615628914e-16,-1.0228924518232,-0.023152622272996762,9.0,6.170736847885196e-14
0.01,0.5800000000000001,0.1,0.43986091657409665,0.14892176403173735,-0.04389253065478037,0.24168960160917974,-0.43892530654780365,0.6752116039891625,-2.7755575615628914e-16,-1.0209223622354755,-0.02487097819117881,9.0,6.170736847885196e-14
0.01,0.5900000000000001,0.1,0.4352334036931171,0.1513317821597268,-0.04389253065478037,0.24030134774488587,-0.43892530654780365,0.7132397832351807,-2.7755575615628914e-16,-1.0188399814390345,-0.026687276996963286,9.0,6.170736847885196e-14
0.01,0.6000000000000001,0.1,0.43034845810065747,0.15372753354585056,-0.04389253065478037,0.23883586406714796,-0.43892530654780365,0.7524353621957441,-3.3306690738754696e-16,-1.0166417559224277,-0.0286046181420037,9.0,6.170736847885196e-14
0.01,0.6100000000000001,0.1,0.4251984254143327,0.1561082343444613,-0.04389253065478037,0.23729085426125054,-0.43892530654780365,0.7927587750751085,-3.3306690738754696e-16,-1.0143242412135818,-0.030626005971386164,9.0,6.170736847885196e-14
0.01,0.6200000000000001,0.1,0.4197759367812679,0.1584730781641471,-0.04389253065478037,0.2356641076713311,-0.43892530654780365,0.83416390965438,-2.7755575615628914e-16,-1.0118841213287024,-0.0327543327598641,9.0,6.170736847885196e-14
0.01,0.6300000000000001,0.1,0.414073952862483,0.16082123699013617,-0.04389253065478037,0.23395351249569563,-0.43892530654780365,0.8765980111627677,-3.608224830031759e-16,-1.0093182285652493,-0.034992361447987175,9.0,6.170736847885196e-14
0.01,0.6400000000000001,0.1,0.40808580832839453,0.16315186223948733,-0.04389253065478037,0.2321570691354691,-0.43892530654780365,0.9200016255034809,-3.0531133177191805e-16,-1.0066235635249094,-0.03734270817761688,9.0,6.170736847885196e-14
0.01,0.6500000000000001,0.1,0.40180525659469823,0.16546408595019677,-0.04389253065478037,0.2302729036153602,-0.43892530654780365,0.9643085843040377,-3.608224830031759e-16,-1.0037973152447461,-0.03980782473309269,9.0,6.170736847885196e-14
0.01,0.6600000000000001,0.1,0.3952265145123008,0.16775702210451726,-0.04389253065478037,0.22829928099064095,-0.43892530654780365,1.009446033994121,-4.163336342344337e-16,-1.0008368813076673,-0.0423899810004337,9.0,6.170736847885196e-14
0.01,0.6699999999999999,0.1,0.38834430671127346,0.17002976808590484,-0.04389253065478037,0.22623461865033276,-0.43892530654780365,1.055334510810675,-3.885780586188048e-16,-0.997739887797205,-0.04509124756233693,9.0,6.170736847885196e-14
0.01,0.6799999999999999,0.1,0.38115390928724363,0.1722814062680899,-0.04389253065478037,0.22407749942312383,-0.43892530654780365,1.1018880632915142,-3.3306690738754696e-16,-0.9945042089563916,-0.04791347855126862,9.0,6.170736847885196e-14
0.01,0.69,0.1,0.3736511925094544,0.17451100573382122,-0.04389253065478037,0.22182668438978703,-0.43892530654780365,1.14901442344759,-3.885780586188048e-16,-0.9911279864063864,-0.0508582948865509,9.0,6.170736847885196e-14
0.01,0.7,0.1,0.36583266222310257,0.17671762411985792,-0.04389253065478037,0.2194811253038815,-0.43892530654780365,1.1966152274033997,-3.885780586188048e-16,-0.987609647777528,-0.05392706802394398,9.0,6.170736847885196e-14
0.01,0.71,0.1,0.357695499614718,0.17890030958379644,-0.04389253065478037,0.21703997652136614,-0.43892530654780365,1.24458628586799,-3.885780586188048e-16,-0.9839479246037551,-0.05712090434773494,9.0,6.170736847885196e-14
0.01,0.72,0.1,0.3492375990084141,0.18105810288732244,-0.04389253065478037,0.21450260633947496,-0.43892530654780365,1.292817904349848,-3.3306690738754696e-16,-0.9801418693309183,-0.060440630335709206,9.0,6.170736847885196e-14
0.01,0.73,0.1,0.3404576033629644,0.18319003958948485,-0.04389253065478037,0.21186860764584006,-0.43892530654780365,1.3411952525619608,-3.0531133177191805e-16,-0.9761908712904659,-0.06388677862654822,9.0,6.170736847885196e-14
0.01,0.74,0.1,0.33135493714494807,0.18529515234260574,-0.04389253065478037,0.20913780778043517,-0.43892530654780365,1.3895987819833788,-3.0531133177191805e-16,-0.9720946714923586,-0.06745957511711963,9.0,6.170736847885196e-14
0.01,0.75,0.1,0.32192983626172095,0.18737247328247664,-0.04389253065478037,0.20631027751546704,-0.43892530654780365,1.437904690055976,-3.0531133177191805e-16,-0.9678533760949064,-0.07115892721378625,9.0,6.170736847885196e-14
0.01,0.76,0.1,0.31218337474973973,0.18942103650356173,-0.04389253065478037,0.20338633906187265,-0.43892530654780365,1.4859854290052654,-3.608224830031759e-16,-0.9634674684145148,-0.0749844133572389,9.0,6.170736847885196e-14
0.01,0.77,0.1,0.3021174879288042,0.19143988060903463,-0.04389253065478037,0.200366573015592,-0.43892530654780365,1.53371025678792,-3.885780586188048e-16,-0.9589378193450939,-0.0789352739344561,9.0,6.170736847885196e-14
0.01,0.78,0.1,0.2917349917510273,0.19342805132463556,-0.04389253065478037,0.19725182416225892,-0.43892530654780365,1.5809458271919608,-3.885780586188048e-16,-0.9542656960650941,-0.08301040368423354,9.0,6.170736847885196e-14
0.01,0.79,0.1,0.2810395980947089,0.19538460416455217,-0.04389253065478037,0.1940432060653634,-0.43892530654780365,1.6275568156544715,-3.608224830031759e-16,-0.949452768919751,-0.08720834569433851,9.0,6.170736847885196e-14
0.01,0.8,0.1,0.27003592577768165,0.1973086071368145,-0.04389253065478037,0.1907421043702553,-0.43892530654780365,1.6734065769221431,-2.220446049250313e-16,-0.9445011163770887,-0.09152728707877164,9.0,6.170736847885196e-14
0.01,0.81,0.1,0.25872950709190673,0.1991991434750575,-0.04389253065478037,0.18735017876452276,-0.43892530654780365,1.7183578302679217,-3.3306690738754696e-16,-0.93941322796849,-0.09596505641293836,9.0,6.170736847885196e-14
0.01,0.8200000000000001,0.1,0.24712678969096763,0.20105531438295488,-0.04389253065478037,0.18386936354424105,-0.43892530654780365,1.7622733675982396,-2.7755575615628914e-16,-0.9341920051380674,-0.10051912299280694,9.0,6.170736847885196e-14
0.01,0.8300000000000001,0.1,0.23523513369436433,0.2028762417771708,-0.04389253065478037,0.18030186674526005,-0.43892530654780365,1.8050167794452046,-3.0531133177191805e-16,-0.9288407599395958,-0.10518659797147374,9.0,6.170736847885196e-14
0.01,0.8400000000000001,0.1,0.22306280390689542,0.20466107101431763,-0.04389253065478037,0.17665016780901943,-0.43892530654780365,1.846453193541896,-2.220446049250313e-16,-0.9233632115352349,-0.10996423741305525,9.0,6.170736847885196e-14
0.01,0.8500000000000001,0.1,0.21061895708761869,0.20640897358715815,-0.04389253065478037,0.17291701376323637,-0.43892530654780365,1.8864500204311456,-2.498001805406602e-16,-0.9177634804665603,-0.1148484472896214,9.0,6.170736847885196e-14
0.01,0.8600000000000001,0.1,0.19791362424055306,0.20811914977514945,-0.04389253065478037,0.1691054139091167,-0.43892530654780365,1.924877700363096,-2.3592239273284576e-16,-0.9120460806853808,-0.11983529043209463,9.0,6.170736847885196e-14
0.01,0.8700000000000001,0.1,0.18495768793808395,0.20979083123440007,-0.04389253065478037,0.16521863301837597,-0.43892530654780365,1.961610445597937,-2.498001805406602e-16,-0.9062159093492697,-0.12492049543081377,9.0,6.170736847885196e-14
0.01,0.8800000000000001,0.1,0.1717628547275515,0.21142328351220507,-0.04389253065478037,0.16126018305521622,-0.43892530654780365,1.9965269721504515,-2.914335439641036e-16,-0.9002782344045301,-0.13009946746594775,9.0,6.170736847885196e-14
0.01,0.8900000000000001,0.1,0.15834162271136024,0.21301580847153279,-0.04389253065478037,0.15723381345035886,-0.43892530654780365,2.029511214994502,-2.3592239273284576e-16,-0.894238679997244,-0.13536730103230282,9.0,6.170736847885196e-14
0.01,0.9000000000000001,0.1,0.14470724443070745,0.21456774661117078,-0.04389253065478037,0.15314349996616305,-0.43892530654780365,2.0604530207898164,-1.8041124150158794e-16,-0.8881032097709503,-0.14071879450745903,9.0,6.170736847885196e-14
0.01,0.9100000000000001,0.1,0.13087368522229434,0.21607847926768436,-0.04389253065478037,0.14899343220363911,-0.43892530654780365,2.089248812300953,-2.220446049250313e-16,-0.8818781081271644,-0.1461484664967612,9.0,6.170736847885196e-14
0.01,0.9199999999999999,0.1,0.11685557725571832,0.21754743068591043,-0.04389253065478037,0.1447879998136663,-0.43892530654780365,2.1158022188489767,-2.0816681711721685e-16,-0.8755699595422052,-0.15165057387364228,9.0,6.170736847885196e-14
0.01,0.9299999999999999,0.1,0.10266816949622373,0.21897406994538543,-0.04389253065478037,0.14053177748581794,-0.43892530654780365,2.1400246673690977,-1.5959455978986625e-16,-0.8691856260504326,-0.15721913141924387,9.0,6.170736847885196e-14
0.01,0.94,0.1,0.08832727387273955,0.22035791273089533,-0.04389253065478037,0.13622950879877269,-0.43892530654780365,2.161835928940444,-2.0816681711721685e-16,-0.8627322230198647,-0.16284793295146144,9.0,6.170736847885196e-14
0.01,0.95,0.1,0.0738492079642012,0.22169852293622488,-0.04389253065478037,0.1318860890262112,-0.43892530654780365,2.1811646160045854,-1.5265566588595902e-16,-0.8562170933610224,-0.16853057382056272,9.0,6.170736847885196e-14
0.01,0.96,0.1,0.05925073454773967,0.22299551409116958,-0.04389253065478037,0.12750654700127276,-0.43892530654780365,2.1979486258938743,-8.326672684688674e-17,-0.8496477803236147,-0.17426047463652383,9.0,6.170736847885196e-14
0.01,0.97,0.1,0.0445489983800193,0.22424855060294502,-0.04389253065478037,0.12309602615095665,-0.43892530654780365,2.212135526745002,-1.1102230246251565e-16,-0.8430319990481405,-0.1800309060823541,9.0,6.170736847885196e-14
0.01,0.98,0.1,0.02976146060752733,0.225457348804283,-0.04389253065478037,0.11865976481920906,-0.43892530654780365,2.2236828823723105,-6.938893903907228e-17,-0.8363776070505191,-0.18583501465805718,9.0,6.170736847885196e-14
0.01,0.99,0.1,0.014905831222684738,0.22662167780171982,-0.04389253065478037,0.11420307600375629,-0.43892530654780365,2.2325585132139762,-9.367506770274758e-17,-0.8296925738273401,-0.1916658491916079,9.0,6.170736847885196e-14
0.01,1.0,0.1,0.0,0.22774136011886298,-0.04389253065478037,0.10973132663695088,-0.43892530654780365,2.238740691035951,-5.551115123125783e-17,-0.8229849497771319,-0.19751638794651163,9.0,6.170736847885196e-14
0.03,-1.0,0.1,0.0,-0.21157485393162928,-0.045509181273503736,0.11377295318375931,-0.45509181273503735,-1.3669697557407587,-5.551115123125783e-17,-0.8532971488781951,-0.20479131573076684,8.0,3.732668252115185e-32
0.03,-0.99,0.1,0.009102722742757032,-0.21042346496709935,-0.045509181273503736,0.11650377000658642,-0.45509181273503735,-1.363760633012993,-5.637851296924623e-17,-0.8573933741124357,-0.2012184970542347,8.0,3.732668252115185e-32
0.03,-0.98,0.1,0.018182324488201434,-0.2092448016528915,-0.045509181273503736,0.11922765053021973,-0.45509181273503735,-1.3600337540024654,-6.765421556309548e-17,-0.8614791948978857,-0.19765475336914776,8.0,3.732668252115185e-32
0.03,-0.97,0.1,0.02723536021257109,-0.20803893852305963,-0.045509181273503736,0.12194356124753063,-0.45509181273503735,-1.3557912343733367,-7.28583859910259e-17,-0.865553060973852,-0.19410143684733266,8.0,3.732668252115185e-32
0.03,-0.96,0.1,0.03625840119641296,-0.20680596042337102,-0.045509181273503736,0.12465047354268319,-0.45509181273503735,-1.3510358490036618,-1.0061396160665481e-16,-0.8696134294165808,-0.19055989326117476,8.0,3.732668252115185e-32
0.03,-0.95,0.1,0.04524803940264016,-0.20554596245581777,-0.045509181273503736,0.12734736500455135,-0.45509181273503735,-1.3457710267215202,-7.28583859910259e-17,-0.8736587666093831,-0.18703146026523054,8.0,3.732668252115185e-32
0.03,-0.94,0.1,0.0542008918144531,-0.20425904991005156,-0.045509181273503736,0.13003322072809523,-0.45509181273503735,-1.3400008435312172,-4.85722573273506e-17,-0.8776875501946989,-0.18351746569359398,8.0,3.732668252115185e-32
0.03,-0.9299999999999999,0.1,0.0631136047231214,-0.20294533818187716,-0.045509181273503736,0.13270703460069572,-0.45509181273503735,-1.3337300143485349,-7.632783294297951e-17,-0.8816982710035997,-0.1800192258769417,8.0,3.732668252115185e-32
0.03,-0.92,0.1,0.07198285795575948,-0.20160495267897044,-0.045509181273503736,0.13536781057048713,-0.45509181273503735,-1.326963883268331,-9.020562075079397e-17,-0.8856894349582868,-0.17653804398313122,8.0,3.732668252115185e-32
0.03,-0.91,0.1,0.08080536903340499,-0.2002380287140152,-0.045509181273503736,0.1380145638937808,-0.45509181273503735,-1.3197084123920817,-5.551115123125783e-17,-0.8896595649432273,-0.17307520838515536,8.0,3.732668252115185e-32
0.03,-0.9,0.1,0.08957789724989877,-0.19884471138548182,-0.045509181273503736,0.1406463223587289,-0.45509181273503735,-1.3119701692470787,-1.1102230246251565e-16,-0.8936072026406494,-0.16963199106018156,8.0,3.732668252115185e-32
0.03,-0.89,0.1,0.09829724766229858,-0.19742515544630035,-0.045509181273503736,0.14326212748244885,-0.45509181273503735,-1.3037563128330714,-9.71445146547012e-17,-0.8975309103262294,-0.16620964602331462,8.0,3.732668252115185e-32
0.03,-0.88,0.1,0.10696027498380278,-0.19597952516070563,-0.045509181273503736,0.1458610356789001,-0.45509181273503735,-1.295074578336026,-1.1102230246251565e-16,-0.9014292726209063,-0.16280940779962425,8.0,3.732668252115185e-32
0.03,-0.87,0.1,0.11556388737044332,-0.1945079941495615,-0.045509181273503736,0.14844211939489227,-0.45509181273503735,-1.2859332605524492,-1.249000902703301e-16,-0.9053008981948945,-0.15943248993786782,8.0,3.732668252115185e-32
0.03,-0.86,0.1,0.12410505009310616,-0.1930107452244944,-0.045509181273503736,0.1510044682116911,-0.45509181273503735,-1.2763411960713165,-1.3877787807814457e-16,-0.9091444214200928,-0.15608008356922268,8.0,3.732668252115185e-32
0.03,-0.85,0.1,0.1325807890867612,-0.19148797021119332,-0.045509181273503736,0.15354718990978766,-0.45509181273503735,-1.2663077442640855,-6.938893903907228e-17,-0.9129585039672375,-0.15275335601421305,8.0,3.732668252115185e-32
0.03,-0.84,0.1,0.14098819436913576,-0.18993986976225596,-0.045509181273503736,0.1560694114945,-0.45509181273503735,-1.255842767136499,-1.5265566588595902e-16,-0.9167418363443062,-0.14945344944088107,8.0,3.732668252115185e-32
0.03,-0.83,0.1,0.14932442332142815,-0.18836665315998397,-0.045509181273503736,0.1585702801801877,-0.45509181273503735,-1.2449566080989503,-1.5265566588595902e-16,-0.9204931393728377,-0.1461814795771063,8.0,3.732668252115185e-32
0.03,-0.8200000000000001,0.1,0.1575867038240519,-0.18676853810955196,-0.045509181273503736,0.16104896433097482,-0.45509181273503735,-1.2336600697149969,-1.8041124150158794e-16,-0.9242111655990184,-0.1429385344798265,8.0,3.732668252115185e-32
0.03,-0.81,0.1,0.16577233724080156,-0.1851457505229947,-0.045509181273503736,0.16350465435599973,-0.45509181273503735,-1.2219643904902646,-1.249000902703301e-16,-0.9278947006365557,-0.13972567336375222,8.0,3.732668252115185e-32
0.03,-0.8,0.1,0.1738787012452579,-0.18349852429447733,-0.045509181273503736,0.16593656355733663,-0.45509181273503735,-1.2098812207663487,-1.8041124150158794e-16,-0.9315425644385611,-0.13654392549200314,8.0,3.732668252115185e-32
0.03,-0.79,0.1,0.18190325248368852,-0.18182710106733022,-0.045509181273503736,0.16834392892886582,-0.45509181273503735,-1.197422597786513,-1.6653345369377348e-16,-0.9351536124958549,-0.1333942891309191,8.0,3.732668252115185e-32
0.03,-0.78,0.1,0.189843529069149,-0.18013172999334662,-0.045509181273503736,0.17072601190450395,-0.45509181273503735,-1.1846009200019008,-1.942890293094024e-16,-0.9387267369593121,-0.13027773057112588,8.0,3.732668252115185e-32
0.03,-0.77,0.1,0.19769715290195486,-0.17841266748485785,-0.045509181273503736,0.1730820990543457,-0.45509181273503735,-1.1714289206886765,-1.3877787807814457e-16,-0.9422608676840747,-0.12719518321674955,8.0,3.732668252115185e-32
0.03,-0.76,0.1,0.2054618318121713,-0.1766701769601127,-0.045509181273503736,0.17541150272741063,-0.45509181273503735,-1.1579196409479329,-1.6653345369377348e-16,-0.9457549731936722,-0.12414754674448963,8.0,3.732668252115185e-32
0.03,-0.75,0.1,0.21313536152024679,-0.17490452858250138,-0.045509181273503736,0.17771356163983326,-0.45509181273503735,-1.1440864021614165,-2.498001805406602e-16,-0.9492080615623061,-0.12113568633407001,8.0,3.732668252115185e-32
0.03,-0.74,0.1,0.22071562741241021,-0.17311599899417449,-0.045509181273503736,0.17998764140748227,-0.45509181273503735,-1.1299427779770468,-2.220446049250313e-16,-0.9526191812137796,-0.11816043197139586,8.0,3.732668252115185e-32
0.03,-0.73,0.1,0.22820060612794324,-0.17130487104461745,-0.045509181273503736,0.18223313502214222,-0.45509181273503735,-1.1155025658989028,-1.6653345369377348e-16,-0.9559874216357696,-0.11522257782554912,8.0,3.732668252115185e-32
0.03,-0.72,0.1,0.23558836695594443,-0.1694714335147484,-0.045509181273503736,0.18444946327054257,-0.45509181273503735,-1.1007797585567836,-1.942890293094024e-16,-0.95931191400837,-0.11232288170055867,8.0,3.732668252115185e-32
0.03,-0.71,0.1,0.24287707303969752,-0.1676159808371138,-0.045509181273503736,0.1866360750956685,-0.45509181273503735,-1.0857885147306376,-1.3877787807814457e-16,-0.9625918317460589,-0.10946206456268555,8.0,3.732668252115185e-32
0.03,-0.7,0.1,0.2500649823872606,-0.16573881281276134,-0.045509181273503736,0.18879244789993743,-0.45509181273503735,-1.0705431302051092,-1.6653345369377348e-16,-0.9658263909524624,-0.10664081014376706,8.0,3.732668252115185e-32
0.03,-0.69,0.1,0.25715044868739456,-0.16384023432537329,-0.045509181273503736,0.1909180877899776,-0.45509181273503735,-1.0550580085291288,-2.498001805406602e-16,-0.9690148507875226,-0.1038597646209645,8.0,3.732668252115185e-32
0.03,-0.6799999999999999,0.1,0.26413192193044693,-0.16192055505324388,-0.045509181273503736,0.19301252976289332,-0.45509181273503735,-1.0393476317549577,-1.6653345369377348e-16,-0.9721565137468962,-0.10111953637306642,8.0,3.732668252115185e-32
0.03,-0.6699999999999999,0.1,0.27100794883429746,-0.15998008917968734,-0.045509181273503736,0.19507533783404846,-0.45509181273503735,-1.0234265312303095,-1.942890293094024e-16,-0.9752507258536288,-0.09842069581330513,8.0,3.732668252115185e-32
0.03,-0.6599999999999999,0.1,0.27777717307596367,-0.15801915510245912,-0.045509181273503736,0.1971061051065483,-0.45509181273503735,-1.0073092585161842,-3.0531133177191805e-16,-0.9782968767623788,-0.09576377529845113,8.0,3.732668252115185e-32
0.03,-0.6499999999999999,0.1,0.2844383353299445,-0.15603807514277296,-0.045509181273503736,0.1991044537827426,-0.45509181273503735,-0.9910103565018313,-1.942890293094024e-16,-0.9812943997766701,-0.09314926911376362,8.0,3.732668252115185e-32
0.03,-0.64,0.1,0.2909902731148474,-0.1540371752544908,-0.045509181273503736,0.20107003511821342,-0.45509181273503735,-0.974544330786842,-2.498001805406602e-16,-0.9842427717798763,-0.09057763353318929,8.0,3.732668252115185e-32
0.03,-0.63,0.1,0.29743192045031086,-0.15201678473405789,-0.045509181273503736,0.20300252931885246,-0.45509181273503735,-0.9579256213987305,-2.498001805406602e-16,-0.9871415130808349,-0.08804928695401985,8.0,3.732668252115185e-32
0.03,-0.62,0.1,0.30376230732668136,-0.14997723593174878,-0.045509181273503736,0.20490164538176364,-0.45509181273503735,-0.9411685749125718,-1.6653345369377348e-16,-0.9899901871752016,-0.08556461010504443,8.0,3.732668252115185e-32
0.03,-0.61,0.1,0.3099805589903412,-0.14791886396478138,-0.045509181273503736,0.20676712088086158,-0.45509181273503735,-0.9242874170372507,-2.498001805406602e-16,-0.9927884004238485,-0.08312394632705794,8.0,3.732668252115185e-32
0.03,-0.6,0.1,0.31608589504800677,-0.1458420064328478,-0.045509181273503736,0.20859872169816124,-0.45509181273503735,-0.9072962257307273,-2.7755575615628914e-16,-0.9955358016497982,-0.08072760192442421,8.0,3.732668252115185e-32
0.03,-0.59,0.1,0.32207762839372744,-0.1437470031365988,-0.045509181273503736,0.21039624170187748,-0.45509181273503735,-0.8902089049043932,-1.3877787807814457e-16,-0.9982320816553724,-0.07837584658622883,8.0,3.732668252115185e-32
0.03,-0.5800000000000001,0.1,0.32795516396270336,-0.1416341957996085,-0.045509181273503736,0.21215950237257025,-0.45509181273503735,-0.8730391587741403,-1.3877787807814457e-16,-1.0008769726614115,-0.07606891387540579,8.0,3.732668252115185e-32
0.03,-0.5700000000000001,0.1,0.3337179973164204,-0.13950392779433157,-0.045509181273503736,0.2138883523786853,-0.45509181273503735,-0.8558004669131618,-2.7755575615628914e-16,-1.0034702476705841,-0.0738070017840719,8.0,3.732668252115185e-32
0.03,-0.56,0.1,0.33936571306395485,-0.13735654387255194,-0.045509181273503736,0.21558266710294566,-0.45509181273503735,-0.8385060600587894,-3.0531133177191805e-16,-1.0060117197569747,-0.0715902733531646,8.0,3.732668252115185e-32
0.03,-0.55,0.1,0.34489798312464315,-0.13519238990080742,-0.045509181273503736,0.21724234812115215,-0.45509181273503735,-0.8211688967228555,-3.0531133177191805e-16,-1.0085012412842844,-0.06941885735434446,8.0,3.732668252115185e-32
0.03,-0.54,0.1,0.3503145648376284,-0.13301181260125658,-0.045509181273503736,0.21886732263504774,-0.45509181273503735,-0.8038016406521512,-1.942890293094024e-16,-1.0109387030551278,-0.06729284903199773,8.0,3.732668252115185e-32
0.03,-0.53,0.1,0.35561529892409943,-0.13081515929844026,-0.045509181273503736,0.220457542860989,-0.45509181273503735,-0.786416639182553,-2.7755575615628914e-16,-1.0133240333940399,-0.06521231090305787,8.0,3.732668252115185e-32
0.03,-0.52,0.1,0.36080010730831547,-0.12860277767236916,-0.045509181273503736,0.2220129853762538,-0.45509181273503735,-0.769025902527352,-3.3306690738754696e-16,-1.015657197166937,-0.0631772736122531,8.0,3.732668252115185e-32
0.03,-0.51,0.1,0.36586899080377305,-0.12637501551835265,-0.045509181273503736,0.2235336504248911,-0.45509181273503735,-0.7516410840371803,-2.7755575615628914e-16,-1.0179381947398929,-0.06118773684028597,8.0,3.732668252115185e-32
0.03,-0.5,0.1,0.37082202667110625,-0.12413222051396272,-0.045509181273503736,0.22501956118509114,-0.45509181273503735,-0.7342734614658046,-1.3877787807814457e-16,-1.020167060880193,-0.05924367026235765,8.0,3.732668252115185e-32
0.03,-0.49,0.1,0.37565936605453254,-0.12187473999350867,-0.045509181273503736,0.22647076300011898,-0.45509181273503735,-0.7169339192728631,-2.498001805406602e-16,-1.0223438636027347,-0.05734501455436286,8.0,3.732668252115185e-32
0.03,-0.48,0.1,0.3803812313038517,-0.11960292073037551,-0.045509181273503736,0.22788732257491473,-0.45509181273503735,-0.6996329319914418,-2.220446049250313e-16,-1.0244687029649284,-0.05549168244400507,8.0,3.732668252115185e-32
0.03,-0.47,0.1,0.38498791318918085,-0.11731710872755924,-0.045509181273503736,0.22926932714051346,-0.45509181273503735,-0.6823805486851916,-2.7755575615628914e-16,-1.0265417098133265,-0.05368355980401339,8.0,3.732668252115185e-32
0.03,-0.45999999999999996,0.1,0.3894797680157629,-0.11501764901670958,-0.045509181273503736,0.23061688358848811,-0.45509181273503735,-0.6651863785165079,-1.3877787807814457e-16,-1.0285630444852885,-0.051920506784579906,8.0,3.732668252115185e-32
0.03,-0.44999999999999996,0.1,0.39385721464631857,-0.11270488546596896,-0.045509181273503736,0.23193011757765478,-0.45509181273503735,-0.6480595774441374,-2.7755575615628914e-16,-1.0305328954690385,-0.05020235898208683,8.0,3.732668252115185e-32
0.03,-0.43999999999999995,0.1,0.39812073143852267,-0.11037916059687362,-0.045509181273503736,0.23320917261531604,-0.45509181273503735,-0.6310088360654609,-1.942890293094024e-16,-1.0324514780255303,-0.04852892864114672,8.0,3.732668252115185e-32
0.03,-0.42999999999999994,0.1,0.40227085310528043,-0.10804081541055988,-0.045509181273503736,0.23445420911534334,-0.45509181273503735,-0.6140423686156092,-2.220446049250313e-16,-1.0343190327755711,-0.04690000588694432,8.0,3.732668252115185e-32
0.03,-0.42000000000000004,0.1,0.40630816750554594,-0.10569018922349598,-0.045509181273503736,0.23566540343542297,-0.45509181273503735,-0.5971679031325654,-2.7755575615628914e-16,-1.0361358242556906,-0.04531535998484011,8.0,3.732668252115185e-32
0.03,-0.41000000000000003,0.1,0.4102333123734801,-0.10332761951293565,-0.045509181273503736,0.23684294689580326,-0.45509181273503735,-0.5803926727944274,-2.220446049250313e-16,-1.037902139446261,-0.043774740624175926,8.0,3.732668252115185e-32
0.03,-0.4,0.1,0.41404697199377344,-0.10095344177226706,-0.045509181273503736,0.2379870447818912,-0.45509181273503735,-0.563723408432138,-3.608224830031759e-16,-1.039618286275393,-0.042277879223210815,8.0,3.732668252115185e-32
0.03,-0.39,0.1,0.41774987383097417,-0.09856798937640672,-0.045509181273503736,0.23909791533305147,-0.45509181273503735,-0.5471663322181733,-2.7755575615628914e-16,-1.0412845921021334,-0.04082449025210952,8.0,3.732668252115185e-32
0.03,-0.38,0.1,0.42134278512065615,-0.09617159345736467,-0.045509181273503736,0.24017578871995604,-0.45509181273503735,-0.5307271525289684,-2.7755575615628914e-16,-1.0429014021824903,-0.03941427257090936,8.0,3.732668252115185e-32
0.03,-0.37,0.1,0.42482650943023476,-0.09376458279008343,-0.045509181273503736,0.24122090601282958,-0.45509181273503735,-0.5144110599762415,-3.885780586188048e-16,-1.0444690781218007,-0.03804691077939977,8.0,3.732668252115185e-32
0.03,-0.36,0.1,0.4282018831972024,-0.09134728368863052,-0.045509181273503736,0.24223351814291993,-0.45509181273503735,-0.4982227245998538,-2.7755575615628914e-16,-1.045987996316936,-0.03672207657586493,8.0,3.732668252115185e-32
0.03,-0.35,0.1,0.43146977225249544,-0.08892001991280035,-0.045509181273503736,0.24321388485950785,-0.45509181273503735,-0.48216629421243323,-2.220446049250313e-16,-1.047458546391818,-0.035439430121662424,8.0,3.732668252115185e-32
0.03,-0.33999999999999997,0.1,0.4346310683366294,-0.086483112585159,-0.045509181273503736,0.24416227368474802,-0.45509181273503735,-0.46624539388368663,-2.220446049250313e-16,-1.0488811296296783,-0.03419862140863986,8.0,3.732668252115185e-32
0.03,-0.32999999999999996,0.1,0.43768668561615937,-0.08403688011854162,-0.045509181273503736,0.24507895886860703,-0.45509181273503735,-0.450463126550135,-2.220446049250313e-16,-1.0502561574054667,-0.03299929162642433,8.0,3.732668252115185e-32
0.03,-0.31999999999999995,0.1,0.4406375572079093,-0.08158163815399087,-0.045509181273503736,0.24596422034613197,-0.45509181273503735,-0.43482207473394,-3.3306690738754696e-16,-1.0515840496217543,-0.03184107452666249,8.0,3.732668252115185e-32
0.03,-0.30999999999999994,0.1,0.4434846317183078,-0.07911769950910191,-0.045509181273503736,0.24681834269925154,-0.45509181273503735,-0.41932430335253207,-2.220446049250313e-16,-1.0528652331514334,-0.030723597781331075,8.0,3.732668252115185e-32
0.03,-0.29999999999999993,0.1,0.4462288698050358,-0.07664537413671743,-0.045509181273503736,0.24764161412526992,-0.45509181273503735,-0.4039713635989226,-3.3306690738754696e-16,-1.054100140290461,-0.02964648433229035,8.0,3.732668252115185e-32
0.03,-0.29000000000000004,0.1,0.44887124076805085,-0.07416496909389572,-0.045509181273503736,0.24843432541417446,-0.45509181273503735,-0.3887642978708716,-2.220446049250313e-16,-1.0552892072238178,-0.028609353729306924,8.0,3.732668252115185e-32
0.03,-0.28,0.1,0.45141271917690523,-0.07167678852105261,-0.045509181273503736,0.2491967689368308,-0.45509181273503735,-0.37370364572548737,-2.220446049250313e-16,-1.0564328725078025,-0.027611823453831577,8.0,3.732668252115185e-32
0.03,-0.27,0.1,0.45385428154110885,-0.06918113363115888,-0.045509181273503736,0.24992923764609187,-0.45509181273503735,-0.3587894508343737,-2.7755575615628914e-16,-1.057531575571694,-0.026653510225881652,8.0,3.732668252115185e-32
0.03,-0.26,0.1,0.4561969030301253,-0.06667830270885355,-0.045509181273503736,0.2506320240927967,-0.45509181273503735,-0.3440212689130727,-3.885780586188048e-16,-1.0585857552417515,-0.02573403129144275,8.0,3.732668252115185e-32
0.03,-0.25,0.1,0.4584415542493987,-0.06416859111931489,-0.045509181273503736,0.2513054194585788,-0.45509181273503735,-0.3293981765973316,-2.7755575615628914e-16,-1.0595958482904244,-0.02485300568787789,8.0,3.732668252115185e-32
0.03,-0.24,0.1,0.46058919807863663,-0.06165229132671109,-0.045509181273503736,0.2519497126073502,-0.45509181273503735,-0.3149187812375855,-2.220446049250313e-16,-1.0605622880135814,-0.024010055484901982,8.0,3.732668252115185e-32
0.03,-0.22999999999999998,0.1,0.4626407865783655,-0.059129692922035765,-0.045509181273503736,0.2525651891572688,-0.45509181273503735,-0.30058123158204075,-4.440892098500626e-16,-1.0614855028384595,-0.023204806998758473,8.0,3.732668252115185e-32
0.03,-0.21999999999999997,0.1,0.46459725797058443,-0.056601082660113614,-0.045509181273503736,0.2531521305749346,-0.45509181273503735,-0.2863832293178365,-2.220446049250313e-16,-1.062365914964958,-0.022436891977312468,8.0,3.732668252115185e-32
0.03,-0.20999999999999996,0.1,0.4664595336991352,-0.05406674450554598,-0.045509181273503736,0.25371081329349976,-0.45509181273503735,-0.2723220414389519,-2.7755575615628914e-16,-1.0632039390428059,-0.021705948753856327,8.0,3.732668252115185e-32
0.03,-0.19999999999999996,0.1,0.46822851557518935,-0.05152695968734916,-0.045509181273503736,0.25424150785631605,-0.45509181273503735,-0.25839451340882535,-2.220446049250313e-16,-1.0639999808870302,-0.021011623367505033,8.0,3.732668252115185e-32
0.03,-0.18999999999999995,0.1,0.46990508301304734,-0.04898200676202192,-0.045509181273503736,0.2547444780876734,-0.45509181273503735,-0.2445970830850255,-2.7755575615628914e-16,-1.0647544362340664,-0.02035357064814579,8.0,3.732668252115185e-32
0.03,-0.17999999999999994,0.1,0.47149009036121403,-0.0464321616847638,-0.045509181273503736,0.25521998029212345,-0.45509181273503735,-0.23092579537279245,-2.220446049250313e-16,-1.0654676895407413,-0.019731455263990352,8.0,3.732668252115185e-32
0.03,-0.16999999999999993,0.1,0.4729843643335042,-0.043877697888551594,-0.045509181273503736,0.25566826248381047,-0.45509181273503735,-0.21737631757381376,-2.7755575615628914e-16,-1.066140112828272,-0.01914495272986648,8.0,3.732668252115185e-32
0.03,-0.16000000000000003,0.1,0.47438870154469237,-0.041318886370766465,-0.045509181273503736,0.25608956364716684,-0.45509181273503735,-0.20394395539622362,-4.440892098500626e-16,-1.0667720645733065,-0.018593750374475165,8.0,3.732668252115185e-32
0.03,-0.15000000000000002,0.1,0.47570386615500804,-0.03875599578705212,-0.045509181273503736,0.2564841130302616,-0.45509181273503735,-0.1906236695915126,-2.7755575615628914e-16,-1.0673638886479486,-0.018077548264926246,8.0,3.732668252115185e-32
0.03,-0.14,0.1,0.47693058762753565,-0.036189292552071095,-0.045509181273503736,0.2568521294720199,-0.45509181273503735,-0.17741009318378742,-2.220446049250313e-16,-1.0679159133105862,-0.01759606008695913,8.0,3.732668252115185e-32
0.03,-0.13,0.1,0.47806955860235517,-0.03361904094681464,-0.045509181273503736,0.25719382076446573,-0.45509181273503735,-0.1642975492566351,-3.3306690738754696e-16,-1.068428450249255,-0.0171490139793425,8.0,3.732668252115185e-32
0.03,-0.12,0.1,0.47912143289102294,-0.031045503232110423,-0.045509181273503736,0.2575093830510661,-0.45509181273503735,-0.15128006926270907,-2.7755575615628914e-16,-1.0689017936791554,-0.016736153321040392,8.0,3.732668252115185e-32
0.03,-0.10999999999999999,0.1,0.48008682359476196,-0.02846893976796222,-0.045509181273503736,0.25779900026218777,-0.45509181273503735,-0.13835141182106253,-2.7755575615628914e-16,-1.069336219495838,-0.01635723746982283,8.0,3.732668252115185e-32
0.03,-0.09999999999999998,0.1,0.48096630134949603,-0.025889609138345454,-0.045509181273503736,0.258062843588608,-0.45509181273503735,-0.12550508196719737,-3.3306690738754696e-16,-1.0697319844854682,-0.01601204245108971,8.0,3.732668252115185e-32
0.03,-0.08999999999999997,0.1,0.4817603927006305,-0.023307768281073678,-0.045509181273503736,0.25830107099394833,-0.45509181273503735,-0.11273435082077668,-3.3306690738754696e-16,-1.0700893255934787,-0.01570036159576943,8.0,3.732668252115185e-32
0.03,-0.07999999999999996,0.1,0.48246957861024364,-0.020723672622342752,-0.045509181273503736,0.25851382676683227,-0.45509181273503735,-0.10003227563594927,-3.3306690738754696e-16,-1.0704084592528047,-0.015422006126246265,8.0,3.732668252115185e-32
0.03,-0.06999999999999995,0.1,0.483094293099127,-0.0181375762155518,-0.045509181273503736,0.25870124111349735,-0.45509181273503735,-0.08739172019926109,-1.6653345369377348e-16,-1.070689580772802,-0.015176805689359515,8.0,3.732668252115185e-32
0.03,-0.05999999999999994,0.1,0.4836349220258726,-0.01554973188399291,-0.045509181273503736,0.258863429791521,-0.45509181273503735,-0.07480537554016696,-2.7755575615628914e-16,-1.0709328637898377,-0.014964608835611876,8.0,3.732668252115185e-32
0.03,-0.04999999999999993,0.1,0.48409180200497426,-0.012960391366995613,-0.045509181273503736,0.2590004937852515,-0.45509181273503735,-0.06226578091920574,-2.7755575615628914e-16,-1.0711384597804334,-0.014785283443814495,8.0,3.732668252115185e-32
0.03,-0.040000000000000036,0.1,0.48446521946567994,-0.010369805469106262,-0.045509181273503736,0.2591125190234632,-0.45509181273503735,-0.049765345058960304,-2.220446049250313e-16,-1.0713064976377509,-0.014638717090487488,8.0,3.732668252115185e-32
0.03,-0.030000000000000027,0.1,0.4847554098530961,-0.0077782242118777725,-0.045509181273503736,0.25919957613968797,-0.45509181273503735,-0.03729636758298037,-3.885780586188048e-16,-1.0714370833120883,-0.0145248173634267,8.0,3.732668252115185e-32
0.03,-0.020000000000000018,0.1,0.4849625569728141,-0.005185896987841275,-0.045509181273503736,0.25926172027560346,-0.45509181273503735,-0.024851060627906773,-2.220446049250313e-16,-1.0715302995159615,-0.014443512118937338,8.0,3.732668252115185e-32
0.03,-0.010000000000000009,0.1,0.4850867924800998,-0.0025930727162270266,-0.045509181273503736,0.2592989909277891,-0.45509181273503735,-0.012421570594084407,-3.885780586188048e-16,-1.07158620549424,-0.014394749682327762,8.0,3.732668252115185e-32
0.03,0.0,0.1,0.4851281955144504,0.0,-0.045509181273503736,0.2593114118380943,-0.45509181273503735,0.0,-3.3306690738754696e-16,-1.0716048368596978,-0.014378498991345107,8.0,3.732668252115185e-32
0.03,0.010000000000000009,0.1,0.4850867924800998,0.0025930727162270266,-0.045509181273503736,0.2592989909277891,-0.45509181273503735,0.012421570594084407,-3.885780586188048e-16,-1.07158620549424,-0.014394749682327762,8.0,3.732668252115185e-32
0.03,0.020000000000000018,0.1,0.4849625569728141,0.005185896987841275,-0.045509181273503736,0.25926172027560346,-0.45509181273503735,0.024851060627906773,-2.220446049250313e-16,-1.0715302995159615,-0.014443512118937338,8.0,3.732668252115185e-32
0.03,0.030000000000000027,0.1,0.4847554098530961,0.0077782242118777725,-0.045509181273503736,0.25919957613968797,-0.45509181273503735,0.03729636758298037,-3.885780586188048e-16,-1.0714370833120883,-0.0145248173634267,8.0,3.732668252115185e-32
0.03,0.040000000000000036,0.1,0.48446521946567994,0.010369805469106262,-0.045509181273503736,0.2591125190234632,-0.45509181273503735,0.049765345058960304,-2.220446049250313e-16,-1.0713064976377509,-0.014638717090487488,8.0,3.732668252115185e-32
0.03,0.050000000000000044,0.1,0.48409180200497426,0.01296039136699564,-0.045509181273503736,0.2590004937852515,-0.45509181273503735,0.0622657809192059,-2.7755575615628914e-16,-1.0711384597804334,-0.014785283443814495,8.0,3.732668252115185e-32
0.03,0.06000000000000005,0.1,0.4836349220258726,0.015549731883992942,-0.045509181273503736,0.258863429791521,-0.45509181273503735,0.0748053755401671,-2.7755575615628914e-16,-1.0709328637898377,-0.014964608835611876,8.0,3.732668252115185e-32
0.03,0.07000000000000006,0.1,0.483094293099127,0.01813757621555183,-0.045509181273503736,0.25870124111349735,-0.45509181273503735,0.08739172019926121,-1.6653345369377348e-16,-1.070689580772802,-0.015176805689359515,8.0,3.732668252115185e-32
0.03,0.08000000000000007,0.1,0.48246957861024364,0.020723672622342783,-0.045509181273503736,0.2585138267668322,-0.45509181273503735,0.10003227563594942,-4.440892098500626e-16,-1.0704084592528047,-0.015422006126246307,8.0,3.732668252115185e-32
0.03,0.09000000000000008,0.1,0.4817603927006305,0.023307768281073706,-0.045509181273503736,0.25830107099394833,-0.45509181273503735,0.11273435082077686,-3.3306690738754696e-16,-1.0700893255934787,-0.01570036159576943,8.0,3.732668252115185e-32
0.03,0.10000000000000009,0.1,0.48096630134949603,0.02588960913834549,-0.045509181273503736,0.258062843588608,-0.45509181273503735,0.12550508196719753,-3.3306690738754696e-16,-1.0697319844854682,-0.01601204245108971,8.0,3.732668252115185e-32
0.03,0.1100000000000001,0.1,0.48008682359476196,0.02846893976796225,-0.045509181273503736,0.25779900026218777,-0.45509181273503735,0.13835141182106267,-2.7755575615628914e-16,-1.069336219495838,-0.01635723746982283,8.0,3.732668252115185e-32
0.03,0.1200000000000001,0.1,0.47912143289102294,0.03104550323211045,-0.045509181273503736,0.2575093830510661,-0.45509181273503735,0.15128006926270923,-2.7755575615628914e-16,-1.0689017936791554,-0.016736153321040392,8.0,3.732668252115185e-32
0.03,0.13000000000000012,0.1,0.47806955860235517,0.03361904094681468,-0.045509181273503736,0.25719382076446573,-0.45509181273503735,0.16429754925663526,-3.3306690738754696e-16,-1.068428450249255,-0.0171490139793425,8.0,3.732668252115185e-32
0.03,0.14000000000000012,0.1,0.47693058762753565,0.03618929255207114,-0.045509181273503736,0.2568521294720199,-0.45509181273503735,0.1774100931837876,-2.220446049250313e-16,-1.0679159133105862,-0.01759606008695913,8.0,3.732668252115185e-32
0.03,0.15000000000000013,0.1,0.47570386615500804,0.03875599578705214,-0.045509181273503736,0.2564841130302616,-0.45509181273503735,0.1906236695915128,-2.7755575615628914e-16,-1.0673638886479486,-0.018077548264926246,8.0,3.732668252115185e-32
0.03,0.15999999999999992,0.1,0.47438870154469237,0.04131888637076643,-0.045509181273503736,0.25608956364716684,-0.45509181273503735,0.20394395539622345,-4.440892098500626e-16,-1.0667720645733065,-0.018593750374475165,8.0,3.732668252115185e-32
0.03,0.16999999999999993,0.1,0.4729843643335042,0.043877697888551594,-0.045509181273503736,0.25566826248381047,-0.45509181273503735,0.21737631757381376,-2.7755575615628914e-16,-1.066140112828272,-0.01914495272986648,8.0,3.732668252115185e-32
0.03,0.17999999999999994,0.1,0.47149009036121403,0.0464321616847638,-0.045509181273503736,0.25521998029212345,-0.45509181273503735,0.23092579537279245,-2.220446049250313e-16,-1.0654676895407413,-0.019731455263990352,8.0,3.732668252115185e-32
0.03,0.18999999999999995,0.1,0.46990508301304734,0.04898200676202192,-0.045509181273503736,0.2547444780876734,-0.45509181273503735,0.2445970830850255,-2.7755575615628914e-16,-1.0647544362340664,-0.02035357064814579,8.0,3.732668252115185e-32
0.03,0.19999999999999996,0.1,0.46822851557518935,0.05152695968734916,-0.045509181273503736,0.25424150785631605,-0.45509181273503735,0.25839451340882535,-2.220446049250313e-16,-1.0639999808870302,-0.021011623367505033,8.0,3.732668252115185e-32
0.03,0.20999999999999996,0.1,0.4664595336991352,0.05406674450554598,-0.045509181273503736,0.25371081329349976,-0.45509181273503735,0.2723220414389519,-2.7755575615628914e-16,-1.0632039390428059,-0.021705948753856327,8.0,3.732668252115185e-32
0.03,0.21999999999999997,0.1,0.46459725797058443,0.056601082660113614,-0.045509181273503736,0.2531521305749346,-0.45509181273503735,0.2863832293178365,-2.220446049250313e-16,-1.062365914964958,-0.022436891977312468,8.0,3.732668252115185e-32
0.03,0.22999999999999998,0.1,0.4626407865783655,0.059129692922035765,-0.045509181273503736,0.2525651891572688,-0.45509181273503735,0.30058123158204075,-4.440892098500626e-16,-1.0614855028384595,-0.023204806998758473,8.0,3.732668252115185e-32
0.03,0.24,0.1,0.46058919807863663,0.06165229132671109,-0.045509181273503736,0.2519497126073502,-0.45509181273503735,0.3149187812375855,-2.220446049250313e-16,-1.0605622880135814,-0.024010055484901982,8.0,3.732668252115185e-32
0.03,0.25,0.1,0.4584415542493987,0.06416859111931489,-0.045509181273503736,0.2513054194585788,-0.45509181273503735,0.3293981765973316,-2.7755575615628914e-16,-1.0595958482904244,-0.02485300568787789,8.0,3.732668252115185e-32
0.03,0.26,0.1,0.4561969030301253,0.06667830270885355,-0.045509181273503736,0.2506320240927967,-0.45509181273503735,0.3440212689130727,-3.885780586188048e-16,-1.0585857552417515,-0.02573403129144275,8.0,3.732668252115185e-32
0.03,0.27,0.1,0.45385428154110885,0.06918113363115888,-0.045509181273503736,0.24992923764609187,-0.45509181273503735,0.3587894508343737,-2.7755575615628914e-16,-1.057531575571694,-0.026653510225881652,8.0,3.732668252115185e-32
0.03,0.28,0.1,0.45141271917690523,0.07167678852105261,-0.045509181273503736,0.2491967689368308,-0.45509181273503735,0.37370364572548737,-2.220446049250313e-16,-1.0564328725078025,-0.027611823453831577,8.0,3.732668252115185e-32
0.03,0.29000000000000004,0.1,0.44887124076805085,0.07416496909389572,-0.045509181273503736,0.24843432541417446,-0.45509181273503735,0.3887642978708716,-2.220446049250313e-16,-1.0552892072238178,-0.028609353729306924,8.0,3.732668252115185e-32
0.03,0.30000000000000004,0.1,0.4462288698050357,0.07664537413671747,-0.045509181273503736,0.24764161412526992,-0.45509181273503735,0.40397136359892283,-2.7755575615628914e-16,-1.054100140290461,-0.029646484332290376,8.0,3.732668252115185e-32
0.03,0.31000000000000005,0.1,0.4434846317183077,0.07911769950910194,-0.045509181273503736,0.24681834269925151,-0.45509181273503735,0.41932430335253235,-2.7755575615628914e-16,-1.0528652331514334,-0.030723597781331116,8.0,3.732668252115185e-32
0.03,0.32000000000000006,0.1,0.44063755720790915,0.0815816381539909,-0.045509181273503736,0.24596422034613194,-0.45509181273503735,0.4348220747339403,-2.7755575615628914e-16,-1.0515840496217541,-0.031841074526662544,8.0,3.732668252115185e-32
0.03,0.33000000000000007,0.1,0.4376866856161594,0.08403688011854164,-0.045509181273503736,0.24507895886860703,-0.45509181273503735,0.4504631265501353,-2.7755575615628914e-16,-1.0502561574054667,-0.032999291626424315,8.0,3.732668252115185e-32
0.03,0.3400000000000001,0.1,0.4346310683366294,0.08648311258515903,-0.045509181273503736,0.24416227368474802,-0.45509181273503735,0.46624539388368674,-2.220446049250313e-16,-1.0488811296296783,-0.03419862140863986,8.0,3.732668252115185e-32
0.03,0.3500000000000001,0.1,0.43146977225249533,0.08892001991280038,-0.045509181273503736,0.24321388485950785,-0.45509181273503735,0.48216629421243334,-1.6653345369377348e-16,-1.0474585463918178,-0.03543943012166245,8.0,3.732668252115185e-32
0.03,0.3600000000000001,0.1,0.4282018831972024,0.09134728368863054,-0.045509181273503736,0.24223351814291993,-0.45509181273503735,0.49822272459985395,-2.7755575615628914e-16,-1.045987996316936,-0.03672207657586493,8.0,3.732668252115185e-32
0.03,0.3700000000000001,0.1,0.42482650943023453,0.09376458279008346,-0.045509181273503736,0.24122090601282958,-0.45509181273503735,0.5144110599762417,-2.220446049250313e-16,-1.0444690781218005,-0.038046910779399826,8.0,3.732668252115185e-32
0.03,0.3800000000000001,0.1,0.42134278512065615,0.0961715934573647,-0.045509181273503736,0.24017578871995604,-0.45509181273503735,0.5307271525289686,-2.7755575615628914e-16,-1.0429014021824903,-0.03941427257090936,8.0,3.732668252115185e-32
0.03,0.3900000000000001,0.1,0.41774987383097406,0.09856798937640676,-0.045509181273503736,0.23909791533305144,-0.45509181273503735,0.5471663322181735,-2.220446049250313e-16,-1.0412845921021334,-0.040824490252109547,8.0,3.732668252115185e-32
0.03,0.40000000000000013,0.1,0.41404697199377327,0.10095344177226707,-0.045509181273503736,0.2379870447818912,-0.45509181273503735,0.5637234084321381,-2.498001805406602e-16,-1.039618286275393,-0.04227787922321086,8.0,3.732668252115185e-32
0.03,0.4099999999999999,0.1,0.4102333123734802,0.1033276195129356,-0.045509181273503736,0.23684294689580326,-0.45509181273503735,0.580392672794427,-2.7755575615628914e-16,-1.037902139446261,-0.0437747406241759,8.0,3.732668252115185e-32
0.03,0.41999999999999993,0.1,0.40630816750554594,0.10569018922349596,-0.045509181273503736,0.23566540343542297,-0.45509181273503735,0.5971679031325652,-2.7755575615628914e-16,-1.0361358242556906,-0.04531535998484011,8.0,3.732668252115185e-32
0.03,0.42999999999999994,0.1,0.40227085310528043,0.10804081541055988,-0.045509181273503736,0.23445420911534334,-0.45509181273503735,0.6140423686156092,-2.220446049250313e-16,-1.0343190327755711,-0.04690000588694432,8.0,3.732668252115185e-32
0.03,0.43999999999999995,0.1,0.39812073143852267,0.11037916059687362,-0.045509181273503736,0.23320917261531604,-0.45509181273503735,0.6310088360654609,-1.942890293094024e-16,-1.0324514780255303,-0.04852892864114672,8.0,3.732668252115185e-32
0.03,0.44999999999999996,0.1,0.39385721464631857,0.11270488546596896,-0.045509181273503736,0.23193011757765478,-0.45509181273503735,0.6480595774441374,-2.7755575615628914e-16,-1.0305328954690385,-0.05020235898208683,8.0,3.732668252115185e-32
0.03,0.45999999999999996,0.1,0.3894797680157629,0.11501764901670958,-0.045509181273503736,0.23061688358848811,-0.45509181273503735,0.6651863785165079,-1.3877787807814457e-16,-1.0285630444852885,-0.051920506784579906,8.0,3.732668252115185e-32
0.03,0.47,0.1,0.38498791318918085,0.11731710872755924,-0.045509181273503736,0.22926932714051346,-0.45509181273503735,0.6823805486851916,-2.7755575615628914e-16,-1.0265417098133265,-0.05368355980401339,8.0,3.732668252115185e-32
0.03,0.48,0.1,0.3803812313038517,0.11960292073037551,-0.045509181273503736,0.22788732257491473,-0.45509181273503735,0.6996329319914418,-2.220446049250313e-16,-1.0244687029649284,-0.05549168244400507,8.0,3.732668252115185e-32
0.03,0.49,0.1,0.37565936605453254,0.12187473999350867,-0.045509181273503736,0.22647076300011898,-0.45509181273503735,0.7169339192728631,-2.498001805406602e-16,-1.0223438636027347,-0.05734501455436286,8.0,3.732668252115185e-32
0.03,0.5,0.1,0.37082202667110625,0.12413222051396272,-0.045509181273503736,0.22501956118509114,-0.45509181273503735,0.7342734614658046,-1.3877787807814457e-16,-1.020167060880193,-0.05924367026235765,8.0,3.732668252115185e-32
0.03,0.51,0.1,0.36586899080377305,0.12637501551835265,-0.045509181273503736,0.2235336504248911,-0.45509181273503735,0.7516410840371803,-2.7755575615628914e-16,-1.0179381947398929,-0.06118773684028597,8.0,3.732668252115185e-32
0.03,0.52,0.1,0.36080010730831547,0.12860277767236916,-0.045509181273503736,0.2220129853762538,-0.45509181273503735,0.769025902527352,-3.3306690738754696e-16,-1.015657197166937,-0.0631772736122531,8.0,3.732668252115185e-32
0.03,0.53,0.1,0.35561529892409943,0.13081515929844026,-0.045509181273503736,0.220457542860989,-0.45509181273503735,0.786416639182553,-2.7755575615628914e-16,-1.0133240333940399,-0.06521231090305787,8.0,3.732668252115185e-32
0.03,0.54,0.1,0.3503145648376284,0.13301181260125658,-0.045509181273503736,0.21886732263504774,-0.45509181273503735,0.8038016406521512,-1.942890293094024e-16,-1.0109387030551278,-0.06729284903199773,8.0,3.732668252115185e-32
0.03,0.55,0.1,0.34489798312464315,0.13519238990080742,-0.045509181273503736,0.21724234812115215,-0.45509181273503735,0.8211688967228555,-3.0531133177191805e-16,-1.0085012412842844,-0.06941885735434446,8.0,3.732668252115185e-32
0.03,0.56,0.1,0.33936571306395485,0.13735654387255194,-0.045509181273503736,0.21558266710294566,-0.45509181273503735,0.8385060600587894,-3.0531133177191805e-16,-1.0060117197569747,-0.0715902733531646,8.0,3.732668252115185e-32
0.03,0.5700000000000001,0.1,0.3337179973164204,0.13950392779433157,-0.045509181273503736,0.2138883523786853,-0.45509181273503735,0.8558004669131618,-2.7755575615628914e-16,-1.0034702476705841,-0.0738070017840719,8.0,3.732668252115185e-32
0.03,0.5800000000000001,0.1,0.32795516396270336,0.1416341957996085,-0.045509181273503736,0.21215950237257025,-0.45509181273503735,0.8730391587741403,-1.3877787807814457e-16,-1.0008769726614115,-0.07606891387540579,8.0,3.732668252115185e-32
0.03,0.5900000000000001,0.1,0.32207762839372744,0.14374700313659883,-0.045509181273503736,0.21039624170187748,-0.45509181273503735,0.8902089049043935,-1.3877787807814457e-16,-0.9982320816553724,-0.07837584658622883,8.0,3.732668252115185e-32
0.03,0.6000000000000001,0.1,0.31608589504800677,0.1458420064328478,-0.045509181273503736,0.20859872169816124,-0.45509181273503735,0.9072962257307273,-2.7755575615628914e-16,-0.9955358016497982,-0.08072760192442421,8.0,3.732668252115185e-32
0.03,0.6100000000000001,0.1,0.3099805589903411,0.14791886396478138,-0.045509181273503736,0.20676712088086152,-0.45509181273503735,0.9242874170372509,-2.498001805406602e-16,-0.9927884004238485,-0.083123946327058,8.0,3.732668252115185e-32
0.03,0.6200000000000001,0.1,0.3037623073266813,0.14997723593174878,-0.045509181273503736,0.20490164538176364,-0.45509181273503735,0.9411685749125719,-1.3877787807814457e-16,-0.9899901871752016,-0.08556461010504444,8.0,3.732668252115185e-32
0.03,0.6300000000000001,0.1,0.2974319204503108,0.1520167847340579,-0.045509181273503736,0.20300252931885246,-0.45509181273503735,0.9579256213987306,-1.942890293094024e-16,-0.9871415130808349,-0.08804928695401987,8.0,3.732668252115185e-32
0.03,0.6400000000000001,0.1,0.29099027311484726,0.15403717525449082,-0.045509181273503736,0.2010700351182134,-0.45509181273503735,0.9745443307868422,-2.7755575615628914e-16,-0.9842427717798763,-0.09057763353318933,8.0,3.732668252115185e-32
0.03,0.6500000000000001,0.1,0.2844383353299444,0.15603807514277301,-0.045509181273503736,0.19910445378274255,-0.45509181273503735,0.9910103565018318,-1.942890293094024e-16,-0.98129439977667,-0.0931492691137637,8.0,3.732668252115185e-32
0.03,0.6600000000000001,0.1,0.27777717307596356,0.15801915510245917,-0.045509181273503736,0.19710610510654827,-0.45509181273503735,1.0073092585161845,-2.220446049250313e-16,-0.9782968767623786,-0.09576377529845115,8.0,3.732668252115185e-32
0.03,0.6699999999999999,0.1,0.27100794883429746,0.15998008917968734,-0.045509181273503736,0.19507533783404846,-0.45509181273503735,1.0234265312303095,-1.942890293094024e-16,-0.9752507258536288,-0.09842069581330513,8.0,3.732668252115185e-32
0.03,0.6799999999999999,0.1,0.26413192193044693,0.16192055505324388,-0.045509181273503736,0.19301252976289332,-0.45509181273503735,1.0393476317549577,-1.6653345369377348e-16,-0.9721565137468962,-0.10111953637306642,8.0,3.732668252115185e-32
0.03,0.69,0.1,0.25715044868739456,0.16384023432537329,-0.045509181273503736,0.1909180877899776,-0.45509181273503735,1.0550580085291288,-2.498001805406602e-16,-0.9690148507875226,-0.1038597646209645,8.0,3.732668252115185e-32
0.03,0.7,0.1,0.2500649823872606,0.16573881281276134,-0.045509181273503736,0.18879244789993743,-0.45509181273503735,1.0705431302051092,-1.6653345369377348e-16,-0.9658263909524624,-0.10664081014376706,8.0,3.732668252115185e-32
0.03,0.71,0.1,0.24287707303969752,0.1676159808371138,-0.045509181273503736,0.1866360750956685,-0.45509181273503735,1.0857885147306376,-1.3877787807814457e-16,-0.9625918317460589,-0.10946206456268555,8.0,3.732668252115185e-32
0.03,0.72,0.1,0.23558836695594443,0.1694714335147484,-0.045509181273503736,0.18444946327054257,-0.45509181273503735,1.1007797585567836,-1.942890293094024e-16,-0.95931191400837,-0.11232288170055867,8.0,3.732668252115185e-32
0.03,0.73,0.1,0.22820060612794324,0.17130487104461745,-0.045509181273503736,0.18223313502214222,-0.45509181273503735,1.1155025658989028,-1.6653345369377348e-16,-0.9559874216357696,-0.11522257782554912,8.0,3.732668252115185e-32
0.03,0.74,0.1,0.22071562741241021,0.17311599899417449,-0.045509181273503736,0.17998764140748227,-0.45509181273503735,1.1299427779770468,-2.220446049250313e-16,-0.9526191812137796,-0.11816043197139586,8.0,3.732668252115185e-32
0.03,0.75,0.1,0.21313536152024679,0.17490452858250138,-0.045509181273503736,0.17771356163983326,-0.45509181273503735,1.1440864021614165,-2.498001805406602e-16,-0.9492080615623061,-0.12113568633407001,8.0,3.732668252115185e-32
0.03,0.76,0.1,0.2054618318121713,0.1766701769601127,-0.045509181273503736,0.17541150272741063,-0.45509181273503735,1.1579196409479329,-1.6653345369377348e-16,-0.9457549731936722,-0.12414754674448963,8.0,3.732668252115185e-32
0.03,0.77,0.1,0.19769715290195486,0.17841266748485785,-0.045509181273503736,0.1730820990543457,-0.45509181273503735,1.1714289206886765,-1.3877787807814457e-16,-0.9422608676840747,-0.12719518321674955,8.0,3.732668252115185e-32
0.03,0.78,0.1,0.189843529069149,0.18013172999334662,-0.045509181273503736,0.17072601190450395,-0.45509181273503735,1.1846009200019008,-1.942890293094024e-16,-0.9387267369593121,-0.13027773057112588,8.0,3.732668252115185e-32
0.03,0.79,0.1,0.18190325248368852,0.18182710106733022,-0.045509181273503736,0.16834392892886582,-0.45509181273503735,1.197422597786513,-1.6653345369377348e-16,-0.9351536124958549,-0.1333942891309191,8.0,3.732668252115185e-32
0.03,0.8,0.1,0.1738787012452579,0.18349852429447733,-0.045509181273503736,0.16593656355733663,-0.45509181273503735,1.2098812207663487,-1.8041124150158794e-16,-0.9315425644385611,-0.13654392549200314,8.0,3.732668252115185e-32
0.03,0.81,0.1,0.16577233724080156,0.1851457505229947,-0.045509181273503736,0.16350465435599973,-0.45509181273503735,1.2219643904902646,-1.249000902703301e-16,-0.9278947006365557,-0.13972567336375222,8.0,3.732668252115185e-32
0.03,0.8200000000000001,0.1,0.1575867038240519,0.18676853810955196,-0.045509181273503736,0.16104896433097482,-0.45509181273503735,1.2336600697149969,-1.8041124150158794e-16,-0.9242111655990184,-0.1429385344798265,8.0,3.732668252115185e-32
0.03,0.8300000000000001,0.1,0.14932442332142815,0.188366653159984,-0.045509181273503736,0.1585702801801877,-0.45509181273503735,1.2449566080989503,-1.5265566588595902e-16,-0.9204931393728377,-0.1461814795771063,8.0,3.732668252115185e-32
0.03,0.8400000000000001,0.1,0.14098819436913565,0.18993986976225596,-0.045509181273503736,0.15606941149449996,-0.45509181273503735,1.2558427671364993,-1.1102230246251565e-16,-0.9167418363443061,-0.1494534494408811,8.0,3.732668252115185e-32
0.03,0.8500000000000001,0.1,0.13258078908676113,0.19148797021119335,-0.045509181273503736,0.1535471899097876,-0.45509181273503735,1.2663077442640858,-1.3877787807814457e-16,-0.9129585039672374,-0.1527533560142131,8.0,3.732668252115185e-32
0.03,0.8600000000000001,0.1,0.12410505009310602,0.19301074522449443,-0.045509181273503736,0.15100446821169108,-0.45509181273503735,1.2763411960713167,-1.3877787807814457e-16,-0.9091444214200928,-0.15608008356922276,8.0,3.732668252115185e-32
0.03,0.8700000000000001,0.1,0.1155638873704433,0.1945079941495615,-0.045509181273503736,0.14844211939489227,-0.45509181273503735,1.2859332605524494,-1.1102230246251565e-16,-0.9053008981948945,-0.15943248993786785,8.0,3.732668252115185e-32
0.03,0.8800000000000001,0.1,0.10696027498380262,0.19597952516070563,-0.045509181273503736,0.14586103567890008,-0.45509181273503735,1.2950745783360262,-9.71445146547012e-17,-0.9014292726209062,-0.1628094077996243,8.0,3.732668252115185e-32
0.03,0.8900000000000001,0.1,0.09829724766229844,0.19742515544630035,-0.045509181273503736,0.14326212748244882,-0.45509181273503735,1.3037563128330714,-9.71445146547012e-17,-0.8975309103262293,-0.1662096460233147,8.0,3.732668252115185e-32
0.03,0.9000000000000001,0.1,0.08957789724989877,0.19884471138548182,-0.045509181273503736,0.1406463223587289,-0.45509181273503735,1.3119701692470787,-1.1102230246251565e-16,-0.8936072026406494,-0.16963199106018156,8.0,3.732668252115185e-32
0.03,0.9100000000000001,0.1,0.08080536903340484,0.2002380287140152,-0.045509181273503736,0.13801456389378075,-0.45509181273503735,1.3197084123920817,-7.632783294297951e-17,-0.8896595649432272,-0.17307520838515542,8.0,3.732668252115185e-32
0.03,0.9199999999999999,0.1,0.0719828579557596,0.20160495267897044,-0.045509181273503736,0.13536781057048716,-0.45509181273503735,1.326963883268331,-1.3183898417423734e-16,-0.8856894349582869,-0.1765380439831312,8.0,3.732668252115185e-32
0.03,0.9299999999999999,0.1,0.0631136047231214,0.20294533818187716,-0.045509181273503736,0.13270703460069572,-0.45509181273503735,1.3337300143485349,-7.632783294297951e-17,-0.8816982710035997,-0.1800192258769417,8.0,3.732668252115185e-32
0.03,0.94,0.1,0.0542008918144531,0.20425904991005156,-0.045509181273503736,0.13003322072809523,-0.45509181273503735,1.3400008435312172,-4.85722573273506e-17,-0.8776875501946989,-0.18351746569359398,8.0,3.732668252115185e-32
0.03,0.95,0.1,0.04524803940264016,0.20554596245581777,-0.045509181273503736,0.12734736500455135,-0.45509181273503735,1.3457710267215202,-7.28583859910259e-17,-0.8736587666093831,-0.18703146026523054,8.0,3.732668252115185e-32
0.03,0.96,0.1,0.03625840119641296,0.20680596042337102,-0.045509181273503736,0.12465047354268319,-0.45509181273503735,1.3510358490036618,-1.0061396160665481e-16,-0.8696134294165808,-0.19055989326117476,8.0,3.732668252115185e-32
0.03,0.97,0.1,0.02723536021257109,0.20803893852305963,-0.045509181273503736,0.12194356124753063,-0.45509181273503735,1.3557912343733367,-7.28583859910259e-17,-0.865553060973852,-0.19410143684733266,8.0,3.732668252115185e-32
0.03,0.98,0.1,0.018182324488201434,0.2092448016528915,-0.045509181273503736,0.11922765053021973,-0.45509181273503735,1.3600337540024654,-6.765421556309548e-17,-0.8614791948978857,-0.19765475336914776,8.0,3.732668252115185e-32
0.03,0.99,0.1,0.009102722742757032,0.21042346496709935,-0.045509181273503736,0.11650377000658642,-0.45509181273503735,1.363760633012993,-5.637851296924623e-17,-0.8573933741124357,-0.2012184970542347,8.0,3.732668252115185e-32
0.03,1.0,0.1,0.0,0.21157485393162928,-0.045509181273503736,0.11377295318375931,-0.45509181273503735,1.3669697557407587,-5.551115123125783e-17,-0.8532971488781951,-0.20479131573076684,8.0,3.732668252115185e-32
0.1,-1.0,0.1,0.0,-0.17855445915096874,-0.048811220751569795,0.12202805187892446,-0.4881122075156979,-0.727020271975657,-2.7755575615628914e-17,-0.9152103890919336,-0.21965049338206405,8.0,1.4786685055862754e-105
0.1,-0.99,0.1,0.004841408929889333,-0.17732691378146503,-0.048811220751569795,0.12348047455789125,-0.4881122075156979,-0.7253778857580497,-3.903127820947816e-17,-0.9173890231103837,-0.21775024037708252,8.0,1.4786685055862754e-105
0.1,-0.98,0.1,0.009671378574531151,-0.1760848610991737,-0.048811220751569795,0.1249294654512838,-0.4881122075156979,-0.7235885445693186,-2.688821387764051e-17,-0.9195625094504726,-0.21585447729156057,8.0,1.4786685055862754e-105
0.1,-0.97,0.1,0.014488930432054263,-0.17482833689031094,-0.048811220751569795,0.12637473100854074,-0.4881122075156979,-0.7216526129743286,-2.0816681711721685e-17,-0.921730407786358,-0.21396358818748276,8.0,1.4786685055862754e-105
0.1,-0.96,0.1,0.019293088534606193,-0.17355737987284925,-0.048811220751569795,0.1278159784393063,-0.4881122075156979,-0.7195704865994934,-4.163336342344337e-17,-0.9238922789325064,-0.21207795613223113,8.0,1.4786685055862754e-105
0.1,-0.95,0.1,0.02408287965513164,-0.17227203168860508,-0.048811220751569795,0.12925291577546394,-0.4881122075156979,-0.7173425920415162,-5.204170427930421e-17,-0.9260476849367428,-0.2101979631174249,8.0,1.4786685055862754e-105
0.1,-0.94,0.1,0.02885733351351026,-0.17097233689470717,-0.048811220751569795,0.13068525193297753,-0.4881122075156979,-0.7149693867666309,-4.163336342344337e-17,-0.9281961891730132,-0.20832398997801127,8.0,1.4786685055862754e-105
0.1,-0.9299999999999999,0.1,0.03361548298199181,-0.16965834295444732,-0.048811220751569795,0.132112696773522,-0.4881122075156979,-0.7124513590004077,-3.469446951953614e-17,-0.9303373564338299,-0.20645641631163228,8.0,1.4786685055862754e-105
0.1,-0.92,0.1,0.03835636428986439,-0.16833010022751604,-0.048811220751569795,0.13353496116588376,-0.4881122075156979,-0.7097890276081731,-6.591949208711867e-17,-0.9324707530223726,-0.2045956203982923,8.0,1.4786685055862754e-105
0.1,-0.91,0.1,0.04307901722729571,-0.16698766195962556,-0.048811220751569795,0.13495175704711315,-0.4881122075156979,-0.7069829419661254,-6.591949208711867e-17,-0.9345959468442167,-0.20274197912035052,8.0,1.4786685055862754e-105
0.1,-0.9,0.1,0.04778248534828291,-0.16563108427152243,-0.048811220751569795,0.13636279748340932,-0.4881122075156979,-0.7040336818232142,-2.0816681711721685e-17,-0.9367125074986609,-0.200895867882863,8.0,1.4786685055862754e-105
0.1,-0.89,0.1,0.05246581617265239,-0.1642604261473929,-0.048811220751569795,0.13776779673072015,-0.4881122075156979,-0.700941857153879,-8.326672684688674e-17,-0.9388200063696273,-0.199057660534298,8.0,1.4786685055862754e-105
0.1,-0.88,0.1,0.05712806138704659,-0.16287574942266356,-0.048811220751569795,0.13916647029503842,-0.4881122075156979,-0.6977081080017383,-4.85722573273506e-17,-0.9409180167161045,-0.19722772928764828,8.0,1.4786685055862754e-105
0.1,-0.87,0.1,0.06176827704483935,-0.1614771187712009,-0.048811220751569795,0.14055853499237625,-0.4881122075156979,-0.6943331043143359,-5.551115123125783e-17,-0.9430061137621113,-0.19540644464196463,8.0,1.4786685055862754e-105
0.1,-0.86,0.1,0.06638552376492035,-0.16006460169191253,-0.048811220751569795,0.14194370900840053,-0.4881122075156979,-0.6908175457690541,-9.020562075079397e-17,-0.9450838747861477,-0.19359417530433284,8.0,1.4786685055862754e-105
0.1,-0.85,0.1,0.07097886692928898,-0.15863826849475393,-0.048811220751569795,0.14332171195771115,-0.4881122075156979,-0.6871621615903168,-3.469446951953614e-17,-0.9471508792101136,-0.19179128811231813,8.0,1.4786685055862754e-105
0.1,-0.84,0.1,0.0755473768794018,-0.15719819228614434,-0.048811220751569795,0.14469226494274498,-0.4881122075156979,-0.6833677103582055,-9.020562075079397e-17,-0.9492067086876644,-0.18999814795689887,8.0,1.4786685055862754e-105
0.1,-0.83,0.1,0.08009012911121523,-0.1557444489537956,-0.048811220751569795,0.146055090612289,-0.4881122075156979,-0.6794349798086307,-9.020562075079397e-17,-0.9512509471919804,-0.1882151177059121,8.0,1.4786685055862754e-105
0.1,-0.8200000000000001,0.1,0.08460620446886875,-0.15427711715095746,-0.048811220751569795,0.14740991321958508,-0.4881122075156979,-0.675364786625191,-4.85722573273506e-17,-0.9532831811029245,-0.18644255812803306,8.0,1.4786685055862754e-105
0.1,-0.81,0.1,0.08909468933695298,-0.15279627828008452,-0.048811220751569795,0.14875645868001033,-0.4881122075156979,-0.6711579762228804,-4.163336342344337e-17,-0.9553029992935624,-0.18468082781731,8.0,1.4786685055862754e-105
0.1,-0.8,0.1,0.09355467583130873,-0.15130201647592834,-0.048811220751569795,0.15009445462831705,-0.4881122075156979,-0.666815422523791,-7.632783294297951e-17,-0.9573099932160225,-0.1829302831182754,8.0,1.4786685055862754e-105
0.1,-0.79,0.1,0.09798526198830516,-0.14979441858805917,-0.048811220751569795,0.15142363047541596,-0.4881122075156979,-0.6623380277249763,-1.249000902703301e-16,-0.9593037569866709,-0.1811912780516543,8.0,1.4786685055862754e-105
0.1,-0.78,0.1,0.10238555195254441,-0.14827357416282258,-0.048811220751569795,0.15274371746468776,-0.4881122075156979,-0.6577267220586464,-4.163336342344337e-17,-0.9612838874705786,-0.17946416424069037,8.0,1.4786685055862754e-105
0.1,-0.77,0.1,0.10675465616294216,-0.1467395754247352,-0.048811220751569795,0.15405444872780708,-0.4881122075156979,-0.6529824635448656,-6.938893903907228e-17,-0.9632499843652575,-0.17774929083810925,8.0,1.4786685055862754e-105
0.1,-0.76,0.1,0.11109169153713548,-0.1451925172573247,-0.048811220751569795,0.15535555934006506,-0.4881122075156979,-0.6481062377369337,-1.1102230246251565e-16,-0.9652016502836446,-0.17604700445373841,8.0,1.4786685055862754e-105
0.1,-0.75,0.1,0.11539578165416906,-0.14363249718341914,-0.048811220751569795,0.15664678637517515,-0.4881122075156979,-0.6430990574596379,-6.938893903907228e-17,-0.9671384908363096,-0.1743576490828027,8.0,1.4786685055862754e-105
0.1,-0.74,0.1,0.11966605693541349,-0.14205961534489103,-0.048811220751569795,0.15792786895954847,-0.4881122075156979,-0.6379619625405611,-9.71445146547012e-17,-0.9690601147128697,-0.17268156603491427,8.0,1.4786685055862754e-105
0.1,-0.73,0.1,0.12390165482366912,-0.1404739744818611,-0.048811220751569795,0.15919854832602515,-0.4881122075156979,-0.6326960195346462,-1.249000902703301e-16,-0.9709661337625847,-0.17101909386377395,8.0,1.4786685055862754e-105
0.1,-0.72,0.1,0.1281017199604122,-0.13887567991136784,-0.048811220751569795,0.1604585678670481,-0.4881122075156979,-0.6273023214422111,-6.938893903907228e-17,-0.972856163074119,-0.1693705682976023,8.0,1.4786685055862754e-105
0.1,-0.71,0.1,0.13226540436114018,-0.13726483950550777,-0.048811220751569795,0.16170767318726648,-0.4881122075156979,-0.6217819874206189,-9.71445146547012e-17,-0.9747298210544467,-0.16773632217031656,8.0,1.4786685055862754e-105
0.1,-0.7,0.1,0.13639186758877314,-0.13564156366905294,-0.048811220751569795,0.16294561215555636,-0.4881122075156979,-0.6161361624898092,-9.71445146547012e-17,-0.9765867295068815,-0.16611668535347063,8.0,1.4786685055862754e-105
0.1,-0.69,0.1,0.14048027692507323,-0.13400596531655093,-0.048811220751569795,0.1641721349564464,-0.4881122075156979,-0.6103660172318988,-9.71445146547012e-17,-0.9784265137082165,-0.16451198468897282,8.0,1.4786685055862754e-105
0.1,-0.6799999999999999,0.1,0.14452980754004194,-0.13235815984891386,-0.048811220751569795,0.165386994140937,-0.4881122075156979,-0.6044727474850651,-1.249000902703301e-16,-0.9802488024849525,-0.1629225439225976,8.0,1.4786685055862754e-105
0.1,-0.6699999999999999,0.1,0.148539642659258,-0.13069826512950197,-0.048811220751569795,0.16658994467670182,-0.4881122075156979,-0.5984575740319249,-1.249000902703301e-16,-0.9820532282885998,-0.16134868363830532,8.0,1.4786685055862754e-105
0.1,-0.6599999999999999,0.1,0.15250897372912012,-0.12902640145970865,-0.048811220751569795,0.16778074399766046,-0.4881122075156979,-0.592321742282626,-5.551115123125783e-17,-0.9838394272700377,-0.15979072119338444,8.0,1.4786685055862754e-105
0.1,-0.6499999999999999,0.1,0.15643700057996024,-0.12734269155405264,-0.048811220751569795,0.16895915205291248,-0.4881122075156979,-0.5860665219528697,-9.71445146547012e-17,-0.9856070393529157,-0.15824897065442967,8.0,1.4786685055862754e-105
0.1,-0.64,0.1,0.1603229315869933,-0.12564726051478434,-0.048811220751569795,0.17012493135502238,-0.4881122075156979,-0.5796932067370825,-1.5265566588595902e-16,-0.9873557083060805,-0.15672374273416922,8.0,1.4786685055862754e-105
0.1,-0.63,0.1,0.16416598382907371,-0.12394023580601249,-0.048811220751569795,0.17127784702764653,-0.4881122075156979,-0.5732031139769574,-1.249000902703301e-16,-0.9890850818150169,-0.15521534472915266,8.0,1.4786685055862754e-105
0.1,-0.62,0.1,0.16796538324522609,-0.12222174722735783,-0.048811220751569795,0.17241766685249227,-0.4881122075156979,-0.5665975843255862,-5.551115123125783e-17,-0.9907948115522853,-0.15372408045831282,8.0,1.4786685055862754e-105
0.1,-0.61,0.1,0.17172036478892358,-0.12049192688714064,-0.048811220751569795,0.17354416131560152,-0.4881122075156979,-0.559877981407401,-2.7755575615628914e-17,-0.9924845532469492,-0.15225025020241156,8.0,1.4786685055862754e-105
0.1,-0.6,0.1,0.1754301725800854,-0.11875090917510889,-0.048811220751569795,0.17465710365295,-0.4881122075156979,-0.5530456914741491,-1.942890293094024e-16,-0.9941539667529721,-0.15079415064438056,8.0,1.4786685055862754e-105
0.1,-0.59,0.1,0.17909406005476836,-0.11699883073471358,-0.048811220751569795,0.17575626989535492,-0.4881122075156979,-0.5461021230571176,-1.3877787807814457e-16,-0.9958027161165793,-0.1493560748105675,8.0,1.4786685055862754e-105
0.1,-0.5800000000000001,0.1,0.1827112901125283,-0.11523583043493901,-0.048811220751569795,0.1768414389126829,-0.4881122075156979,-0.5390487066158282,-1.3877787807814457e-16,-0.9974304696425713,-0.14793631201289675,8.0,1.4786685055862754e-105
0.1,-0.5700000000000001,0.1,0.18628113526142756,-0.11346204934169385,-0.048811220751569795,0.17791239245735269,-0.4881122075156979,-0.5318868941834176,-1.1102230246251565e-16,-0.999036899959576,-0.14653514779195376,8.0,1.4786685055862754e-105
0.1,-0.56,0.1,0.1898028777606688,-0.11167763068877132,-0.048811220751569795,0.17896891520712505,-0.4881122075156979,-0.524618159008924,-9.71445146547012e-17,-1.0006216840842346,-0.14515286386100157,8.0,1.4786685055862754e-105
0.1,-0.55,0.1,0.1932758097608336,-0.10988271984838474,-0.048811220751569795,0.18001079480717447,-0.4881122075156979,-0.5172439951966853,-1.942890293094024e-16,-1.0021845034843089,-0.1437897380509369,8.0,1.4786685055862754e-105
0.1,-0.54,0.1,0.1966992334417085,-0.10807746430128595,-0.048811220751569795,0.18103782191143694,-0.4881122075156979,-0.5097659173430681,-1.3877787807814457e-16,-1.0037250441407024,-0.1424460442561935,8.0,1.4786685055862754e-105
0.1,-0.53,0.1,0.20007246114768049,-0.10626201360647416,-0.048811220751569795,0.18204979022322854,-0.4881122075156979,-0.5021854601707303,-1.6653345369377348e-16,-1.0052429966083898,-0.1411220523815995,8.0,1.4786685055862754e-105
0.1,-0.52,0.1,0.20339481552068703,-0.10443651937050195,-0.048811220751569795,0.1830464965351305,-0.4881122075156979,-0.49450417816062514,-1.6653345369377348e-16,-1.006738056076243,-0.13981802829019443,8.0,1.4786685055862754e-105
0.1,-0.51,0.1,0.20666562963070553,-0.1026011352163864,-0.048811220751569795,0.18402774076813608,-0.4881122075156979,-0.4867236451819457,-1.3877787807814457e-16,-1.0082099224257512,-0.13853423375201218,8.0,1.4786685055862754e-105
0.1,-0.5,0.1,0.20988424710376963,-0.10075601675213225,-0.048811220751569795,0.1849933260100553,-0.4881122075156979,-0.4788454541202126,-1.3877787807814457e-16,-1.00965830028863,-0.1372709263938345,8.0,1.4786685055862754e-105
0.1,-0.49,0.1,0.21305002224750008,-0.0989013215388748,-0.048811220751569795,0.18594305855317445,-0.4881122075156979,-0.4708712165036923,-1.3877787807814457e-16,-1.0110828991033085,-0.1360283596499203,8.0,1.4786685055862754e-105
0.1,-0.48,0.1,0.21616232017414064,-0.09703720905865003,-0.048811220751569795,0.1868767479311666,-0.4881122075156979,-0.4628025621283397,-1.3877787807814457e-16,-1.012483433170297,-0.13480678271371388,8.0,1.4786685055862754e-105
0.1,-0.47,0.1,0.2192205169210884,-0.09516384068179927,-0.048811220751569795,0.1877942069552509,-0.4881122075156979,-0.45464113868145045,-2.220446049250313e-16,-1.0138596217064235,-0.1336064404905369,8.0,1.4786685055862754e-105
0.1,-0.45999999999999996,0.1,0.2222239995689121,-0.09328137963401609,-0.048811220751569795,0.18869525174959803,-0.4881122075156979,-0.44638861136419833,-1.1102230246251565e-16,-1.015211188897944,-0.13242757355126608,8.0,1.4786685055862754e-105
0.1,-0.44999999999999996,0.1,0.22517216635685045,-0.09138999096304293,-0.048811220751569795,0.18957970178597955,-0.4881122075156979,-0.4380466625132367,-8.326672684688674e-17,-1.0165378639525162,-0.1312704180870003,8.0,1.4786685055862754e-105
0.1,-0.43999999999999995,0.1,0.22806442679578492,-0.08948984150502493,-0.048811220751569795,0.19044737991765992,-0.4881122075156979,-0.42961699122153074,-5.551115123125783e-17,-1.0178393811500368,-0.1301352058647185,8.0,1.4786685055862754e-105
0.1,-0.42999999999999994,0.1,0.23090020177868323,-0.08758109985052877,-0.048811220751569795,0.19129811241252936,-0.4881122075156979,-0.42110131295858444,-1.3877787807814457e-16,-1.0191154798923412,-0.12902216418393092,8.0,1.4786685055862754e-105
0.1,-0.42000000000000004,0.1,0.23367892368850843,-0.08566393631023395,-0.048811220751569795,0.19213172898547692,-0.4881122075156979,-0.4125013591902211,-1.3877787807814457e-16,-1.0203659047517624,-0.12793151583432452,8.0,1.4786685055862754e-105
0.1,-0.41000000000000003,0.1,0.23640003650359362,-0.08373852288030394,-0.048811220751569795,0.1929480628300025,-0.4881122075156979,-0.4038188769980652,-1.1102230246251565e-16,-1.0215904055185507,-0.1268634790544036,8.0,1.4786685055862754e-105
0.1,-0.4,0.1,0.23906299590047783,-0.0818050332074454,-0.048811220751569795,0.19374695064906772,-0.4881122075156979,-0.3950556286988762,-1.6653345369377348e-16,-1.0227887372471487,-0.12581826749112657,8.0,1.4786685055862754e-105
0.1,-0.39,0.1,0.24166726935420468,-0.0798636425536623,-0.048811220751569795,0.1945282326851858,-0.4881122075156979,-0.38621339146386763,-1.942890293094024e-16,-1.0239606603013258,-0.12479609016053879,8.0,1.4786685055862754e-105
0.1,-0.38,0.1,0.2442123362360838,-0.07791452776071325,-0.048811220751569795,0.19529175274974953,-0.4881122075156979,-0.37729395693814555,-1.6653345369377348e-16,-1.0251059403981713,-0.1237971514094012,8.0,1.4786685055862754e-105
0.1,-0.37,0.1,0.24669768790891516,-0.07595786721427916,-0.048811220751569795,0.19603735825159893,-0.4881122075156979,-0.36829913086039245,-1.942890293094024e-16,-1.0262243486509455,-0.12282165087781492,8.0,1.4786685055862754e-105
0.1,-0.36,0.1,0.24912282781967968,-0.07399384080784915,-0.048811220751569795,0.1967649002248283,-0.4881122075156979,-0.35923073268291356,-1.6653345369377348e-16,-1.0273156616107895,-0.12186978346283983,8.0,1.4786685055862754e-105
0.1,-0.35,0.1,0.25148727158969825,-0.07202262990633207,-0.048811220751569795,0.19747423335583386,-0.4881122075156979,-0.35009059519215574,-1.942890293094024e-16,-1.028379661307298,-0.12094173928310753,8.0,1.4786685055862754e-105
0.1,-0.33999999999999997,0.1,0.2537905471022622,-0.0700444173094015,-0.048811220751569795,0.19816521600960307,-0.4881122075156979,-0.34088056412980605,-8.326672684688674e-17,-1.0294161352879516,-0.12003770364442617,8.0,1.4786685055862754e-105
0.1,-0.32999999999999996,0.1,0.25603219458774107,-0.06805938721458143,-0.048811220751569795,0.1988377102552467,-0.4881122075156979,-0.3316024978145629,-1.942890293094024e-16,-1.0304248766564172,-0.11915785700637571,8.0,1.4786685055862754e-105
0.1,-0.31999999999999995,0.1,0.2582117667061703,-0.06606772518008064,-0.048811220751569795,0.19949158189077548,-0.4881122075156979,-0.3222582667646728,-1.3877787807814457e-16,-1.0314056841097103,-0.11830237494989226,8.0,1.4786685055862754e-105
0.1,-0.30999999999999994,0.1,0.2603288286273256,-0.06406961808738278,-0.048811220751569795,0.20012670046712205,-0.4881122075156979,-0.31284975332131143,-2.220446049250313e-16,-1.0323583619742303,-0.1174714281458388,8.0,1.4786685055862754e-105
0.1,-0.29999999999999993,0.1,0.26238295810828965,-0.06206525410360045,-0.048811220751569795,0.2007429393114113,-0.4881122075156979,-0.3033788512728877,-1.3877787807814457e-16,-1.0332827202406638,-0.11666518232456041,8.0,1.4786685055862754e-105
0.1,-0.29000000000000004,0.1,0.26437374556851784,-0.06005482264359982,-0.048811220751569795,0.20134017554947975,-0.4881122075156979,-0.29384746548033397,-1.1102230246251565e-16,-1.0341785745977665,-0.11588379824642084,8.0,1.4786685055862754e-105
0.1,-0.28,0.1,0.2663007941624085,-0.05803851433190406,-0.048811220751569795,0.20191829012764695,-0.4881122075156979,-0.2842575115034456,-1.3877787807814457e-16,-1.0350457464650176,-0.11512743167331876,8.0,1.4786685055862754e-105
0.1,-0.27,0.1,0.26816371984938586,-0.05601652096438289,-0.048811220751569795,0.20247716783374015,-0.4881122075156979,-0.2746109152283216,-1.6653345369377348e-16,-1.0358840630241573,-0.11439623334118015,8.0,1.4786685055862754e-105
0.1,-0.26,0.1,0.26996215146150443,-0.05398903546973538,-0.048811220751569795,0.2030166973173757,-0.4881122075156979,-0.2649096124959505,-1.942890293094024e-16,-1.0366933572496106,-0.11369034893342361,8.0,1.4786685055862754e-105
0.1,-0.25,0.1,0.27169573076857906,-0.05195625187077378,-0.048811220751569795,0.20353677110949814,-0.4881122075156979,-0.2551555487319817,-1.3877787807814457e-16,-1.0374734679377942,-0.11300991905539681,8.0,1.4786685055862754e-105
0.1,-0.24,0.1,0.27336411254085263,-0.04991836524551558,-0.048811220751569795,0.20403728564118018,-0.4881122075156979,-0.2453506785777111,-1.6653345369377348e-16,-1.0382242397353174,-0.11235507920977944,8.0,1.4786685055862754e-105
0.1,-0.22999999999999998,0.1,0.2749669646092067,-0.04787557168809137,-0.048811220751569795,0.2045181412616864,-0.4881122075156979,-0.23549696552230584,-1.942890293094024e-16,-1.0389455231660767,-0.11172595977295048,8.0,1.4786685055862754e-105
0.1,-0.21999999999999997,0.1,0.27650396792292525,-0.04582806826947562,-0.048811220751569795,0.204979242255802,-0.4881122075156979,-0.22559638153628556,-1.1102230246251565e-16,-1.03963717465725,-0.11112268597231591,8.0,1.4786685055862754e-105
0.1,-0.20999999999999996,0.1,0.2779748166050185,-0.04377605299804786,-0.048811220751569795,0.20542049686042996,-0.4881122075156979,-0.2156509067062683,-1.1102230246251565e-16,-1.0402990565641919,-0.11054537786459433,8.0,1.4786685055862754e-105
0.1,-0.19999999999999996,0.1,0.2793792180051164,-0.041719724779991585,-0.048811220751569795,0.2058418172804593,-0.4881122075156979,-0.2056625288709864,-1.3877787807814457e-16,-1.040931037194236,-0.10999415031505592,8.0,1.4786685055862754e-105
0.1,-0.18999999999999995,0.1,0.28071689274993966,-0.03965928337953812,-0.048811220751569795,0.2062431197039063,-0.4881122075156979,-0.19563324325856699,-1.3877787807814457e-16,-1.0415329908294064,-0.10946911297771278,8.0,1.4786685055862754e-105
0.1,-0.17999999999999994,0.1,0.2819875747913566,-0.03759492937906257,-0.048811220751569795,0.20662432431633138,-0.4881122075156979,-0.18556505212506894,-1.6653345369377348e-16,-1.0421047977480442,-0.10897037027645662,8.0,1.4786685055862754e-105
0.1,-0.16999999999999993,0.1,0.2831910114520348,-0.03552686413903937,-0.048811220751569795,0.20698535531453485,-0.4881122075156979,-0.17545996439425912,-1.3877787807814457e-16,-1.0426463442453493,-0.10849802138714046,8.0,1.4786685055862754e-105
0.1,-0.16000000000000003,0.1,0.2843269634686952,-0.033455289757864416,-0.048811220751569795,0.20732614091953294,-0.4881122075156979,-0.16531999529860633,-1.6653345369377348e-16,-1.0431575226528464,-0.10805216022060124,8.0,1.4786685055862754e-105
0.1,-0.15000000000000002,0.1,0.28539520503297633,-0.0313804090315509,-0.048811220751569795,0.2076466133888173,-0.4881122075156979,-0.15514716602146525,-1.6653345369377348e-16,-1.043638231356773,-0.10763287540662088,8.0,1.4786685055862754e-105
0.1,-0.14,0.1,0.28639552382991795,-0.029302425413306403,-0.048811220751569795,0.2079467090278998,-0.4881122075156979,-0.1449435033404167,-1.1102230246251565e-16,-1.0440883748153966,-0.10724025027882128,8.0,1.4786685055862754e-105
0.1,-0.13,0.1,0.28732772107406973,-0.02722154297299781,-0.048811220751569795,0.20822636820114532,-0.4881122075156979,-0.134711039271725,-1.6653345369377348e-16,-1.044507863575265,-0.10687436286049173,8.0,1.4786685055862754e-105
0.1,-0.12,0.1,0.2881916115432339,-0.025137966356511644,-0.048811220751569795,0.20848553534189457,-0.4881122075156979,-0.12445181071586915,-1.942890293094024e-16,-1.044896614286389,-0.10653528585134478,8.0,1.4786685055862754e-105
0.1,-0.10999999999999999,0.1,0.2889870236098476,-0.023051900745016597,-0.048811220751569795,0.20872415896187868,-0.4881122075156979,-0.11416785910409863,-1.6653345369377348e-16,-1.045254549716365,-0.1062230866151989,8.0,1.4786685055862754e-105
0.1,-0.09999999999999998,0.1,0.2897137992700132,-0.020963551814135534,-0.048811220751569795,0.20894219165992833,-0.4881122075156979,-0.1038612300459604,-1.6653345369377348e-16,-1.0455815987634396,-0.10593782716858394,8.0,1.4786685055862754e-105
0.1,-0.08999999999999997,0.1,0.29037179417018055,-0.018873125693033857,-0.048811220751569795,0.20913959012997854,-0.4881122075156979,-0.09353397297773972,-1.6653345369377348e-16,-1.0458776964685148,-0.10567956417026822,8.0,1.4786685055862754e-105
0.1,-0.07999999999999996,0.1,0.29096087763148976,-0.016780828923431385,-0.048811220751569795,0.20931631516837132,-0.4881122075156979,-0.08318814081175263,-1.942890293094024e-16,-1.046142784026104,-0.10544834891170439,8.0,1.4786685055862754e-105
0.1,-0.06999999999999995,0.1,0.2914809326717774,-0.014686868418544672,-0.048811220751569795,0.20947233168045762,-0.4881122075156979,-0.07282578958642517,-1.6653345369377348e-16,-1.0463768087942336,-0.10524422730839147,8.0,1.4786685055862754e-105
0.1,-0.05999999999999994,0.1,0.2919318560252533,-0.01259145142196684,-0.048811220751569795,0.20960760868650039,-0.4881122075156979,-0.06244897811709023,-1.6653345369377348e-16,-1.0465797243032977,-0.1050672398921522,8.0,1.4786685055862754e-105
0.1,-0.04999999999999993,0.1,0.2923135581598505,-0.010494785466491841,-0.048811220751569795,0.20972211932687956,-0.4881122075156979,-0.052059767647430186,-1.1102230246251565e-16,-1.0467514902638664,-0.10491742180432276,8.0,1.4786685055862754e-105
0.1,-0.040000000000000036,0.1,0.2926259632922545,-0.008397078332890186,-0.048811220751569795,0.20981584086660077,-0.4881122075156979,-0.04166022150149099,-1.1102230246251565e-16,-1.046892072573448,-0.10479480278985419,8.0,1.4786685055862754e-105
0.1,-0.030000000000000027,0.1,0.2928690094006136,-0.006298538008642961,-0.048811220751569795,0.20988875469910845,-0.4881122075156979,-0.031252404736189746,-1.942890293094024e-16,-1.0470014433222097,-0.10469940719232328,8.0,1.4786685055862754e-105
0.1,-0.020000000000000018,0.1,0.29304264823493414,-0.004199372646641392,-0.048811220751569795,0.20994084634940466,-0.4881122075156979,-0.02083838379423834,-1.3877787807814457e-16,-1.047079580797654,-0.10463125394985244,8.0,1.4786685055862754e-105
0.1,-0.010000000000000009,0.1,0.2931468453251635,-0.002099790523858489,-0.048811220751569795,0.20997210547647344,-0.4881122075156979,-0.010420226157400354,-1.3877787807814457e-16,-1.0471264694882572,-0.10459035659193743,8.0,1.4786685055862754e-105
0.1,0.0,0.1,0.29318157998696154,0.0,-0.048811220751569795,0.20998252587501284,-0.4881122075156979,0.0,-1.942890293094024e-16,-1.0471421000860663,-0.10457672323718172,8.0,1.4786685055862754e-105
0.1,0.010000000000000009,0.1,0.2931468453251635,0.002099790523858489,-0.048811220751569795,0.20997210547647344,-0.4881122075156979,0.010420226157400354,-1.3877787807814457e-16,-1.0471264694882572,-0.10459035659193743,8.0,1.4786685055862754e-105
0.1,0.020000000000000018,0.1,0.29304264823493414,0.004199372646641392,-0.048811220751569795,0.20994084634940466,-0.4881122075156979,0.02083838379423834,-1.3877787807814457e-16,-1.047079580797654,-0.10463125394985244,8.0,1.4786685055862754e-105
0.1,0.030000000000000027,0.1,0.2928690094006136,0.006298538008642961,-0.048811220751569795,0.20988875469910845,-0.4881122075156979,0.031252404736189746,-1.942890293094024e-16,-1.0470014433222097,-0.10469940719232328,8.0,1.4786685055862754e-105
0.1,0.040000000000000036,0.1,0.2926259632922545,0.008397078332890186,-0.048811220751569795,0.20981584086660077,-0.4881122075156979,0.04166022150149099,-1.1102230246251565e-16,-1.046892072573448,-0.10479480278985419,8.0,1.4786685055862754e-105
0.1,0.050000000000000044,0.1,0.2923135581598505,0.010494785466491865,-0.048811220751569795,0.20972211932687956,-0.4881122075156979,0.052059767647430304,-1.1102230246251565e-16,-1.0467514902638664,-0.10491742180432276,8.0,1.4786685055862754e-105
0.1,0.06000000000000005,0.1,0.2919318560252533,0.012591451421966864,-0.048811220751569795,0.20960760868650039,-0.4881122075156979,0.06244897811709035,-1.6653345369377348e-16,-1.0465797243032977,-0.1050672398921522,8.0,1.4786685055862754e-105
0.1,0.07000000000000006,0.1,0.2914809326717774,0.014686868418544696,-0.048811220751569795,0.20947233168045762,-0.4881122075156979,0.07282578958642529,-1.6653345369377348e-16,-1.0463768087942336,-0.10524422730839147,8.0,1.4786685055862754e-105
0.1,0.08000000000000007,0.1,0.29096087763148976,0.01678082892343141,-0.048811220751569795,0.2093163151683713,-0.4881122075156979,0.08318814081175274,-1.942890293094024e-16,-1.046142784026104,-0.10544834891170439,8.0,1.4786685055862754e-105
0.1,0.09000000000000008,0.1,0.29037179417018055,0.01887312569303388,-0.048811220751569795,0.20913959012997854,-0.4881122075156979,0.09353397297773984,-1.6653345369377348e-16,-1.0458776964685148,-0.10567956417026822,8.0,1.4786685055862754e-105
0.1,0.10000000000000009,0.1,0.2897137992700132,0.020963551814135558,-0.048811220751569795,0.20894219165992833,-0.4881122075156979,0.10386123004596055,-1.6653345369377348e-16,-1.0455815987634396,-0.10593782716858394,8.0,1.4786685055862754e-105
0.1,0.1100000000000001,0.1,0.2889870236098476,0.023051900745016618,-0.048811220751569795,0.20872415896187868,-0.4881122075156979,0.11416785910409875,-1.6653345369377348e-16,-1.045254549716365,-0.1062230866151989,8.0,1.4786685055862754e-105
0.1,0.1200000000000001,0.1,0.2881916115432339,0.025137966356511665,-0.048811220751569795,0.20848553534189457,-0.4881122075156979,0.12445181071586928,-1.942890293094024e-16,-1.044896614286389,-0.10653528585134478,8.0,1.4786685055862754e-105
0.1,0.13000000000000012,0.1,0.28732772107406973,0.027221542972997836,-0.048811220751569795,0.20822636820114532,-0.4881122075156979,0.13471103927172512,-1.6653345369377348e-16,-1.044507863575265,-0.10687436286049173,8.0,1.4786685055862754e-105
0.1,0.14000000000000012,0.1,0.28639552382991795,0.029302425413306424,-0.048811220751569795,0.20794670902789977,-0.4881122075156979,0.1449435033404168,-1.942890293094024e-16,-1.0440883748153966,-0.10724025027882131,8.0,1.4786685055862754e-105
0.1,0.15000000000000013,0.1,0.28539520503297633,0.03138040903155093,-0.048811220751569795,0.2076466133888173,-0.4881122075156979,0.1551471660214654,-1.6653345369377348e-16,-1.043638231356773,-0.10763287540662088,8.0,1.4786685055862754e-105
0.1,0.15999999999999992,0.1,0.2843269634686952,0.033455289757864395,-0.048811220751569795,0.20732614091953294,-0.4881122075156979,0.16531999529860622,-1.6653345369377348e-16,-1.0431575226528464,-0.10805216022060124,8.0,1.4786685055862754e-105
0.1,0.16999999999999993,0.1,0.2831910114520348,0.03552686413903937,-0.048811220751569795,0.20698535531453485,-0.4881122075156979,0.17545996439425912,-1.3877787807814457e-16,-1.0426463442453493,-0.10849802138714046,8.0,1.4786685055862754e-105
0.1,0.17999999999999994,0.1,0.2819875747913566,0.03759492937906257,-0.048811220751569795,0.20662432431633138,-0.4881122075156979,0.18556505212506894,-1.6653345369377348e-16,-1.0421047977480442,-0.10897037027645662,8.0,1.4786685055862754e-105
0.1,0.18999999999999995,0.1,0.28071689274993966,0.03965928337953812,-0.048811220751569795,0.2062431197039063,-0.4881122075156979,0.19563324325856699,-1.3877787807814457e-16,-1.0415329908294064,-0.10946911297771278,8.0,1.4786685055862754e-105
0.1,0.19999999999999996,0.1,0.2793792180051164,0.041719724779991585,-0.048811220751569795,0.2058418172804593,-0.4881122075156979,0.2056625288709864,-1.3877787807814457e-16,-1.040931037194236,-0.10999415031505592,8.0,1.4786685055862754e-105
0.1,0.20999999999999996,0.1,0.2779748166050185,0.04377605299804786,-0.048811220751569795,0.20542049686042996,-0.4881122075156979,0.2156509067062683,-1.1102230246251565e-16,-1.0402990565641919,-0.11054537786459433,8.0,1.4786685055862754e-105
0.1,0.21999999999999997,0.1,0.27650396792292525,0.04582806826947562,-0.048811220751569795,0.204979242255802,-0.4881122075156979,0.22559638153628556,-1.1102230246251565e-16,-1.03963717465725,-0.11112268597231591,8.0,1.4786685055862754e-105
0.1,0.22999999999999998,0.1,0.2749669646092067,0.04787557168809137,-0.048811220751569795,0.2045181412616864,-0.4881122075156979,0.23549696552230584,-1.942890293094024e-16,-1.0389455231660767,-0.11172595977295048,8.0,1.4786685055862754e-105
0.1,0.24,0.1,0.27336411254085263,0.04991836524551558,-0.048811220751569795,0.20403728564118018,-0.4881122075156979,0.2453506785777111,-1.6653345369377348e-16,-1.0382242397353174,-0.11235507920977944,8.0,1.4786685055862754e-105
0.1,0.25,0.1,0.27169573076857906,0.05195625187077378,-0.048811220751569795,0.20353677110949814,-0.4881122075156979,0.2551555487319817,-1.3877787807814457e-16,-1.0374734679377942,-0.11300991905539681,8.0,1.4786685055862754e-105
0.1,0.26,0.1,0.26996215146150443,0.05398903546973538,-0.048811220751569795,0.2030166973173757,-0.4881122075156979,0.2649096124959505,-1.942890293094024e-16,-1.0366933572496106,-0.11369034893342361,8.0,1.4786685055862754e-105
0.1,0.27,0.1,0.26816371984938586,0.05601652096438289,-0.048811220751569795,0.20247716783374015,-0.4881122075156979,0.2746109152283216,-1.6653345369377348e-16,-1.0358840630241573,-0.11439623334118015,8.0,1.4786685055862754e-105
0.1,0.28,0.1,0.2663007941624085,0.05803851433190406,-0.048811220751569795,0.20191829012764695,-0.4881122075156979,0.2842575115034456,-1.3877787807814457e-16,-1.0350457464650176,-0.11512743167331876,8.0,1.4786685055862754e-105
0.1,0.29000000000000004,0.1,0.26437374556851784,0.06005482264359982,-0.048811220751569795,0.20134017554947975,-0.4881122075156979,0.29384746548033397,-1.1102230246251565e-16,-1.0341785745977665,-0.11588379824642084,8.0,1.4786685055862754e-105
0.1,0.30000000000000004,0.1,0.26238295810828954,0.062065254103600476,-0.048811220751569795,0.2007429393114113,-0.4881122075156979,0.30337885127288783,-8.326672684688674e-17,-1.0332827202406638,-0.11666518232456044,8.0,1.4786685055862754e-105
0.1,0.31000000000000005,0.1,0.2603288286273255,0.0640696180873828,-0.048811220751569795,0.20012670046712205,-0.4881122075156979,0.3128497533213116,-1.3877787807814457e-16,-1.03235836197423,-0.11747142814583883,8.0,1.4786685055862754e-105
0.1,0.32000000000000006,0.1,0.2582117667061702,0.06606772518008064,-0.048811220751569795,0.19949158189077548,-0.4881122075156979,0.3222582667646729,-5.551115123125783e-17,-1.0314056841097101,-0.11830237494989229,8.0,1.4786685055862754e-105
0.1,0.33000000000000007,0.1,0.25603219458774107,0.06805938721458146,-0.048811220751569795,0.1988377102552467,-0.4881122075156979,0.3316024978145631,-1.942890293094024e-16,-1.0304248766564172,-0.11915785700637571,8.0,1.4786685055862754e-105
0.1,0.3400000000000001,0.1,0.2537905471022622,0.07004441730940153,-0.048811220751569795,0.19816521600960305,-0.4881122075156979,0.3408805641298061,-1.3877787807814457e-16,-1.0294161352879516,-0.12003770364442617,8.0,1.4786685055862754e-105
0.1,0.3500000000000001,0.1,0.25148727158969814,0.0720226299063321,-0.048811220751569795,0.19747423335583386,-0.4881122075156979,0.3500905951921558,-1.3877787807814457e-16,-1.0283796613072977,-0.12094173928310756,8.0,1.4786685055862754e-105
0.1,0.3600000000000001,0.1,0.24912282781967968,0.07399384080784918,-0.048811220751569795,0.1967649002248283,-0.4881122075156979,0.3592307326829136,-1.6653345369377348e-16,-1.0273156616107895,-0.12186978346283983,8.0,1.4786685055862754e-105
0.1,0.3700000000000001,0.1,0.24669768790891508,0.07595786721427919,-0.048811220751569795,0.19603735825159893,-0.4881122075156979,0.3682991308603925,-1.6653345369377348e-16,-1.0262243486509455,-0.12282165087781494,8.0,1.4786685055862754e-105
0.1,0.3800000000000001,0.1,0.2442123362360838,0.07791452776071327,-0.048811220751569795,0.19529175274974953,-0.4881122075156979,0.37729395693814566,-1.6653345369377348e-16,-1.0251059403981713,-0.1237971514094012,8.0,1.4786685055862754e-105
0.1,0.3900000000000001,0.1,0.24166726935420457,0.07986364255366232,-0.048811220751569795,0.1945282326851858,-0.4881122075156979,0.3862133914638677,-1.3877787807814457e-16,-1.0239606603013258,-0.1247960901605388,8.0,1.4786685055862754e-105
0.1,0.40000000000000013,0.1,0.23906299590047772,0.08180503320744542,-0.048811220751569795,0.19374695064906772,-0.4881122075156979,0.3950556286988763,-1.1102230246251565e-16,-1.0227887372471485,-0.1258182674911266,8.0,1.4786685055862754e-105
0.1,0.4099999999999999,0.1,0.23640003650359365,0.08373852288030391,-0.048811220751569795,0.1929480628300025,-0.4881122075156979,0.403818876998065,-1.3877787807814457e-16,-1.0215904055185507,-0.1268634790544036,8.0,1.4786685055862754e-105
0.1,0.41999999999999993,0.1,0.23367892368850843,0.08566393631023392,-0.048811220751569795,0.19213172898547692,-0.4881122075156979,0.4125013591902209,-1.3877787807814457e-16,-1.0203659047517624,-0.12793151583432452,8.0,1.4786685055862754e-105
0.1,0.42999999999999994,0.1,0.23090020177868323,0.08758109985052877,-0.048811220751569795,0.19129811241252936,-0.4881122075156979,0.42110131295858444,-1.3877787807814457e-16,-1.0191154798923412,-0.12902216418393092,8.0,1.4786685055862754e-105
0.1,0.43999999999999995,0.1,0.22806442679578492,0.08948984150502493,-0.048811220751569795,0.19044737991765992,-0.4881122075156979,0.42961699122153074,-5.551115123125783e-17,-1.0178393811500368,-0.1301352058647185,8.0,1.4786685055862754e-105
0.1,0.44999999999999996,0.1,0.22517216635685045,0.09138999096304293,-0.048811220751569795,0.18957970178597955,-0.4881122075156979,0.4380466625132367,-8.326672684688674e-17,-1.0165378639525162,-0.1312704180870003,8.0,1.4786685055862754e-105
0.1,0.45999999999999996,0.1,0.2222239995689121,0.09328137963401609,-0.048811220751569795,0.18869525174959803,-0.4881122075156979,0.44638861136419833,-1.1102230246251565e-16,-1.015211188897944,-0.13242757355126608,8.0,1.4786685055862754e-105
0.1,0.47,0.1,0.2192205169210884,0.09516384068179927,-0.048811220751569795,0.1877942069552509,-0.4881122075156979,0.45464113868145045,-2.220446049250313e-16,-1.0138596217064235,-0.1336064404905369,8.0,1.4786685055862754e-105
0.1,0.48,0.1,0.21616232017414064,0.09703720905865003,-0.048811220751569795,0.1868767479311666,-0.4881122075156979,0.4628025621283397,-1.3877787807814457e-16,-1.012483433170297,-0.13480678271371388,8.0,1.4786685055862754e-105
0.1,0.49,0.1,0.21305002224750008,0.0989013215388748,-0.048811220751569795,0.18594305855317445,-0.4881122075156979,0.4708712165036923,-1.3877787807814457e-16,-1.0110828991033085,-0.1360283596499203,8.0,1.4786685055862754e-105
0.1,0.5,0.1,0.20988424710376963,0.10075601675213225,-0.048811220751569795,0.1849933260100553,-0.4881122075156979,0.4788454541202126,-1.3877787807814457e-16,-1.00965830028863,-0.1372709263938345,8.0,1.4786685055862754e-105
0.1,0.51,0.1,0.20666562963070553,0.1026011352163864,-0.048811220751569795,0.18402774076813608,-0.4881122075156979,0.4867236451819457,-1.3877787807814457e-16,-1.0082099224257512,-0.13853423375201218,8.0,1.4786685055862754e-105
0.1,0.52,0.1,0.20339481552068703,0.10443651937050195,-0.048811220751569795,0.1830464965351305,-0.4881122075156979,0.49450417816062514,-1.6653345369377348e-16,-1.006738056076243,-0.13981802829019443,8.0,1.4786685055862754e-105
0.1,0.53,0.1,0.20007246114768049,0.10626201360647416,-0.048811220751569795,0.18204979022322854,-0.4881122075156979,0.5021854601707303,-1.6653345369377348e-16,-1.0052429966083898,-0.1411220523815995,8.0,1.4786685055862754e-105
0.1,0.54,0.1,0.1966992334417085,0.10807746430128595,-0.048811220751569795,0.18103782191143694,-0.4881122075156979,0.5097659173430681,-1.3877787807814457e-16,-1.0037250441407024,-0.1424460442561935,8.0,1.4786685055862754e-105
0.1,0.55,0.1,0.1932758097608336,0.10988271984838474,-0.048811220751569795,0.18001079480717447,-0.4881122075156979,0.5172439951966853,-1.942890293094024e-16,-1.0021845034843089,-0.1437897380509369,8.0,1.4786685055862754e-105
0.1,0.56,0.1,0.1898028777606688,0.11167763068877132,-0.048811220751569795,0.17896891520712505,-0.4881122075156979,0.524618159008924,-9.71445146547012e-17,-1.0006216840842346,-0.14515286386100157,8.0,1.4786685055862754e-105
0.1,0.5700000000000001,0.1,0.18628113526142756,0.11346204934169385,-0.048811220751569795,0.17791239245735269,-0.4881122075156979,0.5318868941834176,-1.1102230246251565e-16,-0.999036899959576,-0.14653514779195376,8.0,1.4786685055862754e-105
0.1,0.5800000000000001,0.1,0.1827112901125283,0.11523583043493901,-0.048811220751569795,0.1768414389126829,-0.4881122075156979,0.5390487066158282,-1.3877787807814457e-16,-0.9974304696425713,-0.14793631201289675,8.0,1.4786685055862754e-105
0.1,0.5900000000000001,0.1,0.17909406005476836,0.11699883073471361,-0.048811220751569795,0.17575626989535492,-0.4881122075156979,0.5461021230571177,-1.3877787807814457e-16,-0.9958027161165793,-0.1493560748105675,8.0,1.4786685055862754e-105
0.1,0.6000000000000001,0.1,0.1754301725800854,0.11875090917510889,-0.048811220751569795,0.17465710365295,-0.4881122075156979,0.5530456914741491,-1.942890293094024e-16,-0.9941539667529721,-0.15079415064438056,8.0,1.4786685055862754e-105
0.1,0.6100000000000001,0.1,0.1717203647889235,0.12049192688714067,-0.048811220751569795,0.1735441613156015,-0.4881122075156979,0.559877981407401,-2.7755575615628914e-17,-0.9924845532469492,-0.15225025020241156,8.0,1.4786685055862754e-105
0.1,0.6200000000000001,0.1,0.16796538324522603,0.12222174722735785,-0.048811220751569795,0.17241766685249224,-0.4881122075156979,0.5665975843255863,-1.1102230246251565e-16,-0.9907948115522853,-0.15372408045831287,8.0,1.4786685055862754e-105
0.1,0.6300000000000001,0.1,0.1641659838290737,0.1239402358060125,-0.048811220751569795,0.17127784702764653,-0.4881122075156979,0.5732031139769574,-1.1102230246251565e-16,-0.9890850818150168,-0.15521534472915266,8.0,1.4786685055862754e-105
0.1,0.6400000000000001,0.1,0.16032293158699323,0.12564726051478436,-0.048811220751569795,0.17012493135502238,-0.4881122075156979,0.5796932067370826,-1.249000902703301e-16,-0.9873557083060805,-0.15672374273416925,8.0,1.4786685055862754e-105
0.1,0.6500000000000001,0.1,0.15643700057996016,0.12734269155405264,-0.048811220751569795,0.16895915205291245,-0.4881122075156979,0.5860665219528698,-1.249000902703301e-16,-0.9856070393529157,-0.15824897065442972,8.0,1.4786685055862754e-105
0.1,0.6600000000000001,0.1,0.15250897372912003,0.12902640145970867,-0.048811220751569795,0.16778074399766046,-0.4881122075156979,0.5923217422826261,-1.3877787807814457e-17,-0.9838394272700376,-0.15979072119338444,8.0,1.4786685055862754e-105
0.1,0.6699999999999999,0.1,0.148539642659258,0.13069826512950197,-0.048811220751569795,0.16658994467670182,-0.4881122075156979,0.5984575740319249,-1.249000902703301e-16,-0.9820532282885998,-0.16134868363830532,8.0,1.4786685055862754e-105
0.1,0.6799999999999999,0.1,0.14452980754004194,0.13235815984891386,-0.048811220751569795,0.165386994140937,-0.4881122075156979,0.6044727474850651,-1.249000902703301e-16,-0.9802488024849525,-0.1629225439225976,8.0,1.4786685055862754e-105
0.1,0.69,0.1,0.14048027692507323,0.13400596531655093,-0.048811220751569795,0.1641721349564464,-0.4881122075156979,0.6103660172318988,-9.71445146547012e-17,-0.9784265137082165,-0.16451198468897282,8.0,1.4786685055862754e-105
0.1,0.7,0.1,0.13639186758877314,0.13564156366905294,-0.048811220751569795,0.16294561215555636,-0.4881122075156979,0.6161361624898092,-9.71445146547012e-17,-0.9765867295068815,-0.16611668535347063,8.0,1.4786685055862754e-105
0.1,0.71,0.1,0.13226540436114018,0.13726483950550777,-0.048811220751569795,0.16170767318726648,-0.4881122075156979,0.6217819874206189,-9.71445146547012e-17,-0.9747298210544467,-0.16773632217031656,8.0,1.4786685055862754e-105
0.1,0.72,0.1,0.1281017199604122,0.13887567991136784,-0.048811220751569795,0.1604585678670481,-0.4881122075156979,0.6273023214422111,-6.938893903907228e-17,-0.972856163074119,-0.1693705682976023,8.0,1.4786685055862754e-105
0.1,0.73,0.1,0.12390165482366912,0.1404739744818611,-0.048811220751569795,0.15919854832602515,-0.4881122075156979,0.6326960195346462,-1.249000902703301e-16,-0.9709661337625847,-0.17101909386377395,8.0,1.4786685055862754e-105
0.1,0.74,0.1,0.11966605693541349,0.14205961534489103,-0.048811220751569795,0.15792786895954847,-0.4881122075156979,0.6379619625405611,-9.71445146547012e-17,-0.9690601147128697,-0.17268156603491427,8.0,1.4786685055862754e-105
0.1,0.75,0.1,0.11539578165416906,0.14363249718341914,-0.048811220751569795,0.15664678637517515,-0.4881122075156979,0.6430990574596379,-6.938893903907228e-17,-0.9671384908363096,-0.1743576490828027,8.0,1.4786685055862754e-105
0.1,0.76,0.1,0.11109169153713548,0.1451925172573247,-0.048811220751569795,0.15535555934006506,-0.4881122075156979,0.6481062377369337,-1.1102230246251565e-16,-0.9652016502836446,-0.17604700445373841,8.0,1.4786685055862754e-105
0.1,0.77,0.1,0.10675465616294216,0.1467395754247352,-0.048811220751569795,0.15405444872780708,-0.4881122075156979,0.6529824635448656,-6.938893903907228e-17,-0.9632499843652575,-0.17774929083810925,8.0,1.4786685055862754e-105
0.1,0.78,0.1,0.10238555195254441,0.14827357416282258,-0.048811220751569795,0.15274371746468776,-0.4881122075156979,0.6577267220586464,-4.163336342344337e-17,-0.9612838874705786,-0.17946416424069037,8.0,1.4786685055862754e-105
0.1,0.79,0.1,0.09798526198830516,0.14979441858805917,-0.048811220751569795,0.15142363047541596,-0.4881122075156979,0.6623380277249763,-1.249000902703301e-16,-0.9593037569866709,-0.1811912780516543,8.0,1.4786685055862754e-105
0.1,0.8,0.1,0.09355467583130873,0.15130201647592834,-0.048811220751569795,0.15009445462831705,-0.4881122075156979,0.666815422523791,-7.632783294297951e-17,-0.9573099932160225,-0.1829302831182754,8.0,1.4786685055862754e-105
0.1,0.81,0.1,0.08909468933695298,0.15279627828008452,-0.048811220751569795,0.14875645868001033,-0.4881122075156979,0.6711579762228804,-4.163336342344337e-17,-0.9553029992935624,-0.18468082781731,8.0,1.4786685055862754e-105
0.1,0.8200000000000001,0.1,0.08460620446886875,0.15427711715095746,-0.048811220751569795,0.14740991321958508,-0.4881122075156979,0.675364786625191,-4.85722573273506e-17,-0.9532831811029245,-0.18644255812803306,8.0,1.4786685055862754e-105
0.1,0.8300000000000001,0.1,0.08009012911121523,0.15574444895379563,-0.048811220751569795,0.146055090612289,-0.4881122075156979,0.6794349798086307,-9.020562075079397e-17,-0.9512509471919804,-0.1882151177059121,8.0,1.4786685055862754e-105
0.1,0.8400000000000001,0.1,0.07554737687940173,0.15719819228614437,-0.048811220751569795,0.14469226494274495,-0.4881122075156979,0.6833677103582056,-7.632783294297951e-17,-0.9492067086876643,-0.1899981479568989,8.0,1.4786685055862754e-105
0.1,0.8500000000000001,0.1,0.07097886692928893,0.15863826849475393,-0.048811220751569795,0.14332171195771112,-0.4881122075156979,0.6871621615903168,-8.326672684688674e-17,-0.9471508792101136,-0.19179128811231816,8.0,1.4786685055862754e-105
0.1,0.8600000000000001,0.1,0.06638552376492027,0.16006460169191256,-0.048811220751569795,0.14194370900840053,-0.4881122075156979,0.6908175457690543,-4.163336342344337e-17,-0.9450838747861476,-0.19359417530433287,8.0,1.4786685055862754e-105
0.1,0.8700000000000001,0.1,0.06176827704483935,0.1614771187712009,-0.048811220751569795,0.14055853499237625,-0.4881122075156979,0.6943331043143359,-5.551115123125783e-17,-0.9430061137621113,-0.19540644464196463,8.0,1.4786685055862754e-105
0.1,0.8800000000000001,0.1,0.0571280613870465,0.16287574942266358,-0.048811220751569795,0.1391664702950384,-0.4881122075156979,0.6977081080017383,-2.0816681711721685e-17,-0.9409180167161045,-0.1972277292876483,8.0,1.4786685055862754e-105
0.1,0.8900000000000001,0.1,0.052465816172652315,0.1642604261473929,-0.048811220751569795,0.13776779673072015,-0.4881122075156979,0.700941857153879,-3.469446951953614e-17,-0.9388200063696271,-0.19905766053429802,8.0,1.4786685055862754e-105
0.1,0.9000000000000001,0.1,0.04778248534828291,0.16563108427152246,-0.048811220751569795,0.13636279748340932,-0.4881122075156979,0.7040336818232142,-2.0816681711721685e-17,-0.9367125074986609,-0.200895867882863,8.0,1.4786685055862754e-105
0.1,0.9100000000000001,0.1,0.043079017227295624,0.16698766195962556,-0.048811220751569795,0.13495175704711312,-0.4881122075156979,0.7069829419661254,-1.0061396160665481e-16,-0.9345959468442167,-0.20274197912035055,8.0,1.4786685055862754e-105
0.1,0.9199999999999999,0.1,0.03835636428986446,0.16833010022751604,-0.048811220751569795,0.1335349611658838,-0.4881122075156979,0.7097890276081731,-7.979727989493313e-17,-0.9324707530223727,-0.20459562039829227,8.0,1.4786685055862754e-105
0.1,0.9299999999999999,0.1,0.03361548298199181,0.16965834295444732,-0.048811220751569795,0.132112696773522,-0.4881122075156979,0.7124513590004077,-3.469446951953614e-17,-0.9303373564338299,-0.20645641631163228,8.0,1.4786685055862754e-105
0.1,0.94,0.1,0.02885733351351026,0.17097233689470717,-0.048811220751569795,0.13068525193297753,-0.4881122075156979,0.7149693867666309,-4.163336342344337e-17,-0.9281961891730132,-0.20832398997801127,8.0,1.4786685055862754e-105
0.1,0.95,0.1,0.02408287965513164,0.17227203168860508,-0.048811220751569795,0.12925291577546394,-0.4881122075156979,0.7173425920415162,-5.204170427930421e-17,-0.9260476849367428,-0.2101979631174249,8.0,1.4786685055862754e-105
0.1,0.96,0.1,0.019293088534606193,0.17355737987284925,-0.048811220751569795,0.1278159784393063,-0.4881122075156979,0.7195704865994934,-4.163336342344337e-17,-0.9238922789325064,-0.21207795613223113,8.0,1.4786685055862754e-105
0.1,0.97,0.1,0.014488930432054263,0.17482833689031094,-0.048811220751569795,0.12637473100854074,-0.4881122075156979,0.7216526129743286,-2.0816681711721685e-17,-0.921730407786358,-0.21396358818748276,8.0,1.4786685055862754e-105
0.1,0.98,0.1,0.009671378574531151,0.1760848610991737,-0.048811220751569795,0.1249294654512838,-0.4881122075156979,0.7235885445693186,-2.688821387764051e-17,-0.9195625094504726,-0.21585447729156057,8.0,1.4786685055862754e-105
0.1,0.99,0.1,0.004841408929889333,0.17732691378146503,-0.048811220751569795,0.12348047455789125,-0.4881122075156979,0.7253778857580497,-3.903127820947816e-17,-0.9173890231103837,-0.21775024037708252,8.0,1.4786685055862754e-105
0.1,1.0,0.1,0.0,0.17855445915096874,-0.048811220751569795,0.12202805187892446,-0.4881122075156979,0.727020271975657,-2.7755575615628914e-17,-0.9152103890919336,-0.21965049338206405,8.0,1.4786685055862754e-105
0.3,-1.0,0.1,0.0,-0.14301610058806946,-0.05236505660785972,0.1309126415196493,-0.5236505660785972,-0.15560134730057879,0.0,-0.9818448113973697,-0.2356427547353687,8.0,3.077825675e-315
0.3,-0.99,0.1,0.0010361882629704568,-0.14170541930474476,-0.05236505660785972,0.13122349799854044,-0.5236505660785972,-0.15524990823535967,2.0383000842727483e-17,-0.9823110961157063,-0.2352360508421528,8.0,3.077825675e-315
0.3,-0.98,0.1,0.002069929212577787,-0.14039163307542846,-0.05236505660785972,0.13153362028342264,-0.5236505660785972,-0.15486716562838834,1.6696713456276768e-17,-0.9827762795430296,-0.23483030751943193,8.0,3.077825675e-315
0.3,-0.97,0.1,0.0031010144122867365,-0.13907474955484406,-0.05236505660785972,0.13184294584333534,-0.5236505660785972,-0.1544531966532962,4.445228907190568e-17,-0.9832402678828986,-0.23442560657854614,8.0,3.077825675e-315
0.3,-0.96,0.1,0.004129235961049447,-0.13775477702223196,-0.05236505660785972,0.13215141230796415,-0.5236505660785972,-0.15400808477998854,4.8138576458356397e-17,-0.983702967579842,-0.23402202962065682,8.0,3.077825675e-315
0.3,-0.95,0.1,0.005154386535225299,-0.13643172437968,-0.05236505660785972,0.13245895748021688,-0.5236505660785972,-0.15353191975781408,8.673617379884035e-19,-0.984164285338221,-0.2336196580202928,8.0,3.077825675e-315
0.3,-0.94,0.1,0.006176259430384202,-0.13510560115032866,-0.05236505660785972,0.13276551934876457,-0.5236505660785972,-0.15302479759746854,3.729655473350135e-17,-0.9846241281410425,-0.2332185729089429,8.0,3.077825675e-315
0.3,-0.9299999999999999,0.1,0.0071946486029851615,-0.1337764174764507,-0.05236505660785972,0.13307103610054485,-0.5236505660785972,-0.1524868205516359,2.688821387764051e-17,-0.985082403268713,-0.23281885515869705,8.0,3.077825675e-315
0.3,-0.92,0.1,0.008209348711921373,-0.13244418411740624,-0.05236505660785972,0.13337544613322572,-0.5236505660785972,-0.15191809709437046,2.6020852139652106e-17,-0.9855390183177342,-0.23242058536593957,8.0,3.077825675e-315
0.3,-0.91,0.1,0.009220155159923953,-0.1311089124474733,-0.05236505660785972,0.13367868806762648,-0.5236505660785972,-0.1513187418992253,-8.673617379884035e-19,-0.9859938812193354,-0.23202384383509855,8.0,3.077825675e-315
0.3,-0.9,0.1,0.010226864134815434,-0.12977061445355437,-0.05236505660785972,0.13398070076009394,-0.5236505660785972,-0.15068887581613002,3.642919299551295e-17,-0.9864469002580365,-0.23162871056245365,8.0,3.077825675e-315
0.3,-0.89,0.1,0.011229272650605172,-0.12842930273275943,-0.05236505660785972,0.13428142331483087,-0.5236505660785972,-0.15002862584702342,4.597017211338539e-17,-0.9868979840901421,-0.2312352652200062,8.0,3.077825675e-315
0.3,-0.88,0.1,0.012227178588417991,-0.127084990489866,-0.05236505660785972,0.1345807950961747,-0.5236505660785972,-0.14933812512024566,4.163336342344337e-17,-0.9873470417621577,-0.23084358713941464,8.0,3.077825675e-315
0.3,-0.87,0.1,0.013220380737248088,-0.1257376915346565,-0.05236505660785972,0.13487875574082372,-0.5236505660785972,-0.14861751286369537,1.3877787807814457e-17,-0.9877939827291313,-0.23045375529599882,8.0,3.077825675e-315
0.3,-0.86,0.1,0.014208678834529921,-0.12438742027913399,-0.05236505660785972,0.13517524517000828,-0.5236505660785972,-0.14786693437675621,3.2959746043559335e-17,-0.9882387168729081,-0.2300658482928157,8.0,3.077825675e-315
0.3,-0.85,0.1,0.015191873606517711,-0.12303419173461594,-0.05236505660785972,0.1354702036016046,-0.5236505660785972,-0.14708654100100027,1.0408340855860843e-17,-0.9886811545203026,-0.2296799443448105,8.0,3.077825675e-315
0.3,-0.84,0.1,0.016169766808465696,-0.12167802150870757,-0.05236505660785972,0.13576357156218902,-0.5236505660785972,-0.14627649008967208,3.2959746043559335e-17,-0.9891212064611793,-0.22929612126304594,8.0,3.077825675e-315
0.3,-0.83,0.1,0.017142161264600844,-0.12031892580215493,-0.05236505660785972,0.13605528989902954,-0.5236505660785972,-0.1454369449759614,-8.673617379884035e-18,-0.98955878396644,-0.2289144564390129,8.0,3.077825675e-315
0.3,-0.8200000000000001,0.1,0.018108860907880088,-0.11895692140557813,-0.05236505660785972,0.13634529979201332,-0.5236505660785972,-0.14456807494006932,1.734723475976807e-18,-0.9899937988059156,-0.22853502682902577,8.0,3.077825675e-315
0.3,-0.81,0.1,0.019069670819523935,-0.1175920256960859,-0.05236505660785972,0.1366335427655065,-0.5236505660785972,-0.14367005517507608,3.122502256758253e-17,-0.9904261632661554,-0.22815790893870558,8.0,3.077825675e-315
0.3,-0.8,0.1,0.02002439726831851,-0.11622425663377174,-0.05236505660785972,0.13691996070014484,-0.5236505660785972,-0.1427430667516164,-1.214306433183765e-17,-0.990855790168113,-0.2277831788075537,8.0,3.077825675e-315
0.3,-0.79,0.1,0.020972847749678284,-0.11485363275809261,-0.05236505660785972,0.1372044958445528,-0.5236505660785972,-0.14178729658136932,4.336808689942018e-17,-0.9912825928847249,-0.22741091199361996,8.0,3.077825675e-315
0.3,-0.78,0.1,0.021914831024461415,-0.11348017318413073,-0.05236505660785972,0.13748709082698773,-0.5236505660785972,-0.1408029373793707,3.642919299551295e-17,-0.9917064853583772,-0.2270411835582676,8.0,3.077825675e-315
0.3,-0.77,0.1,0.022850157157529825,-0.11210389759873932,-0.05236505660785972,0.13776768866690825,-0.5236505660785972,-0.13979018762515563,2.0816681711721685e-17,-0.992127382118258,-0.22667406805103824,8.0,3.077825675e-315
0.3,-0.76,0.1,0.0237786375560465,-0.11072482625657312,-0.05236505660785972,0.13804623278646325,-0.5236505660785972,-0.1387492515227381,1.0408340855860843e-17,-0.9925451982975906,-0.2263096394946205,8.0,3.077825675e-315
0.3,-0.75,0.1,0.024700085007502058,-0.10934297997600438,-0.05236505660785972,0.1383226670218999,-0.5236505660785972,-0.1376803389594369,0.0,-0.9929598496507456,-0.22594797136992417,8.0,3.077825675e-315
0.3,-0.74,0.1,0.025614313717463054,-0.10795838013492515,-0.05236505660785972,0.13859693563488823,-0.5236505660785972,-0.13658366546355513,4.336808689942018e-17,-0.993371252570228,-0.22558913660126445,8.0,3.077825675e-315
0.3,-0.73,0.1,0.026521139347034244,-0.10657104866643677,-0.05236505660785972,0.13886898332375958,-0.5236505660785972,-0.1354594521609227,2.0816681711721685e-17,-0.993779324103535,-0.22523320754165777,8.0,3.077825675e-315
0.3,-0.72,0.1,0.02742037905002745,-0.10518100805442751,-0.05236505660785972,0.13913875523465752,-0.5236505660785972,-0.1343079257303101,-1.734723475976807e-17,-0.994183981969882,-0.22488025595823297,8.0,3.077825675e-315
0.3,-0.71,0.1,0.028311851509829497,-0.10378828132903901,-0.05236505660785972,0.13940619697259815,-0.5236505660785972,-0.13312931835772202,2.0816681711721685e-17,-0.9945851445767928,-0.22453035301776061,8.0,3.077825675e-315
0.3,-0.7,0.1,0.029195376975961588,-0.10239289206202264,-0.05236505660785972,0.1396712546124378,-0.5236505660785972,-0.13192386768958136,4.163336342344337e-17,-0.9949827310365523,-0.2241835692723038,8.0,3.077825675e-315
0.3,-0.69,0.1,0.030070777300322992,-0.10099486436198664,-0.05236505660785972,0.1399338747097462,-0.5236505660785972,-0.13069181678481168,6.938893903907228e-18,-0.995376661182515,-0.22383997464499195,8.0,3.077825675e-315
0.3,-0.6799999999999999,0.1,0.03093787597311167,-0.09959422286953508,-0.05236505660785972,0.1401940043115828,-0.5236505660785972,-0.1294334140658282,1.0408340855860843e-17,-0.9957668555852699,-0.22349963841592238,8.0,3.077825675e-315
0.3,-0.6699999999999999,0.1,0.03179649815841446,-0.09819099275229944,-0.05236505660785972,0.14045159096717363,-0.5236505660785972,-0.128148913268448,6.938893903907228e-18,-0.9961532355686561,-0.22316262920819105,8.0,3.077825675e-315
0.3,-0.6599999999999999,0.1,0.03264647072945984,-0.096785199699864,-0.05236505660785972,0.14070658273848724,-0.5236505660785972,-0.1268385733907281,-3.469446951953614e-18,-0.9965357232256266,-0.22282901497405574,8.0,3.077825675e-315
0.3,-0.6499999999999999,0.1,0.03348762230352604,-0.09537686991858596,-0.05236505660785972,0.1409589282107071,-0.5236505660785972,-0.12550265864074292,-3.469446951953614e-18,-0.9969142414339563,-0.22249886298123475,8.0,3.077825675e-315
0.3,-0.64,0.1,0.03431978327649745,-0.09396603012631138,-0.05236505660785972,0.14120857650259852,-0.5236505660785972,-0.12414143838331129,-1.0408340855860843e-17,-0.9972887138717934,-0.22217223979934345,8.0,3.077825675e-315
0.3,-0.63,0.1,0.03514278585706254,-0.09255270754698797,-0.05236505660785972,0.14145547727676805,-0.5236505660785972,-0.12275518708568334,-1.0408340855860843e-17,-0.9976590650330478,-0.22184921128647167,8.0,3.077825675e-315
0.3,-0.62,0.1,0.03595646410054607,-0.09113692990517577,-0.05236505660785972,0.14169958074981312,-0.5236505660785972,-0.12134418426219896,1.3877787807814457e-17,-0.9980252202426154,-0.22152984257590436,8.0,3.077825675e-315
0.3,-0.61,0.1,0.036760653942369124,-0.08971872542045711,-0.05236505660785972,0.14194083770236005,-0.5236505660785972,-0.11990871441792825,3.122502256758253e-17,-0.9983871056714357,-0.2212141980629888,8.0,3.077825675e-315
0.3,-0.6,0.1,0.03755519323112989,-0.0882981228017465,-0.05236505660785972,0.14217919948898827,-0.5236505660785972,-0.11844906699130597,3.122502256758253e-17,-0.998744648351378,-0.22090234139215023,8.0,3.077825675e-315
0.3,-0.59,0.1,0.038339921761298884,-0.08687515124150189,-0.05236505660785972,0.14241461804803895,-0.5236505660785972,-0.11696553629577103,-3.469446951953614e-18,-0.9990977761899542,-0.2205943354440589,8.0,3.077825675e-315
0.3,-0.5800000000000001,0.1,0.039114681305521655,-0.08544984040983868,-0.05236505660785972,0.14264704591130578,-0.5236505660785972,-0.11545842146042325,-1.3877787807814457e-17,-0.9994464179848545,-0.22029024232295147,8.0,3.077825675e-315
0.3,-0.5700000000000001,0.1,0.03987931564652266,-0.08402222044854707,-0.05236505660785972,0.1428764362136061,-0.5236505660785972,-0.11392802636970874,2.0816681711721685e-17,-0.9997905034383048,-0.21999012334410853,8.0,3.077825675e-315
0.3,-0.56,0.1,0.04063367060860389,-0.08259232196501456,-0.05236505660785972,0.14310274270223047,-0.5236505660785972,-0.11237465960214697,2.7755575615628914e-17,-1.0001299631712413,-0.21969403902149168,8.0,3.077825675e-315
0.3,-0.55,0.1,0.0413775940887318,-0.08116017602605452,-0.05236505660785972,0.14332591974626885,-0.5236505660785972,-0.11079863436811092,3.122502256758253e-17,-1.000464728737299,-0.21940204905554148,8.0,3.077825675e-315
0.3,-0.54,0.1,0.04211093608720635,-0.07972581415164195,-0.05236505660785972,0.1435459223458112,-0.5236505660785972,-0.10920026844667352,1.734723475976807e-17,-1.0007947326366124,-0.21911421232114023,8.0,3.077825675e-315
0.3,-0.53,0.1,0.04283354873790592,-0.07828926830855817,-0.05236505660785972,0.14376270614102107,-0.5236505660785972,-0.10757988412153265,1.0408340855860843e-17,-1.0011199083294273,-0.21883058685574067,8.0,3.077825675e-315
0.3,-0.52,0.1,0.04354528633810199,-0.07685057090394513,-0.05236505660785972,0.14397622742107988,-0.5236505660785972,-0.1059378081160284,-2.42861286636753e-17,-1.0014401902495156,-0.2185512298476637,8.0,3.077825675e-315
0.3,-0.51,0.1,0.04424600537783777,-0.0754097547787711,-0.05236505660785972,0.14418644313300064,-0.5236505660785972,-0.10427437152726433,2.42861286636753e-17,-1.0017555138173966,-0.21827619762456738,8.0,3.077825675e-315
0.3,-0.5,0.1,0.04493556456886447,-0.07396685320120884,-0.05236505660785972,0.14439331089030863,-0.5236505660785972,-0.10258990975934772,-3.469446951953614e-18,-1.0020658154533588,-0.2180055456420894,8.0,3.077825675e-315
0.3,-0.49,0.1,0.045613824873129726,-0.07252189985992763,-0.05236505660785972,0.1445967889815882,-0.5236505660785972,-0.10088476245576061,-1.0408340855860843e-17,-1.002371032590278,-0.21773932847266528,8.0,3.077825675e-315
0.3,-0.48,0.1,0.04628064953081235,-0.07107492885730052,-0.05236505660785972,0.144796836378893,-0.5236505660785972,-0.09915927343087651,3.122502256758253e-17,-1.0026711036862352,-0.21747759979452486,8.0,3.077825675e-315
0.3,-0.47,0.1,0.046935904087897565,-0.06962597470252813,-0.05236505660785972,0.14499341274601857,-0.5236505660785972,-0.09741379060063605,1.3877787807814457e-17,-1.0029659682369236,-0.21722041238086892,8.0,3.077825675e-315
0.3,-0.45999999999999996,0.1,0.04757945642328746,-0.06817507230468049,-0.05236505660785972,0.14518647844663554,-0.5236505660785972,-0.09564866591239553,2.42861286636753e-17,-1.0032555667878489,-0.21696781808922835,8.0,3.077825675e-315
0.3,-0.44999999999999996,0.1,0.04821117677544102,-0.06672225696565819,-0.05236505660785972,0.1453759945522816,-0.5236505660785972,-0.09386425527396249,-1.3877787807814457e-17,-1.003539840946318,-0.21671986785100814,8.0,3.077825675e-315
0.3,-0.43999999999999995,0.1,0.04883093776853828,-0.0652675643730743,-0.05236505660785972,0.14556192285021077,-0.5236505660785972,-0.09206091848183312,-3.469446951953614e-18,-1.003818733393212,-0.21647661166121746,8.0,3.077825675e-315
0.3,-0.42999999999999994,0.1,0.049438614438163636,-0.06381103059305865,-0.05236505660785972,0.1457442258510984,-0.5236505660785972,-0.09023901914864507,1.734723475976807e-17,-1.0040921878945432,-0.2162380985683895,8.0,3.077825675e-315
0.3,-0.42000000000000004,0.1,0.05003408425650268,-0.062352692062985667,-0.05236505660785972,0.1459228667966001,-0.5236505660785972,-0.08839892462986128,1.734723475976807e-17,-1.0043601493127958,-0.2160043766646914,8.0,3.077825675e-315
0.3,-0.41000000000000003,0.1,0.05061722715704805,-0.060892585584127315,-0.05236505660785972,0.14609780966676372,-0.5236505660785972,-0.0865410059496987,3.469446951953614e-17,-1.0046225636180413,-0.21577549307622734,8.0,3.077825675e-315
0.3,-0.4,0.1,0.05118792555880867,-0.059430748314232826,-0.05236505660785972,0.1462690191872919,-0.5236505660785972,-0.08466563772631759,2.42861286636753e-17,-1.0048793778988336,-0.21555149395353632,8.0,3.077825675e-315
0.3,-0.39,0.1,0.051746064390018075,-0.05796721776003644,-0.05236505660785972,0.1464364608366547,-0.5236505660785972,-0.08277319809628611,-1.0408340855860843e-17,-1.0051305403728779,-0.2153324244622866,8.0,3.077825675e-315
0.3,-0.38,0.1,0.052291531111336706,-0.05650203176969479,-0.05236505660785972,0.1466001008530503,-0.5236505660785972,-0.08086406863833523,6.938893903907228e-18,-1.0053760003974712,-0.21511832877416906,8.0,3.077825675e-315
0.3,-0.37,0.1,0.05282421573854354,-0.05503522852515545,-0.05236505660785972,0.14675990624121235,-0.5236505660785972,-0.07893863429641995,-6.938893903907228e-18,-1.0056157084797142,-0.21490925005799036,8.0,3.077825675e-315
0.3,-0.36,0.1,0.053344010864712556,-0.053566846534458215,-0.05236505660785972,0.14691584477906305,-0.5236505660785972,-0.07699728330210172,-6.938893903907228e-18,-1.0058496162864903,-0.21470523047096904,8.0,3.077825675e-315
0.3,-0.35,0.1,0.05385081168186964,-0.052096924623970545,-0.05236505660785972,0.1470678850242102,-0.5236505660785972,-0.07504040709626802,2.7755575615628914e-17,-1.006077676654211,-0.21450631115023486,8.0,3.077825675e-315
0.3,-0.33999999999999997,0.1,0.054344516002125184,-0.05062550193055894,-0.05236505660785972,0.14721599632028684,-0.5236505660785972,-0.07306840025020497,-1.3877787807814457e-17,-1.0062998435983261,-0.21431253220453458,8.0,3.077825675e-315
0.3,-0.32999999999999996,0.1,0.054825024278278754,-0.0491526178936976,-0.05236505660785972,0.14736014880313292,-0.5236505660785972,-0.07108166038603854,0.0,-1.006516072322595,-0.2141239327061443,8.0,3.077825675e-315
0.3,-0.31999999999999995,0.1,0.05529223962389095,-0.04767831224751616,-0.05236505660785972,0.14750031340681657,-0.5236505660785972,-0.06908058809656077,-6.938893903907228e-18,-1.0067263192281206,-0.21394055068299153,8.0,3.077825675e-315
0.3,-0.30999999999999994,0.1,0.055746067832819025,-0.04620262501278792,-0.05236505660785972,0.147636461869495,-0.5236505660785972,-0.06706558686445696,0.0,-1.0069305419221384,-0.21376242311098725,8.0,3.077825675e-315
0.3,-0.29999999999999993,0.1,0.05618641739821195,-0.04472559648886038,-0.05236505660785972,0.14776856673911287,-0.5236505660785972,-0.0650370629809501,-6.938893903907228e-18,-1.007128699226565,-0.2135895859065705,8.0,3.077825675e-315
0.3,-0.29000000000000004,0.1,0.05661319953096122,-0.04324726724552951,-0.05236505660785972,0.14789660137893768,-0.5236505660785972,-0.06299542546387912,3.469446951953614e-17,-1.0073207511863023,-0.21342207391946644,8.0,3.077825675e-315
0.3,-0.28,0.1,0.057026328177603766,-0.04176767811485952,-0.05236505660785972,0.1480205399729304,-0.5236505660785972,-0.06094108597522714,-2.0816681711721685e-17,-1.0075066590772912,-0.21325992092565924,8.0,3.077825675e-315
0.3,-0.27,0.1,0.05742572003767303,-0.04028687018294981,-0.05236505660785972,0.1481403575309512,-0.5236505660785972,-0.058874458738117016,0.0,-1.0076863854143225,-0.21310315962058204,8.0,3.077825675e-315
0.3,-0.26,0.1,0.05781129458049531,-0.03880488478165061,-0.05236505660785972,0.14825602989379788,-0.5236505660785972,-0.056795960453289905,-6.938893903907228e-18,-1.0078598939585925,-0.2129518216125243,8.0,3.077825675e-315
0.3,-0.25,0.1,0.05818297406142724,-0.03732176348022913,-0.05236505660785972,0.14836753373807746,-0.5236505660785972,-0.05470601021508471,-1.3877787807814457e-17,-1.008027149725012,-0.21280593741625853,8.0,3.077825675e-315
0.3,-0.24,0.1,0.058540683537531814,-0.03583754807698778,-0.05236505660785972,0.14847484658090884,-0.5236505660785972,-0.052605029426934735,1.3877787807814457e-17,-1.008188118989259,-0.2126655364468875,8.0,3.077825675e-315
0.3,-0.22999999999999998,0.1,0.058884350882689306,-0.03435228059083628,-0.05236505660785972,0.14857794678445607,-0.5236505660785972,-0.05049344171639865,-2.0816681711721685e-17,-1.0083427692945799,-0.21253064701391317,8.0,3.077825675e-315
0.3,-0.21999999999999997,0.1,0.05921390680214035,-0.032866003252819215,-0.05236505660785972,0.1486768135602914,-0.5236505660785972,-0.04837167284974316,-2.0816681711721685e-17,-1.0084910694583327,-0.21240129631552865,8.0,3.077825675e-315
0.3,-0.20999999999999996,0.1,0.059529284846457996,-0.03137875849760088,-0.05236505660785972,0.1487714269735867,-0.5236505660785972,-0.04624015064609436,1.3877787807814457e-17,-1.0086329895782757,-0.21227751043313395,8.0,3.077825675e-315
0.3,-0.19999999999999996,0.1,0.059830421424946184,-0.029890588954909026,-0.05236505660785972,0.14886176794713316,-0.5236505660785972,-0.04409930489117522,2.0816681711721685e-17,-1.0087685010385954,-0.21215931432607738,8.0,3.077825675e-315
0.3,-0.18999999999999995,0.1,0.06011725581846174,-0.02840153744093931,-0.05236505660785972,0.14894781826518783,-0.5236505660785972,-0.041949567250646455,2.7755575615628914e-17,-1.0088975765156774,-0.21204673182662248,8.0,3.077825675e-315
0.3,-0.17999999999999994,0.1,0.06038973019165726,-0.026911646949722104,-0.05236505660785972,0.14902956057714647,-0.5236505660785972,-0.039791371183068365,6.938893903907228e-18,-1.0090201899836153,-0.21193978563514326,8.0,3.077825675e-315
0.3,-0.16999999999999993,0.1,0.06064778960464283,-0.025420960644453476,-0.05236505660785972,0.14910697840104215,-0.5236505660785972,-0.03762515185250129,6.938893903907228e-18,-1.009136316719459,-0.2118384973155464,8.0,3.077825675e-315
0.3,-0.16000000000000003,0.1,0.06089138202406357,-0.02392952184879208,-0.05236505660785972,0.14918005612686835,-0.5236505660785972,-0.03545134604076192,-1.3877787807814457e-17,-1.0092459333081982,-0.21174288729092378,8.0,3.077825675e-315
0.3,-0.15000000000000002,0.1,0.0611204583335914,-0.02243737403812358,-0.05236505660785972,0.14924877901972672,-0.5236505660785972,-0.03327039205935366,1.3877787807814457e-17,-1.0093490176474857,-0.2116529748394341,8.0,3.077825675e-315
0.3,-0.14,0.1,0.061334972343828405,-0.02094456083079471,-0.05236505660785972,0.14931313322279782,-0.5236505660785972,-0.03108272966108847,2.0816681711721685e-17,-1.0094455489520924,-0.21156877809041608,8.0,3.077825675e-315
0.3,-0.13,0.1,0.061534880801620284,-0.019451125979318237,-0.05236505660785972,0.14937310576013538,-0.5236505660785972,-0.02888879995141809,0.0,-1.0095355077580987,-0.21149031402073276,8.0,3.077825675e-315
0.3,-0.12,0.1,0.06172014339877753,-0.01795711336155107,-0.05236505660785972,0.14942868453928254,-0.5236505660785972,-0.026689045299492446,-2.0816681711721685e-17,-1.0096188759268194,-0.21141759845134853,8.0,3.077825675e-315
0.3,-0.10999999999999999,0.1,0.061890722780202925,-0.016462566971847004,-0.05236505660785972,0.14947985835371017,-0.5236505660785972,-0.024483909248963417,-6.938893903907228e-18,-1.009695636648461,-0.2113506460441391,8.0,3.077825675e-315
0.3,-0.09999999999999998,0.1,0.06204658455142357,-0.01496753091218599,-0.05236505660785972,0.14952661688507635,-0.5236505660785972,-0.02227383642855164,-2.7755575615628914e-17,-1.0097657744455102,-0.211289470298935,8.0,3.077825675e-315
0.3,-0.08999999999999997,0.1,0.062187697285525985,-0.013472049383281726,-0.05236505660785972,0.14956895070530707,-0.5236505660785972,-0.020059272462394622,-3.469446951953614e-17,-1.0098292751758562,-0.21123408355079978,8.0,3.077825675e-315
0.3,-0.07999999999999996,0.1,0.062314032529492774,-0.011976166675669307,-0.05236505660785972,0.14960685127849713,-0.5236505660785972,-0.017840663880194084,6.938893903907228e-18,-1.0098861260356413,-0.2111844969675428,8.0,3.077825675e-315
0.3,-0.06999999999999995,0.1,0.06242556480993968,-0.010479927160774795,-0.05236505660785972,0.1496403109626312,-0.5236505660785972,-0.015618458027180726,0.0,-1.0099363155618424,-0.2111407205474674,8.0,3.077825675e-315
0.3,-0.05999999999999994,0.1,0.06252227163825201,-0.00898337528196846,-0.05236505660785972,0.1496693230111249,-0.5236505660785972,-0.013393102973914599,6.938893903907228e-18,-1.009979833634583,-0.2111027631173548,8.0,3.077825675e-315
0.3,-0.04999999999999993,0.1,0.06260413351511887,-0.007486555545603516,-0.05236505660785972,0.14969388157418495,-0.5236505660785972,-0.011165047425939148,-6.938893903907228e-18,-1.0100166714791732,-0.21107063233068454,8.0,3.077825675e-315
0.3,-0.040000000000000036,0.1,0.06267113393446502,-0.005989512512042184,-0.05236505660785972,0.14971398169998879,-0.5236505660785972,-0.008934740633307325,-2.7755575615628914e-17,-1.0100468216678788,-0.2110443346660912,8.0,3.077825675e-315
0.3,-0.030000000000000027,0.1,0.062723259386779,-0.004492290786670765,-0.05236505660785972,0.149729619335683,-0.5236505660785972,-0.006702632299997739,-6.938893903907228e-18,-1.0100702781214204,-0.211023875426058,8.0,3.077825675e-315
0.3,-0.020000000000000018,0.1,0.06276049936183713,-0.0029949350109058264,-0.05236505660785972,0.14974079132820042,-0.5236505660785972,-0.0044691724932395226,-1.3877787807814457e-17,-1.0100870361101963,-0.21100925873584767,8.0,3.077825675e-315
0.3,-0.010000000000000009,0.1,0.0627828463508227,-0.0014974898531929268,-0.05236505660785972,0.1497474954248961,-0.5236505660785972,-0.002234811552763753,0.0,-1.01009709225524,-0.21100048754267084,8.0,3.077825675e-315
0.3,0.0,0.1,0.06279029584783995,0.0,-0.05236505660785972,0.1497497302740013,-0.5236505660785972,0.0,3.469446951953614e-17,-1.0101004445288977,-0.21099756361509153,8.0,3.077825675e-315
0.3,0.010000000000000009,0.1,0.0627828463508227,0.0014974898531929268,-0.05236505660785972,0.1497474954248961,-0.5236505660785972,0.002234811552763753,0.0,-1.01009709225524,-0.21100048754267084,8.0,3.077825675e-315
0.3,0.020000000000000018,0.1,0.06276049936183713,0.0029949350109058264,-0.05236505660785972,0.14974079132820042,-0.5236505660785972,0.0044691724932395226,-1.3877787807814457e-17,-1.0100870361101963,-0.21100925873584767,8.0,3.077825675e-315
0.3,0.030000000000000027,0.1,0.062723259386779,0.004492290786670765,-0.05236505660785972,0.149729619335683,-0.5236505660785972,0.006702632299997739,-6.938893903907228e-18,-1.0100702781214204,-0.211023875426058,8.0,3.077825675e-315
0.3,0.040000000000000036,0.1,0.06267113393446502,0.005989512512042184,-0.05236505660785972,0.14971398169998879,-0.5236505660785972,0.008934740633307325,-2.7755575615628914e-17,-1.0100468216678788,-0.2110443346660912,8.0,3.077825675e-315
0.3,0.050000000000000044,0.1,0.06260413351511887,0.0074865555456035335,-0.05236505660785972,0.14969388157418495,-0.5236505660785972,0.011165047425939174,-6.938893903907228e-18,-1.0100166714791732,-0.21107063233068454,8.0,3.077825675e-315
0.3,0.06000000000000005,0.1,0.06252227163825201,0.008983375281968476,-0.05236505660785972,0.1496693230111249,-0.5236505660785972,0.013393102973914623,6.938893903907228e-18,-1.009979833634583,-0.2111027631173548,8.0,3.077825675e-315
0.3,0.07000000000000006,0.1,0.06242556480993968,0.01047992716077481,-0.05236505660785972,0.1496403109626312,-0.5236505660785972,0.01561845802718075,0.0,-1.0099363155618424,-0.2111407205474674,8.0,3.077825675e-315
0.3,0.08000000000000007,0.1,0.062314032529492774,0.011976166675669322,-0.05236505660785972,0.14960685127849713,-0.5236505660785972,0.017840663880194108,6.938893903907228e-18,-1.0098861260356413,-0.2111844969675428,8.0,3.077825675e-315
0.3,0.09000000000000008,0.1,0.062187697285525985,0.013472049383281743,-0.05236505660785972,0.14956895070530707,-0.5236505660785972,0.02005927246239465,-3.469446951953614e-17,-1.0098292751758562,-0.21123408355079978,8.0,3.077825675e-315
0.3,0.10000000000000009,0.1,0.06204658455142357,0.014967530912186007,-0.05236505660785972,0.14952661688507635,-0.5236505660785972,0.022273836428551668,-2.7755575615628914e-17,-1.0097657744455102,-0.211289470298935,8.0,3.077825675e-315
0.3,0.1100000000000001,0.1,0.061890722780202925,0.01646256697184702,-0.05236505660785972,0.14947985835371017,-0.5236505660785972,0.024483909248963442,-6.938893903907228e-18,-1.009695636648461,-0.2113506460441391,8.0,3.077825675e-315
0.3,0.1200000000000001,0.1,0.06172014339877753,0.017957113361551088,-0.05236505660785972,0.14942868453928254,-0.5236505660785972,0.02668904529949247,-2.0816681711721685e-17,-1.0096188759268194,-0.21141759845134853,8.0,3.077825675e-315
0.3,0.13000000000000012,0.1,0.061534880801620284,0.019451125979318255,-0.05236505660785972,0.14937310576013538,-0.5236505660785972,0.028888799951418114,0.0,-1.0095355077580987,-0.21149031402073276,8.0,3.077825675e-315
0.3,0.14000000000000012,0.1,0.061334972343828405,0.020944560830794722,-0.05236505660785972,0.14931313322279782,-0.5236505660785972,0.031082729661088496,2.0816681711721685e-17,-1.0094455489520924,-0.21156877809041608,8.0,3.077825675e-315
0.3,0.15000000000000013,0.1,0.0611204583335914,0.022437374038123598,-0.05236505660785972,0.14924877901972672,-0.5236505660785972,0.033270392059353684,1.3877787807814457e-17,-1.0093490176474857,-0.2116529748394341,8.0,3.077825675e-315
0.3,0.15999999999999992,0.1,0.06089138202406357,0.023929521848792063,-0.05236505660785972,0.14918005612686835,-0.5236505660785972,0.035451346040761895,-1.3877787807814457e-17,-1.0092459333081982,-0.21174288729092378,8.0,3.077825675e-315
0.3,0.16999999999999993,0.1,0.06064778960464283,0.025420960644453476,-0.05236505660785972,0.14910697840104215,-0.5236505660785972,0.03762515185250129,6.938893903907228e-18,-1.009136316719459,-0.2118384973155464,8.0,3.077825675e-315
0.3,0.17999999999999994,0.1,0.06038973019165726,0.026911646949722104,-0.05236505660785972,0.14902956057714647,-0.5236505660785972,0.039791371183068365,6.938893903907228e-18,-1.0090201899836153,-0.21193978563514326,8.0,3.077825675e-315
0.3,0.18999999999999995,0.1,0.06011725581846174,0.02840153744093931,-0.05236505660785972,0.14894781826518783,-0.5236505660785972,0.041949567250646455,2.7755575615628914e-17,-1.0088975765156774,-0.21204673182662248,8.0,3.077825675e-315
0.3,0.19999999999999996,0.1,0.059830421424946184,0.029890588954909026,-0.05236505660785972,0.14886176794713316,-0.5236505660785972,0.04409930489117522,2.0816681711721685e-17,-1.0087685010385954,-0.21215931432607738,8.0,3.077825675e-315
0.3,0.20999999999999996,0.1,0.059529284846457996,0.03137875849760088,-0.05236505660785972,0.1487714269735867,-0.5236505660785972,0.04624015064609436,1.3877787807814457e-17,-1.0086329895782757,-0.21227751043313395,8.0,3.077825675e-315
0.3,0.21999999999999997,0.1,0.05921390680214035,0.032866003252819215,-0.05236505660785972,0.1486768135602914,-0.5236505660785972,0.04837167284974316,-2.0816681711721685e-17,-1.0084910694583327,-0.21240129631552865,8.0,3.077825675e-315
0.3,0.22999999999999998,0.1,0.058884350882689306,0.03435228059083628,-0.05236505660785972,0.14857794678445607,-0.5236505660785972,0.05049344171639865,-2.0816681711721685e-17,-1.0083427692945799,-0.21253064701391317,8.0,3.077825675e-315
0.3,0.24,0.1,0.058540683537531814,0.03583754807698778,-0.05236505660785972,0.14847484658090884,-0.5236505660785972,0.052605029426934735,1.3877787807814457e-17,-1.008188118989259,-0.2126655364468875,8.0,3.077825675e-315
0.3,0.25,0.1,0.05818297406142724,0.03732176348022913,-0.05236505660785972,0.14836753373807746,-0.5236505660785972,0.05470601021508471,-1.3877787807814457e-17,-1.008027149725012,-0.21280593741625853,8.0,3.077825675e-315
0.3,0.26,0.1,0.05781129458049531,0.03880488478165061,-0.05236505660785972,0.14825602989379788,-0.5236505660785972,0.056795960453289905,-6.938893903907228e-18,-1.0078598939585925,-0.2129518216125243,8.0,3.077825675e-315
0.3,0.27,0.1,0.05742572003767303,0.04028687018294981,-0.05236505660785972,0.1481403575309512,-0.5236505660785972,0.058874458738117016,0.0,-1.0076863854143225,-0.21310315962058204,8.0,3.077825675e-315
0.3,0.28,0.1,0.057026328177603766,0.04176767811485952,-0.05236505660785972,0.1480205399729304,-0.5236505660785972,0.06094108597522714,-2.0816681711721685e-17,-1.0075066590772912,-0.21325992092565924,8.0,3.077825675e-315
0.3,0.29000000000000004,0.1,0.05661319953096122,0.04324726724552951,-0.05236505660785972,0.14789660137893768,-0.5236505660785972,0.06299542546387912,3.469446951953614e-17,-1.0073207511863023,-0.21342207391946644,8.0,3.077825675e-315
0.3,0.30000000000000004,0.1,0.05618641739821193,0.044725596488860396,-0.05236505660785972,0.14776856673911287,-0.5236505660785972,0.06503706298095013,0.0,-1.007128699226565,-0.2135895859065705,8.0,3.077825675e-315
0.3,0.31000000000000005,0.1,0.05574606783281901,0.04620262501278794,-0.05236505660785972,0.147636461869495,-0.5236505660785972,0.067065586864457,1.3877787807814457e-17,-1.0069305419221382,-0.21376242311098725,8.0,3.077825675e-315
0.3,0.32000000000000006,0.1,0.05529223962389093,0.04767831224751618,-0.05236505660785972,0.14750031340681657,-0.5236505660785972,0.0690805880965608,6.938893903907228e-18,-1.0067263192281206,-0.21394055068299153,8.0,3.077825675e-315
0.3,0.33000000000000007,0.1,0.054825024278278754,0.04915261789369762,-0.05236505660785972,0.14736014880313292,-0.5236505660785972,0.07108166038603857,0.0,-1.006516072322595,-0.2141239327061443,8.0,3.077825675e-315
0.3,0.3400000000000001,0.1,0.054344516002125184,0.05062550193055895,-0.05236505660785972,0.14721599632028684,-0.5236505660785972,0.07306840025020497,-1.3877787807814457e-17,-1.0062998435983261,-0.21431253220453458,8.0,3.077825675e-315
0.3,0.3500000000000001,0.1,0.05385081168186962,0.05209692462397056,-0.05236505660785972,0.14706788502421017,-0.5236505660785972,0.07504040709626804,-1.3877787807814457e-17,-1.006077676654211,-0.21450631115023489,8.0,3.077825675e-315
0.3,0.3600000000000001,0.1,0.053344010864712556,0.05356684653445823,-0.05236505660785972,0.14691584477906305,-0.5236505660785972,0.07699728330210173,-6.938893903907228e-18,-1.0058496162864903,-0.21470523047096904,8.0,3.077825675e-315
0.3,0.3700000000000001,0.1,0.05282421573854352,0.055035228525155466,-0.05236505660785972,0.14675990624121235,-0.5236505660785972,0.07893863429641997,6.938893903907228e-18,-1.0056157084797142,-0.21490925005799036,8.0,3.077825675e-315
0.3,0.3800000000000001,0.1,0.052291531111336706,0.0565020317696948,-0.05236505660785972,0.1466001008530503,-0.5236505660785972,0.08086406863833526,6.938893903907228e-18,-1.0053760003974712,-0.21511832877416906,8.0,3.077825675e-315
0.3,0.3900000000000001,0.1,0.051746064390018054,0.05796721776003645,-0.05236505660785972,0.1464364608366547,-0.5236505660785972,0.08277319809628611,0.0,-1.0051305403728779,-0.21533242446228662,8.0,3.077825675e-315
0.3,0.40000000000000013,0.1,0.05118792555880865,0.05943074831423284,-0.05236505660785972,0.1462690191872919,-0.5236505660785972,0.0846656377263176,3.8163916471489756e-17,-1.0048793778988336,-0.21555149395353632,8.0,3.077825675e-315
0.3,0.4099999999999999,0.1,0.050617227157048056,0.060892585584127294,-0.05236505660785972,0.14609780966676372,-0.5236505660785972,0.08654100594969864,2.7755575615628914e-17,-1.0046225636180413,-0.21577549307622734,8.0,3.077825675e-315
0.3,0.41999999999999993,0.1,0.05003408425650268,0.06235269206298565,-0.05236505660785972,0.1459228667966001,-0.5236505660785972,0.08839892462986124,1.734723475976807e-17,-1.0043601493127958,-0.2160043766646914,8.0,3.077825675e-315
0.3,0.42999999999999994,0.1,0.049438614438163636,0.06381103059305865,-0.05236505660785972,0.1457442258510984,-0.5236505660785972,0.09023901914864507,1.734723475976807e-17,-1.0040921878945432,-0.2162380985683895,8.0,3.077825675e-315
0.3,0.43999999999999995,0.1,0.04883093776853828,0.0652675643730743,-0.05236505660785972,0.14556192285021077,-0.5236505660785972,0.09206091848183312,-3.469446951953614e-18,-1.003818733393212,-0.21647661166121746,8.0,3.077825675e-315
0.3,0.44999999999999996,0.1,0.04821117677544102,0.06672225696565819,-0.05236505660785972,0.1453759945522816,-0.5236505660785972,0.09386425527396249,-1.3877787807814457e-17,-1.003539840946318,-0.21671986785100814,8.0,3.077825675e-315
0.3,0.45999999999999996,0.1,0.04757945642328746,0.06817507230468049,-0.05236505660785972,0.14518647844663554,-0.5236505660785972,0.09564866591239553,2.42861286636753e-17,-1.0032555667878489,-0.21696781808922835,8.0,3.077825675e-315
0.3,0.47,0.1,0.046935904087897565,0.06962597470252813,-0.05236505660785972,0.14499341274601857,-0.5236505660785972,0.09741379060063605,1.3877787807814457e-17,-1.0029659682369236,-0.21722041238086892,8.0,3.077825675e-315
0.3,0.48,0.1,0.04628064953081235,0.07107492885730052,-0.05236505660785972,0.144796836378893,-0.5236505660785972,0.09915927343087651,3.122502256758253e-17,-1.0026711036862352,-0.21747759979452486,8.0,3.077825675e-315
0.3,0.49,0.1,0.045613824873129726,0.07252189985992763,-0.05236505660785972,0.1445967889815882,-0.5236505660785972,0.10088476245576061,-1.0408340855860843e-17,-1.002371032590278,-0.21773932847266528,8.0,3.077825675e-315
0.3,0.5,0.1,0.04493556456886447,0.07396685320120884,-0.05236505660785972,0.14439331089030863,-0.5236505660785972,0.10258990975934772,-3.469446951953614e-18,-1.0020658154533588,-0.2180055456420894,8.0,3.077825675e-315
0.3,0.51,0.1,0.04424600537783777,0.0754097547787711,-0.05236505660785972,0.14418644313300064,-0.5236505660785972,0.10427437152726433,2.42861286636753e-17,-1.0017555138173966,-0.21827619762456738,8.0,3.077825675e-315
0.3,0.52,0.1,0.04354528633810199,0.07685057090394513,-0.05236505660785972,0.14397622742107988,-0.5236505660785972,0.1059378081160284,-2.42861286636753e-17,-1.0014401902495156,-0.2185512298476637,8.0,3.077825675e-315
0.3,0.53,0.1,0.04283354873790592,0.07828926830855817,-0.05236505660785972,0.14376270614102107,-0.5236505660785972,0.10757988412153265,1.0408340855860843e-17,-1.0011199083294273,-0.21883058685574067,8.0,3.077825675e-315
0.3,0.54,0.1,0.04211093608720635,0.07972581415164195,-0.05236505660785972,0.1435459223458112,-0.5236505660785972,0.10920026844667352,1.734723475976807e-17,-1.0007947326366124,-0.21911421232114023,8.0,3.077825675e-315
0.3,0.55,0.1,0.0413775940887318,0.08116017602605452,-0.05236505660785972,0.14332591974626885,-0.5236505660785972,0.11079863436811092,3.122502256758253e-17,-1.000464728737299,-0.21940204905554148,8.0,3.077825675e-315
0.3,0.56,0.1,0.04063367060860389,0.08259232196501456,-0.05236505660785972,0.14310274270223047,-0.5236505660785972,0.11237465960214697,2.7755575615628914e-17,-1.0001299631712413,-0.21969403902149168,8.0,3.077825675e-315
0.3,0.5700000000000001,0.1,0.03987931564652266,0.08402222044854707,-0.05236505660785972,0.1428764362136061,-0.5236505660785972,0.11392802636970874,2.0816681711721685e-17,-0.9997905034383048,-0.21999012334410853,8.0,3.077825675e-315
0.3,0.5800000000000001,0.1,0.039114681305521655,0.08544984040983868,-0.05236505660785972,0.14264704591130578,-0.5236505660785972,0.11545842146042325,-1.3877787807814457e-17,-0.9994464179848545,-0.22029024232295147,8.0,3.077825675e-315
0.3,0.5900000000000001,0.1,0.038339921761298884,0.0868751512415019,-0.05236505660785972,0.14241461804803895,-0.5236505660785972,0.11696553629577107,-3.469446951953614e-18,-0.9990977761899542,-0.2205943354440589,8.0,3.077825675e-315
0.3,0.6000000000000001,0.1,0.03755519323112989,0.08829812280174651,-0.05236505660785972,0.14217919948898827,-0.5236505660785972,0.11844906699130597,3.122502256758253e-17,-0.998744648351378,-0.22090234139215023,8.0,3.077825675e-315
0.3,0.6100000000000001,0.1,0.036760653942369104,0.08971872542045714,-0.05236505660785972,0.14194083770236002,-0.5236505660785972,0.11990871441792829,-1.0408340855860843e-17,-0.9983871056714357,-0.22121419806298886,8.0,3.077825675e-315
0.3,0.6200000000000001,0.1,0.03595646410054606,0.09113692990517579,-0.05236505660785972,0.14169958074981312,-0.5236505660785972,0.12134418426219898,2.0816681711721685e-17,-0.9980252202426154,-0.22152984257590436,8.0,3.077825675e-315
0.3,0.6300000000000001,0.1,0.035142785857062535,0.09255270754698798,-0.05236505660785972,0.14145547727676805,-0.5236505660785972,0.12275518708568335,-6.938893903907228e-18,-0.9976590650330478,-0.22184921128647167,8.0,3.077825675e-315
0.3,0.6400000000000001,0.1,0.03431978327649744,0.09396603012631141,-0.05236505660785972,0.14120857650259852,-0.5236505660785972,0.12414143838331132,-6.938893903907228e-18,-0.9972887138717934,-0.22217223979934345,8.0,3.077825675e-315
0.3,0.6500000000000001,0.1,0.033487622303526025,0.09537686991858599,-0.05236505660785972,0.1409589282107071,-0.5236505660785972,0.12550265864074295,3.469446951953614e-18,-0.9969142414339562,-0.22249886298123475,8.0,3.077825675e-315
0.3,0.6600000000000001,0.1,0.03264647072945982,0.09678519969986403,-0.05236505660785972,0.14070658273848724,-0.5236505660785972,0.12683857339072813,3.469446951953614e-18,-0.9965357232256264,-0.22282901497405574,8.0,3.077825675e-315
0.3,0.6699999999999999,0.1,0.03179649815841446,0.09819099275229944,-0.05236505660785972,0.14045159096717363,-0.5236505660785972,0.128148913268448,6.938893903907228e-18,-0.9961532355686561,-0.22316262920819105,8.0,3.077825675e-315
0.3,0.6799999999999999,0.1,0.03093787597311167,0.09959422286953508,-0.05236505660785972,0.1401940043115828,-0.5236505660785972,0.1294334140658282,1.0408340855860843e-17,-0.9957668555852699,-0.22349963841592238,8.0,3.077825675e-315
0.3,0.69,0.1,0.030070777300322992,0.10099486436198664,-0.05236505660785972,0.1399338747097462,-0.5236505660785972,0.13069181678481168,6.938893903907228e-18,-0.995376661182515,-0.22383997464499195,8.0,3.077825675e-315
0.3,0.7,0.1,0.029195376975961588,0.10239289206202264,-0.05236505660785972,0.1396712546124378,-0.5236505660785972,0.13192386768958136,4.163336342344337e-17,-0.9949827310365523,-0.2241835692723038,8.0,3.077825675e-315
0.3,0.71,0.1,0.028311851509829497,0.10378828132903901,-0.05236505660785972,0.13940619697259815,-0.5236505660785972,0.13312931835772202,2.0816681711721685e-17,-0.9945851445767928,-0.22453035301776061,8.0,3.077825675e-315
0.3,0.72,0.1,0.02742037905002745,0.10518100805442751,-0.05236505660785972,0.13913875523465752,-0.5236505660785972,0.1343079257303101,-1.734723475976807e-17,-0.994183981969882,-0.22488025595823297,8.0,3.077825675e-315
0.3,0.73,0.1,0.026521139347034244,0.10657104866643677,-0.05236505660785972,0.13886898332375958,-0.5236505660785972,0.1354594521609227,2.0816681711721685e-17,-0.993779324103535,-0.22523320754165777,8.0,3.077825675e-315
0.3,0.74,0.1,0.025614313717463054,0.10795838013492515,-0.05236505660785972,0.13859693563488823,-0.5236505660785972,0.13658366546355513,4.336808689942018e-17,-0.993371252570228,-0.22558913660126445,8.0,3.077825675e-315
0.3,0.75,0.1,0.024700085007502058,0.10934297997600438,-0.05236505660785972,0.1383226670218999,-0.5236505660785972,0.1376803389594369,0.0,-0.9929598496507456,-0.22594797136992417,8.0,3.077825675e-315
0.3,0.76,0.1,0.0237786375560465,0.11072482625657312,-0.05236505660785972,0.13804623278646325,-0.5236505660785972,0.1387492515227381,1.0408340855860843e-17,-0.9925451982975906,-0.2263096394946205,8.0,3.077825675e-315
0.3,0.77,0.1,0.022850157157529825,0.11210389759873932,-0.05236505660785972,0.13776768866690825,-0.5236505660785972,0.13979018762515563,2.0816681711721685e-17,-0.992127382118258,-0.22667406805103824,8.0,3.077825675e-315
0.3,0.78,0.1,0.021914831024461415,0.11348017318413073,-0.05236505660785972,0.13748709082698773,-0.5236505660785972,0.1408029373793707,3.642919299551295e-17,-0.9917064853583772,-0.2270411835582676,8.0,3.077825675e-315
0.3,0.79,0.1,0.020972847749678284,0.11485363275809261,-0.05236505660785972,0.1372044958445528,-0.5236505660785972,0.14178729658136932,4.336808689942018e-17,-0.9912825928847249,-0.22741091199361996,8.0,3.077825675e-315
0.3,0.8,0.1,0.02002439726831851,0.11622425663377174,-0.05236505660785972,0.13691996070014484,-0.5236505660785972,0.1427430667516164,-1.214306433183765e-17,-0.990855790168113,-0.2277831788075537,8.0,3.077825675e-315
0.3,0.81,0.1,0.019069670819523935,0.1175920256960859,-0.05236505660785972,0.1366335427655065,-0.5236505660785972,0.14367005517507608,3.122502256758253e-17,-0.9904261632661554,-0.22815790893870558,8.0,3.077825675e-315
0.3,0.8200000000000001,0.1,0.018108860907880088,0.11895692140557813,-0.05236505660785972,0.13634529979201332,-0.5236505660785972,0.14456807494006932,1.734723475976807e-18,-0.9899937988059156,-0.22853502682902577,8.0,3.077825675e-315
0.3,0.8300000000000001,0.1,0.017142161264600844,0.12031892580215495,-0.05236505660785972,0.13605528989902954,-0.5236505660785972,0.1454369449759614,-8.673617379884035e-18,-0.98955878396644,-0.2289144564390129,8.0,3.077825675e-315
0.3,0.8400000000000001,0.1,0.016169766808465682,0.12167802150870759,-0.05236505660785972,0.13576357156218902,-0.5236505660785972,0.14627649008967214,4.163336342344337e-17,-0.9891212064611793,-0.22929612126304594,8.0,3.077825675e-315
0.3,0.8500000000000001,0.1,0.015191873606517695,0.12303419173461595,-0.05236505660785972,0.1354702036016046,-0.5236505660785972,0.14708654100100027,2.0816681711721685e-17,-0.9886811545203026,-0.2296799443448105,8.0,3.077825675e-315
0.3,0.8600000000000001,0.1,0.014208678834529906,0.12438742027913402,-0.05236505660785972,0.13517524517000828,-0.5236505660785972,0.14786693437675621,4.163336342344337e-17,-0.9882387168729081,-0.2300658482928157,8.0,3.077825675e-315
0.3,0.8700000000000001,0.1,0.013220380737248088,0.12573769153465653,-0.05236505660785972,0.13487875574082372,-0.5236505660785972,0.14861751286369537,1.3877787807814457e-17,-0.9877939827291313,-0.23045375529599882,8.0,3.077825675e-315
0.3,0.8800000000000001,0.1,0.012227178588417972,0.127084990489866,-0.05236505660785972,0.13458079509617468,-0.5236505660785972,0.14933812512024566,-2.6020852139652106e-18,-0.9873470417621577,-0.23084358713941464,8.0,3.077825675e-315
0.3,0.8900000000000001,0.1,0.011229272650605155,0.12842930273275943,-0.05236505660785972,0.13428142331483084,-0.5236505660785972,0.15002862584702342,8.673617379884035e-19,-0.986897984090142,-0.2312352652200062,8.0,3.077825675e-315
0.3,0.9000000000000001,0.1,0.010226864134815434,0.12977061445355437,-0.05236505660785972,0.13398070076009394,-0.5236505660785972,0.15068887581613002,3.642919299551295e-17,-0.9864469002580365,-0.23162871056245365,8.0,3.077825675e-315
0.3,0.9100000000000001,0.1,0.009220155159923936,0.1311089124474733,-0.05236505660785972,0.13367868806762648,-0.5236505660785972,0.1513187418992253,9.540979117872439e-18,-0.9859938812193354,-0.23202384383509855,8.0,3.077825675e-315
0.3,0.9199999999999999,0.1,0.008209348711921388,0.13244418411740622,-0.05236505660785972,0.13337544613322572,-0.5236505660785972,0.15191809709437046,1.6479873021779667e-17,-0.9855390183177342,-0.23242058536593957,8.0,3.077825675e-315
0.3,0.9299999999999999,0.1,0.0071946486029851615,0.1337764174764507,-0.05236505660785972,0.13307103610054485,-0.5236505660785972,0.1524868205516359,2.688821387764051e-17,-0.985082403268713,-0.23281885515869705,8.0,3.077825675e-315
0.3,0.94,0.1,0.006176259430384202,0.13510560115032866,-0.05236505660785972,0.13276551934876457,-0.5236505660785972,0.15302479759746854,3.729655473350135e-17,-0.9846241281410425,-0.2332185729089429,8.0,3.077825675e-315
0.3,0.95,0.1,0.005154386535225299,0.13643172437968,-0.05236505660785972,0.13245895748021688,-0.5236505660785972,0.15353191975781408,8.673617379884035e-19,-0.984164285338221,-0.2336196580202928,8.0,3.077825675e-315
0.3,0.96,0.1,0.004129235961049447,0.13775477702223196,-0.05236505660785972,0.13215141230796415,-0.5236505660785972,0.15400808477998854,4.8138576458356397e-17,-0.983702967579842,-0.23402202962065682,8.0,3.077825675e-315
0.3,0.97,0.1,0.0031010144122867365,0.13907474955484406,-0.05236505660785972,0.13184294584333534,-0.5236505660785972,0.1544531966532962,4.445228907190568e-17,-0.9832402678828986,-0.23442560657854614,8.0,3.077825675e-315
0.3,0.98,0.1,0.002069929212577787,0.14039163307542846,-0.05236505660785972,0.13153362028342264,-0.5236505660785972,0.15486716562838834,1.6696713456276768e-17,-0.9827762795430296,-0.23483030751943193,8.0,3.077825675e-315
0.3,0.99,0.1,0.0010361882629704568,0.14170541930474476,-0.05236505660785972,0.13122349799854044,-0.5236505660785972,0.15524990823535967,2.0383000842727483e-17,-0.9823110961157063,-0.2352360508421528,8.0,3.077825675e-315
0.3,1.0,0.1,0.0,0.14301610058806946,-0.05236505660785972,0.1309126415196493,-0.5236505660785972,0.15560134730057879,0.0,-0.9818448113973697,-0.2356427547353687,8.0,3.077825675e-315
0.7,-1.0,0.1,0.0,-0.13377730452765776,-0.053288936213900885,0.1332223405347522,-0.5328893621390088,-0.007134583964859914,0.0,-0.9991675540106415,-0.23980021296255394,8.0,0.0
0.7,-0.99,0.1,4.751097785345395e-05,-0.13244500982898658,-0.053288936213900885,0.13323659382810826,-0.5328893621390088,-0.007118469891539282,3.467414072880204e-17,-0.9991889339506755,-0.23978156490374647,8.0,0.0
0.7,-0.98,0.1,9.490974226545317e-05,-0.1311125727633098,-0.053288936213900885,0.13325081345743187,-0.5328893621390088,-0.007100920498084155,4.1118367391512756e-17,-0.999210263394661,-0.23976296088871477,8.0,0.0
0.7,-0.97,0.1,0.00014218673606964944,-0.12977999368160936,-0.053288936213900885,0.1332649965555731,-0.5328893621390088,-0.0070819393230355625,1.5504091066542713e-17,-0.9992315380418728,-0.2397444046686466,8.0,0.0
0.7,-0.96,0.1,0.00018933242665269376,-0.12844727296350242,-0.053288936213900885,0.13327914026274804,-0.5328893621390088,-0.0070615301936292904,3.686287386450715e-17,-0.9992527536026353,-0.23972589998509278,8.0,0.0
0.7,-0.95,0.1,0.00023633730787633197,-0.12711441101716472,-0.053288936213900885,0.13329324172711512,-0.5328893621390088,-0.0070396972250241895,3.176712365382528e-17,-0.9992739057991858,-0.2397074505692125,8.0,0.0
0.7,-0.94,0.1,0.0002831919019941558,-0.12578140827924825,-0.053288936213900885,0.13330729810535047,-0.5328893621390088,-0.007016444819472415,2.5912431922403556e-17,-0.9992949903665389,-0.23968906014102126,8.0,0.0
0.7,-0.9299999999999999,0.1,0.00032988676156263565,-0.12444826521479332,-0.053288936213900885,0.133321306563221,-0.5328893621390088,-0.006991777665431797,-3.848917712323541e-18,-0.9993160030533448,-0.23967073240864062,8.0,0.0
0.7,-0.92,0.1,0.0003764124713460326,-0.12311498231713476,-0.053288936213900885,0.13333526427615602,-0.5328893621390088,-0.006965700736620471,8.917562868693274e-18,-0.9993369396227472,-0.2396524710675506,8.0,0.0
0.7,-0.91,0.1,0.00042275965021483004,-0.12178156010780232,-0.053288936213900885,0.13334916842981667,-0.5328893621390088,-0.006938219291014039,2.802662615875029e-17,-0.9993577958532383,-0.2396342797998446,8.0,0.0
0.7,-0.9,0.1,0.00046891895303727483,-0.12044799913641573,-0.053288936213900885,0.1333630162206634,-0.5328893621390088,-0.006909338869785363,2.656295322589486e-17,-0.9993785675395083,-0.23961616227348684,8.0,0.0
0.7,-0.89,0.1,0.0005148810725636721,-0.11911429998057367,-0.053288936213900885,0.1333768048565213,-0.5328893621390088,-0.006879065296187294,5.583641188300348e-18,-0.9993992504932951,-0.23959812214157272,8.0,0.0
0.7,-0.88,0.1,0.0005606367413030315,-0.11778046324573747,-0.053288936213900885,0.13339053155714312,-0.5328893621390088,-0.006847404674378504,-5.583641188300348e-18,-0.9994198405442279,-0.23958016304159255,8.0,0.0
0.7,-0.87,0.1,0.0006061767333917034,-0.1164464895651089,-0.053288936213900885,0.13340419355476973,-0.5328893621390088,-0.006814363388192691,2.7972416050126014e-17,-0.9994403335406677,-0.23956228859469772,8.0,0.0
0.7,-0.86,0.1,0.0006514918664536216,-0.11511237959950262,-0.053288936213900885,0.1334177880946883,-0.5328893621390088,-0.006779948099851378,-2.9815559743351372e-18,-0.9994607253505458,-0.23954450240497094,8.0,0.0
0.7,-0.85,0.1,0.0006965730034517714,-0.11377813403721278,-0.053288936213900885,0.13343131243578774,-0.5328893621390088,-0.0067441657486205925,-1.0462550964485118e-17,-0.9994810118621948,-0.23952680805869914,8.0,0.0
0.7,-0.84,0.1,0.0007414110545305231,-0.1124437535938744,-0.053288936213900885,0.13344476385111137,-0.5328893621390088,-0.006707023549411677,7.101524229780054e-18,-0.9995011889851801,-0.23950920912365076,8.0,0.0
0.7,-0.83,0.1,0.0007859969788484474,-0.111109239012319,-0.053288936213900885,0.13345813962840675,-0.5328893621390088,-0.0066685289913265364,6.288372600415926e-18,-0.9995212526511232,-0.23949170914835594,8.0,0.0
0.7,-0.8200000000000001,0.1,0.000830321786401251,-0.1097745910624248,-0.053288936213900885,0.1334714370706726,-0.5328893621390088,-0.006628689836147558,4.0549161250957866e-17,-0.9995411988145221,-0.23947431166139146,8.0,0.0
0.7,-0.81,0.1,0.0008743765398344605,-0.1084398105409615,-0.053288936213900885,0.13348465349670255,-0.5328893621390088,-0.0065875141167726055,2.710505431213761e-18,-0.999561023453567,-0.23945702017066892,8.0,0.0
0.7,-0.8,0.1,0.0009181523562454864,-0.10710489827142965,-0.053288936213900885,0.13349778624162587,-0.5328893621390088,-0.0065450101355953106,2.0166160408230382e-17,-0.999580722570952,-0.2394398381627276,8.0,0.0
0.7,-0.79,0.1,0.0009616404089747155,-0.1057698551038946,-0.053288936213900885,0.13351083265744462,-0.5328893621390088,-0.006501186462831027,-3.0357660829594124e-18,-0.9996002921946802,-0.2394227691020314,8.0,0.0
0.7,-0.78,0.1,0.0010048319293852587,-0.10443468191481507,-0.053288936213900885,0.1335237901135678,-0.5328893621390088,-0.006456051934788797,2.0708261494473135e-17,-0.9996197283788648,-0.23940581643027026,8.0,0.0
0.7,-0.77,0.1,0.0010477182086309972,-0.10309937960686646,-0.053288936213900885,0.13353665599734152,-0.5328893621390088,-0.006409615652089665,2.0925101928970236e-17,-0.9996390272045255,-0.23938898356566626,8.0,0.0
0.7,-0.76,0.1,0.0010902905994125763,-0.10176394910875881,-0.053288936213900885,0.13354942771457598,-0.5328893621390088,-0.006361886977831672,-4.445228907190568e-18,-0.9996581847803772,-0.23937227390228452,8.0,0.0
0.7,-0.75,0.1,0.0011325405177209887,-0.10042839137504957,-0.053288936213900885,0.13356210269006852,-0.5328893621390088,-0.006312875535701962,2.439454888092385e-17,-0.9996771972436159,-0.2393556908093485,8.0,0.0
0.7,-0.74,0.1,0.0011744594445683991,-0.09909270738595112,-0.053288936213900885,0.13357467836812273,-0.5328893621390088,-0.006262591208036313,-2.168404344971009e-19,-0.9996960607606973,-0.23933923763056086,8.0,0.0
0.7,-0.73,0.1,0.0012160389277058486,-0.0977568981471331,-0.053288936213900885,0.13358715221306397,-0.5328893621390088,-0.0062110441338265356,1.1926223897340549e-17,-0.9997147715281092,-0.23932291768342942,8.0,0.0
0.7,-0.72,0.1,0.0012572705833275128,-0.09642096468951969,-0.053288936213900885,0.13359952170975048,-0.5328893621390088,-0.006158244706676122,3.252606517456513e-17,-0.9997333257731389,-0.23930673425859791,8.0,0.0
0.7,-0.71,0.1,0.0012981460977611588,-0.09508490806908168,-0.053288936213900885,0.13361178436408055,-0.5328893621390088,-0.006104203572704534,-4.662069341687669e-18,-0.9997517197546341,-0.23929069061918273,8.0,0.0
0.7,-0.7,0.1,0.0013386572291444515,-0.09374872936662358,-0.053288936213900885,0.13362393770349557,-0.5328893621390088,-0.006048931628400606,4.141652298894627e-17,-0.9997699497637564,-0.23927479000011476,8.0,0.0
0.7,-0.69,0.1,0.0013787958090867912,-0.0924124296875657,-0.053288936213900885,0.13363597927747825,-0.5328893621390088,-0.005992440018425445,7.914675859144182e-18,-0.9997880121247306,-0.23925903560748737,8.0,0.0
0.7,-0.6799999999999999,0.1,0.0014185537443163327,-0.09107601016172129,-0.053288936213900885,0.13364790665804713,-0.5328893621390088,-0.005934740133365292,3.67544536472586e-17,-0.9998059031955839,-0.23924343061790976,8.0,0.0
0.7,-0.6699999999999999,0.1,0.001457923018311855,-0.08973947194306861,-0.053288936213900885,0.13365971744024577,-0.5328893621390088,-0.005875843607434811,3.7947076036992655e-18,-0.9998236193688819,-0.2392279781778666,8.0,0.0
0.7,-0.6599999999999999,0.1,0.0014968956929191605,-0.08840281620951843,-0.053288936213900885,0.13367140924262796,-0.5328893621390088,-0.0058157623161312405,1.3660947373317356e-17,-0.9998411570724551,-0.2392126814030832,8.0,0.0
0.7,-0.6499999999999999,0.1,0.0015354639099516725,-0.08706604416267634,-0.053288936213900885,0.1336829797077377,-0.5328893621390088,-0.005754508373839889,-4.0115480381963664e-18,-0.9998585127701197,-0.23919754337789795,8.0,0.0
0.7,-0.64,0.1,0.0015736198927749018,-0.08572915702760066,-0.053288936213900885,0.13369442650258467,-0.5328893621390088,-0.005692094131391491,-1.3010426069826053e-17,-0.9998756829623903,-0.2391825671546398,8.0,0.0
0.7,-0.63,0.1,0.00161135594787448,-0.0843921560525552,-0.053288936213900885,0.13370574731911455,-0.5328893621390088,-0.005628532173571853,1.3010426069826053e-18,-0.999892664187185,-0.23916775575301322,8.0,0.0
0.7,-0.62,0.1,0.0016486644664074246,-0.08305504250875781,-0.053288936213900885,0.13371693987467445,-0.5328893621390088,-0.005563835316584351,2.8189256484623115e-17,-0.9999094530205248,-0.23915311215948903,8.0,0.0
0.7,-0.61,0.1,0.0016855379257363354,-0.08171781769012385,-0.053288936213900885,0.1337280019124731,-0.5328893621390088,-0.005498016605465752,2.168404344971009e-19,-0.9999260460772228,-0.23913863932670246,8.0,0.0
0.7,-0.6,0.1,0.0017219688909462074,-0.08038048291300544,-0.053288936213900885,0.1337389312020361,-0.5328893621390088,-0.005431089311455906,3.209238430557093e-17,-0.9999424400115674,-0.23912434017285758,8.0,0.0
0.7,-0.59,0.1,0.001757950016343559,-0.07904303951592596,-0.053288936213900885,0.13374972553965528,-0.5328893621390088,-0.005363066929321821,3.2526065174565133e-18,-0.9999586315179961,-0.23911021758113915,8.0,0.0
0.7,-0.5800000000000001,0.1,0.0017934740469375662,-0.07770548885931022,-0.053288936213900885,0.13376038274883348,-0.5328893621390088,-0.005293963174636673,-1.5178830414797062e-18,-0.9999746173317634,-0.23909627439913098,8.0,0.0
0.7,-0.5700000000000001,0.1,0.0018285338199029103,-0.07636783232521004,-0.053288936213900885,0.1337709006807231,-0.5328893621390088,-0.005223791981014279,9.324138683375338e-18,-0.9999903942295979,-0.2390825134382421,8.0,0.0
0.7,-0.56,0.1,0.0018631222660240418,-0.07503007131702576,-0.053288936213900885,0.13378127721455943,-0.5328893621390088,-0.0051525674972996306,1.5829351718288365e-17,-1.0000059590303523,-0.2390689374731395,8.0,0.0
0.7,-0.55,0.1,0.0018972324111205684,-0.0736922072592231,-0.053288936213900885,0.1337915102580884,-0.5328893621390088,-0.005080304084716013,1.3010426069826053e-17,-1.0000213085956458,-0.23905554924118916,8.0,0.0
0.7,-0.54,0.1,0.001930857377453482,-0.07235424159704601,-0.053288936213900885,0.13380159774798825,-0.5328893621390088,-0.005007016313969299,-9.75781955236954e-18,-1.0000364398304955,-0.23904235144190344,8.0,0.0
0.7,-0.53,0.1,0.001963990385111941,-0.07101617579622531,-0.053288936213900885,0.1338115376502858,-0.5328893621390088,-0.0049327189623100155,2.7755575615628914e-17,-1.0000513496839418,-0.23902934673639753,8.0,0.0
0.7,-0.52,0.1,0.0019966247533803223,-0.06967801134268303,-0.053288936213900885,0.13382132796076632,-0.5328893621390088,-0.004857427010553764,2.2985086056692694e-17,-1.0000660351496626,-0.2390165377468522,8.0,0.0
0.7,-0.51,0.1,0.00202875390208528,-0.06833974974223293,-0.053288936213900885,0.1338309667053778,-0.5328893621390088,-0.0047811556400605745,2.7972416050126014e-17,-1.0000804932665799,-0.2390039270559855,8.0,0.0
0.7,-0.5,0.1,0.0020603713529225224,-0.06700139252027679,-0.053288936213900885,0.13384045194062896,-0.5328893621390088,-0.004703920229673856,-6.7220534694101275e-18,-1.0000947211194566,-0.23899151720653186,8.0,0.0
0.7,-0.49,0.1,0.002091470730763059,-0.06566294122149684,-0.053288936213900885,0.13384978175398113,-0.5328893621390088,-0.0046257363526195005,3.0357660829594124e-18,-1.0001087158394848,-0.2389793107007295,8.0,0.0
0.7,-0.48,0.1,0.0021220457649386315,-0.06432439740954435,-0.053288936213900885,0.1338589542642338,-0.5328893621390088,-0.004546619773365803,9.75781955236954e-18,-1.0001224746048638,-0.23896730999981558,8.0,0.0
0.7,-0.47,0.1,0.0021520902905060946,-0.06298576266672433,-0.053288936213900885,0.13386796762190403,-0.5328893621390088,-0.004466586444444826,-1.0191500421363742e-17,-1.0001359946413693,-0.23895551752353034,8.0,0.0
0.7,-0.45999999999999996,0.1,0.0021815982494904707,-0.061647038593676456,-0.053288936213900885,0.13387682000959936,-0.5328893621390088,-0.004385652503235837,1.1926223897340549e-17,-1.0001492732229122,-0.23894393564962896,8.0,0.0
0.7,-0.44999999999999996,0.1,0.002210563692106441,-0.06030822680905235,-0.053288936213900885,0.13388550964238416,-0.5328893621390088,-0.004303834268711471,3.5561831257524545e-17,-1.0001623076720894,-0.23893256671340218,8.0,0.0
0.7,-0.43999999999999995,0.1,0.002238980777958018,-0.05896932894918922,-0.053288936213900885,0.13389403476813963,-0.5328893621390088,-0.004221148238147292,3.1008182133085427e-17,-1.0001750953607227,-0.23892141300720543,8.0,0.0
0.7,-0.42999999999999994,0.1,0.0022668437772161644,-0.05763034666777988,-0.053288936213900885,0.13390239366791706,-0.5328893621390088,-0.004137611083795386,9.540979117872439e-18,-1.0001876337103888,-0.23891047677999663,8.0,0.0
0.7,-0.42000000000000004,0.1,0.002294147071774116,-0.056291281635539356,-0.053288936213900885,0.13391058465628444,-0.5328893621390088,-0.004053239649522688,-3.0357660829594124e-18,-1.00019992019294,-0.23889976023688259,8.0,0.0
0.7,-0.41000000000000003,0.1,0.0023208851563801813,-0.054952135539867955,-0.053288936213900885,0.13391860608166628,-0.5328893621390088,-0.003968050947414692,3.3393426912553537e-17,-1.0002119523310127,-0.23888926553867473,8.0,0.0
0.7,-0.4,0.1,0.0023470526397477813,-0.053612910084511106,-0.053288936213900885,0.13392645632667655,-0.5328893621390088,-0.003882062154345252,4.9873299934333204e-18,-1.000223727698528,-0.23887899480145297,8.0,0.0
0.7,-0.39,0.1,0.00237264424564251,-0.052273606989215765,-0.053288936213900885,0.13393413380844496,-0.5328893621390088,-0.0037952906085131554,-3.469446951953614e-18,-1.0002352439211806,-0.23886895009613926,8.0,0.0
0.7,-0.38,0.1,0.002397654813946004,-0.0509342279893837,-0.053288936213900885,0.13394163697893602,-0.5328893621390088,-0.003707753805946161,1.5829351718288365e-17,-1.0002464986769173,-0.23885913344808013,8.0,0.0
0.7,-0.37,0.1,0.0024220793016963903,-0.04959477483572153,-0.053288936213900885,0.13394896432526113,-0.5328893621390088,-0.003619469396973225,1.734723475976807e-18,-1.000257489696405,-0.23884954683663812,8.0,0.0
0.7,-0.36,0.1,0.002445912784105114,-0.04825524929388778,-0.053288936213900885,0.13395611436998375,-0.5328893621390088,-0.003530455182665601,1.9081958235744878e-17,-1.0002682147634887,-0.2388401921947927,8.0,0.0
0.7,-0.35,0.1,0.002469150455549943,-0.04691565314413682,-0.053288936213900885,0.1339630856714172,-0.5328893621390088,-0.003440729111247555,3.361026734705064e-17,-1.000278671715639,-0.2388310714087506,8.0,0.0
0.7,-0.33999999999999997,0.1,0.0024917876305439366,-0.045575988180959925,-0.053288936213900885,0.1339698768239154,-0.5328893621390088,-0.003350309274477409,1.1058862159352145e-17,-1.0002888584443863,-0.2388221863175655,8.0,0.0
0.7,-0.32999999999999996,0.1,0.0025138197446802012,-0.04423625621272344,-0.053288936213900885,0.13397648645815627,-0.5328893621390088,-0.003259213903999639,-2.168404344971009e-18,-1.0002987728957475,-0.23881353871276698,8.0,0.0
0.7,-0.31999999999999995,0.1,0.002535242355552221,-0.04289645906130416,-0.053288936213900885,0.1339829132414179,-0.5328893621390088,-0.0031674613676687694,3.8163916471489756e-17,-1.00030841307064,-0.23880513033799972,8.0,0.0
0.7,-0.30999999999999994,0.1,0.002556051143649597,-0.04155659856172198,-0.053288936213900885,0.1339891558778471,-0.5328893621390088,-0.0030750701658458037,2.1467203015212988e-17,-1.0003177770252838,-0.2387969628886715,8.0,0.0
0.7,-0.29999999999999993,0.1,0.0025762419132290045,-0.04021667656176989,-0.053288936213900885,0.13399521310872092,-0.5328893621390088,-0.0029820589276679374,2.47198095326695e-17,-1.0003268628715947,-0.23878903801161158,8.0,0.0
0.7,-0.29000000000000004,0.1,0.002595810593160193,-0.038876694921641405,-0.053288936213900885,0.13400108371270028,-0.5328893621390088,-0.002888446407292304,2.710505431213761e-17,-1.0003356687775635,-0.2387813573047386,8.0,0.0
0.7,-0.28,0.1,0.0026147532377468643,-0.03753665551355544,-0.053288936213900885,0.13400676650607626,-0.5328893621390088,-0.002794251480114509,-1.0191500421363742e-17,-1.0003441929676278,-0.23877392231673836,8.0,0.0
0.7,-0.27,0.1,0.0026330660275222504,-0.03619656022137892,-0.053288936213900885,0.1340122603430089,-0.5328893621390088,-0.0026994931389627357,1.7564075194265172e-17,-1.0003524337230265,-0.23876673454675149,8.0,0.0
0.7,-0.26,0.1,0.0026507452700192534,-0.0348564109402468,-0.053288936213900885,0.134017564115758,-0.5328893621390088,-0.002604190490268144,1.3660947373317356e-17,-1.0003603893821502,-0.2387597954440714,8.0,0.0
0.7,-0.25,0.1,0.002667787400514959,-0.03351620957618004,-0.053288936213900885,0.1340226767549067,-0.5328893621390088,-0.0025083627502123893,5.854691731421724e-18,-1.0003680583408732,-0.23875310640785183,8.0,0.0
0.7,-0.24,0.1,0.002684188982749412,-0.03217595804570123,-0.053288936213900885,0.13402759722957705,-0.5328893621390088,-0.002412029240852999,3.447762908503904e-17,-1.0003754390528787,-0.23874666878682482,8.0,0.0
0.7,-0.22999999999999998,0.1,0.0026999467096184768,-0.03083565827544819,-0.053288936213900885,0.13403232454763775,-0.5328893621390088,-0.002315209386227402,-6.938893903907228e-18,-1.0003825300299698,-0.23874048387902871,8.0,0.0
0.7,-0.21999999999999997,0.1,0.0027150574038406596,-0.02949531220178547,-0.053288936213900885,0.1340368577559044,-0.5328893621390088,-0.0022179227084363983,-6.7220534694101275e-18,-1.0003893298423698,-0.2387345529315465,8.0,0.0
0.7,-0.20999999999999996,0.1,0.002729518018597754,-0.028154921770413933,-0.053288936213900885,0.13404119594033154,-0.5328893621390088,-0.0021201888237078526,2.168404344971009e-18,-1.0003958371190105,-0.23872887714025437,8.0,0.0
0.7,-0.19999999999999996,0.1,0.0027433256381491833,-0.026814488935978435,-0.053288936213900885,0.13404533822619696,-0.5328893621390088,-0.002022027438441416,-8.673617379884035e-19,-1.0004020505478086,-0.23872345764958042,8.0,0.0
0.7,-0.18999999999999995,0.1,0.0027564774784199064,-0.02547401566167368,-0.053288936213900885,0.13404928377827818,-0.5328893621390088,-0.0019234583452350542,3.903127820947816e-18,-1.0004079688759304,-0.23871829555227414,8.0,0.0
0.7,-0.17999999999999994,0.1,0.002768970887561782,-0.02413350391884842,-0.053288936213900885,0.13405303180102074,-0.5328893621390088,-0.0018245014188942063,-9.974659986866641e-18,-1.0004135909100442,-0.23871339188918597,8.0,0.0
0.7,-0.16999999999999993,0.1,0.00278080334648827,-0.022792955686607923,-0.053288936213900885,0.1340565815386987,-0.5328893621390088,-0.001725176612424363,2.883977778811442e-17,-1.0004189155165613,-0.2387087476490573,8.0,0.0
0.7,-0.16000000000000003,0.1,0.0027919724693823626,-0.02145237295141495,-0.053288936213900885,0.13405993227556692,-0.5328893621390088,-0.001625503953007876,9.974659986866641e-18,-1.0004239416218634,-0.2387043637683214,8.0,0.0
0.7,-0.15000000000000002,0.1,0.002802476004177645,-0.02011175770668917,-0.053288936213900885,0.1340630833360055,-0.5328893621390088,-0.0015255035379658107,-4.336808689942018e-18,-1.0004286682125216,-0.23870024113091426,8.0,0.0
0.7,-0.14,0.1,0.0028123118330123835,-0.018771111952405283,-0.053288936213900885,0.13406603408465592,-0.5328893621390088,-0.0014251955307056639,-5.421010862427522e-18,-1.000433094335497,-0.23869638056809664,8.0,0.0
0.7,-0.13,0.1,0.002821477972656562,-0.01743043769468974,-0.053288936213900885,0.1340687839265492,-0.5328893621390088,-0.001324600156655746,3.491130995403324e-17,-1.000437219098337,-0.23869278285828627,8.0,0.0
0.7,-0.12,0.1,0.0028299725749117623,-0.016089736945416204,-0.053288936213900885,0.13407133230722573,-0.5328893621390088,-0.0012237376991870638,-1.1492543028346347e-17,-1.0004410416693519,-0.23868944872690112,8.0,0.0
0.7,-0.10999999999999999,0.1,0.002837793926983827,-0.01474901172179993,-0.053288936213900885,0.13407367871284737,-0.5328893621390088,-0.0011226284955235186,1.7564075194265172e-17,-1.0004445612777841,-0.2386863788462128,8.0,0.0
0.7,-0.09999999999999998,0.1,0.0028449404518282096,-0.013408264045991016,-0.053288936213900885,0.1340758226703007,-0.5328893621390088,-0.001021292932641246,2.992397996059992e-17,-1.0004477772139642,-0.23868357383521138,8.0,0.0
0.7,-0.08999999999999997,0.1,0.0028514107084679653,-0.012067495944666664,-0.053288936213900885,0.1340777637472926,-0.5328893621390088,-0.0009197514431579238,1.2793585635328952e-17,-1.000450688829452,-0.23868103425948028,8.0,0.0
0.7,-0.07999999999999996,0.1,0.0028572033922842966,-0.01072670944862254,-0.053288936213900885,0.1340795015524375,-0.5328893621390088,-0.0008180245012128778,7.806255641895632e-18,-1.0004532955371694,-0.23867876063108234,8.0,0.0
0.7,-0.06999999999999995,0.1,0.0028623173352796084,-0.009385906592363295,-0.053288936213900885,0.13408103573533608,-0.5328893621390088,-0.0007161326183388131,-1.4094628242311558e-17,-1.0004555968115174,-0.23867675340845673,8.0,0.0
0.7,-0.05999999999999994,0.1,0.0028667515063130157,-0.008045089413692346,-0.053288936213900885,0.1340823659866461,-0.5328893621390088,-0.0006140963393260091,-1.4094628242311558e-17,-1.0004575921884824,-0.2386750129963261,8.0,0.0
0.7,-0.04999999999999993,0.1,0.002870505011308254,-0.006704259953300983,-0.053288936213900885,0.13408349203814468,-0.5328893621390088,-0.000511936238079806,-1.0191500421363742e-17,-1.0004592812657302,-0.23867353974561548,8.0,0.0
0.7,-0.040000000000000036,0.1,0.002873577093433958,-0.005363420254356914,-0.053288936213900885,0.1340844136627824,-0.5328893621390088,-0.00040967291347222297,2.3852447794681098e-18,-1.0004606637026867,-0.23867233395338114,8.0,0.0
0.7,-0.030000000000000027,0.1,0.0028759671332562586,-0.004022572362092235,-0.053288936213900885,0.1340851306747291,-0.5328893621390088,-0.0003073269851885369,3.165870343657673e-17,-1.0004617392206068,-0.23867139586275085,8.0,0.0
0.7,-0.020000000000000018,0.1,0.0028776746488636895,-0.002681718323391132,-0.053288936213900885,0.13408564292941133,-0.5328893621390088,-0.00020491908956967388,2.862293735361732e-17,-1.0004625076026301,-0.23867072566287498,8.0,0.0
0.7,-0.010000000000000009,0.1,0.0028786992959643496,-0.0013408601863771025,-0.053288936213900885,0.1340859503235415,-0.5328893621390088,-0.00010246987545123405,-1.1492543028346347e-17,-1.0004629686938256,-0.23867032348888795,8.0,0.0
0.7,0.0,0.1,0.002879040867955325,0.0,-0.053288936213900885,0.13408605279513883,-0.5328893621390088,0.0,4.0332320816460765e-17,-1.0004631224012215,-0.23867018942188145,8.0,0.0
0.7,0.010000000000000009,0.1,0.0028786992959643496,0.0013408601863771025,-0.053288936213900885,0.1340859503235415,-0.5328893621390088,0.00010246987545123405,-1.1492543028346347e-17,-1.0004629686938256,-0.23867032348888795,8.0,0.0
0.7,0.020000000000000018,0.1,0.0028776746488636895,0.002681718323391132,-0.053288936213900885,0.13408564292941133,-0.5328893621390088,0.00020491908956967388,2.862293735361732e-17,-1.0004625076026301,-0.23867072566287498,8.0,0.0
0.7,0.030000000000000027,0.1,0.0028759671332562586,0.004022572362092235,-0.053288936213900885,0.1340851306747291,-0.5328893621390088,0.0003073269851885369,3.165870343657673e-17,-1.0004617392206068,-0.23867139586275085,8.0,0.0
0.7,0.040000000000000036,0.1,0.002873577093433958,0.005363420254356914,-0.053288936213900885,0.1340844136627824,-0.5328893621390088,0.00040967291347222297,2.3852447794681098e-18,-1.0004606637026867,-0.23867233395338114,8.0,0.0
0.7,0.050000000000000044,0.1,0.002870505011308254,0.006704259953300998,-0.053288936213900885,0.13408349203814468,-0.5328893621390088,0.0005119362380798072,-1.0191500421363742e-17,-1.0004592812657302,-0.23867353974561548,8.0,0.0
0.7,0.06000000000000005,0.1,0.0028667515063130157,0.00804508941369236,-0.053288936213900885,0.1340823659866461,-0.5328893621390088,0.0006140963393260102,-1.4094628242311558e-17,-1.0004575921884824,-0.2386750129963261,8.0,0.0
0.7,0.07000000000000006,0.1,0.0028623173352796084,0.00938590659236331,-0.053288936213900885,0.13408103573533608,-0.5328893621390088,0.0007161326183388141,-1.4094628242311558e-17,-1.0004555968115174,-0.23867675340845673,8.0,0.0
0.7,0.08000000000000007,0.1,0.0028572033922842966,0.010726709448622553,-0.053288936213900885,0.1340795015524375,-0.5328893621390088,0.0008180245012128789,7.806255641895632e-18,-1.0004532955371694,-0.23867876063108234,8.0,0.0
0.7,0.09000000000000008,0.1,0.0028514107084679653,0.01206749594466668,-0.053288936213900885,0.1340777637472926,-0.5328893621390088,0.0009197514431579251,1.2793585635328952e-17,-1.000450688829452,-0.23868103425948028,8.0,0.0
0.7,0.10000000000000009,0.1,0.0028449404518282096,0.01340826404599103,-0.053288936213900885,0.1340758226703007,-0.5328893621390088,0.0010212929326412473,2.992397996059992e-17,-1.0004477772139642,-0.23868357383521138,8.0,0.0
0.7,0.1100000000000001,0.1,0.002837793926983827,0.014749011721799946,-0.053288936213900885,0.13407367871284737,-0.5328893621390088,0.0011226284955235197,1.7564075194265172e-17,-1.0004445612777841,-0.2386863788462128,8.0,0.0
0.7,0.1200000000000001,0.1,0.0028299725749117623,0.016089736945416218,-0.053288936213900885,0.13407133230722573,-0.5328893621390088,0.001223737699187065,-1.1492543028346347e-17,-1.0004410416693519,-0.23868944872690112,8.0,0.0
0.7,0.13000000000000012,0.1,0.002821477972656562,0.017430437694689754,-0.053288936213900885,0.1340687839265492,-0.5328893621390088,0.0013246001566557472,3.491130995403324e-17,-1.000437219098337,-0.23869278285828627,8.0,0.0
0.7,0.14000000000000012,0.1,0.0028123118330123835,0.0187711119524053,-0.053288936213900885,0.13406603408465592,-0.5328893621390088,0.0014251955307056652,-5.421010862427522e-18,-1.000433094335497,-0.23869638056809664,8.0,0.0
0.7,0.15000000000000013,0.1,0.002802476004177645,0.020111757706689184,-0.053288936213900885,0.1340630833360055,-0.5328893621390088,0.0015255035379658122,-4.336808689942018e-18,-1.0004286682125216,-0.23870024113091426,8.0,0.0
0.7,0.15999999999999992,0.1,0.0027919724693823626,0.021452372951414937,-0.053288936213900885,0.13405993227556692,-0.5328893621390088,0.001625503953007875,9.974659986866641e-18,-1.0004239416218634,-0.2387043637683214,8.0,0.0
0.7,0.16999999999999993,0.1,0.00278080334648827,0.022792955686607923,-0.053288936213900885,0.1340565815386987,-0.5328893621390088,0.001725176612424363,2.883977778811442e-17,-1.0004189155165613,-0.2387087476490573,8.0,0.0
0.7,0.17999999999999994,0.1,0.002768970887561782,0.02413350391884842,-0.053288936213900885,0.13405303180102074,-0.5328893621390088,0.0018245014188942063,-9.974659986866641e-18,-1.0004135909100442,-0.23871339188918597,8.0,0.0
0.7,0.18999999999999995,0.1,0.0027564774784199064,0.02547401566167368,-0.053288936213900885,0.13404928377827818,-0.5328893621390088,0.0019234583452350542,3.903127820947816e-18,-1.0004079688759304,-0.23871829555227414,8.0,0.0
0.7,0.19999999999999996,0.1,0.0027433256381491833,0.026814488935978435,-0.053288936213900885,0.13404533822619696,-0.5328893621390088,0.002022027438441416,-8.673617379884035e-19,-1.0004020505478086,-0.23872345764958042,8.0,0.0
0.7,0.20999999999999996,0.1,0.002729518018597754,0.028154921770413933,-0.053288936213900885,0.13404119594033154,-0.5328893621390088,0.0021201888237078526,2.168404344971009e-18,-1.0003958371190105,-0.23872887714025437,8.0,0.0
0.7,0.21999999999999997,0.1,0.0027150574038406596,0.02949531220178547,-0.053288936213900885,0.1340368577559044,-0.5328893621390088,0.0022179227084363983,-6.7220534694101275e-18,-1.0003893298423698,-0.2387345529315465,8.0,0.0
0.7,0.22999999999999998,0.1,0.0026999467096184768,0.03083565827544819,-0.053288936213900885,0.13403232454763775,-0.5328893621390088,0.002315209386227402,-6.938893903907228e-18,-1.0003825300299698,-0.23874048387902871,8.0,0.0
0.7,0.24,0.1,0.002684188982749412,0.03217595804570123,-0.053288936213900885,0.13402759722957705,-0.5328893621390088,0.002412029240852999,3.447762908503904e-17,-1.0003754390528787,-0.23874666878682482,8.0,0.0
0.7,0.25,0.1,0.002667787400514959,0.03351620957618004,-0.053288936213900885,0.1340226767549067,-0.5328893621390088,0.0025083627502123893,5.854691731421724e-18,-1.0003680583408732,-0.23875310640785183,8.0,0.0
0.7,0.26,0.1,0.0026507452700192534,0.0348564109402468,-0.053288936213900885,0.134017564115758,-0.5328893621390088,0.002604190490268144,1.3660947373317356e-17,-1.0003603893821502,-0.2387597954440714,8.0,0.0
0.7,0.27,0.1,0.0026330660275222504,0.03619656022137892,-0.053288936213900885,0.1340122603430089,-0.5328893621390088,0.0026994931389627357,1.7564075194265172e-17,-1.0003524337230265,-0.23876673454675149,8.0,0.0
0.7,0.28,0.1,0.0026147532377468643,0.03753665551355544,-0.053288936213900885,0.13400676650607626,-0.5328893621390088,0.002794251480114509,-1.0191500421363742e-17,-1.0003441929676278,-0.23877392231673836,8.0,0.0
0.7,0.29000000000000004,0.1,0.002595810593160193,0.038876694921641405,-0.053288936213900885,0.13400108371270028,-0.5328893621390088,0.002888446407292304,2.710505431213761e-17,-1.0003356687775635,-0.2387813573047386,8.0,0.0
0.7,0.30000000000000004,0.1,0.0025762419132290037,0.0402166765617699,-0.053288936213900885,0.13399521310872092,-0.5328893621390088,0.0029820589276679387,2.5153490401663703e-17,-1.0003268628715947,-0.23878903801161158,8.0,0.0
0.7,0.31000000000000005,0.1,0.0025560511436495963,0.041556598561721995,-0.053288936213900885,0.1339891558778471,-0.5328893621390088,0.003075070165845805,2.190088388420719e-17,-1.0003177770252838,-0.2387969628886715,8.0,0.0
0.7,0.32000000000000006,0.1,0.0025352423555522205,0.042896459061304175,-0.053288936213900885,0.1339829132414179,-0.5328893621390088,0.0031674613676687708,3.838075690598686e-17,-1.00030841307064,-0.23880513033799972,8.0,0.0
0.7,0.33000000000000007,0.1,0.0025138197446802012,0.04423625621272345,-0.053288936213900885,0.13397648645815627,-0.5328893621390088,0.0032592139039996403,-2.168404344971009e-18,-1.0002987728957475,-0.23881353871276698,8.0,0.0
0.7,0.3400000000000001,0.1,0.0024917876305439366,0.04557598818095994,-0.053288936213900885,0.1339698768239154,-0.5328893621390088,0.00335030927447741,1.1058862159352145e-17,-1.0002888584443863,-0.2388221863175655,8.0,0.0
0.7,0.3500000000000001,0.1,0.002469150455549942,0.046915653144136836,-0.053288936213900885,0.1339630856714172,-0.5328893621390088,0.003440729111247556,3.426078865054194e-17,-1.000278671715639,-0.2388310714087506,8.0,0.0
0.7,0.3600000000000001,0.1,0.002445912784105114,0.048255249293887796,-0.053288936213900885,0.13395611436998375,-0.5328893621390088,0.003530455182665602,1.9081958235744878e-17,-1.0002682147634887,-0.2388401921947927,8.0,0.0
0.7,0.3700000000000001,0.1,0.00242207930169639,0.04959477483572155,-0.053288936213900885,0.13394896432526113,-0.5328893621390088,0.0036194693969732257,1.951563910473908e-18,-1.000257489696405,-0.23884954683663812,8.0,0.0
0.7,0.3800000000000001,0.1,0.002397654813946004,0.05093422798938371,-0.053288936213900885,0.13394163697893602,-0.5328893621390088,0.003707753805946163,1.5829351718288365e-17,-1.0002464986769173,-0.23885913344808013,8.0,0.0
0.7,0.3900000000000001,0.1,0.002372644245642509,0.05227360698921578,-0.053288936213900885,0.13393413380844496,-0.5328893621390088,0.003795290608513156,-2.8189256484623115e-18,-1.0002352439211806,-0.23886895009613926,8.0,0.0
0.7,0.40000000000000013,0.1,0.0023470526397477804,0.05361291008451112,-0.053288936213900885,0.13392645632667655,-0.5328893621390088,0.0038820621543452527,5.421010862427522e-18,-1.000223727698528,-0.23887899480145297,8.0,0.0
0.7,0.4099999999999999,0.1,0.0023208851563801818,0.05495213553986794,-0.053288936213900885,0.13391860608166628,-0.5328893621390088,0.00396805094741469,3.3176586478056436e-17,-1.0002119523310127,-0.23888926553867473,8.0,0.0
0.7,0.41999999999999993,0.1,0.002294147071774116,0.05629128163553934,-0.053288936213900885,0.13391058465628444,-0.5328893621390088,0.004053239649522687,-3.0357660829594124e-18,-1.00019992019294,-0.23889976023688259,8.0,0.0
0.7,0.42999999999999994,0.1,0.0022668437772161644,0.05763034666777988,-0.053288936213900885,0.13390239366791706,-0.5328893621390088,0.004137611083795386,9.540979117872439e-18,-1.0001876337103888,-0.23891047677999663,8.0,0.0
0.7,0.43999999999999995,0.1,0.002238980777958018,0.05896932894918922,-0.053288936213900885,0.13389403476813963,-0.5328893621390088,0.004221148238147292,3.1008182133085427e-17,-1.0001750953607227,-0.23892141300720543,8.0,0.0
0.7,0.44999999999999996,0.1,0.002210563692106441,0.06030822680905235,-0.053288936213900885,0.13388550964238416,-0.5328893621390088,0.004303834268711471,3.5561831257524545e-17,-1.0001623076720894,-0.23893256671340218,8.0,0.0
0.7,0.45999999999999996,0.1,0.0021815982494904707,0.061647038593676456,-0.053288936213900885,0.13387682000959936,-0.5328893621390088,0.004385652503235837,1.1926223897340549e-17,-1.0001492732229122,-0.23894393564962896,8.0,0.0
0.7,0.47,0.1,0.0021520902905060946,0.06298576266672433,-0.053288936213900885,0.13386796762190403,-0.5328893621390088,0.004466586444444826,-1.0191500421363742e-17,-1.0001359946413693,-0.23895551752353034,8.0,0.0
0.7,0.48,0.1,0.0021220457649386315,0.06432439740954435,-0.053288936213900885,0.1338589542642338,-0.5328893621390088,0.004546619773365803,9.75781955236954e-18,-1.0001224746048638,-0.23896730999981558,8.0,0.0
0.7,0.49,0.1,0.002091470730763059,0.06566294122149684,-0.053288936213900885,0.13384978175398113,-0.5328893621390088,0.0046257363526195005,3.0357660829594124e-18,-1.0001087158394848,-0.2389793107007295,8.0,0.0
0.7,0.5,0.1,0.0020603713529225224,0.06700139252027679,-0.053288936213900885,0.13384045194062896,-0.5328893621390088,0.004703920229673856,-6.7220534694101275e-18,-1.0000947211194566,-0.23899151720653186,8.0,0.0
0.7,0.51,0.1,0.00202875390208528,0.06833974974223293,-0.053288936213900885,0.1338309667053778,-0.5328893621390088,0.0047811556400605745,2.7972416050126014e-17,-1.0000804932665799,-0.2390039270559855,8.0,0.0
0.7,0.52,0.1,0.0019966247533803223,0.06967801134268303,-0.053288936213900885,0.13382132796076632,-0.5328893621390088,0.004857427010553764,2.2985086056692694e-17,-1.0000660351496626,-0.2390165377468522,8.0,0.0
0.7,0.53,0.1,0.001963990385111941,0.07101617579622531,-0.053288936213900885,0.1338115376502858,-0.5328893621390088,0.0049327189623100155,2.7755575615628914e-17,-1.0000513496839418,-0.23902934673639753,8.0,0.0
0.7,0.54,0.1,0.001930857377453482,0.07235424159704601,-0.053288936213900885,0.13380159774798825,-0.5328893621390088,0.005007016313969299,-9.75781955236954e-18,-1.0000364398304955,-0.23904235144190344,8.0,0.0
0.7,0.55,0.1,0.0018972324111205684,0.0736922072592231,-0.053288936213900885,0.1337915102580884,-0.5328893621390088,0.005080304084716013,1.3010426069826053e-17,-1.0000213085956458,-0.23905554924118916,8.0,0.0
0.7,0.56,0.1,0.0018631222660240418,0.07503007131702576,-0.053288936213900885,0.13378127721455943,-0.5328893621390088,0.0051525674972996306,1.5829351718288365e-17,-1.0000059590303523,-0.2390689374731395,8.0,0.0
0.7,0.5700000000000001,0.1,0.0018285338199029103,0.07636783232521004,-0.053288936213900885,0.1337709006807231,-0.5328893621390088,0.005223791981014279,9.324138683375338e-18,-0.9999903942295979,-0.2390825134382421,8.0,0.0
0.7,0.5800000000000001,0.1,0.0017934740469375662,0.07770548885931022,-0.053288936213900885,0.13376038274883348,-0.5328893621390088,0.005293963174636673,-1.5178830414797062e-18,-0.9999746173317634,-0.23909627439913098,8.0,0.0
0.7,0.5900000000000001,0.1,0.001757950016343559,0.07904303951592598,-0.053288936213900885,0.13374972553965528,-0.5328893621390088,0.005363066929321823,3.2526065174565133e-18,-0.9999586315179961,-0.23911021758113915,8.0,0.0
0.7,0.6000000000000001,0.1,0.0017219688909462074,0.08038048291300545,-0.053288936213900885,0.1337389312020361,-0.5328893621390088,0.005431089311455906,3.209238430557093e-17,-0.9999424400115674,-0.23912434017285758,8.0,0.0
0.7,0.6100000000000001,0.1,0.0016855379257363346,0.08171781769012386,-0.053288936213900885,0.1337280019124731,-0.5328893621390088,0.005498016605465754,6.505213034913027e-19,-0.9999260460772228,-0.23913863932670246,8.0,0.0
0.7,0.6200000000000001,0.1,0.0016486644664074242,0.08305504250875782,-0.053288936213900885,0.13371693987467445,-0.5328893621390088,0.005563835316584352,2.8406096919120216e-17,-0.9999094530205248,-0.23915311215948903,8.0,0.0
0.7,0.6300000000000001,0.1,0.0016113559478744797,0.08439215605255522,-0.053288936213900885,0.13370574731911455,-0.5328893621390088,0.005628532173571854,1.5178830414797062e-18,-0.999892664187185,-0.23916775575301322,8.0,0.0
0.7,0.6400000000000001,0.1,0.0015736198927749014,0.08572915702760067,-0.053288936213900885,0.13369442650258467,-0.5328893621390088,0.005692094131391493,-1.2685165418080402e-17,-0.9998756829623903,-0.2391825671546398,8.0,0.0
0.7,0.6500000000000001,0.1,0.0015354639099516719,0.08706604416267637,-0.053288936213900885,0.1336829797077377,-0.5328893621390088,0.005754508373839891,-3.686287386450715e-18,-0.9998585127701197,-0.23919754337789795,8.0,0.0
0.7,0.6600000000000001,0.1,0.0014968956929191596,0.08840281620951845,-0.053288936213900885,0.13367140924262796,-0.5328893621390088,0.0058157623161312405,1.4094628242311558e-17,-0.9998411570724551,-0.2392126814030832,8.0,0.0
0.7,0.6699999999999999,0.1,0.001457923018311855,0.08973947194306861,-0.053288936213900885,0.13365971744024577,-0.5328893621390088,0.005875843607434811,3.7947076036992655e-18,-0.9998236193688819,-0.2392279781778666,8.0,0.0
0.7,0.6799999999999999,0.1,0.0014185537443163327,0.09107601016172129,-0.053288936213900885,0.13364790665804713,-0.5328893621390088,0.005934740133365292,3.67544536472586e-17,-0.9998059031955839,-0.23924343061790976,8.0,0.0
0.7,0.69,0.1,0.0013787958090867912,0.0924124296875657,-0.053288936213900885,0.13363597927747825,-0.5328893621390088,0.005992440018425445,7.914675859144182e-18,-0.9997880121247306,-0.23925903560748737,8.0,0.0
0.7,0.7,0.1,0.0013386572291444515,0.09374872936662358,-0.053288936213900885,0.13362393770349557,-0.5328893621390088,0.006048931628400606,4.141652298894627e-17,-0.9997699497637564,-0.23927479000011476,8.0,0.0
0.7,0.71,0.1,0.0012981460977611588,0.09508490806908168,-0.053288936213900885,0.13361178436408055,-0.5328893621390088,0.006104203572704534,-4.662069341687669e-18,-0.9997517197546341,-0.23929069061918273,8.0,0.0
0.7,0.72,0.1,0.0012572705833275128,0.09642096468951969,-0.053288936213900885,0.13359952170975048,-0.5328893621390088,0.006158244706676122,3.252606517456513e-17,-0.9997333257731389,-0.23930673425859791,8.0,0.0
0.7,0.73,0.1,0.0012160389277058486,0.0977568981471331,-0.053288936213900885,0.13358715221306397,-0.5328893621390088,0.0062110441338265356,1.1926223897340549e-17,-0.9997147715281092,-0.23932291768342942,8.0,0.0
0.7,0.74,0.1,0.0011744594445683991,0.09909270738595112,-0.053288936213900885,0.13357467836812273,-0.5328893621390088,0.006262591208036313,-2.168404344971009e-19,-0.9996960607606973,-0.23933923763056086,8.0,0.0
0.7,0.75,0.1,0.0011325405177209887,0.10042839137504957,-0.053288936213900885,0.13356210269006852,-0.5328893621390088,0.006312875535701962,2.439454888092385e-17,-0.9996771972436159,-0.2393556908093485,8.0,0.0
0.7,0.76,0.1,0.0010902905994125763,0.10176394910875881,-0.053288936213900885,0.13354942771457598,-0.5328893621390088,0.006361886977831672,-4.445228907190568e-18,-0.9996581847803772,-0.23937227390228452,8.0,0.0
0.7,0.77,0.1,0.0010477182086309972,0.10309937960686646,-0.053288936213900885,0.13353665599734152,-0.5328893621390088,0.006409615652089665,2.0925101928970236e-17,-0.9996390272045255,-0.23938898356566626,8.0,0.0
0.7,0.78,0.1,0.0010048319293852587,0.10443468191481507,-0.053288936213900885,0.1335237901135678,-0.5328893621390088,0.006456051934788797,2.0708261494473135e-17,-0.9996197283788648,-0.23940581643027026,8.0,0.0
0.7,0.79,0.1,0.0009616404089747155,0.1057698551038946,-0.053288936213900885,0.13351083265744462,-0.5328893621390088,0.006501186462831027,-3.0357660829594124e-18,-0.9996002921946802,-0.2394227691020314,8.0,0.0
0.7,0.8,0.1,0.0009181523562454864,0.10710489827142965,-0.053288936213900885,0.13349778624162587,-0.5328893621390088,0.0065450101355953106,2.0166160408230382e-17,-0.999580722570952,-0.2394398381627276,8.0,0.0
0.7,0.81,0.1,0.0008743765398344605,0.1084398105409615,-0.053288936213900885,0.13348465349670255,-0.5328893621390088,0.0065875141167726055,2.710505431213761e-18,-0.999561023453567,-0.23945702017066892,8.0,0.0
0.7,0.8200000000000001,0.1,0.000830321786401251,0.1097745910624248,-0.053288936213900885,0.1334714370706726,-0.5328893621390088,0.006628689836147558,4.0549161250957866e-17,-0.9995411988145221,-0.23947431166139146,8.0,0.0
0.7,0.8300000000000001,0.1,0.0007859969788484474,0.11110923901231902,-0.053288936213900885,0.13345813962840675,-0.5328893621390088,0.0066685289913265364,6.288372600415926e-18,-0.9995212526511232,-0.23949170914835594,8.0,0.0
0.7,0.8400000000000001,0.1,0.0007414110545305225,0.11244375359387442,-0.053288936213900885,0.13344476385111137,-0.5328893621390088,0.006707023549411679,7.426784881525705e-18,-0.9995011889851801,-0.23950920912365076,8.0,0.0
0.7,0.8500000000000001,0.1,0.0006965730034517707,0.11377813403721279,-0.053288936213900885,0.13343131243578774,-0.5328893621390088,0.0067441657486205925,-9.974659986866641e-18,-0.9994810118621948,-0.23952680805869914,8.0,0.0
0.7,0.8600000000000001,0.1,0.0006514918664536208,0.11511237959950263,-0.053288936213900885,0.1334177880946883,-0.5328893621390088,0.006779948099851379,-2.4936649967166602e-18,-0.9994607253505458,-0.23954450240497094,8.0,0.0
0.7,0.8700000000000001,0.1,0.0006061767333917034,0.11644648956510892,-0.053288936213900885,0.13340419355476973,-0.5328893621390088,0.006814363388192691,2.7972416050126014e-17,-0.9994403335406677,-0.23956228859469772,8.0,0.0
0.7,0.8800000000000001,0.1,0.0005606367413030307,0.11778046324573749,-0.053288936213900885,0.13339053155714312,-0.5328893621390088,0.006847404674378504,-5.041540102057596e-18,-0.9994198405442279,-0.23958016304159255,8.0,0.0
0.7,0.8900000000000001,0.1,0.0005148810725636713,0.11911429998057368,-0.053288936213900885,0.1333768048565213,-0.5328893621390088,0.006879065296187294,6.0173220572945496e-18,-0.9993992504932951,-0.23959812214157272,8.0,0.0
0.7,0.9000000000000001,0.1,0.00046891895303727483,0.12044799913641574,-0.053288936213900885,0.1333630162206634,-0.5328893621390088,0.006909338869785363,2.656295322589486e-17,-0.9993785675395083,-0.23961616227348684,8.0,0.0
0.7,0.9100000000000001,0.1,0.0004227596502148292,0.12178156010780235,-0.053288936213900885,0.13334916842981667,-0.5328893621390088,0.006938219291014039,2.8514517136368767e-17,-0.9993577958532383,-0.2396342797998446,8.0,0.0
0.7,0.9199999999999999,0.1,0.0003764124713460333,0.12311498231713473,-0.053288936213900885,0.13333526427615602,-0.5328893621390088,0.006965700736620471,8.483881999699072e-18,-0.9993369396227472,-0.2396524710675506,8.0,0.0
0.7,0.9299999999999999,0.1,0.00032988676156263565,0.12444826521479332,-0.053288936213900885,0.133321306563221,-0.5328893621390088,0.006991777665431797,-3.848917712323541e-18,-0.9993160030533448,-0.23967073240864062,8.0,0.0
0.7,0.94,0.1,0.0002831919019941558,0.12578140827924825,-0.053288936213900885,0.13330729810535047,-0.5328893621390088,0.007016444819472415,2.5912431922403556e-17,-0.9992949903665389,-0.23968906014102126,8.0,0.0
0.7,0.95,0.1,0.00023633730787633197,0.12711441101716472,-0.053288936213900885,0.13329324172711512,-0.5328893621390088,0.0070396972250241895,3.176712365382528e-17,-0.9992739057991858,-0.2397074505692125,8.0,0.0
0.7,0.96,0.1,0.00018933242665269376,0.12844727296350242,-0.053288936213900885,0.13327914026274804,-0.5328893621390088,0.0070615301936292904,3.686287386450715e-17,-0.9992527536026353,-0.23972589998509278,8.0,0.0
0.7,0.97,0.1,0.00014218673606964944,0.12977999368160936,-0.053288936213900885,0.1332649965555731,-0.5328893621390088,0.0070819393230355625,1.5504091066542713e-17,-0.9992315380418728,-0.2397444046686466,8.0,0.0
0.7,0.98,0.1,9.490974226545317e-05,0.1311125727633098,-0.053288936213900885,0.13325081345743187,-0.5328893621390088,0.007100920498084155,4.1118367391512756e-17,-0.999210263394661,-0.23976296088871477,8.0,0.0
0.7,0.99,0.1,4.751097785345395e-05,0.13244500982898658,-0.053288936213900885,0.13323659382810826,-0.5328893621390088,0.007118469891539282,3.467414072880204e-17,-0.9991889339506755,-0.23978156490374647,8.0,0.0
0.7,1.0,0.1,0.0,0.13377730452765776,-0.053288936213900885,0.1332223405347522,-0.5328893621390088,0.007134583964859914,0.0,-0.9991675540106415,-0.23980021296255394,8.0,0.0
