time,B_anisotropy,B_par,B_per,J_max,J_min,Jbar_max,Jbar_min,center_pressure,edge_ux,ln_h_max,ln_h_min,mass,mass_reaction,outflow_gradient,platen_max,platen_min,right_reaction,solid_fraction_max,solid_fraction_min,stability_max,stability_min,top_displacement,top_reaction
0,-0.037912063065438,0.57737298283364,0.61528504589908,1,1,1,1,0,0,-0,-0,0.01,0,0,0,0,0,0.9,0.9,2.5,2.5,0,0
0.0025,-0.037912063065438,0.57737298283364,0.61528504589908,0.99999309618883,0.99998300334155,0.99999308925806,0.99999225121149,1.9969639941177e-05,1.0644906521045e-21,-4.0221128025055e-07,-1.7328255907394e-06,0.0099999124331134,-3.5026754649489e-05,2.6634419585738e-05,-7.3533412289433e-07,-1.0963309416543e-06,-1.6926200235347e-06,0.90000832322441,0.89999955939545,2.5,2.5,-7.7483487520431e-07,-2.5000000000009e-05
0.005,-0.037912063065438,0.57737298283364,0.61528504589908,0.99998625626099,0.99996620744867,0.99998613814054,0.99998470162107,3.9789187172709e-05,2.0378034060576e-21,-1.1407295109056e-06,-3.4676411094276e-06,0.0099997826789214,-5.1901676789808e-05,4.2956415176788e-05,-1.4858965414431e-06,-2.240588437898e-06,-3.356387541352e-06,0.90001664531765,0.89999912425181,2.5,2.5,-1.5838877994952e-06,-4.9999999999988e-05
0.0075,-0.037912063065438,0.57737298283364,0.61528504589908,0.99997946190129,0.99994957413358,0.99997918492303,0.99997727100561,5.9491623900662e-05,2.9646490406423e-21,-2.0827319664768e-06,-5.2459784515477e-06,0.0099996213684448,-6.4524190649558e-05,5.5396964943352e-05,-2.2479598408924e-06,-3.4074151961536e-06,-4.9985732616166e-06,0.90002492844186,0.89999869528642,2.5,2.5,-2.418535970701e-06,-7.5000000000002e-05
0.01,-0.037912063065438,0.57737298283364,0.61528504589908,0.99997270089696,0.99993306726115,0.99997224283572,0.99996992392894,7.9087701199087e-05,3.8570057714895e-21,-3.1683800636312e-06,-7.0605266327754e-06,0.0099994339361925,-7.4972900918666e-05,6.576494585754e-05,-3.019757955945e-06,-4.5887690167623e-06,-6.6228939232869e-06,0.90003317322138,0.89999827552335,2.5,2.5,-3.2743714681601e-06,-0.0001
0.0125,-0.037912063065438,0.57737298283364,0.61528504589908,0.99997286578122,0.99993366039344,0.99997222764065,0.99997039041757,7.8606873832592e-05,3.6557139688373e-21,-3.9635274099377e-06,-7.3973193190216e-06,0.0099993113581146,-4.9031231141743e-05,4.8174830842503e-05,-3.0650233384075e-06,-4.6846790358226e-06,-6.5390610104513e-06,0.90003305921485,0.89999831082904,2.5,2.5,-3.3737943312725e-06,-0.0001
0.015,-0.037912063065438,0.57737298283364,0.61528504589908,0.99997297708299,0.99993414084011,0.99997227092745,0.99997071110451,7.8160142623461e-05,3.5196440845979e-21,-4.5146251206389e-06,-7.6766526303782e-06,0.0099992106435427,-4.0285828773596e-05,3.9961125139251e-05,-3.1033919883987e-06,-4.7415120320312e-06,-6.4701808641991e-06,0.90003291540575,0.89999836233529,2.5,2.5,-3.45548374323e-06,-9.9999999999997e-05
0.0175,-0.037912063065438,0.57737298283364,0.61528504589908,0.99997304063322,0.99993453606189,0.99997233508769,0.99997095861793,7.7700423727863e-05,3.4063369254256e-21,-4.9414781593373e-06,-7.9201462073466e-06,0.009999122953878,-3.5075865886405e-05,3.4922807409069e-05,-3.1384101319982e-06,-4.7833238533993e-06,-6.4102086395749e-06,0.90003278244651,0.89999843806632,2.5,2.5,-3.5266086758774e-06,-0.00010000000000001
0.02,-0.037912063065438,0.57737298283364,0.61528504589908,0.99997305574072,0.99993487424884,0.99997240696908,0.99997116296734,7.7199538831489e-05,3.3055390242384e-21,-5.2946058022409e-06,-8.1376875618649e-06,0.0099990442631868,-3.1476276453292e-05,3.1400263839733e-05,-3.1718449666178e-06,-4.8172499339014e-06,-6.3563909425904e-06,0.90003266197379,0.89999854466995,2.5,2.5,-3.5904345568971e-06,-9.9999999999983e-05
0.0225,-0.037912063065438,0.57737298283364,0.61528504589908,0.99997302081021,0.99993517236222,0.99997248134672,0.99997133883743,7.6639373921574e-05,3.2133093591043e-21,-5.5989307900174e-06,-8.3351870055092e-06,0.0099989723069836,-2.8782481297747e-05,2.8747846590857e-05,-3.2047403309848e-06,-4.8462589617363e-06,-6.3071790588645e-06,0.90003255193796,0.89999868691962,2.5,2.5,-3.6487981066484e-06,-0.00010000000000001
0.025,-0.037912063065438,0.57737298283364,0.61528504589908,0.99997293521479,0.99993544077296,0.99997255592288,0.99997149442599,7.6009431427409e-05,3.1276039982449e-21,-5.8684262195268e-06,-8.5163139708831e-06,0.0099989056502875,-2.6662678422643e-05,2.6652751553699e-05,-3.2377339019867e-06,-4.8718692264073e-06,-6.2615915844319e-06,0.90003245038271,0.89999886743957,2.5,2.5,-3.7028632354509e-06,-0.0001
0.0275,-0.037912063065438,0.57737298283364,0.61528504589908,0.99997279985245,0.99993568619865,0.99997262962485,0.99997163476872,7.5305387795604e-05,3.0471589235415e-21,-6.1116987721041e-06,-8.6835814168489e-06,0.0099988433117165,-2.4935428398902e-05,2.4941295081664e-05,-3.2711959323779e-06,-4.8949667345374e-06,-6.2189573379148e-06,0.90003235579399,0.8999990867866,2.5,2.5,-3.7534259406211e-06,-9.9999999999999e-05
0.03,-0.037912063065438,0.57737298283364,0.61528504589908,0.99997261709101,0.99993591323056,0.99997270194379,0.99997176318487,7.4527725212196e-05,2.9711066641409e-21,-6.3344324205444e-06,-8.8388566854136e-06,0.0099987845834643,-2.3491300877916e-05,2.3507738594435e-05,-3.3053112978451e-06,-4.9161171388371e-06,-6.178792240422e-06,0.90003226702677,0.89999934378487,2.5,2.5,-3.8010603225677e-06,-9.9999999999981e-05
0.0325,-0.037912063065438,0.57737298283364,0.61528504589908,0.99997239044387,0.99993612514925,0.99997277264844,0.99997188198253,7.368039323731e-05,2.8988119061171e-21,-6.5405853705871e-06,-8.9836193388108e-06,0.0099987289346137,-2.2259540261165e-05,2.2283280638686e-05,-3.340137272439e-06,-4.9357056828038e-06,-6.1407331899983e-06,0.90003218320565,0.89999963597223,2.5,2.5,-3.846197007346e-06,-0.00010000000000001
0.035,-0.037912063065438,0.57737298283364,0.61528504589908,0.9999721241711,0.99993632438492,0.99997284165029,0.99997199283499,7.2769607470067e-05,2.8297887650797e-21,-6.7330305400487e-06,-9.1190958696727e-06,0.0099986759547603,-2.1191941336369e-05,2.1220833803597e-05,-3.3756466733082e-06,-4.9540077784907e-06,-6.104499505274e-06,0.90003210364929,0.89999996004779,2.5,2.5,-3.8891688731038e-06,-9.9999999999991e-05
0.0375,-0.037912063065438,0.57737298283364,0.61528504589908,0.99997182290969,0.99993651279148,0.99997290893594,0.99997209699632,7.1802863238927e-05,2.7636540840565e-21,-6.9139231309644e-06,-9.246332092628e-06,0.0099986253190345,-2.0254290337571e-05,2.0286862725605e-05,-3.4117599802205e-06,-4.9712278580142e-06,-6.0698690030993e-06,0.90003202781772,0.90000031225785,2.5,2.5,-3.9302394211766e-06,-0.00010000000000001
0.04,-0.037912063065438,0.57737298283364,0.61528504589908,0.99997149137704,0.99993669181772,0.99997297453142,0.99997219543205,7.0788186478158e-05,2.7000987677283e-21,-7.0849238134267e-06,-9.3662338076955e-06,0.0099985767653092,-1.9421490125681e-05,1.9456701755215e-05,-3.4483685855745e-06,-4.9875222604026e-06,-6.0366624110818e-06,0.90003195527592,0.90000068869565,2.5,2.5,-3.9696212622856e-06,-0.00010000000000001
0.0425,-0.037912063065438,0.57737298283364,0.61528504589908,0.99997113415681,0.99993686261864,0.99997303848279,0.99997228890219,6.9733603773666e-05,2.6388690534321e-21,-7.2473406606814e-06,-9.4795914494105e-06,0.0099985300787453,-1.8674625548344e-05,1.8711720905135e-05,-3.4853509985165e-06,-5.0030134621992e-06,-6.0047327976618e-06,0.90003188566837,0.90000108551529,2.5,2.5,-4.0074886520356e-06,-9.9999999999994e-05
0.045,-0.037912063065438,0.57737298283364,0.61528504589908,0.99997075555893,0.99993702613039,0.99997310084531,0.99997237801605,6.8646794074323e-05,2.5797536730799e-21,-7.4022229816779e-06,-9.5870967120467e-06,0.0099984850809559,-1.7999115750569e-05,1.8037533955003e-05,-3.5225836466662e-06,-5.0177993252642e-06,-5.9739581614401e-06,0.90003181870084,0.90000149907187,2.5,2.5,-4.0439862797668e-06,-0.00010000000000001
0.0475,-0.037912063065438,0.57737298283364,0.61528504589908,0.99997035953875,0.99993718312241,0.99997316167743,0.99997246159109,6.7534879993362e-05,2.5225747116277e-21,-7.550425443154e-06,-9.6893551057322e-06,0.0099984416221893,-1.7383506661677e-05,1.7422823423287e-05,-3.5599476914502e-06,-5.0319593328162e-06,-5.9442360850228e-06,0.90003175412722,0.90000192600403,2.5,2.5,-4.0792356088779e-06,-9.9999999999988e-05
0.05,-0.037912063065438,0.57737298283364,0.61528504589908,0.99996994966004,0.9999373342346,0.99997322103737,0.9999725366415,6.6404320220673e-05,2.4671808941278e-21,-7.6926531697675e-06,-9.7868963264922e-06,0.0099983995755483,-1.6818656395257e-05,1.685854565164e-05,-3.5973330073098e-06,-5.0455589296195e-06,-5.9154797816871e-06,0.90003169173973,0.90000236327437,2.5,2.5,-4.1133395653478e-06,-9.9999999999998e-05
0.0525,-0.037912063065438,0.57737298283364,0.61528504589908,0.99996952908812,0.9999374800045,0.99997327898137,0.99997260972253,6.5260871466284e-05,2.4134425280744e-21,-7.8294942820613e-06,-9.8801832905102e-06,0.0099983588326226,-1.6297170287838e-05,1.6337378177009e-05,-3.6346402129099e-06,-5.058652626908e-06,-5.8876151079999e-06,0.90003163136149,0.90000280818086,2.5,2.5,-4.1463860806588e-06,-0.00010000000000003
0.055,-0.037912063065438,0.57737298283364,0.61528504589908,0.99996910060261,0.99993762088761,0.99997333556274,0.99997268094651,6.4109595748924e-05,2.3612476106113e-21,-7.9614439110379e-06,-9.9696202004437e-06,0.0099983193001243,-1.5812999305053e-05,1.585332608716e-05,-3.6717814123232e-06,-5.0712862781936e-06,-5.8605782630887e-06,0.90003157284083,0.90000325834941,2.5,2.5,-4.1784508203909e-06,-9.9999999999972e-05
0.0575,-0.037912063065438,0.57737298283364,0.61528504589908,0.99996866662192,0.99993775727287,0.99997339083153,0.9999727504098,6.2954895411448e-05,2.3104987773524e-21,-8.0889222875329e-06,-1.0055559795684e-05,0.0099982808972539,-1.5361148150203e-05,1.5401435380125e-05,-3.7086801177125e-06,-5.0834987837577e-06,-5.8343139869511e-06,0.90003151604688,0.90000371171499,2.5,2.5,-4.2095993209327e-06,-9.9999999999997e-05
0.06,-0.037912063065438,0.57737298283364,0.61528504589908,0.99996822923388,0.99993788949461,0.99997344483444,0.99997281819615,6.1800563537368e-05,2.261110874265e-21,-8.2122886191771e-06,-1.0138309857871e-05,0.0099982435536071,-1.4937458754452e-05,1.4977579998136e-05,-3.7452706814792e-06,-5.0953233920584e-06,-5.8087741290146e-06,0.90003146086598,0.90000416649669,2.5,2.5,-4.2398886871675e-06,-0.00010000000000001
0.0625,-0.037912063065438,0.57737298283364,0.61528504589908,0.99996779022874,0.99993801784203,0.99997349761496,0.99997288437921,6.0649841457889e-05,2.2130089999873e-21,-8.3318519118071e-06,-1.0218139015626e-05,0.0099982072074904,-1.4538446663061e-05,1.4578300653347e-05,-3.781497460044e-06,-5.106788710519e-06,-5.7839164963678e-06,0.90003140719892,0.90000462117,2.5,2.5,-4.2693689583902e-06,-9.9999999999987e-05
0.065,-0.037912063065438,0.57737298283364,0.61528504589908,0.99996735113227,0.99993814256668,0.99997354921352,0.99997294902438,5.9505477959638e-05,2.1661269102959e-21,-8.4478795320557e-06,-1.0295281890633e-05,0.0099981718045522,-1.4161175273425e-05,1.4200680775188e-05,-3.8173138555049e-06,-5.1179195026321e-06,-5.7597039170668e-06,0.90003135495861,0.9000050744388,2.5,2.5,-4.2980842192136e-06,-0.00010000000000001
0.0675,-0.037912063065438,0.57737298283364,0.61528504589908,0.9999669132373,0.99993826388855,0.99997359966781,0.99997301219032,5.8369786859182e-05,2.1204057059429e-21,-8.5606040691002e-06,-1.036994363327e-05,0.0099981372966581,-1.3803157662336e-05,1.3842249556911e-05,-3.8526813282982e-06,-5.1287373249312e-06,-5.7361034712643e-06,0.90003130406819,0.90000552520833,2.5,2.5,-4.326073511402e-06,-9.9999999999989e-05
0.07,-0.037912063065438,0.57737298283364,0.61528504589908,0.99996647763306,0.99993838200103,0.99997364901296,0.99997307393012,5.7244701017235e-05,2.0757927450517e-21,-8.6702288944276e-06,-1.0442303896362e-05,0.0099981036409609,-1.3462278879321e-05,1.3500905132617e-05,-3.8875684376922e-06,-5.1392610419395e-06,-5.7130858552359e-06,0.90003125445954,0.90000597256007,2.5,2.5,-4.3533715881385e-06,-0.0001
0.0725,-0.037912063065438,0.57737298283364,0.61528504589908,0.99996604523176,0.99993849707496,0.99997369728183,0.99997313429213,5.6131821805513e-05,2.0322407361546e-21,-8.7769327114034e-06,-1.0512520303331e-05,0.0099980707991267,-1.3136733676239e-05,1.3174852958365e-05,-3.9219499424531e-06,-5.1495072466217e-06,-5.6906248518393e-06,0.90003120607191,0.90000641572868,2.5,2.5,-4.3800095420228e-06,-0.0001
0.075,-0.037912063065438,0.57737298283364,0.61528504589908,0.99996561679251,0.99993860926202,0.99997374450523,0.99997319332075,5.5032463643977e-05,1.9897069778191e-21,-8.880873306419e-06,-1.0580731460726e-05,0.0099980387366865,-1.282497606555e-05,1.2862555857936e-05,-3.9558059781536e-06,-5.1594906066147e-06,-5.6686968872419e-06,0.90003115885093,0.90000685408144,2.5,2.5,-4.4060153307843e-06,-9.9999999999977e-05
0.0775,-0.037912063065438,0.57737298283364,0.61528504589908,0.99996519294238,0.99993871869751,0.99997379071212,0.99997325105698,5.3947693607723e-05,1.9481527183202e-21,-8.9821906647857e-06,-1.0647059569497e-05,0.0099980074224913,-1.2525678076297e-05,1.2562693149619e-05,-3.9891213172268e-06,-5.1692241513603e-06,-5.647280658154e-06,0.90003111274764,0.90000728709993,2.5,2.5,-4.4314142193655e-06,-0.00010000000000002
0.08,-0.037912063065438,0.57737298283364,0.61528504589908,0.999964774195,0.99993882550275,0.99997383592986,0.99997330753891,5.2878366326258e-05,1.9075426146677e-21,-9.0810095734321e-06,-1.0711612681232e-05,0.0099979768282519,-1.2237695760912e-05,1.2274126938831e-05,-4.0218847116391e-06,-5.1787195117024e-06,-5.6263568172074e-06,0.90003106771776,0.90000771436393,2.5,2.5,-4.4562291530744e-06,-0.00010000000000002
0.0825,-0.037912063065438,0.57737298283364,0.61528504589908,0.99996436096678,0.99993892978705,0.99997388018429,0.99997336280211,5.1825154521006e-05,1.8678442738918e-21,-9.1774418046158e-06,-1.0774486644538e-05,0.0099979469281494,-1.1960040987725e-05,1.1995874134438e-05,-4.0540883142502e-06,-5.1879871207853e-06,-5.6059077064998e-06,0.90003102372105,0.90000813553734,2.5,2.5,-4.4804810735391e-06,-9.9999999999981e-05
0.085,-0.037912063065438,0.57737298283364,0.61528504589908,0.99996395359099,0.99993903164935,0.99997392349997,0.99997341687996,5.0788575583627e-05,1.8290278635003e-21,-9.2715879566912e-06,-1.0835766781241e-05,0.0099979176985047,-1.1691857902185e-05,1.1727083086856e-05,-4.0857271730374e-06,-5.1970363832259e-06,-5.5859171314817e-06,0.90003098072073,0.90000855035593,2.5,2.5,-4.504189186933e-06,-0.00010000000000001
0.0875,-0.037912063065438,0.57737298283364,0.61528504589908,0.99996355232993,0.99993913117967,0.99997396590029,0.99997346980392,4.9769014611754e-05,1.7910657795997e-21,-9.3635390097247e-06,-1.0895529328692e-05,0.0099978891174967,-1.1432403191127e-05,1.1467013994596e-05,-4.1167987913072e-06,-5.2058758180507e-06,-5.5663701684954e-06,0.90003093868307,0.90000895861678,2.5,2.5,-4.5273711921782e-06,-9.9999999999996e-05
0.09,-0.037912063065438,0.57737298283364,0.61528504589908,0.9999631573855,0.99993922846031,0.99997400740754,0.99997352160373,4.8766744309516e-05,1.7539323638969e-21,-9.4533776447445e-06,-1.095384267898e-05,0.009997861164923,-1.118102947193e-05,1.1215022408032e-05,-4.1473027469806e-06,-5.2145131798372e-06,-5.5472530007796e-06,0.90003089757694,0.90000936016906,2.5,2.5,-4.5500434754711e-06,-0.0001
0.0925,-0.037912063065438,0.57737298283364,0.61528504589908,0.99996276890828,0.99993932356688,0.99997404804309,0.99997357230767,4.7781942133962e-05,1.7176036617734e-21,-9.5411793642346e-06,-1.1010768443531e-05,0.0099978338219949,-1.0937171266325e-05,1.0970545297374e-05,-4.1772403640227e-06,-5.2229555616003e-06,-5.5285527784104e-06,0.90003085737351,0.9000097549062,2.5,2.5,-4.572221276361e-06,-0.00010000000000001
0.095,-0.037912063065438,0.57737298283364,0.61528504589908,0.99996238700525,0.99993941656914,0.99997408782742,0.99997362194266,4.6814705038025e-05,1.6820572154486e-21,-9.6270134465706e-06,-1.1066362366977e-05,0.009997807071162,-1.0700333126518e-05,1.0733089255917e-05,-4.2066144297346e-06,-5.2312094823753e-06,-5.5102574985715e-06,0.90003081804596,0.90001014275907,2.5,2.5,-4.5939188297554e-06,-9.9999999999991e-05
0.0975,-0.037912063065438,0.57737298283364,0.61528504589908,0.99996201174658,0.99993950753179,0.99997412678023,0.99997367053442,4.5865062124292e-05,1.6472718865617e-21,-9.7109437591624e-06,-1.1120675111458e-05,0.0099977808959631,-1.047007956131e-05,1.0502220490349e-05,-4.2354289520066e-06,-5.2392809618805e-06,-5.4923559030665e-06,0.9000307795692,0.9000105236902,2.5,2.5,-4.6151494874969e-06,-0.0001
0.1,-0.037912063065438,0.57737298283364,0.61528504589908,0.99996164317128,0.99993959651509,0.99997416492049,0.99997371810761,4.4932985490253e-05,1.6132277041795e-21,-9.7930294538552e-06,-1.117375292936e-05,0.009997755280897,-1.024602647468e-05,1.0277556312781e-05,-4.2636889512794e-06,-5.2471755842943e-06,-5.4748373903881e-06,0.90003074191968,0.90001089768873,2.5,2.5,-4.635925822578e-06,-9.9999999999988e-05
0.1025,-0.037912063065438,0.57737298283364,0.61528504589908,0.99996128129218,0.99993968357538,0.99997420226654,0.99997376468592,4.4018399512016e-05,1.5799057340549e-21,-9.8733255603436e-06,-1.1225638241126e-05,0.0099977302113123,-1.0027833879206e-05,1.0058757898854e-05,-4.2914002825632e-06,-5.2548985527613e-06,-5.4576919403537e-06,0.90003070507525,0.90001126476621,2.5,2.5,-4.656259718584e-06,-0.00010000000000002
0.105,-0.037912063065438,0.57737298283364,0.61528504589908,0.99996092610006,0.9999397687656,0.99997423883606,0.99997381029214,4.3121188782321e-05,1.5472879663216e-21,-9.9518834952684e-06,-1.1276370130315e-05,0.009997705673313,-9.8151996873708e-06,9.8455241166061e-06,-4.3185694833813e-06,-5.2624547360795e-06,-5.4409100492926e-06,0.90003066901491,0.90001162495292,2.5,2.5,-4.6761624465432e-06,-9.9999999999985e-05
0.1075,-0.037912063065438,0.57737298283364,0.61528504589908,0.99996057756732,0.99993985213563,0.99997427464622,0.99997385494826,4.2241204891301e-05,1.5153572186865e-21,-1.0028751497811e-05,-1.1325984769002e-05,0.009997681653677,-9.6078544155394e-06,9.6375862623802e-06,-4.3452036440654e-06,-5.2698487086985e-06,-5.4244826742662e-06,0.90003063371877,0.9000119782947,2.5,2.5,-4.6956447310408e-06,-0.00010000000000001
0.11,-0.037912063065438,0.57737298283364,0.61528504589908,0.99996023565099,0.9999399337327,0.99997430971364,0.99997389867553,4.1378272213244e-05,1.4840970531052e-21,-1.010397500343e-05,-1.1374515782667e-05,0.0099976581397853,-9.4055566635978e-06,9.4347035669556e-06,-4.3713102972327e-06,-5.2770847850385e-06,-5.408401185115e-06,0.90003059916789,0.90001232485038,2.5,2.5,-4.7147168071623e-06,-0.0001
0.1125,-0.037912063065438,0.57737298283364,0.61528504589908,0.99995990029535,0.99994001360163,0.99997434405445,0.99997394149451,4.0532192840573e-05,1.453491703607e-21,-1.0177596965286e-05,-1.1421994563509e-05,0.0099976351195622,-9.208089252868e-06,9.2366593565512e-06,-4.3968973237621e-06,-5.284167048977e-06,-5.3926573229634e-06,0.90003056534417,0.90001266468944,2.5,2.5,-4.7333884696107e-06,-0.0001
0.115,-0.037912063065438,0.57737298283364,0.61528504589908,0.99995957143421,0.99994009178511,0.99997437768435,0.99997398342514,3.9702750786746e-05,1.4235260141199e-21,-1.0249658129758e-05,-1.1468450539575e-05,0.0099976125814224,-9.0152559255402e-06,9.0432577710735e-06,-4.4219728729026e-06,-5.2910993791968e-06,-5.3772431645529e-06,0.9000305322303,0.90001299789008,2.5,2.5,-4.7516691151286e-06,-9.9999999999987e-05
0.1175,-0.037912063065438,0.57737298283364,0.61528504589908,0.99995924899273,0.99994016832392,0.99997441061858,0.99997402448674,3.8889715562869e-05,1.3941853843745e-21,-1.032019727441e-05,-1.1513911406496e-05,0.0099975905142261,-8.8268785210284e-06,8.8543209574512e-06,-4.4465452944928e-06,-5.2978854710093e-06,-5.3621510911809e-06,0.90003049980966,0.90001332453759,2.5,2.5,-4.769567779194e-06,-0.0001
0.12,-0.037912063065438,0.57737298283364,0.61528504589908,0.99995893288914,0.99994024325711,0.99997444287199,0.99997406469812,3.8092845218282e-05,1.3654557231896e-21,-1.0389251412528e-05,-1.1558403325938e-05,0.0099975689072397,-8.6427945608033e-06,8.6696866676888e-06,-4.4706230815594e-06,-5.3045288551697e-06,-5.3473737619993e-06,0.90003046806626,0.90001364472294,2.5,2.5,-4.787093167819e-06,-9.999999999999e-05
0.1225,-0.037912063065438,0.57737298283364,0.61528504589908,0.99995862303601,0.99994031662217,0.99997447445905,0.99997410407753,3.7311888922589e-05,1.3373234076266e-21,-1.045685596962e-05,-1.1601951097079e-05,0.0099975477501017,-8.4628551795869e-06,8.4892062026346e-06,-4.4942148217695e-06,-5.3110329141061e-06,-5.3329040906425e-06,0.9000304369847,0.90001395854158,2.5,2.5,-4.804253685156e-06,-9.9999999999996e-05
0.125,-0.037912063065438,0.57737298283364,0.61528504589908,0.99995831934153,0.9999403884552,0.99997450539387,0.99997414264276,3.6546589155311e-05,1.3097752475516e-21,-1.0523044935985e-05,-1.1644578304372e-05,0.0099975270327934,-8.2869233546377e-06,8.3127426506741e-06,-4.5173291564901e-06,-5.3174008959668e-06,-5.3187352250626e-06,0.9000304065501,0.90001426609244,2.5,2.5,-4.8210574575094e-06,-0.00010000000000001
0.1275,-0.037912063065438,0.57737298283364,0.61528504589908,0.99995802171041,0.99994045879096,0.99997453569019,0.99997418041113,3.5796683560064e-05,1.2827984546044e-21,-1.0587850998863e-05,-1.168630744388e-05,0.0099975067456124,-8.1148723871446e-06,8.1401693782305e-06,-4.5399747463058e-06,-5.3236359267541e-06,-5.3048605298228e-06,0.90003037674807,0.90001456747704,2.5,2.5,-4.8375123542707e-06,-0.00010000000000001
0.13,-0.037912063065438,0.57737298283364,0.61528504589908,0.99995773004479,0.99994052766306,0.99997456536144,0.99997421739952,3.5061906512539e-05,1.2563806149854e-21,-1.0651305656635e-05,-1.172716003371e-05,0.0099974868791509,-7.9465846010024e-06,7.9713687356757e-06,-4.562160242088e-06,-5.3297410208688e-06,-5.2912735706789e-06,0.90003034756468,0.90001486279881,2.5,2.5,-4.8536260062146e-06,-9.9999999999997e-05
0.1325,-0.037912063065438,0.57737298283364,0.61528504589908,0.9999574442449,0.99994059510399,0.99997459442073,0.99997425362439,3.4341990443292e-05,1.2305096656411e-21,-1.0713439318248e-05,-1.1767156708905e-05,0.0099974674242753,-7.7819502263513e-06,7.8062309469763e-06,-4.5838942607835e-06,-5.3357190902659e-06,-5.2779681010861e-06,0.90003031898642,0.90001515216245,2.5,2.5,-4.8694058215299e-06,-0.0001
0.135,-0.037912063065438,0.57737298283364,0.61528504589908,0.9999571642097,0.99994066114524,0.99997462288086,0.99997428910181,3.3636666951667e-05,1.2051738732095e-21,-1.0774281389786e-05,-1.1806317302679e-05,0.0099974483721092,-7.6208664410448e-06,7.6446531567737e-06,-4.6051853652368e-06,-5.3415729524187e-06,-5.2649380502946e-06,0.90003029100015,0.90001543567339,2.5,2.5,-4.8848589999086e-06,-0.0001
0.1375,-0.037912063065438,0.57737298283364,0.61528504589908,0.9999568898374,0.99994072581734,0.99997465075434,0.99997432384745,3.2945667741307e-05,1.1803618154099e-21,-1.0833860349447e-05,-1.1844660918443e-05,0.0099974297140178,-7.463236547835e-06,7.4865386117657e-06,-4.6260420474539e-06,-5.347305337284e-06,-5.2521775128951e-06,0.90003026359312,0.9000157134374,2.5,2.5,-4.8999925449654e-06,-9.9999999999984e-05
0.14,-0.037912063065438,0.57737298283364,0.61528504589908,0.99995662102584,0.99994078914996,0.99997467805339,0.99997435787664,3.2268725403228e-05,1.1560623645432e-21,-1.0892203813731e-05,-1.1882205990846e-05,0.0099974114415947,-7.3089692664603e-06,7.3317959570544e-06,-4.6464727147816e-06,-5.3529188933751e-06,-5.2396807395232e-06,0.90003023675292,0.90001598556018,2.5,2.5,-4.9148132752215e-06,-0.00010000000000001
0.1425,-0.037912063065438,0.57737298283364,0.61528504589908,0.99995635767289,0.99994085117194,0.99997470478996,0.99997439120434,3.1605574069106e-05,1.1322646728235e-21,-1.0949338595126e-05,-1.1918970340005e-05,0.0099973935466494,-7.1579781257686e-06,7.1803386310219e-06,-4.6664856786066e-06,-5.3584161931153e-06,-5.2274421287002e-06,0.90003021046747,0.9000162521471,2.5,2.5,-4.9293278338566e-06,-0.0001
0.145,-0.037912063065438,0.57737298283364,0.61528504589908,0.99995609967675,0.99994091191132,0.99997473097573,0.99997442384517,3.0955949953852e-05,1.1089581591776e-21,-1.1005290752713e-05,-1.1954971217593e-05,0.009997376021197,-7.0101809391346e-06,7.0320843441244e-06,-4.6860891451575e-06,-5.3637997375283e-06,-5.2154562194318e-06,0.900030184725,0.90001651330288,2.5,2.5,-4.9435426973972e-06,-9.9999999999975e-05
0.1475,-0.037912063065438,0.57737298283364,0.61528504589908,0.99995584693617,0.99994097139544,0.99997475662214,0.99997445581342,3.0319591803647e-05,1.0861324975318e-21,-1.1060085637094e-05,-1.1990225348495e-05,0.0099973588574486,-6.8654993535102e-06,6.8869546298521e-06,-4.7052912081276e-06,-5.3690719603803e-06,-5.2037176847171e-06,0.90003015951402,0.90001676913144,2.5,2.5,-4.9574641834895e-06,-0.00010000000000002
0.15,-0.037912063065438,0.57737298283364,0.61528504589908,0.9999555993507,0.99994102965091,0.99997478174036,0.99997448712308,2.9696241263728e-05,1.0637776060728e-21,-1.1113747929676e-05,-1.2024748966052e-05,0.0099973420478025,-6.7238584596047e-06,6.7448744572285e-06,-4.7240998428226e-06,-5.3742352318624e-06,-5.1922213256186e-06,0.90003013482334,0.90001701973568,2.5,2.5,-4.9710984578824e-06,-9.9999999999993e-05
0.1525,-0.037912063065438,0.57737298283364,0.61528504589908,0.99995535682083,0.9999410867037,0.99997480634134,0.99997451778781,2.9085643177794e-05,1.0418836376568e-21,-1.1166301678095e-05,-1.2058557843881e-05,0.0099973255848363,-6.5851864556268e-06,6.6057718960985e-06,-4.7425229016187e-06,-5.3792918618539e-06,-5.1809620659769e-06,0.90003011064202,0.90001726521738,2.5,2.5,-4.9844515407297e-06,-0.00010000000000002
0.155,-0.037912063065438,0.57737298283364,0.61528504589908,0.99995511924815,0.99994114257913,0.99997483043577,0.99997454782098,2.8487545829133e-05,1.0204409710311e-21,-1.1217770327388e-05,-1.2091667323225e-05,0.0099973094613005,-6.4494143561442e-06,6.4695778275788e-06,-4.7605681105266e-06,-5.3842441028303e-06,-5.169934947567e-06,0.90003008695939,0.90001750567702,2.5,2.5,-4.9975293123003e-06,-9.999999999998e-05
0.1575,-0.037912063065438,0.57737298283364,0.61528504589908,0.99995488653548,0.99994119730193,0.99997485403413,0.99997457723568,2.7901701132194e-05,9.9944020283586e-22,-1.1268176748167e-05,-1.2124092337697e-05,0.0099972936701111,-6.3164757401645e-06,6.3362256932496e-06,-4.7782430666847e-06,-5.3890941524859e-06,-5.1591351257401e-06,0.90003006376504,0.90001774121375,2.5,2.5,-5.0103375181773e-06,-0.00010000000000002
0.16,-0.037912063065438,0.57737298283364,0.61528504589908,0.9999546585869,0.99994125089625,0.99997487714667,0.9999746060447,2.7327864782437e-05,9.7887214016923e-22,-1.1317543261497e-05,-1.215584743507e-05,0.0099972782043448,-6.1863065322798e-06,6.2056512773868e-06,-4.7955552366484e-06,-5.3938441560771e-06,-5.1485578654078e-06,0.90003004104876,0.90001797192529,2.5,2.5,-5.022881774016e-06,-9.9999999999984e-05
0.1625,-0.037912063065438,0.57737298283364,0.61528504589908,0.99995443530791,0.99994130338565,0.99997489978343,0.99997463426057,2.6765796370372e-05,9.5872779383643e-22,-1.1365891661845e-05,-1.2186946796493e-05,0.0099972630572327,-6.0588448124198e-06,6.0777925177174e-06,-4.8125119553479e-06,-5.3984962085446e-06,-5.1381985373392e-06,0.9000300188006,0.90001819790784,2.5,2.5,-5.0351675699134e-06,-0.00010000000000001
0.165,-0.037912063065438,0.57737298283364,0.61528504589908,0.99995421660543,0.9999413547932,0.99997492195422,0.99997466189555,2.6215259465448e-05,9.3899837206374e-22,-1.1413243237738e-05,-1.2217404253517e-05,0.0099972482221561,-5.9340306502319e-06,5.9525893403766e-06,-4.8291204256061e-06,-5.4030523564575e-06,-5.128052614774e-06,0.90002999701083,0.90001841925609,2.5,2.5,-5.0472002744427e-06,-0.0001
0.1675,-0.037912063065438,0.57737298283364,0.61528504589908,0.99995400238785,0.99994140514141,0.99997494366866,0.99997468896164,2.5676021674521e-05,9.1967527462561e-22,-1.1459618790375e-05,-1.2247233304196e-05,0.0099972336926412,-5.8118059606013e-06,5.8299835160762e-06,-4.8453877181225e-06,-5.4075145997573e-06,-5.1181156702811e-06,0.90002997566993,0.90001863606315,2.5,2.5,-5.0589851383959e-06,-9.9999999999991e-05
0.17,-0.037912063065438,0.57737298283364,0.61528504589908,0.99995379256509,0.99994145445231,0.99997496493617,0.99997471547058,2.5147854678728e-05,9.0075008727252e-22,-1.150503865078e-05,-1.2276447126773e-05,0.0099972194623553,-5.6921143764173e-06,5.7099185336214e-06,-4.8613207718714e-06,-5.411884893381e-06,-5.1083833727721e-06,0.90002995476859,0.90001884842055,2.5,2.5,-5.070527298266e-06,-9.9999999999998e-05
0.1725,-0.037912063065438,0.57737298283364,0.61528504589908,0.9999535870486,0.99994150274743,0.99997498576595,0.99997474143387,2.4630534252159e-05,8.8221457676089e-22,-1.1549522695686e-05,-1.2305058592259e-05,0.0099972055251024,-5.5749011380895e-06,5.5923394894666e-06,-4.8769263948089e-06,-5.4161651487418e-06,-5.0988514848286e-06,0.90002993429769,0.9000190564182,2.5,2.5,-5.0818317795081e-06,-9.9999999999991e-05
0.175,-0.037912063065438,0.57737298283364,0.61528504589908,0.99995338575137,0.99994155004786,0.99997500616704,0.99997476686277,2.4123840265349e-05,8.6406068582746e-22,-1.1593090362124e-05,-1.233308027617e-05,0.0099971918748199,-5.4601129949493e-06,5.4771929899522e-06,-4.8922112648665e-06,-5.420357235103e-06,-5.0895158600439e-06,0.90002991424833,0.9000192601444,2.5,2.5,-5.0929034995982e-06,-0.00010000000000001
0.1775,-0.037912063065438,0.57737298283364,0.61528504589908,0.99995318858796,0.99994159637418,0.99997502614827,0.9999747917683,2.36275566761e-05,8.4628052871951e-22,-1.1635760660782e-05,-1.2360524468901e-05,0.0099971785055746,-5.3476981191935e-06,5.3644270651971e-06,-4.9071819311702e-06,-5.4244629808546e-06,-5.0803724406363e-06,0.90002989461179,0.90001945968586,2.5,2.5,-5.1037472709187e-06,-0.00010000000000002
0.18,-0.037912063065438,0.57737298283364,0.61528504589908,0.99995299547448,0.99994164174658,0.99997504571829,0.99997481616124,2.3141471509336e-05,8.2886638681081e-22,-1.1677552188695e-05,-1.2387403185494e-05,0.0099971654115596,-5.2376060290999e-06,5.253991092692e-06,-4.9218448154406e-06,-5.4284841747108e-06,-5.0714172551417e-06,0.90002987537953,0.90001965512764,2.5,2.5,-5.1143678034884e-06,-9.9999999999977e-05
0.1825,-0.037912063065438,0.57737298283364,0.61528504589908,0.99995280632862,0.99994168618478,0.99997506488557,0.99997484005216,2.2665376828222e-05,8.1181070441502e-22,-1.1718483140971e-05,-1.2413728174702e-05,0.0099971525870908,-5.1297875207039e-06,5.1458357292051e-06,-4.936206213553e-06,-5.43242256681e-06,-5.0626464162356e-06,0.9000298565432,0.90001984655322,2.5,2.5,-5.1247697075522e-06,-0.00010000000000001
0.185,-0.037912063065438,0.57737298283364,0.61528504589908,0.99995262106957,0.99994172970808,0.99997508365841,0.99997486345142,2.2199068698119e-05,7.951060848646e-22,-1.1758571322032e-05,-1.2439510926988e-05,0.0099971400266042,-5.0241946067974e-06,5.0399128500358e-06,-4.9502722972139e-06,-5.4362798697765e-06,-5.0540561186035e-06,0.90002983809462,0.90002003404449,2.5,2.5,-5.1349574960498e-06,-0.0001
0.1875,-0.037912063065438,0.57737298283364,0.61528504589908,0.99995243961811,0.9999417723354,0.99997510204493,0.99997488636913,2.1742347144076e-05,7.787452867581e-22,-1.1797834155728e-05,-1.2464762682245e-05,0.0099971277246531,-4.9207804624762e-06,4.9361754944345e-06,-4.964049115732e-06,-5.4400577597086e-06,-5.0456426370306e-06,0.90002982002579,0.90002021768176,2.5,2.5,-5.1449355869712e-06,-0.00010000000000001
0.19,-0.037912063065438,0.57737298283364,0.61528504589908,0.99995226189652,0.99994181408524,0.99997512005309,0.99997490881521,2.12950161039e-05,7.6272122028572e-22,-1.1836288695374e-05,-1.2489494437182e-05,0.0099971156759047,-4.819499375777e-06,4.8345778166146e-06,-4.9775425978775e-06,-5.4437578771106e-06,-5.0374023244464e-06,0.90002980232887,0.90002039754379,2.5,2.5,-5.1547083056149e-06,-9.9999999999989e-05
0.1925,-0.037912063065438,0.57737298283364,0.61528504589908,0.99995208782858,0.9999418549757,0.99997513769068,0.99997493079939,2.0856883376664e-05,7.4702694370555e-22,-1.1873951633169e-05,-1.2513716952037e-05,0.0099971038751379,-4.7203067030133e-06,4.735075041064e-06,-4.9907585537874e-06,-5.4473818277973e-06,-5.0293316101066e-06,0.9000297849962,0.90002057370778,2.5,2.5,-5.1642798867533e-06,-9.9999999999993e-05
0.195,-0.037912063065438,0.57737298283364,0.61528504589908,0.99995191733957,0.99994189502451,0.99997515496533,0.99997495233117,2.0427760568462e-05,7.3165566002944e-22,-1.1910839309157e-05,-1.2537440756691e-05,0.0099970923172408,-4.6231588283311e-06,4.637623422203e-06,-5.0037026769254e-06,-5.4509311837298e-06,-5.0214269978387e-06,0.90002976802026,0.90002074624941,2.5,2.5,-5.1736544767164e-06,-0.00010000000000002
0.1975,-0.037912063065438,0.57737298283364,0.61528504589908,0.99995175035625,0.99994193424903,0.99997517188451,0.99997497341986,2.0007463035493e-05,7.1660071377354e-22,-1.1946967719342e-05,-1.2560676156896e-05,0.009997080997208,-4.5280131268557e-06,4.5421802074691e-06,-5.0163805460589e-06,-5.4544074838385e-06,-5.0136850643625e-06,0.90002975139369,0.90002091524289,2.5,2.5,-5.182836135402e-06,-9.9999999999982e-05
0.2,-0.037912063065438,0.57737298283364,0.61528504589908,0.99995158680682,0.99994197266627,0.99997518845553,0.9999749940746,1.9595809825136e-05,7.0185558775116e-22,-1.1982352524579e-05,-1.2583433240174e-05,0.0099970699101382,-4.4348279305451e-06,4.4487036034227e-06,-5.0287976272658e-06,-5.4578122347972e-06,-5.0061024576305e-06,0.90002973510931,0.90002108076092,2.5,2.5,-5.1918288382161e-06,-0.00010000000000001
0.2025,-0.037912063065438,0.57737298283364,0.61528504589908,0.99995142662091,0.99994201029285,0.99997520468557,0.99997501430432,1.9192623615814e-05,6.8741390006016e-22,-1.2017009057604e-05,-1.260572188063e-05,0.0099970590512319,-4.3435624970766e-06,4.3571527443921e-06,-5.0409592759553e-06,-5.4611469117801e-06,-4.9986758952603e-06,0.90002971916005,0.90002124287477,2.5,2.5,-5.2006364779492e-06,-0.0001
0.205,-0.037912063065438,0.57737298283364,0.61528504589908,0.99995126972955,0.99994204714507,0.99997522058165,0.99997503411776,1.8797730655467e-05,6.7326940114656e-22,-1.2050952331214e-05,-1.262755174466e-05,0.0099970484157895,-4.2541769807805e-06,4.2674876636839e-06,-5.0528707388686e-06,-5.4644129591717e-06,-4.9914021629917e-06,0.90002970353902,0.90002140165425,2.5,2.5,-5.209262866595e-06,-9.9999999999992e-05
0.2075,-0.037912063065438,0.57737298283364,0.61528504589908,0.99995111606517,0.99994208323889,0.99997523615063,0.99997505352349,1.8410960699671e-05,6.5941597091229e-22,-1.2084197045115e-05,-1.2648932295847e-05,0.0099970379992085,-4.1666324058729e-06,4.1796692665547e-06,-5.0645371561086e-06,-5.4676117912746e-06,-4.9842781132145e-06,0.90002968823945,0.9000215571678,2.5,2.5,-5.2177117371146e-06,-9.9999999999997e-05
0.21,-0.037912063065438,0.57737298283364,0.61528504589908,0.99995096556154,0.99994211858993,0.99997525139926,0.99997507252991,1.8032146949271e-05,6.4584761594045e-22,-1.2116757593291e-05,-1.2669872799506e-05,0.0099970277969819,-4.0808906410884e-06,4.0936593051468e-06,-5.0759635631403e-06,-5.4707447929704e-06,-4.9773006635059e-06,0.90002967325472,0.90002170948245,2.5,2.5,-5.2259867451478e-06,-0.00010000000000001
0.2125,-0.037912063065438,0.57737298283364,0.61528504589908,0.99995081815379,0.9999421532135,0.99997526633411,0.99997509114524,1.7661125987783e-05,6.3255846672283e-22,-1.2148648070472e-05,-1.2690382327458e-05,0.0099970178046959,-3.99691437649e-06,4.0094203549287e-06,-5.0871548927736e-06,-5.4738133203803e-06,-4.9704667952424e-06,0.90002965857836,0.9000218586639,2.5,2.5,-5.2340914706806e-06,-0.00010000000000001
0.215,-0.037912063065438,0.57737298283364,0.61528504589908,0.99995067377834,0.99994218712456,0.99997528096166,0.99997510937752,1.7297737719028e-05,6.1954277511944e-22,-1.2179882278981e-05,-1.2710469762153e-05,0.0099970080180282,-3.914667100754e-06,3.9269157923283e-06,-5.0981159771422e-06,-5.4768187014881e-06,-4.9637735522144e-06,0.900029644204,0.90002200477649,2.5,2.5,-5.2420294196616e-06,-9.9999999999981e-05
0.2175,-0.037912063065438,0.57737298283364,0.61528504589908,0.99995053237291,0.9999422203378,0.99997529528822,0.99997512723465,1.6941825304874e-05,6.0679491171535e-22,-1.2210473734839e-05,-1.2730143801379e-05,0.0099969984327455,-3.8341130807926e-06,3.8461097740228e-06,-5.1088515496541e-06,-5.4797622367593e-06,-4.9572180393322e-06,0.90002963012543,0.90002214788327,2.5,2.5,-5.2498040255836e-06,-0.0001
0.22,-0.037912063065438,0.57737298283364,0.61528504589908,0.99995039387649,0.99994225286758,0.99997530932,0.99997514472433,1.6593235103427e-05,5.9430936327034e-22,-1.2240435674247e-05,-1.2749412961973e-05,0.0099969890447021,-3.7552173412873e-06,3.7669672167707e-06,-5.1193662469227e-06,-5.4826451997304e-06,-4.9507974212655e-06,0.90002961633657,0.90002228804601,2.5,2.5,-5.257418651017e-06,-9.9999999999997e-05
0.2225,-0.037912063065438,0.57737298283364,0.61528504589908,0.9999502582293,0.99994228472798,0.99997532306304,0.99997516185413,1.6251816607771e-05,5.8208073041659e-22,-1.2269781059482e-05,-1.2768285584008e-05,0.009996979849838,-3.6779456464445e-06,3.6894537786702e-06,-5.1296646106709e-06,-5.4854688375932e-06,-4.9445089212748e-06,0.90002960283144,0.9000224253252,2.5,2.5,-5.2648765891112e-06,-0.00010000000000002
0.225,-0.037912063065438,0.57737298283364,0.61528504589908,0.99995012537279,0.99994231593277,0.99997533652331,0.99997517863146,1.5917422385331e-05,5.7010372510165e-22,-1.2298522584678e-05,-1.2786769834725e-05,0.0099969708441768,-3.6022644811885e-06,3.6135358409754e-06,-5.1397510896133e-06,-5.4882343717494e-06,-4.9383498198788e-06,0.90002958960421,0.90002255978012,2.5,2.5,-5.2721810650557e-06,-9.9999999999982e-05
0.2275,-0.037912063065438,0.57737298283364,0.61528504589908,0.99994999524959,0.99994234649545,0.99997534970661,0.99997519506358,1.5589908017741e-05,5.5837316835072e-22,-1.2326672681749e-05,-1.2804873711815e-05,0.0099969620238242,-3.5281410346077e-06,3.5391804909255e-06,-5.1496300412956e-06,-5.4909429983668e-06,-4.9323174537075e-06,0.90002957664916,0.90002269146883,2.5,2.5,-5.2793352375078e-06,-0.00010000000000001
0.23,-0.037912063065438,0.57737298283364,0.61528504589908,0.99994986780352,0.99994237642924,0.99997536261865,0.99997521115758,1.526913204179e-05,5.4688398797557e-22,-1.2354243525727e-05,-1.2822605047829e-05,0.0099969533849663,-3.4555431830433e-06,3.466355505041e-06,-5.1593057339273e-06,-5.4935958889106e-06,-4.9264092143378e-06,0.90002956396069,0.90002282044819,2.5,2.5,-5.286342199986e-06,-0.00010000000000001
0.2325,-0.037912063065438,0.57737298283364,0.61528504589908,0.99994974297953,0.99994240574709,0.999975375265,0.99997522692042,1.4954955890824e-05,5.356312163211e-22,-1.2381247040322e-05,-1.2839971513143e-05,0.0099969449238676,-3.3844394741419e-06,3.3950293333025e-06,-5.1687823481697e-06,-5.4961941906629e-06,-4.9206225470842e-06,0.9000295515333,0.90002294677392,2.5,2.5,-5.2932049822313e-06,-9.9999999999985e-05
0.235,-0.037912063065438,0.57737298283364,0.61528504589908,0.99994962072371,0.99994243446166,0.99997538765114,0.99997524235892,1.4647243837427e-05,5.2460998809812e-22,-1.2407694903202e-05,-1.285698061956e-05,0.0099969366368698,-3.3147991117736e-06,3.3251710836529e-06,-5.1780639788929e-06,-5.4987390272393e-06,-4.9149549499546e-06,0.90002953936163,0.90002307050058,2.5,2.5,-5.2999265515387e-06,-9.9999999999996e-05
0.2375,-0.037912063065438,0.57737298283364,0.61528504589908,0.99994950098325,0.99994246258538,0.99997539978243,0.99997525747976,1.434586293648e-05,5.1381553828647e-22,-1.2433598551111e-05,-1.2873639723754e-05,0.0099969285203899,-3.2465919409376e-06,3.2567505073193e-06,-5.187154636914e-06,-5.5012314990705e-06,-4.9094039724833e-06,0.90002952744041,0.90002319168163,2.5,2.5,-5.3065098140554e-06,-0.00010000000000001
0.24,-0.037912063065438,0.57737298283364,0.61528504589908,0.99994938370641,0.99994249013041,0.99997541166409,0.99997527228946,1.4050682969656e-05,5.0324319998053e-22,-1.245896918494e-05,-1.2889956030387e-05,0.0099969205709189,-3.1797884338459e-06,3.1897379843812e-06,-5.1960582506944e-06,-5.5036726839071e-06,-4.9039672147264e-06,0.90002951576449,0.90002331036941,2.5,2.5,-5.3129576160546e-06,-9.9999999999983e-05
0.2425,-0.037912063065438,0.57737298283364,0.61528504589908,0.99994926884254,0.99994251710865,0.99997542330127,0.99997528679444,1.376157639041e-05,4.9288840243647e-22,-1.2483817774742e-05,-1.290593659578e-05,0.0099969127850197,-3.1143596755488e-06,3.1241045099234e-06,-5.2047786680075e-06,-5.5060636372729e-06,-4.8986423261353e-06,0.90002950432882,0.90002342661521,2.5,2.5,-5.3192727451774e-06,-0.00010000000000001
0.245,-0.037912063065438,0.57737298283364,0.61528504589908,0.999949156342,0.99994254353178,0.99997543469901,0.99997530100096,1.3478418270172e-05,4.8274666903225e-22,-1.250815506438e-05,-1.2921588330128e-05,0.0099969051593263,-3.0502773511119e-06,3.0598216805818e-06,-5.2133196575836e-06,-5.5084053929424e-06,-4.8934270046047e-06,0.90002949312845,0.90002354046925,2.5,2.5,-5.3254579316487e-06,-9.9999999999994e-05
0.2475,-0.037912063065438,0.57737298283364,0.61528504589908,0.99994904615618,0.99994256941121,0.99997544586222,0.99997531491516,1.3201086245382e-05,4.7281361531554e-22,-1.253199157631e-05,-1.2936918001714e-05,0.009996897690542,-2.9875137321172e-06,2.9968616814544e-06,-5.2216849107115e-06,-5.5106989633913e-06,-4.8883189954347e-06,0.90002948215855,0.90002365198074,2.5,2.5,-5.3315158494681e-06,-0.00010000000000001
0.25,-0.037912063065438,0.57737298283364,0.61528504589908,0.99994893823747,0.99994259475813,0.99997545679574,0.99997532854306,1.2929460465595e-05,4.630849471118e-22,-1.2555337616261e-05,-1.2951932238771e-05,0.0099968903754378,-2.9260416642254e-06,2.9351972734608e-06,-5.2298780428182e-06,-5.5129453402346e-06,-4.8833160903483e-06,0.90002947141437,0.90002376119785,2.5,2.5,-5.3374491175723e-06,-0.0001
0.2525,-0.037912063065438,0.57737298283364,0.61528504589908,0.99994883253923,0.99994261958351,0.99997546750429,0.99997534189055,1.2663423542315e-05,4.5355645867131e-22,-1.2578203277658e-05,-1.2966637533164e-05,0.0099968832108514,-2.8658345547778e-06,2.8748017809379e-06,-5.2379025950217e-06,-5.51514549466e-06,-4.87841612653e-06,0.90002946089127,0.90002386816779,2.5,2.5,-5.3432603009752e-06,-0.0001
0.255,-0.037912063065438,0.57737298283364,0.61528504589908,0.99994872901579,0.99994264389806,0.9999754779925,0.9999753549634,1.2402860499076e-05,4.4422403082035e-22,-1.2600598445997e-05,-1.298104024306e-05,0.0099968761936855,-2.806866360845e-06,2.8156490795861e-06,-5.2457620356415e-06,-5.5173003778553e-06,-4.8736169857099e-06,0.90002945058469,0.90002397293678,2.5,2.5,-5.3489519118826e-06,-9.9999999999992e-05
0.2575,-0.037912063065438,0.57737298283364,0.61528504589908,0.99994862762239,0.99994266771232,0.9999754882649,0.99997536776726,1.2147658722169e-05,4.3508362915022e-22,-1.2622532803226e-05,-1.2995146595436e-05,0.0099968693209066,-2.7491115775875e-06,2.7577135849176e-06,-5.2534597616903e-06,-5.5194109214203e-06,-4.8689165932036e-06,0.90002944049019,0.9000240755501,2.5,2.5,-5.3545264107825e-06,-0.0001
0.26,-0.037912063065438,0.57737298283364,0.61528504589908,0.99994852831523,0.99994269103657,0.99997549832593,0.99997538030766,1.1897707912577e-05,4.2613130235887e-22,-1.2644015831906e-05,-1.300896268893e-05,0.0099968625895435,-2.6925452267395e-06,2.7009702405987e-06,-5.260999100336e-06,-5.5214780377725e-06,-4.864312917058e-06,0.90002943060339,0.90002417605211,2.5,2.5,-5.3599862075135e-06,-0.0001
0.2625,-0.037912063065438,0.57737298283364,0.61528504589908,0.99994843105139,0.99994271388089,0.99997550817995,0.99997539259004,1.1652900038559e-05,4.1736318040103e-22,-1.2665056819418e-05,-1.3022494496737e-05,0.0099968559966864,-2.6371428456409e-06,2.6453945075586e-06,-5.2683833103231e-06,-5.5235026205434e-06,-4.8598039671258e-06,0.90002942092003,0.90002427448623,2.5,2.5,-5.3653336623099e-06,-9.9999999999977e-05
0.265,-0.037912063065438,0.57737298283364,0.61528504589908,0.99994833578882,0.99994273625516,0.99997551783121,0.99997540461969,1.1413129289522e-05,4.0877547294553e-22,-1.2685664861816e-05,-1.3035747869139e-05,0.0099968495394852,-2.5828804762907e-06,2.5909623529017e-06,-5.2756155833785e-06,-5.525485544965e-06,-4.8553877942337e-06,0.90002941143591,0.90002437089501,2.5,2.5,-5.3705710868261e-06,-0.00010000000000002
0.2675,-0.037912063065438,0.57737298283364,0.61528504589908,0.99994824248635,0.99994275816905,0.99997552728388,0.99997541640181,1.117829203038e-05,4.0036446763683e-22,-1.2705848868017e-05,-1.3048728535697e-05,0.0099968432151486,-2.5297346548914e-06,2.5376502394545e-06,-5.2826990455942e-06,-5.5274276682593e-06,-4.8510624893223e-06,0.90002940214694,0.90002446532011,2.5,2.5,-5.3757007451367e-06,-9.9999999999992e-05
0.27,-0.037912063065438,0.57737298283364,0.61528504589908,0.99994815110366,0.99994277963204,0.99997553654206,0.99997542794151,1.0948286757139e-05,3.9212652853712e-22,-1.2725617563501e-05,-1.3061442108047e-05,0.0099968370209426,-2.4776824012921e-06,2.4854351152538e-06,-5.289636758761e-06,-5.5293298299913e-06,-4.8468261826281e-06,0.9000293930491,0.90002455780236,2.5,2.5,-5.3807248547191e-06,-0.00010000000000001
0.2725,-0.037912063065438,0.57737298283364,0.61528504589908,0.99994806160124,0.9999428006534,0.99997554560973,0.99997543924376,1.0723014053219e-05,3.8405809454393e-22,-1.2744979494135e-05,-1.3073894082406e-05,0.0099968309541895,-2.4267012092155e-06,2.4342944036517e-06,-5.2964317216895e-06,-5.5311928524527e-06,-4.8426770428637e-06,0.90002938413847,0.90002464838171,2.5,2.5,-5.3856455874138e-06,-0.0001
0.275,-0.037912063065438,0.57737298283364,0.61528504589908,0.99994797394042,0.99994282124222,0.99997555449083,0.99997545031346,1.0502376546605e-05,3.7615567780355e-22,-1.2763943029922e-05,-1.30860898418e-05,0.0099968250122669,-2.3767690360484e-06,2.3842059930987e-06,-5.3030868715134e-06,-5.5330175410091e-06,-4.8386132764247e-06,0.90002937541118,0.90002473709733,2.5,2.5,-5.390465070364e-06,-9.999999999999e-05
0.2775,-0.037912063065438,0.57737298283364,0.61528504589908,0.9999478880833,0.9999428414074,0.99997556318919,0.99997546115538,1.0286278868079e-05,3.6841586228515e-22,-1.2782516368525e-05,-1.3098034658408e-05,0.0099968191926062,-2.3278642934291e-06,2.3351482277386e-06,-5.3096050849392e-06,-5.5348046844478e-06,-4.8346331266315e-06,0.90002936686346,0.90002482398756,2.5,2.5,-5.3951853869379e-06,-0.00010000000000002
0.28,-0.037912063065438,0.57737298283364,0.61528504589908,0.99994780399277,0.99994286115766,0.99997557170858,0.99997547177422,1.007462760994e-05,3.6083530223124e-22,-1.2800707538908e-05,-1.3109733695866e-05,0.0099968134926916,-2.2799658377777e-06,2.2870998978095e-06,-5.3159891795021e-06,-5.5365550553266e-06,-4.8307348729508e-06,0.90002935849162,0.90002490908995,2.5,2.5,-5.3998085776289e-06,-9.9999999999992e-05
0.2825,-0.037912063065438,0.57737298283364,0.61528504589908,0.99994772163248,0.99994288050154,0.99997558005266,0.99997548217457,9.8673312858548e-06,3.5341072073992e-22,-1.2818524404866e-05,-1.3121192011587e-05,0.0099968079100592,-2.2330529608795e-06,2.2400402303871e-06,-5.3222419147717e-06,-5.5382694102984e-06,-4.8269168302499e-06,0.90002935029204,0.90002499244129,2.5,2.5,-5.4043366409405e-06,-9.9999999999998e-05
0.285,-0.037912063065438,0.57737298283364,0.61528504589908,0.99994764096684,0.99994289944739,0.99997558822506,0.99997549236091,9.6643002914194e-06,3.4613890836066e-22,-1.2835974668272e-05,-1.313241455892e-05,0.0099968024422958,-2.1871053810891e-06,2.193948880392e-06,-5.3283659935509e-06,-5.5399484904473e-06,-4.8231773480731e-06,0.90002934226118,0.9000250740776,2.5,2.5,-5.4087715342495e-06,-9.9999999999993e-05
0.2875,-0.037912063065438,0.57737298283364,0.61528504589908,0.99994756196097,0.99994291800342,0.9999755962293,0.99997550233767,9.4654468654679e-06,3.3901672164892e-22,-1.2853065872566e-05,-1.3143406189177e-05,0.0099967970870377,-2.1421032344673e-06,2.148805921676e-06,-5.3343640630342e-06,-5.541593021607e-06,-4.8195148099438e-06,0.90002933439557,0.90002515403418,2.5,2.5,-5.4131151746535e-06,-0.00010000000000002
0.29,-0.037912063065438,0.57737298283364,0.61528504589908,0.99994748458073,0.99994293617763,0.99997560406885,0.99997551210914,9.270685052286e-06,3.3204108185435e-22,-1.2869805405916e-05,-1.3154171653826e-05,0.00999679184197,-2.0980270659492e-06,2.1045918384121e-06,-5.3402387159565e-06,-5.5432037146703e-06,-4.8159276326285e-06,0.90002932669179,0.90002523234559,2.5,2.5,-5.417369439801e-06,-9.9999999999987e-05
0.2925,-0.037912063065438,0.57737298283364,0.61528504589908,0.99994740879266,0.99994295397788,0.99997561174709,0.99997552167955,9.0799306643211e-06,3.2520897360922e-22,-1.2886200504389e-05,-1.3164715606666e-05,0.0099967867048255,-2.054857821118e-06,2.0612875165309e-06,-5.3459924917109e-06,-5.5447812659051e-06,-4.8124142654791e-06,0.90002931914653,0.90002530904567,2.5,2.5,-5.4215361687023e-06,-9.9999999999994e-05
0.295,-0.037912063065438,0.57737298283364,0.61528504589908,0.99994733456401,0.99994297141188,0.99997561926734,0.99997553105303,8.8931012461809e-06,3.1851744357924e-22,-1.2902258255277e-05,-1.3175042605593e-05,0.0099967816733834,-2.0125768378595e-06,2.0188742355047e-06,-5.3516278774423e-06,-5.5463263572499e-06,-4.808973189769e-06,0.90002931175653,0.90002538416758,2.5,2.5,-5.4256171625259e-06,-0.00010000000000002
0.2975,-0.037912063065438,0.57737298283364,0.61528504589908,0.99994726186269,0.99994298848715,0.99997562663285,0.99997554023365,8.7101160387156e-06,3.1196359916892e-22,-1.291798559993e-05,-1.3185157114706e-05,0.0099967767454688,-1.9711658380567e-06,1.9773336601045e-06,-5.3571473091331e-06,-5.547839656609e-06,-4.8056029180033e-06,0.90002930451858,0.90002545774378,2.5,2.5,-5.429614185377e-06,-9.9999999999993e-05
0.3,-0.037912063065438,0.57737298283364,0.61528504589908,0.99994719065728,0.99994300521108,0.99997563384681,0.99997554922537,8.530895944301e-06,3.0554460735709e-22,-1.2933389336874e-05,-1.3195063506359e-05,0.0099967719189515,-1.9306069200643e-06,1.9366478326172e-06,-5.3625531726313e-06,-5.5493218181442e-06,-4.802301993311e-06,0.90002929742956,0.90002552980609,2.5,2.5,-5.4335289650606e-06,-0.00010000000000001
0.3025,-0.037912063065438,0.57737298283364,0.61528504589908,0.99994712091699,0.99994302159089,0.99997564091234,0.99997555803207,8.3553634926793e-06,2.9925769338106e-22,-1.2948476124751e-05,-1.3204766062863e-05,0.0099967671917451,-1.8908825505542e-06,1.8967991648954e-06,-5.3678478047154e-06,-5.5507734825568e-06,-4.7990689887903e-06,0.90002929048641,0.90002560038566,2.5,2.5,-5.4373631938288e-06,-9.9999999999987e-05
0.305,-0.037912063065438,0.57737298283364,0.61528504589908,0.99994705261168,0.99994303763368,0.99997564783248,0.99997556665757,8.1834428074442e-06,2.9310013956293e-22,-1.2963252485241e-05,-1.3214268978367e-05,0.0099967625618062,-1.8519755571209e-06,1.8577704308134e-06,-5.3730334940708e-06,-5.5521952773623e-06,-4.7959025068966e-06,0.90002928368611,0.90002566951298,2.5,2.5,-5.4411185291124e-06,-0.00010000000000001
0.3075,-0.037912063065438,0.57737298283364,0.61528504589908,0.99994698571183,0.99994305334636,0.99997565461023,0.99997557510559,8.0150595733392e-06,2.8706928421843e-22,-1.297772480572e-05,-1.3223576360738e-05,0.0099967580271334,-1.8138691208065e-06,1.8195447587693e-06,-5.3781124822984e-06,-5.5535878171639e-06,-4.7928011788617e-06,0.90002927702575,0.90002573721794,2.5,2.5,-5.4447965942374e-06,-9.9999999999987e-05
0.31,-0.037912063065438,0.57737298283364,0.61528504589908,0.99994692018851,0.99994306873574,0.99997566124853,0.99997558337978,7.8501410040713e-06,2.8116252031965e-22,-1.2991899342202e-05,-1.3232692233337e-05,0.0099967535857665,-1.7765467688271e-06,1.7821056244448e-06,-5.3830869648784e-06,-5.5549517039217e-06,-4.7897636640531e-06,0.90002927050242,0.90002580352981,2.5,2.5,-5.4483989791275e-06,-0.00010000000000001
0.3125,-0.037912063065438,0.57737298283364,0.61528504589908,0.9999468560134,0.99994308380846,0.99997566775023,0.99997559148371,7.6886158109837e-06,2.7537729460012e-22,-1.3005782221951e-05,-1.3241620536669e-05,0.0099967492357856,-1.7399923673524e-06,1.7454368435302e-06,-5.387959092117e-06,-5.5562875272021e-06,-4.7867886494563e-06,0.90002926411332,0.90002586847725,2.5,2.5,-5.451927240991e-06,-0.0001
0.315,-0.037912063065438,0.57737298283364,0.61528504589908,0.99994679315877,0.99994309857105,0.99997567411816,0.99997559942091,7.530414172095e-06,2.6971110623091e-22,-1.301937944609e-05,-1.3250365130373e-05,0.0099967449753103,-1.7041901146224e-06,1.7095225648271e-06,-5.3927309700794e-06,-5.5575958644476e-06,-4.7838748490486e-06,0.90002925785569,0.90002593208834,2.5,2.5,-5.455382904994e-06,-9.9999999999996e-05
0.3175,-0.037912063065438,0.57737298283364,0.61528504589908,0.99994673159743,0.99994311302988,0.99997568035505,0.99997560719478,7.3754677020815e-06,2.6416150589202e-22,-1.3032696892429e-05,-1.3258929794289e-05,0.0099967408024989,-1.6691245340203e-06,1.6743472633295e-06,-5.3974046614965e-06,-5.5588772812139e-06,-4.7810210032781e-06,0.90002925172681,0.90002599439057,2.5,2.5,-5.4587674649205e-06,-9.9999999999986e-05
0.32,-0.037912063065438,0.57737298283364,0.61528504589908,0.99994667130279,0.99994312719121,0.99997568646362,0.9999756148087,7.2237094226206e-06,2.5872609466522e-22,-1.3045740317628e-05,-1.3267318230852e-05,0.0099967367155478,-1.6347804675376e-06,1.6398957335317e-06,-5.4019821866531e-06,-5.5601323314223e-06,-4.778225878514e-06,0.90002924572404,0.90002605541087,2.5,2.5,-5.4620823838174e-06,-0.00010000000000001
0.3225,-0.037912063065438,0.57737298283364,0.61528504589908,0.99994661224877,0.99994314106115,0.9999756924465,0.99997562226595,7.0750737335041e-06,2.5340252296772e-22,-1.3058515360057e-05,-1.3275534066081e-05,0.0099967327126901,-1.6011430689287e-06,1.6061530828063e-06,-5.4064655242729e-06,-5.5613615575931e-06,-4.7754882664974e-06,0.90002923984479,0.90002611517562,2.5,2.5,-5.465329094627e-06,-9.9999999999997e-05
0.325,-0.037912063065438,0.57737298283364,0.61528504589908,0.99994655440986,0.9999431546457,0.99997569830627,0.99997562956977,6.9294963843168e-06,2.481884895966e-22,-1.3071027541956e-05,-1.3283580851399e-05,0.0099967287921956,-1.5681977976323e-06,1.5731047250254e-06,-5.4108566123593e-06,-5.5625654910889e-06,-4.7728069838539e-06,0.9000292340865,0.90002617371065,2.5,2.5,-5.4685090008081e-06,-0.00010000000000001
0.3275,-0.037912063065438,0.57737298283364,0.61528504589908,0.99994649776104,0.99994316795073,0.99997570404547,0.9999756367233,6.7869144465565e-06,2.4308174065261e-22,-1.3083282271959e-05,-1.3291462065264e-05,0.0099967249523696,-1.5359304121231e-06,1.5407363741754e-06,-5.4151573490456e-06,-5.5637446523316e-06,-4.7701808715287e-06,0.9000292284467,0.90002623104127,2.5,2.5,-5.47162347694e-06,-9.9999999999997e-05
0.33,-0.037912063065438,0.57737298283364,0.61528504589908,0.99994644227783,0.999943180982,0.99997570966658,0.99997564372963,6.6472662866015e-06,2.3808006866246e-22,-1.3095284847512e-05,-1.329918111451e-05,0.0099967211915522,-1.5043269640665e-06,1.5090340382429e-06,-5.4193695934068e-06,-5.5648995510395e-06,-4.7676087943364e-06,0.90002922292295,0.90002628719225,2.5,2.5,-5.4746738693195e-06,-9.9999999999994e-05
0.3325,-0.037912063065438,0.57737298283364,0.61528504589908,0.99994638793625,0.99994319374513,0.99997571517203,0.99997565059181,6.5104915388778e-06,2.3318131153793e-22,-1.3107040456873e-05,-1.3306741335913e-05,0.0099967175081177,-1.4733737921455e-06,1.4779840131403e-06,-5.4234951662607e-06,-5.566030686442e-06,-4.7650896404518e-06,0.90002921751285,0.90002634218787,2.5,2.5,-5.4776614965406e-06,-0.00010000000000001
0.335,-0.037912063065438,0.57737298283364,0.61528504589908,0.99994633471281,0.99994320624565,0.9999757205642,0.99997565731279,6.3765310799711e-06,2.2838335167431e-22,-1.311855418177e-05,-1.331414599735e-05,0.0099967139004739,-1.4430575160321e-06,1.4475728767517e-06,-5.4275358509736e-06,-5.5671385474963e-06,-4.762622320899e-06,0.90002921221407,0.9000263960519,2.5,2.5,-5.4805876500663e-06,-9.9999999999999e-05
0.3375,-0.037912063065438,0.57737298283364,0.61528504589908,0.99994628258449,0.99994321848896,0.99997572584542,0.99997566389547,6.2453270028976e-06,2.2368411510281e-22,-1.312983099912e-05,-1.3321398299796e-05,0.0099967103670613,-1.4133650309113e-06,1.4177874831605e-06,-5.4314933942018e-06,-5.5682236130957e-06,-4.7602057691517e-06,0.90002920702432,0.90002644880763,2.5,2.5,-5.4834535947863e-06,-0.00010000000000001
0.34,-0.037912063065438,0.57737298283364,0.61528504589908,0.99994623152878,0.99994323048035,0.99997573101797,0.99997567034271,6.1168225922386e-06,2.1908157044161e-22,-1.3140875783691e-05,-1.3328501378197e-05,0.0099967069063526,-1.3842835014598e-06,1.3886149569497e-06,-5.4353695066746e-06,-5.5692863522859e-06,-4.7578389405928e-06,0.90002920194136,0.90002650047786,2.5,2.5,-5.4862605695627e-06,-9.9999999999992e-05
0.3425,-0.037912063065438,0.57737298283364,0.61528504589908,0.99994618152359,0.999943242225,0.99997573608409,0.99997567665729,5.9909622994629e-06,2.1457372817241e-22,-1.3151693309692e-05,-1.3335458302948e-05,0.0099967035168517,-1.3558003565829e-06,1.360042687671e-06,-5.4391658639171e-06,-5.5703272244547e-06,-4.7555208121147e-06,0.90002919696298,0.90002655108492,2.5,2.5,-5.4890097877676e-06,-0.0001
0.345,-0.037912063065438,0.57737298283364,0.61528504589908,0.99994613254731,0.999943253728,0.99997574104597,0.99997568284195,5.8676917190297e-06,2.101586396729e-22,-1.3162288253258e-05,-1.3342272081436e-05,0.0099967001970935,-1.3279032838021e-06,1.332058324286e-06,-5.4428841069755e-06,-5.5713466795423e-06,-4.7532503816685e-06,0.90002919208704,0.90002660065069,2.5,2.5,-5.4917024378058e-06,-0.0001
0.3475,-0.037912063065438,0.57737298283364,0.61528504589908,0.99994608457877,0.9999432649943,0.99997574590576,0.99997568889934,5.7469575648759e-06,2.0583439642772e-22,-1.3172665194303e-05,-1.3348945658939e-05,0.0099966969456429,-1.3005802239172e-06,1.304649769955e-06,-5.4465258431347e-06,-5.5723451582264e-06,-4.7510266677988e-06,0.90002918731142,0.9000266491966,2.5,2.5,-5.4943396836297e-06,-9.9999999999998e-05
0.35,-0.037912063065438,0.57737298283364,0.61528504589908,0.99994603759723,0.99994327602879,0.99997575066555,0.9999756948321,5.6287076473253e-06,2.0159912922344e-22,-1.3182828618437e-05,-1.3355481920293e-05,0.0099966937610945,-1.2738193660789e-06,1.2778051767654e-06,-5.4500926466093e-06,-5.573323092121e-06,-4.7488487092723e-06,0.90002918263407,0.90002669674362,2.5,2.5,-5.496922665242e-06,-9.9999999999985e-05
0.3525,-0.037912063065438,0.57737298283364,0.61528504589908,0.9999459915824,0.99994328683624,0.9999757553274,0.99997570064279,5.5128908504933e-06,1.974510072598e-22,-1.3192782919069e-05,-1.3361883690872e-05,0.0099966906420716,-1.2476091422677e-06,1.2515129405588e-06,-5.4535860592166e-06,-5.5742809039596e-06,-4.7467155646199e-06,0.90002917805296,0.90002674331232,2.5,2.5,-5.4994524991883e-06,-0.00010000000000001
0.355,-0.037912063065438,0.57737298283364,0.61528504589908,0.99994594651436,0.99994329742131,0.99997575989333,0.99997570633391,5.3994571103424e-06,1.9338823743367e-22,-1.320253239904e-05,-1.336815373808e-05,0.0099966875872261,-1.22193822256e-06,1.2257616959341e-06,-5.4570075910535e-06,-5.5752190077728e-06,-4.7446263117509e-06,0.90002917356612,0.90002678892282,2.5,2.5,-5.5019302790402e-06,-0.00010000000000001
0.3575,-0.037912063065438,0.57737298283364,0.61528504589908,0.99994590237365,0.99994330778858,0.99997576436531,0.99997571190793,5.2883573929085e-06,1.894090635284e-22,-1.3212081272829e-05,-1.3374294772159e-05,0.0099966845952373,-1.1967955101461e-06,1.200540311403e-06,-5.4603587211452e-06,-5.5761378090745e-06,-4.7425800475364e-06,0.90002916917159,0.90002683359484,2.5,2.5,-5.5043570758673e-06,-9.9999999999986e-05
0.36,-0.037912063065438,0.57737298283364,0.61528504589908,0.99994585914119,0.99994331794253,0.99997576874527,0.99997571736727,5.1795436731542e-06,1.8551176546327e-22,-1.3221433668166e-05,-1.3380309447848e-05,0.0099966816648119,-1.1721701365959e-06,1.1758378844956e-06,-5.4636408980851e-06,-5.5770377050372e-06,-4.7405758874376e-06,0.90002916486749,0.90002687734769,2.5,2.5,-5.5067339387021e-06,-0.00010000000000001
0.3625,-0.037912063065438,0.57737298283364,0.61528504589908,0.99994581679828,0.99994332788755,0.99997577303511,0.99997572271427,5.0729689142103e-06,1.8169465856586e-22,-1.3230593627685e-05,-1.338620036499e-05,0.0099966787946833,-1.1480514570794e-06,1.1516437370556e-06,-5.4668555406564e-06,-5.5779190846595e-06,-4.7386129651248e-06,0.90002916065195,0.90002692020027,2.5,2.5,-5.5090618949904e-06,-9.9999999999989e-05
0.365,-0.037912063065438,0.57737298283364,0.61528504589908,0.99994577532662,0.99994333762794,0.99997577723669,0.99997572795125,4.9685870470433e-06,1.7795609280903e-22,-1.323956511107e-05,-1.3391970070015e-05,0.0099966759836107,-1.1244290457782e-06,1.1279474106822e-06,-5.4700040384534e-06,-5.5787823289339e-06,-4.7366904320797e-06,0.90002915652314,0.90002696217113,2.5,2.5,-5.5113419510384e-06,-0.00010000000000001
0.3675,-0.037912063065438,0.57737298283364,0.61528504589908,0.99994573470829,0.99994334716792,0.99997578135181,0.99997573308047,4.8663529505327e-06,1.7429445210962e-22,-1.3248351996433e-05,-1.3397621057092e-05,0.009996673230379,-1.1012926914122e-06,1.1047386621322e-06,-5.4730877524767e-06,-5.5796278110131e-06,-4.7348074572473e-06,0.9000291524793,0.90002700327839,2.5,2.5,-5.5135750924454e-06,-9.9999999999996e-05
0.37,-0.037912063065438,0.57737298283364,0.61528504589908,0.99994569492572,0.9999433565116,0.99997578538226,0.99997573810415,4.7662224319644e-06,1.7070815365887e-22,-1.3256958081976e-05,-1.3403155768984e-05,0.009996670533798,-1.0786323928599e-06,1.0820074589781e-06,-5.476108015724e-06,-5.5804558963785e-06,-4.7329632266743e-06,0.90002914851866,0.90002704353983,2.5,2.5,-5.515762284532e-06,-9.9999999999999e-05
0.3725,-0.037912063065438,0.57737298283364,0.61528504589908,0.99994565596172,0.99994336566302,0.99997578932977,0.99997574302447,4.6681522079111e-06,1.6719564723216e-22,-1.3265387087967e-05,-1.3408576598134e-05,0.0099966678927021,-1.0564383547289e-06,1.0597439751648e-06,-5.4790661337605e-06,-5.581266942983e-06,-4.7311569431615e-06,0.90002914463951,0.90002708297284,2.5,2.5,-5.5179044727552e-06,-0.00010000000000001
0.375,-0.037912063065438,0.57737298283364,0.61528504589908,0.99994561779945,0.99994337462614,0.99997579319607,0.99997574784354,4.5720998856266e-06,1.6375541444512e-22,-1.3273642657938e-05,-1.3413885887795e-05,0.0099966653059496,-1.034700983141e-06,1.0379385868533e-06,-5.4819633852935e-06,-5.582061301418e-06,-4.7293878258998e-06,0.90002914084018,0.90002712159449,2.5,2.5,-5.5200025831191e-06,-9.999999999999e-05
0.3775,-0.037912063065438,0.57737298283364,0.61528504589908,0.99994558042241,0.99994338340484,0.99997579698281,0.99997575256346,4.4780239445615e-06,1.6038596819923e-22,-1.3281728360609e-05,-1.3419085933027e-05,0.0099966627724224,-1.0134108817588e-06,1.0165818682369e-06,-5.4848010227196e-06,-5.5828393150635e-06,-4.7276551101556e-06,0.90002913711903,0.90002715942145,2.5,2.5,-5.5220575225736e-06,-0.00010000000000001
0.38,-0.037912063065438,0.57737298283364,0.61528504589908,0.99994554381444,0.9999433920029,0.99997580069163,0.99997575718626,4.3858837185618e-06,1.5708585198459e-22,-1.3289647691027e-05,-1.3424178981598e-05,0.0099966602910253,-9.9255884745582e-07,9.9566458742255e-07,-5.4875802726619e-06,-5.5836013202267e-06,-4.7259580469314e-06,0.90002913347444,0.90002719647008,2.5,2.5,-5.5240701794072e-06,-0.00010000000000001
0.3825,-0.037912063065438,0.57737298283364,0.61528504589908,0.99994550795972,0.99994340042405,0.99997580432414,0.99997576171394,4.2956393781153e-06,1.5385363926775e-22,-1.3297404072655e-05,-1.342916723518e-05,0.0099966578606857,-9.7213586651621e-07,9.7517770250084e-07,-5.4903023365044e-06,-5.5843476463056e-06,-4.7242959026313e-06,0.90002912990485,0.90002723275641,2.5,2.5,-5.526041423631e-06,-0.0001
0.385,-0.037912063065438,0.57737298283364,0.61528504589908,0.99994547284275,0.99994340867192,0.99997580788191,0.99997576614846,4.2072519133999e-06,1.5068793284346e-22,-1.3305000858254e-05,-1.3434052849998e-05,0.0099966554803529,-9.5213311072723e-07,9.5511235761933e-07,-5.4929683909155e-06,-5.5850786159095e-06,-4.7226679587645e-06,0.9000291264087,0.9000272682961,2.5,2.5,-5.5279721073551e-06,-9.9999999999975e-05
0.3875,-0.037912063065438,0.57737298283364,0.61528504589908,0.99994543844835,0.99994341675009,0.99997581136647,0.99997577049173,4.1206831171179e-06,1.4758736428246e-22,-1.3312441331678e-05,-1.3438837937988e-05,0.009996653148998,-9.3254193345573e-07,9.3545987911e-07,-5.4955795883522e-06,-5.5857945450167e-06,-4.7210735116128e-06,0.90002912298449,0.90002730310453,2.5,2.5,-5.5298630651557e-06,-0.0001
0.39,-0.037912063065438,0.57737298283364,0.61528504589908,0.99994540476165,0.99994342466204,0.99997581477933,0.99997577474564,4.0358955681792e-06,1.4455059330515e-22,-1.3319728709293e-05,-1.3443524567512e-05,0.0099966508656134,-9.1335386607018e-07,9.1621177178858e-07,-5.4981370575541e-06,-5.5864957431028e-06,-4.7195118719586e-06,0.90002911963074,0.90002733719674,2.5,2.5,-5.531715114437e-06,-0.0001
0.3925,-0.037912063065438,0.57737298283364,0.61528504589908,0.9999453717681,0.99994343241119,0.99997581812197,0.99997577891202,3.9528526155489e-06,1.4157630720222e-22,-1.3326866141103e-05,-1.3448114764608e-05,0.0099966486292118,-8.9456061407183e-07,8.9735971529715e-07,-5.5006419040385e-06,-5.5871825132704e-06,-4.7179823647336e-06,0.90002911634599,0.90002737058746,2.5,2.5,-5.5335290557845e-06,-0.00010000000000001
0.395,-0.037912063065438,0.57737298283364,0.61528504589908,0.99994533945342,0.9999434400009,0.99997582139584,0.99997578299267,3.8715183621699e-06,1.3866322028956e-22,-1.3333856712515e-05,-1.3452610513272e-05,0.0099966464388267,-8.7615405382637e-07,8.7889556043303e-07,-5.5030952105736e-06,-5.5878551523956e-06,-4.7164843288028e-06,0.90002911312884,0.90002740329114,2.5,2.5,-5.5353056733102e-06,-0.0001
0.3975,-0.037912063065438,0.57737298283364,0.61528504589908,0.99994530780365,0.99994344743444,0.99997582460233,0.99997578698935,3.7918576497906e-06,1.3581007329274e-22,-1.3340703445277e-05,-1.3457013757146e-05,0.0099966442935111,-8.5812622851392e-07,8.6081132568644e-07,-5.5054980376513e-06,-5.5885139512351e-06,-4.7150171165806e-06,0.90002910997787,0.90002743532191,2.5,2.5,-5.5370457349926e-06,-9.999999999999e-05
0.4,-0.037912063065438,0.57737298283364,0.61528504589908,0.99994527680511,0.99994345471502,0.99997582774286,0.9999757909038,3.7138360433996e-06,1.3301563291977e-22,-1.3347409299016e-05,-1.3461326399389e-05,0.0099966421923378,-8.4046934545785e-07,8.4309919382551e-07,-5.5078514239432e-06,-5.5891591945699e-06,-4.7135800938561e-06,0.90002910689175,0.90002746669361,2.5,2.5,-5.5387499930081e-06,-9.9999999999997e-05
0.4025,-0.037912063065438,0.57737298283364,0.61528504589908,0.9999452464444,0.9999434618458,0.99997583081876,0.99997579473771,3.6374198166489e-06,1.3027869121191e-22,-1.3353977172569e-05,-1.3465550304327e-05,0.0099966401343983,-8.2317577205822e-07,8.2575150840534e-07,-5.5101563867449e-06,-5.5897911613227e-06,-4.7121726394406e-06,0.90002910386912,0.9000274974198,2.5,2.5,-5.5404191840564e-06,-9.9999999999991e-05
0.405,-0.037912063065438,0.57737298283364,0.61528504589908,0.99994521670839,0.99994346882986,0.99997583383137,0.99997579849273,3.562575937082e-06,1.275980650728e-22,-1.3360409904912e-05,-1.3469687297793e-05,0.0099966381188033,-8.0623803276196e-07,8.0876077052268e-07,-5.512413922422e-06,-5.5904101246681e-06,-4.7107941449369e-06,0.90002910090869,0.90002752751378,2.5,2.5,-5.5420540296783e-06,-0.00010000000000002
0.4075,-0.037912063065438,0.57737298283364,0.61528504589908,0.99994518758424,0.99994347567021,0.99997583678199,0.99997580217048,3.4892720519542e-06,1.2497259572007e-22,-1.3366710276785e-05,-1.3473739168209e-05,0.0099966361446812,-7.8964880591798e-07,7.9211963561111e-07,-5.5146250068451e-06,-5.5910163521673e-06,-4.7094440144588e-06,0.90002909800917,0.90002755698854,2.5,2.5,-5.5436552365684e-06,-9.9999999999989e-05
0.41,-0.037912063065438,0.57737298283364,0.61528504589908,0.99994515905934,0.99994348236981,0.99997583967191,0.99997580577256,3.4174764742026e-06,1.2240114827779e-22,-1.337288101163e-05,-1.3477707666831e-05,0.0099966342111789,-7.7340092050435e-07,7.7582091019879e-07,-5.5167905957924e-06,-5.5916101058732e-06,-4.7081216643844e-06,0.90002909516931,0.90002758585682,2.5,2.5,-5.5452234968804e-06,-9.9999999999989e-05
0.4125,-0.037912063065438,0.57737298283364,0.61528504589908,0.99994513112138,0.99994348893157,0.99997584250235,0.99997580930053,3.3471581687441e-06,1.1988261115564e-22,-1.3378924776874e-05,-1.34815945093e-05,0.0099966323174606,-7.5748735313921e-07,7.5985754886865e-07,-5.5189116253843e-06,-5.5921916424533e-06,-4.7068265231122e-06,0.90002909238789,0.90002761413111,2.5,2.5,-5.5467594885264e-06,-0.0001
0.415,-0.037912063065438,0.57737298283364,0.61528504589908,0.99994510375827,0.9999434953583,0.99997584527456,0.9999758127559,3.2782867391012e-06,1.1741589569947e-22,-1.3384844185066e-05,-1.348540137583e-05,0.0099966304627075,-7.4190122471081e-07,7.4422265108381e-07,-5.520989012481e-06,-5.5927612132801e-06,-4.7055580307841e-06,0.90002908966369,0.90002764182363,2.5,2.5,-5.5482638754687e-06,-0.00010000000000001
0.4175,-0.037912063065438,0.57737298283364,0.61528504589908,0.99994507695819,0.9999435016528,0.99997584798973,0.99997581614017,3.2108324142557e-06,1.1499993558551e-22,-1.3390641795016e-05,-1.3489129911892e-05,0.009996628646118,-7.2663579784207e-07,7.2890945837317e-07,-5.5230236550716e-06,-5.5933190645668e-06,-4.7043156390603e-06,0.90002908699555,0.90002766894634,2.5,2.5,-5.5497373080092e-06,-9.9999999999992e-05
0.42,-0.037912063065438,0.57737298283364,0.61528504589908,0.99994505070954,0.99994350781779,0.99997585064903,0.99997581945481,3.1447660356761e-06,1.1263368650229e-22,-1.3396320112749e-05,-1.3492781729244e-05,0.0099966268669068,-7.1168447389198e-07,7.1391135133516e-07,-5.5250164326736e-06,-5.5938654374547e-06,-4.7030988109122e-06,0.90002908438231,0.90002769551098,2.5,2.5,-5.5511804230684e-06,-9.9999999999992e-05
0.4225,-0.037912063065438,0.57737298283364,0.61528504589908,0.99994502500099,0.99994351385592,0.99997585325361,0.99997582270125,3.0800590448935e-06,1.1031612555064e-22,-1.3401881592943e-05,-1.3496358406421e-05,0.0099966251243048,-6.9704078963606e-07,6.9922184668017e-07,-5.5269682067027e-06,-5.5944005681251e-06,-4.7019070203197e-06,0.90002908182284,0.90002772152902,2.5,2.5,-5.5525938444612e-06,-0.0001
0.425,-0.037912063065438,0.57737298283364,0.61528504589908,0.99994499982143,0.99994351976981,0.9999758558046,0.99997582588089,3.0166834710045e-06,1.0804625096971e-22,-1.3407328639569e-05,-1.3499861489621e-05,0.0099966234175588,-6.8269841523144e-07,6.8483459462505e-07,-5.5288798208505e-06,-5.5949246878989e-06,-4.700739752126e-06,0.90002907931604,0.90002774701171,2.5,2.5,-5.5539781831674e-06,-0.00010000000000002
0.4275,-0.037912063065438,0.57737298283364,0.61528504589908,0.99994497515996,0.99994352556202,0.9999758583031,0.9999758289951,2.954611918674e-06,1.05823081517e-22,-1.3412663607324e-05,-1.3503292493054e-05,0.0099966217459309,-6.6865115074635e-07,6.7074337594586e-07,-5.5307521014556e-06,-5.5954380233363e-06,-4.6995965017433e-06,0.90002907686081,0.90002777197007,2.5,2.5,-5.5553340375948e-06,-9.9999999999981e-05
0.43,-0.037912063065438,0.57737298283364,0.61528504589908,0.99994495100592,0.99994353123504,0.9999758607502,0.99997583204524,2.893817556237e-06,1.0364565620234e-22,-1.3417888802301e-05,-1.3506652899872e-05,0.0099966201086986,-6.5489292414187e-07,6.5694209950099e-07,-5.5325858578431e-06,-5.5959407963377e-06,-4.6984767749876e-06,0.90002907445611,0.90002779641489,2.5,2.5,-5.5566619938392e-06,-0.00010000000000001
0.4325,-0.037912063065438,0.57737298283364,0.61528504589908,0.99994492734889,0.99994353679134,0.99997586314694,0.99997583503261,2.8342741040771e-06,1.0151303380217e-22,-1.342300648314e-05,-1.350994416256e-05,0.0099966185051541,-6.4141778800795e-07,6.4342479934184e-07,-5.5343818826929e-06,-5.5964332242354e-06,-4.6973800878338e-06,0.90002907210088,0.90002782035672,2.5,2.5,-5.5579626259351e-06,-9.9999999999984e-05
0.435,-0.037912063065438,0.57737298283364,0.61528504589908,0.99994490417862,0.99994354223331,0.99997586549436,0.99997583795852,2.7759558233998e-06,9.9424292414756e-23,-1.3428018862151e-05,-1.3513167704104e-05,0.0099966169346044,-6.2821991746383e-07,6.3018563237648e-07,-5.5361409523743e-06,-5.5969155198925e-06,-4.6963059662057e-06,0.90002906979411,0.90002784380593,2.5,2.5,-5.5592364961075e-06,-0.00010000000000002
0.4375,-0.037912063065438,0.57737298283364,0.61528504589908,0.9999448814851,0.9999435475633,0.99997586779348,0.99997584082422,2.7188375049355e-06,9.7378529179049e-23,-1.3432928106015e-05,-1.3516324917646e-05,0.0099966153963703,-6.1529360753757e-07,6.1721887570914e-07,-5.5378638272784e-06,-5.5973878917889e-06,-4.6952539458095e-06,0.90002906753481,0.90002786677265,2.5,2.5,-5.5604841550115e-06,-0.00010000000000001
0.44,-0.037912063065438,0.57737298283364,0.61528504589908,0.99994485925853,0.99994355278363,0.9999758700453,0.99997584363096,2.6628944581656e-06,9.5374859733203e-23,-1.3437736336794e-05,-1.3519417168046e-05,0.0099966138897872,-6.0263327052938e-07,6.0451892422194e-07,-5.5395512521539e-06,-5.5978505441207e-06,-4.6942235718735e-06,0.900029065322,0.90002788926681,2.5,2.5,-5.561706141973e-06,-9.999999999999e-05
0.4425,-0.037912063065438,0.57737298283364,0.61528504589908,0.9999448374893,0.99994355789654,0.99997587225078,0.99997584637995,2.6081025005944e-06,9.3412417986856e-23,-1.3442445633024e-05,-1.3522445792094e-05,0.0099966124142036,-5.9023343378481e-07,5.9208028807423e-07,-5.5412039564198e-06,-5.598303676875e-06,-4.693214399012e-06,0.90002906315471,0.90002791129812,2.5,2.5,-5.5629029852202e-06,-0.00010000000000001
0.445,-0.037912063065438,0.57737298283364,0.61528504589908,0.99994481616799,0.99994356290425,0.99997587441088,0.99997584907237,2.554437947294e-06,9.1490355600001e-23,-1.3447058030293e-05,-1.3525412098804e-05,0.0099966109689817,-5.7808873717015e-07,5.7989759043524e-07,-5.5428226544945e-06,-5.598747485929e-06,-4.6922259909769e-06,0.90002906103202,0.90002793287611,2.5,2.5,-5.5640752021122e-06,-9.9999999999985e-05
0.4475,-0.037912063065438,0.57737298283364,0.61528504589908,0.99994479528539,0.99994356780891,0.99997587652654,0.9999758517094,2.5018776007496e-06,8.9607841766339e-23,-1.3451575522463e-05,-1.3528317370634e-05,0.0099966095534969,-5.6619393095485e-07,5.6796556508652e-07,-5.5444080460888e-06,-5.5991821631269e-06,-4.6912579205182e-06,0.90002905895301,0.90002795401012,2.5,2.5,-5.5652232993634e-06,-9.9999999999999e-05
0.45,-0.037912063065438,0.57737298283364,0.61528504589908,0.99994477483247,0.99994357261266,0.99997587859867,0.99997585429216,2.4503987405972e-06,8.7764062690467e-23,-1.3456000062356e-05,-1.3531162863296e-05,0.0099966081671372,-5.5454387333416e-07,5.5627905416274e-07,-5.545960816524e-06,-5.5996078963699e-06,-4.6903097691637e-06,0.90002905691678,0.90002797470927,2.5,2.5,-5.5663477732615e-06,-0.00010000000000001
0.4525,-0.037912063065438,0.57737298283364,0.61528504589908,0.99994475480039,0.99994357731757,0.99997588062815,0.99997585682178,2.3999791141593e-06,8.5958221388335e-23,-1.3460333562462e-05,-1.3533949806802e-05,0.0099966068093034,-5.4313352837947e-07,5.4483300596708e-07,-5.5474816370131e-06,-5.6000248696848e-06,-4.6893811270581e-06,0.90002905492244,0.90002799498252,2.5,2.5,-5.5674491098827e-06,-9.9999999999984e-05
0.455,-0.037912063065438,0.57737298283364,0.61528504589908,0.9999447351805,0.99994358192567,0.99997588261588,0.99997585929935,2.3505969265205e-06,8.4189537241792e-23,-1.3464577896137e-05,-1.353667940591e-05,0.0099966054794085,-5.3195796369834e-07,5.3362247267599e-07,-5.548971164962e-06,-5.6004332633198e-06,-4.6884715927776e-06,0.90002905296914,0.90002801483862,2.5,2.5,-5.568527785302e-06,-0.00010000000000002
0.4575,-0.037912063065438,0.57737298283364,0.61528504589908,0.99994471596431,0.99994358643895,0.99997588456271,0.99997586172595,2.3022308312427e-06,8.245724570214e-23,-1.3468734898004e-05,-1.3539352840607e-05,0.0099966041768776,-5.2101234844099e-07,5.2264260833582e-07,-5.5504300442489e-06,-5.6008332538092e-06,-4.6875807731553e-06,0.90002905105603,0.90002803428616,2.5,2.5,-5.569584265798e-06,-0.00010000000000001
0.46,-0.037912063065438,0.57737298283364,0.61528504589908,0.99994469714351,0.99994359085937,0.99997588646948,0.99997586410261,2.2548599211541e-06,8.0760597939563e-23,-1.3472806364961e-05,-1.3541971266381e-05,0.0099966029011477,-5.1029195114642e-07,5.1188866668067e-07,-5.5518589055046e-06,-5.6012250140593e-06,-4.6867082831153e-06,0.90002904918229,0.90002805333354,2.5,2.5,-5.5706190080558e-06,-9.9999999999984e-05
0.4625,-0.037912063065438,0.57737298283364,0.61528504589908,0.99994467870996,0.99994359518883,0.99997588833702,0.99997586643037,2.2084637191594e-06,7.9098860563124e-23,-1.347679405709e-05,-1.3544535815287e-05,0.0099966016516674,-4.9979213777026e-07,5.0135599911277e-07,-5.5532583663808e-06,-5.6016087134158e-06,-4.685853745517e-06,0.9000290473471,0.90002807198901,2.5,2.5,-5.5716324593631e-06,-0.0001
0.465,-0.037912063065438,0.57737298283364,0.61528504589908,0.99994466065571,0.99994359942921,0.99997589016613,0.99997586871023,2.1630221696322e-06,7.7471315243354e-23,-1.3480699698084e-05,-1.3547047595733e-05,0.0099966004278965,-4.8950836945074e-07,4.910400526656e-07,-5.5546290318245e-06,-5.6019845177372e-06,-4.685016790956e-06,0.90002904554967,0.90002809026062,2.5,2.5,-5.5726250578043e-06,-0.0001
0.4675,-0.037912063065438,0.57737298283364,0.61528504589908,0.99994464297295,0.99994360358233,0.99997589195761,0.99997587094319,2.1185156295582e-06,7.5877258444273e-23,-1.3484524976346e-05,-1.3549507693565e-05,0.009996599229306,-4.7943620090761e-07,4.8093636805985e-07,-5.5559714943315e-06,-5.6023525894772e-06,-4.6841970576474e-06,0.90002904378922,0.90002810815628,2.5,2.5,-5.5735972324503e-06,-9.9999999999994e-05
0.47,-0.037912063065438,0.57737298283364,0.61528504589908,0.99994462565402,0.99994360765001,0.99997589371222,0.99997587313019,2.0749248600543e-06,7.43160011068e-23,-1.3488271545202e-05,-1.3551917172168e-05,0.0099965980553778,-4.6957127822652e-07,4.7104057779832e-07,-5.5572863342078e-06,-5.6027130877376e-06,-4.6833941912497e-06,0.900029042065,0.90002812568371,2.5,2.5,-5.5745494035426e-06,-0.00010000000000002
0.4725,-0.037912063065438,0.57737298283364,0.61528504589908,0.99994460869146,0.99994361163398,0.99997589543073,0.9999758752722,2.0322310181955e-06,7.2786868341636e-23,-1.349194102443e-05,-1.3554277073169e-05,0.0099965969056044,-4.5990933703301e-07,4.6134840417867e-07,-5.5585741198185e-06,-5.6030661683547e-06,-4.6826078446996e-06,0.90002904037625,0.90002814285049,2.5,2.5,-5.5754819826762e-06,-0.0001
0.475,-0.037912063065438,0.57737298283364,0.61528504589908,0.99994459207791,0.99994361553598,0.99997589711388,0.99997587737013,1.9904156486879e-06,7.1289199130451e-23,-1.3495535000016e-05,-1.3556588416694e-05,0.0099965957794889,-4.5044620087755e-07,4.5185565764365e-07,-5.5598354078388e-06,-5.6034119839526e-06,-4.6818376780883e-06,0.90002903872226,0.90002815966406,2.5,2.5,-5.5763953729771e-06,-9.9999999999978e-05
0.4775,-0.037912063065438,0.57737298283364,0.61528504589908,0.99994457580621,0.99994361935769,0.9999758987624,0.9999758794249,1.9494606760153e-06,6.9822346113744e-23,-1.3499055025722e-05,-1.3558852201663e-05,0.0099965946765445,-4.4117777908027e-07,4.4255823470319e-07,-5.5610707434808e-06,-5.6037506840184e-06,-4.6810833584998e-06,0.90002903710229,0.90002817613166,2.5,2.5,-5.5772899692767e-06,-0.0001
0.48,-0.037912063065438,0.57737298283364,0.61528504589908,0.99994455986932,0.99994362310077,0.99997590037699,0.99997588143739,1.9093483965563e-06,6.8385675197817e-23,-1.3502502623017e-05,-1.3561069406871e-05,0.0099965935962943,-4.321000650733e-07,4.3345211636861e-07,-5.5622806607439e-06,-5.604082414958e-06,-4.6803445598516e-06,0.90002903551566,0.90002819226043,2.5,2.5,-5.5781661582815e-06,-0.00010000000000002
0.4825,-0.037912063065438,0.57737298283364,0.61528504589908,0.99994454426034,0.99994362676683,0.99997590195837,0.99997588340847,1.8700614709998e-06,6.6978565350564e-23,-1.3505879282247e-05,-1.3563240990688e-05,0.0099965925382715,-4.2320913503861e-07,4.2453336636632e-07,-5.5634656826415e-06,-5.6044073201754e-06,-4.6796209627977e-06,0.90002903396168,0.90002820805733,2.5,2.5,-5.5790243187423e-06,-9.9999999999983e-05
0.485,-0.037912063065438,0.57737298283364,0.61528504589908,0.99994452897254,0.99994363035746,0.99997590350721,0.99997588533899,1.8315829167907e-06,6.5600408318564e-23,-1.3509186463043e-05,-1.3565367891733e-05,0.0099965915020186,-4.1450114551766e-07,4.1579812936294e-07,-5.5646263214201e-06,-5.6047255401104e-06,-4.6789122545365e-06,0.90002903243967,0.90002822352919,2.5,2.5,-5.5798648216154e-06,-0.00010000000000001
0.4875,-0.037912063065438,0.57737298283364,0.61528504589908,0.9999445139993,0.9999436338742,0.99997590502417,0.99997588722979,1.7938961007944e-06,6.4250608378969e-23,-1.3512425594968e-05,-1.356745102948e-05,0.0099965904870878,-4.0597233241003e-07,4.0724262939359e-07,-5.565763078791e-06,-5.6050372123253e-06,-4.6782181287238e-06,0.90002903094897,0.9000282386827,2.5,2.5,-5.5806880302253e-06,-9.9999999999983e-05
0.49,-0.037912063065438,0.57737298283364,0.61528504589908,0.99994449933415,0.99994363731859,0.99997590650993,0.99997588908168,1.7569847321286e-06,6.2928582051465e-23,-1.3515598078213e-05,-1.3569491304414e-05,0.0099965894930403,-3.9761900893872e-07,3.9886316816183e-07,-5.5668764461378e-06,-5.6053424715456e-06,-4.677538285311e-06,0.90002902948895,0.90002825352441,2.5,2.5,-5.5814943004206e-06,-0.00010000000000002
0.4925,-0.037912063065438,0.57737298283364,0.61528504589908,0.99994448497075,0.9999436406921,0.99997590796511,0.99997589089547,1.720832855125e-06,6.1633757846421e-23,-1.3518705284184e-05,-1.357148959845e-05,0.0099965885194464,-3.8943756420092e-07,3.9065612348659e-07,-5.5679669047396e-06,-5.6056414497213e-06,-4.6768724304161e-06,0.90002902805897,0.90002826806074,2.5,2.5,-5.5822839807267e-06,-9.9999999999997e-05
0.495,-0.037912063065438,0.57737298283364,0.61528504589908,0.99994447090289,0.9999436439962,0.99997590939035,0.99997589267194,1.6854248424342e-06,6.0365576049618e-23,-1.3521748555985e-05,-1.3573446775481e-05,0.0099965875658852,-3.8142446154987e-07,3.8261794769077e-07,-5.5690349259636e-06,-5.6059342760957e-06,-4.6762202762024e-06,0.90002902665842,0.90002828229797,2.5,2.5,-5.5830574124996e-06,-0.00010000000000001
0.4975,-0.037912063065438,0.57737298283364,0.61528504589908,0.9999444571245,0.99994364723231,0.99997591078627,0.99997589441185,1.6507453882051e-06,5.9123488499413e-23,-1.3524729209143e-05,-1.3575363681391e-05,0.0099965866319446,-3.7357623732311e-07,3.7474516615389e-07,-5.5700809714887e-06,-5.6062210772491e-06,-4.6755815407831e-06,0.90002902528668,0.90002829624225,2.5,2.5,-5.5838149300704e-06,-9.9999999999981e-05
0.5,-0.037912063065438,0.57737298283364,0.61528504589908,0.99994444362961,0.99994365040184,0.99997591215346,0.99997589611597,1.6167795015667e-06,5.7906958243516e-23,-1.352764853214e-05,-1.3577241144843e-05,0.0099965857172209,-3.658894988282e-07,3.6703437567429e-07,-5.5711054934838e-06,-5.6065019771566e-06,-4.6749559480376e-06,0.90002902394317,0.90002830989961,2.5,2.5,-5.5845568608911e-06,-0.00010000000000001
0.5025,-0.037912063065438,0.57737298283364,0.61528504589908,0.99994443041239,0.99994365350615,0.99997591349252,0.99997589778502,1.5835125001117e-06,5.6715459423853e-23,-1.353050778687e-05,-1.3579079977522e-05,0.0099965848213186,-3.583609233493e-07,3.5948224311261e-07,-5.5721089348229e-06,-5.6067770972403e-06,-4.6743432275471e-06,0.9000290226273,0.90002832327596,2.5,2.5,-5.5852835256759e-06,-9.999999999999e-05
0.505,-0.037912063065438,0.57737298283364,0.61528504589908,0.99994441746714,0.99994365654658,0.99997591480403,0.99997589941972,1.550930003468e-06,5.5548476986243e-23,-1.3533308209336e-05,-1.3580880974173e-05,0.0099965839438504,-3.5098725652285e-07,3.5208550391335e-07,-5.5730917292623e-06,-5.6070465564309e-06,-4.6737431144452e-06,0.90002902133851,0.90002833637708,2.5,2.5,-5.5859952385403e-06,-9.9999999999997e-05
0.5075,-0.037912063065438,0.57737298283364,0.61528504589908,0.99994440478824,0.99994365952446,0.99997591608855,0.9999759010208,1.5190179272441e-06,5.4405506502232e-23,-1.3536051009982e-05,-1.3582644913373e-05,0.0099965830844371,-3.4376531096313e-07,3.4484096069303e-07,-5.5740543016345e-06,-5.607310471203e-06,-4.6731553493324e-06,0.90002902007623,0.90002834920862,2.5,2.5,-5.5866923071363e-06,-0.00010000000000003
0.51,-0.037912063065438,0.57737298283364,0.61528504589908,0.99994439237023,0.99994366244106,0.99997591734665,0.99997590258892,1.4877624767674e-06,5.3286053867372e-23,-1.353873737458e-05,-1.3584372557538e-05,0.0099965822427072,-3.3669196476897e-07,3.3774548185822e-07,-5.5749970680308e-06,-5.607568955641e-06,-4.672579678119e-06,0.90002901883993,0.90002836177615,2.5,2.5,-5.5873750327857e-06,-9.9999999999973e-05
0.5125,-0.037912063065438,0.57737298283364,0.61528504589908,0.99994438020773,0.99994366529765,0.99997591857885,0.99997590412479,1.4571501412916e-06,5.2189635191107e-23,-1.3541368464295e-05,-1.3586064653583e-05,0.0099965814182968,-3.2976416040161e-07,3.3079600021629e-07,-5.5759204359777e-06,-5.6078221214802e-06,-4.6720158519729e-06,0.90002901762907,0.90002837408508,2.5,2.5,-5.5880437106105e-06,-0.0001
0.515,-0.037912063065438,0.57737298283364,0.61528504589908,0.99994436829549,0.99994366809546,0.99997591978571,0.99997590562905,1.4271676879908e-06,5.1115776533167e-23,-1.3543945416446e-05,-1.3587721932927e-05,0.0099965806108496,-3.2297890316887e-07,3.2398951175582e-07,-5.576824804622e-06,-5.6080700781551e-06,-4.6714636271653e-06,0.90002901644312,0.90002838614075,2.5,2.5,-5.5886986296594e-06,-0.00010000000000001
0.5175,-0.037912063065438,0.57737298283364,0.61528504589908,0.99994435662835,0.9999436708357,0.99997592096773,0.99997590710236,1.3978021563691e-06,5.0064013688153e-23,-1.3546469345006e-05,-1.3589345111904e-05,0.0099965798200164,-3.1633325999612e-07,3.1732307421352e-07,-5.5777105648975e-06,-5.6083129328522e-06,-4.6709227649828e-06,0.90002901528157,0.90002839794835,2.5,2.5,-5.5893400730349e-06,-9.9999999999999e-05
0.52,-0.037912063065438,0.57737298283364,0.61528504589908,0.99994434520128,0.99994367351957,0.99997592212542,0.99997590854535,1.3690408525972e-06,4.9033892010395e-23,-1.3548941340961e-05,-1.3590934892194e-05,0.0099965790454555,-3.0982435820577e-07,3.1079380590803e-07,-5.5785780996893e-06,-5.6085507905486e-06,-4.6703930316321e-06,0.90002901414393,0.900028409513,2.5,2.5,-5.5899683180135e-06,-9.9999999999998e-05
0.5225,-0.037912063065438,0.57737298283364,0.61528504589908,0.99994433400933,0.9999436761482,0.9999759232593,0.99997590995865,1.3408713439948e-06,4.8024966202193e-23,-1.3551362472939e-05,-1.3592491961072e-05,0.0099965782868321,-3.0344938413316e-07,3.0439888439357e-07,-5.5794277840057e-06,-5.6087837540632e-06,-4.6698741981206e-06,0.90002901302969,0.9000284208397,2.5,2.5,-5.5905836361663e-06,-9.9999999999995e-05
0.525,-0.037912063065438,0.57737298283364,0.61528504589908,0.99994432304767,0.99994367872275,0.99997592436985,0.99997591134287,1.313281453783e-06,4.703680015169e-23,-1.3553733787465e-05,-1.3594016991561e-05,0.0099965775438181,-2.9720558211657e-07,2.9813554537103e-07,-5.5802599851431e-06,-5.6090119241002e-06,-4.6693660401782e-06,0.90002901193838,0.90002843193334,2.5,2.5,-5.5911862934773e-06,-0.00010000000000001
0.5275,-0.037912063065438,0.57737298283364,0.61528504589908,0.99994431231156,0.99994368124433,0.99997592545754,0.99997591269861,1.2862592556383e-06,4.6068966688828e-23,-1.3556056309629e-05,-1.3595510642817e-05,0.0099965768160925,-2.9109025311889e-07,2.9200108138033e-07,-5.5810750628312e-06,-5.6092353992878e-06,-4.6688683381345e-06,0.90002901086952,0.90002844279871,2.5,2.5,-5.5917765504566e-06,-0.0001
0.53,-0.037912063065438,0.57737298283364,0.61528504589908,0.99994430179636,0.99994368371402,0.99997592652286,0.99997591402646,1.2597930686619e-06,4.5121047456087e-23,-1.3558331043356e-05,-1.3596973560623e-05,0.0099965761033406,-2.8510075374267e-07,2.8599284070456e-07,-5.5818733694085e-06,-5.609454276233e-06,-4.6683808768562e-06,0.90002900982266,0.90002845344052,2.5,2.5,-5.592354662255e-06,-9.9999999999997e-05
0.5325,-0.037912063065438,0.57737298283364,0.61528504589908,0.99994429149752,0.9999436861329,0.99997592756626,0.99997591532698,1.2338714523802e-06,4.4192632696195e-23,-1.3560558971966e-05,-1.3598406377236e-05,0.0099965754052543,-2.7923449481565e-07,2.8010822611142e-07,-5.5826552499588e-06,-5.6096686495432e-06,-4.667903445627e-06,0.90002900879733,0.90002846386336,2.5,2.5,-5.5929208787727e-06,-0.00010000000000001
0.535,-0.037912063065438,0.57737298283364,0.61528504589908,0.99994428141058,0.999943688502,0.99997592858818,0.99997591660074,1.2084832016055e-06,4.3283321080385e-23,-1.3562741058499e-05,-1.3599809712141e-05,0.009996574721532,-2.7348894051124e-07,2.743446938612e-07,-5.5834210424615e-06,-5.6098786118889e-06,-4.6674358380587e-06,0.90002900779311,0.90002847407174,2.5,2.5,-5.5934754447678e-06,-9.9999999999985e-05
0.5375,-0.037912063065438,0.57737298283364,0.61528504589908,0.9999442715312,0.99994369082236,0.99997592958908,0.9999759178483,1.1836173417901e-06,4.2392719560875e-23,-1.3564878246205e-05,-1.3601184171903e-05,0.009996574051878,-2.6786160733599e-07,2.6869975259551e-07,-5.5841710779484e-06,-5.6100842540328e-06,-4.6669778520341e-06,0.90002900680955,0.90002848407007,2.5,2.5,-5.594018599963e-06,-0.00010000000000001
0.54,-0.037912063065438,0.57737298283364,0.61528504589908,0.9999442618551,0.99994369309497,0.99997593056939,0.99997591907018,1.1592631241476e-06,4.1520443118146e-23,-1.356697145899e-05,-1.360253035067e-05,0.0099965733960028,-2.6235006263366e-07,2.6317096215124e-07,-5.5849056806392e-06,-5.610285664864e-06,-4.6665292895708e-06,0.90002900584622,0.90002849386268,2.5,2.5,-5.5945505791477e-06,-9.9999999999993e-05
0.5425,-0.037912063065438,0.57737298283364,0.61528504589908,0.99994425237809,0.99994369532082,0.99997593152952,0.99997592026692,1.135410021098e-06,4.0666114714623e-23,-1.3569021601602e-05,-1.3603848830316e-05,0.009996572753623,-2.5695192395951e-07,2.5775593258898e-07,-5.585625168077e-06,-5.610482931448e-06,-4.6660899567607e-06,0.90002900490272,0.90002850345379,2.5,2.5,-5.5950716122802e-06,-0.0001
0.545,-0.037912063065438,0.57737298283364,0.61528504589908,0.99994424309608,0.99994369750088,0.9999759324699,0.99997592143904,1.1120477216774e-06,3.9829365061131e-23,-1.3571029560287e-05,-1.360514018078e-05,0.0099965721244609,-2.5166485793071e-07,2.5245232317565e-07,-5.5863298512763e-06,-5.6106761390576e-06,-4.6656596637137e-06,0.90002900397863,0.90002851284755,2.5,2.5,-5.5955819245884e-06,-9.9999999999991e-05
0.5475,-0.037912063065438,0.57737298283364,0.61528504589908,0.99994423400506,0.99994369963607,0.99997593339093,0.99997592258704,1.0891661270145e-06,3.9009832439188e-23,-1.3572996203042e-05,-1.3606404960318e-05,0.0099965715082444,-2.4648657901473e-07,2.4725784130549e-07,-5.5870200348493e-06,-5.6108653712076e-06,-4.665238224414e-06,0.90002900307355,0.90002852204803,2.5,2.5,-5.5960817366638e-06,-0.00010000000000002
0.55,-0.037912063065438,0.57737298283364,0.61528504589908,0.9999442251011,0.99994370172733,0.999975934293,0.99997592371142,1.066755346131e-06,3.8207162586836e-23,-1.3574922380007e-05,-1.3607643715699e-05,0.0099965709047073,-2.4141484879234e-07,2.4217024155527e-07,-5.5876960171432e-06,-5.6110507097004e-06,-4.6648254566794e-06,0.9000290021871,0.9000285310592,2.5,2.5,-5.5965712645606e-06,-9.9999999999985e-05
0.5525,-0.037912063065438,0.57737298283364,0.61528504589908,0.99994421638034,0.99994370377557,0.99997593517652,0.99997592481267,1.0448056915184e-06,3.7421008541121e-23,-1.3576808923771e-05,-1.3608856982267e-05,0.0099965703135886,-2.3644747503726e-07,2.3718732474163e-07,-5.5883580903649e-06,-5.6112322346544e-06,-4.6644211820949e-06,0.90002900131888,0.90002853988495,2.5,2.5,-5.5970507198874e-06,-9.9999999999998e-05
0.555,-0.037912063065438,0.57737298283364,0.61528504589908,0.99994420783903,0.99994370578165,0.99997593604186,0.99997592589125,1.0233076749553e-06,3.665103048255e-23,-1.3578656649836e-05,-1.3610045284566e-05,0.0099965697346328,-2.3158231034931e-07,2.3230693686198e-07,-5.589006540707e-06,-5.6114100245307e-06,-4.6640252259001e-06,0.90002900046854,0.90002854852911,2.5,2.5,-5.5975203098978e-06,-9.9999999999994e-05
0.5575,-0.037912063065438,0.57737298283364,0.61528504589908,0.99994419947346,0.99994370774646,0.99997593688939,0.99997592694764,1.0022520035503e-06,3.5896895565868e-23,-1.3580466356893e-05,-1.3611209136234e-05,0.0099965691675897,-2.2681725179186e-07,2.2752696829839e-07,-5.5896416484773e-06,-5.6115841561883e-06,-4.6636374169399e-06,0.90002899963568,0.9000285569954,2.5,2.5,-5.5979802375818e-06,-0.00010000000000001
0.56,-0.037912063065438,0.57737298283364,0.61528504589908,0.99994419128002,0.99994370967085,0.99997593771948,0.9999759279823,9.8162957552511e-07,3.5158277786023e-23,-1.3582238827245e-05,-1.3612349040415e-05,0.0099965686122141,-2.2215023945133e-07,2.2284535277749e-07,-5.5902636882119e-06,-5.611754704898e-06,-4.6632575875689e-06,0.90002899881997,0.90002856528749,2.5,2.5,-5.5984307017518e-06,-0.00010000000000001
0.5625,-0.037912063065438,0.57737298283364,0.61528504589908,0.99994418325517,0.99994371155563,0.99997593853249,0.99997592899566,9.6143147649626e-07,3.4434857876403e-23,-1.358397482713e-05,-1.3613465489779e-05,0.009996568068266,-2.1757925600472e-07,2.1826006661086e-07,-5.5908729288012e-06,-5.6119217443808e-06,-4.6628855736029e-06,0.90002899802104,0.90002857340896,2.5,2.5,-5.5988718971304e-06,-9.9999999999983e-05
0.565,-0.037912063065438,0.57737298283364,0.61528504589908,0.99994417539544,0.99994371340163,0.99997593932878,0.99997592998818,9.4164897533034e-07,3.3726323124525e-23,-1.3585675106907e-05,-1.3614558967043e-05,0.0099965675355102,-2.1310232551459e-07,2.137691277153e-07,-5.5914696335992e-06,-5.6120853468424e-06,-4.6625212142276e-06,0.90002899723855,0.90002858136332,2.5,2.5,-5.5993040144328e-06,-0.00010000000000001
0.5675,-0.037912063065438,0.57737298283364,0.61528504589908,0.99994416769744,0.99994371520965,0.99997594010868,0.99997593096027,9.2227352072243e-07,3.3032367250716e-23,-1.3587340401566e-05,-1.3615629944796e-05,0.0099965670137164,-2.087175127625e-07,2.0937059477166e-07,-5.5920540605486e-06,-5.6122455830081e-06,-4.6621643519439e-06,0.90002899647216,0.90002858915401,2.5,2.5,-5.5997272404506e-06,-9.999999999999e-05
0.57,-0.037912063065438,0.57737298283364,0.61528504589908,0.99994416015783,0.99994371698047,0.99997594087253,0.99997593191236,9.0329673722401e-07,3.2352690265244e-23,-1.358897143097e-05,-1.3616678885996e-05,0.0099965665026591,-2.0442292235109e-07,2.050625664714e-07,-5.592626462275e-06,-5.6124025221385e-06,-4.6618148324951e-06,0.90002899572153,0.9000285967844,2.5,2.5,-5.6001417581315e-06,-0.00010000000000001
0.5725,-0.037912063065438,0.57737298283364,0.61528504589908,0.99994415277335,0.99994371871485,0.99997594162067,0.99997593284486,8.8471042174028e-07,3.168699837278e-23,-1.3590568900214e-05,-1.3617706244083e-05,0.0099965660021173,-2.0021669772813e-07,2.0084318050416e-07,-5.5931870862114e-06,-5.6125562320748e-06,-4.6614725047834e-06,0.90002899498636,0.90002860425779,2.5,2.5,-5.6005477466589e-06,-9.9999999999994e-05
0.575,-0.037912063065438,0.57737298283364,0.61528504589908,0.99994414554082,0.99994372041355,0.99997594235341,0.99997593375818,8.6650653996031e-07,3.1035003831265e-23,-1.3592133499747e-05,-1.3618712463178e-05,0.0099965655118748,-1.9609702086465e-07,1.9671061304995e-07,-5.593736174696e-06,-5.6127067792623e-06,-4.6611372208438e-06,0.90002899426631,0.9000286115774,2.5,2.5,-5.6009453815299e-06,-9.9999999999992e-05
0.5775,-0.037912063065438,0.57737298283364,0.61528504589908,0.99994413845711,0.99994372207729,0.99997594307107,0.9999759346527,8.4867722289423e-07,3.0396424778329e-23,-1.3593665905923e-05,-1.3619697978223e-05,0.0099965650317195,-1.9206211080665e-07,1.9266307765518e-07,-5.5942739650893e-06,-5.612854228777e-06,-4.6608088357369e-06,0.90002899356107,0.90002861874641,2.5,2.5,-5.6013348346295e-06,-0.0001
0.58,-0.037912063065438,0.57737298283364,0.61528504589908,0.99994413151915,0.9999437237068,0.99997594377397,0.99997593552881,8.3121476349056e-07,2.9770985192401e-23,-1.3595166781208e-05,-1.3620663215152e-05,0.0099965645614439,-1.8811022338352e-07,1.886988247011e-07,-5.5948006898573e-06,-5.6129986443573e-06,-4.6604872075084e-06,0.90002899287035,0.9000286257679,2.5,2.5,-5.6017162743069e-06,-0.00010000000000001
0.5825,-0.037912063065438,0.57737298283364,0.61528504589908,0.99994412472394,0.99994372530278,0.99997594446241,0.9999759363869,8.1411161323683e-07,2.9158414696394e-23,-1.3596636774296e-05,-1.3621608591396e-05,0.0099965641008448,-1.8423965037863e-07,1.8481614060014e-07,-5.5953165766899e-06,-5.6131400884283e-06,-4.6601721971279e-06,0.90002899219384,0.90002863264492,2.5,2.5,-5.602089865447e-06,-9.9999999999994e-05
0.585,-0.037912063065438,0.57737298283364,0.61528504589908,0.99994411806856,0.99994372686592,0.99997594513667,0.99997593722733,7.9736037893387e-07,2.8558448523539e-23,-1.3598076520732e-05,-1.362253451539e-05,0.009996563649723,-1.8044871868598e-07,1.8101334695668e-07,-5.5958218485888e-06,-5.6132786221344e-06,-4.6598636684377e-06,0.90002899153125,0.90002863938044,2.5,2.5,-5.6024557695419e-06,-0.0001
0.5875,-0.037912063065438,0.57737298283364,0.61528504589908,0.99994411155011,0.9999437283969,0.99997594579707,0.99997593805047,7.809538195672e-07,2.7970827300641e-23,-1.3599486642756e-05,-1.3623441387529e-05,0.0099965632078835,-1.7673578948204e-07,1.772887999314e-07,-5.5963167239668e-06,-5.6134143053589e-06,-4.6595614880566e-06,0.90002899088229,0.90002864597737,2.5,2.5,-5.6028141447611e-06,-9.9999999999996e-05
0.59,-0.037912063065438,0.57737298283364,0.61528504589908,0.9999441051658,0.99994372989638,0.99997594644388,0.99997593885667,7.6488484300969e-07,2.7395297024751e-23,-1.3600867750021e-05,-1.3624329599857e-05,0.0099965627751354,-1.7309925787658e-07,1.7364088952059e-07,-5.5968014167418e-06,-5.6135471967525e-06,-4.6592655253714e-06,0.90002899024669,0.90002865243856,2.5,2.5,-5.6031651460193e-06,-0.0001
0.5925,-0.037912063065438,0.57737298283364,0.61528504589908,0.99994409891284,0.999943731365,0.99997594707738,0.99997593964629,7.4914650322158e-07,2.6831608905497e-23,-1.3602220439488e-05,-1.3625199536086e-05,0.0099965623512915,-1.6953755184599e-07,1.7006803884352e-07,-5.5972761364383e-06,-5.6136773537608e-06,-4.6589756524349e-06,0.90002898962416,0.9000286587668,2.5,2.5,-5.6035089250438e-06,-9.9999999999997e-05
0.595,-0.037912063065438,0.57737298283364,0.61528504589908,0.99994409278855,0.99994373280341,0.99997594769784,0.99997594041965,7.3373199690105e-07,2.6279519293495e-23,-1.3603545295911e-05,-1.3626051572567e-05,0.0099965619361687,-1.6604913186186e-07,1.6656870349163e-07,-5.5977410882574e-06,-5.6138048326468e-06,-4.6586917439547e-06,0.90002898901444,0.90002866496483,2.5,2.5,-5.6038456304401e-06,-9.9999999999997e-05
0.5975,-0.037912063065438,0.57737298283364,0.61528504589908,0.99994408679027,0.99994373421221,0.99997594830554,0.99997594117711,7.1863466087839e-07,2.5738789520979e-23,-1.3604842891967e-05,-1.3626886077425e-05,0.0099965615295875,-1.6263248984204e-07,1.6314137074126e-07,-5.598196473184e-06,-5.6139296885146e-06,-4.6584136771978e-06,0.90002898841727,0.90002867103533,2.5,2.5,-5.6041754077554e-06,-9.9999999999989e-05
0.6,-0.037912063065438,0.57737298283364,0.61528504589908,0.99994408091541,0.99994373559203,0.99997594890073,0.99997594191898,7.0384796900784e-07,2.5209185863132e-23,-1.3606113788523e-05,-1.3627703411499e-05,0.0099965611313721,-1.5928614903223e-07,1.5978455913612e-07,-5.5986424880719e-06,-5.614051975338e-06,-4.6581413319701e-06,0.90002898783239,0.90002867698093,2.5,2.5,-5.6044983995429e-06,-0.0001
0.6025,-0.037912063065438,0.57737298283364,0.61528504589908,0.99994407516143,0.99994373694346,0.99997594948368,0.99997594264558,6.8936552942433e-07,2.4690479373277e-23,-1.3607358535016e-05,-1.362850392785e-05,0.0099965607413504,-1.5600866280243e-07,1.56496817568e-07,-5.5990793257151e-06,-5.6141717459771e-06,-4.6578745905444e-06,0.90002898725954,0.90002868280418,2.5,2.5,-5.604814745422e-06,-0.00010000000000001
0.605,-0.037912063065438,0.57737298283364,0.61528504589908,0.99994406952585,0.99994373826708,0.99997595005463,0.99997594335723,6.7518108185756e-07,2.4182445825316e-23,-1.3608577669541e-05,-1.3629287972835e-05,0.0099965603593539,-1.527986143852e-07,1.5327672486889e-07,-5.5995071749483e-06,-5.6142890522037e-06,-4.6576133376046e-06,0.90002898669848,0.90002868850762,2.5,2.5,-5.6051245821397e-06,-9.9999999999997e-05
0.6075,-0.037912063065438,0.57737298283364,0.61528504589908,0.99994406400623,0.99994373956347,0.99997595061383,0.99997594405424,6.6128849474632e-07,2.3684865639859e-23,-1.3609771718989e-05,-1.3630055885288e-05,0.0099965599852174,-1.4965461631251e-07,1.5012288909995e-07,-5.5999262207173e-06,-5.614403944727e-06,-4.6573574602439e-06,0.90002898614896,0.9000286940937,2.5,2.5,-5.6054280436292e-06,-9.9999999999992e-05
0.61,-0.037912063065438,0.57737298283364,0.61528504589908,0.99994405860018,0.99994374083318,0.99997595116153,0.99997594473691,6.4768176278932e-07,2.3197523685754e-23,-1.3610941199594e-05,-1.3630807996979e-05,0.0099965596187791,-1.4657530932861e-07,1.4703394693565e-07,-5.6003366441628e-06,-5.61451647321e-06,-4.657106847827e-06,0.90002898561075,0.90002869956485,2.5,2.5,-5.6057252610674e-06,-0.00010000000000001
0.6125,-0.037912063065438,0.57737298283364,0.61528504589908,0.99994405330536,0.99994374207677,0.99997595169796,0.99997594540553,6.3435500417084e-07,2.2720209346606e-23,-1.3612086616825e-05,-1.363154463324e-05,0.0099965592598807,-1.4355936251698e-07,1.4400856312519e-07,-5.6007386226974e-06,-5.6146266862987e-06,-4.6568613920416e-06,0.90002898508361,0.90002870492342,2.5,2.5,-5.6060163629329e-06,-9.9999999999992e-05
0.615,-0.037912063065438,0.57737298283364,0.61528504589908,0.99994404811949,0.99994374329477,0.99997595222335,0.9999759460604,6.2130245814916e-07,2.225271625317e-23,-1.3613208465885e-05,-1.3632266112399e-05,0.009996558908367,-1.4060547202998e-07,1.4104542988313e-07,-5.6011323300844e-06,-5.6147346316312e-06,-4.6566209867694e-06,0.90002898456732,0.90002871017173,2.5,2.5,-5.6063014750598e-06,-0.00010000000000001
0.6175,-0.037912063065438,0.57737298283364,0.61528504589908,0.99994404304033,0.9999437444877,0.99997595273793,0.99997594670179,6.0851848247954e-07,2.1794842345818e-23,-1.3614307231692e-05,-1.3632972746331e-05,0.0099965585640861,-1.377123611407e-07,1.3814326635232e-07,-5.601517936515e-06,-5.6148403558733e-06,-4.6563855280995e-06,0.90002898406165,0.90002871531205,2.5,2.5,-5.6065807206939e-06,-9.9999999999991e-05
0.62,-0.037912063065438,0.57737298283364,0.61528504589908,0.99994403806567,0.99994374565609,0.99997595324192,0.99997594732998,5.9599755108852e-07,2.1346389702078e-23,-1.3615383389166e-05,-1.3633664840448e-05,0.0099965582268891,-1.3487877912668e-07,1.3530081798052e-07,-5.6018956086721e-06,-5.6149439047219e-06,-4.656154914257e-06,0.90002898356639,0.9000287203466,2.5,2.5,-5.6068542205445e-06,-0.00010000000000001
0.6225,-0.037912063065438,0.57737298283364,0.61528504589908,0.99994403319338,0.99994374680044,0.99997595373554,0.99997594794524,5.8373425147917e-07,2.0907164459134e-23,-1.3616437403519e-05,-1.3634342693981e-05,0.0099965578966304,-1.3210350108521e-07,1.3251685607779e-07,-5.6022655098099e-06,-5.6150453229392e-06,-4.6559290455338e-06,0.90002898308132,0.90002872527756,2.5,2.5,-5.6071220928373e-06,-9.9999999999979e-05
0.625,-0.037912063065438,0.57737298283364,0.61528504589908,0.99994402842133,0.99994374792125,0.99997595421901,0.99997594854785,5.717232826518e-07,2.0476976743406e-23,-1.3617469730379e-05,-1.3635006600047e-05,0.0099965575731671,-1.2938532755621e-07,1.2979017726529e-07,-5.6026277998302e-06,-5.6151446543695e-06,-4.6557078243156e-06,0.90002898260623,0.90002873010706,2.5,2.5,-5.6073844533659e-06,-0.00010000000000002
0.6275,-0.037912063065438,0.57737298283364,0.61528504589908,0.99994402374748,0.99994374901899,0.99997595469252,0.99997594913806,5.5995945258832e-07,2.0055640612374e-23,-1.3618480815974e-05,-1.36356568454e-05,0.0099965572563594,-1.2672308329502e-07,1.271196028219e-07,-5.6029826353398e-06,-5.6152419419442e-06,-4.6554911549587e-06,0.90002898214091,0.90002873483719,2.5,2.5,-5.6076414155401e-06,-9.9999999999999e-05
0.63,-0.037912063065438,0.57737298283364,0.61528504589908,0.99994401916979,0.99994375009414,0.9999759551563,0.99997594971612,5.4843767619689e-07,1.9642973934311e-23,-1.3619471097404e-05,-1.3636293711294e-05,0.0099965569460703,-1.2411561768177e-07,1.2450397835753e-07,-5.6033301697199e-06,-5.6153372277226e-06,-4.6552789438137e-06,0.90002898168517,0.90002873946999,2.5,2.5,-5.6078930904375e-06,-0.00010000000000001
0.6325,-0.037912063065438,0.57737298283364,0.61528504589908,0.9999440146863,0.99994375114718,0.99997595561053,0.99997595028229,5.3715297288206e-07,1.9238798324007e-23,-1.3620441002729e-05,-1.3636917473017e-05,0.0099965566421658,-1.2156180348408e-07,1.2194217321854e-07,-5.6036705532024e-06,-5.6154305528911e-06,-4.655071099146e-06,0.90002898123881,0.90002874400747,2.5,2.5,-5.6081395868494e-06,-9.9999999999996e-05
0.635,-0.037912063065438,0.57737298283364,0.61528504589908,0.99994401029506,0.99994375217854,0.99997595605541,0.99997595083681,5.2610046464259e-07,1.884293906953e-23,-1.3621390951202e-05,-1.3637528400117e-05,0.0099965563445145,-1.1906053675871e-07,1.1943308000899e-07,-5.6040039329247e-06,-5.6155219577919e-06,-4.6548675311007e-06,0.90002898080163,0.90002874845158,2.5,2.5,-5.6083810113286e-06,-9.9999999999995e-05
0.6375,-0.037912063065438,0.57737298283364,0.61528504589908,0.99994400599418,0.99994375318868,0.99997595649115,0.99997595137992,5.1527537383794e-07,1.8455225045814e-23,-1.3622321353374e-05,-1.3638126756703e-05,0.0099965560529876,-1.166107364351e-07,1.1697561415301e-07,-5.6043304529912e-06,-5.6156114819393e-06,-4.6546681516997e-06,0.90002898037344,0.90002875280425,2.5,2.5,-5.6086174682362e-06,-0.0001
0.64,-0.037912063065438,0.57737298283364,0.61528504589908,0.99994400178179,0.99994375417804,0.99997595691791,0.99997595191185,5.0467302106605e-07,1.80754886682e-23,-1.3623232611548e-05,-1.3638712801458e-05,0.0099965557674593,-1.1421134332502e-07,1.1456871331036e-07,-5.6046502545563e-06,-5.6156991640273e-06,-4.6544728747416e-06,0.90002897995407,0.90002875706736,2.5,2.5,-5.608849059785e-06,-0.00010000000000001
0.6425,-0.037912063065438,0.57737298283364,0.61528504589908,0.99994399765607,0.99994375514704,0.99997595733589,0.99997595243284,4.9428882328487e-07,1.7703565772056e-23,-1.3624125119647e-05,-1.3639286787726e-05,0.009996555487806,-1.1186132038282e-07,1.1221133708342e-07,-5.6049634758515e-06,-5.6157850419627e-06,-4.654281615821e-06,0.90002897954333,0.90002876124276,2.5,2.5,-5.6090758860848e-06,-9.9999999999997e-05
0.645,-0.037912063065438,0.57737298283364,0.61528504589908,0.99994399361525,0.99994375609611,0.99997595774528,0.99997595294311,4.8411829168194e-07,1.7339295600163e-23,-1.3624999263346e-05,-1.3639848963577e-05,0.0099965552139068,-1.095596517192e-07,1.0990246645846e-07,-5.6052702522785e-06,-5.6158691528649e-06,-4.6540942922587e-06,0.90002897914103,0.90002876533223,2.5,2.5,-5.6092980451864e-06,-0.0001
0.6475,-0.037912063065438,0.57737298283364,0.61528504589908,0.99994398965757,0.99994375702564,0.99997595814624,0.99997595344288,4.7415702985529e-07,1.6982520699526e-23,-1.3625855420584e-05,-1.3640399572051e-05,0.0099965549456435,-1.0730534242022e-07,1.0764110334736e-07,-5.6055707164455e-06,-5.615951533094e-06,-4.6539108230931e-06,0.90002897874702,0.90002876933757,2.5,2.5,-5.609515633122e-06,-9.9999999999992e-05
0.65,-0.037912063065438,0.57737298283364,0.61528504589908,0.99994398578132,0.99994375793605,0.99997595853895,0.99997595393237,4.6440073187366e-07,1.6633086802441e-23,-1.362669396152e-05,-1.3640938851222e-05,0.0099965546828999,-1.0509741796915e-07,1.0542627026682e-07,-5.605864998236e-06,-5.6160322182597e-06,-4.6537311289953e-06,0.90002897836111,0.90002877326049,2.5,2.5,-5.6097287439488e-06,-0.0001
0.6525,-0.037912063065438,0.57737298283364,0.61528504589908,0.99994398198483,0.99994375882773,0.99997595892358,0.99997595441178,4.5484518033423e-07,1.6290842892554e-23,-1.3627515248494e-05,-1.3641467034014e-05,0.0099965544255626,-1.0293492398064e-07,1.0325700976677e-07,-5.606153224856e-06,-5.6161112432408e-06,-4.6535551323045e-06,0.90002897798314,0.90002877710269,2.5,2.5,-5.6099374697877e-06,-0.00010000000000001
0.655,-0.037912063065438,0.57737298283364,0.61528504589908,0.99994397826646,0.99994375970106,0.99997595930029,0.99997595488133,4.4548624470551e-07,1.5955641041363e-23,-1.3628319636632e-05,-1.3641984349011e-05,0.0099965541735203,-1.0081692562145e-07,1.0113238417103e-07,-5.6064355209e-06,-5.6161886421945e-06,-4.6533827569326e-06,0.90002897761295,0.90002878086583,2.5,2.5,-5.6101419008647e-06,-9.999999999999e-05
0.6575,-0.037912063065438,0.57737298283364,0.61528504589908,0.9999439746246,0.99994376055641,0.99997595966926,0.99997595534122,4.3631987939665e-07,1.5627336330868e-23,-1.3629107473588e-05,-1.364249101955e-05,0.009996553926664,-9.8742507459186e-08,9.9051475078697e-08,-5.6067120083937e-06,-5.6162644485817e-06,-4.6532139283786e-06,0.90002897725038,0.90002878455154,2.5,2.5,-5.6103421255496e-06,-9.9999999999996e-05
0.66,-0.037912063065438,0.57737298283364,0.61528504589908,0.99994397105767,0.99994376139417,0.99997596003063,0.99997595579165,4.2734212202228e-07,1.5305786832287e-23,-1.3629879099948e-05,-1.364298726488e-05,0.0099965536848871,-9.6710772676489e-08,9.7013382968767e-08,-5.6069828068568e-06,-5.6163386951704e-06,-4.6530485736492e-06,0.90002897689527,0.90002878816142,2.5,2.5,-5.6105382303932e-06,-0.0001
0.6625,-0.037912063065438,0.57737298283364,0.61528504589908,0.99994396756414,0.9999437622147,0.99997596038457,0.99997595623281,4.1854909182207e-07,1.4990853580827e-23,-1.3630634849242e-05,-1.3643473299463e-05,0.009996553448085,-9.4720843065933e-08,9.501722680199e-08,-5.6072480333463e-06,-5.6164114140552e-06,-4.6528866212809e-06,0.90002897654746,0.90002879169702,2.5,2.5,-5.6107303001659e-06,-9.9999999999994e-05
0.665,-0.037912063065438,0.57737298283364,0.61528504589908,0.99994396414248,0.99994376301833,0.99997596073122,0.99997595666489,4.0993698778422e-07,1.4682400411016e-23,-1.3631375048227e-05,-1.3643949333252e-05,0.0099965532161554,-9.2771858409616e-08,9.306214375541e-08,-5.6075078025116e-06,-5.6164826366692e-06,-4.6527280012517e-06,0.90002897620681,0.90002879515987,2.5,2.5,-5.6109184178933e-06,-9.9999999999996e-05
0.6675,-0.037912063065438,0.57737298283364,0.61528504589908,0.99994396079124,0.99994376380544,0.99997596107074,0.99997595708808,4.0150208718517e-07,1.4380294024138e-23,-1.3632100016722e-05,-1.3644415572115e-05,0.0099965529889979,-9.0862976275757e-08,9.114728864831e-08,-5.6077622266433e-06,-5.6165523937993e-06,-4.652572645009e-06,0.90002897587317,0.90002879855146,2.5,2.5,-5.6111026648935e-06,-0.00010000000000001
0.67,-0.037912063065438,0.57737298283364,0.61528504589908,0.99994395750895,0.99994376457634,0.99997596140328,0.99997595750256,3.9324074388817e-07,1.4084403784153e-23,-1.3632810068233e-05,-1.3644872217651e-05,0.0099965527665145,-8.899337140654e-08,8.9271833770108e-08,-5.6080114157197e-06,-5.6166207156013e-06,-4.6524204853872e-06,0.9000289755464,0.90002880187328,2.5,2.5,-5.6112831208107e-06,-9.9999999999996e-05
0.6725,-0.037912063065438,0.57737298283364,0.61528504589908,0.99994395429419,0.99994376533139,0.99997596172897,0.99997595790852,3.8514938672015e-07,1.3794601824634e-23,-1.3633505509685e-05,-1.3645319467275e-05,0.0099965525486089,-8.7162235779515e-08,8.7434968457045e-08,-5.608255477459e-06,-5.6166876316078e-06,-4.652271456619e-06,0.90002897522634,0.90002880512674,2.5,2.5,-5.6114598636506e-06,-0.0001
0.675,-0.037912063065438,0.57737298283364,0.61528504589908,0.99994395114559,0.9999437660709,0.99997596204796,0.99997595830612,3.7722451806488e-07,1.3510762840459e-23,-1.363418664165e-05,-1.3645757514107e-05,0.009996552335187,-8.5368777687204e-08,8.5635898608148e-08,-5.6084945173644e-06,-5.6167531707433e-06,-4.6521254942746e-06,0.90002897491288,0.90002880831326,2.5,2.5,-5.6116329698137e-06,-9.9999999999996e-05
0.6775,-0.037912063065438,0.57737298283364,0.61528504589908,0.99994394806177,0.99994376679519,0.99997596236039,0.99997595869554,3.694627121967e-07,1.3232764155805e-23,-1.3634853758579e-05,-1.3646186547777e-05,0.0099965521261564,-8.3612221985275e-08,8.3873846591541e-08,-5.6087286387605e-06,-5.61681736134e-06,-4.6519825352687e-06,0.90002897460586,0.90002881143421,2.5,2.5,-5.6118025141288e-06,-0.00010000000000001
0.68,-0.037912063065438,0.57737298283364,0.61528504589908,0.9999439450414,0.99994376750458,0.99997596266639,0.99997595907694,3.6186061396543e-07,1.2960485606488e-23,-1.3635507148898e-05,-1.3646606753514e-05,0.0099965519214269,-8.1891809345317e-08,8.2148050739794e-08,-5.6089579428538e-06,-5.616880231145e-06,-4.6518425177987e-06,0.90002897430516,0.90002881449094,2.5,2.5,-5.6119685698847e-06,-9.9999999999998e-05
0.6825,-0.037912063065438,0.57737298283364,0.61528504589908,0.99994394208318,0.99994376819937,0.99997596296609,0.9999759594505,3.5441493719737e-07,1.2693809480253e-23,-1.3636147094929e-05,-1.3647018313159e-05,0.0099965517209099,-8.020679603598e-08,8.0457764999867e-08,-5.609182528766e-06,-5.6169418073354e-06,-4.6517053813403e-06,0.90002897401065,0.90002881748478,2.5,2.5,-5.6121312088622e-06,-0.0001
0.685,-0.037912063065438,0.57737298283364,0.61528504589908,0.99994393918583,0.99994376887987,0.99997596325963,0.99997595981638,3.4712246334524e-07,1.2432620506391e-23,-1.3636773873386e-05,-1.3647421404447e-05,0.0099965515245188,-7.8556453755488e-08,7.8802258743138e-08,-5.6094024935796e-06,-5.6170021165295e-06,-4.6515710666153e-06,0.9000289737222,0.90002882041702,2.5,2.5,-5.6122905013657e-06,-0.0001
0.6875,-0.037912063065438,0.57737298283364,0.61528504589908,0.99994393634809,0.99994376954637,0.99997596354712,0.99997596017472,3.399800400896e-07,1.2176805789317e-23,-1.3637387755196e-05,-1.3647816201642e-05,0.0099965513321686,-7.6940069059034e-08,7.718081633842e-08,-5.6096179323759e-06,-5.6170611847946e-06,-4.651439515562e-06,0.90002897343968,0.90002882328892,2.5,2.5,-5.6124465162519e-06,-9.9999999999991e-05
0.69,-0.037912063065438,0.57737298283364,0.61528504589908,0.99994393356875,0.99994377019915,0.9999759638287,0.99997596052569,3.329845799981e-07,1.1926254726873e-23,-1.3637989005747e-05,-1.3648202875561e-05,0.0099965511437762,-7.5356943192399e-08,7.5592736847559e-08,-5.6098289382817e-06,-5.6171190376671e-06,-4.6513106713172e-06,0.90002897316298,0.90002882610174,2.5,2.5,-5.6125993209616e-06,-0.0001
0.6925,-0.037912063065438,0.57737298283364,0.61528504589908,0.99994393084659,0.9999437708385,0.99997596410449,0.99997596086944,3.2613305911278e-07,1.1680859015848e-23,-1.363857788491e-05,-1.3648581593173e-05,0.0099965509592602,-7.3806391928264e-08,7.4037333860881e-08,-5.6100356025146e-06,-5.6171757001544e-06,-4.6511844781788e-06,0.90002897289197,0.90002882885667,2.5,2.5,-5.6127489815481e-06,-0.0001
0.695,-0.037912063065438,0.57737298283364,0.61528504589908,0.99994392818044,0.99994377146469,0.9999759643746,0.99997596120612,3.1942251575037e-07,1.1440512612633e-23,-1.3639154647172e-05,-1.3648952518314e-05,0.0099965507785409,-7.2287744921229e-08,7.2513934979685e-08,-5.6102380144038e-06,-5.6172311967467e-06,-4.6510608816058e-06,0.90002897262653,0.90002883155492,2.5,2.5,-5.6128955627046e-06,-9.999999999999e-05
0.6975,-0.037912063065438,0.57737298283364,0.61528504589908,0.99994392556915,0.999943772078,0.99997596463916,0.99997596153587,3.1285004914271e-07,1.1205111589904e-23,-1.3639719542042e-05,-1.364931581123e-05,0.00999655060154,-7.0800345741278e-08,7.1021881686464e-08,-5.6104362614475e-06,-5.6172855514387e-06,-4.6509398281642e-06,0.90002897236656,0.90002883419765,2.5,2.5,-5.6130391277941e-06,-0.00010000000000001
0.7,-0.037912063065438,0.57737298283364,0.61528504589908,0.99994392301159,0.99994377267869,0.99997596489827,0.99997596185884,3.0641281817934e-07,1.0974554202704e-23,-1.3640272813514e-05,-1.3649671629001e-05,0.0099965504281811,-6.9343551395812e-08,6.9560528998519e-08,-5.6106304293442e-06,-5.6173387877217e-06,-4.6508212655315e-06,0.90002897211194,0.900028836786,2.5,2.5,-5.6131797388752e-06,-0.00010000000000002
0.7025,-0.037912063065438,0.57737298283364,0.61528504589908,0.99994392050666,0.99994377326702,0.99997596515205,0.99997596217515,3.0010804028548e-07,1.0748740778232e-23,-1.3640814700813e-05,-1.3650020125479e-05,0.0099965502583893,-6.7916732210761e-08,6.8129245260407e-08,-5.6108206020209e-06,-5.6173909286102e-06,-4.6507051424539e-06,0.90002897186256,0.9000288393211,2.5,2.5,-5.6133174567298e-06,-9.9999999999976e-05
0.705,-0.037912063065438,0.57737298283364,0.61528504589908,0.99994391805327,0.99994377384325,0.99997596540061,0.99997596248497,2.9393299007179e-07,1.0527573713268e-23,-1.3641345438201e-05,-1.3650361451154e-05,0.0099965500920911,-6.6519271378562e-08,6.6727411744571e-08,-5.61100686169e-06,-5.6174419966433e-06,-4.650591408734e-06,0.9000289716183,0.90002884180403,2.5,2.5,-5.6134523408897e-06,-9.999999999999e-05
0.7075,-0.037912063065438,0.57737298283364,0.61528504589908,0.99994391565036,0.99994377440761,0.99997596564405,0.9999759627884,2.8788499822887e-07,1.0310957403603e-23,-1.3641865255075e-05,-1.3650695753732e-05,0.0099965499292147,-6.5150564807477e-08,6.5354422463165e-08,-5.6111892888604e-06,-5.6174920138945e-06,-4.6504800152084e-06,0.90002897137908,0.90002884423587,2.5,2.5,-5.6135844496606e-06,-0.00010000000000001
0.71,-0.037912063065438,0.57737298283364,0.61528504589908,0.99994391329689,0.99994377496037,0.99997596588248,0.99997596308559,2.8196145043164e-07,1.0098798198763e-23,-1.3642374376179e-05,-1.3651023177729e-05,0.0099965497696897,-6.3810020898527e-08,6.4009683961196e-08,-5.6113679623959e-06,-5.6175410019894e-06,-4.650370913726e-06,0.90002897114477,0.90002884661768,2.5,2.5,-5.6137138401497e-06,-0.00010000000000001
0.7125,-0.037912063065438,0.57737298283364,0.61528504589908,0.99994391099185,0.99994377550175,0.99997596611601,0.99997596337667,2.7615978609689e-07,9.8910044234415e-24,-1.3642873021567e-05,-1.3651343864572e-05,0.009996549613447,-6.2497060134397e-08,6.2692614900427e-08,-5.6115429595282e-06,-5.6175889821001e-06,-4.6502640571313e-06,0.90002897091529,0.90002884895048,2.5,2.5,-5.6138405682881e-06,-9.9999999999996e-05
0.715,-0.037912063065438,0.57737298283364,0.61528504589908,0.99994390873424,0.99994377603199,0.99997596634474,0.99997596366176,2.7047749731436e-07,9.6874862146299e-24,-1.3643361406742e-05,-1.3651657952885e-05,0.0099965494604192,-6.1211114979501e-08,6.140264598491e-08,-5.6117143559019e-06,-5.6176359749665e-06,-4.6501593992249e-06,0.90002897069053,0.90002885123527,2.5,2.5,-5.6139646888571e-06,-9.9999999999999e-05
0.7175,-0.037912063065438,0.57737298283364,0.61528504589908,0.99994390652308,0.99994377655133,0.99997596656875,0.99997596394098,2.6491212784801e-07,9.4881556230021e-24,-1.3643839742857e-05,-1.3651965578535e-05,0.0099965493105402,-5.9951629494214e-08,6.0139219568936e-08,-5.6118822256104e-06,-5.6176820009034e-06,-4.650056894763e-06,0.90002897047039,0.90002885347306,2.5,2.5,-5.6140862555098e-06,-0.0001
0.72,-0.037912063065438,0.57737298283364,0.61528504589908,0.99994390435741,0.99994377705997,0.99997596678816,0.99997596421446,2.5946127188764e-07,9.2929264769863e-24,-1.3644308236727e-05,-1.3652266874492e-05,0.009996549163745,-5.8718059358396e-08,5.8901789549826e-08,-5.6120466412163e-06,-5.6177270798068e-06,-4.649956499448e-06,0.90002897025478,0.9000288556648,2.5,2.5,-5.6142053207964e-06,-0.0001
0.7225,-0.037912063065438,0.57737298283364,0.61528504589908,0.99994390223631,0.99994377755815,0.99997596700305,0.99997596448231,2.5412257325987e-07,9.1017143805253e-24,-1.3644767090815e-05,-1.3652561970897e-05,0.0099965490199703,-5.7509871248558e-08,5.7689820983072e-08,-5.6122076737903e-06,-5.6177712311631e-06,-4.6498581698757e-06,0.90002897004361,0.90002885781144,2.5,2.5,-5.6143219361846e-06,-9.9999999999997e-05
0.725,-0.037912063065438,0.57737298283364,0.61528504589908,0.99994390015885,0.99994377804608,0.99997596721352,0.99997596474465,2.4889372418415e-07,8.9144366816787e-24,-1.3645216503463e-05,-1.3652850995377e-05,0.009996548879154,-5.6326542922465e-08,5.6502790008317e-08,-5.6123653929437e-06,-5.6178144740566e-06,-4.6497618635394e-06,0.90002896983679,0.90002885991391,2.5,2.5,-5.6144361520842e-06,-9.9999999999998e-05
0.7275,-0.037912063065438,0.57737298283364,0.61528504589908,0.99994389812414,0.99994377852397,0.99997596741967,0.99997596500159,2.4377246436721e-07,8.7310124247239e-24,-1.3645656668953e-05,-1.3653134072876e-05,0.0099965487412351,-5.5167562887792e-08,5.5340183479478e-08,-5.6125198668543e-06,-5.6178568271801e-06,-4.649667538814e-06,0.90002896963422,0.90002886197313,2.5,2.5,-5.6145480178669e-06,-0.0001
0.73,-0.037912063065438,0.57737298283364,0.61528504589908,0.99994389613129,0.99994377899203,0.99997596762156,0.99997596525324,2.3875658005166e-07,8.551362326515e-24,-1.3646087777567e-05,-1.3653411325805e-05,0.009996548606154,-5.4032430114158e-08,5.4201498852922e-08,-5.6126711622969e-06,-5.6178983088423e-06,-4.6495751549245e-06,0.90002896943581,0.90002886398997,2.5,2.5,-5.6146575818892e-06,-9.9999999999992e-05
0.7325,-0.037912063065438,0.57737298283364,0.61528504589908,0.99994389417945,0.99994377945046,0.99997596781931,0.99997596549972,2.3384390305192e-07,8.3754087120388e-24,-1.3646510015689e-05,-1.365368287387e-05,0.0099965484738523,-5.2920653919378e-08,5.3086243900054e-08,-5.6128193446691e-06,-5.6179389369742e-06,-4.649484671928e-06,0.90002896924149,0.90002886596531,2.5,2.5,-5.6147648915122e-06,-0.00010000000000001
0.735,-0.037912063065438,0.57737298283364,0.61528504589908,0.99994389226777,0.99994377989945,0.99997596801299,0.99997596574112,2.2903230970497e-07,8.2030755482379e-24,-1.3646923565742e-05,-1.3653948834573e-05,0.009996548344273,-5.1831753765447e-08,5.1993936543972e-08,-5.6129644780271e-06,-5.617978729138e-06,-4.6493960507194e-06,0.90002896905117,0.90002886790001,2.5,2.5,-5.6148699931226e-06,-9.9999999999997e-05
0.7375,-0.037912063065438,0.57737298283364,0.61528504589908,0.99994389039542,0.99994378033921,0.99997596820268,0.99997596597756,2.2431972014962e-07,8.0342883197211e-24,-1.364732860656e-05,-1.3654209322824e-05,0.0099965482173598,-5.0765258895495e-08,5.0924104581109e-08,-5.6131066251096e-06,-5.6180177025342e-06,-4.6493092529918e-06,0.90002896886477,0.9000288697949,2.5,2.5,-5.614972932153e-06,-9.9999999999999e-05
0.74,-0.037912063065438,0.57737298283364,0.61528504589908,0.9999438885616,0.99994378076991,0.99997596838846,0.99997596620913,2.1970409727299e-07,7.868974073623e-24,-1.3647725313216e-05,-1.3654464451283e-05,0.0099965480930581,-4.9720708343118e-08,4.9876285608314e-08,-5.6132458473589e-06,-5.6180558740112e-06,-4.6492242412202e-06,0.9000289686822,0.9000288716508,2.5,2.5,-5.6150737531004e-06,-9.9999999999996e-05
0.7425,-0.037912063065438,0.57737298283364,0.61528504589908,0.99994388676552,0.99994378119176,0.99997596857043,0.99997596643594,2.1518344587311e-07,7.7070613543153e-24,-1.3648113857274e-05,-1.3654714330179e-05,0.0099965479713139,-4.8697650522505e-08,4.8850026629207e-08,-5.6133822049592e-06,-5.618093260068e-06,-4.6491409786558e-06,0.90002896850338,0.90002887346851,2.5,2.5,-5.6151724995469e-06,-0.00010000000000001
0.745,-0.037912063065438,0.57737298283364,0.61528504589908,0.99994388500639,0.99994378160492,0.99997596874865,0.99997596665808,2.1075581178618e-07,7.5484801588676e-24,-1.3648494406496e-05,-1.3654959067525e-05,0.0099965478520748,-4.7695643290917e-08,4.7844884051362e-08,-5.6135157568547e-06,-5.6181298768649e-06,-4.6490594293196e-06,0.90002896832825,0.90002887524883,2.5,2.5,-5.6152692141776e-06,-9.9999999999989e-05
0.7475,-0.037912063065438,0.57737298283364,0.61528504589908,0.99994388328345,0.99994378200959,0.9999759689232,0.99997596687565,2.0641928113645e-07,7.3931619429831e-24,-1.3648867125593e-05,-1.3655198769146e-05,0.0099965477352892,-4.6714253373922e-08,4.6860423391788e-08,-5.6136465607729e-06,-5.6181657402317e-06,-4.6489795579395e-06,0.90002896815672,0.90002887699251,2.5,2.5,-5.6153639387994e-06,-0.00010000000000001
0.75,-0.037912063065438,0.57737298283364,0.61528504589908,0.99994388159597,0.99994378240592,0.99997596909417,0.99997596708874,2.0217197931431e-07,7.2410395739937e-24,-1.3649232175581e-05,-1.3655433538625e-05,0.0099965476209065,-4.5753056658352e-08,4.5896219081696e-08,-5.6137746732594e-06,-5.6182008656713e-06,-4.6489013299945e-06,0.90002896798872,0.90002887870031,2.5,2.5,-5.6154567143587e-06,-9.9999999999994e-05
