
[36m
*** Info ***
'execute_on' parameter specified in [Outputs] block is ignored for object 'checkpoint'.
Define this object in its own sub-block of [Outputs] to modify its execution schedule.[39m
Framework Information:
MOOSE Version:           git commit abafb58b on 2026-02-20
LibMesh Version:         
PETSc Version:           3.24.4
SLEPc Version:           3.24.0
Current Time:            Sun Sep 20 14:47:35 2026
Executable Timestamp:    Sun Sep 20 14:26:45 2026

Input File(s):
  /home/jfoster/projects/research/reactive_transport/anisotropic-biot-tensor/.agent-runtime/moose-fe-goal-2026-09-20/implementation/runs/anisotropic_45/input.i

Command Line Argument(s):
  --n-threads=1

Command Line Input Argument(s):
  Outputs/file_base=/home/jfoster/projects/research/reactive_transport/anisotropic-biot-tensor/.agent-runtime/moose-fe-goal-2026-09-20/implementation/runs/anisotropic_45/solution

Checkpoint:
  Wall Time Interval:      Every 3600 s
  User Checkpoint:         Disabled
  # Checkpoints Kept:      2
  Execute On:              TIMESTEP_END 

Parallelism:
  Num Processors:          1
  Num Threads:             1

Mesh: 
  Parallel Type:           replicated
  Mesh Dimension:          2
  Spatial Dimension:       2
  Nodes:                   297
  Elems:                   64
  Num Subdomains:          1

Nonlinear System:
  Num DOFs:                679
  Num Local DOFs:          679
  Variables:               { "ux" "uy" } "p" 
  Finite Element Types:    "LAGRANGE" "LAGRANGE" 
  Approximation Orders:    "SECOND" "FIRST" 

Auxiliary System:
  Num DOFs:                958
  Num Local DOFs:          958
  Variables:               { "J" "Jbar" "solid_fraction" "stability" "energy" "B12" "sigma11" "sigma22" 
                             "sigma12" } "mass_reaction" "force_reaction" 
  Finite Element Types:    "MONOMIAL" "LAGRANGE" "LAGRANGE" 
  Approximation Orders:    "CONSTANT" "FIRST" "SECOND" 

Execution Information:
  Executioner:             Transient
  TimeStepper:             ConstantDT
  TimeIntegrator(s):       ImplicitEuler
  Solver Mode:             Preconditioned JFNK 
  PETSc Preconditioner:    lu 
  MOOSE Preconditioner:    SMP 
[31mLEGACY MODES ENABLED:[39m
 This application uses the legacy material output option: material properties are output only on TIMESTEP_END, not INITIAL. To remove this message, set 'use_legacy_material_output' to false in this application. If there are gold output files that contain material property output for which output occurs on INITIAL, then these will generate diffs due to zero values being stored, and these tests should be re-golded.
[39m
[31mLEGACY MODES ENABLED:[39m
 This application uses the legacy initial residual evaluation behavior. The legacy behavior performs an often times redundant residual evaluation before the solution modifying objects are executed prior to the initial (0th nonlinear iteration) residual evaluation. The new behavior skips that redundant residual evaluation unless the parameter Executioner/use_pre_smo_residual is set to true. To remove this message and enable the new behavior, set the parameter 'use_legacy_initial_residual_evaluation_behavior' to false in *App.C. Some tests that rely on the side effects of the legacy behavior may fail/diff and should be re-golded.
[39m

Time Step 0, time = 0

Postprocessor Values:
+----------------+----------------+----------------+----------------+----------------+----------------+----------------+
| time           | J_max          | J_min          | Jbar_max       | Jbar_min       | center_pressure| edge_ux        |
+----------------+----------------+----------------+----------------+----------------+----------------+----------------+
|   0.000000e+00 |   1.000000e+00 |   1.000000e+00 |   1.000000e+00 |   1.000000e+00 |   0.000000e+00 |   0.000000e+00 |
+----------------+----------------+----------------+----------------+----------------+----------------+----------------+
+----------------+----------------+----------------+------------------+----------------+----------------+
| time           | mass           | mass_reaction  | outflow_gradient | platen_max     | platen_min     |
+----------------+----------------+----------------+------------------+----------------+----------------+
|   0.000000e+00 |   1.600000e-01 |   0.000000e+00 |     0.000000e+00 |   0.000000e+00 |   0.000000e+00 |
+----------------+----------------+----------------+------------------+----------------+----------------+
+----------------+--------------------+--------------------+----------------+----------------+----------------+
| time           | solid_fraction_max | solid_fraction_min | stability_max  | stability_min  | top_reaction   |
+----------------+--------------------+--------------------+----------------+----------------+----------------+
|   0.000000e+00 |       6.000000e-01 |       6.000000e-01 |   2.800000e+01 |   2.800000e+01 |   0.000000e+00 |
+----------------+--------------------+--------------------+----------------+----------------+----------------+

Warning, Exodus files cannot have titles longer than 80 characters.  Your title will be truncated.

Time Step 1, time = 0.001, dt = 0.001
 * Nonlinear |R| = [32m7.000000e-01[39m (Before preset BCs, predictors, correctors, and constraints)
 0 Nonlinear |R| = [32m7.000000e-01[39m
      0 Linear |R| = [32m7.000000e-01[39m
      1 Linear |R| = [32m6.099411e-01[39m
      2 Linear |R| = [32m1.339046e-02[39m
      3 Linear |R| = [32m3.528503e-03[39m
      4 Linear |R| = [32m4.745225e-04[39m
      5 Linear |R| = [32m1.833071e-04[39m
      6 Linear |R| = [32m7.794688e-05[39m
      7 Linear |R| = [32m3.191533e-05[39m
      8 Linear |R| = [32m5.244733e-06[39m
      9 Linear |R| = [32m1.647004e-06[39m
     10 Linear |R| = [32m7.060361e-07[39m
     11 Linear |R| = [32m3.281272e-08[39m
     12 Linear |R| = [32m3.113349e-08[39m
     13 Linear |R| = [32m1.200231e-08[39m
     14 Linear |R| = [32m8.585013e-10[39m
     15 Linear |R| = [32m2.497940e-10[39m
 1 Nonlinear |R| = [32m1.519505e-02[39m
      0 Linear |R| = [32m1.519505e-02[39m
      1 Linear |R| = [32m1.439627e-02[39m
      2 Linear |R| = [32m6.080656e-03[39m
      3 Linear |R| = [32m2.989766e-04[39m
      4 Linear |R| = [32m7.903926e-05[39m
      5 Linear |R| = [32m7.223922e-06[39m
      6 Linear |R| = [32m3.801499e-06[39m
      7 Linear |R| = [32m1.482187e-06[39m
      8 Linear |R| = [32m6.367193e-07[39m
      9 Linear |R| = [32m6.936279e-08[39m
     10 Linear |R| = [32m3.331410e-08[39m
     11 Linear |R| = [32m1.381977e-08[39m
     12 Linear |R| = [32m6.719830e-10[39m
     13 Linear |R| = [32m5.245594e-10[39m
     14 Linear |R| = [32m1.931546e-10[39m
     15 Linear |R| = [32m1.798359e-11[39m
     16 Linear |R| = [32m3.654910e-12[39m
 2 Nonlinear |R| = [32m6.712509e-06[39m
      0 Linear |R| = [32m6.712509e-06[39m
      1 Linear |R| = [32m6.079912e-06[39m
      2 Linear |R| = [32m2.106215e-06[39m
      3 Linear |R| = [32m1.314957e-07[39m
      4 Linear |R| = [32m3.474143e-08[39m
      5 Linear |R| = [32m2.384736e-09[39m
      6 Linear |R| = [32m1.712377e-09[39m
      7 Linear |R| = [32m7.139441e-10[39m
      8 Linear |R| = [32m2.965933e-10[39m
      9 Linear |R| = [32m1.752076e-11[39m
     10 Linear |R| = [32m1.515582e-11[39m
     11 Linear |R| = [32m6.381192e-12[39m
     12 Linear |R| = [32m2.930960e-13[39m
     13 Linear |R| = [32m1.298183e-13[39m
     14 Linear |R| = [32m8.472773e-14[39m
     15 Linear |R| = [32m7.783905e-15[39m
     16 Linear |R| = [32m1.585613e-15[39m
 3 Nonlinear |R| = [32m5.412189e-12[39m
[32m Solve Converged![39m

Outlier Variable Residual Norms:
  uy: [33m4.674392e-12[39m

Postprocessor Values:
+----------------+----------------+----------------+----------------+----------------+----------------+----------------+
| time           | J_max          | J_min          | Jbar_max       | Jbar_min       | center_pressure| edge_ux        |
+----------------+----------------+----------------+----------------+----------------+----------------+----------------+
|   0.000000e+00 |   1.000000e+00 |   1.000000e+00 |   1.000000e+00 |   1.000000e+00 |   0.000000e+00 |   0.000000e+00 |
|   1.000000e-03 |   9.911065e-01 |   9.876009e-01 |   9.942198e-01 |   9.937972e-01 |   1.039941e-01 |   1.104204e-02 |
+----------------+----------------+----------------+----------------+----------------+----------------+----------------+
+----------------+----------------+----------------+------------------+----------------+----------------+
| time           | mass           | mass_reaction  | outflow_gradient | platen_max     | platen_min     |
+----------------+----------------+----------------+------------------+----------------+----------------+
|   0.000000e+00 |   1.600000e-01 |   0.000000e+00 |     0.000000e+00 |   0.000000e+00 |   0.000000e+00 |
|   1.000000e-03 |   1.595054e-01 |  -4.946061e-01 |     3.124538e-01 |  -2.973988e-03 |  -2.973988e-03 |
+----------------+----------------+----------------+------------------+----------------+----------------+
+----------------+--------------------+--------------------+----------------+----------------+----------------+
| time           | solid_fraction_max | solid_fraction_min | stability_max  | stability_min  | top_reaction   |
+----------------+--------------------+--------------------+----------------+----------------+----------------+
|   0.000000e+00 |       6.000000e-01 |       6.000000e-01 |   2.800000e+01 |   2.800000e+01 |   0.000000e+00 |
|   1.000000e-03 |       6.040059e-01 |       6.016289e-01 |   2.806028e+01 |   2.800433e+01 |  -7.000000e-01 |
+----------------+--------------------+--------------------+----------------+----------------+----------------+


Time Step 2, time = 0.002, dt = 0.001
 * Nonlinear |R| = [32m7.035619e-01[39m (Before preset BCs, predictors, correctors, and constraints)
 0 Nonlinear |R| = [32m7.035619e-01[39m
      0 Linear |R| = [32m7.035619e-01[39m
      1 Linear |R| = [32m6.214070e-01[39m
      2 Linear |R| = [32m9.765840e-02[39m
      3 Linear |R| = [32m1.341666e-02[39m
      4 Linear |R| = [32m3.549072e-03[39m
      5 Linear |R| = [32m1.803621e-04[39m
      6 Linear |R| = [33m1.793631e-04[39m
      7 Linear |R| = [32m8.060184e-05[39m
      8 Linear |R| = [32m3.224798e-05[39m
      9 Linear |R| = [32m1.659019e-06[39m
     10 Linear |R| = [32m1.451872e-06[39m
     11 Linear |R| = [32m5.887017e-07[39m
     12 Linear |R| = [32m3.253869e-08[39m
     13 Linear |R| = [32m1.429419e-08[39m
     14 Linear |R| = [32m1.080782e-08[39m
     15 Linear |R| = [32m8.454193e-10[39m
     16 Linear |R| = [32m1.796520e-10[39m
 1 Nonlinear |R| = [32m1.483060e-02[39m
      0 Linear |R| = [32m1.483060e-02[39m
      1 Linear |R| = [32m1.395374e-02[39m
      2 Linear |R| = [32m5.831119e-03[39m
      3 Linear |R| = [32m2.750210e-04[39m
      4 Linear |R| = [32m7.281240e-05[39m
      5 Linear |R| = [32m6.235033e-06[39m
      6 Linear |R| = [32m3.368508e-06[39m
      7 Linear |R| = [32m1.366657e-06[39m
      8 Linear |R| = [32m5.811574e-07[39m
      9 Linear |R| = [32m6.090600e-08[39m
     10 Linear |R| = [32m2.916246e-08[39m
     11 Linear |R| = [32m1.170221e-08[39m
     12 Linear |R| = [32m6.109357e-10[39m
     13 Linear |R| = [32m4.438501e-10[39m
     14 Linear |R| = [32m1.539349e-10[39m
     15 Linear |R| = [32m1.669097e-11[39m
     16 Linear |R| = [32m2.796672e-12[39m
 2 Nonlinear |R| = [32m6.282593e-06[39m
      0 Linear |R| = [32m6.282593e-06[39m
      1 Linear |R| = [32m5.732930e-06[39m
      2 Linear |R| = [32m1.999253e-06[39m
      3 Linear |R| = [32m1.155271e-07[39m
      4 Linear |R| = [32m3.056827e-08[39m
      5 Linear |R| = [32m2.146791e-09[39m
      6 Linear |R| = [32m1.472638e-09[39m
      7 Linear |R| = [32m6.482079e-10[39m
      8 Linear |R| = [32m2.642875e-10[39m
      9 Linear |R| = [32m2.880411e-11[39m
     10 Linear |R| = [32m1.227121e-11[39m
     11 Linear |R| = [32m4.896623e-12[39m
     12 Linear |R| = [32m2.567800e-13[39m
     13 Linear |R| = [32m1.883883e-13[39m
     14 Linear |R| = [32m6.439067e-14[39m
     15 Linear |R| = [32m7.047131e-15[39m
     16 Linear |R| = [32m1.159727e-15[39m
 3 Nonlinear |R| = [32m4.156914e-12[39m
[32m Solve Converged![39m

Outlier Variable Residual Norms:
  uy: [33m3.591885e-12[39m

Postprocessor Values:
+----------------+----------------+----------------+----------------+----------------+----------------+----------------+
| time           | J_max          | J_min          | Jbar_max       | Jbar_min       | center_pressure| edge_ux        |
+----------------+----------------+----------------+----------------+----------------+----------------+----------------+
|   0.000000e+00 |   1.000000e+00 |   1.000000e+00 |   1.000000e+00 |   1.000000e+00 |   0.000000e+00 |   0.000000e+00 |
|   1.000000e-03 |   9.911065e-01 |   9.876009e-01 |   9.942198e-01 |   9.937972e-01 |   1.039941e-01 |   1.104204e-02 |
|   2.000000e-03 |   9.823821e-01 |   9.754155e-01 |   9.885942e-01 |   9.877208e-01 |   2.069427e-01 |   2.142199e-02 |
+----------------+----------------+----------------+----------------+----------------+----------------+----------------+
+----------------+----------------+----------------+------------------+----------------+----------------+
| time           | mass           | mass_reaction  | outflow_gradient | platen_max     | platen_min     |
+----------------+----------------+----------------+------------------+----------------+----------------+
|   0.000000e+00 |   1.600000e-01 |   0.000000e+00 |     0.000000e+00 |   0.000000e+00 |   0.000000e+00 |
|   1.000000e-03 |   1.595054e-01 |  -4.946061e-01 |     3.124538e-01 |  -2.973988e-03 |  -2.973988e-03 |
|   2.000000e-03 |   1.587956e-01 |  -7.097626e-01 |     5.159005e-01 |  -5.856958e-03 |  -5.856958e-03 |
+----------------+----------------+----------------+------------------+----------------+----------------+
+----------------+--------------------+--------------------+----------------+----------------+----------------+
| time           | solid_fraction_max | solid_fraction_min | stability_max  | stability_min  | top_reaction   |
+----------------+--------------------+--------------------+----------------+----------------+----------------+
|   0.000000e+00 |       6.000000e-01 |       6.000000e-01 |   2.800000e+01 |   2.800000e+01 |   0.000000e+00 |
|   1.000000e-03 |       6.040059e-01 |       6.016289e-01 |   2.806028e+01 |   2.800433e+01 |  -7.000000e-01 |
|   2.000000e-03 |       6.080489e-01 |       6.032607e-01 |   2.811922e+01 |   2.800722e+01 |  -1.400000e+00 |
+----------------+--------------------+--------------------+----------------+----------------+----------------+


Time Step 3, time = 0.003, dt = 0.001
 * Nonlinear |R| = [32m1.019987e-01[39m (Before preset BCs, predictors, correctors, and constraints)
 0 Nonlinear |R| = [32m1.019987e-01[39m
      0 Linear |R| = [32m1.019987e-01[39m
      1 Linear |R| = [32m1.654079e-02[39m
      2 Linear |R| = [32m1.415166e-02[39m
      3 Linear |R| = [32m2.933175e-04[39m
      4 Linear |R| = [32m8.116175e-05[39m
      5 Linear |R| = [32m6.143842e-05[39m
      6 Linear |R| = [32m1.712968e-05[39m
      7 Linear |R| = [32m6.852682e-06[39m
      8 Linear |R| = [32m1.303943e-06[39m
      9 Linear |R| = [32m7.707994e-07[39m
     10 Linear |R| = [32m1.139085e-07[39m
     11 Linear |R| = [32m4.646332e-08[39m
     12 Linear |R| = [32m2.396741e-09[39m
     13 Linear |R| = [33m2.384901e-09[39m
     14 Linear |R| = [32m1.028934e-09[39m
     15 Linear |R| = [32m3.870743e-11[39m
 1 Nonlinear |R| = [32m2.088976e-04[39m
      0 Linear |R| = [32m2.088976e-04[39m
      1 Linear |R| = [32m1.498580e-05[39m
      2 Linear |R| = [32m1.190896e-06[39m
      3 Linear |R| = [32m3.145432e-07[39m
      4 Linear |R| = [32m1.061663e-07[39m
      5 Linear |R| = [32m1.003886e-07[39m
      6 Linear |R| = [32m4.412105e-08[39m
      7 Linear |R| = [32m9.223075e-09[39m
      8 Linear |R| = [32m2.059127e-09[39m
      9 Linear |R| = [32m1.774817e-09[39m
     10 Linear |R| = [32m2.975659e-10[39m
     11 Linear |R| = [32m8.944279e-11[39m
     12 Linear |R| = [32m6.661122e-12[39m
     13 Linear |R| = [33m6.479950e-12[39m
     14 Linear |R| = [32m2.505778e-12[39m
     15 Linear |R| = [32m8.984805e-14[39m
 2 Nonlinear |R| = [32m9.841586e-10[39m
      0 Linear |R| = [32m9.841586e-10[39m
      1 Linear |R| = [32m8.383176e-11[39m
      2 Linear |R| = [32m3.501948e-11[39m
      3 Linear |R| = [32m2.021594e-12[39m
      4 Linear |R| = [32m7.611920e-13[39m
      5 Linear |R| = [32m6.549207e-13[39m
      6 Linear |R| = [32m3.653822e-13[39m
      7 Linear |R| = [32m5.060426e-14[39m
      8 Linear |R| = [32m1.362940e-14[39m
      9 Linear |R| = [32m7.388120e-15[39m
     10 Linear |R| = [32m4.267531e-15[39m
     11 Linear |R| = [32m8.426536e-16[39m
     12 Linear |R| = [32m8.985604e-17[39m
     13 Linear |R| = [32m8.243279e-17[39m
     14 Linear |R| = [32m2.637459e-17[39m
     15 Linear |R| = [32m1.178923e-18[39m
     16 Linear |R| = [32m5.118590e-19[39m
 3 Nonlinear |R| = [32m2.525034e-14[39m
[32m Solve Converged![39m

Outlier Variable Residual Norms:
  uy: [33m2.131002e-14[39m

Postprocessor Values:
+----------------+----------------+----------------+----------------+----------------+----------------+----------------+
| time           | J_max          | J_min          | Jbar_max       | Jbar_min       | center_pressure| edge_ux        |
+----------------+----------------+----------------+----------------+----------------+----------------+----------------+
|   0.000000e+00 |   1.000000e+00 |   1.000000e+00 |   1.000000e+00 |   1.000000e+00 |   0.000000e+00 |   0.000000e+00 |
|   1.000000e-03 |   9.911065e-01 |   9.876009e-01 |   9.942198e-01 |   9.937972e-01 |   1.039941e-01 |   1.104204e-02 |
|   2.000000e-03 |   9.823821e-01 |   9.754155e-01 |   9.885942e-01 |   9.877208e-01 |   2.069427e-01 |   2.142199e-02 |
|   3.000000e-03 |   9.821754e-01 |   9.750610e-01 |   9.884981e-01 |   9.876049e-01 |   2.080557e-01 |   2.080872e-02 |
+----------------+----------------+----------------+----------------+----------------+----------------+----------------+
+----------------+----------------+----------------+------------------+----------------+----------------+
| time           | mass           | mass_reaction  | outflow_gradient | platen_max     | platen_min     |
+----------------+----------------+----------------+------------------+----------------+----------------+
|   0.000000e+00 |   1.600000e-01 |   0.000000e+00 |     0.000000e+00 |   0.000000e+00 |   0.000000e+00 |
|   1.000000e-03 |   1.595054e-01 |  -4.946061e-01 |     3.124538e-01 |  -2.973988e-03 |  -2.973988e-03 |
|   2.000000e-03 |   1.587956e-01 |  -7.097626e-01 |     5.159005e-01 |  -5.856958e-03 |  -5.856958e-03 |
|   3.000000e-03 |   1.583874e-01 |  -4.082130e-01 |     3.816707e-01 |  -5.913538e-03 |  -5.913538e-03 |
+----------------+----------------+----------------+------------------+----------------+----------------+
+----------------+--------------------+--------------------+----------------+----------------+----------------+
| time           | solid_fraction_max | solid_fraction_min | stability_max  | stability_min  | top_reaction   |
+----------------+--------------------+--------------------+----------------+----------------+----------------+
|   0.000000e+00 |       6.000000e-01 |       6.000000e-01 |   2.800000e+01 |   2.800000e+01 |   0.000000e+00 |
|   1.000000e-03 |       6.040059e-01 |       6.016289e-01 |   2.806028e+01 |   2.800433e+01 |  -7.000000e-01 |
|   2.000000e-03 |       6.080489e-01 |       6.032607e-01 |   2.811922e+01 |   2.800722e+01 |  -1.400000e+00 |
|   3.000000e-03 |       6.082106e-01 |       6.033168e-01 |   2.811983e+01 |   2.800534e+01 |  -1.400000e+00 |
+----------------+--------------------+--------------------+----------------+----------------+----------------+


Time Step 4, time = 0.004, dt = 0.001
 * Nonlinear |R| = [32m6.007462e-02[39m (Before preset BCs, predictors, correctors, and constraints)
 0 Nonlinear |R| = [32m6.007462e-02[39m
      0 Linear |R| = [32m6.007462e-02[39m
      1 Linear |R| = [32m1.322315e-02[39m
      2 Linear |R| = [32m1.151230e-02[39m
      3 Linear |R| = [32m2.353896e-04[39m
      4 Linear |R| = [32m6.401136e-05[39m
      5 Linear |R| = [32m4.610519e-05[39m
      6 Linear |R| = [32m1.053144e-05[39m
      7 Linear |R| = [32m4.908597e-06[39m
      8 Linear |R| = [32m9.122080e-07[39m
      9 Linear |R| = [32m4.209506e-07[39m
     10 Linear |R| = [32m4.191127e-08[39m
     11 Linear |R| = [32m1.643323e-08[39m
     12 Linear |R| = [32m1.014691e-09[39m
     13 Linear |R| = [33m9.762488e-10[39m
     14 Linear |R| = [32m2.837259e-10[39m
     15 Linear |R| = [32m2.160657e-11[39m
 1 Nonlinear |R| = [32m8.089313e-05[39m
      0 Linear |R| = [32m8.089313e-05[39m
      1 Linear |R| = [32m8.279866e-06[39m
      2 Linear |R| = [32m1.180415e-06[39m
      3 Linear |R| = [32m1.649973e-07[39m
      4 Linear |R| = [32m5.277932e-08[39m
      5 Linear |R| = [32m4.928267e-08[39m
      6 Linear |R| = [32m2.009732e-08[39m
      7 Linear |R| = [32m4.805787e-09[39m
      8 Linear |R| = [32m9.979751e-10[39m
      9 Linear |R| = [32m7.772216e-10[39m
     10 Linear |R| = [32m6.253911e-11[39m
     11 Linear |R| = [32m2.601059e-11[39m
     12 Linear |R| = [32m1.427505e-12[39m
     13 Linear |R| = [32m1.295865e-12[39m
     14 Linear |R| = [32m5.132551e-13[39m
     15 Linear |R| = [32m2.320930e-14[39m
 2 Nonlinear |R| = [32m2.472539e-10[39m
      0 Linear |R| = [32m2.472539e-10[39m
      1 Linear |R| = [32m4.074114e-11[39m
      2 Linear |R| = [32m3.662990e-11[39m
      3 Linear |R| = [32m8.212002e-13[39m
      4 Linear |R| = [32m2.325046e-13[39m
      5 Linear |R| = [32m1.994802e-13[39m
      6 Linear |R| = [32m1.231977e-13[39m
      7 Linear |R| = [32m2.069456e-14[39m
      8 Linear |R| = [32m5.597980e-15[39m
      9 Linear |R| = [32m2.694138e-15[39m
     10 Linear |R| = [32m2.087243e-15[39m
     11 Linear |R| = [32m2.990084e-16[39m
     12 Linear |R| = [32m3.410656e-17[39m
     13 Linear |R| = [32m2.618368e-17[39m
     14 Linear |R| = [32m9.862796e-18[39m
     15 Linear |R| = [32m4.515808e-19[39m
     16 Linear |R| = [32m1.744216e-19[39m
 3 Nonlinear |R| = [32m2.380757e-14[39m
[32m Solve Converged![39m

Outlier Variable Residual Norms:
  uy: [33m2.071853e-14[39m

Postprocessor Values:
+----------------+----------------+----------------+----------------+----------------+----------------+----------------+
| time           | J_max          | J_min          | Jbar_max       | Jbar_min       | center_pressure| edge_ux        |
+----------------+----------------+----------------+----------------+----------------+----------------+----------------+
|   0.000000e+00 |   1.000000e+00 |   1.000000e+00 |   1.000000e+00 |   1.000000e+00 |   0.000000e+00 |   0.000000e+00 |
|   1.000000e-03 |   9.911065e-01 |   9.876009e-01 |   9.942198e-01 |   9.937972e-01 |   1.039941e-01 |   1.104204e-02 |
|   2.000000e-03 |   9.823821e-01 |   9.754155e-01 |   9.885942e-01 |   9.877208e-01 |   2.069427e-01 |   2.142199e-02 |
|   3.000000e-03 |   9.821754e-01 |   9.750610e-01 |   9.884981e-01 |   9.876049e-01 |   2.080557e-01 |   2.080872e-02 |
|   4.000000e-03 |   9.819696e-01 |   9.748097e-01 |   9.884157e-01 |   9.875154e-01 |   2.079012e-01 |   2.031187e-02 |
+----------------+----------------+----------------+----------------+----------------+----------------+----------------+
+----------------+----------------+----------------+------------------+----------------+----------------+
| time           | mass           | mass_reaction  | outflow_gradient | platen_max     | platen_min     |
+----------------+----------------+----------------+------------------+----------------+----------------+
|   0.000000e+00 |   1.600000e-01 |   0.000000e+00 |     0.000000e+00 |   0.000000e+00 |   0.000000e+00 |
|   1.000000e-03 |   1.595054e-01 |  -4.946061e-01 |     3.124538e-01 |  -2.973988e-03 |  -2.973988e-03 |
|   2.000000e-03 |   1.587956e-01 |  -7.097626e-01 |     5.159005e-01 |  -5.856958e-03 |  -5.856958e-03 |
|   3.000000e-03 |   1.583874e-01 |  -4.082130e-01 |     3.816707e-01 |  -5.913538e-03 |  -5.913538e-03 |
|   4.000000e-03 |   1.580568e-01 |  -3.305949e-01 |     3.159525e-01 |  -5.959348e-03 |  -5.959348e-03 |
+----------------+----------------+----------------+------------------+----------------+----------------+
+----------------+--------------------+--------------------+----------------+----------------+----------------+
| time           | solid_fraction_max | solid_fraction_min | stability_max  | stability_min  | top_reaction   |
+----------------+--------------------+--------------------+----------------+----------------+----------------+
|   0.000000e+00 |       6.000000e-01 |       6.000000e-01 |   2.800000e+01 |   2.800000e+01 |   0.000000e+00 |
|   1.000000e-03 |       6.040059e-01 |       6.016289e-01 |   2.806028e+01 |   2.800433e+01 |  -7.000000e-01 |
|   2.000000e-03 |       6.080489e-01 |       6.032607e-01 |   2.811922e+01 |   2.800722e+01 |  -1.400000e+00 |
|   3.000000e-03 |       6.082106e-01 |       6.033168e-01 |   2.811983e+01 |   2.800534e+01 |  -1.400000e+00 |
|   4.000000e-03 |       6.083163e-01 |       6.033886e-01 |   2.811970e+01 |   2.800442e+01 |  -1.400000e+00 |
+----------------+--------------------+--------------------+----------------+----------------+----------------+


Time Step 5, time = 0.005, dt = 0.001
 * Nonlinear |R| = [32m4.452416e-02[39m (Before preset BCs, predictors, correctors, and constraints)
 0 Nonlinear |R| = [32m4.452416e-02[39m
      0 Linear |R| = [32m4.452416e-02[39m
      1 Linear |R| = [32m1.134609e-02[39m
      2 Linear |R| = [32m9.959798e-03[39m
      3 Linear |R| = [32m2.028375e-04[39m
      4 Linear |R| = [32m5.459591e-05[39m
      5 Linear |R| = [32m3.867792e-05[39m
      6 Linear |R| = [32m7.003707e-06[39m
      7 Linear |R| = [32m3.661302e-06[39m
      8 Linear |R| = [32m7.007489e-07[39m
      9 Linear |R| = [32m4.491688e-07[39m
     10 Linear |R| = [32m3.475076e-08[39m
     11 Linear |R| = [32m1.427747e-08[39m
     12 Linear |R| = [32m7.369495e-10[39m
     13 Linear |R| = [33m7.025678e-10[39m
     14 Linear |R| = [32m1.877967e-10[39m
     15 Linear |R| = [32m1.477349e-11[39m
 1 Nonlinear |R| = [32m4.587295e-05[39m
      0 Linear |R| = [32m4.587295e-05[39m
      1 Linear |R| = [32m5.558700e-06[39m
      2 Linear |R| = [32m9.955965e-07[39m
      3 Linear |R| = [32m1.073409e-07[39m
      4 Linear |R| = [32m3.285619e-08[39m
      5 Linear |R| = [32m3.037949e-08[39m
      6 Linear |R| = [32m1.122405e-08[39m
      7 Linear |R| = [32m3.031292e-09[39m
      8 Linear |R| = [32m5.876334e-10[39m
      9 Linear |R| = [32m4.470741e-10[39m
     10 Linear |R| = [32m5.461440e-11[39m
     11 Linear |R| = [32m1.832584e-11[39m
     12 Linear |R| = [32m7.003486e-13[39m
     13 Linear |R| = [32m6.247820e-13[39m
     14 Linear |R| = [32m2.323498e-13[39m
     15 Linear |R| = [32m1.157097e-14[39m
 2 Nonlinear |R| = [32m1.075650e-10[39m
      0 Linear |R| = [32m1.075650e-10[39m
      1 Linear |R| = [32m1.392274e-11[39m
      2 Linear |R| = [32m3.701491e-12[39m
      3 Linear |R| = [32m4.533924e-13[39m
      4 Linear |R| = [32m1.819541e-13[39m
      5 Linear |R| = [32m1.130341e-13[39m
      6 Linear |R| = [32m8.885747e-14[39m
      7 Linear |R| = [32m9.413984e-15[39m
      8 Linear |R| = [32m2.790138e-15[39m
      9 Linear |R| = [32m1.291727e-15[39m
     10 Linear |R| = [32m1.197678e-15[39m
     11 Linear |R| = [32m1.312353e-16[39m
     12 Linear |R| = [32m1.996734e-17[39m
     13 Linear |R| = [32m1.212524e-17[39m
     14 Linear |R| = [32m3.778695e-18[39m
     15 Linear |R| = [32m2.010061e-19[39m
     16 Linear |R| = [32m7.828646e-20[39m
 3 Nonlinear |R| = [32m2.816415e-14[39m
[32m Solve Converged![39m

Outlier Variable Residual Norms:
  uy: [33m2.465585e-14[39m

Postprocessor Values:
+----------------+----------------+----------------+----------------+----------------+----------------+----------------+
| time           | J_max          | J_min          | Jbar_max       | Jbar_min       | center_pressure| edge_ux        |
+----------------+----------------+----------------+----------------+----------------+----------------+----------------+
|   0.000000e+00 |   1.000000e+00 |   1.000000e+00 |   1.000000e+00 |   1.000000e+00 |   0.000000e+00 |   0.000000e+00 |
|   1.000000e-03 |   9.911065e-01 |   9.876009e-01 |   9.942198e-01 |   9.937972e-01 |   1.039941e-01 |   1.104204e-02 |
|   2.000000e-03 |   9.823821e-01 |   9.754155e-01 |   9.885942e-01 |   9.877208e-01 |   2.069427e-01 |   2.142199e-02 |
|   3.000000e-03 |   9.821754e-01 |   9.750610e-01 |   9.884981e-01 |   9.876049e-01 |   2.080557e-01 |   2.080872e-02 |
|   4.000000e-03 |   9.819696e-01 |   9.748097e-01 |   9.884157e-01 |   9.875154e-01 |   2.079012e-01 |   2.031187e-02 |
|   5.000000e-03 |   9.817465e-01 |   9.746065e-01 |   9.883425e-01 |   9.874430e-01 |   2.065221e-01 |   1.988159e-02 |
+----------------+----------------+----------------+----------------+----------------+----------------+----------------+
+----------------+----------------+----------------+------------------+----------------+----------------+
| time           | mass           | mass_reaction  | outflow_gradient | platen_max     | platen_min     |
+----------------+----------------+----------------+------------------+----------------+----------------+
|   0.000000e+00 |   1.600000e-01 |   0.000000e+00 |     0.000000e+00 |   0.000000e+00 |   0.000000e+00 |
|   1.000000e-03 |   1.595054e-01 |  -4.946061e-01 |     3.124538e-01 |  -2.973988e-03 |  -2.973988e-03 |
|   2.000000e-03 |   1.587956e-01 |  -7.097626e-01 |     5.159005e-01 |  -5.856958e-03 |  -5.856958e-03 |
|   3.000000e-03 |   1.583874e-01 |  -4.082130e-01 |     3.816707e-01 |  -5.913538e-03 |  -5.913538e-03 |
|   4.000000e-03 |   1.580568e-01 |  -3.305949e-01 |     3.159525e-01 |  -5.959348e-03 |  -5.959348e-03 |
|   5.000000e-03 |   1.577706e-01 |  -2.862272e-01 |     2.763210e-01 |  -5.999000e-03 |  -5.999000e-03 |
+----------------+----------------+----------------+------------------+----------------+----------------+
+----------------+--------------------+--------------------+----------------+----------------+----------------+
| time           | solid_fraction_max | solid_fraction_min | stability_max  | stability_min  | top_reaction   |
+----------------+--------------------+--------------------+----------------+----------------+----------------+
|   0.000000e+00 |       6.000000e-01 |       6.000000e-01 |   2.800000e+01 |   2.800000e+01 |   0.000000e+00 |
|   1.000000e-03 |       6.040059e-01 |       6.016289e-01 |   2.806028e+01 |   2.800433e+01 |  -7.000000e-01 |
|   2.000000e-03 |       6.080489e-01 |       6.032607e-01 |   2.811922e+01 |   2.800722e+01 |  -1.400000e+00 |
|   3.000000e-03 |       6.082106e-01 |       6.033168e-01 |   2.811983e+01 |   2.800534e+01 |  -1.400000e+00 |
|   4.000000e-03 |       6.083163e-01 |       6.033886e-01 |   2.811970e+01 |   2.800442e+01 |  -1.400000e+00 |
|   5.000000e-03 |       6.083976e-01 |       6.034815e-01 |   2.811887e+01 |   2.800387e+01 |  -1.400000e+00 |
+----------------+--------------------+--------------------+----------------+----------------+----------------+


Time Step 6, time = 0.006, dt = 0.001
 * Nonlinear |R| = [32m3.643751e-02[39m (Before preset BCs, predictors, correctors, and constraints)
 0 Nonlinear |R| = [32m3.643751e-02[39m
      0 Linear |R| = [32m3.643751e-02[39m
      1 Linear |R| = [32m1.011331e-02[39m
      2 Linear |R| = [32m8.919724e-03[39m
      3 Linear |R| = [32m1.814827e-04[39m
      4 Linear |R| = [32m4.857530e-05[39m
      5 Linear |R| = [32m3.567097e-05[39m
      6 Linear |R| = [32m4.892359e-06[39m
      7 Linear |R| = [32m2.744143e-06[39m
      8 Linear |R| = [32m5.687179e-07[39m
      9 Linear |R| = [32m4.156103e-07[39m
     10 Linear |R| = [32m3.467415e-08[39m
     11 Linear |R| = [32m1.524084e-08[39m
     12 Linear |R| = [32m7.505372e-10[39m
     13 Linear |R| = [32m6.770924e-10[39m
     14 Linear |R| = [32m2.579563e-10[39m
     15 Linear |R| = [32m1.222039e-11[39m
 1 Nonlinear |R| = [32m3.054580e-05[39m
      0 Linear |R| = [32m3.054580e-05[39m
      1 Linear |R| = [32m4.167508e-06[39m
      2 Linear |R| = [32m8.044621e-07[39m
      3 Linear |R| = [32m7.909363e-08[39m
      4 Linear |R| = [32m2.322001e-08[39m
      5 Linear |R| = [32m2.129874e-08[39m
      6 Linear |R| = [32m6.823870e-09[39m
      7 Linear |R| = [32m2.126836e-09[39m
      8 Linear |R| = [32m3.744008e-10[39m
      9 Linear |R| = [32m2.466058e-10[39m
     10 Linear |R| = [32m4.772677e-11[39m
     11 Linear |R| = [32m1.324816e-11[39m
     12 Linear |R| = [32m6.176966e-13[39m
     13 Linear |R| = [32m5.708759e-13[39m
     14 Linear |R| = [32m2.303696e-13[39m
     15 Linear |R| = [32m9.389812e-15[39m
 2 Nonlinear |R| = [32m6.930422e-11[39m
      0 Linear |R| = [32m6.930422e-11[39m
      1 Linear |R| = [32m1.185426e-11[39m
      2 Linear |R| = [32m6.629395e-12[39m
      3 Linear |R| = [32m2.373402e-13[39m
      4 Linear |R| = [32m1.148266e-13[39m
      5 Linear |R| = [32m6.298734e-14[39m
      6 Linear |R| = [32m5.105877e-14[39m
      7 Linear |R| = [32m3.377781e-15[39m
      8 Linear |R| = [32m1.472974e-15[39m
      9 Linear |R| = [32m7.176398e-16[39m
     10 Linear |R| = [32m6.467280e-16[39m
     11 Linear |R| = [32m6.017552e-17[39m
     12 Linear |R| = [32m1.677659e-17[39m
     13 Linear |R| = [32m8.015297e-18[39m
     14 Linear |R| = [32m2.823643e-18[39m
     15 Linear |R| = [32m1.962667e-19[39m
     16 Linear |R| = [32m7.156087e-20[39m
     17 Linear |R| = [32m6.076942e-20[39m
 3 Nonlinear |R| = [32m2.249473e-14[39m
[32m Solve Converged![39m

Outlier Variable Residual Norms:
  uy: [33m1.926431e-14[39m

Postprocessor Values:
+----------------+----------------+----------------+----------------+----------------+----------------+----------------+
| time           | J_max          | J_min          | Jbar_max       | Jbar_min       | center_pressure| edge_ux        |
+----------------+----------------+----------------+----------------+----------------+----------------+----------------+
|   0.000000e+00 |   1.000000e+00 |   1.000000e+00 |   1.000000e+00 |   1.000000e+00 |   0.000000e+00 |   0.000000e+00 |
|   1.000000e-03 |   9.911065e-01 |   9.876009e-01 |   9.942198e-01 |   9.937972e-01 |   1.039941e-01 |   1.104204e-02 |
|   2.000000e-03 |   9.823821e-01 |   9.754155e-01 |   9.885942e-01 |   9.877208e-01 |   2.069427e-01 |   2.142199e-02 |
|   3.000000e-03 |   9.821754e-01 |   9.750610e-01 |   9.884981e-01 |   9.876049e-01 |   2.080557e-01 |   2.080872e-02 |
|   4.000000e-03 |   9.819696e-01 |   9.748097e-01 |   9.884157e-01 |   9.875154e-01 |   2.079012e-01 |   2.031187e-02 |
|   5.000000e-03 |   9.817465e-01 |   9.746065e-01 |   9.883425e-01 |   9.874430e-01 |   2.065221e-01 |   1.988159e-02 |
|   6.000000e-03 |   9.815015e-01 |   9.744313e-01 |   9.882759e-01 |   9.873832e-01 |   2.040309e-01 |   1.949551e-02 |
+----------------+----------------+----------------+----------------+----------------+----------------+----------------+
+----------------+----------------+----------------+------------------+----------------+----------------+
| time           | mass           | mass_reaction  | outflow_gradient | platen_max     | platen_min     |
+----------------+----------------+----------------+------------------+----------------+----------------+
|   0.000000e+00 |   1.600000e-01 |   0.000000e+00 |     0.000000e+00 |   0.000000e+00 |   0.000000e+00 |
|   1.000000e-03 |   1.595054e-01 |  -4.946061e-01 |     3.124538e-01 |  -2.973988e-03 |  -2.973988e-03 |
|   2.000000e-03 |   1.587956e-01 |  -7.097626e-01 |     5.159005e-01 |  -5.856958e-03 |  -5.856958e-03 |
|   3.000000e-03 |   1.583874e-01 |  -4.082130e-01 |     3.816707e-01 |  -5.913538e-03 |  -5.913538e-03 |
|   4.000000e-03 |   1.580568e-01 |  -3.305949e-01 |     3.159525e-01 |  -5.959348e-03 |  -5.959348e-03 |
|   5.000000e-03 |   1.577706e-01 |  -2.862272e-01 |     2.763210e-01 |  -5.999000e-03 |  -5.999000e-03 |
|   6.000000e-03 |   1.575138e-01 |  -2.567622e-01 |     2.492480e-01 |  -6.034566e-03 |  -6.034566e-03 |
+----------------+----------------+----------------+------------------+----------------+----------------+
+----------------+--------------------+--------------------+----------------+----------------+----------------+
| time           | solid_fraction_max | solid_fraction_min | stability_max  | stability_min  | top_reaction   |
+----------------+--------------------+--------------------+----------------+----------------+----------------+
|   0.000000e+00 |       6.000000e-01 |       6.000000e-01 |   2.800000e+01 |   2.800000e+01 |   0.000000e+00 |
|   1.000000e-03 |       6.040059e-01 |       6.016289e-01 |   2.806028e+01 |   2.800433e+01 |  -7.000000e-01 |
|   2.000000e-03 |       6.080489e-01 |       6.032607e-01 |   2.811922e+01 |   2.800722e+01 |  -1.400000e+00 |
|   3.000000e-03 |       6.082106e-01 |       6.033168e-01 |   2.811983e+01 |   2.800534e+01 |  -1.400000e+00 |
|   4.000000e-03 |       6.083163e-01 |       6.033886e-01 |   2.811970e+01 |   2.800442e+01 |  -1.400000e+00 |
|   5.000000e-03 |       6.083976e-01 |       6.034815e-01 |   2.811887e+01 |   2.800387e+01 |  -1.400000e+00 |
|   6.000000e-03 |       6.084656e-01 |       6.035956e-01 |   2.811740e+01 |   2.800349e+01 |  -1.400000e+00 |
+----------------+--------------------+--------------------+----------------+----------------+----------------+


Time Step 7, time = 0.007, dt = 0.001
 * Nonlinear |R| = [32m3.158936e-02[39m (Before preset BCs, predictors, correctors, and constraints)
 0 Nonlinear |R| = [32m3.158936e-02[39m
      0 Linear |R| = [32m3.158936e-02[39m
      1 Linear |R| = [32m9.230039e-03[39m
      2 Linear |R| = [32m8.165169e-03[39m
      3 Linear |R| = [32m1.661117e-04[39m
      4 Linear |R| = [32m4.432252e-05[39m
      5 Linear |R| = [32m3.062119e-05[39m
      6 Linear |R| = [32m3.665065e-06[39m
      7 Linear |R| = [32m2.104212e-06[39m
      8 Linear |R| = [32m4.804373e-07[39m
      9 Linear |R| = [32m2.482637e-07[39m
     10 Linear |R| = [32m3.286461e-08[39m
     11 Linear |R| = [32m1.426893e-08[39m
     12 Linear |R| = [32m6.852539e-10[39m
     13 Linear |R| = [32m6.463450e-10[39m
     14 Linear |R| = [32m2.682693e-10[39m
     15 Linear |R| = [32m1.095957e-11[39m
 1 Nonlinear |R| = [32m2.264315e-05[39m
      0 Linear |R| = [32m2.264315e-05[39m
      1 Linear |R| = [32m3.376162e-06[39m
      2 Linear |R| = [32m6.867189e-07[39m
      3 Linear |R| = [32m6.338528e-08[39m
      4 Linear |R| = [32m1.802228e-08[39m
      5 Linear |R| = [32m1.648950e-08[39m
      6 Linear |R| = [32m4.429561e-09[39m
      7 Linear |R| = [32m1.605821e-09[39m
      8 Linear |R| = [32m2.480167e-10[39m
      9 Linear |R| = [33m2.382271e-10[39m
     10 Linear |R| = [32m3.902760e-11[39m
     11 Linear |R| = [32m1.019133e-11[39m
     12 Linear |R| = [32m7.411186e-13[39m
     13 Linear |R| = [32m5.372025e-13[39m
     14 Linear |R| = [32m1.580548e-13[39m
     15 Linear |R| = [32m8.096158e-15[39m
 2 Nonlinear |R| = [32m5.304247e-11[39m
      0 Linear |R| = [32m5.304247e-11[39m
      1 Linear |R| = [32m7.249022e-12[39m
      2 Linear |R| = [32m1.334249e-12[39m
      3 Linear |R| = [32m2.328331e-13[39m
      4 Linear |R| = [32m8.623675e-14[39m
      5 Linear |R| = [32m5.831774e-14[39m
      6 Linear |R| = [32m4.431955e-14[39m
      7 Linear |R| = [32m6.624639e-15[39m
      8 Linear |R| = [32m1.853693e-15[39m
      9 Linear |R| = [32m8.908025e-16[39m
     10 Linear |R| = [32m7.775021e-16[39m
     11 Linear |R| = [32m9.939979e-17[39m
     12 Linear |R| = [32m1.386220e-17[39m
     13 Linear |R| = [32m8.934377e-18[39m
     14 Linear |R| = [32m2.534718e-18[39m
     15 Linear |R| = [32m1.407520e-19[39m
     16 Linear |R| = [32m5.244735e-20[39m
 3 Nonlinear |R| = [32m2.623295e-14[39m
[32m Solve Converged![39m

Outlier Variable Residual Norms:
  uy: [33m2.183802e-14[39m

Postprocessor Values:
+----------------+----------------+----------------+----------------+----------------+----------------+----------------+
| time           | J_max          | J_min          | Jbar_max       | Jbar_min       | center_pressure| edge_ux        |
+----------------+----------------+----------------+----------------+----------------+----------------+----------------+
|   0.000000e+00 |   1.000000e+00 |   1.000000e+00 |   1.000000e+00 |   1.000000e+00 |   0.000000e+00 |   0.000000e+00 |
|   1.000000e-03 |   9.911065e-01 |   9.876009e-01 |   9.942198e-01 |   9.937972e-01 |   1.039941e-01 |   1.104204e-02 |
|   2.000000e-03 |   9.823821e-01 |   9.754155e-01 |   9.885942e-01 |   9.877208e-01 |   2.069427e-01 |   2.142199e-02 |
|   3.000000e-03 |   9.821754e-01 |   9.750610e-01 |   9.884981e-01 |   9.876049e-01 |   2.080557e-01 |   2.080872e-02 |
|   4.000000e-03 |   9.819696e-01 |   9.748097e-01 |   9.884157e-01 |   9.875154e-01 |   2.079012e-01 |   2.031187e-02 |
|   5.000000e-03 |   9.817465e-01 |   9.746065e-01 |   9.883425e-01 |   9.874430e-01 |   2.065221e-01 |   1.988159e-02 |
|   6.000000e-03 |   9.815015e-01 |   9.744313e-01 |   9.882759e-01 |   9.873832e-01 |   2.040309e-01 |   1.949551e-02 |
|   7.000000e-03 |   9.812367e-01 |   9.742746e-01 |   9.882144e-01 |   9.873331e-01 |   2.006105e-01 |   1.914155e-02 |
+----------------+----------------+----------------+----------------+----------------+----------------+----------------+
+----------------+----------------+----------------+------------------+----------------+----------------+
| time           | mass           | mass_reaction  | outflow_gradient | platen_max     | platen_min     |
+----------------+----------------+----------------+------------------+----------------+----------------+
|   0.000000e+00 |   1.600000e-01 |   0.000000e+00 |     0.000000e+00 |   0.000000e+00 |   0.000000e+00 |
|   1.000000e-03 |   1.595054e-01 |  -4.946061e-01 |     3.124538e-01 |  -2.973988e-03 |  -2.973988e-03 |
|   2.000000e-03 |   1.587956e-01 |  -7.097626e-01 |     5.159005e-01 |  -5.856958e-03 |  -5.856958e-03 |
|   3.000000e-03 |   1.583874e-01 |  -4.082130e-01 |     3.816707e-01 |  -5.913538e-03 |  -5.913538e-03 |
|   4.000000e-03 |   1.580568e-01 |  -3.305949e-01 |     3.159525e-01 |  -5.959348e-03 |  -5.959348e-03 |
|   5.000000e-03 |   1.577706e-01 |  -2.862272e-01 |     2.763210e-01 |  -5.999000e-03 |  -5.999000e-03 |
|   6.000000e-03 |   1.575138e-01 |  -2.567622e-01 |     2.492480e-01 |  -6.034566e-03 |  -6.034566e-03 |
|   7.000000e-03 |   1.572785e-01 |  -2.353362e-01 |     2.292325e-01 |  -6.067163e-03 |  -6.067163e-03 |
+----------------+----------------+----------------+------------------+----------------+----------------+
+----------------+--------------------+--------------------+----------------+----------------+----------------+
| time           | solid_fraction_max | solid_fraction_min | stability_max  | stability_min  | top_reaction   |
+----------------+--------------------+--------------------+----------------+----------------+----------------+
|   0.000000e+00 |       6.000000e-01 |       6.000000e-01 |   2.800000e+01 |   2.800000e+01 |   0.000000e+00 |
|   1.000000e-03 |       6.040059e-01 |       6.016289e-01 |   2.806028e+01 |   2.800433e+01 |  -7.000000e-01 |
|   2.000000e-03 |       6.080489e-01 |       6.032607e-01 |   2.811922e+01 |   2.800722e+01 |  -1.400000e+00 |
|   3.000000e-03 |       6.082106e-01 |       6.033168e-01 |   2.811983e+01 |   2.800534e+01 |  -1.400000e+00 |
|   4.000000e-03 |       6.083163e-01 |       6.033886e-01 |   2.811970e+01 |   2.800442e+01 |  -1.400000e+00 |
|   5.000000e-03 |       6.083976e-01 |       6.034815e-01 |   2.811887e+01 |   2.800387e+01 |  -1.400000e+00 |
|   6.000000e-03 |       6.084656e-01 |       6.035956e-01 |   2.811740e+01 |   2.800349e+01 |  -1.400000e+00 |
|   7.000000e-03 |       6.085251e-01 |       6.037278e-01 |   2.811540e+01 |   2.800321e+01 |  -1.400000e+00 |
+----------------+--------------------+--------------------+----------------+----------------+----------------+


Time Step 8, time = 0.008, dt = 0.001
 * Nonlinear |R| = [32m2.845345e-02[39m (Before preset BCs, predictors, correctors, and constraints)
 0 Nonlinear |R| = [32m2.845345e-02[39m
      0 Linear |R| = [32m2.845345e-02[39m
      1 Linear |R| = [32m8.560043e-03[39m
      2 Linear |R| = [32m7.587369e-03[39m
      3 Linear |R| = [32m1.543390e-04[39m
      4 Linear |R| = [32m4.114126e-05[39m
      5 Linear |R| = [32m2.832385e-05[39m
      6 Linear |R| = [32m3.055285e-06[39m
      7 Linear |R| = [32m1.751996e-06[39m
      8 Linear |R| = [32m4.219991e-07[39m
      9 Linear |R| = [32m2.767295e-07[39m
     10 Linear |R| = [32m3.064069e-08[39m
     11 Linear |R| = [32m1.278493e-08[39m
     12 Linear |R| = [32m5.844728e-10[39m
     13 Linear |R| = [33m5.709907e-10[39m
     14 Linear |R| = [32m2.418003e-10[39m
     15 Linear |R| = [32m1.017168e-11[39m
 1 Nonlinear |R| = [32m1.822764e-05[39m
      0 Linear |R| = [32m1.822764e-05[39m
      1 Linear |R| = [32m2.880267e-06[39m
      2 Linear |R| = [32m5.490046e-07[39m
      3 Linear |R| = [32m5.409588e-08[39m
      4 Linear |R| = [32m1.511326e-08[39m
      5 Linear |R| = [32m1.340982e-08[39m
      6 Linear |R| = [32m3.220491e-09[39m
      7 Linear |R| = [32m1.299934e-09[39m
      8 Linear |R| = [32m1.673064e-10[39m
      9 Linear |R| = [32m1.427809e-10[39m
     10 Linear |R| = [32m3.121684e-11[39m
     11 Linear |R| = [32m7.798787e-12[39m
     12 Linear |R| = [32m4.953557e-13[39m
     13 Linear |R| = [33m4.815782e-13[39m
     14 Linear |R| = [32m1.061198e-13[39m
     15 Linear |R| = [32m7.293621e-15[39m
 2 Nonlinear |R| = [32m3.905847e-11[39m
      0 Linear |R| = [32m3.905847e-11[39m
      1 Linear |R| = [32m6.734668e-13[39m
      2 Linear |R| = [33m6.647565e-13[39m
      3 Linear |R| = [32m2.138851e-13[39m
      4 Linear |R| = [32m8.696984e-14[39m
      5 Linear |R| = [32m4.956506e-14[39m
      6 Linear |R| = [32m4.269215e-14[39m
      7 Linear |R| = [32m2.692965e-15[39m
      8 Linear |R| = [32m9.009367e-16[39m
      9 Linear |R| = [32m5.201132e-16[39m
     10 Linear |R| = [32m4.801028e-16[39m
     11 Linear |R| = [32m6.519839e-17[39m
     12 Linear |R| = [32m1.225377e-17[39m
     13 Linear |R| = [32m6.339471e-18[39m
     14 Linear |R| = [32m3.338401e-18[39m
     15 Linear |R| = [32m1.032438e-19[39m
     16 Linear |R| = [32m4.081089e-20[39m
     17 Linear |R| = [32m3.743431e-20[39m
 3 Nonlinear |R| = [32m2.560768e-14[39m
[32m Solve Converged![39m

Outlier Variable Residual Norms:
  uy: [33m2.159311e-14[39m

Postprocessor Values:
+----------------+----------------+----------------+----------------+----------------+----------------+----------------+
| time           | J_max          | J_min          | Jbar_max       | Jbar_min       | center_pressure| edge_ux        |
+----------------+----------------+----------------+----------------+----------------+----------------+----------------+
|   0.000000e+00 |   1.000000e+00 |   1.000000e+00 |   1.000000e+00 |   1.000000e+00 |   0.000000e+00 |   0.000000e+00 |
|   1.000000e-03 |   9.911065e-01 |   9.876009e-01 |   9.942198e-01 |   9.937972e-01 |   1.039941e-01 |   1.104204e-02 |
|   2.000000e-03 |   9.823821e-01 |   9.754155e-01 |   9.885942e-01 |   9.877208e-01 |   2.069427e-01 |   2.142199e-02 |
|   3.000000e-03 |   9.821754e-01 |   9.750610e-01 |   9.884981e-01 |   9.876049e-01 |   2.080557e-01 |   2.080872e-02 |
|   4.000000e-03 |   9.819696e-01 |   9.748097e-01 |   9.884157e-01 |   9.875154e-01 |   2.079012e-01 |   2.031187e-02 |
|   5.000000e-03 |   9.817465e-01 |   9.746065e-01 |   9.883425e-01 |   9.874430e-01 |   2.065221e-01 |   1.988159e-02 |
|   6.000000e-03 |   9.815015e-01 |   9.744313e-01 |   9.882759e-01 |   9.873832e-01 |   2.040309e-01 |   1.949551e-02 |
|   7.000000e-03 |   9.812367e-01 |   9.742746e-01 |   9.882144e-01 |   9.873331e-01 |   2.006105e-01 |   1.914155e-02 |
|   8.000000e-03 |   9.809566e-01 |   9.741314e-01 |   9.881569e-01 |   9.872904e-01 |   1.964695e-01 |   1.881240e-02 |
+----------------+----------------+----------------+----------------+----------------+----------------+----------------+
+----------------+----------------+----------------+------------------+----------------+----------------+
| time           | mass           | mass_reaction  | outflow_gradient | platen_max     | platen_min     |
+----------------+----------------+----------------+------------------+----------------+----------------+
|   0.000000e+00 |   1.600000e-01 |   0.000000e+00 |     0.000000e+00 |   0.000000e+00 |   0.000000e+00 |
|   1.000000e-03 |   1.595054e-01 |  -4.946061e-01 |     3.124538e-01 |  -2.973988e-03 |  -2.973988e-03 |
|   2.000000e-03 |   1.587956e-01 |  -7.097626e-01 |     5.159005e-01 |  -5.856958e-03 |  -5.856958e-03 |
|   3.000000e-03 |   1.583874e-01 |  -4.082130e-01 |     3.816707e-01 |  -5.913538e-03 |  -5.913538e-03 |
|   4.000000e-03 |   1.580568e-01 |  -3.305949e-01 |     3.159525e-01 |  -5.959348e-03 |  -5.959348e-03 |
|   5.000000e-03 |   1.577706e-01 |  -2.862272e-01 |     2.763210e-01 |  -5.999000e-03 |  -5.999000e-03 |
|   6.000000e-03 |   1.575138e-01 |  -2.567622e-01 |     2.492480e-01 |  -6.034566e-03 |  -6.034566e-03 |
|   7.000000e-03 |   1.572785e-01 |  -2.353362e-01 |     2.292325e-01 |  -6.067163e-03 |  -6.067163e-03 |
|   8.000000e-03 |   1.570597e-01 |  -2.187860e-01 |     2.136019e-01 |  -6.097469e-03 |  -6.097469e-03 |
+----------------+----------------+----------------+------------------+----------------+----------------+
+----------------+--------------------+--------------------+----------------+----------------+----------------+
| time           | solid_fraction_max | solid_fraction_min | stability_max  | stability_min  | top_reaction   |
+----------------+--------------------+--------------------+----------------+----------------+----------------+
|   0.000000e+00 |       6.000000e-01 |       6.000000e-01 |   2.800000e+01 |   2.800000e+01 |   0.000000e+00 |
|   1.000000e-03 |       6.040059e-01 |       6.016289e-01 |   2.806028e+01 |   2.800433e+01 |  -7.000000e-01 |
|   2.000000e-03 |       6.080489e-01 |       6.032607e-01 |   2.811922e+01 |   2.800722e+01 |  -1.400000e+00 |
|   3.000000e-03 |       6.082106e-01 |       6.033168e-01 |   2.811983e+01 |   2.800534e+01 |  -1.400000e+00 |
|   4.000000e-03 |       6.083163e-01 |       6.033886e-01 |   2.811970e+01 |   2.800442e+01 |  -1.400000e+00 |
|   5.000000e-03 |       6.083976e-01 |       6.034815e-01 |   2.811887e+01 |   2.800387e+01 |  -1.400000e+00 |
|   6.000000e-03 |       6.084656e-01 |       6.035956e-01 |   2.811740e+01 |   2.800349e+01 |  -1.400000e+00 |
|   7.000000e-03 |       6.085251e-01 |       6.037278e-01 |   2.811540e+01 |   2.800321e+01 |  -1.400000e+00 |
|   8.000000e-03 |       6.085787e-01 |       6.038741e-01 |   2.811299e+01 |   2.800299e+01 |  -1.400000e+00 |
+----------------+--------------------+--------------------+----------------+----------------+----------------+


Time Step 9, time = 0.009, dt = 0.001
 * Nonlinear |R| = [32m2.629693e-02[39m (Before preset BCs, predictors, correctors, and constraints)
 0 Nonlinear |R| = [32m2.629693e-02[39m
      0 Linear |R| = [32m2.629693e-02[39m
      1 Linear |R| = [32m8.028967e-03[39m
      2 Linear |R| = [32m7.125895e-03[39m
      3 Linear |R| = [32m1.449005e-04[39m
      4 Linear |R| = [32m3.863643e-05[39m
      5 Linear |R| = [32m2.664979e-05[39m
      6 Linear |R| = [32m2.835269e-06[39m
      7 Linear |R| = [32m1.629470e-06[39m
      8 Linear |R| = [32m3.835016e-07[39m
      9 Linear |R| = [32m2.801796e-07[39m
     10 Linear |R| = [32m2.969616e-08[39m
     11 Linear |R| = [32m1.157726e-08[39m
     12 Linear |R| = [32m5.659097e-10[39m
     13 Linear |R| = [32m5.150001e-10[39m
     14 Linear |R| = [32m2.196241e-10[39m
     15 Linear |R| = [32m9.599167e-12[39m
 1 Nonlinear |R| = [32m1.563111e-05[39m
      0 Linear |R| = [32m1.563111e-05[39m
      1 Linear |R| = [32m2.549100e-06[39m
      2 Linear |R| = [32m4.467847e-07[39m
      3 Linear |R| = [32m4.792202e-08[39m
      4 Linear |R| = [32m1.338161e-08[39m
      5 Linear |R| = [32m1.234917e-08[39m
      6 Linear |R| = [32m2.767937e-09[39m
      7 Linear |R| = [32m1.134099e-09[39m
      8 Linear |R| = [32m1.208935e-10[39m
      9 Linear |R| = [32m1.051827e-10[39m
     10 Linear |R| = [32m2.811909e-11[39m
     11 Linear |R| = [32m5.501759e-12[39m
     12 Linear |R| = [32m4.388156e-13[39m
     13 Linear |R| = [33m4.343847e-13[39m
     14 Linear |R| = [32m8.768045e-14[39m
     15 Linear |R| = [32m6.748392e-15[39m
 2 Nonlinear |R| = [32m3.865924e-11[39m
      0 Linear |R| = [32m3.865924e-11[39m
      1 Linear |R| = [32m3.423267e-12[39m
      2 Linear |R| = [32m9.478273e-13[39m
      3 Linear |R| = [32m1.652041e-13[39m
      4 Linear |R| = [32m6.614617e-14[39m
      5 Linear |R| = [32m3.449602e-14[39m
      6 Linear |R| = [33m3.331438e-14[39m
      7 Linear |R| = [32m3.088864e-15[39m
      8 Linear |R| = [32m9.646602e-16[39m
      9 Linear |R| = [32m4.568027e-16[39m
     10 Linear |R| = [33m4.499188e-16[39m
     11 Linear |R| = [32m4.071726e-17[39m
     12 Linear |R| = [32m9.077489e-18[39m
     13 Linear |R| = [32m4.099024e-18[39m
     14 Linear |R| = [32m2.654359e-18[39m
     15 Linear |R| = [32m1.344411e-19[39m
     16 Linear |R| = [32m5.485171e-20[39m
     17 Linear |R| = [32m3.704112e-20[39m
 3 Nonlinear |R| = [32m2.363651e-14[39m
[32m Solve Converged![39m

Outlier Variable Residual Norms:
  uy: [33m1.989573e-14[39m

Postprocessor Values:
+----------------+----------------+----------------+----------------+----------------+----------------+----------------+
| time           | J_max          | J_min          | Jbar_max       | Jbar_min       | center_pressure| edge_ux        |
+----------------+----------------+----------------+----------------+----------------+----------------+----------------+
|   0.000000e+00 |   1.000000e+00 |   1.000000e+00 |   1.000000e+00 |   1.000000e+00 |   0.000000e+00 |   0.000000e+00 |
|   1.000000e-03 |   9.911065e-01 |   9.876009e-01 |   9.942198e-01 |   9.937972e-01 |   1.039941e-01 |   1.104204e-02 |
|   2.000000e-03 |   9.823821e-01 |   9.754155e-01 |   9.885942e-01 |   9.877208e-01 |   2.069427e-01 |   2.142199e-02 |
|   3.000000e-03 |   9.821754e-01 |   9.750610e-01 |   9.884981e-01 |   9.876049e-01 |   2.080557e-01 |   2.080872e-02 |
|   4.000000e-03 |   9.819696e-01 |   9.748097e-01 |   9.884157e-01 |   9.875154e-01 |   2.079012e-01 |   2.031187e-02 |
|   5.000000e-03 |   9.817465e-01 |   9.746065e-01 |   9.883425e-01 |   9.874430e-01 |   2.065221e-01 |   1.988159e-02 |
|   6.000000e-03 |   9.815015e-01 |   9.744313e-01 |   9.882759e-01 |   9.873832e-01 |   2.040309e-01 |   1.949551e-02 |
|   7.000000e-03 |   9.812367e-01 |   9.742746e-01 |   9.882144e-01 |   9.873331e-01 |   2.006105e-01 |   1.914155e-02 |
|   8.000000e-03 |   9.809566e-01 |   9.741314e-01 |   9.881569e-01 |   9.872904e-01 |   1.964695e-01 |   1.881240e-02 |
|   9.000000e-03 |   9.806664e-01 |   9.739986e-01 |   9.881027e-01 |   9.872536e-01 |   1.918058e-01 |   1.850325e-02 |
+----------------+----------------+----------------+----------------+----------------+----------------+----------------+
+----------------+----------------+----------------+------------------+----------------+----------------+
| time           | mass           | mass_reaction  | outflow_gradient | platen_max     | platen_min     |
+----------------+----------------+----------------+------------------+----------------+----------------+
|   0.000000e+00 |   1.600000e-01 |   0.000000e+00 |     0.000000e+00 |   0.000000e+00 |   0.000000e+00 |
|   1.000000e-03 |   1.595054e-01 |  -4.946061e-01 |     3.124538e-01 |  -2.973988e-03 |  -2.973988e-03 |
|   2.000000e-03 |   1.587956e-01 |  -7.097626e-01 |     5.159005e-01 |  -5.856958e-03 |  -5.856958e-03 |
|   3.000000e-03 |   1.583874e-01 |  -4.082130e-01 |     3.816707e-01 |  -5.913538e-03 |  -5.913538e-03 |
|   4.000000e-03 |   1.580568e-01 |  -3.305949e-01 |     3.159525e-01 |  -5.959348e-03 |  -5.959348e-03 |
|   5.000000e-03 |   1.577706e-01 |  -2.862272e-01 |     2.763210e-01 |  -5.999000e-03 |  -5.999000e-03 |
|   6.000000e-03 |   1.575138e-01 |  -2.567622e-01 |     2.492480e-01 |  -6.034566e-03 |  -6.034566e-03 |
|   7.000000e-03 |   1.572785e-01 |  -2.353362e-01 |     2.292325e-01 |  -6.067163e-03 |  -6.067163e-03 |
|   8.000000e-03 |   1.570597e-01 |  -2.187860e-01 |     2.136019e-01 |  -6.097469e-03 |  -6.097469e-03 |
|   9.000000e-03 |   1.568543e-01 |  -2.054272e-01 |     2.008855e-01 |  -6.125928e-03 |  -6.125928e-03 |
+----------------+----------------+----------------+------------------+----------------+----------------+
+----------------+--------------------+--------------------+----------------+----------------+----------------+
| time           | solid_fraction_max | solid_fraction_min | stability_max  | stability_min  | top_reaction   |
+----------------+--------------------+--------------------+----------------+----------------+----------------+
|   0.000000e+00 |       6.000000e-01 |       6.000000e-01 |   2.800000e+01 |   2.800000e+01 |   0.000000e+00 |
|   1.000000e-03 |       6.040059e-01 |       6.016289e-01 |   2.806028e+01 |   2.800433e+01 |  -7.000000e-01 |
|   2.000000e-03 |       6.080489e-01 |       6.032607e-01 |   2.811922e+01 |   2.800722e+01 |  -1.400000e+00 |
|   3.000000e-03 |       6.082106e-01 |       6.033168e-01 |   2.811983e+01 |   2.800534e+01 |  -1.400000e+00 |
|   4.000000e-03 |       6.083163e-01 |       6.033886e-01 |   2.811970e+01 |   2.800442e+01 |  -1.400000e+00 |
|   5.000000e-03 |       6.083976e-01 |       6.034815e-01 |   2.811887e+01 |   2.800387e+01 |  -1.400000e+00 |
|   6.000000e-03 |       6.084656e-01 |       6.035956e-01 |   2.811740e+01 |   2.800349e+01 |  -1.400000e+00 |
|   7.000000e-03 |       6.085251e-01 |       6.037278e-01 |   2.811540e+01 |   2.800321e+01 |  -1.400000e+00 |
|   8.000000e-03 |       6.085787e-01 |       6.038741e-01 |   2.811299e+01 |   2.800299e+01 |  -1.400000e+00 |
|   9.000000e-03 |       6.086279e-01 |       6.040303e-01 |   2.811028e+01 |   2.800281e+01 |  -1.400000e+00 |
+----------------+--------------------+--------------------+----------------+----------------+----------------+


Time Step 10, time = 0.01, dt = 0.001
 * Nonlinear |R| = [32m2.471607e-02[39m (Before preset BCs, predictors, correctors, and constraints)
 0 Nonlinear |R| = [32m2.471607e-02[39m
      0 Linear |R| = [32m2.471607e-02[39m
      1 Linear |R| = [32m7.591933e-03[39m
      2 Linear |R| = [32m6.743902e-03[39m
      3 Linear |R| = [32m1.370542e-04[39m
      4 Linear |R| = [32m3.657074e-05[39m
      5 Linear |R| = [32m2.503296e-05[39m
      6 Linear |R| = [32m2.805208e-06[39m
      7 Linear |R| = [32m1.622061e-06[39m
      8 Linear |R| = [32m3.564417e-07[39m
      9 Linear |R| = [32m2.643743e-07[39m
     10 Linear |R| = [32m2.959956e-08[39m
     11 Linear |R| = [32m1.050638e-08[39m
     12 Linear |R| = [32m5.351994e-10[39m
     13 Linear |R| = [32m5.050580e-10[39m
     14 Linear |R| = [32m2.165790e-10[39m
     15 Linear |R| = [32m9.105766e-12[39m
 1 Nonlinear |R| = [32m1.399528e-05[39m
      0 Linear |R| = [32m1.399528e-05[39m
      1 Linear |R| = [32m2.308829e-06[39m
      2 Linear |R| = [32m3.592323e-07[39m
      3 Linear |R| = [32m4.371159e-08[39m
      4 Linear |R| = [32m1.226582e-08[39m
      5 Linear |R| = [32m1.129148e-08[39m
      6 Linear |R| = [32m2.645792e-09[39m
      7 Linear |R| = [32m1.045034e-09[39m
      8 Linear |R| = [32m1.005701e-10[39m
      9 Linear |R| = [32m9.526374e-11[39m
     10 Linear |R| = [32m2.690895e-11[39m
     11 Linear |R| = [32m3.142998e-12[39m
     12 Linear |R| = [32m4.211576e-13[39m
     13 Linear |R| = [33m4.156964e-13[39m
     14 Linear |R| = [32m7.622777e-14[39m
     15 Linear |R| = [32m6.452361e-15[39m
 2 Nonlinear |R| = [32m3.474205e-11[39m
      0 Linear |R| = [32m3.474205e-11[39m
      1 Linear |R| = [32m1.828437e-12[39m
      2 Linear |R| = [32m3.232515e-13[39m
      3 Linear |R| = [32m1.692921e-13[39m
      4 Linear |R| = [32m8.085357e-14[39m
      5 Linear |R| = [32m3.672741e-14[39m
      6 Linear |R| = [32m3.360515e-14[39m
      7 Linear |R| = [32m3.920797e-15[39m
      8 Linear |R| = [32m1.375120e-15[39m
      9 Linear |R| = [32m5.825817e-16[39m
     10 Linear |R| = [32m5.109886e-16[39m
     11 Linear |R| = [32m4.623847e-17[39m
     12 Linear |R| = [32m1.096357e-17[39m
     13 Linear |R| = [32m6.497439e-18[39m
     14 Linear |R| = [32m8.380693e-19[39m
     15 Linear |R| = [32m1.519838e-19[39m
     16 Linear |R| = [32m3.716082e-20[39m
     17 Linear |R| = [32m3.492293e-20[39m
     18 Linear |R| = [32m2.989295e-21[39m
 3 Nonlinear |R| = [32m2.424999e-14[39m
[32m Solve Converged![39m

Outlier Variable Residual Norms:
  uy: [33m2.044531e-14[39m

Postprocessor Values:
+----------------+----------------+----------------+----------------+----------------+----------------+----------------+
| time           | J_max          | J_min          | Jbar_max       | Jbar_min       | center_pressure| edge_ux        |
+----------------+----------------+----------------+----------------+----------------+----------------+----------------+
|   0.000000e+00 |   1.000000e+00 |   1.000000e+00 |   1.000000e+00 |   1.000000e+00 |   0.000000e+00 |   0.000000e+00 |
|   1.000000e-03 |   9.911065e-01 |   9.876009e-01 |   9.942198e-01 |   9.937972e-01 |   1.039941e-01 |   1.104204e-02 |
|   2.000000e-03 |   9.823821e-01 |   9.754155e-01 |   9.885942e-01 |   9.877208e-01 |   2.069427e-01 |   2.142199e-02 |
|   3.000000e-03 |   9.821754e-01 |   9.750610e-01 |   9.884981e-01 |   9.876049e-01 |   2.080557e-01 |   2.080872e-02 |
|   4.000000e-03 |   9.819696e-01 |   9.748097e-01 |   9.884157e-01 |   9.875154e-01 |   2.079012e-01 |   2.031187e-02 |
|   5.000000e-03 |   9.817465e-01 |   9.746065e-01 |   9.883425e-01 |   9.874430e-01 |   2.065221e-01 |   1.988159e-02 |
|   6.000000e-03 |   9.815015e-01 |   9.744313e-01 |   9.882759e-01 |   9.873832e-01 |   2.040309e-01 |   1.949551e-02 |
|   7.000000e-03 |   9.812367e-01 |   9.742746e-01 |   9.882144e-01 |   9.873331e-01 |   2.006105e-01 |   1.914155e-02 |
|   8.000000e-03 |   9.809566e-01 |   9.741314e-01 |   9.881569e-01 |   9.872904e-01 |   1.964695e-01 |   1.881240e-02 |
|   9.000000e-03 |   9.806664e-01 |   9.739986e-01 |   9.881027e-01 |   9.872536e-01 |   1.918058e-01 |   1.850325e-02 |
|   1.000000e-02 |   9.803708e-01 |   9.738740e-01 |   9.880513e-01 |   9.872212e-01 |   1.867888e-01 |   1.821080e-02 |
+----------------+----------------+----------------+----------------+----------------+----------------+----------------+
+----------------+----------------+----------------+------------------+----------------+----------------+
| time           | mass           | mass_reaction  | outflow_gradient | platen_max     | platen_min     |
+----------------+----------------+----------------+------------------+----------------+----------------+
|   0.000000e+00 |   1.600000e-01 |   0.000000e+00 |     0.000000e+00 |   0.000000e+00 |   0.000000e+00 |
|   1.000000e-03 |   1.595054e-01 |  -4.946061e-01 |     3.124538e-01 |  -2.973988e-03 |  -2.973988e-03 |
|   2.000000e-03 |   1.587956e-01 |  -7.097626e-01 |     5.159005e-01 |  -5.856958e-03 |  -5.856958e-03 |
|   3.000000e-03 |   1.583874e-01 |  -4.082130e-01 |     3.816707e-01 |  -5.913538e-03 |  -5.913538e-03 |
|   4.000000e-03 |   1.580568e-01 |  -3.305949e-01 |     3.159525e-01 |  -5.959348e-03 |  -5.959348e-03 |
|   5.000000e-03 |   1.577706e-01 |  -2.862272e-01 |     2.763210e-01 |  -5.999000e-03 |  -5.999000e-03 |
|   6.000000e-03 |   1.575138e-01 |  -2.567622e-01 |     2.492480e-01 |  -6.034566e-03 |  -6.034566e-03 |
|   7.000000e-03 |   1.572785e-01 |  -2.353362e-01 |     2.292325e-01 |  -6.067163e-03 |  -6.067163e-03 |
|   8.000000e-03 |   1.570597e-01 |  -2.187860e-01 |     2.136019e-01 |  -6.097469e-03 |  -6.097469e-03 |
|   9.000000e-03 |   1.568543e-01 |  -2.054272e-01 |     2.008855e-01 |  -6.125928e-03 |  -6.125928e-03 |
|   1.000000e-02 |   1.566600e-01 |  -1.942688e-01 |     1.901990e-01 |  -6.152848e-03 |  -6.152848e-03 |
+----------------+----------------+----------------+------------------+----------------+----------------+
+----------------+--------------------+--------------------+----------------+----------------+----------------+
| time           | solid_fraction_max | solid_fraction_min | stability_max  | stability_min  | top_reaction   |
+----------------+--------------------+--------------------+----------------+----------------+----------------+
|   0.000000e+00 |       6.000000e-01 |       6.000000e-01 |   2.800000e+01 |   2.800000e+01 |   0.000000e+00 |
|   1.000000e-03 |       6.040059e-01 |       6.016289e-01 |   2.806028e+01 |   2.800433e+01 |  -7.000000e-01 |
|   2.000000e-03 |       6.080489e-01 |       6.032607e-01 |   2.811922e+01 |   2.800722e+01 |  -1.400000e+00 |
|   3.000000e-03 |       6.082106e-01 |       6.033168e-01 |   2.811983e+01 |   2.800534e+01 |  -1.400000e+00 |
|   4.000000e-03 |       6.083163e-01 |       6.033886e-01 |   2.811970e+01 |   2.800442e+01 |  -1.400000e+00 |
|   5.000000e-03 |       6.083976e-01 |       6.034815e-01 |   2.811887e+01 |   2.800387e+01 |  -1.400000e+00 |
|   6.000000e-03 |       6.084656e-01 |       6.035956e-01 |   2.811740e+01 |   2.800349e+01 |  -1.400000e+00 |
|   7.000000e-03 |       6.085251e-01 |       6.037278e-01 |   2.811540e+01 |   2.800321e+01 |  -1.400000e+00 |
|   8.000000e-03 |       6.085787e-01 |       6.038741e-01 |   2.811299e+01 |   2.800299e+01 |  -1.400000e+00 |
|   9.000000e-03 |       6.086279e-01 |       6.040303e-01 |   2.811028e+01 |   2.800281e+01 |  -1.400000e+00 |
|   1.000000e-02 |       6.086737e-01 |       6.041926e-01 |   2.810738e+01 |   2.800267e+01 |  -1.400000e+00 |
+----------------+--------------------+--------------------+----------------+----------------+----------------+


Time Step 11, time = 0.011, dt = 0.001
 * Nonlinear |R| = [32m2.347807e-02[39m (Before preset BCs, predictors, correctors, and constraints)
 0 Nonlinear |R| = [32m2.347807e-02[39m
      0 Linear |R| = [32m2.347807e-02[39m
      1 Linear |R| = [32m7.220449e-03[39m
      2 Linear |R| = [32m6.417779e-03[39m
      3 Linear |R| = [32m1.303384e-04[39m
      4 Linear |R| = [32m3.482364e-05[39m
      5 Linear |R| = [32m2.560949e-05[39m
      6 Linear |R| = [32m2.837807e-06[39m
      7 Linear |R| = [32m1.644924e-06[39m
      8 Linear |R| = [32m3.360541e-07[39m
      9 Linear |R| = [32m2.988467e-07[39m
     10 Linear |R| = [32m2.947901e-08[39m
     11 Linear |R| = [32m9.487614e-09[39m
     12 Linear |R| = [32m5.937085e-10[39m
     13 Linear |R| = [32m5.083134e-10[39m
     14 Linear |R| = [32m2.132859e-10[39m
     15 Linear |R| = [32m8.652890e-12[39m
 1 Nonlinear |R| = [32m1.284316e-05[39m
      0 Linear |R| = [32m1.284316e-05[39m
      1 Linear |R| = [32m2.120815e-06[39m
      2 Linear |R| = [32m2.745058e-07[39m
      3 Linear |R| = [32m4.027749e-08[39m
      4 Linear |R| = [32m1.141981e-08[39m
      5 Linear |R| = [32m1.069179e-08[39m
      6 Linear |R| = [32m2.637895e-09[39m
      7 Linear |R| = [32m9.782817e-10[39m
      8 Linear |R| = [32m9.251288e-11[39m
      9 Linear |R| = [33m8.993732e-11[39m
     10 Linear |R| = [32m2.652010e-11[39m
     11 Linear |R| = [32m2.275570e-12[39m
     12 Linear |R| = [32m4.740090e-13[39m
     13 Linear |R| = [32m4.208676e-13[39m
     14 Linear |R| = [32m7.225860e-14[39m
     15 Linear |R| = [32m6.062751e-15[39m
 2 Nonlinear |R| = [32m3.577744e-11[39m
      0 Linear |R| = [32m3.577744e-11[39m
      1 Linear |R| = [32m3.795086e-12[39m
      2 Linear |R| = [32m3.452623e-12[39m
      3 Linear |R| = [32m1.622588e-13[39m
      4 Linear |R| = [32m6.556346e-14[39m
      5 Linear |R| = [32m3.586706e-14[39m
      6 Linear |R| = [32m3.155495e-14[39m
      7 Linear |R| = [32m2.198854e-15[39m
      8 Linear |R| = [32m7.080919e-16[39m
      9 Linear |R| = [32m4.037940e-16[39m
     10 Linear |R| = [32m3.444717e-16[39m
     11 Linear |R| = [32m5.972159e-17[39m
     12 Linear |R| = [32m6.456217e-18[39m
     13 Linear |R| = [32m4.755779e-18[39m
     14 Linear |R| = [32m1.437646e-18[39m
     15 Linear |R| = [32m7.481765e-20[39m
     16 Linear |R| = [32m2.554229e-20[39m
 3 Nonlinear |R| = [32m2.427789e-14[39m
[32m Solve Converged![39m

Outlier Variable Residual Norms:
  uy: [33m2.037612e-14[39m

Postprocessor Values:
+----------------+----------------+----------------+----------------+----------------+----------------+----------------+
| time           | J_max          | J_min          | Jbar_max       | Jbar_min       | center_pressure| edge_ux        |
+----------------+----------------+----------------+----------------+----------------+----------------+----------------+
|   0.000000e+00 |   1.000000e+00 |   1.000000e+00 |   1.000000e+00 |   1.000000e+00 |   0.000000e+00 |   0.000000e+00 |
|   1.000000e-03 |   9.911065e-01 |   9.876009e-01 |   9.942198e-01 |   9.937972e-01 |   1.039941e-01 |   1.104204e-02 |
|   2.000000e-03 |   9.823821e-01 |   9.754155e-01 |   9.885942e-01 |   9.877208e-01 |   2.069427e-01 |   2.142199e-02 |
|   3.000000e-03 |   9.821754e-01 |   9.750610e-01 |   9.884981e-01 |   9.876049e-01 |   2.080557e-01 |   2.080872e-02 |
|   4.000000e-03 |   9.819696e-01 |   9.748097e-01 |   9.884157e-01 |   9.875154e-01 |   2.079012e-01 |   2.031187e-02 |
|   5.000000e-03 |   9.817465e-01 |   9.746065e-01 |   9.883425e-01 |   9.874430e-01 |   2.065221e-01 |   1.988159e-02 |
|   6.000000e-03 |   9.815015e-01 |   9.744313e-01 |   9.882759e-01 |   9.873832e-01 |   2.040309e-01 |   1.949551e-02 |
|   7.000000e-03 |   9.812367e-01 |   9.742746e-01 |   9.882144e-01 |   9.873331e-01 |   2.006105e-01 |   1.914155e-02 |
|   8.000000e-03 |   9.809566e-01 |   9.741314e-01 |   9.881569e-01 |   9.872904e-01 |   1.964695e-01 |   1.881240e-02 |
|   9.000000e-03 |   9.806664e-01 |   9.739986e-01 |   9.881027e-01 |   9.872536e-01 |   1.918058e-01 |   1.850325e-02 |
|   1.000000e-02 |   9.803708e-01 |   9.738740e-01 |   9.880513e-01 |   9.872212e-01 |   1.867888e-01 |   1.821080e-02 |
|   1.100000e-02 |   9.800736e-01 |   9.737563e-01 |   9.880023e-01 |   9.871924e-01 |   1.815544e-01 |   1.793267e-02 |
+----------------+----------------+----------------+----------------+----------------+----------------+----------------+
+----------------+----------------+----------------+------------------+----------------+----------------+
| time           | mass           | mass_reaction  | outflow_gradient | platen_max     | platen_min     |
+----------------+----------------+----------------+------------------+----------------+----------------+
|   0.000000e+00 |   1.600000e-01 |   0.000000e+00 |     0.000000e+00 |   0.000000e+00 |   0.000000e+00 |
|   1.000000e-03 |   1.595054e-01 |  -4.946061e-01 |     3.124538e-01 |  -2.973988e-03 |  -2.973988e-03 |
|   2.000000e-03 |   1.587956e-01 |  -7.097626e-01 |     5.159005e-01 |  -5.856958e-03 |  -5.856958e-03 |
|   3.000000e-03 |   1.583874e-01 |  -4.082130e-01 |     3.816707e-01 |  -5.913538e-03 |  -5.913538e-03 |
|   4.000000e-03 |   1.580568e-01 |  -3.305949e-01 |     3.159525e-01 |  -5.959348e-03 |  -5.959348e-03 |
|   5.000000e-03 |   1.577706e-01 |  -2.862272e-01 |     2.763210e-01 |  -5.999000e-03 |  -5.999000e-03 |
|   6.000000e-03 |   1.575138e-01 |  -2.567622e-01 |     2.492480e-01 |  -6.034566e-03 |  -6.034566e-03 |
|   7.000000e-03 |   1.572785e-01 |  -2.353362e-01 |     2.292325e-01 |  -6.067163e-03 |  -6.067163e-03 |
|   8.000000e-03 |   1.570597e-01 |  -2.187860e-01 |     2.136019e-01 |  -6.097469e-03 |  -6.097469e-03 |
|   9.000000e-03 |   1.568543e-01 |  -2.054272e-01 |     2.008855e-01 |  -6.125928e-03 |  -6.125928e-03 |
|   1.000000e-02 |   1.566600e-01 |  -1.942688e-01 |     1.901990e-01 |  -6.152848e-03 |  -6.152848e-03 |
|   1.100000e-02 |   1.564753e-01 |  -1.846860e-01 |     1.809767e-01 |  -6.178446e-03 |  -6.178446e-03 |
+----------------+----------------+----------------+------------------+----------------+----------------+
+----------------+--------------------+--------------------+----------------+----------------+----------------+
| time           | solid_fraction_max | solid_fraction_min | stability_max  | stability_min  | top_reaction   |
+----------------+--------------------+--------------------+----------------+----------------+----------------+
|   0.000000e+00 |       6.000000e-01 |       6.000000e-01 |   2.800000e+01 |   2.800000e+01 |   0.000000e+00 |
|   1.000000e-03 |       6.040059e-01 |       6.016289e-01 |   2.806028e+01 |   2.800433e+01 |  -7.000000e-01 |
|   2.000000e-03 |       6.080489e-01 |       6.032607e-01 |   2.811922e+01 |   2.800722e+01 |  -1.400000e+00 |
|   3.000000e-03 |       6.082106e-01 |       6.033168e-01 |   2.811983e+01 |   2.800534e+01 |  -1.400000e+00 |
|   4.000000e-03 |       6.083163e-01 |       6.033886e-01 |   2.811970e+01 |   2.800442e+01 |  -1.400000e+00 |
|   5.000000e-03 |       6.083976e-01 |       6.034815e-01 |   2.811887e+01 |   2.800387e+01 |  -1.400000e+00 |
|   6.000000e-03 |       6.084656e-01 |       6.035956e-01 |   2.811740e+01 |   2.800349e+01 |  -1.400000e+00 |
|   7.000000e-03 |       6.085251e-01 |       6.037278e-01 |   2.811540e+01 |   2.800321e+01 |  -1.400000e+00 |
|   8.000000e-03 |       6.085787e-01 |       6.038741e-01 |   2.811299e+01 |   2.800299e+01 |  -1.400000e+00 |
|   9.000000e-03 |       6.086279e-01 |       6.040303e-01 |   2.811028e+01 |   2.800281e+01 |  -1.400000e+00 |
|   1.000000e-02 |       6.086737e-01 |       6.041926e-01 |   2.810738e+01 |   2.800267e+01 |  -1.400000e+00 |
|   1.100000e-02 |       6.087167e-01 |       6.043582e-01 |   2.810436e+01 |   2.800254e+01 |  -1.400000e+00 |
+----------------+--------------------+--------------------+----------------+----------------+----------------+


Time Step 12, time = 0.012, dt = 0.001
 * Nonlinear |R| = [32m2.244792e-02[39m (Before preset BCs, predictors, correctors, and constraints)
 0 Nonlinear |R| = [32m2.244792e-02[39m
      0 Linear |R| = [32m2.244792e-02[39m
      1 Linear |R| = [32m6.896012e-03[39m
      2 Linear |R| = [32m6.132096e-03[39m
      3 Linear |R| = [32m1.244465e-04[39m
      4 Linear |R| = [32m3.327719e-05[39m
      5 Linear |R| = [32m2.401378e-05[39m
      6 Linear |R| = [32m2.873486e-06[39m
      7 Linear |R| = [32m1.662154e-06[39m
      8 Linear |R| = [32m3.182566e-07[39m
      9 Linear |R| = [32m2.253394e-07[39m
     10 Linear |R| = [32m2.912007e-08[39m
     11 Linear |R| = [32m8.607784e-09[39m
     12 Linear |R| = [32m5.676180e-10[39m
     13 Linear |R| = [32m5.069054e-10[39m
     14 Linear |R| = [32m2.041113e-10[39m
     15 Linear |R| = [32m8.214884e-12[39m
 1 Nonlinear |R| = [32m1.196014e-05[39m
      0 Linear |R| = [32m1.196014e-05[39m
      1 Linear |R| = [32m1.974139e-06[39m
      2 Linear |R| = [32m2.536094e-07[39m
      3 Linear |R| = [32m3.757075e-08[39m
      4 Linear |R| = [32m1.073666e-08[39m
      5 Linear |R| = [32m1.002703e-08[39m
      6 Linear |R| = [32m2.622611e-09[39m
      7 Linear |R| = [32m9.256114e-10[39m
      8 Linear |R| = [32m8.921683e-11[39m
      9 Linear |R| = [33m8.800899e-11[39m
     10 Linear |R| = [32m2.562292e-11[39m
     11 Linear |R| = [32m3.116311e-12[39m
     12 Linear |R| = [32m4.773821e-13[39m
     13 Linear |R| = [32m4.089833e-13[39m
     14 Linear |R| = [32m7.095211e-14[39m
     15 Linear |R| = [32m5.676621e-15[39m
 2 Nonlinear |R| = [32m3.285533e-11[39m
      0 Linear |R| = [32m3.285533e-11[39m
      1 Linear |R| = [32m3.671681e-12[39m
      2 Linear |R| = [32m3.461183e-12[39m
      3 Linear |R| = [32m1.246286e-13[39m
      4 Linear |R| = [32m6.001725e-14[39m
      5 Linear |R| = [32m3.454689e-14[39m
      6 Linear |R| = [32m2.594939e-14[39m
      7 Linear |R| = [32m2.253075e-15[39m
      8 Linear |R| = [32m6.599368e-16[39m
      9 Linear |R| = [32m3.654908e-16[39m
     10 Linear |R| = [33m3.506034e-16[39m
     11 Linear |R| = [32m5.595483e-17[39m
     12 Linear |R| = [32m7.472016e-18[39m
     13 Linear |R| = [32m4.383937e-18[39m
     14 Linear |R| = [32m1.590061e-18[39m
     15 Linear |R| = [32m8.486502e-20[39m
     16 Linear |R| = [32m3.354932e-20[39m
     17 Linear |R| = [33m3.237168e-20[39m
 3 Nonlinear |R| = [32m2.499232e-14[39m
[32m Solve Converged![39m

Outlier Variable Residual Norms:
  uy: [33m2.184603e-14[39m

Postprocessor Values:
+----------------+----------------+----------------+----------------+----------------+----------------+----------------+
| time           | J_max          | J_min          | Jbar_max       | Jbar_min       | center_pressure| edge_ux        |
+----------------+----------------+----------------+----------------+----------------+----------------+----------------+
|   0.000000e+00 |   1.000000e+00 |   1.000000e+00 |   1.000000e+00 |   1.000000e+00 |   0.000000e+00 |   0.000000e+00 |
|   1.000000e-03 |   9.911065e-01 |   9.876009e-01 |   9.942198e-01 |   9.937972e-01 |   1.039941e-01 |   1.104204e-02 |
|   2.000000e-03 |   9.823821e-01 |   9.754155e-01 |   9.885942e-01 |   9.877208e-01 |   2.069427e-01 |   2.142199e-02 |
|   3.000000e-03 |   9.821754e-01 |   9.750610e-01 |   9.884981e-01 |   9.876049e-01 |   2.080557e-01 |   2.080872e-02 |
|   4.000000e-03 |   9.819696e-01 |   9.748097e-01 |   9.884157e-01 |   9.875154e-01 |   2.079012e-01 |   2.031187e-02 |
|   5.000000e-03 |   9.817465e-01 |   9.746065e-01 |   9.883425e-01 |   9.874430e-01 |   2.065221e-01 |   1.988159e-02 |
|   6.000000e-03 |   9.815015e-01 |   9.744313e-01 |   9.882759e-01 |   9.873832e-01 |   2.040309e-01 |   1.949551e-02 |
|   7.000000e-03 |   9.812367e-01 |   9.742746e-01 |   9.882144e-01 |   9.873331e-01 |   2.006105e-01 |   1.914155e-02 |
|   8.000000e-03 |   9.809566e-01 |   9.741314e-01 |   9.881569e-01 |   9.872904e-01 |   1.964695e-01 |   1.881240e-02 |
|   9.000000e-03 |   9.806664e-01 |   9.739986e-01 |   9.881027e-01 |   9.872536e-01 |   1.918058e-01 |   1.850325e-02 |
|   1.000000e-02 |   9.803708e-01 |   9.738740e-01 |   9.880513e-01 |   9.872212e-01 |   1.867888e-01 |   1.821080e-02 |
|   1.100000e-02 |   9.800736e-01 |   9.737563e-01 |   9.880023e-01 |   9.871924e-01 |   1.815544e-01 |   1.793267e-02 |
|   1.200000e-02 |   9.797778e-01 |   9.736445e-01 |   9.879555e-01 |   9.871663e-01 |   1.762071e-01 |   1.766713e-02 |
+----------------+----------------+----------------+----------------+----------------+----------------+----------------+
+----------------+----------------+----------------+------------------+----------------+----------------+
| time           | mass           | mass_reaction  | outflow_gradient | platen_max     | platen_min     |
+----------------+----------------+----------------+------------------+----------------+----------------+
|   0.000000e+00 |   1.600000e-01 |   0.000000e+00 |     0.000000e+00 |   0.000000e+00 |   0.000000e+00 |
|   1.000000e-03 |   1.595054e-01 |  -4.946061e-01 |     3.124538e-01 |  -2.973988e-03 |  -2.973988e-03 |
|   2.000000e-03 |   1.587956e-01 |  -7.097626e-01 |     5.159005e-01 |  -5.856958e-03 |  -5.856958e-03 |
|   3.000000e-03 |   1.583874e-01 |  -4.082130e-01 |     3.816707e-01 |  -5.913538e-03 |  -5.913538e-03 |
|   4.000000e-03 |   1.580568e-01 |  -3.305949e-01 |     3.159525e-01 |  -5.959348e-03 |  -5.959348e-03 |
|   5.000000e-03 |   1.577706e-01 |  -2.862272e-01 |     2.763210e-01 |  -5.999000e-03 |  -5.999000e-03 |
|   6.000000e-03 |   1.575138e-01 |  -2.567622e-01 |     2.492480e-01 |  -6.034566e-03 |  -6.034566e-03 |
|   7.000000e-03 |   1.572785e-01 |  -2.353362e-01 |     2.292325e-01 |  -6.067163e-03 |  -6.067163e-03 |
|   8.000000e-03 |   1.570597e-01 |  -2.187860e-01 |     2.136019e-01 |  -6.097469e-03 |  -6.097469e-03 |
|   9.000000e-03 |   1.568543e-01 |  -2.054272e-01 |     2.008855e-01 |  -6.125928e-03 |  -6.125928e-03 |
|   1.000000e-02 |   1.566600e-01 |  -1.942688e-01 |     1.901990e-01 |  -6.152848e-03 |  -6.152848e-03 |
|   1.100000e-02 |   1.564753e-01 |  -1.846860e-01 |     1.809767e-01 |  -6.178446e-03 |  -6.178446e-03 |
|   1.200000e-02 |   1.562991e-01 |  -1.762651e-01 |     1.728403e-01 |  -6.202885e-03 |  -6.202885e-03 |
+----------------+----------------+----------------+------------------+----------------+----------------+
+----------------+--------------------+--------------------+----------------+----------------+----------------+
| time           | solid_fraction_max | solid_fraction_min | stability_max  | stability_min  | top_reaction   |
+----------------+--------------------+--------------------+----------------+----------------+----------------+
|   0.000000e+00 |       6.000000e-01 |       6.000000e-01 |   2.800000e+01 |   2.800000e+01 |   0.000000e+00 |
|   1.000000e-03 |       6.040059e-01 |       6.016289e-01 |   2.806028e+01 |   2.800433e+01 |  -7.000000e-01 |
|   2.000000e-03 |       6.080489e-01 |       6.032607e-01 |   2.811922e+01 |   2.800722e+01 |  -1.400000e+00 |
|   3.000000e-03 |       6.082106e-01 |       6.033168e-01 |   2.811983e+01 |   2.800534e+01 |  -1.400000e+00 |
|   4.000000e-03 |       6.083163e-01 |       6.033886e-01 |   2.811970e+01 |   2.800442e+01 |  -1.400000e+00 |
|   5.000000e-03 |       6.083976e-01 |       6.034815e-01 |   2.811887e+01 |   2.800387e+01 |  -1.400000e+00 |
|   6.000000e-03 |       6.084656e-01 |       6.035956e-01 |   2.811740e+01 |   2.800349e+01 |  -1.400000e+00 |
|   7.000000e-03 |       6.085251e-01 |       6.037278e-01 |   2.811540e+01 |   2.800321e+01 |  -1.400000e+00 |
|   8.000000e-03 |       6.085787e-01 |       6.038741e-01 |   2.811299e+01 |   2.800299e+01 |  -1.400000e+00 |
|   9.000000e-03 |       6.086279e-01 |       6.040303e-01 |   2.811028e+01 |   2.800281e+01 |  -1.400000e+00 |
|   1.000000e-02 |       6.086737e-01 |       6.041926e-01 |   2.810738e+01 |   2.800267e+01 |  -1.400000e+00 |
|   1.100000e-02 |       6.087167e-01 |       6.043582e-01 |   2.810436e+01 |   2.800254e+01 |  -1.400000e+00 |
|   1.200000e-02 |       6.087573e-01 |       6.045247e-01 |   2.810128e+01 |   2.800242e+01 |  -1.400000e+00 |
+----------------+--------------------+--------------------+----------------+----------------+----------------+


Time Step 13, time = 0.013, dt = 0.001
 * Nonlinear |R| = [32m2.154770e-02[39m (Before preset BCs, predictors, correctors, and constraints)
 0 Nonlinear |R| = [32m2.154770e-02[39m
      0 Linear |R| = [32m2.154770e-02[39m
      1 Linear |R| = [32m6.606207e-03[39m
      2 Linear |R| = [32m5.876321e-03[39m
      3 Linear |R| = [32m1.191755e-04[39m
      4 Linear |R| = [32m3.189505e-05[39m
      5 Linear |R| = [32m2.271654e-05[39m
      6 Linear |R| = [32m2.890844e-06[39m
      7 Linear |R| = [32m1.664520e-06[39m
      8 Linear |R| = [32m3.034507e-07[39m
      9 Linear |R| = [32m1.997894e-07[39m
     10 Linear |R| = [32m2.856823e-08[39m
     11 Linear |R| = [32m7.903663e-09[39m
     12 Linear |R| = [32m5.238745e-10[39m
     13 Linear |R| = [33m5.002798e-10[39m
     14 Linear |R| = [32m1.914068e-10[39m
     15 Linear |R| = [32m7.793940e-12[39m
 1 Nonlinear |R| = [32m1.119512e-05[39m
      0 Linear |R| = [32m1.119512e-05[39m
      1 Linear |R| = [32m1.836193e-06[39m
      2 Linear |R| = [32m2.010820e-07[39m
      3 Linear |R| = [32m3.509779e-08[39m
      4 Linear |R| = [32m1.013847e-08[39m
      5 Linear |R| = [32m9.334834e-09[39m
      6 Linear |R| = [32m2.655448e-09[39m
      7 Linear |R| = [32m8.759204e-10[39m
      8 Linear |R| = [32m8.790703e-11[39m
      9 Linear |R| = [33m8.413405e-11[39m
     10 Linear |R| = [32m2.514830e-11[39m
     11 Linear |R| = [32m3.766576e-12[39m
     12 Linear |R| = [32m4.222353e-13[39m
     13 Linear |R| = [32m3.998712e-13[39m
     14 Linear |R| = [32m6.755855e-14[39m
     15 Linear |R| = [32m5.462723e-15[39m
 2 Nonlinear |R| = [32m2.866649e-11[39m
      0 Linear |R| = [32m2.866649e-11[39m
      1 Linear |R| = [32m3.937453e-12[39m
      2 Linear |R| = [32m3.723298e-12[39m
      3 Linear |R| = [32m1.556110e-13[39m
      4 Linear |R| = [32m6.439423e-14[39m
      5 Linear |R| = [32m3.399229e-14[39m
      6 Linear |R| = [32m3.115493e-14[39m
      7 Linear |R| = [32m3.312255e-15[39m
      8 Linear |R| = [32m9.514080e-16[39m
      9 Linear |R| = [32m4.277192e-16[39m
     10 Linear |R| = [33m4.186710e-16[39m
     11 Linear |R| = [32m5.456084e-17[39m
     12 Linear |R| = [32m8.294437e-18[39m
     13 Linear |R| = [32m3.912238e-18[39m
     14 Linear |R| = [32m2.075920e-18[39m
     15 Linear |R| = [32m1.169188e-19[39m
     16 Linear |R| = [32m3.876686e-20[39m
     17 Linear |R| = [32m3.044289e-20[39m
     18 Linear |R| = [32m1.809846e-21[39m
 3 Nonlinear |R| = [32m2.748548e-14[39m
[32m Solve Converged![39m

Outlier Variable Residual Norms:
  uy: [33m2.286224e-14[39m

Postprocessor Values:
+----------------+----------------+----------------+----------------+----------------+----------------+----------------+
| time           | J_max          | J_min          | Jbar_max       | Jbar_min       | center_pressure| edge_ux        |
+----------------+----------------+----------------+----------------+----------------+----------------+----------------+
|   0.000000e+00 |   1.000000e+00 |   1.000000e+00 |   1.000000e+00 |   1.000000e+00 |   0.000000e+00 |   0.000000e+00 |
|   1.000000e-03 |   9.911065e-01 |   9.876009e-01 |   9.942198e-01 |   9.937972e-01 |   1.039941e-01 |   1.104204e-02 |
|   2.000000e-03 |   9.823821e-01 |   9.754155e-01 |   9.885942e-01 |   9.877208e-01 |   2.069427e-01 |   2.142199e-02 |
|   3.000000e-03 |   9.821754e-01 |   9.750610e-01 |   9.884981e-01 |   9.876049e-01 |   2.080557e-01 |   2.080872e-02 |
|   4.000000e-03 |   9.819696e-01 |   9.748097e-01 |   9.884157e-01 |   9.875154e-01 |   2.079012e-01 |   2.031187e-02 |
|   5.000000e-03 |   9.817465e-01 |   9.746065e-01 |   9.883425e-01 |   9.874430e-01 |   2.065221e-01 |   1.988159e-02 |
|   6.000000e-03 |   9.815015e-01 |   9.744313e-01 |   9.882759e-01 |   9.873832e-01 |   2.040309e-01 |   1.949551e-02 |
|   7.000000e-03 |   9.812367e-01 |   9.742746e-01 |   9.882144e-01 |   9.873331e-01 |   2.006105e-01 |   1.914155e-02 |
|   8.000000e-03 |   9.809566e-01 |   9.741314e-01 |   9.881569e-01 |   9.872904e-01 |   1.964695e-01 |   1.881240e-02 |
|   9.000000e-03 |   9.806664e-01 |   9.739986e-01 |   9.881027e-01 |   9.872536e-01 |   1.918058e-01 |   1.850325e-02 |
|   1.000000e-02 |   9.803708e-01 |   9.738740e-01 |   9.880513e-01 |   9.872212e-01 |   1.867888e-01 |   1.821080e-02 |
|   1.100000e-02 |   9.800736e-01 |   9.737563e-01 |   9.880023e-01 |   9.871924e-01 |   1.815544e-01 |   1.793267e-02 |
|   1.200000e-02 |   9.797778e-01 |   9.736445e-01 |   9.879555e-01 |   9.871663e-01 |   1.762071e-01 |   1.766713e-02 |
|   1.300000e-02 |   9.794856e-01 |   9.735379e-01 |   9.879106e-01 |   9.871425e-01 |   1.708251e-01 |   1.741286e-02 |
+----------------+----------------+----------------+----------------+----------------+----------------+----------------+
+----------------+----------------+----------------+------------------+----------------+----------------+
| time           | mass           | mass_reaction  | outflow_gradient | platen_max     | platen_min     |
+----------------+----------------+----------------+------------------+----------------+----------------+
|   0.000000e+00 |   1.600000e-01 |   0.000000e+00 |     0.000000e+00 |   0.000000e+00 |   0.000000e+00 |
|   1.000000e-03 |   1.595054e-01 |  -4.946061e-01 |     3.124538e-01 |  -2.973988e-03 |  -2.973988e-03 |
|   2.000000e-03 |   1.587956e-01 |  -7.097626e-01 |     5.159005e-01 |  -5.856958e-03 |  -5.856958e-03 |
|   3.000000e-03 |   1.583874e-01 |  -4.082130e-01 |     3.816707e-01 |  -5.913538e-03 |  -5.913538e-03 |
|   4.000000e-03 |   1.580568e-01 |  -3.305949e-01 |     3.159525e-01 |  -5.959348e-03 |  -5.959348e-03 |
|   5.000000e-03 |   1.577706e-01 |  -2.862272e-01 |     2.763210e-01 |  -5.999000e-03 |  -5.999000e-03 |
|   6.000000e-03 |   1.575138e-01 |  -2.567622e-01 |     2.492480e-01 |  -6.034566e-03 |  -6.034566e-03 |
|   7.000000e-03 |   1.572785e-01 |  -2.353362e-01 |     2.292325e-01 |  -6.067163e-03 |  -6.067163e-03 |
|   8.000000e-03 |   1.570597e-01 |  -2.187860e-01 |     2.136019e-01 |  -6.097469e-03 |  -6.097469e-03 |
|   9.000000e-03 |   1.568543e-01 |  -2.054272e-01 |     2.008855e-01 |  -6.125928e-03 |  -6.125928e-03 |
|   1.000000e-02 |   1.566600e-01 |  -1.942688e-01 |     1.901990e-01 |  -6.152848e-03 |  -6.152848e-03 |
|   1.100000e-02 |   1.564753e-01 |  -1.846860e-01 |     1.809767e-01 |  -6.178446e-03 |  -6.178446e-03 |
|   1.200000e-02 |   1.562991e-01 |  -1.762651e-01 |     1.728403e-01 |  -6.202885e-03 |  -6.202885e-03 |
|   1.300000e-02 |   1.561303e-01 |  -1.687225e-01 |     1.655287e-01 |  -6.226286e-03 |  -6.226286e-03 |
+----------------+----------------+----------------+------------------+----------------+----------------+
+----------------+--------------------+--------------------+----------------+----------------+----------------+
| time           | solid_fraction_max | solid_fraction_min | stability_max  | stability_min  | top_reaction   |
+----------------+--------------------+--------------------+----------------+----------------+----------------+
|   0.000000e+00 |       6.000000e-01 |       6.000000e-01 |   2.800000e+01 |   2.800000e+01 |   0.000000e+00 |
|   1.000000e-03 |       6.040059e-01 |       6.016289e-01 |   2.806028e+01 |   2.800433e+01 |  -7.000000e-01 |
|   2.000000e-03 |       6.080489e-01 |       6.032607e-01 |   2.811922e+01 |   2.800722e+01 |  -1.400000e+00 |
|   3.000000e-03 |       6.082106e-01 |       6.033168e-01 |   2.811983e+01 |   2.800534e+01 |  -1.400000e+00 |
|   4.000000e-03 |       6.083163e-01 |       6.033886e-01 |   2.811970e+01 |   2.800442e+01 |  -1.400000e+00 |
|   5.000000e-03 |       6.083976e-01 |       6.034815e-01 |   2.811887e+01 |   2.800387e+01 |  -1.400000e+00 |
|   6.000000e-03 |       6.084656e-01 |       6.035956e-01 |   2.811740e+01 |   2.800349e+01 |  -1.400000e+00 |
|   7.000000e-03 |       6.085251e-01 |       6.037278e-01 |   2.811540e+01 |   2.800321e+01 |  -1.400000e+00 |
|   8.000000e-03 |       6.085787e-01 |       6.038741e-01 |   2.811299e+01 |   2.800299e+01 |  -1.400000e+00 |
|   9.000000e-03 |       6.086279e-01 |       6.040303e-01 |   2.811028e+01 |   2.800281e+01 |  -1.400000e+00 |
|   1.000000e-02 |       6.086737e-01 |       6.041926e-01 |   2.810738e+01 |   2.800267e+01 |  -1.400000e+00 |
|   1.100000e-02 |       6.087167e-01 |       6.043582e-01 |   2.810436e+01 |   2.800254e+01 |  -1.400000e+00 |
|   1.200000e-02 |       6.087573e-01 |       6.045247e-01 |   2.810128e+01 |   2.800242e+01 |  -1.400000e+00 |
|   1.300000e-02 |       6.087959e-01 |       6.046904e-01 |   2.809818e+01 |   2.800232e+01 |  -1.400000e+00 |
+----------------+--------------------+--------------------+----------------+----------------+----------------+


Time Step 14, time = 0.014, dt = 0.001
 * Nonlinear |R| = [32m2.073251e-02[39m (Before preset BCs, predictors, correctors, and constraints)
 0 Nonlinear |R| = [32m2.073251e-02[39m
      0 Linear |R| = [32m2.073251e-02[39m
      1 Linear |R| = [32m6.342716e-03[39m
      2 Linear |R| = [32m5.643430e-03[39m
      3 Linear |R| = [32m1.143792e-04[39m
      4 Linear |R| = [32m3.064669e-05[39m
      5 Linear |R| = [32m2.370776e-05[39m
      6 Linear |R| = [32m2.885728e-06[39m
      7 Linear |R| = [32m1.652632e-06[39m
      8 Linear |R| = [32m2.912887e-07[39m
      9 Linear |R| = [32m2.694889e-07[39m
     10 Linear |R| = [32m2.789579e-08[39m
     11 Linear |R| = [32m7.354588e-09[39m
     12 Linear |R| = [32m5.973034e-10[39m
     13 Linear |R| = [32m4.915938e-10[39m
     14 Linear |R| = [32m1.780974e-10[39m
     15 Linear |R| = [32m7.397542e-12[39m
 1 Nonlinear |R| = [32m1.051603e-05[39m
      0 Linear |R| = [32m1.051603e-05[39m
      1 Linear |R| = [32m1.715192e-06[39m
      2 Linear |R| = [32m1.753866e-07[39m
      3 Linear |R| = [32m3.284656e-08[39m
      4 Linear |R| = [32m9.541680e-09[39m
      5 Linear |R| = [32m8.788597e-09[39m
      6 Linear |R| = [32m2.567046e-09[39m
      7 Linear |R| = [32m8.250268e-10[39m
      8 Linear |R| = [32m8.478395e-11[39m
      9 Linear |R| = [32m7.954409e-11[39m
     10 Linear |R| = [32m2.367835e-11[39m
     11 Linear |R| = [32m3.927215e-12[39m
     12 Linear |R| = [32m3.874276e-13[39m
     13 Linear |R| = [33m3.840411e-13[39m
     14 Linear |R| = [32m6.168267e-14[39m
     15 Linear |R| = [32m5.104312e-15[39m
 2 Nonlinear |R| = [32m2.586065e-11[39m
      0 Linear |R| = [32m2.586065e-11[39m
      1 Linear |R| = [32m1.731915e-12[39m
      2 Linear |R| = [32m1.565276e-12[39m
      3 Linear |R| = [32m1.375020e-13[39m
      4 Linear |R| = [32m6.125040e-14[39m
      5 Linear |R| = [32m3.211188e-14[39m
      6 Linear |R| = [32m2.997819e-14[39m
      7 Linear |R| = [32m2.264103e-15[39m
      8 Linear |R| = [32m9.300640e-16[39m
      9 Linear |R| = [32m4.636051e-16[39m
     10 Linear |R| = [33m4.474404e-16[39m
     11 Linear |R| = [32m4.342069e-17[39m
     12 Linear |R| = [32m9.525875e-18[39m
     13 Linear |R| = [32m4.175087e-18[39m
     14 Linear |R| = [32m1.415098e-18[39m
     15 Linear |R| = [32m1.264853e-19[39m
     16 Linear |R| = [32m4.336974e-20[39m
     17 Linear |R| = [32m3.935573e-20[39m
     18 Linear |R| = [32m1.840290e-21[39m
 3 Nonlinear |R| = [32m2.405126e-14[39m
[32m Solve Converged![39m

Outlier Variable Residual Norms:
  uy: [33m2.121776e-14[39m

Postprocessor Values:
+----------------+----------------+----------------+----------------+----------------+----------------+----------------+
| time           | J_max          | J_min          | Jbar_max       | Jbar_min       | center_pressure| edge_ux        |
+----------------+----------------+----------------+----------------+----------------+----------------+----------------+
|   0.000000e+00 |   1.000000e+00 |   1.000000e+00 |   1.000000e+00 |   1.000000e+00 |   0.000000e+00 |   0.000000e+00 |
|   1.000000e-03 |   9.911065e-01 |   9.876009e-01 |   9.942198e-01 |   9.937972e-01 |   1.039941e-01 |   1.104204e-02 |
|   2.000000e-03 |   9.823821e-01 |   9.754155e-01 |   9.885942e-01 |   9.877208e-01 |   2.069427e-01 |   2.142199e-02 |
|   3.000000e-03 |   9.821754e-01 |   9.750610e-01 |   9.884981e-01 |   9.876049e-01 |   2.080557e-01 |   2.080872e-02 |
|   4.000000e-03 |   9.819696e-01 |   9.748097e-01 |   9.884157e-01 |   9.875154e-01 |   2.079012e-01 |   2.031187e-02 |
|   5.000000e-03 |   9.817465e-01 |   9.746065e-01 |   9.883425e-01 |   9.874430e-01 |   2.065221e-01 |   1.988159e-02 |
|   6.000000e-03 |   9.815015e-01 |   9.744313e-01 |   9.882759e-01 |   9.873832e-01 |   2.040309e-01 |   1.949551e-02 |
|   7.000000e-03 |   9.812367e-01 |   9.742746e-01 |   9.882144e-01 |   9.873331e-01 |   2.006105e-01 |   1.914155e-02 |
|   8.000000e-03 |   9.809566e-01 |   9.741314e-01 |   9.881569e-01 |   9.872904e-01 |   1.964695e-01 |   1.881240e-02 |
|   9.000000e-03 |   9.806664e-01 |   9.739986e-01 |   9.881027e-01 |   9.872536e-01 |   1.918058e-01 |   1.850325e-02 |
|   1.000000e-02 |   9.803708e-01 |   9.738740e-01 |   9.880513e-01 |   9.872212e-01 |   1.867888e-01 |   1.821080e-02 |
|   1.100000e-02 |   9.800736e-01 |   9.737563e-01 |   9.880023e-01 |   9.871924e-01 |   1.815544e-01 |   1.793267e-02 |
|   1.200000e-02 |   9.797778e-01 |   9.736445e-01 |   9.879555e-01 |   9.871663e-01 |   1.762071e-01 |   1.766713e-02 |
|   1.300000e-02 |   9.794856e-01 |   9.735379e-01 |   9.879106e-01 |   9.871425e-01 |   1.708251e-01 |   1.741286e-02 |
|   1.400000e-02 |   9.791987e-01 |   9.734358e-01 |   9.878674e-01 |   9.871205e-01 |   1.654653e-01 |   1.716884e-02 |
+----------------+----------------+----------------+----------------+----------------+----------------+----------------+
+----------------+----------------+----------------+------------------+----------------+----------------+
| time           | mass           | mass_reaction  | outflow_gradient | platen_max     | platen_min     |
+----------------+----------------+----------------+------------------+----------------+----------------+
|   0.000000e+00 |   1.600000e-01 |   0.000000e+00 |     0.000000e+00 |   0.000000e+00 |   0.000000e+00 |
|   1.000000e-03 |   1.595054e-01 |  -4.946061e-01 |     3.124538e-01 |  -2.973988e-03 |  -2.973988e-03 |
|   2.000000e-03 |   1.587956e-01 |  -7.097626e-01 |     5.159005e-01 |  -5.856958e-03 |  -5.856958e-03 |
|   3.000000e-03 |   1.583874e-01 |  -4.082130e-01 |     3.816707e-01 |  -5.913538e-03 |  -5.913538e-03 |
|   4.000000e-03 |   1.580568e-01 |  -3.305949e-01 |     3.159525e-01 |  -5.959348e-03 |  -5.959348e-03 |
|   5.000000e-03 |   1.577706e-01 |  -2.862272e-01 |     2.763210e-01 |  -5.999000e-03 |  -5.999000e-03 |
|   6.000000e-03 |   1.575138e-01 |  -2.567622e-01 |     2.492480e-01 |  -6.034566e-03 |  -6.034566e-03 |
|   7.000000e-03 |   1.572785e-01 |  -2.353362e-01 |     2.292325e-01 |  -6.067163e-03 |  -6.067163e-03 |
|   8.000000e-03 |   1.570597e-01 |  -2.187860e-01 |     2.136019e-01 |  -6.097469e-03 |  -6.097469e-03 |
|   9.000000e-03 |   1.568543e-01 |  -2.054272e-01 |     2.008855e-01 |  -6.125928e-03 |  -6.125928e-03 |
|   1.000000e-02 |   1.566600e-01 |  -1.942688e-01 |     1.901990e-01 |  -6.152848e-03 |  -6.152848e-03 |
|   1.100000e-02 |   1.564753e-01 |  -1.846860e-01 |     1.809767e-01 |  -6.178446e-03 |  -6.178446e-03 |
|   1.200000e-02 |   1.562991e-01 |  -1.762651e-01 |     1.728403e-01 |  -6.202885e-03 |  -6.202885e-03 |
|   1.300000e-02 |   1.561303e-01 |  -1.687225e-01 |     1.655287e-01 |  -6.226286e-03 |  -6.226286e-03 |
|   1.400000e-02 |   1.559685e-01 |  -1.618591e-01 |     1.588576e-01 |  -6.248744e-03 |  -6.248744e-03 |
+----------------+----------------+----------------+------------------+----------------+----------------+
+----------------+--------------------+--------------------+----------------+----------------+----------------+
| time           | solid_fraction_max | solid_fraction_min | stability_max  | stability_min  | top_reaction   |
+----------------+--------------------+--------------------+----------------+----------------+----------------+
|   0.000000e+00 |       6.000000e-01 |       6.000000e-01 |   2.800000e+01 |   2.800000e+01 |   0.000000e+00 |
|   1.000000e-03 |       6.040059e-01 |       6.016289e-01 |   2.806028e+01 |   2.800433e+01 |  -7.000000e-01 |
|   2.000000e-03 |       6.080489e-01 |       6.032607e-01 |   2.811922e+01 |   2.800722e+01 |  -1.400000e+00 |
|   3.000000e-03 |       6.082106e-01 |       6.033168e-01 |   2.811983e+01 |   2.800534e+01 |  -1.400000e+00 |
|   4.000000e-03 |       6.083163e-01 |       6.033886e-01 |   2.811970e+01 |   2.800442e+01 |  -1.400000e+00 |
|   5.000000e-03 |       6.083976e-01 |       6.034815e-01 |   2.811887e+01 |   2.800387e+01 |  -1.400000e+00 |
|   6.000000e-03 |       6.084656e-01 |       6.035956e-01 |   2.811740e+01 |   2.800349e+01 |  -1.400000e+00 |
|   7.000000e-03 |       6.085251e-01 |       6.037278e-01 |   2.811540e+01 |   2.800321e+01 |  -1.400000e+00 |
|   8.000000e-03 |       6.085787e-01 |       6.038741e-01 |   2.811299e+01 |   2.800299e+01 |  -1.400000e+00 |
|   9.000000e-03 |       6.086279e-01 |       6.040303e-01 |   2.811028e+01 |   2.800281e+01 |  -1.400000e+00 |
|   1.000000e-02 |       6.086737e-01 |       6.041926e-01 |   2.810738e+01 |   2.800267e+01 |  -1.400000e+00 |
|   1.100000e-02 |       6.087167e-01 |       6.043582e-01 |   2.810436e+01 |   2.800254e+01 |  -1.400000e+00 |
|   1.200000e-02 |       6.087573e-01 |       6.045247e-01 |   2.810128e+01 |   2.800242e+01 |  -1.400000e+00 |
|   1.300000e-02 |       6.087959e-01 |       6.046904e-01 |   2.809818e+01 |   2.800232e+01 |  -1.400000e+00 |
|   1.400000e-02 |       6.088328e-01 |       6.048541e-01 |   2.809509e+01 |   2.800223e+01 |  -1.400000e+00 |
+----------------+--------------------+--------------------+----------------+----------------+----------------+


Time Step 15, time = 0.015, dt = 0.001
 * Nonlinear |R| = [32m1.997643e-02[39m (Before preset BCs, predictors, correctors, and constraints)
 0 Nonlinear |R| = [32m1.997643e-02[39m
      0 Linear |R| = [32m1.997643e-02[39m
      1 Linear |R| = [32m6.099714e-03[39m
      2 Linear |R| = [32m5.428411e-03[39m
      3 Linear |R| = [32m1.099572e-04[39m
      4 Linear |R| = [32m2.946781e-05[39m
      5 Linear |R| = [32m2.117928e-05[39m
      6 Linear |R| = [32m2.860120e-06[39m
      7 Linear |R| = [32m1.629463e-06[39m
      8 Linear |R| = [32m2.790949e-07[39m
      9 Linear |R| = [32m2.400134e-07[39m
     10 Linear |R| = [32m2.715223e-08[39m
     11 Linear |R| = [32m6.921588e-09[39m
     12 Linear |R| = [32m5.060322e-10[39m
     13 Linear |R| = [32m4.800493e-10[39m
     14 Linear |R| = [32m1.660248e-10[39m
     15 Linear |R| = [32m7.031447e-12[39m
 1 Nonlinear |R| = [32m9.869016e-06[39m
      0 Linear |R| = [32m9.869016e-06[39m
      1 Linear |R| = [32m1.605732e-06[39m
      2 Linear |R| = [32m1.679635e-07[39m
      3 Linear |R| = [32m3.075932e-08[39m
      4 Linear |R| = [32m9.003249e-09[39m
      5 Linear |R| = [32m8.468607e-09[39m
      6 Linear |R| = [32m2.500987e-09[39m
      7 Linear |R| = [32m7.777446e-10[39m
      8 Linear |R| = [32m8.125773e-11[39m
      9 Linear |R| = [33m7.853292e-11[39m
     10 Linear |R| = [32m2.280302e-11[39m
     11 Linear |R| = [32m3.841752e-12[39m
     12 Linear |R| = [32m4.159983e-13[39m
     13 Linear |R| = [32m3.694554e-13[39m
     14 Linear |R| = [32m5.962883e-14[39m
     15 Linear |R| = [32m4.805184e-15[39m
 2 Nonlinear |R| = [32m2.833053e-11[39m
      0 Linear |R| = [32m2.833053e-11[39m
      1 Linear |R| = [32m4.266545e-12[39m
      2 Linear |R| = [32m3.699564e-12[39m
      3 Linear |R| = [32m1.022411e-13[39m
      4 Linear |R| = [32m4.745234e-14[39m
      5 Linear |R| = [32m3.114181e-14[39m
      6 Linear |R| = [32m2.289398e-14[39m
      7 Linear |R| = [32m1.736379e-15[39m
      8 Linear |R| = [32m5.257385e-16[39m
      9 Linear |R| = [32m2.878778e-16[39m
     10 Linear |R| = [32m2.451764e-16[39m
     11 Linear |R| = [32m4.552768e-17[39m
     12 Linear |R| = [32m5.740551e-18[39m
     13 Linear |R| = [32m3.616973e-18[39m
     14 Linear |R| = [32m1.597374e-18[39m
     15 Linear |R| = [32m7.116528e-20[39m
     16 Linear |R| = [32m3.074490e-20[39m
     17 Linear |R| = [33m2.970946e-20[39m
     18 Linear |R| = [32m1.409260e-21[39m
 3 Nonlinear |R| = [32m2.377712e-14[39m
[32m Solve Converged![39m

Outlier Variable Residual Norms:
  uy: [33m1.991751e-14[39m

Postprocessor Values:
+----------------+----------------+----------------+----------------+----------------+----------------+----------------+
| time           | J_max          | J_min          | Jbar_max       | Jbar_min       | center_pressure| edge_ux        |
+----------------+----------------+----------------+----------------+----------------+----------------+----------------+
:                :                :                :                :                :                :                :
|   1.000000e-03 |   9.911065e-01 |   9.876009e-01 |   9.942198e-01 |   9.937972e-01 |   1.039941e-01 |   1.104204e-02 |
|   2.000000e-03 |   9.823821e-01 |   9.754155e-01 |   9.885942e-01 |   9.877208e-01 |   2.069427e-01 |   2.142199e-02 |
|   3.000000e-03 |   9.821754e-01 |   9.750610e-01 |   9.884981e-01 |   9.876049e-01 |   2.080557e-01 |   2.080872e-02 |
|   4.000000e-03 |   9.819696e-01 |   9.748097e-01 |   9.884157e-01 |   9.875154e-01 |   2.079012e-01 |   2.031187e-02 |
|   5.000000e-03 |   9.817465e-01 |   9.746065e-01 |   9.883425e-01 |   9.874430e-01 |   2.065221e-01 |   1.988159e-02 |
|   6.000000e-03 |   9.815015e-01 |   9.744313e-01 |   9.882759e-01 |   9.873832e-01 |   2.040309e-01 |   1.949551e-02 |
|   7.000000e-03 |   9.812367e-01 |   9.742746e-01 |   9.882144e-01 |   9.873331e-01 |   2.006105e-01 |   1.914155e-02 |
|   8.000000e-03 |   9.809566e-01 |   9.741314e-01 |   9.881569e-01 |   9.872904e-01 |   1.964695e-01 |   1.881240e-02 |
|   9.000000e-03 |   9.806664e-01 |   9.739986e-01 |   9.881027e-01 |   9.872536e-01 |   1.918058e-01 |   1.850325e-02 |
|   1.000000e-02 |   9.803708e-01 |   9.738740e-01 |   9.880513e-01 |   9.872212e-01 |   1.867888e-01 |   1.821080e-02 |
|   1.100000e-02 |   9.800736e-01 |   9.737563e-01 |   9.880023e-01 |   9.871924e-01 |   1.815544e-01 |   1.793267e-02 |
|   1.200000e-02 |   9.797778e-01 |   9.736445e-01 |   9.879555e-01 |   9.871663e-01 |   1.762071e-01 |   1.766713e-02 |
|   1.300000e-02 |   9.794856e-01 |   9.735379e-01 |   9.879106e-01 |   9.871425e-01 |   1.708251e-01 |   1.741286e-02 |
|   1.400000e-02 |   9.791987e-01 |   9.734358e-01 |   9.878674e-01 |   9.871205e-01 |   1.654653e-01 |   1.716884e-02 |
|   1.500000e-02 |   9.789180e-01 |   9.733379e-01 |   9.878259e-01 |   9.871000e-01 |   1.601687e-01 |   1.693426e-02 |
+----------------+----------------+----------------+----------------+----------------+----------------+----------------+
+----------------+----------------+----------------+------------------+----------------+----------------+
| time           | mass           | mass_reaction  | outflow_gradient | platen_max     | platen_min     |
+----------------+----------------+----------------+------------------+----------------+----------------+
:                :                :                :                  :                :                :
|   1.000000e-03 |   1.595054e-01 |  -4.946061e-01 |     3.124538e-01 |  -2.973988e-03 |  -2.973988e-03 |
|   2.000000e-03 |   1.587956e-01 |  -7.097626e-01 |     5.159005e-01 |  -5.856958e-03 |  -5.856958e-03 |
|   3.000000e-03 |   1.583874e-01 |  -4.082130e-01 |     3.816707e-01 |  -5.913538e-03 |  -5.913538e-03 |
|   4.000000e-03 |   1.580568e-01 |  -3.305949e-01 |     3.159525e-01 |  -5.959348e-03 |  -5.959348e-03 |
|   5.000000e-03 |   1.577706e-01 |  -2.862272e-01 |     2.763210e-01 |  -5.999000e-03 |  -5.999000e-03 |
|   6.000000e-03 |   1.575138e-01 |  -2.567622e-01 |     2.492480e-01 |  -6.034566e-03 |  -6.034566e-03 |
|   7.000000e-03 |   1.572785e-01 |  -2.353362e-01 |     2.292325e-01 |  -6.067163e-03 |  -6.067163e-03 |
|   8.000000e-03 |   1.570597e-01 |  -2.187860e-01 |     2.136019e-01 |  -6.097469e-03 |  -6.097469e-03 |
|   9.000000e-03 |   1.568543e-01 |  -2.054272e-01 |     2.008855e-01 |  -6.125928e-03 |  -6.125928e-03 |
|   1.000000e-02 |   1.566600e-01 |  -1.942688e-01 |     1.901990e-01 |  -6.152848e-03 |  -6.152848e-03 |
|   1.100000e-02 |   1.564753e-01 |  -1.846860e-01 |     1.809767e-01 |  -6.178446e-03 |  -6.178446e-03 |
|   1.200000e-02 |   1.562991e-01 |  -1.762651e-01 |     1.728403e-01 |  -6.202885e-03 |  -6.202885e-03 |
|   1.300000e-02 |   1.561303e-01 |  -1.687225e-01 |     1.655287e-01 |  -6.226286e-03 |  -6.226286e-03 |
|   1.400000e-02 |   1.559685e-01 |  -1.618591e-01 |     1.588576e-01 |  -6.248744e-03 |  -6.248744e-03 |
|   1.500000e-02 |   1.558130e-01 |  -1.555324e-01 |     1.526949e-01 |  -6.270332e-03 |  -6.270332e-03 |
+----------------+----------------+----------------+------------------+----------------+----------------+
+----------------+--------------------+--------------------+----------------+----------------+----------------+
| time           | solid_fraction_max | solid_fraction_min | stability_max  | stability_min  | top_reaction   |
+----------------+--------------------+--------------------+----------------+----------------+----------------+
:                :                    :                    :                :                :                :
|   1.000000e-03 |       6.040059e-01 |       6.016289e-01 |   2.806028e+01 |   2.800433e+01 |  -7.000000e-01 |
|   2.000000e-03 |       6.080489e-01 |       6.032607e-01 |   2.811922e+01 |   2.800722e+01 |  -1.400000e+00 |
|   3.000000e-03 |       6.082106e-01 |       6.033168e-01 |   2.811983e+01 |   2.800534e+01 |  -1.400000e+00 |
|   4.000000e-03 |       6.083163e-01 |       6.033886e-01 |   2.811970e+01 |   2.800442e+01 |  -1.400000e+00 |
|   5.000000e-03 |       6.083976e-01 |       6.034815e-01 |   2.811887e+01 |   2.800387e+01 |  -1.400000e+00 |
|   6.000000e-03 |       6.084656e-01 |       6.035956e-01 |   2.811740e+01 |   2.800349e+01 |  -1.400000e+00 |
|   7.000000e-03 |       6.085251e-01 |       6.037278e-01 |   2.811540e+01 |   2.800321e+01 |  -1.400000e+00 |
|   8.000000e-03 |       6.085787e-01 |       6.038741e-01 |   2.811299e+01 |   2.800299e+01 |  -1.400000e+00 |
|   9.000000e-03 |       6.086279e-01 |       6.040303e-01 |   2.811028e+01 |   2.800281e+01 |  -1.400000e+00 |
|   1.000000e-02 |       6.086737e-01 |       6.041926e-01 |   2.810738e+01 |   2.800267e+01 |  -1.400000e+00 |
|   1.100000e-02 |       6.087167e-01 |       6.043582e-01 |   2.810436e+01 |   2.800254e+01 |  -1.400000e+00 |
|   1.200000e-02 |       6.087573e-01 |       6.045247e-01 |   2.810128e+01 |   2.800242e+01 |  -1.400000e+00 |
|   1.300000e-02 |       6.087959e-01 |       6.046904e-01 |   2.809818e+01 |   2.800232e+01 |  -1.400000e+00 |
|   1.400000e-02 |       6.088328e-01 |       6.048541e-01 |   2.809509e+01 |   2.800223e+01 |  -1.400000e+00 |
|   1.500000e-02 |       6.088681e-01 |       6.050150e-01 |   2.809204e+01 |   2.800214e+01 |  -1.400000e+00 |
+----------------+--------------------+--------------------+----------------+----------------+----------------+


Time Step 16, time = 0.016, dt = 0.001
 * Nonlinear |R| = [32m1.926433e-02[39m (Before preset BCs, predictors, correctors, and constraints)
 0 Nonlinear |R| = [32m1.926433e-02[39m
      0 Linear |R| = [32m1.926433e-02[39m
      1 Linear |R| = [32m5.873075e-03[39m
      2 Linear |R| = [32m5.227684e-03[39m
      3 Linear |R| = [32m1.058373e-04[39m
      4 Linear |R| = [32m2.838505e-05[39m
      5 Linear |R| = [32m2.127660e-05[39m
      6 Linear |R| = [32m2.818155e-06[39m
      7 Linear |R| = [32m1.598211e-06[39m
      8 Linear |R| = [32m2.682467e-07[39m
      9 Linear |R| = [32m2.271969e-07[39m
     10 Linear |R| = [32m2.637208e-08[39m
     11 Linear |R| = [32m6.569219e-09[39m
     12 Linear |R| = [32m5.662475e-10[39m
     13 Linear |R| = [32m4.684345e-10[39m
     14 Linear |R| = [32m1.558356e-10[39m
     15 Linear |R| = [32m6.712055e-12[39m
 1 Nonlinear |R| = [32m9.266793e-06[39m
      0 Linear |R| = [32m9.266793e-06[39m
      1 Linear |R| = [32m1.495964e-06[39m
      2 Linear |R| = [32m1.363972e-07[39m
      3 Linear |R| = [32m2.866996e-08[39m
      4 Linear |R| = [32m8.416582e-09[39m
      5 Linear |R| = [32m7.799288e-09[39m
      6 Linear |R| = [32m2.377911e-09[39m
      7 Linear |R| = [32m7.264502e-10[39m
      8 Linear |R| = [32m7.882295e-11[39m
      9 Linear |R| = [33m7.561664e-11[39m
     10 Linear |R| = [32m2.107493e-11[39m
     11 Linear |R| = [32m3.824578e-12[39m
     12 Linear |R| = [32m3.435990e-13[39m
     13 Linear |R| = [33m3.385766e-13[39m
     14 Linear |R| = [32m5.671827e-14[39m
     15 Linear |R| = [32m4.410582e-15[39m
 2 Nonlinear |R| = [32m2.453167e-11[39m
      0 Linear |R| = [32m2.453167e-11[39m
      1 Linear |R| = [32m1.055417e-12[39m
      2 Linear |R| = [32m3.916626e-13[39m
      3 Linear |R| = [32m1.019307e-13[39m
      4 Linear |R| = [32m4.869915e-14[39m
      5 Linear |R| = [32m3.167265e-14[39m
      6 Linear |R| = [32m2.149657e-14[39m
      7 Linear |R| = [32m1.378545e-15[39m
      8 Linear |R| = [32m5.719911e-16[39m
      9 Linear |R| = [32m3.513469e-16[39m
     10 Linear |R| = [32m2.628115e-16[39m
     11 Linear |R| = [32m3.140044e-17[39m
     12 Linear |R| = [32m6.455770e-18[39m
     13 Linear |R| = [32m4.740557e-18[39m
     14 Linear |R| = [32m1.268982e-18[39m
     15 Linear |R| = [32m4.030708e-20[39m
     16 Linear |R| = [32m1.573640e-20[39m
 3 Nonlinear |R| = [32m2.855220e-14[39m
[32m Solve Converged![39m

Outlier Variable Residual Norms:
  uy: [33m2.508830e-14[39m

Postprocessor Values:
+----------------+----------------+----------------+----------------+----------------+----------------+----------------+
| time           | J_max          | J_min          | Jbar_max       | Jbar_min       | center_pressure| edge_ux        |
+----------------+----------------+----------------+----------------+----------------+----------------+----------------+
:                :                :                :                :                :                :                :
|   2.000000e-03 |   9.823821e-01 |   9.754155e-01 |   9.885942e-01 |   9.877208e-01 |   2.069427e-01 |   2.142199e-02 |
|   3.000000e-03 |   9.821754e-01 |   9.750610e-01 |   9.884981e-01 |   9.876049e-01 |   2.080557e-01 |   2.080872e-02 |
|   4.000000e-03 |   9.819696e-01 |   9.748097e-01 |   9.884157e-01 |   9.875154e-01 |   2.079012e-01 |   2.031187e-02 |
|   5.000000e-03 |   9.817465e-01 |   9.746065e-01 |   9.883425e-01 |   9.874430e-01 |   2.065221e-01 |   1.988159e-02 |
|   6.000000e-03 |   9.815015e-01 |   9.744313e-01 |   9.882759e-01 |   9.873832e-01 |   2.040309e-01 |   1.949551e-02 |
|   7.000000e-03 |   9.812367e-01 |   9.742746e-01 |   9.882144e-01 |   9.873331e-01 |   2.006105e-01 |   1.914155e-02 |
|   8.000000e-03 |   9.809566e-01 |   9.741314e-01 |   9.881569e-01 |   9.872904e-01 |   1.964695e-01 |   1.881240e-02 |
|   9.000000e-03 |   9.806664e-01 |   9.739986e-01 |   9.881027e-01 |   9.872536e-01 |   1.918058e-01 |   1.850325e-02 |
|   1.000000e-02 |   9.803708e-01 |   9.738740e-01 |   9.880513e-01 |   9.872212e-01 |   1.867888e-01 |   1.821080e-02 |
|   1.100000e-02 |   9.800736e-01 |   9.737563e-01 |   9.880023e-01 |   9.871924e-01 |   1.815544e-01 |   1.793267e-02 |
|   1.200000e-02 |   9.797778e-01 |   9.736445e-01 |   9.879555e-01 |   9.871663e-01 |   1.762071e-01 |   1.766713e-02 |
|   1.300000e-02 |   9.794856e-01 |   9.735379e-01 |   9.879106e-01 |   9.871425e-01 |   1.708251e-01 |   1.741286e-02 |
|   1.400000e-02 |   9.791987e-01 |   9.734358e-01 |   9.878674e-01 |   9.871205e-01 |   1.654653e-01 |   1.716884e-02 |
|   1.500000e-02 |   9.789180e-01 |   9.733379e-01 |   9.878259e-01 |   9.871000e-01 |   1.601687e-01 |   1.693426e-02 |
|   1.600000e-02 |   9.786443e-01 |   9.732438e-01 |   9.877860e-01 |   9.870808e-01 |   1.549639e-01 |   1.670849e-02 |
+----------------+----------------+----------------+----------------+----------------+----------------+----------------+
+----------------+----------------+----------------+------------------+----------------+----------------+
| time           | mass           | mass_reaction  | outflow_gradient | platen_max     | platen_min     |
+----------------+----------------+----------------+------------------+----------------+----------------+
:                :                :                :                  :                :                :
|   2.000000e-03 |   1.587956e-01 |  -7.097626e-01 |     5.159005e-01 |  -5.856958e-03 |  -5.856958e-03 |
|   3.000000e-03 |   1.583874e-01 |  -4.082130e-01 |     3.816707e-01 |  -5.913538e-03 |  -5.913538e-03 |
|   4.000000e-03 |   1.580568e-01 |  -3.305949e-01 |     3.159525e-01 |  -5.959348e-03 |  -5.959348e-03 |
|   5.000000e-03 |   1.577706e-01 |  -2.862272e-01 |     2.763210e-01 |  -5.999000e-03 |  -5.999000e-03 |
|   6.000000e-03 |   1.575138e-01 |  -2.567622e-01 |     2.492480e-01 |  -6.034566e-03 |  -6.034566e-03 |
|   7.000000e-03 |   1.572785e-01 |  -2.353362e-01 |     2.292325e-01 |  -6.067163e-03 |  -6.067163e-03 |
|   8.000000e-03 |   1.570597e-01 |  -2.187860e-01 |     2.136019e-01 |  -6.097469e-03 |  -6.097469e-03 |
|   9.000000e-03 |   1.568543e-01 |  -2.054272e-01 |     2.008855e-01 |  -6.125928e-03 |  -6.125928e-03 |
|   1.000000e-02 |   1.566600e-01 |  -1.942688e-01 |     1.901990e-01 |  -6.152848e-03 |  -6.152848e-03 |
|   1.100000e-02 |   1.564753e-01 |  -1.846860e-01 |     1.809767e-01 |  -6.178446e-03 |  -6.178446e-03 |
|   1.200000e-02 |   1.562991e-01 |  -1.762651e-01 |     1.728403e-01 |  -6.202885e-03 |  -6.202885e-03 |
|   1.300000e-02 |   1.561303e-01 |  -1.687225e-01 |     1.655287e-01 |  -6.226286e-03 |  -6.226286e-03 |
|   1.400000e-02 |   1.559685e-01 |  -1.618591e-01 |     1.588576e-01 |  -6.248744e-03 |  -6.248744e-03 |
|   1.500000e-02 |   1.558130e-01 |  -1.555324e-01 |     1.526949e-01 |  -6.270332e-03 |  -6.270332e-03 |
|   1.600000e-02 |   1.556633e-01 |  -1.496393e-01 |     1.469445e-01 |  -6.291110e-03 |  -6.291110e-03 |
+----------------+----------------+----------------+------------------+----------------+----------------+
+----------------+--------------------+--------------------+----------------+----------------+----------------+
| time           | solid_fraction_max | solid_fraction_min | stability_max  | stability_min  | top_reaction   |
+----------------+--------------------+--------------------+----------------+----------------+----------------+
:                :                    :                    :                :                :                :
|   2.000000e-03 |       6.080489e-01 |       6.032607e-01 |   2.811922e+01 |   2.800722e+01 |  -1.400000e+00 |
|   3.000000e-03 |       6.082106e-01 |       6.033168e-01 |   2.811983e+01 |   2.800534e+01 |  -1.400000e+00 |
|   4.000000e-03 |       6.083163e-01 |       6.033886e-01 |   2.811970e+01 |   2.800442e+01 |  -1.400000e+00 |
|   5.000000e-03 |       6.083976e-01 |       6.034815e-01 |   2.811887e+01 |   2.800387e+01 |  -1.400000e+00 |
|   6.000000e-03 |       6.084656e-01 |       6.035956e-01 |   2.811740e+01 |   2.800349e+01 |  -1.400000e+00 |
|   7.000000e-03 |       6.085251e-01 |       6.037278e-01 |   2.811540e+01 |   2.800321e+01 |  -1.400000e+00 |
|   8.000000e-03 |       6.085787e-01 |       6.038741e-01 |   2.811299e+01 |   2.800299e+01 |  -1.400000e+00 |
|   9.000000e-03 |       6.086279e-01 |       6.040303e-01 |   2.811028e+01 |   2.800281e+01 |  -1.400000e+00 |
|   1.000000e-02 |       6.086737e-01 |       6.041926e-01 |   2.810738e+01 |   2.800267e+01 |  -1.400000e+00 |
|   1.100000e-02 |       6.087167e-01 |       6.043582e-01 |   2.810436e+01 |   2.800254e+01 |  -1.400000e+00 |
|   1.200000e-02 |       6.087573e-01 |       6.045247e-01 |   2.810128e+01 |   2.800242e+01 |  -1.400000e+00 |
|   1.300000e-02 |       6.087959e-01 |       6.046904e-01 |   2.809818e+01 |   2.800232e+01 |  -1.400000e+00 |
|   1.400000e-02 |       6.088328e-01 |       6.048541e-01 |   2.809509e+01 |   2.800223e+01 |  -1.400000e+00 |
|   1.500000e-02 |       6.088681e-01 |       6.050150e-01 |   2.809204e+01 |   2.800214e+01 |  -1.400000e+00 |
|   1.600000e-02 |       6.089020e-01 |       6.051724e-01 |   2.808905e+01 |   2.800206e+01 |  -1.400000e+00 |
+----------------+--------------------+--------------------+----------------+----------------+----------------+


Time Step 17, time = 0.017, dt = 0.001
 * Nonlinear |R| = [32m1.858719e-02[39m (Before preset BCs, predictors, correctors, and constraints)
 0 Nonlinear |R| = [32m1.858719e-02[39m
      0 Linear |R| = [32m1.858719e-02[39m
      1 Linear |R| = [32m5.659887e-03[39m
      2 Linear |R| = [32m5.038749e-03[39m
      3 Linear |R| = [32m1.019650e-04[39m
      4 Linear |R| = [32m2.735588e-05[39m
      5 Linear |R| = [32m1.939544e-05[39m
      6 Linear |R| = [32m2.763827e-06[39m
      7 Linear |R| = [32m1.561408e-06[39m
      8 Linear |R| = [32m2.581535e-07[39m
      9 Linear |R| = [32m2.168146e-07[39m
     10 Linear |R| = [32m2.557450e-08[39m
     11 Linear |R| = [32m6.270883e-09[39m
     12 Linear |R| = [32m5.096144e-10[39m
     13 Linear |R| = [32m4.555636e-10[39m
     14 Linear |R| = [32m1.474248e-10[39m
     15 Linear |R| = [32m6.422039e-12[39m
 1 Nonlinear |R| = [32m8.683952e-06[39m
      0 Linear |R| = [32m8.683952e-06[39m
      1 Linear |R| = [32m1.395910e-06[39m
      2 Linear |R| = [32m1.055715e-07[39m
      3 Linear |R| = [32m2.688511e-08[39m
      4 Linear |R| = [32m7.941080e-09[39m
      5 Linear |R| = [32m7.408763e-09[39m
      6 Linear |R| = [32m2.294710e-09[39m
      7 Linear |R| = [32m6.876010e-10[39m
      8 Linear |R| = [32m7.618506e-11[39m
      9 Linear |R| = [32m7.187242e-11[39m
     10 Linear |R| = [32m2.028422e-11[39m
     11 Linear |R| = [32m3.718739e-12[39m
     12 Linear |R| = [32m3.472852e-13[39m
     13 Linear |R| = [32m3.296630e-13[39m
     14 Linear |R| = [32m5.121715e-14[39m
     15 Linear |R| = [32m4.231165e-15[39m
 2 Nonlinear |R| = [32m2.294866e-11[39m
      0 Linear |R| = [32m2.294866e-11[39m
      1 Linear |R| = [32m2.004179e-12[39m
      2 Linear |R| = [32m9.332331e-13[39m
      3 Linear |R| = [32m1.197599e-13[39m
      4 Linear |R| = [32m4.398982e-14[39m
      5 Linear |R| = [32m2.292692e-14[39m
      6 Linear |R| = [32m1.975425e-14[39m
      7 Linear |R| = [32m3.324417e-15[39m
      8 Linear |R| = [32m7.775082e-16[39m
      9 Linear |R| = [32m2.831743e-16[39m
     10 Linear |R| = [32m2.361878e-16[39m
     11 Linear |R| = [32m4.666615e-17[39m
     12 Linear |R| = [32m4.957610e-18[39m
     13 Linear |R| = [32m3.315990e-18[39m
     14 Linear |R| = [32m1.160543e-18[39m
     15 Linear |R| = [32m5.341468e-20[39m
     16 Linear |R| = [32m2.241819e-20[39m
 3 Nonlinear |R| = [32m2.477223e-14[39m
[32m Solve Converged![39m

Outlier Variable Residual Norms:
  uy: [33m2.042394e-14[39m

Postprocessor Values:
+----------------+----------------+----------------+----------------+----------------+----------------+----------------+
| time           | J_max          | J_min          | Jbar_max       | Jbar_min       | center_pressure| edge_ux        |
+----------------+----------------+----------------+----------------+----------------+----------------+----------------+
:                :                :                :                :                :                :                :
|   3.000000e-03 |   9.821754e-01 |   9.750610e-01 |   9.884981e-01 |   9.876049e-01 |   2.080557e-01 |   2.080872e-02 |
|   4.000000e-03 |   9.819696e-01 |   9.748097e-01 |   9.884157e-01 |   9.875154e-01 |   2.079012e-01 |   2.031187e-02 |
|   5.000000e-03 |   9.817465e-01 |   9.746065e-01 |   9.883425e-01 |   9.874430e-01 |   2.065221e-01 |   1.988159e-02 |
|   6.000000e-03 |   9.815015e-01 |   9.744313e-01 |   9.882759e-01 |   9.873832e-01 |   2.040309e-01 |   1.949551e-02 |
|   7.000000e-03 |   9.812367e-01 |   9.742746e-01 |   9.882144e-01 |   9.873331e-01 |   2.006105e-01 |   1.914155e-02 |
|   8.000000e-03 |   9.809566e-01 |   9.741314e-01 |   9.881569e-01 |   9.872904e-01 |   1.964695e-01 |   1.881240e-02 |
|   9.000000e-03 |   9.806664e-01 |   9.739986e-01 |   9.881027e-01 |   9.872536e-01 |   1.918058e-01 |   1.850325e-02 |
|   1.000000e-02 |   9.803708e-01 |   9.738740e-01 |   9.880513e-01 |   9.872212e-01 |   1.867888e-01 |   1.821080e-02 |
|   1.100000e-02 |   9.800736e-01 |   9.737563e-01 |   9.880023e-01 |   9.871924e-01 |   1.815544e-01 |   1.793267e-02 |
|   1.200000e-02 |   9.797778e-01 |   9.736445e-01 |   9.879555e-01 |   9.871663e-01 |   1.762071e-01 |   1.766713e-02 |
|   1.300000e-02 |   9.794856e-01 |   9.735379e-01 |   9.879106e-01 |   9.871425e-01 |   1.708251e-01 |   1.741286e-02 |
|   1.400000e-02 |   9.791987e-01 |   9.734358e-01 |   9.878674e-01 |   9.871205e-01 |   1.654653e-01 |   1.716884e-02 |
|   1.500000e-02 |   9.789180e-01 |   9.733379e-01 |   9.878259e-01 |   9.871000e-01 |   1.601687e-01 |   1.693426e-02 |
|   1.600000e-02 |   9.786443e-01 |   9.732438e-01 |   9.877860e-01 |   9.870808e-01 |   1.549639e-01 |   1.670849e-02 |
|   1.700000e-02 |   9.783781e-01 |   9.731532e-01 |   9.877475e-01 |   9.870627e-01 |   1.498706e-01 |   1.649099e-02 |
+----------------+----------------+----------------+----------------+----------------+----------------+----------------+
+----------------+----------------+----------------+------------------+----------------+----------------+
| time           | mass           | mass_reaction  | outflow_gradient | platen_max     | platen_min     |
+----------------+----------------+----------------+------------------+----------------+----------------+
:                :                :                :                  :                :                :
|   3.000000e-03 |   1.583874e-01 |  -4.082130e-01 |     3.816707e-01 |  -5.913538e-03 |  -5.913538e-03 |
|   4.000000e-03 |   1.580568e-01 |  -3.305949e-01 |     3.159525e-01 |  -5.959348e-03 |  -5.959348e-03 |
|   5.000000e-03 |   1.577706e-01 |  -2.862272e-01 |     2.763210e-01 |  -5.999000e-03 |  -5.999000e-03 |
|   6.000000e-03 |   1.575138e-01 |  -2.567622e-01 |     2.492480e-01 |  -6.034566e-03 |  -6.034566e-03 |
|   7.000000e-03 |   1.572785e-01 |  -2.353362e-01 |     2.292325e-01 |  -6.067163e-03 |  -6.067163e-03 |
|   8.000000e-03 |   1.570597e-01 |  -2.187860e-01 |     2.136019e-01 |  -6.097469e-03 |  -6.097469e-03 |
|   9.000000e-03 |   1.568543e-01 |  -2.054272e-01 |     2.008855e-01 |  -6.125928e-03 |  -6.125928e-03 |
|   1.000000e-02 |   1.566600e-01 |  -1.942688e-01 |     1.901990e-01 |  -6.152848e-03 |  -6.152848e-03 |
|   1.100000e-02 |   1.564753e-01 |  -1.846860e-01 |     1.809767e-01 |  -6.178446e-03 |  -6.178446e-03 |
|   1.200000e-02 |   1.562991e-01 |  -1.762651e-01 |     1.728403e-01 |  -6.202885e-03 |  -6.202885e-03 |
|   1.300000e-02 |   1.561303e-01 |  -1.687225e-01 |     1.655287e-01 |  -6.226286e-03 |  -6.226286e-03 |
|   1.400000e-02 |   1.559685e-01 |  -1.618591e-01 |     1.588576e-01 |  -6.248744e-03 |  -6.248744e-03 |
|   1.500000e-02 |   1.558130e-01 |  -1.555324e-01 |     1.526949e-01 |  -6.270332e-03 |  -6.270332e-03 |
|   1.600000e-02 |   1.556633e-01 |  -1.496393e-01 |     1.469445e-01 |  -6.291110e-03 |  -6.291110e-03 |
|   1.700000e-02 |   1.555192e-01 |  -1.441043e-01 |     1.415358e-01 |  -6.311128e-03 |  -6.311128e-03 |
+----------------+----------------+----------------+------------------+----------------+----------------+
+----------------+--------------------+--------------------+----------------+----------------+----------------+
| time           | solid_fraction_max | solid_fraction_min | stability_max  | stability_min  | top_reaction   |
+----------------+--------------------+--------------------+----------------+----------------+----------------+
:                :                    :                    :                :                :                :
|   3.000000e-03 |       6.082106e-01 |       6.033168e-01 |   2.811983e+01 |   2.800534e+01 |  -1.400000e+00 |
|   4.000000e-03 |       6.083163e-01 |       6.033886e-01 |   2.811970e+01 |   2.800442e+01 |  -1.400000e+00 |
|   5.000000e-03 |       6.083976e-01 |       6.034815e-01 |   2.811887e+01 |   2.800387e+01 |  -1.400000e+00 |
|   6.000000e-03 |       6.084656e-01 |       6.035956e-01 |   2.811740e+01 |   2.800349e+01 |  -1.400000e+00 |
|   7.000000e-03 |       6.085251e-01 |       6.037278e-01 |   2.811540e+01 |   2.800321e+01 |  -1.400000e+00 |
|   8.000000e-03 |       6.085787e-01 |       6.038741e-01 |   2.811299e+01 |   2.800299e+01 |  -1.400000e+00 |
|   9.000000e-03 |       6.086279e-01 |       6.040303e-01 |   2.811028e+01 |   2.800281e+01 |  -1.400000e+00 |
|   1.000000e-02 |       6.086737e-01 |       6.041926e-01 |   2.810738e+01 |   2.800267e+01 |  -1.400000e+00 |
|   1.100000e-02 |       6.087167e-01 |       6.043582e-01 |   2.810436e+01 |   2.800254e+01 |  -1.400000e+00 |
|   1.200000e-02 |       6.087573e-01 |       6.045247e-01 |   2.810128e+01 |   2.800242e+01 |  -1.400000e+00 |
|   1.300000e-02 |       6.087959e-01 |       6.046904e-01 |   2.809818e+01 |   2.800232e+01 |  -1.400000e+00 |
|   1.400000e-02 |       6.088328e-01 |       6.048541e-01 |   2.809509e+01 |   2.800223e+01 |  -1.400000e+00 |
|   1.500000e-02 |       6.088681e-01 |       6.050150e-01 |   2.809204e+01 |   2.800214e+01 |  -1.400000e+00 |
|   1.600000e-02 |       6.089020e-01 |       6.051724e-01 |   2.808905e+01 |   2.800206e+01 |  -1.400000e+00 |
|   1.700000e-02 |       6.089346e-01 |       6.053260e-01 |   2.808612e+01 |   2.800198e+01 |  -1.400000e+00 |
+----------------+--------------------+--------------------+----------------+----------------+----------------+


Time Step 18, time = 0.018, dt = 0.001
 * Nonlinear |R| = [32m1.793948e-02[39m (Before preset BCs, predictors, correctors, and constraints)
 0 Nonlinear |R| = [32m1.793948e-02[39m
      0 Linear |R| = [32m1.793948e-02[39m
      1 Linear |R| = [32m5.458046e-03[39m
      2 Linear |R| = [32m4.859807e-03[39m
      3 Linear |R| = [32m9.830028e-05[39m
      4 Linear |R| = [32m2.638641e-05[39m
      5 Linear |R| = [32m2.016066e-05[39m
      6 Linear |R| = [32m2.700791e-06[39m
      7 Linear |R| = [32m1.521039e-06[39m
      8 Linear |R| = [32m2.488366e-07[39m
      9 Linear |R| = [32m2.168718e-07[39m
     10 Linear |R| = [32m2.477426e-08[39m
     11 Linear |R| = [32m6.009273e-09[39m
     12 Linear |R| = [32m4.762225e-10[39m
     13 Linear |R| = [32m4.423470e-10[39m
     14 Linear |R| = [32m1.403948e-10[39m
     15 Linear |R| = [32m6.167433e-12[39m
 1 Nonlinear |R| = [32m8.142095e-06[39m
      0 Linear |R| = [32m8.142095e-06[39m
      1 Linear |R| = [32m1.307991e-06[39m
      2 Linear |R| = [32m1.140559e-07[39m
      3 Linear |R| = [32m2.512077e-08[39m
      4 Linear |R| = [32m7.448197e-09[39m
      5 Linear |R| = [32m6.973912e-09[39m
      6 Linear |R| = [32m2.189197e-09[39m
      7 Linear |R| = [32m6.422773e-10[39m
      8 Linear |R| = [32m7.221450e-11[39m
      9 Linear |R| = [32m6.305180e-11[39m
     10 Linear |R| = [32m1.917824e-11[39m
     11 Linear |R| = [32m3.530761e-12[39m
     12 Linear |R| = [32m3.118538e-13[39m
     13 Linear |R| = [33m3.095280e-13[39m
     14 Linear |R| = [32m4.762792e-14[39m
     15 Linear |R| = [32m3.956644e-15[39m
 2 Nonlinear |R| = [32m2.188194e-11[39m
      0 Linear |R| = [32m2.188194e-11[39m
      1 Linear |R| = [32m1.505519e-12[39m
      2 Linear |R| = [32m1.395212e-12[39m
      3 Linear |R| = [32m8.327664e-14[39m
      4 Linear |R| = [32m2.968523e-14[39m
      5 Linear |R| = [32m1.966141e-14[39m
      6 Linear |R| = [32m1.510778e-14[39m
      7 Linear |R| = [32m1.219668e-15[39m
      8 Linear |R| = [32m4.860290e-16[39m
      9 Linear |R| = [32m2.634244e-16[39m
     10 Linear |R| = [32m2.438348e-16[39m
     11 Linear |R| = [32m2.865827e-17[39m
     12 Linear |R| = [32m4.413206e-18[39m
     13 Linear |R| = [32m2.637878e-18[39m
     14 Linear |R| = [32m1.366037e-18[39m
     15 Linear |R| = [32m4.347785e-20[39m
     16 Linear |R| = [32m1.570090e-20[39m
 3 Nonlinear |R| = [32m2.626373e-14[39m
[32m Solve Converged![39m

Outlier Variable Residual Norms:
  uy: [33m2.227869e-14[39m

Postprocessor Values:
+----------------+----------------+----------------+----------------+----------------+----------------+----------------+
| time           | J_max          | J_min          | Jbar_max       | Jbar_min       | center_pressure| edge_ux        |
+----------------+----------------+----------------+----------------+----------------+----------------+----------------+
:                :                :                :                :                :                :                :
|   4.000000e-03 |   9.819696e-01 |   9.748097e-01 |   9.884157e-01 |   9.875154e-01 |   2.079012e-01 |   2.031187e-02 |
|   5.000000e-03 |   9.817465e-01 |   9.746065e-01 |   9.883425e-01 |   9.874430e-01 |   2.065221e-01 |   1.988159e-02 |
|   6.000000e-03 |   9.815015e-01 |   9.744313e-01 |   9.882759e-01 |   9.873832e-01 |   2.040309e-01 |   1.949551e-02 |
|   7.000000e-03 |   9.812367e-01 |   9.742746e-01 |   9.882144e-01 |   9.873331e-01 |   2.006105e-01 |   1.914155e-02 |
|   8.000000e-03 |   9.809566e-01 |   9.741314e-01 |   9.881569e-01 |   9.872904e-01 |   1.964695e-01 |   1.881240e-02 |
|   9.000000e-03 |   9.806664e-01 |   9.739986e-01 |   9.881027e-01 |   9.872536e-01 |   1.918058e-01 |   1.850325e-02 |
|   1.000000e-02 |   9.803708e-01 |   9.738740e-01 |   9.880513e-01 |   9.872212e-01 |   1.867888e-01 |   1.821080e-02 |
|   1.100000e-02 |   9.800736e-01 |   9.737563e-01 |   9.880023e-01 |   9.871924e-01 |   1.815544e-01 |   1.793267e-02 |
|   1.200000e-02 |   9.797778e-01 |   9.736445e-01 |   9.879555e-01 |   9.871663e-01 |   1.762071e-01 |   1.766713e-02 |
|   1.300000e-02 |   9.794856e-01 |   9.735379e-01 |   9.879106e-01 |   9.871425e-01 |   1.708251e-01 |   1.741286e-02 |
|   1.400000e-02 |   9.791987e-01 |   9.734358e-01 |   9.878674e-01 |   9.871205e-01 |   1.654653e-01 |   1.716884e-02 |
|   1.500000e-02 |   9.789180e-01 |   9.733379e-01 |   9.878259e-01 |   9.871000e-01 |   1.601687e-01 |   1.693426e-02 |
|   1.600000e-02 |   9.786443e-01 |   9.732438e-01 |   9.877860e-01 |   9.870808e-01 |   1.549639e-01 |   1.670849e-02 |
|   1.700000e-02 |   9.783781e-01 |   9.731532e-01 |   9.877475e-01 |   9.870627e-01 |   1.498706e-01 |   1.649099e-02 |
|   1.800000e-02 |   9.781195e-01 |   9.730660e-01 |   9.877104e-01 |   9.870455e-01 |   1.449018e-01 |   1.628131e-02 |
+----------------+----------------+----------------+----------------+----------------+----------------+----------------+
+----------------+----------------+----------------+------------------+----------------+----------------+
| time           | mass           | mass_reaction  | outflow_gradient | platen_max     | platen_min     |
+----------------+----------------+----------------+------------------+----------------+----------------+
:                :                :                :                  :                :                :
|   4.000000e-03 |   1.580568e-01 |  -3.305949e-01 |     3.159525e-01 |  -5.959348e-03 |  -5.959348e-03 |
|   5.000000e-03 |   1.577706e-01 |  -2.862272e-01 |     2.763210e-01 |  -5.999000e-03 |  -5.999000e-03 |
|   6.000000e-03 |   1.575138e-01 |  -2.567622e-01 |     2.492480e-01 |  -6.034566e-03 |  -6.034566e-03 |
|   7.000000e-03 |   1.572785e-01 |  -2.353362e-01 |     2.292325e-01 |  -6.067163e-03 |  -6.067163e-03 |
|   8.000000e-03 |   1.570597e-01 |  -2.187860e-01 |     2.136019e-01 |  -6.097469e-03 |  -6.097469e-03 |
|   9.000000e-03 |   1.568543e-01 |  -2.054272e-01 |     2.008855e-01 |  -6.125928e-03 |  -6.125928e-03 |
|   1.000000e-02 |   1.566600e-01 |  -1.942688e-01 |     1.901990e-01 |  -6.152848e-03 |  -6.152848e-03 |
|   1.100000e-02 |   1.564753e-01 |  -1.846860e-01 |     1.809767e-01 |  -6.178446e-03 |  -6.178446e-03 |
|   1.200000e-02 |   1.562991e-01 |  -1.762651e-01 |     1.728403e-01 |  -6.202885e-03 |  -6.202885e-03 |
|   1.300000e-02 |   1.561303e-01 |  -1.687225e-01 |     1.655287e-01 |  -6.226286e-03 |  -6.226286e-03 |
|   1.400000e-02 |   1.559685e-01 |  -1.618591e-01 |     1.588576e-01 |  -6.248744e-03 |  -6.248744e-03 |
|   1.500000e-02 |   1.558130e-01 |  -1.555324e-01 |     1.526949e-01 |  -6.270332e-03 |  -6.270332e-03 |
|   1.600000e-02 |   1.556633e-01 |  -1.496393e-01 |     1.469445e-01 |  -6.291110e-03 |  -6.291110e-03 |
|   1.700000e-02 |   1.555192e-01 |  -1.441043e-01 |     1.415358e-01 |  -6.311128e-03 |  -6.311128e-03 |
|   1.800000e-02 |   1.553803e-01 |  -1.388712e-01 |     1.364166e-01 |  -6.330426e-03 |  -6.330426e-03 |
+----------------+----------------+----------------+------------------+----------------+----------------+
+----------------+--------------------+--------------------+----------------+----------------+----------------+
| time           | solid_fraction_max | solid_fraction_min | stability_max  | stability_min  | top_reaction   |
+----------------+--------------------+--------------------+----------------+----------------+----------------+
:                :                    :                    :                :                :                :
|   4.000000e-03 |       6.083163e-01 |       6.033886e-01 |   2.811970e+01 |   2.800442e+01 |  -1.400000e+00 |
|   5.000000e-03 |       6.083976e-01 |       6.034815e-01 |   2.811887e+01 |   2.800387e+01 |  -1.400000e+00 |
|   6.000000e-03 |       6.084656e-01 |       6.035956e-01 |   2.811740e+01 |   2.800349e+01 |  -1.400000e+00 |
|   7.000000e-03 |       6.085251e-01 |       6.037278e-01 |   2.811540e+01 |   2.800321e+01 |  -1.400000e+00 |
|   8.000000e-03 |       6.085787e-01 |       6.038741e-01 |   2.811299e+01 |   2.800299e+01 |  -1.400000e+00 |
|   9.000000e-03 |       6.086279e-01 |       6.040303e-01 |   2.811028e+01 |   2.800281e+01 |  -1.400000e+00 |
|   1.000000e-02 |       6.086737e-01 |       6.041926e-01 |   2.810738e+01 |   2.800267e+01 |  -1.400000e+00 |
|   1.100000e-02 |       6.087167e-01 |       6.043582e-01 |   2.810436e+01 |   2.800254e+01 |  -1.400000e+00 |
|   1.200000e-02 |       6.087573e-01 |       6.045247e-01 |   2.810128e+01 |   2.800242e+01 |  -1.400000e+00 |
|   1.300000e-02 |       6.087959e-01 |       6.046904e-01 |   2.809818e+01 |   2.800232e+01 |  -1.400000e+00 |
|   1.400000e-02 |       6.088328e-01 |       6.048541e-01 |   2.809509e+01 |   2.800223e+01 |  -1.400000e+00 |
|   1.500000e-02 |       6.088681e-01 |       6.050150e-01 |   2.809204e+01 |   2.800214e+01 |  -1.400000e+00 |
|   1.600000e-02 |       6.089020e-01 |       6.051724e-01 |   2.808905e+01 |   2.800206e+01 |  -1.400000e+00 |
|   1.700000e-02 |       6.089346e-01 |       6.053260e-01 |   2.808612e+01 |   2.800198e+01 |  -1.400000e+00 |
|   1.800000e-02 |       6.089659e-01 |       6.054754e-01 |   2.808326e+01 |   2.800191e+01 |  -1.400000e+00 |
+----------------+--------------------+--------------------+----------------+----------------+----------------+


Time Step 19, time = 0.019, dt = 0.001
 * Nonlinear |R| = [32m1.731767e-02[39m (Before preset BCs, predictors, correctors, and constraints)
 0 Nonlinear |R| = [32m1.731767e-02[39m
      0 Linear |R| = [32m1.731767e-02[39m
      1 Linear |R| = [32m5.265907e-03[39m
      2 Linear |R| = [32m4.689367e-03[39m
      3 Linear |R| = [32m9.481633e-05[39m
      4 Linear |R| = [32m2.545771e-05[39m
      5 Linear |R| = [32m1.903209e-05[39m
      6 Linear |R| = [32m2.631906e-06[39m
      7 Linear |R| = [32m1.478555e-06[39m
      8 Linear |R| = [32m2.395179e-07[39m
      9 Linear |R| = [32m1.644925e-07[39m
     10 Linear |R| = [32m2.398052e-08[39m
     11 Linear |R| = [32m5.773066e-09[39m
     12 Linear |R| = [32m4.566769e-10[39m
     13 Linear |R| = [32m4.290142e-10[39m
     14 Linear |R| = [32m1.343507e-10[39m
     15 Linear |R| = [32m5.935689e-12[39m
 1 Nonlinear |R| = [32m7.613237e-06[39m
      0 Linear |R| = [32m7.613237e-06[39m
      1 Linear |R| = [32m1.219239e-06[39m
      2 Linear |R| = [32m8.577199e-08[39m
      3 Linear |R| = [32m2.346059e-08[39m
      4 Linear |R| = [32m6.959301e-09[39m
      5 Linear |R| = [32m6.447020e-09[39m
      6 Linear |R| = [32m2.047802e-09[39m
      7 Linear |R| = [32m6.007583e-10[39m
      8 Linear |R| = [32m6.764294e-11[39m
      9 Linear |R| = [32m6.328550e-11[39m
     10 Linear |R| = [32m1.756479e-11[39m
     11 Linear |R| = [32m3.327688e-12[39m
     12 Linear |R| = [32m2.933379e-13[39m
     13 Linear |R| = [33m2.803427e-13[39m
     14 Linear |R| = [32m4.334044e-14[39m
     15 Linear |R| = [32m3.524313e-15[39m
 2 Nonlinear |R| = [32m1.896191e-11[39m
      0 Linear |R| = [32m1.896191e-11[39m
      1 Linear |R| = [32m6.472248e-13[39m
      2 Linear |R| = [32m4.315747e-13[39m
      3 Linear |R| = [32m7.217444e-14[39m
      4 Linear |R| = [32m3.038313e-14[39m
      5 Linear |R| = [32m1.697165e-14[39m
      6 Linear |R| = [32m1.572739e-14[39m
      7 Linear |R| = [32m1.375331e-15[39m
      8 Linear |R| = [32m4.331567e-16[39m
      9 Linear |R| = [32m2.068541e-16[39m
     10 Linear |R| = [33m2.041014e-16[39m
     11 Linear |R| = [32m3.071196e-17[39m
     12 Linear |R| = [32m3.080104e-18[39m
     13 Linear |R| = [32m1.411302e-18[39m
     14 Linear |R| = [32m1.053530e-18[39m
     15 Linear |R| = [32m3.827841e-20[39m
     16 Linear |R| = [32m1.511977e-20[39m
 3 Nonlinear |R| = [32m2.925081e-14[39m
[32m Solve Converged![39m

Outlier Variable Residual Norms:
  uy: [33m2.530308e-14[39m

Postprocessor Values:
+----------------+----------------+----------------+----------------+----------------+----------------+----------------+
| time           | J_max          | J_min          | Jbar_max       | Jbar_min       | center_pressure| edge_ux        |
+----------------+----------------+----------------+----------------+----------------+----------------+----------------+
:                :                :                :                :                :                :                :
|   5.000000e-03 |   9.817465e-01 |   9.746065e-01 |   9.883425e-01 |   9.874430e-01 |   2.065221e-01 |   1.988159e-02 |
|   6.000000e-03 |   9.815015e-01 |   9.744313e-01 |   9.882759e-01 |   9.873832e-01 |   2.040309e-01 |   1.949551e-02 |
|   7.000000e-03 |   9.812367e-01 |   9.742746e-01 |   9.882144e-01 |   9.873331e-01 |   2.006105e-01 |   1.914155e-02 |
|   8.000000e-03 |   9.809566e-01 |   9.741314e-01 |   9.881569e-01 |   9.872904e-01 |   1.964695e-01 |   1.881240e-02 |
|   9.000000e-03 |   9.806664e-01 |   9.739986e-01 |   9.881027e-01 |   9.872536e-01 |   1.918058e-01 |   1.850325e-02 |
|   1.000000e-02 |   9.803708e-01 |   9.738740e-01 |   9.880513e-01 |   9.872212e-01 |   1.867888e-01 |   1.821080e-02 |
|   1.100000e-02 |   9.800736e-01 |   9.737563e-01 |   9.880023e-01 |   9.871924e-01 |   1.815544e-01 |   1.793267e-02 |
|   1.200000e-02 |   9.797778e-01 |   9.736445e-01 |   9.879555e-01 |   9.871663e-01 |   1.762071e-01 |   1.766713e-02 |
|   1.300000e-02 |   9.794856e-01 |   9.735379e-01 |   9.879106e-01 |   9.871425e-01 |   1.708251e-01 |   1.741286e-02 |
|   1.400000e-02 |   9.791987e-01 |   9.734358e-01 |   9.878674e-01 |   9.871205e-01 |   1.654653e-01 |   1.716884e-02 |
|   1.500000e-02 |   9.789180e-01 |   9.733379e-01 |   9.878259e-01 |   9.871000e-01 |   1.601687e-01 |   1.693426e-02 |
|   1.600000e-02 |   9.786443e-01 |   9.732438e-01 |   9.877860e-01 |   9.870808e-01 |   1.549639e-01 |   1.670849e-02 |
|   1.700000e-02 |   9.783781e-01 |   9.731532e-01 |   9.877475e-01 |   9.870627e-01 |   1.498706e-01 |   1.649099e-02 |
|   1.800000e-02 |   9.781195e-01 |   9.730660e-01 |   9.877104e-01 |   9.870455e-01 |   1.449018e-01 |   1.628131e-02 |
|   1.900000e-02 |   9.778689e-01 |   9.729819e-01 |   9.876745e-01 |   9.870292e-01 |   1.400654e-01 |   1.607907e-02 |
+----------------+----------------+----------------+----------------+----------------+----------------+----------------+
+----------------+----------------+----------------+------------------+----------------+----------------+
| time           | mass           | mass_reaction  | outflow_gradient | platen_max     | platen_min     |
+----------------+----------------+----------------+------------------+----------------+----------------+
:                :                :                :                  :                :                :
|   5.000000e-03 |   1.577706e-01 |  -2.862272e-01 |     2.763210e-01 |  -5.999000e-03 |  -5.999000e-03 |
|   6.000000e-03 |   1.575138e-01 |  -2.567622e-01 |     2.492480e-01 |  -6.034566e-03 |  -6.034566e-03 |
|   7.000000e-03 |   1.572785e-01 |  -2.353362e-01 |     2.292325e-01 |  -6.067163e-03 |  -6.067163e-03 |
|   8.000000e-03 |   1.570597e-01 |  -2.187860e-01 |     2.136019e-01 |  -6.097469e-03 |  -6.097469e-03 |
|   9.000000e-03 |   1.568543e-01 |  -2.054272e-01 |     2.008855e-01 |  -6.125928e-03 |  -6.125928e-03 |
|   1.000000e-02 |   1.566600e-01 |  -1.942688e-01 |     1.901990e-01 |  -6.152848e-03 |  -6.152848e-03 |
|   1.100000e-02 |   1.564753e-01 |  -1.846860e-01 |     1.809767e-01 |  -6.178446e-03 |  -6.178446e-03 |
|   1.200000e-02 |   1.562991e-01 |  -1.762651e-01 |     1.728403e-01 |  -6.202885e-03 |  -6.202885e-03 |
|   1.300000e-02 |   1.561303e-01 |  -1.687225e-01 |     1.655287e-01 |  -6.226286e-03 |  -6.226286e-03 |
|   1.400000e-02 |   1.559685e-01 |  -1.618591e-01 |     1.588576e-01 |  -6.248744e-03 |  -6.248744e-03 |
|   1.500000e-02 |   1.558130e-01 |  -1.555324e-01 |     1.526949e-01 |  -6.270332e-03 |  -6.270332e-03 |
|   1.600000e-02 |   1.556633e-01 |  -1.496393e-01 |     1.469445e-01 |  -6.291110e-03 |  -6.291110e-03 |
|   1.700000e-02 |   1.555192e-01 |  -1.441043e-01 |     1.415358e-01 |  -6.311128e-03 |  -6.311128e-03 |
|   1.800000e-02 |   1.553803e-01 |  -1.388712e-01 |     1.364166e-01 |  -6.330426e-03 |  -6.330426e-03 |
|   1.900000e-02 |   1.552464e-01 |  -1.338983e-01 |     1.315476e-01 |  -6.349040e-03 |  -6.349040e-03 |
+----------------+----------------+----------------+------------------+----------------+----------------+
+----------------+--------------------+--------------------+----------------+----------------+----------------+
| time           | solid_fraction_max | solid_fraction_min | stability_max  | stability_min  | top_reaction   |
+----------------+--------------------+--------------------+----------------+----------------+----------------+
:                :                    :                    :                :                :                :
|   5.000000e-03 |       6.083976e-01 |       6.034815e-01 |   2.811887e+01 |   2.800387e+01 |  -1.400000e+00 |
|   6.000000e-03 |       6.084656e-01 |       6.035956e-01 |   2.811740e+01 |   2.800349e+01 |  -1.400000e+00 |
|   7.000000e-03 |       6.085251e-01 |       6.037278e-01 |   2.811540e+01 |   2.800321e+01 |  -1.400000e+00 |
|   8.000000e-03 |       6.085787e-01 |       6.038741e-01 |   2.811299e+01 |   2.800299e+01 |  -1.400000e+00 |
|   9.000000e-03 |       6.086279e-01 |       6.040303e-01 |   2.811028e+01 |   2.800281e+01 |  -1.400000e+00 |
|   1.000000e-02 |       6.086737e-01 |       6.041926e-01 |   2.810738e+01 |   2.800267e+01 |  -1.400000e+00 |
|   1.100000e-02 |       6.087167e-01 |       6.043582e-01 |   2.810436e+01 |   2.800254e+01 |  -1.400000e+00 |
|   1.200000e-02 |       6.087573e-01 |       6.045247e-01 |   2.810128e+01 |   2.800242e+01 |  -1.400000e+00 |
|   1.300000e-02 |       6.087959e-01 |       6.046904e-01 |   2.809818e+01 |   2.800232e+01 |  -1.400000e+00 |
|   1.400000e-02 |       6.088328e-01 |       6.048541e-01 |   2.809509e+01 |   2.800223e+01 |  -1.400000e+00 |
|   1.500000e-02 |       6.088681e-01 |       6.050150e-01 |   2.809204e+01 |   2.800214e+01 |  -1.400000e+00 |
|   1.600000e-02 |       6.089020e-01 |       6.051724e-01 |   2.808905e+01 |   2.800206e+01 |  -1.400000e+00 |
|   1.700000e-02 |       6.089346e-01 |       6.053260e-01 |   2.808612e+01 |   2.800198e+01 |  -1.400000e+00 |
|   1.800000e-02 |       6.089659e-01 |       6.054754e-01 |   2.808326e+01 |   2.800191e+01 |  -1.400000e+00 |
|   1.900000e-02 |       6.089962e-01 |       6.056206e-01 |   2.808048e+01 |   2.800184e+01 |  -1.400000e+00 |
+----------------+--------------------+--------------------+----------------+----------------+----------------+


Time Step 20, time = 0.02, dt = 0.001
 * Nonlinear |R| = [32m1.671938e-02[39m (Before preset BCs, predictors, correctors, and constraints)
 0 Nonlinear |R| = [32m1.671938e-02[39m
      0 Linear |R| = [32m1.671938e-02[39m
      1 Linear |R| = [32m5.082352e-03[39m
      2 Linear |R| = [32m4.526509e-03[39m
      3 Linear |R| = [32m9.148864e-05[39m
      4 Linear |R| = [32m2.457009e-05[39m
      5 Linear |R| = [32m1.883404e-05[39m
      6 Linear |R| = [32m2.559369e-06[39m
      7 Linear |R| = [32m1.434963e-06[39m
      8 Linear |R| = [32m2.319379e-07[39m
      9 Linear |R| = [32m2.196489e-07[39m
     10 Linear |R| = [32m2.319822e-08[39m
     11 Linear |R| = [32m5.555170e-09[39m
     12 Linear |R| = [32m6.038002e-10[39m
     13 Linear |R| = [32m4.161721e-10[39m
     14 Linear |R| = [32m1.289828e-10[39m
     15 Linear |R| = [32m5.726491e-12[39m
 1 Nonlinear |R| = [32m7.130579e-06[39m
      0 Linear |R| = [32m7.130579e-06[39m
      1 Linear |R| = [32m1.145555e-06[39m
      2 Linear |R| = [32m9.394262e-08[39m
      3 Linear |R| = [32m2.202646e-08[39m
      4 Linear |R| = [32m6.509250e-09[39m
      5 Linear |R| = [32m6.019826e-09[39m
      6 Linear |R| = [32m1.893641e-09[39m
      7 Linear |R| = [32m5.626243e-10[39m
      8 Linear |R| = [32m6.337324e-11[39m
      9 Linear |R| = [32m5.842457e-11[39m
     10 Linear |R| = [32m1.634481e-11[39m
     11 Linear |R| = [32m3.109588e-12[39m
     12 Linear |R| = [32m2.782561e-13[39m
     13 Linear |R| = [33m2.736635e-13[39m
     14 Linear |R| = [32m4.223779e-14[39m
     15 Linear |R| = [32m3.422180e-15[39m
 2 Nonlinear |R| = [32m1.805749e-11[39m
      0 Linear |R| = [32m1.805749e-11[39m
      1 Linear |R| = [32m2.555816e-12[39m
      2 Linear |R| = [33m2.546566e-12[39m
      3 Linear |R| = [32m7.365066e-14[39m
      4 Linear |R| = [32m2.380852e-14[39m
      5 Linear |R| = [32m1.310940e-14[39m
      6 Linear |R| = [32m1.123217e-14[39m
      7 Linear |R| = [32m1.947071e-15[39m
      8 Linear |R| = [32m5.487171e-16[39m
      9 Linear |R| = [32m1.889187e-16[39m
     10 Linear |R| = [33m1.798254e-16[39m
     11 Linear |R| = [32m3.986448e-17[39m
     12 Linear |R| = [32m3.177369e-18[39m
     13 Linear |R| = [32m2.299524e-18[39m
     14 Linear |R| = [32m1.216167e-18[39m
     15 Linear |R| = [32m4.766424e-20[39m
     16 Linear |R| = [32m2.064141e-20[39m
     17 Linear |R| = [33m2.041312e-20[39m
     18 Linear |R| = [32m9.146763e-22[39m
 3 Nonlinear |R| = [32m2.519115e-14[39m
[32m Solve Converged![39m

Outlier Variable Residual Norms:
  uy: [33m2.236481e-14[39m

Postprocessor Values:
+----------------+----------------+----------------+----------------+----------------+----------------+----------------+
| time           | J_max          | J_min          | Jbar_max       | Jbar_min       | center_pressure| edge_ux        |
+----------------+----------------+----------------+----------------+----------------+----------------+----------------+
:                :                :                :                :                :                :                :
|   6.000000e-03 |   9.815015e-01 |   9.744313e-01 |   9.882759e-01 |   9.873832e-01 |   2.040309e-01 |   1.949551e-02 |
|   7.000000e-03 |   9.812367e-01 |   9.742746e-01 |   9.882144e-01 |   9.873331e-01 |   2.006105e-01 |   1.914155e-02 |
|   8.000000e-03 |   9.809566e-01 |   9.741314e-01 |   9.881569e-01 |   9.872904e-01 |   1.964695e-01 |   1.881240e-02 |
|   9.000000e-03 |   9.806664e-01 |   9.739986e-01 |   9.881027e-01 |   9.872536e-01 |   1.918058e-01 |   1.850325e-02 |
|   1.000000e-02 |   9.803708e-01 |   9.738740e-01 |   9.880513e-01 |   9.872212e-01 |   1.867888e-01 |   1.821080e-02 |
|   1.100000e-02 |   9.800736e-01 |   9.737563e-01 |   9.880023e-01 |   9.871924e-01 |   1.815544e-01 |   1.793267e-02 |
|   1.200000e-02 |   9.797778e-01 |   9.736445e-01 |   9.879555e-01 |   9.871663e-01 |   1.762071e-01 |   1.766713e-02 |
|   1.300000e-02 |   9.794856e-01 |   9.735379e-01 |   9.879106e-01 |   9.871425e-01 |   1.708251e-01 |   1.741286e-02 |
|   1.400000e-02 |   9.791987e-01 |   9.734358e-01 |   9.878674e-01 |   9.871205e-01 |   1.654653e-01 |   1.716884e-02 |
|   1.500000e-02 |   9.789180e-01 |   9.733379e-01 |   9.878259e-01 |   9.871000e-01 |   1.601687e-01 |   1.693426e-02 |
|   1.600000e-02 |   9.786443e-01 |   9.732438e-01 |   9.877860e-01 |   9.870808e-01 |   1.549639e-01 |   1.670849e-02 |
|   1.700000e-02 |   9.783781e-01 |   9.731532e-01 |   9.877475e-01 |   9.870627e-01 |   1.498706e-01 |   1.649099e-02 |
|   1.800000e-02 |   9.781195e-01 |   9.730660e-01 |   9.877104e-01 |   9.870455e-01 |   1.449018e-01 |   1.628131e-02 |
|   1.900000e-02 |   9.778689e-01 |   9.729819e-01 |   9.876745e-01 |   9.870292e-01 |   1.400654e-01 |   1.607907e-02 |
|   2.000000e-02 |   9.776260e-01 |   9.729008e-01 |   9.876400e-01 |   9.870136e-01 |   1.353662e-01 |   1.588393e-02 |
+----------------+----------------+----------------+----------------+----------------+----------------+----------------+
+----------------+----------------+----------------+------------------+----------------+----------------+
| time           | mass           | mass_reaction  | outflow_gradient | platen_max     | platen_min     |
+----------------+----------------+----------------+------------------+----------------+----------------+
:                :                :                :                  :                :                :
|   6.000000e-03 |   1.575138e-01 |  -2.567622e-01 |     2.492480e-01 |  -6.034566e-03 |  -6.034566e-03 |
|   7.000000e-03 |   1.572785e-01 |  -2.353362e-01 |     2.292325e-01 |  -6.067163e-03 |  -6.067163e-03 |
|   8.000000e-03 |   1.570597e-01 |  -2.187860e-01 |     2.136019e-01 |  -6.097469e-03 |  -6.097469e-03 |
|   9.000000e-03 |   1.568543e-01 |  -2.054272e-01 |     2.008855e-01 |  -6.125928e-03 |  -6.125928e-03 |
|   1.000000e-02 |   1.566600e-01 |  -1.942688e-01 |     1.901990e-01 |  -6.152848e-03 |  -6.152848e-03 |
|   1.100000e-02 |   1.564753e-01 |  -1.846860e-01 |     1.809767e-01 |  -6.178446e-03 |  -6.178446e-03 |
|   1.200000e-02 |   1.562991e-01 |  -1.762651e-01 |     1.728403e-01 |  -6.202885e-03 |  -6.202885e-03 |
|   1.300000e-02 |   1.561303e-01 |  -1.687225e-01 |     1.655287e-01 |  -6.226286e-03 |  -6.226286e-03 |
|   1.400000e-02 |   1.559685e-01 |  -1.618591e-01 |     1.588576e-01 |  -6.248744e-03 |  -6.248744e-03 |
|   1.500000e-02 |   1.558130e-01 |  -1.555324e-01 |     1.526949e-01 |  -6.270332e-03 |  -6.270332e-03 |
|   1.600000e-02 |   1.556633e-01 |  -1.496393e-01 |     1.469445e-01 |  -6.291110e-03 |  -6.291110e-03 |
|   1.700000e-02 |   1.555192e-01 |  -1.441043e-01 |     1.415358e-01 |  -6.311128e-03 |  -6.311128e-03 |
|   1.800000e-02 |   1.553803e-01 |  -1.388712e-01 |     1.364166e-01 |  -6.330426e-03 |  -6.330426e-03 |
|   1.900000e-02 |   1.552464e-01 |  -1.338983e-01 |     1.315476e-01 |  -6.349040e-03 |  -6.349040e-03 |
|   2.000000e-02 |   1.551173e-01 |  -1.291538e-01 |     1.268990e-01 |  -6.367001e-03 |  -6.367001e-03 |
+----------------+----------------+----------------+------------------+----------------+----------------+
+----------------+--------------------+--------------------+----------------+----------------+----------------+
| time           | solid_fraction_max | solid_fraction_min | stability_max  | stability_min  | top_reaction   |
+----------------+--------------------+--------------------+----------------+----------------+----------------+
:                :                    :                    :                :                :                :
|   6.000000e-03 |       6.084656e-01 |       6.035956e-01 |   2.811740e+01 |   2.800349e+01 |  -1.400000e+00 |
|   7.000000e-03 |       6.085251e-01 |       6.037278e-01 |   2.811540e+01 |   2.800321e+01 |  -1.400000e+00 |
|   8.000000e-03 |       6.085787e-01 |       6.038741e-01 |   2.811299e+01 |   2.800299e+01 |  -1.400000e+00 |
|   9.000000e-03 |       6.086279e-01 |       6.040303e-01 |   2.811028e+01 |   2.800281e+01 |  -1.400000e+00 |
|   1.000000e-02 |       6.086737e-01 |       6.041926e-01 |   2.810738e+01 |   2.800267e+01 |  -1.400000e+00 |
|   1.100000e-02 |       6.087167e-01 |       6.043582e-01 |   2.810436e+01 |   2.800254e+01 |  -1.400000e+00 |
|   1.200000e-02 |       6.087573e-01 |       6.045247e-01 |   2.810128e+01 |   2.800242e+01 |  -1.400000e+00 |
|   1.300000e-02 |       6.087959e-01 |       6.046904e-01 |   2.809818e+01 |   2.800232e+01 |  -1.400000e+00 |
|   1.400000e-02 |       6.088328e-01 |       6.048541e-01 |   2.809509e+01 |   2.800223e+01 |  -1.400000e+00 |
|   1.500000e-02 |       6.088681e-01 |       6.050150e-01 |   2.809204e+01 |   2.800214e+01 |  -1.400000e+00 |
|   1.600000e-02 |       6.089020e-01 |       6.051724e-01 |   2.808905e+01 |   2.800206e+01 |  -1.400000e+00 |
|   1.700000e-02 |       6.089346e-01 |       6.053260e-01 |   2.808612e+01 |   2.800198e+01 |  -1.400000e+00 |
|   1.800000e-02 |       6.089659e-01 |       6.054754e-01 |   2.808326e+01 |   2.800191e+01 |  -1.400000e+00 |
|   1.900000e-02 |       6.089962e-01 |       6.056206e-01 |   2.808048e+01 |   2.800184e+01 |  -1.400000e+00 |
|   2.000000e-02 |       6.090253e-01 |       6.057615e-01 |   2.807778e+01 |   2.800178e+01 |  -1.400000e+00 |
+----------------+--------------------+--------------------+----------------+----------------+----------------+


Time Step 21, time = 0.021, dt = 0.001
 * Nonlinear |R| = [32m1.614292e-02[39m (Before preset BCs, predictors, correctors, and constraints)
 0 Nonlinear |R| = [32m1.614292e-02[39m
      0 Linear |R| = [32m1.614292e-02[39m
      1 Linear |R| = [32m4.906409e-03[39m
      2 Linear |R| = [32m4.370316e-03[39m
      3 Linear |R| = [32m8.830389e-05[39m
      4 Linear |R| = [32m2.372270e-05[39m
      5 Linear |R| = [32m1.822216e-05[39m
      6 Linear |R| = [32m2.484742e-06[39m
      7 Linear |R| = [32m1.390978e-06[39m
      8 Linear |R| = [32m2.231919e-07[39m
      9 Linear |R| = [32m1.917024e-07[39m
     10 Linear |R| = [32m2.243154e-08[39m
     11 Linear |R| = [32m5.351244e-09[39m
     12 Linear |R| = [32m4.975274e-10[39m
     13 Linear |R| = [32m4.029256e-10[39m
     14 Linear |R| = [32m1.240981e-10[39m
     15 Linear |R| = [32m5.521692e-12[39m
 1 Nonlinear |R| = [32m6.662328e-06[39m
      0 Linear |R| = [32m6.662328e-06[39m
      1 Linear |R| = [32m1.064995e-06[39m
      2 Linear |R| = [32m6.308541e-08[39m
      3 Linear |R| = [32m2.049109e-08[39m
      4 Linear |R| = [32m6.095023e-09[39m
      5 Linear |R| = [32m5.694915e-09[39m
      6 Linear |R| = [32m1.806382e-09[39m
      7 Linear |R| = [32m5.244560e-10[39m
      8 Linear |R| = [32m6.032297e-11[39m
      9 Linear |R| = [32m5.658366e-11[39m
     10 Linear |R| = [32m1.538749e-11[39m
     11 Linear |R| = [32m2.952676e-12[39m
     12 Linear |R| = [32m2.551583e-13[39m
     13 Linear |R| = [33m2.481986e-13[39m
     14 Linear |R| = [32m3.978288e-14[39m
     15 Linear |R| = [32m3.142883e-15[39m
 2 Nonlinear |R| = [32m1.751896e-11[39m
      0 Linear |R| = [32m1.751896e-11[39m
      1 Linear |R| = [32m1.385413e-12[39m
      2 Linear |R| = [32m6.052042e-14[39m
      3 Linear |R| = [32m3.031845e-14[39m
      4 Linear |R| = [32m2.578041e-14[39m
      5 Linear |R| = [32m1.592953e-14[39m
      6 Linear |R| = [32m1.309454e-14[39m
      7 Linear |R| = [32m1.233982e-15[39m
      8 Linear |R| = [32m4.344722e-16[39m
      9 Linear |R| = [32m2.113168e-16[39m
     10 Linear |R| = [32m1.920536e-16[39m
     11 Linear |R| = [32m2.537141e-17[39m
     12 Linear |R| = [32m3.386179e-18[39m
     13 Linear |R| = [32m2.529528e-18[39m
     14 Linear |R| = [32m9.494745e-19[39m
     15 Linear |R| = [32m5.586914e-20[39m
     16 Linear |R| = [32m2.226563e-20[39m
     17 Linear |R| = [33m2.152612e-20[39m
     18 Linear |R| = [32m9.303677e-22[39m
 3 Nonlinear |R| = [32m2.527438e-14[39m
[32m Solve Converged![39m

Outlier Variable Residual Norms:
  uy: [33m2.187772e-14[39m

Postprocessor Values:
+----------------+----------------+----------------+----------------+----------------+----------------+----------------+
| time           | J_max          | J_min          | Jbar_max       | Jbar_min       | center_pressure| edge_ux        |
+----------------+----------------+----------------+----------------+----------------+----------------+----------------+
:                :                :                :                :                :                :                :
|   7.000000e-03 |   9.812367e-01 |   9.742746e-01 |   9.882144e-01 |   9.873331e-01 |   2.006105e-01 |   1.914155e-02 |
|   8.000000e-03 |   9.809566e-01 |   9.741314e-01 |   9.881569e-01 |   9.872904e-01 |   1.964695e-01 |   1.881240e-02 |
|   9.000000e-03 |   9.806664e-01 |   9.739986e-01 |   9.881027e-01 |   9.872536e-01 |   1.918058e-01 |   1.850325e-02 |
|   1.000000e-02 |   9.803708e-01 |   9.738740e-01 |   9.880513e-01 |   9.872212e-01 |   1.867888e-01 |   1.821080e-02 |
|   1.100000e-02 |   9.800736e-01 |   9.737563e-01 |   9.880023e-01 |   9.871924e-01 |   1.815544e-01 |   1.793267e-02 |
|   1.200000e-02 |   9.797778e-01 |   9.736445e-01 |   9.879555e-01 |   9.871663e-01 |   1.762071e-01 |   1.766713e-02 |
|   1.300000e-02 |   9.794856e-01 |   9.735379e-01 |   9.879106e-01 |   9.871425e-01 |   1.708251e-01 |   1.741286e-02 |
|   1.400000e-02 |   9.791987e-01 |   9.734358e-01 |   9.878674e-01 |   9.871205e-01 |   1.654653e-01 |   1.716884e-02 |
|   1.500000e-02 |   9.789180e-01 |   9.733379e-01 |   9.878259e-01 |   9.871000e-01 |   1.601687e-01 |   1.693426e-02 |
|   1.600000e-02 |   9.786443e-01 |   9.732438e-01 |   9.877860e-01 |   9.870808e-01 |   1.549639e-01 |   1.670849e-02 |
|   1.700000e-02 |   9.783781e-01 |   9.731532e-01 |   9.877475e-01 |   9.870627e-01 |   1.498706e-01 |   1.649099e-02 |
|   1.800000e-02 |   9.781195e-01 |   9.730660e-01 |   9.877104e-01 |   9.870455e-01 |   1.449018e-01 |   1.628131e-02 |
|   1.900000e-02 |   9.778689e-01 |   9.729819e-01 |   9.876745e-01 |   9.870292e-01 |   1.400654e-01 |   1.607907e-02 |
|   2.000000e-02 |   9.776260e-01 |   9.729008e-01 |   9.876400e-01 |   9.870136e-01 |   1.353662e-01 |   1.588393e-02 |
|   2.100000e-02 |   9.773909e-01 |   9.728226e-01 |   9.876066e-01 |   9.869986e-01 |   1.308062e-01 |   1.569558e-02 |
+----------------+----------------+----------------+----------------+----------------+----------------+----------------+
+----------------+----------------+----------------+------------------+----------------+----------------+
| time           | mass           | mass_reaction  | outflow_gradient | platen_max     | platen_min     |
+----------------+----------------+----------------+------------------+----------------+----------------+
:                :                :                :                  :                :                :
|   7.000000e-03 |   1.572785e-01 |  -2.353362e-01 |     2.292325e-01 |  -6.067163e-03 |  -6.067163e-03 |
|   8.000000e-03 |   1.570597e-01 |  -2.187860e-01 |     2.136019e-01 |  -6.097469e-03 |  -6.097469e-03 |
|   9.000000e-03 |   1.568543e-01 |  -2.054272e-01 |     2.008855e-01 |  -6.125928e-03 |  -6.125928e-03 |
|   1.000000e-02 |   1.566600e-01 |  -1.942688e-01 |     1.901990e-01 |  -6.152848e-03 |  -6.152848e-03 |
|   1.100000e-02 |   1.564753e-01 |  -1.846860e-01 |     1.809767e-01 |  -6.178446e-03 |  -6.178446e-03 |
|   1.200000e-02 |   1.562991e-01 |  -1.762651e-01 |     1.728403e-01 |  -6.202885e-03 |  -6.202885e-03 |
|   1.300000e-02 |   1.561303e-01 |  -1.687225e-01 |     1.655287e-01 |  -6.226286e-03 |  -6.226286e-03 |
|   1.400000e-02 |   1.559685e-01 |  -1.618591e-01 |     1.588576e-01 |  -6.248744e-03 |  -6.248744e-03 |
|   1.500000e-02 |   1.558130e-01 |  -1.555324e-01 |     1.526949e-01 |  -6.270332e-03 |  -6.270332e-03 |
|   1.600000e-02 |   1.556633e-01 |  -1.496393e-01 |     1.469445e-01 |  -6.291110e-03 |  -6.291110e-03 |
|   1.700000e-02 |   1.555192e-01 |  -1.441043e-01 |     1.415358e-01 |  -6.311128e-03 |  -6.311128e-03 |
|   1.800000e-02 |   1.553803e-01 |  -1.388712e-01 |     1.364166e-01 |  -6.330426e-03 |  -6.330426e-03 |
|   1.900000e-02 |   1.552464e-01 |  -1.338983e-01 |     1.315476e-01 |  -6.349040e-03 |  -6.349040e-03 |
|   2.000000e-02 |   1.551173e-01 |  -1.291538e-01 |     1.268990e-01 |  -6.367001e-03 |  -6.367001e-03 |
|   2.100000e-02 |   1.549927e-01 |  -1.246135e-01 |     1.224481e-01 |  -6.384338e-03 |  -6.384338e-03 |
+----------------+----------------+----------------+------------------+----------------+----------------+
+----------------+--------------------+--------------------+----------------+----------------+----------------+
| time           | solid_fraction_max | solid_fraction_min | stability_max  | stability_min  | top_reaction   |
+----------------+--------------------+--------------------+----------------+----------------+----------------+
:                :                    :                    :                :                :                :
|   7.000000e-03 |       6.085251e-01 |       6.037278e-01 |   2.811540e+01 |   2.800321e+01 |  -1.400000e+00 |
|   8.000000e-03 |       6.085787e-01 |       6.038741e-01 |   2.811299e+01 |   2.800299e+01 |  -1.400000e+00 |
|   9.000000e-03 |       6.086279e-01 |       6.040303e-01 |   2.811028e+01 |   2.800281e+01 |  -1.400000e+00 |
|   1.000000e-02 |       6.086737e-01 |       6.041926e-01 |   2.810738e+01 |   2.800267e+01 |  -1.400000e+00 |
|   1.100000e-02 |       6.087167e-01 |       6.043582e-01 |   2.810436e+01 |   2.800254e+01 |  -1.400000e+00 |
|   1.200000e-02 |       6.087573e-01 |       6.045247e-01 |   2.810128e+01 |   2.800242e+01 |  -1.400000e+00 |
|   1.300000e-02 |       6.087959e-01 |       6.046904e-01 |   2.809818e+01 |   2.800232e+01 |  -1.400000e+00 |
|   1.400000e-02 |       6.088328e-01 |       6.048541e-01 |   2.809509e+01 |   2.800223e+01 |  -1.400000e+00 |
|   1.500000e-02 |       6.088681e-01 |       6.050150e-01 |   2.809204e+01 |   2.800214e+01 |  -1.400000e+00 |
|   1.600000e-02 |       6.089020e-01 |       6.051724e-01 |   2.808905e+01 |   2.800206e+01 |  -1.400000e+00 |
|   1.700000e-02 |       6.089346e-01 |       6.053260e-01 |   2.808612e+01 |   2.800198e+01 |  -1.400000e+00 |
|   1.800000e-02 |       6.089659e-01 |       6.054754e-01 |   2.808326e+01 |   2.800191e+01 |  -1.400000e+00 |
|   1.900000e-02 |       6.089962e-01 |       6.056206e-01 |   2.808048e+01 |   2.800184e+01 |  -1.400000e+00 |
|   2.000000e-02 |       6.090253e-01 |       6.057615e-01 |   2.807778e+01 |   2.800178e+01 |  -1.400000e+00 |
|   2.100000e-02 |       6.090534e-01 |       6.058980e-01 |   2.807516e+01 |   2.800172e+01 |  -1.400000e+00 |
+----------------+--------------------+--------------------+----------------+----------------+----------------+


Time Step 22, time = 0.022, dt = 0.001
 * Nonlinear |R| = [32m1.558699e-02[39m (Before preset BCs, predictors, correctors, and constraints)
 0 Nonlinear |R| = [32m1.558699e-02[39m
      0 Linear |R| = [32m1.558699e-02[39m
      1 Linear |R| = [32m4.737450e-03[39m
      2 Linear |R| = [32m4.220304e-03[39m
      3 Linear |R| = [32m8.524558e-05[39m
      4 Linear |R| = [32m2.290075e-05[39m
      5 Linear |R| = [32m1.717010e-05[39m
      6 Linear |R| = [32m2.409386e-06[39m
      7 Linear |R| = [32m1.347153e-06[39m
      8 Linear |R| = [32m2.153781e-07[39m
      9 Linear |R| = [32m1.845295e-07[39m
     10 Linear |R| = [32m2.168323e-08[39m
     11 Linear |R| = [32m5.158378e-09[39m
     12 Linear |R| = [32m4.509461e-10[39m
     13 Linear |R| = [32m3.898110e-10[39m
     14 Linear |R| = [32m1.195484e-10[39m
     15 Linear |R| = [32m5.334012e-12[39m
 1 Nonlinear |R| = [32m6.218344e-06[39m
      0 Linear |R| = [32m6.218344e-06[39m
      1 Linear |R| = [32m9.944905e-07[39m
      2 Linear |R| = [32m4.844772e-08[39m
      3 Linear |R| = [32m1.916465e-08[39m
      4 Linear |R| = [32m5.699121e-09[39m
      5 Linear |R| = [32m5.338972e-09[39m
      6 Linear |R| = [32m1.682641e-09[39m
      7 Linear |R| = [32m4.916481e-10[39m
      8 Linear |R| = [32m5.636655e-11[39m
      9 Linear |R| = [33m5.373669e-11[39m
     10 Linear |R| = [32m1.429122e-11[39m
     11 Linear |R| = [32m2.769532e-12[39m
     12 Linear |R| = [32m2.392561e-13[39m
     13 Linear |R| = [33m2.296802e-13[39m
     14 Linear |R| = [32m3.690223e-14[39m
     15 Linear |R| = [32m2.952532e-15[39m
 2 Nonlinear |R| = [32m1.652357e-11[39m
      0 Linear |R| = [32m1.652357e-11[39m
      1 Linear |R| = [32m8.320742e-13[39m
      2 Linear |R| = [32m6.268493e-13[39m
      3 Linear |R| = [32m6.735533e-14[39m
      4 Linear |R| = [32m2.982098e-14[39m
      5 Linear |R| = [32m1.686356e-14[39m
      6 Linear |R| = [32m1.437443e-14[39m
      7 Linear |R| = [32m1.245945e-15[39m
      8 Linear |R| = [32m3.401405e-16[39m
      9 Linear |R| = [32m1.592468e-16[39m
     10 Linear |R| = [32m1.450137e-16[39m
     11 Linear |R| = [32m3.053291e-17[39m
     12 Linear |R| = [32m1.786789e-18[39m
     13 Linear |R| = [32m1.302019e-18[39m
     14 Linear |R| = [32m7.035592e-19[39m
     15 Linear |R| = [32m3.732853e-20[39m
     16 Linear |R| = [32m1.600095e-20[39m
 3 Nonlinear |R| = [32m2.568318e-14[39m
[32m Solve Converged![39m

Outlier Variable Residual Norms:
  uy: [33m2.207080e-14[39m

Postprocessor Values:
+----------------+----------------+----------------+----------------+----------------+----------------+----------------+
| time           | J_max          | J_min          | Jbar_max       | Jbar_min       | center_pressure| edge_ux        |
+----------------+----------------+----------------+----------------+----------------+----------------+----------------+
:                :                :                :                :                :                :                :
|   8.000000e-03 |   9.809566e-01 |   9.741314e-01 |   9.881569e-01 |   9.872904e-01 |   1.964695e-01 |   1.881240e-02 |
|   9.000000e-03 |   9.806664e-01 |   9.739986e-01 |   9.881027e-01 |   9.872536e-01 |   1.918058e-01 |   1.850325e-02 |
|   1.000000e-02 |   9.803708e-01 |   9.738740e-01 |   9.880513e-01 |   9.872212e-01 |   1.867888e-01 |   1.821080e-02 |
|   1.100000e-02 |   9.800736e-01 |   9.737563e-01 |   9.880023e-01 |   9.871924e-01 |   1.815544e-01 |   1.793267e-02 |
|   1.200000e-02 |   9.797778e-01 |   9.736445e-01 |   9.879555e-01 |   9.871663e-01 |   1.762071e-01 |   1.766713e-02 |
|   1.300000e-02 |   9.794856e-01 |   9.735379e-01 |   9.879106e-01 |   9.871425e-01 |   1.708251e-01 |   1.741286e-02 |
|   1.400000e-02 |   9.791987e-01 |   9.734358e-01 |   9.878674e-01 |   9.871205e-01 |   1.654653e-01 |   1.716884e-02 |
|   1.500000e-02 |   9.789180e-01 |   9.733379e-01 |   9.878259e-01 |   9.871000e-01 |   1.601687e-01 |   1.693426e-02 |
|   1.600000e-02 |   9.786443e-01 |   9.732438e-01 |   9.877860e-01 |   9.870808e-01 |   1.549639e-01 |   1.670849e-02 |
|   1.700000e-02 |   9.783781e-01 |   9.731532e-01 |   9.877475e-01 |   9.870627e-01 |   1.498706e-01 |   1.649099e-02 |
|   1.800000e-02 |   9.781195e-01 |   9.730660e-01 |   9.877104e-01 |   9.870455e-01 |   1.449018e-01 |   1.628131e-02 |
|   1.900000e-02 |   9.778689e-01 |   9.729819e-01 |   9.876745e-01 |   9.870292e-01 |   1.400654e-01 |   1.607907e-02 |
|   2.000000e-02 |   9.776260e-01 |   9.729008e-01 |   9.876400e-01 |   9.870136e-01 |   1.353662e-01 |   1.588393e-02 |
|   2.100000e-02 |   9.773909e-01 |   9.728226e-01 |   9.876066e-01 |   9.869986e-01 |   1.308062e-01 |   1.569558e-02 |
|   2.200000e-02 |   9.771634e-01 |   9.727471e-01 |   9.875744e-01 |   9.869844e-01 |   1.263855e-01 |   1.551375e-02 |
+----------------+----------------+----------------+----------------+----------------+----------------+----------------+
+----------------+----------------+----------------+------------------+----------------+----------------+
| time           | mass           | mass_reaction  | outflow_gradient | platen_max     | platen_min     |
+----------------+----------------+----------------+------------------+----------------+----------------+
:                :                :                :                  :                :                :
|   8.000000e-03 |   1.570597e-01 |  -2.187860e-01 |     2.136019e-01 |  -6.097469e-03 |  -6.097469e-03 |
|   9.000000e-03 |   1.568543e-01 |  -2.054272e-01 |     2.008855e-01 |  -6.125928e-03 |  -6.125928e-03 |
|   1.000000e-02 |   1.566600e-01 |  -1.942688e-01 |     1.901990e-01 |  -6.152848e-03 |  -6.152848e-03 |
|   1.100000e-02 |   1.564753e-01 |  -1.846860e-01 |     1.809767e-01 |  -6.178446e-03 |  -6.178446e-03 |
|   1.200000e-02 |   1.562991e-01 |  -1.762651e-01 |     1.728403e-01 |  -6.202885e-03 |  -6.202885e-03 |
|   1.300000e-02 |   1.561303e-01 |  -1.687225e-01 |     1.655287e-01 |  -6.226286e-03 |  -6.226286e-03 |
|   1.400000e-02 |   1.559685e-01 |  -1.618591e-01 |     1.588576e-01 |  -6.248744e-03 |  -6.248744e-03 |
|   1.500000e-02 |   1.558130e-01 |  -1.555324e-01 |     1.526949e-01 |  -6.270332e-03 |  -6.270332e-03 |
|   1.600000e-02 |   1.556633e-01 |  -1.496393e-01 |     1.469445e-01 |  -6.291110e-03 |  -6.291110e-03 |
|   1.700000e-02 |   1.555192e-01 |  -1.441043e-01 |     1.415358e-01 |  -6.311128e-03 |  -6.311128e-03 |
|   1.800000e-02 |   1.553803e-01 |  -1.388712e-01 |     1.364166e-01 |  -6.330426e-03 |  -6.330426e-03 |
|   1.900000e-02 |   1.552464e-01 |  -1.338983e-01 |     1.315476e-01 |  -6.349040e-03 |  -6.349040e-03 |
|   2.000000e-02 |   1.551173e-01 |  -1.291538e-01 |     1.268990e-01 |  -6.367001e-03 |  -6.367001e-03 |
|   2.100000e-02 |   1.549927e-01 |  -1.246135e-01 |     1.224481e-01 |  -6.384338e-03 |  -6.384338e-03 |
|   2.200000e-02 |   1.548724e-01 |  -1.202585e-01 |     1.181770e-01 |  -6.401074e-03 |  -6.401074e-03 |
+----------------+----------------+----------------+------------------+----------------+----------------+
+----------------+--------------------+--------------------+----------------+----------------+----------------+
| time           | solid_fraction_max | solid_fraction_min | stability_max  | stability_min  | top_reaction   |
+----------------+--------------------+--------------------+----------------+----------------+----------------+
:                :                    :                    :                :                :                :
|   8.000000e-03 |       6.085787e-01 |       6.038741e-01 |   2.811299e+01 |   2.800299e+01 |  -1.400000e+00 |
|   9.000000e-03 |       6.086279e-01 |       6.040303e-01 |   2.811028e+01 |   2.800281e+01 |  -1.400000e+00 |
|   1.000000e-02 |       6.086737e-01 |       6.041926e-01 |   2.810738e+01 |   2.800267e+01 |  -1.400000e+00 |
|   1.100000e-02 |       6.087167e-01 |       6.043582e-01 |   2.810436e+01 |   2.800254e+01 |  -1.400000e+00 |
|   1.200000e-02 |       6.087573e-01 |       6.045247e-01 |   2.810128e+01 |   2.800242e+01 |  -1.400000e+00 |
|   1.300000e-02 |       6.087959e-01 |       6.046904e-01 |   2.809818e+01 |   2.800232e+01 |  -1.400000e+00 |
|   1.400000e-02 |       6.088328e-01 |       6.048541e-01 |   2.809509e+01 |   2.800223e+01 |  -1.400000e+00 |
|   1.500000e-02 |       6.088681e-01 |       6.050150e-01 |   2.809204e+01 |   2.800214e+01 |  -1.400000e+00 |
|   1.600000e-02 |       6.089020e-01 |       6.051724e-01 |   2.808905e+01 |   2.800206e+01 |  -1.400000e+00 |
|   1.700000e-02 |       6.089346e-01 |       6.053260e-01 |   2.808612e+01 |   2.800198e+01 |  -1.400000e+00 |
|   1.800000e-02 |       6.089659e-01 |       6.054754e-01 |   2.808326e+01 |   2.800191e+01 |  -1.400000e+00 |
|   1.900000e-02 |       6.089962e-01 |       6.056206e-01 |   2.808048e+01 |   2.800184e+01 |  -1.400000e+00 |
|   2.000000e-02 |       6.090253e-01 |       6.057615e-01 |   2.807778e+01 |   2.800178e+01 |  -1.400000e+00 |
|   2.100000e-02 |       6.090534e-01 |       6.058980e-01 |   2.807516e+01 |   2.800172e+01 |  -1.400000e+00 |
|   2.200000e-02 |       6.090805e-01 |       6.060303e-01 |   2.807261e+01 |   2.800166e+01 |  -1.400000e+00 |
+----------------+--------------------+--------------------+----------------+----------------+----------------+


Time Step 23, time = 0.023, dt = 0.001
 * Nonlinear |R| = [32m1.505058e-02[39m (Before preset BCs, predictors, correctors, and constraints)
 0 Nonlinear |R| = [32m1.505058e-02[39m
      0 Linear |R| = [32m1.505058e-02[39m
      1 Linear |R| = [32m4.574919e-03[39m
      2 Linear |R| = [32m4.075971e-03[39m
      3 Linear |R| = [32m8.230468e-05[39m
      4 Linear |R| = [32m2.211658e-05[39m
      5 Linear |R| = [32m1.724019e-05[39m
      6 Linear |R| = [32m2.334099e-06[39m
      7 Linear |R| = [32m1.303819e-06[39m
      8 Linear |R| = [32m2.084150e-07[39m
      9 Linear |R| = [32m1.966016e-07[39m
     10 Linear |R| = [32m2.095467e-08[39m
     11 Linear |R| = [32m4.974896e-09[39m
     12 Linear |R| = [32m5.726556e-10[39m
     13 Linear |R| = [32m3.772071e-10[39m
     14 Linear |R| = [32m1.152612e-10[39m
     15 Linear |R| = [32m5.144530e-12[39m
 1 Nonlinear |R| = [32m5.822722e-06[39m
      0 Linear |R| = [32m5.822722e-06[39m
      1 Linear |R| = [32m9.313070e-07[39m
      2 Linear |R| = [32m6.975997e-08[39m
      3 Linear |R| = [32m1.791727e-08[39m
      4 Linear |R| = [32m5.342748e-09[39m
      5 Linear |R| = [33m5.078587e-09[39m
      6 Linear |R| = [32m1.598480e-09[39m
      7 Linear |R| = [32m4.605720e-10[39m
      8 Linear |R| = [32m5.321963e-11[39m
      9 Linear |R| = [33m5.183796e-11[39m
     10 Linear |R| = [32m1.330424e-11[39m
     11 Linear |R| = [32m2.614902e-12[39m
     12 Linear |R| = [32m2.252499e-13[39m
     13 Linear |R| = [32m2.084691e-13[39m
     14 Linear |R| = [32m3.292042e-14[39m
     15 Linear |R| = [32m2.746415e-15[39m
 2 Nonlinear |R| = [32m1.702140e-11[39m
      0 Linear |R| = [32m1.702140e-11[39m
      1 Linear |R| = [32m1.576528e-12[39m
      2 Linear |R| = [32m1.389121e-12[39m
      3 Linear |R| = [32m6.538065e-14[39m
      4 Linear |R| = [32m2.397994e-14[39m
      5 Linear |R| = [32m1.675562e-14[39m
      6 Linear |R| = [32m1.228265e-14[39m
      7 Linear |R| = [32m1.742252e-15[39m
      8 Linear |R| = [32m3.285773e-16[39m
      9 Linear |R| = [32m2.038408e-16[39m
     10 Linear |R| = [32m1.859903e-16[39m
     11 Linear |R| = [32m3.238365e-17[39m
     12 Linear |R| = [32m3.952819e-18[39m
     13 Linear |R| = [32m2.002405e-18[39m
     14 Linear |R| = [32m9.748729e-19[39m
     15 Linear |R| = [32m4.996399e-20[39m
     16 Linear |R| = [32m2.087430e-20[39m
     17 Linear |R| = [32m1.731449e-20[39m
     18 Linear |R| = [32m1.072073e-21[39m
 3 Nonlinear |R| = [32m2.512873e-14[39m
[32m Solve Converged![39m

Outlier Variable Residual Norms:
  uy: [33m2.115772e-14[39m

Postprocessor Values:
+----------------+----------------+----------------+----------------+----------------+----------------+----------------+
| time           | J_max          | J_min          | Jbar_max       | Jbar_min       | center_pressure| edge_ux        |
+----------------+----------------+----------------+----------------+----------------+----------------+----------------+
:                :                :                :                :                :                :                :
|   9.000000e-03 |   9.806664e-01 |   9.739986e-01 |   9.881027e-01 |   9.872536e-01 |   1.918058e-01 |   1.850325e-02 |
|   1.000000e-02 |   9.803708e-01 |   9.738740e-01 |   9.880513e-01 |   9.872212e-01 |   1.867888e-01 |   1.821080e-02 |
|   1.100000e-02 |   9.800736e-01 |   9.737563e-01 |   9.880023e-01 |   9.871924e-01 |   1.815544e-01 |   1.793267e-02 |
|   1.200000e-02 |   9.797778e-01 |   9.736445e-01 |   9.879555e-01 |   9.871663e-01 |   1.762071e-01 |   1.766713e-02 |
|   1.300000e-02 |   9.794856e-01 |   9.735379e-01 |   9.879106e-01 |   9.871425e-01 |   1.708251e-01 |   1.741286e-02 |
|   1.400000e-02 |   9.791987e-01 |   9.734358e-01 |   9.878674e-01 |   9.871205e-01 |   1.654653e-01 |   1.716884e-02 |
|   1.500000e-02 |   9.789180e-01 |   9.733379e-01 |   9.878259e-01 |   9.871000e-01 |   1.601687e-01 |   1.693426e-02 |
|   1.600000e-02 |   9.786443e-01 |   9.732438e-01 |   9.877860e-01 |   9.870808e-01 |   1.549639e-01 |   1.670849e-02 |
|   1.700000e-02 |   9.783781e-01 |   9.731532e-01 |   9.877475e-01 |   9.870627e-01 |   1.498706e-01 |   1.649099e-02 |
|   1.800000e-02 |   9.781195e-01 |   9.730660e-01 |   9.877104e-01 |   9.870455e-01 |   1.449018e-01 |   1.628131e-02 |
|   1.900000e-02 |   9.778689e-01 |   9.729819e-01 |   9.876745e-01 |   9.870292e-01 |   1.400654e-01 |   1.607907e-02 |
|   2.000000e-02 |   9.776260e-01 |   9.729008e-01 |   9.876400e-01 |   9.870136e-01 |   1.353662e-01 |   1.588393e-02 |
|   2.100000e-02 |   9.773909e-01 |   9.728226e-01 |   9.876066e-01 |   9.869986e-01 |   1.308062e-01 |   1.569558e-02 |
|   2.200000e-02 |   9.771634e-01 |   9.727471e-01 |   9.875744e-01 |   9.869844e-01 |   1.263855e-01 |   1.551375e-02 |
|   2.300000e-02 |   9.769435e-01 |   9.726742e-01 |   9.875432e-01 |   9.869707e-01 |   1.221031e-01 |   1.533820e-02 |
+----------------+----------------+----------------+----------------+----------------+----------------+----------------+
+----------------+----------------+----------------+------------------+----------------+----------------+
| time           | mass           | mass_reaction  | outflow_gradient | platen_max     | platen_min     |
+----------------+----------------+----------------+------------------+----------------+----------------+
:                :                :                :                  :                :                :
|   9.000000e-03 |   1.568543e-01 |  -2.054272e-01 |     2.008855e-01 |  -6.125928e-03 |  -6.125928e-03 |
|   1.000000e-02 |   1.566600e-01 |  -1.942688e-01 |     1.901990e-01 |  -6.152848e-03 |  -6.152848e-03 |
|   1.100000e-02 |   1.564753e-01 |  -1.846860e-01 |     1.809767e-01 |  -6.178446e-03 |  -6.178446e-03 |
|   1.200000e-02 |   1.562991e-01 |  -1.762651e-01 |     1.728403e-01 |  -6.202885e-03 |  -6.202885e-03 |
|   1.300000e-02 |   1.561303e-01 |  -1.687225e-01 |     1.655287e-01 |  -6.226286e-03 |  -6.226286e-03 |
|   1.400000e-02 |   1.559685e-01 |  -1.618591e-01 |     1.588576e-01 |  -6.248744e-03 |  -6.248744e-03 |
|   1.500000e-02 |   1.558130e-01 |  -1.555324e-01 |     1.526949e-01 |  -6.270332e-03 |  -6.270332e-03 |
|   1.600000e-02 |   1.556633e-01 |  -1.496393e-01 |     1.469445e-01 |  -6.291110e-03 |  -6.291110e-03 |
|   1.700000e-02 |   1.555192e-01 |  -1.441043e-01 |     1.415358e-01 |  -6.311128e-03 |  -6.311128e-03 |
|   1.800000e-02 |   1.553803e-01 |  -1.388712e-01 |     1.364166e-01 |  -6.330426e-03 |  -6.330426e-03 |
|   1.900000e-02 |   1.552464e-01 |  -1.338983e-01 |     1.315476e-01 |  -6.349040e-03 |  -6.349040e-03 |
|   2.000000e-02 |   1.551173e-01 |  -1.291538e-01 |     1.268990e-01 |  -6.367001e-03 |  -6.367001e-03 |
|   2.100000e-02 |   1.549927e-01 |  -1.246135e-01 |     1.224481e-01 |  -6.384338e-03 |  -6.384338e-03 |
|   2.200000e-02 |   1.548724e-01 |  -1.202585e-01 |     1.181770e-01 |  -6.401074e-03 |  -6.401074e-03 |
|   2.300000e-02 |   1.547563e-01 |  -1.160738e-01 |     1.140715e-01 |  -6.417234e-03 |  -6.417234e-03 |
+----------------+----------------+----------------+------------------+----------------+----------------+
+----------------+--------------------+--------------------+----------------+----------------+----------------+
| time           | solid_fraction_max | solid_fraction_min | stability_max  | stability_min  | top_reaction   |
+----------------+--------------------+--------------------+----------------+----------------+----------------+
:                :                    :                    :                :                :                :
|   9.000000e-03 |       6.086279e-01 |       6.040303e-01 |   2.811028e+01 |   2.800281e+01 |  -1.400000e+00 |
|   1.000000e-02 |       6.086737e-01 |       6.041926e-01 |   2.810738e+01 |   2.800267e+01 |  -1.400000e+00 |
|   1.100000e-02 |       6.087167e-01 |       6.043582e-01 |   2.810436e+01 |   2.800254e+01 |  -1.400000e+00 |
|   1.200000e-02 |       6.087573e-01 |       6.045247e-01 |   2.810128e+01 |   2.800242e+01 |  -1.400000e+00 |
|   1.300000e-02 |       6.087959e-01 |       6.046904e-01 |   2.809818e+01 |   2.800232e+01 |  -1.400000e+00 |
|   1.400000e-02 |       6.088328e-01 |       6.048541e-01 |   2.809509e+01 |   2.800223e+01 |  -1.400000e+00 |
|   1.500000e-02 |       6.088681e-01 |       6.050150e-01 |   2.809204e+01 |   2.800214e+01 |  -1.400000e+00 |
|   1.600000e-02 |       6.089020e-01 |       6.051724e-01 |   2.808905e+01 |   2.800206e+01 |  -1.400000e+00 |
|   1.700000e-02 |       6.089346e-01 |       6.053260e-01 |   2.808612e+01 |   2.800198e+01 |  -1.400000e+00 |
|   1.800000e-02 |       6.089659e-01 |       6.054754e-01 |   2.808326e+01 |   2.800191e+01 |  -1.400000e+00 |
|   1.900000e-02 |       6.089962e-01 |       6.056206e-01 |   2.808048e+01 |   2.800184e+01 |  -1.400000e+00 |
|   2.000000e-02 |       6.090253e-01 |       6.057615e-01 |   2.807778e+01 |   2.800178e+01 |  -1.400000e+00 |
|   2.100000e-02 |       6.090534e-01 |       6.058980e-01 |   2.807516e+01 |   2.800172e+01 |  -1.400000e+00 |
|   2.200000e-02 |       6.090805e-01 |       6.060303e-01 |   2.807261e+01 |   2.800166e+01 |  -1.400000e+00 |
|   2.300000e-02 |       6.091067e-01 |       6.061584e-01 |   2.807015e+01 |   2.800160e+01 |  -1.400000e+00 |
+----------------+--------------------+--------------------+----------------+----------------+----------------+


Time Step 24, time = 0.024, dt = 0.001
 * Nonlinear |R| = [32m1.453279e-02[39m (Before preset BCs, predictors, correctors, and constraints)
 0 Nonlinear |R| = [32m1.453279e-02[39m
      0 Linear |R| = [32m1.453279e-02[39m
      1 Linear |R| = [32m4.418342e-03[39m
      2 Linear |R| = [32m3.936875e-03[39m
      3 Linear |R| = [32m7.947403e-05[39m
      4 Linear |R| = [32m2.135490e-05[39m
      5 Linear |R| = [32m1.631860e-05[39m
      6 Linear |R| = [32m2.259597e-06[39m
      7 Linear |R| = [32m1.261252e-06[39m
      8 Linear |R| = [32m2.005250e-07[39m
      9 Linear |R| = [32m1.545915e-07[39m
     10 Linear |R| = [32m2.024672e-08[39m
     11 Linear |R| = [32m4.799368e-09[39m
     12 Linear |R| = [32m4.320766e-10[39m
     13 Linear |R| = [32m3.645936e-10[39m
     14 Linear |R| = [32m1.111824e-10[39m
     15 Linear |R| = [32m4.965222e-12[39m
 1 Nonlinear |R| = [32m5.433177e-06[39m
      0 Linear |R| = [32m5.433177e-06[39m
      1 Linear |R| = [32m8.682383e-07[39m
      2 Linear |R| = [32m6.003353e-08[39m
      3 Linear |R| = [32m1.669291e-08[39m
      4 Linear |R| = [32m4.973549e-09[39m
      5 Linear |R| = [33m4.735951e-09[39m
      6 Linear |R| = [32m1.481674e-09[39m
      7 Linear |R| = [32m4.275536e-10[39m
      8 Linear |R| = [32m5.055545e-11[39m
      9 Linear |R| = [33m5.036960e-11[39m
     10 Linear |R| = [32m1.234762e-11[39m
     11 Linear |R| = [32m2.456470e-12[39m
     12 Linear |R| = [32m2.529517e-13[39m
     13 Linear |R| = [32m1.949812e-13[39m
     14 Linear |R| = [32m3.185109e-14[39m
     15 Linear |R| = [32m2.486529e-15[39m
 2 Nonlinear |R| = [32m1.684030e-11[39m
      0 Linear |R| = [32m1.684030e-11[39m
      1 Linear |R| = [32m3.183204e-12[39m
      2 Linear |R| = [33m3.132112e-12[39m
      3 Linear |R| = [32m6.418727e-14[39m
      4 Linear |R| = [32m3.214837e-14[39m
      5 Linear |R| = [32m2.155870e-14[39m
      6 Linear |R| = [32m1.306183e-14[39m
      7 Linear |R| = [32m8.144947e-16[39m
      8 Linear |R| = [32m2.470161e-16[39m
      9 Linear |R| = [32m2.046366e-16[39m
     10 Linear |R| = [32m7.847817e-17[39m
     11 Linear |R| = [32m1.855128e-17[39m
     12 Linear |R| = [32m1.473447e-18[39m
     13 Linear |R| = [33m1.426384e-18[39m
     14 Linear |R| = [32m5.676122e-19[39m
     15 Linear |R| = [32m3.021641e-20[39m
     16 Linear |R| = [32m1.323372e-20[39m
 3 Nonlinear |R| = [32m2.623086e-14[39m
[32m Solve Converged![39m

Outlier Variable Residual Norms:
  uy: [33m2.291736e-14[39m

Postprocessor Values:
+----------------+----------------+----------------+----------------+----------------+----------------+----------------+
| time           | J_max          | J_min          | Jbar_max       | Jbar_min       | center_pressure| edge_ux        |
+----------------+----------------+----------------+----------------+----------------+----------------+----------------+
:                :                :                :                :                :                :                :
|   1.000000e-02 |   9.803708e-01 |   9.738740e-01 |   9.880513e-01 |   9.872212e-01 |   1.867888e-01 |   1.821080e-02 |
|   1.100000e-02 |   9.800736e-01 |   9.737563e-01 |   9.880023e-01 |   9.871924e-01 |   1.815544e-01 |   1.793267e-02 |
|   1.200000e-02 |   9.797778e-01 |   9.736445e-01 |   9.879555e-01 |   9.871663e-01 |   1.762071e-01 |   1.766713e-02 |
|   1.300000e-02 |   9.794856e-01 |   9.735379e-01 |   9.879106e-01 |   9.871425e-01 |   1.708251e-01 |   1.741286e-02 |
|   1.400000e-02 |   9.791987e-01 |   9.734358e-01 |   9.878674e-01 |   9.871205e-01 |   1.654653e-01 |   1.716884e-02 |
|   1.500000e-02 |   9.789180e-01 |   9.733379e-01 |   9.878259e-01 |   9.871000e-01 |   1.601687e-01 |   1.693426e-02 |
|   1.600000e-02 |   9.786443e-01 |   9.732438e-01 |   9.877860e-01 |   9.870808e-01 |   1.549639e-01 |   1.670849e-02 |
|   1.700000e-02 |   9.783781e-01 |   9.731532e-01 |   9.877475e-01 |   9.870627e-01 |   1.498706e-01 |   1.649099e-02 |
|   1.800000e-02 |   9.781195e-01 |   9.730660e-01 |   9.877104e-01 |   9.870455e-01 |   1.449018e-01 |   1.628131e-02 |
|   1.900000e-02 |   9.778689e-01 |   9.729819e-01 |   9.876745e-01 |   9.870292e-01 |   1.400654e-01 |   1.607907e-02 |
|   2.000000e-02 |   9.776260e-01 |   9.729008e-01 |   9.876400e-01 |   9.870136e-01 |   1.353662e-01 |   1.588393e-02 |
|   2.100000e-02 |   9.773909e-01 |   9.728226e-01 |   9.876066e-01 |   9.869986e-01 |   1.308062e-01 |   1.569558e-02 |
|   2.200000e-02 |   9.771634e-01 |   9.727471e-01 |   9.875744e-01 |   9.869844e-01 |   1.263855e-01 |   1.551375e-02 |
|   2.300000e-02 |   9.769435e-01 |   9.726742e-01 |   9.875432e-01 |   9.869707e-01 |   1.221031e-01 |   1.533820e-02 |
|   2.400000e-02 |   9.767308e-01 |   9.726038e-01 |   9.875132e-01 |   9.869575e-01 |   1.179572e-01 |   1.516868e-02 |
+----------------+----------------+----------------+----------------+----------------+----------------+----------------+
+----------------+----------------+----------------+------------------+----------------+----------------+
| time           | mass           | mass_reaction  | outflow_gradient | platen_max     | platen_min     |
+----------------+----------------+----------------+------------------+----------------+----------------+
:                :                :                :                  :                :                :
|   1.000000e-02 |   1.566600e-01 |  -1.942688e-01 |     1.901990e-01 |  -6.152848e-03 |  -6.152848e-03 |
|   1.100000e-02 |   1.564753e-01 |  -1.846860e-01 |     1.809767e-01 |  -6.178446e-03 |  -6.178446e-03 |
|   1.200000e-02 |   1.562991e-01 |  -1.762651e-01 |     1.728403e-01 |  -6.202885e-03 |  -6.202885e-03 |
|   1.300000e-02 |   1.561303e-01 |  -1.687225e-01 |     1.655287e-01 |  -6.226286e-03 |  -6.226286e-03 |
|   1.400000e-02 |   1.559685e-01 |  -1.618591e-01 |     1.588576e-01 |  -6.248744e-03 |  -6.248744e-03 |
|   1.500000e-02 |   1.558130e-01 |  -1.555324e-01 |     1.526949e-01 |  -6.270332e-03 |  -6.270332e-03 |
|   1.600000e-02 |   1.556633e-01 |  -1.496393e-01 |     1.469445e-01 |  -6.291110e-03 |  -6.291110e-03 |
|   1.700000e-02 |   1.555192e-01 |  -1.441043e-01 |     1.415358e-01 |  -6.311128e-03 |  -6.311128e-03 |
|   1.800000e-02 |   1.553803e-01 |  -1.388712e-01 |     1.364166e-01 |  -6.330426e-03 |  -6.330426e-03 |
|   1.900000e-02 |   1.552464e-01 |  -1.338983e-01 |     1.315476e-01 |  -6.349040e-03 |  -6.349040e-03 |
|   2.000000e-02 |   1.551173e-01 |  -1.291538e-01 |     1.268990e-01 |  -6.367001e-03 |  -6.367001e-03 |
|   2.100000e-02 |   1.549927e-01 |  -1.246135e-01 |     1.224481e-01 |  -6.384338e-03 |  -6.384338e-03 |
|   2.200000e-02 |   1.548724e-01 |  -1.202585e-01 |     1.181770e-01 |  -6.401074e-03 |  -6.401074e-03 |
|   2.300000e-02 |   1.547563e-01 |  -1.160738e-01 |     1.140715e-01 |  -6.417234e-03 |  -6.417234e-03 |
|   2.400000e-02 |   1.546443e-01 |  -1.120474e-01 |     1.101203e-01 |  -6.432839e-03 |  -6.432839e-03 |
+----------------+----------------+----------------+------------------+----------------+----------------+
+----------------+--------------------+--------------------+----------------+----------------+----------------+
| time           | solid_fraction_max | solid_fraction_min | stability_max  | stability_min  | top_reaction   |
+----------------+--------------------+--------------------+----------------+----------------+----------------+
:                :                    :                    :                :                :                :
|   1.000000e-02 |       6.086737e-01 |       6.041926e-01 |   2.810738e+01 |   2.800267e+01 |  -1.400000e+00 |
|   1.100000e-02 |       6.087167e-01 |       6.043582e-01 |   2.810436e+01 |   2.800254e+01 |  -1.400000e+00 |
|   1.200000e-02 |       6.087573e-01 |       6.045247e-01 |   2.810128e+01 |   2.800242e+01 |  -1.400000e+00 |
|   1.300000e-02 |       6.087959e-01 |       6.046904e-01 |   2.809818e+01 |   2.800232e+01 |  -1.400000e+00 |
|   1.400000e-02 |       6.088328e-01 |       6.048541e-01 |   2.809509e+01 |   2.800223e+01 |  -1.400000e+00 |
|   1.500000e-02 |       6.088681e-01 |       6.050150e-01 |   2.809204e+01 |   2.800214e+01 |  -1.400000e+00 |
|   1.600000e-02 |       6.089020e-01 |       6.051724e-01 |   2.808905e+01 |   2.800206e+01 |  -1.400000e+00 |
|   1.700000e-02 |       6.089346e-01 |       6.053260e-01 |   2.808612e+01 |   2.800198e+01 |  -1.400000e+00 |
|   1.800000e-02 |       6.089659e-01 |       6.054754e-01 |   2.808326e+01 |   2.800191e+01 |  -1.400000e+00 |
|   1.900000e-02 |       6.089962e-01 |       6.056206e-01 |   2.808048e+01 |   2.800184e+01 |  -1.400000e+00 |
|   2.000000e-02 |       6.090253e-01 |       6.057615e-01 |   2.807778e+01 |   2.800178e+01 |  -1.400000e+00 |
|   2.100000e-02 |       6.090534e-01 |       6.058980e-01 |   2.807516e+01 |   2.800172e+01 |  -1.400000e+00 |
|   2.200000e-02 |       6.090805e-01 |       6.060303e-01 |   2.807261e+01 |   2.800166e+01 |  -1.400000e+00 |
|   2.300000e-02 |       6.091067e-01 |       6.061584e-01 |   2.807015e+01 |   2.800160e+01 |  -1.400000e+00 |
|   2.400000e-02 |       6.091319e-01 |       6.062823e-01 |   2.806777e+01 |   2.800154e+01 |  -1.400000e+00 |
+----------------+--------------------+--------------------+----------------+----------------+----------------+


Time Step 25, time = 0.025, dt = 0.001
 * Nonlinear |R| = [32m1.403287e-02[39m (Before preset BCs, predictors, correctors, and constraints)
 0 Nonlinear |R| = [32m1.403287e-02[39m
      0 Linear |R| = [32m1.403287e-02[39m
      1 Linear |R| = [32m4.267387e-03[39m
      2 Linear |R| = [32m3.802749e-03[39m
      3 Linear |R| = [32m7.674586e-05[39m
      4 Linear |R| = [32m2.062197e-05[39m
      5 Linear |R| = [32m1.569666e-05[39m
      6 Linear |R| = [32m2.186274e-06[39m
      7 Linear |R| = [32m1.219602e-06[39m
      8 Linear |R| = [32m1.936693e-07[39m
      9 Linear |R| = [32m1.574647e-07[39m
     10 Linear |R| = [32m1.955960e-08[39m
     11 Linear |R| = [32m4.631050e-09[39m
     12 Linear |R| = [32m3.995924e-10[39m
     13 Linear |R| = [32m3.523635e-10[39m
     14 Linear |R| = [32m1.072822e-10[39m
     15 Linear |R| = [32m4.794590e-12[39m
 1 Nonlinear |R| = [32m5.082845e-06[39m
      0 Linear |R| = [32m5.082845e-06[39m
      1 Linear |R| = [32m8.121881e-07[39m
      2 Linear |R| = [32m6.555864e-08[39m
      3 Linear |R| = [32m1.556671e-08[39m
      4 Linear |R| = [32m4.639656e-09[39m
      5 Linear |R| = [32m4.388976e-09[39m
      6 Linear |R| = [32m1.384885e-09[39m
      7 Linear |R| = [32m3.983921e-10[39m
      8 Linear |R| = [32m4.655805e-11[39m
      9 Linear |R| = [32m4.314639e-11[39m
     10 Linear |R| = [32m1.160095e-11[39m
     11 Linear |R| = [32m2.282908e-12[39m
     12 Linear |R| = [32m1.960695e-13[39m
     13 Linear |R| = [33m1.897635e-13[39m
     14 Linear |R| = [32m3.018230e-14[39m
     15 Linear |R| = [32m2.393330e-15[39m
 2 Nonlinear |R| = [32m1.454571e-11[39m
      0 Linear |R| = [32m1.454571e-11[39m
      1 Linear |R| = [32m2.254063e-12[39m
      2 Linear |R| = [32m1.330778e-12[39m
      3 Linear |R| = [32m5.039216e-14[39m
      4 Linear |R| = [32m1.955308e-14[39m
      5 Linear |R| = [32m1.376779e-14[39m
      6 Linear |R| = [32m9.885680e-15[39m
      7 Linear |R| = [32m8.934339e-16[39m
      8 Linear |R| = [32m2.649646e-16[39m
      9 Linear |R| = [32m1.991162e-16[39m
     10 Linear |R| = [32m1.480611e-16[39m
     11 Linear |R| = [32m2.449698e-17[39m
     12 Linear |R| = [32m3.283676e-18[39m
     13 Linear |R| = [32m2.326418e-18[39m
     14 Linear |R| = [32m7.937737e-19[39m
     15 Linear |R| = [32m3.622797e-20[39m
     16 Linear |R| = [32m1.561173e-20[39m
     17 Linear |R| = [33m1.546711e-20[39m
     18 Linear |R| = [32m6.840452e-22[39m
 3 Nonlinear |R| = [32m2.347910e-14[39m
[32m Solve Converged![39m

Outlier Variable Residual Norms:
  uy: [33m2.037858e-14[39m

Postprocessor Values:
+----------------+----------------+----------------+----------------+----------------+----------------+----------------+
| time           | J_max          | J_min          | Jbar_max       | Jbar_min       | center_pressure| edge_ux        |
+----------------+----------------+----------------+----------------+----------------+----------------+----------------+
:                :                :                :                :                :                :                :
|   1.100000e-02 |   9.800736e-01 |   9.737563e-01 |   9.880023e-01 |   9.871924e-01 |   1.815544e-01 |   1.793267e-02 |
|   1.200000e-02 |   9.797778e-01 |   9.736445e-01 |   9.879555e-01 |   9.871663e-01 |   1.762071e-01 |   1.766713e-02 |
|   1.300000e-02 |   9.794856e-01 |   9.735379e-01 |   9.879106e-01 |   9.871425e-01 |   1.708251e-01 |   1.741286e-02 |
|   1.400000e-02 |   9.791987e-01 |   9.734358e-01 |   9.878674e-01 |   9.871205e-01 |   1.654653e-01 |   1.716884e-02 |
|   1.500000e-02 |   9.789180e-01 |   9.733379e-01 |   9.878259e-01 |   9.871000e-01 |   1.601687e-01 |   1.693426e-02 |
|   1.600000e-02 |   9.786443e-01 |   9.732438e-01 |   9.877860e-01 |   9.870808e-01 |   1.549639e-01 |   1.670849e-02 |
|   1.700000e-02 |   9.783781e-01 |   9.731532e-01 |   9.877475e-01 |   9.870627e-01 |   1.498706e-01 |   1.649099e-02 |
|   1.800000e-02 |   9.781195e-01 |   9.730660e-01 |   9.877104e-01 |   9.870455e-01 |   1.449018e-01 |   1.628131e-02 |
|   1.900000e-02 |   9.778689e-01 |   9.729819e-01 |   9.876745e-01 |   9.870292e-01 |   1.400654e-01 |   1.607907e-02 |
|   2.000000e-02 |   9.776260e-01 |   9.729008e-01 |   9.876400e-01 |   9.870136e-01 |   1.353662e-01 |   1.588393e-02 |
|   2.100000e-02 |   9.773909e-01 |   9.728226e-01 |   9.876066e-01 |   9.869986e-01 |   1.308062e-01 |   1.569558e-02 |
|   2.200000e-02 |   9.771634e-01 |   9.727471e-01 |   9.875744e-01 |   9.869844e-01 |   1.263855e-01 |   1.551375e-02 |
|   2.300000e-02 |   9.769435e-01 |   9.726742e-01 |   9.875432e-01 |   9.869707e-01 |   1.221031e-01 |   1.533820e-02 |
|   2.400000e-02 |   9.767308e-01 |   9.726038e-01 |   9.875132e-01 |   9.869575e-01 |   1.179572e-01 |   1.516868e-02 |
|   2.500000e-02 |   9.765253e-01 |   9.725358e-01 |   9.874842e-01 |   9.869449e-01 |   1.139450e-01 |   1.500498e-02 |
+----------------+----------------+----------------+----------------+----------------+----------------+----------------+
+----------------+----------------+----------------+------------------+----------------+----------------+
| time           | mass           | mass_reaction  | outflow_gradient | platen_max     | platen_min     |
+----------------+----------------+----------------+------------------+----------------+----------------+
:                :                :                :                  :                :                :
|   1.100000e-02 |   1.564753e-01 |  -1.846860e-01 |     1.809767e-01 |  -6.178446e-03 |  -6.178446e-03 |
|   1.200000e-02 |   1.562991e-01 |  -1.762651e-01 |     1.728403e-01 |  -6.202885e-03 |  -6.202885e-03 |
|   1.300000e-02 |   1.561303e-01 |  -1.687225e-01 |     1.655287e-01 |  -6.226286e-03 |  -6.226286e-03 |
|   1.400000e-02 |   1.559685e-01 |  -1.618591e-01 |     1.588576e-01 |  -6.248744e-03 |  -6.248744e-03 |
|   1.500000e-02 |   1.558130e-01 |  -1.555324e-01 |     1.526949e-01 |  -6.270332e-03 |  -6.270332e-03 |
|   1.600000e-02 |   1.556633e-01 |  -1.496393e-01 |     1.469445e-01 |  -6.291110e-03 |  -6.291110e-03 |
|   1.700000e-02 |   1.555192e-01 |  -1.441043e-01 |     1.415358e-01 |  -6.311128e-03 |  -6.311128e-03 |
|   1.800000e-02 |   1.553803e-01 |  -1.388712e-01 |     1.364166e-01 |  -6.330426e-03 |  -6.330426e-03 |
|   1.900000e-02 |   1.552464e-01 |  -1.338983e-01 |     1.315476e-01 |  -6.349040e-03 |  -6.349040e-03 |
|   2.000000e-02 |   1.551173e-01 |  -1.291538e-01 |     1.268990e-01 |  -6.367001e-03 |  -6.367001e-03 |
|   2.100000e-02 |   1.549927e-01 |  -1.246135e-01 |     1.224481e-01 |  -6.384338e-03 |  -6.384338e-03 |
|   2.200000e-02 |   1.548724e-01 |  -1.202585e-01 |     1.181770e-01 |  -6.401074e-03 |  -6.401074e-03 |
|   2.300000e-02 |   1.547563e-01 |  -1.160738e-01 |     1.140715e-01 |  -6.417234e-03 |  -6.417234e-03 |
|   2.400000e-02 |   1.546443e-01 |  -1.120474e-01 |     1.101203e-01 |  -6.432839e-03 |  -6.432839e-03 |
|   2.500000e-02 |   1.545361e-01 |  -1.081696e-01 |     1.063140e-01 |  -6.447908e-03 |  -6.447908e-03 |
+----------------+----------------+----------------+------------------+----------------+----------------+
+----------------+--------------------+--------------------+----------------+----------------+----------------+
| time           | solid_fraction_max | solid_fraction_min | stability_max  | stability_min  | top_reaction   |
+----------------+--------------------+--------------------+----------------+----------------+----------------+
:                :                    :                    :                :                :                :
|   1.100000e-02 |       6.087167e-01 |       6.043582e-01 |   2.810436e+01 |   2.800254e+01 |  -1.400000e+00 |
|   1.200000e-02 |       6.087573e-01 |       6.045247e-01 |   2.810128e+01 |   2.800242e+01 |  -1.400000e+00 |
|   1.300000e-02 |       6.087959e-01 |       6.046904e-01 |   2.809818e+01 |   2.800232e+01 |  -1.400000e+00 |
|   1.400000e-02 |       6.088328e-01 |       6.048541e-01 |   2.809509e+01 |   2.800223e+01 |  -1.400000e+00 |
|   1.500000e-02 |       6.088681e-01 |       6.050150e-01 |   2.809204e+01 |   2.800214e+01 |  -1.400000e+00 |
|   1.600000e-02 |       6.089020e-01 |       6.051724e-01 |   2.808905e+01 |   2.800206e+01 |  -1.400000e+00 |
|   1.700000e-02 |       6.089346e-01 |       6.053260e-01 |   2.808612e+01 |   2.800198e+01 |  -1.400000e+00 |
|   1.800000e-02 |       6.089659e-01 |       6.054754e-01 |   2.808326e+01 |   2.800191e+01 |  -1.400000e+00 |
|   1.900000e-02 |       6.089962e-01 |       6.056206e-01 |   2.808048e+01 |   2.800184e+01 |  -1.400000e+00 |
|   2.000000e-02 |       6.090253e-01 |       6.057615e-01 |   2.807778e+01 |   2.800178e+01 |  -1.400000e+00 |
|   2.100000e-02 |       6.090534e-01 |       6.058980e-01 |   2.807516e+01 |   2.800172e+01 |  -1.400000e+00 |
|   2.200000e-02 |       6.090805e-01 |       6.060303e-01 |   2.807261e+01 |   2.800166e+01 |  -1.400000e+00 |
|   2.300000e-02 |       6.091067e-01 |       6.061584e-01 |   2.807015e+01 |   2.800160e+01 |  -1.400000e+00 |
|   2.400000e-02 |       6.091319e-01 |       6.062823e-01 |   2.806777e+01 |   2.800154e+01 |  -1.400000e+00 |
|   2.500000e-02 |       6.091563e-01 |       6.064021e-01 |   2.806546e+01 |   2.800149e+01 |  -1.400000e+00 |
+----------------+--------------------+--------------------+----------------+----------------+----------------+


Time Step 26, time = 0.026, dt = 0.001
 * Nonlinear |R| = [32m1.355013e-02[39m (Before preset BCs, predictors, correctors, and constraints)
 0 Nonlinear |R| = [32m1.355013e-02[39m
      0 Linear |R| = [32m1.355013e-02[39m
      1 Linear |R| = [32m4.121746e-03[39m
      2 Linear |R| = [32m3.673319e-03[39m
      3 Linear |R| = [32m7.411449e-05[39m
      4 Linear |R| = [32m1.991385e-05[39m
      5 Linear |R| = [32m1.484781e-05[39m
      6 Linear |R| = [32m2.114458e-06[39m
      7 Linear |R| = [32m1.178977e-06[39m
      8 Linear |R| = [32m1.875008e-07[39m
      9 Linear |R| = [32m1.763566e-07[39m
     10 Linear |R| = [32m1.889378e-08[39m
     11 Linear |R| = [32m4.469285e-09[39m
     12 Linear |R| = [32m4.801507e-10[39m
     13 Linear |R| = [32m3.406432e-10[39m
     14 Linear |R| = [32m1.035381e-10[39m
     15 Linear |R| = [32m4.633303e-12[39m
 1 Nonlinear |R| = [32m4.738929e-06[39m
      0 Linear |R| = [32m4.738929e-06[39m
      1 Linear |R| = [32m7.600601e-07[39m
      2 Linear |R| = [32m6.166768e-08[39m
      3 Linear |R| = [32m1.458732e-08[39m
      4 Linear |R| = [32m4.343793e-09[39m
      5 Linear |R| = [32m4.105115e-09[39m
      6 Linear |R| = [32m1.291815e-09[39m
      7 Linear |R| = [32m3.734539e-10[39m
      8 Linear |R| = [32m4.270049e-11[39m
      9 Linear |R| = [32m3.918152e-11[39m
     10 Linear |R| = [32m1.086122e-11[39m
     11 Linear |R| = [32m2.094405e-12[39m
     12 Linear |R| = [32m1.846908e-13[39m
     13 Linear |R| = [33m1.817649e-13[39m
     14 Linear |R| = [32m2.693170e-14[39m
     15 Linear |R| = [32m2.252359e-15[39m
 2 Nonlinear |R| = [32m1.359133e-11[39m
      0 Linear |R| = [32m1.359133e-11[39m
      1 Linear |R| = [32m1.779111e-12[39m
      2 Linear |R| = [32m1.430566e-12[39m
      3 Linear |R| = [32m6.580600e-14[39m
      4 Linear |R| = [32m3.108532e-14[39m
      5 Linear |R| = [32m1.523815e-14[39m
      6 Linear |R| = [32m1.270263e-14[39m
      7 Linear |R| = [32m1.513938e-15[39m
      8 Linear |R| = [32m3.691664e-16[39m
      9 Linear |R| = [32m1.746004e-16[39m
     10 Linear |R| = [32m1.545661e-16[39m
     11 Linear |R| = [32m9.411532e-18[39m
     12 Linear |R| = [32m3.127372e-18[39m
     13 Linear |R| = [32m1.946065e-18[39m
     14 Linear |R| = [32m4.720720e-19[39m
     15 Linear |R| = [32m2.976065e-20[39m
     16 Linear |R| = [32m1.219516e-20[39m
 3 Nonlinear |R| = [32m2.547620e-14[39m
[32m Solve Converged![39m

Outlier Variable Residual Norms:
  uy: [33m2.173689e-14[39m

Postprocessor Values:
+----------------+----------------+----------------+----------------+----------------+----------------+----------------+
| time           | J_max          | J_min          | Jbar_max       | Jbar_min       | center_pressure| edge_ux        |
+----------------+----------------+----------------+----------------+----------------+----------------+----------------+
:                :                :                :                :                :                :                :
|   1.200000e-02 |   9.797778e-01 |   9.736445e-01 |   9.879555e-01 |   9.871663e-01 |   1.762071e-01 |   1.766713e-02 |
|   1.300000e-02 |   9.794856e-01 |   9.735379e-01 |   9.879106e-01 |   9.871425e-01 |   1.708251e-01 |   1.741286e-02 |
|   1.400000e-02 |   9.791987e-01 |   9.734358e-01 |   9.878674e-01 |   9.871205e-01 |   1.654653e-01 |   1.716884e-02 |
|   1.500000e-02 |   9.789180e-01 |   9.733379e-01 |   9.878259e-01 |   9.871000e-01 |   1.601687e-01 |   1.693426e-02 |
|   1.600000e-02 |   9.786443e-01 |   9.732438e-01 |   9.877860e-01 |   9.870808e-01 |   1.549639e-01 |   1.670849e-02 |
|   1.700000e-02 |   9.783781e-01 |   9.731532e-01 |   9.877475e-01 |   9.870627e-01 |   1.498706e-01 |   1.649099e-02 |
|   1.800000e-02 |   9.781195e-01 |   9.730660e-01 |   9.877104e-01 |   9.870455e-01 |   1.449018e-01 |   1.628131e-02 |
|   1.900000e-02 |   9.778689e-01 |   9.729819e-01 |   9.876745e-01 |   9.870292e-01 |   1.400654e-01 |   1.607907e-02 |
|   2.000000e-02 |   9.776260e-01 |   9.729008e-01 |   9.876400e-01 |   9.870136e-01 |   1.353662e-01 |   1.588393e-02 |
|   2.100000e-02 |   9.773909e-01 |   9.728226e-01 |   9.876066e-01 |   9.869986e-01 |   1.308062e-01 |   1.569558e-02 |
|   2.200000e-02 |   9.771634e-01 |   9.727471e-01 |   9.875744e-01 |   9.869844e-01 |   1.263855e-01 |   1.551375e-02 |
|   2.300000e-02 |   9.769435e-01 |   9.726742e-01 |   9.875432e-01 |   9.869707e-01 |   1.221031e-01 |   1.533820e-02 |
|   2.400000e-02 |   9.767308e-01 |   9.726038e-01 |   9.875132e-01 |   9.869575e-01 |   1.179572e-01 |   1.516868e-02 |
|   2.500000e-02 |   9.765253e-01 |   9.725358e-01 |   9.874842e-01 |   9.869449e-01 |   1.139450e-01 |   1.500498e-02 |
|   2.600000e-02 |   9.763266e-01 |   9.724702e-01 |   9.874561e-01 |   9.869328e-01 |   1.100637e-01 |   1.484688e-02 |
+----------------+----------------+----------------+----------------+----------------+----------------+----------------+
+----------------+----------------+----------------+------------------+----------------+----------------+
| time           | mass           | mass_reaction  | outflow_gradient | platen_max     | platen_min     |
+----------------+----------------+----------------+------------------+----------------+----------------+
:                :                :                :                  :                :                :
|   1.200000e-02 |   1.562991e-01 |  -1.762651e-01 |     1.728403e-01 |  -6.202885e-03 |  -6.202885e-03 |
|   1.300000e-02 |   1.561303e-01 |  -1.687225e-01 |     1.655287e-01 |  -6.226286e-03 |  -6.226286e-03 |
|   1.400000e-02 |   1.559685e-01 |  -1.618591e-01 |     1.588576e-01 |  -6.248744e-03 |  -6.248744e-03 |
|   1.500000e-02 |   1.558130e-01 |  -1.555324e-01 |     1.526949e-01 |  -6.270332e-03 |  -6.270332e-03 |
|   1.600000e-02 |   1.556633e-01 |  -1.496393e-01 |     1.469445e-01 |  -6.291110e-03 |  -6.291110e-03 |
|   1.700000e-02 |   1.555192e-01 |  -1.441043e-01 |     1.415358e-01 |  -6.311128e-03 |  -6.311128e-03 |
|   1.800000e-02 |   1.553803e-01 |  -1.388712e-01 |     1.364166e-01 |  -6.330426e-03 |  -6.330426e-03 |
|   1.900000e-02 |   1.552464e-01 |  -1.338983e-01 |     1.315476e-01 |  -6.349040e-03 |  -6.349040e-03 |
|   2.000000e-02 |   1.551173e-01 |  -1.291538e-01 |     1.268990e-01 |  -6.367001e-03 |  -6.367001e-03 |
|   2.100000e-02 |   1.549927e-01 |  -1.246135e-01 |     1.224481e-01 |  -6.384338e-03 |  -6.384338e-03 |
|   2.200000e-02 |   1.548724e-01 |  -1.202585e-01 |     1.181770e-01 |  -6.401074e-03 |  -6.401074e-03 |
|   2.300000e-02 |   1.547563e-01 |  -1.160738e-01 |     1.140715e-01 |  -6.417234e-03 |  -6.417234e-03 |
|   2.400000e-02 |   1.546443e-01 |  -1.120474e-01 |     1.101203e-01 |  -6.432839e-03 |  -6.432839e-03 |
|   2.500000e-02 |   1.545361e-01 |  -1.081696e-01 |     1.063140e-01 |  -6.447908e-03 |  -6.447908e-03 |
|   2.600000e-02 |   1.544317e-01 |  -1.044319e-01 |     1.026446e-01 |  -6.462461e-03 |  -6.462461e-03 |
+----------------+----------------+----------------+------------------+----------------+----------------+
+----------------+--------------------+--------------------+----------------+----------------+----------------+
| time           | solid_fraction_max | solid_fraction_min | stability_max  | stability_min  | top_reaction   |
+----------------+--------------------+--------------------+----------------+----------------+----------------+
:                :                    :                    :                :                :                :
|   1.200000e-02 |       6.087573e-01 |       6.045247e-01 |   2.810128e+01 |   2.800242e+01 |  -1.400000e+00 |
|   1.300000e-02 |       6.087959e-01 |       6.046904e-01 |   2.809818e+01 |   2.800232e+01 |  -1.400000e+00 |
|   1.400000e-02 |       6.088328e-01 |       6.048541e-01 |   2.809509e+01 |   2.800223e+01 |  -1.400000e+00 |
|   1.500000e-02 |       6.088681e-01 |       6.050150e-01 |   2.809204e+01 |   2.800214e+01 |  -1.400000e+00 |
|   1.600000e-02 |       6.089020e-01 |       6.051724e-01 |   2.808905e+01 |   2.800206e+01 |  -1.400000e+00 |
|   1.700000e-02 |       6.089346e-01 |       6.053260e-01 |   2.808612e+01 |   2.800198e+01 |  -1.400000e+00 |
|   1.800000e-02 |       6.089659e-01 |       6.054754e-01 |   2.808326e+01 |   2.800191e+01 |  -1.400000e+00 |
|   1.900000e-02 |       6.089962e-01 |       6.056206e-01 |   2.808048e+01 |   2.800184e+01 |  -1.400000e+00 |
|   2.000000e-02 |       6.090253e-01 |       6.057615e-01 |   2.807778e+01 |   2.800178e+01 |  -1.400000e+00 |
|   2.100000e-02 |       6.090534e-01 |       6.058980e-01 |   2.807516e+01 |   2.800172e+01 |  -1.400000e+00 |
|   2.200000e-02 |       6.090805e-01 |       6.060303e-01 |   2.807261e+01 |   2.800166e+01 |  -1.400000e+00 |
|   2.300000e-02 |       6.091067e-01 |       6.061584e-01 |   2.807015e+01 |   2.800160e+01 |  -1.400000e+00 |
|   2.400000e-02 |       6.091319e-01 |       6.062823e-01 |   2.806777e+01 |   2.800154e+01 |  -1.400000e+00 |
|   2.500000e-02 |       6.091563e-01 |       6.064021e-01 |   2.806546e+01 |   2.800149e+01 |  -1.400000e+00 |
|   2.600000e-02 |       6.091799e-01 |       6.065180e-01 |   2.806323e+01 |   2.800144e+01 |  -1.400000e+00 |
+----------------+--------------------+--------------------+----------------+----------------+----------------+


Time Step 27, time = 0.027, dt = 0.001
 * Nonlinear |R| = [32m1.308393e-02[39m (Before preset BCs, predictors, correctors, and constraints)
 0 Nonlinear |R| = [32m1.308393e-02[39m
      0 Linear |R| = [32m1.308393e-02[39m
      1 Linear |R| = [32m3.981145e-03[39m
      2 Linear |R| = [32m3.548329e-03[39m
      3 Linear |R| = [32m7.157611e-05[39m
      4 Linear |R| = [32m1.923896e-05[39m
      5 Linear |R| = [32m1.474824e-05[39m
      6 Linear |R| = [32m2.044355e-06[39m
      7 Linear |R| = [32m1.139449e-06[39m
      8 Linear |R| = [32m1.805496e-07[39m
      9 Linear |R| = [32m1.470109e-07[39m
     10 Linear |R| = [32m1.824921e-08[39m
     11 Linear |R| = [32m4.313642e-09[39m
     12 Linear |R| = [32m3.567167e-10[39m
     13 Linear |R| = [32m3.288969e-10[39m
     14 Linear |R| = [32m9.993697e-11[39m
     15 Linear |R| = [32m4.471089e-12[39m
 1 Nonlinear |R| = [32m4.421132e-06[39m
      0 Linear |R| = [32m4.421132e-06[39m
      1 Linear |R| = [32m7.062572e-07[39m
      2 Linear |R| = [32m3.911262e-08[39m
      3 Linear |R| = [32m1.359298e-08[39m
      4 Linear |R| = [32m4.054217e-09[39m
      5 Linear |R| = [33m3.873874e-09[39m
      6 Linear |R| = [32m1.198697e-09[39m
      7 Linear |R| = [32m3.497997e-10[39m
      8 Linear |R| = [32m4.069207e-11[39m
      9 Linear |R| = [33m4.013724e-11[39m
     10 Linear |R| = [32m1.004080e-11[39m
     11 Linear |R| = [32m1.984255e-12[39m
     12 Linear |R| = [32m1.807959e-13[39m
     13 Linear |R| = [32m1.655260e-13[39m
     14 Linear |R| = [32m2.642828e-14[39m
     15 Linear |R| = [32m2.058069e-15[39m
 2 Nonlinear |R| = [32m1.395379e-11[39m
      0 Linear |R| = [32m1.395379e-11[39m
      1 Linear |R| = [32m2.473150e-12[39m
      2 Linear |R| = [32m1.958247e-12[39m
      3 Linear |R| = [32m5.084985e-14[39m
      4 Linear |R| = [32m1.936679e-14[39m
      5 Linear |R| = [32m1.542226e-14[39m
      6 Linear |R| = [32m1.016867e-14[39m
      7 Linear |R| = [32m6.388936e-16[39m
      8 Linear |R| = [32m2.401462e-16[39m
      9 Linear |R| = [32m2.109078e-16[39m
     10 Linear |R| = [32m7.439911e-17[39m
     11 Linear |R| = [32m6.144636e-18[39m
     12 Linear |R| = [32m2.574473e-18[39m
     13 Linear |R| = [32m2.237948e-18[39m
     14 Linear |R| = [32m1.240421e-19[39m
     15 Linear |R| = [32m3.248349e-20[39m
     16 Linear |R| = [32m7.323340e-21[39m
 3 Nonlinear |R| = [32m2.282628e-14[39m
[32m Solve Converged![39m

Outlier Variable Residual Norms:
  uy: [33m1.945516e-14[39m

Postprocessor Values:
+----------------+----------------+----------------+----------------+----------------+----------------+----------------+
| time           | J_max          | J_min          | Jbar_max       | Jbar_min       | center_pressure| edge_ux        |
+----------------+----------------+----------------+----------------+----------------+----------------+----------------+
:                :                :                :                :                :                :                :
|   1.300000e-02 |   9.794856e-01 |   9.735379e-01 |   9.879106e-01 |   9.871425e-01 |   1.708251e-01 |   1.741286e-02 |
|   1.400000e-02 |   9.791987e-01 |   9.734358e-01 |   9.878674e-01 |   9.871205e-01 |   1.654653e-01 |   1.716884e-02 |
|   1.500000e-02 |   9.789180e-01 |   9.733379e-01 |   9.878259e-01 |   9.871000e-01 |   1.601687e-01 |   1.693426e-02 |
|   1.600000e-02 |   9.786443e-01 |   9.732438e-01 |   9.877860e-01 |   9.870808e-01 |   1.549639e-01 |   1.670849e-02 |
|   1.700000e-02 |   9.783781e-01 |   9.731532e-01 |   9.877475e-01 |   9.870627e-01 |   1.498706e-01 |   1.649099e-02 |
|   1.800000e-02 |   9.781195e-01 |   9.730660e-01 |   9.877104e-01 |   9.870455e-01 |   1.449018e-01 |   1.628131e-02 |
|   1.900000e-02 |   9.778689e-01 |   9.729819e-01 |   9.876745e-01 |   9.870292e-01 |   1.400654e-01 |   1.607907e-02 |
|   2.000000e-02 |   9.776260e-01 |   9.729008e-01 |   9.876400e-01 |   9.870136e-01 |   1.353662e-01 |   1.588393e-02 |
|   2.100000e-02 |   9.773909e-01 |   9.728226e-01 |   9.876066e-01 |   9.869986e-01 |   1.308062e-01 |   1.569558e-02 |
|   2.200000e-02 |   9.771634e-01 |   9.727471e-01 |   9.875744e-01 |   9.869844e-01 |   1.263855e-01 |   1.551375e-02 |
|   2.300000e-02 |   9.769435e-01 |   9.726742e-01 |   9.875432e-01 |   9.869707e-01 |   1.221031e-01 |   1.533820e-02 |
|   2.400000e-02 |   9.767308e-01 |   9.726038e-01 |   9.875132e-01 |   9.869575e-01 |   1.179572e-01 |   1.516868e-02 |
|   2.500000e-02 |   9.765253e-01 |   9.725358e-01 |   9.874842e-01 |   9.869449e-01 |   1.139450e-01 |   1.500498e-02 |
|   2.600000e-02 |   9.763266e-01 |   9.724702e-01 |   9.874561e-01 |   9.869328e-01 |   1.100637e-01 |   1.484688e-02 |
|   2.700000e-02 |   9.761347e-01 |   9.724068e-01 |   9.874291e-01 |   9.869211e-01 |   1.063099e-01 |   1.469421e-02 |
+----------------+----------------+----------------+----------------+----------------+----------------+----------------+
+----------------+----------------+----------------+------------------+----------------+----------------+
| time           | mass           | mass_reaction  | outflow_gradient | platen_max     | platen_min     |
+----------------+----------------+----------------+------------------+----------------+----------------+
:                :                :                :                  :                :                :
|   1.300000e-02 |   1.561303e-01 |  -1.687225e-01 |     1.655287e-01 |  -6.226286e-03 |  -6.226286e-03 |
|   1.400000e-02 |   1.559685e-01 |  -1.618591e-01 |     1.588576e-01 |  -6.248744e-03 |  -6.248744e-03 |
|   1.500000e-02 |   1.558130e-01 |  -1.555324e-01 |     1.526949e-01 |  -6.270332e-03 |  -6.270332e-03 |
|   1.600000e-02 |   1.556633e-01 |  -1.496393e-01 |     1.469445e-01 |  -6.291110e-03 |  -6.291110e-03 |
|   1.700000e-02 |   1.555192e-01 |  -1.441043e-01 |     1.415358e-01 |  -6.311128e-03 |  -6.311128e-03 |
|   1.800000e-02 |   1.553803e-01 |  -1.388712e-01 |     1.364166e-01 |  -6.330426e-03 |  -6.330426e-03 |
|   1.900000e-02 |   1.552464e-01 |  -1.338983e-01 |     1.315476e-01 |  -6.349040e-03 |  -6.349040e-03 |
|   2.000000e-02 |   1.551173e-01 |  -1.291538e-01 |     1.268990e-01 |  -6.367001e-03 |  -6.367001e-03 |
|   2.100000e-02 |   1.549927e-01 |  -1.246135e-01 |     1.224481e-01 |  -6.384338e-03 |  -6.384338e-03 |
|   2.200000e-02 |   1.548724e-01 |  -1.202585e-01 |     1.181770e-01 |  -6.401074e-03 |  -6.401074e-03 |
|   2.300000e-02 |   1.547563e-01 |  -1.160738e-01 |     1.140715e-01 |  -6.417234e-03 |  -6.417234e-03 |
|   2.400000e-02 |   1.546443e-01 |  -1.120474e-01 |     1.101203e-01 |  -6.432839e-03 |  -6.432839e-03 |
|   2.500000e-02 |   1.545361e-01 |  -1.081696e-01 |     1.063140e-01 |  -6.447908e-03 |  -6.447908e-03 |
|   2.600000e-02 |   1.544317e-01 |  -1.044319e-01 |     1.026446e-01 |  -6.462461e-03 |  -6.462461e-03 |
|   2.700000e-02 |   1.543309e-01 |  -1.008273e-01 |     9.910543e-02 |  -6.476517e-03 |  -6.476517e-03 |
+----------------+----------------+----------------+------------------+----------------+----------------+
+----------------+--------------------+--------------------+----------------+----------------+----------------+
| time           | solid_fraction_max | solid_fraction_min | stability_max  | stability_min  | top_reaction   |
+----------------+--------------------+--------------------+----------------+----------------+----------------+
:                :                    :                    :                :                :                :
|   1.300000e-02 |       6.087959e-01 |       6.046904e-01 |   2.809818e+01 |   2.800232e+01 |  -1.400000e+00 |
|   1.400000e-02 |       6.088328e-01 |       6.048541e-01 |   2.809509e+01 |   2.800223e+01 |  -1.400000e+00 |
|   1.500000e-02 |       6.088681e-01 |       6.050150e-01 |   2.809204e+01 |   2.800214e+01 |  -1.400000e+00 |
|   1.600000e-02 |       6.089020e-01 |       6.051724e-01 |   2.808905e+01 |   2.800206e+01 |  -1.400000e+00 |
|   1.700000e-02 |       6.089346e-01 |       6.053260e-01 |   2.808612e+01 |   2.800198e+01 |  -1.400000e+00 |
|   1.800000e-02 |       6.089659e-01 |       6.054754e-01 |   2.808326e+01 |   2.800191e+01 |  -1.400000e+00 |
|   1.900000e-02 |       6.089962e-01 |       6.056206e-01 |   2.808048e+01 |   2.800184e+01 |  -1.400000e+00 |
|   2.000000e-02 |       6.090253e-01 |       6.057615e-01 |   2.807778e+01 |   2.800178e+01 |  -1.400000e+00 |
|   2.100000e-02 |       6.090534e-01 |       6.058980e-01 |   2.807516e+01 |   2.800172e+01 |  -1.400000e+00 |
|   2.200000e-02 |       6.090805e-01 |       6.060303e-01 |   2.807261e+01 |   2.800166e+01 |  -1.400000e+00 |
|   2.300000e-02 |       6.091067e-01 |       6.061584e-01 |   2.807015e+01 |   2.800160e+01 |  -1.400000e+00 |
|   2.400000e-02 |       6.091319e-01 |       6.062823e-01 |   2.806777e+01 |   2.800154e+01 |  -1.400000e+00 |
|   2.500000e-02 |       6.091563e-01 |       6.064021e-01 |   2.806546e+01 |   2.800149e+01 |  -1.400000e+00 |
|   2.600000e-02 |       6.091799e-01 |       6.065180e-01 |   2.806323e+01 |   2.800144e+01 |  -1.400000e+00 |
|   2.700000e-02 |       6.092026e-01 |       6.066301e-01 |   2.806108e+01 |   2.800139e+01 |  -1.400000e+00 |
+----------------+--------------------+--------------------+----------------+----------------+----------------+


Time Step 28, time = 0.028, dt = 0.001
 * Nonlinear |R| = [32m1.263368e-02[39m (Before preset BCs, predictors, correctors, and constraints)
 0 Nonlinear |R| = [32m1.263368e-02[39m
      0 Linear |R| = [32m1.263368e-02[39m
      1 Linear |R| = [32m3.845395e-03[39m
      2 Linear |R| = [32m3.427643e-03[39m
      3 Linear |R| = [32m6.912492e-05[39m
      4 Linear |R| = [32m1.858472e-05[39m
      5 Linear |R| = [32m1.480256e-05[39m
      6 Linear |R| = [32m1.976051e-06[39m
      7 Linear |R| = [32m1.101043e-06[39m
      8 Linear |R| = [32m1.745648e-07[39m
      9 Linear |R| = [32m1.569130e-07[39m
     10 Linear |R| = [32m1.762475e-08[39m
     11 Linear |R| = [32m4.163693e-09[39m
     12 Linear |R| = [32m4.276659e-10[39m
     13 Linear |R| = [32m3.179392e-10[39m
     14 Linear |R| = [32m9.646538e-11[39m
     15 Linear |R| = [32m4.316372e-12[39m
 1 Nonlinear |R| = [32m4.129373e-06[39m
      0 Linear |R| = [32m4.129373e-06[39m
      1 Linear |R| = [32m6.606780e-07[39m
      2 Linear |R| = [32m3.768357e-08[39m
      3 Linear |R| = [32m1.276072e-08[39m
      4 Linear |R| = [32m3.810802e-09[39m
      5 Linear |R| = [32m3.581963e-09[39m
      6 Linear |R| = [32m1.145987e-09[39m
      7 Linear |R| = [32m3.288866e-10[39m
      8 Linear |R| = [32m3.855821e-11[39m
      9 Linear |R| = [33m3.746843e-11[39m
     10 Linear |R| = [32m9.773245e-12[39m
     11 Linear |R| = [32m1.876077e-12[39m
     12 Linear |R| = [32m1.712404e-13[39m
     13 Linear |R| = [32m1.608943e-13[39m
     14 Linear |R| = [32m2.455236e-14[39m
     15 Linear |R| = [32m2.065194e-15[39m
 2 Nonlinear |R| = [32m1.147658e-11[39m
[32m Solve Converged![39m

Outlier Variable Residual Norms:
  uy: [33m9.638222e-12[39m

Postprocessor Values:
+----------------+----------------+----------------+----------------+----------------+----------------+----------------+
| time           | J_max          | J_min          | Jbar_max       | Jbar_min       | center_pressure| edge_ux        |
+----------------+----------------+----------------+----------------+----------------+----------------+----------------+
:                :                :                :                :                :                :                :
|   1.400000e-02 |   9.791987e-01 |   9.734358e-01 |   9.878674e-01 |   9.871205e-01 |   1.654653e-01 |   1.716884e-02 |
|   1.500000e-02 |   9.789180e-01 |   9.733379e-01 |   9.878259e-01 |   9.871000e-01 |   1.601687e-01 |   1.693426e-02 |
|   1.600000e-02 |   9.786443e-01 |   9.732438e-01 |   9.877860e-01 |   9.870808e-01 |   1.549639e-01 |   1.670849e-02 |
|   1.700000e-02 |   9.783781e-01 |   9.731532e-01 |   9.877475e-01 |   9.870627e-01 |   1.498706e-01 |   1.649099e-02 |
|   1.800000e-02 |   9.781195e-01 |   9.730660e-01 |   9.877104e-01 |   9.870455e-01 |   1.449018e-01 |   1.628131e-02 |
|   1.900000e-02 |   9.778689e-01 |   9.729819e-01 |   9.876745e-01 |   9.870292e-01 |   1.400654e-01 |   1.607907e-02 |
|   2.000000e-02 |   9.776260e-01 |   9.729008e-01 |   9.876400e-01 |   9.870136e-01 |   1.353662e-01 |   1.588393e-02 |
|   2.100000e-02 |   9.773909e-01 |   9.728226e-01 |   9.876066e-01 |   9.869986e-01 |   1.308062e-01 |   1.569558e-02 |
|   2.200000e-02 |   9.771634e-01 |   9.727471e-01 |   9.875744e-01 |   9.869844e-01 |   1.263855e-01 |   1.551375e-02 |
|   2.300000e-02 |   9.769435e-01 |   9.726742e-01 |   9.875432e-01 |   9.869707e-01 |   1.221031e-01 |   1.533820e-02 |
|   2.400000e-02 |   9.767308e-01 |   9.726038e-01 |   9.875132e-01 |   9.869575e-01 |   1.179572e-01 |   1.516868e-02 |
|   2.500000e-02 |   9.765253e-01 |   9.725358e-01 |   9.874842e-01 |   9.869449e-01 |   1.139450e-01 |   1.500498e-02 |
|   2.600000e-02 |   9.763266e-01 |   9.724702e-01 |   9.874561e-01 |   9.869328e-01 |   1.100637e-01 |   1.484688e-02 |
|   2.700000e-02 |   9.761347e-01 |   9.724068e-01 |   9.874291e-01 |   9.869211e-01 |   1.063099e-01 |   1.469421e-02 |
|   2.800000e-02 |   9.759494e-01 |   9.723456e-01 |   9.874029e-01 |   9.869099e-01 |   1.026802e-01 |   1.454676e-02 |
+----------------+----------------+----------------+----------------+----------------+----------------+----------------+
+----------------+----------------+----------------+------------------+----------------+----------------+
| time           | mass           | mass_reaction  | outflow_gradient | platen_max     | platen_min     |
+----------------+----------------+----------------+------------------+----------------+----------------+
:                :                :                :                  :                :                :
|   1.400000e-02 |   1.559685e-01 |  -1.618591e-01 |     1.588576e-01 |  -6.248744e-03 |  -6.248744e-03 |
|   1.500000e-02 |   1.558130e-01 |  -1.555324e-01 |     1.526949e-01 |  -6.270332e-03 |  -6.270332e-03 |
|   1.600000e-02 |   1.556633e-01 |  -1.496393e-01 |     1.469445e-01 |  -6.291110e-03 |  -6.291110e-03 |
|   1.700000e-02 |   1.555192e-01 |  -1.441043e-01 |     1.415358e-01 |  -6.311128e-03 |  -6.311128e-03 |
|   1.800000e-02 |   1.553803e-01 |  -1.388712e-01 |     1.364166e-01 |  -6.330426e-03 |  -6.330426e-03 |
|   1.900000e-02 |   1.552464e-01 |  -1.338983e-01 |     1.315476e-01 |  -6.349040e-03 |  -6.349040e-03 |
|   2.000000e-02 |   1.551173e-01 |  -1.291538e-01 |     1.268990e-01 |  -6.367001e-03 |  -6.367001e-03 |
|   2.100000e-02 |   1.549927e-01 |  -1.246135e-01 |     1.224481e-01 |  -6.384338e-03 |  -6.384338e-03 |
|   2.200000e-02 |   1.548724e-01 |  -1.202585e-01 |     1.181770e-01 |  -6.401074e-03 |  -6.401074e-03 |
|   2.300000e-02 |   1.547563e-01 |  -1.160738e-01 |     1.140715e-01 |  -6.417234e-03 |  -6.417234e-03 |
|   2.400000e-02 |   1.546443e-01 |  -1.120474e-01 |     1.101203e-01 |  -6.432839e-03 |  -6.432839e-03 |
|   2.500000e-02 |   1.545361e-01 |  -1.081696e-01 |     1.063140e-01 |  -6.447908e-03 |  -6.447908e-03 |
|   2.600000e-02 |   1.544317e-01 |  -1.044319e-01 |     1.026446e-01 |  -6.462461e-03 |  -6.462461e-03 |
|   2.700000e-02 |   1.543309e-01 |  -1.008273e-01 |     9.910543e-02 |  -6.476517e-03 |  -6.476517e-03 |
|   2.800000e-02 |   1.542335e-01 |  -9.734972e-02 |     9.569046e-02 |  -6.490092e-03 |  -6.490092e-03 |
+----------------+----------------+----------------+------------------+----------------+----------------+
+----------------+--------------------+--------------------+----------------+----------------+----------------+
| time           | solid_fraction_max | solid_fraction_min | stability_max  | stability_min  | top_reaction   |
+----------------+--------------------+--------------------+----------------+----------------+----------------+
:                :                    :                    :                :                :                :
|   1.400000e-02 |       6.088328e-01 |       6.048541e-01 |   2.809509e+01 |   2.800223e+01 |  -1.400000e+00 |
|   1.500000e-02 |       6.088681e-01 |       6.050150e-01 |   2.809204e+01 |   2.800214e+01 |  -1.400000e+00 |
|   1.600000e-02 |       6.089020e-01 |       6.051724e-01 |   2.808905e+01 |   2.800206e+01 |  -1.400000e+00 |
|   1.700000e-02 |       6.089346e-01 |       6.053260e-01 |   2.808612e+01 |   2.800198e+01 |  -1.400000e+00 |
|   1.800000e-02 |       6.089659e-01 |       6.054754e-01 |   2.808326e+01 |   2.800191e+01 |  -1.400000e+00 |
|   1.900000e-02 |       6.089962e-01 |       6.056206e-01 |   2.808048e+01 |   2.800184e+01 |  -1.400000e+00 |
|   2.000000e-02 |       6.090253e-01 |       6.057615e-01 |   2.807778e+01 |   2.800178e+01 |  -1.400000e+00 |
|   2.100000e-02 |       6.090534e-01 |       6.058980e-01 |   2.807516e+01 |   2.800172e+01 |  -1.400000e+00 |
|   2.200000e-02 |       6.090805e-01 |       6.060303e-01 |   2.807261e+01 |   2.800166e+01 |  -1.400000e+00 |
|   2.300000e-02 |       6.091067e-01 |       6.061584e-01 |   2.807015e+01 |   2.800160e+01 |  -1.400000e+00 |
|   2.400000e-02 |       6.091319e-01 |       6.062823e-01 |   2.806777e+01 |   2.800154e+01 |  -1.400000e+00 |
|   2.500000e-02 |       6.091563e-01 |       6.064021e-01 |   2.806546e+01 |   2.800149e+01 |  -1.400000e+00 |
|   2.600000e-02 |       6.091799e-01 |       6.065180e-01 |   2.806323e+01 |   2.800144e+01 |  -1.400000e+00 |
|   2.700000e-02 |       6.092026e-01 |       6.066301e-01 |   2.806108e+01 |   2.800139e+01 |  -1.400000e+00 |
|   2.800000e-02 |       6.092246e-01 |       6.067384e-01 |   2.805899e+01 |   2.800134e+01 |  -1.400000e+00 |
+----------------+--------------------+--------------------+----------------+----------------+----------------+


Time Step 29, time = 0.029, dt = 0.001
 * Nonlinear |R| = [32m1.219881e-02[39m (Before preset BCs, predictors, correctors, and constraints)
 0 Nonlinear |R| = [32m1.219881e-02[39m
      0 Linear |R| = [32m1.219881e-02[39m
      1 Linear |R| = [32m3.714276e-03[39m
      2 Linear |R| = [32m3.311053e-03[39m
      3 Linear |R| = [32m6.675854e-05[39m
      4 Linear |R| = [32m1.794378e-05[39m
      5 Linear |R| = [32m1.382085e-05[39m
      6 Linear |R| = [32m1.909727e-06[39m
      7 Linear |R| = [32m1.063805e-06[39m
      8 Linear |R| = [32m1.684613e-07[39m
      9 Linear |R| = [32m1.468896e-07[39m
     10 Linear |R| = [32m1.702134e-08[39m
     11 Linear |R| = [32m4.019159e-09[39m
     12 Linear |R| = [32m3.891286e-10[39m
     13 Linear |R| = [32m3.071096e-10[39m
     14 Linear |R| = [32m9.312529e-11[39m
     15 Linear |R| = [32m4.167725e-12[39m
 1 Nonlinear |R| = [32m3.857739e-06[39m
      0 Linear |R| = [32m3.857739e-06[39m
      1 Linear |R| = [32m6.188912e-07[39m
      2 Linear |R| = [32m4.782166e-08[39m
      3 Linear |R| = [32m1.188868e-08[39m
      4 Linear |R| = [32m3.538786e-09[39m
      5 Linear |R| = [32m3.353180e-09[39m
      6 Linear |R| = [32m1.048111e-09[39m
      7 Linear |R| = [32m3.044286e-10[39m
      8 Linear |R| = [32m3.522728e-11[39m
      9 Linear |R| = [32m3.215764e-11[39m
     10 Linear |R| = [32m8.890052e-12[39m
     11 Linear |R| = [32m1.718746e-12[39m
     12 Linear |R| = [32m1.488383e-13[39m
     13 Linear |R| = [32m1.394776e-13[39m
     14 Linear |R| = [32m2.259442e-14[39m
     15 Linear |R| = [32m1.819309e-15[39m
 2 Nonlinear |R| = [32m1.147907e-11[39m
[32m Solve Converged![39m

Outlier Variable Residual Norms:
  uy: [33m9.946129e-12[39m

Postprocessor Values:
+----------------+----------------+----------------+----------------+----------------+----------------+----------------+
| time           | J_max          | J_min          | Jbar_max       | Jbar_min       | center_pressure| edge_ux        |
+----------------+----------------+----------------+----------------+----------------+----------------+----------------+
:                :                :                :                :                :                :                :
|   1.500000e-02 |   9.789180e-01 |   9.733379e-01 |   9.878259e-01 |   9.871000e-01 |   1.601687e-01 |   1.693426e-02 |
|   1.600000e-02 |   9.786443e-01 |   9.732438e-01 |   9.877860e-01 |   9.870808e-01 |   1.549639e-01 |   1.670849e-02 |
|   1.700000e-02 |   9.783781e-01 |   9.731532e-01 |   9.877475e-01 |   9.870627e-01 |   1.498706e-01 |   1.649099e-02 |
|   1.800000e-02 |   9.781195e-01 |   9.730660e-01 |   9.877104e-01 |   9.870455e-01 |   1.449018e-01 |   1.628131e-02 |
|   1.900000e-02 |   9.778689e-01 |   9.729819e-01 |   9.876745e-01 |   9.870292e-01 |   1.400654e-01 |   1.607907e-02 |
|   2.000000e-02 |   9.776260e-01 |   9.729008e-01 |   9.876400e-01 |   9.870136e-01 |   1.353662e-01 |   1.588393e-02 |
|   2.100000e-02 |   9.773909e-01 |   9.728226e-01 |   9.876066e-01 |   9.869986e-01 |   1.308062e-01 |   1.569558e-02 |
|   2.200000e-02 |   9.771634e-01 |   9.727471e-01 |   9.875744e-01 |   9.869844e-01 |   1.263855e-01 |   1.551375e-02 |
|   2.300000e-02 |   9.769435e-01 |   9.726742e-01 |   9.875432e-01 |   9.869707e-01 |   1.221031e-01 |   1.533820e-02 |
|   2.400000e-02 |   9.767308e-01 |   9.726038e-01 |   9.875132e-01 |   9.869575e-01 |   1.179572e-01 |   1.516868e-02 |
|   2.500000e-02 |   9.765253e-01 |   9.725358e-01 |   9.874842e-01 |   9.869449e-01 |   1.139450e-01 |   1.500498e-02 |
|   2.600000e-02 |   9.763266e-01 |   9.724702e-01 |   9.874561e-01 |   9.869328e-01 |   1.100637e-01 |   1.484688e-02 |
|   2.700000e-02 |   9.761347e-01 |   9.724068e-01 |   9.874291e-01 |   9.869211e-01 |   1.063099e-01 |   1.469421e-02 |
|   2.800000e-02 |   9.759494e-01 |   9.723456e-01 |   9.874029e-01 |   9.869099e-01 |   1.026802e-01 |   1.454676e-02 |
|   2.900000e-02 |   9.757703e-01 |   9.722865e-01 |   9.873777e-01 |   9.868991e-01 |   9.917110e-02 |   1.440435e-02 |
+----------------+----------------+----------------+----------------+----------------+----------------+----------------+
+----------------+----------------+----------------+------------------+----------------+----------------+
| time           | mass           | mass_reaction  | outflow_gradient | platen_max     | platen_min     |
+----------------+----------------+----------------+------------------+----------------+----------------+
:                :                :                :                  :                :                :
|   1.500000e-02 |   1.558130e-01 |  -1.555324e-01 |     1.526949e-01 |  -6.270332e-03 |  -6.270332e-03 |
|   1.600000e-02 |   1.556633e-01 |  -1.496393e-01 |     1.469445e-01 |  -6.291110e-03 |  -6.291110e-03 |
|   1.700000e-02 |   1.555192e-01 |  -1.441043e-01 |     1.415358e-01 |  -6.311128e-03 |  -6.311128e-03 |
|   1.800000e-02 |   1.553803e-01 |  -1.388712e-01 |     1.364166e-01 |  -6.330426e-03 |  -6.330426e-03 |
|   1.900000e-02 |   1.552464e-01 |  -1.338983e-01 |     1.315476e-01 |  -6.349040e-03 |  -6.349040e-03 |
|   2.000000e-02 |   1.551173e-01 |  -1.291538e-01 |     1.268990e-01 |  -6.367001e-03 |  -6.367001e-03 |
|   2.100000e-02 |   1.549927e-01 |  -1.246135e-01 |     1.224481e-01 |  -6.384338e-03 |  -6.384338e-03 |
|   2.200000e-02 |   1.548724e-01 |  -1.202585e-01 |     1.181770e-01 |  -6.401074e-03 |  -6.401074e-03 |
|   2.300000e-02 |   1.547563e-01 |  -1.160738e-01 |     1.140715e-01 |  -6.417234e-03 |  -6.417234e-03 |
|   2.400000e-02 |   1.546443e-01 |  -1.120474e-01 |     1.101203e-01 |  -6.432839e-03 |  -6.432839e-03 |
|   2.500000e-02 |   1.545361e-01 |  -1.081696e-01 |     1.063140e-01 |  -6.447908e-03 |  -6.447908e-03 |
|   2.600000e-02 |   1.544317e-01 |  -1.044319e-01 |     1.026446e-01 |  -6.462461e-03 |  -6.462461e-03 |
|   2.700000e-02 |   1.543309e-01 |  -1.008273e-01 |     9.910543e-02 |  -6.476517e-03 |  -6.476517e-03 |
|   2.800000e-02 |   1.542335e-01 |  -9.734972e-02 |     9.569046e-02 |  -6.490092e-03 |  -6.490092e-03 |
|   2.900000e-02 |   1.541395e-01 |  -9.399357e-02 |     9.239441e-02 |  -6.503202e-03 |  -6.503202e-03 |
+----------------+----------------+----------------+------------------+----------------+----------------+
+----------------+--------------------+--------------------+----------------+----------------+----------------+
| time           | solid_fraction_max | solid_fraction_min | stability_max  | stability_min  | top_reaction   |
+----------------+--------------------+--------------------+----------------+----------------+----------------+
:                :                    :                    :                :                :                :
|   1.500000e-02 |       6.088681e-01 |       6.050150e-01 |   2.809204e+01 |   2.800214e+01 |  -1.400000e+00 |
|   1.600000e-02 |       6.089020e-01 |       6.051724e-01 |   2.808905e+01 |   2.800206e+01 |  -1.400000e+00 |
|   1.700000e-02 |       6.089346e-01 |       6.053260e-01 |   2.808612e+01 |   2.800198e+01 |  -1.400000e+00 |
|   1.800000e-02 |       6.089659e-01 |       6.054754e-01 |   2.808326e+01 |   2.800191e+01 |  -1.400000e+00 |
|   1.900000e-02 |       6.089962e-01 |       6.056206e-01 |   2.808048e+01 |   2.800184e+01 |  -1.400000e+00 |
|   2.000000e-02 |       6.090253e-01 |       6.057615e-01 |   2.807778e+01 |   2.800178e+01 |  -1.400000e+00 |
|   2.100000e-02 |       6.090534e-01 |       6.058980e-01 |   2.807516e+01 |   2.800172e+01 |  -1.400000e+00 |
|   2.200000e-02 |       6.090805e-01 |       6.060303e-01 |   2.807261e+01 |   2.800166e+01 |  -1.400000e+00 |
|   2.300000e-02 |       6.091067e-01 |       6.061584e-01 |   2.807015e+01 |   2.800160e+01 |  -1.400000e+00 |
|   2.400000e-02 |       6.091319e-01 |       6.062823e-01 |   2.806777e+01 |   2.800154e+01 |  -1.400000e+00 |
|   2.500000e-02 |       6.091563e-01 |       6.064021e-01 |   2.806546e+01 |   2.800149e+01 |  -1.400000e+00 |
|   2.600000e-02 |       6.091799e-01 |       6.065180e-01 |   2.806323e+01 |   2.800144e+01 |  -1.400000e+00 |
|   2.700000e-02 |       6.092026e-01 |       6.066301e-01 |   2.806108e+01 |   2.800139e+01 |  -1.400000e+00 |
|   2.800000e-02 |       6.092246e-01 |       6.067384e-01 |   2.805899e+01 |   2.800134e+01 |  -1.400000e+00 |
|   2.900000e-02 |       6.092459e-01 |       6.068431e-01 |   2.805697e+01 |   2.800130e+01 |  -1.400000e+00 |
+----------------+--------------------+--------------------+----------------+----------------+----------------+


Time Step 30, time = 0.03, dt = 0.001
 * Nonlinear |R| = [32m1.177879e-02[39m (Before preset BCs, predictors, correctors, and constraints)
 0 Nonlinear |R| = [32m1.177879e-02[39m
      0 Linear |R| = [32m1.177879e-02[39m
      1 Linear |R| = [32m3.587597e-03[39m
      2 Linear |R| = [32m3.198382e-03[39m
      3 Linear |R| = [32m6.447330e-05[39m
      4 Linear |R| = [32m1.733524e-05[39m
      5 Linear |R| = [32m1.370647e-05[39m
      6 Linear |R| = [32m1.845317e-06[39m
      7 Linear |R| = [32m1.027706e-06[39m
      8 Linear |R| = [32m1.624631e-07[39m
      9 Linear |R| = [32m1.212163e-07[39m
     10 Linear |R| = [32m1.643762e-08[39m
     11 Linear |R| = [32m3.879797e-09[39m
     12 Linear |R| = [32m3.282520e-10[39m
     13 Linear |R| = [32m2.964989e-10[39m
     14 Linear |R| = [32m8.989713e-11[39m
     15 Linear |R| = [32m4.022533e-12[39m
 1 Nonlinear |R| = [32m3.595592e-06[39m
      0 Linear |R| = [32m3.595592e-06[39m
      1 Linear |R| = [32m5.762089e-07[39m
      2 Linear |R| = [32m3.290953e-08[39m
      3 Linear |R| = [32m1.111848e-08[39m
      4 Linear |R| = [32m3.317034e-09[39m
      5 Linear |R| = [33m3.162265e-09[39m
      6 Linear |R| = [32m9.850303e-10[39m
      7 Linear |R| = [32m2.861534e-10[39m
      8 Linear |R| = [32m3.310446e-11[39m
      9 Linear |R| = [33m3.197307e-11[39m
     10 Linear |R| = [32m8.343024e-12[39m
     11 Linear |R| = [32m1.610447e-12[39m
     12 Linear |R| = [32m1.502150e-13[39m
     13 Linear |R| = [32m1.372391e-13[39m
     14 Linear |R| = [32m2.046009e-14[39m
     15 Linear |R| = [32m1.688057e-15[39m
 2 Nonlinear |R| = [32m1.066735e-11[39m
[32m Solve Converged![39m

Outlier Variable Residual Norms:
  uy: [33m9.113678e-12[39m

Postprocessor Values:
+----------------+----------------+----------------+----------------+----------------+----------------+----------------+
| time           | J_max          | J_min          | Jbar_max       | Jbar_min       | center_pressure| edge_ux        |
+----------------+----------------+----------------+----------------+----------------+----------------+----------------+
:                :                :                :                :                :                :                :
|   1.600000e-02 |   9.786443e-01 |   9.732438e-01 |   9.877860e-01 |   9.870808e-01 |   1.549639e-01 |   1.670849e-02 |
|   1.700000e-02 |   9.783781e-01 |   9.731532e-01 |   9.877475e-01 |   9.870627e-01 |   1.498706e-01 |   1.649099e-02 |
|   1.800000e-02 |   9.781195e-01 |   9.730660e-01 |   9.877104e-01 |   9.870455e-01 |   1.449018e-01 |   1.628131e-02 |
|   1.900000e-02 |   9.778689e-01 |   9.729819e-01 |   9.876745e-01 |   9.870292e-01 |   1.400654e-01 |   1.607907e-02 |
|   2.000000e-02 |   9.776260e-01 |   9.729008e-01 |   9.876400e-01 |   9.870136e-01 |   1.353662e-01 |   1.588393e-02 |
|   2.100000e-02 |   9.773909e-01 |   9.728226e-01 |   9.876066e-01 |   9.869986e-01 |   1.308062e-01 |   1.569558e-02 |
|   2.200000e-02 |   9.771634e-01 |   9.727471e-01 |   9.875744e-01 |   9.869844e-01 |   1.263855e-01 |   1.551375e-02 |
|   2.300000e-02 |   9.769435e-01 |   9.726742e-01 |   9.875432e-01 |   9.869707e-01 |   1.221031e-01 |   1.533820e-02 |
|   2.400000e-02 |   9.767308e-01 |   9.726038e-01 |   9.875132e-01 |   9.869575e-01 |   1.179572e-01 |   1.516868e-02 |
|   2.500000e-02 |   9.765253e-01 |   9.725358e-01 |   9.874842e-01 |   9.869449e-01 |   1.139450e-01 |   1.500498e-02 |
|   2.600000e-02 |   9.763266e-01 |   9.724702e-01 |   9.874561e-01 |   9.869328e-01 |   1.100637e-01 |   1.484688e-02 |
|   2.700000e-02 |   9.761347e-01 |   9.724068e-01 |   9.874291e-01 |   9.869211e-01 |   1.063099e-01 |   1.469421e-02 |
|   2.800000e-02 |   9.759494e-01 |   9.723456e-01 |   9.874029e-01 |   9.869099e-01 |   1.026802e-01 |   1.454676e-02 |
|   2.900000e-02 |   9.757703e-01 |   9.722865e-01 |   9.873777e-01 |   9.868991e-01 |   9.917110e-02 |   1.440435e-02 |
|   3.000000e-02 |   9.755973e-01 |   9.722294e-01 |   9.873533e-01 |   9.868887e-01 |   9.577908e-02 |   1.426682e-02 |
+----------------+----------------+----------------+----------------+----------------+----------------+----------------+
+----------------+----------------+----------------+------------------+----------------+----------------+
| time           | mass           | mass_reaction  | outflow_gradient | platen_max     | platen_min     |
+----------------+----------------+----------------+------------------+----------------+----------------+
:                :                :                :                  :                :                :
|   1.600000e-02 |   1.556633e-01 |  -1.496393e-01 |     1.469445e-01 |  -6.291110e-03 |  -6.291110e-03 |
|   1.700000e-02 |   1.555192e-01 |  -1.441043e-01 |     1.415358e-01 |  -6.311128e-03 |  -6.311128e-03 |
|   1.800000e-02 |   1.553803e-01 |  -1.388712e-01 |     1.364166e-01 |  -6.330426e-03 |  -6.330426e-03 |
|   1.900000e-02 |   1.552464e-01 |  -1.338983e-01 |     1.315476e-01 |  -6.349040e-03 |  -6.349040e-03 |
|   2.000000e-02 |   1.551173e-01 |  -1.291538e-01 |     1.268990e-01 |  -6.367001e-03 |  -6.367001e-03 |
|   2.100000e-02 |   1.549927e-01 |  -1.246135e-01 |     1.224481e-01 |  -6.384338e-03 |  -6.384338e-03 |
|   2.200000e-02 |   1.548724e-01 |  -1.202585e-01 |     1.181770e-01 |  -6.401074e-03 |  -6.401074e-03 |
|   2.300000e-02 |   1.547563e-01 |  -1.160738e-01 |     1.140715e-01 |  -6.417234e-03 |  -6.417234e-03 |
|   2.400000e-02 |   1.546443e-01 |  -1.120474e-01 |     1.101203e-01 |  -6.432839e-03 |  -6.432839e-03 |
|   2.500000e-02 |   1.545361e-01 |  -1.081696e-01 |     1.063140e-01 |  -6.447908e-03 |  -6.447908e-03 |
|   2.600000e-02 |   1.544317e-01 |  -1.044319e-01 |     1.026446e-01 |  -6.462461e-03 |  -6.462461e-03 |
|   2.700000e-02 |   1.543309e-01 |  -1.008273e-01 |     9.910543e-02 |  -6.476517e-03 |  -6.476517e-03 |
|   2.800000e-02 |   1.542335e-01 |  -9.734972e-02 |     9.569046e-02 |  -6.490092e-03 |  -6.490092e-03 |
|   2.900000e-02 |   1.541395e-01 |  -9.399357e-02 |     9.239441e-02 |  -6.503202e-03 |  -6.503202e-03 |
|   3.000000e-02 |   1.540488e-01 |  -9.075391e-02 |     8.921248e-02 |  -6.515864e-03 |  -6.515864e-03 |
+----------------+----------------+----------------+------------------+----------------+----------------+
+----------------+--------------------+--------------------+----------------+----------------+----------------+
| time           | solid_fraction_max | solid_fraction_min | stability_max  | stability_min  | top_reaction   |
+----------------+--------------------+--------------------+----------------+----------------+----------------+
:                :                    :                    :                :                :                :
|   1.600000e-02 |       6.089020e-01 |       6.051724e-01 |   2.808905e+01 |   2.800206e+01 |  -1.400000e+00 |
|   1.700000e-02 |       6.089346e-01 |       6.053260e-01 |   2.808612e+01 |   2.800198e+01 |  -1.400000e+00 |
|   1.800000e-02 |       6.089659e-01 |       6.054754e-01 |   2.808326e+01 |   2.800191e+01 |  -1.400000e+00 |
|   1.900000e-02 |       6.089962e-01 |       6.056206e-01 |   2.808048e+01 |   2.800184e+01 |  -1.400000e+00 |
|   2.000000e-02 |       6.090253e-01 |       6.057615e-01 |   2.807778e+01 |   2.800178e+01 |  -1.400000e+00 |
|   2.100000e-02 |       6.090534e-01 |       6.058980e-01 |   2.807516e+01 |   2.800172e+01 |  -1.400000e+00 |
|   2.200000e-02 |       6.090805e-01 |       6.060303e-01 |   2.807261e+01 |   2.800166e+01 |  -1.400000e+00 |
|   2.300000e-02 |       6.091067e-01 |       6.061584e-01 |   2.807015e+01 |   2.800160e+01 |  -1.400000e+00 |
|   2.400000e-02 |       6.091319e-01 |       6.062823e-01 |   2.806777e+01 |   2.800154e+01 |  -1.400000e+00 |
|   2.500000e-02 |       6.091563e-01 |       6.064021e-01 |   2.806546e+01 |   2.800149e+01 |  -1.400000e+00 |
|   2.600000e-02 |       6.091799e-01 |       6.065180e-01 |   2.806323e+01 |   2.800144e+01 |  -1.400000e+00 |
|   2.700000e-02 |       6.092026e-01 |       6.066301e-01 |   2.806108e+01 |   2.800139e+01 |  -1.400000e+00 |
|   2.800000e-02 |       6.092246e-01 |       6.067384e-01 |   2.805899e+01 |   2.800134e+01 |  -1.400000e+00 |
|   2.900000e-02 |       6.092459e-01 |       6.068431e-01 |   2.805697e+01 |   2.800130e+01 |  -1.400000e+00 |
|   3.000000e-02 |       6.092664e-01 |       6.069443e-01 |   2.805502e+01 |   2.800125e+01 |  -1.400000e+00 |
+----------------+--------------------+--------------------+----------------+----------------+----------------+


Time Step 31, time = 0.031, dt = 0.001
 * Nonlinear |R| = [32m1.137311e-02[39m (Before preset BCs, predictors, correctors, and constraints)
 0 Nonlinear |R| = [32m1.137311e-02[39m
      0 Linear |R| = [32m1.137311e-02[39m
      1 Linear |R| = [32m3.465203e-03[39m
      2 Linear |R| = [32m3.089506e-03[39m
      3 Linear |R| = [32m6.226611e-05[39m
      4 Linear |R| = [32m1.674334e-05[39m
      5 Linear |R| = [32m1.347066e-05[39m
      6 Linear |R| = [32m1.782882e-06[39m
      7 Linear |R| = [32m9.927499e-07[39m
      8 Linear |R| = [32m1.570609e-07[39m
      9 Linear |R| = [32m1.364430e-07[39m
     10 Linear |R| = [32m1.587343e-08[39m
     11 Linear |R| = [32m3.745334e-09[39m
     12 Linear |R| = [32m3.186647e-10[39m
     13 Linear |R| = [32m2.863655e-10[39m
     14 Linear |R| = [32m8.678510e-11[39m
     15 Linear |R| = [32m3.884284e-12[39m
 1 Nonlinear |R| = [32m3.350991e-06[39m
      0 Linear |R| = [32m3.350991e-06[39m
      1 Linear |R| = [32m5.371068e-07[39m
      2 Linear |R| = [32m2.443826e-08[39m
      3 Linear |R| = [32m1.028171e-08[39m
      4 Linear |R| = [32m3.071968e-09[39m
      5 Linear |R| = [33m2.930060e-09[39m
      6 Linear |R| = [32m9.158772e-10[39m
      7 Linear |R| = [32m2.622784e-10[39m
      8 Linear |R| = [32m3.081854e-11[39m
      9 Linear |R| = [33m3.034847e-11[39m
     10 Linear |R| = [32m7.607503e-12[39m
     11 Linear |R| = [32m1.502127e-12[39m
     12 Linear |R| = [32m1.416787e-13[39m
     13 Linear |R| = [32m1.268369e-13[39m
     14 Linear |R| = [32m1.900115e-14[39m
     15 Linear |R| = [32m1.606124e-15[39m
 2 Nonlinear |R| = [32m9.942334e-12[39m
[32m Solve Converged![39m

Outlier Variable Residual Norms:
  uy: [33m8.136540e-12[39m

Postprocessor Values:
+----------------+----------------+----------------+----------------+----------------+----------------+----------------+
| time           | J_max          | J_min          | Jbar_max       | Jbar_min       | center_pressure| edge_ux        |
+----------------+----------------+----------------+----------------+----------------+----------------+----------------+
:                :                :                :                :                :                :                :
|   1.700000e-02 |   9.783781e-01 |   9.731532e-01 |   9.877475e-01 |   9.870627e-01 |   1.498706e-01 |   1.649099e-02 |
|   1.800000e-02 |   9.781195e-01 |   9.730660e-01 |   9.877104e-01 |   9.870455e-01 |   1.449018e-01 |   1.628131e-02 |
|   1.900000e-02 |   9.778689e-01 |   9.729819e-01 |   9.876745e-01 |   9.870292e-01 |   1.400654e-01 |   1.607907e-02 |
|   2.000000e-02 |   9.776260e-01 |   9.729008e-01 |   9.876400e-01 |   9.870136e-01 |   1.353662e-01 |   1.588393e-02 |
|   2.100000e-02 |   9.773909e-01 |   9.728226e-01 |   9.876066e-01 |   9.869986e-01 |   1.308062e-01 |   1.569558e-02 |
|   2.200000e-02 |   9.771634e-01 |   9.727471e-01 |   9.875744e-01 |   9.869844e-01 |   1.263855e-01 |   1.551375e-02 |
|   2.300000e-02 |   9.769435e-01 |   9.726742e-01 |   9.875432e-01 |   9.869707e-01 |   1.221031e-01 |   1.533820e-02 |
|   2.400000e-02 |   9.767308e-01 |   9.726038e-01 |   9.875132e-01 |   9.869575e-01 |   1.179572e-01 |   1.516868e-02 |
|   2.500000e-02 |   9.765253e-01 |   9.725358e-01 |   9.874842e-01 |   9.869449e-01 |   1.139450e-01 |   1.500498e-02 |
|   2.600000e-02 |   9.763266e-01 |   9.724702e-01 |   9.874561e-01 |   9.869328e-01 |   1.100637e-01 |   1.484688e-02 |
|   2.700000e-02 |   9.761347e-01 |   9.724068e-01 |   9.874291e-01 |   9.869211e-01 |   1.063099e-01 |   1.469421e-02 |
|   2.800000e-02 |   9.759494e-01 |   9.723456e-01 |   9.874029e-01 |   9.869099e-01 |   1.026802e-01 |   1.454676e-02 |
|   2.900000e-02 |   9.757703e-01 |   9.722865e-01 |   9.873777e-01 |   9.868991e-01 |   9.917110e-02 |   1.440435e-02 |
|   3.000000e-02 |   9.755973e-01 |   9.722294e-01 |   9.873533e-01 |   9.868887e-01 |   9.577908e-02 |   1.426682e-02 |
|   3.100000e-02 |   9.754303e-01 |   9.721742e-01 |   9.873297e-01 |   9.868787e-01 |   9.250058e-02 |   1.413399e-02 |
+----------------+----------------+----------------+----------------+----------------+----------------+----------------+
+----------------+----------------+----------------+------------------+----------------+----------------+
| time           | mass           | mass_reaction  | outflow_gradient | platen_max     | platen_min     |
+----------------+----------------+----------------+------------------+----------------+----------------+
:                :                :                :                  :                :                :
|   1.700000e-02 |   1.555192e-01 |  -1.441043e-01 |     1.415358e-01 |  -6.311128e-03 |  -6.311128e-03 |
|   1.800000e-02 |   1.553803e-01 |  -1.388712e-01 |     1.364166e-01 |  -6.330426e-03 |  -6.330426e-03 |
|   1.900000e-02 |   1.552464e-01 |  -1.338983e-01 |     1.315476e-01 |  -6.349040e-03 |  -6.349040e-03 |
|   2.000000e-02 |   1.551173e-01 |  -1.291538e-01 |     1.268990e-01 |  -6.367001e-03 |  -6.367001e-03 |
|   2.100000e-02 |   1.549927e-01 |  -1.246135e-01 |     1.224481e-01 |  -6.384338e-03 |  -6.384338e-03 |
|   2.200000e-02 |   1.548724e-01 |  -1.202585e-01 |     1.181770e-01 |  -6.401074e-03 |  -6.401074e-03 |
|   2.300000e-02 |   1.547563e-01 |  -1.160738e-01 |     1.140715e-01 |  -6.417234e-03 |  -6.417234e-03 |
|   2.400000e-02 |   1.546443e-01 |  -1.120474e-01 |     1.101203e-01 |  -6.432839e-03 |  -6.432839e-03 |
|   2.500000e-02 |   1.545361e-01 |  -1.081696e-01 |     1.063140e-01 |  -6.447908e-03 |  -6.447908e-03 |
|   2.600000e-02 |   1.544317e-01 |  -1.044319e-01 |     1.026446e-01 |  -6.462461e-03 |  -6.462461e-03 |
|   2.700000e-02 |   1.543309e-01 |  -1.008273e-01 |     9.910543e-02 |  -6.476517e-03 |  -6.476517e-03 |
|   2.800000e-02 |   1.542335e-01 |  -9.734972e-02 |     9.569046e-02 |  -6.490092e-03 |  -6.490092e-03 |
|   2.900000e-02 |   1.541395e-01 |  -9.399357e-02 |     9.239441e-02 |  -6.503202e-03 |  -6.503202e-03 |
|   3.000000e-02 |   1.540488e-01 |  -9.075391e-02 |     8.921248e-02 |  -6.515864e-03 |  -6.515864e-03 |
|   3.100000e-02 |   1.539611e-01 |  -8.762620e-02 |     8.614026e-02 |  -6.528094e-03 |  -6.528094e-03 |
+----------------+----------------+----------------+------------------+----------------+----------------+
+----------------+--------------------+--------------------+----------------+----------------+----------------+
| time           | solid_fraction_max | solid_fraction_min | stability_max  | stability_min  | top_reaction   |
+----------------+--------------------+--------------------+----------------+----------------+----------------+
:                :                    :                    :                :                :                :
|   1.700000e-02 |       6.089346e-01 |       6.053260e-01 |   2.808612e+01 |   2.800198e+01 |  -1.400000e+00 |
|   1.800000e-02 |       6.089659e-01 |       6.054754e-01 |   2.808326e+01 |   2.800191e+01 |  -1.400000e+00 |
|   1.900000e-02 |       6.089962e-01 |       6.056206e-01 |   2.808048e+01 |   2.800184e+01 |  -1.400000e+00 |
|   2.000000e-02 |       6.090253e-01 |       6.057615e-01 |   2.807778e+01 |   2.800178e+01 |  -1.400000e+00 |
|   2.100000e-02 |       6.090534e-01 |       6.058980e-01 |   2.807516e+01 |   2.800172e+01 |  -1.400000e+00 |
|   2.200000e-02 |       6.090805e-01 |       6.060303e-01 |   2.807261e+01 |   2.800166e+01 |  -1.400000e+00 |
|   2.300000e-02 |       6.091067e-01 |       6.061584e-01 |   2.807015e+01 |   2.800160e+01 |  -1.400000e+00 |
|   2.400000e-02 |       6.091319e-01 |       6.062823e-01 |   2.806777e+01 |   2.800154e+01 |  -1.400000e+00 |
|   2.500000e-02 |       6.091563e-01 |       6.064021e-01 |   2.806546e+01 |   2.800149e+01 |  -1.400000e+00 |
|   2.600000e-02 |       6.091799e-01 |       6.065180e-01 |   2.806323e+01 |   2.800144e+01 |  -1.400000e+00 |
|   2.700000e-02 |       6.092026e-01 |       6.066301e-01 |   2.806108e+01 |   2.800139e+01 |  -1.400000e+00 |
|   2.800000e-02 |       6.092246e-01 |       6.067384e-01 |   2.805899e+01 |   2.800134e+01 |  -1.400000e+00 |
|   2.900000e-02 |       6.092459e-01 |       6.068431e-01 |   2.805697e+01 |   2.800130e+01 |  -1.400000e+00 |
|   3.000000e-02 |       6.092664e-01 |       6.069443e-01 |   2.805502e+01 |   2.800125e+01 |  -1.400000e+00 |
|   3.100000e-02 |       6.092862e-01 |       6.070421e-01 |   2.805314e+01 |   2.800121e+01 |  -1.400000e+00 |
+----------------+--------------------+--------------------+----------------+----------------+----------------+


Time Step 32, time = 0.032, dt = 0.001
 * Nonlinear |R| = [32m1.098129e-02[39m (Before preset BCs, predictors, correctors, and constraints)
 0 Nonlinear |R| = [32m1.098129e-02[39m
      0 Linear |R| = [32m1.098129e-02[39m
      1 Linear |R| = [32m3.346947e-03[39m
      2 Linear |R| = [32m2.984300e-03[39m
      3 Linear |R| = [32m6.013350e-05[39m
      4 Linear |R| = [32m1.616388e-05[39m
      5 Linear |R| = [32m1.228318e-05[39m
      6 Linear |R| = [32m1.722389e-06[39m
      7 Linear |R| = [32m9.589112e-07[39m
      8 Linear |R| = [32m1.517538e-07[39m
      9 Linear |R| = [32m1.368035e-07[39m
     10 Linear |R| = [32m1.532782e-08[39m
     11 Linear |R| = [32m3.615628e-09[39m
     12 Linear |R| = [32m3.446840e-10[39m
     13 Linear |R| = [32m2.766692e-10[39m
     14 Linear |R| = [32m8.378203e-11[39m
     15 Linear |R| = [32m3.750650e-12[39m
 1 Nonlinear |R| = [32m3.130797e-06[39m
      0 Linear |R| = [32m3.130797e-06[39m
      1 Linear |R| = [32m5.023884e-07[39m
      2 Linear |R| = [32m3.026254e-08[39m
      3 Linear |R| = [32m9.634851e-09[39m
      4 Linear |R| = [32m2.874370e-09[39m
      5 Linear |R| = [33m2.747557e-09[39m
      6 Linear |R| = [32m8.550134e-10[39m
      7 Linear |R| = [32m2.466031e-10[39m
      8 Linear |R| = [32m2.832242e-11[39m
      9 Linear |R| = [33m2.748960e-11[39m
     10 Linear |R| = [32m7.334713e-12[39m
     11 Linear |R| = [32m1.381600e-12[39m
     12 Linear |R| = [32m1.266181e-13[39m
     13 Linear |R| = [33m1.228643e-13[39m
     14 Linear |R| = [32m1.799555e-14[39m
     15 Linear |R| = [32m1.507952e-15[39m
 2 Nonlinear |R| = [32m9.641545e-12[39m
[32m Solve Converged![39m

Outlier Variable Residual Norms:
  uy: [33m8.270593e-12[39m

Postprocessor Values:
+----------------+----------------+----------------+----------------+----------------+----------------+----------------+
| time           | J_max          | J_min          | Jbar_max       | Jbar_min       | center_pressure| edge_ux        |
+----------------+----------------+----------------+----------------+----------------+----------------+----------------+
:                :                :                :                :                :                :                :
|   1.800000e-02 |   9.781195e-01 |   9.730660e-01 |   9.877104e-01 |   9.870455e-01 |   1.449018e-01 |   1.628131e-02 |
|   1.900000e-02 |   9.778689e-01 |   9.729819e-01 |   9.876745e-01 |   9.870292e-01 |   1.400654e-01 |   1.607907e-02 |
|   2.000000e-02 |   9.776260e-01 |   9.729008e-01 |   9.876400e-01 |   9.870136e-01 |   1.353662e-01 |   1.588393e-02 |
|   2.100000e-02 |   9.773909e-01 |   9.728226e-01 |   9.876066e-01 |   9.869986e-01 |   1.308062e-01 |   1.569558e-02 |
|   2.200000e-02 |   9.771634e-01 |   9.727471e-01 |   9.875744e-01 |   9.869844e-01 |   1.263855e-01 |   1.551375e-02 |
|   2.300000e-02 |   9.769435e-01 |   9.726742e-01 |   9.875432e-01 |   9.869707e-01 |   1.221031e-01 |   1.533820e-02 |
|   2.400000e-02 |   9.767308e-01 |   9.726038e-01 |   9.875132e-01 |   9.869575e-01 |   1.179572e-01 |   1.516868e-02 |
|   2.500000e-02 |   9.765253e-01 |   9.725358e-01 |   9.874842e-01 |   9.869449e-01 |   1.139450e-01 |   1.500498e-02 |
|   2.600000e-02 |   9.763266e-01 |   9.724702e-01 |   9.874561e-01 |   9.869328e-01 |   1.100637e-01 |   1.484688e-02 |
|   2.700000e-02 |   9.761347e-01 |   9.724068e-01 |   9.874291e-01 |   9.869211e-01 |   1.063099e-01 |   1.469421e-02 |
|   2.800000e-02 |   9.759494e-01 |   9.723456e-01 |   9.874029e-01 |   9.869099e-01 |   1.026802e-01 |   1.454676e-02 |
|   2.900000e-02 |   9.757703e-01 |   9.722865e-01 |   9.873777e-01 |   9.868991e-01 |   9.917110e-02 |   1.440435e-02 |
|   3.000000e-02 |   9.755973e-01 |   9.722294e-01 |   9.873533e-01 |   9.868887e-01 |   9.577908e-02 |   1.426682e-02 |
|   3.100000e-02 |   9.754303e-01 |   9.721742e-01 |   9.873297e-01 |   9.868787e-01 |   9.250058e-02 |   1.413399e-02 |
|   3.200000e-02 |   9.752689e-01 |   9.721210e-01 |   9.873070e-01 |   9.868691e-01 |   8.933210e-02 |   1.400571e-02 |
+----------------+----------------+----------------+----------------+----------------+----------------+----------------+
+----------------+----------------+----------------+------------------+----------------+----------------+
| time           | mass           | mass_reaction  | outflow_gradient | platen_max     | platen_min     |
+----------------+----------------+----------------+------------------+----------------+----------------+
:                :                :                :                  :                :                :
|   1.800000e-02 |   1.553803e-01 |  -1.388712e-01 |     1.364166e-01 |  -6.330426e-03 |  -6.330426e-03 |
|   1.900000e-02 |   1.552464e-01 |  -1.338983e-01 |     1.315476e-01 |  -6.349040e-03 |  -6.349040e-03 |
|   2.000000e-02 |   1.551173e-01 |  -1.291538e-01 |     1.268990e-01 |  -6.367001e-03 |  -6.367001e-03 |
|   2.100000e-02 |   1.549927e-01 |  -1.246135e-01 |     1.224481e-01 |  -6.384338e-03 |  -6.384338e-03 |
|   2.200000e-02 |   1.548724e-01 |  -1.202585e-01 |     1.181770e-01 |  -6.401074e-03 |  -6.401074e-03 |
|   2.300000e-02 |   1.547563e-01 |  -1.160738e-01 |     1.140715e-01 |  -6.417234e-03 |  -6.417234e-03 |
|   2.400000e-02 |   1.546443e-01 |  -1.120474e-01 |     1.101203e-01 |  -6.432839e-03 |  -6.432839e-03 |
|   2.500000e-02 |   1.545361e-01 |  -1.081696e-01 |     1.063140e-01 |  -6.447908e-03 |  -6.447908e-03 |
|   2.600000e-02 |   1.544317e-01 |  -1.044319e-01 |     1.026446e-01 |  -6.462461e-03 |  -6.462461e-03 |
|   2.700000e-02 |   1.543309e-01 |  -1.008273e-01 |     9.910543e-02 |  -6.476517e-03 |  -6.476517e-03 |
|   2.800000e-02 |   1.542335e-01 |  -9.734972e-02 |     9.569046e-02 |  -6.490092e-03 |  -6.490092e-03 |
|   2.900000e-02 |   1.541395e-01 |  -9.399357e-02 |     9.239441e-02 |  -6.503202e-03 |  -6.503202e-03 |
|   3.000000e-02 |   1.540488e-01 |  -9.075391e-02 |     8.921248e-02 |  -6.515864e-03 |  -6.515864e-03 |
|   3.100000e-02 |   1.539611e-01 |  -8.762620e-02 |     8.614026e-02 |  -6.528094e-03 |  -6.528094e-03 |
|   3.200000e-02 |   1.538765e-01 |  -8.460622e-02 |     8.317366e-02 |  -6.539904e-03 |  -6.539904e-03 |
+----------------+----------------+----------------+------------------+----------------+----------------+
+----------------+--------------------+--------------------+----------------+----------------+----------------+
| time           | solid_fraction_max | solid_fraction_min | stability_max  | stability_min  | top_reaction   |
+----------------+--------------------+--------------------+----------------+----------------+----------------+
:                :                    :                    :                :                :                :
|   1.800000e-02 |       6.089659e-01 |       6.054754e-01 |   2.808326e+01 |   2.800191e+01 |  -1.400000e+00 |
|   1.900000e-02 |       6.089962e-01 |       6.056206e-01 |   2.808048e+01 |   2.800184e+01 |  -1.400000e+00 |
|   2.000000e-02 |       6.090253e-01 |       6.057615e-01 |   2.807778e+01 |   2.800178e+01 |  -1.400000e+00 |
|   2.100000e-02 |       6.090534e-01 |       6.058980e-01 |   2.807516e+01 |   2.800172e+01 |  -1.400000e+00 |
|   2.200000e-02 |       6.090805e-01 |       6.060303e-01 |   2.807261e+01 |   2.800166e+01 |  -1.400000e+00 |
|   2.300000e-02 |       6.091067e-01 |       6.061584e-01 |   2.807015e+01 |   2.800160e+01 |  -1.400000e+00 |
|   2.400000e-02 |       6.091319e-01 |       6.062823e-01 |   2.806777e+01 |   2.800154e+01 |  -1.400000e+00 |
|   2.500000e-02 |       6.091563e-01 |       6.064021e-01 |   2.806546e+01 |   2.800149e+01 |  -1.400000e+00 |
|   2.600000e-02 |       6.091799e-01 |       6.065180e-01 |   2.806323e+01 |   2.800144e+01 |  -1.400000e+00 |
|   2.700000e-02 |       6.092026e-01 |       6.066301e-01 |   2.806108e+01 |   2.800139e+01 |  -1.400000e+00 |
|   2.800000e-02 |       6.092246e-01 |       6.067384e-01 |   2.805899e+01 |   2.800134e+01 |  -1.400000e+00 |
|   2.900000e-02 |       6.092459e-01 |       6.068431e-01 |   2.805697e+01 |   2.800130e+01 |  -1.400000e+00 |
|   3.000000e-02 |       6.092664e-01 |       6.069443e-01 |   2.805502e+01 |   2.800125e+01 |  -1.400000e+00 |
|   3.100000e-02 |       6.092862e-01 |       6.070421e-01 |   2.805314e+01 |   2.800121e+01 |  -1.400000e+00 |
|   3.200000e-02 |       6.093053e-01 |       6.071366e-01 |   2.805132e+01 |   2.800117e+01 |  -1.400000e+00 |
+----------------+--------------------+--------------------+----------------+----------------+----------------+


Time Step 33, time = 0.033, dt = 0.001
 * Nonlinear |R| = [32m1.060284e-02[39m (Before preset BCs, predictors, correctors, and constraints)
 0 Nonlinear |R| = [32m1.060284e-02[39m
      0 Linear |R| = [32m1.060284e-02[39m
      1 Linear |R| = [32m3.232665e-03[39m
      2 Linear |R| = [32m2.882608e-03[39m
      3 Linear |R| = [32m5.807351e-05[39m
      4 Linear |R| = [32m1.561338e-05[39m
      5 Linear |R| = [32m1.206585e-05[39m
      6 Linear |R| = [32m1.663837e-06[39m
      7 Linear |R| = [32m9.261801e-07[39m
      8 Linear |R| = [32m1.463866e-07[39m
      9 Linear |R| = [32m1.244519e-07[39m
     10 Linear |R| = [32m1.480108e-08[39m
     11 Linear |R| = [32m3.490374e-09[39m
     12 Linear |R| = [32m3.232979e-10[39m
     13 Linear |R| = [32m2.671803e-10[39m
     14 Linear |R| = [32m8.088176e-11[39m
     15 Linear |R| = [32m3.621719e-12[39m
 1 Nonlinear |R| = [32m2.918143e-06[39m
      0 Linear |R| = [32m2.918143e-06[39m
      1 Linear |R| = [32m4.662139e-07[39m
      2 Linear |R| = [32m1.702437e-08[39m
      3 Linear |R| = [32m8.959435e-09[39m
      4 Linear |R| = [32m2.676941e-09[39m
      5 Linear |R| = [33m2.579813e-09[39m
      6 Linear |R| = [32m7.904773e-10[39m
      7 Linear |R| = [32m2.305328e-10[39m
      8 Linear |R| = [32m2.708171e-11[39m
      9 Linear |R| = [33m2.661120e-11[39m
     10 Linear |R| = [32m6.516674e-12[39m
     11 Linear |R| = [32m1.317965e-12[39m
     12 Linear |R| = [32m1.255507e-13[39m
     13 Linear |R| = [32m1.036525e-13[39m
     14 Linear |R| = [32m1.804008e-14[39m
     15 Linear |R| = [32m1.332248e-15[39m
 2 Nonlinear |R| = [32m9.437616e-12[39m
[32m Solve Converged![39m

Outlier Variable Residual Norms:
  uy: [33m7.827288e-12[39m

Postprocessor Values:
+----------------+----------------+----------------+----------------+----------------+----------------+----------------+
| time           | J_max          | J_min          | Jbar_max       | Jbar_min       | center_pressure| edge_ux        |
+----------------+----------------+----------------+----------------+----------------+----------------+----------------+
:                :                :                :                :                :                :                :
|   1.900000e-02 |   9.778689e-01 |   9.729819e-01 |   9.876745e-01 |   9.870292e-01 |   1.400654e-01 |   1.607907e-02 |
|   2.000000e-02 |   9.776260e-01 |   9.729008e-01 |   9.876400e-01 |   9.870136e-01 |   1.353662e-01 |   1.588393e-02 |
|   2.100000e-02 |   9.773909e-01 |   9.728226e-01 |   9.876066e-01 |   9.869986e-01 |   1.308062e-01 |   1.569558e-02 |
|   2.200000e-02 |   9.771634e-01 |   9.727471e-01 |   9.875744e-01 |   9.869844e-01 |   1.263855e-01 |   1.551375e-02 |
|   2.300000e-02 |   9.769435e-01 |   9.726742e-01 |   9.875432e-01 |   9.869707e-01 |   1.221031e-01 |   1.533820e-02 |
|   2.400000e-02 |   9.767308e-01 |   9.726038e-01 |   9.875132e-01 |   9.869575e-01 |   1.179572e-01 |   1.516868e-02 |
|   2.500000e-02 |   9.765253e-01 |   9.725358e-01 |   9.874842e-01 |   9.869449e-01 |   1.139450e-01 |   1.500498e-02 |
|   2.600000e-02 |   9.763266e-01 |   9.724702e-01 |   9.874561e-01 |   9.869328e-01 |   1.100637e-01 |   1.484688e-02 |
|   2.700000e-02 |   9.761347e-01 |   9.724068e-01 |   9.874291e-01 |   9.869211e-01 |   1.063099e-01 |   1.469421e-02 |
|   2.800000e-02 |   9.759494e-01 |   9.723456e-01 |   9.874029e-01 |   9.869099e-01 |   1.026802e-01 |   1.454676e-02 |
|   2.900000e-02 |   9.757703e-01 |   9.722865e-01 |   9.873777e-01 |   9.868991e-01 |   9.917110e-02 |   1.440435e-02 |
|   3.000000e-02 |   9.755973e-01 |   9.722294e-01 |   9.873533e-01 |   9.868887e-01 |   9.577908e-02 |   1.426682e-02 |
|   3.100000e-02 |   9.754303e-01 |   9.721742e-01 |   9.873297e-01 |   9.868787e-01 |   9.250058e-02 |   1.413399e-02 |
|   3.200000e-02 |   9.752689e-01 |   9.721210e-01 |   9.873070e-01 |   9.868691e-01 |   8.933210e-02 |   1.400571e-02 |
|   3.300000e-02 |   9.751131e-01 |   9.720695e-01 |   9.872850e-01 |   9.868598e-01 |   8.627017e-02 |   1.388183e-02 |
+----------------+----------------+----------------+----------------+----------------+----------------+----------------+
+----------------+----------------+----------------+------------------+----------------+----------------+
| time           | mass           | mass_reaction  | outflow_gradient | platen_max     | platen_min     |
+----------------+----------------+----------------+------------------+----------------+----------------+
:                :                :                :                  :                :                :
|   1.900000e-02 |   1.552464e-01 |  -1.338983e-01 |     1.315476e-01 |  -6.349040e-03 |  -6.349040e-03 |
|   2.000000e-02 |   1.551173e-01 |  -1.291538e-01 |     1.268990e-01 |  -6.367001e-03 |  -6.367001e-03 |
|   2.100000e-02 |   1.549927e-01 |  -1.246135e-01 |     1.224481e-01 |  -6.384338e-03 |  -6.384338e-03 |
|   2.200000e-02 |   1.548724e-01 |  -1.202585e-01 |     1.181770e-01 |  -6.401074e-03 |  -6.401074e-03 |
|   2.300000e-02 |   1.547563e-01 |  -1.160738e-01 |     1.140715e-01 |  -6.417234e-03 |  -6.417234e-03 |
|   2.400000e-02 |   1.546443e-01 |  -1.120474e-01 |     1.101203e-01 |  -6.432839e-03 |  -6.432839e-03 |
|   2.500000e-02 |   1.545361e-01 |  -1.081696e-01 |     1.063140e-01 |  -6.447908e-03 |  -6.447908e-03 |
|   2.600000e-02 |   1.544317e-01 |  -1.044319e-01 |     1.026446e-01 |  -6.462461e-03 |  -6.462461e-03 |
|   2.700000e-02 |   1.543309e-01 |  -1.008273e-01 |     9.910543e-02 |  -6.476517e-03 |  -6.476517e-03 |
|   2.800000e-02 |   1.542335e-01 |  -9.734972e-02 |     9.569046e-02 |  -6.490092e-03 |  -6.490092e-03 |
|   2.900000e-02 |   1.541395e-01 |  -9.399357e-02 |     9.239441e-02 |  -6.503202e-03 |  -6.503202e-03 |
|   3.000000e-02 |   1.540488e-01 |  -9.075391e-02 |     8.921248e-02 |  -6.515864e-03 |  -6.515864e-03 |
|   3.100000e-02 |   1.539611e-01 |  -8.762620e-02 |     8.614026e-02 |  -6.528094e-03 |  -6.528094e-03 |
|   3.200000e-02 |   1.538765e-01 |  -8.460622e-02 |     8.317366e-02 |  -6.539904e-03 |  -6.539904e-03 |
|   3.300000e-02 |   1.537948e-01 |  -8.169003e-02 |     8.030882e-02 |  -6.551311e-03 |  -6.551311e-03 |
+----------------+----------------+----------------+------------------+----------------+----------------+
+----------------+--------------------+--------------------+----------------+----------------+----------------+
| time           | solid_fraction_max | solid_fraction_min | stability_max  | stability_min  | top_reaction   |
+----------------+--------------------+--------------------+----------------+----------------+----------------+
:                :                    :                    :                :                :                :
|   1.900000e-02 |       6.089962e-01 |       6.056206e-01 |   2.808048e+01 |   2.800184e+01 |  -1.400000e+00 |
|   2.000000e-02 |       6.090253e-01 |       6.057615e-01 |   2.807778e+01 |   2.800178e+01 |  -1.400000e+00 |
|   2.100000e-02 |       6.090534e-01 |       6.058980e-01 |   2.807516e+01 |   2.800172e+01 |  -1.400000e+00 |
|   2.200000e-02 |       6.090805e-01 |       6.060303e-01 |   2.807261e+01 |   2.800166e+01 |  -1.400000e+00 |
|   2.300000e-02 |       6.091067e-01 |       6.061584e-01 |   2.807015e+01 |   2.800160e+01 |  -1.400000e+00 |
|   2.400000e-02 |       6.091319e-01 |       6.062823e-01 |   2.806777e+01 |   2.800154e+01 |  -1.400000e+00 |
|   2.500000e-02 |       6.091563e-01 |       6.064021e-01 |   2.806546e+01 |   2.800149e+01 |  -1.400000e+00 |
|   2.600000e-02 |       6.091799e-01 |       6.065180e-01 |   2.806323e+01 |   2.800144e+01 |  -1.400000e+00 |
|   2.700000e-02 |       6.092026e-01 |       6.066301e-01 |   2.806108e+01 |   2.800139e+01 |  -1.400000e+00 |
|   2.800000e-02 |       6.092246e-01 |       6.067384e-01 |   2.805899e+01 |   2.800134e+01 |  -1.400000e+00 |
|   2.900000e-02 |       6.092459e-01 |       6.068431e-01 |   2.805697e+01 |   2.800130e+01 |  -1.400000e+00 |
|   3.000000e-02 |       6.092664e-01 |       6.069443e-01 |   2.805502e+01 |   2.800125e+01 |  -1.400000e+00 |
|   3.100000e-02 |       6.092862e-01 |       6.070421e-01 |   2.805314e+01 |   2.800121e+01 |  -1.400000e+00 |
|   3.200000e-02 |       6.093053e-01 |       6.071366e-01 |   2.805132e+01 |   2.800117e+01 |  -1.400000e+00 |
|   3.300000e-02 |       6.093238e-01 |       6.072280e-01 |   2.804956e+01 |   2.800113e+01 |  -1.400000e+00 |
+----------------+--------------------+--------------------+----------------+----------------+----------------+


Time Step 34, time = 0.034, dt = 0.001
 * Nonlinear |R| = [32m1.023732e-02[39m (Before preset BCs, predictors, correctors, and constraints)
 0 Nonlinear |R| = [32m1.023732e-02[39m
      0 Linear |R| = [32m1.023732e-02[39m
      1 Linear |R| = [32m3.122237e-03[39m
      2 Linear |R| = [32m2.784335e-03[39m
      3 Linear |R| = [32m5.608332e-05[39m
      4 Linear |R| = [32m1.508528e-05[39m
      5 Linear |R| = [32m1.227349e-05[39m
      6 Linear |R| = [32m1.607171e-06[39m
      7 Linear |R| = [32m8.945231e-07[39m
      8 Linear |R| = [32m1.414985e-07[39m
      9 Linear |R| = [32m1.275511e-07[39m
     10 Linear |R| = [32m1.429180e-08[39m
     11 Linear |R| = [32m3.369515e-09[39m
     12 Linear |R| = [32m3.057605e-10[39m
     13 Linear |R| = [32m2.579843e-10[39m
     14 Linear |R| = [32m7.808285e-11[39m
     15 Linear |R| = [32m3.495064e-12[39m
 1 Nonlinear |R| = [32m2.725068e-06[39m
      0 Linear |R| = [32m2.725068e-06[39m
      1 Linear |R| = [32m4.362330e-07[39m
      2 Linear |R| = [32m2.268646e-08[39m
      3 Linear |R| = [32m8.384283e-09[39m
      4 Linear |R| = [32m2.492230e-09[39m
      5 Linear |R| = [33m2.381126e-09[39m
      6 Linear |R| = [32m7.288645e-10[39m
      7 Linear |R| = [32m2.147769e-10[39m
      8 Linear |R| = [32m2.502113e-11[39m
      9 Linear |R| = [33m2.475015e-11[39m
     10 Linear |R| = [32m6.062834e-12[39m
     11 Linear |R| = [32m1.219669e-12[39m
     12 Linear |R| = [32m1.058868e-13[39m
     13 Linear |R| = [32m9.870085e-14[39m
     14 Linear |R| = [32m1.528356e-14[39m
     15 Linear |R| = [32m1.260749e-15[39m
 2 Nonlinear |R| = [32m8.376929e-12[39m
[32m Solve Converged![39m

Outlier Variable Residual Norms:
  uy: [33m7.293161e-12[39m

Postprocessor Values:
+----------------+----------------+----------------+----------------+----------------+----------------+----------------+
| time           | J_max          | J_min          | Jbar_max       | Jbar_min       | center_pressure| edge_ux        |
+----------------+----------------+----------------+----------------+----------------+----------------+----------------+
:                :                :                :                :                :                :                :
|   2.000000e-02 |   9.776260e-01 |   9.729008e-01 |   9.876400e-01 |   9.870136e-01 |   1.353662e-01 |   1.588393e-02 |
|   2.100000e-02 |   9.773909e-01 |   9.728226e-01 |   9.876066e-01 |   9.869986e-01 |   1.308062e-01 |   1.569558e-02 |
|   2.200000e-02 |   9.771634e-01 |   9.727471e-01 |   9.875744e-01 |   9.869844e-01 |   1.263855e-01 |   1.551375e-02 |
|   2.300000e-02 |   9.769435e-01 |   9.726742e-01 |   9.875432e-01 |   9.869707e-01 |   1.221031e-01 |   1.533820e-02 |
|   2.400000e-02 |   9.767308e-01 |   9.726038e-01 |   9.875132e-01 |   9.869575e-01 |   1.179572e-01 |   1.516868e-02 |
|   2.500000e-02 |   9.765253e-01 |   9.725358e-01 |   9.874842e-01 |   9.869449e-01 |   1.139450e-01 |   1.500498e-02 |
|   2.600000e-02 |   9.763266e-01 |   9.724702e-01 |   9.874561e-01 |   9.869328e-01 |   1.100637e-01 |   1.484688e-02 |
|   2.700000e-02 |   9.761347e-01 |   9.724068e-01 |   9.874291e-01 |   9.869211e-01 |   1.063099e-01 |   1.469421e-02 |
|   2.800000e-02 |   9.759494e-01 |   9.723456e-01 |   9.874029e-01 |   9.869099e-01 |   1.026802e-01 |   1.454676e-02 |
|   2.900000e-02 |   9.757703e-01 |   9.722865e-01 |   9.873777e-01 |   9.868991e-01 |   9.917110e-02 |   1.440435e-02 |
|   3.000000e-02 |   9.755973e-01 |   9.722294e-01 |   9.873533e-01 |   9.868887e-01 |   9.577908e-02 |   1.426682e-02 |
|   3.100000e-02 |   9.754303e-01 |   9.721742e-01 |   9.873297e-01 |   9.868787e-01 |   9.250058e-02 |   1.413399e-02 |
|   3.200000e-02 |   9.752689e-01 |   9.721210e-01 |   9.873070e-01 |   9.868691e-01 |   8.933210e-02 |   1.400571e-02 |
|   3.300000e-02 |   9.751131e-01 |   9.720695e-01 |   9.872850e-01 |   9.868598e-01 |   8.627017e-02 |   1.388183e-02 |
|   3.400000e-02 |   9.749626e-01 |   9.720198e-01 |   9.872638e-01 |   9.868509e-01 |   8.331142e-02 |   1.376219e-02 |
+----------------+----------------+----------------+----------------+----------------+----------------+----------------+
+----------------+----------------+----------------+------------------+----------------+----------------+
| time           | mass           | mass_reaction  | outflow_gradient | platen_max     | platen_min     |
+----------------+----------------+----------------+------------------+----------------+----------------+
:                :                :                :                  :                :                :
|   2.000000e-02 |   1.551173e-01 |  -1.291538e-01 |     1.268990e-01 |  -6.367001e-03 |  -6.367001e-03 |
|   2.100000e-02 |   1.549927e-01 |  -1.246135e-01 |     1.224481e-01 |  -6.384338e-03 |  -6.384338e-03 |
|   2.200000e-02 |   1.548724e-01 |  -1.202585e-01 |     1.181770e-01 |  -6.401074e-03 |  -6.401074e-03 |
|   2.300000e-02 |   1.547563e-01 |  -1.160738e-01 |     1.140715e-01 |  -6.417234e-03 |  -6.417234e-03 |
|   2.400000e-02 |   1.546443e-01 |  -1.120474e-01 |     1.101203e-01 |  -6.432839e-03 |  -6.432839e-03 |
|   2.500000e-02 |   1.545361e-01 |  -1.081696e-01 |     1.063140e-01 |  -6.447908e-03 |  -6.447908e-03 |
|   2.600000e-02 |   1.544317e-01 |  -1.044319e-01 |     1.026446e-01 |  -6.462461e-03 |  -6.462461e-03 |
|   2.700000e-02 |   1.543309e-01 |  -1.008273e-01 |     9.910543e-02 |  -6.476517e-03 |  -6.476517e-03 |
|   2.800000e-02 |   1.542335e-01 |  -9.734972e-02 |     9.569046e-02 |  -6.490092e-03 |  -6.490092e-03 |
|   2.900000e-02 |   1.541395e-01 |  -9.399357e-02 |     9.239441e-02 |  -6.503202e-03 |  -6.503202e-03 |
|   3.000000e-02 |   1.540488e-01 |  -9.075391e-02 |     8.921248e-02 |  -6.515864e-03 |  -6.515864e-03 |
|   3.100000e-02 |   1.539611e-01 |  -8.762620e-02 |     8.614026e-02 |  -6.528094e-03 |  -6.528094e-03 |
|   3.200000e-02 |   1.538765e-01 |  -8.460622e-02 |     8.317366e-02 |  -6.539904e-03 |  -6.539904e-03 |
|   3.300000e-02 |   1.537948e-01 |  -8.169003e-02 |     8.030882e-02 |  -6.551311e-03 |  -6.551311e-03 |
|   3.400000e-02 |   1.537160e-01 |  -7.887391e-02 |     7.754214e-02 |  -6.562327e-03 |  -6.562327e-03 |
+----------------+----------------+----------------+------------------+----------------+----------------+
+----------------+--------------------+--------------------+----------------+----------------+----------------+
| time           | solid_fraction_max | solid_fraction_min | stability_max  | stability_min  | top_reaction   |
+----------------+--------------------+--------------------+----------------+----------------+----------------+
:                :                    :                    :                :                :                :
|   2.000000e-02 |       6.090253e-01 |       6.057615e-01 |   2.807778e+01 |   2.800178e+01 |  -1.400000e+00 |
|   2.100000e-02 |       6.090534e-01 |       6.058980e-01 |   2.807516e+01 |   2.800172e+01 |  -1.400000e+00 |
|   2.200000e-02 |       6.090805e-01 |       6.060303e-01 |   2.807261e+01 |   2.800166e+01 |  -1.400000e+00 |
|   2.300000e-02 |       6.091067e-01 |       6.061584e-01 |   2.807015e+01 |   2.800160e+01 |  -1.400000e+00 |
|   2.400000e-02 |       6.091319e-01 |       6.062823e-01 |   2.806777e+01 |   2.800154e+01 |  -1.400000e+00 |
|   2.500000e-02 |       6.091563e-01 |       6.064021e-01 |   2.806546e+01 |   2.800149e+01 |  -1.400000e+00 |
|   2.600000e-02 |       6.091799e-01 |       6.065180e-01 |   2.806323e+01 |   2.800144e+01 |  -1.400000e+00 |
|   2.700000e-02 |       6.092026e-01 |       6.066301e-01 |   2.806108e+01 |   2.800139e+01 |  -1.400000e+00 |
|   2.800000e-02 |       6.092246e-01 |       6.067384e-01 |   2.805899e+01 |   2.800134e+01 |  -1.400000e+00 |
|   2.900000e-02 |       6.092459e-01 |       6.068431e-01 |   2.805697e+01 |   2.800130e+01 |  -1.400000e+00 |
|   3.000000e-02 |       6.092664e-01 |       6.069443e-01 |   2.805502e+01 |   2.800125e+01 |  -1.400000e+00 |
|   3.100000e-02 |       6.092862e-01 |       6.070421e-01 |   2.805314e+01 |   2.800121e+01 |  -1.400000e+00 |
|   3.200000e-02 |       6.093053e-01 |       6.071366e-01 |   2.805132e+01 |   2.800117e+01 |  -1.400000e+00 |
|   3.300000e-02 |       6.093238e-01 |       6.072280e-01 |   2.804956e+01 |   2.800113e+01 |  -1.400000e+00 |
|   3.400000e-02 |       6.093416e-01 |       6.073162e-01 |   2.804786e+01 |   2.800109e+01 |  -1.400000e+00 |
+----------------+--------------------+--------------------+----------------+----------------+----------------+


Time Step 35, time = 0.035, dt = 0.001
 * Nonlinear |R| = [32m9.884291e-03[39m (Before preset BCs, predictors, correctors, and constraints)
 0 Nonlinear |R| = [32m9.884291e-03[39m
      0 Linear |R| = [32m9.884291e-03[39m
      1 Linear |R| = [32m3.015535e-03[39m
      2 Linear |R| = [32m2.689370e-03[39m
      3 Linear |R| = [32m5.416011e-05[39m
      4 Linear |R| = [32m1.456687e-05[39m
      5 Linear |R| = [32m1.173028e-05[39m
      6 Linear |R| = [32m1.552342e-06[39m
      7 Linear |R| = [32m8.639090e-07[39m
      8 Linear |R| = [32m1.371103e-07[39m
      9 Linear |R| = [33m1.327300e-07[39m
     10 Linear |R| = [32m1.379948e-08[39m
     11 Linear |R| = [32m3.252800e-09[39m
     12 Linear |R| = [32m3.940112e-10[39m
     13 Linear |R| = [32m2.492008e-10[39m
     14 Linear |R| = [32m7.537834e-11[39m
     15 Linear |R| = [32m3.385421e-12[39m
 1 Nonlinear |R| = [32m2.543744e-06[39m
      0 Linear |R| = [32m2.543744e-06[39m
      1 Linear |R| = [32m4.085580e-07[39m
      2 Linear |R| = [32m3.380472e-08[39m
      3 Linear |R| = [32m7.867592e-09[39m
      4 Linear |R| = [32m2.337665e-09[39m
      5 Linear |R| = [33m2.240155e-09[39m
      6 Linear |R| = [32m6.859192e-10[39m
      7 Linear |R| = [32m2.027143e-10[39m
      8 Linear |R| = [32m2.352941e-11[39m
      9 Linear |R| = [33m2.319291e-11[39m
     10 Linear |R| = [32m5.930700e-12[39m
     11 Linear |R| = [32m1.144579e-12[39m
     12 Linear |R| = [32m1.189211e-13[39m
     13 Linear |R| = [32m1.037389e-13[39m
     14 Linear |R| = [32m1.483342e-14[39m
     15 Linear |R| = [32m1.224250e-15[39m
 2 Nonlinear |R| = [32m7.871956e-12[39m
[32m Solve Converged![39m

Outlier Variable Residual Norms:
  uy: [33m6.893030e-12[39m

Postprocessor Values:
+----------------+----------------+----------------+----------------+----------------+----------------+----------------+
| time           | J_max          | J_min          | Jbar_max       | Jbar_min       | center_pressure| edge_ux        |
+----------------+----------------+----------------+----------------+----------------+----------------+----------------+
:                :                :                :                :                :                :                :
|   2.100000e-02 |   9.773909e-01 |   9.728226e-01 |   9.876066e-01 |   9.869986e-01 |   1.308062e-01 |   1.569558e-02 |
|   2.200000e-02 |   9.771634e-01 |   9.727471e-01 |   9.875744e-01 |   9.869844e-01 |   1.263855e-01 |   1.551375e-02 |
|   2.300000e-02 |   9.769435e-01 |   9.726742e-01 |   9.875432e-01 |   9.869707e-01 |   1.221031e-01 |   1.533820e-02 |
|   2.400000e-02 |   9.767308e-01 |   9.726038e-01 |   9.875132e-01 |   9.869575e-01 |   1.179572e-01 |   1.516868e-02 |
|   2.500000e-02 |   9.765253e-01 |   9.725358e-01 |   9.874842e-01 |   9.869449e-01 |   1.139450e-01 |   1.500498e-02 |
|   2.600000e-02 |   9.763266e-01 |   9.724702e-01 |   9.874561e-01 |   9.869328e-01 |   1.100637e-01 |   1.484688e-02 |
|   2.700000e-02 |   9.761347e-01 |   9.724068e-01 |   9.874291e-01 |   9.869211e-01 |   1.063099e-01 |   1.469421e-02 |
|   2.800000e-02 |   9.759494e-01 |   9.723456e-01 |   9.874029e-01 |   9.869099e-01 |   1.026802e-01 |   1.454676e-02 |
|   2.900000e-02 |   9.757703e-01 |   9.722865e-01 |   9.873777e-01 |   9.868991e-01 |   9.917110e-02 |   1.440435e-02 |
|   3.000000e-02 |   9.755973e-01 |   9.722294e-01 |   9.873533e-01 |   9.868887e-01 |   9.577908e-02 |   1.426682e-02 |
|   3.100000e-02 |   9.754303e-01 |   9.721742e-01 |   9.873297e-01 |   9.868787e-01 |   9.250058e-02 |   1.413399e-02 |
|   3.200000e-02 |   9.752689e-01 |   9.721210e-01 |   9.873070e-01 |   9.868691e-01 |   8.933210e-02 |   1.400571e-02 |
|   3.300000e-02 |   9.751131e-01 |   9.720695e-01 |   9.872850e-01 |   9.868598e-01 |   8.627017e-02 |   1.388183e-02 |
|   3.400000e-02 |   9.749626e-01 |   9.720198e-01 |   9.872638e-01 |   9.868509e-01 |   8.331142e-02 |   1.376219e-02 |
|   3.500000e-02 |   9.748173e-01 |   9.719719e-01 |   9.872433e-01 |   9.868423e-01 |   8.045253e-02 |   1.364665e-02 |
+----------------+----------------+----------------+----------------+----------------+----------------+----------------+
+----------------+----------------+----------------+------------------+----------------+----------------+
| time           | mass           | mass_reaction  | outflow_gradient | platen_max     | platen_min     |
+----------------+----------------+----------------+------------------+----------------+----------------+
:                :                :                :                  :                :                :
|   2.100000e-02 |   1.549927e-01 |  -1.246135e-01 |     1.224481e-01 |  -6.384338e-03 |  -6.384338e-03 |
|   2.200000e-02 |   1.548724e-01 |  -1.202585e-01 |     1.181770e-01 |  -6.401074e-03 |  -6.401074e-03 |
|   2.300000e-02 |   1.547563e-01 |  -1.160738e-01 |     1.140715e-01 |  -6.417234e-03 |  -6.417234e-03 |
|   2.400000e-02 |   1.546443e-01 |  -1.120474e-01 |     1.101203e-01 |  -6.432839e-03 |  -6.432839e-03 |
|   2.500000e-02 |   1.545361e-01 |  -1.081696e-01 |     1.063140e-01 |  -6.447908e-03 |  -6.447908e-03 |
|   2.600000e-02 |   1.544317e-01 |  -1.044319e-01 |     1.026446e-01 |  -6.462461e-03 |  -6.462461e-03 |
|   2.700000e-02 |   1.543309e-01 |  -1.008273e-01 |     9.910543e-02 |  -6.476517e-03 |  -6.476517e-03 |
|   2.800000e-02 |   1.542335e-01 |  -9.734972e-02 |     9.569046e-02 |  -6.490092e-03 |  -6.490092e-03 |
|   2.900000e-02 |   1.541395e-01 |  -9.399357e-02 |     9.239441e-02 |  -6.503202e-03 |  -6.503202e-03 |
|   3.000000e-02 |   1.540488e-01 |  -9.075391e-02 |     8.921248e-02 |  -6.515864e-03 |  -6.515864e-03 |
|   3.100000e-02 |   1.539611e-01 |  -8.762620e-02 |     8.614026e-02 |  -6.528094e-03 |  -6.528094e-03 |
|   3.200000e-02 |   1.538765e-01 |  -8.460622e-02 |     8.317366e-02 |  -6.539904e-03 |  -6.539904e-03 |
|   3.300000e-02 |   1.537948e-01 |  -8.169003e-02 |     8.030882e-02 |  -6.551311e-03 |  -6.551311e-03 |
|   3.400000e-02 |   1.537160e-01 |  -7.887391e-02 |     7.754214e-02 |  -6.562327e-03 |  -6.562327e-03 |
|   3.500000e-02 |   1.536398e-01 |  -7.615433e-02 |     7.487016e-02 |  -6.572966e-03 |  -6.572966e-03 |
+----------------+----------------+----------------+------------------+----------------+----------------+
+----------------+--------------------+--------------------+----------------+----------------+----------------+
| time           | solid_fraction_max | solid_fraction_min | stability_max  | stability_min  | top_reaction   |
+----------------+--------------------+--------------------+----------------+----------------+----------------+
:                :                    :                    :                :                :                :
|   2.100000e-02 |       6.090534e-01 |       6.058980e-01 |   2.807516e+01 |   2.800172e+01 |  -1.400000e+00 |
|   2.200000e-02 |       6.090805e-01 |       6.060303e-01 |   2.807261e+01 |   2.800166e+01 |  -1.400000e+00 |
|   2.300000e-02 |       6.091067e-01 |       6.061584e-01 |   2.807015e+01 |   2.800160e+01 |  -1.400000e+00 |
|   2.400000e-02 |       6.091319e-01 |       6.062823e-01 |   2.806777e+01 |   2.800154e+01 |  -1.400000e+00 |
|   2.500000e-02 |       6.091563e-01 |       6.064021e-01 |   2.806546e+01 |   2.800149e+01 |  -1.400000e+00 |
|   2.600000e-02 |       6.091799e-01 |       6.065180e-01 |   2.806323e+01 |   2.800144e+01 |  -1.400000e+00 |
|   2.700000e-02 |       6.092026e-01 |       6.066301e-01 |   2.806108e+01 |   2.800139e+01 |  -1.400000e+00 |
|   2.800000e-02 |       6.092246e-01 |       6.067384e-01 |   2.805899e+01 |   2.800134e+01 |  -1.400000e+00 |
|   2.900000e-02 |       6.092459e-01 |       6.068431e-01 |   2.805697e+01 |   2.800130e+01 |  -1.400000e+00 |
|   3.000000e-02 |       6.092664e-01 |       6.069443e-01 |   2.805502e+01 |   2.800125e+01 |  -1.400000e+00 |
|   3.100000e-02 |       6.092862e-01 |       6.070421e-01 |   2.805314e+01 |   2.800121e+01 |  -1.400000e+00 |
|   3.200000e-02 |       6.093053e-01 |       6.071366e-01 |   2.805132e+01 |   2.800117e+01 |  -1.400000e+00 |
|   3.300000e-02 |       6.093238e-01 |       6.072280e-01 |   2.804956e+01 |   2.800113e+01 |  -1.400000e+00 |
|   3.400000e-02 |       6.093416e-01 |       6.073162e-01 |   2.804786e+01 |   2.800109e+01 |  -1.400000e+00 |
|   3.500000e-02 |       6.093588e-01 |       6.074014e-01 |   2.804622e+01 |   2.800105e+01 |  -1.400000e+00 |
+----------------+--------------------+--------------------+----------------+----------------+----------------+


Time Step 36, time = 0.036, dt = 0.001
 * Nonlinear |R| = [32m9.543333e-03[39m (Before preset BCs, predictors, correctors, and constraints)
 0 Nonlinear |R| = [32m9.543333e-03[39m
      0 Linear |R| = [32m9.543333e-03[39m
      1 Linear |R| = [32m2.912410e-03[39m
      2 Linear |R| = [32m2.597568e-03[39m
      3 Linear |R| = [32m5.230268e-05[39m
      4 Linear |R| = [32m1.406592e-05[39m
      5 Linear |R| = [32m1.132239e-05[39m
      6 Linear |R| = [32m1.499307e-06[39m
      7 Linear |R| = [32m8.343139e-07[39m
      8 Linear |R| = [32m1.322446e-07[39m
      9 Linear |R| = [33m1.263947e-07[39m
     10 Linear |R| = [32m1.332414e-08[39m
     11 Linear |R| = [32m3.140161e-09[39m
     12 Linear |R| = [32m3.792253e-10[39m
     13 Linear |R| = [32m2.406320e-10[39m
     14 Linear |R| = [32m7.276878e-11[39m
     15 Linear |R| = [32m3.261166e-12[39m
 1 Nonlinear |R| = [32m2.369158e-06[39m
      0 Linear |R| = [32m2.369158e-06[39m
      1 Linear |R| = [32m3.813708e-07[39m
      2 Linear |R| = [32m2.321700e-08[39m
      3 Linear |R| = [32m7.326225e-09[39m
      4 Linear |R| = [32m2.190141e-09[39m
      5 Linear |R| = [33m2.101691e-09[39m
      6 Linear |R| = [32m6.551365e-10[39m
      7 Linear |R| = [32m1.879879e-10[39m
      8 Linear |R| = [32m2.223994e-11[39m
      9 Linear |R| = [33m2.159547e-11[39m
     10 Linear |R| = [32m5.567016e-12[39m
     11 Linear |R| = [32m1.069164e-12[39m
     12 Linear |R| = [32m1.016344e-13[39m
     13 Linear |R| = [32m9.433319e-14[39m
     14 Linear |R| = [32m1.521301e-14[39m
     15 Linear |R| = [32m1.177639e-15[39m
 2 Nonlinear |R| = [32m7.211671e-12[39m
[32m Solve Converged![39m

Outlier Variable Residual Norms:
  uy: [33m6.389494e-12[39m

Postprocessor Values:
+----------------+----------------+----------------+----------------+----------------+----------------+----------------+
| time           | J_max          | J_min          | Jbar_max       | Jbar_min       | center_pressure| edge_ux        |
+----------------+----------------+----------------+----------------+----------------+----------------+----------------+
:                :                :                :                :                :                :                :
|   2.200000e-02 |   9.771634e-01 |   9.727471e-01 |   9.875744e-01 |   9.869844e-01 |   1.263855e-01 |   1.551375e-02 |
|   2.300000e-02 |   9.769435e-01 |   9.726742e-01 |   9.875432e-01 |   9.869707e-01 |   1.221031e-01 |   1.533820e-02 |
|   2.400000e-02 |   9.767308e-01 |   9.726038e-01 |   9.875132e-01 |   9.869575e-01 |   1.179572e-01 |   1.516868e-02 |
|   2.500000e-02 |   9.765253e-01 |   9.725358e-01 |   9.874842e-01 |   9.869449e-01 |   1.139450e-01 |   1.500498e-02 |
|   2.600000e-02 |   9.763266e-01 |   9.724702e-01 |   9.874561e-01 |   9.869328e-01 |   1.100637e-01 |   1.484688e-02 |
|   2.700000e-02 |   9.761347e-01 |   9.724068e-01 |   9.874291e-01 |   9.869211e-01 |   1.063099e-01 |   1.469421e-02 |
|   2.800000e-02 |   9.759494e-01 |   9.723456e-01 |   9.874029e-01 |   9.869099e-01 |   1.026802e-01 |   1.454676e-02 |
|   2.900000e-02 |   9.757703e-01 |   9.722865e-01 |   9.873777e-01 |   9.868991e-01 |   9.917110e-02 |   1.440435e-02 |
|   3.000000e-02 |   9.755973e-01 |   9.722294e-01 |   9.873533e-01 |   9.868887e-01 |   9.577908e-02 |   1.426682e-02 |
|   3.100000e-02 |   9.754303e-01 |   9.721742e-01 |   9.873297e-01 |   9.868787e-01 |   9.250058e-02 |   1.413399e-02 |
|   3.200000e-02 |   9.752689e-01 |   9.721210e-01 |   9.873070e-01 |   9.868691e-01 |   8.933210e-02 |   1.400571e-02 |
|   3.300000e-02 |   9.751131e-01 |   9.720695e-01 |   9.872850e-01 |   9.868598e-01 |   8.627017e-02 |   1.388183e-02 |
|   3.400000e-02 |   9.749626e-01 |   9.720198e-01 |   9.872638e-01 |   9.868509e-01 |   8.331142e-02 |   1.376219e-02 |
|   3.500000e-02 |   9.748173e-01 |   9.719719e-01 |   9.872433e-01 |   9.868423e-01 |   8.045253e-02 |   1.364665e-02 |
|   3.600000e-02 |   9.746770e-01 |   9.719255e-01 |   9.872235e-01 |   9.868340e-01 |   7.769028e-02 |   1.353507e-02 |
+----------------+----------------+----------------+----------------+----------------+----------------+----------------+
+----------------+----------------+----------------+------------------+----------------+----------------+
| time           | mass           | mass_reaction  | outflow_gradient | platen_max     | platen_min     |
+----------------+----------------+----------------+------------------+----------------+----------------+
:                :                :                :                  :                :                :
|   2.200000e-02 |   1.548724e-01 |  -1.202585e-01 |     1.181770e-01 |  -6.401074e-03 |  -6.401074e-03 |
|   2.300000e-02 |   1.547563e-01 |  -1.160738e-01 |     1.140715e-01 |  -6.417234e-03 |  -6.417234e-03 |
|   2.400000e-02 |   1.546443e-01 |  -1.120474e-01 |     1.101203e-01 |  -6.432839e-03 |  -6.432839e-03 |
|   2.500000e-02 |   1.545361e-01 |  -1.081696e-01 |     1.063140e-01 |  -6.447908e-03 |  -6.447908e-03 |
|   2.600000e-02 |   1.544317e-01 |  -1.044319e-01 |     1.026446e-01 |  -6.462461e-03 |  -6.462461e-03 |
|   2.700000e-02 |   1.543309e-01 |  -1.008273e-01 |     9.910543e-02 |  -6.476517e-03 |  -6.476517e-03 |
|   2.800000e-02 |   1.542335e-01 |  -9.734972e-02 |     9.569046e-02 |  -6.490092e-03 |  -6.490092e-03 |
|   2.900000e-02 |   1.541395e-01 |  -9.399357e-02 |     9.239441e-02 |  -6.503202e-03 |  -6.503202e-03 |
|   3.000000e-02 |   1.540488e-01 |  -9.075391e-02 |     8.921248e-02 |  -6.515864e-03 |  -6.515864e-03 |
|   3.100000e-02 |   1.539611e-01 |  -8.762620e-02 |     8.614026e-02 |  -6.528094e-03 |  -6.528094e-03 |
|   3.200000e-02 |   1.538765e-01 |  -8.460622e-02 |     8.317366e-02 |  -6.539904e-03 |  -6.539904e-03 |
|   3.300000e-02 |   1.537948e-01 |  -8.169003e-02 |     8.030882e-02 |  -6.551311e-03 |  -6.551311e-03 |
|   3.400000e-02 |   1.537160e-01 |  -7.887391e-02 |     7.754214e-02 |  -6.562327e-03 |  -6.562327e-03 |
|   3.500000e-02 |   1.536398e-01 |  -7.615433e-02 |     7.487016e-02 |  -6.572966e-03 |  -6.572966e-03 |
|   3.600000e-02 |   1.535663e-01 |  -7.352792e-02 |     7.228959e-02 |  -6.583240e-03 |  -6.583240e-03 |
+----------------+----------------+----------------+------------------+----------------+----------------+
+----------------+--------------------+--------------------+----------------+----------------+----------------+
| time           | solid_fraction_max | solid_fraction_min | stability_max  | stability_min  | top_reaction   |
+----------------+--------------------+--------------------+----------------+----------------+----------------+
:                :                    :                    :                :                :                :
|   2.200000e-02 |       6.090805e-01 |       6.060303e-01 |   2.807261e+01 |   2.800166e+01 |  -1.400000e+00 |
|   2.300000e-02 |       6.091067e-01 |       6.061584e-01 |   2.807015e+01 |   2.800160e+01 |  -1.400000e+00 |
|   2.400000e-02 |       6.091319e-01 |       6.062823e-01 |   2.806777e+01 |   2.800154e+01 |  -1.400000e+00 |
|   2.500000e-02 |       6.091563e-01 |       6.064021e-01 |   2.806546e+01 |   2.800149e+01 |  -1.400000e+00 |
|   2.600000e-02 |       6.091799e-01 |       6.065180e-01 |   2.806323e+01 |   2.800144e+01 |  -1.400000e+00 |
|   2.700000e-02 |       6.092026e-01 |       6.066301e-01 |   2.806108e+01 |   2.800139e+01 |  -1.400000e+00 |
|   2.800000e-02 |       6.092246e-01 |       6.067384e-01 |   2.805899e+01 |   2.800134e+01 |  -1.400000e+00 |
|   2.900000e-02 |       6.092459e-01 |       6.068431e-01 |   2.805697e+01 |   2.800130e+01 |  -1.400000e+00 |
|   3.000000e-02 |       6.092664e-01 |       6.069443e-01 |   2.805502e+01 |   2.800125e+01 |  -1.400000e+00 |
|   3.100000e-02 |       6.092862e-01 |       6.070421e-01 |   2.805314e+01 |   2.800121e+01 |  -1.400000e+00 |
|   3.200000e-02 |       6.093053e-01 |       6.071366e-01 |   2.805132e+01 |   2.800117e+01 |  -1.400000e+00 |
|   3.300000e-02 |       6.093238e-01 |       6.072280e-01 |   2.804956e+01 |   2.800113e+01 |  -1.400000e+00 |
|   3.400000e-02 |       6.093416e-01 |       6.073162e-01 |   2.804786e+01 |   2.800109e+01 |  -1.400000e+00 |
|   3.500000e-02 |       6.093588e-01 |       6.074014e-01 |   2.804622e+01 |   2.800105e+01 |  -1.400000e+00 |
|   3.600000e-02 |       6.093755e-01 |       6.074838e-01 |   2.804463e+01 |   2.800101e+01 |  -1.400000e+00 |
+----------------+--------------------+--------------------+----------------+----------------+----------------+


Time Step 37, time = 0.037, dt = 0.001
 * Nonlinear |R| = [32m9.214036e-03[39m (Before preset BCs, predictors, correctors, and constraints)
 0 Nonlinear |R| = [32m9.214036e-03[39m
      0 Linear |R| = [32m9.214036e-03[39m
      1 Linear |R| = [32m2.812757e-03[39m
      2 Linear |R| = [32m2.508843e-03[39m
      3 Linear |R| = [32m5.050816e-05[39m
      4 Linear |R| = [32m1.358407e-05[39m
      5 Linear |R| = [32m1.089528e-05[39m
      6 Linear |R| = [32m1.448058e-06[39m
      7 Linear |R| = [32m8.057139e-07[39m
      8 Linear |R| = [32m1.271617e-07[39m
      9 Linear |R| = [32m9.798933e-08[39m
     10 Linear |R| = [32m1.286531e-08[39m
     11 Linear |R| = [32m3.031452e-09[39m
     12 Linear |R| = [32m3.104413e-10[39m
     13 Linear |R| = [32m2.323341e-10[39m
     14 Linear |R| = [32m7.025105e-11[39m
     15 Linear |R| = [32m3.149194e-12[39m
 1 Nonlinear |R| = [32m2.211850e-06[39m
      0 Linear |R| = [32m2.211850e-06[39m
      1 Linear |R| = [32m3.548201e-07[39m
      2 Linear |R| = [32m1.669209e-08[39m
      3 Linear |R| = [32m6.815757e-09[39m
      4 Linear |R| = [32m2.034103e-09[39m
      5 Linear |R| = [32m1.931112e-09[39m
      6 Linear |R| = [32m6.041978e-10[39m
      7 Linear |R| = [32m1.742792e-10[39m
      8 Linear |R| = [32m1.967022e-11[39m
      9 Linear |R| = [32m1.859739e-11[39m
     10 Linear |R| = [32m4.887753e-12[39m
     11 Linear |R| = [32m9.553957e-13[39m
     12 Linear |R| = [32m8.916082e-14[39m
     13 Linear |R| = [33m8.517307e-14[39m
     14 Linear |R| = [32m1.354413e-14[39m
     15 Linear |R| = [32m1.047915e-15[39m
 2 Nonlinear |R| = [32m6.655202e-12[39m
[32m Solve Converged![39m

Outlier Variable Residual Norms:
  uy: [33m5.670433e-12[39m

Postprocessor Values:
+----------------+----------------+----------------+----------------+----------------+----------------+----------------+
| time           | J_max          | J_min          | Jbar_max       | Jbar_min       | center_pressure| edge_ux        |
+----------------+----------------+----------------+----------------+----------------+----------------+----------------+
:                :                :                :                :                :                :                :
|   2.300000e-02 |   9.769435e-01 |   9.726742e-01 |   9.875432e-01 |   9.869707e-01 |   1.221031e-01 |   1.533820e-02 |
|   2.400000e-02 |   9.767308e-01 |   9.726038e-01 |   9.875132e-01 |   9.869575e-01 |   1.179572e-01 |   1.516868e-02 |
|   2.500000e-02 |   9.765253e-01 |   9.725358e-01 |   9.874842e-01 |   9.869449e-01 |   1.139450e-01 |   1.500498e-02 |
|   2.600000e-02 |   9.763266e-01 |   9.724702e-01 |   9.874561e-01 |   9.869328e-01 |   1.100637e-01 |   1.484688e-02 |
|   2.700000e-02 |   9.761347e-01 |   9.724068e-01 |   9.874291e-01 |   9.869211e-01 |   1.063099e-01 |   1.469421e-02 |
|   2.800000e-02 |   9.759494e-01 |   9.723456e-01 |   9.874029e-01 |   9.869099e-01 |   1.026802e-01 |   1.454676e-02 |
|   2.900000e-02 |   9.757703e-01 |   9.722865e-01 |   9.873777e-01 |   9.868991e-01 |   9.917110e-02 |   1.440435e-02 |
|   3.000000e-02 |   9.755973e-01 |   9.722294e-01 |   9.873533e-01 |   9.868887e-01 |   9.577908e-02 |   1.426682e-02 |
|   3.100000e-02 |   9.754303e-01 |   9.721742e-01 |   9.873297e-01 |   9.868787e-01 |   9.250058e-02 |   1.413399e-02 |
|   3.200000e-02 |   9.752689e-01 |   9.721210e-01 |   9.873070e-01 |   9.868691e-01 |   8.933210e-02 |   1.400571e-02 |
|   3.300000e-02 |   9.751131e-01 |   9.720695e-01 |   9.872850e-01 |   9.868598e-01 |   8.627017e-02 |   1.388183e-02 |
|   3.400000e-02 |   9.749626e-01 |   9.720198e-01 |   9.872638e-01 |   9.868509e-01 |   8.331142e-02 |   1.376219e-02 |
|   3.500000e-02 |   9.748173e-01 |   9.719719e-01 |   9.872433e-01 |   9.868423e-01 |   8.045253e-02 |   1.364665e-02 |
|   3.600000e-02 |   9.746770e-01 |   9.719255e-01 |   9.872235e-01 |   9.868340e-01 |   7.769028e-02 |   1.353507e-02 |
|   3.700000e-02 |   9.745415e-01 |   9.718808e-01 |   9.872044e-01 |   9.868261e-01 |   7.502152e-02 |   1.342732e-02 |
+----------------+----------------+----------------+----------------+----------------+----------------+----------------+
+----------------+----------------+----------------+------------------+----------------+----------------+
| time           | mass           | mass_reaction  | outflow_gradient | platen_max     | platen_min     |
+----------------+----------------+----------------+------------------+----------------+----------------+
:                :                :                :                  :                :                :
|   2.300000e-02 |   1.547563e-01 |  -1.160738e-01 |     1.140715e-01 |  -6.417234e-03 |  -6.417234e-03 |
|   2.400000e-02 |   1.546443e-01 |  -1.120474e-01 |     1.101203e-01 |  -6.432839e-03 |  -6.432839e-03 |
|   2.500000e-02 |   1.545361e-01 |  -1.081696e-01 |     1.063140e-01 |  -6.447908e-03 |  -6.447908e-03 |
|   2.600000e-02 |   1.544317e-01 |  -1.044319e-01 |     1.026446e-01 |  -6.462461e-03 |  -6.462461e-03 |
|   2.700000e-02 |   1.543309e-01 |  -1.008273e-01 |     9.910543e-02 |  -6.476517e-03 |  -6.476517e-03 |
|   2.800000e-02 |   1.542335e-01 |  -9.734972e-02 |     9.569046e-02 |  -6.490092e-03 |  -6.490092e-03 |
|   2.900000e-02 |   1.541395e-01 |  -9.399357e-02 |     9.239441e-02 |  -6.503202e-03 |  -6.503202e-03 |
|   3.000000e-02 |   1.540488e-01 |  -9.075391e-02 |     8.921248e-02 |  -6.515864e-03 |  -6.515864e-03 |
|   3.100000e-02 |   1.539611e-01 |  -8.762620e-02 |     8.614026e-02 |  -6.528094e-03 |  -6.528094e-03 |
|   3.200000e-02 |   1.538765e-01 |  -8.460622e-02 |     8.317366e-02 |  -6.539904e-03 |  -6.539904e-03 |
|   3.300000e-02 |   1.537948e-01 |  -8.169003e-02 |     8.030882e-02 |  -6.551311e-03 |  -6.551311e-03 |
|   3.400000e-02 |   1.537160e-01 |  -7.887391e-02 |     7.754214e-02 |  -6.562327e-03 |  -6.562327e-03 |
|   3.500000e-02 |   1.536398e-01 |  -7.615433e-02 |     7.487016e-02 |  -6.572966e-03 |  -6.572966e-03 |
|   3.600000e-02 |   1.535663e-01 |  -7.352792e-02 |     7.228959e-02 |  -6.583240e-03 |  -6.583240e-03 |
|   3.700000e-02 |   1.534953e-01 |  -7.099148e-02 |     6.979731e-02 |  -6.593162e-03 |  -6.593162e-03 |
+----------------+----------------+----------------+------------------+----------------+----------------+
+----------------+--------------------+--------------------+----------------+----------------+----------------+
| time           | solid_fraction_max | solid_fraction_min | stability_max  | stability_min  | top_reaction   |
+----------------+--------------------+--------------------+----------------+----------------+----------------+
:                :                    :                    :                :                :                :
|   2.300000e-02 |       6.091067e-01 |       6.061584e-01 |   2.807015e+01 |   2.800160e+01 |  -1.400000e+00 |
|   2.400000e-02 |       6.091319e-01 |       6.062823e-01 |   2.806777e+01 |   2.800154e+01 |  -1.400000e+00 |
|   2.500000e-02 |       6.091563e-01 |       6.064021e-01 |   2.806546e+01 |   2.800149e+01 |  -1.400000e+00 |
|   2.600000e-02 |       6.091799e-01 |       6.065180e-01 |   2.806323e+01 |   2.800144e+01 |  -1.400000e+00 |
|   2.700000e-02 |       6.092026e-01 |       6.066301e-01 |   2.806108e+01 |   2.800139e+01 |  -1.400000e+00 |
|   2.800000e-02 |       6.092246e-01 |       6.067384e-01 |   2.805899e+01 |   2.800134e+01 |  -1.400000e+00 |
|   2.900000e-02 |       6.092459e-01 |       6.068431e-01 |   2.805697e+01 |   2.800130e+01 |  -1.400000e+00 |
|   3.000000e-02 |       6.092664e-01 |       6.069443e-01 |   2.805502e+01 |   2.800125e+01 |  -1.400000e+00 |
|   3.100000e-02 |       6.092862e-01 |       6.070421e-01 |   2.805314e+01 |   2.800121e+01 |  -1.400000e+00 |
|   3.200000e-02 |       6.093053e-01 |       6.071366e-01 |   2.805132e+01 |   2.800117e+01 |  -1.400000e+00 |
|   3.300000e-02 |       6.093238e-01 |       6.072280e-01 |   2.804956e+01 |   2.800113e+01 |  -1.400000e+00 |
|   3.400000e-02 |       6.093416e-01 |       6.073162e-01 |   2.804786e+01 |   2.800109e+01 |  -1.400000e+00 |
|   3.500000e-02 |       6.093588e-01 |       6.074014e-01 |   2.804622e+01 |   2.800105e+01 |  -1.400000e+00 |
|   3.600000e-02 |       6.093755e-01 |       6.074838e-01 |   2.804463e+01 |   2.800101e+01 |  -1.400000e+00 |
|   3.700000e-02 |       6.093916e-01 |       6.075633e-01 |   2.804310e+01 |   2.800098e+01 |  -1.400000e+00 |
+----------------+--------------------+--------------------+----------------+----------------+----------------+


Time Step 38, time = 0.038, dt = 0.001
 * Nonlinear |R| = [32m8.896009e-03[39m (Before preset BCs, predictors, correctors, and constraints)
 0 Nonlinear |R| = [32m8.896009e-03[39m
      0 Linear |R| = [32m8.896009e-03[39m
      1 Linear |R| = [32m2.716470e-03[39m
      2 Linear |R| = [32m2.423110e-03[39m
      3 Linear |R| = [32m4.877413e-05[39m
      4 Linear |R| = [32m1.311537e-05[39m
      5 Linear |R| = [32m1.036836e-05[39m
      6 Linear |R| = [32m1.398497e-06[39m
      7 Linear |R| = [32m7.780700e-07[39m
      8 Linear |R| = [32m1.229193e-07[39m
      9 Linear |R| = [32m1.076268e-07[39m
     10 Linear |R| = [32m1.242160e-08[39m
     11 Linear |R| = [32m2.926438e-09[39m
     12 Linear |R| = [32m2.831756e-10[39m
     13 Linear |R| = [32m2.243256e-10[39m
     14 Linear |R| = [32m6.781799e-11[39m
     15 Linear |R| = [32m3.035484e-12[39m
 1 Nonlinear |R| = [32m2.061621e-06[39m
      0 Linear |R| = [32m2.061621e-06[39m
      1 Linear |R| = [32m3.321455e-07[39m
      2 Linear |R| = [32m1.364352e-08[39m
      3 Linear |R| = [32m6.368295e-09[39m
      4 Linear |R| = [32m1.909912e-09[39m
      5 Linear |R| = [33m1.861938e-09[39m
      6 Linear |R| = [32m5.691817e-10[39m
      7 Linear |R| = [32m1.633454e-10[39m
      8 Linear |R| = [32m1.951607e-11[39m
      9 Linear |R| = [33m1.890039e-11[39m
     10 Linear |R| = [32m4.759447e-12[39m
     11 Linear |R| = [32m9.576456e-13[39m
     12 Linear |R| = [32m1.077579e-13[39m
     13 Linear |R| = [32m7.961077e-14[39m
     14 Linear |R| = [32m1.296608e-14[39m
     15 Linear |R| = [32m1.036623e-15[39m
 2 Nonlinear |R| = [32m7.432613e-12[39m
[32m Solve Converged![39m

Outlier Variable Residual Norms:
  uy: [33m6.487411e-12[39m

Postprocessor Values:
+----------------+----------------+----------------+----------------+----------------+----------------+----------------+
| time           | J_max          | J_min          | Jbar_max       | Jbar_min       | center_pressure| edge_ux        |
+----------------+----------------+----------------+----------------+----------------+----------------+----------------+
:                :                :                :                :                :                :                :
|   2.400000e-02 |   9.767308e-01 |   9.726038e-01 |   9.875132e-01 |   9.869575e-01 |   1.179572e-01 |   1.516868e-02 |
|   2.500000e-02 |   9.765253e-01 |   9.725358e-01 |   9.874842e-01 |   9.869449e-01 |   1.139450e-01 |   1.500498e-02 |
|   2.600000e-02 |   9.763266e-01 |   9.724702e-01 |   9.874561e-01 |   9.869328e-01 |   1.100637e-01 |   1.484688e-02 |
|   2.700000e-02 |   9.761347e-01 |   9.724068e-01 |   9.874291e-01 |   9.869211e-01 |   1.063099e-01 |   1.469421e-02 |
|   2.800000e-02 |   9.759494e-01 |   9.723456e-01 |   9.874029e-01 |   9.869099e-01 |   1.026802e-01 |   1.454676e-02 |
|   2.900000e-02 |   9.757703e-01 |   9.722865e-01 |   9.873777e-01 |   9.868991e-01 |   9.917110e-02 |   1.440435e-02 |
|   3.000000e-02 |   9.755973e-01 |   9.722294e-01 |   9.873533e-01 |   9.868887e-01 |   9.577908e-02 |   1.426682e-02 |
|   3.100000e-02 |   9.754303e-01 |   9.721742e-01 |   9.873297e-01 |   9.868787e-01 |   9.250058e-02 |   1.413399e-02 |
|   3.200000e-02 |   9.752689e-01 |   9.721210e-01 |   9.873070e-01 |   9.868691e-01 |   8.933210e-02 |   1.400571e-02 |
|   3.300000e-02 |   9.751131e-01 |   9.720695e-01 |   9.872850e-01 |   9.868598e-01 |   8.627017e-02 |   1.388183e-02 |
|   3.400000e-02 |   9.749626e-01 |   9.720198e-01 |   9.872638e-01 |   9.868509e-01 |   8.331142e-02 |   1.376219e-02 |
|   3.500000e-02 |   9.748173e-01 |   9.719719e-01 |   9.872433e-01 |   9.868423e-01 |   8.045253e-02 |   1.364665e-02 |
|   3.600000e-02 |   9.746770e-01 |   9.719255e-01 |   9.872235e-01 |   9.868340e-01 |   7.769028e-02 |   1.353507e-02 |
|   3.700000e-02 |   9.745415e-01 |   9.718808e-01 |   9.872044e-01 |   9.868261e-01 |   7.502152e-02 |   1.342732e-02 |
|   3.800000e-02 |   9.744107e-01 |   9.718376e-01 |   9.871859e-01 |   9.868184e-01 |   7.244320e-02 |   1.332326e-02 |
+----------------+----------------+----------------+----------------+----------------+----------------+----------------+
+----------------+----------------+----------------+------------------+----------------+----------------+
| time           | mass           | mass_reaction  | outflow_gradient | platen_max     | platen_min     |
+----------------+----------------+----------------+------------------+----------------+----------------+
:                :                :                :                  :                :                :
|   2.400000e-02 |   1.546443e-01 |  -1.120474e-01 |     1.101203e-01 |  -6.432839e-03 |  -6.432839e-03 |
|   2.500000e-02 |   1.545361e-01 |  -1.081696e-01 |     1.063140e-01 |  -6.447908e-03 |  -6.447908e-03 |
|   2.600000e-02 |   1.544317e-01 |  -1.044319e-01 |     1.026446e-01 |  -6.462461e-03 |  -6.462461e-03 |
|   2.700000e-02 |   1.543309e-01 |  -1.008273e-01 |     9.910543e-02 |  -6.476517e-03 |  -6.476517e-03 |
|   2.800000e-02 |   1.542335e-01 |  -9.734972e-02 |     9.569046e-02 |  -6.490092e-03 |  -6.490092e-03 |
|   2.900000e-02 |   1.541395e-01 |  -9.399357e-02 |     9.239441e-02 |  -6.503202e-03 |  -6.503202e-03 |
|   3.000000e-02 |   1.540488e-01 |  -9.075391e-02 |     8.921248e-02 |  -6.515864e-03 |  -6.515864e-03 |
|   3.100000e-02 |   1.539611e-01 |  -8.762620e-02 |     8.614026e-02 |  -6.528094e-03 |  -6.528094e-03 |
|   3.200000e-02 |   1.538765e-01 |  -8.460622e-02 |     8.317366e-02 |  -6.539904e-03 |  -6.539904e-03 |
|   3.300000e-02 |   1.537948e-01 |  -8.169003e-02 |     8.030882e-02 |  -6.551311e-03 |  -6.551311e-03 |
|   3.400000e-02 |   1.537160e-01 |  -7.887391e-02 |     7.754214e-02 |  -6.562327e-03 |  -6.562327e-03 |
|   3.500000e-02 |   1.536398e-01 |  -7.615433e-02 |     7.487016e-02 |  -6.572966e-03 |  -6.572966e-03 |
|   3.600000e-02 |   1.535663e-01 |  -7.352792e-02 |     7.228959e-02 |  -6.583240e-03 |  -6.583240e-03 |
|   3.700000e-02 |   1.534953e-01 |  -7.099148e-02 |     6.979731e-02 |  -6.593162e-03 |  -6.593162e-03 |
|   3.800000e-02 |   1.534268e-01 |  -6.854191e-02 |     6.739028e-02 |  -6.602744e-03 |  -6.602744e-03 |
+----------------+----------------+----------------+------------------+----------------+----------------+
+----------------+--------------------+--------------------+----------------+----------------+----------------+
| time           | solid_fraction_max | solid_fraction_min | stability_max  | stability_min  | top_reaction   |
+----------------+--------------------+--------------------+----------------+----------------+----------------+
:                :                    :                    :                :                :                :
|   2.400000e-02 |       6.091319e-01 |       6.062823e-01 |   2.806777e+01 |   2.800154e+01 |  -1.400000e+00 |
|   2.500000e-02 |       6.091563e-01 |       6.064021e-01 |   2.806546e+01 |   2.800149e+01 |  -1.400000e+00 |
|   2.600000e-02 |       6.091799e-01 |       6.065180e-01 |   2.806323e+01 |   2.800144e+01 |  -1.400000e+00 |
|   2.700000e-02 |       6.092026e-01 |       6.066301e-01 |   2.806108e+01 |   2.800139e+01 |  -1.400000e+00 |
|   2.800000e-02 |       6.092246e-01 |       6.067384e-01 |   2.805899e+01 |   2.800134e+01 |  -1.400000e+00 |
|   2.900000e-02 |       6.092459e-01 |       6.068431e-01 |   2.805697e+01 |   2.800130e+01 |  -1.400000e+00 |
|   3.000000e-02 |       6.092664e-01 |       6.069443e-01 |   2.805502e+01 |   2.800125e+01 |  -1.400000e+00 |
|   3.100000e-02 |       6.092862e-01 |       6.070421e-01 |   2.805314e+01 |   2.800121e+01 |  -1.400000e+00 |
|   3.200000e-02 |       6.093053e-01 |       6.071366e-01 |   2.805132e+01 |   2.800117e+01 |  -1.400000e+00 |
|   3.300000e-02 |       6.093238e-01 |       6.072280e-01 |   2.804956e+01 |   2.800113e+01 |  -1.400000e+00 |
|   3.400000e-02 |       6.093416e-01 |       6.073162e-01 |   2.804786e+01 |   2.800109e+01 |  -1.400000e+00 |
|   3.500000e-02 |       6.093588e-01 |       6.074014e-01 |   2.804622e+01 |   2.800105e+01 |  -1.400000e+00 |
|   3.600000e-02 |       6.093755e-01 |       6.074838e-01 |   2.804463e+01 |   2.800101e+01 |  -1.400000e+00 |
|   3.700000e-02 |       6.093916e-01 |       6.075633e-01 |   2.804310e+01 |   2.800098e+01 |  -1.400000e+00 |
|   3.800000e-02 |       6.094071e-01 |       6.076402e-01 |   2.804161e+01 |   2.800095e+01 |  -1.400000e+00 |
+----------------+--------------------+--------------------+----------------+----------------+----------------+


Time Step 39, time = 0.039, dt = 0.001
 * Nonlinear |R| = [32m8.588870e-03[39m (Before preset BCs, predictors, correctors, and constraints)
 0 Nonlinear |R| = [32m8.588870e-03[39m
      0 Linear |R| = [32m8.588870e-03[39m
      1 Linear |R| = [32m2.623419e-03[39m
      2 Linear |R| = [32m2.340240e-03[39m
      3 Linear |R| = [32m4.709937e-05[39m
      4 Linear |R| = [32m1.266889e-05[39m
      5 Linear |R| = [32m1.015154e-05[39m
      6 Linear |R| = [32m1.350597e-06[39m
      7 Linear |R| = [32m7.513556e-07[39m
      8 Linear |R| = [32m1.186598e-07[39m
      9 Linear |R| = [32m1.019965e-07[39m
     10 Linear |R| = [32m1.199321e-08[39m
     11 Linear |R| = [32m2.825109e-09[39m
     12 Linear |R| = [32m2.598945e-10[39m
     13 Linear |R| = [32m2.165739e-10[39m
     14 Linear |R| = [32m6.546889e-11[39m
     15 Linear |R| = [32m2.932067e-12[39m
 1 Nonlinear |R| = [32m1.921378e-06[39m
      0 Linear |R| = [32m1.921378e-06[39m
      1 Linear |R| = [32m3.072403e-07[39m
      2 Linear |R| = [32m1.039628e-08[39m
      3 Linear |R| = [32m5.900283e-09[39m
      4 Linear |R| = [32m1.769488e-09[39m
      5 Linear |R| = [33m1.688321e-09[39m
      6 Linear |R| = [32m5.307394e-10[39m
      7 Linear |R| = [32m1.516695e-10[39m
      8 Linear |R| = [32m1.787360e-11[39m
      9 Linear |R| = [33m1.761989e-11[39m
     10 Linear |R| = [32m4.387515e-12[39m
     11 Linear |R| = [32m8.578344e-13[39m
     12 Linear |R| = [32m8.060998e-14[39m
     13 Linear |R| = [32m7.335910e-14[39m
     14 Linear |R| = [32m1.188246e-14[39m
     15 Linear |R| = [32m8.971910e-16[39m
 2 Nonlinear |R| = [32m5.767277e-12[39m
[32m Solve Converged![39m

Outlier Variable Residual Norms:
  uy: [33m4.914128e-12[39m

Postprocessor Values:
+----------------+----------------+----------------+----------------+----------------+----------------+----------------+
| time           | J_max          | J_min          | Jbar_max       | Jbar_min       | center_pressure| edge_ux        |
+----------------+----------------+----------------+----------------+----------------+----------------+----------------+
:                :                :                :                :                :                :                :
|   2.500000e-02 |   9.765253e-01 |   9.725358e-01 |   9.874842e-01 |   9.869449e-01 |   1.139450e-01 |   1.500498e-02 |
|   2.600000e-02 |   9.763266e-01 |   9.724702e-01 |   9.874561e-01 |   9.869328e-01 |   1.100637e-01 |   1.484688e-02 |
|   2.700000e-02 |   9.761347e-01 |   9.724068e-01 |   9.874291e-01 |   9.869211e-01 |   1.063099e-01 |   1.469421e-02 |
|   2.800000e-02 |   9.759494e-01 |   9.723456e-01 |   9.874029e-01 |   9.869099e-01 |   1.026802e-01 |   1.454676e-02 |
|   2.900000e-02 |   9.757703e-01 |   9.722865e-01 |   9.873777e-01 |   9.868991e-01 |   9.917110e-02 |   1.440435e-02 |
|   3.000000e-02 |   9.755973e-01 |   9.722294e-01 |   9.873533e-01 |   9.868887e-01 |   9.577908e-02 |   1.426682e-02 |
|   3.100000e-02 |   9.754303e-01 |   9.721742e-01 |   9.873297e-01 |   9.868787e-01 |   9.250058e-02 |   1.413399e-02 |
|   3.200000e-02 |   9.752689e-01 |   9.721210e-01 |   9.873070e-01 |   9.868691e-01 |   8.933210e-02 |   1.400571e-02 |
|   3.300000e-02 |   9.751131e-01 |   9.720695e-01 |   9.872850e-01 |   9.868598e-01 |   8.627017e-02 |   1.388183e-02 |
|   3.400000e-02 |   9.749626e-01 |   9.720198e-01 |   9.872638e-01 |   9.868509e-01 |   8.331142e-02 |   1.376219e-02 |
|   3.500000e-02 |   9.748173e-01 |   9.719719e-01 |   9.872433e-01 |   9.868423e-01 |   8.045253e-02 |   1.364665e-02 |
|   3.600000e-02 |   9.746770e-01 |   9.719255e-01 |   9.872235e-01 |   9.868340e-01 |   7.769028e-02 |   1.353507e-02 |
|   3.700000e-02 |   9.745415e-01 |   9.718808e-01 |   9.872044e-01 |   9.868261e-01 |   7.502152e-02 |   1.342732e-02 |
|   3.800000e-02 |   9.744107e-01 |   9.718376e-01 |   9.871859e-01 |   9.868184e-01 |   7.244320e-02 |   1.332326e-02 |
|   3.900000e-02 |   9.742843e-01 |   9.717958e-01 |   9.871681e-01 |   9.868110e-01 |   6.995235e-02 |   1.322278e-02 |
+----------------+----------------+----------------+----------------+----------------+----------------+----------------+
+----------------+----------------+----------------+------------------+----------------+----------------+
| time           | mass           | mass_reaction  | outflow_gradient | platen_max     | platen_min     |
+----------------+----------------+----------------+------------------+----------------+----------------+
:                :                :                :                  :                :                :
|   2.500000e-02 |   1.545361e-01 |  -1.081696e-01 |     1.063140e-01 |  -6.447908e-03 |  -6.447908e-03 |
|   2.600000e-02 |   1.544317e-01 |  -1.044319e-01 |     1.026446e-01 |  -6.462461e-03 |  -6.462461e-03 |
|   2.700000e-02 |   1.543309e-01 |  -1.008273e-01 |     9.910543e-02 |  -6.476517e-03 |  -6.476517e-03 |
|   2.800000e-02 |   1.542335e-01 |  -9.734972e-02 |     9.569046e-02 |  -6.490092e-03 |  -6.490092e-03 |
|   2.900000e-02 |   1.541395e-01 |  -9.399357e-02 |     9.239441e-02 |  -6.503202e-03 |  -6.503202e-03 |
|   3.000000e-02 |   1.540488e-01 |  -9.075391e-02 |     8.921248e-02 |  -6.515864e-03 |  -6.515864e-03 |
|   3.100000e-02 |   1.539611e-01 |  -8.762620e-02 |     8.614026e-02 |  -6.528094e-03 |  -6.528094e-03 |
|   3.200000e-02 |   1.538765e-01 |  -8.460622e-02 |     8.317366e-02 |  -6.539904e-03 |  -6.539904e-03 |
|   3.300000e-02 |   1.537948e-01 |  -8.169003e-02 |     8.030882e-02 |  -6.551311e-03 |  -6.551311e-03 |
|   3.400000e-02 |   1.537160e-01 |  -7.887391e-02 |     7.754214e-02 |  -6.562327e-03 |  -6.562327e-03 |
|   3.500000e-02 |   1.536398e-01 |  -7.615433e-02 |     7.487016e-02 |  -6.572966e-03 |  -6.572966e-03 |
|   3.600000e-02 |   1.535663e-01 |  -7.352792e-02 |     7.228959e-02 |  -6.583240e-03 |  -6.583240e-03 |
|   3.700000e-02 |   1.534953e-01 |  -7.099148e-02 |     6.979731e-02 |  -6.593162e-03 |  -6.593162e-03 |
|   3.800000e-02 |   1.534268e-01 |  -6.854191e-02 |     6.739028e-02 |  -6.602744e-03 |  -6.602744e-03 |
|   3.900000e-02 |   1.533606e-01 |  -6.617624e-02 |     6.506560e-02 |  -6.611997e-03 |  -6.611997e-03 |
+----------------+----------------+----------------+------------------+----------------+----------------+
+----------------+--------------------+--------------------+----------------+----------------+----------------+
| time           | solid_fraction_max | solid_fraction_min | stability_max  | stability_min  | top_reaction   |
+----------------+--------------------+--------------------+----------------+----------------+----------------+
:                :                    :                    :                :                :                :
|   2.500000e-02 |       6.091563e-01 |       6.064021e-01 |   2.806546e+01 |   2.800149e+01 |  -1.400000e+00 |
|   2.600000e-02 |       6.091799e-01 |       6.065180e-01 |   2.806323e+01 |   2.800144e+01 |  -1.400000e+00 |
|   2.700000e-02 |       6.092026e-01 |       6.066301e-01 |   2.806108e+01 |   2.800139e+01 |  -1.400000e+00 |
|   2.800000e-02 |       6.092246e-01 |       6.067384e-01 |   2.805899e+01 |   2.800134e+01 |  -1.400000e+00 |
|   2.900000e-02 |       6.092459e-01 |       6.068431e-01 |   2.805697e+01 |   2.800130e+01 |  -1.400000e+00 |
|   3.000000e-02 |       6.092664e-01 |       6.069443e-01 |   2.805502e+01 |   2.800125e+01 |  -1.400000e+00 |
|   3.100000e-02 |       6.092862e-01 |       6.070421e-01 |   2.805314e+01 |   2.800121e+01 |  -1.400000e+00 |
|   3.200000e-02 |       6.093053e-01 |       6.071366e-01 |   2.805132e+01 |   2.800117e+01 |  -1.400000e+00 |
|   3.300000e-02 |       6.093238e-01 |       6.072280e-01 |   2.804956e+01 |   2.800113e+01 |  -1.400000e+00 |
|   3.400000e-02 |       6.093416e-01 |       6.073162e-01 |   2.804786e+01 |   2.800109e+01 |  -1.400000e+00 |
|   3.500000e-02 |       6.093588e-01 |       6.074014e-01 |   2.804622e+01 |   2.800105e+01 |  -1.400000e+00 |
|   3.600000e-02 |       6.093755e-01 |       6.074838e-01 |   2.804463e+01 |   2.800101e+01 |  -1.400000e+00 |
|   3.700000e-02 |       6.093916e-01 |       6.075633e-01 |   2.804310e+01 |   2.800098e+01 |  -1.400000e+00 |
|   3.800000e-02 |       6.094071e-01 |       6.076402e-01 |   2.804161e+01 |   2.800095e+01 |  -1.400000e+00 |
|   3.900000e-02 |       6.094221e-01 |       6.077144e-01 |   2.804018e+01 |   2.800091e+01 |  -1.400000e+00 |
+----------------+--------------------+--------------------+----------------+----------------+----------------+


Time Step 40, time = 0.04, dt = 0.001
 * Nonlinear |R| = [32m8.292253e-03[39m (Before preset BCs, predictors, correctors, and constraints)
 0 Nonlinear |R| = [32m8.292253e-03[39m
      0 Linear |R| = [32m8.292253e-03[39m
      1 Linear |R| = [32m2.533513e-03[39m
      2 Linear |R| = [32m2.260166e-03[39m
      3 Linear |R| = [32m4.548104e-05[39m
      4 Linear |R| = [32m1.223762e-05[39m
      5 Linear |R| = [32m1.007489e-05[39m
      6 Linear |R| = [32m1.304298e-06[39m
      7 Linear |R| = [32m7.255458e-07[39m
      8 Linear |R| = [32m1.146594e-07[39m
      9 Linear |R| = [32m1.035672e-07[39m
     10 Linear |R| = [32m1.157935e-08[39m
     11 Linear |R| = [32m2.727255e-09[39m
     12 Linear |R| = [32m2.503495e-10[39m
     13 Linear |R| = [32m2.091054e-10[39m
     14 Linear |R| = [32m6.320227e-11[39m
     15 Linear |R| = [32m2.830751e-12[39m
 1 Nonlinear |R| = [32m1.793021e-06[39m
      0 Linear |R| = [32m1.793021e-06[39m
      1 Linear |R| = [32m2.858337e-07[39m
      2 Linear |R| = [32m8.146588e-09[39m
      3 Linear |R| = [32m5.516185e-09[39m
      4 Linear |R| = [32m1.665490e-09[39m
      5 Linear |R| = [33m1.586146e-09[39m
      6 Linear |R| = [32m5.032943e-10[39m
      7 Linear |R| = [32m1.437797e-10[39m
      8 Linear |R| = [32m1.693056e-11[39m
      9 Linear |R| = [33m1.645935e-11[39m
     10 Linear |R| = [32m4.169726e-12[39m
     11 Linear |R| = [32m8.188148e-13[39m
     12 Linear |R| = [32m7.838188e-14[39m
     13 Linear |R| = [32m7.421096e-14[39m
     14 Linear |R| = [32m1.068875e-14[39m
     15 Linear |R| = [32m8.521946e-16[39m
 2 Nonlinear |R| = [32m5.349904e-12[39m
[32m Solve Converged![39m

Outlier Variable Residual Norms:
  uy: [33m4.435693e-12[39m

Postprocessor Values:
+----------------+----------------+----------------+----------------+----------------+----------------+----------------+
| time           | J_max          | J_min          | Jbar_max       | Jbar_min       | center_pressure| edge_ux        |
+----------------+----------------+----------------+----------------+----------------+----------------+----------------+
:                :                :                :                :                :                :                :
|   2.600000e-02 |   9.763266e-01 |   9.724702e-01 |   9.874561e-01 |   9.869328e-01 |   1.100637e-01 |   1.484688e-02 |
|   2.700000e-02 |   9.761347e-01 |   9.724068e-01 |   9.874291e-01 |   9.869211e-01 |   1.063099e-01 |   1.469421e-02 |
|   2.800000e-02 |   9.759494e-01 |   9.723456e-01 |   9.874029e-01 |   9.869099e-01 |   1.026802e-01 |   1.454676e-02 |
|   2.900000e-02 |   9.757703e-01 |   9.722865e-01 |   9.873777e-01 |   9.868991e-01 |   9.917110e-02 |   1.440435e-02 |
|   3.000000e-02 |   9.755973e-01 |   9.722294e-01 |   9.873533e-01 |   9.868887e-01 |   9.577908e-02 |   1.426682e-02 |
|   3.100000e-02 |   9.754303e-01 |   9.721742e-01 |   9.873297e-01 |   9.868787e-01 |   9.250058e-02 |   1.413399e-02 |
|   3.200000e-02 |   9.752689e-01 |   9.721210e-01 |   9.873070e-01 |   9.868691e-01 |   8.933210e-02 |   1.400571e-02 |
|   3.300000e-02 |   9.751131e-01 |   9.720695e-01 |   9.872850e-01 |   9.868598e-01 |   8.627017e-02 |   1.388183e-02 |
|   3.400000e-02 |   9.749626e-01 |   9.720198e-01 |   9.872638e-01 |   9.868509e-01 |   8.331142e-02 |   1.376219e-02 |
|   3.500000e-02 |   9.748173e-01 |   9.719719e-01 |   9.872433e-01 |   9.868423e-01 |   8.045253e-02 |   1.364665e-02 |
|   3.600000e-02 |   9.746770e-01 |   9.719255e-01 |   9.872235e-01 |   9.868340e-01 |   7.769028e-02 |   1.353507e-02 |
|   3.700000e-02 |   9.745415e-01 |   9.718808e-01 |   9.872044e-01 |   9.868261e-01 |   7.502152e-02 |   1.342732e-02 |
|   3.800000e-02 |   9.744107e-01 |   9.718376e-01 |   9.871859e-01 |   9.868184e-01 |   7.244320e-02 |   1.332326e-02 |
|   3.900000e-02 |   9.742843e-01 |   9.717958e-01 |   9.871681e-01 |   9.868110e-01 |   6.995235e-02 |   1.322278e-02 |
|   4.000000e-02 |   9.741623e-01 |   9.717555e-01 |   9.871509e-01 |   9.868038e-01 |   6.754609e-02 |   1.312575e-02 |
+----------------+----------------+----------------+----------------+----------------+----------------+----------------+
+----------------+----------------+----------------+------------------+----------------+----------------+
| time           | mass           | mass_reaction  | outflow_gradient | platen_max     | platen_min     |
+----------------+----------------+----------------+------------------+----------------+----------------+
:                :                :                :                  :                :                :
|   2.600000e-02 |   1.544317e-01 |  -1.044319e-01 |     1.026446e-01 |  -6.462461e-03 |  -6.462461e-03 |
|   2.700000e-02 |   1.543309e-01 |  -1.008273e-01 |     9.910543e-02 |  -6.476517e-03 |  -6.476517e-03 |
|   2.800000e-02 |   1.542335e-01 |  -9.734972e-02 |     9.569046e-02 |  -6.490092e-03 |  -6.490092e-03 |
|   2.900000e-02 |   1.541395e-01 |  -9.399357e-02 |     9.239441e-02 |  -6.503202e-03 |  -6.503202e-03 |
|   3.000000e-02 |   1.540488e-01 |  -9.075391e-02 |     8.921248e-02 |  -6.515864e-03 |  -6.515864e-03 |
|   3.100000e-02 |   1.539611e-01 |  -8.762620e-02 |     8.614026e-02 |  -6.528094e-03 |  -6.528094e-03 |
|   3.200000e-02 |   1.538765e-01 |  -8.460622e-02 |     8.317366e-02 |  -6.539904e-03 |  -6.539904e-03 |
|   3.300000e-02 |   1.537948e-01 |  -8.169003e-02 |     8.030882e-02 |  -6.551311e-03 |  -6.551311e-03 |
|   3.400000e-02 |   1.537160e-01 |  -7.887391e-02 |     7.754214e-02 |  -6.562327e-03 |  -6.562327e-03 |
|   3.500000e-02 |   1.536398e-01 |  -7.615433e-02 |     7.487016e-02 |  -6.572966e-03 |  -6.572966e-03 |
|   3.600000e-02 |   1.535663e-01 |  -7.352792e-02 |     7.228959e-02 |  -6.583240e-03 |  -6.583240e-03 |
|   3.700000e-02 |   1.534953e-01 |  -7.099148e-02 |     6.979731e-02 |  -6.593162e-03 |  -6.593162e-03 |
|   3.800000e-02 |   1.534268e-01 |  -6.854191e-02 |     6.739028e-02 |  -6.602744e-03 |  -6.602744e-03 |
|   3.900000e-02 |   1.533606e-01 |  -6.617624e-02 |     6.506560e-02 |  -6.611997e-03 |  -6.611997e-03 |
|   4.000000e-02 |   1.532967e-01 |  -6.389163e-02 |     6.282048e-02 |  -6.620932e-03 |  -6.620932e-03 |
+----------------+----------------+----------------+------------------+----------------+----------------+
+----------------+--------------------+--------------------+----------------+----------------+----------------+
| time           | solid_fraction_max | solid_fraction_min | stability_max  | stability_min  | top_reaction   |
+----------------+--------------------+--------------------+----------------+----------------+----------------+
:                :                    :                    :                :                :                :
|   2.600000e-02 |       6.091799e-01 |       6.065180e-01 |   2.806323e+01 |   2.800144e+01 |  -1.400000e+00 |
|   2.700000e-02 |       6.092026e-01 |       6.066301e-01 |   2.806108e+01 |   2.800139e+01 |  -1.400000e+00 |
|   2.800000e-02 |       6.092246e-01 |       6.067384e-01 |   2.805899e+01 |   2.800134e+01 |  -1.400000e+00 |
|   2.900000e-02 |       6.092459e-01 |       6.068431e-01 |   2.805697e+01 |   2.800130e+01 |  -1.400000e+00 |
|   3.000000e-02 |       6.092664e-01 |       6.069443e-01 |   2.805502e+01 |   2.800125e+01 |  -1.400000e+00 |
|   3.100000e-02 |       6.092862e-01 |       6.070421e-01 |   2.805314e+01 |   2.800121e+01 |  -1.400000e+00 |
|   3.200000e-02 |       6.093053e-01 |       6.071366e-01 |   2.805132e+01 |   2.800117e+01 |  -1.400000e+00 |
|   3.300000e-02 |       6.093238e-01 |       6.072280e-01 |   2.804956e+01 |   2.800113e+01 |  -1.400000e+00 |
|   3.400000e-02 |       6.093416e-01 |       6.073162e-01 |   2.804786e+01 |   2.800109e+01 |  -1.400000e+00 |
|   3.500000e-02 |       6.093588e-01 |       6.074014e-01 |   2.804622e+01 |   2.800105e+01 |  -1.400000e+00 |
|   3.600000e-02 |       6.093755e-01 |       6.074838e-01 |   2.804463e+01 |   2.800101e+01 |  -1.400000e+00 |
|   3.700000e-02 |       6.093916e-01 |       6.075633e-01 |   2.804310e+01 |   2.800098e+01 |  -1.400000e+00 |
|   3.800000e-02 |       6.094071e-01 |       6.076402e-01 |   2.804161e+01 |   2.800095e+01 |  -1.400000e+00 |
|   3.900000e-02 |       6.094221e-01 |       6.077144e-01 |   2.804018e+01 |   2.800091e+01 |  -1.400000e+00 |
|   4.000000e-02 |       6.094366e-01 |       6.077861e-01 |   2.803880e+01 |   2.800088e+01 |  -1.400000e+00 |
+----------------+--------------------+--------------------+----------------+----------------+----------------+


Time Step 41, time = 0.041, dt = 0.001
 * Nonlinear |R| = [32m8.005802e-03[39m (Before preset BCs, predictors, correctors, and constraints)
 0 Nonlinear |R| = [32m8.005802e-03[39m
      0 Linear |R| = [32m8.005802e-03[39m
      1 Linear |R| = [32m2.446646e-03[39m
      2 Linear |R| = [32m2.182792e-03[39m
      3 Linear |R| = [32m4.391781e-05[39m
      4 Linear |R| = [32m1.181259e-05[39m
      5 Linear |R| = [32m9.448962e-06[39m
      6 Linear |R| = [32m1.259578e-06[39m
      7 Linear |R| = [32m7.006129e-07[39m
      8 Linear |R| = [32m1.113591e-07[39m
      9 Linear |R| = [33m1.094411e-07[39m
     10 Linear |R| = [32m1.117977e-08[39m
     11 Linear |R| = [32m2.632756e-09[39m
     12 Linear |R| = [32m3.833719e-10[39m
     13 Linear |R| = [32m2.019740e-10[39m
     14 Linear |R| = [32m6.101346e-11[39m
     15 Linear |R| = [32m2.742373e-12[39m
 1 Nonlinear |R| = [32m1.672175e-06[39m
      0 Linear |R| = [32m1.672175e-06[39m
      1 Linear |R| = [32m2.676021e-07[39m
      2 Linear |R| = [32m8.323915e-09[39m
      3 Linear |R| = [32m5.105107e-09[39m
      4 Linear |R| = [32m1.534395e-09[39m
      5 Linear |R| = [33m1.471994e-09[39m
      6 Linear |R| = [32m4.595821e-10[39m
      7 Linear |R| = [32m1.308141e-10[39m
      8 Linear |R| = [32m1.537936e-11[39m
      9 Linear |R| = [33m1.521717e-11[39m
     10 Linear |R| = [32m3.793499e-12[39m
     11 Linear |R| = [32m7.440036e-13[39m
     12 Linear |R| = [32m7.429155e-14[39m
     13 Linear |R| = [32m6.520997e-14[39m
     14 Linear |R| = [32m1.019303e-14[39m
     15 Linear |R| = [32m7.870156e-16[39m
 2 Nonlinear |R| = [32m5.364319e-12[39m
[32m Solve Converged![39m

Outlier Variable Residual Norms:
  uy: [33m4.508705e-12[39m

Postprocessor Values:
+----------------+----------------+----------------+----------------+----------------+----------------+----------------+
| time           | J_max          | J_min          | Jbar_max       | Jbar_min       | center_pressure| edge_ux        |
+----------------+----------------+----------------+----------------+----------------+----------------+----------------+
:                :                :                :                :                :                :                :
|   2.700000e-02 |   9.761347e-01 |   9.724068e-01 |   9.874291e-01 |   9.869211e-01 |   1.063099e-01 |   1.469421e-02 |
|   2.800000e-02 |   9.759494e-01 |   9.723456e-01 |   9.874029e-01 |   9.869099e-01 |   1.026802e-01 |   1.454676e-02 |
|   2.900000e-02 |   9.757703e-01 |   9.722865e-01 |   9.873777e-01 |   9.868991e-01 |   9.917110e-02 |   1.440435e-02 |
|   3.000000e-02 |   9.755973e-01 |   9.722294e-01 |   9.873533e-01 |   9.868887e-01 |   9.577908e-02 |   1.426682e-02 |
|   3.100000e-02 |   9.754303e-01 |   9.721742e-01 |   9.873297e-01 |   9.868787e-01 |   9.250058e-02 |   1.413399e-02 |
|   3.200000e-02 |   9.752689e-01 |   9.721210e-01 |   9.873070e-01 |   9.868691e-01 |   8.933210e-02 |   1.400571e-02 |
|   3.300000e-02 |   9.751131e-01 |   9.720695e-01 |   9.872850e-01 |   9.868598e-01 |   8.627017e-02 |   1.388183e-02 |
|   3.400000e-02 |   9.749626e-01 |   9.720198e-01 |   9.872638e-01 |   9.868509e-01 |   8.331142e-02 |   1.376219e-02 |
|   3.500000e-02 |   9.748173e-01 |   9.719719e-01 |   9.872433e-01 |   9.868423e-01 |   8.045253e-02 |   1.364665e-02 |
|   3.600000e-02 |   9.746770e-01 |   9.719255e-01 |   9.872235e-01 |   9.868340e-01 |   7.769028e-02 |   1.353507e-02 |
|   3.700000e-02 |   9.745415e-01 |   9.718808e-01 |   9.872044e-01 |   9.868261e-01 |   7.502152e-02 |   1.342732e-02 |
|   3.800000e-02 |   9.744107e-01 |   9.718376e-01 |   9.871859e-01 |   9.868184e-01 |   7.244320e-02 |   1.332326e-02 |
|   3.900000e-02 |   9.742843e-01 |   9.717958e-01 |   9.871681e-01 |   9.868110e-01 |   6.995235e-02 |   1.322278e-02 |
|   4.000000e-02 |   9.741623e-01 |   9.717555e-01 |   9.871509e-01 |   9.868038e-01 |   6.754609e-02 |   1.312575e-02 |
|   4.100000e-02 |   9.740445e-01 |   9.717166e-01 |   9.871343e-01 |   9.867970e-01 |   6.522163e-02 |   1.303205e-02 |
+----------------+----------------+----------------+----------------+----------------+----------------+----------------+
+----------------+----------------+----------------+------------------+----------------+----------------+
| time           | mass           | mass_reaction  | outflow_gradient | platen_max     | platen_min     |
+----------------+----------------+----------------+------------------+----------------+----------------+
:                :                :                :                  :                :                :
|   2.700000e-02 |   1.543309e-01 |  -1.008273e-01 |     9.910543e-02 |  -6.476517e-03 |  -6.476517e-03 |
|   2.800000e-02 |   1.542335e-01 |  -9.734972e-02 |     9.569046e-02 |  -6.490092e-03 |  -6.490092e-03 |
|   2.900000e-02 |   1.541395e-01 |  -9.399357e-02 |     9.239441e-02 |  -6.503202e-03 |  -6.503202e-03 |
|   3.000000e-02 |   1.540488e-01 |  -9.075391e-02 |     8.921248e-02 |  -6.515864e-03 |  -6.515864e-03 |
|   3.100000e-02 |   1.539611e-01 |  -8.762620e-02 |     8.614026e-02 |  -6.528094e-03 |  -6.528094e-03 |
|   3.200000e-02 |   1.538765e-01 |  -8.460622e-02 |     8.317366e-02 |  -6.539904e-03 |  -6.539904e-03 |
|   3.300000e-02 |   1.537948e-01 |  -8.169003e-02 |     8.030882e-02 |  -6.551311e-03 |  -6.551311e-03 |
|   3.400000e-02 |   1.537160e-01 |  -7.887391e-02 |     7.754214e-02 |  -6.562327e-03 |  -6.562327e-03 |
|   3.500000e-02 |   1.536398e-01 |  -7.615433e-02 |     7.487016e-02 |  -6.572966e-03 |  -6.572966e-03 |
|   3.600000e-02 |   1.535663e-01 |  -7.352792e-02 |     7.228959e-02 |  -6.583240e-03 |  -6.583240e-03 |
|   3.700000e-02 |   1.534953e-01 |  -7.099148e-02 |     6.979731e-02 |  -6.593162e-03 |  -6.593162e-03 |
|   3.800000e-02 |   1.534268e-01 |  -6.854191e-02 |     6.739028e-02 |  -6.602744e-03 |  -6.602744e-03 |
|   3.900000e-02 |   1.533606e-01 |  -6.617624e-02 |     6.506560e-02 |  -6.611997e-03 |  -6.611997e-03 |
|   4.000000e-02 |   1.532967e-01 |  -6.389163e-02 |     6.282048e-02 |  -6.620932e-03 |  -6.620932e-03 |
|   4.100000e-02 |   1.532350e-01 |  -6.168530e-02 |     6.065221e-02 |  -6.629560e-03 |  -6.629560e-03 |
+----------------+----------------+----------------+------------------+----------------+----------------+
+----------------+--------------------+--------------------+----------------+----------------+----------------+
| time           | solid_fraction_max | solid_fraction_min | stability_max  | stability_min  | top_reaction   |
+----------------+--------------------+--------------------+----------------+----------------+----------------+
:                :                    :                    :                :                :                :
|   2.700000e-02 |       6.092026e-01 |       6.066301e-01 |   2.806108e+01 |   2.800139e+01 |  -1.400000e+00 |
|   2.800000e-02 |       6.092246e-01 |       6.067384e-01 |   2.805899e+01 |   2.800134e+01 |  -1.400000e+00 |
|   2.900000e-02 |       6.092459e-01 |       6.068431e-01 |   2.805697e+01 |   2.800130e+01 |  -1.400000e+00 |
|   3.000000e-02 |       6.092664e-01 |       6.069443e-01 |   2.805502e+01 |   2.800125e+01 |  -1.400000e+00 |
|   3.100000e-02 |       6.092862e-01 |       6.070421e-01 |   2.805314e+01 |   2.800121e+01 |  -1.400000e+00 |
|   3.200000e-02 |       6.093053e-01 |       6.071366e-01 |   2.805132e+01 |   2.800117e+01 |  -1.400000e+00 |
|   3.300000e-02 |       6.093238e-01 |       6.072280e-01 |   2.804956e+01 |   2.800113e+01 |  -1.400000e+00 |
|   3.400000e-02 |       6.093416e-01 |       6.073162e-01 |   2.804786e+01 |   2.800109e+01 |  -1.400000e+00 |
|   3.500000e-02 |       6.093588e-01 |       6.074014e-01 |   2.804622e+01 |   2.800105e+01 |  -1.400000e+00 |
|   3.600000e-02 |       6.093755e-01 |       6.074838e-01 |   2.804463e+01 |   2.800101e+01 |  -1.400000e+00 |
|   3.700000e-02 |       6.093916e-01 |       6.075633e-01 |   2.804310e+01 |   2.800098e+01 |  -1.400000e+00 |
|   3.800000e-02 |       6.094071e-01 |       6.076402e-01 |   2.804161e+01 |   2.800095e+01 |  -1.400000e+00 |
|   3.900000e-02 |       6.094221e-01 |       6.077144e-01 |   2.804018e+01 |   2.800091e+01 |  -1.400000e+00 |
|   4.000000e-02 |       6.094366e-01 |       6.077861e-01 |   2.803880e+01 |   2.800088e+01 |  -1.400000e+00 |
|   4.100000e-02 |       6.094506e-01 |       6.078554e-01 |   2.803747e+01 |   2.800085e+01 |  -1.400000e+00 |
+----------------+--------------------+--------------------+----------------+----------------+----------------+


Time Step 42, time = 0.042, dt = 0.001
 * Nonlinear |R| = [32m7.729173e-03[39m (Before preset BCs, predictors, correctors, and constraints)
 0 Nonlinear |R| = [32m7.729173e-03[39m
      0 Linear |R| = [32m7.729173e-03[39m
      1 Linear |R| = [32m2.362732e-03[39m
      2 Linear |R| = [32m2.108055e-03[39m
      3 Linear |R| = [32m4.240679e-05[39m
      4 Linear |R| = [32m1.140545e-05[39m
      5 Linear |R| = [32m9.262178e-06[39m
      6 Linear |R| = [32m1.216348e-06[39m
      7 Linear |R| = [32m6.765196e-07[39m
      8 Linear |R| = [32m1.078873e-07[39m
      9 Linear |R| = [33m1.071430e-07[39m
     10 Linear |R| = [32m1.079376e-08[39m
     11 Linear |R| = [32m2.541535e-09[39m
     12 Linear |R| = [32m2.837245e-10[39m
     13 Linear |R| = [32m1.949904e-10[39m
     14 Linear |R| = [32m5.889978e-11[39m
     15 Linear |R| = [32m2.637528e-12[39m
 1 Nonlinear |R| = [32m1.561924e-06[39m
      0 Linear |R| = [32m1.561924e-06[39m
      1 Linear |R| = [32m2.547180e-07[39m
      2 Linear |R| = [32m2.612491e-08[39m
      3 Linear |R| = [32m4.872589e-09[39m
      4 Linear |R| = [32m1.451573e-09[39m
      5 Linear |R| = [32m1.371643e-09[39m
      6 Linear |R| = [32m4.329135e-10[39m
      7 Linear |R| = [32m1.246304e-10[39m
      8 Linear |R| = [32m1.437571e-11[39m
      9 Linear |R| = [32m1.278880e-11[39m
     10 Linear |R| = [32m3.633327e-12[39m
     11 Linear |R| = [32m7.071980e-13[39m
     12 Linear |R| = [32m6.363343e-14[39m
     13 Linear |R| = [33m6.073218e-14[39m
     14 Linear |R| = [32m8.391299e-15[39m
     15 Linear |R| = [32m7.691701e-16[39m
 2 Nonlinear |R| = [32m4.365058e-12[39m
[32m Solve Converged![39m

Outlier Variable Residual Norms:
  uy: [33m3.737397e-12[39m

Postprocessor Values:
+----------------+----------------+----------------+----------------+----------------+----------------+----------------+
| time           | J_max          | J_min          | Jbar_max       | Jbar_min       | center_pressure| edge_ux        |
+----------------+----------------+----------------+----------------+----------------+----------------+----------------+
:                :                :                :                :                :                :                :
|   2.800000e-02 |   9.759494e-01 |   9.723456e-01 |   9.874029e-01 |   9.869099e-01 |   1.026802e-01 |   1.454676e-02 |
|   2.900000e-02 |   9.757703e-01 |   9.722865e-01 |   9.873777e-01 |   9.868991e-01 |   9.917110e-02 |   1.440435e-02 |
|   3.000000e-02 |   9.755973e-01 |   9.722294e-01 |   9.873533e-01 |   9.868887e-01 |   9.577908e-02 |   1.426682e-02 |
|   3.100000e-02 |   9.754303e-01 |   9.721742e-01 |   9.873297e-01 |   9.868787e-01 |   9.250058e-02 |   1.413399e-02 |
|   3.200000e-02 |   9.752689e-01 |   9.721210e-01 |   9.873070e-01 |   9.868691e-01 |   8.933210e-02 |   1.400571e-02 |
|   3.300000e-02 |   9.751131e-01 |   9.720695e-01 |   9.872850e-01 |   9.868598e-01 |   8.627017e-02 |   1.388183e-02 |
|   3.400000e-02 |   9.749626e-01 |   9.720198e-01 |   9.872638e-01 |   9.868509e-01 |   8.331142e-02 |   1.376219e-02 |
|   3.500000e-02 |   9.748173e-01 |   9.719719e-01 |   9.872433e-01 |   9.868423e-01 |   8.045253e-02 |   1.364665e-02 |
|   3.600000e-02 |   9.746770e-01 |   9.719255e-01 |   9.872235e-01 |   9.868340e-01 |   7.769028e-02 |   1.353507e-02 |
|   3.700000e-02 |   9.745415e-01 |   9.718808e-01 |   9.872044e-01 |   9.868261e-01 |   7.502152e-02 |   1.342732e-02 |
|   3.800000e-02 |   9.744107e-01 |   9.718376e-01 |   9.871859e-01 |   9.868184e-01 |   7.244320e-02 |   1.332326e-02 |
|   3.900000e-02 |   9.742843e-01 |   9.717958e-01 |   9.871681e-01 |   9.868110e-01 |   6.995235e-02 |   1.322278e-02 |
|   4.000000e-02 |   9.741623e-01 |   9.717555e-01 |   9.871509e-01 |   9.868038e-01 |   6.754609e-02 |   1.312575e-02 |
|   4.100000e-02 |   9.740445e-01 |   9.717166e-01 |   9.871343e-01 |   9.867970e-01 |   6.522163e-02 |   1.303205e-02 |
|   4.200000e-02 |   9.739308e-01 |   9.716790e-01 |   9.871182e-01 |   9.867903e-01 |   6.297625e-02 |   1.294158e-02 |
+----------------+----------------+----------------+----------------+----------------+----------------+----------------+
+----------------+----------------+----------------+------------------+----------------+----------------+
| time           | mass           | mass_reaction  | outflow_gradient | platen_max     | platen_min     |
+----------------+----------------+----------------+------------------+----------------+----------------+
:                :                :                :                  :                :                :
|   2.800000e-02 |   1.542335e-01 |  -9.734972e-02 |     9.569046e-02 |  -6.490092e-03 |  -6.490092e-03 |
|   2.900000e-02 |   1.541395e-01 |  -9.399357e-02 |     9.239441e-02 |  -6.503202e-03 |  -6.503202e-03 |
|   3.000000e-02 |   1.540488e-01 |  -9.075391e-02 |     8.921248e-02 |  -6.515864e-03 |  -6.515864e-03 |
|   3.100000e-02 |   1.539611e-01 |  -8.762620e-02 |     8.614026e-02 |  -6.528094e-03 |  -6.528094e-03 |
|   3.200000e-02 |   1.538765e-01 |  -8.460622e-02 |     8.317366e-02 |  -6.539904e-03 |  -6.539904e-03 |
|   3.300000e-02 |   1.537948e-01 |  -8.169003e-02 |     8.030882e-02 |  -6.551311e-03 |  -6.551311e-03 |
|   3.400000e-02 |   1.537160e-01 |  -7.887391e-02 |     7.754214e-02 |  -6.562327e-03 |  -6.562327e-03 |
|   3.500000e-02 |   1.536398e-01 |  -7.615433e-02 |     7.487016e-02 |  -6.572966e-03 |  -6.572966e-03 |
|   3.600000e-02 |   1.535663e-01 |  -7.352792e-02 |     7.228959e-02 |  -6.583240e-03 |  -6.583240e-03 |
|   3.700000e-02 |   1.534953e-01 |  -7.099148e-02 |     6.979731e-02 |  -6.593162e-03 |  -6.593162e-03 |
|   3.800000e-02 |   1.534268e-01 |  -6.854191e-02 |     6.739028e-02 |  -6.602744e-03 |  -6.602744e-03 |
|   3.900000e-02 |   1.533606e-01 |  -6.617624e-02 |     6.506560e-02 |  -6.611997e-03 |  -6.611997e-03 |
|   4.000000e-02 |   1.532967e-01 |  -6.389163e-02 |     6.282048e-02 |  -6.620932e-03 |  -6.620932e-03 |
|   4.100000e-02 |   1.532350e-01 |  -6.168530e-02 |     6.065221e-02 |  -6.629560e-03 |  -6.629560e-03 |
|   4.200000e-02 |   1.531754e-01 |  -5.955461e-02 |     5.855821e-02 |  -6.637892e-03 |  -6.637892e-03 |
+----------------+----------------+----------------+------------------+----------------+----------------+
+----------------+--------------------+--------------------+----------------+----------------+----------------+
| time           | solid_fraction_max | solid_fraction_min | stability_max  | stability_min  | top_reaction   |
+----------------+--------------------+--------------------+----------------+----------------+----------------+
:                :                    :                    :                :                :                :
|   2.800000e-02 |       6.092246e-01 |       6.067384e-01 |   2.805899e+01 |   2.800134e+01 |  -1.400000e+00 |
|   2.900000e-02 |       6.092459e-01 |       6.068431e-01 |   2.805697e+01 |   2.800130e+01 |  -1.400000e+00 |
|   3.000000e-02 |       6.092664e-01 |       6.069443e-01 |   2.805502e+01 |   2.800125e+01 |  -1.400000e+00 |
|   3.100000e-02 |       6.092862e-01 |       6.070421e-01 |   2.805314e+01 |   2.800121e+01 |  -1.400000e+00 |
|   3.200000e-02 |       6.093053e-01 |       6.071366e-01 |   2.805132e+01 |   2.800117e+01 |  -1.400000e+00 |
|   3.300000e-02 |       6.093238e-01 |       6.072280e-01 |   2.804956e+01 |   2.800113e+01 |  -1.400000e+00 |
|   3.400000e-02 |       6.093416e-01 |       6.073162e-01 |   2.804786e+01 |   2.800109e+01 |  -1.400000e+00 |
|   3.500000e-02 |       6.093588e-01 |       6.074014e-01 |   2.804622e+01 |   2.800105e+01 |  -1.400000e+00 |
|   3.600000e-02 |       6.093755e-01 |       6.074838e-01 |   2.804463e+01 |   2.800101e+01 |  -1.400000e+00 |
|   3.700000e-02 |       6.093916e-01 |       6.075633e-01 |   2.804310e+01 |   2.800098e+01 |  -1.400000e+00 |
|   3.800000e-02 |       6.094071e-01 |       6.076402e-01 |   2.804161e+01 |   2.800095e+01 |  -1.400000e+00 |
|   3.900000e-02 |       6.094221e-01 |       6.077144e-01 |   2.804018e+01 |   2.800091e+01 |  -1.400000e+00 |
|   4.000000e-02 |       6.094366e-01 |       6.077861e-01 |   2.803880e+01 |   2.800088e+01 |  -1.400000e+00 |
|   4.100000e-02 |       6.094506e-01 |       6.078554e-01 |   2.803747e+01 |   2.800085e+01 |  -1.400000e+00 |
|   4.200000e-02 |       6.094641e-01 |       6.079223e-01 |   2.803618e+01 |   2.800082e+01 |  -1.400000e+00 |
+----------------+--------------------+--------------------+----------------+----------------+----------------+


Time Step 43, time = 0.043, dt = 0.001
 * Nonlinear |R| = [32m7.462036e-03[39m (Before preset BCs, predictors, correctors, and constraints)
 0 Nonlinear |R| = [32m7.462036e-03[39m
      0 Linear |R| = [32m7.462036e-03[39m
      1 Linear |R| = [32m2.281627e-03[39m
      2 Linear |R| = [32m2.035787e-03[39m
      3 Linear |R| = [32m4.094840e-05[39m
      4 Linear |R| = [32m1.101486e-05[39m
      5 Linear |R| = [32m8.930033e-06[39m
      6 Linear |R| = [32m1.174586e-06[39m
      7 Linear |R| = [32m6.532465e-07[39m
      8 Linear |R| = [32m1.033360e-07[39m
      9 Linear |R| = [32m9.681429e-08[39m
     10 Linear |R| = [32m1.042110e-08[39m
     11 Linear |R| = [32m2.453425e-09[39m
     12 Linear |R| = [32m2.368386e-10[39m
     13 Linear |R| = [32m1.882376e-10[39m
     14 Linear |R| = [32m5.685590e-11[39m
     15 Linear |R| = [32m2.547077e-12[39m
 1 Nonlinear |R| = [32m1.457437e-06[39m
      0 Linear |R| = [32m1.457437e-06[39m
      1 Linear |R| = [32m2.345025e-07[39m
      2 Linear |R| = [32m1.414895e-08[39m
      3 Linear |R| = [32m4.490514e-09[39m
      4 Linear |R| = [32m1.341503e-09[39m
      5 Linear |R| = [33m1.287598e-09[39m
      6 Linear |R| = [32m4.020847e-10[39m
      7 Linear |R| = [32m1.147223e-10[39m
      8 Linear |R| = [32m1.382253e-11[39m
      9 Linear |R| = [33m1.380981e-11[39m
     10 Linear |R| = [32m3.259907e-12[39m
     11 Linear |R| = [32m6.556669e-13[39m
     12 Linear |R| = [32m7.295069e-14[39m
     13 Linear |R| = [32m5.342252e-14[39m
     14 Linear |R| = [32m9.692107e-15[39m
     15 Linear |R| = [32m6.881003e-16[39m
 2 Nonlinear |R| = [32m5.260213e-12[39m
[32m Solve Converged![39m

Outlier Variable Residual Norms:
  uy: [33m4.557328e-12[39m

Postprocessor Values:
+----------------+----------------+----------------+----------------+----------------+----------------+----------------+
| time           | J_max          | J_min          | Jbar_max       | Jbar_min       | center_pressure| edge_ux        |
+----------------+----------------+----------------+----------------+----------------+----------------+----------------+
:                :                :                :                :                :                :                :
|   2.900000e-02 |   9.757703e-01 |   9.722865e-01 |   9.873777e-01 |   9.868991e-01 |   9.917110e-02 |   1.440435e-02 |
|   3.000000e-02 |   9.755973e-01 |   9.722294e-01 |   9.873533e-01 |   9.868887e-01 |   9.577908e-02 |   1.426682e-02 |
|   3.100000e-02 |   9.754303e-01 |   9.721742e-01 |   9.873297e-01 |   9.868787e-01 |   9.250058e-02 |   1.413399e-02 |
|   3.200000e-02 |   9.752689e-01 |   9.721210e-01 |   9.873070e-01 |   9.868691e-01 |   8.933210e-02 |   1.400571e-02 |
|   3.300000e-02 |   9.751131e-01 |   9.720695e-01 |   9.872850e-01 |   9.868598e-01 |   8.627017e-02 |   1.388183e-02 |
|   3.400000e-02 |   9.749626e-01 |   9.720198e-01 |   9.872638e-01 |   9.868509e-01 |   8.331142e-02 |   1.376219e-02 |
|   3.500000e-02 |   9.748173e-01 |   9.719719e-01 |   9.872433e-01 |   9.868423e-01 |   8.045253e-02 |   1.364665e-02 |
|   3.600000e-02 |   9.746770e-01 |   9.719255e-01 |   9.872235e-01 |   9.868340e-01 |   7.769028e-02 |   1.353507e-02 |
|   3.700000e-02 |   9.745415e-01 |   9.718808e-01 |   9.872044e-01 |   9.868261e-01 |   7.502152e-02 |   1.342732e-02 |
|   3.800000e-02 |   9.744107e-01 |   9.718376e-01 |   9.871859e-01 |   9.868184e-01 |   7.244320e-02 |   1.332326e-02 |
|   3.900000e-02 |   9.742843e-01 |   9.717958e-01 |   9.871681e-01 |   9.868110e-01 |   6.995235e-02 |   1.322278e-02 |
|   4.000000e-02 |   9.741623e-01 |   9.717555e-01 |   9.871509e-01 |   9.868038e-01 |   6.754609e-02 |   1.312575e-02 |
|   4.100000e-02 |   9.740445e-01 |   9.717166e-01 |   9.871343e-01 |   9.867970e-01 |   6.522163e-02 |   1.303205e-02 |
|   4.200000e-02 |   9.739308e-01 |   9.716790e-01 |   9.871182e-01 |   9.867903e-01 |   6.297625e-02 |   1.294158e-02 |
|   4.300000e-02 |   9.738210e-01 |   9.716428e-01 |   9.871027e-01 |   9.867839e-01 |   6.080733e-02 |   1.285421e-02 |
+----------------+----------------+----------------+----------------+----------------+----------------+----------------+
+----------------+----------------+----------------+------------------+----------------+----------------+
| time           | mass           | mass_reaction  | outflow_gradient | platen_max     | platen_min     |
+----------------+----------------+----------------+------------------+----------------+----------------+
:                :                :                :                  :                :                :
|   2.900000e-02 |   1.541395e-01 |  -9.399357e-02 |     9.239441e-02 |  -6.503202e-03 |  -6.503202e-03 |
|   3.000000e-02 |   1.540488e-01 |  -9.075391e-02 |     8.921248e-02 |  -6.515864e-03 |  -6.515864e-03 |
|   3.100000e-02 |   1.539611e-01 |  -8.762620e-02 |     8.614026e-02 |  -6.528094e-03 |  -6.528094e-03 |
|   3.200000e-02 |   1.538765e-01 |  -8.460622e-02 |     8.317366e-02 |  -6.539904e-03 |  -6.539904e-03 |
|   3.300000e-02 |   1.537948e-01 |  -8.169003e-02 |     8.030882e-02 |  -6.551311e-03 |  -6.551311e-03 |
|   3.400000e-02 |   1.537160e-01 |  -7.887391e-02 |     7.754214e-02 |  -6.562327e-03 |  -6.562327e-03 |
|   3.500000e-02 |   1.536398e-01 |  -7.615433e-02 |     7.487016e-02 |  -6.572966e-03 |  -6.572966e-03 |
|   3.600000e-02 |   1.535663e-01 |  -7.352792e-02 |     7.228959e-02 |  -6.583240e-03 |  -6.583240e-03 |
|   3.700000e-02 |   1.534953e-01 |  -7.099148e-02 |     6.979731e-02 |  -6.593162e-03 |  -6.593162e-03 |
|   3.800000e-02 |   1.534268e-01 |  -6.854191e-02 |     6.739028e-02 |  -6.602744e-03 |  -6.602744e-03 |
|   3.900000e-02 |   1.533606e-01 |  -6.617624e-02 |     6.506560e-02 |  -6.611997e-03 |  -6.611997e-03 |
|   4.000000e-02 |   1.532967e-01 |  -6.389163e-02 |     6.282048e-02 |  -6.620932e-03 |  -6.620932e-03 |
|   4.100000e-02 |   1.532350e-01 |  -6.168530e-02 |     6.065221e-02 |  -6.629560e-03 |  -6.629560e-03 |
|   4.200000e-02 |   1.531754e-01 |  -5.955461e-02 |     5.855821e-02 |  -6.637892e-03 |  -6.637892e-03 |
|   4.300000e-02 |   1.531179e-01 |  -5.749700e-02 |     5.653595e-02 |  -6.645938e-03 |  -6.645938e-03 |
+----------------+----------------+----------------+------------------+----------------+----------------+
+----------------+--------------------+--------------------+----------------+----------------+----------------+
| time           | solid_fraction_max | solid_fraction_min | stability_max  | stability_min  | top_reaction   |
+----------------+--------------------+--------------------+----------------+----------------+----------------+
:                :                    :                    :                :                :                :
|   2.900000e-02 |       6.092459e-01 |       6.068431e-01 |   2.805697e+01 |   2.800130e+01 |  -1.400000e+00 |
|   3.000000e-02 |       6.092664e-01 |       6.069443e-01 |   2.805502e+01 |   2.800125e+01 |  -1.400000e+00 |
|   3.100000e-02 |       6.092862e-01 |       6.070421e-01 |   2.805314e+01 |   2.800121e+01 |  -1.400000e+00 |
|   3.200000e-02 |       6.093053e-01 |       6.071366e-01 |   2.805132e+01 |   2.800117e+01 |  -1.400000e+00 |
|   3.300000e-02 |       6.093238e-01 |       6.072280e-01 |   2.804956e+01 |   2.800113e+01 |  -1.400000e+00 |
|   3.400000e-02 |       6.093416e-01 |       6.073162e-01 |   2.804786e+01 |   2.800109e+01 |  -1.400000e+00 |
|   3.500000e-02 |       6.093588e-01 |       6.074014e-01 |   2.804622e+01 |   2.800105e+01 |  -1.400000e+00 |
|   3.600000e-02 |       6.093755e-01 |       6.074838e-01 |   2.804463e+01 |   2.800101e+01 |  -1.400000e+00 |
|   3.700000e-02 |       6.093916e-01 |       6.075633e-01 |   2.804310e+01 |   2.800098e+01 |  -1.400000e+00 |
|   3.800000e-02 |       6.094071e-01 |       6.076402e-01 |   2.804161e+01 |   2.800095e+01 |  -1.400000e+00 |
|   3.900000e-02 |       6.094221e-01 |       6.077144e-01 |   2.804018e+01 |   2.800091e+01 |  -1.400000e+00 |
|   4.000000e-02 |       6.094366e-01 |       6.077861e-01 |   2.803880e+01 |   2.800088e+01 |  -1.400000e+00 |
|   4.100000e-02 |       6.094506e-01 |       6.078554e-01 |   2.803747e+01 |   2.800085e+01 |  -1.400000e+00 |
|   4.200000e-02 |       6.094641e-01 |       6.079223e-01 |   2.803618e+01 |   2.800082e+01 |  -1.400000e+00 |
|   4.300000e-02 |       6.094771e-01 |       6.079869e-01 |   2.803493e+01 |   2.800079e+01 |  -1.400000e+00 |
+----------------+--------------------+--------------------+----------------+----------------+----------------+


Time Step 44, time = 0.044, dt = 0.001
 * Nonlinear |R| = [32m7.204067e-03[39m (Before preset BCs, predictors, correctors, and constraints)
 0 Nonlinear |R| = [32m7.204067e-03[39m
      0 Linear |R| = [32m7.204067e-03[39m
      1 Linear |R| = [32m2.203278e-03[39m
      2 Linear |R| = [32m1.965976e-03[39m
      3 Linear |R| = [32m3.953927e-05[39m
      4 Linear |R| = [32m1.063999e-05[39m
      5 Linear |R| = [32m8.878565e-06[39m
      6 Linear |R| = [32m1.134237e-06[39m
      7 Linear |R| = [32m6.307648e-07[39m
      8 Linear |R| = [32m9.950015e-08[39m
      9 Linear |R| = [32m8.010829e-08[39m
     10 Linear |R| = [32m1.006108e-08[39m
     11 Linear |R| = [32m2.368401e-09[39m
     12 Linear |R| = [32m2.108493e-10[39m
     13 Linear |R| = [32m1.817109e-10[39m
     14 Linear |R| = [32m5.488753e-11[39m
     15 Linear |R| = [32m2.456970e-12[39m
 1 Nonlinear |R| = [32m1.357833e-06[39m
      0 Linear |R| = [32m1.357833e-06[39m
      1 Linear |R| = [32m2.173039e-07[39m
      2 Linear |R| = [32m1.289882e-08[39m
      3 Linear |R| = [32m4.144333e-09[39m
      4 Linear |R| = [32m1.238776e-09[39m
      5 Linear |R| = [33m1.193791e-09[39m
      6 Linear |R| = [32m3.692554e-10[39m
      7 Linear |R| = [32m1.063024e-10[39m
      8 Linear |R| = [32m1.243911e-11[39m
      9 Linear |R| = [33m1.243410e-11[39m
     10 Linear |R| = [32m3.066645e-12[39m
     11 Linear |R| = [32m5.969420e-13[39m
     12 Linear |R| = [32m7.219366e-14[39m
     13 Linear |R| = [32m4.960887e-14[39m
     14 Linear |R| = [32m7.308804e-15[39m
     15 Linear |R| = [32m6.550567e-16[39m
 2 Nonlinear |R| = [32m4.307270e-12[39m
[32m Solve Converged![39m

Postprocessor Values:
+----------------+----------------+----------------+----------------+----------------+----------------+----------------+
| time           | J_max          | J_min          | Jbar_max       | Jbar_min       | center_pressure| edge_ux        |
+----------------+----------------+----------------+----------------+----------------+----------------+----------------+
:                :                :                :                :                :                :                :
|   3.000000e-02 |   9.755973e-01 |   9.722294e-01 |   9.873533e-01 |   9.868887e-01 |   9.577908e-02 |   1.426682e-02 |
|   3.100000e-02 |   9.754303e-01 |   9.721742e-01 |   9.873297e-01 |   9.868787e-01 |   9.250058e-02 |   1.413399e-02 |
|   3.200000e-02 |   9.752689e-01 |   9.721210e-01 |   9.873070e-01 |   9.868691e-01 |   8.933210e-02 |   1.400571e-02 |
|   3.300000e-02 |   9.751131e-01 |   9.720695e-01 |   9.872850e-01 |   9.868598e-01 |   8.627017e-02 |   1.388183e-02 |
|   3.400000e-02 |   9.749626e-01 |   9.720198e-01 |   9.872638e-01 |   9.868509e-01 |   8.331142e-02 |   1.376219e-02 |
|   3.500000e-02 |   9.748173e-01 |   9.719719e-01 |   9.872433e-01 |   9.868423e-01 |   8.045253e-02 |   1.364665e-02 |
|   3.600000e-02 |   9.746770e-01 |   9.719255e-01 |   9.872235e-01 |   9.868340e-01 |   7.769028e-02 |   1.353507e-02 |
|   3.700000e-02 |   9.745415e-01 |   9.718808e-01 |   9.872044e-01 |   9.868261e-01 |   7.502152e-02 |   1.342732e-02 |
|   3.800000e-02 |   9.744107e-01 |   9.718376e-01 |   9.871859e-01 |   9.868184e-01 |   7.244320e-02 |   1.332326e-02 |
|   3.900000e-02 |   9.742843e-01 |   9.717958e-01 |   9.871681e-01 |   9.868110e-01 |   6.995235e-02 |   1.322278e-02 |
|   4.000000e-02 |   9.741623e-01 |   9.717555e-01 |   9.871509e-01 |   9.868038e-01 |   6.754609e-02 |   1.312575e-02 |
|   4.100000e-02 |   9.740445e-01 |   9.717166e-01 |   9.871343e-01 |   9.867970e-01 |   6.522163e-02 |   1.303205e-02 |
|   4.200000e-02 |   9.739308e-01 |   9.716790e-01 |   9.871182e-01 |   9.867903e-01 |   6.297625e-02 |   1.294158e-02 |
|   4.300000e-02 |   9.738210e-01 |   9.716428e-01 |   9.871027e-01 |   9.867839e-01 |   6.080733e-02 |   1.285421e-02 |
|   4.400000e-02 |   9.737150e-01 |   9.716077e-01 |   9.870877e-01 |   9.867778e-01 |   5.871233e-02 |   1.276986e-02 |
+----------------+----------------+----------------+----------------+----------------+----------------+----------------+
+----------------+----------------+----------------+------------------+----------------+----------------+
| time           | mass           | mass_reaction  | outflow_gradient | platen_max     | platen_min     |
+----------------+----------------+----------------+------------------+----------------+----------------+
:                :                :                :                  :                :                :
|   3.000000e-02 |   1.540488e-01 |  -9.075391e-02 |     8.921248e-02 |  -6.515864e-03 |  -6.515864e-03 |
|   3.100000e-02 |   1.539611e-01 |  -8.762620e-02 |     8.614026e-02 |  -6.528094e-03 |  -6.528094e-03 |
|   3.200000e-02 |   1.538765e-01 |  -8.460622e-02 |     8.317366e-02 |  -6.539904e-03 |  -6.539904e-03 |
|   3.300000e-02 |   1.537948e-01 |  -8.169003e-02 |     8.030882e-02 |  -6.551311e-03 |  -6.551311e-03 |
|   3.400000e-02 |   1.537160e-01 |  -7.887391e-02 |     7.754214e-02 |  -6.562327e-03 |  -6.562327e-03 |
|   3.500000e-02 |   1.536398e-01 |  -7.615433e-02 |     7.487016e-02 |  -6.572966e-03 |  -6.572966e-03 |
|   3.600000e-02 |   1.535663e-01 |  -7.352792e-02 |     7.228959e-02 |  -6.583240e-03 |  -6.583240e-03 |
|   3.700000e-02 |   1.534953e-01 |  -7.099148e-02 |     6.979731e-02 |  -6.593162e-03 |  -6.593162e-03 |
|   3.800000e-02 |   1.534268e-01 |  -6.854191e-02 |     6.739028e-02 |  -6.602744e-03 |  -6.602744e-03 |
|   3.900000e-02 |   1.533606e-01 |  -6.617624e-02 |     6.506560e-02 |  -6.611997e-03 |  -6.611997e-03 |
|   4.000000e-02 |   1.532967e-01 |  -6.389163e-02 |     6.282048e-02 |  -6.620932e-03 |  -6.620932e-03 |
|   4.100000e-02 |   1.532350e-01 |  -6.168530e-02 |     6.065221e-02 |  -6.629560e-03 |  -6.629560e-03 |
|   4.200000e-02 |   1.531754e-01 |  -5.955461e-02 |     5.855821e-02 |  -6.637892e-03 |  -6.637892e-03 |
|   4.300000e-02 |   1.531179e-01 |  -5.749700e-02 |     5.653595e-02 |  -6.645938e-03 |  -6.645938e-03 |
|   4.400000e-02 |   1.530624e-01 |  -5.550997e-02 |     5.458300e-02 |  -6.653706e-03 |  -6.653706e-03 |
+----------------+----------------+----------------+------------------+----------------+----------------+
+----------------+--------------------+--------------------+----------------+----------------+----------------+
| time           | solid_fraction_max | solid_fraction_min | stability_max  | stability_min  | top_reaction   |
+----------------+--------------------+--------------------+----------------+----------------+----------------+
:                :                    :                    :                :                :                :
|   3.000000e-02 |       6.092664e-01 |       6.069443e-01 |   2.805502e+01 |   2.800125e+01 |  -1.400000e+00 |
|   3.100000e-02 |       6.092862e-01 |       6.070421e-01 |   2.805314e+01 |   2.800121e+01 |  -1.400000e+00 |
|   3.200000e-02 |       6.093053e-01 |       6.071366e-01 |   2.805132e+01 |   2.800117e+01 |  -1.400000e+00 |
|   3.300000e-02 |       6.093238e-01 |       6.072280e-01 |   2.804956e+01 |   2.800113e+01 |  -1.400000e+00 |
|   3.400000e-02 |       6.093416e-01 |       6.073162e-01 |   2.804786e+01 |   2.800109e+01 |  -1.400000e+00 |
|   3.500000e-02 |       6.093588e-01 |       6.074014e-01 |   2.804622e+01 |   2.800105e+01 |  -1.400000e+00 |
|   3.600000e-02 |       6.093755e-01 |       6.074838e-01 |   2.804463e+01 |   2.800101e+01 |  -1.400000e+00 |
|   3.700000e-02 |       6.093916e-01 |       6.075633e-01 |   2.804310e+01 |   2.800098e+01 |  -1.400000e+00 |
|   3.800000e-02 |       6.094071e-01 |       6.076402e-01 |   2.804161e+01 |   2.800095e+01 |  -1.400000e+00 |
|   3.900000e-02 |       6.094221e-01 |       6.077144e-01 |   2.804018e+01 |   2.800091e+01 |  -1.400000e+00 |
|   4.000000e-02 |       6.094366e-01 |       6.077861e-01 |   2.803880e+01 |   2.800088e+01 |  -1.400000e+00 |
|   4.100000e-02 |       6.094506e-01 |       6.078554e-01 |   2.803747e+01 |   2.800085e+01 |  -1.400000e+00 |
|   4.200000e-02 |       6.094641e-01 |       6.079223e-01 |   2.803618e+01 |   2.800082e+01 |  -1.400000e+00 |
|   4.300000e-02 |       6.094771e-01 |       6.079869e-01 |   2.803493e+01 |   2.800079e+01 |  -1.400000e+00 |
|   4.400000e-02 |       6.094897e-01 |       6.080493e-01 |   2.803373e+01 |   2.800077e+01 |  -1.400000e+00 |
+----------------+--------------------+--------------------+----------------+----------------+----------------+


Time Step 45, time = 0.045, dt = 0.001
 * Nonlinear |R| = [32m6.954957e-03[39m (Before preset BCs, predictors, correctors, and constraints)
 0 Nonlinear |R| = [32m6.954957e-03[39m
      0 Linear |R| = [32m6.954957e-03[39m
      1 Linear |R| = [32m2.127584e-03[39m
      2 Linear |R| = [32m1.898525e-03[39m
      3 Linear |R| = [32m3.817795e-05[39m
      4 Linear |R| = [32m1.027080e-05[39m
      5 Linear |R| = [32m8.374382e-06[39m
      6 Linear |R| = [32m1.095246e-06[39m
      7 Linear |R| = [32m6.090436e-07[39m
      8 Linear |R| = [32m9.605432e-08[39m
      9 Linear |R| = [32m7.683959e-08[39m
     10 Linear |R| = [32m9.713218e-09[39m
     11 Linear |R| = [32m2.286254e-09[39m
     12 Linear |R| = [32m1.914058e-10[39m
     13 Linear |R| = [32m1.753679e-10[39m
     14 Linear |R| = [32m5.298357e-11[39m
     15 Linear |R| = [32m2.371585e-12[39m
 1 Nonlinear |R| = [32m1.264399e-06[39m
      0 Linear |R| = [32m1.264399e-06[39m
      1 Linear |R| = [32m2.028671e-07[39m
      2 Linear |R| = [32m8.104229e-09[39m
      3 Linear |R| = [32m3.893682e-09[39m
      4 Linear |R| = [32m1.168818e-09[39m
      5 Linear |R| = [33m1.137380e-09[39m
      6 Linear |R| = [32m3.503859e-10[39m
      7 Linear |R| = [32m9.998789e-11[39m
      8 Linear |R| = [32m1.191452e-11[39m
      9 Linear |R| = [33m1.184963e-11[39m
     10 Linear |R| = [32m3.074601e-12[39m
     11 Linear |R| = [32m5.595398e-13[39m
     12 Linear |R| = [32m6.729497e-14[39m
     13 Linear |R| = [32m5.540069e-14[39m
     14 Linear |R| = [32m8.406216e-15[39m
     15 Linear |R| = [32m6.605333e-16[39m
 2 Nonlinear |R| = [32m4.543752e-12[39m
[32m Solve Converged![39m

Outlier Variable Residual Norms:
  uy: [33m4.022643e-12[39m

Postprocessor Values:
+----------------+----------------+----------------+----------------+----------------+----------------+----------------+
| time           | J_max          | J_min          | Jbar_max       | Jbar_min       | center_pressure| edge_ux        |
+----------------+----------------+----------------+----------------+----------------+----------------+----------------+
:                :                :                :                :                :                :                :
|   3.100000e-02 |   9.754303e-01 |   9.721742e-01 |   9.873297e-01 |   9.868787e-01 |   9.250058e-02 |   1.413399e-02 |
|   3.200000e-02 |   9.752689e-01 |   9.721210e-01 |   9.873070e-01 |   9.868691e-01 |   8.933210e-02 |   1.400571e-02 |
|   3.300000e-02 |   9.751131e-01 |   9.720695e-01 |   9.872850e-01 |   9.868598e-01 |   8.627017e-02 |   1.388183e-02 |
|   3.400000e-02 |   9.749626e-01 |   9.720198e-01 |   9.872638e-01 |   9.868509e-01 |   8.331142e-02 |   1.376219e-02 |
|   3.500000e-02 |   9.748173e-01 |   9.719719e-01 |   9.872433e-01 |   9.868423e-01 |   8.045253e-02 |   1.364665e-02 |
|   3.600000e-02 |   9.746770e-01 |   9.719255e-01 |   9.872235e-01 |   9.868340e-01 |   7.769028e-02 |   1.353507e-02 |
|   3.700000e-02 |   9.745415e-01 |   9.718808e-01 |   9.872044e-01 |   9.868261e-01 |   7.502152e-02 |   1.342732e-02 |
|   3.800000e-02 |   9.744107e-01 |   9.718376e-01 |   9.871859e-01 |   9.868184e-01 |   7.244320e-02 |   1.332326e-02 |
|   3.900000e-02 |   9.742843e-01 |   9.717958e-01 |   9.871681e-01 |   9.868110e-01 |   6.995235e-02 |   1.322278e-02 |
|   4.000000e-02 |   9.741623e-01 |   9.717555e-01 |   9.871509e-01 |   9.868038e-01 |   6.754609e-02 |   1.312575e-02 |
|   4.100000e-02 |   9.740445e-01 |   9.717166e-01 |   9.871343e-01 |   9.867970e-01 |   6.522163e-02 |   1.303205e-02 |
|   4.200000e-02 |   9.739308e-01 |   9.716790e-01 |   9.871182e-01 |   9.867903e-01 |   6.297625e-02 |   1.294158e-02 |
|   4.300000e-02 |   9.738210e-01 |   9.716428e-01 |   9.871027e-01 |   9.867839e-01 |   6.080733e-02 |   1.285421e-02 |
|   4.400000e-02 |   9.737150e-01 |   9.716077e-01 |   9.870877e-01 |   9.867778e-01 |   5.871233e-02 |   1.276986e-02 |
|   4.500000e-02 |   9.736126e-01 |   9.715739e-01 |   9.870733e-01 |   9.867719e-01 |   5.668877e-02 |   1.268840e-02 |
+----------------+----------------+----------------+----------------+----------------+----------------+----------------+
+----------------+----------------+----------------+------------------+----------------+----------------+
| time           | mass           | mass_reaction  | outflow_gradient | platen_max     | platen_min     |
+----------------+----------------+----------------+------------------+----------------+----------------+
:                :                :                :                  :                :                :
|   3.100000e-02 |   1.539611e-01 |  -8.762620e-02 |     8.614026e-02 |  -6.528094e-03 |  -6.528094e-03 |
|   3.200000e-02 |   1.538765e-01 |  -8.460622e-02 |     8.317366e-02 |  -6.539904e-03 |  -6.539904e-03 |
|   3.300000e-02 |   1.537948e-01 |  -8.169003e-02 |     8.030882e-02 |  -6.551311e-03 |  -6.551311e-03 |
|   3.400000e-02 |   1.537160e-01 |  -7.887391e-02 |     7.754214e-02 |  -6.562327e-03 |  -6.562327e-03 |
|   3.500000e-02 |   1.536398e-01 |  -7.615433e-02 |     7.487016e-02 |  -6.572966e-03 |  -6.572966e-03 |
|   3.600000e-02 |   1.535663e-01 |  -7.352792e-02 |     7.228959e-02 |  -6.583240e-03 |  -6.583240e-03 |
|   3.700000e-02 |   1.534953e-01 |  -7.099148e-02 |     6.979731e-02 |  -6.593162e-03 |  -6.593162e-03 |
|   3.800000e-02 |   1.534268e-01 |  -6.854191e-02 |     6.739028e-02 |  -6.602744e-03 |  -6.602744e-03 |
|   3.900000e-02 |   1.533606e-01 |  -6.617624e-02 |     6.506560e-02 |  -6.611997e-03 |  -6.611997e-03 |
|   4.000000e-02 |   1.532967e-01 |  -6.389163e-02 |     6.282048e-02 |  -6.620932e-03 |  -6.620932e-03 |
|   4.100000e-02 |   1.532350e-01 |  -6.168530e-02 |     6.065221e-02 |  -6.629560e-03 |  -6.629560e-03 |
|   4.200000e-02 |   1.531754e-01 |  -5.955461e-02 |     5.855821e-02 |  -6.637892e-03 |  -6.637892e-03 |
|   4.300000e-02 |   1.531179e-01 |  -5.749700e-02 |     5.653595e-02 |  -6.645938e-03 |  -6.645938e-03 |
|   4.400000e-02 |   1.530624e-01 |  -5.550997e-02 |     5.458300e-02 |  -6.653706e-03 |  -6.653706e-03 |
|   4.500000e-02 |   1.530088e-01 |  -5.359115e-02 |     5.269703e-02 |  -6.661208e-03 |  -6.661208e-03 |
+----------------+----------------+----------------+------------------+----------------+----------------+
+----------------+--------------------+--------------------+----------------+----------------+----------------+
| time           | solid_fraction_max | solid_fraction_min | stability_max  | stability_min  | top_reaction   |
+----------------+--------------------+--------------------+----------------+----------------+----------------+
:                :                    :                    :                :                :                :
|   3.100000e-02 |       6.092862e-01 |       6.070421e-01 |   2.805314e+01 |   2.800121e+01 |  -1.400000e+00 |
|   3.200000e-02 |       6.093053e-01 |       6.071366e-01 |   2.805132e+01 |   2.800117e+01 |  -1.400000e+00 |
|   3.300000e-02 |       6.093238e-01 |       6.072280e-01 |   2.804956e+01 |   2.800113e+01 |  -1.400000e+00 |
|   3.400000e-02 |       6.093416e-01 |       6.073162e-01 |   2.804786e+01 |   2.800109e+01 |  -1.400000e+00 |
|   3.500000e-02 |       6.093588e-01 |       6.074014e-01 |   2.804622e+01 |   2.800105e+01 |  -1.400000e+00 |
|   3.600000e-02 |       6.093755e-01 |       6.074838e-01 |   2.804463e+01 |   2.800101e+01 |  -1.400000e+00 |
|   3.700000e-02 |       6.093916e-01 |       6.075633e-01 |   2.804310e+01 |   2.800098e+01 |  -1.400000e+00 |
|   3.800000e-02 |       6.094071e-01 |       6.076402e-01 |   2.804161e+01 |   2.800095e+01 |  -1.400000e+00 |
|   3.900000e-02 |       6.094221e-01 |       6.077144e-01 |   2.804018e+01 |   2.800091e+01 |  -1.400000e+00 |
|   4.000000e-02 |       6.094366e-01 |       6.077861e-01 |   2.803880e+01 |   2.800088e+01 |  -1.400000e+00 |
|   4.100000e-02 |       6.094506e-01 |       6.078554e-01 |   2.803747e+01 |   2.800085e+01 |  -1.400000e+00 |
|   4.200000e-02 |       6.094641e-01 |       6.079223e-01 |   2.803618e+01 |   2.800082e+01 |  -1.400000e+00 |
|   4.300000e-02 |       6.094771e-01 |       6.079869e-01 |   2.803493e+01 |   2.800079e+01 |  -1.400000e+00 |
|   4.400000e-02 |       6.094897e-01 |       6.080493e-01 |   2.803373e+01 |   2.800077e+01 |  -1.400000e+00 |
|   4.500000e-02 |       6.095019e-01 |       6.081096e-01 |   2.803256e+01 |   2.800074e+01 |  -1.400000e+00 |
+----------------+--------------------+--------------------+----------------+----------------+----------------+


Time Step 46, time = 0.046, dt = 0.001
 * Nonlinear |R| = [32m6.714406e-03[39m (Before preset BCs, predictors, correctors, and constraints)
 0 Nonlinear |R| = [32m6.714406e-03[39m
      0 Linear |R| = [32m6.714406e-03[39m
      1 Linear |R| = [32m2.054466e-03[39m
      2 Linear |R| = [32m1.833367e-03[39m
      3 Linear |R| = [32m3.686285e-05[39m
      4 Linear |R| = [32m9.918173e-06[39m
      5 Linear |R| = [32m8.236840e-06[39m
      6 Linear |R| = [32m1.057587e-06[39m
      7 Linear |R| = [32m5.880667e-07[39m
      8 Linear |R| = [32m9.339468e-08[39m
      9 Linear |R| = [33m9.160504e-08[39m
     10 Linear |R| = [32m9.377712e-09[39m
     11 Linear |R| = [32m2.207066e-09[39m
     12 Linear |R| = [32m3.172257e-10[39m
     13 Linear |R| = [32m1.694530e-10[39m
     14 Linear |R| = [32m5.114854e-11[39m
     15 Linear |R| = [32m2.294555e-12[39m
 1 Nonlinear |R| = [32m1.184495e-06[39m
      0 Linear |R| = [32m1.184495e-06[39m
      1 Linear |R| = [32m1.899730e-07[39m
      2 Linear |R| = [32m2.014239e-08[39m
      3 Linear |R| = [32m3.624882e-09[39m
      4 Linear |R| = [32m1.080899e-09[39m
      5 Linear |R| = [33m1.038482e-09[39m
      6 Linear |R| = [32m3.218656e-10[39m
      7 Linear |R| = [32m9.254202e-11[39m
      8 Linear |R| = [32m1.110749e-11[39m
      9 Linear |R| = [33m1.109459e-11[39m
     10 Linear |R| = [32m2.670600e-12[39m
     11 Linear |R| = [32m5.331261e-13[39m
     12 Linear |R| = [32m5.687837e-14[39m
     13 Linear |R| = [32m4.335253e-14[39m
     14 Linear |R| = [32m7.775832e-15[39m
     15 Linear |R| = [32m5.484028e-16[39m
 2 Nonlinear |R| = [32m4.125862e-12[39m
[32m Solve Converged![39m

Outlier Variable Residual Norms:
  uy: [31m3.707171e-12[39m

Postprocessor Values:
+----------------+----------------+----------------+----------------+----------------+----------------+----------------+
| time           | J_max          | J_min          | Jbar_max       | Jbar_min       | center_pressure| edge_ux        |
+----------------+----------------+----------------+----------------+----------------+----------------+----------------+
:                :                :                :                :                :                :                :
|   3.200000e-02 |   9.752689e-01 |   9.721210e-01 |   9.873070e-01 |   9.868691e-01 |   8.933210e-02 |   1.400571e-02 |
|   3.300000e-02 |   9.751131e-01 |   9.720695e-01 |   9.872850e-01 |   9.868598e-01 |   8.627017e-02 |   1.388183e-02 |
|   3.400000e-02 |   9.749626e-01 |   9.720198e-01 |   9.872638e-01 |   9.868509e-01 |   8.331142e-02 |   1.376219e-02 |
|   3.500000e-02 |   9.748173e-01 |   9.719719e-01 |   9.872433e-01 |   9.868423e-01 |   8.045253e-02 |   1.364665e-02 |
|   3.600000e-02 |   9.746770e-01 |   9.719255e-01 |   9.872235e-01 |   9.868340e-01 |   7.769028e-02 |   1.353507e-02 |
|   3.700000e-02 |   9.745415e-01 |   9.718808e-01 |   9.872044e-01 |   9.868261e-01 |   7.502152e-02 |   1.342732e-02 |
|   3.800000e-02 |   9.744107e-01 |   9.718376e-01 |   9.871859e-01 |   9.868184e-01 |   7.244320e-02 |   1.332326e-02 |
|   3.900000e-02 |   9.742843e-01 |   9.717958e-01 |   9.871681e-01 |   9.868110e-01 |   6.995235e-02 |   1.322278e-02 |
|   4.000000e-02 |   9.741623e-01 |   9.717555e-01 |   9.871509e-01 |   9.868038e-01 |   6.754609e-02 |   1.312575e-02 |
|   4.100000e-02 |   9.740445e-01 |   9.717166e-01 |   9.871343e-01 |   9.867970e-01 |   6.522163e-02 |   1.303205e-02 |
|   4.200000e-02 |   9.739308e-01 |   9.716790e-01 |   9.871182e-01 |   9.867903e-01 |   6.297625e-02 |   1.294158e-02 |
|   4.300000e-02 |   9.738210e-01 |   9.716428e-01 |   9.871027e-01 |   9.867839e-01 |   6.080733e-02 |   1.285421e-02 |
|   4.400000e-02 |   9.737150e-01 |   9.716077e-01 |   9.870877e-01 |   9.867778e-01 |   5.871233e-02 |   1.276986e-02 |
|   4.500000e-02 |   9.736126e-01 |   9.715739e-01 |   9.870733e-01 |   9.867719e-01 |   5.668877e-02 |   1.268840e-02 |
|   4.600000e-02 |   9.735137e-01 |   9.715412e-01 |   9.870593e-01 |   9.867661e-01 |   5.473429e-02 |   1.260975e-02 |
+----------------+----------------+----------------+----------------+----------------+----------------+----------------+
+----------------+----------------+----------------+------------------+----------------+----------------+
| time           | mass           | mass_reaction  | outflow_gradient | platen_max     | platen_min     |
+----------------+----------------+----------------+------------------+----------------+----------------+
:                :                :                :                  :                :                :
|   3.200000e-02 |   1.538765e-01 |  -8.460622e-02 |     8.317366e-02 |  -6.539904e-03 |  -6.539904e-03 |
|   3.300000e-02 |   1.537948e-01 |  -8.169003e-02 |     8.030882e-02 |  -6.551311e-03 |  -6.551311e-03 |
|   3.400000e-02 |   1.537160e-01 |  -7.887391e-02 |     7.754214e-02 |  -6.562327e-03 |  -6.562327e-03 |
|   3.500000e-02 |   1.536398e-01 |  -7.615433e-02 |     7.487016e-02 |  -6.572966e-03 |  -6.572966e-03 |
|   3.600000e-02 |   1.535663e-01 |  -7.352792e-02 |     7.228959e-02 |  -6.583240e-03 |  -6.583240e-03 |
|   3.700000e-02 |   1.534953e-01 |  -7.099148e-02 |     6.979731e-02 |  -6.593162e-03 |  -6.593162e-03 |
|   3.800000e-02 |   1.534268e-01 |  -6.854191e-02 |     6.739028e-02 |  -6.602744e-03 |  -6.602744e-03 |
|   3.900000e-02 |   1.533606e-01 |  -6.617624e-02 |     6.506560e-02 |  -6.611997e-03 |  -6.611997e-03 |
|   4.000000e-02 |   1.532967e-01 |  -6.389163e-02 |     6.282048e-02 |  -6.620932e-03 |  -6.620932e-03 |
|   4.100000e-02 |   1.532350e-01 |  -6.168530e-02 |     6.065221e-02 |  -6.629560e-03 |  -6.629560e-03 |
|   4.200000e-02 |   1.531754e-01 |  -5.955461e-02 |     5.855821e-02 |  -6.637892e-03 |  -6.637892e-03 |
|   4.300000e-02 |   1.531179e-01 |  -5.749700e-02 |     5.653595e-02 |  -6.645938e-03 |  -6.645938e-03 |
|   4.400000e-02 |   1.530624e-01 |  -5.550997e-02 |     5.458300e-02 |  -6.653706e-03 |  -6.653706e-03 |
|   4.500000e-02 |   1.530088e-01 |  -5.359115e-02 |     5.269703e-02 |  -6.661208e-03 |  -6.661208e-03 |
|   4.600000e-02 |   1.529571e-01 |  -5.173822e-02 |     5.087576e-02 |  -6.668451e-03 |  -6.668451e-03 |
+----------------+----------------+----------------+------------------+----------------+----------------+
+----------------+--------------------+--------------------+----------------+----------------+----------------+
| time           | solid_fraction_max | solid_fraction_min | stability_max  | stability_min  | top_reaction   |
+----------------+--------------------+--------------------+----------------+----------------+----------------+
:                :                    :                    :                :                :                :
|   3.200000e-02 |       6.093053e-01 |       6.071366e-01 |   2.805132e+01 |   2.800117e+01 |  -1.400000e+00 |
|   3.300000e-02 |       6.093238e-01 |       6.072280e-01 |   2.804956e+01 |   2.800113e+01 |  -1.400000e+00 |
|   3.400000e-02 |       6.093416e-01 |       6.073162e-01 |   2.804786e+01 |   2.800109e+01 |  -1.400000e+00 |
|   3.500000e-02 |       6.093588e-01 |       6.074014e-01 |   2.804622e+01 |   2.800105e+01 |  -1.400000e+00 |
|   3.600000e-02 |       6.093755e-01 |       6.074838e-01 |   2.804463e+01 |   2.800101e+01 |  -1.400000e+00 |
|   3.700000e-02 |       6.093916e-01 |       6.075633e-01 |   2.804310e+01 |   2.800098e+01 |  -1.400000e+00 |
|   3.800000e-02 |       6.094071e-01 |       6.076402e-01 |   2.804161e+01 |   2.800095e+01 |  -1.400000e+00 |
|   3.900000e-02 |       6.094221e-01 |       6.077144e-01 |   2.804018e+01 |   2.800091e+01 |  -1.400000e+00 |
|   4.000000e-02 |       6.094366e-01 |       6.077861e-01 |   2.803880e+01 |   2.800088e+01 |  -1.400000e+00 |
|   4.100000e-02 |       6.094506e-01 |       6.078554e-01 |   2.803747e+01 |   2.800085e+01 |  -1.400000e+00 |
|   4.200000e-02 |       6.094641e-01 |       6.079223e-01 |   2.803618e+01 |   2.800082e+01 |  -1.400000e+00 |
|   4.300000e-02 |       6.094771e-01 |       6.079869e-01 |   2.803493e+01 |   2.800079e+01 |  -1.400000e+00 |
|   4.400000e-02 |       6.094897e-01 |       6.080493e-01 |   2.803373e+01 |   2.800077e+01 |  -1.400000e+00 |
|   4.500000e-02 |       6.095019e-01 |       6.081096e-01 |   2.803256e+01 |   2.800074e+01 |  -1.400000e+00 |
|   4.600000e-02 |       6.095136e-01 |       6.081678e-01 |   2.803144e+01 |   2.800071e+01 |  -1.400000e+00 |
+----------------+--------------------+--------------------+----------------+----------------+----------------+


Time Step 47, time = 0.047, dt = 0.001
 * Nonlinear |R| = [32m6.482123e-03[39m (Before preset BCs, predictors, correctors, and constraints)
 0 Nonlinear |R| = [32m6.482123e-03[39m
      0 Linear |R| = [32m6.482123e-03[39m
      1 Linear |R| = [32m1.983823e-03[39m
      2 Linear |R| = [32m1.770406e-03[39m
      3 Linear |R| = [32m3.559274e-05[39m
      4 Linear |R| = [32m9.576737e-06[39m
      5 Linear |R| = [32m7.979323e-06[39m
      6 Linear |R| = [32m1.021183e-06[39m
      7 Linear |R| = [32m5.677945e-07[39m
      8 Linear |R| = [32m9.003816e-08[39m
      9 Linear |R| = [33m8.745428e-08[39m
     10 Linear |R| = [32m9.053342e-09[39m
     11 Linear |R| = [32m2.130526e-09[39m
     12 Linear |R| = [32m2.521033e-10[39m
     13 Linear |R| = [32m1.635885e-10[39m
     14 Linear |R| = [32m4.937512e-11[39m
     15 Linear |R| = [32m2.212419e-12[39m
 1 Nonlinear |R| = [32m1.101692e-06[39m
      0 Linear |R| = [32m1.101692e-06[39m
      1 Linear |R| = [32m1.778438e-07[39m
      2 Linear |R| = [32m1.618783e-08[39m
      3 Linear |R| = [32m3.402478e-09[39m
      4 Linear |R| = [32m1.024941e-09[39m
      5 Linear |R| = [33m9.951759e-10[39m
      6 Linear |R| = [32m3.155605e-10[39m
      7 Linear |R| = [32m8.697240e-11[39m
      8 Linear |R| = [32m1.030663e-11[39m
      9 Linear |R| = [32m9.582839e-12[39m
     10 Linear |R| = [32m2.678162e-12[39m
     11 Linear |R| = [32m4.936613e-13[39m
     12 Linear |R| = [32m4.575113e-14[39m
     13 Linear |R| = [32m4.339148e-14[39m
     14 Linear |R| = [32m5.348450e-15[39m
     15 Linear |R| = [32m5.409372e-16[39m
 2 Nonlinear |R| = [32m3.905471e-12[39m
[32m Solve Converged![39m

Outlier Variable Residual Norms:
  uy: [33m3.462024e-12[39m

Postprocessor Values:
+----------------+----------------+----------------+----------------+----------------+----------------+----------------+
| time           | J_max          | J_min          | Jbar_max       | Jbar_min       | center_pressure| edge_ux        |
+----------------+----------------+----------------+----------------+----------------+----------------+----------------+
:                :                :                :                :                :                :                :
|   3.300000e-02 |   9.751131e-01 |   9.720695e-01 |   9.872850e-01 |   9.868598e-01 |   8.627017e-02 |   1.388183e-02 |
|   3.400000e-02 |   9.749626e-01 |   9.720198e-01 |   9.872638e-01 |   9.868509e-01 |   8.331142e-02 |   1.376219e-02 |
|   3.500000e-02 |   9.748173e-01 |   9.719719e-01 |   9.872433e-01 |   9.868423e-01 |   8.045253e-02 |   1.364665e-02 |
|   3.600000e-02 |   9.746770e-01 |   9.719255e-01 |   9.872235e-01 |   9.868340e-01 |   7.769028e-02 |   1.353507e-02 |
|   3.700000e-02 |   9.745415e-01 |   9.718808e-01 |   9.872044e-01 |   9.868261e-01 |   7.502152e-02 |   1.342732e-02 |
|   3.800000e-02 |   9.744107e-01 |   9.718376e-01 |   9.871859e-01 |   9.868184e-01 |   7.244320e-02 |   1.332326e-02 |
|   3.900000e-02 |   9.742843e-01 |   9.717958e-01 |   9.871681e-01 |   9.868110e-01 |   6.995235e-02 |   1.322278e-02 |
|   4.000000e-02 |   9.741623e-01 |   9.717555e-01 |   9.871509e-01 |   9.868038e-01 |   6.754609e-02 |   1.312575e-02 |
|   4.100000e-02 |   9.740445e-01 |   9.717166e-01 |   9.871343e-01 |   9.867970e-01 |   6.522163e-02 |   1.303205e-02 |
|   4.200000e-02 |   9.739308e-01 |   9.716790e-01 |   9.871182e-01 |   9.867903e-01 |   6.297625e-02 |   1.294158e-02 |
|   4.300000e-02 |   9.738210e-01 |   9.716428e-01 |   9.871027e-01 |   9.867839e-01 |   6.080733e-02 |   1.285421e-02 |
|   4.400000e-02 |   9.737150e-01 |   9.716077e-01 |   9.870877e-01 |   9.867778e-01 |   5.871233e-02 |   1.276986e-02 |
|   4.500000e-02 |   9.736126e-01 |   9.715739e-01 |   9.870733e-01 |   9.867719e-01 |   5.668877e-02 |   1.268840e-02 |
|   4.600000e-02 |   9.735137e-01 |   9.715412e-01 |   9.870593e-01 |   9.867661e-01 |   5.473429e-02 |   1.260975e-02 |
|   4.700000e-02 |   9.734183e-01 |   9.715097e-01 |   9.870459e-01 |   9.867606e-01 |   5.284655e-02 |   1.253381e-02 |
+----------------+----------------+----------------+----------------+----------------+----------------+----------------+
+----------------+----------------+----------------+------------------+----------------+----------------+
| time           | mass           | mass_reaction  | outflow_gradient | platen_max     | platen_min     |
+----------------+----------------+----------------+------------------+----------------+----------------+
:                :                :                :                  :                :                :
|   3.300000e-02 |   1.537948e-01 |  -8.169003e-02 |     8.030882e-02 |  -6.551311e-03 |  -6.551311e-03 |
|   3.400000e-02 |   1.537160e-01 |  -7.887391e-02 |     7.754214e-02 |  -6.562327e-03 |  -6.562327e-03 |
|   3.500000e-02 |   1.536398e-01 |  -7.615433e-02 |     7.487016e-02 |  -6.572966e-03 |  -6.572966e-03 |
|   3.600000e-02 |   1.535663e-01 |  -7.352792e-02 |     7.228959e-02 |  -6.583240e-03 |  -6.583240e-03 |
|   3.700000e-02 |   1.534953e-01 |  -7.099148e-02 |     6.979731e-02 |  -6.593162e-03 |  -6.593162e-03 |
|   3.800000e-02 |   1.534268e-01 |  -6.854191e-02 |     6.739028e-02 |  -6.602744e-03 |  -6.602744e-03 |
|   3.900000e-02 |   1.533606e-01 |  -6.617624e-02 |     6.506560e-02 |  -6.611997e-03 |  -6.611997e-03 |
|   4.000000e-02 |   1.532967e-01 |  -6.389163e-02 |     6.282048e-02 |  -6.620932e-03 |  -6.620932e-03 |
|   4.100000e-02 |   1.532350e-01 |  -6.168530e-02 |     6.065221e-02 |  -6.629560e-03 |  -6.629560e-03 |
|   4.200000e-02 |   1.531754e-01 |  -5.955461e-02 |     5.855821e-02 |  -6.637892e-03 |  -6.637892e-03 |
|   4.300000e-02 |   1.531179e-01 |  -5.749700e-02 |     5.653595e-02 |  -6.645938e-03 |  -6.645938e-03 |
|   4.400000e-02 |   1.530624e-01 |  -5.550997e-02 |     5.458300e-02 |  -6.653706e-03 |  -6.653706e-03 |
|   4.500000e-02 |   1.530088e-01 |  -5.359115e-02 |     5.269703e-02 |  -6.661208e-03 |  -6.661208e-03 |
|   4.600000e-02 |   1.529571e-01 |  -5.173822e-02 |     5.087576e-02 |  -6.668451e-03 |  -6.668451e-03 |
|   4.700000e-02 |   1.529072e-01 |  -4.994894e-02 |     4.911701e-02 |  -6.675445e-03 |  -6.675445e-03 |
+----------------+----------------+----------------+------------------+----------------+----------------+
+----------------+--------------------+--------------------+----------------+----------------+----------------+
| time           | solid_fraction_max | solid_fraction_min | stability_max  | stability_min  | top_reaction   |
+----------------+--------------------+--------------------+----------------+----------------+----------------+
:                :                    :                    :                :                :                :
|   3.300000e-02 |       6.093238e-01 |       6.072280e-01 |   2.804956e+01 |   2.800113e+01 |  -1.400000e+00 |
|   3.400000e-02 |       6.093416e-01 |       6.073162e-01 |   2.804786e+01 |   2.800109e+01 |  -1.400000e+00 |
|   3.500000e-02 |       6.093588e-01 |       6.074014e-01 |   2.804622e+01 |   2.800105e+01 |  -1.400000e+00 |
|   3.600000e-02 |       6.093755e-01 |       6.074838e-01 |   2.804463e+01 |   2.800101e+01 |  -1.400000e+00 |
|   3.700000e-02 |       6.093916e-01 |       6.075633e-01 |   2.804310e+01 |   2.800098e+01 |  -1.400000e+00 |
|   3.800000e-02 |       6.094071e-01 |       6.076402e-01 |   2.804161e+01 |   2.800095e+01 |  -1.400000e+00 |
|   3.900000e-02 |       6.094221e-01 |       6.077144e-01 |   2.804018e+01 |   2.800091e+01 |  -1.400000e+00 |
|   4.000000e-02 |       6.094366e-01 |       6.077861e-01 |   2.803880e+01 |   2.800088e+01 |  -1.400000e+00 |
|   4.100000e-02 |       6.094506e-01 |       6.078554e-01 |   2.803747e+01 |   2.800085e+01 |  -1.400000e+00 |
|   4.200000e-02 |       6.094641e-01 |       6.079223e-01 |   2.803618e+01 |   2.800082e+01 |  -1.400000e+00 |
|   4.300000e-02 |       6.094771e-01 |       6.079869e-01 |   2.803493e+01 |   2.800079e+01 |  -1.400000e+00 |
|   4.400000e-02 |       6.094897e-01 |       6.080493e-01 |   2.803373e+01 |   2.800077e+01 |  -1.400000e+00 |
|   4.500000e-02 |       6.095019e-01 |       6.081096e-01 |   2.803256e+01 |   2.800074e+01 |  -1.400000e+00 |
|   4.600000e-02 |       6.095136e-01 |       6.081678e-01 |   2.803144e+01 |   2.800071e+01 |  -1.400000e+00 |
|   4.700000e-02 |       6.095250e-01 |       6.082240e-01 |   2.803036e+01 |   2.800069e+01 |  -1.400000e+00 |
+----------------+--------------------+--------------------+----------------+----------------+----------------+


Time Step 48, time = 0.048, dt = 0.001
 * Nonlinear |R| = [32m6.257828e-03[39m (Before preset BCs, predictors, correctors, and constraints)
 0 Nonlinear |R| = [32m6.257828e-03[39m
      0 Linear |R| = [32m6.257828e-03[39m
      1 Linear |R| = [32m1.915573e-03[39m
      2 Linear |R| = [32m1.709567e-03[39m
      3 Linear |R| = [32m3.436621e-05[39m
      4 Linear |R| = [32m9.242518e-06[39m
      5 Linear |R| = [32m7.216204e-06[39m
      6 Linear |R| = [32m9.860455e-07[39m
      7 Linear |R| = [32m5.482254e-07[39m
      8 Linear |R| = [32m8.642394e-08[39m
      9 Linear |R| = [32m6.661953e-08[39m
     10 Linear |R| = [32m8.740343e-09[39m
     11 Linear |R| = [32m2.056618e-09[39m
     12 Linear |R| = [32m1.894611e-10[39m
     13 Linear |R| = [32m1.578958e-10[39m
     14 Linear |R| = [32m4.766336e-11[39m
     15 Linear |R| = [32m2.135169e-12[39m
 1 Nonlinear |R| = [32m1.024070e-06[39m
      0 Linear |R| = [32m1.024070e-06[39m
      1 Linear |R| = [32m1.643597e-07[39m
      2 Linear |R| = [32m4.603200e-09[39m
      3 Linear |R| = [32m3.147376e-09[39m
      4 Linear |R| = [32m9.509609e-10[39m
      5 Linear |R| = [33m9.122837e-10[39m
      6 Linear |R| = [32m2.873362e-10[39m
      7 Linear |R| = [32m8.144301e-11[39m
      8 Linear |R| = [32m9.447521e-12[39m
      9 Linear |R| = [33m9.437638e-12[39m
     10 Linear |R| = [32m2.422692e-12[39m
     11 Linear |R| = [32m4.509589e-13[39m
     12 Linear |R| = [32m5.252774e-14[39m
     13 Linear |R| = [32m4.214099e-14[39m
     14 Linear |R| = [32m6.222264e-15[39m
     15 Linear |R| = [32m5.004963e-16[39m
 2 Nonlinear |R| = [32m3.213229e-12[39m
[32m Solve Converged![39m

Postprocessor Values:
+----------------+----------------+----------------+----------------+----------------+----------------+----------------+
| time           | J_max          | J_min          | Jbar_max       | Jbar_min       | center_pressure| edge_ux        |
+----------------+----------------+----------------+----------------+----------------+----------------+----------------+
:                :                :                :                :                :                :                :
|   3.400000e-02 |   9.749626e-01 |   9.720198e-01 |   9.872638e-01 |   9.868509e-01 |   8.331142e-02 |   1.376219e-02 |
|   3.500000e-02 |   9.748173e-01 |   9.719719e-01 |   9.872433e-01 |   9.868423e-01 |   8.045253e-02 |   1.364665e-02 |
|   3.600000e-02 |   9.746770e-01 |   9.719255e-01 |   9.872235e-01 |   9.868340e-01 |   7.769028e-02 |   1.353507e-02 |
|   3.700000e-02 |   9.745415e-01 |   9.718808e-01 |   9.872044e-01 |   9.868261e-01 |   7.502152e-02 |   1.342732e-02 |
|   3.800000e-02 |   9.744107e-01 |   9.718376e-01 |   9.871859e-01 |   9.868184e-01 |   7.244320e-02 |   1.332326e-02 |
|   3.900000e-02 |   9.742843e-01 |   9.717958e-01 |   9.871681e-01 |   9.868110e-01 |   6.995235e-02 |   1.322278e-02 |
|   4.000000e-02 |   9.741623e-01 |   9.717555e-01 |   9.871509e-01 |   9.868038e-01 |   6.754609e-02 |   1.312575e-02 |
|   4.100000e-02 |   9.740445e-01 |   9.717166e-01 |   9.871343e-01 |   9.867970e-01 |   6.522163e-02 |   1.303205e-02 |
|   4.200000e-02 |   9.739308e-01 |   9.716790e-01 |   9.871182e-01 |   9.867903e-01 |   6.297625e-02 |   1.294158e-02 |
|   4.300000e-02 |   9.738210e-01 |   9.716428e-01 |   9.871027e-01 |   9.867839e-01 |   6.080733e-02 |   1.285421e-02 |
|   4.400000e-02 |   9.737150e-01 |   9.716077e-01 |   9.870877e-01 |   9.867778e-01 |   5.871233e-02 |   1.276986e-02 |
|   4.500000e-02 |   9.736126e-01 |   9.715739e-01 |   9.870733e-01 |   9.867719e-01 |   5.668877e-02 |   1.268840e-02 |
|   4.600000e-02 |   9.735137e-01 |   9.715412e-01 |   9.870593e-01 |   9.867661e-01 |   5.473429e-02 |   1.260975e-02 |
|   4.700000e-02 |   9.734183e-01 |   9.715097e-01 |   9.870459e-01 |   9.867606e-01 |   5.284655e-02 |   1.253381e-02 |
|   4.800000e-02 |   9.733262e-01 |   9.714792e-01 |   9.870328e-01 |   9.867553e-01 |   5.102334e-02 |   1.246049e-02 |
+----------------+----------------+----------------+----------------+----------------+----------------+----------------+
+----------------+----------------+----------------+------------------+----------------+----------------+
| time           | mass           | mass_reaction  | outflow_gradient | platen_max     | platen_min     |
+----------------+----------------+----------------+------------------+----------------+----------------+
:                :                :                :                  :                :                :
|   3.400000e-02 |   1.537160e-01 |  -7.887391e-02 |     7.754214e-02 |  -6.562327e-03 |  -6.562327e-03 |
|   3.500000e-02 |   1.536398e-01 |  -7.615433e-02 |     7.487016e-02 |  -6.572966e-03 |  -6.572966e-03 |
|   3.600000e-02 |   1.535663e-01 |  -7.352792e-02 |     7.228959e-02 |  -6.583240e-03 |  -6.583240e-03 |
|   3.700000e-02 |   1.534953e-01 |  -7.099148e-02 |     6.979731e-02 |  -6.593162e-03 |  -6.593162e-03 |
|   3.800000e-02 |   1.534268e-01 |  -6.854191e-02 |     6.739028e-02 |  -6.602744e-03 |  -6.602744e-03 |
|   3.900000e-02 |   1.533606e-01 |  -6.617624e-02 |     6.506560e-02 |  -6.611997e-03 |  -6.611997e-03 |
|   4.000000e-02 |   1.532967e-01 |  -6.389163e-02 |     6.282048e-02 |  -6.620932e-03 |  -6.620932e-03 |
|   4.100000e-02 |   1.532350e-01 |  -6.168530e-02 |     6.065221e-02 |  -6.629560e-03 |  -6.629560e-03 |
|   4.200000e-02 |   1.531754e-01 |  -5.955461e-02 |     5.855821e-02 |  -6.637892e-03 |  -6.637892e-03 |
|   4.300000e-02 |   1.531179e-01 |  -5.749700e-02 |     5.653595e-02 |  -6.645938e-03 |  -6.645938e-03 |
|   4.400000e-02 |   1.530624e-01 |  -5.550997e-02 |     5.458300e-02 |  -6.653706e-03 |  -6.653706e-03 |
|   4.500000e-02 |   1.530088e-01 |  -5.359115e-02 |     5.269703e-02 |  -6.661208e-03 |  -6.661208e-03 |
|   4.600000e-02 |   1.529571e-01 |  -5.173822e-02 |     5.087576e-02 |  -6.668451e-03 |  -6.668451e-03 |
|   4.700000e-02 |   1.529072e-01 |  -4.994894e-02 |     4.911701e-02 |  -6.675445e-03 |  -6.675445e-03 |
|   4.800000e-02 |   1.528589e-01 |  -4.822115e-02 |     4.741865e-02 |  -6.682198e-03 |  -6.682198e-03 |
+----------------+----------------+----------------+------------------+----------------+----------------+
+----------------+--------------------+--------------------+----------------+----------------+----------------+
| time           | solid_fraction_max | solid_fraction_min | stability_max  | stability_min  | top_reaction   |
+----------------+--------------------+--------------------+----------------+----------------+----------------+
:                :                    :                    :                :                :                :
|   3.400000e-02 |       6.093416e-01 |       6.073162e-01 |   2.804786e+01 |   2.800109e+01 |  -1.400000e+00 |
|   3.500000e-02 |       6.093588e-01 |       6.074014e-01 |   2.804622e+01 |   2.800105e+01 |  -1.400000e+00 |
|   3.600000e-02 |       6.093755e-01 |       6.074838e-01 |   2.804463e+01 |   2.800101e+01 |  -1.400000e+00 |
|   3.700000e-02 |       6.093916e-01 |       6.075633e-01 |   2.804310e+01 |   2.800098e+01 |  -1.400000e+00 |
|   3.800000e-02 |       6.094071e-01 |       6.076402e-01 |   2.804161e+01 |   2.800095e+01 |  -1.400000e+00 |
|   3.900000e-02 |       6.094221e-01 |       6.077144e-01 |   2.804018e+01 |   2.800091e+01 |  -1.400000e+00 |
|   4.000000e-02 |       6.094366e-01 |       6.077861e-01 |   2.803880e+01 |   2.800088e+01 |  -1.400000e+00 |
|   4.100000e-02 |       6.094506e-01 |       6.078554e-01 |   2.803747e+01 |   2.800085e+01 |  -1.400000e+00 |
|   4.200000e-02 |       6.094641e-01 |       6.079223e-01 |   2.803618e+01 |   2.800082e+01 |  -1.400000e+00 |
|   4.300000e-02 |       6.094771e-01 |       6.079869e-01 |   2.803493e+01 |   2.800079e+01 |  -1.400000e+00 |
|   4.400000e-02 |       6.094897e-01 |       6.080493e-01 |   2.803373e+01 |   2.800077e+01 |  -1.400000e+00 |
|   4.500000e-02 |       6.095019e-01 |       6.081096e-01 |   2.803256e+01 |   2.800074e+01 |  -1.400000e+00 |
|   4.600000e-02 |       6.095136e-01 |       6.081678e-01 |   2.803144e+01 |   2.800071e+01 |  -1.400000e+00 |
|   4.700000e-02 |       6.095250e-01 |       6.082240e-01 |   2.803036e+01 |   2.800069e+01 |  -1.400000e+00 |
|   4.800000e-02 |       6.095359e-01 |       6.082783e-01 |   2.802931e+01 |   2.800067e+01 |  -1.400000e+00 |
+----------------+--------------------+--------------------+----------------+----------------+----------------+


Time Step 49, time = 0.049, dt = 0.001
 * Nonlinear |R| = [32m6.041249e-03[39m (Before preset BCs, predictors, correctors, and constraints)
 0 Nonlinear |R| = [32m6.041249e-03[39m
      0 Linear |R| = [32m6.041249e-03[39m
      1 Linear |R| = [32m1.849659e-03[39m
      2 Linear |R| = [32m1.650817e-03[39m
      3 Linear |R| = [32m3.318104e-05[39m
      4 Linear |R| = [32m8.928407e-06[39m
      5 Linear |R| = [32m7.450590e-06[39m
      6 Linear |R| = [32m9.520939e-07[39m
      7 Linear |R| = [32m5.293200e-07[39m
      8 Linear |R| = [32m8.417076e-08[39m
      9 Linear |R| = [33m8.312117e-08[39m
     10 Linear |R| = [32m8.438015e-09[39m
     11 Linear |R| = [32m1.985298e-09[39m
     12 Linear |R| = [32m2.310338e-10[39m
     13 Linear |R| = [32m1.524733e-10[39m
     14 Linear |R| = [32m4.600924e-11[39m
     15 Linear |R| = [32m2.060918e-12[39m
 1 Nonlinear |R| = [32m9.582739e-07[39m
      0 Linear |R| = [32m9.582739e-07[39m
      1 Linear |R| = [32m1.551571e-07[39m
      2 Linear |R| = [32m1.509935e-08[39m
      3 Linear |R| = [32m2.972326e-09[39m
      4 Linear |R| = [32m8.905383e-10[39m
      5 Linear |R| = [33m8.614253e-10[39m
      6 Linear |R| = [32m2.693825e-10[39m
      7 Linear |R| = [32m7.649377e-11[39m
      8 Linear |R| = [32m9.310225e-12[39m
      9 Linear |R| = [33m9.307330e-12[39m
     10 Linear |R| = [32m2.312452e-12[39m
     11 Linear |R| = [32m4.347514e-13[39m
     12 Linear |R| = [32m5.751096e-14[39m
     13 Linear |R| = [32m4.437300e-14[39m
     14 Linear |R| = [32m6.333048e-15[39m
     15 Linear |R| = [32m5.167551e-16[39m
 2 Nonlinear |R| = [32m3.350373e-12[39m
[32m Solve Converged![39m

Outlier Variable Residual Norms:
  uy: [33m2.935586e-12[39m

Postprocessor Values:
+----------------+----------------+----------------+----------------+----------------+----------------+----------------+
| time           | J_max          | J_min          | Jbar_max       | Jbar_min       | center_pressure| edge_ux        |
+----------------+----------------+----------------+----------------+----------------+----------------+----------------+
:                :                :                :                :                :                :                :
|   3.500000e-02 |   9.748173e-01 |   9.719719e-01 |   9.872433e-01 |   9.868423e-01 |   8.045253e-02 |   1.364665e-02 |
|   3.600000e-02 |   9.746770e-01 |   9.719255e-01 |   9.872235e-01 |   9.868340e-01 |   7.769028e-02 |   1.353507e-02 |
|   3.700000e-02 |   9.745415e-01 |   9.718808e-01 |   9.872044e-01 |   9.868261e-01 |   7.502152e-02 |   1.342732e-02 |
|   3.800000e-02 |   9.744107e-01 |   9.718376e-01 |   9.871859e-01 |   9.868184e-01 |   7.244320e-02 |   1.332326e-02 |
|   3.900000e-02 |   9.742843e-01 |   9.717958e-01 |   9.871681e-01 |   9.868110e-01 |   6.995235e-02 |   1.322278e-02 |
|   4.000000e-02 |   9.741623e-01 |   9.717555e-01 |   9.871509e-01 |   9.868038e-01 |   6.754609e-02 |   1.312575e-02 |
|   4.100000e-02 |   9.740445e-01 |   9.717166e-01 |   9.871343e-01 |   9.867970e-01 |   6.522163e-02 |   1.303205e-02 |
|   4.200000e-02 |   9.739308e-01 |   9.716790e-01 |   9.871182e-01 |   9.867903e-01 |   6.297625e-02 |   1.294158e-02 |
|   4.300000e-02 |   9.738210e-01 |   9.716428e-01 |   9.871027e-01 |   9.867839e-01 |   6.080733e-02 |   1.285421e-02 |
|   4.400000e-02 |   9.737150e-01 |   9.716077e-01 |   9.870877e-01 |   9.867778e-01 |   5.871233e-02 |   1.276986e-02 |
|   4.500000e-02 |   9.736126e-01 |   9.715739e-01 |   9.870733e-01 |   9.867719e-01 |   5.668877e-02 |   1.268840e-02 |
|   4.600000e-02 |   9.735137e-01 |   9.715412e-01 |   9.870593e-01 |   9.867661e-01 |   5.473429e-02 |   1.260975e-02 |
|   4.700000e-02 |   9.734183e-01 |   9.715097e-01 |   9.870459e-01 |   9.867606e-01 |   5.284655e-02 |   1.253381e-02 |
|   4.800000e-02 |   9.733262e-01 |   9.714792e-01 |   9.870328e-01 |   9.867553e-01 |   5.102334e-02 |   1.246049e-02 |
|   4.900000e-02 |   9.732372e-01 |   9.714498e-01 |   9.870203e-01 |   9.867502e-01 |   4.926247e-02 |   1.238969e-02 |
+----------------+----------------+----------------+----------------+----------------+----------------+----------------+
+----------------+----------------+----------------+------------------+----------------+----------------+
| time           | mass           | mass_reaction  | outflow_gradient | platen_max     | platen_min     |
+----------------+----------------+----------------+------------------+----------------+----------------+
:                :                :                :                  :                :                :
|   3.500000e-02 |   1.536398e-01 |  -7.615433e-02 |     7.487016e-02 |  -6.572966e-03 |  -6.572966e-03 |
|   3.600000e-02 |   1.535663e-01 |  -7.352792e-02 |     7.228959e-02 |  -6.583240e-03 |  -6.583240e-03 |
|   3.700000e-02 |   1.534953e-01 |  -7.099148e-02 |     6.979731e-02 |  -6.593162e-03 |  -6.593162e-03 |
|   3.800000e-02 |   1.534268e-01 |  -6.854191e-02 |     6.739028e-02 |  -6.602744e-03 |  -6.602744e-03 |
|   3.900000e-02 |   1.533606e-01 |  -6.617624e-02 |     6.506560e-02 |  -6.611997e-03 |  -6.611997e-03 |
|   4.000000e-02 |   1.532967e-01 |  -6.389163e-02 |     6.282048e-02 |  -6.620932e-03 |  -6.620932e-03 |
|   4.100000e-02 |   1.532350e-01 |  -6.168530e-02 |     6.065221e-02 |  -6.629560e-03 |  -6.629560e-03 |
|   4.200000e-02 |   1.531754e-01 |  -5.955461e-02 |     5.855821e-02 |  -6.637892e-03 |  -6.637892e-03 |
|   4.300000e-02 |   1.531179e-01 |  -5.749700e-02 |     5.653595e-02 |  -6.645938e-03 |  -6.645938e-03 |
|   4.400000e-02 |   1.530624e-01 |  -5.550997e-02 |     5.458300e-02 |  -6.653706e-03 |  -6.653706e-03 |
|   4.500000e-02 |   1.530088e-01 |  -5.359115e-02 |     5.269703e-02 |  -6.661208e-03 |  -6.661208e-03 |
|   4.600000e-02 |   1.529571e-01 |  -5.173822e-02 |     5.087576e-02 |  -6.668451e-03 |  -6.668451e-03 |
|   4.700000e-02 |   1.529072e-01 |  -4.994894e-02 |     4.911701e-02 |  -6.675445e-03 |  -6.675445e-03 |
|   4.800000e-02 |   1.528589e-01 |  -4.822115e-02 |     4.741865e-02 |  -6.682198e-03 |  -6.682198e-03 |
|   4.900000e-02 |   1.528124e-01 |  -4.655277e-02 |     4.577864e-02 |  -6.688718e-03 |  -6.688718e-03 |
+----------------+----------------+----------------+------------------+----------------+----------------+
+----------------+--------------------+--------------------+----------------+----------------+----------------+
| time           | solid_fraction_max | solid_fraction_min | stability_max  | stability_min  | top_reaction   |
+----------------+--------------------+--------------------+----------------+----------------+----------------+
:                :                    :                    :                :                :                :
|   3.500000e-02 |       6.093588e-01 |       6.074014e-01 |   2.804622e+01 |   2.800105e+01 |  -1.400000e+00 |
|   3.600000e-02 |       6.093755e-01 |       6.074838e-01 |   2.804463e+01 |   2.800101e+01 |  -1.400000e+00 |
|   3.700000e-02 |       6.093916e-01 |       6.075633e-01 |   2.804310e+01 |   2.800098e+01 |  -1.400000e+00 |
|   3.800000e-02 |       6.094071e-01 |       6.076402e-01 |   2.804161e+01 |   2.800095e+01 |  -1.400000e+00 |
|   3.900000e-02 |       6.094221e-01 |       6.077144e-01 |   2.804018e+01 |   2.800091e+01 |  -1.400000e+00 |
|   4.000000e-02 |       6.094366e-01 |       6.077861e-01 |   2.803880e+01 |   2.800088e+01 |  -1.400000e+00 |
|   4.100000e-02 |       6.094506e-01 |       6.078554e-01 |   2.803747e+01 |   2.800085e+01 |  -1.400000e+00 |
|   4.200000e-02 |       6.094641e-01 |       6.079223e-01 |   2.803618e+01 |   2.800082e+01 |  -1.400000e+00 |
|   4.300000e-02 |       6.094771e-01 |       6.079869e-01 |   2.803493e+01 |   2.800079e+01 |  -1.400000e+00 |
|   4.400000e-02 |       6.094897e-01 |       6.080493e-01 |   2.803373e+01 |   2.800077e+01 |  -1.400000e+00 |
|   4.500000e-02 |       6.095019e-01 |       6.081096e-01 |   2.803256e+01 |   2.800074e+01 |  -1.400000e+00 |
|   4.600000e-02 |       6.095136e-01 |       6.081678e-01 |   2.803144e+01 |   2.800071e+01 |  -1.400000e+00 |
|   4.700000e-02 |       6.095250e-01 |       6.082240e-01 |   2.803036e+01 |   2.800069e+01 |  -1.400000e+00 |
|   4.800000e-02 |       6.095359e-01 |       6.082783e-01 |   2.802931e+01 |   2.800067e+01 |  -1.400000e+00 |
|   4.900000e-02 |       6.095465e-01 |       6.083308e-01 |   2.802830e+01 |   2.800064e+01 |  -1.400000e+00 |
+----------------+--------------------+--------------------+----------------+----------------+----------------+


Time Step 50, time = 0.05, dt = 0.001
 * Nonlinear |R| = [32m5.832123e-03[39m (Before preset BCs, predictors, correctors, and constraints)
 0 Nonlinear |R| = [32m5.832123e-03[39m
      0 Linear |R| = [32m5.832123e-03[39m
      1 Linear |R| = [32m1.785978e-03[39m
      2 Linear |R| = [32m1.594041e-03[39m
      3 Linear |R| = [32m3.203692e-05[39m
      4 Linear |R| = [32m8.616975e-06[39m
      5 Linear |R| = [32m6.908219e-06[39m
      6 Linear |R| = [32m9.193059e-07[39m
      7 Linear |R| = [32m5.110644e-07[39m
      8 Linear |R| = [32m8.064247e-08[39m
      9 Linear |R| = [32m7.043692e-08[39m
     10 Linear |R| = [32m8.146091e-09[39m
     11 Linear |R| = [32m1.916415e-09[39m
     12 Linear |R| = [32m1.900669e-10[39m
     13 Linear |R| = [32m1.471855e-10[39m
     14 Linear |R| = [32m4.441386e-11[39m
     15 Linear |R| = [32m1.988543e-12[39m
 1 Nonlinear |R| = [32m8.936325e-07[39m
      0 Linear |R| = [32m8.936325e-07[39m
      1 Linear |R| = [32m1.439498e-07[39m
      2 Linear |R| = [32m1.482847e-08[39m
      3 Linear |R| = [32m2.716012e-09[39m
      4 Linear |R| = [32m8.119588e-10[39m
      5 Linear |R| = [33m7.786206e-10[39m
      6 Linear |R| = [32m2.436631e-10[39m
      7 Linear |R| = [32m6.887170e-11[39m
      8 Linear |R| = [32m8.388695e-12[39m
      9 Linear |R| = [33m8.388278e-12[39m
     10 Linear |R| = [32m2.131107e-12[39m
     11 Linear |R| = [32m3.857038e-13[39m
     12 Linear |R| = [32m5.058391e-14[39m
     13 Linear |R| = [32m3.777492e-14[39m
     14 Linear |R| = [32m5.861947e-15[39m
     15 Linear |R| = [32m4.520790e-16[39m
 2 Nonlinear |R| = [32m2.905112e-12[39m
[32m Solve Converged![39m

Outlier Variable Residual Norms:
  uy: [33m2.449627e-12[39m

Postprocessor Values:
+----------------+----------------+----------------+----------------+----------------+----------------+----------------+
| time           | J_max          | J_min          | Jbar_max       | Jbar_min       | center_pressure| edge_ux        |
+----------------+----------------+----------------+----------------+----------------+----------------+----------------+
:                :                :                :                :                :                :                :
|   3.600000e-02 |   9.746770e-01 |   9.719255e-01 |   9.872235e-01 |   9.868340e-01 |   7.769028e-02 |   1.353507e-02 |
|   3.700000e-02 |   9.745415e-01 |   9.718808e-01 |   9.872044e-01 |   9.868261e-01 |   7.502152e-02 |   1.342732e-02 |
|   3.800000e-02 |   9.744107e-01 |   9.718376e-01 |   9.871859e-01 |   9.868184e-01 |   7.244320e-02 |   1.332326e-02 |
|   3.900000e-02 |   9.742843e-01 |   9.717958e-01 |   9.871681e-01 |   9.868110e-01 |   6.995235e-02 |   1.322278e-02 |
|   4.000000e-02 |   9.741623e-01 |   9.717555e-01 |   9.871509e-01 |   9.868038e-01 |   6.754609e-02 |   1.312575e-02 |
|   4.100000e-02 |   9.740445e-01 |   9.717166e-01 |   9.871343e-01 |   9.867970e-01 |   6.522163e-02 |   1.303205e-02 |
|   4.200000e-02 |   9.739308e-01 |   9.716790e-01 |   9.871182e-01 |   9.867903e-01 |   6.297625e-02 |   1.294158e-02 |
|   4.300000e-02 |   9.738210e-01 |   9.716428e-01 |   9.871027e-01 |   9.867839e-01 |   6.080733e-02 |   1.285421e-02 |
|   4.400000e-02 |   9.737150e-01 |   9.716077e-01 |   9.870877e-01 |   9.867778e-01 |   5.871233e-02 |   1.276986e-02 |
|   4.500000e-02 |   9.736126e-01 |   9.715739e-01 |   9.870733e-01 |   9.867719e-01 |   5.668877e-02 |   1.268840e-02 |
|   4.600000e-02 |   9.735137e-01 |   9.715412e-01 |   9.870593e-01 |   9.867661e-01 |   5.473429e-02 |   1.260975e-02 |
|   4.700000e-02 |   9.734183e-01 |   9.715097e-01 |   9.870459e-01 |   9.867606e-01 |   5.284655e-02 |   1.253381e-02 |
|   4.800000e-02 |   9.733262e-01 |   9.714792e-01 |   9.870328e-01 |   9.867553e-01 |   5.102334e-02 |   1.246049e-02 |
|   4.900000e-02 |   9.732372e-01 |   9.714498e-01 |   9.870203e-01 |   9.867502e-01 |   4.926247e-02 |   1.238969e-02 |
|   5.000000e-02 |   9.731513e-01 |   9.714214e-01 |   9.870082e-01 |   9.867453e-01 |   4.756187e-02 |   1.232134e-02 |
+----------------+----------------+----------------+----------------+----------------+----------------+----------------+
+----------------+----------------+----------------+------------------+----------------+----------------+
| time           | mass           | mass_reaction  | outflow_gradient | platen_max     | platen_min     |
+----------------+----------------+----------------+------------------+----------------+----------------+
:                :                :                :                  :                :                :
|   3.600000e-02 |   1.535663e-01 |  -7.352792e-02 |     7.228959e-02 |  -6.583240e-03 |  -6.583240e-03 |
|   3.700000e-02 |   1.534953e-01 |  -7.099148e-02 |     6.979731e-02 |  -6.593162e-03 |  -6.593162e-03 |
|   3.800000e-02 |   1.534268e-01 |  -6.854191e-02 |     6.739028e-02 |  -6.602744e-03 |  -6.602744e-03 |
|   3.900000e-02 |   1.533606e-01 |  -6.617624e-02 |     6.506560e-02 |  -6.611997e-03 |  -6.611997e-03 |
|   4.000000e-02 |   1.532967e-01 |  -6.389163e-02 |     6.282048e-02 |  -6.620932e-03 |  -6.620932e-03 |
|   4.100000e-02 |   1.532350e-01 |  -6.168530e-02 |     6.065221e-02 |  -6.629560e-03 |  -6.629560e-03 |
|   4.200000e-02 |   1.531754e-01 |  -5.955461e-02 |     5.855821e-02 |  -6.637892e-03 |  -6.637892e-03 |
|   4.300000e-02 |   1.531179e-01 |  -5.749700e-02 |     5.653595e-02 |  -6.645938e-03 |  -6.645938e-03 |
|   4.400000e-02 |   1.530624e-01 |  -5.550997e-02 |     5.458300e-02 |  -6.653706e-03 |  -6.653706e-03 |
|   4.500000e-02 |   1.530088e-01 |  -5.359115e-02 |     5.269703e-02 |  -6.661208e-03 |  -6.661208e-03 |
|   4.600000e-02 |   1.529571e-01 |  -5.173822e-02 |     5.087576e-02 |  -6.668451e-03 |  -6.668451e-03 |
|   4.700000e-02 |   1.529072e-01 |  -4.994894e-02 |     4.911701e-02 |  -6.675445e-03 |  -6.675445e-03 |
|   4.800000e-02 |   1.528589e-01 |  -4.822115e-02 |     4.741865e-02 |  -6.682198e-03 |  -6.682198e-03 |
|   4.900000e-02 |   1.528124e-01 |  -4.655277e-02 |     4.577864e-02 |  -6.688718e-03 |  -6.688718e-03 |
|   5.000000e-02 |   1.527674e-01 |  -4.494177e-02 |     4.419500e-02 |  -6.695014e-03 |  -6.695014e-03 |
+----------------+----------------+----------------+------------------+----------------+----------------+
+----------------+--------------------+--------------------+----------------+----------------+----------------+
| time           | solid_fraction_max | solid_fraction_min | stability_max  | stability_min  | top_reaction   |
+----------------+--------------------+--------------------+----------------+----------------+----------------+
:                :                    :                    :                :                :                :
|   3.600000e-02 |       6.093755e-01 |       6.074838e-01 |   2.804463e+01 |   2.800101e+01 |  -1.400000e+00 |
|   3.700000e-02 |       6.093916e-01 |       6.075633e-01 |   2.804310e+01 |   2.800098e+01 |  -1.400000e+00 |
|   3.800000e-02 |       6.094071e-01 |       6.076402e-01 |   2.804161e+01 |   2.800095e+01 |  -1.400000e+00 |
|   3.900000e-02 |       6.094221e-01 |       6.077144e-01 |   2.804018e+01 |   2.800091e+01 |  -1.400000e+00 |
|   4.000000e-02 |       6.094366e-01 |       6.077861e-01 |   2.803880e+01 |   2.800088e+01 |  -1.400000e+00 |
|   4.100000e-02 |       6.094506e-01 |       6.078554e-01 |   2.803747e+01 |   2.800085e+01 |  -1.400000e+00 |
|   4.200000e-02 |       6.094641e-01 |       6.079223e-01 |   2.803618e+01 |   2.800082e+01 |  -1.400000e+00 |
|   4.300000e-02 |       6.094771e-01 |       6.079869e-01 |   2.803493e+01 |   2.800079e+01 |  -1.400000e+00 |
|   4.400000e-02 |       6.094897e-01 |       6.080493e-01 |   2.803373e+01 |   2.800077e+01 |  -1.400000e+00 |
|   4.500000e-02 |       6.095019e-01 |       6.081096e-01 |   2.803256e+01 |   2.800074e+01 |  -1.400000e+00 |
|   4.600000e-02 |       6.095136e-01 |       6.081678e-01 |   2.803144e+01 |   2.800071e+01 |  -1.400000e+00 |
|   4.700000e-02 |       6.095250e-01 |       6.082240e-01 |   2.803036e+01 |   2.800069e+01 |  -1.400000e+00 |
|   4.800000e-02 |       6.095359e-01 |       6.082783e-01 |   2.802931e+01 |   2.800067e+01 |  -1.400000e+00 |
|   4.900000e-02 |       6.095465e-01 |       6.083308e-01 |   2.802830e+01 |   2.800064e+01 |  -1.400000e+00 |
|   5.000000e-02 |       6.095567e-01 |       6.083814e-01 |   2.802732e+01 |   2.800062e+01 |  -1.400000e+00 |
+----------------+--------------------+--------------------+----------------+----------------+----------------+


Time Step 51, time = 0.051, dt = 0.001
 * Nonlinear |R| = [32m5.630197e-03[39m (Before preset BCs, predictors, correctors, and constraints)
 0 Nonlinear |R| = [32m5.630197e-03[39m
      0 Linear |R| = [32m5.630197e-03[39m
      1 Linear |R| = [32m1.724470e-03[39m
      2 Linear |R| = [32m1.539207e-03[39m
      3 Linear |R| = [32m3.093141e-05[39m
      4 Linear |R| = [32m8.320630e-06[39m
      5 Linear |R| = [32m6.801402e-06[39m
      6 Linear |R| = [32m8.876248e-07[39m
      7 Linear |R| = [32m4.934275e-07[39m
      8 Linear |R| = [32m7.820487e-08[39m
      9 Linear |R| = [33m7.585214e-08[39m
     10 Linear |R| = [32m7.864257e-09[39m
     11 Linear |R| = [32m1.849960e-09[39m
     12 Linear |R| = [32m2.286161e-10[39m
     13 Linear |R| = [32m1.421222e-10[39m
     14 Linear |R| = [32m4.287300e-11[39m
     15 Linear |R| = [32m1.921519e-12[39m
 1 Nonlinear |R| = [32m8.321220e-07[39m
      0 Linear |R| = [32m8.321220e-07[39m
      1 Linear |R| = [32m1.352306e-07[39m
      2 Linear |R| = [32m1.374292e-08[39m
      3 Linear |R| = [32m2.576348e-09[39m
      4 Linear |R| = [32m7.709003e-10[39m
      5 Linear |R| = [33m7.436014e-10[39m
      6 Linear |R| = [32m2.312221e-10[39m
      7 Linear |R| = [32m6.525727e-11[39m
      8 Linear |R| = [32m7.586946e-12[39m
      9 Linear |R| = [32m7.139562e-12[39m
     10 Linear |R| = [32m1.946423e-12[39m
     11 Linear |R| = [32m3.667468e-13[39m
     12 Linear |R| = [32m3.759957e-14[39m
     13 Linear |R| = [33m3.578798e-14[39m
     14 Linear |R| = [32m5.031280e-15[39m
     15 Linear |R| = [32m4.279923e-16[39m
 2 Nonlinear |R| = [32m2.748849e-12[39m
[32m Solve Converged![39m

Outlier Variable Residual Norms:
  uy: [33m2.448786e-12[39m

Postprocessor Values:
+----------------+----------------+----------------+----------------+----------------+----------------+----------------+
| time           | J_max          | J_min          | Jbar_max       | Jbar_min       | center_pressure| edge_ux        |
+----------------+----------------+----------------+----------------+----------------+----------------+----------------+
:                :                :                :                :                :                :                :
|   3.700000e-02 |   9.745415e-01 |   9.718808e-01 |   9.872044e-01 |   9.868261e-01 |   7.502152e-02 |   1.342732e-02 |
|   3.800000e-02 |   9.744107e-01 |   9.718376e-01 |   9.871859e-01 |   9.868184e-01 |   7.244320e-02 |   1.332326e-02 |
|   3.900000e-02 |   9.742843e-01 |   9.717958e-01 |   9.871681e-01 |   9.868110e-01 |   6.995235e-02 |   1.322278e-02 |
|   4.000000e-02 |   9.741623e-01 |   9.717555e-01 |   9.871509e-01 |   9.868038e-01 |   6.754609e-02 |   1.312575e-02 |
|   4.100000e-02 |   9.740445e-01 |   9.717166e-01 |   9.871343e-01 |   9.867970e-01 |   6.522163e-02 |   1.303205e-02 |
|   4.200000e-02 |   9.739308e-01 |   9.716790e-01 |   9.871182e-01 |   9.867903e-01 |   6.297625e-02 |   1.294158e-02 |
|   4.300000e-02 |   9.738210e-01 |   9.716428e-01 |   9.871027e-01 |   9.867839e-01 |   6.080733e-02 |   1.285421e-02 |
|   4.400000e-02 |   9.737150e-01 |   9.716077e-01 |   9.870877e-01 |   9.867778e-01 |   5.871233e-02 |   1.276986e-02 |
|   4.500000e-02 |   9.736126e-01 |   9.715739e-01 |   9.870733e-01 |   9.867719e-01 |   5.668877e-02 |   1.268840e-02 |
|   4.600000e-02 |   9.735137e-01 |   9.715412e-01 |   9.870593e-01 |   9.867661e-01 |   5.473429e-02 |   1.260975e-02 |
|   4.700000e-02 |   9.734183e-01 |   9.715097e-01 |   9.870459e-01 |   9.867606e-01 |   5.284655e-02 |   1.253381e-02 |
|   4.800000e-02 |   9.733262e-01 |   9.714792e-01 |   9.870328e-01 |   9.867553e-01 |   5.102334e-02 |   1.246049e-02 |
|   4.900000e-02 |   9.732372e-01 |   9.714498e-01 |   9.870203e-01 |   9.867502e-01 |   4.926247e-02 |   1.238969e-02 |
|   5.000000e-02 |   9.731513e-01 |   9.714214e-01 |   9.870082e-01 |   9.867453e-01 |   4.756187e-02 |   1.232134e-02 |
|   5.100000e-02 |   9.730684e-01 |   9.713940e-01 |   9.869964e-01 |   9.867405e-01 |   4.591949e-02 |   1.225534e-02 |
+----------------+----------------+----------------+----------------+----------------+----------------+----------------+
+----------------+----------------+----------------+------------------+----------------+----------------+
| time           | mass           | mass_reaction  | outflow_gradient | platen_max     | platen_min     |
+----------------+----------------+----------------+------------------+----------------+----------------+
:                :                :                :                  :                :                :
|   3.700000e-02 |   1.534953e-01 |  -7.099148e-02 |     6.979731e-02 |  -6.593162e-03 |  -6.593162e-03 |
|   3.800000e-02 |   1.534268e-01 |  -6.854191e-02 |     6.739028e-02 |  -6.602744e-03 |  -6.602744e-03 |
|   3.900000e-02 |   1.533606e-01 |  -6.617624e-02 |     6.506560e-02 |  -6.611997e-03 |  -6.611997e-03 |
|   4.000000e-02 |   1.532967e-01 |  -6.389163e-02 |     6.282048e-02 |  -6.620932e-03 |  -6.620932e-03 |
|   4.100000e-02 |   1.532350e-01 |  -6.168530e-02 |     6.065221e-02 |  -6.629560e-03 |  -6.629560e-03 |
|   4.200000e-02 |   1.531754e-01 |  -5.955461e-02 |     5.855821e-02 |  -6.637892e-03 |  -6.637892e-03 |
|   4.300000e-02 |   1.531179e-01 |  -5.749700e-02 |     5.653595e-02 |  -6.645938e-03 |  -6.645938e-03 |
|   4.400000e-02 |   1.530624e-01 |  -5.550997e-02 |     5.458300e-02 |  -6.653706e-03 |  -6.653706e-03 |
|   4.500000e-02 |   1.530088e-01 |  -5.359115e-02 |     5.269703e-02 |  -6.661208e-03 |  -6.661208e-03 |
|   4.600000e-02 |   1.529571e-01 |  -5.173822e-02 |     5.087576e-02 |  -6.668451e-03 |  -6.668451e-03 |
|   4.700000e-02 |   1.529072e-01 |  -4.994894e-02 |     4.911701e-02 |  -6.675445e-03 |  -6.675445e-03 |
|   4.800000e-02 |   1.528589e-01 |  -4.822115e-02 |     4.741865e-02 |  -6.682198e-03 |  -6.682198e-03 |
|   4.900000e-02 |   1.528124e-01 |  -4.655277e-02 |     4.577864e-02 |  -6.688718e-03 |  -6.688718e-03 |
|   5.000000e-02 |   1.527674e-01 |  -4.494177e-02 |     4.419500e-02 |  -6.695014e-03 |  -6.695014e-03 |
|   5.100000e-02 |   1.527241e-01 |  -4.338620e-02 |     4.266581e-02 |  -6.701092e-03 |  -6.701092e-03 |
+----------------+----------------+----------------+------------------+----------------+----------------+
+----------------+--------------------+--------------------+----------------+----------------+----------------+
| time           | solid_fraction_max | solid_fraction_min | stability_max  | stability_min  | top_reaction   |
+----------------+--------------------+--------------------+----------------+----------------+----------------+
:                :                    :                    :                :                :                :
|   3.700000e-02 |       6.093916e-01 |       6.075633e-01 |   2.804310e+01 |   2.800098e+01 |  -1.400000e+00 |
|   3.800000e-02 |       6.094071e-01 |       6.076402e-01 |   2.804161e+01 |   2.800095e+01 |  -1.400000e+00 |
|   3.900000e-02 |       6.094221e-01 |       6.077144e-01 |   2.804018e+01 |   2.800091e+01 |  -1.400000e+00 |
|   4.000000e-02 |       6.094366e-01 |       6.077861e-01 |   2.803880e+01 |   2.800088e+01 |  -1.400000e+00 |
|   4.100000e-02 |       6.094506e-01 |       6.078554e-01 |   2.803747e+01 |   2.800085e+01 |  -1.400000e+00 |
|   4.200000e-02 |       6.094641e-01 |       6.079223e-01 |   2.803618e+01 |   2.800082e+01 |  -1.400000e+00 |
|   4.300000e-02 |       6.094771e-01 |       6.079869e-01 |   2.803493e+01 |   2.800079e+01 |  -1.400000e+00 |
|   4.400000e-02 |       6.094897e-01 |       6.080493e-01 |   2.803373e+01 |   2.800077e+01 |  -1.400000e+00 |
|   4.500000e-02 |       6.095019e-01 |       6.081096e-01 |   2.803256e+01 |   2.800074e+01 |  -1.400000e+00 |
|   4.600000e-02 |       6.095136e-01 |       6.081678e-01 |   2.803144e+01 |   2.800071e+01 |  -1.400000e+00 |
|   4.700000e-02 |       6.095250e-01 |       6.082240e-01 |   2.803036e+01 |   2.800069e+01 |  -1.400000e+00 |
|   4.800000e-02 |       6.095359e-01 |       6.082783e-01 |   2.802931e+01 |   2.800067e+01 |  -1.400000e+00 |
|   4.900000e-02 |       6.095465e-01 |       6.083308e-01 |   2.802830e+01 |   2.800064e+01 |  -1.400000e+00 |
|   5.000000e-02 |       6.095567e-01 |       6.083814e-01 |   2.802732e+01 |   2.800062e+01 |  -1.400000e+00 |
|   5.100000e-02 |       6.095666e-01 |       6.084303e-01 |   2.802638e+01 |   2.800060e+01 |  -1.400000e+00 |
+----------------+--------------------+--------------------+----------------+----------------+----------------+


Time Step 52, time = 0.052, dt = 0.001
 * Nonlinear |R| = [32m5.435226e-03[39m (Before preset BCs, predictors, correctors, and constraints)
 0 Nonlinear |R| = [32m5.435226e-03[39m
      0 Linear |R| = [32m5.435226e-03[39m
      1 Linear |R| = [32m1.665055e-03[39m
      2 Linear |R| = [32m1.486229e-03[39m
      3 Linear |R| = [32m2.986399e-05[39m
      4 Linear |R| = [32m8.035083e-06[39m
      5 Linear |R| = [32m6.590687e-06[39m
      6 Linear |R| = [32m8.570323e-07[39m
      7 Linear |R| = [32m4.763968e-07[39m
      8 Linear |R| = [32m7.519251e-08[39m
      9 Linear |R| = [32m6.713291e-08[39m
     10 Linear |R| = [32m7.592119e-09[39m
     11 Linear |R| = [32m1.785795e-09[39m
     12 Linear |R| = [32m1.633673e-10[39m
     13 Linear |R| = [32m1.371668e-10[39m
     14 Linear |R| = [32m4.138637e-11[39m
     15 Linear |R| = [32m1.852974e-12[39m
 1 Nonlinear |R| = [32m7.762112e-07[39m
      0 Linear |R| = [32m7.762112e-07[39m
      1 Linear |R| = [32m1.251969e-07[39m
      2 Linear |R| = [32m1.092669e-08[39m
      3 Linear |R| = [32m2.397004e-09[39m
      4 Linear |R| = [32m7.156552e-10[39m
      5 Linear |R| = [33m6.921394e-10[39m
      6 Linear |R| = [32m2.130836e-10[39m
      7 Linear |R| = [32m6.153977e-11[39m
      8 Linear |R| = [32m7.114981e-12[39m
      9 Linear |R| = [33m7.101302e-12[39m
     10 Linear |R| = [32m1.789170e-12[39m
     11 Linear |R| = [32m3.424878e-13[39m
     12 Linear |R| = [32m3.778494e-14[39m
     13 Linear |R| = [32m2.678316e-14[39m
     14 Linear |R| = [32m4.663236e-15[39m
     15 Linear |R| = [32m3.463753e-16[39m
 2 Nonlinear |R| = [32m2.611335e-12[39m
[32m Solve Converged![39m

Outlier Variable Residual Norms:
  uy: [33m2.251823e-12[39m

Postprocessor Values:
+----------------+----------------+----------------+----------------+----------------+----------------+----------------+
| time           | J_max          | J_min          | Jbar_max       | Jbar_min       | center_pressure| edge_ux        |
+----------------+----------------+----------------+----------------+----------------+----------------+----------------+
:                :                :                :                :                :                :                :
|   3.800000e-02 |   9.744107e-01 |   9.718376e-01 |   9.871859e-01 |   9.868184e-01 |   7.244320e-02 |   1.332326e-02 |
|   3.900000e-02 |   9.742843e-01 |   9.717958e-01 |   9.871681e-01 |   9.868110e-01 |   6.995235e-02 |   1.322278e-02 |
|   4.000000e-02 |   9.741623e-01 |   9.717555e-01 |   9.871509e-01 |   9.868038e-01 |   6.754609e-02 |   1.312575e-02 |
|   4.100000e-02 |   9.740445e-01 |   9.717166e-01 |   9.871343e-01 |   9.867970e-01 |   6.522163e-02 |   1.303205e-02 |
|   4.200000e-02 |   9.739308e-01 |   9.716790e-01 |   9.871182e-01 |   9.867903e-01 |   6.297625e-02 |   1.294158e-02 |
|   4.300000e-02 |   9.738210e-01 |   9.716428e-01 |   9.871027e-01 |   9.867839e-01 |   6.080733e-02 |   1.285421e-02 |
|   4.400000e-02 |   9.737150e-01 |   9.716077e-01 |   9.870877e-01 |   9.867778e-01 |   5.871233e-02 |   1.276986e-02 |
|   4.500000e-02 |   9.736126e-01 |   9.715739e-01 |   9.870733e-01 |   9.867719e-01 |   5.668877e-02 |   1.268840e-02 |
|   4.600000e-02 |   9.735137e-01 |   9.715412e-01 |   9.870593e-01 |   9.867661e-01 |   5.473429e-02 |   1.260975e-02 |
|   4.700000e-02 |   9.734183e-01 |   9.715097e-01 |   9.870459e-01 |   9.867606e-01 |   5.284655e-02 |   1.253381e-02 |
|   4.800000e-02 |   9.733262e-01 |   9.714792e-01 |   9.870328e-01 |   9.867553e-01 |   5.102334e-02 |   1.246049e-02 |
|   4.900000e-02 |   9.732372e-01 |   9.714498e-01 |   9.870203e-01 |   9.867502e-01 |   4.926247e-02 |   1.238969e-02 |
|   5.000000e-02 |   9.731513e-01 |   9.714214e-01 |   9.870082e-01 |   9.867453e-01 |   4.756187e-02 |   1.232134e-02 |
|   5.100000e-02 |   9.730684e-01 |   9.713940e-01 |   9.869964e-01 |   9.867405e-01 |   4.591949e-02 |   1.225534e-02 |
|   5.200000e-02 |   9.729884e-01 |   9.713675e-01 |   9.869851e-01 |   9.867359e-01 |   4.433339e-02 |   1.219162e-02 |
+----------------+----------------+----------------+----------------+----------------+----------------+----------------+
+----------------+----------------+----------------+------------------+----------------+----------------+
| time           | mass           | mass_reaction  | outflow_gradient | platen_max     | platen_min     |
+----------------+----------------+----------------+------------------+----------------+----------------+
:                :                :                :                  :                :                :
|   3.800000e-02 |   1.534268e-01 |  -6.854191e-02 |     6.739028e-02 |  -6.602744e-03 |  -6.602744e-03 |
|   3.900000e-02 |   1.533606e-01 |  -6.617624e-02 |     6.506560e-02 |  -6.611997e-03 |  -6.611997e-03 |
|   4.000000e-02 |   1.532967e-01 |  -6.389163e-02 |     6.282048e-02 |  -6.620932e-03 |  -6.620932e-03 |
|   4.100000e-02 |   1.532350e-01 |  -6.168530e-02 |     6.065221e-02 |  -6.629560e-03 |  -6.629560e-03 |
|   4.200000e-02 |   1.531754e-01 |  -5.955461e-02 |     5.855821e-02 |  -6.637892e-03 |  -6.637892e-03 |
|   4.300000e-02 |   1.531179e-01 |  -5.749700e-02 |     5.653595e-02 |  -6.645938e-03 |  -6.645938e-03 |
|   4.400000e-02 |   1.530624e-01 |  -5.550997e-02 |     5.458300e-02 |  -6.653706e-03 |  -6.653706e-03 |
|   4.500000e-02 |   1.530088e-01 |  -5.359115e-02 |     5.269703e-02 |  -6.661208e-03 |  -6.661208e-03 |
|   4.600000e-02 |   1.529571e-01 |  -5.173822e-02 |     5.087576e-02 |  -6.668451e-03 |  -6.668451e-03 |
|   4.700000e-02 |   1.529072e-01 |  -4.994894e-02 |     4.911701e-02 |  -6.675445e-03 |  -6.675445e-03 |
|   4.800000e-02 |   1.528589e-01 |  -4.822115e-02 |     4.741865e-02 |  -6.682198e-03 |  -6.682198e-03 |
|   4.900000e-02 |   1.528124e-01 |  -4.655277e-02 |     4.577864e-02 |  -6.688718e-03 |  -6.688718e-03 |
|   5.000000e-02 |   1.527674e-01 |  -4.494177e-02 |     4.419500e-02 |  -6.695014e-03 |  -6.695014e-03 |
|   5.100000e-02 |   1.527241e-01 |  -4.338620e-02 |     4.266581e-02 |  -6.701092e-03 |  -6.701092e-03 |
|   5.200000e-02 |   1.526822e-01 |  -4.188418e-02 |     4.118922e-02 |  -6.706961e-03 |  -6.706961e-03 |
+----------------+----------------+----------------+------------------+----------------+----------------+
+----------------+--------------------+--------------------+----------------+----------------+----------------+
| time           | solid_fraction_max | solid_fraction_min | stability_max  | stability_min  | top_reaction   |
+----------------+--------------------+--------------------+----------------+----------------+----------------+
:                :                    :                    :                :                :                :
|   3.800000e-02 |       6.094071e-01 |       6.076402e-01 |   2.804161e+01 |   2.800095e+01 |  -1.400000e+00 |
|   3.900000e-02 |       6.094221e-01 |       6.077144e-01 |   2.804018e+01 |   2.800091e+01 |  -1.400000e+00 |
|   4.000000e-02 |       6.094366e-01 |       6.077861e-01 |   2.803880e+01 |   2.800088e+01 |  -1.400000e+00 |
|   4.100000e-02 |       6.094506e-01 |       6.078554e-01 |   2.803747e+01 |   2.800085e+01 |  -1.400000e+00 |
|   4.200000e-02 |       6.094641e-01 |       6.079223e-01 |   2.803618e+01 |   2.800082e+01 |  -1.400000e+00 |
|   4.300000e-02 |       6.094771e-01 |       6.079869e-01 |   2.803493e+01 |   2.800079e+01 |  -1.400000e+00 |
|   4.400000e-02 |       6.094897e-01 |       6.080493e-01 |   2.803373e+01 |   2.800077e+01 |  -1.400000e+00 |
|   4.500000e-02 |       6.095019e-01 |       6.081096e-01 |   2.803256e+01 |   2.800074e+01 |  -1.400000e+00 |
|   4.600000e-02 |       6.095136e-01 |       6.081678e-01 |   2.803144e+01 |   2.800071e+01 |  -1.400000e+00 |
|   4.700000e-02 |       6.095250e-01 |       6.082240e-01 |   2.803036e+01 |   2.800069e+01 |  -1.400000e+00 |
|   4.800000e-02 |       6.095359e-01 |       6.082783e-01 |   2.802931e+01 |   2.800067e+01 |  -1.400000e+00 |
|   4.900000e-02 |       6.095465e-01 |       6.083308e-01 |   2.802830e+01 |   2.800064e+01 |  -1.400000e+00 |
|   5.000000e-02 |       6.095567e-01 |       6.083814e-01 |   2.802732e+01 |   2.800062e+01 |  -1.400000e+00 |
|   5.100000e-02 |       6.095666e-01 |       6.084303e-01 |   2.802638e+01 |   2.800060e+01 |  -1.400000e+00 |
|   5.200000e-02 |       6.095761e-01 |       6.084775e-01 |   2.802546e+01 |   2.800058e+01 |  -1.400000e+00 |
+----------------+--------------------+--------------------+----------------+----------------+----------------+


Time Step 53, time = 0.053, dt = 0.001
 * Nonlinear |R| = [32m5.246973e-03[39m (Before preset BCs, predictors, correctors, and constraints)
 0 Nonlinear |R| = [32m5.246973e-03[39m
      0 Linear |R| = [32m5.246973e-03[39m
      1 Linear |R| = [32m1.607668e-03[39m
      2 Linear |R| = [32m1.435057e-03[39m
      3 Linear |R| = [32m2.883296e-05[39m
      4 Linear |R| = [32m7.759204e-06[39m
      5 Linear |R| = [32m6.462921e-06[39m
      6 Linear |R| = [32m8.274791e-07[39m
      7 Linear |R| = [32m4.599476e-07[39m
      8 Linear |R| = [32m7.266993e-08[39m
      9 Linear |R| = [32m6.743171e-08[39m
     10 Linear |R| = [32m7.329177e-09[39m
     11 Linear |R| = [32m1.723826e-09[39m
     12 Linear |R| = [32m2.010989e-10[39m
     13 Linear |R| = [32m1.324566e-10[39m
     14 Linear |R| = [32m3.995056e-11[39m
     15 Linear |R| = [32m1.792632e-12[39m
 1 Nonlinear |R| = [32m7.227081e-07[39m
      0 Linear |R| = [32m7.227081e-07[39m
      1 Linear |R| = [32m1.172037e-07[39m
      2 Linear |R| = [32m8.776963e-09[39m
      3 Linear |R| = [32m2.262200e-09[39m
      4 Linear |R| = [32m6.731719e-10[39m
      5 Linear |R| = [33m6.485313e-10[39m
      6 Linear |R| = [32m1.988607e-10[39m
      7 Linear |R| = [32m5.824701e-11[39m
      8 Linear |R| = [32m6.844515e-12[39m
      9 Linear |R| = [33m6.571236e-12[39m
     10 Linear |R| = [32m1.770455e-12[39m
     11 Linear |R| = [32m3.190986e-13[39m
     12 Linear |R| = [32m2.934062e-14[39m
     13 Linear |R| = [32m2.753218e-14[39m
     14 Linear |R| = [32m5.425026e-15[39m
     15 Linear |R| = [32m3.644448e-16[39m
 2 Nonlinear |R| = [32m2.392455e-12[39m
[32m Solve Converged![39m

Outlier Variable Residual Norms:
  uy: [33m2.136924e-12[39m

Postprocessor Values:
+----------------+----------------+----------------+----------------+----------------+----------------+----------------+
| time           | J_max          | J_min          | Jbar_max       | Jbar_min       | center_pressure| edge_ux        |
+----------------+----------------+----------------+----------------+----------------+----------------+----------------+
:                :                :                :                :                :                :                :
|   3.900000e-02 |   9.742843e-01 |   9.717958e-01 |   9.871681e-01 |   9.868110e-01 |   6.995235e-02 |   1.322278e-02 |
|   4.000000e-02 |   9.741623e-01 |   9.717555e-01 |   9.871509e-01 |   9.868038e-01 |   6.754609e-02 |   1.312575e-02 |
|   4.100000e-02 |   9.740445e-01 |   9.717166e-01 |   9.871343e-01 |   9.867970e-01 |   6.522163e-02 |   1.303205e-02 |
|   4.200000e-02 |   9.739308e-01 |   9.716790e-01 |   9.871182e-01 |   9.867903e-01 |   6.297625e-02 |   1.294158e-02 |
|   4.300000e-02 |   9.738210e-01 |   9.716428e-01 |   9.871027e-01 |   9.867839e-01 |   6.080733e-02 |   1.285421e-02 |
|   4.400000e-02 |   9.737150e-01 |   9.716077e-01 |   9.870877e-01 |   9.867778e-01 |   5.871233e-02 |   1.276986e-02 |
|   4.500000e-02 |   9.736126e-01 |   9.715739e-01 |   9.870733e-01 |   9.867719e-01 |   5.668877e-02 |   1.268840e-02 |
|   4.600000e-02 |   9.735137e-01 |   9.715412e-01 |   9.870593e-01 |   9.867661e-01 |   5.473429e-02 |   1.260975e-02 |
|   4.700000e-02 |   9.734183e-01 |   9.715097e-01 |   9.870459e-01 |   9.867606e-01 |   5.284655e-02 |   1.253381e-02 |
|   4.800000e-02 |   9.733262e-01 |   9.714792e-01 |   9.870328e-01 |   9.867553e-01 |   5.102334e-02 |   1.246049e-02 |
|   4.900000e-02 |   9.732372e-01 |   9.714498e-01 |   9.870203e-01 |   9.867502e-01 |   4.926247e-02 |   1.238969e-02 |
|   5.000000e-02 |   9.731513e-01 |   9.714214e-01 |   9.870082e-01 |   9.867453e-01 |   4.756187e-02 |   1.232134e-02 |
|   5.100000e-02 |   9.730684e-01 |   9.713940e-01 |   9.869964e-01 |   9.867405e-01 |   4.591949e-02 |   1.225534e-02 |
|   5.200000e-02 |   9.729884e-01 |   9.713675e-01 |   9.869851e-01 |   9.867359e-01 |   4.433339e-02 |   1.219162e-02 |
|   5.300000e-02 |   9.729111e-01 |   9.713419e-01 |   9.869742e-01 |   9.867315e-01 |   4.280166e-02 |   1.213010e-02 |
+----------------+----------------+----------------+----------------+----------------+----------------+----------------+
+----------------+----------------+----------------+------------------+----------------+----------------+
| time           | mass           | mass_reaction  | outflow_gradient | platen_max     | platen_min     |
+----------------+----------------+----------------+------------------+----------------+----------------+
:                :                :                :                  :                :                :
|   3.900000e-02 |   1.533606e-01 |  -6.617624e-02 |     6.506560e-02 |  -6.611997e-03 |  -6.611997e-03 |
|   4.000000e-02 |   1.532967e-01 |  -6.389163e-02 |     6.282048e-02 |  -6.620932e-03 |  -6.620932e-03 |
|   4.100000e-02 |   1.532350e-01 |  -6.168530e-02 |     6.065221e-02 |  -6.629560e-03 |  -6.629560e-03 |
|   4.200000e-02 |   1.531754e-01 |  -5.955461e-02 |     5.855821e-02 |  -6.637892e-03 |  -6.637892e-03 |
|   4.300000e-02 |   1.531179e-01 |  -5.749700e-02 |     5.653595e-02 |  -6.645938e-03 |  -6.645938e-03 |
|   4.400000e-02 |   1.530624e-01 |  -5.550997e-02 |     5.458300e-02 |  -6.653706e-03 |  -6.653706e-03 |
|   4.500000e-02 |   1.530088e-01 |  -5.359115e-02 |     5.269703e-02 |  -6.661208e-03 |  -6.661208e-03 |
|   4.600000e-02 |   1.529571e-01 |  -5.173822e-02 |     5.087576e-02 |  -6.668451e-03 |  -6.668451e-03 |
|   4.700000e-02 |   1.529072e-01 |  -4.994894e-02 |     4.911701e-02 |  -6.675445e-03 |  -6.675445e-03 |
|   4.800000e-02 |   1.528589e-01 |  -4.822115e-02 |     4.741865e-02 |  -6.682198e-03 |  -6.682198e-03 |
|   4.900000e-02 |   1.528124e-01 |  -4.655277e-02 |     4.577864e-02 |  -6.688718e-03 |  -6.688718e-03 |
|   5.000000e-02 |   1.527674e-01 |  -4.494177e-02 |     4.419500e-02 |  -6.695014e-03 |  -6.695014e-03 |
|   5.100000e-02 |   1.527241e-01 |  -4.338620e-02 |     4.266581e-02 |  -6.701092e-03 |  -6.701092e-03 |
|   5.200000e-02 |   1.526822e-01 |  -4.188418e-02 |     4.118922e-02 |  -6.706961e-03 |  -6.706961e-03 |
|   5.300000e-02 |   1.526417e-01 |  -4.043389e-02 |     3.976345e-02 |  -6.712627e-03 |  -6.712627e-03 |
+----------------+----------------+----------------+------------------+----------------+----------------+
+----------------+--------------------+--------------------+----------------+----------------+----------------+
| time           | solid_fraction_max | solid_fraction_min | stability_max  | stability_min  | top_reaction   |
+----------------+--------------------+--------------------+----------------+----------------+----------------+
:                :                    :                    :                :                :                :
|   3.900000e-02 |       6.094221e-01 |       6.077144e-01 |   2.804018e+01 |   2.800091e+01 |  -1.400000e+00 |
|   4.000000e-02 |       6.094366e-01 |       6.077861e-01 |   2.803880e+01 |   2.800088e+01 |  -1.400000e+00 |
|   4.100000e-02 |       6.094506e-01 |       6.078554e-01 |   2.803747e+01 |   2.800085e+01 |  -1.400000e+00 |
|   4.200000e-02 |       6.094641e-01 |       6.079223e-01 |   2.803618e+01 |   2.800082e+01 |  -1.400000e+00 |
|   4.300000e-02 |       6.094771e-01 |       6.079869e-01 |   2.803493e+01 |   2.800079e+01 |  -1.400000e+00 |
|   4.400000e-02 |       6.094897e-01 |       6.080493e-01 |   2.803373e+01 |   2.800077e+01 |  -1.400000e+00 |
|   4.500000e-02 |       6.095019e-01 |       6.081096e-01 |   2.803256e+01 |   2.800074e+01 |  -1.400000e+00 |
|   4.600000e-02 |       6.095136e-01 |       6.081678e-01 |   2.803144e+01 |   2.800071e+01 |  -1.400000e+00 |
|   4.700000e-02 |       6.095250e-01 |       6.082240e-01 |   2.803036e+01 |   2.800069e+01 |  -1.400000e+00 |
|   4.800000e-02 |       6.095359e-01 |       6.082783e-01 |   2.802931e+01 |   2.800067e+01 |  -1.400000e+00 |
|   4.900000e-02 |       6.095465e-01 |       6.083308e-01 |   2.802830e+01 |   2.800064e+01 |  -1.400000e+00 |
|   5.000000e-02 |       6.095567e-01 |       6.083814e-01 |   2.802732e+01 |   2.800062e+01 |  -1.400000e+00 |
|   5.100000e-02 |       6.095666e-01 |       6.084303e-01 |   2.802638e+01 |   2.800060e+01 |  -1.400000e+00 |
|   5.200000e-02 |       6.095761e-01 |       6.084775e-01 |   2.802546e+01 |   2.800058e+01 |  -1.400000e+00 |
|   5.300000e-02 |       6.095853e-01 |       6.085231e-01 |   2.802458e+01 |   2.800056e+01 |  -1.400000e+00 |
+----------------+--------------------+--------------------+----------------+----------------+----------------+


Time Step 54, time = 0.054, dt = 0.001
 * Nonlinear |R| = [32m5.065208e-03[39m (Before preset BCs, predictors, correctors, and constraints)
 0 Nonlinear |R| = [32m5.065208e-03[39m
      0 Linear |R| = [32m5.065208e-03[39m
      1 Linear |R| = [32m1.552238e-03[39m
      2 Linear |R| = [32m1.385625e-03[39m
      3 Linear |R| = [32m2.783742e-05[39m
      4 Linear |R| = [32m7.491011e-06[39m
      5 Linear |R| = [32m6.217393e-06[39m
      6 Linear |R| = [32m7.989379e-07[39m
      7 Linear |R| = [32m4.440634e-07[39m
      8 Linear |R| = [32m7.004571e-08[39m
      9 Linear |R| = [32m6.081613e-08[39m
     10 Linear |R| = [32m7.075555e-09[39m
     11 Linear |R| = [32m1.663970e-09[39m
     12 Linear |R| = [32m1.712238e-10[39m
     13 Linear |R| = [32m1.278626e-10[39m
     14 Linear |R| = [32m3.856348e-11[39m
     15 Linear |R| = [32m1.727107e-12[39m
 1 Nonlinear |R| = [32m6.732167e-07[39m
      0 Linear |R| = [32m6.732167e-07[39m
      1 Linear |R| = [32m1.084650e-07[39m
      2 Linear |R| = [32m5.560069e-09[39m
      3 Linear |R| = [32m2.082730e-09[39m
      4 Linear |R| = [32m6.226253e-10[39m
      5 Linear |R| = [33m6.023430e-10[39m
      6 Linear |R| = [32m1.847698e-10[39m
      7 Linear |R| = [32m5.366375e-11[39m
      8 Linear |R| = [32m6.552453e-12[39m
      9 Linear |R| = [33m6.489413e-12[39m
     10 Linear |R| = [32m1.540108e-12[39m
     11 Linear |R| = [32m3.237165e-13[39m
     12 Linear |R| = [32m3.655718e-14[39m
     13 Linear |R| = [32m2.627701e-14[39m
     14 Linear |R| = [32m4.153191e-15[39m
     15 Linear |R| = [32m3.314099e-16[39m
 2 Nonlinear |R| = [32m2.282015e-12[39m
[32m Solve Converged![39m

Outlier Variable Residual Norms:
  uy: [33m1.946777e-12[39m

Postprocessor Values:
+----------------+----------------+----------------+----------------+----------------+----------------+----------------+
| time           | J_max          | J_min          | Jbar_max       | Jbar_min       | center_pressure| edge_ux        |
+----------------+----------------+----------------+----------------+----------------+----------------+----------------+
:                :                :                :                :                :                :                :
|   4.000000e-02 |   9.741623e-01 |   9.717555e-01 |   9.871509e-01 |   9.868038e-01 |   6.754609e-02 |   1.312575e-02 |
|   4.100000e-02 |   9.740445e-01 |   9.717166e-01 |   9.871343e-01 |   9.867970e-01 |   6.522163e-02 |   1.303205e-02 |
|   4.200000e-02 |   9.739308e-01 |   9.716790e-01 |   9.871182e-01 |   9.867903e-01 |   6.297625e-02 |   1.294158e-02 |
|   4.300000e-02 |   9.738210e-01 |   9.716428e-01 |   9.871027e-01 |   9.867839e-01 |   6.080733e-02 |   1.285421e-02 |
|   4.400000e-02 |   9.737150e-01 |   9.716077e-01 |   9.870877e-01 |   9.867778e-01 |   5.871233e-02 |   1.276986e-02 |
|   4.500000e-02 |   9.736126e-01 |   9.715739e-01 |   9.870733e-01 |   9.867719e-01 |   5.668877e-02 |   1.268840e-02 |
|   4.600000e-02 |   9.735137e-01 |   9.715412e-01 |   9.870593e-01 |   9.867661e-01 |   5.473429e-02 |   1.260975e-02 |
|   4.700000e-02 |   9.734183e-01 |   9.715097e-01 |   9.870459e-01 |   9.867606e-01 |   5.284655e-02 |   1.253381e-02 |
|   4.800000e-02 |   9.733262e-01 |   9.714792e-01 |   9.870328e-01 |   9.867553e-01 |   5.102334e-02 |   1.246049e-02 |
|   4.900000e-02 |   9.732372e-01 |   9.714498e-01 |   9.870203e-01 |   9.867502e-01 |   4.926247e-02 |   1.238969e-02 |
|   5.000000e-02 |   9.731513e-01 |   9.714214e-01 |   9.870082e-01 |   9.867453e-01 |   4.756187e-02 |   1.232134e-02 |
|   5.100000e-02 |   9.730684e-01 |   9.713940e-01 |   9.869964e-01 |   9.867405e-01 |   4.591949e-02 |   1.225534e-02 |
|   5.200000e-02 |   9.729884e-01 |   9.713675e-01 |   9.869851e-01 |   9.867359e-01 |   4.433339e-02 |   1.219162e-02 |
|   5.300000e-02 |   9.729111e-01 |   9.713419e-01 |   9.869742e-01 |   9.867315e-01 |   4.280166e-02 |   1.213010e-02 |
|   5.400000e-02 |   9.728365e-01 |   9.713172e-01 |   9.869637e-01 |   9.867272e-01 |   4.132246e-02 |   1.207071e-02 |
+----------------+----------------+----------------+----------------+----------------+----------------+----------------+
+----------------+----------------+----------------+------------------+----------------+----------------+
| time           | mass           | mass_reaction  | outflow_gradient | platen_max     | platen_min     |
+----------------+----------------+----------------+------------------+----------------+----------------+
:                :                :                :                  :                :                :
|   4.000000e-02 |   1.532967e-01 |  -6.389163e-02 |     6.282048e-02 |  -6.620932e-03 |  -6.620932e-03 |
|   4.100000e-02 |   1.532350e-01 |  -6.168530e-02 |     6.065221e-02 |  -6.629560e-03 |  -6.629560e-03 |
|   4.200000e-02 |   1.531754e-01 |  -5.955461e-02 |     5.855821e-02 |  -6.637892e-03 |  -6.637892e-03 |
|   4.300000e-02 |   1.531179e-01 |  -5.749700e-02 |     5.653595e-02 |  -6.645938e-03 |  -6.645938e-03 |
|   4.400000e-02 |   1.530624e-01 |  -5.550997e-02 |     5.458300e-02 |  -6.653706e-03 |  -6.653706e-03 |
|   4.500000e-02 |   1.530088e-01 |  -5.359115e-02 |     5.269703e-02 |  -6.661208e-03 |  -6.661208e-03 |
|   4.600000e-02 |   1.529571e-01 |  -5.173822e-02 |     5.087576e-02 |  -6.668451e-03 |  -6.668451e-03 |
|   4.700000e-02 |   1.529072e-01 |  -4.994894e-02 |     4.911701e-02 |  -6.675445e-03 |  -6.675445e-03 |
|   4.800000e-02 |   1.528589e-01 |  -4.822115e-02 |     4.741865e-02 |  -6.682198e-03 |  -6.682198e-03 |
|   4.900000e-02 |   1.528124e-01 |  -4.655277e-02 |     4.577864e-02 |  -6.688718e-03 |  -6.688718e-03 |
|   5.000000e-02 |   1.527674e-01 |  -4.494177e-02 |     4.419500e-02 |  -6.695014e-03 |  -6.695014e-03 |
|   5.100000e-02 |   1.527241e-01 |  -4.338620e-02 |     4.266581e-02 |  -6.701092e-03 |  -6.701092e-03 |
|   5.200000e-02 |   1.526822e-01 |  -4.188418e-02 |     4.118922e-02 |  -6.706961e-03 |  -6.706961e-03 |
|   5.300000e-02 |   1.526417e-01 |  -4.043389e-02 |     3.976345e-02 |  -6.712627e-03 |  -6.712627e-03 |
|   5.400000e-02 |   1.526027e-01 |  -3.903355e-02 |     3.838676e-02 |  -6.718098e-03 |  -6.718098e-03 |
+----------------+----------------+----------------+------------------+----------------+----------------+
+----------------+--------------------+--------------------+----------------+----------------+----------------+
| time           | solid_fraction_max | solid_fraction_min | stability_max  | stability_min  | top_reaction   |
+----------------+--------------------+--------------------+----------------+----------------+----------------+
:                :                    :                    :                :                :                :
|   4.000000e-02 |       6.094366e-01 |       6.077861e-01 |   2.803880e+01 |   2.800088e+01 |  -1.400000e+00 |
|   4.100000e-02 |       6.094506e-01 |       6.078554e-01 |   2.803747e+01 |   2.800085e+01 |  -1.400000e+00 |
|   4.200000e-02 |       6.094641e-01 |       6.079223e-01 |   2.803618e+01 |   2.800082e+01 |  -1.400000e+00 |
|   4.300000e-02 |       6.094771e-01 |       6.079869e-01 |   2.803493e+01 |   2.800079e+01 |  -1.400000e+00 |
|   4.400000e-02 |       6.094897e-01 |       6.080493e-01 |   2.803373e+01 |   2.800077e+01 |  -1.400000e+00 |
|   4.500000e-02 |       6.095019e-01 |       6.081096e-01 |   2.803256e+01 |   2.800074e+01 |  -1.400000e+00 |
|   4.600000e-02 |       6.095136e-01 |       6.081678e-01 |   2.803144e+01 |   2.800071e+01 |  -1.400000e+00 |
|   4.700000e-02 |       6.095250e-01 |       6.082240e-01 |   2.803036e+01 |   2.800069e+01 |  -1.400000e+00 |
|   4.800000e-02 |       6.095359e-01 |       6.082783e-01 |   2.802931e+01 |   2.800067e+01 |  -1.400000e+00 |
|   4.900000e-02 |       6.095465e-01 |       6.083308e-01 |   2.802830e+01 |   2.800064e+01 |  -1.400000e+00 |
|   5.000000e-02 |       6.095567e-01 |       6.083814e-01 |   2.802732e+01 |   2.800062e+01 |  -1.400000e+00 |
|   5.100000e-02 |       6.095666e-01 |       6.084303e-01 |   2.802638e+01 |   2.800060e+01 |  -1.400000e+00 |
|   5.200000e-02 |       6.095761e-01 |       6.084775e-01 |   2.802546e+01 |   2.800058e+01 |  -1.400000e+00 |
|   5.300000e-02 |       6.095853e-01 |       6.085231e-01 |   2.802458e+01 |   2.800056e+01 |  -1.400000e+00 |
|   5.400000e-02 |       6.095942e-01 |       6.085672e-01 |   2.802374e+01 |   2.800054e+01 |  -1.400000e+00 |
+----------------+--------------------+--------------------+----------------+----------------+----------------+


Time Step 55, time = 0.055, dt = 0.001
 * Nonlinear |R| = [32m4.889710e-03[39m (Before preset BCs, predictors, correctors, and constraints)
 0 Nonlinear |R| = [32m4.889710e-03[39m
      0 Linear |R| = [32m4.889710e-03[39m
      1 Linear |R| = [32m1.498701e-03[39m
      2 Linear |R| = [32m1.337877e-03[39m
      3 Linear |R| = [32m2.687597e-05[39m
      4 Linear |R| = [32m7.233804e-06[39m
      5 Linear |R| = [32m6.033904e-06[39m
      6 Linear |R| = [32m7.713713e-07[39m
      7 Linear |R| = [32m4.287224e-07[39m
      8 Linear |R| = [32m6.764848e-08[39m
      9 Linear |R| = [32m6.006447e-08[39m
     10 Linear |R| = [32m6.830411e-09[39m
     11 Linear |R| = [32m1.606234e-09[39m
     12 Linear |R| = [32m1.433555e-10[39m
     13 Linear |R| = [32m1.234009e-10[39m
     14 Linear |R| = [32m3.722633e-11[39m
     15 Linear |R| = [32m1.669028e-12[39m
 1 Nonlinear |R| = [32m6.276286e-07[39m
      0 Linear |R| = [32m6.276286e-07[39m
      1 Linear |R| = [32m1.008743e-07[39m
      2 Linear |R| = [32m4.990085e-09[39m
      3 Linear |R| = [32m1.952723e-09[39m
      4 Linear |R| = [32m5.809973e-10[39m
      5 Linear |R| = [33m5.617793e-10[39m
      6 Linear |R| = [32m1.696493e-10[39m
      7 Linear |R| = [32m5.054985e-11[39m
      8 Linear |R| = [32m5.584623e-12[39m
      9 Linear |R| = [33m5.503849e-12[39m
     10 Linear |R| = [32m1.532792e-12[39m
     11 Linear |R| = [32m2.692931e-13[39m
     12 Linear |R| = [32m2.895156e-14[39m
     13 Linear |R| = [33m2.813479e-14[39m
     14 Linear |R| = [32m3.432806e-15[39m
     15 Linear |R| = [32m3.431389e-16[39m
 2 Nonlinear |R| = [32m2.088489e-12[39m
[32m Solve Converged![39m

Outlier Variable Residual Norms:
  uy: [33m1.792173e-12[39m

Postprocessor Values:
+----------------+----------------+----------------+----------------+----------------+----------------+----------------+
| time           | J_max          | J_min          | Jbar_max       | Jbar_min       | center_pressure| edge_ux        |
+----------------+----------------+----------------+----------------+----------------+----------------+----------------+
:                :                :                :                :                :                :                :
|   4.100000e-02 |   9.740445e-01 |   9.717166e-01 |   9.871343e-01 |   9.867970e-01 |   6.522163e-02 |   1.303205e-02 |
|   4.200000e-02 |   9.739308e-01 |   9.716790e-01 |   9.871182e-01 |   9.867903e-01 |   6.297625e-02 |   1.294158e-02 |
|   4.300000e-02 |   9.738210e-01 |   9.716428e-01 |   9.871027e-01 |   9.867839e-01 |   6.080733e-02 |   1.285421e-02 |
|   4.400000e-02 |   9.737150e-01 |   9.716077e-01 |   9.870877e-01 |   9.867778e-01 |   5.871233e-02 |   1.276986e-02 |
|   4.500000e-02 |   9.736126e-01 |   9.715739e-01 |   9.870733e-01 |   9.867719e-01 |   5.668877e-02 |   1.268840e-02 |
|   4.600000e-02 |   9.735137e-01 |   9.715412e-01 |   9.870593e-01 |   9.867661e-01 |   5.473429e-02 |   1.260975e-02 |
|   4.700000e-02 |   9.734183e-01 |   9.715097e-01 |   9.870459e-01 |   9.867606e-01 |   5.284655e-02 |   1.253381e-02 |
|   4.800000e-02 |   9.733262e-01 |   9.714792e-01 |   9.870328e-01 |   9.867553e-01 |   5.102334e-02 |   1.246049e-02 |
|   4.900000e-02 |   9.732372e-01 |   9.714498e-01 |   9.870203e-01 |   9.867502e-01 |   4.926247e-02 |   1.238969e-02 |
|   5.000000e-02 |   9.731513e-01 |   9.714214e-01 |   9.870082e-01 |   9.867453e-01 |   4.756187e-02 |   1.232134e-02 |
|   5.100000e-02 |   9.730684e-01 |   9.713940e-01 |   9.869964e-01 |   9.867405e-01 |   4.591949e-02 |   1.225534e-02 |
|   5.200000e-02 |   9.729884e-01 |   9.713675e-01 |   9.869851e-01 |   9.867359e-01 |   4.433339e-02 |   1.219162e-02 |
|   5.300000e-02 |   9.729111e-01 |   9.713419e-01 |   9.869742e-01 |   9.867315e-01 |   4.280166e-02 |   1.213010e-02 |
|   5.400000e-02 |   9.728365e-01 |   9.713172e-01 |   9.869637e-01 |   9.867272e-01 |   4.132246e-02 |   1.207071e-02 |
|   5.500000e-02 |   9.727644e-01 |   9.712934e-01 |   9.869535e-01 |   9.867231e-01 |   3.989403e-02 |   1.201336e-02 |
+----------------+----------------+----------------+----------------+----------------+----------------+----------------+
+----------------+----------------+----------------+------------------+----------------+----------------+
| time           | mass           | mass_reaction  | outflow_gradient | platen_max     | platen_min     |
+----------------+----------------+----------------+------------------+----------------+----------------+
:                :                :                :                  :                :                :
|   4.100000e-02 |   1.532350e-01 |  -6.168530e-02 |     6.065221e-02 |  -6.629560e-03 |  -6.629560e-03 |
|   4.200000e-02 |   1.531754e-01 |  -5.955461e-02 |     5.855821e-02 |  -6.637892e-03 |  -6.637892e-03 |
|   4.300000e-02 |   1.531179e-01 |  -5.749700e-02 |     5.653595e-02 |  -6.645938e-03 |  -6.645938e-03 |
|   4.400000e-02 |   1.530624e-01 |  -5.550997e-02 |     5.458300e-02 |  -6.653706e-03 |  -6.653706e-03 |
|   4.500000e-02 |   1.530088e-01 |  -5.359115e-02 |     5.269703e-02 |  -6.661208e-03 |  -6.661208e-03 |
|   4.600000e-02 |   1.529571e-01 |  -5.173822e-02 |     5.087576e-02 |  -6.668451e-03 |  -6.668451e-03 |
|   4.700000e-02 |   1.529072e-01 |  -4.994894e-02 |     4.911701e-02 |  -6.675445e-03 |  -6.675445e-03 |
|   4.800000e-02 |   1.528589e-01 |  -4.822115e-02 |     4.741865e-02 |  -6.682198e-03 |  -6.682198e-03 |
|   4.900000e-02 |   1.528124e-01 |  -4.655277e-02 |     4.577864e-02 |  -6.688718e-03 |  -6.688718e-03 |
|   5.000000e-02 |   1.527674e-01 |  -4.494177e-02 |     4.419500e-02 |  -6.695014e-03 |  -6.695014e-03 |
|   5.100000e-02 |   1.527241e-01 |  -4.338620e-02 |     4.266581e-02 |  -6.701092e-03 |  -6.701092e-03 |
|   5.200000e-02 |   1.526822e-01 |  -4.188418e-02 |     4.118922e-02 |  -6.706961e-03 |  -6.706961e-03 |
|   5.300000e-02 |   1.526417e-01 |  -4.043389e-02 |     3.976345e-02 |  -6.712627e-03 |  -6.712627e-03 |
|   5.400000e-02 |   1.526027e-01 |  -3.903355e-02 |     3.838676e-02 |  -6.718098e-03 |  -6.718098e-03 |
|   5.500000e-02 |   1.525650e-01 |  -3.768147e-02 |     3.705749e-02 |  -6.723380e-03 |  -6.723380e-03 |
+----------------+----------------+----------------+------------------+----------------+----------------+
+----------------+--------------------+--------------------+----------------+----------------+----------------+
| time           | solid_fraction_max | solid_fraction_min | stability_max  | stability_min  | top_reaction   |
+----------------+--------------------+--------------------+----------------+----------------+----------------+
:                :                    :                    :                :                :                :
|   4.100000e-02 |       6.094506e-01 |       6.078554e-01 |   2.803747e+01 |   2.800085e+01 |  -1.400000e+00 |
|   4.200000e-02 |       6.094641e-01 |       6.079223e-01 |   2.803618e+01 |   2.800082e+01 |  -1.400000e+00 |
|   4.300000e-02 |       6.094771e-01 |       6.079869e-01 |   2.803493e+01 |   2.800079e+01 |  -1.400000e+00 |
|   4.400000e-02 |       6.094897e-01 |       6.080493e-01 |   2.803373e+01 |   2.800077e+01 |  -1.400000e+00 |
|   4.500000e-02 |       6.095019e-01 |       6.081096e-01 |   2.803256e+01 |   2.800074e+01 |  -1.400000e+00 |
|   4.600000e-02 |       6.095136e-01 |       6.081678e-01 |   2.803144e+01 |   2.800071e+01 |  -1.400000e+00 |
|   4.700000e-02 |       6.095250e-01 |       6.082240e-01 |   2.803036e+01 |   2.800069e+01 |  -1.400000e+00 |
|   4.800000e-02 |       6.095359e-01 |       6.082783e-01 |   2.802931e+01 |   2.800067e+01 |  -1.400000e+00 |
|   4.900000e-02 |       6.095465e-01 |       6.083308e-01 |   2.802830e+01 |   2.800064e+01 |  -1.400000e+00 |
|   5.000000e-02 |       6.095567e-01 |       6.083814e-01 |   2.802732e+01 |   2.800062e+01 |  -1.400000e+00 |
|   5.100000e-02 |       6.095666e-01 |       6.084303e-01 |   2.802638e+01 |   2.800060e+01 |  -1.400000e+00 |
|   5.200000e-02 |       6.095761e-01 |       6.084775e-01 |   2.802546e+01 |   2.800058e+01 |  -1.400000e+00 |
|   5.300000e-02 |       6.095853e-01 |       6.085231e-01 |   2.802458e+01 |   2.800056e+01 |  -1.400000e+00 |
|   5.400000e-02 |       6.095942e-01 |       6.085672e-01 |   2.802374e+01 |   2.800054e+01 |  -1.400000e+00 |
|   5.500000e-02 |       6.096027e-01 |       6.086097e-01 |   2.802291e+01 |   2.800052e+01 |  -1.400000e+00 |
+----------------+--------------------+--------------------+----------------+----------------+----------------+


Time Step 56, time = 0.056, dt = 0.001
 * Nonlinear |R| = [32m4.720265e-03[39m (Before preset BCs, predictors, correctors, and constraints)
 0 Nonlinear |R| = [32m4.720265e-03[39m
      0 Linear |R| = [32m4.720265e-03[39m
      1 Linear |R| = [32m1.446995e-03[39m
      2 Linear |R| = [32m1.291762e-03[39m
      3 Linear |R| = [32m2.594742e-05[39m
      4 Linear |R| = [32m6.981626e-06[39m
      5 Linear |R| = [32m5.694956e-06[39m
      6 Linear |R| = [32m7.447370e-07[39m
      7 Linear |R| = [32m4.139048e-07[39m
      8 Linear |R| = [32m6.543547e-08[39m
      9 Linear |R| = [32m6.184389e-08[39m
     10 Linear |R| = [32m6.593881e-09[39m
     11 Linear |R| = [32m1.550466e-09[39m
     12 Linear |R| = [32m1.623463e-10[39m
     13 Linear |R| = [32m1.191643e-10[39m
     14 Linear |R| = [32m3.593295e-11[39m
     15 Linear |R| = [32m1.609757e-12[39m
 1 Nonlinear |R| = [32m5.842447e-07[39m
      0 Linear |R| = [32m5.842447e-07[39m
      1 Linear |R| = [32m9.411298e-08[39m
      2 Linear |R| = [32m3.802197e-09[39m
      3 Linear |R| = [32m1.807696e-09[39m
      4 Linear |R| = [32m5.456626e-10[39m
      5 Linear |R| = [33m5.214436e-10[39m
      6 Linear |R| = [32m1.678007e-10[39m
      7 Linear |R| = [32m4.660606e-11[39m
      8 Linear |R| = [32m5.589226e-12[39m
      9 Linear |R| = [33m5.526152e-12[39m
     10 Linear |R| = [32m1.390378e-12[39m
     11 Linear |R| = [32m2.674895e-13[39m
     12 Linear |R| = [32m3.045193e-14[39m
     13 Linear |R| = [32m2.417251e-14[39m
     14 Linear |R| = [32m3.983397e-15[39m
     15 Linear |R| = [32m2.923174e-16[39m
 2 Nonlinear |R| = [32m1.790294e-12[39m
[32m Solve Converged![39m

Outlier Variable Residual Norms:
  uy: [33m1.481299e-12[39m

Postprocessor Values:
+----------------+----------------+----------------+----------------+----------------+----------------+----------------+
| time           | J_max          | J_min          | Jbar_max       | Jbar_min       | center_pressure| edge_ux        |
+----------------+----------------+----------------+----------------+----------------+----------------+----------------+
:                :                :                :                :                :                :                :
|   4.200000e-02 |   9.739308e-01 |   9.716790e-01 |   9.871182e-01 |   9.867903e-01 |   6.297625e-02 |   1.294158e-02 |
|   4.300000e-02 |   9.738210e-01 |   9.716428e-01 |   9.871027e-01 |   9.867839e-01 |   6.080733e-02 |   1.285421e-02 |
|   4.400000e-02 |   9.737150e-01 |   9.716077e-01 |   9.870877e-01 |   9.867778e-01 |   5.871233e-02 |   1.276986e-02 |
|   4.500000e-02 |   9.736126e-01 |   9.715739e-01 |   9.870733e-01 |   9.867719e-01 |   5.668877e-02 |   1.268840e-02 |
|   4.600000e-02 |   9.735137e-01 |   9.715412e-01 |   9.870593e-01 |   9.867661e-01 |   5.473429e-02 |   1.260975e-02 |
|   4.700000e-02 |   9.734183e-01 |   9.715097e-01 |   9.870459e-01 |   9.867606e-01 |   5.284655e-02 |   1.253381e-02 |
|   4.800000e-02 |   9.733262e-01 |   9.714792e-01 |   9.870328e-01 |   9.867553e-01 |   5.102334e-02 |   1.246049e-02 |
|   4.900000e-02 |   9.732372e-01 |   9.714498e-01 |   9.870203e-01 |   9.867502e-01 |   4.926247e-02 |   1.238969e-02 |
|   5.000000e-02 |   9.731513e-01 |   9.714214e-01 |   9.870082e-01 |   9.867453e-01 |   4.756187e-02 |   1.232134e-02 |
|   5.100000e-02 |   9.730684e-01 |   9.713940e-01 |   9.869964e-01 |   9.867405e-01 |   4.591949e-02 |   1.225534e-02 |
|   5.200000e-02 |   9.729884e-01 |   9.713675e-01 |   9.869851e-01 |   9.867359e-01 |   4.433339e-02 |   1.219162e-02 |
|   5.300000e-02 |   9.729111e-01 |   9.713419e-01 |   9.869742e-01 |   9.867315e-01 |   4.280166e-02 |   1.213010e-02 |
|   5.400000e-02 |   9.728365e-01 |   9.713172e-01 |   9.869637e-01 |   9.867272e-01 |   4.132246e-02 |   1.207071e-02 |
|   5.500000e-02 |   9.727644e-01 |   9.712934e-01 |   9.869535e-01 |   9.867231e-01 |   3.989403e-02 |   1.201336e-02 |
|   5.600000e-02 |   9.726949e-01 |   9.712704e-01 |   9.869437e-01 |   9.867191e-01 |   3.851464e-02 |   1.195800e-02 |
+----------------+----------------+----------------+----------------+----------------+----------------+----------------+
+----------------+----------------+----------------+------------------+----------------+----------------+
| time           | mass           | mass_reaction  | outflow_gradient | platen_max     | platen_min     |
+----------------+----------------+----------------+------------------+----------------+----------------+
:                :                :                :                  :                :                :
|   4.200000e-02 |   1.531754e-01 |  -5.955461e-02 |     5.855821e-02 |  -6.637892e-03 |  -6.637892e-03 |
|   4.300000e-02 |   1.531179e-01 |  -5.749700e-02 |     5.653595e-02 |  -6.645938e-03 |  -6.645938e-03 |
|   4.400000e-02 |   1.530624e-01 |  -5.550997e-02 |     5.458300e-02 |  -6.653706e-03 |  -6.653706e-03 |
|   4.500000e-02 |   1.530088e-01 |  -5.359115e-02 |     5.269703e-02 |  -6.661208e-03 |  -6.661208e-03 |
|   4.600000e-02 |   1.529571e-01 |  -5.173822e-02 |     5.087576e-02 |  -6.668451e-03 |  -6.668451e-03 |
|   4.700000e-02 |   1.529072e-01 |  -4.994894e-02 |     4.911701e-02 |  -6.675445e-03 |  -6.675445e-03 |
|   4.800000e-02 |   1.528589e-01 |  -4.822115e-02 |     4.741865e-02 |  -6.682198e-03 |  -6.682198e-03 |
|   4.900000e-02 |   1.528124e-01 |  -4.655277e-02 |     4.577864e-02 |  -6.688718e-03 |  -6.688718e-03 |
|   5.000000e-02 |   1.527674e-01 |  -4.494177e-02 |     4.419500e-02 |  -6.695014e-03 |  -6.695014e-03 |
|   5.100000e-02 |   1.527241e-01 |  -4.338620e-02 |     4.266581e-02 |  -6.701092e-03 |  -6.701092e-03 |
|   5.200000e-02 |   1.526822e-01 |  -4.188418e-02 |     4.118922e-02 |  -6.706961e-03 |  -6.706961e-03 |
|   5.300000e-02 |   1.526417e-01 |  -4.043389e-02 |     3.976345e-02 |  -6.712627e-03 |  -6.712627e-03 |
|   5.400000e-02 |   1.526027e-01 |  -3.903355e-02 |     3.838676e-02 |  -6.718098e-03 |  -6.718098e-03 |
|   5.500000e-02 |   1.525650e-01 |  -3.768147e-02 |     3.705749e-02 |  -6.723380e-03 |  -6.723380e-03 |
|   5.600000e-02 |   1.525286e-01 |  -3.637601e-02 |     3.577401e-02 |  -6.728479e-03 |  -6.728479e-03 |
+----------------+----------------+----------------+------------------+----------------+----------------+
+----------------+--------------------+--------------------+----------------+----------------+----------------+
| time           | solid_fraction_max | solid_fraction_min | stability_max  | stability_min  | top_reaction   |
+----------------+--------------------+--------------------+----------------+----------------+----------------+
:                :                    :                    :                :                :                :
|   4.200000e-02 |       6.094641e-01 |       6.079223e-01 |   2.803618e+01 |   2.800082e+01 |  -1.400000e+00 |
|   4.300000e-02 |       6.094771e-01 |       6.079869e-01 |   2.803493e+01 |   2.800079e+01 |  -1.400000e+00 |
|   4.400000e-02 |       6.094897e-01 |       6.080493e-01 |   2.803373e+01 |   2.800077e+01 |  -1.400000e+00 |
|   4.500000e-02 |       6.095019e-01 |       6.081096e-01 |   2.803256e+01 |   2.800074e+01 |  -1.400000e+00 |
|   4.600000e-02 |       6.095136e-01 |       6.081678e-01 |   2.803144e+01 |   2.800071e+01 |  -1.400000e+00 |
|   4.700000e-02 |       6.095250e-01 |       6.082240e-01 |   2.803036e+01 |   2.800069e+01 |  -1.400000e+00 |
|   4.800000e-02 |       6.095359e-01 |       6.082783e-01 |   2.802931e+01 |   2.800067e+01 |  -1.400000e+00 |
|   4.900000e-02 |       6.095465e-01 |       6.083308e-01 |   2.802830e+01 |   2.800064e+01 |  -1.400000e+00 |
|   5.000000e-02 |       6.095567e-01 |       6.083814e-01 |   2.802732e+01 |   2.800062e+01 |  -1.400000e+00 |
|   5.100000e-02 |       6.095666e-01 |       6.084303e-01 |   2.802638e+01 |   2.800060e+01 |  -1.400000e+00 |
|   5.200000e-02 |       6.095761e-01 |       6.084775e-01 |   2.802546e+01 |   2.800058e+01 |  -1.400000e+00 |
|   5.300000e-02 |       6.095853e-01 |       6.085231e-01 |   2.802458e+01 |   2.800056e+01 |  -1.400000e+00 |
|   5.400000e-02 |       6.095942e-01 |       6.085672e-01 |   2.802374e+01 |   2.800054e+01 |  -1.400000e+00 |
|   5.500000e-02 |       6.096027e-01 |       6.086097e-01 |   2.802291e+01 |   2.800052e+01 |  -1.400000e+00 |
|   5.600000e-02 |       6.096110e-01 |       6.086508e-01 |   2.802212e+01 |   2.800050e+01 |  -1.400000e+00 |
+----------------+--------------------+--------------------+----------------+----------------+----------------+


Time Step 57, time = 0.057, dt = 0.001
 * Nonlinear |R| = [32m4.556666e-03[39m (Before preset BCs, predictors, correctors, and constraints)
 0 Nonlinear |R| = [32m4.556666e-03[39m
      0 Linear |R| = [32m4.556666e-03[39m
      1 Linear |R| = [32m1.397057e-03[39m
      2 Linear |R| = [32m1.247220e-03[39m
      3 Linear |R| = [32m2.505071e-05[39m
      4 Linear |R| = [32m6.741855e-06[39m
      5 Linear |R| = [32m5.604653e-06[39m
      6 Linear |R| = [32m7.190310e-07[39m
      7 Linear |R| = [32m3.995996e-07[39m
      8 Linear |R| = [32m6.311904e-08[39m
      9 Linear |R| = [32m5.865291e-08[39m
     10 Linear |R| = [32m6.365368e-09[39m
     11 Linear |R| = [32m1.496663e-09[39m
     12 Linear |R| = [32m1.728004e-10[39m
     13 Linear |R| = [32m1.150484e-10[39m
     14 Linear |R| = [32m3.468708e-11[39m
     15 Linear |R| = [32m1.559648e-12[39m
 1 Nonlinear |R| = [32m5.458174e-07[39m
      0 Linear |R| = [32m5.458174e-07[39m
      1 Linear |R| = [32m8.764218e-08[39m
      2 Linear |R| = [32m2.218594e-09[39m
      3 Linear |R| = [32m1.664801e-09[39m
      4 Linear |R| = [32m5.038187e-10[39m
      5 Linear |R| = [33m4.866257e-10[39m
      6 Linear |R| = [32m1.501644e-10[39m
      7 Linear |R| = [32m4.302940e-11[39m
      8 Linear |R| = [32m4.974118e-12[39m
      9 Linear |R| = [33m4.939543e-12[39m
     10 Linear |R| = [32m1.371096e-12[39m
     11 Linear |R| = [32m2.373299e-13[39m
     12 Linear |R| = [32m2.528978e-14[39m
     13 Linear |R| = [32m2.306094e-14[39m
     14 Linear |R| = [32m3.424249e-15[39m
     15 Linear |R| = [32m2.864013e-16[39m
 2 Nonlinear |R| = [32m1.987189e-12[39m
[32m Solve Converged![39m

Outlier Variable Residual Norms:
  uy: [33m1.775262e-12[39m

Postprocessor Values:
+----------------+----------------+----------------+----------------+----------------+----------------+----------------+
| time           | J_max          | J_min          | Jbar_max       | Jbar_min       | center_pressure| edge_ux        |
+----------------+----------------+----------------+----------------+----------------+----------------+----------------+
:                :                :                :                :                :                :                :
|   4.300000e-02 |   9.738210e-01 |   9.716428e-01 |   9.871027e-01 |   9.867839e-01 |   6.080733e-02 |   1.285421e-02 |
|   4.400000e-02 |   9.737150e-01 |   9.716077e-01 |   9.870877e-01 |   9.867778e-01 |   5.871233e-02 |   1.276986e-02 |
|   4.500000e-02 |   9.736126e-01 |   9.715739e-01 |   9.870733e-01 |   9.867719e-01 |   5.668877e-02 |   1.268840e-02 |
|   4.600000e-02 |   9.735137e-01 |   9.715412e-01 |   9.870593e-01 |   9.867661e-01 |   5.473429e-02 |   1.260975e-02 |
|   4.700000e-02 |   9.734183e-01 |   9.715097e-01 |   9.870459e-01 |   9.867606e-01 |   5.284655e-02 |   1.253381e-02 |
|   4.800000e-02 |   9.733262e-01 |   9.714792e-01 |   9.870328e-01 |   9.867553e-01 |   5.102334e-02 |   1.246049e-02 |
|   4.900000e-02 |   9.732372e-01 |   9.714498e-01 |   9.870203e-01 |   9.867502e-01 |   4.926247e-02 |   1.238969e-02 |
|   5.000000e-02 |   9.731513e-01 |   9.714214e-01 |   9.870082e-01 |   9.867453e-01 |   4.756187e-02 |   1.232134e-02 |
|   5.100000e-02 |   9.730684e-01 |   9.713940e-01 |   9.869964e-01 |   9.867405e-01 |   4.591949e-02 |   1.225534e-02 |
|   5.200000e-02 |   9.729884e-01 |   9.713675e-01 |   9.869851e-01 |   9.867359e-01 |   4.433339e-02 |   1.219162e-02 |
|   5.300000e-02 |   9.729111e-01 |   9.713419e-01 |   9.869742e-01 |   9.867315e-01 |   4.280166e-02 |   1.213010e-02 |
|   5.400000e-02 |   9.728365e-01 |   9.713172e-01 |   9.869637e-01 |   9.867272e-01 |   4.132246e-02 |   1.207071e-02 |
|   5.500000e-02 |   9.727644e-01 |   9.712934e-01 |   9.869535e-01 |   9.867231e-01 |   3.989403e-02 |   1.201336e-02 |
|   5.600000e-02 |   9.726949e-01 |   9.712704e-01 |   9.869437e-01 |   9.867191e-01 |   3.851464e-02 |   1.195800e-02 |
|   5.700000e-02 |   9.726278e-01 |   9.712482e-01 |   9.869342e-01 |   9.867153e-01 |   3.718262e-02 |   1.190455e-02 |
+----------------+----------------+----------------+----------------+----------------+----------------+----------------+
+----------------+----------------+----------------+------------------+----------------+----------------+
| time           | mass           | mass_reaction  | outflow_gradient | platen_max     | platen_min     |
+----------------+----------------+----------------+------------------+----------------+----------------+
:                :                :                :                  :                :                :
|   4.300000e-02 |   1.531179e-01 |  -5.749700e-02 |     5.653595e-02 |  -6.645938e-03 |  -6.645938e-03 |
|   4.400000e-02 |   1.530624e-01 |  -5.550997e-02 |     5.458300e-02 |  -6.653706e-03 |  -6.653706e-03 |
|   4.500000e-02 |   1.530088e-01 |  -5.359115e-02 |     5.269703e-02 |  -6.661208e-03 |  -6.661208e-03 |
|   4.600000e-02 |   1.529571e-01 |  -5.173822e-02 |     5.087576e-02 |  -6.668451e-03 |  -6.668451e-03 |
|   4.700000e-02 |   1.529072e-01 |  -4.994894e-02 |     4.911701e-02 |  -6.675445e-03 |  -6.675445e-03 |
|   4.800000e-02 |   1.528589e-01 |  -4.822115e-02 |     4.741865e-02 |  -6.682198e-03 |  -6.682198e-03 |
|   4.900000e-02 |   1.528124e-01 |  -4.655277e-02 |     4.577864e-02 |  -6.688718e-03 |  -6.688718e-03 |
|   5.000000e-02 |   1.527674e-01 |  -4.494177e-02 |     4.419500e-02 |  -6.695014e-03 |  -6.695014e-03 |
|   5.100000e-02 |   1.527241e-01 |  -4.338620e-02 |     4.266581e-02 |  -6.701092e-03 |  -6.701092e-03 |
|   5.200000e-02 |   1.526822e-01 |  -4.188418e-02 |     4.118922e-02 |  -6.706961e-03 |  -6.706961e-03 |
|   5.300000e-02 |   1.526417e-01 |  -4.043389e-02 |     3.976345e-02 |  -6.712627e-03 |  -6.712627e-03 |
|   5.400000e-02 |   1.526027e-01 |  -3.903355e-02 |     3.838676e-02 |  -6.718098e-03 |  -6.718098e-03 |
|   5.500000e-02 |   1.525650e-01 |  -3.768147e-02 |     3.705749e-02 |  -6.723380e-03 |  -6.723380e-03 |
|   5.600000e-02 |   1.525286e-01 |  -3.637601e-02 |     3.577401e-02 |  -6.728479e-03 |  -6.728479e-03 |
|   5.700000e-02 |   1.524935e-01 |  -3.511556e-02 |     3.453477e-02 |  -6.733403e-03 |  -6.733403e-03 |
+----------------+----------------+----------------+------------------+----------------+----------------+
+----------------+--------------------+--------------------+----------------+----------------+----------------+
| time           | solid_fraction_max | solid_fraction_min | stability_max  | stability_min  | top_reaction   |
+----------------+--------------------+--------------------+----------------+----------------+----------------+
:                :                    :                    :                :                :                :
|   4.300000e-02 |       6.094771e-01 |       6.079869e-01 |   2.803493e+01 |   2.800079e+01 |  -1.400000e+00 |
|   4.400000e-02 |       6.094897e-01 |       6.080493e-01 |   2.803373e+01 |   2.800077e+01 |  -1.400000e+00 |
|   4.500000e-02 |       6.095019e-01 |       6.081096e-01 |   2.803256e+01 |   2.800074e+01 |  -1.400000e+00 |
|   4.600000e-02 |       6.095136e-01 |       6.081678e-01 |   2.803144e+01 |   2.800071e+01 |  -1.400000e+00 |
|   4.700000e-02 |       6.095250e-01 |       6.082240e-01 |   2.803036e+01 |   2.800069e+01 |  -1.400000e+00 |
|   4.800000e-02 |       6.095359e-01 |       6.082783e-01 |   2.802931e+01 |   2.800067e+01 |  -1.400000e+00 |
|   4.900000e-02 |       6.095465e-01 |       6.083308e-01 |   2.802830e+01 |   2.800064e+01 |  -1.400000e+00 |
|   5.000000e-02 |       6.095567e-01 |       6.083814e-01 |   2.802732e+01 |   2.800062e+01 |  -1.400000e+00 |
|   5.100000e-02 |       6.095666e-01 |       6.084303e-01 |   2.802638e+01 |   2.800060e+01 |  -1.400000e+00 |
|   5.200000e-02 |       6.095761e-01 |       6.084775e-01 |   2.802546e+01 |   2.800058e+01 |  -1.400000e+00 |
|   5.300000e-02 |       6.095853e-01 |       6.085231e-01 |   2.802458e+01 |   2.800056e+01 |  -1.400000e+00 |
|   5.400000e-02 |       6.095942e-01 |       6.085672e-01 |   2.802374e+01 |   2.800054e+01 |  -1.400000e+00 |
|   5.500000e-02 |       6.096027e-01 |       6.086097e-01 |   2.802291e+01 |   2.800052e+01 |  -1.400000e+00 |
|   5.600000e-02 |       6.096110e-01 |       6.086508e-01 |   2.802212e+01 |   2.800050e+01 |  -1.400000e+00 |
|   5.700000e-02 |       6.096190e-01 |       6.086904e-01 |   2.802136e+01 |   2.800049e+01 |  -1.400000e+00 |
+----------------+--------------------+--------------------+----------------+----------------+----------------+


Time Step 58, time = 0.058, dt = 0.001
 * Nonlinear |R| = [32m4.398713e-03[39m (Before preset BCs, predictors, correctors, and constraints)
 0 Nonlinear |R| = [32m4.398713e-03[39m
      0 Linear |R| = [32m4.398713e-03[39m
      1 Linear |R| = [32m1.348826e-03[39m
      2 Linear |R| = [32m1.204196e-03[39m
      3 Linear |R| = [32m2.418480e-05[39m
      4 Linear |R| = [32m6.510913e-06[39m
      5 Linear |R| = [32m5.460601e-06[39m
      6 Linear |R| = [32m6.942020e-07[39m
      7 Linear |R| = [32m3.857857e-07[39m
      8 Linear |R| = [32m6.108205e-08[39m
      9 Linear |R| = [33m5.897222e-08[39m
     10 Linear |R| = [32m6.144896e-09[39m
     11 Linear |R| = [32m1.444700e-09[39m
     12 Linear |R| = [32m1.700054e-10[39m
     13 Linear |R| = [32m1.110668e-10[39m
     14 Linear |R| = [32m3.348257e-11[39m
     15 Linear |R| = [32m1.500278e-12[39m
 1 Nonlinear |R| = [32m5.078390e-07[39m
      0 Linear |R| = [32m5.078390e-07[39m
      1 Linear |R| = [32m8.118714e-08[39m
      2 Linear |R| = [32m4.735014e-09[39m
      3 Linear |R| = [32m1.605284e-09[39m
      4 Linear |R| = [32m4.741775e-10[39m
      5 Linear |R| = [33m4.589818e-10[39m
      6 Linear |R| = [32m1.380141e-10[39m
      7 Linear |R| = [32m4.158046e-11[39m
      8 Linear |R| = [32m4.857963e-12[39m
      9 Linear |R| = [33m4.782973e-12[39m
     10 Linear |R| = [32m1.201725e-12[39m
     11 Linear |R| = [32m2.299048e-13[39m
     12 Linear |R| = [32m2.179949e-14[39m
     13 Linear |R| = [32m1.949863e-14[39m
     14 Linear |R| = [32m3.099578e-15[39m
     15 Linear |R| = [32m2.442707e-16[39m
 2 Nonlinear |R| = [32m1.779931e-12[39m
[32m Solve Converged![39m

Outlier Variable Residual Norms:
  uy: [33m1.552276e-12[39m

Postprocessor Values:
+----------------+----------------+----------------+----------------+----------------+----------------+----------------+
| time           | J_max          | J_min          | Jbar_max       | Jbar_min       | center_pressure| edge_ux        |
+----------------+----------------+----------------+----------------+----------------+----------------+----------------+
:                :                :                :                :                :                :                :
|   4.400000e-02 |   9.737150e-01 |   9.716077e-01 |   9.870877e-01 |   9.867778e-01 |   5.871233e-02 |   1.276986e-02 |
|   4.500000e-02 |   9.736126e-01 |   9.715739e-01 |   9.870733e-01 |   9.867719e-01 |   5.668877e-02 |   1.268840e-02 |
|   4.600000e-02 |   9.735137e-01 |   9.715412e-01 |   9.870593e-01 |   9.867661e-01 |   5.473429e-02 |   1.260975e-02 |
|   4.700000e-02 |   9.734183e-01 |   9.715097e-01 |   9.870459e-01 |   9.867606e-01 |   5.284655e-02 |   1.253381e-02 |
|   4.800000e-02 |   9.733262e-01 |   9.714792e-01 |   9.870328e-01 |   9.867553e-01 |   5.102334e-02 |   1.246049e-02 |
|   4.900000e-02 |   9.732372e-01 |   9.714498e-01 |   9.870203e-01 |   9.867502e-01 |   4.926247e-02 |   1.238969e-02 |
|   5.000000e-02 |   9.731513e-01 |   9.714214e-01 |   9.870082e-01 |   9.867453e-01 |   4.756187e-02 |   1.232134e-02 |
|   5.100000e-02 |   9.730684e-01 |   9.713940e-01 |   9.869964e-01 |   9.867405e-01 |   4.591949e-02 |   1.225534e-02 |
|   5.200000e-02 |   9.729884e-01 |   9.713675e-01 |   9.869851e-01 |   9.867359e-01 |   4.433339e-02 |   1.219162e-02 |
|   5.300000e-02 |   9.729111e-01 |   9.713419e-01 |   9.869742e-01 |   9.867315e-01 |   4.280166e-02 |   1.213010e-02 |
|   5.400000e-02 |   9.728365e-01 |   9.713172e-01 |   9.869637e-01 |   9.867272e-01 |   4.132246e-02 |   1.207071e-02 |
|   5.500000e-02 |   9.727644e-01 |   9.712934e-01 |   9.869535e-01 |   9.867231e-01 |   3.989403e-02 |   1.201336e-02 |
|   5.600000e-02 |   9.726949e-01 |   9.712704e-01 |   9.869437e-01 |   9.867191e-01 |   3.851464e-02 |   1.195800e-02 |
|   5.700000e-02 |   9.726278e-01 |   9.712482e-01 |   9.869342e-01 |   9.867153e-01 |   3.718262e-02 |   1.190455e-02 |
|   5.800000e-02 |   9.725629e-01 |   9.712268e-01 |   9.869250e-01 |   9.867116e-01 |   3.589639e-02 |   1.185294e-02 |
+----------------+----------------+----------------+----------------+----------------+----------------+----------------+
+----------------+----------------+----------------+------------------+----------------+----------------+
| time           | mass           | mass_reaction  | outflow_gradient | platen_max     | platen_min     |
+----------------+----------------+----------------+------------------+----------------+----------------+
:                :                :                :                  :                :                :
|   4.400000e-02 |   1.530624e-01 |  -5.550997e-02 |     5.458300e-02 |  -6.653706e-03 |  -6.653706e-03 |
|   4.500000e-02 |   1.530088e-01 |  -5.359115e-02 |     5.269703e-02 |  -6.661208e-03 |  -6.661208e-03 |
|   4.600000e-02 |   1.529571e-01 |  -5.173822e-02 |     5.087576e-02 |  -6.668451e-03 |  -6.668451e-03 |
|   4.700000e-02 |   1.529072e-01 |  -4.994894e-02 |     4.911701e-02 |  -6.675445e-03 |  -6.675445e-03 |
|   4.800000e-02 |   1.528589e-01 |  -4.822115e-02 |     4.741865e-02 |  -6.682198e-03 |  -6.682198e-03 |
|   4.900000e-02 |   1.528124e-01 |  -4.655277e-02 |     4.577864e-02 |  -6.688718e-03 |  -6.688718e-03 |
|   5.000000e-02 |   1.527674e-01 |  -4.494177e-02 |     4.419500e-02 |  -6.695014e-03 |  -6.695014e-03 |
|   5.100000e-02 |   1.527241e-01 |  -4.338620e-02 |     4.266581e-02 |  -6.701092e-03 |  -6.701092e-03 |
|   5.200000e-02 |   1.526822e-01 |  -4.188418e-02 |     4.118922e-02 |  -6.706961e-03 |  -6.706961e-03 |
|   5.300000e-02 |   1.526417e-01 |  -4.043389e-02 |     3.976345e-02 |  -6.712627e-03 |  -6.712627e-03 |
|   5.400000e-02 |   1.526027e-01 |  -3.903355e-02 |     3.838676e-02 |  -6.718098e-03 |  -6.718098e-03 |
|   5.500000e-02 |   1.525650e-01 |  -3.768147e-02 |     3.705749e-02 |  -6.723380e-03 |  -6.723380e-03 |
|   5.600000e-02 |   1.525286e-01 |  -3.637601e-02 |     3.577401e-02 |  -6.728479e-03 |  -6.728479e-03 |
|   5.700000e-02 |   1.524935e-01 |  -3.511556e-02 |     3.453477e-02 |  -6.733403e-03 |  -6.733403e-03 |
|   5.800000e-02 |   1.524596e-01 |  -3.389859e-02 |     3.333825e-02 |  -6.738156e-03 |  -6.738156e-03 |
+----------------+----------------+----------------+------------------+----------------+----------------+
+----------------+--------------------+--------------------+----------------+----------------+----------------+
| time           | solid_fraction_max | solid_fraction_min | stability_max  | stability_min  | top_reaction   |
+----------------+--------------------+--------------------+----------------+----------------+----------------+
:                :                    :                    :                :                :                :
|   4.400000e-02 |       6.094897e-01 |       6.080493e-01 |   2.803373e+01 |   2.800077e+01 |  -1.400000e+00 |
|   4.500000e-02 |       6.095019e-01 |       6.081096e-01 |   2.803256e+01 |   2.800074e+01 |  -1.400000e+00 |
|   4.600000e-02 |       6.095136e-01 |       6.081678e-01 |   2.803144e+01 |   2.800071e+01 |  -1.400000e+00 |
|   4.700000e-02 |       6.095250e-01 |       6.082240e-01 |   2.803036e+01 |   2.800069e+01 |  -1.400000e+00 |
|   4.800000e-02 |       6.095359e-01 |       6.082783e-01 |   2.802931e+01 |   2.800067e+01 |  -1.400000e+00 |
|   4.900000e-02 |       6.095465e-01 |       6.083308e-01 |   2.802830e+01 |   2.800064e+01 |  -1.400000e+00 |
|   5.000000e-02 |       6.095567e-01 |       6.083814e-01 |   2.802732e+01 |   2.800062e+01 |  -1.400000e+00 |
|   5.100000e-02 |       6.095666e-01 |       6.084303e-01 |   2.802638e+01 |   2.800060e+01 |  -1.400000e+00 |
|   5.200000e-02 |       6.095761e-01 |       6.084775e-01 |   2.802546e+01 |   2.800058e+01 |  -1.400000e+00 |
|   5.300000e-02 |       6.095853e-01 |       6.085231e-01 |   2.802458e+01 |   2.800056e+01 |  -1.400000e+00 |
|   5.400000e-02 |       6.095942e-01 |       6.085672e-01 |   2.802374e+01 |   2.800054e+01 |  -1.400000e+00 |
|   5.500000e-02 |       6.096027e-01 |       6.086097e-01 |   2.802291e+01 |   2.800052e+01 |  -1.400000e+00 |
|   5.600000e-02 |       6.096110e-01 |       6.086508e-01 |   2.802212e+01 |   2.800050e+01 |  -1.400000e+00 |
|   5.700000e-02 |       6.096190e-01 |       6.086904e-01 |   2.802136e+01 |   2.800049e+01 |  -1.400000e+00 |
|   5.800000e-02 |       6.096267e-01 |       6.087287e-01 |   2.802062e+01 |   2.800047e+01 |  -1.400000e+00 |
+----------------+--------------------+--------------------+----------------+----------------+----------------+


Time Step 59, time = 0.059, dt = 0.001
 * Nonlinear |R| = [32m4.246213e-03[39m (Before preset BCs, predictors, correctors, and constraints)
 0 Nonlinear |R| = [32m4.246213e-03[39m
      0 Linear |R| = [32m4.246213e-03[39m
      1 Linear |R| = [32m1.302254e-03[39m
      2 Linear |R| = [32m1.162655e-03[39m
      3 Linear |R| = [32m2.334849e-05[39m
      4 Linear |R| = [32m6.283892e-06[39m
      5 Linear |R| = [32m5.232585e-06[39m
      6 Linear |R| = [32m6.702169e-07[39m
      7 Linear |R| = [32m3.724432e-07[39m
      8 Linear |R| = [32m5.874964e-08[39m
      9 Linear |R| = [32m5.200562e-08[39m
     10 Linear |R| = [32m5.932033e-09[39m
     11 Linear |R| = [32m1.394545e-09[39m
     12 Linear |R| = [32m1.501980e-10[39m
     13 Linear |R| = [32m1.072138e-10[39m
     14 Linear |R| = [32m3.232060e-11[39m
     15 Linear |R| = [32m1.447096e-12[39m
 1 Nonlinear |R| = [32m4.730994e-07[39m
      0 Linear |R| = [32m4.730994e-07[39m
      1 Linear |R| = [32m7.643730e-08[39m
      2 Linear |R| = [32m2.131172e-09[39m
      3 Linear |R| = [32m1.471649e-09[39m
      4 Linear |R| = [32m4.453851e-10[39m
      5 Linear |R| = [33m4.294292e-10[39m
      6 Linear |R| = [32m1.339937e-10[39m
      7 Linear |R| = [32m3.803952e-11[39m
      8 Linear |R| = [32m4.577254e-12[39m
      9 Linear |R| = [33m4.576490e-12[39m
     10 Linear |R| = [32m1.094835e-12[39m
     11 Linear |R| = [32m2.238640e-13[39m
     12 Linear |R| = [32m2.196897e-14[39m
     13 Linear |R| = [32m1.714797e-14[39m
     14 Linear |R| = [32m3.053547e-15[39m
     15 Linear |R| = [32m2.008682e-16[39m
 2 Nonlinear |R| = [32m1.625442e-12[39m
[32m Solve Converged![39m

Outlier Variable Residual Norms:
  uy: [33m1.406288e-12[39m

Postprocessor Values:
+----------------+----------------+----------------+----------------+----------------+----------------+----------------+
| time           | J_max          | J_min          | Jbar_max       | Jbar_min       | center_pressure| edge_ux        |
+----------------+----------------+----------------+----------------+----------------+----------------+----------------+
:                :                :                :                :                :                :                :
|   4.500000e-02 |   9.736126e-01 |   9.715739e-01 |   9.870733e-01 |   9.867719e-01 |   5.668877e-02 |   1.268840e-02 |
|   4.600000e-02 |   9.735137e-01 |   9.715412e-01 |   9.870593e-01 |   9.867661e-01 |   5.473429e-02 |   1.260975e-02 |
|   4.700000e-02 |   9.734183e-01 |   9.715097e-01 |   9.870459e-01 |   9.867606e-01 |   5.284655e-02 |   1.253381e-02 |
|   4.800000e-02 |   9.733262e-01 |   9.714792e-01 |   9.870328e-01 |   9.867553e-01 |   5.102334e-02 |   1.246049e-02 |
|   4.900000e-02 |   9.732372e-01 |   9.714498e-01 |   9.870203e-01 |   9.867502e-01 |   4.926247e-02 |   1.238969e-02 |
|   5.000000e-02 |   9.731513e-01 |   9.714214e-01 |   9.870082e-01 |   9.867453e-01 |   4.756187e-02 |   1.232134e-02 |
|   5.100000e-02 |   9.730684e-01 |   9.713940e-01 |   9.869964e-01 |   9.867405e-01 |   4.591949e-02 |   1.225534e-02 |
|   5.200000e-02 |   9.729884e-01 |   9.713675e-01 |   9.869851e-01 |   9.867359e-01 |   4.433339e-02 |   1.219162e-02 |
|   5.300000e-02 |   9.729111e-01 |   9.713419e-01 |   9.869742e-01 |   9.867315e-01 |   4.280166e-02 |   1.213010e-02 |
|   5.400000e-02 |   9.728365e-01 |   9.713172e-01 |   9.869637e-01 |   9.867272e-01 |   4.132246e-02 |   1.207071e-02 |
|   5.500000e-02 |   9.727644e-01 |   9.712934e-01 |   9.869535e-01 |   9.867231e-01 |   3.989403e-02 |   1.201336e-02 |
|   5.600000e-02 |   9.726949e-01 |   9.712704e-01 |   9.869437e-01 |   9.867191e-01 |   3.851464e-02 |   1.195800e-02 |
|   5.700000e-02 |   9.726278e-01 |   9.712482e-01 |   9.869342e-01 |   9.867153e-01 |   3.718262e-02 |   1.190455e-02 |
|   5.800000e-02 |   9.725629e-01 |   9.712268e-01 |   9.869250e-01 |   9.867116e-01 |   3.589639e-02 |   1.185294e-02 |
|   5.900000e-02 |   9.725004e-01 |   9.712061e-01 |   9.869162e-01 |   9.867081e-01 |   3.465438e-02 |   1.180312e-02 |
+----------------+----------------+----------------+----------------+----------------+----------------+----------------+
+----------------+----------------+----------------+------------------+----------------+----------------+
| time           | mass           | mass_reaction  | outflow_gradient | platen_max     | platen_min     |
+----------------+----------------+----------------+------------------+----------------+----------------+
:                :                :                :                  :                :                :
|   4.500000e-02 |   1.530088e-01 |  -5.359115e-02 |     5.269703e-02 |  -6.661208e-03 |  -6.661208e-03 |
|   4.600000e-02 |   1.529571e-01 |  -5.173822e-02 |     5.087576e-02 |  -6.668451e-03 |  -6.668451e-03 |
|   4.700000e-02 |   1.529072e-01 |  -4.994894e-02 |     4.911701e-02 |  -6.675445e-03 |  -6.675445e-03 |
|   4.800000e-02 |   1.528589e-01 |  -4.822115e-02 |     4.741865e-02 |  -6.682198e-03 |  -6.682198e-03 |
|   4.900000e-02 |   1.528124e-01 |  -4.655277e-02 |     4.577864e-02 |  -6.688718e-03 |  -6.688718e-03 |
|   5.000000e-02 |   1.527674e-01 |  -4.494177e-02 |     4.419500e-02 |  -6.695014e-03 |  -6.695014e-03 |
|   5.100000e-02 |   1.527241e-01 |  -4.338620e-02 |     4.266581e-02 |  -6.701092e-03 |  -6.701092e-03 |
|   5.200000e-02 |   1.526822e-01 |  -4.188418e-02 |     4.118922e-02 |  -6.706961e-03 |  -6.706961e-03 |
|   5.300000e-02 |   1.526417e-01 |  -4.043389e-02 |     3.976345e-02 |  -6.712627e-03 |  -6.712627e-03 |
|   5.400000e-02 |   1.526027e-01 |  -3.903355e-02 |     3.838676e-02 |  -6.718098e-03 |  -6.718098e-03 |
|   5.500000e-02 |   1.525650e-01 |  -3.768147e-02 |     3.705749e-02 |  -6.723380e-03 |  -6.723380e-03 |
|   5.600000e-02 |   1.525286e-01 |  -3.637601e-02 |     3.577401e-02 |  -6.728479e-03 |  -6.728479e-03 |
|   5.700000e-02 |   1.524935e-01 |  -3.511556e-02 |     3.453477e-02 |  -6.733403e-03 |  -6.733403e-03 |
|   5.800000e-02 |   1.524596e-01 |  -3.389859e-02 |     3.333825e-02 |  -6.738156e-03 |  -6.738156e-03 |
|   5.900000e-02 |   1.524269e-01 |  -3.272361e-02 |     3.218300e-02 |  -6.742745e-03 |  -6.742745e-03 |
+----------------+----------------+----------------+------------------+----------------+----------------+
+----------------+--------------------+--------------------+----------------+----------------+----------------+
| time           | solid_fraction_max | solid_fraction_min | stability_max  | stability_min  | top_reaction   |
+----------------+--------------------+--------------------+----------------+----------------+----------------+
:                :                    :                    :                :                :                :
|   4.500000e-02 |       6.095019e-01 |       6.081096e-01 |   2.803256e+01 |   2.800074e+01 |  -1.400000e+00 |
|   4.600000e-02 |       6.095136e-01 |       6.081678e-01 |   2.803144e+01 |   2.800071e+01 |  -1.400000e+00 |
|   4.700000e-02 |       6.095250e-01 |       6.082240e-01 |   2.803036e+01 |   2.800069e+01 |  -1.400000e+00 |
|   4.800000e-02 |       6.095359e-01 |       6.082783e-01 |   2.802931e+01 |   2.800067e+01 |  -1.400000e+00 |
|   4.900000e-02 |       6.095465e-01 |       6.083308e-01 |   2.802830e+01 |   2.800064e+01 |  -1.400000e+00 |
|   5.000000e-02 |       6.095567e-01 |       6.083814e-01 |   2.802732e+01 |   2.800062e+01 |  -1.400000e+00 |
|   5.100000e-02 |       6.095666e-01 |       6.084303e-01 |   2.802638e+01 |   2.800060e+01 |  -1.400000e+00 |
|   5.200000e-02 |       6.095761e-01 |       6.084775e-01 |   2.802546e+01 |   2.800058e+01 |  -1.400000e+00 |
|   5.300000e-02 |       6.095853e-01 |       6.085231e-01 |   2.802458e+01 |   2.800056e+01 |  -1.400000e+00 |
|   5.400000e-02 |       6.095942e-01 |       6.085672e-01 |   2.802374e+01 |   2.800054e+01 |  -1.400000e+00 |
|   5.500000e-02 |       6.096027e-01 |       6.086097e-01 |   2.802291e+01 |   2.800052e+01 |  -1.400000e+00 |
|   5.600000e-02 |       6.096110e-01 |       6.086508e-01 |   2.802212e+01 |   2.800050e+01 |  -1.400000e+00 |
|   5.700000e-02 |       6.096190e-01 |       6.086904e-01 |   2.802136e+01 |   2.800049e+01 |  -1.400000e+00 |
|   5.800000e-02 |       6.096267e-01 |       6.087287e-01 |   2.802062e+01 |   2.800047e+01 |  -1.400000e+00 |
|   5.900000e-02 |       6.096342e-01 |       6.087657e-01 |   2.801990e+01 |   2.800045e+01 |  -1.400000e+00 |
+----------------+--------------------+--------------------+----------------+----------------+----------------+


Time Step 60, time = 0.06, dt = 0.001
 * Nonlinear |R| = [32m4.098980e-03[39m (Before preset BCs, predictors, correctors, and constraints)
 0 Nonlinear |R| = [32m4.098980e-03[39m
      0 Linear |R| = [32m4.098980e-03[39m
      1 Linear |R| = [32m1.257276e-03[39m
      2 Linear |R| = [32m1.122532e-03[39m
      3 Linear |R| = [32m2.254093e-05[39m
      4 Linear |R| = [32m6.065984e-06[39m
      5 Linear |R| = [32m5.027882e-06[39m
      6 Linear |R| = [32m6.470622e-07[39m
      7 Linear |R| = [32m3.595617e-07[39m
      8 Linear |R| = [32m5.681038e-08[39m
      9 Linear |R| = [32m5.326019e-08[39m
     10 Linear |R| = [32m5.726324e-09[39m
     11 Linear |R| = [32m1.346117e-09[39m
     12 Linear |R| = [32m1.563712e-10[39m
     13 Linear |R| = [32m1.035047e-10[39m
     14 Linear |R| = [32m3.119842e-11[39m
     15 Linear |R| = [32m1.403655e-12[39m
 1 Nonlinear |R| = [32m4.423411e-07[39m
      0 Linear |R| = [32m4.423411e-07[39m
      1 Linear |R| = [32m7.177086e-08[39m
      2 Linear |R| = [32m7.633777e-09[39m
      3 Linear |R| = [32m1.373815e-09[39m
      4 Linear |R| = [32m4.091021e-10[39m
      5 Linear |R| = [33m3.958111e-10[39m
      6 Linear |R| = [32m1.208007e-10[39m
      7 Linear |R| = [32m3.515478e-11[39m
      8 Linear |R| = [32m4.113128e-12[39m
      9 Linear |R| = [32m3.830978e-12[39m
     10 Linear |R| = [32m1.095502e-12[39m
     11 Linear |R| = [32m1.947989e-13[39m
     12 Linear |R| = [32m1.948927e-14[39m
     13 Linear |R| = [32m1.795787e-14[39m
     14 Linear |R| = [32m2.721418e-15[39m
     15 Linear |R| = [32m2.317841e-16[39m
 2 Nonlinear |R| = [32m1.494800e-12[39m
[32m Solve Converged![39m

Outlier Variable Residual Norms:
  uy: [33m1.290760e-12[39m

Postprocessor Values:
+----------------+----------------+----------------+----------------+----------------+----------------+----------------+
| time           | J_max          | J_min          | Jbar_max       | Jbar_min       | center_pressure| edge_ux        |
+----------------+----------------+----------------+----------------+----------------+----------------+----------------+
:                :                :                :                :                :                :                :
|   4.600000e-02 |   9.735137e-01 |   9.715412e-01 |   9.870593e-01 |   9.867661e-01 |   5.473429e-02 |   1.260975e-02 |
|   4.700000e-02 |   9.734183e-01 |   9.715097e-01 |   9.870459e-01 |   9.867606e-01 |   5.284655e-02 |   1.253381e-02 |
|   4.800000e-02 |   9.733262e-01 |   9.714792e-01 |   9.870328e-01 |   9.867553e-01 |   5.102334e-02 |   1.246049e-02 |
|   4.900000e-02 |   9.732372e-01 |   9.714498e-01 |   9.870203e-01 |   9.867502e-01 |   4.926247e-02 |   1.238969e-02 |
|   5.000000e-02 |   9.731513e-01 |   9.714214e-01 |   9.870082e-01 |   9.867453e-01 |   4.756187e-02 |   1.232134e-02 |
|   5.100000e-02 |   9.730684e-01 |   9.713940e-01 |   9.869964e-01 |   9.867405e-01 |   4.591949e-02 |   1.225534e-02 |
|   5.200000e-02 |   9.729884e-01 |   9.713675e-01 |   9.869851e-01 |   9.867359e-01 |   4.433339e-02 |   1.219162e-02 |
|   5.300000e-02 |   9.729111e-01 |   9.713419e-01 |   9.869742e-01 |   9.867315e-01 |   4.280166e-02 |   1.213010e-02 |
|   5.400000e-02 |   9.728365e-01 |   9.713172e-01 |   9.869637e-01 |   9.867272e-01 |   4.132246e-02 |   1.207071e-02 |
|   5.500000e-02 |   9.727644e-01 |   9.712934e-01 |   9.869535e-01 |   9.867231e-01 |   3.989403e-02 |   1.201336e-02 |
|   5.600000e-02 |   9.726949e-01 |   9.712704e-01 |   9.869437e-01 |   9.867191e-01 |   3.851464e-02 |   1.195800e-02 |
|   5.700000e-02 |   9.726278e-01 |   9.712482e-01 |   9.869342e-01 |   9.867153e-01 |   3.718262e-02 |   1.190455e-02 |
|   5.800000e-02 |   9.725629e-01 |   9.712268e-01 |   9.869250e-01 |   9.867116e-01 |   3.589639e-02 |   1.185294e-02 |
|   5.900000e-02 |   9.725004e-01 |   9.712061e-01 |   9.869162e-01 |   9.867081e-01 |   3.465438e-02 |   1.180312e-02 |
|   6.000000e-02 |   9.724400e-01 |   9.711861e-01 |   9.869076e-01 |   9.867047e-01 |   3.345509e-02 |   1.175503e-02 |
+----------------+----------------+----------------+----------------+----------------+----------------+----------------+
+----------------+----------------+----------------+------------------+----------------+----------------+
| time           | mass           | mass_reaction  | outflow_gradient | platen_max     | platen_min     |
+----------------+----------------+----------------+------------------+----------------+----------------+
:                :                :                :                  :                :                :
|   4.600000e-02 |   1.529571e-01 |  -5.173822e-02 |     5.087576e-02 |  -6.668451e-03 |  -6.668451e-03 |
|   4.700000e-02 |   1.529072e-01 |  -4.994894e-02 |     4.911701e-02 |  -6.675445e-03 |  -6.675445e-03 |
|   4.800000e-02 |   1.528589e-01 |  -4.822115e-02 |     4.741865e-02 |  -6.682198e-03 |  -6.682198e-03 |
|   4.900000e-02 |   1.528124e-01 |  -4.655277e-02 |     4.577864e-02 |  -6.688718e-03 |  -6.688718e-03 |
|   5.000000e-02 |   1.527674e-01 |  -4.494177e-02 |     4.419500e-02 |  -6.695014e-03 |  -6.695014e-03 |
|   5.100000e-02 |   1.527241e-01 |  -4.338620e-02 |     4.266581e-02 |  -6.701092e-03 |  -6.701092e-03 |
|   5.200000e-02 |   1.526822e-01 |  -4.188418e-02 |     4.118922e-02 |  -6.706961e-03 |  -6.706961e-03 |
|   5.300000e-02 |   1.526417e-01 |  -4.043389e-02 |     3.976345e-02 |  -6.712627e-03 |  -6.712627e-03 |
|   5.400000e-02 |   1.526027e-01 |  -3.903355e-02 |     3.838676e-02 |  -6.718098e-03 |  -6.718098e-03 |
|   5.500000e-02 |   1.525650e-01 |  -3.768147e-02 |     3.705749e-02 |  -6.723380e-03 |  -6.723380e-03 |
|   5.600000e-02 |   1.525286e-01 |  -3.637601e-02 |     3.577401e-02 |  -6.728479e-03 |  -6.728479e-03 |
|   5.700000e-02 |   1.524935e-01 |  -3.511556e-02 |     3.453477e-02 |  -6.733403e-03 |  -6.733403e-03 |
|   5.800000e-02 |   1.524596e-01 |  -3.389859e-02 |     3.333825e-02 |  -6.738156e-03 |  -6.738156e-03 |
|   5.900000e-02 |   1.524269e-01 |  -3.272361e-02 |     3.218300e-02 |  -6.742745e-03 |  -6.742745e-03 |
|   6.000000e-02 |   1.523953e-01 |  -3.158920e-02 |     3.106760e-02 |  -6.747175e-03 |  -6.747175e-03 |
+----------------+----------------+----------------+------------------+----------------+----------------+
+----------------+--------------------+--------------------+----------------+----------------+----------------+
| time           | solid_fraction_max | solid_fraction_min | stability_max  | stability_min  | top_reaction   |
+----------------+--------------------+--------------------+----------------+----------------+----------------+
:                :                    :                    :                :                :                :
|   4.600000e-02 |       6.095136e-01 |       6.081678e-01 |   2.803144e+01 |   2.800071e+01 |  -1.400000e+00 |
|   4.700000e-02 |       6.095250e-01 |       6.082240e-01 |   2.803036e+01 |   2.800069e+01 |  -1.400000e+00 |
|   4.800000e-02 |       6.095359e-01 |       6.082783e-01 |   2.802931e+01 |   2.800067e+01 |  -1.400000e+00 |
|   4.900000e-02 |       6.095465e-01 |       6.083308e-01 |   2.802830e+01 |   2.800064e+01 |  -1.400000e+00 |
|   5.000000e-02 |       6.095567e-01 |       6.083814e-01 |   2.802732e+01 |   2.800062e+01 |  -1.400000e+00 |
|   5.100000e-02 |       6.095666e-01 |       6.084303e-01 |   2.802638e+01 |   2.800060e+01 |  -1.400000e+00 |
|   5.200000e-02 |       6.095761e-01 |       6.084775e-01 |   2.802546e+01 |   2.800058e+01 |  -1.400000e+00 |
|   5.300000e-02 |       6.095853e-01 |       6.085231e-01 |   2.802458e+01 |   2.800056e+01 |  -1.400000e+00 |
|   5.400000e-02 |       6.095942e-01 |       6.085672e-01 |   2.802374e+01 |   2.800054e+01 |  -1.400000e+00 |
|   5.500000e-02 |       6.096027e-01 |       6.086097e-01 |   2.802291e+01 |   2.800052e+01 |  -1.400000e+00 |
|   5.600000e-02 |       6.096110e-01 |       6.086508e-01 |   2.802212e+01 |   2.800050e+01 |  -1.400000e+00 |
|   5.700000e-02 |       6.096190e-01 |       6.086904e-01 |   2.802136e+01 |   2.800049e+01 |  -1.400000e+00 |
|   5.800000e-02 |       6.096267e-01 |       6.087287e-01 |   2.802062e+01 |   2.800047e+01 |  -1.400000e+00 |
|   5.900000e-02 |       6.096342e-01 |       6.087657e-01 |   2.801990e+01 |   2.800045e+01 |  -1.400000e+00 |
|   6.000000e-02 |       6.096413e-01 |       6.088014e-01 |   2.801922e+01 |   2.800044e+01 |  -1.400000e+00 |
+----------------+--------------------+--------------------+----------------+----------------+----------------+


Time Step 61, time = 0.061, dt = 0.001
 * Nonlinear |R| = [32m3.956832e-03[39m (Before preset BCs, predictors, correctors, and constraints)
 0 Nonlinear |R| = [32m3.956832e-03[39m
      0 Linear |R| = [32m3.956832e-03[39m
      1 Linear |R| = [32m1.213833e-03[39m
      2 Linear |R| = [32m1.083771e-03[39m
      3 Linear |R| = [32m2.176125e-05[39m
      4 Linear |R| = [32m5.855821e-06[39m
      5 Linear |R| = [32m4.802088e-06[39m
      6 Linear |R| = [32m6.246976e-07[39m
      7 Linear |R| = [32m3.471221e-07[39m
      8 Linear |R| = [32m5.475920e-08[39m
      9 Linear |R| = [32m4.886244e-08[39m
     10 Linear |R| = [32m5.527888e-09[39m
     11 Linear |R| = [32m1.299377e-09[39m
     12 Linear |R| = [32m1.374311e-10[39m
     13 Linear |R| = [32m9.991405e-11[39m
     14 Linear |R| = [32m3.011538e-11[39m
     15 Linear |R| = [32m1.350424e-12[39m
 1 Nonlinear |R| = [32m4.109167e-07[39m
      0 Linear |R| = [32m4.109167e-07[39m
      1 Linear |R| = [32m6.605818e-08[39m
      2 Linear |R| = [32m2.828463e-09[39m
      3 Linear |R| = [32m1.293526e-09[39m
      4 Linear |R| = [32m3.825561e-10[39m
      5 Linear |R| = [33m3.683671e-10[39m
      6 Linear |R| = [32m1.121914e-10[39m
      7 Linear |R| = [32m3.274980e-11[39m
      8 Linear |R| = [32m4.026523e-12[39m
      9 Linear |R| = [33m4.025736e-12[39m
     10 Linear |R| = [32m9.565170e-13[39m
     11 Linear |R| = [32m1.894560e-13[39m
     12 Linear |R| = [32m2.251855e-14[39m
     13 Linear |R| = [32m1.696282e-14[39m
     14 Linear |R| = [32m3.206856e-15[39m
     15 Linear |R| = [32m2.012493e-16[39m
 2 Nonlinear |R| = [32m1.335393e-12[39m
[32m Solve Converged![39m

Outlier Variable Residual Norms:
  uy: [33m1.125727e-12[39m

Postprocessor Values:
+----------------+----------------+----------------+----------------+----------------+----------------+----------------+
| time           | J_max          | J_min          | Jbar_max       | Jbar_min       | center_pressure| edge_ux        |
+----------------+----------------+----------------+----------------+----------------+----------------+----------------+
:                :                :                :                :                :                :                :
|   4.700000e-02 |   9.734183e-01 |   9.715097e-01 |   9.870459e-01 |   9.867606e-01 |   5.284655e-02 |   1.253381e-02 |
|   4.800000e-02 |   9.733262e-01 |   9.714792e-01 |   9.870328e-01 |   9.867553e-01 |   5.102334e-02 |   1.246049e-02 |
|   4.900000e-02 |   9.732372e-01 |   9.714498e-01 |   9.870203e-01 |   9.867502e-01 |   4.926247e-02 |   1.238969e-02 |
|   5.000000e-02 |   9.731513e-01 |   9.714214e-01 |   9.870082e-01 |   9.867453e-01 |   4.756187e-02 |   1.232134e-02 |
|   5.100000e-02 |   9.730684e-01 |   9.713940e-01 |   9.869964e-01 |   9.867405e-01 |   4.591949e-02 |   1.225534e-02 |
|   5.200000e-02 |   9.729884e-01 |   9.713675e-01 |   9.869851e-01 |   9.867359e-01 |   4.433339e-02 |   1.219162e-02 |
|   5.300000e-02 |   9.729111e-01 |   9.713419e-01 |   9.869742e-01 |   9.867315e-01 |   4.280166e-02 |   1.213010e-02 |
|   5.400000e-02 |   9.728365e-01 |   9.713172e-01 |   9.869637e-01 |   9.867272e-01 |   4.132246e-02 |   1.207071e-02 |
|   5.500000e-02 |   9.727644e-01 |   9.712934e-01 |   9.869535e-01 |   9.867231e-01 |   3.989403e-02 |   1.201336e-02 |
|   5.600000e-02 |   9.726949e-01 |   9.712704e-01 |   9.869437e-01 |   9.867191e-01 |   3.851464e-02 |   1.195800e-02 |
|   5.700000e-02 |   9.726278e-01 |   9.712482e-01 |   9.869342e-01 |   9.867153e-01 |   3.718262e-02 |   1.190455e-02 |
|   5.800000e-02 |   9.725629e-01 |   9.712268e-01 |   9.869250e-01 |   9.867116e-01 |   3.589639e-02 |   1.185294e-02 |
|   5.900000e-02 |   9.725004e-01 |   9.712061e-01 |   9.869162e-01 |   9.867081e-01 |   3.465438e-02 |   1.180312e-02 |
|   6.000000e-02 |   9.724400e-01 |   9.711861e-01 |   9.869076e-01 |   9.867047e-01 |   3.345509e-02 |   1.175503e-02 |
|   6.100000e-02 |   9.723817e-01 |   9.711668e-01 |   9.868994e-01 |   9.867013e-01 |   3.229706e-02 |   1.170859e-02 |
+----------------+----------------+----------------+----------------+----------------+----------------+----------------+
+----------------+----------------+----------------+------------------+----------------+----------------+
| time           | mass           | mass_reaction  | outflow_gradient | platen_max     | platen_min     |
+----------------+----------------+----------------+------------------+----------------+----------------+
:                :                :                :                  :                :                :
|   4.700000e-02 |   1.529072e-01 |  -4.994894e-02 |     4.911701e-02 |  -6.675445e-03 |  -6.675445e-03 |
|   4.800000e-02 |   1.528589e-01 |  -4.822115e-02 |     4.741865e-02 |  -6.682198e-03 |  -6.682198e-03 |
|   4.900000e-02 |   1.528124e-01 |  -4.655277e-02 |     4.577864e-02 |  -6.688718e-03 |  -6.688718e-03 |
|   5.000000e-02 |   1.527674e-01 |  -4.494177e-02 |     4.419500e-02 |  -6.695014e-03 |  -6.695014e-03 |
|   5.100000e-02 |   1.527241e-01 |  -4.338620e-02 |     4.266581e-02 |  -6.701092e-03 |  -6.701092e-03 |
|   5.200000e-02 |   1.526822e-01 |  -4.188418e-02 |     4.118922e-02 |  -6.706961e-03 |  -6.706961e-03 |
|   5.300000e-02 |   1.526417e-01 |  -4.043389e-02 |     3.976345e-02 |  -6.712627e-03 |  -6.712627e-03 |
|   5.400000e-02 |   1.526027e-01 |  -3.903355e-02 |     3.838676e-02 |  -6.718098e-03 |  -6.718098e-03 |
|   5.500000e-02 |   1.525650e-01 |  -3.768147e-02 |     3.705749e-02 |  -6.723380e-03 |  -6.723380e-03 |
|   5.600000e-02 |   1.525286e-01 |  -3.637601e-02 |     3.577401e-02 |  -6.728479e-03 |  -6.728479e-03 |
|   5.700000e-02 |   1.524935e-01 |  -3.511556e-02 |     3.453477e-02 |  -6.733403e-03 |  -6.733403e-03 |
|   5.800000e-02 |   1.524596e-01 |  -3.389859e-02 |     3.333825e-02 |  -6.738156e-03 |  -6.738156e-03 |
|   5.900000e-02 |   1.524269e-01 |  -3.272361e-02 |     3.218300e-02 |  -6.742745e-03 |  -6.742745e-03 |
|   6.000000e-02 |   1.523953e-01 |  -3.158920e-02 |     3.106760e-02 |  -6.747175e-03 |  -6.747175e-03 |
|   6.100000e-02 |   1.523648e-01 |  -3.049395e-02 |     2.999070e-02 |  -6.751452e-03 |  -6.751452e-03 |
+----------------+----------------+----------------+------------------+----------------+----------------+
+----------------+--------------------+--------------------+----------------+----------------+----------------+
| time           | solid_fraction_max | solid_fraction_min | stability_max  | stability_min  | top_reaction   |
+----------------+--------------------+--------------------+----------------+----------------+----------------+
:                :                    :                    :                :                :                :
|   4.700000e-02 |       6.095250e-01 |       6.082240e-01 |   2.803036e+01 |   2.800069e+01 |  -1.400000e+00 |
|   4.800000e-02 |       6.095359e-01 |       6.082783e-01 |   2.802931e+01 |   2.800067e+01 |  -1.400000e+00 |
|   4.900000e-02 |       6.095465e-01 |       6.083308e-01 |   2.802830e+01 |   2.800064e+01 |  -1.400000e+00 |
|   5.000000e-02 |       6.095567e-01 |       6.083814e-01 |   2.802732e+01 |   2.800062e+01 |  -1.400000e+00 |
|   5.100000e-02 |       6.095666e-01 |       6.084303e-01 |   2.802638e+01 |   2.800060e+01 |  -1.400000e+00 |
|   5.200000e-02 |       6.095761e-01 |       6.084775e-01 |   2.802546e+01 |   2.800058e+01 |  -1.400000e+00 |
|   5.300000e-02 |       6.095853e-01 |       6.085231e-01 |   2.802458e+01 |   2.800056e+01 |  -1.400000e+00 |
|   5.400000e-02 |       6.095942e-01 |       6.085672e-01 |   2.802374e+01 |   2.800054e+01 |  -1.400000e+00 |
|   5.500000e-02 |       6.096027e-01 |       6.086097e-01 |   2.802291e+01 |   2.800052e+01 |  -1.400000e+00 |
|   5.600000e-02 |       6.096110e-01 |       6.086508e-01 |   2.802212e+01 |   2.800050e+01 |  -1.400000e+00 |
|   5.700000e-02 |       6.096190e-01 |       6.086904e-01 |   2.802136e+01 |   2.800049e+01 |  -1.400000e+00 |
|   5.800000e-02 |       6.096267e-01 |       6.087287e-01 |   2.802062e+01 |   2.800047e+01 |  -1.400000e+00 |
|   5.900000e-02 |       6.096342e-01 |       6.087657e-01 |   2.801990e+01 |   2.800045e+01 |  -1.400000e+00 |
|   6.000000e-02 |       6.096413e-01 |       6.088014e-01 |   2.801922e+01 |   2.800044e+01 |  -1.400000e+00 |
|   6.100000e-02 |       6.096483e-01 |       6.088359e-01 |   2.801855e+01 |   2.800042e+01 |  -1.400000e+00 |
+----------------+--------------------+--------------------+----------------+----------------+----------------+


Time Step 62, time = 0.062, dt = 0.001
 * Nonlinear |R| = [32m3.819595e-03[39m (Before preset BCs, predictors, correctors, and constraints)
 0 Nonlinear |R| = [32m3.819595e-03[39m
      0 Linear |R| = [32m3.819595e-03[39m
      1 Linear |R| = [32m1.171886e-03[39m
      2 Linear |R| = [32m1.046347e-03[39m
      3 Linear |R| = [32m2.100832e-05[39m
      4 Linear |R| = [32m5.653901e-06[39m
      5 Linear |R| = [32m4.687172e-06[39m
      6 Linear |R| = [32m6.030963e-07[39m
      7 Linear |R| = [32m3.351086e-07[39m
      8 Linear |R| = [32m5.317078e-08[39m
      9 Linear |R| = [33m5.218505e-08[39m
     10 Linear |R| = [32m5.336197e-09[39m
     11 Linear |R| = [32m1.254255e-09[39m
     12 Linear |R| = [32m1.934852e-10[39m
     13 Linear |R| = [32m9.646507e-11[39m
     14 Linear |R| = [32m2.906926e-11[39m
     15 Linear |R| = [32m1.305971e-12[39m
 1 Nonlinear |R| = [32m3.853695e-07[39m
      0 Linear |R| = [32m3.853695e-07[39m
      1 Linear |R| = [32m6.147453e-08[39m
      2 Linear |R| = [32m4.700770e-09[39m
      3 Linear |R| = [32m1.182632e-09[39m
      4 Linear |R| = [32m3.553525e-10[39m
      5 Linear |R| = [33m3.475486e-10[39m
      6 Linear |R| = [32m1.075048e-10[39m
      7 Linear |R| = [32m3.059354e-11[39m
      8 Linear |R| = [32m3.729370e-12[39m
      9 Linear |R| = [33m3.702637e-12[39m
     10 Linear |R| = [32m9.410901e-13[39m
     11 Linear |R| = [32m1.755370e-13[39m
     12 Linear |R| = [32m1.955938e-14[39m
     13 Linear |R| = [32m1.654136e-14[39m
     14 Linear |R| = [32m2.533876e-15[39m
     15 Linear |R| = [32m2.058858e-16[39m
 2 Nonlinear |R| = [32m1.398076e-12[39m
[32m Solve Converged![39m

Outlier Variable Residual Norms:
  uy: [33m1.220497e-12[39m

Postprocessor Values:
+----------------+----------------+----------------+----------------+----------------+----------------+----------------+
| time           | J_max          | J_min          | Jbar_max       | Jbar_min       | center_pressure| edge_ux        |
+----------------+----------------+----------------+----------------+----------------+----------------+----------------+
:                :                :                :                :                :                :                :
|   4.800000e-02 |   9.733262e-01 |   9.714792e-01 |   9.870328e-01 |   9.867553e-01 |   5.102334e-02 |   1.246049e-02 |
|   4.900000e-02 |   9.732372e-01 |   9.714498e-01 |   9.870203e-01 |   9.867502e-01 |   4.926247e-02 |   1.238969e-02 |
|   5.000000e-02 |   9.731513e-01 |   9.714214e-01 |   9.870082e-01 |   9.867453e-01 |   4.756187e-02 |   1.232134e-02 |
|   5.100000e-02 |   9.730684e-01 |   9.713940e-01 |   9.869964e-01 |   9.867405e-01 |   4.591949e-02 |   1.225534e-02 |
|   5.200000e-02 |   9.729884e-01 |   9.713675e-01 |   9.869851e-01 |   9.867359e-01 |   4.433339e-02 |   1.219162e-02 |
|   5.300000e-02 |   9.729111e-01 |   9.713419e-01 |   9.869742e-01 |   9.867315e-01 |   4.280166e-02 |   1.213010e-02 |
|   5.400000e-02 |   9.728365e-01 |   9.713172e-01 |   9.869637e-01 |   9.867272e-01 |   4.132246e-02 |   1.207071e-02 |
|   5.500000e-02 |   9.727644e-01 |   9.712934e-01 |   9.869535e-01 |   9.867231e-01 |   3.989403e-02 |   1.201336e-02 |
|   5.600000e-02 |   9.726949e-01 |   9.712704e-01 |   9.869437e-01 |   9.867191e-01 |   3.851464e-02 |   1.195800e-02 |
|   5.700000e-02 |   9.726278e-01 |   9.712482e-01 |   9.869342e-01 |   9.867153e-01 |   3.718262e-02 |   1.190455e-02 |
|   5.800000e-02 |   9.725629e-01 |   9.712268e-01 |   9.869250e-01 |   9.867116e-01 |   3.589639e-02 |   1.185294e-02 |
|   5.900000e-02 |   9.725004e-01 |   9.712061e-01 |   9.869162e-01 |   9.867081e-01 |   3.465438e-02 |   1.180312e-02 |
|   6.000000e-02 |   9.724400e-01 |   9.711861e-01 |   9.869076e-01 |   9.867047e-01 |   3.345509e-02 |   1.175503e-02 |
|   6.100000e-02 |   9.723817e-01 |   9.711668e-01 |   9.868994e-01 |   9.867013e-01 |   3.229706e-02 |   1.170859e-02 |
|   6.200000e-02 |   9.723254e-01 |   9.711481e-01 |   9.868914e-01 |   9.866982e-01 |   3.117890e-02 |   1.166376e-02 |
+----------------+----------------+----------------+----------------+----------------+----------------+----------------+
+----------------+----------------+----------------+------------------+----------------+----------------+
| time           | mass           | mass_reaction  | outflow_gradient | platen_max     | platen_min     |
+----------------+----------------+----------------+------------------+----------------+----------------+
:                :                :                :                  :                :                :
|   4.800000e-02 |   1.528589e-01 |  -4.822115e-02 |     4.741865e-02 |  -6.682198e-03 |  -6.682198e-03 |
|   4.900000e-02 |   1.528124e-01 |  -4.655277e-02 |     4.577864e-02 |  -6.688718e-03 |  -6.688718e-03 |
|   5.000000e-02 |   1.527674e-01 |  -4.494177e-02 |     4.419500e-02 |  -6.695014e-03 |  -6.695014e-03 |
|   5.100000e-02 |   1.527241e-01 |  -4.338620e-02 |     4.266581e-02 |  -6.701092e-03 |  -6.701092e-03 |
|   5.200000e-02 |   1.526822e-01 |  -4.188418e-02 |     4.118922e-02 |  -6.706961e-03 |  -6.706961e-03 |
|   5.300000e-02 |   1.526417e-01 |  -4.043389e-02 |     3.976345e-02 |  -6.712627e-03 |  -6.712627e-03 |
|   5.400000e-02 |   1.526027e-01 |  -3.903355e-02 |     3.838676e-02 |  -6.718098e-03 |  -6.718098e-03 |
|   5.500000e-02 |   1.525650e-01 |  -3.768147e-02 |     3.705749e-02 |  -6.723380e-03 |  -6.723380e-03 |
|   5.600000e-02 |   1.525286e-01 |  -3.637601e-02 |     3.577401e-02 |  -6.728479e-03 |  -6.728479e-03 |
|   5.700000e-02 |   1.524935e-01 |  -3.511556e-02 |     3.453477e-02 |  -6.733403e-03 |  -6.733403e-03 |
|   5.800000e-02 |   1.524596e-01 |  -3.389859e-02 |     3.333825e-02 |  -6.738156e-03 |  -6.738156e-03 |
|   5.900000e-02 |   1.524269e-01 |  -3.272361e-02 |     3.218300e-02 |  -6.742745e-03 |  -6.742745e-03 |
|   6.000000e-02 |   1.523953e-01 |  -3.158920e-02 |     3.106760e-02 |  -6.747175e-03 |  -6.747175e-03 |
|   6.100000e-02 |   1.523648e-01 |  -3.049395e-02 |     2.999070e-02 |  -6.751452e-03 |  -6.751452e-03 |
|   6.200000e-02 |   1.523354e-01 |  -2.943652e-02 |     2.895097e-02 |  -6.755581e-03 |  -6.755581e-03 |
+----------------+----------------+----------------+------------------+----------------+----------------+
+----------------+--------------------+--------------------+----------------+----------------+----------------+
| time           | solid_fraction_max | solid_fraction_min | stability_max  | stability_min  | top_reaction   |
+----------------+--------------------+--------------------+----------------+----------------+----------------+
:                :                    :                    :                :                :                :
|   4.800000e-02 |       6.095359e-01 |       6.082783e-01 |   2.802931e+01 |   2.800067e+01 |  -1.400000e+00 |
|   4.900000e-02 |       6.095465e-01 |       6.083308e-01 |   2.802830e+01 |   2.800064e+01 |  -1.400000e+00 |
|   5.000000e-02 |       6.095567e-01 |       6.083814e-01 |   2.802732e+01 |   2.800062e+01 |  -1.400000e+00 |
|   5.100000e-02 |       6.095666e-01 |       6.084303e-01 |   2.802638e+01 |   2.800060e+01 |  -1.400000e+00 |
|   5.200000e-02 |       6.095761e-01 |       6.084775e-01 |   2.802546e+01 |   2.800058e+01 |  -1.400000e+00 |
|   5.300000e-02 |       6.095853e-01 |       6.085231e-01 |   2.802458e+01 |   2.800056e+01 |  -1.400000e+00 |
|   5.400000e-02 |       6.095942e-01 |       6.085672e-01 |   2.802374e+01 |   2.800054e+01 |  -1.400000e+00 |
|   5.500000e-02 |       6.096027e-01 |       6.086097e-01 |   2.802291e+01 |   2.800052e+01 |  -1.400000e+00 |
|   5.600000e-02 |       6.096110e-01 |       6.086508e-01 |   2.802212e+01 |   2.800050e+01 |  -1.400000e+00 |
|   5.700000e-02 |       6.096190e-01 |       6.086904e-01 |   2.802136e+01 |   2.800049e+01 |  -1.400000e+00 |
|   5.800000e-02 |       6.096267e-01 |       6.087287e-01 |   2.802062e+01 |   2.800047e+01 |  -1.400000e+00 |
|   5.900000e-02 |       6.096342e-01 |       6.087657e-01 |   2.801990e+01 |   2.800045e+01 |  -1.400000e+00 |
|   6.000000e-02 |       6.096413e-01 |       6.088014e-01 |   2.801922e+01 |   2.800044e+01 |  -1.400000e+00 |
|   6.100000e-02 |       6.096483e-01 |       6.088359e-01 |   2.801855e+01 |   2.800042e+01 |  -1.400000e+00 |
|   6.200000e-02 |       6.096550e-01 |       6.088691e-01 |   2.801791e+01 |   2.800041e+01 |  -1.400000e+00 |
+----------------+--------------------+--------------------+----------------+----------------+----------------+


Time Step 63, time = 0.063, dt = 0.001
 * Nonlinear |R| = [32m3.687102e-03[39m (Before preset BCs, predictors, correctors, and constraints)
 0 Nonlinear |R| = [32m3.687102e-03[39m
      0 Linear |R| = [32m3.687102e-03[39m
      1 Linear |R| = [32m1.131378e-03[39m
      2 Linear |R| = [32m1.010207e-03[39m
      3 Linear |R| = [32m2.028111e-05[39m
      4 Linear |R| = [32m5.460360e-06[39m
      5 Linear |R| = [32m4.666553e-06[39m
      6 Linear |R| = [32m5.822448e-07[39m
      7 Linear |R| = [32m3.235111e-07[39m
      8 Linear |R| = [32m5.116695e-08[39m
      9 Linear |R| = [33m4.895695e-08[39m
     10 Linear |R| = [32m5.151229e-09[39m
     11 Linear |R| = [32m1.210688e-09[39m
     12 Linear |R| = [32m1.204597e-10[39m
     13 Linear |R| = [32m9.310391e-11[39m
     14 Linear |R| = [32m2.806008e-11[39m
     15 Linear |R| = [32m1.257008e-12[39m
 1 Nonlinear |R| = [32m3.580771e-07[39m
      0 Linear |R| = [32m3.580771e-07[39m
      1 Linear |R| = [32m5.838530e-08[39m
      2 Linear |R| = [32m4.045341e-09[39m
      3 Linear |R| = [32m1.140061e-09[39m
      4 Linear |R| = [32m3.386253e-10[39m
      5 Linear |R| = [33m3.249609e-10[39m
      6 Linear |R| = [32m9.861121e-11[39m
      7 Linear |R| = [32m2.936899e-11[39m
      8 Linear |R| = [32m3.278080e-12[39m
      9 Linear |R| = [33m3.240386e-12[39m
     10 Linear |R| = [32m8.022214e-13[39m
     11 Linear |R| = [32m1.561132e-13[39m
     12 Linear |R| = [32m1.724715e-14[39m
     13 Linear |R| = [32m1.402782e-14[39m
     14 Linear |R| = [32m2.456862e-15[39m
     15 Linear |R| = [32m1.675079e-16[39m
 2 Nonlinear |R| = [32m1.152485e-12[39m
[32m Solve Converged![39m

Outlier Variable Residual Norms:
  uy: [33m9.704003e-13[39m

Postprocessor Values:
+----------------+----------------+----------------+----------------+----------------+----------------+----------------+
| time           | J_max          | J_min          | Jbar_max       | Jbar_min       | center_pressure| edge_ux        |
+----------------+----------------+----------------+----------------+----------------+----------------+----------------+
:                :                :                :                :                :                :                :
|   4.900000e-02 |   9.732372e-01 |   9.714498e-01 |   9.870203e-01 |   9.867502e-01 |   4.926247e-02 |   1.238969e-02 |
|   5.000000e-02 |   9.731513e-01 |   9.714214e-01 |   9.870082e-01 |   9.867453e-01 |   4.756187e-02 |   1.232134e-02 |
|   5.100000e-02 |   9.730684e-01 |   9.713940e-01 |   9.869964e-01 |   9.867405e-01 |   4.591949e-02 |   1.225534e-02 |
|   5.200000e-02 |   9.729884e-01 |   9.713675e-01 |   9.869851e-01 |   9.867359e-01 |   4.433339e-02 |   1.219162e-02 |
|   5.300000e-02 |   9.729111e-01 |   9.713419e-01 |   9.869742e-01 |   9.867315e-01 |   4.280166e-02 |   1.213010e-02 |
|   5.400000e-02 |   9.728365e-01 |   9.713172e-01 |   9.869637e-01 |   9.867272e-01 |   4.132246e-02 |   1.207071e-02 |
|   5.500000e-02 |   9.727644e-01 |   9.712934e-01 |   9.869535e-01 |   9.867231e-01 |   3.989403e-02 |   1.201336e-02 |
|   5.600000e-02 |   9.726949e-01 |   9.712704e-01 |   9.869437e-01 |   9.867191e-01 |   3.851464e-02 |   1.195800e-02 |
|   5.700000e-02 |   9.726278e-01 |   9.712482e-01 |   9.869342e-01 |   9.867153e-01 |   3.718262e-02 |   1.190455e-02 |
|   5.800000e-02 |   9.725629e-01 |   9.712268e-01 |   9.869250e-01 |   9.867116e-01 |   3.589639e-02 |   1.185294e-02 |
|   5.900000e-02 |   9.725004e-01 |   9.712061e-01 |   9.869162e-01 |   9.867081e-01 |   3.465438e-02 |   1.180312e-02 |
|   6.000000e-02 |   9.724400e-01 |   9.711861e-01 |   9.869076e-01 |   9.867047e-01 |   3.345509e-02 |   1.175503e-02 |
|   6.100000e-02 |   9.723817e-01 |   9.711668e-01 |   9.868994e-01 |   9.867013e-01 |   3.229706e-02 |   1.170859e-02 |
|   6.200000e-02 |   9.723254e-01 |   9.711481e-01 |   9.868914e-01 |   9.866982e-01 |   3.117890e-02 |   1.166376e-02 |
|   6.300000e-02 |   9.722710e-01 |   9.711302e-01 |   9.868838e-01 |   9.866951e-01 |   3.009925e-02 |   1.162049e-02 |
+----------------+----------------+----------------+----------------+----------------+----------------+----------------+
+----------------+----------------+----------------+------------------+----------------+----------------+
| time           | mass           | mass_reaction  | outflow_gradient | platen_max     | platen_min     |
+----------------+----------------+----------------+------------------+----------------+----------------+
:                :                :                :                  :                :                :
|   4.900000e-02 |   1.528124e-01 |  -4.655277e-02 |     4.577864e-02 |  -6.688718e-03 |  -6.688718e-03 |
|   5.000000e-02 |   1.527674e-01 |  -4.494177e-02 |     4.419500e-02 |  -6.695014e-03 |  -6.695014e-03 |
|   5.100000e-02 |   1.527241e-01 |  -4.338620e-02 |     4.266581e-02 |  -6.701092e-03 |  -6.701092e-03 |
|   5.200000e-02 |   1.526822e-01 |  -4.188418e-02 |     4.118922e-02 |  -6.706961e-03 |  -6.706961e-03 |
|   5.300000e-02 |   1.526417e-01 |  -4.043389e-02 |     3.976345e-02 |  -6.712627e-03 |  -6.712627e-03 |
|   5.400000e-02 |   1.526027e-01 |  -3.903355e-02 |     3.838676e-02 |  -6.718098e-03 |  -6.718098e-03 |
|   5.500000e-02 |   1.525650e-01 |  -3.768147e-02 |     3.705749e-02 |  -6.723380e-03 |  -6.723380e-03 |
|   5.600000e-02 |   1.525286e-01 |  -3.637601e-02 |     3.577401e-02 |  -6.728479e-03 |  -6.728479e-03 |
|   5.700000e-02 |   1.524935e-01 |  -3.511556e-02 |     3.453477e-02 |  -6.733403e-03 |  -6.733403e-03 |
|   5.800000e-02 |   1.524596e-01 |  -3.389859e-02 |     3.333825e-02 |  -6.738156e-03 |  -6.738156e-03 |
|   5.900000e-02 |   1.524269e-01 |  -3.272361e-02 |     3.218300e-02 |  -6.742745e-03 |  -6.742745e-03 |
|   6.000000e-02 |   1.523953e-01 |  -3.158920e-02 |     3.106760e-02 |  -6.747175e-03 |  -6.747175e-03 |
|   6.100000e-02 |   1.523648e-01 |  -3.049395e-02 |     2.999070e-02 |  -6.751452e-03 |  -6.751452e-03 |
|   6.200000e-02 |   1.523354e-01 |  -2.943652e-02 |     2.895097e-02 |  -6.755581e-03 |  -6.755581e-03 |
|   6.300000e-02 |   1.523070e-01 |  -2.841563e-02 |     2.794714e-02 |  -6.759568e-03 |  -6.759568e-03 |
+----------------+----------------+----------------+------------------+----------------+----------------+
+----------------+--------------------+--------------------+----------------+----------------+----------------+
| time           | solid_fraction_max | solid_fraction_min | stability_max  | stability_min  | top_reaction   |
+----------------+--------------------+--------------------+----------------+----------------+----------------+
:                :                    :                    :                :                :                :
|   4.900000e-02 |       6.095465e-01 |       6.083308e-01 |   2.802830e+01 |   2.800064e+01 |  -1.400000e+00 |
|   5.000000e-02 |       6.095567e-01 |       6.083814e-01 |   2.802732e+01 |   2.800062e+01 |  -1.400000e+00 |
|   5.100000e-02 |       6.095666e-01 |       6.084303e-01 |   2.802638e+01 |   2.800060e+01 |  -1.400000e+00 |
|   5.200000e-02 |       6.095761e-01 |       6.084775e-01 |   2.802546e+01 |   2.800058e+01 |  -1.400000e+00 |
|   5.300000e-02 |       6.095853e-01 |       6.085231e-01 |   2.802458e+01 |   2.800056e+01 |  -1.400000e+00 |
|   5.400000e-02 |       6.095942e-01 |       6.085672e-01 |   2.802374e+01 |   2.800054e+01 |  -1.400000e+00 |
|   5.500000e-02 |       6.096027e-01 |       6.086097e-01 |   2.802291e+01 |   2.800052e+01 |  -1.400000e+00 |
|   5.600000e-02 |       6.096110e-01 |       6.086508e-01 |   2.802212e+01 |   2.800050e+01 |  -1.400000e+00 |
|   5.700000e-02 |       6.096190e-01 |       6.086904e-01 |   2.802136e+01 |   2.800049e+01 |  -1.400000e+00 |
|   5.800000e-02 |       6.096267e-01 |       6.087287e-01 |   2.802062e+01 |   2.800047e+01 |  -1.400000e+00 |
|   5.900000e-02 |       6.096342e-01 |       6.087657e-01 |   2.801990e+01 |   2.800045e+01 |  -1.400000e+00 |
|   6.000000e-02 |       6.096413e-01 |       6.088014e-01 |   2.801922e+01 |   2.800044e+01 |  -1.400000e+00 |
|   6.100000e-02 |       6.096483e-01 |       6.088359e-01 |   2.801855e+01 |   2.800042e+01 |  -1.400000e+00 |
|   6.200000e-02 |       6.096550e-01 |       6.088691e-01 |   2.801791e+01 |   2.800041e+01 |  -1.400000e+00 |
|   6.300000e-02 |       6.096615e-01 |       6.089013e-01 |   2.801729e+01 |   2.800039e+01 |  -1.400000e+00 |
+----------------+--------------------+--------------------+----------------+----------------+----------------+


Time Step 64, time = 0.064, dt = 0.001
 * Nonlinear |R| = [32m3.559188e-03[39m (Before preset BCs, predictors, correctors, and constraints)
 0 Nonlinear |R| = [32m3.559188e-03[39m
      0 Linear |R| = [32m3.559188e-03[39m
      1 Linear |R| = [32m1.092260e-03[39m
      2 Linear |R| = [32m9.753024e-04[39m
      3 Linear |R| = [32m1.957916e-05[39m
      4 Linear |R| = [32m5.267938e-06[39m
      5 Linear |R| = [32m4.322784e-06[39m
      6 Linear |R| = [32m5.621134e-07[39m
      7 Linear |R| = [32m3.123135e-07[39m
      8 Linear |R| = [32m4.943390e-08[39m
      9 Linear |R| = [33m4.775779e-08[39m
     10 Linear |R| = [32m4.972623e-09[39m
     11 Linear |R| = [32m1.168620e-09[39m
     12 Linear |R| = [32m1.356592e-10[39m
     13 Linear |R| = [32m8.988572e-11[39m
     14 Linear |R| = [32m2.708509e-11[39m
     15 Linear |R| = [32m1.215223e-12[39m
 1 Nonlinear |R| = [32m3.333384e-07[39m
      0 Linear |R| = [32m3.333384e-07[39m
      1 Linear |R| = [32m5.417104e-08[39m
      2 Linear |R| = [32m5.116007e-09[39m
      3 Linear |R| = [32m1.023892e-09[39m
      4 Linear |R| = [32m3.020597e-10[39m
      5 Linear |R| = [33m2.952343e-10[39m
      6 Linear |R| = [32m8.440502e-11[39m
      7 Linear |R| = [32m2.567930e-11[39m
      8 Linear |R| = [32m3.118600e-12[39m
      9 Linear |R| = [33m3.100884e-12[39m
     10 Linear |R| = [32m7.102405e-13[39m
     11 Linear |R| = [32m1.486746e-13[39m
     12 Linear |R| = [32m1.663172e-14[39m
     13 Linear |R| = [32m1.377566e-14[39m
     14 Linear |R| = [32m2.163995e-15[39m
     15 Linear |R| = [32m1.650831e-16[39m
 2 Nonlinear |R| = [32m1.212746e-12[39m
[32m Solve Converged![39m

Outlier Variable Residual Norms:
  uy: [33m1.069335e-12[39m

Postprocessor Values:
+----------------+----------------+----------------+----------------+----------------+----------------+----------------+
| time           | J_max          | J_min          | Jbar_max       | Jbar_min       | center_pressure| edge_ux        |
+----------------+----------------+----------------+----------------+----------------+----------------+----------------+
:                :                :                :                :                :                :                :
|   5.000000e-02 |   9.731513e-01 |   9.714214e-01 |   9.870082e-01 |   9.867453e-01 |   4.756187e-02 |   1.232134e-02 |
|   5.100000e-02 |   9.730684e-01 |   9.713940e-01 |   9.869964e-01 |   9.867405e-01 |   4.591949e-02 |   1.225534e-02 |
|   5.200000e-02 |   9.729884e-01 |   9.713675e-01 |   9.869851e-01 |   9.867359e-01 |   4.433339e-02 |   1.219162e-02 |
|   5.300000e-02 |   9.729111e-01 |   9.713419e-01 |   9.869742e-01 |   9.867315e-01 |   4.280166e-02 |   1.213010e-02 |
|   5.400000e-02 |   9.728365e-01 |   9.713172e-01 |   9.869637e-01 |   9.867272e-01 |   4.132246e-02 |   1.207071e-02 |
|   5.500000e-02 |   9.727644e-01 |   9.712934e-01 |   9.869535e-01 |   9.867231e-01 |   3.989403e-02 |   1.201336e-02 |
|   5.600000e-02 |   9.726949e-01 |   9.712704e-01 |   9.869437e-01 |   9.867191e-01 |   3.851464e-02 |   1.195800e-02 |
|   5.700000e-02 |   9.726278e-01 |   9.712482e-01 |   9.869342e-01 |   9.867153e-01 |   3.718262e-02 |   1.190455e-02 |
|   5.800000e-02 |   9.725629e-01 |   9.712268e-01 |   9.869250e-01 |   9.867116e-01 |   3.589639e-02 |   1.185294e-02 |
|   5.900000e-02 |   9.725004e-01 |   9.712061e-01 |   9.869162e-01 |   9.867081e-01 |   3.465438e-02 |   1.180312e-02 |
|   6.000000e-02 |   9.724400e-01 |   9.711861e-01 |   9.869076e-01 |   9.867047e-01 |   3.345509e-02 |   1.175503e-02 |
|   6.100000e-02 |   9.723817e-01 |   9.711668e-01 |   9.868994e-01 |   9.867013e-01 |   3.229706e-02 |   1.170859e-02 |
|   6.200000e-02 |   9.723254e-01 |   9.711481e-01 |   9.868914e-01 |   9.866982e-01 |   3.117890e-02 |   1.166376e-02 |
|   6.300000e-02 |   9.722710e-01 |   9.711302e-01 |   9.868838e-01 |   9.866951e-01 |   3.009925e-02 |   1.162049e-02 |
|   6.400000e-02 |   9.722186e-01 |   9.711128e-01 |   9.868763e-01 |   9.866921e-01 |   2.905679e-02 |   1.157871e-02 |
+----------------+----------------+----------------+----------------+----------------+----------------+----------------+
+----------------+----------------+----------------+------------------+----------------+----------------+
| time           | mass           | mass_reaction  | outflow_gradient | platen_max     | platen_min     |
+----------------+----------------+----------------+------------------+----------------+----------------+
:                :                :                :                  :                :                :
|   5.000000e-02 |   1.527674e-01 |  -4.494177e-02 |     4.419500e-02 |  -6.695014e-03 |  -6.695014e-03 |
|   5.100000e-02 |   1.527241e-01 |  -4.338620e-02 |     4.266581e-02 |  -6.701092e-03 |  -6.701092e-03 |
|   5.200000e-02 |   1.526822e-01 |  -4.188418e-02 |     4.118922e-02 |  -6.706961e-03 |  -6.706961e-03 |
|   5.300000e-02 |   1.526417e-01 |  -4.043389e-02 |     3.976345e-02 |  -6.712627e-03 |  -6.712627e-03 |
|   5.400000e-02 |   1.526027e-01 |  -3.903355e-02 |     3.838676e-02 |  -6.718098e-03 |  -6.718098e-03 |
|   5.500000e-02 |   1.525650e-01 |  -3.768147e-02 |     3.705749e-02 |  -6.723380e-03 |  -6.723380e-03 |
|   5.600000e-02 |   1.525286e-01 |  -3.637601e-02 |     3.577401e-02 |  -6.728479e-03 |  -6.728479e-03 |
|   5.700000e-02 |   1.524935e-01 |  -3.511556e-02 |     3.453477e-02 |  -6.733403e-03 |  -6.733403e-03 |
|   5.800000e-02 |   1.524596e-01 |  -3.389859e-02 |     3.333825e-02 |  -6.738156e-03 |  -6.738156e-03 |
|   5.900000e-02 |   1.524269e-01 |  -3.272361e-02 |     3.218300e-02 |  -6.742745e-03 |  -6.742745e-03 |
|   6.000000e-02 |   1.523953e-01 |  -3.158920e-02 |     3.106760e-02 |  -6.747175e-03 |  -6.747175e-03 |
|   6.100000e-02 |   1.523648e-01 |  -3.049395e-02 |     2.999070e-02 |  -6.751452e-03 |  -6.751452e-03 |
|   6.200000e-02 |   1.523354e-01 |  -2.943652e-02 |     2.895097e-02 |  -6.755581e-03 |  -6.755581e-03 |
|   6.300000e-02 |   1.523070e-01 |  -2.841563e-02 |     2.794714e-02 |  -6.759568e-03 |  -6.759568e-03 |
|   6.400000e-02 |   1.522795e-01 |  -2.743002e-02 |     2.697799e-02 |  -6.763416e-03 |  -6.763416e-03 |
+----------------+----------------+----------------+------------------+----------------+----------------+
+----------------+--------------------+--------------------+----------------+----------------+----------------+
| time           | solid_fraction_max | solid_fraction_min | stability_max  | stability_min  | top_reaction   |
+----------------+--------------------+--------------------+----------------+----------------+----------------+
:                :                    :                    :                :                :                :
|   5.000000e-02 |       6.095567e-01 |       6.083814e-01 |   2.802732e+01 |   2.800062e+01 |  -1.400000e+00 |
|   5.100000e-02 |       6.095666e-01 |       6.084303e-01 |   2.802638e+01 |   2.800060e+01 |  -1.400000e+00 |
|   5.200000e-02 |       6.095761e-01 |       6.084775e-01 |   2.802546e+01 |   2.800058e+01 |  -1.400000e+00 |
|   5.300000e-02 |       6.095853e-01 |       6.085231e-01 |   2.802458e+01 |   2.800056e+01 |  -1.400000e+00 |
|   5.400000e-02 |       6.095942e-01 |       6.085672e-01 |   2.802374e+01 |   2.800054e+01 |  -1.400000e+00 |
|   5.500000e-02 |       6.096027e-01 |       6.086097e-01 |   2.802291e+01 |   2.800052e+01 |  -1.400000e+00 |
|   5.600000e-02 |       6.096110e-01 |       6.086508e-01 |   2.802212e+01 |   2.800050e+01 |  -1.400000e+00 |
|   5.700000e-02 |       6.096190e-01 |       6.086904e-01 |   2.802136e+01 |   2.800049e+01 |  -1.400000e+00 |
|   5.800000e-02 |       6.096267e-01 |       6.087287e-01 |   2.802062e+01 |   2.800047e+01 |  -1.400000e+00 |
|   5.900000e-02 |       6.096342e-01 |       6.087657e-01 |   2.801990e+01 |   2.800045e+01 |  -1.400000e+00 |
|   6.000000e-02 |       6.096413e-01 |       6.088014e-01 |   2.801922e+01 |   2.800044e+01 |  -1.400000e+00 |
|   6.100000e-02 |       6.096483e-01 |       6.088359e-01 |   2.801855e+01 |   2.800042e+01 |  -1.400000e+00 |
|   6.200000e-02 |       6.096550e-01 |       6.088691e-01 |   2.801791e+01 |   2.800041e+01 |  -1.400000e+00 |
|   6.300000e-02 |       6.096615e-01 |       6.089013e-01 |   2.801729e+01 |   2.800039e+01 |  -1.400000e+00 |
|   6.400000e-02 |       6.096677e-01 |       6.089323e-01 |   2.801669e+01 |   2.800038e+01 |  -1.400000e+00 |
+----------------+--------------------+--------------------+----------------+----------------+----------------+


Time Step 65, time = 0.065, dt = 0.001
 * Nonlinear |R| = [32m3.435698e-03[39m (Before preset BCs, predictors, correctors, and constraints)
 0 Nonlinear |R| = [32m3.435698e-03[39m
      0 Linear |R| = [32m3.435698e-03[39m
      1 Linear |R| = [32m1.054486e-03[39m
      2 Linear |R| = [32m9.415966e-04[39m
      3 Linear |R| = [32m1.890124e-05[39m
      4 Linear |R| = [32m5.086096e-06[39m
      5 Linear |R| = [32m4.220221e-06[39m
      6 Linear |R| = [32m5.426564e-07[39m
      7 Linear |R| = [32m3.014959e-07[39m
      8 Linear |R| = [32m4.805588e-08[39m
      9 Linear |R| = [33m4.782390e-08[39m
     10 Linear |R| = [32m4.800086e-09[39m
     11 Linear |R| = [32m1.128049e-09[39m
     12 Linear |R| = [32m1.635680e-10[39m
     13 Linear |R| = [32m8.677737e-11[39m
     14 Linear |R| = [32m2.614405e-11[39m
     15 Linear |R| = [32m1.174549e-12[39m
 1 Nonlinear |R| = [32m3.109927e-07[39m
      0 Linear |R| = [32m3.109927e-07[39m
      1 Linear |R| = [32m5.089523e-08[39m
      2 Linear |R| = [32m5.829182e-09[39m
      3 Linear |R| = [32m9.662651e-10[39m
      4 Linear |R| = [32m2.897107e-10[39m
      5 Linear |R| = [33m2.813474e-10[39m
      6 Linear |R| = [32m8.869569e-11[39m
      7 Linear |R| = [32m2.440911e-11[39m
      8 Linear |R| = [32m3.052491e-12[39m
      9 Linear |R| = [33m3.051402e-12[39m
     10 Linear |R| = [32m7.487517e-13[39m
     11 Linear |R| = [32m1.473684e-13[39m
     12 Linear |R| = [32m2.065442e-14[39m
     13 Linear |R| = [32m1.396276e-14[39m
     14 Linear |R| = [32m2.061523e-15[39m
     15 Linear |R| = [32m1.680827e-16[39m
 2 Nonlinear |R| = [32m1.124615e-12[39m
[32m Solve Converged![39m

Outlier Variable Residual Norms:
  uy: [33m9.839440e-13[39m

Postprocessor Values:
+----------------+----------------+----------------+----------------+----------------+----------------+----------------+
| time           | J_max          | J_min          | Jbar_max       | Jbar_min       | center_pressure| edge_ux        |
+----------------+----------------+----------------+----------------+----------------+----------------+----------------+
:                :                :                :                :                :                :                :
|   5.100000e-02 |   9.730684e-01 |   9.713940e-01 |   9.869964e-01 |   9.867405e-01 |   4.591949e-02 |   1.225534e-02 |
|   5.200000e-02 |   9.729884e-01 |   9.713675e-01 |   9.869851e-01 |   9.867359e-01 |   4.433339e-02 |   1.219162e-02 |
|   5.300000e-02 |   9.729111e-01 |   9.713419e-01 |   9.869742e-01 |   9.867315e-01 |   4.280166e-02 |   1.213010e-02 |
|   5.400000e-02 |   9.728365e-01 |   9.713172e-01 |   9.869637e-01 |   9.867272e-01 |   4.132246e-02 |   1.207071e-02 |
|   5.500000e-02 |   9.727644e-01 |   9.712934e-01 |   9.869535e-01 |   9.867231e-01 |   3.989403e-02 |   1.201336e-02 |
|   5.600000e-02 |   9.726949e-01 |   9.712704e-01 |   9.869437e-01 |   9.867191e-01 |   3.851464e-02 |   1.195800e-02 |
|   5.700000e-02 |   9.726278e-01 |   9.712482e-01 |   9.869342e-01 |   9.867153e-01 |   3.718262e-02 |   1.190455e-02 |
|   5.800000e-02 |   9.725629e-01 |   9.712268e-01 |   9.869250e-01 |   9.867116e-01 |   3.589639e-02 |   1.185294e-02 |
|   5.900000e-02 |   9.725004e-01 |   9.712061e-01 |   9.869162e-01 |   9.867081e-01 |   3.465438e-02 |   1.180312e-02 |
|   6.000000e-02 |   9.724400e-01 |   9.711861e-01 |   9.869076e-01 |   9.867047e-01 |   3.345509e-02 |   1.175503e-02 |
|   6.100000e-02 |   9.723817e-01 |   9.711668e-01 |   9.868994e-01 |   9.867013e-01 |   3.229706e-02 |   1.170859e-02 |
|   6.200000e-02 |   9.723254e-01 |   9.711481e-01 |   9.868914e-01 |   9.866982e-01 |   3.117890e-02 |   1.166376e-02 |
|   6.300000e-02 |   9.722710e-01 |   9.711302e-01 |   9.868838e-01 |   9.866951e-01 |   3.009925e-02 |   1.162049e-02 |
|   6.400000e-02 |   9.722186e-01 |   9.711128e-01 |   9.868763e-01 |   9.866921e-01 |   2.905679e-02 |   1.157871e-02 |
|   6.500000e-02 |   9.721679e-01 |   9.710960e-01 |   9.868692e-01 |   9.866893e-01 |   2.805026e-02 |   1.153838e-02 |
+----------------+----------------+----------------+----------------+----------------+----------------+----------------+
+----------------+----------------+----------------+------------------+----------------+----------------+
| time           | mass           | mass_reaction  | outflow_gradient | platen_max     | platen_min     |
+----------------+----------------+----------------+------------------+----------------+----------------+
:                :                :                :                  :                :                :
|   5.100000e-02 |   1.527241e-01 |  -4.338620e-02 |     4.266581e-02 |  -6.701092e-03 |  -6.701092e-03 |
|   5.200000e-02 |   1.526822e-01 |  -4.188418e-02 |     4.118922e-02 |  -6.706961e-03 |  -6.706961e-03 |
|   5.300000e-02 |   1.526417e-01 |  -4.043389e-02 |     3.976345e-02 |  -6.712627e-03 |  -6.712627e-03 |
|   5.400000e-02 |   1.526027e-01 |  -3.903355e-02 |     3.838676e-02 |  -6.718098e-03 |  -6.718098e-03 |
|   5.500000e-02 |   1.525650e-01 |  -3.768147e-02 |     3.705749e-02 |  -6.723380e-03 |  -6.723380e-03 |
|   5.600000e-02 |   1.525286e-01 |  -3.637601e-02 |     3.577401e-02 |  -6.728479e-03 |  -6.728479e-03 |
|   5.700000e-02 |   1.524935e-01 |  -3.511556e-02 |     3.453477e-02 |  -6.733403e-03 |  -6.733403e-03 |
|   5.800000e-02 |   1.524596e-01 |  -3.389859e-02 |     3.333825e-02 |  -6.738156e-03 |  -6.738156e-03 |
|   5.900000e-02 |   1.524269e-01 |  -3.272361e-02 |     3.218300e-02 |  -6.742745e-03 |  -6.742745e-03 |
|   6.000000e-02 |   1.523953e-01 |  -3.158920e-02 |     3.106760e-02 |  -6.747175e-03 |  -6.747175e-03 |
|   6.100000e-02 |   1.523648e-01 |  -3.049395e-02 |     2.999070e-02 |  -6.751452e-03 |  -6.751452e-03 |
|   6.200000e-02 |   1.523354e-01 |  -2.943652e-02 |     2.895097e-02 |  -6.755581e-03 |  -6.755581e-03 |
|   6.300000e-02 |   1.523070e-01 |  -2.841563e-02 |     2.794714e-02 |  -6.759568e-03 |  -6.759568e-03 |
|   6.400000e-02 |   1.522795e-01 |  -2.743002e-02 |     2.697799e-02 |  -6.763416e-03 |  -6.763416e-03 |
|   6.500000e-02 |   1.522531e-01 |  -2.647847e-02 |     2.604232e-02 |  -6.767131e-03 |  -6.767131e-03 |
+----------------+----------------+----------------+------------------+----------------+----------------+
+----------------+--------------------+--------------------+----------------+----------------+----------------+
| time           | solid_fraction_max | solid_fraction_min | stability_max  | stability_min  | top_reaction   |
+----------------+--------------------+--------------------+----------------+----------------+----------------+
:                :                    :                    :                :                :                :
|   5.100000e-02 |       6.095666e-01 |       6.084303e-01 |   2.802638e+01 |   2.800060e+01 |  -1.400000e+00 |
|   5.200000e-02 |       6.095761e-01 |       6.084775e-01 |   2.802546e+01 |   2.800058e+01 |  -1.400000e+00 |
|   5.300000e-02 |       6.095853e-01 |       6.085231e-01 |   2.802458e+01 |   2.800056e+01 |  -1.400000e+00 |
|   5.400000e-02 |       6.095942e-01 |       6.085672e-01 |   2.802374e+01 |   2.800054e+01 |  -1.400000e+00 |
|   5.500000e-02 |       6.096027e-01 |       6.086097e-01 |   2.802291e+01 |   2.800052e+01 |  -1.400000e+00 |
|   5.600000e-02 |       6.096110e-01 |       6.086508e-01 |   2.802212e+01 |   2.800050e+01 |  -1.400000e+00 |
|   5.700000e-02 |       6.096190e-01 |       6.086904e-01 |   2.802136e+01 |   2.800049e+01 |  -1.400000e+00 |
|   5.800000e-02 |       6.096267e-01 |       6.087287e-01 |   2.802062e+01 |   2.800047e+01 |  -1.400000e+00 |
|   5.900000e-02 |       6.096342e-01 |       6.087657e-01 |   2.801990e+01 |   2.800045e+01 |  -1.400000e+00 |
|   6.000000e-02 |       6.096413e-01 |       6.088014e-01 |   2.801922e+01 |   2.800044e+01 |  -1.400000e+00 |
|   6.100000e-02 |       6.096483e-01 |       6.088359e-01 |   2.801855e+01 |   2.800042e+01 |  -1.400000e+00 |
|   6.200000e-02 |       6.096550e-01 |       6.088691e-01 |   2.801791e+01 |   2.800041e+01 |  -1.400000e+00 |
|   6.300000e-02 |       6.096615e-01 |       6.089013e-01 |   2.801729e+01 |   2.800039e+01 |  -1.400000e+00 |
|   6.400000e-02 |       6.096677e-01 |       6.089323e-01 |   2.801669e+01 |   2.800038e+01 |  -1.400000e+00 |
|   6.500000e-02 |       6.096737e-01 |       6.089622e-01 |   2.801611e+01 |   2.800037e+01 |  -1.400000e+00 |
+----------------+--------------------+--------------------+----------------+----------------+----------------+


Time Step 66, time = 0.066, dt = 0.001
 * Nonlinear |R| = [32m3.316478e-03[39m (Before preset BCs, predictors, correctors, and constraints)
 0 Nonlinear |R| = [32m3.316478e-03[39m
      0 Linear |R| = [32m3.316478e-03[39m
      1 Linear |R| = [32m1.018006e-03[39m
      2 Linear |R| = [32m9.090403e-04[39m
      3 Linear |R| = [32m1.824685e-05[39m
      4 Linear |R| = [32m4.912183e-06[39m
      5 Linear |R| = [32m4.156469e-06[39m
      6 Linear |R| = [32m5.238783e-07[39m
      7 Linear |R| = [32m2.910551e-07[39m
      8 Linear |R| = [32m4.589056e-08[39m
      9 Linear |R| = [32m4.024687e-08[39m
     10 Linear |R| = [32m4.633587e-09[39m
     11 Linear |R| = [32m1.088855e-09[39m
     12 Linear |R| = [32m1.019544e-10[39m
     13 Linear |R| = [32m8.374399e-11[39m
     14 Linear |R| = [32m2.523637e-11[39m
     15 Linear |R| = [32m1.129863e-12[39m
 1 Nonlinear |R| = [32m2.896700e-07[39m
      0 Linear |R| = [32m2.896700e-07[39m
      1 Linear |R| = [32m4.685055e-08[39m
      2 Linear |R| = [32m2.718760e-09[39m
      3 Linear |R| = [32m8.943662e-10[39m
      4 Linear |R| = [32m2.695824e-10[39m
      5 Linear |R| = [33m2.621235e-10[39m
      6 Linear |R| = [32m8.281425e-11[39m
      7 Linear |R| = [32m2.303787e-11[39m
      8 Linear |R| = [32m2.888712e-12[39m
      9 Linear |R| = [33m2.811611e-12[39m
     10 Linear |R| = [32m6.916719e-13[39m
     11 Linear |R| = [32m1.411143e-13[39m
     12 Linear |R| = [32m1.584781e-14[39m
     13 Linear |R| = [32m1.331725e-14[39m
     14 Linear |R| = [32m1.644950e-15[39m
     15 Linear |R| = [32m1.606096e-16[39m
 2 Nonlinear |R| = [32m9.923269e-13[39m
[32m Solve Converged![39m

Outlier Variable Residual Norms:
  uy: [33m8.579494e-13[39m

Postprocessor Values:
+----------------+----------------+----------------+----------------+----------------+----------------+----------------+
| time           | J_max          | J_min          | Jbar_max       | Jbar_min       | center_pressure| edge_ux        |
+----------------+----------------+----------------+----------------+----------------+----------------+----------------+
:                :                :                :                :                :                :                :
|   5.200000e-02 |   9.729884e-01 |   9.713675e-01 |   9.869851e-01 |   9.867359e-01 |   4.433339e-02 |   1.219162e-02 |
|   5.300000e-02 |   9.729111e-01 |   9.713419e-01 |   9.869742e-01 |   9.867315e-01 |   4.280166e-02 |   1.213010e-02 |
|   5.400000e-02 |   9.728365e-01 |   9.713172e-01 |   9.869637e-01 |   9.867272e-01 |   4.132246e-02 |   1.207071e-02 |
|   5.500000e-02 |   9.727644e-01 |   9.712934e-01 |   9.869535e-01 |   9.867231e-01 |   3.989403e-02 |   1.201336e-02 |
|   5.600000e-02 |   9.726949e-01 |   9.712704e-01 |   9.869437e-01 |   9.867191e-01 |   3.851464e-02 |   1.195800e-02 |
|   5.700000e-02 |   9.726278e-01 |   9.712482e-01 |   9.869342e-01 |   9.867153e-01 |   3.718262e-02 |   1.190455e-02 |
|   5.800000e-02 |   9.725629e-01 |   9.712268e-01 |   9.869250e-01 |   9.867116e-01 |   3.589639e-02 |   1.185294e-02 |
|   5.900000e-02 |   9.725004e-01 |   9.712061e-01 |   9.869162e-01 |   9.867081e-01 |   3.465438e-02 |   1.180312e-02 |
|   6.000000e-02 |   9.724400e-01 |   9.711861e-01 |   9.869076e-01 |   9.867047e-01 |   3.345509e-02 |   1.175503e-02 |
|   6.100000e-02 |   9.723817e-01 |   9.711668e-01 |   9.868994e-01 |   9.867013e-01 |   3.229706e-02 |   1.170859e-02 |
|   6.200000e-02 |   9.723254e-01 |   9.711481e-01 |   9.868914e-01 |   9.866982e-01 |   3.117890e-02 |   1.166376e-02 |
|   6.300000e-02 |   9.722710e-01 |   9.711302e-01 |   9.868838e-01 |   9.866951e-01 |   3.009925e-02 |   1.162049e-02 |
|   6.400000e-02 |   9.722186e-01 |   9.711128e-01 |   9.868763e-01 |   9.866921e-01 |   2.905679e-02 |   1.157871e-02 |
|   6.500000e-02 |   9.721679e-01 |   9.710960e-01 |   9.868692e-01 |   9.866893e-01 |   2.805026e-02 |   1.153838e-02 |
|   6.600000e-02 |   9.721190e-01 |   9.710799e-01 |   9.868623e-01 |   9.866865e-01 |   2.707843e-02 |   1.149944e-02 |
+----------------+----------------+----------------+----------------+----------------+----------------+----------------+
+----------------+----------------+----------------+------------------+----------------+----------------+
| time           | mass           | mass_reaction  | outflow_gradient | platen_max     | platen_min     |
+----------------+----------------+----------------+------------------+----------------+----------------+
:                :                :                :                  :                :                :
|   5.200000e-02 |   1.526822e-01 |  -4.188418e-02 |     4.118922e-02 |  -6.706961e-03 |  -6.706961e-03 |
|   5.300000e-02 |   1.526417e-01 |  -4.043389e-02 |     3.976345e-02 |  -6.712627e-03 |  -6.712627e-03 |
|   5.400000e-02 |   1.526027e-01 |  -3.903355e-02 |     3.838676e-02 |  -6.718098e-03 |  -6.718098e-03 |
|   5.500000e-02 |   1.525650e-01 |  -3.768147e-02 |     3.705749e-02 |  -6.723380e-03 |  -6.723380e-03 |
|   5.600000e-02 |   1.525286e-01 |  -3.637601e-02 |     3.577401e-02 |  -6.728479e-03 |  -6.728479e-03 |
|   5.700000e-02 |   1.524935e-01 |  -3.511556e-02 |     3.453477e-02 |  -6.733403e-03 |  -6.733403e-03 |
|   5.800000e-02 |   1.524596e-01 |  -3.389859e-02 |     3.333825e-02 |  -6.738156e-03 |  -6.738156e-03 |
|   5.900000e-02 |   1.524269e-01 |  -3.272361e-02 |     3.218300e-02 |  -6.742745e-03 |  -6.742745e-03 |
|   6.000000e-02 |   1.523953e-01 |  -3.158920e-02 |     3.106760e-02 |  -6.747175e-03 |  -6.747175e-03 |
|   6.100000e-02 |   1.523648e-01 |  -3.049395e-02 |     2.999070e-02 |  -6.751452e-03 |  -6.751452e-03 |
|   6.200000e-02 |   1.523354e-01 |  -2.943652e-02 |     2.895097e-02 |  -6.755581e-03 |  -6.755581e-03 |
|   6.300000e-02 |   1.523070e-01 |  -2.841563e-02 |     2.794714e-02 |  -6.759568e-03 |  -6.759568e-03 |
|   6.400000e-02 |   1.522795e-01 |  -2.743002e-02 |     2.697799e-02 |  -6.763416e-03 |  -6.763416e-03 |
|   6.500000e-02 |   1.522531e-01 |  -2.647847e-02 |     2.604232e-02 |  -6.767131e-03 |  -6.767131e-03 |
|   6.600000e-02 |   1.522275e-01 |  -2.555982e-02 |     2.513899e-02 |  -6.770718e-03 |  -6.770718e-03 |
+----------------+----------------+----------------+------------------+----------------+----------------+
+----------------+--------------------+--------------------+----------------+----------------+----------------+
| time           | solid_fraction_max | solid_fraction_min | stability_max  | stability_min  | top_reaction   |
+----------------+--------------------+--------------------+----------------+----------------+----------------+
:                :                    :                    :                :                :                :
|   5.200000e-02 |       6.095761e-01 |       6.084775e-01 |   2.802546e+01 |   2.800058e+01 |  -1.400000e+00 |
|   5.300000e-02 |       6.095853e-01 |       6.085231e-01 |   2.802458e+01 |   2.800056e+01 |  -1.400000e+00 |
|   5.400000e-02 |       6.095942e-01 |       6.085672e-01 |   2.802374e+01 |   2.800054e+01 |  -1.400000e+00 |
|   5.500000e-02 |       6.096027e-01 |       6.086097e-01 |   2.802291e+01 |   2.800052e+01 |  -1.400000e+00 |
|   5.600000e-02 |       6.096110e-01 |       6.086508e-01 |   2.802212e+01 |   2.800050e+01 |  -1.400000e+00 |
|   5.700000e-02 |       6.096190e-01 |       6.086904e-01 |   2.802136e+01 |   2.800049e+01 |  -1.400000e+00 |
|   5.800000e-02 |       6.096267e-01 |       6.087287e-01 |   2.802062e+01 |   2.800047e+01 |  -1.400000e+00 |
|   5.900000e-02 |       6.096342e-01 |       6.087657e-01 |   2.801990e+01 |   2.800045e+01 |  -1.400000e+00 |
|   6.000000e-02 |       6.096413e-01 |       6.088014e-01 |   2.801922e+01 |   2.800044e+01 |  -1.400000e+00 |
|   6.100000e-02 |       6.096483e-01 |       6.088359e-01 |   2.801855e+01 |   2.800042e+01 |  -1.400000e+00 |
|   6.200000e-02 |       6.096550e-01 |       6.088691e-01 |   2.801791e+01 |   2.800041e+01 |  -1.400000e+00 |
|   6.300000e-02 |       6.096615e-01 |       6.089013e-01 |   2.801729e+01 |   2.800039e+01 |  -1.400000e+00 |
|   6.400000e-02 |       6.096677e-01 |       6.089323e-01 |   2.801669e+01 |   2.800038e+01 |  -1.400000e+00 |
|   6.500000e-02 |       6.096737e-01 |       6.089622e-01 |   2.801611e+01 |   2.800037e+01 |  -1.400000e+00 |
|   6.600000e-02 |       6.096796e-01 |       6.089912e-01 |   2.801555e+01 |   2.800035e+01 |  -1.400000e+00 |
+----------------+--------------------+--------------------+----------------+----------------+----------------+


Time Step 67, time = 0.067, dt = 0.001
 * Nonlinear |R| = [32m3.201383e-03[39m (Before preset BCs, predictors, correctors, and constraints)
 0 Nonlinear |R| = [32m3.201383e-03[39m
      0 Linear |R| = [32m3.201383e-03[39m
      1 Linear |R| = [32m9.827772e-04[39m
      2 Linear |R| = [32m8.775972e-04[39m
      3 Linear |R| = [32m1.761509e-05[39m
      4 Linear |R| = [32m4.742360e-06[39m
      5 Linear |R| = [32m3.979799e-06[39m
      6 Linear |R| = [32m5.057556e-07[39m
      7 Linear |R| = [32m2.809772e-07[39m
      8 Linear |R| = [32m4.469921e-08[39m
      9 Linear |R| = [33m4.431942e-08[39m
     10 Linear |R| = [32m4.472935e-09[39m
     11 Linear |R| = [32m1.051034e-09[39m
     12 Linear |R| = [32m1.204879e-10[39m
     13 Linear |R| = [32m8.085826e-11[39m
     14 Linear |R| = [32m2.436003e-11[39m
     15 Linear |R| = [32m1.091403e-12[39m
 1 Nonlinear |R| = [32m2.673726e-07[39m
      0 Linear |R| = [32m2.673726e-07[39m
      1 Linear |R| = [32m4.263627e-08[39m
      2 Linear |R| = [32m8.198286e-09[39m
      3 Linear |R| = [32m8.321115e-10[39m
      4 Linear |R| = [32m2.461823e-10[39m
      5 Linear |R| = [33m2.411140e-10[39m
      6 Linear |R| = [32m6.993857e-11[39m
      7 Linear |R| = [32m2.103091e-11[39m
      8 Linear |R| = [32m2.392243e-12[39m
      9 Linear |R| = [33m2.385491e-12[39m
     10 Linear |R| = [32m5.484863e-13[39m
     11 Linear |R| = [32m1.146942e-13[39m
     12 Linear |R| = [32m1.239791e-14[39m
     13 Linear |R| = [32m8.567105e-15[39m
     14 Linear |R| = [32m1.819614e-15[39m
     15 Linear |R| = [32m1.054547e-16[39m
 2 Nonlinear |R| = [32m1.094446e-12[39m
[32m Solve Converged![39m

Outlier Variable Residual Norms:
  uy: [31m9.836201e-13[39m

Postprocessor Values:
+----------------+----------------+----------------+----------------+----------------+----------------+----------------+
| time           | J_max          | J_min          | Jbar_max       | Jbar_min       | center_pressure| edge_ux        |
+----------------+----------------+----------------+----------------+----------------+----------------+----------------+
:                :                :                :                :                :                :                :
|   5.300000e-02 |   9.729111e-01 |   9.713419e-01 |   9.869742e-01 |   9.867315e-01 |   4.280166e-02 |   1.213010e-02 |
|   5.400000e-02 |   9.728365e-01 |   9.713172e-01 |   9.869637e-01 |   9.867272e-01 |   4.132246e-02 |   1.207071e-02 |
|   5.500000e-02 |   9.727644e-01 |   9.712934e-01 |   9.869535e-01 |   9.867231e-01 |   3.989403e-02 |   1.201336e-02 |
|   5.600000e-02 |   9.726949e-01 |   9.712704e-01 |   9.869437e-01 |   9.867191e-01 |   3.851464e-02 |   1.195800e-02 |
|   5.700000e-02 |   9.726278e-01 |   9.712482e-01 |   9.869342e-01 |   9.867153e-01 |   3.718262e-02 |   1.190455e-02 |
|   5.800000e-02 |   9.725629e-01 |   9.712268e-01 |   9.869250e-01 |   9.867116e-01 |   3.589639e-02 |   1.185294e-02 |
|   5.900000e-02 |   9.725004e-01 |   9.712061e-01 |   9.869162e-01 |   9.867081e-01 |   3.465438e-02 |   1.180312e-02 |
|   6.000000e-02 |   9.724400e-01 |   9.711861e-01 |   9.869076e-01 |   9.867047e-01 |   3.345509e-02 |   1.175503e-02 |
|   6.100000e-02 |   9.723817e-01 |   9.711668e-01 |   9.868994e-01 |   9.867013e-01 |   3.229706e-02 |   1.170859e-02 |
|   6.200000e-02 |   9.723254e-01 |   9.711481e-01 |   9.868914e-01 |   9.866982e-01 |   3.117890e-02 |   1.166376e-02 |
|   6.300000e-02 |   9.722710e-01 |   9.711302e-01 |   9.868838e-01 |   9.866951e-01 |   3.009925e-02 |   1.162049e-02 |
|   6.400000e-02 |   9.722186e-01 |   9.711128e-01 |   9.868763e-01 |   9.866921e-01 |   2.905679e-02 |   1.157871e-02 |
|   6.500000e-02 |   9.721679e-01 |   9.710960e-01 |   9.868692e-01 |   9.866893e-01 |   2.805026e-02 |   1.153838e-02 |
|   6.600000e-02 |   9.721190e-01 |   9.710799e-01 |   9.868623e-01 |   9.866865e-01 |   2.707843e-02 |   1.149944e-02 |
|   6.700000e-02 |   9.720719e-01 |   9.710642e-01 |   9.868556e-01 |   9.866838e-01 |   2.614011e-02 |   1.146186e-02 |
+----------------+----------------+----------------+----------------+----------------+----------------+----------------+
+----------------+----------------+----------------+------------------+----------------+----------------+
| time           | mass           | mass_reaction  | outflow_gradient | platen_max     | platen_min     |
+----------------+----------------+----------------+------------------+----------------+----------------+
:                :                :                :                  :                :                :
|   5.300000e-02 |   1.526417e-01 |  -4.043389e-02 |     3.976345e-02 |  -6.712627e-03 |  -6.712627e-03 |
|   5.400000e-02 |   1.526027e-01 |  -3.903355e-02 |     3.838676e-02 |  -6.718098e-03 |  -6.718098e-03 |
|   5.500000e-02 |   1.525650e-01 |  -3.768147e-02 |     3.705749e-02 |  -6.723380e-03 |  -6.723380e-03 |
|   5.600000e-02 |   1.525286e-01 |  -3.637601e-02 |     3.577401e-02 |  -6.728479e-03 |  -6.728479e-03 |
|   5.700000e-02 |   1.524935e-01 |  -3.511556e-02 |     3.453477e-02 |  -6.733403e-03 |  -6.733403e-03 |
|   5.800000e-02 |   1.524596e-01 |  -3.389859e-02 |     3.333825e-02 |  -6.738156e-03 |  -6.738156e-03 |
|   5.900000e-02 |   1.524269e-01 |  -3.272361e-02 |     3.218300e-02 |  -6.742745e-03 |  -6.742745e-03 |
|   6.000000e-02 |   1.523953e-01 |  -3.158920e-02 |     3.106760e-02 |  -6.747175e-03 |  -6.747175e-03 |
|   6.100000e-02 |   1.523648e-01 |  -3.049395e-02 |     2.999070e-02 |  -6.751452e-03 |  -6.751452e-03 |
|   6.200000e-02 |   1.523354e-01 |  -2.943652e-02 |     2.895097e-02 |  -6.755581e-03 |  -6.755581e-03 |
|   6.300000e-02 |   1.523070e-01 |  -2.841563e-02 |     2.794714e-02 |  -6.759568e-03 |  -6.759568e-03 |
|   6.400000e-02 |   1.522795e-01 |  -2.743002e-02 |     2.697799e-02 |  -6.763416e-03 |  -6.763416e-03 |
|   6.500000e-02 |   1.522531e-01 |  -2.647847e-02 |     2.604232e-02 |  -6.767131e-03 |  -6.767131e-03 |
|   6.600000e-02 |   1.522275e-01 |  -2.555982e-02 |     2.513899e-02 |  -6.770718e-03 |  -6.770718e-03 |
|   6.700000e-02 |   1.522028e-01 |  -2.467294e-02 |     2.426688e-02 |  -6.774180e-03 |  -6.774180e-03 |
+----------------+----------------+----------------+------------------+----------------+----------------+
+----------------+--------------------+--------------------+----------------+----------------+----------------+
| time           | solid_fraction_max | solid_fraction_min | stability_max  | stability_min  | top_reaction   |
+----------------+--------------------+--------------------+----------------+----------------+----------------+
:                :                    :                    :                :                :                :
|   5.300000e-02 |       6.095853e-01 |       6.085231e-01 |   2.802458e+01 |   2.800056e+01 |  -1.400000e+00 |
|   5.400000e-02 |       6.095942e-01 |       6.085672e-01 |   2.802374e+01 |   2.800054e+01 |  -1.400000e+00 |
|   5.500000e-02 |       6.096027e-01 |       6.086097e-01 |   2.802291e+01 |   2.800052e+01 |  -1.400000e+00 |
|   5.600000e-02 |       6.096110e-01 |       6.086508e-01 |   2.802212e+01 |   2.800050e+01 |  -1.400000e+00 |
|   5.700000e-02 |       6.096190e-01 |       6.086904e-01 |   2.802136e+01 |   2.800049e+01 |  -1.400000e+00 |
|   5.800000e-02 |       6.096267e-01 |       6.087287e-01 |   2.802062e+01 |   2.800047e+01 |  -1.400000e+00 |
|   5.900000e-02 |       6.096342e-01 |       6.087657e-01 |   2.801990e+01 |   2.800045e+01 |  -1.400000e+00 |
|   6.000000e-02 |       6.096413e-01 |       6.088014e-01 |   2.801922e+01 |   2.800044e+01 |  -1.400000e+00 |
|   6.100000e-02 |       6.096483e-01 |       6.088359e-01 |   2.801855e+01 |   2.800042e+01 |  -1.400000e+00 |
|   6.200000e-02 |       6.096550e-01 |       6.088691e-01 |   2.801791e+01 |   2.800041e+01 |  -1.400000e+00 |
|   6.300000e-02 |       6.096615e-01 |       6.089013e-01 |   2.801729e+01 |   2.800039e+01 |  -1.400000e+00 |
|   6.400000e-02 |       6.096677e-01 |       6.089323e-01 |   2.801669e+01 |   2.800038e+01 |  -1.400000e+00 |
|   6.500000e-02 |       6.096737e-01 |       6.089622e-01 |   2.801611e+01 |   2.800037e+01 |  -1.400000e+00 |
|   6.600000e-02 |       6.096796e-01 |       6.089912e-01 |   2.801555e+01 |   2.800035e+01 |  -1.400000e+00 |
|   6.700000e-02 |       6.096852e-01 |       6.090191e-01 |   2.801501e+01 |   2.800034e+01 |  -1.400000e+00 |
+----------------+--------------------+--------------------+----------------+----------------+----------------+


Time Step 68, time = 0.068, dt = 0.001
 * Nonlinear |R| = [32m3.090270e-03[39m (Before preset BCs, predictors, correctors, and constraints)
 0 Nonlinear |R| = [32m3.090270e-03[39m
      0 Linear |R| = [32m3.090270e-03[39m
      1 Linear |R| = [32m9.487752e-04[39m
      2 Linear |R| = [32m8.472592e-04[39m
      3 Linear |R| = [32m1.700457e-05[39m
      4 Linear |R| = [32m4.576105e-06[39m
      5 Linear |R| = [32m3.799741e-06[39m
      6 Linear |R| = [32m4.882376e-07[39m
      7 Linear |R| = [32m2.712389e-07[39m
      8 Linear |R| = [32m4.309427e-08[39m
      9 Linear |R| = [33m4.257808e-08[39m
     10 Linear |R| = [32m4.317616e-09[39m
     11 Linear |R| = [32m1.014526e-09[39m
     12 Linear |R| = [32m1.719207e-10[39m
     13 Linear |R| = [32m7.806074e-11[39m
     14 Linear |R| = [32m2.351420e-11[39m
     15 Linear |R| = [32m1.056318e-12[39m
 1 Nonlinear |R| = [32m2.523418e-07[39m
      0 Linear |R| = [32m2.523418e-07[39m
      1 Linear |R| = [32m4.158732e-08[39m
      2 Linear |R| = [32m6.678510e-09[39m
      3 Linear |R| = [32m7.938302e-10[39m
      4 Linear |R| = [32m2.383649e-10[39m
      5 Linear |R| = [33m2.286586e-10[39m
      6 Linear |R| = [32m7.331582e-11[39m
      7 Linear |R| = [32m2.060371e-11[39m
      8 Linear |R| = [32m2.676253e-12[39m
      9 Linear |R| = [33m2.665036e-12[39m
     10 Linear |R| = [32m6.190464e-13[39m
     11 Linear |R| = [32m1.254470e-13[39m
     12 Linear |R| = [32m1.437888e-14[39m
     13 Linear |R| = [32m1.155472e-14[39m
     14 Linear |R| = [32m1.664682e-15[39m
     15 Linear |R| = [32m1.197404e-16[39m
 2 Nonlinear |R| = [32m8.268399e-13[39m
[32m Solve Converged![39m

Outlier Variable Residual Norms:
  uy: [33m6.913846e-13[39m

Postprocessor Values:
+----------------+----------------+----------------+----------------+----------------+----------------+----------------+
| time           | J_max          | J_min          | Jbar_max       | Jbar_min       | center_pressure| edge_ux        |
+----------------+----------------+----------------+----------------+----------------+----------------+----------------+
:                :                :                :                :                :                :                :
|   5.400000e-02 |   9.728365e-01 |   9.713172e-01 |   9.869637e-01 |   9.867272e-01 |   4.132246e-02 |   1.207071e-02 |
|   5.500000e-02 |   9.727644e-01 |   9.712934e-01 |   9.869535e-01 |   9.867231e-01 |   3.989403e-02 |   1.201336e-02 |
|   5.600000e-02 |   9.726949e-01 |   9.712704e-01 |   9.869437e-01 |   9.867191e-01 |   3.851464e-02 |   1.195800e-02 |
|   5.700000e-02 |   9.726278e-01 |   9.712482e-01 |   9.869342e-01 |   9.867153e-01 |   3.718262e-02 |   1.190455e-02 |
|   5.800000e-02 |   9.725629e-01 |   9.712268e-01 |   9.869250e-01 |   9.867116e-01 |   3.589639e-02 |   1.185294e-02 |
|   5.900000e-02 |   9.725004e-01 |   9.712061e-01 |   9.869162e-01 |   9.867081e-01 |   3.465438e-02 |   1.180312e-02 |
|   6.000000e-02 |   9.724400e-01 |   9.711861e-01 |   9.869076e-01 |   9.867047e-01 |   3.345509e-02 |   1.175503e-02 |
|   6.100000e-02 |   9.723817e-01 |   9.711668e-01 |   9.868994e-01 |   9.867013e-01 |   3.229706e-02 |   1.170859e-02 |
|   6.200000e-02 |   9.723254e-01 |   9.711481e-01 |   9.868914e-01 |   9.866982e-01 |   3.117890e-02 |   1.166376e-02 |
|   6.300000e-02 |   9.722710e-01 |   9.711302e-01 |   9.868838e-01 |   9.866951e-01 |   3.009925e-02 |   1.162049e-02 |
|   6.400000e-02 |   9.722186e-01 |   9.711128e-01 |   9.868763e-01 |   9.866921e-01 |   2.905679e-02 |   1.157871e-02 |
|   6.500000e-02 |   9.721679e-01 |   9.710960e-01 |   9.868692e-01 |   9.866893e-01 |   2.805026e-02 |   1.153838e-02 |
|   6.600000e-02 |   9.721190e-01 |   9.710799e-01 |   9.868623e-01 |   9.866865e-01 |   2.707843e-02 |   1.149944e-02 |
|   6.700000e-02 |   9.720719e-01 |   9.710642e-01 |   9.868556e-01 |   9.866838e-01 |   2.614011e-02 |   1.146186e-02 |
|   6.800000e-02 |   9.720263e-01 |   9.710491e-01 |   9.868492e-01 |   9.866813e-01 |   2.523416e-02 |   1.142557e-02 |
+----------------+----------------+----------------+----------------+----------------+----------------+----------------+
+----------------+----------------+----------------+------------------+----------------+----------------+
| time           | mass           | mass_reaction  | outflow_gradient | platen_max     | platen_min     |
+----------------+----------------+----------------+------------------+----------------+----------------+
:                :                :                :                  :                :                :
|   5.400000e-02 |   1.526027e-01 |  -3.903355e-02 |     3.838676e-02 |  -6.718098e-03 |  -6.718098e-03 |
|   5.500000e-02 |   1.525650e-01 |  -3.768147e-02 |     3.705749e-02 |  -6.723380e-03 |  -6.723380e-03 |
|   5.600000e-02 |   1.525286e-01 |  -3.637601e-02 |     3.577401e-02 |  -6.728479e-03 |  -6.728479e-03 |
|   5.700000e-02 |   1.524935e-01 |  -3.511556e-02 |     3.453477e-02 |  -6.733403e-03 |  -6.733403e-03 |
|   5.800000e-02 |   1.524596e-01 |  -3.389859e-02 |     3.333825e-02 |  -6.738156e-03 |  -6.738156e-03 |
|   5.900000e-02 |   1.524269e-01 |  -3.272361e-02 |     3.218300e-02 |  -6.742745e-03 |  -6.742745e-03 |
|   6.000000e-02 |   1.523953e-01 |  -3.158920e-02 |     3.106760e-02 |  -6.747175e-03 |  -6.747175e-03 |
|   6.100000e-02 |   1.523648e-01 |  -3.049395e-02 |     2.999070e-02 |  -6.751452e-03 |  -6.751452e-03 |
|   6.200000e-02 |   1.523354e-01 |  -2.943652e-02 |     2.895097e-02 |  -6.755581e-03 |  -6.755581e-03 |
|   6.300000e-02 |   1.523070e-01 |  -2.841563e-02 |     2.794714e-02 |  -6.759568e-03 |  -6.759568e-03 |
|   6.400000e-02 |   1.522795e-01 |  -2.743002e-02 |     2.697799e-02 |  -6.763416e-03 |  -6.763416e-03 |
|   6.500000e-02 |   1.522531e-01 |  -2.647847e-02 |     2.604232e-02 |  -6.767131e-03 |  -6.767131e-03 |
|   6.600000e-02 |   1.522275e-01 |  -2.555982e-02 |     2.513899e-02 |  -6.770718e-03 |  -6.770718e-03 |
|   6.700000e-02 |   1.522028e-01 |  -2.467294e-02 |     2.426688e-02 |  -6.774180e-03 |  -6.774180e-03 |
|   6.800000e-02 |   1.521790e-01 |  -2.381673e-02 |     2.342492e-02 |  -6.777523e-03 |  -6.777523e-03 |
+----------------+----------------+----------------+------------------+----------------+----------------+
+----------------+--------------------+--------------------+----------------+----------------+----------------+
| time           | solid_fraction_max | solid_fraction_min | stability_max  | stability_min  | top_reaction   |
+----------------+--------------------+--------------------+----------------+----------------+----------------+
:                :                    :                    :                :                :                :
|   5.400000e-02 |       6.095942e-01 |       6.085672e-01 |   2.802374e+01 |   2.800054e+01 |  -1.400000e+00 |
|   5.500000e-02 |       6.096027e-01 |       6.086097e-01 |   2.802291e+01 |   2.800052e+01 |  -1.400000e+00 |
|   5.600000e-02 |       6.096110e-01 |       6.086508e-01 |   2.802212e+01 |   2.800050e+01 |  -1.400000e+00 |
|   5.700000e-02 |       6.096190e-01 |       6.086904e-01 |   2.802136e+01 |   2.800049e+01 |  -1.400000e+00 |
|   5.800000e-02 |       6.096267e-01 |       6.087287e-01 |   2.802062e+01 |   2.800047e+01 |  -1.400000e+00 |
|   5.900000e-02 |       6.096342e-01 |       6.087657e-01 |   2.801990e+01 |   2.800045e+01 |  -1.400000e+00 |
|   6.000000e-02 |       6.096413e-01 |       6.088014e-01 |   2.801922e+01 |   2.800044e+01 |  -1.400000e+00 |
|   6.100000e-02 |       6.096483e-01 |       6.088359e-01 |   2.801855e+01 |   2.800042e+01 |  -1.400000e+00 |
|   6.200000e-02 |       6.096550e-01 |       6.088691e-01 |   2.801791e+01 |   2.800041e+01 |  -1.400000e+00 |
|   6.300000e-02 |       6.096615e-01 |       6.089013e-01 |   2.801729e+01 |   2.800039e+01 |  -1.400000e+00 |
|   6.400000e-02 |       6.096677e-01 |       6.089323e-01 |   2.801669e+01 |   2.800038e+01 |  -1.400000e+00 |
|   6.500000e-02 |       6.096737e-01 |       6.089622e-01 |   2.801611e+01 |   2.800037e+01 |  -1.400000e+00 |
|   6.600000e-02 |       6.096796e-01 |       6.089912e-01 |   2.801555e+01 |   2.800035e+01 |  -1.400000e+00 |
|   6.700000e-02 |       6.096852e-01 |       6.090191e-01 |   2.801501e+01 |   2.800034e+01 |  -1.400000e+00 |
|   6.800000e-02 |       6.096906e-01 |       6.090460e-01 |   2.801449e+01 |   2.800033e+01 |  -1.400000e+00 |
+----------------+--------------------+--------------------+----------------+----------------+----------------+


Time Step 69, time = 0.069, dt = 0.001
 * Nonlinear |R| = [32m2.983002e-03[39m (Before preset BCs, predictors, correctors, and constraints)
 0 Nonlinear |R| = [32m2.983002e-03[39m
      0 Linear |R| = [32m2.983002e-03[39m
      1 Linear |R| = [32m9.159290e-04[39m
      2 Linear |R| = [32m8.179403e-04[39m
      3 Linear |R| = [32m1.641561e-05[39m
      4 Linear |R| = [32m4.417930e-06[39m
      5 Linear |R| = [32m3.640075e-06[39m
      6 Linear |R| = [32m4.713342e-07[39m
      7 Linear |R| = [32m2.618408e-07[39m
      8 Linear |R| = [32m4.135605e-08[39m
      9 Linear |R| = [32m3.875292e-08[39m
     10 Linear |R| = [32m4.167781e-09[39m
     11 Linear |R| = [32m9.792517e-10[39m
     12 Linear |R| = [32m9.302200e-11[39m
     13 Linear |R| = [32m7.533055e-11[39m
     14 Linear |R| = [32m2.269699e-11[39m
     15 Linear |R| = [32m1.016411e-12[39m
 1 Nonlinear |R| = [32m2.343442e-07[39m
      0 Linear |R| = [32m2.343442e-07[39m
      1 Linear |R| = [32m3.765980e-08[39m
      2 Linear |R| = [32m8.671019e-10[39m
      3 Linear |R| = [32m7.390172e-10[39m
      4 Linear |R| = [32m2.197797e-10[39m
      5 Linear |R| = [33m2.122385e-10[39m
      6 Linear |R| = [32m6.666281e-11[39m
      7 Linear |R| = [32m1.870138e-11[39m
      8 Linear |R| = [32m2.224649e-12[39m
      9 Linear |R| = [33m2.198683e-12[39m
     10 Linear |R| = [32m5.910555e-13[39m
     11 Linear |R| = [32m1.050397e-13[39m
     12 Linear |R| = [32m1.203007e-14[39m
     13 Linear |R| = [32m1.006088e-14[39m
     14 Linear |R| = [32m1.672921e-15[39m
     15 Linear |R| = [32m1.267740e-16[39m
 2 Nonlinear |R| = [32m8.123734e-13[39m
[32m Solve Converged![39m

Outlier Variable Residual Norms:
  uy: [33m6.795316e-13[39m

Postprocessor Values:
+----------------+----------------+----------------+----------------+----------------+----------------+----------------+
| time           | J_max          | J_min          | Jbar_max       | Jbar_min       | center_pressure| edge_ux        |
+----------------+----------------+----------------+----------------+----------------+----------------+----------------+
:                :                :                :                :                :                :                :
|   5.500000e-02 |   9.727644e-01 |   9.712934e-01 |   9.869535e-01 |   9.867231e-01 |   3.989403e-02 |   1.201336e-02 |
|   5.600000e-02 |   9.726949e-01 |   9.712704e-01 |   9.869437e-01 |   9.867191e-01 |   3.851464e-02 |   1.195800e-02 |
|   5.700000e-02 |   9.726278e-01 |   9.712482e-01 |   9.869342e-01 |   9.867153e-01 |   3.718262e-02 |   1.190455e-02 |
|   5.800000e-02 |   9.725629e-01 |   9.712268e-01 |   9.869250e-01 |   9.867116e-01 |   3.589639e-02 |   1.185294e-02 |
|   5.900000e-02 |   9.725004e-01 |   9.712061e-01 |   9.869162e-01 |   9.867081e-01 |   3.465438e-02 |   1.180312e-02 |
|   6.000000e-02 |   9.724400e-01 |   9.711861e-01 |   9.869076e-01 |   9.867047e-01 |   3.345509e-02 |   1.175503e-02 |
|   6.100000e-02 |   9.723817e-01 |   9.711668e-01 |   9.868994e-01 |   9.867013e-01 |   3.229706e-02 |   1.170859e-02 |
|   6.200000e-02 |   9.723254e-01 |   9.711481e-01 |   9.868914e-01 |   9.866982e-01 |   3.117890e-02 |   1.166376e-02 |
|   6.300000e-02 |   9.722710e-01 |   9.711302e-01 |   9.868838e-01 |   9.866951e-01 |   3.009925e-02 |   1.162049e-02 |
|   6.400000e-02 |   9.722186e-01 |   9.711128e-01 |   9.868763e-01 |   9.866921e-01 |   2.905679e-02 |   1.157871e-02 |
|   6.500000e-02 |   9.721679e-01 |   9.710960e-01 |   9.868692e-01 |   9.866893e-01 |   2.805026e-02 |   1.153838e-02 |
|   6.600000e-02 |   9.721190e-01 |   9.710799e-01 |   9.868623e-01 |   9.866865e-01 |   2.707843e-02 |   1.149944e-02 |
|   6.700000e-02 |   9.720719e-01 |   9.710642e-01 |   9.868556e-01 |   9.866838e-01 |   2.614011e-02 |   1.146186e-02 |
|   6.800000e-02 |   9.720263e-01 |   9.710491e-01 |   9.868492e-01 |   9.866813e-01 |   2.523416e-02 |   1.142557e-02 |
|   6.900000e-02 |   9.719823e-01 |   9.710346e-01 |   9.868429e-01 |   9.866788e-01 |   2.435948e-02 |   1.139054e-02 |
+----------------+----------------+----------------+----------------+----------------+----------------+----------------+
+----------------+----------------+----------------+------------------+----------------+----------------+
| time           | mass           | mass_reaction  | outflow_gradient | platen_max     | platen_min     |
+----------------+----------------+----------------+------------------+----------------+----------------+
:                :                :                :                  :                :                :
|   5.500000e-02 |   1.525650e-01 |  -3.768147e-02 |     3.705749e-02 |  -6.723380e-03 |  -6.723380e-03 |
|   5.600000e-02 |   1.525286e-01 |  -3.637601e-02 |     3.577401e-02 |  -6.728479e-03 |  -6.728479e-03 |
|   5.700000e-02 |   1.524935e-01 |  -3.511556e-02 |     3.453477e-02 |  -6.733403e-03 |  -6.733403e-03 |
|   5.800000e-02 |   1.524596e-01 |  -3.389859e-02 |     3.333825e-02 |  -6.738156e-03 |  -6.738156e-03 |
|   5.900000e-02 |   1.524269e-01 |  -3.272361e-02 |     3.218300e-02 |  -6.742745e-03 |  -6.742745e-03 |
|   6.000000e-02 |   1.523953e-01 |  -3.158920e-02 |     3.106760e-02 |  -6.747175e-03 |  -6.747175e-03 |
|   6.100000e-02 |   1.523648e-01 |  -3.049395e-02 |     2.999070e-02 |  -6.751452e-03 |  -6.751452e-03 |
|   6.200000e-02 |   1.523354e-01 |  -2.943652e-02 |     2.895097e-02 |  -6.755581e-03 |  -6.755581e-03 |
|   6.300000e-02 |   1.523070e-01 |  -2.841563e-02 |     2.794714e-02 |  -6.759568e-03 |  -6.759568e-03 |
|   6.400000e-02 |   1.522795e-01 |  -2.743002e-02 |     2.697799e-02 |  -6.763416e-03 |  -6.763416e-03 |
|   6.500000e-02 |   1.522531e-01 |  -2.647847e-02 |     2.604232e-02 |  -6.767131e-03 |  -6.767131e-03 |
|   6.600000e-02 |   1.522275e-01 |  -2.555982e-02 |     2.513899e-02 |  -6.770718e-03 |  -6.770718e-03 |
|   6.700000e-02 |   1.522028e-01 |  -2.467294e-02 |     2.426688e-02 |  -6.774180e-03 |  -6.774180e-03 |
|   6.800000e-02 |   1.521790e-01 |  -2.381673e-02 |     2.342492e-02 |  -6.777523e-03 |  -6.777523e-03 |
|   6.900000e-02 |   1.521560e-01 |  -2.299015e-02 |     2.261209e-02 |  -6.780749e-03 |  -6.780749e-03 |
+----------------+----------------+----------------+------------------+----------------+----------------+
+----------------+--------------------+--------------------+----------------+----------------+----------------+
| time           | solid_fraction_max | solid_fraction_min | stability_max  | stability_min  | top_reaction   |
+----------------+--------------------+--------------------+----------------+----------------+----------------+
:                :                    :                    :                :                :                :
|   5.500000e-02 |       6.096027e-01 |       6.086097e-01 |   2.802291e+01 |   2.800052e+01 |  -1.400000e+00 |
|   5.600000e-02 |       6.096110e-01 |       6.086508e-01 |   2.802212e+01 |   2.800050e+01 |  -1.400000e+00 |
|   5.700000e-02 |       6.096190e-01 |       6.086904e-01 |   2.802136e+01 |   2.800049e+01 |  -1.400000e+00 |
|   5.800000e-02 |       6.096267e-01 |       6.087287e-01 |   2.802062e+01 |   2.800047e+01 |  -1.400000e+00 |
|   5.900000e-02 |       6.096342e-01 |       6.087657e-01 |   2.801990e+01 |   2.800045e+01 |  -1.400000e+00 |
|   6.000000e-02 |       6.096413e-01 |       6.088014e-01 |   2.801922e+01 |   2.800044e+01 |  -1.400000e+00 |
|   6.100000e-02 |       6.096483e-01 |       6.088359e-01 |   2.801855e+01 |   2.800042e+01 |  -1.400000e+00 |
|   6.200000e-02 |       6.096550e-01 |       6.088691e-01 |   2.801791e+01 |   2.800041e+01 |  -1.400000e+00 |
|   6.300000e-02 |       6.096615e-01 |       6.089013e-01 |   2.801729e+01 |   2.800039e+01 |  -1.400000e+00 |
|   6.400000e-02 |       6.096677e-01 |       6.089323e-01 |   2.801669e+01 |   2.800038e+01 |  -1.400000e+00 |
|   6.500000e-02 |       6.096737e-01 |       6.089622e-01 |   2.801611e+01 |   2.800037e+01 |  -1.400000e+00 |
|   6.600000e-02 |       6.096796e-01 |       6.089912e-01 |   2.801555e+01 |   2.800035e+01 |  -1.400000e+00 |
|   6.700000e-02 |       6.096852e-01 |       6.090191e-01 |   2.801501e+01 |   2.800034e+01 |  -1.400000e+00 |
|   6.800000e-02 |       6.096906e-01 |       6.090460e-01 |   2.801449e+01 |   2.800033e+01 |  -1.400000e+00 |
|   6.900000e-02 |       6.096958e-01 |       6.090721e-01 |   2.801399e+01 |   2.800032e+01 |  -1.400000e+00 |
+----------------+--------------------+--------------------+----------------+----------------+----------------+


Time Step 70, time = 0.07, dt = 0.001
 * Nonlinear |R| = [32m2.879447e-03[39m (Before preset BCs, predictors, correctors, and constraints)
 0 Nonlinear |R| = [32m2.879447e-03[39m
      0 Linear |R| = [32m2.879447e-03[39m
      1 Linear |R| = [32m8.842208e-04[39m
      2 Linear |R| = [32m7.896418e-04[39m
      3 Linear |R| = [32m1.584672e-05[39m
      4 Linear |R| = [32m4.265312e-06[39m
      5 Linear |R| = [32m3.592087e-06[39m
      6 Linear |R| = [32m4.550163e-07[39m
      7 Linear |R| = [32m2.527685e-07[39m
      8 Linear |R| = [32m3.986028e-08[39m
      9 Linear |R| = [32m3.569536e-08[39m
     10 Linear |R| = [32m4.023155e-09[39m
     11 Linear |R| = [32m9.452150e-10[39m
     12 Linear |R| = [32m8.693247e-11[39m
     13 Linear |R| = [32m7.271177e-11[39m
     14 Linear |R| = [32m2.190809e-11[39m
     15 Linear |R| = [32m9.819076e-13[39m
 1 Nonlinear |R| = [32m2.184127e-07[39m
      0 Linear |R| = [32m2.184127e-07[39m
      1 Linear |R| = [32m3.551057e-08[39m
      2 Linear |R| = [32m2.312431e-09[39m
      3 Linear |R| = [32m6.737670e-10[39m
      4 Linear |R| = [32m2.000009e-10[39m
      5 Linear |R| = [33m1.949616e-10[39m
      6 Linear |R| = [32m5.842265e-11[39m
      7 Linear |R| = [32m1.675271e-11[39m
      8 Linear |R| = [32m2.117481e-12[39m
      9 Linear |R| = [33m2.093296e-12[39m
     10 Linear |R| = [32m5.241351e-13[39m
     11 Linear |R| = [32m9.937153e-14[39m
     12 Linear |R| = [32m1.208270e-14[39m
     13 Linear |R| = [32m1.018763e-14[39m
     14 Linear |R| = [32m1.779638e-15[39m
     15 Linear |R| = [32m1.144187e-16[39m
 2 Nonlinear |R| = [32m7.813453e-13[39m
[32m Solve Converged![39m

Outlier Variable Residual Norms:
  uy: [33m6.864558e-13[39m

Postprocessor Values:
+----------------+----------------+----------------+----------------+----------------+----------------+----------------+
| time           | J_max          | J_min          | Jbar_max       | Jbar_min       | center_pressure| edge_ux        |
+----------------+----------------+----------------+----------------+----------------+----------------+----------------+
:                :                :                :                :                :                :                :
|   5.600000e-02 |   9.726949e-01 |   9.712704e-01 |   9.869437e-01 |   9.867191e-01 |   3.851464e-02 |   1.195800e-02 |
|   5.700000e-02 |   9.726278e-01 |   9.712482e-01 |   9.869342e-01 |   9.867153e-01 |   3.718262e-02 |   1.190455e-02 |
|   5.800000e-02 |   9.725629e-01 |   9.712268e-01 |   9.869250e-01 |   9.867116e-01 |   3.589639e-02 |   1.185294e-02 |
|   5.900000e-02 |   9.725004e-01 |   9.712061e-01 |   9.869162e-01 |   9.867081e-01 |   3.465438e-02 |   1.180312e-02 |
|   6.000000e-02 |   9.724400e-01 |   9.711861e-01 |   9.869076e-01 |   9.867047e-01 |   3.345509e-02 |   1.175503e-02 |
|   6.100000e-02 |   9.723817e-01 |   9.711668e-01 |   9.868994e-01 |   9.867013e-01 |   3.229706e-02 |   1.170859e-02 |
|   6.200000e-02 |   9.723254e-01 |   9.711481e-01 |   9.868914e-01 |   9.866982e-01 |   3.117890e-02 |   1.166376e-02 |
|   6.300000e-02 |   9.722710e-01 |   9.711302e-01 |   9.868838e-01 |   9.866951e-01 |   3.009925e-02 |   1.162049e-02 |
|   6.400000e-02 |   9.722186e-01 |   9.711128e-01 |   9.868763e-01 |   9.866921e-01 |   2.905679e-02 |   1.157871e-02 |
|   6.500000e-02 |   9.721679e-01 |   9.710960e-01 |   9.868692e-01 |   9.866893e-01 |   2.805026e-02 |   1.153838e-02 |
|   6.600000e-02 |   9.721190e-01 |   9.710799e-01 |   9.868623e-01 |   9.866865e-01 |   2.707843e-02 |   1.149944e-02 |
|   6.700000e-02 |   9.720719e-01 |   9.710642e-01 |   9.868556e-01 |   9.866838e-01 |   2.614011e-02 |   1.146186e-02 |
|   6.800000e-02 |   9.720263e-01 |   9.710491e-01 |   9.868492e-01 |   9.866813e-01 |   2.523416e-02 |   1.142557e-02 |
|   6.900000e-02 |   9.719823e-01 |   9.710346e-01 |   9.868429e-01 |   9.866788e-01 |   2.435948e-02 |   1.139054e-02 |
|   7.000000e-02 |   9.719399e-01 |   9.710205e-01 |   9.868369e-01 |   9.866764e-01 |   2.351499e-02 |   1.135673e-02 |
+----------------+----------------+----------------+----------------+----------------+----------------+----------------+
+----------------+----------------+----------------+------------------+----------------+----------------+
| time           | mass           | mass_reaction  | outflow_gradient | platen_max     | platen_min     |
+----------------+----------------+----------------+------------------+----------------+----------------+
:                :                :                :                  :                :                :
|   5.600000e-02 |   1.525286e-01 |  -3.637601e-02 |     3.577401e-02 |  -6.728479e-03 |  -6.728479e-03 |
|   5.700000e-02 |   1.524935e-01 |  -3.511556e-02 |     3.453477e-02 |  -6.733403e-03 |  -6.733403e-03 |
|   5.800000e-02 |   1.524596e-01 |  -3.389859e-02 |     3.333825e-02 |  -6.738156e-03 |  -6.738156e-03 |
|   5.900000e-02 |   1.524269e-01 |  -3.272361e-02 |     3.218300e-02 |  -6.742745e-03 |  -6.742745e-03 |
|   6.000000e-02 |   1.523953e-01 |  -3.158920e-02 |     3.106760e-02 |  -6.747175e-03 |  -6.747175e-03 |
|   6.100000e-02 |   1.523648e-01 |  -3.049395e-02 |     2.999070e-02 |  -6.751452e-03 |  -6.751452e-03 |
|   6.200000e-02 |   1.523354e-01 |  -2.943652e-02 |     2.895097e-02 |  -6.755581e-03 |  -6.755581e-03 |
|   6.300000e-02 |   1.523070e-01 |  -2.841563e-02 |     2.794714e-02 |  -6.759568e-03 |  -6.759568e-03 |
|   6.400000e-02 |   1.522795e-01 |  -2.743002e-02 |     2.697799e-02 |  -6.763416e-03 |  -6.763416e-03 |
|   6.500000e-02 |   1.522531e-01 |  -2.647847e-02 |     2.604232e-02 |  -6.767131e-03 |  -6.767131e-03 |
|   6.600000e-02 |   1.522275e-01 |  -2.555982e-02 |     2.513899e-02 |  -6.770718e-03 |  -6.770718e-03 |
|   6.700000e-02 |   1.522028e-01 |  -2.467294e-02 |     2.426688e-02 |  -6.774180e-03 |  -6.774180e-03 |
|   6.800000e-02 |   1.521790e-01 |  -2.381673e-02 |     2.342492e-02 |  -6.777523e-03 |  -6.777523e-03 |
|   6.900000e-02 |   1.521560e-01 |  -2.299015e-02 |     2.261209e-02 |  -6.780749e-03 |  -6.780749e-03 |
|   7.000000e-02 |   1.521338e-01 |  -2.219217e-02 |     2.182737e-02 |  -6.783864e-03 |  -6.783864e-03 |
+----------------+----------------+----------------+------------------+----------------+----------------+
+----------------+--------------------+--------------------+----------------+----------------+----------------+
| time           | solid_fraction_max | solid_fraction_min | stability_max  | stability_min  | top_reaction   |
+----------------+--------------------+--------------------+----------------+----------------+----------------+
:                :                    :                    :                :                :                :
|   5.600000e-02 |       6.096110e-01 |       6.086508e-01 |   2.802212e+01 |   2.800050e+01 |  -1.400000e+00 |
|   5.700000e-02 |       6.096190e-01 |       6.086904e-01 |   2.802136e+01 |   2.800049e+01 |  -1.400000e+00 |
|   5.800000e-02 |       6.096267e-01 |       6.087287e-01 |   2.802062e+01 |   2.800047e+01 |  -1.400000e+00 |
|   5.900000e-02 |       6.096342e-01 |       6.087657e-01 |   2.801990e+01 |   2.800045e+01 |  -1.400000e+00 |
|   6.000000e-02 |       6.096413e-01 |       6.088014e-01 |   2.801922e+01 |   2.800044e+01 |  -1.400000e+00 |
|   6.100000e-02 |       6.096483e-01 |       6.088359e-01 |   2.801855e+01 |   2.800042e+01 |  -1.400000e+00 |
|   6.200000e-02 |       6.096550e-01 |       6.088691e-01 |   2.801791e+01 |   2.800041e+01 |  -1.400000e+00 |
|   6.300000e-02 |       6.096615e-01 |       6.089013e-01 |   2.801729e+01 |   2.800039e+01 |  -1.400000e+00 |
|   6.400000e-02 |       6.096677e-01 |       6.089323e-01 |   2.801669e+01 |   2.800038e+01 |  -1.400000e+00 |
|   6.500000e-02 |       6.096737e-01 |       6.089622e-01 |   2.801611e+01 |   2.800037e+01 |  -1.400000e+00 |
|   6.600000e-02 |       6.096796e-01 |       6.089912e-01 |   2.801555e+01 |   2.800035e+01 |  -1.400000e+00 |
|   6.700000e-02 |       6.096852e-01 |       6.090191e-01 |   2.801501e+01 |   2.800034e+01 |  -1.400000e+00 |
|   6.800000e-02 |       6.096906e-01 |       6.090460e-01 |   2.801449e+01 |   2.800033e+01 |  -1.400000e+00 |
|   6.900000e-02 |       6.096958e-01 |       6.090721e-01 |   2.801399e+01 |   2.800032e+01 |  -1.400000e+00 |
|   7.000000e-02 |       6.097009e-01 |       6.090972e-01 |   2.801351e+01 |   2.800031e+01 |  -1.400000e+00 |
+----------------+--------------------+--------------------+----------------+----------------+----------------+


Time Step 71, time = 0.071, dt = 0.001
 * Nonlinear |R| = [32m2.779478e-03[39m (Before preset BCs, predictors, correctors, and constraints)
 0 Nonlinear |R| = [32m2.779478e-03[39m
      0 Linear |R| = [32m2.779478e-03[39m
      1 Linear |R| = [32m8.536000e-04[39m
      2 Linear |R| = [32m7.623091e-04[39m
      3 Linear |R| = [32m1.529757e-05[39m
      4 Linear |R| = [32m4.117151e-06[39m
      5 Linear |R| = [32m3.397891e-06[39m
      6 Linear |R| = [32m4.392566e-07[39m
      7 Linear |R| = [32m2.440076e-07[39m
      8 Linear |R| = [32m3.868514e-08[39m
      9 Linear |R| = [33m3.788170e-08[39m
     10 Linear |R| = [32m3.883573e-09[39m
     11 Linear |R| = [32m9.123920e-10[39m
     12 Linear |R| = [32m1.802130e-10[39m
     13 Linear |R| = [32m7.021760e-11[39m
     14 Linear |R| = [32m2.114694e-11[39m
     15 Linear |R| = [32m9.518028e-13[39m
 1 Nonlinear |R| = [32m2.029655e-07[39m
      0 Linear |R| = [32m2.029655e-07[39m
      1 Linear |R| = [32m3.248863e-08[39m
      2 Linear |R| = [32m9.268100e-10[39m
      3 Linear |R| = [32m6.338931e-10[39m
      4 Linear |R| = [32m1.866703e-10[39m
      5 Linear |R| = [33m1.803920e-10[39m
      6 Linear |R| = [32m5.448524e-11[39m
      7 Linear |R| = [32m1.602042e-11[39m
      8 Linear |R| = [32m1.965148e-12[39m
      9 Linear |R| = [33m1.945259e-12[39m
     10 Linear |R| = [32m4.537690e-13[39m
     11 Linear |R| = [32m9.079033e-14[39m
     12 Linear |R| = [32m1.025572e-14[39m
     13 Linear |R| = [32m8.536921e-15[39m
     14 Linear |R| = [32m1.769633e-15[39m
     15 Linear |R| = [32m1.048565e-16[39m
 2 Nonlinear |R| = [32m7.451236e-13[39m
[32m Solve Converged![39m

Outlier Variable Residual Norms:
  uy: [33m6.586676e-13[39m

Postprocessor Values:
+----------------+----------------+----------------+----------------+----------------+----------------+----------------+
| time           | J_max          | J_min          | Jbar_max       | Jbar_min       | center_pressure| edge_ux        |
+----------------+----------------+----------------+----------------+----------------+----------------+----------------+
:                :                :                :                :                :                :                :
|   5.700000e-02 |   9.726278e-01 |   9.712482e-01 |   9.869342e-01 |   9.867153e-01 |   3.718262e-02 |   1.190455e-02 |
|   5.800000e-02 |   9.725629e-01 |   9.712268e-01 |   9.869250e-01 |   9.867116e-01 |   3.589639e-02 |   1.185294e-02 |
|   5.900000e-02 |   9.725004e-01 |   9.712061e-01 |   9.869162e-01 |   9.867081e-01 |   3.465438e-02 |   1.180312e-02 |
|   6.000000e-02 |   9.724400e-01 |   9.711861e-01 |   9.869076e-01 |   9.867047e-01 |   3.345509e-02 |   1.175503e-02 |
|   6.100000e-02 |   9.723817e-01 |   9.711668e-01 |   9.868994e-01 |   9.867013e-01 |   3.229706e-02 |   1.170859e-02 |
|   6.200000e-02 |   9.723254e-01 |   9.711481e-01 |   9.868914e-01 |   9.866982e-01 |   3.117890e-02 |   1.166376e-02 |
|   6.300000e-02 |   9.722710e-01 |   9.711302e-01 |   9.868838e-01 |   9.866951e-01 |   3.009925e-02 |   1.162049e-02 |
|   6.400000e-02 |   9.722186e-01 |   9.711128e-01 |   9.868763e-01 |   9.866921e-01 |   2.905679e-02 |   1.157871e-02 |
|   6.500000e-02 |   9.721679e-01 |   9.710960e-01 |   9.868692e-01 |   9.866893e-01 |   2.805026e-02 |   1.153838e-02 |
|   6.600000e-02 |   9.721190e-01 |   9.710799e-01 |   9.868623e-01 |   9.866865e-01 |   2.707843e-02 |   1.149944e-02 |
|   6.700000e-02 |   9.720719e-01 |   9.710642e-01 |   9.868556e-01 |   9.866838e-01 |   2.614011e-02 |   1.146186e-02 |
|   6.800000e-02 |   9.720263e-01 |   9.710491e-01 |   9.868492e-01 |   9.866813e-01 |   2.523416e-02 |   1.142557e-02 |
|   6.900000e-02 |   9.719823e-01 |   9.710346e-01 |   9.868429e-01 |   9.866788e-01 |   2.435948e-02 |   1.139054e-02 |
|   7.000000e-02 |   9.719399e-01 |   9.710205e-01 |   9.868369e-01 |   9.866764e-01 |   2.351499e-02 |   1.135673e-02 |
|   7.100000e-02 |   9.718989e-01 |   9.710070e-01 |   9.868311e-01 |   9.866741e-01 |   2.269966e-02 |   1.132408e-02 |
+----------------+----------------+----------------+----------------+----------------+----------------+----------------+
+----------------+----------------+----------------+------------------+----------------+----------------+
| time           | mass           | mass_reaction  | outflow_gradient | platen_max     | platen_min     |
+----------------+----------------+----------------+------------------+----------------+----------------+
:                :                :                :                  :                :                :
|   5.700000e-02 |   1.524935e-01 |  -3.511556e-02 |     3.453477e-02 |  -6.733403e-03 |  -6.733403e-03 |
|   5.800000e-02 |   1.524596e-01 |  -3.389859e-02 |     3.333825e-02 |  -6.738156e-03 |  -6.738156e-03 |
|   5.900000e-02 |   1.524269e-01 |  -3.272361e-02 |     3.218300e-02 |  -6.742745e-03 |  -6.742745e-03 |
|   6.000000e-02 |   1.523953e-01 |  -3.158920e-02 |     3.106760e-02 |  -6.747175e-03 |  -6.747175e-03 |
|   6.100000e-02 |   1.523648e-01 |  -3.049395e-02 |     2.999070e-02 |  -6.751452e-03 |  -6.751452e-03 |
|   6.200000e-02 |   1.523354e-01 |  -2.943652e-02 |     2.895097e-02 |  -6.755581e-03 |  -6.755581e-03 |
|   6.300000e-02 |   1.523070e-01 |  -2.841563e-02 |     2.794714e-02 |  -6.759568e-03 |  -6.759568e-03 |
|   6.400000e-02 |   1.522795e-01 |  -2.743002e-02 |     2.697799e-02 |  -6.763416e-03 |  -6.763416e-03 |
|   6.500000e-02 |   1.522531e-01 |  -2.647847e-02 |     2.604232e-02 |  -6.767131e-03 |  -6.767131e-03 |
|   6.600000e-02 |   1.522275e-01 |  -2.555982e-02 |     2.513899e-02 |  -6.770718e-03 |  -6.770718e-03 |
|   6.700000e-02 |   1.522028e-01 |  -2.467294e-02 |     2.426688e-02 |  -6.774180e-03 |  -6.774180e-03 |
|   6.800000e-02 |   1.521790e-01 |  -2.381673e-02 |     2.342492e-02 |  -6.777523e-03 |  -6.777523e-03 |
|   6.900000e-02 |   1.521560e-01 |  -2.299015e-02 |     2.261209e-02 |  -6.780749e-03 |  -6.780749e-03 |
|   7.000000e-02 |   1.521338e-01 |  -2.219217e-02 |     2.182737e-02 |  -6.783864e-03 |  -6.783864e-03 |
|   7.100000e-02 |   1.521124e-01 |  -2.142181e-02 |     2.106980e-02 |  -6.786871e-03 |  -6.786871e-03 |
+----------------+----------------+----------------+------------------+----------------+----------------+
+----------------+--------------------+--------------------+----------------+----------------+----------------+
| time           | solid_fraction_max | solid_fraction_min | stability_max  | stability_min  | top_reaction   |
+----------------+--------------------+--------------------+----------------+----------------+----------------+
:                :                    :                    :                :                :                :
|   5.700000e-02 |       6.096190e-01 |       6.086904e-01 |   2.802136e+01 |   2.800049e+01 |  -1.400000e+00 |
|   5.800000e-02 |       6.096267e-01 |       6.087287e-01 |   2.802062e+01 |   2.800047e+01 |  -1.400000e+00 |
|   5.900000e-02 |       6.096342e-01 |       6.087657e-01 |   2.801990e+01 |   2.800045e+01 |  -1.400000e+00 |
|   6.000000e-02 |       6.096413e-01 |       6.088014e-01 |   2.801922e+01 |   2.800044e+01 |  -1.400000e+00 |
|   6.100000e-02 |       6.096483e-01 |       6.088359e-01 |   2.801855e+01 |   2.800042e+01 |  -1.400000e+00 |
|   6.200000e-02 |       6.096550e-01 |       6.088691e-01 |   2.801791e+01 |   2.800041e+01 |  -1.400000e+00 |
|   6.300000e-02 |       6.096615e-01 |       6.089013e-01 |   2.801729e+01 |   2.800039e+01 |  -1.400000e+00 |
|   6.400000e-02 |       6.096677e-01 |       6.089323e-01 |   2.801669e+01 |   2.800038e+01 |  -1.400000e+00 |
|   6.500000e-02 |       6.096737e-01 |       6.089622e-01 |   2.801611e+01 |   2.800037e+01 |  -1.400000e+00 |
|   6.600000e-02 |       6.096796e-01 |       6.089912e-01 |   2.801555e+01 |   2.800035e+01 |  -1.400000e+00 |
|   6.700000e-02 |       6.096852e-01 |       6.090191e-01 |   2.801501e+01 |   2.800034e+01 |  -1.400000e+00 |
|   6.800000e-02 |       6.096906e-01 |       6.090460e-01 |   2.801449e+01 |   2.800033e+01 |  -1.400000e+00 |
|   6.900000e-02 |       6.096958e-01 |       6.090721e-01 |   2.801399e+01 |   2.800032e+01 |  -1.400000e+00 |
|   7.000000e-02 |       6.097009e-01 |       6.090972e-01 |   2.801351e+01 |   2.800031e+01 |  -1.400000e+00 |
|   7.100000e-02 |       6.097058e-01 |       6.091215e-01 |   2.801304e+01 |   2.800030e+01 |  -1.400000e+00 |
+----------------+--------------------+--------------------+----------------+----------------+----------------+


Time Step 72, time = 0.072, dt = 0.001
 * Nonlinear |R| = [32m2.682971e-03[39m (Before preset BCs, predictors, correctors, and constraints)
 0 Nonlinear |R| = [32m2.682971e-03[39m
      0 Linear |R| = [32m2.682971e-03[39m
      1 Linear |R| = [32m8.240396e-04[39m
      2 Linear |R| = [32m7.359256e-04[39m
      3 Linear |R| = [32m1.476729e-05[39m
      4 Linear |R| = [32m3.974296e-06[39m
      5 Linear |R| = [32m3.311920e-06[39m
      6 Linear |R| = [32m4.240380e-07[39m
      7 Linear |R| = [32m2.355482e-07[39m
      8 Linear |R| = [32m3.721107e-08[39m
      9 Linear |R| = [32m3.510387e-08[39m
     10 Linear |R| = [32m3.748811e-09[39m
     11 Linear |R| = [32m8.806785e-10[39m
     12 Linear |R| = [32m8.764388e-11[39m
     13 Linear |R| = [32m6.776587e-11[39m
     14 Linear |R| = [32m2.041202e-11[39m
     15 Linear |R| = [32m9.178757e-13[39m
 1 Nonlinear |R| = [32m1.908759e-07[39m
      0 Linear |R| = [32m1.908759e-07[39m
      1 Linear |R| = [32m3.069663e-08[39m
      2 Linear |R| = [32m4.767322e-09[39m
      3 Linear |R| = [32m5.698631e-10[39m
      4 Linear |R| = [32m1.714578e-10[39m
      5 Linear |R| = [33m1.669341e-10[39m
      6 Linear |R| = [32m5.270266e-11[39m
      7 Linear |R| = [32m1.428766e-11[39m
      8 Linear |R| = [32m1.834749e-12[39m
      9 Linear |R| = [33m1.806616e-12[39m
     10 Linear |R| = [32m3.732607e-13[39m
     11 Linear |R| = [32m8.617603e-14[39m
     12 Linear |R| = [32m6.748864e-15[39m
     13 Linear |R| = [32m5.964919e-15[39m
     14 Linear |R| = [32m1.371081e-15[39m
     15 Linear |R| = [32m7.484893e-17[39m
 2 Nonlinear |R| = [32m7.063848e-13[39m
[32m Solve Converged![39m

Outlier Variable Residual Norms:
  uy: [33m6.178869e-13[39m

Postprocessor Values:
+----------------+----------------+----------------+----------------+----------------+----------------+----------------+
| time           | J_max          | J_min          | Jbar_max       | Jbar_min       | center_pressure| edge_ux        |
+----------------+----------------+----------------+----------------+----------------+----------------+----------------+
:                :                :                :                :                :                :                :
|   5.800000e-02 |   9.725629e-01 |   9.712268e-01 |   9.869250e-01 |   9.867116e-01 |   3.589639e-02 |   1.185294e-02 |
|   5.900000e-02 |   9.725004e-01 |   9.712061e-01 |   9.869162e-01 |   9.867081e-01 |   3.465438e-02 |   1.180312e-02 |
|   6.000000e-02 |   9.724400e-01 |   9.711861e-01 |   9.869076e-01 |   9.867047e-01 |   3.345509e-02 |   1.175503e-02 |
|   6.100000e-02 |   9.723817e-01 |   9.711668e-01 |   9.868994e-01 |   9.867013e-01 |   3.229706e-02 |   1.170859e-02 |
|   6.200000e-02 |   9.723254e-01 |   9.711481e-01 |   9.868914e-01 |   9.866982e-01 |   3.117890e-02 |   1.166376e-02 |
|   6.300000e-02 |   9.722710e-01 |   9.711302e-01 |   9.868838e-01 |   9.866951e-01 |   3.009925e-02 |   1.162049e-02 |
|   6.400000e-02 |   9.722186e-01 |   9.711128e-01 |   9.868763e-01 |   9.866921e-01 |   2.905679e-02 |   1.157871e-02 |
|   6.500000e-02 |   9.721679e-01 |   9.710960e-01 |   9.868692e-01 |   9.866893e-01 |   2.805026e-02 |   1.153838e-02 |
|   6.600000e-02 |   9.721190e-01 |   9.710799e-01 |   9.868623e-01 |   9.866865e-01 |   2.707843e-02 |   1.149944e-02 |
|   6.700000e-02 |   9.720719e-01 |   9.710642e-01 |   9.868556e-01 |   9.866838e-01 |   2.614011e-02 |   1.146186e-02 |
|   6.800000e-02 |   9.720263e-01 |   9.710491e-01 |   9.868492e-01 |   9.866813e-01 |   2.523416e-02 |   1.142557e-02 |
|   6.900000e-02 |   9.719823e-01 |   9.710346e-01 |   9.868429e-01 |   9.866788e-01 |   2.435948e-02 |   1.139054e-02 |
|   7.000000e-02 |   9.719399e-01 |   9.710205e-01 |   9.868369e-01 |   9.866764e-01 |   2.351499e-02 |   1.135673e-02 |
|   7.100000e-02 |   9.718989e-01 |   9.710070e-01 |   9.868311e-01 |   9.866741e-01 |   2.269966e-02 |   1.132408e-02 |
|   7.200000e-02 |   9.718593e-01 |   9.709939e-01 |   9.868255e-01 |   9.866719e-01 |   2.191249e-02 |   1.129257e-02 |
+----------------+----------------+----------------+----------------+----------------+----------------+----------------+
+----------------+----------------+----------------+------------------+----------------+----------------+
| time           | mass           | mass_reaction  | outflow_gradient | platen_max     | platen_min     |
+----------------+----------------+----------------+------------------+----------------+----------------+
:                :                :                :                  :                :                :
|   5.800000e-02 |   1.524596e-01 |  -3.389859e-02 |     3.333825e-02 |  -6.738156e-03 |  -6.738156e-03 |
|   5.900000e-02 |   1.524269e-01 |  -3.272361e-02 |     3.218300e-02 |  -6.742745e-03 |  -6.742745e-03 |
|   6.000000e-02 |   1.523953e-01 |  -3.158920e-02 |     3.106760e-02 |  -6.747175e-03 |  -6.747175e-03 |
|   6.100000e-02 |   1.523648e-01 |  -3.049395e-02 |     2.999070e-02 |  -6.751452e-03 |  -6.751452e-03 |
|   6.200000e-02 |   1.523354e-01 |  -2.943652e-02 |     2.895097e-02 |  -6.755581e-03 |  -6.755581e-03 |
|   6.300000e-02 |   1.523070e-01 |  -2.841563e-02 |     2.794714e-02 |  -6.759568e-03 |  -6.759568e-03 |
|   6.400000e-02 |   1.522795e-01 |  -2.743002e-02 |     2.697799e-02 |  -6.763416e-03 |  -6.763416e-03 |
|   6.500000e-02 |   1.522531e-01 |  -2.647847e-02 |     2.604232e-02 |  -6.767131e-03 |  -6.767131e-03 |
|   6.600000e-02 |   1.522275e-01 |  -2.555982e-02 |     2.513899e-02 |  -6.770718e-03 |  -6.770718e-03 |
|   6.700000e-02 |   1.522028e-01 |  -2.467294e-02 |     2.426688e-02 |  -6.774180e-03 |  -6.774180e-03 |
|   6.800000e-02 |   1.521790e-01 |  -2.381673e-02 |     2.342492e-02 |  -6.777523e-03 |  -6.777523e-03 |
|   6.900000e-02 |   1.521560e-01 |  -2.299015e-02 |     2.261209e-02 |  -6.780749e-03 |  -6.780749e-03 |
|   7.000000e-02 |   1.521338e-01 |  -2.219217e-02 |     2.182737e-02 |  -6.783864e-03 |  -6.783864e-03 |
|   7.100000e-02 |   1.521124e-01 |  -2.142181e-02 |     2.106980e-02 |  -6.786871e-03 |  -6.786871e-03 |
|   7.200000e-02 |   1.520917e-01 |  -2.067812e-02 |     2.033845e-02 |  -6.789774e-03 |  -6.789774e-03 |
+----------------+----------------+----------------+------------------+----------------+----------------+
+----------------+--------------------+--------------------+----------------+----------------+----------------+
| time           | solid_fraction_max | solid_fraction_min | stability_max  | stability_min  | top_reaction   |
+----------------+--------------------+--------------------+----------------+----------------+----------------+
:                :                    :                    :                :                :                :
|   5.800000e-02 |       6.096267e-01 |       6.087287e-01 |   2.802062e+01 |   2.800047e+01 |  -1.400000e+00 |
|   5.900000e-02 |       6.096342e-01 |       6.087657e-01 |   2.801990e+01 |   2.800045e+01 |  -1.400000e+00 |
|   6.000000e-02 |       6.096413e-01 |       6.088014e-01 |   2.801922e+01 |   2.800044e+01 |  -1.400000e+00 |
|   6.100000e-02 |       6.096483e-01 |       6.088359e-01 |   2.801855e+01 |   2.800042e+01 |  -1.400000e+00 |
|   6.200000e-02 |       6.096550e-01 |       6.088691e-01 |   2.801791e+01 |   2.800041e+01 |  -1.400000e+00 |
|   6.300000e-02 |       6.096615e-01 |       6.089013e-01 |   2.801729e+01 |   2.800039e+01 |  -1.400000e+00 |
|   6.400000e-02 |       6.096677e-01 |       6.089323e-01 |   2.801669e+01 |   2.800038e+01 |  -1.400000e+00 |
|   6.500000e-02 |       6.096737e-01 |       6.089622e-01 |   2.801611e+01 |   2.800037e+01 |  -1.400000e+00 |
|   6.600000e-02 |       6.096796e-01 |       6.089912e-01 |   2.801555e+01 |   2.800035e+01 |  -1.400000e+00 |
|   6.700000e-02 |       6.096852e-01 |       6.090191e-01 |   2.801501e+01 |   2.800034e+01 |  -1.400000e+00 |
|   6.800000e-02 |       6.096906e-01 |       6.090460e-01 |   2.801449e+01 |   2.800033e+01 |  -1.400000e+00 |
|   6.900000e-02 |       6.096958e-01 |       6.090721e-01 |   2.801399e+01 |   2.800032e+01 |  -1.400000e+00 |
|   7.000000e-02 |       6.097009e-01 |       6.090972e-01 |   2.801351e+01 |   2.800031e+01 |  -1.400000e+00 |
|   7.100000e-02 |       6.097058e-01 |       6.091215e-01 |   2.801304e+01 |   2.800030e+01 |  -1.400000e+00 |
|   7.200000e-02 |       6.097105e-01 |       6.091449e-01 |   2.801259e+01 |   2.800029e+01 |  -1.400000e+00 |
+----------------+--------------------+--------------------+----------------+----------------+----------------+


Time Step 73, time = 0.073, dt = 0.001
 * Nonlinear |R| = [32m2.589806e-03[39m (Before preset BCs, predictors, correctors, and constraints)
 0 Nonlinear |R| = [32m2.589806e-03[39m
      0 Linear |R| = [32m2.589806e-03[39m
      1 Linear |R| = [32m7.954934e-04[39m
      2 Linear |R| = [32m7.104437e-04[39m
      3 Linear |R| = [32m1.425531e-05[39m
      4 Linear |R| = [32m3.837183e-06[39m
      5 Linear |R| = [32m3.219075e-06[39m
      6 Linear |R| = [32m4.093434e-07[39m
      7 Linear |R| = [32m2.273807e-07[39m
      8 Linear |R| = [32m3.591233e-08[39m
      9 Linear |R| = [32m3.376251e-08[39m
     10 Linear |R| = [32m3.618655e-09[39m
     11 Linear |R| = [32m8.500731e-10[39m
     12 Linear |R| = [32m1.178162e-10[39m
     13 Linear |R| = [32m6.542636e-11[39m
     14 Linear |R| = [32m1.970274e-11[39m
     15 Linear |R| = [32m9.005248e-13[39m
 1 Nonlinear |R| = [32m1.770061e-07[39m
      0 Linear |R| = [32m1.770061e-07[39m
      1 Linear |R| = [32m2.831403e-08[39m
      2 Linear |R| = [32m2.057036e-09[39m
      3 Linear |R| = [32m5.492635e-10[39m
      4 Linear |R| = [32m1.659843e-10[39m
      5 Linear |R| = [33m1.615179e-10[39m
      6 Linear |R| = [32m5.127612e-11[39m
      7 Linear |R| = [32m1.414123e-11[39m
      8 Linear |R| = [32m1.729085e-12[39m
      9 Linear |R| = [33m1.725266e-12[39m
     10 Linear |R| = [32m3.587004e-13[39m
     11 Linear |R| = [32m8.328454e-14[39m
     12 Linear |R| = [32m6.944914e-15[39m
     13 Linear |R| = [32m5.189595e-15[39m
     14 Linear |R| = [32m1.289791e-15[39m
     15 Linear |R| = [32m6.620347e-17[39m
 2 Nonlinear |R| = [32m6.356183e-13[39m
[32m Solve Converged![39m

Outlier Variable Residual Norms:
  uy: [33m5.505877e-13[39m

Postprocessor Values:
+----------------+----------------+----------------+----------------+----------------+----------------+----------------+
| time           | J_max          | J_min          | Jbar_max       | Jbar_min       | center_pressure| edge_ux        |
+----------------+----------------+----------------+----------------+----------------+----------------+----------------+
:                :                :                :                :                :                :                :
|   5.900000e-02 |   9.725004e-01 |   9.712061e-01 |   9.869162e-01 |   9.867081e-01 |   3.465438e-02 |   1.180312e-02 |
|   6.000000e-02 |   9.724400e-01 |   9.711861e-01 |   9.869076e-01 |   9.867047e-01 |   3.345509e-02 |   1.175503e-02 |
|   6.100000e-02 |   9.723817e-01 |   9.711668e-01 |   9.868994e-01 |   9.867013e-01 |   3.229706e-02 |   1.170859e-02 |
|   6.200000e-02 |   9.723254e-01 |   9.711481e-01 |   9.868914e-01 |   9.866982e-01 |   3.117890e-02 |   1.166376e-02 |
|   6.300000e-02 |   9.722710e-01 |   9.711302e-01 |   9.868838e-01 |   9.866951e-01 |   3.009925e-02 |   1.162049e-02 |
|   6.400000e-02 |   9.722186e-01 |   9.711128e-01 |   9.868763e-01 |   9.866921e-01 |   2.905679e-02 |   1.157871e-02 |
|   6.500000e-02 |   9.721679e-01 |   9.710960e-01 |   9.868692e-01 |   9.866893e-01 |   2.805026e-02 |   1.153838e-02 |
|   6.600000e-02 |   9.721190e-01 |   9.710799e-01 |   9.868623e-01 |   9.866865e-01 |   2.707843e-02 |   1.149944e-02 |
|   6.700000e-02 |   9.720719e-01 |   9.710642e-01 |   9.868556e-01 |   9.866838e-01 |   2.614011e-02 |   1.146186e-02 |
|   6.800000e-02 |   9.720263e-01 |   9.710491e-01 |   9.868492e-01 |   9.866813e-01 |   2.523416e-02 |   1.142557e-02 |
|   6.900000e-02 |   9.719823e-01 |   9.710346e-01 |   9.868429e-01 |   9.866788e-01 |   2.435948e-02 |   1.139054e-02 |
|   7.000000e-02 |   9.719399e-01 |   9.710205e-01 |   9.868369e-01 |   9.866764e-01 |   2.351499e-02 |   1.135673e-02 |
|   7.100000e-02 |   9.718989e-01 |   9.710070e-01 |   9.868311e-01 |   9.866741e-01 |   2.269966e-02 |   1.132408e-02 |
|   7.200000e-02 |   9.718593e-01 |   9.709939e-01 |   9.868255e-01 |   9.866719e-01 |   2.191249e-02 |   1.129257e-02 |
|   7.300000e-02 |   9.718211e-01 |   9.709812e-01 |   9.868201e-01 |   9.866697e-01 |   2.115252e-02 |   1.126215e-02 |
+----------------+----------------+----------------+----------------+----------------+----------------+----------------+
+----------------+----------------+----------------+------------------+----------------+----------------+
| time           | mass           | mass_reaction  | outflow_gradient | platen_max     | platen_min     |
+----------------+----------------+----------------+------------------+----------------+----------------+
:                :                :                :                  :                :                :
|   5.900000e-02 |   1.524269e-01 |  -3.272361e-02 |     3.218300e-02 |  -6.742745e-03 |  -6.742745e-03 |
|   6.000000e-02 |   1.523953e-01 |  -3.158920e-02 |     3.106760e-02 |  -6.747175e-03 |  -6.747175e-03 |
|   6.100000e-02 |   1.523648e-01 |  -3.049395e-02 |     2.999070e-02 |  -6.751452e-03 |  -6.751452e-03 |
|   6.200000e-02 |   1.523354e-01 |  -2.943652e-02 |     2.895097e-02 |  -6.755581e-03 |  -6.755581e-03 |
|   6.300000e-02 |   1.523070e-01 |  -2.841563e-02 |     2.794714e-02 |  -6.759568e-03 |  -6.759568e-03 |
|   6.400000e-02 |   1.522795e-01 |  -2.743002e-02 |     2.697799e-02 |  -6.763416e-03 |  -6.763416e-03 |
|   6.500000e-02 |   1.522531e-01 |  -2.647847e-02 |     2.604232e-02 |  -6.767131e-03 |  -6.767131e-03 |
|   6.600000e-02 |   1.522275e-01 |  -2.555982e-02 |     2.513899e-02 |  -6.770718e-03 |  -6.770718e-03 |
|   6.700000e-02 |   1.522028e-01 |  -2.467294e-02 |     2.426688e-02 |  -6.774180e-03 |  -6.774180e-03 |
|   6.800000e-02 |   1.521790e-01 |  -2.381673e-02 |     2.342492e-02 |  -6.777523e-03 |  -6.777523e-03 |
|   6.900000e-02 |   1.521560e-01 |  -2.299015e-02 |     2.261209e-02 |  -6.780749e-03 |  -6.780749e-03 |
|   7.000000e-02 |   1.521338e-01 |  -2.219217e-02 |     2.182737e-02 |  -6.783864e-03 |  -6.783864e-03 |
|   7.100000e-02 |   1.521124e-01 |  -2.142181e-02 |     2.106980e-02 |  -6.786871e-03 |  -6.786871e-03 |
|   7.200000e-02 |   1.520917e-01 |  -2.067812e-02 |     2.033845e-02 |  -6.789774e-03 |  -6.789774e-03 |
|   7.300000e-02 |   1.520718e-01 |  -1.996018e-02 |     1.963242e-02 |  -6.792576e-03 |  -6.792576e-03 |
+----------------+----------------+----------------+------------------+----------------+----------------+
+----------------+--------------------+--------------------+----------------+----------------+----------------+
| time           | solid_fraction_max | solid_fraction_min | stability_max  | stability_min  | top_reaction   |
+----------------+--------------------+--------------------+----------------+----------------+----------------+
:                :                    :                    :                :                :                :
|   5.900000e-02 |       6.096342e-01 |       6.087657e-01 |   2.801990e+01 |   2.800045e+01 |  -1.400000e+00 |
|   6.000000e-02 |       6.096413e-01 |       6.088014e-01 |   2.801922e+01 |   2.800044e+01 |  -1.400000e+00 |
|   6.100000e-02 |       6.096483e-01 |       6.088359e-01 |   2.801855e+01 |   2.800042e+01 |  -1.400000e+00 |
|   6.200000e-02 |       6.096550e-01 |       6.088691e-01 |   2.801791e+01 |   2.800041e+01 |  -1.400000e+00 |
|   6.300000e-02 |       6.096615e-01 |       6.089013e-01 |   2.801729e+01 |   2.800039e+01 |  -1.400000e+00 |
|   6.400000e-02 |       6.096677e-01 |       6.089323e-01 |   2.801669e+01 |   2.800038e+01 |  -1.400000e+00 |
|   6.500000e-02 |       6.096737e-01 |       6.089622e-01 |   2.801611e+01 |   2.800037e+01 |  -1.400000e+00 |
|   6.600000e-02 |       6.096796e-01 |       6.089912e-01 |   2.801555e+01 |   2.800035e+01 |  -1.400000e+00 |
|   6.700000e-02 |       6.096852e-01 |       6.090191e-01 |   2.801501e+01 |   2.800034e+01 |  -1.400000e+00 |
|   6.800000e-02 |       6.096906e-01 |       6.090460e-01 |   2.801449e+01 |   2.800033e+01 |  -1.400000e+00 |
|   6.900000e-02 |       6.096958e-01 |       6.090721e-01 |   2.801399e+01 |   2.800032e+01 |  -1.400000e+00 |
|   7.000000e-02 |       6.097009e-01 |       6.090972e-01 |   2.801351e+01 |   2.800031e+01 |  -1.400000e+00 |
|   7.100000e-02 |       6.097058e-01 |       6.091215e-01 |   2.801304e+01 |   2.800030e+01 |  -1.400000e+00 |
|   7.200000e-02 |       6.097105e-01 |       6.091449e-01 |   2.801259e+01 |   2.800029e+01 |  -1.400000e+00 |
|   7.300000e-02 |       6.097151e-01 |       6.091675e-01 |   2.801215e+01 |   2.800028e+01 |  -1.400000e+00 |
+----------------+--------------------+--------------------+----------------+----------------+----------------+


Time Step 74, time = 0.074, dt = 0.001
 * Nonlinear |R| = [32m2.499868e-03[39m (Before preset BCs, predictors, correctors, and constraints)
 0 Nonlinear |R| = [32m2.499868e-03[39m
      0 Linear |R| = [32m2.499868e-03[39m
      1 Linear |R| = [32m7.679335e-04[39m
      2 Linear |R| = [32m6.858432e-04[39m
      3 Linear |R| = [32m1.376100e-05[39m
      4 Linear |R| = [32m3.702857e-06[39m
      5 Linear |R| = [32m3.037351e-06[39m
      6 Linear |R| = [32m3.951586e-07[39m
      7 Linear |R| = [32m2.194962e-07[39m
      8 Linear |R| = [32m3.469969e-08[39m
      9 Linear |R| = [33m3.318420e-08[39m
     10 Linear |R| = [32m3.492938e-09[39m
     11 Linear |R| = [32m8.205177e-10[39m
     12 Linear |R| = [32m9.732103e-11[39m
     13 Linear |R| = [32m6.315095e-11[39m
     14 Linear |R| = [32m1.901784e-11[39m
     15 Linear |R| = [32m8.526326e-13[39m
 1 Nonlinear |R| = [32m1.653457e-07[39m
      0 Linear |R| = [32m1.653457e-07[39m
      1 Linear |R| = [32m2.696025e-08[39m
      2 Linear |R| = [32m2.770714e-09[39m
      3 Linear |R| = [32m5.185440e-10[39m
      4 Linear |R| = [32m1.552379e-10[39m
      5 Linear |R| = [33m1.514701e-10[39m
      6 Linear |R| = [32m4.656773e-11[39m
      7 Linear |R| = [32m1.319603e-11[39m
      8 Linear |R| = [32m1.537511e-12[39m
      9 Linear |R| = [33m1.506187e-12[39m
     10 Linear |R| = [32m4.121990e-13[39m
     11 Linear |R| = [32m7.387765e-14[39m
     12 Linear |R| = [32m7.848412e-15[39m
     13 Linear |R| = [33m7.712986e-15[39m
     14 Linear |R| = [32m9.389776e-16[39m
     15 Linear |R| = [32m8.947686e-17[39m
 2 Nonlinear |R| = [32m6.051271e-13[39m
[32m Solve Converged![39m

Outlier Variable Residual Norms:
  uy: [33m5.327963e-13[39m

Postprocessor Values:
+----------------+----------------+----------------+----------------+----------------+----------------+----------------+
| time           | J_max          | J_min          | Jbar_max       | Jbar_min       | center_pressure| edge_ux        |
+----------------+----------------+----------------+----------------+----------------+----------------+----------------+
:                :                :                :                :                :                :                :
|   6.000000e-02 |   9.724400e-01 |   9.711861e-01 |   9.869076e-01 |   9.867047e-01 |   3.345509e-02 |   1.175503e-02 |
|   6.100000e-02 |   9.723817e-01 |   9.711668e-01 |   9.868994e-01 |   9.867013e-01 |   3.229706e-02 |   1.170859e-02 |
|   6.200000e-02 |   9.723254e-01 |   9.711481e-01 |   9.868914e-01 |   9.866982e-01 |   3.117890e-02 |   1.166376e-02 |
|   6.300000e-02 |   9.722710e-01 |   9.711302e-01 |   9.868838e-01 |   9.866951e-01 |   3.009925e-02 |   1.162049e-02 |
|   6.400000e-02 |   9.722186e-01 |   9.711128e-01 |   9.868763e-01 |   9.866921e-01 |   2.905679e-02 |   1.157871e-02 |
|   6.500000e-02 |   9.721679e-01 |   9.710960e-01 |   9.868692e-01 |   9.866893e-01 |   2.805026e-02 |   1.153838e-02 |
|   6.600000e-02 |   9.721190e-01 |   9.710799e-01 |   9.868623e-01 |   9.866865e-01 |   2.707843e-02 |   1.149944e-02 |
|   6.700000e-02 |   9.720719e-01 |   9.710642e-01 |   9.868556e-01 |   9.866838e-01 |   2.614011e-02 |   1.146186e-02 |
|   6.800000e-02 |   9.720263e-01 |   9.710491e-01 |   9.868492e-01 |   9.866813e-01 |   2.523416e-02 |   1.142557e-02 |
|   6.900000e-02 |   9.719823e-01 |   9.710346e-01 |   9.868429e-01 |   9.866788e-01 |   2.435948e-02 |   1.139054e-02 |
|   7.000000e-02 |   9.719399e-01 |   9.710205e-01 |   9.868369e-01 |   9.866764e-01 |   2.351499e-02 |   1.135673e-02 |
|   7.100000e-02 |   9.718989e-01 |   9.710070e-01 |   9.868311e-01 |   9.866741e-01 |   2.269966e-02 |   1.132408e-02 |
|   7.200000e-02 |   9.718593e-01 |   9.709939e-01 |   9.868255e-01 |   9.866719e-01 |   2.191249e-02 |   1.129257e-02 |
|   7.300000e-02 |   9.718211e-01 |   9.709812e-01 |   9.868201e-01 |   9.866697e-01 |   2.115252e-02 |   1.126215e-02 |
|   7.400000e-02 |   9.717843e-01 |   9.709690e-01 |   9.868149e-01 |   9.866677e-01 |   2.041881e-02 |   1.123279e-02 |
+----------------+----------------+----------------+----------------+----------------+----------------+----------------+
+----------------+----------------+----------------+------------------+----------------+----------------+
| time           | mass           | mass_reaction  | outflow_gradient | platen_max     | platen_min     |
+----------------+----------------+----------------+------------------+----------------+----------------+
:                :                :                :                  :                :                :
|   6.000000e-02 |   1.523953e-01 |  -3.158920e-02 |     3.106760e-02 |  -6.747175e-03 |  -6.747175e-03 |
|   6.100000e-02 |   1.523648e-01 |  -3.049395e-02 |     2.999070e-02 |  -6.751452e-03 |  -6.751452e-03 |
|   6.200000e-02 |   1.523354e-01 |  -2.943652e-02 |     2.895097e-02 |  -6.755581e-03 |  -6.755581e-03 |
|   6.300000e-02 |   1.523070e-01 |  -2.841563e-02 |     2.794714e-02 |  -6.759568e-03 |  -6.759568e-03 |
|   6.400000e-02 |   1.522795e-01 |  -2.743002e-02 |     2.697799e-02 |  -6.763416e-03 |  -6.763416e-03 |
|   6.500000e-02 |   1.522531e-01 |  -2.647847e-02 |     2.604232e-02 |  -6.767131e-03 |  -6.767131e-03 |
|   6.600000e-02 |   1.522275e-01 |  -2.555982e-02 |     2.513899e-02 |  -6.770718e-03 |  -6.770718e-03 |
|   6.700000e-02 |   1.522028e-01 |  -2.467294e-02 |     2.426688e-02 |  -6.774180e-03 |  -6.774180e-03 |
|   6.800000e-02 |   1.521790e-01 |  -2.381673e-02 |     2.342492e-02 |  -6.777523e-03 |  -6.777523e-03 |
|   6.900000e-02 |   1.521560e-01 |  -2.299015e-02 |     2.261209e-02 |  -6.780749e-03 |  -6.780749e-03 |
|   7.000000e-02 |   1.521338e-01 |  -2.219217e-02 |     2.182737e-02 |  -6.783864e-03 |  -6.783864e-03 |
|   7.100000e-02 |   1.521124e-01 |  -2.142181e-02 |     2.106980e-02 |  -6.786871e-03 |  -6.786871e-03 |
|   7.200000e-02 |   1.520917e-01 |  -2.067812e-02 |     2.033845e-02 |  -6.789774e-03 |  -6.789774e-03 |
|   7.300000e-02 |   1.520718e-01 |  -1.996018e-02 |     1.963242e-02 |  -6.792576e-03 |  -6.792576e-03 |
|   7.400000e-02 |   1.520525e-01 |  -1.926710e-02 |     1.895082e-02 |  -6.795281e-03 |  -6.795281e-03 |
+----------------+----------------+----------------+------------------+----------------+----------------+
+----------------+--------------------+--------------------+----------------+----------------+----------------+
| time           | solid_fraction_max | solid_fraction_min | stability_max  | stability_min  | top_reaction   |
+----------------+--------------------+--------------------+----------------+----------------+----------------+
:                :                    :                    :                :                :                :
|   6.000000e-02 |       6.096413e-01 |       6.088014e-01 |   2.801922e+01 |   2.800044e+01 |  -1.400000e+00 |
|   6.100000e-02 |       6.096483e-01 |       6.088359e-01 |   2.801855e+01 |   2.800042e+01 |  -1.400000e+00 |
|   6.200000e-02 |       6.096550e-01 |       6.088691e-01 |   2.801791e+01 |   2.800041e+01 |  -1.400000e+00 |
|   6.300000e-02 |       6.096615e-01 |       6.089013e-01 |   2.801729e+01 |   2.800039e+01 |  -1.400000e+00 |
|   6.400000e-02 |       6.096677e-01 |       6.089323e-01 |   2.801669e+01 |   2.800038e+01 |  -1.400000e+00 |
|   6.500000e-02 |       6.096737e-01 |       6.089622e-01 |   2.801611e+01 |   2.800037e+01 |  -1.400000e+00 |
|   6.600000e-02 |       6.096796e-01 |       6.089912e-01 |   2.801555e+01 |   2.800035e+01 |  -1.400000e+00 |
|   6.700000e-02 |       6.096852e-01 |       6.090191e-01 |   2.801501e+01 |   2.800034e+01 |  -1.400000e+00 |
|   6.800000e-02 |       6.096906e-01 |       6.090460e-01 |   2.801449e+01 |   2.800033e+01 |  -1.400000e+00 |
|   6.900000e-02 |       6.096958e-01 |       6.090721e-01 |   2.801399e+01 |   2.800032e+01 |  -1.400000e+00 |
|   7.000000e-02 |       6.097009e-01 |       6.090972e-01 |   2.801351e+01 |   2.800031e+01 |  -1.400000e+00 |
|   7.100000e-02 |       6.097058e-01 |       6.091215e-01 |   2.801304e+01 |   2.800030e+01 |  -1.400000e+00 |
|   7.200000e-02 |       6.097105e-01 |       6.091449e-01 |   2.801259e+01 |   2.800029e+01 |  -1.400000e+00 |
|   7.300000e-02 |       6.097151e-01 |       6.091675e-01 |   2.801215e+01 |   2.800028e+01 |  -1.400000e+00 |
|   7.400000e-02 |       6.097194e-01 |       6.091893e-01 |   2.801173e+01 |   2.800027e+01 |  -1.400000e+00 |
+----------------+--------------------+--------------------+----------------+----------------+----------------+


Time Step 75, time = 0.075, dt = 0.001
 * Nonlinear |R| = [32m2.413046e-03[39m (Before preset BCs, predictors, correctors, and constraints)
 0 Nonlinear |R| = [32m2.413046e-03[39m
      0 Linear |R| = [32m2.413046e-03[39m
      1 Linear |R| = [32m7.413223e-04[39m
      2 Linear |R| = [32m6.620872e-04[39m
      3 Linear |R| = [32m1.328379e-05[39m
      4 Linear |R| = [32m3.575870e-06[39m
      5 Linear |R| = [32m3.000084e-06[39m
      6 Linear |R| = [32m3.814592e-07[39m
      7 Linear |R| = [32m2.118822e-07[39m
      8 Linear |R| = [32m3.342571e-08[39m
      9 Linear |R| = [32m3.057626e-08[39m
     10 Linear |R| = [32m3.371692e-09[39m
     11 Linear |R| = [32m7.919863e-10[39m
     12 Linear |R| = [32m9.611786e-11[39m
     13 Linear |R| = [32m6.095998e-11[39m
     14 Linear |R| = [32m1.835696e-11[39m
     15 Linear |R| = [32m8.227985e-13[39m
 1 Nonlinear |R| = [32m1.525708e-07[39m
      0 Linear |R| = [32m1.525708e-07[39m
      1 Linear |R| = [32m2.516706e-08[39m
      2 Linear |R| = [32m6.655637e-10[39m
      3 Linear |R| = [32m5.043575e-10[39m
      4 Linear |R| = [32m1.502767e-10[39m
      5 Linear |R| = [33m1.452592e-10[39m
      6 Linear |R| = [32m4.650081e-11[39m
      7 Linear |R| = [32m1.296950e-11[39m
      8 Linear |R| = [32m1.549529e-12[39m
      9 Linear |R| = [33m1.532828e-12[39m
     10 Linear |R| = [32m3.675725e-13[39m
     11 Linear |R| = [32m7.592005e-14[39m
     12 Linear |R| = [32m6.645039e-15[39m
     13 Linear |R| = [32m5.989458e-15[39m
     14 Linear |R| = [32m9.199863e-16[39m
     15 Linear |R| = [32m7.853829e-17[39m
 2 Nonlinear |R| = [32m5.257071e-13[39m
[32m Solve Converged![39m

Outlier Variable Residual Norms:
  uy: [33m4.477523e-13[39m

Postprocessor Values:
+----------------+----------------+----------------+----------------+----------------+----------------+----------------+
| time           | J_max          | J_min          | Jbar_max       | Jbar_min       | center_pressure| edge_ux        |
+----------------+----------------+----------------+----------------+----------------+----------------+----------------+
:                :                :                :                :                :                :                :
|   6.100000e-02 |   9.723817e-01 |   9.711668e-01 |   9.868994e-01 |   9.867013e-01 |   3.229706e-02 |   1.170859e-02 |
|   6.200000e-02 |   9.723254e-01 |   9.711481e-01 |   9.868914e-01 |   9.866982e-01 |   3.117890e-02 |   1.166376e-02 |
|   6.300000e-02 |   9.722710e-01 |   9.711302e-01 |   9.868838e-01 |   9.866951e-01 |   3.009925e-02 |   1.162049e-02 |
|   6.400000e-02 |   9.722186e-01 |   9.711128e-01 |   9.868763e-01 |   9.866921e-01 |   2.905679e-02 |   1.157871e-02 |
|   6.500000e-02 |   9.721679e-01 |   9.710960e-01 |   9.868692e-01 |   9.866893e-01 |   2.805026e-02 |   1.153838e-02 |
|   6.600000e-02 |   9.721190e-01 |   9.710799e-01 |   9.868623e-01 |   9.866865e-01 |   2.707843e-02 |   1.149944e-02 |
|   6.700000e-02 |   9.720719e-01 |   9.710642e-01 |   9.868556e-01 |   9.866838e-01 |   2.614011e-02 |   1.146186e-02 |
|   6.800000e-02 |   9.720263e-01 |   9.710491e-01 |   9.868492e-01 |   9.866813e-01 |   2.523416e-02 |   1.142557e-02 |
|   6.900000e-02 |   9.719823e-01 |   9.710346e-01 |   9.868429e-01 |   9.866788e-01 |   2.435948e-02 |   1.139054e-02 |
|   7.000000e-02 |   9.719399e-01 |   9.710205e-01 |   9.868369e-01 |   9.866764e-01 |   2.351499e-02 |   1.135673e-02 |
|   7.100000e-02 |   9.718989e-01 |   9.710070e-01 |   9.868311e-01 |   9.866741e-01 |   2.269966e-02 |   1.132408e-02 |
|   7.200000e-02 |   9.718593e-01 |   9.709939e-01 |   9.868255e-01 |   9.866719e-01 |   2.191249e-02 |   1.129257e-02 |
|   7.300000e-02 |   9.718211e-01 |   9.709812e-01 |   9.868201e-01 |   9.866697e-01 |   2.115252e-02 |   1.126215e-02 |
|   7.400000e-02 |   9.717843e-01 |   9.709690e-01 |   9.868149e-01 |   9.866677e-01 |   2.041881e-02 |   1.123279e-02 |
|   7.500000e-02 |   9.717487e-01 |   9.709572e-01 |   9.868099e-01 |   9.866657e-01 |   1.971046e-02 |   1.120444e-02 |
+----------------+----------------+----------------+----------------+----------------+----------------+----------------+
+----------------+----------------+----------------+------------------+----------------+----------------+
| time           | mass           | mass_reaction  | outflow_gradient | platen_max     | platen_min     |
+----------------+----------------+----------------+------------------+----------------+----------------+
:                :                :                :                  :                :                :
|   6.100000e-02 |   1.523648e-01 |  -3.049395e-02 |     2.999070e-02 |  -6.751452e-03 |  -6.751452e-03 |
|   6.200000e-02 |   1.523354e-01 |  -2.943652e-02 |     2.895097e-02 |  -6.755581e-03 |  -6.755581e-03 |
|   6.300000e-02 |   1.523070e-01 |  -2.841563e-02 |     2.794714e-02 |  -6.759568e-03 |  -6.759568e-03 |
|   6.400000e-02 |   1.522795e-01 |  -2.743002e-02 |     2.697799e-02 |  -6.763416e-03 |  -6.763416e-03 |
|   6.500000e-02 |   1.522531e-01 |  -2.647847e-02 |     2.604232e-02 |  -6.767131e-03 |  -6.767131e-03 |
|   6.600000e-02 |   1.522275e-01 |  -2.555982e-02 |     2.513899e-02 |  -6.770718e-03 |  -6.770718e-03 |
|   6.700000e-02 |   1.522028e-01 |  -2.467294e-02 |     2.426688e-02 |  -6.774180e-03 |  -6.774180e-03 |
|   6.800000e-02 |   1.521790e-01 |  -2.381673e-02 |     2.342492e-02 |  -6.777523e-03 |  -6.777523e-03 |
|   6.900000e-02 |   1.521560e-01 |  -2.299015e-02 |     2.261209e-02 |  -6.780749e-03 |  -6.780749e-03 |
|   7.000000e-02 |   1.521338e-01 |  -2.219217e-02 |     2.182737e-02 |  -6.783864e-03 |  -6.783864e-03 |
|   7.100000e-02 |   1.521124e-01 |  -2.142181e-02 |     2.106980e-02 |  -6.786871e-03 |  -6.786871e-03 |
|   7.200000e-02 |   1.520917e-01 |  -2.067812e-02 |     2.033845e-02 |  -6.789774e-03 |  -6.789774e-03 |
|   7.300000e-02 |   1.520718e-01 |  -1.996018e-02 |     1.963242e-02 |  -6.792576e-03 |  -6.792576e-03 |
|   7.400000e-02 |   1.520525e-01 |  -1.926710e-02 |     1.895082e-02 |  -6.795281e-03 |  -6.795281e-03 |
|   7.500000e-02 |   1.520339e-01 |  -1.859803e-02 |     1.829283e-02 |  -6.797893e-03 |  -6.797893e-03 |
+----------------+----------------+----------------+------------------+----------------+----------------+
+----------------+--------------------+--------------------+----------------+----------------+----------------+
| time           | solid_fraction_max | solid_fraction_min | stability_max  | stability_min  | top_reaction   |
+----------------+--------------------+--------------------+----------------+----------------+----------------+
:                :                    :                    :                :                :                :
|   6.100000e-02 |       6.096483e-01 |       6.088359e-01 |   2.801855e+01 |   2.800042e+01 |  -1.400000e+00 |
|   6.200000e-02 |       6.096550e-01 |       6.088691e-01 |   2.801791e+01 |   2.800041e+01 |  -1.400000e+00 |
|   6.300000e-02 |       6.096615e-01 |       6.089013e-01 |   2.801729e+01 |   2.800039e+01 |  -1.400000e+00 |
|   6.400000e-02 |       6.096677e-01 |       6.089323e-01 |   2.801669e+01 |   2.800038e+01 |  -1.400000e+00 |
|   6.500000e-02 |       6.096737e-01 |       6.089622e-01 |   2.801611e+01 |   2.800037e+01 |  -1.400000e+00 |
|   6.600000e-02 |       6.096796e-01 |       6.089912e-01 |   2.801555e+01 |   2.800035e+01 |  -1.400000e+00 |
|   6.700000e-02 |       6.096852e-01 |       6.090191e-01 |   2.801501e+01 |   2.800034e+01 |  -1.400000e+00 |
|   6.800000e-02 |       6.096906e-01 |       6.090460e-01 |   2.801449e+01 |   2.800033e+01 |  -1.400000e+00 |
|   6.900000e-02 |       6.096958e-01 |       6.090721e-01 |   2.801399e+01 |   2.800032e+01 |  -1.400000e+00 |
|   7.000000e-02 |       6.097009e-01 |       6.090972e-01 |   2.801351e+01 |   2.800031e+01 |  -1.400000e+00 |
|   7.100000e-02 |       6.097058e-01 |       6.091215e-01 |   2.801304e+01 |   2.800030e+01 |  -1.400000e+00 |
|   7.200000e-02 |       6.097105e-01 |       6.091449e-01 |   2.801259e+01 |   2.800029e+01 |  -1.400000e+00 |
|   7.300000e-02 |       6.097151e-01 |       6.091675e-01 |   2.801215e+01 |   2.800028e+01 |  -1.400000e+00 |
|   7.400000e-02 |       6.097194e-01 |       6.091893e-01 |   2.801173e+01 |   2.800027e+01 |  -1.400000e+00 |
|   7.500000e-02 |       6.097237e-01 |       6.092104e-01 |   2.801132e+01 |   2.800026e+01 |  -1.400000e+00 |
+----------------+--------------------+--------------------+----------------+----------------+----------------+


Time Step 76, time = 0.076, dt = 0.001
 * Nonlinear |R| = [32m2.329233e-03[39m (Before preset BCs, predictors, correctors, and constraints)
 0 Nonlinear |R| = [32m2.329233e-03[39m
      0 Linear |R| = [32m2.329233e-03[39m
      1 Linear |R| = [32m7.156279e-04[39m
      2 Linear |R| = [32m6.391471e-04[39m
      3 Linear |R| = [32m1.282323e-05[39m
      4 Linear |R| = [32m3.452064e-06[39m
      5 Linear |R| = [32m2.887844e-06[39m
      6 Linear |R| = [32m3.682398e-07[39m
      7 Linear |R| = [32m2.045348e-07[39m
      8 Linear |R| = [32m3.228033e-08[39m
      9 Linear |R| = [32m2.988299e-08[39m
     10 Linear |R| = [32m3.254574e-09[39m
     11 Linear |R| = [32m7.644638e-10[39m
     12 Linear |R| = [32m7.553719e-11[39m
     13 Linear |R| = [32m5.883315e-11[39m
     14 Linear |R| = [32m1.771922e-11[39m
     15 Linear |R| = [32m7.946633e-13[39m
 1 Nonlinear |R| = [32m1.428793e-07[39m
      0 Linear |R| = [32m1.428793e-07[39m
      1 Linear |R| = [32m2.259355e-08[39m
      2 Linear |R| = [32m1.479505e-09[39m
      3 Linear |R| = [32m4.431542e-10[39m
      4 Linear |R| = [32m1.322544e-10[39m
      5 Linear |R| = [33m1.291627e-10[39m
      6 Linear |R| = [32m4.009241e-11[39m
      7 Linear |R| = [32m1.117861e-11[39m
      8 Linear |R| = [32m1.195423e-12[39m
      9 Linear |R| = [33m1.194347e-12[39m
     10 Linear |R| = [32m3.573831e-13[39m
     11 Linear |R| = [32m5.676237e-14[39m
     12 Linear |R| = [32m7.475160e-15[39m
     13 Linear |R| = [32m5.899455e-15[39m
     14 Linear |R| = [32m4.737067e-16[39m
     15 Linear |R| = [32m6.869171e-17[39m
 2 Nonlinear |R| = [32m5.504802e-13[39m
[32m Solve Converged![39m

Outlier Variable Residual Norms:
  uy: [33m4.730290e-13[39m

Postprocessor Values:
+----------------+----------------+----------------+----------------+----------------+----------------+----------------+
| time           | J_max          | J_min          | Jbar_max       | Jbar_min       | center_pressure| edge_ux        |
+----------------+----------------+----------------+----------------+----------------+----------------+----------------+
:                :                :                :                :                :                :                :
|   6.200000e-02 |   9.723254e-01 |   9.711481e-01 |   9.868914e-01 |   9.866982e-01 |   3.117890e-02 |   1.166376e-02 |
|   6.300000e-02 |   9.722710e-01 |   9.711302e-01 |   9.868838e-01 |   9.866951e-01 |   3.009925e-02 |   1.162049e-02 |
|   6.400000e-02 |   9.722186e-01 |   9.711128e-01 |   9.868763e-01 |   9.866921e-01 |   2.905679e-02 |   1.157871e-02 |
|   6.500000e-02 |   9.721679e-01 |   9.710960e-01 |   9.868692e-01 |   9.866893e-01 |   2.805026e-02 |   1.153838e-02 |
|   6.600000e-02 |   9.721190e-01 |   9.710799e-01 |   9.868623e-01 |   9.866865e-01 |   2.707843e-02 |   1.149944e-02 |
|   6.700000e-02 |   9.720719e-01 |   9.710642e-01 |   9.868556e-01 |   9.866838e-01 |   2.614011e-02 |   1.146186e-02 |
|   6.800000e-02 |   9.720263e-01 |   9.710491e-01 |   9.868492e-01 |   9.866813e-01 |   2.523416e-02 |   1.142557e-02 |
|   6.900000e-02 |   9.719823e-01 |   9.710346e-01 |   9.868429e-01 |   9.866788e-01 |   2.435948e-02 |   1.139054e-02 |
|   7.000000e-02 |   9.719399e-01 |   9.710205e-01 |   9.868369e-01 |   9.866764e-01 |   2.351499e-02 |   1.135673e-02 |
|   7.100000e-02 |   9.718989e-01 |   9.710070e-01 |   9.868311e-01 |   9.866741e-01 |   2.269966e-02 |   1.132408e-02 |
|   7.200000e-02 |   9.718593e-01 |   9.709939e-01 |   9.868255e-01 |   9.866719e-01 |   2.191249e-02 |   1.129257e-02 |
|   7.300000e-02 |   9.718211e-01 |   9.709812e-01 |   9.868201e-01 |   9.866697e-01 |   2.115252e-02 |   1.126215e-02 |
|   7.400000e-02 |   9.717843e-01 |   9.709690e-01 |   9.868149e-01 |   9.866677e-01 |   2.041881e-02 |   1.123279e-02 |
|   7.500000e-02 |   9.717487e-01 |   9.709572e-01 |   9.868099e-01 |   9.866657e-01 |   1.971046e-02 |   1.120444e-02 |
|   7.600000e-02 |   9.717144e-01 |   9.709459e-01 |   9.868050e-01 |   9.866638e-01 |   1.902660e-02 |   1.117708e-02 |
+----------------+----------------+----------------+----------------+----------------+----------------+----------------+
+----------------+----------------+----------------+------------------+----------------+----------------+
| time           | mass           | mass_reaction  | outflow_gradient | platen_max     | platen_min     |
+----------------+----------------+----------------+------------------+----------------+----------------+
:                :                :                :                  :                :                :
|   6.200000e-02 |   1.523354e-01 |  -2.943652e-02 |     2.895097e-02 |  -6.755581e-03 |  -6.755581e-03 |
|   6.300000e-02 |   1.523070e-01 |  -2.841563e-02 |     2.794714e-02 |  -6.759568e-03 |  -6.759568e-03 |
|   6.400000e-02 |   1.522795e-01 |  -2.743002e-02 |     2.697799e-02 |  -6.763416e-03 |  -6.763416e-03 |
|   6.500000e-02 |   1.522531e-01 |  -2.647847e-02 |     2.604232e-02 |  -6.767131e-03 |  -6.767131e-03 |
|   6.600000e-02 |   1.522275e-01 |  -2.555982e-02 |     2.513899e-02 |  -6.770718e-03 |  -6.770718e-03 |
|   6.700000e-02 |   1.522028e-01 |  -2.467294e-02 |     2.426688e-02 |  -6.774180e-03 |  -6.774180e-03 |
|   6.800000e-02 |   1.521790e-01 |  -2.381673e-02 |     2.342492e-02 |  -6.777523e-03 |  -6.777523e-03 |
|   6.900000e-02 |   1.521560e-01 |  -2.299015e-02 |     2.261209e-02 |  -6.780749e-03 |  -6.780749e-03 |
|   7.000000e-02 |   1.521338e-01 |  -2.219217e-02 |     2.182737e-02 |  -6.783864e-03 |  -6.783864e-03 |
|   7.100000e-02 |   1.521124e-01 |  -2.142181e-02 |     2.106980e-02 |  -6.786871e-03 |  -6.786871e-03 |
|   7.200000e-02 |   1.520917e-01 |  -2.067812e-02 |     2.033845e-02 |  -6.789774e-03 |  -6.789774e-03 |
|   7.300000e-02 |   1.520718e-01 |  -1.996018e-02 |     1.963242e-02 |  -6.792576e-03 |  -6.792576e-03 |
|   7.400000e-02 |   1.520525e-01 |  -1.926710e-02 |     1.895082e-02 |  -6.795281e-03 |  -6.795281e-03 |
|   7.500000e-02 |   1.520339e-01 |  -1.859803e-02 |     1.829283e-02 |  -6.797893e-03 |  -6.797893e-03 |
|   7.600000e-02 |   1.520160e-01 |  -1.795214e-02 |     1.765763e-02 |  -6.800413e-03 |  -6.800413e-03 |
+----------------+----------------+----------------+------------------+----------------+----------------+
+----------------+--------------------+--------------------+----------------+----------------+----------------+
| time           | solid_fraction_max | solid_fraction_min | stability_max  | stability_min  | top_reaction   |
+----------------+--------------------+--------------------+----------------+----------------+----------------+
:                :                    :                    :                :                :                :
|   6.200000e-02 |       6.096550e-01 |       6.088691e-01 |   2.801791e+01 |   2.800041e+01 |  -1.400000e+00 |
|   6.300000e-02 |       6.096615e-01 |       6.089013e-01 |   2.801729e+01 |   2.800039e+01 |  -1.400000e+00 |
|   6.400000e-02 |       6.096677e-01 |       6.089323e-01 |   2.801669e+01 |   2.800038e+01 |  -1.400000e+00 |
|   6.500000e-02 |       6.096737e-01 |       6.089622e-01 |   2.801611e+01 |   2.800037e+01 |  -1.400000e+00 |
|   6.600000e-02 |       6.096796e-01 |       6.089912e-01 |   2.801555e+01 |   2.800035e+01 |  -1.400000e+00 |
|   6.700000e-02 |       6.096852e-01 |       6.090191e-01 |   2.801501e+01 |   2.800034e+01 |  -1.400000e+00 |
|   6.800000e-02 |       6.096906e-01 |       6.090460e-01 |   2.801449e+01 |   2.800033e+01 |  -1.400000e+00 |
|   6.900000e-02 |       6.096958e-01 |       6.090721e-01 |   2.801399e+01 |   2.800032e+01 |  -1.400000e+00 |
|   7.000000e-02 |       6.097009e-01 |       6.090972e-01 |   2.801351e+01 |   2.800031e+01 |  -1.400000e+00 |
|   7.100000e-02 |       6.097058e-01 |       6.091215e-01 |   2.801304e+01 |   2.800030e+01 |  -1.400000e+00 |
|   7.200000e-02 |       6.097105e-01 |       6.091449e-01 |   2.801259e+01 |   2.800029e+01 |  -1.400000e+00 |
|   7.300000e-02 |       6.097151e-01 |       6.091675e-01 |   2.801215e+01 |   2.800028e+01 |  -1.400000e+00 |
|   7.400000e-02 |       6.097194e-01 |       6.091893e-01 |   2.801173e+01 |   2.800027e+01 |  -1.400000e+00 |
|   7.500000e-02 |       6.097237e-01 |       6.092104e-01 |   2.801132e+01 |   2.800026e+01 |  -1.400000e+00 |
|   7.600000e-02 |       6.097278e-01 |       6.092307e-01 |   2.801093e+01 |   2.800025e+01 |  -1.400000e+00 |
+----------------+--------------------+--------------------+----------------+----------------+----------------+


Time Step 77, time = 0.077, dt = 0.001
 * Nonlinear |R| = [32m2.248325e-03[39m (Before preset BCs, predictors, correctors, and constraints)
 0 Nonlinear |R| = [32m2.248325e-03[39m
      0 Linear |R| = [32m2.248325e-03[39m
      1 Linear |R| = [32m6.908233e-04[39m
      2 Linear |R| = [32m6.170040e-04[39m
      3 Linear |R| = [32m1.237837e-05[39m
      4 Linear |R| = [32m3.332029e-06[39m
      5 Linear |R| = [32m2.778241e-06[39m
      6 Linear |R| = [32m3.554726e-07[39m
      7 Linear |R| = [32m1.974397e-07[39m
      8 Linear |R| = [32m3.114341e-08[39m
      9 Linear |R| = [32m2.838439e-08[39m
     10 Linear |R| = [32m3.141571e-09[39m
     11 Linear |R| = [32m7.378936e-10[39m
     12 Linear |R| = [32m9.907350e-11[39m
     13 Linear |R| = [32m5.680412e-11[39m
     14 Linear |R| = [32m1.710329e-11[39m
     15 Linear |R| = [32m7.697336e-13[39m
 1 Nonlinear |R| = [32m1.328867e-07[39m
      0 Linear |R| = [32m1.328867e-07[39m
      1 Linear |R| = [32m2.147037e-08[39m
      2 Linear |R| = [32m1.000622e-09[39m
      3 Linear |R| = [32m4.264598e-10[39m
      4 Linear |R| = [32m1.264502e-10[39m
      5 Linear |R| = [33m1.223721e-10[39m
      6 Linear |R| = [32m3.758213e-11[39m
      7 Linear |R| = [32m1.099718e-11[39m
      8 Linear |R| = [32m1.340813e-12[39m
      9 Linear |R| = [33m1.322749e-12[39m
     10 Linear |R| = [32m3.252929e-13[39m
     11 Linear |R| = [32m6.499232e-14[39m
     12 Linear |R| = [32m5.649960e-15[39m
     13 Linear |R| = [32m4.654046e-15[39m
     14 Linear |R| = [32m9.541586e-16[39m
     15 Linear |R| = [32m6.611899e-17[39m
 2 Nonlinear |R| = [32m4.980400e-13[39m
[32m Solve Converged![39m

Outlier Variable Residual Norms:
  uy: [33m4.299426e-13[39m

Postprocessor Values:
+----------------+----------------+----------------+----------------+----------------+----------------+----------------+
| time           | J_max          | J_min          | Jbar_max       | Jbar_min       | center_pressure| edge_ux        |
+----------------+----------------+----------------+----------------+----------------+----------------+----------------+
:                :                :                :                :                :                :                :
|   6.300000e-02 |   9.722710e-01 |   9.711302e-01 |   9.868838e-01 |   9.866951e-01 |   3.009925e-02 |   1.162049e-02 |
|   6.400000e-02 |   9.722186e-01 |   9.711128e-01 |   9.868763e-01 |   9.866921e-01 |   2.905679e-02 |   1.157871e-02 |
|   6.500000e-02 |   9.721679e-01 |   9.710960e-01 |   9.868692e-01 |   9.866893e-01 |   2.805026e-02 |   1.153838e-02 |
|   6.600000e-02 |   9.721190e-01 |   9.710799e-01 |   9.868623e-01 |   9.866865e-01 |   2.707843e-02 |   1.149944e-02 |
|   6.700000e-02 |   9.720719e-01 |   9.710642e-01 |   9.868556e-01 |   9.866838e-01 |   2.614011e-02 |   1.146186e-02 |
|   6.800000e-02 |   9.720263e-01 |   9.710491e-01 |   9.868492e-01 |   9.866813e-01 |   2.523416e-02 |   1.142557e-02 |
|   6.900000e-02 |   9.719823e-01 |   9.710346e-01 |   9.868429e-01 |   9.866788e-01 |   2.435948e-02 |   1.139054e-02 |
|   7.000000e-02 |   9.719399e-01 |   9.710205e-01 |   9.868369e-01 |   9.866764e-01 |   2.351499e-02 |   1.135673e-02 |
|   7.100000e-02 |   9.718989e-01 |   9.710070e-01 |   9.868311e-01 |   9.866741e-01 |   2.269966e-02 |   1.132408e-02 |
|   7.200000e-02 |   9.718593e-01 |   9.709939e-01 |   9.868255e-01 |   9.866719e-01 |   2.191249e-02 |   1.129257e-02 |
|   7.300000e-02 |   9.718211e-01 |   9.709812e-01 |   9.868201e-01 |   9.866697e-01 |   2.115252e-02 |   1.126215e-02 |
|   7.400000e-02 |   9.717843e-01 |   9.709690e-01 |   9.868149e-01 |   9.866677e-01 |   2.041881e-02 |   1.123279e-02 |
|   7.500000e-02 |   9.717487e-01 |   9.709572e-01 |   9.868099e-01 |   9.866657e-01 |   1.971046e-02 |   1.120444e-02 |
|   7.600000e-02 |   9.717144e-01 |   9.709459e-01 |   9.868050e-01 |   9.866638e-01 |   1.902660e-02 |   1.117708e-02 |
|   7.700000e-02 |   9.716812e-01 |   9.709349e-01 |   9.868004e-01 |   9.866619e-01 |   1.836639e-02 |   1.115066e-02 |
+----------------+----------------+----------------+----------------+----------------+----------------+----------------+
+----------------+----------------+----------------+------------------+----------------+----------------+
| time           | mass           | mass_reaction  | outflow_gradient | platen_max     | platen_min     |
+----------------+----------------+----------------+------------------+----------------+----------------+
:                :                :                :                  :                :                :
|   6.300000e-02 |   1.523070e-01 |  -2.841563e-02 |     2.794714e-02 |  -6.759568e-03 |  -6.759568e-03 |
|   6.400000e-02 |   1.522795e-01 |  -2.743002e-02 |     2.697799e-02 |  -6.763416e-03 |  -6.763416e-03 |
|   6.500000e-02 |   1.522531e-01 |  -2.647847e-02 |     2.604232e-02 |  -6.767131e-03 |  -6.767131e-03 |
|   6.600000e-02 |   1.522275e-01 |  -2.555982e-02 |     2.513899e-02 |  -6.770718e-03 |  -6.770718e-03 |
|   6.700000e-02 |   1.522028e-01 |  -2.467294e-02 |     2.426688e-02 |  -6.774180e-03 |  -6.774180e-03 |
|   6.800000e-02 |   1.521790e-01 |  -2.381673e-02 |     2.342492e-02 |  -6.777523e-03 |  -6.777523e-03 |
|   6.900000e-02 |   1.521560e-01 |  -2.299015e-02 |     2.261209e-02 |  -6.780749e-03 |  -6.780749e-03 |
|   7.000000e-02 |   1.521338e-01 |  -2.219217e-02 |     2.182737e-02 |  -6.783864e-03 |  -6.783864e-03 |
|   7.100000e-02 |   1.521124e-01 |  -2.142181e-02 |     2.106980e-02 |  -6.786871e-03 |  -6.786871e-03 |
|   7.200000e-02 |   1.520917e-01 |  -2.067812e-02 |     2.033845e-02 |  -6.789774e-03 |  -6.789774e-03 |
|   7.300000e-02 |   1.520718e-01 |  -1.996018e-02 |     1.963242e-02 |  -6.792576e-03 |  -6.792576e-03 |
|   7.400000e-02 |   1.520525e-01 |  -1.926710e-02 |     1.895082e-02 |  -6.795281e-03 |  -6.795281e-03 |
|   7.500000e-02 |   1.520339e-01 |  -1.859803e-02 |     1.829283e-02 |  -6.797893e-03 |  -6.797893e-03 |
|   7.600000e-02 |   1.520160e-01 |  -1.795214e-02 |     1.765763e-02 |  -6.800413e-03 |  -6.800413e-03 |
|   7.700000e-02 |   1.519986e-01 |  -1.732862e-02 |     1.704443e-02 |  -6.802847e-03 |  -6.802847e-03 |
+----------------+----------------+----------------+------------------+----------------+----------------+
+----------------+--------------------+--------------------+----------------+----------------+----------------+
| time           | solid_fraction_max | solid_fraction_min | stability_max  | stability_min  | top_reaction   |
+----------------+--------------------+--------------------+----------------+----------------+----------------+
:                :                    :                    :                :                :                :
|   6.300000e-02 |       6.096615e-01 |       6.089013e-01 |   2.801729e+01 |   2.800039e+01 |  -1.400000e+00 |
|   6.400000e-02 |       6.096677e-01 |       6.089323e-01 |   2.801669e+01 |   2.800038e+01 |  -1.400000e+00 |
|   6.500000e-02 |       6.096737e-01 |       6.089622e-01 |   2.801611e+01 |   2.800037e+01 |  -1.400000e+00 |
|   6.600000e-02 |       6.096796e-01 |       6.089912e-01 |   2.801555e+01 |   2.800035e+01 |  -1.400000e+00 |
|   6.700000e-02 |       6.096852e-01 |       6.090191e-01 |   2.801501e+01 |   2.800034e+01 |  -1.400000e+00 |
|   6.800000e-02 |       6.096906e-01 |       6.090460e-01 |   2.801449e+01 |   2.800033e+01 |  -1.400000e+00 |
|   6.900000e-02 |       6.096958e-01 |       6.090721e-01 |   2.801399e+01 |   2.800032e+01 |  -1.400000e+00 |
|   7.000000e-02 |       6.097009e-01 |       6.090972e-01 |   2.801351e+01 |   2.800031e+01 |  -1.400000e+00 |
|   7.100000e-02 |       6.097058e-01 |       6.091215e-01 |   2.801304e+01 |   2.800030e+01 |  -1.400000e+00 |
|   7.200000e-02 |       6.097105e-01 |       6.091449e-01 |   2.801259e+01 |   2.800029e+01 |  -1.400000e+00 |
|   7.300000e-02 |       6.097151e-01 |       6.091675e-01 |   2.801215e+01 |   2.800028e+01 |  -1.400000e+00 |
|   7.400000e-02 |       6.097194e-01 |       6.091893e-01 |   2.801173e+01 |   2.800027e+01 |  -1.400000e+00 |
|   7.500000e-02 |       6.097237e-01 |       6.092104e-01 |   2.801132e+01 |   2.800026e+01 |  -1.400000e+00 |
|   7.600000e-02 |       6.097278e-01 |       6.092307e-01 |   2.801093e+01 |   2.800025e+01 |  -1.400000e+00 |
|   7.700000e-02 |       6.097317e-01 |       6.092504e-01 |   2.801055e+01 |   2.800024e+01 |  -1.400000e+00 |
+----------------+--------------------+--------------------+----------------+----------------+----------------+


Time Step 78, time = 0.078, dt = 0.001
 * Nonlinear |R| = [32m2.170221e-03[39m (Before preset BCs, predictors, correctors, and constraints)
 0 Nonlinear |R| = [32m2.170221e-03[39m
      0 Linear |R| = [32m2.170221e-03[39m
      1 Linear |R| = [32m6.668740e-04[39m
      2 Linear |R| = [32m5.956229e-04[39m
      3 Linear |R| = [32m1.194898e-05[39m
      4 Linear |R| = [32m3.216464e-06[39m
      5 Linear |R| = [32m2.694161e-06[39m
      6 Linear |R| = [32m3.431464e-07[39m
      7 Linear |R| = [32m1.905899e-07[39m
      8 Linear |R| = [32m3.000592e-08[39m
      9 Linear |R| = [32m2.370699e-08[39m
     10 Linear |R| = [32m3.032496e-09[39m
     11 Linear |R| = [32m7.122385e-10[39m
     12 Linear |R| = [32m7.399078e-11[39m
     13 Linear |R| = [32m5.482389e-11[39m
     14 Linear |R| = [32m1.650847e-11[39m
     15 Linear |R| = [32m7.391665e-13[39m
 1 Nonlinear |R| = [32m1.238760e-07[39m
      0 Linear |R| = [32m1.238760e-07[39m
      1 Linear |R| = [32m2.000793e-08[39m
      2 Linear |R| = [32m4.194056e-10[39m
      3 Linear |R| = [32m3.504454e-10[39m
      4 Linear |R| = [32m1.148682e-10[39m
      5 Linear |R| = [33m1.120595e-10[39m
      6 Linear |R| = [32m3.514994e-11[39m
      7 Linear |R| = [32m9.638943e-12[39m
      8 Linear |R| = [32m1.263715e-12[39m
      9 Linear |R| = [33m1.258097e-12[39m
     10 Linear |R| = [32m2.597576e-13[39m
     11 Linear |R| = [32m5.998206e-14[39m
     12 Linear |R| = [32m7.140080e-15[39m
     13 Linear |R| = [32m4.989464e-15[39m
     14 Linear |R| = [32m8.668020e-16[39m
     15 Linear |R| = [32m5.744277e-17[39m
 2 Nonlinear |R| = [32m4.590917e-13[39m
[32m Solve Converged![39m

Outlier Variable Residual Norms:
  uy: [33m3.991273e-13[39m

Postprocessor Values:
+----------------+----------------+----------------+----------------+----------------+----------------+----------------+
| time           | J_max          | J_min          | Jbar_max       | Jbar_min       | center_pressure| edge_ux        |
+----------------+----------------+----------------+----------------+----------------+----------------+----------------+
:                :                :                :                :                :                :                :
|   6.400000e-02 |   9.722186e-01 |   9.711128e-01 |   9.868763e-01 |   9.866921e-01 |   2.905679e-02 |   1.157871e-02 |
|   6.500000e-02 |   9.721679e-01 |   9.710960e-01 |   9.868692e-01 |   9.866893e-01 |   2.805026e-02 |   1.153838e-02 |
|   6.600000e-02 |   9.721190e-01 |   9.710799e-01 |   9.868623e-01 |   9.866865e-01 |   2.707843e-02 |   1.149944e-02 |
|   6.700000e-02 |   9.720719e-01 |   9.710642e-01 |   9.868556e-01 |   9.866838e-01 |   2.614011e-02 |   1.146186e-02 |
|   6.800000e-02 |   9.720263e-01 |   9.710491e-01 |   9.868492e-01 |   9.866813e-01 |   2.523416e-02 |   1.142557e-02 |
|   6.900000e-02 |   9.719823e-01 |   9.710346e-01 |   9.868429e-01 |   9.866788e-01 |   2.435948e-02 |   1.139054e-02 |
|   7.000000e-02 |   9.719399e-01 |   9.710205e-01 |   9.868369e-01 |   9.866764e-01 |   2.351499e-02 |   1.135673e-02 |
|   7.100000e-02 |   9.718989e-01 |   9.710070e-01 |   9.868311e-01 |   9.866741e-01 |   2.269966e-02 |   1.132408e-02 |
|   7.200000e-02 |   9.718593e-01 |   9.709939e-01 |   9.868255e-01 |   9.866719e-01 |   2.191249e-02 |   1.129257e-02 |
|   7.300000e-02 |   9.718211e-01 |   9.709812e-01 |   9.868201e-01 |   9.866697e-01 |   2.115252e-02 |   1.126215e-02 |
|   7.400000e-02 |   9.717843e-01 |   9.709690e-01 |   9.868149e-01 |   9.866677e-01 |   2.041881e-02 |   1.123279e-02 |
|   7.500000e-02 |   9.717487e-01 |   9.709572e-01 |   9.868099e-01 |   9.866657e-01 |   1.971046e-02 |   1.120444e-02 |
|   7.600000e-02 |   9.717144e-01 |   9.709459e-01 |   9.868050e-01 |   9.866638e-01 |   1.902660e-02 |   1.117708e-02 |
|   7.700000e-02 |   9.716812e-01 |   9.709349e-01 |   9.868004e-01 |   9.866619e-01 |   1.836639e-02 |   1.115066e-02 |
|   7.800000e-02 |   9.716492e-01 |   9.709243e-01 |   9.867958e-01 |   9.866601e-01 |   1.772902e-02 |   1.112517e-02 |
+----------------+----------------+----------------+----------------+----------------+----------------+----------------+
+----------------+----------------+----------------+------------------+----------------+----------------+
| time           | mass           | mass_reaction  | outflow_gradient | platen_max     | platen_min     |
+----------------+----------------+----------------+------------------+----------------+----------------+
:                :                :                :                  :                :                :
|   6.400000e-02 |   1.522795e-01 |  -2.743002e-02 |     2.697799e-02 |  -6.763416e-03 |  -6.763416e-03 |
|   6.500000e-02 |   1.522531e-01 |  -2.647847e-02 |     2.604232e-02 |  -6.767131e-03 |  -6.767131e-03 |
|   6.600000e-02 |   1.522275e-01 |  -2.555982e-02 |     2.513899e-02 |  -6.770718e-03 |  -6.770718e-03 |
|   6.700000e-02 |   1.522028e-01 |  -2.467294e-02 |     2.426688e-02 |  -6.774180e-03 |  -6.774180e-03 |
|   6.800000e-02 |   1.521790e-01 |  -2.381673e-02 |     2.342492e-02 |  -6.777523e-03 |  -6.777523e-03 |
|   6.900000e-02 |   1.521560e-01 |  -2.299015e-02 |     2.261209e-02 |  -6.780749e-03 |  -6.780749e-03 |
|   7.000000e-02 |   1.521338e-01 |  -2.219217e-02 |     2.182737e-02 |  -6.783864e-03 |  -6.783864e-03 |
|   7.100000e-02 |   1.521124e-01 |  -2.142181e-02 |     2.106980e-02 |  -6.786871e-03 |  -6.786871e-03 |
|   7.200000e-02 |   1.520917e-01 |  -2.067812e-02 |     2.033845e-02 |  -6.789774e-03 |  -6.789774e-03 |
|   7.300000e-02 |   1.520718e-01 |  -1.996018e-02 |     1.963242e-02 |  -6.792576e-03 |  -6.792576e-03 |
|   7.400000e-02 |   1.520525e-01 |  -1.926710e-02 |     1.895082e-02 |  -6.795281e-03 |  -6.795281e-03 |
|   7.500000e-02 |   1.520339e-01 |  -1.859803e-02 |     1.829283e-02 |  -6.797893e-03 |  -6.797893e-03 |
|   7.600000e-02 |   1.520160e-01 |  -1.795214e-02 |     1.765763e-02 |  -6.800413e-03 |  -6.800413e-03 |
|   7.700000e-02 |   1.519986e-01 |  -1.732862e-02 |     1.704443e-02 |  -6.802847e-03 |  -6.802847e-03 |
|   7.800000e-02 |   1.519819e-01 |  -1.672672e-02 |     1.645248e-02 |  -6.805195e-03 |  -6.805195e-03 |
+----------------+----------------+----------------+------------------+----------------+----------------+
+----------------+--------------------+--------------------+----------------+----------------+----------------+
| time           | solid_fraction_max | solid_fraction_min | stability_max  | stability_min  | top_reaction   |
+----------------+--------------------+--------------------+----------------+----------------+----------------+
:                :                    :                    :                :                :                :
|   6.400000e-02 |       6.096677e-01 |       6.089323e-01 |   2.801669e+01 |   2.800038e+01 |  -1.400000e+00 |
|   6.500000e-02 |       6.096737e-01 |       6.089622e-01 |   2.801611e+01 |   2.800037e+01 |  -1.400000e+00 |
|   6.600000e-02 |       6.096796e-01 |       6.089912e-01 |   2.801555e+01 |   2.800035e+01 |  -1.400000e+00 |
|   6.700000e-02 |       6.096852e-01 |       6.090191e-01 |   2.801501e+01 |   2.800034e+01 |  -1.400000e+00 |
|   6.800000e-02 |       6.096906e-01 |       6.090460e-01 |   2.801449e+01 |   2.800033e+01 |  -1.400000e+00 |
|   6.900000e-02 |       6.096958e-01 |       6.090721e-01 |   2.801399e+01 |   2.800032e+01 |  -1.400000e+00 |
|   7.000000e-02 |       6.097009e-01 |       6.090972e-01 |   2.801351e+01 |   2.800031e+01 |  -1.400000e+00 |
|   7.100000e-02 |       6.097058e-01 |       6.091215e-01 |   2.801304e+01 |   2.800030e+01 |  -1.400000e+00 |
|   7.200000e-02 |       6.097105e-01 |       6.091449e-01 |   2.801259e+01 |   2.800029e+01 |  -1.400000e+00 |
|   7.300000e-02 |       6.097151e-01 |       6.091675e-01 |   2.801215e+01 |   2.800028e+01 |  -1.400000e+00 |
|   7.400000e-02 |       6.097194e-01 |       6.091893e-01 |   2.801173e+01 |   2.800027e+01 |  -1.400000e+00 |
|   7.500000e-02 |       6.097237e-01 |       6.092104e-01 |   2.801132e+01 |   2.800026e+01 |  -1.400000e+00 |
|   7.600000e-02 |       6.097278e-01 |       6.092307e-01 |   2.801093e+01 |   2.800025e+01 |  -1.400000e+00 |
|   7.700000e-02 |       6.097317e-01 |       6.092504e-01 |   2.801055e+01 |   2.800024e+01 |  -1.400000e+00 |
|   7.800000e-02 |       6.097355e-01 |       6.092694e-01 |   2.801018e+01 |   2.800023e+01 |  -1.400000e+00 |
+----------------+--------------------+--------------------+----------------+----------------+----------------+


Time Step 79, time = 0.079, dt = 0.001
 * Nonlinear |R| = [32m2.094825e-03[39m (Before preset BCs, predictors, correctors, and constraints)
 0 Nonlinear |R| = [32m2.094825e-03[39m
      0 Linear |R| = [32m2.094825e-03[39m
      1 Linear |R| = [32m6.437540e-04[39m
      2 Linear |R| = [32m5.749831e-04[39m
      3 Linear |R| = [32m1.153433e-05[39m
      4 Linear |R| = [32m3.104879e-06[39m
      5 Linear |R| = [32m2.639328e-06[39m
      6 Linear |R| = [32m3.312469e-07[39m
      7 Linear |R| = [32m1.839770e-07[39m
      8 Linear |R| = [32m2.914705e-08[39m
      9 Linear |R| = [33m2.845694e-08[39m
     10 Linear |R| = [32m2.927152e-09[39m
     11 Linear |R| = [32m6.874870e-10[39m
     12 Linear |R| = [32m9.521311e-11[39m
     13 Linear |R| = [32m5.292766e-11[39m
     14 Linear |R| = [32m1.593478e-11[39m
     15 Linear |R| = [32m7.170513e-13[39m
 1 Nonlinear |R| = [32m1.165594e-07[39m
      0 Linear |R| = [32m1.165594e-07[39m
      1 Linear |R| = [32m1.896576e-08[39m
      2 Linear |R| = [32m3.219459e-09[39m
      3 Linear |R| = [32m3.535008e-10[39m
      4 Linear |R| = [32m1.066209e-10[39m
      5 Linear |R| = [33m1.044282e-10[39m
      6 Linear |R| = [32m3.317356e-11[39m
      7 Linear |R| = [32m8.626930e-12[39m
      8 Linear |R| = [32m1.075868e-12[39m
      9 Linear |R| = [33m1.075850e-12[39m
     10 Linear |R| = [32m2.758866e-13[39m
     11 Linear |R| = [32m4.439916e-14[39m
     12 Linear |R| = [32m7.363324e-15[39m
     13 Linear |R| = [32m4.934770e-15[39m
     14 Linear |R| = [32m8.895090e-16[39m
     15 Linear |R| = [32m5.139521e-17[39m
 2 Nonlinear |R| = [32m4.373661e-13[39m
[32m Solve Converged![39m

Outlier Variable Residual Norms:
  uy: [33m3.862669e-13[39m

Postprocessor Values:
+----------------+----------------+----------------+----------------+----------------+----------------+----------------+
| time           | J_max          | J_min          | Jbar_max       | Jbar_min       | center_pressure| edge_ux        |
+----------------+----------------+----------------+----------------+----------------+----------------+----------------+
:                :                :                :                :                :                :                :
|   6.500000e-02 |   9.721679e-01 |   9.710960e-01 |   9.868692e-01 |   9.866893e-01 |   2.805026e-02 |   1.153838e-02 |
|   6.600000e-02 |   9.721190e-01 |   9.710799e-01 |   9.868623e-01 |   9.866865e-01 |   2.707843e-02 |   1.149944e-02 |
|   6.700000e-02 |   9.720719e-01 |   9.710642e-01 |   9.868556e-01 |   9.866838e-01 |   2.614011e-02 |   1.146186e-02 |
|   6.800000e-02 |   9.720263e-01 |   9.710491e-01 |   9.868492e-01 |   9.866813e-01 |   2.523416e-02 |   1.142557e-02 |
|   6.900000e-02 |   9.719823e-01 |   9.710346e-01 |   9.868429e-01 |   9.866788e-01 |   2.435948e-02 |   1.139054e-02 |
|   7.000000e-02 |   9.719399e-01 |   9.710205e-01 |   9.868369e-01 |   9.866764e-01 |   2.351499e-02 |   1.135673e-02 |
|   7.100000e-02 |   9.718989e-01 |   9.710070e-01 |   9.868311e-01 |   9.866741e-01 |   2.269966e-02 |   1.132408e-02 |
|   7.200000e-02 |   9.718593e-01 |   9.709939e-01 |   9.868255e-01 |   9.866719e-01 |   2.191249e-02 |   1.129257e-02 |
|   7.300000e-02 |   9.718211e-01 |   9.709812e-01 |   9.868201e-01 |   9.866697e-01 |   2.115252e-02 |   1.126215e-02 |
|   7.400000e-02 |   9.717843e-01 |   9.709690e-01 |   9.868149e-01 |   9.866677e-01 |   2.041881e-02 |   1.123279e-02 |
|   7.500000e-02 |   9.717487e-01 |   9.709572e-01 |   9.868099e-01 |   9.866657e-01 |   1.971046e-02 |   1.120444e-02 |
|   7.600000e-02 |   9.717144e-01 |   9.709459e-01 |   9.868050e-01 |   9.866638e-01 |   1.902660e-02 |   1.117708e-02 |
|   7.700000e-02 |   9.716812e-01 |   9.709349e-01 |   9.868004e-01 |   9.866619e-01 |   1.836639e-02 |   1.115066e-02 |
|   7.800000e-02 |   9.716492e-01 |   9.709243e-01 |   9.867958e-01 |   9.866601e-01 |   1.772902e-02 |   1.112517e-02 |
|   7.900000e-02 |   9.716183e-01 |   9.709141e-01 |   9.867915e-01 |   9.866584e-01 |   1.711370e-02 |   1.110055e-02 |
+----------------+----------------+----------------+----------------+----------------+----------------+----------------+
+----------------+----------------+----------------+------------------+----------------+----------------+
| time           | mass           | mass_reaction  | outflow_gradient | platen_max     | platen_min     |
+----------------+----------------+----------------+------------------+----------------+----------------+
:                :                :                :                  :                :                :
|   6.500000e-02 |   1.522531e-01 |  -2.647847e-02 |     2.604232e-02 |  -6.767131e-03 |  -6.767131e-03 |
|   6.600000e-02 |   1.522275e-01 |  -2.555982e-02 |     2.513899e-02 |  -6.770718e-03 |  -6.770718e-03 |
|   6.700000e-02 |   1.522028e-01 |  -2.467294e-02 |     2.426688e-02 |  -6.774180e-03 |  -6.774180e-03 |
|   6.800000e-02 |   1.521790e-01 |  -2.381673e-02 |     2.342492e-02 |  -6.777523e-03 |  -6.777523e-03 |
|   6.900000e-02 |   1.521560e-01 |  -2.299015e-02 |     2.261209e-02 |  -6.780749e-03 |  -6.780749e-03 |
|   7.000000e-02 |   1.521338e-01 |  -2.219217e-02 |     2.182737e-02 |  -6.783864e-03 |  -6.783864e-03 |
|   7.100000e-02 |   1.521124e-01 |  -2.142181e-02 |     2.106980e-02 |  -6.786871e-03 |  -6.786871e-03 |
|   7.200000e-02 |   1.520917e-01 |  -2.067812e-02 |     2.033845e-02 |  -6.789774e-03 |  -6.789774e-03 |
|   7.300000e-02 |   1.520718e-01 |  -1.996018e-02 |     1.963242e-02 |  -6.792576e-03 |  -6.792576e-03 |
|   7.400000e-02 |   1.520525e-01 |  -1.926710e-02 |     1.895082e-02 |  -6.795281e-03 |  -6.795281e-03 |
|   7.500000e-02 |   1.520339e-01 |  -1.859803e-02 |     1.829283e-02 |  -6.797893e-03 |  -6.797893e-03 |
|   7.600000e-02 |   1.520160e-01 |  -1.795214e-02 |     1.765763e-02 |  -6.800413e-03 |  -6.800413e-03 |
|   7.700000e-02 |   1.519986e-01 |  -1.732862e-02 |     1.704443e-02 |  -6.802847e-03 |  -6.802847e-03 |
|   7.800000e-02 |   1.519819e-01 |  -1.672672e-02 |     1.645248e-02 |  -6.805195e-03 |  -6.805195e-03 |
|   7.900000e-02 |   1.519658e-01 |  -1.614568e-02 |     1.588104e-02 |  -6.807463e-03 |  -6.807463e-03 |
+----------------+----------------+----------------+------------------+----------------+----------------+
+----------------+--------------------+--------------------+----------------+----------------+----------------+
| time           | solid_fraction_max | solid_fraction_min | stability_max  | stability_min  | top_reaction   |
+----------------+--------------------+--------------------+----------------+----------------+----------------+
:                :                    :                    :                :                :                :
|   6.500000e-02 |       6.096737e-01 |       6.089622e-01 |   2.801611e+01 |   2.800037e+01 |  -1.400000e+00 |
|   6.600000e-02 |       6.096796e-01 |       6.089912e-01 |   2.801555e+01 |   2.800035e+01 |  -1.400000e+00 |
|   6.700000e-02 |       6.096852e-01 |       6.090191e-01 |   2.801501e+01 |   2.800034e+01 |  -1.400000e+00 |
|   6.800000e-02 |       6.096906e-01 |       6.090460e-01 |   2.801449e+01 |   2.800033e+01 |  -1.400000e+00 |
|   6.900000e-02 |       6.096958e-01 |       6.090721e-01 |   2.801399e+01 |   2.800032e+01 |  -1.400000e+00 |
|   7.000000e-02 |       6.097009e-01 |       6.090972e-01 |   2.801351e+01 |   2.800031e+01 |  -1.400000e+00 |
|   7.100000e-02 |       6.097058e-01 |       6.091215e-01 |   2.801304e+01 |   2.800030e+01 |  -1.400000e+00 |
|   7.200000e-02 |       6.097105e-01 |       6.091449e-01 |   2.801259e+01 |   2.800029e+01 |  -1.400000e+00 |
|   7.300000e-02 |       6.097151e-01 |       6.091675e-01 |   2.801215e+01 |   2.800028e+01 |  -1.400000e+00 |
|   7.400000e-02 |       6.097194e-01 |       6.091893e-01 |   2.801173e+01 |   2.800027e+01 |  -1.400000e+00 |
|   7.500000e-02 |       6.097237e-01 |       6.092104e-01 |   2.801132e+01 |   2.800026e+01 |  -1.400000e+00 |
|   7.600000e-02 |       6.097278e-01 |       6.092307e-01 |   2.801093e+01 |   2.800025e+01 |  -1.400000e+00 |
|   7.700000e-02 |       6.097317e-01 |       6.092504e-01 |   2.801055e+01 |   2.800024e+01 |  -1.400000e+00 |
|   7.800000e-02 |       6.097355e-01 |       6.092694e-01 |   2.801018e+01 |   2.800023e+01 |  -1.400000e+00 |
|   7.900000e-02 |       6.097392e-01 |       6.092877e-01 |   2.800983e+01 |   2.800022e+01 |  -1.400000e+00 |
+----------------+--------------------+--------------------+----------------+----------------+----------------+


Time Step 80, time = 0.08, dt = 0.001
 * Nonlinear |R| = [32m2.022044e-03[39m (Before preset BCs, predictors, correctors, and constraints)
 0 Nonlinear |R| = [32m2.022044e-03[39m
      0 Linear |R| = [32m2.022044e-03[39m
      1 Linear |R| = [32m6.214283e-04[39m
      2 Linear |R| = [32m5.550486e-04[39m
      3 Linear |R| = [32m1.113415e-05[39m
      4 Linear |R| = [32m2.997371e-06[39m
      5 Linear |R| = [32m2.520684e-06[39m
      6 Linear |R| = [32m3.197551e-07[39m
      7 Linear |R| = [32m1.775914e-07[39m
      8 Linear |R| = [32m2.804900e-08[39m
      9 Linear |R| = [32m2.651199e-08[39m
     10 Linear |R| = [32m2.825408e-09[39m
     11 Linear |R| = [32m6.635818e-10[39m
     12 Linear |R| = [32m1.022561e-10[39m
     13 Linear |R| = [32m5.108916e-11[39m
     14 Linear |R| = [32m1.538064e-11[39m
     15 Linear |R| = [32m6.909749e-13[39m
 1 Nonlinear |R| = [32m1.078543e-07[39m
      0 Linear |R| = [32m1.078543e-07[39m
      1 Linear |R| = [32m1.738608e-08[39m
      2 Linear |R| = [32m4.147819e-10[39m
      3 Linear |R| = [32m3.296663e-10[39m
      4 Linear |R| = [32m1.020958e-10[39m
      5 Linear |R| = [33m1.002699e-10[39m
      6 Linear |R| = [32m3.215984e-11[39m
      7 Linear |R| = [32m8.677888e-12[39m
      8 Linear |R| = [32m1.129117e-12[39m
      9 Linear |R| = [33m1.127993e-12[39m
     10 Linear |R| = [32m3.043739e-13[39m
     11 Linear |R| = [32m4.962549e-14[39m
     12 Linear |R| = [32m6.976948e-15[39m
     13 Linear |R| = [32m5.487377e-15[39m
     14 Linear |R| = [32m7.744071e-16[39m
     15 Linear |R| = [32m6.486788e-17[39m
 2 Nonlinear |R| = [32m4.322910e-13[39m
[32m Solve Converged![39m

Outlier Variable Residual Norms:
  uy: [33m3.706534e-13[39m

Postprocessor Values:
+----------------+----------------+----------------+----------------+----------------+----------------+----------------+
| time           | J_max          | J_min          | Jbar_max       | Jbar_min       | center_pressure| edge_ux        |
+----------------+----------------+----------------+----------------+----------------+----------------+----------------+
:                :                :                :                :                :                :                :
|   6.600000e-02 |   9.721190e-01 |   9.710799e-01 |   9.868623e-01 |   9.866865e-01 |   2.707843e-02 |   1.149944e-02 |
|   6.700000e-02 |   9.720719e-01 |   9.710642e-01 |   9.868556e-01 |   9.866838e-01 |   2.614011e-02 |   1.146186e-02 |
|   6.800000e-02 |   9.720263e-01 |   9.710491e-01 |   9.868492e-01 |   9.866813e-01 |   2.523416e-02 |   1.142557e-02 |
|   6.900000e-02 |   9.719823e-01 |   9.710346e-01 |   9.868429e-01 |   9.866788e-01 |   2.435948e-02 |   1.139054e-02 |
|   7.000000e-02 |   9.719399e-01 |   9.710205e-01 |   9.868369e-01 |   9.866764e-01 |   2.351499e-02 |   1.135673e-02 |
|   7.100000e-02 |   9.718989e-01 |   9.710070e-01 |   9.868311e-01 |   9.866741e-01 |   2.269966e-02 |   1.132408e-02 |
|   7.200000e-02 |   9.718593e-01 |   9.709939e-01 |   9.868255e-01 |   9.866719e-01 |   2.191249e-02 |   1.129257e-02 |
|   7.300000e-02 |   9.718211e-01 |   9.709812e-01 |   9.868201e-01 |   9.866697e-01 |   2.115252e-02 |   1.126215e-02 |
|   7.400000e-02 |   9.717843e-01 |   9.709690e-01 |   9.868149e-01 |   9.866677e-01 |   2.041881e-02 |   1.123279e-02 |
|   7.500000e-02 |   9.717487e-01 |   9.709572e-01 |   9.868099e-01 |   9.866657e-01 |   1.971046e-02 |   1.120444e-02 |
|   7.600000e-02 |   9.717144e-01 |   9.709459e-01 |   9.868050e-01 |   9.866638e-01 |   1.902660e-02 |   1.117708e-02 |
|   7.700000e-02 |   9.716812e-01 |   9.709349e-01 |   9.868004e-01 |   9.866619e-01 |   1.836639e-02 |   1.115066e-02 |
|   7.800000e-02 |   9.716492e-01 |   9.709243e-01 |   9.867958e-01 |   9.866601e-01 |   1.772902e-02 |   1.112517e-02 |
|   7.900000e-02 |   9.716183e-01 |   9.709141e-01 |   9.867915e-01 |   9.866584e-01 |   1.711370e-02 |   1.110055e-02 |
|   8.000000e-02 |   9.715885e-01 |   9.709042e-01 |   9.867872e-01 |   9.866567e-01 |   1.651968e-02 |   1.107679e-02 |
+----------------+----------------+----------------+----------------+----------------+----------------+----------------+
+----------------+----------------+----------------+------------------+----------------+----------------+
| time           | mass           | mass_reaction  | outflow_gradient | platen_max     | platen_min     |
+----------------+----------------+----------------+------------------+----------------+----------------+
:                :                :                :                  :                :                :
|   6.600000e-02 |   1.522275e-01 |  -2.555982e-02 |     2.513899e-02 |  -6.770718e-03 |  -6.770718e-03 |
|   6.700000e-02 |   1.522028e-01 |  -2.467294e-02 |     2.426688e-02 |  -6.774180e-03 |  -6.774180e-03 |
|   6.800000e-02 |   1.521790e-01 |  -2.381673e-02 |     2.342492e-02 |  -6.777523e-03 |  -6.777523e-03 |
|   6.900000e-02 |   1.521560e-01 |  -2.299015e-02 |     2.261209e-02 |  -6.780749e-03 |  -6.780749e-03 |
|   7.000000e-02 |   1.521338e-01 |  -2.219217e-02 |     2.182737e-02 |  -6.783864e-03 |  -6.783864e-03 |
|   7.100000e-02 |   1.521124e-01 |  -2.142181e-02 |     2.106980e-02 |  -6.786871e-03 |  -6.786871e-03 |
|   7.200000e-02 |   1.520917e-01 |  -2.067812e-02 |     2.033845e-02 |  -6.789774e-03 |  -6.789774e-03 |
|   7.300000e-02 |   1.520718e-01 |  -1.996018e-02 |     1.963242e-02 |  -6.792576e-03 |  -6.792576e-03 |
|   7.400000e-02 |   1.520525e-01 |  -1.926710e-02 |     1.895082e-02 |  -6.795281e-03 |  -6.795281e-03 |
|   7.500000e-02 |   1.520339e-01 |  -1.859803e-02 |     1.829283e-02 |  -6.797893e-03 |  -6.797893e-03 |
|   7.600000e-02 |   1.520160e-01 |  -1.795214e-02 |     1.765763e-02 |  -6.800413e-03 |  -6.800413e-03 |
|   7.700000e-02 |   1.519986e-01 |  -1.732862e-02 |     1.704443e-02 |  -6.802847e-03 |  -6.802847e-03 |
|   7.800000e-02 |   1.519819e-01 |  -1.672672e-02 |     1.645248e-02 |  -6.805195e-03 |  -6.805195e-03 |
|   7.900000e-02 |   1.519658e-01 |  -1.614568e-02 |     1.588104e-02 |  -6.807463e-03 |  -6.807463e-03 |
|   8.000000e-02 |   1.519502e-01 |  -1.558478e-02 |     1.532940e-02 |  -6.809652e-03 |  -6.809652e-03 |
+----------------+----------------+----------------+------------------+----------------+----------------+
+----------------+--------------------+--------------------+----------------+----------------+----------------+
| time           | solid_fraction_max | solid_fraction_min | stability_max  | stability_min  | top_reaction   |
+----------------+--------------------+--------------------+----------------+----------------+----------------+
:                :                    :                    :                :                :                :
|   6.600000e-02 |       6.096796e-01 |       6.089912e-01 |   2.801555e+01 |   2.800035e+01 |  -1.400000e+00 |
|   6.700000e-02 |       6.096852e-01 |       6.090191e-01 |   2.801501e+01 |   2.800034e+01 |  -1.400000e+00 |
|   6.800000e-02 |       6.096906e-01 |       6.090460e-01 |   2.801449e+01 |   2.800033e+01 |  -1.400000e+00 |
|   6.900000e-02 |       6.096958e-01 |       6.090721e-01 |   2.801399e+01 |   2.800032e+01 |  -1.400000e+00 |
|   7.000000e-02 |       6.097009e-01 |       6.090972e-01 |   2.801351e+01 |   2.800031e+01 |  -1.400000e+00 |
|   7.100000e-02 |       6.097058e-01 |       6.091215e-01 |   2.801304e+01 |   2.800030e+01 |  -1.400000e+00 |
|   7.200000e-02 |       6.097105e-01 |       6.091449e-01 |   2.801259e+01 |   2.800029e+01 |  -1.400000e+00 |
|   7.300000e-02 |       6.097151e-01 |       6.091675e-01 |   2.801215e+01 |   2.800028e+01 |  -1.400000e+00 |
|   7.400000e-02 |       6.097194e-01 |       6.091893e-01 |   2.801173e+01 |   2.800027e+01 |  -1.400000e+00 |
|   7.500000e-02 |       6.097237e-01 |       6.092104e-01 |   2.801132e+01 |   2.800026e+01 |  -1.400000e+00 |
|   7.600000e-02 |       6.097278e-01 |       6.092307e-01 |   2.801093e+01 |   2.800025e+01 |  -1.400000e+00 |
|   7.700000e-02 |       6.097317e-01 |       6.092504e-01 |   2.801055e+01 |   2.800024e+01 |  -1.400000e+00 |
|   7.800000e-02 |       6.097355e-01 |       6.092694e-01 |   2.801018e+01 |   2.800023e+01 |  -1.400000e+00 |
|   7.900000e-02 |       6.097392e-01 |       6.092877e-01 |   2.800983e+01 |   2.800022e+01 |  -1.400000e+00 |
|   8.000000e-02 |       6.097428e-01 |       6.093053e-01 |   2.800949e+01 |   2.800022e+01 |  -1.400000e+00 |
+----------------+--------------------+--------------------+----------------+----------------+----------------+


Time Step 81, time = 0.081, dt = 0.001
 * Nonlinear |R| = [32m1.951786e-03[39m (Before preset BCs, predictors, correctors, and constraints)
 0 Nonlinear |R| = [32m1.951786e-03[39m
      0 Linear |R| = [32m1.951786e-03[39m
      1 Linear |R| = [32m5.998743e-04[39m
      2 Linear |R| = [32m5.358029e-04[39m
      3 Linear |R| = [32m1.074784e-05[39m
      4 Linear |R| = [32m2.893759e-06[39m
      5 Linear |R| = [32m2.441976e-06[39m
      6 Linear |R| = [32m3.086642e-07[39m
      7 Linear |R| = [32m1.714287e-07[39m
      8 Linear |R| = [32m2.710873e-08[39m
      9 Linear |R| = [33m2.605069e-08[39m
     10 Linear |R| = [32m2.727359e-09[39m
     11 Linear |R| = [32m6.405093e-10[39m
     12 Linear |R| = [32m7.290279e-11[39m
     13 Linear |R| = [32m4.931119e-11[39m
     14 Linear |R| = [32m1.484615e-11[39m
     15 Linear |R| = [32m6.656384e-13[39m
 1 Nonlinear |R| = [32m1.011003e-07[39m
      0 Linear |R| = [32m1.011003e-07[39m
      1 Linear |R| = [32m1.562151e-08[39m
      2 Linear |R| = [32m5.374462e-10[39m
      3 Linear |R| = [32m3.000263e-10[39m
      4 Linear |R| = [32m9.191072e-11[39m
      5 Linear |R| = [33m8.968832e-11[39m
      6 Linear |R| = [32m2.993523e-11[39m
      7 Linear |R| = [32m7.718318e-12[39m
      8 Linear |R| = [32m9.096020e-13[39m
      9 Linear |R| = [33m9.034575e-13[39m
     10 Linear |R| = [32m2.164925e-13[39m
     11 Linear |R| = [32m3.820857e-14[39m
     12 Linear |R| = [32m4.241031e-15[39m
     13 Linear |R| = [32m2.912346e-15[39m
     14 Linear |R| = [32m5.490474e-16[39m
     15 Linear |R| = [32m3.814625e-17[39m
 2 Nonlinear |R| = [32m3.744227e-13[39m
[32m Solve Converged![39m

Outlier Variable Residual Norms:
  uy: [33m3.256343e-13[39m

Postprocessor Values:
+----------------+----------------+----------------+----------------+----------------+----------------+----------------+
| time           | J_max          | J_min          | Jbar_max       | Jbar_min       | center_pressure| edge_ux        |
+----------------+----------------+----------------+----------------+----------------+----------------+----------------+
:                :                :                :                :                :                :                :
|   6.700000e-02 |   9.720719e-01 |   9.710642e-01 |   9.868556e-01 |   9.866838e-01 |   2.614011e-02 |   1.146186e-02 |
|   6.800000e-02 |   9.720263e-01 |   9.710491e-01 |   9.868492e-01 |   9.866813e-01 |   2.523416e-02 |   1.142557e-02 |
|   6.900000e-02 |   9.719823e-01 |   9.710346e-01 |   9.868429e-01 |   9.866788e-01 |   2.435948e-02 |   1.139054e-02 |
|   7.000000e-02 |   9.719399e-01 |   9.710205e-01 |   9.868369e-01 |   9.866764e-01 |   2.351499e-02 |   1.135673e-02 |
|   7.100000e-02 |   9.718989e-01 |   9.710070e-01 |   9.868311e-01 |   9.866741e-01 |   2.269966e-02 |   1.132408e-02 |
|   7.200000e-02 |   9.718593e-01 |   9.709939e-01 |   9.868255e-01 |   9.866719e-01 |   2.191249e-02 |   1.129257e-02 |
|   7.300000e-02 |   9.718211e-01 |   9.709812e-01 |   9.868201e-01 |   9.866697e-01 |   2.115252e-02 |   1.126215e-02 |
|   7.400000e-02 |   9.717843e-01 |   9.709690e-01 |   9.868149e-01 |   9.866677e-01 |   2.041881e-02 |   1.123279e-02 |
|   7.500000e-02 |   9.717487e-01 |   9.709572e-01 |   9.868099e-01 |   9.866657e-01 |   1.971046e-02 |   1.120444e-02 |
|   7.600000e-02 |   9.717144e-01 |   9.709459e-01 |   9.868050e-01 |   9.866638e-01 |   1.902660e-02 |   1.117708e-02 |
|   7.700000e-02 |   9.716812e-01 |   9.709349e-01 |   9.868004e-01 |   9.866619e-01 |   1.836639e-02 |   1.115066e-02 |
|   7.800000e-02 |   9.716492e-01 |   9.709243e-01 |   9.867958e-01 |   9.866601e-01 |   1.772902e-02 |   1.112517e-02 |
|   7.900000e-02 |   9.716183e-01 |   9.709141e-01 |   9.867915e-01 |   9.866584e-01 |   1.711370e-02 |   1.110055e-02 |
|   8.000000e-02 |   9.715885e-01 |   9.709042e-01 |   9.867872e-01 |   9.866567e-01 |   1.651968e-02 |   1.107679e-02 |
|   8.100000e-02 |   9.715597e-01 |   9.708946e-01 |   9.867832e-01 |   9.866551e-01 |   1.594621e-02 |   1.105386e-02 |
+----------------+----------------+----------------+----------------+----------------+----------------+----------------+
+----------------+----------------+----------------+------------------+----------------+----------------+
| time           | mass           | mass_reaction  | outflow_gradient | platen_max     | platen_min     |
+----------------+----------------+----------------+------------------+----------------+----------------+
:                :                :                :                  :                :                :
|   6.700000e-02 |   1.522028e-01 |  -2.467294e-02 |     2.426688e-02 |  -6.774180e-03 |  -6.774180e-03 |
|   6.800000e-02 |   1.521790e-01 |  -2.381673e-02 |     2.342492e-02 |  -6.777523e-03 |  -6.777523e-03 |
|   6.900000e-02 |   1.521560e-01 |  -2.299015e-02 |     2.261209e-02 |  -6.780749e-03 |  -6.780749e-03 |
|   7.000000e-02 |   1.521338e-01 |  -2.219217e-02 |     2.182737e-02 |  -6.783864e-03 |  -6.783864e-03 |
|   7.100000e-02 |   1.521124e-01 |  -2.142181e-02 |     2.106980e-02 |  -6.786871e-03 |  -6.786871e-03 |
|   7.200000e-02 |   1.520917e-01 |  -2.067812e-02 |     2.033845e-02 |  -6.789774e-03 |  -6.789774e-03 |
|   7.300000e-02 |   1.520718e-01 |  -1.996018e-02 |     1.963242e-02 |  -6.792576e-03 |  -6.792576e-03 |
|   7.400000e-02 |   1.520525e-01 |  -1.926710e-02 |     1.895082e-02 |  -6.795281e-03 |  -6.795281e-03 |
|   7.500000e-02 |   1.520339e-01 |  -1.859803e-02 |     1.829283e-02 |  -6.797893e-03 |  -6.797893e-03 |
|   7.600000e-02 |   1.520160e-01 |  -1.795214e-02 |     1.765763e-02 |  -6.800413e-03 |  -6.800413e-03 |
|   7.700000e-02 |   1.519986e-01 |  -1.732862e-02 |     1.704443e-02 |  -6.802847e-03 |  -6.802847e-03 |
|   7.800000e-02 |   1.519819e-01 |  -1.672672e-02 |     1.645248e-02 |  -6.805195e-03 |  -6.805195e-03 |
|   7.900000e-02 |   1.519658e-01 |  -1.614568e-02 |     1.588104e-02 |  -6.807463e-03 |  -6.807463e-03 |
|   8.000000e-02 |   1.519502e-01 |  -1.558478e-02 |     1.532940e-02 |  -6.809652e-03 |  -6.809652e-03 |
|   8.100000e-02 |   1.519351e-01 |  -1.504333e-02 |     1.479689e-02 |  -6.811765e-03 |  -6.811765e-03 |
+----------------+----------------+----------------+------------------+----------------+----------------+
+----------------+--------------------+--------------------+----------------+----------------+----------------+
| time           | solid_fraction_max | solid_fraction_min | stability_max  | stability_min  | top_reaction   |
+----------------+--------------------+--------------------+----------------+----------------+----------------+
:                :                    :                    :                :                :                :
|   6.700000e-02 |       6.096852e-01 |       6.090191e-01 |   2.801501e+01 |   2.800034e+01 |  -1.400000e+00 |
|   6.800000e-02 |       6.096906e-01 |       6.090460e-01 |   2.801449e+01 |   2.800033e+01 |  -1.400000e+00 |
|   6.900000e-02 |       6.096958e-01 |       6.090721e-01 |   2.801399e+01 |   2.800032e+01 |  -1.400000e+00 |
|   7.000000e-02 |       6.097009e-01 |       6.090972e-01 |   2.801351e+01 |   2.800031e+01 |  -1.400000e+00 |
|   7.100000e-02 |       6.097058e-01 |       6.091215e-01 |   2.801304e+01 |   2.800030e+01 |  -1.400000e+00 |
|   7.200000e-02 |       6.097105e-01 |       6.091449e-01 |   2.801259e+01 |   2.800029e+01 |  -1.400000e+00 |
|   7.300000e-02 |       6.097151e-01 |       6.091675e-01 |   2.801215e+01 |   2.800028e+01 |  -1.400000e+00 |
|   7.400000e-02 |       6.097194e-01 |       6.091893e-01 |   2.801173e+01 |   2.800027e+01 |  -1.400000e+00 |
|   7.500000e-02 |       6.097237e-01 |       6.092104e-01 |   2.801132e+01 |   2.800026e+01 |  -1.400000e+00 |
|   7.600000e-02 |       6.097278e-01 |       6.092307e-01 |   2.801093e+01 |   2.800025e+01 |  -1.400000e+00 |
|   7.700000e-02 |       6.097317e-01 |       6.092504e-01 |   2.801055e+01 |   2.800024e+01 |  -1.400000e+00 |
|   7.800000e-02 |       6.097355e-01 |       6.092694e-01 |   2.801018e+01 |   2.800023e+01 |  -1.400000e+00 |
|   7.900000e-02 |       6.097392e-01 |       6.092877e-01 |   2.800983e+01 |   2.800022e+01 |  -1.400000e+00 |
|   8.000000e-02 |       6.097428e-01 |       6.093053e-01 |   2.800949e+01 |   2.800022e+01 |  -1.400000e+00 |
|   8.100000e-02 |       6.097462e-01 |       6.093224e-01 |   2.800916e+01 |   2.800021e+01 |  -1.400000e+00 |
+----------------+--------------------+--------------------+----------------+----------------+----------------+


Time Step 82, time = 0.082, dt = 0.001
 * Nonlinear |R| = [32m1.883965e-03[39m (Before preset BCs, predictors, correctors, and constraints)
 0 Nonlinear |R| = [32m1.883965e-03[39m
      0 Linear |R| = [32m1.883965e-03[39m
      1 Linear |R| = [32m5.790694e-04[39m
      2 Linear |R| = [32m5.172296e-04[39m
      3 Linear |R| = [32m1.037467e-05[39m
      4 Linear |R| = [32m2.792174e-06[39m
      5 Linear |R| = [32m2.325373e-06[39m
      6 Linear |R| = [32m2.979577e-07[39m
      7 Linear |R| = [32m1.654791e-07[39m
      8 Linear |R| = [32m2.620207e-08[39m
      9 Linear |R| = [33m2.547915e-08[39m
     10 Linear |R| = [32m2.632553e-09[39m
     11 Linear |R| = [32m6.182261e-10[39m
     12 Linear |R| = [32m7.033479e-11[39m
     13 Linear |R| = [32m4.759819e-11[39m
     14 Linear |R| = [32m1.432983e-11[39m
     15 Linear |R| = [32m6.430173e-13[39m
 1 Nonlinear |R| = [32m9.388046e-08[39m
      0 Linear |R| = [32m9.388046e-08[39m
      1 Linear |R| = [32m1.565154e-08[39m
      2 Linear |R| = [32m1.343407e-09[39m
      3 Linear |R| = [32m2.951197e-10[39m
      4 Linear |R| = [32m8.810375e-11[39m
      5 Linear |R| = [33m8.494708e-11[39m
      6 Linear |R| = [32m2.610481e-11[39m
      7 Linear |R| = [32m7.430988e-12[39m
      8 Linear |R| = [32m8.458840e-13[39m
      9 Linear |R| = [33m8.306765e-13[39m
     10 Linear |R| = [32m2.446826e-13[39m
     11 Linear |R| = [32m3.394755e-14[39m
     12 Linear |R| = [32m6.109196e-15[39m
     13 Linear |R| = [32m4.447358e-15[39m
     14 Linear |R| = [32m7.716351e-16[39m
     15 Linear |R| = [32m5.222778e-17[39m
 2 Nonlinear |R| = [32m3.272143e-13[39m
[32m Solve Converged![39m

Outlier Variable Residual Norms:
  uy: [33m2.727462e-13[39m

Postprocessor Values:
+----------------+----------------+----------------+----------------+----------------+----------------+----------------+
| time           | J_max          | J_min          | Jbar_max       | Jbar_min       | center_pressure| edge_ux        |
+----------------+----------------+----------------+----------------+----------------+----------------+----------------+
:                :                :                :                :                :                :                :
|   6.800000e-02 |   9.720263e-01 |   9.710491e-01 |   9.868492e-01 |   9.866813e-01 |   2.523416e-02 |   1.142557e-02 |
|   6.900000e-02 |   9.719823e-01 |   9.710346e-01 |   9.868429e-01 |   9.866788e-01 |   2.435948e-02 |   1.139054e-02 |
|   7.000000e-02 |   9.719399e-01 |   9.710205e-01 |   9.868369e-01 |   9.866764e-01 |   2.351499e-02 |   1.135673e-02 |
|   7.100000e-02 |   9.718989e-01 |   9.710070e-01 |   9.868311e-01 |   9.866741e-01 |   2.269966e-02 |   1.132408e-02 |
|   7.200000e-02 |   9.718593e-01 |   9.709939e-01 |   9.868255e-01 |   9.866719e-01 |   2.191249e-02 |   1.129257e-02 |
|   7.300000e-02 |   9.718211e-01 |   9.709812e-01 |   9.868201e-01 |   9.866697e-01 |   2.115252e-02 |   1.126215e-02 |
|   7.400000e-02 |   9.717843e-01 |   9.709690e-01 |   9.868149e-01 |   9.866677e-01 |   2.041881e-02 |   1.123279e-02 |
|   7.500000e-02 |   9.717487e-01 |   9.709572e-01 |   9.868099e-01 |   9.866657e-01 |   1.971046e-02 |   1.120444e-02 |
|   7.600000e-02 |   9.717144e-01 |   9.709459e-01 |   9.868050e-01 |   9.866638e-01 |   1.902660e-02 |   1.117708e-02 |
|   7.700000e-02 |   9.716812e-01 |   9.709349e-01 |   9.868004e-01 |   9.866619e-01 |   1.836639e-02 |   1.115066e-02 |
|   7.800000e-02 |   9.716492e-01 |   9.709243e-01 |   9.867958e-01 |   9.866601e-01 |   1.772902e-02 |   1.112517e-02 |
|   7.900000e-02 |   9.716183e-01 |   9.709141e-01 |   9.867915e-01 |   9.866584e-01 |   1.711370e-02 |   1.110055e-02 |
|   8.000000e-02 |   9.715885e-01 |   9.709042e-01 |   9.867872e-01 |   9.866567e-01 |   1.651968e-02 |   1.107679e-02 |
|   8.100000e-02 |   9.715597e-01 |   9.708946e-01 |   9.867832e-01 |   9.866551e-01 |   1.594621e-02 |   1.105386e-02 |
|   8.200000e-02 |   9.715319e-01 |   9.708854e-01 |   9.867792e-01 |   9.866536e-01 |   1.539260e-02 |   1.103172e-02 |
+----------------+----------------+----------------+----------------+----------------+----------------+----------------+
+----------------+----------------+----------------+------------------+----------------+----------------+
| time           | mass           | mass_reaction  | outflow_gradient | platen_max     | platen_min     |
+----------------+----------------+----------------+------------------+----------------+----------------+
:                :                :                :                  :                :                :
|   6.800000e-02 |   1.521790e-01 |  -2.381673e-02 |     2.342492e-02 |  -6.777523e-03 |  -6.777523e-03 |
|   6.900000e-02 |   1.521560e-01 |  -2.299015e-02 |     2.261209e-02 |  -6.780749e-03 |  -6.780749e-03 |
|   7.000000e-02 |   1.521338e-01 |  -2.219217e-02 |     2.182737e-02 |  -6.783864e-03 |  -6.783864e-03 |
|   7.100000e-02 |   1.521124e-01 |  -2.142181e-02 |     2.106980e-02 |  -6.786871e-03 |  -6.786871e-03 |
|   7.200000e-02 |   1.520917e-01 |  -2.067812e-02 |     2.033845e-02 |  -6.789774e-03 |  -6.789774e-03 |
|   7.300000e-02 |   1.520718e-01 |  -1.996018e-02 |     1.963242e-02 |  -6.792576e-03 |  -6.792576e-03 |
|   7.400000e-02 |   1.520525e-01 |  -1.926710e-02 |     1.895082e-02 |  -6.795281e-03 |  -6.795281e-03 |
|   7.500000e-02 |   1.520339e-01 |  -1.859803e-02 |     1.829283e-02 |  -6.797893e-03 |  -6.797893e-03 |
|   7.600000e-02 |   1.520160e-01 |  -1.795214e-02 |     1.765763e-02 |  -6.800413e-03 |  -6.800413e-03 |
|   7.700000e-02 |   1.519986e-01 |  -1.732862e-02 |     1.704443e-02 |  -6.802847e-03 |  -6.802847e-03 |
|   7.800000e-02 |   1.519819e-01 |  -1.672672e-02 |     1.645248e-02 |  -6.805195e-03 |  -6.805195e-03 |
|   7.900000e-02 |   1.519658e-01 |  -1.614568e-02 |     1.588104e-02 |  -6.807463e-03 |  -6.807463e-03 |
|   8.000000e-02 |   1.519502e-01 |  -1.558478e-02 |     1.532940e-02 |  -6.809652e-03 |  -6.809652e-03 |
|   8.100000e-02 |   1.519351e-01 |  -1.504333e-02 |     1.479689e-02 |  -6.811765e-03 |  -6.811765e-03 |
|   8.200000e-02 |   1.519206e-01 |  -1.452065e-02 |     1.428283e-02 |  -6.813804e-03 |  -6.813804e-03 |
+----------------+----------------+----------------+------------------+----------------+----------------+
+----------------+--------------------+--------------------+----------------+----------------+----------------+
| time           | solid_fraction_max | solid_fraction_min | stability_max  | stability_min  | top_reaction   |
+----------------+--------------------+--------------------+----------------+----------------+----------------+
:                :                    :                    :                :                :                :
|   6.800000e-02 |       6.096906e-01 |       6.090460e-01 |   2.801449e+01 |   2.800033e+01 |  -1.400000e+00 |
|   6.900000e-02 |       6.096958e-01 |       6.090721e-01 |   2.801399e+01 |   2.800032e+01 |  -1.400000e+00 |
|   7.000000e-02 |       6.097009e-01 |       6.090972e-01 |   2.801351e+01 |   2.800031e+01 |  -1.400000e+00 |
|   7.100000e-02 |       6.097058e-01 |       6.091215e-01 |   2.801304e+01 |   2.800030e+01 |  -1.400000e+00 |
|   7.200000e-02 |       6.097105e-01 |       6.091449e-01 |   2.801259e+01 |   2.800029e+01 |  -1.400000e+00 |
|   7.300000e-02 |       6.097151e-01 |       6.091675e-01 |   2.801215e+01 |   2.800028e+01 |  -1.400000e+00 |
|   7.400000e-02 |       6.097194e-01 |       6.091893e-01 |   2.801173e+01 |   2.800027e+01 |  -1.400000e+00 |
|   7.500000e-02 |       6.097237e-01 |       6.092104e-01 |   2.801132e+01 |   2.800026e+01 |  -1.400000e+00 |
|   7.600000e-02 |       6.097278e-01 |       6.092307e-01 |   2.801093e+01 |   2.800025e+01 |  -1.400000e+00 |
|   7.700000e-02 |       6.097317e-01 |       6.092504e-01 |   2.801055e+01 |   2.800024e+01 |  -1.400000e+00 |
|   7.800000e-02 |       6.097355e-01 |       6.092694e-01 |   2.801018e+01 |   2.800023e+01 |  -1.400000e+00 |
|   7.900000e-02 |       6.097392e-01 |       6.092877e-01 |   2.800983e+01 |   2.800022e+01 |  -1.400000e+00 |
|   8.000000e-02 |       6.097428e-01 |       6.093053e-01 |   2.800949e+01 |   2.800022e+01 |  -1.400000e+00 |
|   8.100000e-02 |       6.097462e-01 |       6.093224e-01 |   2.800916e+01 |   2.800021e+01 |  -1.400000e+00 |
|   8.200000e-02 |       6.097495e-01 |       6.093389e-01 |   2.800884e+01 |   2.800020e+01 |  -1.400000e+00 |
+----------------+--------------------+--------------------+----------------+----------------+----------------+


Time Step 83, time = 0.083, dt = 0.001
 * Nonlinear |R| = [32m1.818496e-03[39m (Before preset BCs, predictors, correctors, and constraints)
 0 Nonlinear |R| = [32m1.818496e-03[39m
      0 Linear |R| = [32m1.818496e-03[39m
      1 Linear |R| = [32m5.589798e-04[39m
      2 Linear |R| = [32m4.992906e-04[39m
      3 Linear |R| = [32m1.001460e-05[39m
      4 Linear |R| = [32m2.695450e-06[39m
      5 Linear |R| = [32m2.226275e-06[39m
      6 Linear |R| = [32m2.876212e-07[39m
      7 Linear |R| = [32m1.597351e-07[39m
      8 Linear |R| = [32m2.517149e-08[39m
      9 Linear |R| = [32m2.203982e-08[39m
     10 Linear |R| = [32m2.541082e-09[39m
     11 Linear |R| = [32m5.967375e-10[39m
     12 Linear |R| = [32m5.510007e-11[39m
     13 Linear |R| = [32m4.593478e-11[39m
     14 Linear |R| = [32m1.383175e-11[39m
     15 Linear |R| = [32m6.194385e-13[39m
 1 Nonlinear |R| = [32m8.699159e-08[39m
      0 Linear |R| = [32m8.699159e-08[39m
      1 Linear |R| = [32m1.418643e-08[39m
      2 Linear |R| = [32m3.583790e-10[39m
      3 Linear |R| = [32m2.767598e-10[39m
      4 Linear |R| = [32m8.141980e-11[39m
      5 Linear |R| = [33m7.972729e-11[39m
      6 Linear |R| = [32m2.319283e-11[39m
      7 Linear |R| = [32m7.148012e-12[39m
      8 Linear |R| = [32m8.654555e-13[39m
      9 Linear |R| = [33m8.653072e-13[39m
     10 Linear |R| = [32m2.340960e-13[39m
     11 Linear |R| = [32m3.832791e-14[39m
     12 Linear |R| = [32m4.731216e-15[39m
     13 Linear |R| = [32m2.955020e-15[39m
     14 Linear |R| = [32m6.472134e-16[39m
     15 Linear |R| = [32m3.515395e-17[39m
 2 Nonlinear |R| = [32m3.379539e-13[39m
[32m Solve Converged![39m

Outlier Variable Residual Norms:
  uy: [33m2.912609e-13[39m

Postprocessor Values:
+----------------+----------------+----------------+----------------+----------------+----------------+----------------+
| time           | J_max          | J_min          | Jbar_max       | Jbar_min       | center_pressure| edge_ux        |
+----------------+----------------+----------------+----------------+----------------+----------------+----------------+
:                :                :                :                :                :                :                :
|   6.900000e-02 |   9.719823e-01 |   9.710346e-01 |   9.868429e-01 |   9.866788e-01 |   2.435948e-02 |   1.139054e-02 |
|   7.000000e-02 |   9.719399e-01 |   9.710205e-01 |   9.868369e-01 |   9.866764e-01 |   2.351499e-02 |   1.135673e-02 |
|   7.100000e-02 |   9.718989e-01 |   9.710070e-01 |   9.868311e-01 |   9.866741e-01 |   2.269966e-02 |   1.132408e-02 |
|   7.200000e-02 |   9.718593e-01 |   9.709939e-01 |   9.868255e-01 |   9.866719e-01 |   2.191249e-02 |   1.129257e-02 |
|   7.300000e-02 |   9.718211e-01 |   9.709812e-01 |   9.868201e-01 |   9.866697e-01 |   2.115252e-02 |   1.126215e-02 |
|   7.400000e-02 |   9.717843e-01 |   9.709690e-01 |   9.868149e-01 |   9.866677e-01 |   2.041881e-02 |   1.123279e-02 |
|   7.500000e-02 |   9.717487e-01 |   9.709572e-01 |   9.868099e-01 |   9.866657e-01 |   1.971046e-02 |   1.120444e-02 |
|   7.600000e-02 |   9.717144e-01 |   9.709459e-01 |   9.868050e-01 |   9.866638e-01 |   1.902660e-02 |   1.117708e-02 |
|   7.700000e-02 |   9.716812e-01 |   9.709349e-01 |   9.868004e-01 |   9.866619e-01 |   1.836639e-02 |   1.115066e-02 |
|   7.800000e-02 |   9.716492e-01 |   9.709243e-01 |   9.867958e-01 |   9.866601e-01 |   1.772902e-02 |   1.112517e-02 |
|   7.900000e-02 |   9.716183e-01 |   9.709141e-01 |   9.867915e-01 |   9.866584e-01 |   1.711370e-02 |   1.110055e-02 |
|   8.000000e-02 |   9.715885e-01 |   9.709042e-01 |   9.867872e-01 |   9.866567e-01 |   1.651968e-02 |   1.107679e-02 |
|   8.100000e-02 |   9.715597e-01 |   9.708946e-01 |   9.867832e-01 |   9.866551e-01 |   1.594621e-02 |   1.105386e-02 |
|   8.200000e-02 |   9.715319e-01 |   9.708854e-01 |   9.867792e-01 |   9.866536e-01 |   1.539260e-02 |   1.103172e-02 |
|   8.300000e-02 |   9.715051e-01 |   9.708766e-01 |   9.867754e-01 |   9.866521e-01 |   1.485816e-02 |   1.101035e-02 |
+----------------+----------------+----------------+----------------+----------------+----------------+----------------+
+----------------+----------------+----------------+------------------+----------------+----------------+
| time           | mass           | mass_reaction  | outflow_gradient | platen_max     | platen_min     |
+----------------+----------------+----------------+------------------+----------------+----------------+
:                :                :                :                  :                :                :
|   6.900000e-02 |   1.521560e-01 |  -2.299015e-02 |     2.261209e-02 |  -6.780749e-03 |  -6.780749e-03 |
|   7.000000e-02 |   1.521338e-01 |  -2.219217e-02 |     2.182737e-02 |  -6.783864e-03 |  -6.783864e-03 |
|   7.100000e-02 |   1.521124e-01 |  -2.142181e-02 |     2.106980e-02 |  -6.786871e-03 |  -6.786871e-03 |
|   7.200000e-02 |   1.520917e-01 |  -2.067812e-02 |     2.033845e-02 |  -6.789774e-03 |  -6.789774e-03 |
|   7.300000e-02 |   1.520718e-01 |  -1.996018e-02 |     1.963242e-02 |  -6.792576e-03 |  -6.792576e-03 |
|   7.400000e-02 |   1.520525e-01 |  -1.926710e-02 |     1.895082e-02 |  -6.795281e-03 |  -6.795281e-03 |
|   7.500000e-02 |   1.520339e-01 |  -1.859803e-02 |     1.829283e-02 |  -6.797893e-03 |  -6.797893e-03 |
|   7.600000e-02 |   1.520160e-01 |  -1.795214e-02 |     1.765763e-02 |  -6.800413e-03 |  -6.800413e-03 |
|   7.700000e-02 |   1.519986e-01 |  -1.732862e-02 |     1.704443e-02 |  -6.802847e-03 |  -6.802847e-03 |
|   7.800000e-02 |   1.519819e-01 |  -1.672672e-02 |     1.645248e-02 |  -6.805195e-03 |  -6.805195e-03 |
|   7.900000e-02 |   1.519658e-01 |  -1.614568e-02 |     1.588104e-02 |  -6.807463e-03 |  -6.807463e-03 |
|   8.000000e-02 |   1.519502e-01 |  -1.558478e-02 |     1.532940e-02 |  -6.809652e-03 |  -6.809652e-03 |
|   8.100000e-02 |   1.519351e-01 |  -1.504333e-02 |     1.479689e-02 |  -6.811765e-03 |  -6.811765e-03 |
|   8.200000e-02 |   1.519206e-01 |  -1.452065e-02 |     1.428283e-02 |  -6.813804e-03 |  -6.813804e-03 |
|   8.300000e-02 |   1.519066e-01 |  -1.401610e-02 |     1.378660e-02 |  -6.815773e-03 |  -6.815773e-03 |
+----------------+----------------+----------------+------------------+----------------+----------------+
+----------------+--------------------+--------------------+----------------+----------------+----------------+
| time           | solid_fraction_max | solid_fraction_min | stability_max  | stability_min  | top_reaction   |
+----------------+--------------------+--------------------+----------------+----------------+----------------+
:                :                    :                    :                :                :                :
|   6.900000e-02 |       6.096958e-01 |       6.090721e-01 |   2.801399e+01 |   2.800032e+01 |  -1.400000e+00 |
|   7.000000e-02 |       6.097009e-01 |       6.090972e-01 |   2.801351e+01 |   2.800031e+01 |  -1.400000e+00 |
|   7.100000e-02 |       6.097058e-01 |       6.091215e-01 |   2.801304e+01 |   2.800030e+01 |  -1.400000e+00 |
|   7.200000e-02 |       6.097105e-01 |       6.091449e-01 |   2.801259e+01 |   2.800029e+01 |  -1.400000e+00 |
|   7.300000e-02 |       6.097151e-01 |       6.091675e-01 |   2.801215e+01 |   2.800028e+01 |  -1.400000e+00 |
|   7.400000e-02 |       6.097194e-01 |       6.091893e-01 |   2.801173e+01 |   2.800027e+01 |  -1.400000e+00 |
|   7.500000e-02 |       6.097237e-01 |       6.092104e-01 |   2.801132e+01 |   2.800026e+01 |  -1.400000e+00 |
|   7.600000e-02 |       6.097278e-01 |       6.092307e-01 |   2.801093e+01 |   2.800025e+01 |  -1.400000e+00 |
|   7.700000e-02 |       6.097317e-01 |       6.092504e-01 |   2.801055e+01 |   2.800024e+01 |  -1.400000e+00 |
|   7.800000e-02 |       6.097355e-01 |       6.092694e-01 |   2.801018e+01 |   2.800023e+01 |  -1.400000e+00 |
|   7.900000e-02 |       6.097392e-01 |       6.092877e-01 |   2.800983e+01 |   2.800022e+01 |  -1.400000e+00 |
|   8.000000e-02 |       6.097428e-01 |       6.093053e-01 |   2.800949e+01 |   2.800022e+01 |  -1.400000e+00 |
|   8.100000e-02 |       6.097462e-01 |       6.093224e-01 |   2.800916e+01 |   2.800021e+01 |  -1.400000e+00 |
|   8.200000e-02 |       6.097495e-01 |       6.093389e-01 |   2.800884e+01 |   2.800020e+01 |  -1.400000e+00 |
|   8.300000e-02 |       6.097527e-01 |       6.093548e-01 |   2.800853e+01 |   2.800019e+01 |  -1.400000e+00 |
+----------------+--------------------+--------------------+----------------+----------------+----------------+


Time Step 84, time = 0.084, dt = 0.001
 * Nonlinear |R| = [32m1.755299e-03[39m (Before preset BCs, predictors, correctors, and constraints)
 0 Nonlinear |R| = [32m1.755299e-03[39m
      0 Linear |R| = [32m1.755299e-03[39m
      1 Linear |R| = [32m5.395857e-04[39m
      2 Linear |R| = [32m4.819732e-04[39m
      3 Linear |R| = [32m9.666945e-06[39m
      4 Linear |R| = [32m2.602178e-06[39m
      5 Linear |R| = [32m2.167993e-06[39m
      6 Linear |R| = [32m2.776383e-07[39m
      7 Linear |R| = [32m1.541889e-07[39m
      8 Linear |R| = [32m2.427431e-08[39m
      9 Linear |R| = [32m1.953518e-08[39m
     10 Linear |R| = [32m2.452793e-09[39m
     11 Linear |R| = [32m5.759826e-10[39m
     12 Linear |R| = [32m4.645965e-11[39m
     13 Linear |R| = [33m4.429124e-11[39m
     14 Linear |R| = [32m1.335035e-11[39m
     15 Linear |R| = [32m5.975197e-13[39m
 1 Nonlinear |R| = [32m8.126133e-08[39m
      0 Linear |R| = [32m8.126133e-08[39m
      1 Linear |R| = [32m1.312915e-08[39m
      2 Linear |R| = [32m3.173436e-10[39m
      3 Linear |R| = [32m2.547053e-10[39m
      4 Linear |R| = [32m7.768190e-11[39m
      5 Linear |R| = [33m7.521473e-11[39m
      6 Linear |R| = [32m2.352433e-11[39m
      7 Linear |R| = [32m6.868490e-12[39m
      8 Linear |R| = [32m9.207725e-13[39m
      9 Linear |R| = [33m9.060595e-13[39m
     10 Linear |R| = [32m2.258838e-13[39m
     11 Linear |R| = [32m4.413548e-14[39m
     12 Linear |R| = [32m4.945995e-15[39m
     13 Linear |R| = [32m4.318613e-15[39m
     14 Linear |R| = [32m6.804494e-16[39m
     15 Linear |R| = [32m4.343834e-17[39m
 2 Nonlinear |R| = [32m2.973379e-13[39m
[32m Solve Converged![39m

Outlier Variable Residual Norms:
  uy: [33m2.460371e-13[39m

Postprocessor Values:
+----------------+----------------+----------------+----------------+----------------+----------------+----------------+
| time           | J_max          | J_min          | Jbar_max       | Jbar_min       | center_pressure| edge_ux        |
+----------------+----------------+----------------+----------------+----------------+----------------+----------------+
:                :                :                :                :                :                :                :
|   7.000000e-02 |   9.719399e-01 |   9.710205e-01 |   9.868369e-01 |   9.866764e-01 |   2.351499e-02 |   1.135673e-02 |
|   7.100000e-02 |   9.718989e-01 |   9.710070e-01 |   9.868311e-01 |   9.866741e-01 |   2.269966e-02 |   1.132408e-02 |
|   7.200000e-02 |   9.718593e-01 |   9.709939e-01 |   9.868255e-01 |   9.866719e-01 |   2.191249e-02 |   1.129257e-02 |
|   7.300000e-02 |   9.718211e-01 |   9.709812e-01 |   9.868201e-01 |   9.866697e-01 |   2.115252e-02 |   1.126215e-02 |
|   7.400000e-02 |   9.717843e-01 |   9.709690e-01 |   9.868149e-01 |   9.866677e-01 |   2.041881e-02 |   1.123279e-02 |
|   7.500000e-02 |   9.717487e-01 |   9.709572e-01 |   9.868099e-01 |   9.866657e-01 |   1.971046e-02 |   1.120444e-02 |
|   7.600000e-02 |   9.717144e-01 |   9.709459e-01 |   9.868050e-01 |   9.866638e-01 |   1.902660e-02 |   1.117708e-02 |
|   7.700000e-02 |   9.716812e-01 |   9.709349e-01 |   9.868004e-01 |   9.866619e-01 |   1.836639e-02 |   1.115066e-02 |
|   7.800000e-02 |   9.716492e-01 |   9.709243e-01 |   9.867958e-01 |   9.866601e-01 |   1.772902e-02 |   1.112517e-02 |
|   7.900000e-02 |   9.716183e-01 |   9.709141e-01 |   9.867915e-01 |   9.866584e-01 |   1.711370e-02 |   1.110055e-02 |
|   8.000000e-02 |   9.715885e-01 |   9.709042e-01 |   9.867872e-01 |   9.866567e-01 |   1.651968e-02 |   1.107679e-02 |
|   8.100000e-02 |   9.715597e-01 |   9.708946e-01 |   9.867832e-01 |   9.866551e-01 |   1.594621e-02 |   1.105386e-02 |
|   8.200000e-02 |   9.715319e-01 |   9.708854e-01 |   9.867792e-01 |   9.866536e-01 |   1.539260e-02 |   1.103172e-02 |
|   8.300000e-02 |   9.715051e-01 |   9.708766e-01 |   9.867754e-01 |   9.866521e-01 |   1.485816e-02 |   1.101035e-02 |
|   8.400000e-02 |   9.714792e-01 |   9.708680e-01 |   9.867718e-01 |   9.866506e-01 |   1.434223e-02 |   1.098972e-02 |
+----------------+----------------+----------------+----------------+----------------+----------------+----------------+
+----------------+----------------+----------------+------------------+----------------+----------------+
| time           | mass           | mass_reaction  | outflow_gradient | platen_max     | platen_min     |
+----------------+----------------+----------------+------------------+----------------+----------------+
:                :                :                :                  :                :                :
|   7.000000e-02 |   1.521338e-01 |  -2.219217e-02 |     2.182737e-02 |  -6.783864e-03 |  -6.783864e-03 |
|   7.100000e-02 |   1.521124e-01 |  -2.142181e-02 |     2.106980e-02 |  -6.786871e-03 |  -6.786871e-03 |
|   7.200000e-02 |   1.520917e-01 |  -2.067812e-02 |     2.033845e-02 |  -6.789774e-03 |  -6.789774e-03 |
|   7.300000e-02 |   1.520718e-01 |  -1.996018e-02 |     1.963242e-02 |  -6.792576e-03 |  -6.792576e-03 |
|   7.400000e-02 |   1.520525e-01 |  -1.926710e-02 |     1.895082e-02 |  -6.795281e-03 |  -6.795281e-03 |
|   7.500000e-02 |   1.520339e-01 |  -1.859803e-02 |     1.829283e-02 |  -6.797893e-03 |  -6.797893e-03 |
|   7.600000e-02 |   1.520160e-01 |  -1.795214e-02 |     1.765763e-02 |  -6.800413e-03 |  -6.800413e-03 |
|   7.700000e-02 |   1.519986e-01 |  -1.732862e-02 |     1.704443e-02 |  -6.802847e-03 |  -6.802847e-03 |
|   7.800000e-02 |   1.519819e-01 |  -1.672672e-02 |     1.645248e-02 |  -6.805195e-03 |  -6.805195e-03 |
|   7.900000e-02 |   1.519658e-01 |  -1.614568e-02 |     1.588104e-02 |  -6.807463e-03 |  -6.807463e-03 |
|   8.000000e-02 |   1.519502e-01 |  -1.558478e-02 |     1.532940e-02 |  -6.809652e-03 |  -6.809652e-03 |
|   8.100000e-02 |   1.519351e-01 |  -1.504333e-02 |     1.479689e-02 |  -6.811765e-03 |  -6.811765e-03 |
|   8.200000e-02 |   1.519206e-01 |  -1.452065e-02 |     1.428283e-02 |  -6.813804e-03 |  -6.813804e-03 |
|   8.300000e-02 |   1.519066e-01 |  -1.401610e-02 |     1.378660e-02 |  -6.815773e-03 |  -6.815773e-03 |
|   8.400000e-02 |   1.518931e-01 |  -1.352905e-02 |     1.330758e-02 |  -6.817673e-03 |  -6.817673e-03 |
+----------------+----------------+----------------+------------------+----------------+----------------+
+----------------+--------------------+--------------------+----------------+----------------+----------------+
| time           | solid_fraction_max | solid_fraction_min | stability_max  | stability_min  | top_reaction   |
+----------------+--------------------+--------------------+----------------+----------------+----------------+
:                :                    :                    :                :                :                :
|   7.000000e-02 |       6.097009e-01 |       6.090972e-01 |   2.801351e+01 |   2.800031e+01 |  -1.400000e+00 |
|   7.100000e-02 |       6.097058e-01 |       6.091215e-01 |   2.801304e+01 |   2.800030e+01 |  -1.400000e+00 |
|   7.200000e-02 |       6.097105e-01 |       6.091449e-01 |   2.801259e+01 |   2.800029e+01 |  -1.400000e+00 |
|   7.300000e-02 |       6.097151e-01 |       6.091675e-01 |   2.801215e+01 |   2.800028e+01 |  -1.400000e+00 |
|   7.400000e-02 |       6.097194e-01 |       6.091893e-01 |   2.801173e+01 |   2.800027e+01 |  -1.400000e+00 |
|   7.500000e-02 |       6.097237e-01 |       6.092104e-01 |   2.801132e+01 |   2.800026e+01 |  -1.400000e+00 |
|   7.600000e-02 |       6.097278e-01 |       6.092307e-01 |   2.801093e+01 |   2.800025e+01 |  -1.400000e+00 |
|   7.700000e-02 |       6.097317e-01 |       6.092504e-01 |   2.801055e+01 |   2.800024e+01 |  -1.400000e+00 |
|   7.800000e-02 |       6.097355e-01 |       6.092694e-01 |   2.801018e+01 |   2.800023e+01 |  -1.400000e+00 |
|   7.900000e-02 |       6.097392e-01 |       6.092877e-01 |   2.800983e+01 |   2.800022e+01 |  -1.400000e+00 |
|   8.000000e-02 |       6.097428e-01 |       6.093053e-01 |   2.800949e+01 |   2.800022e+01 |  -1.400000e+00 |
|   8.100000e-02 |       6.097462e-01 |       6.093224e-01 |   2.800916e+01 |   2.800021e+01 |  -1.400000e+00 |
|   8.200000e-02 |       6.097495e-01 |       6.093389e-01 |   2.800884e+01 |   2.800020e+01 |  -1.400000e+00 |
|   8.300000e-02 |       6.097527e-01 |       6.093548e-01 |   2.800853e+01 |   2.800019e+01 |  -1.400000e+00 |
|   8.400000e-02 |       6.097558e-01 |       6.093701e-01 |   2.800824e+01 |   2.800019e+01 |  -1.400000e+00 |
+----------------+--------------------+--------------------+----------------+----------------+----------------+


Time Step 85, time = 0.085, dt = 0.001
 * Nonlinear |R| = [32m1.694294e-03[39m (Before preset BCs, predictors, correctors, and constraints)
 0 Nonlinear |R| = [32m1.694294e-03[39m
      0 Linear |R| = [32m1.694294e-03[39m
      1 Linear |R| = [32m5.208618e-04[39m
      2 Linear |R| = [32m4.652529e-04[39m
      3 Linear |R| = [32m9.331404e-06[39m
      4 Linear |R| = [32m2.512591e-06[39m
      5 Linear |R| = [32m2.135648e-06[39m
      6 Linear |R| = [32m2.680048e-07[39m
      7 Linear |R| = [32m1.488366e-07[39m
      8 Linear |R| = [32m2.350269e-08[39m
      9 Linear |R| = [32m2.216734e-08[39m
     10 Linear |R| = [32m2.367606e-09[39m
     11 Linear |R| = [32m5.559583e-10[39m
     12 Linear |R| = [32m6.134612e-11[39m
     13 Linear |R| = [32m4.280736e-11[39m
     14 Linear |R| = [32m1.288631e-11[39m
     15 Linear |R| = [32m5.775082e-13[39m
 1 Nonlinear |R| = [32m7.633398e-08[39m
      0 Linear |R| = [32m7.633398e-08[39m
      1 Linear |R| = [32m1.176359e-08[39m
      2 Linear |R| = [32m2.996290e-10[39m
      3 Linear |R| = [32m2.275789e-10[39m
      4 Linear |R| = [32m6.749050e-11[39m
      5 Linear |R| = [33m6.605491e-11[39m
      6 Linear |R| = [32m2.047823e-11[39m
      7 Linear |R| = [32m5.735924e-12[39m
      8 Linear |R| = [32m7.799844e-13[39m
      9 Linear |R| = [33m7.782455e-13[39m
     10 Linear |R| = [32m1.595003e-13[39m
     11 Linear |R| = [32m3.336909e-14[39m
     12 Linear |R| = [32m4.369591e-15[39m
     13 Linear |R| = [32m2.822993e-15[39m
     14 Linear |R| = [32m7.873114e-16[39m
     15 Linear |R| = [32m3.184979e-17[39m
 2 Nonlinear |R| = [32m2.879000e-13[39m
[32m Solve Converged![39m

Outlier Variable Residual Norms:
  uy: [33m2.455836e-13[39m

Postprocessor Values:
+----------------+----------------+----------------+----------------+----------------+----------------+----------------+
| time           | J_max          | J_min          | Jbar_max       | Jbar_min       | center_pressure| edge_ux        |
+----------------+----------------+----------------+----------------+----------------+----------------+----------------+
:                :                :                :                :                :                :                :
|   7.100000e-02 |   9.718989e-01 |   9.710070e-01 |   9.868311e-01 |   9.866741e-01 |   2.269966e-02 |   1.132408e-02 |
|   7.200000e-02 |   9.718593e-01 |   9.709939e-01 |   9.868255e-01 |   9.866719e-01 |   2.191249e-02 |   1.129257e-02 |
|   7.300000e-02 |   9.718211e-01 |   9.709812e-01 |   9.868201e-01 |   9.866697e-01 |   2.115252e-02 |   1.126215e-02 |
|   7.400000e-02 |   9.717843e-01 |   9.709690e-01 |   9.868149e-01 |   9.866677e-01 |   2.041881e-02 |   1.123279e-02 |
|   7.500000e-02 |   9.717487e-01 |   9.709572e-01 |   9.868099e-01 |   9.866657e-01 |   1.971046e-02 |   1.120444e-02 |
|   7.600000e-02 |   9.717144e-01 |   9.709459e-01 |   9.868050e-01 |   9.866638e-01 |   1.902660e-02 |   1.117708e-02 |
|   7.700000e-02 |   9.716812e-01 |   9.709349e-01 |   9.868004e-01 |   9.866619e-01 |   1.836639e-02 |   1.115066e-02 |
|   7.800000e-02 |   9.716492e-01 |   9.709243e-01 |   9.867958e-01 |   9.866601e-01 |   1.772902e-02 |   1.112517e-02 |
|   7.900000e-02 |   9.716183e-01 |   9.709141e-01 |   9.867915e-01 |   9.866584e-01 |   1.711370e-02 |   1.110055e-02 |
|   8.000000e-02 |   9.715885e-01 |   9.709042e-01 |   9.867872e-01 |   9.866567e-01 |   1.651968e-02 |   1.107679e-02 |
|   8.100000e-02 |   9.715597e-01 |   9.708946e-01 |   9.867832e-01 |   9.866551e-01 |   1.594621e-02 |   1.105386e-02 |
|   8.200000e-02 |   9.715319e-01 |   9.708854e-01 |   9.867792e-01 |   9.866536e-01 |   1.539260e-02 |   1.103172e-02 |
|   8.300000e-02 |   9.715051e-01 |   9.708766e-01 |   9.867754e-01 |   9.866521e-01 |   1.485816e-02 |   1.101035e-02 |
|   8.400000e-02 |   9.714792e-01 |   9.708680e-01 |   9.867718e-01 |   9.866506e-01 |   1.434223e-02 |   1.098972e-02 |
|   8.500000e-02 |   9.714542e-01 |   9.708597e-01 |   9.867682e-01 |   9.866492e-01 |   1.384417e-02 |   1.096981e-02 |
+----------------+----------------+----------------+----------------+----------------+----------------+----------------+
+----------------+----------------+----------------+------------------+----------------+----------------+
| time           | mass           | mass_reaction  | outflow_gradient | platen_max     | platen_min     |
+----------------+----------------+----------------+------------------+----------------+----------------+
:                :                :                :                  :                :                :
|   7.100000e-02 |   1.521124e-01 |  -2.142181e-02 |     2.106980e-02 |  -6.786871e-03 |  -6.786871e-03 |
|   7.200000e-02 |   1.520917e-01 |  -2.067812e-02 |     2.033845e-02 |  -6.789774e-03 |  -6.789774e-03 |
|   7.300000e-02 |   1.520718e-01 |  -1.996018e-02 |     1.963242e-02 |  -6.792576e-03 |  -6.792576e-03 |
|   7.400000e-02 |   1.520525e-01 |  -1.926710e-02 |     1.895082e-02 |  -6.795281e-03 |  -6.795281e-03 |
|   7.500000e-02 |   1.520339e-01 |  -1.859803e-02 |     1.829283e-02 |  -6.797893e-03 |  -6.797893e-03 |
|   7.600000e-02 |   1.520160e-01 |  -1.795214e-02 |     1.765763e-02 |  -6.800413e-03 |  -6.800413e-03 |
|   7.700000e-02 |   1.519986e-01 |  -1.732862e-02 |     1.704443e-02 |  -6.802847e-03 |  -6.802847e-03 |
|   7.800000e-02 |   1.519819e-01 |  -1.672672e-02 |     1.645248e-02 |  -6.805195e-03 |  -6.805195e-03 |
|   7.900000e-02 |   1.519658e-01 |  -1.614568e-02 |     1.588104e-02 |  -6.807463e-03 |  -6.807463e-03 |
|   8.000000e-02 |   1.519502e-01 |  -1.558478e-02 |     1.532940e-02 |  -6.809652e-03 |  -6.809652e-03 |
|   8.100000e-02 |   1.519351e-01 |  -1.504333e-02 |     1.479689e-02 |  -6.811765e-03 |  -6.811765e-03 |
|   8.200000e-02 |   1.519206e-01 |  -1.452065e-02 |     1.428283e-02 |  -6.813804e-03 |  -6.813804e-03 |
|   8.300000e-02 |   1.519066e-01 |  -1.401610e-02 |     1.378660e-02 |  -6.815773e-03 |  -6.815773e-03 |
|   8.400000e-02 |   1.518931e-01 |  -1.352905e-02 |     1.330758e-02 |  -6.817673e-03 |  -6.817673e-03 |
|   8.500000e-02 |   1.518800e-01 |  -1.305890e-02 |     1.284517e-02 |  -6.819508e-03 |  -6.819508e-03 |
+----------------+----------------+----------------+------------------+----------------+----------------+
+----------------+--------------------+--------------------+----------------+----------------+----------------+
| time           | solid_fraction_max | solid_fraction_min | stability_max  | stability_min  | top_reaction   |
+----------------+--------------------+--------------------+----------------+----------------+----------------+
:                :                    :                    :                :                :                :
|   7.100000e-02 |       6.097058e-01 |       6.091215e-01 |   2.801304e+01 |   2.800030e+01 |  -1.400000e+00 |
|   7.200000e-02 |       6.097105e-01 |       6.091449e-01 |   2.801259e+01 |   2.800029e+01 |  -1.400000e+00 |
|   7.300000e-02 |       6.097151e-01 |       6.091675e-01 |   2.801215e+01 |   2.800028e+01 |  -1.400000e+00 |
|   7.400000e-02 |       6.097194e-01 |       6.091893e-01 |   2.801173e+01 |   2.800027e+01 |  -1.400000e+00 |
|   7.500000e-02 |       6.097237e-01 |       6.092104e-01 |   2.801132e+01 |   2.800026e+01 |  -1.400000e+00 |
|   7.600000e-02 |       6.097278e-01 |       6.092307e-01 |   2.801093e+01 |   2.800025e+01 |  -1.400000e+00 |
|   7.700000e-02 |       6.097317e-01 |       6.092504e-01 |   2.801055e+01 |   2.800024e+01 |  -1.400000e+00 |
|   7.800000e-02 |       6.097355e-01 |       6.092694e-01 |   2.801018e+01 |   2.800023e+01 |  -1.400000e+00 |
|   7.900000e-02 |       6.097392e-01 |       6.092877e-01 |   2.800983e+01 |   2.800022e+01 |  -1.400000e+00 |
|   8.000000e-02 |       6.097428e-01 |       6.093053e-01 |   2.800949e+01 |   2.800022e+01 |  -1.400000e+00 |
|   8.100000e-02 |       6.097462e-01 |       6.093224e-01 |   2.800916e+01 |   2.800021e+01 |  -1.400000e+00 |
|   8.200000e-02 |       6.097495e-01 |       6.093389e-01 |   2.800884e+01 |   2.800020e+01 |  -1.400000e+00 |
|   8.300000e-02 |       6.097527e-01 |       6.093548e-01 |   2.800853e+01 |   2.800019e+01 |  -1.400000e+00 |
|   8.400000e-02 |       6.097558e-01 |       6.093701e-01 |   2.800824e+01 |   2.800019e+01 |  -1.400000e+00 |
|   8.500000e-02 |       6.097588e-01 |       6.093849e-01 |   2.800795e+01 |   2.800018e+01 |  -1.400000e+00 |
+----------------+--------------------+--------------------+----------------+----------------+----------------+


Time Step 86, time = 0.086, dt = 0.001
 * Nonlinear |R| = [32m1.635407e-03[39m (Before preset BCs, predictors, correctors, and constraints)
 0 Nonlinear |R| = [32m1.635407e-03[39m
      0 Linear |R| = [32m1.635407e-03[39m
      1 Linear |R| = [32m5.027868e-04[39m
      2 Linear |R| = [32m4.491133e-04[39m
      3 Linear |R| = [32m9.007379e-06[39m
      4 Linear |R| = [32m2.424941e-06[39m
      5 Linear |R| = [32m2.030524e-06[39m
      6 Linear |R| = [32m2.587040e-07[39m
      7 Linear |R| = [32m1.436690e-07[39m
      8 Linear |R| = [32m2.264821e-08[39m
      9 Linear |R| = [32m2.033139e-08[39m
     10 Linear |R| = [32m2.285351e-09[39m
     11 Linear |R| = [32m5.366276e-10[39m
     12 Linear |R| = [32m6.032543e-11[39m
     13 Linear |R| = [32m4.132236e-11[39m
     14 Linear |R| = [32m1.243838e-11[39m
     15 Linear |R| = [32m5.576852e-13[39m
 1 Nonlinear |R| = [32m7.039587e-08[39m
      0 Linear |R| = [32m7.039587e-08[39m
      1 Linear |R| = [32m1.138900e-08[39m
      2 Linear |R| = [32m2.765209e-10[39m
      3 Linear |R| = [32m2.178268e-10[39m
      4 Linear |R| = [32m6.483590e-11[39m
      5 Linear |R| = [33m6.336450e-11[39m
      6 Linear |R| = [32m1.743354e-11[39m
      7 Linear |R| = [32m5.692954e-12[39m
      8 Linear |R| = [32m7.129598e-13[39m
      9 Linear |R| = [33m6.845619e-13[39m
     10 Linear |R| = [32m1.265131e-13[39m
     11 Linear |R| = [32m3.148046e-14[39m
     12 Linear |R| = [32m2.715813e-15[39m
     13 Linear |R| = [32m2.136647e-15[39m
     14 Linear |R| = [32m5.926301e-16[39m
     15 Linear |R| = [32m3.120502e-17[39m
 2 Nonlinear |R| = [32m2.809010e-13[39m
[32m Solve Converged![39m

Outlier Variable Residual Norms:
  uy: [33m2.470518e-13[39m

Postprocessor Values:
+----------------+----------------+----------------+----------------+----------------+----------------+----------------+
| time           | J_max          | J_min          | Jbar_max       | Jbar_min       | center_pressure| edge_ux        |
+----------------+----------------+----------------+----------------+----------------+----------------+----------------+
:                :                :                :                :                :                :                :
|   7.200000e-02 |   9.718593e-01 |   9.709939e-01 |   9.868255e-01 |   9.866719e-01 |   2.191249e-02 |   1.129257e-02 |
|   7.300000e-02 |   9.718211e-01 |   9.709812e-01 |   9.868201e-01 |   9.866697e-01 |   2.115252e-02 |   1.126215e-02 |
|   7.400000e-02 |   9.717843e-01 |   9.709690e-01 |   9.868149e-01 |   9.866677e-01 |   2.041881e-02 |   1.123279e-02 |
|   7.500000e-02 |   9.717487e-01 |   9.709572e-01 |   9.868099e-01 |   9.866657e-01 |   1.971046e-02 |   1.120444e-02 |
|   7.600000e-02 |   9.717144e-01 |   9.709459e-01 |   9.868050e-01 |   9.866638e-01 |   1.902660e-02 |   1.117708e-02 |
|   7.700000e-02 |   9.716812e-01 |   9.709349e-01 |   9.868004e-01 |   9.866619e-01 |   1.836639e-02 |   1.115066e-02 |
|   7.800000e-02 |   9.716492e-01 |   9.709243e-01 |   9.867958e-01 |   9.866601e-01 |   1.772902e-02 |   1.112517e-02 |
|   7.900000e-02 |   9.716183e-01 |   9.709141e-01 |   9.867915e-01 |   9.866584e-01 |   1.711370e-02 |   1.110055e-02 |
|   8.000000e-02 |   9.715885e-01 |   9.709042e-01 |   9.867872e-01 |   9.866567e-01 |   1.651968e-02 |   1.107679e-02 |
|   8.100000e-02 |   9.715597e-01 |   9.708946e-01 |   9.867832e-01 |   9.866551e-01 |   1.594621e-02 |   1.105386e-02 |
|   8.200000e-02 |   9.715319e-01 |   9.708854e-01 |   9.867792e-01 |   9.866536e-01 |   1.539260e-02 |   1.103172e-02 |
|   8.300000e-02 |   9.715051e-01 |   9.708766e-01 |   9.867754e-01 |   9.866521e-01 |   1.485816e-02 |   1.101035e-02 |
|   8.400000e-02 |   9.714792e-01 |   9.708680e-01 |   9.867718e-01 |   9.866506e-01 |   1.434223e-02 |   1.098972e-02 |
|   8.500000e-02 |   9.714542e-01 |   9.708597e-01 |   9.867682e-01 |   9.866492e-01 |   1.384417e-02 |   1.096981e-02 |
|   8.600000e-02 |   9.714301e-01 |   9.708517e-01 |   9.867648e-01 |   9.866469e-01 |   1.336337e-02 |   1.095059e-02 |
+----------------+----------------+----------------+----------------+----------------+----------------+----------------+
+----------------+----------------+----------------+------------------+----------------+----------------+
| time           | mass           | mass_reaction  | outflow_gradient | platen_max     | platen_min     |
+----------------+----------------+----------------+------------------+----------------+----------------+
:                :                :                :                  :                :                :
|   7.200000e-02 |   1.520917e-01 |  -2.067812e-02 |     2.033845e-02 |  -6.789774e-03 |  -6.789774e-03 |
|   7.300000e-02 |   1.520718e-01 |  -1.996018e-02 |     1.963242e-02 |  -6.792576e-03 |  -6.792576e-03 |
|   7.400000e-02 |   1.520525e-01 |  -1.926710e-02 |     1.895082e-02 |  -6.795281e-03 |  -6.795281e-03 |
|   7.500000e-02 |   1.520339e-01 |  -1.859803e-02 |     1.829283e-02 |  -6.797893e-03 |  -6.797893e-03 |
|   7.600000e-02 |   1.520160e-01 |  -1.795214e-02 |     1.765763e-02 |  -6.800413e-03 |  -6.800413e-03 |
|   7.700000e-02 |   1.519986e-01 |  -1.732862e-02 |     1.704443e-02 |  -6.802847e-03 |  -6.802847e-03 |
|   7.800000e-02 |   1.519819e-01 |  -1.672672e-02 |     1.645248e-02 |  -6.805195e-03 |  -6.805195e-03 |
|   7.900000e-02 |   1.519658e-01 |  -1.614568e-02 |     1.588104e-02 |  -6.807463e-03 |  -6.807463e-03 |
|   8.000000e-02 |   1.519502e-01 |  -1.558478e-02 |     1.532940e-02 |  -6.809652e-03 |  -6.809652e-03 |
|   8.100000e-02 |   1.519351e-01 |  -1.504333e-02 |     1.479689e-02 |  -6.811765e-03 |  -6.811765e-03 |
|   8.200000e-02 |   1.519206e-01 |  -1.452065e-02 |     1.428283e-02 |  -6.813804e-03 |  -6.813804e-03 |
|   8.300000e-02 |   1.519066e-01 |  -1.401610e-02 |     1.378660e-02 |  -6.815773e-03 |  -6.815773e-03 |
|   8.400000e-02 |   1.518931e-01 |  -1.352905e-02 |     1.330758e-02 |  -6.817673e-03 |  -6.817673e-03 |
|   8.500000e-02 |   1.518800e-01 |  -1.305890e-02 |     1.284517e-02 |  -6.819508e-03 |  -6.819508e-03 |
|   8.600000e-02 |   1.518674e-01 |  -1.260505e-02 |     1.239880e-02 |  -6.821278e-03 |  -6.821278e-03 |
+----------------+----------------+----------------+------------------+----------------+----------------+
+----------------+--------------------+--------------------+----------------+----------------+----------------+
| time           | solid_fraction_max | solid_fraction_min | stability_max  | stability_min  | top_reaction   |
+----------------+--------------------+--------------------+----------------+----------------+----------------+
:                :                    :                    :                :                :                :
|   7.200000e-02 |       6.097105e-01 |       6.091449e-01 |   2.801259e+01 |   2.800029e+01 |  -1.400000e+00 |
|   7.300000e-02 |       6.097151e-01 |       6.091675e-01 |   2.801215e+01 |   2.800028e+01 |  -1.400000e+00 |
|   7.400000e-02 |       6.097194e-01 |       6.091893e-01 |   2.801173e+01 |   2.800027e+01 |  -1.400000e+00 |
|   7.500000e-02 |       6.097237e-01 |       6.092104e-01 |   2.801132e+01 |   2.800026e+01 |  -1.400000e+00 |
|   7.600000e-02 |       6.097278e-01 |       6.092307e-01 |   2.801093e+01 |   2.800025e+01 |  -1.400000e+00 |
|   7.700000e-02 |       6.097317e-01 |       6.092504e-01 |   2.801055e+01 |   2.800024e+01 |  -1.400000e+00 |
|   7.800000e-02 |       6.097355e-01 |       6.092694e-01 |   2.801018e+01 |   2.800023e+01 |  -1.400000e+00 |
|   7.900000e-02 |       6.097392e-01 |       6.092877e-01 |   2.800983e+01 |   2.800022e+01 |  -1.400000e+00 |
|   8.000000e-02 |       6.097428e-01 |       6.093053e-01 |   2.800949e+01 |   2.800022e+01 |  -1.400000e+00 |
|   8.100000e-02 |       6.097462e-01 |       6.093224e-01 |   2.800916e+01 |   2.800021e+01 |  -1.400000e+00 |
|   8.200000e-02 |       6.097495e-01 |       6.093389e-01 |   2.800884e+01 |   2.800020e+01 |  -1.400000e+00 |
|   8.300000e-02 |       6.097527e-01 |       6.093548e-01 |   2.800853e+01 |   2.800019e+01 |  -1.400000e+00 |
|   8.400000e-02 |       6.097558e-01 |       6.093701e-01 |   2.800824e+01 |   2.800019e+01 |  -1.400000e+00 |
|   8.500000e-02 |       6.097588e-01 |       6.093849e-01 |   2.800795e+01 |   2.800018e+01 |  -1.400000e+00 |
|   8.600000e-02 |       6.097617e-01 |       6.093992e-01 |   2.800768e+01 |   2.800017e+01 |  -1.400000e+00 |
+----------------+--------------------+--------------------+----------------+----------------+----------------+


Time Step 87, time = 0.087, dt = 0.001
 * Nonlinear |R| = [32m1.578563e-03[39m (Before preset BCs, predictors, correctors, and constraints)
 0 Nonlinear |R| = [32m1.578563e-03[39m
      0 Linear |R| = [32m1.578563e-03[39m
      1 Linear |R| = [32m4.853355e-04[39m
      2 Linear |R| = [32m4.335288e-04[39m
      3 Linear |R| = [32m8.694661e-06[39m
      4 Linear |R| = [32m2.340166e-06[39m
      5 Linear |R| = [32m1.927144e-06[39m
      6 Linear |R| = [32m2.497209e-07[39m
      7 Linear |R| = [32m1.386792e-07[39m
      8 Linear |R| = [32m2.188196e-08[39m
      9 Linear |R| = [32m2.028831e-08[39m
     10 Linear |R| = [32m2.205898e-09[39m
     11 Linear |R| = [32m5.179552e-10[39m
     12 Linear |R| = [32m5.532258e-11[39m
     13 Linear |R| = [32m3.988302e-11[39m
     14 Linear |R| = [32m1.200557e-11[39m
     15 Linear |R| = [32m5.389767e-13[39m
 1 Nonlinear |R| = [32m6.599739e-08[39m
      0 Linear |R| = [32m6.599739e-08[39m
      1 Linear |R| = [32m1.031810e-08[39m
      2 Linear |R| = [32m1.378877e-09[39m
      3 Linear |R| = [32m2.010087e-10[39m
      4 Linear |R| = [32m6.095860e-11[39m
      5 Linear |R| = [33m5.912500e-11[39m
      6 Linear |R| = [32m1.912487e-11[39m
      7 Linear |R| = [32m5.106639e-12[39m
      8 Linear |R| = [32m6.926781e-13[39m
      9 Linear |R| = [33m6.885038e-13[39m
     10 Linear |R| = [32m1.655900e-13[39m
     11 Linear |R| = [32m3.131088e-14[39m
     12 Linear |R| = [32m4.014781e-15[39m
     13 Linear |R| = [32m3.377954e-15[39m
     14 Linear |R| = [32m6.608722e-16[39m
     15 Linear |R| = [32m3.165070e-17[39m
 2 Nonlinear |R| = [32m2.528006e-13[39m
[32m Solve Converged![39m

Outlier Variable Residual Norms:
  uy: [33m2.229569e-13[39m

Postprocessor Values:
+----------------+----------------+----------------+----------------+----------------+----------------+----------------+
| time           | J_max          | J_min          | Jbar_max       | Jbar_min       | center_pressure| edge_ux        |
+----------------+----------------+----------------+----------------+----------------+----------------+----------------+
:                :                :                :                :                :                :                :
|   7.300000e-02 |   9.718211e-01 |   9.709812e-01 |   9.868201e-01 |   9.866697e-01 |   2.115252e-02 |   1.126215e-02 |
|   7.400000e-02 |   9.717843e-01 |   9.709690e-01 |   9.868149e-01 |   9.866677e-01 |   2.041881e-02 |   1.123279e-02 |
|   7.500000e-02 |   9.717487e-01 |   9.709572e-01 |   9.868099e-01 |   9.866657e-01 |   1.971046e-02 |   1.120444e-02 |
|   7.600000e-02 |   9.717144e-01 |   9.709459e-01 |   9.868050e-01 |   9.866638e-01 |   1.902660e-02 |   1.117708e-02 |
|   7.700000e-02 |   9.716812e-01 |   9.709349e-01 |   9.868004e-01 |   9.866619e-01 |   1.836639e-02 |   1.115066e-02 |
|   7.800000e-02 |   9.716492e-01 |   9.709243e-01 |   9.867958e-01 |   9.866601e-01 |   1.772902e-02 |   1.112517e-02 |
|   7.900000e-02 |   9.716183e-01 |   9.709141e-01 |   9.867915e-01 |   9.866584e-01 |   1.711370e-02 |   1.110055e-02 |
|   8.000000e-02 |   9.715885e-01 |   9.709042e-01 |   9.867872e-01 |   9.866567e-01 |   1.651968e-02 |   1.107679e-02 |
|   8.100000e-02 |   9.715597e-01 |   9.708946e-01 |   9.867832e-01 |   9.866551e-01 |   1.594621e-02 |   1.105386e-02 |
|   8.200000e-02 |   9.715319e-01 |   9.708854e-01 |   9.867792e-01 |   9.866536e-01 |   1.539260e-02 |   1.103172e-02 |
|   8.300000e-02 |   9.715051e-01 |   9.708766e-01 |   9.867754e-01 |   9.866521e-01 |   1.485816e-02 |   1.101035e-02 |
|   8.400000e-02 |   9.714792e-01 |   9.708680e-01 |   9.867718e-01 |   9.866506e-01 |   1.434223e-02 |   1.098972e-02 |
|   8.500000e-02 |   9.714542e-01 |   9.708597e-01 |   9.867682e-01 |   9.866492e-01 |   1.384417e-02 |   1.096981e-02 |
|   8.600000e-02 |   9.714301e-01 |   9.708517e-01 |   9.867648e-01 |   9.866469e-01 |   1.336337e-02 |   1.095059e-02 |
|   8.700000e-02 |   9.714068e-01 |   9.708440e-01 |   9.867615e-01 |   9.866436e-01 |   1.289922e-02 |   1.093203e-02 |
+----------------+----------------+----------------+----------------+----------------+----------------+----------------+
+----------------+----------------+----------------+------------------+----------------+----------------+
| time           | mass           | mass_reaction  | outflow_gradient | platen_max     | platen_min     |
+----------------+----------------+----------------+------------------+----------------+----------------+
:                :                :                :                  :                :                :
|   7.300000e-02 |   1.520718e-01 |  -1.996018e-02 |     1.963242e-02 |  -6.792576e-03 |  -6.792576e-03 |
|   7.400000e-02 |   1.520525e-01 |  -1.926710e-02 |     1.895082e-02 |  -6.795281e-03 |  -6.795281e-03 |
|   7.500000e-02 |   1.520339e-01 |  -1.859803e-02 |     1.829283e-02 |  -6.797893e-03 |  -6.797893e-03 |
|   7.600000e-02 |   1.520160e-01 |  -1.795214e-02 |     1.765763e-02 |  -6.800413e-03 |  -6.800413e-03 |
|   7.700000e-02 |   1.519986e-01 |  -1.732862e-02 |     1.704443e-02 |  -6.802847e-03 |  -6.802847e-03 |
|   7.800000e-02 |   1.519819e-01 |  -1.672672e-02 |     1.645248e-02 |  -6.805195e-03 |  -6.805195e-03 |
|   7.900000e-02 |   1.519658e-01 |  -1.614568e-02 |     1.588104e-02 |  -6.807463e-03 |  -6.807463e-03 |
|   8.000000e-02 |   1.519502e-01 |  -1.558478e-02 |     1.532940e-02 |  -6.809652e-03 |  -6.809652e-03 |
|   8.100000e-02 |   1.519351e-01 |  -1.504333e-02 |     1.479689e-02 |  -6.811765e-03 |  -6.811765e-03 |
|   8.200000e-02 |   1.519206e-01 |  -1.452065e-02 |     1.428283e-02 |  -6.813804e-03 |  -6.813804e-03 |
|   8.300000e-02 |   1.519066e-01 |  -1.401610e-02 |     1.378660e-02 |  -6.815773e-03 |  -6.815773e-03 |
|   8.400000e-02 |   1.518931e-01 |  -1.352905e-02 |     1.330758e-02 |  -6.817673e-03 |  -6.817673e-03 |
|   8.500000e-02 |   1.518800e-01 |  -1.305890e-02 |     1.284517e-02 |  -6.819508e-03 |  -6.819508e-03 |
|   8.600000e-02 |   1.518674e-01 |  -1.260505e-02 |     1.239880e-02 |  -6.821278e-03 |  -6.821278e-03 |
|   8.700000e-02 |   1.518552e-01 |  -1.216696e-02 |     1.196791e-02 |  -6.822988e-03 |  -6.822988e-03 |
+----------------+----------------+----------------+------------------+----------------+----------------+
+----------------+--------------------+--------------------+----------------+----------------+----------------+
| time           | solid_fraction_max | solid_fraction_min | stability_max  | stability_min  | top_reaction   |
+----------------+--------------------+--------------------+----------------+----------------+----------------+
:                :                    :                    :                :                :                :
|   7.300000e-02 |       6.097151e-01 |       6.091675e-01 |   2.801215e+01 |   2.800028e+01 |  -1.400000e+00 |
|   7.400000e-02 |       6.097194e-01 |       6.091893e-01 |   2.801173e+01 |   2.800027e+01 |  -1.400000e+00 |
|   7.500000e-02 |       6.097237e-01 |       6.092104e-01 |   2.801132e+01 |   2.800026e+01 |  -1.400000e+00 |
|   7.600000e-02 |       6.097278e-01 |       6.092307e-01 |   2.801093e+01 |   2.800025e+01 |  -1.400000e+00 |
|   7.700000e-02 |       6.097317e-01 |       6.092504e-01 |   2.801055e+01 |   2.800024e+01 |  -1.400000e+00 |
|   7.800000e-02 |       6.097355e-01 |       6.092694e-01 |   2.801018e+01 |   2.800023e+01 |  -1.400000e+00 |
|   7.900000e-02 |       6.097392e-01 |       6.092877e-01 |   2.800983e+01 |   2.800022e+01 |  -1.400000e+00 |
|   8.000000e-02 |       6.097428e-01 |       6.093053e-01 |   2.800949e+01 |   2.800022e+01 |  -1.400000e+00 |
|   8.100000e-02 |       6.097462e-01 |       6.093224e-01 |   2.800916e+01 |   2.800021e+01 |  -1.400000e+00 |
|   8.200000e-02 |       6.097495e-01 |       6.093389e-01 |   2.800884e+01 |   2.800020e+01 |  -1.400000e+00 |
|   8.300000e-02 |       6.097527e-01 |       6.093548e-01 |   2.800853e+01 |   2.800019e+01 |  -1.400000e+00 |
|   8.400000e-02 |       6.097558e-01 |       6.093701e-01 |   2.800824e+01 |   2.800019e+01 |  -1.400000e+00 |
|   8.500000e-02 |       6.097588e-01 |       6.093849e-01 |   2.800795e+01 |   2.800018e+01 |  -1.400000e+00 |
|   8.600000e-02 |       6.097617e-01 |       6.093992e-01 |   2.800768e+01 |   2.800017e+01 |  -1.400000e+00 |
|   8.700000e-02 |       6.097644e-01 |       6.094130e-01 |   2.800741e+01 |   2.800017e+01 |  -1.400000e+00 |
+----------------+--------------------+--------------------+----------------+----------------+----------------+


Time Step 88, time = 0.088, dt = 0.001
 * Nonlinear |R| = [32m1.523691e-03[39m (Before preset BCs, predictors, correctors, and constraints)
 0 Nonlinear |R| = [32m1.523691e-03[39m
      0 Linear |R| = [32m1.523691e-03[39m
      1 Linear |R| = [32m4.684895e-04[39m
      2 Linear |R| = [32m4.184857e-04[39m
      3 Linear |R| = [32m8.392681e-06[39m
      4 Linear |R| = [32m2.259913e-06[39m
      5 Linear |R| = [32m1.916020e-06[39m
      6 Linear |R| = [32m2.410503e-07[39m
      7 Linear |R| = [32m1.338623e-07[39m
      8 Linear |R| = [32m2.114283e-08[39m
      9 Linear |R| = [32m2.004242e-08[39m
     10 Linear |R| = [32m2.129235e-09[39m
     11 Linear |R| = [32m4.999539e-10[39m
     12 Linear |R| = [32m6.426475e-11[39m
     13 Linear |R| = [32m3.850319e-11[39m
     14 Linear |R| = [32m1.158878e-11[39m
     15 Linear |R| = [32m5.201278e-13[39m
 1 Nonlinear |R| = [32m6.130225e-08[39m
      0 Linear |R| = [32m6.130225e-08[39m
      1 Linear |R| = [32m9.501680e-09[39m
      2 Linear |R| = [32m1.393156e-09[39m
      3 Linear |R| = [32m1.971854e-10[39m
      4 Linear |R| = [32m6.002101e-11[39m
      5 Linear |R| = [33m5.752878e-11[39m
      6 Linear |R| = [32m1.957158e-11[39m
      7 Linear |R| = [32m5.330548e-12[39m
      8 Linear |R| = [32m6.647792e-13[39m
      9 Linear |R| = [33m6.603524e-13[39m
     10 Linear |R| = [32m1.905772e-13[39m
     11 Linear |R| = [32m3.125124e-14[39m
     12 Linear |R| = [32m4.898615e-15[39m
     13 Linear |R| = [32m3.985754e-15[39m
     14 Linear |R| = [32m3.758166e-16[39m
     15 Linear |R| = [32m4.282330e-17[39m
 2 Nonlinear |R| = [32m2.402368e-13[39m
[32m Solve Converged![39m

Outlier Variable Residual Norms:
  uy: [33m2.066522e-13[39m

Postprocessor Values:
+----------------+----------------+----------------+----------------+----------------+----------------+----------------+
| time           | J_max          | J_min          | Jbar_max       | Jbar_min       | center_pressure| edge_ux        |
+----------------+----------------+----------------+----------------+----------------+----------------+----------------+
:                :                :                :                :                :                :                :
|   7.400000e-02 |   9.717843e-01 |   9.709690e-01 |   9.868149e-01 |   9.866677e-01 |   2.041881e-02 |   1.123279e-02 |
|   7.500000e-02 |   9.717487e-01 |   9.709572e-01 |   9.868099e-01 |   9.866657e-01 |   1.971046e-02 |   1.120444e-02 |
|   7.600000e-02 |   9.717144e-01 |   9.709459e-01 |   9.868050e-01 |   9.866638e-01 |   1.902660e-02 |   1.117708e-02 |
|   7.700000e-02 |   9.716812e-01 |   9.709349e-01 |   9.868004e-01 |   9.866619e-01 |   1.836639e-02 |   1.115066e-02 |
|   7.800000e-02 |   9.716492e-01 |   9.709243e-01 |   9.867958e-01 |   9.866601e-01 |   1.772902e-02 |   1.112517e-02 |
|   7.900000e-02 |   9.716183e-01 |   9.709141e-01 |   9.867915e-01 |   9.866584e-01 |   1.711370e-02 |   1.110055e-02 |
|   8.000000e-02 |   9.715885e-01 |   9.709042e-01 |   9.867872e-01 |   9.866567e-01 |   1.651968e-02 |   1.107679e-02 |
|   8.100000e-02 |   9.715597e-01 |   9.708946e-01 |   9.867832e-01 |   9.866551e-01 |   1.594621e-02 |   1.105386e-02 |
|   8.200000e-02 |   9.715319e-01 |   9.708854e-01 |   9.867792e-01 |   9.866536e-01 |   1.539260e-02 |   1.103172e-02 |
|   8.300000e-02 |   9.715051e-01 |   9.708766e-01 |   9.867754e-01 |   9.866521e-01 |   1.485816e-02 |   1.101035e-02 |
|   8.400000e-02 |   9.714792e-01 |   9.708680e-01 |   9.867718e-01 |   9.866506e-01 |   1.434223e-02 |   1.098972e-02 |
|   8.500000e-02 |   9.714542e-01 |   9.708597e-01 |   9.867682e-01 |   9.866492e-01 |   1.384417e-02 |   1.096981e-02 |
|   8.600000e-02 |   9.714301e-01 |   9.708517e-01 |   9.867648e-01 |   9.866469e-01 |   1.336337e-02 |   1.095059e-02 |
|   8.700000e-02 |   9.714068e-01 |   9.708440e-01 |   9.867615e-01 |   9.866436e-01 |   1.289922e-02 |   1.093203e-02 |
|   8.800000e-02 |   9.713843e-01 |   9.708366e-01 |   9.867584e-01 |   9.866404e-01 |   1.245117e-02 |   1.091412e-02 |
+----------------+----------------+----------------+----------------+----------------+----------------+----------------+
+----------------+----------------+----------------+------------------+----------------+----------------+
| time           | mass           | mass_reaction  | outflow_gradient | platen_max     | platen_min     |
+----------------+----------------+----------------+------------------+----------------+----------------+
:                :                :                :                  :                :                :
|   7.400000e-02 |   1.520525e-01 |  -1.926710e-02 |     1.895082e-02 |  -6.795281e-03 |  -6.795281e-03 |
|   7.500000e-02 |   1.520339e-01 |  -1.859803e-02 |     1.829283e-02 |  -6.797893e-03 |  -6.797893e-03 |
|   7.600000e-02 |   1.520160e-01 |  -1.795214e-02 |     1.765763e-02 |  -6.800413e-03 |  -6.800413e-03 |
|   7.700000e-02 |   1.519986e-01 |  -1.732862e-02 |     1.704443e-02 |  -6.802847e-03 |  -6.802847e-03 |
|   7.800000e-02 |   1.519819e-01 |  -1.672672e-02 |     1.645248e-02 |  -6.805195e-03 |  -6.805195e-03 |
|   7.900000e-02 |   1.519658e-01 |  -1.614568e-02 |     1.588104e-02 |  -6.807463e-03 |  -6.807463e-03 |
|   8.000000e-02 |   1.519502e-01 |  -1.558478e-02 |     1.532940e-02 |  -6.809652e-03 |  -6.809652e-03 |
|   8.100000e-02 |   1.519351e-01 |  -1.504333e-02 |     1.479689e-02 |  -6.811765e-03 |  -6.811765e-03 |
|   8.200000e-02 |   1.519206e-01 |  -1.452065e-02 |     1.428283e-02 |  -6.813804e-03 |  -6.813804e-03 |
|   8.300000e-02 |   1.519066e-01 |  -1.401610e-02 |     1.378660e-02 |  -6.815773e-03 |  -6.815773e-03 |
|   8.400000e-02 |   1.518931e-01 |  -1.352905e-02 |     1.330758e-02 |  -6.817673e-03 |  -6.817673e-03 |
|   8.500000e-02 |   1.518800e-01 |  -1.305890e-02 |     1.284517e-02 |  -6.819508e-03 |  -6.819508e-03 |
|   8.600000e-02 |   1.518674e-01 |  -1.260505e-02 |     1.239880e-02 |  -6.821278e-03 |  -6.821278e-03 |
|   8.700000e-02 |   1.518552e-01 |  -1.216696e-02 |     1.196791e-02 |  -6.822988e-03 |  -6.822988e-03 |
|   8.800000e-02 |   1.518435e-01 |  -1.174407e-02 |     1.155198e-02 |  -6.824638e-03 |  -6.824638e-03 |
+----------------+----------------+----------------+------------------+----------------+----------------+
+----------------+--------------------+--------------------+----------------+----------------+----------------+
| time           | solid_fraction_max | solid_fraction_min | stability_max  | stability_min  | top_reaction   |
+----------------+--------------------+--------------------+----------------+----------------+----------------+
:                :                    :                    :                :                :                :
|   7.400000e-02 |       6.097194e-01 |       6.091893e-01 |   2.801173e+01 |   2.800027e+01 |  -1.400000e+00 |
|   7.500000e-02 |       6.097237e-01 |       6.092104e-01 |   2.801132e+01 |   2.800026e+01 |  -1.400000e+00 |
|   7.600000e-02 |       6.097278e-01 |       6.092307e-01 |   2.801093e+01 |   2.800025e+01 |  -1.400000e+00 |
|   7.700000e-02 |       6.097317e-01 |       6.092504e-01 |   2.801055e+01 |   2.800024e+01 |  -1.400000e+00 |
|   7.800000e-02 |       6.097355e-01 |       6.092694e-01 |   2.801018e+01 |   2.800023e+01 |  -1.400000e+00 |
|   7.900000e-02 |       6.097392e-01 |       6.092877e-01 |   2.800983e+01 |   2.800022e+01 |  -1.400000e+00 |
|   8.000000e-02 |       6.097428e-01 |       6.093053e-01 |   2.800949e+01 |   2.800022e+01 |  -1.400000e+00 |
|   8.100000e-02 |       6.097462e-01 |       6.093224e-01 |   2.800916e+01 |   2.800021e+01 |  -1.400000e+00 |
|   8.200000e-02 |       6.097495e-01 |       6.093389e-01 |   2.800884e+01 |   2.800020e+01 |  -1.400000e+00 |
|   8.300000e-02 |       6.097527e-01 |       6.093548e-01 |   2.800853e+01 |   2.800019e+01 |  -1.400000e+00 |
|   8.400000e-02 |       6.097558e-01 |       6.093701e-01 |   2.800824e+01 |   2.800019e+01 |  -1.400000e+00 |
|   8.500000e-02 |       6.097588e-01 |       6.093849e-01 |   2.800795e+01 |   2.800018e+01 |  -1.400000e+00 |
|   8.600000e-02 |       6.097617e-01 |       6.093992e-01 |   2.800768e+01 |   2.800017e+01 |  -1.400000e+00 |
|   8.700000e-02 |       6.097644e-01 |       6.094130e-01 |   2.800741e+01 |   2.800017e+01 |  -1.400000e+00 |
|   8.800000e-02 |       6.097671e-01 |       6.094264e-01 |   2.800715e+01 |   2.800016e+01 |  -1.400000e+00 |
+----------------+--------------------+--------------------+----------------+----------------+----------------+


Time Step 89, time = 0.089, dt = 0.001
 * Nonlinear |R| = [32m1.470725e-03[39m (Before preset BCs, predictors, correctors, and constraints)
 0 Nonlinear |R| = [32m1.470725e-03[39m
      0 Linear |R| = [32m1.470725e-03[39m
      1 Linear |R| = [32m4.522303e-04[39m
      2 Linear |R| = [32m4.039693e-04[39m
      3 Linear |R| = [32m8.101068e-06[39m
      4 Linear |R| = [32m2.180765e-06[39m
      5 Linear |R| = [32m1.852665e-06[39m
      6 Linear |R| = [32m2.326801e-07[39m
      7 Linear |R| = [32m1.292125e-07[39m
      8 Linear |R| = [32m2.078388e-08[39m
      9 Linear |R| = [33m2.078179e-08[39m
     10 Linear |R| = [32m2.055176e-09[39m
     11 Linear |R| = [32m4.825698e-10[39m
     12 Linear |R| = [32m9.984647e-11[39m
     13 Linear |R| = [32m3.716598e-11[39m
     14 Linear |R| = [32m1.118562e-11[39m
     15 Linear |R| = [32m5.031824e-13[39m
 1 Nonlinear |R| = [32m5.821807e-08[39m
      0 Linear |R| = [32m5.821807e-08[39m
      1 Linear |R| = [32m1.023199e-08[39m
      2 Linear |R| = [32m3.973098e-09[39m
      3 Linear |R| = [32m1.912206e-10[39m
      4 Linear |R| = [32m5.803185e-11[39m
      5 Linear |R| = [33m5.611679e-11[39m
      6 Linear |R| = [32m1.826917e-11[39m
      7 Linear |R| = [32m5.062000e-12[39m
      8 Linear |R| = [32m6.515363e-13[39m
      9 Linear |R| = [33m6.509682e-13[39m
     10 Linear |R| = [32m1.732764e-13[39m
     11 Linear |R| = [32m3.038447e-14[39m
     12 Linear |R| = [32m4.348506e-15[39m
     13 Linear |R| = [32m3.248044e-15[39m
     14 Linear |R| = [32m5.340201e-16[39m
     15 Linear |R| = [32m3.879046e-17[39m
 2 Nonlinear |R| = [32m2.131619e-13[39m
[32m Solve Converged![39m

Outlier Variable Residual Norms:
  uy: [33m1.880160e-13[39m

Postprocessor Values:
+----------------+----------------+----------------+----------------+----------------+----------------+----------------+
| time           | J_max          | J_min          | Jbar_max       | Jbar_min       | center_pressure| edge_ux        |
+----------------+----------------+----------------+----------------+----------------+----------------+----------------+
:                :                :                :                :                :                :                :
|   7.500000e-02 |   9.717487e-01 |   9.709572e-01 |   9.868099e-01 |   9.866657e-01 |   1.971046e-02 |   1.120444e-02 |
|   7.600000e-02 |   9.717144e-01 |   9.709459e-01 |   9.868050e-01 |   9.866638e-01 |   1.902660e-02 |   1.117708e-02 |
|   7.700000e-02 |   9.716812e-01 |   9.709349e-01 |   9.868004e-01 |   9.866619e-01 |   1.836639e-02 |   1.115066e-02 |
|   7.800000e-02 |   9.716492e-01 |   9.709243e-01 |   9.867958e-01 |   9.866601e-01 |   1.772902e-02 |   1.112517e-02 |
|   7.900000e-02 |   9.716183e-01 |   9.709141e-01 |   9.867915e-01 |   9.866584e-01 |   1.711370e-02 |   1.110055e-02 |
|   8.000000e-02 |   9.715885e-01 |   9.709042e-01 |   9.867872e-01 |   9.866567e-01 |   1.651968e-02 |   1.107679e-02 |
|   8.100000e-02 |   9.715597e-01 |   9.708946e-01 |   9.867832e-01 |   9.866551e-01 |   1.594621e-02 |   1.105386e-02 |
|   8.200000e-02 |   9.715319e-01 |   9.708854e-01 |   9.867792e-01 |   9.866536e-01 |   1.539260e-02 |   1.103172e-02 |
|   8.300000e-02 |   9.715051e-01 |   9.708766e-01 |   9.867754e-01 |   9.866521e-01 |   1.485816e-02 |   1.101035e-02 |
|   8.400000e-02 |   9.714792e-01 |   9.708680e-01 |   9.867718e-01 |   9.866506e-01 |   1.434223e-02 |   1.098972e-02 |
|   8.500000e-02 |   9.714542e-01 |   9.708597e-01 |   9.867682e-01 |   9.866492e-01 |   1.384417e-02 |   1.096981e-02 |
|   8.600000e-02 |   9.714301e-01 |   9.708517e-01 |   9.867648e-01 |   9.866469e-01 |   1.336337e-02 |   1.095059e-02 |
|   8.700000e-02 |   9.714068e-01 |   9.708440e-01 |   9.867615e-01 |   9.866436e-01 |   1.289922e-02 |   1.093203e-02 |
|   8.800000e-02 |   9.713843e-01 |   9.708366e-01 |   9.867584e-01 |   9.866404e-01 |   1.245117e-02 |   1.091412e-02 |
|   8.900000e-02 |   9.713626e-01 |   9.708294e-01 |   9.867553e-01 |   9.866372e-01 |   1.201864e-02 |   1.089684e-02 |
+----------------+----------------+----------------+----------------+----------------+----------------+----------------+
+----------------+----------------+----------------+------------------+----------------+----------------+
| time           | mass           | mass_reaction  | outflow_gradient | platen_max     | platen_min     |
+----------------+----------------+----------------+------------------+----------------+----------------+
:                :                :                :                  :                :                :
|   7.500000e-02 |   1.520339e-01 |  -1.859803e-02 |     1.829283e-02 |  -6.797893e-03 |  -6.797893e-03 |
|   7.600000e-02 |   1.520160e-01 |  -1.795214e-02 |     1.765763e-02 |  -6.800413e-03 |  -6.800413e-03 |
|   7.700000e-02 |   1.519986e-01 |  -1.732862e-02 |     1.704443e-02 |  -6.802847e-03 |  -6.802847e-03 |
|   7.800000e-02 |   1.519819e-01 |  -1.672672e-02 |     1.645248e-02 |  -6.805195e-03 |  -6.805195e-03 |
|   7.900000e-02 |   1.519658e-01 |  -1.614568e-02 |     1.588104e-02 |  -6.807463e-03 |  -6.807463e-03 |
|   8.000000e-02 |   1.519502e-01 |  -1.558478e-02 |     1.532940e-02 |  -6.809652e-03 |  -6.809652e-03 |
|   8.100000e-02 |   1.519351e-01 |  -1.504333e-02 |     1.479689e-02 |  -6.811765e-03 |  -6.811765e-03 |
|   8.200000e-02 |   1.519206e-01 |  -1.452065e-02 |     1.428283e-02 |  -6.813804e-03 |  -6.813804e-03 |
|   8.300000e-02 |   1.519066e-01 |  -1.401610e-02 |     1.378660e-02 |  -6.815773e-03 |  -6.815773e-03 |
|   8.400000e-02 |   1.518931e-01 |  -1.352905e-02 |     1.330758e-02 |  -6.817673e-03 |  -6.817673e-03 |
|   8.500000e-02 |   1.518800e-01 |  -1.305890e-02 |     1.284517e-02 |  -6.819508e-03 |  -6.819508e-03 |
|   8.600000e-02 |   1.518674e-01 |  -1.260505e-02 |     1.239880e-02 |  -6.821278e-03 |  -6.821278e-03 |
|   8.700000e-02 |   1.518552e-01 |  -1.216696e-02 |     1.196791e-02 |  -6.822988e-03 |  -6.822988e-03 |
|   8.800000e-02 |   1.518435e-01 |  -1.174407e-02 |     1.155198e-02 |  -6.824638e-03 |  -6.824638e-03 |
|   8.900000e-02 |   1.518322e-01 |  -1.133585e-02 |     1.115047e-02 |  -6.826230e-03 |  -6.826230e-03 |
+----------------+----------------+----------------+------------------+----------------+----------------+
+----------------+--------------------+--------------------+----------------+----------------+----------------+
| time           | solid_fraction_max | solid_fraction_min | stability_max  | stability_min  | top_reaction   |
+----------------+--------------------+--------------------+----------------+----------------+----------------+
:                :                    :                    :                :                :                :
|   7.500000e-02 |       6.097237e-01 |       6.092104e-01 |   2.801132e+01 |   2.800026e+01 |  -1.400000e+00 |
|   7.600000e-02 |       6.097278e-01 |       6.092307e-01 |   2.801093e+01 |   2.800025e+01 |  -1.400000e+00 |
|   7.700000e-02 |       6.097317e-01 |       6.092504e-01 |   2.801055e+01 |   2.800024e+01 |  -1.400000e+00 |
|   7.800000e-02 |       6.097355e-01 |       6.092694e-01 |   2.801018e+01 |   2.800023e+01 |  -1.400000e+00 |
|   7.900000e-02 |       6.097392e-01 |       6.092877e-01 |   2.800983e+01 |   2.800022e+01 |  -1.400000e+00 |
|   8.000000e-02 |       6.097428e-01 |       6.093053e-01 |   2.800949e+01 |   2.800022e+01 |  -1.400000e+00 |
|   8.100000e-02 |       6.097462e-01 |       6.093224e-01 |   2.800916e+01 |   2.800021e+01 |  -1.400000e+00 |
|   8.200000e-02 |       6.097495e-01 |       6.093389e-01 |   2.800884e+01 |   2.800020e+01 |  -1.400000e+00 |
|   8.300000e-02 |       6.097527e-01 |       6.093548e-01 |   2.800853e+01 |   2.800019e+01 |  -1.400000e+00 |
|   8.400000e-02 |       6.097558e-01 |       6.093701e-01 |   2.800824e+01 |   2.800019e+01 |  -1.400000e+00 |
|   8.500000e-02 |       6.097588e-01 |       6.093849e-01 |   2.800795e+01 |   2.800018e+01 |  -1.400000e+00 |
|   8.600000e-02 |       6.097617e-01 |       6.093992e-01 |   2.800768e+01 |   2.800017e+01 |  -1.400000e+00 |
|   8.700000e-02 |       6.097644e-01 |       6.094130e-01 |   2.800741e+01 |   2.800017e+01 |  -1.400000e+00 |
|   8.800000e-02 |       6.097671e-01 |       6.094264e-01 |   2.800715e+01 |   2.800016e+01 |  -1.400000e+00 |
|   8.900000e-02 |       6.097697e-01 |       6.094392e-01 |   2.800690e+01 |   2.800016e+01 |  -1.400000e+00 |
+----------------+--------------------+--------------------+----------------+----------------+----------------+


Time Step 90, time = 0.09, dt = 0.001
 * Nonlinear |R| = [32m1.419597e-03[39m (Before preset BCs, predictors, correctors, and constraints)
 0 Nonlinear |R| = [32m1.419597e-03[39m
      0 Linear |R| = [32m1.419597e-03[39m
      1 Linear |R| = [32m4.365278e-04[39m
      2 Linear |R| = [32m3.899444e-04[39m
      3 Linear |R| = [32m7.819795e-06[39m
      4 Linear |R| = [32m2.106019e-06[39m
      5 Linear |R| = [32m1.821212e-06[39m
      6 Linear |R| = [32m2.246047e-07[39m
      7 Linear |R| = [32m1.247259e-07[39m
      8 Linear |R| = [32m1.974689e-08[39m
      9 Linear |R| = [33m1.924561e-08[39m
     10 Linear |R| = [32m1.983805e-09[39m
     11 Linear |R| = [32m4.657731e-10[39m
     12 Linear |R| = [32m7.029292e-11[39m
     13 Linear |R| = [32m3.587481e-11[39m
     14 Linear |R| = [32m1.079648e-11[39m
     15 Linear |R| = [32m4.852815e-13[39m
 1 Nonlinear |R| = [32m5.426119e-08[39m
      0 Linear |R| = [32m5.426119e-08[39m
      1 Linear |R| = [32m8.767846e-09[39m
      2 Linear |R| = [32m2.024969e-09[39m
      3 Linear |R| = [32m1.670859e-10[39m
      4 Linear |R| = [32m5.003187e-11[39m
      5 Linear |R| = [33m4.878734e-11[39m
      6 Linear |R| = [32m1.507209e-11[39m
      7 Linear |R| = [32m4.266428e-12[39m
      8 Linear |R| = [32m5.773326e-13[39m
      9 Linear |R| = [33m5.773280e-13[39m
     10 Linear |R| = [32m1.459186e-13[39m
     11 Linear |R| = [32m2.548997e-14[39m
     12 Linear |R| = [32m4.381755e-15[39m
     13 Linear |R| = [32m3.362561e-15[39m
     14 Linear |R| = [32m3.586375e-16[39m
     15 Linear |R| = [32m3.349754e-17[39m
 2 Nonlinear |R| = [32m2.007223e-13[39m
[32m Solve Converged![39m

Outlier Variable Residual Norms:
  uy: [33m1.695442e-13[39m

Postprocessor Values:
+----------------+----------------+----------------+----------------+----------------+----------------+----------------+
| time           | J_max          | J_min          | Jbar_max       | Jbar_min       | center_pressure| edge_ux        |
+----------------+----------------+----------------+----------------+----------------+----------------+----------------+
:                :                :                :                :                :                :                :
|   7.600000e-02 |   9.717144e-01 |   9.709459e-01 |   9.868050e-01 |   9.866638e-01 |   1.902660e-02 |   1.117708e-02 |
|   7.700000e-02 |   9.716812e-01 |   9.709349e-01 |   9.868004e-01 |   9.866619e-01 |   1.836639e-02 |   1.115066e-02 |
|   7.800000e-02 |   9.716492e-01 |   9.709243e-01 |   9.867958e-01 |   9.866601e-01 |   1.772902e-02 |   1.112517e-02 |
|   7.900000e-02 |   9.716183e-01 |   9.709141e-01 |   9.867915e-01 |   9.866584e-01 |   1.711370e-02 |   1.110055e-02 |
|   8.000000e-02 |   9.715885e-01 |   9.709042e-01 |   9.867872e-01 |   9.866567e-01 |   1.651968e-02 |   1.107679e-02 |
|   8.100000e-02 |   9.715597e-01 |   9.708946e-01 |   9.867832e-01 |   9.866551e-01 |   1.594621e-02 |   1.105386e-02 |
|   8.200000e-02 |   9.715319e-01 |   9.708854e-01 |   9.867792e-01 |   9.866536e-01 |   1.539260e-02 |   1.103172e-02 |
|   8.300000e-02 |   9.715051e-01 |   9.708766e-01 |   9.867754e-01 |   9.866521e-01 |   1.485816e-02 |   1.101035e-02 |
|   8.400000e-02 |   9.714792e-01 |   9.708680e-01 |   9.867718e-01 |   9.866506e-01 |   1.434223e-02 |   1.098972e-02 |
|   8.500000e-02 |   9.714542e-01 |   9.708597e-01 |   9.867682e-01 |   9.866492e-01 |   1.384417e-02 |   1.096981e-02 |
|   8.600000e-02 |   9.714301e-01 |   9.708517e-01 |   9.867648e-01 |   9.866469e-01 |   1.336337e-02 |   1.095059e-02 |
|   8.700000e-02 |   9.714068e-01 |   9.708440e-01 |   9.867615e-01 |   9.866436e-01 |   1.289922e-02 |   1.093203e-02 |
|   8.800000e-02 |   9.713843e-01 |   9.708366e-01 |   9.867584e-01 |   9.866404e-01 |   1.245117e-02 |   1.091412e-02 |
|   8.900000e-02 |   9.713626e-01 |   9.708294e-01 |   9.867553e-01 |   9.866372e-01 |   1.201864e-02 |   1.089684e-02 |
|   9.000000e-02 |   9.713417e-01 |   9.708224e-01 |   9.867523e-01 |   9.866342e-01 |   1.160110e-02 |   1.088015e-02 |
+----------------+----------------+----------------+----------------+----------------+----------------+----------------+
+----------------+----------------+----------------+------------------+----------------+----------------+
| time           | mass           | mass_reaction  | outflow_gradient | platen_max     | platen_min     |
+----------------+----------------+----------------+------------------+----------------+----------------+
:                :                :                :                  :                :                :
|   7.600000e-02 |   1.520160e-01 |  -1.795214e-02 |     1.765763e-02 |  -6.800413e-03 |  -6.800413e-03 |
|   7.700000e-02 |   1.519986e-01 |  -1.732862e-02 |     1.704443e-02 |  -6.802847e-03 |  -6.802847e-03 |
|   7.800000e-02 |   1.519819e-01 |  -1.672672e-02 |     1.645248e-02 |  -6.805195e-03 |  -6.805195e-03 |
|   7.900000e-02 |   1.519658e-01 |  -1.614568e-02 |     1.588104e-02 |  -6.807463e-03 |  -6.807463e-03 |
|   8.000000e-02 |   1.519502e-01 |  -1.558478e-02 |     1.532940e-02 |  -6.809652e-03 |  -6.809652e-03 |
|   8.100000e-02 |   1.519351e-01 |  -1.504333e-02 |     1.479689e-02 |  -6.811765e-03 |  -6.811765e-03 |
|   8.200000e-02 |   1.519206e-01 |  -1.452065e-02 |     1.428283e-02 |  -6.813804e-03 |  -6.813804e-03 |
|   8.300000e-02 |   1.519066e-01 |  -1.401610e-02 |     1.378660e-02 |  -6.815773e-03 |  -6.815773e-03 |
|   8.400000e-02 |   1.518931e-01 |  -1.352905e-02 |     1.330758e-02 |  -6.817673e-03 |  -6.817673e-03 |
|   8.500000e-02 |   1.518800e-01 |  -1.305890e-02 |     1.284517e-02 |  -6.819508e-03 |  -6.819508e-03 |
|   8.600000e-02 |   1.518674e-01 |  -1.260505e-02 |     1.239880e-02 |  -6.821278e-03 |  -6.821278e-03 |
|   8.700000e-02 |   1.518552e-01 |  -1.216696e-02 |     1.196791e-02 |  -6.822988e-03 |  -6.822988e-03 |
|   8.800000e-02 |   1.518435e-01 |  -1.174407e-02 |     1.155198e-02 |  -6.824638e-03 |  -6.824638e-03 |
|   8.900000e-02 |   1.518322e-01 |  -1.133585e-02 |     1.115047e-02 |  -6.826230e-03 |  -6.826230e-03 |
|   9.000000e-02 |   1.518212e-01 |  -1.094180e-02 |     1.076290e-02 |  -6.827768e-03 |  -6.827768e-03 |
+----------------+----------------+----------------+------------------+----------------+----------------+
+----------------+--------------------+--------------------+----------------+----------------+----------------+
| time           | solid_fraction_max | solid_fraction_min | stability_max  | stability_min  | top_reaction   |
+----------------+--------------------+--------------------+----------------+----------------+----------------+
:                :                    :                    :                :                :                :
|   7.600000e-02 |       6.097278e-01 |       6.092307e-01 |   2.801093e+01 |   2.800025e+01 |  -1.400000e+00 |
|   7.700000e-02 |       6.097317e-01 |       6.092504e-01 |   2.801055e+01 |   2.800024e+01 |  -1.400000e+00 |
|   7.800000e-02 |       6.097355e-01 |       6.092694e-01 |   2.801018e+01 |   2.800023e+01 |  -1.400000e+00 |
|   7.900000e-02 |       6.097392e-01 |       6.092877e-01 |   2.800983e+01 |   2.800022e+01 |  -1.400000e+00 |
|   8.000000e-02 |       6.097428e-01 |       6.093053e-01 |   2.800949e+01 |   2.800022e+01 |  -1.400000e+00 |
|   8.100000e-02 |       6.097462e-01 |       6.093224e-01 |   2.800916e+01 |   2.800021e+01 |  -1.400000e+00 |
|   8.200000e-02 |       6.097495e-01 |       6.093389e-01 |   2.800884e+01 |   2.800020e+01 |  -1.400000e+00 |
|   8.300000e-02 |       6.097527e-01 |       6.093548e-01 |   2.800853e+01 |   2.800019e+01 |  -1.400000e+00 |
|   8.400000e-02 |       6.097558e-01 |       6.093701e-01 |   2.800824e+01 |   2.800019e+01 |  -1.400000e+00 |
|   8.500000e-02 |       6.097588e-01 |       6.093849e-01 |   2.800795e+01 |   2.800018e+01 |  -1.400000e+00 |
|   8.600000e-02 |       6.097617e-01 |       6.093992e-01 |   2.800768e+01 |   2.800017e+01 |  -1.400000e+00 |
|   8.700000e-02 |       6.097644e-01 |       6.094130e-01 |   2.800741e+01 |   2.800017e+01 |  -1.400000e+00 |
|   8.800000e-02 |       6.097671e-01 |       6.094264e-01 |   2.800715e+01 |   2.800016e+01 |  -1.400000e+00 |
|   8.900000e-02 |       6.097697e-01 |       6.094392e-01 |   2.800690e+01 |   2.800016e+01 |  -1.400000e+00 |
|   9.000000e-02 |       6.097722e-01 |       6.094516e-01 |   2.800666e+01 |   2.800015e+01 |  -1.400000e+00 |
+----------------+--------------------+--------------------+----------------+----------------+----------------+


Time Step 91, time = 0.091, dt = 0.001
 * Nonlinear |R| = [32m1.370244e-03[39m (Before preset BCs, predictors, correctors, and constraints)
 0 Nonlinear |R| = [32m1.370244e-03[39m
      0 Linear |R| = [32m1.370244e-03[39m
      1 Linear |R| = [32m4.213720e-04[39m
      2 Linear |R| = [32m3.764101e-04[39m
      3 Linear |R| = [32m7.548145e-06[39m
      4 Linear |R| = [32m2.031918e-06[39m
      5 Linear |R| = [32m1.713128e-06[39m
      6 Linear |R| = [32m2.168036e-07[39m
      7 Linear |R| = [32m1.203925e-07[39m
      8 Linear |R| = [32m1.911468e-08[39m
      9 Linear |R| = [33m1.887645e-08[39m
     10 Linear |R| = [32m1.914825e-09[39m
     11 Linear |R| = [32m4.495763e-10[39m
     12 Linear |R| = [32m5.245050e-11[39m
     13 Linear |R| = [32m3.462403e-11[39m
     14 Linear |R| = [32m1.042076e-11[39m
     15 Linear |R| = [32m4.670932e-13[39m
 1 Nonlinear |R| = [32m4.976766e-08[39m
      0 Linear |R| = [32m4.976766e-08[39m
      1 Linear |R| = [32m8.257080e-09[39m
      2 Linear |R| = [32m1.938024e-09[39m
      3 Linear |R| = [32m1.551220e-10[39m
      4 Linear |R| = [32m4.681530e-11[39m
      5 Linear |R| = [33m4.518446e-11[39m
      6 Linear |R| = [32m1.483407e-11[39m
      7 Linear |R| = [32m3.963363e-12[39m
      8 Linear |R| = [32m5.303615e-13[39m
      9 Linear |R| = [33m5.132923e-13[39m
     10 Linear |R| = [32m1.145907e-13[39m
     11 Linear |R| = [32m2.478638e-14[39m
     12 Linear |R| = [32m2.547990e-15[39m
     13 Linear |R| = [32m1.746565e-15[39m
     14 Linear |R| = [32m4.141646e-16[39m
     15 Linear |R| = [32m2.545392e-17[39m
 2 Nonlinear |R| = [32m1.672135e-13[39m
[32m Solve Converged![39m

Outlier Variable Residual Norms:
  uy: [33m1.404522e-13[39m

Postprocessor Values:
+----------------+----------------+----------------+----------------+----------------+----------------+----------------+
| time           | J_max          | J_min          | Jbar_max       | Jbar_min       | center_pressure| edge_ux        |
+----------------+----------------+----------------+----------------+----------------+----------------+----------------+
:                :                :                :                :                :                :                :
|   7.700000e-02 |   9.716812e-01 |   9.709349e-01 |   9.868004e-01 |   9.866619e-01 |   1.836639e-02 |   1.115066e-02 |
|   7.800000e-02 |   9.716492e-01 |   9.709243e-01 |   9.867958e-01 |   9.866601e-01 |   1.772902e-02 |   1.112517e-02 |
|   7.900000e-02 |   9.716183e-01 |   9.709141e-01 |   9.867915e-01 |   9.866584e-01 |   1.711370e-02 |   1.110055e-02 |
|   8.000000e-02 |   9.715885e-01 |   9.709042e-01 |   9.867872e-01 |   9.866567e-01 |   1.651968e-02 |   1.107679e-02 |
|   8.100000e-02 |   9.715597e-01 |   9.708946e-01 |   9.867832e-01 |   9.866551e-01 |   1.594621e-02 |   1.105386e-02 |
|   8.200000e-02 |   9.715319e-01 |   9.708854e-01 |   9.867792e-01 |   9.866536e-01 |   1.539260e-02 |   1.103172e-02 |
|   8.300000e-02 |   9.715051e-01 |   9.708766e-01 |   9.867754e-01 |   9.866521e-01 |   1.485816e-02 |   1.101035e-02 |
|   8.400000e-02 |   9.714792e-01 |   9.708680e-01 |   9.867718e-01 |   9.866506e-01 |   1.434223e-02 |   1.098972e-02 |
|   8.500000e-02 |   9.714542e-01 |   9.708597e-01 |   9.867682e-01 |   9.866492e-01 |   1.384417e-02 |   1.096981e-02 |
|   8.600000e-02 |   9.714301e-01 |   9.708517e-01 |   9.867648e-01 |   9.866469e-01 |   1.336337e-02 |   1.095059e-02 |
|   8.700000e-02 |   9.714068e-01 |   9.708440e-01 |   9.867615e-01 |   9.866436e-01 |   1.289922e-02 |   1.093203e-02 |
|   8.800000e-02 |   9.713843e-01 |   9.708366e-01 |   9.867584e-01 |   9.866404e-01 |   1.245117e-02 |   1.091412e-02 |
|   8.900000e-02 |   9.713626e-01 |   9.708294e-01 |   9.867553e-01 |   9.866372e-01 |   1.201864e-02 |   1.089684e-02 |
|   9.000000e-02 |   9.713417e-01 |   9.708224e-01 |   9.867523e-01 |   9.866342e-01 |   1.160110e-02 |   1.088015e-02 |
|   9.100000e-02 |   9.713215e-01 |   9.708157e-01 |   9.867495e-01 |   9.866313e-01 |   1.119805e-02 |   1.086404e-02 |
+----------------+----------------+----------------+----------------+----------------+----------------+----------------+
+----------------+----------------+----------------+------------------+----------------+----------------+
| time           | mass           | mass_reaction  | outflow_gradient | platen_max     | platen_min     |
+----------------+----------------+----------------+------------------+----------------+----------------+
:                :                :                :                  :                :                :
|   7.700000e-02 |   1.519986e-01 |  -1.732862e-02 |     1.704443e-02 |  -6.802847e-03 |  -6.802847e-03 |
|   7.800000e-02 |   1.519819e-01 |  -1.672672e-02 |     1.645248e-02 |  -6.805195e-03 |  -6.805195e-03 |
|   7.900000e-02 |   1.519658e-01 |  -1.614568e-02 |     1.588104e-02 |  -6.807463e-03 |  -6.807463e-03 |
|   8.000000e-02 |   1.519502e-01 |  -1.558478e-02 |     1.532940e-02 |  -6.809652e-03 |  -6.809652e-03 |
|   8.100000e-02 |   1.519351e-01 |  -1.504333e-02 |     1.479689e-02 |  -6.811765e-03 |  -6.811765e-03 |
|   8.200000e-02 |   1.519206e-01 |  -1.452065e-02 |     1.428283e-02 |  -6.813804e-03 |  -6.813804e-03 |
|   8.300000e-02 |   1.519066e-01 |  -1.401610e-02 |     1.378660e-02 |  -6.815773e-03 |  -6.815773e-03 |
|   8.400000e-02 |   1.518931e-01 |  -1.352905e-02 |     1.330758e-02 |  -6.817673e-03 |  -6.817673e-03 |
|   8.500000e-02 |   1.518800e-01 |  -1.305890e-02 |     1.284517e-02 |  -6.819508e-03 |  -6.819508e-03 |
|   8.600000e-02 |   1.518674e-01 |  -1.260505e-02 |     1.239880e-02 |  -6.821278e-03 |  -6.821278e-03 |
|   8.700000e-02 |   1.518552e-01 |  -1.216696e-02 |     1.196791e-02 |  -6.822988e-03 |  -6.822988e-03 |
|   8.800000e-02 |   1.518435e-01 |  -1.174407e-02 |     1.155198e-02 |  -6.824638e-03 |  -6.824638e-03 |
|   8.900000e-02 |   1.518322e-01 |  -1.133585e-02 |     1.115047e-02 |  -6.826230e-03 |  -6.826230e-03 |
|   9.000000e-02 |   1.518212e-01 |  -1.094180e-02 |     1.076290e-02 |  -6.827768e-03 |  -6.827768e-03 |
|   9.100000e-02 |   1.518106e-01 |  -1.056143e-02 |     1.038879e-02 |  -6.829252e-03 |  -6.829252e-03 |
+----------------+----------------+----------------+------------------+----------------+----------------+
+----------------+--------------------+--------------------+----------------+----------------+----------------+
| time           | solid_fraction_max | solid_fraction_min | stability_max  | stability_min  | top_reaction   |
+----------------+--------------------+--------------------+----------------+----------------+----------------+
:                :                    :                    :                :                :                :
|   7.700000e-02 |       6.097317e-01 |       6.092504e-01 |   2.801055e+01 |   2.800024e+01 |  -1.400000e+00 |
|   7.800000e-02 |       6.097355e-01 |       6.092694e-01 |   2.801018e+01 |   2.800023e+01 |  -1.400000e+00 |
|   7.900000e-02 |       6.097392e-01 |       6.092877e-01 |   2.800983e+01 |   2.800022e+01 |  -1.400000e+00 |
|   8.000000e-02 |       6.097428e-01 |       6.093053e-01 |   2.800949e+01 |   2.800022e+01 |  -1.400000e+00 |
|   8.100000e-02 |       6.097462e-01 |       6.093224e-01 |   2.800916e+01 |   2.800021e+01 |  -1.400000e+00 |
|   8.200000e-02 |       6.097495e-01 |       6.093389e-01 |   2.800884e+01 |   2.800020e+01 |  -1.400000e+00 |
|   8.300000e-02 |       6.097527e-01 |       6.093548e-01 |   2.800853e+01 |   2.800019e+01 |  -1.400000e+00 |
|   8.400000e-02 |       6.097558e-01 |       6.093701e-01 |   2.800824e+01 |   2.800019e+01 |  -1.400000e+00 |
|   8.500000e-02 |       6.097588e-01 |       6.093849e-01 |   2.800795e+01 |   2.800018e+01 |  -1.400000e+00 |
|   8.600000e-02 |       6.097617e-01 |       6.093992e-01 |   2.800768e+01 |   2.800017e+01 |  -1.400000e+00 |
|   8.700000e-02 |       6.097644e-01 |       6.094130e-01 |   2.800741e+01 |   2.800017e+01 |  -1.400000e+00 |
|   8.800000e-02 |       6.097671e-01 |       6.094264e-01 |   2.800715e+01 |   2.800016e+01 |  -1.400000e+00 |
|   8.900000e-02 |       6.097697e-01 |       6.094392e-01 |   2.800690e+01 |   2.800016e+01 |  -1.400000e+00 |
|   9.000000e-02 |       6.097722e-01 |       6.094516e-01 |   2.800666e+01 |   2.800015e+01 |  -1.400000e+00 |
|   9.100000e-02 |       6.097746e-01 |       6.094636e-01 |   2.800643e+01 |   2.800015e+01 |  -1.400000e+00 |
+----------------+--------------------+--------------------+----------------+----------------+----------------+


Time Step 92, time = 0.092, dt = 0.001
 * Nonlinear |R| = [32m1.322605e-03[39m (Before preset BCs, predictors, correctors, and constraints)
 0 Nonlinear |R| = [32m1.322605e-03[39m
      0 Linear |R| = [32m1.322605e-03[39m
      1 Linear |R| = [32m4.067396e-04[39m
      2 Linear |R| = [32m3.633415e-04[39m
      3 Linear |R| = [32m7.285992e-06[39m
      4 Linear |R| = [32m1.961326e-06[39m
      5 Linear |R| = [32m1.649026e-06[39m
      6 Linear |R| = [32m2.092740e-07[39m
      7 Linear |R| = [32m1.162103e-07[39m
      8 Linear |R| = [32m1.834776e-08[39m
      9 Linear |R| = [32m1.726586e-08[39m
     10 Linear |R| = [32m1.848269e-09[39m
     11 Linear |R| = [32m4.339433e-10[39m
     12 Linear |R| = [32m5.487060e-11[39m
     13 Linear |R| = [32m3.342171e-11[39m
     14 Linear |R| = [32m1.005829e-11[39m
     15 Linear |R| = [32m4.516889e-13[39m
 1 Nonlinear |R| = [32m4.680581e-08[39m
      0 Linear |R| = [32m4.680581e-08[39m
      1 Linear |R| = [32m7.518453e-09[39m
      2 Linear |R| = [32m1.081750e-09[39m
      3 Linear |R| = [32m1.390913e-10[39m
      4 Linear |R| = [32m4.321163e-11[39m
      5 Linear |R| = [33m4.245885e-11[39m
      6 Linear |R| = [32m1.432039e-11[39m
      7 Linear |R| = [32m3.515059e-12[39m
      8 Linear |R| = [32m5.100921e-13[39m
      9 Linear |R| = [33m5.096423e-13[39m
     10 Linear |R| = [32m9.607124e-14[39m
     11 Linear |R| = [32m2.057088e-14[39m
     12 Linear |R| = [32m2.342317e-15[39m
     13 Linear |R| = [32m2.146775e-15[39m
     14 Linear |R| = [32m5.245124e-16[39m
     15 Linear |R| = [32m2.443784e-17[39m
 2 Nonlinear |R| = [32m1.850733e-13[39m
[32m Solve Converged![39m

Outlier Variable Residual Norms:
  uy: [33m1.592905e-13[39m

Postprocessor Values:
+----------------+----------------+----------------+----------------+----------------+----------------+----------------+
| time           | J_max          | J_min          | Jbar_max       | Jbar_min       | center_pressure| edge_ux        |
+----------------+----------------+----------------+----------------+----------------+----------------+----------------+
:                :                :                :                :                :                :                :
|   7.800000e-02 |   9.716492e-01 |   9.709243e-01 |   9.867958e-01 |   9.866601e-01 |   1.772902e-02 |   1.112517e-02 |
|   7.900000e-02 |   9.716183e-01 |   9.709141e-01 |   9.867915e-01 |   9.866584e-01 |   1.711370e-02 |   1.110055e-02 |
|   8.000000e-02 |   9.715885e-01 |   9.709042e-01 |   9.867872e-01 |   9.866567e-01 |   1.651968e-02 |   1.107679e-02 |
|   8.100000e-02 |   9.715597e-01 |   9.708946e-01 |   9.867832e-01 |   9.866551e-01 |   1.594621e-02 |   1.105386e-02 |
|   8.200000e-02 |   9.715319e-01 |   9.708854e-01 |   9.867792e-01 |   9.866536e-01 |   1.539260e-02 |   1.103172e-02 |
|   8.300000e-02 |   9.715051e-01 |   9.708766e-01 |   9.867754e-01 |   9.866521e-01 |   1.485816e-02 |   1.101035e-02 |
|   8.400000e-02 |   9.714792e-01 |   9.708680e-01 |   9.867718e-01 |   9.866506e-01 |   1.434223e-02 |   1.098972e-02 |
|   8.500000e-02 |   9.714542e-01 |   9.708597e-01 |   9.867682e-01 |   9.866492e-01 |   1.384417e-02 |   1.096981e-02 |
|   8.600000e-02 |   9.714301e-01 |   9.708517e-01 |   9.867648e-01 |   9.866469e-01 |   1.336337e-02 |   1.095059e-02 |
|   8.700000e-02 |   9.714068e-01 |   9.708440e-01 |   9.867615e-01 |   9.866436e-01 |   1.289922e-02 |   1.093203e-02 |
|   8.800000e-02 |   9.713843e-01 |   9.708366e-01 |   9.867584e-01 |   9.866404e-01 |   1.245117e-02 |   1.091412e-02 |
|   8.900000e-02 |   9.713626e-01 |   9.708294e-01 |   9.867553e-01 |   9.866372e-01 |   1.201864e-02 |   1.089684e-02 |
|   9.000000e-02 |   9.713417e-01 |   9.708224e-01 |   9.867523e-01 |   9.866342e-01 |   1.160110e-02 |   1.088015e-02 |
|   9.100000e-02 |   9.713215e-01 |   9.708157e-01 |   9.867495e-01 |   9.866313e-01 |   1.119805e-02 |   1.086404e-02 |
|   9.200000e-02 |   9.713020e-01 |   9.708093e-01 |   9.867467e-01 |   9.866285e-01 |   1.080897e-02 |   1.084849e-02 |
+----------------+----------------+----------------+----------------+----------------+----------------+----------------+
+----------------+----------------+----------------+------------------+----------------+----------------+
| time           | mass           | mass_reaction  | outflow_gradient | platen_max     | platen_min     |
+----------------+----------------+----------------+------------------+----------------+----------------+
:                :                :                :                  :                :                :
|   7.800000e-02 |   1.519819e-01 |  -1.672672e-02 |     1.645248e-02 |  -6.805195e-03 |  -6.805195e-03 |
|   7.900000e-02 |   1.519658e-01 |  -1.614568e-02 |     1.588104e-02 |  -6.807463e-03 |  -6.807463e-03 |
|   8.000000e-02 |   1.519502e-01 |  -1.558478e-02 |     1.532940e-02 |  -6.809652e-03 |  -6.809652e-03 |
|   8.100000e-02 |   1.519351e-01 |  -1.504333e-02 |     1.479689e-02 |  -6.811765e-03 |  -6.811765e-03 |
|   8.200000e-02 |   1.519206e-01 |  -1.452065e-02 |     1.428283e-02 |  -6.813804e-03 |  -6.813804e-03 |
|   8.300000e-02 |   1.519066e-01 |  -1.401610e-02 |     1.378660e-02 |  -6.815773e-03 |  -6.815773e-03 |
|   8.400000e-02 |   1.518931e-01 |  -1.352905e-02 |     1.330758e-02 |  -6.817673e-03 |  -6.817673e-03 |
|   8.500000e-02 |   1.518800e-01 |  -1.305890e-02 |     1.284517e-02 |  -6.819508e-03 |  -6.819508e-03 |
|   8.600000e-02 |   1.518674e-01 |  -1.260505e-02 |     1.239880e-02 |  -6.821278e-03 |  -6.821278e-03 |
|   8.700000e-02 |   1.518552e-01 |  -1.216696e-02 |     1.196791e-02 |  -6.822988e-03 |  -6.822988e-03 |
|   8.800000e-02 |   1.518435e-01 |  -1.174407e-02 |     1.155198e-02 |  -6.824638e-03 |  -6.824638e-03 |
|   8.900000e-02 |   1.518322e-01 |  -1.133585e-02 |     1.115047e-02 |  -6.826230e-03 |  -6.826230e-03 |
|   9.000000e-02 |   1.518212e-01 |  -1.094180e-02 |     1.076290e-02 |  -6.827768e-03 |  -6.827768e-03 |
|   9.100000e-02 |   1.518106e-01 |  -1.056143e-02 |     1.038879e-02 |  -6.829252e-03 |  -6.829252e-03 |
|   9.200000e-02 |   1.518005e-01 |  -1.019427e-02 |     1.002765e-02 |  -6.830684e-03 |  -6.830684e-03 |
+----------------+----------------+----------------+------------------+----------------+----------------+
+----------------+--------------------+--------------------+----------------+----------------+----------------+
| time           | solid_fraction_max | solid_fraction_min | stability_max  | stability_min  | top_reaction   |
+----------------+--------------------+--------------------+----------------+----------------+----------------+
:                :                    :                    :                :                :                :
|   7.800000e-02 |       6.097355e-01 |       6.092694e-01 |   2.801018e+01 |   2.800023e+01 |  -1.400000e+00 |
|   7.900000e-02 |       6.097392e-01 |       6.092877e-01 |   2.800983e+01 |   2.800022e+01 |  -1.400000e+00 |
|   8.000000e-02 |       6.097428e-01 |       6.093053e-01 |   2.800949e+01 |   2.800022e+01 |  -1.400000e+00 |
|   8.100000e-02 |       6.097462e-01 |       6.093224e-01 |   2.800916e+01 |   2.800021e+01 |  -1.400000e+00 |
|   8.200000e-02 |       6.097495e-01 |       6.093389e-01 |   2.800884e+01 |   2.800020e+01 |  -1.400000e+00 |
|   8.300000e-02 |       6.097527e-01 |       6.093548e-01 |   2.800853e+01 |   2.800019e+01 |  -1.400000e+00 |
|   8.400000e-02 |       6.097558e-01 |       6.093701e-01 |   2.800824e+01 |   2.800019e+01 |  -1.400000e+00 |
|   8.500000e-02 |       6.097588e-01 |       6.093849e-01 |   2.800795e+01 |   2.800018e+01 |  -1.400000e+00 |
|   8.600000e-02 |       6.097617e-01 |       6.093992e-01 |   2.800768e+01 |   2.800017e+01 |  -1.400000e+00 |
|   8.700000e-02 |       6.097644e-01 |       6.094130e-01 |   2.800741e+01 |   2.800017e+01 |  -1.400000e+00 |
|   8.800000e-02 |       6.097671e-01 |       6.094264e-01 |   2.800715e+01 |   2.800016e+01 |  -1.400000e+00 |
|   8.900000e-02 |       6.097697e-01 |       6.094392e-01 |   2.800690e+01 |   2.800016e+01 |  -1.400000e+00 |
|   9.000000e-02 |       6.097722e-01 |       6.094516e-01 |   2.800666e+01 |   2.800015e+01 |  -1.400000e+00 |
|   9.100000e-02 |       6.097746e-01 |       6.094636e-01 |   2.800643e+01 |   2.800015e+01 |  -1.400000e+00 |
|   9.200000e-02 |       6.097769e-01 |       6.094752e-01 |   2.800621e+01 |   2.800014e+01 |  -1.400000e+00 |
+----------------+--------------------+--------------------+----------------+----------------+----------------+


Time Step 93, time = 0.093, dt = 0.001
 * Nonlinear |R| = [32m1.276620e-03[39m (Before preset BCs, predictors, correctors, and constraints)
 0 Nonlinear |R| = [32m1.276620e-03[39m
      0 Linear |R| = [32m1.276620e-03[39m
      1 Linear |R| = [32m3.926159e-04[39m
      2 Linear |R| = [32m3.507289e-04[39m
      3 Linear |R| = [32m7.032805e-06[39m
      4 Linear |R| = [32m1.893254e-06[39m
      5 Linear |R| = [32m1.605470e-06[39m
      6 Linear |R| = [32m2.020075e-07[39m
      7 Linear |R| = [32m1.121735e-07[39m
      8 Linear |R| = [32m1.779700e-08[39m
      9 Linear |R| = [33m1.753736e-08[39m
     10 Linear |R| = [32m1.784003e-09[39m
     11 Linear |R| = [32m4.188499e-10[39m
     12 Linear |R| = [32m7.090273e-11[39m
     13 Linear |R| = [32m3.226209e-11[39m
     14 Linear |R| = [32m9.708473e-12[39m
     15 Linear |R| = [32m4.362435e-13[39m
 1 Nonlinear |R| = [32m4.289269e-08[39m
      0 Linear |R| = [32m4.289269e-08[39m
      1 Linear |R| = [32m7.391849e-09[39m
      2 Linear |R| = [32m1.893489e-09[39m
      3 Linear |R| = [32m1.404186e-10[39m
      4 Linear |R| = [32m4.137409e-11[39m
      5 Linear |R| = [33m4.015585e-11[39m
      6 Linear |R| = [32m1.169992e-11[39m
      7 Linear |R| = [32m3.539802e-12[39m
      8 Linear |R| = [32m5.061071e-13[39m
      9 Linear |R| = [33m4.905256e-13[39m
     10 Linear |R| = [32m1.072069e-13[39m
     11 Linear |R| = [32m2.452820e-14[39m
     12 Linear |R| = [32m2.744836e-15[39m
     13 Linear |R| = [32m2.011360e-15[39m
     14 Linear |R| = [32m4.284567e-16[39m
     15 Linear |R| = [32m2.444251e-17[39m
 2 Nonlinear |R| = [32m1.588075e-13[39m
[32m Solve Converged![39m

Outlier Variable Residual Norms:
  uy: [33m1.332756e-13[39m

Postprocessor Values:
+----------------+----------------+----------------+----------------+----------------+----------------+----------------+
| time           | J_max          | J_min          | Jbar_max       | Jbar_min       | center_pressure| edge_ux        |
+----------------+----------------+----------------+----------------+----------------+----------------+----------------+
:                :                :                :                :                :                :                :
|   7.900000e-02 |   9.716183e-01 |   9.709141e-01 |   9.867915e-01 |   9.866584e-01 |   1.711370e-02 |   1.110055e-02 |
|   8.000000e-02 |   9.715885e-01 |   9.709042e-01 |   9.867872e-01 |   9.866567e-01 |   1.651968e-02 |   1.107679e-02 |
|   8.100000e-02 |   9.715597e-01 |   9.708946e-01 |   9.867832e-01 |   9.866551e-01 |   1.594621e-02 |   1.105386e-02 |
|   8.200000e-02 |   9.715319e-01 |   9.708854e-01 |   9.867792e-01 |   9.866536e-01 |   1.539260e-02 |   1.103172e-02 |
|   8.300000e-02 |   9.715051e-01 |   9.708766e-01 |   9.867754e-01 |   9.866521e-01 |   1.485816e-02 |   1.101035e-02 |
|   8.400000e-02 |   9.714792e-01 |   9.708680e-01 |   9.867718e-01 |   9.866506e-01 |   1.434223e-02 |   1.098972e-02 |
|   8.500000e-02 |   9.714542e-01 |   9.708597e-01 |   9.867682e-01 |   9.866492e-01 |   1.384417e-02 |   1.096981e-02 |
|   8.600000e-02 |   9.714301e-01 |   9.708517e-01 |   9.867648e-01 |   9.866469e-01 |   1.336337e-02 |   1.095059e-02 |
|   8.700000e-02 |   9.714068e-01 |   9.708440e-01 |   9.867615e-01 |   9.866436e-01 |   1.289922e-02 |   1.093203e-02 |
|   8.800000e-02 |   9.713843e-01 |   9.708366e-01 |   9.867584e-01 |   9.866404e-01 |   1.245117e-02 |   1.091412e-02 |
|   8.900000e-02 |   9.713626e-01 |   9.708294e-01 |   9.867553e-01 |   9.866372e-01 |   1.201864e-02 |   1.089684e-02 |
|   9.000000e-02 |   9.713417e-01 |   9.708224e-01 |   9.867523e-01 |   9.866342e-01 |   1.160110e-02 |   1.088015e-02 |
|   9.100000e-02 |   9.713215e-01 |   9.708157e-01 |   9.867495e-01 |   9.866313e-01 |   1.119805e-02 |   1.086404e-02 |
|   9.200000e-02 |   9.713020e-01 |   9.708093e-01 |   9.867467e-01 |   9.866285e-01 |   1.080897e-02 |   1.084849e-02 |
|   9.300000e-02 |   9.712831e-01 |   9.708030e-01 |   9.867440e-01 |   9.866258e-01 |   1.043338e-02 |   1.083348e-02 |
+----------------+----------------+----------------+----------------+----------------+----------------+----------------+
+----------------+----------------+----------------+------------------+----------------+----------------+
| time           | mass           | mass_reaction  | outflow_gradient | platen_max     | platen_min     |
+----------------+----------------+----------------+------------------+----------------+----------------+
:                :                :                :                  :                :                :
|   7.900000e-02 |   1.519658e-01 |  -1.614568e-02 |     1.588104e-02 |  -6.807463e-03 |  -6.807463e-03 |
|   8.000000e-02 |   1.519502e-01 |  -1.558478e-02 |     1.532940e-02 |  -6.809652e-03 |  -6.809652e-03 |
|   8.100000e-02 |   1.519351e-01 |  -1.504333e-02 |     1.479689e-02 |  -6.811765e-03 |  -6.811765e-03 |
|   8.200000e-02 |   1.519206e-01 |  -1.452065e-02 |     1.428283e-02 |  -6.813804e-03 |  -6.813804e-03 |
|   8.300000e-02 |   1.519066e-01 |  -1.401610e-02 |     1.378660e-02 |  -6.815773e-03 |  -6.815773e-03 |
|   8.400000e-02 |   1.518931e-01 |  -1.352905e-02 |     1.330758e-02 |  -6.817673e-03 |  -6.817673e-03 |
|   8.500000e-02 |   1.518800e-01 |  -1.305890e-02 |     1.284517e-02 |  -6.819508e-03 |  -6.819508e-03 |
|   8.600000e-02 |   1.518674e-01 |  -1.260505e-02 |     1.239880e-02 |  -6.821278e-03 |  -6.821278e-03 |
|   8.700000e-02 |   1.518552e-01 |  -1.216696e-02 |     1.196791e-02 |  -6.822988e-03 |  -6.822988e-03 |
|   8.800000e-02 |   1.518435e-01 |  -1.174407e-02 |     1.155198e-02 |  -6.824638e-03 |  -6.824638e-03 |
|   8.900000e-02 |   1.518322e-01 |  -1.133585e-02 |     1.115047e-02 |  -6.826230e-03 |  -6.826230e-03 |
|   9.000000e-02 |   1.518212e-01 |  -1.094180e-02 |     1.076290e-02 |  -6.827768e-03 |  -6.827768e-03 |
|   9.100000e-02 |   1.518106e-01 |  -1.056143e-02 |     1.038879e-02 |  -6.829252e-03 |  -6.829252e-03 |
|   9.200000e-02 |   1.518005e-01 |  -1.019427e-02 |     1.002765e-02 |  -6.830684e-03 |  -6.830684e-03 |
|   9.300000e-02 |   1.517906e-01 |  -9.839854e-03 |     9.679057e-03 |  -6.832067e-03 |  -6.832067e-03 |
+----------------+----------------+----------------+------------------+----------------+----------------+
+----------------+--------------------+--------------------+----------------+----------------+----------------+
| time           | solid_fraction_max | solid_fraction_min | stability_max  | stability_min  | top_reaction   |
+----------------+--------------------+--------------------+----------------+----------------+----------------+
:                :                    :                    :                :                :                :
|   7.900000e-02 |       6.097392e-01 |       6.092877e-01 |   2.800983e+01 |   2.800022e+01 |  -1.400000e+00 |
|   8.000000e-02 |       6.097428e-01 |       6.093053e-01 |   2.800949e+01 |   2.800022e+01 |  -1.400000e+00 |
|   8.100000e-02 |       6.097462e-01 |       6.093224e-01 |   2.800916e+01 |   2.800021e+01 |  -1.400000e+00 |
|   8.200000e-02 |       6.097495e-01 |       6.093389e-01 |   2.800884e+01 |   2.800020e+01 |  -1.400000e+00 |
|   8.300000e-02 |       6.097527e-01 |       6.093548e-01 |   2.800853e+01 |   2.800019e+01 |  -1.400000e+00 |
|   8.400000e-02 |       6.097558e-01 |       6.093701e-01 |   2.800824e+01 |   2.800019e+01 |  -1.400000e+00 |
|   8.500000e-02 |       6.097588e-01 |       6.093849e-01 |   2.800795e+01 |   2.800018e+01 |  -1.400000e+00 |
|   8.600000e-02 |       6.097617e-01 |       6.093992e-01 |   2.800768e+01 |   2.800017e+01 |  -1.400000e+00 |
|   8.700000e-02 |       6.097644e-01 |       6.094130e-01 |   2.800741e+01 |   2.800017e+01 |  -1.400000e+00 |
|   8.800000e-02 |       6.097671e-01 |       6.094264e-01 |   2.800715e+01 |   2.800016e+01 |  -1.400000e+00 |
|   8.900000e-02 |       6.097697e-01 |       6.094392e-01 |   2.800690e+01 |   2.800016e+01 |  -1.400000e+00 |
|   9.000000e-02 |       6.097722e-01 |       6.094516e-01 |   2.800666e+01 |   2.800015e+01 |  -1.400000e+00 |
|   9.100000e-02 |       6.097746e-01 |       6.094636e-01 |   2.800643e+01 |   2.800015e+01 |  -1.400000e+00 |
|   9.200000e-02 |       6.097769e-01 |       6.094752e-01 |   2.800621e+01 |   2.800014e+01 |  -1.400000e+00 |
|   9.300000e-02 |       6.097792e-01 |       6.094864e-01 |   2.800599e+01 |   2.800014e+01 |  -1.400000e+00 |
+----------------+--------------------+--------------------+----------------+----------------+----------------+


Time Step 94, time = 0.094, dt = 0.001
 * Nonlinear |R| = [32m1.232231e-03[39m (Before preset BCs, predictors, correctors, and constraints)
 0 Nonlinear |R| = [32m1.232231e-03[39m
      0 Linear |R| = [32m1.232231e-03[39m
      1 Linear |R| = [32m3.789810e-04[39m
      2 Linear |R| = [32m3.385518e-04[39m
      3 Linear |R| = [32m6.788452e-06[39m
      4 Linear |R| = [32m1.827649e-06[39m
      5 Linear |R| = [32m1.563984e-06[39m
      6 Linear |R| = [32m1.949909e-07[39m
      7 Linear |R| = [32m1.082758e-07[39m
      8 Linear |R| = [32m1.732637e-08[39m
      9 Linear |R| = [33m1.731579e-08[39m
     10 Linear |R| = [32m1.721954e-09[39m
     11 Linear |R| = [32m4.042734e-10[39m
     12 Linear |R| = [32m6.812309e-11[39m
     13 Linear |R| = [32m3.114045e-11[39m
     14 Linear |R| = [32m9.370406e-12[39m
     15 Linear |R| = [32m4.209036e-13[39m
 1 Nonlinear |R| = [32m4.116240e-08[39m
      0 Linear |R| = [32m4.116240e-08[39m
      1 Linear |R| = [32m6.979693e-09[39m
      2 Linear |R| = [32m3.487648e-09[39m
      3 Linear |R| = [32m1.277776e-10[39m
      4 Linear |R| = [32m3.819851e-11[39m
      5 Linear |R| = [33m3.726166e-11[39m
      6 Linear |R| = [32m1.152511e-11[39m
      7 Linear |R| = [32m3.374871e-12[39m
      8 Linear |R| = [32m4.879353e-13[39m
      9 Linear |R| = [33m4.861027e-13[39m
     10 Linear |R| = [32m1.183474e-13[39m
     11 Linear |R| = [32m2.131813e-14[39m
     12 Linear |R| = [32m2.447002e-15[39m
     13 Linear |R| = [32m1.965087e-15[39m
     14 Linear |R| = [32m5.073562e-16[39m
     15 Linear |R| = [32m3.114833e-17[39m
 2 Nonlinear |R| = [32m1.464496e-13[39m
[32m Solve Converged![39m

Outlier Variable Residual Norms:
  uy: [33m1.269219e-13[39m

Postprocessor Values:
+----------------+----------------+----------------+----------------+----------------+----------------+----------------+
| time           | J_max          | J_min          | Jbar_max       | Jbar_min       | center_pressure| edge_ux        |
+----------------+----------------+----------------+----------------+----------------+----------------+----------------+
:                :                :                :                :                :                :                :
|   8.000000e-02 |   9.715885e-01 |   9.709042e-01 |   9.867872e-01 |   9.866567e-01 |   1.651968e-02 |   1.107679e-02 |
|   8.100000e-02 |   9.715597e-01 |   9.708946e-01 |   9.867832e-01 |   9.866551e-01 |   1.594621e-02 |   1.105386e-02 |
|   8.200000e-02 |   9.715319e-01 |   9.708854e-01 |   9.867792e-01 |   9.866536e-01 |   1.539260e-02 |   1.103172e-02 |
|   8.300000e-02 |   9.715051e-01 |   9.708766e-01 |   9.867754e-01 |   9.866521e-01 |   1.485816e-02 |   1.101035e-02 |
|   8.400000e-02 |   9.714792e-01 |   9.708680e-01 |   9.867718e-01 |   9.866506e-01 |   1.434223e-02 |   1.098972e-02 |
|   8.500000e-02 |   9.714542e-01 |   9.708597e-01 |   9.867682e-01 |   9.866492e-01 |   1.384417e-02 |   1.096981e-02 |
|   8.600000e-02 |   9.714301e-01 |   9.708517e-01 |   9.867648e-01 |   9.866469e-01 |   1.336337e-02 |   1.095059e-02 |
|   8.700000e-02 |   9.714068e-01 |   9.708440e-01 |   9.867615e-01 |   9.866436e-01 |   1.289922e-02 |   1.093203e-02 |
|   8.800000e-02 |   9.713843e-01 |   9.708366e-01 |   9.867584e-01 |   9.866404e-01 |   1.245117e-02 |   1.091412e-02 |
|   8.900000e-02 |   9.713626e-01 |   9.708294e-01 |   9.867553e-01 |   9.866372e-01 |   1.201864e-02 |   1.089684e-02 |
|   9.000000e-02 |   9.713417e-01 |   9.708224e-01 |   9.867523e-01 |   9.866342e-01 |   1.160110e-02 |   1.088015e-02 |
|   9.100000e-02 |   9.713215e-01 |   9.708157e-01 |   9.867495e-01 |   9.866313e-01 |   1.119805e-02 |   1.086404e-02 |
|   9.200000e-02 |   9.713020e-01 |   9.708093e-01 |   9.867467e-01 |   9.866285e-01 |   1.080897e-02 |   1.084849e-02 |
|   9.300000e-02 |   9.712831e-01 |   9.708030e-01 |   9.867440e-01 |   9.866258e-01 |   1.043338e-02 |   1.083348e-02 |
|   9.400000e-02 |   9.712650e-01 |   9.707970e-01 |   9.867415e-01 |   9.866232e-01 |   1.007082e-02 |   1.081900e-02 |
+----------------+----------------+----------------+----------------+----------------+----------------+----------------+
+----------------+----------------+----------------+------------------+----------------+----------------+
| time           | mass           | mass_reaction  | outflow_gradient | platen_max     | platen_min     |
+----------------+----------------+----------------+------------------+----------------+----------------+
:                :                :                :                  :                :                :
|   8.000000e-02 |   1.519502e-01 |  -1.558478e-02 |     1.532940e-02 |  -6.809652e-03 |  -6.809652e-03 |
|   8.100000e-02 |   1.519351e-01 |  -1.504333e-02 |     1.479689e-02 |  -6.811765e-03 |  -6.811765e-03 |
|   8.200000e-02 |   1.519206e-01 |  -1.452065e-02 |     1.428283e-02 |  -6.813804e-03 |  -6.813804e-03 |
|   8.300000e-02 |   1.519066e-01 |  -1.401610e-02 |     1.378660e-02 |  -6.815773e-03 |  -6.815773e-03 |
|   8.400000e-02 |   1.518931e-01 |  -1.352905e-02 |     1.330758e-02 |  -6.817673e-03 |  -6.817673e-03 |
|   8.500000e-02 |   1.518800e-01 |  -1.305890e-02 |     1.284517e-02 |  -6.819508e-03 |  -6.819508e-03 |
|   8.600000e-02 |   1.518674e-01 |  -1.260505e-02 |     1.239880e-02 |  -6.821278e-03 |  -6.821278e-03 |
|   8.700000e-02 |   1.518552e-01 |  -1.216696e-02 |     1.196791e-02 |  -6.822988e-03 |  -6.822988e-03 |
|   8.800000e-02 |   1.518435e-01 |  -1.174407e-02 |     1.155198e-02 |  -6.824638e-03 |  -6.824638e-03 |
|   8.900000e-02 |   1.518322e-01 |  -1.133585e-02 |     1.115047e-02 |  -6.826230e-03 |  -6.826230e-03 |
|   9.000000e-02 |   1.518212e-01 |  -1.094180e-02 |     1.076290e-02 |  -6.827768e-03 |  -6.827768e-03 |
|   9.100000e-02 |   1.518106e-01 |  -1.056143e-02 |     1.038879e-02 |  -6.829252e-03 |  -6.829252e-03 |
|   9.200000e-02 |   1.518005e-01 |  -1.019427e-02 |     1.002765e-02 |  -6.830684e-03 |  -6.830684e-03 |
|   9.300000e-02 |   1.517906e-01 |  -9.839854e-03 |     9.679057e-03 |  -6.832067e-03 |  -6.832067e-03 |
|   9.400000e-02 |   1.517811e-01 |  -9.497744e-03 |     9.342563e-03 |  -6.833401e-03 |  -6.833401e-03 |
+----------------+----------------+----------------+------------------+----------------+----------------+
+----------------+--------------------+--------------------+----------------+----------------+----------------+
| time           | solid_fraction_max | solid_fraction_min | stability_max  | stability_min  | top_reaction   |
+----------------+--------------------+--------------------+----------------+----------------+----------------+
:                :                    :                    :                :                :                :
|   8.000000e-02 |       6.097428e-01 |       6.093053e-01 |   2.800949e+01 |   2.800022e+01 |  -1.400000e+00 |
|   8.100000e-02 |       6.097462e-01 |       6.093224e-01 |   2.800916e+01 |   2.800021e+01 |  -1.400000e+00 |
|   8.200000e-02 |       6.097495e-01 |       6.093389e-01 |   2.800884e+01 |   2.800020e+01 |  -1.400000e+00 |
|   8.300000e-02 |       6.097527e-01 |       6.093548e-01 |   2.800853e+01 |   2.800019e+01 |  -1.400000e+00 |
|   8.400000e-02 |       6.097558e-01 |       6.093701e-01 |   2.800824e+01 |   2.800019e+01 |  -1.400000e+00 |
|   8.500000e-02 |       6.097588e-01 |       6.093849e-01 |   2.800795e+01 |   2.800018e+01 |  -1.400000e+00 |
|   8.600000e-02 |       6.097617e-01 |       6.093992e-01 |   2.800768e+01 |   2.800017e+01 |  -1.400000e+00 |
|   8.700000e-02 |       6.097644e-01 |       6.094130e-01 |   2.800741e+01 |   2.800017e+01 |  -1.400000e+00 |
|   8.800000e-02 |       6.097671e-01 |       6.094264e-01 |   2.800715e+01 |   2.800016e+01 |  -1.400000e+00 |
|   8.900000e-02 |       6.097697e-01 |       6.094392e-01 |   2.800690e+01 |   2.800016e+01 |  -1.400000e+00 |
|   9.000000e-02 |       6.097722e-01 |       6.094516e-01 |   2.800666e+01 |   2.800015e+01 |  -1.400000e+00 |
|   9.100000e-02 |       6.097746e-01 |       6.094636e-01 |   2.800643e+01 |   2.800015e+01 |  -1.400000e+00 |
|   9.200000e-02 |       6.097769e-01 |       6.094752e-01 |   2.800621e+01 |   2.800014e+01 |  -1.400000e+00 |
|   9.300000e-02 |       6.097792e-01 |       6.094864e-01 |   2.800599e+01 |   2.800014e+01 |  -1.400000e+00 |
|   9.400000e-02 |       6.097814e-01 |       6.094972e-01 |   2.800578e+01 |   2.800013e+01 |  -1.400000e+00 |
+----------------+--------------------+--------------------+----------------+----------------+----------------+


Time Step 95, time = 0.095, dt = 0.001
 * Nonlinear |R| = [32m1.189385e-03[39m (Before preset BCs, predictors, correctors, and constraints)
 0 Nonlinear |R| = [32m1.189385e-03[39m
      0 Linear |R| = [32m1.189385e-03[39m
      1 Linear |R| = [32m3.658155e-04[39m
      2 Linear |R| = [32m3.267919e-04[39m
      3 Linear |R| = [32m6.552645e-06[39m
      4 Linear |R| = [32m1.764307e-06[39m
      5 Linear |R| = [32m1.487004e-06[39m
      6 Linear |R| = [32m1.882150e-07[39m
      7 Linear |R| = [32m1.045128e-07[39m
      8 Linear |R| = [32m1.646927e-08[39m
      9 Linear |R| = [32m1.460237e-08[39m
     10 Linear |R| = [32m1.662113e-09[39m
     11 Linear |R| = [32m3.902120e-10[39m
     12 Linear |R| = [32m3.362210e-11[39m
     13 Linear |R| = [32m3.004089e-11[39m
     14 Linear |R| = [32m9.044888e-12[39m
     15 Linear |R| = [32m4.052287e-13[39m
 1 Nonlinear |R| = [32m3.744120e-08[39m
      0 Linear |R| = [32m3.744120e-08[39m
      1 Linear |R| = [32m6.099441e-09[39m
      2 Linear |R| = [32m5.376885e-10[39m
      3 Linear |R| = [32m1.266394e-10[39m
      4 Linear |R| = [32m3.839907e-11[39m
      5 Linear |R| = [33m3.676319e-11[39m
      6 Linear |R| = [32m1.235630e-11[39m
      7 Linear |R| = [32m3.467723e-12[39m
      8 Linear |R| = [32m4.259303e-13[39m
      9 Linear |R| = [33m4.101114e-13[39m
     10 Linear |R| = [32m1.102806e-13[39m
     11 Linear |R| = [32m1.783475e-14[39m
     12 Linear |R| = [32m2.607218e-15[39m
     13 Linear |R| = [32m2.396311e-15[39m
     14 Linear |R| = [32m3.976096e-16[39m
     15 Linear |R| = [32m2.579282e-17[39m
 2 Nonlinear |R| = [32m1.452237e-13[39m
[32m Solve Converged![39m

Outlier Variable Residual Norms:
  uy: [33m1.288596e-13[39m

Postprocessor Values:
+----------------+----------------+----------------+----------------+----------------+----------------+----------------+
| time           | J_max          | J_min          | Jbar_max       | Jbar_min       | center_pressure| edge_ux        |
+----------------+----------------+----------------+----------------+----------------+----------------+----------------+
:                :                :                :                :                :                :                :
|   8.100000e-02 |   9.715597e-01 |   9.708946e-01 |   9.867832e-01 |   9.866551e-01 |   1.594621e-02 |   1.105386e-02 |
|   8.200000e-02 |   9.715319e-01 |   9.708854e-01 |   9.867792e-01 |   9.866536e-01 |   1.539260e-02 |   1.103172e-02 |
|   8.300000e-02 |   9.715051e-01 |   9.708766e-01 |   9.867754e-01 |   9.866521e-01 |   1.485816e-02 |   1.101035e-02 |
|   8.400000e-02 |   9.714792e-01 |   9.708680e-01 |   9.867718e-01 |   9.866506e-01 |   1.434223e-02 |   1.098972e-02 |
|   8.500000e-02 |   9.714542e-01 |   9.708597e-01 |   9.867682e-01 |   9.866492e-01 |   1.384417e-02 |   1.096981e-02 |
|   8.600000e-02 |   9.714301e-01 |   9.708517e-01 |   9.867648e-01 |   9.866469e-01 |   1.336337e-02 |   1.095059e-02 |
|   8.700000e-02 |   9.714068e-01 |   9.708440e-01 |   9.867615e-01 |   9.866436e-01 |   1.289922e-02 |   1.093203e-02 |
|   8.800000e-02 |   9.713843e-01 |   9.708366e-01 |   9.867584e-01 |   9.866404e-01 |   1.245117e-02 |   1.091412e-02 |
|   8.900000e-02 |   9.713626e-01 |   9.708294e-01 |   9.867553e-01 |   9.866372e-01 |   1.201864e-02 |   1.089684e-02 |
|   9.000000e-02 |   9.713417e-01 |   9.708224e-01 |   9.867523e-01 |   9.866342e-01 |   1.160110e-02 |   1.088015e-02 |
|   9.100000e-02 |   9.713215e-01 |   9.708157e-01 |   9.867495e-01 |   9.866313e-01 |   1.119805e-02 |   1.086404e-02 |
|   9.200000e-02 |   9.713020e-01 |   9.708093e-01 |   9.867467e-01 |   9.866285e-01 |   1.080897e-02 |   1.084849e-02 |
|   9.300000e-02 |   9.712831e-01 |   9.708030e-01 |   9.867440e-01 |   9.866258e-01 |   1.043338e-02 |   1.083348e-02 |
|   9.400000e-02 |   9.712650e-01 |   9.707970e-01 |   9.867415e-01 |   9.866232e-01 |   1.007082e-02 |   1.081900e-02 |
|   9.500000e-02 |   9.712474e-01 |   9.707912e-01 |   9.867390e-01 |   9.866207e-01 |   9.720843e-03 |   1.080501e-02 |
+----------------+----------------+----------------+----------------+----------------+----------------+----------------+
+----------------+----------------+----------------+------------------+----------------+----------------+
| time           | mass           | mass_reaction  | outflow_gradient | platen_max     | platen_min     |
+----------------+----------------+----------------+------------------+----------------+----------------+
:                :                :                :                  :                :                :
|   8.100000e-02 |   1.519351e-01 |  -1.504333e-02 |     1.479689e-02 |  -6.811765e-03 |  -6.811765e-03 |
|   8.200000e-02 |   1.519206e-01 |  -1.452065e-02 |     1.428283e-02 |  -6.813804e-03 |  -6.813804e-03 |
|   8.300000e-02 |   1.519066e-01 |  -1.401610e-02 |     1.378660e-02 |  -6.815773e-03 |  -6.815773e-03 |
|   8.400000e-02 |   1.518931e-01 |  -1.352905e-02 |     1.330758e-02 |  -6.817673e-03 |  -6.817673e-03 |
|   8.500000e-02 |   1.518800e-01 |  -1.305890e-02 |     1.284517e-02 |  -6.819508e-03 |  -6.819508e-03 |
|   8.600000e-02 |   1.518674e-01 |  -1.260505e-02 |     1.239880e-02 |  -6.821278e-03 |  -6.821278e-03 |
|   8.700000e-02 |   1.518552e-01 |  -1.216696e-02 |     1.196791e-02 |  -6.822988e-03 |  -6.822988e-03 |
|   8.800000e-02 |   1.518435e-01 |  -1.174407e-02 |     1.155198e-02 |  -6.824638e-03 |  -6.824638e-03 |
|   8.900000e-02 |   1.518322e-01 |  -1.133585e-02 |     1.115047e-02 |  -6.826230e-03 |  -6.826230e-03 |
|   9.000000e-02 |   1.518212e-01 |  -1.094180e-02 |     1.076290e-02 |  -6.827768e-03 |  -6.827768e-03 |
|   9.100000e-02 |   1.518106e-01 |  -1.056143e-02 |     1.038879e-02 |  -6.829252e-03 |  -6.829252e-03 |
|   9.200000e-02 |   1.518005e-01 |  -1.019427e-02 |     1.002765e-02 |  -6.830684e-03 |  -6.830684e-03 |
|   9.300000e-02 |   1.517906e-01 |  -9.839854e-03 |     9.679057e-03 |  -6.832067e-03 |  -6.832067e-03 |
|   9.400000e-02 |   1.517811e-01 |  -9.497744e-03 |     9.342563e-03 |  -6.833401e-03 |  -6.833401e-03 |
|   9.500000e-02 |   1.517719e-01 |  -9.167514e-03 |     9.017752e-03 |  -6.834689e-03 |  -6.834689e-03 |
+----------------+----------------+----------------+------------------+----------------+----------------+
+----------------+--------------------+--------------------+----------------+----------------+----------------+
| time           | solid_fraction_max | solid_fraction_min | stability_max  | stability_min  | top_reaction   |
+----------------+--------------------+--------------------+----------------+----------------+----------------+
:                :                    :                    :                :                :                :
|   8.100000e-02 |       6.097462e-01 |       6.093224e-01 |   2.800916e+01 |   2.800021e+01 |  -1.400000e+00 |
|   8.200000e-02 |       6.097495e-01 |       6.093389e-01 |   2.800884e+01 |   2.800020e+01 |  -1.400000e+00 |
|   8.300000e-02 |       6.097527e-01 |       6.093548e-01 |   2.800853e+01 |   2.800019e+01 |  -1.400000e+00 |
|   8.400000e-02 |       6.097558e-01 |       6.093701e-01 |   2.800824e+01 |   2.800019e+01 |  -1.400000e+00 |
|   8.500000e-02 |       6.097588e-01 |       6.093849e-01 |   2.800795e+01 |   2.800018e+01 |  -1.400000e+00 |
|   8.600000e-02 |       6.097617e-01 |       6.093992e-01 |   2.800768e+01 |   2.800017e+01 |  -1.400000e+00 |
|   8.700000e-02 |       6.097644e-01 |       6.094130e-01 |   2.800741e+01 |   2.800017e+01 |  -1.400000e+00 |
|   8.800000e-02 |       6.097671e-01 |       6.094264e-01 |   2.800715e+01 |   2.800016e+01 |  -1.400000e+00 |
|   8.900000e-02 |       6.097697e-01 |       6.094392e-01 |   2.800690e+01 |   2.800016e+01 |  -1.400000e+00 |
|   9.000000e-02 |       6.097722e-01 |       6.094516e-01 |   2.800666e+01 |   2.800015e+01 |  -1.400000e+00 |
|   9.100000e-02 |       6.097746e-01 |       6.094636e-01 |   2.800643e+01 |   2.800015e+01 |  -1.400000e+00 |
|   9.200000e-02 |       6.097769e-01 |       6.094752e-01 |   2.800621e+01 |   2.800014e+01 |  -1.400000e+00 |
|   9.300000e-02 |       6.097792e-01 |       6.094864e-01 |   2.800599e+01 |   2.800014e+01 |  -1.400000e+00 |
|   9.400000e-02 |       6.097814e-01 |       6.094972e-01 |   2.800578e+01 |   2.800013e+01 |  -1.400000e+00 |
|   9.500000e-02 |       6.097835e-01 |       6.095076e-01 |   2.800558e+01 |   2.800013e+01 |  -1.400000e+00 |
+----------------+--------------------+--------------------+----------------+----------------+----------------+


Time Step 96, time = 0.096, dt = 0.001
 * Nonlinear |R| = [32m1.148027e-03[39m (Before preset BCs, predictors, correctors, and constraints)
 0 Nonlinear |R| = [32m1.148027e-03[39m
      0 Linear |R| = [32m1.148027e-03[39m
      1 Linear |R| = [32m3.531096e-04[39m
      2 Linear |R| = [32m3.154444e-04[39m
      3 Linear |R| = [32m6.324949e-06[39m
      4 Linear |R| = [32m1.702770e-06[39m
      5 Linear |R| = [32m1.443091e-06[39m
      6 Linear |R| = [32m1.816792e-07[39m
      7 Linear |R| = [32m1.008820e-07[39m
      8 Linear |R| = [32m1.594265e-08[39m
      9 Linear |R| = [33m1.526325e-08[39m
     10 Linear |R| = [32m1.604351e-09[39m
     11 Linear |R| = [32m3.766370e-10[39m
     12 Linear |R| = [32m3.893048e-11[39m
     13 Linear |R| = [32m2.900767e-11[39m
     14 Linear |R| = [32m8.730177e-12[39m
     15 Linear |R| = [32m3.912041e-13[39m
 1 Nonlinear |R| = [32m3.488669e-08[39m
      0 Linear |R| = [32m3.488669e-08[39m
      1 Linear |R| = [32m5.565000e-09[39m
      2 Linear |R| = [32m6.203070e-10[39m
      3 Linear |R| = [32m1.067725e-10[39m
      4 Linear |R| = [32m3.228206e-11[39m
      5 Linear |R| = [33m3.178906e-11[39m
      6 Linear |R| = [32m1.013867e-11[39m
      7 Linear |R| = [32m2.635651e-12[39m
      8 Linear |R| = [32m3.768027e-13[39m
      9 Linear |R| = [33m3.767175e-13[39m
     10 Linear |R| = [32m7.090548e-14[39m
     11 Linear |R| = [32m1.647213e-14[39m
     12 Linear |R| = [32m2.518480e-15[39m
     13 Linear |R| = [32m1.495620e-15[39m
     14 Linear |R| = [32m2.804753e-16[39m
     15 Linear |R| = [32m1.425096e-17[39m
 2 Nonlinear |R| = [32m1.541281e-13[39m
[32m Solve Converged![39m

Outlier Variable Residual Norms:
  uy: [33m1.352853e-13[39m

Postprocessor Values:
+----------------+----------------+----------------+----------------+----------------+----------------+----------------+
| time           | J_max          | J_min          | Jbar_max       | Jbar_min       | center_pressure| edge_ux        |
+----------------+----------------+----------------+----------------+----------------+----------------+----------------+
:                :                :                :                :                :                :                :
|   8.200000e-02 |   9.715319e-01 |   9.708854e-01 |   9.867792e-01 |   9.866536e-01 |   1.539260e-02 |   1.103172e-02 |
|   8.300000e-02 |   9.715051e-01 |   9.708766e-01 |   9.867754e-01 |   9.866521e-01 |   1.485816e-02 |   1.101035e-02 |
|   8.400000e-02 |   9.714792e-01 |   9.708680e-01 |   9.867718e-01 |   9.866506e-01 |   1.434223e-02 |   1.098972e-02 |
|   8.500000e-02 |   9.714542e-01 |   9.708597e-01 |   9.867682e-01 |   9.866492e-01 |   1.384417e-02 |   1.096981e-02 |
|   8.600000e-02 |   9.714301e-01 |   9.708517e-01 |   9.867648e-01 |   9.866469e-01 |   1.336337e-02 |   1.095059e-02 |
|   8.700000e-02 |   9.714068e-01 |   9.708440e-01 |   9.867615e-01 |   9.866436e-01 |   1.289922e-02 |   1.093203e-02 |
|   8.800000e-02 |   9.713843e-01 |   9.708366e-01 |   9.867584e-01 |   9.866404e-01 |   1.245117e-02 |   1.091412e-02 |
|   8.900000e-02 |   9.713626e-01 |   9.708294e-01 |   9.867553e-01 |   9.866372e-01 |   1.201864e-02 |   1.089684e-02 |
|   9.000000e-02 |   9.713417e-01 |   9.708224e-01 |   9.867523e-01 |   9.866342e-01 |   1.160110e-02 |   1.088015e-02 |
|   9.100000e-02 |   9.713215e-01 |   9.708157e-01 |   9.867495e-01 |   9.866313e-01 |   1.119805e-02 |   1.086404e-02 |
|   9.200000e-02 |   9.713020e-01 |   9.708093e-01 |   9.867467e-01 |   9.866285e-01 |   1.080897e-02 |   1.084849e-02 |
|   9.300000e-02 |   9.712831e-01 |   9.708030e-01 |   9.867440e-01 |   9.866258e-01 |   1.043338e-02 |   1.083348e-02 |
|   9.400000e-02 |   9.712650e-01 |   9.707970e-01 |   9.867415e-01 |   9.866232e-01 |   1.007082e-02 |   1.081900e-02 |
|   9.500000e-02 |   9.712474e-01 |   9.707912e-01 |   9.867390e-01 |   9.866207e-01 |   9.720843e-03 |   1.080501e-02 |
|   9.600000e-02 |   9.712305e-01 |   9.707856e-01 |   9.867366e-01 |   9.866182e-01 |   9.383004e-03 |   1.079152e-02 |
+----------------+----------------+----------------+----------------+----------------+----------------+----------------+
+----------------+----------------+----------------+------------------+----------------+----------------+
| time           | mass           | mass_reaction  | outflow_gradient | platen_max     | platen_min     |
+----------------+----------------+----------------+------------------+----------------+----------------+
:                :                :                :                  :                :                :
|   8.200000e-02 |   1.519206e-01 |  -1.452065e-02 |     1.428283e-02 |  -6.813804e-03 |  -6.813804e-03 |
|   8.300000e-02 |   1.519066e-01 |  -1.401610e-02 |     1.378660e-02 |  -6.815773e-03 |  -6.815773e-03 |
|   8.400000e-02 |   1.518931e-01 |  -1.352905e-02 |     1.330758e-02 |  -6.817673e-03 |  -6.817673e-03 |
|   8.500000e-02 |   1.518800e-01 |  -1.305890e-02 |     1.284517e-02 |  -6.819508e-03 |  -6.819508e-03 |
|   8.600000e-02 |   1.518674e-01 |  -1.260505e-02 |     1.239880e-02 |  -6.821278e-03 |  -6.821278e-03 |
|   8.700000e-02 |   1.518552e-01 |  -1.216696e-02 |     1.196791e-02 |  -6.822988e-03 |  -6.822988e-03 |
|   8.800000e-02 |   1.518435e-01 |  -1.174407e-02 |     1.155198e-02 |  -6.824638e-03 |  -6.824638e-03 |
|   8.900000e-02 |   1.518322e-01 |  -1.133585e-02 |     1.115047e-02 |  -6.826230e-03 |  -6.826230e-03 |
|   9.000000e-02 |   1.518212e-01 |  -1.094180e-02 |     1.076290e-02 |  -6.827768e-03 |  -6.827768e-03 |
|   9.100000e-02 |   1.518106e-01 |  -1.056143e-02 |     1.038879e-02 |  -6.829252e-03 |  -6.829252e-03 |
|   9.200000e-02 |   1.518005e-01 |  -1.019427e-02 |     1.002765e-02 |  -6.830684e-03 |  -6.830684e-03 |
|   9.300000e-02 |   1.517906e-01 |  -9.839854e-03 |     9.679057e-03 |  -6.832067e-03 |  -6.832067e-03 |
|   9.400000e-02 |   1.517811e-01 |  -9.497744e-03 |     9.342563e-03 |  -6.833401e-03 |  -6.833401e-03 |
|   9.500000e-02 |   1.517719e-01 |  -9.167514e-03 |     9.017752e-03 |  -6.834689e-03 |  -6.834689e-03 |
|   9.600000e-02 |   1.517631e-01 |  -8.848753e-03 |     8.704221e-03 |  -6.835933e-03 |  -6.835933e-03 |
+----------------+----------------+----------------+------------------+----------------+----------------+
+----------------+--------------------+--------------------+----------------+----------------+----------------+
| time           | solid_fraction_max | solid_fraction_min | stability_max  | stability_min  | top_reaction   |
+----------------+--------------------+--------------------+----------------+----------------+----------------+
:                :                    :                    :                :                :                :
|   8.200000e-02 |       6.097495e-01 |       6.093389e-01 |   2.800884e+01 |   2.800020e+01 |  -1.400000e+00 |
|   8.300000e-02 |       6.097527e-01 |       6.093548e-01 |   2.800853e+01 |   2.800019e+01 |  -1.400000e+00 |
|   8.400000e-02 |       6.097558e-01 |       6.093701e-01 |   2.800824e+01 |   2.800019e+01 |  -1.400000e+00 |
|   8.500000e-02 |       6.097588e-01 |       6.093849e-01 |   2.800795e+01 |   2.800018e+01 |  -1.400000e+00 |
|   8.600000e-02 |       6.097617e-01 |       6.093992e-01 |   2.800768e+01 |   2.800017e+01 |  -1.400000e+00 |
|   8.700000e-02 |       6.097644e-01 |       6.094130e-01 |   2.800741e+01 |   2.800017e+01 |  -1.400000e+00 |
|   8.800000e-02 |       6.097671e-01 |       6.094264e-01 |   2.800715e+01 |   2.800016e+01 |  -1.400000e+00 |
|   8.900000e-02 |       6.097697e-01 |       6.094392e-01 |   2.800690e+01 |   2.800016e+01 |  -1.400000e+00 |
|   9.000000e-02 |       6.097722e-01 |       6.094516e-01 |   2.800666e+01 |   2.800015e+01 |  -1.400000e+00 |
|   9.100000e-02 |       6.097746e-01 |       6.094636e-01 |   2.800643e+01 |   2.800015e+01 |  -1.400000e+00 |
|   9.200000e-02 |       6.097769e-01 |       6.094752e-01 |   2.800621e+01 |   2.800014e+01 |  -1.400000e+00 |
|   9.300000e-02 |       6.097792e-01 |       6.094864e-01 |   2.800599e+01 |   2.800014e+01 |  -1.400000e+00 |
|   9.400000e-02 |       6.097814e-01 |       6.094972e-01 |   2.800578e+01 |   2.800013e+01 |  -1.400000e+00 |
|   9.500000e-02 |       6.097835e-01 |       6.095076e-01 |   2.800558e+01 |   2.800013e+01 |  -1.400000e+00 |
|   9.600000e-02 |       6.097855e-01 |       6.095176e-01 |   2.800539e+01 |   2.800012e+01 |  -1.400000e+00 |
+----------------+--------------------+--------------------+----------------+----------------+----------------+


Time Step 97, time = 0.097, dt = 0.001
 * Nonlinear |R| = [32m1.108105e-03[39m (Before preset BCs, predictors, correctors, and constraints)
 0 Nonlinear |R| = [32m1.108105e-03[39m
      0 Linear |R| = [32m1.108105e-03[39m
      1 Linear |R| = [32m3.408443e-04[39m
      2 Linear |R| = [32m3.044907e-04[39m
      3 Linear |R| = [32m6.105109e-06[39m
      4 Linear |R| = [32m1.643943e-06[39m
      5 Linear |R| = [32m1.410675e-06[39m
      6 Linear |R| = [32m1.753678e-07[39m
      7 Linear |R| = [32m9.737621e-08[39m
      8 Linear |R| = [32m1.546608e-08[39m
      9 Linear |R| = [33m1.529635e-08[39m
     10 Linear |R| = [32m1.548546e-09[39m
     11 Linear |R| = [32m3.635344e-10[39m
     12 Linear |R| = [32m4.872356e-11[39m
     13 Linear |R| = [32m2.800358e-11[39m
     14 Linear |R| = [32m8.426386e-12[39m
     15 Linear |R| = [32m3.779839e-13[39m
 1 Nonlinear |R| = [32m3.257260e-08[39m
      0 Linear |R| = [32m3.257260e-08[39m
      1 Linear |R| = [32m5.768898e-09[39m
      2 Linear |R| = [32m1.374385e-09[39m
      3 Linear |R| = [32m1.100245e-10[39m
      4 Linear |R| = [32m3.192105e-11[39m
      5 Linear |R| = [33m3.094292e-11[39m
      6 Linear |R| = [32m8.311468e-12[39m
      7 Linear |R| = [32m2.810174e-12[39m
      8 Linear |R| = [32m3.541527e-13[39m
      9 Linear |R| = [33m3.539379e-13[39m
     10 Linear |R| = [32m8.465610e-14[39m
     11 Linear |R| = [32m1.316047e-14[39m
     12 Linear |R| = [32m3.145039e-15[39m
     13 Linear |R| = [32m1.676791e-15[39m
     14 Linear |R| = [32m3.873092e-16[39m
     15 Linear |R| = [32m1.928360e-17[39m
 2 Nonlinear |R| = [32m1.387945e-13[39m
[32m Solve Converged![39m

Outlier Variable Residual Norms:
  uy: [33m1.176663e-13[39m

Postprocessor Values:
+----------------+----------------+----------------+----------------+----------------+----------------+----------------+
| time           | J_max          | J_min          | Jbar_max       | Jbar_min       | center_pressure| edge_ux        |
+----------------+----------------+----------------+----------------+----------------+----------------+----------------+
:                :                :                :                :                :                :                :
|   8.300000e-02 |   9.715051e-01 |   9.708766e-01 |   9.867754e-01 |   9.866521e-01 |   1.485816e-02 |   1.101035e-02 |
|   8.400000e-02 |   9.714792e-01 |   9.708680e-01 |   9.867718e-01 |   9.866506e-01 |   1.434223e-02 |   1.098972e-02 |
|   8.500000e-02 |   9.714542e-01 |   9.708597e-01 |   9.867682e-01 |   9.866492e-01 |   1.384417e-02 |   1.096981e-02 |
|   8.600000e-02 |   9.714301e-01 |   9.708517e-01 |   9.867648e-01 |   9.866469e-01 |   1.336337e-02 |   1.095059e-02 |
|   8.700000e-02 |   9.714068e-01 |   9.708440e-01 |   9.867615e-01 |   9.866436e-01 |   1.289922e-02 |   1.093203e-02 |
|   8.800000e-02 |   9.713843e-01 |   9.708366e-01 |   9.867584e-01 |   9.866404e-01 |   1.245117e-02 |   1.091412e-02 |
|   8.900000e-02 |   9.713626e-01 |   9.708294e-01 |   9.867553e-01 |   9.866372e-01 |   1.201864e-02 |   1.089684e-02 |
|   9.000000e-02 |   9.713417e-01 |   9.708224e-01 |   9.867523e-01 |   9.866342e-01 |   1.160110e-02 |   1.088015e-02 |
|   9.100000e-02 |   9.713215e-01 |   9.708157e-01 |   9.867495e-01 |   9.866313e-01 |   1.119805e-02 |   1.086404e-02 |
|   9.200000e-02 |   9.713020e-01 |   9.708093e-01 |   9.867467e-01 |   9.866285e-01 |   1.080897e-02 |   1.084849e-02 |
|   9.300000e-02 |   9.712831e-01 |   9.708030e-01 |   9.867440e-01 |   9.866258e-01 |   1.043338e-02 |   1.083348e-02 |
|   9.400000e-02 |   9.712650e-01 |   9.707970e-01 |   9.867415e-01 |   9.866232e-01 |   1.007082e-02 |   1.081900e-02 |
|   9.500000e-02 |   9.712474e-01 |   9.707912e-01 |   9.867390e-01 |   9.866207e-01 |   9.720843e-03 |   1.080501e-02 |
|   9.600000e-02 |   9.712305e-01 |   9.707856e-01 |   9.867366e-01 |   9.866182e-01 |   9.383004e-03 |   1.079152e-02 |
|   9.700000e-02 |   9.712141e-01 |   9.707802e-01 |   9.867343e-01 |   9.866159e-01 |   9.056889e-03 |   1.077849e-02 |
+----------------+----------------+----------------+----------------+----------------+----------------+----------------+
+----------------+----------------+----------------+------------------+----------------+----------------+
| time           | mass           | mass_reaction  | outflow_gradient | platen_max     | platen_min     |
+----------------+----------------+----------------+------------------+----------------+----------------+
:                :                :                :                  :                :                :
|   8.300000e-02 |   1.519066e-01 |  -1.401610e-02 |     1.378660e-02 |  -6.815773e-03 |  -6.815773e-03 |
|   8.400000e-02 |   1.518931e-01 |  -1.352905e-02 |     1.330758e-02 |  -6.817673e-03 |  -6.817673e-03 |
|   8.500000e-02 |   1.518800e-01 |  -1.305890e-02 |     1.284517e-02 |  -6.819508e-03 |  -6.819508e-03 |
|   8.600000e-02 |   1.518674e-01 |  -1.260505e-02 |     1.239880e-02 |  -6.821278e-03 |  -6.821278e-03 |
|   8.700000e-02 |   1.518552e-01 |  -1.216696e-02 |     1.196791e-02 |  -6.822988e-03 |  -6.822988e-03 |
|   8.800000e-02 |   1.518435e-01 |  -1.174407e-02 |     1.155198e-02 |  -6.824638e-03 |  -6.824638e-03 |
|   8.900000e-02 |   1.518322e-01 |  -1.133585e-02 |     1.115047e-02 |  -6.826230e-03 |  -6.826230e-03 |
|   9.000000e-02 |   1.518212e-01 |  -1.094180e-02 |     1.076290e-02 |  -6.827768e-03 |  -6.827768e-03 |
|   9.100000e-02 |   1.518106e-01 |  -1.056143e-02 |     1.038879e-02 |  -6.829252e-03 |  -6.829252e-03 |
|   9.200000e-02 |   1.518005e-01 |  -1.019427e-02 |     1.002765e-02 |  -6.830684e-03 |  -6.830684e-03 |
|   9.300000e-02 |   1.517906e-01 |  -9.839854e-03 |     9.679057e-03 |  -6.832067e-03 |  -6.832067e-03 |
|   9.400000e-02 |   1.517811e-01 |  -9.497744e-03 |     9.342563e-03 |  -6.833401e-03 |  -6.833401e-03 |
|   9.500000e-02 |   1.517719e-01 |  -9.167514e-03 |     9.017752e-03 |  -6.834689e-03 |  -6.834689e-03 |
|   9.600000e-02 |   1.517631e-01 |  -8.848753e-03 |     8.704221e-03 |  -6.835933e-03 |  -6.835933e-03 |
|   9.700000e-02 |   1.517546e-01 |  -8.541062e-03 |     8.401577e-03 |  -6.837133e-03 |  -6.837133e-03 |
+----------------+----------------+----------------+------------------+----------------+----------------+
+----------------+--------------------+--------------------+----------------+----------------+----------------+
| time           | solid_fraction_max | solid_fraction_min | stability_max  | stability_min  | top_reaction   |
+----------------+--------------------+--------------------+----------------+----------------+----------------+
:                :                    :                    :                :                :                :
|   8.300000e-02 |       6.097527e-01 |       6.093548e-01 |   2.800853e+01 |   2.800019e+01 |  -1.400000e+00 |
|   8.400000e-02 |       6.097558e-01 |       6.093701e-01 |   2.800824e+01 |   2.800019e+01 |  -1.400000e+00 |
|   8.500000e-02 |       6.097588e-01 |       6.093849e-01 |   2.800795e+01 |   2.800018e+01 |  -1.400000e+00 |
|   8.600000e-02 |       6.097617e-01 |       6.093992e-01 |   2.800768e+01 |   2.800017e+01 |  -1.400000e+00 |
|   8.700000e-02 |       6.097644e-01 |       6.094130e-01 |   2.800741e+01 |   2.800017e+01 |  -1.400000e+00 |
|   8.800000e-02 |       6.097671e-01 |       6.094264e-01 |   2.800715e+01 |   2.800016e+01 |  -1.400000e+00 |
|   8.900000e-02 |       6.097697e-01 |       6.094392e-01 |   2.800690e+01 |   2.800016e+01 |  -1.400000e+00 |
|   9.000000e-02 |       6.097722e-01 |       6.094516e-01 |   2.800666e+01 |   2.800015e+01 |  -1.400000e+00 |
|   9.100000e-02 |       6.097746e-01 |       6.094636e-01 |   2.800643e+01 |   2.800015e+01 |  -1.400000e+00 |
|   9.200000e-02 |       6.097769e-01 |       6.094752e-01 |   2.800621e+01 |   2.800014e+01 |  -1.400000e+00 |
|   9.300000e-02 |       6.097792e-01 |       6.094864e-01 |   2.800599e+01 |   2.800014e+01 |  -1.400000e+00 |
|   9.400000e-02 |       6.097814e-01 |       6.094972e-01 |   2.800578e+01 |   2.800013e+01 |  -1.400000e+00 |
|   9.500000e-02 |       6.097835e-01 |       6.095076e-01 |   2.800558e+01 |   2.800013e+01 |  -1.400000e+00 |
|   9.600000e-02 |       6.097855e-01 |       6.095176e-01 |   2.800539e+01 |   2.800012e+01 |  -1.400000e+00 |
|   9.700000e-02 |       6.097874e-01 |       6.095273e-01 |   2.800520e+01 |   2.800012e+01 |  -1.400000e+00 |
+----------------+--------------------+--------------------+----------------+----------------+----------------+


Time Step 98, time = 0.098, dt = 0.001
 * Nonlinear |R| = [32m1.069570e-03[39m (Before preset BCs, predictors, correctors, and constraints)
 0 Nonlinear |R| = [32m1.069570e-03[39m
      0 Linear |R| = [32m1.069570e-03[39m
      1 Linear |R| = [32m3.290031e-04[39m
      2 Linear |R| = [32m2.939143e-04[39m
      3 Linear |R| = [32m5.892967e-06[39m
      4 Linear |R| = [32m1.586371e-06[39m
      5 Linear |R| = [32m1.353083e-06[39m
      6 Linear |R| = [32m1.692749e-07[39m
      7 Linear |R| = [32m9.399235e-08[39m
      8 Linear |R| = [32m1.494650e-08[39m
      9 Linear |R| = [33m1.483167e-08[39m
     10 Linear |R| = [32m1.494740e-09[39m
     11 Linear |R| = [32m3.508917e-10[39m
     12 Linear |R| = [32m4.668740e-11[39m
     13 Linear |R| = [32m2.703047e-11[39m
     14 Linear |R| = [32m8.133517e-12[39m
     15 Linear |R| = [32m3.649864e-13[39m
 1 Nonlinear |R| = [32m3.056545e-08[39m
      0 Linear |R| = [32m3.056545e-08[39m
      1 Linear |R| = [32m5.157371e-09[39m
      2 Linear |R| = [32m1.012812e-09[39m
      3 Linear |R| = [32m9.303568e-11[39m
      4 Linear |R| = [32m2.763081e-11[39m
      5 Linear |R| = [33m2.707889e-11[39m
      6 Linear |R| = [32m8.618160e-12[39m
      7 Linear |R| = [32m2.065941e-12[39m
      8 Linear |R| = [32m2.627317e-13[39m
      9 Linear |R| = [33m2.624192e-13[39m
     10 Linear |R| = [32m6.361981e-14[39m
     11 Linear |R| = [32m1.146547e-14[39m
     12 Linear |R| = [32m1.825462e-15[39m
     13 Linear |R| = [32m1.602273e-15[39m
     14 Linear |R| = [32m2.754473e-16[39m
     15 Linear |R| = [32m1.444170e-17[39m
 2 Nonlinear |R| = [32m1.237779e-13[39m
[32m Solve Converged![39m

Outlier Variable Residual Norms:
  uy: [33m1.066938e-13[39m

Postprocessor Values:
+----------------+----------------+----------------+----------------+----------------+----------------+----------------+
| time           | J_max          | J_min          | Jbar_max       | Jbar_min       | center_pressure| edge_ux        |
+----------------+----------------+----------------+----------------+----------------+----------------+----------------+
:                :                :                :                :                :                :                :
|   8.400000e-02 |   9.714792e-01 |   9.708680e-01 |   9.867718e-01 |   9.866506e-01 |   1.434223e-02 |   1.098972e-02 |
|   8.500000e-02 |   9.714542e-01 |   9.708597e-01 |   9.867682e-01 |   9.866492e-01 |   1.384417e-02 |   1.096981e-02 |
|   8.600000e-02 |   9.714301e-01 |   9.708517e-01 |   9.867648e-01 |   9.866469e-01 |   1.336337e-02 |   1.095059e-02 |
|   8.700000e-02 |   9.714068e-01 |   9.708440e-01 |   9.867615e-01 |   9.866436e-01 |   1.289922e-02 |   1.093203e-02 |
|   8.800000e-02 |   9.713843e-01 |   9.708366e-01 |   9.867584e-01 |   9.866404e-01 |   1.245117e-02 |   1.091412e-02 |
|   8.900000e-02 |   9.713626e-01 |   9.708294e-01 |   9.867553e-01 |   9.866372e-01 |   1.201864e-02 |   1.089684e-02 |
|   9.000000e-02 |   9.713417e-01 |   9.708224e-01 |   9.867523e-01 |   9.866342e-01 |   1.160110e-02 |   1.088015e-02 |
|   9.100000e-02 |   9.713215e-01 |   9.708157e-01 |   9.867495e-01 |   9.866313e-01 |   1.119805e-02 |   1.086404e-02 |
|   9.200000e-02 |   9.713020e-01 |   9.708093e-01 |   9.867467e-01 |   9.866285e-01 |   1.080897e-02 |   1.084849e-02 |
|   9.300000e-02 |   9.712831e-01 |   9.708030e-01 |   9.867440e-01 |   9.866258e-01 |   1.043338e-02 |   1.083348e-02 |
|   9.400000e-02 |   9.712650e-01 |   9.707970e-01 |   9.867415e-01 |   9.866232e-01 |   1.007082e-02 |   1.081900e-02 |
|   9.500000e-02 |   9.712474e-01 |   9.707912e-01 |   9.867390e-01 |   9.866207e-01 |   9.720843e-03 |   1.080501e-02 |
|   9.600000e-02 |   9.712305e-01 |   9.707856e-01 |   9.867366e-01 |   9.866182e-01 |   9.383004e-03 |   1.079152e-02 |
|   9.700000e-02 |   9.712141e-01 |   9.707802e-01 |   9.867343e-01 |   9.866159e-01 |   9.056889e-03 |   1.077849e-02 |
|   9.800000e-02 |   9.711983e-01 |   9.707749e-01 |   9.867320e-01 |   9.866136e-01 |   8.742090e-03 |   1.076591e-02 |
+----------------+----------------+----------------+----------------+----------------+----------------+----------------+
+----------------+----------------+----------------+------------------+----------------+----------------+
| time           | mass           | mass_reaction  | outflow_gradient | platen_max     | platen_min     |
+----------------+----------------+----------------+------------------+----------------+----------------+
:                :                :                :                  :                :                :
|   8.400000e-02 |   1.518931e-01 |  -1.352905e-02 |     1.330758e-02 |  -6.817673e-03 |  -6.817673e-03 |
|   8.500000e-02 |   1.518800e-01 |  -1.305890e-02 |     1.284517e-02 |  -6.819508e-03 |  -6.819508e-03 |
|   8.600000e-02 |   1.518674e-01 |  -1.260505e-02 |     1.239880e-02 |  -6.821278e-03 |  -6.821278e-03 |
|   8.700000e-02 |   1.518552e-01 |  -1.216696e-02 |     1.196791e-02 |  -6.822988e-03 |  -6.822988e-03 |
|   8.800000e-02 |   1.518435e-01 |  -1.174407e-02 |     1.155198e-02 |  -6.824638e-03 |  -6.824638e-03 |
|   8.900000e-02 |   1.518322e-01 |  -1.133585e-02 |     1.115047e-02 |  -6.826230e-03 |  -6.826230e-03 |
|   9.000000e-02 |   1.518212e-01 |  -1.094180e-02 |     1.076290e-02 |  -6.827768e-03 |  -6.827768e-03 |
|   9.100000e-02 |   1.518106e-01 |  -1.056143e-02 |     1.038879e-02 |  -6.829252e-03 |  -6.829252e-03 |
|   9.200000e-02 |   1.518005e-01 |  -1.019427e-02 |     1.002765e-02 |  -6.830684e-03 |  -6.830684e-03 |
|   9.300000e-02 |   1.517906e-01 |  -9.839854e-03 |     9.679057e-03 |  -6.832067e-03 |  -6.832067e-03 |
|   9.400000e-02 |   1.517811e-01 |  -9.497744e-03 |     9.342563e-03 |  -6.833401e-03 |  -6.833401e-03 |
|   9.500000e-02 |   1.517719e-01 |  -9.167514e-03 |     9.017752e-03 |  -6.834689e-03 |  -6.834689e-03 |
|   9.600000e-02 |   1.517631e-01 |  -8.848753e-03 |     8.704221e-03 |  -6.835933e-03 |  -6.835933e-03 |
|   9.700000e-02 |   1.517546e-01 |  -8.541062e-03 |     8.401577e-03 |  -6.837133e-03 |  -6.837133e-03 |
|   9.800000e-02 |   1.517463e-01 |  -8.244059e-03 |     8.109443e-03 |  -6.838292e-03 |  -6.838292e-03 |
+----------------+----------------+----------------+------------------+----------------+----------------+
+----------------+--------------------+--------------------+----------------+----------------+----------------+
| time           | solid_fraction_max | solid_fraction_min | stability_max  | stability_min  | top_reaction   |
+----------------+--------------------+--------------------+----------------+----------------+----------------+
:                :                    :                    :                :                :                :
|   8.400000e-02 |       6.097558e-01 |       6.093701e-01 |   2.800824e+01 |   2.800019e+01 |  -1.400000e+00 |
|   8.500000e-02 |       6.097588e-01 |       6.093849e-01 |   2.800795e+01 |   2.800018e+01 |  -1.400000e+00 |
|   8.600000e-02 |       6.097617e-01 |       6.093992e-01 |   2.800768e+01 |   2.800017e+01 |  -1.400000e+00 |
|   8.700000e-02 |       6.097644e-01 |       6.094130e-01 |   2.800741e+01 |   2.800017e+01 |  -1.400000e+00 |
|   8.800000e-02 |       6.097671e-01 |       6.094264e-01 |   2.800715e+01 |   2.800016e+01 |  -1.400000e+00 |
|   8.900000e-02 |       6.097697e-01 |       6.094392e-01 |   2.800690e+01 |   2.800016e+01 |  -1.400000e+00 |
|   9.000000e-02 |       6.097722e-01 |       6.094516e-01 |   2.800666e+01 |   2.800015e+01 |  -1.400000e+00 |
|   9.100000e-02 |       6.097746e-01 |       6.094636e-01 |   2.800643e+01 |   2.800015e+01 |  -1.400000e+00 |
|   9.200000e-02 |       6.097769e-01 |       6.094752e-01 |   2.800621e+01 |   2.800014e+01 |  -1.400000e+00 |
|   9.300000e-02 |       6.097792e-01 |       6.094864e-01 |   2.800599e+01 |   2.800014e+01 |  -1.400000e+00 |
|   9.400000e-02 |       6.097814e-01 |       6.094972e-01 |   2.800578e+01 |   2.800013e+01 |  -1.400000e+00 |
|   9.500000e-02 |       6.097835e-01 |       6.095076e-01 |   2.800558e+01 |   2.800013e+01 |  -1.400000e+00 |
|   9.600000e-02 |       6.097855e-01 |       6.095176e-01 |   2.800539e+01 |   2.800012e+01 |  -1.400000e+00 |
|   9.700000e-02 |       6.097874e-01 |       6.095273e-01 |   2.800520e+01 |   2.800012e+01 |  -1.400000e+00 |
|   9.800000e-02 |       6.097893e-01 |       6.095367e-01 |   2.800502e+01 |   2.800011e+01 |  -1.400000e+00 |
+----------------+--------------------+--------------------+----------------+----------------+----------------+


Time Step 99, time = 0.099, dt = 0.001
 * Nonlinear |R| = [32m1.032374e-03[39m (Before preset BCs, predictors, correctors, and constraints)
 0 Nonlinear |R| = [32m1.032374e-03[39m
      0 Linear |R| = [32m1.032374e-03[39m
      1 Linear |R| = [32m3.175717e-04[39m
      2 Linear |R| = [32m2.837035e-04[39m
      3 Linear |R| = [32m5.688188e-06[39m
      4 Linear |R| = [32m1.531932e-06[39m
      5 Linear |R| = [32m1.327855e-06[39m
      6 Linear |R| = [32m1.633918e-07[39m
      7 Linear |R| = [32m9.072471e-08[39m
      8 Linear |R| = [32m1.433137e-08[39m
      9 Linear |R| = [33m1.364450e-08[39m
     10 Linear |R| = [32m1.442740e-09[39m
     11 Linear |R| = [32m3.386855e-10[39m
     12 Linear |R| = [32m4.641033e-11[39m
     13 Linear |R| = [32m2.609099e-11[39m
     14 Linear |R| = [32m7.850889e-12[39m
     15 Linear |R| = [32m3.520551e-13[39m
 1 Nonlinear |R| = [32m2.863069e-08[39m
      0 Linear |R| = [32m2.863069e-08[39m
      1 Linear |R| = [32m4.644585e-09[39m
      2 Linear |R| = [32m6.654477e-10[39m
      3 Linear |R| = [32m9.084533e-11[39m
      4 Linear |R| = [32m2.771904e-11[39m
      5 Linear |R| = [33m2.680337e-11[39m
      6 Linear |R| = [32m9.456920e-12[39m
      7 Linear |R| = [32m2.183771e-12[39m
      8 Linear |R| = [32m4.327737e-13[39m
      9 Linear |R| = [33m4.222475e-13[39m
     10 Linear |R| = [32m7.992401e-14[39m
     11 Linear |R| = [32m1.882072e-14[39m
     12 Linear |R| = [32m1.930751e-15[39m
     13 Linear |R| = [32m1.725751e-15[39m
     14 Linear |R| = [32m4.042038e-16[39m
     15 Linear |R| = [32m2.269981e-17[39m
 2 Nonlinear |R| = [32m1.056185e-13[39m
[32m Solve Converged![39m

Outlier Variable Residual Norms:
  uy: [33m8.966757e-14[39m

Postprocessor Values:
+----------------+----------------+----------------+----------------+----------------+----------------+----------------+
| time           | J_max          | J_min          | Jbar_max       | Jbar_min       | center_pressure| edge_ux        |
+----------------+----------------+----------------+----------------+----------------+----------------+----------------+
:                :                :                :                :                :                :                :
|   8.500000e-02 |   9.714542e-01 |   9.708597e-01 |   9.867682e-01 |   9.866492e-01 |   1.384417e-02 |   1.096981e-02 |
|   8.600000e-02 |   9.714301e-01 |   9.708517e-01 |   9.867648e-01 |   9.866469e-01 |   1.336337e-02 |   1.095059e-02 |
|   8.700000e-02 |   9.714068e-01 |   9.708440e-01 |   9.867615e-01 |   9.866436e-01 |   1.289922e-02 |   1.093203e-02 |
|   8.800000e-02 |   9.713843e-01 |   9.708366e-01 |   9.867584e-01 |   9.866404e-01 |   1.245117e-02 |   1.091412e-02 |
|   8.900000e-02 |   9.713626e-01 |   9.708294e-01 |   9.867553e-01 |   9.866372e-01 |   1.201864e-02 |   1.089684e-02 |
|   9.000000e-02 |   9.713417e-01 |   9.708224e-01 |   9.867523e-01 |   9.866342e-01 |   1.160110e-02 |   1.088015e-02 |
|   9.100000e-02 |   9.713215e-01 |   9.708157e-01 |   9.867495e-01 |   9.866313e-01 |   1.119805e-02 |   1.086404e-02 |
|   9.200000e-02 |   9.713020e-01 |   9.708093e-01 |   9.867467e-01 |   9.866285e-01 |   1.080897e-02 |   1.084849e-02 |
|   9.300000e-02 |   9.712831e-01 |   9.708030e-01 |   9.867440e-01 |   9.866258e-01 |   1.043338e-02 |   1.083348e-02 |
|   9.400000e-02 |   9.712650e-01 |   9.707970e-01 |   9.867415e-01 |   9.866232e-01 |   1.007082e-02 |   1.081900e-02 |
|   9.500000e-02 |   9.712474e-01 |   9.707912e-01 |   9.867390e-01 |   9.866207e-01 |   9.720843e-03 |   1.080501e-02 |
|   9.600000e-02 |   9.712305e-01 |   9.707856e-01 |   9.867366e-01 |   9.866182e-01 |   9.383004e-03 |   1.079152e-02 |
|   9.700000e-02 |   9.712141e-01 |   9.707802e-01 |   9.867343e-01 |   9.866159e-01 |   9.056889e-03 |   1.077849e-02 |
|   9.800000e-02 |   9.711983e-01 |   9.707749e-01 |   9.867320e-01 |   9.866136e-01 |   8.742090e-03 |   1.076591e-02 |
|   9.900000e-02 |   9.711831e-01 |   9.707699e-01 |   9.867299e-01 |   9.866114e-01 |   8.438216e-03 |   1.075377e-02 |
+----------------+----------------+----------------+----------------+----------------+----------------+----------------+
+----------------+----------------+----------------+------------------+----------------+----------------+
| time           | mass           | mass_reaction  | outflow_gradient | platen_max     | platen_min     |
+----------------+----------------+----------------+------------------+----------------+----------------+
:                :                :                :                  :                :                :
|   8.500000e-02 |   1.518800e-01 |  -1.305890e-02 |     1.284517e-02 |  -6.819508e-03 |  -6.819508e-03 |
|   8.600000e-02 |   1.518674e-01 |  -1.260505e-02 |     1.239880e-02 |  -6.821278e-03 |  -6.821278e-03 |
|   8.700000e-02 |   1.518552e-01 |  -1.216696e-02 |     1.196791e-02 |  -6.822988e-03 |  -6.822988e-03 |
|   8.800000e-02 |   1.518435e-01 |  -1.174407e-02 |     1.155198e-02 |  -6.824638e-03 |  -6.824638e-03 |
|   8.900000e-02 |   1.518322e-01 |  -1.133585e-02 |     1.115047e-02 |  -6.826230e-03 |  -6.826230e-03 |
|   9.000000e-02 |   1.518212e-01 |  -1.094180e-02 |     1.076290e-02 |  -6.827768e-03 |  -6.827768e-03 |
|   9.100000e-02 |   1.518106e-01 |  -1.056143e-02 |     1.038879e-02 |  -6.829252e-03 |  -6.829252e-03 |
|   9.200000e-02 |   1.518005e-01 |  -1.019427e-02 |     1.002765e-02 |  -6.830684e-03 |  -6.830684e-03 |
|   9.300000e-02 |   1.517906e-01 |  -9.839854e-03 |     9.679057e-03 |  -6.832067e-03 |  -6.832067e-03 |
|   9.400000e-02 |   1.517811e-01 |  -9.497744e-03 |     9.342563e-03 |  -6.833401e-03 |  -6.833401e-03 |
|   9.500000e-02 |   1.517719e-01 |  -9.167514e-03 |     9.017752e-03 |  -6.834689e-03 |  -6.834689e-03 |
|   9.600000e-02 |   1.517631e-01 |  -8.848753e-03 |     8.704221e-03 |  -6.835933e-03 |  -6.835933e-03 |
|   9.700000e-02 |   1.517546e-01 |  -8.541062e-03 |     8.401577e-03 |  -6.837133e-03 |  -6.837133e-03 |
|   9.800000e-02 |   1.517463e-01 |  -8.244059e-03 |     8.109443e-03 |  -6.838292e-03 |  -6.838292e-03 |
|   9.900000e-02 |   1.517384e-01 |  -7.957374e-03 |     7.827457e-03 |  -6.839410e-03 |  -6.839410e-03 |
+----------------+----------------+----------------+------------------+----------------+----------------+
+----------------+--------------------+--------------------+----------------+----------------+----------------+
| time           | solid_fraction_max | solid_fraction_min | stability_max  | stability_min  | top_reaction   |
+----------------+--------------------+--------------------+----------------+----------------+----------------+
:                :                    :                    :                :                :                :
|   8.500000e-02 |       6.097588e-01 |       6.093849e-01 |   2.800795e+01 |   2.800018e+01 |  -1.400000e+00 |
|   8.600000e-02 |       6.097617e-01 |       6.093992e-01 |   2.800768e+01 |   2.800017e+01 |  -1.400000e+00 |
|   8.700000e-02 |       6.097644e-01 |       6.094130e-01 |   2.800741e+01 |   2.800017e+01 |  -1.400000e+00 |
|   8.800000e-02 |       6.097671e-01 |       6.094264e-01 |   2.800715e+01 |   2.800016e+01 |  -1.400000e+00 |
|   8.900000e-02 |       6.097697e-01 |       6.094392e-01 |   2.800690e+01 |   2.800016e+01 |  -1.400000e+00 |
|   9.000000e-02 |       6.097722e-01 |       6.094516e-01 |   2.800666e+01 |   2.800015e+01 |  -1.400000e+00 |
|   9.100000e-02 |       6.097746e-01 |       6.094636e-01 |   2.800643e+01 |   2.800015e+01 |  -1.400000e+00 |
|   9.200000e-02 |       6.097769e-01 |       6.094752e-01 |   2.800621e+01 |   2.800014e+01 |  -1.400000e+00 |
|   9.300000e-02 |       6.097792e-01 |       6.094864e-01 |   2.800599e+01 |   2.800014e+01 |  -1.400000e+00 |
|   9.400000e-02 |       6.097814e-01 |       6.094972e-01 |   2.800578e+01 |   2.800013e+01 |  -1.400000e+00 |
|   9.500000e-02 |       6.097835e-01 |       6.095076e-01 |   2.800558e+01 |   2.800013e+01 |  -1.400000e+00 |
|   9.600000e-02 |       6.097855e-01 |       6.095176e-01 |   2.800539e+01 |   2.800012e+01 |  -1.400000e+00 |
|   9.700000e-02 |       6.097874e-01 |       6.095273e-01 |   2.800520e+01 |   2.800012e+01 |  -1.400000e+00 |
|   9.800000e-02 |       6.097893e-01 |       6.095367e-01 |   2.800502e+01 |   2.800011e+01 |  -1.400000e+00 |
|   9.900000e-02 |       6.097911e-01 |       6.095457e-01 |   2.800485e+01 |   2.800011e+01 |  -1.400000e+00 |
+----------------+--------------------+--------------------+----------------+----------------+----------------+


Time Step 100, time = 0.1, dt = 0.001
 * Nonlinear |R| = [32m9.964701e-04[39m (Before preset BCs, predictors, correctors, and constraints)
 0 Nonlinear |R| = [32m9.964701e-04[39m
      0 Linear |R| = [32m9.964701e-04[39m
      1 Linear |R| = [32m3.065374e-04[39m
      2 Linear |R| = [32m2.738476e-04[39m
      3 Linear |R| = [32m5.490506e-06[39m
      4 Linear |R| = [32m1.478406e-06[39m
      5 Linear |R| = [32m1.261014e-06[39m
      6 Linear |R| = [32m1.577143e-07[39m
      7 Linear |R| = [32m8.757158e-08[39m
      8 Linear |R| = [32m1.381440e-08[39m
      9 Linear |R| = [32m1.276894e-08[39m
     10 Linear |R| = [32m1.392546e-09[39m
     11 Linear |R| = [32m3.268974e-10[39m
     12 Linear |R| = [32m3.992786e-11[39m
     13 Linear |R| = [32m2.518242e-11[39m
     14 Linear |R| = [32m7.577587e-12[39m
     15 Linear |R| = [32m3.401440e-13[39m
 1 Nonlinear |R| = [32m2.641724e-08[39m
      0 Linear |R| = [32m2.641724e-08[39m
      1 Linear |R| = [32m4.194335e-09[39m
      2 Linear |R| = [32m5.554442e-10[39m
      3 Linear |R| = [32m7.862192e-11[39m
      4 Linear |R| = [32m2.485332e-11[39m
      5 Linear |R| = [33m2.435878e-11[39m
      6 Linear |R| = [32m8.725975e-12[39m
      7 Linear |R| = [32m2.070238e-12[39m
      8 Linear |R| = [32m3.014179e-13[39m
      9 Linear |R| = [32m2.802275e-13[39m
     10 Linear |R| = [32m7.721252e-14[39m
     11 Linear |R| = [32m1.166146e-14[39m
     12 Linear |R| = [32m1.574831e-15[39m
     13 Linear |R| = [32m1.337552e-15[39m
     14 Linear |R| = [32m3.446057e-16[39m
     15 Linear |R| = [32m1.765527e-17[39m
 2 Nonlinear |R| = [32m1.110320e-13[39m
[32m Solve Converged![39m

Outlier Variable Residual Norms:
  uy: [33m9.744054e-14[39m

Postprocessor Values:
+----------------+----------------+----------------+----------------+----------------+----------------+----------------+
| time           | J_max          | J_min          | Jbar_max       | Jbar_min       | center_pressure| edge_ux        |
+----------------+----------------+----------------+----------------+----------------+----------------+----------------+
:                :                :                :                :                :                :                :
|   8.600000e-02 |   9.714301e-01 |   9.708517e-01 |   9.867648e-01 |   9.866469e-01 |   1.336337e-02 |   1.095059e-02 |
|   8.700000e-02 |   9.714068e-01 |   9.708440e-01 |   9.867615e-01 |   9.866436e-01 |   1.289922e-02 |   1.093203e-02 |
|   8.800000e-02 |   9.713843e-01 |   9.708366e-01 |   9.867584e-01 |   9.866404e-01 |   1.245117e-02 |   1.091412e-02 |
|   8.900000e-02 |   9.713626e-01 |   9.708294e-01 |   9.867553e-01 |   9.866372e-01 |   1.201864e-02 |   1.089684e-02 |
|   9.000000e-02 |   9.713417e-01 |   9.708224e-01 |   9.867523e-01 |   9.866342e-01 |   1.160110e-02 |   1.088015e-02 |
|   9.100000e-02 |   9.713215e-01 |   9.708157e-01 |   9.867495e-01 |   9.866313e-01 |   1.119805e-02 |   1.086404e-02 |
|   9.200000e-02 |   9.713020e-01 |   9.708093e-01 |   9.867467e-01 |   9.866285e-01 |   1.080897e-02 |   1.084849e-02 |
|   9.300000e-02 |   9.712831e-01 |   9.708030e-01 |   9.867440e-01 |   9.866258e-01 |   1.043338e-02 |   1.083348e-02 |
|   9.400000e-02 |   9.712650e-01 |   9.707970e-01 |   9.867415e-01 |   9.866232e-01 |   1.007082e-02 |   1.081900e-02 |
|   9.500000e-02 |   9.712474e-01 |   9.707912e-01 |   9.867390e-01 |   9.866207e-01 |   9.720843e-03 |   1.080501e-02 |
|   9.600000e-02 |   9.712305e-01 |   9.707856e-01 |   9.867366e-01 |   9.866182e-01 |   9.383004e-03 |   1.079152e-02 |
|   9.700000e-02 |   9.712141e-01 |   9.707802e-01 |   9.867343e-01 |   9.866159e-01 |   9.056889e-03 |   1.077849e-02 |
|   9.800000e-02 |   9.711983e-01 |   9.707749e-01 |   9.867320e-01 |   9.866136e-01 |   8.742090e-03 |   1.076591e-02 |
|   9.900000e-02 |   9.711831e-01 |   9.707699e-01 |   9.867299e-01 |   9.866114e-01 |   8.438216e-03 |   1.075377e-02 |
|   1.000000e-01 |   9.711684e-01 |   9.707650e-01 |   9.867278e-01 |   9.866093e-01 |   8.144891e-03 |   1.074206e-02 |
+----------------+----------------+----------------+----------------+----------------+----------------+----------------+
+----------------+----------------+----------------+------------------+----------------+----------------+
| time           | mass           | mass_reaction  | outflow_gradient | platen_max     | platen_min     |
+----------------+----------------+----------------+------------------+----------------+----------------+
:                :                :                :                  :                :                :
|   8.600000e-02 |   1.518674e-01 |  -1.260505e-02 |     1.239880e-02 |  -6.821278e-03 |  -6.821278e-03 |
|   8.700000e-02 |   1.518552e-01 |  -1.216696e-02 |     1.196791e-02 |  -6.822988e-03 |  -6.822988e-03 |
|   8.800000e-02 |   1.518435e-01 |  -1.174407e-02 |     1.155198e-02 |  -6.824638e-03 |  -6.824638e-03 |
|   8.900000e-02 |   1.518322e-01 |  -1.133585e-02 |     1.115047e-02 |  -6.826230e-03 |  -6.826230e-03 |
|   9.000000e-02 |   1.518212e-01 |  -1.094180e-02 |     1.076290e-02 |  -6.827768e-03 |  -6.827768e-03 |
|   9.100000e-02 |   1.518106e-01 |  -1.056143e-02 |     1.038879e-02 |  -6.829252e-03 |  -6.829252e-03 |
|   9.200000e-02 |   1.518005e-01 |  -1.019427e-02 |     1.002765e-02 |  -6.830684e-03 |  -6.830684e-03 |
|   9.300000e-02 |   1.517906e-01 |  -9.839854e-03 |     9.679057e-03 |  -6.832067e-03 |  -6.832067e-03 |
|   9.400000e-02 |   1.517811e-01 |  -9.497744e-03 |     9.342563e-03 |  -6.833401e-03 |  -6.833401e-03 |
|   9.500000e-02 |   1.517719e-01 |  -9.167514e-03 |     9.017752e-03 |  -6.834689e-03 |  -6.834689e-03 |
|   9.600000e-02 |   1.517631e-01 |  -8.848753e-03 |     8.704221e-03 |  -6.835933e-03 |  -6.835933e-03 |
|   9.700000e-02 |   1.517546e-01 |  -8.541062e-03 |     8.401577e-03 |  -6.837133e-03 |  -6.837133e-03 |
|   9.800000e-02 |   1.517463e-01 |  -8.244059e-03 |     8.109443e-03 |  -6.838292e-03 |  -6.838292e-03 |
|   9.900000e-02 |   1.517384e-01 |  -7.957374e-03 |     7.827457e-03 |  -6.839410e-03 |  -6.839410e-03 |
|   1.000000e-01 |   1.517307e-01 |  -7.680647e-03 |     7.555265e-03 |  -6.840490e-03 |  -6.840490e-03 |
+----------------+----------------+----------------+------------------+----------------+----------------+
+----------------+--------------------+--------------------+----------------+----------------+----------------+
| time           | solid_fraction_max | solid_fraction_min | stability_max  | stability_min  | top_reaction   |
+----------------+--------------------+--------------------+----------------+----------------+----------------+
:                :                    :                    :                :                :                :
|   8.600000e-02 |       6.097617e-01 |       6.093992e-01 |   2.800768e+01 |   2.800017e+01 |  -1.400000e+00 |
|   8.700000e-02 |       6.097644e-01 |       6.094130e-01 |   2.800741e+01 |   2.800017e+01 |  -1.400000e+00 |
|   8.800000e-02 |       6.097671e-01 |       6.094264e-01 |   2.800715e+01 |   2.800016e+01 |  -1.400000e+00 |
|   8.900000e-02 |       6.097697e-01 |       6.094392e-01 |   2.800690e+01 |   2.800016e+01 |  -1.400000e+00 |
|   9.000000e-02 |       6.097722e-01 |       6.094516e-01 |   2.800666e+01 |   2.800015e+01 |  -1.400000e+00 |
|   9.100000e-02 |       6.097746e-01 |       6.094636e-01 |   2.800643e+01 |   2.800015e+01 |  -1.400000e+00 |
|   9.200000e-02 |       6.097769e-01 |       6.094752e-01 |   2.800621e+01 |   2.800014e+01 |  -1.400000e+00 |
|   9.300000e-02 |       6.097792e-01 |       6.094864e-01 |   2.800599e+01 |   2.800014e+01 |  -1.400000e+00 |
|   9.400000e-02 |       6.097814e-01 |       6.094972e-01 |   2.800578e+01 |   2.800013e+01 |  -1.400000e+00 |
|   9.500000e-02 |       6.097835e-01 |       6.095076e-01 |   2.800558e+01 |   2.800013e+01 |  -1.400000e+00 |
|   9.600000e-02 |       6.097855e-01 |       6.095176e-01 |   2.800539e+01 |   2.800012e+01 |  -1.400000e+00 |
|   9.700000e-02 |       6.097874e-01 |       6.095273e-01 |   2.800520e+01 |   2.800012e+01 |  -1.400000e+00 |
|   9.800000e-02 |       6.097893e-01 |       6.095367e-01 |   2.800502e+01 |   2.800011e+01 |  -1.400000e+00 |
|   9.900000e-02 |       6.097911e-01 |       6.095457e-01 |   2.800485e+01 |   2.800011e+01 |  -1.400000e+00 |
|   1.000000e-01 |       6.097929e-01 |       6.095544e-01 |   2.800468e+01 |   2.800011e+01 |  -1.400000e+00 |
+----------------+--------------------+--------------------+----------------+----------------+----------------+

Finished Executing                                                                       [[33m165.17 s[39m] [[33m  153 MB[39m]
