time,J_max,J_min,Jbar_max,Jbar_min,center_pressure,edge_ux,mass,mass_reaction,outflow_gradient,platen_max,platen_min,solid_fraction_max,solid_fraction_min,stability_max,stability_min,top_reaction
0,0.99998301698302,0.99998301698302,0.9999817959818,0.9999817959818,4.7952047952048e-05,2.4841824841825e-05,0.01,0,0,-4.1824841824842e-06,-4.1824841824842e-06,0.89999890108024,0.89999890108024,2.5,2.5,0
0.0002,0.99998428414941,0.99997017614584,0.99998539851843,0.99998121836922,4.8369235818467e-05,2.4477944289006e-05,0.009999924115743,-0.00037942128478863,8.064156024941e-05,-4.2188722377667e-06,-4.2188722377667e-06,0.90001370054393,0.89999724075447,2.5,2.5,-0.00010000000000006
0.0004,0.99998300737328,0.99996992091563,0.99998542536527,0.99998154789634,4.8469896780357e-05,2.4390145826019e-05,0.0099999058061052,-9.1548189004868e-05,7.2239671833295e-05,-4.2276520840654e-06,-4.2276520840654e-06,0.90001395442441,0.89999868644843,2.5,2.5,-0.0001
0.0006,0.99998306120865,0.99996971620753,0.99998544297488,0.99998148890047,4.8558726561413e-05,2.4312665459521e-05,0.0099998896482205,-8.0789423819997e-05,6.5735871290065e-05,-4.2354001207157e-06,-4.2354001207158e-06,0.90001415451927,0.89999858489867,2.5,2.5,-9.9999999999948e-05
0.0008,0.99998296808488,0.99996954779669,0.99998545419062,0.99998147780894,4.8638560047246e-05,2.4243034693149e-05,0.0099998751273044,-7.2604580350077e-05,6.0581210918098e-05,-4.2423631973522e-06,-4.2423631973522e-06,0.9000143161905,0.89999865872881,2.5,2.5,-9.9999999999942e-05
0.001,0.99998279881581,0.99996940606689,0.99998546090044,0.99998149267854,4.8711375263421e-05,2.4179523141117e-05,0.0099998618824995,-6.6224024568033e-05,5.6406643557771e-05,-4.2487143525544e-06,-4.2487143525544e-06,0.90001444979228,0.89999882445624,2.5,2.5,-9.9999999999961e-05
0.0012,0.99998278678507,0.99996928439198,0.99998546437905,0.99998146366999,4.8778594784317e-05,2.4120891343833e-05,0.0099998496553268,-6.1135863635533e-05,5.2959442501281e-05,-4.2545775322828e-06,-4.2545775322828e-06,0.90001456243565,0.89999880917593,2.5,2.5,-9.9999999999976e-05
0.0014,0.9999827622339,0.99996917811666,0.99998546550188,0.99998144057826,4.8841261066504e-05,2.4066232274889e-05,0.0099998382566334,-5.6993466689767e-05,5.0063255493014e-05,-4.2600434391776e-06,-4.2600434391776e-06,0.90001465909852,0.89999881048942,2.5,2.5,-9.9999999999939e-05
0.0016,0.99998271949169,0.99996908390611,0.99998546488052,0.99998142470702,4.8900151309694e-05,2.4014868201103e-05,0.0099998275450839,-5.3557747773354e-05,4.7592684382016e-05,-4.265179846556e-06,-4.265179846556e-06,0.90001474333278,0.89999883467366,2.5,2.5,-9.9999999999965e-05
0.0018,0.99998267780991,0.9999689993253,0.99998546294946,0.99998141006513,4.8955856276559e-05,2.3966282516043e-05,0.0099998174129441,-5.0660698698406e-05,4.5456888783627e-05,-4.2700384150619e-06,-4.2700384150619e-06,0.9000148177211,0.89999885900993,2.5,2.5,-0.00010000000000009
0.002,0.99998266171121,0.9999689225629,0.99998546002245,0.99998138916369,4.9008834523491e-05,2.3920073959941e-05,0.0099998077765348,-4.8182046522271e-05,4.3588860234569e-05,-4.274659270673e-06,-4.274659270673e-06,0.90001488417616,0.89999885468738,2.5,2.5,-0.00010000000000003
0.0022,0.99998264231887,0.99996885224734,0.9999854563297,0.99998137038258,4.9059449295219e-05,2.3875925366057e-05,0.0099997985697135,-4.6034106739299e-05,4.1938302736314e-05,-4.2790741300614e-06,-4.2790741300614e-06,0.9000149441396,0.89999885523747,2.5,2.5,-0.00010000000000004
0.0024,0.99998261888429,0.99996878732244,0.99998545204259,0.99998135380204,4.9107993455685e-05,2.3833581967865e-05,0.0099997897393507,-4.415181415268e-05,4.0466836036744e-05,-4.2833084698805e-06,-4.2833084698805e-06,0.90001499871629,0.89999886140619,2.5,2.5,-9.9999999999992e-05
0.0026,0.99998259655127,0.99996872696197,0.99998544729058,0.99998133778264,4.9154706463111e-05,2.3792836091409e-05,0.0099997812421377,-4.2486064928601e-05,3.9144714621039e-05,-4.2873830575259e-06,-4.2873830575259e-06,0.90001504876636,0.89999886708851,2.5,2.5,-9.9999999999929e-05
0.0028,0.99998258130879,0.99996867051007,0.99998544217267,0.99998132045453,4.9199786234858e-05,2.3753516176071e-05,0.009999773042297,-4.0999203398451e-05,3.7948549203975e-05,-4.2913150490604e-06,-4.2913150490604e-06,0.90001509496926,0.8999988652114,2.5,2.5,-0.00010000000000002
0.003,0.99998256550239,0.99996861743901,0.99998543676554,0.99998130400602,4.9243397788252e-05,2.3715478773701e-05,0.0099997651099137,-3.9661916412662e-05,3.6859700461253e-05,-4.2951187892957e-06,-4.2951187892957e-06,0.90001513786895,0.89999886463347,2.5,2.5,-0.00010000000000005
0.0032,0.9999825488075,0.99996856731886,0.9999854311292,0.9999812884659,4.9285679823133e-05,2.367860262833e-05,0.0099997574197009,-3.8451064076516e-05,3.5863129842925e-05,-4.2988064038335e-06,-4.2988064038335e-06,0.90001517790639,0.89999886567277,2.5,2.5,-0.00010000000000003
0.0034,0.99998253207947,0.9999685197954,0.99998542531112,0.99998127352325,4.9326749928297e-05,2.3642784230479e-05,0.0099997499500725,-3.7348141916905e-05,3.4946565524511e-05,-4.3023882436185e-06,-4.3023882436185e-06,0.90001521544313,0.89999886727962,2.5,2.5,-9.9999999999977e-05
0.0036,0.99998251811712,0.99996847457367,0.99998541934915,0.99998125829924,4.936670878955e-05,2.3607934432437e-05,0.0099997426824375,-3.6338174842932e-05,3.4099888647529e-05,-4.3058732234226e-06,-4.3058732234226e-06,0.90001525077872,0.89999886614409,2.5,2.5,-9.999999999995e-05
0.0038,0.99998250428867,0.99996843140576,0.99998541327376,0.99998124353067,4.9405643603321e-05,2.3573975837043e-05,0.0099997356006555,-3.5408910414869e-05,3.3314675647273e-05,-4.3092690829628e-06,-4.3092690829628e-06,0.90001528416369,0.89999886529795,2.5,2.5,-9.9999999999948e-05
0.004,0.99998249038617,0.99996839008146,0.99998540710962,0.99998122924156,4.9443630821053e-05,2.3540840758585e-05,0.009999728690611,-3.4550222430486e-05,3.2583852649863e-05,-4.3125825908082e-06,-4.3125825908082e-06,0.90001531580947,0.89999886494997,2.5,2.5,-9.9999999999959e-05
0.0042,0.99998247631169,0.9999683504211,0.99998540087687,0.9999812154278,4.9480738308359e-05,2.3508469612029e-05,0.0099997219398781,-3.3753664283331e-05,3.1901431368586e-05,-4.3158197054634e-06,-4.3158197054634e-06,0.90001534589588,0.89999886518461,2.5,2.5,-9.9999999999989e-05
0.0044,0.99998246348575,0.99996831226999,0.99998539459202,0.9999812016392,4.9517026993783e-05,2.3476809626849e-05,0.009999715337452,-3.3012130385572e-05,3.1262305001779e-05,-4.3189857039819e-06,-4.3189857039819e-06,0.90001537457701,0.89999886431819,2.5,2.5,-0.00010000000000003
0.0046,0.99998245092135,0.99996827549405,0.99998538826869,0.99998118814209,4.9552552082015e-05,2.3445813810049e-05,0.0099997088735327,-3.2319596478218e-05,3.0662088828956e-05,-4.3220852856618e-06,-4.3220852856618e-06,0.9000154019858,0.89999886347871,2.5,2.5,-9.9999999999953e-05
0.0048,0.99998243848489,0.99996823997636,0.99998538191817,0.99998117495268,4.9587363906309e-05,2.3415440102166e-05,0.0099997025393491,-3.1670918316127e-05,3.0096994479672e-05,-4.3251226564495e-06,-4.3251226564495e-06,0.90001542823764,0.89999886280104,2.5,2.5,-9.9999999999966e-05
0.005,0.99998242612327,0.99996820561433,0.99998537554984,0.99998116206571,4.9621508491082e-05,2.3385650684586e-05,0.0099996963270143,-3.1061673960725e-05,2.9563729839302e-05,-4.3281015982075e-06,-4.3281015982075e-06,0.90001545343329,0.8999988623282,2.5,2.5,-9.9999999999982e-05
0.0052,0.99998241410735,0.99996817231753,0.99998536917151,0.99998114938194,4.965502789492e-05,2.3356411406371e-05,0.0099996902294065,-3.0488039067235e-05,2.9059418672615e-05,-4.3310255260297e-06,-4.3310255260297e-06,0.9000154776612,0.89999886172712,2.5,2.5,-9.9999999999963e-05
0.0054,0.99998240246628,0.99996814000581,0.99998536278974,0.99998113687553,4.9687960394847e-05,2.3327691306603e-05,0.009999684240069,-2.9946687366146e-05,2.8581535555746e-05,-4.3338975360061e-06,-4.3338975360061e-06,0.9000155009994,0.89999886094828,2.5,2.5,-9.9999999999958e-05
0.0056,0.99998239098661,0.99996810860783,0.99998535641002,0.99998112459409,4.972034056412e-05,2.3299462213576e-05,0.0099996783531269,-2.9434710548682e-05,2.8127852799361e-05,-4.3367204453091e-06,-4.3367204453091e-06,0.90001552351704,0.89999886022666,2.5,2.5,-9.9999999999981e-05
0.0058,0.99998237964377,0.99996807805981,0.99998535003695,0.99998111253059,4.9752199288147e-05,2.3271698406174e-05,0.0099996725632162,-2.8949553354372e-05,2.7696396848136e-05,-4.3394968260495e-06,-4.3394968260495e-06,0.90001554527565,0.89999885957804,2.5,2.5,-9.9999999999954e-05
0.006,0.99998236844368,0.99996804830452,0.9999853436744,0.9999811006702,4.9783563752024e-05,2.3244376326242e-05,0.0099996668654241,-2.848896043163e-05,2.728541222124e-05,-4.3422290340427e-06,-4.3422290340427e-06,0.90001556633026,0.89999885898375,2.5,2.5,-9.9999999999948e-05
0.0062,0.99998235752684,0.9999680192904,0.99998533732562,0.99998108895927,4.9814457424014e-05,2.321747433283e-05,0.0099996612552376,-2.8050932710819e-05,2.6893331507785e-05,-4.3449192333836e-06,-4.3449192333836e-06,0.90001558673018,0.89999885826904,2.5,2.5,-9.9999999999974e-05
0.0064,0.99998234676821,0.99996799097083,0.99998533099336,0.99998107742377,4.9844900054685e-05,2.3190972491115e-05,0.0099996557284994,-2.7633691211244e-05,2.6518750250315e-05,-4.3475694175549e-06,-4.3475694175549e-06,0.90001560651982,0.89999885756983,2.5,2.5,-9.9999999999973e-05
0.0066,0.9999823361487,0.99996796330355,0.9999853246799,0.99998106605912,4.9874907703565e-05,2.3164852390194e-05,0.00999965028137,-2.7235646911955e-05,2.6160405805571e-05,-4.3501814276478e-06,-4.3501814276478e-06,0.90001562573931,0.89999885689918,2.5,2.5,-0.0001
0.0068,0.99998232566868,0.99996793625011,0.99998531838718,0.99998105485575,4.9904492794505e-05,2.3139096985113e-05,0.0099996449102949,-2.6855375492365e-05,2.5817159459852e-05,-4.3527569681547e-06,-4.3527569681547e-06,0.90001564442498,0.89999885624815,2.5,2.5,-9.999999999996e-05
0.007,0.99998231535559,0.99996790977539,0.99998531211681,0.99998104379673,4.9933664177382e-05,2.3113690464436e-05,0.0099996396119759,-2.6491596227641e-05,2.5487981238782e-05,-4.3552976208123e-06,-4.3552976209613e-06,0.90001566260987,0.89999885557682,2.5,2.5,-0.0001000000000069
0.0072,0.99998230516713,0.99996788384742,0.99998530587008,0.99998103288647,4.9962427365533e-05,2.3088618105915e-05,0.0099996343833453,-2.614315296464e-05,2.5171936879691e-05,-4.3578048560796e-06,-4.3578048560796e-06,0.90001568032399,0.89999885492714,2.5,2.5,-0.00010000000000001
0.0074,0.99998229509336,0.99996785843665,0.99998529964815,0.99998102212024,4.9990784586193e-05,2.3063866216433e-05,0.009999629221545,-2.5809001402756e-05,2.4868176700995e-05,-4.3602800450262e-06,-4.3602800450262e-06,0.9000156975949,0.89999885430391,2.5,2.5,-9.9999999999981e-05
0.0076,0.99998228512401,0.99996783351606,0.99998529345191,0.99998101149399,5.0018734935889e-05,2.3039421996029e-05,0.0099996241239065,-2.5488192290814e-05,2.457592606558e-05,-4.3627244670635e-06,-4.3627244670635e-06,0.90001571444774,0.89999885371268,2.5,2.5,-0.00010000000000002
0.0078,0.99998227524865,0.99996780906071,0.99998528728209,0.99998100100418,5.0046274691812e-05,2.3015273475912e-05,0.0099996190879339,-2.5179863159659e-05,2.4294477013341e-05,-4.3651393190753e-06,-4.3651393190753e-06,0.90001573090564,0.89999885315966,2.5,2.5,-9.9999999999995e-05
0.008,0.99998226545663,0.99996778504758,0.99998528113929,0.99998099064773,5.0073397483629e-05,2.2991409441721e-05,0.0099996141112884,-2.4883227321341e-05,2.4023181077556e-05,-4.3675257224953e-06,-4.3675257224953e-06,0.90001574698983,0.89999885265164,2.5,2.5,-9.999999999999e-05
0.0082,0.99998225573716,0.99996776145537,0.99998527502399,0.99998098042197,5.0100094534365e-05,2.2967819368698e-05,0.0099996091917753,-2.4597565731619e-05,2.376144300887e-05,-4.3698847297977e-06,-4.3698847297978e-06,0.90001576271992,0.89999885219596,2.5,2.5,-9.9999999999988e-05
0.0084,0.99998224607932,0.9999677382643,0.99998526893652,0.99998097032466,5.0126354904271e-05,2.2944493363805e-05,0.0099996043273314,-2.4322219675972e-05,2.3508715289593e-05,-4.3722173302862e-06,-4.3722173302862e-06,0.90001577811403,0.89999885180042,2.5,2.5,-9.999999999999e-05
0.0086,0.99998223647207,0.99996771545601,0.99998526287717,0.99998096035389,5.0152165737043e-05,2.2921422113995e-05,0.0099995995160145,-2.4056584448324e-05,2.3264493323659e-05,-4.3745244552674e-06,-4.3745244552674e-06,0.90001579318892,0.89999885147324,2.5,2.5,-9.9999999999951e-05
0.0088,0.99998222690433,0.99996769301343,0.99998525684612,0.99998095050807,5.017751250497e-05,2.2898596839663e-05,0.0099995947559937,-2.3800103772017e-05,2.3028311205442e-05,-4.3768069827016e-06,-4.3768069827016e-06,0.90001580796012,0.89999885122295,2.5,2.5,-9.9999999999962e-05
0.009,0.99998221736504,0.99996767092053,0.99998525084348,0.99998094078588,5.020237921829e-05,2.2876009250808e-05,0.0099995900455409,-2.3552265316333e-05,2.2799738011893e-05,-4.3790657407511e-06,-4.3790657409147e-06,0.90001582244214,0.89999885105834,2.5,2.5,-9.9999999995412e-05
0.0092,0.99998220784297,0.99996764916272,0.9999852448693,0.99998093118626,5.0226748817502e-05,2.2853651520969e-05,0.0099995853830221,-2.3312594166434e-05,2.257837436986e-05,-4.3813015145619e-06,-4.3813015145619e-06,0.90001583664825,0.89999885098852,2.5,2.5,-0.00010000000000002
0.0094,0.99998219832723,0.99996762772576,0.99998523892361,0.99998092170833,5.0250603008656e-05,2.2831516229878e-05,0.0099995807668913,-2.30806547195e-05,2.23638497959e-05,-4.3835150426204e-06,-4.3835150453234e-06,0.90001585059116,0.89999885102257,2.5,2.5,-9.9999999986212e-05
0.0096,0.99998218880682,0.99996760659682,0.99998523300632,0.99998091235151,5.0273923004871e-05,2.28095963508e-05,0.0099995761956834,-2.285603913095e-05,2.2155819905959e-05,-4.3857070315886e-06,-4.3857070315886e-06,0.90001586428245,0.89999885116976,2.5,2.5,-0.00010000000000001
0.0098,0.99998217927101,0.99996758576352,0.99998522711742,0.99998090311521,5.0296689435041e-05,2.2787885222335e-05,0.0099995716680091,-2.2638372098383e-05,2.1953963947136e-05,-4.3878781414377e-06,-4.3878781454613e-06,0.90001587773313,0.89999885143933,2.5,2.5,-0.00010000000000058
0.01,0.99998216970905,0.99996756521458,0.99998522125671,0.99998089399909,5.0318882403619e-05,2.2766376522498e-05,0.0099995671825484,-2.242730329925e-05,2.1757983079688e-05,-4.3900290144181e-06,-4.3900290144181e-06,0.90001589095334,0.89999885184056,2.5,2.5,-0.00010000000000001
0.0102,0.99998216011062,0.99996754493902,0.99998521542412,0.99998088500291,5.0340481761542e-05,2.2745064228754e-05,0.0099995627380471,-2.2222506288037e-05,2.1567598220052e-05,-4.3921602437925e-06,-4.3921602437925e-06,0.90001590395276,0.89999885238258,2.5,2.5,-9.9999999999989e-05
0.0104,0.99998215046549,0.99996752492664,0.99998520961947,0.99998087612648,5.0361467493886e-05,2.2723942619417e-05,0.0099995583333112,-2.2023678013003e-05,2.1382548584361e-05,-4.3942724051221e-06,-4.3942724053436e-06,0.9000159167404,0.89999885307444,2.5,2.5,-0.00010000000002528
0.0106,0.99998214076368,0.99996750516812,0.99998520384254,0.99998086736979,5.0381819666857e-05,2.2703006241862e-05,0.0099995539672044,-2.1830533580774e-05,2.1202590038209e-05,-4.3963660424881e-06,-4.3963660424881e-06,0.9000159293246,0.89999885392503,2.5,2.5,-9.9999999999982e-05
0.0108,0.99998213099558,0.99996748565408,0.99998519809321,0.99998085873273,5.0401518488488e-05,2.2682249914639e-05,0.009999549638643,-2.1642809473247e-05,2.1027493836202e-05,-4.3984416767521e-06,-4.3984416769814e-06,0.90001594171349,0.899998854943,2.5,2.5,-0.00010000000000482
0.011,0.99998212115177,0.99996746637618,0.99998519237113,0.99998085021539,5.042054459025e-05,2.2661668633534e-05,0.0099995453465916,-2.1460257105606e-05,2.0857045384645e-05,-4.400499802405e-06,-4.4004998026379e-06,0.90001595391445,0.89999885613683,2.5,2.5,-9.9999999978522e-05
0.0112,0.99998211122322,0.99996744732626,0.99998518667616,0.99998084181779,5.043887895898e-05,2.2641257717131e-05,0.0099995410900632,-2.1282643161999e-05,2.0691042987007e-05,-4.4025408954026e-06,-4.4025408956385e-06,0.9000159659346,0.89999885751469,2.5,2.5,-0.00010000000000042
0.0114,0.99998210120114,0.9999674284966,0.99998518100803,0.99998083353998,5.0456503215436e-05,2.2621012592179e-05,0.009999536868113,-2.1109750547095e-05,2.0529297171466e-05,-4.4045654067968e-06,-4.4045654070349e-06,0.90001597778066,0.89999885908455,2.5,2.5,-9.9999999996463e-05
0.0116,0.99998209107719,0.99996740988003,0.99998517536645,0.99998082538211,5.0473399392501e-05,2.2600928961154e-05,0.0099995326798382,-2.0941373703187e-05,2.0371629428483e-05,-4.4065737705548e-06,-4.4065737705548e-06,0.90001598945887,0.89999886085403,2.5,2.5,-0.0001
0.0118,0.99998208084339,0.99996739146952,0.99998516975124,0.99998081734418,5.0489550500744e-05,2.2581002658452e-05,0.0099995285243742,-2.0777320037959e-05,2.0217871627965e-05,-4.4085664003963e-06,-4.4085664006367e-06,0.9000160009753,0.89999886283036,2.5,2.5,-9.9999999999293e-05
0.012,0.99998207049198,0.99996737325861,0.9999851641621,0.99998080942632,5.0504940103372e-05,2.2561229717841e-05,0.0099995244008923,-2.0617408267142e-05,2.0067865255461e-05,-4.4105436942892e-06,-4.4105436945309e-06,0.90001601233555,0.89999886502057,2.5,2.5,-9.9999999995715e-05
0.0122,0.99998206001565,0.99996735524106,0.99998515859877,0.99998080162852,5.051955263765e-05,2.2541606331219e-05,0.0099995203085987,-2.0461467324623e-05,1.99214604091e-05,-4.4125060329027e-06,-4.4125060331447e-06,0.90001602354498,0.89999886743128,2.5,2.5,-0.00010000000000732
0.0124,0.99998204940746,0.99996733741096,0.99998515306097,0.99998079395086,5.0533373208376e-05,2.2522128851037e-05,0.0099995162467317,-2.0309335816231e-05,1.9778515668353e-05,-4.414453781503e-06,-4.4144537817447e-06,0.9000160346087,0.89999887006879,2.5,2.5,-9.9999999994373e-05
0.0126,0.99998203866082,0.9999673197626,0.99998514754835,0.99998078639333,5.0546387901268e-05,2.2502793756721e-05,0.0099995122145591,-2.0160863049047e-05,1.9638897238534e-05,-4.4163872909886e-06,-4.4163872909886e-06,0.90001604553155,0.89999887293901,2.5,2.5,-0.00010000000000001
0.0128,0.99998202776958,0.99996730229061,0.99998514206076,0.99998077895587,5.0558583692957e-05,2.2483597678628e-05,0.0099995082113782,-2.0015903224354e-05,1.9502478419834e-05,-4.4183068978203e-06,-4.4183068980607e-06,0.90001605631813,0.89999887604749,2.5,2.5,-0.00010000000000644
0.013,0.99998201672774,0.99996728498989,0.99998513659784,0.99998077163848,5.0569948326788e-05,2.246453739635e-05,0.009999504236514,-1.9874320950289e-05,1.9369139105841e-05,-4.420212927026e-06,-4.420212927026e-06,0.90001606697279,0.89999887939951,2.5,2.5,-9.9999999999986e-05
0.0132,0.99998200552993,0.99996726785544,0.99998513115936,0.99998076444099,5.058047054595e-05,2.2445609776059e-05,0.0099995002893164,-1.9735988669228e-05,1.9238765518751e-05,-4.4221056889788e-06,-4.422105689216e-06,0.90001607749974,0.89999888299988,2.5,2.5,-9.9999999998227e-05
0.0134,0.99998199417093,0.99996725088275,0.99998512574502,0.99998075736329,5.059013998279e-05,2.2426811824812e-05,0.0099994963691601,-1.9600781598985e-05,1.9111249553378e-05,-4.4239854841669e-06,-4.4239854844027e-06,0.90001608790287,0.89999888685311,2.5,2.5,-9.9999999995506e-05
0.0136,0.99998198264605,0.99996723406721,0.9999851203545,0.99998075040525,5.0598947093647e-05,2.240814064988e-05,0.0099994924754425,-1.9468587834662e-05,1.8986488693048e-05,-4.4258526016206e-06,-4.4258526018544e-06,0.90001609818601,0.8999988909633,2.5,2.5,-0.00010000000001415
0.0138,0.99998197095074,0.99996721740464,0.99998511498762,0.99998074356651,5.0606883433548e-05,2.2389593474124e-05,0.0099994886075838,-1.9339293462726e-05,1.8864385339298e-05,-4.4277073189939e-06,-4.4277073192246e-06,0.90001610835274,0.89999889533431,2.5,2.5,-0.0001000000000102
0.014,0.99998195908091,0.9999672008907,0.999985109644,0.99998073684692,5.0613941186477e-05,2.2371167612186e-05,0.009999484765024,-1.9212798940911e-05,1.8744846753595e-05,-4.4295499050871e-06,-4.4295499053149e-06,0.90001611840659,0.8999988999696,2.5,2.5,-0.00010000000000625
0.0142,0.99998194703275,0.99996718452174,0.99998510432343,0.99998073024609,5.062011355281e-05,2.2352860478717e-05,0.0099994809472239,-1.9089000277768e-05,1.8627784676545e-05,-4.4313806183345e-06,-4.4313806185591e-06,0.90001612835074,0.89999890487226,2.5,2.5,-9.9999999993654e-05
0.0144,0.99998193480287,0.99996716829377,0.99998509902568,0.99998072376372,5.062539445899e-05,2.2334669566635e-05,0.0099994771536623,-1.8967806402283e-05,1.851311499655e-05,-4.4331997088562e-06,-4.4331997090777e-06,0.90001613818844,0.89999891004509,2.5,2.5,-9.9999999995224e-05
0.0146,0.99998192238808,0.99996715220357,0.99998509375036,0.99998071739938,5.0629778843518e-05,2.2316592495567e-05,0.0099994733838373,-1.8849125345938e-05,1.8400757529308e-05,-4.4350074173246e-06,-4.4350074175425e-06,0.9000161479225,0.89999891549057,2.5,2.5,-0.0001000000000006
0.0148,0.99998190978549,0.99996713624717,0.99998508849731,0.99998071115255,5.0633262468897e-05,2.2298626899757e-05,0.0099994696372623,-1.873287547564e-05,1.8290635961457e-05,-4.4368039767887e-06,-4.4368039770024e-06,0.90001615755606,0.89999892121087,2.5,2.5,-9.9999999995441e-05
0.015,0.99998189699256,0.99996712042148,0.99998508326616,0.99998070502285,5.0635841584011e-05,2.2280770540291e-05,0.009999465913468,-1.8618971472961e-05,1.8182677185302e-05,-4.4385896120508e-06,-4.4385896122605e-06,0.90001616709176,0.89999892720787,2.5,2.5,-0.00010000000000687
0.0152,0.99998188400706,0.99996710472329,0.99998507805679,0.99998069900973,5.0637513624936e-05,2.2263021250917e-05,0.0099994622120009,-1.8507336448956e-05,1.8076811677861e-05,-4.4403645416411e-06,-4.4403645418463e-06,0.90001617653225,0.89999893348311,2.5,2.5,-9.999999999776e-05
0.0154,0.99998187082688,0.99996708914943,0.99998507286883,0.99998069311254,5.063827663929e-05,2.224537690961e-05,0.0099994585324211,-1.8397898456566e-05,1.7972972762902e-05,-4.4421289752867e-06,-4.4421289754873e-06,0.90001618588011,0.8999989400379,2.5,2.5,-0.00010000000001219
0.0156,0.99998185745031,0.99996707369704,0.99998506770208,0.99998068733074,5.0638129106515e-05,2.2227835497026e-05,0.0099994548743046,-1.8290583880913e-05,1.7871096844977e-05,-4.4438831174764e-06,-4.4438831176715e-06,0.90001619513774,0.8999989468733,2.5,2.5,-9.9999999990747e-05
0.0158,0.99998184387581,0.99996705836322,0.99998506255628,0.99998068166364,5.0637070472413e-05,2.2210395026758e-05,0.0099994512372395,-1.8185326968676e-05,1.7771123052721e-05,-4.4456271646345e-06,-4.4456271648252e-06,0.9000162043075,0.89999895399008,2.5,2.5,-9.9999999986339e-05
0.016,0.99998183010217,0.99996704314529,0.99998505743117,0.99998067611057,5.0635100905772e-05,2.219305358642e-05,0.0099994476208271,-1.8082061695791e-05,1.7672993030716e-05,-4.4473613084713e-06,-4.4473613086569e-06,0.9000162133916,0.8999989613887,2.5,2.5,-9.9999999996081e-05
0.0162,0.99998181612846,0.99996702804052,0.99998505232654,0.99998067067083,5.0632221172999e-05,2.2175809331427e-05,0.0099994440246819,-1.7980728032579e-05,1.757665115928e-05,-4.4490857335215e-06,-4.4490857337007e-06,0.90001622239225,0.8999989690694,2.5,2.5,-9.9999999996138e-05
0.0164,0.99998180195376,0.99996701304633,0.99998504724208,0.99998066534362,5.062843264388e-05,2.215866046191e-05,0.0099994404484285,-1.7881265558497e-05,1.7482043820006e-05,-4.4508006204075e-06,-4.4508006205813e-06,0.90001623131153,0.89999897703228,2.5,2.5,-0.00010000000000991
0.0166,0.99998178757746,0.99996699816043,0.99998504217762,0.99998066012811,5.0623737257989e-05,2.2141605247698e-05,0.0099994368917053,-1.778361661314e-05,1.7389119762287e-05,-4.4525061419186e-06,-4.4525061420871e-06,0.90001624015137,0.89999898527715,2.5,2.5,-0.00010000000001204
0.0168,0.99998177299911,0.99996698338034,0.99998503713286,0.99998065502359,5.0618137325098e-05,2.2124641990464e-05,0.0099994333541595,-1.7687729142537e-05,1.729782994507e-05,-4.4542024676299e-06,-4.4542024676299e-06,0.90001624891375,0.89999899380369,2.5,2.5,-9.9999999999983e-05
0.017,0.99998175821866,0.99996696870368,0.99998503210766,0.99998065002911,5.0611635996097e-05,2.2107769054371e-05,0.0099994298354494,-1.7593549546875e-05,1.7208127089084e-05,-4.455889761317e-06,-4.4558897614734e-06,0.90001625760056,0.89999900261123,2.5,2.5,-0.00010000000001377
0.0172,0.999981743236,0.99996695412839,0.99998502710174,0.99998064514386,5.0604236747421e-05,2.2090984845779e-05,0.0099994263352433,-1.7501028423768e-05,1.711996588224e-05,-4.4575681814148e-06,-4.4575681815655e-06,0.90001626621351,0.89999901169905,2.5,2.5,-9.9999999999509e-05
0.0174,0.99998172805131,0.99996693965219,0.99998502211481,0.99998064036693,5.0595943681391e-05,2.2074287833353e-05,0.0099994228532197,-1.7410118151143e-05,1.7033302843409e-05,-4.4592378833322e-06,-4.4592378833322e-06,0.90001627475441,0.89999902106616,2.5,2.5,-9.9999999999988e-05
0.0176,0.99998171266501,0.99996692527307,0.9999850171468,0.99998063569736,5.0586761273269e-05,2.20576765096e-05,0.0099994193890657,-1.7320771149084e-05,1.6948096220033e-05,-4.4608990162823e-06,-4.4608990164208e-06,0.90001628322487,0.89999903071141,2.5,2.5,-9.999999999322e-05
0.0178,0.99998169707729,0.99996691098912,0.99998501219734,0.99998063113418,5.0576694491374e-05,2.2041149404827e-05,0.0099994159424766,-1.723294570197e-05,1.6864305743221e-05,-4.4625517261863e-06,-4.4625517261863e-06,0.90001629162647,0.89999904063364,2.5,2.5,-0.0001
0.018,0.999981681289,0.99996689679829,0.99998500726631,0.99998062667647,5.0565748398646e-05,2.2024705115862e-05,0.0099994125131571,-1.7146597128563e-05,1.6781892734127e-05,-4.4641961550819e-06,-4.4641961550819e-06,0.9000162999608,0.89999905083134,2.5,2.5,-0.00010000000000002
0.0182,0.99998166530085,0.9999668826987,0.99998500235349,0.99998062232321,5.0553928882656e-05,2.2008342262068e-05,0.0099994091008201,-1.7061685731942e-05,1.6700819998212e-05,-4.4658324406629e-06,-4.4658324407839e-06,0.90001630822937,0.89999906130293,2.5,2.5,-0.0001000000000089
0.0184,0.9999816491137,0.99996686868866,0.99998499745864,0.99998061807344,5.0541241946816e-05,2.1992059498579e-05,0.0099994057051857,-1.6978171983496e-05,1.6621051689585e-05,-4.4674607168066e-06,-4.4674607168067e-06,0.90001631643356,0.89999907204673,2.5,2.5,-0.00010000000000001
0.0186,0.9999816327286,0.9999668547663,0.99998499258157,0.99998061392608,5.0527694003598e-05,2.1975855525185e-05,0.0099994023259821,-1.6896018096601e-05,1.6542553303555e-05,-4.4690811141464e-06,-4.4690811141464e-06,0.90001632457482,0.89999908306089,2.5,2.5,-9.9999999999987e-05
0.0188,0.99998161614667,0.99996684092996,0.99998498772209,0.9999806098801,5.0513291786439e-05,2.1959729071517e-05,0.0099993989629446,-1.6815187638931e-05,1.6465291601052e-05,-4.4706937595146e-06,-4.4706937595146e-06,0.90001633265449,0.89999909434344,2.5,2.5,-9.9999999999993e-05
0.019,0.99998159936914,0.99996682717798,0.99998498287999,0.99998060593446,5.0498042296645e-05,2.1943678901908e-05,0.0099993956158154,-1.6735645601396e-05,1.6389234534731e-05,-4.4722987764754e-06,-4.4722987764754e-06,0.90001634067387,0.89999910589234,2.5,2.5,-0.0001
0.0192,0.99998158239736,0.99996681350877,0.99998497805508,0.99998060208809,5.0481952815675e-05,2.1927703813106e-05,0.0099993922843438,-1.6657358220081e-05,1.6314351201159e-05,-4.4738962853562e-06,-4.4738962853562e-06,0.90001634863423,0.8999991177054,2.5,2.5,-9.9999999999977e-05
0.0194,0.99998156523277,0.99996679992077,0.99998497324716,0.9999805983399,5.0465030882167e-05,2.191180263305e-05,0.0099993889682852,-1.6580292950329e-05,1.6240611788475e-05,-4.4754864033609e-06,-4.4754864033609e-06,0.90001635653679,0.89999912978038,2.5,2.5,-0.00010000000000001
0.0196,0.99998154787689,0.99996678641249,0.99998496845605,0.99998059468882,5.04472842713e-05,2.1895974219801e-05,0.0099993856674015,-1.6504418413226e-05,1.6167987526842e-05,-4.4770692446877e-06,-4.4770692446877e-06,0.90001636438273,0.89999914211491,2.5,2.5,-0.0001
0.0198,0.99998153033133,0.99996677298245,0.99998496368157,0.99998059113375,5.0428720976428e-05,2.1880217460387e-05,0.0099993823814607,-1.6429704337331e-05,1.6096450641335e-05,-4.4786449206276e-06,-4.4786449206276e-06,0.9000163721732,0.89999915470657,2.5,2.5,-9.9999999999946e-05
0.02,0.99998151259778,0.99996675962925,0.99998495892352,0.99998058767358,5.0409349191578e-05,2.1864531269935e-05,0.0099993791102364,-1.6356121510277e-05,1.6025974307769e-05,-4.4802135396734e-06,-4.4802135396734e-06,0.90001637990932,0.89999916755283,2.5,2.5,-9.9999999999932e-05
0.0202,0.99998149467801,0.9999667463515,0.99998495418173,0.99998058430721,5.0389177294669e-05,2.1848914590557e-05,0.009999375853508,-1.6283641733112e-05,1.5956532610655e-05,-4.4817752076105e-06,-4.4817752076105e-06,0.90001638759216,0.89999918065112,2.5,2.5,-9.9999999999992e-05
0.0204,0.99998147657388,0.99996673314779,0.99998494945606,0.99998058103352,5.0368213827155e-05,2.1833366390185e-05,0.0099993726110604,-1.6212238119594e-05,1.5888100504909e-05,-4.4833300274693e-06,-4.4833300275775e-06,0.9000163952228,0.89999919399877,2.5,2.5,-0.00010000000002966
0.0206,0.99998145828718,0.99996672001702,0.99998494474627,0.9999805778514,5.0346467509762e-05,2.1817885663619e-05,0.0099993693826836,-1.6141883182742e-05,1.5820653696285e-05,-4.484878099352e-06,-4.484878101675e-06,0.90001640280217,0.89999920759312,2.5,2.5,-0.000100000000017
0.0208,0.99998143981989,0.99996670695778,0.99998494005219,0.99998057475971,5.0323947184033e-05,2.1802471426136e-05,0.0099993661681731,-1.6072552713848e-05,1.5754168898019e-05,-4.486419524057e-06,-4.486419524057e-06,0.90001641033132,0.8999992214314,2.5,2.5,-0.00010000000000001
0.021,0.99998142117407,0.99996669396875,0.99998493537373,0.99998057175734,5.0300661704786e-05,2.178712272613e-05,0.009999362967329,-1.6004221990629e-05,1.5688623443965e-05,-4.4879543942127e-06,-4.4879543944221e-06,0.90001641781124,0.89999923551076,2.5,2.5,-0.00010000000000235
0.0212,0.99998140235166,0.99996668104902,0.99998493071063,0.99998056884318,5.0276620254373e-05,2.1771838615503e-05,0.0099993597799557,-1.5936866565719e-05,1.5623995359039e-05,-4.4894828051171e-06,-4.4894828051171e-06,0.90001642524272,0.89999924982842,2.5,2.5,-0.0001
0.0214,0.99998138335484,0.99996666819716,0.9999849260628,0.99998056601608,5.0251831965899e-05,2.175661819023e-05,0.0099993566058629,-1.5870464276124e-05,1.5560263387596e-05,-4.4910048476451e-06,-4.4910048476451e-06,0.9000164326268,0.89999926438142,2.5,2.5,-9.9999999999989e-05
0.0216,0.99998136418568,0.99996665541209,0.99998492143005,0.9999805632749,5.0226306080852e-05,2.1741460546232e-05,0.0099993534448638,-1.5804992347357e-05,1.5497406991115e-05,-4.4925206111153e-06,-4.4925206112314e-06,0.90001643996433,0.89999927916688,2.5,2.5,-0.0001000000000095
0.0218,0.99998134484641,0.99996664269275,0.99998491681223,0.99998056061857,5.02000519192e-05,2.1726364833284e-05,0.0099993502967778,-1.5740429351577e-05,1.5435406207303e-05,-4.4940301829711e-06,-4.4940301830883e-06,0.90001644725613,0.8999992941818,2.5,2.5,-0.00010000000000211
0.022,0.9999813253391,0.99996663003818,0.99998491220918,0.99998055804593,5.0173078908766e-05,2.1711330176068e-05,0.0099993471614264,-1.5676753585242e-05,1.5374241872041e-05,-4.495533648108e-06,-4.4955336482258e-06,0.90001645450298,0.89999930942326,2.5,2.5,-0.00010000000001306
0.0222,0.99998130566608,0.99996661744709,0.99998490762073,0.99998055555586,5.0145396417521e-05,2.1696355766614e-05,0.0099993440386369,-1.5613946973485e-05,1.531389511447e-05,-4.4970310896288e-06,-4.4970310897481e-06,0.90001646170579,0.89999932488819,2.5,2.5,-9.999999999893e-05
0.0224,0.99998128582951,0.99996660491866,0.99998490304675,0.99998055314724,5.0117014014795e-05,2.1681440775275e-05,0.0099993409282395,-1.5551987468424e-05,1.5254347894473e-05,-4.4985225891382e-06,-4.4985225891382e-06,0.90001646886526,0.89999934057362,2.5,2.5,-9.9999999999962e-05
0.0226,0.99998126583172,0.99996659245172,0.9999848984871,0.99998055081897,5.0087941185864e-05,2.166658440856e-05,0.0099993378300681,-1.549085809347e-05,1.5195582594e-05,-4.5000082256233e-06,-4.5000082257445e-06,0.90001647598224,0.89999935647649,2.5,2.5,-0.00010000000000637
0.0228,0.999981245675,0.9999665800455,0.99998489394164,0.99998054856996,5.005818744997e-05,2.1651785883167e-05,0.0099993347439602,-1.5430538495992e-05,1.5137582108988e-05,-4.501488077353e-06,-4.5014880774747e-06,0.90001648305735,0.89999937259372,2.5,2.5,-9.9999999993681e-05
0.023,0.99998122536153,0.99996656769897,0.99998488941018,0.99998054639906,5.0027762277721e-05,2.1637044462468e-05,0.009999331669758,-1.5371012640667e-05,1.5080329916987e-05,-4.5029622204497e-06,-4.5029622205726e-06,0.90001649009138,0.89999938892232,2.5,2.5,-0.00010000000000392
0.0232,0.99998120489376,0.99996655541115,0.99998488489265,0.9999805443052,4.9996675331123e-05,2.1622359375404e-05,0.0099993286073057,-1.5312261959892e-05,1.5023809934807e-05,-4.5044307292826e-06,-4.5044307294065e-06,0.90001649708504,0.89999940545914,2.5,2.5,-0.00010000000000698
0.0234,0.99998118427395,0.99996654318121,0.99998488038884,0.99998054228728,4.996493614258e-05,2.1607729901422e-05,0.0099993255564514,-1.5254270672664e-05,1.4968006510557e-05,-4.5058936762048e-06,-4.5058936763293e-06,0.900016504039,0.89999942220115,2.5,2.5,-0.00010000000002058
0.0236,0.99998116350447,0.99996653100833,0.99998487589865,0.99998054034423,4.9932554247037e-05,2.1593155345431e-05,0.0099993225170477,-1.5197021039178e-05,1.4912904541308e-05,-4.5073511328001e-06,-4.5073511329255e-06,0.90001651095388,0.89999943914526,2.5,2.5,-0.00010000000001772
0.0238,0.99998114258755,0.99996651889148,0.99998487142195,0.99998053847495,4.9899539216778e-05,2.1578634981811e-05,0.009999319488948,-1.5140499209316e-05,1.4858489177854e-05,-4.5088031673355e-06,-4.5088031692845e-06,0.90001651783043,0.89999945628843,2.5,2.5,-9.9999999991733e-05
0.024,0.99998112152567,0.99996650682999,0.99998486695863,0.99998053667841,4.9865900511438e-05,2.1564168146265e-05,0.0099993164720103,-1.5084687149085e-05,1.4804746103044e-05,-4.5102498515985e-06,-4.510249851725e-06,0.9000165246692,0.89999947362754,2.5,2.5,-0.00010000000000341
0.0242,0.9999811003211,0.99996649482295,0.99998486250849,0.99998053495346,4.9831647665777e-05,2.1549754173473e-05,0.0099993134660955,-1.50295729889e-05,1.4751661513527e-05,-4.5116912498427e-06,-4.5116912499699e-06,0.90001653147084,0.89999949115954,2.5,2.5,-0.00010000000001219
0.0244,0.99998107897615,0.9999664828696,0.99998485807145,0.99998053329911,4.9796790101947e-05,2.153539240766e-05,0.0099993104710679,-1.4975139304123e-05,1.4699221714823e-05,-4.5131274269869e-06,-4.5131274271141e-06,0.90001653823594,0.89999950888142,2.5,2.5,-9.9999999996755e-05
0.0246,0.99998105749316,0.99996647096919,0.99998485364738,0.99998053171433,4.9761337200007e-05,2.1521082182773e-05,0.0099993074867926,-1.4921374078517e-05,1.4647413750532e-05,-4.5145584475344e-06,-4.5145584476621e-06,0.90001654496508,0.8999995267901,2.5,2.5,-0.00010000000000936
0.0248,0.99998103587456,0.99996645912095,0.99998484923615,0.99998053019805,4.9725298472065e-05,2.1506822916401e-05,0.0099993045131401,-1.4868262199899e-05,1.4596224559204e-05,-4.5159843750209e-06,-4.5159843750209e-06,0.90001655165884,0.89999954488251,2.5,2.5,-0.0001
0.025,0.99998101412263,0.99996644732402,0.9999848448377,0.9999805287492,4.9688683152245e-05,2.1492613968026e-05,0.0099993015499819,-1.4815791032194e-05,1.4545641820605e-05,-4.5174052700701e-06,-4.5174052701987e-06,0.90001655831782,0.89999956315564,2.5,2.5,-0.0001000000000047
0.0252,0.99998099223964,0.99996643557785,0.99998484045178,0.99998052736679,4.9651500538802e-05,2.1478454734597e-05,0.0099992985971923,-1.4763947201782e-05,1.4495653390341e-05,-4.5188211930826e-06,-4.5188211932114e-06,0.9000165649425,0.89999958160652,2.5,2.5,-9.999999999464e-05
0.0254,0.99998097022793,0.9999664238817,0.99998483607837,0.99998052604986,4.9613759853086e-05,2.1464344635265e-05,0.0099992956546486,-1.4712718586065e-05,1.4446247385606e-05,-4.5202322031469e-06,-4.5202322031469e-06,0.90001657153341,0.89999960023213,2.5,2.5,-0.0001
0.0256,0.99998094808987,0.99996641223478,0.99998483171736,0.9999805247973,4.9575470290153e-05,2.1450283092724e-05,0.0099992927222304,-1.4662092047843e-05,1.4397412351064e-05,-4.5216383576886e-06,-4.5216383578189e-06,0.90001657809112,0.89999961902945,2.5,2.5,-0.0001000000000125
0.0258,0.99998092582763,0.99996640063642,0.99998482736856,0.99998052360819,4.9536640860325e-05,2.1436269527522e-05,0.009999289799819,-1.4612056818962e-05,1.4349137163114e-05,-4.5230397135832e-06,-4.5230397137145e-06,0.90001658461614,0.89999963799562,2.5,2.5,-9.9999999996824e-05
0.026,0.99998090344362,0.99996638908607,0.99998482303195,0.99998052248153,4.9497280644425e-05,2.1422303394305e-05,0.0099992868872988,-1.4562599896711e-05,1.4301410734535e-05,-4.5244363267134e-06,-4.5244363268454e-06,0.9000165911089,0.89999965712761,2.5,2.5,-0.00010000000001281
0.0262,0.99998088093998,0.99996637758294,0.99998481870736,0.99998052141632,4.9457398662559e-05,2.1408384152975e-05,0.0099992839845564,-1.4513710576556e-05,1.4254222458141e-05,-4.5258282511525e-06,-4.5258282512854e-06,0.90001659756996,0.89999967642256,2.5,2.5,-0.00010000000001194
0.0264,0.99998085831906,0.99996636612655,0.99998481439467,0.99998052041169,4.9417003692207e-05,2.1394511265061e-05,0.0099992810914808,-1.4465377529236e-05,1.4207562110611e-05,-4.5272155404535e-06,-4.5272155405873e-06,0.90001660399973,0.89999969587756,2.5,2.5,-0.00010000000000969
0.0266,0.99998083558316,0.9999663547162,0.99998481009383,0.99998051946658,4.9376104679591e-05,2.1380684209677e-05,0.009999278207963,-1.441759041312e-05,1.4161419516135e-05,-4.5285982450737e-06,-4.5285982475494e-06,0.90001661039868,0.89999971548966,2.5,2.5,-0.0001000000000049
0.0268,0.99998081273435,0.99996634335132,0.99998480580469,0.99998051858008,4.9334710376393e-05,2.1366902462355e-05,0.0099992753338953,-1.4370338264006e-05,1.4115784772028e-05,-4.5299764196106e-06,-4.5299764214597e-06,0.90001661676728,0.8999997352561,2.5,2.5,-0.00010000000000134
0.027,0.9999807897749,0.99996633203118,0.99998480152715,0.99998051775123,4.9292829415321e-05,2.1353165525365e-05,0.0099992724691725,-1.4323611666359e-05,1.4070648315695e-05,-4.5313501134623e-06,-4.5313501145024e-06,0.90001662310601,0.89999975517402,2.5,2.5,-0.00010000000001038
0.0272,0.99998076670705,0.99996632075536,0.99998479726114,0.99998051697916,4.9250470403416e-05,2.1339472922516e-05,0.009999269613693,-1.4277399223382e-05,1.4026000686632e-05,-4.5327193744409e-06,-4.5327193746457e-06,0.90001662941523,0.89999977524061,2.5,2.5,-9.9999999991793e-05
0.0274,0.99998074353289,0.99996630952324,0.99998479300654,0.99998051626293,4.9207641797032e-05,2.1325824143075e-05,0.0099992667673546,-1.4231691796024e-05,1.3981832835872e-05,-4.5340842517084e-06,-4.5340842524887e-06,0.9000166356954,0.89999979545312,2.5,2.5,-0.00010000000000268
0.0276,0.99998072025459,0.99996629833427,0.99998478876321,0.99998051560164,4.9164352041672e-05,2.1312218728913e-05,0.0099992639300585,-1.4186480520591e-05,1.3938135780835e-05,-4.5354447937792e-06,-4.5354447937792e-06,0.90001664194691,0.89999981580879,2.5,2.5,-9.9999999999984e-05
0.0278,0.99998069687436,0.99996628718778,0.99998478453112,0.99998051499438,4.9120609473195e-05,2.1298656202767e-05,0.0099992611017072,-1.4141755760857e-05,1.3894900872733e-05,-4.5368010450163e-06,-4.5368010473006e-06,0.90001664817024,0.89999983630487,2.5,2.5,-0.00010000000000433
0.028,0.99998067339429,0.99996627608344,0.99998478031015,0.9999805144403,4.9076422333505e-05,2.1285136116512e-05,0.0099992582822057,-1.4097507213971e-05,1.3852119559228e-05,-4.5381530546491e-06,-4.5381530547886e-06,0.90001665436567,0.89999985693867,2.5,2.5,-9.9999999985316e-05
0.0282,0.99998064981632,0.99996626502055,0.99998477610021,0.99998051393851,4.9031798826458e-05,2.1271658016762e-05,0.0099992554714599,-1.4053728534093e-05,1.3809783557727e-05,-4.5395008651194e-06,-4.5395008652591e-06,0.90001666053369,0.8999998777076,2.5,2.5,-0.00010000000000526
0.0284,0.99998062614274,0.99996625399876,0.99998477190119,0.99998051348815,4.8986746994029e-05,2.125822146531e-05,0.0099992526693784,-1.4010408365477e-05,1.3767884656391e-05,-4.540844520785e-06,-4.5408445209254e-06,0.90001666667458,0.89999989860892,2.5,2.5,-0.00010000000000567
0.0286,0.99998060237546,0.99996624301743,0.99998476771299,0.99998051308838,4.8941274814062e-05,2.1244826013383e-05,0.0099992498758699,-1.3967540816482e-05,1.372641507147e-05,-4.5421840650071e-06,-4.5421840651489e-06,0.9000166727888,0.89999991964008,2.5,2.5,-0.00010000000000709
0.0288,0.9999805785166,0.99996623207617,0.99998476353556,0.99998051273836,4.8895390197691e-05,2.1231471258294e-05,0.0099992470908468,-1.3925115106509e-05,1.3685367002786e-05,-4.5435195404221e-06,-4.5435195405642e-06,0.90001667887664,0.89999994079845,2.5,2.5,-0.00010000000000172
0.029,0.9999805545682,0.99996622117436,0.99998475936877,0.99998051243729,4.8849101001768e-05,2.1218156773113e-05,0.0099992443142216,-1.3883126346663e-05,1.3644732913969e-05,-4.5448509892069e-06,-4.5448509893502e-06,0.90001668493854,0.89999996208146,2.5,2.5,-0.00010000000001474
0.0292,0.99998053053216,0.99996621031165,0.99998475521256,0.99998051218427,4.8802414908101e-05,2.120488214588e-05,0.0099992415459089,-1.3841563002025e-05,1.3604505280138e-05,-4.5461784518712e-06,-4.5461784520154e-06,0.90001669097477,0.89999998348662,2.5,2.5,-0.00010000000000102
0.0294,0.99998050641038,0.99996619948757,0.99998475106683,0.99998051197859,4.8755339519437e-05,2.1191646977897e-05,0.0099992387858249,-1.380042044854e-05,1.3564677057454e-05,-4.5475019682725e-06,-4.5475019684168e-06,0.90001669698569,0.90000000501149,2.5,2.5,-9.9999999985669e-05
0.0296,0.99998048220497,0.99996618870156,0.99998474693152,0.99998051181939,4.8707882376884e-05,2.1178450876498e-05,0.0099992360338874,-1.3759689413981e-05,1.3525241135937e-05,-4.5488215790946e-06,-4.5488215792393e-06,0.90001670297167,0.90000002665351,2.5,2.5,-9.9999999994851e-05
0.0298,0.9999804579178,0.99996617795331,0.9999847428065,0.99998051170592,4.8660050941396e-05,2.1165293444217e-05,0.0099992332900149,-1.3719363626644e-05,1.348619060584e-05,-4.550137321956e-06,-4.5501373221019e-06,0.90001670893299,0.90000004841027,2.5,2.5,-9.9999999987621e-05
0.03,0.99998043355071,0.99996616724221,0.99998473869174,0.99998051163737,4.8611852595197e-05,2.1152174310778e-05,0.0099992305541281,-1.3679435368457e-05,1.3447518653876e-05,-4.5514492358346e-06,-4.5514492359804e-06,0.90001671487004,0.90000007027939,2.5,2.5,-0.00010000000000616
0.0302,0.99998040910563,0.99996615656803,0.99998473458711,0.99998051161301,4.8563294527992e-05,2.1139093087321e-05,0.0099992278261486,-1.3639897780177e-05,1.3409218720765e-05,-4.5527573578401e-06,-4.5527573579864e-06,0.90001672078304,0.90000009225846,2.5,2.5,-0.00010000000000253
0.0304,0.99998038458442,0.99996614593023,0.99998473049256,0.99998051163208,4.8514383935343e-05,2.1126049421743e-05,0.0099992251060003,-1.3600743539556e-05,1.3371284382283e-05,-4.5540617247346e-06,-4.5540617248814e-06,0.90001672667235,0.90000011434515,2.5,2.5,-0.00010000000000449
0.0306,0.99998035998887,0.99996613532845,0.99998472640802,0.99998051169382,4.8465127922235e-05,2.1113042937046e-05,0.0099992223936069,-1.3561966663601e-05,1.3333709269889e-05,-4.5553623729638e-06,-4.5553623729638e-06,0.90001673253825,0.90000013653713,2.5,2.5,-9.9999999999997e-05
0.0308,0.99998033532088,0.99996612476222,0.99998472233341,0.9999805117975,4.8415533430676e-05,2.1100073292106e-05,0.0099992196888949,-1.3523560432551e-05,1.3296487214057e-05,-4.5566593378352e-06,-4.5566593379827e-06,0.90001673838107,0.90000015883209,2.5,2.5,-9.9999999997364e-05
0.031,0.99998031058209,0.99996611423116,0.99998471826864,0.9999805119424,4.8365607344158e-05,2.1087140123119e-05,0.0099992169917911,-1.3485518391543e-05,1.3259612163845e-05,-4.5579526543223e-06,-4.5579526544697e-06,0.9000167442011,0.90000018122785,2.5,2.5,-9.9999999999503e-05
0.0312,0.99998028577443,0.99996610373492,0.99998471421361,0.99998051212782,4.8315356414303e-05,2.1074243101644e-05,0.0099992143022245,-1.3447833986006e-05,1.322307820597e-05,-4.559242356421e-06,-4.5592423565686e-06,0.90001674999858,0.90000020372209,2.5,2.5,-9.9999999988347e-05
0.0314,0.99998026089951,0.99996609327303,0.99998471016831,0.99998051235304,4.8264787479723e-05,2.1061381881374e-05,0.0099992116201241,-1.3410501632705e-05,1.318687950558e-05,-4.5605284787564e-06,-4.5605284789045e-06,0.90001675577385,0.90000022631267,2.5,2.5,-0.0001000000000084
0.0316,0.9999802359591,0.99996608284525,0.99998470613261,0.99998051261738,4.8213907108912e-05,2.1048556131188e-05,0.009999208945421,-1.3373514392801e-05,1.3151010443237e-05,-4.5618110533702e-06,-4.5618110535186e-06,0.90001676152711,0.90000024899738,2.5,2.5,-9.9999999995219e-05
0.0318,0.99998021095489,0.99996607245107,0.99998470210648,0.99998051292014,4.816272173573e-05,2.1035765530585e-05,0.0099992062780477,-1.3336867606689e-05,1.3115465471251e-05,-4.5630901136124e-06,-4.5630901137602e-06,0.9000167672587,0.90000027177411,2.5,2.5,-0.00010000000001107
0.032,0.99998018588856,0.99996606209024,0.99998469808981,0.99998051326065,4.8111237907099e-05,2.1023009754458e-05,0.0099992036179368,-1.3300554698852e-05,1.3080239074472e-05,-4.5643656911436e-06,-4.5643656912911e-06,0.90001677296882,0.90000029464073,2.5,2.5,-0.00010000000000101
0.0322,0.99998016076176,0.99996605176232,0.99998469408255,0.99998051363826,4.8059461925527e-05,2.1010288486041e-05,0.0099992009650226,-1.3264570431495e-05,1.3045325967962e-05,-4.5656378179287e-06,-4.5656378180771e-06,0.90001677865779,0.90000031759517,2.5,2.5,-9.9999999993179e-05
0.0324,0.99998013557612,0.999966041467,0.99998469008464,0.99998051405232,4.8007400080046e-05,2.0997601419914e-05,0.0099991983192409,-1.3228908668714e-05,1.3010720967023e-05,-4.5669065243167e-06,-4.5669065244649e-06,0.90001678432582,0.90000034063536,2.5,2.5,-9.9999999995994e-05
0.0326,0.99998011033318,0.99996603120397,0.99998468609601,0.99998051450214,4.7955058532727e-05,2.0984948257727e-05,0.0099991956805282,-1.3193564207959e-05,1.2976418915115e-05,-4.5681718413535e-06,-4.5681718415011e-06,0.90001678997315,0.90000036375932,2.5,2.5,-9.9999999997306e-05
0.0328,0.99998008503462,0.99996602097283,0.99998468211659,0.99998051498714,4.7902443261854e-05,2.0972328682587e-05,0.0099991930488218,-1.3158532746195e-05,1.2942414863199e-05,-4.5694337983954e-06,-4.5694337985432e-06,0.90001679560006,0.900000386965,2.5,2.5,-0.00010000000001265
0.033,0.99998005968194,0.99996601077324,0.99998467814631,0.99998051550668,4.7849560377607e-05,2.0959742408954e-05,0.00999919042406,-1.3123808285726e-05,1.290870383993e-05,-4.5706924252788e-06,-4.5706924254257e-06,0.90001680120679,0.90000041025047,2.5,2.5,-9.9999999998348e-05
0.0332,0.99998003427666,0.99996600060497,0.99998467418511,0.99998051606012,4.7796415730806e-05,2.0947189155804e-05,0.0099991878061831,-1.3089385339843e-05,1.2875281020587e-05,-4.5719477508096e-06,-4.5719477509565e-06,0.90001680679352,0.90000043361379,2.5,2.5,-9.9999999989227e-05
0.0334,0.99998000882041,0.99996599046754,0.99998467023292,0.99998051664689,4.7743015155927e-05,2.0934668627107e-05,0.009999185195131,-1.3055259882204e-05,1.2842141715646e-05,-4.573199803813e-06,-4.5731998039596e-06,0.90001681236058,0.900000457053,2.5,2.5,-0.00010000000002154
0.0336,0.99997998331461,0.99996598036083,0.99998466628968,0.99998051726637,4.7689364458107e-05,2.0922180543315e-05,0.0099991825908456,-1.3021426369875e-05,1.2809281329301e-05,-4.5744486120113e-06,-4.574448612157e-06,0.90001681790808,0.90000048056624,2.5,2.5,-0.00010000000000491
0.0338,0.99997995776062,0.99996597028441,0.99998466235536,0.99998051791795,4.763546927793e-05,2.0909724642367e-05,0.00999917999327,-1.2987879530327e-05,1.2776695350759e-05,-4.5756942031271e-06,-4.5756942032723e-06,0.90001682343631,0.90000050415171,2.5,2.5,-9.999999999687e-05
0.034,0.99997993216005,0.99996596023799,0.99998465842984,0.99998051860107,4.7581335091941e-05,2.0897300631708e-05,0.0099991774023466,-1.2954616583793e-05,1.2744379311108e-05,-4.5769366039442e-06,-4.5769366040887e-06,0.90001682894549,0.90000052780752,2.5,2.5,-0.00010000000001461
0.0342,0.99997990651419,0.99996595022124,0.99998465451311,0.99998051931514,4.7526967400319e-05,2.0884908254005e-05,0.0099991748180201,-1.2921630703119e-05,1.2712328865048e-05,-4.5781758410334e-06,-4.578175841177e-06,0.90001683443584,0.90000055153196,2.5,2.5,-0.00010000000000477
0.0344,0.99997988082464,0.99996594023399,0.99998465060505,0.99998052005968,4.7472371575158e-05,2.0872547249338e-05,0.0099991722402361,-1.2888919182052e-05,1.2680539810029e-05,-4.5794119411553e-06,-4.5794119412975e-06,0.90001683990751,0.90000057532312,2.5,2.5,-0.00010000000000989
0.0346,0.99997985509265,0.99996593027582,0.99998464670571,0.99998052083403,4.7417553102152e-05,2.0860217370026e-05,0.009999169668941,-1.2856475862113e-05,1.2649007868125e-05,-4.5806449300593e-06,-4.5806449302004e-06,0.90001684536077,0.90000059917932,2.5,2.5,-0.00010000000000081
0.0348,0.99997982931965,0.99996592034652,0.99998464281492,0.99998052163771,4.736251709304e-05,2.0847918337265e-05,0.0099991671040812,-1.2824298570838e-05,1.2617729021337e-05,-4.5818748327776e-06,-4.5818748329168e-06,0.9000168507958,0.90000062309884,2.5,2.5,-9.9999999994573e-05
0.035,0.9999798035069,0.99996591044577,0.99998463893271,0.99998052247014,4.7307268767404e-05,2.0835649923485e-05,0.0099991645456054,-1.2792381017389e-05,1.2586699109764e-05,-4.5831016741667e-06,-4.5831016743041e-06,0.90001685621281,0.90000064708,2.5,2.5,-9.9999999990302e-05
0.0352,0.99997977765577,0.99996590057333,0.99998463505893,0.9999805233308,4.7251813199949e-05,2.0823411862957e-05,0.0099991619934607,-1.2760720757727e-05,1.2555914369436e-05,-4.5843254802232e-06,-4.5843254803588e-06,0.90001686161198,0.90000067112111,2.5,2.5,-0.00010000000000265
0.0354,0.9999797517676,0.99996589072894,0.9999846311936,0.99998052421919,4.719615535614e-05,2.0811203939939e-05,0.0099991594475986,-1.2729311705364e-05,1.2525370785476e-05,-4.5855462731684e-06,-4.5855462733013e-06,0.9000168669935,0.90000069522053,2.5,2.5,-0.00010000000000015
0.0356,0.99997972584365,0.99996588091229,0.99998462733667,0.99998052513479,4.7140300219538e-05,2.0799025887293e-05,0.0099991569079682,-1.2698151942268e-05,1.2495064723785e-05,-4.5867640777069e-06,-4.5867640778369e-06,0.90001687235758,0.90000071937664,2.5,2.5,-0.00010000000000113
0.0358,0.99997969988514,0.99996587112318,0.99998462348805,0.99998052607708,4.7084252598477e-05,2.0786877495671e-05,0.0099991543745214,-1.2667236101919e-05,1.246499229983e-05,-4.5879789175068e-06,-4.5879789176368e-06,0.90001687770438,0.90000074358786,2.5,2.5,-9.9999999994005e-05
0.036,0.99997967389335,0.99996586136127,0.99998461964768,0.99998052704558,4.7028017288592e-05,2.0774758511684e-05,0.0099991518472092,-1.2636561410485e-05,1.243514990339e-05,-4.5891908153382e-06,-4.5891908154673e-06,0.90001688303412,0.90000076785263,2.5,2.5,-9.9999999994999e-05
0.0362,0.99997964786954,0.99996585162639,0.99998461581555,0.99998052803981,4.6971598997812e-05,2.0762668729693e-05,0.0099991493259849,-1.2606123274144e-05,1.2405534039955e-05,-4.5903997940683e-06,-4.5903997941966e-06,0.90001688834694,0.90000079216938,2.5,2.5,-0.00010000000000112
0.0364,0.99997962181489,0.99996584191823,0.99998461199159,0.99998052905925,4.6915002394946e-05,2.0750607905382e-05,0.0099991468108013,-1.257591839995e-05,1.2376141078249e-05,-4.5916058761035e-06,-4.5916058762292e-06,0.90001689364304,0.90000081653659,2.5,2.5,-0.00010000000001163
0.0366,0.99997959573052,0.99996583223653,0.99998460817571,0.99998053010345,4.6858231979732e-05,2.0738575832559e-05,0.0099991443016128,-1.2545943240727e-05,1.2346967607881e-05,-4.5928090832879e-06,-4.5928090834108e-06,0.90001689892262,0.9000008409528,2.5,2.5,-9.9999999994197e-05
0.0368,0.9999795696177,0.99996582258128,0.99998460436795,0.99998053117195,4.680129218146e-05,2.0726572298127e-05,0.0099991417983745,-1.2516192300068e-05,1.2318010270195e-05,-4.5940094377695e-06,-4.5940094378877e-06,0.90001690418573,0.90000086541652,2.5,2.5,-0.00010000000000041
0.037,0.99997954347757,0.99996581295192,0.99998460056819,0.99998053226428,4.6744187523493e-05,2.0714597068669e-05,0.0099991393010414,-1.2486666198165e-05,1.2289265757425e-05,-4.5952069596183e-06,-4.5952069597298e-06,0.90001690943269,0.90000088992627,2.5,2.5,-9.9999999998388e-05
0.0372,0.99997951731117,0.99996580334845,0.9999845967764,0.99998053337998,4.6686922319041e-05,2.0702649955415e-05,0.0099991368095699,-1.2457357674308e-05,1.2260730716559e-05,-4.5964016707086e-06,-4.5964016724889e-06,0.90001691466356,0.90000091448068,2.5,2.5,-9.9999999999777e-05
0.0374,0.99997949111971,0.99996579377046,0.99998459299251,0.99998053451865,4.662950079348e-05,2.0690730734747e-05,0.0099991343239166,-1.2428265751147e-05,1.2232402043076e-05,-4.597593592471e-06,-4.597593593477e-06,0.90001691987859,0.90000093907832,2.5,2.5,-0.00010000000000179
0.0376,0.99997946490429,0.99996578421786,0.99998458921651,0.9999805356798,4.6571927271661e-05,2.0678839213039e-05,0.0099991318440394,-1.2399385223149e-05,1.2204276550767e-05,-4.5987827445623e-06,-4.5987827449223e-06,0.90001692507787,0.90000096371777,2.5,2.5,-9.9999999992434e-05
0.0378,0.99997943866589,0.99996577469034,0.99998458544833,0.999980536863,4.651420581558e-05,2.0666975194892e-05,0.0099991293698965,-1.2370714860874e-05,1.2176351154777e-05,-4.5999691464827e-06,-4.5999691477135e-06,0.9000169302616,0.90000098839774,2.5,2.5,-0.00010000000000816
0.038,0.99997941240561,0.99996576518782,0.99998458168795,0.99998053806784,4.645634047803e-05,2.0655138471887e-05,0.0099991269014467,-1.2342248941696e-05,1.2148622796576e-05,-4.6011528181653e-06,-4.6011528201353e-06,0.90001693542987,0.90000101311688,2.5,2.5,-0.00010000000000974
0.0382,0.99997938612453,0.99996575570996,0.99998457793529,0.99998053929392,4.6398335282832e-05,2.064332885565e-05,0.0099991244386493,-1.2313986869122e-05,1.2121088507607e-05,-4.6023337798321e-06,-4.6023337822687e-06,0.90001694058289,0.90000103787387,2.5,2.5,-0.0001000000000049
0.0384,0.9999793598237,0.99996574625659,0.99998457419036,0.99998054054085,4.6340194120417e-05,2.0631546155028e-05,0.0099991219814648,-1.2285923868326e-05,1.2093745361108e-05,-4.6035120498402e-06,-4.6035120524341e-06,0.90001694572079,0.90000106266738,2.5,2.5,-9.9999999999706e-05
0.0386,0.99997933350403,0.99996573682756,0.99998457045305,0.99998054180815,4.6281921019142e-05,2.0619790173241e-05,0.0099991195298535,-1.2258057821691e-05,1.2066590585352e-05,-4.6046876492252e-06,-4.6046876492695e-06,0.9000169508437,0.9000010874962,2.5,2.5,-9.9999999999092e-05
0.0388,0.99997930716657,0.99996572742257,0.99998456672333,0.99998054309548,4.6223519673031e-05,2.0608060728462e-05,0.0099991170837759,-1.223038591894e-05,1.2039621251564e-05,-4.6058605936095e-06,-4.6058605936607e-06,0.90001695595179,0.90000111235904,2.5,2.5,-9.9999999998514e-05
0.039,0.99997928081236,0.99996571804151,0.99998456300122,0.99998054440245,4.6164993865497e-05,2.0596357641006e-05,0.009999114643195,-1.220290371458e-05,1.2012834645886e-05,-4.6070309017887e-06,-4.6070309018473e-06,0.90001696104518,0.90000113725466,2.5,2.5,-9.9999999992777e-05
0.0392,0.99997925444226,0.9999657086841,0.99998455928661,0.99998054572863,4.6106347338785e-05,2.0584680735139e-05,0.0099991122080729,-1.2175610414211e-05,1.1986228053298e-05,-4.6081985931346e-06,-4.6081985932009e-06,0.90001696612403,0.90000116218186,2.5,2.5,-9.9999999998838e-05
0.0394,0.99997922805725,0.99996569935014,0.99998455557949,0.99998054707368,4.6047583633232e-05,2.057302983092e-05,0.0099991097783727,-1.2148501929773e-05,1.195979879183e-05,-4.6093636842734e-06,-4.6093636843452e-06,0.90001697118849,0.90000118713946,2.5,2.5,-0.00010000000000413
0.0396,0.99997920165829,0.99996569003963,0.99998455187981,0.99998054843723,4.5988706397022e-05,2.0561404739717e-05,0.0099991073540577,-1.2121575788208e-05,1.1933544263089e-05,-4.6105261926538e-06,-4.6105261927289e-06,0.9000169762386,0.90000121212628,2.5,2.5,-9.9999999994075e-05
0.0398,0.99997917524619,0.99996568075211,0.99998454818751,0.99998054981887,4.5929719149531e-05,2.0549805300803e-05,0.0099991049350916,-1.2094829980564e-05,1.1907461854585e-05,-4.6116861364729e-06,-4.6116861365503e-06,0.90001698127463,0.90000123714119,2.5,2.5,-0.0001000000000014
0.04,0.99997914882199,0.99996567148754,0.9999845445026,0.99998055121831,4.5870625241977e-05,2.053823135014e-05,0.00999910252144,-1.2068260224746e-05,1.1881549098696e-05,-4.6128435319666e-06,-4.6128435320448e-06,0.90001698629663,0.90000126218303,2.5,2.5,-9.9999999999178e-05
0.0402,0.99997912238648,0.99996566224576,0.99998454082499,0.99998055263517,4.5811428169613e-05,2.0526682704083e-05,0.0099991001130669,-1.2041865432697e-05,1.185580348175e-05,-4.6139983959483e-06,-4.6139983960289e-06,0.90001699130472,0.90000128725071,2.5,2.5,-9.9999999994993e-05
0.0404,0.99997909594053,0.99996565302657,0.99998453715467,0.99998055406905,4.5752131222435e-05,2.0515159208563e-05,0.0099990977099383,-1.2015642387355e-05,1.1830222544638e-05,-4.615150745338e-06,-4.6151507454222e-06,0.90001699629905,0.90000131234312,2.5,2.5,-0.00010000000000306
0.0406,0.99997906948498,0.9999656438297,0.9999845334916,0.99998055551965,4.5692737734644e-05,2.0503660705702e-05,0.0099990953120206,-1.1989589001754e-05,1.1804803940547e-05,-4.6163005961296e-06,-4.616300596217e-06,0.90001700127977,0.90000133745921,2.5,2.5,-9.9999999987141e-05
0.0408,0.99997904302076,0.99996563465511,0.99998452983573,0.99998055698665,4.5633250874025e-05,2.0492187027443e-05,0.0099990929192804,-1.1963702044927e-05,1.1779545248909e-05,-4.6174479640927e-06,-4.617447964184e-06,0.90001700624695,0.90000136259787,2.5,2.5,-9.9999999993528e-05
0.041,0.99997901654862,0.99996562550254,0.99998452618703,0.99998055846968,4.5573673876973e-05,2.0480738009474e-05,0.009999090531684,-1.1937979879905e-05,1.1754444189011e-05,-4.6185928653899e-06,-4.6185928654848e-06,0.90001701120076,0.90000138775809,2.5,2.5,-9.9999999993386e-05
0.0412,0.99997899006935,0.99996561637192,0.99998452254549,0.99998055996844,4.5514009842111e-05,2.0469313519371e-05,0.0099990881492004,-1.1912419326432e-05,1.1729498486072e-05,-4.6197353150508e-06,-4.6197353151493e-06,0.90001701614125,0.90000141293888,2.5,2.5,-9.9999999981587e-05
0.0414,0.99997896358378,0.99996560726294,0.999984518911,0.9999805614826,4.5454261853123e-05,2.0457913370955e-05,0.0099990857717964,-1.1887019335298e-05,1.1704705943242e-05,-4.620875328703e-06,-4.6208753288045e-06,0.90001702106862,0.90000143813921,2.5,2.5,-9.999999999893e-05
0.0416,0.99997893709268,0.99996559817558,0.9999845152836,0.99998056301184,4.5394432883982e-05,2.0446537442595e-05,0.0099990833994408,-1.1861775860488e-05,1.1680064321792e-05,-4.6220129221119e-06,-4.6220129222161e-06,0.90001702598291,0.90000146335807,2.5,2.5,-0.00010000000001917
0.0418,0.9999789105969,0.99996558910962,0.99998451166321,0.99998056455588,4.5334525900058e-05,2.0435185579559e-05,0.0099990810321032,-1.1836688071647e-05,1.1655571480964e-05,-4.623148109115e-06,-4.6231481092213e-06,0.90001703088426,0.90000148859449,2.5,2.5,-0.000100000000006
0.042,0.99997888409706,0.99996558006488,0.99998450804984,0.99998056611436,4.5274543926039e-05,2.0423857618077e-05,0.0099990786697526,-1.1811752957051e-05,1.1631225292894e-05,-4.6242809043333e-06,-4.6242809044418e-06,0.9000170357728,0.90000151384755,2.5,2.5,-0.00010000000000309
0.0422,0.999978857594,0.99996557104125,0.99998450444341,0.99998056768702,4.5214489782126e-05,2.0412553436455e-05,0.0099990763123591,-1.1786968475103e-05,1.1607023697006e-05,-4.6254113227769e-06,-4.625411322887e-06,0.90001704064861,0.90000153911627,2.5,2.5,-9.9999999998552e-05
0.0424,0.99997883108838,0.99996556203853,0.9999845008439,0.99998056927355,4.5154366252692e-05,2.0401272877825e-05,0.0099990739598924,-1.1762333227824e-05,1.1582964678474e-05,-4.6265393788339e-06,-4.6265393789461e-06,0.90001704551182,0.90000156439977,2.5,2.5,-0.00010000000000503
0.0426,0.99997880458102,0.99996555305654,0.99998449725127,0.99998057087366,4.5094176132646e-05,2.0390015803424e-05,0.0099990716123234,-1.1737844355165e-05,1.1559046160753e-05,-4.627665086219e-06,-4.6276650863324e-06,0.90001705036256,0.90000158969709,2.5,2.5,-9.9999999998552e-05
0.0428,0.9999787780725,0.99996554409528,0.99998449366553,0.99998057248708,4.5033922150584e-05,2.0378782078918e-05,0.0099990692696236,-1.1713498631977e-05,1.1535266194349e-05,-4.6287884590356e-06,-4.6287884591499e-06,0.90001705520085,0.9000016150074,2.5,2.5,-9.9999999996948e-05
0.043,0.99997875156366,0.99996553515446,0.99998449008658,0.99998057411351,4.4973606986595e-05,2.0367571562109e-05,0.0099990669317641,-1.1689296954669e-05,1.1511622843984e-05,-4.6299095102555e-06,-4.6299095103715e-06,0.90001706002686,0.90000164032975,2.5,2.5,-9.9999999992515e-05
0.0432,0.99997872505499,0.99996552623399,0.99998448651445,0.99998057575266,4.4913233308281e-05,2.0356384124754e-05,0.0099990645987171,-1.1665234631714e-05,1.1488114222227e-05,-4.6310282541745e-06,-4.6310282542912e-06,0.90001706484068,0.90000166566336,2.5,2.5,-0.00010000000000201
0.0434,0.9999786985473,0.99996551733373,0.99998448294907,0.99998057740431,4.4852803674867e-05,2.0345219631806e-05,0.0099990622704549,-1.1641311028162e-05,1.1464738418626e-05,-4.632144703555e-06,-4.6321447036729e-06,0.90001706964239,0.90000169100734,2.5,2.5,-9.9999999985628e-05
0.0436,0.99997867204118,0.99996550845349,0.99998447939041,0.99998057906813,4.4792320624303e-05,2.0334077954033e-05,0.0099990599469503,-1.1617524582756e-05,1.1441493614527e-05,-4.6332588717041e-06,-4.6332588718227e-06,0.90001707443213,0.90000171636088,2.5,2.5,-9.9999999991058e-05
0.0438,0.99997864553731,0.99996549959323,0.99998447583847,0.99998058074389,4.4731786632251e-05,2.0322958949865e-05,0.0099990576281759,-1.1593871370678e-05,1.1418377940516e-05,-4.6343707711959e-06,-4.6343707713153e-06,0.90001707920993,0.90000174172315,2.5,2.5,-9.9999999999099e-05
0.044,0.99997861903634,0.99996549075272,0.99998447229318,0.99998058243137,4.4671204154951e-05,2.0311862508963e-05,0.0099990553141054,-1.1570351905781e-05,1.1395389689889e-05,-4.6354804156316e-06,-4.6354804157517e-06,0.90001708397594,0.90000176709332,2.5,2.5,-0.00010000000000299
0.0442,0.99997859253882,0.99996548193193,0.99998446875454,0.99998058413025,4.4610575649207e-05,2.030078850135e-05,0.009999053004713,-1.1546962390392e-05,1.1372527133214e-05,-4.6365878165186e-06,-4.6365878166391e-06,0.90001708873021,0.90000179247066,2.5,2.5,-0.00010000000000267
0.0444,0.99997856604546,0.9999654731306,0.99998446522249,0.99998058584032,4.4549903509262e-05,2.028973679713e-05,0.0099990506999722,-1.1523703398583e-05,1.1349788480681e-05,-4.6376929870353e-06,-4.6376929871562e-06,0.90001709347288,0.90000181785435,2.5,2.5,-0.00010000000001267
0.0446,0.99997853955679,0.99996546434866,0.99998446169704,0.99998058756129,4.4489190063946e-05,2.0278707277585e-05,0.0099990483998581,-1.1500570535392e-05,1.132717206223e-05,-4.6387959388653e-06,-4.6387959389866e-06,0.90001709820402,0.90000184324363,2.5,2.5,-0.00010000000000811
0.0448,0.99997851307338,0.99996545558601,0.99998445817813,0.99998058929297,4.4428437523483e-05,2.026769982601e-05,0.0099990461043454,-1.147756350825e-05,1.1304676186586e-05,-4.6398966841576e-06,-4.6398966842793e-06,0.90001710292369,0.9000018686378,2.5,2.5,-0.00010000000000119
0.045,0.99997848659587,0.99996544684247,0.99998445466573,0.99998059103509,4.436764826486e-05,2.0256714316741e-05,0.0099990438134093,-1.145468058073e-05,1.128229925925e-05,-4.6409952340962e-06,-4.6409952360135e-06,0.90001710763203,0.90000189403606,2.5,2.5,-0.00010000000000338
0.0452,0.99997846012481,0.99996543811797,0.99998445115987,0.99998059278745,4.4306824361739e-05,2.0245750638072e-05,0.0099990415270256,-1.1431919310343e-05,1.1260039662354e-05,-4.6420916019134e-06,-4.6420916038356e-06,0.90001711232909,0.90000191943773,2.5,2.5,-9.9999999995336e-05
0.0454,0.99997843366076,0.99996542941237,0.99998444766041,0.99998059454978,4.4245968076377e-05,2.0234808676342e-05,0.0099990392451699,-1.1409278661834e-05,1.1237895794447e-05,-4.6431857985951e-06,-4.6431858003695e-06,0.90001711701495,0.90000194484207,2.5,2.5,-0.00010000000000173
0.0456,0.99997840720422,0.99996542072559,0.99998444416742,0.99998059632186,4.4185081534385e-05,2.0223888304365e-05,0.0099990369678185,-1.1386756960853e-05,1.1215866160328e-05,-4.6442778350391e-06,-4.6442778365947e-06,0.90001712168969,0.90000197024844,2.5,2.5,-9.9999999995909e-05
0.0458,0.99997838075581,0.99996541205737,0.99998444068083,0.99998059810351,4.4124166851109e-05,2.0212989427279e-05,0.0099990346949479,-1.1364353023614e-05,1.119394919398e-05,-4.6453677230846e-06,-4.6453677246916e-06,0.90001712635345,0.9000019956561,2.5,2.5,-9.9999999993356e-05
0.046,0.99997835431595,0.99996540340772,0.99998443720063,0.99998059989448,4.4063226084137e-05,2.02021119219e-05,0.009999032426535,-1.1342063978154e-05,1.1172143390552e-05,-4.6464554737414e-06,-4.6464554752401e-06,0.90001713100626,0.90000202106443,2.5,2.5,-0.00010000000000575
0.0462,0.99997832788529,0.99996539477651,0.99998443372677,0.99998060169454,4.4002261235393e-05,2.0191255684632e-05,0.009999030162557,-1.1319889775226e-05,1.1150447293649e-05,-4.6475410975698e-06,-4.6475410989906e-06,0.9000171356482,0.90000204647271,2.5,2.5,-9.9999999994315e-05
0.0464,0.99997830146423,0.99996538616361,0.99998443025926,0.99998060350353,4.3941274287865e-05,2.0180420606823e-05,0.0099990279029915,-1.1297827619403e-05,1.1128859367488e-05,-4.6486246055919e-06,-4.64862460689e-06,0.90001714027936,0.90000207188033,2.5,2.5,-9.9999999993055e-05
0.0466,0.99997827505335,0.99996537756891,0.99998442679806,0.99998060532119,4.3880267216043e-05,2.0169606580616e-05,0.0099990256478164,-1.1275876628986e-05,1.1107378320194e-05,-4.6497060081947e-06,-4.6497060093938e-06,0.90001714489981,0.90000209728663,2.5,2.5,-0.0001000000000051
0.0468,0.9999782486531,0.9999653689923,0.99998442334312,0.99998060714733,4.3819241965294e-05,2.0158813497553e-05,0.0099990233970094,-1.1254035312926e-05,1.1086002685002e-05,-4.6507853162815e-06,-4.6507853173619e-06,0.90001714950963,0.900002122691,2.5,2.5,-9.9999999995154e-05
0.047,0.99997822226392,0.99996536043367,0.99998441989446,0.99998060898174,4.3758200389705e-05,2.0148041270757e-05,0.0099990211505493,-1.1232302511602e-05,1.1064731105938e-05,-4.6518625403413e-06,-4.6518625413123e-06,0.90001715410889,0.90000214809284,2.5,2.5,-9.9999999995422e-05
0.0472,0.99997819588638,0.99996535189287,0.99998441645199,0.99998061082429,4.3697144305739e-05,2.0137289760117e-05,0.0099990189084138,-1.1210676722702e-05,1.1043562179201e-05,-4.6529376897014e-06,-4.6529376905542e-06,0.9000171586977,0.90000217349152,2.5,2.5,-0.00010000000000358
0.0474,0.99997816952085,0.99996534336985,0.99998441301574,0.99998061267469,4.3636075710966e-05,2.012655890166e-05,0.0099990166705826,-1.1189155892796e-05,1.1022494574018e-05,-4.6540107757976e-06,-4.6540107765355e-06,0.9000171632761,0.90000219888647,2.5,2.5,-9.9999999994745e-05
0.0476,0.99997814316784,0.9999653348645,0.99998440958567,0.99998061453282,4.3574996196047e-05,2.0115848583966e-05,0.0099990144370346,-1.1167739104625e-05,1.1001526967723e-05,-4.6550818079186e-06,-4.6550818085373e-06,0.90001716784416,0.9000022242771,2.5,2.5,-0.00010000000000584
0.0478,0.99997811682778,0.99996532637667,0.99998440616174,0.99998061639845,4.351390757765e-05,2.0105158706478e-05,0.0099990122077497,-1.1146424915942e-05,1.0980658113703e-05,-4.6561507958321e-06,-4.6561507963318e-06,0.90001717240197,0.90000224966284,2.5,2.5,-0.00010000000000788
0.048,0.99997809050113,0.99996531790635,0.99998440274395,0.99998061827142,4.3452811602823e-05,2.0094489167346e-05,0.0099990099827071,-1.1125212361025e-05,1.0959886738513e-05,-4.6572177490751e-06,-4.6572177494571e-06,0.90001717694956,0.90000227504313,2.5,2.5,-0.00010000000000019
0.0482,0.99997806418828,0.99996530945337,0.99998439933228,0.99998062015156,4.3391709992127e-05,2.0083839883707e-05,0.0099990077618872,-1.1104099332532e-05,1.093921154438e-05,-4.6582826779495e-06,-4.658282678215e-06,0.90001718148704,0.90000230041742,2.5,2.5,-0.00010000000000004
0.0484,0.99997803788971,0.99996530101761,0.99998439592669,0.99998062203864,4.333060437307e-05,2.0073210747971e-05,0.0099990055452698,-1.1083085396344e-05,1.0918631337027e-05,-4.6593455913193e-06,-4.659345591506e-06,0.90001718601447,0.90000232578515,2.5,2.5,-0.00010000000000278
0.0486,0.99997801160579,0.99996529259905,0.99998439252715,0.99998062393257,4.3269496381463e-05,2.0062601676993e-05,0.0099990033328359,-1.1062168601048e-05,1.0898144934213e-05,-4.660406498949e-06,-4.6604064991032e-06,0.9000171905319,0.90000235114581,2.5,2.5,-0.00010000000000373
0.0488,0.99997798533689,0.99996528419754,0.99998438913363,0.99998062583308,4.3208387667156e-05,2.005201257388e-05,0.0099990011245662,-1.1041348629914e-05,1.0877751139513e-05,-4.6614654094393e-06,-4.661465409607e-06,0.90001719503941,0.90000237649891,2.5,2.5,-9.9999999988609e-05
0.049,0.99997795908352,0.999965275813,0.99998438574617,0.99998062774007,4.3147279665617e-05,2.0041443343967e-05,0.0099989989204416,-1.1020622972995e-05,1.0857448744791e-05,-4.6625223323854e-06,-4.6625223325942e-06,0.90001719953706,0.90000240184387,2.5,2.5,-0.00010000000000582
0.0492,0.99997793284596,0.99996526744531,0.99998438236467,0.99998062965337,4.3086174096046e-05,2.0030893900985e-05,0.0099989967204433,-1.0999991455067e-05,1.083723667425e-05,-4.663577276337e-06,-4.6635772766378e-06,0.90001720402493,0.90000242718024,2.5,2.5,-9.99999999983e-05
0.0494,0.99997790662466,0.99996525909443,0.99998437898915,0.99998063157278,4.3025072454188e-05,2.0020364160373e-05,0.0099989945245529,-1.0979452427258e-05,1.0817113749463e-05,-4.6646302509428e-06,-4.664630251351e-06,0.90001720850306,0.90000245250751,2.5,2.5,-0.00010000000000393
0.0496,0.99997788041998,0.99996525076022,0.99998437561957,0.99998063349816,4.2963976097195e-05,2.0009854023016e-05,0.009998992332752,-1.0959005166614e-05,1.0797078872723e-05,-4.6656812640994e-06,-4.6656812646116e-06,0.90001721297152,0.90000247782519,2.5,2.5,-0.00010000000000211
0.0498,0.99997785423229,0.99996524244266,0.99998437225592,0.99998063542936,4.2902886681012e-05,1.9999363408968e-05,0.0099989901450224,-1.0938647791294e-05,1.0777130931767e-05,-4.6667303251689e-06,-4.666730325783e-06,0.90001721743036,0.90000250313281,2.5,2.5,-0.00010000000001182
0.05,0.99997782806196,0.99996523414161,0.99998436889819,0.99998063736623,4.2841805528063e-05,1.9988892234404e-05,0.0099989879613464,-1.0918379862361e-05,1.0757268859636e-05,-4.6677774422956e-06,-4.6677774430112e-06,0.90001722187964,0.90000252842992,2.5,2.5,-9.999999999639e-05
0.0502,0.9999778019093,0.99996522585691,0.99998436554633,0.99998063930858,4.2780734079121e-05,1.9978440414537e-05,0.0099989857817063,-1.0898200137332e-05,1.0737491605633e-05,-4.6688226245148e-06,-4.6688226253212e-06,0.90001722631949,0.90000255371605,2.5,2.5,-0.0001000000000051
0.0504,0.9999777757747,0.9999652175886,0.99998436220033,0.9999806412563,4.2719673707345e-05,1.9968007860582e-05,0.0099989836060846,-1.0878107142651e-05,1.0717798144735e-05,-4.6698658796164e-06,-4.6698658805224e-06,0.90001723074987,0.90000257899077,2.5,2.5,-0.00010000000000863
0.0506,0.99997774965852,0.99996520933652,0.9999843588602,0.99998064320923,4.2658625753858e-05,1.9957594497912e-05,0.0099989814344645,-1.0858100135121e-05,1.0698187424491e-05,-4.6709072158002e-06,-4.6709072167976e-06,0.90001723517089,0.9000026042536,2.5,2.5,-9.9999999999262e-05
0.0508,0.99997772356105,0.99996520110069,0.99998435552587,0.99998064516723,4.2597591590773e-05,1.9947200244023e-05,0.0099989792668289,-1.0838177561135e-05,1.0678658458408e-05,-4.6719466415605e-06,-4.6719466426256e-06,0.90001723958256,0.90000262950415,2.5,2.5,-0.00010000000001029
0.051,0.99997769748267,0.99996519288086,0.99998435219733,0.99998064713014,4.2536572559418e-05,1.9936825013516e-05,0.0099989771031611,-1.0818339567927e-05,1.0659210267458e-05,-4.6729841644767e-06,-4.6729841656414e-06,0.90001724398502,0.90000265474195,2.5,2.5,-9.9999999997354e-05
0.0512,0.99997767142367,0.9999651846771,0.99998434887462,0.99998064909784,4.2475569958977e-05,1.9926468737076e-05,0.0099989749434446,-1.079858378238e-05,1.0639841880489e-05,-4.6740197929611e-06,-4.6740197941957e-06,0.90001724837824,0.90000267996662,2.5,2.5,-0.00010000000000092
0.0514,0.99997764538435,0.99996517648925,0.99998434555763,0.99998065107019,4.2414585052745e-05,1.991613131358e-05,0.0099989727876624,-1.0778910290587e-05,1.0620552283586e-05,-4.6750535345035e-06,-4.6750535358372e-06,0.90001725276232,0.90000270517774,2.5,2.5,-0.00010000000000553
0.0516,0.99997761936504,0.99996516831724,0.99998434224639,0.99998065304704,4.2353619014501e-05,1.9905812687267e-05,0.0099989706357988,-1.0759317449223e-05,1.0601340583109e-05,-4.676085397262e-06,-4.6760853986596e-06,0.90001725713731,0.90000273037492,2.5,2.5,-0.0001000000000091
0.0518,0.99997759336603,0.99996516016103,0.9999843389409,0.99998065502827,4.2292673097985e-05,1.9895512777911e-05,0.0099989684878382,-1.073980374184e-05,1.0582205827129e-05,-4.677115388155e-06,-4.6771153896022e-06,0.90001726150324,0.90000275555776,2.5,2.5,-9.999999999816e-05
0.052,0.99997756738768,0.99996515202045,0.9999843356411,0.99998065701375,4.223174847578e-05,1.9885231503587e-05,0.0099989663437642,-1.0720370262175e-05,1.0563147164514e-05,-4.6781435155645e-06,-4.6781435170623e-06,0.90001726586022,0.90000278072586,2.5,2.5,-9.9999999995373e-05
0.0522,0.9999775414302,0.99996514389554,0.99998433234696,0.99998065900334,4.2170846426484e-05,1.9874968791435e-05,0.0099989642035613,-1.0701013718161e-05,1.0544163608534e-05,-4.6791697866012e-06,-4.6791697882051e-06,0.90001727020823,0.90000280587886,2.5,2.5,-9.9999999996147e-05
0.0524,0.99997751549392,0.99996513578612,0.9999843290585,0.99998066099694,4.2109967987018e-05,1.9864724568566e-05,0.0099989620672142,-1.0681734778616e-05,1.052525434371e-05,-4.680194208714e-06,-4.6801942103919e-06,0.90001727454738,0.90000283101639,2.5,2.5,-9.9999999999719e-05
0.0526,0.99997748957911,0.99996512769221,0.9999843257757,0.99998066299442,4.2049114285168e-05,1.985449876894e-05,0.009998959934708,-1.066253135439e-05,1.0506418507979e-05,-4.6812167893337e-06,-4.6812167909735e-06,0.90001727887767,0.90000285613808,2.5,2.5,-0.00010000000000259
0.0528,0.99997746368601,0.99996511961371,0.99998432249853,0.99998066499562,4.1988286499552e-05,1.9844291306967e-05,0.0099989578060273,-1.0643403298883e-05,1.0487655194534e-05,-4.6822375351044e-06,-4.6822375368738e-06,0.90001728319916,0.90000288124359,2.5,2.5,-0.00010000000000206
0.053,0.99997743781495,0.99996511155048,0.99998431922696,0.99998066700046,4.1927485688442e-05,1.9834102118823e-05,0.0099989556811573,-1.0624350393219e-05,1.0468963569561e-05,-4.6832564536638e-06,-4.6832564554273e-06,0.90001728751194,0.90000290633255,2.5,2.5,-9.9999999998862e-05
0.0532,0.99997741196615,0.99996510350252,0.999984315961,0.9999806690088,4.1866712910745e-05,1.9823931138113e-05,0.0099989535600833,-1.0605369814152e-05,1.0450342860974e-05,-4.6842735524403e-06,-4.6842735543136e-06,0.90001729181603,0.90000293140462,2.5,2.5,-0.0001000000000012
0.0534,0.99997738613988,0.99996509546977,0.9999843127006,0.99998067102056,4.1805969194988e-05,1.9813778281733e-05,0.0099989514427906,-1.0586462403715e-05,1.0431792255663e-05,-4.6852888373241e-06,-4.6852888391704e-06,0.90001729611145,0.90000295645948,2.5,2.5,-0.00010000000000017
0.0536,0.99997736033642,0.99996508745207,0.99998430944575,0.99998067303559,4.1745255661252e-05,1.9803643490404e-05,0.0099989493292649,-1.0567627254984e-05,1.0413310864782e-05,-4.6863023170537e-06,-4.6863023171759e-06,0.9000173003983,0.90000298149677,2.5,2.5,-0.0001000000000035
0.0538,0.99997733455597,0.99996507944948,0.99998430619648,0.9999806750538,4.1684573230746e-05,1.9793526702886e-05,0.0099989472194924,-1.0548861842064e-05,1.0394897971257e-05,-4.6873139960874e-06,-4.687313996209e-06,0.90001730467658,0.90000300651621,2.5,2.5,-0.00010000000000256
0.054,0.99997730879881,0.99996507146179,0.99998430295271,0.99998067707507,4.162392296034e-05,1.9783427841792e-05,0.0099989451134588,-1.0530167965983e-05,1.0376552802415e-05,-4.6883238826338e-06,-4.6883238827559e-06,0.90001730894638,0.90000303151744,2.5,2.5,-0.00010000000001651
0.0542,0.9999772830652,0.99996506348909,0.99998429971446,0.9999806790993,4.1563305766587e-05,1.9773346844905e-05,0.0099989430111505,-1.0511542260715e-05,1.0358274502227e-05,-4.6893319824479e-06,-4.6893319825697e-06,0.90001731320768,0.90000305650014,2.5,2.5,-9.9999999992719e-05
0.0544,0.99997725735532,0.99996505553113,0.99998429648167,0.99998068112636,4.1502722651729e-05,1.9763283641709e-05,0.0099989409125534,-1.0492986211501e-05,1.0340062459782e-05,-4.6903383028785e-06,-4.690338303e-06,0.90001731746062,0.90000308146404,2.5,2.5,-9.9999999997874e-05
0.0546,0.9999772316694,0.99996504758803,0.99998429325438,0.9999806831562,4.1442174512921e-05,1.9753238169929e-05,0.0099989388176542,-1.0474496853024e-05,1.0321915880227e-05,-4.6913428497253e-06,-4.6913428498467e-06,0.90001732170514,0.90000310640885,2.5,2.5,-9.999999999199e-05
0.0548,0.9999772060077,0.99996503965962,0.99998429003255,0.99998068518866,4.1381662341723e-05,1.9743210365054e-05,0.0099989367264392,-1.0456075172985e-05,1.0303834026651e-05,-4.6923456302716e-06,-4.6923456303927e-06,0.90001732594134,0.90000313133425,2.5,2.5,-0.00010000000000322
0.055,0.99997718037044,0.99996503174582,0.99998428681615,0.99998068722366,4.1321187014498e-05,1.9733200161871e-05,0.0099989346388951,-1.0437719888297e-05,1.0285816213939e-05,-4.6933466502074e-06,-4.6933466503284e-06,0.90001733016928,0.90000315623994,2.5,2.5,-9.9999999999286e-05
0.0552,0.99997715475776,0.99996502384666,0.99998428360517,0.99998068926111,4.1260749323171e-05,1.9723207503849e-05,0.009998932555009,-1.0419429825337e-05,1.0267861688096e-05,-4.6943459165813e-06,-4.6943459167025e-06,0.90001733438895,0.90000318112569,2.5,2.5,-0.00010000000000606
0.0554,0.99997712917,0.99996501596197,0.99998428039961,0.99998069130093,4.1200350174609e-05,1.971323232017e-05,0.0099989304747678,-1.0401204953185e-05,1.0249969788936e-05,-4.6953434346072e-06,-4.6953434347282e-06,0.90001733860043,0.90000320599117,2.5,2.5,-0.00010000000001062
0.0556,0.99997710360724,0.99996500809174,0.99998427719943,0.99998069334297,4.1139990491421e-05,1.9703274556838e-05,0.0099989283981592,-1.0383044000207e-05,1.0232139863818e-05,-4.6963392108916e-06,-4.6963392110124e-06,0.90001734280376,0.90000323083614,2.5,2.5,-9.9999999993068e-05
0.0558,0.99997707806976,0.9999650002359,0.99998427400463,0.9999806953872,4.1079670997901e-05,1.9693334153902e-05,0.0099989263251704,-1.0364946278806e-05,1.0214371198149e-05,-4.6973332515611e-06,-4.6973332516816e-06,0.90001734699897,0.90000325566033,2.5,2.5,-9.9999999999938e-05
0.056,0.99997705255777,0.99996499239444,0.99998427081519,0.99998069743347,4.1019392645031e-05,1.9683411036619e-05,0.0099989242557879,-1.03469115514e-05,1.0196663165662e-05,-4.6983255628129e-06,-4.6983255629334e-06,0.90001735118608,0.90000328046344,2.5,2.5,-0.00010000000000264
0.0562,0.99997702707136,0.99996498456724,0.9999842676311,0.99998069948174,4.0959156145797e-05,1.9673505165567e-05,0.0099989221900004,-1.0328938647535e-05,1.0179015046939e-05,-4.6993161502962e-06,-4.6993161504164e-06,0.90001735536516,0.90000330524529,2.5,2.5,-9.9999999994742e-05
0.0564,0.99997700161077,0.99996497675428,0.99998426445234,0.99998070153187,4.0898962303782e-05,1.9663616463268e-05,0.0099989201277946,-1.0311027529401e-05,1.0161426287684e-05,-4.7003050200975e-06,-4.7003050202177e-06,0.90001735953622,0.90000333000559,2.5,2.5,-0.00010000000000248
0.0566,0.99997697617622,0.99996496895541,0.99998426127889,0.99998070358383,4.0838811804203e-05,1.9653744885897e-05,0.0099989180691593,-1.029317678689e-05,1.0143896196366e-05,-4.7012921780611e-06,-4.7012921781811e-06,0.90001736369936,0.9000033547441,2.5,2.5,-0.00010000000000636
0.0568,0.99997695076785,0.99996496117073,0.99998425811074,0.99998070563751,4.0778705489294e-05,1.9643890368177e-05,0.0099989160140819,-1.0275386034857e-05,1.0126424232774e-05,-4.7022776296112e-06,-4.7022776297312e-06,0.90001736785453,0.9000033794606,2.5,2.5,-0.00010000000000231
0.057,0.99997692538587,0.99996495340006,0.99998425494787,0.99998070769281,4.071864414191e-05,1.9634052857224e-05,0.0099989139625508,-1.0257655102219e-05,1.0109009731073e-05,-4.703261380617e-06,-4.7032613807369e-06,0.90001737200183,0.90000340415481,2.5,2.5,-9.9999999997638e-05
0.0572,0.99997690003043,0.99996494564339,0.99998425179028,0.99998070974967,4.0658628431295e-05,1.9624232297327e-05,0.0099989119145545,-1.0239982584786e-05,1.0091652108298e-05,-4.7042434369094e-06,-4.7042434370292e-06,0.90001737614128,0.90000342882654,2.5,2.5,-9.9999999996707e-05
0.0574,0.99997687470173,0.99996493790067,0.99998424863793,0.99998071180801,4.0598659029993e-05,1.9614428627995e-05,0.0099989098700808,-1.0222368722175e-05,1.0074350784061e-05,-4.7052238042087e-06,-4.7052238043283e-06,0.90001738027291,0.90000345347552,2.5,2.5,-0.00010000000000648
0.0576,0.99997684939987,0.99996493017182,0.99998424549084,0.99998071386771,4.0538736761943e-05,1.9604641794139e-05,0.0099989078291186,-1.0204811991562e-05,1.0057105144328e-05,-4.7062024871041e-06,-4.7062024872234e-06,0.90001738439676,0.90000347810159,2.5,2.5,-9.9999999994478e-05
0.0578,0.99997682412503,0.9999649224568,0.99998424234896,0.99998071592872,4.047886219418e-05,1.9594871741475e-05,0.0099989057916558,-1.0187312766901e-05,1.0039914632173e-05,-4.7071794922437e-06,-4.7071794923629e-06,0.90001738851286,0.90000350270452,2.5,2.5,-0.00010000000001006
0.058,0.99997679887742,0.99996491475553,0.99998423921229,0.999980717991,4.0419035985515e-05,1.9585118423128e-05,0.009998903757682,-1.016986943433e-05,1.0022778654198e-05,-4.7081548244668e-06,-4.7081548245857e-06,0.90001739262128,0.90000352728407,2.5,2.5,-0.00010000000000353
0.0582,0.99997677365717,0.99996490706805,0.99998423608083,0.99998072005442,4.0359258867659e-05,1.9575381776569e-05,0.0099989017271856,-1.0152481997035e-05,1.0005696765525e-05,-4.7091284890767e-06,-4.7091284891954e-06,0.90001739672199,0.90000355184004,2.5,2.5,-0.00010000000000033
0.0584,0.99997674846439,0.99996489939419,0.99998423295456,0.99998072211892,4.0299531477827e-05,1.9565661751011e-05,0.0099988997001556,-1.0135150120242e-05,9.9886683059789e-06,-4.7101004913777e-06,-4.7101004914964e-06,0.90001740081508,0.90000357637225,2.5,2.5,-0.000100000000002
0.0586,0.99997672329927,0.99996489173394,0.99998422983344,0.99998072418446,4.0239854384985e-05,1.9555958302125e-05,0.0099988976765814,-1.01178725913e-05,9.9716927735886e-06,-4.7110708367466e-06,-4.7110708368652e-06,0.90001740490057,0.90000360088049,2.5,2.5,-0.00010000000000594
0.0588,0.99997669816197,0.99996488408732,0.99998422671748,0.99998072625092,4.0180228261599e-05,1.9546271365385e-05,0.0099988956564517,-1.0100649524011e-05,9.9547696988739e-06,-4.712039530175e-06,-4.7120395302934e-06,0.90001740897845,0.90000362536455,2.5,2.5,-9.9999999996047e-05
0.059,0.9999766730526,0.99996487645416,0.99998422360667,0.99998072831825,4.0120653701347e-05,1.9536600898211e-05,0.009998893639756,-1.0083479850539e-05,9.9378984978151e-06,-4.7130065772393e-06,-4.7130065773579e-06,0.90001741304883,0.90000364982425,2.5,2.5,-0.00010000000000416
0.0592,0.99997664797124,0.99996486883454,0.99998422050098,0.99998073038638,4.0061131326668e-05,1.9526946837126e-05,0.0099988916264831,-1.0066363296756e-05,9.9210786884871e-06,-4.7139719827496e-06,-4.7139719828678e-06,0.90001741711167,0.90000367425944,2.5,2.5,-0.00010000000000182
0.0594,0.99997662291812,0.99996486122827,0.99998421740041,0.99998073245526,4.0001661598698e-05,1.9517309148681e-05,0.0099988896166233,-1.0049299455152e-05,9.9043097683772e-06,-4.7149357516849e-06,-4.714935751803e-06,0.90001742116706,0.9000036986699,2.5,2.5,-9.9999999998178e-05
0.0596,0.99997659789333,0.99996485363539,0.99998421430494,0.9999807345248,3.9942245232027e-05,1.9507687774866e-05,0.0099988876101657,-1.0032287374084e-05,9.8875912320022e-06,-4.7158978893366e-06,-4.7158978894544e-06,0.900017425215,0.90000372305546,2.5,2.5,-0.00010000000000175
0.0598,0.99997657289704,0.99996484605583,0.99998421121456,0.99998073659496,3.9882882722206e-05,1.9498082665195e-05,0.0099988856071002,-1.0015327011736e-05,9.8709225708918e-06,-4.7168584002619e-06,-4.7168584003795e-06,0.90001742925554,0.90000374741592,2.5,2.5,-0.00010000000000168
0.06,0.99997654792931,0.9999648384896,0.99998420812926,0.99998073866563,3.9823574651403e-05,1.9488493778379e-05,0.009998883607417,-9.9984173597198e-06,9.8543033013946e-06,-4.7178172893226e-06,-4.7178172894401e-06,0.90001743328866,0.90000377175115,2.5,2.5,-9.9999999996621e-05
0.0602,0.99997652299029,0.99996483093652,0.99998420504901,0.99998074073679,3.9764321487837e-05,1.947892104983e-05,0.0099988816111052,-9.9815588323624e-06,9.8377330302442e-06,-4.7187745616278e-06,-4.7187745617451e-06,0.90001743731447,0.90000379606097,2.5,2.5,-0.00010000000000921
0.0604,0.99997649808012,0.99996482339672,0.99998420197384,0.99998074280837,3.9705123792138e-05,1.9469364447121e-05,0.0099988796181553,-9.9647492596379e-06,9.8212112503145e-06,-4.7197302217869e-06,-4.7197302219044e-06,0.90001744133292,0.90000382034522,2.5,2.5,-9.9999999995831e-05
0.0606,0.99997647319885,0.99996481586996,0.99998419890368,0.99998074488029,3.9645982101992e-05,1.9459823920343e-05,0.0099988776285575,-9.9479907044088e-06,9.8047375057065e-06,-4.7206842747243e-06,-4.7206842748415e-06,0.90001744534412,0.90000384460375,2.5,2.5,-9.9999999997828e-05
0.0608,0.99997644834669,0.99996480835633,0.99998419583854,0.99998074695251,3.9586896873221e-05,1.9450299413768e-05,0.0099988756423014,-9.9312801969338e-06,9.7883113111485e-06,-4.7216367252674e-06,-4.7216367253839e-06,0.90001744934804,0.90000386883637,2.5,2.5,-9.9999999994867e-05
0.061,0.99997642352366,0.99996480085575,0.99998419277843,0.99998074902494,3.9527868664138e-05,1.9440790889002e-05,0.0099988736593776,-9.9146185398576e-06,9.7719322410685e-06,-4.7225875779235e-06,-4.7225875780405e-06,0.90001745334473,0.90000389304296,2.5,2.5,-0.00010000000000468
0.0612,0.99997639872992,0.9999647933682,0.9999841897233,0.99998075109758,3.9468897836883e-05,1.9431298292271e-05,0.0099988716797764,-9.8980051167816e-06,9.7555998769806e-06,-4.7235368369669e-06,-4.7235368370837e-06,0.9000174573342,0.90000391722338,2.5,2.5,-0.00010000000000481
0.0614,0.99997637396555,0.99996478589354,0.99998418667316,0.99998075317035,3.9409984856318e-05,1.9421821590834e-05,0.0099988697034885,-9.8814396797688e-06,9.7393137816976e-06,-4.7244845076992e-06,-4.7244845078158e-06,0.90001746131653,0.90000394137745,2.5,2.5,-0.00010000000000275
0.0616,0.99997634923064,0.99996477843182,0.99998418362801,0.99998075524316,3.9351130368189e-05,1.9412360725846e-05,0.0099988677305043,-9.8649209117175e-06,9.723073513329e-06,-4.7254305939207e-06,-4.7254305940371e-06,0.9000174652917,0.90000396550507,2.5,2.5,-9.9999999993026e-05
0.0618,0.99997632452536,0.999964770983,0.99998418058781,0.99998075731599,3.9292334683706e-05,1.9402915663029e-05,0.0099988657608146,-9.848449436269e-06,9.7068786931082e-06,-4.7263751005662e-06,-4.7263751006824e-06,0.90001746925974,0.90000398960605,2.5,2.5,-0.0001000000000008
0.062,0.99997629984972,0.99996476354699,0.99998417755257,0.99998075938879,3.9233598241254e-05,1.9393486344969e-05,0.0099988637944097,-9.8320241016818e-06,9.6907288911668e-06,-4.7273180318127e-06,-4.7273180319285e-06,0.9000174732207,0.9000040136803,2.5,2.5,-9.9999999996213e-05
0.0622,0.99997627520387,0.99996475612376,0.99998417452226,0.99998076146148,3.9174921548173e-05,1.9384072744076e-05,0.0099988618312808,-9.8156451750039e-06,9.6746236843775e-06,-4.7282593925159e-06,-4.7282593926319e-06,0.90001747717459,0.90000403772766,2.5,2.5,-0.00010000000000583
0.0624,0.9999762505879,0.99996474871327,0.99998417149688,0.99998076353403,3.9116304981617e-05,1.937467480096e-05,0.0099988598714187,-9.7993112808405e-06,9.6585627424888e-06,-4.729199186415e-06,-4.7291991865308e-06,0.90001748112145,0.900004061748,2.5,2.5,-0.00010000000000164
0.0626,0.99997622600187,0.99996474131553,0.99998416847642,0.99998076560638,3.9057748949287e-05,1.9365292482167e-05,0.0099988579148141,-9.7830229422667e-06,9.6425455648959e-06,-4.7301374184684e-06,-4.730137418584e-06,0.90001748506128,0.90000408574121,2.5,2.5,-9.9999999998289e-05
0.0628,0.99997620144587,0.99996473393042,0.99998416546085,0.99998076767848,3.8999253896627e-05,1.9355925738456e-05,0.0099988559614581,-9.766779434874e-06,9.626571846701e-06,-4.7310740925772e-06,-4.7310740926924e-06,0.90001748899413,0.90000410970716,2.5,2.5,-0.00010000000000127
0.063,0.99997617692001,0.99996472655795,0.99998416245017,0.99998076975028,3.8940820169171e-05,1.9346574539265e-05,0.0099988540113424,-9.7505798729999e-06,9.6106411406219e-06,-4.7320092131715e-06,-4.7320092132872e-06,0.90001749292003,0.90000413364574,2.5,2.5,-9.9999999998553e-05
0.0632,0.99997615242436,0.99996471919802,0.99998415944437,0.99998077182175,3.8882448146376e-05,1.9337238821119e-05,0.0099988520644573,-9.7344245805398e-06,9.5947531574507e-06,-4.7329427841801e-06,-4.7329427842951e-06,0.900017496839,0.90000415755682,2.5,2.5,-0.0001000000000036
0.0634,0.99997612795901,0.99996471185067,0.99998415644344,0.99998077389283,3.8824138204657e-05,1.9327918563147e-05,0.0099988501207948,-9.7183128275032e-06,9.5789074919624e-06,-4.7338748101674e-06,-4.7338748102828e-06,0.90001750075106,0.90000418144028,2.5,2.5,-0.00010000000000402
0.0636,0.99997610352398,0.9999647045158,0.99998415344739,0.99998077596346,3.8765890747571e-05,1.9318613713586e-05,0.0099988481803459,-9.7022441758202e-06,9.563103772358e-06,-4.7348052952596e-06,-4.7348052953747e-06,0.90001750465624,0.90000420529604,2.5,2.5,-0.00010000000000233
0.0638,0.99997607911944,0.99996469719342,0.99998415045615,0.99998077803364,3.8707706124967e-05,1.9309324236456e-05,0.0099988462431022,-9.6862186515887e-06,9.547341649526e-06,-4.7357342435174e-06,-4.7357342436321e-06,0.90001750855455,0.90000422912395,2.5,2.5,-0.00010000000000577
0.064,0.99997605474542,0.99996468988343,0.99998414746976,0.99998078010326,3.8649584727912e-05,1.9300050078024e-05,0.0099988443090549,-9.6702352095052e-06,9.531620738365e-06,-4.736661658447e-06,-4.7366616585615e-06,0.90001751244605,0.90000425292391,2.5,2.5,-0.00010000000000243
0.0642,0.99997603040197,0.99996468258586,0.99998414448821,0.99998078217233,3.8591526860364e-05,1.9290791218319e-05,0.0099988423781964,-9.6542938776467e-06,9.5159407573503e-06,-4.7375875446622e-06,-4.7375875447768e-06,0.90001751633072,0.90000427669584,2.5,2.5,-9.9999999997283e-05
0.0644,0.99997600608918,0.99996467530066,0.99998414151146,0.99998078424077,3.8533532874266e-05,1.9281547605345e-05,0.0099988404505176,-9.638394395935e-06,9.5003013202795e-06,-4.7385119062454e-06,-4.7385119063595e-06,0.90001752020859,0.90000430043963,2.5,2.5,-9.9999999991859e-05
0.0646,0.99997598180711,0.9999646680277,0.99998413853948,0.99998078630855,3.84756030366e-05,1.9272319197008e-05,0.0099988385260102,-9.6225370640209e-06,9.4847021402391e-06,-4.7394347469375e-06,-4.7394347470516e-06,0.90001752407975,0.90000432415518,2.5,2.5,-9.9999999997968e-05
0.0648,0.99997595755581,0.99996466076704,0.99998413557233,0.99998078837566,3.8417737694528e-05,1.9263105962982e-05,0.0099988366046666,-9.6067194546245e-06,9.4691428216652e-06,-4.7403560705591e-06,-4.740356070673e-06,0.90001752794415,0.90000434784241,2.5,2.5,-0.00010000000000776
0.065,0.9999759333354,0.99996465351868,0.99998413260994,0.99998079044203,3.835993720929e-05,1.9253907852493e-05,0.0099988346864777,-9.5909436139758e-06,9.4536230765116e-06,-4.7412758815371e-06,-4.7412758816507e-06,0.90001753180181,0.90000437150118,2.5,2.5,-0.00010000000000613
0.0652,0.99997590914587,0.99996464628249,0.99998412965233,0.99998079250761,3.8302201893693e-05,1.9244724835853e-05,0.0099988327714361,-9.5752074476083e-06,9.4381425588129e-06,-4.7421941830928e-06,-4.7421941832064e-06,0.90001753565279,0.90000439513145,2.5,2.5,-0.00010000000000154
0.0654,0.99997588498734,0.99996463905843,0.99998412669947,0.99998079457238,3.824453198803e-05,1.923555687028e-05,0.0099988308595337,-9.5595119203314e-06,9.4227009735687e-06,-4.7431109794337e-06,-4.743110979547e-06,0.90001753949712,0.9000044187331,2.5,2.5,-0.00010000000000546
0.0656,0.99997586085984,0.99996463184653,0.99998412375134,0.9999807966363,3.8186927802303e-05,1.9226403922703e-05,0.0099988289507624,-9.5438558087882e-06,9.4072980401315e-06,-4.7440262743517e-06,-4.7440262744647e-06,0.90001754333479,0.90000444230606,2.5,2.5,-0.00010000000000234
0.0658,0.99997583676342,0.99996462464674,0.99998412080797,0.99998079869933,3.8129389659542e-05,1.9217265954014e-05,0.0099988270451148,-9.5282388604879e-06,9.3919333591529e-06,-4.7449400714625e-06,-4.7449400715756e-06,0.90001754716583,0.90000446585023,2.5,2.5,-9.9999999997693e-05
0.066,0.99997581269816,0.99996461745902,0.99998411786934,0.99998080076144,3.8071917805504e-05,1.9208142922706e-05,0.0099988251425825,-9.5126613017935e-06,9.3766067636518e-06,-4.7458523748863e-06,-4.7458523749991e-06,0.90001755099026,0.90000448936554,2.5,2.5,-0.00010000000000807
0.0662,0.9999757886641,0.99996461028328,0.99998411493541,0.99998080282258,3.8014512508503e-05,1.9199034793947e-05,0.0099988232431579,-9.4971226992347e-06,9.3613178352931e-06,-4.7467631877022e-06,-4.746763187815e-06,0.90001755480814,0.90000451285191,2.5,2.5,-0.00010000000000082
0.0664,0.99997576466125,0.99996460311957,0.99998411200616,0.9999808048827,3.7957174053627e-05,1.9189941525316e-05,0.0099988213468334,-9.4816224136527e-06,9.3460663268849e-06,-4.7476725139875e-06,-4.7476725141001e-06,0.90001755861944,0.90000453630926,2.5,2.5,-9.9999999998466e-05
0.0666,0.99997574068972,0.99996459596783,0.99998410908163,0.99998080694181,3.7899902655615e-05,1.9180863087281e-05,0.0099988194536013,-9.4661598995091e-06,9.3308519478973e-06,-4.748580357384e-06,-4.7485803574965e-06,0.90001756242419,0.90000455973751,2.5,2.5,-9.9999999997621e-05
0.0668,0.99997571674948,0.99996458882798,0.99998410616178,0.99998080899982,3.7842698634618e-05,1.9171799443967e-05,0.0099988175634539,-9.4507360538422e-06,9.3156744203735e-06,-4.7494867220848e-06,-4.7494867221966e-06,0.90001756622245,0.90000458313661,2.5,2.5,-0.00010000000000272
0.067,0.99997569284066,0.9999645817,0.99998410324661,0.99998081105677,3.7785562118228e-05,1.9162750557043e-05,0.0099988156763838,-9.4353491656683e-06,9.3005334479146e-06,-4.7503916107589e-06,-4.750391610871e-06,0.90001757001422,0.90000460650648,2.5,2.5,-9.999999999495e-05
0.0672,0.99997566896327,0.99996457458394,0.9999841003361,0.99998081311258,3.772849350553e-05,1.9153716391148e-05,0.0099988137923838,-9.4199996019644e-06,9.2854287658458e-06,-4.7512950272819e-06,-4.7512950273936e-06,0.90001757379948,0.90000462984704,2.5,2.5,-9.9999999996529e-05
0.0674,0.99997564511737,0.99996456747967,0.99998409743023,0.99998081516721,3.7671492949994e-05,1.9144696916565e-05,0.0099988119114466,-9.4046874462758e-06,9.2703601017877e-06,-4.7521969753037e-06,-4.7521969754154e-06,0.90001757757832,0.90000465315821,2.5,2.5,-0.00010000000000019
0.0676,0.99997562130296,0.99996456038723,0.99998409452904,0.99998081722065,3.7614560667246e-05,1.9135692083143e-05,0.0099988100335643,-9.3894112708505e-06,9.2553272136983e-06,-4.7530974581909e-06,-4.7530974583026e-06,0.90001758135069,0.90000467643994,2.5,2.5,-9.999999999515e-05
0.0678,0.9999755975201,0.99996455330645,0.99998409163246,0.99998081927285,3.7557696914291e-05,1.9126701865102e-05,0.0099988081587296,-9.3741727434255e-06,9.2403298265927e-06,-4.7539964800072e-06,-4.7539964801186e-06,0.9000175851167,0.90000469969217,2.5,2.5,-0.00010000000000449
0.068,0.99997557376882,0.99996454623752,0.9999840887405,0.9999808213238,3.7500901867024e-05,1.9117726229619e-05,0.0099988062869357,-9.3589693459247e-06,9.225367643227e-06,-4.7548940433169e-06,-4.7548940434283e-06,0.90001758887626,0.90000472291485,2.5,2.5,-9.9999999997603e-05
0.0682,0.99997555004917,0.99996453918022,0.99998408585315,0.99998082337345,3.7444175742858e-05,1.9108765142379e-05,0.0099988044181751,-9.3438024429363e-06,9.2104403985263e-06,-4.7557901523983e-06,-4.7557901525094e-06,0.90001759262948,0.90000474610791,2.5,2.5,-9.9999999998585e-05
0.0684,0.99997552636121,0.99996453213459,0.99998408297044,0.99998082542181,3.7387518731921e-05,1.9099818569798e-05,0.0099988025524412,-9.328670849702e-06,9.1955478776264e-06,-4.7566848100593e-06,-4.7566848101703e-06,0.90001759637634,0.90000476927127,2.5,2.5,-0.00010000000000276
0.0686,0.99997550270491,0.99996452510063,0.9999840800923,0.99998082746878,3.7330931113324e-05,1.9090886463469e-05,0.0099988006897262,-9.3135745471419e-06,9.1806898406311e-06,-4.7575780199103e-06,-4.757578020021e-06,0.90001760011684,0.90000479240491,2.5,2.5,-9.9999999997713e-05
0.0688,0.99997547908035,0.99996451807827,0.99998407721875,0.99998082951441,3.7274412992121e-05,1.9081968806058e-05,0.0099987988300231,-9.2985139220892e-06,9.1658659998175e-06,-4.758469785658e-06,-4.7584697857686e-06,0.90001760385103,0.90000481550875,2.5,2.5,-0.00010000000000493
0.069,0.99997545548753,0.99996451106744,0.99998407434978,0.99998083155864,3.7217964560447e-05,1.9073065565233e-05,0.0099987969733256,-9.2834877626646e-06,9.1510761753841e-06,-4.7593601102273e-06,-4.759360110338e-06,0.90001760757895,0.90000483858276,2.5,2.5,-9.9999999998735e-05
0.0692,0.9999754319265,0.99996450406818,0.99998407148536,0.99998083360142,3.7161586068051e-05,1.9064176691521e-05,0.0099987951196261,-9.2684963275674e-06,9.1363200842038e-06,-4.7602489968828e-06,-4.7602489969933e-06,0.90001761130057,0.90000486162687,2.5,2.5,-0.00010000000000528
0.0694,0.99997540839729,0.99996449708044,0.99998406862552,0.99998083564274,3.7105277651762e-05,1.9055302166435e-05,0.0099987932689179,-9.2535392913504e-06,9.1215975304115e-06,-4.7611364495017e-06,-4.7611364496121e-06,0.90001761501593,0.90000488464104,2.5,2.5,-0.00010000000000805
0.0696,0.9999753848999,0.9999644901042,0.99998406577022,0.99998083768259,3.7049039463066e-05,1.9046441958974e-05,0.0099987914211947,-9.2386163254918e-06,9.1069082169617e-06,-4.7620224706221e-06,-4.762022470732e-06,0.90001761872504,0.90000490762523,2.5,2.5,-9.9999999994348e-05
0.0698,0.99997536143434,0.99996448313939,0.99998406291946,0.99998083972092,3.6992871701317e-05,1.9037596027585e-05,0.0099987895764492,-9.2237274157297e-06,9.0922519847428e-06,-4.7629070640371e-06,-4.762907064147e-06,0.90001762242794,0.90000493057941,2.5,2.5,-0.0001000000000044
0.07,0.99997533800077,0.99996447618601,0.99998406007323,0.99998084175774,3.6936774503116e-05,1.9028764338052e-05,0.0099987877346746,-9.2088723416952e-06,9.0776285818223e-06,-4.7637902324438e-06,-4.7637902325537e-06,0.90001762612463,0.90000495350346,2.5,2.5,-9.9999999992941e-05
0.0702,0.99997531459905,0.99996446924402,0.99998405723152,0.999980843793,3.6880748095641e-05,1.9019946871673e-05,0.0099987858958648,-9.1940503602937e-06,9.0630377572581e-06,-4.7646719793703e-06,-4.7646719794798e-06,0.90001762981513,0.90000497639741,2.5,2.5,-9.9999999999749e-05
0.0704,0.99997529122923,0.99996446231339,0.99998405439431,0.99998084582665,3.6824792615721e-05,1.9011143581448e-05,0.0099987840600123,-9.1792618147381e-06,9.0484793686419e-06,-4.7655523082991e-06,-4.7655523084083e-06,0.90001763349946,0.90000499926122,2.5,2.5,-0.00010000000000534
0.0706,0.99997526789138,0.99996445539409,0.99998405156161,0.99998084785872,3.6768908127377e-05,1.9002354445666e-05,0.0099987822271111,-9.1645064260573e-06,9.0339531155091e-06,-4.7664312220016e-06,-4.7664312221109e-06,0.90001763717765,0.90000502209482,2.5,2.5,-9.9999999997008e-05
0.0708,0.99997524458551,0.99996444848616,0.99998404873342,0.99998084988916,3.6713094844821e-05,1.899357943039e-05,0.0099987803971546,-9.1497829938614e-06,9.0194588143926e-06,-4.767308723711e-06,-4.7673087238201e-06,0.90001764084967,0.90000504489818,2.5,2.5,-9.9999999999898e-05
0.071,0.99997522131162,0.99996444158949,0.99998404590971,0.99998085191794,3.66573529046e-05,1.8984818498541e-05,0.0099987785701356,-9.1350931223597e-06,9.0049962796215e-06,-4.7681848167147e-06,-4.7681848168237e-06,0.90001764451559,0.90000506767127,2.5,2.5,-0.00010000000000722
0.0712,0.99997519806973,0.99996443470405,0.99998404309045,0.99998085394505,3.6601682405506e-05,1.8976071629938e-05,0.0099987767460486,-9.1204351989213e-06,8.9905652994821e-06,-4.7690595039039e-06,-4.7690595040129e-06,0.90001764817542,0.90000509041405,2.5,2.5,-0.00010000000000845
0.0714,0.99997517485989,0.99996442782983,0.99998404027567,0.99998085597047,3.6546083527468e-05,1.8967338781517e-05,0.0099987749248865,-9.1058095927011e-06,8.9761656340428e-06,-4.769932788254e-06,-4.7699327883626e-06,0.90001765182916,0.90000511312648,2.5,2.5,-0.00010000000000958
0.0716,0.99997515168202,0.99996442096682,0.99998403746535,0.99998085799417,3.6490556342754e-05,1.8958619935964e-05,0.0099987731066434,-9.0912154410624e-06,8.9617971329224e-06,-4.7708046732218e-06,-4.7708046733302e-06,0.90001765547683,0.90000513580856,2.5,2.5,-0.00010000000000259
0.0718,0.99997512853623,0.99996441411501,0.99998403465949,0.99998086001614,3.6435100979758e-05,1.8949915051959e-05,0.0099987712913128,-9.0766530125075e-06,8.9474595744013e-06,-4.7716751611886e-06,-4.7716751612968e-06,0.90001765911843,0.90000515846023,2.5,2.5,-0.00010000000000286
0.072,0.99997510542251,0.99996440727429,0.99998403185805,0.99998086203635,3.637971758705e-05,1.8941224105644e-05,0.0099987694788881,-9.0621230691428e-06,8.9331527787202e-06,-4.7725442560503e-06,-4.7725442561579e-06,0.90001766275403,0.90000518108145,2.5,2.5,-9.9999999996013e-05
0.0722,0.99997508234084,0.99996440044475,0.99998402906105,0.99998086405478,3.6324406334316e-05,1.8932547067183e-05,0.0099987676693636,-9.0476230367689e-06,8.9188765463151e-06,-4.7734119601396e-06,-4.7734119602477e-06,0.90001766638358,0.90000520367222,2.5,2.5,-9.9999999994523e-05
0.0724,0.99997505929125,0.99996439362626,0.99998402626849,0.99998086607141,3.6269167252283e-05,1.8923883900141e-05,0.0099987658627326,-9.0331550366605e-06,8.9046306819823e-06,-4.7742782766861e-06,-4.774278276794e-06,0.90001767000714,0.90000522623251,2.5,2.5,-0.00010000000000309
0.0726,0.99997503627378,0.99996438681881,0.99998402348029,0.99998086808625,3.6214000435023e-05,1.891523457396e-05,0.0099987640589887,-9.0187185159607e-06,8.8904150032114e-06,-4.7751432086366e-06,-4.7751432087444e-06,0.90001767362473,0.90000524876227,2.5,2.5,-9.9999999998271e-05
0.0728,0.99997501328838,0.99996438002245,0.99998402069655,0.99998087009922,3.6158906037959e-05,1.890659907458e-05,0.0099987622581265,-9.0043111993754e-06,8.8762293010053e-06,-4.7760067590802e-06,-4.7760067591877e-06,0.90001767723633,0.90000527126149,2.5,2.5,-9.9999999998594e-05
0.073,0.99997499033509,0.99996437323708,0.99998401791717,0.99998087211037,3.6103884110606e-05,1.889797736078e-05,0.0099987604601394,-8.9899355252132e-06,8.86207346167e-06,-4.776868930965e-06,-4.7768689310722e-06,0.90001768084198,0.90000529373016,2.5,2.5,-0.0001000000000038
0.0732,0.99997496741389,0.99996436646271,0.9999840151422,0.99998087411963,3.6048934818264e-05,1.8889369400385e-05,0.0099987586650214,-8.9755895522824e-06,8.8479472717025e-06,-4.7777297265966e-06,-4.7777297267036e-06,0.90001768444168,0.90000531616825,2.5,2.5,-0.00010000000000779
0.0734,0.99997494452483,0.99996435969929,0.9999840123716,0.999980876127,3.5994058239176e-05,1.8880775176959e-05,0.0099987568727669,-8.9612744455899e-06,8.8338505406573e-06,-4.7785891494019e-06,-4.778589149509e-06,0.90001768803547,0.90000533857573,2.5,2.5,-0.00010000000000467
0.0736,0.99997492166787,0.99996435294681,0.99998400960538,0.99998087813246,3.5939254451554e-05,1.8872194643496e-05,0.0099987550833691,-8.9469888041549e-06,8.8197831085637e-06,-4.7794472022285e-06,-4.7794472023353e-06,0.90001769162335,0.90000536095259,2.5,2.5,-0.00010000000000264
0.0738,0.99997489884301,0.99996434620524,0.99998400684353,0.99998088013601,3.5884523465233e-05,1.8863627790975e-05,0.0099987532968227,-8.9327330944222e-06,8.8057447724025e-06,-4.7803038880107e-06,-4.7803038881174e-06,0.90001769520534,0.90000538329885,2.5,2.5,-9.9999999992776e-05
0.074,0.99997487605032,0.99996433947458,0.99998400408601,0.99998088213764,3.5829865379134e-05,1.8855074571758e-05,0.0099987515131212,-8.9185072999824e-06,8.7917354157219e-06,-4.7811592090859e-06,-4.7811592091927e-06,0.90001769878143,0.9000054056144,2.5,2.5,-9.9999999997695e-05
0.0742,0.99997485328975,0.99996433275469,0.99998400133286,0.99998088413729,3.5775280405116e-05,1.884653497821e-05,0.0099987497322592,-8.9043109060102e-06,8.7777548174261e-06,-4.7820131688713e-06,-4.7820131689777e-06,0.9000177023517,0.90000542789929,2.5,2.5,-9.9999999997314e-05
0.0744,0.99997483056128,0.9999643260457,0.99998399858403,0.99998088613496,3.5720768487753e-05,1.8838008964485e-05,0.0099987479542306,-8.8901434924038e-06,8.7638028661045e-06,-4.782865770145e-06,-4.7828657702514e-06,0.9000177059161,0.9000054501535,2.5,2.5,-0.00010000000001056
0.0746,0.99997480786496,0.99996431934758,0.99998399583953,0.99998088813067,3.5666329741604e-05,1.882949650798e-05,0.0099987461790293,-8.8760052999596e-06,8.749879386723e-06,-4.7837170154252e-06,-4.7837170155312e-06,0.90001770947463,0.900005472377,2.5,2.5,-9.9999999998638e-05
0.0748,0.99997478520076,0.99996431266017,0.99998399309935,0.99998089012436,3.5611964240608e-05,1.8820997591416e-05,0.0099987444066502,-8.8618964511992e-06,8.7359841906231e-06,-4.784566907658e-06,-4.784566907764e-06,0.90001771302739,0.90000549456979,2.5,2.5,-9.9999999995749e-05
0.075,0.9999747625687,0.9999643059835,0.99998399036349,0.99998089211604,3.5557672041204e-05,1.8812512169951e-05,0.0099987426370869,-8.8478160511113e-06,8.7221171367236e-06,-4.7854154493276e-06,-4.7854154494332e-06,0.90001771657434,0.90000551673185,2.5,2.5,-9.9999999996039e-05
0.0752,0.99997473996874,0.99996429931762,0.99998398763194,0.99998089410567,3.5503453221049e-05,1.8804040228346e-05,0.0099987408703339,-8.8337642754123e-06,8.7082780641452e-06,-4.7862626435978e-06,-4.7862626437036e-06,0.90001772011548,0.90000553886317,2.5,2.5,-0.0001000000000082
0.0754,0.99997471740088,0.99996429266247,0.99998398490469,0.99998089609329,3.5449307774376e-05,1.8795581735436e-05,0.0099987391063858,-8.8197407740088e-06,8.6944668289453e-06,-4.7871084928114e-06,-4.7871084929169e-06,0.90001772365084,0.90000556096376,2.5,2.5,-9.9999999998799e-05
0.0756,0.99997469486517,0.99996428601796,0.99998398218172,0.99998089807883,3.5395235799012e-05,1.8787136666031e-05,0.0099987373452364,-8.8057462945238e-06,8.6806832996433e-06,-4.7879530003144e-06,-4.7879530004197e-06,0.90001772718046,0.90000558303359,2.5,2.5,-0.00010000000000296
0.0758,0.99997467236156,0.99996427938416,0.99998397946303,0.99998090006231,3.5341237365598e-05,1.8778704987174e-05,0.0099987355868804,-8.7917793604576e-06,8.666927285546e-06,-4.7887961678523e-06,-4.7887961679573e-06,0.90001773070432,0.90000560507264,2.5,2.5,-0.00010000000000987
0.076,0.99997464989005,0.99996427276096,0.99998397674861,0.99998090204369,3.5287312559081e-05,1.8770286681569e-05,0.0099987338313123,-8.7778408245029e-06,8.6531986507877e-06,-4.7896379988731e-06,-4.789637998978e-06,0.90001773422246,0.90000562708093,2.5,2.5,-0.00010000000000164
0.0762,0.99997462745065,0.99996426614841,0.99998397403846,0.99998090402298,3.5233461392339e-05,1.8761881713067e-05,0.0099987320785265,-8.7639295979173e-06,8.6394972780233e-06,-4.7904784954776e-06,-4.7904784955823e-06,0.90001773773487,0.90000564905844,2.5,2.5,-9.9999999997074e-05
0.0764,0.99997460504333,0.99996425954644,0.99998397133257,0.99998090600015,3.5179683864315e-05,1.8753490061724e-05,0.0099987303285173,-8.750046568193e-06,8.6258230314694e-06,-4.79131766063e-06,-4.7913176607345e-06,0.90001774124158,0.90000567100516,2.5,2.5,-9.9999999992443e-05
0.0766,0.99997458266811,0.99996425295504,0.99998396863092,0.99998090797521,3.5125980079173e-05,1.8745111693078e-05,0.009998728581279,-8.7361910655369e-06,8.6121757392525e-06,-4.7921554972072e-06,-4.792155497312e-06,0.90001774474259,0.9000056929211,2.5,2.5,-9.9999999999703e-05
0.0768,0.99997456032495,0.99996424637425,0.99998396593353,0.99998090994811,3.5072350071284e-05,1.873674659261e-05,0.0099987268368066,-8.7223626669076e-06,8.5985552283787e-06,-4.7929920073907e-06,-4.7929920074948e-06,0.90001774823791,0.90000571480624,2.5,2.5,-9.999999999498e-05
0.077,0.99997453801388,0.99996423980388,0.99998396324036,0.9999809119189,3.5018793856734e-05,1.8728394724616e-05,0.0099987250950943,-8.708562330408e-06,8.5849613958568e-06,-4.793827194158e-06,-4.7938271942619e-06,0.9000177517276,0.90000573666059,2.5,2.5,-9.9999999997671e-05
0.0772,0.99997451573484,0.9999642332441,0.99998396055142,0.99998091388749,3.4965311506693e-05,1.8720056067273e-05,0.0099987233561367,-8.6947881454332e-06,8.5713941121683e-06,-4.7946610599086e-06,-4.7946610600124e-06,0.90001775521161,0.90000575848415,2.5,2.5,-9.999999999864e-05
0.0774,0.99997449348786,0.99996422669478,0.99998395786669,0.99998091585394,3.4911902962341e-05,1.8711730590117e-05,0.0099987216199282,-8.6810415636197e-06,8.5578532212974e-06,-4.795493607449e-06,-4.7954936075527e-06,0.90001775868999,0.9000057802769,2.5,2.5,-9.9999999996798e-05
0.0776,0.99997447127293,0.9999642201559,0.99998395518619,0.99998091781818,3.4858568344486e-05,1.8703418276995e-05,0.0099987198864641,-8.6673213760893e-06,8.5443386204259e-06,-4.7963248388829e-06,-4.7963248389865e-06,0.90001776216275,0.90000580203885,2.5,2.5,-9.9999999989526e-05
0.0778,0.99997444909,0.9999642136275,0.99998395250986,0.99998091978023,3.4805307656132e-05,1.869511908818e-05,0.0099987181557384,-8.6536284193831e-06,8.5308501721956e-06,-4.7971547571237e-06,-4.7971547572273e-06,0.90001776562988,0.90000582377003,2.5,2.5,-9.9999999999143e-05
0.078,0.99997442693908,0.99996420710949,0.99998394983776,0.9999809217401,3.4752120879835e-05,1.8686833013306e-05,0.0099987164277461,-8.6399615477487e-06,8.5173877611503e-06,-4.7979833650363e-06,-4.7979833651395e-06,0.90001776909143,0.9000058454704,2.5,2.5,-0.00010000000000267
0.0782,0.99997440482015,0.99996420060188,0.99998394716982,0.99998092369773,3.4699008087438e-05,1.867856002057e-05,0.0099987147024818,-8.6263216051025e-06,8.5039512338037e-06,-4.7988106647558e-06,-4.7988106648591e-06,0.90001777254738,0.90000586714,2.5,2.5,-0.00010000000000627
0.0784,0.99997438273321,0.99996419410464,0.99998394450608,0.99998092565315,3.4645969276131e-05,1.8670300078687e-05,0.0099987129799403,-8.6127077022255e-06,8.4905404739096e-06,-4.7996366584309e-06,-4.7996366585341e-06,0.90001777599776,0.90000588877881,2.5,2.5,-9.9999999989557e-05
0.0786,0.99997436067827,0.99996418761776,0.9999839418465,0.99998092760635,3.4593004459861e-05,1.8662053170323e-05,0.0099987112601163,-8.5991200221383e-06,8.4771553661543e-06,-4.8004613493198e-06,-4.8004613494227e-06,0.90001777944257,0.90000591038682,2.5,2.5,-9.9999999998067e-05
0.0788,0.99997433865527,0.99996418114118,0.99998393919109,0.99998092955729,3.4540113678991e-05,1.8653819269892e-05,0.0099987095430047,-8.5855587451739e-06,8.463795747904e-06,-4.8012847395338e-06,-4.8012847396363e-06,0.90001778288185,0.90000593196405,2.5,2.5,-9.9999999997443e-05
0.079,0.99997431666424,0.99996417467495,0.99998393653984,0.99998093150599,3.4487296956575e-05,1.8645598349964e-05,0.0099987078286001,-8.5720227456032e-06,8.4504615605623e-06,-4.8021068318149e-06,-4.8021068319176e-06,0.90001778631558,0.90000595351049,2.5,2.5,-0.00010000000000552
0.0792,0.99997429470509,0.999964168219,0.99998393389274,0.99998093345241,3.4434554272315e-05,1.8637390386965e-05,0.0099987061168976,-8.5585129812666e-06,8.437152639825e-06,-4.802927628222e-06,-4.8029276283244e-06,0.90001778974379,0.90000597502618,2.5,2.5,-9.9999999999646e-05
0.0794,0.9999742727779,0.99996416177329,0.99998393124979,0.99998093539657,3.4381885609333e-05,1.8629195357673e-05,0.0099987044078922,-8.5450288018246e-06,8.4238688897639e-06,-4.8037471314713e-06,-4.8037471315738e-06,0.90001779316649,0.90000599651109,2.5,2.5,-9.9999999994443e-05
0.0796,0.99997425088256,0.99996415533785,0.99998392861094,0.99998093733845,3.432929105163e-05,1.8621013232356e-05,0.0099987027015783,-8.5315704842204e-06,8.4106101975336e-06,-4.8045653438524e-06,-4.8045653439545e-06,0.90001779658368,0.90000601796526,2.5,2.5,-9.999999999225e-05
0.0798,0.99997422901911,0.99996414891263,0.99998392597625,0.99998093927803,3.4276770553878e-05,1.8612843986348e-05,0.0099987009979508,-8.5181373568204e-06,8.3973764562768e-06,-4.8053822679682e-06,-4.8053822680702e-06,0.90001779999539,0.90000603938868,2.5,2.5,-0.00010000000000704
0.08,0.9999742071875,0.99996414249762,0.99998392334568,0.99998094121533,3.4224324108317e-05,1.8604687603156e-05,0.0099986992970048,-8.5047296580253e-06,8.3841675199562e-06,-4.8061979064141e-06,-4.806197906516e-06,0.90001780340162,0.90000606078137,2.5,2.5,-9.9999999995156e-05
0.0802,0.99997418538776,0.99996413609277,0.9999839207192,0.99998094315032,3.4171951743469e-05,1.859654405186e-05,0.0099986975987352,-8.491347483727e-06,8.3709832423106e-06,-4.8070122615723e-06,-4.8070122616741e-06,0.9000178068024,0.90000608214332,2.5,2.5,-9.9999999999885e-05
0.0804,0.99997416361985,0.99996412969811,0.99998391809686,0.99998094508301,3.4119653439096e-05,1.8588413315047e-05,0.0099986959031374,-8.4779893798496e-06,8.3578235755259e-06,-4.8078253353616e-06,-4.8078253354631e-06,0.90001781019772,0.90000610347454,2.5,2.5,-0.00010000000000534
0.0806,0.99997414188372,0.99996412331356,0.99998391547859,0.99998094701335,3.4067429219041e-05,1.8580295358401e-05,0.0099986942102059,-8.4646575969391e-06,8.3446884292443e-06,-4.8086371305883e-06,-4.8086371306895e-06,0.90001781358761,0.90000612477505,2.5,2.5,-0.00010000000000319
0.0808,0.99997412017937,0.99996411693912,0.99998391286443,0.99998094894138,3.4015279024678e-05,1.8572190164728e-05,0.0099986925199358,-8.4513496240756e-06,8.331577634458e-06,-4.8094476495803e-06,-4.8094476496818e-06,0.90001781697208,0.90000614604488,2.5,2.5,-9.9999999997895e-05
0.081,0.9999740985068,0.99996411057483,0.99998391025435,0.99998095086709,3.3963202860958e-05,1.856409771857e-05,0.0099986908323227,-8.4380670516103e-06,8.3184911630392e-06,-4.8102568946039e-06,-4.810256894705e-06,0.90001782035111,0.90000616728401,2.5,2.5,-9.9999999993165e-05
0.0812,0.99997407686594,0.99996410422062,0.99998390764833,0.99998095279045,3.3911200795684e-05,1.8556017983224e-05,0.009998689147361,-8.4248089808163e-06,8.3054288280873e-06,-4.8110648684275e-06,-4.8110648685287e-06,0.90001782372473,0.90000618849249,2.5,2.5,-0.00010000000000216
0.0814,0.99997405525682,0.99996409787641,0.99998390504639,0.99998095471146,3.3859272780179e-05,1.8547950937518e-05,0.0099986874650459,-8.4115757203886e-06,8.292390561113e-06,-4.81187157299e-06,-4.8118715730909e-06,0.90001782709299,0.9000062096703,2.5,2.5,-0.00010000000000099
0.0816,0.99997403367942,0.99996409154229,0.99998390244851,0.99998095663012,3.3807418796773e-05,1.8539896559851e-05,0.0099986857853728,-8.3983664165576e-06,8.2793762475015e-06,-4.8126770107083e-06,-4.8126770108088e-06,0.90001783045585,0.90000623081743,2.5,2.5,-0.00010000000000459
0.0818,0.99997401213368,0.9999640852182,0.9999838998547,0.99998095854641,3.3755638834334e-05,1.8531854826102e-05,0.0099986841083364,-8.3851814951071e-06,8.2663857980135e-06,-4.8134811839188e-06,-4.8134811840192e-06,0.90001783381334,0.90000625193394,2.5,2.5,-0.00010000000000789
0.082,0.99997399061962,0.99996407890406,0.99998389726494,0.99998096046033,3.3703932850041e-05,1.8523825716722e-05,0.0099986824339323,-8.3720212520961e-06,8.2534190863681e-06,-4.8142840950682e-06,-4.8142840951686e-06,0.90001783716549,0.90000627301982,2.5,2.5,-9.9999999995623e-05
0.0822,0.99997396913715,0.99996407259994,0.9999838946792,0.99998096237189,3.3652300840147e-05,1.8515809203407e-05,0.0099986807621554,-8.3588848962765e-06,8.2404760418283e-06,-4.8150857463403e-06,-4.8150857464406e-06,0.90001784051228,0.90000629407511,2.5,2.5,-0.00010000000000177
0.0824,0.99997394768631,0.9999640663058,0.9999838920975,0.99998096428106,3.3600742829722e-05,1.8507805267945e-05,0.0099986790930009,-8.3457724483002e-06,8.227556614111e-06,-4.8158861402545e-06,-4.8158861403543e-06,0.90001784385372,0.90000631509981,2.5,2.5,-0.00010000000000164
0.0826,0.99997392626706,0.99996406002156,0.99998388951983,0.99998096618784,3.3549258739467e-05,1.8499813876352e-05,0.0099986774264639,-8.3326842741726e-06,8.2146606030903e-06,-4.8166852785405e-06,-4.8166852786402e-06,0.90001784718986,0.90000633609392,2.5,2.5,-9.9999999992446e-05
0.0828,0.99997390487938,0.99996405374729,0.99998388694619,0.99998096809224,3.3497848584219e-05,1.8491835020707e-05,0.0099986757625398,-8.3196194297242e-06,8.2017879530359e-06,-4.817483164248e-06,-4.8174831643477e-06,0.90001785052066,0.90000635705748,2.5,2.5,-0.00010000000000139
0.083,0.9999738835232,0.99996404748289,0.99998388437657,0.99998096999424,3.3446512314217e-05,1.8483868670719e-05,0.0099986741012239,-8.306578703947e-06,8.1889386216134e-06,-4.8182797993269e-06,-4.8182797994265e-06,0.90001785384618,0.90000637799051,2.5,2.5,-0.00010000000000774
0.0832,0.99997386219856,0.9999640412284,0.99998388181093,0.99998097189384,3.3395249930387e-05,1.8475914807942e-05,0.0099986724425117,-8.2935615709906e-06,8.1761124531929e-06,-4.8190751857468e-06,-4.8190751858461e-06,0.90001785716639,0.900006398893,2.5,2.5,-9.9999999996961e-05
0.0834,0.99997384090541,0.99996403498375,0.99998387924931,0.99998097379102,3.3344061349645e-05,1.8467973404152e-05,0.0099986707863982,-8.2805679697169e-06,8.1633093919774e-06,-4.8198693261401e-06,-4.8198693262393e-06,0.90001786048134,0.90000641976499,2.5,2.5,-9.9999999992337e-05
0.0836,0.99997381964372,0.99996402874893,0.99998387669167,0.9999809756858,3.329294660046e-05,1.8460044434482e-05,0.0099986691328783,-8.2675980715522e-06,8.1505293226954e-06,-4.8206622226612e-06,-4.8206622227602e-06,0.90001786379102,0.9000064406065,2.5,2.5,-0.00010000000000387
0.0838,0.99997379841346,0.99996402252399,0.99998387413803,0.99998097757817,3.3241905628316e-05,1.8452127885126e-05,0.0099986674819479,-8.2546510034e-06,8.1377721681468e-06,-4.8214538775335e-06,-4.8214538776326e-06,0.90001786709542,0.90000646141754,2.5,2.5,-9.9999999995812e-05
0.084,0.99997377721464,0.99996401630884,0.99998387158835,0.99998097946812,3.3190938462148e-05,1.844422373131e-05,0.0099986658336023,-8.2417275921044e-06,8.1250378219481e-06,-4.8222442930922e-06,-4.822244293191e-06,0.90001787039459,0.90000648219812,2.5,2.5,-0.00010000000000642
0.0842,0.99997375604719,0.99996401010348,0.99998386904265,0.99998098135563,3.3140045038289e-05,1.8436331951771e-05,0.0099986641878368,-8.2288269905572e-06,8.1123262032149e-06,-4.823033471436e-06,-4.8230334715346e-06,0.90001787368851,0.90000650294827,2.5,2.5,-0.00010000000000007
0.0844,0.99997373491109,0.9999640039079,0.99998386650091,0.9999809832407,3.308922532484e-05,1.8428452519442e-05,0.0099986625446469,-8.2159498233456e-06,8.099637257365e-06,-4.8238214146546e-06,-4.823821414753e-06,0.9000178769772,0.90000652366801,2.5,2.5,-0.0001000000000005
0.0846,0.99997371380634,0.99996399772208,0.99998386396316,0.99998098512335,3.3038479215701e-05,1.8420585417953e-05,0.0099986609040279,-8.2030953531912e-06,8.0869709000806e-06,-4.8246081252619e-06,-4.8246081253604e-06,0.90001788026068,0.90000654435736,2.5,2.5,-0.00010000000000312
0.0848,0.99997369273288,0.99996399154595,0.99998386142932,0.99998098700357,3.2987806753376e-05,1.8412730617612e-05,0.0099986592659751,-8.1902643025846e-06,8.0743270316787e-06,-4.8253936049811e-06,-4.825393605079e-06,0.90001788353897,0.90000656501634,2.5,2.5,-9.9999999997396e-05
0.085,0.99997367169066,0.99996398537959,0.99998385889944,0.99998098888133,3.2937207894976e-05,1.8404888105235e-05,0.0099986576304841,-8.1774557601714e-06,8.0617055171101e-06,-4.826177856478e-06,-4.8261778565762e-06,0.90001788681204,0.900006585645,2.5,2.5,-0.00010000000000094
0.0852,0.99997365067974,0.99996397922288,0.9999838563735,0.99998099075666,3.2886682552663e-05,1.839705785119e-05,0.0099986559975502,-8.1646700072911e-06,8.0491063105396e-06,-4.8269608816247e-06,-4.8269608817225e-06,0.90001789007995,0.90000660624331,2.5,2.5,-0.0001000000000046
0.0854,0.99997362970004,0.9999639730759,0.99998385385149,0.99998099262954,3.2836230780055e-05,1.8389239840854e-05,0.0099986543671692,-8.151906663446e-06,8.0365293627191e-06,-4.8277426825625e-06,-4.8277426826604e-06,0.90001789334266,0.9000066268113,2.5,2.5,-9.9999999995237e-05
0.0856,0.99997360875153,0.99996396693858,0.99998385133342,0.99998099449995,3.2785852489138e-05,1.8381434047961e-05,0.0099986527393362,-8.139166126562e-06,8.0239745577951e-06,-4.8285232620724e-06,-4.8285232621701e-06,0.90001789660021,0.90000664734902,2.5,2.5,-0.00010000000000231
0.0858,0.99997358783415,0.99996396081085,0.99998384881925,0.99998099636791,3.2735547594676e-05,1.8373640449487e-05,0.0099986511140467,-8.1264482046604e-06,8.0114418123976e-06,-4.8293026214686e-06,-4.8293026215659e-06,0.90001789985262,0.9000066678565,2.5,2.5,-9.9999999993701e-05
0.086,0.99997356694794,0.99996395469281,0.999983846309,0.9999809982334,3.2685316134766e-05,1.8365859026406e-05,0.0099986494912961,-8.113752305572e-06,7.9989310643864e-06,-4.8300807635094e-06,-4.8300807636068e-06,0.90001790309987,0.90000668833372,2.5,2.5,-9.9999999995499e-05
0.0862,0.99997354609283,0.99996394858436,0.99998384380266,0.99998100009644,3.2635158016698e-05,1.8358089764136e-05,0.0099986478710805,-8.1010792144179e-06,7.9864422385151e-06,-4.8308576902124e-06,-4.8308576903095e-06,0.90001790634199,0.90000670878073,2.5,2.5,-9.9999999997596e-05
0.0864,0.99997352526879,0.99996394248551,0.9999838413002,0.99998100195701,3.2585073187923e-05,1.8350332633077e-05,0.009998646253395,-8.0884278895573e-06,7.9739752188343e-06,-4.8316334037094e-06,-4.8316334038062e-06,0.90001790957898,0.90000672919756,2.5,2.5,-0.00010000000000398
0.0866,0.99997350447577,0.99996393639622,0.99998383880165,0.9999810038151,3.2535061634741e-05,1.834258761163e-05,0.0099986446382354,-8.0757989323463e-06,7.9615299978465e-06,-4.8324079058709e-06,-4.8324079059679e-06,0.90001791281087,0.90000674958424,2.5,2.5,-0.00010000000000108
0.0868,0.9999734837138,0.99996393031651,0.99998383630698,0.99998100567072,3.2485123271958e-05,1.8334854680861e-05,0.0099986430255972,-8.0631919844643e-06,7.949106445047e-06,-4.8331811988265e-06,-4.8331811989233e-06,0.90001791603763,0.90000676994076,2.5,2.5,-9.9999999997608e-05
0.087,0.99997346298281,0.99996392424629,0.99998383381618,0.99998100752389,3.2435258079504e-05,1.8327133815864e-05,0.0099986414154756,-8.0506075689803e-06,7.9367044968164e-06,-4.8339532850363e-06,-4.833953285133e-06,0.90001791925933,0.90000679026717,2.5,2.5,-9.9999999997895e-05
0.0872,0.99997344228278,0.99996391818563,0.99998383132926,0.99998100937455,3.2385466032811e-05,1.8319424998708e-05,0.0099986398078665,-8.038044429031e-06,7.924324041723e-06,-4.8347241663363e-06,-4.8347241664329e-06,0.90001792247593,0.90000681056348,2.5,2.5,-0.00010000000000363
0.0874,0.99997342161365,0.99996391213446,0.99998382884621,0.99998101122274,3.2335747065731e-05,1.8311728217006e-05,0.009998638202766,-8.0255033517589e-06,7.9119650950824e-06,-4.8354938452369e-06,-4.835493845333e-06,0.90001792568745,0.90000683082974,2.5,2.5,-9.9999999993143e-05
0.0876,0.99997340097541,0.9999639060928,0.99998382636703,0.99998101306844,3.2286101044506e-05,1.8304043436527e-05,0.0099986366001692,-8.0129839336724e-06,7.8996275168366e-06,-4.8362623230419e-06,-4.836262323138e-06,0.9000179288939,0.90000685106597,2.5,2.5,-0.00010000000000044
0.0878,0.99997338036806,0.99996390006057,0.99998382389167,0.99998101491168,3.2236528000068e-05,1.8296370638954e-05,0.0099986350000718,-8.0004867514067e-06,7.8873112450412e-06,-4.8370296024728e-06,-4.8370296025687e-06,0.90001793209531,0.90000687127217,2.5,2.5,-0.00010000000000445
0.088,0.99997335979153,0.99996389403783,0.99998382142017,0.9999810167524,3.2187027891042e-05,1.8288709812574e-05,0.0099986334024698,-7.9880104873886e-06,7.8750162129081e-06,-4.8377956855402e-06,-4.8377956856361e-06,0.90001793529166,0.90000689144839,2.5,2.5,-0.00010000000000044
0.0882,0.99997333924577,0.99996388802449,0.99998381895252,0.99998101859064,3.2137600594048e-05,1.8281060924699e-05,0.0099986318073585,-7.9755560704074e-06,7.8627423620613e-06,-4.8385605737996e-06,-4.8385605738954e-06,0.90001793848299,0.90000691159466,2.5,2.5,-9.9999999998831e-05
0.0884,0.99997331873081,0.99996388202061,0.99998381648869,0.99998102042641,3.2088246109213e-05,1.8273423963502e-05,0.0099986302147338,-7.9631230989094e-06,7.850489628088e-06,-4.8393242700492e-06,-4.8393242701447e-06,0.90001794166928,0.90000693171099,2.5,2.5,-0.00010000000000128
0.0886,0.99997329824658,0.9999638760261,0.9999838140287,0.99998102225967,3.2038964450657e-05,1.8265798905583e-05,0.0099986286245913,-7.950711740194e-06,7.838257933604e-06,-4.8400867758653e-06,-4.8400867759607e-06,0.90001794485056,0.90000695179741,2.5,2.5,-0.00010000000000161
0.0888,0.99997327779306,0.999963870041,0.99998381157253,0.99998102409043,3.198975545702e-05,1.8258185735477e-05,0.0099986270369274,-7.9383215838506e-06,7.8260472050048e-06,-4.840848093388e-06,-4.8408480934832e-06,0.90001794802682,0.90000697185395,2.5,2.5,-9.9999999993886e-05
0.089,0.99997325737019,0.99996386406523,0.99998380912016,0.9999810259187,3.1940619092265e-05,1.8250584420996e-05,0.009998625451737,-7.9259529331927e-06,7.8138573835877e-06,-4.8416082246397e-06,-4.8416082247352e-06,0.9000179511981,0.90000699188065,2.5,2.5,-9.9999999997868e-05
0.089200000000001,0.99997323697795,0.99996385809884,0.99998380667161,0.99998102774446,3.1891555286227e-05,1.8242994946013e-05,0.0099986238690159,-7.9136050560637e-06,7.8016883664346e-06,-4.8423671716968e-06,-4.8423671717916e-06,0.90001795436438,0.90000701187753,2.5,2.5,-9.9999999997636e-05
0.089400000000001,0.99997321661633,0.99996385214179,0.99998380422687,0.99998102956774,3.1842563970195e-05,1.8235417298962e-05,0.0099986222887602,-7.9012786164748e-06,7.789540105757e-06,-4.84312493667e-06,-4.8431249367647e-06,0.90001795752568,0.90000703184461,2.5,2.5,-9.9999999988495e-05
0.089600000000001,0.99997319628525,0.99996384619402,0.99998380178589,0.9999810313885,3.1793645130866e-05,1.8227851451847e-05,0.0099986207109658,-7.8889734019101e-06,7.7774125633347e-06,-4.8438815214469e-06,-4.8438815215416e-06,0.90001796068202,0.90000705178194,2.5,2.5,-0.00010000000000045
0.089800000000001,0.99997317598476,0.9999638402556,0.99998379934876,0.99998103320678,3.1744798696432e-05,1.8220297385187e-05,0.009998619135628,-7.8766882216372e-06,7.7653056564266e-06,-4.8446369282352e-06,-4.8446369283297e-06,0.90001796383338,0.90000707168952,2.5,2.5,-9.9999999997675e-05
0.090000000000001,0.99997315571474,0.99996383432643,0.99998379691536,0.99998103502253,3.1696024608559e-05,1.8212755077434e-05,0.0099986175627429,-7.8644254302042e-06,7.7532193325341e-06,-4.8453911587733e-06,-4.8453911588678e-06,0.90001796697981,0.90000709156739,2.5,2.5,-9.9999999992084e-05
0.090200000000001,0.99997313547518,0.99996382840652,0.99998379448575,0.99998103683579,3.164732278418e-05,1.8205224510656e-05,0.0099986159923063,-7.8521826253999e-06,7.7411535222762e-06,-4.8461442153798e-06,-4.846144215474e-06,0.90001797012129,0.9000071114156,2.5,2.5,-0.00010000000000225
0.090400000000001,0.99997311526606,0.99996382249592,0.99998379205992,0.99998103864654,3.1598693156991e-05,1.819770566784e-05,0.0099986144243141,-7.8399604906653e-06,7.7291081666109e-06,-4.8468960997187e-06,-4.8468960998128e-06,0.90001797325782,0.90000713123416,2.5,2.5,-9.9999999997592e-05
0.090600000000001,0.99997309508735,0.99996381659448,0.99998378963785,0.99998104045479,3.1550135698115e-05,1.819019852401e-05,0.0099986128587621,-7.8277598359241e-06,7.7170831901036e-06,-4.8476468138265e-06,-4.8476468139205e-06,0.90001797638945,0.9000071510231,2.5,2.5,-9.9999999998169e-05
0.090800000000001,0.999973074939,0.99996381070233,0.99998378721954,0.99998104226051,3.1501650321125e-05,1.8182703063152e-05,0.0099986112956461,-7.8155792029002e-06,7.7050784959843e-06,-4.8483963599977e-06,-4.8483963600913e-06,0.90001797951614,0.90000717078245,2.5,2.5,-9.9999999995608e-05
0.091000000000001,0.99997305482098,0.99996380481934,0.99998378480498,0.99998104406375,3.145323694458e-05,1.8175219269432e-05,0.0099986097349625,-7.8034195572117e-06,7.6930940695332e-06,-4.8491447399126e-06,-4.8491447400064e-06,0.90001798263795,0.90000719051224,2.5,2.5,-9.999999999946e-05
0.091200000000001,0.99997303473327,0.99996379894557,0.99998378239417,0.99998104586447,3.1404895559145e-05,1.8167747111358e-05,0.0099986081767066,-7.7912799882633e-06,7.6811298853194e-06,-4.8498919554227e-06,-4.8498919555164e-06,0.90001798575484,0.90000721021251,2.5,2.5,-9.9999999990227e-05
0.091400000000001,0.99997301467583,0.99996379308092,0.99998377998709,0.99998104766267,3.1356626042743e-05,1.8160286577123e-05,0.0099986066208743,-7.7791616843398e-06,7.6691858447039e-06,-4.8506380088873e-06,-4.8506380089807e-06,0.90001798886686,0.90000722988327,2.5,2.5,-9.9999999996502e-05
0.091600000000001,0.9999729946486,0.99996378722546,0.99998377758375,0.99998104945837,3.1308428375411e-05,1.8152837649682e-05,0.0099986050674619,-7.7670632169579e-06,7.6572618571338e-06,-4.8513829021329e-06,-4.8513829022263e-06,0.90001799197399,0.90000724952457,2.5,2.5,-9.9999999997825e-05
0.091800000000001,0.99997297465157,0.99996378137912,0.99998377518414,0.99998105125155,3.1260302429939e-05,1.8145400300255e-05,0.0099986035164653,-7.7549853714118e-06,7.6453579055863e-06,-4.8521266364878e-06,-4.8521266365811e-06,0.90001799507625,0.90000726913644,2.5,2.5,-9.9999999988776e-05
0.092000000000001,0.99997295468472,0.99996377554192,0.99998377278824,0.99998105304222,3.1212248178566e-05,1.813797451592e-05,0.0099986019678798,-7.7429276556558e-06,7.6334739138993e-06,-4.8528692151039e-06,-4.8528692151965e-06,0.90001799817365,0.90000728871889,2.5,2.5,-0.00010000000000433
0.092200000000001,0.99997293474794,0.99996376971383,0.99998377039607,0.99998105483038,3.1164265580993e-05,1.8130560274723e-05,0.0099986004217017,-7.7308902142326e-06,7.6216098227968e-06,-4.8536106391759e-06,-4.8536106392684e-06,0.90001800126619,0.900007308272,2.5,2.5,-0.0001000000000053
0.092400000000001,0.9999729148413,0.9999637638948,0.99998376800761,0.99998105661604,3.111635449093e-05,1.8123157559584e-05,0.009998598877927,-7.7188732373344e-06,7.6097655856646e-06,-4.8543509107466e-06,-4.8543509108394e-06,0.90001800435391,0.90000732779574,2.5,2.5,-0.00010000000000217
0.092600000000001,0.99997289496468,0.99996375808487,0.99998376562283,0.99998105839917,3.1068514871161e-05,1.8115766352313e-05,0.009998597336552,-7.7068761089985e-06,7.5979411484738e-06,-4.8550900317008e-06,-4.8550900317934e-06,0.90001800743677,0.9000073472902,2.5,2.5,-0.00010000000000403
0.092800000000001,0.9999728751181,0.999963752284,0.99998376324176,0.99998106017979,3.1020746672378e-05,1.810838662449e-05,0.009998595797572,-7.6948992169173e-06,7.5861364264313e-06,-4.8558280040105e-06,-4.855828004103e-06,0.90001801051481,0.90000736675536,2.5,2.5,-0.00010000000000352
0.093000000000001,0.99997285530151,0.99996374649215,0.99998376086438,0.99998106195791,3.097304981348e-05,1.8101018373277e-05,0.0099985942609838,-7.6829422160936e-06,7.5743514114344e-06,-4.8565648296734e-06,-4.8565648297656e-06,0.90001801358804,0.90000738619127,2.5,2.5,-9.9999999997252e-05
0.093200000000001,0.99997283551484,0.99996374070935,0.99998375849069,0.99998106373351,3.0925424209043e-05,1.8093661564758e-05,0.0099985927267828,-7.6710051912023e-06,7.5625860386771e-06,-4.8573005104423e-06,-4.8573005105343e-06,0.90001801665646,0.90000740559798,2.5,2.5,-9.9999999995298e-05
0.093400000000001,0.99997281575809,0.99996373493558,0.99998375612068,0.9999810655066,3.087786979913e-05,1.8086316185857e-05,0.0099985911949654,-7.6590879358741e-06,7.5508402103426e-06,-4.8580350482038e-06,-4.8580350482957e-06,0.90001801972006,0.90000742497551,2.5,2.5,-9.9999999998484e-05
0.093600000000001,0.9999727960312,0.99996372917077,0.99998375375432,0.99998106727716,3.0830386550106e-05,1.8078982212637e-05,0.009998589665527,-7.6471912852432e-06,7.5391139118943e-06,-4.8587684451195e-06,-4.8587684452113e-06,0.90001802277889,0.90000744432389,2.5,2.5,-0.00010000000000039
0.093800000000001,0.99997277633415,0.99996372341496,0.99998375139166,0.99998106904522,3.078297433545e-05,1.8071659632629e-05,0.0099985881384641,-7.6353134793727e-06,7.5274070931734e-06,-4.8595007031228e-06,-4.8595007032145e-06,0.90001802583293,0.90000746364316,2.5,2.5,-0.00010000000000193
0.094000000000001,0.9999727566669,0.99996371766813,0.99998374903265,0.99998107081078,3.073563305105e-05,1.8064348428089e-05,0.0099985866137729,-7.6234555338325e-06,7.5157196381573e-06,-4.8602318237859e-06,-4.8602318238775e-06,0.90001802888218,0.90000748293336,2.5,2.5,-0.00010000000000331
0.094200000000001,0.99997273702943,0.99996371193023,0.9999837466773,0.99998107257382,3.0688362693306e-05,1.8057048577046e-05,0.0099985850914495,-7.6116178513441e-06,7.5040516015216e-06,-4.8609618090663e-06,-4.8609618091576e-06,0.90001803192668,0.90000750219449,2.5,2.5,-9.9999999997909e-05
0.094400000000001,0.9999727174217,0.99996370620127,0.99998374432558,0.99998107433435,3.0641163183446e-05,1.8049760058669e-05,0.0099985835714897,-7.5997995337817e-06,7.4924028573286e-06,-4.8616906610258e-06,-4.861690661117e-06,0.90001803496642,0.9000075214266,2.5,2.5,-9.9999999999492e-05
0.094600000000001,0.99997269784363,0.99996370048124,0.99998374197752,0.99998107609236,3.0594034454316e-05,1.8042482853409e-05,0.0099985820538895,-7.5880004852816e-06,7.4807733359895e-06,-4.8624183812414e-06,-4.8624183813326e-06,0.9000180380014,0.90000754062974,2.5,2.5,-9.99999999986e-05
0.094800000000001,0.99997267829522,0.99996369477011,0.99998373963309,0.99998107784786,3.054697639522e-05,1.8035216945111e-05,0.0099985805386452,-7.5762214954068e-06,7.4691630504797e-06,-4.8631449718998e-06,-4.8631449719908e-06,0.90001804103165,0.90000755980393,2.5,2.5,-0.00010000000000138
0.095000000000001,0.99997265877644,0.9999636890679,0.9999837372923,0.99998107960085,3.0499988894249e-05,1.8027962315529e-05,0.0099985790257527,-7.5644614780462e-06,7.457571905878e-06,-4.8638704348553e-06,-4.8638704349463e-06,0.90001804405714,0.90000757894921,2.5,2.5,-0.00010000000000067
0.095200000000001,0.99997263928723,0.99996368337451,0.99998373495511,0.99998108135135,3.04530719075e-05,1.8020718944142e-05,0.0099985775152081,-7.552721444276e-06,7.4459998272086e-06,-4.8645947719608e-06,-4.8645947720514e-06,0.90001804707795,0.9000075980656,2.5,2.5,-0.00010000000000167
0.095400000000001,0.99997261982758,0.99996367769001,0.99998373262156,0.99998108309933,3.0406225443141e-05,1.8013486820808e-05,0.0099985760070081,-7.541000137916e-06,7.4344468685308e-06,-4.8653179847548e-06,-4.8653179848455e-06,0.90001805009401,0.90000761715314,2.5,2.5,-9.9999999996988e-05
0.095600000000001,0.99997260039739,0.99996367201436,0.99998373029163,0.99998108484478,3.0359449367791e-05,1.800626591216e-05,0.0099985745011483,-7.5292986030565e-06,7.4229128824813e-06,-4.8660400753013e-06,-4.8660400753918e-06,0.90001805310537,0.90000763621188,2.5,2.5,-0.00010000000000087
0.095800000000001,0.99997258099673,0.99996366634752,0.99998372796531,0.99998108658775,3.0312743494455e-05,1.7999056211933e-05,0.0099985729976252,-7.5176160925396e-06,7.4113978566747e-06,-4.866761045431e-06,-4.8667610455213e-06,0.90001805611203,0.90000765524183,2.5,2.5,-9.9999999997418e-05
0.096000000000001,0.99997256162548,0.9999636606895,0.99998372564258,0.99998108832821,3.0266107872848e-05,1.7991857697404e-05,0.0099985714964347,-7.5059529455236e-06,7.3999017575041e-06,-4.8674808971266e-06,-4.8674808972167e-06,0.900018059114,0.90000767424303,2.5,2.5,-0.00010000000000143
0.096200000000001,0.99997254228363,0.99996365504028,0.99998372332344,0.99998109006616,3.021954241601e-05,1.7984670347753e-05,0.009998569997573,-7.4943090238209e-06,7.3884244853815e-06,-4.8681996319598e-06,-4.8681996320497e-06,0.90001806211129,0.90000769321552,2.5,2.5,-9.9999999993959e-05
0.096400000000001,0.99997252297114,0.99996364939988,0.99998372100791,0.9999810918016,3.0173047005377e-05,1.7977494148253e-05,0.0099985685010364,-7.4826839588482e-06,7.3769660365512e-06,-4.8689172519355e-06,-4.8689172520253e-06,0.90001806510389,0.90000771215933,2.5,2.5,-9.9999999999512e-05
0.096600000000001,0.99997250368795,0.9999636437682,0.99998371869595,0.99998109353454,3.0126621592702e-05,1.7970329077436e-05,0.0099985670068208,-7.471078328114e-06,7.3655263545729e-06,-4.8696337588353e-06,-4.8696337589251e-06,0.90001806809184,0.90000773107451,2.5,2.5,-9.9999999995576e-05
0.096800000000001,0.99997248443404,0.9999636381453,0.99998371638757,0.99998109526497,3.0080266062121e-05,1.7963175117468e-05,0.0099985655149223,-7.4594916258309e-06,7.3541053798113e-06,-4.8703491547245e-06,-4.870349154814e-06,0.90001807107513,0.90000774996109,2.5,2.5,-0.00010000000000095
0.097000000000001,0.9999724652094,0.99996363253114,0.99998371408277,0.99998109699292,3.0033980325187e-05,1.7956032254493e-05,0.0099985640253375,-7.4479236822454e-06,7.3427030696121e-06,-4.8710634412752e-06,-4.8710634413649e-06,0.90001807405376,0.90000776881909,2.5,2.5,-0.00010000000000029
0.097200000000001,0.99997244601395,0.9999636269257,0.99998371178153,0.99998109871834,2.9987764383692e-05,1.7948900468223e-05,0.0099985625380626,-7.4363747931427e-06,7.331319359151e-06,-4.8717766199403e-06,-4.8717766200298e-06,0.90001807702775,0.90000778764854,2.5,2.5,-0.00010000000000028
0.097400000000001,0.99997242684767,0.999963621329,0.99998370948385,0.99998110044128,2.9941618085686e-05,1.7941779737717e-05,0.0099985610530938,-7.4248445995585e-06,7.319954233266e-06,-4.8724886929552e-06,-4.8724886930445e-06,0.90001807999709,0.9000078064495,2.5,2.5,-0.00010000000000558
0.097600000000001,0.99997240771052,0.99996361574097,0.99998370718974,0.99998110216171,2.9895541360305e-05,1.7934670045675e-05,0.009998559570427,-7.4133334962069e-06,7.3086076585848e-06,-4.8731996619994e-06,-4.8731996620884e-06,0.90001808296182,0.900007825222,2.5,2.5,-0.00010000000000478
0.097800000000001,0.99997238860249,0.99996361016164,0.99998370489918,0.99998110387966,2.9849534133967e-05,1.7927571380631e-05,0.0099985580900589,-7.4018409753353e-06,7.2972795740706e-06,-4.8739095289251e-06,-4.8739095290138e-06,0.90001808592192,0.90000784396605,2.5,2.5,-9.999999999649e-05
0.098000000000001,0.9999723695235,0.99996360459096,0.99998370261216,0.99998110559511,2.9803596335025e-05,1.7920483713757e-05,0.0099985566119854,-7.3903675755054e-06,7.2859699545401e-06,-4.8746182954265e-06,-4.8746182955153e-06,0.90001808887741,0.90000786268171,2.5,2.5,-9.9999999998634e-05
0.098200000000001,0.99997235047351,0.99996359902893,0.99998370032867,0.99998110730805,2.9757727867773e-05,1.7913407027902e-05,0.0099985551362026,-7.3789126674341e-06,7.2746787015268e-06,-4.8753259632433e-06,-4.8753259633319e-06,0.90001809182831,0.90000788136901,2.5,2.5,-0.00010000000000163
0.098400000000001,0.99997233145255,0.99996359347557,0.99998369804873,0.99998110901851,2.9711928669353e-05,1.7906341320976e-05,0.0099985536627074,-7.3674761799306e-06,7.2634057542865e-06,-4.8760325345711e-06,-4.8760325346597e-06,0.9000180947746,0.90000790002797,2.5,2.5,-9.9999999998685e-05
0.098600000000001,0.99997231246048,0.99996358793081,0.9999836957723,0.99998111072647,2.9666198675175e-05,1.7899286559371e-05,0.0099985521914956,-7.3560585888087e-06,7.2521511132855e-06,-4.8767380106809e-06,-4.8767380107692e-06,0.9000180977163,0.90000791865865,2.5,2.5,-9.9999999998474e-05
0.098800000000001,0.9999722934973,0.99996358239464,0.9999836934994,0.99998111243193,2.9620537749835e-05,1.7892242730207e-05,0.0099985507225638,-7.3446592500431e-06,7.2409147711201e-06,-4.8774423935256e-06,-4.877442393614e-06,0.90001810065344,0.90000793726109,2.5,2.5,-9.9999999993406e-05
0.099000000000001,0.99997227456304,0.99996357686712,0.99998369123001,0.99998111413492,2.9574945785357e-05,1.7885209814461e-05,0.0099985492559081,-7.3332786974052e-06,7.2296966687777e-06,-4.8781456849285e-06,-4.8781456850167e-06,0.90001810358598,0.90000795583529,2.5,2.5,-9.9999999996743e-05
0.099200000000001,0.99997225565758,0.99996357134814,0.99998368896414,0.99998111583541,2.9529422791438e-05,1.7878187797143e-05,0.0099985477915247,-7.3219166152649e-06,7.2184967381437e-06,-4.8788478868664e-06,-4.8788478869544e-06,0.90001810651398,0.90000797438131,2.5,2.5,-0.0001000000000021
0.099400000000001,0.9999722367809,0.99996356583775,0.99998368670178,0.99998111753343,2.9483968614983e-05,1.787117665768e-05,0.0099985463294101,-7.3105727199455e-06,7.2073149144544e-06,-4.8795490006685e-06,-4.8795490007563e-06,0.90001810943741,0.90000799289919,2.5,2.5,-9.999999999644e-05
0.099600000000001,0.999972217933,0.99996356033592,0.9999836844429,0.99998111922896,2.9438583209822e-05,1.7864176383193e-05,0.0099985448695607,-7.2992475165541e-06,7.1961511752734e-06,-4.8802490284693e-06,-4.880249028557e-06,0.90001811235628,0.90000801138895,2.5,2.5,-9.9999999996616e-05
0.099800000000001,0.99997219911379,0.9999635548426,0.99998368218752,0.999981120922,2.9393266491743e-05,1.7857186949082e-05,0.0099985434119725,-7.2879405893573e-06,7.185005474298e-06,-4.8809479719548e-06,-4.8809479720424e-06,0.90001811527064,0.90000802985063,2.5,2.5,-9.9999999992189e-05
0.1,0.99997218032326,0.99996354935783,0.99998367993566,0.99998112261256,2.9348018360888e-05,1.7850208336361e-05,0.009998541956642,-7.2766513938694e-06,7.1738778060905e-06,-4.8816458325399e-06,-4.881645832627e-06,0.90001811818044,0.90000804828428,2.5,2.5,-9.9999999999179e-05
