
[36m
*** Info ***
'execute_on' parameter specified in [Outputs] block is ignored for object 'checkpoint'.
Define this object in its own sub-block of [Outputs] to modify its execution schedule.[39m
Framework Information:
MOOSE Version:           git commit abafb58b on 2026-02-20
LibMesh Version:         
PETSc Version:           3.24.4
SLEPc Version:           3.24.0
Current Time:            Sun Sep 20 14:50:19 2026
Executable Timestamp:    Sun Sep 20 14:26:45 2026

Input File(s):
  /home/jfoster/projects/research/reactive_transport/anisotropic-biot-tensor/.agent-runtime/moose-fe-goal-2026-09-20/implementation/runs/isotropic/input.i

Command Line Argument(s):
  --n-threads=1

Command Line Input Argument(s):
  Outputs/file_base=/home/jfoster/projects/research/reactive_transport/anisotropic-biot-tensor/.agent-runtime/moose-fe-goal-2026-09-20/implementation/runs/isotropic/solution

Checkpoint:
  Wall Time Interval:      Every 3600 s
  User Checkpoint:         Disabled
  # Checkpoints Kept:      2
  Execute On:              TIMESTEP_END 

Parallelism:
  Num Processors:          1
  Num Threads:             1

Mesh: 
  Parallel Type:           replicated
  Mesh Dimension:          2
  Spatial Dimension:       2
  Nodes:                   297
  Elems:                   64
  Num Subdomains:          1

Nonlinear System:
  Num DOFs:                679
  Num Local DOFs:          679
  Variables:               { "ux" "uy" } "p" 
  Finite Element Types:    "LAGRANGE" "LAGRANGE" 
  Approximation Orders:    "SECOND" "FIRST" 

Auxiliary System:
  Num DOFs:                958
  Num Local DOFs:          958
  Variables:               { "J" "Jbar" "solid_fraction" "stability" "energy" "B12" "sigma11" "sigma22" 
                             "sigma12" } "mass_reaction" "force_reaction" 
  Finite Element Types:    "MONOMIAL" "LAGRANGE" "LAGRANGE" 
  Approximation Orders:    "CONSTANT" "FIRST" "SECOND" 

Execution Information:
  Executioner:             Transient
  TimeStepper:             ConstantDT
  TimeIntegrator(s):       ImplicitEuler
  Solver Mode:             Preconditioned JFNK 
  PETSc Preconditioner:    lu 
  MOOSE Preconditioner:    SMP 
[31mLEGACY MODES ENABLED:[39m
 This application uses the legacy material output option: material properties are output only on TIMESTEP_END, not INITIAL. To remove this message, set 'use_legacy_material_output' to false in this application. If there are gold output files that contain material property output for which output occurs on INITIAL, then these will generate diffs due to zero values being stored, and these tests should be re-golded.
[39m
[31mLEGACY MODES ENABLED:[39m
 This application uses the legacy initial residual evaluation behavior. The legacy behavior performs an often times redundant residual evaluation before the solution modifying objects are executed prior to the initial (0th nonlinear iteration) residual evaluation. The new behavior skips that redundant residual evaluation unless the parameter Executioner/use_pre_smo_residual is set to true. To remove this message and enable the new behavior, set the parameter 'use_legacy_initial_residual_evaluation_behavior' to false in *App.C. Some tests that rely on the side effects of the legacy behavior may fail/diff and should be re-golded.
[39m

Time Step 0, time = 0

Postprocessor Values:
+----------------+----------------+----------------+----------------+----------------+----------------+----------------+
| time           | J_max          | J_min          | Jbar_max       | Jbar_min       | center_pressure| edge_ux        |
+----------------+----------------+----------------+----------------+----------------+----------------+----------------+
|   0.000000e+00 |   1.000000e+00 |   1.000000e+00 |   1.000000e+00 |   1.000000e+00 |   0.000000e+00 |   0.000000e+00 |
+----------------+----------------+----------------+----------------+----------------+----------------+----------------+
+----------------+----------------+----------------+------------------+----------------+----------------+
| time           | mass           | mass_reaction  | outflow_gradient | platen_max     | platen_min     |
+----------------+----------------+----------------+------------------+----------------+----------------+
|   0.000000e+00 |   1.600000e-01 |   0.000000e+00 |     0.000000e+00 |   0.000000e+00 |   0.000000e+00 |
+----------------+----------------+----------------+------------------+----------------+----------------+
+----------------+--------------------+--------------------+----------------+----------------+----------------+
| time           | solid_fraction_max | solid_fraction_min | stability_max  | stability_min  | top_reaction   |
+----------------+--------------------+--------------------+----------------+----------------+----------------+
|   0.000000e+00 |       6.000000e-01 |       6.000000e-01 |   2.800000e+01 |   2.800000e+01 |   0.000000e+00 |
+----------------+--------------------+--------------------+----------------+----------------+----------------+

Warning, Exodus files cannot have titles longer than 80 characters.  Your title will be truncated.

Time Step 1, time = 0.001, dt = 0.001
 * Nonlinear |R| = [32m7.000000e-01[39m (Before preset BCs, predictors, correctors, and constraints)
 0 Nonlinear |R| = [32m7.000000e-01[39m
      0 Linear |R| = [32m7.000000e-01[39m
      1 Linear |R| = [32m5.979908e-01[39m
      2 Linear |R| = [32m1.110528e-02[39m
      3 Linear |R| = [32m3.411034e-03[39m
      4 Linear |R| = [32m5.596720e-04[39m
      5 Linear |R| = [32m9.944325e-05[39m
      6 Linear |R| = [32m4.027346e-05[39m
      7 Linear |R| = [32m2.357956e-06[39m
      8 Linear |R| = [33m2.347824e-06[39m
      9 Linear |R| = [32m6.036763e-07[39m
     10 Linear |R| = [32m2.242075e-07[39m
     11 Linear |R| = [32m1.010070e-08[39m
     12 Linear |R| = [32m8.176547e-09[39m
     13 Linear |R| = [32m2.631392e-09[39m
     14 Linear |R| = [32m1.184277e-10[39m
 1 Nonlinear |R| = [32m1.278112e-02[39m
      0 Linear |R| = [32m1.278112e-02[39m
      1 Linear |R| = [32m1.163511e-02[39m
      2 Linear |R| = [32m4.814751e-03[39m
      3 Linear |R| = [32m2.215578e-04[39m
      4 Linear |R| = [32m6.750768e-05[39m
      5 Linear |R| = [32m6.109576e-06[39m
      6 Linear |R| = [32m1.505966e-06[39m
      7 Linear |R| = [32m6.357465e-07[39m
      8 Linear |R| = [32m3.080041e-08[39m
      9 Linear |R| = [32m2.907132e-08[39m
     10 Linear |R| = [32m1.111781e-08[39m
     11 Linear |R| = [32m4.537905e-09[39m
     12 Linear |R| = [32m1.456451e-10[39m
     13 Linear |R| = [32m1.227463e-10[39m
     14 Linear |R| = [32m5.111092e-11[39m
     15 Linear |R| = [32m1.729668e-12[39m
 2 Nonlinear |R| = [32m4.394301e-06[39m
      0 Linear |R| = [32m4.394301e-06[39m
      1 Linear |R| = [32m3.846957e-06[39m
      2 Linear |R| = [32m1.169457e-06[39m
      3 Linear |R| = [32m7.415025e-08[39m
      4 Linear |R| = [32m2.260281e-08[39m
      5 Linear |R| = [32m1.278215e-09[39m
      6 Linear |R| = [32m5.385208e-10[39m
      7 Linear |R| = [32m2.267475e-10[39m
      8 Linear |R| = [32m1.080338e-11[39m
      9 Linear |R| = [32m9.115685e-12[39m
     10 Linear |R| = [32m3.627872e-12[39m
     11 Linear |R| = [32m1.470113e-12[39m
     12 Linear |R| = [32m4.353638e-14[39m
     13 Linear |R| = [32m4.038427e-14[39m
     14 Linear |R| = [32m1.687804e-14[39m
     15 Linear |R| = [32m5.808752e-16[39m
 3 Nonlinear |R| = [32m3.087447e-12[39m
[32m Solve Converged![39m

Outlier Variable Residual Norms:
  uy: [33m2.695379e-12[39m

Postprocessor Values:
+----------------+----------------+----------------+----------------+----------------+----------------+----------------+
| time           | J_max          | J_min          | Jbar_max       | Jbar_min       | center_pressure| edge_ux        |
+----------------+----------------+----------------+----------------+----------------+----------------+----------------+
|   0.000000e+00 |   1.000000e+00 |   1.000000e+00 |   1.000000e+00 |   1.000000e+00 |   0.000000e+00 |   0.000000e+00 |
|   1.000000e-03 |   9.908057e-01 |   9.871035e-01 |   9.944418e-01 |   9.938721e-01 |   1.109941e-01 |   7.368701e-03 |
+----------------+----------------+----------------+----------------+----------------+----------------+----------------+
+----------------+----------------+----------------+------------------+----------------+----------------+
| time           | mass           | mass_reaction  | outflow_gradient | platen_max     | platen_min     |
+----------------+----------------+----------------+------------------+----------------+----------------+
|   0.000000e+00 |   1.600000e-01 |   0.000000e+00 |     0.000000e+00 |   0.000000e+00 |   0.000000e+00 |
|   1.000000e-03 |   1.594690e-01 |  -5.309999e-01 |     3.351207e-01 |  -2.672384e-03 |  -2.672384e-03 |
+----------------+----------------+----------------+------------------+----------------+----------------+
+----------------+--------------------+--------------------+----------------+----------------+----------------+
| time           | solid_fraction_max | solid_fraction_min | stability_max  | stability_min  | top_reaction   |
+----------------+--------------------+--------------------+----------------+----------------+----------------+
|   0.000000e+00 |       6.000000e-01 |       6.000000e-01 |   2.800000e+01 |   2.800000e+01 |   0.000000e+00 |
|   1.000000e-03 |       6.044605e-01 |       6.018569e-01 |   2.806435e+01 |   2.800463e+01 |  -7.000000e-01 |
+----------------+--------------------+--------------------+----------------+----------------+----------------+


Time Step 2, time = 0.002, dt = 0.001
 * Nonlinear |R| = [32m7.041046e-01[39m (Before preset BCs, predictors, correctors, and constraints)
 0 Nonlinear |R| = [32m7.041046e-01[39m
      0 Linear |R| = [32m7.041046e-01[39m
      1 Linear |R| = [32m6.104060e-01[39m
      2 Linear |R| = [32m7.458036e-02[39m
      3 Linear |R| = [32m1.127205e-02[39m
      4 Linear |R| = [32m3.438939e-03[39m
      5 Linear |R| = [32m1.152588e-04[39m
      6 Linear |R| = [32m1.067220e-04[39m
      7 Linear |R| = [32m4.284793e-05[39m
      8 Linear |R| = [32m1.592467e-06[39m
      9 Linear |R| = [32m1.050819e-06[39m
     10 Linear |R| = [32m6.061713e-07[39m
     11 Linear |R| = [32m2.528633e-07[39m
     12 Linear |R| = [32m7.207840e-09[39m
     13 Linear |R| = [33m7.190064e-09[39m
     14 Linear |R| = [32m2.955970e-09[39m
     15 Linear |R| = [32m1.138262e-10[39m
 1 Nonlinear |R| = [32m1.261570e-02[39m
      0 Linear |R| = [32m1.261570e-02[39m
      1 Linear |R| = [32m1.141402e-02[39m
      2 Linear |R| = [32m4.653160e-03[39m
      3 Linear |R| = [32m2.077659e-04[39m
      4 Linear |R| = [32m6.304604e-05[39m
      5 Linear |R| = [32m5.727234e-06[39m
      6 Linear |R| = [32m1.422471e-06[39m
      7 Linear |R| = [32m5.965729e-07[39m
      8 Linear |R| = [32m2.226115e-08[39m
      9 Linear |R| = [33m2.193965e-08[39m
     10 Linear |R| = [32m9.384383e-09[39m
     11 Linear |R| = [32m4.186425e-09[39m
     12 Linear |R| = [32m1.286798e-10[39m
     13 Linear |R| = [32m1.085297e-10[39m
     14 Linear |R| = [32m4.383689e-11[39m
     15 Linear |R| = [32m1.519959e-12[39m
 2 Nonlinear |R| = [32m4.208210e-06[39m
      0 Linear |R| = [32m4.208210e-06[39m
      1 Linear |R| = [32m3.719205e-06[39m
      2 Linear |R| = [32m1.141563e-06[39m
      3 Linear |R| = [32m6.733763e-08[39m
      4 Linear |R| = [32m2.044288e-08[39m
      5 Linear |R| = [32m1.269274e-09[39m
      6 Linear |R| = [32m5.241742e-10[39m
      7 Linear |R| = [32m2.186676e-10[39m
      8 Linear |R| = [32m6.901800e-12[39m
      9 Linear |R| = [33m6.891952e-12[39m
     10 Linear |R| = [32m2.851760e-12[39m
     11 Linear |R| = [32m1.282169e-12[39m
     12 Linear |R| = [32m3.749738e-14[39m
     13 Linear |R| = [33m3.668853e-14[39m
     14 Linear |R| = [32m1.501267e-14[39m
     15 Linear |R| = [32m5.183809e-16[39m
 3 Nonlinear |R| = [32m2.562573e-12[39m
[32m Solve Converged![39m

Outlier Variable Residual Norms:
  uy: [33m2.198844e-12[39m

Postprocessor Values:
+----------------+----------------+----------------+----------------+----------------+----------------+----------------+
| time           | J_max          | J_min          | Jbar_max       | Jbar_min       | center_pressure| edge_ux        |
+----------------+----------------+----------------+----------------+----------------+----------------+----------------+
|   0.000000e+00 |   1.000000e+00 |   1.000000e+00 |   1.000000e+00 |   1.000000e+00 |   0.000000e+00 |   0.000000e+00 |
|   1.000000e-03 |   9.908057e-01 |   9.871035e-01 |   9.944418e-01 |   9.938721e-01 |   1.109941e-01 |   7.368701e-03 |
|   2.000000e-03 |   9.817285e-01 |   9.744013e-01 |   9.889792e-01 |   9.878298e-01 |   2.216623e-01 |   1.411385e-02 |
+----------------+----------------+----------------+----------------+----------------+----------------+----------------+
+----------------+----------------+----------------+------------------+----------------+----------------+
| time           | mass           | mass_reaction  | outflow_gradient | platen_max     | platen_min     |
+----------------+----------------+----------------+------------------+----------------+----------------+
|   0.000000e+00 |   1.600000e-01 |   0.000000e+00 |     0.000000e+00 |   0.000000e+00 |   0.000000e+00 |
|   1.000000e-03 |   1.594690e-01 |  -5.309999e-01 |     3.351207e-01 |  -2.672384e-03 |  -2.672384e-03 |
|   2.000000e-03 |   1.587020e-01 |  -7.670224e-01 |     5.571281e-01 |  -5.283884e-03 |  -5.283884e-03 |
+----------------+----------------+----------------+------------------+----------------+----------------+
+----------------+--------------------+--------------------+----------------+----------------+----------------+
| time           | solid_fraction_max | solid_fraction_min | stability_max  | stability_min  | top_reaction   |
+----------------+--------------------+--------------------+----------------+----------------+----------------+
|   0.000000e+00 |       6.000000e-01 |       6.000000e-01 |   2.800000e+01 |   2.800000e+01 |   0.000000e+00 |
|   1.000000e-03 |       6.044605e-01 |       6.018569e-01 |   2.806435e+01 |   2.800463e+01 |  -7.000000e-01 |
|   2.000000e-03 |       6.089765e-01 |       6.037289e-01 |   2.812772e+01 |   2.800775e+01 |  -1.400000e+00 |
+----------------+--------------------+--------------------+----------------+----------------+----------------+


Time Step 3, time = 0.003, dt = 0.001
 * Nonlinear |R| = [32m1.102523e-01[39m (Before preset BCs, predictors, correctors, and constraints)
 0 Nonlinear |R| = [32m1.102523e-01[39m
      0 Linear |R| = [32m1.102523e-01[39m
      1 Linear |R| = [32m2.144297e-02[39m
      2 Linear |R| = [32m1.792400e-02[39m
      3 Linear |R| = [32m3.260322e-04[39m
      4 Linear |R| = [32m1.027567e-04[39m
      5 Linear |R| = [32m7.116777e-05[39m
      6 Linear |R| = [32m1.971964e-05[39m
      7 Linear |R| = [32m4.279346e-06[39m
      8 Linear |R| = [32m1.689553e-07[39m
      9 Linear |R| = [32m1.564960e-07[39m
     10 Linear |R| = [32m7.150972e-08[39m
     11 Linear |R| = [32m2.798826e-08[39m
     12 Linear |R| = [32m1.699758e-09[39m
     13 Linear |R| = [32m1.388356e-09[39m
     14 Linear |R| = [32m4.839931e-10[39m
     15 Linear |R| = [32m1.215488e-11[39m
 1 Nonlinear |R| = [32m2.399807e-04[39m
      0 Linear |R| = [32m2.399807e-04[39m
      1 Linear |R| = [32m1.976250e-05[39m
      2 Linear |R| = [32m4.190023e-07[39m
      3 Linear |R| = [32m3.605469e-07[39m
      4 Linear |R| = [32m1.342828e-07[39m
      5 Linear |R| = [32m1.158162e-07[39m
      6 Linear |R| = [32m4.866474e-08[39m
      7 Linear |R| = [32m8.633722e-09[39m
      8 Linear |R| = [32m3.722872e-10[39m
      9 Linear |R| = [33m3.648200e-10[39m
     10 Linear |R| = [32m1.496600e-10[39m
     11 Linear |R| = [32m3.815693e-11[39m
     12 Linear |R| = [32m3.664101e-12[39m
     13 Linear |R| = [33m3.664087e-12[39m
     14 Linear |R| = [32m1.148889e-12[39m
     15 Linear |R| = [32m3.261848e-14[39m
 2 Nonlinear |R| = [32m1.278530e-09[39m
      0 Linear |R| = [32m1.278530e-09[39m
      1 Linear |R| = [32m1.262587e-10[39m
      2 Linear |R| = [33m1.222895e-10[39m
      3 Linear |R| = [32m2.586620e-12[39m
      4 Linear |R| = [32m1.073415e-12[39m
      5 Linear |R| = [32m8.205117e-13[39m
      6 Linear |R| = [32m4.619628e-13[39m
      7 Linear |R| = [32m7.240327e-14[39m
      8 Linear |R| = [32m1.297006e-14[39m
      9 Linear |R| = [32m7.277718e-15[39m
     10 Linear |R| = [32m2.799897e-15[39m
     11 Linear |R| = [32m6.528206e-16[39m
     12 Linear |R| = [32m4.473549e-17[39m
     13 Linear |R| = [33m4.473185e-17[39m
     14 Linear |R| = [32m9.058095e-18[39m
     15 Linear |R| = [32m2.905382e-19[39m
 3 Nonlinear |R| = [32m2.682261e-14[39m
[32m Solve Converged![39m

Postprocessor Values:
+----------------+----------------+----------------+----------------+----------------+----------------+----------------+
| time           | J_max          | J_min          | Jbar_max       | Jbar_min       | center_pressure| edge_ux        |
+----------------+----------------+----------------+----------------+----------------+----------------+----------------+
|   0.000000e+00 |   1.000000e+00 |   1.000000e+00 |   1.000000e+00 |   1.000000e+00 |   0.000000e+00 |   0.000000e+00 |
|   1.000000e-03 |   9.908057e-01 |   9.871035e-01 |   9.944418e-01 |   9.938721e-01 |   1.109941e-01 |   7.368701e-03 |
|   2.000000e-03 |   9.817285e-01 |   9.744013e-01 |   9.889792e-01 |   9.878298e-01 |   2.216623e-01 |   1.411385e-02 |
|   3.000000e-03 |   9.814630e-01 |   9.739591e-01 |   9.888625e-01 |   9.876830e-01 |   2.234787e-01 |   1.341406e-02 |
+----------------+----------------+----------------+----------------+----------------+----------------+----------------+
+----------------+----------------+----------------+------------------+----------------+----------------+
| time           | mass           | mass_reaction  | outflow_gradient | platen_max     | platen_min     |
+----------------+----------------+----------------+------------------+----------------+----------------+
|   0.000000e+00 |   1.600000e-01 |   0.000000e+00 |     0.000000e+00 |   0.000000e+00 |   0.000000e+00 |
|   1.000000e-03 |   1.594690e-01 |  -5.309999e-01 |     3.351207e-01 |  -2.672384e-03 |  -2.672384e-03 |
|   2.000000e-03 |   1.587020e-01 |  -7.670224e-01 |     5.571281e-01 |  -5.283884e-03 |  -5.283884e-03 |
|   3.000000e-03 |   1.582583e-01 |  -4.437059e-01 |     4.138803e-01 |  -5.349410e-03 |  -5.349410e-03 |
+----------------+----------------+----------------+------------------+----------------+----------------+
+----------------+--------------------+--------------------+----------------+----------------+----------------+
| time           | solid_fraction_max | solid_fraction_min | stability_max  | stability_min  | top_reaction   |
+----------------+--------------------+--------------------+----------------+----------------+----------------+
|   0.000000e+00 |       6.000000e-01 |       6.000000e-01 |   2.800000e+01 |   2.800000e+01 |   0.000000e+00 |
|   1.000000e-03 |       6.044605e-01 |       6.018569e-01 |   2.806435e+01 |   2.800463e+01 |  -7.000000e-01 |
|   2.000000e-03 |       6.089765e-01 |       6.037289e-01 |   2.812772e+01 |   2.800775e+01 |  -1.400000e+00 |
|   3.000000e-03 |       6.091812e-01 |       6.038025e-01 |   2.812872e+01 |   2.800576e+01 |  -1.400000e+00 |
+----------------+--------------------+--------------------+----------------+----------------+----------------+


Time Step 4, time = 0.004, dt = 0.001
 * Nonlinear |R| = [32m6.523891e-02[39m (Before preset BCs, predictors, correctors, and constraints)
 0 Nonlinear |R| = [32m6.523891e-02[39m
      0 Linear |R| = [32m6.523891e-02[39m
      1 Linear |R| = [32m1.711227e-02[39m
      2 Linear |R| = [32m1.462562e-02[39m
      3 Linear |R| = [32m2.620603e-04[39m
      4 Linear |R| = [32m8.113598e-05[39m
      5 Linear |R| = [32m4.911047e-05[39m
      6 Linear |R| = [32m1.203754e-05[39m
      7 Linear |R| = [32m2.766242e-06[39m
      8 Linear |R| = [32m1.504487e-07[39m
      9 Linear |R| = [32m6.238899e-08[39m
     10 Linear |R| = [32m2.527578e-08[39m
     11 Linear |R| = [32m1.310722e-08[39m
     12 Linear |R| = [32m1.566421e-09[39m
     13 Linear |R| = [32m4.660901e-10[39m
     14 Linear |R| = [32m1.931443e-10[39m
     15 Linear |R| = [32m4.360767e-12[39m
 1 Nonlinear |R| = [32m9.344572e-05[39m
      0 Linear |R| = [32m9.344572e-05[39m
      1 Linear |R| = [32m1.099306e-05[39m
      2 Linear |R| = [32m1.249368e-06[39m
      3 Linear |R| = [32m1.947500e-07[39m
      4 Linear |R| = [32m6.786179e-08[39m
      5 Linear |R| = [32m5.725912e-08[39m
      6 Linear |R| = [32m2.236823e-08[39m
      7 Linear |R| = [32m4.196279e-09[39m
      8 Linear |R| = [32m1.009640e-10[39m
      9 Linear |R| = [32m8.966047e-11[39m
     10 Linear |R| = [32m4.185378e-11[39m
     11 Linear |R| = [32m1.689481e-11[39m
     12 Linear |R| = [32m1.024416e-12[39m
     13 Linear |R| = [32m7.939708e-13[39m
     14 Linear |R| = [32m3.121735e-13[39m
     15 Linear |R| = [32m7.325217e-15[39m
 2 Nonlinear |R| = [32m2.893116e-10[39m
      0 Linear |R| = [32m2.893116e-10[39m
      1 Linear |R| = [32m1.981946e-11[39m
      2 Linear |R| = [32m4.646199e-12[39m
      3 Linear |R| = [32m8.369160e-13[39m
      4 Linear |R| = [32m3.659670e-13[39m
      5 Linear |R| = [32m2.557640e-13[39m
      6 Linear |R| = [32m1.747177e-13[39m
      7 Linear |R| = [32m1.170506e-14[39m
      8 Linear |R| = [32m3.036458e-15[39m
      9 Linear |R| = [32m2.069276e-15[39m
     10 Linear |R| = [32m1.429072e-15[39m
     11 Linear |R| = [32m2.116497e-16[39m
     12 Linear |R| = [32m2.321830e-17[39m
     13 Linear |R| = [33m2.280800e-17[39m
     14 Linear |R| = [32m3.155440e-18[39m
     15 Linear |R| = [32m1.292975e-19[39m
 3 Nonlinear |R| = [32m2.304667e-14[39m
[32m Solve Converged![39m

Postprocessor Values:
+----------------+----------------+----------------+----------------+----------------+----------------+----------------+
| time           | J_max          | J_min          | Jbar_max       | Jbar_min       | center_pressure| edge_ux        |
+----------------+----------------+----------------+----------------+----------------+----------------+----------------+
|   0.000000e+00 |   1.000000e+00 |   1.000000e+00 |   1.000000e+00 |   1.000000e+00 |   0.000000e+00 |   0.000000e+00 |
|   1.000000e-03 |   9.908057e-01 |   9.871035e-01 |   9.944418e-01 |   9.938721e-01 |   1.109941e-01 |   7.368701e-03 |
|   2.000000e-03 |   9.817285e-01 |   9.744013e-01 |   9.889792e-01 |   9.878298e-01 |   2.216623e-01 |   1.411385e-02 |
|   3.000000e-03 |   9.814630e-01 |   9.739591e-01 |   9.888625e-01 |   9.876830e-01 |   2.234787e-01 |   1.341406e-02 |
|   4.000000e-03 |   9.812062e-01 |   9.736381e-01 |   9.887612e-01 |   9.875698e-01 |   2.238267e-01 |   1.284518e-02 |
+----------------+----------------+----------------+----------------+----------------+----------------+----------------+
+----------------+----------------+----------------+------------------+----------------+----------------+
| time           | mass           | mass_reaction  | outflow_gradient | platen_max     | platen_min     |
+----------------+----------------+----------------+------------------+----------------+----------------+
|   0.000000e+00 |   1.600000e-01 |   0.000000e+00 |     0.000000e+00 |   0.000000e+00 |   0.000000e+00 |
|   1.000000e-03 |   1.594690e-01 |  -5.309999e-01 |     3.351207e-01 |  -2.672384e-03 |  -2.672384e-03 |
|   2.000000e-03 |   1.587020e-01 |  -7.670224e-01 |     5.571281e-01 |  -5.283884e-03 |  -5.283884e-03 |
|   3.000000e-03 |   1.582583e-01 |  -4.437059e-01 |     4.138803e-01 |  -5.349410e-03 |  -5.349410e-03 |
|   4.000000e-03 |   1.578976e-01 |  -3.606515e-01 |     3.438094e-01 |  -5.402654e-03 |  -5.402654e-03 |
+----------------+----------------+----------------+------------------+----------------+----------------+
+----------------+--------------------+--------------------+----------------+----------------+----------------+
| time           | solid_fraction_max | solid_fraction_min | stability_max  | stability_min  | top_reaction   |
+----------------+--------------------+--------------------+----------------+----------------+----------------+
|   0.000000e+00 |       6.000000e-01 |       6.000000e-01 |   2.800000e+01 |   2.800000e+01 |   0.000000e+00 |
|   1.000000e-03 |       6.044605e-01 |       6.018569e-01 |   2.806435e+01 |   2.800463e+01 |  -7.000000e-01 |
|   2.000000e-03 |       6.089765e-01 |       6.037289e-01 |   2.812772e+01 |   2.800775e+01 |  -1.400000e+00 |
|   3.000000e-03 |       6.091812e-01 |       6.038025e-01 |   2.812872e+01 |   2.800576e+01 |  -1.400000e+00 |
|   4.000000e-03 |       6.093195e-01 |       6.038913e-01 |   2.812888e+01 |   2.800479e+01 |  -1.400000e+00 |
+----------------+--------------------+--------------------+----------------+----------------+----------------+


Time Step 5, time = 0.005, dt = 0.001
 * Nonlinear |R| = [32m4.851593e-02[39m (Before preset BCs, predictors, correctors, and constraints)
 0 Nonlinear |R| = [32m4.851593e-02[39m
      0 Linear |R| = [32m4.851593e-02[39m
      1 Linear |R| = [32m1.467405e-02[39m
      2 Linear |R| = [32m1.267658e-02[39m
      3 Linear |R| = [32m2.262599e-04[39m
      4 Linear |R| = [32m6.931818e-05[39m
      5 Linear |R| = [32m3.692344e-05[39m
      6 Linear |R| = [32m7.879208e-06[39m
      7 Linear |R| = [32m1.909951e-06[39m
      8 Linear |R| = [32m8.879416e-08[39m
      9 Linear |R| = [32m5.436159e-08[39m
     10 Linear |R| = [32m2.634302e-08[39m
     11 Linear |R| = [32m1.231648e-08[39m
     12 Linear |R| = [32m9.890813e-10[39m
     13 Linear |R| = [32m2.189434e-10[39m
     14 Linear |R| = [32m8.168124e-11[39m
     15 Linear |R| = [32m2.101207e-12[39m
 1 Nonlinear |R| = [32m5.322236e-05[39m
      0 Linear |R| = [32m5.322236e-05[39m
      1 Linear |R| = [32m7.382047e-06[39m
      2 Linear |R| = [32m1.174221e-06[39m
      3 Linear |R| = [32m1.268496e-07[39m
      4 Linear |R| = [32m4.257665e-08[39m
      5 Linear |R| = [32m3.604367e-08[39m
      6 Linear |R| = [32m1.245412e-08[39m
      7 Linear |R| = [32m2.380191e-09[39m
      8 Linear |R| = [32m9.028668e-11[39m
      9 Linear |R| = [32m8.282515e-11[39m
     10 Linear |R| = [32m4.527787e-11[39m
     11 Linear |R| = [32m9.488933e-12[39m
     12 Linear |R| = [32m5.653666e-13[39m
     13 Linear |R| = [32m2.869102e-13[39m
     14 Linear |R| = [32m1.161228e-13[39m
     15 Linear |R| = [32m2.474499e-15[39m
 2 Nonlinear |R| = [32m1.329086e-10[39m
      0 Linear |R| = [32m1.329086e-10[39m
      1 Linear |R| = [32m3.453891e-11[39m
      2 Linear |R| = [32m7.549430e-12[39m
      3 Linear |R| = [32m6.338766e-13[39m
      4 Linear |R| = [32m2.463237e-13[39m
      5 Linear |R| = [32m1.279137e-13[39m
      6 Linear |R| = [32m1.147256e-13[39m
      7 Linear |R| = [32m1.716946e-14[39m
      8 Linear |R| = [32m1.382666e-15[39m
      9 Linear |R| = [32m1.124398e-15[39m
     10 Linear |R| = [32m7.883359e-16[39m
     11 Linear |R| = [32m2.055574e-16[39m
     12 Linear |R| = [32m1.415519e-17[39m
     13 Linear |R| = [32m1.238115e-17[39m
     14 Linear |R| = [32m2.878505e-18[39m
     15 Linear |R| = [32m9.245681e-20[39m
 3 Nonlinear |R| = [32m2.563895e-14[39m
[32m Solve Converged![39m

Postprocessor Values:
+----------------+----------------+----------------+----------------+----------------+----------------+----------------+
| time           | J_max          | J_min          | Jbar_max       | Jbar_min       | center_pressure| edge_ux        |
+----------------+----------------+----------------+----------------+----------------+----------------+----------------+
|   0.000000e+00 |   1.000000e+00 |   1.000000e+00 |   1.000000e+00 |   1.000000e+00 |   0.000000e+00 |   0.000000e+00 |
|   1.000000e-03 |   9.908057e-01 |   9.871035e-01 |   9.944418e-01 |   9.938721e-01 |   1.109941e-01 |   7.368701e-03 |
|   2.000000e-03 |   9.817285e-01 |   9.744013e-01 |   9.889792e-01 |   9.878298e-01 |   2.216623e-01 |   1.411385e-02 |
|   3.000000e-03 |   9.814630e-01 |   9.739591e-01 |   9.888625e-01 |   9.876830e-01 |   2.234787e-01 |   1.341406e-02 |
|   4.000000e-03 |   9.812062e-01 |   9.736381e-01 |   9.887612e-01 |   9.875698e-01 |   2.238267e-01 |   1.284518e-02 |
|   5.000000e-03 |   9.809353e-01 |   9.733749e-01 |   9.886705e-01 |   9.874787e-01 |   2.227966e-01 |   1.235105e-02 |
+----------------+----------------+----------------+----------------+----------------+----------------+----------------+
+----------------+----------------+----------------+------------------+----------------+----------------+
| time           | mass           | mass_reaction  | outflow_gradient | platen_max     | platen_min     |
+----------------+----------------+----------------+------------------+----------------+----------------+
|   0.000000e+00 |   1.600000e-01 |   0.000000e+00 |     0.000000e+00 |   0.000000e+00 |   0.000000e+00 |
|   1.000000e-03 |   1.594690e-01 |  -5.309999e-01 |     3.351207e-01 |  -2.672384e-03 |  -2.672384e-03 |
|   2.000000e-03 |   1.587020e-01 |  -7.670224e-01 |     5.571281e-01 |  -5.283884e-03 |  -5.283884e-03 |
|   3.000000e-03 |   1.582583e-01 |  -4.437059e-01 |     4.138803e-01 |  -5.349410e-03 |  -5.349410e-03 |
|   4.000000e-03 |   1.578976e-01 |  -3.606515e-01 |     3.438094e-01 |  -5.402654e-03 |  -5.402654e-03 |
|   5.000000e-03 |   1.575844e-01 |  -3.132215e-01 |     3.015911e-01 |  -5.448883e-03 |  -5.448883e-03 |
+----------------+----------------+----------------+------------------+----------------+----------------+
+----------------+--------------------+--------------------+----------------+----------------+----------------+
| time           | solid_fraction_max | solid_fraction_min | stability_max  | stability_min  | top_reaction   |
+----------------+--------------------+--------------------+----------------+----------------+----------------+
|   0.000000e+00 |       6.000000e-01 |       6.000000e-01 |   2.800000e+01 |   2.800000e+01 |   0.000000e+00 |
|   1.000000e-03 |       6.044605e-01 |       6.018569e-01 |   2.806435e+01 |   2.800463e+01 |  -7.000000e-01 |
|   2.000000e-03 |       6.089765e-01 |       6.037289e-01 |   2.812772e+01 |   2.800775e+01 |  -1.400000e+00 |
|   3.000000e-03 |       6.091812e-01 |       6.038025e-01 |   2.812872e+01 |   2.800576e+01 |  -1.400000e+00 |
|   4.000000e-03 |       6.093195e-01 |       6.038913e-01 |   2.812888e+01 |   2.800479e+01 |  -1.400000e+00 |
|   5.000000e-03 |       6.094284e-01 |       6.040024e-01 |   2.812824e+01 |   2.800420e+01 |  -1.400000e+00 |
+----------------+--------------------+--------------------+----------------+----------------+----------------+


Time Step 6, time = 0.006, dt = 0.001
 * Nonlinear |R| = [32m3.981127e-02[39m (Before preset BCs, predictors, correctors, and constraints)
 0 Nonlinear |R| = [32m3.981127e-02[39m
      0 Linear |R| = [32m3.981127e-02[39m
      1 Linear |R| = [32m1.308094e-02[39m
      2 Linear |R| = [32m1.137092e-02[39m
      3 Linear |R| = [32m2.028580e-04[39m
      4 Linear |R| = [32m6.177087e-05[39m
      5 Linear |R| = [32m3.666109e-05[39m
      6 Linear |R| = [32m5.334034e-06[39m
      7 Linear |R| = [32m1.365458e-06[39m
      8 Linear |R| = [32m1.294582e-07[39m
      9 Linear |R| = [32m5.331473e-08[39m
     10 Linear |R| = [32m2.789292e-08[39m
     11 Linear |R| = [32m1.120801e-08[39m
     12 Linear |R| = [32m1.711354e-09[39m
     13 Linear |R| = [32m2.064680e-10[39m
     14 Linear |R| = [32m8.292477e-11[39m
     15 Linear |R| = [32m2.810044e-12[39m
 1 Nonlinear |R| = [32m3.553504e-05[39m
      0 Linear |R| = [32m3.553504e-05[39m
      1 Linear |R| = [32m5.562186e-06[39m
      2 Linear |R| = [32m1.033926e-06[39m
      3 Linear |R| = [32m9.365905e-08[39m
      4 Linear |R| = [32m3.034282e-08[39m
      5 Linear |R| = [32m2.543220e-08[39m
      6 Linear |R| = [32m7.536523e-09[39m
      7 Linear |R| = [32m1.419515e-09[39m
      8 Linear |R| = [32m8.194689e-11[39m
      9 Linear |R| = [32m7.024833e-11[39m
     10 Linear |R| = [32m3.164271e-11[39m
     11 Linear |R| = [32m4.342140e-12[39m
     12 Linear |R| = [32m4.688813e-13[39m
     13 Linear |R| = [32m2.193249e-13[39m
     14 Linear |R| = [32m6.810906e-14[39m
     15 Linear |R| = [32m3.163625e-15[39m
 2 Nonlinear |R| = [32m8.356182e-11[39m
      0 Linear |R| = [32m8.356182e-11[39m
      1 Linear |R| = [32m1.851853e-11[39m
      2 Linear |R| = [33m1.828959e-11[39m
      3 Linear |R| = [32m3.294779e-13[39m
      4 Linear |R| = [32m1.501416e-13[39m
      5 Linear |R| = [32m9.342991e-14[39m
      6 Linear |R| = [32m6.803426e-14[39m
      7 Linear |R| = [32m5.737451e-15[39m
      8 Linear |R| = [32m1.785874e-15[39m
      9 Linear |R| = [32m1.031350e-15[39m
     10 Linear |R| = [32m3.741311e-16[39m
     11 Linear |R| = [32m1.038764e-16[39m
     12 Linear |R| = [32m2.693411e-18[39m
     13 Linear |R| = [33m2.670765e-18[39m
     14 Linear |R| = [32m9.659918e-19[39m
     15 Linear |R| = [32m3.409674e-20[39m
 3 Nonlinear |R| = [32m2.682775e-14[39m
[32m Solve Converged![39m

Postprocessor Values:
+----------------+----------------+----------------+----------------+----------------+----------------+----------------+
| time           | J_max          | J_min          | Jbar_max       | Jbar_min       | center_pressure| edge_ux        |
+----------------+----------------+----------------+----------------+----------------+----------------+----------------+
|   0.000000e+00 |   1.000000e+00 |   1.000000e+00 |   1.000000e+00 |   1.000000e+00 |   0.000000e+00 |   0.000000e+00 |
|   1.000000e-03 |   9.908057e-01 |   9.871035e-01 |   9.944418e-01 |   9.938721e-01 |   1.109941e-01 |   7.368701e-03 |
|   2.000000e-03 |   9.817285e-01 |   9.744013e-01 |   9.889792e-01 |   9.878298e-01 |   2.216623e-01 |   1.411385e-02 |
|   3.000000e-03 |   9.814630e-01 |   9.739591e-01 |   9.888625e-01 |   9.876830e-01 |   2.234787e-01 |   1.341406e-02 |
|   4.000000e-03 |   9.812062e-01 |   9.736381e-01 |   9.887612e-01 |   9.875698e-01 |   2.238267e-01 |   1.284518e-02 |
|   5.000000e-03 |   9.809353e-01 |   9.733749e-01 |   9.886705e-01 |   9.874787e-01 |   2.227966e-01 |   1.235105e-02 |
|   6.000000e-03 |   9.806438e-01 |   9.731458e-01 |   9.885877e-01 |   9.874040e-01 |   2.205270e-01 |   1.190650e-02 |
+----------------+----------------+----------------+----------------+----------------+----------------+----------------+
+----------------+----------------+----------------+------------------+----------------+----------------+
| time           | mass           | mass_reaction  | outflow_gradient | platen_max     | platen_min     |
+----------------+----------------+----------------+------------------+----------------+----------------+
|   0.000000e+00 |   1.600000e-01 |   0.000000e+00 |     0.000000e+00 |   0.000000e+00 |   0.000000e+00 |
|   1.000000e-03 |   1.594690e-01 |  -5.309999e-01 |     3.351207e-01 |  -2.672384e-03 |  -2.672384e-03 |
|   2.000000e-03 |   1.587020e-01 |  -7.670224e-01 |     5.571281e-01 |  -5.283884e-03 |  -5.283884e-03 |
|   3.000000e-03 |   1.582583e-01 |  -4.437059e-01 |     4.138803e-01 |  -5.349410e-03 |  -5.349410e-03 |
|   4.000000e-03 |   1.578976e-01 |  -3.606515e-01 |     3.438094e-01 |  -5.402654e-03 |  -5.402654e-03 |
|   5.000000e-03 |   1.575844e-01 |  -3.132215e-01 |     3.015911e-01 |  -5.448883e-03 |  -5.448883e-03 |
|   6.000000e-03 |   1.573026e-01 |  -2.817509e-01 |     2.727755e-01 |  -5.490461e-03 |  -5.490461e-03 |
+----------------+----------------+----------------+------------------+----------------+----------------+
+----------------+--------------------+--------------------+----------------+----------------+----------------+
| time           | solid_fraction_max | solid_fraction_min | stability_max  | stability_min  | top_reaction   |
+----------------+--------------------+--------------------+----------------+----------------+----------------+
|   0.000000e+00 |       6.000000e-01 |       6.000000e-01 |   2.800000e+01 |   2.800000e+01 |   0.000000e+00 |
|   1.000000e-03 |       6.044605e-01 |       6.018569e-01 |   2.806435e+01 |   2.800463e+01 |  -7.000000e-01 |
|   2.000000e-03 |       6.089765e-01 |       6.037289e-01 |   2.812772e+01 |   2.800775e+01 |  -1.400000e+00 |
|   3.000000e-03 |       6.091812e-01 |       6.038025e-01 |   2.812872e+01 |   2.800576e+01 |  -1.400000e+00 |
|   4.000000e-03 |       6.093195e-01 |       6.038913e-01 |   2.812888e+01 |   2.800479e+01 |  -1.400000e+00 |
|   5.000000e-03 |       6.094284e-01 |       6.040024e-01 |   2.812824e+01 |   2.800420e+01 |  -1.400000e+00 |
|   6.000000e-03 |       6.095208e-01 |       6.041362e-01 |   2.812689e+01 |   2.800380e+01 |  -1.400000e+00 |
+----------------+--------------------+--------------------+----------------+----------------+----------------+


Time Step 7, time = 0.007, dt = 0.001
 * Nonlinear |R| = [32m3.458945e-02[39m (Before preset BCs, predictors, correctors, and constraints)
 0 Nonlinear |R| = [32m3.458945e-02[39m
      0 Linear |R| = [32m3.458945e-02[39m
      1 Linear |R| = [32m1.194655e-02[39m
      2 Linear |R| = [32m1.042611e-02[39m
      3 Linear |R| = [32m1.860733e-04[39m
      4 Linear |R| = [32m5.646621e-05[39m
      5 Linear |R| = [32m3.210868e-05[39m
      6 Linear |R| = [32m3.801776e-06[39m
      7 Linear |R| = [32m1.011021e-06[39m
      8 Linear |R| = [32m7.701488e-08[39m
      9 Linear |R| = [32m4.818803e-08[39m
     10 Linear |R| = [32m2.573372e-08[39m
     11 Linear |R| = [32m9.430275e-09[39m
     12 Linear |R| = [32m8.981435e-10[39m
     13 Linear |R| = [32m2.464238e-10[39m
     14 Linear |R| = [32m7.873686e-11[39m
     15 Linear |R| = [32m2.427409e-12[39m
 1 Nonlinear |R| = [32m2.642548e-05[39m
      0 Linear |R| = [32m2.642548e-05[39m
      1 Linear |R| = [32m4.523967e-06[39m
      2 Linear |R| = [32m9.553609e-07[39m
      3 Linear |R| = [32m7.522217e-08[39m
      4 Linear |R| = [32m2.375914e-08[39m
      5 Linear |R| = [32m1.911316e-08[39m
      6 Linear |R| = [32m4.935546e-09[39m
      7 Linear |R| = [32m8.595112e-10[39m
      8 Linear |R| = [32m5.850272e-11[39m
      9 Linear |R| = [33m5.586919e-11[39m
     10 Linear |R| = [32m2.689555e-11[39m
     11 Linear |R| = [32m2.613974e-12[39m
     12 Linear |R| = [32m3.329663e-13[39m
     13 Linear |R| = [32m2.473618e-13[39m
     14 Linear |R| = [32m3.597437e-14[39m
     15 Linear |R| = [32m3.166644e-15[39m
 2 Nonlinear |R| = [32m5.525650e-11[39m
      0 Linear |R| = [32m5.525650e-11[39m
      1 Linear |R| = [32m9.447066e-12[39m
      2 Linear |R| = [32m2.510160e-12[39m
      3 Linear |R| = [32m2.261582e-13[39m
      4 Linear |R| = [32m8.931164e-14[39m
      5 Linear |R| = [32m5.729341e-14[39m
      6 Linear |R| = [32m3.892891e-14[39m
      7 Linear |R| = [32m2.900679e-15[39m
      8 Linear |R| = [32m6.954879e-16[39m
      9 Linear |R| = [32m4.135563e-16[39m
     10 Linear |R| = [32m3.249388e-16[39m
     11 Linear |R| = [32m9.315958e-17[39m
     12 Linear |R| = [32m5.236103e-18[39m
     13 Linear |R| = [32m4.809403e-18[39m
     14 Linear |R| = [32m1.046102e-18[39m
     15 Linear |R| = [32m3.805114e-20[39m
 3 Nonlinear |R| = [32m2.373856e-14[39m
[32m Solve Converged![39m

Postprocessor Values:
+----------------+----------------+----------------+----------------+----------------+----------------+----------------+
| time           | J_max          | J_min          | Jbar_max       | Jbar_min       | center_pressure| edge_ux        |
+----------------+----------------+----------------+----------------+----------------+----------------+----------------+
|   0.000000e+00 |   1.000000e+00 |   1.000000e+00 |   1.000000e+00 |   1.000000e+00 |   0.000000e+00 |   0.000000e+00 |
|   1.000000e-03 |   9.908057e-01 |   9.871035e-01 |   9.944418e-01 |   9.938721e-01 |   1.109941e-01 |   7.368701e-03 |
|   2.000000e-03 |   9.817285e-01 |   9.744013e-01 |   9.889792e-01 |   9.878298e-01 |   2.216623e-01 |   1.411385e-02 |
|   3.000000e-03 |   9.814630e-01 |   9.739591e-01 |   9.888625e-01 |   9.876830e-01 |   2.234787e-01 |   1.341406e-02 |
|   4.000000e-03 |   9.812062e-01 |   9.736381e-01 |   9.887612e-01 |   9.875698e-01 |   2.238267e-01 |   1.284518e-02 |
|   5.000000e-03 |   9.809353e-01 |   9.733749e-01 |   9.886705e-01 |   9.874787e-01 |   2.227966e-01 |   1.235105e-02 |
|   6.000000e-03 |   9.806438e-01 |   9.731458e-01 |   9.885877e-01 |   9.874040e-01 |   2.205270e-01 |   1.190650e-02 |
|   7.000000e-03 |   9.803328e-01 |   9.729396e-01 |   9.885109e-01 |   9.873419e-01 |   2.172228e-01 |   1.149795e-02 |
+----------------+----------------+----------------+----------------+----------------+----------------+----------------+
+----------------+----------------+----------------+------------------+----------------+----------------+
| time           | mass           | mass_reaction  | outflow_gradient | platen_max     | platen_min     |
+----------------+----------------+----------------+------------------+----------------+----------------+
|   0.000000e+00 |   1.600000e-01 |   0.000000e+00 |     0.000000e+00 |   0.000000e+00 |   0.000000e+00 |
|   1.000000e-03 |   1.594690e-01 |  -5.309999e-01 |     3.351207e-01 |  -2.672384e-03 |  -2.672384e-03 |
|   2.000000e-03 |   1.587020e-01 |  -7.670224e-01 |     5.571281e-01 |  -5.283884e-03 |  -5.283884e-03 |
|   3.000000e-03 |   1.582583e-01 |  -4.437059e-01 |     4.138803e-01 |  -5.349410e-03 |  -5.349410e-03 |
|   4.000000e-03 |   1.578976e-01 |  -3.606515e-01 |     3.438094e-01 |  -5.402654e-03 |  -5.402654e-03 |
|   5.000000e-03 |   1.575844e-01 |  -3.132215e-01 |     3.015911e-01 |  -5.448883e-03 |  -5.448883e-03 |
|   6.000000e-03 |   1.573026e-01 |  -2.817509e-01 |     2.727755e-01 |  -5.490461e-03 |  -5.490461e-03 |
|   7.000000e-03 |   1.570438e-01 |  -2.588853e-01 |     2.514883e-01 |  -5.528663e-03 |  -5.528663e-03 |
+----------------+----------------+----------------+------------------+----------------+----------------+
+----------------+--------------------+--------------------+----------------+----------------+----------------+
| time           | solid_fraction_max | solid_fraction_min | stability_max  | stability_min  | top_reaction   |
+----------------+--------------------+--------------------+----------------+----------------+----------------+
|   0.000000e+00 |       6.000000e-01 |       6.000000e-01 |   2.800000e+01 |   2.800000e+01 |   0.000000e+00 |
|   1.000000e-03 |       6.044605e-01 |       6.018569e-01 |   2.806435e+01 |   2.800463e+01 |  -7.000000e-01 |
|   2.000000e-03 |       6.089765e-01 |       6.037289e-01 |   2.812772e+01 |   2.800775e+01 |  -1.400000e+00 |
|   3.000000e-03 |       6.091812e-01 |       6.038025e-01 |   2.812872e+01 |   2.800576e+01 |  -1.400000e+00 |
|   4.000000e-03 |       6.093195e-01 |       6.038913e-01 |   2.812888e+01 |   2.800479e+01 |  -1.400000e+00 |
|   5.000000e-03 |       6.094284e-01 |       6.040024e-01 |   2.812824e+01 |   2.800420e+01 |  -1.400000e+00 |
|   6.000000e-03 |       6.095208e-01 |       6.041362e-01 |   2.812689e+01 |   2.800380e+01 |  -1.400000e+00 |
|   7.000000e-03 |       6.096026e-01 |       6.042898e-01 |   2.812495e+01 |   2.800350e+01 |  -1.400000e+00 |
+----------------+--------------------+--------------------+----------------+----------------+----------------+


Time Step 8, time = 0.008, dt = 0.001
 * Nonlinear |R| = [32m3.121124e-02[39m (Before preset BCs, predictors, correctors, and constraints)
 0 Nonlinear |R| = [32m3.121124e-02[39m
      0 Linear |R| = [32m3.121124e-02[39m
      1 Linear |R| = [32m1.109235e-02[39m
      2 Linear |R| = [32m9.705712e-03[39m
      3 Linear |R| = [32m1.732577e-04[39m
      4 Linear |R| = [32m5.250165e-05[39m
      5 Linear |R| = [32m2.926261e-05[39m
      6 Linear |R| = [32m3.015471e-06[39m
      7 Linear |R| = [32m7.867546e-07[39m
      8 Linear |R| = [32m6.712574e-08[39m
      9 Linear |R| = [32m4.132031e-08[39m
     10 Linear |R| = [32m2.247086e-08[39m
     11 Linear |R| = [32m7.599557e-09[39m
     12 Linear |R| = [32m7.216276e-10[39m
     13 Linear |R| = [32m2.604226e-10[39m
     14 Linear |R| = [32m6.587400e-11[39m
     15 Linear |R| = [32m2.464274e-12[39m
 1 Nonlinear |R| = [32m2.130965e-05[39m
      0 Linear |R| = [32m2.130965e-05[39m
      1 Linear |R| = [32m3.877129e-06[39m
      2 Linear |R| = [32m7.685763e-07[39m
      3 Linear |R| = [32m6.440491e-08[39m
      4 Linear |R| = [32m2.005316e-08[39m
      5 Linear |R| = [32m1.655413e-08[39m
      6 Linear |R| = [32m3.572755e-09[39m
      7 Linear |R| = [32m4.976929e-10[39m
      8 Linear |R| = [32m4.552669e-11[39m
      9 Linear |R| = [32m4.124033e-11[39m
     10 Linear |R| = [32m1.245791e-11[39m
     11 Linear |R| = [32m1.830300e-12[39m
     12 Linear |R| = [32m3.835820e-13[39m
     13 Linear |R| = [32m2.622501e-13[39m
     14 Linear |R| = [32m2.476801e-14[39m
     15 Linear |R| = [32m2.941292e-15[39m
 2 Nonlinear |R| = [32m4.937583e-11[39m
      0 Linear |R| = [32m4.937583e-11[39m
      1 Linear |R| = [32m2.690246e-12[39m
      2 Linear |R| = [33m2.688531e-12[39m
      3 Linear |R| = [32m1.737641e-13[39m
      4 Linear |R| = [32m7.928300e-14[39m
      5 Linear |R| = [32m4.703516e-14[39m
      6 Linear |R| = [32m3.812923e-14[39m
      7 Linear |R| = [32m2.341141e-15[39m
      8 Linear |R| = [32m9.854712e-16[39m
      9 Linear |R| = [32m5.332670e-16[39m
     10 Linear |R| = [32m4.099349e-16[39m
     11 Linear |R| = [32m5.925035e-17[39m
     12 Linear |R| = [32m6.809438e-18[39m
     13 Linear |R| = [33m6.668158e-18[39m
     14 Linear |R| = [32m1.118098e-18[39m
     15 Linear |R| = [32m4.012757e-20[39m
 3 Nonlinear |R| = [32m2.306889e-14[39m
[32m Solve Converged![39m

Postprocessor Values:
+----------------+----------------+----------------+----------------+----------------+----------------+----------------+
| time           | J_max          | J_min          | Jbar_max       | Jbar_min       | center_pressure| edge_ux        |
+----------------+----------------+----------------+----------------+----------------+----------------+----------------+
|   0.000000e+00 |   1.000000e+00 |   1.000000e+00 |   1.000000e+00 |   1.000000e+00 |   0.000000e+00 |   0.000000e+00 |
|   1.000000e-03 |   9.908057e-01 |   9.871035e-01 |   9.944418e-01 |   9.938721e-01 |   1.109941e-01 |   7.368701e-03 |
|   2.000000e-03 |   9.817285e-01 |   9.744013e-01 |   9.889792e-01 |   9.878298e-01 |   2.216623e-01 |   1.411385e-02 |
|   3.000000e-03 |   9.814630e-01 |   9.739591e-01 |   9.888625e-01 |   9.876830e-01 |   2.234787e-01 |   1.341406e-02 |
|   4.000000e-03 |   9.812062e-01 |   9.736381e-01 |   9.887612e-01 |   9.875698e-01 |   2.238267e-01 |   1.284518e-02 |
|   5.000000e-03 |   9.809353e-01 |   9.733749e-01 |   9.886705e-01 |   9.874787e-01 |   2.227966e-01 |   1.235105e-02 |
|   6.000000e-03 |   9.806438e-01 |   9.731458e-01 |   9.885877e-01 |   9.874040e-01 |   2.205270e-01 |   1.190650e-02 |
|   7.000000e-03 |   9.803328e-01 |   9.729396e-01 |   9.885109e-01 |   9.873419e-01 |   2.172228e-01 |   1.149795e-02 |
|   8.000000e-03 |   9.800069e-01 |   9.727501e-01 |   9.884388e-01 |   9.872894e-01 |   2.131129e-01 |   1.111715e-02 |
+----------------+----------------+----------------+----------------+----------------+----------------+----------------+
+----------------+----------------+----------------+------------------+----------------+----------------+
| time           | mass           | mass_reaction  | outflow_gradient | platen_max     | platen_min     |
+----------------+----------------+----------------+------------------+----------------+----------------+
|   0.000000e+00 |   1.600000e-01 |   0.000000e+00 |     0.000000e+00 |   0.000000e+00 |   0.000000e+00 |
|   1.000000e-03 |   1.594690e-01 |  -5.309999e-01 |     3.351207e-01 |  -2.672384e-03 |  -2.672384e-03 |
|   2.000000e-03 |   1.587020e-01 |  -7.670224e-01 |     5.571281e-01 |  -5.283884e-03 |  -5.283884e-03 |
|   3.000000e-03 |   1.582583e-01 |  -4.437059e-01 |     4.138803e-01 |  -5.349410e-03 |  -5.349410e-03 |
|   4.000000e-03 |   1.578976e-01 |  -3.606515e-01 |     3.438094e-01 |  -5.402654e-03 |  -5.402654e-03 |
|   5.000000e-03 |   1.575844e-01 |  -3.132215e-01 |     3.015911e-01 |  -5.448883e-03 |  -5.448883e-03 |
|   6.000000e-03 |   1.573026e-01 |  -2.817509e-01 |     2.727755e-01 |  -5.490461e-03 |  -5.490461e-03 |
|   7.000000e-03 |   1.570438e-01 |  -2.588853e-01 |     2.514883e-01 |  -5.528663e-03 |  -5.528663e-03 |
|   8.000000e-03 |   1.568025e-01 |  -2.412358e-01 |     2.348761e-01 |  -5.564262e-03 |  -5.564262e-03 |
+----------------+----------------+----------------+------------------+----------------+----------------+
+----------------+--------------------+--------------------+----------------+----------------+----------------+
| time           | solid_fraction_max | solid_fraction_min | stability_max  | stability_min  | top_reaction   |
+----------------+--------------------+--------------------+----------------+----------------+----------------+
|   0.000000e+00 |       6.000000e-01 |       6.000000e-01 |   2.800000e+01 |   2.800000e+01 |   0.000000e+00 |
|   1.000000e-03 |       6.044605e-01 |       6.018569e-01 |   2.806435e+01 |   2.800463e+01 |  -7.000000e-01 |
|   2.000000e-03 |       6.089765e-01 |       6.037289e-01 |   2.812772e+01 |   2.800775e+01 |  -1.400000e+00 |
|   3.000000e-03 |       6.091812e-01 |       6.038025e-01 |   2.812872e+01 |   2.800576e+01 |  -1.400000e+00 |
|   4.000000e-03 |       6.093195e-01 |       6.038913e-01 |   2.812888e+01 |   2.800479e+01 |  -1.400000e+00 |
|   5.000000e-03 |       6.094284e-01 |       6.040024e-01 |   2.812824e+01 |   2.800420e+01 |  -1.400000e+00 |
|   6.000000e-03 |       6.095208e-01 |       6.041362e-01 |   2.812689e+01 |   2.800380e+01 |  -1.400000e+00 |
|   7.000000e-03 |       6.096026e-01 |       6.042898e-01 |   2.812495e+01 |   2.800350e+01 |  -1.400000e+00 |
|   8.000000e-03 |       6.096769e-01 |       6.044587e-01 |   2.812256e+01 |   2.800327e+01 |  -1.400000e+00 |
+----------------+--------------------+--------------------+----------------+----------------+----------------+


Time Step 9, time = 0.009, dt = 0.001
 * Nonlinear |R| = [32m2.888947e-02[39m (Before preset BCs, predictors, correctors, and constraints)
 0 Nonlinear |R| = [32m2.888947e-02[39m
      0 Linear |R| = [32m2.888947e-02[39m
      1 Linear |R| = [32m1.042024e-02[39m
      2 Linear |R| = [32m9.133078e-03[39m
      3 Linear |R| = [32m1.630074e-04[39m
      4 Linear |R| = [32m4.938185e-05[39m
      5 Linear |R| = [32m2.700863e-05[39m
      6 Linear |R| = [32m2.743804e-06[39m
      7 Linear |R| = [32m6.477445e-07[39m
      8 Linear |R| = [32m6.830035e-08[39m
      9 Linear |R| = [32m3.773299e-08[39m
     10 Linear |R| = [32m2.104354e-08[39m
     11 Linear |R| = [32m5.933392e-09[39m
     12 Linear |R| = [32m7.262951e-10[39m
     13 Linear |R| = [32m2.502214e-10[39m
     14 Linear |R| = [32m5.524958e-11[39m
     15 Linear |R| = [32m2.533242e-12[39m
 1 Nonlinear |R| = [32m1.830060e-05[39m
      0 Linear |R| = [32m1.830060e-05[39m
      1 Linear |R| = [32m3.447078e-06[39m
      2 Linear |R| = [32m6.133819e-07[39m
      3 Linear |R| = [32m5.754919e-08[39m
      4 Linear |R| = [32m1.785939e-08[39m
      5 Linear |R| = [32m1.452741e-08[39m
      6 Linear |R| = [32m3.040890e-09[39m
      7 Linear |R| = [32m2.708419e-10[39m
      8 Linear |R| = [32m3.774323e-11[39m
      9 Linear |R| = [33m3.612435e-11[39m
     10 Linear |R| = [32m1.731946e-11[39m
     11 Linear |R| = [32m1.552088e-12[39m
     12 Linear |R| = [32m2.700793e-13[39m
     13 Linear |R| = [32m2.521145e-13[39m
     14 Linear |R| = [32m2.529331e-14[39m
     15 Linear |R| = [32m2.718079e-15[39m
 2 Nonlinear |R| = [32m4.136779e-11[39m
      0 Linear |R| = [32m4.136779e-11[39m
      1 Linear |R| = [32m2.174466e-12[39m
      2 Linear |R| = [32m9.025572e-13[39m
      3 Linear |R| = [32m1.728854e-13[39m
      4 Linear |R| = [32m8.624596e-14[39m
      5 Linear |R| = [32m4.066938e-14[39m
      6 Linear |R| = [32m3.589398e-14[39m
      7 Linear |R| = [32m2.126794e-15[39m
      8 Linear |R| = [32m1.210655e-15[39m
      9 Linear |R| = [32m3.909998e-16[39m
     10 Linear |R| = [32m3.205641e-16[39m
     11 Linear |R| = [32m3.230162e-17[39m
     12 Linear |R| = [32m8.308667e-18[39m
     13 Linear |R| = [32m4.245702e-18[39m
     14 Linear |R| = [32m6.235405e-19[39m
     15 Linear |R| = [32m5.341082e-20[39m
     16 Linear |R| = [32m1.083083e-20[39m
 3 Nonlinear |R| = [32m2.853419e-14[39m
[32m Solve Converged![39m

Postprocessor Values:
+----------------+----------------+----------------+----------------+----------------+----------------+----------------+
| time           | J_max          | J_min          | Jbar_max       | Jbar_min       | center_pressure| edge_ux        |
+----------------+----------------+----------------+----------------+----------------+----------------+----------------+
|   0.000000e+00 |   1.000000e+00 |   1.000000e+00 |   1.000000e+00 |   1.000000e+00 |   0.000000e+00 |   0.000000e+00 |
|   1.000000e-03 |   9.908057e-01 |   9.871035e-01 |   9.944418e-01 |   9.938721e-01 |   1.109941e-01 |   7.368701e-03 |
|   2.000000e-03 |   9.817285e-01 |   9.744013e-01 |   9.889792e-01 |   9.878298e-01 |   2.216623e-01 |   1.411385e-02 |
|   3.000000e-03 |   9.814630e-01 |   9.739591e-01 |   9.888625e-01 |   9.876830e-01 |   2.234787e-01 |   1.341406e-02 |
|   4.000000e-03 |   9.812062e-01 |   9.736381e-01 |   9.887612e-01 |   9.875698e-01 |   2.238267e-01 |   1.284518e-02 |
|   5.000000e-03 |   9.809353e-01 |   9.733749e-01 |   9.886705e-01 |   9.874787e-01 |   2.227966e-01 |   1.235105e-02 |
|   6.000000e-03 |   9.806438e-01 |   9.731458e-01 |   9.885877e-01 |   9.874040e-01 |   2.205270e-01 |   1.190650e-02 |
|   7.000000e-03 |   9.803328e-01 |   9.729396e-01 |   9.885109e-01 |   9.873419e-01 |   2.172228e-01 |   1.149795e-02 |
|   8.000000e-03 |   9.800069e-01 |   9.727501e-01 |   9.884388e-01 |   9.872894e-01 |   2.131129e-01 |   1.111715e-02 |
|   9.000000e-03 |   9.796710e-01 |   9.725735e-01 |   9.883707e-01 |   9.872446e-01 |   2.084127e-01 |   1.075873e-02 |
+----------------+----------------+----------------+----------------+----------------+----------------+----------------+
+----------------+----------------+----------------+------------------+----------------+----------------+
| time           | mass           | mass_reaction  | outflow_gradient | platen_max     | platen_min     |
+----------------+----------------+----------------+------------------+----------------+----------------+
|   0.000000e+00 |   1.600000e-01 |   0.000000e+00 |     0.000000e+00 |   0.000000e+00 |   0.000000e+00 |
|   1.000000e-03 |   1.594690e-01 |  -5.309999e-01 |     3.351207e-01 |  -2.672384e-03 |  -2.672384e-03 |
|   2.000000e-03 |   1.587020e-01 |  -7.670224e-01 |     5.571281e-01 |  -5.283884e-03 |  -5.283884e-03 |
|   3.000000e-03 |   1.582583e-01 |  -4.437059e-01 |     4.138803e-01 |  -5.349410e-03 |  -5.349410e-03 |
|   4.000000e-03 |   1.578976e-01 |  -3.606515e-01 |     3.438094e-01 |  -5.402654e-03 |  -5.402654e-03 |
|   5.000000e-03 |   1.575844e-01 |  -3.132215e-01 |     3.015911e-01 |  -5.448883e-03 |  -5.448883e-03 |
|   6.000000e-03 |   1.573026e-01 |  -2.817509e-01 |     2.727755e-01 |  -5.490461e-03 |  -5.490461e-03 |
|   7.000000e-03 |   1.570438e-01 |  -2.588853e-01 |     2.514883e-01 |  -5.528663e-03 |  -5.528663e-03 |
|   8.000000e-03 |   1.568025e-01 |  -2.412358e-01 |     2.348761e-01 |  -5.564262e-03 |  -5.564262e-03 |
|   9.000000e-03 |   1.565755e-01 |  -2.269978e-01 |     2.213683e-01 |  -5.597765e-03 |  -5.597765e-03 |
+----------------+----------------+----------------+------------------+----------------+----------------+
+----------------+--------------------+--------------------+----------------+----------------+----------------+
| time           | solid_fraction_max | solid_fraction_min | stability_max  | stability_min  | top_reaction   |
+----------------+--------------------+--------------------+----------------+----------------+----------------+
|   0.000000e+00 |       6.000000e-01 |       6.000000e-01 |   2.800000e+01 |   2.800000e+01 |   0.000000e+00 |
|   1.000000e-03 |       6.044605e-01 |       6.018569e-01 |   2.806435e+01 |   2.800463e+01 |  -7.000000e-01 |
|   2.000000e-03 |       6.089765e-01 |       6.037289e-01 |   2.812772e+01 |   2.800775e+01 |  -1.400000e+00 |
|   3.000000e-03 |       6.091812e-01 |       6.038025e-01 |   2.812872e+01 |   2.800576e+01 |  -1.400000e+00 |
|   4.000000e-03 |       6.093195e-01 |       6.038913e-01 |   2.812888e+01 |   2.800479e+01 |  -1.400000e+00 |
|   5.000000e-03 |       6.094284e-01 |       6.040024e-01 |   2.812824e+01 |   2.800420e+01 |  -1.400000e+00 |
|   6.000000e-03 |       6.095208e-01 |       6.041362e-01 |   2.812689e+01 |   2.800380e+01 |  -1.400000e+00 |
|   7.000000e-03 |       6.096026e-01 |       6.042898e-01 |   2.812495e+01 |   2.800350e+01 |  -1.400000e+00 |
|   8.000000e-03 |       6.096769e-01 |       6.044587e-01 |   2.812256e+01 |   2.800327e+01 |  -1.400000e+00 |
|   9.000000e-03 |       6.097456e-01 |       6.046384e-01 |   2.811983e+01 |   2.800308e+01 |  -1.400000e+00 |
+----------------+--------------------+--------------------+----------------+----------------+----------------+


Time Step 10, time = 0.01, dt = 0.001
 * Nonlinear |R| = [32m2.719018e-02[39m (Before preset BCs, predictors, correctors, and constraints)
 0 Nonlinear |R| = [32m2.719018e-02[39m
      0 Linear |R| = [32m2.719018e-02[39m
      1 Linear |R| = [32m9.870504e-03[39m
      2 Linear |R| = [32m8.660919e-03[39m
      3 Linear |R| = [32m1.545028e-04[39m
      4 Linear |R| = [32m4.682771e-05[39m
      5 Linear |R| = [32m2.623190e-05[39m
      6 Linear |R| = [32m2.738084e-06[39m
      7 Linear |R| = [32m5.606600e-07[39m
      8 Linear |R| = [32m6.843304e-08[39m
      9 Linear |R| = [32m3.774767e-08[39m
     10 Linear |R| = [32m2.130704e-08[39m
     11 Linear |R| = [32m4.282694e-09[39m
     12 Linear |R| = [32m5.847640e-10[39m
     13 Linear |R| = [32m2.503093e-10[39m
     14 Linear |R| = [32m4.723032e-11[39m
     15 Linear |R| = [32m2.533847e-12[39m
 1 Nonlinear |R| = [32m1.639818e-05[39m
      0 Linear |R| = [32m1.639818e-05[39m
      1 Linear |R| = [32m3.127853e-06[39m
      2 Linear |R| = [32m4.312700e-07[39m
      3 Linear |R| = [32m5.250559e-08[39m
      4 Linear |R| = [32m1.635924e-08[39m
      5 Linear |R| = [32m1.305856e-08[39m
      6 Linear |R| = [32m2.929910e-09[39m
      7 Linear |R| = [32m1.756465e-10[39m
      8 Linear |R| = [32m3.870845e-11[39m
      9 Linear |R| = [33m3.760770e-11[39m
     10 Linear |R| = [32m2.055403e-11[39m
     11 Linear |R| = [32m1.093324e-12[39m
     12 Linear |R| = [32m2.674974e-13[39m
     13 Linear |R| = [32m2.388258e-13[39m
     14 Linear |R| = [32m1.978800e-14[39m
     15 Linear |R| = [32m2.684651e-15[39m
 2 Nonlinear |R| = [32m3.714734e-11[39m
      0 Linear |R| = [32m3.714734e-11[39m
      1 Linear |R| = [32m6.356479e-12[39m
      2 Linear |R| = [32m1.075096e-12[39m
      3 Linear |R| = [32m1.509926e-13[39m
      4 Linear |R| = [32m7.245357e-14[39m
      5 Linear |R| = [32m3.075305e-14[39m
      6 Linear |R| = [32m2.836312e-14[39m
      7 Linear |R| = [32m2.810361e-15[39m
      8 Linear |R| = [32m9.789890e-16[39m
      9 Linear |R| = [32m3.828040e-16[39m
     10 Linear |R| = [33m3.710218e-16[39m
     11 Linear |R| = [32m3.387493e-17[39m
     12 Linear |R| = [32m5.127290e-18[39m
     13 Linear |R| = [32m3.344399e-18[39m
     14 Linear |R| = [32m6.215799e-19[39m
     15 Linear |R| = [32m3.775856e-20[39m
     16 Linear |R| = [32m9.575174e-21[39m
 3 Nonlinear |R| = [32m2.695672e-14[39m
[32m Solve Converged![39m

Postprocessor Values:
+----------------+----------------+----------------+----------------+----------------+----------------+----------------+
| time           | J_max          | J_min          | Jbar_max       | Jbar_min       | center_pressure| edge_ux        |
+----------------+----------------+----------------+----------------+----------------+----------------+----------------+
|   0.000000e+00 |   1.000000e+00 |   1.000000e+00 |   1.000000e+00 |   1.000000e+00 |   0.000000e+00 |   0.000000e+00 |
|   1.000000e-03 |   9.908057e-01 |   9.871035e-01 |   9.944418e-01 |   9.938721e-01 |   1.109941e-01 |   7.368701e-03 |
|   2.000000e-03 |   9.817285e-01 |   9.744013e-01 |   9.889792e-01 |   9.878298e-01 |   2.216623e-01 |   1.411385e-02 |
|   3.000000e-03 |   9.814630e-01 |   9.739591e-01 |   9.888625e-01 |   9.876830e-01 |   2.234787e-01 |   1.341406e-02 |
|   4.000000e-03 |   9.812062e-01 |   9.736381e-01 |   9.887612e-01 |   9.875698e-01 |   2.238267e-01 |   1.284518e-02 |
|   5.000000e-03 |   9.809353e-01 |   9.733749e-01 |   9.886705e-01 |   9.874787e-01 |   2.227966e-01 |   1.235105e-02 |
|   6.000000e-03 |   9.806438e-01 |   9.731458e-01 |   9.885877e-01 |   9.874040e-01 |   2.205270e-01 |   1.190650e-02 |
|   7.000000e-03 |   9.803328e-01 |   9.729396e-01 |   9.885109e-01 |   9.873419e-01 |   2.172228e-01 |   1.149795e-02 |
|   8.000000e-03 |   9.800069e-01 |   9.727501e-01 |   9.884388e-01 |   9.872894e-01 |   2.131129e-01 |   1.111715e-02 |
|   9.000000e-03 |   9.796710e-01 |   9.725735e-01 |   9.883707e-01 |   9.872446e-01 |   2.084127e-01 |   1.075873e-02 |
|   1.000000e-02 |   9.793301e-01 |   9.724074e-01 |   9.883059e-01 |   9.872056e-01 |   2.033066e-01 |   1.041897e-02 |
+----------------+----------------+----------------+----------------+----------------+----------------+----------------+
+----------------+----------------+----------------+------------------+----------------+----------------+
| time           | mass           | mass_reaction  | outflow_gradient | platen_max     | platen_min     |
+----------------+----------------+----------------+------------------+----------------+----------------+
|   0.000000e+00 |   1.600000e-01 |   0.000000e+00 |     0.000000e+00 |   0.000000e+00 |   0.000000e+00 |
|   1.000000e-03 |   1.594690e-01 |  -5.309999e-01 |     3.351207e-01 |  -2.672384e-03 |  -2.672384e-03 |
|   2.000000e-03 |   1.587020e-01 |  -7.670224e-01 |     5.571281e-01 |  -5.283884e-03 |  -5.283884e-03 |
|   3.000000e-03 |   1.582583e-01 |  -4.437059e-01 |     4.138803e-01 |  -5.349410e-03 |  -5.349410e-03 |
|   4.000000e-03 |   1.578976e-01 |  -3.606515e-01 |     3.438094e-01 |  -5.402654e-03 |  -5.402654e-03 |
|   5.000000e-03 |   1.575844e-01 |  -3.132215e-01 |     3.015911e-01 |  -5.448883e-03 |  -5.448883e-03 |
|   6.000000e-03 |   1.573026e-01 |  -2.817509e-01 |     2.727755e-01 |  -5.490461e-03 |  -5.490461e-03 |
|   7.000000e-03 |   1.570438e-01 |  -2.588853e-01 |     2.514883e-01 |  -5.528663e-03 |  -5.528663e-03 |
|   8.000000e-03 |   1.568025e-01 |  -2.412358e-01 |     2.348761e-01 |  -5.564262e-03 |  -5.564262e-03 |
|   9.000000e-03 |   1.565755e-01 |  -2.269978e-01 |     2.213683e-01 |  -5.597765e-03 |  -5.597765e-03 |
|   1.000000e-02 |   1.563604e-01 |  -2.151098e-01 |     2.100206e-01 |  -5.629521e-03 |  -5.629521e-03 |
+----------------+----------------+----------------+------------------+----------------+----------------+
+----------------+--------------------+--------------------+----------------+----------------+----------------+
| time           | solid_fraction_max | solid_fraction_min | stability_max  | stability_min  | top_reaction   |
+----------------+--------------------+--------------------+----------------+----------------+----------------+
|   0.000000e+00 |       6.000000e-01 |       6.000000e-01 |   2.800000e+01 |   2.800000e+01 |   0.000000e+00 |
|   1.000000e-03 |       6.044605e-01 |       6.018569e-01 |   2.806435e+01 |   2.800463e+01 |  -7.000000e-01 |
|   2.000000e-03 |       6.089765e-01 |       6.037289e-01 |   2.812772e+01 |   2.800775e+01 |  -1.400000e+00 |
|   3.000000e-03 |       6.091812e-01 |       6.038025e-01 |   2.812872e+01 |   2.800576e+01 |  -1.400000e+00 |
|   4.000000e-03 |       6.093195e-01 |       6.038913e-01 |   2.812888e+01 |   2.800479e+01 |  -1.400000e+00 |
|   5.000000e-03 |       6.094284e-01 |       6.040024e-01 |   2.812824e+01 |   2.800420e+01 |  -1.400000e+00 |
|   6.000000e-03 |       6.095208e-01 |       6.041362e-01 |   2.812689e+01 |   2.800380e+01 |  -1.400000e+00 |
|   7.000000e-03 |       6.096026e-01 |       6.042898e-01 |   2.812495e+01 |   2.800350e+01 |  -1.400000e+00 |
|   8.000000e-03 |       6.096769e-01 |       6.044587e-01 |   2.812256e+01 |   2.800327e+01 |  -1.400000e+00 |
|   9.000000e-03 |       6.097456e-01 |       6.046384e-01 |   2.811983e+01 |   2.800308e+01 |  -1.400000e+00 |
|   1.000000e-02 |       6.098098e-01 |       6.048250e-01 |   2.811688e+01 |   2.800293e+01 |  -1.400000e+00 |
+----------------+--------------------+--------------------+----------------+----------------+----------------+


Time Step 11, time = 0.011, dt = 0.001
 * Nonlinear |R| = [32m2.586263e-02[39m (Before preset BCs, predictors, correctors, and constraints)
 0 Nonlinear |R| = [32m2.586263e-02[39m
      0 Linear |R| = [32m2.586263e-02[39m
      1 Linear |R| = [32m9.405339e-03[39m
      2 Linear |R| = [32m8.259046e-03[39m
      3 Linear |R| = [32m1.472289e-04[39m
      4 Linear |R| = [32m4.465422e-05[39m
      5 Linear |R| = [32m2.728119e-05[39m
      6 Linear |R| = [32m2.819616e-06[39m
      7 Linear |R| = [32m5.068816e-07[39m
      8 Linear |R| = [32m9.271005e-08[39m
      9 Linear |R| = [32m3.854897e-08[39m
     10 Linear |R| = [32m2.154099e-08[39m
     11 Linear |R| = [32m2.836653e-09[39m
     12 Linear |R| = [32m1.510086e-09[39m
     13 Linear |R| = [32m2.563745e-10[39m
     14 Linear |R| = [32m3.934598e-11[39m
     15 Linear |R| = [32m3.189954e-12[39m
 1 Nonlinear |R| = [32m1.510912e-05[39m
      0 Linear |R| = [32m1.510912e-05[39m
      1 Linear |R| = [32m2.884397e-06[39m
      2 Linear |R| = [32m4.287132e-07[39m
      3 Linear |R| = [32m4.843259e-08[39m
      4 Linear |R| = [32m1.519978e-08[39m
      5 Linear |R| = [32m1.284713e-08[39m
      6 Linear |R| = [32m2.919254e-09[39m
      7 Linear |R| = [32m1.902112e-10[39m
      8 Linear |R| = [32m4.238575e-11[39m
      9 Linear |R| = [32m3.729302e-11[39m
     10 Linear |R| = [32m1.448279e-11[39m
     11 Linear |R| = [32m1.060150e-12[39m
     12 Linear |R| = [32m3.144664e-13[39m
     13 Linear |R| = [32m2.394648e-13[39m
     14 Linear |R| = [32m2.119768e-14[39m
     15 Linear |R| = [32m2.669528e-15[39m
 2 Nonlinear |R| = [32m3.798847e-11[39m
      0 Linear |R| = [32m3.798847e-11[39m
      1 Linear |R| = [32m1.583101e-12[39m
      2 Linear |R| = [32m1.264061e-12[39m
      3 Linear |R| = [32m1.525781e-13[39m
      4 Linear |R| = [32m7.404065e-14[39m
      5 Linear |R| = [32m3.697059e-14[39m
      6 Linear |R| = [32m3.070644e-14[39m
      7 Linear |R| = [32m2.051920e-15[39m
      8 Linear |R| = [32m7.142451e-16[39m
      9 Linear |R| = [32m3.981134e-16[39m
     10 Linear |R| = [32m2.577005e-16[39m
     11 Linear |R| = [32m3.586855e-17[39m
     12 Linear |R| = [32m3.256126e-18[39m
     13 Linear |R| = [33m3.219194e-18[39m
     14 Linear |R| = [32m7.598316e-19[39m
     15 Linear |R| = [32m3.238498e-20[39m
 3 Nonlinear |R| = [32m2.565091e-14[39m
[32m Solve Converged![39m

Postprocessor Values:
+----------------+----------------+----------------+----------------+----------------+----------------+----------------+
| time           | J_max          | J_min          | Jbar_max       | Jbar_min       | center_pressure| edge_ux        |
+----------------+----------------+----------------+----------------+----------------+----------------+----------------+
|   0.000000e+00 |   1.000000e+00 |   1.000000e+00 |   1.000000e+00 |   1.000000e+00 |   0.000000e+00 |   0.000000e+00 |
|   1.000000e-03 |   9.908057e-01 |   9.871035e-01 |   9.944418e-01 |   9.938721e-01 |   1.109941e-01 |   7.368701e-03 |
|   2.000000e-03 |   9.817285e-01 |   9.744013e-01 |   9.889792e-01 |   9.878298e-01 |   2.216623e-01 |   1.411385e-02 |
|   3.000000e-03 |   9.814630e-01 |   9.739591e-01 |   9.888625e-01 |   9.876830e-01 |   2.234787e-01 |   1.341406e-02 |
|   4.000000e-03 |   9.812062e-01 |   9.736381e-01 |   9.887612e-01 |   9.875698e-01 |   2.238267e-01 |   1.284518e-02 |
|   5.000000e-03 |   9.809353e-01 |   9.733749e-01 |   9.886705e-01 |   9.874787e-01 |   2.227966e-01 |   1.235105e-02 |
|   6.000000e-03 |   9.806438e-01 |   9.731458e-01 |   9.885877e-01 |   9.874040e-01 |   2.205270e-01 |   1.190650e-02 |
|   7.000000e-03 |   9.803328e-01 |   9.729396e-01 |   9.885109e-01 |   9.873419e-01 |   2.172228e-01 |   1.149795e-02 |
|   8.000000e-03 |   9.800069e-01 |   9.727501e-01 |   9.884388e-01 |   9.872894e-01 |   2.131129e-01 |   1.111715e-02 |
|   9.000000e-03 |   9.796710e-01 |   9.725735e-01 |   9.883707e-01 |   9.872446e-01 |   2.084127e-01 |   1.075873e-02 |
|   1.000000e-02 |   9.793301e-01 |   9.724074e-01 |   9.883059e-01 |   9.872056e-01 |   2.033066e-01 |   1.041897e-02 |
|   1.100000e-02 |   9.789880e-01 |   9.722500e-01 |   9.882440e-01 |   9.871711e-01 |   1.979425e-01 |   1.009521e-02 |
+----------------+----------------+----------------+----------------+----------------+----------------+----------------+
+----------------+----------------+----------------+------------------+----------------+----------------+
| time           | mass           | mass_reaction  | outflow_gradient | platen_max     | platen_min     |
+----------------+----------------+----------------+------------------+----------------+----------------+
|   0.000000e+00 |   1.600000e-01 |   0.000000e+00 |     0.000000e+00 |   0.000000e+00 |   0.000000e+00 |
|   1.000000e-03 |   1.594690e-01 |  -5.309999e-01 |     3.351207e-01 |  -2.672384e-03 |  -2.672384e-03 |
|   2.000000e-03 |   1.587020e-01 |  -7.670224e-01 |     5.571281e-01 |  -5.283884e-03 |  -5.283884e-03 |
|   3.000000e-03 |   1.582583e-01 |  -4.437059e-01 |     4.138803e-01 |  -5.349410e-03 |  -5.349410e-03 |
|   4.000000e-03 |   1.578976e-01 |  -3.606515e-01 |     3.438094e-01 |  -5.402654e-03 |  -5.402654e-03 |
|   5.000000e-03 |   1.575844e-01 |  -3.132215e-01 |     3.015911e-01 |  -5.448883e-03 |  -5.448883e-03 |
|   6.000000e-03 |   1.573026e-01 |  -2.817509e-01 |     2.727755e-01 |  -5.490461e-03 |  -5.490461e-03 |
|   7.000000e-03 |   1.570438e-01 |  -2.588853e-01 |     2.514883e-01 |  -5.528663e-03 |  -5.528663e-03 |
|   8.000000e-03 |   1.568025e-01 |  -2.412358e-01 |     2.348761e-01 |  -5.564262e-03 |  -5.564262e-03 |
|   9.000000e-03 |   1.565755e-01 |  -2.269978e-01 |     2.213683e-01 |  -5.597765e-03 |  -5.597765e-03 |
|   1.000000e-02 |   1.563604e-01 |  -2.151098e-01 |     2.100206e-01 |  -5.629521e-03 |  -5.629521e-03 |
|   1.100000e-02 |   1.561555e-01 |  -2.049021e-01 |     2.002289e-01 |  -5.659778e-03 |  -5.659778e-03 |
+----------------+----------------+----------------+------------------+----------------+----------------+
+----------------+--------------------+--------------------+----------------+----------------+----------------+
| time           | solid_fraction_max | solid_fraction_min | stability_max  | stability_min  | top_reaction   |
+----------------+--------------------+--------------------+----------------+----------------+----------------+
|   0.000000e+00 |       6.000000e-01 |       6.000000e-01 |   2.800000e+01 |   2.800000e+01 |   0.000000e+00 |
|   1.000000e-03 |       6.044605e-01 |       6.018569e-01 |   2.806435e+01 |   2.800463e+01 |  -7.000000e-01 |
|   2.000000e-03 |       6.089765e-01 |       6.037289e-01 |   2.812772e+01 |   2.800775e+01 |  -1.400000e+00 |
|   3.000000e-03 |       6.091812e-01 |       6.038025e-01 |   2.812872e+01 |   2.800576e+01 |  -1.400000e+00 |
|   4.000000e-03 |       6.093195e-01 |       6.038913e-01 |   2.812888e+01 |   2.800479e+01 |  -1.400000e+00 |
|   5.000000e-03 |       6.094284e-01 |       6.040024e-01 |   2.812824e+01 |   2.800420e+01 |  -1.400000e+00 |
|   6.000000e-03 |       6.095208e-01 |       6.041362e-01 |   2.812689e+01 |   2.800380e+01 |  -1.400000e+00 |
|   7.000000e-03 |       6.096026e-01 |       6.042898e-01 |   2.812495e+01 |   2.800350e+01 |  -1.400000e+00 |
|   8.000000e-03 |       6.096769e-01 |       6.044587e-01 |   2.812256e+01 |   2.800327e+01 |  -1.400000e+00 |
|   9.000000e-03 |       6.097456e-01 |       6.046384e-01 |   2.811983e+01 |   2.800308e+01 |  -1.400000e+00 |
|   1.000000e-02 |       6.098098e-01 |       6.048250e-01 |   2.811688e+01 |   2.800293e+01 |  -1.400000e+00 |
|   1.100000e-02 |       6.098703e-01 |       6.050152e-01 |   2.811378e+01 |   2.800279e+01 |  -1.400000e+00 |
+----------------+--------------------+--------------------+----------------+----------------+----------------+


Time Step 12, time = 0.012, dt = 0.001
 * Nonlinear |R| = [32m2.476095e-02[39m (Before preset BCs, predictors, correctors, and constraints)
 0 Nonlinear |R| = [32m2.476095e-02[39m
      0 Linear |R| = [32m2.476095e-02[39m
      1 Linear |R| = [32m9.000036e-03[39m
      2 Linear |R| = [32m7.907396e-03[39m
      3 Linear |R| = [32m1.408508e-04[39m
      4 Linear |R| = [32m4.274540e-05[39m
      5 Linear |R| = [32m2.497014e-05[39m
      6 Linear |R| = [32m2.903475e-06[39m
      7 Linear |R| = [32m4.740438e-07[39m
      8 Linear |R| = [32m7.509538e-08[39m
      9 Linear |R| = [32m3.899460e-08[39m
     10 Linear |R| = [32m2.138635e-08[39m
     11 Linear |R| = [32m2.138652e-09[39m
     12 Linear |R| = [32m1.127342e-09[39m
     13 Linear |R| = [32m2.599620e-10[39m
     14 Linear |R| = [32m3.300682e-11[39m
     15 Linear |R| = [32m2.761955e-12[39m
 1 Nonlinear |R| = [32m1.408707e-05[39m
      0 Linear |R| = [32m1.408707e-05[39m
      1 Linear |R| = [32m2.686983e-06[39m
      2 Linear |R| = [32m3.004137e-07[39m
      3 Linear |R| = [32m4.543478e-08[39m
      4 Linear |R| = [32m1.437394e-08[39m
      5 Linear |R| = [32m1.213093e-08[39m
      6 Linear |R| = [32m2.975914e-09[39m
      7 Linear |R| = [32m2.257610e-10[39m
      8 Linear |R| = [32m3.918547e-11[39m
      9 Linear |R| = [33m3.728927e-11[39m
     10 Linear |R| = [32m7.179421e-12[39m
     11 Linear |R| = [32m1.069398e-12[39m
     12 Linear |R| = [32m2.568478e-13[39m
     13 Linear |R| = [32m2.333068e-13[39m
     14 Linear |R| = [32m2.052366e-14[39m
     15 Linear |R| = [32m2.535412e-15[39m
 2 Nonlinear |R| = [32m3.486749e-11[39m
      0 Linear |R| = [32m3.486749e-11[39m
      1 Linear |R| = [32m3.968433e-13[39m
      2 Linear |R| = [32m2.858445e-13[39m
      3 Linear |R| = [32m1.343923e-13[39m
      4 Linear |R| = [32m5.831779e-14[39m
      5 Linear |R| = [32m3.100113e-14[39m
      6 Linear |R| = [32m2.772210e-14[39m
      7 Linear |R| = [32m1.402340e-15[39m
      8 Linear |R| = [32m5.730121e-16[39m
      9 Linear |R| = [32m2.876138e-16[39m
     10 Linear |R| = [32m2.402059e-16[39m
     11 Linear |R| = [32m3.631716e-17[39m
     12 Linear |R| = [32m3.716161e-18[39m
     13 Linear |R| = [32m3.174727e-18[39m
     14 Linear |R| = [32m7.637770e-19[39m
     15 Linear |R| = [32m2.256729e-20[39m
 3 Nonlinear |R| = [32m2.461808e-14[39m
[32m Solve Converged![39m

Postprocessor Values:
+----------------+----------------+----------------+----------------+----------------+----------------+----------------+
| time           | J_max          | J_min          | Jbar_max       | Jbar_min       | center_pressure| edge_ux        |
+----------------+----------------+----------------+----------------+----------------+----------------+----------------+
|   0.000000e+00 |   1.000000e+00 |   1.000000e+00 |   1.000000e+00 |   1.000000e+00 |   0.000000e+00 |   0.000000e+00 |
|   1.000000e-03 |   9.908057e-01 |   9.871035e-01 |   9.944418e-01 |   9.938721e-01 |   1.109941e-01 |   7.368701e-03 |
|   2.000000e-03 |   9.817285e-01 |   9.744013e-01 |   9.889792e-01 |   9.878298e-01 |   2.216623e-01 |   1.411385e-02 |
|   3.000000e-03 |   9.814630e-01 |   9.739591e-01 |   9.888625e-01 |   9.876830e-01 |   2.234787e-01 |   1.341406e-02 |
|   4.000000e-03 |   9.812062e-01 |   9.736381e-01 |   9.887612e-01 |   9.875698e-01 |   2.238267e-01 |   1.284518e-02 |
|   5.000000e-03 |   9.809353e-01 |   9.733749e-01 |   9.886705e-01 |   9.874787e-01 |   2.227966e-01 |   1.235105e-02 |
|   6.000000e-03 |   9.806438e-01 |   9.731458e-01 |   9.885877e-01 |   9.874040e-01 |   2.205270e-01 |   1.190650e-02 |
|   7.000000e-03 |   9.803328e-01 |   9.729396e-01 |   9.885109e-01 |   9.873419e-01 |   2.172228e-01 |   1.149795e-02 |
|   8.000000e-03 |   9.800069e-01 |   9.727501e-01 |   9.884388e-01 |   9.872894e-01 |   2.131129e-01 |   1.111715e-02 |
|   9.000000e-03 |   9.796710e-01 |   9.725735e-01 |   9.883707e-01 |   9.872446e-01 |   2.084127e-01 |   1.075873e-02 |
|   1.000000e-02 |   9.793301e-01 |   9.724074e-01 |   9.883059e-01 |   9.872056e-01 |   2.033066e-01 |   1.041897e-02 |
|   1.100000e-02 |   9.789880e-01 |   9.722500e-01 |   9.882440e-01 |   9.871711e-01 |   1.979425e-01 |   1.009521e-02 |
|   1.200000e-02 |   9.786479e-01 |   9.721000e-01 |   9.881847e-01 |   9.871402e-01 |   1.924345e-01 |   9.785514e-03 |
+----------------+----------------+----------------+----------------+----------------+----------------+----------------+
+----------------+----------------+----------------+------------------+----------------+----------------+
| time           | mass           | mass_reaction  | outflow_gradient | platen_max     | platen_min     |
+----------------+----------------+----------------+------------------+----------------+----------------+
|   0.000000e+00 |   1.600000e-01 |   0.000000e+00 |     0.000000e+00 |   0.000000e+00 |   0.000000e+00 |
|   1.000000e-03 |   1.594690e-01 |  -5.309999e-01 |     3.351207e-01 |  -2.672384e-03 |  -2.672384e-03 |
|   2.000000e-03 |   1.587020e-01 |  -7.670224e-01 |     5.571281e-01 |  -5.283884e-03 |  -5.283884e-03 |
|   3.000000e-03 |   1.582583e-01 |  -4.437059e-01 |     4.138803e-01 |  -5.349410e-03 |  -5.349410e-03 |
|   4.000000e-03 |   1.578976e-01 |  -3.606515e-01 |     3.438094e-01 |  -5.402654e-03 |  -5.402654e-03 |
|   5.000000e-03 |   1.575844e-01 |  -3.132215e-01 |     3.015911e-01 |  -5.448883e-03 |  -5.448883e-03 |
|   6.000000e-03 |   1.573026e-01 |  -2.817509e-01 |     2.727755e-01 |  -5.490461e-03 |  -5.490461e-03 |
|   7.000000e-03 |   1.570438e-01 |  -2.588853e-01 |     2.514883e-01 |  -5.528663e-03 |  -5.528663e-03 |
|   8.000000e-03 |   1.568025e-01 |  -2.412358e-01 |     2.348761e-01 |  -5.564262e-03 |  -5.564262e-03 |
|   9.000000e-03 |   1.565755e-01 |  -2.269978e-01 |     2.213683e-01 |  -5.597765e-03 |  -5.597765e-03 |
|   1.000000e-02 |   1.563604e-01 |  -2.151098e-01 |     2.100206e-01 |  -5.629521e-03 |  -5.629521e-03 |
|   1.100000e-02 |   1.561555e-01 |  -2.049021e-01 |     2.002289e-01 |  -5.659778e-03 |  -5.659778e-03 |
|   1.200000e-02 |   1.559596e-01 |  -1.959312e-01 |     1.915888e-01 |  -5.688720e-03 |  -5.688720e-03 |
+----------------+----------------+----------------+------------------+----------------+----------------+
+----------------+--------------------+--------------------+----------------+----------------+----------------+
| time           | solid_fraction_max | solid_fraction_min | stability_max  | stability_min  | top_reaction   |
+----------------+--------------------+--------------------+----------------+----------------+----------------+
|   0.000000e+00 |       6.000000e-01 |       6.000000e-01 |   2.800000e+01 |   2.800000e+01 |   0.000000e+00 |
|   1.000000e-03 |       6.044605e-01 |       6.018569e-01 |   2.806435e+01 |   2.800463e+01 |  -7.000000e-01 |
|   2.000000e-03 |       6.089765e-01 |       6.037289e-01 |   2.812772e+01 |   2.800775e+01 |  -1.400000e+00 |
|   3.000000e-03 |       6.091812e-01 |       6.038025e-01 |   2.812872e+01 |   2.800576e+01 |  -1.400000e+00 |
|   4.000000e-03 |       6.093195e-01 |       6.038913e-01 |   2.812888e+01 |   2.800479e+01 |  -1.400000e+00 |
|   5.000000e-03 |       6.094284e-01 |       6.040024e-01 |   2.812824e+01 |   2.800420e+01 |  -1.400000e+00 |
|   6.000000e-03 |       6.095208e-01 |       6.041362e-01 |   2.812689e+01 |   2.800380e+01 |  -1.400000e+00 |
|   7.000000e-03 |       6.096026e-01 |       6.042898e-01 |   2.812495e+01 |   2.800350e+01 |  -1.400000e+00 |
|   8.000000e-03 |       6.096769e-01 |       6.044587e-01 |   2.812256e+01 |   2.800327e+01 |  -1.400000e+00 |
|   9.000000e-03 |       6.097456e-01 |       6.046384e-01 |   2.811983e+01 |   2.800308e+01 |  -1.400000e+00 |
|   1.000000e-02 |       6.098098e-01 |       6.048250e-01 |   2.811688e+01 |   2.800293e+01 |  -1.400000e+00 |
|   1.100000e-02 |       6.098703e-01 |       6.050152e-01 |   2.811378e+01 |   2.800279e+01 |  -1.400000e+00 |
|   1.200000e-02 |       6.099278e-01 |       6.052065e-01 |   2.811060e+01 |   2.800267e+01 |  -1.400000e+00 |
+----------------+--------------------+--------------------+----------------+----------------+----------------+


Time Step 13, time = 0.013, dt = 0.001
 * Nonlinear |R| = [32m2.380057e-02[39m (Before preset BCs, predictors, correctors, and constraints)
 0 Nonlinear |R| = [32m2.380057e-02[39m
      0 Linear |R| = [32m2.380057e-02[39m
      1 Linear |R| = [32m8.638424e-03[39m
      2 Linear |R| = [32m7.592732e-03[39m
      3 Linear |R| = [32m1.351424e-04[39m
      4 Linear |R| = [32m4.104007e-05[39m
      5 Linear |R| = [32m2.320904e-05[39m
      6 Linear |R| = [32m2.960818e-06[39m
      7 Linear |R| = [32m4.530614e-07[39m
      8 Linear |R| = [32m6.414235e-08[39m
      9 Linear |R| = [32m3.898303e-08[39m
     10 Linear |R| = [32m2.098533e-08[39m
     11 Linear |R| = [32m2.231283e-09[39m
     12 Linear |R| = [32m9.464320e-10[39m
     13 Linear |R| = [32m2.620450e-10[39m
     14 Linear |R| = [32m3.374728e-11[39m
     15 Linear |R| = [32m2.540038e-12[39m
 1 Nonlinear |R| = [32m1.321092e-05[39m
      0 Linear |R| = [32m1.321092e-05[39m
      1 Linear |R| = [32m2.506661e-06[39m
      2 Linear |R| = [32m2.022575e-07[39m
      3 Linear |R| = [32m4.259524e-08[39m
      4 Linear |R| = [32m1.355752e-08[39m
      5 Linear |R| = [32m1.152307e-08[39m
      6 Linear |R| = [32m2.937406e-09[39m
      7 Linear |R| = [32m2.609400e-10[39m
      8 Linear |R| = [32m3.697164e-11[39m
      9 Linear |R| = [33m3.630398e-11[39m
     10 Linear |R| = [32m1.495174e-11[39m
     11 Linear |R| = [32m1.065340e-12[39m
     12 Linear |R| = [32m2.512050e-13[39m
     13 Linear |R| = [32m2.232600e-13[39m
     14 Linear |R| = [32m1.977846e-14[39m
     15 Linear |R| = [32m2.361961e-15[39m
 2 Nonlinear |R| = [32m3.407678e-11[39m
      0 Linear |R| = [32m3.407678e-11[39m
      1 Linear |R| = [32m2.523450e-12[39m
      2 Linear |R| = [33m2.483661e-12[39m
      3 Linear |R| = [32m1.662344e-13[39m
      4 Linear |R| = [32m7.420290e-14[39m
      5 Linear |R| = [32m3.641995e-14[39m
      6 Linear |R| = [32m3.363323e-14[39m
      7 Linear |R| = [32m1.957676e-15[39m
      8 Linear |R| = [32m6.977552e-16[39m
      9 Linear |R| = [32m3.163504e-16[39m
     10 Linear |R| = [32m2.202751e-16[39m
     11 Linear |R| = [32m1.181424e-17[39m
     12 Linear |R| = [32m4.356538e-18[39m
     13 Linear |R| = [32m3.991843e-18[39m
     14 Linear |R| = [32m5.966848e-19[39m
     15 Linear |R| = [32m4.042317e-20[39m
     16 Linear |R| = [32m1.217025e-20[39m
 3 Nonlinear |R| = [32m2.382441e-14[39m
[32m Solve Converged![39m

Postprocessor Values:
+----------------+----------------+----------------+----------------+----------------+----------------+----------------+
| time           | J_max          | J_min          | Jbar_max       | Jbar_min       | center_pressure| edge_ux        |
+----------------+----------------+----------------+----------------+----------------+----------------+----------------+
|   0.000000e+00 |   1.000000e+00 |   1.000000e+00 |   1.000000e+00 |   1.000000e+00 |   0.000000e+00 |   0.000000e+00 |
|   1.000000e-03 |   9.908057e-01 |   9.871035e-01 |   9.944418e-01 |   9.938721e-01 |   1.109941e-01 |   7.368701e-03 |
|   2.000000e-03 |   9.817285e-01 |   9.744013e-01 |   9.889792e-01 |   9.878298e-01 |   2.216623e-01 |   1.411385e-02 |
|   3.000000e-03 |   9.814630e-01 |   9.739591e-01 |   9.888625e-01 |   9.876830e-01 |   2.234787e-01 |   1.341406e-02 |
|   4.000000e-03 |   9.812062e-01 |   9.736381e-01 |   9.887612e-01 |   9.875698e-01 |   2.238267e-01 |   1.284518e-02 |
|   5.000000e-03 |   9.809353e-01 |   9.733749e-01 |   9.886705e-01 |   9.874787e-01 |   2.227966e-01 |   1.235105e-02 |
|   6.000000e-03 |   9.806438e-01 |   9.731458e-01 |   9.885877e-01 |   9.874040e-01 |   2.205270e-01 |   1.190650e-02 |
|   7.000000e-03 |   9.803328e-01 |   9.729396e-01 |   9.885109e-01 |   9.873419e-01 |   2.172228e-01 |   1.149795e-02 |
|   8.000000e-03 |   9.800069e-01 |   9.727501e-01 |   9.884388e-01 |   9.872894e-01 |   2.131129e-01 |   1.111715e-02 |
|   9.000000e-03 |   9.796710e-01 |   9.725735e-01 |   9.883707e-01 |   9.872446e-01 |   2.084127e-01 |   1.075873e-02 |
|   1.000000e-02 |   9.793301e-01 |   9.724074e-01 |   9.883059e-01 |   9.872056e-01 |   2.033066e-01 |   1.041897e-02 |
|   1.100000e-02 |   9.789880e-01 |   9.722500e-01 |   9.882440e-01 |   9.871711e-01 |   1.979425e-01 |   1.009521e-02 |
|   1.200000e-02 |   9.786479e-01 |   9.721000e-01 |   9.881847e-01 |   9.871402e-01 |   1.924345e-01 |   9.785514e-03 |
|   1.300000e-02 |   9.783121e-01 |   9.719565e-01 |   9.881278e-01 |   9.871122e-01 |   1.868679e-01 |   9.488404e-03 |
+----------------+----------------+----------------+----------------+----------------+----------------+----------------+
+----------------+----------------+----------------+------------------+----------------+----------------+
| time           | mass           | mass_reaction  | outflow_gradient | platen_max     | platen_min     |
+----------------+----------------+----------------+------------------+----------------+----------------+
|   0.000000e+00 |   1.600000e-01 |   0.000000e+00 |     0.000000e+00 |   0.000000e+00 |   0.000000e+00 |
|   1.000000e-03 |   1.594690e-01 |  -5.309999e-01 |     3.351207e-01 |  -2.672384e-03 |  -2.672384e-03 |
|   2.000000e-03 |   1.587020e-01 |  -7.670224e-01 |     5.571281e-01 |  -5.283884e-03 |  -5.283884e-03 |
|   3.000000e-03 |   1.582583e-01 |  -4.437059e-01 |     4.138803e-01 |  -5.349410e-03 |  -5.349410e-03 |
|   4.000000e-03 |   1.578976e-01 |  -3.606515e-01 |     3.438094e-01 |  -5.402654e-03 |  -5.402654e-03 |
|   5.000000e-03 |   1.575844e-01 |  -3.132215e-01 |     3.015911e-01 |  -5.448883e-03 |  -5.448883e-03 |
|   6.000000e-03 |   1.573026e-01 |  -2.817509e-01 |     2.727755e-01 |  -5.490461e-03 |  -5.490461e-03 |
|   7.000000e-03 |   1.570438e-01 |  -2.588853e-01 |     2.514883e-01 |  -5.528663e-03 |  -5.528663e-03 |
|   8.000000e-03 |   1.568025e-01 |  -2.412358e-01 |     2.348761e-01 |  -5.564262e-03 |  -5.564262e-03 |
|   9.000000e-03 |   1.565755e-01 |  -2.269978e-01 |     2.213683e-01 |  -5.597765e-03 |  -5.597765e-03 |
|   1.000000e-02 |   1.563604e-01 |  -2.151098e-01 |     2.100206e-01 |  -5.629521e-03 |  -5.629521e-03 |
|   1.100000e-02 |   1.561555e-01 |  -2.049021e-01 |     2.002289e-01 |  -5.659778e-03 |  -5.659778e-03 |
|   1.200000e-02 |   1.559596e-01 |  -1.959312e-01 |     1.915888e-01 |  -5.688720e-03 |  -5.688720e-03 |
|   1.300000e-02 |   1.557717e-01 |  -1.878932e-01 |     1.838214e-01 |  -5.716486e-03 |  -5.716486e-03 |
+----------------+----------------+----------------+------------------+----------------+----------------+
+----------------+--------------------+--------------------+----------------+----------------+----------------+
| time           | solid_fraction_max | solid_fraction_min | stability_max  | stability_min  | top_reaction   |
+----------------+--------------------+--------------------+----------------+----------------+----------------+
|   0.000000e+00 |       6.000000e-01 |       6.000000e-01 |   2.800000e+01 |   2.800000e+01 |   0.000000e+00 |
|   1.000000e-03 |       6.044605e-01 |       6.018569e-01 |   2.806435e+01 |   2.800463e+01 |  -7.000000e-01 |
|   2.000000e-03 |       6.089765e-01 |       6.037289e-01 |   2.812772e+01 |   2.800775e+01 |  -1.400000e+00 |
|   3.000000e-03 |       6.091812e-01 |       6.038025e-01 |   2.812872e+01 |   2.800576e+01 |  -1.400000e+00 |
|   4.000000e-03 |       6.093195e-01 |       6.038913e-01 |   2.812888e+01 |   2.800479e+01 |  -1.400000e+00 |
|   5.000000e-03 |       6.094284e-01 |       6.040024e-01 |   2.812824e+01 |   2.800420e+01 |  -1.400000e+00 |
|   6.000000e-03 |       6.095208e-01 |       6.041362e-01 |   2.812689e+01 |   2.800380e+01 |  -1.400000e+00 |
|   7.000000e-03 |       6.096026e-01 |       6.042898e-01 |   2.812495e+01 |   2.800350e+01 |  -1.400000e+00 |
|   8.000000e-03 |       6.096769e-01 |       6.044587e-01 |   2.812256e+01 |   2.800327e+01 |  -1.400000e+00 |
|   9.000000e-03 |       6.097456e-01 |       6.046384e-01 |   2.811983e+01 |   2.800308e+01 |  -1.400000e+00 |
|   1.000000e-02 |       6.098098e-01 |       6.048250e-01 |   2.811688e+01 |   2.800293e+01 |  -1.400000e+00 |
|   1.100000e-02 |       6.098703e-01 |       6.050152e-01 |   2.811378e+01 |   2.800279e+01 |  -1.400000e+00 |
|   1.200000e-02 |       6.099278e-01 |       6.052065e-01 |   2.811060e+01 |   2.800267e+01 |  -1.400000e+00 |
|   1.300000e-02 |       6.099827e-01 |       6.053971e-01 |   2.810740e+01 |   2.800256e+01 |  -1.400000e+00 |
+----------------+--------------------+--------------------+----------------+----------------+----------------+


Time Step 14, time = 0.014, dt = 0.001
 * Nonlinear |R| = [32m2.293252e-02[39m (Before preset BCs, predictors, correctors, and constraints)
 0 Nonlinear |R| = [32m2.293252e-02[39m
      0 Linear |R| = [32m2.293252e-02[39m
      1 Linear |R| = [32m8.309632e-03[39m
      2 Linear |R| = [32m7.306066e-03[39m
      3 Linear |R| = [32m1.299455e-04[39m
      4 Linear |R| = [32m3.948501e-05[39m
      5 Linear |R| = [32m2.330435e-05[39m
      6 Linear |R| = [32m2.986433e-06[39m
      7 Linear |R| = [32m4.380540e-07[39m
      8 Linear |R| = [32m7.328401e-08[39m
      9 Linear |R| = [32m3.861813e-08[39m
     10 Linear |R| = [32m2.047010e-08[39m
     11 Linear |R| = [32m2.568615e-09[39m
     12 Linear |R| = [32m1.587955e-09[39m
     13 Linear |R| = [32m2.615213e-10[39m
     14 Linear |R| = [32m3.429654e-11[39m
     15 Linear |R| = [32m3.215083e-12[39m
 1 Nonlinear |R| = [32m1.243755e-05[39m
      0 Linear |R| = [32m1.243755e-05[39m
      1 Linear |R| = [32m2.344931e-06[39m
      2 Linear |R| = [32m1.855613e-07[39m
      3 Linear |R| = [32m3.988251e-08[39m
      4 Linear |R| = [32m1.277405e-08[39m
      5 Linear |R| = [32m1.108476e-08[39m
      6 Linear |R| = [32m2.885039e-09[39m
      7 Linear |R| = [32m2.759769e-10[39m
      8 Linear |R| = [32m3.640177e-11[39m
      9 Linear |R| = [32m3.446818e-11[39m
     10 Linear |R| = [32m9.905361e-12[39m
     11 Linear |R| = [32m1.041281e-12[39m
     12 Linear |R| = [32m2.818247e-13[39m
     13 Linear |R| = [32m2.164491e-13[39m
     14 Linear |R| = [32m1.875723e-14[39m
     15 Linear |R| = [32m2.236189e-15[39m
 2 Nonlinear |R| = [32m3.357875e-11[39m
      0 Linear |R| = [32m3.357875e-11[39m
      1 Linear |R| = [32m6.186825e-12[39m
      2 Linear |R| = [32m3.848738e-12[39m
      3 Linear |R| = [32m1.561217e-13[39m
      4 Linear |R| = [32m4.975978e-14[39m
      5 Linear |R| = [32m3.170406e-14[39m
      6 Linear |R| = [32m2.787213e-14[39m
      7 Linear |R| = [32m1.617016e-15[39m
      8 Linear |R| = [32m5.827125e-16[39m
      9 Linear |R| = [32m3.053665e-16[39m
     10 Linear |R| = [32m2.719350e-16[39m
     11 Linear |R| = [32m5.028786e-17[39m
     12 Linear |R| = [32m4.634836e-18[39m
     13 Linear |R| = [32m3.636587e-18[39m
     14 Linear |R| = [32m9.673330e-19[39m
     15 Linear |R| = [32m3.283030e-20[39m
 3 Nonlinear |R| = [32m2.495078e-14[39m
[32m Solve Converged![39m

Postprocessor Values:
+----------------+----------------+----------------+----------------+----------------+----------------+----------------+
| time           | J_max          | J_min          | Jbar_max       | Jbar_min       | center_pressure| edge_ux        |
+----------------+----------------+----------------+----------------+----------------+----------------+----------------+
|   0.000000e+00 |   1.000000e+00 |   1.000000e+00 |   1.000000e+00 |   1.000000e+00 |   0.000000e+00 |   0.000000e+00 |
|   1.000000e-03 |   9.908057e-01 |   9.871035e-01 |   9.944418e-01 |   9.938721e-01 |   1.109941e-01 |   7.368701e-03 |
|   2.000000e-03 |   9.817285e-01 |   9.744013e-01 |   9.889792e-01 |   9.878298e-01 |   2.216623e-01 |   1.411385e-02 |
|   3.000000e-03 |   9.814630e-01 |   9.739591e-01 |   9.888625e-01 |   9.876830e-01 |   2.234787e-01 |   1.341406e-02 |
|   4.000000e-03 |   9.812062e-01 |   9.736381e-01 |   9.887612e-01 |   9.875698e-01 |   2.238267e-01 |   1.284518e-02 |
|   5.000000e-03 |   9.809353e-01 |   9.733749e-01 |   9.886705e-01 |   9.874787e-01 |   2.227966e-01 |   1.235105e-02 |
|   6.000000e-03 |   9.806438e-01 |   9.731458e-01 |   9.885877e-01 |   9.874040e-01 |   2.205270e-01 |   1.190650e-02 |
|   7.000000e-03 |   9.803328e-01 |   9.729396e-01 |   9.885109e-01 |   9.873419e-01 |   2.172228e-01 |   1.149795e-02 |
|   8.000000e-03 |   9.800069e-01 |   9.727501e-01 |   9.884388e-01 |   9.872894e-01 |   2.131129e-01 |   1.111715e-02 |
|   9.000000e-03 |   9.796710e-01 |   9.725735e-01 |   9.883707e-01 |   9.872446e-01 |   2.084127e-01 |   1.075873e-02 |
|   1.000000e-02 |   9.793301e-01 |   9.724074e-01 |   9.883059e-01 |   9.872056e-01 |   2.033066e-01 |   1.041897e-02 |
|   1.100000e-02 |   9.789880e-01 |   9.722500e-01 |   9.882440e-01 |   9.871711e-01 |   1.979425e-01 |   1.009521e-02 |
|   1.200000e-02 |   9.786479e-01 |   9.721000e-01 |   9.881847e-01 |   9.871402e-01 |   1.924345e-01 |   9.785514e-03 |
|   1.300000e-02 |   9.783121e-01 |   9.719565e-01 |   9.881278e-01 |   9.871122e-01 |   1.868679e-01 |   9.488404e-03 |
|   1.400000e-02 |   9.779821e-01 |   9.718189e-01 |   9.880730e-01 |   9.870864e-01 |   1.813057e-01 |   9.202753e-03 |
+----------------+----------------+----------------+----------------+----------------+----------------+----------------+
+----------------+----------------+----------------+------------------+----------------+----------------+
| time           | mass           | mass_reaction  | outflow_gradient | platen_max     | platen_min     |
+----------------+----------------+----------------+------------------+----------------+----------------+
|   0.000000e+00 |   1.600000e-01 |   0.000000e+00 |     0.000000e+00 |   0.000000e+00 |   0.000000e+00 |
|   1.000000e-03 |   1.594690e-01 |  -5.309999e-01 |     3.351207e-01 |  -2.672384e-03 |  -2.672384e-03 |
|   2.000000e-03 |   1.587020e-01 |  -7.670224e-01 |     5.571281e-01 |  -5.283884e-03 |  -5.283884e-03 |
|   3.000000e-03 |   1.582583e-01 |  -4.437059e-01 |     4.138803e-01 |  -5.349410e-03 |  -5.349410e-03 |
|   4.000000e-03 |   1.578976e-01 |  -3.606515e-01 |     3.438094e-01 |  -5.402654e-03 |  -5.402654e-03 |
|   5.000000e-03 |   1.575844e-01 |  -3.132215e-01 |     3.015911e-01 |  -5.448883e-03 |  -5.448883e-03 |
|   6.000000e-03 |   1.573026e-01 |  -2.817509e-01 |     2.727755e-01 |  -5.490461e-03 |  -5.490461e-03 |
|   7.000000e-03 |   1.570438e-01 |  -2.588853e-01 |     2.514883e-01 |  -5.528663e-03 |  -5.528663e-03 |
|   8.000000e-03 |   1.568025e-01 |  -2.412358e-01 |     2.348761e-01 |  -5.564262e-03 |  -5.564262e-03 |
|   9.000000e-03 |   1.565755e-01 |  -2.269978e-01 |     2.213683e-01 |  -5.597765e-03 |  -5.597765e-03 |
|   1.000000e-02 |   1.563604e-01 |  -2.151098e-01 |     2.100206e-01 |  -5.629521e-03 |  -5.629521e-03 |
|   1.100000e-02 |   1.561555e-01 |  -2.049021e-01 |     2.002289e-01 |  -5.659778e-03 |  -5.659778e-03 |
|   1.200000e-02 |   1.559596e-01 |  -1.959312e-01 |     1.915888e-01 |  -5.688720e-03 |  -5.688720e-03 |
|   1.300000e-02 |   1.557717e-01 |  -1.878932e-01 |     1.838214e-01 |  -5.716486e-03 |  -5.716486e-03 |
|   1.400000e-02 |   1.555911e-01 |  -1.805744e-01 |     1.767299e-01 |  -5.743180e-03 |  -5.743180e-03 |
+----------------+----------------+----------------+------------------+----------------+----------------+
+----------------+--------------------+--------------------+----------------+----------------+----------------+
| time           | solid_fraction_max | solid_fraction_min | stability_max  | stability_min  | top_reaction   |
+----------------+--------------------+--------------------+----------------+----------------+----------------+
|   0.000000e+00 |       6.000000e-01 |       6.000000e-01 |   2.800000e+01 |   2.800000e+01 |   0.000000e+00 |
|   1.000000e-03 |       6.044605e-01 |       6.018569e-01 |   2.806435e+01 |   2.800463e+01 |  -7.000000e-01 |
|   2.000000e-03 |       6.089765e-01 |       6.037289e-01 |   2.812772e+01 |   2.800775e+01 |  -1.400000e+00 |
|   3.000000e-03 |       6.091812e-01 |       6.038025e-01 |   2.812872e+01 |   2.800576e+01 |  -1.400000e+00 |
|   4.000000e-03 |       6.093195e-01 |       6.038913e-01 |   2.812888e+01 |   2.800479e+01 |  -1.400000e+00 |
|   5.000000e-03 |       6.094284e-01 |       6.040024e-01 |   2.812824e+01 |   2.800420e+01 |  -1.400000e+00 |
|   6.000000e-03 |       6.095208e-01 |       6.041362e-01 |   2.812689e+01 |   2.800380e+01 |  -1.400000e+00 |
|   7.000000e-03 |       6.096026e-01 |       6.042898e-01 |   2.812495e+01 |   2.800350e+01 |  -1.400000e+00 |
|   8.000000e-03 |       6.096769e-01 |       6.044587e-01 |   2.812256e+01 |   2.800327e+01 |  -1.400000e+00 |
|   9.000000e-03 |       6.097456e-01 |       6.046384e-01 |   2.811983e+01 |   2.800308e+01 |  -1.400000e+00 |
|   1.000000e-02 |       6.098098e-01 |       6.048250e-01 |   2.811688e+01 |   2.800293e+01 |  -1.400000e+00 |
|   1.100000e-02 |       6.098703e-01 |       6.050152e-01 |   2.811378e+01 |   2.800279e+01 |  -1.400000e+00 |
|   1.200000e-02 |       6.099278e-01 |       6.052065e-01 |   2.811060e+01 |   2.800267e+01 |  -1.400000e+00 |
|   1.300000e-02 |       6.099827e-01 |       6.053971e-01 |   2.810740e+01 |   2.800256e+01 |  -1.400000e+00 |
|   1.400000e-02 |       6.100352e-01 |       6.055855e-01 |   2.810419e+01 |   2.800246e+01 |  -1.400000e+00 |
+----------------+--------------------+--------------------+----------------+----------------+----------------+


Time Step 15, time = 0.015, dt = 0.001
 * Nonlinear |R| = [32m2.212838e-02[39m (Before preset BCs, predictors, correctors, and constraints)
 0 Nonlinear |R| = [32m2.212838e-02[39m
      0 Linear |R| = [32m2.212838e-02[39m
      1 Linear |R| = [32m8.006190e-03[39m
      2 Linear |R| = [32m7.041149e-03[39m
      3 Linear |R| = [32m1.251489e-04[39m
      4 Linear |R| = [32m3.804318e-05[39m
      5 Linear |R| = [32m2.231778e-05[39m
      6 Linear |R| = [32m2.983706e-06[39m
      7 Linear |R| = [32m4.257383e-07[39m
      8 Linear |R| = [32m6.860732e-08[39m
      9 Linear |R| = [32m3.799844e-08[39m
     10 Linear |R| = [32m1.989885e-08[39m
     11 Linear |R| = [32m2.852520e-09[39m
     12 Linear |R| = [32m9.473946e-10[39m
     13 Linear |R| = [32m2.585805e-10[39m
     14 Linear |R| = [32m3.362340e-11[39m
     15 Linear |R| = [32m2.512404e-12[39m
 1 Nonlinear |R| = [32m1.172722e-05[39m
      0 Linear |R| = [32m1.172722e-05[39m
      1 Linear |R| = [32m2.205740e-06[39m
      2 Linear |R| = [32m2.090652e-07[39m
      3 Linear |R| = [32m3.748692e-08[39m
      4 Linear |R| = [32m1.205508e-08[39m
      5 Linear |R| = [32m1.046659e-08[39m
      6 Linear |R| = [32m2.810574e-09[39m
      7 Linear |R| = [32m2.849502e-10[39m
      8 Linear |R| = [32m3.423327e-11[39m
      9 Linear |R| = [33m3.276800e-11[39m
     10 Linear |R| = [32m6.931667e-12[39m
     11 Linear |R| = [32m9.701148e-13[39m
     12 Linear |R| = [32m2.415881e-13[39m
     13 Linear |R| = [32m2.079009e-13[39m
     14 Linear |R| = [32m1.747333e-14[39m
     15 Linear |R| = [32m2.104047e-15[39m
 2 Nonlinear |R| = [32m3.178835e-11[39m
      0 Linear |R| = [32m3.178835e-11[39m
      1 Linear |R| = [32m1.091074e-12[39m
      2 Linear |R| = [32m4.433190e-13[39m
      3 Linear |R| = [32m1.285870e-13[39m
      4 Linear |R| = [32m6.363414e-14[39m
      5 Linear |R| = [32m2.887885e-14[39m
      6 Linear |R| = [33m2.745257e-14[39m
      7 Linear |R| = [32m2.241412e-15[39m
      8 Linear |R| = [32m7.186103e-16[39m
      9 Linear |R| = [32m3.849218e-16[39m
     10 Linear |R| = [33m3.743954e-16[39m
     11 Linear |R| = [32m4.457007e-17[39m
     12 Linear |R| = [32m4.989568e-18[39m
     13 Linear |R| = [32m2.499537e-18[39m
     14 Linear |R| = [32m5.110435e-19[39m
     15 Linear |R| = [32m4.109692e-20[39m
     16 Linear |R| = [32m1.030187e-20[39m
 3 Nonlinear |R| = [32m2.852160e-14[39m
[32m Solve Converged![39m

Postprocessor Values:
+----------------+----------------+----------------+----------------+----------------+----------------+----------------+
| time           | J_max          | J_min          | Jbar_max       | Jbar_min       | center_pressure| edge_ux        |
+----------------+----------------+----------------+----------------+----------------+----------------+----------------+
:                :                :                :                :                :                :                :
|   1.000000e-03 |   9.908057e-01 |   9.871035e-01 |   9.944418e-01 |   9.938721e-01 |   1.109941e-01 |   7.368701e-03 |
|   2.000000e-03 |   9.817285e-01 |   9.744013e-01 |   9.889792e-01 |   9.878298e-01 |   2.216623e-01 |   1.411385e-02 |
|   3.000000e-03 |   9.814630e-01 |   9.739591e-01 |   9.888625e-01 |   9.876830e-01 |   2.234787e-01 |   1.341406e-02 |
|   4.000000e-03 |   9.812062e-01 |   9.736381e-01 |   9.887612e-01 |   9.875698e-01 |   2.238267e-01 |   1.284518e-02 |
|   5.000000e-03 |   9.809353e-01 |   9.733749e-01 |   9.886705e-01 |   9.874787e-01 |   2.227966e-01 |   1.235105e-02 |
|   6.000000e-03 |   9.806438e-01 |   9.731458e-01 |   9.885877e-01 |   9.874040e-01 |   2.205270e-01 |   1.190650e-02 |
|   7.000000e-03 |   9.803328e-01 |   9.729396e-01 |   9.885109e-01 |   9.873419e-01 |   2.172228e-01 |   1.149795e-02 |
|   8.000000e-03 |   9.800069e-01 |   9.727501e-01 |   9.884388e-01 |   9.872894e-01 |   2.131129e-01 |   1.111715e-02 |
|   9.000000e-03 |   9.796710e-01 |   9.725735e-01 |   9.883707e-01 |   9.872446e-01 |   2.084127e-01 |   1.075873e-02 |
|   1.000000e-02 |   9.793301e-01 |   9.724074e-01 |   9.883059e-01 |   9.872056e-01 |   2.033066e-01 |   1.041897e-02 |
|   1.100000e-02 |   9.789880e-01 |   9.722500e-01 |   9.882440e-01 |   9.871711e-01 |   1.979425e-01 |   1.009521e-02 |
|   1.200000e-02 |   9.786479e-01 |   9.721000e-01 |   9.881847e-01 |   9.871402e-01 |   1.924345e-01 |   9.785514e-03 |
|   1.300000e-02 |   9.783121e-01 |   9.719565e-01 |   9.881278e-01 |   9.871122e-01 |   1.868679e-01 |   9.488404e-03 |
|   1.400000e-02 |   9.779821e-01 |   9.718189e-01 |   9.880730e-01 |   9.870864e-01 |   1.813057e-01 |   9.202753e-03 |
|   1.500000e-02 |   9.776592e-01 |   9.716866e-01 |   9.880201e-01 |   9.870624e-01 |   1.757931e-01 |   8.927670e-03 |
+----------------+----------------+----------------+----------------+----------------+----------------+----------------+
+----------------+----------------+----------------+------------------+----------------+----------------+
| time           | mass           | mass_reaction  | outflow_gradient | platen_max     | platen_min     |
+----------------+----------------+----------------+------------------+----------------+----------------+
:                :                :                :                  :                :                :
|   1.000000e-03 |   1.594690e-01 |  -5.309999e-01 |     3.351207e-01 |  -2.672384e-03 |  -2.672384e-03 |
|   2.000000e-03 |   1.587020e-01 |  -7.670224e-01 |     5.571281e-01 |  -5.283884e-03 |  -5.283884e-03 |
|   3.000000e-03 |   1.582583e-01 |  -4.437059e-01 |     4.138803e-01 |  -5.349410e-03 |  -5.349410e-03 |
|   4.000000e-03 |   1.578976e-01 |  -3.606515e-01 |     3.438094e-01 |  -5.402654e-03 |  -5.402654e-03 |
|   5.000000e-03 |   1.575844e-01 |  -3.132215e-01 |     3.015911e-01 |  -5.448883e-03 |  -5.448883e-03 |
|   6.000000e-03 |   1.573026e-01 |  -2.817509e-01 |     2.727755e-01 |  -5.490461e-03 |  -5.490461e-03 |
|   7.000000e-03 |   1.570438e-01 |  -2.588853e-01 |     2.514883e-01 |  -5.528663e-03 |  -5.528663e-03 |
|   8.000000e-03 |   1.568025e-01 |  -2.412358e-01 |     2.348761e-01 |  -5.564262e-03 |  -5.564262e-03 |
|   9.000000e-03 |   1.565755e-01 |  -2.269978e-01 |     2.213683e-01 |  -5.597765e-03 |  -5.597765e-03 |
|   1.000000e-02 |   1.563604e-01 |  -2.151098e-01 |     2.100206e-01 |  -5.629521e-03 |  -5.629521e-03 |
|   1.100000e-02 |   1.561555e-01 |  -2.049021e-01 |     2.002289e-01 |  -5.659778e-03 |  -5.659778e-03 |
|   1.200000e-02 |   1.559596e-01 |  -1.959312e-01 |     1.915888e-01 |  -5.688720e-03 |  -5.688720e-03 |
|   1.300000e-02 |   1.557717e-01 |  -1.878932e-01 |     1.838214e-01 |  -5.716486e-03 |  -5.716486e-03 |
|   1.400000e-02 |   1.555911e-01 |  -1.805744e-01 |     1.767299e-01 |  -5.743180e-03 |  -5.743180e-03 |
|   1.500000e-02 |   1.554173e-01 |  -1.738225e-01 |     1.701730e-01 |  -5.768886e-03 |  -5.768886e-03 |
+----------------+----------------+----------------+------------------+----------------+----------------+
+----------------+--------------------+--------------------+----------------+----------------+----------------+
| time           | solid_fraction_max | solid_fraction_min | stability_max  | stability_min  | top_reaction   |
+----------------+--------------------+--------------------+----------------+----------------+----------------+
:                :                    :                    :                :                :                :
|   1.000000e-03 |       6.044605e-01 |       6.018569e-01 |   2.806435e+01 |   2.800463e+01 |  -7.000000e-01 |
|   2.000000e-03 |       6.089765e-01 |       6.037289e-01 |   2.812772e+01 |   2.800775e+01 |  -1.400000e+00 |
|   3.000000e-03 |       6.091812e-01 |       6.038025e-01 |   2.812872e+01 |   2.800576e+01 |  -1.400000e+00 |
|   4.000000e-03 |       6.093195e-01 |       6.038913e-01 |   2.812888e+01 |   2.800479e+01 |  -1.400000e+00 |
|   5.000000e-03 |       6.094284e-01 |       6.040024e-01 |   2.812824e+01 |   2.800420e+01 |  -1.400000e+00 |
|   6.000000e-03 |       6.095208e-01 |       6.041362e-01 |   2.812689e+01 |   2.800380e+01 |  -1.400000e+00 |
|   7.000000e-03 |       6.096026e-01 |       6.042898e-01 |   2.812495e+01 |   2.800350e+01 |  -1.400000e+00 |
|   8.000000e-03 |       6.096769e-01 |       6.044587e-01 |   2.812256e+01 |   2.800327e+01 |  -1.400000e+00 |
|   9.000000e-03 |       6.097456e-01 |       6.046384e-01 |   2.811983e+01 |   2.800308e+01 |  -1.400000e+00 |
|   1.000000e-02 |       6.098098e-01 |       6.048250e-01 |   2.811688e+01 |   2.800293e+01 |  -1.400000e+00 |
|   1.100000e-02 |       6.098703e-01 |       6.050152e-01 |   2.811378e+01 |   2.800279e+01 |  -1.400000e+00 |
|   1.200000e-02 |       6.099278e-01 |       6.052065e-01 |   2.811060e+01 |   2.800267e+01 |  -1.400000e+00 |
|   1.300000e-02 |       6.099827e-01 |       6.053971e-01 |   2.810740e+01 |   2.800256e+01 |  -1.400000e+00 |
|   1.400000e-02 |       6.100352e-01 |       6.055855e-01 |   2.810419e+01 |   2.800246e+01 |  -1.400000e+00 |
|   1.500000e-02 |       6.100857e-01 |       6.057708e-01 |   2.810102e+01 |   2.800237e+01 |  -1.400000e+00 |
+----------------+--------------------+--------------------+----------------+----------------+----------------+


Time Step 16, time = 0.016, dt = 0.001
 * Nonlinear |R| = [32m2.137140e-02[39m (Before preset BCs, predictors, correctors, and constraints)
 0 Nonlinear |R| = [32m2.137140e-02[39m
      0 Linear |R| = [32m2.137140e-02[39m
      1 Linear |R| = [32m7.722810e-03[39m
      2 Linear |R| = [32m6.793459e-03[39m
      3 Linear |R| = [32m1.206746e-04[39m
      4 Linear |R| = [32m3.670020e-05[39m
      5 Linear |R| = [32m2.191011e-05[39m
      6 Linear |R| = [32m2.958317e-06[39m
      7 Linear |R| = [32m4.144761e-07[39m
      8 Linear |R| = [32m6.959547e-08[39m
      9 Linear |R| = [32m3.721203e-08[39m
     10 Linear |R| = [32m1.930178e-08[39m
     11 Linear |R| = [32m3.038254e-09[39m
     12 Linear |R| = [32m1.003806e-09[39m
     13 Linear |R| = [32m2.540908e-10[39m
     14 Linear |R| = [32m3.255219e-11[39m
     15 Linear |R| = [32m2.513553e-12[39m
 1 Nonlinear |R| = [32m1.100459e-05[39m
      0 Linear |R| = [32m1.100459e-05[39m
      1 Linear |R| = [32m2.064177e-06[39m
      2 Linear |R| = [32m9.793000e-08[39m
      3 Linear |R| = [32m3.520147e-08[39m
      4 Linear |R| = [32m1.138129e-08[39m
      5 Linear |R| = [32m9.691200e-09[39m
      6 Linear |R| = [32m2.704652e-09[39m
      7 Linear |R| = [32m2.814454e-10[39m
      8 Linear |R| = [32m3.530146e-11[39m
      9 Linear |R| = [32m3.077674e-11[39m
     10 Linear |R| = [32m6.713468e-12[39m
     11 Linear |R| = [32m8.479198e-13[39m
     12 Linear |R| = [32m2.852848e-13[39m
     13 Linear |R| = [32m1.911499e-13[39m
     14 Linear |R| = [32m1.550745e-14[39m
     15 Linear |R| = [32m1.949739e-15[39m
 2 Nonlinear |R| = [32m2.946435e-11[39m
      0 Linear |R| = [32m2.946435e-11[39m
      1 Linear |R| = [32m5.490490e-12[39m
      2 Linear |R| = [33m5.409263e-12[39m
      3 Linear |R| = [32m1.119473e-13[39m
      4 Linear |R| = [32m4.525700e-14[39m
      5 Linear |R| = [32m2.988002e-14[39m
      6 Linear |R| = [32m2.204759e-14[39m
      7 Linear |R| = [32m2.681173e-15[39m
      8 Linear |R| = [32m6.492899e-16[39m
      9 Linear |R| = [32m2.349668e-16[39m
     10 Linear |R| = [32m1.532215e-16[39m
     11 Linear |R| = [32m4.332139e-17[39m
     12 Linear |R| = [32m1.978936e-18[39m
     13 Linear |R| = [33m1.906664e-18[39m
     14 Linear |R| = [32m6.247799e-19[39m
     15 Linear |R| = [32m1.780768e-20[39m
 3 Nonlinear |R| = [32m2.794924e-14[39m
[32m Solve Converged![39m

Postprocessor Values:
+----------------+----------------+----------------+----------------+----------------+----------------+----------------+
| time           | J_max          | J_min          | Jbar_max       | Jbar_min       | center_pressure| edge_ux        |
+----------------+----------------+----------------+----------------+----------------+----------------+----------------+
:                :                :                :                :                :                :                :
|   2.000000e-03 |   9.817285e-01 |   9.744013e-01 |   9.889792e-01 |   9.878298e-01 |   2.216623e-01 |   1.411385e-02 |
|   3.000000e-03 |   9.814630e-01 |   9.739591e-01 |   9.888625e-01 |   9.876830e-01 |   2.234787e-01 |   1.341406e-02 |
|   4.000000e-03 |   9.812062e-01 |   9.736381e-01 |   9.887612e-01 |   9.875698e-01 |   2.238267e-01 |   1.284518e-02 |
|   5.000000e-03 |   9.809353e-01 |   9.733749e-01 |   9.886705e-01 |   9.874787e-01 |   2.227966e-01 |   1.235105e-02 |
|   6.000000e-03 |   9.806438e-01 |   9.731458e-01 |   9.885877e-01 |   9.874040e-01 |   2.205270e-01 |   1.190650e-02 |
|   7.000000e-03 |   9.803328e-01 |   9.729396e-01 |   9.885109e-01 |   9.873419e-01 |   2.172228e-01 |   1.149795e-02 |
|   8.000000e-03 |   9.800069e-01 |   9.727501e-01 |   9.884388e-01 |   9.872894e-01 |   2.131129e-01 |   1.111715e-02 |
|   9.000000e-03 |   9.796710e-01 |   9.725735e-01 |   9.883707e-01 |   9.872446e-01 |   2.084127e-01 |   1.075873e-02 |
|   1.000000e-02 |   9.793301e-01 |   9.724074e-01 |   9.883059e-01 |   9.872056e-01 |   2.033066e-01 |   1.041897e-02 |
|   1.100000e-02 |   9.789880e-01 |   9.722500e-01 |   9.882440e-01 |   9.871711e-01 |   1.979425e-01 |   1.009521e-02 |
|   1.200000e-02 |   9.786479e-01 |   9.721000e-01 |   9.881847e-01 |   9.871402e-01 |   1.924345e-01 |   9.785514e-03 |
|   1.300000e-02 |   9.783121e-01 |   9.719565e-01 |   9.881278e-01 |   9.871122e-01 |   1.868679e-01 |   9.488404e-03 |
|   1.400000e-02 |   9.779821e-01 |   9.718189e-01 |   9.880730e-01 |   9.870864e-01 |   1.813057e-01 |   9.202753e-03 |
|   1.500000e-02 |   9.776592e-01 |   9.716866e-01 |   9.880201e-01 |   9.870624e-01 |   1.757931e-01 |   8.927670e-03 |
|   1.600000e-02 |   9.773441e-01 |   9.715592e-01 |   9.879692e-01 |   9.870400e-01 |   1.703620e-01 |   8.662444e-03 |
+----------------+----------------+----------------+----------------+----------------+----------------+----------------+
+----------------+----------------+----------------+------------------+----------------+----------------+
| time           | mass           | mass_reaction  | outflow_gradient | platen_max     | platen_min     |
+----------------+----------------+----------------+------------------+----------------+----------------+
:                :                :                :                  :                :                :
|   2.000000e-03 |   1.587020e-01 |  -7.670224e-01 |     5.571281e-01 |  -5.283884e-03 |  -5.283884e-03 |
|   3.000000e-03 |   1.582583e-01 |  -4.437059e-01 |     4.138803e-01 |  -5.349410e-03 |  -5.349410e-03 |
|   4.000000e-03 |   1.578976e-01 |  -3.606515e-01 |     3.438094e-01 |  -5.402654e-03 |  -5.402654e-03 |
|   5.000000e-03 |   1.575844e-01 |  -3.132215e-01 |     3.015911e-01 |  -5.448883e-03 |  -5.448883e-03 |
|   6.000000e-03 |   1.573026e-01 |  -2.817509e-01 |     2.727755e-01 |  -5.490461e-03 |  -5.490461e-03 |
|   7.000000e-03 |   1.570438e-01 |  -2.588853e-01 |     2.514883e-01 |  -5.528663e-03 |  -5.528663e-03 |
|   8.000000e-03 |   1.568025e-01 |  -2.412358e-01 |     2.348761e-01 |  -5.564262e-03 |  -5.564262e-03 |
|   9.000000e-03 |   1.565755e-01 |  -2.269978e-01 |     2.213683e-01 |  -5.597765e-03 |  -5.597765e-03 |
|   1.000000e-02 |   1.563604e-01 |  -2.151098e-01 |     2.100206e-01 |  -5.629521e-03 |  -5.629521e-03 |
|   1.100000e-02 |   1.561555e-01 |  -2.049021e-01 |     2.002289e-01 |  -5.659778e-03 |  -5.659778e-03 |
|   1.200000e-02 |   1.559596e-01 |  -1.959312e-01 |     1.915888e-01 |  -5.688720e-03 |  -5.688720e-03 |
|   1.300000e-02 |   1.557717e-01 |  -1.878932e-01 |     1.838214e-01 |  -5.716486e-03 |  -5.716486e-03 |
|   1.400000e-02 |   1.555911e-01 |  -1.805744e-01 |     1.767299e-01 |  -5.743180e-03 |  -5.743180e-03 |
|   1.500000e-02 |   1.554173e-01 |  -1.738225e-01 |     1.701730e-01 |  -5.768886e-03 |  -5.768886e-03 |
|   1.600000e-02 |   1.552498e-01 |  -1.675267e-01 |     1.640482e-01 |  -5.793672e-03 |  -5.793672e-03 |
+----------------+----------------+----------------+------------------+----------------+----------------+
+----------------+--------------------+--------------------+----------------+----------------+----------------+
| time           | solid_fraction_max | solid_fraction_min | stability_max  | stability_min  | top_reaction   |
+----------------+--------------------+--------------------+----------------+----------------+----------------+
:                :                    :                    :                :                :                :
|   2.000000e-03 |       6.089765e-01 |       6.037289e-01 |   2.812772e+01 |   2.800775e+01 |  -1.400000e+00 |
|   3.000000e-03 |       6.091812e-01 |       6.038025e-01 |   2.812872e+01 |   2.800576e+01 |  -1.400000e+00 |
|   4.000000e-03 |       6.093195e-01 |       6.038913e-01 |   2.812888e+01 |   2.800479e+01 |  -1.400000e+00 |
|   5.000000e-03 |       6.094284e-01 |       6.040024e-01 |   2.812824e+01 |   2.800420e+01 |  -1.400000e+00 |
|   6.000000e-03 |       6.095208e-01 |       6.041362e-01 |   2.812689e+01 |   2.800380e+01 |  -1.400000e+00 |
|   7.000000e-03 |       6.096026e-01 |       6.042898e-01 |   2.812495e+01 |   2.800350e+01 |  -1.400000e+00 |
|   8.000000e-03 |       6.096769e-01 |       6.044587e-01 |   2.812256e+01 |   2.800327e+01 |  -1.400000e+00 |
|   9.000000e-03 |       6.097456e-01 |       6.046384e-01 |   2.811983e+01 |   2.800308e+01 |  -1.400000e+00 |
|   1.000000e-02 |       6.098098e-01 |       6.048250e-01 |   2.811688e+01 |   2.800293e+01 |  -1.400000e+00 |
|   1.100000e-02 |       6.098703e-01 |       6.050152e-01 |   2.811378e+01 |   2.800279e+01 |  -1.400000e+00 |
|   1.200000e-02 |       6.099278e-01 |       6.052065e-01 |   2.811060e+01 |   2.800267e+01 |  -1.400000e+00 |
|   1.300000e-02 |       6.099827e-01 |       6.053971e-01 |   2.810740e+01 |   2.800256e+01 |  -1.400000e+00 |
|   1.400000e-02 |       6.100352e-01 |       6.055855e-01 |   2.810419e+01 |   2.800246e+01 |  -1.400000e+00 |
|   1.500000e-02 |       6.100857e-01 |       6.057708e-01 |   2.810102e+01 |   2.800237e+01 |  -1.400000e+00 |
|   1.600000e-02 |       6.101342e-01 |       6.059524e-01 |   2.809789e+01 |   2.800229e+01 |  -1.400000e+00 |
+----------------+--------------------+--------------------+----------------+----------------+----------------+


Time Step 17, time = 0.017, dt = 0.001
 * Nonlinear |R| = [32m2.065159e-02[39m (Before preset BCs, predictors, correctors, and constraints)
 0 Nonlinear |R| = [32m2.065159e-02[39m
      0 Linear |R| = [32m2.065159e-02[39m
      1 Linear |R| = [32m7.455879e-03[39m
      2 Linear |R| = [32m6.559988e-03[39m
      3 Linear |R| = [32m1.164627e-04[39m
      4 Linear |R| = [32m3.543226e-05[39m
      5 Linear |R| = [32m2.207891e-05[39m
      6 Linear |R| = [32m2.915807e-06[39m
      7 Linear |R| = [32m4.035127e-07[39m
      8 Linear |R| = [32m8.448758e-08[39m
      9 Linear |R| = [32m3.631733e-08[39m
     10 Linear |R| = [32m1.869791e-08[39m
     11 Linear |R| = [32m3.140074e-09[39m
     12 Linear |R| = [32m1.197586e-09[39m
     13 Linear |R| = [32m2.486183e-10[39m
     14 Linear |R| = [32m3.140267e-11[39m
     15 Linear |R| = [32m2.370389e-12[39m
 1 Nonlinear |R| = [32m1.035445e-05[39m
      0 Linear |R| = [32m1.035445e-05[39m
      1 Linear |R| = [32m1.934552e-06[39m
      2 Linear |R| = [32m6.722386e-08[39m
      3 Linear |R| = [32m3.303732e-08[39m
      4 Linear |R| = [32m1.072224e-08[39m
      5 Linear |R| = [32m9.090700e-09[39m
      6 Linear |R| = [32m2.593457e-09[39m
      7 Linear |R| = [32m2.761753e-10[39m
      8 Linear |R| = [32m3.457194e-11[39m
      9 Linear |R| = [32m2.957697e-11[39m
     10 Linear |R| = [32m8.553952e-12[39m
     11 Linear |R| = [32m9.209540e-13[39m
     12 Linear |R| = [32m2.635376e-13[39m
     13 Linear |R| = [32m1.854598e-13[39m
     14 Linear |R| = [32m1.635164e-14[39m
     15 Linear |R| = [32m1.842331e-15[39m
 2 Nonlinear |R| = [32m2.847879e-11[39m
      0 Linear |R| = [32m2.847879e-11[39m
      1 Linear |R| = [32m6.469884e-12[39m
      2 Linear |R| = [32m6.124611e-12[39m
      3 Linear |R| = [32m1.298896e-13[39m
      4 Linear |R| = [32m5.098547e-14[39m
      5 Linear |R| = [32m3.662190e-14[39m
      6 Linear |R| = [32m2.668799e-14[39m
      7 Linear |R| = [32m3.005752e-15[39m
      8 Linear |R| = [32m5.257463e-16[39m
      9 Linear |R| = [32m3.113392e-16[39m
     10 Linear |R| = [32m2.240094e-16[39m
     11 Linear |R| = [32m5.730065e-17[39m
     12 Linear |R| = [32m3.587306e-18[39m
     13 Linear |R| = [32m3.341503e-18[39m
     14 Linear |R| = [32m7.624251e-19[39m
     15 Linear |R| = [32m3.097553e-20[39m
     16 Linear |R| = [32m1.255840e-20[39m
 3 Nonlinear |R| = [32m2.225903e-14[39m
[32m Solve Converged![39m

Postprocessor Values:
+----------------+----------------+----------------+----------------+----------------+----------------+----------------+
| time           | J_max          | J_min          | Jbar_max       | Jbar_min       | center_pressure| edge_ux        |
+----------------+----------------+----------------+----------------+----------------+----------------+----------------+
:                :                :                :                :                :                :                :
|   3.000000e-03 |   9.814630e-01 |   9.739591e-01 |   9.888625e-01 |   9.876830e-01 |   2.234787e-01 |   1.341406e-02 |
|   4.000000e-03 |   9.812062e-01 |   9.736381e-01 |   9.887612e-01 |   9.875698e-01 |   2.238267e-01 |   1.284518e-02 |
|   5.000000e-03 |   9.809353e-01 |   9.733749e-01 |   9.886705e-01 |   9.874787e-01 |   2.227966e-01 |   1.235105e-02 |
|   6.000000e-03 |   9.806438e-01 |   9.731458e-01 |   9.885877e-01 |   9.874040e-01 |   2.205270e-01 |   1.190650e-02 |
|   7.000000e-03 |   9.803328e-01 |   9.729396e-01 |   9.885109e-01 |   9.873419e-01 |   2.172228e-01 |   1.149795e-02 |
|   8.000000e-03 |   9.800069e-01 |   9.727501e-01 |   9.884388e-01 |   9.872894e-01 |   2.131129e-01 |   1.111715e-02 |
|   9.000000e-03 |   9.796710e-01 |   9.725735e-01 |   9.883707e-01 |   9.872446e-01 |   2.084127e-01 |   1.075873e-02 |
|   1.000000e-02 |   9.793301e-01 |   9.724074e-01 |   9.883059e-01 |   9.872056e-01 |   2.033066e-01 |   1.041897e-02 |
|   1.100000e-02 |   9.789880e-01 |   9.722500e-01 |   9.882440e-01 |   9.871711e-01 |   1.979425e-01 |   1.009521e-02 |
|   1.200000e-02 |   9.786479e-01 |   9.721000e-01 |   9.881847e-01 |   9.871402e-01 |   1.924345e-01 |   9.785514e-03 |
|   1.300000e-02 |   9.783121e-01 |   9.719565e-01 |   9.881278e-01 |   9.871122e-01 |   1.868679e-01 |   9.488404e-03 |
|   1.400000e-02 |   9.779821e-01 |   9.718189e-01 |   9.880730e-01 |   9.870864e-01 |   1.813057e-01 |   9.202753e-03 |
|   1.500000e-02 |   9.776592e-01 |   9.716866e-01 |   9.880201e-01 |   9.870624e-01 |   1.757931e-01 |   8.927670e-03 |
|   1.600000e-02 |   9.773441e-01 |   9.715592e-01 |   9.879692e-01 |   9.870400e-01 |   1.703620e-01 |   8.662444e-03 |
|   1.700000e-02 |   9.770372e-01 |   9.714364e-01 |   9.879200e-01 |   9.870189e-01 |   1.650347e-01 |   8.406487e-03 |
+----------------+----------------+----------------+----------------+----------------+----------------+----------------+
+----------------+----------------+----------------+------------------+----------------+----------------+
| time           | mass           | mass_reaction  | outflow_gradient | platen_max     | platen_min     |
+----------------+----------------+----------------+------------------+----------------+----------------+
:                :                :                :                  :                :                :
|   3.000000e-03 |   1.582583e-01 |  -4.437059e-01 |     4.138803e-01 |  -5.349410e-03 |  -5.349410e-03 |
|   4.000000e-03 |   1.578976e-01 |  -3.606515e-01 |     3.438094e-01 |  -5.402654e-03 |  -5.402654e-03 |
|   5.000000e-03 |   1.575844e-01 |  -3.132215e-01 |     3.015911e-01 |  -5.448883e-03 |  -5.448883e-03 |
|   6.000000e-03 |   1.573026e-01 |  -2.817509e-01 |     2.727755e-01 |  -5.490461e-03 |  -5.490461e-03 |
|   7.000000e-03 |   1.570438e-01 |  -2.588853e-01 |     2.514883e-01 |  -5.528663e-03 |  -5.528663e-03 |
|   8.000000e-03 |   1.568025e-01 |  -2.412358e-01 |     2.348761e-01 |  -5.564262e-03 |  -5.564262e-03 |
|   9.000000e-03 |   1.565755e-01 |  -2.269978e-01 |     2.213683e-01 |  -5.597765e-03 |  -5.597765e-03 |
|   1.000000e-02 |   1.563604e-01 |  -2.151098e-01 |     2.100206e-01 |  -5.629521e-03 |  -5.629521e-03 |
|   1.100000e-02 |   1.561555e-01 |  -2.049021e-01 |     2.002289e-01 |  -5.659778e-03 |  -5.659778e-03 |
|   1.200000e-02 |   1.559596e-01 |  -1.959312e-01 |     1.915888e-01 |  -5.688720e-03 |  -5.688720e-03 |
|   1.300000e-02 |   1.557717e-01 |  -1.878932e-01 |     1.838214e-01 |  -5.716486e-03 |  -5.716486e-03 |
|   1.400000e-02 |   1.555911e-01 |  -1.805744e-01 |     1.767299e-01 |  -5.743180e-03 |  -5.743180e-03 |
|   1.500000e-02 |   1.554173e-01 |  -1.738225e-01 |     1.701730e-01 |  -5.768886e-03 |  -5.768886e-03 |
|   1.600000e-02 |   1.552498e-01 |  -1.675267e-01 |     1.640482e-01 |  -5.793672e-03 |  -5.793672e-03 |
|   1.700000e-02 |   1.550882e-01 |  -1.616064e-01 |     1.582805e-01 |  -5.817592e-03 |  -5.817592e-03 |
+----------------+----------------+----------------+------------------+----------------+----------------+
+----------------+--------------------+--------------------+----------------+----------------+----------------+
| time           | solid_fraction_max | solid_fraction_min | stability_max  | stability_min  | top_reaction   |
+----------------+--------------------+--------------------+----------------+----------------+----------------+
:                :                    :                    :                :                :                :
|   3.000000e-03 |       6.091812e-01 |       6.038025e-01 |   2.812872e+01 |   2.800576e+01 |  -1.400000e+00 |
|   4.000000e-03 |       6.093195e-01 |       6.038913e-01 |   2.812888e+01 |   2.800479e+01 |  -1.400000e+00 |
|   5.000000e-03 |       6.094284e-01 |       6.040024e-01 |   2.812824e+01 |   2.800420e+01 |  -1.400000e+00 |
|   6.000000e-03 |       6.095208e-01 |       6.041362e-01 |   2.812689e+01 |   2.800380e+01 |  -1.400000e+00 |
|   7.000000e-03 |       6.096026e-01 |       6.042898e-01 |   2.812495e+01 |   2.800350e+01 |  -1.400000e+00 |
|   8.000000e-03 |       6.096769e-01 |       6.044587e-01 |   2.812256e+01 |   2.800327e+01 |  -1.400000e+00 |
|   9.000000e-03 |       6.097456e-01 |       6.046384e-01 |   2.811983e+01 |   2.800308e+01 |  -1.400000e+00 |
|   1.000000e-02 |       6.098098e-01 |       6.048250e-01 |   2.811688e+01 |   2.800293e+01 |  -1.400000e+00 |
|   1.100000e-02 |       6.098703e-01 |       6.050152e-01 |   2.811378e+01 |   2.800279e+01 |  -1.400000e+00 |
|   1.200000e-02 |       6.099278e-01 |       6.052065e-01 |   2.811060e+01 |   2.800267e+01 |  -1.400000e+00 |
|   1.300000e-02 |       6.099827e-01 |       6.053971e-01 |   2.810740e+01 |   2.800256e+01 |  -1.400000e+00 |
|   1.400000e-02 |       6.100352e-01 |       6.055855e-01 |   2.810419e+01 |   2.800246e+01 |  -1.400000e+00 |
|   1.500000e-02 |       6.100857e-01 |       6.057708e-01 |   2.810102e+01 |   2.800237e+01 |  -1.400000e+00 |
|   1.600000e-02 |       6.101342e-01 |       6.059524e-01 |   2.809789e+01 |   2.800229e+01 |  -1.400000e+00 |
|   1.700000e-02 |       6.101809e-01 |       6.061298e-01 |   2.809483e+01 |   2.800221e+01 |  -1.400000e+00 |
+----------------+--------------------+--------------------+----------------+----------------+----------------+


Time Step 18, time = 0.018, dt = 0.001
 * Nonlinear |R| = [32m1.996277e-02[39m (Before preset BCs, predictors, correctors, and constraints)
 0 Nonlinear |R| = [32m1.996277e-02[39m
      0 Linear |R| = [32m1.996277e-02[39m
      1 Linear |R| = [32m7.202714e-03[39m
      2 Linear |R| = [32m6.338435e-03[39m
      3 Linear |R| = [32m1.124717e-04[39m
      4 Linear |R| = [32m3.421998e-05[39m
      5 Linear |R| = [32m1.944643e-05[39m
      6 Linear |R| = [32m2.860943e-06[39m
      7 Linear |R| = [32m3.925589e-07[39m
      8 Linear |R| = [32m5.563226e-08[39m
      9 Linear |R| = [32m3.535423e-08[39m
     10 Linear |R| = [32m1.809950e-08[39m
     11 Linear |R| = [32m3.180169e-09[39m
     12 Linear |R| = [32m9.125157e-10[39m
     13 Linear |R| = [32m2.425387e-10[39m
     14 Linear |R| = [32m3.027036e-11[39m
     15 Linear |R| = [32m2.228825e-12[39m
 1 Nonlinear |R| = [32m9.742384e-06[39m
      0 Linear |R| = [32m9.742384e-06[39m
      1 Linear |R| = [32m1.819091e-06[39m
      2 Linear |R| = [32m8.298689e-08[39m
      3 Linear |R| = [32m3.109840e-08[39m
      4 Linear |R| = [32m1.009696e-08[39m
      5 Linear |R| = [32m8.918899e-09[39m
      6 Linear |R| = [32m2.460777e-09[39m
      7 Linear |R| = [32m2.668325e-10[39m
      8 Linear |R| = [32m3.065533e-11[39m
      9 Linear |R| = [32m2.769948e-11[39m
     10 Linear |R| = [32m3.948516e-12[39m
     11 Linear |R| = [32m8.191089e-13[39m
     12 Linear |R| = [32m2.665251e-13[39m
     13 Linear |R| = [32m1.740737e-13[39m
     14 Linear |R| = [32m1.488639e-14[39m
     15 Linear |R| = [32m1.738685e-15[39m
 2 Nonlinear |R| = [32m2.937737e-11[39m
      0 Linear |R| = [32m2.937737e-11[39m
      1 Linear |R| = [32m7.636470e-12[39m
      2 Linear |R| = [32m4.068008e-12[39m
      3 Linear |R| = [32m1.169345e-13[39m
      4 Linear |R| = [32m4.863655e-14[39m
      5 Linear |R| = [32m2.927894e-14[39m
      6 Linear |R| = [32m2.359247e-14[39m
      7 Linear |R| = [32m2.380196e-15[39m
      8 Linear |R| = [32m7.005457e-16[39m
      9 Linear |R| = [32m3.274123e-16[39m
     10 Linear |R| = [32m2.728818e-16[39m
     11 Linear |R| = [32m4.754213e-17[39m
     12 Linear |R| = [32m4.042450e-18[39m
     13 Linear |R| = [32m3.618902e-18[39m
     14 Linear |R| = [32m5.958618e-19[39m
     15 Linear |R| = [32m2.581446e-20[39m
 3 Nonlinear |R| = [32m2.691527e-14[39m
[32m Solve Converged![39m

Postprocessor Values:
+----------------+----------------+----------------+----------------+----------------+----------------+----------------+
| time           | J_max          | J_min          | Jbar_max       | Jbar_min       | center_pressure| edge_ux        |
+----------------+----------------+----------------+----------------+----------------+----------------+----------------+
:                :                :                :                :                :                :                :
|   4.000000e-03 |   9.812062e-01 |   9.736381e-01 |   9.887612e-01 |   9.875698e-01 |   2.238267e-01 |   1.284518e-02 |
|   5.000000e-03 |   9.809353e-01 |   9.733749e-01 |   9.886705e-01 |   9.874787e-01 |   2.227966e-01 |   1.235105e-02 |
|   6.000000e-03 |   9.806438e-01 |   9.731458e-01 |   9.885877e-01 |   9.874040e-01 |   2.205270e-01 |   1.190650e-02 |
|   7.000000e-03 |   9.803328e-01 |   9.729396e-01 |   9.885109e-01 |   9.873419e-01 |   2.172228e-01 |   1.149795e-02 |
|   8.000000e-03 |   9.800069e-01 |   9.727501e-01 |   9.884388e-01 |   9.872894e-01 |   2.131129e-01 |   1.111715e-02 |
|   9.000000e-03 |   9.796710e-01 |   9.725735e-01 |   9.883707e-01 |   9.872446e-01 |   2.084127e-01 |   1.075873e-02 |
|   1.000000e-02 |   9.793301e-01 |   9.724074e-01 |   9.883059e-01 |   9.872056e-01 |   2.033066e-01 |   1.041897e-02 |
|   1.100000e-02 |   9.789880e-01 |   9.722500e-01 |   9.882440e-01 |   9.871711e-01 |   1.979425e-01 |   1.009521e-02 |
|   1.200000e-02 |   9.786479e-01 |   9.721000e-01 |   9.881847e-01 |   9.871402e-01 |   1.924345e-01 |   9.785514e-03 |
|   1.300000e-02 |   9.783121e-01 |   9.719565e-01 |   9.881278e-01 |   9.871122e-01 |   1.868679e-01 |   9.488404e-03 |
|   1.400000e-02 |   9.779821e-01 |   9.718189e-01 |   9.880730e-01 |   9.870864e-01 |   1.813057e-01 |   9.202753e-03 |
|   1.500000e-02 |   9.776592e-01 |   9.716866e-01 |   9.880201e-01 |   9.870624e-01 |   1.757931e-01 |   8.927670e-03 |
|   1.600000e-02 |   9.773441e-01 |   9.715592e-01 |   9.879692e-01 |   9.870400e-01 |   1.703620e-01 |   8.662444e-03 |
|   1.700000e-02 |   9.770372e-01 |   9.714364e-01 |   9.879200e-01 |   9.870189e-01 |   1.650347e-01 |   8.406487e-03 |
|   1.800000e-02 |   9.767388e-01 |   9.713179e-01 |   9.878724e-01 |   9.869989e-01 |   1.598261e-01 |   8.159309e-03 |
+----------------+----------------+----------------+----------------+----------------+----------------+----------------+
+----------------+----------------+----------------+------------------+----------------+----------------+
| time           | mass           | mass_reaction  | outflow_gradient | platen_max     | platen_min     |
+----------------+----------------+----------------+------------------+----------------+----------------+
:                :                :                :                  :                :                :
|   4.000000e-03 |   1.578976e-01 |  -3.606515e-01 |     3.438094e-01 |  -5.402654e-03 |  -5.402654e-03 |
|   5.000000e-03 |   1.575844e-01 |  -3.132215e-01 |     3.015911e-01 |  -5.448883e-03 |  -5.448883e-03 |
|   6.000000e-03 |   1.573026e-01 |  -2.817509e-01 |     2.727755e-01 |  -5.490461e-03 |  -5.490461e-03 |
|   7.000000e-03 |   1.570438e-01 |  -2.588853e-01 |     2.514883e-01 |  -5.528663e-03 |  -5.528663e-03 |
|   8.000000e-03 |   1.568025e-01 |  -2.412358e-01 |     2.348761e-01 |  -5.564262e-03 |  -5.564262e-03 |
|   9.000000e-03 |   1.565755e-01 |  -2.269978e-01 |     2.213683e-01 |  -5.597765e-03 |  -5.597765e-03 |
|   1.000000e-02 |   1.563604e-01 |  -2.151098e-01 |     2.100206e-01 |  -5.629521e-03 |  -5.629521e-03 |
|   1.100000e-02 |   1.561555e-01 |  -2.049021e-01 |     2.002289e-01 |  -5.659778e-03 |  -5.659778e-03 |
|   1.200000e-02 |   1.559596e-01 |  -1.959312e-01 |     1.915888e-01 |  -5.688720e-03 |  -5.688720e-03 |
|   1.300000e-02 |   1.557717e-01 |  -1.878932e-01 |     1.838214e-01 |  -5.716486e-03 |  -5.716486e-03 |
|   1.400000e-02 |   1.555911e-01 |  -1.805744e-01 |     1.767299e-01 |  -5.743180e-03 |  -5.743180e-03 |
|   1.500000e-02 |   1.554173e-01 |  -1.738225e-01 |     1.701730e-01 |  -5.768886e-03 |  -5.768886e-03 |
|   1.600000e-02 |   1.552498e-01 |  -1.675267e-01 |     1.640482e-01 |  -5.793672e-03 |  -5.793672e-03 |
|   1.700000e-02 |   1.550882e-01 |  -1.616064e-01 |     1.582805e-01 |  -5.817592e-03 |  -5.817592e-03 |
|   1.800000e-02 |   1.549322e-01 |  -1.560016e-01 |     1.528139e-01 |  -5.840693e-03 |  -5.840693e-03 |
+----------------+----------------+----------------+------------------+----------------+----------------+
+----------------+--------------------+--------------------+----------------+----------------+----------------+
| time           | solid_fraction_max | solid_fraction_min | stability_max  | stability_min  | top_reaction   |
+----------------+--------------------+--------------------+----------------+----------------+----------------+
:                :                    :                    :                :                :                :
|   4.000000e-03 |       6.093195e-01 |       6.038913e-01 |   2.812888e+01 |   2.800479e+01 |  -1.400000e+00 |
|   5.000000e-03 |       6.094284e-01 |       6.040024e-01 |   2.812824e+01 |   2.800420e+01 |  -1.400000e+00 |
|   6.000000e-03 |       6.095208e-01 |       6.041362e-01 |   2.812689e+01 |   2.800380e+01 |  -1.400000e+00 |
|   7.000000e-03 |       6.096026e-01 |       6.042898e-01 |   2.812495e+01 |   2.800350e+01 |  -1.400000e+00 |
|   8.000000e-03 |       6.096769e-01 |       6.044587e-01 |   2.812256e+01 |   2.800327e+01 |  -1.400000e+00 |
|   9.000000e-03 |       6.097456e-01 |       6.046384e-01 |   2.811983e+01 |   2.800308e+01 |  -1.400000e+00 |
|   1.000000e-02 |       6.098098e-01 |       6.048250e-01 |   2.811688e+01 |   2.800293e+01 |  -1.400000e+00 |
|   1.100000e-02 |       6.098703e-01 |       6.050152e-01 |   2.811378e+01 |   2.800279e+01 |  -1.400000e+00 |
|   1.200000e-02 |       6.099278e-01 |       6.052065e-01 |   2.811060e+01 |   2.800267e+01 |  -1.400000e+00 |
|   1.300000e-02 |       6.099827e-01 |       6.053971e-01 |   2.810740e+01 |   2.800256e+01 |  -1.400000e+00 |
|   1.400000e-02 |       6.100352e-01 |       6.055855e-01 |   2.810419e+01 |   2.800246e+01 |  -1.400000e+00 |
|   1.500000e-02 |       6.100857e-01 |       6.057708e-01 |   2.810102e+01 |   2.800237e+01 |  -1.400000e+00 |
|   1.600000e-02 |       6.101342e-01 |       6.059524e-01 |   2.809789e+01 |   2.800229e+01 |  -1.400000e+00 |
|   1.700000e-02 |       6.101809e-01 |       6.061298e-01 |   2.809483e+01 |   2.800221e+01 |  -1.400000e+00 |
|   1.800000e-02 |       6.102260e-01 |       6.063026e-01 |   2.809183e+01 |   2.800213e+01 |  -1.400000e+00 |
+----------------+--------------------+--------------------+----------------+----------------+----------------+


Time Step 19, time = 0.019, dt = 0.001
 * Nonlinear |R| = [32m1.930100e-02[39m (Before preset BCs, predictors, correctors, and constraints)
 0 Nonlinear |R| = [32m1.930100e-02[39m
      0 Linear |R| = [32m1.930100e-02[39m
      1 Linear |R| = [32m6.961340e-03[39m
      2 Linear |R| = [32m6.127096e-03[39m
      3 Linear |R| = [32m1.086705e-04[39m
      4 Linear |R| = [32m3.306575e-05[39m
      5 Linear |R| = [32m1.825756e-05[39m
      6 Linear |R| = [32m2.797461e-06[39m
      7 Linear |R| = [32m3.815803e-07[39m
      8 Linear |R| = [32m7.701424e-08[39m
      9 Linear |R| = [32m3.436227e-08[39m
     10 Linear |R| = [32m1.750540e-08[39m
     11 Linear |R| = [32m3.177760e-09[39m
     12 Linear |R| = [32m1.033156e-09[39m
     13 Linear |R| = [32m2.361021e-10[39m
     14 Linear |R| = [32m2.918612e-11[39m
     15 Linear |R| = [32m2.214573e-12[39m
 1 Nonlinear |R| = [32m9.180094e-06[39m
      0 Linear |R| = [32m9.180094e-06[39m
      1 Linear |R| = [32m1.706998e-06[39m
      2 Linear |R| = [32m1.332727e-07[39m
      3 Linear |R| = [32m2.904325e-08[39m
      4 Linear |R| = [32m9.443841e-09[39m
      5 Linear |R| = [32m8.378064e-09[39m
      6 Linear |R| = [32m2.337730e-09[39m
      7 Linear |R| = [32m2.536674e-10[39m
      8 Linear |R| = [32m2.752369e-11[39m
      9 Linear |R| = [33m2.632045e-11[39m
     10 Linear |R| = [32m9.690069e-12[39m
     11 Linear |R| = [32m7.710053e-13[39m
     12 Linear |R| = [32m2.378903e-13[39m
     13 Linear |R| = [32m1.637348e-13[39m
     14 Linear |R| = [32m1.368191e-14[39m
     15 Linear |R| = [32m1.626174e-15[39m
 2 Nonlinear |R| = [32m2.598725e-11[39m
      0 Linear |R| = [32m2.598725e-11[39m
      1 Linear |R| = [32m8.997321e-13[39m
      2 Linear |R| = [33m8.617669e-13[39m
      3 Linear |R| = [32m1.000163e-13[39m
      4 Linear |R| = [32m4.463666e-14[39m
      5 Linear |R| = [32m2.301509e-14[39m
      6 Linear |R| = [32m2.151506e-14[39m
      7 Linear |R| = [32m9.732525e-16[39m
      8 Linear |R| = [32m2.473643e-16[39m
      9 Linear |R| = [32m1.883280e-16[39m
     10 Linear |R| = [32m1.376835e-16[39m
     11 Linear |R| = [32m3.345512e-17[39m
     12 Linear |R| = [32m2.247570e-18[39m
     13 Linear |R| = [32m1.984149e-18[39m
     14 Linear |R| = [32m4.836893e-19[39m
     15 Linear |R| = [32m2.168084e-20[39m
 3 Nonlinear |R| = [32m2.512558e-14[39m
[32m Solve Converged![39m

Postprocessor Values:
+----------------+----------------+----------------+----------------+----------------+----------------+----------------+
| time           | J_max          | J_min          | Jbar_max       | Jbar_min       | center_pressure| edge_ux        |
+----------------+----------------+----------------+----------------+----------------+----------------+----------------+
:                :                :                :                :                :                :                :
|   5.000000e-03 |   9.809353e-01 |   9.733749e-01 |   9.886705e-01 |   9.874787e-01 |   2.227966e-01 |   1.235105e-02 |
|   6.000000e-03 |   9.806438e-01 |   9.731458e-01 |   9.885877e-01 |   9.874040e-01 |   2.205270e-01 |   1.190650e-02 |
|   7.000000e-03 |   9.803328e-01 |   9.729396e-01 |   9.885109e-01 |   9.873419e-01 |   2.172228e-01 |   1.149795e-02 |
|   8.000000e-03 |   9.800069e-01 |   9.727501e-01 |   9.884388e-01 |   9.872894e-01 |   2.131129e-01 |   1.111715e-02 |
|   9.000000e-03 |   9.796710e-01 |   9.725735e-01 |   9.883707e-01 |   9.872446e-01 |   2.084127e-01 |   1.075873e-02 |
|   1.000000e-02 |   9.793301e-01 |   9.724074e-01 |   9.883059e-01 |   9.872056e-01 |   2.033066e-01 |   1.041897e-02 |
|   1.100000e-02 |   9.789880e-01 |   9.722500e-01 |   9.882440e-01 |   9.871711e-01 |   1.979425e-01 |   1.009521e-02 |
|   1.200000e-02 |   9.786479e-01 |   9.721000e-01 |   9.881847e-01 |   9.871402e-01 |   1.924345e-01 |   9.785514e-03 |
|   1.300000e-02 |   9.783121e-01 |   9.719565e-01 |   9.881278e-01 |   9.871122e-01 |   1.868679e-01 |   9.488404e-03 |
|   1.400000e-02 |   9.779821e-01 |   9.718189e-01 |   9.880730e-01 |   9.870864e-01 |   1.813057e-01 |   9.202753e-03 |
|   1.500000e-02 |   9.776592e-01 |   9.716866e-01 |   9.880201e-01 |   9.870624e-01 |   1.757931e-01 |   8.927670e-03 |
|   1.600000e-02 |   9.773441e-01 |   9.715592e-01 |   9.879692e-01 |   9.870400e-01 |   1.703620e-01 |   8.662444e-03 |
|   1.700000e-02 |   9.770372e-01 |   9.714364e-01 |   9.879200e-01 |   9.870189e-01 |   1.650347e-01 |   8.406487e-03 |
|   1.800000e-02 |   9.767388e-01 |   9.713179e-01 |   9.878724e-01 |   9.869989e-01 |   1.598261e-01 |   8.159309e-03 |
|   1.900000e-02 |   9.764491e-01 |   9.712034e-01 |   9.878265e-01 |   9.869798e-01 |   1.547459e-01 |   7.920489e-03 |
+----------------+----------------+----------------+----------------+----------------+----------------+----------------+
+----------------+----------------+----------------+------------------+----------------+----------------+
| time           | mass           | mass_reaction  | outflow_gradient | platen_max     | platen_min     |
+----------------+----------------+----------------+------------------+----------------+----------------+
:                :                :                :                  :                :                :
|   5.000000e-03 |   1.575844e-01 |  -3.132215e-01 |     3.015911e-01 |  -5.448883e-03 |  -5.448883e-03 |
|   6.000000e-03 |   1.573026e-01 |  -2.817509e-01 |     2.727755e-01 |  -5.490461e-03 |  -5.490461e-03 |
|   7.000000e-03 |   1.570438e-01 |  -2.588853e-01 |     2.514883e-01 |  -5.528663e-03 |  -5.528663e-03 |
|   8.000000e-03 |   1.568025e-01 |  -2.412358e-01 |     2.348761e-01 |  -5.564262e-03 |  -5.564262e-03 |
|   9.000000e-03 |   1.565755e-01 |  -2.269978e-01 |     2.213683e-01 |  -5.597765e-03 |  -5.597765e-03 |
|   1.000000e-02 |   1.563604e-01 |  -2.151098e-01 |     2.100206e-01 |  -5.629521e-03 |  -5.629521e-03 |
|   1.100000e-02 |   1.561555e-01 |  -2.049021e-01 |     2.002289e-01 |  -5.659778e-03 |  -5.659778e-03 |
|   1.200000e-02 |   1.559596e-01 |  -1.959312e-01 |     1.915888e-01 |  -5.688720e-03 |  -5.688720e-03 |
|   1.300000e-02 |   1.557717e-01 |  -1.878932e-01 |     1.838214e-01 |  -5.716486e-03 |  -5.716486e-03 |
|   1.400000e-02 |   1.555911e-01 |  -1.805744e-01 |     1.767299e-01 |  -5.743180e-03 |  -5.743180e-03 |
|   1.500000e-02 |   1.554173e-01 |  -1.738225e-01 |     1.701730e-01 |  -5.768886e-03 |  -5.768886e-03 |
|   1.600000e-02 |   1.552498e-01 |  -1.675267e-01 |     1.640482e-01 |  -5.793672e-03 |  -5.793672e-03 |
|   1.700000e-02 |   1.550882e-01 |  -1.616064e-01 |     1.582805e-01 |  -5.817592e-03 |  -5.817592e-03 |
|   1.800000e-02 |   1.549322e-01 |  -1.560016e-01 |     1.528139e-01 |  -5.840693e-03 |  -5.840693e-03 |
|   1.900000e-02 |   1.547815e-01 |  -1.506678e-01 |     1.476070e-01 |  -5.863012e-03 |  -5.863012e-03 |
+----------------+----------------+----------------+------------------+----------------+----------------+
+----------------+--------------------+--------------------+----------------+----------------+----------------+
| time           | solid_fraction_max | solid_fraction_min | stability_max  | stability_min  | top_reaction   |
+----------------+--------------------+--------------------+----------------+----------------+----------------+
:                :                    :                    :                :                :                :
|   5.000000e-03 |       6.094284e-01 |       6.040024e-01 |   2.812824e+01 |   2.800420e+01 |  -1.400000e+00 |
|   6.000000e-03 |       6.095208e-01 |       6.041362e-01 |   2.812689e+01 |   2.800380e+01 |  -1.400000e+00 |
|   7.000000e-03 |       6.096026e-01 |       6.042898e-01 |   2.812495e+01 |   2.800350e+01 |  -1.400000e+00 |
|   8.000000e-03 |       6.096769e-01 |       6.044587e-01 |   2.812256e+01 |   2.800327e+01 |  -1.400000e+00 |
|   9.000000e-03 |       6.097456e-01 |       6.046384e-01 |   2.811983e+01 |   2.800308e+01 |  -1.400000e+00 |
|   1.000000e-02 |       6.098098e-01 |       6.048250e-01 |   2.811688e+01 |   2.800293e+01 |  -1.400000e+00 |
|   1.100000e-02 |       6.098703e-01 |       6.050152e-01 |   2.811378e+01 |   2.800279e+01 |  -1.400000e+00 |
|   1.200000e-02 |       6.099278e-01 |       6.052065e-01 |   2.811060e+01 |   2.800267e+01 |  -1.400000e+00 |
|   1.300000e-02 |       6.099827e-01 |       6.053971e-01 |   2.810740e+01 |   2.800256e+01 |  -1.400000e+00 |
|   1.400000e-02 |       6.100352e-01 |       6.055855e-01 |   2.810419e+01 |   2.800246e+01 |  -1.400000e+00 |
|   1.500000e-02 |       6.100857e-01 |       6.057708e-01 |   2.810102e+01 |   2.800237e+01 |  -1.400000e+00 |
|   1.600000e-02 |       6.101342e-01 |       6.059524e-01 |   2.809789e+01 |   2.800229e+01 |  -1.400000e+00 |
|   1.700000e-02 |       6.101809e-01 |       6.061298e-01 |   2.809483e+01 |   2.800221e+01 |  -1.400000e+00 |
|   1.800000e-02 |       6.102260e-01 |       6.063026e-01 |   2.809183e+01 |   2.800213e+01 |  -1.400000e+00 |
|   1.900000e-02 |       6.102696e-01 |       6.064708e-01 |   2.808891e+01 |   2.800206e+01 |  -1.400000e+00 |
+----------------+--------------------+--------------------+----------------+----------------+----------------+


Time Step 20, time = 0.02, dt = 0.001
 * Nonlinear |R| = [32m1.866362e-02[39m (Before preset BCs, predictors, correctors, and constraints)
 0 Nonlinear |R| = [32m1.866362e-02[39m
      0 Linear |R| = [32m1.866362e-02[39m
      1 Linear |R| = [32m6.730265e-03[39m
      2 Linear |R| = [32m5.924668e-03[39m
      3 Linear |R| = [32m1.050356e-04[39m
      4 Linear |R| = [32m3.196712e-05[39m
      5 Linear |R| = [32m1.835382e-05[39m
      6 Linear |R| = [32m2.728284e-06[39m
      7 Linear |R| = [32m3.705626e-07[39m
      8 Linear |R| = [32m4.913095e-08[39m
      9 Linear |R| = [32m3.335018e-08[39m
     10 Linear |R| = [32m1.693019e-08[39m
     11 Linear |R| = [32m3.145972e-09[39m
     12 Linear |R| = [32m5.890944e-10[39m
     13 Linear |R| = [32m2.294779e-10[39m
     14 Linear |R| = [32m2.815279e-11[39m
     15 Linear |R| = [32m2.138564e-12[39m
 1 Nonlinear |R| = [32m8.583585e-06[39m
      0 Linear |R| = [32m8.583585e-06[39m
      1 Linear |R| = [32m1.600104e-06[39m
      2 Linear |R| = [32m8.175399e-08[39m
      3 Linear |R| = [32m2.733426e-08[39m
      4 Linear |R| = [32m8.900969e-09[39m
      5 Linear |R| = [32m7.781093e-09[39m
      6 Linear |R| = [32m2.218131e-09[39m
      7 Linear |R| = [32m2.460355e-10[39m
      8 Linear |R| = [32m2.776560e-11[39m
      9 Linear |R| = [32m2.463917e-11[39m
     10 Linear |R| = [32m6.572987e-12[39m
     11 Linear |R| = [32m7.235707e-13[39m
     12 Linear |R| = [32m2.335350e-13[39m
     13 Linear |R| = [32m1.515139e-13[39m
     14 Linear |R| = [32m1.302458e-14[39m
     15 Linear |R| = [32m1.508372e-15[39m
 2 Nonlinear |R| = [32m2.483979e-11[39m
      0 Linear |R| = [32m2.483979e-11[39m
      1 Linear |R| = [32m5.588234e-12[39m
      2 Linear |R| = [32m4.149413e-12[39m
      3 Linear |R| = [32m8.495337e-14[39m
      4 Linear |R| = [32m3.646452e-14[39m
      5 Linear |R| = [32m2.529762e-14[39m
      6 Linear |R| = [32m1.518711e-14[39m
      7 Linear |R| = [32m7.006882e-16[39m
      8 Linear |R| = [32m2.671618e-16[39m
      9 Linear |R| = [32m1.897531e-16[39m
     10 Linear |R| = [32m1.313220e-16[39m
     11 Linear |R| = [32m2.101205e-17[39m
     12 Linear |R| = [32m1.470797e-18[39m
     13 Linear |R| = [32m1.385934e-18[39m
     14 Linear |R| = [32m4.567233e-19[39m
     15 Linear |R| = [32m2.087578e-20[39m
 3 Nonlinear |R| = [32m2.332443e-14[39m
[32m Solve Converged![39m

Postprocessor Values:
+----------------+----------------+----------------+----------------+----------------+----------------+----------------+
| time           | J_max          | J_min          | Jbar_max       | Jbar_min       | center_pressure| edge_ux        |
+----------------+----------------+----------------+----------------+----------------+----------------+----------------+
:                :                :                :                :                :                :                :
|   6.000000e-03 |   9.806438e-01 |   9.731458e-01 |   9.885877e-01 |   9.874040e-01 |   2.205270e-01 |   1.190650e-02 |
|   7.000000e-03 |   9.803328e-01 |   9.729396e-01 |   9.885109e-01 |   9.873419e-01 |   2.172228e-01 |   1.149795e-02 |
|   8.000000e-03 |   9.800069e-01 |   9.727501e-01 |   9.884388e-01 |   9.872894e-01 |   2.131129e-01 |   1.111715e-02 |
|   9.000000e-03 |   9.796710e-01 |   9.725735e-01 |   9.883707e-01 |   9.872446e-01 |   2.084127e-01 |   1.075873e-02 |
|   1.000000e-02 |   9.793301e-01 |   9.724074e-01 |   9.883059e-01 |   9.872056e-01 |   2.033066e-01 |   1.041897e-02 |
|   1.100000e-02 |   9.789880e-01 |   9.722500e-01 |   9.882440e-01 |   9.871711e-01 |   1.979425e-01 |   1.009521e-02 |
|   1.200000e-02 |   9.786479e-01 |   9.721000e-01 |   9.881847e-01 |   9.871402e-01 |   1.924345e-01 |   9.785514e-03 |
|   1.300000e-02 |   9.783121e-01 |   9.719565e-01 |   9.881278e-01 |   9.871122e-01 |   1.868679e-01 |   9.488404e-03 |
|   1.400000e-02 |   9.779821e-01 |   9.718189e-01 |   9.880730e-01 |   9.870864e-01 |   1.813057e-01 |   9.202753e-03 |
|   1.500000e-02 |   9.776592e-01 |   9.716866e-01 |   9.880201e-01 |   9.870624e-01 |   1.757931e-01 |   8.927670e-03 |
|   1.600000e-02 |   9.773441e-01 |   9.715592e-01 |   9.879692e-01 |   9.870400e-01 |   1.703620e-01 |   8.662444e-03 |
|   1.700000e-02 |   9.770372e-01 |   9.714364e-01 |   9.879200e-01 |   9.870189e-01 |   1.650347e-01 |   8.406487e-03 |
|   1.800000e-02 |   9.767388e-01 |   9.713179e-01 |   9.878724e-01 |   9.869989e-01 |   1.598261e-01 |   8.159309e-03 |
|   1.900000e-02 |   9.764491e-01 |   9.712034e-01 |   9.878265e-01 |   9.869798e-01 |   1.547459e-01 |   7.920489e-03 |
|   2.000000e-02 |   9.761680e-01 |   9.710928e-01 |   9.877820e-01 |   9.869617e-01 |   1.497999e-01 |   7.689659e-03 |
+----------------+----------------+----------------+----------------+----------------+----------------+----------------+
+----------------+----------------+----------------+------------------+----------------+----------------+
| time           | mass           | mass_reaction  | outflow_gradient | platen_max     | platen_min     |
+----------------+----------------+----------------+------------------+----------------+----------------+
:                :                :                :                  :                :                :
|   6.000000e-03 |   1.573026e-01 |  -2.817509e-01 |     2.727755e-01 |  -5.490461e-03 |  -5.490461e-03 |
|   7.000000e-03 |   1.570438e-01 |  -2.588853e-01 |     2.514883e-01 |  -5.528663e-03 |  -5.528663e-03 |
|   8.000000e-03 |   1.568025e-01 |  -2.412358e-01 |     2.348761e-01 |  -5.564262e-03 |  -5.564262e-03 |
|   9.000000e-03 |   1.565755e-01 |  -2.269978e-01 |     2.213683e-01 |  -5.597765e-03 |  -5.597765e-03 |
|   1.000000e-02 |   1.563604e-01 |  -2.151098e-01 |     2.100206e-01 |  -5.629521e-03 |  -5.629521e-03 |
|   1.100000e-02 |   1.561555e-01 |  -2.049021e-01 |     2.002289e-01 |  -5.659778e-03 |  -5.659778e-03 |
|   1.200000e-02 |   1.559596e-01 |  -1.959312e-01 |     1.915888e-01 |  -5.688720e-03 |  -5.688720e-03 |
|   1.300000e-02 |   1.557717e-01 |  -1.878932e-01 |     1.838214e-01 |  -5.716486e-03 |  -5.716486e-03 |
|   1.400000e-02 |   1.555911e-01 |  -1.805744e-01 |     1.767299e-01 |  -5.743180e-03 |  -5.743180e-03 |
|   1.500000e-02 |   1.554173e-01 |  -1.738225e-01 |     1.701730e-01 |  -5.768886e-03 |  -5.768886e-03 |
|   1.600000e-02 |   1.552498e-01 |  -1.675267e-01 |     1.640482e-01 |  -5.793672e-03 |  -5.793672e-03 |
|   1.700000e-02 |   1.550882e-01 |  -1.616064e-01 |     1.582805e-01 |  -5.817592e-03 |  -5.817592e-03 |
|   1.800000e-02 |   1.549322e-01 |  -1.560016e-01 |     1.528139e-01 |  -5.840693e-03 |  -5.840693e-03 |
|   1.900000e-02 |   1.547815e-01 |  -1.506678e-01 |     1.476070e-01 |  -5.863012e-03 |  -5.863012e-03 |
|   2.000000e-02 |   1.546359e-01 |  -1.455714e-01 |     1.426283e-01 |  -5.884586e-03 |  -5.884586e-03 |
+----------------+----------------+----------------+------------------+----------------+----------------+
+----------------+--------------------+--------------------+----------------+----------------+----------------+
| time           | solid_fraction_max | solid_fraction_min | stability_max  | stability_min  | top_reaction   |
+----------------+--------------------+--------------------+----------------+----------------+----------------+
:                :                    :                    :                :                :                :
|   6.000000e-03 |       6.095208e-01 |       6.041362e-01 |   2.812689e+01 |   2.800380e+01 |  -1.400000e+00 |
|   7.000000e-03 |       6.096026e-01 |       6.042898e-01 |   2.812495e+01 |   2.800350e+01 |  -1.400000e+00 |
|   8.000000e-03 |       6.096769e-01 |       6.044587e-01 |   2.812256e+01 |   2.800327e+01 |  -1.400000e+00 |
|   9.000000e-03 |       6.097456e-01 |       6.046384e-01 |   2.811983e+01 |   2.800308e+01 |  -1.400000e+00 |
|   1.000000e-02 |       6.098098e-01 |       6.048250e-01 |   2.811688e+01 |   2.800293e+01 |  -1.400000e+00 |
|   1.100000e-02 |       6.098703e-01 |       6.050152e-01 |   2.811378e+01 |   2.800279e+01 |  -1.400000e+00 |
|   1.200000e-02 |       6.099278e-01 |       6.052065e-01 |   2.811060e+01 |   2.800267e+01 |  -1.400000e+00 |
|   1.300000e-02 |       6.099827e-01 |       6.053971e-01 |   2.810740e+01 |   2.800256e+01 |  -1.400000e+00 |
|   1.400000e-02 |       6.100352e-01 |       6.055855e-01 |   2.810419e+01 |   2.800246e+01 |  -1.400000e+00 |
|   1.500000e-02 |       6.100857e-01 |       6.057708e-01 |   2.810102e+01 |   2.800237e+01 |  -1.400000e+00 |
|   1.600000e-02 |       6.101342e-01 |       6.059524e-01 |   2.809789e+01 |   2.800229e+01 |  -1.400000e+00 |
|   1.700000e-02 |       6.101809e-01 |       6.061298e-01 |   2.809483e+01 |   2.800221e+01 |  -1.400000e+00 |
|   1.800000e-02 |       6.102260e-01 |       6.063026e-01 |   2.809183e+01 |   2.800213e+01 |  -1.400000e+00 |
|   1.900000e-02 |       6.102696e-01 |       6.064708e-01 |   2.808891e+01 |   2.800206e+01 |  -1.400000e+00 |
|   2.000000e-02 |       6.103116e-01 |       6.066343e-01 |   2.808607e+01 |   2.800199e+01 |  -1.400000e+00 |
+----------------+--------------------+--------------------+----------------+----------------+----------------+


Time Step 21, time = 0.021, dt = 0.001
 * Nonlinear |R| = [32m1.804878e-02[39m (Before preset BCs, predictors, correctors, and constraints)
 0 Nonlinear |R| = [32m1.804878e-02[39m
      0 Linear |R| = [32m1.804878e-02[39m
      1 Linear |R| = [32m6.508436e-03[39m
      2 Linear |R| = [32m5.730279e-03[39m
      3 Linear |R| = [32m1.015482e-04[39m
      4 Linear |R| = [32m3.091183e-05[39m
      5 Linear |R| = [32m1.945788e-05[39m
      6 Linear |R| = [32m2.655636e-06[39m
      7 Linear |R| = [32m3.596016e-07[39m
      8 Linear |R| = [32m7.044706e-08[39m
      9 Linear |R| = [32m3.234440e-08[39m
     10 Linear |R| = [32m1.636696e-08[39m
     11 Linear |R| = [32m3.095007e-09[39m
     12 Linear |R| = [32m8.705742e-10[39m
     13 Linear |R| = [32m2.227797e-10[39m
     14 Linear |R| = [32m2.717065e-11[39m
     15 Linear |R| = [32m2.258031e-12[39m
 1 Nonlinear |R| = [32m8.066088e-06[39m
      0 Linear |R| = [32m8.066088e-06[39m
      1 Linear |R| = [32m1.500619e-06[39m
      2 Linear |R| = [32m8.121233e-08[39m
      3 Linear |R| = [32m2.563509e-08[39m
      4 Linear |R| = [32m8.339070e-09[39m
      5 Linear |R| = [32m7.302669e-09[39m
      6 Linear |R| = [32m2.068685e-09[39m
      7 Linear |R| = [32m2.299628e-10[39m
      8 Linear |R| = [32m2.487225e-11[39m
      9 Linear |R| = [32m2.283086e-11[39m
     10 Linear |R| = [32m5.545466e-12[39m
     11 Linear |R| = [32m6.561457e-13[39m
     12 Linear |R| = [32m1.979488e-13[39m
     13 Linear |R| = [32m1.457575e-13[39m
     14 Linear |R| = [32m1.168117e-14[39m
     15 Linear |R| = [32m1.423630e-15[39m
 2 Nonlinear |R| = [32m2.250552e-11[39m
      0 Linear |R| = [32m2.250552e-11[39m
      1 Linear |R| = [32m2.474711e-12[39m
      2 Linear |R| = [32m2.270341e-12[39m
      3 Linear |R| = [32m1.144202e-13[39m
      4 Linear |R| = [32m5.113283e-14[39m
      5 Linear |R| = [32m2.377458e-14[39m
      6 Linear |R| = [32m2.115697e-14[39m
      7 Linear |R| = [32m1.985505e-15[39m
      8 Linear |R| = [32m6.959823e-16[39m
      9 Linear |R| = [32m2.931288e-16[39m
     10 Linear |R| = [32m2.564761e-16[39m
     11 Linear |R| = [32m3.039429e-17[39m
     12 Linear |R| = [32m3.476052e-18[39m
     13 Linear |R| = [32m3.132017e-18[39m
     14 Linear |R| = [32m4.437851e-19[39m
     15 Linear |R| = [32m1.783187e-20[39m
 3 Nonlinear |R| = [32m2.311209e-14[39m
[32m Solve Converged![39m

Postprocessor Values:
+----------------+----------------+----------------+----------------+----------------+----------------+----------------+
| time           | J_max          | J_min          | Jbar_max       | Jbar_min       | center_pressure| edge_ux        |
+----------------+----------------+----------------+----------------+----------------+----------------+----------------+
:                :                :                :                :                :                :                :
|   7.000000e-03 |   9.803328e-01 |   9.729396e-01 |   9.885109e-01 |   9.873419e-01 |   2.172228e-01 |   1.149795e-02 |
|   8.000000e-03 |   9.800069e-01 |   9.727501e-01 |   9.884388e-01 |   9.872894e-01 |   2.131129e-01 |   1.111715e-02 |
|   9.000000e-03 |   9.796710e-01 |   9.725735e-01 |   9.883707e-01 |   9.872446e-01 |   2.084127e-01 |   1.075873e-02 |
|   1.000000e-02 |   9.793301e-01 |   9.724074e-01 |   9.883059e-01 |   9.872056e-01 |   2.033066e-01 |   1.041897e-02 |
|   1.100000e-02 |   9.789880e-01 |   9.722500e-01 |   9.882440e-01 |   9.871711e-01 |   1.979425e-01 |   1.009521e-02 |
|   1.200000e-02 |   9.786479e-01 |   9.721000e-01 |   9.881847e-01 |   9.871402e-01 |   1.924345e-01 |   9.785514e-03 |
|   1.300000e-02 |   9.783121e-01 |   9.719565e-01 |   9.881278e-01 |   9.871122e-01 |   1.868679e-01 |   9.488404e-03 |
|   1.400000e-02 |   9.779821e-01 |   9.718189e-01 |   9.880730e-01 |   9.870864e-01 |   1.813057e-01 |   9.202753e-03 |
|   1.500000e-02 |   9.776592e-01 |   9.716866e-01 |   9.880201e-01 |   9.870624e-01 |   1.757931e-01 |   8.927670e-03 |
|   1.600000e-02 |   9.773441e-01 |   9.715592e-01 |   9.879692e-01 |   9.870400e-01 |   1.703620e-01 |   8.662444e-03 |
|   1.700000e-02 |   9.770372e-01 |   9.714364e-01 |   9.879200e-01 |   9.870189e-01 |   1.650347e-01 |   8.406487e-03 |
|   1.800000e-02 |   9.767388e-01 |   9.713179e-01 |   9.878724e-01 |   9.869989e-01 |   1.598261e-01 |   8.159309e-03 |
|   1.900000e-02 |   9.764491e-01 |   9.712034e-01 |   9.878265e-01 |   9.869798e-01 |   1.547459e-01 |   7.920489e-03 |
|   2.000000e-02 |   9.761680e-01 |   9.710928e-01 |   9.877820e-01 |   9.869617e-01 |   1.497999e-01 |   7.689659e-03 |
|   2.100000e-02 |   9.758956e-01 |   9.709859e-01 |   9.877391e-01 |   9.869444e-01 |   1.449912e-01 |   7.466492e-03 |
+----------------+----------------+----------------+----------------+----------------+----------------+----------------+
+----------------+----------------+----------------+------------------+----------------+----------------+
| time           | mass           | mass_reaction  | outflow_gradient | platen_max     | platen_min     |
+----------------+----------------+----------------+------------------+----------------+----------------+
:                :                :                :                  :                :                :
|   7.000000e-03 |   1.570438e-01 |  -2.588853e-01 |     2.514883e-01 |  -5.528663e-03 |  -5.528663e-03 |
|   8.000000e-03 |   1.568025e-01 |  -2.412358e-01 |     2.348761e-01 |  -5.564262e-03 |  -5.564262e-03 |
|   9.000000e-03 |   1.565755e-01 |  -2.269978e-01 |     2.213683e-01 |  -5.597765e-03 |  -5.597765e-03 |
|   1.000000e-02 |   1.563604e-01 |  -2.151098e-01 |     2.100206e-01 |  -5.629521e-03 |  -5.629521e-03 |
|   1.100000e-02 |   1.561555e-01 |  -2.049021e-01 |     2.002289e-01 |  -5.659778e-03 |  -5.659778e-03 |
|   1.200000e-02 |   1.559596e-01 |  -1.959312e-01 |     1.915888e-01 |  -5.688720e-03 |  -5.688720e-03 |
|   1.300000e-02 |   1.557717e-01 |  -1.878932e-01 |     1.838214e-01 |  -5.716486e-03 |  -5.716486e-03 |
|   1.400000e-02 |   1.555911e-01 |  -1.805744e-01 |     1.767299e-01 |  -5.743180e-03 |  -5.743180e-03 |
|   1.500000e-02 |   1.554173e-01 |  -1.738225e-01 |     1.701730e-01 |  -5.768886e-03 |  -5.768886e-03 |
|   1.600000e-02 |   1.552498e-01 |  -1.675267e-01 |     1.640482e-01 |  -5.793672e-03 |  -5.793672e-03 |
|   1.700000e-02 |   1.550882e-01 |  -1.616064e-01 |     1.582805e-01 |  -5.817592e-03 |  -5.817592e-03 |
|   1.800000e-02 |   1.549322e-01 |  -1.560016e-01 |     1.528139e-01 |  -5.840693e-03 |  -5.840693e-03 |
|   1.900000e-02 |   1.547815e-01 |  -1.506678e-01 |     1.476070e-01 |  -5.863012e-03 |  -5.863012e-03 |
|   2.000000e-02 |   1.546359e-01 |  -1.455714e-01 |     1.426283e-01 |  -5.884586e-03 |  -5.884586e-03 |
|   2.100000e-02 |   1.544952e-01 |  -1.406866e-01 |     1.378537e-01 |  -5.905443e-03 |  -5.905443e-03 |
+----------------+----------------+----------------+------------------+----------------+----------------+
+----------------+--------------------+--------------------+----------------+----------------+----------------+
| time           | solid_fraction_max | solid_fraction_min | stability_max  | stability_min  | top_reaction   |
+----------------+--------------------+--------------------+----------------+----------------+----------------+
:                :                    :                    :                :                :                :
|   7.000000e-03 |       6.096026e-01 |       6.042898e-01 |   2.812495e+01 |   2.800350e+01 |  -1.400000e+00 |
|   8.000000e-03 |       6.096769e-01 |       6.044587e-01 |   2.812256e+01 |   2.800327e+01 |  -1.400000e+00 |
|   9.000000e-03 |       6.097456e-01 |       6.046384e-01 |   2.811983e+01 |   2.800308e+01 |  -1.400000e+00 |
|   1.000000e-02 |       6.098098e-01 |       6.048250e-01 |   2.811688e+01 |   2.800293e+01 |  -1.400000e+00 |
|   1.100000e-02 |       6.098703e-01 |       6.050152e-01 |   2.811378e+01 |   2.800279e+01 |  -1.400000e+00 |
|   1.200000e-02 |       6.099278e-01 |       6.052065e-01 |   2.811060e+01 |   2.800267e+01 |  -1.400000e+00 |
|   1.300000e-02 |       6.099827e-01 |       6.053971e-01 |   2.810740e+01 |   2.800256e+01 |  -1.400000e+00 |
|   1.400000e-02 |       6.100352e-01 |       6.055855e-01 |   2.810419e+01 |   2.800246e+01 |  -1.400000e+00 |
|   1.500000e-02 |       6.100857e-01 |       6.057708e-01 |   2.810102e+01 |   2.800237e+01 |  -1.400000e+00 |
|   1.600000e-02 |       6.101342e-01 |       6.059524e-01 |   2.809789e+01 |   2.800229e+01 |  -1.400000e+00 |
|   1.700000e-02 |       6.101809e-01 |       6.061298e-01 |   2.809483e+01 |   2.800221e+01 |  -1.400000e+00 |
|   1.800000e-02 |       6.102260e-01 |       6.063026e-01 |   2.809183e+01 |   2.800213e+01 |  -1.400000e+00 |
|   1.900000e-02 |       6.102696e-01 |       6.064708e-01 |   2.808891e+01 |   2.800206e+01 |  -1.400000e+00 |
|   2.000000e-02 |       6.103116e-01 |       6.066343e-01 |   2.808607e+01 |   2.800199e+01 |  -1.400000e+00 |
|   2.100000e-02 |       6.103523e-01 |       6.067930e-01 |   2.808330e+01 |   2.800192e+01 |  -1.400000e+00 |
+----------------+--------------------+--------------------+----------------+----------------+----------------+


Time Step 22, time = 0.022, dt = 0.001
 * Nonlinear |R| = [32m1.745506e-02[39m (Before preset BCs, predictors, correctors, and constraints)
 0 Nonlinear |R| = [32m1.745506e-02[39m
      0 Linear |R| = [32m1.745506e-02[39m
      1 Linear |R| = [32m6.294978e-03[39m
      2 Linear |R| = [32m5.543150e-03[39m
      3 Linear |R| = [32m9.819554e-05[39m
      4 Linear |R| = [32m2.989008e-05[39m
      5 Linear |R| = [32m1.719545e-05[39m
      6 Linear |R| = [32m2.581029e-06[39m
      7 Linear |R| = [32m3.487148e-07[39m
      8 Linear |R| = [32m4.818601e-08[39m
      9 Linear |R| = [32m3.134008e-08[39m
     10 Linear |R| = [32m1.581729e-08[39m
     11 Linear |R| = [32m3.030621e-09[39m
     12 Linear |R| = [32m5.144437e-10[39m
     13 Linear |R| = [32m2.160918e-10[39m
     14 Linear |R| = [32m2.623389e-11[39m
     15 Linear |R| = [32m2.000810e-12[39m
 1 Nonlinear |R| = [32m7.564132e-06[39m
      0 Linear |R| = [32m7.564132e-06[39m
      1 Linear |R| = [32m1.406209e-06[39m
      2 Linear |R| = [32m6.448948e-08[39m
      3 Linear |R| = [32m2.403404e-08[39m
      4 Linear |R| = [32m7.833437e-09[39m
      5 Linear |R| = [32m6.574140e-09[39m
      6 Linear |R| = [32m1.963965e-09[39m
      7 Linear |R| = [32m2.198640e-10[39m
      8 Linear |R| = [32m2.312380e-11[39m
      9 Linear |R| = [32m2.144891e-11[39m
     10 Linear |R| = [32m4.028516e-12[39m
     11 Linear |R| = [32m6.683572e-13[39m
     12 Linear |R| = [32m1.858215e-13[39m
     13 Linear |R| = [32m1.343379e-13[39m
     14 Linear |R| = [32m1.197371e-14[39m
     15 Linear |R| = [32m1.336369e-15[39m
 2 Nonlinear |R| = [32m1.826369e-11[39m
      0 Linear |R| = [32m1.826369e-11[39m
      1 Linear |R| = [32m6.695951e-13[39m
      2 Linear |R| = [33m6.695418e-13[39m
      3 Linear |R| = [32m8.152482e-14[39m
      4 Linear |R| = [32m3.290484e-14[39m
      5 Linear |R| = [32m1.905340e-14[39m
      6 Linear |R| = [32m1.725089e-14[39m
      7 Linear |R| = [32m1.002729e-15[39m
      8 Linear |R| = [32m3.761583e-16[39m
      9 Linear |R| = [32m1.735264e-16[39m
     10 Linear |R| = [32m1.502019e-16[39m
     11 Linear |R| = [32m2.472103e-17[39m
     12 Linear |R| = [32m1.620307e-18[39m
     13 Linear |R| = [33m1.619920e-18[39m
     14 Linear |R| = [32m4.464080e-19[39m
     15 Linear |R| = [32m1.356824e-20[39m
 3 Nonlinear |R| = [32m2.847765e-14[39m
[32m Solve Converged![39m

Postprocessor Values:
+----------------+----------------+----------------+----------------+----------------+----------------+----------------+
| time           | J_max          | J_min          | Jbar_max       | Jbar_min       | center_pressure| edge_ux        |
+----------------+----------------+----------------+----------------+----------------+----------------+----------------+
:                :                :                :                :                :                :                :
|   8.000000e-03 |   9.800069e-01 |   9.727501e-01 |   9.884388e-01 |   9.872894e-01 |   2.131129e-01 |   1.111715e-02 |
|   9.000000e-03 |   9.796710e-01 |   9.725735e-01 |   9.883707e-01 |   9.872446e-01 |   2.084127e-01 |   1.075873e-02 |
|   1.000000e-02 |   9.793301e-01 |   9.724074e-01 |   9.883059e-01 |   9.872056e-01 |   2.033066e-01 |   1.041897e-02 |
|   1.100000e-02 |   9.789880e-01 |   9.722500e-01 |   9.882440e-01 |   9.871711e-01 |   1.979425e-01 |   1.009521e-02 |
|   1.200000e-02 |   9.786479e-01 |   9.721000e-01 |   9.881847e-01 |   9.871402e-01 |   1.924345e-01 |   9.785514e-03 |
|   1.300000e-02 |   9.783121e-01 |   9.719565e-01 |   9.881278e-01 |   9.871122e-01 |   1.868679e-01 |   9.488404e-03 |
|   1.400000e-02 |   9.779821e-01 |   9.718189e-01 |   9.880730e-01 |   9.870864e-01 |   1.813057e-01 |   9.202753e-03 |
|   1.500000e-02 |   9.776592e-01 |   9.716866e-01 |   9.880201e-01 |   9.870624e-01 |   1.757931e-01 |   8.927670e-03 |
|   1.600000e-02 |   9.773441e-01 |   9.715592e-01 |   9.879692e-01 |   9.870400e-01 |   1.703620e-01 |   8.662444e-03 |
|   1.700000e-02 |   9.770372e-01 |   9.714364e-01 |   9.879200e-01 |   9.870189e-01 |   1.650347e-01 |   8.406487e-03 |
|   1.800000e-02 |   9.767388e-01 |   9.713179e-01 |   9.878724e-01 |   9.869989e-01 |   1.598261e-01 |   8.159309e-03 |
|   1.900000e-02 |   9.764491e-01 |   9.712034e-01 |   9.878265e-01 |   9.869798e-01 |   1.547459e-01 |   7.920489e-03 |
|   2.000000e-02 |   9.761680e-01 |   9.710928e-01 |   9.877820e-01 |   9.869617e-01 |   1.497999e-01 |   7.689659e-03 |
|   2.100000e-02 |   9.758956e-01 |   9.709859e-01 |   9.877391e-01 |   9.869444e-01 |   1.449912e-01 |   7.466492e-03 |
|   2.200000e-02 |   9.756315e-01 |   9.708826e-01 |   9.876975e-01 |   9.869277e-01 |   1.403207e-01 |   7.250691e-03 |
+----------------+----------------+----------------+----------------+----------------+----------------+----------------+
+----------------+----------------+----------------+------------------+----------------+----------------+
| time           | mass           | mass_reaction  | outflow_gradient | platen_max     | platen_min     |
+----------------+----------------+----------------+------------------+----------------+----------------+
:                :                :                :                  :                :                :
|   8.000000e-03 |   1.568025e-01 |  -2.412358e-01 |     2.348761e-01 |  -5.564262e-03 |  -5.564262e-03 |
|   9.000000e-03 |   1.565755e-01 |  -2.269978e-01 |     2.213683e-01 |  -5.597765e-03 |  -5.597765e-03 |
|   1.000000e-02 |   1.563604e-01 |  -2.151098e-01 |     2.100206e-01 |  -5.629521e-03 |  -5.629521e-03 |
|   1.100000e-02 |   1.561555e-01 |  -2.049021e-01 |     2.002289e-01 |  -5.659778e-03 |  -5.659778e-03 |
|   1.200000e-02 |   1.559596e-01 |  -1.959312e-01 |     1.915888e-01 |  -5.688720e-03 |  -5.688720e-03 |
|   1.300000e-02 |   1.557717e-01 |  -1.878932e-01 |     1.838214e-01 |  -5.716486e-03 |  -5.716486e-03 |
|   1.400000e-02 |   1.555911e-01 |  -1.805744e-01 |     1.767299e-01 |  -5.743180e-03 |  -5.743180e-03 |
|   1.500000e-02 |   1.554173e-01 |  -1.738225e-01 |     1.701730e-01 |  -5.768886e-03 |  -5.768886e-03 |
|   1.600000e-02 |   1.552498e-01 |  -1.675267e-01 |     1.640482e-01 |  -5.793672e-03 |  -5.793672e-03 |
|   1.700000e-02 |   1.550882e-01 |  -1.616064e-01 |     1.582805e-01 |  -5.817592e-03 |  -5.817592e-03 |
|   1.800000e-02 |   1.549322e-01 |  -1.560016e-01 |     1.528139e-01 |  -5.840693e-03 |  -5.840693e-03 |
|   1.900000e-02 |   1.547815e-01 |  -1.506678e-01 |     1.476070e-01 |  -5.863012e-03 |  -5.863012e-03 |
|   2.000000e-02 |   1.546359e-01 |  -1.455714e-01 |     1.426283e-01 |  -5.884586e-03 |  -5.884586e-03 |
|   2.100000e-02 |   1.544952e-01 |  -1.406866e-01 |     1.378537e-01 |  -5.905443e-03 |  -5.905443e-03 |
|   2.200000e-02 |   1.543592e-01 |  -1.359936e-01 |     1.332646e-01 |  -5.925613e-03 |  -5.925613e-03 |
+----------------+----------------+----------------+------------------+----------------+----------------+
+----------------+--------------------+--------------------+----------------+----------------+----------------+
| time           | solid_fraction_max | solid_fraction_min | stability_max  | stability_min  | top_reaction   |
+----------------+--------------------+--------------------+----------------+----------------+----------------+
:                :                    :                    :                :                :                :
|   8.000000e-03 |       6.096769e-01 |       6.044587e-01 |   2.812256e+01 |   2.800327e+01 |  -1.400000e+00 |
|   9.000000e-03 |       6.097456e-01 |       6.046384e-01 |   2.811983e+01 |   2.800308e+01 |  -1.400000e+00 |
|   1.000000e-02 |       6.098098e-01 |       6.048250e-01 |   2.811688e+01 |   2.800293e+01 |  -1.400000e+00 |
|   1.100000e-02 |       6.098703e-01 |       6.050152e-01 |   2.811378e+01 |   2.800279e+01 |  -1.400000e+00 |
|   1.200000e-02 |       6.099278e-01 |       6.052065e-01 |   2.811060e+01 |   2.800267e+01 |  -1.400000e+00 |
|   1.300000e-02 |       6.099827e-01 |       6.053971e-01 |   2.810740e+01 |   2.800256e+01 |  -1.400000e+00 |
|   1.400000e-02 |       6.100352e-01 |       6.055855e-01 |   2.810419e+01 |   2.800246e+01 |  -1.400000e+00 |
|   1.500000e-02 |       6.100857e-01 |       6.057708e-01 |   2.810102e+01 |   2.800237e+01 |  -1.400000e+00 |
|   1.600000e-02 |       6.101342e-01 |       6.059524e-01 |   2.809789e+01 |   2.800229e+01 |  -1.400000e+00 |
|   1.700000e-02 |       6.101809e-01 |       6.061298e-01 |   2.809483e+01 |   2.800221e+01 |  -1.400000e+00 |
|   1.800000e-02 |       6.102260e-01 |       6.063026e-01 |   2.809183e+01 |   2.800213e+01 |  -1.400000e+00 |
|   1.900000e-02 |       6.102696e-01 |       6.064708e-01 |   2.808891e+01 |   2.800206e+01 |  -1.400000e+00 |
|   2.000000e-02 |       6.103116e-01 |       6.066343e-01 |   2.808607e+01 |   2.800199e+01 |  -1.400000e+00 |
|   2.100000e-02 |       6.103523e-01 |       6.067930e-01 |   2.808330e+01 |   2.800192e+01 |  -1.400000e+00 |
|   2.200000e-02 |       6.103915e-01 |       6.069470e-01 |   2.808062e+01 |   2.800186e+01 |  -1.400000e+00 |
+----------------+--------------------+--------------------+----------------+----------------+----------------+


Time Step 23, time = 0.023, dt = 0.001
 * Nonlinear |R| = [32m1.688136e-02[39m (Before preset BCs, predictors, correctors, and constraints)
 0 Nonlinear |R| = [32m1.688136e-02[39m
      0 Linear |R| = [32m1.688136e-02[39m
      1 Linear |R| = [32m6.089254e-03[39m
      2 Linear |R| = [32m5.362743e-03[39m
      3 Linear |R| = [32m9.496625e-05[39m
      4 Linear |R| = [32m2.891843e-05[39m
      5 Linear |R| = [32m1.970713e-05[39m
      6 Linear |R| = [32m2.505749e-06[39m
      7 Linear |R| = [32m3.379868e-07[39m
      8 Linear |R| = [32m5.799000e-08[39m
      9 Linear |R| = [32m3.035805e-08[39m
     10 Linear |R| = [32m1.528852e-08[39m
     11 Linear |R| = [32m2.958270e-09[39m
     12 Linear |R| = [32m6.483652e-10[39m
     13 Linear |R| = [32m2.094738e-10[39m
     14 Linear |R| = [32m2.533805e-11[39m
     15 Linear |R| = [32m1.924581e-12[39m
 1 Nonlinear |R| = [32m7.085008e-06[39m
      0 Linear |R| = [32m7.085008e-06[39m
      1 Linear |R| = [32m1.314642e-06[39m
      2 Linear |R| = [32m5.031777e-08[39m
      3 Linear |R| = [32m2.243999e-08[39m
      4 Linear |R| = [32m7.318630e-09[39m
      5 Linear |R| = [32m6.249909e-09[39m
      6 Linear |R| = [32m1.830533e-09[39m
      7 Linear |R| = [32m2.090262e-10[39m
      8 Linear |R| = [32m2.199153e-11[39m
      9 Linear |R| = [32m1.975025e-11[39m
     10 Linear |R| = [32m3.756190e-12[39m
     11 Linear |R| = [32m6.291360e-13[39m
     12 Linear |R| = [32m1.715880e-13[39m
     13 Linear |R| = [32m1.244571e-13[39m
     14 Linear |R| = [32m1.113377e-14[39m
     15 Linear |R| = [32m1.216541e-15[39m
 2 Nonlinear |R| = [32m1.847027e-11[39m
      0 Linear |R| = [32m1.847027e-11[39m
      1 Linear |R| = [32m1.539074e-12[39m
      2 Linear |R| = [32m8.996841e-13[39m
      3 Linear |R| = [32m7.332842e-14[39m
      4 Linear |R| = [32m2.999872e-14[39m
      5 Linear |R| = [32m1.692034e-14[39m
      6 Linear |R| = [32m1.514860e-14[39m
      7 Linear |R| = [32m1.635818e-15[39m
      8 Linear |R| = [32m2.178919e-16[39m
      9 Linear |R| = [32m1.586863e-16[39m
     10 Linear |R| = [32m1.264175e-16[39m
     11 Linear |R| = [32m2.832944e-17[39m
     12 Linear |R| = [32m1.509740e-18[39m
     13 Linear |R| = [32m1.421396e-18[39m
     14 Linear |R| = [32m3.821288e-19[39m
     15 Linear |R| = [32m1.197961e-20[39m
 3 Nonlinear |R| = [32m3.306602e-14[39m
[32m Solve Converged![39m

Postprocessor Values:
+----------------+----------------+----------------+----------------+----------------+----------------+----------------+
| time           | J_max          | J_min          | Jbar_max       | Jbar_min       | center_pressure| edge_ux        |
+----------------+----------------+----------------+----------------+----------------+----------------+----------------+
:                :                :                :                :                :                :                :
|   9.000000e-03 |   9.796710e-01 |   9.725735e-01 |   9.883707e-01 |   9.872446e-01 |   2.084127e-01 |   1.075873e-02 |
|   1.000000e-02 |   9.793301e-01 |   9.724074e-01 |   9.883059e-01 |   9.872056e-01 |   2.033066e-01 |   1.041897e-02 |
|   1.100000e-02 |   9.789880e-01 |   9.722500e-01 |   9.882440e-01 |   9.871711e-01 |   1.979425e-01 |   1.009521e-02 |
|   1.200000e-02 |   9.786479e-01 |   9.721000e-01 |   9.881847e-01 |   9.871402e-01 |   1.924345e-01 |   9.785514e-03 |
|   1.300000e-02 |   9.783121e-01 |   9.719565e-01 |   9.881278e-01 |   9.871122e-01 |   1.868679e-01 |   9.488404e-03 |
|   1.400000e-02 |   9.779821e-01 |   9.718189e-01 |   9.880730e-01 |   9.870864e-01 |   1.813057e-01 |   9.202753e-03 |
|   1.500000e-02 |   9.776592e-01 |   9.716866e-01 |   9.880201e-01 |   9.870624e-01 |   1.757931e-01 |   8.927670e-03 |
|   1.600000e-02 |   9.773441e-01 |   9.715592e-01 |   9.879692e-01 |   9.870400e-01 |   1.703620e-01 |   8.662444e-03 |
|   1.700000e-02 |   9.770372e-01 |   9.714364e-01 |   9.879200e-01 |   9.870189e-01 |   1.650347e-01 |   8.406487e-03 |
|   1.800000e-02 |   9.767388e-01 |   9.713179e-01 |   9.878724e-01 |   9.869989e-01 |   1.598261e-01 |   8.159309e-03 |
|   1.900000e-02 |   9.764491e-01 |   9.712034e-01 |   9.878265e-01 |   9.869798e-01 |   1.547459e-01 |   7.920489e-03 |
|   2.000000e-02 |   9.761680e-01 |   9.710928e-01 |   9.877820e-01 |   9.869617e-01 |   1.497999e-01 |   7.689659e-03 |
|   2.100000e-02 |   9.758956e-01 |   9.709859e-01 |   9.877391e-01 |   9.869444e-01 |   1.449912e-01 |   7.466492e-03 |
|   2.200000e-02 |   9.756315e-01 |   9.708826e-01 |   9.876975e-01 |   9.869277e-01 |   1.403207e-01 |   7.250691e-03 |
|   2.300000e-02 |   9.753758e-01 |   9.707827e-01 |   9.876574e-01 |   9.869118e-01 |   1.357880e-01 |   7.041984e-03 |
+----------------+----------------+----------------+----------------+----------------+----------------+----------------+
+----------------+----------------+----------------+------------------+----------------+----------------+
| time           | mass           | mass_reaction  | outflow_gradient | platen_max     | platen_min     |
+----------------+----------------+----------------+------------------+----------------+----------------+
:                :                :                :                  :                :                :
|   9.000000e-03 |   1.565755e-01 |  -2.269978e-01 |     2.213683e-01 |  -5.597765e-03 |  -5.597765e-03 |
|   1.000000e-02 |   1.563604e-01 |  -2.151098e-01 |     2.100206e-01 |  -5.629521e-03 |  -5.629521e-03 |
|   1.100000e-02 |   1.561555e-01 |  -2.049021e-01 |     2.002289e-01 |  -5.659778e-03 |  -5.659778e-03 |
|   1.200000e-02 |   1.559596e-01 |  -1.959312e-01 |     1.915888e-01 |  -5.688720e-03 |  -5.688720e-03 |
|   1.300000e-02 |   1.557717e-01 |  -1.878932e-01 |     1.838214e-01 |  -5.716486e-03 |  -5.716486e-03 |
|   1.400000e-02 |   1.555911e-01 |  -1.805744e-01 |     1.767299e-01 |  -5.743180e-03 |  -5.743180e-03 |
|   1.500000e-02 |   1.554173e-01 |  -1.738225e-01 |     1.701730e-01 |  -5.768886e-03 |  -5.768886e-03 |
|   1.600000e-02 |   1.552498e-01 |  -1.675267e-01 |     1.640482e-01 |  -5.793672e-03 |  -5.793672e-03 |
|   1.700000e-02 |   1.550882e-01 |  -1.616064e-01 |     1.582805e-01 |  -5.817592e-03 |  -5.817592e-03 |
|   1.800000e-02 |   1.549322e-01 |  -1.560016e-01 |     1.528139e-01 |  -5.840693e-03 |  -5.840693e-03 |
|   1.900000e-02 |   1.547815e-01 |  -1.506678e-01 |     1.476070e-01 |  -5.863012e-03 |  -5.863012e-03 |
|   2.000000e-02 |   1.546359e-01 |  -1.455714e-01 |     1.426283e-01 |  -5.884586e-03 |  -5.884586e-03 |
|   2.100000e-02 |   1.544952e-01 |  -1.406866e-01 |     1.378537e-01 |  -5.905443e-03 |  -5.905443e-03 |
|   2.200000e-02 |   1.543592e-01 |  -1.359936e-01 |     1.332646e-01 |  -5.925613e-03 |  -5.925613e-03 |
|   2.300000e-02 |   1.542278e-01 |  -1.314767e-01 |     1.288462e-01 |  -5.945121e-03 |  -5.945121e-03 |
+----------------+----------------+----------------+------------------+----------------+----------------+
+----------------+--------------------+--------------------+----------------+----------------+----------------+
| time           | solid_fraction_max | solid_fraction_min | stability_max  | stability_min  | top_reaction   |
+----------------+--------------------+--------------------+----------------+----------------+----------------+
:                :                    :                    :                :                :                :
|   9.000000e-03 |       6.097456e-01 |       6.046384e-01 |   2.811983e+01 |   2.800308e+01 |  -1.400000e+00 |
|   1.000000e-02 |       6.098098e-01 |       6.048250e-01 |   2.811688e+01 |   2.800293e+01 |  -1.400000e+00 |
|   1.100000e-02 |       6.098703e-01 |       6.050152e-01 |   2.811378e+01 |   2.800279e+01 |  -1.400000e+00 |
|   1.200000e-02 |       6.099278e-01 |       6.052065e-01 |   2.811060e+01 |   2.800267e+01 |  -1.400000e+00 |
|   1.300000e-02 |       6.099827e-01 |       6.053971e-01 |   2.810740e+01 |   2.800256e+01 |  -1.400000e+00 |
|   1.400000e-02 |       6.100352e-01 |       6.055855e-01 |   2.810419e+01 |   2.800246e+01 |  -1.400000e+00 |
|   1.500000e-02 |       6.100857e-01 |       6.057708e-01 |   2.810102e+01 |   2.800237e+01 |  -1.400000e+00 |
|   1.600000e-02 |       6.101342e-01 |       6.059524e-01 |   2.809789e+01 |   2.800229e+01 |  -1.400000e+00 |
|   1.700000e-02 |       6.101809e-01 |       6.061298e-01 |   2.809483e+01 |   2.800221e+01 |  -1.400000e+00 |
|   1.800000e-02 |       6.102260e-01 |       6.063026e-01 |   2.809183e+01 |   2.800213e+01 |  -1.400000e+00 |
|   1.900000e-02 |       6.102696e-01 |       6.064708e-01 |   2.808891e+01 |   2.800206e+01 |  -1.400000e+00 |
|   2.000000e-02 |       6.103116e-01 |       6.066343e-01 |   2.808607e+01 |   2.800199e+01 |  -1.400000e+00 |
|   2.100000e-02 |       6.103523e-01 |       6.067930e-01 |   2.808330e+01 |   2.800192e+01 |  -1.400000e+00 |
|   2.200000e-02 |       6.103915e-01 |       6.069470e-01 |   2.808062e+01 |   2.800186e+01 |  -1.400000e+00 |
|   2.300000e-02 |       6.104295e-01 |       6.070963e-01 |   2.807801e+01 |   2.800180e+01 |  -1.400000e+00 |
+----------------+--------------------+--------------------+----------------+----------------+----------------+


Time Step 24, time = 0.024, dt = 0.001
 * Nonlinear |R| = [32m1.632676e-02[39m (Before preset BCs, predictors, correctors, and constraints)
 0 Nonlinear |R| = [32m1.632676e-02[39m
      0 Linear |R| = [32m1.632676e-02[39m
      1 Linear |R| = [32m5.890742e-03[39m
      2 Linear |R| = [32m5.188618e-03[39m
      3 Linear |R| = [32m9.185165e-05[39m
      4 Linear |R| = [32m2.796732e-05[39m
      5 Linear |R| = [32m1.843874e-05[39m
      6 Linear |R| = [32m2.430548e-06[39m
      7 Linear |R| = [32m3.274724e-07[39m
      8 Linear |R| = [32m9.935657e-08[39m
      9 Linear |R| = [32m2.939208e-08[39m
     10 Linear |R| = [32m1.476666e-08[39m
     11 Linear |R| = [32m2.884859e-09[39m
     12 Linear |R| = [32m2.344557e-09[39m
     13 Linear |R| = [32m2.029533e-10[39m
     14 Linear |R| = [32m2.448065e-11[39m
     15 Linear |R| = [32m5.093133e-12[39m
 1 Nonlinear |R| = [32m6.672818e-06[39m
      0 Linear |R| = [32m6.672818e-06[39m
      1 Linear |R| = [32m1.235210e-06[39m
      2 Linear |R| = [32m9.376306e-08[39m
      3 Linear |R| = [32m2.103021e-08[39m
      4 Linear |R| = [32m6.862370e-09[39m
      5 Linear |R| = [32m6.117315e-09[39m
      6 Linear |R| = [32m1.735470e-09[39m
      7 Linear |R| = [32m1.967777e-10[39m
      8 Linear |R| = [32m2.035755e-11[39m
      9 Linear |R| = [32m1.912520e-11[39m
     10 Linear |R| = [32m7.734850e-12[39m
     11 Linear |R| = [32m4.978966e-13[39m
     12 Linear |R| = [32m1.701352e-13[39m
     13 Linear |R| = [32m1.206086e-13[39m
     14 Linear |R| = [32m8.859734e-15[39m
     15 Linear |R| = [32m1.183319e-15[39m
 2 Nonlinear |R| = [32m1.957259e-11[39m
      0 Linear |R| = [32m1.957259e-11[39m
      1 Linear |R| = [32m2.044444e-12[39m
      2 Linear |R| = [32m1.709422e-12[39m
      3 Linear |R| = [32m8.195122e-14[39m
      4 Linear |R| = [32m3.649876e-14[39m
      5 Linear |R| = [32m2.131710e-14[39m
      6 Linear |R| = [32m1.803768e-14[39m
      7 Linear |R| = [32m8.755281e-16[39m
      8 Linear |R| = [32m3.860313e-16[39m
      9 Linear |R| = [32m2.179279e-16[39m
     10 Linear |R| = [32m1.671271e-16[39m
     11 Linear |R| = [32m2.153054e-17[39m
     12 Linear |R| = [32m2.487594e-18[39m
     13 Linear |R| = [32m2.294998e-18[39m
     14 Linear |R| = [32m4.761311e-19[39m
     15 Linear |R| = [32m1.930971e-20[39m
 3 Nonlinear |R| = [32m2.280881e-14[39m
[32m Solve Converged![39m

Postprocessor Values:
+----------------+----------------+----------------+----------------+----------------+----------------+----------------+
| time           | J_max          | J_min          | Jbar_max       | Jbar_min       | center_pressure| edge_ux        |
+----------------+----------------+----------------+----------------+----------------+----------------+----------------+
:                :                :                :                :                :                :                :
|   1.000000e-02 |   9.793301e-01 |   9.724074e-01 |   9.883059e-01 |   9.872056e-01 |   2.033066e-01 |   1.041897e-02 |
|   1.100000e-02 |   9.789880e-01 |   9.722500e-01 |   9.882440e-01 |   9.871711e-01 |   1.979425e-01 |   1.009521e-02 |
|   1.200000e-02 |   9.786479e-01 |   9.721000e-01 |   9.881847e-01 |   9.871402e-01 |   1.924345e-01 |   9.785514e-03 |
|   1.300000e-02 |   9.783121e-01 |   9.719565e-01 |   9.881278e-01 |   9.871122e-01 |   1.868679e-01 |   9.488404e-03 |
|   1.400000e-02 |   9.779821e-01 |   9.718189e-01 |   9.880730e-01 |   9.870864e-01 |   1.813057e-01 |   9.202753e-03 |
|   1.500000e-02 |   9.776592e-01 |   9.716866e-01 |   9.880201e-01 |   9.870624e-01 |   1.757931e-01 |   8.927670e-03 |
|   1.600000e-02 |   9.773441e-01 |   9.715592e-01 |   9.879692e-01 |   9.870400e-01 |   1.703620e-01 |   8.662444e-03 |
|   1.700000e-02 |   9.770372e-01 |   9.714364e-01 |   9.879200e-01 |   9.870189e-01 |   1.650347e-01 |   8.406487e-03 |
|   1.800000e-02 |   9.767388e-01 |   9.713179e-01 |   9.878724e-01 |   9.869989e-01 |   1.598261e-01 |   8.159309e-03 |
|   1.900000e-02 |   9.764491e-01 |   9.712034e-01 |   9.878265e-01 |   9.869798e-01 |   1.547459e-01 |   7.920489e-03 |
|   2.000000e-02 |   9.761680e-01 |   9.710928e-01 |   9.877820e-01 |   9.869617e-01 |   1.497999e-01 |   7.689659e-03 |
|   2.100000e-02 |   9.758956e-01 |   9.709859e-01 |   9.877391e-01 |   9.869444e-01 |   1.449912e-01 |   7.466492e-03 |
|   2.200000e-02 |   9.756315e-01 |   9.708826e-01 |   9.876975e-01 |   9.869277e-01 |   1.403207e-01 |   7.250691e-03 |
|   2.300000e-02 |   9.753758e-01 |   9.707827e-01 |   9.876574e-01 |   9.869118e-01 |   1.357880e-01 |   7.041984e-03 |
|   2.400000e-02 |   9.751282e-01 |   9.706860e-01 |   9.876185e-01 |   9.868965e-01 |   1.313917e-01 |   6.840119e-03 |
+----------------+----------------+----------------+----------------+----------------+----------------+----------------+
+----------------+----------------+----------------+------------------+----------------+----------------+
| time           | mass           | mass_reaction  | outflow_gradient | platen_max     | platen_min     |
+----------------+----------------+----------------+------------------+----------------+----------------+
:                :                :                :                  :                :                :
|   1.000000e-02 |   1.563604e-01 |  -2.151098e-01 |     2.100206e-01 |  -5.629521e-03 |  -5.629521e-03 |
|   1.100000e-02 |   1.561555e-01 |  -2.049021e-01 |     2.002289e-01 |  -5.659778e-03 |  -5.659778e-03 |
|   1.200000e-02 |   1.559596e-01 |  -1.959312e-01 |     1.915888e-01 |  -5.688720e-03 |  -5.688720e-03 |
|   1.300000e-02 |   1.557717e-01 |  -1.878932e-01 |     1.838214e-01 |  -5.716486e-03 |  -5.716486e-03 |
|   1.400000e-02 |   1.555911e-01 |  -1.805744e-01 |     1.767299e-01 |  -5.743180e-03 |  -5.743180e-03 |
|   1.500000e-02 |   1.554173e-01 |  -1.738225e-01 |     1.701730e-01 |  -5.768886e-03 |  -5.768886e-03 |
|   1.600000e-02 |   1.552498e-01 |  -1.675267e-01 |     1.640482e-01 |  -5.793672e-03 |  -5.793672e-03 |
|   1.700000e-02 |   1.550882e-01 |  -1.616064e-01 |     1.582805e-01 |  -5.817592e-03 |  -5.817592e-03 |
|   1.800000e-02 |   1.549322e-01 |  -1.560016e-01 |     1.528139e-01 |  -5.840693e-03 |  -5.840693e-03 |
|   1.900000e-02 |   1.547815e-01 |  -1.506678e-01 |     1.476070e-01 |  -5.863012e-03 |  -5.863012e-03 |
|   2.000000e-02 |   1.546359e-01 |  -1.455714e-01 |     1.426283e-01 |  -5.884586e-03 |  -5.884586e-03 |
|   2.100000e-02 |   1.544952e-01 |  -1.406866e-01 |     1.378537e-01 |  -5.905443e-03 |  -5.905443e-03 |
|   2.200000e-02 |   1.543592e-01 |  -1.359936e-01 |     1.332646e-01 |  -5.925613e-03 |  -5.925613e-03 |
|   2.300000e-02 |   1.542278e-01 |  -1.314767e-01 |     1.288462e-01 |  -5.945121e-03 |  -5.945121e-03 |
|   2.400000e-02 |   1.541006e-01 |  -1.271236e-01 |     1.245867e-01 |  -5.963989e-03 |  -5.963989e-03 |
+----------------+----------------+----------------+------------------+----------------+----------------+
+----------------+--------------------+--------------------+----------------+----------------+----------------+
| time           | solid_fraction_max | solid_fraction_min | stability_max  | stability_min  | top_reaction   |
+----------------+--------------------+--------------------+----------------+----------------+----------------+
:                :                    :                    :                :                :                :
|   1.000000e-02 |       6.098098e-01 |       6.048250e-01 |   2.811688e+01 |   2.800293e+01 |  -1.400000e+00 |
|   1.100000e-02 |       6.098703e-01 |       6.050152e-01 |   2.811378e+01 |   2.800279e+01 |  -1.400000e+00 |
|   1.200000e-02 |       6.099278e-01 |       6.052065e-01 |   2.811060e+01 |   2.800267e+01 |  -1.400000e+00 |
|   1.300000e-02 |       6.099827e-01 |       6.053971e-01 |   2.810740e+01 |   2.800256e+01 |  -1.400000e+00 |
|   1.400000e-02 |       6.100352e-01 |       6.055855e-01 |   2.810419e+01 |   2.800246e+01 |  -1.400000e+00 |
|   1.500000e-02 |       6.100857e-01 |       6.057708e-01 |   2.810102e+01 |   2.800237e+01 |  -1.400000e+00 |
|   1.600000e-02 |       6.101342e-01 |       6.059524e-01 |   2.809789e+01 |   2.800229e+01 |  -1.400000e+00 |
|   1.700000e-02 |       6.101809e-01 |       6.061298e-01 |   2.809483e+01 |   2.800221e+01 |  -1.400000e+00 |
|   1.800000e-02 |       6.102260e-01 |       6.063026e-01 |   2.809183e+01 |   2.800213e+01 |  -1.400000e+00 |
|   1.900000e-02 |       6.102696e-01 |       6.064708e-01 |   2.808891e+01 |   2.800206e+01 |  -1.400000e+00 |
|   2.000000e-02 |       6.103116e-01 |       6.066343e-01 |   2.808607e+01 |   2.800199e+01 |  -1.400000e+00 |
|   2.100000e-02 |       6.103523e-01 |       6.067930e-01 |   2.808330e+01 |   2.800192e+01 |  -1.400000e+00 |
|   2.200000e-02 |       6.103915e-01 |       6.069470e-01 |   2.808062e+01 |   2.800186e+01 |  -1.400000e+00 |
|   2.300000e-02 |       6.104295e-01 |       6.070963e-01 |   2.807801e+01 |   2.800180e+01 |  -1.400000e+00 |
|   2.400000e-02 |       6.104663e-01 |       6.072410e-01 |   2.807548e+01 |   2.800174e+01 |  -1.400000e+00 |
+----------------+--------------------+--------------------+----------------+----------------+----------------+


Time Step 25, time = 0.025, dt = 0.001
 * Nonlinear |R| = [32m1.579048e-02[39m (Before preset BCs, predictors, correctors, and constraints)
 0 Nonlinear |R| = [32m1.579048e-02[39m
      0 Linear |R| = [32m1.579048e-02[39m
      1 Linear |R| = [32m5.698963e-03[39m
      2 Linear |R| = [32m5.020334e-03[39m
      3 Linear |R| = [32m8.884502e-05[39m
      4 Linear |R| = [32m2.705075e-05[39m
      5 Linear |R| = [32m1.679762e-05[39m
      6 Linear |R| = [32m2.356088e-06[39m
      7 Linear |R| = [32m3.171395e-07[39m
      8 Linear |R| = [32m5.888678e-08[39m
      9 Linear |R| = [32m2.844841e-08[39m
     10 Linear |R| = [32m1.427044e-08[39m
     11 Linear |R| = [32m2.800445e-09[39m
     12 Linear |R| = [32m8.510877e-10[39m
     13 Linear |R| = [32m1.965636e-10[39m
     14 Linear |R| = [32m2.365755e-11[39m
     15 Linear |R| = [32m1.925056e-12[39m
 1 Nonlinear |R| = [32m6.220070e-06[39m
      0 Linear |R| = [32m6.220070e-06[39m
      1 Linear |R| = [32m1.156818e-06[39m
      2 Linear |R| = [32m2.149351e-08[39m
      3 Linear |R| = [32m1.677669e-08[39m
      4 Linear |R| = [32m6.478865e-09[39m
      5 Linear |R| = [32m5.533317e-09[39m
      6 Linear |R| = [32m1.637219e-09[39m
      7 Linear |R| = [32m1.861058e-10[39m
      8 Linear |R| = [32m1.924105e-11[39m
      9 Linear |R| = [32m1.801395e-11[39m
     10 Linear |R| = [32m6.048563e-12[39m
     11 Linear |R| = [32m5.034485e-13[39m
     12 Linear |R| = [32m1.336389e-13[39m
     13 Linear |R| = [32m1.107863e-13[39m
     14 Linear |R| = [32m8.652064e-15[39m
     15 Linear |R| = [32m1.105434e-15[39m
 2 Nonlinear |R| = [32m1.659386e-11[39m
      0 Linear |R| = [32m1.659386e-11[39m
      1 Linear |R| = [32m8.056562e-13[39m
      2 Linear |R| = [32m1.001552e-13[39m
      3 Linear |R| = [32m7.548382e-14[39m
      4 Linear |R| = [32m3.245691e-14[39m
      5 Linear |R| = [32m1.738987e-14[39m
      6 Linear |R| = [32m1.642792e-14[39m
      7 Linear |R| = [32m1.119742e-15[39m
      8 Linear |R| = [32m3.886781e-16[39m
      9 Linear |R| = [32m1.669976e-16[39m
     10 Linear |R| = [32m1.579920e-16[39m
     11 Linear |R| = [32m2.746471e-17[39m
     12 Linear |R| = [32m2.233751e-18[39m
     13 Linear |R| = [32m1.912300e-18[39m
     14 Linear |R| = [32m4.529308e-19[39m
     15 Linear |R| = [32m1.949484e-20[39m
     16 Linear |R| = [32m5.842465e-21[39m
 3 Nonlinear |R| = [32m2.443332e-14[39m
[32m Solve Converged![39m

Postprocessor Values:
+----------------+----------------+----------------+----------------+----------------+----------------+----------------+
| time           | J_max          | J_min          | Jbar_max       | Jbar_min       | center_pressure| edge_ux        |
+----------------+----------------+----------------+----------------+----------------+----------------+----------------+
:                :                :                :                :                :                :                :
|   1.100000e-02 |   9.789880e-01 |   9.722500e-01 |   9.882440e-01 |   9.871711e-01 |   1.979425e-01 |   1.009521e-02 |
|   1.200000e-02 |   9.786479e-01 |   9.721000e-01 |   9.881847e-01 |   9.871402e-01 |   1.924345e-01 |   9.785514e-03 |
|   1.300000e-02 |   9.783121e-01 |   9.719565e-01 |   9.881278e-01 |   9.871122e-01 |   1.868679e-01 |   9.488404e-03 |
|   1.400000e-02 |   9.779821e-01 |   9.718189e-01 |   9.880730e-01 |   9.870864e-01 |   1.813057e-01 |   9.202753e-03 |
|   1.500000e-02 |   9.776592e-01 |   9.716866e-01 |   9.880201e-01 |   9.870624e-01 |   1.757931e-01 |   8.927670e-03 |
|   1.600000e-02 |   9.773441e-01 |   9.715592e-01 |   9.879692e-01 |   9.870400e-01 |   1.703620e-01 |   8.662444e-03 |
|   1.700000e-02 |   9.770372e-01 |   9.714364e-01 |   9.879200e-01 |   9.870189e-01 |   1.650347e-01 |   8.406487e-03 |
|   1.800000e-02 |   9.767388e-01 |   9.713179e-01 |   9.878724e-01 |   9.869989e-01 |   1.598261e-01 |   8.159309e-03 |
|   1.900000e-02 |   9.764491e-01 |   9.712034e-01 |   9.878265e-01 |   9.869798e-01 |   1.547459e-01 |   7.920489e-03 |
|   2.000000e-02 |   9.761680e-01 |   9.710928e-01 |   9.877820e-01 |   9.869617e-01 |   1.497999e-01 |   7.689659e-03 |
|   2.100000e-02 |   9.758956e-01 |   9.709859e-01 |   9.877391e-01 |   9.869444e-01 |   1.449912e-01 |   7.466492e-03 |
|   2.200000e-02 |   9.756315e-01 |   9.708826e-01 |   9.876975e-01 |   9.869277e-01 |   1.403207e-01 |   7.250691e-03 |
|   2.300000e-02 |   9.753758e-01 |   9.707827e-01 |   9.876574e-01 |   9.869118e-01 |   1.357880e-01 |   7.041984e-03 |
|   2.400000e-02 |   9.751282e-01 |   9.706860e-01 |   9.876185e-01 |   9.868965e-01 |   1.313917e-01 |   6.840119e-03 |
|   2.500000e-02 |   9.748886e-01 |   9.705926e-01 |   9.875809e-01 |   9.868817e-01 |   1.271297e-01 |   6.644857e-03 |
+----------------+----------------+----------------+----------------+----------------+----------------+----------------+
+----------------+----------------+----------------+------------------+----------------+----------------+
| time           | mass           | mass_reaction  | outflow_gradient | platen_max     | platen_min     |
+----------------+----------------+----------------+------------------+----------------+----------------+
:                :                :                :                  :                :                :
|   1.100000e-02 |   1.561555e-01 |  -2.049021e-01 |     2.002289e-01 |  -5.659778e-03 |  -5.659778e-03 |
|   1.200000e-02 |   1.559596e-01 |  -1.959312e-01 |     1.915888e-01 |  -5.688720e-03 |  -5.688720e-03 |
|   1.300000e-02 |   1.557717e-01 |  -1.878932e-01 |     1.838214e-01 |  -5.716486e-03 |  -5.716486e-03 |
|   1.400000e-02 |   1.555911e-01 |  -1.805744e-01 |     1.767299e-01 |  -5.743180e-03 |  -5.743180e-03 |
|   1.500000e-02 |   1.554173e-01 |  -1.738225e-01 |     1.701730e-01 |  -5.768886e-03 |  -5.768886e-03 |
|   1.600000e-02 |   1.552498e-01 |  -1.675267e-01 |     1.640482e-01 |  -5.793672e-03 |  -5.793672e-03 |
|   1.700000e-02 |   1.550882e-01 |  -1.616064e-01 |     1.582805e-01 |  -5.817592e-03 |  -5.817592e-03 |
|   1.800000e-02 |   1.549322e-01 |  -1.560016e-01 |     1.528139e-01 |  -5.840693e-03 |  -5.840693e-03 |
|   1.900000e-02 |   1.547815e-01 |  -1.506678e-01 |     1.476070e-01 |  -5.863012e-03 |  -5.863012e-03 |
|   2.000000e-02 |   1.546359e-01 |  -1.455714e-01 |     1.426283e-01 |  -5.884586e-03 |  -5.884586e-03 |
|   2.100000e-02 |   1.544952e-01 |  -1.406866e-01 |     1.378537e-01 |  -5.905443e-03 |  -5.905443e-03 |
|   2.200000e-02 |   1.543592e-01 |  -1.359936e-01 |     1.332646e-01 |  -5.925613e-03 |  -5.925613e-03 |
|   2.300000e-02 |   1.542278e-01 |  -1.314767e-01 |     1.288462e-01 |  -5.945121e-03 |  -5.945121e-03 |
|   2.400000e-02 |   1.541006e-01 |  -1.271236e-01 |     1.245867e-01 |  -5.963989e-03 |  -5.963989e-03 |
|   2.500000e-02 |   1.539777e-01 |  -1.229239e-01 |     1.204765e-01 |  -5.982241e-03 |  -5.982241e-03 |
+----------------+----------------+----------------+------------------+----------------+----------------+
+----------------+--------------------+--------------------+----------------+----------------+----------------+
| time           | solid_fraction_max | solid_fraction_min | stability_max  | stability_min  | top_reaction   |
+----------------+--------------------+--------------------+----------------+----------------+----------------+
:                :                    :                    :                :                :                :
|   1.100000e-02 |       6.098703e-01 |       6.050152e-01 |   2.811378e+01 |   2.800279e+01 |  -1.400000e+00 |
|   1.200000e-02 |       6.099278e-01 |       6.052065e-01 |   2.811060e+01 |   2.800267e+01 |  -1.400000e+00 |
|   1.300000e-02 |       6.099827e-01 |       6.053971e-01 |   2.810740e+01 |   2.800256e+01 |  -1.400000e+00 |
|   1.400000e-02 |       6.100352e-01 |       6.055855e-01 |   2.810419e+01 |   2.800246e+01 |  -1.400000e+00 |
|   1.500000e-02 |       6.100857e-01 |       6.057708e-01 |   2.810102e+01 |   2.800237e+01 |  -1.400000e+00 |
|   1.600000e-02 |       6.101342e-01 |       6.059524e-01 |   2.809789e+01 |   2.800229e+01 |  -1.400000e+00 |
|   1.700000e-02 |       6.101809e-01 |       6.061298e-01 |   2.809483e+01 |   2.800221e+01 |  -1.400000e+00 |
|   1.800000e-02 |       6.102260e-01 |       6.063026e-01 |   2.809183e+01 |   2.800213e+01 |  -1.400000e+00 |
|   1.900000e-02 |       6.102696e-01 |       6.064708e-01 |   2.808891e+01 |   2.800206e+01 |  -1.400000e+00 |
|   2.000000e-02 |       6.103116e-01 |       6.066343e-01 |   2.808607e+01 |   2.800199e+01 |  -1.400000e+00 |
|   2.100000e-02 |       6.103523e-01 |       6.067930e-01 |   2.808330e+01 |   2.800192e+01 |  -1.400000e+00 |
|   2.200000e-02 |       6.103915e-01 |       6.069470e-01 |   2.808062e+01 |   2.800186e+01 |  -1.400000e+00 |
|   2.300000e-02 |       6.104295e-01 |       6.070963e-01 |   2.807801e+01 |   2.800180e+01 |  -1.400000e+00 |
|   2.400000e-02 |       6.104663e-01 |       6.072410e-01 |   2.807548e+01 |   2.800174e+01 |  -1.400000e+00 |
|   2.500000e-02 |       6.105018e-01 |       6.073812e-01 |   2.807303e+01 |   2.800168e+01 |  -1.400000e+00 |
+----------------+--------------------+--------------------+----------------+----------------+----------------+


Time Step 26, time = 0.026, dt = 0.001
 * Nonlinear |R| = [32m1.527180e-02[39m (Before preset BCs, predictors, correctors, and constraints)
 0 Nonlinear |R| = [32m1.527180e-02[39m
      0 Linear |R| = [32m1.527180e-02[39m
      1 Linear |R| = [32m5.513644e-03[39m
      2 Linear |R| = [32m4.857696e-03[39m
      3 Linear |R| = [32m8.594001e-05[39m
      4 Linear |R| = [32m2.616456e-05[39m
      5 Linear |R| = [32m1.633935e-05[39m
      6 Linear |R| = [32m2.282822e-06[39m
      7 Linear |R| = [32m3.070606e-07[39m
      8 Linear |R| = [32m4.528398e-08[39m
      9 Linear |R| = [32m2.752830e-08[39m
     10 Linear |R| = [32m1.378736e-08[39m
     11 Linear |R| = [32m2.718891e-09[39m
     12 Linear |R| = [32m7.852599e-10[39m
     13 Linear |R| = [32m1.903203e-10[39m
     14 Linear |R| = [32m2.286548e-11[39m
     15 Linear |R| = [32m1.783909e-12[39m
 1 Nonlinear |R| = [32m5.819765e-06[39m
      0 Linear |R| = [32m5.819765e-06[39m
      1 Linear |R| = [32m1.083036e-06[39m
      2 Linear |R| = [32m4.327663e-08[39m
      3 Linear |R| = [32m1.846189e-08[39m
      4 Linear |R| = [32m6.036834e-09[39m
      5 Linear |R| = [32m5.320885e-09[39m
      6 Linear |R| = [32m1.520611e-09[39m
      7 Linear |R| = [32m1.714428e-10[39m
      8 Linear |R| = [32m1.875859e-11[39m
      9 Linear |R| = [32m1.655118e-11[39m
     10 Linear |R| = [32m5.668419e-12[39m
     11 Linear |R| = [32m5.268016e-13[39m
     12 Linear |R| = [32m1.438615e-13[39m
     13 Linear |R| = [32m1.067337e-13[39m
     14 Linear |R| = [32m9.058560e-15[39m
     15 Linear |R| = [32m1.007726e-15[39m
 2 Nonlinear |R| = [32m1.617262e-11[39m
      0 Linear |R| = [32m1.617262e-11[39m
      1 Linear |R| = [32m3.859178e-13[39m
      2 Linear |R| = [32m3.036090e-13[39m
      3 Linear |R| = [32m6.452058e-14[39m
      4 Linear |R| = [32m2.154251e-14[39m
      5 Linear |R| = [32m1.480855e-14[39m
      6 Linear |R| = [32m1.203438e-14[39m
      7 Linear |R| = [32m4.789236e-16[39m
      8 Linear |R| = [32m1.704598e-16[39m
      9 Linear |R| = [32m1.277470e-16[39m
     10 Linear |R| = [32m9.329354e-17[39m
     11 Linear |R| = [32m6.768462e-18[39m
     12 Linear |R| = [32m1.610668e-18[39m
     13 Linear |R| = [32m1.518136e-18[39m
     14 Linear |R| = [32m3.686398e-19[39m
     15 Linear |R| = [32m1.127418e-20[39m
 3 Nonlinear |R| = [32m2.361329e-14[39m
[32m Solve Converged![39m

Postprocessor Values:
+----------------+----------------+----------------+----------------+----------------+----------------+----------------+
| time           | J_max          | J_min          | Jbar_max       | Jbar_min       | center_pressure| edge_ux        |
+----------------+----------------+----------------+----------------+----------------+----------------+----------------+
:                :                :                :                :                :                :                :
|   1.200000e-02 |   9.786479e-01 |   9.721000e-01 |   9.881847e-01 |   9.871402e-01 |   1.924345e-01 |   9.785514e-03 |
|   1.300000e-02 |   9.783121e-01 |   9.719565e-01 |   9.881278e-01 |   9.871122e-01 |   1.868679e-01 |   9.488404e-03 |
|   1.400000e-02 |   9.779821e-01 |   9.718189e-01 |   9.880730e-01 |   9.870864e-01 |   1.813057e-01 |   9.202753e-03 |
|   1.500000e-02 |   9.776592e-01 |   9.716866e-01 |   9.880201e-01 |   9.870624e-01 |   1.757931e-01 |   8.927670e-03 |
|   1.600000e-02 |   9.773441e-01 |   9.715592e-01 |   9.879692e-01 |   9.870400e-01 |   1.703620e-01 |   8.662444e-03 |
|   1.700000e-02 |   9.770372e-01 |   9.714364e-01 |   9.879200e-01 |   9.870189e-01 |   1.650347e-01 |   8.406487e-03 |
|   1.800000e-02 |   9.767388e-01 |   9.713179e-01 |   9.878724e-01 |   9.869989e-01 |   1.598261e-01 |   8.159309e-03 |
|   1.900000e-02 |   9.764491e-01 |   9.712034e-01 |   9.878265e-01 |   9.869798e-01 |   1.547459e-01 |   7.920489e-03 |
|   2.000000e-02 |   9.761680e-01 |   9.710928e-01 |   9.877820e-01 |   9.869617e-01 |   1.497999e-01 |   7.689659e-03 |
|   2.100000e-02 |   9.758956e-01 |   9.709859e-01 |   9.877391e-01 |   9.869444e-01 |   1.449912e-01 |   7.466492e-03 |
|   2.200000e-02 |   9.756315e-01 |   9.708826e-01 |   9.876975e-01 |   9.869277e-01 |   1.403207e-01 |   7.250691e-03 |
|   2.300000e-02 |   9.753758e-01 |   9.707827e-01 |   9.876574e-01 |   9.869118e-01 |   1.357880e-01 |   7.041984e-03 |
|   2.400000e-02 |   9.751282e-01 |   9.706860e-01 |   9.876185e-01 |   9.868965e-01 |   1.313917e-01 |   6.840119e-03 |
|   2.500000e-02 |   9.748886e-01 |   9.705926e-01 |   9.875809e-01 |   9.868817e-01 |   1.271297e-01 |   6.644857e-03 |
|   2.600000e-02 |   9.746566e-01 |   9.705022e-01 |   9.875445e-01 |   9.868675e-01 |   1.229993e-01 |   6.455974e-03 |
+----------------+----------------+----------------+----------------+----------------+----------------+----------------+
+----------------+----------------+----------------+------------------+----------------+----------------+
| time           | mass           | mass_reaction  | outflow_gradient | platen_max     | platen_min     |
+----------------+----------------+----------------+------------------+----------------+----------------+
:                :                :                :                  :                :                :
|   1.200000e-02 |   1.559596e-01 |  -1.959312e-01 |     1.915888e-01 |  -5.688720e-03 |  -5.688720e-03 |
|   1.300000e-02 |   1.557717e-01 |  -1.878932e-01 |     1.838214e-01 |  -5.716486e-03 |  -5.716486e-03 |
|   1.400000e-02 |   1.555911e-01 |  -1.805744e-01 |     1.767299e-01 |  -5.743180e-03 |  -5.743180e-03 |
|   1.500000e-02 |   1.554173e-01 |  -1.738225e-01 |     1.701730e-01 |  -5.768886e-03 |  -5.768886e-03 |
|   1.600000e-02 |   1.552498e-01 |  -1.675267e-01 |     1.640482e-01 |  -5.793672e-03 |  -5.793672e-03 |
|   1.700000e-02 |   1.550882e-01 |  -1.616064e-01 |     1.582805e-01 |  -5.817592e-03 |  -5.817592e-03 |
|   1.800000e-02 |   1.549322e-01 |  -1.560016e-01 |     1.528139e-01 |  -5.840693e-03 |  -5.840693e-03 |
|   1.900000e-02 |   1.547815e-01 |  -1.506678e-01 |     1.476070e-01 |  -5.863012e-03 |  -5.863012e-03 |
|   2.000000e-02 |   1.546359e-01 |  -1.455714e-01 |     1.426283e-01 |  -5.884586e-03 |  -5.884586e-03 |
|   2.100000e-02 |   1.544952e-01 |  -1.406866e-01 |     1.378537e-01 |  -5.905443e-03 |  -5.905443e-03 |
|   2.200000e-02 |   1.543592e-01 |  -1.359936e-01 |     1.332646e-01 |  -5.925613e-03 |  -5.925613e-03 |
|   2.300000e-02 |   1.542278e-01 |  -1.314767e-01 |     1.288462e-01 |  -5.945121e-03 |  -5.945121e-03 |
|   2.400000e-02 |   1.541006e-01 |  -1.271236e-01 |     1.245867e-01 |  -5.963989e-03 |  -5.963989e-03 |
|   2.500000e-02 |   1.539777e-01 |  -1.229239e-01 |     1.204765e-01 |  -5.982241e-03 |  -5.982241e-03 |
|   2.600000e-02 |   1.538588e-01 |  -1.188693e-01 |     1.165075e-01 |  -5.999897e-03 |  -5.999897e-03 |
+----------------+----------------+----------------+------------------+----------------+----------------+
+----------------+--------------------+--------------------+----------------+----------------+----------------+
| time           | solid_fraction_max | solid_fraction_min | stability_max  | stability_min  | top_reaction   |
+----------------+--------------------+--------------------+----------------+----------------+----------------+
:                :                    :                    :                :                :                :
|   1.200000e-02 |       6.099278e-01 |       6.052065e-01 |   2.811060e+01 |   2.800267e+01 |  -1.400000e+00 |
|   1.300000e-02 |       6.099827e-01 |       6.053971e-01 |   2.810740e+01 |   2.800256e+01 |  -1.400000e+00 |
|   1.400000e-02 |       6.100352e-01 |       6.055855e-01 |   2.810419e+01 |   2.800246e+01 |  -1.400000e+00 |
|   1.500000e-02 |       6.100857e-01 |       6.057708e-01 |   2.810102e+01 |   2.800237e+01 |  -1.400000e+00 |
|   1.600000e-02 |       6.101342e-01 |       6.059524e-01 |   2.809789e+01 |   2.800229e+01 |  -1.400000e+00 |
|   1.700000e-02 |       6.101809e-01 |       6.061298e-01 |   2.809483e+01 |   2.800221e+01 |  -1.400000e+00 |
|   1.800000e-02 |       6.102260e-01 |       6.063026e-01 |   2.809183e+01 |   2.800213e+01 |  -1.400000e+00 |
|   1.900000e-02 |       6.102696e-01 |       6.064708e-01 |   2.808891e+01 |   2.800206e+01 |  -1.400000e+00 |
|   2.000000e-02 |       6.103116e-01 |       6.066343e-01 |   2.808607e+01 |   2.800199e+01 |  -1.400000e+00 |
|   2.100000e-02 |       6.103523e-01 |       6.067930e-01 |   2.808330e+01 |   2.800192e+01 |  -1.400000e+00 |
|   2.200000e-02 |       6.103915e-01 |       6.069470e-01 |   2.808062e+01 |   2.800186e+01 |  -1.400000e+00 |
|   2.300000e-02 |       6.104295e-01 |       6.070963e-01 |   2.807801e+01 |   2.800180e+01 |  -1.400000e+00 |
|   2.400000e-02 |       6.104663e-01 |       6.072410e-01 |   2.807548e+01 |   2.800174e+01 |  -1.400000e+00 |
|   2.500000e-02 |       6.105018e-01 |       6.073812e-01 |   2.807303e+01 |   2.800168e+01 |  -1.400000e+00 |
|   2.600000e-02 |       6.105362e-01 |       6.075171e-01 |   2.807066e+01 |   2.800163e+01 |  -1.400000e+00 |
+----------------+--------------------+--------------------+----------------+----------------+----------------+


Time Step 27, time = 0.027, dt = 0.001
 * Nonlinear |R| = [32m1.477009e-02[39m (Before preset BCs, predictors, correctors, and constraints)
 0 Nonlinear |R| = [32m1.477009e-02[39m
      0 Linear |R| = [32m1.477009e-02[39m
      1 Linear |R| = [32m5.334415e-03[39m
      2 Linear |R| = [32m4.700355e-03[39m
      3 Linear |R| = [32m8.313196e-05[39m
      4 Linear |R| = [32m2.530870e-05[39m
      5 Linear |R| = [32m1.571686e-05[39m
      6 Linear |R| = [32m2.210991e-06[39m
      7 Linear |R| = [32m2.972448e-07[39m
      8 Linear |R| = [32m4.796857e-08[39m
      9 Linear |R| = [32m2.663535e-08[39m
     10 Linear |R| = [32m1.332133e-08[39m
     11 Linear |R| = [32m2.637087e-09[39m
     12 Linear |R| = [32m5.967312e-10[39m
     13 Linear |R| = [32m1.842312e-10[39m
     14 Linear |R| = [32m2.210324e-11[39m
     15 Linear |R| = [32m1.693295e-12[39m
 1 Nonlinear |R| = [32m5.458608e-06[39m
      0 Linear |R| = [32m5.458608e-06[39m
      1 Linear |R| = [32m1.018870e-06[39m
      2 Linear |R| = [32m2.914089e-08[39m
      3 Linear |R| = [32m1.733163e-08[39m
      4 Linear |R| = [32m5.676366e-09[39m
      5 Linear |R| = [32m5.042236e-09[39m
      6 Linear |R| = [32m1.417595e-09[39m
      7 Linear |R| = [32m1.597423e-10[39m
      8 Linear |R| = [32m1.859647e-11[39m
      9 Linear |R| = [32m1.545243e-11[39m
     10 Linear |R| = [32m5.779019e-12[39m
     11 Linear |R| = [32m5.433345e-13[39m
     12 Linear |R| = [32m1.764378e-13[39m
     13 Linear |R| = [32m1.022553e-13[39m
     14 Linear |R| = [32m8.901691e-15[39m
     15 Linear |R| = [32m9.647695e-16[39m
 2 Nonlinear |R| = [32m1.645173e-11[39m
      0 Linear |R| = [32m1.645173e-11[39m
      1 Linear |R| = [32m2.710280e-12[39m
      2 Linear |R| = [32m1.698216e-12[39m
      3 Linear |R| = [32m8.276081e-14[39m
      4 Linear |R| = [32m4.102251e-14[39m
      5 Linear |R| = [32m2.132818e-14[39m
      6 Linear |R| = [32m1.779115e-14[39m
      7 Linear |R| = [32m6.731907e-16[39m
      8 Linear |R| = [32m3.012789e-16[39m
      9 Linear |R| = [32m2.083848e-16[39m
     10 Linear |R| = [32m1.362403e-16[39m
     11 Linear |R| = [32m9.990804e-18[39m
     12 Linear |R| = [32m2.452688e-18[39m
     13 Linear |R| = [32m2.224383e-18[39m
     14 Linear |R| = [32m4.115583e-19[39m
     15 Linear |R| = [32m1.953658e-20[39m
     16 Linear |R| = [32m6.627773e-21[39m
 3 Nonlinear |R| = [32m2.511062e-14[39m
[32m Solve Converged![39m

Postprocessor Values:
+----------------+----------------+----------------+----------------+----------------+----------------+----------------+
| time           | J_max          | J_min          | Jbar_max       | Jbar_min       | center_pressure| edge_ux        |
+----------------+----------------+----------------+----------------+----------------+----------------+----------------+
:                :                :                :                :                :                :                :
|   1.300000e-02 |   9.783121e-01 |   9.719565e-01 |   9.881278e-01 |   9.871122e-01 |   1.868679e-01 |   9.488404e-03 |
|   1.400000e-02 |   9.779821e-01 |   9.718189e-01 |   9.880730e-01 |   9.870864e-01 |   1.813057e-01 |   9.202753e-03 |
|   1.500000e-02 |   9.776592e-01 |   9.716866e-01 |   9.880201e-01 |   9.870624e-01 |   1.757931e-01 |   8.927670e-03 |
|   1.600000e-02 |   9.773441e-01 |   9.715592e-01 |   9.879692e-01 |   9.870400e-01 |   1.703620e-01 |   8.662444e-03 |
|   1.700000e-02 |   9.770372e-01 |   9.714364e-01 |   9.879200e-01 |   9.870189e-01 |   1.650347e-01 |   8.406487e-03 |
|   1.800000e-02 |   9.767388e-01 |   9.713179e-01 |   9.878724e-01 |   9.869989e-01 |   1.598261e-01 |   8.159309e-03 |
|   1.900000e-02 |   9.764491e-01 |   9.712034e-01 |   9.878265e-01 |   9.869798e-01 |   1.547459e-01 |   7.920489e-03 |
|   2.000000e-02 |   9.761680e-01 |   9.710928e-01 |   9.877820e-01 |   9.869617e-01 |   1.497999e-01 |   7.689659e-03 |
|   2.100000e-02 |   9.758956e-01 |   9.709859e-01 |   9.877391e-01 |   9.869444e-01 |   1.449912e-01 |   7.466492e-03 |
|   2.200000e-02 |   9.756315e-01 |   9.708826e-01 |   9.876975e-01 |   9.869277e-01 |   1.403207e-01 |   7.250691e-03 |
|   2.300000e-02 |   9.753758e-01 |   9.707827e-01 |   9.876574e-01 |   9.869118e-01 |   1.357880e-01 |   7.041984e-03 |
|   2.400000e-02 |   9.751282e-01 |   9.706860e-01 |   9.876185e-01 |   9.868965e-01 |   1.313917e-01 |   6.840119e-03 |
|   2.500000e-02 |   9.748886e-01 |   9.705926e-01 |   9.875809e-01 |   9.868817e-01 |   1.271297e-01 |   6.644857e-03 |
|   2.600000e-02 |   9.746566e-01 |   9.705022e-01 |   9.875445e-01 |   9.868675e-01 |   1.229993e-01 |   6.455974e-03 |
|   2.700000e-02 |   9.744321e-01 |   9.704147e-01 |   9.875093e-01 |   9.868539e-01 |   1.189977e-01 |   6.273259e-03 |
+----------------+----------------+----------------+----------------+----------------+----------------+----------------+
+----------------+----------------+----------------+------------------+----------------+----------------+
| time           | mass           | mass_reaction  | outflow_gradient | platen_max     | platen_min     |
+----------------+----------------+----------------+------------------+----------------+----------------+
:                :                :                :                  :                :                :
|   1.300000e-02 |   1.557717e-01 |  -1.878932e-01 |     1.838214e-01 |  -5.716486e-03 |  -5.716486e-03 |
|   1.400000e-02 |   1.555911e-01 |  -1.805744e-01 |     1.767299e-01 |  -5.743180e-03 |  -5.743180e-03 |
|   1.500000e-02 |   1.554173e-01 |  -1.738225e-01 |     1.701730e-01 |  -5.768886e-03 |  -5.768886e-03 |
|   1.600000e-02 |   1.552498e-01 |  -1.675267e-01 |     1.640482e-01 |  -5.793672e-03 |  -5.793672e-03 |
|   1.700000e-02 |   1.550882e-01 |  -1.616064e-01 |     1.582805e-01 |  -5.817592e-03 |  -5.817592e-03 |
|   1.800000e-02 |   1.549322e-01 |  -1.560016e-01 |     1.528139e-01 |  -5.840693e-03 |  -5.840693e-03 |
|   1.900000e-02 |   1.547815e-01 |  -1.506678e-01 |     1.476070e-01 |  -5.863012e-03 |  -5.863012e-03 |
|   2.000000e-02 |   1.546359e-01 |  -1.455714e-01 |     1.426283e-01 |  -5.884586e-03 |  -5.884586e-03 |
|   2.100000e-02 |   1.544952e-01 |  -1.406866e-01 |     1.378537e-01 |  -5.905443e-03 |  -5.905443e-03 |
|   2.200000e-02 |   1.543592e-01 |  -1.359936e-01 |     1.332646e-01 |  -5.925613e-03 |  -5.925613e-03 |
|   2.300000e-02 |   1.542278e-01 |  -1.314767e-01 |     1.288462e-01 |  -5.945121e-03 |  -5.945121e-03 |
|   2.400000e-02 |   1.541006e-01 |  -1.271236e-01 |     1.245867e-01 |  -5.963989e-03 |  -5.963989e-03 |
|   2.500000e-02 |   1.539777e-01 |  -1.229239e-01 |     1.204765e-01 |  -5.982241e-03 |  -5.982241e-03 |
|   2.600000e-02 |   1.538588e-01 |  -1.188693e-01 |     1.165075e-01 |  -5.999897e-03 |  -5.999897e-03 |
|   2.700000e-02 |   1.537439e-01 |  -1.149525e-01 |     1.126728e-01 |  -6.016977e-03 |  -6.016977e-03 |
+----------------+----------------+----------------+------------------+----------------+----------------+
+----------------+--------------------+--------------------+----------------+----------------+----------------+
| time           | solid_fraction_max | solid_fraction_min | stability_max  | stability_min  | top_reaction   |
+----------------+--------------------+--------------------+----------------+----------------+----------------+
:                :                    :                    :                :                :                :
|   1.300000e-02 |       6.099827e-01 |       6.053971e-01 |   2.810740e+01 |   2.800256e+01 |  -1.400000e+00 |
|   1.400000e-02 |       6.100352e-01 |       6.055855e-01 |   2.810419e+01 |   2.800246e+01 |  -1.400000e+00 |
|   1.500000e-02 |       6.100857e-01 |       6.057708e-01 |   2.810102e+01 |   2.800237e+01 |  -1.400000e+00 |
|   1.600000e-02 |       6.101342e-01 |       6.059524e-01 |   2.809789e+01 |   2.800229e+01 |  -1.400000e+00 |
|   1.700000e-02 |       6.101809e-01 |       6.061298e-01 |   2.809483e+01 |   2.800221e+01 |  -1.400000e+00 |
|   1.800000e-02 |       6.102260e-01 |       6.063026e-01 |   2.809183e+01 |   2.800213e+01 |  -1.400000e+00 |
|   1.900000e-02 |       6.102696e-01 |       6.064708e-01 |   2.808891e+01 |   2.800206e+01 |  -1.400000e+00 |
|   2.000000e-02 |       6.103116e-01 |       6.066343e-01 |   2.808607e+01 |   2.800199e+01 |  -1.400000e+00 |
|   2.100000e-02 |       6.103523e-01 |       6.067930e-01 |   2.808330e+01 |   2.800192e+01 |  -1.400000e+00 |
|   2.200000e-02 |       6.103915e-01 |       6.069470e-01 |   2.808062e+01 |   2.800186e+01 |  -1.400000e+00 |
|   2.300000e-02 |       6.104295e-01 |       6.070963e-01 |   2.807801e+01 |   2.800180e+01 |  -1.400000e+00 |
|   2.400000e-02 |       6.104663e-01 |       6.072410e-01 |   2.807548e+01 |   2.800174e+01 |  -1.400000e+00 |
|   2.500000e-02 |       6.105018e-01 |       6.073812e-01 |   2.807303e+01 |   2.800168e+01 |  -1.400000e+00 |
|   2.600000e-02 |       6.105362e-01 |       6.075171e-01 |   2.807066e+01 |   2.800163e+01 |  -1.400000e+00 |
|   2.700000e-02 |       6.105695e-01 |       6.076486e-01 |   2.806836e+01 |   2.800157e+01 |  -1.400000e+00 |
+----------------+--------------------+--------------------+----------------+----------------+----------------+


Time Step 28, time = 0.028, dt = 0.001
 * Nonlinear |R| = [32m1.428475e-02[39m (Before preset BCs, predictors, correctors, and constraints)
 0 Nonlinear |R| = [32m1.428475e-02[39m
      0 Linear |R| = [32m1.428475e-02[39m
      1 Linear |R| = [32m5.161050e-03[39m
      2 Linear |R| = [32m4.548121e-03[39m
      3 Linear |R| = [32m8.041703e-05[39m
      4 Linear |R| = [32m2.448013e-05[39m
      5 Linear |R| = [32m1.405684e-05[39m
      6 Linear |R| = [32m2.140790e-06[39m
      7 Linear |R| = [32m2.876956e-07[39m
      8 Linear |R| = [32m4.144959e-08[39m
      9 Linear |R| = [32m2.576577e-08[39m
     10 Linear |R| = [32m1.287010e-08[39m
     11 Linear |R| = [32m2.555982e-09[39m
     12 Linear |R| = [32m4.939255e-10[39m
     13 Linear |R| = [32m1.783135e-10[39m
     14 Linear |R| = [32m2.136647e-11[39m
     15 Linear |R| = [32m1.714682e-12[39m
 1 Nonlinear |R| = [32m5.121570e-06[39m
      0 Linear |R| = [32m5.121570e-06[39m
      1 Linear |R| = [32m9.502266e-07[39m
      2 Linear |R| = [32m6.591686e-08[39m
      3 Linear |R| = [32m1.617172e-08[39m
      4 Linear |R| = [32m5.273634e-09[39m
      5 Linear |R| = [32m4.712145e-09[39m
      6 Linear |R| = [32m1.328871e-09[39m
      7 Linear |R| = [32m1.488043e-10[39m
      8 Linear |R| = [32m1.604184e-11[39m
      9 Linear |R| = [32m1.453085e-11[39m
     10 Linear |R| = [32m3.694047e-12[39m
     11 Linear |R| = [32m4.377894e-13[39m
     12 Linear |R| = [32m1.280811e-13[39m
     13 Linear |R| = [32m9.133858e-14[39m
     14 Linear |R| = [32m7.262068e-15[39m
     15 Linear |R| = [32m8.787284e-16[39m
 2 Nonlinear |R| = [32m1.539546e-11[39m
      0 Linear |R| = [32m1.539546e-11[39m
      1 Linear |R| = [32m1.373059e-12[39m
      2 Linear |R| = [32m7.791043e-13[39m
      3 Linear |R| = [32m6.043959e-14[39m
      4 Linear |R| = [32m2.641013e-14[39m
      5 Linear |R| = [32m1.275857e-14[39m
      6 Linear |R| = [32m1.098658e-14[39m
      7 Linear |R| = [32m3.758052e-16[39m
      8 Linear |R| = [32m1.903384e-16[39m
      9 Linear |R| = [32m1.334964e-16[39m
     10 Linear |R| = [32m7.630348e-17[39m
     11 Linear |R| = [32m8.414333e-18[39m
     12 Linear |R| = [32m1.433267e-18[39m
     13 Linear |R| = [33m1.420485e-18[39m
     14 Linear |R| = [32m2.665161e-19[39m
     15 Linear |R| = [32m1.392526e-20[39m
 3 Nonlinear |R| = [32m2.249998e-14[39m
[32m Solve Converged![39m

Postprocessor Values:
+----------------+----------------+----------------+----------------+----------------+----------------+----------------+
| time           | J_max          | J_min          | Jbar_max       | Jbar_min       | center_pressure| edge_ux        |
+----------------+----------------+----------------+----------------+----------------+----------------+----------------+
:                :                :                :                :                :                :                :
|   1.400000e-02 |   9.779821e-01 |   9.718189e-01 |   9.880730e-01 |   9.870864e-01 |   1.813057e-01 |   9.202753e-03 |
|   1.500000e-02 |   9.776592e-01 |   9.716866e-01 |   9.880201e-01 |   9.870624e-01 |   1.757931e-01 |   8.927670e-03 |
|   1.600000e-02 |   9.773441e-01 |   9.715592e-01 |   9.879692e-01 |   9.870400e-01 |   1.703620e-01 |   8.662444e-03 |
|   1.700000e-02 |   9.770372e-01 |   9.714364e-01 |   9.879200e-01 |   9.870189e-01 |   1.650347e-01 |   8.406487e-03 |
|   1.800000e-02 |   9.767388e-01 |   9.713179e-01 |   9.878724e-01 |   9.869989e-01 |   1.598261e-01 |   8.159309e-03 |
|   1.900000e-02 |   9.764491e-01 |   9.712034e-01 |   9.878265e-01 |   9.869798e-01 |   1.547459e-01 |   7.920489e-03 |
|   2.000000e-02 |   9.761680e-01 |   9.710928e-01 |   9.877820e-01 |   9.869617e-01 |   1.497999e-01 |   7.689659e-03 |
|   2.100000e-02 |   9.758956e-01 |   9.709859e-01 |   9.877391e-01 |   9.869444e-01 |   1.449912e-01 |   7.466492e-03 |
|   2.200000e-02 |   9.756315e-01 |   9.708826e-01 |   9.876975e-01 |   9.869277e-01 |   1.403207e-01 |   7.250691e-03 |
|   2.300000e-02 |   9.753758e-01 |   9.707827e-01 |   9.876574e-01 |   9.869118e-01 |   1.357880e-01 |   7.041984e-03 |
|   2.400000e-02 |   9.751282e-01 |   9.706860e-01 |   9.876185e-01 |   9.868965e-01 |   1.313917e-01 |   6.840119e-03 |
|   2.500000e-02 |   9.748886e-01 |   9.705926e-01 |   9.875809e-01 |   9.868817e-01 |   1.271297e-01 |   6.644857e-03 |
|   2.600000e-02 |   9.746566e-01 |   9.705022e-01 |   9.875445e-01 |   9.868675e-01 |   1.229993e-01 |   6.455974e-03 |
|   2.700000e-02 |   9.744321e-01 |   9.704147e-01 |   9.875093e-01 |   9.868539e-01 |   1.189977e-01 |   6.273259e-03 |
|   2.800000e-02 |   9.742149e-01 |   9.703301e-01 |   9.874752e-01 |   9.868407e-01 |   1.151215e-01 |   6.096506e-03 |
+----------------+----------------+----------------+----------------+----------------+----------------+----------------+
+----------------+----------------+----------------+------------------+----------------+----------------+
| time           | mass           | mass_reaction  | outflow_gradient | platen_max     | platen_min     |
+----------------+----------------+----------------+------------------+----------------+----------------+
:                :                :                :                  :                :                :
|   1.400000e-02 |   1.555911e-01 |  -1.805744e-01 |     1.767299e-01 |  -5.743180e-03 |  -5.743180e-03 |
|   1.500000e-02 |   1.554173e-01 |  -1.738225e-01 |     1.701730e-01 |  -5.768886e-03 |  -5.768886e-03 |
|   1.600000e-02 |   1.552498e-01 |  -1.675267e-01 |     1.640482e-01 |  -5.793672e-03 |  -5.793672e-03 |
|   1.700000e-02 |   1.550882e-01 |  -1.616064e-01 |     1.582805e-01 |  -5.817592e-03 |  -5.817592e-03 |
|   1.800000e-02 |   1.549322e-01 |  -1.560016e-01 |     1.528139e-01 |  -5.840693e-03 |  -5.840693e-03 |
|   1.900000e-02 |   1.547815e-01 |  -1.506678e-01 |     1.476070e-01 |  -5.863012e-03 |  -5.863012e-03 |
|   2.000000e-02 |   1.546359e-01 |  -1.455714e-01 |     1.426283e-01 |  -5.884586e-03 |  -5.884586e-03 |
|   2.100000e-02 |   1.544952e-01 |  -1.406866e-01 |     1.378537e-01 |  -5.905443e-03 |  -5.905443e-03 |
|   2.200000e-02 |   1.543592e-01 |  -1.359936e-01 |     1.332646e-01 |  -5.925613e-03 |  -5.925613e-03 |
|   2.300000e-02 |   1.542278e-01 |  -1.314767e-01 |     1.288462e-01 |  -5.945121e-03 |  -5.945121e-03 |
|   2.400000e-02 |   1.541006e-01 |  -1.271236e-01 |     1.245867e-01 |  -5.963989e-03 |  -5.963989e-03 |
|   2.500000e-02 |   1.539777e-01 |  -1.229239e-01 |     1.204765e-01 |  -5.982241e-03 |  -5.982241e-03 |
|   2.600000e-02 |   1.538588e-01 |  -1.188693e-01 |     1.165075e-01 |  -5.999897e-03 |  -5.999897e-03 |
|   2.700000e-02 |   1.537439e-01 |  -1.149525e-01 |     1.126728e-01 |  -6.016977e-03 |  -6.016977e-03 |
|   2.800000e-02 |   1.536327e-01 |  -1.111672e-01 |     1.089665e-01 |  -6.033500e-03 |  -6.033500e-03 |
+----------------+----------------+----------------+------------------+----------------+----------------+
+----------------+--------------------+--------------------+----------------+----------------+----------------+
| time           | solid_fraction_max | solid_fraction_min | stability_max  | stability_min  | top_reaction   |
+----------------+--------------------+--------------------+----------------+----------------+----------------+
:                :                    :                    :                :                :                :
|   1.400000e-02 |       6.100352e-01 |       6.055855e-01 |   2.810419e+01 |   2.800246e+01 |  -1.400000e+00 |
|   1.500000e-02 |       6.100857e-01 |       6.057708e-01 |   2.810102e+01 |   2.800237e+01 |  -1.400000e+00 |
|   1.600000e-02 |       6.101342e-01 |       6.059524e-01 |   2.809789e+01 |   2.800229e+01 |  -1.400000e+00 |
|   1.700000e-02 |       6.101809e-01 |       6.061298e-01 |   2.809483e+01 |   2.800221e+01 |  -1.400000e+00 |
|   1.800000e-02 |       6.102260e-01 |       6.063026e-01 |   2.809183e+01 |   2.800213e+01 |  -1.400000e+00 |
|   1.900000e-02 |       6.102696e-01 |       6.064708e-01 |   2.808891e+01 |   2.800206e+01 |  -1.400000e+00 |
|   2.000000e-02 |       6.103116e-01 |       6.066343e-01 |   2.808607e+01 |   2.800199e+01 |  -1.400000e+00 |
|   2.100000e-02 |       6.103523e-01 |       6.067930e-01 |   2.808330e+01 |   2.800192e+01 |  -1.400000e+00 |
|   2.200000e-02 |       6.103915e-01 |       6.069470e-01 |   2.808062e+01 |   2.800186e+01 |  -1.400000e+00 |
|   2.300000e-02 |       6.104295e-01 |       6.070963e-01 |   2.807801e+01 |   2.800180e+01 |  -1.400000e+00 |
|   2.400000e-02 |       6.104663e-01 |       6.072410e-01 |   2.807548e+01 |   2.800174e+01 |  -1.400000e+00 |
|   2.500000e-02 |       6.105018e-01 |       6.073812e-01 |   2.807303e+01 |   2.800168e+01 |  -1.400000e+00 |
|   2.600000e-02 |       6.105362e-01 |       6.075171e-01 |   2.807066e+01 |   2.800163e+01 |  -1.400000e+00 |
|   2.700000e-02 |       6.105695e-01 |       6.076486e-01 |   2.806836e+01 |   2.800157e+01 |  -1.400000e+00 |
|   2.800000e-02 |       6.106016e-01 |       6.077760e-01 |   2.806613e+01 |   2.800152e+01 |  -1.400000e+00 |
+----------------+--------------------+--------------------+----------------+----------------+----------------+


Time Step 29, time = 0.029, dt = 0.001
 * Nonlinear |R| = [32m1.381522e-02[39m (Before preset BCs, predictors, correctors, and constraints)
 0 Nonlinear |R| = [32m1.381522e-02[39m
      0 Linear |R| = [32m1.381522e-02[39m
      1 Linear |R| = [32m4.993277e-03[39m
      2 Linear |R| = [32m4.400756e-03[39m
      3 Linear |R| = [32m7.779103e-05[39m
      4 Linear |R| = [32m2.368174e-05[39m
      5 Linear |R| = [32m1.368513e-05[39m
      6 Linear |R| = [32m2.072349e-06[39m
      7 Linear |R| = [32m2.784204e-07[39m
      8 Linear |R| = [32m3.330780e-08[39m
      9 Linear |R| = [32m2.492013e-08[39m
     10 Linear |R| = [32m1.243357e-08[39m
     11 Linear |R| = [32m2.476142e-09[39m
     12 Linear |R| = [32m4.670287e-10[39m
     13 Linear |R| = [32m1.725587e-10[39m
     14 Linear |R| = [32m2.065805e-11[39m
     15 Linear |R| = [32m1.601898e-12[39m
 1 Nonlinear |R| = [32m4.790123e-06[39m
      0 Linear |R| = [32m4.790123e-06[39m
      1 Linear |R| = [32m8.887871e-07[39m
      2 Linear |R| = [32m3.185181e-08[39m
      3 Linear |R| = [32m1.512632e-08[39m
      4 Linear |R| = [32m4.947947e-09[39m
      5 Linear |R| = [32m4.370730e-09[39m
      6 Linear |R| = [32m1.248470e-09[39m
      7 Linear |R| = [32m1.404415e-10[39m
      8 Linear |R| = [32m1.548163e-11[39m
      9 Linear |R| = [32m1.399103e-11[39m
     10 Linear |R| = [32m6.622778e-12[39m
     11 Linear |R| = [32m3.487634e-13[39m
     12 Linear |R| = [32m1.287789e-13[39m
     13 Linear |R| = [32m8.744363e-14[39m
     14 Linear |R| = [32m5.406775e-15[39m
     15 Linear |R| = [32m8.601046e-16[39m
 2 Nonlinear |R| = [32m1.543687e-11[39m
      0 Linear |R| = [32m1.543687e-11[39m
      1 Linear |R| = [32m4.939501e-12[39m
      2 Linear |R| = [32m3.814301e-12[39m
      3 Linear |R| = [32m4.837915e-14[39m
      4 Linear |R| = [32m1.799607e-14[39m
      5 Linear |R| = [32m1.609906e-14[39m
      6 Linear |R| = [32m8.221049e-15[39m
      7 Linear |R| = [32m4.298511e-16[39m
      8 Linear |R| = [32m1.867059e-16[39m
      9 Linear |R| = [32m1.765293e-16[39m
     10 Linear |R| = [32m8.383359e-17[39m
     11 Linear |R| = [32m8.446070e-18[39m
     12 Linear |R| = [32m1.851444e-18[39m
     13 Linear |R| = [33m1.819945e-18[39m
     14 Linear |R| = [32m2.544066e-19[39m
     15 Linear |R| = [32m1.415783e-20[39m
 3 Nonlinear |R| = [32m2.507521e-14[39m
[32m Solve Converged![39m

Postprocessor Values:
+----------------+----------------+----------------+----------------+----------------+----------------+----------------+
| time           | J_max          | J_min          | Jbar_max       | Jbar_min       | center_pressure| edge_ux        |
+----------------+----------------+----------------+----------------+----------------+----------------+----------------+
:                :                :                :                :                :                :                :
|   1.500000e-02 |   9.776592e-01 |   9.716866e-01 |   9.880201e-01 |   9.870624e-01 |   1.757931e-01 |   8.927670e-03 |
|   1.600000e-02 |   9.773441e-01 |   9.715592e-01 |   9.879692e-01 |   9.870400e-01 |   1.703620e-01 |   8.662444e-03 |
|   1.700000e-02 |   9.770372e-01 |   9.714364e-01 |   9.879200e-01 |   9.870189e-01 |   1.650347e-01 |   8.406487e-03 |
|   1.800000e-02 |   9.767388e-01 |   9.713179e-01 |   9.878724e-01 |   9.869989e-01 |   1.598261e-01 |   8.159309e-03 |
|   1.900000e-02 |   9.764491e-01 |   9.712034e-01 |   9.878265e-01 |   9.869798e-01 |   1.547459e-01 |   7.920489e-03 |
|   2.000000e-02 |   9.761680e-01 |   9.710928e-01 |   9.877820e-01 |   9.869617e-01 |   1.497999e-01 |   7.689659e-03 |
|   2.100000e-02 |   9.758956e-01 |   9.709859e-01 |   9.877391e-01 |   9.869444e-01 |   1.449912e-01 |   7.466492e-03 |
|   2.200000e-02 |   9.756315e-01 |   9.708826e-01 |   9.876975e-01 |   9.869277e-01 |   1.403207e-01 |   7.250691e-03 |
|   2.300000e-02 |   9.753758e-01 |   9.707827e-01 |   9.876574e-01 |   9.869118e-01 |   1.357880e-01 |   7.041984e-03 |
|   2.400000e-02 |   9.751282e-01 |   9.706860e-01 |   9.876185e-01 |   9.868965e-01 |   1.313917e-01 |   6.840119e-03 |
|   2.500000e-02 |   9.748886e-01 |   9.705926e-01 |   9.875809e-01 |   9.868817e-01 |   1.271297e-01 |   6.644857e-03 |
|   2.600000e-02 |   9.746566e-01 |   9.705022e-01 |   9.875445e-01 |   9.868675e-01 |   1.229993e-01 |   6.455974e-03 |
|   2.700000e-02 |   9.744321e-01 |   9.704147e-01 |   9.875093e-01 |   9.868539e-01 |   1.189977e-01 |   6.273259e-03 |
|   2.800000e-02 |   9.742149e-01 |   9.703301e-01 |   9.874752e-01 |   9.868407e-01 |   1.151215e-01 |   6.096506e-03 |
|   2.900000e-02 |   9.740047e-01 |   9.702482e-01 |   9.874423e-01 |   9.868280e-01 |   1.113677e-01 |   5.925522e-03 |
+----------------+----------------+----------------+----------------+----------------+----------------+----------------+
+----------------+----------------+----------------+------------------+----------------+----------------+
| time           | mass           | mass_reaction  | outflow_gradient | platen_max     | platen_min     |
+----------------+----------------+----------------+------------------+----------------+----------------+
:                :                :                :                  :                :                :
|   1.500000e-02 |   1.554173e-01 |  -1.738225e-01 |     1.701730e-01 |  -5.768886e-03 |  -5.768886e-03 |
|   1.600000e-02 |   1.552498e-01 |  -1.675267e-01 |     1.640482e-01 |  -5.793672e-03 |  -5.793672e-03 |
|   1.700000e-02 |   1.550882e-01 |  -1.616064e-01 |     1.582805e-01 |  -5.817592e-03 |  -5.817592e-03 |
|   1.800000e-02 |   1.549322e-01 |  -1.560016e-01 |     1.528139e-01 |  -5.840693e-03 |  -5.840693e-03 |
|   1.900000e-02 |   1.547815e-01 |  -1.506678e-01 |     1.476070e-01 |  -5.863012e-03 |  -5.863012e-03 |
|   2.000000e-02 |   1.546359e-01 |  -1.455714e-01 |     1.426283e-01 |  -5.884586e-03 |  -5.884586e-03 |
|   2.100000e-02 |   1.544952e-01 |  -1.406866e-01 |     1.378537e-01 |  -5.905443e-03 |  -5.905443e-03 |
|   2.200000e-02 |   1.543592e-01 |  -1.359936e-01 |     1.332646e-01 |  -5.925613e-03 |  -5.925613e-03 |
|   2.300000e-02 |   1.542278e-01 |  -1.314767e-01 |     1.288462e-01 |  -5.945121e-03 |  -5.945121e-03 |
|   2.400000e-02 |   1.541006e-01 |  -1.271236e-01 |     1.245867e-01 |  -5.963989e-03 |  -5.963989e-03 |
|   2.500000e-02 |   1.539777e-01 |  -1.229239e-01 |     1.204765e-01 |  -5.982241e-03 |  -5.982241e-03 |
|   2.600000e-02 |   1.538588e-01 |  -1.188693e-01 |     1.165075e-01 |  -5.999897e-03 |  -5.999897e-03 |
|   2.700000e-02 |   1.537439e-01 |  -1.149525e-01 |     1.126728e-01 |  -6.016977e-03 |  -6.016977e-03 |
|   2.800000e-02 |   1.536327e-01 |  -1.111672e-01 |     1.089665e-01 |  -6.033500e-03 |  -6.033500e-03 |
|   2.900000e-02 |   1.535252e-01 |  -1.075080e-01 |     1.053831e-01 |  -6.049485e-03 |  -6.049485e-03 |
+----------------+----------------+----------------+------------------+----------------+----------------+
+----------------+--------------------+--------------------+----------------+----------------+----------------+
| time           | solid_fraction_max | solid_fraction_min | stability_max  | stability_min  | top_reaction   |
+----------------+--------------------+--------------------+----------------+----------------+----------------+
:                :                    :                    :                :                :                :
|   1.500000e-02 |       6.100857e-01 |       6.057708e-01 |   2.810102e+01 |   2.800237e+01 |  -1.400000e+00 |
|   1.600000e-02 |       6.101342e-01 |       6.059524e-01 |   2.809789e+01 |   2.800229e+01 |  -1.400000e+00 |
|   1.700000e-02 |       6.101809e-01 |       6.061298e-01 |   2.809483e+01 |   2.800221e+01 |  -1.400000e+00 |
|   1.800000e-02 |       6.102260e-01 |       6.063026e-01 |   2.809183e+01 |   2.800213e+01 |  -1.400000e+00 |
|   1.900000e-02 |       6.102696e-01 |       6.064708e-01 |   2.808891e+01 |   2.800206e+01 |  -1.400000e+00 |
|   2.000000e-02 |       6.103116e-01 |       6.066343e-01 |   2.808607e+01 |   2.800199e+01 |  -1.400000e+00 |
|   2.100000e-02 |       6.103523e-01 |       6.067930e-01 |   2.808330e+01 |   2.800192e+01 |  -1.400000e+00 |
|   2.200000e-02 |       6.103915e-01 |       6.069470e-01 |   2.808062e+01 |   2.800186e+01 |  -1.400000e+00 |
|   2.300000e-02 |       6.104295e-01 |       6.070963e-01 |   2.807801e+01 |   2.800180e+01 |  -1.400000e+00 |
|   2.400000e-02 |       6.104663e-01 |       6.072410e-01 |   2.807548e+01 |   2.800174e+01 |  -1.400000e+00 |
|   2.500000e-02 |       6.105018e-01 |       6.073812e-01 |   2.807303e+01 |   2.800168e+01 |  -1.400000e+00 |
|   2.600000e-02 |       6.105362e-01 |       6.075171e-01 |   2.807066e+01 |   2.800163e+01 |  -1.400000e+00 |
|   2.700000e-02 |       6.105695e-01 |       6.076486e-01 |   2.806836e+01 |   2.800157e+01 |  -1.400000e+00 |
|   2.800000e-02 |       6.106016e-01 |       6.077760e-01 |   2.806613e+01 |   2.800152e+01 |  -1.400000e+00 |
|   2.900000e-02 |       6.106328e-01 |       6.078993e-01 |   2.806398e+01 |   2.800147e+01 |  -1.400000e+00 |
+----------------+--------------------+--------------------+----------------+----------------+----------------+


Time Step 30, time = 0.03, dt = 0.001
 * Nonlinear |R| = [32m1.336097e-02[39m (Before preset BCs, predictors, correctors, and constraints)
 0 Nonlinear |R| = [32m1.336097e-02[39m
      0 Linear |R| = [32m1.336097e-02[39m
      1 Linear |R| = [32m4.830926e-03[39m
      2 Linear |R| = [32m4.258130e-03[39m
      3 Linear |R| = [32m7.525033e-05[39m
      4 Linear |R| = [32m2.291155e-05[39m
      5 Linear |R| = [32m1.434128e-05[39m
      6 Linear |R| = [32m2.005758e-06[39m
      7 Linear |R| = [32m2.694088e-07[39m
      8 Linear |R| = [32m3.425826e-08[39m
      9 Linear |R| = [32m2.410500e-08[39m
     10 Linear |R| = [32m1.201057e-08[39m
     11 Linear |R| = [32m2.397719e-09[39m
     12 Linear |R| = [32m5.197995e-10[39m
     13 Linear |R| = [32m1.669739e-10[39m
     14 Linear |R| = [32m1.997229e-11[39m
     15 Linear |R| = [32m1.540045e-12[39m
 1 Nonlinear |R| = [32m4.484135e-06[39m
      0 Linear |R| = [32m4.484135e-06[39m
      1 Linear |R| = [32m8.345357e-07[39m
      2 Linear |R| = [32m3.827217e-08[39m
      3 Linear |R| = [32m1.420115e-08[39m
      4 Linear |R| = [32m4.636766e-09[39m
      5 Linear |R| = [32m4.111796e-09[39m
      6 Linear |R| = [32m1.168669e-09[39m
      7 Linear |R| = [32m1.331269e-10[39m
      8 Linear |R| = [32m1.784993e-11[39m
      9 Linear |R| = [32m1.320044e-11[39m
     10 Linear |R| = [32m6.712832e-12[39m
     11 Linear |R| = [32m3.510195e-13[39m
     12 Linear |R| = [32m1.775712e-13[39m
     13 Linear |R| = [32m8.277809e-14[39m
     14 Linear |R| = [32m5.920558e-15[39m
     15 Linear |R| = [32m7.893302e-16[39m
 2 Nonlinear |R| = [32m1.445060e-11[39m
      0 Linear |R| = [32m1.445060e-11[39m
      1 Linear |R| = [32m3.851871e-12[39m
      2 Linear |R| = [32m3.513070e-12[39m
      3 Linear |R| = [32m6.201748e-14[39m
      4 Linear |R| = [32m2.453675e-14[39m
      5 Linear |R| = [32m1.601415e-14[39m
      6 Linear |R| = [32m1.123207e-14[39m
      7 Linear |R| = [32m7.478524e-16[39m
      8 Linear |R| = [32m2.322755e-16[39m
      9 Linear |R| = [32m1.701331e-16[39m
     10 Linear |R| = [32m8.215767e-17[39m
     11 Linear |R| = [32m1.836244e-17[39m
     12 Linear |R| = [32m1.417265e-18[39m
     13 Linear |R| = [33m1.414173e-18[39m
     14 Linear |R| = [32m1.927426e-19[39m
     15 Linear |R| = [32m1.210909e-20[39m
 3 Nonlinear |R| = [32m2.845755e-14[39m
[32m Solve Converged![39m

Postprocessor Values:
+----------------+----------------+----------------+----------------+----------------+----------------+----------------+
| time           | J_max          | J_min          | Jbar_max       | Jbar_min       | center_pressure| edge_ux        |
+----------------+----------------+----------------+----------------+----------------+----------------+----------------+
:                :                :                :                :                :                :                :
|   1.600000e-02 |   9.773441e-01 |   9.715592e-01 |   9.879692e-01 |   9.870400e-01 |   1.703620e-01 |   8.662444e-03 |
|   1.700000e-02 |   9.770372e-01 |   9.714364e-01 |   9.879200e-01 |   9.870189e-01 |   1.650347e-01 |   8.406487e-03 |
|   1.800000e-02 |   9.767388e-01 |   9.713179e-01 |   9.878724e-01 |   9.869989e-01 |   1.598261e-01 |   8.159309e-03 |
|   1.900000e-02 |   9.764491e-01 |   9.712034e-01 |   9.878265e-01 |   9.869798e-01 |   1.547459e-01 |   7.920489e-03 |
|   2.000000e-02 |   9.761680e-01 |   9.710928e-01 |   9.877820e-01 |   9.869617e-01 |   1.497999e-01 |   7.689659e-03 |
|   2.100000e-02 |   9.758956e-01 |   9.709859e-01 |   9.877391e-01 |   9.869444e-01 |   1.449912e-01 |   7.466492e-03 |
|   2.200000e-02 |   9.756315e-01 |   9.708826e-01 |   9.876975e-01 |   9.869277e-01 |   1.403207e-01 |   7.250691e-03 |
|   2.300000e-02 |   9.753758e-01 |   9.707827e-01 |   9.876574e-01 |   9.869118e-01 |   1.357880e-01 |   7.041984e-03 |
|   2.400000e-02 |   9.751282e-01 |   9.706860e-01 |   9.876185e-01 |   9.868965e-01 |   1.313917e-01 |   6.840119e-03 |
|   2.500000e-02 |   9.748886e-01 |   9.705926e-01 |   9.875809e-01 |   9.868817e-01 |   1.271297e-01 |   6.644857e-03 |
|   2.600000e-02 |   9.746566e-01 |   9.705022e-01 |   9.875445e-01 |   9.868675e-01 |   1.229993e-01 |   6.455974e-03 |
|   2.700000e-02 |   9.744321e-01 |   9.704147e-01 |   9.875093e-01 |   9.868539e-01 |   1.189977e-01 |   6.273259e-03 |
|   2.800000e-02 |   9.742149e-01 |   9.703301e-01 |   9.874752e-01 |   9.868407e-01 |   1.151215e-01 |   6.096506e-03 |
|   2.900000e-02 |   9.740047e-01 |   9.702482e-01 |   9.874423e-01 |   9.868280e-01 |   1.113677e-01 |   5.925522e-03 |
|   3.000000e-02 |   9.738014e-01 |   9.701691e-01 |   9.874104e-01 |   9.868158e-01 |   1.077328e-01 |   5.760117e-03 |
+----------------+----------------+----------------+----------------+----------------+----------------+----------------+
+----------------+----------------+----------------+------------------+----------------+----------------+
| time           | mass           | mass_reaction  | outflow_gradient | platen_max     | platen_min     |
+----------------+----------------+----------------+------------------+----------------+----------------+
:                :                :                :                  :                :                :
|   1.600000e-02 |   1.552498e-01 |  -1.675267e-01 |     1.640482e-01 |  -5.793672e-03 |  -5.793672e-03 |
|   1.700000e-02 |   1.550882e-01 |  -1.616064e-01 |     1.582805e-01 |  -5.817592e-03 |  -5.817592e-03 |
|   1.800000e-02 |   1.549322e-01 |  -1.560016e-01 |     1.528139e-01 |  -5.840693e-03 |  -5.840693e-03 |
|   1.900000e-02 |   1.547815e-01 |  -1.506678e-01 |     1.476070e-01 |  -5.863012e-03 |  -5.863012e-03 |
|   2.000000e-02 |   1.546359e-01 |  -1.455714e-01 |     1.426283e-01 |  -5.884586e-03 |  -5.884586e-03 |
|   2.100000e-02 |   1.544952e-01 |  -1.406866e-01 |     1.378537e-01 |  -5.905443e-03 |  -5.905443e-03 |
|   2.200000e-02 |   1.543592e-01 |  -1.359936e-01 |     1.332646e-01 |  -5.925613e-03 |  -5.925613e-03 |
|   2.300000e-02 |   1.542278e-01 |  -1.314767e-01 |     1.288462e-01 |  -5.945121e-03 |  -5.945121e-03 |
|   2.400000e-02 |   1.541006e-01 |  -1.271236e-01 |     1.245867e-01 |  -5.963989e-03 |  -5.963989e-03 |
|   2.500000e-02 |   1.539777e-01 |  -1.229239e-01 |     1.204765e-01 |  -5.982241e-03 |  -5.982241e-03 |
|   2.600000e-02 |   1.538588e-01 |  -1.188693e-01 |     1.165075e-01 |  -5.999897e-03 |  -5.999897e-03 |
|   2.700000e-02 |   1.537439e-01 |  -1.149525e-01 |     1.126728e-01 |  -6.016977e-03 |  -6.016977e-03 |
|   2.800000e-02 |   1.536327e-01 |  -1.111672e-01 |     1.089665e-01 |  -6.033500e-03 |  -6.033500e-03 |
|   2.900000e-02 |   1.535252e-01 |  -1.075080e-01 |     1.053831e-01 |  -6.049485e-03 |  -6.049485e-03 |
|   3.000000e-02 |   1.534213e-01 |  -1.039698e-01 |     1.019180e-01 |  -6.064947e-03 |  -6.064947e-03 |
+----------------+----------------+----------------+------------------+----------------+----------------+
+----------------+--------------------+--------------------+----------------+----------------+----------------+
| time           | solid_fraction_max | solid_fraction_min | stability_max  | stability_min  | top_reaction   |
+----------------+--------------------+--------------------+----------------+----------------+----------------+
:                :                    :                    :                :                :                :
|   1.600000e-02 |       6.101342e-01 |       6.059524e-01 |   2.809789e+01 |   2.800229e+01 |  -1.400000e+00 |
|   1.700000e-02 |       6.101809e-01 |       6.061298e-01 |   2.809483e+01 |   2.800221e+01 |  -1.400000e+00 |
|   1.800000e-02 |       6.102260e-01 |       6.063026e-01 |   2.809183e+01 |   2.800213e+01 |  -1.400000e+00 |
|   1.900000e-02 |       6.102696e-01 |       6.064708e-01 |   2.808891e+01 |   2.800206e+01 |  -1.400000e+00 |
|   2.000000e-02 |       6.103116e-01 |       6.066343e-01 |   2.808607e+01 |   2.800199e+01 |  -1.400000e+00 |
|   2.100000e-02 |       6.103523e-01 |       6.067930e-01 |   2.808330e+01 |   2.800192e+01 |  -1.400000e+00 |
|   2.200000e-02 |       6.103915e-01 |       6.069470e-01 |   2.808062e+01 |   2.800186e+01 |  -1.400000e+00 |
|   2.300000e-02 |       6.104295e-01 |       6.070963e-01 |   2.807801e+01 |   2.800180e+01 |  -1.400000e+00 |
|   2.400000e-02 |       6.104663e-01 |       6.072410e-01 |   2.807548e+01 |   2.800174e+01 |  -1.400000e+00 |
|   2.500000e-02 |       6.105018e-01 |       6.073812e-01 |   2.807303e+01 |   2.800168e+01 |  -1.400000e+00 |
|   2.600000e-02 |       6.105362e-01 |       6.075171e-01 |   2.807066e+01 |   2.800163e+01 |  -1.400000e+00 |
|   2.700000e-02 |       6.105695e-01 |       6.076486e-01 |   2.806836e+01 |   2.800157e+01 |  -1.400000e+00 |
|   2.800000e-02 |       6.106016e-01 |       6.077760e-01 |   2.806613e+01 |   2.800152e+01 |  -1.400000e+00 |
|   2.900000e-02 |       6.106328e-01 |       6.078993e-01 |   2.806398e+01 |   2.800147e+01 |  -1.400000e+00 |
|   3.000000e-02 |       6.106629e-01 |       6.080187e-01 |   2.806189e+01 |   2.800142e+01 |  -1.400000e+00 |
+----------------+--------------------+--------------------+----------------+----------------+----------------+


Time Step 31, time = 0.031, dt = 0.001
 * Nonlinear |R| = [32m1.292150e-02[39m (Before preset BCs, predictors, correctors, and constraints)
 0 Nonlinear |R| = [32m1.292150e-02[39m
      0 Linear |R| = [32m1.292150e-02[39m
      1 Linear |R| = [32m4.673774e-03[39m
      2 Linear |R| = [32m4.120038e-03[39m
      3 Linear |R| = [32m7.279182e-05[39m
      4 Linear |R| = [32m2.216420e-05[39m
      5 Linear |R| = [32m1.440859e-05[39m
      6 Linear |R| = [32m1.941030e-06[39m
      7 Linear |R| = [32m2.606787e-07[39m
      8 Linear |R| = [32m5.749490e-08[39m
      9 Linear |R| = [32m2.331753e-08[39m
     10 Linear |R| = [32m1.160529e-08[39m
     11 Linear |R| = [32m2.321545e-09[39m
     12 Linear |R| = [32m1.022384e-09[39m
     13 Linear |R| = [32m1.615593e-10[39m
     14 Linear |R| = [32m1.931143e-11[39m
     15 Linear |R| = [32m1.673042e-12[39m
 1 Nonlinear |R| = [32m4.186510e-06[39m
      0 Linear |R| = [32m4.186510e-06[39m
      1 Linear |R| = [32m7.853989e-07[39m
      2 Linear |R| = [32m2.086322e-08[39m
      3 Linear |R| = [32m1.355498e-08[39m
      4 Linear |R| = [32m4.386551e-09[39m
      5 Linear |R| = [32m3.865404e-09[39m
      6 Linear |R| = [32m1.101813e-09[39m
      7 Linear |R| = [32m1.260592e-10[39m
      8 Linear |R| = [32m1.378941e-11[39m
      9 Linear |R| = [32m1.210271e-11[39m
     10 Linear |R| = [32m3.904900e-12[39m
     11 Linear |R| = [32m3.316974e-13[39m
     12 Linear |R| = [32m1.218925e-13[39m
     13 Linear |R| = [32m7.477364e-14[39m
     14 Linear |R| = [32m5.647681e-15[39m
     15 Linear |R| = [32m7.394102e-16[39m
 2 Nonlinear |R| = [32m1.288416e-11[39m
[32m Solve Converged![39m

Outlier Variable Residual Norms:
  uy: [33m1.107358e-11[39m

Postprocessor Values:
+----------------+----------------+----------------+----------------+----------------+----------------+----------------+
| time           | J_max          | J_min          | Jbar_max       | Jbar_min       | center_pressure| edge_ux        |
+----------------+----------------+----------------+----------------+----------------+----------------+----------------+
:                :                :                :                :                :                :                :
|   1.700000e-02 |   9.770372e-01 |   9.714364e-01 |   9.879200e-01 |   9.870189e-01 |   1.650347e-01 |   8.406487e-03 |
|   1.800000e-02 |   9.767388e-01 |   9.713179e-01 |   9.878724e-01 |   9.869989e-01 |   1.598261e-01 |   8.159309e-03 |
|   1.900000e-02 |   9.764491e-01 |   9.712034e-01 |   9.878265e-01 |   9.869798e-01 |   1.547459e-01 |   7.920489e-03 |
|   2.000000e-02 |   9.761680e-01 |   9.710928e-01 |   9.877820e-01 |   9.869617e-01 |   1.497999e-01 |   7.689659e-03 |
|   2.100000e-02 |   9.758956e-01 |   9.709859e-01 |   9.877391e-01 |   9.869444e-01 |   1.449912e-01 |   7.466492e-03 |
|   2.200000e-02 |   9.756315e-01 |   9.708826e-01 |   9.876975e-01 |   9.869277e-01 |   1.403207e-01 |   7.250691e-03 |
|   2.300000e-02 |   9.753758e-01 |   9.707827e-01 |   9.876574e-01 |   9.869118e-01 |   1.357880e-01 |   7.041984e-03 |
|   2.400000e-02 |   9.751282e-01 |   9.706860e-01 |   9.876185e-01 |   9.868965e-01 |   1.313917e-01 |   6.840119e-03 |
|   2.500000e-02 |   9.748886e-01 |   9.705926e-01 |   9.875809e-01 |   9.868817e-01 |   1.271297e-01 |   6.644857e-03 |
|   2.600000e-02 |   9.746566e-01 |   9.705022e-01 |   9.875445e-01 |   9.868675e-01 |   1.229993e-01 |   6.455974e-03 |
|   2.700000e-02 |   9.744321e-01 |   9.704147e-01 |   9.875093e-01 |   9.868539e-01 |   1.189977e-01 |   6.273259e-03 |
|   2.800000e-02 |   9.742149e-01 |   9.703301e-01 |   9.874752e-01 |   9.868407e-01 |   1.151215e-01 |   6.096506e-03 |
|   2.900000e-02 |   9.740047e-01 |   9.702482e-01 |   9.874423e-01 |   9.868280e-01 |   1.113677e-01 |   5.925522e-03 |
|   3.000000e-02 |   9.738014e-01 |   9.701691e-01 |   9.874104e-01 |   9.868158e-01 |   1.077328e-01 |   5.760117e-03 |
|   3.100000e-02 |   9.736048e-01 |   9.700925e-01 |   9.873796e-01 |   9.868041e-01 |   1.042135e-01 |   5.600112e-03 |
+----------------+----------------+----------------+----------------+----------------+----------------+----------------+
+----------------+----------------+----------------+------------------+----------------+----------------+
| time           | mass           | mass_reaction  | outflow_gradient | platen_max     | platen_min     |
+----------------+----------------+----------------+------------------+----------------+----------------+
:                :                :                :                  :                :                :
|   1.700000e-02 |   1.550882e-01 |  -1.616064e-01 |     1.582805e-01 |  -5.817592e-03 |  -5.817592e-03 |
|   1.800000e-02 |   1.549322e-01 |  -1.560016e-01 |     1.528139e-01 |  -5.840693e-03 |  -5.840693e-03 |
|   1.900000e-02 |   1.547815e-01 |  -1.506678e-01 |     1.476070e-01 |  -5.863012e-03 |  -5.863012e-03 |
|   2.000000e-02 |   1.546359e-01 |  -1.455714e-01 |     1.426283e-01 |  -5.884586e-03 |  -5.884586e-03 |
|   2.100000e-02 |   1.544952e-01 |  -1.406866e-01 |     1.378537e-01 |  -5.905443e-03 |  -5.905443e-03 |
|   2.200000e-02 |   1.543592e-01 |  -1.359936e-01 |     1.332646e-01 |  -5.925613e-03 |  -5.925613e-03 |
|   2.300000e-02 |   1.542278e-01 |  -1.314767e-01 |     1.288462e-01 |  -5.945121e-03 |  -5.945121e-03 |
|   2.400000e-02 |   1.541006e-01 |  -1.271236e-01 |     1.245867e-01 |  -5.963989e-03 |  -5.963989e-03 |
|   2.500000e-02 |   1.539777e-01 |  -1.229239e-01 |     1.204765e-01 |  -5.982241e-03 |  -5.982241e-03 |
|   2.600000e-02 |   1.538588e-01 |  -1.188693e-01 |     1.165075e-01 |  -5.999897e-03 |  -5.999897e-03 |
|   2.700000e-02 |   1.537439e-01 |  -1.149525e-01 |     1.126728e-01 |  -6.016977e-03 |  -6.016977e-03 |
|   2.800000e-02 |   1.536327e-01 |  -1.111672e-01 |     1.089665e-01 |  -6.033500e-03 |  -6.033500e-03 |
|   2.900000e-02 |   1.535252e-01 |  -1.075080e-01 |     1.053831e-01 |  -6.049485e-03 |  -6.049485e-03 |
|   3.000000e-02 |   1.534213e-01 |  -1.039698e-01 |     1.019180e-01 |  -6.064947e-03 |  -6.064947e-03 |
|   3.100000e-02 |   1.533207e-01 |  -1.005481e-01 |     9.856666e-02 |  -6.079906e-03 |  -6.079906e-03 |
+----------------+----------------+----------------+------------------+----------------+----------------+
+----------------+--------------------+--------------------+----------------+----------------+----------------+
| time           | solid_fraction_max | solid_fraction_min | stability_max  | stability_min  | top_reaction   |
+----------------+--------------------+--------------------+----------------+----------------+----------------+
:                :                    :                    :                :                :                :
|   1.700000e-02 |       6.101809e-01 |       6.061298e-01 |   2.809483e+01 |   2.800221e+01 |  -1.400000e+00 |
|   1.800000e-02 |       6.102260e-01 |       6.063026e-01 |   2.809183e+01 |   2.800213e+01 |  -1.400000e+00 |
|   1.900000e-02 |       6.102696e-01 |       6.064708e-01 |   2.808891e+01 |   2.800206e+01 |  -1.400000e+00 |
|   2.000000e-02 |       6.103116e-01 |       6.066343e-01 |   2.808607e+01 |   2.800199e+01 |  -1.400000e+00 |
|   2.100000e-02 |       6.103523e-01 |       6.067930e-01 |   2.808330e+01 |   2.800192e+01 |  -1.400000e+00 |
|   2.200000e-02 |       6.103915e-01 |       6.069470e-01 |   2.808062e+01 |   2.800186e+01 |  -1.400000e+00 |
|   2.300000e-02 |       6.104295e-01 |       6.070963e-01 |   2.807801e+01 |   2.800180e+01 |  -1.400000e+00 |
|   2.400000e-02 |       6.104663e-01 |       6.072410e-01 |   2.807548e+01 |   2.800174e+01 |  -1.400000e+00 |
|   2.500000e-02 |       6.105018e-01 |       6.073812e-01 |   2.807303e+01 |   2.800168e+01 |  -1.400000e+00 |
|   2.600000e-02 |       6.105362e-01 |       6.075171e-01 |   2.807066e+01 |   2.800163e+01 |  -1.400000e+00 |
|   2.700000e-02 |       6.105695e-01 |       6.076486e-01 |   2.806836e+01 |   2.800157e+01 |  -1.400000e+00 |
|   2.800000e-02 |       6.106016e-01 |       6.077760e-01 |   2.806613e+01 |   2.800152e+01 |  -1.400000e+00 |
|   2.900000e-02 |       6.106328e-01 |       6.078993e-01 |   2.806398e+01 |   2.800147e+01 |  -1.400000e+00 |
|   3.000000e-02 |       6.106629e-01 |       6.080187e-01 |   2.806189e+01 |   2.800142e+01 |  -1.400000e+00 |
|   3.100000e-02 |       6.106920e-01 |       6.081343e-01 |   2.805986e+01 |   2.800138e+01 |  -1.400000e+00 |
+----------------+--------------------+--------------------+----------------+----------------+----------------+


Time Step 32, time = 0.032, dt = 0.001
 * Nonlinear |R| = [32m1.249633e-02[39m (Before preset BCs, predictors, correctors, and constraints)
 0 Nonlinear |R| = [32m1.249633e-02[39m
      0 Linear |R| = [32m1.249633e-02[39m
      1 Linear |R| = [32m4.521681e-03[39m
      2 Linear |R| = [32m3.986370e-03[39m
      3 Linear |R| = [32m7.041285e-05[39m
      4 Linear |R| = [32m2.144072e-05[39m
      5 Linear |R| = [32m1.457405e-05[39m
      6 Linear |R| = [32m1.878213e-06[39m
      7 Linear |R| = [32m2.521986e-07[39m
      8 Linear |R| = [32m3.604198e-08[39m
      9 Linear |R| = [32m2.254923e-08[39m
     10 Linear |R| = [32m1.121111e-08[39m
     11 Linear |R| = [32m2.246497e-09[39m
     12 Linear |R| = [32m4.438727e-10[39m
     13 Linear |R| = [32m1.563038e-10[39m
     14 Linear |R| = [32m1.867201e-11[39m
     15 Linear |R| = [32m1.400863e-12[39m
 1 Nonlinear |R| = [32m3.927827e-06[39m
      0 Linear |R| = [32m3.927827e-06[39m
      1 Linear |R| = [32m7.323282e-07[39m
      2 Linear |R| = [32m2.669259e-08[39m
      3 Linear |R| = [32m1.248591e-08[39m
      4 Linear |R| = [32m4.079885e-09[39m
      5 Linear |R| = [32m3.603784e-09[39m
      6 Linear |R| = [32m1.024789e-09[39m
      7 Linear |R| = [32m1.154119e-10[39m
      8 Linear |R| = [32m1.171280e-11[39m
      9 Linear |R| = [33m1.117615e-11[39m
     10 Linear |R| = [32m4.999122e-12[39m
     11 Linear |R| = [32m3.674968e-13[39m
     12 Linear |R| = [32m9.579529e-14[39m
     13 Linear |R| = [32m6.711992e-14[39m
     14 Linear |R| = [32m6.373681e-15[39m
     15 Linear |R| = [32m6.746003e-16[39m
 2 Nonlinear |R| = [32m1.158613e-11[39m
[32m Solve Converged![39m

Outlier Variable Residual Norms:
  uy: [33m9.774693e-12[39m

Postprocessor Values:
+----------------+----------------+----------------+----------------+----------------+----------------+----------------+
| time           | J_max          | J_min          | Jbar_max       | Jbar_min       | center_pressure| edge_ux        |
+----------------+----------------+----------------+----------------+----------------+----------------+----------------+
:                :                :                :                :                :                :                :
|   1.800000e-02 |   9.767388e-01 |   9.713179e-01 |   9.878724e-01 |   9.869989e-01 |   1.598261e-01 |   8.159309e-03 |
|   1.900000e-02 |   9.764491e-01 |   9.712034e-01 |   9.878265e-01 |   9.869798e-01 |   1.547459e-01 |   7.920489e-03 |
|   2.000000e-02 |   9.761680e-01 |   9.710928e-01 |   9.877820e-01 |   9.869617e-01 |   1.497999e-01 |   7.689659e-03 |
|   2.100000e-02 |   9.758956e-01 |   9.709859e-01 |   9.877391e-01 |   9.869444e-01 |   1.449912e-01 |   7.466492e-03 |
|   2.200000e-02 |   9.756315e-01 |   9.708826e-01 |   9.876975e-01 |   9.869277e-01 |   1.403207e-01 |   7.250691e-03 |
|   2.300000e-02 |   9.753758e-01 |   9.707827e-01 |   9.876574e-01 |   9.869118e-01 |   1.357880e-01 |   7.041984e-03 |
|   2.400000e-02 |   9.751282e-01 |   9.706860e-01 |   9.876185e-01 |   9.868965e-01 |   1.313917e-01 |   6.840119e-03 |
|   2.500000e-02 |   9.748886e-01 |   9.705926e-01 |   9.875809e-01 |   9.868817e-01 |   1.271297e-01 |   6.644857e-03 |
|   2.600000e-02 |   9.746566e-01 |   9.705022e-01 |   9.875445e-01 |   9.868675e-01 |   1.229993e-01 |   6.455974e-03 |
|   2.700000e-02 |   9.744321e-01 |   9.704147e-01 |   9.875093e-01 |   9.868539e-01 |   1.189977e-01 |   6.273259e-03 |
|   2.800000e-02 |   9.742149e-01 |   9.703301e-01 |   9.874752e-01 |   9.868407e-01 |   1.151215e-01 |   6.096506e-03 |
|   2.900000e-02 |   9.740047e-01 |   9.702482e-01 |   9.874423e-01 |   9.868280e-01 |   1.113677e-01 |   5.925522e-03 |
|   3.000000e-02 |   9.738014e-01 |   9.701691e-01 |   9.874104e-01 |   9.868158e-01 |   1.077328e-01 |   5.760117e-03 |
|   3.100000e-02 |   9.736048e-01 |   9.700925e-01 |   9.873796e-01 |   9.868041e-01 |   1.042135e-01 |   5.600112e-03 |
|   3.200000e-02 |   9.734145e-01 |   9.700184e-01 |   9.873498e-01 |   9.867927e-01 |   1.008065e-01 |   5.445332e-03 |
+----------------+----------------+----------------+----------------+----------------+----------------+----------------+
+----------------+----------------+----------------+------------------+----------------+----------------+
| time           | mass           | mass_reaction  | outflow_gradient | platen_max     | platen_min     |
+----------------+----------------+----------------+------------------+----------------+----------------+
:                :                :                :                  :                :                :
|   1.800000e-02 |   1.549322e-01 |  -1.560016e-01 |     1.528139e-01 |  -5.840693e-03 |  -5.840693e-03 |
|   1.900000e-02 |   1.547815e-01 |  -1.506678e-01 |     1.476070e-01 |  -5.863012e-03 |  -5.863012e-03 |
|   2.000000e-02 |   1.546359e-01 |  -1.455714e-01 |     1.426283e-01 |  -5.884586e-03 |  -5.884586e-03 |
|   2.100000e-02 |   1.544952e-01 |  -1.406866e-01 |     1.378537e-01 |  -5.905443e-03 |  -5.905443e-03 |
|   2.200000e-02 |   1.543592e-01 |  -1.359936e-01 |     1.332646e-01 |  -5.925613e-03 |  -5.925613e-03 |
|   2.300000e-02 |   1.542278e-01 |  -1.314767e-01 |     1.288462e-01 |  -5.945121e-03 |  -5.945121e-03 |
|   2.400000e-02 |   1.541006e-01 |  -1.271236e-01 |     1.245867e-01 |  -5.963989e-03 |  -5.963989e-03 |
|   2.500000e-02 |   1.539777e-01 |  -1.229239e-01 |     1.204765e-01 |  -5.982241e-03 |  -5.982241e-03 |
|   2.600000e-02 |   1.538588e-01 |  -1.188693e-01 |     1.165075e-01 |  -5.999897e-03 |  -5.999897e-03 |
|   2.700000e-02 |   1.537439e-01 |  -1.149525e-01 |     1.126728e-01 |  -6.016977e-03 |  -6.016977e-03 |
|   2.800000e-02 |   1.536327e-01 |  -1.111672e-01 |     1.089665e-01 |  -6.033500e-03 |  -6.033500e-03 |
|   2.900000e-02 |   1.535252e-01 |  -1.075080e-01 |     1.053831e-01 |  -6.049485e-03 |  -6.049485e-03 |
|   3.000000e-02 |   1.534213e-01 |  -1.039698e-01 |     1.019180e-01 |  -6.064947e-03 |  -6.064947e-03 |
|   3.100000e-02 |   1.533207e-01 |  -1.005481e-01 |     9.856666e-02 |  -6.079906e-03 |  -6.079906e-03 |
|   3.200000e-02 |   1.532235e-01 |  -9.723867e-02 |     9.532508e-02 |  -6.094376e-03 |  -6.094376e-03 |
+----------------+----------------+----------------+------------------+----------------+----------------+
+----------------+--------------------+--------------------+----------------+----------------+----------------+
| time           | solid_fraction_max | solid_fraction_min | stability_max  | stability_min  | top_reaction   |
+----------------+--------------------+--------------------+----------------+----------------+----------------+
:                :                    :                    :                :                :                :
|   1.800000e-02 |       6.102260e-01 |       6.063026e-01 |   2.809183e+01 |   2.800213e+01 |  -1.400000e+00 |
|   1.900000e-02 |       6.102696e-01 |       6.064708e-01 |   2.808891e+01 |   2.800206e+01 |  -1.400000e+00 |
|   2.000000e-02 |       6.103116e-01 |       6.066343e-01 |   2.808607e+01 |   2.800199e+01 |  -1.400000e+00 |
|   2.100000e-02 |       6.103523e-01 |       6.067930e-01 |   2.808330e+01 |   2.800192e+01 |  -1.400000e+00 |
|   2.200000e-02 |       6.103915e-01 |       6.069470e-01 |   2.808062e+01 |   2.800186e+01 |  -1.400000e+00 |
|   2.300000e-02 |       6.104295e-01 |       6.070963e-01 |   2.807801e+01 |   2.800180e+01 |  -1.400000e+00 |
|   2.400000e-02 |       6.104663e-01 |       6.072410e-01 |   2.807548e+01 |   2.800174e+01 |  -1.400000e+00 |
|   2.500000e-02 |       6.105018e-01 |       6.073812e-01 |   2.807303e+01 |   2.800168e+01 |  -1.400000e+00 |
|   2.600000e-02 |       6.105362e-01 |       6.075171e-01 |   2.807066e+01 |   2.800163e+01 |  -1.400000e+00 |
|   2.700000e-02 |       6.105695e-01 |       6.076486e-01 |   2.806836e+01 |   2.800157e+01 |  -1.400000e+00 |
|   2.800000e-02 |       6.106016e-01 |       6.077760e-01 |   2.806613e+01 |   2.800152e+01 |  -1.400000e+00 |
|   2.900000e-02 |       6.106328e-01 |       6.078993e-01 |   2.806398e+01 |   2.800147e+01 |  -1.400000e+00 |
|   3.000000e-02 |       6.106629e-01 |       6.080187e-01 |   2.806189e+01 |   2.800142e+01 |  -1.400000e+00 |
|   3.100000e-02 |       6.106920e-01 |       6.081343e-01 |   2.805986e+01 |   2.800138e+01 |  -1.400000e+00 |
|   3.200000e-02 |       6.107202e-01 |       6.082461e-01 |   2.805791e+01 |   2.800133e+01 |  -1.400000e+00 |
+----------------+--------------------+--------------------+----------------+----------------+----------------+


Time Step 33, time = 0.033, dt = 0.001
 * Nonlinear |R| = [32m1.208499e-02[39m (Before preset BCs, predictors, correctors, and constraints)
 0 Nonlinear |R| = [32m1.208499e-02[39m
      0 Linear |R| = [32m1.208499e-02[39m
      1 Linear |R| = [32m4.374445e-03[39m
      2 Linear |R| = [32m3.856943e-03[39m
      3 Linear |R| = [32m6.811077e-05[39m
      4 Linear |R| = [32m2.074151e-05[39m
      5 Linear |R| = [32m1.464889e-05[39m
      6 Linear |R| = [32m1.817246e-06[39m
      7 Linear |R| = [32m2.439862e-07[39m
      8 Linear |R| = [32m3.833006e-08[39m
      9 Linear |R| = [32m2.180792e-08[39m
     10 Linear |R| = [32m1.083222e-08[39m
     11 Linear |R| = [32m2.173740e-09[39m
     12 Linear |R| = [32m3.504465e-10[39m
     13 Linear |R| = [32m1.512080e-10[39m
     14 Linear |R| = [32m1.805334e-11[39m
     15 Linear |R| = [32m1.369428e-12[39m
 1 Nonlinear |R| = [32m3.677211e-06[39m
      0 Linear |R| = [32m3.677211e-06[39m
      1 Linear |R| = [32m6.883278e-07[39m
      2 Linear |R| = [32m2.854092e-08[39m
      3 Linear |R| = [32m1.175735e-08[39m
      4 Linear |R| = [32m3.842914e-09[39m
      5 Linear |R| = [32m3.479254e-09[39m
      6 Linear |R| = [32m9.717558e-10[39m
      7 Linear |R| = [32m1.151627e-10[39m
      8 Linear |R| = [32m1.233210e-11[39m
      9 Linear |R| = [32m1.066275e-11[39m
     10 Linear |R| = [32m5.098160e-12[39m
     11 Linear |R| = [32m3.011164e-13[39m
     12 Linear |R| = [32m1.110816e-13[39m
     13 Linear |R| = [32m6.647683e-14[39m
     14 Linear |R| = [32m5.123893e-15[39m
     15 Linear |R| = [32m6.700513e-16[39m
 2 Nonlinear |R| = [32m1.232702e-11[39m
      0 Linear |R| = [32m1.232702e-11[39m
      1 Linear |R| = [32m2.534832e-12[39m
      2 Linear |R| = [32m1.878315e-12[39m
      3 Linear |R| = [32m4.382882e-14[39m
      4 Linear |R| = [32m2.117439e-14[39m
      5 Linear |R| = [32m1.232280e-14[39m
      6 Linear |R| = [32m9.389202e-15[39m
      7 Linear |R| = [32m6.002588e-16[39m
      8 Linear |R| = [32m2.164926e-16[39m
      9 Linear |R| = [32m1.652194e-16[39m
     10 Linear |R| = [32m7.020942e-17[39m
     11 Linear |R| = [32m4.539695e-18[39m
     12 Linear |R| = [32m1.597816e-18[39m
     13 Linear |R| = [33m1.589994e-18[39m
     14 Linear |R| = [32m1.713259e-19[39m
     15 Linear |R| = [32m1.260188e-20[39m
     16 Linear |R| = [32m7.527914e-21[39m
 3 Nonlinear |R| = [32m2.375713e-14[39m
[32m Solve Converged![39m

Outlier Variable Residual Norms:
  uy: [33m1.984329e-14[39m

Postprocessor Values:
+----------------+----------------+----------------+----------------+----------------+----------------+----------------+
| time           | J_max          | J_min          | Jbar_max       | Jbar_min       | center_pressure| edge_ux        |
+----------------+----------------+----------------+----------------+----------------+----------------+----------------+
:                :                :                :                :                :                :                :
|   1.900000e-02 |   9.764491e-01 |   9.712034e-01 |   9.878265e-01 |   9.869798e-01 |   1.547459e-01 |   7.920489e-03 |
|   2.000000e-02 |   9.761680e-01 |   9.710928e-01 |   9.877820e-01 |   9.869617e-01 |   1.497999e-01 |   7.689659e-03 |
|   2.100000e-02 |   9.758956e-01 |   9.709859e-01 |   9.877391e-01 |   9.869444e-01 |   1.449912e-01 |   7.466492e-03 |
|   2.200000e-02 |   9.756315e-01 |   9.708826e-01 |   9.876975e-01 |   9.869277e-01 |   1.403207e-01 |   7.250691e-03 |
|   2.300000e-02 |   9.753758e-01 |   9.707827e-01 |   9.876574e-01 |   9.869118e-01 |   1.357880e-01 |   7.041984e-03 |
|   2.400000e-02 |   9.751282e-01 |   9.706860e-01 |   9.876185e-01 |   9.868965e-01 |   1.313917e-01 |   6.840119e-03 |
|   2.500000e-02 |   9.748886e-01 |   9.705926e-01 |   9.875809e-01 |   9.868817e-01 |   1.271297e-01 |   6.644857e-03 |
|   2.600000e-02 |   9.746566e-01 |   9.705022e-01 |   9.875445e-01 |   9.868675e-01 |   1.229993e-01 |   6.455974e-03 |
|   2.700000e-02 |   9.744321e-01 |   9.704147e-01 |   9.875093e-01 |   9.868539e-01 |   1.189977e-01 |   6.273259e-03 |
|   2.800000e-02 |   9.742149e-01 |   9.703301e-01 |   9.874752e-01 |   9.868407e-01 |   1.151215e-01 |   6.096506e-03 |
|   2.900000e-02 |   9.740047e-01 |   9.702482e-01 |   9.874423e-01 |   9.868280e-01 |   1.113677e-01 |   5.925522e-03 |
|   3.000000e-02 |   9.738014e-01 |   9.701691e-01 |   9.874104e-01 |   9.868158e-01 |   1.077328e-01 |   5.760117e-03 |
|   3.100000e-02 |   9.736048e-01 |   9.700925e-01 |   9.873796e-01 |   9.868041e-01 |   1.042135e-01 |   5.600112e-03 |
|   3.200000e-02 |   9.734145e-01 |   9.700184e-01 |   9.873498e-01 |   9.867927e-01 |   1.008065e-01 |   5.445332e-03 |
|   3.300000e-02 |   9.732305e-01 |   9.699467e-01 |   9.873209e-01 |   9.867817e-01 |   9.750836e-02 |   5.295609e-03 |
+----------------+----------------+----------------+----------------+----------------+----------------+----------------+
+----------------+----------------+----------------+------------------+----------------+----------------+
| time           | mass           | mass_reaction  | outflow_gradient | platen_max     | platen_min     |
+----------------+----------------+----------------+------------------+----------------+----------------+
:                :                :                :                  :                :                :
|   1.900000e-02 |   1.547815e-01 |  -1.506678e-01 |     1.476070e-01 |  -5.863012e-03 |  -5.863012e-03 |
|   2.000000e-02 |   1.546359e-01 |  -1.455714e-01 |     1.426283e-01 |  -5.884586e-03 |  -5.884586e-03 |
|   2.100000e-02 |   1.544952e-01 |  -1.406866e-01 |     1.378537e-01 |  -5.905443e-03 |  -5.905443e-03 |
|   2.200000e-02 |   1.543592e-01 |  -1.359936e-01 |     1.332646e-01 |  -5.925613e-03 |  -5.925613e-03 |
|   2.300000e-02 |   1.542278e-01 |  -1.314767e-01 |     1.288462e-01 |  -5.945121e-03 |  -5.945121e-03 |
|   2.400000e-02 |   1.541006e-01 |  -1.271236e-01 |     1.245867e-01 |  -5.963989e-03 |  -5.963989e-03 |
|   2.500000e-02 |   1.539777e-01 |  -1.229239e-01 |     1.204765e-01 |  -5.982241e-03 |  -5.982241e-03 |
|   2.600000e-02 |   1.538588e-01 |  -1.188693e-01 |     1.165075e-01 |  -5.999897e-03 |  -5.999897e-03 |
|   2.700000e-02 |   1.537439e-01 |  -1.149525e-01 |     1.126728e-01 |  -6.016977e-03 |  -6.016977e-03 |
|   2.800000e-02 |   1.536327e-01 |  -1.111672e-01 |     1.089665e-01 |  -6.033500e-03 |  -6.033500e-03 |
|   2.900000e-02 |   1.535252e-01 |  -1.075080e-01 |     1.053831e-01 |  -6.049485e-03 |  -6.049485e-03 |
|   3.000000e-02 |   1.534213e-01 |  -1.039698e-01 |     1.019180e-01 |  -6.064947e-03 |  -6.064947e-03 |
|   3.100000e-02 |   1.533207e-01 |  -1.005481e-01 |     9.856666e-02 |  -6.079906e-03 |  -6.079906e-03 |
|   3.200000e-02 |   1.532235e-01 |  -9.723867e-02 |     9.532508e-02 |  -6.094376e-03 |  -6.094376e-03 |
|   3.300000e-02 |   1.531294e-01 |  -9.403762e-02 |     9.218942e-02 |  -6.108374e-03 |  -6.108374e-03 |
+----------------+----------------+----------------+------------------+----------------+----------------+
+----------------+--------------------+--------------------+----------------+----------------+----------------+
| time           | solid_fraction_max | solid_fraction_min | stability_max  | stability_min  | top_reaction   |
+----------------+--------------------+--------------------+----------------+----------------+----------------+
:                :                    :                    :                :                :                :
|   1.900000e-02 |       6.102696e-01 |       6.064708e-01 |   2.808891e+01 |   2.800206e+01 |  -1.400000e+00 |
|   2.000000e-02 |       6.103116e-01 |       6.066343e-01 |   2.808607e+01 |   2.800199e+01 |  -1.400000e+00 |
|   2.100000e-02 |       6.103523e-01 |       6.067930e-01 |   2.808330e+01 |   2.800192e+01 |  -1.400000e+00 |
|   2.200000e-02 |       6.103915e-01 |       6.069470e-01 |   2.808062e+01 |   2.800186e+01 |  -1.400000e+00 |
|   2.300000e-02 |       6.104295e-01 |       6.070963e-01 |   2.807801e+01 |   2.800180e+01 |  -1.400000e+00 |
|   2.400000e-02 |       6.104663e-01 |       6.072410e-01 |   2.807548e+01 |   2.800174e+01 |  -1.400000e+00 |
|   2.500000e-02 |       6.105018e-01 |       6.073812e-01 |   2.807303e+01 |   2.800168e+01 |  -1.400000e+00 |
|   2.600000e-02 |       6.105362e-01 |       6.075171e-01 |   2.807066e+01 |   2.800163e+01 |  -1.400000e+00 |
|   2.700000e-02 |       6.105695e-01 |       6.076486e-01 |   2.806836e+01 |   2.800157e+01 |  -1.400000e+00 |
|   2.800000e-02 |       6.106016e-01 |       6.077760e-01 |   2.806613e+01 |   2.800152e+01 |  -1.400000e+00 |
|   2.900000e-02 |       6.106328e-01 |       6.078993e-01 |   2.806398e+01 |   2.800147e+01 |  -1.400000e+00 |
|   3.000000e-02 |       6.106629e-01 |       6.080187e-01 |   2.806189e+01 |   2.800142e+01 |  -1.400000e+00 |
|   3.100000e-02 |       6.106920e-01 |       6.081343e-01 |   2.805986e+01 |   2.800138e+01 |  -1.400000e+00 |
|   3.200000e-02 |       6.107202e-01 |       6.082461e-01 |   2.805791e+01 |   2.800133e+01 |  -1.400000e+00 |
|   3.300000e-02 |       6.107475e-01 |       6.083544e-01 |   2.805601e+01 |   2.800129e+01 |  -1.400000e+00 |
+----------------+--------------------+--------------------+----------------+----------------+----------------+


Time Step 34, time = 0.034, dt = 0.001
 * Nonlinear |R| = [32m1.168704e-02[39m (Before preset BCs, predictors, correctors, and constraints)
 0 Nonlinear |R| = [32m1.168704e-02[39m
      0 Linear |R| = [32m1.168704e-02[39m
      1 Linear |R| = [32m4.231901e-03[39m
      2 Linear |R| = [32m3.731603e-03[39m
      3 Linear |R| = [32m6.588337e-05[39m
      4 Linear |R| = [32m2.006194e-05[39m
      5 Linear |R| = [32m1.364472e-05[39m
      6 Linear |R| = [32m1.758157e-06[39m
      7 Linear |R| = [32m2.360303e-07[39m
      8 Linear |R| = [32m2.408605e-08[39m
      9 Linear |R| = [32m2.108004e-08[39m
     10 Linear |R| = [32m1.046605e-08[39m
     11 Linear |R| = [32m2.103269e-09[39m
     12 Linear |R| = [32m3.330922e-10[39m
     13 Linear |R| = [32m1.462754e-10[39m
     14 Linear |R| = [32m1.745672e-11[39m
     15 Linear |R| = [32m1.281867e-12[39m
 1 Nonlinear |R| = [32m3.442847e-06[39m
      0 Linear |R| = [32m3.442847e-06[39m
      1 Linear |R| = [32m6.398950e-07[39m
      2 Linear |R| = [32m1.495051e-08[39m
      3 Linear |R| = [32m1.077118e-08[39m
      4 Linear |R| = [32m3.550514e-09[39m
      5 Linear |R| = [32m3.172881e-09[39m
      6 Linear |R| = [32m8.954195e-10[39m
      7 Linear |R| = [32m1.028975e-10[39m
      8 Linear |R| = [32m1.110566e-11[39m
      9 Linear |R| = [32m9.703119e-12[39m
     10 Linear |R| = [32m4.484297e-12[39m
     11 Linear |R| = [32m3.166092e-13[39m
     12 Linear |R| = [32m9.385743e-14[39m
     13 Linear |R| = [32m6.185493e-14[39m
     14 Linear |R| = [32m5.255896e-15[39m
     15 Linear |R| = [32m5.989262e-16[39m
 2 Nonlinear |R| = [32m1.044615e-11[39m
[32m Solve Converged![39m

Outlier Variable Residual Norms:
  uy: [33m9.015201e-12[39m

Postprocessor Values:
+----------------+----------------+----------------+----------------+----------------+----------------+----------------+
| time           | J_max          | J_min          | Jbar_max       | Jbar_min       | center_pressure| edge_ux        |
+----------------+----------------+----------------+----------------+----------------+----------------+----------------+
:                :                :                :                :                :                :                :
|   2.000000e-02 |   9.761680e-01 |   9.710928e-01 |   9.877820e-01 |   9.869617e-01 |   1.497999e-01 |   7.689659e-03 |
|   2.100000e-02 |   9.758956e-01 |   9.709859e-01 |   9.877391e-01 |   9.869444e-01 |   1.449912e-01 |   7.466492e-03 |
|   2.200000e-02 |   9.756315e-01 |   9.708826e-01 |   9.876975e-01 |   9.869277e-01 |   1.403207e-01 |   7.250691e-03 |
|   2.300000e-02 |   9.753758e-01 |   9.707827e-01 |   9.876574e-01 |   9.869118e-01 |   1.357880e-01 |   7.041984e-03 |
|   2.400000e-02 |   9.751282e-01 |   9.706860e-01 |   9.876185e-01 |   9.868965e-01 |   1.313917e-01 |   6.840119e-03 |
|   2.500000e-02 |   9.748886e-01 |   9.705926e-01 |   9.875809e-01 |   9.868817e-01 |   1.271297e-01 |   6.644857e-03 |
|   2.600000e-02 |   9.746566e-01 |   9.705022e-01 |   9.875445e-01 |   9.868675e-01 |   1.229993e-01 |   6.455974e-03 |
|   2.700000e-02 |   9.744321e-01 |   9.704147e-01 |   9.875093e-01 |   9.868539e-01 |   1.189977e-01 |   6.273259e-03 |
|   2.800000e-02 |   9.742149e-01 |   9.703301e-01 |   9.874752e-01 |   9.868407e-01 |   1.151215e-01 |   6.096506e-03 |
|   2.900000e-02 |   9.740047e-01 |   9.702482e-01 |   9.874423e-01 |   9.868280e-01 |   1.113677e-01 |   5.925522e-03 |
|   3.000000e-02 |   9.738014e-01 |   9.701691e-01 |   9.874104e-01 |   9.868158e-01 |   1.077328e-01 |   5.760117e-03 |
|   3.100000e-02 |   9.736048e-01 |   9.700925e-01 |   9.873796e-01 |   9.868041e-01 |   1.042135e-01 |   5.600112e-03 |
|   3.200000e-02 |   9.734145e-01 |   9.700184e-01 |   9.873498e-01 |   9.867927e-01 |   1.008065e-01 |   5.445332e-03 |
|   3.300000e-02 |   9.732305e-01 |   9.699467e-01 |   9.873209e-01 |   9.867817e-01 |   9.750836e-02 |   5.295609e-03 |
|   3.400000e-02 |   9.730524e-01 |   9.698774e-01 |   9.872930e-01 |   9.867712e-01 |   9.431595e-02 |   5.150779e-03 |
+----------------+----------------+----------------+----------------+----------------+----------------+----------------+
+----------------+----------------+----------------+------------------+----------------+----------------+
| time           | mass           | mass_reaction  | outflow_gradient | platen_max     | platen_min     |
+----------------+----------------+----------------+------------------+----------------+----------------+
:                :                :                :                  :                :                :
|   2.000000e-02 |   1.546359e-01 |  -1.455714e-01 |     1.426283e-01 |  -5.884586e-03 |  -5.884586e-03 |
|   2.100000e-02 |   1.544952e-01 |  -1.406866e-01 |     1.378537e-01 |  -5.905443e-03 |  -5.905443e-03 |
|   2.200000e-02 |   1.543592e-01 |  -1.359936e-01 |     1.332646e-01 |  -5.925613e-03 |  -5.925613e-03 |
|   2.300000e-02 |   1.542278e-01 |  -1.314767e-01 |     1.288462e-01 |  -5.945121e-03 |  -5.945121e-03 |
|   2.400000e-02 |   1.541006e-01 |  -1.271236e-01 |     1.245867e-01 |  -5.963989e-03 |  -5.963989e-03 |
|   2.500000e-02 |   1.539777e-01 |  -1.229239e-01 |     1.204765e-01 |  -5.982241e-03 |  -5.982241e-03 |
|   2.600000e-02 |   1.538588e-01 |  -1.188693e-01 |     1.165075e-01 |  -5.999897e-03 |  -5.999897e-03 |
|   2.700000e-02 |   1.537439e-01 |  -1.149525e-01 |     1.126728e-01 |  -6.016977e-03 |  -6.016977e-03 |
|   2.800000e-02 |   1.536327e-01 |  -1.111672e-01 |     1.089665e-01 |  -6.033500e-03 |  -6.033500e-03 |
|   2.900000e-02 |   1.535252e-01 |  -1.075080e-01 |     1.053831e-01 |  -6.049485e-03 |  -6.049485e-03 |
|   3.000000e-02 |   1.534213e-01 |  -1.039698e-01 |     1.019180e-01 |  -6.064947e-03 |  -6.064947e-03 |
|   3.100000e-02 |   1.533207e-01 |  -1.005481e-01 |     9.856666e-02 |  -6.079906e-03 |  -6.079906e-03 |
|   3.200000e-02 |   1.532235e-01 |  -9.723867e-02 |     9.532508e-02 |  -6.094376e-03 |  -6.094376e-03 |
|   3.300000e-02 |   1.531294e-01 |  -9.403762e-02 |     9.218942e-02 |  -6.108374e-03 |  -6.108374e-03 |
|   3.400000e-02 |   1.530385e-01 |  -9.094122e-02 |     8.915610e-02 |  -6.121915e-03 |  -6.121915e-03 |
+----------------+----------------+----------------+------------------+----------------+----------------+
+----------------+--------------------+--------------------+----------------+----------------+----------------+
| time           | solid_fraction_max | solid_fraction_min | stability_max  | stability_min  | top_reaction   |
+----------------+--------------------+--------------------+----------------+----------------+----------------+
:                :                    :                    :                :                :                :
|   2.000000e-02 |       6.103116e-01 |       6.066343e-01 |   2.808607e+01 |   2.800199e+01 |  -1.400000e+00 |
|   2.100000e-02 |       6.103523e-01 |       6.067930e-01 |   2.808330e+01 |   2.800192e+01 |  -1.400000e+00 |
|   2.200000e-02 |       6.103915e-01 |       6.069470e-01 |   2.808062e+01 |   2.800186e+01 |  -1.400000e+00 |
|   2.300000e-02 |       6.104295e-01 |       6.070963e-01 |   2.807801e+01 |   2.800180e+01 |  -1.400000e+00 |
|   2.400000e-02 |       6.104663e-01 |       6.072410e-01 |   2.807548e+01 |   2.800174e+01 |  -1.400000e+00 |
|   2.500000e-02 |       6.105018e-01 |       6.073812e-01 |   2.807303e+01 |   2.800168e+01 |  -1.400000e+00 |
|   2.600000e-02 |       6.105362e-01 |       6.075171e-01 |   2.807066e+01 |   2.800163e+01 |  -1.400000e+00 |
|   2.700000e-02 |       6.105695e-01 |       6.076486e-01 |   2.806836e+01 |   2.800157e+01 |  -1.400000e+00 |
|   2.800000e-02 |       6.106016e-01 |       6.077760e-01 |   2.806613e+01 |   2.800152e+01 |  -1.400000e+00 |
|   2.900000e-02 |       6.106328e-01 |       6.078993e-01 |   2.806398e+01 |   2.800147e+01 |  -1.400000e+00 |
|   3.000000e-02 |       6.106629e-01 |       6.080187e-01 |   2.806189e+01 |   2.800142e+01 |  -1.400000e+00 |
|   3.100000e-02 |       6.106920e-01 |       6.081343e-01 |   2.805986e+01 |   2.800138e+01 |  -1.400000e+00 |
|   3.200000e-02 |       6.107202e-01 |       6.082461e-01 |   2.805791e+01 |   2.800133e+01 |  -1.400000e+00 |
|   3.300000e-02 |       6.107475e-01 |       6.083544e-01 |   2.805601e+01 |   2.800129e+01 |  -1.400000e+00 |
|   3.400000e-02 |       6.107739e-01 |       6.084592e-01 |   2.805418e+01 |   2.800124e+01 |  -1.400000e+00 |
+----------------+--------------------+--------------------+----------------+----------------+----------------+


Time Step 35, time = 0.035, dt = 0.001
 * Nonlinear |R| = [32m1.130205e-02[39m (Before preset BCs, predictors, correctors, and constraints)
 0 Nonlinear |R| = [32m1.130205e-02[39m
      0 Linear |R| = [32m1.130205e-02[39m
      1 Linear |R| = [32m4.093933e-03[39m
      2 Linear |R| = [32m3.610277e-03[39m
      3 Linear |R| = [32m6.372722e-05[39m
      4 Linear |R| = [32m1.940798e-05[39m
      5 Linear |R| = [32m1.391980e-05[39m
      6 Linear |R| = [32m1.700862e-06[39m
      7 Linear |R| = [32m2.283265e-07[39m
      8 Linear |R| = [32m3.191962e-08[39m
      9 Linear |R| = [32m2.039377e-08[39m
     10 Linear |R| = [32m1.011201e-08[39m
     11 Linear |R| = [32m2.034854e-09[39m
     12 Linear |R| = [32m5.148971e-10[39m
     13 Linear |R| = [32m1.415034e-10[39m
     14 Linear |R| = [32m1.687907e-11[39m
     15 Linear |R| = [32m1.276840e-12[39m
 1 Nonlinear |R| = [32m3.219072e-06[39m
      0 Linear |R| = [32m3.219072e-06[39m
      1 Linear |R| = [32m6.018144e-07[39m
      2 Linear |R| = [32m1.977977e-08[39m
      3 Linear |R| = [32m1.022039e-08[39m
      4 Linear |R| = [32m3.354165e-09[39m
      5 Linear |R| = [32m3.014422e-09[39m
      6 Linear |R| = [32m8.547619e-10[39m
      7 Linear |R| = [32m9.537141e-11[39m
      8 Linear |R| = [32m1.421259e-11[39m
      9 Linear |R| = [32m9.494735e-12[39m
     10 Linear |R| = [32m4.481231e-12[39m
     11 Linear |R| = [32m2.843038e-13[39m
     12 Linear |R| = [32m1.431220e-13[39m
     13 Linear |R| = [32m5.787402e-14[39m
     14 Linear |R| = [32m4.791126e-15[39m
     15 Linear |R| = [32m5.878160e-16[39m
 2 Nonlinear |R| = [32m1.063575e-11[39m
[32m Solve Converged![39m

Outlier Variable Residual Norms:
  uy: [33m9.347533e-12[39m

Postprocessor Values:
+----------------+----------------+----------------+----------------+----------------+----------------+----------------+
| time           | J_max          | J_min          | Jbar_max       | Jbar_min       | center_pressure| edge_ux        |
+----------------+----------------+----------------+----------------+----------------+----------------+----------------+
:                :                :                :                :                :                :                :
|   2.100000e-02 |   9.758956e-01 |   9.709859e-01 |   9.877391e-01 |   9.869444e-01 |   1.449912e-01 |   7.466492e-03 |
|   2.200000e-02 |   9.756315e-01 |   9.708826e-01 |   9.876975e-01 |   9.869277e-01 |   1.403207e-01 |   7.250691e-03 |
|   2.300000e-02 |   9.753758e-01 |   9.707827e-01 |   9.876574e-01 |   9.869118e-01 |   1.357880e-01 |   7.041984e-03 |
|   2.400000e-02 |   9.751282e-01 |   9.706860e-01 |   9.876185e-01 |   9.868965e-01 |   1.313917e-01 |   6.840119e-03 |
|   2.500000e-02 |   9.748886e-01 |   9.705926e-01 |   9.875809e-01 |   9.868817e-01 |   1.271297e-01 |   6.644857e-03 |
|   2.600000e-02 |   9.746566e-01 |   9.705022e-01 |   9.875445e-01 |   9.868675e-01 |   1.229993e-01 |   6.455974e-03 |
|   2.700000e-02 |   9.744321e-01 |   9.704147e-01 |   9.875093e-01 |   9.868539e-01 |   1.189977e-01 |   6.273259e-03 |
|   2.800000e-02 |   9.742149e-01 |   9.703301e-01 |   9.874752e-01 |   9.868407e-01 |   1.151215e-01 |   6.096506e-03 |
|   2.900000e-02 |   9.740047e-01 |   9.702482e-01 |   9.874423e-01 |   9.868280e-01 |   1.113677e-01 |   5.925522e-03 |
|   3.000000e-02 |   9.738014e-01 |   9.701691e-01 |   9.874104e-01 |   9.868158e-01 |   1.077328e-01 |   5.760117e-03 |
|   3.100000e-02 |   9.736048e-01 |   9.700925e-01 |   9.873796e-01 |   9.868041e-01 |   1.042135e-01 |   5.600112e-03 |
|   3.200000e-02 |   9.734145e-01 |   9.700184e-01 |   9.873498e-01 |   9.867927e-01 |   1.008065e-01 |   5.445332e-03 |
|   3.300000e-02 |   9.732305e-01 |   9.699467e-01 |   9.873209e-01 |   9.867817e-01 |   9.750836e-02 |   5.295609e-03 |
|   3.400000e-02 |   9.730524e-01 |   9.698774e-01 |   9.872930e-01 |   9.867712e-01 |   9.431595e-02 |   5.150779e-03 |
|   3.500000e-02 |   9.728803e-01 |   9.698103e-01 |   9.872660e-01 |   9.867610e-01 |   9.122604e-02 |   5.010686e-03 |
+----------------+----------------+----------------+----------------+----------------+----------------+----------------+
+----------------+----------------+----------------+------------------+----------------+----------------+
| time           | mass           | mass_reaction  | outflow_gradient | platen_max     | platen_min     |
+----------------+----------------+----------------+------------------+----------------+----------------+
:                :                :                :                  :                :                :
|   2.100000e-02 |   1.544952e-01 |  -1.406866e-01 |     1.378537e-01 |  -5.905443e-03 |  -5.905443e-03 |
|   2.200000e-02 |   1.543592e-01 |  -1.359936e-01 |     1.332646e-01 |  -5.925613e-03 |  -5.925613e-03 |
|   2.300000e-02 |   1.542278e-01 |  -1.314767e-01 |     1.288462e-01 |  -5.945121e-03 |  -5.945121e-03 |
|   2.400000e-02 |   1.541006e-01 |  -1.271236e-01 |     1.245867e-01 |  -5.963989e-03 |  -5.963989e-03 |
|   2.500000e-02 |   1.539777e-01 |  -1.229239e-01 |     1.204765e-01 |  -5.982241e-03 |  -5.982241e-03 |
|   2.600000e-02 |   1.538588e-01 |  -1.188693e-01 |     1.165075e-01 |  -5.999897e-03 |  -5.999897e-03 |
|   2.700000e-02 |   1.537439e-01 |  -1.149525e-01 |     1.126728e-01 |  -6.016977e-03 |  -6.016977e-03 |
|   2.800000e-02 |   1.536327e-01 |  -1.111672e-01 |     1.089665e-01 |  -6.033500e-03 |  -6.033500e-03 |
|   2.900000e-02 |   1.535252e-01 |  -1.075080e-01 |     1.053831e-01 |  -6.049485e-03 |  -6.049485e-03 |
|   3.000000e-02 |   1.534213e-01 |  -1.039698e-01 |     1.019180e-01 |  -6.064947e-03 |  -6.064947e-03 |
|   3.100000e-02 |   1.533207e-01 |  -1.005481e-01 |     9.856666e-02 |  -6.079906e-03 |  -6.079906e-03 |
|   3.200000e-02 |   1.532235e-01 |  -9.723867e-02 |     9.532508e-02 |  -6.094376e-03 |  -6.094376e-03 |
|   3.300000e-02 |   1.531294e-01 |  -9.403762e-02 |     9.218942e-02 |  -6.108374e-03 |  -6.108374e-03 |
|   3.400000e-02 |   1.530385e-01 |  -9.094122e-02 |     8.915610e-02 |  -6.121915e-03 |  -6.121915e-03 |
|   3.500000e-02 |   1.529505e-01 |  -8.794595e-02 |     8.622170e-02 |  -6.135013e-03 |  -6.135013e-03 |
+----------------+----------------+----------------+------------------+----------------+----------------+
+----------------+--------------------+--------------------+----------------+----------------+----------------+
| time           | solid_fraction_max | solid_fraction_min | stability_max  | stability_min  | top_reaction   |
+----------------+--------------------+--------------------+----------------+----------------+----------------+
:                :                    :                    :                :                :                :
|   2.100000e-02 |       6.103523e-01 |       6.067930e-01 |   2.808330e+01 |   2.800192e+01 |  -1.400000e+00 |
|   2.200000e-02 |       6.103915e-01 |       6.069470e-01 |   2.808062e+01 |   2.800186e+01 |  -1.400000e+00 |
|   2.300000e-02 |       6.104295e-01 |       6.070963e-01 |   2.807801e+01 |   2.800180e+01 |  -1.400000e+00 |
|   2.400000e-02 |       6.104663e-01 |       6.072410e-01 |   2.807548e+01 |   2.800174e+01 |  -1.400000e+00 |
|   2.500000e-02 |       6.105018e-01 |       6.073812e-01 |   2.807303e+01 |   2.800168e+01 |  -1.400000e+00 |
|   2.600000e-02 |       6.105362e-01 |       6.075171e-01 |   2.807066e+01 |   2.800163e+01 |  -1.400000e+00 |
|   2.700000e-02 |       6.105695e-01 |       6.076486e-01 |   2.806836e+01 |   2.800157e+01 |  -1.400000e+00 |
|   2.800000e-02 |       6.106016e-01 |       6.077760e-01 |   2.806613e+01 |   2.800152e+01 |  -1.400000e+00 |
|   2.900000e-02 |       6.106328e-01 |       6.078993e-01 |   2.806398e+01 |   2.800147e+01 |  -1.400000e+00 |
|   3.000000e-02 |       6.106629e-01 |       6.080187e-01 |   2.806189e+01 |   2.800142e+01 |  -1.400000e+00 |
|   3.100000e-02 |       6.106920e-01 |       6.081343e-01 |   2.805986e+01 |   2.800138e+01 |  -1.400000e+00 |
|   3.200000e-02 |       6.107202e-01 |       6.082461e-01 |   2.805791e+01 |   2.800133e+01 |  -1.400000e+00 |
|   3.300000e-02 |       6.107475e-01 |       6.083544e-01 |   2.805601e+01 |   2.800129e+01 |  -1.400000e+00 |
|   3.400000e-02 |       6.107739e-01 |       6.084592e-01 |   2.805418e+01 |   2.800124e+01 |  -1.400000e+00 |
|   3.500000e-02 |       6.107994e-01 |       6.085606e-01 |   2.805240e+01 |   2.800120e+01 |  -1.400000e+00 |
+----------------+--------------------+--------------------+----------------+----------------+----------------+


Time Step 36, time = 0.036, dt = 0.001
 * Nonlinear |R| = [32m1.092960e-02[39m (Before preset BCs, predictors, correctors, and constraints)
 0 Nonlinear |R| = [32m1.092960e-02[39m
      0 Linear |R| = [32m1.092960e-02[39m
      1 Linear |R| = [32m3.960368e-03[39m
      2 Linear |R| = [32m3.492797e-03[39m
      3 Linear |R| = [32m6.164069e-05[39m
      4 Linear |R| = [32m1.876977e-05[39m
      5 Linear |R| = [32m1.300121e-05[39m
      6 Linear |R| = [32m1.645406e-06[39m
      7 Linear |R| = [32m2.208664e-07[39m
      8 Linear |R| = [32m3.140719e-08[39m
      9 Linear |R| = [32m1.972202e-08[39m
     10 Linear |R| = [32m9.771020e-09[39m
     11 Linear |R| = [32m1.968513e-09[39m
     12 Linear |R| = [32m5.561821e-10[39m
     13 Linear |R| = [32m1.368768e-10[39m
     14 Linear |R| = [32m1.632153e-11[39m
     15 Linear |R| = [32m1.266031e-12[39m
 1 Nonlinear |R| = [32m3.014196e-06[39m
      0 Linear |R| = [32m3.014196e-06[39m
      1 Linear |R| = [32m5.620590e-07[39m
      2 Linear |R| = [32m1.396161e-08[39m
      3 Linear |R| = [32m9.495306e-09[39m
      4 Linear |R| = [32m3.112364e-09[39m
      5 Linear |R| = [32m2.784445e-09[39m
      6 Linear |R| = [32m7.698273e-10[39m
      7 Linear |R| = [32m8.918334e-11[39m
      8 Linear |R| = [32m1.118566e-11[39m
      9 Linear |R| = [32m8.326909e-12[39m
     10 Linear |R| = [32m1.410331e-12[39m
     11 Linear |R| = [32m2.761163e-13[39m
     12 Linear |R| = [32m1.298941e-13[39m
     13 Linear |R| = [32m5.525752e-14[39m
     14 Linear |R| = [32m4.998539e-15[39m
     15 Linear |R| = [32m5.158256e-16[39m
 2 Nonlinear |R| = [32m9.401578e-12[39m
[32m Solve Converged![39m

Outlier Variable Residual Norms:
  uy: [33m7.782818e-12[39m

Postprocessor Values:
+----------------+----------------+----------------+----------------+----------------+----------------+----------------+
| time           | J_max          | J_min          | Jbar_max       | Jbar_min       | center_pressure| edge_ux        |
+----------------+----------------+----------------+----------------+----------------+----------------+----------------+
:                :                :                :                :                :                :                :
|   2.200000e-02 |   9.756315e-01 |   9.708826e-01 |   9.876975e-01 |   9.869277e-01 |   1.403207e-01 |   7.250691e-03 |
|   2.300000e-02 |   9.753758e-01 |   9.707827e-01 |   9.876574e-01 |   9.869118e-01 |   1.357880e-01 |   7.041984e-03 |
|   2.400000e-02 |   9.751282e-01 |   9.706860e-01 |   9.876185e-01 |   9.868965e-01 |   1.313917e-01 |   6.840119e-03 |
|   2.500000e-02 |   9.748886e-01 |   9.705926e-01 |   9.875809e-01 |   9.868817e-01 |   1.271297e-01 |   6.644857e-03 |
|   2.600000e-02 |   9.746566e-01 |   9.705022e-01 |   9.875445e-01 |   9.868675e-01 |   1.229993e-01 |   6.455974e-03 |
|   2.700000e-02 |   9.744321e-01 |   9.704147e-01 |   9.875093e-01 |   9.868539e-01 |   1.189977e-01 |   6.273259e-03 |
|   2.800000e-02 |   9.742149e-01 |   9.703301e-01 |   9.874752e-01 |   9.868407e-01 |   1.151215e-01 |   6.096506e-03 |
|   2.900000e-02 |   9.740047e-01 |   9.702482e-01 |   9.874423e-01 |   9.868280e-01 |   1.113677e-01 |   5.925522e-03 |
|   3.000000e-02 |   9.738014e-01 |   9.701691e-01 |   9.874104e-01 |   9.868158e-01 |   1.077328e-01 |   5.760117e-03 |
|   3.100000e-02 |   9.736048e-01 |   9.700925e-01 |   9.873796e-01 |   9.868041e-01 |   1.042135e-01 |   5.600112e-03 |
|   3.200000e-02 |   9.734145e-01 |   9.700184e-01 |   9.873498e-01 |   9.867927e-01 |   1.008065e-01 |   5.445332e-03 |
|   3.300000e-02 |   9.732305e-01 |   9.699467e-01 |   9.873209e-01 |   9.867817e-01 |   9.750836e-02 |   5.295609e-03 |
|   3.400000e-02 |   9.730524e-01 |   9.698774e-01 |   9.872930e-01 |   9.867712e-01 |   9.431595e-02 |   5.150779e-03 |
|   3.500000e-02 |   9.728803e-01 |   9.698103e-01 |   9.872660e-01 |   9.867610e-01 |   9.122604e-02 |   5.010686e-03 |
|   3.600000e-02 |   9.727137e-01 |   9.697455e-01 |   9.872399e-01 |   9.867512e-01 |   8.823552e-02 |   4.875176e-03 |
+----------------+----------------+----------------+----------------+----------------+----------------+----------------+
+----------------+----------------+----------------+------------------+----------------+----------------+
| time           | mass           | mass_reaction  | outflow_gradient | platen_max     | platen_min     |
+----------------+----------------+----------------+------------------+----------------+----------------+
:                :                :                :                  :                :                :
|   2.200000e-02 |   1.543592e-01 |  -1.359936e-01 |     1.332646e-01 |  -5.925613e-03 |  -5.925613e-03 |
|   2.300000e-02 |   1.542278e-01 |  -1.314767e-01 |     1.288462e-01 |  -5.945121e-03 |  -5.945121e-03 |
|   2.400000e-02 |   1.541006e-01 |  -1.271236e-01 |     1.245867e-01 |  -5.963989e-03 |  -5.963989e-03 |
|   2.500000e-02 |   1.539777e-01 |  -1.229239e-01 |     1.204765e-01 |  -5.982241e-03 |  -5.982241e-03 |
|   2.600000e-02 |   1.538588e-01 |  -1.188693e-01 |     1.165075e-01 |  -5.999897e-03 |  -5.999897e-03 |
|   2.700000e-02 |   1.537439e-01 |  -1.149525e-01 |     1.126728e-01 |  -6.016977e-03 |  -6.016977e-03 |
|   2.800000e-02 |   1.536327e-01 |  -1.111672e-01 |     1.089665e-01 |  -6.033500e-03 |  -6.033500e-03 |
|   2.900000e-02 |   1.535252e-01 |  -1.075080e-01 |     1.053831e-01 |  -6.049485e-03 |  -6.049485e-03 |
|   3.000000e-02 |   1.534213e-01 |  -1.039698e-01 |     1.019180e-01 |  -6.064947e-03 |  -6.064947e-03 |
|   3.100000e-02 |   1.533207e-01 |  -1.005481e-01 |     9.856666e-02 |  -6.079906e-03 |  -6.079906e-03 |
|   3.200000e-02 |   1.532235e-01 |  -9.723867e-02 |     9.532508e-02 |  -6.094376e-03 |  -6.094376e-03 |
|   3.300000e-02 |   1.531294e-01 |  -9.403762e-02 |     9.218942e-02 |  -6.108374e-03 |  -6.108374e-03 |
|   3.400000e-02 |   1.530385e-01 |  -9.094122e-02 |     8.915610e-02 |  -6.121915e-03 |  -6.121915e-03 |
|   3.500000e-02 |   1.529505e-01 |  -8.794595e-02 |     8.622170e-02 |  -6.135013e-03 |  -6.135013e-03 |
|   3.600000e-02 |   1.528655e-01 |  -8.504848e-02 |     8.338294e-02 |  -6.147683e-03 |  -6.147683e-03 |
+----------------+----------------+----------------+------------------+----------------+----------------+
+----------------+--------------------+--------------------+----------------+----------------+----------------+
| time           | solid_fraction_max | solid_fraction_min | stability_max  | stability_min  | top_reaction   |
+----------------+--------------------+--------------------+----------------+----------------+----------------+
:                :                    :                    :                :                :                :
|   2.200000e-02 |       6.103915e-01 |       6.069470e-01 |   2.808062e+01 |   2.800186e+01 |  -1.400000e+00 |
|   2.300000e-02 |       6.104295e-01 |       6.070963e-01 |   2.807801e+01 |   2.800180e+01 |  -1.400000e+00 |
|   2.400000e-02 |       6.104663e-01 |       6.072410e-01 |   2.807548e+01 |   2.800174e+01 |  -1.400000e+00 |
|   2.500000e-02 |       6.105018e-01 |       6.073812e-01 |   2.807303e+01 |   2.800168e+01 |  -1.400000e+00 |
|   2.600000e-02 |       6.105362e-01 |       6.075171e-01 |   2.807066e+01 |   2.800163e+01 |  -1.400000e+00 |
|   2.700000e-02 |       6.105695e-01 |       6.076486e-01 |   2.806836e+01 |   2.800157e+01 |  -1.400000e+00 |
|   2.800000e-02 |       6.106016e-01 |       6.077760e-01 |   2.806613e+01 |   2.800152e+01 |  -1.400000e+00 |
|   2.900000e-02 |       6.106328e-01 |       6.078993e-01 |   2.806398e+01 |   2.800147e+01 |  -1.400000e+00 |
|   3.000000e-02 |       6.106629e-01 |       6.080187e-01 |   2.806189e+01 |   2.800142e+01 |  -1.400000e+00 |
|   3.100000e-02 |       6.106920e-01 |       6.081343e-01 |   2.805986e+01 |   2.800138e+01 |  -1.400000e+00 |
|   3.200000e-02 |       6.107202e-01 |       6.082461e-01 |   2.805791e+01 |   2.800133e+01 |  -1.400000e+00 |
|   3.300000e-02 |       6.107475e-01 |       6.083544e-01 |   2.805601e+01 |   2.800129e+01 |  -1.400000e+00 |
|   3.400000e-02 |       6.107739e-01 |       6.084592e-01 |   2.805418e+01 |   2.800124e+01 |  -1.400000e+00 |
|   3.500000e-02 |       6.107994e-01 |       6.085606e-01 |   2.805240e+01 |   2.800120e+01 |  -1.400000e+00 |
|   3.600000e-02 |       6.108241e-01 |       6.086587e-01 |   2.805068e+01 |   2.800116e+01 |  -1.400000e+00 |
+----------------+--------------------+--------------------+----------------+----------------+----------------+


Time Step 37, time = 0.037, dt = 0.001
 * Nonlinear |R| = [32m1.056930e-02[39m (Before preset BCs, predictors, correctors, and constraints)
 0 Nonlinear |R| = [32m1.056930e-02[39m
      0 Linear |R| = [32m1.056930e-02[39m
      1 Linear |R| = [32m3.831082e-03[39m
      2 Linear |R| = [32m3.379065e-03[39m
      3 Linear |R| = [32m5.962130e-05[39m
      4 Linear |R| = [32m1.815658e-05[39m
      5 Linear |R| = [32m1.307370e-05[39m
      6 Linear |R| = [32m1.591645e-06[39m
      7 Linear |R| = [32m2.136422e-07[39m
      8 Linear |R| = [32m2.821603e-08[39m
      9 Linear |R| = [32m1.907042e-08[39m
     10 Linear |R| = [32m9.440823e-09[39m
     11 Linear |R| = [32m1.903990e-09[39m
     12 Linear |R| = [32m3.638778e-10[39m
     13 Linear |R| = [32m1.323975e-10[39m
     14 Linear |R| = [32m1.578109e-11[39m
     15 Linear |R| = [32m1.201296e-12[39m
 1 Nonlinear |R| = [32m2.816346e-06[39m
      0 Linear |R| = [32m2.816346e-06[39m
      1 Linear |R| = [32m5.286416e-07[39m
      2 Linear |R| = [32m1.249210e-08[39m
      3 Linear |R| = [32m8.918661e-09[39m
      4 Linear |R| = [32m2.937613e-09[39m
      5 Linear |R| = [32m2.665219e-09[39m
      6 Linear |R| = [32m7.347128e-10[39m
      7 Linear |R| = [32m8.368785e-11[39m
      8 Linear |R| = [32m1.133988e-11[39m
      9 Linear |R| = [32m7.921793e-12[39m
     10 Linear |R| = [32m3.049972e-12[39m
     11 Linear |R| = [32m2.312549e-13[39m
     12 Linear |R| = [32m1.222048e-13[39m
     13 Linear |R| = [32m4.838124e-14[39m
     14 Linear |R| = [32m3.994070e-15[39m
     15 Linear |R| = [32m4.877874e-16[39m
 2 Nonlinear |R| = [32m9.692998e-12[39m
[32m Solve Converged![39m

Outlier Variable Residual Norms:
  uy: [33m8.318769e-12[39m

Postprocessor Values:
+----------------+----------------+----------------+----------------+----------------+----------------+----------------+
| time           | J_max          | J_min          | Jbar_max       | Jbar_min       | center_pressure| edge_ux        |
+----------------+----------------+----------------+----------------+----------------+----------------+----------------+
:                :                :                :                :                :                :                :
|   2.300000e-02 |   9.753758e-01 |   9.707827e-01 |   9.876574e-01 |   9.869118e-01 |   1.357880e-01 |   7.041984e-03 |
|   2.400000e-02 |   9.751282e-01 |   9.706860e-01 |   9.876185e-01 |   9.868965e-01 |   1.313917e-01 |   6.840119e-03 |
|   2.500000e-02 |   9.748886e-01 |   9.705926e-01 |   9.875809e-01 |   9.868817e-01 |   1.271297e-01 |   6.644857e-03 |
|   2.600000e-02 |   9.746566e-01 |   9.705022e-01 |   9.875445e-01 |   9.868675e-01 |   1.229993e-01 |   6.455974e-03 |
|   2.700000e-02 |   9.744321e-01 |   9.704147e-01 |   9.875093e-01 |   9.868539e-01 |   1.189977e-01 |   6.273259e-03 |
|   2.800000e-02 |   9.742149e-01 |   9.703301e-01 |   9.874752e-01 |   9.868407e-01 |   1.151215e-01 |   6.096506e-03 |
|   2.900000e-02 |   9.740047e-01 |   9.702482e-01 |   9.874423e-01 |   9.868280e-01 |   1.113677e-01 |   5.925522e-03 |
|   3.000000e-02 |   9.738014e-01 |   9.701691e-01 |   9.874104e-01 |   9.868158e-01 |   1.077328e-01 |   5.760117e-03 |
|   3.100000e-02 |   9.736048e-01 |   9.700925e-01 |   9.873796e-01 |   9.868041e-01 |   1.042135e-01 |   5.600112e-03 |
|   3.200000e-02 |   9.734145e-01 |   9.700184e-01 |   9.873498e-01 |   9.867927e-01 |   1.008065e-01 |   5.445332e-03 |
|   3.300000e-02 |   9.732305e-01 |   9.699467e-01 |   9.873209e-01 |   9.867817e-01 |   9.750836e-02 |   5.295609e-03 |
|   3.400000e-02 |   9.730524e-01 |   9.698774e-01 |   9.872930e-01 |   9.867712e-01 |   9.431595e-02 |   5.150779e-03 |
|   3.500000e-02 |   9.728803e-01 |   9.698103e-01 |   9.872660e-01 |   9.867610e-01 |   9.122604e-02 |   5.010686e-03 |
|   3.600000e-02 |   9.727137e-01 |   9.697455e-01 |   9.872399e-01 |   9.867512e-01 |   8.823552e-02 |   4.875176e-03 |
|   3.700000e-02 |   9.725526e-01 |   9.696827e-01 |   9.872146e-01 |   9.867417e-01 |   8.534132e-02 |   4.744102e-03 |
+----------------+----------------+----------------+----------------+----------------+----------------+----------------+
+----------------+----------------+----------------+------------------+----------------+----------------+
| time           | mass           | mass_reaction  | outflow_gradient | platen_max     | platen_min     |
+----------------+----------------+----------------+------------------+----------------+----------------+
:                :                :                :                  :                :                :
|   2.300000e-02 |   1.542278e-01 |  -1.314767e-01 |     1.288462e-01 |  -5.945121e-03 |  -5.945121e-03 |
|   2.400000e-02 |   1.541006e-01 |  -1.271236e-01 |     1.245867e-01 |  -5.963989e-03 |  -5.963989e-03 |
|   2.500000e-02 |   1.539777e-01 |  -1.229239e-01 |     1.204765e-01 |  -5.982241e-03 |  -5.982241e-03 |
|   2.600000e-02 |   1.538588e-01 |  -1.188693e-01 |     1.165075e-01 |  -5.999897e-03 |  -5.999897e-03 |
|   2.700000e-02 |   1.537439e-01 |  -1.149525e-01 |     1.126728e-01 |  -6.016977e-03 |  -6.016977e-03 |
|   2.800000e-02 |   1.536327e-01 |  -1.111672e-01 |     1.089665e-01 |  -6.033500e-03 |  -6.033500e-03 |
|   2.900000e-02 |   1.535252e-01 |  -1.075080e-01 |     1.053831e-01 |  -6.049485e-03 |  -6.049485e-03 |
|   3.000000e-02 |   1.534213e-01 |  -1.039698e-01 |     1.019180e-01 |  -6.064947e-03 |  -6.064947e-03 |
|   3.100000e-02 |   1.533207e-01 |  -1.005481e-01 |     9.856666e-02 |  -6.079906e-03 |  -6.079906e-03 |
|   3.200000e-02 |   1.532235e-01 |  -9.723867e-02 |     9.532508e-02 |  -6.094376e-03 |  -6.094376e-03 |
|   3.300000e-02 |   1.531294e-01 |  -9.403762e-02 |     9.218942e-02 |  -6.108374e-03 |  -6.108374e-03 |
|   3.400000e-02 |   1.530385e-01 |  -9.094122e-02 |     8.915610e-02 |  -6.121915e-03 |  -6.121915e-03 |
|   3.500000e-02 |   1.529505e-01 |  -8.794595e-02 |     8.622170e-02 |  -6.135013e-03 |  -6.135013e-03 |
|   3.600000e-02 |   1.528655e-01 |  -8.504848e-02 |     8.338294e-02 |  -6.147683e-03 |  -6.147683e-03 |
|   3.700000e-02 |   1.527832e-01 |  -8.224558e-02 |     8.063671e-02 |  -6.159939e-03 |  -6.159939e-03 |
+----------------+----------------+----------------+------------------+----------------+----------------+
+----------------+--------------------+--------------------+----------------+----------------+----------------+
| time           | solid_fraction_max | solid_fraction_min | stability_max  | stability_min  | top_reaction   |
+----------------+--------------------+--------------------+----------------+----------------+----------------+
:                :                    :                    :                :                :                :
|   2.300000e-02 |       6.104295e-01 |       6.070963e-01 |   2.807801e+01 |   2.800180e+01 |  -1.400000e+00 |
|   2.400000e-02 |       6.104663e-01 |       6.072410e-01 |   2.807548e+01 |   2.800174e+01 |  -1.400000e+00 |
|   2.500000e-02 |       6.105018e-01 |       6.073812e-01 |   2.807303e+01 |   2.800168e+01 |  -1.400000e+00 |
|   2.600000e-02 |       6.105362e-01 |       6.075171e-01 |   2.807066e+01 |   2.800163e+01 |  -1.400000e+00 |
|   2.700000e-02 |       6.105695e-01 |       6.076486e-01 |   2.806836e+01 |   2.800157e+01 |  -1.400000e+00 |
|   2.800000e-02 |       6.106016e-01 |       6.077760e-01 |   2.806613e+01 |   2.800152e+01 |  -1.400000e+00 |
|   2.900000e-02 |       6.106328e-01 |       6.078993e-01 |   2.806398e+01 |   2.800147e+01 |  -1.400000e+00 |
|   3.000000e-02 |       6.106629e-01 |       6.080187e-01 |   2.806189e+01 |   2.800142e+01 |  -1.400000e+00 |
|   3.100000e-02 |       6.106920e-01 |       6.081343e-01 |   2.805986e+01 |   2.800138e+01 |  -1.400000e+00 |
|   3.200000e-02 |       6.107202e-01 |       6.082461e-01 |   2.805791e+01 |   2.800133e+01 |  -1.400000e+00 |
|   3.300000e-02 |       6.107475e-01 |       6.083544e-01 |   2.805601e+01 |   2.800129e+01 |  -1.400000e+00 |
|   3.400000e-02 |       6.107739e-01 |       6.084592e-01 |   2.805418e+01 |   2.800124e+01 |  -1.400000e+00 |
|   3.500000e-02 |       6.107994e-01 |       6.085606e-01 |   2.805240e+01 |   2.800120e+01 |  -1.400000e+00 |
|   3.600000e-02 |       6.108241e-01 |       6.086587e-01 |   2.805068e+01 |   2.800116e+01 |  -1.400000e+00 |
|   3.700000e-02 |       6.108480e-01 |       6.087537e-01 |   2.804902e+01 |   2.800113e+01 |  -1.400000e+00 |
+----------------+--------------------+--------------------+----------------+----------------+----------------+


Time Step 38, time = 0.038, dt = 0.001
 * Nonlinear |R| = [32m1.022074e-02[39m (Before preset BCs, predictors, correctors, and constraints)
 0 Nonlinear |R| = [32m1.022074e-02[39m
      0 Linear |R| = [32m1.022074e-02[39m
      1 Linear |R| = [32m3.705925e-03[39m
      2 Linear |R| = [32m3.268932e-03[39m
      3 Linear |R| = [32m5.766758e-05[39m
      4 Linear |R| = [32m1.756254e-05[39m
      5 Linear |R| = [32m1.244858e-05[39m
      6 Linear |R| = [32m1.539599e-06[39m
      7 Linear |R| = [32m2.066491e-07[39m
      8 Linear |R| = [32m2.813018e-08[39m
      9 Linear |R| = [32m1.844168e-08[39m
     10 Linear |R| = [32m9.126085e-09[39m
     11 Linear |R| = [32m1.841741e-09[39m
     12 Linear |R| = [32m3.966828e-10[39m
     13 Linear |R| = [32m1.280631e-10[39m
     14 Linear |R| = [32m1.525875e-11[39m
     15 Linear |R| = [32m1.217253e-12[39m
 1 Nonlinear |R| = [32m2.639766e-06[39m
      0 Linear |R| = [32m2.639766e-06[39m
      1 Linear |R| = [32m4.915193e-07[39m
      2 Linear |R| = [32m9.849291e-09[39m
      3 Linear |R| = [32m8.167937e-09[39m
      4 Linear |R| = [32m2.736593e-09[39m
      5 Linear |R| = [32m2.503475e-09[39m
      6 Linear |R| = [32m6.881828e-10[39m
      7 Linear |R| = [32m7.848880e-11[39m
      8 Linear |R| = [32m8.519135e-12[39m
      9 Linear |R| = [33m8.253006e-12[39m
     10 Linear |R| = [32m4.976113e-12[39m
     11 Linear |R| = [32m2.163560e-13[39m
     12 Linear |R| = [32m5.193483e-14[39m
     13 Linear |R| = [32m4.468298e-14[39m
     14 Linear |R| = [32m3.812522e-15[39m
     15 Linear |R| = [32m4.466017e-16[39m
 2 Nonlinear |R| = [32m8.790884e-12[39m
[32m Solve Converged![39m

Outlier Variable Residual Norms:
  uy: [33m7.827878e-12[39m

Postprocessor Values:
+----------------+----------------+----------------+----------------+----------------+----------------+----------------+
| time           | J_max          | J_min          | Jbar_max       | Jbar_min       | center_pressure| edge_ux        |
+----------------+----------------+----------------+----------------+----------------+----------------+----------------+
:                :                :                :                :                :                :                :
|   2.400000e-02 |   9.751282e-01 |   9.706860e-01 |   9.876185e-01 |   9.868965e-01 |   1.313917e-01 |   6.840119e-03 |
|   2.500000e-02 |   9.748886e-01 |   9.705926e-01 |   9.875809e-01 |   9.868817e-01 |   1.271297e-01 |   6.644857e-03 |
|   2.600000e-02 |   9.746566e-01 |   9.705022e-01 |   9.875445e-01 |   9.868675e-01 |   1.229993e-01 |   6.455974e-03 |
|   2.700000e-02 |   9.744321e-01 |   9.704147e-01 |   9.875093e-01 |   9.868539e-01 |   1.189977e-01 |   6.273259e-03 |
|   2.800000e-02 |   9.742149e-01 |   9.703301e-01 |   9.874752e-01 |   9.868407e-01 |   1.151215e-01 |   6.096506e-03 |
|   2.900000e-02 |   9.740047e-01 |   9.702482e-01 |   9.874423e-01 |   9.868280e-01 |   1.113677e-01 |   5.925522e-03 |
|   3.000000e-02 |   9.738014e-01 |   9.701691e-01 |   9.874104e-01 |   9.868158e-01 |   1.077328e-01 |   5.760117e-03 |
|   3.100000e-02 |   9.736048e-01 |   9.700925e-01 |   9.873796e-01 |   9.868041e-01 |   1.042135e-01 |   5.600112e-03 |
|   3.200000e-02 |   9.734145e-01 |   9.700184e-01 |   9.873498e-01 |   9.867927e-01 |   1.008065e-01 |   5.445332e-03 |
|   3.300000e-02 |   9.732305e-01 |   9.699467e-01 |   9.873209e-01 |   9.867817e-01 |   9.750836e-02 |   5.295609e-03 |
|   3.400000e-02 |   9.730524e-01 |   9.698774e-01 |   9.872930e-01 |   9.867712e-01 |   9.431595e-02 |   5.150779e-03 |
|   3.500000e-02 |   9.728803e-01 |   9.698103e-01 |   9.872660e-01 |   9.867610e-01 |   9.122604e-02 |   5.010686e-03 |
|   3.600000e-02 |   9.727137e-01 |   9.697455e-01 |   9.872399e-01 |   9.867512e-01 |   8.823552e-02 |   4.875176e-03 |
|   3.700000e-02 |   9.725526e-01 |   9.696827e-01 |   9.872146e-01 |   9.867417e-01 |   8.534132e-02 |   4.744102e-03 |
|   3.800000e-02 |   9.723969e-01 |   9.696220e-01 |   9.871902e-01 |   9.867325e-01 |   8.254049e-02 |   4.617322e-03 |
+----------------+----------------+----------------+----------------+----------------+----------------+----------------+
+----------------+----------------+----------------+------------------+----------------+----------------+
| time           | mass           | mass_reaction  | outflow_gradient | platen_max     | platen_min     |
+----------------+----------------+----------------+------------------+----------------+----------------+
:                :                :                :                  :                :                :
|   2.400000e-02 |   1.541006e-01 |  -1.271236e-01 |     1.245867e-01 |  -5.963989e-03 |  -5.963989e-03 |
|   2.500000e-02 |   1.539777e-01 |  -1.229239e-01 |     1.204765e-01 |  -5.982241e-03 |  -5.982241e-03 |
|   2.600000e-02 |   1.538588e-01 |  -1.188693e-01 |     1.165075e-01 |  -5.999897e-03 |  -5.999897e-03 |
|   2.700000e-02 |   1.537439e-01 |  -1.149525e-01 |     1.126728e-01 |  -6.016977e-03 |  -6.016977e-03 |
|   2.800000e-02 |   1.536327e-01 |  -1.111672e-01 |     1.089665e-01 |  -6.033500e-03 |  -6.033500e-03 |
|   2.900000e-02 |   1.535252e-01 |  -1.075080e-01 |     1.053831e-01 |  -6.049485e-03 |  -6.049485e-03 |
|   3.000000e-02 |   1.534213e-01 |  -1.039698e-01 |     1.019180e-01 |  -6.064947e-03 |  -6.064947e-03 |
|   3.100000e-02 |   1.533207e-01 |  -1.005481e-01 |     9.856666e-02 |  -6.079906e-03 |  -6.079906e-03 |
|   3.200000e-02 |   1.532235e-01 |  -9.723867e-02 |     9.532508e-02 |  -6.094376e-03 |  -6.094376e-03 |
|   3.300000e-02 |   1.531294e-01 |  -9.403762e-02 |     9.218942e-02 |  -6.108374e-03 |  -6.108374e-03 |
|   3.400000e-02 |   1.530385e-01 |  -9.094122e-02 |     8.915610e-02 |  -6.121915e-03 |  -6.121915e-03 |
|   3.500000e-02 |   1.529505e-01 |  -8.794595e-02 |     8.622170e-02 |  -6.135013e-03 |  -6.135013e-03 |
|   3.600000e-02 |   1.528655e-01 |  -8.504848e-02 |     8.338294e-02 |  -6.147683e-03 |  -6.147683e-03 |
|   3.700000e-02 |   1.527832e-01 |  -8.224558e-02 |     8.063671e-02 |  -6.159939e-03 |  -6.159939e-03 |
|   3.800000e-02 |   1.527037e-01 |  -7.953417e-02 |     7.798000e-02 |  -6.171793e-03 |  -6.171793e-03 |
+----------------+----------------+----------------+------------------+----------------+----------------+
+----------------+--------------------+--------------------+----------------+----------------+----------------+
| time           | solid_fraction_max | solid_fraction_min | stability_max  | stability_min  | top_reaction   |
+----------------+--------------------+--------------------+----------------+----------------+----------------+
:                :                    :                    :                :                :                :
|   2.400000e-02 |       6.104663e-01 |       6.072410e-01 |   2.807548e+01 |   2.800174e+01 |  -1.400000e+00 |
|   2.500000e-02 |       6.105018e-01 |       6.073812e-01 |   2.807303e+01 |   2.800168e+01 |  -1.400000e+00 |
|   2.600000e-02 |       6.105362e-01 |       6.075171e-01 |   2.807066e+01 |   2.800163e+01 |  -1.400000e+00 |
|   2.700000e-02 |       6.105695e-01 |       6.076486e-01 |   2.806836e+01 |   2.800157e+01 |  -1.400000e+00 |
|   2.800000e-02 |       6.106016e-01 |       6.077760e-01 |   2.806613e+01 |   2.800152e+01 |  -1.400000e+00 |
|   2.900000e-02 |       6.106328e-01 |       6.078993e-01 |   2.806398e+01 |   2.800147e+01 |  -1.400000e+00 |
|   3.000000e-02 |       6.106629e-01 |       6.080187e-01 |   2.806189e+01 |   2.800142e+01 |  -1.400000e+00 |
|   3.100000e-02 |       6.106920e-01 |       6.081343e-01 |   2.805986e+01 |   2.800138e+01 |  -1.400000e+00 |
|   3.200000e-02 |       6.107202e-01 |       6.082461e-01 |   2.805791e+01 |   2.800133e+01 |  -1.400000e+00 |
|   3.300000e-02 |       6.107475e-01 |       6.083544e-01 |   2.805601e+01 |   2.800129e+01 |  -1.400000e+00 |
|   3.400000e-02 |       6.107739e-01 |       6.084592e-01 |   2.805418e+01 |   2.800124e+01 |  -1.400000e+00 |
|   3.500000e-02 |       6.107994e-01 |       6.085606e-01 |   2.805240e+01 |   2.800120e+01 |  -1.400000e+00 |
|   3.600000e-02 |       6.108241e-01 |       6.086587e-01 |   2.805068e+01 |   2.800116e+01 |  -1.400000e+00 |
|   3.700000e-02 |       6.108480e-01 |       6.087537e-01 |   2.804902e+01 |   2.800113e+01 |  -1.400000e+00 |
|   3.800000e-02 |       6.108711e-01 |       6.088456e-01 |   2.804741e+01 |   2.800109e+01 |  -1.400000e+00 |
+----------------+--------------------+--------------------+----------------+----------------+----------------+


Time Step 39, time = 0.039, dt = 0.001
 * Nonlinear |R| = [32m9.883564e-03[39m (Before preset BCs, predictors, correctors, and constraints)
 0 Nonlinear |R| = [32m9.883564e-03[39m
      0 Linear |R| = [32m9.883564e-03[39m
      1 Linear |R| = [32m3.584796e-03[39m
      2 Linear |R| = [32m3.162345e-03[39m
      3 Linear |R| = [32m5.577629e-05[39m
      4 Linear |R| = [32m1.698469e-05[39m
      5 Linear |R| = [32m1.199723e-05[39m
      6 Linear |R| = [32m1.489212e-06[39m
      7 Linear |R| = [32m1.998779e-07[39m
      8 Linear |R| = [32m2.240128e-08[39m
      9 Linear |R| = [32m1.782741e-08[39m
     10 Linear |R| = [32m8.808803e-09[39m
     11 Linear |R| = [32m1.781037e-09[39m
     12 Linear |R| = [32m2.839687e-10[39m
     13 Linear |R| = [32m1.238613e-10[39m
     14 Linear |R| = [32m1.475441e-11[39m
     15 Linear |R| = [32m1.115431e-12[39m
 1 Nonlinear |R| = [32m2.468850e-06[39m
      0 Linear |R| = [32m2.468850e-06[39m
      1 Linear |R| = [32m4.617908e-07[39m
      2 Linear |R| = [32m1.973994e-08[39m
      3 Linear |R| = [32m7.810102e-09[39m
      4 Linear |R| = [32m2.553260e-09[39m
      5 Linear |R| = [32m2.279875e-09[39m
      6 Linear |R| = [32m6.426083e-10[39m
      7 Linear |R| = [32m7.542336e-11[39m
      8 Linear |R| = [32m8.618861e-12[39m
      9 Linear |R| = [32m7.797517e-12[39m
     10 Linear |R| = [32m4.684431e-12[39m
     11 Linear |R| = [32m2.247257e-13[39m
     12 Linear |R| = [32m7.525304e-14[39m
     13 Linear |R| = [32m4.486329e-14[39m
     14 Linear |R| = [32m3.716001e-15[39m
     15 Linear |R| = [32m4.252189e-16[39m
 2 Nonlinear |R| = [32m7.354640e-12[39m
[32m Solve Converged![39m

Outlier Variable Residual Norms:
  uy: [33m6.372855e-12[39m

Postprocessor Values:
+----------------+----------------+----------------+----------------+----------------+----------------+----------------+
| time           | J_max          | J_min          | Jbar_max       | Jbar_min       | center_pressure| edge_ux        |
+----------------+----------------+----------------+----------------+----------------+----------------+----------------+
:                :                :                :                :                :                :                :
|   2.500000e-02 |   9.748886e-01 |   9.705926e-01 |   9.875809e-01 |   9.868817e-01 |   1.271297e-01 |   6.644857e-03 |
|   2.600000e-02 |   9.746566e-01 |   9.705022e-01 |   9.875445e-01 |   9.868675e-01 |   1.229993e-01 |   6.455974e-03 |
|   2.700000e-02 |   9.744321e-01 |   9.704147e-01 |   9.875093e-01 |   9.868539e-01 |   1.189977e-01 |   6.273259e-03 |
|   2.800000e-02 |   9.742149e-01 |   9.703301e-01 |   9.874752e-01 |   9.868407e-01 |   1.151215e-01 |   6.096506e-03 |
|   2.900000e-02 |   9.740047e-01 |   9.702482e-01 |   9.874423e-01 |   9.868280e-01 |   1.113677e-01 |   5.925522e-03 |
|   3.000000e-02 |   9.738014e-01 |   9.701691e-01 |   9.874104e-01 |   9.868158e-01 |   1.077328e-01 |   5.760117e-03 |
|   3.100000e-02 |   9.736048e-01 |   9.700925e-01 |   9.873796e-01 |   9.868041e-01 |   1.042135e-01 |   5.600112e-03 |
|   3.200000e-02 |   9.734145e-01 |   9.700184e-01 |   9.873498e-01 |   9.867927e-01 |   1.008065e-01 |   5.445332e-03 |
|   3.300000e-02 |   9.732305e-01 |   9.699467e-01 |   9.873209e-01 |   9.867817e-01 |   9.750836e-02 |   5.295609e-03 |
|   3.400000e-02 |   9.730524e-01 |   9.698774e-01 |   9.872930e-01 |   9.867712e-01 |   9.431595e-02 |   5.150779e-03 |
|   3.500000e-02 |   9.728803e-01 |   9.698103e-01 |   9.872660e-01 |   9.867610e-01 |   9.122604e-02 |   5.010686e-03 |
|   3.600000e-02 |   9.727137e-01 |   9.697455e-01 |   9.872399e-01 |   9.867512e-01 |   8.823552e-02 |   4.875176e-03 |
|   3.700000e-02 |   9.725526e-01 |   9.696827e-01 |   9.872146e-01 |   9.867417e-01 |   8.534132e-02 |   4.744102e-03 |
|   3.800000e-02 |   9.723969e-01 |   9.696220e-01 |   9.871902e-01 |   9.867325e-01 |   8.254049e-02 |   4.617322e-03 |
|   3.900000e-02 |   9.722462e-01 |   9.695633e-01 |   9.871665e-01 |   9.867237e-01 |   7.983012e-02 |   4.494697e-03 |
+----------------+----------------+----------------+----------------+----------------+----------------+----------------+
+----------------+----------------+----------------+------------------+----------------+----------------+
| time           | mass           | mass_reaction  | outflow_gradient | platen_max     | platen_min     |
+----------------+----------------+----------------+------------------+----------------+----------------+
:                :                :                :                  :                :                :
|   2.500000e-02 |   1.539777e-01 |  -1.229239e-01 |     1.204765e-01 |  -5.982241e-03 |  -5.982241e-03 |
|   2.600000e-02 |   1.538588e-01 |  -1.188693e-01 |     1.165075e-01 |  -5.999897e-03 |  -5.999897e-03 |
|   2.700000e-02 |   1.537439e-01 |  -1.149525e-01 |     1.126728e-01 |  -6.016977e-03 |  -6.016977e-03 |
|   2.800000e-02 |   1.536327e-01 |  -1.111672e-01 |     1.089665e-01 |  -6.033500e-03 |  -6.033500e-03 |
|   2.900000e-02 |   1.535252e-01 |  -1.075080e-01 |     1.053831e-01 |  -6.049485e-03 |  -6.049485e-03 |
|   3.000000e-02 |   1.534213e-01 |  -1.039698e-01 |     1.019180e-01 |  -6.064947e-03 |  -6.064947e-03 |
|   3.100000e-02 |   1.533207e-01 |  -1.005481e-01 |     9.856666e-02 |  -6.079906e-03 |  -6.079906e-03 |
|   3.200000e-02 |   1.532235e-01 |  -9.723867e-02 |     9.532508e-02 |  -6.094376e-03 |  -6.094376e-03 |
|   3.300000e-02 |   1.531294e-01 |  -9.403762e-02 |     9.218942e-02 |  -6.108374e-03 |  -6.108374e-03 |
|   3.400000e-02 |   1.530385e-01 |  -9.094122e-02 |     8.915610e-02 |  -6.121915e-03 |  -6.121915e-03 |
|   3.500000e-02 |   1.529505e-01 |  -8.794595e-02 |     8.622170e-02 |  -6.135013e-03 |  -6.135013e-03 |
|   3.600000e-02 |   1.528655e-01 |  -8.504848e-02 |     8.338294e-02 |  -6.147683e-03 |  -6.147683e-03 |
|   3.700000e-02 |   1.527832e-01 |  -8.224558e-02 |     8.063671e-02 |  -6.159939e-03 |  -6.159939e-03 |
|   3.800000e-02 |   1.527037e-01 |  -7.953417e-02 |     7.798000e-02 |  -6.171793e-03 |  -6.171793e-03 |
|   3.900000e-02 |   1.526268e-01 |  -7.691128e-02 |     7.540991e-02 |  -6.183259e-03 |  -6.183259e-03 |
+----------------+----------------+----------------+------------------+----------------+----------------+
+----------------+--------------------+--------------------+----------------+----------------+----------------+
| time           | solid_fraction_max | solid_fraction_min | stability_max  | stability_min  | top_reaction   |
+----------------+--------------------+--------------------+----------------+----------------+----------------+
:                :                    :                    :                :                :                :
|   2.500000e-02 |       6.105018e-01 |       6.073812e-01 |   2.807303e+01 |   2.800168e+01 |  -1.400000e+00 |
|   2.600000e-02 |       6.105362e-01 |       6.075171e-01 |   2.807066e+01 |   2.800163e+01 |  -1.400000e+00 |
|   2.700000e-02 |       6.105695e-01 |       6.076486e-01 |   2.806836e+01 |   2.800157e+01 |  -1.400000e+00 |
|   2.800000e-02 |       6.106016e-01 |       6.077760e-01 |   2.806613e+01 |   2.800152e+01 |  -1.400000e+00 |
|   2.900000e-02 |       6.106328e-01 |       6.078993e-01 |   2.806398e+01 |   2.800147e+01 |  -1.400000e+00 |
|   3.000000e-02 |       6.106629e-01 |       6.080187e-01 |   2.806189e+01 |   2.800142e+01 |  -1.400000e+00 |
|   3.100000e-02 |       6.106920e-01 |       6.081343e-01 |   2.805986e+01 |   2.800138e+01 |  -1.400000e+00 |
|   3.200000e-02 |       6.107202e-01 |       6.082461e-01 |   2.805791e+01 |   2.800133e+01 |  -1.400000e+00 |
|   3.300000e-02 |       6.107475e-01 |       6.083544e-01 |   2.805601e+01 |   2.800129e+01 |  -1.400000e+00 |
|   3.400000e-02 |       6.107739e-01 |       6.084592e-01 |   2.805418e+01 |   2.800124e+01 |  -1.400000e+00 |
|   3.500000e-02 |       6.107994e-01 |       6.085606e-01 |   2.805240e+01 |   2.800120e+01 |  -1.400000e+00 |
|   3.600000e-02 |       6.108241e-01 |       6.086587e-01 |   2.805068e+01 |   2.800116e+01 |  -1.400000e+00 |
|   3.700000e-02 |       6.108480e-01 |       6.087537e-01 |   2.804902e+01 |   2.800113e+01 |  -1.400000e+00 |
|   3.800000e-02 |       6.108711e-01 |       6.088456e-01 |   2.804741e+01 |   2.800109e+01 |  -1.400000e+00 |
|   3.900000e-02 |       6.108935e-01 |       6.089345e-01 |   2.804585e+01 |   2.800105e+01 |  -1.400000e+00 |
+----------------+--------------------+--------------------+----------------+----------------+----------------+


Time Step 40, time = 0.04, dt = 0.001
 * Nonlinear |R| = [32m9.557396e-03[39m (Before preset BCs, predictors, correctors, and constraints)
 0 Nonlinear |R| = [32m9.557396e-03[39m
      0 Linear |R| = [32m9.557396e-03[39m
      1 Linear |R| = [32m3.467543e-03[39m
      2 Linear |R| = [32m3.059139e-03[39m
      3 Linear |R| = [32m5.394633e-05[39m
      4 Linear |R| = [32m1.642960e-05[39m
      5 Linear |R| = [32m1.174964e-05[39m
      6 Linear |R| = [32m1.440411e-06[39m
      7 Linear |R| = [32m1.933253e-07[39m
      8 Linear |R| = [32m2.374067e-08[39m
      9 Linear |R| = [32m1.724157e-08[39m
     10 Linear |R| = [32m8.518341e-09[39m
     11 Linear |R| = [32m1.722762e-09[39m
     12 Linear |R| = [32m4.245980e-10[39m
     13 Linear |R| = [32m1.197991e-10[39m
     14 Linear |R| = [32m1.426611e-11[39m
     15 Linear |R| = [32m1.133317e-12[39m
 1 Nonlinear |R| = [32m2.311685e-06[39m
      0 Linear |R| = [32m2.311685e-06[39m
      1 Linear |R| = [32m4.307736e-07[39m
      2 Linear |R| = [32m1.376081e-08[39m
      3 Linear |R| = [32m7.367708e-09[39m
      4 Linear |R| = [32m2.418233e-09[39m
      5 Linear |R| = [32m2.177214e-09[39m
      6 Linear |R| = [32m6.197783e-10[39m
      7 Linear |R| = [32m7.184262e-11[39m
      8 Linear |R| = [32m7.614235e-12[39m
      9 Linear |R| = [32m6.810844e-12[39m
     10 Linear |R| = [32m3.038780e-12[39m
     11 Linear |R| = [32m2.172348e-13[39m
     12 Linear |R| = [32m7.188701e-14[39m
     13 Linear |R| = [32m4.560187e-14[39m
     14 Linear |R| = [32m3.466221e-15[39m
     15 Linear |R| = [32m4.397455e-16[39m
 2 Nonlinear |R| = [32m6.879607e-12[39m
[32m Solve Converged![39m

Outlier Variable Residual Norms:
  uy: [33m6.084990e-12[39m

Postprocessor Values:
+----------------+----------------+----------------+----------------+----------------+----------------+----------------+
| time           | J_max          | J_min          | Jbar_max       | Jbar_min       | center_pressure| edge_ux        |
+----------------+----------------+----------------+----------------+----------------+----------------+----------------+
:                :                :                :                :                :                :                :
|   2.600000e-02 |   9.746566e-01 |   9.705022e-01 |   9.875445e-01 |   9.868675e-01 |   1.229993e-01 |   6.455974e-03 |
|   2.700000e-02 |   9.744321e-01 |   9.704147e-01 |   9.875093e-01 |   9.868539e-01 |   1.189977e-01 |   6.273259e-03 |
|   2.800000e-02 |   9.742149e-01 |   9.703301e-01 |   9.874752e-01 |   9.868407e-01 |   1.151215e-01 |   6.096506e-03 |
|   2.900000e-02 |   9.740047e-01 |   9.702482e-01 |   9.874423e-01 |   9.868280e-01 |   1.113677e-01 |   5.925522e-03 |
|   3.000000e-02 |   9.738014e-01 |   9.701691e-01 |   9.874104e-01 |   9.868158e-01 |   1.077328e-01 |   5.760117e-03 |
|   3.100000e-02 |   9.736048e-01 |   9.700925e-01 |   9.873796e-01 |   9.868041e-01 |   1.042135e-01 |   5.600112e-03 |
|   3.200000e-02 |   9.734145e-01 |   9.700184e-01 |   9.873498e-01 |   9.867927e-01 |   1.008065e-01 |   5.445332e-03 |
|   3.300000e-02 |   9.732305e-01 |   9.699467e-01 |   9.873209e-01 |   9.867817e-01 |   9.750836e-02 |   5.295609e-03 |
|   3.400000e-02 |   9.730524e-01 |   9.698774e-01 |   9.872930e-01 |   9.867712e-01 |   9.431595e-02 |   5.150779e-03 |
|   3.500000e-02 |   9.728803e-01 |   9.698103e-01 |   9.872660e-01 |   9.867610e-01 |   9.122604e-02 |   5.010686e-03 |
|   3.600000e-02 |   9.727137e-01 |   9.697455e-01 |   9.872399e-01 |   9.867512e-01 |   8.823552e-02 |   4.875176e-03 |
|   3.700000e-02 |   9.725526e-01 |   9.696827e-01 |   9.872146e-01 |   9.867417e-01 |   8.534132e-02 |   4.744102e-03 |
|   3.800000e-02 |   9.723969e-01 |   9.696220e-01 |   9.871902e-01 |   9.867325e-01 |   8.254049e-02 |   4.617322e-03 |
|   3.900000e-02 |   9.722462e-01 |   9.695633e-01 |   9.871665e-01 |   9.867237e-01 |   7.983012e-02 |   4.494697e-03 |
|   4.000000e-02 |   9.721005e-01 |   9.695065e-01 |   9.871436e-01 |   9.867152e-01 |   7.720739e-02 |   4.376093e-03 |
+----------------+----------------+----------------+----------------+----------------+----------------+----------------+
+----------------+----------------+----------------+------------------+----------------+----------------+
| time           | mass           | mass_reaction  | outflow_gradient | platen_max     | platen_min     |
+----------------+----------------+----------------+------------------+----------------+----------------+
:                :                :                :                  :                :                :
|   2.600000e-02 |   1.538588e-01 |  -1.188693e-01 |     1.165075e-01 |  -5.999897e-03 |  -5.999897e-03 |
|   2.700000e-02 |   1.537439e-01 |  -1.149525e-01 |     1.126728e-01 |  -6.016977e-03 |  -6.016977e-03 |
|   2.800000e-02 |   1.536327e-01 |  -1.111672e-01 |     1.089665e-01 |  -6.033500e-03 |  -6.033500e-03 |
|   2.900000e-02 |   1.535252e-01 |  -1.075080e-01 |     1.053831e-01 |  -6.049485e-03 |  -6.049485e-03 |
|   3.000000e-02 |   1.534213e-01 |  -1.039698e-01 |     1.019180e-01 |  -6.064947e-03 |  -6.064947e-03 |
|   3.100000e-02 |   1.533207e-01 |  -1.005481e-01 |     9.856666e-02 |  -6.079906e-03 |  -6.079906e-03 |
|   3.200000e-02 |   1.532235e-01 |  -9.723867e-02 |     9.532508e-02 |  -6.094376e-03 |  -6.094376e-03 |
|   3.300000e-02 |   1.531294e-01 |  -9.403762e-02 |     9.218942e-02 |  -6.108374e-03 |  -6.108374e-03 |
|   3.400000e-02 |   1.530385e-01 |  -9.094122e-02 |     8.915610e-02 |  -6.121915e-03 |  -6.121915e-03 |
|   3.500000e-02 |   1.529505e-01 |  -8.794595e-02 |     8.622170e-02 |  -6.135013e-03 |  -6.135013e-03 |
|   3.600000e-02 |   1.528655e-01 |  -8.504848e-02 |     8.338294e-02 |  -6.147683e-03 |  -6.147683e-03 |
|   3.700000e-02 |   1.527832e-01 |  -8.224558e-02 |     8.063671e-02 |  -6.159939e-03 |  -6.159939e-03 |
|   3.800000e-02 |   1.527037e-01 |  -7.953417e-02 |     7.798000e-02 |  -6.171793e-03 |  -6.171793e-03 |
|   3.900000e-02 |   1.526268e-01 |  -7.691128e-02 |     7.540991e-02 |  -6.183259e-03 |  -6.183259e-03 |
|   4.000000e-02 |   1.525524e-01 |  -7.437406e-02 |     7.292366e-02 |  -6.194349e-03 |  -6.194349e-03 |
+----------------+----------------+----------------+------------------+----------------+----------------+
+----------------+--------------------+--------------------+----------------+----------------+----------------+
| time           | solid_fraction_max | solid_fraction_min | stability_max  | stability_min  | top_reaction   |
+----------------+--------------------+--------------------+----------------+----------------+----------------+
:                :                    :                    :                :                :                :
|   2.600000e-02 |       6.105362e-01 |       6.075171e-01 |   2.807066e+01 |   2.800163e+01 |  -1.400000e+00 |
|   2.700000e-02 |       6.105695e-01 |       6.076486e-01 |   2.806836e+01 |   2.800157e+01 |  -1.400000e+00 |
|   2.800000e-02 |       6.106016e-01 |       6.077760e-01 |   2.806613e+01 |   2.800152e+01 |  -1.400000e+00 |
|   2.900000e-02 |       6.106328e-01 |       6.078993e-01 |   2.806398e+01 |   2.800147e+01 |  -1.400000e+00 |
|   3.000000e-02 |       6.106629e-01 |       6.080187e-01 |   2.806189e+01 |   2.800142e+01 |  -1.400000e+00 |
|   3.100000e-02 |       6.106920e-01 |       6.081343e-01 |   2.805986e+01 |   2.800138e+01 |  -1.400000e+00 |
|   3.200000e-02 |       6.107202e-01 |       6.082461e-01 |   2.805791e+01 |   2.800133e+01 |  -1.400000e+00 |
|   3.300000e-02 |       6.107475e-01 |       6.083544e-01 |   2.805601e+01 |   2.800129e+01 |  -1.400000e+00 |
|   3.400000e-02 |       6.107739e-01 |       6.084592e-01 |   2.805418e+01 |   2.800124e+01 |  -1.400000e+00 |
|   3.500000e-02 |       6.107994e-01 |       6.085606e-01 |   2.805240e+01 |   2.800120e+01 |  -1.400000e+00 |
|   3.600000e-02 |       6.108241e-01 |       6.086587e-01 |   2.805068e+01 |   2.800116e+01 |  -1.400000e+00 |
|   3.700000e-02 |       6.108480e-01 |       6.087537e-01 |   2.804902e+01 |   2.800113e+01 |  -1.400000e+00 |
|   3.800000e-02 |       6.108711e-01 |       6.088456e-01 |   2.804741e+01 |   2.800109e+01 |  -1.400000e+00 |
|   3.900000e-02 |       6.108935e-01 |       6.089345e-01 |   2.804585e+01 |   2.800105e+01 |  -1.400000e+00 |
|   4.000000e-02 |       6.109151e-01 |       6.090205e-01 |   2.804435e+01 |   2.800102e+01 |  -1.400000e+00 |
+----------------+--------------------+--------------------+----------------+----------------+----------------+


Time Step 41, time = 0.041, dt = 0.001
 * Nonlinear |R| = [32m9.241887e-03[39m (Before preset BCs, predictors, correctors, and constraints)
 0 Nonlinear |R| = [32m9.241887e-03[39m
      0 Linear |R| = [32m9.241887e-03[39m
      1 Linear |R| = [32m3.354060e-03[39m
      2 Linear |R| = [32m2.959246e-03[39m
      3 Linear |R| = [32m5.217525e-05[39m
      4 Linear |R| = [32m1.589090e-05[39m
      5 Linear |R| = [32m1.159261e-05[39m
      6 Linear |R| = [32m1.393226e-06[39m
      7 Linear |R| = [32m1.869860e-07[39m
      8 Linear |R| = [32m2.194643e-08[39m
      9 Linear |R| = [32m1.666926e-08[39m
     10 Linear |R| = [32m8.223786e-09[39m
     11 Linear |R| = [32m1.665963e-09[39m
     12 Linear |R| = [32m2.273551e-10[39m
     13 Linear |R| = [32m1.158669e-10[39m
     14 Linear |R| = [32m1.379404e-11[39m
     15 Linear |R| = [32m1.010739e-12[39m
 1 Nonlinear |R| = [32m2.160113e-06[39m
      0 Linear |R| = [32m2.160113e-06[39m
      1 Linear |R| = [32m4.038246e-07[39m
      2 Linear |R| = [32m1.110675e-08[39m
      3 Linear |R| = [32m6.877116e-09[39m
      4 Linear |R| = [32m2.243868e-09[39m
      5 Linear |R| = [32m2.006140e-09[39m
      6 Linear |R| = [32m5.538537e-10[39m
      7 Linear |R| = [32m6.171237e-11[39m
      8 Linear |R| = [32m7.812395e-12[39m
      9 Linear |R| = [32m6.928174e-12[39m
     10 Linear |R| = [32m4.165970e-12[39m
     11 Linear |R| = [32m1.660545e-13[39m
     12 Linear |R| = [32m5.894739e-14[39m
     13 Linear |R| = [32m3.567864e-14[39m
     14 Linear |R| = [32m2.739861e-15[39m
     15 Linear |R| = [32m3.881784e-16[39m
 2 Nonlinear |R| = [32m6.566708e-12[39m
[32m Solve Converged![39m

Outlier Variable Residual Norms:
  uy: [33m5.527519e-12[39m

Postprocessor Values:
+----------------+----------------+----------------+----------------+----------------+----------------+----------------+
| time           | J_max          | J_min          | Jbar_max       | Jbar_min       | center_pressure| edge_ux        |
+----------------+----------------+----------------+----------------+----------------+----------------+----------------+
:                :                :                :                :                :                :                :
|   2.700000e-02 |   9.744321e-01 |   9.704147e-01 |   9.875093e-01 |   9.868539e-01 |   1.189977e-01 |   6.273259e-03 |
|   2.800000e-02 |   9.742149e-01 |   9.703301e-01 |   9.874752e-01 |   9.868407e-01 |   1.151215e-01 |   6.096506e-03 |
|   2.900000e-02 |   9.740047e-01 |   9.702482e-01 |   9.874423e-01 |   9.868280e-01 |   1.113677e-01 |   5.925522e-03 |
|   3.000000e-02 |   9.738014e-01 |   9.701691e-01 |   9.874104e-01 |   9.868158e-01 |   1.077328e-01 |   5.760117e-03 |
|   3.100000e-02 |   9.736048e-01 |   9.700925e-01 |   9.873796e-01 |   9.868041e-01 |   1.042135e-01 |   5.600112e-03 |
|   3.200000e-02 |   9.734145e-01 |   9.700184e-01 |   9.873498e-01 |   9.867927e-01 |   1.008065e-01 |   5.445332e-03 |
|   3.300000e-02 |   9.732305e-01 |   9.699467e-01 |   9.873209e-01 |   9.867817e-01 |   9.750836e-02 |   5.295609e-03 |
|   3.400000e-02 |   9.730524e-01 |   9.698774e-01 |   9.872930e-01 |   9.867712e-01 |   9.431595e-02 |   5.150779e-03 |
|   3.500000e-02 |   9.728803e-01 |   9.698103e-01 |   9.872660e-01 |   9.867610e-01 |   9.122604e-02 |   5.010686e-03 |
|   3.600000e-02 |   9.727137e-01 |   9.697455e-01 |   9.872399e-01 |   9.867512e-01 |   8.823552e-02 |   4.875176e-03 |
|   3.700000e-02 |   9.725526e-01 |   9.696827e-01 |   9.872146e-01 |   9.867417e-01 |   8.534132e-02 |   4.744102e-03 |
|   3.800000e-02 |   9.723969e-01 |   9.696220e-01 |   9.871902e-01 |   9.867325e-01 |   8.254049e-02 |   4.617322e-03 |
|   3.900000e-02 |   9.722462e-01 |   9.695633e-01 |   9.871665e-01 |   9.867237e-01 |   7.983012e-02 |   4.494697e-03 |
|   4.000000e-02 |   9.721005e-01 |   9.695065e-01 |   9.871436e-01 |   9.867152e-01 |   7.720739e-02 |   4.376093e-03 |
|   4.100000e-02 |   9.719596e-01 |   9.694516e-01 |   9.871215e-01 |   9.867069e-01 |   7.466957e-02 |   4.261379e-03 |
+----------------+----------------+----------------+----------------+----------------+----------------+----------------+
+----------------+----------------+----------------+------------------+----------------+----------------+
| time           | mass           | mass_reaction  | outflow_gradient | platen_max     | platen_min     |
+----------------+----------------+----------------+------------------+----------------+----------------+
:                :                :                :                  :                :                :
|   2.700000e-02 |   1.537439e-01 |  -1.149525e-01 |     1.126728e-01 |  -6.016977e-03 |  -6.016977e-03 |
|   2.800000e-02 |   1.536327e-01 |  -1.111672e-01 |     1.089665e-01 |  -6.033500e-03 |  -6.033500e-03 |
|   2.900000e-02 |   1.535252e-01 |  -1.075080e-01 |     1.053831e-01 |  -6.049485e-03 |  -6.049485e-03 |
|   3.000000e-02 |   1.534213e-01 |  -1.039698e-01 |     1.019180e-01 |  -6.064947e-03 |  -6.064947e-03 |
|   3.100000e-02 |   1.533207e-01 |  -1.005481e-01 |     9.856666e-02 |  -6.079906e-03 |  -6.079906e-03 |
|   3.200000e-02 |   1.532235e-01 |  -9.723867e-02 |     9.532508e-02 |  -6.094376e-03 |  -6.094376e-03 |
|   3.300000e-02 |   1.531294e-01 |  -9.403762e-02 |     9.218942e-02 |  -6.108374e-03 |  -6.108374e-03 |
|   3.400000e-02 |   1.530385e-01 |  -9.094122e-02 |     8.915610e-02 |  -6.121915e-03 |  -6.121915e-03 |
|   3.500000e-02 |   1.529505e-01 |  -8.794595e-02 |     8.622170e-02 |  -6.135013e-03 |  -6.135013e-03 |
|   3.600000e-02 |   1.528655e-01 |  -8.504848e-02 |     8.338294e-02 |  -6.147683e-03 |  -6.147683e-03 |
|   3.700000e-02 |   1.527832e-01 |  -8.224558e-02 |     8.063671e-02 |  -6.159939e-03 |  -6.159939e-03 |
|   3.800000e-02 |   1.527037e-01 |  -7.953417e-02 |     7.798000e-02 |  -6.171793e-03 |  -6.171793e-03 |
|   3.900000e-02 |   1.526268e-01 |  -7.691128e-02 |     7.540991e-02 |  -6.183259e-03 |  -6.183259e-03 |
|   4.000000e-02 |   1.525524e-01 |  -7.437406e-02 |     7.292366e-02 |  -6.194349e-03 |  -6.194349e-03 |
|   4.100000e-02 |   1.524805e-01 |  -7.191973e-02 |     7.051854e-02 |  -6.205075e-03 |  -6.205075e-03 |
+----------------+----------------+----------------+------------------+----------------+----------------+
+----------------+--------------------+--------------------+----------------+----------------+----------------+
| time           | solid_fraction_max | solid_fraction_min | stability_max  | stability_min  | top_reaction   |
+----------------+--------------------+--------------------+----------------+----------------+----------------+
:                :                    :                    :                :                :                :
|   2.700000e-02 |       6.105695e-01 |       6.076486e-01 |   2.806836e+01 |   2.800157e+01 |  -1.400000e+00 |
|   2.800000e-02 |       6.106016e-01 |       6.077760e-01 |   2.806613e+01 |   2.800152e+01 |  -1.400000e+00 |
|   2.900000e-02 |       6.106328e-01 |       6.078993e-01 |   2.806398e+01 |   2.800147e+01 |  -1.400000e+00 |
|   3.000000e-02 |       6.106629e-01 |       6.080187e-01 |   2.806189e+01 |   2.800142e+01 |  -1.400000e+00 |
|   3.100000e-02 |       6.106920e-01 |       6.081343e-01 |   2.805986e+01 |   2.800138e+01 |  -1.400000e+00 |
|   3.200000e-02 |       6.107202e-01 |       6.082461e-01 |   2.805791e+01 |   2.800133e+01 |  -1.400000e+00 |
|   3.300000e-02 |       6.107475e-01 |       6.083544e-01 |   2.805601e+01 |   2.800129e+01 |  -1.400000e+00 |
|   3.400000e-02 |       6.107739e-01 |       6.084592e-01 |   2.805418e+01 |   2.800124e+01 |  -1.400000e+00 |
|   3.500000e-02 |       6.107994e-01 |       6.085606e-01 |   2.805240e+01 |   2.800120e+01 |  -1.400000e+00 |
|   3.600000e-02 |       6.108241e-01 |       6.086587e-01 |   2.805068e+01 |   2.800116e+01 |  -1.400000e+00 |
|   3.700000e-02 |       6.108480e-01 |       6.087537e-01 |   2.804902e+01 |   2.800113e+01 |  -1.400000e+00 |
|   3.800000e-02 |       6.108711e-01 |       6.088456e-01 |   2.804741e+01 |   2.800109e+01 |  -1.400000e+00 |
|   3.900000e-02 |       6.108935e-01 |       6.089345e-01 |   2.804585e+01 |   2.800105e+01 |  -1.400000e+00 |
|   4.000000e-02 |       6.109151e-01 |       6.090205e-01 |   2.804435e+01 |   2.800102e+01 |  -1.400000e+00 |
|   4.100000e-02 |       6.109360e-01 |       6.091037e-01 |   2.804289e+01 |   2.800098e+01 |  -1.400000e+00 |
+----------------+--------------------+--------------------+----------------+----------------+----------------+


Time Step 42, time = 0.042, dt = 0.001
 * Nonlinear |R| = [32m8.936695e-03[39m (Before preset BCs, predictors, correctors, and constraints)
 0 Nonlinear |R| = [32m8.936695e-03[39m
      0 Linear |R| = [32m8.936695e-03[39m
      1 Linear |R| = [32m3.244225e-03[39m
      2 Linear |R| = [32m2.862548e-03[39m
      3 Linear |R| = [32m5.046173e-05[39m
      4 Linear |R| = [32m1.536386e-05[39m
      5 Linear |R| = [32m1.047245e-05[39m
      6 Linear |R| = [32m1.347517e-06[39m
      7 Linear |R| = [32m1.808430e-07[39m
      8 Linear |R| = [32m2.379377e-08[39m
      9 Linear |R| = [32m1.612133e-08[39m
     10 Linear |R| = [32m7.952626e-09[39m
     11 Linear |R| = [32m1.611248e-09[39m
     12 Linear |R| = [32m2.468520e-10[39m
     13 Linear |R| = [32m1.120634e-10[39m
     14 Linear |R| = [32m1.333675e-11[39m
     15 Linear |R| = [32m9.968856e-13[39m
 1 Nonlinear |R| = [32m2.021434e-06[39m
      0 Linear |R| = [32m2.021434e-06[39m
      1 Linear |R| = [32m3.793794e-07[39m
      2 Linear |R| = [32m1.090248e-08[39m
      3 Linear |R| = [32m6.418820e-09[39m
      4 Linear |R| = [32m2.101652e-09[39m
      5 Linear |R| = [32m1.913345e-09[39m
      6 Linear |R| = [32m5.243351e-10[39m
      7 Linear |R| = [32m6.148917e-11[39m
      8 Linear |R| = [32m8.738224e-12[39m
      9 Linear |R| = [32m5.854775e-12[39m
     10 Linear |R| = [32m2.905080e-12[39m
     11 Linear |R| = [32m1.911607e-13[39m
     12 Linear |R| = [32m9.205768e-14[39m
     13 Linear |R| = [32m3.606430e-14[39m
     14 Linear |R| = [32m3.118595e-15[39m
     15 Linear |R| = [32m3.603284e-16[39m
 2 Nonlinear |R| = [32m6.880186e-12[39m
[32m Solve Converged![39m

Outlier Variable Residual Norms:
  uy: [33m5.999918e-12[39m

Postprocessor Values:
+----------------+----------------+----------------+----------------+----------------+----------------+----------------+
| time           | J_max          | J_min          | Jbar_max       | Jbar_min       | center_pressure| edge_ux        |
+----------------+----------------+----------------+----------------+----------------+----------------+----------------+
:                :                :                :                :                :                :                :
|   2.800000e-02 |   9.742149e-01 |   9.703301e-01 |   9.874752e-01 |   9.868407e-01 |   1.151215e-01 |   6.096506e-03 |
|   2.900000e-02 |   9.740047e-01 |   9.702482e-01 |   9.874423e-01 |   9.868280e-01 |   1.113677e-01 |   5.925522e-03 |
|   3.000000e-02 |   9.738014e-01 |   9.701691e-01 |   9.874104e-01 |   9.868158e-01 |   1.077328e-01 |   5.760117e-03 |
|   3.100000e-02 |   9.736048e-01 |   9.700925e-01 |   9.873796e-01 |   9.868041e-01 |   1.042135e-01 |   5.600112e-03 |
|   3.200000e-02 |   9.734145e-01 |   9.700184e-01 |   9.873498e-01 |   9.867927e-01 |   1.008065e-01 |   5.445332e-03 |
|   3.300000e-02 |   9.732305e-01 |   9.699467e-01 |   9.873209e-01 |   9.867817e-01 |   9.750836e-02 |   5.295609e-03 |
|   3.400000e-02 |   9.730524e-01 |   9.698774e-01 |   9.872930e-01 |   9.867712e-01 |   9.431595e-02 |   5.150779e-03 |
|   3.500000e-02 |   9.728803e-01 |   9.698103e-01 |   9.872660e-01 |   9.867610e-01 |   9.122604e-02 |   5.010686e-03 |
|   3.600000e-02 |   9.727137e-01 |   9.697455e-01 |   9.872399e-01 |   9.867512e-01 |   8.823552e-02 |   4.875176e-03 |
|   3.700000e-02 |   9.725526e-01 |   9.696827e-01 |   9.872146e-01 |   9.867417e-01 |   8.534132e-02 |   4.744102e-03 |
|   3.800000e-02 |   9.723969e-01 |   9.696220e-01 |   9.871902e-01 |   9.867325e-01 |   8.254049e-02 |   4.617322e-03 |
|   3.900000e-02 |   9.722462e-01 |   9.695633e-01 |   9.871665e-01 |   9.867237e-01 |   7.983012e-02 |   4.494697e-03 |
|   4.000000e-02 |   9.721005e-01 |   9.695065e-01 |   9.871436e-01 |   9.867152e-01 |   7.720739e-02 |   4.376093e-03 |
|   4.100000e-02 |   9.719596e-01 |   9.694516e-01 |   9.871215e-01 |   9.867069e-01 |   7.466957e-02 |   4.261379e-03 |
|   4.200000e-02 |   9.718233e-01 |   9.693985e-01 |   9.871001e-01 |   9.866990e-01 |   7.221400e-02 |   4.150431e-03 |
+----------------+----------------+----------------+----------------+----------------+----------------+----------------+
+----------------+----------------+----------------+------------------+----------------+----------------+
| time           | mass           | mass_reaction  | outflow_gradient | platen_max     | platen_min     |
+----------------+----------------+----------------+------------------+----------------+----------------+
:                :                :                :                  :                :                :
|   2.800000e-02 |   1.536327e-01 |  -1.111672e-01 |     1.089665e-01 |  -6.033500e-03 |  -6.033500e-03 |
|   2.900000e-02 |   1.535252e-01 |  -1.075080e-01 |     1.053831e-01 |  -6.049485e-03 |  -6.049485e-03 |
|   3.000000e-02 |   1.534213e-01 |  -1.039698e-01 |     1.019180e-01 |  -6.064947e-03 |  -6.064947e-03 |
|   3.100000e-02 |   1.533207e-01 |  -1.005481e-01 |     9.856666e-02 |  -6.079906e-03 |  -6.079906e-03 |
|   3.200000e-02 |   1.532235e-01 |  -9.723867e-02 |     9.532508e-02 |  -6.094376e-03 |  -6.094376e-03 |
|   3.300000e-02 |   1.531294e-01 |  -9.403762e-02 |     9.218942e-02 |  -6.108374e-03 |  -6.108374e-03 |
|   3.400000e-02 |   1.530385e-01 |  -9.094122e-02 |     8.915610e-02 |  -6.121915e-03 |  -6.121915e-03 |
|   3.500000e-02 |   1.529505e-01 |  -8.794595e-02 |     8.622170e-02 |  -6.135013e-03 |  -6.135013e-03 |
|   3.600000e-02 |   1.528655e-01 |  -8.504848e-02 |     8.338294e-02 |  -6.147683e-03 |  -6.147683e-03 |
|   3.700000e-02 |   1.527832e-01 |  -8.224558e-02 |     8.063671e-02 |  -6.159939e-03 |  -6.159939e-03 |
|   3.800000e-02 |   1.527037e-01 |  -7.953417e-02 |     7.798000e-02 |  -6.171793e-03 |  -6.171793e-03 |
|   3.900000e-02 |   1.526268e-01 |  -7.691128e-02 |     7.540991e-02 |  -6.183259e-03 |  -6.183259e-03 |
|   4.000000e-02 |   1.525524e-01 |  -7.437406e-02 |     7.292366e-02 |  -6.194349e-03 |  -6.194349e-03 |
|   4.100000e-02 |   1.524805e-01 |  -7.191973e-02 |     7.051854e-02 |  -6.205075e-03 |  -6.205075e-03 |
|   4.200000e-02 |   1.524110e-01 |  -6.954563e-02 |     6.819195e-02 |  -6.215450e-03 |  -6.215450e-03 |
+----------------+----------------+----------------+------------------+----------------+----------------+
+----------------+--------------------+--------------------+----------------+----------------+----------------+
| time           | solid_fraction_max | solid_fraction_min | stability_max  | stability_min  | top_reaction   |
+----------------+--------------------+--------------------+----------------+----------------+----------------+
:                :                    :                    :                :                :                :
|   2.800000e-02 |       6.106016e-01 |       6.077760e-01 |   2.806613e+01 |   2.800152e+01 |  -1.400000e+00 |
|   2.900000e-02 |       6.106328e-01 |       6.078993e-01 |   2.806398e+01 |   2.800147e+01 |  -1.400000e+00 |
|   3.000000e-02 |       6.106629e-01 |       6.080187e-01 |   2.806189e+01 |   2.800142e+01 |  -1.400000e+00 |
|   3.100000e-02 |       6.106920e-01 |       6.081343e-01 |   2.805986e+01 |   2.800138e+01 |  -1.400000e+00 |
|   3.200000e-02 |       6.107202e-01 |       6.082461e-01 |   2.805791e+01 |   2.800133e+01 |  -1.400000e+00 |
|   3.300000e-02 |       6.107475e-01 |       6.083544e-01 |   2.805601e+01 |   2.800129e+01 |  -1.400000e+00 |
|   3.400000e-02 |       6.107739e-01 |       6.084592e-01 |   2.805418e+01 |   2.800124e+01 |  -1.400000e+00 |
|   3.500000e-02 |       6.107994e-01 |       6.085606e-01 |   2.805240e+01 |   2.800120e+01 |  -1.400000e+00 |
|   3.600000e-02 |       6.108241e-01 |       6.086587e-01 |   2.805068e+01 |   2.800116e+01 |  -1.400000e+00 |
|   3.700000e-02 |       6.108480e-01 |       6.087537e-01 |   2.804902e+01 |   2.800113e+01 |  -1.400000e+00 |
|   3.800000e-02 |       6.108711e-01 |       6.088456e-01 |   2.804741e+01 |   2.800109e+01 |  -1.400000e+00 |
|   3.900000e-02 |       6.108935e-01 |       6.089345e-01 |   2.804585e+01 |   2.800105e+01 |  -1.400000e+00 |
|   4.000000e-02 |       6.109151e-01 |       6.090205e-01 |   2.804435e+01 |   2.800102e+01 |  -1.400000e+00 |
|   4.100000e-02 |       6.109360e-01 |       6.091037e-01 |   2.804289e+01 |   2.800098e+01 |  -1.400000e+00 |
|   4.200000e-02 |       6.109563e-01 |       6.091842e-01 |   2.804148e+01 |   2.800095e+01 |  -1.400000e+00 |
+----------------+--------------------+--------------------+----------------+----------------+----------------+


Time Step 43, time = 0.043, dt = 0.001
 * Nonlinear |R| = [32m8.641487e-03[39m (Before preset BCs, predictors, correctors, and constraints)
 0 Nonlinear |R| = [32m8.641487e-03[39m
      0 Linear |R| = [32m8.641487e-03[39m
      1 Linear |R| = [32m3.137918e-03[39m
      2 Linear |R| = [32m2.768936e-03[39m
      3 Linear |R| = [32m4.880367e-05[39m
      4 Linear |R| = [32m1.486147e-05[39m
      5 Linear |R| = [32m1.060654e-05[39m
      6 Linear |R| = [32m1.303269e-06[39m
      7 Linear |R| = [32m1.749068e-07[39m
      8 Linear |R| = [32m2.510484e-08[39m
      9 Linear |R| = [32m1.558830e-08[39m
     10 Linear |R| = [32m7.681582e-09[39m
     11 Linear |R| = [32m1.558165e-09[39m
     12 Linear |R| = [32m3.573334e-10[39m
     13 Linear |R| = [32m1.083806e-10[39m
     14 Linear |R| = [32m1.289535e-11[39m
     15 Linear |R| = [32m1.054903e-12[39m
 1 Nonlinear |R| = [32m1.888844e-06[39m
      0 Linear |R| = [32m1.888844e-06[39m
      1 Linear |R| = [32m3.546990e-07[39m
      2 Linear |R| = [32m6.877433e-09[39m
      3 Linear |R| = [32m6.142240e-09[39m
      4 Linear |R| = [32m1.988939e-09[39m
      5 Linear |R| = [32m1.812375e-09[39m
      6 Linear |R| = [32m5.065370e-10[39m
      7 Linear |R| = [32m5.771035e-11[39m
      8 Linear |R| = [32m6.222225e-12[39m
      9 Linear |R| = [32m5.336002e-12[39m
     10 Linear |R| = [32m4.793981e-13[39m
     11 Linear |R| = [32m1.087970e-13[39m
     12 Linear |R| = [32m5.363403e-14[39m
     13 Linear |R| = [32m3.673232e-14[39m
     14 Linear |R| = [32m2.875817e-15[39m
     15 Linear |R| = [32m3.418283e-16[39m
 2 Nonlinear |R| = [32m5.990067e-12[39m
[32m Solve Converged![39m

Outlier Variable Residual Norms:
  uy: [33m5.205967e-12[39m

Postprocessor Values:
+----------------+----------------+----------------+----------------+----------------+----------------+----------------+
| time           | J_max          | J_min          | Jbar_max       | Jbar_min       | center_pressure| edge_ux        |
+----------------+----------------+----------------+----------------+----------------+----------------+----------------+
:                :                :                :                :                :                :                :
|   2.900000e-02 |   9.740047e-01 |   9.702482e-01 |   9.874423e-01 |   9.868280e-01 |   1.113677e-01 |   5.925522e-03 |
|   3.000000e-02 |   9.738014e-01 |   9.701691e-01 |   9.874104e-01 |   9.868158e-01 |   1.077328e-01 |   5.760117e-03 |
|   3.100000e-02 |   9.736048e-01 |   9.700925e-01 |   9.873796e-01 |   9.868041e-01 |   1.042135e-01 |   5.600112e-03 |
|   3.200000e-02 |   9.734145e-01 |   9.700184e-01 |   9.873498e-01 |   9.867927e-01 |   1.008065e-01 |   5.445332e-03 |
|   3.300000e-02 |   9.732305e-01 |   9.699467e-01 |   9.873209e-01 |   9.867817e-01 |   9.750836e-02 |   5.295609e-03 |
|   3.400000e-02 |   9.730524e-01 |   9.698774e-01 |   9.872930e-01 |   9.867712e-01 |   9.431595e-02 |   5.150779e-03 |
|   3.500000e-02 |   9.728803e-01 |   9.698103e-01 |   9.872660e-01 |   9.867610e-01 |   9.122604e-02 |   5.010686e-03 |
|   3.600000e-02 |   9.727137e-01 |   9.697455e-01 |   9.872399e-01 |   9.867512e-01 |   8.823552e-02 |   4.875176e-03 |
|   3.700000e-02 |   9.725526e-01 |   9.696827e-01 |   9.872146e-01 |   9.867417e-01 |   8.534132e-02 |   4.744102e-03 |
|   3.800000e-02 |   9.723969e-01 |   9.696220e-01 |   9.871902e-01 |   9.867325e-01 |   8.254049e-02 |   4.617322e-03 |
|   3.900000e-02 |   9.722462e-01 |   9.695633e-01 |   9.871665e-01 |   9.867237e-01 |   7.983012e-02 |   4.494697e-03 |
|   4.000000e-02 |   9.721005e-01 |   9.695065e-01 |   9.871436e-01 |   9.867152e-01 |   7.720739e-02 |   4.376093e-03 |
|   4.100000e-02 |   9.719596e-01 |   9.694516e-01 |   9.871215e-01 |   9.867069e-01 |   7.466957e-02 |   4.261379e-03 |
|   4.200000e-02 |   9.718233e-01 |   9.693985e-01 |   9.871001e-01 |   9.866990e-01 |   7.221400e-02 |   4.150431e-03 |
|   4.300000e-02 |   9.716915e-01 |   9.693471e-01 |   9.870794e-01 |   9.866913e-01 |   6.983808e-02 |   4.043127e-03 |
+----------------+----------------+----------------+----------------+----------------+----------------+----------------+
+----------------+----------------+----------------+------------------+----------------+----------------+
| time           | mass           | mass_reaction  | outflow_gradient | platen_max     | platen_min     |
+----------------+----------------+----------------+------------------+----------------+----------------+
:                :                :                :                  :                :                :
|   2.900000e-02 |   1.535252e-01 |  -1.075080e-01 |     1.053831e-01 |  -6.049485e-03 |  -6.049485e-03 |
|   3.000000e-02 |   1.534213e-01 |  -1.039698e-01 |     1.019180e-01 |  -6.064947e-03 |  -6.064947e-03 |
|   3.100000e-02 |   1.533207e-01 |  -1.005481e-01 |     9.856666e-02 |  -6.079906e-03 |  -6.079906e-03 |
|   3.200000e-02 |   1.532235e-01 |  -9.723867e-02 |     9.532508e-02 |  -6.094376e-03 |  -6.094376e-03 |
|   3.300000e-02 |   1.531294e-01 |  -9.403762e-02 |     9.218942e-02 |  -6.108374e-03 |  -6.108374e-03 |
|   3.400000e-02 |   1.530385e-01 |  -9.094122e-02 |     8.915610e-02 |  -6.121915e-03 |  -6.121915e-03 |
|   3.500000e-02 |   1.529505e-01 |  -8.794595e-02 |     8.622170e-02 |  -6.135013e-03 |  -6.135013e-03 |
|   3.600000e-02 |   1.528655e-01 |  -8.504848e-02 |     8.338294e-02 |  -6.147683e-03 |  -6.147683e-03 |
|   3.700000e-02 |   1.527832e-01 |  -8.224558e-02 |     8.063671e-02 |  -6.159939e-03 |  -6.159939e-03 |
|   3.800000e-02 |   1.527037e-01 |  -7.953417e-02 |     7.798000e-02 |  -6.171793e-03 |  -6.171793e-03 |
|   3.900000e-02 |   1.526268e-01 |  -7.691128e-02 |     7.540991e-02 |  -6.183259e-03 |  -6.183259e-03 |
|   4.000000e-02 |   1.525524e-01 |  -7.437406e-02 |     7.292366e-02 |  -6.194349e-03 |  -6.194349e-03 |
|   4.100000e-02 |   1.524805e-01 |  -7.191973e-02 |     7.051854e-02 |  -6.205075e-03 |  -6.205075e-03 |
|   4.200000e-02 |   1.524110e-01 |  -6.954563e-02 |     6.819195e-02 |  -6.215450e-03 |  -6.215450e-03 |
|   4.300000e-02 |   1.523437e-01 |  -6.724917e-02 |     6.594136e-02 |  -6.225484e-03 |  -6.225484e-03 |
+----------------+----------------+----------------+------------------+----------------+----------------+
+----------------+--------------------+--------------------+----------------+----------------+----------------+
| time           | solid_fraction_max | solid_fraction_min | stability_max  | stability_min  | top_reaction   |
+----------------+--------------------+--------------------+----------------+----------------+----------------+
:                :                    :                    :                :                :                :
|   2.900000e-02 |       6.106328e-01 |       6.078993e-01 |   2.806398e+01 |   2.800147e+01 |  -1.400000e+00 |
|   3.000000e-02 |       6.106629e-01 |       6.080187e-01 |   2.806189e+01 |   2.800142e+01 |  -1.400000e+00 |
|   3.100000e-02 |       6.106920e-01 |       6.081343e-01 |   2.805986e+01 |   2.800138e+01 |  -1.400000e+00 |
|   3.200000e-02 |       6.107202e-01 |       6.082461e-01 |   2.805791e+01 |   2.800133e+01 |  -1.400000e+00 |
|   3.300000e-02 |       6.107475e-01 |       6.083544e-01 |   2.805601e+01 |   2.800129e+01 |  -1.400000e+00 |
|   3.400000e-02 |       6.107739e-01 |       6.084592e-01 |   2.805418e+01 |   2.800124e+01 |  -1.400000e+00 |
|   3.500000e-02 |       6.107994e-01 |       6.085606e-01 |   2.805240e+01 |   2.800120e+01 |  -1.400000e+00 |
|   3.600000e-02 |       6.108241e-01 |       6.086587e-01 |   2.805068e+01 |   2.800116e+01 |  -1.400000e+00 |
|   3.700000e-02 |       6.108480e-01 |       6.087537e-01 |   2.804902e+01 |   2.800113e+01 |  -1.400000e+00 |
|   3.800000e-02 |       6.108711e-01 |       6.088456e-01 |   2.804741e+01 |   2.800109e+01 |  -1.400000e+00 |
|   3.900000e-02 |       6.108935e-01 |       6.089345e-01 |   2.804585e+01 |   2.800105e+01 |  -1.400000e+00 |
|   4.000000e-02 |       6.109151e-01 |       6.090205e-01 |   2.804435e+01 |   2.800102e+01 |  -1.400000e+00 |
|   4.100000e-02 |       6.109360e-01 |       6.091037e-01 |   2.804289e+01 |   2.800098e+01 |  -1.400000e+00 |
|   4.200000e-02 |       6.109563e-01 |       6.091842e-01 |   2.804148e+01 |   2.800095e+01 |  -1.400000e+00 |
|   4.300000e-02 |       6.109758e-01 |       6.092621e-01 |   2.804011e+01 |   2.800092e+01 |  -1.400000e+00 |
+----------------+--------------------+--------------------+----------------+----------------+----------------+


Time Step 44, time = 0.044, dt = 0.001
 * Nonlinear |R| = [32m8.355944e-03[39m (Before preset BCs, predictors, correctors, and constraints)
 0 Nonlinear |R| = [32m8.355944e-03[39m
      0 Linear |R| = [32m8.355944e-03[39m
      1 Linear |R| = [32m3.035043e-03[39m
      2 Linear |R| = [32m2.678336e-03[39m
      3 Linear |R| = [32m4.719947e-05[39m
      4 Linear |R| = [32m1.437375e-05[39m
      5 Linear |R| = [32m1.031642e-05[39m
      6 Linear |R| = [32m1.260473e-06[39m
      7 Linear |R| = [32m1.691599e-07[39m
      8 Linear |R| = [32m2.787096e-08[39m
      9 Linear |R| = [32m1.507301e-08[39m
     10 Linear |R| = [32m7.421590e-09[39m
     11 Linear |R| = [32m1.507073e-09[39m
     12 Linear |R| = [32m6.480940e-10[39m
     13 Linear |R| = [32m1.048205e-10[39m
     14 Linear |R| = [32m1.246901e-11[39m
     15 Linear |R| = [32m1.042154e-12[39m
 1 Nonlinear |R| = [32m1.771794e-06[39m
      0 Linear |R| = [32m1.771794e-06[39m
      1 Linear |R| = [32m3.301494e-07[39m
      2 Linear |R| = [32m1.257823e-08[39m
      3 Linear |R| = [32m5.623421e-09[39m
      4 Linear |R| = [32m1.842204e-09[39m
      5 Linear |R| = [32m1.662050e-09[39m
      6 Linear |R| = [32m4.694011e-10[39m
      7 Linear |R| = [32m5.314222e-11[39m
      8 Linear |R| = [32m7.413537e-12[39m
      9 Linear |R| = [32m5.485250e-12[39m
     10 Linear |R| = [32m3.086494e-12[39m
     11 Linear |R| = [32m1.592359e-13[39m
     12 Linear |R| = [32m7.289587e-14[39m
     13 Linear |R| = [32m3.490288e-14[39m
     14 Linear |R| = [32m2.532281e-15[39m
     15 Linear |R| = [32m3.434249e-16[39m
 2 Nonlinear |R| = [32m5.532451e-12[39m
[32m Solve Converged![39m

Outlier Variable Residual Norms:
  uy: [33m4.663445e-12[39m

Postprocessor Values:
+----------------+----------------+----------------+----------------+----------------+----------------+----------------+
| time           | J_max          | J_min          | Jbar_max       | Jbar_min       | center_pressure| edge_ux        |
+----------------+----------------+----------------+----------------+----------------+----------------+----------------+
:                :                :                :                :                :                :                :
|   3.000000e-02 |   9.738014e-01 |   9.701691e-01 |   9.874104e-01 |   9.868158e-01 |   1.077328e-01 |   5.760117e-03 |
|   3.100000e-02 |   9.736048e-01 |   9.700925e-01 |   9.873796e-01 |   9.868041e-01 |   1.042135e-01 |   5.600112e-03 |
|   3.200000e-02 |   9.734145e-01 |   9.700184e-01 |   9.873498e-01 |   9.867927e-01 |   1.008065e-01 |   5.445332e-03 |
|   3.300000e-02 |   9.732305e-01 |   9.699467e-01 |   9.873209e-01 |   9.867817e-01 |   9.750836e-02 |   5.295609e-03 |
|   3.400000e-02 |   9.730524e-01 |   9.698774e-01 |   9.872930e-01 |   9.867712e-01 |   9.431595e-02 |   5.150779e-03 |
|   3.500000e-02 |   9.728803e-01 |   9.698103e-01 |   9.872660e-01 |   9.867610e-01 |   9.122604e-02 |   5.010686e-03 |
|   3.600000e-02 |   9.727137e-01 |   9.697455e-01 |   9.872399e-01 |   9.867512e-01 |   8.823552e-02 |   4.875176e-03 |
|   3.700000e-02 |   9.725526e-01 |   9.696827e-01 |   9.872146e-01 |   9.867417e-01 |   8.534132e-02 |   4.744102e-03 |
|   3.800000e-02 |   9.723969e-01 |   9.696220e-01 |   9.871902e-01 |   9.867325e-01 |   8.254049e-02 |   4.617322e-03 |
|   3.900000e-02 |   9.722462e-01 |   9.695633e-01 |   9.871665e-01 |   9.867237e-01 |   7.983012e-02 |   4.494697e-03 |
|   4.000000e-02 |   9.721005e-01 |   9.695065e-01 |   9.871436e-01 |   9.867152e-01 |   7.720739e-02 |   4.376093e-03 |
|   4.100000e-02 |   9.719596e-01 |   9.694516e-01 |   9.871215e-01 |   9.867069e-01 |   7.466957e-02 |   4.261379e-03 |
|   4.200000e-02 |   9.718233e-01 |   9.693985e-01 |   9.871001e-01 |   9.866990e-01 |   7.221400e-02 |   4.150431e-03 |
|   4.300000e-02 |   9.716915e-01 |   9.693471e-01 |   9.870794e-01 |   9.866913e-01 |   6.983808e-02 |   4.043127e-03 |
|   4.400000e-02 |   9.715640e-01 |   9.692974e-01 |   9.870594e-01 |   9.866840e-01 |   6.753932e-02 |   3.939348e-03 |
+----------------+----------------+----------------+----------------+----------------+----------------+----------------+
+----------------+----------------+----------------+------------------+----------------+----------------+
| time           | mass           | mass_reaction  | outflow_gradient | platen_max     | platen_min     |
+----------------+----------------+----------------+------------------+----------------+----------------+
:                :                :                :                  :                :                :
|   3.000000e-02 |   1.534213e-01 |  -1.039698e-01 |     1.019180e-01 |  -6.064947e-03 |  -6.064947e-03 |
|   3.100000e-02 |   1.533207e-01 |  -1.005481e-01 |     9.856666e-02 |  -6.079906e-03 |  -6.079906e-03 |
|   3.200000e-02 |   1.532235e-01 |  -9.723867e-02 |     9.532508e-02 |  -6.094376e-03 |  -6.094376e-03 |
|   3.300000e-02 |   1.531294e-01 |  -9.403762e-02 |     9.218942e-02 |  -6.108374e-03 |  -6.108374e-03 |
|   3.400000e-02 |   1.530385e-01 |  -9.094122e-02 |     8.915610e-02 |  -6.121915e-03 |  -6.121915e-03 |
|   3.500000e-02 |   1.529505e-01 |  -8.794595e-02 |     8.622170e-02 |  -6.135013e-03 |  -6.135013e-03 |
|   3.600000e-02 |   1.528655e-01 |  -8.504848e-02 |     8.338294e-02 |  -6.147683e-03 |  -6.147683e-03 |
|   3.700000e-02 |   1.527832e-01 |  -8.224558e-02 |     8.063671e-02 |  -6.159939e-03 |  -6.159939e-03 |
|   3.800000e-02 |   1.527037e-01 |  -7.953417e-02 |     7.798000e-02 |  -6.171793e-03 |  -6.171793e-03 |
|   3.900000e-02 |   1.526268e-01 |  -7.691128e-02 |     7.540991e-02 |  -6.183259e-03 |  -6.183259e-03 |
|   4.000000e-02 |   1.525524e-01 |  -7.437406e-02 |     7.292366e-02 |  -6.194349e-03 |  -6.194349e-03 |
|   4.100000e-02 |   1.524805e-01 |  -7.191973e-02 |     7.051854e-02 |  -6.205075e-03 |  -6.205075e-03 |
|   4.200000e-02 |   1.524110e-01 |  -6.954563e-02 |     6.819195e-02 |  -6.215450e-03 |  -6.215450e-03 |
|   4.300000e-02 |   1.523437e-01 |  -6.724917e-02 |     6.594136e-02 |  -6.225484e-03 |  -6.225484e-03 |
|   4.400000e-02 |   1.522787e-01 |  -6.502785e-02 |     6.376434e-02 |  -6.235188e-03 |  -6.235188e-03 |
+----------------+----------------+----------------+------------------+----------------+----------------+
+----------------+--------------------+--------------------+----------------+----------------+----------------+
| time           | solid_fraction_max | solid_fraction_min | stability_max  | stability_min  | top_reaction   |
+----------------+--------------------+--------------------+----------------+----------------+----------------+
:                :                    :                    :                :                :                :
|   3.000000e-02 |       6.106629e-01 |       6.080187e-01 |   2.806189e+01 |   2.800142e+01 |  -1.400000e+00 |
|   3.100000e-02 |       6.106920e-01 |       6.081343e-01 |   2.805986e+01 |   2.800138e+01 |  -1.400000e+00 |
|   3.200000e-02 |       6.107202e-01 |       6.082461e-01 |   2.805791e+01 |   2.800133e+01 |  -1.400000e+00 |
|   3.300000e-02 |       6.107475e-01 |       6.083544e-01 |   2.805601e+01 |   2.800129e+01 |  -1.400000e+00 |
|   3.400000e-02 |       6.107739e-01 |       6.084592e-01 |   2.805418e+01 |   2.800124e+01 |  -1.400000e+00 |
|   3.500000e-02 |       6.107994e-01 |       6.085606e-01 |   2.805240e+01 |   2.800120e+01 |  -1.400000e+00 |
|   3.600000e-02 |       6.108241e-01 |       6.086587e-01 |   2.805068e+01 |   2.800116e+01 |  -1.400000e+00 |
|   3.700000e-02 |       6.108480e-01 |       6.087537e-01 |   2.804902e+01 |   2.800113e+01 |  -1.400000e+00 |
|   3.800000e-02 |       6.108711e-01 |       6.088456e-01 |   2.804741e+01 |   2.800109e+01 |  -1.400000e+00 |
|   3.900000e-02 |       6.108935e-01 |       6.089345e-01 |   2.804585e+01 |   2.800105e+01 |  -1.400000e+00 |
|   4.000000e-02 |       6.109151e-01 |       6.090205e-01 |   2.804435e+01 |   2.800102e+01 |  -1.400000e+00 |
|   4.100000e-02 |       6.109360e-01 |       6.091037e-01 |   2.804289e+01 |   2.800098e+01 |  -1.400000e+00 |
|   4.200000e-02 |       6.109563e-01 |       6.091842e-01 |   2.804148e+01 |   2.800095e+01 |  -1.400000e+00 |
|   4.300000e-02 |       6.109758e-01 |       6.092621e-01 |   2.804011e+01 |   2.800092e+01 |  -1.400000e+00 |
|   4.400000e-02 |       6.109948e-01 |       6.093375e-01 |   2.803879e+01 |   2.800089e+01 |  -1.400000e+00 |
+----------------+--------------------+--------------------+----------------+----------------+----------------+


Time Step 45, time = 0.045, dt = 0.001
 * Nonlinear |R| = [32m8.079754e-03[39m (Before preset BCs, predictors, correctors, and constraints)
 0 Nonlinear |R| = [32m8.079754e-03[39m
      0 Linear |R| = [32m8.079754e-03[39m
      1 Linear |R| = [32m2.935480e-03[39m
      2 Linear |R| = [32m2.590640e-03[39m
      3 Linear |R| = [32m4.564708e-05[39m
      4 Linear |R| = [32m1.390091e-05[39m
      5 Linear |R| = [32m9.825766e-06[39m
      6 Linear |R| = [32m1.219052e-06[39m
      7 Linear |R| = [32m1.635957e-07[39m
      8 Linear |R| = [32m1.839888e-08[39m
      9 Linear |R| = [32m1.457051e-08[39m
     10 Linear |R| = [32m7.171972e-09[39m
     11 Linear |R| = [32m1.457142e-09[39m
     12 Linear |R| = [32m1.932916e-10[39m
     13 Linear |R| = [32m1.013678e-10[39m
     14 Linear |R| = [32m1.205472e-11[39m
     15 Linear |R| = [32m9.057503e-13[39m
 1 Nonlinear |R| = [32m1.654609e-06[39m
      0 Linear |R| = [32m1.654609e-06[39m
      1 Linear |R| = [32m3.079967e-07[39m
      2 Linear |R| = [32m6.800928e-09[39m
      3 Linear |R| = [32m5.343455e-09[39m
      4 Linear |R| = [32m1.727998e-09[39m
      5 Linear |R| = [32m1.596327e-09[39m
      6 Linear |R| = [32m4.382121e-10[39m
      7 Linear |R| = [32m4.985524e-11[39m
      8 Linear |R| = [32m6.129666e-12[39m
      9 Linear |R| = [32m4.968708e-12[39m
     10 Linear |R| = [32m1.297597e-12[39m
     11 Linear |R| = [32m1.398501e-13[39m
     12 Linear |R| = [32m6.818233e-14[39m
     13 Linear |R| = [32m3.246037e-14[39m
     14 Linear |R| = [32m2.317674e-15[39m
     15 Linear |R| = [32m3.123661e-16[39m
 2 Nonlinear |R| = [32m5.751863e-12[39m
[32m Solve Converged![39m

Outlier Variable Residual Norms:
  uy: [33m4.932054e-12[39m

Postprocessor Values:
+----------------+----------------+----------------+----------------+----------------+----------------+----------------+
| time           | J_max          | J_min          | Jbar_max       | Jbar_min       | center_pressure| edge_ux        |
+----------------+----------------+----------------+----------------+----------------+----------------+----------------+
:                :                :                :                :                :                :                :
|   3.100000e-02 |   9.736048e-01 |   9.700925e-01 |   9.873796e-01 |   9.868041e-01 |   1.042135e-01 |   5.600112e-03 |
|   3.200000e-02 |   9.734145e-01 |   9.700184e-01 |   9.873498e-01 |   9.867927e-01 |   1.008065e-01 |   5.445332e-03 |
|   3.300000e-02 |   9.732305e-01 |   9.699467e-01 |   9.873209e-01 |   9.867817e-01 |   9.750836e-02 |   5.295609e-03 |
|   3.400000e-02 |   9.730524e-01 |   9.698774e-01 |   9.872930e-01 |   9.867712e-01 |   9.431595e-02 |   5.150779e-03 |
|   3.500000e-02 |   9.728803e-01 |   9.698103e-01 |   9.872660e-01 |   9.867610e-01 |   9.122604e-02 |   5.010686e-03 |
|   3.600000e-02 |   9.727137e-01 |   9.697455e-01 |   9.872399e-01 |   9.867512e-01 |   8.823552e-02 |   4.875176e-03 |
|   3.700000e-02 |   9.725526e-01 |   9.696827e-01 |   9.872146e-01 |   9.867417e-01 |   8.534132e-02 |   4.744102e-03 |
|   3.800000e-02 |   9.723969e-01 |   9.696220e-01 |   9.871902e-01 |   9.867325e-01 |   8.254049e-02 |   4.617322e-03 |
|   3.900000e-02 |   9.722462e-01 |   9.695633e-01 |   9.871665e-01 |   9.867237e-01 |   7.983012e-02 |   4.494697e-03 |
|   4.000000e-02 |   9.721005e-01 |   9.695065e-01 |   9.871436e-01 |   9.867152e-01 |   7.720739e-02 |   4.376093e-03 |
|   4.100000e-02 |   9.719596e-01 |   9.694516e-01 |   9.871215e-01 |   9.867069e-01 |   7.466957e-02 |   4.261379e-03 |
|   4.200000e-02 |   9.718233e-01 |   9.693985e-01 |   9.871001e-01 |   9.866990e-01 |   7.221400e-02 |   4.150431e-03 |
|   4.300000e-02 |   9.716915e-01 |   9.693471e-01 |   9.870794e-01 |   9.866913e-01 |   6.983808e-02 |   4.043127e-03 |
|   4.400000e-02 |   9.715640e-01 |   9.692974e-01 |   9.870594e-01 |   9.866840e-01 |   6.753932e-02 |   3.939348e-03 |
|   4.500000e-02 |   9.714408e-01 |   9.692494e-01 |   9.870401e-01 |   9.866768e-01 |   6.531526e-02 |   3.838981e-03 |
+----------------+----------------+----------------+----------------+----------------+----------------+----------------+
+----------------+----------------+----------------+------------------+----------------+----------------+
| time           | mass           | mass_reaction  | outflow_gradient | platen_max     | platen_min     |
+----------------+----------------+----------------+------------------+----------------+----------------+
:                :                :                :                  :                :                :
|   3.100000e-02 |   1.533207e-01 |  -1.005481e-01 |     9.856666e-02 |  -6.079906e-03 |  -6.079906e-03 |
|   3.200000e-02 |   1.532235e-01 |  -9.723867e-02 |     9.532508e-02 |  -6.094376e-03 |  -6.094376e-03 |
|   3.300000e-02 |   1.531294e-01 |  -9.403762e-02 |     9.218942e-02 |  -6.108374e-03 |  -6.108374e-03 |
|   3.400000e-02 |   1.530385e-01 |  -9.094122e-02 |     8.915610e-02 |  -6.121915e-03 |  -6.121915e-03 |
|   3.500000e-02 |   1.529505e-01 |  -8.794595e-02 |     8.622170e-02 |  -6.135013e-03 |  -6.135013e-03 |
|   3.600000e-02 |   1.528655e-01 |  -8.504848e-02 |     8.338294e-02 |  -6.147683e-03 |  -6.147683e-03 |
|   3.700000e-02 |   1.527832e-01 |  -8.224558e-02 |     8.063671e-02 |  -6.159939e-03 |  -6.159939e-03 |
|   3.800000e-02 |   1.527037e-01 |  -7.953417e-02 |     7.798000e-02 |  -6.171793e-03 |  -6.171793e-03 |
|   3.900000e-02 |   1.526268e-01 |  -7.691128e-02 |     7.540991e-02 |  -6.183259e-03 |  -6.183259e-03 |
|   4.000000e-02 |   1.525524e-01 |  -7.437406e-02 |     7.292366e-02 |  -6.194349e-03 |  -6.194349e-03 |
|   4.100000e-02 |   1.524805e-01 |  -7.191973e-02 |     7.051854e-02 |  -6.205075e-03 |  -6.205075e-03 |
|   4.200000e-02 |   1.524110e-01 |  -6.954563e-02 |     6.819195e-02 |  -6.215450e-03 |  -6.215450e-03 |
|   4.300000e-02 |   1.523437e-01 |  -6.724917e-02 |     6.594136e-02 |  -6.225484e-03 |  -6.225484e-03 |
|   4.400000e-02 |   1.522787e-01 |  -6.502785e-02 |     6.376434e-02 |  -6.235188e-03 |  -6.235188e-03 |
|   4.500000e-02 |   1.522158e-01 |  -6.287925e-02 |     6.165852e-02 |  -6.244574e-03 |  -6.244574e-03 |
+----------------+----------------+----------------+------------------+----------------+----------------+
+----------------+--------------------+--------------------+----------------+----------------+----------------+
| time           | solid_fraction_max | solid_fraction_min | stability_max  | stability_min  | top_reaction   |
+----------------+--------------------+--------------------+----------------+----------------+----------------+
:                :                    :                    :                :                :                :
|   3.100000e-02 |       6.106920e-01 |       6.081343e-01 |   2.805986e+01 |   2.800138e+01 |  -1.400000e+00 |
|   3.200000e-02 |       6.107202e-01 |       6.082461e-01 |   2.805791e+01 |   2.800133e+01 |  -1.400000e+00 |
|   3.300000e-02 |       6.107475e-01 |       6.083544e-01 |   2.805601e+01 |   2.800129e+01 |  -1.400000e+00 |
|   3.400000e-02 |       6.107739e-01 |       6.084592e-01 |   2.805418e+01 |   2.800124e+01 |  -1.400000e+00 |
|   3.500000e-02 |       6.107994e-01 |       6.085606e-01 |   2.805240e+01 |   2.800120e+01 |  -1.400000e+00 |
|   3.600000e-02 |       6.108241e-01 |       6.086587e-01 |   2.805068e+01 |   2.800116e+01 |  -1.400000e+00 |
|   3.700000e-02 |       6.108480e-01 |       6.087537e-01 |   2.804902e+01 |   2.800113e+01 |  -1.400000e+00 |
|   3.800000e-02 |       6.108711e-01 |       6.088456e-01 |   2.804741e+01 |   2.800109e+01 |  -1.400000e+00 |
|   3.900000e-02 |       6.108935e-01 |       6.089345e-01 |   2.804585e+01 |   2.800105e+01 |  -1.400000e+00 |
|   4.000000e-02 |       6.109151e-01 |       6.090205e-01 |   2.804435e+01 |   2.800102e+01 |  -1.400000e+00 |
|   4.100000e-02 |       6.109360e-01 |       6.091037e-01 |   2.804289e+01 |   2.800098e+01 |  -1.400000e+00 |
|   4.200000e-02 |       6.109563e-01 |       6.091842e-01 |   2.804148e+01 |   2.800095e+01 |  -1.400000e+00 |
|   4.300000e-02 |       6.109758e-01 |       6.092621e-01 |   2.804011e+01 |   2.800092e+01 |  -1.400000e+00 |
|   4.400000e-02 |       6.109948e-01 |       6.093375e-01 |   2.803879e+01 |   2.800089e+01 |  -1.400000e+00 |
|   4.500000e-02 |       6.110131e-01 |       6.094104e-01 |   2.803751e+01 |   2.800086e+01 |  -1.400000e+00 |
+----------------+--------------------+--------------------+----------------+----------------+----------------+


Time Step 46, time = 0.046, dt = 0.001
 * Nonlinear |R| = [32m7.812617e-03[39m (Before preset BCs, predictors, correctors, and constraints)
 0 Nonlinear |R| = [32m7.812617e-03[39m
      0 Linear |R| = [32m7.812617e-03[39m
      1 Linear |R| = [32m2.839134e-03[39m
      2 Linear |R| = [32m2.505769e-03[39m
      3 Linear |R| = [32m4.414519e-05[39m
      4 Linear |R| = [32m1.344227e-05[39m
      5 Linear |R| = [32m9.300569e-06[39m
      6 Linear |R| = [32m1.178977e-06[39m
      7 Linear |R| = [32m1.582169e-07[39m
      8 Linear |R| = [32m1.978716e-08[39m
      9 Linear |R| = [32m1.409011e-08[39m
     10 Linear |R| = [32m6.929071e-09[39m
     11 Linear |R| = [32m1.409092e-09[39m
     12 Linear |R| = [32m2.094989e-10[39m
     13 Linear |R| = [32m9.803760e-11[39m
     14 Linear |R| = [32m1.165570e-11[39m
     15 Linear |R| = [32m8.568678e-13[39m
 1 Nonlinear |R| = [32m1.548467e-06[39m
      0 Linear |R| = [32m1.548467e-06[39m
      1 Linear |R| = [32m2.899475e-07[39m
      2 Linear |R| = [32m6.635714e-09[39m
      3 Linear |R| = [32m5.006800e-09[39m
      4 Linear |R| = [32m1.621299e-09[39m
      5 Linear |R| = [32m1.479034e-09[39m
      6 Linear |R| = [32m4.082765e-10[39m
      7 Linear |R| = [32m4.628796e-11[39m
      8 Linear |R| = [32m6.542960e-12[39m
      9 Linear |R| = [32m4.823781e-12[39m
     10 Linear |R| = [32m2.867581e-12[39m
     11 Linear |R| = [32m1.233628e-13[39m
     12 Linear |R| = [32m5.709403e-14[39m
     13 Linear |R| = [32m2.579527e-14[39m
     14 Linear |R| = [32m1.865244e-15[39m
     15 Linear |R| = [32m2.779676e-16[39m
 2 Nonlinear |R| = [32m5.288384e-12[39m
[32m Solve Converged![39m

Outlier Variable Residual Norms:
  uy: [31m4.765597e-12[39m

Postprocessor Values:
+----------------+----------------+----------------+----------------+----------------+----------------+----------------+
| time           | J_max          | J_min          | Jbar_max       | Jbar_min       | center_pressure| edge_ux        |
+----------------+----------------+----------------+----------------+----------------+----------------+----------------+
:                :                :                :                :                :                :                :
|   3.200000e-02 |   9.734145e-01 |   9.700184e-01 |   9.873498e-01 |   9.867927e-01 |   1.008065e-01 |   5.445332e-03 |
|   3.300000e-02 |   9.732305e-01 |   9.699467e-01 |   9.873209e-01 |   9.867817e-01 |   9.750836e-02 |   5.295609e-03 |
|   3.400000e-02 |   9.730524e-01 |   9.698774e-01 |   9.872930e-01 |   9.867712e-01 |   9.431595e-02 |   5.150779e-03 |
|   3.500000e-02 |   9.728803e-01 |   9.698103e-01 |   9.872660e-01 |   9.867610e-01 |   9.122604e-02 |   5.010686e-03 |
|   3.600000e-02 |   9.727137e-01 |   9.697455e-01 |   9.872399e-01 |   9.867512e-01 |   8.823552e-02 |   4.875176e-03 |
|   3.700000e-02 |   9.725526e-01 |   9.696827e-01 |   9.872146e-01 |   9.867417e-01 |   8.534132e-02 |   4.744102e-03 |
|   3.800000e-02 |   9.723969e-01 |   9.696220e-01 |   9.871902e-01 |   9.867325e-01 |   8.254049e-02 |   4.617322e-03 |
|   3.900000e-02 |   9.722462e-01 |   9.695633e-01 |   9.871665e-01 |   9.867237e-01 |   7.983012e-02 |   4.494697e-03 |
|   4.000000e-02 |   9.721005e-01 |   9.695065e-01 |   9.871436e-01 |   9.867152e-01 |   7.720739e-02 |   4.376093e-03 |
|   4.100000e-02 |   9.719596e-01 |   9.694516e-01 |   9.871215e-01 |   9.867069e-01 |   7.466957e-02 |   4.261379e-03 |
|   4.200000e-02 |   9.718233e-01 |   9.693985e-01 |   9.871001e-01 |   9.866990e-01 |   7.221400e-02 |   4.150431e-03 |
|   4.300000e-02 |   9.716915e-01 |   9.693471e-01 |   9.870794e-01 |   9.866913e-01 |   6.983808e-02 |   4.043127e-03 |
|   4.400000e-02 |   9.715640e-01 |   9.692974e-01 |   9.870594e-01 |   9.866840e-01 |   6.753932e-02 |   3.939348e-03 |
|   4.500000e-02 |   9.714408e-01 |   9.692494e-01 |   9.870401e-01 |   9.866768e-01 |   6.531526e-02 |   3.838981e-03 |
|   4.600000e-02 |   9.713216e-01 |   9.692029e-01 |   9.870214e-01 |   9.866699e-01 |   6.316355e-02 |   3.741915e-03 |
+----------------+----------------+----------------+----------------+----------------+----------------+----------------+
+----------------+----------------+----------------+------------------+----------------+----------------+
| time           | mass           | mass_reaction  | outflow_gradient | platen_max     | platen_min     |
+----------------+----------------+----------------+------------------+----------------+----------------+
:                :                :                :                  :                :                :
|   3.200000e-02 |   1.532235e-01 |  -9.723867e-02 |     9.532508e-02 |  -6.094376e-03 |  -6.094376e-03 |
|   3.300000e-02 |   1.531294e-01 |  -9.403762e-02 |     9.218942e-02 |  -6.108374e-03 |  -6.108374e-03 |
|   3.400000e-02 |   1.530385e-01 |  -9.094122e-02 |     8.915610e-02 |  -6.121915e-03 |  -6.121915e-03 |
|   3.500000e-02 |   1.529505e-01 |  -8.794595e-02 |     8.622170e-02 |  -6.135013e-03 |  -6.135013e-03 |
|   3.600000e-02 |   1.528655e-01 |  -8.504848e-02 |     8.338294e-02 |  -6.147683e-03 |  -6.147683e-03 |
|   3.700000e-02 |   1.527832e-01 |  -8.224558e-02 |     8.063671e-02 |  -6.159939e-03 |  -6.159939e-03 |
|   3.800000e-02 |   1.527037e-01 |  -7.953417e-02 |     7.798000e-02 |  -6.171793e-03 |  -6.171793e-03 |
|   3.900000e-02 |   1.526268e-01 |  -7.691128e-02 |     7.540991e-02 |  -6.183259e-03 |  -6.183259e-03 |
|   4.000000e-02 |   1.525524e-01 |  -7.437406e-02 |     7.292366e-02 |  -6.194349e-03 |  -6.194349e-03 |
|   4.100000e-02 |   1.524805e-01 |  -7.191973e-02 |     7.051854e-02 |  -6.205075e-03 |  -6.205075e-03 |
|   4.200000e-02 |   1.524110e-01 |  -6.954563e-02 |     6.819195e-02 |  -6.215450e-03 |  -6.215450e-03 |
|   4.300000e-02 |   1.523437e-01 |  -6.724917e-02 |     6.594136e-02 |  -6.225484e-03 |  -6.225484e-03 |
|   4.400000e-02 |   1.522787e-01 |  -6.502785e-02 |     6.376434e-02 |  -6.235188e-03 |  -6.235188e-03 |
|   4.500000e-02 |   1.522158e-01 |  -6.287925e-02 |     6.165852e-02 |  -6.244574e-03 |  -6.244574e-03 |
|   4.600000e-02 |   1.521550e-01 |  -6.080104e-02 |     5.962161e-02 |  -6.253651e-03 |  -6.253651e-03 |
+----------------+----------------+----------------+------------------+----------------+----------------+
+----------------+--------------------+--------------------+----------------+----------------+----------------+
| time           | solid_fraction_max | solid_fraction_min | stability_max  | stability_min  | top_reaction   |
+----------------+--------------------+--------------------+----------------+----------------+----------------+
:                :                    :                    :                :                :                :
|   3.200000e-02 |       6.107202e-01 |       6.082461e-01 |   2.805791e+01 |   2.800133e+01 |  -1.400000e+00 |
|   3.300000e-02 |       6.107475e-01 |       6.083544e-01 |   2.805601e+01 |   2.800129e+01 |  -1.400000e+00 |
|   3.400000e-02 |       6.107739e-01 |       6.084592e-01 |   2.805418e+01 |   2.800124e+01 |  -1.400000e+00 |
|   3.500000e-02 |       6.107994e-01 |       6.085606e-01 |   2.805240e+01 |   2.800120e+01 |  -1.400000e+00 |
|   3.600000e-02 |       6.108241e-01 |       6.086587e-01 |   2.805068e+01 |   2.800116e+01 |  -1.400000e+00 |
|   3.700000e-02 |       6.108480e-01 |       6.087537e-01 |   2.804902e+01 |   2.800113e+01 |  -1.400000e+00 |
|   3.800000e-02 |       6.108711e-01 |       6.088456e-01 |   2.804741e+01 |   2.800109e+01 |  -1.400000e+00 |
|   3.900000e-02 |       6.108935e-01 |       6.089345e-01 |   2.804585e+01 |   2.800105e+01 |  -1.400000e+00 |
|   4.000000e-02 |       6.109151e-01 |       6.090205e-01 |   2.804435e+01 |   2.800102e+01 |  -1.400000e+00 |
|   4.100000e-02 |       6.109360e-01 |       6.091037e-01 |   2.804289e+01 |   2.800098e+01 |  -1.400000e+00 |
|   4.200000e-02 |       6.109563e-01 |       6.091842e-01 |   2.804148e+01 |   2.800095e+01 |  -1.400000e+00 |
|   4.300000e-02 |       6.109758e-01 |       6.092621e-01 |   2.804011e+01 |   2.800092e+01 |  -1.400000e+00 |
|   4.400000e-02 |       6.109948e-01 |       6.093375e-01 |   2.803879e+01 |   2.800089e+01 |  -1.400000e+00 |
|   4.500000e-02 |       6.110131e-01 |       6.094104e-01 |   2.803751e+01 |   2.800086e+01 |  -1.400000e+00 |
|   4.600000e-02 |       6.110308e-01 |       6.094809e-01 |   2.803628e+01 |   2.800083e+01 |  -1.400000e+00 |
+----------------+--------------------+--------------------+----------------+----------------+----------------+


Time Step 47, time = 0.047, dt = 0.001
 * Nonlinear |R| = [32m7.554239e-03[39m (Before preset BCs, predictors, correctors, and constraints)
 0 Nonlinear |R| = [32m7.554239e-03[39m
      0 Linear |R| = [32m7.554239e-03[39m
      1 Linear |R| = [32m2.745905e-03[39m
      2 Linear |R| = [32m2.423633e-03[39m
      3 Linear |R| = [32m4.269206e-05[39m
      4 Linear |R| = [32m1.299968e-05[39m
      5 Linear |R| = [32m9.141535e-06[39m
      6 Linear |R| = [32m1.140185e-06[39m
      7 Linear |R| = [32m1.530092e-07[39m
      8 Linear |R| = [32m2.109799e-08[39m
      9 Linear |R| = [32m1.362350e-08[39m
     10 Linear |R| = [32m6.694065e-09[39m
     11 Linear |R| = [32m1.362601e-09[39m
     12 Linear |R| = [32m3.280174e-10[39m
     13 Linear |R| = [32m9.481038e-11[39m
     14 Linear |R| = [32m1.126975e-11[39m
     15 Linear |R| = [32m9.420011e-13[39m
 1 Nonlinear |R| = [32m1.446788e-06[39m
      0 Linear |R| = [32m1.446788e-06[39m
      1 Linear |R| = [32m2.695215e-07[39m
      2 Linear |R| = [32m4.851280e-09[39m
      3 Linear |R| = [32m4.570724e-09[39m
      4 Linear |R| = [32m1.512493e-09[39m
      5 Linear |R| = [32m1.374284e-09[39m
      6 Linear |R| = [32m3.916134e-10[39m
      7 Linear |R| = [32m4.447966e-11[39m
      8 Linear |R| = [32m5.319524e-12[39m
      9 Linear |R| = [33m5.069175e-12[39m
     10 Linear |R| = [32m2.944461e-12[39m
     11 Linear |R| = [32m1.318883e-13[39m
     12 Linear |R| = [32m3.878362e-14[39m
     13 Linear |R| = [32m2.802605e-14[39m
     14 Linear |R| = [32m2.149884e-15[39m
     15 Linear |R| = [32m2.637185e-16[39m
 2 Nonlinear |R| = [32m4.676075e-12[39m
[32m Solve Converged![39m

Outlier Variable Residual Norms:
  uy: [33m4.008256e-12[39m

Postprocessor Values:
+----------------+----------------+----------------+----------------+----------------+----------------+----------------+
| time           | J_max          | J_min          | Jbar_max       | Jbar_min       | center_pressure| edge_ux        |
+----------------+----------------+----------------+----------------+----------------+----------------+----------------+
:                :                :                :                :                :                :                :
|   3.300000e-02 |   9.732305e-01 |   9.699467e-01 |   9.873209e-01 |   9.867817e-01 |   9.750836e-02 |   5.295609e-03 |
|   3.400000e-02 |   9.730524e-01 |   9.698774e-01 |   9.872930e-01 |   9.867712e-01 |   9.431595e-02 |   5.150779e-03 |
|   3.500000e-02 |   9.728803e-01 |   9.698103e-01 |   9.872660e-01 |   9.867610e-01 |   9.122604e-02 |   5.010686e-03 |
|   3.600000e-02 |   9.727137e-01 |   9.697455e-01 |   9.872399e-01 |   9.867512e-01 |   8.823552e-02 |   4.875176e-03 |
|   3.700000e-02 |   9.725526e-01 |   9.696827e-01 |   9.872146e-01 |   9.867417e-01 |   8.534132e-02 |   4.744102e-03 |
|   3.800000e-02 |   9.723969e-01 |   9.696220e-01 |   9.871902e-01 |   9.867325e-01 |   8.254049e-02 |   4.617322e-03 |
|   3.900000e-02 |   9.722462e-01 |   9.695633e-01 |   9.871665e-01 |   9.867237e-01 |   7.983012e-02 |   4.494697e-03 |
|   4.000000e-02 |   9.721005e-01 |   9.695065e-01 |   9.871436e-01 |   9.867152e-01 |   7.720739e-02 |   4.376093e-03 |
|   4.100000e-02 |   9.719596e-01 |   9.694516e-01 |   9.871215e-01 |   9.867069e-01 |   7.466957e-02 |   4.261379e-03 |
|   4.200000e-02 |   9.718233e-01 |   9.693985e-01 |   9.871001e-01 |   9.866990e-01 |   7.221400e-02 |   4.150431e-03 |
|   4.300000e-02 |   9.716915e-01 |   9.693471e-01 |   9.870794e-01 |   9.866913e-01 |   6.983808e-02 |   4.043127e-03 |
|   4.400000e-02 |   9.715640e-01 |   9.692974e-01 |   9.870594e-01 |   9.866840e-01 |   6.753932e-02 |   3.939348e-03 |
|   4.500000e-02 |   9.714408e-01 |   9.692494e-01 |   9.870401e-01 |   9.866768e-01 |   6.531526e-02 |   3.838981e-03 |
|   4.600000e-02 |   9.713216e-01 |   9.692029e-01 |   9.870214e-01 |   9.866699e-01 |   6.316355e-02 |   3.741915e-03 |
|   4.700000e-02 |   9.712063e-01 |   9.691580e-01 |   9.870033e-01 |   9.866633e-01 |   6.108190e-02 |   3.648042e-03 |
+----------------+----------------+----------------+----------------+----------------+----------------+----------------+
+----------------+----------------+----------------+------------------+----------------+----------------+
| time           | mass           | mass_reaction  | outflow_gradient | platen_max     | platen_min     |
+----------------+----------------+----------------+------------------+----------------+----------------+
:                :                :                :                  :                :                :
|   3.300000e-02 |   1.531294e-01 |  -9.403762e-02 |     9.218942e-02 |  -6.108374e-03 |  -6.108374e-03 |
|   3.400000e-02 |   1.530385e-01 |  -9.094122e-02 |     8.915610e-02 |  -6.121915e-03 |  -6.121915e-03 |
|   3.500000e-02 |   1.529505e-01 |  -8.794595e-02 |     8.622170e-02 |  -6.135013e-03 |  -6.135013e-03 |
|   3.600000e-02 |   1.528655e-01 |  -8.504848e-02 |     8.338294e-02 |  -6.147683e-03 |  -6.147683e-03 |
|   3.700000e-02 |   1.527832e-01 |  -8.224558e-02 |     8.063671e-02 |  -6.159939e-03 |  -6.159939e-03 |
|   3.800000e-02 |   1.527037e-01 |  -7.953417e-02 |     7.798000e-02 |  -6.171793e-03 |  -6.171793e-03 |
|   3.900000e-02 |   1.526268e-01 |  -7.691128e-02 |     7.540991e-02 |  -6.183259e-03 |  -6.183259e-03 |
|   4.000000e-02 |   1.525524e-01 |  -7.437406e-02 |     7.292366e-02 |  -6.194349e-03 |  -6.194349e-03 |
|   4.100000e-02 |   1.524805e-01 |  -7.191973e-02 |     7.051854e-02 |  -6.205075e-03 |  -6.205075e-03 |
|   4.200000e-02 |   1.524110e-01 |  -6.954563e-02 |     6.819195e-02 |  -6.215450e-03 |  -6.215450e-03 |
|   4.300000e-02 |   1.523437e-01 |  -6.724917e-02 |     6.594136e-02 |  -6.225484e-03 |  -6.225484e-03 |
|   4.400000e-02 |   1.522787e-01 |  -6.502785e-02 |     6.376434e-02 |  -6.235188e-03 |  -6.235188e-03 |
|   4.500000e-02 |   1.522158e-01 |  -6.287925e-02 |     6.165852e-02 |  -6.244574e-03 |  -6.244574e-03 |
|   4.600000e-02 |   1.521550e-01 |  -6.080104e-02 |     5.962161e-02 |  -6.253651e-03 |  -6.253651e-03 |
|   4.700000e-02 |   1.520962e-01 |  -5.879093e-02 |     5.765139e-02 |  -6.262430e-03 |  -6.262430e-03 |
+----------------+----------------+----------------+------------------+----------------+----------------+
+----------------+--------------------+--------------------+----------------+----------------+----------------+
| time           | solid_fraction_max | solid_fraction_min | stability_max  | stability_min  | top_reaction   |
+----------------+--------------------+--------------------+----------------+----------------+----------------+
:                :                    :                    :                :                :                :
|   3.300000e-02 |       6.107475e-01 |       6.083544e-01 |   2.805601e+01 |   2.800129e+01 |  -1.400000e+00 |
|   3.400000e-02 |       6.107739e-01 |       6.084592e-01 |   2.805418e+01 |   2.800124e+01 |  -1.400000e+00 |
|   3.500000e-02 |       6.107994e-01 |       6.085606e-01 |   2.805240e+01 |   2.800120e+01 |  -1.400000e+00 |
|   3.600000e-02 |       6.108241e-01 |       6.086587e-01 |   2.805068e+01 |   2.800116e+01 |  -1.400000e+00 |
|   3.700000e-02 |       6.108480e-01 |       6.087537e-01 |   2.804902e+01 |   2.800113e+01 |  -1.400000e+00 |
|   3.800000e-02 |       6.108711e-01 |       6.088456e-01 |   2.804741e+01 |   2.800109e+01 |  -1.400000e+00 |
|   3.900000e-02 |       6.108935e-01 |       6.089345e-01 |   2.804585e+01 |   2.800105e+01 |  -1.400000e+00 |
|   4.000000e-02 |       6.109151e-01 |       6.090205e-01 |   2.804435e+01 |   2.800102e+01 |  -1.400000e+00 |
|   4.100000e-02 |       6.109360e-01 |       6.091037e-01 |   2.804289e+01 |   2.800098e+01 |  -1.400000e+00 |
|   4.200000e-02 |       6.109563e-01 |       6.091842e-01 |   2.804148e+01 |   2.800095e+01 |  -1.400000e+00 |
|   4.300000e-02 |       6.109758e-01 |       6.092621e-01 |   2.804011e+01 |   2.800092e+01 |  -1.400000e+00 |
|   4.400000e-02 |       6.109948e-01 |       6.093375e-01 |   2.803879e+01 |   2.800089e+01 |  -1.400000e+00 |
|   4.500000e-02 |       6.110131e-01 |       6.094104e-01 |   2.803751e+01 |   2.800086e+01 |  -1.400000e+00 |
|   4.600000e-02 |       6.110308e-01 |       6.094809e-01 |   2.803628e+01 |   2.800083e+01 |  -1.400000e+00 |
|   4.700000e-02 |       6.110479e-01 |       6.095492e-01 |   2.803508e+01 |   2.800080e+01 |  -1.400000e+00 |
+----------------+--------------------+--------------------+----------------+----------------+----------------+


Time Step 48, time = 0.048, dt = 0.001
 * Nonlinear |R| = [32m7.304340e-03[39m (Before preset BCs, predictors, correctors, and constraints)
 0 Nonlinear |R| = [32m7.304340e-03[39m
      0 Linear |R| = [32m7.304340e-03[39m
      1 Linear |R| = [32m2.655697e-03[39m
      2 Linear |R| = [32m2.344154e-03[39m
      3 Linear |R| = [32m4.128600e-05[39m
      4 Linear |R| = [32m1.257463e-05[39m
      5 Linear |R| = [32m9.473155e-06[39m
      6 Linear |R| = [32m1.102671e-06[39m
      7 Linear |R| = [32m1.479728e-07[39m
      8 Linear |R| = [32m2.046245e-08[39m
      9 Linear |R| = [32m1.317317e-08[39m
     10 Linear |R| = [32m6.472109e-09[39m
     11 Linear |R| = [32m1.317685e-09[39m
     12 Linear |R| = [32m2.602939e-10[39m
     13 Linear |R| = [32m9.168671e-11[39m
     14 Linear |R| = [32m1.089676e-11[39m
     15 Linear |R| = [32m8.715781e-13[39m
 1 Nonlinear |R| = [32m1.355443e-06[39m
      0 Linear |R| = [32m1.355443e-06[39m
      1 Linear |R| = [32m2.533338e-07[39m
      2 Linear |R| = [32m1.097022e-08[39m
      3 Linear |R| = [32m4.302658e-09[39m
      4 Linear |R| = [32m1.409052e-09[39m
      5 Linear |R| = [32m1.287392e-09[39m
      6 Linear |R| = [32m3.616320e-10[39m
      7 Linear |R| = [32m4.285031e-11[39m
      8 Linear |R| = [32m5.231046e-12[39m
      9 Linear |R| = [32m3.898086e-12[39m
     10 Linear |R| = [32m1.144576e-12[39m
     11 Linear |R| = [32m1.395441e-13[39m
     12 Linear |R| = [32m5.843472e-14[39m
     13 Linear |R| = [32m2.554674e-14[39m
     14 Linear |R| = [32m2.112585e-15[39m
     15 Linear |R| = [32m2.396401e-16[39m
 2 Nonlinear |R| = [32m4.396750e-12[39m
[32m Solve Converged![39m

Outlier Variable Residual Norms:
  uy: [33m3.791395e-12[39m

Postprocessor Values:
+----------------+----------------+----------------+----------------+----------------+----------------+----------------+
| time           | J_max          | J_min          | Jbar_max       | Jbar_min       | center_pressure| edge_ux        |
+----------------+----------------+----------------+----------------+----------------+----------------+----------------+
:                :                :                :                :                :                :                :
|   3.400000e-02 |   9.730524e-01 |   9.698774e-01 |   9.872930e-01 |   9.867712e-01 |   9.431595e-02 |   5.150779e-03 |
|   3.500000e-02 |   9.728803e-01 |   9.698103e-01 |   9.872660e-01 |   9.867610e-01 |   9.122604e-02 |   5.010686e-03 |
|   3.600000e-02 |   9.727137e-01 |   9.697455e-01 |   9.872399e-01 |   9.867512e-01 |   8.823552e-02 |   4.875176e-03 |
|   3.700000e-02 |   9.725526e-01 |   9.696827e-01 |   9.872146e-01 |   9.867417e-01 |   8.534132e-02 |   4.744102e-03 |
|   3.800000e-02 |   9.723969e-01 |   9.696220e-01 |   9.871902e-01 |   9.867325e-01 |   8.254049e-02 |   4.617322e-03 |
|   3.900000e-02 |   9.722462e-01 |   9.695633e-01 |   9.871665e-01 |   9.867237e-01 |   7.983012e-02 |   4.494697e-03 |
|   4.000000e-02 |   9.721005e-01 |   9.695065e-01 |   9.871436e-01 |   9.867152e-01 |   7.720739e-02 |   4.376093e-03 |
|   4.100000e-02 |   9.719596e-01 |   9.694516e-01 |   9.871215e-01 |   9.867069e-01 |   7.466957e-02 |   4.261379e-03 |
|   4.200000e-02 |   9.718233e-01 |   9.693985e-01 |   9.871001e-01 |   9.866990e-01 |   7.221400e-02 |   4.150431e-03 |
|   4.300000e-02 |   9.716915e-01 |   9.693471e-01 |   9.870794e-01 |   9.866913e-01 |   6.983808e-02 |   4.043127e-03 |
|   4.400000e-02 |   9.715640e-01 |   9.692974e-01 |   9.870594e-01 |   9.866840e-01 |   6.753932e-02 |   3.939348e-03 |
|   4.500000e-02 |   9.714408e-01 |   9.692494e-01 |   9.870401e-01 |   9.866768e-01 |   6.531526e-02 |   3.838981e-03 |
|   4.600000e-02 |   9.713216e-01 |   9.692029e-01 |   9.870214e-01 |   9.866699e-01 |   6.316355e-02 |   3.741915e-03 |
|   4.700000e-02 |   9.712063e-01 |   9.691580e-01 |   9.870033e-01 |   9.866633e-01 |   6.108190e-02 |   3.648042e-03 |
|   4.800000e-02 |   9.710948e-01 |   9.691145e-01 |   9.869857e-01 |   9.866569e-01 |   5.906807e-02 |   3.557259e-03 |
+----------------+----------------+----------------+----------------+----------------+----------------+----------------+
+----------------+----------------+----------------+------------------+----------------+----------------+
| time           | mass           | mass_reaction  | outflow_gradient | platen_max     | platen_min     |
+----------------+----------------+----------------+------------------+----------------+----------------+
:                :                :                :                  :                :                :
|   3.400000e-02 |   1.530385e-01 |  -9.094122e-02 |     8.915610e-02 |  -6.121915e-03 |  -6.121915e-03 |
|   3.500000e-02 |   1.529505e-01 |  -8.794595e-02 |     8.622170e-02 |  -6.135013e-03 |  -6.135013e-03 |
|   3.600000e-02 |   1.528655e-01 |  -8.504848e-02 |     8.338294e-02 |  -6.147683e-03 |  -6.147683e-03 |
|   3.700000e-02 |   1.527832e-01 |  -8.224558e-02 |     8.063671e-02 |  -6.159939e-03 |  -6.159939e-03 |
|   3.800000e-02 |   1.527037e-01 |  -7.953417e-02 |     7.798000e-02 |  -6.171793e-03 |  -6.171793e-03 |
|   3.900000e-02 |   1.526268e-01 |  -7.691128e-02 |     7.540991e-02 |  -6.183259e-03 |  -6.183259e-03 |
|   4.000000e-02 |   1.525524e-01 |  -7.437406e-02 |     7.292366e-02 |  -6.194349e-03 |  -6.194349e-03 |
|   4.100000e-02 |   1.524805e-01 |  -7.191973e-02 |     7.051854e-02 |  -6.205075e-03 |  -6.205075e-03 |
|   4.200000e-02 |   1.524110e-01 |  -6.954563e-02 |     6.819195e-02 |  -6.215450e-03 |  -6.215450e-03 |
|   4.300000e-02 |   1.523437e-01 |  -6.724917e-02 |     6.594136e-02 |  -6.225484e-03 |  -6.225484e-03 |
|   4.400000e-02 |   1.522787e-01 |  -6.502785e-02 |     6.376434e-02 |  -6.235188e-03 |  -6.235188e-03 |
|   4.500000e-02 |   1.522158e-01 |  -6.287925e-02 |     6.165852e-02 |  -6.244574e-03 |  -6.244574e-03 |
|   4.600000e-02 |   1.521550e-01 |  -6.080104e-02 |     5.962161e-02 |  -6.253651e-03 |  -6.253651e-03 |
|   4.700000e-02 |   1.520962e-01 |  -5.879093e-02 |     5.765139e-02 |  -6.262430e-03 |  -6.262430e-03 |
|   4.800000e-02 |   1.520394e-01 |  -5.684674e-02 |     5.574572e-02 |  -6.270919e-03 |  -6.270919e-03 |
+----------------+----------------+----------------+------------------+----------------+----------------+
+----------------+--------------------+--------------------+----------------+----------------+----------------+
| time           | solid_fraction_max | solid_fraction_min | stability_max  | stability_min  | top_reaction   |
+----------------+--------------------+--------------------+----------------+----------------+----------------+
:                :                    :                    :                :                :                :
|   3.400000e-02 |       6.107739e-01 |       6.084592e-01 |   2.805418e+01 |   2.800124e+01 |  -1.400000e+00 |
|   3.500000e-02 |       6.107994e-01 |       6.085606e-01 |   2.805240e+01 |   2.800120e+01 |  -1.400000e+00 |
|   3.600000e-02 |       6.108241e-01 |       6.086587e-01 |   2.805068e+01 |   2.800116e+01 |  -1.400000e+00 |
|   3.700000e-02 |       6.108480e-01 |       6.087537e-01 |   2.804902e+01 |   2.800113e+01 |  -1.400000e+00 |
|   3.800000e-02 |       6.108711e-01 |       6.088456e-01 |   2.804741e+01 |   2.800109e+01 |  -1.400000e+00 |
|   3.900000e-02 |       6.108935e-01 |       6.089345e-01 |   2.804585e+01 |   2.800105e+01 |  -1.400000e+00 |
|   4.000000e-02 |       6.109151e-01 |       6.090205e-01 |   2.804435e+01 |   2.800102e+01 |  -1.400000e+00 |
|   4.100000e-02 |       6.109360e-01 |       6.091037e-01 |   2.804289e+01 |   2.800098e+01 |  -1.400000e+00 |
|   4.200000e-02 |       6.109563e-01 |       6.091842e-01 |   2.804148e+01 |   2.800095e+01 |  -1.400000e+00 |
|   4.300000e-02 |       6.109758e-01 |       6.092621e-01 |   2.804011e+01 |   2.800092e+01 |  -1.400000e+00 |
|   4.400000e-02 |       6.109948e-01 |       6.093375e-01 |   2.803879e+01 |   2.800089e+01 |  -1.400000e+00 |
|   4.500000e-02 |       6.110131e-01 |       6.094104e-01 |   2.803751e+01 |   2.800086e+01 |  -1.400000e+00 |
|   4.600000e-02 |       6.110308e-01 |       6.094809e-01 |   2.803628e+01 |   2.800083e+01 |  -1.400000e+00 |
|   4.700000e-02 |       6.110479e-01 |       6.095492e-01 |   2.803508e+01 |   2.800080e+01 |  -1.400000e+00 |
|   4.800000e-02 |       6.110645e-01 |       6.096151e-01 |   2.803393e+01 |   2.800078e+01 |  -1.400000e+00 |
+----------------+--------------------+--------------------+----------------+----------------+----------------+


Time Step 49, time = 0.049, dt = 0.001
 * Nonlinear |R| = [32m7.062644e-03[39m (Before preset BCs, predictors, correctors, and constraints)
 0 Nonlinear |R| = [32m7.062644e-03[39m
      0 Linear |R| = [32m7.062644e-03[39m
      1 Linear |R| = [32m2.568409e-03[39m
      2 Linear |R| = [32m2.267240e-03[39m
      3 Linear |R| = [32m3.992566e-05[39m
      4 Linear |R| = [32m1.215774e-05[39m
      5 Linear |R| = [32m9.008194e-06[39m
      6 Linear |R| = [32m1.066374e-06[39m
      7 Linear |R| = [32m1.431043e-07[39m
      8 Linear |R| = [32m3.949597e-08[39m
      9 Linear |R| = [32m1.273810e-08[39m
     10 Linear |R| = [32m6.251905e-09[39m
     11 Linear |R| = [32m1.274201e-09[39m
     12 Linear |R| = [32m3.963823e-10[39m
     13 Linear |R| = [32m8.866962e-11[39m
     14 Linear |R| = [32m1.053504e-11[39m
     15 Linear |R| = [32m9.307164e-13[39m
 1 Nonlinear |R| = [32m1.268290e-06[39m
      0 Linear |R| = [32m1.268290e-06[39m
      1 Linear |R| = [32m2.392329e-07[39m
      2 Linear |R| = [32m1.588573e-08[39m
      3 Linear |R| = [32m4.042345e-09[39m
      4 Linear |R| = [32m1.322932e-09[39m
      5 Linear |R| = [32m1.228907e-09[39m
      6 Linear |R| = [32m3.339666e-10[39m
      7 Linear |R| = [32m3.936736e-11[39m
      8 Linear |R| = [32m4.485420e-12[39m
      9 Linear |R| = [32m3.910963e-12[39m
     10 Linear |R| = [32m2.349192e-12[39m
     11 Linear |R| = [32m1.472319e-13[39m
     12 Linear |R| = [32m3.795939e-14[39m
     13 Linear |R| = [32m2.192874e-14[39m
     14 Linear |R| = [32m1.802474e-15[39m
     15 Linear |R| = [32m2.044437e-16[39m
 2 Nonlinear |R| = [32m4.734444e-12[39m
[32m Solve Converged![39m

Outlier Variable Residual Norms:
  uy: [31m4.244333e-12[39m

Postprocessor Values:
+----------------+----------------+----------------+----------------+----------------+----------------+----------------+
| time           | J_max          | J_min          | Jbar_max       | Jbar_min       | center_pressure| edge_ux        |
+----------------+----------------+----------------+----------------+----------------+----------------+----------------+
:                :                :                :                :                :                :                :
|   3.500000e-02 |   9.728803e-01 |   9.698103e-01 |   9.872660e-01 |   9.867610e-01 |   9.122604e-02 |   5.010686e-03 |
|   3.600000e-02 |   9.727137e-01 |   9.697455e-01 |   9.872399e-01 |   9.867512e-01 |   8.823552e-02 |   4.875176e-03 |
|   3.700000e-02 |   9.725526e-01 |   9.696827e-01 |   9.872146e-01 |   9.867417e-01 |   8.534132e-02 |   4.744102e-03 |
|   3.800000e-02 |   9.723969e-01 |   9.696220e-01 |   9.871902e-01 |   9.867325e-01 |   8.254049e-02 |   4.617322e-03 |
|   3.900000e-02 |   9.722462e-01 |   9.695633e-01 |   9.871665e-01 |   9.867237e-01 |   7.983012e-02 |   4.494697e-03 |
|   4.000000e-02 |   9.721005e-01 |   9.695065e-01 |   9.871436e-01 |   9.867152e-01 |   7.720739e-02 |   4.376093e-03 |
|   4.100000e-02 |   9.719596e-01 |   9.694516e-01 |   9.871215e-01 |   9.867069e-01 |   7.466957e-02 |   4.261379e-03 |
|   4.200000e-02 |   9.718233e-01 |   9.693985e-01 |   9.871001e-01 |   9.866990e-01 |   7.221400e-02 |   4.150431e-03 |
|   4.300000e-02 |   9.716915e-01 |   9.693471e-01 |   9.870794e-01 |   9.866913e-01 |   6.983808e-02 |   4.043127e-03 |
|   4.400000e-02 |   9.715640e-01 |   9.692974e-01 |   9.870594e-01 |   9.866840e-01 |   6.753932e-02 |   3.939348e-03 |
|   4.500000e-02 |   9.714408e-01 |   9.692494e-01 |   9.870401e-01 |   9.866768e-01 |   6.531526e-02 |   3.838981e-03 |
|   4.600000e-02 |   9.713216e-01 |   9.692029e-01 |   9.870214e-01 |   9.866699e-01 |   6.316355e-02 |   3.741915e-03 |
|   4.700000e-02 |   9.712063e-01 |   9.691580e-01 |   9.870033e-01 |   9.866633e-01 |   6.108190e-02 |   3.648042e-03 |
|   4.800000e-02 |   9.710948e-01 |   9.691145e-01 |   9.869857e-01 |   9.866569e-01 |   5.906807e-02 |   3.557259e-03 |
|   4.900000e-02 |   9.709870e-01 |   9.690724e-01 |   9.869688e-01 |   9.866507e-01 |   5.711991e-02 |   3.469466e-03 |
+----------------+----------------+----------------+----------------+----------------+----------------+----------------+
+----------------+----------------+----------------+------------------+----------------+----------------+
| time           | mass           | mass_reaction  | outflow_gradient | platen_max     | platen_min     |
+----------------+----------------+----------------+------------------+----------------+----------------+
:                :                :                :                  :                :                :
|   3.500000e-02 |   1.529505e-01 |  -8.794595e-02 |     8.622170e-02 |  -6.135013e-03 |  -6.135013e-03 |
|   3.600000e-02 |   1.528655e-01 |  -8.504848e-02 |     8.338294e-02 |  -6.147683e-03 |  -6.147683e-03 |
|   3.700000e-02 |   1.527832e-01 |  -8.224558e-02 |     8.063671e-02 |  -6.159939e-03 |  -6.159939e-03 |
|   3.800000e-02 |   1.527037e-01 |  -7.953417e-02 |     7.798000e-02 |  -6.171793e-03 |  -6.171793e-03 |
|   3.900000e-02 |   1.526268e-01 |  -7.691128e-02 |     7.540991e-02 |  -6.183259e-03 |  -6.183259e-03 |
|   4.000000e-02 |   1.525524e-01 |  -7.437406e-02 |     7.292366e-02 |  -6.194349e-03 |  -6.194349e-03 |
|   4.100000e-02 |   1.524805e-01 |  -7.191973e-02 |     7.051854e-02 |  -6.205075e-03 |  -6.205075e-03 |
|   4.200000e-02 |   1.524110e-01 |  -6.954563e-02 |     6.819195e-02 |  -6.215450e-03 |  -6.215450e-03 |
|   4.300000e-02 |   1.523437e-01 |  -6.724917e-02 |     6.594136e-02 |  -6.225484e-03 |  -6.225484e-03 |
|   4.400000e-02 |   1.522787e-01 |  -6.502785e-02 |     6.376434e-02 |  -6.235188e-03 |  -6.235188e-03 |
|   4.500000e-02 |   1.522158e-01 |  -6.287925e-02 |     6.165852e-02 |  -6.244574e-03 |  -6.244574e-03 |
|   4.600000e-02 |   1.521550e-01 |  -6.080104e-02 |     5.962161e-02 |  -6.253651e-03 |  -6.253651e-03 |
|   4.700000e-02 |   1.520962e-01 |  -5.879093e-02 |     5.765139e-02 |  -6.262430e-03 |  -6.262430e-03 |
|   4.800000e-02 |   1.520394e-01 |  -5.684674e-02 |     5.574572e-02 |  -6.270919e-03 |  -6.270919e-03 |
|   4.900000e-02 |   1.519844e-01 |  -5.496634e-02 |     5.390252e-02 |  -6.279130e-03 |  -6.279130e-03 |
+----------------+----------------+----------------+------------------+----------------+----------------+
+----------------+--------------------+--------------------+----------------+----------------+----------------+
| time           | solid_fraction_max | solid_fraction_min | stability_max  | stability_min  | top_reaction   |
+----------------+--------------------+--------------------+----------------+----------------+----------------+
:                :                    :                    :                :                :                :
|   3.500000e-02 |       6.107994e-01 |       6.085606e-01 |   2.805240e+01 |   2.800120e+01 |  -1.400000e+00 |
|   3.600000e-02 |       6.108241e-01 |       6.086587e-01 |   2.805068e+01 |   2.800116e+01 |  -1.400000e+00 |
|   3.700000e-02 |       6.108480e-01 |       6.087537e-01 |   2.804902e+01 |   2.800113e+01 |  -1.400000e+00 |
|   3.800000e-02 |       6.108711e-01 |       6.088456e-01 |   2.804741e+01 |   2.800109e+01 |  -1.400000e+00 |
|   3.900000e-02 |       6.108935e-01 |       6.089345e-01 |   2.804585e+01 |   2.800105e+01 |  -1.400000e+00 |
|   4.000000e-02 |       6.109151e-01 |       6.090205e-01 |   2.804435e+01 |   2.800102e+01 |  -1.400000e+00 |
|   4.100000e-02 |       6.109360e-01 |       6.091037e-01 |   2.804289e+01 |   2.800098e+01 |  -1.400000e+00 |
|   4.200000e-02 |       6.109563e-01 |       6.091842e-01 |   2.804148e+01 |   2.800095e+01 |  -1.400000e+00 |
|   4.300000e-02 |       6.109758e-01 |       6.092621e-01 |   2.804011e+01 |   2.800092e+01 |  -1.400000e+00 |
|   4.400000e-02 |       6.109948e-01 |       6.093375e-01 |   2.803879e+01 |   2.800089e+01 |  -1.400000e+00 |
|   4.500000e-02 |       6.110131e-01 |       6.094104e-01 |   2.803751e+01 |   2.800086e+01 |  -1.400000e+00 |
|   4.600000e-02 |       6.110308e-01 |       6.094809e-01 |   2.803628e+01 |   2.800083e+01 |  -1.400000e+00 |
|   4.700000e-02 |       6.110479e-01 |       6.095492e-01 |   2.803508e+01 |   2.800080e+01 |  -1.400000e+00 |
|   4.800000e-02 |       6.110645e-01 |       6.096151e-01 |   2.803393e+01 |   2.800078e+01 |  -1.400000e+00 |
|   4.900000e-02 |       6.110805e-01 |       6.096790e-01 |   2.803281e+01 |   2.800075e+01 |  -1.400000e+00 |
+----------------+--------------------+--------------------+----------------+----------------+----------------+


Time Step 50, time = 0.05, dt = 0.001
 * Nonlinear |R| = [32m6.828887e-03[39m (Before preset BCs, predictors, correctors, and constraints)
 0 Nonlinear |R| = [32m6.828887e-03[39m
      0 Linear |R| = [32m6.828887e-03[39m
      1 Linear |R| = [32m2.483933e-03[39m
      2 Linear |R| = [32m2.192780e-03[39m
      3 Linear |R| = [32m3.861009e-05[39m
      4 Linear |R| = [32m1.175646e-05[39m
      5 Linear |R| = [32m8.093875e-06[39m
      6 Linear |R| = [32m1.031260e-06[39m
      7 Linear |R| = [32m1.383840e-07[39m
      8 Linear |R| = [32m2.047166e-08[39m
      9 Linear |R| = [32m1.231509e-08[39m
     10 Linear |R| = [32m6.042620e-09[39m
     11 Linear |R| = [32m1.232086e-09[39m
     12 Linear |R| = [32m2.530597e-10[39m
     13 Linear |R| = [32m8.574659e-11[39m
     14 Linear |R| = [32m1.018555e-11[39m
     15 Linear |R| = [32m7.945269e-13[39m
 1 Nonlinear |R| = [32m1.183861e-06[39m
      0 Linear |R| = [32m1.183861e-06[39m
      1 Linear |R| = [32m2.205660e-07[39m
      2 Linear |R| = [32m7.166086e-09[39m
      3 Linear |R| = [32m3.791480e-09[39m
      4 Linear |R| = [32m1.226828e-09[39m
      5 Linear |R| = [32m1.128826e-09[39m
      6 Linear |R| = [32m3.041621e-10[39m
      7 Linear |R| = [32m3.623140e-11[39m
      8 Linear |R| = [32m3.971839e-12[39m
      9 Linear |R| = [32m3.448813e-12[39m
     10 Linear |R| = [32m1.964602e-12[39m
     11 Linear |R| = [32m1.146128e-13[39m
     12 Linear |R| = [32m4.198042e-14[39m
     13 Linear |R| = [32m1.917536e-14[39m
     14 Linear |R| = [32m1.769645e-15[39m
     15 Linear |R| = [32m1.976659e-16[39m
 2 Nonlinear |R| = [32m4.026370e-12[39m
[32m Solve Converged![39m

Outlier Variable Residual Norms:
  uy: [33m3.587016e-12[39m

Postprocessor Values:
+----------------+----------------+----------------+----------------+----------------+----------------+----------------+
| time           | J_max          | J_min          | Jbar_max       | Jbar_min       | center_pressure| edge_ux        |
+----------------+----------------+----------------+----------------+----------------+----------------+----------------+
:                :                :                :                :                :                :                :
|   3.600000e-02 |   9.727137e-01 |   9.697455e-01 |   9.872399e-01 |   9.867512e-01 |   8.823552e-02 |   4.875176e-03 |
|   3.700000e-02 |   9.725526e-01 |   9.696827e-01 |   9.872146e-01 |   9.867417e-01 |   8.534132e-02 |   4.744102e-03 |
|   3.800000e-02 |   9.723969e-01 |   9.696220e-01 |   9.871902e-01 |   9.867325e-01 |   8.254049e-02 |   4.617322e-03 |
|   3.900000e-02 |   9.722462e-01 |   9.695633e-01 |   9.871665e-01 |   9.867237e-01 |   7.983012e-02 |   4.494697e-03 |
|   4.000000e-02 |   9.721005e-01 |   9.695065e-01 |   9.871436e-01 |   9.867152e-01 |   7.720739e-02 |   4.376093e-03 |
|   4.100000e-02 |   9.719596e-01 |   9.694516e-01 |   9.871215e-01 |   9.867069e-01 |   7.466957e-02 |   4.261379e-03 |
|   4.200000e-02 |   9.718233e-01 |   9.693985e-01 |   9.871001e-01 |   9.866990e-01 |   7.221400e-02 |   4.150431e-03 |
|   4.300000e-02 |   9.716915e-01 |   9.693471e-01 |   9.870794e-01 |   9.866913e-01 |   6.983808e-02 |   4.043127e-03 |
|   4.400000e-02 |   9.715640e-01 |   9.692974e-01 |   9.870594e-01 |   9.866840e-01 |   6.753932e-02 |   3.939348e-03 |
|   4.500000e-02 |   9.714408e-01 |   9.692494e-01 |   9.870401e-01 |   9.866768e-01 |   6.531526e-02 |   3.838981e-03 |
|   4.600000e-02 |   9.713216e-01 |   9.692029e-01 |   9.870214e-01 |   9.866699e-01 |   6.316355e-02 |   3.741915e-03 |
|   4.700000e-02 |   9.712063e-01 |   9.691580e-01 |   9.870033e-01 |   9.866633e-01 |   6.108190e-02 |   3.648042e-03 |
|   4.800000e-02 |   9.710948e-01 |   9.691145e-01 |   9.869857e-01 |   9.866569e-01 |   5.906807e-02 |   3.557259e-03 |
|   4.900000e-02 |   9.709870e-01 |   9.690724e-01 |   9.869688e-01 |   9.866507e-01 |   5.711991e-02 |   3.469466e-03 |
|   5.000000e-02 |   9.708828e-01 |   9.690318e-01 |   9.869524e-01 |   9.866447e-01 |   5.523532e-02 |   3.384565e-03 |
+----------------+----------------+----------------+----------------+----------------+----------------+----------------+
+----------------+----------------+----------------+------------------+----------------+----------------+
| time           | mass           | mass_reaction  | outflow_gradient | platen_max     | platen_min     |
+----------------+----------------+----------------+------------------+----------------+----------------+
:                :                :                :                  :                :                :
|   3.600000e-02 |   1.528655e-01 |  -8.504848e-02 |     8.338294e-02 |  -6.147683e-03 |  -6.147683e-03 |
|   3.700000e-02 |   1.527832e-01 |  -8.224558e-02 |     8.063671e-02 |  -6.159939e-03 |  -6.159939e-03 |
|   3.800000e-02 |   1.527037e-01 |  -7.953417e-02 |     7.798000e-02 |  -6.171793e-03 |  -6.171793e-03 |
|   3.900000e-02 |   1.526268e-01 |  -7.691128e-02 |     7.540991e-02 |  -6.183259e-03 |  -6.183259e-03 |
|   4.000000e-02 |   1.525524e-01 |  -7.437406e-02 |     7.292366e-02 |  -6.194349e-03 |  -6.194349e-03 |
|   4.100000e-02 |   1.524805e-01 |  -7.191973e-02 |     7.051854e-02 |  -6.205075e-03 |  -6.205075e-03 |
|   4.200000e-02 |   1.524110e-01 |  -6.954563e-02 |     6.819195e-02 |  -6.215450e-03 |  -6.215450e-03 |
|   4.300000e-02 |   1.523437e-01 |  -6.724917e-02 |     6.594136e-02 |  -6.225484e-03 |  -6.225484e-03 |
|   4.400000e-02 |   1.522787e-01 |  -6.502785e-02 |     6.376434e-02 |  -6.235188e-03 |  -6.235188e-03 |
|   4.500000e-02 |   1.522158e-01 |  -6.287925e-02 |     6.165852e-02 |  -6.244574e-03 |  -6.244574e-03 |
|   4.600000e-02 |   1.521550e-01 |  -6.080104e-02 |     5.962161e-02 |  -6.253651e-03 |  -6.253651e-03 |
|   4.700000e-02 |   1.520962e-01 |  -5.879093e-02 |     5.765139e-02 |  -6.262430e-03 |  -6.262430e-03 |
|   4.800000e-02 |   1.520394e-01 |  -5.684674e-02 |     5.574572e-02 |  -6.270919e-03 |  -6.270919e-03 |
|   4.900000e-02 |   1.519844e-01 |  -5.496634e-02 |     5.390252e-02 |  -6.279130e-03 |  -6.279130e-03 |
|   5.000000e-02 |   1.519313e-01 |  -5.314766e-02 |     5.211977e-02 |  -6.287069e-03 |  -6.287069e-03 |
+----------------+----------------+----------------+------------------+----------------+----------------+
+----------------+--------------------+--------------------+----------------+----------------+----------------+
| time           | solid_fraction_max | solid_fraction_min | stability_max  | stability_min  | top_reaction   |
+----------------+--------------------+--------------------+----------------+----------------+----------------+
:                :                    :                    :                :                :                :
|   3.600000e-02 |       6.108241e-01 |       6.086587e-01 |   2.805068e+01 |   2.800116e+01 |  -1.400000e+00 |
|   3.700000e-02 |       6.108480e-01 |       6.087537e-01 |   2.804902e+01 |   2.800113e+01 |  -1.400000e+00 |
|   3.800000e-02 |       6.108711e-01 |       6.088456e-01 |   2.804741e+01 |   2.800109e+01 |  -1.400000e+00 |
|   3.900000e-02 |       6.108935e-01 |       6.089345e-01 |   2.804585e+01 |   2.800105e+01 |  -1.400000e+00 |
|   4.000000e-02 |       6.109151e-01 |       6.090205e-01 |   2.804435e+01 |   2.800102e+01 |  -1.400000e+00 |
|   4.100000e-02 |       6.109360e-01 |       6.091037e-01 |   2.804289e+01 |   2.800098e+01 |  -1.400000e+00 |
|   4.200000e-02 |       6.109563e-01 |       6.091842e-01 |   2.804148e+01 |   2.800095e+01 |  -1.400000e+00 |
|   4.300000e-02 |       6.109758e-01 |       6.092621e-01 |   2.804011e+01 |   2.800092e+01 |  -1.400000e+00 |
|   4.400000e-02 |       6.109948e-01 |       6.093375e-01 |   2.803879e+01 |   2.800089e+01 |  -1.400000e+00 |
|   4.500000e-02 |       6.110131e-01 |       6.094104e-01 |   2.803751e+01 |   2.800086e+01 |  -1.400000e+00 |
|   4.600000e-02 |       6.110308e-01 |       6.094809e-01 |   2.803628e+01 |   2.800083e+01 |  -1.400000e+00 |
|   4.700000e-02 |       6.110479e-01 |       6.095492e-01 |   2.803508e+01 |   2.800080e+01 |  -1.400000e+00 |
|   4.800000e-02 |       6.110645e-01 |       6.096151e-01 |   2.803393e+01 |   2.800078e+01 |  -1.400000e+00 |
|   4.900000e-02 |       6.110805e-01 |       6.096790e-01 |   2.803281e+01 |   2.800075e+01 |  -1.400000e+00 |
|   5.000000e-02 |       6.110960e-01 |       6.097407e-01 |   2.803172e+01 |   2.800073e+01 |  -1.400000e+00 |
+----------------+--------------------+--------------------+----------------+----------------+----------------+


Time Step 51, time = 0.051, dt = 0.001
 * Nonlinear |R| = [32m6.602812e-03[39m (Before preset BCs, predictors, correctors, and constraints)
 0 Nonlinear |R| = [32m6.602812e-03[39m
      0 Linear |R| = [32m6.602812e-03[39m
      1 Linear |R| = [32m2.402213e-03[39m
      2 Linear |R| = [32m2.120753e-03[39m
      3 Linear |R| = [32m3.733701e-05[39m
      4 Linear |R| = [32m1.137008e-05[39m
      5 Linear |R| = [32m8.222335e-06[39m
      6 Linear |R| = [32m9.972666e-07[39m
      7 Linear |R| = [32m1.338207e-07[39m
      8 Linear |R| = [32m1.669654e-08[39m
      9 Linear |R| = [32m1.190552e-08[39m
     10 Linear |R| = [32m5.838961e-09[39m
     11 Linear |R| = [32m1.191360e-09[39m
     12 Linear |R| = [32m2.039709e-10[39m
     13 Linear |R| = [32m8.291607e-11[39m
     14 Linear |R| = [32m9.847897e-12[39m
     15 Linear |R| = [32m7.317685e-13[39m
 1 Nonlinear |R| = [32m1.108560e-06[39m
      0 Linear |R| = [32m1.108560e-06[39m
      1 Linear |R| = [32m2.074459e-07[39m
      2 Linear |R| = [32m3.734101e-09[39m
      3 Linear |R| = [33m3.556517e-09[39m
      4 Linear |R| = [32m1.154922e-09[39m
      5 Linear |R| = [32m1.063754e-09[39m
      6 Linear |R| = [32m2.929066e-10[39m
      7 Linear |R| = [32m3.416601e-11[39m
      8 Linear |R| = [32m4.041650e-12[39m
      9 Linear |R| = [32m3.341880e-12[39m
     10 Linear |R| = [32m1.838001e-12[39m
     11 Linear |R| = [32m1.247239e-13[39m
     12 Linear |R| = [32m3.969450e-14[39m
     13 Linear |R| = [32m2.164977e-14[39m
     14 Linear |R| = [32m1.931745e-15[39m
     15 Linear |R| = [32m2.072390e-16[39m
 2 Nonlinear |R| = [32m3.736132e-12[39m
[32m Solve Converged![39m

Outlier Variable Residual Norms:
  uy: [33m3.224434e-12[39m

Postprocessor Values:
+----------------+----------------+----------------+----------------+----------------+----------------+----------------+
| time           | J_max          | J_min          | Jbar_max       | Jbar_min       | center_pressure| edge_ux        |
+----------------+----------------+----------------+----------------+----------------+----------------+----------------+
:                :                :                :                :                :                :                :
|   3.700000e-02 |   9.725526e-01 |   9.696827e-01 |   9.872146e-01 |   9.867417e-01 |   8.534132e-02 |   4.744102e-03 |
|   3.800000e-02 |   9.723969e-01 |   9.696220e-01 |   9.871902e-01 |   9.867325e-01 |   8.254049e-02 |   4.617322e-03 |
|   3.900000e-02 |   9.722462e-01 |   9.695633e-01 |   9.871665e-01 |   9.867237e-01 |   7.983012e-02 |   4.494697e-03 |
|   4.000000e-02 |   9.721005e-01 |   9.695065e-01 |   9.871436e-01 |   9.867152e-01 |   7.720739e-02 |   4.376093e-03 |
|   4.100000e-02 |   9.719596e-01 |   9.694516e-01 |   9.871215e-01 |   9.867069e-01 |   7.466957e-02 |   4.261379e-03 |
|   4.200000e-02 |   9.718233e-01 |   9.693985e-01 |   9.871001e-01 |   9.866990e-01 |   7.221400e-02 |   4.150431e-03 |
|   4.300000e-02 |   9.716915e-01 |   9.693471e-01 |   9.870794e-01 |   9.866913e-01 |   6.983808e-02 |   4.043127e-03 |
|   4.400000e-02 |   9.715640e-01 |   9.692974e-01 |   9.870594e-01 |   9.866840e-01 |   6.753932e-02 |   3.939348e-03 |
|   4.500000e-02 |   9.714408e-01 |   9.692494e-01 |   9.870401e-01 |   9.866768e-01 |   6.531526e-02 |   3.838981e-03 |
|   4.600000e-02 |   9.713216e-01 |   9.692029e-01 |   9.870214e-01 |   9.866699e-01 |   6.316355e-02 |   3.741915e-03 |
|   4.700000e-02 |   9.712063e-01 |   9.691580e-01 |   9.870033e-01 |   9.866633e-01 |   6.108190e-02 |   3.648042e-03 |
|   4.800000e-02 |   9.710948e-01 |   9.691145e-01 |   9.869857e-01 |   9.866569e-01 |   5.906807e-02 |   3.557259e-03 |
|   4.900000e-02 |   9.709870e-01 |   9.690724e-01 |   9.869688e-01 |   9.866507e-01 |   5.711991e-02 |   3.469466e-03 |
|   5.000000e-02 |   9.708828e-01 |   9.690318e-01 |   9.869524e-01 |   9.866447e-01 |   5.523532e-02 |   3.384565e-03 |
|   5.100000e-02 |   9.707820e-01 |   9.689925e-01 |   9.869366e-01 |   9.866389e-01 |   5.341228e-02 |   3.302462e-03 |
+----------------+----------------+----------------+----------------+----------------+----------------+----------------+
+----------------+----------------+----------------+------------------+----------------+----------------+
| time           | mass           | mass_reaction  | outflow_gradient | platen_max     | platen_min     |
+----------------+----------------+----------------+------------------+----------------+----------------+
:                :                :                :                  :                :                :
|   3.700000e-02 |   1.527832e-01 |  -8.224558e-02 |     8.063671e-02 |  -6.159939e-03 |  -6.159939e-03 |
|   3.800000e-02 |   1.527037e-01 |  -7.953417e-02 |     7.798000e-02 |  -6.171793e-03 |  -6.171793e-03 |
|   3.900000e-02 |   1.526268e-01 |  -7.691128e-02 |     7.540991e-02 |  -6.183259e-03 |  -6.183259e-03 |
|   4.000000e-02 |   1.525524e-01 |  -7.437406e-02 |     7.292366e-02 |  -6.194349e-03 |  -6.194349e-03 |
|   4.100000e-02 |   1.524805e-01 |  -7.191973e-02 |     7.051854e-02 |  -6.205075e-03 |  -6.205075e-03 |
|   4.200000e-02 |   1.524110e-01 |  -6.954563e-02 |     6.819195e-02 |  -6.215450e-03 |  -6.215450e-03 |
|   4.300000e-02 |   1.523437e-01 |  -6.724917e-02 |     6.594136e-02 |  -6.225484e-03 |  -6.225484e-03 |
|   4.400000e-02 |   1.522787e-01 |  -6.502785e-02 |     6.376434e-02 |  -6.235188e-03 |  -6.235188e-03 |
|   4.500000e-02 |   1.522158e-01 |  -6.287925e-02 |     6.165852e-02 |  -6.244574e-03 |  -6.244574e-03 |
|   4.600000e-02 |   1.521550e-01 |  -6.080104e-02 |     5.962161e-02 |  -6.253651e-03 |  -6.253651e-03 |
|   4.700000e-02 |   1.520962e-01 |  -5.879093e-02 |     5.765139e-02 |  -6.262430e-03 |  -6.262430e-03 |
|   4.800000e-02 |   1.520394e-01 |  -5.684674e-02 |     5.574572e-02 |  -6.270919e-03 |  -6.270919e-03 |
|   4.900000e-02 |   1.519844e-01 |  -5.496634e-02 |     5.390252e-02 |  -6.279130e-03 |  -6.279130e-03 |
|   5.000000e-02 |   1.519313e-01 |  -5.314766e-02 |     5.211977e-02 |  -6.287069e-03 |  -6.287069e-03 |
|   5.100000e-02 |   1.518799e-01 |  -5.138871e-02 |     5.039553e-02 |  -6.294748e-03 |  -6.294748e-03 |
+----------------+----------------+----------------+------------------+----------------+----------------+
+----------------+--------------------+--------------------+----------------+----------------+----------------+
| time           | solid_fraction_max | solid_fraction_min | stability_max  | stability_min  | top_reaction   |
+----------------+--------------------+--------------------+----------------+----------------+----------------+
:                :                    :                    :                :                :                :
|   3.700000e-02 |       6.108480e-01 |       6.087537e-01 |   2.804902e+01 |   2.800113e+01 |  -1.400000e+00 |
|   3.800000e-02 |       6.108711e-01 |       6.088456e-01 |   2.804741e+01 |   2.800109e+01 |  -1.400000e+00 |
|   3.900000e-02 |       6.108935e-01 |       6.089345e-01 |   2.804585e+01 |   2.800105e+01 |  -1.400000e+00 |
|   4.000000e-02 |       6.109151e-01 |       6.090205e-01 |   2.804435e+01 |   2.800102e+01 |  -1.400000e+00 |
|   4.100000e-02 |       6.109360e-01 |       6.091037e-01 |   2.804289e+01 |   2.800098e+01 |  -1.400000e+00 |
|   4.200000e-02 |       6.109563e-01 |       6.091842e-01 |   2.804148e+01 |   2.800095e+01 |  -1.400000e+00 |
|   4.300000e-02 |       6.109758e-01 |       6.092621e-01 |   2.804011e+01 |   2.800092e+01 |  -1.400000e+00 |
|   4.400000e-02 |       6.109948e-01 |       6.093375e-01 |   2.803879e+01 |   2.800089e+01 |  -1.400000e+00 |
|   4.500000e-02 |       6.110131e-01 |       6.094104e-01 |   2.803751e+01 |   2.800086e+01 |  -1.400000e+00 |
|   4.600000e-02 |       6.110308e-01 |       6.094809e-01 |   2.803628e+01 |   2.800083e+01 |  -1.400000e+00 |
|   4.700000e-02 |       6.110479e-01 |       6.095492e-01 |   2.803508e+01 |   2.800080e+01 |  -1.400000e+00 |
|   4.800000e-02 |       6.110645e-01 |       6.096151e-01 |   2.803393e+01 |   2.800078e+01 |  -1.400000e+00 |
|   4.900000e-02 |       6.110805e-01 |       6.096790e-01 |   2.803281e+01 |   2.800075e+01 |  -1.400000e+00 |
|   5.000000e-02 |       6.110960e-01 |       6.097407e-01 |   2.803172e+01 |   2.800073e+01 |  -1.400000e+00 |
|   5.100000e-02 |       6.111110e-01 |       6.098005e-01 |   2.803068e+01 |   2.800070e+01 |  -1.400000e+00 |
+----------------+--------------------+--------------------+----------------+----------------+----------------+


Time Step 52, time = 0.052, dt = 0.001
 * Nonlinear |R| = [32m6.384169e-03[39m (Before preset BCs, predictors, correctors, and constraints)
 0 Nonlinear |R| = [32m6.384169e-03[39m
      0 Linear |R| = [32m6.384169e-03[39m
      1 Linear |R| = [32m2.323147e-03[39m
      2 Linear |R| = [32m2.051062e-03[39m
      3 Linear |R| = [32m3.610525e-05[39m
      4 Linear |R| = [32m1.099541e-05[39m
      5 Linear |R| = [32m8.282989e-06[39m
      6 Linear |R| = [32m9.643955e-07[39m
      7 Linear |R| = [32m1.294132e-07[39m
      8 Linear |R| = [32m2.676155e-08[39m
      9 Linear |R| = [32m1.151350e-08[39m
     10 Linear |R| = [32m5.645071e-09[39m
     11 Linear |R| = [32m1.152357e-09[39m
     12 Linear |R| = [32m5.616031e-10[39m
     13 Linear |R| = [32m8.018303e-11[39m
     14 Linear |R| = [32m9.522094e-12[39m
     15 Linear |R| = [32m8.452864e-13[39m
 1 Nonlinear |R| = [32m1.034583e-06[39m
      0 Linear |R| = [32m1.034583e-06[39m
      1 Linear |R| = [32m1.953382e-07[39m
      2 Linear |R| = [32m4.896218e-09[39m
      3 Linear |R| = [32m3.385123e-09[39m
      4 Linear |R| = [32m1.092650e-09[39m
      5 Linear |R| = [32m1.002969e-09[39m
      6 Linear |R| = [32m2.717966e-10[39m
      7 Linear |R| = [32m3.114484e-11[39m
      8 Linear |R| = [32m4.246861e-12[39m
      9 Linear |R| = [32m3.558563e-12[39m
     10 Linear |R| = [32m2.095363e-12[39m
     11 Linear |R| = [32m1.238693e-13[39m
     12 Linear |R| = [32m3.696626e-14[39m
     13 Linear |R| = [32m2.024833e-14[39m
     14 Linear |R| = [32m1.675805e-15[39m
     15 Linear |R| = [32m1.799527e-16[39m
 2 Nonlinear |R| = [32m3.564443e-12[39m
[32m Solve Converged![39m

Outlier Variable Residual Norms:
  uy: [33m3.057560e-12[39m

Postprocessor Values:
+----------------+----------------+----------------+----------------+----------------+----------------+----------------+
| time           | J_max          | J_min          | Jbar_max       | Jbar_min       | center_pressure| edge_ux        |
+----------------+----------------+----------------+----------------+----------------+----------------+----------------+
:                :                :                :                :                :                :                :
|   3.800000e-02 |   9.723969e-01 |   9.696220e-01 |   9.871902e-01 |   9.867325e-01 |   8.254049e-02 |   4.617322e-03 |
|   3.900000e-02 |   9.722462e-01 |   9.695633e-01 |   9.871665e-01 |   9.867237e-01 |   7.983012e-02 |   4.494697e-03 |
|   4.000000e-02 |   9.721005e-01 |   9.695065e-01 |   9.871436e-01 |   9.867152e-01 |   7.720739e-02 |   4.376093e-03 |
|   4.100000e-02 |   9.719596e-01 |   9.694516e-01 |   9.871215e-01 |   9.867069e-01 |   7.466957e-02 |   4.261379e-03 |
|   4.200000e-02 |   9.718233e-01 |   9.693985e-01 |   9.871001e-01 |   9.866990e-01 |   7.221400e-02 |   4.150431e-03 |
|   4.300000e-02 |   9.716915e-01 |   9.693471e-01 |   9.870794e-01 |   9.866913e-01 |   6.983808e-02 |   4.043127e-03 |
|   4.400000e-02 |   9.715640e-01 |   9.692974e-01 |   9.870594e-01 |   9.866840e-01 |   6.753932e-02 |   3.939348e-03 |
|   4.500000e-02 |   9.714408e-01 |   9.692494e-01 |   9.870401e-01 |   9.866768e-01 |   6.531526e-02 |   3.838981e-03 |
|   4.600000e-02 |   9.713216e-01 |   9.692029e-01 |   9.870214e-01 |   9.866699e-01 |   6.316355e-02 |   3.741915e-03 |
|   4.700000e-02 |   9.712063e-01 |   9.691580e-01 |   9.870033e-01 |   9.866633e-01 |   6.108190e-02 |   3.648042e-03 |
|   4.800000e-02 |   9.710948e-01 |   9.691145e-01 |   9.869857e-01 |   9.866569e-01 |   5.906807e-02 |   3.557259e-03 |
|   4.900000e-02 |   9.709870e-01 |   9.690724e-01 |   9.869688e-01 |   9.866507e-01 |   5.711991e-02 |   3.469466e-03 |
|   5.000000e-02 |   9.708828e-01 |   9.690318e-01 |   9.869524e-01 |   9.866447e-01 |   5.523532e-02 |   3.384565e-03 |
|   5.100000e-02 |   9.707820e-01 |   9.689925e-01 |   9.869366e-01 |   9.866389e-01 |   5.341228e-02 |   3.302462e-03 |
|   5.200000e-02 |   9.706846e-01 |   9.689545e-01 |   9.869213e-01 |   9.866333e-01 |   5.164881e-02 |   3.223067e-03 |
+----------------+----------------+----------------+----------------+----------------+----------------+----------------+
+----------------+----------------+----------------+------------------+----------------+----------------+
| time           | mass           | mass_reaction  | outflow_gradient | platen_max     | platen_min     |
+----------------+----------------+----------------+------------------+----------------+----------------+
:                :                :                :                  :                :                :
|   3.800000e-02 |   1.527037e-01 |  -7.953417e-02 |     7.798000e-02 |  -6.171793e-03 |  -6.171793e-03 |
|   3.900000e-02 |   1.526268e-01 |  -7.691128e-02 |     7.540991e-02 |  -6.183259e-03 |  -6.183259e-03 |
|   4.000000e-02 |   1.525524e-01 |  -7.437406e-02 |     7.292366e-02 |  -6.194349e-03 |  -6.194349e-03 |
|   4.100000e-02 |   1.524805e-01 |  -7.191973e-02 |     7.051854e-02 |  -6.205075e-03 |  -6.205075e-03 |
|   4.200000e-02 |   1.524110e-01 |  -6.954563e-02 |     6.819195e-02 |  -6.215450e-03 |  -6.215450e-03 |
|   4.300000e-02 |   1.523437e-01 |  -6.724917e-02 |     6.594136e-02 |  -6.225484e-03 |  -6.225484e-03 |
|   4.400000e-02 |   1.522787e-01 |  -6.502785e-02 |     6.376434e-02 |  -6.235188e-03 |  -6.235188e-03 |
|   4.500000e-02 |   1.522158e-01 |  -6.287925e-02 |     6.165852e-02 |  -6.244574e-03 |  -6.244574e-03 |
|   4.600000e-02 |   1.521550e-01 |  -6.080104e-02 |     5.962161e-02 |  -6.253651e-03 |  -6.253651e-03 |
|   4.700000e-02 |   1.520962e-01 |  -5.879093e-02 |     5.765139e-02 |  -6.262430e-03 |  -6.262430e-03 |
|   4.800000e-02 |   1.520394e-01 |  -5.684674e-02 |     5.574572e-02 |  -6.270919e-03 |  -6.270919e-03 |
|   4.900000e-02 |   1.519844e-01 |  -5.496634e-02 |     5.390252e-02 |  -6.279130e-03 |  -6.279130e-03 |
|   5.000000e-02 |   1.519313e-01 |  -5.314766e-02 |     5.211977e-02 |  -6.287069e-03 |  -6.287069e-03 |
|   5.100000e-02 |   1.518799e-01 |  -5.138871e-02 |     5.039553e-02 |  -6.294748e-03 |  -6.294748e-03 |
|   5.200000e-02 |   1.518302e-01 |  -4.968755e-02 |     4.872789e-02 |  -6.302173e-03 |  -6.302173e-03 |
+----------------+----------------+----------------+------------------+----------------+----------------+
+----------------+--------------------+--------------------+----------------+----------------+----------------+
| time           | solid_fraction_max | solid_fraction_min | stability_max  | stability_min  | top_reaction   |
+----------------+--------------------+--------------------+----------------+----------------+----------------+
:                :                    :                    :                :                :                :
|   3.800000e-02 |       6.108711e-01 |       6.088456e-01 |   2.804741e+01 |   2.800109e+01 |  -1.400000e+00 |
|   3.900000e-02 |       6.108935e-01 |       6.089345e-01 |   2.804585e+01 |   2.800105e+01 |  -1.400000e+00 |
|   4.000000e-02 |       6.109151e-01 |       6.090205e-01 |   2.804435e+01 |   2.800102e+01 |  -1.400000e+00 |
|   4.100000e-02 |       6.109360e-01 |       6.091037e-01 |   2.804289e+01 |   2.800098e+01 |  -1.400000e+00 |
|   4.200000e-02 |       6.109563e-01 |       6.091842e-01 |   2.804148e+01 |   2.800095e+01 |  -1.400000e+00 |
|   4.300000e-02 |       6.109758e-01 |       6.092621e-01 |   2.804011e+01 |   2.800092e+01 |  -1.400000e+00 |
|   4.400000e-02 |       6.109948e-01 |       6.093375e-01 |   2.803879e+01 |   2.800089e+01 |  -1.400000e+00 |
|   4.500000e-02 |       6.110131e-01 |       6.094104e-01 |   2.803751e+01 |   2.800086e+01 |  -1.400000e+00 |
|   4.600000e-02 |       6.110308e-01 |       6.094809e-01 |   2.803628e+01 |   2.800083e+01 |  -1.400000e+00 |
|   4.700000e-02 |       6.110479e-01 |       6.095492e-01 |   2.803508e+01 |   2.800080e+01 |  -1.400000e+00 |
|   4.800000e-02 |       6.110645e-01 |       6.096151e-01 |   2.803393e+01 |   2.800078e+01 |  -1.400000e+00 |
|   4.900000e-02 |       6.110805e-01 |       6.096790e-01 |   2.803281e+01 |   2.800075e+01 |  -1.400000e+00 |
|   5.000000e-02 |       6.110960e-01 |       6.097407e-01 |   2.803172e+01 |   2.800073e+01 |  -1.400000e+00 |
|   5.100000e-02 |       6.111110e-01 |       6.098005e-01 |   2.803068e+01 |   2.800070e+01 |  -1.400000e+00 |
|   5.200000e-02 |       6.111255e-01 |       6.098583e-01 |   2.802966e+01 |   2.800068e+01 |  -1.400000e+00 |
+----------------+--------------------+--------------------+----------------+----------------+----------------+


Time Step 53, time = 0.053, dt = 0.001
 * Nonlinear |R| = [32m6.172718e-03[39m (Before preset BCs, predictors, correctors, and constraints)
 0 Nonlinear |R| = [32m6.172718e-03[39m
      0 Linear |R| = [32m6.172718e-03[39m
      1 Linear |R| = [32m2.246644e-03[39m
      2 Linear |R| = [32m1.983612e-03[39m
      3 Linear |R| = [32m3.491417e-05[39m
      4 Linear |R| = [32m1.063217e-05[39m
      5 Linear |R| = [32m7.818309e-06[39m
      6 Linear |R| = [32m9.325948e-07[39m
      7 Linear |R| = [32m1.251405e-07[39m
      8 Linear |R| = [32m1.484858e-08[39m
      9 Linear |R| = [32m1.112942e-08[39m
     10 Linear |R| = [32m5.454936e-09[39m
     11 Linear |R| = [32m1.113992e-09[39m
     12 Linear |R| = [32m1.812871e-10[39m
     13 Linear |R| = [32m7.753528e-11[39m
     14 Linear |R| = [32m9.205886e-12[39m
     15 Linear |R| = [32m7.039299e-13[39m
 1 Nonlinear |R| = [32m9.683089e-07[39m
      0 Linear |R| = [32m9.683089e-07[39m
      1 Linear |R| = [32m1.807535e-07[39m
      2 Linear |R| = [32m4.803196e-09[39m
      3 Linear |R| = [32m3.132281e-09[39m
      4 Linear |R| = [32m1.013825e-09[39m
      5 Linear |R| = [32m9.368997e-10[39m
      6 Linear |R| = [32m2.533050e-10[39m
      7 Linear |R| = [32m2.836263e-11[39m
      8 Linear |R| = [32m3.122031e-12[39m
      9 Linear |R| = [32m2.858126e-12[39m
     10 Linear |R| = [32m1.474132e-12[39m
     11 Linear |R| = [32m1.216251e-13[39m
     12 Linear |R| = [32m2.487438e-14[39m
     13 Linear |R| = [32m1.855529e-14[39m
     14 Linear |R| = [32m1.679755e-15[39m
     15 Linear |R| = [32m1.685632e-16[39m
 2 Nonlinear |R| = [32m3.453817e-12[39m
[32m Solve Converged![39m

Outlier Variable Residual Norms:
  uy: [33m3.010525e-12[39m

Postprocessor Values:
+----------------+----------------+----------------+----------------+----------------+----------------+----------------+
| time           | J_max          | J_min          | Jbar_max       | Jbar_min       | center_pressure| edge_ux        |
+----------------+----------------+----------------+----------------+----------------+----------------+----------------+
:                :                :                :                :                :                :                :
|   3.900000e-02 |   9.722462e-01 |   9.695633e-01 |   9.871665e-01 |   9.867237e-01 |   7.983012e-02 |   4.494697e-03 |
|   4.000000e-02 |   9.721005e-01 |   9.695065e-01 |   9.871436e-01 |   9.867152e-01 |   7.720739e-02 |   4.376093e-03 |
|   4.100000e-02 |   9.719596e-01 |   9.694516e-01 |   9.871215e-01 |   9.867069e-01 |   7.466957e-02 |   4.261379e-03 |
|   4.200000e-02 |   9.718233e-01 |   9.693985e-01 |   9.871001e-01 |   9.866990e-01 |   7.221400e-02 |   4.150431e-03 |
|   4.300000e-02 |   9.716915e-01 |   9.693471e-01 |   9.870794e-01 |   9.866913e-01 |   6.983808e-02 |   4.043127e-03 |
|   4.400000e-02 |   9.715640e-01 |   9.692974e-01 |   9.870594e-01 |   9.866840e-01 |   6.753932e-02 |   3.939348e-03 |
|   4.500000e-02 |   9.714408e-01 |   9.692494e-01 |   9.870401e-01 |   9.866768e-01 |   6.531526e-02 |   3.838981e-03 |
|   4.600000e-02 |   9.713216e-01 |   9.692029e-01 |   9.870214e-01 |   9.866699e-01 |   6.316355e-02 |   3.741915e-03 |
|   4.700000e-02 |   9.712063e-01 |   9.691580e-01 |   9.870033e-01 |   9.866633e-01 |   6.108190e-02 |   3.648042e-03 |
|   4.800000e-02 |   9.710948e-01 |   9.691145e-01 |   9.869857e-01 |   9.866569e-01 |   5.906807e-02 |   3.557259e-03 |
|   4.900000e-02 |   9.709870e-01 |   9.690724e-01 |   9.869688e-01 |   9.866507e-01 |   5.711991e-02 |   3.469466e-03 |
|   5.000000e-02 |   9.708828e-01 |   9.690318e-01 |   9.869524e-01 |   9.866447e-01 |   5.523532e-02 |   3.384565e-03 |
|   5.100000e-02 |   9.707820e-01 |   9.689925e-01 |   9.869366e-01 |   9.866389e-01 |   5.341228e-02 |   3.302462e-03 |
|   5.200000e-02 |   9.706846e-01 |   9.689545e-01 |   9.869213e-01 |   9.866333e-01 |   5.164881e-02 |   3.223067e-03 |
|   5.300000e-02 |   9.705903e-01 |   9.689177e-01 |   9.869065e-01 |   9.866279e-01 |   4.994300e-02 |   3.146289e-03 |
+----------------+----------------+----------------+----------------+----------------+----------------+----------------+
+----------------+----------------+----------------+------------------+----------------+----------------+
| time           | mass           | mass_reaction  | outflow_gradient | platen_max     | platen_min     |
+----------------+----------------+----------------+------------------+----------------+----------------+
:                :                :                :                  :                :                :
|   3.900000e-02 |   1.526268e-01 |  -7.691128e-02 |     7.540991e-02 |  -6.183259e-03 |  -6.183259e-03 |
|   4.000000e-02 |   1.525524e-01 |  -7.437406e-02 |     7.292366e-02 |  -6.194349e-03 |  -6.194349e-03 |
|   4.100000e-02 |   1.524805e-01 |  -7.191973e-02 |     7.051854e-02 |  -6.205075e-03 |  -6.205075e-03 |
|   4.200000e-02 |   1.524110e-01 |  -6.954563e-02 |     6.819195e-02 |  -6.215450e-03 |  -6.215450e-03 |
|   4.300000e-02 |   1.523437e-01 |  -6.724917e-02 |     6.594136e-02 |  -6.225484e-03 |  -6.225484e-03 |
|   4.400000e-02 |   1.522787e-01 |  -6.502785e-02 |     6.376434e-02 |  -6.235188e-03 |  -6.235188e-03 |
|   4.500000e-02 |   1.522158e-01 |  -6.287925e-02 |     6.165852e-02 |  -6.244574e-03 |  -6.244574e-03 |
|   4.600000e-02 |   1.521550e-01 |  -6.080104e-02 |     5.962161e-02 |  -6.253651e-03 |  -6.253651e-03 |
|   4.700000e-02 |   1.520962e-01 |  -5.879093e-02 |     5.765139e-02 |  -6.262430e-03 |  -6.262430e-03 |
|   4.800000e-02 |   1.520394e-01 |  -5.684674e-02 |     5.574572e-02 |  -6.270919e-03 |  -6.270919e-03 |
|   4.900000e-02 |   1.519844e-01 |  -5.496634e-02 |     5.390252e-02 |  -6.279130e-03 |  -6.279130e-03 |
|   5.000000e-02 |   1.519313e-01 |  -5.314766e-02 |     5.211977e-02 |  -6.287069e-03 |  -6.287069e-03 |
|   5.100000e-02 |   1.518799e-01 |  -5.138871e-02 |     5.039553e-02 |  -6.294748e-03 |  -6.294748e-03 |
|   5.200000e-02 |   1.518302e-01 |  -4.968755e-02 |     4.872789e-02 |  -6.302173e-03 |  -6.302173e-03 |
|   5.300000e-02 |   1.517821e-01 |  -4.804232e-02 |     4.711503e-02 |  -6.309353e-03 |  -6.309353e-03 |
+----------------+----------------+----------------+------------------+----------------+----------------+
+----------------+--------------------+--------------------+----------------+----------------+----------------+
| time           | solid_fraction_max | solid_fraction_min | stability_max  | stability_min  | top_reaction   |
+----------------+--------------------+--------------------+----------------+----------------+----------------+
:                :                    :                    :                :                :                :
|   3.900000e-02 |       6.108935e-01 |       6.089345e-01 |   2.804585e+01 |   2.800105e+01 |  -1.400000e+00 |
|   4.000000e-02 |       6.109151e-01 |       6.090205e-01 |   2.804435e+01 |   2.800102e+01 |  -1.400000e+00 |
|   4.100000e-02 |       6.109360e-01 |       6.091037e-01 |   2.804289e+01 |   2.800098e+01 |  -1.400000e+00 |
|   4.200000e-02 |       6.109563e-01 |       6.091842e-01 |   2.804148e+01 |   2.800095e+01 |  -1.400000e+00 |
|   4.300000e-02 |       6.109758e-01 |       6.092621e-01 |   2.804011e+01 |   2.800092e+01 |  -1.400000e+00 |
|   4.400000e-02 |       6.109948e-01 |       6.093375e-01 |   2.803879e+01 |   2.800089e+01 |  -1.400000e+00 |
|   4.500000e-02 |       6.110131e-01 |       6.094104e-01 |   2.803751e+01 |   2.800086e+01 |  -1.400000e+00 |
|   4.600000e-02 |       6.110308e-01 |       6.094809e-01 |   2.803628e+01 |   2.800083e+01 |  -1.400000e+00 |
|   4.700000e-02 |       6.110479e-01 |       6.095492e-01 |   2.803508e+01 |   2.800080e+01 |  -1.400000e+00 |
|   4.800000e-02 |       6.110645e-01 |       6.096151e-01 |   2.803393e+01 |   2.800078e+01 |  -1.400000e+00 |
|   4.900000e-02 |       6.110805e-01 |       6.096790e-01 |   2.803281e+01 |   2.800075e+01 |  -1.400000e+00 |
|   5.000000e-02 |       6.110960e-01 |       6.097407e-01 |   2.803172e+01 |   2.800073e+01 |  -1.400000e+00 |
|   5.100000e-02 |       6.111110e-01 |       6.098005e-01 |   2.803068e+01 |   2.800070e+01 |  -1.400000e+00 |
|   5.200000e-02 |       6.111255e-01 |       6.098583e-01 |   2.802966e+01 |   2.800068e+01 |  -1.400000e+00 |
|   5.300000e-02 |       6.111395e-01 |       6.099141e-01 |   2.802868e+01 |   2.800066e+01 |  -1.400000e+00 |
+----------------+--------------------+--------------------+----------------+----------------+----------------+


Time Step 54, time = 0.054, dt = 0.001
 * Nonlinear |R| = [32m5.968226e-03[39m (Before preset BCs, predictors, correctors, and constraints)
 0 Nonlinear |R| = [32m5.968226e-03[39m
      0 Linear |R| = [32m5.968226e-03[39m
      1 Linear |R| = [32m2.172637e-03[39m
      2 Linear |R| = [32m1.918363e-03[39m
      3 Linear |R| = [32m3.376182e-05[39m
      4 Linear |R| = [32m1.027977e-05[39m
      5 Linear |R| = [32m7.282312e-06[39m
      6 Linear |R| = [32m9.018293e-07[39m
      7 Linear |R| = [32m1.210113e-07[39m
      8 Linear |R| = [32m1.586561e-08[39m
      9 Linear |R| = [32m1.076125e-08[39m
     10 Linear |R| = [32m5.271692e-09[39m
     11 Linear |R| = [32m1.077160e-09[39m
     12 Linear |R| = [32m2.902116e-10[39m
     13 Linear |R| = [32m7.497729e-11[39m
     14 Linear |R| = [32m8.899805e-12[39m
     15 Linear |R| = [32m7.252626e-13[39m
 1 Nonlinear |R| = [32m9.087664e-07[39m
      0 Linear |R| = [32m9.087664e-07[39m
      1 Linear |R| = [32m1.702683e-07[39m
      2 Linear |R| = [32m6.025223e-09[39m
      3 Linear |R| = [32m2.877053e-09[39m
      4 Linear |R| = [32m9.432455e-10[39m
      5 Linear |R| = [32m8.734315e-10[39m
      6 Linear |R| = [32m2.382943e-10[39m
      7 Linear |R| = [32m2.882156e-11[39m
      8 Linear |R| = [32m3.133270e-12[39m
      9 Linear |R| = [32m2.556923e-12[39m
     10 Linear |R| = [32m1.201647e-12[39m
     11 Linear |R| = [32m6.100134e-14[39m
     12 Linear |R| = [32m3.248207e-14[39m
     13 Linear |R| = [32m1.762472e-14[39m
     14 Linear |R| = [32m8.201787e-16[39m
 2 Nonlinear |R| = [32m3.229968e-12[39m
[32m Solve Converged![39m

Outlier Variable Residual Norms:
  uy: [33m2.740801e-12[39m

Postprocessor Values:
+----------------+----------------+----------------+----------------+----------------+----------------+----------------+
| time           | J_max          | J_min          | Jbar_max       | Jbar_min       | center_pressure| edge_ux        |
+----------------+----------------+----------------+----------------+----------------+----------------+----------------+
:                :                :                :                :                :                :                :
|   4.000000e-02 |   9.721005e-01 |   9.695065e-01 |   9.871436e-01 |   9.867152e-01 |   7.720739e-02 |   4.376093e-03 |
|   4.100000e-02 |   9.719596e-01 |   9.694516e-01 |   9.871215e-01 |   9.867069e-01 |   7.466957e-02 |   4.261379e-03 |
|   4.200000e-02 |   9.718233e-01 |   9.693985e-01 |   9.871001e-01 |   9.866990e-01 |   7.221400e-02 |   4.150431e-03 |
|   4.300000e-02 |   9.716915e-01 |   9.693471e-01 |   9.870794e-01 |   9.866913e-01 |   6.983808e-02 |   4.043127e-03 |
|   4.400000e-02 |   9.715640e-01 |   9.692974e-01 |   9.870594e-01 |   9.866840e-01 |   6.753932e-02 |   3.939348e-03 |
|   4.500000e-02 |   9.714408e-01 |   9.692494e-01 |   9.870401e-01 |   9.866768e-01 |   6.531526e-02 |   3.838981e-03 |
|   4.600000e-02 |   9.713216e-01 |   9.692029e-01 |   9.870214e-01 |   9.866699e-01 |   6.316355e-02 |   3.741915e-03 |
|   4.700000e-02 |   9.712063e-01 |   9.691580e-01 |   9.870033e-01 |   9.866633e-01 |   6.108190e-02 |   3.648042e-03 |
|   4.800000e-02 |   9.710948e-01 |   9.691145e-01 |   9.869857e-01 |   9.866569e-01 |   5.906807e-02 |   3.557259e-03 |
|   4.900000e-02 |   9.709870e-01 |   9.690724e-01 |   9.869688e-01 |   9.866507e-01 |   5.711991e-02 |   3.469466e-03 |
|   5.000000e-02 |   9.708828e-01 |   9.690318e-01 |   9.869524e-01 |   9.866447e-01 |   5.523532e-02 |   3.384565e-03 |
|   5.100000e-02 |   9.707820e-01 |   9.689925e-01 |   9.869366e-01 |   9.866389e-01 |   5.341228e-02 |   3.302462e-03 |
|   5.200000e-02 |   9.706846e-01 |   9.689545e-01 |   9.869213e-01 |   9.866333e-01 |   5.164881e-02 |   3.223067e-03 |
|   5.300000e-02 |   9.705903e-01 |   9.689177e-01 |   9.869065e-01 |   9.866279e-01 |   4.994300e-02 |   3.146289e-03 |
|   5.400000e-02 |   9.704992e-01 |   9.688821e-01 |   9.868922e-01 |   9.866227e-01 |   4.829302e-02 |   3.072045e-03 |
+----------------+----------------+----------------+----------------+----------------+----------------+----------------+
+----------------+----------------+----------------+------------------+----------------+----------------+
| time           | mass           | mass_reaction  | outflow_gradient | platen_max     | platen_min     |
+----------------+----------------+----------------+------------------+----------------+----------------+
:                :                :                :                  :                :                :
|   4.000000e-02 |   1.525524e-01 |  -7.437406e-02 |     7.292366e-02 |  -6.194349e-03 |  -6.194349e-03 |
|   4.100000e-02 |   1.524805e-01 |  -7.191973e-02 |     7.051854e-02 |  -6.205075e-03 |  -6.205075e-03 |
|   4.200000e-02 |   1.524110e-01 |  -6.954563e-02 |     6.819195e-02 |  -6.215450e-03 |  -6.215450e-03 |
|   4.300000e-02 |   1.523437e-01 |  -6.724917e-02 |     6.594136e-02 |  -6.225484e-03 |  -6.225484e-03 |
|   4.400000e-02 |   1.522787e-01 |  -6.502785e-02 |     6.376434e-02 |  -6.235188e-03 |  -6.235188e-03 |
|   4.500000e-02 |   1.522158e-01 |  -6.287925e-02 |     6.165852e-02 |  -6.244574e-03 |  -6.244574e-03 |
|   4.600000e-02 |   1.521550e-01 |  -6.080104e-02 |     5.962161e-02 |  -6.253651e-03 |  -6.253651e-03 |
|   4.700000e-02 |   1.520962e-01 |  -5.879093e-02 |     5.765139e-02 |  -6.262430e-03 |  -6.262430e-03 |
|   4.800000e-02 |   1.520394e-01 |  -5.684674e-02 |     5.574572e-02 |  -6.270919e-03 |  -6.270919e-03 |
|   4.900000e-02 |   1.519844e-01 |  -5.496634e-02 |     5.390252e-02 |  -6.279130e-03 |  -6.279130e-03 |
|   5.000000e-02 |   1.519313e-01 |  -5.314766e-02 |     5.211977e-02 |  -6.287069e-03 |  -6.287069e-03 |
|   5.100000e-02 |   1.518799e-01 |  -5.138871e-02 |     5.039553e-02 |  -6.294748e-03 |  -6.294748e-03 |
|   5.200000e-02 |   1.518302e-01 |  -4.968755e-02 |     4.872789e-02 |  -6.302173e-03 |  -6.302173e-03 |
|   5.300000e-02 |   1.517821e-01 |  -4.804232e-02 |     4.711503e-02 |  -6.309353e-03 |  -6.309353e-03 |
|   5.400000e-02 |   1.517357e-01 |  -4.645120e-02 |     4.555518e-02 |  -6.316297e-03 |  -6.316297e-03 |
+----------------+----------------+----------------+------------------+----------------+----------------+
+----------------+--------------------+--------------------+----------------+----------------+----------------+
| time           | solid_fraction_max | solid_fraction_min | stability_max  | stability_min  | top_reaction   |
+----------------+--------------------+--------------------+----------------+----------------+----------------+
:                :                    :                    :                :                :                :
|   4.000000e-02 |       6.109151e-01 |       6.090205e-01 |   2.804435e+01 |   2.800102e+01 |  -1.400000e+00 |
|   4.100000e-02 |       6.109360e-01 |       6.091037e-01 |   2.804289e+01 |   2.800098e+01 |  -1.400000e+00 |
|   4.200000e-02 |       6.109563e-01 |       6.091842e-01 |   2.804148e+01 |   2.800095e+01 |  -1.400000e+00 |
|   4.300000e-02 |       6.109758e-01 |       6.092621e-01 |   2.804011e+01 |   2.800092e+01 |  -1.400000e+00 |
|   4.400000e-02 |       6.109948e-01 |       6.093375e-01 |   2.803879e+01 |   2.800089e+01 |  -1.400000e+00 |
|   4.500000e-02 |       6.110131e-01 |       6.094104e-01 |   2.803751e+01 |   2.800086e+01 |  -1.400000e+00 |
|   4.600000e-02 |       6.110308e-01 |       6.094809e-01 |   2.803628e+01 |   2.800083e+01 |  -1.400000e+00 |
|   4.700000e-02 |       6.110479e-01 |       6.095492e-01 |   2.803508e+01 |   2.800080e+01 |  -1.400000e+00 |
|   4.800000e-02 |       6.110645e-01 |       6.096151e-01 |   2.803393e+01 |   2.800078e+01 |  -1.400000e+00 |
|   4.900000e-02 |       6.110805e-01 |       6.096790e-01 |   2.803281e+01 |   2.800075e+01 |  -1.400000e+00 |
|   5.000000e-02 |       6.110960e-01 |       6.097407e-01 |   2.803172e+01 |   2.800073e+01 |  -1.400000e+00 |
|   5.100000e-02 |       6.111110e-01 |       6.098005e-01 |   2.803068e+01 |   2.800070e+01 |  -1.400000e+00 |
|   5.200000e-02 |       6.111255e-01 |       6.098583e-01 |   2.802966e+01 |   2.800068e+01 |  -1.400000e+00 |
|   5.300000e-02 |       6.111395e-01 |       6.099141e-01 |   2.802868e+01 |   2.800066e+01 |  -1.400000e+00 |
|   5.400000e-02 |       6.111531e-01 |       6.099682e-01 |   2.802774e+01 |   2.800064e+01 |  -1.400000e+00 |
+----------------+--------------------+--------------------+----------------+----------------+----------------+


Time Step 55, time = 0.055, dt = 0.001
 * Nonlinear |R| = [32m5.770466e-03[39m (Before preset BCs, predictors, correctors, and constraints)
 0 Nonlinear |R| = [32m5.770466e-03[39m
      0 Linear |R| = [32m5.770466e-03[39m
      1 Linear |R| = [32m2.101031e-03[39m
      2 Linear |R| = [32m1.855222e-03[39m
      3 Linear |R| = [32m3.264716e-05[39m
      4 Linear |R| = [32m9.941352e-06[39m
      5 Linear |R| = [32m7.232947e-06[39m
      6 Linear |R| = [32m8.720681e-07[39m
      7 Linear |R| = [32m1.170156e-07[39m
      8 Linear |R| = [32m1.464436e-08[39m
      9 Linear |R| = [32m1.040407e-08[39m
     10 Linear |R| = [32m5.093350e-09[39m
     11 Linear |R| = [32m1.041586e-09[39m
     12 Linear |R| = [32m3.448965e-10[39m
     13 Linear |R| = [32m7.250277e-11[39m
     14 Linear |R| = [32m8.604727e-12[39m
     15 Linear |R| = [32m6.871690e-13[39m
 1 Nonlinear |R| = [32m8.477553e-07[39m
      0 Linear |R| = [32m8.477553e-07[39m
      1 Linear |R| = [32m1.594325e-07[39m
      2 Linear |R| = [32m4.741660e-09[39m
      3 Linear |R| = [32m2.724776e-09[39m
      4 Linear |R| = [32m8.860618e-10[39m
      5 Linear |R| = [32m8.130912e-10[39m
      6 Linear |R| = [32m2.228775e-10[39m
      7 Linear |R| = [32m2.544275e-11[39m
      8 Linear |R| = [32m3.060603e-12[39m
      9 Linear |R| = [32m2.391622e-12[39m
     10 Linear |R| = [32m7.442032e-13[39m
     11 Linear |R| = [32m8.367888e-14[39m
     12 Linear |R| = [32m3.040204e-14[39m
     13 Linear |R| = [32m1.628615e-14[39m
     14 Linear |R| = [32m1.092105e-15[39m
     15 Linear |R| = [32m1.556432e-16[39m
 2 Nonlinear |R| = [32m2.850583e-12[39m
[32m Solve Converged![39m

Outlier Variable Residual Norms:
  uy: [33m2.399376e-12[39m

Postprocessor Values:
+----------------+----------------+----------------+----------------+----------------+----------------+----------------+
| time           | J_max          | J_min          | Jbar_max       | Jbar_min       | center_pressure| edge_ux        |
+----------------+----------------+----------------+----------------+----------------+----------------+----------------+
:                :                :                :                :                :                :                :
|   4.100000e-02 |   9.719596e-01 |   9.694516e-01 |   9.871215e-01 |   9.867069e-01 |   7.466957e-02 |   4.261379e-03 |
|   4.200000e-02 |   9.718233e-01 |   9.693985e-01 |   9.871001e-01 |   9.866990e-01 |   7.221400e-02 |   4.150431e-03 |
|   4.300000e-02 |   9.716915e-01 |   9.693471e-01 |   9.870794e-01 |   9.866913e-01 |   6.983808e-02 |   4.043127e-03 |
|   4.400000e-02 |   9.715640e-01 |   9.692974e-01 |   9.870594e-01 |   9.866840e-01 |   6.753932e-02 |   3.939348e-03 |
|   4.500000e-02 |   9.714408e-01 |   9.692494e-01 |   9.870401e-01 |   9.866768e-01 |   6.531526e-02 |   3.838981e-03 |
|   4.600000e-02 |   9.713216e-01 |   9.692029e-01 |   9.870214e-01 |   9.866699e-01 |   6.316355e-02 |   3.741915e-03 |
|   4.700000e-02 |   9.712063e-01 |   9.691580e-01 |   9.870033e-01 |   9.866633e-01 |   6.108190e-02 |   3.648042e-03 |
|   4.800000e-02 |   9.710948e-01 |   9.691145e-01 |   9.869857e-01 |   9.866569e-01 |   5.906807e-02 |   3.557259e-03 |
|   4.900000e-02 |   9.709870e-01 |   9.690724e-01 |   9.869688e-01 |   9.866507e-01 |   5.711991e-02 |   3.469466e-03 |
|   5.000000e-02 |   9.708828e-01 |   9.690318e-01 |   9.869524e-01 |   9.866447e-01 |   5.523532e-02 |   3.384565e-03 |
|   5.100000e-02 |   9.707820e-01 |   9.689925e-01 |   9.869366e-01 |   9.866389e-01 |   5.341228e-02 |   3.302462e-03 |
|   5.200000e-02 |   9.706846e-01 |   9.689545e-01 |   9.869213e-01 |   9.866333e-01 |   5.164881e-02 |   3.223067e-03 |
|   5.300000e-02 |   9.705903e-01 |   9.689177e-01 |   9.869065e-01 |   9.866279e-01 |   4.994300e-02 |   3.146289e-03 |
|   5.400000e-02 |   9.704992e-01 |   9.688821e-01 |   9.868922e-01 |   9.866227e-01 |   4.829302e-02 |   3.072045e-03 |
|   5.500000e-02 |   9.704111e-01 |   9.688478e-01 |   9.868783e-01 |   9.866177e-01 |   4.669705e-02 |   3.000252e-03 |
+----------------+----------------+----------------+----------------+----------------+----------------+----------------+
+----------------+----------------+----------------+------------------+----------------+----------------+
| time           | mass           | mass_reaction  | outflow_gradient | platen_max     | platen_min     |
+----------------+----------------+----------------+------------------+----------------+----------------+
:                :                :                :                  :                :                :
|   4.100000e-02 |   1.524805e-01 |  -7.191973e-02 |     7.051854e-02 |  -6.205075e-03 |  -6.205075e-03 |
|   4.200000e-02 |   1.524110e-01 |  -6.954563e-02 |     6.819195e-02 |  -6.215450e-03 |  -6.215450e-03 |
|   4.300000e-02 |   1.523437e-01 |  -6.724917e-02 |     6.594136e-02 |  -6.225484e-03 |  -6.225484e-03 |
|   4.400000e-02 |   1.522787e-01 |  -6.502785e-02 |     6.376434e-02 |  -6.235188e-03 |  -6.235188e-03 |
|   4.500000e-02 |   1.522158e-01 |  -6.287925e-02 |     6.165852e-02 |  -6.244574e-03 |  -6.244574e-03 |
|   4.600000e-02 |   1.521550e-01 |  -6.080104e-02 |     5.962161e-02 |  -6.253651e-03 |  -6.253651e-03 |
|   4.700000e-02 |   1.520962e-01 |  -5.879093e-02 |     5.765139e-02 |  -6.262430e-03 |  -6.262430e-03 |
|   4.800000e-02 |   1.520394e-01 |  -5.684674e-02 |     5.574572e-02 |  -6.270919e-03 |  -6.270919e-03 |
|   4.900000e-02 |   1.519844e-01 |  -5.496634e-02 |     5.390252e-02 |  -6.279130e-03 |  -6.279130e-03 |
|   5.000000e-02 |   1.519313e-01 |  -5.314766e-02 |     5.211977e-02 |  -6.287069e-03 |  -6.287069e-03 |
|   5.100000e-02 |   1.518799e-01 |  -5.138871e-02 |     5.039553e-02 |  -6.294748e-03 |  -6.294748e-03 |
|   5.200000e-02 |   1.518302e-01 |  -4.968755e-02 |     4.872789e-02 |  -6.302173e-03 |  -6.302173e-03 |
|   5.300000e-02 |   1.517821e-01 |  -4.804232e-02 |     4.711503e-02 |  -6.309353e-03 |  -6.309353e-03 |
|   5.400000e-02 |   1.517357e-01 |  -4.645120e-02 |     4.555518e-02 |  -6.316297e-03 |  -6.316297e-03 |
|   5.500000e-02 |   1.516908e-01 |  -4.491243e-02 |     4.404662e-02 |  -6.323011e-03 |  -6.323011e-03 |
+----------------+----------------+----------------+------------------+----------------+----------------+
+----------------+--------------------+--------------------+----------------+----------------+----------------+
| time           | solid_fraction_max | solid_fraction_min | stability_max  | stability_min  | top_reaction   |
+----------------+--------------------+--------------------+----------------+----------------+----------------+
:                :                    :                    :                :                :                :
|   4.100000e-02 |       6.109360e-01 |       6.091037e-01 |   2.804289e+01 |   2.800098e+01 |  -1.400000e+00 |
|   4.200000e-02 |       6.109563e-01 |       6.091842e-01 |   2.804148e+01 |   2.800095e+01 |  -1.400000e+00 |
|   4.300000e-02 |       6.109758e-01 |       6.092621e-01 |   2.804011e+01 |   2.800092e+01 |  -1.400000e+00 |
|   4.400000e-02 |       6.109948e-01 |       6.093375e-01 |   2.803879e+01 |   2.800089e+01 |  -1.400000e+00 |
|   4.500000e-02 |       6.110131e-01 |       6.094104e-01 |   2.803751e+01 |   2.800086e+01 |  -1.400000e+00 |
|   4.600000e-02 |       6.110308e-01 |       6.094809e-01 |   2.803628e+01 |   2.800083e+01 |  -1.400000e+00 |
|   4.700000e-02 |       6.110479e-01 |       6.095492e-01 |   2.803508e+01 |   2.800080e+01 |  -1.400000e+00 |
|   4.800000e-02 |       6.110645e-01 |       6.096151e-01 |   2.803393e+01 |   2.800078e+01 |  -1.400000e+00 |
|   4.900000e-02 |       6.110805e-01 |       6.096790e-01 |   2.803281e+01 |   2.800075e+01 |  -1.400000e+00 |
|   5.000000e-02 |       6.110960e-01 |       6.097407e-01 |   2.803172e+01 |   2.800073e+01 |  -1.400000e+00 |
|   5.100000e-02 |       6.111110e-01 |       6.098005e-01 |   2.803068e+01 |   2.800070e+01 |  -1.400000e+00 |
|   5.200000e-02 |       6.111255e-01 |       6.098583e-01 |   2.802966e+01 |   2.800068e+01 |  -1.400000e+00 |
|   5.300000e-02 |       6.111395e-01 |       6.099141e-01 |   2.802868e+01 |   2.800066e+01 |  -1.400000e+00 |
|   5.400000e-02 |       6.111531e-01 |       6.099682e-01 |   2.802774e+01 |   2.800064e+01 |  -1.400000e+00 |
|   5.500000e-02 |       6.111662e-01 |       6.100205e-01 |   2.802682e+01 |   2.800062e+01 |  -1.400000e+00 |
+----------------+--------------------+--------------------+----------------+----------------+----------------+


Time Step 56, time = 0.056, dt = 0.001
 * Nonlinear |R| = [32m5.579219e-03[39m (Before preset BCs, predictors, correctors, and constraints)
 0 Nonlinear |R| = [32m5.579219e-03[39m
      0 Linear |R| = [32m5.579219e-03[39m
      1 Linear |R| = [32m2.031765e-03[39m
      2 Linear |R| = [32m1.794141e-03[39m
      3 Linear |R| = [32m3.156882e-05[39m
      4 Linear |R| = [32m9.615106e-06[39m
      5 Linear |R| = [32m7.231275e-06[39m
      6 Linear |R| = [32m8.432819e-07[39m
      7 Linear |R| = [32m1.131524e-07[39m
      8 Linear |R| = [32m1.762542e-08[39m
      9 Linear |R| = [32m1.005962e-08[39m
     10 Linear |R| = [32m4.922180e-09[39m
     11 Linear |R| = [32m1.007056e-09[39m
     12 Linear |R| = [32m2.164883e-10[39m
     13 Linear |R| = [32m7.010783e-11[39m
     14 Linear |R| = [32m8.319176e-12[39m
     15 Linear |R| = [32m7.007620e-13[39m
 1 Nonlinear |R| = [32m7.941036e-07[39m
      0 Linear |R| = [32m7.941036e-07[39m
      1 Linear |R| = [32m1.487489e-07[39m
      2 Linear |R| = [32m3.096091e-09[39m
      3 Linear |R| = [32m2.486693e-09[39m
      4 Linear |R| = [32m8.250616e-10[39m
      5 Linear |R| = [32m7.598380e-10[39m
      6 Linear |R| = [32m2.052098e-10[39m
      7 Linear |R| = [32m2.383756e-11[39m
      8 Linear |R| = [32m2.803810e-12[39m
      9 Linear |R| = [32m2.304583e-12[39m
     10 Linear |R| = [32m9.617445e-13[39m
     11 Linear |R| = [32m8.729892e-14[39m
     12 Linear |R| = [32m3.078188e-14[39m
     13 Linear |R| = [32m1.545533e-14[39m
     14 Linear |R| = [32m1.266757e-15[39m
     15 Linear |R| = [32m1.395082e-16[39m
 2 Nonlinear |R| = [32m3.129813e-12[39m
[32m Solve Converged![39m

Outlier Variable Residual Norms:
  uy: [33m2.789903e-12[39m

Postprocessor Values:
+----------------+----------------+----------------+----------------+----------------+----------------+----------------+
| time           | J_max          | J_min          | Jbar_max       | Jbar_min       | center_pressure| edge_ux        |
+----------------+----------------+----------------+----------------+----------------+----------------+----------------+
:                :                :                :                :                :                :                :
|   4.200000e-02 |   9.718233e-01 |   9.693985e-01 |   9.871001e-01 |   9.866990e-01 |   7.221400e-02 |   4.150431e-03 |
|   4.300000e-02 |   9.716915e-01 |   9.693471e-01 |   9.870794e-01 |   9.866913e-01 |   6.983808e-02 |   4.043127e-03 |
|   4.400000e-02 |   9.715640e-01 |   9.692974e-01 |   9.870594e-01 |   9.866840e-01 |   6.753932e-02 |   3.939348e-03 |
|   4.500000e-02 |   9.714408e-01 |   9.692494e-01 |   9.870401e-01 |   9.866768e-01 |   6.531526e-02 |   3.838981e-03 |
|   4.600000e-02 |   9.713216e-01 |   9.692029e-01 |   9.870214e-01 |   9.866699e-01 |   6.316355e-02 |   3.741915e-03 |
|   4.700000e-02 |   9.712063e-01 |   9.691580e-01 |   9.870033e-01 |   9.866633e-01 |   6.108190e-02 |   3.648042e-03 |
|   4.800000e-02 |   9.710948e-01 |   9.691145e-01 |   9.869857e-01 |   9.866569e-01 |   5.906807e-02 |   3.557259e-03 |
|   4.900000e-02 |   9.709870e-01 |   9.690724e-01 |   9.869688e-01 |   9.866507e-01 |   5.711991e-02 |   3.469466e-03 |
|   5.000000e-02 |   9.708828e-01 |   9.690318e-01 |   9.869524e-01 |   9.866447e-01 |   5.523532e-02 |   3.384565e-03 |
|   5.100000e-02 |   9.707820e-01 |   9.689925e-01 |   9.869366e-01 |   9.866389e-01 |   5.341228e-02 |   3.302462e-03 |
|   5.200000e-02 |   9.706846e-01 |   9.689545e-01 |   9.869213e-01 |   9.866333e-01 |   5.164881e-02 |   3.223067e-03 |
|   5.300000e-02 |   9.705903e-01 |   9.689177e-01 |   9.869065e-01 |   9.866279e-01 |   4.994300e-02 |   3.146289e-03 |
|   5.400000e-02 |   9.704992e-01 |   9.688821e-01 |   9.868922e-01 |   9.866227e-01 |   4.829302e-02 |   3.072045e-03 |
|   5.500000e-02 |   9.704111e-01 |   9.688478e-01 |   9.868783e-01 |   9.866177e-01 |   4.669705e-02 |   3.000252e-03 |
|   5.600000e-02 |   9.703259e-01 |   9.688145e-01 |   9.868649e-01 |   9.866129e-01 |   4.515338e-02 |   2.930828e-03 |
+----------------+----------------+----------------+----------------+----------------+----------------+----------------+
+----------------+----------------+----------------+------------------+----------------+----------------+
| time           | mass           | mass_reaction  | outflow_gradient | platen_max     | platen_min     |
+----------------+----------------+----------------+------------------+----------------+----------------+
:                :                :                :                  :                :                :
|   4.200000e-02 |   1.524110e-01 |  -6.954563e-02 |     6.819195e-02 |  -6.215450e-03 |  -6.215450e-03 |
|   4.300000e-02 |   1.523437e-01 |  -6.724917e-02 |     6.594136e-02 |  -6.225484e-03 |  -6.225484e-03 |
|   4.400000e-02 |   1.522787e-01 |  -6.502785e-02 |     6.376434e-02 |  -6.235188e-03 |  -6.235188e-03 |
|   4.500000e-02 |   1.522158e-01 |  -6.287925e-02 |     6.165852e-02 |  -6.244574e-03 |  -6.244574e-03 |
|   4.600000e-02 |   1.521550e-01 |  -6.080104e-02 |     5.962161e-02 |  -6.253651e-03 |  -6.253651e-03 |
|   4.700000e-02 |   1.520962e-01 |  -5.879093e-02 |     5.765139e-02 |  -6.262430e-03 |  -6.262430e-03 |
|   4.800000e-02 |   1.520394e-01 |  -5.684674e-02 |     5.574572e-02 |  -6.270919e-03 |  -6.270919e-03 |
|   4.900000e-02 |   1.519844e-01 |  -5.496634e-02 |     5.390252e-02 |  -6.279130e-03 |  -6.279130e-03 |
|   5.000000e-02 |   1.519313e-01 |  -5.314766e-02 |     5.211977e-02 |  -6.287069e-03 |  -6.287069e-03 |
|   5.100000e-02 |   1.518799e-01 |  -5.138871e-02 |     5.039553e-02 |  -6.294748e-03 |  -6.294748e-03 |
|   5.200000e-02 |   1.518302e-01 |  -4.968755e-02 |     4.872789e-02 |  -6.302173e-03 |  -6.302173e-03 |
|   5.300000e-02 |   1.517821e-01 |  -4.804232e-02 |     4.711503e-02 |  -6.309353e-03 |  -6.309353e-03 |
|   5.400000e-02 |   1.517357e-01 |  -4.645120e-02 |     4.555518e-02 |  -6.316297e-03 |  -6.316297e-03 |
|   5.500000e-02 |   1.516908e-01 |  -4.491243e-02 |     4.404662e-02 |  -6.323011e-03 |  -6.323011e-03 |
|   5.600000e-02 |   1.516473e-01 |  -4.342432e-02 |     4.258769e-02 |  -6.329504e-03 |  -6.329504e-03 |
+----------------+----------------+----------------+------------------+----------------+----------------+
+----------------+--------------------+--------------------+----------------+----------------+----------------+
| time           | solid_fraction_max | solid_fraction_min | stability_max  | stability_min  | top_reaction   |
+----------------+--------------------+--------------------+----------------+----------------+----------------+
:                :                    :                    :                :                :                :
|   4.200000e-02 |       6.109563e-01 |       6.091842e-01 |   2.804148e+01 |   2.800095e+01 |  -1.400000e+00 |
|   4.300000e-02 |       6.109758e-01 |       6.092621e-01 |   2.804011e+01 |   2.800092e+01 |  -1.400000e+00 |
|   4.400000e-02 |       6.109948e-01 |       6.093375e-01 |   2.803879e+01 |   2.800089e+01 |  -1.400000e+00 |
|   4.500000e-02 |       6.110131e-01 |       6.094104e-01 |   2.803751e+01 |   2.800086e+01 |  -1.400000e+00 |
|   4.600000e-02 |       6.110308e-01 |       6.094809e-01 |   2.803628e+01 |   2.800083e+01 |  -1.400000e+00 |
|   4.700000e-02 |       6.110479e-01 |       6.095492e-01 |   2.803508e+01 |   2.800080e+01 |  -1.400000e+00 |
|   4.800000e-02 |       6.110645e-01 |       6.096151e-01 |   2.803393e+01 |   2.800078e+01 |  -1.400000e+00 |
|   4.900000e-02 |       6.110805e-01 |       6.096790e-01 |   2.803281e+01 |   2.800075e+01 |  -1.400000e+00 |
|   5.000000e-02 |       6.110960e-01 |       6.097407e-01 |   2.803172e+01 |   2.800073e+01 |  -1.400000e+00 |
|   5.100000e-02 |       6.111110e-01 |       6.098005e-01 |   2.803068e+01 |   2.800070e+01 |  -1.400000e+00 |
|   5.200000e-02 |       6.111255e-01 |       6.098583e-01 |   2.802966e+01 |   2.800068e+01 |  -1.400000e+00 |
|   5.300000e-02 |       6.111395e-01 |       6.099141e-01 |   2.802868e+01 |   2.800066e+01 |  -1.400000e+00 |
|   5.400000e-02 |       6.111531e-01 |       6.099682e-01 |   2.802774e+01 |   2.800064e+01 |  -1.400000e+00 |
|   5.500000e-02 |       6.111662e-01 |       6.100205e-01 |   2.802682e+01 |   2.800062e+01 |  -1.400000e+00 |
|   5.600000e-02 |       6.111789e-01 |       6.100710e-01 |   2.802593e+01 |   2.800059e+01 |  -1.400000e+00 |
+----------------+--------------------+--------------------+----------------+----------------+----------------+


Time Step 57, time = 0.057, dt = 0.001
 * Nonlinear |R| = [32m5.394273e-03[39m (Before preset BCs, predictors, correctors, and constraints)
 0 Nonlinear |R| = [32m5.394273e-03[39m
      0 Linear |R| = [32m5.394273e-03[39m
      1 Linear |R| = [32m1.964756e-03[39m
      2 Linear |R| = [32m1.735044e-03[39m
      3 Linear |R| = [32m3.052588e-05[39m
      4 Linear |R| = [32m9.294808e-06[39m
      5 Linear |R| = [32m6.708920e-06[39m
      6 Linear |R| = [32m8.154277e-07[39m
      7 Linear |R| = [32m1.094159e-07[39m
      8 Linear |R| = [32m1.728463e-08[39m
      9 Linear |R| = [32m9.726401e-09[39m
     10 Linear |R| = [32m4.758839e-09[39m
     11 Linear |R| = [32m9.737955e-10[39m
     12 Linear |R| = [32m2.369253e-10[39m
     13 Linear |R| = [32m6.779251e-11[39m
     14 Linear |R| = [32m8.042616e-12[39m
     15 Linear |R| = [32m6.235771e-13[39m
 1 Nonlinear |R| = [32m7.427856e-07[39m
      0 Linear |R| = [32m7.427856e-07[39m
      1 Linear |R| = [32m1.391405e-07[39m
      2 Linear |R| = [32m4.338239e-09[39m
      3 Linear |R| = [32m2.344338e-09[39m
      4 Linear |R| = [32m7.738190e-10[39m
      5 Linear |R| = [32m7.112768e-10[39m
      6 Linear |R| = [32m1.985342e-10[39m
      7 Linear |R| = [32m2.064221e-11[39m
      8 Linear |R| = [32m2.452492e-12[39m
      9 Linear |R| = [32m2.255782e-12[39m
     10 Linear |R| = [32m1.355775e-12[39m
     11 Linear |R| = [32m5.072452e-14[39m
     12 Linear |R| = [32m1.812293e-14[39m
     13 Linear |R| = [32m1.237856e-14[39m
     14 Linear |R| = [32m8.140578e-16[39m
     15 Linear |R| = [32m1.124000e-16[39m
 2 Nonlinear |R| = [32m2.459843e-12[39m
[32m Solve Converged![39m

Outlier Variable Residual Norms:
  uy: [33m2.091460e-12[39m

Postprocessor Values:
+----------------+----------------+----------------+----------------+----------------+----------------+----------------+
| time           | J_max          | J_min          | Jbar_max       | Jbar_min       | center_pressure| edge_ux        |
+----------------+----------------+----------------+----------------+----------------+----------------+----------------+
:                :                :                :                :                :                :                :
|   4.300000e-02 |   9.716915e-01 |   9.693471e-01 |   9.870794e-01 |   9.866913e-01 |   6.983808e-02 |   4.043127e-03 |
|   4.400000e-02 |   9.715640e-01 |   9.692974e-01 |   9.870594e-01 |   9.866840e-01 |   6.753932e-02 |   3.939348e-03 |
|   4.500000e-02 |   9.714408e-01 |   9.692494e-01 |   9.870401e-01 |   9.866768e-01 |   6.531526e-02 |   3.838981e-03 |
|   4.600000e-02 |   9.713216e-01 |   9.692029e-01 |   9.870214e-01 |   9.866699e-01 |   6.316355e-02 |   3.741915e-03 |
|   4.700000e-02 |   9.712063e-01 |   9.691580e-01 |   9.870033e-01 |   9.866633e-01 |   6.108190e-02 |   3.648042e-03 |
|   4.800000e-02 |   9.710948e-01 |   9.691145e-01 |   9.869857e-01 |   9.866569e-01 |   5.906807e-02 |   3.557259e-03 |
|   4.900000e-02 |   9.709870e-01 |   9.690724e-01 |   9.869688e-01 |   9.866507e-01 |   5.711991e-02 |   3.469466e-03 |
|   5.000000e-02 |   9.708828e-01 |   9.690318e-01 |   9.869524e-01 |   9.866447e-01 |   5.523532e-02 |   3.384565e-03 |
|   5.100000e-02 |   9.707820e-01 |   9.689925e-01 |   9.869366e-01 |   9.866389e-01 |   5.341228e-02 |   3.302462e-03 |
|   5.200000e-02 |   9.706846e-01 |   9.689545e-01 |   9.869213e-01 |   9.866333e-01 |   5.164881e-02 |   3.223067e-03 |
|   5.300000e-02 |   9.705903e-01 |   9.689177e-01 |   9.869065e-01 |   9.866279e-01 |   4.994300e-02 |   3.146289e-03 |
|   5.400000e-02 |   9.704992e-01 |   9.688821e-01 |   9.868922e-01 |   9.866227e-01 |   4.829302e-02 |   3.072045e-03 |
|   5.500000e-02 |   9.704111e-01 |   9.688478e-01 |   9.868783e-01 |   9.866177e-01 |   4.669705e-02 |   3.000252e-03 |
|   5.600000e-02 |   9.703259e-01 |   9.688145e-01 |   9.868649e-01 |   9.866129e-01 |   4.515338e-02 |   2.930828e-03 |
|   5.700000e-02 |   9.702435e-01 |   9.687824e-01 |   9.868520e-01 |   9.866082e-01 |   4.366031e-02 |   2.863698e-03 |
+----------------+----------------+----------------+----------------+----------------+----------------+----------------+
+----------------+----------------+----------------+------------------+----------------+----------------+
| time           | mass           | mass_reaction  | outflow_gradient | platen_max     | platen_min     |
+----------------+----------------+----------------+------------------+----------------+----------------+
:                :                :                :                  :                :                :
|   4.300000e-02 |   1.523437e-01 |  -6.724917e-02 |     6.594136e-02 |  -6.225484e-03 |  -6.225484e-03 |
|   4.400000e-02 |   1.522787e-01 |  -6.502785e-02 |     6.376434e-02 |  -6.235188e-03 |  -6.235188e-03 |
|   4.500000e-02 |   1.522158e-01 |  -6.287925e-02 |     6.165852e-02 |  -6.244574e-03 |  -6.244574e-03 |
|   4.600000e-02 |   1.521550e-01 |  -6.080104e-02 |     5.962161e-02 |  -6.253651e-03 |  -6.253651e-03 |
|   4.700000e-02 |   1.520962e-01 |  -5.879093e-02 |     5.765139e-02 |  -6.262430e-03 |  -6.262430e-03 |
|   4.800000e-02 |   1.520394e-01 |  -5.684674e-02 |     5.574572e-02 |  -6.270919e-03 |  -6.270919e-03 |
|   4.900000e-02 |   1.519844e-01 |  -5.496634e-02 |     5.390252e-02 |  -6.279130e-03 |  -6.279130e-03 |
|   5.000000e-02 |   1.519313e-01 |  -5.314766e-02 |     5.211977e-02 |  -6.287069e-03 |  -6.287069e-03 |
|   5.100000e-02 |   1.518799e-01 |  -5.138871e-02 |     5.039553e-02 |  -6.294748e-03 |  -6.294748e-03 |
|   5.200000e-02 |   1.518302e-01 |  -4.968755e-02 |     4.872789e-02 |  -6.302173e-03 |  -6.302173e-03 |
|   5.300000e-02 |   1.517821e-01 |  -4.804232e-02 |     4.711503e-02 |  -6.309353e-03 |  -6.309353e-03 |
|   5.400000e-02 |   1.517357e-01 |  -4.645120e-02 |     4.555518e-02 |  -6.316297e-03 |  -6.316297e-03 |
|   5.500000e-02 |   1.516908e-01 |  -4.491243e-02 |     4.404662e-02 |  -6.323011e-03 |  -6.323011e-03 |
|   5.600000e-02 |   1.516473e-01 |  -4.342432e-02 |     4.258769e-02 |  -6.329504e-03 |  -6.329504e-03 |
|   5.700000e-02 |   1.516054e-01 |  -4.198521e-02 |     4.117676e-02 |  -6.335783e-03 |  -6.335783e-03 |
+----------------+----------------+----------------+------------------+----------------+----------------+
+----------------+--------------------+--------------------+----------------+----------------+----------------+
| time           | solid_fraction_max | solid_fraction_min | stability_max  | stability_min  | top_reaction   |
+----------------+--------------------+--------------------+----------------+----------------+----------------+
:                :                    :                    :                :                :                :
|   4.300000e-02 |       6.109758e-01 |       6.092621e-01 |   2.804011e+01 |   2.800092e+01 |  -1.400000e+00 |
|   4.400000e-02 |       6.109948e-01 |       6.093375e-01 |   2.803879e+01 |   2.800089e+01 |  -1.400000e+00 |
|   4.500000e-02 |       6.110131e-01 |       6.094104e-01 |   2.803751e+01 |   2.800086e+01 |  -1.400000e+00 |
|   4.600000e-02 |       6.110308e-01 |       6.094809e-01 |   2.803628e+01 |   2.800083e+01 |  -1.400000e+00 |
|   4.700000e-02 |       6.110479e-01 |       6.095492e-01 |   2.803508e+01 |   2.800080e+01 |  -1.400000e+00 |
|   4.800000e-02 |       6.110645e-01 |       6.096151e-01 |   2.803393e+01 |   2.800078e+01 |  -1.400000e+00 |
|   4.900000e-02 |       6.110805e-01 |       6.096790e-01 |   2.803281e+01 |   2.800075e+01 |  -1.400000e+00 |
|   5.000000e-02 |       6.110960e-01 |       6.097407e-01 |   2.803172e+01 |   2.800073e+01 |  -1.400000e+00 |
|   5.100000e-02 |       6.111110e-01 |       6.098005e-01 |   2.803068e+01 |   2.800070e+01 |  -1.400000e+00 |
|   5.200000e-02 |       6.111255e-01 |       6.098583e-01 |   2.802966e+01 |   2.800068e+01 |  -1.400000e+00 |
|   5.300000e-02 |       6.111395e-01 |       6.099141e-01 |   2.802868e+01 |   2.800066e+01 |  -1.400000e+00 |
|   5.400000e-02 |       6.111531e-01 |       6.099682e-01 |   2.802774e+01 |   2.800064e+01 |  -1.400000e+00 |
|   5.500000e-02 |       6.111662e-01 |       6.100205e-01 |   2.802682e+01 |   2.800062e+01 |  -1.400000e+00 |
|   5.600000e-02 |       6.111789e-01 |       6.100710e-01 |   2.802593e+01 |   2.800059e+01 |  -1.400000e+00 |
|   5.700000e-02 |       6.111911e-01 |       6.101199e-01 |   2.802508e+01 |   2.800058e+01 |  -1.400000e+00 |
+----------------+--------------------+--------------------+----------------+----------------+----------------+


Time Step 58, time = 0.058, dt = 0.001
 * Nonlinear |R| = [32m5.215424e-03[39m (Before preset BCs, predictors, correctors, and constraints)
 0 Nonlinear |R| = [32m5.215424e-03[39m
      0 Linear |R| = [32m5.215424e-03[39m
      1 Linear |R| = [32m1.899927e-03[39m
      2 Linear |R| = [32m1.677861e-03[39m
      3 Linear |R| = [32m2.951716e-05[39m
      4 Linear |R| = [32m8.990160e-06[39m
      5 Linear |R| = [32m6.714764e-06[39m
      6 Linear |R| = [32m7.884909e-07[39m
      7 Linear |R| = [32m1.057982e-07[39m
      8 Linear |R| = [32m1.720832e-08[39m
      9 Linear |R| = [32m9.403597e-09[39m
     10 Linear |R| = [32m4.598274e-09[39m
     11 Linear |R| = [32m9.414983e-10[39m
     12 Linear |R| = [32m2.489937e-10[39m
     13 Linear |R| = [32m6.554995e-11[39m
     14 Linear |R| = [32m7.775813e-12[39m
     15 Linear |R| = [32m5.948680e-13[39m
 1 Nonlinear |R| = [32m6.914732e-07[39m
      0 Linear |R| = [32m6.914732e-07[39m
      1 Linear |R| = [32m1.275430e-07[39m
      2 Linear |R| = [32m8.449002e-09[39m
      3 Linear |R| = [32m2.204691e-09[39m
      4 Linear |R| = [32m7.185086e-10[39m
      5 Linear |R| = [32m6.601641e-10[39m
      6 Linear |R| = [32m1.866265e-10[39m
      7 Linear |R| = [32m2.355042e-11[39m
      8 Linear |R| = [32m2.683892e-12[39m
      9 Linear |R| = [32m2.332403e-12[39m
     10 Linear |R| = [32m1.395082e-12[39m
     11 Linear |R| = [32m8.646017e-14[39m
     12 Linear |R| = [32m2.750331e-14[39m
     13 Linear |R| = [32m1.342776e-14[39m
     14 Linear |R| = [32m1.160008e-15[39m
     15 Linear |R| = [32m1.329930e-16[39m
 2 Nonlinear |R| = [32m2.411098e-12[39m
[32m Solve Converged![39m

Outlier Variable Residual Norms:
  uy: [33m2.136205e-12[39m

Postprocessor Values:
+----------------+----------------+----------------+----------------+----------------+----------------+----------------+
| time           | J_max          | J_min          | Jbar_max       | Jbar_min       | center_pressure| edge_ux        |
+----------------+----------------+----------------+----------------+----------------+----------------+----------------+
:                :                :                :                :                :                :                :
|   4.400000e-02 |   9.715640e-01 |   9.692974e-01 |   9.870594e-01 |   9.866840e-01 |   6.753932e-02 |   3.939348e-03 |
|   4.500000e-02 |   9.714408e-01 |   9.692494e-01 |   9.870401e-01 |   9.866768e-01 |   6.531526e-02 |   3.838981e-03 |
|   4.600000e-02 |   9.713216e-01 |   9.692029e-01 |   9.870214e-01 |   9.866699e-01 |   6.316355e-02 |   3.741915e-03 |
|   4.700000e-02 |   9.712063e-01 |   9.691580e-01 |   9.870033e-01 |   9.866633e-01 |   6.108190e-02 |   3.648042e-03 |
|   4.800000e-02 |   9.710948e-01 |   9.691145e-01 |   9.869857e-01 |   9.866569e-01 |   5.906807e-02 |   3.557259e-03 |
|   4.900000e-02 |   9.709870e-01 |   9.690724e-01 |   9.869688e-01 |   9.866507e-01 |   5.711991e-02 |   3.469466e-03 |
|   5.000000e-02 |   9.708828e-01 |   9.690318e-01 |   9.869524e-01 |   9.866447e-01 |   5.523532e-02 |   3.384565e-03 |
|   5.100000e-02 |   9.707820e-01 |   9.689925e-01 |   9.869366e-01 |   9.866389e-01 |   5.341228e-02 |   3.302462e-03 |
|   5.200000e-02 |   9.706846e-01 |   9.689545e-01 |   9.869213e-01 |   9.866333e-01 |   5.164881e-02 |   3.223067e-03 |
|   5.300000e-02 |   9.705903e-01 |   9.689177e-01 |   9.869065e-01 |   9.866279e-01 |   4.994300e-02 |   3.146289e-03 |
|   5.400000e-02 |   9.704992e-01 |   9.688821e-01 |   9.868922e-01 |   9.866227e-01 |   4.829302e-02 |   3.072045e-03 |
|   5.500000e-02 |   9.704111e-01 |   9.688478e-01 |   9.868783e-01 |   9.866177e-01 |   4.669705e-02 |   3.000252e-03 |
|   5.600000e-02 |   9.703259e-01 |   9.688145e-01 |   9.868649e-01 |   9.866129e-01 |   4.515338e-02 |   2.930828e-03 |
|   5.700000e-02 |   9.702435e-01 |   9.687824e-01 |   9.868520e-01 |   9.866082e-01 |   4.366031e-02 |   2.863698e-03 |
|   5.800000e-02 |   9.701639e-01 |   9.687513e-01 |   9.868394e-01 |   9.866037e-01 |   4.221621e-02 |   2.798785e-03 |
+----------------+----------------+----------------+----------------+----------------+----------------+----------------+
+----------------+----------------+----------------+------------------+----------------+----------------+
| time           | mass           | mass_reaction  | outflow_gradient | platen_max     | platen_min     |
+----------------+----------------+----------------+------------------+----------------+----------------+
:                :                :                :                  :                :                :
|   4.400000e-02 |   1.522787e-01 |  -6.502785e-02 |     6.376434e-02 |  -6.235188e-03 |  -6.235188e-03 |
|   4.500000e-02 |   1.522158e-01 |  -6.287925e-02 |     6.165852e-02 |  -6.244574e-03 |  -6.244574e-03 |
|   4.600000e-02 |   1.521550e-01 |  -6.080104e-02 |     5.962161e-02 |  -6.253651e-03 |  -6.253651e-03 |
|   4.700000e-02 |   1.520962e-01 |  -5.879093e-02 |     5.765139e-02 |  -6.262430e-03 |  -6.262430e-03 |
|   4.800000e-02 |   1.520394e-01 |  -5.684674e-02 |     5.574572e-02 |  -6.270919e-03 |  -6.270919e-03 |
|   4.900000e-02 |   1.519844e-01 |  -5.496634e-02 |     5.390252e-02 |  -6.279130e-03 |  -6.279130e-03 |
|   5.000000e-02 |   1.519313e-01 |  -5.314766e-02 |     5.211977e-02 |  -6.287069e-03 |  -6.287069e-03 |
|   5.100000e-02 |   1.518799e-01 |  -5.138871e-02 |     5.039553e-02 |  -6.294748e-03 |  -6.294748e-03 |
|   5.200000e-02 |   1.518302e-01 |  -4.968755e-02 |     4.872789e-02 |  -6.302173e-03 |  -6.302173e-03 |
|   5.300000e-02 |   1.517821e-01 |  -4.804232e-02 |     4.711503e-02 |  -6.309353e-03 |  -6.309353e-03 |
|   5.400000e-02 |   1.517357e-01 |  -4.645120e-02 |     4.555518e-02 |  -6.316297e-03 |  -6.316297e-03 |
|   5.500000e-02 |   1.516908e-01 |  -4.491243e-02 |     4.404662e-02 |  -6.323011e-03 |  -6.323011e-03 |
|   5.600000e-02 |   1.516473e-01 |  -4.342432e-02 |     4.258769e-02 |  -6.329504e-03 |  -6.329504e-03 |
|   5.700000e-02 |   1.516054e-01 |  -4.198521e-02 |     4.117676e-02 |  -6.335783e-03 |  -6.335783e-03 |
|   5.800000e-02 |   1.515648e-01 |  -4.059352e-02 |     3.981230e-02 |  -6.341854e-03 |  -6.341854e-03 |
+----------------+----------------+----------------+------------------+----------------+----------------+
+----------------+--------------------+--------------------+----------------+----------------+----------------+
| time           | solid_fraction_max | solid_fraction_min | stability_max  | stability_min  | top_reaction   |
+----------------+--------------------+--------------------+----------------+----------------+----------------+
:                :                    :                    :                :                :                :
|   4.400000e-02 |       6.109948e-01 |       6.093375e-01 |   2.803879e+01 |   2.800089e+01 |  -1.400000e+00 |
|   4.500000e-02 |       6.110131e-01 |       6.094104e-01 |   2.803751e+01 |   2.800086e+01 |  -1.400000e+00 |
|   4.600000e-02 |       6.110308e-01 |       6.094809e-01 |   2.803628e+01 |   2.800083e+01 |  -1.400000e+00 |
|   4.700000e-02 |       6.110479e-01 |       6.095492e-01 |   2.803508e+01 |   2.800080e+01 |  -1.400000e+00 |
|   4.800000e-02 |       6.110645e-01 |       6.096151e-01 |   2.803393e+01 |   2.800078e+01 |  -1.400000e+00 |
|   4.900000e-02 |       6.110805e-01 |       6.096790e-01 |   2.803281e+01 |   2.800075e+01 |  -1.400000e+00 |
|   5.000000e-02 |       6.110960e-01 |       6.097407e-01 |   2.803172e+01 |   2.800073e+01 |  -1.400000e+00 |
|   5.100000e-02 |       6.111110e-01 |       6.098005e-01 |   2.803068e+01 |   2.800070e+01 |  -1.400000e+00 |
|   5.200000e-02 |       6.111255e-01 |       6.098583e-01 |   2.802966e+01 |   2.800068e+01 |  -1.400000e+00 |
|   5.300000e-02 |       6.111395e-01 |       6.099141e-01 |   2.802868e+01 |   2.800066e+01 |  -1.400000e+00 |
|   5.400000e-02 |       6.111531e-01 |       6.099682e-01 |   2.802774e+01 |   2.800064e+01 |  -1.400000e+00 |
|   5.500000e-02 |       6.111662e-01 |       6.100205e-01 |   2.802682e+01 |   2.800062e+01 |  -1.400000e+00 |
|   5.600000e-02 |       6.111789e-01 |       6.100710e-01 |   2.802593e+01 |   2.800059e+01 |  -1.400000e+00 |
|   5.700000e-02 |       6.111911e-01 |       6.101199e-01 |   2.802508e+01 |   2.800058e+01 |  -1.400000e+00 |
|   5.800000e-02 |       6.112030e-01 |       6.101672e-01 |   2.802425e+01 |   2.800056e+01 |  -1.400000e+00 |
+----------------+--------------------+--------------------+----------------+----------------+----------------+


Time Step 59, time = 0.059, dt = 0.001
 * Nonlinear |R| = [32m5.042472e-03[39m (Before preset BCs, predictors, correctors, and constraints)
 0 Nonlinear |R| = [32m5.042472e-03[39m
      0 Linear |R| = [32m5.042472e-03[39m
      1 Linear |R| = [32m1.837231e-03[39m
      2 Linear |R| = [32m1.622568e-03[39m
      3 Linear |R| = [32m2.854099e-05[39m
      4 Linear |R| = [32m8.688827e-06[39m
      5 Linear |R| = [32m5.990927e-06[39m
      6 Linear |R| = [32m7.624368e-07[39m
      7 Linear |R| = [32m1.023023e-07[39m
      8 Linear |R| = [32m1.890738e-08[39m
      9 Linear |R| = [32m9.091685e-09[39m
     10 Linear |R| = [32m4.443962e-09[39m
     11 Linear |R| = [32m9.103389e-10[39m
     12 Linear |R| = [32m2.246177e-10[39m
     13 Linear |R| = [32m6.338326e-11[39m
     14 Linear |R| = [32m7.517506e-12[39m
     15 Linear |R| = [32m5.884007e-13[39m
 1 Nonlinear |R| = [32m6.486712e-07[39m
      0 Linear |R| = [32m6.486712e-07[39m
      1 Linear |R| = [32m1.231445e-07[39m
      2 Linear |R| = [32m6.062493e-09[39m
      3 Linear |R| = [32m2.122633e-09[39m
      4 Linear |R| = [32m6.927079e-10[39m
      5 Linear |R| = [32m6.369243e-10[39m
      6 Linear |R| = [32m1.763993e-10[39m
      7 Linear |R| = [32m2.029912e-11[39m
      8 Linear |R| = [32m2.467635e-12[39m
      9 Linear |R| = [32m2.128974e-12[39m
     10 Linear |R| = [32m1.278603e-12[39m
     11 Linear |R| = [32m8.397869e-14[39m
     12 Linear |R| = [32m2.467682e-14[39m
     13 Linear |R| = [32m1.180316e-14[39m
     14 Linear |R| = [32m8.682898e-16[39m
     15 Linear |R| = [32m1.168533e-16[39m
 2 Nonlinear |R| = [32m2.254694e-12[39m
[32m Solve Converged![39m

Outlier Variable Residual Norms:
  uy: [33m1.955918e-12[39m

Postprocessor Values:
+----------------+----------------+----------------+----------------+----------------+----------------+----------------+
| time           | J_max          | J_min          | Jbar_max       | Jbar_min       | center_pressure| edge_ux        |
+----------------+----------------+----------------+----------------+----------------+----------------+----------------+
:                :                :                :                :                :                :                :
|   4.500000e-02 |   9.714408e-01 |   9.692494e-01 |   9.870401e-01 |   9.866768e-01 |   6.531526e-02 |   3.838981e-03 |
|   4.600000e-02 |   9.713216e-01 |   9.692029e-01 |   9.870214e-01 |   9.866699e-01 |   6.316355e-02 |   3.741915e-03 |
|   4.700000e-02 |   9.712063e-01 |   9.691580e-01 |   9.870033e-01 |   9.866633e-01 |   6.108190e-02 |   3.648042e-03 |
|   4.800000e-02 |   9.710948e-01 |   9.691145e-01 |   9.869857e-01 |   9.866569e-01 |   5.906807e-02 |   3.557259e-03 |
|   4.900000e-02 |   9.709870e-01 |   9.690724e-01 |   9.869688e-01 |   9.866507e-01 |   5.711991e-02 |   3.469466e-03 |
|   5.000000e-02 |   9.708828e-01 |   9.690318e-01 |   9.869524e-01 |   9.866447e-01 |   5.523532e-02 |   3.384565e-03 |
|   5.100000e-02 |   9.707820e-01 |   9.689925e-01 |   9.869366e-01 |   9.866389e-01 |   5.341228e-02 |   3.302462e-03 |
|   5.200000e-02 |   9.706846e-01 |   9.689545e-01 |   9.869213e-01 |   9.866333e-01 |   5.164881e-02 |   3.223067e-03 |
|   5.300000e-02 |   9.705903e-01 |   9.689177e-01 |   9.869065e-01 |   9.866279e-01 |   4.994300e-02 |   3.146289e-03 |
|   5.400000e-02 |   9.704992e-01 |   9.688821e-01 |   9.868922e-01 |   9.866227e-01 |   4.829302e-02 |   3.072045e-03 |
|   5.500000e-02 |   9.704111e-01 |   9.688478e-01 |   9.868783e-01 |   9.866177e-01 |   4.669705e-02 |   3.000252e-03 |
|   5.600000e-02 |   9.703259e-01 |   9.688145e-01 |   9.868649e-01 |   9.866129e-01 |   4.515338e-02 |   2.930828e-03 |
|   5.700000e-02 |   9.702435e-01 |   9.687824e-01 |   9.868520e-01 |   9.866082e-01 |   4.366031e-02 |   2.863698e-03 |
|   5.800000e-02 |   9.701639e-01 |   9.687513e-01 |   9.868394e-01 |   9.866037e-01 |   4.221621e-02 |   2.798785e-03 |
|   5.900000e-02 |   9.700869e-01 |   9.687212e-01 |   9.868273e-01 |   9.865993e-01 |   4.081951e-02 |   2.736018e-03 |
+----------------+----------------+----------------+----------------+----------------+----------------+----------------+
+----------------+----------------+----------------+------------------+----------------+----------------+
| time           | mass           | mass_reaction  | outflow_gradient | platen_max     | platen_min     |
+----------------+----------------+----------------+------------------+----------------+----------------+
:                :                :                :                  :                :                :
|   4.500000e-02 |   1.522158e-01 |  -6.287925e-02 |     6.165852e-02 |  -6.244574e-03 |  -6.244574e-03 |
|   4.600000e-02 |   1.521550e-01 |  -6.080104e-02 |     5.962161e-02 |  -6.253651e-03 |  -6.253651e-03 |
|   4.700000e-02 |   1.520962e-01 |  -5.879093e-02 |     5.765139e-02 |  -6.262430e-03 |  -6.262430e-03 |
|   4.800000e-02 |   1.520394e-01 |  -5.684674e-02 |     5.574572e-02 |  -6.270919e-03 |  -6.270919e-03 |
|   4.900000e-02 |   1.519844e-01 |  -5.496634e-02 |     5.390252e-02 |  -6.279130e-03 |  -6.279130e-03 |
|   5.000000e-02 |   1.519313e-01 |  -5.314766e-02 |     5.211977e-02 |  -6.287069e-03 |  -6.287069e-03 |
|   5.100000e-02 |   1.518799e-01 |  -5.138871e-02 |     5.039553e-02 |  -6.294748e-03 |  -6.294748e-03 |
|   5.200000e-02 |   1.518302e-01 |  -4.968755e-02 |     4.872789e-02 |  -6.302173e-03 |  -6.302173e-03 |
|   5.300000e-02 |   1.517821e-01 |  -4.804232e-02 |     4.711503e-02 |  -6.309353e-03 |  -6.309353e-03 |
|   5.400000e-02 |   1.517357e-01 |  -4.645120e-02 |     4.555518e-02 |  -6.316297e-03 |  -6.316297e-03 |
|   5.500000e-02 |   1.516908e-01 |  -4.491243e-02 |     4.404662e-02 |  -6.323011e-03 |  -6.323011e-03 |
|   5.600000e-02 |   1.516473e-01 |  -4.342432e-02 |     4.258769e-02 |  -6.329504e-03 |  -6.329504e-03 |
|   5.700000e-02 |   1.516054e-01 |  -4.198521e-02 |     4.117676e-02 |  -6.335783e-03 |  -6.335783e-03 |
|   5.800000e-02 |   1.515648e-01 |  -4.059352e-02 |     3.981230e-02 |  -6.341854e-03 |  -6.341854e-03 |
|   5.900000e-02 |   1.515255e-01 |  -3.924769e-02 |     3.849277e-02 |  -6.347724e-03 |  -6.347724e-03 |
+----------------+----------------+----------------+------------------+----------------+----------------+
+----------------+--------------------+--------------------+----------------+----------------+----------------+
| time           | solid_fraction_max | solid_fraction_min | stability_max  | stability_min  | top_reaction   |
+----------------+--------------------+--------------------+----------------+----------------+----------------+
:                :                    :                    :                :                :                :
|   4.500000e-02 |       6.110131e-01 |       6.094104e-01 |   2.803751e+01 |   2.800086e+01 |  -1.400000e+00 |
|   4.600000e-02 |       6.110308e-01 |       6.094809e-01 |   2.803628e+01 |   2.800083e+01 |  -1.400000e+00 |
|   4.700000e-02 |       6.110479e-01 |       6.095492e-01 |   2.803508e+01 |   2.800080e+01 |  -1.400000e+00 |
|   4.800000e-02 |       6.110645e-01 |       6.096151e-01 |   2.803393e+01 |   2.800078e+01 |  -1.400000e+00 |
|   4.900000e-02 |       6.110805e-01 |       6.096790e-01 |   2.803281e+01 |   2.800075e+01 |  -1.400000e+00 |
|   5.000000e-02 |       6.110960e-01 |       6.097407e-01 |   2.803172e+01 |   2.800073e+01 |  -1.400000e+00 |
|   5.100000e-02 |       6.111110e-01 |       6.098005e-01 |   2.803068e+01 |   2.800070e+01 |  -1.400000e+00 |
|   5.200000e-02 |       6.111255e-01 |       6.098583e-01 |   2.802966e+01 |   2.800068e+01 |  -1.400000e+00 |
|   5.300000e-02 |       6.111395e-01 |       6.099141e-01 |   2.802868e+01 |   2.800066e+01 |  -1.400000e+00 |
|   5.400000e-02 |       6.111531e-01 |       6.099682e-01 |   2.802774e+01 |   2.800064e+01 |  -1.400000e+00 |
|   5.500000e-02 |       6.111662e-01 |       6.100205e-01 |   2.802682e+01 |   2.800062e+01 |  -1.400000e+00 |
|   5.600000e-02 |       6.111789e-01 |       6.100710e-01 |   2.802593e+01 |   2.800059e+01 |  -1.400000e+00 |
|   5.700000e-02 |       6.111911e-01 |       6.101199e-01 |   2.802508e+01 |   2.800058e+01 |  -1.400000e+00 |
|   5.800000e-02 |       6.112030e-01 |       6.101672e-01 |   2.802425e+01 |   2.800056e+01 |  -1.400000e+00 |
|   5.900000e-02 |       6.112144e-01 |       6.102130e-01 |   2.802344e+01 |   2.800054e+01 |  -1.400000e+00 |
+----------------+--------------------+--------------------+----------------+----------------+----------------+


Time Step 60, time = 0.06, dt = 0.001
 * Nonlinear |R| = [32m4.875225e-03[39m (Before preset BCs, predictors, correctors, and constraints)
 0 Nonlinear |R| = [32m4.875225e-03[39m
      0 Linear |R| = [32m4.875225e-03[39m
      1 Linear |R| = [32m1.776568e-03[39m
      2 Linear |R| = [32m1.569048e-03[39m
      3 Linear |R| = [32m2.759750e-05[39m
      4 Linear |R| = [32m8.405906e-06[39m
      5 Linear |R| = [32m6.440580e-06[39m
      6 Linear |R| = [32m7.372396e-07[39m
      7 Linear |R| = [32m9.891833e-08[39m
      8 Linear |R| = [32m1.262848e-08[39m
      9 Linear |R| = [32m8.788396e-09[39m
     10 Linear |R| = [32m4.293186e-09[39m
     11 Linear |R| = [32m8.801383e-10[39m
     12 Linear |R| = [32m1.836174e-10[39m
     13 Linear |R| = [32m6.128759e-11[39m
     14 Linear |R| = [32m7.267866e-12[39m
     15 Linear |R| = [32m5.712125e-13[39m
 1 Nonlinear |R| = [32m6.072020e-07[39m
      0 Linear |R| = [32m6.072020e-07[39m
      1 Linear |R| = [32m1.133142e-07[39m
      2 Linear |R| = [32m3.069753e-09[39m
      3 Linear |R| = [32m1.918293e-09[39m
      4 Linear |R| = [32m6.306943e-10[39m
      5 Linear |R| = [32m5.743023e-10[39m
      6 Linear |R| = [32m1.604722e-10[39m
      7 Linear |R| = [32m1.911175e-11[39m
      8 Linear |R| = [32m2.153731e-12[39m
      9 Linear |R| = [32m1.671833e-12[39m
     10 Linear |R| = [32m2.839254e-13[39m
     11 Linear |R| = [32m7.276532e-14[39m
     12 Linear |R| = [32m2.188417e-14[39m
     13 Linear |R| = [32m1.047089e-14[39m
     14 Linear |R| = [32m1.137261e-15[39m
     15 Linear |R| = [32m1.043298e-16[39m
 2 Nonlinear |R| = [32m1.940755e-12[39m
[32m Solve Converged![39m

Outlier Variable Residual Norms:
  uy: [33m1.605701e-12[39m

Postprocessor Values:
+----------------+----------------+----------------+----------------+----------------+----------------+----------------+
| time           | J_max          | J_min          | Jbar_max       | Jbar_min       | center_pressure| edge_ux        |
+----------------+----------------+----------------+----------------+----------------+----------------+----------------+
:                :                :                :                :                :                :                :
|   4.600000e-02 |   9.713216e-01 |   9.692029e-01 |   9.870214e-01 |   9.866699e-01 |   6.316355e-02 |   3.741915e-03 |
|   4.700000e-02 |   9.712063e-01 |   9.691580e-01 |   9.870033e-01 |   9.866633e-01 |   6.108190e-02 |   3.648042e-03 |
|   4.800000e-02 |   9.710948e-01 |   9.691145e-01 |   9.869857e-01 |   9.866569e-01 |   5.906807e-02 |   3.557259e-03 |
|   4.900000e-02 |   9.709870e-01 |   9.690724e-01 |   9.869688e-01 |   9.866507e-01 |   5.711991e-02 |   3.469466e-03 |
|   5.000000e-02 |   9.708828e-01 |   9.690318e-01 |   9.869524e-01 |   9.866447e-01 |   5.523532e-02 |   3.384565e-03 |
|   5.100000e-02 |   9.707820e-01 |   9.689925e-01 |   9.869366e-01 |   9.866389e-01 |   5.341228e-02 |   3.302462e-03 |
|   5.200000e-02 |   9.706846e-01 |   9.689545e-01 |   9.869213e-01 |   9.866333e-01 |   5.164881e-02 |   3.223067e-03 |
|   5.300000e-02 |   9.705903e-01 |   9.689177e-01 |   9.869065e-01 |   9.866279e-01 |   4.994300e-02 |   3.146289e-03 |
|   5.400000e-02 |   9.704992e-01 |   9.688821e-01 |   9.868922e-01 |   9.866227e-01 |   4.829302e-02 |   3.072045e-03 |
|   5.500000e-02 |   9.704111e-01 |   9.688478e-01 |   9.868783e-01 |   9.866177e-01 |   4.669705e-02 |   3.000252e-03 |
|   5.600000e-02 |   9.703259e-01 |   9.688145e-01 |   9.868649e-01 |   9.866129e-01 |   4.515338e-02 |   2.930828e-03 |
|   5.700000e-02 |   9.702435e-01 |   9.687824e-01 |   9.868520e-01 |   9.866082e-01 |   4.366031e-02 |   2.863698e-03 |
|   5.800000e-02 |   9.701639e-01 |   9.687513e-01 |   9.868394e-01 |   9.866037e-01 |   4.221621e-02 |   2.798785e-03 |
|   5.900000e-02 |   9.700869e-01 |   9.687212e-01 |   9.868273e-01 |   9.865993e-01 |   4.081951e-02 |   2.736018e-03 |
|   6.000000e-02 |   9.700124e-01 |   9.686922e-01 |   9.868156e-01 |   9.865951e-01 |   3.946866e-02 |   2.675326e-03 |
+----------------+----------------+----------------+----------------+----------------+----------------+----------------+
+----------------+----------------+----------------+------------------+----------------+----------------+
| time           | mass           | mass_reaction  | outflow_gradient | platen_max     | platen_min     |
+----------------+----------------+----------------+------------------+----------------+----------------+
:                :                :                :                  :                :                :
|   4.600000e-02 |   1.521550e-01 |  -6.080104e-02 |     5.962161e-02 |  -6.253651e-03 |  -6.253651e-03 |
|   4.700000e-02 |   1.520962e-01 |  -5.879093e-02 |     5.765139e-02 |  -6.262430e-03 |  -6.262430e-03 |
|   4.800000e-02 |   1.520394e-01 |  -5.684674e-02 |     5.574572e-02 |  -6.270919e-03 |  -6.270919e-03 |
|   4.900000e-02 |   1.519844e-01 |  -5.496634e-02 |     5.390252e-02 |  -6.279130e-03 |  -6.279130e-03 |
|   5.000000e-02 |   1.519313e-01 |  -5.314766e-02 |     5.211977e-02 |  -6.287069e-03 |  -6.287069e-03 |
|   5.100000e-02 |   1.518799e-01 |  -5.138871e-02 |     5.039553e-02 |  -6.294748e-03 |  -6.294748e-03 |
|   5.200000e-02 |   1.518302e-01 |  -4.968755e-02 |     4.872789e-02 |  -6.302173e-03 |  -6.302173e-03 |
|   5.300000e-02 |   1.517821e-01 |  -4.804232e-02 |     4.711503e-02 |  -6.309353e-03 |  -6.309353e-03 |
|   5.400000e-02 |   1.517357e-01 |  -4.645120e-02 |     4.555518e-02 |  -6.316297e-03 |  -6.316297e-03 |
|   5.500000e-02 |   1.516908e-01 |  -4.491243e-02 |     4.404662e-02 |  -6.323011e-03 |  -6.323011e-03 |
|   5.600000e-02 |   1.516473e-01 |  -4.342432e-02 |     4.258769e-02 |  -6.329504e-03 |  -6.329504e-03 |
|   5.700000e-02 |   1.516054e-01 |  -4.198521e-02 |     4.117676e-02 |  -6.335783e-03 |  -6.335783e-03 |
|   5.800000e-02 |   1.515648e-01 |  -4.059352e-02 |     3.981230e-02 |  -6.341854e-03 |  -6.341854e-03 |
|   5.900000e-02 |   1.515255e-01 |  -3.924769e-02 |     3.849277e-02 |  -6.347724e-03 |  -6.347724e-03 |
|   6.000000e-02 |   1.514876e-01 |  -3.794624e-02 |     3.721672e-02 |  -6.353401e-03 |  -6.353401e-03 |
+----------------+----------------+----------------+------------------+----------------+----------------+
+----------------+--------------------+--------------------+----------------+----------------+----------------+
| time           | solid_fraction_max | solid_fraction_min | stability_max  | stability_min  | top_reaction   |
+----------------+--------------------+--------------------+----------------+----------------+----------------+
:                :                    :                    :                :                :                :
|   4.600000e-02 |       6.110308e-01 |       6.094809e-01 |   2.803628e+01 |   2.800083e+01 |  -1.400000e+00 |
|   4.700000e-02 |       6.110479e-01 |       6.095492e-01 |   2.803508e+01 |   2.800080e+01 |  -1.400000e+00 |
|   4.800000e-02 |       6.110645e-01 |       6.096151e-01 |   2.803393e+01 |   2.800078e+01 |  -1.400000e+00 |
|   4.900000e-02 |       6.110805e-01 |       6.096790e-01 |   2.803281e+01 |   2.800075e+01 |  -1.400000e+00 |
|   5.000000e-02 |       6.110960e-01 |       6.097407e-01 |   2.803172e+01 |   2.800073e+01 |  -1.400000e+00 |
|   5.100000e-02 |       6.111110e-01 |       6.098005e-01 |   2.803068e+01 |   2.800070e+01 |  -1.400000e+00 |
|   5.200000e-02 |       6.111255e-01 |       6.098583e-01 |   2.802966e+01 |   2.800068e+01 |  -1.400000e+00 |
|   5.300000e-02 |       6.111395e-01 |       6.099141e-01 |   2.802868e+01 |   2.800066e+01 |  -1.400000e+00 |
|   5.400000e-02 |       6.111531e-01 |       6.099682e-01 |   2.802774e+01 |   2.800064e+01 |  -1.400000e+00 |
|   5.500000e-02 |       6.111662e-01 |       6.100205e-01 |   2.802682e+01 |   2.800062e+01 |  -1.400000e+00 |
|   5.600000e-02 |       6.111789e-01 |       6.100710e-01 |   2.802593e+01 |   2.800059e+01 |  -1.400000e+00 |
|   5.700000e-02 |       6.111911e-01 |       6.101199e-01 |   2.802508e+01 |   2.800058e+01 |  -1.400000e+00 |
|   5.800000e-02 |       6.112030e-01 |       6.101672e-01 |   2.802425e+01 |   2.800056e+01 |  -1.400000e+00 |
|   5.900000e-02 |       6.112144e-01 |       6.102130e-01 |   2.802344e+01 |   2.800054e+01 |  -1.400000e+00 |
|   6.000000e-02 |       6.112255e-01 |       6.102572e-01 |   2.802267e+01 |   2.800052e+01 |  -1.400000e+00 |
+----------------+--------------------+--------------------+----------------+----------------+----------------+


Time Step 61, time = 0.061, dt = 0.001
 * Nonlinear |R| = [32m4.713497e-03[39m (Before preset BCs, predictors, correctors, and constraints)
 0 Nonlinear |R| = [32m4.713497e-03[39m
      0 Linear |R| = [32m4.713497e-03[39m
      1 Linear |R| = [32m1.717896e-03[39m
      2 Linear |R| = [32m1.517290e-03[39m
      3 Linear |R| = [32m2.668452e-05[39m
      4 Linear |R| = [32m8.125400e-06[39m
      5 Linear |R| = [32m5.994588e-06[39m
      6 Linear |R| = [32m7.128592e-07[39m
      7 Linear |R| = [32m9.564897e-08[39m
      8 Linear |R| = [32m1.498992e-08[39m
      9 Linear |R| = [32m8.497847e-09[39m
     10 Linear |R| = [32m4.150169e-09[39m
     11 Linear |R| = [32m8.510191e-10[39m
     12 Linear |R| = [32m1.899489e-10[39m
     13 Linear |R| = [32m5.925983e-11[39m
     14 Linear |R| = [32m7.026464e-12[39m
     15 Linear |R| = [32m5.324040e-13[39m
 1 Nonlinear |R| = [32m5.654332e-07[39m
      0 Linear |R| = [32m5.654332e-07[39m
      1 Linear |R| = [32m1.072976e-07[39m
      2 Linear |R| = [32m3.404090e-09[39m
      3 Linear |R| = [32m1.844712e-09[39m
      4 Linear |R| = [32m6.006940e-10[39m
      5 Linear |R| = [32m5.529258e-10[39m
      6 Linear |R| = [32m1.530158e-10[39m
      7 Linear |R| = [32m1.820402e-11[39m
      8 Linear |R| = [32m2.222692e-12[39m
      9 Linear |R| = [32m1.985349e-12[39m
     10 Linear |R| = [32m1.176732e-12[39m
     11 Linear |R| = [32m6.450734e-14[39m
     12 Linear |R| = [32m2.122218e-14[39m
     13 Linear |R| = [32m1.131131e-14[39m
     14 Linear |R| = [32m7.747143e-16[39m
     15 Linear |R| = [32m1.029407e-16[39m
 2 Nonlinear |R| = [32m1.951913e-12[39m
[32m Solve Converged![39m

Outlier Variable Residual Norms:
  uy: [33m1.709132e-12[39m

Postprocessor Values:
+----------------+----------------+----------------+----------------+----------------+----------------+----------------+
| time           | J_max          | J_min          | Jbar_max       | Jbar_min       | center_pressure| edge_ux        |
+----------------+----------------+----------------+----------------+----------------+----------------+----------------+
:                :                :                :                :                :                :                :
|   4.700000e-02 |   9.712063e-01 |   9.691580e-01 |   9.870033e-01 |   9.866633e-01 |   6.108190e-02 |   3.648042e-03 |
|   4.800000e-02 |   9.710948e-01 |   9.691145e-01 |   9.869857e-01 |   9.866569e-01 |   5.906807e-02 |   3.557259e-03 |
|   4.900000e-02 |   9.709870e-01 |   9.690724e-01 |   9.869688e-01 |   9.866507e-01 |   5.711991e-02 |   3.469466e-03 |
|   5.000000e-02 |   9.708828e-01 |   9.690318e-01 |   9.869524e-01 |   9.866447e-01 |   5.523532e-02 |   3.384565e-03 |
|   5.100000e-02 |   9.707820e-01 |   9.689925e-01 |   9.869366e-01 |   9.866389e-01 |   5.341228e-02 |   3.302462e-03 |
|   5.200000e-02 |   9.706846e-01 |   9.689545e-01 |   9.869213e-01 |   9.866333e-01 |   5.164881e-02 |   3.223067e-03 |
|   5.300000e-02 |   9.705903e-01 |   9.689177e-01 |   9.869065e-01 |   9.866279e-01 |   4.994300e-02 |   3.146289e-03 |
|   5.400000e-02 |   9.704992e-01 |   9.688821e-01 |   9.868922e-01 |   9.866227e-01 |   4.829302e-02 |   3.072045e-03 |
|   5.500000e-02 |   9.704111e-01 |   9.688478e-01 |   9.868783e-01 |   9.866177e-01 |   4.669705e-02 |   3.000252e-03 |
|   5.600000e-02 |   9.703259e-01 |   9.688145e-01 |   9.868649e-01 |   9.866129e-01 |   4.515338e-02 |   2.930828e-03 |
|   5.700000e-02 |   9.702435e-01 |   9.687824e-01 |   9.868520e-01 |   9.866082e-01 |   4.366031e-02 |   2.863698e-03 |
|   5.800000e-02 |   9.701639e-01 |   9.687513e-01 |   9.868394e-01 |   9.866037e-01 |   4.221621e-02 |   2.798785e-03 |
|   5.900000e-02 |   9.700869e-01 |   9.687212e-01 |   9.868273e-01 |   9.865993e-01 |   4.081951e-02 |   2.736018e-03 |
|   6.000000e-02 |   9.700124e-01 |   9.686922e-01 |   9.868156e-01 |   9.865951e-01 |   3.946866e-02 |   2.675326e-03 |
|   6.100000e-02 |   9.699404e-01 |   9.686640e-01 |   9.868043e-01 |   9.865910e-01 |   3.816220e-02 |   2.616640e-03 |
+----------------+----------------+----------------+----------------+----------------+----------------+----------------+
+----------------+----------------+----------------+------------------+----------------+----------------+
| time           | mass           | mass_reaction  | outflow_gradient | platen_max     | platen_min     |
+----------------+----------------+----------------+------------------+----------------+----------------+
:                :                :                :                  :                :                :
|   4.700000e-02 |   1.520962e-01 |  -5.879093e-02 |     5.765139e-02 |  -6.262430e-03 |  -6.262430e-03 |
|   4.800000e-02 |   1.520394e-01 |  -5.684674e-02 |     5.574572e-02 |  -6.270919e-03 |  -6.270919e-03 |
|   4.900000e-02 |   1.519844e-01 |  -5.496634e-02 |     5.390252e-02 |  -6.279130e-03 |  -6.279130e-03 |
|   5.000000e-02 |   1.519313e-01 |  -5.314766e-02 |     5.211977e-02 |  -6.287069e-03 |  -6.287069e-03 |
|   5.100000e-02 |   1.518799e-01 |  -5.138871e-02 |     5.039553e-02 |  -6.294748e-03 |  -6.294748e-03 |
|   5.200000e-02 |   1.518302e-01 |  -4.968755e-02 |     4.872789e-02 |  -6.302173e-03 |  -6.302173e-03 |
|   5.300000e-02 |   1.517821e-01 |  -4.804232e-02 |     4.711503e-02 |  -6.309353e-03 |  -6.309353e-03 |
|   5.400000e-02 |   1.517357e-01 |  -4.645120e-02 |     4.555518e-02 |  -6.316297e-03 |  -6.316297e-03 |
|   5.500000e-02 |   1.516908e-01 |  -4.491243e-02 |     4.404662e-02 |  -6.323011e-03 |  -6.323011e-03 |
|   5.600000e-02 |   1.516473e-01 |  -4.342432e-02 |     4.258769e-02 |  -6.329504e-03 |  -6.329504e-03 |
|   5.700000e-02 |   1.516054e-01 |  -4.198521e-02 |     4.117676e-02 |  -6.335783e-03 |  -6.335783e-03 |
|   5.800000e-02 |   1.515648e-01 |  -4.059352e-02 |     3.981230e-02 |  -6.341854e-03 |  -6.341854e-03 |
|   5.900000e-02 |   1.515255e-01 |  -3.924769e-02 |     3.849277e-02 |  -6.347724e-03 |  -6.347724e-03 |
|   6.000000e-02 |   1.514876e-01 |  -3.794624e-02 |     3.721672e-02 |  -6.353401e-03 |  -6.353401e-03 |
|   6.100000e-02 |   1.514509e-01 |  -3.668771e-02 |     3.598274e-02 |  -6.358890e-03 |  -6.358890e-03 |
+----------------+----------------+----------------+------------------+----------------+----------------+
+----------------+--------------------+--------------------+----------------+----------------+----------------+
| time           | solid_fraction_max | solid_fraction_min | stability_max  | stability_min  | top_reaction   |
+----------------+--------------------+--------------------+----------------+----------------+----------------+
:                :                    :                    :                :                :                :
|   4.700000e-02 |       6.110479e-01 |       6.095492e-01 |   2.803508e+01 |   2.800080e+01 |  -1.400000e+00 |
|   4.800000e-02 |       6.110645e-01 |       6.096151e-01 |   2.803393e+01 |   2.800078e+01 |  -1.400000e+00 |
|   4.900000e-02 |       6.110805e-01 |       6.096790e-01 |   2.803281e+01 |   2.800075e+01 |  -1.400000e+00 |
|   5.000000e-02 |       6.110960e-01 |       6.097407e-01 |   2.803172e+01 |   2.800073e+01 |  -1.400000e+00 |
|   5.100000e-02 |       6.111110e-01 |       6.098005e-01 |   2.803068e+01 |   2.800070e+01 |  -1.400000e+00 |
|   5.200000e-02 |       6.111255e-01 |       6.098583e-01 |   2.802966e+01 |   2.800068e+01 |  -1.400000e+00 |
|   5.300000e-02 |       6.111395e-01 |       6.099141e-01 |   2.802868e+01 |   2.800066e+01 |  -1.400000e+00 |
|   5.400000e-02 |       6.111531e-01 |       6.099682e-01 |   2.802774e+01 |   2.800064e+01 |  -1.400000e+00 |
|   5.500000e-02 |       6.111662e-01 |       6.100205e-01 |   2.802682e+01 |   2.800062e+01 |  -1.400000e+00 |
|   5.600000e-02 |       6.111789e-01 |       6.100710e-01 |   2.802593e+01 |   2.800059e+01 |  -1.400000e+00 |
|   5.700000e-02 |       6.111911e-01 |       6.101199e-01 |   2.802508e+01 |   2.800058e+01 |  -1.400000e+00 |
|   5.800000e-02 |       6.112030e-01 |       6.101672e-01 |   2.802425e+01 |   2.800056e+01 |  -1.400000e+00 |
|   5.900000e-02 |       6.112144e-01 |       6.102130e-01 |   2.802344e+01 |   2.800054e+01 |  -1.400000e+00 |
|   6.000000e-02 |       6.112255e-01 |       6.102572e-01 |   2.802267e+01 |   2.800052e+01 |  -1.400000e+00 |
|   6.100000e-02 |       6.112362e-01 |       6.103000e-01 |   2.802192e+01 |   2.800050e+01 |  -1.400000e+00 |
+----------------+--------------------+--------------------+----------------+----------------+----------------+


Time Step 62, time = 0.062, dt = 0.001
 * Nonlinear |R| = [32m4.557108e-03[39m (Before preset BCs, predictors, correctors, and constraints)
 0 Nonlinear |R| = [32m4.557108e-03[39m
      0 Linear |R| = [32m4.557108e-03[39m
      1 Linear |R| = [32m1.661141e-03[39m
      2 Linear |R| = [32m1.467215e-03[39m
      3 Linear |R| = [32m2.580170e-05[39m
      4 Linear |R| = [32m7.857101e-06[39m
      5 Linear |R| = [32m5.748985e-06[39m
      6 Linear |R| = [32m6.892876e-07[39m
      7 Linear |R| = [32m9.248521e-08[39m
      8 Linear |R| = [32m1.812917e-08[39m
      9 Linear |R| = [32m8.215548e-09[39m
     10 Linear |R| = [32m4.009409e-09[39m
     11 Linear |R| = [32m8.229071e-10[39m
     12 Linear |R| = [32m3.365434e-10[39m
     13 Linear |R| = [32m5.730023e-11[39m
     14 Linear |R| = [32m6.793325e-12[39m
     15 Linear |R| = [32m5.710793e-13[39m
 1 Nonlinear |R| = [32m5.306533e-07[39m
      0 Linear |R| = [32m5.306533e-07[39m
      1 Linear |R| = [32m9.995948e-08[39m
      2 Linear |R| = [32m1.902396e-09[39m
      3 Linear |R| = [32m1.605931e-09[39m
      4 Linear |R| = [32m5.585423e-10[39m
      5 Linear |R| = [32m5.155657e-10[39m
      6 Linear |R| = [32m1.402840e-10[39m
      7 Linear |R| = [32m1.623318e-11[39m
      8 Linear |R| = [32m2.670274e-12[39m
      9 Linear |R| = [32m1.854188e-12[39m
     10 Linear |R| = [32m1.105203e-12[39m
     11 Linear |R| = [32m8.826759e-14[39m
     12 Linear |R| = [32m4.027122e-14[39m
     13 Linear |R| = [32m9.586043e-15[39m
     14 Linear |R| = [32m1.258467e-15[39m
     15 Linear |R| = [32m1.122725e-16[39m
 2 Nonlinear |R| = [32m2.166758e-12[39m
[32m Solve Converged![39m

Outlier Variable Residual Norms:
  uy: [31m1.953381e-12[39m

Postprocessor Values:
+----------------+----------------+----------------+----------------+----------------+----------------+----------------+
| time           | J_max          | J_min          | Jbar_max       | Jbar_min       | center_pressure| edge_ux        |
+----------------+----------------+----------------+----------------+----------------+----------------+----------------+
:                :                :                :                :                :                :                :
|   4.800000e-02 |   9.710948e-01 |   9.691145e-01 |   9.869857e-01 |   9.866569e-01 |   5.906807e-02 |   3.557259e-03 |
|   4.900000e-02 |   9.709870e-01 |   9.690724e-01 |   9.869688e-01 |   9.866507e-01 |   5.711991e-02 |   3.469466e-03 |
|   5.000000e-02 |   9.708828e-01 |   9.690318e-01 |   9.869524e-01 |   9.866447e-01 |   5.523532e-02 |   3.384565e-03 |
|   5.100000e-02 |   9.707820e-01 |   9.689925e-01 |   9.869366e-01 |   9.866389e-01 |   5.341228e-02 |   3.302462e-03 |
|   5.200000e-02 |   9.706846e-01 |   9.689545e-01 |   9.869213e-01 |   9.866333e-01 |   5.164881e-02 |   3.223067e-03 |
|   5.300000e-02 |   9.705903e-01 |   9.689177e-01 |   9.869065e-01 |   9.866279e-01 |   4.994300e-02 |   3.146289e-03 |
|   5.400000e-02 |   9.704992e-01 |   9.688821e-01 |   9.868922e-01 |   9.866227e-01 |   4.829302e-02 |   3.072045e-03 |
|   5.500000e-02 |   9.704111e-01 |   9.688478e-01 |   9.868783e-01 |   9.866177e-01 |   4.669705e-02 |   3.000252e-03 |
|   5.600000e-02 |   9.703259e-01 |   9.688145e-01 |   9.868649e-01 |   9.866129e-01 |   4.515338e-02 |   2.930828e-03 |
|   5.700000e-02 |   9.702435e-01 |   9.687824e-01 |   9.868520e-01 |   9.866082e-01 |   4.366031e-02 |   2.863698e-03 |
|   5.800000e-02 |   9.701639e-01 |   9.687513e-01 |   9.868394e-01 |   9.866037e-01 |   4.221621e-02 |   2.798785e-03 |
|   5.900000e-02 |   9.700869e-01 |   9.687212e-01 |   9.868273e-01 |   9.865993e-01 |   4.081951e-02 |   2.736018e-03 |
|   6.000000e-02 |   9.700124e-01 |   9.686922e-01 |   9.868156e-01 |   9.865951e-01 |   3.946866e-02 |   2.675326e-03 |
|   6.100000e-02 |   9.699404e-01 |   9.686640e-01 |   9.868043e-01 |   9.865910e-01 |   3.816220e-02 |   2.616640e-03 |
|   6.200000e-02 |   9.698708e-01 |   9.686369e-01 |   9.867933e-01 |   9.865871e-01 |   3.689867e-02 |   2.559896e-03 |
+----------------+----------------+----------------+----------------+----------------+----------------+----------------+
+----------------+----------------+----------------+------------------+----------------+----------------+
| time           | mass           | mass_reaction  | outflow_gradient | platen_max     | platen_min     |
+----------------+----------------+----------------+------------------+----------------+----------------+
:                :                :                :                  :                :                :
|   4.800000e-02 |   1.520394e-01 |  -5.684674e-02 |     5.574572e-02 |  -6.270919e-03 |  -6.270919e-03 |
|   4.900000e-02 |   1.519844e-01 |  -5.496634e-02 |     5.390252e-02 |  -6.279130e-03 |  -6.279130e-03 |
|   5.000000e-02 |   1.519313e-01 |  -5.314766e-02 |     5.211977e-02 |  -6.287069e-03 |  -6.287069e-03 |
|   5.100000e-02 |   1.518799e-01 |  -5.138871e-02 |     5.039553e-02 |  -6.294748e-03 |  -6.294748e-03 |
|   5.200000e-02 |   1.518302e-01 |  -4.968755e-02 |     4.872789e-02 |  -6.302173e-03 |  -6.302173e-03 |
|   5.300000e-02 |   1.517821e-01 |  -4.804232e-02 |     4.711503e-02 |  -6.309353e-03 |  -6.309353e-03 |
|   5.400000e-02 |   1.517357e-01 |  -4.645120e-02 |     4.555518e-02 |  -6.316297e-03 |  -6.316297e-03 |
|   5.500000e-02 |   1.516908e-01 |  -4.491243e-02 |     4.404662e-02 |  -6.323011e-03 |  -6.323011e-03 |
|   5.600000e-02 |   1.516473e-01 |  -4.342432e-02 |     4.258769e-02 |  -6.329504e-03 |  -6.329504e-03 |
|   5.700000e-02 |   1.516054e-01 |  -4.198521e-02 |     4.117676e-02 |  -6.335783e-03 |  -6.335783e-03 |
|   5.800000e-02 |   1.515648e-01 |  -4.059352e-02 |     3.981230e-02 |  -6.341854e-03 |  -6.341854e-03 |
|   5.900000e-02 |   1.515255e-01 |  -3.924769e-02 |     3.849277e-02 |  -6.347724e-03 |  -6.347724e-03 |
|   6.000000e-02 |   1.514876e-01 |  -3.794624e-02 |     3.721672e-02 |  -6.353401e-03 |  -6.353401e-03 |
|   6.100000e-02 |   1.514509e-01 |  -3.668771e-02 |     3.598274e-02 |  -6.358890e-03 |  -6.358890e-03 |
|   6.200000e-02 |   1.514154e-01 |  -3.547071e-02 |     3.478946e-02 |  -6.364197e-03 |  -6.364197e-03 |
+----------------+----------------+----------------+------------------+----------------+----------------+
+----------------+--------------------+--------------------+----------------+----------------+----------------+
| time           | solid_fraction_max | solid_fraction_min | stability_max  | stability_min  | top_reaction   |
+----------------+--------------------+--------------------+----------------+----------------+----------------+
:                :                    :                    :                :                :                :
|   4.800000e-02 |       6.110645e-01 |       6.096151e-01 |   2.803393e+01 |   2.800078e+01 |  -1.400000e+00 |
|   4.900000e-02 |       6.110805e-01 |       6.096790e-01 |   2.803281e+01 |   2.800075e+01 |  -1.400000e+00 |
|   5.000000e-02 |       6.110960e-01 |       6.097407e-01 |   2.803172e+01 |   2.800073e+01 |  -1.400000e+00 |
|   5.100000e-02 |       6.111110e-01 |       6.098005e-01 |   2.803068e+01 |   2.800070e+01 |  -1.400000e+00 |
|   5.200000e-02 |       6.111255e-01 |       6.098583e-01 |   2.802966e+01 |   2.800068e+01 |  -1.400000e+00 |
|   5.300000e-02 |       6.111395e-01 |       6.099141e-01 |   2.802868e+01 |   2.800066e+01 |  -1.400000e+00 |
|   5.400000e-02 |       6.111531e-01 |       6.099682e-01 |   2.802774e+01 |   2.800064e+01 |  -1.400000e+00 |
|   5.500000e-02 |       6.111662e-01 |       6.100205e-01 |   2.802682e+01 |   2.800062e+01 |  -1.400000e+00 |
|   5.600000e-02 |       6.111789e-01 |       6.100710e-01 |   2.802593e+01 |   2.800059e+01 |  -1.400000e+00 |
|   5.700000e-02 |       6.111911e-01 |       6.101199e-01 |   2.802508e+01 |   2.800058e+01 |  -1.400000e+00 |
|   5.800000e-02 |       6.112030e-01 |       6.101672e-01 |   2.802425e+01 |   2.800056e+01 |  -1.400000e+00 |
|   5.900000e-02 |       6.112144e-01 |       6.102130e-01 |   2.802344e+01 |   2.800054e+01 |  -1.400000e+00 |
|   6.000000e-02 |       6.112255e-01 |       6.102572e-01 |   2.802267e+01 |   2.800052e+01 |  -1.400000e+00 |
|   6.100000e-02 |       6.112362e-01 |       6.103000e-01 |   2.802192e+01 |   2.800050e+01 |  -1.400000e+00 |
|   6.200000e-02 |       6.112466e-01 |       6.103414e-01 |   2.802119e+01 |   2.800049e+01 |  -1.400000e+00 |
+----------------+--------------------+--------------------+----------------+----------------+----------------+


Time Step 63, time = 0.063, dt = 0.001
 * Nonlinear |R| = [32m4.405883e-03[39m (Before preset BCs, predictors, correctors, and constraints)
 0 Nonlinear |R| = [32m4.405883e-03[39m
      0 Linear |R| = [32m4.405883e-03[39m
      1 Linear |R| = [32m1.606245e-03[39m
      2 Linear |R| = [32m1.418779e-03[39m
      3 Linear |R| = [32m2.494779e-05[39m
      4 Linear |R| = [32m7.596805e-06[39m
      5 Linear |R| = [32m5.648787e-06[39m
      6 Linear |R| = [32m6.664814e-07[39m
      7 Linear |R| = [32m8.942584e-08[39m
      8 Linear |R| = [32m2.050915e-08[39m
      9 Linear |R| = [32m7.942915e-09[39m
     10 Linear |R| = [32m3.874519e-09[39m
     11 Linear |R| = [32m7.956018e-10[39m
     12 Linear |R| = [32m3.070564e-10[39m
     13 Linear |R| = [32m5.540310e-11[39m
     14 Linear |R| = [32m6.567375e-12[39m
     15 Linear |R| = [32m5.898089e-13[39m
 1 Nonlinear |R| = [32m4.936131e-07[39m
      0 Linear |R| = [32m4.936131e-07[39m
      1 Linear |R| = [32m9.305890e-08[39m
      2 Linear |R| = [32m3.157791e-09[39m
      3 Linear |R| = [32m1.606618e-09[39m
      4 Linear |R| = [32m5.233706e-10[39m
      5 Linear |R| = [32m4.762839e-10[39m
      6 Linear |R| = [32m1.345756e-10[39m
      7 Linear |R| = [32m1.571637e-11[39m
      8 Linear |R| = [32m2.175804e-12[39m
      9 Linear |R| = [32m1.521019e-12[39m
     10 Linear |R| = [32m8.450883e-13[39m
     11 Linear |R| = [32m7.798334e-14[39m
     12 Linear |R| = [32m2.813957e-14[39m
     13 Linear |R| = [32m1.102753e-14[39m
     14 Linear |R| = [32m8.812630e-16[39m
     15 Linear |R| = [32m1.026190e-16[39m
 2 Nonlinear |R| = [32m1.592861e-12[39m
[32m Solve Converged![39m

Outlier Variable Residual Norms:
  uy: [33m1.334632e-12[39m

Postprocessor Values:
+----------------+----------------+----------------+----------------+----------------+----------------+----------------+
| time           | J_max          | J_min          | Jbar_max       | Jbar_min       | center_pressure| edge_ux        |
+----------------+----------------+----------------+----------------+----------------+----------------+----------------+
:                :                :                :                :                :                :                :
|   4.900000e-02 |   9.709870e-01 |   9.690724e-01 |   9.869688e-01 |   9.866507e-01 |   5.711991e-02 |   3.469466e-03 |
|   5.000000e-02 |   9.708828e-01 |   9.690318e-01 |   9.869524e-01 |   9.866447e-01 |   5.523532e-02 |   3.384565e-03 |
|   5.100000e-02 |   9.707820e-01 |   9.689925e-01 |   9.869366e-01 |   9.866389e-01 |   5.341228e-02 |   3.302462e-03 |
|   5.200000e-02 |   9.706846e-01 |   9.689545e-01 |   9.869213e-01 |   9.866333e-01 |   5.164881e-02 |   3.223067e-03 |
|   5.300000e-02 |   9.705903e-01 |   9.689177e-01 |   9.869065e-01 |   9.866279e-01 |   4.994300e-02 |   3.146289e-03 |
|   5.400000e-02 |   9.704992e-01 |   9.688821e-01 |   9.868922e-01 |   9.866227e-01 |   4.829302e-02 |   3.072045e-03 |
|   5.500000e-02 |   9.704111e-01 |   9.688478e-01 |   9.868783e-01 |   9.866177e-01 |   4.669705e-02 |   3.000252e-03 |
|   5.600000e-02 |   9.703259e-01 |   9.688145e-01 |   9.868649e-01 |   9.866129e-01 |   4.515338e-02 |   2.930828e-03 |
|   5.700000e-02 |   9.702435e-01 |   9.687824e-01 |   9.868520e-01 |   9.866082e-01 |   4.366031e-02 |   2.863698e-03 |
|   5.800000e-02 |   9.701639e-01 |   9.687513e-01 |   9.868394e-01 |   9.866037e-01 |   4.221621e-02 |   2.798785e-03 |
|   5.900000e-02 |   9.700869e-01 |   9.687212e-01 |   9.868273e-01 |   9.865993e-01 |   4.081951e-02 |   2.736018e-03 |
|   6.000000e-02 |   9.700124e-01 |   9.686922e-01 |   9.868156e-01 |   9.865951e-01 |   3.946866e-02 |   2.675326e-03 |
|   6.100000e-02 |   9.699404e-01 |   9.686640e-01 |   9.868043e-01 |   9.865910e-01 |   3.816220e-02 |   2.616640e-03 |
|   6.200000e-02 |   9.698708e-01 |   9.686369e-01 |   9.867933e-01 |   9.865871e-01 |   3.689867e-02 |   2.559896e-03 |
|   6.300000e-02 |   9.698035e-01 |   9.686106e-01 |   9.867828e-01 |   9.865833e-01 |   3.567669e-02 |   2.505029e-03 |
+----------------+----------------+----------------+----------------+----------------+----------------+----------------+
+----------------+----------------+----------------+------------------+----------------+----------------+
| time           | mass           | mass_reaction  | outflow_gradient | platen_max     | platen_min     |
+----------------+----------------+----------------+------------------+----------------+----------------+
:                :                :                :                  :                :                :
|   4.900000e-02 |   1.519844e-01 |  -5.496634e-02 |     5.390252e-02 |  -6.279130e-03 |  -6.279130e-03 |
|   5.000000e-02 |   1.519313e-01 |  -5.314766e-02 |     5.211977e-02 |  -6.287069e-03 |  -6.287069e-03 |
|   5.100000e-02 |   1.518799e-01 |  -5.138871e-02 |     5.039553e-02 |  -6.294748e-03 |  -6.294748e-03 |
|   5.200000e-02 |   1.518302e-01 |  -4.968755e-02 |     4.872789e-02 |  -6.302173e-03 |  -6.302173e-03 |
|   5.300000e-02 |   1.517821e-01 |  -4.804232e-02 |     4.711503e-02 |  -6.309353e-03 |  -6.309353e-03 |
|   5.400000e-02 |   1.517357e-01 |  -4.645120e-02 |     4.555518e-02 |  -6.316297e-03 |  -6.316297e-03 |
|   5.500000e-02 |   1.516908e-01 |  -4.491243e-02 |     4.404662e-02 |  -6.323011e-03 |  -6.323011e-03 |
|   5.600000e-02 |   1.516473e-01 |  -4.342432e-02 |     4.258769e-02 |  -6.329504e-03 |  -6.329504e-03 |
|   5.700000e-02 |   1.516054e-01 |  -4.198521e-02 |     4.117676e-02 |  -6.335783e-03 |  -6.335783e-03 |
|   5.800000e-02 |   1.515648e-01 |  -4.059352e-02 |     3.981230e-02 |  -6.341854e-03 |  -6.341854e-03 |
|   5.900000e-02 |   1.515255e-01 |  -3.924769e-02 |     3.849277e-02 |  -6.347724e-03 |  -6.347724e-03 |
|   6.000000e-02 |   1.514876e-01 |  -3.794624e-02 |     3.721672e-02 |  -6.353401e-03 |  -6.353401e-03 |
|   6.100000e-02 |   1.514509e-01 |  -3.668771e-02 |     3.598274e-02 |  -6.358890e-03 |  -6.358890e-03 |
|   6.200000e-02 |   1.514154e-01 |  -3.547071e-02 |     3.478946e-02 |  -6.364197e-03 |  -6.364197e-03 |
|   6.300000e-02 |   1.513811e-01 |  -3.429388e-02 |     3.363553e-02 |  -6.369329e-03 |  -6.369329e-03 |
+----------------+----------------+----------------+------------------+----------------+----------------+
+----------------+--------------------+--------------------+----------------+----------------+----------------+
| time           | solid_fraction_max | solid_fraction_min | stability_max  | stability_min  | top_reaction   |
+----------------+--------------------+--------------------+----------------+----------------+----------------+
:                :                    :                    :                :                :                :
|   4.900000e-02 |       6.110805e-01 |       6.096790e-01 |   2.803281e+01 |   2.800075e+01 |  -1.400000e+00 |
|   5.000000e-02 |       6.110960e-01 |       6.097407e-01 |   2.803172e+01 |   2.800073e+01 |  -1.400000e+00 |
|   5.100000e-02 |       6.111110e-01 |       6.098005e-01 |   2.803068e+01 |   2.800070e+01 |  -1.400000e+00 |
|   5.200000e-02 |       6.111255e-01 |       6.098583e-01 |   2.802966e+01 |   2.800068e+01 |  -1.400000e+00 |
|   5.300000e-02 |       6.111395e-01 |       6.099141e-01 |   2.802868e+01 |   2.800066e+01 |  -1.400000e+00 |
|   5.400000e-02 |       6.111531e-01 |       6.099682e-01 |   2.802774e+01 |   2.800064e+01 |  -1.400000e+00 |
|   5.500000e-02 |       6.111662e-01 |       6.100205e-01 |   2.802682e+01 |   2.800062e+01 |  -1.400000e+00 |
|   5.600000e-02 |       6.111789e-01 |       6.100710e-01 |   2.802593e+01 |   2.800059e+01 |  -1.400000e+00 |
|   5.700000e-02 |       6.111911e-01 |       6.101199e-01 |   2.802508e+01 |   2.800058e+01 |  -1.400000e+00 |
|   5.800000e-02 |       6.112030e-01 |       6.101672e-01 |   2.802425e+01 |   2.800056e+01 |  -1.400000e+00 |
|   5.900000e-02 |       6.112144e-01 |       6.102130e-01 |   2.802344e+01 |   2.800054e+01 |  -1.400000e+00 |
|   6.000000e-02 |       6.112255e-01 |       6.102572e-01 |   2.802267e+01 |   2.800052e+01 |  -1.400000e+00 |
|   6.100000e-02 |       6.112362e-01 |       6.103000e-01 |   2.802192e+01 |   2.800050e+01 |  -1.400000e+00 |
|   6.200000e-02 |       6.112466e-01 |       6.103414e-01 |   2.802119e+01 |   2.800049e+01 |  -1.400000e+00 |
|   6.300000e-02 |       6.112566e-01 |       6.103814e-01 |   2.802049e+01 |   2.800047e+01 |  -1.400000e+00 |
+----------------+--------------------+--------------------+----------------+----------------+----------------+


Time Step 64, time = 0.064, dt = 0.001
 * Nonlinear |R| = [32m4.259653e-03[39m (Before preset BCs, predictors, correctors, and constraints)
 0 Nonlinear |R| = [32m4.259653e-03[39m
      0 Linear |R| = [32m4.259653e-03[39m
      1 Linear |R| = [32m1.553150e-03[39m
      2 Linear |R| = [32m1.371928e-03[39m
      3 Linear |R| = [32m2.412202e-05[39m
      4 Linear |R| = [32m7.344828e-06[39m
      5 Linear |R| = [32m5.334371e-06[39m
      6 Linear |R| = [32m6.444279e-07[39m
      7 Linear |R| = [32m8.646489e-08[39m
      8 Linear |R| = [32m1.846722e-08[39m
      9 Linear |R| = [32m7.679546e-09[39m
     10 Linear |R| = [32m3.746603e-09[39m
     11 Linear |R| = [32m7.692597e-10[39m
     12 Linear |R| = [32m2.818623e-10[39m
     13 Linear |R| = [32m5.357024e-11[39m
     14 Linear |R| = [32m6.348812e-12[39m
     15 Linear |R| = [32m5.100795e-13[39m
 1 Nonlinear |R| = [32m4.644968e-07[39m
      0 Linear |R| = [32m4.644968e-07[39m
      1 Linear |R| = [32m8.823167e-08[39m
      2 Linear |R| = [32m5.632166e-09[39m
      3 Linear |R| = [32m1.476569e-09[39m
      4 Linear |R| = [32m4.851492e-10[39m
      5 Linear |R| = [32m4.465246e-10[39m
      6 Linear |R| = [32m1.250407e-10[39m
      7 Linear |R| = [32m1.445733e-11[39m
      8 Linear |R| = [32m1.721548e-12[39m
      9 Linear |R| = [32m1.427914e-12[39m
     10 Linear |R| = [32m8.018762e-13[39m
     11 Linear |R| = [32m5.053528e-14[39m
     12 Linear |R| = [32m1.542799e-14[39m
     13 Linear |R| = [32m8.496336e-15[39m
     14 Linear |R| = [32m7.555051e-16[39m
     15 Linear |R| = [32m7.825744e-17[39m
 2 Nonlinear |R| = [32m1.659645e-12[39m
[32m Solve Converged![39m

Outlier Variable Residual Norms:
  uy: [33m1.449727e-12[39m

Postprocessor Values:
+----------------+----------------+----------------+----------------+----------------+----------------+----------------+
| time           | J_max          | J_min          | Jbar_max       | Jbar_min       | center_pressure| edge_ux        |
+----------------+----------------+----------------+----------------+----------------+----------------+----------------+
:                :                :                :                :                :                :                :
|   5.000000e-02 |   9.708828e-01 |   9.690318e-01 |   9.869524e-01 |   9.866447e-01 |   5.523532e-02 |   3.384565e-03 |
|   5.100000e-02 |   9.707820e-01 |   9.689925e-01 |   9.869366e-01 |   9.866389e-01 |   5.341228e-02 |   3.302462e-03 |
|   5.200000e-02 |   9.706846e-01 |   9.689545e-01 |   9.869213e-01 |   9.866333e-01 |   5.164881e-02 |   3.223067e-03 |
|   5.300000e-02 |   9.705903e-01 |   9.689177e-01 |   9.869065e-01 |   9.866279e-01 |   4.994300e-02 |   3.146289e-03 |
|   5.400000e-02 |   9.704992e-01 |   9.688821e-01 |   9.868922e-01 |   9.866227e-01 |   4.829302e-02 |   3.072045e-03 |
|   5.500000e-02 |   9.704111e-01 |   9.688478e-01 |   9.868783e-01 |   9.866177e-01 |   4.669705e-02 |   3.000252e-03 |
|   5.600000e-02 |   9.703259e-01 |   9.688145e-01 |   9.868649e-01 |   9.866129e-01 |   4.515338e-02 |   2.930828e-03 |
|   5.700000e-02 |   9.702435e-01 |   9.687824e-01 |   9.868520e-01 |   9.866082e-01 |   4.366031e-02 |   2.863698e-03 |
|   5.800000e-02 |   9.701639e-01 |   9.687513e-01 |   9.868394e-01 |   9.866037e-01 |   4.221621e-02 |   2.798785e-03 |
|   5.900000e-02 |   9.700869e-01 |   9.687212e-01 |   9.868273e-01 |   9.865993e-01 |   4.081951e-02 |   2.736018e-03 |
|   6.000000e-02 |   9.700124e-01 |   9.686922e-01 |   9.868156e-01 |   9.865951e-01 |   3.946866e-02 |   2.675326e-03 |
|   6.100000e-02 |   9.699404e-01 |   9.686640e-01 |   9.868043e-01 |   9.865910e-01 |   3.816220e-02 |   2.616640e-03 |
|   6.200000e-02 |   9.698708e-01 |   9.686369e-01 |   9.867933e-01 |   9.865871e-01 |   3.689867e-02 |   2.559896e-03 |
|   6.300000e-02 |   9.698035e-01 |   9.686106e-01 |   9.867828e-01 |   9.865833e-01 |   3.567669e-02 |   2.505029e-03 |
|   6.400000e-02 |   9.697384e-01 |   9.685852e-01 |   9.867725e-01 |   9.865796e-01 |   3.449492e-02 |   2.451977e-03 |
+----------------+----------------+----------------+----------------+----------------+----------------+----------------+
+----------------+----------------+----------------+------------------+----------------+----------------+
| time           | mass           | mass_reaction  | outflow_gradient | platen_max     | platen_min     |
+----------------+----------------+----------------+------------------+----------------+----------------+
:                :                :                :                  :                :                :
|   5.000000e-02 |   1.519313e-01 |  -5.314766e-02 |     5.211977e-02 |  -6.287069e-03 |  -6.287069e-03 |
|   5.100000e-02 |   1.518799e-01 |  -5.138871e-02 |     5.039553e-02 |  -6.294748e-03 |  -6.294748e-03 |
|   5.200000e-02 |   1.518302e-01 |  -4.968755e-02 |     4.872789e-02 |  -6.302173e-03 |  -6.302173e-03 |
|   5.300000e-02 |   1.517821e-01 |  -4.804232e-02 |     4.711503e-02 |  -6.309353e-03 |  -6.309353e-03 |
|   5.400000e-02 |   1.517357e-01 |  -4.645120e-02 |     4.555518e-02 |  -6.316297e-03 |  -6.316297e-03 |
|   5.500000e-02 |   1.516908e-01 |  -4.491243e-02 |     4.404662e-02 |  -6.323011e-03 |  -6.323011e-03 |
|   5.600000e-02 |   1.516473e-01 |  -4.342432e-02 |     4.258769e-02 |  -6.329504e-03 |  -6.329504e-03 |
|   5.700000e-02 |   1.516054e-01 |  -4.198521e-02 |     4.117676e-02 |  -6.335783e-03 |  -6.335783e-03 |
|   5.800000e-02 |   1.515648e-01 |  -4.059352e-02 |     3.981230e-02 |  -6.341854e-03 |  -6.341854e-03 |
|   5.900000e-02 |   1.515255e-01 |  -3.924769e-02 |     3.849277e-02 |  -6.347724e-03 |  -6.347724e-03 |
|   6.000000e-02 |   1.514876e-01 |  -3.794624e-02 |     3.721672e-02 |  -6.353401e-03 |  -6.353401e-03 |
|   6.100000e-02 |   1.514509e-01 |  -3.668771e-02 |     3.598274e-02 |  -6.358890e-03 |  -6.358890e-03 |
|   6.200000e-02 |   1.514154e-01 |  -3.547071e-02 |     3.478946e-02 |  -6.364197e-03 |  -6.364197e-03 |
|   6.300000e-02 |   1.513811e-01 |  -3.429388e-02 |     3.363553e-02 |  -6.369329e-03 |  -6.369329e-03 |
|   6.400000e-02 |   1.513480e-01 |  -3.315591e-02 |     3.251969e-02 |  -6.374291e-03 |  -6.374291e-03 |
+----------------+----------------+----------------+------------------+----------------+----------------+
+----------------+--------------------+--------------------+----------------+----------------+----------------+
| time           | solid_fraction_max | solid_fraction_min | stability_max  | stability_min  | top_reaction   |
+----------------+--------------------+--------------------+----------------+----------------+----------------+
:                :                    :                    :                :                :                :
|   5.000000e-02 |       6.110960e-01 |       6.097407e-01 |   2.803172e+01 |   2.800073e+01 |  -1.400000e+00 |
|   5.100000e-02 |       6.111110e-01 |       6.098005e-01 |   2.803068e+01 |   2.800070e+01 |  -1.400000e+00 |
|   5.200000e-02 |       6.111255e-01 |       6.098583e-01 |   2.802966e+01 |   2.800068e+01 |  -1.400000e+00 |
|   5.300000e-02 |       6.111395e-01 |       6.099141e-01 |   2.802868e+01 |   2.800066e+01 |  -1.400000e+00 |
|   5.400000e-02 |       6.111531e-01 |       6.099682e-01 |   2.802774e+01 |   2.800064e+01 |  -1.400000e+00 |
|   5.500000e-02 |       6.111662e-01 |       6.100205e-01 |   2.802682e+01 |   2.800062e+01 |  -1.400000e+00 |
|   5.600000e-02 |       6.111789e-01 |       6.100710e-01 |   2.802593e+01 |   2.800059e+01 |  -1.400000e+00 |
|   5.700000e-02 |       6.111911e-01 |       6.101199e-01 |   2.802508e+01 |   2.800058e+01 |  -1.400000e+00 |
|   5.800000e-02 |       6.112030e-01 |       6.101672e-01 |   2.802425e+01 |   2.800056e+01 |  -1.400000e+00 |
|   5.900000e-02 |       6.112144e-01 |       6.102130e-01 |   2.802344e+01 |   2.800054e+01 |  -1.400000e+00 |
|   6.000000e-02 |       6.112255e-01 |       6.102572e-01 |   2.802267e+01 |   2.800052e+01 |  -1.400000e+00 |
|   6.100000e-02 |       6.112362e-01 |       6.103000e-01 |   2.802192e+01 |   2.800050e+01 |  -1.400000e+00 |
|   6.200000e-02 |       6.112466e-01 |       6.103414e-01 |   2.802119e+01 |   2.800049e+01 |  -1.400000e+00 |
|   6.300000e-02 |       6.112566e-01 |       6.103814e-01 |   2.802049e+01 |   2.800047e+01 |  -1.400000e+00 |
|   6.400000e-02 |       6.112663e-01 |       6.104201e-01 |   2.801981e+01 |   2.800045e+01 |  -1.400000e+00 |
+----------------+--------------------+--------------------+----------------+----------------+----------------+


Time Step 65, time = 0.065, dt = 0.001
 * Nonlinear |R| = [32m4.118255e-03[39m (Before preset BCs, predictors, correctors, and constraints)
 0 Nonlinear |R| = [32m4.118255e-03[39m
      0 Linear |R| = [32m4.118255e-03[39m
      1 Linear |R| = [32m1.501791e-03[39m
      2 Linear |R| = [32m1.326604e-03[39m
      3 Linear |R| = [32m2.332337e-05[39m
      4 Linear |R| = [32m7.101721e-06[39m
      5 Linear |R| = [32m5.145452e-06[39m
      6 Linear |R| = [32m6.231081e-07[39m
      7 Linear |R| = [32m8.360161e-08[39m
      8 Linear |R| = [32m1.449889e-08[39m
      9 Linear |R| = [32m7.424162e-09[39m
     10 Linear |R| = [32m3.620293e-09[39m
     11 Linear |R| = [32m7.437197e-10[39m
     12 Linear |R| = [32m2.177957e-10[39m
     13 Linear |R| = [32m5.179623e-11[39m
     14 Linear |R| = [32m6.138149e-12[39m
     15 Linear |R| = [32m5.084143e-13[39m
 1 Nonlinear |R| = [32m4.322718e-07[39m
      0 Linear |R| = [32m4.322718e-07[39m
      1 Linear |R| = [32m8.081077e-08[39m
      2 Linear |R| = [32m3.758095e-09[39m
      3 Linear |R| = [32m1.369827e-09[39m
      4 Linear |R| = [32m4.459931e-10[39m
      5 Linear |R| = [32m4.158669e-10[39m
      6 Linear |R| = [32m1.092318e-10[39m
      7 Linear |R| = [32m1.203179e-11[39m
      8 Linear |R| = [32m1.430079e-12[39m
      9 Linear |R| = [32m1.200200e-12[39m
     10 Linear |R| = [32m3.310061e-13[39m
     11 Linear |R| = [32m6.415527e-14[39m
     12 Linear |R| = [32m1.605172e-14[39m
     13 Linear |R| = [32m7.602263e-15[39m
     14 Linear |R| = [32m9.120363e-16[39m
     15 Linear |R| = [32m7.954033e-17[39m
 2 Nonlinear |R| = [32m1.532896e-12[39m
[32m Solve Converged![39m

Outlier Variable Residual Norms:
  uy: [33m1.332987e-12[39m

Postprocessor Values:
+----------------+----------------+----------------+----------------+----------------+----------------+----------------+
| time           | J_max          | J_min          | Jbar_max       | Jbar_min       | center_pressure| edge_ux        |
+----------------+----------------+----------------+----------------+----------------+----------------+----------------+
:                :                :                :                :                :                :                :
|   5.100000e-02 |   9.707820e-01 |   9.689925e-01 |   9.869366e-01 |   9.866389e-01 |   5.341228e-02 |   3.302462e-03 |
|   5.200000e-02 |   9.706846e-01 |   9.689545e-01 |   9.869213e-01 |   9.866333e-01 |   5.164881e-02 |   3.223067e-03 |
|   5.300000e-02 |   9.705903e-01 |   9.689177e-01 |   9.869065e-01 |   9.866279e-01 |   4.994300e-02 |   3.146289e-03 |
|   5.400000e-02 |   9.704992e-01 |   9.688821e-01 |   9.868922e-01 |   9.866227e-01 |   4.829302e-02 |   3.072045e-03 |
|   5.500000e-02 |   9.704111e-01 |   9.688478e-01 |   9.868783e-01 |   9.866177e-01 |   4.669705e-02 |   3.000252e-03 |
|   5.600000e-02 |   9.703259e-01 |   9.688145e-01 |   9.868649e-01 |   9.866129e-01 |   4.515338e-02 |   2.930828e-03 |
|   5.700000e-02 |   9.702435e-01 |   9.687824e-01 |   9.868520e-01 |   9.866082e-01 |   4.366031e-02 |   2.863698e-03 |
|   5.800000e-02 |   9.701639e-01 |   9.687513e-01 |   9.868394e-01 |   9.866037e-01 |   4.221621e-02 |   2.798785e-03 |
|   5.900000e-02 |   9.700869e-01 |   9.687212e-01 |   9.868273e-01 |   9.865993e-01 |   4.081951e-02 |   2.736018e-03 |
|   6.000000e-02 |   9.700124e-01 |   9.686922e-01 |   9.868156e-01 |   9.865951e-01 |   3.946866e-02 |   2.675326e-03 |
|   6.100000e-02 |   9.699404e-01 |   9.686640e-01 |   9.868043e-01 |   9.865910e-01 |   3.816220e-02 |   2.616640e-03 |
|   6.200000e-02 |   9.698708e-01 |   9.686369e-01 |   9.867933e-01 |   9.865871e-01 |   3.689867e-02 |   2.559896e-03 |
|   6.300000e-02 |   9.698035e-01 |   9.686106e-01 |   9.867828e-01 |   9.865833e-01 |   3.567669e-02 |   2.505029e-03 |
|   6.400000e-02 |   9.697384e-01 |   9.685852e-01 |   9.867725e-01 |   9.865796e-01 |   3.449492e-02 |   2.451977e-03 |
|   6.500000e-02 |   9.696755e-01 |   9.685606e-01 |   9.867626e-01 |   9.865761e-01 |   3.335204e-02 |   2.400682e-03 |
+----------------+----------------+----------------+----------------+----------------+----------------+----------------+
+----------------+----------------+----------------+------------------+----------------+----------------+
| time           | mass           | mass_reaction  | outflow_gradient | platen_max     | platen_min     |
+----------------+----------------+----------------+------------------+----------------+----------------+
:                :                :                :                  :                :                :
|   5.100000e-02 |   1.518799e-01 |  -5.138871e-02 |     5.039553e-02 |  -6.294748e-03 |  -6.294748e-03 |
|   5.200000e-02 |   1.518302e-01 |  -4.968755e-02 |     4.872789e-02 |  -6.302173e-03 |  -6.302173e-03 |
|   5.300000e-02 |   1.517821e-01 |  -4.804232e-02 |     4.711503e-02 |  -6.309353e-03 |  -6.309353e-03 |
|   5.400000e-02 |   1.517357e-01 |  -4.645120e-02 |     4.555518e-02 |  -6.316297e-03 |  -6.316297e-03 |
|   5.500000e-02 |   1.516908e-01 |  -4.491243e-02 |     4.404662e-02 |  -6.323011e-03 |  -6.323011e-03 |
|   5.600000e-02 |   1.516473e-01 |  -4.342432e-02 |     4.258769e-02 |  -6.329504e-03 |  -6.329504e-03 |
|   5.700000e-02 |   1.516054e-01 |  -4.198521e-02 |     4.117676e-02 |  -6.335783e-03 |  -6.335783e-03 |
|   5.800000e-02 |   1.515648e-01 |  -4.059352e-02 |     3.981230e-02 |  -6.341854e-03 |  -6.341854e-03 |
|   5.900000e-02 |   1.515255e-01 |  -3.924769e-02 |     3.849277e-02 |  -6.347724e-03 |  -6.347724e-03 |
|   6.000000e-02 |   1.514876e-01 |  -3.794624e-02 |     3.721672e-02 |  -6.353401e-03 |  -6.353401e-03 |
|   6.100000e-02 |   1.514509e-01 |  -3.668771e-02 |     3.598274e-02 |  -6.358890e-03 |  -6.358890e-03 |
|   6.200000e-02 |   1.514154e-01 |  -3.547071e-02 |     3.478946e-02 |  -6.364197e-03 |  -6.364197e-03 |
|   6.300000e-02 |   1.513811e-01 |  -3.429388e-02 |     3.363553e-02 |  -6.369329e-03 |  -6.369329e-03 |
|   6.400000e-02 |   1.513480e-01 |  -3.315591e-02 |     3.251969e-02 |  -6.374291e-03 |  -6.374291e-03 |
|   6.500000e-02 |   1.513159e-01 |  -3.205552e-02 |     3.144068e-02 |  -6.379089e-03 |  -6.379089e-03 |
+----------------+----------------+----------------+------------------+----------------+----------------+
+----------------+--------------------+--------------------+----------------+----------------+----------------+
| time           | solid_fraction_max | solid_fraction_min | stability_max  | stability_min  | top_reaction   |
+----------------+--------------------+--------------------+----------------+----------------+----------------+
:                :                    :                    :                :                :                :
|   5.100000e-02 |       6.111110e-01 |       6.098005e-01 |   2.803068e+01 |   2.800070e+01 |  -1.400000e+00 |
|   5.200000e-02 |       6.111255e-01 |       6.098583e-01 |   2.802966e+01 |   2.800068e+01 |  -1.400000e+00 |
|   5.300000e-02 |       6.111395e-01 |       6.099141e-01 |   2.802868e+01 |   2.800066e+01 |  -1.400000e+00 |
|   5.400000e-02 |       6.111531e-01 |       6.099682e-01 |   2.802774e+01 |   2.800064e+01 |  -1.400000e+00 |
|   5.500000e-02 |       6.111662e-01 |       6.100205e-01 |   2.802682e+01 |   2.800062e+01 |  -1.400000e+00 |
|   5.600000e-02 |       6.111789e-01 |       6.100710e-01 |   2.802593e+01 |   2.800059e+01 |  -1.400000e+00 |
|   5.700000e-02 |       6.111911e-01 |       6.101199e-01 |   2.802508e+01 |   2.800058e+01 |  -1.400000e+00 |
|   5.800000e-02 |       6.112030e-01 |       6.101672e-01 |   2.802425e+01 |   2.800056e+01 |  -1.400000e+00 |
|   5.900000e-02 |       6.112144e-01 |       6.102130e-01 |   2.802344e+01 |   2.800054e+01 |  -1.400000e+00 |
|   6.000000e-02 |       6.112255e-01 |       6.102572e-01 |   2.802267e+01 |   2.800052e+01 |  -1.400000e+00 |
|   6.100000e-02 |       6.112362e-01 |       6.103000e-01 |   2.802192e+01 |   2.800050e+01 |  -1.400000e+00 |
|   6.200000e-02 |       6.112466e-01 |       6.103414e-01 |   2.802119e+01 |   2.800049e+01 |  -1.400000e+00 |
|   6.300000e-02 |       6.112566e-01 |       6.103814e-01 |   2.802049e+01 |   2.800047e+01 |  -1.400000e+00 |
|   6.400000e-02 |       6.112663e-01 |       6.104201e-01 |   2.801981e+01 |   2.800045e+01 |  -1.400000e+00 |
|   6.500000e-02 |       6.112757e-01 |       6.104575e-01 |   2.801915e+01 |   2.800044e+01 |  -1.400000e+00 |
+----------------+--------------------+--------------------+----------------+----------------+----------------+


Time Step 66, time = 0.066, dt = 0.001
 * Nonlinear |R| = [32m3.981530e-03[39m (Before preset BCs, predictors, correctors, and constraints)
 0 Nonlinear |R| = [32m3.981530e-03[39m
      0 Linear |R| = [32m3.981530e-03[39m
      1 Linear |R| = [32m1.452121e-03[39m
      2 Linear |R| = [32m1.282771e-03[39m
      3 Linear |R| = [32m2.255088e-05[39m
      4 Linear |R| = [32m6.866198e-06[39m
      5 Linear |R| = [32m4.984606e-06[39m
      6 Linear |R| = [32m6.024674e-07[39m
      7 Linear |R| = [32m8.083600e-08[39m
      8 Linear |R| = [32m2.078025e-08[39m
      9 Linear |R| = [32m7.177327e-09[39m
     10 Linear |R| = [32m3.496977e-09[39m
     11 Linear |R| = [32m7.191203e-10[39m
     12 Linear |R| = [32m3.545326e-10[39m
     13 Linear |R| = [32m5.008006e-11[39m
     14 Linear |R| = [32m5.934380e-12[39m
     15 Linear |R| = [32m5.157196e-13[39m
 1 Nonlinear |R| = [32m4.069809e-07[39m
      0 Linear |R| = [32m4.069809e-07[39m
      1 Linear |R| = [32m7.665397e-08[39m
      2 Linear |R| = [32m5.420700e-09[39m
      3 Linear |R| = [32m1.298756e-09[39m
      4 Linear |R| = [32m4.270700e-10[39m
      5 Linear |R| = [32m4.004539e-10[39m
      6 Linear |R| = [32m1.122695e-10[39m
      7 Linear |R| = [32m1.203487e-11[39m
      8 Linear |R| = [32m1.675873e-12[39m
      9 Linear |R| = [33m1.619602e-12[39m
     10 Linear |R| = [32m8.810102e-13[39m
     11 Linear |R| = [32m5.537257e-14[39m
     12 Linear |R| = [32m1.130193e-14[39m
     13 Linear |R| = [32m7.942138e-15[39m
     14 Linear |R| = [32m7.902199e-16[39m
     15 Linear |R| = [32m7.699498e-17[39m
 2 Nonlinear |R| = [32m1.466162e-12[39m
[32m Solve Converged![39m

Outlier Variable Residual Norms:
  uy: [33m1.289884e-12[39m

Postprocessor Values:
+----------------+----------------+----------------+----------------+----------------+----------------+----------------+
| time           | J_max          | J_min          | Jbar_max       | Jbar_min       | center_pressure| edge_ux        |
+----------------+----------------+----------------+----------------+----------------+----------------+----------------+
:                :                :                :                :                :                :                :
|   5.200000e-02 |   9.706846e-01 |   9.689545e-01 |   9.869213e-01 |   9.866333e-01 |   5.164881e-02 |   3.223067e-03 |
|   5.300000e-02 |   9.705903e-01 |   9.689177e-01 |   9.869065e-01 |   9.866279e-01 |   4.994300e-02 |   3.146289e-03 |
|   5.400000e-02 |   9.704992e-01 |   9.688821e-01 |   9.868922e-01 |   9.866227e-01 |   4.829302e-02 |   3.072045e-03 |
|   5.500000e-02 |   9.704111e-01 |   9.688478e-01 |   9.868783e-01 |   9.866177e-01 |   4.669705e-02 |   3.000252e-03 |
|   5.600000e-02 |   9.703259e-01 |   9.688145e-01 |   9.868649e-01 |   9.866129e-01 |   4.515338e-02 |   2.930828e-03 |
|   5.700000e-02 |   9.702435e-01 |   9.687824e-01 |   9.868520e-01 |   9.866082e-01 |   4.366031e-02 |   2.863698e-03 |
|   5.800000e-02 |   9.701639e-01 |   9.687513e-01 |   9.868394e-01 |   9.866037e-01 |   4.221621e-02 |   2.798785e-03 |
|   5.900000e-02 |   9.700869e-01 |   9.687212e-01 |   9.868273e-01 |   9.865993e-01 |   4.081951e-02 |   2.736018e-03 |
|   6.000000e-02 |   9.700124e-01 |   9.686922e-01 |   9.868156e-01 |   9.865951e-01 |   3.946866e-02 |   2.675326e-03 |
|   6.100000e-02 |   9.699404e-01 |   9.686640e-01 |   9.868043e-01 |   9.865910e-01 |   3.816220e-02 |   2.616640e-03 |
|   6.200000e-02 |   9.698708e-01 |   9.686369e-01 |   9.867933e-01 |   9.865871e-01 |   3.689867e-02 |   2.559896e-03 |
|   6.300000e-02 |   9.698035e-01 |   9.686106e-01 |   9.867828e-01 |   9.865833e-01 |   3.567669e-02 |   2.505029e-03 |
|   6.400000e-02 |   9.697384e-01 |   9.685852e-01 |   9.867725e-01 |   9.865796e-01 |   3.449492e-02 |   2.451977e-03 |
|   6.500000e-02 |   9.696755e-01 |   9.685606e-01 |   9.867626e-01 |   9.865761e-01 |   3.335204e-02 |   2.400682e-03 |
|   6.600000e-02 |   9.696146e-01 |   9.685369e-01 |   9.867531e-01 |   9.865727e-01 |   3.224680e-02 |   2.351085e-03 |
+----------------+----------------+----------------+----------------+----------------+----------------+----------------+
+----------------+----------------+----------------+------------------+----------------+----------------+
| time           | mass           | mass_reaction  | outflow_gradient | platen_max     | platen_min     |
+----------------+----------------+----------------+------------------+----------------+----------------+
:                :                :                :                  :                :                :
|   5.200000e-02 |   1.518302e-01 |  -4.968755e-02 |     4.872789e-02 |  -6.302173e-03 |  -6.302173e-03 |
|   5.300000e-02 |   1.517821e-01 |  -4.804232e-02 |     4.711503e-02 |  -6.309353e-03 |  -6.309353e-03 |
|   5.400000e-02 |   1.517357e-01 |  -4.645120e-02 |     4.555518e-02 |  -6.316297e-03 |  -6.316297e-03 |
|   5.500000e-02 |   1.516908e-01 |  -4.491243e-02 |     4.404662e-02 |  -6.323011e-03 |  -6.323011e-03 |
|   5.600000e-02 |   1.516473e-01 |  -4.342432e-02 |     4.258769e-02 |  -6.329504e-03 |  -6.329504e-03 |
|   5.700000e-02 |   1.516054e-01 |  -4.198521e-02 |     4.117676e-02 |  -6.335783e-03 |  -6.335783e-03 |
|   5.800000e-02 |   1.515648e-01 |  -4.059352e-02 |     3.981230e-02 |  -6.341854e-03 |  -6.341854e-03 |
|   5.900000e-02 |   1.515255e-01 |  -3.924769e-02 |     3.849277e-02 |  -6.347724e-03 |  -6.347724e-03 |
|   6.000000e-02 |   1.514876e-01 |  -3.794624e-02 |     3.721672e-02 |  -6.353401e-03 |  -6.353401e-03 |
|   6.100000e-02 |   1.514509e-01 |  -3.668771e-02 |     3.598274e-02 |  -6.358890e-03 |  -6.358890e-03 |
|   6.200000e-02 |   1.514154e-01 |  -3.547071e-02 |     3.478946e-02 |  -6.364197e-03 |  -6.364197e-03 |
|   6.300000e-02 |   1.513811e-01 |  -3.429388e-02 |     3.363553e-02 |  -6.369329e-03 |  -6.369329e-03 |
|   6.400000e-02 |   1.513480e-01 |  -3.315591e-02 |     3.251969e-02 |  -6.374291e-03 |  -6.374291e-03 |
|   6.500000e-02 |   1.513159e-01 |  -3.205552e-02 |     3.144068e-02 |  -6.379089e-03 |  -6.379089e-03 |
|   6.600000e-02 |   1.512849e-01 |  -3.099148e-02 |     3.039731e-02 |  -6.383728e-03 |  -6.383728e-03 |
+----------------+----------------+----------------+------------------+----------------+----------------+
+----------------+--------------------+--------------------+----------------+----------------+----------------+
| time           | solid_fraction_max | solid_fraction_min | stability_max  | stability_min  | top_reaction   |
+----------------+--------------------+--------------------+----------------+----------------+----------------+
:                :                    :                    :                :                :                :
|   5.200000e-02 |       6.111255e-01 |       6.098583e-01 |   2.802966e+01 |   2.800068e+01 |  -1.400000e+00 |
|   5.300000e-02 |       6.111395e-01 |       6.099141e-01 |   2.802868e+01 |   2.800066e+01 |  -1.400000e+00 |
|   5.400000e-02 |       6.111531e-01 |       6.099682e-01 |   2.802774e+01 |   2.800064e+01 |  -1.400000e+00 |
|   5.500000e-02 |       6.111662e-01 |       6.100205e-01 |   2.802682e+01 |   2.800062e+01 |  -1.400000e+00 |
|   5.600000e-02 |       6.111789e-01 |       6.100710e-01 |   2.802593e+01 |   2.800059e+01 |  -1.400000e+00 |
|   5.700000e-02 |       6.111911e-01 |       6.101199e-01 |   2.802508e+01 |   2.800058e+01 |  -1.400000e+00 |
|   5.800000e-02 |       6.112030e-01 |       6.101672e-01 |   2.802425e+01 |   2.800056e+01 |  -1.400000e+00 |
|   5.900000e-02 |       6.112144e-01 |       6.102130e-01 |   2.802344e+01 |   2.800054e+01 |  -1.400000e+00 |
|   6.000000e-02 |       6.112255e-01 |       6.102572e-01 |   2.802267e+01 |   2.800052e+01 |  -1.400000e+00 |
|   6.100000e-02 |       6.112362e-01 |       6.103000e-01 |   2.802192e+01 |   2.800050e+01 |  -1.400000e+00 |
|   6.200000e-02 |       6.112466e-01 |       6.103414e-01 |   2.802119e+01 |   2.800049e+01 |  -1.400000e+00 |
|   6.300000e-02 |       6.112566e-01 |       6.103814e-01 |   2.802049e+01 |   2.800047e+01 |  -1.400000e+00 |
|   6.400000e-02 |       6.112663e-01 |       6.104201e-01 |   2.801981e+01 |   2.800045e+01 |  -1.400000e+00 |
|   6.500000e-02 |       6.112757e-01 |       6.104575e-01 |   2.801915e+01 |   2.800044e+01 |  -1.400000e+00 |
|   6.600000e-02 |       6.112848e-01 |       6.104937e-01 |   2.801852e+01 |   2.800042e+01 |  -1.400000e+00 |
+----------------+--------------------+--------------------+----------------+----------------+----------------+


Time Step 67, time = 0.067, dt = 0.001
 * Nonlinear |R| = [32m3.849326e-03[39m (Before preset BCs, predictors, correctors, and constraints)
 0 Nonlinear |R| = [32m3.849326e-03[39m
      0 Linear |R| = [32m3.849326e-03[39m
      1 Linear |R| = [32m1.404076e-03[39m
      2 Linear |R| = [32m1.240365e-03[39m
      3 Linear |R| = [32m2.180400e-05[39m
      4 Linear |R| = [32m6.638768e-06[39m
      5 Linear |R| = [32m4.762565e-06[39m
      6 Linear |R| = [32m5.825211e-07[39m
      7 Linear |R| = [32m7.815621e-08[39m
      8 Linear |R| = [32m1.194038e-08[39m
      9 Linear |R| = [32m6.938619e-09[39m
     10 Linear |R| = [32m3.380324e-09[39m
     11 Linear |R| = [32m6.951395e-10[39m
     12 Linear |R| = [32m1.398425e-10[39m
     13 Linear |R| = [32m4.842159e-11[39m
     14 Linear |R| = [32m5.736860e-12[39m
     15 Linear |R| = [32m4.341613e-13[39m
 1 Nonlinear |R| = [32m3.781922e-07[39m
      0 Linear |R| = [32m3.781922e-07[39m
      1 Linear |R| = [32m7.067829e-08[39m
      2 Linear |R| = [32m1.548221e-09[39m
      3 Linear |R| = [32m1.186594e-09[39m
      4 Linear |R| = [32m3.954909e-10[39m
      5 Linear |R| = [32m3.682466e-10[39m
      6 Linear |R| = [32m1.025899e-10[39m
      7 Linear |R| = [32m1.135203e-11[39m
      8 Linear |R| = [32m1.471272e-12[39m
      9 Linear |R| = [32m1.334032e-12[39m
     10 Linear |R| = [32m7.589319e-13[39m
     11 Linear |R| = [32m5.027354e-14[39m
     12 Linear |R| = [32m1.300911e-14[39m
     13 Linear |R| = [32m6.097184e-15[39m
     14 Linear |R| = [32m7.581659e-16[39m
     15 Linear |R| = [32m6.788750e-17[39m
 2 Nonlinear |R| = [32m1.353143e-12[39m
[32m Solve Converged![39m

Outlier Variable Residual Norms:
  uy: [33m1.160543e-12[39m

Postprocessor Values:
+----------------+----------------+----------------+----------------+----------------+----------------+----------------+
| time           | J_max          | J_min          | Jbar_max       | Jbar_min       | center_pressure| edge_ux        |
+----------------+----------------+----------------+----------------+----------------+----------------+----------------+
:                :                :                :                :                :                :                :
|   5.300000e-02 |   9.705903e-01 |   9.689177e-01 |   9.869065e-01 |   9.866279e-01 |   4.994300e-02 |   3.146289e-03 |
|   5.400000e-02 |   9.704992e-01 |   9.688821e-01 |   9.868922e-01 |   9.866227e-01 |   4.829302e-02 |   3.072045e-03 |
|   5.500000e-02 |   9.704111e-01 |   9.688478e-01 |   9.868783e-01 |   9.866177e-01 |   4.669705e-02 |   3.000252e-03 |
|   5.600000e-02 |   9.703259e-01 |   9.688145e-01 |   9.868649e-01 |   9.866129e-01 |   4.515338e-02 |   2.930828e-03 |
|   5.700000e-02 |   9.702435e-01 |   9.687824e-01 |   9.868520e-01 |   9.866082e-01 |   4.366031e-02 |   2.863698e-03 |
|   5.800000e-02 |   9.701639e-01 |   9.687513e-01 |   9.868394e-01 |   9.866037e-01 |   4.221621e-02 |   2.798785e-03 |
|   5.900000e-02 |   9.700869e-01 |   9.687212e-01 |   9.868273e-01 |   9.865993e-01 |   4.081951e-02 |   2.736018e-03 |
|   6.000000e-02 |   9.700124e-01 |   9.686922e-01 |   9.868156e-01 |   9.865951e-01 |   3.946866e-02 |   2.675326e-03 |
|   6.100000e-02 |   9.699404e-01 |   9.686640e-01 |   9.868043e-01 |   9.865910e-01 |   3.816220e-02 |   2.616640e-03 |
|   6.200000e-02 |   9.698708e-01 |   9.686369e-01 |   9.867933e-01 |   9.865871e-01 |   3.689867e-02 |   2.559896e-03 |
|   6.300000e-02 |   9.698035e-01 |   9.686106e-01 |   9.867828e-01 |   9.865833e-01 |   3.567669e-02 |   2.505029e-03 |
|   6.400000e-02 |   9.697384e-01 |   9.685852e-01 |   9.867725e-01 |   9.865796e-01 |   3.449492e-02 |   2.451977e-03 |
|   6.500000e-02 |   9.696755e-01 |   9.685606e-01 |   9.867626e-01 |   9.865761e-01 |   3.335204e-02 |   2.400682e-03 |
|   6.600000e-02 |   9.696146e-01 |   9.685369e-01 |   9.867531e-01 |   9.865727e-01 |   3.224680e-02 |   2.351085e-03 |
|   6.700000e-02 |   9.695558e-01 |   9.685139e-01 |   9.867438e-01 |   9.865693e-01 |   3.117796e-02 |   2.303131e-03 |
+----------------+----------------+----------------+----------------+----------------+----------------+----------------+
+----------------+----------------+----------------+------------------+----------------+----------------+
| time           | mass           | mass_reaction  | outflow_gradient | platen_max     | platen_min     |
+----------------+----------------+----------------+------------------+----------------+----------------+
:                :                :                :                  :                :                :
|   5.300000e-02 |   1.517821e-01 |  -4.804232e-02 |     4.711503e-02 |  -6.309353e-03 |  -6.309353e-03 |
|   5.400000e-02 |   1.517357e-01 |  -4.645120e-02 |     4.555518e-02 |  -6.316297e-03 |  -6.316297e-03 |
|   5.500000e-02 |   1.516908e-01 |  -4.491243e-02 |     4.404662e-02 |  -6.323011e-03 |  -6.323011e-03 |
|   5.600000e-02 |   1.516473e-01 |  -4.342432e-02 |     4.258769e-02 |  -6.329504e-03 |  -6.329504e-03 |
|   5.700000e-02 |   1.516054e-01 |  -4.198521e-02 |     4.117676e-02 |  -6.335783e-03 |  -6.335783e-03 |
|   5.800000e-02 |   1.515648e-01 |  -4.059352e-02 |     3.981230e-02 |  -6.341854e-03 |  -6.341854e-03 |
|   5.900000e-02 |   1.515255e-01 |  -3.924769e-02 |     3.849277e-02 |  -6.347724e-03 |  -6.347724e-03 |
|   6.000000e-02 |   1.514876e-01 |  -3.794624e-02 |     3.721672e-02 |  -6.353401e-03 |  -6.353401e-03 |
|   6.100000e-02 |   1.514509e-01 |  -3.668771e-02 |     3.598274e-02 |  -6.358890e-03 |  -6.358890e-03 |
|   6.200000e-02 |   1.514154e-01 |  -3.547071e-02 |     3.478946e-02 |  -6.364197e-03 |  -6.364197e-03 |
|   6.300000e-02 |   1.513811e-01 |  -3.429388e-02 |     3.363553e-02 |  -6.369329e-03 |  -6.369329e-03 |
|   6.400000e-02 |   1.513480e-01 |  -3.315591e-02 |     3.251969e-02 |  -6.374291e-03 |  -6.374291e-03 |
|   6.500000e-02 |   1.513159e-01 |  -3.205552e-02 |     3.144068e-02 |  -6.379089e-03 |  -6.379089e-03 |
|   6.600000e-02 |   1.512849e-01 |  -3.099148e-02 |     3.039731e-02 |  -6.383728e-03 |  -6.383728e-03 |
|   6.700000e-02 |   1.512550e-01 |  -2.996262e-02 |     2.938840e-02 |  -6.388213e-03 |  -6.388213e-03 |
+----------------+----------------+----------------+------------------+----------------+----------------+
+----------------+--------------------+--------------------+----------------+----------------+----------------+
| time           | solid_fraction_max | solid_fraction_min | stability_max  | stability_min  | top_reaction   |
+----------------+--------------------+--------------------+----------------+----------------+----------------+
:                :                    :                    :                :                :                :
|   5.300000e-02 |       6.111395e-01 |       6.099141e-01 |   2.802868e+01 |   2.800066e+01 |  -1.400000e+00 |
|   5.400000e-02 |       6.111531e-01 |       6.099682e-01 |   2.802774e+01 |   2.800064e+01 |  -1.400000e+00 |
|   5.500000e-02 |       6.111662e-01 |       6.100205e-01 |   2.802682e+01 |   2.800062e+01 |  -1.400000e+00 |
|   5.600000e-02 |       6.111789e-01 |       6.100710e-01 |   2.802593e+01 |   2.800059e+01 |  -1.400000e+00 |
|   5.700000e-02 |       6.111911e-01 |       6.101199e-01 |   2.802508e+01 |   2.800058e+01 |  -1.400000e+00 |
|   5.800000e-02 |       6.112030e-01 |       6.101672e-01 |   2.802425e+01 |   2.800056e+01 |  -1.400000e+00 |
|   5.900000e-02 |       6.112144e-01 |       6.102130e-01 |   2.802344e+01 |   2.800054e+01 |  -1.400000e+00 |
|   6.000000e-02 |       6.112255e-01 |       6.102572e-01 |   2.802267e+01 |   2.800052e+01 |  -1.400000e+00 |
|   6.100000e-02 |       6.112362e-01 |       6.103000e-01 |   2.802192e+01 |   2.800050e+01 |  -1.400000e+00 |
|   6.200000e-02 |       6.112466e-01 |       6.103414e-01 |   2.802119e+01 |   2.800049e+01 |  -1.400000e+00 |
|   6.300000e-02 |       6.112566e-01 |       6.103814e-01 |   2.802049e+01 |   2.800047e+01 |  -1.400000e+00 |
|   6.400000e-02 |       6.112663e-01 |       6.104201e-01 |   2.801981e+01 |   2.800045e+01 |  -1.400000e+00 |
|   6.500000e-02 |       6.112757e-01 |       6.104575e-01 |   2.801915e+01 |   2.800044e+01 |  -1.400000e+00 |
|   6.600000e-02 |       6.112848e-01 |       6.104937e-01 |   2.801852e+01 |   2.800042e+01 |  -1.400000e+00 |
|   6.700000e-02 |       6.112935e-01 |       6.105286e-01 |   2.801791e+01 |   2.800041e+01 |  -1.400000e+00 |
+----------------+--------------------+--------------------+----------------+----------------+----------------+


Time Step 68, time = 0.068, dt = 0.001
 * Nonlinear |R| = [32m3.721494e-03[39m (Before preset BCs, predictors, correctors, and constraints)
 0 Nonlinear |R| = [32m3.721494e-03[39m
      0 Linear |R| = [32m3.721494e-03[39m
      1 Linear |R| = [32m1.357614e-03[39m
      2 Linear |R| = [32m1.199360e-03[39m
      3 Linear |R| = [32m2.108141e-05[39m
      4 Linear |R| = [32m6.419715e-06[39m
      5 Linear |R| = [32m4.889350e-06[39m
      6 Linear |R| = [32m5.632323e-07[39m
      7 Linear |R| = [32m7.556927e-08[39m
      8 Linear |R| = [32m1.834474e-08[39m
      9 Linear |R| = [32m6.708742e-09[39m
     10 Linear |R| = [32m3.268063e-09[39m
     11 Linear |R| = [32m6.722993e-10[39m
     12 Linear |R| = [32m3.654495e-10[39m
     13 Linear |R| = [32m4.681820e-11[39m
     14 Linear |R| = [32m5.546055e-12[39m
     15 Linear |R| = [32m8.343889e-13[39m
 1 Nonlinear |R| = [32m3.533925e-07[39m
      0 Linear |R| = [32m3.533925e-07[39m
      1 Linear |R| = [32m6.710597e-08[39m
      2 Linear |R| = [32m2.944979e-09[39m
      3 Linear |R| = [32m1.138361e-09[39m
      4 Linear |R| = [32m3.721005e-10[39m
      5 Linear |R| = [32m3.426863e-10[39m
      6 Linear |R| = [32m9.284359e-11[39m
      7 Linear |R| = [32m1.152417e-11[39m
      8 Linear |R| = [32m1.427751e-12[39m
      9 Linear |R| = [32m9.802780e-13[39m
     10 Linear |R| = [32m1.321967e-13[39m
     11 Linear |R| = [32m3.339402e-14[39m
     12 Linear |R| = [32m1.578549e-14[39m
     13 Linear |R| = [32m6.001147e-15[39m
     14 Linear |R| = [32m5.686542e-16[39m
     15 Linear |R| = [32m5.984242e-17[39m
 2 Nonlinear |R| = [32m1.227838e-12[39m
[32m Solve Converged![39m

Outlier Variable Residual Norms:
  uy: [33m1.032960e-12[39m

Postprocessor Values:
+----------------+----------------+----------------+----------------+----------------+----------------+----------------+
| time           | J_max          | J_min          | Jbar_max       | Jbar_min       | center_pressure| edge_ux        |
+----------------+----------------+----------------+----------------+----------------+----------------+----------------+
:                :                :                :                :                :                :                :
|   5.400000e-02 |   9.704992e-01 |   9.688821e-01 |   9.868922e-01 |   9.866227e-01 |   4.829302e-02 |   3.072045e-03 |
|   5.500000e-02 |   9.704111e-01 |   9.688478e-01 |   9.868783e-01 |   9.866177e-01 |   4.669705e-02 |   3.000252e-03 |
|   5.600000e-02 |   9.703259e-01 |   9.688145e-01 |   9.868649e-01 |   9.866129e-01 |   4.515338e-02 |   2.930828e-03 |
|   5.700000e-02 |   9.702435e-01 |   9.687824e-01 |   9.868520e-01 |   9.866082e-01 |   4.366031e-02 |   2.863698e-03 |
|   5.800000e-02 |   9.701639e-01 |   9.687513e-01 |   9.868394e-01 |   9.866037e-01 |   4.221621e-02 |   2.798785e-03 |
|   5.900000e-02 |   9.700869e-01 |   9.687212e-01 |   9.868273e-01 |   9.865993e-01 |   4.081951e-02 |   2.736018e-03 |
|   6.000000e-02 |   9.700124e-01 |   9.686922e-01 |   9.868156e-01 |   9.865951e-01 |   3.946866e-02 |   2.675326e-03 |
|   6.100000e-02 |   9.699404e-01 |   9.686640e-01 |   9.868043e-01 |   9.865910e-01 |   3.816220e-02 |   2.616640e-03 |
|   6.200000e-02 |   9.698708e-01 |   9.686369e-01 |   9.867933e-01 |   9.865871e-01 |   3.689867e-02 |   2.559896e-03 |
|   6.300000e-02 |   9.698035e-01 |   9.686106e-01 |   9.867828e-01 |   9.865833e-01 |   3.567669e-02 |   2.505029e-03 |
|   6.400000e-02 |   9.697384e-01 |   9.685852e-01 |   9.867725e-01 |   9.865796e-01 |   3.449492e-02 |   2.451977e-03 |
|   6.500000e-02 |   9.696755e-01 |   9.685606e-01 |   9.867626e-01 |   9.865761e-01 |   3.335204e-02 |   2.400682e-03 |
|   6.600000e-02 |   9.696146e-01 |   9.685369e-01 |   9.867531e-01 |   9.865727e-01 |   3.224680e-02 |   2.351085e-03 |
|   6.700000e-02 |   9.695558e-01 |   9.685139e-01 |   9.867438e-01 |   9.865693e-01 |   3.117796e-02 |   2.303131e-03 |
|   6.800000e-02 |   9.694990e-01 |   9.684917e-01 |   9.867349e-01 |   9.865662e-01 |   3.014435e-02 |   2.256765e-03 |
+----------------+----------------+----------------+----------------+----------------+----------------+----------------+
+----------------+----------------+----------------+------------------+----------------+----------------+
| time           | mass           | mass_reaction  | outflow_gradient | platen_max     | platen_min     |
+----------------+----------------+----------------+------------------+----------------+----------------+
:                :                :                :                  :                :                :
|   5.400000e-02 |   1.517357e-01 |  -4.645120e-02 |     4.555518e-02 |  -6.316297e-03 |  -6.316297e-03 |
|   5.500000e-02 |   1.516908e-01 |  -4.491243e-02 |     4.404662e-02 |  -6.323011e-03 |  -6.323011e-03 |
|   5.600000e-02 |   1.516473e-01 |  -4.342432e-02 |     4.258769e-02 |  -6.329504e-03 |  -6.329504e-03 |
|   5.700000e-02 |   1.516054e-01 |  -4.198521e-02 |     4.117676e-02 |  -6.335783e-03 |  -6.335783e-03 |
|   5.800000e-02 |   1.515648e-01 |  -4.059352e-02 |     3.981230e-02 |  -6.341854e-03 |  -6.341854e-03 |
|   5.900000e-02 |   1.515255e-01 |  -3.924769e-02 |     3.849277e-02 |  -6.347724e-03 |  -6.347724e-03 |
|   6.000000e-02 |   1.514876e-01 |  -3.794624e-02 |     3.721672e-02 |  -6.353401e-03 |  -6.353401e-03 |
|   6.100000e-02 |   1.514509e-01 |  -3.668771e-02 |     3.598274e-02 |  -6.358890e-03 |  -6.358890e-03 |
|   6.200000e-02 |   1.514154e-01 |  -3.547071e-02 |     3.478946e-02 |  -6.364197e-03 |  -6.364197e-03 |
|   6.300000e-02 |   1.513811e-01 |  -3.429388e-02 |     3.363553e-02 |  -6.369329e-03 |  -6.369329e-03 |
|   6.400000e-02 |   1.513480e-01 |  -3.315591e-02 |     3.251969e-02 |  -6.374291e-03 |  -6.374291e-03 |
|   6.500000e-02 |   1.513159e-01 |  -3.205552e-02 |     3.144068e-02 |  -6.379089e-03 |  -6.379089e-03 |
|   6.600000e-02 |   1.512849e-01 |  -3.099148e-02 |     3.039731e-02 |  -6.383728e-03 |  -6.383728e-03 |
|   6.700000e-02 |   1.512550e-01 |  -2.996262e-02 |     2.938840e-02 |  -6.388213e-03 |  -6.388213e-03 |
|   6.800000e-02 |   1.512260e-01 |  -2.896776e-02 |     2.841283e-02 |  -6.392550e-03 |  -6.392550e-03 |
+----------------+----------------+----------------+------------------+----------------+----------------+
+----------------+--------------------+--------------------+----------------+----------------+----------------+
| time           | solid_fraction_max | solid_fraction_min | stability_max  | stability_min  | top_reaction   |
+----------------+--------------------+--------------------+----------------+----------------+----------------+
:                :                    :                    :                :                :                :
|   5.400000e-02 |       6.111531e-01 |       6.099682e-01 |   2.802774e+01 |   2.800064e+01 |  -1.400000e+00 |
|   5.500000e-02 |       6.111662e-01 |       6.100205e-01 |   2.802682e+01 |   2.800062e+01 |  -1.400000e+00 |
|   5.600000e-02 |       6.111789e-01 |       6.100710e-01 |   2.802593e+01 |   2.800059e+01 |  -1.400000e+00 |
|   5.700000e-02 |       6.111911e-01 |       6.101199e-01 |   2.802508e+01 |   2.800058e+01 |  -1.400000e+00 |
|   5.800000e-02 |       6.112030e-01 |       6.101672e-01 |   2.802425e+01 |   2.800056e+01 |  -1.400000e+00 |
|   5.900000e-02 |       6.112144e-01 |       6.102130e-01 |   2.802344e+01 |   2.800054e+01 |  -1.400000e+00 |
|   6.000000e-02 |       6.112255e-01 |       6.102572e-01 |   2.802267e+01 |   2.800052e+01 |  -1.400000e+00 |
|   6.100000e-02 |       6.112362e-01 |       6.103000e-01 |   2.802192e+01 |   2.800050e+01 |  -1.400000e+00 |
|   6.200000e-02 |       6.112466e-01 |       6.103414e-01 |   2.802119e+01 |   2.800049e+01 |  -1.400000e+00 |
|   6.300000e-02 |       6.112566e-01 |       6.103814e-01 |   2.802049e+01 |   2.800047e+01 |  -1.400000e+00 |
|   6.400000e-02 |       6.112663e-01 |       6.104201e-01 |   2.801981e+01 |   2.800045e+01 |  -1.400000e+00 |
|   6.500000e-02 |       6.112757e-01 |       6.104575e-01 |   2.801915e+01 |   2.800044e+01 |  -1.400000e+00 |
|   6.600000e-02 |       6.112848e-01 |       6.104937e-01 |   2.801852e+01 |   2.800042e+01 |  -1.400000e+00 |
|   6.700000e-02 |       6.112935e-01 |       6.105286e-01 |   2.801791e+01 |   2.800041e+01 |  -1.400000e+00 |
|   6.800000e-02 |       6.113020e-01 |       6.105625e-01 |   2.801731e+01 |   2.800040e+01 |  -1.400000e+00 |
+----------------+--------------------+--------------------+----------------+----------------+----------------+


Time Step 69, time = 0.069, dt = 0.001
 * Nonlinear |R| = [32m3.597890e-03[39m (Before preset BCs, predictors, correctors, and constraints)
 0 Nonlinear |R| = [32m3.597890e-03[39m
      0 Linear |R| = [32m3.597890e-03[39m
      1 Linear |R| = [32m1.312676e-03[39m
      2 Linear |R| = [32m1.159693e-03[39m
      3 Linear |R| = [32m2.038283e-05[39m
      4 Linear |R| = [32m6.206215e-06[39m
      5 Linear |R| = [32m4.498649e-06[39m
      6 Linear |R| = [32m5.445655e-07[39m
      7 Linear |R| = [32m7.306602e-08[39m
      8 Linear |R| = [32m1.927299e-08[39m
      9 Linear |R| = [32m6.485994e-09[39m
     10 Linear |R| = [32m3.160002e-09[39m
     11 Linear |R| = [32m6.499641e-10[39m
     12 Linear |R| = [32m2.974795e-10[39m
     13 Linear |R| = [32m4.526636e-11[39m
     14 Linear |R| = [32m5.361901e-12[39m
     15 Linear |R| = [32m6.971065e-13[39m
 1 Nonlinear |R| = [32m3.333052e-07[39m
      0 Linear |R| = [32m3.333052e-07[39m
      1 Linear |R| = [32m6.249267e-08[39m
      2 Linear |R| = [32m1.122886e-08[39m
      3 Linear |R| = [32m1.071549e-09[39m
      4 Linear |R| = [32m3.507512e-10[39m
      5 Linear |R| = [32m3.276823e-10[39m
      6 Linear |R| = [32m9.136873e-11[39m
      7 Linear |R| = [32m1.068286e-11[39m
      8 Linear |R| = [32m1.657947e-12[39m
      9 Linear |R| = [32m1.523796e-12[39m
     10 Linear |R| = [32m7.582186e-13[39m
     11 Linear |R| = [32m4.191578e-14[39m
     12 Linear |R| = [32m1.494535e-14[39m
     13 Linear |R| = [32m6.296095e-15[39m
     14 Linear |R| = [32m5.249203e-16[39m
     15 Linear |R| = [32m6.247792e-17[39m
 2 Nonlinear |R| = [32m1.207840e-12[39m
[32m Solve Converged![39m

Outlier Variable Residual Norms:
  uy: [33m1.031876e-12[39m

Postprocessor Values:
+----------------+----------------+----------------+----------------+----------------+----------------+----------------+
| time           | J_max          | J_min          | Jbar_max       | Jbar_min       | center_pressure| edge_ux        |
+----------------+----------------+----------------+----------------+----------------+----------------+----------------+
:                :                :                :                :                :                :                :
|   5.500000e-02 |   9.704111e-01 |   9.688478e-01 |   9.868783e-01 |   9.866177e-01 |   4.669705e-02 |   3.000252e-03 |
|   5.600000e-02 |   9.703259e-01 |   9.688145e-01 |   9.868649e-01 |   9.866129e-01 |   4.515338e-02 |   2.930828e-03 |
|   5.700000e-02 |   9.702435e-01 |   9.687824e-01 |   9.868520e-01 |   9.866082e-01 |   4.366031e-02 |   2.863698e-03 |
|   5.800000e-02 |   9.701639e-01 |   9.687513e-01 |   9.868394e-01 |   9.866037e-01 |   4.221621e-02 |   2.798785e-03 |
|   5.900000e-02 |   9.700869e-01 |   9.687212e-01 |   9.868273e-01 |   9.865993e-01 |   4.081951e-02 |   2.736018e-03 |
|   6.000000e-02 |   9.700124e-01 |   9.686922e-01 |   9.868156e-01 |   9.865951e-01 |   3.946866e-02 |   2.675326e-03 |
|   6.100000e-02 |   9.699404e-01 |   9.686640e-01 |   9.868043e-01 |   9.865910e-01 |   3.816220e-02 |   2.616640e-03 |
|   6.200000e-02 |   9.698708e-01 |   9.686369e-01 |   9.867933e-01 |   9.865871e-01 |   3.689867e-02 |   2.559896e-03 |
|   6.300000e-02 |   9.698035e-01 |   9.686106e-01 |   9.867828e-01 |   9.865833e-01 |   3.567669e-02 |   2.505029e-03 |
|   6.400000e-02 |   9.697384e-01 |   9.685852e-01 |   9.867725e-01 |   9.865796e-01 |   3.449492e-02 |   2.451977e-03 |
|   6.500000e-02 |   9.696755e-01 |   9.685606e-01 |   9.867626e-01 |   9.865761e-01 |   3.335204e-02 |   2.400682e-03 |
|   6.600000e-02 |   9.696146e-01 |   9.685369e-01 |   9.867531e-01 |   9.865727e-01 |   3.224680e-02 |   2.351085e-03 |
|   6.700000e-02 |   9.695558e-01 |   9.685139e-01 |   9.867438e-01 |   9.865693e-01 |   3.117796e-02 |   2.303131e-03 |
|   6.800000e-02 |   9.694990e-01 |   9.684917e-01 |   9.867349e-01 |   9.865662e-01 |   3.014435e-02 |   2.256765e-03 |
|   6.900000e-02 |   9.694440e-01 |   9.684702e-01 |   9.867262e-01 |   9.865631e-01 |   2.914481e-02 |   2.211935e-03 |
+----------------+----------------+----------------+----------------+----------------+----------------+----------------+
+----------------+----------------+----------------+------------------+----------------+----------------+
| time           | mass           | mass_reaction  | outflow_gradient | platen_max     | platen_min     |
+----------------+----------------+----------------+------------------+----------------+----------------+
:                :                :                :                  :                :                :
|   5.500000e-02 |   1.516908e-01 |  -4.491243e-02 |     4.404662e-02 |  -6.323011e-03 |  -6.323011e-03 |
|   5.600000e-02 |   1.516473e-01 |  -4.342432e-02 |     4.258769e-02 |  -6.329504e-03 |  -6.329504e-03 |
|   5.700000e-02 |   1.516054e-01 |  -4.198521e-02 |     4.117676e-02 |  -6.335783e-03 |  -6.335783e-03 |
|   5.800000e-02 |   1.515648e-01 |  -4.059352e-02 |     3.981230e-02 |  -6.341854e-03 |  -6.341854e-03 |
|   5.900000e-02 |   1.515255e-01 |  -3.924769e-02 |     3.849277e-02 |  -6.347724e-03 |  -6.347724e-03 |
|   6.000000e-02 |   1.514876e-01 |  -3.794624e-02 |     3.721672e-02 |  -6.353401e-03 |  -6.353401e-03 |
|   6.100000e-02 |   1.514509e-01 |  -3.668771e-02 |     3.598274e-02 |  -6.358890e-03 |  -6.358890e-03 |
|   6.200000e-02 |   1.514154e-01 |  -3.547071e-02 |     3.478946e-02 |  -6.364197e-03 |  -6.364197e-03 |
|   6.300000e-02 |   1.513811e-01 |  -3.429388e-02 |     3.363553e-02 |  -6.369329e-03 |  -6.369329e-03 |
|   6.400000e-02 |   1.513480e-01 |  -3.315591e-02 |     3.251969e-02 |  -6.374291e-03 |  -6.374291e-03 |
|   6.500000e-02 |   1.513159e-01 |  -3.205552e-02 |     3.144068e-02 |  -6.379089e-03 |  -6.379089e-03 |
|   6.600000e-02 |   1.512849e-01 |  -3.099148e-02 |     3.039731e-02 |  -6.383728e-03 |  -6.383728e-03 |
|   6.700000e-02 |   1.512550e-01 |  -2.996262e-02 |     2.938840e-02 |  -6.388213e-03 |  -6.388213e-03 |
|   6.800000e-02 |   1.512260e-01 |  -2.896776e-02 |     2.841283e-02 |  -6.392550e-03 |  -6.392550e-03 |
|   6.900000e-02 |   1.511980e-01 |  -2.800581e-02 |     2.746951e-02 |  -6.396743e-03 |  -6.396743e-03 |
+----------------+----------------+----------------+------------------+----------------+----------------+
+----------------+--------------------+--------------------+----------------+----------------+----------------+
| time           | solid_fraction_max | solid_fraction_min | stability_max  | stability_min  | top_reaction   |
+----------------+--------------------+--------------------+----------------+----------------+----------------+
:                :                    :                    :                :                :                :
|   5.500000e-02 |       6.111662e-01 |       6.100205e-01 |   2.802682e+01 |   2.800062e+01 |  -1.400000e+00 |
|   5.600000e-02 |       6.111789e-01 |       6.100710e-01 |   2.802593e+01 |   2.800059e+01 |  -1.400000e+00 |
|   5.700000e-02 |       6.111911e-01 |       6.101199e-01 |   2.802508e+01 |   2.800058e+01 |  -1.400000e+00 |
|   5.800000e-02 |       6.112030e-01 |       6.101672e-01 |   2.802425e+01 |   2.800056e+01 |  -1.400000e+00 |
|   5.900000e-02 |       6.112144e-01 |       6.102130e-01 |   2.802344e+01 |   2.800054e+01 |  -1.400000e+00 |
|   6.000000e-02 |       6.112255e-01 |       6.102572e-01 |   2.802267e+01 |   2.800052e+01 |  -1.400000e+00 |
|   6.100000e-02 |       6.112362e-01 |       6.103000e-01 |   2.802192e+01 |   2.800050e+01 |  -1.400000e+00 |
|   6.200000e-02 |       6.112466e-01 |       6.103414e-01 |   2.802119e+01 |   2.800049e+01 |  -1.400000e+00 |
|   6.300000e-02 |       6.112566e-01 |       6.103814e-01 |   2.802049e+01 |   2.800047e+01 |  -1.400000e+00 |
|   6.400000e-02 |       6.112663e-01 |       6.104201e-01 |   2.801981e+01 |   2.800045e+01 |  -1.400000e+00 |
|   6.500000e-02 |       6.112757e-01 |       6.104575e-01 |   2.801915e+01 |   2.800044e+01 |  -1.400000e+00 |
|   6.600000e-02 |       6.112848e-01 |       6.104937e-01 |   2.801852e+01 |   2.800042e+01 |  -1.400000e+00 |
|   6.700000e-02 |       6.112935e-01 |       6.105286e-01 |   2.801791e+01 |   2.800041e+01 |  -1.400000e+00 |
|   6.800000e-02 |       6.113020e-01 |       6.105625e-01 |   2.801731e+01 |   2.800040e+01 |  -1.400000e+00 |
|   6.900000e-02 |       6.113102e-01 |       6.105952e-01 |   2.801674e+01 |   2.800038e+01 |  -1.400000e+00 |
+----------------+--------------------+--------------------+----------------+----------------+----------------+


Time Step 70, time = 0.07, dt = 0.001
 * Nonlinear |R| = [32m3.478376e-03[39m (Before preset BCs, predictors, correctors, and constraints)
 0 Nonlinear |R| = [32m3.478376e-03[39m
      0 Linear |R| = [32m3.478376e-03[39m
      1 Linear |R| = [32m1.269215e-03[39m
      2 Linear |R| = [32m1.121330e-03[39m
      3 Linear |R| = [32m1.970720e-05[39m
      4 Linear |R| = [32m6.000567e-06[39m
      5 Linear |R| = [32m4.445799e-06[39m
      6 Linear |R| = [32m5.265266e-07[39m
      7 Linear |R| = [32m7.064560e-08[39m
      8 Linear |R| = [32m1.935816e-08[39m
      9 Linear |R| = [32m6.270294e-09[39m
     10 Linear |R| = [32m3.052656e-09[39m
     11 Linear |R| = [32m6.284551e-10[39m
     12 Linear |R| = [32m3.482241e-10[39m
     13 Linear |R| = [32m4.376694e-11[39m
     14 Linear |R| = [32m5.183674e-12[39m
     15 Linear |R| = [32m5.323999e-13[39m
 1 Nonlinear |R| = [32m3.121904e-07[39m
      0 Linear |R| = [32m3.121904e-07[39m
      1 Linear |R| = [32m5.934536e-08[39m
      2 Linear |R| = [32m9.711142e-09[39m
      3 Linear |R| = [32m9.843622e-10[39m
      4 Linear |R| = [32m3.219441e-10[39m
      5 Linear |R| = [32m2.963275e-10[39m
      6 Linear |R| = [32m8.070299e-11[39m
      7 Linear |R| = [32m8.171318e-12[39m
      8 Linear |R| = [32m1.163203e-12[39m
      9 Linear |R| = [32m9.394704e-13[39m
     10 Linear |R| = [32m5.552321e-13[39m
     11 Linear |R| = [32m3.915664e-14[39m
     12 Linear |R| = [32m1.606533e-14[39m
     13 Linear |R| = [32m4.720510e-15[39m
     14 Linear |R| = [32m4.081891e-16[39m
     15 Linear |R| = [32m5.155229e-17[39m
 2 Nonlinear |R| = [32m1.137721e-12[39m
[32m Solve Converged![39m

Outlier Variable Residual Norms:
  uy: [33m1.014657e-12[39m

Postprocessor Values:
+----------------+----------------+----------------+----------------+----------------+----------------+----------------+
| time           | J_max          | J_min          | Jbar_max       | Jbar_min       | center_pressure| edge_ux        |
+----------------+----------------+----------------+----------------+----------------+----------------+----------------+
:                :                :                :                :                :                :                :
|   5.600000e-02 |   9.703259e-01 |   9.688145e-01 |   9.868649e-01 |   9.866129e-01 |   4.515338e-02 |   2.930828e-03 |
|   5.700000e-02 |   9.702435e-01 |   9.687824e-01 |   9.868520e-01 |   9.866082e-01 |   4.366031e-02 |   2.863698e-03 |
|   5.800000e-02 |   9.701639e-01 |   9.687513e-01 |   9.868394e-01 |   9.866037e-01 |   4.221621e-02 |   2.798785e-03 |
|   5.900000e-02 |   9.700869e-01 |   9.687212e-01 |   9.868273e-01 |   9.865993e-01 |   4.081951e-02 |   2.736018e-03 |
|   6.000000e-02 |   9.700124e-01 |   9.686922e-01 |   9.868156e-01 |   9.865951e-01 |   3.946866e-02 |   2.675326e-03 |
|   6.100000e-02 |   9.699404e-01 |   9.686640e-01 |   9.868043e-01 |   9.865910e-01 |   3.816220e-02 |   2.616640e-03 |
|   6.200000e-02 |   9.698708e-01 |   9.686369e-01 |   9.867933e-01 |   9.865871e-01 |   3.689867e-02 |   2.559896e-03 |
|   6.300000e-02 |   9.698035e-01 |   9.686106e-01 |   9.867828e-01 |   9.865833e-01 |   3.567669e-02 |   2.505029e-03 |
|   6.400000e-02 |   9.697384e-01 |   9.685852e-01 |   9.867725e-01 |   9.865796e-01 |   3.449492e-02 |   2.451977e-03 |
|   6.500000e-02 |   9.696755e-01 |   9.685606e-01 |   9.867626e-01 |   9.865761e-01 |   3.335204e-02 |   2.400682e-03 |
|   6.600000e-02 |   9.696146e-01 |   9.685369e-01 |   9.867531e-01 |   9.865727e-01 |   3.224680e-02 |   2.351085e-03 |
|   6.700000e-02 |   9.695558e-01 |   9.685139e-01 |   9.867438e-01 |   9.865693e-01 |   3.117796e-02 |   2.303131e-03 |
|   6.800000e-02 |   9.694990e-01 |   9.684917e-01 |   9.867349e-01 |   9.865662e-01 |   3.014435e-02 |   2.256765e-03 |
|   6.900000e-02 |   9.694440e-01 |   9.684702e-01 |   9.867262e-01 |   9.865631e-01 |   2.914481e-02 |   2.211935e-03 |
|   7.000000e-02 |   9.693908e-01 |   9.684495e-01 |   9.867178e-01 |   9.865601e-01 |   2.817824e-02 |   2.168591e-03 |
+----------------+----------------+----------------+----------------+----------------+----------------+----------------+
+----------------+----------------+----------------+------------------+----------------+----------------+
| time           | mass           | mass_reaction  | outflow_gradient | platen_max     | platen_min     |
+----------------+----------------+----------------+------------------+----------------+----------------+
:                :                :                :                  :                :                :
|   5.600000e-02 |   1.516473e-01 |  -4.342432e-02 |     4.258769e-02 |  -6.329504e-03 |  -6.329504e-03 |
|   5.700000e-02 |   1.516054e-01 |  -4.198521e-02 |     4.117676e-02 |  -6.335783e-03 |  -6.335783e-03 |
|   5.800000e-02 |   1.515648e-01 |  -4.059352e-02 |     3.981230e-02 |  -6.341854e-03 |  -6.341854e-03 |
|   5.900000e-02 |   1.515255e-01 |  -3.924769e-02 |     3.849277e-02 |  -6.347724e-03 |  -6.347724e-03 |
|   6.000000e-02 |   1.514876e-01 |  -3.794624e-02 |     3.721672e-02 |  -6.353401e-03 |  -6.353401e-03 |
|   6.100000e-02 |   1.514509e-01 |  -3.668771e-02 |     3.598274e-02 |  -6.358890e-03 |  -6.358890e-03 |
|   6.200000e-02 |   1.514154e-01 |  -3.547071e-02 |     3.478946e-02 |  -6.364197e-03 |  -6.364197e-03 |
|   6.300000e-02 |   1.513811e-01 |  -3.429388e-02 |     3.363553e-02 |  -6.369329e-03 |  -6.369329e-03 |
|   6.400000e-02 |   1.513480e-01 |  -3.315591e-02 |     3.251969e-02 |  -6.374291e-03 |  -6.374291e-03 |
|   6.500000e-02 |   1.513159e-01 |  -3.205552e-02 |     3.144068e-02 |  -6.379089e-03 |  -6.379089e-03 |
|   6.600000e-02 |   1.512849e-01 |  -3.099148e-02 |     3.039731e-02 |  -6.383728e-03 |  -6.383728e-03 |
|   6.700000e-02 |   1.512550e-01 |  -2.996262e-02 |     2.938840e-02 |  -6.388213e-03 |  -6.388213e-03 |
|   6.800000e-02 |   1.512260e-01 |  -2.896776e-02 |     2.841283e-02 |  -6.392550e-03 |  -6.392550e-03 |
|   6.900000e-02 |   1.511980e-01 |  -2.800581e-02 |     2.746951e-02 |  -6.396743e-03 |  -6.396743e-03 |
|   7.000000e-02 |   1.511709e-01 |  -2.707567e-02 |     2.655738e-02 |  -6.400797e-03 |  -6.400797e-03 |
+----------------+----------------+----------------+------------------+----------------+----------------+
+----------------+--------------------+--------------------+----------------+----------------+----------------+
| time           | solid_fraction_max | solid_fraction_min | stability_max  | stability_min  | top_reaction   |
+----------------+--------------------+--------------------+----------------+----------------+----------------+
:                :                    :                    :                :                :                :
|   5.600000e-02 |       6.111789e-01 |       6.100710e-01 |   2.802593e+01 |   2.800059e+01 |  -1.400000e+00 |
|   5.700000e-02 |       6.111911e-01 |       6.101199e-01 |   2.802508e+01 |   2.800058e+01 |  -1.400000e+00 |
|   5.800000e-02 |       6.112030e-01 |       6.101672e-01 |   2.802425e+01 |   2.800056e+01 |  -1.400000e+00 |
|   5.900000e-02 |       6.112144e-01 |       6.102130e-01 |   2.802344e+01 |   2.800054e+01 |  -1.400000e+00 |
|   6.000000e-02 |       6.112255e-01 |       6.102572e-01 |   2.802267e+01 |   2.800052e+01 |  -1.400000e+00 |
|   6.100000e-02 |       6.112362e-01 |       6.103000e-01 |   2.802192e+01 |   2.800050e+01 |  -1.400000e+00 |
|   6.200000e-02 |       6.112466e-01 |       6.103414e-01 |   2.802119e+01 |   2.800049e+01 |  -1.400000e+00 |
|   6.300000e-02 |       6.112566e-01 |       6.103814e-01 |   2.802049e+01 |   2.800047e+01 |  -1.400000e+00 |
|   6.400000e-02 |       6.112663e-01 |       6.104201e-01 |   2.801981e+01 |   2.800045e+01 |  -1.400000e+00 |
|   6.500000e-02 |       6.112757e-01 |       6.104575e-01 |   2.801915e+01 |   2.800044e+01 |  -1.400000e+00 |
|   6.600000e-02 |       6.112848e-01 |       6.104937e-01 |   2.801852e+01 |   2.800042e+01 |  -1.400000e+00 |
|   6.700000e-02 |       6.112935e-01 |       6.105286e-01 |   2.801791e+01 |   2.800041e+01 |  -1.400000e+00 |
|   6.800000e-02 |       6.113020e-01 |       6.105625e-01 |   2.801731e+01 |   2.800040e+01 |  -1.400000e+00 |
|   6.900000e-02 |       6.113102e-01 |       6.105952e-01 |   2.801674e+01 |   2.800038e+01 |  -1.400000e+00 |
|   7.000000e-02 |       6.113181e-01 |       6.106268e-01 |   2.801618e+01 |   2.800037e+01 |  -1.400000e+00 |
+----------------+--------------------+--------------------+----------------+----------------+----------------+


Time Step 71, time = 0.071, dt = 0.001
 * Nonlinear |R| = [32m3.362818e-03[39m (Before preset BCs, predictors, correctors, and constraints)
 0 Nonlinear |R| = [32m3.362818e-03[39m
      0 Linear |R| = [32m3.362818e-03[39m
      1 Linear |R| = [32m1.227182e-03[39m
      2 Linear |R| = [32m1.084223e-03[39m
      3 Linear |R| = [32m1.905387e-05[39m
      4 Linear |R| = [32m5.803037e-06[39m
      5 Linear |R| = [32m4.480809e-06[39m
      6 Linear |R| = [32m5.090763e-07[39m
      7 Linear |R| = [32m6.830620e-08[39m
      8 Linear |R| = [32m2.609029e-08[39m
      9 Linear |R| = [32m6.061514e-09[39m
     10 Linear |R| = [32m2.948455e-09[39m
     11 Linear |R| = [32m6.076514e-10[39m
     12 Linear |R| = [32m3.927984e-10[39m
     13 Linear |R| = [32m4.231435e-11[39m
     14 Linear |R| = [32m5.011253e-12[39m
     15 Linear |R| = [32m1.431448e-12[39m
 1 Nonlinear |R| = [32m2.906664e-07[39m
      0 Linear |R| = [32m2.906664e-07[39m
      1 Linear |R| = [32m5.588809e-08[39m
      2 Linear |R| = [32m4.674466e-09[39m
      3 Linear |R| = [32m9.382333e-10[39m
      4 Linear |R| = [32m3.052611e-10[39m
      5 Linear |R| = [32m2.875973e-10[39m
      6 Linear |R| = [32m7.566149e-11[39m
      7 Linear |R| = [32m9.284332e-12[39m
      8 Linear |R| = [32m1.587676e-12[39m
      9 Linear |R| = [33m1.517427e-12[39m
     10 Linear |R| = [32m6.300173e-13[39m
     11 Linear |R| = [32m4.424628e-14[39m
     12 Linear |R| = [32m9.136944e-15[39m
     13 Linear |R| = [32m6.333022e-15[39m
     14 Linear |R| = [32m6.217512e-16[39m
     15 Linear |R| = [32m5.964561e-17[39m
 2 Nonlinear |R| = [32m1.114591e-12[39m
[32m Solve Converged![39m

Outlier Variable Residual Norms:
  uy: [33m9.870292e-13[39m

Postprocessor Values:
+----------------+----------------+----------------+----------------+----------------+----------------+----------------+
| time           | J_max          | J_min          | Jbar_max       | Jbar_min       | center_pressure| edge_ux        |
+----------------+----------------+----------------+----------------+----------------+----------------+----------------+
:                :                :                :                :                :                :                :
|   5.700000e-02 |   9.702435e-01 |   9.687824e-01 |   9.868520e-01 |   9.866082e-01 |   4.366031e-02 |   2.863698e-03 |
|   5.800000e-02 |   9.701639e-01 |   9.687513e-01 |   9.868394e-01 |   9.866037e-01 |   4.221621e-02 |   2.798785e-03 |
|   5.900000e-02 |   9.700869e-01 |   9.687212e-01 |   9.868273e-01 |   9.865993e-01 |   4.081951e-02 |   2.736018e-03 |
|   6.000000e-02 |   9.700124e-01 |   9.686922e-01 |   9.868156e-01 |   9.865951e-01 |   3.946866e-02 |   2.675326e-03 |
|   6.100000e-02 |   9.699404e-01 |   9.686640e-01 |   9.868043e-01 |   9.865910e-01 |   3.816220e-02 |   2.616640e-03 |
|   6.200000e-02 |   9.698708e-01 |   9.686369e-01 |   9.867933e-01 |   9.865871e-01 |   3.689867e-02 |   2.559896e-03 |
|   6.300000e-02 |   9.698035e-01 |   9.686106e-01 |   9.867828e-01 |   9.865833e-01 |   3.567669e-02 |   2.505029e-03 |
|   6.400000e-02 |   9.697384e-01 |   9.685852e-01 |   9.867725e-01 |   9.865796e-01 |   3.449492e-02 |   2.451977e-03 |
|   6.500000e-02 |   9.696755e-01 |   9.685606e-01 |   9.867626e-01 |   9.865761e-01 |   3.335204e-02 |   2.400682e-03 |
|   6.600000e-02 |   9.696146e-01 |   9.685369e-01 |   9.867531e-01 |   9.865727e-01 |   3.224680e-02 |   2.351085e-03 |
|   6.700000e-02 |   9.695558e-01 |   9.685139e-01 |   9.867438e-01 |   9.865693e-01 |   3.117796e-02 |   2.303131e-03 |
|   6.800000e-02 |   9.694990e-01 |   9.684917e-01 |   9.867349e-01 |   9.865662e-01 |   3.014435e-02 |   2.256765e-03 |
|   6.900000e-02 |   9.694440e-01 |   9.684702e-01 |   9.867262e-01 |   9.865631e-01 |   2.914481e-02 |   2.211935e-03 |
|   7.000000e-02 |   9.693908e-01 |   9.684495e-01 |   9.867178e-01 |   9.865601e-01 |   2.817824e-02 |   2.168591e-03 |
|   7.100000e-02 |   9.693394e-01 |   9.684294e-01 |   9.867098e-01 |   9.865572e-01 |   2.724356e-02 |   2.126684e-03 |
+----------------+----------------+----------------+----------------+----------------+----------------+----------------+
+----------------+----------------+----------------+------------------+----------------+----------------+
| time           | mass           | mass_reaction  | outflow_gradient | platen_max     | platen_min     |
+----------------+----------------+----------------+------------------+----------------+----------------+
:                :                :                :                  :                :                :
|   5.700000e-02 |   1.516054e-01 |  -4.198521e-02 |     4.117676e-02 |  -6.335783e-03 |  -6.335783e-03 |
|   5.800000e-02 |   1.515648e-01 |  -4.059352e-02 |     3.981230e-02 |  -6.341854e-03 |  -6.341854e-03 |
|   5.900000e-02 |   1.515255e-01 |  -3.924769e-02 |     3.849277e-02 |  -6.347724e-03 |  -6.347724e-03 |
|   6.000000e-02 |   1.514876e-01 |  -3.794624e-02 |     3.721672e-02 |  -6.353401e-03 |  -6.353401e-03 |
|   6.100000e-02 |   1.514509e-01 |  -3.668771e-02 |     3.598274e-02 |  -6.358890e-03 |  -6.358890e-03 |
|   6.200000e-02 |   1.514154e-01 |  -3.547071e-02 |     3.478946e-02 |  -6.364197e-03 |  -6.364197e-03 |
|   6.300000e-02 |   1.513811e-01 |  -3.429388e-02 |     3.363553e-02 |  -6.369329e-03 |  -6.369329e-03 |
|   6.400000e-02 |   1.513480e-01 |  -3.315591e-02 |     3.251969e-02 |  -6.374291e-03 |  -6.374291e-03 |
|   6.500000e-02 |   1.513159e-01 |  -3.205552e-02 |     3.144068e-02 |  -6.379089e-03 |  -6.379089e-03 |
|   6.600000e-02 |   1.512849e-01 |  -3.099148e-02 |     3.039731e-02 |  -6.383728e-03 |  -6.383728e-03 |
|   6.700000e-02 |   1.512550e-01 |  -2.996262e-02 |     2.938840e-02 |  -6.388213e-03 |  -6.388213e-03 |
|   6.800000e-02 |   1.512260e-01 |  -2.896776e-02 |     2.841283e-02 |  -6.392550e-03 |  -6.392550e-03 |
|   6.900000e-02 |   1.511980e-01 |  -2.800581e-02 |     2.746951e-02 |  -6.396743e-03 |  -6.396743e-03 |
|   7.000000e-02 |   1.511709e-01 |  -2.707567e-02 |     2.655738e-02 |  -6.400797e-03 |  -6.400797e-03 |
|   7.100000e-02 |   1.511447e-01 |  -2.617631e-02 |     2.567541e-02 |  -6.404717e-03 |  -6.404717e-03 |
+----------------+----------------+----------------+------------------+----------------+----------------+
+----------------+--------------------+--------------------+----------------+----------------+----------------+
| time           | solid_fraction_max | solid_fraction_min | stability_max  | stability_min  | top_reaction   |
+----------------+--------------------+--------------------+----------------+----------------+----------------+
:                :                    :                    :                :                :                :
|   5.700000e-02 |       6.111911e-01 |       6.101199e-01 |   2.802508e+01 |   2.800058e+01 |  -1.400000e+00 |
|   5.800000e-02 |       6.112030e-01 |       6.101672e-01 |   2.802425e+01 |   2.800056e+01 |  -1.400000e+00 |
|   5.900000e-02 |       6.112144e-01 |       6.102130e-01 |   2.802344e+01 |   2.800054e+01 |  -1.400000e+00 |
|   6.000000e-02 |       6.112255e-01 |       6.102572e-01 |   2.802267e+01 |   2.800052e+01 |  -1.400000e+00 |
|   6.100000e-02 |       6.112362e-01 |       6.103000e-01 |   2.802192e+01 |   2.800050e+01 |  -1.400000e+00 |
|   6.200000e-02 |       6.112466e-01 |       6.103414e-01 |   2.802119e+01 |   2.800049e+01 |  -1.400000e+00 |
|   6.300000e-02 |       6.112566e-01 |       6.103814e-01 |   2.802049e+01 |   2.800047e+01 |  -1.400000e+00 |
|   6.400000e-02 |       6.112663e-01 |       6.104201e-01 |   2.801981e+01 |   2.800045e+01 |  -1.400000e+00 |
|   6.500000e-02 |       6.112757e-01 |       6.104575e-01 |   2.801915e+01 |   2.800044e+01 |  -1.400000e+00 |
|   6.600000e-02 |       6.112848e-01 |       6.104937e-01 |   2.801852e+01 |   2.800042e+01 |  -1.400000e+00 |
|   6.700000e-02 |       6.112935e-01 |       6.105286e-01 |   2.801791e+01 |   2.800041e+01 |  -1.400000e+00 |
|   6.800000e-02 |       6.113020e-01 |       6.105625e-01 |   2.801731e+01 |   2.800040e+01 |  -1.400000e+00 |
|   6.900000e-02 |       6.113102e-01 |       6.105952e-01 |   2.801674e+01 |   2.800038e+01 |  -1.400000e+00 |
|   7.000000e-02 |       6.113181e-01 |       6.106268e-01 |   2.801618e+01 |   2.800037e+01 |  -1.400000e+00 |
|   7.100000e-02 |       6.113258e-01 |       6.106574e-01 |   2.801565e+01 |   2.800036e+01 |  -1.400000e+00 |
+----------------+--------------------+--------------------+----------------+----------------+----------------+


Time Step 72, time = 0.072, dt = 0.001
 * Nonlinear |R| = [32m3.251085e-03[39m (Before preset BCs, predictors, correctors, and constraints)
 0 Nonlinear |R| = [32m3.251085e-03[39m
      0 Linear |R| = [32m3.251085e-03[39m
      1 Linear |R| = [32m1.186528e-03[39m
      2 Linear |R| = [32m1.048331e-03[39m
      3 Linear |R| = [32m1.842213e-05[39m
      4 Linear |R| = [32m5.609951e-06[39m
      5 Linear |R| = [32m4.263310e-06[39m
      6 Linear |R| = [32m4.921989e-07[39m
      7 Linear |R| = [32m6.603794e-08[39m
      8 Linear |R| = [32m1.570133e-08[39m
      9 Linear |R| = [32m5.860387e-09[39m
     10 Linear |R| = [32m2.852278e-09[39m
     11 Linear |R| = [32m5.873993e-10[39m
     12 Linear |R| = [32m2.998566e-10[39m
     13 Linear |R| = [32m4.091120e-11[39m
     14 Linear |R| = [32m4.844567e-12[39m
     15 Linear |R| = [32m5.348441e-13[39m
 1 Nonlinear |R| = [32m2.698941e-07[39m
      0 Linear |R| = [32m2.698941e-07[39m
      1 Linear |R| = [32m5.124504e-08[39m
      2 Linear |R| = [32m5.405638e-09[39m
      3 Linear |R| = [32m8.700466e-10[39m
      4 Linear |R| = [32m2.849724e-10[39m
      5 Linear |R| = [32m2.642918e-10[39m
      6 Linear |R| = [32m7.218973e-11[39m
      7 Linear |R| = [32m9.277664e-12[39m
      8 Linear |R| = [32m1.283432e-12[39m
      9 Linear |R| = [32m1.128285e-12[39m
     10 Linear |R| = [32m5.664044e-13[39m
     11 Linear |R| = [32m2.756774e-14[39m
     12 Linear |R| = [32m1.210708e-14[39m
     13 Linear |R| = [32m5.388940e-15[39m
     14 Linear |R| = [32m3.421120e-16[39m
     15 Linear |R| = [32m4.776567e-17[39m
 2 Nonlinear |R| = [32m9.991773e-13[39m
[32m Solve Converged![39m

Outlier Variable Residual Norms:
  uy: [33m8.666521e-13[39m

Postprocessor Values:
+----------------+----------------+----------------+----------------+----------------+----------------+----------------+
| time           | J_max          | J_min          | Jbar_max       | Jbar_min       | center_pressure| edge_ux        |
+----------------+----------------+----------------+----------------+----------------+----------------+----------------+
:                :                :                :                :                :                :                :
|   5.800000e-02 |   9.701639e-01 |   9.687513e-01 |   9.868394e-01 |   9.866037e-01 |   4.221621e-02 |   2.798785e-03 |
|   5.900000e-02 |   9.700869e-01 |   9.687212e-01 |   9.868273e-01 |   9.865993e-01 |   4.081951e-02 |   2.736018e-03 |
|   6.000000e-02 |   9.700124e-01 |   9.686922e-01 |   9.868156e-01 |   9.865951e-01 |   3.946866e-02 |   2.675326e-03 |
|   6.100000e-02 |   9.699404e-01 |   9.686640e-01 |   9.868043e-01 |   9.865910e-01 |   3.816220e-02 |   2.616640e-03 |
|   6.200000e-02 |   9.698708e-01 |   9.686369e-01 |   9.867933e-01 |   9.865871e-01 |   3.689867e-02 |   2.559896e-03 |
|   6.300000e-02 |   9.698035e-01 |   9.686106e-01 |   9.867828e-01 |   9.865833e-01 |   3.567669e-02 |   2.505029e-03 |
|   6.400000e-02 |   9.697384e-01 |   9.685852e-01 |   9.867725e-01 |   9.865796e-01 |   3.449492e-02 |   2.451977e-03 |
|   6.500000e-02 |   9.696755e-01 |   9.685606e-01 |   9.867626e-01 |   9.865761e-01 |   3.335204e-02 |   2.400682e-03 |
|   6.600000e-02 |   9.696146e-01 |   9.685369e-01 |   9.867531e-01 |   9.865727e-01 |   3.224680e-02 |   2.351085e-03 |
|   6.700000e-02 |   9.695558e-01 |   9.685139e-01 |   9.867438e-01 |   9.865693e-01 |   3.117796e-02 |   2.303131e-03 |
|   6.800000e-02 |   9.694990e-01 |   9.684917e-01 |   9.867349e-01 |   9.865662e-01 |   3.014435e-02 |   2.256765e-03 |
|   6.900000e-02 |   9.694440e-01 |   9.684702e-01 |   9.867262e-01 |   9.865631e-01 |   2.914481e-02 |   2.211935e-03 |
|   7.000000e-02 |   9.693908e-01 |   9.684495e-01 |   9.867178e-01 |   9.865601e-01 |   2.817824e-02 |   2.168591e-03 |
|   7.100000e-02 |   9.693394e-01 |   9.684294e-01 |   9.867098e-01 |   9.865572e-01 |   2.724356e-02 |   2.126684e-03 |
|   7.200000e-02 |   9.692897e-01 |   9.684100e-01 |   9.867019e-01 |   9.865544e-01 |   2.633972e-02 |   2.086166e-03 |
+----------------+----------------+----------------+----------------+----------------+----------------+----------------+
+----------------+----------------+----------------+------------------+----------------+----------------+
| time           | mass           | mass_reaction  | outflow_gradient | platen_max     | platen_min     |
+----------------+----------------+----------------+------------------+----------------+----------------+
:                :                :                :                  :                :                :
|   5.800000e-02 |   1.515648e-01 |  -4.059352e-02 |     3.981230e-02 |  -6.341854e-03 |  -6.341854e-03 |
|   5.900000e-02 |   1.515255e-01 |  -3.924769e-02 |     3.849277e-02 |  -6.347724e-03 |  -6.347724e-03 |
|   6.000000e-02 |   1.514876e-01 |  -3.794624e-02 |     3.721672e-02 |  -6.353401e-03 |  -6.353401e-03 |
|   6.100000e-02 |   1.514509e-01 |  -3.668771e-02 |     3.598274e-02 |  -6.358890e-03 |  -6.358890e-03 |
|   6.200000e-02 |   1.514154e-01 |  -3.547071e-02 |     3.478946e-02 |  -6.364197e-03 |  -6.364197e-03 |
|   6.300000e-02 |   1.513811e-01 |  -3.429388e-02 |     3.363553e-02 |  -6.369329e-03 |  -6.369329e-03 |
|   6.400000e-02 |   1.513480e-01 |  -3.315591e-02 |     3.251969e-02 |  -6.374291e-03 |  -6.374291e-03 |
|   6.500000e-02 |   1.513159e-01 |  -3.205552e-02 |     3.144068e-02 |  -6.379089e-03 |  -6.379089e-03 |
|   6.600000e-02 |   1.512849e-01 |  -3.099148e-02 |     3.039731e-02 |  -6.383728e-03 |  -6.383728e-03 |
|   6.700000e-02 |   1.512550e-01 |  -2.996262e-02 |     2.938840e-02 |  -6.388213e-03 |  -6.388213e-03 |
|   6.800000e-02 |   1.512260e-01 |  -2.896776e-02 |     2.841283e-02 |  -6.392550e-03 |  -6.392550e-03 |
|   6.900000e-02 |   1.511980e-01 |  -2.800581e-02 |     2.746951e-02 |  -6.396743e-03 |  -6.396743e-03 |
|   7.000000e-02 |   1.511709e-01 |  -2.707567e-02 |     2.655738e-02 |  -6.400797e-03 |  -6.400797e-03 |
|   7.100000e-02 |   1.511447e-01 |  -2.617631e-02 |     2.567541e-02 |  -6.404717e-03 |  -6.404717e-03 |
|   7.200000e-02 |   1.511194e-01 |  -2.530671e-02 |     2.482262e-02 |  -6.408507e-03 |  -6.408507e-03 |
+----------------+----------------+----------------+------------------+----------------+----------------+
+----------------+--------------------+--------------------+----------------+----------------+----------------+
| time           | solid_fraction_max | solid_fraction_min | stability_max  | stability_min  | top_reaction   |
+----------------+--------------------+--------------------+----------------+----------------+----------------+
:                :                    :                    :                :                :                :
|   5.800000e-02 |       6.112030e-01 |       6.101672e-01 |   2.802425e+01 |   2.800056e+01 |  -1.400000e+00 |
|   5.900000e-02 |       6.112144e-01 |       6.102130e-01 |   2.802344e+01 |   2.800054e+01 |  -1.400000e+00 |
|   6.000000e-02 |       6.112255e-01 |       6.102572e-01 |   2.802267e+01 |   2.800052e+01 |  -1.400000e+00 |
|   6.100000e-02 |       6.112362e-01 |       6.103000e-01 |   2.802192e+01 |   2.800050e+01 |  -1.400000e+00 |
|   6.200000e-02 |       6.112466e-01 |       6.103414e-01 |   2.802119e+01 |   2.800049e+01 |  -1.400000e+00 |
|   6.300000e-02 |       6.112566e-01 |       6.103814e-01 |   2.802049e+01 |   2.800047e+01 |  -1.400000e+00 |
|   6.400000e-02 |       6.112663e-01 |       6.104201e-01 |   2.801981e+01 |   2.800045e+01 |  -1.400000e+00 |
|   6.500000e-02 |       6.112757e-01 |       6.104575e-01 |   2.801915e+01 |   2.800044e+01 |  -1.400000e+00 |
|   6.600000e-02 |       6.112848e-01 |       6.104937e-01 |   2.801852e+01 |   2.800042e+01 |  -1.400000e+00 |
|   6.700000e-02 |       6.112935e-01 |       6.105286e-01 |   2.801791e+01 |   2.800041e+01 |  -1.400000e+00 |
|   6.800000e-02 |       6.113020e-01 |       6.105625e-01 |   2.801731e+01 |   2.800040e+01 |  -1.400000e+00 |
|   6.900000e-02 |       6.113102e-01 |       6.105952e-01 |   2.801674e+01 |   2.800038e+01 |  -1.400000e+00 |
|   7.000000e-02 |       6.113181e-01 |       6.106268e-01 |   2.801618e+01 |   2.800037e+01 |  -1.400000e+00 |
|   7.100000e-02 |       6.113258e-01 |       6.106574e-01 |   2.801565e+01 |   2.800036e+01 |  -1.400000e+00 |
|   7.200000e-02 |       6.113332e-01 |       6.106870e-01 |   2.801513e+01 |   2.800035e+01 |  -1.400000e+00 |
+----------------+--------------------+--------------------+----------------+----------------+----------------+


Time Step 73, time = 0.073, dt = 0.001
 * Nonlinear |R| = [32m3.143053e-03[39m (Before preset BCs, predictors, correctors, and constraints)
 0 Nonlinear |R| = [32m3.143053e-03[39m
      0 Linear |R| = [32m3.143053e-03[39m
      1 Linear |R| = [32m1.147221e-03[39m
      2 Linear |R| = [32m1.013629e-03[39m
      3 Linear |R| = [32m1.781106e-05[39m
      4 Linear |R| = [32m5.424877e-06[39m
      5 Linear |R| = [32m4.245906e-06[39m
      6 Linear |R| = [32m4.758807e-07[39m
      7 Linear |R| = [32m6.384713e-08[39m
      8 Linear |R| = [32m1.416000e-08[39m
      9 Linear |R| = [32m5.665550e-09[39m
     10 Linear |R| = [32m2.756915e-09[39m
     11 Linear |R| = [32m5.678793e-10[39m
     12 Linear |R| = [32m2.732239e-10[39m
     13 Linear |R| = [32m3.955468e-11[39m
     14 Linear |R| = [32m4.683568e-12[39m
     15 Linear |R| = [32m4.455880e-13[39m
 1 Nonlinear |R| = [32m2.524265e-07[39m
      0 Linear |R| = [32m2.524265e-07[39m
      1 Linear |R| = [32m4.809983e-08[39m
      2 Linear |R| = [32m2.646153e-09[39m
      3 Linear |R| = [32m8.253680e-10[39m
      4 Linear |R| = [32m2.683855e-10[39m
      5 Linear |R| = [32m2.503736e-10[39m
      6 Linear |R| = [32m6.721083e-11[39m
      7 Linear |R| = [32m7.494858e-12[39m
      8 Linear |R| = [32m1.326418e-12[39m
      9 Linear |R| = [32m9.527135e-13[39m
     10 Linear |R| = [32m5.329282e-13[39m
     11 Linear |R| = [32m2.973493e-14[39m
     12 Linear |R| = [32m1.485376e-14[39m
     13 Linear |R| = [32m4.998810e-15[39m
     14 Linear |R| = [32m3.408846e-16[39m
     15 Linear |R| = [32m5.502893e-17[39m
 2 Nonlinear |R| = [32m9.694360e-13[39m
[32m Solve Converged![39m

Outlier Variable Residual Norms:
  uy: [33m8.380562e-13[39m

Postprocessor Values:
+----------------+----------------+----------------+----------------+----------------+----------------+----------------+
| time           | J_max          | J_min          | Jbar_max       | Jbar_min       | center_pressure| edge_ux        |
+----------------+----------------+----------------+----------------+----------------+----------------+----------------+
:                :                :                :                :                :                :                :
|   5.900000e-02 |   9.700869e-01 |   9.687212e-01 |   9.868273e-01 |   9.865993e-01 |   4.081951e-02 |   2.736018e-03 |
|   6.000000e-02 |   9.700124e-01 |   9.686922e-01 |   9.868156e-01 |   9.865951e-01 |   3.946866e-02 |   2.675326e-03 |
|   6.100000e-02 |   9.699404e-01 |   9.686640e-01 |   9.868043e-01 |   9.865910e-01 |   3.816220e-02 |   2.616640e-03 |
|   6.200000e-02 |   9.698708e-01 |   9.686369e-01 |   9.867933e-01 |   9.865871e-01 |   3.689867e-02 |   2.559896e-03 |
|   6.300000e-02 |   9.698035e-01 |   9.686106e-01 |   9.867828e-01 |   9.865833e-01 |   3.567669e-02 |   2.505029e-03 |
|   6.400000e-02 |   9.697384e-01 |   9.685852e-01 |   9.867725e-01 |   9.865796e-01 |   3.449492e-02 |   2.451977e-03 |
|   6.500000e-02 |   9.696755e-01 |   9.685606e-01 |   9.867626e-01 |   9.865761e-01 |   3.335204e-02 |   2.400682e-03 |
|   6.600000e-02 |   9.696146e-01 |   9.685369e-01 |   9.867531e-01 |   9.865727e-01 |   3.224680e-02 |   2.351085e-03 |
|   6.700000e-02 |   9.695558e-01 |   9.685139e-01 |   9.867438e-01 |   9.865693e-01 |   3.117796e-02 |   2.303131e-03 |
|   6.800000e-02 |   9.694990e-01 |   9.684917e-01 |   9.867349e-01 |   9.865662e-01 |   3.014435e-02 |   2.256765e-03 |
|   6.900000e-02 |   9.694440e-01 |   9.684702e-01 |   9.867262e-01 |   9.865631e-01 |   2.914481e-02 |   2.211935e-03 |
|   7.000000e-02 |   9.693908e-01 |   9.684495e-01 |   9.867178e-01 |   9.865601e-01 |   2.817824e-02 |   2.168591e-03 |
|   7.100000e-02 |   9.693394e-01 |   9.684294e-01 |   9.867098e-01 |   9.865572e-01 |   2.724356e-02 |   2.126684e-03 |
|   7.200000e-02 |   9.692897e-01 |   9.684100e-01 |   9.867019e-01 |   9.865544e-01 |   2.633972e-02 |   2.086166e-03 |
|   7.300000e-02 |   9.692417e-01 |   9.683912e-01 |   9.866944e-01 |   9.865517e-01 |   2.546573e-02 |   2.046991e-03 |
+----------------+----------------+----------------+----------------+----------------+----------------+----------------+
+----------------+----------------+----------------+------------------+----------------+----------------+
| time           | mass           | mass_reaction  | outflow_gradient | platen_max     | platen_min     |
+----------------+----------------+----------------+------------------+----------------+----------------+
:                :                :                :                  :                :                :
|   5.900000e-02 |   1.515255e-01 |  -3.924769e-02 |     3.849277e-02 |  -6.347724e-03 |  -6.347724e-03 |
|   6.000000e-02 |   1.514876e-01 |  -3.794624e-02 |     3.721672e-02 |  -6.353401e-03 |  -6.353401e-03 |
|   6.100000e-02 |   1.514509e-01 |  -3.668771e-02 |     3.598274e-02 |  -6.358890e-03 |  -6.358890e-03 |
|   6.200000e-02 |   1.514154e-01 |  -3.547071e-02 |     3.478946e-02 |  -6.364197e-03 |  -6.364197e-03 |
|   6.300000e-02 |   1.513811e-01 |  -3.429388e-02 |     3.363553e-02 |  -6.369329e-03 |  -6.369329e-03 |
|   6.400000e-02 |   1.513480e-01 |  -3.315591e-02 |     3.251969e-02 |  -6.374291e-03 |  -6.374291e-03 |
|   6.500000e-02 |   1.513159e-01 |  -3.205552e-02 |     3.144068e-02 |  -6.379089e-03 |  -6.379089e-03 |
|   6.600000e-02 |   1.512849e-01 |  -3.099148e-02 |     3.039731e-02 |  -6.383728e-03 |  -6.383728e-03 |
|   6.700000e-02 |   1.512550e-01 |  -2.996262e-02 |     2.938840e-02 |  -6.388213e-03 |  -6.388213e-03 |
|   6.800000e-02 |   1.512260e-01 |  -2.896776e-02 |     2.841283e-02 |  -6.392550e-03 |  -6.392550e-03 |
|   6.900000e-02 |   1.511980e-01 |  -2.800581e-02 |     2.746951e-02 |  -6.396743e-03 |  -6.396743e-03 |
|   7.000000e-02 |   1.511709e-01 |  -2.707567e-02 |     2.655738e-02 |  -6.400797e-03 |  -6.400797e-03 |
|   7.100000e-02 |   1.511447e-01 |  -2.617631e-02 |     2.567541e-02 |  -6.404717e-03 |  -6.404717e-03 |
|   7.200000e-02 |   1.511194e-01 |  -2.530671e-02 |     2.482262e-02 |  -6.408507e-03 |  -6.408507e-03 |
|   7.300000e-02 |   1.510950e-01 |  -2.446590e-02 |     2.399805e-02 |  -6.412172e-03 |  -6.412172e-03 |
+----------------+----------------+----------------+------------------+----------------+----------------+
+----------------+--------------------+--------------------+----------------+----------------+----------------+
| time           | solid_fraction_max | solid_fraction_min | stability_max  | stability_min  | top_reaction   |
+----------------+--------------------+--------------------+----------------+----------------+----------------+
:                :                    :                    :                :                :                :
|   5.900000e-02 |       6.112144e-01 |       6.102130e-01 |   2.802344e+01 |   2.800054e+01 |  -1.400000e+00 |
|   6.000000e-02 |       6.112255e-01 |       6.102572e-01 |   2.802267e+01 |   2.800052e+01 |  -1.400000e+00 |
|   6.100000e-02 |       6.112362e-01 |       6.103000e-01 |   2.802192e+01 |   2.800050e+01 |  -1.400000e+00 |
|   6.200000e-02 |       6.112466e-01 |       6.103414e-01 |   2.802119e+01 |   2.800049e+01 |  -1.400000e+00 |
|   6.300000e-02 |       6.112566e-01 |       6.103814e-01 |   2.802049e+01 |   2.800047e+01 |  -1.400000e+00 |
|   6.400000e-02 |       6.112663e-01 |       6.104201e-01 |   2.801981e+01 |   2.800045e+01 |  -1.400000e+00 |
|   6.500000e-02 |       6.112757e-01 |       6.104575e-01 |   2.801915e+01 |   2.800044e+01 |  -1.400000e+00 |
|   6.600000e-02 |       6.112848e-01 |       6.104937e-01 |   2.801852e+01 |   2.800042e+01 |  -1.400000e+00 |
|   6.700000e-02 |       6.112935e-01 |       6.105286e-01 |   2.801791e+01 |   2.800041e+01 |  -1.400000e+00 |
|   6.800000e-02 |       6.113020e-01 |       6.105625e-01 |   2.801731e+01 |   2.800040e+01 |  -1.400000e+00 |
|   6.900000e-02 |       6.113102e-01 |       6.105952e-01 |   2.801674e+01 |   2.800038e+01 |  -1.400000e+00 |
|   7.000000e-02 |       6.113181e-01 |       6.106268e-01 |   2.801618e+01 |   2.800037e+01 |  -1.400000e+00 |
|   7.100000e-02 |       6.113258e-01 |       6.106574e-01 |   2.801565e+01 |   2.800036e+01 |  -1.400000e+00 |
|   7.200000e-02 |       6.113332e-01 |       6.106870e-01 |   2.801513e+01 |   2.800035e+01 |  -1.400000e+00 |
|   7.300000e-02 |       6.113403e-01 |       6.107156e-01 |   2.801462e+01 |   2.800034e+01 |  -1.400000e+00 |
+----------------+--------------------+--------------------+----------------+----------------+----------------+


Time Step 74, time = 0.074, dt = 0.001
 * Nonlinear |R| = [32m3.038598e-03[39m (Before preset BCs, predictors, correctors, and constraints)
 0 Nonlinear |R| = [32m3.038598e-03[39m
      0 Linear |R| = [32m3.038598e-03[39m
      1 Linear |R| = [32m1.109196e-03[39m
      2 Linear |R| = [32m9.800501e-04[39m
      3 Linear |R| = [32m1.722051e-05[39m
      4 Linear |R| = [32m5.244210e-06[39m
      5 Linear |R| = [32m3.848253e-06[39m
      6 Linear |R| = [32m4.601042e-07[39m
      7 Linear |R| = [32m6.173024e-08[39m
      8 Linear |R| = [32m1.543805e-08[39m
      9 Linear |R| = [32m5.477209e-09[39m
     10 Linear |R| = [32m2.663999e-09[39m
     11 Linear |R| = [32m5.490374e-10[39m
     12 Linear |R| = [32m2.804332e-10[39m
     13 Linear |R| = [32m3.824304e-11[39m
     14 Linear |R| = [32m4.527653e-12[39m
     15 Linear |R| = [32m6.437373e-13[39m
 1 Nonlinear |R| = [32m2.357719e-07[39m
      0 Linear |R| = [32m2.357719e-07[39m
      1 Linear |R| = [32m4.375022e-08[39m
      2 Linear |R| = [32m8.077494e-09[39m
      3 Linear |R| = [32m7.459395e-10[39m
      4 Linear |R| = [32m2.423135e-10[39m
      5 Linear |R| = [32m2.282256e-10[39m
      6 Linear |R| = [32m5.855804e-11[39m
      7 Linear |R| = [32m7.036825e-12[39m
      8 Linear |R| = [32m9.457606e-13[39m
      9 Linear |R| = [32m8.684310e-13[39m
     10 Linear |R| = [32m4.376629e-13[39m
     11 Linear |R| = [32m2.663738e-14[39m
     12 Linear |R| = [32m9.223644e-15[39m
     13 Linear |R| = [32m3.754173e-15[39m
     14 Linear |R| = [32m3.580628e-16[39m
     15 Linear |R| = [32m3.841675e-17[39m
 2 Nonlinear |R| = [32m9.034487e-13[39m
[32m Solve Converged![39m

Outlier Variable Residual Norms:
  uy: [33m7.910116e-13[39m

Postprocessor Values:
+----------------+----------------+----------------+----------------+----------------+----------------+----------------+
| time           | J_max          | J_min          | Jbar_max       | Jbar_min       | center_pressure| edge_ux        |
+----------------+----------------+----------------+----------------+----------------+----------------+----------------+
:                :                :                :                :                :                :                :
|   6.000000e-02 |   9.700124e-01 |   9.686922e-01 |   9.868156e-01 |   9.865951e-01 |   3.946866e-02 |   2.675326e-03 |
|   6.100000e-02 |   9.699404e-01 |   9.686640e-01 |   9.868043e-01 |   9.865910e-01 |   3.816220e-02 |   2.616640e-03 |
|   6.200000e-02 |   9.698708e-01 |   9.686369e-01 |   9.867933e-01 |   9.865871e-01 |   3.689867e-02 |   2.559896e-03 |
|   6.300000e-02 |   9.698035e-01 |   9.686106e-01 |   9.867828e-01 |   9.865833e-01 |   3.567669e-02 |   2.505029e-03 |
|   6.400000e-02 |   9.697384e-01 |   9.685852e-01 |   9.867725e-01 |   9.865796e-01 |   3.449492e-02 |   2.451977e-03 |
|   6.500000e-02 |   9.696755e-01 |   9.685606e-01 |   9.867626e-01 |   9.865761e-01 |   3.335204e-02 |   2.400682e-03 |
|   6.600000e-02 |   9.696146e-01 |   9.685369e-01 |   9.867531e-01 |   9.865727e-01 |   3.224680e-02 |   2.351085e-03 |
|   6.700000e-02 |   9.695558e-01 |   9.685139e-01 |   9.867438e-01 |   9.865693e-01 |   3.117796e-02 |   2.303131e-03 |
|   6.800000e-02 |   9.694990e-01 |   9.684917e-01 |   9.867349e-01 |   9.865662e-01 |   3.014435e-02 |   2.256765e-03 |
|   6.900000e-02 |   9.694440e-01 |   9.684702e-01 |   9.867262e-01 |   9.865631e-01 |   2.914481e-02 |   2.211935e-03 |
|   7.000000e-02 |   9.693908e-01 |   9.684495e-01 |   9.867178e-01 |   9.865601e-01 |   2.817824e-02 |   2.168591e-03 |
|   7.100000e-02 |   9.693394e-01 |   9.684294e-01 |   9.867098e-01 |   9.865572e-01 |   2.724356e-02 |   2.126684e-03 |
|   7.200000e-02 |   9.692897e-01 |   9.684100e-01 |   9.867019e-01 |   9.865544e-01 |   2.633972e-02 |   2.086166e-03 |
|   7.300000e-02 |   9.692417e-01 |   9.683912e-01 |   9.866944e-01 |   9.865517e-01 |   2.546573e-02 |   2.046991e-03 |
|   7.400000e-02 |   9.691952e-01 |   9.683731e-01 |   9.866871e-01 |   9.865491e-01 |   2.462060e-02 |   2.009116e-03 |
+----------------+----------------+----------------+----------------+----------------+----------------+----------------+
+----------------+----------------+----------------+------------------+----------------+----------------+
| time           | mass           | mass_reaction  | outflow_gradient | platen_max     | platen_min     |
+----------------+----------------+----------------+------------------+----------------+----------------+
:                :                :                :                  :                :                :
|   6.000000e-02 |   1.514876e-01 |  -3.794624e-02 |     3.721672e-02 |  -6.353401e-03 |  -6.353401e-03 |
|   6.100000e-02 |   1.514509e-01 |  -3.668771e-02 |     3.598274e-02 |  -6.358890e-03 |  -6.358890e-03 |
|   6.200000e-02 |   1.514154e-01 |  -3.547071e-02 |     3.478946e-02 |  -6.364197e-03 |  -6.364197e-03 |
|   6.300000e-02 |   1.513811e-01 |  -3.429388e-02 |     3.363553e-02 |  -6.369329e-03 |  -6.369329e-03 |
|   6.400000e-02 |   1.513480e-01 |  -3.315591e-02 |     3.251969e-02 |  -6.374291e-03 |  -6.374291e-03 |
|   6.500000e-02 |   1.513159e-01 |  -3.205552e-02 |     3.144068e-02 |  -6.379089e-03 |  -6.379089e-03 |
|   6.600000e-02 |   1.512849e-01 |  -3.099148e-02 |     3.039731e-02 |  -6.383728e-03 |  -6.383728e-03 |
|   6.700000e-02 |   1.512550e-01 |  -2.996262e-02 |     2.938840e-02 |  -6.388213e-03 |  -6.388213e-03 |
|   6.800000e-02 |   1.512260e-01 |  -2.896776e-02 |     2.841283e-02 |  -6.392550e-03 |  -6.392550e-03 |
|   6.900000e-02 |   1.511980e-01 |  -2.800581e-02 |     2.746951e-02 |  -6.396743e-03 |  -6.396743e-03 |
|   7.000000e-02 |   1.511709e-01 |  -2.707567e-02 |     2.655738e-02 |  -6.400797e-03 |  -6.400797e-03 |
|   7.100000e-02 |   1.511447e-01 |  -2.617631e-02 |     2.567541e-02 |  -6.404717e-03 |  -6.404717e-03 |
|   7.200000e-02 |   1.511194e-01 |  -2.530671e-02 |     2.482262e-02 |  -6.408507e-03 |  -6.408507e-03 |
|   7.300000e-02 |   1.510950e-01 |  -2.446590e-02 |     2.399805e-02 |  -6.412172e-03 |  -6.412172e-03 |
|   7.400000e-02 |   1.510713e-01 |  -2.365293e-02 |     2.320077e-02 |  -6.415714e-03 |  -6.415714e-03 |
+----------------+----------------+----------------+------------------+----------------+----------------+
+----------------+--------------------+--------------------+----------------+----------------+----------------+
| time           | solid_fraction_max | solid_fraction_min | stability_max  | stability_min  | top_reaction   |
+----------------+--------------------+--------------------+----------------+----------------+----------------+
:                :                    :                    :                :                :                :
|   6.000000e-02 |       6.112255e-01 |       6.102572e-01 |   2.802267e+01 |   2.800052e+01 |  -1.400000e+00 |
|   6.100000e-02 |       6.112362e-01 |       6.103000e-01 |   2.802192e+01 |   2.800050e+01 |  -1.400000e+00 |
|   6.200000e-02 |       6.112466e-01 |       6.103414e-01 |   2.802119e+01 |   2.800049e+01 |  -1.400000e+00 |
|   6.300000e-02 |       6.112566e-01 |       6.103814e-01 |   2.802049e+01 |   2.800047e+01 |  -1.400000e+00 |
|   6.400000e-02 |       6.112663e-01 |       6.104201e-01 |   2.801981e+01 |   2.800045e+01 |  -1.400000e+00 |
|   6.500000e-02 |       6.112757e-01 |       6.104575e-01 |   2.801915e+01 |   2.800044e+01 |  -1.400000e+00 |
|   6.600000e-02 |       6.112848e-01 |       6.104937e-01 |   2.801852e+01 |   2.800042e+01 |  -1.400000e+00 |
|   6.700000e-02 |       6.112935e-01 |       6.105286e-01 |   2.801791e+01 |   2.800041e+01 |  -1.400000e+00 |
|   6.800000e-02 |       6.113020e-01 |       6.105625e-01 |   2.801731e+01 |   2.800040e+01 |  -1.400000e+00 |
|   6.900000e-02 |       6.113102e-01 |       6.105952e-01 |   2.801674e+01 |   2.800038e+01 |  -1.400000e+00 |
|   7.000000e-02 |       6.113181e-01 |       6.106268e-01 |   2.801618e+01 |   2.800037e+01 |  -1.400000e+00 |
|   7.100000e-02 |       6.113258e-01 |       6.106574e-01 |   2.801565e+01 |   2.800036e+01 |  -1.400000e+00 |
|   7.200000e-02 |       6.113332e-01 |       6.106870e-01 |   2.801513e+01 |   2.800035e+01 |  -1.400000e+00 |
|   7.300000e-02 |       6.113403e-01 |       6.107156e-01 |   2.801462e+01 |   2.800034e+01 |  -1.400000e+00 |
|   7.400000e-02 |       6.113473e-01 |       6.107433e-01 |   2.801414e+01 |   2.800032e+01 |  -1.400000e+00 |
+----------------+--------------------+--------------------+----------------+----------------+----------------+


Time Step 75, time = 0.075, dt = 0.001
 * Nonlinear |R| = [32m2.937603e-03[39m (Before preset BCs, predictors, correctors, and constraints)
 0 Nonlinear |R| = [32m2.937603e-03[39m
      0 Linear |R| = [32m2.937603e-03[39m
      1 Linear |R| = [32m1.072435e-03[39m
      2 Linear |R| = [32m9.475949e-04[39m
      3 Linear |R| = [32m1.664904e-05[39m
      4 Linear |R| = [32m5.069598e-06[39m
      5 Linear |R| = [32m3.671955e-06[39m
      6 Linear |R| = [32m4.448364e-07[39m
      7 Linear |R| = [32m5.968020e-08[39m
      8 Linear |R| = [32m9.376263e-09[39m
      9 Linear |R| = [32m5.294752e-09[39m
     10 Linear |R| = [32m2.575320e-09[39m
     11 Linear |R| = [32m5.306694e-10[39m
     12 Linear |R| = [32m1.058584e-10[39m
     13 Linear |R| = [32m3.697302e-11[39m
     14 Linear |R| = [32m4.377088e-12[39m
     15 Linear |R| = [32m3.312599e-13[39m
 1 Nonlinear |R| = [32m2.211575e-07[39m
      0 Linear |R| = [32m2.211575e-07[39m
      1 Linear |R| = [32m4.110336e-08[39m
      2 Linear |R| = [32m1.150084e-09[39m
      3 Linear |R| = [32m7.145675e-10[39m
      4 Linear |R| = [32m2.322602e-10[39m
      5 Linear |R| = [32m2.181382e-10[39m
      6 Linear |R| = [32m6.040947e-11[39m
      7 Linear |R| = [32m7.065854e-12[39m
      8 Linear |R| = [32m1.024140e-12[39m
      9 Linear |R| = [32m8.675348e-13[39m
     10 Linear |R| = [32m4.588368e-13[39m
     11 Linear |R| = [32m2.496170e-14[39m
     12 Linear |R| = [32m7.382622e-15[39m
     13 Linear |R| = [32m3.694357e-15[39m
     14 Linear |R| = [32m3.053562e-16[39m
     15 Linear |R| = [32m2.765630e-17[39m
 2 Nonlinear |R| = [32m9.264594e-13[39m
[32m Solve Converged![39m

Outlier Variable Residual Norms:
  uy: [33m8.238340e-13[39m

Postprocessor Values:
+----------------+----------------+----------------+----------------+----------------+----------------+----------------+
| time           | J_max          | J_min          | Jbar_max       | Jbar_min       | center_pressure| edge_ux        |
+----------------+----------------+----------------+----------------+----------------+----------------+----------------+
:                :                :                :                :                :                :                :
|   6.100000e-02 |   9.699404e-01 |   9.686640e-01 |   9.868043e-01 |   9.865910e-01 |   3.816220e-02 |   2.616640e-03 |
|   6.200000e-02 |   9.698708e-01 |   9.686369e-01 |   9.867933e-01 |   9.865871e-01 |   3.689867e-02 |   2.559896e-03 |
|   6.300000e-02 |   9.698035e-01 |   9.686106e-01 |   9.867828e-01 |   9.865833e-01 |   3.567669e-02 |   2.505029e-03 |
|   6.400000e-02 |   9.697384e-01 |   9.685852e-01 |   9.867725e-01 |   9.865796e-01 |   3.449492e-02 |   2.451977e-03 |
|   6.500000e-02 |   9.696755e-01 |   9.685606e-01 |   9.867626e-01 |   9.865761e-01 |   3.335204e-02 |   2.400682e-03 |
|   6.600000e-02 |   9.696146e-01 |   9.685369e-01 |   9.867531e-01 |   9.865727e-01 |   3.224680e-02 |   2.351085e-03 |
|   6.700000e-02 |   9.695558e-01 |   9.685139e-01 |   9.867438e-01 |   9.865693e-01 |   3.117796e-02 |   2.303131e-03 |
|   6.800000e-02 |   9.694990e-01 |   9.684917e-01 |   9.867349e-01 |   9.865662e-01 |   3.014435e-02 |   2.256765e-03 |
|   6.900000e-02 |   9.694440e-01 |   9.684702e-01 |   9.867262e-01 |   9.865631e-01 |   2.914481e-02 |   2.211935e-03 |
|   7.000000e-02 |   9.693908e-01 |   9.684495e-01 |   9.867178e-01 |   9.865601e-01 |   2.817824e-02 |   2.168591e-03 |
|   7.100000e-02 |   9.693394e-01 |   9.684294e-01 |   9.867098e-01 |   9.865572e-01 |   2.724356e-02 |   2.126684e-03 |
|   7.200000e-02 |   9.692897e-01 |   9.684100e-01 |   9.867019e-01 |   9.865544e-01 |   2.633972e-02 |   2.086166e-03 |
|   7.300000e-02 |   9.692417e-01 |   9.683912e-01 |   9.866944e-01 |   9.865517e-01 |   2.546573e-02 |   2.046991e-03 |
|   7.400000e-02 |   9.691952e-01 |   9.683731e-01 |   9.866871e-01 |   9.865491e-01 |   2.462060e-02 |   2.009116e-03 |
|   7.500000e-02 |   9.691503e-01 |   9.683555e-01 |   9.866800e-01 |   9.865466e-01 |   2.380339e-02 |   1.972496e-03 |
+----------------+----------------+----------------+----------------+----------------+----------------+----------------+
+----------------+----------------+----------------+------------------+----------------+----------------+
| time           | mass           | mass_reaction  | outflow_gradient | platen_max     | platen_min     |
+----------------+----------------+----------------+------------------+----------------+----------------+
:                :                :                :                  :                :                :
|   6.100000e-02 |   1.514509e-01 |  -3.668771e-02 |     3.598274e-02 |  -6.358890e-03 |  -6.358890e-03 |
|   6.200000e-02 |   1.514154e-01 |  -3.547071e-02 |     3.478946e-02 |  -6.364197e-03 |  -6.364197e-03 |
|   6.300000e-02 |   1.513811e-01 |  -3.429388e-02 |     3.363553e-02 |  -6.369329e-03 |  -6.369329e-03 |
|   6.400000e-02 |   1.513480e-01 |  -3.315591e-02 |     3.251969e-02 |  -6.374291e-03 |  -6.374291e-03 |
|   6.500000e-02 |   1.513159e-01 |  -3.205552e-02 |     3.144068e-02 |  -6.379089e-03 |  -6.379089e-03 |
|   6.600000e-02 |   1.512849e-01 |  -3.099148e-02 |     3.039731e-02 |  -6.383728e-03 |  -6.383728e-03 |
|   6.700000e-02 |   1.512550e-01 |  -2.996262e-02 |     2.938840e-02 |  -6.388213e-03 |  -6.388213e-03 |
|   6.800000e-02 |   1.512260e-01 |  -2.896776e-02 |     2.841283e-02 |  -6.392550e-03 |  -6.392550e-03 |
|   6.900000e-02 |   1.511980e-01 |  -2.800581e-02 |     2.746951e-02 |  -6.396743e-03 |  -6.396743e-03 |
|   7.000000e-02 |   1.511709e-01 |  -2.707567e-02 |     2.655738e-02 |  -6.400797e-03 |  -6.400797e-03 |
|   7.100000e-02 |   1.511447e-01 |  -2.617631e-02 |     2.567541e-02 |  -6.404717e-03 |  -6.404717e-03 |
|   7.200000e-02 |   1.511194e-01 |  -2.530671e-02 |     2.482262e-02 |  -6.408507e-03 |  -6.408507e-03 |
|   7.300000e-02 |   1.510950e-01 |  -2.446590e-02 |     2.399805e-02 |  -6.412172e-03 |  -6.412172e-03 |
|   7.400000e-02 |   1.510713e-01 |  -2.365293e-02 |     2.320077e-02 |  -6.415714e-03 |  -6.415714e-03 |
|   7.500000e-02 |   1.510484e-01 |  -2.286688e-02 |     2.242988e-02 |  -6.419140e-03 |  -6.419140e-03 |
+----------------+----------------+----------------+------------------+----------------+----------------+
+----------------+--------------------+--------------------+----------------+----------------+----------------+
| time           | solid_fraction_max | solid_fraction_min | stability_max  | stability_min  | top_reaction   |
+----------------+--------------------+--------------------+----------------+----------------+----------------+
:                :                    :                    :                :                :                :
|   6.100000e-02 |       6.112362e-01 |       6.103000e-01 |   2.802192e+01 |   2.800050e+01 |  -1.400000e+00 |
|   6.200000e-02 |       6.112466e-01 |       6.103414e-01 |   2.802119e+01 |   2.800049e+01 |  -1.400000e+00 |
|   6.300000e-02 |       6.112566e-01 |       6.103814e-01 |   2.802049e+01 |   2.800047e+01 |  -1.400000e+00 |
|   6.400000e-02 |       6.112663e-01 |       6.104201e-01 |   2.801981e+01 |   2.800045e+01 |  -1.400000e+00 |
|   6.500000e-02 |       6.112757e-01 |       6.104575e-01 |   2.801915e+01 |   2.800044e+01 |  -1.400000e+00 |
|   6.600000e-02 |       6.112848e-01 |       6.104937e-01 |   2.801852e+01 |   2.800042e+01 |  -1.400000e+00 |
|   6.700000e-02 |       6.112935e-01 |       6.105286e-01 |   2.801791e+01 |   2.800041e+01 |  -1.400000e+00 |
|   6.800000e-02 |       6.113020e-01 |       6.105625e-01 |   2.801731e+01 |   2.800040e+01 |  -1.400000e+00 |
|   6.900000e-02 |       6.113102e-01 |       6.105952e-01 |   2.801674e+01 |   2.800038e+01 |  -1.400000e+00 |
|   7.000000e-02 |       6.113181e-01 |       6.106268e-01 |   2.801618e+01 |   2.800037e+01 |  -1.400000e+00 |
|   7.100000e-02 |       6.113258e-01 |       6.106574e-01 |   2.801565e+01 |   2.800036e+01 |  -1.400000e+00 |
|   7.200000e-02 |       6.113332e-01 |       6.106870e-01 |   2.801513e+01 |   2.800035e+01 |  -1.400000e+00 |
|   7.300000e-02 |       6.113403e-01 |       6.107156e-01 |   2.801462e+01 |   2.800034e+01 |  -1.400000e+00 |
|   7.400000e-02 |       6.113473e-01 |       6.107433e-01 |   2.801414e+01 |   2.800032e+01 |  -1.400000e+00 |
|   7.500000e-02 |       6.113540e-01 |       6.107700e-01 |   2.801367e+01 |   2.800031e+01 |  -1.400000e+00 |
+----------------+--------------------+--------------------+----------------+----------------+----------------+


Time Step 76, time = 0.076, dt = 0.001
 * Nonlinear |R| = [32m2.839956e-03[39m (Before preset BCs, predictors, correctors, and constraints)
 0 Nonlinear |R| = [32m2.839956e-03[39m
      0 Linear |R| = [32m2.839956e-03[39m
      1 Linear |R| = [32m1.036883e-03[39m
      2 Linear |R| = [32m9.162038e-04[39m
      3 Linear |R| = [32m1.609656e-05[39m
      4 Linear |R| = [32m4.900173e-06[39m
      5 Linear |R| = [32m3.387991e-06[39m
      6 Linear |R| = [32m4.300791e-07[39m
      7 Linear |R| = [32m5.770075e-08[39m
      8 Linear |R| = [32m1.276657e-08[39m
      9 Linear |R| = [32m5.118732e-09[39m
     10 Linear |R| = [32m2.487974e-09[39m
     11 Linear |R| = [32m5.131314e-10[39m
     12 Linear |R| = [32m2.534565e-10[39m
     13 Linear |R| = [32m3.574598e-11[39m
     14 Linear |R| = [32m4.231058e-12[39m
     15 Linear |R| = [32m3.986505e-13[39m
 1 Nonlinear |R| = [32m2.039052e-07[39m
      0 Linear |R| = [32m2.039052e-07[39m
      1 Linear |R| = [32m3.958824e-08[39m
      2 Linear |R| = [32m7.372142e-10[39m
      3 Linear |R| = [32m6.787665e-10[39m
      4 Linear |R| = [32m2.200474e-10[39m
      5 Linear |R| = [32m2.034064e-10[39m
      6 Linear |R| = [32m5.595087e-11[39m
      7 Linear |R| = [32m7.359753e-12[39m
      8 Linear |R| = [32m7.666736e-13[39m
      9 Linear |R| = [32m6.719555e-13[39m
     10 Linear |R| = [32m3.981792e-13[39m
     11 Linear |R| = [32m3.117237e-14[39m
     12 Linear |R| = [32m7.937477e-15[39m
     13 Linear |R| = [32m4.948268e-15[39m
     14 Linear |R| = [32m3.271723e-16[39m
     15 Linear |R| = [32m4.074415e-17[39m
 2 Nonlinear |R| = [32m7.466773e-13[39m
[32m Solve Converged![39m

Outlier Variable Residual Norms:
  uy: [33m6.314083e-13[39m

Postprocessor Values:
+----------------+----------------+----------------+----------------+----------------+----------------+----------------+
| time           | J_max          | J_min          | Jbar_max       | Jbar_min       | center_pressure| edge_ux        |
+----------------+----------------+----------------+----------------+----------------+----------------+----------------+
:                :                :                :                :                :                :                :
|   6.200000e-02 |   9.698708e-01 |   9.686369e-01 |   9.867933e-01 |   9.865871e-01 |   3.689867e-02 |   2.559896e-03 |
|   6.300000e-02 |   9.698035e-01 |   9.686106e-01 |   9.867828e-01 |   9.865833e-01 |   3.567669e-02 |   2.505029e-03 |
|   6.400000e-02 |   9.697384e-01 |   9.685852e-01 |   9.867725e-01 |   9.865796e-01 |   3.449492e-02 |   2.451977e-03 |
|   6.500000e-02 |   9.696755e-01 |   9.685606e-01 |   9.867626e-01 |   9.865761e-01 |   3.335204e-02 |   2.400682e-03 |
|   6.600000e-02 |   9.696146e-01 |   9.685369e-01 |   9.867531e-01 |   9.865727e-01 |   3.224680e-02 |   2.351085e-03 |
|   6.700000e-02 |   9.695558e-01 |   9.685139e-01 |   9.867438e-01 |   9.865693e-01 |   3.117796e-02 |   2.303131e-03 |
|   6.800000e-02 |   9.694990e-01 |   9.684917e-01 |   9.867349e-01 |   9.865662e-01 |   3.014435e-02 |   2.256765e-03 |
|   6.900000e-02 |   9.694440e-01 |   9.684702e-01 |   9.867262e-01 |   9.865631e-01 |   2.914481e-02 |   2.211935e-03 |
|   7.000000e-02 |   9.693908e-01 |   9.684495e-01 |   9.867178e-01 |   9.865601e-01 |   2.817824e-02 |   2.168591e-03 |
|   7.100000e-02 |   9.693394e-01 |   9.684294e-01 |   9.867098e-01 |   9.865572e-01 |   2.724356e-02 |   2.126684e-03 |
|   7.200000e-02 |   9.692897e-01 |   9.684100e-01 |   9.867019e-01 |   9.865544e-01 |   2.633972e-02 |   2.086166e-03 |
|   7.300000e-02 |   9.692417e-01 |   9.683912e-01 |   9.866944e-01 |   9.865517e-01 |   2.546573e-02 |   2.046991e-03 |
|   7.400000e-02 |   9.691952e-01 |   9.683731e-01 |   9.866871e-01 |   9.865491e-01 |   2.462060e-02 |   2.009116e-03 |
|   7.500000e-02 |   9.691503e-01 |   9.683555e-01 |   9.866800e-01 |   9.865466e-01 |   2.380339e-02 |   1.972496e-03 |
|   7.600000e-02 |   9.691069e-01 |   9.683386e-01 |   9.866732e-01 |   9.865442e-01 |   2.301318e-02 |   1.937092e-03 |
+----------------+----------------+----------------+----------------+----------------+----------------+----------------+
+----------------+----------------+----------------+------------------+----------------+----------------+
| time           | mass           | mass_reaction  | outflow_gradient | platen_max     | platen_min     |
+----------------+----------------+----------------+------------------+----------------+----------------+
:                :                :                :                  :                :                :
|   6.200000e-02 |   1.514154e-01 |  -3.547071e-02 |     3.478946e-02 |  -6.364197e-03 |  -6.364197e-03 |
|   6.300000e-02 |   1.513811e-01 |  -3.429388e-02 |     3.363553e-02 |  -6.369329e-03 |  -6.369329e-03 |
|   6.400000e-02 |   1.513480e-01 |  -3.315591e-02 |     3.251969e-02 |  -6.374291e-03 |  -6.374291e-03 |
|   6.500000e-02 |   1.513159e-01 |  -3.205552e-02 |     3.144068e-02 |  -6.379089e-03 |  -6.379089e-03 |
|   6.600000e-02 |   1.512849e-01 |  -3.099148e-02 |     3.039731e-02 |  -6.383728e-03 |  -6.383728e-03 |
|   6.700000e-02 |   1.512550e-01 |  -2.996262e-02 |     2.938840e-02 |  -6.388213e-03 |  -6.388213e-03 |
|   6.800000e-02 |   1.512260e-01 |  -2.896776e-02 |     2.841283e-02 |  -6.392550e-03 |  -6.392550e-03 |
|   6.900000e-02 |   1.511980e-01 |  -2.800581e-02 |     2.746951e-02 |  -6.396743e-03 |  -6.396743e-03 |
|   7.000000e-02 |   1.511709e-01 |  -2.707567e-02 |     2.655738e-02 |  -6.400797e-03 |  -6.400797e-03 |
|   7.100000e-02 |   1.511447e-01 |  -2.617631e-02 |     2.567541e-02 |  -6.404717e-03 |  -6.404717e-03 |
|   7.200000e-02 |   1.511194e-01 |  -2.530671e-02 |     2.482262e-02 |  -6.408507e-03 |  -6.408507e-03 |
|   7.300000e-02 |   1.510950e-01 |  -2.446590e-02 |     2.399805e-02 |  -6.412172e-03 |  -6.412172e-03 |
|   7.400000e-02 |   1.510713e-01 |  -2.365293e-02 |     2.320077e-02 |  -6.415714e-03 |  -6.415714e-03 |
|   7.500000e-02 |   1.510484e-01 |  -2.286688e-02 |     2.242988e-02 |  -6.419140e-03 |  -6.419140e-03 |
|   7.600000e-02 |   1.510263e-01 |  -2.210687e-02 |     2.168452e-02 |  -6.422451e-03 |  -6.422451e-03 |
+----------------+----------------+----------------+------------------+----------------+----------------+
+----------------+--------------------+--------------------+----------------+----------------+----------------+
| time           | solid_fraction_max | solid_fraction_min | stability_max  | stability_min  | top_reaction   |
+----------------+--------------------+--------------------+----------------+----------------+----------------+
:                :                    :                    :                :                :                :
|   6.200000e-02 |       6.112466e-01 |       6.103414e-01 |   2.802119e+01 |   2.800049e+01 |  -1.400000e+00 |
|   6.300000e-02 |       6.112566e-01 |       6.103814e-01 |   2.802049e+01 |   2.800047e+01 |  -1.400000e+00 |
|   6.400000e-02 |       6.112663e-01 |       6.104201e-01 |   2.801981e+01 |   2.800045e+01 |  -1.400000e+00 |
|   6.500000e-02 |       6.112757e-01 |       6.104575e-01 |   2.801915e+01 |   2.800044e+01 |  -1.400000e+00 |
|   6.600000e-02 |       6.112848e-01 |       6.104937e-01 |   2.801852e+01 |   2.800042e+01 |  -1.400000e+00 |
|   6.700000e-02 |       6.112935e-01 |       6.105286e-01 |   2.801791e+01 |   2.800041e+01 |  -1.400000e+00 |
|   6.800000e-02 |       6.113020e-01 |       6.105625e-01 |   2.801731e+01 |   2.800040e+01 |  -1.400000e+00 |
|   6.900000e-02 |       6.113102e-01 |       6.105952e-01 |   2.801674e+01 |   2.800038e+01 |  -1.400000e+00 |
|   7.000000e-02 |       6.113181e-01 |       6.106268e-01 |   2.801618e+01 |   2.800037e+01 |  -1.400000e+00 |
|   7.100000e-02 |       6.113258e-01 |       6.106574e-01 |   2.801565e+01 |   2.800036e+01 |  -1.400000e+00 |
|   7.200000e-02 |       6.113332e-01 |       6.106870e-01 |   2.801513e+01 |   2.800035e+01 |  -1.400000e+00 |
|   7.300000e-02 |       6.113403e-01 |       6.107156e-01 |   2.801462e+01 |   2.800034e+01 |  -1.400000e+00 |
|   7.400000e-02 |       6.113473e-01 |       6.107433e-01 |   2.801414e+01 |   2.800032e+01 |  -1.400000e+00 |
|   7.500000e-02 |       6.113540e-01 |       6.107700e-01 |   2.801367e+01 |   2.800031e+01 |  -1.400000e+00 |
|   7.600000e-02 |       6.113604e-01 |       6.107959e-01 |   2.801322e+01 |   2.800030e+01 |  -1.400000e+00 |
+----------------+--------------------+--------------------+----------------+----------------+----------------+


Time Step 77, time = 0.077, dt = 0.001
 * Nonlinear |R| = [32m2.745544e-03[39m (Before preset BCs, predictors, correctors, and constraints)
 0 Nonlinear |R| = [32m2.745544e-03[39m
      0 Linear |R| = [32m2.745544e-03[39m
      1 Linear |R| = [32m1.002501e-03[39m
      2 Linear |R| = [32m8.858427e-04[39m
      3 Linear |R| = [32m1.556236e-05[39m
      4 Linear |R| = [32m4.738593e-06[39m
      5 Linear |R| = [32m3.536338e-06[39m
      6 Linear |R| = [32m4.158145e-07[39m
      7 Linear |R| = [32m5.578673e-08[39m
      8 Linear |R| = [32m1.163393e-08[39m
      9 Linear |R| = [32m4.948619e-09[39m
     10 Linear |R| = [32m2.404960e-09[39m
     11 Linear |R| = [32m4.962436e-10[39m
     12 Linear |R| = [32m3.153183e-10[39m
     13 Linear |R| = [32m3.456105e-11[39m
     14 Linear |R| = [32m4.090753e-12[39m
     15 Linear |R| = [32m4.191535e-13[39m
 1 Nonlinear |R| = [32m1.926291e-07[39m
      0 Linear |R| = [32m1.926291e-07[39m
      1 Linear |R| = [32m3.618117e-08[39m
      2 Linear |R| = [32m2.602208e-09[39m
      3 Linear |R| = [32m6.205498e-10[39m
      4 Linear |R| = [32m2.018382e-10[39m
      5 Linear |R| = [32m1.870877e-10[39m
      6 Linear |R| = [32m4.974667e-11[39m
      7 Linear |R| = [32m6.374046e-12[39m
      8 Linear |R| = [32m7.122011e-13[39m
      9 Linear |R| = [32m6.433588e-13[39m
     10 Linear |R| = [32m3.548157e-13[39m
     11 Linear |R| = [32m2.633286e-14[39m
     12 Linear |R| = [32m6.993036e-15[39m
     13 Linear |R| = [32m3.364059e-15[39m
     14 Linear |R| = [32m2.809975e-16[39m
     15 Linear |R| = [32m3.246125e-17[39m
 2 Nonlinear |R| = [32m6.907254e-13[39m
[32m Solve Converged![39m

Outlier Variable Residual Norms:
  uy: [33m5.919862e-13[39m

Postprocessor Values:
+----------------+----------------+----------------+----------------+----------------+----------------+----------------+
| time           | J_max          | J_min          | Jbar_max       | Jbar_min       | center_pressure| edge_ux        |
+----------------+----------------+----------------+----------------+----------------+----------------+----------------+
:                :                :                :                :                :                :                :
|   6.300000e-02 |   9.698035e-01 |   9.686106e-01 |   9.867828e-01 |   9.865833e-01 |   3.567669e-02 |   2.505029e-03 |
|   6.400000e-02 |   9.697384e-01 |   9.685852e-01 |   9.867725e-01 |   9.865796e-01 |   3.449492e-02 |   2.451977e-03 |
|   6.500000e-02 |   9.696755e-01 |   9.685606e-01 |   9.867626e-01 |   9.865761e-01 |   3.335204e-02 |   2.400682e-03 |
|   6.600000e-02 |   9.696146e-01 |   9.685369e-01 |   9.867531e-01 |   9.865727e-01 |   3.224680e-02 |   2.351085e-03 |
|   6.700000e-02 |   9.695558e-01 |   9.685139e-01 |   9.867438e-01 |   9.865693e-01 |   3.117796e-02 |   2.303131e-03 |
|   6.800000e-02 |   9.694990e-01 |   9.684917e-01 |   9.867349e-01 |   9.865662e-01 |   3.014435e-02 |   2.256765e-03 |
|   6.900000e-02 |   9.694440e-01 |   9.684702e-01 |   9.867262e-01 |   9.865631e-01 |   2.914481e-02 |   2.211935e-03 |
|   7.000000e-02 |   9.693908e-01 |   9.684495e-01 |   9.867178e-01 |   9.865601e-01 |   2.817824e-02 |   2.168591e-03 |
|   7.100000e-02 |   9.693394e-01 |   9.684294e-01 |   9.867098e-01 |   9.865572e-01 |   2.724356e-02 |   2.126684e-03 |
|   7.200000e-02 |   9.692897e-01 |   9.684100e-01 |   9.867019e-01 |   9.865544e-01 |   2.633972e-02 |   2.086166e-03 |
|   7.300000e-02 |   9.692417e-01 |   9.683912e-01 |   9.866944e-01 |   9.865517e-01 |   2.546573e-02 |   2.046991e-03 |
|   7.400000e-02 |   9.691952e-01 |   9.683731e-01 |   9.866871e-01 |   9.865491e-01 |   2.462060e-02 |   2.009116e-03 |
|   7.500000e-02 |   9.691503e-01 |   9.683555e-01 |   9.866800e-01 |   9.865466e-01 |   2.380339e-02 |   1.972496e-03 |
|   7.600000e-02 |   9.691069e-01 |   9.683386e-01 |   9.866732e-01 |   9.865442e-01 |   2.301318e-02 |   1.937092e-03 |
|   7.700000e-02 |   9.690650e-01 |   9.683222e-01 |   9.866666e-01 |   9.865419e-01 |   2.224910e-02 |   1.902863e-03 |
+----------------+----------------+----------------+----------------+----------------+----------------+----------------+
+----------------+----------------+----------------+------------------+----------------+----------------+
| time           | mass           | mass_reaction  | outflow_gradient | platen_max     | platen_min     |
+----------------+----------------+----------------+------------------+----------------+----------------+
:                :                :                :                  :                :                :
|   6.300000e-02 |   1.513811e-01 |  -3.429388e-02 |     3.363553e-02 |  -6.369329e-03 |  -6.369329e-03 |
|   6.400000e-02 |   1.513480e-01 |  -3.315591e-02 |     3.251969e-02 |  -6.374291e-03 |  -6.374291e-03 |
|   6.500000e-02 |   1.513159e-01 |  -3.205552e-02 |     3.144068e-02 |  -6.379089e-03 |  -6.379089e-03 |
|   6.600000e-02 |   1.512849e-01 |  -3.099148e-02 |     3.039731e-02 |  -6.383728e-03 |  -6.383728e-03 |
|   6.700000e-02 |   1.512550e-01 |  -2.996262e-02 |     2.938840e-02 |  -6.388213e-03 |  -6.388213e-03 |
|   6.800000e-02 |   1.512260e-01 |  -2.896776e-02 |     2.841283e-02 |  -6.392550e-03 |  -6.392550e-03 |
|   6.900000e-02 |   1.511980e-01 |  -2.800581e-02 |     2.746951e-02 |  -6.396743e-03 |  -6.396743e-03 |
|   7.000000e-02 |   1.511709e-01 |  -2.707567e-02 |     2.655738e-02 |  -6.400797e-03 |  -6.400797e-03 |
|   7.100000e-02 |   1.511447e-01 |  -2.617631e-02 |     2.567541e-02 |  -6.404717e-03 |  -6.404717e-03 |
|   7.200000e-02 |   1.511194e-01 |  -2.530671e-02 |     2.482262e-02 |  -6.408507e-03 |  -6.408507e-03 |
|   7.300000e-02 |   1.510950e-01 |  -2.446590e-02 |     2.399805e-02 |  -6.412172e-03 |  -6.412172e-03 |
|   7.400000e-02 |   1.510713e-01 |  -2.365293e-02 |     2.320077e-02 |  -6.415714e-03 |  -6.415714e-03 |
|   7.500000e-02 |   1.510484e-01 |  -2.286688e-02 |     2.242988e-02 |  -6.419140e-03 |  -6.419140e-03 |
|   7.600000e-02 |   1.510263e-01 |  -2.210687e-02 |     2.168452e-02 |  -6.422451e-03 |  -6.422451e-03 |
|   7.700000e-02 |   1.510050e-01 |  -2.137204e-02 |     2.096385e-02 |  -6.425653e-03 |  -6.425653e-03 |
+----------------+----------------+----------------+------------------+----------------+----------------+
+----------------+--------------------+--------------------+----------------+----------------+----------------+
| time           | solid_fraction_max | solid_fraction_min | stability_max  | stability_min  | top_reaction   |
+----------------+--------------------+--------------------+----------------+----------------+----------------+
:                :                    :                    :                :                :                :
|   6.300000e-02 |       6.112566e-01 |       6.103814e-01 |   2.802049e+01 |   2.800047e+01 |  -1.400000e+00 |
|   6.400000e-02 |       6.112663e-01 |       6.104201e-01 |   2.801981e+01 |   2.800045e+01 |  -1.400000e+00 |
|   6.500000e-02 |       6.112757e-01 |       6.104575e-01 |   2.801915e+01 |   2.800044e+01 |  -1.400000e+00 |
|   6.600000e-02 |       6.112848e-01 |       6.104937e-01 |   2.801852e+01 |   2.800042e+01 |  -1.400000e+00 |
|   6.700000e-02 |       6.112935e-01 |       6.105286e-01 |   2.801791e+01 |   2.800041e+01 |  -1.400000e+00 |
|   6.800000e-02 |       6.113020e-01 |       6.105625e-01 |   2.801731e+01 |   2.800040e+01 |  -1.400000e+00 |
|   6.900000e-02 |       6.113102e-01 |       6.105952e-01 |   2.801674e+01 |   2.800038e+01 |  -1.400000e+00 |
|   7.000000e-02 |       6.113181e-01 |       6.106268e-01 |   2.801618e+01 |   2.800037e+01 |  -1.400000e+00 |
|   7.100000e-02 |       6.113258e-01 |       6.106574e-01 |   2.801565e+01 |   2.800036e+01 |  -1.400000e+00 |
|   7.200000e-02 |       6.113332e-01 |       6.106870e-01 |   2.801513e+01 |   2.800035e+01 |  -1.400000e+00 |
|   7.300000e-02 |       6.113403e-01 |       6.107156e-01 |   2.801462e+01 |   2.800034e+01 |  -1.400000e+00 |
|   7.400000e-02 |       6.113473e-01 |       6.107433e-01 |   2.801414e+01 |   2.800032e+01 |  -1.400000e+00 |
|   7.500000e-02 |       6.113540e-01 |       6.107700e-01 |   2.801367e+01 |   2.800031e+01 |  -1.400000e+00 |
|   7.600000e-02 |       6.113604e-01 |       6.107959e-01 |   2.801322e+01 |   2.800030e+01 |  -1.400000e+00 |
|   7.700000e-02 |       6.113667e-01 |       6.108209e-01 |   2.801278e+01 |   2.800029e+01 |  -1.400000e+00 |
+----------------+--------------------+--------------------+----------------+----------------+----------------+


Time Step 78, time = 0.078, dt = 0.001
 * Nonlinear |R| = [32m2.654262e-03[39m (Before preset BCs, predictors, correctors, and constraints)
 0 Nonlinear |R| = [32m2.654262e-03[39m
      0 Linear |R| = [32m2.654262e-03[39m
      1 Linear |R| = [32m9.692576e-04[39m
      2 Linear |R| = [32m8.564876e-04[39m
      3 Linear |R| = [32m1.504577e-05[39m
      4 Linear |R| = [32m4.580977e-06[39m
      5 Linear |R| = [32m3.377367e-06[39m
      6 Linear |R| = [32m4.020144e-07[39m
      7 Linear |R| = [32m5.393524e-08[39m
      8 Linear |R| = [32m1.351000e-08[39m
      9 Linear |R| = [32m4.783950e-09[39m
     10 Linear |R| = [32m2.324227e-09[39m
     11 Linear |R| = [32m4.796395e-10[39m
     12 Linear |R| = [32m2.472814e-10[39m
     13 Linear |R| = [32m3.341369e-11[39m
     14 Linear |R| = [32m3.954366e-12[39m
     15 Linear |R| = [32m4.030619e-13[39m
 1 Nonlinear |R| = [32m1.811383e-07[39m
      0 Linear |R| = [32m1.811383e-07[39m
      1 Linear |R| = [32m3.407301e-08[39m
      2 Linear |R| = [32m7.274487e-09[39m
      3 Linear |R| = [32m5.748101e-10[39m
      4 Linear |R| = [32m1.865381e-10[39m
      5 Linear |R| = [32m1.742916e-10[39m
      6 Linear |R| = [32m4.720629e-11[39m
      7 Linear |R| = [32m5.219467e-12[39m
      8 Linear |R| = [32m6.924340e-13[39m
      9 Linear |R| = [32m5.334680e-13[39m
     10 Linear |R| = [32m1.176932e-13[39m
     11 Linear |R| = [32m3.002112e-14[39m
     12 Linear |R| = [32m9.059109e-15[39m
     13 Linear |R| = [32m2.991252e-15[39m
     14 Linear |R| = [32m3.171429e-16[39m
     15 Linear |R| = [32m3.331377e-17[39m
 2 Nonlinear |R| = [32m6.311961e-13[39m
[32m Solve Converged![39m

Outlier Variable Residual Norms:
  uy: [33m5.405013e-13[39m

Postprocessor Values:
+----------------+----------------+----------------+----------------+----------------+----------------+----------------+
| time           | J_max          | J_min          | Jbar_max       | Jbar_min       | center_pressure| edge_ux        |
+----------------+----------------+----------------+----------------+----------------+----------------+----------------+
:                :                :                :                :                :                :                :
|   6.400000e-02 |   9.697384e-01 |   9.685852e-01 |   9.867725e-01 |   9.865796e-01 |   3.449492e-02 |   2.451977e-03 |
|   6.500000e-02 |   9.696755e-01 |   9.685606e-01 |   9.867626e-01 |   9.865761e-01 |   3.335204e-02 |   2.400682e-03 |
|   6.600000e-02 |   9.696146e-01 |   9.685369e-01 |   9.867531e-01 |   9.865727e-01 |   3.224680e-02 |   2.351085e-03 |
|   6.700000e-02 |   9.695558e-01 |   9.685139e-01 |   9.867438e-01 |   9.865693e-01 |   3.117796e-02 |   2.303131e-03 |
|   6.800000e-02 |   9.694990e-01 |   9.684917e-01 |   9.867349e-01 |   9.865662e-01 |   3.014435e-02 |   2.256765e-03 |
|   6.900000e-02 |   9.694440e-01 |   9.684702e-01 |   9.867262e-01 |   9.865631e-01 |   2.914481e-02 |   2.211935e-03 |
|   7.000000e-02 |   9.693908e-01 |   9.684495e-01 |   9.867178e-01 |   9.865601e-01 |   2.817824e-02 |   2.168591e-03 |
|   7.100000e-02 |   9.693394e-01 |   9.684294e-01 |   9.867098e-01 |   9.865572e-01 |   2.724356e-02 |   2.126684e-03 |
|   7.200000e-02 |   9.692897e-01 |   9.684100e-01 |   9.867019e-01 |   9.865544e-01 |   2.633972e-02 |   2.086166e-03 |
|   7.300000e-02 |   9.692417e-01 |   9.683912e-01 |   9.866944e-01 |   9.865517e-01 |   2.546573e-02 |   2.046991e-03 |
|   7.400000e-02 |   9.691952e-01 |   9.683731e-01 |   9.866871e-01 |   9.865491e-01 |   2.462060e-02 |   2.009116e-03 |
|   7.500000e-02 |   9.691503e-01 |   9.683555e-01 |   9.866800e-01 |   9.865466e-01 |   2.380339e-02 |   1.972496e-03 |
|   7.600000e-02 |   9.691069e-01 |   9.683386e-01 |   9.866732e-01 |   9.865442e-01 |   2.301318e-02 |   1.937092e-03 |
|   7.700000e-02 |   9.690650e-01 |   9.683222e-01 |   9.866666e-01 |   9.865419e-01 |   2.224910e-02 |   1.902863e-03 |
|   7.800000e-02 |   9.690244e-01 |   9.683063e-01 |   9.866602e-01 |   9.865396e-01 |   2.151028e-02 |   1.869769e-03 |
+----------------+----------------+----------------+----------------+----------------+----------------+----------------+
+----------------+----------------+----------------+------------------+----------------+----------------+
| time           | mass           | mass_reaction  | outflow_gradient | platen_max     | platen_min     |
+----------------+----------------+----------------+------------------+----------------+----------------+
:                :                :                :                  :                :                :
|   6.400000e-02 |   1.513480e-01 |  -3.315591e-02 |     3.251969e-02 |  -6.374291e-03 |  -6.374291e-03 |
|   6.500000e-02 |   1.513159e-01 |  -3.205552e-02 |     3.144068e-02 |  -6.379089e-03 |  -6.379089e-03 |
|   6.600000e-02 |   1.512849e-01 |  -3.099148e-02 |     3.039731e-02 |  -6.383728e-03 |  -6.383728e-03 |
|   6.700000e-02 |   1.512550e-01 |  -2.996262e-02 |     2.938840e-02 |  -6.388213e-03 |  -6.388213e-03 |
|   6.800000e-02 |   1.512260e-01 |  -2.896776e-02 |     2.841283e-02 |  -6.392550e-03 |  -6.392550e-03 |
|   6.900000e-02 |   1.511980e-01 |  -2.800581e-02 |     2.746951e-02 |  -6.396743e-03 |  -6.396743e-03 |
|   7.000000e-02 |   1.511709e-01 |  -2.707567e-02 |     2.655738e-02 |  -6.400797e-03 |  -6.400797e-03 |
|   7.100000e-02 |   1.511447e-01 |  -2.617631e-02 |     2.567541e-02 |  -6.404717e-03 |  -6.404717e-03 |
|   7.200000e-02 |   1.511194e-01 |  -2.530671e-02 |     2.482262e-02 |  -6.408507e-03 |  -6.408507e-03 |
|   7.300000e-02 |   1.510950e-01 |  -2.446590e-02 |     2.399805e-02 |  -6.412172e-03 |  -6.412172e-03 |
|   7.400000e-02 |   1.510713e-01 |  -2.365293e-02 |     2.320077e-02 |  -6.415714e-03 |  -6.415714e-03 |
|   7.500000e-02 |   1.510484e-01 |  -2.286688e-02 |     2.242988e-02 |  -6.419140e-03 |  -6.419140e-03 |
|   7.600000e-02 |   1.510263e-01 |  -2.210687e-02 |     2.168452e-02 |  -6.422451e-03 |  -6.422451e-03 |
|   7.700000e-02 |   1.510050e-01 |  -2.137204e-02 |     2.096385e-02 |  -6.425653e-03 |  -6.425653e-03 |
|   7.800000e-02 |   1.509843e-01 |  -2.066157e-02 |     2.026706e-02 |  -6.428749e-03 |  -6.428749e-03 |
+----------------+----------------+----------------+------------------+----------------+----------------+
+----------------+--------------------+--------------------+----------------+----------------+----------------+
| time           | solid_fraction_max | solid_fraction_min | stability_max  | stability_min  | top_reaction   |
+----------------+--------------------+--------------------+----------------+----------------+----------------+
:                :                    :                    :                :                :                :
|   6.400000e-02 |       6.112663e-01 |       6.104201e-01 |   2.801981e+01 |   2.800045e+01 |  -1.400000e+00 |
|   6.500000e-02 |       6.112757e-01 |       6.104575e-01 |   2.801915e+01 |   2.800044e+01 |  -1.400000e+00 |
|   6.600000e-02 |       6.112848e-01 |       6.104937e-01 |   2.801852e+01 |   2.800042e+01 |  -1.400000e+00 |
|   6.700000e-02 |       6.112935e-01 |       6.105286e-01 |   2.801791e+01 |   2.800041e+01 |  -1.400000e+00 |
|   6.800000e-02 |       6.113020e-01 |       6.105625e-01 |   2.801731e+01 |   2.800040e+01 |  -1.400000e+00 |
|   6.900000e-02 |       6.113102e-01 |       6.105952e-01 |   2.801674e+01 |   2.800038e+01 |  -1.400000e+00 |
|   7.000000e-02 |       6.113181e-01 |       6.106268e-01 |   2.801618e+01 |   2.800037e+01 |  -1.400000e+00 |
|   7.100000e-02 |       6.113258e-01 |       6.106574e-01 |   2.801565e+01 |   2.800036e+01 |  -1.400000e+00 |
|   7.200000e-02 |       6.113332e-01 |       6.106870e-01 |   2.801513e+01 |   2.800035e+01 |  -1.400000e+00 |
|   7.300000e-02 |       6.113403e-01 |       6.107156e-01 |   2.801462e+01 |   2.800034e+01 |  -1.400000e+00 |
|   7.400000e-02 |       6.113473e-01 |       6.107433e-01 |   2.801414e+01 |   2.800032e+01 |  -1.400000e+00 |
|   7.500000e-02 |       6.113540e-01 |       6.107700e-01 |   2.801367e+01 |   2.800031e+01 |  -1.400000e+00 |
|   7.600000e-02 |       6.113604e-01 |       6.107959e-01 |   2.801322e+01 |   2.800030e+01 |  -1.400000e+00 |
|   7.700000e-02 |       6.113667e-01 |       6.108209e-01 |   2.801278e+01 |   2.800029e+01 |  -1.400000e+00 |
|   7.800000e-02 |       6.113727e-01 |       6.108451e-01 |   2.801235e+01 |   2.800028e+01 |  -1.400000e+00 |
+----------------+--------------------+--------------------+----------------+----------------+----------------+


Time Step 79, time = 0.079, dt = 0.001
 * Nonlinear |R| = [32m2.566006e-03[39m (Before preset BCs, predictors, correctors, and constraints)
 0 Nonlinear |R| = [32m2.566006e-03[39m
      0 Linear |R| = [32m2.566006e-03[39m
      1 Linear |R| = [32m9.371014e-04[39m
      2 Linear |R| = [32m8.280865e-04[39m
      3 Linear |R| = [32m1.454638e-05[39m
      4 Linear |R| = [32m4.430786e-06[39m
      5 Linear |R| = [32m3.444409e-06[39m
      6 Linear |R| = [32m3.886719e-07[39m
      7 Linear |R| = [32m5.214769e-08[39m
      8 Linear |R| = [32m1.712643e-08[39m
      9 Linear |R| = [32m4.624927e-09[39m
     10 Linear |R| = [32m2.246526e-09[39m
     11 Linear |R| = [32m4.640632e-10[39m
     12 Linear |R| = [32m3.553694e-10[39m
     13 Linear |R| = [32m3.230443e-11[39m
     14 Linear |R| = [32m3.823387e-12[39m
     15 Linear |R| = [32m7.353545e-13[39m
 1 Nonlinear |R| = [32m1.689073e-07[39m
      0 Linear |R| = [32m1.689073e-07[39m
      1 Linear |R| = [32m3.128463e-08[39m
      2 Linear |R| = [32m2.877465e-09[39m
      3 Linear |R| = [32m5.426208e-10[39m
      4 Linear |R| = [32m1.750105e-10[39m
      5 Linear |R| = [32m1.649208e-10[39m
      6 Linear |R| = [32m4.351725e-11[39m
      7 Linear |R| = [32m5.601838e-12[39m
      8 Linear |R| = [32m7.023906e-13[39m
      9 Linear |R| = [32m5.050729e-13[39m
     10 Linear |R| = [32m2.358309e-13[39m
     11 Linear |R| = [32m2.982708e-14[39m
     12 Linear |R| = [32m7.376318e-15[39m
     13 Linear |R| = [32m3.029501e-15[39m
     14 Linear |R| = [32m4.176174e-16[39m
     15 Linear |R| = [32m3.080301e-17[39m
 2 Nonlinear |R| = [32m7.132615e-13[39m
[32m Solve Converged![39m

Outlier Variable Residual Norms:
  uy: [33m6.217209e-13[39m

Postprocessor Values:
+----------------+----------------+----------------+----------------+----------------+----------------+----------------+
| time           | J_max          | J_min          | Jbar_max       | Jbar_min       | center_pressure| edge_ux        |
+----------------+----------------+----------------+----------------+----------------+----------------+----------------+
:                :                :                :                :                :                :                :
|   6.500000e-02 |   9.696755e-01 |   9.685606e-01 |   9.867626e-01 |   9.865761e-01 |   3.335204e-02 |   2.400682e-03 |
|   6.600000e-02 |   9.696146e-01 |   9.685369e-01 |   9.867531e-01 |   9.865727e-01 |   3.224680e-02 |   2.351085e-03 |
|   6.700000e-02 |   9.695558e-01 |   9.685139e-01 |   9.867438e-01 |   9.865693e-01 |   3.117796e-02 |   2.303131e-03 |
|   6.800000e-02 |   9.694990e-01 |   9.684917e-01 |   9.867349e-01 |   9.865662e-01 |   3.014435e-02 |   2.256765e-03 |
|   6.900000e-02 |   9.694440e-01 |   9.684702e-01 |   9.867262e-01 |   9.865631e-01 |   2.914481e-02 |   2.211935e-03 |
|   7.000000e-02 |   9.693908e-01 |   9.684495e-01 |   9.867178e-01 |   9.865601e-01 |   2.817824e-02 |   2.168591e-03 |
|   7.100000e-02 |   9.693394e-01 |   9.684294e-01 |   9.867098e-01 |   9.865572e-01 |   2.724356e-02 |   2.126684e-03 |
|   7.200000e-02 |   9.692897e-01 |   9.684100e-01 |   9.867019e-01 |   9.865544e-01 |   2.633972e-02 |   2.086166e-03 |
|   7.300000e-02 |   9.692417e-01 |   9.683912e-01 |   9.866944e-01 |   9.865517e-01 |   2.546573e-02 |   2.046991e-03 |
|   7.400000e-02 |   9.691952e-01 |   9.683731e-01 |   9.866871e-01 |   9.865491e-01 |   2.462060e-02 |   2.009116e-03 |
|   7.500000e-02 |   9.691503e-01 |   9.683555e-01 |   9.866800e-01 |   9.865466e-01 |   2.380339e-02 |   1.972496e-03 |
|   7.600000e-02 |   9.691069e-01 |   9.683386e-01 |   9.866732e-01 |   9.865442e-01 |   2.301318e-02 |   1.937092e-03 |
|   7.700000e-02 |   9.690650e-01 |   9.683222e-01 |   9.866666e-01 |   9.865419e-01 |   2.224910e-02 |   1.902863e-03 |
|   7.800000e-02 |   9.690244e-01 |   9.683063e-01 |   9.866602e-01 |   9.865396e-01 |   2.151028e-02 |   1.869769e-03 |
|   7.900000e-02 |   9.689852e-01 |   9.682910e-01 |   9.866540e-01 |   9.865374e-01 |   2.079590e-02 |   1.837775e-03 |
+----------------+----------------+----------------+----------------+----------------+----------------+----------------+
+----------------+----------------+----------------+------------------+----------------+----------------+
| time           | mass           | mass_reaction  | outflow_gradient | platen_max     | platen_min     |
+----------------+----------------+----------------+------------------+----------------+----------------+
:                :                :                :                  :                :                :
|   6.500000e-02 |   1.513159e-01 |  -3.205552e-02 |     3.144068e-02 |  -6.379089e-03 |  -6.379089e-03 |
|   6.600000e-02 |   1.512849e-01 |  -3.099148e-02 |     3.039731e-02 |  -6.383728e-03 |  -6.383728e-03 |
|   6.700000e-02 |   1.512550e-01 |  -2.996262e-02 |     2.938840e-02 |  -6.388213e-03 |  -6.388213e-03 |
|   6.800000e-02 |   1.512260e-01 |  -2.896776e-02 |     2.841283e-02 |  -6.392550e-03 |  -6.392550e-03 |
|   6.900000e-02 |   1.511980e-01 |  -2.800581e-02 |     2.746951e-02 |  -6.396743e-03 |  -6.396743e-03 |
|   7.000000e-02 |   1.511709e-01 |  -2.707567e-02 |     2.655738e-02 |  -6.400797e-03 |  -6.400797e-03 |
|   7.100000e-02 |   1.511447e-01 |  -2.617631e-02 |     2.567541e-02 |  -6.404717e-03 |  -6.404717e-03 |
|   7.200000e-02 |   1.511194e-01 |  -2.530671e-02 |     2.482262e-02 |  -6.408507e-03 |  -6.408507e-03 |
|   7.300000e-02 |   1.510950e-01 |  -2.446590e-02 |     2.399805e-02 |  -6.412172e-03 |  -6.412172e-03 |
|   7.400000e-02 |   1.510713e-01 |  -2.365293e-02 |     2.320077e-02 |  -6.415714e-03 |  -6.415714e-03 |
|   7.500000e-02 |   1.510484e-01 |  -2.286688e-02 |     2.242988e-02 |  -6.419140e-03 |  -6.419140e-03 |
|   7.600000e-02 |   1.510263e-01 |  -2.210687e-02 |     2.168452e-02 |  -6.422451e-03 |  -6.422451e-03 |
|   7.700000e-02 |   1.510050e-01 |  -2.137204e-02 |     2.096385e-02 |  -6.425653e-03 |  -6.425653e-03 |
|   7.800000e-02 |   1.509843e-01 |  -2.066157e-02 |     2.026706e-02 |  -6.428749e-03 |  -6.428749e-03 |
|   7.900000e-02 |   1.509643e-01 |  -1.997464e-02 |     1.959336e-02 |  -6.431742e-03 |  -6.431742e-03 |
+----------------+----------------+----------------+------------------+----------------+----------------+
+----------------+--------------------+--------------------+----------------+----------------+----------------+
| time           | solid_fraction_max | solid_fraction_min | stability_max  | stability_min  | top_reaction   |
+----------------+--------------------+--------------------+----------------+----------------+----------------+
:                :                    :                    :                :                :                :
|   6.500000e-02 |       6.112757e-01 |       6.104575e-01 |   2.801915e+01 |   2.800044e+01 |  -1.400000e+00 |
|   6.600000e-02 |       6.112848e-01 |       6.104937e-01 |   2.801852e+01 |   2.800042e+01 |  -1.400000e+00 |
|   6.700000e-02 |       6.112935e-01 |       6.105286e-01 |   2.801791e+01 |   2.800041e+01 |  -1.400000e+00 |
|   6.800000e-02 |       6.113020e-01 |       6.105625e-01 |   2.801731e+01 |   2.800040e+01 |  -1.400000e+00 |
|   6.900000e-02 |       6.113102e-01 |       6.105952e-01 |   2.801674e+01 |   2.800038e+01 |  -1.400000e+00 |
|   7.000000e-02 |       6.113181e-01 |       6.106268e-01 |   2.801618e+01 |   2.800037e+01 |  -1.400000e+00 |
|   7.100000e-02 |       6.113258e-01 |       6.106574e-01 |   2.801565e+01 |   2.800036e+01 |  -1.400000e+00 |
|   7.200000e-02 |       6.113332e-01 |       6.106870e-01 |   2.801513e+01 |   2.800035e+01 |  -1.400000e+00 |
|   7.300000e-02 |       6.113403e-01 |       6.107156e-01 |   2.801462e+01 |   2.800034e+01 |  -1.400000e+00 |
|   7.400000e-02 |       6.113473e-01 |       6.107433e-01 |   2.801414e+01 |   2.800032e+01 |  -1.400000e+00 |
|   7.500000e-02 |       6.113540e-01 |       6.107700e-01 |   2.801367e+01 |   2.800031e+01 |  -1.400000e+00 |
|   7.600000e-02 |       6.113604e-01 |       6.107959e-01 |   2.801322e+01 |   2.800030e+01 |  -1.400000e+00 |
|   7.700000e-02 |       6.113667e-01 |       6.108209e-01 |   2.801278e+01 |   2.800029e+01 |  -1.400000e+00 |
|   7.800000e-02 |       6.113727e-01 |       6.108451e-01 |   2.801235e+01 |   2.800028e+01 |  -1.400000e+00 |
|   7.900000e-02 |       6.113786e-01 |       6.108684e-01 |   2.801194e+01 |   2.800027e+01 |  -1.400000e+00 |
+----------------+--------------------+--------------------+----------------+----------------+----------------+


Time Step 80, time = 0.08, dt = 0.001
 * Nonlinear |R| = [32m2.480677e-03[39m (Before preset BCs, predictors, correctors, and constraints)
 0 Nonlinear |R| = [32m2.480677e-03[39m
      0 Linear |R| = [32m2.480677e-03[39m
      1 Linear |R| = [32m9.060145e-04[39m
      2 Linear |R| = [32m8.006328e-04[39m
      3 Linear |R| = [32m1.406338e-05[39m
      4 Linear |R| = [32m4.283405e-06[39m
      5 Linear |R| = [32m3.282650e-06[39m
      6 Linear |R| = [32m3.757647e-07[39m
      7 Linear |R| = [32m5.041542e-08[39m
      8 Linear |R| = [32m1.338786e-08[39m
      9 Linear |R| = [32m4.470733e-09[39m
     10 Linear |R| = [32m2.170209e-09[39m
     11 Linear |R| = [32m4.482397e-10[39m
     12 Linear |R| = [32m2.280647e-10[39m
     13 Linear |R| = [32m3.123179e-11[39m
     14 Linear |R| = [32m3.695809e-12[39m
     15 Linear |R| = [32m4.022036e-13[39m
 1 Nonlinear |R| = [32m1.575055e-07[39m
      0 Linear |R| = [32m1.575055e-07[39m
      1 Linear |R| = [32m2.941607e-08[39m
      2 Linear |R| = [32m2.767622e-09[39m
      3 Linear |R| = [32m5.070776e-10[39m
      4 Linear |R| = [32m1.676421e-10[39m
      5 Linear |R| = [32m1.563895e-10[39m
      6 Linear |R| = [32m4.634681e-11[39m
      7 Linear |R| = [32m5.774654e-12[39m
      8 Linear |R| = [32m1.155613e-12[39m
      9 Linear |R| = [33m1.155585e-12[39m
     10 Linear |R| = [32m4.175494e-13[39m
     11 Linear |R| = [32m2.802643e-14[39m
     12 Linear |R| = [32m5.124751e-15[39m
     13 Linear |R| = [32m2.792245e-15[39m
     14 Linear |R| = [32m2.280589e-16[39m
     15 Linear |R| = [32m3.377986e-17[39m
 2 Nonlinear |R| = [32m5.774719e-13[39m
[32m Solve Converged![39m

Outlier Variable Residual Norms:
  uy: [33m5.076439e-13[39m

Postprocessor Values:
+----------------+----------------+----------------+----------------+----------------+----------------+----------------+
| time           | J_max          | J_min          | Jbar_max       | Jbar_min       | center_pressure| edge_ux        |
+----------------+----------------+----------------+----------------+----------------+----------------+----------------+
:                :                :                :                :                :                :                :
|   6.600000e-02 |   9.696146e-01 |   9.685369e-01 |   9.867531e-01 |   9.865727e-01 |   3.224680e-02 |   2.351085e-03 |
|   6.700000e-02 |   9.695558e-01 |   9.685139e-01 |   9.867438e-01 |   9.865693e-01 |   3.117796e-02 |   2.303131e-03 |
|   6.800000e-02 |   9.694990e-01 |   9.684917e-01 |   9.867349e-01 |   9.865662e-01 |   3.014435e-02 |   2.256765e-03 |
|   6.900000e-02 |   9.694440e-01 |   9.684702e-01 |   9.867262e-01 |   9.865631e-01 |   2.914481e-02 |   2.211935e-03 |
|   7.000000e-02 |   9.693908e-01 |   9.684495e-01 |   9.867178e-01 |   9.865601e-01 |   2.817824e-02 |   2.168591e-03 |
|   7.100000e-02 |   9.693394e-01 |   9.684294e-01 |   9.867098e-01 |   9.865572e-01 |   2.724356e-02 |   2.126684e-03 |
|   7.200000e-02 |   9.692897e-01 |   9.684100e-01 |   9.867019e-01 |   9.865544e-01 |   2.633972e-02 |   2.086166e-03 |
|   7.300000e-02 |   9.692417e-01 |   9.683912e-01 |   9.866944e-01 |   9.865517e-01 |   2.546573e-02 |   2.046991e-03 |
|   7.400000e-02 |   9.691952e-01 |   9.683731e-01 |   9.866871e-01 |   9.865491e-01 |   2.462060e-02 |   2.009116e-03 |
|   7.500000e-02 |   9.691503e-01 |   9.683555e-01 |   9.866800e-01 |   9.865466e-01 |   2.380339e-02 |   1.972496e-03 |
|   7.600000e-02 |   9.691069e-01 |   9.683386e-01 |   9.866732e-01 |   9.865442e-01 |   2.301318e-02 |   1.937092e-03 |
|   7.700000e-02 |   9.690650e-01 |   9.683222e-01 |   9.866666e-01 |   9.865419e-01 |   2.224910e-02 |   1.902863e-03 |
|   7.800000e-02 |   9.690244e-01 |   9.683063e-01 |   9.866602e-01 |   9.865396e-01 |   2.151028e-02 |   1.869769e-03 |
|   7.900000e-02 |   9.689852e-01 |   9.682910e-01 |   9.866540e-01 |   9.865374e-01 |   2.079590e-02 |   1.837775e-03 |
|   8.000000e-02 |   9.689472e-01 |   9.682762e-01 |   9.866480e-01 |   9.865353e-01 |   2.010515e-02 |   1.806842e-03 |
+----------------+----------------+----------------+----------------+----------------+----------------+----------------+
+----------------+----------------+----------------+------------------+----------------+----------------+
| time           | mass           | mass_reaction  | outflow_gradient | platen_max     | platen_min     |
+----------------+----------------+----------------+------------------+----------------+----------------+
:                :                :                :                  :                :                :
|   6.600000e-02 |   1.512849e-01 |  -3.099148e-02 |     3.039731e-02 |  -6.383728e-03 |  -6.383728e-03 |
|   6.700000e-02 |   1.512550e-01 |  -2.996262e-02 |     2.938840e-02 |  -6.388213e-03 |  -6.388213e-03 |
|   6.800000e-02 |   1.512260e-01 |  -2.896776e-02 |     2.841283e-02 |  -6.392550e-03 |  -6.392550e-03 |
|   6.900000e-02 |   1.511980e-01 |  -2.800581e-02 |     2.746951e-02 |  -6.396743e-03 |  -6.396743e-03 |
|   7.000000e-02 |   1.511709e-01 |  -2.707567e-02 |     2.655738e-02 |  -6.400797e-03 |  -6.400797e-03 |
|   7.100000e-02 |   1.511447e-01 |  -2.617631e-02 |     2.567541e-02 |  -6.404717e-03 |  -6.404717e-03 |
|   7.200000e-02 |   1.511194e-01 |  -2.530671e-02 |     2.482262e-02 |  -6.408507e-03 |  -6.408507e-03 |
|   7.300000e-02 |   1.510950e-01 |  -2.446590e-02 |     2.399805e-02 |  -6.412172e-03 |  -6.412172e-03 |
|   7.400000e-02 |   1.510713e-01 |  -2.365293e-02 |     2.320077e-02 |  -6.415714e-03 |  -6.415714e-03 |
|   7.500000e-02 |   1.510484e-01 |  -2.286688e-02 |     2.242988e-02 |  -6.419140e-03 |  -6.419140e-03 |
|   7.600000e-02 |   1.510263e-01 |  -2.210687e-02 |     2.168452e-02 |  -6.422451e-03 |  -6.422451e-03 |
|   7.700000e-02 |   1.510050e-01 |  -2.137204e-02 |     2.096385e-02 |  -6.425653e-03 |  -6.425653e-03 |
|   7.800000e-02 |   1.509843e-01 |  -2.066157e-02 |     2.026706e-02 |  -6.428749e-03 |  -6.428749e-03 |
|   7.900000e-02 |   1.509643e-01 |  -1.997464e-02 |     1.959336e-02 |  -6.431742e-03 |  -6.431742e-03 |
|   8.000000e-02 |   1.509450e-01 |  -1.931049e-02 |     1.894198e-02 |  -6.434635e-03 |  -6.434635e-03 |
+----------------+----------------+----------------+------------------+----------------+----------------+
+----------------+--------------------+--------------------+----------------+----------------+----------------+
| time           | solid_fraction_max | solid_fraction_min | stability_max  | stability_min  | top_reaction   |
+----------------+--------------------+--------------------+----------------+----------------+----------------+
:                :                    :                    :                :                :                :
|   6.600000e-02 |       6.112848e-01 |       6.104937e-01 |   2.801852e+01 |   2.800042e+01 |  -1.400000e+00 |
|   6.700000e-02 |       6.112935e-01 |       6.105286e-01 |   2.801791e+01 |   2.800041e+01 |  -1.400000e+00 |
|   6.800000e-02 |       6.113020e-01 |       6.105625e-01 |   2.801731e+01 |   2.800040e+01 |  -1.400000e+00 |
|   6.900000e-02 |       6.113102e-01 |       6.105952e-01 |   2.801674e+01 |   2.800038e+01 |  -1.400000e+00 |
|   7.000000e-02 |       6.113181e-01 |       6.106268e-01 |   2.801618e+01 |   2.800037e+01 |  -1.400000e+00 |
|   7.100000e-02 |       6.113258e-01 |       6.106574e-01 |   2.801565e+01 |   2.800036e+01 |  -1.400000e+00 |
|   7.200000e-02 |       6.113332e-01 |       6.106870e-01 |   2.801513e+01 |   2.800035e+01 |  -1.400000e+00 |
|   7.300000e-02 |       6.113403e-01 |       6.107156e-01 |   2.801462e+01 |   2.800034e+01 |  -1.400000e+00 |
|   7.400000e-02 |       6.113473e-01 |       6.107433e-01 |   2.801414e+01 |   2.800032e+01 |  -1.400000e+00 |
|   7.500000e-02 |       6.113540e-01 |       6.107700e-01 |   2.801367e+01 |   2.800031e+01 |  -1.400000e+00 |
|   7.600000e-02 |       6.113604e-01 |       6.107959e-01 |   2.801322e+01 |   2.800030e+01 |  -1.400000e+00 |
|   7.700000e-02 |       6.113667e-01 |       6.108209e-01 |   2.801278e+01 |   2.800029e+01 |  -1.400000e+00 |
|   7.800000e-02 |       6.113727e-01 |       6.108451e-01 |   2.801235e+01 |   2.800028e+01 |  -1.400000e+00 |
|   7.900000e-02 |       6.113786e-01 |       6.108684e-01 |   2.801194e+01 |   2.800027e+01 |  -1.400000e+00 |
|   8.000000e-02 |       6.113843e-01 |       6.108910e-01 |   2.801155e+01 |   2.800026e+01 |  -1.400000e+00 |
+----------------+--------------------+--------------------+----------------+----------------+----------------+


Time Step 81, time = 0.081, dt = 0.001
 * Nonlinear |R| = [32m2.398178e-03[39m (Before preset BCs, predictors, correctors, and constraints)
 0 Nonlinear |R| = [32m2.398178e-03[39m
      0 Linear |R| = [32m2.398178e-03[39m
      1 Linear |R| = [32m8.759510e-04[39m
      2 Linear |R| = [32m7.740817e-04[39m
      3 Linear |R| = [32m1.359633e-05[39m
      4 Linear |R| = [32m4.139590e-06[39m
      5 Linear |R| = [32m2.986166e-06[39m
      6 Linear |R| = [32m3.632962e-07[39m
      7 Linear |R| = [32m4.873998e-08[39m
      8 Linear |R| = [32m1.220771e-08[39m
      9 Linear |R| = [32m4.322263e-09[39m
     10 Linear |R| = [32m2.098425e-09[39m
     11 Linear |R| = [32m4.334597e-10[39m
     12 Linear |R| = [32m2.609987e-10[39m
     13 Linear |R| = [32m3.019468e-11[39m
     14 Linear |R| = [32m3.572744e-12[39m
     15 Linear |R| = [32m3.900455e-13[39m
 1 Nonlinear |R| = [32m1.484672e-07[39m
      0 Linear |R| = [32m1.484672e-07[39m
      1 Linear |R| = [32m2.805049e-08[39m
      2 Linear |R| = [32m2.933415e-09[39m
      3 Linear |R| = [32m4.867182e-10[39m
      4 Linear |R| = [32m1.559722e-10[39m
      5 Linear |R| = [32m1.465050e-10[39m
      6 Linear |R| = [32m3.633700e-11[39m
      7 Linear |R| = [32m4.677554e-12[39m
      8 Linear |R| = [32m5.304768e-13[39m
      9 Linear |R| = [32m4.243033e-13[39m
     10 Linear |R| = [32m2.525757e-13[39m
     11 Linear |R| = [32m2.225554e-14[39m
     12 Linear |R| = [32m6.222990e-15[39m
     13 Linear |R| = [32m2.310336e-15[39m
     14 Linear |R| = [32m2.730964e-16[39m
     15 Linear |R| = [32m2.532271e-17[39m
 2 Nonlinear |R| = [32m6.037371e-13[39m
[32m Solve Converged![39m

Outlier Variable Residual Norms:
  uy: [33m5.196500e-13[39m

Postprocessor Values:
+----------------+----------------+----------------+----------------+----------------+----------------+----------------+
| time           | J_max          | J_min          | Jbar_max       | Jbar_min       | center_pressure| edge_ux        |
+----------------+----------------+----------------+----------------+----------------+----------------+----------------+
:                :                :                :                :                :                :                :
|   6.700000e-02 |   9.695558e-01 |   9.685139e-01 |   9.867438e-01 |   9.865693e-01 |   3.117796e-02 |   2.303131e-03 |
|   6.800000e-02 |   9.694990e-01 |   9.684917e-01 |   9.867349e-01 |   9.865662e-01 |   3.014435e-02 |   2.256765e-03 |
|   6.900000e-02 |   9.694440e-01 |   9.684702e-01 |   9.867262e-01 |   9.865631e-01 |   2.914481e-02 |   2.211935e-03 |
|   7.000000e-02 |   9.693908e-01 |   9.684495e-01 |   9.867178e-01 |   9.865601e-01 |   2.817824e-02 |   2.168591e-03 |
|   7.100000e-02 |   9.693394e-01 |   9.684294e-01 |   9.867098e-01 |   9.865572e-01 |   2.724356e-02 |   2.126684e-03 |
|   7.200000e-02 |   9.692897e-01 |   9.684100e-01 |   9.867019e-01 |   9.865544e-01 |   2.633972e-02 |   2.086166e-03 |
|   7.300000e-02 |   9.692417e-01 |   9.683912e-01 |   9.866944e-01 |   9.865517e-01 |   2.546573e-02 |   2.046991e-03 |
|   7.400000e-02 |   9.691952e-01 |   9.683731e-01 |   9.866871e-01 |   9.865491e-01 |   2.462060e-02 |   2.009116e-03 |
|   7.500000e-02 |   9.691503e-01 |   9.683555e-01 |   9.866800e-01 |   9.865466e-01 |   2.380339e-02 |   1.972496e-03 |
|   7.600000e-02 |   9.691069e-01 |   9.683386e-01 |   9.866732e-01 |   9.865442e-01 |   2.301318e-02 |   1.937092e-03 |
|   7.700000e-02 |   9.690650e-01 |   9.683222e-01 |   9.866666e-01 |   9.865419e-01 |   2.224910e-02 |   1.902863e-03 |
|   7.800000e-02 |   9.690244e-01 |   9.683063e-01 |   9.866602e-01 |   9.865396e-01 |   2.151028e-02 |   1.869769e-03 |
|   7.900000e-02 |   9.689852e-01 |   9.682910e-01 |   9.866540e-01 |   9.865374e-01 |   2.079590e-02 |   1.837775e-03 |
|   8.000000e-02 |   9.689472e-01 |   9.682762e-01 |   9.866480e-01 |   9.865353e-01 |   2.010515e-02 |   1.806842e-03 |
|   8.100000e-02 |   9.689106e-01 |   9.682619e-01 |   9.866423e-01 |   9.865333e-01 |   1.943726e-02 |   1.776936e-03 |
+----------------+----------------+----------------+----------------+----------------+----------------+----------------+
+----------------+----------------+----------------+------------------+----------------+----------------+
| time           | mass           | mass_reaction  | outflow_gradient | platen_max     | platen_min     |
+----------------+----------------+----------------+------------------+----------------+----------------+
:                :                :                :                  :                :                :
|   6.700000e-02 |   1.512550e-01 |  -2.996262e-02 |     2.938840e-02 |  -6.388213e-03 |  -6.388213e-03 |
|   6.800000e-02 |   1.512260e-01 |  -2.896776e-02 |     2.841283e-02 |  -6.392550e-03 |  -6.392550e-03 |
|   6.900000e-02 |   1.511980e-01 |  -2.800581e-02 |     2.746951e-02 |  -6.396743e-03 |  -6.396743e-03 |
|   7.000000e-02 |   1.511709e-01 |  -2.707567e-02 |     2.655738e-02 |  -6.400797e-03 |  -6.400797e-03 |
|   7.100000e-02 |   1.511447e-01 |  -2.617631e-02 |     2.567541e-02 |  -6.404717e-03 |  -6.404717e-03 |
|   7.200000e-02 |   1.511194e-01 |  -2.530671e-02 |     2.482262e-02 |  -6.408507e-03 |  -6.408507e-03 |
|   7.300000e-02 |   1.510950e-01 |  -2.446590e-02 |     2.399805e-02 |  -6.412172e-03 |  -6.412172e-03 |
|   7.400000e-02 |   1.510713e-01 |  -2.365293e-02 |     2.320077e-02 |  -6.415714e-03 |  -6.415714e-03 |
|   7.500000e-02 |   1.510484e-01 |  -2.286688e-02 |     2.242988e-02 |  -6.419140e-03 |  -6.419140e-03 |
|   7.600000e-02 |   1.510263e-01 |  -2.210687e-02 |     2.168452e-02 |  -6.422451e-03 |  -6.422451e-03 |
|   7.700000e-02 |   1.510050e-01 |  -2.137204e-02 |     2.096385e-02 |  -6.425653e-03 |  -6.425653e-03 |
|   7.800000e-02 |   1.509843e-01 |  -2.066157e-02 |     2.026706e-02 |  -6.428749e-03 |  -6.428749e-03 |
|   7.900000e-02 |   1.509643e-01 |  -1.997464e-02 |     1.959336e-02 |  -6.431742e-03 |  -6.431742e-03 |
|   8.000000e-02 |   1.509450e-01 |  -1.931049e-02 |     1.894198e-02 |  -6.434635e-03 |  -6.434635e-03 |
|   8.100000e-02 |   1.509263e-01 |  -1.866836e-02 |     1.831220e-02 |  -6.437433e-03 |  -6.437433e-03 |
+----------------+----------------+----------------+------------------+----------------+----------------+
+----------------+--------------------+--------------------+----------------+----------------+----------------+
| time           | solid_fraction_max | solid_fraction_min | stability_max  | stability_min  | top_reaction   |
+----------------+--------------------+--------------------+----------------+----------------+----------------+
:                :                    :                    :                :                :                :
|   6.700000e-02 |       6.112935e-01 |       6.105286e-01 |   2.801791e+01 |   2.800041e+01 |  -1.400000e+00 |
|   6.800000e-02 |       6.113020e-01 |       6.105625e-01 |   2.801731e+01 |   2.800040e+01 |  -1.400000e+00 |
|   6.900000e-02 |       6.113102e-01 |       6.105952e-01 |   2.801674e+01 |   2.800038e+01 |  -1.400000e+00 |
|   7.000000e-02 |       6.113181e-01 |       6.106268e-01 |   2.801618e+01 |   2.800037e+01 |  -1.400000e+00 |
|   7.100000e-02 |       6.113258e-01 |       6.106574e-01 |   2.801565e+01 |   2.800036e+01 |  -1.400000e+00 |
|   7.200000e-02 |       6.113332e-01 |       6.106870e-01 |   2.801513e+01 |   2.800035e+01 |  -1.400000e+00 |
|   7.300000e-02 |       6.113403e-01 |       6.107156e-01 |   2.801462e+01 |   2.800034e+01 |  -1.400000e+00 |
|   7.400000e-02 |       6.113473e-01 |       6.107433e-01 |   2.801414e+01 |   2.800032e+01 |  -1.400000e+00 |
|   7.500000e-02 |       6.113540e-01 |       6.107700e-01 |   2.801367e+01 |   2.800031e+01 |  -1.400000e+00 |
|   7.600000e-02 |       6.113604e-01 |       6.107959e-01 |   2.801322e+01 |   2.800030e+01 |  -1.400000e+00 |
|   7.700000e-02 |       6.113667e-01 |       6.108209e-01 |   2.801278e+01 |   2.800029e+01 |  -1.400000e+00 |
|   7.800000e-02 |       6.113727e-01 |       6.108451e-01 |   2.801235e+01 |   2.800028e+01 |  -1.400000e+00 |
|   7.900000e-02 |       6.113786e-01 |       6.108684e-01 |   2.801194e+01 |   2.800027e+01 |  -1.400000e+00 |
|   8.000000e-02 |       6.113843e-01 |       6.108910e-01 |   2.801155e+01 |   2.800026e+01 |  -1.400000e+00 |
|   8.100000e-02 |       6.113897e-01 |       6.109129e-01 |   2.801116e+01 |   2.800026e+01 |  -1.400000e+00 |
+----------------+--------------------+--------------------+----------------+----------------+----------------+


Time Step 82, time = 0.082, dt = 0.001
 * Nonlinear |R| = [32m2.318416e-03[39m (Before preset BCs, predictors, correctors, and constraints)
 0 Nonlinear |R| = [32m2.318416e-03[39m
      0 Linear |R| = [32m2.318416e-03[39m
      1 Linear |R| = [32m8.468806e-04[39m
      2 Linear |R| = [32m7.484058e-04[39m
      3 Linear |R| = [32m1.314481e-05[39m
      4 Linear |R| = [32m4.001883e-06[39m
      5 Linear |R| = [32m2.833561e-06[39m
      6 Linear |R| = [32m3.512310e-07[39m
      7 Linear |R| = [32m4.712113e-08[39m
      8 Linear |R| = [32m9.222856e-09[39m
      9 Linear |R| = [32m4.178498e-09[39m
     10 Linear |R| = [32m2.028738e-09[39m
     11 Linear |R| = [32m4.189378e-10[39m
     12 Linear |R| = [32m1.759983e-10[39m
     13 Linear |R| = [32m2.919180e-11[39m
     14 Linear |R| = [32m3.454030e-12[39m
     15 Linear |R| = [32m2.966912e-13[39m
 1 Nonlinear |R| = [32m1.363932e-07[39m
      0 Linear |R| = [32m1.363932e-07[39m
      1 Linear |R| = [32m2.607924e-08[39m
      2 Linear |R| = [32m2.440422e-09[39m
      3 Linear |R| = [32m4.504061e-10[39m
      4 Linear |R| = [32m1.455314e-10[39m
      5 Linear |R| = [32m1.347505e-10[39m
      6 Linear |R| = [32m3.590270e-11[39m
      7 Linear |R| = [32m4.412462e-12[39m
      8 Linear |R| = [32m4.514916e-13[39m
      9 Linear |R| = [32m3.891015e-13[39m
     10 Linear |R| = [32m2.326562e-13[39m
     11 Linear |R| = [32m2.237269e-14[39m
     12 Linear |R| = [32m4.171729e-15[39m
     13 Linear |R| = [32m3.048841e-15[39m
     14 Linear |R| = [32m2.541497e-16[39m
     15 Linear |R| = [32m2.742867e-17[39m
 2 Nonlinear |R| = [32m4.945140e-13[39m
[32m Solve Converged![39m

Postprocessor Values:
+----------------+----------------+----------------+----------------+----------------+----------------+----------------+
| time           | J_max          | J_min          | Jbar_max       | Jbar_min       | center_pressure| edge_ux        |
+----------------+----------------+----------------+----------------+----------------+----------------+----------------+
:                :                :                :                :                :                :                :
|   6.800000e-02 |   9.694990e-01 |   9.684917e-01 |   9.867349e-01 |   9.865662e-01 |   3.014435e-02 |   2.256765e-03 |
|   6.900000e-02 |   9.694440e-01 |   9.684702e-01 |   9.867262e-01 |   9.865631e-01 |   2.914481e-02 |   2.211935e-03 |
|   7.000000e-02 |   9.693908e-01 |   9.684495e-01 |   9.867178e-01 |   9.865601e-01 |   2.817824e-02 |   2.168591e-03 |
|   7.100000e-02 |   9.693394e-01 |   9.684294e-01 |   9.867098e-01 |   9.865572e-01 |   2.724356e-02 |   2.126684e-03 |
|   7.200000e-02 |   9.692897e-01 |   9.684100e-01 |   9.867019e-01 |   9.865544e-01 |   2.633972e-02 |   2.086166e-03 |
|   7.300000e-02 |   9.692417e-01 |   9.683912e-01 |   9.866944e-01 |   9.865517e-01 |   2.546573e-02 |   2.046991e-03 |
|   7.400000e-02 |   9.691952e-01 |   9.683731e-01 |   9.866871e-01 |   9.865491e-01 |   2.462060e-02 |   2.009116e-03 |
|   7.500000e-02 |   9.691503e-01 |   9.683555e-01 |   9.866800e-01 |   9.865466e-01 |   2.380339e-02 |   1.972496e-03 |
|   7.600000e-02 |   9.691069e-01 |   9.683386e-01 |   9.866732e-01 |   9.865442e-01 |   2.301318e-02 |   1.937092e-03 |
|   7.700000e-02 |   9.690650e-01 |   9.683222e-01 |   9.866666e-01 |   9.865419e-01 |   2.224910e-02 |   1.902863e-03 |
|   7.800000e-02 |   9.690244e-01 |   9.683063e-01 |   9.866602e-01 |   9.865396e-01 |   2.151028e-02 |   1.869769e-03 |
|   7.900000e-02 |   9.689852e-01 |   9.682910e-01 |   9.866540e-01 |   9.865374e-01 |   2.079590e-02 |   1.837775e-03 |
|   8.000000e-02 |   9.689472e-01 |   9.682762e-01 |   9.866480e-01 |   9.865353e-01 |   2.010515e-02 |   1.806842e-03 |
|   8.100000e-02 |   9.689106e-01 |   9.682619e-01 |   9.866423e-01 |   9.865333e-01 |   1.943726e-02 |   1.776936e-03 |
|   8.200000e-02 |   9.688751e-01 |   9.682480e-01 |   9.866367e-01 |   9.865313e-01 |   1.879148e-02 |   1.748023e-03 |
+----------------+----------------+----------------+----------------+----------------+----------------+----------------+
+----------------+----------------+----------------+------------------+----------------+----------------+
| time           | mass           | mass_reaction  | outflow_gradient | platen_max     | platen_min     |
+----------------+----------------+----------------+------------------+----------------+----------------+
:                :                :                :                  :                :                :
|   6.800000e-02 |   1.512260e-01 |  -2.896776e-02 |     2.841283e-02 |  -6.392550e-03 |  -6.392550e-03 |
|   6.900000e-02 |   1.511980e-01 |  -2.800581e-02 |     2.746951e-02 |  -6.396743e-03 |  -6.396743e-03 |
|   7.000000e-02 |   1.511709e-01 |  -2.707567e-02 |     2.655738e-02 |  -6.400797e-03 |  -6.400797e-03 |
|   7.100000e-02 |   1.511447e-01 |  -2.617631e-02 |     2.567541e-02 |  -6.404717e-03 |  -6.404717e-03 |
|   7.200000e-02 |   1.511194e-01 |  -2.530671e-02 |     2.482262e-02 |  -6.408507e-03 |  -6.408507e-03 |
|   7.300000e-02 |   1.510950e-01 |  -2.446590e-02 |     2.399805e-02 |  -6.412172e-03 |  -6.412172e-03 |
|   7.400000e-02 |   1.510713e-01 |  -2.365293e-02 |     2.320077e-02 |  -6.415714e-03 |  -6.415714e-03 |
|   7.500000e-02 |   1.510484e-01 |  -2.286688e-02 |     2.242988e-02 |  -6.419140e-03 |  -6.419140e-03 |
|   7.600000e-02 |   1.510263e-01 |  -2.210687e-02 |     2.168452e-02 |  -6.422451e-03 |  -6.422451e-03 |
|   7.700000e-02 |   1.510050e-01 |  -2.137204e-02 |     2.096385e-02 |  -6.425653e-03 |  -6.425653e-03 |
|   7.800000e-02 |   1.509843e-01 |  -2.066157e-02 |     2.026706e-02 |  -6.428749e-03 |  -6.428749e-03 |
|   7.900000e-02 |   1.509643e-01 |  -1.997464e-02 |     1.959336e-02 |  -6.431742e-03 |  -6.431742e-03 |
|   8.000000e-02 |   1.509450e-01 |  -1.931049e-02 |     1.894198e-02 |  -6.434635e-03 |  -6.434635e-03 |
|   8.100000e-02 |   1.509263e-01 |  -1.866836e-02 |     1.831220e-02 |  -6.437433e-03 |  -6.437433e-03 |
|   8.200000e-02 |   1.509083e-01 |  -1.804753e-02 |     1.770330e-02 |  -6.440137e-03 |  -6.440137e-03 |
+----------------+----------------+----------------+------------------+----------------+----------------+
+----------------+--------------------+--------------------+----------------+----------------+----------------+
| time           | solid_fraction_max | solid_fraction_min | stability_max  | stability_min  | top_reaction   |
+----------------+--------------------+--------------------+----------------+----------------+----------------+
:                :                    :                    :                :                :                :
|   6.800000e-02 |       6.113020e-01 |       6.105625e-01 |   2.801731e+01 |   2.800040e+01 |  -1.400000e+00 |
|   6.900000e-02 |       6.113102e-01 |       6.105952e-01 |   2.801674e+01 |   2.800038e+01 |  -1.400000e+00 |
|   7.000000e-02 |       6.113181e-01 |       6.106268e-01 |   2.801618e+01 |   2.800037e+01 |  -1.400000e+00 |
|   7.100000e-02 |       6.113258e-01 |       6.106574e-01 |   2.801565e+01 |   2.800036e+01 |  -1.400000e+00 |
|   7.200000e-02 |       6.113332e-01 |       6.106870e-01 |   2.801513e+01 |   2.800035e+01 |  -1.400000e+00 |
|   7.300000e-02 |       6.113403e-01 |       6.107156e-01 |   2.801462e+01 |   2.800034e+01 |  -1.400000e+00 |
|   7.400000e-02 |       6.113473e-01 |       6.107433e-01 |   2.801414e+01 |   2.800032e+01 |  -1.400000e+00 |
|   7.500000e-02 |       6.113540e-01 |       6.107700e-01 |   2.801367e+01 |   2.800031e+01 |  -1.400000e+00 |
|   7.600000e-02 |       6.113604e-01 |       6.107959e-01 |   2.801322e+01 |   2.800030e+01 |  -1.400000e+00 |
|   7.700000e-02 |       6.113667e-01 |       6.108209e-01 |   2.801278e+01 |   2.800029e+01 |  -1.400000e+00 |
|   7.800000e-02 |       6.113727e-01 |       6.108451e-01 |   2.801235e+01 |   2.800028e+01 |  -1.400000e+00 |
|   7.900000e-02 |       6.113786e-01 |       6.108684e-01 |   2.801194e+01 |   2.800027e+01 |  -1.400000e+00 |
|   8.000000e-02 |       6.113843e-01 |       6.108910e-01 |   2.801155e+01 |   2.800026e+01 |  -1.400000e+00 |
|   8.100000e-02 |       6.113897e-01 |       6.109129e-01 |   2.801116e+01 |   2.800026e+01 |  -1.400000e+00 |
|   8.200000e-02 |       6.113950e-01 |       6.109340e-01 |   2.801079e+01 |   2.800025e+01 |  -1.400000e+00 |
+----------------+--------------------+--------------------+----------------+----------------+----------------+


Time Step 83, time = 0.083, dt = 0.001
 * Nonlinear |R| = [32m2.241301e-03[39m (Before preset BCs, predictors, correctors, and constraints)
 0 Nonlinear |R| = [32m2.241301e-03[39m
      0 Linear |R| = [32m2.241301e-03[39m
      1 Linear |R| = [32m8.187687e-04[39m
      2 Linear |R| = [32m7.235740e-04[39m
      3 Linear |R| = [32m1.270823e-05[39m
      4 Linear |R| = [32m3.869298e-06[39m
      5 Linear |R| = [32m2.740926e-06[39m
      6 Linear |R| = [32m3.395656e-07[39m
      7 Linear |R| = [32m4.555570e-08[39m
      8 Linear |R| = [32m9.262396e-09[39m
      9 Linear |R| = [32m4.039480e-09[39m
     10 Linear |R| = [32m1.961096e-09[39m
     11 Linear |R| = [32m4.050014e-10[39m
     12 Linear |R| = [32m1.479472e-10[39m
     13 Linear |R| = [32m2.822218e-11[39m
     14 Linear |R| = [32m3.338974e-12[39m
     15 Linear |R| = [32m3.478808e-13[39m
 1 Nonlinear |R| = [32m1.262669e-07[39m
      0 Linear |R| = [32m1.262669e-07[39m
      1 Linear |R| = [32m2.382791e-08[39m
      2 Linear |R| = [32m7.615796e-09[39m
      3 Linear |R| = [32m4.236319e-10[39m
      4 Linear |R| = [32m1.374983e-10[39m
      5 Linear |R| = [32m1.283112e-10[39m
      6 Linear |R| = [32m3.492834e-11[39m
      7 Linear |R| = [32m4.217122e-12[39m
      8 Linear |R| = [32m5.981436e-13[39m
      9 Linear |R| = [32m4.259379e-13[39m
     10 Linear |R| = [32m2.557455e-13[39m
     11 Linear |R| = [32m1.581513e-14[39m
     12 Linear |R| = [32m7.291272e-15[39m
     13 Linear |R| = [32m2.873624e-15[39m
     14 Linear |R| = [32m1.852726e-16[39m
     15 Linear |R| = [32m2.537205e-17[39m
 2 Nonlinear |R| = [32m5.102431e-13[39m
[32m Solve Converged![39m

Outlier Variable Residual Norms:
  uy: [33m4.518812e-13[39m

Postprocessor Values:
+----------------+----------------+----------------+----------------+----------------+----------------+----------------+
| time           | J_max          | J_min          | Jbar_max       | Jbar_min       | center_pressure| edge_ux        |
+----------------+----------------+----------------+----------------+----------------+----------------+----------------+
:                :                :                :                :                :                :                :
|   6.900000e-02 |   9.694440e-01 |   9.684702e-01 |   9.867262e-01 |   9.865631e-01 |   2.914481e-02 |   2.211935e-03 |
|   7.000000e-02 |   9.693908e-01 |   9.684495e-01 |   9.867178e-01 |   9.865601e-01 |   2.817824e-02 |   2.168591e-03 |
|   7.100000e-02 |   9.693394e-01 |   9.684294e-01 |   9.867098e-01 |   9.865572e-01 |   2.724356e-02 |   2.126684e-03 |
|   7.200000e-02 |   9.692897e-01 |   9.684100e-01 |   9.867019e-01 |   9.865544e-01 |   2.633972e-02 |   2.086166e-03 |
|   7.300000e-02 |   9.692417e-01 |   9.683912e-01 |   9.866944e-01 |   9.865517e-01 |   2.546573e-02 |   2.046991e-03 |
|   7.400000e-02 |   9.691952e-01 |   9.683731e-01 |   9.866871e-01 |   9.865491e-01 |   2.462060e-02 |   2.009116e-03 |
|   7.500000e-02 |   9.691503e-01 |   9.683555e-01 |   9.866800e-01 |   9.865466e-01 |   2.380339e-02 |   1.972496e-03 |
|   7.600000e-02 |   9.691069e-01 |   9.683386e-01 |   9.866732e-01 |   9.865442e-01 |   2.301318e-02 |   1.937092e-03 |
|   7.700000e-02 |   9.690650e-01 |   9.683222e-01 |   9.866666e-01 |   9.865419e-01 |   2.224910e-02 |   1.902863e-03 |
|   7.800000e-02 |   9.690244e-01 |   9.683063e-01 |   9.866602e-01 |   9.865396e-01 |   2.151028e-02 |   1.869769e-03 |
|   7.900000e-02 |   9.689852e-01 |   9.682910e-01 |   9.866540e-01 |   9.865374e-01 |   2.079590e-02 |   1.837775e-03 |
|   8.000000e-02 |   9.689472e-01 |   9.682762e-01 |   9.866480e-01 |   9.865353e-01 |   2.010515e-02 |   1.806842e-03 |
|   8.100000e-02 |   9.689106e-01 |   9.682619e-01 |   9.866423e-01 |   9.865333e-01 |   1.943726e-02 |   1.776936e-03 |
|   8.200000e-02 |   9.688751e-01 |   9.682480e-01 |   9.866367e-01 |   9.865313e-01 |   1.879148e-02 |   1.748023e-03 |
|   8.300000e-02 |   9.688408e-01 |   9.682346e-01 |   9.866313e-01 |   9.865294e-01 |   1.816708e-02 |   1.720071e-03 |
+----------------+----------------+----------------+----------------+----------------+----------------+----------------+
+----------------+----------------+----------------+------------------+----------------+----------------+
| time           | mass           | mass_reaction  | outflow_gradient | platen_max     | platen_min     |
+----------------+----------------+----------------+------------------+----------------+----------------+
:                :                :                :                  :                :                :
|   6.900000e-02 |   1.511980e-01 |  -2.800581e-02 |     2.746951e-02 |  -6.396743e-03 |  -6.396743e-03 |
|   7.000000e-02 |   1.511709e-01 |  -2.707567e-02 |     2.655738e-02 |  -6.400797e-03 |  -6.400797e-03 |
|   7.100000e-02 |   1.511447e-01 |  -2.617631e-02 |     2.567541e-02 |  -6.404717e-03 |  -6.404717e-03 |
|   7.200000e-02 |   1.511194e-01 |  -2.530671e-02 |     2.482262e-02 |  -6.408507e-03 |  -6.408507e-03 |
|   7.300000e-02 |   1.510950e-01 |  -2.446590e-02 |     2.399805e-02 |  -6.412172e-03 |  -6.412172e-03 |
|   7.400000e-02 |   1.510713e-01 |  -2.365293e-02 |     2.320077e-02 |  -6.415714e-03 |  -6.415714e-03 |
|   7.500000e-02 |   1.510484e-01 |  -2.286688e-02 |     2.242988e-02 |  -6.419140e-03 |  -6.419140e-03 |
|   7.600000e-02 |   1.510263e-01 |  -2.210687e-02 |     2.168452e-02 |  -6.422451e-03 |  -6.422451e-03 |
|   7.700000e-02 |   1.510050e-01 |  -2.137204e-02 |     2.096385e-02 |  -6.425653e-03 |  -6.425653e-03 |
|   7.800000e-02 |   1.509843e-01 |  -2.066157e-02 |     2.026706e-02 |  -6.428749e-03 |  -6.428749e-03 |
|   7.900000e-02 |   1.509643e-01 |  -1.997464e-02 |     1.959336e-02 |  -6.431742e-03 |  -6.431742e-03 |
|   8.000000e-02 |   1.509450e-01 |  -1.931049e-02 |     1.894198e-02 |  -6.434635e-03 |  -6.434635e-03 |
|   8.100000e-02 |   1.509263e-01 |  -1.866836e-02 |     1.831220e-02 |  -6.437433e-03 |  -6.437433e-03 |
|   8.200000e-02 |   1.509083e-01 |  -1.804753e-02 |     1.770330e-02 |  -6.440137e-03 |  -6.440137e-03 |
|   8.300000e-02 |   1.508908e-01 |  -1.744729e-02 |     1.711459e-02 |  -6.442752e-03 |  -6.442752e-03 |
+----------------+----------------+----------------+------------------+----------------+----------------+
+----------------+--------------------+--------------------+----------------+----------------+----------------+
| time           | solid_fraction_max | solid_fraction_min | stability_max  | stability_min  | top_reaction   |
+----------------+--------------------+--------------------+----------------+----------------+----------------+
:                :                    :                    :                :                :                :
|   6.900000e-02 |       6.113102e-01 |       6.105952e-01 |   2.801674e+01 |   2.800038e+01 |  -1.400000e+00 |
|   7.000000e-02 |       6.113181e-01 |       6.106268e-01 |   2.801618e+01 |   2.800037e+01 |  -1.400000e+00 |
|   7.100000e-02 |       6.113258e-01 |       6.106574e-01 |   2.801565e+01 |   2.800036e+01 |  -1.400000e+00 |
|   7.200000e-02 |       6.113332e-01 |       6.106870e-01 |   2.801513e+01 |   2.800035e+01 |  -1.400000e+00 |
|   7.300000e-02 |       6.113403e-01 |       6.107156e-01 |   2.801462e+01 |   2.800034e+01 |  -1.400000e+00 |
|   7.400000e-02 |       6.113473e-01 |       6.107433e-01 |   2.801414e+01 |   2.800032e+01 |  -1.400000e+00 |
|   7.500000e-02 |       6.113540e-01 |       6.107700e-01 |   2.801367e+01 |   2.800031e+01 |  -1.400000e+00 |
|   7.600000e-02 |       6.113604e-01 |       6.107959e-01 |   2.801322e+01 |   2.800030e+01 |  -1.400000e+00 |
|   7.700000e-02 |       6.113667e-01 |       6.108209e-01 |   2.801278e+01 |   2.800029e+01 |  -1.400000e+00 |
|   7.800000e-02 |       6.113727e-01 |       6.108451e-01 |   2.801235e+01 |   2.800028e+01 |  -1.400000e+00 |
|   7.900000e-02 |       6.113786e-01 |       6.108684e-01 |   2.801194e+01 |   2.800027e+01 |  -1.400000e+00 |
|   8.000000e-02 |       6.113843e-01 |       6.108910e-01 |   2.801155e+01 |   2.800026e+01 |  -1.400000e+00 |
|   8.100000e-02 |       6.113897e-01 |       6.109129e-01 |   2.801116e+01 |   2.800026e+01 |  -1.400000e+00 |
|   8.200000e-02 |       6.113950e-01 |       6.109340e-01 |   2.801079e+01 |   2.800025e+01 |  -1.400000e+00 |
|   8.300000e-02 |       6.114001e-01 |       6.109545e-01 |   2.801043e+01 |   2.800024e+01 |  -1.400000e+00 |
+----------------+--------------------+--------------------+----------------+----------------+----------------+


Time Step 84, time = 0.084, dt = 0.001
 * Nonlinear |R| = [32m2.166744e-03[39m (Before preset BCs, predictors, correctors, and constraints)
 0 Nonlinear |R| = [32m2.166744e-03[39m
      0 Linear |R| = [32m2.166744e-03[39m
      1 Linear |R| = [32m7.915884e-04[39m
      2 Linear |R| = [32m6.995661e-04[39m
      3 Linear |R| = [32m1.228608e-05[39m
      4 Linear |R| = [32m3.740337e-06[39m
      5 Linear |R| = [32m2.577004e-06[39m
      6 Linear |R| = [32m3.282868e-07[39m
      7 Linear |R| = [32m4.404216e-08[39m
      8 Linear |R| = [32m8.350123e-09[39m
      9 Linear |R| = [32m3.904768e-09[39m
     10 Linear |R| = [32m1.894365e-09[39m
     11 Linear |R| = [32m3.915035e-10[39m
     12 Linear |R| = [32m1.466451e-10[39m
     13 Linear |R| = [32m2.728392e-11[39m
     14 Linear |R| = [32m3.227870e-12[39m
     15 Linear |R| = [32m3.443238e-13[39m
 1 Nonlinear |R| = [32m1.193361e-07[39m
      0 Linear |R| = [32m1.193361e-07[39m
      1 Linear |R| = [32m2.211288e-08[39m
      2 Linear |R| = [32m3.358844e-09[39m
      3 Linear |R| = [32m3.845738e-10[39m
      4 Linear |R| = [32m1.259021e-10[39m
      5 Linear |R| = [32m1.184963e-10[39m
      6 Linear |R| = [32m3.223986e-11[39m
      7 Linear |R| = [32m4.143433e-12[39m
      8 Linear |R| = [32m8.468817e-13[39m
      9 Linear |R| = [33m8.100379e-13[39m
     10 Linear |R| = [32m2.766999e-13[39m
     11 Linear |R| = [32m1.797831e-14[39m
     12 Linear |R| = [32m9.813573e-15[39m
     13 Linear |R| = [32m2.864641e-15[39m
     14 Linear |R| = [32m2.226935e-16[39m
     15 Linear |R| = [32m2.765610e-17[39m
 2 Nonlinear |R| = [32m4.701302e-13[39m
[32m Solve Converged![39m

Outlier Variable Residual Norms:
  uy: [33m4.082872e-13[39m

Postprocessor Values:
+----------------+----------------+----------------+----------------+----------------+----------------+----------------+
| time           | J_max          | J_min          | Jbar_max       | Jbar_min       | center_pressure| edge_ux        |
+----------------+----------------+----------------+----------------+----------------+----------------+----------------+
:                :                :                :                :                :                :                :
|   7.000000e-02 |   9.693908e-01 |   9.684495e-01 |   9.867178e-01 |   9.865601e-01 |   2.817824e-02 |   2.168591e-03 |
|   7.100000e-02 |   9.693394e-01 |   9.684294e-01 |   9.867098e-01 |   9.865572e-01 |   2.724356e-02 |   2.126684e-03 |
|   7.200000e-02 |   9.692897e-01 |   9.684100e-01 |   9.867019e-01 |   9.865544e-01 |   2.633972e-02 |   2.086166e-03 |
|   7.300000e-02 |   9.692417e-01 |   9.683912e-01 |   9.866944e-01 |   9.865517e-01 |   2.546573e-02 |   2.046991e-03 |
|   7.400000e-02 |   9.691952e-01 |   9.683731e-01 |   9.866871e-01 |   9.865491e-01 |   2.462060e-02 |   2.009116e-03 |
|   7.500000e-02 |   9.691503e-01 |   9.683555e-01 |   9.866800e-01 |   9.865466e-01 |   2.380339e-02 |   1.972496e-03 |
|   7.600000e-02 |   9.691069e-01 |   9.683386e-01 |   9.866732e-01 |   9.865442e-01 |   2.301318e-02 |   1.937092e-03 |
|   7.700000e-02 |   9.690650e-01 |   9.683222e-01 |   9.866666e-01 |   9.865419e-01 |   2.224910e-02 |   1.902863e-03 |
|   7.800000e-02 |   9.690244e-01 |   9.683063e-01 |   9.866602e-01 |   9.865396e-01 |   2.151028e-02 |   1.869769e-03 |
|   7.900000e-02 |   9.689852e-01 |   9.682910e-01 |   9.866540e-01 |   9.865374e-01 |   2.079590e-02 |   1.837775e-03 |
|   8.000000e-02 |   9.689472e-01 |   9.682762e-01 |   9.866480e-01 |   9.865353e-01 |   2.010515e-02 |   1.806842e-03 |
|   8.100000e-02 |   9.689106e-01 |   9.682619e-01 |   9.866423e-01 |   9.865333e-01 |   1.943726e-02 |   1.776936e-03 |
|   8.200000e-02 |   9.688751e-01 |   9.682480e-01 |   9.866367e-01 |   9.865313e-01 |   1.879148e-02 |   1.748023e-03 |
|   8.300000e-02 |   9.688408e-01 |   9.682346e-01 |   9.866313e-01 |   9.865294e-01 |   1.816708e-02 |   1.720071e-03 |
|   8.400000e-02 |   9.688077e-01 |   9.682217e-01 |   9.866261e-01 |   9.865276e-01 |   1.756336e-02 |   1.693047e-03 |
+----------------+----------------+----------------+----------------+----------------+----------------+----------------+
+----------------+----------------+----------------+------------------+----------------+----------------+
| time           | mass           | mass_reaction  | outflow_gradient | platen_max     | platen_min     |
+----------------+----------------+----------------+------------------+----------------+----------------+
:                :                :                :                  :                :                :
|   7.000000e-02 |   1.511709e-01 |  -2.707567e-02 |     2.655738e-02 |  -6.400797e-03 |  -6.400797e-03 |
|   7.100000e-02 |   1.511447e-01 |  -2.617631e-02 |     2.567541e-02 |  -6.404717e-03 |  -6.404717e-03 |
|   7.200000e-02 |   1.511194e-01 |  -2.530671e-02 |     2.482262e-02 |  -6.408507e-03 |  -6.408507e-03 |
|   7.300000e-02 |   1.510950e-01 |  -2.446590e-02 |     2.399805e-02 |  -6.412172e-03 |  -6.412172e-03 |
|   7.400000e-02 |   1.510713e-01 |  -2.365293e-02 |     2.320077e-02 |  -6.415714e-03 |  -6.415714e-03 |
|   7.500000e-02 |   1.510484e-01 |  -2.286688e-02 |     2.242988e-02 |  -6.419140e-03 |  -6.419140e-03 |
|   7.600000e-02 |   1.510263e-01 |  -2.210687e-02 |     2.168452e-02 |  -6.422451e-03 |  -6.422451e-03 |
|   7.700000e-02 |   1.510050e-01 |  -2.137204e-02 |     2.096385e-02 |  -6.425653e-03 |  -6.425653e-03 |
|   7.800000e-02 |   1.509843e-01 |  -2.066157e-02 |     2.026706e-02 |  -6.428749e-03 |  -6.428749e-03 |
|   7.900000e-02 |   1.509643e-01 |  -1.997464e-02 |     1.959336e-02 |  -6.431742e-03 |  -6.431742e-03 |
|   8.000000e-02 |   1.509450e-01 |  -1.931049e-02 |     1.894198e-02 |  -6.434635e-03 |  -6.434635e-03 |
|   8.100000e-02 |   1.509263e-01 |  -1.866836e-02 |     1.831220e-02 |  -6.437433e-03 |  -6.437433e-03 |
|   8.200000e-02 |   1.509083e-01 |  -1.804753e-02 |     1.770330e-02 |  -6.440137e-03 |  -6.440137e-03 |
|   8.300000e-02 |   1.508908e-01 |  -1.744729e-02 |     1.711459e-02 |  -6.442752e-03 |  -6.442752e-03 |
|   8.400000e-02 |   1.508740e-01 |  -1.686697e-02 |     1.654540e-02 |  -6.445280e-03 |  -6.445280e-03 |
+----------------+----------------+----------------+------------------+----------------+----------------+
+----------------+--------------------+--------------------+----------------+----------------+----------------+
| time           | solid_fraction_max | solid_fraction_min | stability_max  | stability_min  | top_reaction   |
+----------------+--------------------+--------------------+----------------+----------------+----------------+
:                :                    :                    :                :                :                :
|   7.000000e-02 |       6.113181e-01 |       6.106268e-01 |   2.801618e+01 |   2.800037e+01 |  -1.400000e+00 |
|   7.100000e-02 |       6.113258e-01 |       6.106574e-01 |   2.801565e+01 |   2.800036e+01 |  -1.400000e+00 |
|   7.200000e-02 |       6.113332e-01 |       6.106870e-01 |   2.801513e+01 |   2.800035e+01 |  -1.400000e+00 |
|   7.300000e-02 |       6.113403e-01 |       6.107156e-01 |   2.801462e+01 |   2.800034e+01 |  -1.400000e+00 |
|   7.400000e-02 |       6.113473e-01 |       6.107433e-01 |   2.801414e+01 |   2.800032e+01 |  -1.400000e+00 |
|   7.500000e-02 |       6.113540e-01 |       6.107700e-01 |   2.801367e+01 |   2.800031e+01 |  -1.400000e+00 |
|   7.600000e-02 |       6.113604e-01 |       6.107959e-01 |   2.801322e+01 |   2.800030e+01 |  -1.400000e+00 |
|   7.700000e-02 |       6.113667e-01 |       6.108209e-01 |   2.801278e+01 |   2.800029e+01 |  -1.400000e+00 |
|   7.800000e-02 |       6.113727e-01 |       6.108451e-01 |   2.801235e+01 |   2.800028e+01 |  -1.400000e+00 |
|   7.900000e-02 |       6.113786e-01 |       6.108684e-01 |   2.801194e+01 |   2.800027e+01 |  -1.400000e+00 |
|   8.000000e-02 |       6.113843e-01 |       6.108910e-01 |   2.801155e+01 |   2.800026e+01 |  -1.400000e+00 |
|   8.100000e-02 |       6.113897e-01 |       6.109129e-01 |   2.801116e+01 |   2.800026e+01 |  -1.400000e+00 |
|   8.200000e-02 |       6.113950e-01 |       6.109340e-01 |   2.801079e+01 |   2.800025e+01 |  -1.400000e+00 |
|   8.300000e-02 |       6.114001e-01 |       6.109545e-01 |   2.801043e+01 |   2.800024e+01 |  -1.400000e+00 |
|   8.400000e-02 |       6.114051e-01 |       6.109742e-01 |   2.801009e+01 |   2.800023e+01 |  -1.400000e+00 |
+----------------+--------------------+--------------------+----------------+----------------+----------------+


Time Step 85, time = 0.085, dt = 0.001
 * Nonlinear |R| = [32m2.094662e-03[39m (Before preset BCs, predictors, correctors, and constraints)
 0 Nonlinear |R| = [32m2.094662e-03[39m
      0 Linear |R| = [32m2.094662e-03[39m
      1 Linear |R| = [32m7.653102e-04[39m
      2 Linear |R| = [32m6.763571e-04[39m
      3 Linear |R| = [32m1.187779e-05[39m
      4 Linear |R| = [32m3.616559e-06[39m
      5 Linear |R| = [32m2.690606e-06[39m
      6 Linear |R| = [32m3.173802e-07[39m
      7 Linear |R| = [32m4.258237e-08[39m
      8 Linear |R| = [32m1.496778e-08[39m
      9 Linear |R| = [32m3.775160e-09[39m
     10 Linear |R| = [32m1.831878e-09[39m
     11 Linear |R| = [32m3.789370e-10[39m
     12 Linear |R| = [32m2.976237e-10[39m
     13 Linear |R| = [32m2.637781e-11[39m
     14 Linear |R| = [32m3.120575e-12[39m
     15 Linear |R| = [32m7.036958e-13[39m
 1 Nonlinear |R| = [32m1.127852e-07[39m
      0 Linear |R| = [32m1.127852e-07[39m
      1 Linear |R| = [32m2.142906e-08[39m
      2 Linear |R| = [32m3.845600e-09[39m
      3 Linear |R| = [32m3.632805e-10[39m
      4 Linear |R| = [32m1.198123e-10[39m
      5 Linear |R| = [32m1.128244e-10[39m
      6 Linear |R| = [32m3.198371e-11[39m
      7 Linear |R| = [32m3.743958e-12[39m
      8 Linear |R| = [32m4.407962e-13[39m
      9 Linear |R| = [32m4.020122e-13[39m
     10 Linear |R| = [32m2.394900e-13[39m
     11 Linear |R| = [32m2.574674e-14[39m
     12 Linear |R| = [32m4.302649e-15[39m
     13 Linear |R| = [32m2.524376e-15[39m
     14 Linear |R| = [32m2.803542e-16[39m
     15 Linear |R| = [32m2.361235e-17[39m
 2 Nonlinear |R| = [32m4.342481e-13[39m
[32m Solve Converged![39m

Outlier Variable Residual Norms:
  uy: [31m3.917307e-13[39m

Postprocessor Values:
+----------------+----------------+----------------+----------------+----------------+----------------+----------------+
| time           | J_max          | J_min          | Jbar_max       | Jbar_min       | center_pressure| edge_ux        |
+----------------+----------------+----------------+----------------+----------------+----------------+----------------+
:                :                :                :                :                :                :                :
|   7.100000e-02 |   9.693394e-01 |   9.684294e-01 |   9.867098e-01 |   9.865572e-01 |   2.724356e-02 |   2.126684e-03 |
|   7.200000e-02 |   9.692897e-01 |   9.684100e-01 |   9.867019e-01 |   9.865544e-01 |   2.633972e-02 |   2.086166e-03 |
|   7.300000e-02 |   9.692417e-01 |   9.683912e-01 |   9.866944e-01 |   9.865517e-01 |   2.546573e-02 |   2.046991e-03 |
|   7.400000e-02 |   9.691952e-01 |   9.683731e-01 |   9.866871e-01 |   9.865491e-01 |   2.462060e-02 |   2.009116e-03 |
|   7.500000e-02 |   9.691503e-01 |   9.683555e-01 |   9.866800e-01 |   9.865466e-01 |   2.380339e-02 |   1.972496e-03 |
|   7.600000e-02 |   9.691069e-01 |   9.683386e-01 |   9.866732e-01 |   9.865442e-01 |   2.301318e-02 |   1.937092e-03 |
|   7.700000e-02 |   9.690650e-01 |   9.683222e-01 |   9.866666e-01 |   9.865419e-01 |   2.224910e-02 |   1.902863e-03 |
|   7.800000e-02 |   9.690244e-01 |   9.683063e-01 |   9.866602e-01 |   9.865396e-01 |   2.151028e-02 |   1.869769e-03 |
|   7.900000e-02 |   9.689852e-01 |   9.682910e-01 |   9.866540e-01 |   9.865374e-01 |   2.079590e-02 |   1.837775e-03 |
|   8.000000e-02 |   9.689472e-01 |   9.682762e-01 |   9.866480e-01 |   9.865353e-01 |   2.010515e-02 |   1.806842e-03 |
|   8.100000e-02 |   9.689106e-01 |   9.682619e-01 |   9.866423e-01 |   9.865333e-01 |   1.943726e-02 |   1.776936e-03 |
|   8.200000e-02 |   9.688751e-01 |   9.682480e-01 |   9.866367e-01 |   9.865313e-01 |   1.879148e-02 |   1.748023e-03 |
|   8.300000e-02 |   9.688408e-01 |   9.682346e-01 |   9.866313e-01 |   9.865294e-01 |   1.816708e-02 |   1.720071e-03 |
|   8.400000e-02 |   9.688077e-01 |   9.682217e-01 |   9.866261e-01 |   9.865276e-01 |   1.756336e-02 |   1.693047e-03 |
|   8.500000e-02 |   9.687757e-01 |   9.682092e-01 |   9.866210e-01 |   9.865258e-01 |   1.697964e-02 |   1.666920e-03 |
+----------------+----------------+----------------+----------------+----------------+----------------+----------------+
+----------------+----------------+----------------+------------------+----------------+----------------+
| time           | mass           | mass_reaction  | outflow_gradient | platen_max     | platen_min     |
+----------------+----------------+----------------+------------------+----------------+----------------+
:                :                :                :                  :                :                :
|   7.100000e-02 |   1.511447e-01 |  -2.617631e-02 |     2.567541e-02 |  -6.404717e-03 |  -6.404717e-03 |
|   7.200000e-02 |   1.511194e-01 |  -2.530671e-02 |     2.482262e-02 |  -6.408507e-03 |  -6.408507e-03 |
|   7.300000e-02 |   1.510950e-01 |  -2.446590e-02 |     2.399805e-02 |  -6.412172e-03 |  -6.412172e-03 |
|   7.400000e-02 |   1.510713e-01 |  -2.365293e-02 |     2.320077e-02 |  -6.415714e-03 |  -6.415714e-03 |
|   7.500000e-02 |   1.510484e-01 |  -2.286688e-02 |     2.242988e-02 |  -6.419140e-03 |  -6.419140e-03 |
|   7.600000e-02 |   1.510263e-01 |  -2.210687e-02 |     2.168452e-02 |  -6.422451e-03 |  -6.422451e-03 |
|   7.700000e-02 |   1.510050e-01 |  -2.137204e-02 |     2.096385e-02 |  -6.425653e-03 |  -6.425653e-03 |
|   7.800000e-02 |   1.509843e-01 |  -2.066157e-02 |     2.026706e-02 |  -6.428749e-03 |  -6.428749e-03 |
|   7.900000e-02 |   1.509643e-01 |  -1.997464e-02 |     1.959336e-02 |  -6.431742e-03 |  -6.431742e-03 |
|   8.000000e-02 |   1.509450e-01 |  -1.931049e-02 |     1.894198e-02 |  -6.434635e-03 |  -6.434635e-03 |
|   8.100000e-02 |   1.509263e-01 |  -1.866836e-02 |     1.831220e-02 |  -6.437433e-03 |  -6.437433e-03 |
|   8.200000e-02 |   1.509083e-01 |  -1.804753e-02 |     1.770330e-02 |  -6.440137e-03 |  -6.440137e-03 |
|   8.300000e-02 |   1.508908e-01 |  -1.744729e-02 |     1.711459e-02 |  -6.442752e-03 |  -6.442752e-03 |
|   8.400000e-02 |   1.508740e-01 |  -1.686697e-02 |     1.654540e-02 |  -6.445280e-03 |  -6.445280e-03 |
|   8.500000e-02 |   1.508577e-01 |  -1.630591e-02 |     1.599510e-02 |  -6.447724e-03 |  -6.447724e-03 |
+----------------+----------------+----------------+------------------+----------------+----------------+
+----------------+--------------------+--------------------+----------------+----------------+----------------+
| time           | solid_fraction_max | solid_fraction_min | stability_max  | stability_min  | top_reaction   |
+----------------+--------------------+--------------------+----------------+----------------+----------------+
:                :                    :                    :                :                :                :
|   7.100000e-02 |       6.113258e-01 |       6.106574e-01 |   2.801565e+01 |   2.800036e+01 |  -1.400000e+00 |
|   7.200000e-02 |       6.113332e-01 |       6.106870e-01 |   2.801513e+01 |   2.800035e+01 |  -1.400000e+00 |
|   7.300000e-02 |       6.113403e-01 |       6.107156e-01 |   2.801462e+01 |   2.800034e+01 |  -1.400000e+00 |
|   7.400000e-02 |       6.113473e-01 |       6.107433e-01 |   2.801414e+01 |   2.800032e+01 |  -1.400000e+00 |
|   7.500000e-02 |       6.113540e-01 |       6.107700e-01 |   2.801367e+01 |   2.800031e+01 |  -1.400000e+00 |
|   7.600000e-02 |       6.113604e-01 |       6.107959e-01 |   2.801322e+01 |   2.800030e+01 |  -1.400000e+00 |
|   7.700000e-02 |       6.113667e-01 |       6.108209e-01 |   2.801278e+01 |   2.800029e+01 |  -1.400000e+00 |
|   7.800000e-02 |       6.113727e-01 |       6.108451e-01 |   2.801235e+01 |   2.800028e+01 |  -1.400000e+00 |
|   7.900000e-02 |       6.113786e-01 |       6.108684e-01 |   2.801194e+01 |   2.800027e+01 |  -1.400000e+00 |
|   8.000000e-02 |       6.113843e-01 |       6.108910e-01 |   2.801155e+01 |   2.800026e+01 |  -1.400000e+00 |
|   8.100000e-02 |       6.113897e-01 |       6.109129e-01 |   2.801116e+01 |   2.800026e+01 |  -1.400000e+00 |
|   8.200000e-02 |       6.113950e-01 |       6.109340e-01 |   2.801079e+01 |   2.800025e+01 |  -1.400000e+00 |
|   8.300000e-02 |       6.114001e-01 |       6.109545e-01 |   2.801043e+01 |   2.800024e+01 |  -1.400000e+00 |
|   8.400000e-02 |       6.114051e-01 |       6.109742e-01 |   2.801009e+01 |   2.800023e+01 |  -1.400000e+00 |
|   8.500000e-02 |       6.114098e-01 |       6.109933e-01 |   2.800975e+01 |   2.800022e+01 |  -1.400000e+00 |
+----------------+--------------------+--------------------+----------------+----------------+----------------+


Time Step 86, time = 0.086, dt = 0.001
 * Nonlinear |R| = [32m2.024973e-03[39m (Before preset BCs, predictors, correctors, and constraints)
 0 Nonlinear |R| = [32m2.024973e-03[39m
      0 Linear |R| = [32m2.024973e-03[39m
      1 Linear |R| = [32m7.398950e-04[39m
      2 Linear |R| = [32m6.539057e-04[39m
      3 Linear |R| = [32m1.148313e-05[39m
      4 Linear |R| = [32m3.496252e-06[39m
      5 Linear |R| = [32m2.563746e-06[39m
      6 Linear |R| = [32m3.068388e-07[39m
      7 Linear |R| = [32m4.116615e-08[39m
      8 Linear |R| = [32m1.071214e-08[39m
      9 Linear |R| = [32m3.649421e-09[39m
     10 Linear |R| = [32m1.770154e-09[39m
     11 Linear |R| = [32m3.659908e-10[39m
     12 Linear |R| = [32m1.883896e-10[39m
     13 Linear |R| = [32m2.550176e-11[39m
     14 Linear |R| = [32m3.016452e-12[39m
     15 Linear |R| = [32m4.570489e-13[39m
 1 Nonlinear |R| = [32m1.047423e-07[39m
      0 Linear |R| = [32m1.047423e-07[39m
      1 Linear |R| = [32m2.003895e-08[39m
      2 Linear |R| = [32m3.686082e-10[39m
      3 Linear |R| = [32m3.486181e-10[39m
      4 Linear |R| = [32m1.123678e-10[39m
      5 Linear |R| = [32m1.021073e-10[39m
      6 Linear |R| = [32m2.780109e-11[39m
      7 Linear |R| = [32m3.007029e-12[39m
      8 Linear |R| = [32m4.527993e-13[39m
      9 Linear |R| = [33m4.322424e-13[39m
     10 Linear |R| = [32m2.213887e-13[39m
     11 Linear |R| = [32m1.280588e-14[39m
     12 Linear |R| = [32m2.900732e-15[39m
     13 Linear |R| = [32m1.796488e-15[39m
     14 Linear |R| = [32m2.022492e-16[39m
     15 Linear |R| = [32m1.877800e-17[39m
 2 Nonlinear |R| = [32m3.517686e-13[39m
[32m Solve Converged![39m

Outlier Variable Residual Norms:
  uy: [33m3.016626e-13[39m

Postprocessor Values:
+----------------+----------------+----------------+----------------+----------------+----------------+----------------+
| time           | J_max          | J_min          | Jbar_max       | Jbar_min       | center_pressure| edge_ux        |
+----------------+----------------+----------------+----------------+----------------+----------------+----------------+
:                :                :                :                :                :                :                :
|   7.200000e-02 |   9.692897e-01 |   9.684100e-01 |   9.867019e-01 |   9.865544e-01 |   2.633972e-02 |   2.086166e-03 |
|   7.300000e-02 |   9.692417e-01 |   9.683912e-01 |   9.866944e-01 |   9.865517e-01 |   2.546573e-02 |   2.046991e-03 |
|   7.400000e-02 |   9.691952e-01 |   9.683731e-01 |   9.866871e-01 |   9.865491e-01 |   2.462060e-02 |   2.009116e-03 |
|   7.500000e-02 |   9.691503e-01 |   9.683555e-01 |   9.866800e-01 |   9.865466e-01 |   2.380339e-02 |   1.972496e-03 |
|   7.600000e-02 |   9.691069e-01 |   9.683386e-01 |   9.866732e-01 |   9.865442e-01 |   2.301318e-02 |   1.937092e-03 |
|   7.700000e-02 |   9.690650e-01 |   9.683222e-01 |   9.866666e-01 |   9.865419e-01 |   2.224910e-02 |   1.902863e-03 |
|   7.800000e-02 |   9.690244e-01 |   9.683063e-01 |   9.866602e-01 |   9.865396e-01 |   2.151028e-02 |   1.869769e-03 |
|   7.900000e-02 |   9.689852e-01 |   9.682910e-01 |   9.866540e-01 |   9.865374e-01 |   2.079590e-02 |   1.837775e-03 |
|   8.000000e-02 |   9.689472e-01 |   9.682762e-01 |   9.866480e-01 |   9.865353e-01 |   2.010515e-02 |   1.806842e-03 |
|   8.100000e-02 |   9.689106e-01 |   9.682619e-01 |   9.866423e-01 |   9.865333e-01 |   1.943726e-02 |   1.776936e-03 |
|   8.200000e-02 |   9.688751e-01 |   9.682480e-01 |   9.866367e-01 |   9.865313e-01 |   1.879148e-02 |   1.748023e-03 |
|   8.300000e-02 |   9.688408e-01 |   9.682346e-01 |   9.866313e-01 |   9.865294e-01 |   1.816708e-02 |   1.720071e-03 |
|   8.400000e-02 |   9.688077e-01 |   9.682217e-01 |   9.866261e-01 |   9.865276e-01 |   1.756336e-02 |   1.693047e-03 |
|   8.500000e-02 |   9.687757e-01 |   9.682092e-01 |   9.866210e-01 |   9.865258e-01 |   1.697964e-02 |   1.666920e-03 |
|   8.600000e-02 |   9.687447e-01 |   9.681971e-01 |   9.866161e-01 |   9.865241e-01 |   1.641525e-02 |   1.641662e-03 |
+----------------+----------------+----------------+----------------+----------------+----------------+----------------+
+----------------+----------------+----------------+------------------+----------------+----------------+
| time           | mass           | mass_reaction  | outflow_gradient | platen_max     | platen_min     |
+----------------+----------------+----------------+------------------+----------------+----------------+
:                :                :                :                  :                :                :
|   7.200000e-02 |   1.511194e-01 |  -2.530671e-02 |     2.482262e-02 |  -6.408507e-03 |  -6.408507e-03 |
|   7.300000e-02 |   1.510950e-01 |  -2.446590e-02 |     2.399805e-02 |  -6.412172e-03 |  -6.412172e-03 |
|   7.400000e-02 |   1.510713e-01 |  -2.365293e-02 |     2.320077e-02 |  -6.415714e-03 |  -6.415714e-03 |
|   7.500000e-02 |   1.510484e-01 |  -2.286688e-02 |     2.242988e-02 |  -6.419140e-03 |  -6.419140e-03 |
|   7.600000e-02 |   1.510263e-01 |  -2.210687e-02 |     2.168452e-02 |  -6.422451e-03 |  -6.422451e-03 |
|   7.700000e-02 |   1.510050e-01 |  -2.137204e-02 |     2.096385e-02 |  -6.425653e-03 |  -6.425653e-03 |
|   7.800000e-02 |   1.509843e-01 |  -2.066157e-02 |     2.026706e-02 |  -6.428749e-03 |  -6.428749e-03 |
|   7.900000e-02 |   1.509643e-01 |  -1.997464e-02 |     1.959336e-02 |  -6.431742e-03 |  -6.431742e-03 |
|   8.000000e-02 |   1.509450e-01 |  -1.931049e-02 |     1.894198e-02 |  -6.434635e-03 |  -6.434635e-03 |
|   8.100000e-02 |   1.509263e-01 |  -1.866836e-02 |     1.831220e-02 |  -6.437433e-03 |  -6.437433e-03 |
|   8.200000e-02 |   1.509083e-01 |  -1.804753e-02 |     1.770330e-02 |  -6.440137e-03 |  -6.440137e-03 |
|   8.300000e-02 |   1.508908e-01 |  -1.744729e-02 |     1.711459e-02 |  -6.442752e-03 |  -6.442752e-03 |
|   8.400000e-02 |   1.508740e-01 |  -1.686697e-02 |     1.654540e-02 |  -6.445280e-03 |  -6.445280e-03 |
|   8.500000e-02 |   1.508577e-01 |  -1.630591e-02 |     1.599510e-02 |  -6.447724e-03 |  -6.447724e-03 |
|   8.600000e-02 |   1.508419e-01 |  -1.576346e-02 |     1.546306e-02 |  -6.450087e-03 |  -6.450087e-03 |
+----------------+----------------+----------------+------------------+----------------+----------------+
+----------------+--------------------+--------------------+----------------+----------------+----------------+
| time           | solid_fraction_max | solid_fraction_min | stability_max  | stability_min  | top_reaction   |
+----------------+--------------------+--------------------+----------------+----------------+----------------+
:                :                    :                    :                :                :                :
|   7.200000e-02 |       6.113332e-01 |       6.106870e-01 |   2.801513e+01 |   2.800035e+01 |  -1.400000e+00 |
|   7.300000e-02 |       6.113403e-01 |       6.107156e-01 |   2.801462e+01 |   2.800034e+01 |  -1.400000e+00 |
|   7.400000e-02 |       6.113473e-01 |       6.107433e-01 |   2.801414e+01 |   2.800032e+01 |  -1.400000e+00 |
|   7.500000e-02 |       6.113540e-01 |       6.107700e-01 |   2.801367e+01 |   2.800031e+01 |  -1.400000e+00 |
|   7.600000e-02 |       6.113604e-01 |       6.107959e-01 |   2.801322e+01 |   2.800030e+01 |  -1.400000e+00 |
|   7.700000e-02 |       6.113667e-01 |       6.108209e-01 |   2.801278e+01 |   2.800029e+01 |  -1.400000e+00 |
|   7.800000e-02 |       6.113727e-01 |       6.108451e-01 |   2.801235e+01 |   2.800028e+01 |  -1.400000e+00 |
|   7.900000e-02 |       6.113786e-01 |       6.108684e-01 |   2.801194e+01 |   2.800027e+01 |  -1.400000e+00 |
|   8.000000e-02 |       6.113843e-01 |       6.108910e-01 |   2.801155e+01 |   2.800026e+01 |  -1.400000e+00 |
|   8.100000e-02 |       6.113897e-01 |       6.109129e-01 |   2.801116e+01 |   2.800026e+01 |  -1.400000e+00 |
|   8.200000e-02 |       6.113950e-01 |       6.109340e-01 |   2.801079e+01 |   2.800025e+01 |  -1.400000e+00 |
|   8.300000e-02 |       6.114001e-01 |       6.109545e-01 |   2.801043e+01 |   2.800024e+01 |  -1.400000e+00 |
|   8.400000e-02 |       6.114051e-01 |       6.109742e-01 |   2.801009e+01 |   2.800023e+01 |  -1.400000e+00 |
|   8.500000e-02 |       6.114098e-01 |       6.109933e-01 |   2.800975e+01 |   2.800022e+01 |  -1.400000e+00 |
|   8.600000e-02 |       6.114145e-01 |       6.110118e-01 |   2.800943e+01 |   2.800022e+01 |  -1.400000e+00 |
+----------------+--------------------+--------------------+----------------+----------------+----------------+


Time Step 87, time = 0.087, dt = 0.001
 * Nonlinear |R| = [32m1.957597e-03[39m (Before preset BCs, predictors, correctors, and constraints)
 0 Nonlinear |R| = [32m1.957597e-03[39m
      0 Linear |R| = [32m1.957597e-03[39m
      1 Linear |R| = [32m7.153218e-04[39m
      2 Linear |R| = [32m6.321975e-04[39m
      3 Linear |R| = [32m1.110158e-05[39m
      4 Linear |R| = [32m3.380070e-06[39m
      5 Linear |R| = [32m2.413767e-06[39m
      6 Linear |R| = [32m2.966442e-07[39m
      7 Linear |R| = [32m3.979796e-08[39m
      8 Linear |R| = [32m1.067307e-08[39m
      9 Linear |R| = [32m3.527950e-09[39m
     10 Linear |R| = [32m1.710948e-09[39m
     11 Linear |R| = [32m3.537618e-10[39m
     12 Linear |R| = [32m1.337204e-10[39m
     13 Linear |R| = [32m2.465395e-11[39m
     14 Linear |R| = [32m2.916060e-12[39m
     15 Linear |R| = [32m4.506822e-13[39m
 1 Nonlinear |R| = [32m9.929888e-08[39m
      0 Linear |R| = [32m9.929888e-08[39m
      1 Linear |R| = [32m1.812994e-08[39m
      2 Linear |R| = [32m1.568560e-09[39m
      3 Linear |R| = [32m3.062944e-10[39m
      4 Linear |R| = [32m1.003230e-10[39m
      5 Linear |R| = [33m9.560853e-11[39m
      6 Linear |R| = [32m2.619401e-11[39m
      7 Linear |R| = [32m2.501278e-12[39m
      8 Linear |R| = [32m4.203875e-13[39m
      9 Linear |R| = [32m3.836521e-13[39m
     10 Linear |R| = [32m2.150694e-13[39m
     11 Linear |R| = [32m1.561143e-14[39m
     12 Linear |R| = [32m3.664116e-15[39m
     13 Linear |R| = [32m2.296318e-15[39m
     14 Linear |R| = [32m1.662147e-16[39m
     15 Linear |R| = [32m2.188262e-17[39m
 2 Nonlinear |R| = [32m4.007013e-13[39m
[32m Solve Converged![39m

Outlier Variable Residual Norms:
  uy: [33m3.437862e-13[39m

Postprocessor Values:
+----------------+----------------+----------------+----------------+----------------+----------------+----------------+
| time           | J_max          | J_min          | Jbar_max       | Jbar_min       | center_pressure| edge_ux        |
+----------------+----------------+----------------+----------------+----------------+----------------+----------------+
:                :                :                :                :                :                :                :
|   7.300000e-02 |   9.692417e-01 |   9.683912e-01 |   9.866944e-01 |   9.865517e-01 |   2.546573e-02 |   2.046991e-03 |
|   7.400000e-02 |   9.691952e-01 |   9.683731e-01 |   9.866871e-01 |   9.865491e-01 |   2.462060e-02 |   2.009116e-03 |
|   7.500000e-02 |   9.691503e-01 |   9.683555e-01 |   9.866800e-01 |   9.865466e-01 |   2.380339e-02 |   1.972496e-03 |
|   7.600000e-02 |   9.691069e-01 |   9.683386e-01 |   9.866732e-01 |   9.865442e-01 |   2.301318e-02 |   1.937092e-03 |
|   7.700000e-02 |   9.690650e-01 |   9.683222e-01 |   9.866666e-01 |   9.865419e-01 |   2.224910e-02 |   1.902863e-03 |
|   7.800000e-02 |   9.690244e-01 |   9.683063e-01 |   9.866602e-01 |   9.865396e-01 |   2.151028e-02 |   1.869769e-03 |
|   7.900000e-02 |   9.689852e-01 |   9.682910e-01 |   9.866540e-01 |   9.865374e-01 |   2.079590e-02 |   1.837775e-03 |
|   8.000000e-02 |   9.689472e-01 |   9.682762e-01 |   9.866480e-01 |   9.865353e-01 |   2.010515e-02 |   1.806842e-03 |
|   8.100000e-02 |   9.689106e-01 |   9.682619e-01 |   9.866423e-01 |   9.865333e-01 |   1.943726e-02 |   1.776936e-03 |
|   8.200000e-02 |   9.688751e-01 |   9.682480e-01 |   9.866367e-01 |   9.865313e-01 |   1.879148e-02 |   1.748023e-03 |
|   8.300000e-02 |   9.688408e-01 |   9.682346e-01 |   9.866313e-01 |   9.865294e-01 |   1.816708e-02 |   1.720071e-03 |
|   8.400000e-02 |   9.688077e-01 |   9.682217e-01 |   9.866261e-01 |   9.865276e-01 |   1.756336e-02 |   1.693047e-03 |
|   8.500000e-02 |   9.687757e-01 |   9.682092e-01 |   9.866210e-01 |   9.865258e-01 |   1.697964e-02 |   1.666920e-03 |
|   8.600000e-02 |   9.687447e-01 |   9.681971e-01 |   9.866161e-01 |   9.865241e-01 |   1.641525e-02 |   1.641662e-03 |
|   8.700000e-02 |   9.687148e-01 |   9.681854e-01 |   9.866114e-01 |   9.865224e-01 |   1.586957e-02 |   1.617243e-03 |
+----------------+----------------+----------------+----------------+----------------+----------------+----------------+
+----------------+----------------+----------------+------------------+----------------+----------------+
| time           | mass           | mass_reaction  | outflow_gradient | platen_max     | platen_min     |
+----------------+----------------+----------------+------------------+----------------+----------------+
:                :                :                :                  :                :                :
|   7.300000e-02 |   1.510950e-01 |  -2.446590e-02 |     2.399805e-02 |  -6.412172e-03 |  -6.412172e-03 |
|   7.400000e-02 |   1.510713e-01 |  -2.365293e-02 |     2.320077e-02 |  -6.415714e-03 |  -6.415714e-03 |
|   7.500000e-02 |   1.510484e-01 |  -2.286688e-02 |     2.242988e-02 |  -6.419140e-03 |  -6.419140e-03 |
|   7.600000e-02 |   1.510263e-01 |  -2.210687e-02 |     2.168452e-02 |  -6.422451e-03 |  -6.422451e-03 |
|   7.700000e-02 |   1.510050e-01 |  -2.137204e-02 |     2.096385e-02 |  -6.425653e-03 |  -6.425653e-03 |
|   7.800000e-02 |   1.509843e-01 |  -2.066157e-02 |     2.026706e-02 |  -6.428749e-03 |  -6.428749e-03 |
|   7.900000e-02 |   1.509643e-01 |  -1.997464e-02 |     1.959336e-02 |  -6.431742e-03 |  -6.431742e-03 |
|   8.000000e-02 |   1.509450e-01 |  -1.931049e-02 |     1.894198e-02 |  -6.434635e-03 |  -6.434635e-03 |
|   8.100000e-02 |   1.509263e-01 |  -1.866836e-02 |     1.831220e-02 |  -6.437433e-03 |  -6.437433e-03 |
|   8.200000e-02 |   1.509083e-01 |  -1.804753e-02 |     1.770330e-02 |  -6.440137e-03 |  -6.440137e-03 |
|   8.300000e-02 |   1.508908e-01 |  -1.744729e-02 |     1.711459e-02 |  -6.442752e-03 |  -6.442752e-03 |
|   8.400000e-02 |   1.508740e-01 |  -1.686697e-02 |     1.654540e-02 |  -6.445280e-03 |  -6.445280e-03 |
|   8.500000e-02 |   1.508577e-01 |  -1.630591e-02 |     1.599510e-02 |  -6.447724e-03 |  -6.447724e-03 |
|   8.600000e-02 |   1.508419e-01 |  -1.576346e-02 |     1.546306e-02 |  -6.450087e-03 |  -6.450087e-03 |
|   8.700000e-02 |   1.508267e-01 |  -1.523902e-02 |     1.494868e-02 |  -6.452371e-03 |  -6.452371e-03 |
+----------------+----------------+----------------+------------------+----------------+----------------+
+----------------+--------------------+--------------------+----------------+----------------+----------------+
| time           | solid_fraction_max | solid_fraction_min | stability_max  | stability_min  | top_reaction   |
+----------------+--------------------+--------------------+----------------+----------------+----------------+
:                :                    :                    :                :                :                :
|   7.300000e-02 |       6.113403e-01 |       6.107156e-01 |   2.801462e+01 |   2.800034e+01 |  -1.400000e+00 |
|   7.400000e-02 |       6.113473e-01 |       6.107433e-01 |   2.801414e+01 |   2.800032e+01 |  -1.400000e+00 |
|   7.500000e-02 |       6.113540e-01 |       6.107700e-01 |   2.801367e+01 |   2.800031e+01 |  -1.400000e+00 |
|   7.600000e-02 |       6.113604e-01 |       6.107959e-01 |   2.801322e+01 |   2.800030e+01 |  -1.400000e+00 |
|   7.700000e-02 |       6.113667e-01 |       6.108209e-01 |   2.801278e+01 |   2.800029e+01 |  -1.400000e+00 |
|   7.800000e-02 |       6.113727e-01 |       6.108451e-01 |   2.801235e+01 |   2.800028e+01 |  -1.400000e+00 |
|   7.900000e-02 |       6.113786e-01 |       6.108684e-01 |   2.801194e+01 |   2.800027e+01 |  -1.400000e+00 |
|   8.000000e-02 |       6.113843e-01 |       6.108910e-01 |   2.801155e+01 |   2.800026e+01 |  -1.400000e+00 |
|   8.100000e-02 |       6.113897e-01 |       6.109129e-01 |   2.801116e+01 |   2.800026e+01 |  -1.400000e+00 |
|   8.200000e-02 |       6.113950e-01 |       6.109340e-01 |   2.801079e+01 |   2.800025e+01 |  -1.400000e+00 |
|   8.300000e-02 |       6.114001e-01 |       6.109545e-01 |   2.801043e+01 |   2.800024e+01 |  -1.400000e+00 |
|   8.400000e-02 |       6.114051e-01 |       6.109742e-01 |   2.801009e+01 |   2.800023e+01 |  -1.400000e+00 |
|   8.500000e-02 |       6.114098e-01 |       6.109933e-01 |   2.800975e+01 |   2.800022e+01 |  -1.400000e+00 |
|   8.600000e-02 |       6.114145e-01 |       6.110118e-01 |   2.800943e+01 |   2.800022e+01 |  -1.400000e+00 |
|   8.700000e-02 |       6.114189e-01 |       6.110296e-01 |   2.800911e+01 |   2.800021e+01 |  -1.400000e+00 |
+----------------+--------------------+--------------------+----------------+----------------+----------------+


Time Step 88, time = 0.088, dt = 0.001
 * Nonlinear |R| = [32m1.892458e-03[39m (Before preset BCs, predictors, correctors, and constraints)
 0 Nonlinear |R| = [32m1.892458e-03[39m
      0 Linear |R| = [32m1.892458e-03[39m
      1 Linear |R| = [32m6.915611e-04[39m
      2 Linear |R| = [32m6.112072e-04[39m
      3 Linear |R| = [32m1.073259e-05[39m
      4 Linear |R| = [32m3.267207e-06[39m
      5 Linear |R| = [32m2.245671e-06[39m
      6 Linear |R| = [32m2.867818e-07[39m
      7 Linear |R| = [32m3.847323e-08[39m
      8 Linear |R| = [32m7.666912e-09[39m
      9 Linear |R| = [32m3.410432e-09[39m
     10 Linear |R| = [32m1.653962e-09[39m
     11 Linear |R| = [32m3.419865e-10[39m
     12 Linear |R| = [32m1.221699e-10[39m
     13 Linear |R| = [32m2.383405e-11[39m
     14 Linear |R| = [32m2.819041e-12[39m
     15 Linear |R| = [32m2.602497e-13[39m
 1 Nonlinear |R| = [32m9.165886e-08[39m
      0 Linear |R| = [32m9.165886e-08[39m
      1 Linear |R| = [32m1.749077e-08[39m
      2 Linear |R| = [32m1.468782e-09[39m
      3 Linear |R| = [32m3.080886e-10[39m
      4 Linear |R| = [32m1.014672e-10[39m
      5 Linear |R| = [32m9.453267e-11[39m
      6 Linear |R| = [32m2.735879e-11[39m
      7 Linear |R| = [32m3.356481e-12[39m
      8 Linear |R| = [32m3.616285e-13[39m
      9 Linear |R| = [32m3.075761e-13[39m
     10 Linear |R| = [32m6.606088e-14[39m
     11 Linear |R| = [32m1.646836e-14[39m
     12 Linear |R| = [32m3.890479e-15[39m
     13 Linear |R| = [32m2.310025e-15[39m
     14 Linear |R| = [32m3.191011e-16[39m
     15 Linear |R| = [32m1.849912e-17[39m
 2 Nonlinear |R| = [32m3.783155e-13[39m
[32m Solve Converged![39m

Outlier Variable Residual Norms:
  uy: [33m3.312918e-13[39m

Postprocessor Values:
+----------------+----------------+----------------+----------------+----------------+----------------+----------------+
| time           | J_max          | J_min          | Jbar_max       | Jbar_min       | center_pressure| edge_ux        |
+----------------+----------------+----------------+----------------+----------------+----------------+----------------+
:                :                :                :                :                :                :                :
|   7.400000e-02 |   9.691952e-01 |   9.683731e-01 |   9.866871e-01 |   9.865491e-01 |   2.462060e-02 |   2.009116e-03 |
|   7.500000e-02 |   9.691503e-01 |   9.683555e-01 |   9.866800e-01 |   9.865466e-01 |   2.380339e-02 |   1.972496e-03 |
|   7.600000e-02 |   9.691069e-01 |   9.683386e-01 |   9.866732e-01 |   9.865442e-01 |   2.301318e-02 |   1.937092e-03 |
|   7.700000e-02 |   9.690650e-01 |   9.683222e-01 |   9.866666e-01 |   9.865419e-01 |   2.224910e-02 |   1.902863e-03 |
|   7.800000e-02 |   9.690244e-01 |   9.683063e-01 |   9.866602e-01 |   9.865396e-01 |   2.151028e-02 |   1.869769e-03 |
|   7.900000e-02 |   9.689852e-01 |   9.682910e-01 |   9.866540e-01 |   9.865374e-01 |   2.079590e-02 |   1.837775e-03 |
|   8.000000e-02 |   9.689472e-01 |   9.682762e-01 |   9.866480e-01 |   9.865353e-01 |   2.010515e-02 |   1.806842e-03 |
|   8.100000e-02 |   9.689106e-01 |   9.682619e-01 |   9.866423e-01 |   9.865333e-01 |   1.943726e-02 |   1.776936e-03 |
|   8.200000e-02 |   9.688751e-01 |   9.682480e-01 |   9.866367e-01 |   9.865313e-01 |   1.879148e-02 |   1.748023e-03 |
|   8.300000e-02 |   9.688408e-01 |   9.682346e-01 |   9.866313e-01 |   9.865294e-01 |   1.816708e-02 |   1.720071e-03 |
|   8.400000e-02 |   9.688077e-01 |   9.682217e-01 |   9.866261e-01 |   9.865276e-01 |   1.756336e-02 |   1.693047e-03 |
|   8.500000e-02 |   9.687757e-01 |   9.682092e-01 |   9.866210e-01 |   9.865258e-01 |   1.697964e-02 |   1.666920e-03 |
|   8.600000e-02 |   9.687447e-01 |   9.681971e-01 |   9.866161e-01 |   9.865241e-01 |   1.641525e-02 |   1.641662e-03 |
|   8.700000e-02 |   9.687148e-01 |   9.681854e-01 |   9.866114e-01 |   9.865224e-01 |   1.586957e-02 |   1.617243e-03 |
|   8.800000e-02 |   9.686858e-01 |   9.681741e-01 |   9.866069e-01 |   9.865208e-01 |   1.534198e-02 |   1.593636e-03 |
+----------------+----------------+----------------+----------------+----------------+----------------+----------------+
+----------------+----------------+----------------+------------------+----------------+----------------+
| time           | mass           | mass_reaction  | outflow_gradient | platen_max     | platen_min     |
+----------------+----------------+----------------+------------------+----------------+----------------+
:                :                :                :                  :                :                :
|   7.400000e-02 |   1.510713e-01 |  -2.365293e-02 |     2.320077e-02 |  -6.415714e-03 |  -6.415714e-03 |
|   7.500000e-02 |   1.510484e-01 |  -2.286688e-02 |     2.242988e-02 |  -6.419140e-03 |  -6.419140e-03 |
|   7.600000e-02 |   1.510263e-01 |  -2.210687e-02 |     2.168452e-02 |  -6.422451e-03 |  -6.422451e-03 |
|   7.700000e-02 |   1.510050e-01 |  -2.137204e-02 |     2.096385e-02 |  -6.425653e-03 |  -6.425653e-03 |
|   7.800000e-02 |   1.509843e-01 |  -2.066157e-02 |     2.026706e-02 |  -6.428749e-03 |  -6.428749e-03 |
|   7.900000e-02 |   1.509643e-01 |  -1.997464e-02 |     1.959336e-02 |  -6.431742e-03 |  -6.431742e-03 |
|   8.000000e-02 |   1.509450e-01 |  -1.931049e-02 |     1.894198e-02 |  -6.434635e-03 |  -6.434635e-03 |
|   8.100000e-02 |   1.509263e-01 |  -1.866836e-02 |     1.831220e-02 |  -6.437433e-03 |  -6.437433e-03 |
|   8.200000e-02 |   1.509083e-01 |  -1.804753e-02 |     1.770330e-02 |  -6.440137e-03 |  -6.440137e-03 |
|   8.300000e-02 |   1.508908e-01 |  -1.744729e-02 |     1.711459e-02 |  -6.442752e-03 |  -6.442752e-03 |
|   8.400000e-02 |   1.508740e-01 |  -1.686697e-02 |     1.654540e-02 |  -6.445280e-03 |  -6.445280e-03 |
|   8.500000e-02 |   1.508577e-01 |  -1.630591e-02 |     1.599510e-02 |  -6.447724e-03 |  -6.447724e-03 |
|   8.600000e-02 |   1.508419e-01 |  -1.576346e-02 |     1.546306e-02 |  -6.450087e-03 |  -6.450087e-03 |
|   8.700000e-02 |   1.508267e-01 |  -1.523902e-02 |     1.494868e-02 |  -6.452371e-03 |  -6.452371e-03 |
|   8.800000e-02 |   1.508119e-01 |  -1.473199e-02 |     1.445137e-02 |  -6.454579e-03 |  -6.454579e-03 |
+----------------+----------------+----------------+------------------+----------------+----------------+
+----------------+--------------------+--------------------+----------------+----------------+----------------+
| time           | solid_fraction_max | solid_fraction_min | stability_max  | stability_min  | top_reaction   |
+----------------+--------------------+--------------------+----------------+----------------+----------------+
:                :                    :                    :                :                :                :
|   7.400000e-02 |       6.113473e-01 |       6.107433e-01 |   2.801414e+01 |   2.800032e+01 |  -1.400000e+00 |
|   7.500000e-02 |       6.113540e-01 |       6.107700e-01 |   2.801367e+01 |   2.800031e+01 |  -1.400000e+00 |
|   7.600000e-02 |       6.113604e-01 |       6.107959e-01 |   2.801322e+01 |   2.800030e+01 |  -1.400000e+00 |
|   7.700000e-02 |       6.113667e-01 |       6.108209e-01 |   2.801278e+01 |   2.800029e+01 |  -1.400000e+00 |
|   7.800000e-02 |       6.113727e-01 |       6.108451e-01 |   2.801235e+01 |   2.800028e+01 |  -1.400000e+00 |
|   7.900000e-02 |       6.113786e-01 |       6.108684e-01 |   2.801194e+01 |   2.800027e+01 |  -1.400000e+00 |
|   8.000000e-02 |       6.113843e-01 |       6.108910e-01 |   2.801155e+01 |   2.800026e+01 |  -1.400000e+00 |
|   8.100000e-02 |       6.113897e-01 |       6.109129e-01 |   2.801116e+01 |   2.800026e+01 |  -1.400000e+00 |
|   8.200000e-02 |       6.113950e-01 |       6.109340e-01 |   2.801079e+01 |   2.800025e+01 |  -1.400000e+00 |
|   8.300000e-02 |       6.114001e-01 |       6.109545e-01 |   2.801043e+01 |   2.800024e+01 |  -1.400000e+00 |
|   8.400000e-02 |       6.114051e-01 |       6.109742e-01 |   2.801009e+01 |   2.800023e+01 |  -1.400000e+00 |
|   8.500000e-02 |       6.114098e-01 |       6.109933e-01 |   2.800975e+01 |   2.800022e+01 |  -1.400000e+00 |
|   8.600000e-02 |       6.114145e-01 |       6.110118e-01 |   2.800943e+01 |   2.800022e+01 |  -1.400000e+00 |
|   8.700000e-02 |       6.114189e-01 |       6.110296e-01 |   2.800911e+01 |   2.800021e+01 |  -1.400000e+00 |
|   8.800000e-02 |       6.114232e-01 |       6.110469e-01 |   2.800881e+01 |   2.800020e+01 |  -1.400000e+00 |
+----------------+--------------------+--------------------+----------------+----------------+----------------+


Time Step 89, time = 0.089, dt = 0.001
 * Nonlinear |R| = [32m1.829483e-03[39m (Before preset BCs, predictors, correctors, and constraints)
 0 Nonlinear |R| = [32m1.829483e-03[39m
      0 Linear |R| = [32m1.829483e-03[39m
      1 Linear |R| = [32m6.685900e-04[39m
      2 Linear |R| = [32m5.909143e-04[39m
      3 Linear |R| = [32m1.037587e-05[39m
      4 Linear |R| = [32m3.159189e-06[39m
      5 Linear |R| = [32m2.284230e-06[39m
      6 Linear |R| = [32m2.772549e-07[39m
      7 Linear |R| = [32m3.719557e-08[39m
      8 Linear |R| = [32m8.940292e-09[39m
      9 Linear |R| = [32m3.297047e-09[39m
     10 Linear |R| = [32m1.598872e-09[39m
     11 Linear |R| = [32m3.306313e-10[39m
     12 Linear |R| = [32m1.356514e-10[39m
     13 Linear |R| = [32m2.304281e-11[39m
     14 Linear |R| = [32m2.725091e-12[39m
     15 Linear |R| = [32m2.635417e-13[39m
 1 Nonlinear |R| = [32m8.694676e-08[39m
      0 Linear |R| = [32m8.694676e-08[39m
      1 Linear |R| = [32m1.596154e-08[39m
      2 Linear |R| = [32m5.765322e-09[39m
      3 Linear |R| = [32m2.619878e-10[39m
      4 Linear |R| = [32m8.575967e-11[39m
      5 Linear |R| = [32m8.114048e-11[39m
      6 Linear |R| = [32m2.291338e-11[39m
      7 Linear |R| = [32m3.084660e-12[39m
      8 Linear |R| = [32m4.405254e-13[39m
      9 Linear |R| = [32m3.350770e-13[39m
     10 Linear |R| = [32m1.905911e-13[39m
     11 Linear |R| = [32m2.207518e-14[39m
     12 Linear |R| = [32m4.359422e-15[39m
     13 Linear |R| = [32m1.561512e-15[39m
     14 Linear |R| = [32m2.093596e-16[39m
     15 Linear |R| = [32m1.645490e-17[39m
 2 Nonlinear |R| = [32m3.330616e-13[39m
[32m Solve Converged![39m

Outlier Variable Residual Norms:
  uy: [33m2.948067e-13[39m

Postprocessor Values:
+----------------+----------------+----------------+----------------+----------------+----------------+----------------+
| time           | J_max          | J_min          | Jbar_max       | Jbar_min       | center_pressure| edge_ux        |
+----------------+----------------+----------------+----------------+----------------+----------------+----------------+
:                :                :                :                :                :                :                :
|   7.500000e-02 |   9.691503e-01 |   9.683555e-01 |   9.866800e-01 |   9.865466e-01 |   2.380339e-02 |   1.972496e-03 |
|   7.600000e-02 |   9.691069e-01 |   9.683386e-01 |   9.866732e-01 |   9.865442e-01 |   2.301318e-02 |   1.937092e-03 |
|   7.700000e-02 |   9.690650e-01 |   9.683222e-01 |   9.866666e-01 |   9.865419e-01 |   2.224910e-02 |   1.902863e-03 |
|   7.800000e-02 |   9.690244e-01 |   9.683063e-01 |   9.866602e-01 |   9.865396e-01 |   2.151028e-02 |   1.869769e-03 |
|   7.900000e-02 |   9.689852e-01 |   9.682910e-01 |   9.866540e-01 |   9.865374e-01 |   2.079590e-02 |   1.837775e-03 |
|   8.000000e-02 |   9.689472e-01 |   9.682762e-01 |   9.866480e-01 |   9.865353e-01 |   2.010515e-02 |   1.806842e-03 |
|   8.100000e-02 |   9.689106e-01 |   9.682619e-01 |   9.866423e-01 |   9.865333e-01 |   1.943726e-02 |   1.776936e-03 |
|   8.200000e-02 |   9.688751e-01 |   9.682480e-01 |   9.866367e-01 |   9.865313e-01 |   1.879148e-02 |   1.748023e-03 |
|   8.300000e-02 |   9.688408e-01 |   9.682346e-01 |   9.866313e-01 |   9.865294e-01 |   1.816708e-02 |   1.720071e-03 |
|   8.400000e-02 |   9.688077e-01 |   9.682217e-01 |   9.866261e-01 |   9.865276e-01 |   1.756336e-02 |   1.693047e-03 |
|   8.500000e-02 |   9.687757e-01 |   9.682092e-01 |   9.866210e-01 |   9.865258e-01 |   1.697964e-02 |   1.666920e-03 |
|   8.600000e-02 |   9.687447e-01 |   9.681971e-01 |   9.866161e-01 |   9.865241e-01 |   1.641525e-02 |   1.641662e-03 |
|   8.700000e-02 |   9.687148e-01 |   9.681854e-01 |   9.866114e-01 |   9.865224e-01 |   1.586957e-02 |   1.617243e-03 |
|   8.800000e-02 |   9.686858e-01 |   9.681741e-01 |   9.866069e-01 |   9.865208e-01 |   1.534198e-02 |   1.593636e-03 |
|   8.900000e-02 |   9.686579e-01 |   9.681631e-01 |   9.866025e-01 |   9.865192e-01 |   1.483187e-02 |   1.570813e-03 |
+----------------+----------------+----------------+----------------+----------------+----------------+----------------+
+----------------+----------------+----------------+------------------+----------------+----------------+
| time           | mass           | mass_reaction  | outflow_gradient | platen_max     | platen_min     |
+----------------+----------------+----------------+------------------+----------------+----------------+
:                :                :                :                  :                :                :
|   7.500000e-02 |   1.510484e-01 |  -2.286688e-02 |     2.242988e-02 |  -6.419140e-03 |  -6.419140e-03 |
|   7.600000e-02 |   1.510263e-01 |  -2.210687e-02 |     2.168452e-02 |  -6.422451e-03 |  -6.422451e-03 |
|   7.700000e-02 |   1.510050e-01 |  -2.137204e-02 |     2.096385e-02 |  -6.425653e-03 |  -6.425653e-03 |
|   7.800000e-02 |   1.509843e-01 |  -2.066157e-02 |     2.026706e-02 |  -6.428749e-03 |  -6.428749e-03 |
|   7.900000e-02 |   1.509643e-01 |  -1.997464e-02 |     1.959336e-02 |  -6.431742e-03 |  -6.431742e-03 |
|   8.000000e-02 |   1.509450e-01 |  -1.931049e-02 |     1.894198e-02 |  -6.434635e-03 |  -6.434635e-03 |
|   8.100000e-02 |   1.509263e-01 |  -1.866836e-02 |     1.831220e-02 |  -6.437433e-03 |  -6.437433e-03 |
|   8.200000e-02 |   1.509083e-01 |  -1.804753e-02 |     1.770330e-02 |  -6.440137e-03 |  -6.440137e-03 |
|   8.300000e-02 |   1.508908e-01 |  -1.744729e-02 |     1.711459e-02 |  -6.442752e-03 |  -6.442752e-03 |
|   8.400000e-02 |   1.508740e-01 |  -1.686697e-02 |     1.654540e-02 |  -6.445280e-03 |  -6.445280e-03 |
|   8.500000e-02 |   1.508577e-01 |  -1.630591e-02 |     1.599510e-02 |  -6.447724e-03 |  -6.447724e-03 |
|   8.600000e-02 |   1.508419e-01 |  -1.576346e-02 |     1.546306e-02 |  -6.450087e-03 |  -6.450087e-03 |
|   8.700000e-02 |   1.508267e-01 |  -1.523902e-02 |     1.494868e-02 |  -6.452371e-03 |  -6.452371e-03 |
|   8.800000e-02 |   1.508119e-01 |  -1.473199e-02 |     1.445137e-02 |  -6.454579e-03 |  -6.454579e-03 |
|   8.900000e-02 |   1.507977e-01 |  -1.424180e-02 |     1.397056e-02 |  -6.456714e-03 |  -6.456714e-03 |
+----------------+----------------+----------------+------------------+----------------+----------------+
+----------------+--------------------+--------------------+----------------+----------------+----------------+
| time           | solid_fraction_max | solid_fraction_min | stability_max  | stability_min  | top_reaction   |
+----------------+--------------------+--------------------+----------------+----------------+----------------+
:                :                    :                    :                :                :                :
|   7.500000e-02 |       6.113540e-01 |       6.107700e-01 |   2.801367e+01 |   2.800031e+01 |  -1.400000e+00 |
|   7.600000e-02 |       6.113604e-01 |       6.107959e-01 |   2.801322e+01 |   2.800030e+01 |  -1.400000e+00 |
|   7.700000e-02 |       6.113667e-01 |       6.108209e-01 |   2.801278e+01 |   2.800029e+01 |  -1.400000e+00 |
|   7.800000e-02 |       6.113727e-01 |       6.108451e-01 |   2.801235e+01 |   2.800028e+01 |  -1.400000e+00 |
|   7.900000e-02 |       6.113786e-01 |       6.108684e-01 |   2.801194e+01 |   2.800027e+01 |  -1.400000e+00 |
|   8.000000e-02 |       6.113843e-01 |       6.108910e-01 |   2.801155e+01 |   2.800026e+01 |  -1.400000e+00 |
|   8.100000e-02 |       6.113897e-01 |       6.109129e-01 |   2.801116e+01 |   2.800026e+01 |  -1.400000e+00 |
|   8.200000e-02 |       6.113950e-01 |       6.109340e-01 |   2.801079e+01 |   2.800025e+01 |  -1.400000e+00 |
|   8.300000e-02 |       6.114001e-01 |       6.109545e-01 |   2.801043e+01 |   2.800024e+01 |  -1.400000e+00 |
|   8.400000e-02 |       6.114051e-01 |       6.109742e-01 |   2.801009e+01 |   2.800023e+01 |  -1.400000e+00 |
|   8.500000e-02 |       6.114098e-01 |       6.109933e-01 |   2.800975e+01 |   2.800022e+01 |  -1.400000e+00 |
|   8.600000e-02 |       6.114145e-01 |       6.110118e-01 |   2.800943e+01 |   2.800022e+01 |  -1.400000e+00 |
|   8.700000e-02 |       6.114189e-01 |       6.110296e-01 |   2.800911e+01 |   2.800021e+01 |  -1.400000e+00 |
|   8.800000e-02 |       6.114232e-01 |       6.110469e-01 |   2.800881e+01 |   2.800020e+01 |  -1.400000e+00 |
|   8.900000e-02 |       6.114274e-01 |       6.110636e-01 |   2.800852e+01 |   2.800020e+01 |  -1.400000e+00 |
+----------------+--------------------+--------------------+----------------+----------------+----------------+


Time Step 90, time = 0.09, dt = 0.001
 * Nonlinear |R| = [32m1.768599e-03[39m (Before preset BCs, predictors, correctors, and constraints)
 0 Nonlinear |R| = [32m1.768599e-03[39m
      0 Linear |R| = [32m1.768599e-03[39m
      1 Linear |R| = [32m6.463749e-04[39m
      2 Linear |R| = [32m5.712871e-04[39m
      3 Linear |R| = [32m1.003098e-05[39m
      4 Linear |R| = [32m3.054373e-06[39m
      5 Linear |R| = [32m2.217243e-06[39m
      6 Linear |R| = [32m2.680387e-07[39m
      7 Linear |R| = [32m3.595847e-08[39m
      8 Linear |R| = [32m7.218518e-09[39m
      9 Linear |R| = [32m3.187216e-09[39m
     10 Linear |R| = [32m1.545181e-09[39m
     11 Linear |R| = [32m3.196549e-10[39m
     12 Linear |R| = [32m1.573505e-10[39m
     13 Linear |R| = [32m2.227595e-11[39m
     14 Linear |R| = [32m2.634452e-12[39m
     15 Linear |R| = [32m3.387007e-13[39m
 1 Nonlinear |R| = [32m8.146892e-08[39m
      0 Linear |R| = [32m8.146892e-08[39m
      1 Linear |R| = [32m1.452837e-08[39m
      2 Linear |R| = [32m1.500973e-09[39m
      3 Linear |R| = [32m2.457055e-10[39m
      4 Linear |R| = [32m8.079259e-11[39m
      5 Linear |R| = [32m7.548568e-11[39m
      6 Linear |R| = [32m2.193696e-11[39m
      7 Linear |R| = [32m2.791568e-12[39m
      8 Linear |R| = [32m3.569318e-13[39m
      9 Linear |R| = [32m2.831700e-13[39m
     10 Linear |R| = [32m1.644763e-13[39m
     11 Linear |R| = [32m1.840997e-14[39m
     12 Linear |R| = [32m4.179314e-15[39m
     13 Linear |R| = [32m2.378637e-15[39m
     14 Linear |R| = [32m1.440798e-16[39m
     15 Linear |R| = [32m1.982873e-17[39m
 2 Nonlinear |R| = [32m2.976447e-13[39m
[32m Solve Converged![39m

Outlier Variable Residual Norms:
  uy: [33m2.527618e-13[39m

Postprocessor Values:
+----------------+----------------+----------------+----------------+----------------+----------------+----------------+
| time           | J_max          | J_min          | Jbar_max       | Jbar_min       | center_pressure| edge_ux        |
+----------------+----------------+----------------+----------------+----------------+----------------+----------------+
:                :                :                :                :                :                :                :
|   7.600000e-02 |   9.691069e-01 |   9.683386e-01 |   9.866732e-01 |   9.865442e-01 |   2.301318e-02 |   1.937092e-03 |
|   7.700000e-02 |   9.690650e-01 |   9.683222e-01 |   9.866666e-01 |   9.865419e-01 |   2.224910e-02 |   1.902863e-03 |
|   7.800000e-02 |   9.690244e-01 |   9.683063e-01 |   9.866602e-01 |   9.865396e-01 |   2.151028e-02 |   1.869769e-03 |
|   7.900000e-02 |   9.689852e-01 |   9.682910e-01 |   9.866540e-01 |   9.865374e-01 |   2.079590e-02 |   1.837775e-03 |
|   8.000000e-02 |   9.689472e-01 |   9.682762e-01 |   9.866480e-01 |   9.865353e-01 |   2.010515e-02 |   1.806842e-03 |
|   8.100000e-02 |   9.689106e-01 |   9.682619e-01 |   9.866423e-01 |   9.865333e-01 |   1.943726e-02 |   1.776936e-03 |
|   8.200000e-02 |   9.688751e-01 |   9.682480e-01 |   9.866367e-01 |   9.865313e-01 |   1.879148e-02 |   1.748023e-03 |
|   8.300000e-02 |   9.688408e-01 |   9.682346e-01 |   9.866313e-01 |   9.865294e-01 |   1.816708e-02 |   1.720071e-03 |
|   8.400000e-02 |   9.688077e-01 |   9.682217e-01 |   9.866261e-01 |   9.865276e-01 |   1.756336e-02 |   1.693047e-03 |
|   8.500000e-02 |   9.687757e-01 |   9.682092e-01 |   9.866210e-01 |   9.865258e-01 |   1.697964e-02 |   1.666920e-03 |
|   8.600000e-02 |   9.687447e-01 |   9.681971e-01 |   9.866161e-01 |   9.865241e-01 |   1.641525e-02 |   1.641662e-03 |
|   8.700000e-02 |   9.687148e-01 |   9.681854e-01 |   9.866114e-01 |   9.865224e-01 |   1.586957e-02 |   1.617243e-03 |
|   8.800000e-02 |   9.686858e-01 |   9.681741e-01 |   9.866069e-01 |   9.865208e-01 |   1.534198e-02 |   1.593636e-03 |
|   8.900000e-02 |   9.686579e-01 |   9.681631e-01 |   9.866025e-01 |   9.865192e-01 |   1.483187e-02 |   1.570813e-03 |
|   9.000000e-02 |   9.686308e-01 |   9.681526e-01 |   9.865982e-01 |   9.865177e-01 |   1.433868e-02 |   1.548748e-03 |
+----------------+----------------+----------------+----------------+----------------+----------------+----------------+
+----------------+----------------+----------------+------------------+----------------+----------------+
| time           | mass           | mass_reaction  | outflow_gradient | platen_max     | platen_min     |
+----------------+----------------+----------------+------------------+----------------+----------------+
:                :                :                :                  :                :                :
|   7.600000e-02 |   1.510263e-01 |  -2.210687e-02 |     2.168452e-02 |  -6.422451e-03 |  -6.422451e-03 |
|   7.700000e-02 |   1.510050e-01 |  -2.137204e-02 |     2.096385e-02 |  -6.425653e-03 |  -6.425653e-03 |
|   7.800000e-02 |   1.509843e-01 |  -2.066157e-02 |     2.026706e-02 |  -6.428749e-03 |  -6.428749e-03 |
|   7.900000e-02 |   1.509643e-01 |  -1.997464e-02 |     1.959336e-02 |  -6.431742e-03 |  -6.431742e-03 |
|   8.000000e-02 |   1.509450e-01 |  -1.931049e-02 |     1.894198e-02 |  -6.434635e-03 |  -6.434635e-03 |
|   8.100000e-02 |   1.509263e-01 |  -1.866836e-02 |     1.831220e-02 |  -6.437433e-03 |  -6.437433e-03 |
|   8.200000e-02 |   1.509083e-01 |  -1.804753e-02 |     1.770330e-02 |  -6.440137e-03 |  -6.440137e-03 |
|   8.300000e-02 |   1.508908e-01 |  -1.744729e-02 |     1.711459e-02 |  -6.442752e-03 |  -6.442752e-03 |
|   8.400000e-02 |   1.508740e-01 |  -1.686697e-02 |     1.654540e-02 |  -6.445280e-03 |  -6.445280e-03 |
|   8.500000e-02 |   1.508577e-01 |  -1.630591e-02 |     1.599510e-02 |  -6.447724e-03 |  -6.447724e-03 |
|   8.600000e-02 |   1.508419e-01 |  -1.576346e-02 |     1.546306e-02 |  -6.450087e-03 |  -6.450087e-03 |
|   8.700000e-02 |   1.508267e-01 |  -1.523902e-02 |     1.494868e-02 |  -6.452371e-03 |  -6.452371e-03 |
|   8.800000e-02 |   1.508119e-01 |  -1.473199e-02 |     1.445137e-02 |  -6.454579e-03 |  -6.454579e-03 |
|   8.900000e-02 |   1.507977e-01 |  -1.424180e-02 |     1.397056e-02 |  -6.456714e-03 |  -6.456714e-03 |
|   9.000000e-02 |   1.507839e-01 |  -1.376788e-02 |     1.350572e-02 |  -6.458778e-03 |  -6.458778e-03 |
+----------------+----------------+----------------+------------------+----------------+----------------+
+----------------+--------------------+--------------------+----------------+----------------+----------------+
| time           | solid_fraction_max | solid_fraction_min | stability_max  | stability_min  | top_reaction   |
+----------------+--------------------+--------------------+----------------+----------------+----------------+
:                :                    :                    :                :                :                :
|   7.600000e-02 |       6.113604e-01 |       6.107959e-01 |   2.801322e+01 |   2.800030e+01 |  -1.400000e+00 |
|   7.700000e-02 |       6.113667e-01 |       6.108209e-01 |   2.801278e+01 |   2.800029e+01 |  -1.400000e+00 |
|   7.800000e-02 |       6.113727e-01 |       6.108451e-01 |   2.801235e+01 |   2.800028e+01 |  -1.400000e+00 |
|   7.900000e-02 |       6.113786e-01 |       6.108684e-01 |   2.801194e+01 |   2.800027e+01 |  -1.400000e+00 |
|   8.000000e-02 |       6.113843e-01 |       6.108910e-01 |   2.801155e+01 |   2.800026e+01 |  -1.400000e+00 |
|   8.100000e-02 |       6.113897e-01 |       6.109129e-01 |   2.801116e+01 |   2.800026e+01 |  -1.400000e+00 |
|   8.200000e-02 |       6.113950e-01 |       6.109340e-01 |   2.801079e+01 |   2.800025e+01 |  -1.400000e+00 |
|   8.300000e-02 |       6.114001e-01 |       6.109545e-01 |   2.801043e+01 |   2.800024e+01 |  -1.400000e+00 |
|   8.400000e-02 |       6.114051e-01 |       6.109742e-01 |   2.801009e+01 |   2.800023e+01 |  -1.400000e+00 |
|   8.500000e-02 |       6.114098e-01 |       6.109933e-01 |   2.800975e+01 |   2.800022e+01 |  -1.400000e+00 |
|   8.600000e-02 |       6.114145e-01 |       6.110118e-01 |   2.800943e+01 |   2.800022e+01 |  -1.400000e+00 |
|   8.700000e-02 |       6.114189e-01 |       6.110296e-01 |   2.800911e+01 |   2.800021e+01 |  -1.400000e+00 |
|   8.800000e-02 |       6.114232e-01 |       6.110469e-01 |   2.800881e+01 |   2.800020e+01 |  -1.400000e+00 |
|   8.900000e-02 |       6.114274e-01 |       6.110636e-01 |   2.800852e+01 |   2.800020e+01 |  -1.400000e+00 |
|   9.000000e-02 |       6.114314e-01 |       6.110797e-01 |   2.800823e+01 |   2.800019e+01 |  -1.400000e+00 |
+----------------+--------------------+--------------------+----------------+----------------+----------------+


Time Step 91, time = 0.091, dt = 0.001
 * Nonlinear |R| = [32m1.709738e-03[39m (Before preset BCs, predictors, correctors, and constraints)
 0 Nonlinear |R| = [32m1.709738e-03[39m
      0 Linear |R| = [32m1.709738e-03[39m
      1 Linear |R| = [32m6.248981e-04[39m
      2 Linear |R| = [32m5.523138e-04[39m
      3 Linear |R| = [32m9.697466e-06[39m
      4 Linear |R| = [32m2.952716e-06[39m
      5 Linear |R| = [32m2.175230e-06[39m
      6 Linear |R| = [32m2.591286e-07[39m
      7 Linear |R| = [32m3.476357e-08[39m
      8 Linear |R| = [32m7.384390e-09[39m
      9 Linear |R| = [32m3.081307e-09[39m
     10 Linear |R| = [32m1.494273e-09[39m
     11 Linear |R| = [32m3.090035e-10[39m
     12 Linear |R| = [32m1.045280e-10[39m
     13 Linear |R| = [32m2.153546e-11[39m
     14 Linear |R| = [32m2.546649e-12[39m
     15 Linear |R| = [32m2.298887e-13[39m
 1 Nonlinear |R| = [32m7.556835e-08[39m
      0 Linear |R| = [32m7.556835e-08[39m
      1 Linear |R| = [32m1.378021e-08[39m
      2 Linear |R| = [32m2.286971e-09[39m
      3 Linear |R| = [32m2.247980e-10[39m
      4 Linear |R| = [32m7.580285e-11[39m
      5 Linear |R| = [33m7.204632e-11[39m
      6 Linear |R| = [32m2.138759e-11[39m
      7 Linear |R| = [32m2.348134e-12[39m
      8 Linear |R| = [32m3.412883e-13[39m
      9 Linear |R| = [33m3.270057e-13[39m
     10 Linear |R| = [32m1.541179e-13[39m
     11 Linear |R| = [32m1.139796e-14[39m
     12 Linear |R| = [32m2.560936e-15[39m
     13 Linear |R| = [32m1.696623e-15[39m
     14 Linear |R| = [32m1.062984e-16[39m
     15 Linear |R| = [32m1.002538e-17[39m
 2 Nonlinear |R| = [32m2.980545e-13[39m
[32m Solve Converged![39m

Outlier Variable Residual Norms:
  uy: [33m2.596234e-13[39m

Postprocessor Values:
+----------------+----------------+----------------+----------------+----------------+----------------+----------------+
| time           | J_max          | J_min          | Jbar_max       | Jbar_min       | center_pressure| edge_ux        |
+----------------+----------------+----------------+----------------+----------------+----------------+----------------+
:                :                :                :                :                :                :                :
|   7.700000e-02 |   9.690650e-01 |   9.683222e-01 |   9.866666e-01 |   9.865419e-01 |   2.224910e-02 |   1.902863e-03 |
|   7.800000e-02 |   9.690244e-01 |   9.683063e-01 |   9.866602e-01 |   9.865396e-01 |   2.151028e-02 |   1.869769e-03 |
|   7.900000e-02 |   9.689852e-01 |   9.682910e-01 |   9.866540e-01 |   9.865374e-01 |   2.079590e-02 |   1.837775e-03 |
|   8.000000e-02 |   9.689472e-01 |   9.682762e-01 |   9.866480e-01 |   9.865353e-01 |   2.010515e-02 |   1.806842e-03 |
|   8.100000e-02 |   9.689106e-01 |   9.682619e-01 |   9.866423e-01 |   9.865333e-01 |   1.943726e-02 |   1.776936e-03 |
|   8.200000e-02 |   9.688751e-01 |   9.682480e-01 |   9.866367e-01 |   9.865313e-01 |   1.879148e-02 |   1.748023e-03 |
|   8.300000e-02 |   9.688408e-01 |   9.682346e-01 |   9.866313e-01 |   9.865294e-01 |   1.816708e-02 |   1.720071e-03 |
|   8.400000e-02 |   9.688077e-01 |   9.682217e-01 |   9.866261e-01 |   9.865276e-01 |   1.756336e-02 |   1.693047e-03 |
|   8.500000e-02 |   9.687757e-01 |   9.682092e-01 |   9.866210e-01 |   9.865258e-01 |   1.697964e-02 |   1.666920e-03 |
|   8.600000e-02 |   9.687447e-01 |   9.681971e-01 |   9.866161e-01 |   9.865241e-01 |   1.641525e-02 |   1.641662e-03 |
|   8.700000e-02 |   9.687148e-01 |   9.681854e-01 |   9.866114e-01 |   9.865224e-01 |   1.586957e-02 |   1.617243e-03 |
|   8.800000e-02 |   9.686858e-01 |   9.681741e-01 |   9.866069e-01 |   9.865208e-01 |   1.534198e-02 |   1.593636e-03 |
|   8.900000e-02 |   9.686579e-01 |   9.681631e-01 |   9.866025e-01 |   9.865192e-01 |   1.483187e-02 |   1.570813e-03 |
|   9.000000e-02 |   9.686308e-01 |   9.681526e-01 |   9.865982e-01 |   9.865177e-01 |   1.433868e-02 |   1.548748e-03 |
|   9.100000e-02 |   9.686047e-01 |   9.681424e-01 |   9.865941e-01 |   9.865163e-01 |   1.386185e-02 |   1.527417e-03 |
+----------------+----------------+----------------+----------------+----------------+----------------+----------------+
+----------------+----------------+----------------+------------------+----------------+----------------+
| time           | mass           | mass_reaction  | outflow_gradient | platen_max     | platen_min     |
+----------------+----------------+----------------+------------------+----------------+----------------+
:                :                :                :                  :                :                :
|   7.700000e-02 |   1.510050e-01 |  -2.137204e-02 |     2.096385e-02 |  -6.425653e-03 |  -6.425653e-03 |
|   7.800000e-02 |   1.509843e-01 |  -2.066157e-02 |     2.026706e-02 |  -6.428749e-03 |  -6.428749e-03 |
|   7.900000e-02 |   1.509643e-01 |  -1.997464e-02 |     1.959336e-02 |  -6.431742e-03 |  -6.431742e-03 |
|   8.000000e-02 |   1.509450e-01 |  -1.931049e-02 |     1.894198e-02 |  -6.434635e-03 |  -6.434635e-03 |
|   8.100000e-02 |   1.509263e-01 |  -1.866836e-02 |     1.831220e-02 |  -6.437433e-03 |  -6.437433e-03 |
|   8.200000e-02 |   1.509083e-01 |  -1.804753e-02 |     1.770330e-02 |  -6.440137e-03 |  -6.440137e-03 |
|   8.300000e-02 |   1.508908e-01 |  -1.744729e-02 |     1.711459e-02 |  -6.442752e-03 |  -6.442752e-03 |
|   8.400000e-02 |   1.508740e-01 |  -1.686697e-02 |     1.654540e-02 |  -6.445280e-03 |  -6.445280e-03 |
|   8.500000e-02 |   1.508577e-01 |  -1.630591e-02 |     1.599510e-02 |  -6.447724e-03 |  -6.447724e-03 |
|   8.600000e-02 |   1.508419e-01 |  -1.576346e-02 |     1.546306e-02 |  -6.450087e-03 |  -6.450087e-03 |
|   8.700000e-02 |   1.508267e-01 |  -1.523902e-02 |     1.494868e-02 |  -6.452371e-03 |  -6.452371e-03 |
|   8.800000e-02 |   1.508119e-01 |  -1.473199e-02 |     1.445137e-02 |  -6.454579e-03 |  -6.454579e-03 |
|   8.900000e-02 |   1.507977e-01 |  -1.424180e-02 |     1.397056e-02 |  -6.456714e-03 |  -6.456714e-03 |
|   9.000000e-02 |   1.507839e-01 |  -1.376788e-02 |     1.350572e-02 |  -6.458778e-03 |  -6.458778e-03 |
|   9.100000e-02 |   1.507706e-01 |  -1.330970e-02 |     1.305631e-02 |  -6.460774e-03 |  -6.460774e-03 |
+----------------+----------------+----------------+------------------+----------------+----------------+
+----------------+--------------------+--------------------+----------------+----------------+----------------+
| time           | solid_fraction_max | solid_fraction_min | stability_max  | stability_min  | top_reaction   |
+----------------+--------------------+--------------------+----------------+----------------+----------------+
:                :                    :                    :                :                :                :
|   7.700000e-02 |       6.113667e-01 |       6.108209e-01 |   2.801278e+01 |   2.800029e+01 |  -1.400000e+00 |
|   7.800000e-02 |       6.113727e-01 |       6.108451e-01 |   2.801235e+01 |   2.800028e+01 |  -1.400000e+00 |
|   7.900000e-02 |       6.113786e-01 |       6.108684e-01 |   2.801194e+01 |   2.800027e+01 |  -1.400000e+00 |
|   8.000000e-02 |       6.113843e-01 |       6.108910e-01 |   2.801155e+01 |   2.800026e+01 |  -1.400000e+00 |
|   8.100000e-02 |       6.113897e-01 |       6.109129e-01 |   2.801116e+01 |   2.800026e+01 |  -1.400000e+00 |
|   8.200000e-02 |       6.113950e-01 |       6.109340e-01 |   2.801079e+01 |   2.800025e+01 |  -1.400000e+00 |
|   8.300000e-02 |       6.114001e-01 |       6.109545e-01 |   2.801043e+01 |   2.800024e+01 |  -1.400000e+00 |
|   8.400000e-02 |       6.114051e-01 |       6.109742e-01 |   2.801009e+01 |   2.800023e+01 |  -1.400000e+00 |
|   8.500000e-02 |       6.114098e-01 |       6.109933e-01 |   2.800975e+01 |   2.800022e+01 |  -1.400000e+00 |
|   8.600000e-02 |       6.114145e-01 |       6.110118e-01 |   2.800943e+01 |   2.800022e+01 |  -1.400000e+00 |
|   8.700000e-02 |       6.114189e-01 |       6.110296e-01 |   2.800911e+01 |   2.800021e+01 |  -1.400000e+00 |
|   8.800000e-02 |       6.114232e-01 |       6.110469e-01 |   2.800881e+01 |   2.800020e+01 |  -1.400000e+00 |
|   8.900000e-02 |       6.114274e-01 |       6.110636e-01 |   2.800852e+01 |   2.800020e+01 |  -1.400000e+00 |
|   9.000000e-02 |       6.114314e-01 |       6.110797e-01 |   2.800823e+01 |   2.800019e+01 |  -1.400000e+00 |
|   9.100000e-02 |       6.114353e-01 |       6.110953e-01 |   2.800796e+01 |   2.800018e+01 |  -1.400000e+00 |
+----------------+--------------------+--------------------+----------------+----------------+----------------+


Time Step 92, time = 0.092, dt = 0.001
 * Nonlinear |R| = [32m1.652832e-03[39m (Before preset BCs, predictors, correctors, and constraints)
 0 Nonlinear |R| = [32m1.652832e-03[39m
      0 Linear |R| = [32m1.652832e-03[39m
      1 Linear |R| = [32m6.041301e-04[39m
      2 Linear |R| = [32m5.339641e-04[39m
      3 Linear |R| = [32m9.375036e-06[39m
      4 Linear |R| = [32m2.855078e-06[39m
      5 Linear |R| = [32m2.133244e-06[39m
      6 Linear |R| = [32m2.505104e-07[39m
      7 Linear |R| = [32m3.360810e-08[39m
      8 Linear |R| = [32m7.650914e-09[39m
      9 Linear |R| = [32m2.978560e-09[39m
     10 Linear |R| = [32m1.443761e-09[39m
     11 Linear |R| = [32m2.986915e-10[39m
     12 Linear |R| = [32m8.865319e-11[39m
     13 Linear |R| = [32m2.081943e-11[39m
     14 Linear |R| = [32m2.461884e-12[39m
     15 Linear |R| = [32m2.646199e-13[39m
 1 Nonlinear |R| = [32m7.026621e-08[39m
      0 Linear |R| = [32m7.026621e-08[39m
      1 Linear |R| = [32m1.299337e-08[39m
      2 Linear |R| = [32m1.009546e-09[39m
      3 Linear |R| = [32m2.316031e-10[39m
      4 Linear |R| = [32m7.670780e-11[39m
      5 Linear |R| = [32m7.269790e-11[39m
      6 Linear |R| = [32m2.193634e-11[39m
      7 Linear |R| = [32m2.675604e-12[39m
      8 Linear |R| = [32m3.217190e-13[39m
      9 Linear |R| = [32m2.461486e-13[39m
     10 Linear |R| = [32m8.209688e-14[39m
     11 Linear |R| = [32m1.511163e-14[39m
     12 Linear |R| = [32m4.561005e-15[39m
     13 Linear |R| = [32m1.486124e-15[39m
     14 Linear |R| = [32m2.067584e-16[39m
     15 Linear |R| = [32m1.505955e-17[39m
 2 Nonlinear |R| = [32m3.301205e-13[39m
[32m Solve Converged![39m

Outlier Variable Residual Norms:
  uy: [33m2.926324e-13[39m

Postprocessor Values:
+----------------+----------------+----------------+----------------+----------------+----------------+----------------+
| time           | J_max          | J_min          | Jbar_max       | Jbar_min       | center_pressure| edge_ux        |
+----------------+----------------+----------------+----------------+----------------+----------------+----------------+
:                :                :                :                :                :                :                :
|   7.800000e-02 |   9.690244e-01 |   9.683063e-01 |   9.866602e-01 |   9.865396e-01 |   2.151028e-02 |   1.869769e-03 |
|   7.900000e-02 |   9.689852e-01 |   9.682910e-01 |   9.866540e-01 |   9.865374e-01 |   2.079590e-02 |   1.837775e-03 |
|   8.000000e-02 |   9.689472e-01 |   9.682762e-01 |   9.866480e-01 |   9.865353e-01 |   2.010515e-02 |   1.806842e-03 |
|   8.100000e-02 |   9.689106e-01 |   9.682619e-01 |   9.866423e-01 |   9.865333e-01 |   1.943726e-02 |   1.776936e-03 |
|   8.200000e-02 |   9.688751e-01 |   9.682480e-01 |   9.866367e-01 |   9.865313e-01 |   1.879148e-02 |   1.748023e-03 |
|   8.300000e-02 |   9.688408e-01 |   9.682346e-01 |   9.866313e-01 |   9.865294e-01 |   1.816708e-02 |   1.720071e-03 |
|   8.400000e-02 |   9.688077e-01 |   9.682217e-01 |   9.866261e-01 |   9.865276e-01 |   1.756336e-02 |   1.693047e-03 |
|   8.500000e-02 |   9.687757e-01 |   9.682092e-01 |   9.866210e-01 |   9.865258e-01 |   1.697964e-02 |   1.666920e-03 |
|   8.600000e-02 |   9.687447e-01 |   9.681971e-01 |   9.866161e-01 |   9.865241e-01 |   1.641525e-02 |   1.641662e-03 |
|   8.700000e-02 |   9.687148e-01 |   9.681854e-01 |   9.866114e-01 |   9.865224e-01 |   1.586957e-02 |   1.617243e-03 |
|   8.800000e-02 |   9.686858e-01 |   9.681741e-01 |   9.866069e-01 |   9.865208e-01 |   1.534198e-02 |   1.593636e-03 |
|   8.900000e-02 |   9.686579e-01 |   9.681631e-01 |   9.866025e-01 |   9.865192e-01 |   1.483187e-02 |   1.570813e-03 |
|   9.000000e-02 |   9.686308e-01 |   9.681526e-01 |   9.865982e-01 |   9.865177e-01 |   1.433868e-02 |   1.548748e-03 |
|   9.100000e-02 |   9.686047e-01 |   9.681424e-01 |   9.865941e-01 |   9.865163e-01 |   1.386185e-02 |   1.527417e-03 |
|   9.200000e-02 |   9.685794e-01 |   9.681325e-01 |   9.865901e-01 |   9.865149e-01 |   1.340083e-02 |   1.506796e-03 |
+----------------+----------------+----------------+----------------+----------------+----------------+----------------+
+----------------+----------------+----------------+------------------+----------------+----------------+
| time           | mass           | mass_reaction  | outflow_gradient | platen_max     | platen_min     |
+----------------+----------------+----------------+------------------+----------------+----------------+
:                :                :                :                  :                :                :
|   7.800000e-02 |   1.509843e-01 |  -2.066157e-02 |     2.026706e-02 |  -6.428749e-03 |  -6.428749e-03 |
|   7.900000e-02 |   1.509643e-01 |  -1.997464e-02 |     1.959336e-02 |  -6.431742e-03 |  -6.431742e-03 |
|   8.000000e-02 |   1.509450e-01 |  -1.931049e-02 |     1.894198e-02 |  -6.434635e-03 |  -6.434635e-03 |
|   8.100000e-02 |   1.509263e-01 |  -1.866836e-02 |     1.831220e-02 |  -6.437433e-03 |  -6.437433e-03 |
|   8.200000e-02 |   1.509083e-01 |  -1.804753e-02 |     1.770330e-02 |  -6.440137e-03 |  -6.440137e-03 |
|   8.300000e-02 |   1.508908e-01 |  -1.744729e-02 |     1.711459e-02 |  -6.442752e-03 |  -6.442752e-03 |
|   8.400000e-02 |   1.508740e-01 |  -1.686697e-02 |     1.654540e-02 |  -6.445280e-03 |  -6.445280e-03 |
|   8.500000e-02 |   1.508577e-01 |  -1.630591e-02 |     1.599510e-02 |  -6.447724e-03 |  -6.447724e-03 |
|   8.600000e-02 |   1.508419e-01 |  -1.576346e-02 |     1.546306e-02 |  -6.450087e-03 |  -6.450087e-03 |
|   8.700000e-02 |   1.508267e-01 |  -1.523902e-02 |     1.494868e-02 |  -6.452371e-03 |  -6.452371e-03 |
|   8.800000e-02 |   1.508119e-01 |  -1.473199e-02 |     1.445137e-02 |  -6.454579e-03 |  -6.454579e-03 |
|   8.900000e-02 |   1.507977e-01 |  -1.424180e-02 |     1.397056e-02 |  -6.456714e-03 |  -6.456714e-03 |
|   9.000000e-02 |   1.507839e-01 |  -1.376788e-02 |     1.350572e-02 |  -6.458778e-03 |  -6.458778e-03 |
|   9.100000e-02 |   1.507706e-01 |  -1.330970e-02 |     1.305631e-02 |  -6.460774e-03 |  -6.460774e-03 |
|   9.200000e-02 |   1.507578e-01 |  -1.286675e-02 |     1.262183e-02 |  -6.462703e-03 |  -6.462703e-03 |
+----------------+----------------+----------------+------------------+----------------+----------------+
+----------------+--------------------+--------------------+----------------+----------------+----------------+
| time           | solid_fraction_max | solid_fraction_min | stability_max  | stability_min  | top_reaction   |
+----------------+--------------------+--------------------+----------------+----------------+----------------+
:                :                    :                    :                :                :                :
|   7.800000e-02 |       6.113727e-01 |       6.108451e-01 |   2.801235e+01 |   2.800028e+01 |  -1.400000e+00 |
|   7.900000e-02 |       6.113786e-01 |       6.108684e-01 |   2.801194e+01 |   2.800027e+01 |  -1.400000e+00 |
|   8.000000e-02 |       6.113843e-01 |       6.108910e-01 |   2.801155e+01 |   2.800026e+01 |  -1.400000e+00 |
|   8.100000e-02 |       6.113897e-01 |       6.109129e-01 |   2.801116e+01 |   2.800026e+01 |  -1.400000e+00 |
|   8.200000e-02 |       6.113950e-01 |       6.109340e-01 |   2.801079e+01 |   2.800025e+01 |  -1.400000e+00 |
|   8.300000e-02 |       6.114001e-01 |       6.109545e-01 |   2.801043e+01 |   2.800024e+01 |  -1.400000e+00 |
|   8.400000e-02 |       6.114051e-01 |       6.109742e-01 |   2.801009e+01 |   2.800023e+01 |  -1.400000e+00 |
|   8.500000e-02 |       6.114098e-01 |       6.109933e-01 |   2.800975e+01 |   2.800022e+01 |  -1.400000e+00 |
|   8.600000e-02 |       6.114145e-01 |       6.110118e-01 |   2.800943e+01 |   2.800022e+01 |  -1.400000e+00 |
|   8.700000e-02 |       6.114189e-01 |       6.110296e-01 |   2.800911e+01 |   2.800021e+01 |  -1.400000e+00 |
|   8.800000e-02 |       6.114232e-01 |       6.110469e-01 |   2.800881e+01 |   2.800020e+01 |  -1.400000e+00 |
|   8.900000e-02 |       6.114274e-01 |       6.110636e-01 |   2.800852e+01 |   2.800020e+01 |  -1.400000e+00 |
|   9.000000e-02 |       6.114314e-01 |       6.110797e-01 |   2.800823e+01 |   2.800019e+01 |  -1.400000e+00 |
|   9.100000e-02 |       6.114353e-01 |       6.110953e-01 |   2.800796e+01 |   2.800018e+01 |  -1.400000e+00 |
|   9.200000e-02 |       6.114391e-01 |       6.111104e-01 |   2.800770e+01 |   2.800018e+01 |  -1.400000e+00 |
+----------------+--------------------+--------------------+----------------+----------------+----------------+


Time Step 93, time = 0.093, dt = 0.001
 * Nonlinear |R| = [32m1.597817e-03[39m (Before preset BCs, predictors, correctors, and constraints)
 0 Nonlinear |R| = [32m1.597817e-03[39m
      0 Linear |R| = [32m1.597817e-03[39m
      1 Linear |R| = [32m5.840525e-04[39m
      2 Linear |R| = [32m5.162259e-04[39m
      3 Linear |R| = [32m9.063282e-06[39m
      4 Linear |R| = [32m2.759443e-06[39m
      5 Linear |R| = [32m1.997127e-06[39m
      6 Linear |R| = [32m2.421876e-07[39m
      7 Linear |R| = [32m3.248931e-08[39m
      8 Linear |R| = [32m5.126161e-09[39m
      9 Linear |R| = [32m2.879289e-09[39m
     10 Linear |R| = [32m1.395639e-09[39m
     11 Linear |R| = [32m2.887479e-10[39m
     12 Linear |R| = [32m6.141177e-11[39m
     13 Linear |R| = [32m2.012695e-11[39m
     14 Linear |R| = [32m2.379992e-12[39m
     15 Linear |R| = [32m1.983444e-13[39m
 1 Nonlinear |R| = [32m6.555390e-08[39m
      0 Linear |R| = [32m6.555390e-08[39m
      1 Linear |R| = [32m1.232105e-08[39m
      2 Linear |R| = [32m6.493211e-10[39m
      3 Linear |R| = [32m2.072229e-10[39m
      4 Linear |R| = [32m6.788398e-11[39m
      5 Linear |R| = [32m6.389518e-11[39m
      6 Linear |R| = [32m1.708000e-11[39m
      7 Linear |R| = [32m2.373627e-12[39m
      8 Linear |R| = [32m2.921707e-13[39m
      9 Linear |R| = [32m1.978460e-13[39m
     10 Linear |R| = [32m9.395798e-14[39m
     11 Linear |R| = [32m1.551238e-14[39m
     12 Linear |R| = [32m3.248940e-15[39m
     13 Linear |R| = [32m1.864944e-15[39m
     14 Linear |R| = [32m1.690333e-16[39m
     15 Linear |R| = [32m1.219388e-17[39m
 2 Nonlinear |R| = [32m2.986881e-13[39m
[32m Solve Converged![39m

Outlier Variable Residual Norms:
  uy: [33m2.562792e-13[39m

Postprocessor Values:
+----------------+----------------+----------------+----------------+----------------+----------------+----------------+
| time           | J_max          | J_min          | Jbar_max       | Jbar_min       | center_pressure| edge_ux        |
+----------------+----------------+----------------+----------------+----------------+----------------+----------------+
:                :                :                :                :                :                :                :
|   7.900000e-02 |   9.689852e-01 |   9.682910e-01 |   9.866540e-01 |   9.865374e-01 |   2.079590e-02 |   1.837775e-03 |
|   8.000000e-02 |   9.689472e-01 |   9.682762e-01 |   9.866480e-01 |   9.865353e-01 |   2.010515e-02 |   1.806842e-03 |
|   8.100000e-02 |   9.689106e-01 |   9.682619e-01 |   9.866423e-01 |   9.865333e-01 |   1.943726e-02 |   1.776936e-03 |
|   8.200000e-02 |   9.688751e-01 |   9.682480e-01 |   9.866367e-01 |   9.865313e-01 |   1.879148e-02 |   1.748023e-03 |
|   8.300000e-02 |   9.688408e-01 |   9.682346e-01 |   9.866313e-01 |   9.865294e-01 |   1.816708e-02 |   1.720071e-03 |
|   8.400000e-02 |   9.688077e-01 |   9.682217e-01 |   9.866261e-01 |   9.865276e-01 |   1.756336e-02 |   1.693047e-03 |
|   8.500000e-02 |   9.687757e-01 |   9.682092e-01 |   9.866210e-01 |   9.865258e-01 |   1.697964e-02 |   1.666920e-03 |
|   8.600000e-02 |   9.687447e-01 |   9.681971e-01 |   9.866161e-01 |   9.865241e-01 |   1.641525e-02 |   1.641662e-03 |
|   8.700000e-02 |   9.687148e-01 |   9.681854e-01 |   9.866114e-01 |   9.865224e-01 |   1.586957e-02 |   1.617243e-03 |
|   8.800000e-02 |   9.686858e-01 |   9.681741e-01 |   9.866069e-01 |   9.865208e-01 |   1.534198e-02 |   1.593636e-03 |
|   8.900000e-02 |   9.686579e-01 |   9.681631e-01 |   9.866025e-01 |   9.865192e-01 |   1.483187e-02 |   1.570813e-03 |
|   9.000000e-02 |   9.686308e-01 |   9.681526e-01 |   9.865982e-01 |   9.865177e-01 |   1.433868e-02 |   1.548748e-03 |
|   9.100000e-02 |   9.686047e-01 |   9.681424e-01 |   9.865941e-01 |   9.865163e-01 |   1.386185e-02 |   1.527417e-03 |
|   9.200000e-02 |   9.685794e-01 |   9.681325e-01 |   9.865901e-01 |   9.865149e-01 |   1.340083e-02 |   1.506796e-03 |
|   9.300000e-02 |   9.685550e-01 |   9.681229e-01 |   9.865863e-01 |   9.865135e-01 |   1.295511e-02 |   1.486860e-03 |
+----------------+----------------+----------------+----------------+----------------+----------------+----------------+
+----------------+----------------+----------------+------------------+----------------+----------------+
| time           | mass           | mass_reaction  | outflow_gradient | platen_max     | platen_min     |
+----------------+----------------+----------------+------------------+----------------+----------------+
:                :                :                :                  :                :                :
|   7.900000e-02 |   1.509643e-01 |  -1.997464e-02 |     1.959336e-02 |  -6.431742e-03 |  -6.431742e-03 |
|   8.000000e-02 |   1.509450e-01 |  -1.931049e-02 |     1.894198e-02 |  -6.434635e-03 |  -6.434635e-03 |
|   8.100000e-02 |   1.509263e-01 |  -1.866836e-02 |     1.831220e-02 |  -6.437433e-03 |  -6.437433e-03 |
|   8.200000e-02 |   1.509083e-01 |  -1.804753e-02 |     1.770330e-02 |  -6.440137e-03 |  -6.440137e-03 |
|   8.300000e-02 |   1.508908e-01 |  -1.744729e-02 |     1.711459e-02 |  -6.442752e-03 |  -6.442752e-03 |
|   8.400000e-02 |   1.508740e-01 |  -1.686697e-02 |     1.654540e-02 |  -6.445280e-03 |  -6.445280e-03 |
|   8.500000e-02 |   1.508577e-01 |  -1.630591e-02 |     1.599510e-02 |  -6.447724e-03 |  -6.447724e-03 |
|   8.600000e-02 |   1.508419e-01 |  -1.576346e-02 |     1.546306e-02 |  -6.450087e-03 |  -6.450087e-03 |
|   8.700000e-02 |   1.508267e-01 |  -1.523902e-02 |     1.494868e-02 |  -6.452371e-03 |  -6.452371e-03 |
|   8.800000e-02 |   1.508119e-01 |  -1.473199e-02 |     1.445137e-02 |  -6.454579e-03 |  -6.454579e-03 |
|   8.900000e-02 |   1.507977e-01 |  -1.424180e-02 |     1.397056e-02 |  -6.456714e-03 |  -6.456714e-03 |
|   9.000000e-02 |   1.507839e-01 |  -1.376788e-02 |     1.350572e-02 |  -6.458778e-03 |  -6.458778e-03 |
|   9.100000e-02 |   1.507706e-01 |  -1.330970e-02 |     1.305631e-02 |  -6.460774e-03 |  -6.460774e-03 |
|   9.200000e-02 |   1.507578e-01 |  -1.286675e-02 |     1.262183e-02 |  -6.462703e-03 |  -6.462703e-03 |
|   9.300000e-02 |   1.507453e-01 |  -1.243850e-02 |     1.220178e-02 |  -6.464568e-03 |  -6.464568e-03 |
+----------------+----------------+----------------+------------------+----------------+----------------+
+----------------+--------------------+--------------------+----------------+----------------+----------------+
| time           | solid_fraction_max | solid_fraction_min | stability_max  | stability_min  | top_reaction   |
+----------------+--------------------+--------------------+----------------+----------------+----------------+
:                :                    :                    :                :                :                :
|   7.900000e-02 |       6.113786e-01 |       6.108684e-01 |   2.801194e+01 |   2.800027e+01 |  -1.400000e+00 |
|   8.000000e-02 |       6.113843e-01 |       6.108910e-01 |   2.801155e+01 |   2.800026e+01 |  -1.400000e+00 |
|   8.100000e-02 |       6.113897e-01 |       6.109129e-01 |   2.801116e+01 |   2.800026e+01 |  -1.400000e+00 |
|   8.200000e-02 |       6.113950e-01 |       6.109340e-01 |   2.801079e+01 |   2.800025e+01 |  -1.400000e+00 |
|   8.300000e-02 |       6.114001e-01 |       6.109545e-01 |   2.801043e+01 |   2.800024e+01 |  -1.400000e+00 |
|   8.400000e-02 |       6.114051e-01 |       6.109742e-01 |   2.801009e+01 |   2.800023e+01 |  -1.400000e+00 |
|   8.500000e-02 |       6.114098e-01 |       6.109933e-01 |   2.800975e+01 |   2.800022e+01 |  -1.400000e+00 |
|   8.600000e-02 |       6.114145e-01 |       6.110118e-01 |   2.800943e+01 |   2.800022e+01 |  -1.400000e+00 |
|   8.700000e-02 |       6.114189e-01 |       6.110296e-01 |   2.800911e+01 |   2.800021e+01 |  -1.400000e+00 |
|   8.800000e-02 |       6.114232e-01 |       6.110469e-01 |   2.800881e+01 |   2.800020e+01 |  -1.400000e+00 |
|   8.900000e-02 |       6.114274e-01 |       6.110636e-01 |   2.800852e+01 |   2.800020e+01 |  -1.400000e+00 |
|   9.000000e-02 |       6.114314e-01 |       6.110797e-01 |   2.800823e+01 |   2.800019e+01 |  -1.400000e+00 |
|   9.100000e-02 |       6.114353e-01 |       6.110953e-01 |   2.800796e+01 |   2.800018e+01 |  -1.400000e+00 |
|   9.200000e-02 |       6.114391e-01 |       6.111104e-01 |   2.800770e+01 |   2.800018e+01 |  -1.400000e+00 |
|   9.300000e-02 |       6.114428e-01 |       6.111250e-01 |   2.800744e+01 |   2.800017e+01 |  -1.400000e+00 |
+----------------+--------------------+--------------------+----------------+----------------+----------------+


Time Step 94, time = 0.094, dt = 0.001
 * Nonlinear |R| = [32m1.544630e-03[39m (Before preset BCs, predictors, correctors, and constraints)
 0 Nonlinear |R| = [32m1.544630e-03[39m
      0 Linear |R| = [32m1.544630e-03[39m
      1 Linear |R| = [32m5.646416e-04[39m
      2 Linear |R| = [32m4.990771e-04[39m
      3 Linear |R| = [32m8.761810e-06[39m
      4 Linear |R| = [32m2.667051e-06[39m
      5 Linear |R| = [32m1.871492e-06[39m
      6 Linear |R| = [32m2.341320e-07[39m
      7 Linear |R| = [32m3.140979e-08[39m
      8 Linear |R| = [32m7.289719e-09[39m
      9 Linear |R| = [32m2.783600e-09[39m
     10 Linear |R| = [32m1.348964e-09[39m
     11 Linear |R| = [32m2.792011e-10[39m
     12 Linear |R| = [32m1.397547e-10[39m
     13 Linear |R| = [32m1.945803e-11[39m
     14 Linear |R| = [32m2.300672e-12[39m
     15 Linear |R| = [32m2.346856e-13[39m
 1 Nonlinear |R| = [32m6.224751e-08[39m
      0 Linear |R| = [32m6.224751e-08[39m
      1 Linear |R| = [32m1.199556e-08[39m
      2 Linear |R| = [32m3.366800e-09[39m
      3 Linear |R| = [32m2.025258e-10[39m
      4 Linear |R| = [32m6.647771e-11[39m
      5 Linear |R| = [32m6.271940e-11[39m
      6 Linear |R| = [32m1.746598e-11[39m
      7 Linear |R| = [32m2.697426e-12[39m
      8 Linear |R| = [32m3.217953e-13[39m
      9 Linear |R| = [32m1.758610e-13[39m
     10 Linear |R| = [32m7.893883e-14[39m
     11 Linear |R| = [32m1.071780e-14[39m
     12 Linear |R| = [32m3.762702e-15[39m
     13 Linear |R| = [32m1.440103e-15[39m
     14 Linear |R| = [32m1.222584e-16[39m
     15 Linear |R| = [32m1.303963e-17[39m
 2 Nonlinear |R| = [32m2.635651e-13[39m
[32m Solve Converged![39m

Outlier Variable Residual Norms:
  uy: [31m2.364750e-13[39m

Postprocessor Values:
+----------------+----------------+----------------+----------------+----------------+----------------+----------------+
| time           | J_max          | J_min          | Jbar_max       | Jbar_min       | center_pressure| edge_ux        |
+----------------+----------------+----------------+----------------+----------------+----------------+----------------+
:                :                :                :                :                :                :                :
|   8.000000e-02 |   9.689472e-01 |   9.682762e-01 |   9.866480e-01 |   9.865353e-01 |   2.010515e-02 |   1.806842e-03 |
|   8.100000e-02 |   9.689106e-01 |   9.682619e-01 |   9.866423e-01 |   9.865333e-01 |   1.943726e-02 |   1.776936e-03 |
|   8.200000e-02 |   9.688751e-01 |   9.682480e-01 |   9.866367e-01 |   9.865313e-01 |   1.879148e-02 |   1.748023e-03 |
|   8.300000e-02 |   9.688408e-01 |   9.682346e-01 |   9.866313e-01 |   9.865294e-01 |   1.816708e-02 |   1.720071e-03 |
|   8.400000e-02 |   9.688077e-01 |   9.682217e-01 |   9.866261e-01 |   9.865276e-01 |   1.756336e-02 |   1.693047e-03 |
|   8.500000e-02 |   9.687757e-01 |   9.682092e-01 |   9.866210e-01 |   9.865258e-01 |   1.697964e-02 |   1.666920e-03 |
|   8.600000e-02 |   9.687447e-01 |   9.681971e-01 |   9.866161e-01 |   9.865241e-01 |   1.641525e-02 |   1.641662e-03 |
|   8.700000e-02 |   9.687148e-01 |   9.681854e-01 |   9.866114e-01 |   9.865224e-01 |   1.586957e-02 |   1.617243e-03 |
|   8.800000e-02 |   9.686858e-01 |   9.681741e-01 |   9.866069e-01 |   9.865208e-01 |   1.534198e-02 |   1.593636e-03 |
|   8.900000e-02 |   9.686579e-01 |   9.681631e-01 |   9.866025e-01 |   9.865192e-01 |   1.483187e-02 |   1.570813e-03 |
|   9.000000e-02 |   9.686308e-01 |   9.681526e-01 |   9.865982e-01 |   9.865177e-01 |   1.433868e-02 |   1.548748e-03 |
|   9.100000e-02 |   9.686047e-01 |   9.681424e-01 |   9.865941e-01 |   9.865163e-01 |   1.386185e-02 |   1.527417e-03 |
|   9.200000e-02 |   9.685794e-01 |   9.681325e-01 |   9.865901e-01 |   9.865149e-01 |   1.340083e-02 |   1.506796e-03 |
|   9.300000e-02 |   9.685550e-01 |   9.681229e-01 |   9.865863e-01 |   9.865135e-01 |   1.295511e-02 |   1.486860e-03 |
|   9.400000e-02 |   9.685313e-01 |   9.681137e-01 |   9.865825e-01 |   9.865122e-01 |   1.252417e-02 |   1.467587e-03 |
+----------------+----------------+----------------+----------------+----------------+----------------+----------------+
+----------------+----------------+----------------+------------------+----------------+----------------+
| time           | mass           | mass_reaction  | outflow_gradient | platen_max     | platen_min     |
+----------------+----------------+----------------+------------------+----------------+----------------+
:                :                :                :                  :                :                :
|   8.000000e-02 |   1.509450e-01 |  -1.931049e-02 |     1.894198e-02 |  -6.434635e-03 |  -6.434635e-03 |
|   8.100000e-02 |   1.509263e-01 |  -1.866836e-02 |     1.831220e-02 |  -6.437433e-03 |  -6.437433e-03 |
|   8.200000e-02 |   1.509083e-01 |  -1.804753e-02 |     1.770330e-02 |  -6.440137e-03 |  -6.440137e-03 |
|   8.300000e-02 |   1.508908e-01 |  -1.744729e-02 |     1.711459e-02 |  -6.442752e-03 |  -6.442752e-03 |
|   8.400000e-02 |   1.508740e-01 |  -1.686697e-02 |     1.654540e-02 |  -6.445280e-03 |  -6.445280e-03 |
|   8.500000e-02 |   1.508577e-01 |  -1.630591e-02 |     1.599510e-02 |  -6.447724e-03 |  -6.447724e-03 |
|   8.600000e-02 |   1.508419e-01 |  -1.576346e-02 |     1.546306e-02 |  -6.450087e-03 |  -6.450087e-03 |
|   8.700000e-02 |   1.508267e-01 |  -1.523902e-02 |     1.494868e-02 |  -6.452371e-03 |  -6.452371e-03 |
|   8.800000e-02 |   1.508119e-01 |  -1.473199e-02 |     1.445137e-02 |  -6.454579e-03 |  -6.454579e-03 |
|   8.900000e-02 |   1.507977e-01 |  -1.424180e-02 |     1.397056e-02 |  -6.456714e-03 |  -6.456714e-03 |
|   9.000000e-02 |   1.507839e-01 |  -1.376788e-02 |     1.350572e-02 |  -6.458778e-03 |  -6.458778e-03 |
|   9.100000e-02 |   1.507706e-01 |  -1.330970e-02 |     1.305631e-02 |  -6.460774e-03 |  -6.460774e-03 |
|   9.200000e-02 |   1.507578e-01 |  -1.286675e-02 |     1.262183e-02 |  -6.462703e-03 |  -6.462703e-03 |
|   9.300000e-02 |   1.507453e-01 |  -1.243850e-02 |     1.220178e-02 |  -6.464568e-03 |  -6.464568e-03 |
|   9.400000e-02 |   1.507333e-01 |  -1.202449e-02 |     1.179569e-02 |  -6.466371e-03 |  -6.466371e-03 |
+----------------+----------------+----------------+------------------+----------------+----------------+
+----------------+--------------------+--------------------+----------------+----------------+----------------+
| time           | solid_fraction_max | solid_fraction_min | stability_max  | stability_min  | top_reaction   |
+----------------+--------------------+--------------------+----------------+----------------+----------------+
:                :                    :                    :                :                :                :
|   8.000000e-02 |       6.113843e-01 |       6.108910e-01 |   2.801155e+01 |   2.800026e+01 |  -1.400000e+00 |
|   8.100000e-02 |       6.113897e-01 |       6.109129e-01 |   2.801116e+01 |   2.800026e+01 |  -1.400000e+00 |
|   8.200000e-02 |       6.113950e-01 |       6.109340e-01 |   2.801079e+01 |   2.800025e+01 |  -1.400000e+00 |
|   8.300000e-02 |       6.114001e-01 |       6.109545e-01 |   2.801043e+01 |   2.800024e+01 |  -1.400000e+00 |
|   8.400000e-02 |       6.114051e-01 |       6.109742e-01 |   2.801009e+01 |   2.800023e+01 |  -1.400000e+00 |
|   8.500000e-02 |       6.114098e-01 |       6.109933e-01 |   2.800975e+01 |   2.800022e+01 |  -1.400000e+00 |
|   8.600000e-02 |       6.114145e-01 |       6.110118e-01 |   2.800943e+01 |   2.800022e+01 |  -1.400000e+00 |
|   8.700000e-02 |       6.114189e-01 |       6.110296e-01 |   2.800911e+01 |   2.800021e+01 |  -1.400000e+00 |
|   8.800000e-02 |       6.114232e-01 |       6.110469e-01 |   2.800881e+01 |   2.800020e+01 |  -1.400000e+00 |
|   8.900000e-02 |       6.114274e-01 |       6.110636e-01 |   2.800852e+01 |   2.800020e+01 |  -1.400000e+00 |
|   9.000000e-02 |       6.114314e-01 |       6.110797e-01 |   2.800823e+01 |   2.800019e+01 |  -1.400000e+00 |
|   9.100000e-02 |       6.114353e-01 |       6.110953e-01 |   2.800796e+01 |   2.800018e+01 |  -1.400000e+00 |
|   9.200000e-02 |       6.114391e-01 |       6.111104e-01 |   2.800770e+01 |   2.800018e+01 |  -1.400000e+00 |
|   9.300000e-02 |       6.114428e-01 |       6.111250e-01 |   2.800744e+01 |   2.800017e+01 |  -1.400000e+00 |
|   9.400000e-02 |       6.114463e-01 |       6.111391e-01 |   2.800719e+01 |   2.800016e+01 |  -1.400000e+00 |
+----------------+--------------------+--------------------+----------------+----------------+----------------+


Time Step 95, time = 0.095, dt = 0.001
 * Nonlinear |R| = [32m1.493211e-03[39m (Before preset BCs, predictors, correctors, and constraints)
 0 Nonlinear |R| = [32m1.493211e-03[39m
      0 Linear |R| = [32m1.493211e-03[39m
      1 Linear |R| = [32m5.458703e-04[39m
      2 Linear |R| = [32m4.824900e-04[39m
      3 Linear |R| = [32m8.470468e-06[39m
      4 Linear |R| = [32m2.578655e-06[39m
      5 Linear |R| = [32m1.819818e-06[39m
      6 Linear |R| = [32m2.263454e-07[39m
      7 Linear |R| = [32m3.036636e-08[39m
      8 Linear |R| = [32m8.302219e-09[39m
      9 Linear |R| = [32m2.690950e-09[39m
     10 Linear |R| = [32m1.304086e-09[39m
     11 Linear |R| = [32m2.700099e-10[39m
     12 Linear |R| = [32m1.769371e-10[39m
     13 Linear |R| = [32m1.881044e-11[39m
     14 Linear |R| = [32m2.224086e-12[39m
     15 Linear |R| = [32m4.986419e-13[39m
 1 Nonlinear |R| = [32m5.907768e-08[39m
      0 Linear |R| = [32m5.907768e-08[39m
      1 Linear |R| = [32m1.056628e-08[39m
      2 Linear |R| = [32m2.987052e-09[39m
      3 Linear |R| = [32m1.749306e-10[39m
      4 Linear |R| = [32m5.901799e-11[39m
      5 Linear |R| = [33m5.613516e-11[39m
      6 Linear |R| = [32m1.733324e-11[39m
      7 Linear |R| = [32m2.348993e-12[39m
      8 Linear |R| = [32m3.457483e-13[39m
      9 Linear |R| = [32m3.233949e-13[39m
     10 Linear |R| = [32m1.306375e-13[39m
     11 Linear |R| = [32m1.656073e-14[39m
     12 Linear |R| = [32m2.603582e-15[39m
     13 Linear |R| = [32m1.559643e-15[39m
     14 Linear |R| = [32m1.293282e-16[39m
     15 Linear |R| = [32m1.000302e-17[39m
 2 Nonlinear |R| = [32m2.357174e-13[39m
[32m Solve Converged![39m

Outlier Variable Residual Norms:
  uy: [33m2.106855e-13[39m

Postprocessor Values:
+----------------+----------------+----------------+----------------+----------------+----------------+----------------+
| time           | J_max          | J_min          | Jbar_max       | Jbar_min       | center_pressure| edge_ux        |
+----------------+----------------+----------------+----------------+----------------+----------------+----------------+
:                :                :                :                :                :                :                :
|   8.100000e-02 |   9.689106e-01 |   9.682619e-01 |   9.866423e-01 |   9.865333e-01 |   1.943726e-02 |   1.776936e-03 |
|   8.200000e-02 |   9.688751e-01 |   9.682480e-01 |   9.866367e-01 |   9.865313e-01 |   1.879148e-02 |   1.748023e-03 |
|   8.300000e-02 |   9.688408e-01 |   9.682346e-01 |   9.866313e-01 |   9.865294e-01 |   1.816708e-02 |   1.720071e-03 |
|   8.400000e-02 |   9.688077e-01 |   9.682217e-01 |   9.866261e-01 |   9.865276e-01 |   1.756336e-02 |   1.693047e-03 |
|   8.500000e-02 |   9.687757e-01 |   9.682092e-01 |   9.866210e-01 |   9.865258e-01 |   1.697964e-02 |   1.666920e-03 |
|   8.600000e-02 |   9.687447e-01 |   9.681971e-01 |   9.866161e-01 |   9.865241e-01 |   1.641525e-02 |   1.641662e-03 |
|   8.700000e-02 |   9.687148e-01 |   9.681854e-01 |   9.866114e-01 |   9.865224e-01 |   1.586957e-02 |   1.617243e-03 |
|   8.800000e-02 |   9.686858e-01 |   9.681741e-01 |   9.866069e-01 |   9.865208e-01 |   1.534198e-02 |   1.593636e-03 |
|   8.900000e-02 |   9.686579e-01 |   9.681631e-01 |   9.866025e-01 |   9.865192e-01 |   1.483187e-02 |   1.570813e-03 |
|   9.000000e-02 |   9.686308e-01 |   9.681526e-01 |   9.865982e-01 |   9.865177e-01 |   1.433868e-02 |   1.548748e-03 |
|   9.100000e-02 |   9.686047e-01 |   9.681424e-01 |   9.865941e-01 |   9.865163e-01 |   1.386185e-02 |   1.527417e-03 |
|   9.200000e-02 |   9.685794e-01 |   9.681325e-01 |   9.865901e-01 |   9.865149e-01 |   1.340083e-02 |   1.506796e-03 |
|   9.300000e-02 |   9.685550e-01 |   9.681229e-01 |   9.865863e-01 |   9.865135e-01 |   1.295511e-02 |   1.486860e-03 |
|   9.400000e-02 |   9.685313e-01 |   9.681137e-01 |   9.865825e-01 |   9.865122e-01 |   1.252417e-02 |   1.467587e-03 |
|   9.500000e-02 |   9.685085e-01 |   9.681048e-01 |   9.865790e-01 |   9.865110e-01 |   1.210754e-02 |   1.448954e-03 |
+----------------+----------------+----------------+----------------+----------------+----------------+----------------+
+----------------+----------------+----------------+------------------+----------------+----------------+
| time           | mass           | mass_reaction  | outflow_gradient | platen_max     | platen_min     |
+----------------+----------------+----------------+------------------+----------------+----------------+
:                :                :                :                  :                :                :
|   8.100000e-02 |   1.509263e-01 |  -1.866836e-02 |     1.831220e-02 |  -6.437433e-03 |  -6.437433e-03 |
|   8.200000e-02 |   1.509083e-01 |  -1.804753e-02 |     1.770330e-02 |  -6.440137e-03 |  -6.440137e-03 |
|   8.300000e-02 |   1.508908e-01 |  -1.744729e-02 |     1.711459e-02 |  -6.442752e-03 |  -6.442752e-03 |
|   8.400000e-02 |   1.508740e-01 |  -1.686697e-02 |     1.654540e-02 |  -6.445280e-03 |  -6.445280e-03 |
|   8.500000e-02 |   1.508577e-01 |  -1.630591e-02 |     1.599510e-02 |  -6.447724e-03 |  -6.447724e-03 |
|   8.600000e-02 |   1.508419e-01 |  -1.576346e-02 |     1.546306e-02 |  -6.450087e-03 |  -6.450087e-03 |
|   8.700000e-02 |   1.508267e-01 |  -1.523902e-02 |     1.494868e-02 |  -6.452371e-03 |  -6.452371e-03 |
|   8.800000e-02 |   1.508119e-01 |  -1.473199e-02 |     1.445137e-02 |  -6.454579e-03 |  -6.454579e-03 |
|   8.900000e-02 |   1.507977e-01 |  -1.424180e-02 |     1.397056e-02 |  -6.456714e-03 |  -6.456714e-03 |
|   9.000000e-02 |   1.507839e-01 |  -1.376788e-02 |     1.350572e-02 |  -6.458778e-03 |  -6.458778e-03 |
|   9.100000e-02 |   1.507706e-01 |  -1.330970e-02 |     1.305631e-02 |  -6.460774e-03 |  -6.460774e-03 |
|   9.200000e-02 |   1.507578e-01 |  -1.286675e-02 |     1.262183e-02 |  -6.462703e-03 |  -6.462703e-03 |
|   9.300000e-02 |   1.507453e-01 |  -1.243850e-02 |     1.220178e-02 |  -6.464568e-03 |  -6.464568e-03 |
|   9.400000e-02 |   1.507333e-01 |  -1.202449e-02 |     1.179569e-02 |  -6.466371e-03 |  -6.466371e-03 |
|   9.500000e-02 |   1.507217e-01 |  -1.162423e-02 |     1.140308e-02 |  -6.468113e-03 |  -6.468113e-03 |
+----------------+----------------+----------------+------------------+----------------+----------------+
+----------------+--------------------+--------------------+----------------+----------------+----------------+
| time           | solid_fraction_max | solid_fraction_min | stability_max  | stability_min  | top_reaction   |
+----------------+--------------------+--------------------+----------------+----------------+----------------+
:                :                    :                    :                :                :                :
|   8.100000e-02 |       6.113897e-01 |       6.109129e-01 |   2.801116e+01 |   2.800026e+01 |  -1.400000e+00 |
|   8.200000e-02 |       6.113950e-01 |       6.109340e-01 |   2.801079e+01 |   2.800025e+01 |  -1.400000e+00 |
|   8.300000e-02 |       6.114001e-01 |       6.109545e-01 |   2.801043e+01 |   2.800024e+01 |  -1.400000e+00 |
|   8.400000e-02 |       6.114051e-01 |       6.109742e-01 |   2.801009e+01 |   2.800023e+01 |  -1.400000e+00 |
|   8.500000e-02 |       6.114098e-01 |       6.109933e-01 |   2.800975e+01 |   2.800022e+01 |  -1.400000e+00 |
|   8.600000e-02 |       6.114145e-01 |       6.110118e-01 |   2.800943e+01 |   2.800022e+01 |  -1.400000e+00 |
|   8.700000e-02 |       6.114189e-01 |       6.110296e-01 |   2.800911e+01 |   2.800021e+01 |  -1.400000e+00 |
|   8.800000e-02 |       6.114232e-01 |       6.110469e-01 |   2.800881e+01 |   2.800020e+01 |  -1.400000e+00 |
|   8.900000e-02 |       6.114274e-01 |       6.110636e-01 |   2.800852e+01 |   2.800020e+01 |  -1.400000e+00 |
|   9.000000e-02 |       6.114314e-01 |       6.110797e-01 |   2.800823e+01 |   2.800019e+01 |  -1.400000e+00 |
|   9.100000e-02 |       6.114353e-01 |       6.110953e-01 |   2.800796e+01 |   2.800018e+01 |  -1.400000e+00 |
|   9.200000e-02 |       6.114391e-01 |       6.111104e-01 |   2.800770e+01 |   2.800018e+01 |  -1.400000e+00 |
|   9.300000e-02 |       6.114428e-01 |       6.111250e-01 |   2.800744e+01 |   2.800017e+01 |  -1.400000e+00 |
|   9.400000e-02 |       6.114463e-01 |       6.111391e-01 |   2.800719e+01 |   2.800016e+01 |  -1.400000e+00 |
|   9.500000e-02 |       6.114497e-01 |       6.111527e-01 |   2.800695e+01 |   2.800016e+01 |  -1.400000e+00 |
+----------------+--------------------+--------------------+----------------+----------------+----------------+


Time Step 96, time = 0.096, dt = 0.001
 * Nonlinear |R| = [32m1.443500e-03[39m (Before preset BCs, predictors, correctors, and constraints)
 0 Nonlinear |R| = [32m1.443500e-03[39m
      0 Linear |R| = [32m1.443500e-03[39m
      1 Linear |R| = [32m5.277227e-04[39m
      2 Linear |R| = [32m4.664550e-04[39m
      3 Linear |R| = [32m8.188740e-06[39m
      4 Linear |R| = [32m2.493120e-06[39m
      5 Linear |R| = [32m1.818710e-06[39m
      6 Linear |R| = [32m2.188219e-07[39m
      7 Linear |R| = [32m2.935547e-08[39m
      8 Linear |R| = [32m5.976080e-09[39m
      9 Linear |R| = [32m2.601260e-09[39m
     10 Linear |R| = [32m1.260137e-09[39m
     11 Linear |R| = [32m2.609152e-10[39m
     12 Linear |R| = [32m1.141867e-10[39m
     13 Linear |R| = [32m1.818543e-11[39m
     14 Linear |R| = [32m2.149999e-12[39m
     15 Linear |R| = [32m2.546952e-13[39m
 1 Nonlinear |R| = [32m5.496208e-08[39m
      0 Linear |R| = [32m5.496208e-08[39m
      1 Linear |R| = [32m1.008964e-08[39m
      2 Linear |R| = [32m3.005651e-09[39m
      3 Linear |R| = [32m1.591122e-10[39m
      4 Linear |R| = [32m5.213649e-11[39m
      5 Linear |R| = [33m4.964600e-11[39m
      6 Linear |R| = [32m1.271681e-11[39m
      7 Linear |R| = [32m1.517690e-12[39m
      8 Linear |R| = [32m2.644676e-13[39m
      9 Linear |R| = [32m2.205820e-13[39m
     10 Linear |R| = [32m9.779167e-14[39m
     11 Linear |R| = [32m7.391362e-15[39m
     12 Linear |R| = [32m1.917477e-15[39m
     13 Linear |R| = [32m9.861959e-16[39m
     14 Linear |R| = [32m9.175183e-17[39m
     15 Linear |R| = [32m9.863871e-18[39m
 2 Nonlinear |R| = [32m2.096367e-13[39m
[32m Solve Converged![39m

Outlier Variable Residual Norms:
  uy: [33m1.805366e-13[39m

Postprocessor Values:
+----------------+----------------+----------------+----------------+----------------+----------------+----------------+
| time           | J_max          | J_min          | Jbar_max       | Jbar_min       | center_pressure| edge_ux        |
+----------------+----------------+----------------+----------------+----------------+----------------+----------------+
:                :                :                :                :                :                :                :
|   8.200000e-02 |   9.688751e-01 |   9.682480e-01 |   9.866367e-01 |   9.865313e-01 |   1.879148e-02 |   1.748023e-03 |
|   8.300000e-02 |   9.688408e-01 |   9.682346e-01 |   9.866313e-01 |   9.865294e-01 |   1.816708e-02 |   1.720071e-03 |
|   8.400000e-02 |   9.688077e-01 |   9.682217e-01 |   9.866261e-01 |   9.865276e-01 |   1.756336e-02 |   1.693047e-03 |
|   8.500000e-02 |   9.687757e-01 |   9.682092e-01 |   9.866210e-01 |   9.865258e-01 |   1.697964e-02 |   1.666920e-03 |
|   8.600000e-02 |   9.687447e-01 |   9.681971e-01 |   9.866161e-01 |   9.865241e-01 |   1.641525e-02 |   1.641662e-03 |
|   8.700000e-02 |   9.687148e-01 |   9.681854e-01 |   9.866114e-01 |   9.865224e-01 |   1.586957e-02 |   1.617243e-03 |
|   8.800000e-02 |   9.686858e-01 |   9.681741e-01 |   9.866069e-01 |   9.865208e-01 |   1.534198e-02 |   1.593636e-03 |
|   8.900000e-02 |   9.686579e-01 |   9.681631e-01 |   9.866025e-01 |   9.865192e-01 |   1.483187e-02 |   1.570813e-03 |
|   9.000000e-02 |   9.686308e-01 |   9.681526e-01 |   9.865982e-01 |   9.865177e-01 |   1.433868e-02 |   1.548748e-03 |
|   9.100000e-02 |   9.686047e-01 |   9.681424e-01 |   9.865941e-01 |   9.865163e-01 |   1.386185e-02 |   1.527417e-03 |
|   9.200000e-02 |   9.685794e-01 |   9.681325e-01 |   9.865901e-01 |   9.865149e-01 |   1.340083e-02 |   1.506796e-03 |
|   9.300000e-02 |   9.685550e-01 |   9.681229e-01 |   9.865863e-01 |   9.865135e-01 |   1.295511e-02 |   1.486860e-03 |
|   9.400000e-02 |   9.685313e-01 |   9.681137e-01 |   9.865825e-01 |   9.865122e-01 |   1.252417e-02 |   1.467587e-03 |
|   9.500000e-02 |   9.685085e-01 |   9.681048e-01 |   9.865790e-01 |   9.865110e-01 |   1.210754e-02 |   1.448954e-03 |
|   9.600000e-02 |   9.684864e-01 |   9.680961e-01 |   9.865755e-01 |   9.865098e-01 |   1.170474e-02 |   1.430942e-03 |
+----------------+----------------+----------------+----------------+----------------+----------------+----------------+
+----------------+----------------+----------------+------------------+----------------+----------------+
| time           | mass           | mass_reaction  | outflow_gradient | platen_max     | platen_min     |
+----------------+----------------+----------------+------------------+----------------+----------------+
:                :                :                :                  :                :                :
|   8.200000e-02 |   1.509083e-01 |  -1.804753e-02 |     1.770330e-02 |  -6.440137e-03 |  -6.440137e-03 |
|   8.300000e-02 |   1.508908e-01 |  -1.744729e-02 |     1.711459e-02 |  -6.442752e-03 |  -6.442752e-03 |
|   8.400000e-02 |   1.508740e-01 |  -1.686697e-02 |     1.654540e-02 |  -6.445280e-03 |  -6.445280e-03 |
|   8.500000e-02 |   1.508577e-01 |  -1.630591e-02 |     1.599510e-02 |  -6.447724e-03 |  -6.447724e-03 |
|   8.600000e-02 |   1.508419e-01 |  -1.576346e-02 |     1.546306e-02 |  -6.450087e-03 |  -6.450087e-03 |
|   8.700000e-02 |   1.508267e-01 |  -1.523902e-02 |     1.494868e-02 |  -6.452371e-03 |  -6.452371e-03 |
|   8.800000e-02 |   1.508119e-01 |  -1.473199e-02 |     1.445137e-02 |  -6.454579e-03 |  -6.454579e-03 |
|   8.900000e-02 |   1.507977e-01 |  -1.424180e-02 |     1.397056e-02 |  -6.456714e-03 |  -6.456714e-03 |
|   9.000000e-02 |   1.507839e-01 |  -1.376788e-02 |     1.350572e-02 |  -6.458778e-03 |  -6.458778e-03 |
|   9.100000e-02 |   1.507706e-01 |  -1.330970e-02 |     1.305631e-02 |  -6.460774e-03 |  -6.460774e-03 |
|   9.200000e-02 |   1.507578e-01 |  -1.286675e-02 |     1.262183e-02 |  -6.462703e-03 |  -6.462703e-03 |
|   9.300000e-02 |   1.507453e-01 |  -1.243850e-02 |     1.220178e-02 |  -6.464568e-03 |  -6.464568e-03 |
|   9.400000e-02 |   1.507333e-01 |  -1.202449e-02 |     1.179569e-02 |  -6.466371e-03 |  -6.466371e-03 |
|   9.500000e-02 |   1.507217e-01 |  -1.162423e-02 |     1.140308e-02 |  -6.468113e-03 |  -6.468113e-03 |
|   9.600000e-02 |   1.507104e-01 |  -1.123728e-02 |     1.102352e-02 |  -6.469798e-03 |  -6.469798e-03 |
+----------------+----------------+----------------+------------------+----------------+----------------+
+----------------+--------------------+--------------------+----------------+----------------+----------------+
| time           | solid_fraction_max | solid_fraction_min | stability_max  | stability_min  | top_reaction   |
+----------------+--------------------+--------------------+----------------+----------------+----------------+
:                :                    :                    :                :                :                :
|   8.200000e-02 |       6.113950e-01 |       6.109340e-01 |   2.801079e+01 |   2.800025e+01 |  -1.400000e+00 |
|   8.300000e-02 |       6.114001e-01 |       6.109545e-01 |   2.801043e+01 |   2.800024e+01 |  -1.400000e+00 |
|   8.400000e-02 |       6.114051e-01 |       6.109742e-01 |   2.801009e+01 |   2.800023e+01 |  -1.400000e+00 |
|   8.500000e-02 |       6.114098e-01 |       6.109933e-01 |   2.800975e+01 |   2.800022e+01 |  -1.400000e+00 |
|   8.600000e-02 |       6.114145e-01 |       6.110118e-01 |   2.800943e+01 |   2.800022e+01 |  -1.400000e+00 |
|   8.700000e-02 |       6.114189e-01 |       6.110296e-01 |   2.800911e+01 |   2.800021e+01 |  -1.400000e+00 |
|   8.800000e-02 |       6.114232e-01 |       6.110469e-01 |   2.800881e+01 |   2.800020e+01 |  -1.400000e+00 |
|   8.900000e-02 |       6.114274e-01 |       6.110636e-01 |   2.800852e+01 |   2.800020e+01 |  -1.400000e+00 |
|   9.000000e-02 |       6.114314e-01 |       6.110797e-01 |   2.800823e+01 |   2.800019e+01 |  -1.400000e+00 |
|   9.100000e-02 |       6.114353e-01 |       6.110953e-01 |   2.800796e+01 |   2.800018e+01 |  -1.400000e+00 |
|   9.200000e-02 |       6.114391e-01 |       6.111104e-01 |   2.800770e+01 |   2.800018e+01 |  -1.400000e+00 |
|   9.300000e-02 |       6.114428e-01 |       6.111250e-01 |   2.800744e+01 |   2.800017e+01 |  -1.400000e+00 |
|   9.400000e-02 |       6.114463e-01 |       6.111391e-01 |   2.800719e+01 |   2.800016e+01 |  -1.400000e+00 |
|   9.500000e-02 |       6.114497e-01 |       6.111527e-01 |   2.800695e+01 |   2.800016e+01 |  -1.400000e+00 |
|   9.600000e-02 |       6.114530e-01 |       6.111659e-01 |   2.800672e+01 |   2.800015e+01 |  -1.400000e+00 |
+----------------+--------------------+--------------------+----------------+----------------+----------------+


Time Step 97, time = 0.097, dt = 0.001
 * Nonlinear |R| = [32m1.395442e-03[39m (Before preset BCs, predictors, correctors, and constraints)
 0 Nonlinear |R| = [32m1.395442e-03[39m
      0 Linear |R| = [32m1.395442e-03[39m
      1 Linear |R| = [32m5.101755e-04[39m
      2 Linear |R| = [32m4.509497e-04[39m
      3 Linear |R| = [32m7.916348e-06[39m
      4 Linear |R| = [32m2.410515e-06[39m
      5 Linear |R| = [32m1.787896e-06[39m
      6 Linear |R| = [32m2.115420e-07[39m
      7 Linear |R| = [32m2.837866e-08[39m
      8 Linear |R| = [32m5.284025e-09[39m
      9 Linear |R| = [32m2.514585e-09[39m
     10 Linear |R| = [32m1.218057e-09[39m
     11 Linear |R| = [32m2.522014e-10[39m
     12 Linear |R| = [32m7.619150e-11[39m
     13 Linear |R| = [32m1.757983e-11[39m
     14 Linear |R| = [32m2.078341e-12[39m
     15 Linear |R| = [32m1.823647e-13[39m
 1 Nonlinear |R| = [32m5.064922e-08[39m
      0 Linear |R| = [32m5.064922e-08[39m
      1 Linear |R| = [32m9.329875e-09[39m
      2 Linear |R| = [32m4.007040e-10[39m
      3 Linear |R| = [32m1.592712e-10[39m
      4 Linear |R| = [32m5.243365e-11[39m
      5 Linear |R| = [32m4.920751e-11[39m
      6 Linear |R| = [32m1.392074e-11[39m
      7 Linear |R| = [32m1.489229e-12[39m
      8 Linear |R| = [32m1.865905e-13[39m
      9 Linear |R| = [32m1.520288e-13[39m
     10 Linear |R| = [32m6.464435e-14[39m
     11 Linear |R| = [32m9.028719e-15[39m
     12 Linear |R| = [32m2.088895e-15[39m
     13 Linear |R| = [32m1.541884e-15[39m
     14 Linear |R| = [32m1.255707e-16[39m
     15 Linear |R| = [32m1.141258e-17[39m
 2 Nonlinear |R| = [32m2.030441e-13[39m
[32m Solve Converged![39m

Outlier Variable Residual Norms:
  uy: [33m1.758806e-13[39m

Postprocessor Values:
+----------------+----------------+----------------+----------------+----------------+----------------+----------------+
| time           | J_max          | J_min          | Jbar_max       | Jbar_min       | center_pressure| edge_ux        |
+----------------+----------------+----------------+----------------+----------------+----------------+----------------+
:                :                :                :                :                :                :                :
|   8.300000e-02 |   9.688408e-01 |   9.682346e-01 |   9.866313e-01 |   9.865294e-01 |   1.816708e-02 |   1.720071e-03 |
|   8.400000e-02 |   9.688077e-01 |   9.682217e-01 |   9.866261e-01 |   9.865276e-01 |   1.756336e-02 |   1.693047e-03 |
|   8.500000e-02 |   9.687757e-01 |   9.682092e-01 |   9.866210e-01 |   9.865258e-01 |   1.697964e-02 |   1.666920e-03 |
|   8.600000e-02 |   9.687447e-01 |   9.681971e-01 |   9.866161e-01 |   9.865241e-01 |   1.641525e-02 |   1.641662e-03 |
|   8.700000e-02 |   9.687148e-01 |   9.681854e-01 |   9.866114e-01 |   9.865224e-01 |   1.586957e-02 |   1.617243e-03 |
|   8.800000e-02 |   9.686858e-01 |   9.681741e-01 |   9.866069e-01 |   9.865208e-01 |   1.534198e-02 |   1.593636e-03 |
|   8.900000e-02 |   9.686579e-01 |   9.681631e-01 |   9.866025e-01 |   9.865192e-01 |   1.483187e-02 |   1.570813e-03 |
|   9.000000e-02 |   9.686308e-01 |   9.681526e-01 |   9.865982e-01 |   9.865177e-01 |   1.433868e-02 |   1.548748e-03 |
|   9.100000e-02 |   9.686047e-01 |   9.681424e-01 |   9.865941e-01 |   9.865163e-01 |   1.386185e-02 |   1.527417e-03 |
|   9.200000e-02 |   9.685794e-01 |   9.681325e-01 |   9.865901e-01 |   9.865149e-01 |   1.340083e-02 |   1.506796e-03 |
|   9.300000e-02 |   9.685550e-01 |   9.681229e-01 |   9.865863e-01 |   9.865135e-01 |   1.295511e-02 |   1.486860e-03 |
|   9.400000e-02 |   9.685313e-01 |   9.681137e-01 |   9.865825e-01 |   9.865122e-01 |   1.252417e-02 |   1.467587e-03 |
|   9.500000e-02 |   9.685085e-01 |   9.681048e-01 |   9.865790e-01 |   9.865110e-01 |   1.210754e-02 |   1.448954e-03 |
|   9.600000e-02 |   9.684864e-01 |   9.680961e-01 |   9.865755e-01 |   9.865098e-01 |   1.170474e-02 |   1.430942e-03 |
|   9.700000e-02 |   9.684651e-01 |   9.680878e-01 |   9.865721e-01 |   9.865086e-01 |   1.131531e-02 |   1.413529e-03 |
+----------------+----------------+----------------+----------------+----------------+----------------+----------------+
+----------------+----------------+----------------+------------------+----------------+----------------+
| time           | mass           | mass_reaction  | outflow_gradient | platen_max     | platen_min     |
+----------------+----------------+----------------+------------------+----------------+----------------+
:                :                :                :                  :                :                :
|   8.300000e-02 |   1.508908e-01 |  -1.744729e-02 |     1.711459e-02 |  -6.442752e-03 |  -6.442752e-03 |
|   8.400000e-02 |   1.508740e-01 |  -1.686697e-02 |     1.654540e-02 |  -6.445280e-03 |  -6.445280e-03 |
|   8.500000e-02 |   1.508577e-01 |  -1.630591e-02 |     1.599510e-02 |  -6.447724e-03 |  -6.447724e-03 |
|   8.600000e-02 |   1.508419e-01 |  -1.576346e-02 |     1.546306e-02 |  -6.450087e-03 |  -6.450087e-03 |
|   8.700000e-02 |   1.508267e-01 |  -1.523902e-02 |     1.494868e-02 |  -6.452371e-03 |  -6.452371e-03 |
|   8.800000e-02 |   1.508119e-01 |  -1.473199e-02 |     1.445137e-02 |  -6.454579e-03 |  -6.454579e-03 |
|   8.900000e-02 |   1.507977e-01 |  -1.424180e-02 |     1.397056e-02 |  -6.456714e-03 |  -6.456714e-03 |
|   9.000000e-02 |   1.507839e-01 |  -1.376788e-02 |     1.350572e-02 |  -6.458778e-03 |  -6.458778e-03 |
|   9.100000e-02 |   1.507706e-01 |  -1.330970e-02 |     1.305631e-02 |  -6.460774e-03 |  -6.460774e-03 |
|   9.200000e-02 |   1.507578e-01 |  -1.286675e-02 |     1.262183e-02 |  -6.462703e-03 |  -6.462703e-03 |
|   9.300000e-02 |   1.507453e-01 |  -1.243850e-02 |     1.220178e-02 |  -6.464568e-03 |  -6.464568e-03 |
|   9.400000e-02 |   1.507333e-01 |  -1.202449e-02 |     1.179569e-02 |  -6.466371e-03 |  -6.466371e-03 |
|   9.500000e-02 |   1.507217e-01 |  -1.162423e-02 |     1.140308e-02 |  -6.468113e-03 |  -6.468113e-03 |
|   9.600000e-02 |   1.507104e-01 |  -1.123728e-02 |     1.102352e-02 |  -6.469798e-03 |  -6.469798e-03 |
|   9.700000e-02 |   1.506996e-01 |  -1.086318e-02 |     1.065657e-02 |  -6.471427e-03 |  -6.471427e-03 |
+----------------+----------------+----------------+------------------+----------------+----------------+
+----------------+--------------------+--------------------+----------------+----------------+----------------+
| time           | solid_fraction_max | solid_fraction_min | stability_max  | stability_min  | top_reaction   |
+----------------+--------------------+--------------------+----------------+----------------+----------------+
:                :                    :                    :                :                :                :
|   8.300000e-02 |       6.114001e-01 |       6.109545e-01 |   2.801043e+01 |   2.800024e+01 |  -1.400000e+00 |
|   8.400000e-02 |       6.114051e-01 |       6.109742e-01 |   2.801009e+01 |   2.800023e+01 |  -1.400000e+00 |
|   8.500000e-02 |       6.114098e-01 |       6.109933e-01 |   2.800975e+01 |   2.800022e+01 |  -1.400000e+00 |
|   8.600000e-02 |       6.114145e-01 |       6.110118e-01 |   2.800943e+01 |   2.800022e+01 |  -1.400000e+00 |
|   8.700000e-02 |       6.114189e-01 |       6.110296e-01 |   2.800911e+01 |   2.800021e+01 |  -1.400000e+00 |
|   8.800000e-02 |       6.114232e-01 |       6.110469e-01 |   2.800881e+01 |   2.800020e+01 |  -1.400000e+00 |
|   8.900000e-02 |       6.114274e-01 |       6.110636e-01 |   2.800852e+01 |   2.800020e+01 |  -1.400000e+00 |
|   9.000000e-02 |       6.114314e-01 |       6.110797e-01 |   2.800823e+01 |   2.800019e+01 |  -1.400000e+00 |
|   9.100000e-02 |       6.114353e-01 |       6.110953e-01 |   2.800796e+01 |   2.800018e+01 |  -1.400000e+00 |
|   9.200000e-02 |       6.114391e-01 |       6.111104e-01 |   2.800770e+01 |   2.800018e+01 |  -1.400000e+00 |
|   9.300000e-02 |       6.114428e-01 |       6.111250e-01 |   2.800744e+01 |   2.800017e+01 |  -1.400000e+00 |
|   9.400000e-02 |       6.114463e-01 |       6.111391e-01 |   2.800719e+01 |   2.800016e+01 |  -1.400000e+00 |
|   9.500000e-02 |       6.114497e-01 |       6.111527e-01 |   2.800695e+01 |   2.800016e+01 |  -1.400000e+00 |
|   9.600000e-02 |       6.114530e-01 |       6.111659e-01 |   2.800672e+01 |   2.800015e+01 |  -1.400000e+00 |
|   9.700000e-02 |       6.114562e-01 |       6.111786e-01 |   2.800650e+01 |   2.800015e+01 |  -1.400000e+00 |
+----------------+--------------------+--------------------+----------------+----------------+----------------+


Time Step 98, time = 0.098, dt = 0.001
 * Nonlinear |R| = [32m1.348982e-03[39m (Before preset BCs, predictors, correctors, and constraints)
 0 Nonlinear |R| = [32m1.348982e-03[39m
      0 Linear |R| = [32m1.348982e-03[39m
      1 Linear |R| = [32m4.932142e-04[39m
      2 Linear |R| = [32m4.359642e-04[39m
      3 Linear |R| = [32m7.652939e-06[39m
      4 Linear |R| = [32m2.329435e-06[39m
      5 Linear |R| = [32m1.625312e-06[39m
      6 Linear |R| = [32m2.045040e-07[39m
      7 Linear |R| = [32m2.743644e-08[39m
      8 Linear |R| = [32m9.108577e-09[39m
      9 Linear |R| = [32m2.430960e-09[39m
     10 Linear |R| = [32m1.177448e-09[39m
     11 Linear |R| = [32m2.440801e-10[39m
     12 Linear |R| = [32m1.896336e-10[39m
     13 Linear |R| = [32m1.699515e-11[39m
     14 Linear |R| = [32m2.009189e-12[39m
     15 Linear |R| = [32m4.866059e-13[39m
 1 Nonlinear |R| = [32m4.881448e-08[39m
      0 Linear |R| = [32m4.881448e-08[39m
      1 Linear |R| = [32m9.536538e-09[39m
      2 Linear |R| = [32m6.179489e-09[39m
      3 Linear |R| = [32m1.448753e-10[39m
      4 Linear |R| = [32m4.868209e-11[39m
      5 Linear |R| = [33m4.685421e-11[39m
      6 Linear |R| = [32m1.403056e-11[39m
      7 Linear |R| = [32m1.569016e-12[39m
      8 Linear |R| = [32m1.807885e-13[39m
      9 Linear |R| = [32m1.528734e-13[39m
     10 Linear |R| = [32m4.580548e-14[39m
     11 Linear |R| = [32m7.924177e-15[39m
     12 Linear |R| = [32m1.991292e-15[39m
     13 Linear |R| = [32m1.421294e-15[39m
     14 Linear |R| = [32m1.079149e-16[39m
     15 Linear |R| = [32m1.138145e-17[39m
 2 Nonlinear |R| = [32m1.784805e-13[39m
[32m Solve Converged![39m

Outlier Variable Residual Norms:
  uy: [33m1.560937e-13[39m

Postprocessor Values:
+----------------+----------------+----------------+----------------+----------------+----------------+----------------+
| time           | J_max          | J_min          | Jbar_max       | Jbar_min       | center_pressure| edge_ux        |
+----------------+----------------+----------------+----------------+----------------+----------------+----------------+
:                :                :                :                :                :                :                :
|   8.400000e-02 |   9.688077e-01 |   9.682217e-01 |   9.866261e-01 |   9.865276e-01 |   1.756336e-02 |   1.693047e-03 |
|   8.500000e-02 |   9.687757e-01 |   9.682092e-01 |   9.866210e-01 |   9.865258e-01 |   1.697964e-02 |   1.666920e-03 |
|   8.600000e-02 |   9.687447e-01 |   9.681971e-01 |   9.866161e-01 |   9.865241e-01 |   1.641525e-02 |   1.641662e-03 |
|   8.700000e-02 |   9.687148e-01 |   9.681854e-01 |   9.866114e-01 |   9.865224e-01 |   1.586957e-02 |   1.617243e-03 |
|   8.800000e-02 |   9.686858e-01 |   9.681741e-01 |   9.866069e-01 |   9.865208e-01 |   1.534198e-02 |   1.593636e-03 |
|   8.900000e-02 |   9.686579e-01 |   9.681631e-01 |   9.866025e-01 |   9.865192e-01 |   1.483187e-02 |   1.570813e-03 |
|   9.000000e-02 |   9.686308e-01 |   9.681526e-01 |   9.865982e-01 |   9.865177e-01 |   1.433868e-02 |   1.548748e-03 |
|   9.100000e-02 |   9.686047e-01 |   9.681424e-01 |   9.865941e-01 |   9.865163e-01 |   1.386185e-02 |   1.527417e-03 |
|   9.200000e-02 |   9.685794e-01 |   9.681325e-01 |   9.865901e-01 |   9.865149e-01 |   1.340083e-02 |   1.506796e-03 |
|   9.300000e-02 |   9.685550e-01 |   9.681229e-01 |   9.865863e-01 |   9.865135e-01 |   1.295511e-02 |   1.486860e-03 |
|   9.400000e-02 |   9.685313e-01 |   9.681137e-01 |   9.865825e-01 |   9.865122e-01 |   1.252417e-02 |   1.467587e-03 |
|   9.500000e-02 |   9.685085e-01 |   9.681048e-01 |   9.865790e-01 |   9.865110e-01 |   1.210754e-02 |   1.448954e-03 |
|   9.600000e-02 |   9.684864e-01 |   9.680961e-01 |   9.865755e-01 |   9.865098e-01 |   1.170474e-02 |   1.430942e-03 |
|   9.700000e-02 |   9.684651e-01 |   9.680878e-01 |   9.865721e-01 |   9.865086e-01 |   1.131531e-02 |   1.413529e-03 |
|   9.800000e-02 |   9.684444e-01 |   9.680797e-01 |   9.865689e-01 |   9.865074e-01 |   1.093881e-02 |   1.396694e-03 |
+----------------+----------------+----------------+----------------+----------------+----------------+----------------+
+----------------+----------------+----------------+------------------+----------------+----------------+
| time           | mass           | mass_reaction  | outflow_gradient | platen_max     | platen_min     |
+----------------+----------------+----------------+------------------+----------------+----------------+
:                :                :                :                  :                :                :
|   8.400000e-02 |   1.508740e-01 |  -1.686697e-02 |     1.654540e-02 |  -6.445280e-03 |  -6.445280e-03 |
|   8.500000e-02 |   1.508577e-01 |  -1.630591e-02 |     1.599510e-02 |  -6.447724e-03 |  -6.447724e-03 |
|   8.600000e-02 |   1.508419e-01 |  -1.576346e-02 |     1.546306e-02 |  -6.450087e-03 |  -6.450087e-03 |
|   8.700000e-02 |   1.508267e-01 |  -1.523902e-02 |     1.494868e-02 |  -6.452371e-03 |  -6.452371e-03 |
|   8.800000e-02 |   1.508119e-01 |  -1.473199e-02 |     1.445137e-02 |  -6.454579e-03 |  -6.454579e-03 |
|   8.900000e-02 |   1.507977e-01 |  -1.424180e-02 |     1.397056e-02 |  -6.456714e-03 |  -6.456714e-03 |
|   9.000000e-02 |   1.507839e-01 |  -1.376788e-02 |     1.350572e-02 |  -6.458778e-03 |  -6.458778e-03 |
|   9.100000e-02 |   1.507706e-01 |  -1.330970e-02 |     1.305631e-02 |  -6.460774e-03 |  -6.460774e-03 |
|   9.200000e-02 |   1.507578e-01 |  -1.286675e-02 |     1.262183e-02 |  -6.462703e-03 |  -6.462703e-03 |
|   9.300000e-02 |   1.507453e-01 |  -1.243850e-02 |     1.220178e-02 |  -6.464568e-03 |  -6.464568e-03 |
|   9.400000e-02 |   1.507333e-01 |  -1.202449e-02 |     1.179569e-02 |  -6.466371e-03 |  -6.466371e-03 |
|   9.500000e-02 |   1.507217e-01 |  -1.162423e-02 |     1.140308e-02 |  -6.468113e-03 |  -6.468113e-03 |
|   9.600000e-02 |   1.507104e-01 |  -1.123728e-02 |     1.102352e-02 |  -6.469798e-03 |  -6.469798e-03 |
|   9.700000e-02 |   1.506996e-01 |  -1.086318e-02 |     1.065657e-02 |  -6.471427e-03 |  -6.471427e-03 |
|   9.800000e-02 |   1.506891e-01 |  -1.050152e-02 |     1.030182e-02 |  -6.473002e-03 |  -6.473002e-03 |
+----------------+----------------+----------------+------------------+----------------+----------------+
+----------------+--------------------+--------------------+----------------+----------------+----------------+
| time           | solid_fraction_max | solid_fraction_min | stability_max  | stability_min  | top_reaction   |
+----------------+--------------------+--------------------+----------------+----------------+----------------+
:                :                    :                    :                :                :                :
|   8.400000e-02 |       6.114051e-01 |       6.109742e-01 |   2.801009e+01 |   2.800023e+01 |  -1.400000e+00 |
|   8.500000e-02 |       6.114098e-01 |       6.109933e-01 |   2.800975e+01 |   2.800022e+01 |  -1.400000e+00 |
|   8.600000e-02 |       6.114145e-01 |       6.110118e-01 |   2.800943e+01 |   2.800022e+01 |  -1.400000e+00 |
|   8.700000e-02 |       6.114189e-01 |       6.110296e-01 |   2.800911e+01 |   2.800021e+01 |  -1.400000e+00 |
|   8.800000e-02 |       6.114232e-01 |       6.110469e-01 |   2.800881e+01 |   2.800020e+01 |  -1.400000e+00 |
|   8.900000e-02 |       6.114274e-01 |       6.110636e-01 |   2.800852e+01 |   2.800020e+01 |  -1.400000e+00 |
|   9.000000e-02 |       6.114314e-01 |       6.110797e-01 |   2.800823e+01 |   2.800019e+01 |  -1.400000e+00 |
|   9.100000e-02 |       6.114353e-01 |       6.110953e-01 |   2.800796e+01 |   2.800018e+01 |  -1.400000e+00 |
|   9.200000e-02 |       6.114391e-01 |       6.111104e-01 |   2.800770e+01 |   2.800018e+01 |  -1.400000e+00 |
|   9.300000e-02 |       6.114428e-01 |       6.111250e-01 |   2.800744e+01 |   2.800017e+01 |  -1.400000e+00 |
|   9.400000e-02 |       6.114463e-01 |       6.111391e-01 |   2.800719e+01 |   2.800016e+01 |  -1.400000e+00 |
|   9.500000e-02 |       6.114497e-01 |       6.111527e-01 |   2.800695e+01 |   2.800016e+01 |  -1.400000e+00 |
|   9.600000e-02 |       6.114530e-01 |       6.111659e-01 |   2.800672e+01 |   2.800015e+01 |  -1.400000e+00 |
|   9.700000e-02 |       6.114562e-01 |       6.111786e-01 |   2.800650e+01 |   2.800015e+01 |  -1.400000e+00 |
|   9.800000e-02 |       6.114593e-01 |       6.111909e-01 |   2.800628e+01 |   2.800014e+01 |  -1.400000e+00 |
+----------------+--------------------+--------------------+----------------+----------------+----------------+


Time Step 99, time = 0.099, dt = 0.001
 * Nonlinear |R| = [32m1.304066e-03[39m (Before preset BCs, predictors, correctors, and constraints)
 0 Nonlinear |R| = [32m1.304066e-03[39m
      0 Linear |R| = [32m1.304066e-03[39m
      1 Linear |R| = [32m4.768096e-04[39m
      2 Linear |R| = [32m4.214664e-04[39m
      3 Linear |R| = [32m7.398390e-06[39m
      4 Linear |R| = [32m2.252592e-06[39m
      5 Linear |R| = [32m1.621441e-06[39m
      6 Linear |R| = [32m1.977050e-07[39m
      7 Linear |R| = [32m2.652154e-08[39m
      8 Linear |R| = [32m5.000624e-09[39m
      9 Linear |R| = [32m2.349946e-09[39m
     10 Linear |R| = [32m1.138263e-09[39m
     11 Linear |R| = [32m2.356866e-10[39m
     12 Linear |R| = [32m6.095181e-11[39m
     13 Linear |R| = [32m1.642947e-11[39m
     14 Linear |R| = [32m1.942118e-12[39m
     15 Linear |R| = [32m1.707490e-13[39m
 1 Nonlinear |R| = [32m4.323663e-08[39m
      0 Linear |R| = [32m4.323663e-08[39m
      1 Linear |R| = [32m8.233596e-09[39m
      2 Linear |R| = [32m1.464026e-10[39m
      3 Linear |R| = [32m1.381420e-10[39m
      4 Linear |R| = [32m4.394422e-11[39m
      5 Linear |R| = [32m4.072472e-11[39m
      6 Linear |R| = [32m9.942113e-12[39m
      7 Linear |R| = [32m1.635530e-12[39m
      8 Linear |R| = [32m1.816805e-13[39m
      9 Linear |R| = [32m1.289396e-13[39m
     10 Linear |R| = [32m7.543183e-14[39m
     11 Linear |R| = [32m1.086912e-14[39m
     12 Linear |R| = [32m2.152846e-15[39m
     13 Linear |R| = [32m1.150862e-15[39m
     14 Linear |R| = [32m1.319775e-16[39m
     15 Linear |R| = [32m7.114778e-18[39m
 2 Nonlinear |R| = [32m1.868156e-13[39m
[32m Solve Converged![39m

Outlier Variable Residual Norms:
  uy: [33m1.664415e-13[39m

Postprocessor Values:
+----------------+----------------+----------------+----------------+----------------+----------------+----------------+
| time           | J_max          | J_min          | Jbar_max       | Jbar_min       | center_pressure| edge_ux        |
+----------------+----------------+----------------+----------------+----------------+----------------+----------------+
:                :                :                :                :                :                :                :
|   8.500000e-02 |   9.687757e-01 |   9.682092e-01 |   9.866210e-01 |   9.865258e-01 |   1.697964e-02 |   1.666920e-03 |
|   8.600000e-02 |   9.687447e-01 |   9.681971e-01 |   9.866161e-01 |   9.865241e-01 |   1.641525e-02 |   1.641662e-03 |
|   8.700000e-02 |   9.687148e-01 |   9.681854e-01 |   9.866114e-01 |   9.865224e-01 |   1.586957e-02 |   1.617243e-03 |
|   8.800000e-02 |   9.686858e-01 |   9.681741e-01 |   9.866069e-01 |   9.865208e-01 |   1.534198e-02 |   1.593636e-03 |
|   8.900000e-02 |   9.686579e-01 |   9.681631e-01 |   9.866025e-01 |   9.865192e-01 |   1.483187e-02 |   1.570813e-03 |
|   9.000000e-02 |   9.686308e-01 |   9.681526e-01 |   9.865982e-01 |   9.865177e-01 |   1.433868e-02 |   1.548748e-03 |
|   9.100000e-02 |   9.686047e-01 |   9.681424e-01 |   9.865941e-01 |   9.865163e-01 |   1.386185e-02 |   1.527417e-03 |
|   9.200000e-02 |   9.685794e-01 |   9.681325e-01 |   9.865901e-01 |   9.865149e-01 |   1.340083e-02 |   1.506796e-03 |
|   9.300000e-02 |   9.685550e-01 |   9.681229e-01 |   9.865863e-01 |   9.865135e-01 |   1.295511e-02 |   1.486860e-03 |
|   9.400000e-02 |   9.685313e-01 |   9.681137e-01 |   9.865825e-01 |   9.865122e-01 |   1.252417e-02 |   1.467587e-03 |
|   9.500000e-02 |   9.685085e-01 |   9.681048e-01 |   9.865790e-01 |   9.865110e-01 |   1.210754e-02 |   1.448954e-03 |
|   9.600000e-02 |   9.684864e-01 |   9.680961e-01 |   9.865755e-01 |   9.865098e-01 |   1.170474e-02 |   1.430942e-03 |
|   9.700000e-02 |   9.684651e-01 |   9.680878e-01 |   9.865721e-01 |   9.865086e-01 |   1.131531e-02 |   1.413529e-03 |
|   9.800000e-02 |   9.684444e-01 |   9.680797e-01 |   9.865689e-01 |   9.865074e-01 |   1.093881e-02 |   1.396694e-03 |
|   9.900000e-02 |   9.684245e-01 |   9.680719e-01 |   9.865657e-01 |   9.865063e-01 |   1.057481e-02 |   1.380420e-03 |
+----------------+----------------+----------------+----------------+----------------+----------------+----------------+
+----------------+----------------+----------------+------------------+----------------+----------------+
| time           | mass           | mass_reaction  | outflow_gradient | platen_max     | platen_min     |
+----------------+----------------+----------------+------------------+----------------+----------------+
:                :                :                :                  :                :                :
|   8.500000e-02 |   1.508577e-01 |  -1.630591e-02 |     1.599510e-02 |  -6.447724e-03 |  -6.447724e-03 |
|   8.600000e-02 |   1.508419e-01 |  -1.576346e-02 |     1.546306e-02 |  -6.450087e-03 |  -6.450087e-03 |
|   8.700000e-02 |   1.508267e-01 |  -1.523902e-02 |     1.494868e-02 |  -6.452371e-03 |  -6.452371e-03 |
|   8.800000e-02 |   1.508119e-01 |  -1.473199e-02 |     1.445137e-02 |  -6.454579e-03 |  -6.454579e-03 |
|   8.900000e-02 |   1.507977e-01 |  -1.424180e-02 |     1.397056e-02 |  -6.456714e-03 |  -6.456714e-03 |
|   9.000000e-02 |   1.507839e-01 |  -1.376788e-02 |     1.350572e-02 |  -6.458778e-03 |  -6.458778e-03 |
|   9.100000e-02 |   1.507706e-01 |  -1.330970e-02 |     1.305631e-02 |  -6.460774e-03 |  -6.460774e-03 |
|   9.200000e-02 |   1.507578e-01 |  -1.286675e-02 |     1.262183e-02 |  -6.462703e-03 |  -6.462703e-03 |
|   9.300000e-02 |   1.507453e-01 |  -1.243850e-02 |     1.220178e-02 |  -6.464568e-03 |  -6.464568e-03 |
|   9.400000e-02 |   1.507333e-01 |  -1.202449e-02 |     1.179569e-02 |  -6.466371e-03 |  -6.466371e-03 |
|   9.500000e-02 |   1.507217e-01 |  -1.162423e-02 |     1.140308e-02 |  -6.468113e-03 |  -6.468113e-03 |
|   9.600000e-02 |   1.507104e-01 |  -1.123728e-02 |     1.102352e-02 |  -6.469798e-03 |  -6.469798e-03 |
|   9.700000e-02 |   1.506996e-01 |  -1.086318e-02 |     1.065657e-02 |  -6.471427e-03 |  -6.471427e-03 |
|   9.800000e-02 |   1.506891e-01 |  -1.050152e-02 |     1.030182e-02 |  -6.473002e-03 |  -6.473002e-03 |
|   9.900000e-02 |   1.506789e-01 |  -1.015189e-02 |     9.958861e-03 |  -6.474525e-03 |  -6.474525e-03 |
+----------------+----------------+----------------+------------------+----------------+----------------+
+----------------+--------------------+--------------------+----------------+----------------+----------------+
| time           | solid_fraction_max | solid_fraction_min | stability_max  | stability_min  | top_reaction   |
+----------------+--------------------+--------------------+----------------+----------------+----------------+
:                :                    :                    :                :                :                :
|   8.500000e-02 |       6.114098e-01 |       6.109933e-01 |   2.800975e+01 |   2.800022e+01 |  -1.400000e+00 |
|   8.600000e-02 |       6.114145e-01 |       6.110118e-01 |   2.800943e+01 |   2.800022e+01 |  -1.400000e+00 |
|   8.700000e-02 |       6.114189e-01 |       6.110296e-01 |   2.800911e+01 |   2.800021e+01 |  -1.400000e+00 |
|   8.800000e-02 |       6.114232e-01 |       6.110469e-01 |   2.800881e+01 |   2.800020e+01 |  -1.400000e+00 |
|   8.900000e-02 |       6.114274e-01 |       6.110636e-01 |   2.800852e+01 |   2.800020e+01 |  -1.400000e+00 |
|   9.000000e-02 |       6.114314e-01 |       6.110797e-01 |   2.800823e+01 |   2.800019e+01 |  -1.400000e+00 |
|   9.100000e-02 |       6.114353e-01 |       6.110953e-01 |   2.800796e+01 |   2.800018e+01 |  -1.400000e+00 |
|   9.200000e-02 |       6.114391e-01 |       6.111104e-01 |   2.800770e+01 |   2.800018e+01 |  -1.400000e+00 |
|   9.300000e-02 |       6.114428e-01 |       6.111250e-01 |   2.800744e+01 |   2.800017e+01 |  -1.400000e+00 |
|   9.400000e-02 |       6.114463e-01 |       6.111391e-01 |   2.800719e+01 |   2.800016e+01 |  -1.400000e+00 |
|   9.500000e-02 |       6.114497e-01 |       6.111527e-01 |   2.800695e+01 |   2.800016e+01 |  -1.400000e+00 |
|   9.600000e-02 |       6.114530e-01 |       6.111659e-01 |   2.800672e+01 |   2.800015e+01 |  -1.400000e+00 |
|   9.700000e-02 |       6.114562e-01 |       6.111786e-01 |   2.800650e+01 |   2.800015e+01 |  -1.400000e+00 |
|   9.800000e-02 |       6.114593e-01 |       6.111909e-01 |   2.800628e+01 |   2.800014e+01 |  -1.400000e+00 |
|   9.900000e-02 |       6.114622e-01 |       6.112028e-01 |   2.800607e+01 |   2.800014e+01 |  -1.400000e+00 |
+----------------+--------------------+--------------------+----------------+----------------+----------------+


Time Step 100, time = 0.1, dt = 0.001
 * Nonlinear |R| = [32m1.260644e-03[39m (Before preset BCs, predictors, correctors, and constraints)
 0 Nonlinear |R| = [32m1.260644e-03[39m
      0 Linear |R| = [32m1.260644e-03[39m
      1 Linear |R| = [32m4.609517e-04[39m
      2 Linear |R| = [32m4.074535e-04[39m
      3 Linear |R| = [32m7.152200e-06[39m
      4 Linear |R| = [32m2.178134e-06[39m
      5 Linear |R| = [32m1.683185e-06[39m
      6 Linear |R| = [32m1.911256e-07[39m
      7 Linear |R| = [32m2.563994e-08[39m
      8 Linear |R| = [32m6.466385e-09[39m
      9 Linear |R| = [32m2.271713e-09[39m
     10 Linear |R| = [32m1.100048e-09[39m
     11 Linear |R| = [32m2.278953e-10[39m
     12 Linear |R| = [32m1.152847e-10[39m
     13 Linear |R| = [32m1.588347e-11[39m
     14 Linear |R| = [32m1.877564e-12[39m
     15 Linear |R| = [32m2.736529e-13[39m
 1 Nonlinear |R| = [32m4.130534e-08[39m
      0 Linear |R| = [32m4.130534e-08[39m
      1 Linear |R| = [32m7.754972e-09[39m
      2 Linear |R| = [32m1.033021e-09[39m
      3 Linear |R| = [32m1.379784e-10[39m
      4 Linear |R| = [32m4.483798e-11[39m
      5 Linear |R| = [32m4.231271e-11[39m
      6 Linear |R| = [32m1.135982e-11[39m
      7 Linear |R| = [32m1.444065e-12[39m
      8 Linear |R| = [32m1.862812e-13[39m
      9 Linear |R| = [32m1.416337e-13[39m
     10 Linear |R| = [32m2.914537e-14[39m
     11 Linear |R| = [32m7.651488e-15[39m
     12 Linear |R| = [32m2.684391e-15[39m
     13 Linear |R| = [32m1.369129e-15[39m
     14 Linear |R| = [32m1.191484e-16[39m
     15 Linear |R| = [32m1.100432e-17[39m
 2 Nonlinear |R| = [32m1.775940e-13[39m
[32m Solve Converged![39m

Outlier Variable Residual Norms:
  uy: [33m1.528936e-13[39m

Postprocessor Values:
+----------------+----------------+----------------+----------------+----------------+----------------+----------------+
| time           | J_max          | J_min          | Jbar_max       | Jbar_min       | center_pressure| edge_ux        |
+----------------+----------------+----------------+----------------+----------------+----------------+----------------+
:                :                :                :                :                :                :                :
|   8.600000e-02 |   9.687447e-01 |   9.681971e-01 |   9.866161e-01 |   9.865241e-01 |   1.641525e-02 |   1.641662e-03 |
|   8.700000e-02 |   9.687148e-01 |   9.681854e-01 |   9.866114e-01 |   9.865224e-01 |   1.586957e-02 |   1.617243e-03 |
|   8.800000e-02 |   9.686858e-01 |   9.681741e-01 |   9.866069e-01 |   9.865208e-01 |   1.534198e-02 |   1.593636e-03 |
|   8.900000e-02 |   9.686579e-01 |   9.681631e-01 |   9.866025e-01 |   9.865192e-01 |   1.483187e-02 |   1.570813e-03 |
|   9.000000e-02 |   9.686308e-01 |   9.681526e-01 |   9.865982e-01 |   9.865177e-01 |   1.433868e-02 |   1.548748e-03 |
|   9.100000e-02 |   9.686047e-01 |   9.681424e-01 |   9.865941e-01 |   9.865163e-01 |   1.386185e-02 |   1.527417e-03 |
|   9.200000e-02 |   9.685794e-01 |   9.681325e-01 |   9.865901e-01 |   9.865149e-01 |   1.340083e-02 |   1.506796e-03 |
|   9.300000e-02 |   9.685550e-01 |   9.681229e-01 |   9.865863e-01 |   9.865135e-01 |   1.295511e-02 |   1.486860e-03 |
|   9.400000e-02 |   9.685313e-01 |   9.681137e-01 |   9.865825e-01 |   9.865122e-01 |   1.252417e-02 |   1.467587e-03 |
|   9.500000e-02 |   9.685085e-01 |   9.681048e-01 |   9.865790e-01 |   9.865110e-01 |   1.210754e-02 |   1.448954e-03 |
|   9.600000e-02 |   9.684864e-01 |   9.680961e-01 |   9.865755e-01 |   9.865098e-01 |   1.170474e-02 |   1.430942e-03 |
|   9.700000e-02 |   9.684651e-01 |   9.680878e-01 |   9.865721e-01 |   9.865086e-01 |   1.131531e-02 |   1.413529e-03 |
|   9.800000e-02 |   9.684444e-01 |   9.680797e-01 |   9.865689e-01 |   9.865074e-01 |   1.093881e-02 |   1.396694e-03 |
|   9.900000e-02 |   9.684245e-01 |   9.680719e-01 |   9.865657e-01 |   9.865063e-01 |   1.057481e-02 |   1.380420e-03 |
|   1.000000e-01 |   9.684052e-01 |   9.680644e-01 |   9.865627e-01 |   9.865053e-01 |   1.022290e-02 |   1.364688e-03 |
+----------------+----------------+----------------+----------------+----------------+----------------+----------------+
+----------------+----------------+----------------+------------------+----------------+----------------+
| time           | mass           | mass_reaction  | outflow_gradient | platen_max     | platen_min     |
+----------------+----------------+----------------+------------------+----------------+----------------+
:                :                :                :                  :                :                :
|   8.600000e-02 |   1.508419e-01 |  -1.576346e-02 |     1.546306e-02 |  -6.450087e-03 |  -6.450087e-03 |
|   8.700000e-02 |   1.508267e-01 |  -1.523902e-02 |     1.494868e-02 |  -6.452371e-03 |  -6.452371e-03 |
|   8.800000e-02 |   1.508119e-01 |  -1.473199e-02 |     1.445137e-02 |  -6.454579e-03 |  -6.454579e-03 |
|   8.900000e-02 |   1.507977e-01 |  -1.424180e-02 |     1.397056e-02 |  -6.456714e-03 |  -6.456714e-03 |
|   9.000000e-02 |   1.507839e-01 |  -1.376788e-02 |     1.350572e-02 |  -6.458778e-03 |  -6.458778e-03 |
|   9.100000e-02 |   1.507706e-01 |  -1.330970e-02 |     1.305631e-02 |  -6.460774e-03 |  -6.460774e-03 |
|   9.200000e-02 |   1.507578e-01 |  -1.286675e-02 |     1.262183e-02 |  -6.462703e-03 |  -6.462703e-03 |
|   9.300000e-02 |   1.507453e-01 |  -1.243850e-02 |     1.220178e-02 |  -6.464568e-03 |  -6.464568e-03 |
|   9.400000e-02 |   1.507333e-01 |  -1.202449e-02 |     1.179569e-02 |  -6.466371e-03 |  -6.466371e-03 |
|   9.500000e-02 |   1.507217e-01 |  -1.162423e-02 |     1.140308e-02 |  -6.468113e-03 |  -6.468113e-03 |
|   9.600000e-02 |   1.507104e-01 |  -1.123728e-02 |     1.102352e-02 |  -6.469798e-03 |  -6.469798e-03 |
|   9.700000e-02 |   1.506996e-01 |  -1.086318e-02 |     1.065657e-02 |  -6.471427e-03 |  -6.471427e-03 |
|   9.800000e-02 |   1.506891e-01 |  -1.050152e-02 |     1.030182e-02 |  -6.473002e-03 |  -6.473002e-03 |
|   9.900000e-02 |   1.506789e-01 |  -1.015189e-02 |     9.958861e-03 |  -6.474525e-03 |  -6.474525e-03 |
|   1.000000e-01 |   1.506691e-01 |  -9.813876e-03 |     9.627301e-03 |  -6.475996e-03 |  -6.475996e-03 |
+----------------+----------------+----------------+------------------+----------------+----------------+
+----------------+--------------------+--------------------+----------------+----------------+----------------+
| time           | solid_fraction_max | solid_fraction_min | stability_max  | stability_min  | top_reaction   |
+----------------+--------------------+--------------------+----------------+----------------+----------------+
:                :                    :                    :                :                :                :
|   8.600000e-02 |       6.114145e-01 |       6.110118e-01 |   2.800943e+01 |   2.800022e+01 |  -1.400000e+00 |
|   8.700000e-02 |       6.114189e-01 |       6.110296e-01 |   2.800911e+01 |   2.800021e+01 |  -1.400000e+00 |
|   8.800000e-02 |       6.114232e-01 |       6.110469e-01 |   2.800881e+01 |   2.800020e+01 |  -1.400000e+00 |
|   8.900000e-02 |       6.114274e-01 |       6.110636e-01 |   2.800852e+01 |   2.800020e+01 |  -1.400000e+00 |
|   9.000000e-02 |       6.114314e-01 |       6.110797e-01 |   2.800823e+01 |   2.800019e+01 |  -1.400000e+00 |
|   9.100000e-02 |       6.114353e-01 |       6.110953e-01 |   2.800796e+01 |   2.800018e+01 |  -1.400000e+00 |
|   9.200000e-02 |       6.114391e-01 |       6.111104e-01 |   2.800770e+01 |   2.800018e+01 |  -1.400000e+00 |
|   9.300000e-02 |       6.114428e-01 |       6.111250e-01 |   2.800744e+01 |   2.800017e+01 |  -1.400000e+00 |
|   9.400000e-02 |       6.114463e-01 |       6.111391e-01 |   2.800719e+01 |   2.800016e+01 |  -1.400000e+00 |
|   9.500000e-02 |       6.114497e-01 |       6.111527e-01 |   2.800695e+01 |   2.800016e+01 |  -1.400000e+00 |
|   9.600000e-02 |       6.114530e-01 |       6.111659e-01 |   2.800672e+01 |   2.800015e+01 |  -1.400000e+00 |
|   9.700000e-02 |       6.114562e-01 |       6.111786e-01 |   2.800650e+01 |   2.800015e+01 |  -1.400000e+00 |
|   9.800000e-02 |       6.114593e-01 |       6.111909e-01 |   2.800628e+01 |   2.800014e+01 |  -1.400000e+00 |
|   9.900000e-02 |       6.114622e-01 |       6.112028e-01 |   2.800607e+01 |   2.800014e+01 |  -1.400000e+00 |
|   1.000000e-01 |       6.114651e-01 |       6.112143e-01 |   2.800587e+01 |   2.800013e+01 |  -1.400000e+00 |
+----------------+--------------------+--------------------+----------------+----------------+----------------+

Finished Executing                                                                       [[33m167.68 s[39m] [[33m  153 MB[39m]
