time,B_anisotropy,B_par,B_per,J_max,J_min,Jbar_max,Jbar_min,center_pressure,edge_ux,ln_h_max,ln_h_min,mass,mass_reaction,outflow_gradient,platen_max,platen_min,right_reaction,solid_fraction_max,solid_fraction_min,stability_max,stability_min,top_displacement,top_reaction
0,0,0.60264769154394,0.60264769154394,1,1,1,1,0,0,-0,-0,0.01,0,0,0,0,0,0.9,0.9,2.5,2.5,0,0
0.0025,0,0.60264769154394,0.60264769154394,0.99999437161673,0.99998348206567,0.9999933077503,0.99999236299142,1.8617506912158e-05,1.2726647059078e-21,1.8652263560613e-06,7.4348068296937e-07,0.0099999170340787,-3.318636853186e-05,2.5095895757026e-05,-6.7702200688717e-07,-1.148349965778e-06,-1.3849630522793e-06,0.90000799296521,0.89999904251483,2.5,2.5,-7.4335796514759e-07,-2.4999999999996e-05
0.005,0,0.60264769154394,0.60264769154394,0.9999888316225,0.99996653494119,0.99998668761651,0.99998461570958,3.7096845209043e-05,2.5112775944564e-21,3.6011670153101e-06,1.4779363449911e-06,0.0099997946192555,-4.8965929274959e-05,4.0371556215486e-05,-1.3653497595004e-06,-2.3324694708159e-06,-2.7245635657126e-06,0.90001627323614,0.89999807037306,2.5,2.5,-1.5169576228572e-06,-4.9999999999999e-05
0.0075,0,0.60264769154394,0.60264769154394,0.99998334134245,0.99994947685052,0.99998012515705,0.99997684947289,5.5418616273481e-05,3.7242304677514e-21,5.279926740216e-06,2.2059414963967e-06,0.0099996428660968,-6.070126347301e-05,5.1958730663896e-05,-2.0622805792223e-06,-3.5316858755749e-06,-4.0304208358402e-06,0.90002463660485,0.89999710538492,2.5,2.5,-2.3130527761068e-06,-7.5000000000013e-05
0.01,0,0.60264769154394,0.60264769154394,0.99997788679337,0.99993239769499,0.99997361089075,0.99996909030093,7.359679586234e-05,4.9135633341624e-21,6.9235683062272e-06,2.9287976701481e-06,0.0099994669320753,-7.0373608606788e-05,6.1576705908503e-05,-2.7665319463558e-06,-4.7399173276821e-06,-5.3084614299467e-06,0.90003302557796,0.89999615160254,2.5,2.5,-3.127692380034e-06,-9.9999999999986e-05
0.0125,0,0.60264769154394,0.60264769154394,0.99997808561353,0.99993185011241,0.99997383111693,0.99996898483612,7.3018911564168e-05,4.807954539246e-21,6.6767313923731e-06,2.9039293593202e-06,0.0099993530164888,-4.5566234591532e-05,4.4841079061179e-05,-2.8004200621616e-06,-4.8061961119313e-06,-5.1774387392762e-06,0.90003342352915,0.89999617086915,2.5,2.5,-3.215040840483e-06,-0.00010000000000001
0.015,0,0.60264769154394,0.60264769154394,0.99997821062302,0.99993176120456,0.99997401752955,0.99996901037244,7.2437384911617e-05,4.715294932889e-21,6.5393980793425e-06,2.8845821331165e-06,0.009999259867427,-3.7259624733994e-05,3.7036349204907e-05,-2.8293570581833e-06,-4.8416937669559e-06,-5.0702825184518e-06,0.90003352653891,0.89999622613365,2.5,2.5,-3.2864783210348e-06,-9.9999999999995e-05
0.0175,0,0.60264769154394,0.60264769154394,0.99997828991403,0.99993182063573,0.99997418186058,0.99996907730052,7.1862488410229e-05,4.6282533938916e-21,6.4429133653888e-06,2.8688358396065e-06,0.0099991790733947,-3.2317612889284e-05,3.2249336281419e-05,-2.8559691163714e-06,-4.8662125701457e-06,-4.9773272881494e-06,0.90003353328459,0.89999630267162,2.5,2.5,-3.3484484745667e-06,-0.0001
0.02,0,0.60264769154394,0.60264769154394,0.99997832680654,0.99993194255179,0.99997433168059,0.99996916022729,7.1267361649683e-05,4.5457474145731e-21,6.367581296654e-06,2.8559861860512e-06,0.0099991068117469,-2.8904659128e-05,2.8902659516067e-05,-2.8816071987533e-06,-4.8852452984862e-06,-4.8941817203731e-06,0.90003349818775,0.89999640430872,2.5,2.5,-3.4038788530832e-06,-9.9999999999989e-05
0.0225,0,0.60264769154394,0.60264769154394,0.99997832158036,0.99993209426756,0.99997447156131,0.99996924960098,7.063208186126e-05,4.4672974588274e-21,6.3052584451269e-06,2.8456763991586e-06,0.0099990409334047,-2.6351336892598e-05,2.638300380129e-05,-2.9070875992089e-06,-4.900984608455e-06,-4.8183766577035e-06,0.90003344207099,0.89999653490773,2.5,2.5,-3.454415561531e-06,-0.00010000000000003
0.025,0,0.60264769154394,0.60264769154394,0.99997827466885,0.99993226081489,0.99997460441944,0.99996934118853,6.9944396096146e-05,4.3925090981513e-21,6.2517843568481e-06,2.8376671315444e-06,0.0099989800766174,-2.4342714899418e-05,2.4393200844781e-05,-2.9329121895875e-06,-4.914517830378e-06,-4.7483472180775e-06,0.90003337459705,0.89999669670377,2.5,2.5,-3.5011018546129e-06,-9.9999999999981e-05
0.0275,0,0.60264769154394,0.60264769154394,0.99997818740635,0.99993243451365,0.9999747321747,0.99996943292455,6.9198324351852e-05,4.3210282869052e-21,6.204738649316e-06,2.8317558794216e-06,0.0099989233100342,-2.2706633309175e-05,2.2768217925931e-05,-2.9593680823014e-06,-4.9264632020171e-06,-4.683022912154e-06,0.9000333008198,0.89999689022368,2.5,2.5,-3.5446513918981e-06,-9.9999999999995e-05
0.03,0,0.60264769154394,0.60264769154394,0.99997806208898,0.99993261111995,0.99997485609828,0.9999695237461,6.8392736257467e-05,4.2525404458301e-21,6.1625852283126e-06,2.8277483562002e-06,0.0099988699618527,-2.1339272573747e-05,2.1407568520687e-05,-2.98658982726e-06,-4.9372064797558e-06,-4.6216314304434e-06,0.90003322360244,0.89999711454508,2.5,2.5,-3.5855790463707e-06,-9.9999999999997e-05
0.0325,0,0.60264769154394,0.60264769154394,0.99997790177536,0.99993278816954,0.9999749770231,0.99996961309519,6.75300146263e-05,4.1867697165646e-21,6.1242863085159e-06,2.8254511931409e-06,0.0099988195280739,-2.017351154684e-05,2.0245863111343e-05,-3.0146054077549e-06,-4.9470050567965e-06,-4.5635932673344e-06,0.90003314466079,0.89999736766479,2.5,2.5,-3.6242711551102e-06,-0.00010000000000001
0.035,0,0.60264769154394,0.60264769154394,0.99997771001169,0.99993296418426,0.99997509548256,0.99996970068355,6.6614880727138e-05,4.123475914615e-21,6.0891068319033e-06,2.8246731526413e-06,0.0099987716190093,-1.9163625830197e-05,1.9238348223432e-05,-3.0433718120225e-06,-4.9560395937361e-06,-4.5084602773044e-06,0.9000330650659,0.89999764687134,2.5,2.5,-3.6610264817957e-06,-9.9999999999989e-05
0.0375,0,0.60264769154394,0.60264769154394,0.99997749057013,0.99993313826043,0.99997521180672,0.99996978637285,6.5653435540534e-05,4.0624504547355e-21,6.0565065253751e-06,2.8252289579193e-06,0.0099987259260938,-1.8277166203006e-05,1.8353151330642e-05,-3.0728021397903e-06,-4.9644420016003e-06,-4.4558775508818e-06,0.90003298550665,0.89999794906676,2.5,2.5,-3.696081632745e-06,-0.00010000000000001
0.04,0,0.60264769154394,0.60264769154394,0.99997724723777,0.99993330984191,0.99997532618963,0.99996987011012,6.4652429746766e-05,4.0035121642227e-21,6.0393658320826e-06,2.8269431229862e-06,0.0099986822002614,-1.749033292992e-05,1.7566831027384e-05,-3.1027855286277e-06,-4.9723116863369e-06,-4.4055585730619e-06,0.90003290643593,0.89999827101733,2.5,2.5,-3.7296276179602e-06,-9.9999999999994e-05
0.0425,0,0.60264769154394,0.60264769154394,0.99997698366442,0.99993347858901,0.99997543873664,0.99996995189141,6.3618742806081e-05,3.9465034067716e-21,6.0252761296482e-06,2.8296528034164e-06,0.009998640237284,-1.6785190983788e-05,1.6861683172329e-05,-3.133201181142e-06,-4.9797255088752e-06,-4.3572683782494e-06,0.90003282815594,0.89999860953299,2.5,2.5,-3.7618210811663e-06,-0.00010000000000001
0.045,0,0.60264769154394,0.60264769154394,0.99997670326397,0.99993364429983,0.99997554949703,0.99997003174083,6.2559035251761e-05,3.8912866622687e-21,6.0113467162378e-06,2.8332094753193e-06,0.0099985998674925,-1.6147916595297e-05,1.6224037313665e-05,-3.1639277690166e-06,-4.9867441711168e-06,-4.3108117403054e-06,0.90003275087011,0.89999896158556,2.5,2.5,-3.7927921731299e-06,-9.999999999998e-05
0.0475,0,0.60264769154394,0.60264769154394,0.99997640915875,0.99993380686164,0.99997565848638,0.99997010969804,6.1479534618482e-05,3.8377415784653e-21,5.9976057282692e-06,2.8374795849704e-06,0.0099985609483644,-1.5567651246123e-05,1.5643139388929e-05,-3.1948493744086e-06,-4.993416466344e-06,-4.2660246533938e-06,0.90003267471561,0.89999932437893,2.5,2.5,-3.8226502310734e-06,-0.00010000000000001
0.05,0,0.60264769154394,0.60264769154394,0.99997610415551,0.99993396622017,0.99997576570142,0.99997018581085,6.0385918851563e-05,3.7857624577399e-21,5.9840725222645e-06,2.8423444172894e-06,0.0099985233590431,-1.5035728526735e-05,1.511039577045e-05,-3.2258589418375e-06,-4.9997822000926e-06,-4.2227680330999e-06,0.9000325997843,0.89999969538404,2.5,2.5,-3.8514879779336e-06,-0.00010000000000002
0.0525,0,0.60264769154394,0.60264769154394,0.99997579074338,0.99993412235978,0.99997587112984,0.99997026013066,5.9283267422711e-05,3.7352561247906e-21,5.9707602856741e-06,2.8476994312821e-06,0.0099984869961982,-1.4545137938375e-05,1.4618847699955e-05,-3.2568600071678e-06,-5.0058742540772e-06,-4.18092295749e-06,0.90003252613654,0.90000007234956,2.5,2.5,-3.8793846950038e-06,-9.999999999999e-05
0.055,0,0.60264769154394,0.60264769154394,0.99997547110594,0.99993427529052,0.99997597475641,0.99997033270986,5.8176057225596e-05,3.686140120694e-21,5.9576778010769e-06,2.853453270398e-06,0.0099984517708388,-1.4090143789294e-05,1.4162796945855e-05,-3.2877672799284e-06,-5.0117200809125e-06,-4.1403870027588e-06,0.90003245381042,0.90000045329654,2.5,2.5,-3.9064086648287e-06,-0.0001
0.0575,0,0.60264769154394,0.60264769154394,0.99997514714165,0.99993442503951,0.99997607656683,0.99997040360019,5.706818643748e-05,3.6383411728041e-21,5.9448306585214e-06,2.8595266037172e-06,0.0099984176058181,-1.3666008262617e-05,1.3737533271199e-05,-3.3185064959063e-06,-5.0173428107433e-06,-4.1010713743802e-06,0.90003238282812,0.90000083650345,2.5,2.5,-3.9326190837443e-06,-0.0001
0.06,0,0.60264769154394,0.60264769154394,0.99997482048861,0.99993457164523,0.99997617654979,0.99997047285192,5.5963014489487e-05,3.5917938970916e-21,5.9322221027949e-06,2.86585090909e-06,0.0099983844338529,-1.3268786078875e-05,1.3339132017198e-05,-3.3490138326123e-06,-5.0227620869777e-06,-4.062898628324e-06,0.90003231320022,0.9000012204858,2.5,2.5,-3.9580675811194e-06,-0.00010000000000001
0.0625,0,0.60264769154394,0.60264769154394,0.9999744925509,0.99993471515362,0.99997627469817,0.99997054051333,5.4863410070837e-05,3.546439696169e-21,5.9198536340683e-06,2.8723672712435e-06,0.0099983521959294,-1.2895169401039e-05,1.2964300983414e-05,-3.3792350868153e-06,-5.0279947087143e-06,-4.0258008377996e-06,0.90003224492885,0.90000160397346,2.5,2.5,-3.9827994414684e-06,-9.9999999999973e-05
0.065,0,0.60264769154394,0.60264769154394,0.99997416452469,0.99993485561544,0.99997637100935,0.99997060663058,5.3771801863504e-05,3.5022258220368e-21,5.9077254406233e-06,2.8790252400881e-06,0.0099983208400077,-1.2542368691417e-05,1.2610262640216e-05,-3.4091247460459e-06,-5.0330551326002e-06,-3.9897181025814e-06,0.90003217800984,0.9000019858875,2.5,2.5,-4.0068545982781e-06,-0.00010000000000001
0.0675,0,0.60264769154394,0.60264769154394,0.99997383742318,0.99993499308451,0.99997646548531,0.99997067124763,5.2690228666961e-05,3.4591045778559e-21,5.8958367146143e-06,2.8857817747916e-06,0.0099982903199583,-1.220801976569e-05,1.2274662128728e-05,-3.4386450382627e-06,-5.0379558704501e-06,-3.9545973254322e-06,0.90003211243434,0.9000023653178,2.5,2.5,-4.0302684497108e-06,-9.9999999999997e-05
0.07,0,0.60264769154394,0.60264769154394,0.99997351209956,0.99993512761641,0.99997655813233,0.9999707344063,5.1620386928745e-05,3.4170326371484e-21,5.8841858862553e-06,2.8926002855732e-06,0.0099982605946826,-1.1890110272351e-05,1.1955494409055e-05,-3.4677650111958e-06,-5.0427078082399e-06,-3.9203911999252e-06,0.90003204818995,0.90000274150211,2.5,2.5,-4.0530725333822e-06,-0.0001
0.0725,0,0.60264769154394,0.60264769154394,0.99997318926797,0.99993525926769,0.99997664896061,0.99997079614641,5.0563674607934e-05,3.3759704624801e-21,5.8727707996063e-06,2.8994497755235e-06,0.0099982316273805,-1.1586920815e-05,1.1651045862399e-05,-3.4964596707377e-06,-5.0473204648701e-06,-3.8870573676002e-06,0.9000319852616,0.90000311380686,2.5,2.5,-4.0752950882692e-06,-9.9999999999994e-05
0.075,0,0.60264769154394,0.60264769154394,0.99997286952221,0.99993538809522,0.99997673798388,0.99997085650585,4.9521230896616e-05,3.335881808624e-21,5.8615888465339e-06,2.906304080512e-06,0.0099982033849373,-1.1296977285754e-05,1.1359846973982e-05,-3.5247091931331e-06,-5.0518022040102e-06,-3.8545577121659e-06,0.90003192363221,0.90000348170996,2.5,2.5,-4.0969615252218e-06,-0.0001
0.0775,0,0.60264769154394,0.60264769154394,0.99997255335229,0.99993551415583,0.99997682521889,0.99997091552079,4.8493971702538e-05,3.2967332973751e-21,5.8506370700592e-06,2.9131412008056e-06,0.0099981758374075,-1.1019011909886e-05,1.1080633635299e-05,-3.5524982164831e-06,-5.0561604089722e-06,-3.8228577658324e-06,0.9000318632832,0.90000384478547,2.5,2.5,-4.1180948227789e-06,-9.9999999999999e-05
0.08,0,0.60264769154394,0.60264769154394,0.99997224115903,0.99993563750596,0.99997691068504,0.99997097322576,4.7482621026197e-05,3.2584940533089e-21,5.8399122449521e-06,2.9199427169219e-06,0.0099981489575797,-1.0751931149701e-05,1.0812315241472e-05,-3.5798152111082e-06,-5.0604016280276e-06,-3.7919262078662e-06,0.90003180419482,0.90000420269007,2.5,2.5,-4.1387158614228e-06,-0.00010000000000001
0.0825,0,0.60264769154394,0.60264769154394,0.99997193326677,0.99993575820153,0.99997699440391,0.99997102965382,4.6487738496419e-05,3.2211353917179e-21,5.8294109415115e-06,2.9266932815054e-06,0.009998122720607,-1.0494789078889e-05,1.0553948211905e-05,-3.6066519250606e-06,-5.0645316958749e-06,-3.7617344398338e-06,0.9000317463465,0.90000455515127,2.5,2.5,-4.1588437067736e-06,-9.9999999999983e-05
0.085,0,0.60264769154394,0.60264769154394,0.99997162993443,0.99993587629775,0.9999770763989,0.99997108483666,4.550974339316e-05,3.1846305507329e-21,5.8197231798756e-06,2.9333801788837e-06,0.0099980971036941,-1.0246765165224e-05,1.0304713886035e-05,-3.6330028991159e-06,-5.0685558356552e-06,-3.7322562247614e-06,0.90003168971708,0.90000490195709,2.5,2.5,-4.1784958501625e-06,-0.00010000000000001
0.0875,0,0.60264769154394,0.60264769154394,0.99997133136512,0.99993599184903,0.99997715669491,0.99997113880472,4.4548935510129e-05,3.1489544612565e-21,5.8104148959328e-06,2.9399929444456e-06,0.00999807208583,-1.0007145642856e-05,1.0063899984062e-05,-3.6588650447696e-06,-5.0724787449507e-06,-3.7034673797854e-06,0.90003163428497,0.90000524294712,2.5,2.5,-4.1976884134741e-06,-9.9999999999978e-05
0.09,0,0.60264769154394,0.60264769154394,0.99997103771439,0.99993610490892,0.99997723531805,0.9999711915873,4.360551320775e-05,3.114083549479e-21,5.801294297746e-06,2.9465230362774e-06,0.0099980476475604,-9.7753078321152e-06,9.8308849956242e-06,-3.6842372786274e-06,-5.0763046685836e-06,-3.6753455141415e-06,0.90003158002835,0.90000557800485,2.5,2.5,-4.2164363239084e-06,-0.00010000000000001
0.0925,0,0.60264769154394,0.60264769154394,0.99997074909738,0.99993621553008,0.99997731229535,0.99997124321263,4.2679588990173e-05,3.0799955666099e-21,5.7923593100941e-06,2.9529635527484e-06,0.0099980237707931,-9.5507068947066e-06,9.6051249915568e-06,-3.7091202066658e-06,-5.0800374603255e-06,-3.6478698049979e-06,0.90003152692522,0.90000590705096,2.5,2.5,-4.2347534633326e-06,-9.9999999999995e-05
0.095,0,0.60264769154394,0.60264769154394,0.99997046559497,0.99993632376422,0.99997738765456,0.99997129370797,4.1771202913951e-05,3.0466694426226e-21,5.7836076116352e-06,2.9593089894939e-06,0.0099980004386316,-9.3328646188191e-06,9.3861424528697e-06,-3.733515852319e-06,-5.0836806354258e-06,-3.6210208058252e-06,0.90003147495358,0.90000623003764,2.5,2.5,-4.2526527961165e-06,-9.9999999999987e-05
0.0975,0,0.60264769154394,0.60264769154394,0.99997018725901,0.99993642966211,0.99997746142395,0.99997134309967,4.0880334108673e-05,3.0140851599171e-21,5.7750366838728e-06,2.9655550309809e-06,0.0099979776352318,-9.1213598978576e-06,9.1735167870477e-06,-3.757427422834e-06,-5.0872374153116e-06,-3.5947802819524e-06,0.90003142409145,0.90000654694362,2.5,2.5,-4.2701464787011e-06,-0.00010000000000003
0.1,0,0.60264769154394,0.60264769154394,0.99996991411691,0.99993653327355,0.99997753363211,0.99997139141325,4.0006910658701e-05,2.9822236445049e-21,5.766643851902e-06,2.9716983716421e-06,0.0099979553456803,-8.915820636307e-06,8.9668762631679e-06,-3.7808591088886e-06,-5.0907107657964e-06,-3.5691310695415e-06,0.90003137431696,0.90000685777,2.5,2.5,-4.2872459536378e-06,-9.9999999999989e-05
0.1025,0,0.60264769154394,0.60264769154394,0.99996964617543,0.99993663464737,0.99997760430788,0.99997143867343,3.915081806768e-05,2.9510666717955e-21,5.7584263190968e-06,2.9777365625808e-06,0.0099979335558881,-8.7159168549964e-06,8.7658911423511e-06,-3.8038159130152e-06,-5.094103429687e-06,-3.5440569544032e-06,0.90003132560841,0.90000716253661,2.5,2.5,-4.3039620303976e-06,-9.9999999999998e-05
0.105,0,0.60264769154394,0.60264769154394,0.99996938342407,0.99993673383147,0.99997767348015,0.99997148490419,3.83119064996e-05,2.9205967852162e-21,5.7503811959618e-06,2.9836678804184e-06,0.0099979122525011,-8.5213548126887e-06,8.5702678199666e-06,-3.8263035029428e-06,-5.0974179547254e-06,-3.5195425676459e-06,0.90003127794428,0.90000746127891,2.5,2.5,-4.3203049549028e-06,-0.00010000000000001
0.1075,0,0.60264769154394,0.60264769154394,0.99996912583784,0.99993683087275,0.99997774117781,0.99997153012883,3.7489996966644e-05,2.8907972256953e-21,5.7425055247329e-06,2.9894912149251e-06,0.0099978914228211,-8.3318719881216e-06,8.3797438248601e-06,-3.8483280863626e-06,-5.1006567175031e-06,-3.4955732958555e-06,0.90003123130333,0.90000775404537,2.5,2.5,-4.3362844694294e-06,-9.9999999999999e-05
0.11,0,0.60264769154394,0.60264769154394,0.99996887337976,0.9999369258172,0.99997780742965,0.99997157437001,3.6684886610543e-05,2.8616518703169e-21,5.7347962998232e-06,2.9952059728848e-06,0.0099978710547391,-8.1472327931372e-06,8.19408354688e-06,-3.869896304187e-06,-5.1038219440118e-06,-3.4721352035743e-06,0.90003118566454,0.90000804089519,2.5,2.5,-4.3519098642846e-06,-9.9999999999985e-05
0.1125,0,0.60264769154394,0.60264769154394,0.99996862600284,0.99993701870985,0.99997787226428,0.99997161764974,3.5896353206064e-05,2.8331451791653e-21,5.7272504851696e-06,3.0008119960849e-06,0.0099978511366769,-7.9672249069316e-06,8.0130745834413e-06,-3.8910151396468e-06,-5.1069157272486e-06,-3.4492149663198e-06,0.90003114100721,0.90000832189639,2.5,2.5,-4.3671900224515e-06,-0.0001
0.115,0,0.60264769154394,0.60264769154394,0.99996838365191,0.9999371095948,0.99997793571007,0.99997165998948,3.5124158996344e-05,2.8052621488487e-21,5.719865028787e-06,3.0063094910262e-06,0.0099978316575365,-7.7916561404026e-06,7.8365246138952e-06,-3.9116918410311e-06,-5.1099400423867e-06,-3.4267998126769e-06,0.90003109731093,0.90000859712415,2.5,2.5,-4.3821334582153e-06,-9.9999999999993e-05
0.1175,0,0.60264769154394,0.60264769154394,0.99996814626512,0.99993719851525,0.99997799779511,0.9999717014101,3.4368053955727e-05,2.7779882720383e-21,5.7126368749456e-06,3.0116989690626e-06,0.0099978126066571,-7.620351750861e-06,7.6642587231788e-06,-3.9319338560808e-06,-5.1128967598083e-06,-3.4048774740472e-06,0.90003105455564,0.90000886665943,2.5,2.5,-4.3967483506382e-06,-0.00010000000000002
0.12,0,0.60264769154394,0.60264769154394,0.99996791377516,0.99993728551349,0.99997805854715,0.99997174193197,3.3627778562203e-05,2.7513095019511e-21,5.7055629743308e-06,3.016981195272e-06,0.0099977939737768,-7.4531521426633e-06,7.4961171095825e-06,-3.9517487764052e-06,-5.1157876563494e-06,-3.3834361410638e-06,0.90003101272157,0.90000913058776,2.5,2.5,-4.4110425726229e-06,-9.9999999999978e-05
0.1225,0,0.60264769154394,0.60264769154394,0.99996768611044,0.99993737063094,0.99997811799361,0.99997178157492,3.2903066149408e-05,2.7252122212202e-21,5.6986402925932e-06,3.0221571446933e-06,0.0099977757489995,-7.2899108962806e-06,7.331953119903e-06,-3.9711442904416e-06,-5.1186144249986e-06,-3.3624644257085e-06,0.90003097178932,0.90000938899824,2.5,2.5,-4.4250237161941e-06,-0.00010000000000001
0.125,0,0.60264769154394,0.60264769154394,0.99996746319595,0.99993745390813,0.99997817616149,0.99997182035832,3.2193644899306e-05,2.6996832145109e-21,5.691865817363e-06,3.0272279652504e-06,0.0099977579227668,-7.1304930776339e-06,7.1716315644232e-06,-3.9901281437691e-06,-5.1213786832564e-06,-3.3419513281989e-06,0.90003093173983,0.9000096419827,2.5,2.5,-4.4386991145322e-06,-0.0001
0.1275,0,0.60264769154394,0.60264769154394,0.99996724495406,0.99993753538474,0.9999782330774,0.99997185830107,3.1499239527297e-05,2.6747096443094e-21,5.6852365640973e-06,3.0321949460394e-06,0.0099977404858324,-6.9747737885852e-06,7.0150272714468e-06,-4.0087081056669e-06,-5.124081980393e-06,-3.3218862081465e-06,0.90003089255439,0.90000988963494,2.5,2.5,-4.4520758612335e-06,-9.9999999999989e-05
0.13,0,0.60264769154394,0.60264769154394,0.99996703130522,0.99993761509961,0.99997828876754,0.99997189542159,3.0819572704424e-05,2.6502790294747e-21,5.6787495809019e-06,3.0370594902303e-06,0.0099977234292401,-6.8226369217314e-06,6.8620238460547e-06,-4.0268919410451e-06,-5.1267258037193e-06,-3.302258759248e-06,0.90003085421461,0.90001013205012,2.5,2.5,-4.4651608271728e-06,-0.00010000000000003
0.1325,0,0.60264769154394,0.60264769154394,0.99996682216848,0.99993769309076,0.99997834325763,0.99997193173788,3.0154366254554e-05,2.6263792261787e-21,5.672401952432e-06,3.0418230922959e-06,0.0099977067443048,-6.6739740910762e-06,6.7125126040617e-06,-4.0446873869411e-06,-5.1293115840336e-06,-3.2830589870181e-06,0.9000308167025,0.90001036932427,2.5,2.5,-4.4779606753205e-06,-9.9999999999985e-05
0.135,0,0.60264769154394,0.60264769154394,0.99996661746198,0.9999377693954,0.99997839657299,0.99997196726754,2.9503342159853e-05,2.6029984109253e-21,5.6661908029525e-06,3.0464873183412e-06,0.0099976904225956,-6.5286837133632e-06,6.5663916556776e-06,-4.0621021329238e-06,-5.1318407003585e-06,-3.2642771893127e-06,0.90003078000038,0.90001060155382,2.5,2.5,-4.4904818737927e-06,-0.00010000000000001
0.1375,0,0.60264769154394,0.60264769154394,0.99996641710339,0.99993784404994,0.99997844873846,0.99997200202774,2.8866223402096e-05,2.5801250652672e-21,5.6601132989829e-06,3.0510537897136e-06,0.00999767445592,-6.3866702168518e-06,6.4235651170549e-06,-4.0791438048442e-06,-5.1343144840645e-06,-3.2459039389201e-06,0.90003074409094,0.90001082883523,2.5,2.5,-4.5027307073855e-06,-9.9999999999995e-05
0.14,0,0.60264769154394,0.60264769154394,0.99996622101018,0.99993791709001,0.99997849977843,0.99997203603525,2.8242734664134e-05,2.5577479621178e-21,5.6541666512134e-06,3.0555241687888e-06,0.0099976588363116,-6.2478433612471e-06,6.2839424317953e-06,-4.0958199514044e-06,-5.1367342224728e-06,-3.2279300682909e-06,0.90003070895721,0.90001105126473,2.5,2.5,-4.5147132878042e-06,-0.0001
0.1425,0,0.60264769154394,0.60264769154394,0.99996602909997,0.9999379885505,0.99997854971684,0.99997206930647,2.7632602911842e-05,2.5358561533411e-21,5.6483481160516e-06,3.0599001472991e-06,0.0099976435560175,-6.1121176513264e-06,6.1474377862706e-06,-4.1121380331745e-06,-5.1391011620103e-06,-3.2103466558527e-06,0.90003067458255,0.900011268938,2.5,2.5,-4.526435562766e-06,-9.9999999999997e-05
0.145,0,0.60264769154394,0.60264769154394,0.99996584129072,0.99993805846552,0.99997859857715,0.99997210185744,2.7035557874375e-05,2.514438958497e-21,5.642654996679e-06,3.0641834360228e-06,0.0099976286074879,-5.9794118311054e-06,6.0139696052835e-06,-4.1281054136587e-06,-5.1414165109787e-06,-3.1931450137983e-06,0.90003064095068,0.90001148195,2.5,2.5,-4.5379033241329e-06,-9.9999999999997e-05
0.1475,0,0.60264769154394,0.60264769154394,0.99996565750095,0.99993812686846,0.99997864638239,0.99997213370381,2.6451332437632e-05,2.4934859546729e-21,5.6370846439036e-06,3.0683757566299e-06,0.0099976139833668,-5.849648447387e-06,5.8834601165937e-06,-4.14372935212e-06,-5.1436814419828e-06,-3.176316677187e-06,0.90003060804563,0.90001169039477,2.5,2.5,-4.5491222152088e-06,-9.999999999999e-05
0.15,0,0.60264769154394,0.60264769154394,0.99996547764992,0.99993819379201,0.99997869315512,0.9999721648609,2.5879662963864e-05,2.4729869670101e-21,5.6316344566601e-06,3.0724788343475e-06,0.0099975996764831,-5.7227534725263e-06,5.7558349747685e-06,-4.1590169978924e-06,-5.1458970940847e-06,-3.1598533940394e-06,0.90003057585178,0.9000118943653,2.5,2.5,-4.5600977373094e-06,-9.9999999999998e-05
0.1525,0,0.60264769154394,0.60264769154394,0.99996530165771,0.99993825926814,0.99997873891746,0.99997219534368,2.5320289548343e-05,2.4529320600808e-21,5.6263018823166e-06,3.0764943920646e-06,0.0099975856798432,-5.5986559777647e-06,5.6310229351853e-06,-4.1739753859762e-06,-5.1480645747202e-06,-3.143747116434e-06,0.90003054435382,0.90001209395341,2.5,2.5,-4.5708352557083e-06,-0.00010000000000001
0.155,0,0.60264769154394,0.60264769154394,0.9999651294454,0.99993832332813,0.99997878369106,0.99997222516679,2.4772956222779e-05,2.4333115299792e-21,5.6210844167252e-06,3.0804241453182e-06,0.0099975719866235,-5.4772878500711e-06,5.5089555716746e-06,-4.1886114336944e-06,-5.1501849613719e-06,-3.1279899924431e-06,0.90003051353677,0.90001228924963,2.5,2.5,-4.5813400050383e-06,-0.00010000000000001
0.1575,0,0.60264769154394,0.60264769154394,0.99996496093508,0.99993838600259,0.99997882749716,0.99997225434455,2.4237411113264e-05,2.4141158968573e-21,5.615979604116e-06,3.0842697981959e-06,0.0099975585901647,-5.3585835465071e-06,5.3895670313551e-06,-4.2029319382548e-06,-5.1522593030972e-06,-3.1125743586665e-06,0.90003048338596,0.90001248034317,2.5,2.5,-4.5916170942217e-06,-9.9999999999979e-05
0.16,0,0.60264769154394,0.60264769154394,0.99996479605002,0.99993844732149,0.99997887035654,0.99997228289095,2.3713406559699e-05,2.395335898058e-21,5.6109850369931e-06,3.0880330397737e-06,0.009997545483965,-5.2424798803317e-06,5.2727938211261e-06,-4.2169435751024e-06,-5.1542886218771e-06,-3.0974927335163e-06,0.90003045388703,0.90001266732181,2.5,2.5,-4.6016715109904e-06,-9.9999999999998e-05
0.1625,0,0.60264769154394,0.60264769154394,0.99996463471462,0.99993850731412,0.99997891228956,0.99997231081968,2.3200699202727e-05,2.3769624816756e-21,5.6060983556578e-06,3.0917155413633e-06,0.0099975326616754,-5.1289158345671e-06,5.1585746217773e-06,-4.2306528969023e-06,-5.156273913831e-06,-3.0827378109279e-06,0.90003042502592,0.9000128502719,2.5,2.5,-4.611508126048e-06,-0.00010000000000001
0.165,0,0.60264769154394,0.60264769154394,0.99996447685455,0.99993856600917,0.99997895331616,0.99997233814414,2.2699050043033e-05,2.3589868004848e-21,5.6013172478932e-06,3.095318954214e-06,0.0099975201170944,-5.0178323994945e-06,5.0468501255242e-06,-4.2440663330849e-06,-5.1582161503238e-06,-3.0683024546208e-06,0.90003039678887,0.90001302927829,2.5,2.5,-4.6211316969205e-06,-0.0001
0.1675,0,0.60264769154394,0.60264769154394,0.9999643223967,0.99993862343469,0.99997899345586,0.99997236487742,2.220822447741e-05,2.341400206204e-21,5.5966394484122e-06,3.0988449075452e-06,0.0099975078441633,-4.9091724296902e-06,4.9375628935424e-06,-4.2571901898322e-06,-5.1601162789591e-06,-3.054179692701e-06,0.90003036916241,0.90001320442434,2.5,2.5,-4.6305468715317e-06,-9.9999999999994e-05
0.17,0,0.60264769154394,0.60264769154394,0.99996417126927,0.99993867961812,0.99997903272776,0.99997239103232,2.1727992315322e-05,2.3241942441946e-21,5.5920627382403e-06,3.1022950071065e-06,0.009997495836962,-4.8028805193082e-06,4.8306572311565e-06,-4.2700306504755e-06,-5.1619752244956e-06,-3.0403627126902e-06,0.90003034213337,0.90001337579188,2.5,2.5,-4.6397581915414e-06,-0.00010000000000002
0.1725,0,0.60264769154394,0.60264769154394,0.99996402340173,0.99993873458634,0.99997907115058,0.99997241662137,2.125812777881e-05,2.3073606481823e-21,5.5875849442023e-06,3.1056708339837e-06,0.0099974840897048,-4.6989028914922e-06,4.7260790776438e-06,-4.2825937761831e-06,-5.1637938896725e-06,-3.0268448567993e-06,0.90003031568883,0.90001354346121,2.5,2.5,-4.6487700954686e-06,-9.9999999999999e-05
0.175,0,0.60264769154394,0.60264769154394,0.99996387872489,0.99993878836561,0.99997910874263,0.99997244165684,2.0798409488837e-05,2.2908913355287e-21,5.5832039381679e-06,3.1089739436305e-06,0.0099974725967365,-4.5971873010958e-06,4.6237759089163e-06,-4.2948855069451e-06,-5.1655731559817e-06,-3.0136196175532e-06,0.90003028981619,0.9000137075111,2.5,2.5,-4.6575869216304e-06,-9.999999999999e-05
0.1775,0,0.60264769154394,0.60264769154394,0.99996373717083,0.99993884098166,0.99997914552182,0.9999724661507,2.0348620440067e-05,2.2747784025068e-21,5.5789176363802e-06,3.1122058652831e-06,0.0099974613525292,-4.4976829486841e-06,4.523696651495e-06,-4.306911662746e-06,-5.1673138843766e-06,-3.0006806336233e-06,0.90003026450308,0.90001386801878,2.5,2.5,-4.6662129109156e-06,-9.9999999999997e-05
0.18,0,0.60264769154394,0.60264769154394,0.99996359867297,0.99993889245963,0.99997918150571,0.99997249011469,1.9908547966051e-05,2.2590141197542e-21,5.5747239987724e-06,3.1153681013376e-06,0.0099974503516781,-4.4003404032976e-06,4.4257916055357e-06,-4.3186779449641e-06,-5.1690169159243e-06,-2.9880216858873e-06,0.90003023973742,0.90001402505999,2.5,2.5,-4.6746522094075e-06,-9.9999999999995e-05
0.1825,0,0.60264769154394,0.60264769154394,0.99996346316601,0.99993894282415,0.99997921671145,0.99997251356027,1.9477983696598e-05,2.2435909281678e-21,5.5706210281699e-06,3.1184621271371e-06,0.0099974395888993,-4.305111534204e-06,4.3300123764772e-06,-4.3301899378523e-06,-5.1706830724219e-06,-2.9756366936831e-06,0.90003021550738,0.90001417870894,2.5,2.5,-4.6829088708804e-06,-0.0001
0.185,0,0.60264769154394,0.60264769154394,0.99996333058597,0.99993899209928,0.99997925115586,0.99997253649867,1.9056723508655e-05,2.2285014346863e-21,5.5666067695461e-06,3.1214893907017e-06,0.0099974290590257,-4.21194944944e-06,4.236311813576e-06,-4.3414531102079e-06,-5.1723131569645e-06,-2.9635197112396e-06,0.90003019180138,0.90001432903834,2.5,2.5,-4.6909868591737e-06,-0.00010000000000001
0.1875,0,0.60264769154394,0.60264769154394,0.99996320087012,0.9999390403086,0.99997928485537,0.99997255894086,1.8644567472004e-05,2.2137384083247e-21,5.5626793093156e-06,3.1244513126795e-06,0.0099974187570046,-4.1208084404615e-06,4.1446439544955e-06,-4.352472817082e-06,-5.1739079544867e-06,-2.951664924304e-06,0.9000301686081,0.90001447611944,2.5,2.5,-4.6988900504625e-06,-9.9999999999992e-05
0.19,0,0.60264769154394,0.60264769154394,0.99996307395703,0.99993908747515,0.99997931782608,0.99997258089758,1.8241319790564e-05,2.1992947764396e-21,5.5588367744903e-06,3.1273492863849e-06,0.0099974086778948,-4.0316439321341e-06,4.0549639754162e-06,-4.3632543015933e-06,-5.175468232272e-06,-2.9400666468528e-06,0.90003014591645,0.90001462002201,2.5,2.5,-4.706622235432e-06,-0.0001
0.1925,0,0.60264769154394,0.60264769154394,0.99996294978651,0.99993913362149,0.99997935008374,0.99997260237934,1.7846788740444e-05,2.1851636208809e-21,5.5550773319684e-06,3.1301846778686e-06,0.0099973988168637,-3.9444124373882e-06,3.9672281454997e-06,-4.3738026967842e-06,-5.1769947404266e-06,-2.9287193179578e-06,0.90003012371559,0.9000147608144,2.5,2.5,-4.714187121363e-06,-9.999999999999e-05
0.195,0,0.60264769154394,0.60264769154394,0.99996282829961,0.99993917876968,0.99997938164374,0.99997262339642,1.7460786605467e-05,2.1713381745925e-21,5.5513991877233e-06,3.1329588261273e-06,0.0099973891691849,-3.8590715156897e-06,3.8813937854242e-06,-4.3841230275195e-06,-5.1784882123317e-06,-2.9176174987908e-06,0.90003010199491,0.90001489856352,2.5,2.5,-4.7215883341409e-06,-0.00010000000000001
0.1975,0,0.60264769154394,0.60264769154394,0.9999627094386,0.99993922294131,0.99997941252117,0.99997264395887,1.7083129610438e-05,2.157811818028e-21,5.5478005860842e-06,3.1356730433066e-06,0.0099973797302355,-3.7755797353478e-06,3.797419229556e-06,-4.3942202124148e-06,-5.1799493650862e-06,-2.9067558697105e-06,0.90003008074403,0.90001503333491,2.5,2.5,-4.728829420189e-06,-9.9999999999996e-05
0.2,0,0.60264769154394,0.60264769154394,0.99996259314697,0.9999392661575,0.99997944273078,0.99997266407653,1.6713637853189e-05,2.1445780758371e-21,5.5442798089368e-06,3.1383286149476e-06,0.0099973704954939,-3.6938966384693e-06,3.7152637907348e-06,-4.4040990657878e-06,-5.1813788999199e-06,-2.8961292274991e-06,0.90003005995279,0.90001516519271,2.5,2.5,-4.7359138483372e-06,-0.0001
0.2025,0,0.60264769154394,0.60264769154394,0.99996247936936,0.99993930843892,0.999979472287,0.99997268375903,1.6352135235591e-05,2.131630613564e-21,5.5408351749692e-06,3.1409268004203e-06,0.0099973614605372,-3.6139827084456e-06,3.6348877281779e-06,-4.4137642996038e-06,-5.1827775025725e-06,-2.8857324825576e-06,0.90003003961125,0.90001529419973,2.5,2.5,-4.7428450116275e-06,-0.0001
0.205,0,0.60264769154394,0.60264769154394,0.99996236805161,0.99993934980579,0.99997950120397,0.99997270301577,1.5998449393721e-05,2.1189632345715e-21,5.5374650389411e-06,3.1434688330977e-06,0.0099973526210388,-3.5357993406608e-06,3.5562522173354e-06,-4.4232205254393e-06,-5.1841458436942e-06,-2.8755606564065e-06,0.90003001970968,0.90001542041743,2.5,2.5,-4.7496262290619e-06,-0.0001
0.2075,0,0.60264769154394,0.60264769154394,0.99996225914067,0.99993939027788,0.9999795294955,0.99997272185597,1.5652411628003e-05,2.1065698768205e-21,5.5341677909725e-06,3.145955920843e-06,0.0099973439727668,-3.4593088138801e-06,3.479319321922e-06,-4.432472256436e-06,-5.1854845792005e-06,-2.8656088790537e-06,0.90003000023858,0.90001554390598,2.5,2.5,-4.7562607472981e-06,-9.999999999998e-05
0.21,0,0.60264769154394,0.60264769154394,0.99996215258463,0.99993942987456,0.9999795571751,0.99997274028864,1.5313856833146e-05,2.0944446099401e-21,5.5309418557742e-06,3.1483892463433e-06,0.0099973355115811,-3.3844742645264e-06,3.4040519677304e-06,-4.4415239092252e-06,-5.1867943506225e-06,-2.8558723865572e-06,0.90002998118864,0.90001566472429,2.5,2.5,-4.7627517422939e-06,-0.00010000000000003
0.2125,0,0.60264769154394,0.60264769154394,0.99996204833269,0.99993946861475,0.99997958425602,0.9999727583226,1.4982623428232e-05,2.0825816323557e-21,5.5277856919057e-06,3.1507699676171e-06,0.009997327233432,-3.3112596619647e-06,3.3304139179545e-06,-4.450379805869e-06,-5.1880757854458e-06,-2.8463465186483e-06,0.90002996255074,0.90001578292999,2.5,2.5,-4.7691023209039e-06,-9.9999999999981e-05
0.215,0,0.60264769154394,0.60264769154394,0.9999619463351,0.99993950651698,0.9999796107512,0.99997277596647,1.4658553287325e-05,2.0709752682906e-21,5.5246977911475e-06,3.1530992182232e-06,0.0099973191343575,-3.2396297854908e-06,3.2583697500698e-06,-4.4590441757649e-06,-5.1893294974482e-06,-2.8370267163476e-06,0.90002994431597,0.90001589857949,2.5,2.5,-4.7753155224349e-06,-9.9999999999997e-05
0.2175,0,0.60264769154394,0.60264769154394,0.99996184654321,0.99993954359938,0.99997963667331,0.99997279322869,1.4341491670482e-05,2.059619965158e-21,5.5216766777944e-06,3.1553781079202e-06,0.009997311210482,-3.1695502022196e-06,3.1878848336303e-06,-4.4675211575248e-06,-5.190556087005e-06,-2.8279085197639e-06,0.90002992647562,0.900016011728,2.5,2.5,-4.781394320154e-06,-0.00010000000000001
0.22,0,0.60264769154394,0.60264769154394,0.99996174890937,0.99993957987968,0.99997966203473,0.99997281011752,1.4031287155473e-05,2.0485102906941e-21,5.5187209078826e-06,3.157607722918e-06,0.0099973034580139,-3.100987246457e-06,3.1189253095922e-06,-4.475814800846e-06,-5.1917561414018e-06,-2.8189875658572e-06,0.90002990902116,0.90001612242952,2.5,2.5,-4.7873416227631e-06,-9.9999999999992e-05
0.2225,0,0.60264769154394,0.60264769154394,0.99996165338698,0.99993961537523,0.99997968684759,0.99997282664103,1.3727791570265e-05,2.0376409304169e-21,5.515829068588e-06,3.1597891263935e-06,0.0099972958732439,-3.0339079996884e-06,3.0514580702921e-06,-4.48392906834e-06,-5.1929302351306e-06,-2.8102595862554e-06,0.90002989194424,0.90001623073694,2.5,2.5,-4.7931602758294e-06,-0.00010000000000001
0.225,0,0.60264769154394,0.60264769154394,0.99996155993043,0.999939650103,0.99997971112376,0.99997284280713,1.3430859926286e-05,2.0270066850133e-21,5.5129997776315e-06,3.1619233588933e-06,0.0099972884525432,-2.968280271995e-06,2.9854507405531e-06,-4.4918678373492e-06,-5.1940789301813e-06,-2.8017204052208e-06,0.90002987523669,0.90001633670198,2.5,2.5,-4.7988530631842e-06,-9.9999999999986e-05
0.2275,0,0.60264769154394,0.60264769154394,0.99996146849508,0.9999396840796,0.99997973487484,0.99997285862355,1.3140350352737e-05,2.0166024678033e-21,5.5102316824717e-06,3.1640114388218e-06,0.0099972811923617,-2.9040725835118e-06,2.9208716593293e-06,-4.4996349017217e-06,-5.1952027763212e-06,-2.7933659375783e-06,0.90002985889053,0.90001644037526,2.5,2.5,-4.8044227082844e-06,-0.00010000000000001
0.23,0,0.60264769154394,0.60264769154394,0.99996137903725,0.99993971732127,0.99997975811219,0.99997287409786,1.285612403179e-05,2.0064233023054e-21,5.5075234597977e-06,3.1660543628152e-06,0.0099972740892264,-2.841254147357e-06,2.8576898624453e-06,-4.5072339735696e-06,-5.1963023113724e-06,-2.7851921866877e-06,0.90002984289794,0.90001654180631,2.5,2.5,-4.809871875541e-06,-0.0001
0.2325,0,0.60264769154394,0.60264769154394,0.9999612915142,0.99993974984392,0.99997978084691,0.99997288923745,1.2578045134777e-05,1.9964643197873e-21,5.5048738149116e-06,3.168053106193e-06,0.0099972671397392,-2.779794852955e-06,2.7958750656509e-06,-4.5146686849819e-06,-5.1973780614775e-06,-2.7771952425758e-06,0.90002982725127,0.90001664104359,2.5,2.5,-4.8152031716171e-06,-0.0001
0.235,0,0.60264769154394,0.60264769154394,0.99996120588412,0.9999397816631,0.99997980308989,0.99997290404956,1.2305980759545e-05,1.9867207569376e-21,5.5022814809685e-06,3.1700086233778e-06,0.0099972603405761,-2.7196652494235e-06,2.7353976484238e-06,-4.5219425897243e-06,-5.1984305413517e-06,-2.7693712799562e-06,0.90002981194304,0.90001673813454,2.5,2.5,-4.8204191466926e-06,-9.9999999999997e-05
0.2375,0,0.60264769154394,0.60264769154394,0.99996112210608,0.99993981279402,0.99997982485175,0.99997291854128,1.2039800868756e-05,1.9771879536216e-21,5.4997452186027e-06,3.171921848327e-06,0.0099972536884848,-2.6608365309077e-06,2.676228638599e-06,-4.5290591648933e-06,-5.1994602545447e-06,-2.7617165564481e-06,0.90002979696593,0.90001683312554,2.5,2.5,-4.8255222957011e-06,-9.9999999999994e-05
0.24,0,0.60264769154394,0.60264769154394,0.99996104014005,0.99993984325157,0.9999798461429,0.99997293271954,1.1779378229428e-05,1.9678613505574e-21,5.4972638151106e-06,3.1737936949165e-06,0.0099972471802835,-2.6032805205885e-06,2.6183396968787e-06,-4.5360218125496e-06,-5.2004676936872e-06,-2.754227410697e-06,0.90002978231278,0.900016926062,2.5,2.5,-4.8305150595366e-06,-0.00010000000000001
0.2425,0,0.60264769154394,0.60264769154394,0.99996095994686,0.99993987305032,0.99997986697352,0.99997294659111,1.1524588353376e-05,1.9587364871097e-21,5.494836084134e-06,3.1756250574606e-06,0.0099972408128594,-2.5469696569483e-06,2.5617031026098e-06,-4.542833861311e-06,-5.2014533407222e-06,-2.746900260648e-06,0.90002976797657,0.90001701698834,2.5,2.5,-4.8353998262339e-06,-9.9999999999998e-05
0.245,0,0.60264769154394,0.60264769154394,0.99996088148817,0.99993990220451,0.99997988735357,0.99997296016264,1.1275309438986e-05,1.9498089992781e-21,5.4924608647947e-06,3.1774168109393e-06,0.0099972345831669,-2.4918769791702e-06,2.5062917392934e-06,-4.5494985679278e-06,-5.2024176671513e-06,-2.7397316018201e-06,0.90002975395047,0.90001710594802,2.5,2.5,-4.8401789321201e-06,-9.9999999999993e-05
0.2475,0,0.60264769154394,0.60264769154394,0.99996080472648,0.99993993072808,0.9999799072928,0.99997297344061,1.1031422313909e-05,1.9410746174292e-21,5.4901370214018e-06,3.1791698115883e-06,0.0099972284882266,-2.4379761136903e-06,2.4520790810774e-06,-4.5560191188062e-06,-5.2033611342576e-06,-2.7327180055911e-06,0.90002974022775,0.90001719298357,2.5,2.5,-4.8448546629409e-06,-0.00010000000000002
0.25,0,0.60264769154394,0.60264769154394,0.99996072962509,0.99993995863469,0.99997992680074,0.99997298643138,1.079281037908e-05,1.9325291643771e-21,5.4878634427663e-06,3.1808848971598e-06,0.0099972225251235,-2.3852412607755e-06,2.3990391792242e-06,-4.5623986315306e-06,-5.2042841933289e-06,-2.7258561175564e-06,0.90002972680186,0.9000172781366,2.5,2.5,-4.8494292549616e-06,-9.9999999999993e-05
0.2525,0,0.60264769154394,0.60264769154394,0.99996065614811,0.99993998593766,0.99997994588672,0.99997299914115,1.0559359553569e-05,1.924168553305e-21,5.4856390417892e-06,3.182562887332e-06,0.0099972166910055,-2.3336471818572e-06,2.3471466492921e-06,-4.5686401563279e-06,-5.2051872858787e-06,-2.7191426559381e-06,0.90002971366638,0.90001736144781,2.5,2.5,-4.8539048960429e-06,-0.0001
0.255,0,0.60264769154394,0.60264769154394,0.99996058426041,0.99994001265007,0.99997996455987,0.999973011576,1.0330958220763e-05,1.9159887858375e-21,5.4834627547729e-06,3.1842045841716e-06,0.0099972109830825,-2.2831691865634e-06,2.2963766583174e-06,-4.5747466775102e-06,-5.2060708438579e-06,-2.7125744099599e-06,0.90002970081502,0.90001744295704,2.5,2.5,-4.858283726693e-06,-0.00010000000000001
0.2575,0,0.60264769154394,0.60264769154394,0.99996051392761,0.99994003878467,0.99997998282911,0.99997302374189,1.0107497175482e-05,1.9079859501155e-21,5.4813335410682e-06,3.1858107724023e-06,0.0099972053986247,-2.233783121031e-06,2.2467049127757e-06,-4.5807211149034e-06,-5.2069352898687e-06,-2.7061482383539e-06,0.90002968824163,0.90001752270325,2.5,2.5,-4.862567841095e-06,-9.9999999999987e-05
0.26,0,0.60264769154394,0.60264769154394,0.99996044511609,0.99994006435398,0.99998000070319,0.99997303564462,9.8888695722649e-06,1.9001562188886e-21,5.4792503825652e-06,3.1873822198334e-06,0.0099971999349614,-2.1854653554561e-06,2.1981076463229e-06,-4.5865663252252e-06,-5.2077810373554e-06,-2.6998610678275e-06,0.90002967594022,0.90001760072458,2.5,2.5,-4.8667592881142e-06,-0.00010000000000001
0.2625,0,0.60264769154394,0.60264769154394,0.99996037779295,0.99994008937022,0.99998001819064,0.99997304728989,9.6749708747129e-06,1.8924958477589e-21,5.4772122830617e-06,3.1889196776949e-06,0.0099971945894794,-2.1381927728484e-06,2.1505616083475e-06,-4.5922851034391e-06,-5.2086084908163e-06,-2.6937098915856e-06,0.90002966390489,0.90001767705833,2.5,2.5,-4.8708600722793e-06,-9.999999999999e-05
0.265,0,0.60264769154394,0.60264769154394,0.999960311926,0.99994011384535,0.99998003529984,0.99997305868327,9.4656988057252e-06,1.8850011732961e-21,5.475218268027e-06,3.190423881004e-06,0.0099971893596225,-2.0919427575175e-06,2.1040440524567e-06,-4.5978801840954e-06,-5.2094180459944e-06,-2.68769176788e-06,0.90002965212988,0.90001775174099,2.5,2.5,-4.8748721547458e-06,-9.9999999999993e-05
0.2675,0,0.60264769154394,0.60264769154394,0.99996024748375,0.99994013779107,0.99998005203896,0.99997306983021,9.2609532990445e-06,1.8776686113635e-21,5.4732673838901e-06,3.1918955488929e-06,0.0099971842428896,-2.0466931843236e-06,2.0585327254738e-06,-4.6033542426213e-06,-5.2102100900719e-06,-2.6818038186466e-06,0.90002964060957,0.90001782480827,2.5,2.5,-4.8787974542357e-06,-0.0001
0.27,0,0.60264769154394,0.60264769154394,0.99996018443539,0.99994016121885,0.99998006841602,0.99997308073604,9.0606364515226e-06,1.8704946553336e-21,5.4713586977609e-06,3.1933353850118e-06,0.0099971792368336,-2.0024224073505e-06,2.0140058564812e-06,-4.6087098966036e-06,-5.2109850018386e-06,-2.6760432280582e-06,0.90002962933845,0.90001789629512,2.5,2.5,-4.8826378479565e-06,-0.0001
0.2725,0,0.60264769154394,0.60264769154394,0.99996012275076,0.99994018413987,0.99998008443883,0.99997309140597,8.8646524765738e-06,1.8634758744492e-21,5.4694912969029e-06,3.1947440777559e-06,0.0099971743390604,-1.9591092500971e-06,1.970442146374e-06,-4.6139497070324e-06,-5.2117431519002e-06,-2.6704072412501e-06,0.90002961831113,0.90001796623571,2.5,2.5,-4.8863951725022e-06,-0.0001
0.275,0,0.60264769154394,0.60264769154394,0.99996006240037,0.9999402065651,0.99998010011506,0.9999731018451,8.6729076585735e-06,1.8566089121623e-21,5.4676642883628e-06,3.1961223006375e-06,0.0099971695472279,-1.916732994477e-06,1.9278207574328e-06,-4.6190761795202e-06,-5.2124849028351e-06,-2.6648931629021e-06,0.90002960752233,0.90001803466349,2.5,2.5,-4.890071224732e-06,-0.00010000000000001
0.2775,0,0.60264769154394,0.60264769154394,0.99996000335536,0.99994022850527,0.99998011545222,0.99997311205844,8.4853103081748e-06,1.8498904845646e-21,5.4658767984235e-06,3.1974707126904e-06,0.0099971648590445,-1.8752733715268e-06,1.886121303353e-06,-4.6240917655015e-06,-5.2132106093768e-06,-2.6594983560559e-06,0.9000295969669,0.90001810161117,2.5,2.5,-4.8936677626319e-06,-0.0001
0.28,0,0.60264769154394,0.60264769154394,0.99995994558751,0.99994024997087,0.99998013045762,0.99997312205085,8.3017707185223e-06,1.8433173787446e-21,5.4641279723159e-06,3.1987899586251e-06,0.0099971602722681,-1.8347105509605e-06,1.845323839234e-06,-4.6289988633994e-06,-5.213920618591e-06,-2.6542202407606e-06,0.90002958663979,0.90001816711078,2.5,2.5,-4.8971865061561e-06,-9.999999999998e-05
0.2825,0,0.60264769154394,0.60264769154394,0.99995988906918,0.99994027097216,0.99998014513846,0.99997313182713,8.1222011226951e-06,1.8368864513494e-21,5.4624169737325e-06,3.2000806692534e-06,0.0099971557847053,-1.7950251320904e-06,1.8054088521175e-06,-4.6337998197706e-06,-5.2146152700222e-06,-2.6490562929277e-06,0.90002957653605,0.90001823119363,2.5,2.5,-4.9006291380501e-06,-0.00010000000000001
0.285,0,0.60264769154394,0.60264769154394,0.99995983377335,0.99994029151919,0.99998015950174,0.99997314139194,7.9465156515699e-06,1.8305946269404e-21,5.4607429844802e-06,3.2013434617505e-06,0.00999715139421,-1.756198134005e-06,1.7663572514311e-06,-4.6384969304237e-06,-5.2152948958759e-06,-2.6440040430152e-06,0.90002956665086,0.90001829389036,2.5,2.5,-4.9039973046567e-06,-0.0001
0.2875,0,0.60264769154394,0.60264769154394,0.99995977967357,0.99994031162178,0.99998017355435,0.99997315074987,7.7746302929873e-06,1.8244388966868e-21,5.4591052040403e-06,3.2025789399632e-06,0.0099971470986825,-1.7182109869478e-06,1.7281503599201e-06,-4.6430924415197e-06,-5.2159598211709e-06,-2.6390610749438e-06,0.90002955697949,0.90001835523095,2.5,2.5,-4.9072926167046e-06,-0.0001
0.29,0,0.60264769154394,0.60264769154394,0.99995972674399,0.99994033128954,0.99998018730299,0.99997315990538,7.6064628516187e-06,1.8184163168035e-21,5.4575028492299e-06,3.2037876946434e-06,0.0099971428960687,-1.6810455229533e-06,1.6907699046105e-06,-4.6475885506395e-06,-5.2166103638911e-06,-2.6342250248775e-06,0.90002954751732,0.90001841524474,2.5,2.5,-4.9105166500779e-06,-0.00010000000000001
0.2925,0,0.60264769154394,0.60264769154394,0.99995967495928,0.99994035053189,0.99998020075425,0.99997316886285,7.4419329097686e-06,1.8125240071947e-21,5.4559351537605e-06,3.2049703038151e-06,0.0099971387843588,-1.6446839674508e-06,1.654198008e-06,-4.65198740784e-06,-5.2172468351423e-06,-2.6294935801507e-06,0.90002953825981,0.90001847396043,2.5,2.5,-4.9136709465723e-06,-0.00010000000000002
0.295,0,0.60264769154394,0.60264769154394,0.99995962429469,0.99994036935801,0.99998021391455,0.99997317762657,7.2809617888563e-06,1.8067591500409e-21,5.4544013679813e-06,3.2061273329822e-06,0.0099971347615864,-1.6091089301645e-06,1.6184171794572e-06,-4.6562911166759e-06,-5.2178695393004e-06,-2.6248644780492e-06,0.90002952920255,0.90001853140609,2.5,2.5,-4.9167570146302e-06,-9.9999999999978e-05
0.2975,0,0.60264769154394,0.60264769154394,0.99995957472598,0.99994038777692,0.99998022679019,0.99997318620073,7.123472511948e-06,1.8011189885219e-21,5.452900758388e-06,3.2072593354374e-06,0.009997130825828,-1.5743033977413e-06,1.5834103069814e-06,-4.6605017352023e-06,-5.2184787741548e-06,-2.6203355048996e-06,0.9000295203412,0.90001858760919,2.5,2.5,-4.919776330065e-06,-0.0001
0.3,0,0.60264769154394,0.60264769154394,0.99995952622946,0.99994040579743,0.99998023938732,0.99997319458943,6.969389766925e-06,1.7956008254074e-21,5.4514326073937e-06,3.208366852436e-06,0.0099971269752011,-1.540250724478e-06,1.5491606486967e-06,-4.6646212769676e-06,-5.2190748310597e-06,-2.6159044948585e-06,0.90002951167152,0.90001864259661,2.5,2.5,-4.9227303367657e-06,-9.9999999999987e-05
0.3025,0,0.60264769154394,0.60264769154394,0.99995947878193,0.99994042342815,0.99998025171198,0.99997320279667,6.8186398705879e-06,1.7902020218235e-21,5.4499962129092e-06,3.2094504136281e-06,0.0099971232078646,-1.5069346249892e-06,1.5156518250892e-06,-4.6686517119671e-06,-5.2196579950571e-06,-2.6115693289112e-06,0.90002950318937,0.90001869639465,2.5,2.5,-4.9256204473881e-06,-0.0001
0.305,0,0.60264769154394,0.60264769154394,0.99995943236069,0.99994044067751,0.99998026377005,0.9999732108264,6.6711507332444e-06,1.7849199959936e-21,5.4485908880338e-06,3.2105105371975e-06,0.0099971195220167,-1.4743391664641e-06,1.4828678109974e-06,-4.6725949675899e-06,-5.2202285450288e-06,-2.6073279339572e-06,0.9000294948907,0.90001874902902,2.5,2.5,-4.9284480440303e-06,-0.00010000000000002
0.3075,0,0.60264769154394,0.60264769154394,0.99995938694356,0.99994045755376,0.9999802755673,0.99997321868243,6.5268518245188e-06,1.7797522219582e-21,5.4472159607249e-06,3.2115477300575e-06,0.0099971159158948,-1.4424487604888e-06,1.4507929280671e-06,-4.6764529295346e-06,-5.220786753822e-06,-2.6031782816605e-06,0.90002948677152,0.90001880052491,2.5,2.5,-4.9312144788945e-06,-9.999999999999e-05
0.31,0,0.60264769154394,0.60264769154394,0.99995934250882,0.99994047406497,0.99998028710937,0.99997322636854,6.3856741394363e-06,1.7746962284269e-21,5.4458707734777e-06,3.2125624881857e-06,0.0099971123877744,-1.4112481562297e-06,1.4194118370822e-06,-4.6802274427159e-06,-5.2213328883859e-06,-2.5991183875964e-06,0.90002947882797,0.90001885090693,2.5,2.5,-4.9339210749333e-06,-9.9999999999991e-05
0.3125,0,0.60264769154394,0.60264769154394,0.99995929903521,0.99994049021904,0.99998029840179,0.9999732338884,6.2475501656166e-06,1.7697495975415e-21,5.4445546830058e-06,3.2135552968435e-06,0.0099971089359683,-1.3807224326344e-06,1.3887095307068e-06,-4.6839203121419e-06,-5.2218672098864e-06,-2.5951463102772e-06,0.90002947105624,0.90001890019918,2.5,2.5,-4.9365691264831e-06,-0.00010000000000002
0.315,0,0.60264769154394,0.60264769154394,0.99995925650195,0.99994050602369,0.99998030944995,0.99997324124559,6.1124138508254e-06,1.7649099637415e-21,5.4432670599586e-06,3.2145266308501e-06,0.0099971055588258,-1.3508569913483e-06,1.3586713262412e-06,-4.6875333037822e-06,-5.222389973845e-06,-2.5912601501796e-06,0.90002946345261,0.90001894842523,2.5,2.5,-4.9391598998814e-06,-9.9999999999996e-05
0.3175,0,0.60264769154394,0.60264769154394,0.99995921488869,0.99994052148649,0.99998032025913,0.99997324844365,5.9802005715495e-06,1.7601750126664e-21,5.4420072885575e-06,3.2154769546357e-06,0.0099971022547319,-1.3216375501764e-06,1.3292828587401e-06,-4.6910681454099e-06,-5.2229014302592e-06,-2.587458048886e-06,0.90002945601345,0.90001899560813,2.5,2.5,-4.9416946340756e-06,-9.9999999999983e-05
0.32,0,0.60264769154394,0.60264769154394,0.99995917417554,0.99994053661482,0.9999803308345,0.99997325548602,5.8508471020067e-06,1.7555424799806e-21,5.4407747663815e-06,3.2164067226939e-06,0.0099970990221066,-1.2930501355217e-06,1.3005300738813e-06,-4.6945265274245e-06,-5.2234018237169e-06,-2.5837381881736e-06,0.9000294487352,0.90001904177047,2.5,2.5,-4.9441745412128e-06,-0.0001
0.3225,0,0.60264769154394,0.60264769154394,0.99995913434302,0.99994055141592,0.99998034118113,0.99997326237605,5.7242915839782e-06,1.7510101503419e-21,5.4417037133642e-06,3.2173163796061e-06,0.0099970958594039,-1.2650810763266e-06,1.2723992214314e-06,-4.6979101036635e-06,-5.2238913935119e-06,-2.5800987891705e-06,0.90002944161439,0.9000190869343,2.5,2.5,-4.9466008072206e-06,-0.0001
0.325,0,0.60264769154394,0.60264769154394,0.99995909537209,0.99994056589686,0.99998035130396,0.99997326911706,5.6004734972029e-06,1.7465758563365e-21,5.4447295455113e-06,3.2182063604153e-06,0.0099970927651114,-1.2377169971555e-06,1.2448768486758e-06,-4.7012204921914e-06,-5.224370373763e-06,-2.5765381114445e-06,0.9000294346476,0.90001913112123,2.5,2.5,-4.9489745923745e-06,-9.9999999999994e-05
0.3275,0,0.60264769154394,0.60264769154394,0.99995905724412,0.99994058006458,0.99998036120783,0.99997327571225,5.4793336304565e-06,1.7422374774017e-21,5.4476899281364e-06,3.2190770907041e-06,0.0099970897377494,-1.2109448119282e-06,1.2179497938313e-06,-4.7044592760781e-06,-5.2248389935257e-06,-2.5730544522206e-06,0.9000294278315,0.90001917435239,2.5,2.5,-4.9512970318524e-06,-0.0001
0.33,0,0.60264769154394,0.60264769154394,0.99995901994086,0.99994059392585,0.99998037089747,0.99997328216479,5.3608140532617e-06,1.7379929388856e-21,5.4505862768613e-06,3.2199289868594e-06,0.0099970867758701,-1.1847517177712e-06,1.1916051798561e-06,-4.7076280041471e-06,-5.2252974769056e-06,-2.5696461455842e-06,0.90002942116284,0.90001921664845,2.5,2.5,-4.953569236278e-06,-0.00010000000000001
0.3325,0,0.60264769154394,0.60264769154394,0.99995898344448,0.99994060748729,0.99998038037753,0.99997328847775,5.2448580881336e-06,1.733840210974e-21,5.4534199767482e-06,3.220762456255e-06,0.0099970838780571,-1.1591251885439e-06,1.1658304082683e-06,-4.710728191722e-06,-5.2257460431501e-06,-2.5663115616233e-06,0.90002941463842,0.90001925802964,2.5,2.5,-4.9557922922515e-06,-0.0001
0.335,0,0.60264769154394,0.60264769154394,0.99995894773753,0.9999406207554,0.99998038965252,0.99997329465417,5.1314102835383e-06,1.7297773078035e-21,5.4561923829167e-06,3.2215778974928e-06,0.0099970810429247,-1.1340529692056e-06,1.1406131530939e-06,-4.7137613213534e-06,-5.2261849067758e-06,-2.563049105692e-06,0.90002940825513,0.90001929851574,2.5,2.5,-4.9579672628693e-06,-9.9999999999996e-05
0.3375,0,0.60264769154394,0.60264769154394,0.99995891280293,0.99994063373651,0.9999803987269,0.99997330069698,5.0204163873351e-06,1.7258022864098e-21,5.458904821168e-06,3.2223757005137e-06,0.009997078269117,-1.1095230698444e-06,1.1159413550344e-06,-4.7167288435218e-06,-5.2266142776501e-06,-2.5598572176518e-06,0.90002940200991,0.90001933812612,2.5,2.5,-4.9600951882329e-06,-9.9999999999999e-05
0.34,0,0.60264769154394,0.60264769154394,0.99995887862398,0.99994064643684,0.999980407605,0.99997330660909,4.9118233208857e-06,1.7219132458952e-21,5.4615585885976e-06,3.2231562468263e-06,0.0099970755553076,-1.0855237597845e-06,1.0918032156075e-06,-4.719632177332e-06,-5.2270343611059e-06,-2.5567343710838e-06,0.90002939589978,0.90001937687972,2.5,2.5,-4.9621770859454e-06,-9.9999999999988e-05
0.3425,0,0.60264769154394,0.60264769154394,0.99995884518433,0.99994065886246,0.99998041629106,0.99997331239332,4.8055791536234e-06,1.7181083264531e-21,5.4641549543099e-06,3.2239199097064e-06,0.0099970729001987,-1.0620435621466e-06,1.0681871915198e-06,-4.7224727111941e-06,-5.2274453580315e-06,-2.5536790726028e-06,0.90002938992181,0.90001941479507,2.5,2.5,-4.9642139515992e-06,-0.00010000000000001
0.345,0,0.60264769154394,0.60264769154394,0.99995881246798,0.99994067101931,0.99998042478923,0.99997331805244,4.7016330782203e-06,1.7143857085492e-21,5.4666951598944e-06,3.22466705433e-06,0.0099970703025206,-1.0390712483694e-06,1.0450819892666e-06,-4.7252518034903e-06,-5.2278474649708e-06,-2.5506898611207e-06,0.90002938407314,0.9000194518903,2.5,2.5,-4.9662067592511e-06,-9.9999999999999e-05
0.3475,0,0.60264769154394,0.60264769154394,0.9999587804593,0.9999406829132,0.99998043310359,0.99997332358914,4.5999353863897e-06,1.7107436119581e-21,5.4691804200804e-06,3.2253980380136e-06,0.009997067761031,-1.0165958327416e-06,1.0224765595567e-06,-4.7279707832186e-06,-5.2282408742208e-06,-2.5477653071647e-06,0.90002937835099,0.90001948818315,2.5,2.5,-4.96815646189e-06,-0.00010000000000002
0.35,0,0.60264769154394,0.60264769154394,0.99995874914298,0.99994069454982,0.99998044123811,0.99997332900609,4.5004374449458e-06,1.7071802949823e-21,5.4716119234178e-06,3.2261132103312e-06,0.0099970652745146,-9.946065671326e-07,1.0003600921057e-06,-4.7306309506284e-06,-5.2286257739124e-06,-2.5449040121661e-06,0.90002937275261,0.90001952369099,2.5,2.5,-4.9700639918894e-06,-9.9999999999978e-05
0.3525,0,0.60264769154394,0.60264769154394,0.99995871850404,0.99994070593474,0.99998044919668,0.99997333430586,4.4030916726977e-06,1.7036940535771e-21,5.4739908326029e-06,3.2268129132439e-06,0.0099970628417823,-9.7309293591638e-07,9.7872201049158e-07,-4.7332335778473e-06,-5.2290023481095e-06,-2.5421046078152e-06,0.90002936727532,0.90001955843078,2.5,2.5,-4.9719302614565e-06,-0.00010000000000001
0.355,0,0.60264769154394,0.60264769154394,0.99995868852783,0.9999407170734,0.9999804569831,0.999973339491,4.307851517686e-06,1.7002832206094e-21,5.4763182853173e-06,3.2274974813861e-06,0.0099970604616706,-9.5204465103276e-07,9.5755196707867e-07,-4.7357799094856e-06,-5.2293707768973e-06,-2.5393657553961e-06,0.9000293619165,0.90001959241913,2.5,2.5,-4.973756163067e-06,-9.9999999999995e-05
0.3575,0,0.60264769154394,0.60264769154394,0.99995865920001,0.99994072797112,0.99998046460109,0.99997334456398,4.2146714347732e-06,1.6969461649499e-21,5.4785953945564e-06,3.228167242131e-06,0.0099970581330415,-9.3145164684399e-07,9.3683983802787e-07,-4.7382711632322e-06,-5.229731236461e-06,-2.5366861451665e-06,0.9000293566736,0.90001962567232,2.5,2.5,-4.9755425698919e-06,-0.0001
0.36,0,0.60264769154394,0.60264769154394,0.99995863050656,0.99994073863313,0.99998047205431,0.99997334952724,4.123506864047e-06,1.6936812907761e-21,5.4808232492548e-06,3.2288225157627e-06,0.0099970558547813,-9.1130407542041e-07,9.1657571848163e-07,-4.7407085304384e-06,-5.2300838991791e-06,-2.5340644956779e-06,0.90002935154411,0.90001965820623,2.5,2.5,-4.9772903362146e-06,-0.00010000000000001
0.3625,0,0.60264769154394,0.60264769154394,0.99995860243376,0.99994074906451,0.99998047934631,0.99997335438313,4.0343142094173e-06,1.6904870367882e-21,5.4830029148307e-06,3.2294636156327e-06,0.0099970536258006,-8.9159230196926e-07,8.9674991785052e-07,-4.7430931766822e-06,-5.2304289336996e-06,-2.5314995532374e-06,0.90002934652557,0.90001969003642,2.5,2.5,-4.9790002978411e-06,-9.9999999999995e-05
0.365,0,0.60264769154394,0.60264769154394,0.99995857496818,0.99994075927026,0.99998048648059,0.999973359134,3.947050817801e-06,1.6873618754525e-21,5.4851354336015e-06,3.2300908483226e-06,0.0099970514450333,-8.7230690005107e-07,8.7735295517715e-07,-4.745426242336e-06,-5.2307665050235e-06,-2.5289900912553e-06,0.90002934161558,0.90001972117812,2.5,2.5,-4.9806732724983e-06,-9.9999999999989e-05
0.3675,0,0.60264769154394,0.60264769154394,0.99995854809669,0.99994076925526,0.99998049346055,0.9999733637821,3.8616749586462e-06,1.6843043122567e-21,5.4872218253819e-06,3.2307045137934e-06,0.0099970493114367,-8.5343864698973e-07,8.5837555451916e-07,-4.7477088431029e-06,-5.2310967745768e-06,-2.5265349096614e-06,0.90002933681179,0.90001975164622,2.5,2.5,-4.9823100602248e-06,-0.00010000000000001
0.37,0,0.60264769154394,0.60264769154394,0.99995852180644,0.99994077902428,0.99998050028953,0.99997336832966,3.7781458041385e-06,1.6813128850367e-21,5.489263087885e-06,3.2313049055053e-06,0.0099970472239904,-8.3497851991755e-07,8.3980864066795e-07,-4.7499420705507e-06,-5.2314199003069e-06,-2.5241328343685e-06,0.90002933211192,0.90001978145528,2.5,2.5,-4.9839114437551e-06,-9.9999999999996e-05
0.3725,0,0.60264769154394,0.60264769154394,0.99995849608485,0.99994078858199,0.99998050697079,0.99997337277885,3.69642340952e-06,1.6783861632751e-21,5.4912601972979e-06,3.2318923105608e-06,0.0099970451816962,-8.1691769079844e-07,8.2164333463598e-07,-4.75212699264e-06,-5.2317360367333e-06,-2.5217827166551e-06,0.9000293275137,0.90001981061957,2.5,2.5,-4.9854781888923e-06,-0.0001
0.375,0,0.60264769154394,0.60264769154394,0.99995847091963,0.99994079793297,0.99998051350754,0.99997337713181,3.6164686940473e-06,1.6755227473572e-21,5.4932141086512e-06,3.2324670098836e-06,0.0099970431835774,-7.9924752268128e-07,8.0387094946849e-07,-4.7542646542292e-06,-5.2320453350335e-06,-2.5194834326895e-06,0.90002932301494,0.90001983915302,2.5,2.5,-4.9870110448746e-06,-0.00010000000000001
0.3775,0,0.60264769154394,0.60264769154394,0.99995844629874,0.99994080708168,0.9999805199029,0.99997338139061,3.5382434223204e-06,1.6727212679635e-21,5.4951257563549e-06,3.2330292782873e-06,0.0099970412286784,-7.8195956554676e-07,7.8648298624744e-07,-4.7563560775754e-06,-5.2323479431256e-06,-2.5172338829031e-06,0.90002931861349,0.90001986706929,2.5,2.5,-4.9885107447347e-06,-9.999999999999e-05
0.38,0,0.60264769154394,0.60264769154394,0.9999584222104,0.9999408160325,0.99998052615992,0.99997338555729,3.4617101859672e-06,1.6699803853756e-21,5.4969960545523e-06,3.2335793846544e-06,0.0099970393160646,-7.650455519539e-07,7.6947112977031e-07,-4.7584022628252e-06,-5.2326440057141e-06,-2.5150329915229e-06,0.90002931430725,0.90001989438173,2.5,2.5,-4.9899780056493e-06,-0.00010000000000001
0.3825,0,0.60264769154394,0.60264769154394,0.99995839864311,0.99994082478971,0.9999805322816,0.99997338963385,3.3868323858033e-06,1.6672987888947e-21,5.4988258976499e-06,3.2341175920712e-06,0.0099970374448211,-7.4849739348488e-07,7.5282724475443e-07,-4.7604041884938e-06,-5.2329336643799e-06,-2.5128797060785e-06,0.90002931009415,0.90001992110339,2.5,2.5,-4.9914135292822e-06,-9.9999999999988e-05
0.385,0,0.60264769154394,0.60264769154394,0.99995837558558,0.9999408333575,0.99998053827087,0.99997339362223,3.3135742142135e-06,1.6646751961042e-21,5.5006161607117e-06,3.2346441579155e-06,0.0099970356140531,-7.3230717650457e-07,7.3654337184314e-07,-4.7623628119265e-06,-5.2332170576466e-06,-2.510772996813e-06,0.90002930597219,0.90001994724705,2.5,2.5,-4.9928180021203e-06,-0.00010000000000001
0.3875,0,0.60264769154394,0.60264769154394,0.99995835302679,0.99994084173997,0.99998054413059,0.99997339752434,3.241900638243e-06,1.6621083524149e-21,5.5023676998586e-06,3.2351593339697e-06,0.0099970338228853,-7.1646715869368e-07,7.2061172385575e-07,-4.7642790697643e-06,-5.2334943210341e-06,-2.5087118563062e-06,0.90002930193938,0.90001997282522,2.5,2.5,-4.994192095801e-06,-0.00010000000000001
0.39,0,0.60264769154394,0.60264769154394,0.99995833095596,0.99994084994112,0.99998054986356,0.99997340134204,3.1717773825829e-06,1.6595970302879e-21,5.5040813527027e-06,3.2356633666409e-06,0.0099970320704608,-7.0096976505428e-07,7.0502468210843e-07,-4.7661538783887e-06,-5.2337655871327e-06,-2.5066952988453e-06,0.9000292979938,0.90001999785013,2.5,2.5,-4.9955364674348e-06,-9.9999999999981e-05
0.3925,0,0.60264769154394,0.60264769154394,0.99995830936253,0.99994085796488,0.99998055547253,0.99997340507717,3.1031709133342e-06,1.6571400288042e-21,5.5057579387563e-06,3.2361564969155e-06,0.0099970303559419,-6.8580758461877e-07,6.8977479260967e-07,-4.7679881343544e-06,-5.2340309856657e-06,-2.5047223601228e-06,0.90002929413357,0.90002002233375,2.5,2.5,-4.9968517599181e-06,-9.9999999999988e-05
0.395,0,0.60264769154394,0.60264769154394,0.99995828823616,0.99994086581509,0.99998056096017,0.99997340873151,3.0360484220113e-06,1.6547361729541e-21,5.5073982597586e-06,3.2366389606328e-06,0.0099970286785085,-6.7097336654255e-07,6.7485476269416e-07,-4.7697827148294e-06,-5.2342906435526e-06,-2.5027920966362e-06,0.90002929035684,0.90002004628777,2.5,2.5,-4.9981386022415e-06,-0.00010000000000002
0.3975,0,0.60264769154394,0.60264769154394,0.99995826756677,0.99994087349549,0.99998056632911,0.9999734123068,2.9703778097235e-06,1.6523843132368e-21,5.5090031001302e-06,3.2371109885476e-06,0.0099970270373584,-6.5646001702109e-07,6.6025745739983e-07,-4.7715384780082e-06,-5.2345446849632e-06,-2.5009035853137e-06,0.9000292866618,0.90002006972367,2.5,2.5,-4.9993976097899e-06,-9.9999999999999e-05
0.4,0,0.60264769154394,0.60264769154394,0.99995824734446,0.99994088100976,0.99998057158192,0.99997341580475,2.9061276719053e-06,1.6500833249114e-21,5.5105732273522e-06,3.2375728063356e-06,0.0099970254317069,-6.422605953778e-07,6.4597589603427e-07,-4.7732562635151e-06,-5.2347932313845e-06,-2.4990559230463e-06,0.90002928304668,0.90002009265264,2.5,2.5,-5.0006293846381e-06,-0.00010000000000002
0.4025,0,0.60264769154394,0.60264769154394,0.99995822755957,0.9999408883615,0.99998057672111,0.99997341922705,2.8432672832892e-06,1.6478321076229e-21,5.5121093922564e-06,3.238024634889e-06,0.0099970238607862,-6.2836831138996e-07,6.3200324905018e-07,-4.774936892821e-06,-5.2350364016738e-06,-2.4972482262387e-06,0.90002927950976,0.90002011508565,2.5,2.5,-5.001834515837e-06,-9.9999999999974e-05
0.405,0,0.60264769154394,0.60264769154394,0.99995820820262,0.99994089555421,0.99998058174914,0.99997342257532,2.7817665831928e-06,1.6456295848482e-21,5.5136123294445e-06,3.2384666902569e-06,0.0099970223238448,-6.1477652168084e-07,6.183328345094e-07,-4.7765811696251e-06,-5.2352743121205e-06,-2.4954796304565e-06,0.90002927604934,0.90002013703343,2.5,2.5,-5.0030135796969e-06,-9.9999999999992e-05
0.4075,0,0.60264769154394,0.60264769154394,0.99995818926438,0.99994090259135,0.99998058666841,0.99997342585116,2.7215961611783e-06,1.6434747032645e-21,5.5150827577081e-06,3.2388991838341e-06,0.009997020820148,-6.0147872622814e-07,6.0495811500776e-07,-4.7781898802454e-06,-5.2355070764917e-06,-2.4937492899121e-06,0.90002927266377,0.90002015850647,2.5,2.5,-5.0041671400616e-06,-9.9999999999985e-05
0.41,0,0.60264769154394,0.60264769154394,0.99995817073577,0.99994090947627,0.99998059148128,0.99997342905615,2.6627272428923e-06,1.6413664324133e-21,5.5165213801532e-06,3.2393223224497e-06,0.0099970193489766,-5.8846856600382e-07,5.9187269460481e-07,-4.7797637939843e-06,-5.2357348061037e-06,-2.4920563771306e-06,0.90002926935144,0.90002017951505,2.5,2.5,-5.0052957485793e-06,-0.00010000000000002
0.4125,0,0.60264769154394,0.60264769154394,0.99995815260795,0.99994091621226,0.99998059619004,0.99997343219181,2.6051316764715e-06,1.6393037640534e-21,5.5179288847747e-06,3.2397363084531e-06,0.0099970179096271,-5.7573981937482e-07,5.7907031566121e-07,-4.7813036635107e-06,-5.235957609856e-06,-2.490400082549e-06,0.90002926611075,0.9000202000692,2.5,2.5,-5.0063999449657e-06,-9.9999999999999e-05
0.415,0,0.60264769154394,0.60264769154394,0.99995813487223,0.99994092280256,0.99998060079695,0.99997343525965,2.5487819189447e-06,1.6372857118422e-21,5.5193059446703e-06,3.2401413398262e-06,0.0099970165014111,-5.6328639922023e-07,5.6654485590615e-07,-4.7828102252104e-06,-5.2361755942998e-06,-2.488779614108e-06,0.90002926294016,0.90002022017877,2.5,2.5,-5.0074802572623e-06,-0.00010000000000001
0.4175,0,0.60264769154394,0.60264769154394,0.99995811752015,0.9999409292503,0.99998060530421,0.99997343826113,2.4936510230725e-06,1.6353113106584e-21,5.520653218348e-06,3.2405376102353e-06,0.0099970151236552,-5.5110235017797e-07,5.5429032550729e-07,-4.7842841995422e-06,-5.2363888636758e-06,-2.4871941968646e-06,0.90002925983814,0.90002023985336,2.5,2.5,-5.0085372020891e-06,-9.9999999999995e-05
0.42,0,0.60264769154394,0.60264769154394,0.99995810054339,0.99994093555858,0.99998060971398,0.99997344119769,2.4397126245845e-06,1.6333796163644e-21,5.5219713501175e-06,3.2409253092011e-06,0.0099970137757006,-5.3918184566909e-07,5.4230086415345e-07,-4.7857262913794e-06,-5.2365975199735e-06,-2.4856430726609e-06,0.90002925680323,0.90002025910238,2.5,2.5,-5.009571284891e-06,-9.9999999999993e-05
0.4225,0,0.60264769154394,0.60264769154394,0.99995808393385,0.99994094173041,0.99998061402837,0.99997344407073,2.3869409293356e-06,1.6314897051872e-21,5.5232609703145e-06,3.2413046221407e-06,0.0099970124569026,-5.2751918519684e-07,5.3057073837847e-07,-4.7871371903499e-06,-5.236801662975e-06,-2.4841254997343e-06,0.90002925383396,0.90002027793504,2.5,2.5,-5.0105830001806e-06,-9.9999999999997e-05
0.425,0,0.60264769154394,0.60264769154394,0.99995806768357,0.99994094776874,0.99998061824943,0.99997344688162,2.3353107012503e-06,1.6296406733228e-21,5.5245226956219e-06,3.241675730404e-06,0.0099970111666306,-5.161087913843e-07,5.1909433863449e-07,-4.788517571164e-06,-5.2370013903022e-06,-2.4826407523319e-06,0.90002925092892,0.90002029636035,2.5,2.5,-5.0115728317733e-06,-0.00010000000000001
0.4275,0,0.60264769154394,0.60264769154394,0.99995805178479,0.99994095367646,0.99998062237919,0.99997344963171,2.2847972500591e-06,1.6278316365635e-21,5.525757129475e-06,3.2420388115318e-06,0.0099970099042676,-5.0494520782646e-07,5.0786617675655e-07,-4.7898680939379e-06,-5.2371967974708e-06,-2.4811881204773e-06,0.90002924808672,0.90002031438711,2.5,2.5,-5.0125412530204e-06,-0.0001
0.43,0,0.60264769154394,0.60264769154394,0.99995803622991,0.9999409594564,0.99998062641962,0.99997345232232,2.235376419524e-06,1.6260617298001e-21,5.5269648621446e-06,3.2423940390792e-06,0.0099970086692099,-4.9402309572729e-07,4.9688088329243e-07,-4.7911894045119e-06,-5.237387977926e-06,-2.4797669094504e-06,0.90002924530599,0.90002033202395,2.5,2.5,-5.0134887270335e-06,-0.0001
0.4325,0,0.60264769154394,0.60264769154394,0.99995802101149,0.99994096511131,0.99998063037266,0.99997345495473,2.1870245759794e-06,1.6243301066278e-21,5.5281464712052e-06,3.2427415829469e-06,0.0099970074608668,-4.8333723214723e-07,4.8613320494141e-07,-4.7924821347537e-06,-5.2375750230891e-06,-2.4783764396324e-06,0.90002924258541,0.90002034927929,2.5,2.5,-5.0144157069075e-06,-9.9999999999979e-05
0.435,0,0.60264769154394,0.60264769154394,0.99995800612224,0.9999409706439,0.99998063424019,0.9999734575302,2.1397185968852e-06,1.6226359389855e-21,5.5293025217416e-06,3.2430816093617e-06,0.0099970062786605,-4.7288250697309e-07,4.7561800200158e-07,-4.7937469028624e-06,-5.2377580224144e-06,-2.4770160461017e-06,0.90002923992368,0.9000203661614,2.5,2.5,-5.0153226359365e-06,-0.00010000000000001
0.4375,0,0.60264769154394,0.60264769154394,0.99995799155505,0.99994097605683,0.99998063802406,0.99997346004996,2.093435859894e-06,1.620978416671e-21,5.5304335665366e-06,3.2434142808858e-06,0.0099970051220257,-4.6265392040681e-07,4.6533024596194e-07,-4.7949843136675e-06,-5.2379370634072e-06,-2.475685078256e-06,0.90002923731952,0.90002038267835,2.5,2.5,-5.0162099478261e-06,-0.0001
0.44,0,0.60264769154394,0.60264769154394,0.99995797730296,0.99994098135267,0.99998064172609,0.99997346251522,2.0481542320167e-06,1.6193567470516e-21,5.5315401465092e-06,3.2437397566521e-06,0.0099970039904093,-4.5264658132197e-07,4.5526501712009e-07,-4.7961949589189e-06,-5.2381122316954e-06,-2.4743828996498e-06,0.90002923477169,0.90002039883803,2.5,2.5,-5.0170780669013e-06,-0.0001
0.4425,0,0.60264769154394,0.60264769154394,0.99995796335914,0.99994098653396,0.99998064534804,0.99997346492715,2.003852058932e-06,1.6177701546021e-21,5.5326227908554e-06,3.2440581922579e-06,0.00999700288327,-4.4285570379447e-07,4.4541750207857e-07,-4.7973794175569e-06,-5.2382836110385e-06,-2.4731088875368e-06,0.90002923227897,0.90002041464817,2.5,2.5,-5.0179274083075e-06,-0.00010000000000001
0.445,0,0.60264769154394,0.60264769154394,0.99995794971693,0.99994099160317,0.99998064889165,0.99997346728691,1.9605081547893e-06,1.61621788063e-21,5.5336820172912e-06,3.2443697400176e-06,0.0099970018000785,-4.3327660579828e-07,4.3578299163703e-07,-4.7985382560124e-06,-5.2384512834006e-06,-2.4718624326811e-06,0.90002922984017,0.90002043011634,2.5,2.5,-5.0187583782116e-06,-9.999999999999e-05
0.4475,0,0.60264769154394,0.60264769154394,0.99995793636981,0.99994099656274,0.99998065235861,0.99997346959563,1.9181017919108e-06,1.6146991827987e-21,5.5347183323198e-06,3.2446745488966e-06,0.0099970007403167,-4.2390470654026e-07,4.2635687851319e-07,-4.7996720284512e-06,-5.2386153289566e-06,-2.4706429390113e-06,0.90002922745412,0.90002044524992,2.5,2.5,-5.0195713739944e-06,-0.00010000000000001
0.45,0,0.60264769154394,0.60264769154394,0.99995792331139,0.99994100141503,0.99998065575058,0.99997347185442,1.8766126910214e-06,1.6132133348287e-21,5.5357322315763e-06,3.2449727646857e-06,0.0099969997034779,-4.1473552415031e-07,4.1713465494098e-07,-4.8007812770649e-06,-5.2387758261596e-06,-2.4694498233352e-06,0.90002922511969,0.90002046005616,2.5,2.5,-5.0203667844414e-06,-9.999999999999e-05
0.4525,0,0.60264769154394,0.60264769154394,0.99995791053542,0.99994100616237,0.99998065906918,0.99997347406434,1.8360210114696e-06,1.6117596261847e-21,5.5367241998799e-06,3.2452645299731e-06,0.0099969986890662,-4.057646738617e-07,4.0811191074735e-07,-4.8018665323072e-06,-5.2389328517639e-06,-2.4682825151133e-06,0.90002922283574,0.90002047454214,2.5,2.5,-5.0211449899285e-06,-0.00010000000000002
0.455,0,0.60264769154394,0.60264769154394,0.99995789803581,0.99994101080702,0.99998066231599,0.99997347622646,1.7963073418051e-06,1.6103373616918e-21,5.5376947116179e-06,3.245549984302e-06,0.0099969976965966,-3.9698786569405e-07,3.9928433116918e-07,-4.8029283131623e-06,-5.239086480856e-06,-2.4671404560961e-06,0.9000292206012,0.90002048871478,2.5,2.5,-5.0219063626042e-06,-9.9999999999987e-05
0.4575,0,0.60264769154394,0.60264769154394,0.99995788580656,0.9999410153512,0.99998066549258,0.99997347834182,1.7574526903744e-06,1.6089458611833e-21,5.538644230916e-06,3.2458292641657e-06,0.0099969967255943,-3.8840090239942e-07,3.9064769467005e-07,-4.8039671273862e-06,-5.2392367869067e-06,-2.4660231001455e-06,0.900029218415,0.90002050258087,2.5,2.5,-5.0226512665668e-06,-0.0001
0.46,0,0.60264769154394,0.60264769154394,0.99995787384184,0.99994101979709,0.99998066860046,0.99997348041142,1.7194384763748e-06,1.6075844592518e-21,5.5395732118312e-06,3.246102503126e-06,0.0099969957755951,-3.7999967771252e-07,3.8219787117636e-07,-4.8049834717565e-06,-5.2393838417967e-06,-2.4649299129411e-06,0.90002921627608,0.90002051614702,2.5,2.5,-5.0233800580398e-06,-0.00010000000000001
0.4625,0,0.60264769154394,0.60264769154394,0.99995786213591,0.99994102414682,0.99998067164111,0.99997348243625,1.6822465209077e-06,1.6062525048397e-21,5.5404820986038e-06,3.2463698318317e-06,0.0099969948461447,-3.7178017388702e-07,3.7393081979964e-07,-4.8059778323046e-06,-5.2395277158452e-06,-2.4638603716938e-06,0.90002921418342,0.90002052941974,2.5,2.5,-5.0240930855406e-06,-9.9999999999976e-05
0.465,0,0.60264769154394,0.60264769154394,0.99995785068319,0.99994102840246,0.99998067461599,0.99997348441729,1.6458590382991e-06,1.6049493609756e-21,5.5413713259342e-06,3.246631378164e-06,0.0099969939367985,-3.6373846034469e-07,3.6584258717357e-07,-4.8069506845389e-06,-5.2396684778544e-06,-2.4628139649272e-06,0.90002921213604,0.90002054240537,2.5,2.5,-5.0247906900488e-06,-0.00010000000000002
0.4675,0,0.60264769154394,0.60264769154394,0.9999578394782,0.99994103256604,0.99998067752652,0.99997348635547,1.6102586275159e-06,1.6036744044953e-21,5.5422413189706e-06,3.2468872671511e-06,0.0099969930471218,-3.5587069140566e-07,3.5792930535037e-07,-4.8079024936982e-06,-5.2398061951416e-06,-2.461790192244e-06,0.90002921013293,0.90002055511011,2.5,2.5,-5.0254732051679e-06,-9.9999999999985e-05
0.47,0,0.60264769154394,0.60264769154394,0.99995782851557,0.99994103663957,0.9999806803741,0.99997348825174,1.575428264014e-06,1.602427025713e-21,5.5430924938428e-06,3.2471376211993e-06,0.0099969921766891,-3.4817310463104e-07,3.5018719014383e-07,-4.8088337149481e-06,-5.2399409335635e-06,-2.4607885640698e-06,0.90002920817316,0.90002056754004,2.5,2.5,-5.0261409572865e-06,-0.00010000000000001
0.4725,0,0.60264769154394,0.60264769154394,0.99995781779006,0.99994104062499,0.99998068316009,0.99997349010698,1.5413512914151e-06,1.6012066280786e-21,5.5439252575329e-06,3.2473825599999e-06,0.009996991325084,-3.4064201886047e-07,3.4261253914037e-07,-4.8097447936107e-06,-5.2400727575525e-06,-2.4598086013988e-06,0.90002920625577,0.90002057970112,2.5,2.5,-5.0267942657316e-06,-0.0001
0.475,0,0.60264769154394,0.60264769154394,0.99995780729656,0.9999410445242,0.99998068588581,0.9999734919221,1.5080114136878e-06,1.6000126279952e-21,5.544740008307e-06,3.2476222007199e-06,0.0099969904918994,-3.3327383273302e-07,3.3520173006186e-07,-4.8106361653777e-06,-5.2402017301516e-06,-2.4588498356104e-06,0.90002920437986,0.90002059159914,2.5,2.5,-5.027433442925e-06,-0.00010000000000001
0.4775,0,0.60264769154394,0.60264769154394,0.99995779703003,0.99994104833907,0.99998068855257,0.99997349369795,1.4753926872245e-06,1.5988444545082e-21,5.5455371357938e-06,3.2478566579418e-06,0.0099969896767369,-3.2606502255519e-07,3.2795121891111e-07,-4.8115082565112e-06,-5.2403279130364e-06,-2.4579118082075e-06,0.90002920254453,0.90002060323981,2.5,2.5,-5.0280587945292e-06,-9.9999999999992e-05
0.48,0,0.60264769154394,0.60264769154394,0.99995778698557,0.99994105207143,0.99998069116166,0.99997349543539,1.4434795133202e-06,1.5977015489351e-21,5.5463170211594e-06,3.2480860437953e-06,0.0099969888792065,-3.1901214107998e-07,3.2085753844992e-07,-4.8123614840617e-06,-5.2404513665474e-06,-2.4569940706112e-06,0.90002920074889,0.90002061462869,2.5,2.5,-5.0286706195959e-06,-0.00010000000000001
0.4825,0,0.60264769154394,0.60264769154394,0.99995777715837,0.99994105572305,0.9999806937143,0.99997349713525,1.4122566306562e-06,1.5965833647524e-21,5.5470800373984e-06,3.2483104679475e-06,0.009996988098927,-3.1211181545959e-07,3.1391729636745e-07,-4.8131962560492e-06,-5.2405721497232e-06,-2.4560961839369e-06,0.9000291989921,0.90002062577122,2.5,2.5,-5.029269210708e-06,-0.0001
0.485,0,0.60264769154394,0.60264769154394,0.99995776754374,0.99994105929569,0.99998069621174,0.99997349879835,1.3817091080723e-06,1.5954893672079e-21,5.5478265493514e-06,3.2485300377352e-06,0.0099969873355251,-3.0536074592687e-07,3.0712717374586e-07,-4.8140129716764e-06,-5.2406903203254e-06,-2.4552177188165e-06,0.9000291972733,0.90002063667274,2.5,2.5,-5.0298548541201e-06,-9.9999999999987e-05
0.4875,0,0.60264769154394,0.60264769154394,0.99995775813707,0.99994106279105,0.99998069865515,0.99997350042547,1.3518223372808e-06,1.5944190331637e-21,5.5485569140227e-06,3.2487448581724e-06,0.0099969865886358,-2.9875570397012e-07,3.004839234384e-07,-4.8148120215078e-06,-5.2408059348596e-06,-2.4543582551568e-06,0.90002919559168,0.90002064733845,2.5,2.5,-5.0304278298942e-06,-9.9999999999995e-05
0.49,0,0.60264769154394,0.60264769154394,0.99995774893388,0.9999410662108,0.99998070104571,0.99997350201739,1.3225820260679e-06,1.593371850756e-21,5.5492714807191e-06,3.2489550319908e-06,0.009996985857902,-2.9229353100365e-07,2.9398436857835e-07,-4.8155937876565e-06,-5.2409190486206e-06,-2.4535173819506e-06,0.90002919394644,0.90002065777346,2.5,2.5,-5.0309884120354e-06,-9.9999999999988e-05
0.4925,0,0.60264769154394,0.60264769154394,0.99995773992975,0.99994106955658,0.99998070338456,0.99997350357488,1.2939741913156e-06,1.5923473191861e-21,5.5499705911318e-06,3.2491606596778e-06,0.0099969851429742,-2.8597113674377e-07,2.876254010046e-07,-4.8163586439767e-06,-5.2410297156978e-06,-2.4526946970683e-06,0.90002919233678,0.90002066798276,2.5,2.5,-5.0315368686216e-06,-0.00010000000000001
0.495,0,0.60264769154394,0.60264769154394,0.99995773112038,0.99994107283,0.99998070567282,0.99997350509868,1.2659851523455e-06,1.5913449485523e-21,5.5506545795827e-06,3.2493618395786e-06,0.0099969844435104,-2.7978549765655e-07,2.8140397972532e-07,-4.8171069562304e-06,-5.2411379890136e-06,-2.4518898070981e-06,0.90002919076195,0.90002067797123,2.5,2.5,-5.0320734619318e-06,-0.0001
0.4975,0,0.60264769154394,0.60264769154394,0.99995772250157,0.9999410760326,0.99998070791159,0.99997350658952,1.2386015244656e-06,1.5903642594781e-21,5.5513237731457e-06,3.2495586678933e-06,0.0099969837591763,-2.7373365580958e-07,2.7531712960686e-07,-4.8178390822726e-06,-5.241243920346e-06,-2.4511023271418e-06,0.90002918922117,0.90002068774365,2.5,2.5,-5.0325984485723e-06,-0.00010000000000001
0.5,0,0.60264769154394,0.60264769154394,0.99995771406918,0.99994107916594,0.99998071010193,0.99997350804812,1.2118102124558e-06,1.589404783009e-21,5.5519784918677e-06,3.2497512387572e-06,0.0099969830896445,-2.678127170325e-07,2.6936193983492e-07,-4.8185553722168e-06,-5.2413475603519e-06,-2.4503318806078e-06,0.90002918771372,0.90002069730468,2.5,2.5,-5.0331120795988e-06,-9.9999999999988e-05
0.5025,0,0.60264769154394,0.60264769154394,0.99995770581918,0.9999410822315,0.99998071224489,0.99997350947516,1.1855984043031e-06,1.5884660602782e-21,5.5526190488504e-06,3.2499396442756e-06,0.0099969824345949,-2.6201984987695e-07,2.6353556257145e-07,-4.8192561685971e-06,-5.2414489585932e-06,-2.4495780990429e-06,0.90002918623888,0.90002070665891,2.5,2.5,-5.0336146006364e-06,-0.0001
0.505,0,0.60264769154394,0.60264769154394,0.99995769774764,0.99994108523075,0.9999807143415,0.99997351087134,1.1599535652193e-06,1.5875476424079e-21,5.5532457503639e-06,3.2501239745176e-06,0.0099969817937142,-2.5635228418127e-07,2.5783521153263e-07,-4.819941806551e-06,-5.2415481635637e-06,-2.4488406220019e-06,0.90002918479594,0.9000207158108,2.5,2.5,-5.0341062519975e-06,-0.00010000000000001
0.5075,0,0.60264769154394,0.60264769154394,0.99995768985068,0.99994108816513,0.99998071639276,0.99997351223731,1.1348634314642e-06,1.5866490901805e-21,5.5538588961803e-06,3.2503043176299e-06,0.0099969811666959,-2.508073095283e-07,2.5225816074425e-07,-4.8206126139538e-06,-5.2416452226996e-06,-2.4481190968054e-06,0.90002918338421,0.90002072476474,2.5,2.5,-5.0345872687964e-06,-9.9999999999989e-05
0.51,0,0.60264769154394,0.60264769154394,0.99995768212454,0.99994109103603,0.99998071839965,0.99997351357374,1.1103160046347e-06,1.5857699738973e-21,5.5544587794514e-06,3.2504807598789e-06,0.0099969805532402,-2.453822743292e-07,2.4680174319273e-07,-4.821268911597e-06,-5.2417401824206e-06,-2.4474131784105e-06,0.90002918200302,0.900020733525,2.5,2.5,-5.0350578810616e-06,-0.00010000000000001
0.5125,0,0.60264769154394,0.60264769154394,0.99995767456552,0.99994109384484,0.99998072036313,0.99997351488127,1.086299545801e-06,1.5849098731538e-21,5.5550456870663e-06,3.2506533856374e-06,0.0099969799530537,-2.4007458414681e-07,2.4146334953168e-07,-4.821911013332e-06,-5.2418330881316e-06,-2.4467225292248e-06,0.90002918065171,0.90002074209577,2.5,2.5,-5.0355183138462e-06,-0.00010000000000001
0.515,0,0.60264769154394,0.60264769154394,0.99995766717,0.99994109659289,0.99998072228414,0.99997351616051,1.0628025699446e-06,1.5840683766375e-21,5.5556198996935e-06,3.2508222774211e-06,0.0099969793658495,-2.3488170099243e-07,2.3624042691191e-07,-4.8225392262184e-06,-5.241923984269e-06,-2.446046819001e-06,0.90002917932962,0.90002075048115,2.5,2.5,-5.0359687873357e-06,-9.9999999999991e-05
0.5175,0,0.60264769154394,0.60264769154394,0.99995765993445,0.9999410992815,0.9999807241636,0.99997351741208,1.0398138405744e-06,1.5832450819453e-21,5.5561816919626e-06,3.2509875160532e-06,0.0099969787913466,-2.2980114126936e-07,2.311304775889e-07,-4.8231538506773e-06,-5.2420129142946e-06,-2.4453857245723e-06,0.90002917803613,0.90002075868516,2.5,2.5,-5.0364095169523e-06,-9.9999999999981e-05
0.52,0,0.60264769154394,0.60264769154394,0.9999576528554,0.99994110191195,0.99998072600241,0.99997351863658,1.0173223640834e-06,1.5824395953544e-21,5.5567313324593e-06,3.2511491805258e-06,0.0099969782292705,-2.2483047560199e-07,2.2613105800253e-07,-4.8237551806309e-06,-5.2420999207374e-06,-2.4447389298101e-06,0.90002917677062,0.90002076671171,2.5,2.5,-5.0368407134586e-06,-0.00010000000000002
0.5225,0,0.60264769154394,0.60264769154394,0.99995764592948,0.99994110448551,0.99998072780144,0.99997351983459,9.9531738478848e-07,1.5816515316774e-21,5.5572690841015e-06,3.2513073481419e-06,0.0099969776793521,-2.1996732691076e-07,2.2123977730332e-07,-4.8243435036421e-06,-5.2421850452058e-06,-2.4441061254138e-06,0.90002917553248,0.90002077456465,2.5,2.5,-5.0372625830589e-06,-9.9999999999992e-05
0.525,0,0.60264769154394,0.60264769154394,0.99995763915337,0.9999411070034,0.99998072956155,0.99997352100669,9.7378837962483e-07,1.5808805140418e-21,5.5577952040192e-06,3.2514620945272e-06,0.0099969771413287,-2.1520936950041e-07,2.1645429643375e-07,-4.8249191010533e-06,-5.2422683284072e-06,-2.4434870087517e-06,0.90002917432112,0.90002078224772,2.5,2.5,-5.037675327497e-06,-0.0001
0.5275,0,0.60264769154394,0.60264769154394,0.99995763252382,0.99994110946683,0.9999807312836,0.99997352215343,9.527250531193e-07,1.5801261737385e-21,5.5583099438033e-06,3.2516134937456e-06,0.0099969766149429,-2.105543280663e-07,2.1177232687123e-07,-4.8254822481256e-06,-5.2423498101672e-06,-2.4428812837718e-06,0.90002917313597,0.90002078976461,2.5,2.5,-5.0380791441523e-06,-9.9999999999989e-05
0.53,0,0.60264769154394,0.60264769154394,0.99995762603768,0.99994111187697,0.9999807329684,0.99997352327538,9.3211733249463e-07,1.5793881500339e-21,5.5588135496441e-06,3.2517616181315e-06,0.0099969760999429,-2.0599997662042e-07,2.0719162975211e-07,-4.8260332141621e-06,-5.2424295294558e-06,-2.4422886607938e-06,0.90002917197645,0.9000207971189,2.5,2.5,-5.0384742261358e-06,-0.00010000000000001
0.5325,0,0.60264769154394,0.60264769154394,0.99995761969183,0.99994111423498,0.99998073461675,0.99997352437305,9.1195536287606e-07,1.5786660900091e-21,5.5593062622936e-06,3.2519065385471e-06,0.0099969755960826,-2.0154413706139e-07,2.0271001436744e-07,-4.8265722626447e-06,-5.2425075243901e-06,-2.4417088564389e-06,0.90002917084201,0.90002080431412,2.5,2.5,-5.0388607623806e-06,-0.00010000000000001
0.535,0,0.60264769154394,0.60264769154394,0.99995761348325,0.99994111654199,0.99998073622945,0.99997352544698,8.9222950252436e-07,1.5779596483285e-21,5.5597883174374e-06,3.2520483242807e-06,0.0099969751031209,-1.9718467860153e-07,1.9832533769156e-07,-4.8270996513508e-06,-5.2425838322729e-06,-2.4411415933945e-06,0.90002916973211,0.9000208113537,2.5,2.5,-5.0392389377338e-06,-9.9999999999995e-05
0.5375,0,0.60264769154394,0.60264769154394,0.99995760740896,0.99994111879909,0.99998073780727,0.99997352649768,8.7293031831781e-07,1.5772684872205e-21,5.5602599456129e-06,3.2521870431623e-06,0.0099969746208221,-1.9291951654503e-07,1.9403550281604e-07,-4.8276156324841e-06,-5.2426584895942e-06,-2.440586600433e-06,0.90002916864621,0.90002081824102,2.5,2.5,-5.039608933044e-06,-9.9999999999988e-05
0.54,0,0.60264769154394,0.60264769154394,0.99995760146605,0.99994112100738,0.99998073935096,0.99997352752566,8.5404858107016e-07,1.5765922761162e-21,5.5607213723344e-06,3.2523227615046e-06,0.0099969741489556,-1.8874661116152e-07,1.8983845832766e-07,-4.8281204527947e-06,-5.2427315320558e-06,-2.4400436121251e-06,0.90002916758381,0.90002082497936,2.5,2.5,-5.0399709252478e-06,-0.00010000000000002
0.5425,0,0.60264769154394,0.60264769154394,0.9999575956517,0.99994112316789,0.99998074086126,0.99997352853139,8.3557526129829e-07,1.5759306916444e-21,5.5611728182374e-06,3.2524555442102e-06,0.0099969736872957,-1.8466396696896e-07,1.8573219713314e-07,-4.8286143536965e-06,-5.2428029945876e-06,-2.4395123688247e-06,0.90002916654438,0.90002083157195,2.5,2.5,-5.0403250874547e-06,-9.9999999999992e-05
0.545,0,0.60264769154394,0.60264769154394,0.99995758996311,0.99994112528168,0.99998074233889,0.99997352951538,8.1750152482382e-07,1.5752834174456e-21,5.5616144992372e-06,3.2525854547997e-06,0.0099969732356216,-1.8066963148475e-07,1.8171475556148e-07,-4.8290975713773e-06,-5.2428729113624e-06,-2.4389926164568e-06,0.90002916552744,0.90002083802194,2.5,2.5,-5.0406715890297e-06,-9.9999999999997e-05
0.5475,0,0.60264769154394,0.60264769154394,0.99995758439756,0.99994112734974,0.99998074378455,0.99997353047808,7.9981872853981e-07,1.5746501439771e-21,5.5620466265602e-06,3.2527125553868e-06,0.0099969727937174,-1.7676169471335e-07,1.777842124367e-07,-4.8295703369196e-06,-5.2429413158202e-06,-2.4384841064885e-06,0.9000291645325,0.90002084433242,2.5,2.5,-5.0410105956748e-06,-9.9999999999996e-05
0.55,0,0.60264769154394,0.60264769154394,0.9999575789524,0.99994112937307,0.99998074519895,0.99997353141996,7.825184162918e-07,1.5740305683947e-21,5.5624694068265e-06,3.2528369067386e-06,0.0099969723613716,-1.7293828773323e-07,1.7393868809757e-07,-4.8300328764042e-06,-5.2430082406668e-06,-2.4379865957424e-06,0.90002916355907,0.90002085050639,2.5,2.5,-5.0413422695071e-06,-0.0001
0.5525,0,0.60264769154394,0.60264769154394,0.99995757362503,0.99994113135264,0.99998074658276,0.99997353234146,7.6559231483724e-07,1.5734243944132e-21,5.5628830422518e-06,3.2529585683609e-06,0.0099969719383777,-1.6919758213835e-07,1.7017634357625e-07,-4.8304854110245e-06,-5.2430737179103e-06,-2.4374998462865e-06,0.9000291626067,0.90002085654683,2.5,2.5,-5.0416667691379e-06,-0.0001
0.555,0,0.60264769154394,0.60264769154394,0.99995756841288,0.99994113328938,0.99998074793663,0.99997353324303,7.4903232989214e-07,1.5728313321671e-21,5.5632877306275e-06,3.2530775983881e-06,0.0099969715245332,-1.6553778914202e-07,1.664953796559e-07,-4.8309281571895e-06,-5.2431377788625e-06,-2.4370236253753e-06,0.90002916167494,0.9000208624566,2.5,2.5,-5.0419842497472e-06,-0.0001
0.5575,0,0.60264769154394,0.60264769154394,0.99995756331347,0.99994113518424,0.99998074926122,0.9999735341251,7.3283054225593e-07,1.5722510980196e-21,5.5636836654377e-06,3.2531940537571e-06,0.0099969711196403,-1.6195715850482e-07,1.6289403605003e-07,-4.8313613266274e-06,-5.243200454158e-06,-2.4365577052638e-06,0.90002916076332,0.90002086823855,2.5,2.5,-5.0422948631581e-06,-0.00010000000000001
0.56,0,0.60264769154394,0.60264769154394,0.99995755832437,0.99994113703811,0.99998075055715,0.99997353498809,7.1697920400835e-07,1.5716834145004e-21,5.5640710360868e-06,3.2533079901719e-06,0.0099969707235054,-1.5845397797474e-07,1.5937059057693e-07,-4.8317851264836e-06,-5.2432617737662e-06,-2.4361018631399e-06,0.90002915987143,0.90002087389543,2.5,2.5,-5.0425987579107e-06,-9.9999999999987e-05
0.5625,0,0.60264769154394,0.60264769154394,0.99995755344318,0.99994113885187,0.99998075182506,0.99997353583242,7.0147073484109e-07,1.5711280101459e-21,5.5644500278126e-06,3.2534194621071e-06,0.0099969703359389,-1.5502657217251e-07,1.5592335822763e-07,-4.8321997594227e-06,-5.2433217670144e-06,-2.4356558810003e-06,0.90002915899882,0.90002087942995,2.5,2.5,-5.0428960793309e-06,-0.0001
0.565,0,0.60264769154394,0.60264769154394,0.99995754866757,0.99994114062641,0.99998075306554,0.99997353665848,6.8629771834181e-07,1.5705846193482e-21,5.564820821825e-06,3.2535285228726e-06,0.0099969699567557,-1.5167330227553e-07,1.5255069055854e-07,-4.832605423731e-06,-5.2433804625907e-06,-2.435219545597e-06,0.90002915814509,0.90002088484476,2.5,2.5,-5.0431869696023e-06,-0.00010000000000001
0.5675,0,0.60264769154394,0.60264769154394,0.99995754399526,0.99994114236256,0.99998075427918,0.99997353746667,6.7145289864719e-07,1.5700529822477e-21,5.5651835954466e-06,3.2536352246137e-06,0.0099969695857743,-1.4839256454704e-07,1.4925097465026e-07,-4.8330023134036e-06,-5.2434378885676e-06,-2.4347926482541e-06,0.90002915730983,0.90002089014244,2.5,2.5,-5.0434715678323e-06,-9.9999999999997e-05
0.57,0,0.60264769154394,0.60264769154394,0.99995753942402,0.99994114406116,0.99998075546658,0.99997353825739,6.5692917671266e-07,1.5695328446223e-21,5.5655385221696e-06,3.2537396183661e-06,0.0099969692228173,-1.4518279007676e-07,1.4602263255158e-07,-4.8333906182385e-06,-5.2434940723999e-06,-2.434374984818e-06,0.90002915649264,0.90002089532553,2.5,2.5,-5.0437500101196e-06,-0.0001
0.5725,0,0.60264769154394,0.60264769154394,0.99995753495165,0.99994114572302,0.99998075662829,0.99997353903099,6.4271960713233e-07,1.5690239577239e-21,5.5658857717224e-06,3.2538417540611e-06,0.0099969688677112,-1.4204244402222e-07,1.4286412044606e-07,-4.833770523925e-06,-5.2435490409624e-06,-2.4339663555705e-06,0.90002915569312,0.90002090039652,2.5,2.5,-5.044022429619e-06,-9.9999999999993e-05
0.575,0,0.60264769154394,0.60264769154394,0.99995753057602,0.99994114734893,0.99998075776488,0.99997353978787,6.2881739467733e-07,1.5685260781817e-21,5.5662255101642e-06,3.2539416805316e-06,0.0099969685202861,-1.3897002459116e-07,1.3977392789261e-07,-4.8341422121396e-06,-5.2436028205397e-06,-2.4335665650936e-06,0.90002915491089,0.90002090535781,2.5,2.5,-5.0442889566055e-06,-9.9999999999991e-05
0.5775,0,0.60264769154394,0.60264769154394,0.99995752629503,0.99994114893967,0.99998075887688,0.99997354052837,6.1521589112552e-07,1.5680389679387e-21,5.5665578999825e-06,3.2540394455662e-06,0.009996968180376,-1.3596406241156e-07,1.3675057707391e-07,-4.8345058606326e-06,-5.2436554368461e-06,-2.4331754221942e-06,0.90002915414558,0.90002091021179,2.5,2.5,-5.0445497185353e-06,-0.00010000000000001
0.58,0,0.60264769154394,0.60264769154394,0.99995752210665,0.999941150496,0.99998075996482,0.99997354125286,6.0190859205995e-07,1.5675623940267e-21,5.5668831001e-06,3.2541350958866e-06,0.0099969678478182,-1.3302312012778e-07,1.3379262223547e-07,-4.8348616432979e-06,-5.2437069150464e-06,-2.432792739839e-06,0.90002915339683,0.90002091496078,2.5,2.5,-5.0448048401087e-06,-0.0001
0.5825,0,0.60264769154394,0.60264769154394,0.99995751800886,0.99994115201867,0.99998076102924,0.99997354196167,5.8888913375667e-07,1.5670961285435e-21,5.5672012660505e-06,3.2542286772845e-06,0.0099969675224537,-1.3014579123621e-07,1.3089864880609e-07,-4.8352097302845e-06,-5.2437572797611e-06,-2.4324183350079e-06,0.90002915266428,0.90002091960705,2.5,2.5,-5.0450544433279e-06,-0.0001
0.585,0,0.60264769154394,0.60264769154394,0.99995751399971,0.99994115350841,0.99998076207063,0.99997354265516,5.7615129013433e-07,1.5666399485163e-21,5.5675125499749e-06,3.2543202344922e-06,0.0099969672041269,-1.2733069984601e-07,1.2806727286849e-07,-4.8355502880466e-06,-5.243806555071e-06,-2.432052028665e-06,0.90002915194757,0.90002092415281,2.5,2.5,-5.0452986475567e-06,-0.0001
0.5875,0,0.60264769154394,0.60264769154394,0.99995751007727,0.99994115496592,0.99998076308949,0.99997354333364,5.6368896977342e-07,1.5661936358035e-21,5.5678171007191e-06,3.2544098113033e-06,0.0099969668926857,-1.2457649967844e-07,1.2529714043636e-07,-4.8358834794459e-06,-5.2438547645391e-06,-2.43169364563e-06,0.90002915124636,0.90002092860025,2.5,2.5,-5.045537569577e-06,-0.0001
0.59,0,0.60264769154394,0.60264769154394,0.99995750623968,0.9999411563919,0.99998076408632,0.99997354399745,5.5149621302574e-07,1.5657569769667e-21,5.5681150639657e-06,3.2544974505063e-06,0.009996966587981,-1.2188187372353e-07,1.2258692676719e-07,-4.8362094638199e-06,-5.2439019312264e-06,-2.4313430145379e-06,0.90002915056032,0.90002093295149,2.5,2.5,-5.0457713236443e-06,-9.9999999999978e-05
0.5925,0,0.60264769154394,0.60264769154394,0.9999575024851,0.99994115778704,0.99998076506158,0.9999735446469,5.3956718920184e-07,1.5653297631779e-21,5.5684065821632e-06,3.2545831940812e-06,0.0099969662898672,-1.1924553320373e-07,1.1993533579762e-07,-4.8365283970529e-06,-5.2439480776821e-06,-2.4309999676836e-06,0.90002914988911,0.90002093720861,2.5,2.5,-5.0460000215431e-06,-0.00010000000000001
0.595,0,0.60264769154394,0.60264769154394,0.99995749881173,0.99994115915201,0.99998076601575,0.9999735452823,5.2789619360206e-07,1.5649117901494e-21,5.5686917947633e-06,3.25466708299e-06,0.0099969659982016,-1.1666621758328e-07,1.1734109952618e-07,-4.8368404316686e-06,-5.2439932259765e-06,-2.4306643410399e-06,0.90002914923243,0.90002094137365,2.5,2.5,-5.0462237726398e-06,-0.00010000000000002
0.5975,0,0.60264769154394,0.60264769154394,0.99995749521782,0.99994116048744,0.99998076694928,0.99997354590396,5.1647764504965e-07,1.5645028580018e-21,5.5689708380998e-06,3.2547491573332e-06,0.0099969657128449,-1.1414269331866e-07,1.1480297734308e-07,-4.8371457168853e-06,-5.2440373977025e-06,-2.4303359741006e-06,0.90002914858995,0.9000209454486,2.5,2.5,-5.0464426839347e-06,-9.999999999999e-05
0.6,0,0.60264769154394,0.60264769154394,0.99995749170164,0.999941161794,0.99998076786262,0.99997354651217,5.0530608303853e-07,1.56410277118e-21,5.5692438456737e-06,3.2548294564005e-06,0.0099969654336605,-1.1167375355e-07,1.123197554666e-07,-4.8374443986929e-06,-5.2440806139786e-06,-2.4300147098268e-06,0.90002914796137,0.90002094943541,2.5,2.5,-5.0466568601145e-06,-0.0001
0.6025,0,0.60264769154394,0.60264769154394,0.99995748826152,0.99994116307229,0.99998076875621,0.99997354710722,4.9437616516666e-07,1.5637113383488e-21,5.569510947999e-06,3.2549080185752e-06,0.009996965160515,-1.0925821771407e-07,1.0989024642107e-07,-4.8377366199272e-06,-5.2441228954725e-06,-2.4297003945989e-06,0.90002914734638,0.90002095333598,2.5,2.5,-5.0468664036014e-06,-9.9999999999998e-05
0.605,0,0.60264769154394,0.60264769154394,0.99995748489582,0.99994116432293,0.99998076963046,0.99997354768941,4.8368266458409e-07,1.5633283723144e-21,5.5697722728391e-06,3.254984881436e-06,0.0099969648932776,-1.068949306371e-07,1.0751328835717e-07,-4.8380225203307e-06,-5.2441642624111e-06,-2.4293928780991e-06,0.9000291467447,0.90002095715217,2.5,2.5,-5.0470714146013e-06,-0.00010000000000001
0.6075,0,0.60264769154394,0.60264769154394,0.99995748160291,0.99994116554652,0.9999807704858,0.999973548259,4.732204675606e-07,1.5629536899753e-21,5.5700279451182e-06,3.2550600817103e-06,0.0099969646318207,-1.0458276211038e-07,1.0518774459485e-07,-4.8383022366236e-06,-5.2442047345655e-06,-2.4290920132696e-06,0.90002914615603,0.90002096088583,2.5,2.5,-5.0472719911536e-06,-9.9999999999988e-05
0.61,0,0.60264769154394,0.60264769154394,0.99995747838123,0.99994116674364,0.99998077132265,0.99997354881627,4.6298457090469e-07,1.5625871120928e-21,5.570278087151e-06,3.2551336553921e-06,0.0099969643760192,-1.0232060646017e-07,1.0291250300036e-07,-4.8385759025727e-06,-5.244244331298e-06,-2.4287976562317e-06,0.9000291455801,0.90002096453872,2.5,2.5,-5.0474682291766e-06,-0.0001
0.6125,0,0.60264769154394,0.60264769154394,0.99995747522923,0.99994116791487,0.99998077214139,0.99997354936149,4.5297007969057e-07,1.5622284634193e-21,5.5705228185313e-06,3.2552056376629e-06,0.0099969641257508,-1.0010738195477e-07,1.0068647557337e-07,-4.8388436490469e-06,-5.2442830715411e-06,-2.4285096662315e-06,0.90002914501662,0.9000209681126,2.5,2.5,-5.0476602225141e-06,-0.0001
0.615,0,0.60264769154394,0.60264769154394,0.99995747214541,0.99994116906076,0.99998077294242,0.99997354989491,4.431722048197e-07,1.5618775724028e-21,5.5707622562999e-06,3.2552760629282e-06,0.0099969638808957,-9.7942030090508e-08,9.850859776697e-08,-4.8391056040885e-06,-5.2443209738203e-06,-2.4282279055308e-06,0.90002914446533,0.90002097160918,2.5,2.5,-5.0478480629797e-06,-9.9999999999994e-05
0.6175,0,0.60264769154394,0.60264769154394,0.9999574691283,0.99994117018187,0.99998077372612,0.9999735504168,4.335862608301e-07,1.5615342712696e-21,5.5709965149695e-06,3.2553449648691e-06,0.0099969636413369,-9.5823515440708e-08,9.637782807997e-08,-4.839361892963e-06,-5.2443580562639e-06,-2.4279522393977e-06,0.90002914392596,0.90002097503013,2.5,2.5,-5.0480318404012e-06,-9.9999999999997e-05
0.62,0,0.60264769154394,0.60264769154394,0.99995746617645,0.99994117127873,0.99998077449288,0.99997355092739,4.2420766362896e-07,1.5611983958495e-21,5.5712257065445e-06,3.2554123764583e-06,0.0099969634069598,-9.3750824830748e-08,9.4293147544124e-08,-4.8396126382385e-06,-5.2443943366012e-06,-2.4276825360064e-06,0.90002914339826,0.90002097837707,2.5,2.5,-5.0482116426633e-06,-0.00010000000000002
0.6225,0,0.60264769154394,0.60264769154394,0.99995746328845,0.99994117235186,0.99998077524304,0.99997355142695,4.1503192819832e-07,1.5608697854886e-21,5.571449940662e-06,3.2554783299075e-06,0.0099969631776524,-9.172296717096e-08,9.225355927444e-08,-4.839857959817e-06,-5.2444298321875e-06,-2.4274186663745e-06,0.90002914288198,0.90002098165163,2.5,2.5,-5.0483875557503e-06,-9.9999999999996e-05
0.625,0,0.60264769154394,0.60264769154394,0.99995746046291,0.99994117340179,0.99998077597699,0.99997355191569,4.0605466661872e-07,1.5605482830818e-21,5.5716693245104e-06,3.2555428567396e-06,0.009996962953305,-8.9738972660847e-08,9.0258087909025e-08,-4.8400979750214e-06,-5.2444645599912e-06,-2.4271605043167e-06,0.90002914237686,0.90002098485535,2.5,2.5,-5.048559663786e-06,-0.0001
0.6275,0,0.60264769154394,0.60264769154394,0.9999574576985,0.999941174429,0.99998077669505,0.99997355239387,3.9727158580808e-07,1.5602337348783e-21,5.5718839630398e-06,3.2556059878652e-06,0.0099969627338103,-8.7797892535741e-08,8.8305779152062e-08,-4.8403327986252e-06,-5.2444985366243e-06,-2.4269079263899e-06,0.90002914188267,0.90002098798978,2.5,2.5,-5.0487280490746e-06,-9.9999999999981e-05
0.63,0,0.60264769154394,0.60264769154394,0.99995745499387,0.99994117543399,0.99998077739759,0.9999735528617,3.8867848559042e-07,1.5599259904252e-21,5.572093958851e-06,3.2556677534287e-06,0.0099969625190633,-8.5898798526848e-08,8.6395699426183e-08,-4.8405625429245e-06,-5.2445317783318e-06,-2.4266608117855e-06,0.90002914139917,0.90002099105641,2.5,2.5,-5.0488927921406e-06,-0.00010000000000002
0.6325,0,0.60264769154394,0.60264769154394,0.99995745234775,0.99994117641724,0.99998077808492,0.99997355331941,3.8027125666699e-07,1.5596249025771e-21,5.5722994124101e-06,3.255728183018e-06,0.0099969623089613,-8.4040782460898e-08,8.4526935239076e-08,-4.8407873177903e-06,-5.2445643010111e-06,-2.4264190423531e-06,0.90002914092613,0.9000209940567,2.5,2.5,-5.0490539717657e-06,-9.9999999999999e-05
0.635,0,0.60264769154394,0.60264769154394,0.99995744975887,0.99994117737923,0.9999807787574,0.99997355376723,3.7204587851777e-07,1.5593303273486e-21,5.5725004219239e-06,3.2557873054822e-06,0.0099969621034039,-8.2222955847113e-08,8.2698593000755e-08,-4.8410072307088e-06,-5.2445961202163e-06,-2.4261825024593e-06,0.90002914046332,0.9000209969921,2.5,2.5,-5.0492116650286e-06,-0.0001
0.6375,0,0.60264769154394,0.60264769154394,0.99995744722599,0.99994117832041,0.99998077941532,0.99997355420535,3.6399841772505e-07,1.5590421238707e-21,5.5726970835529e-06,3.2558451490951e-06,0.0099969619022928,-8.0444449326037e-08,8.0909798309308e-08,-4.8412223868481e-06,-5.244627251163e-06,-2.4259510789915e-06,0.90002914001051,0.900020999864,2.5,2.5,-5.0493659473403e-06,-9.9999999999995e-05
0.64,0,0.60264769154394,0.60264769154394,0.99995744474789,0.99994117924123,0.99998078005902,0.999973554634,3.5612502583106e-07,1.5587601543184e-21,5.5728894913475e-06,3.2559017415278e-06,0.0099969617055318,-7.8704412458407e-08,7.9159695824205e-08,-4.8414328890972e-06,-5.244657708737e-06,-2.425724661274e-06,0.90002913956751,0.90002100267379,2.5,2.5,-5.0495168924807e-06,-9.999999999999e-05
0.6425,0,0.60264769154394,0.60264769154394,0.99995744232339,0.99994118014213,0.99998078068879,0.99997355505338,3.4842193772577e-07,1.5584842838515e-21,5.5730777372889e-06,3.2559571098822e-06,0.0099969615130267,-7.7002013103881e-08,7.7447448515843e-08,-4.8416388381203e-06,-5.2446875075048e-06,-2.4255031410532e-06,0.90002913913408,0.9000210054228,2.5,2.5,-5.0496645726337e-06,-0.00010000000000001
0.645,0,0.60264769154394,0.60264769154394,0.99995743995134,0.99994118102354,0.99998078130493,0.99997355546369,3.4088546963287e-07,1.5582143805357e-21,5.5732619114343e-06,3.2560112805747e-06,0.0099969613246856,-7.5336437062636e-08,7.5772237616564e-08,-4.8418403324053e-06,-5.2447166617161e-06,-2.4252864123704e-06,0.90002913871004,0.90002100811234,2.5,2.5,-5.0498090584217e-06,-9.9999999999985e-05
0.6475,0,0.60264769154394,0.60264769154394,0.99995743763059,0.9999411818859,0.99998078190776,0.99997355586512,3.3351201756027e-07,1.557950315303e-21,5.5734421018426e-06,3.2560642795478e-06,0.0099969611404184,-7.3706887969514e-08,7.41332620274e-08,-4.8420374683104e-06,-5.2447451853149e-06,-2.4250743715868e-06,0.90002913829516,0.90002101074372,2.5,2.5,-5.0499504189403e-06,-0.00010000000000001
0.65,0,0.60264769154394,0.60264769154394,0.99995743536004,0.99994118272959,0.99998078249754,0.99997355625786,3.2629805540372e-07,1.5576919619024e-21,5.5736183946582e-06,3.2561161321448e-06,0.009996960960137,-7.2112586497285e-08,7.2529737946395e-08,-4.8422303401095e-06,-5.2447730919389e-06,-2.4248669173138e-06,0.90002913788926,0.90002101331817,2.5,2.5,-5.0500887217894e-06,-0.00010000000000001
0.6525,0,0.60264769154394,0.60264769154394,0.99995743313861,0.99994118355504,0.99998078307456,0.99997355664212,3.1924013334869e-07,1.557439196737e-21,5.573790874212e-06,3.2561668631458e-06,0.009996960783755,-7.0552770251629e-08,7.0960898596069e-08,-4.8424190400349e-06,-5.244800394935e-06,-2.4246639503395e-06,0.90002913749213,0.90002101583694,2.5,2.5,-5.0502240331078e-06,-9.9999999999996e-05
0.655,0,0.60264769154394,0.60264769154394,0.99995743096523,0.99994118436263,0.99998078363911,0.99997355701806,3.1233487621745e-07,1.5571918989625e-21,5.5739596230038e-06,3.2562164968196e-06,0.0099969606111883,-6.9026693279074e-08,6.9425993675637e-08,-4.8426036583255e-06,-5.2448271073591e-06,-2.4244653736017e-06,0.9000291371036,0.90002101830122,2.5,2.5,-5.0503564176027e-06,-9.9999999999991e-05
0.6575,0,0.60264769154394,0.60264769154394,0.99995742883885,0.99994118515276,0.99998078419144,0.99997355738587,3.055789817827e-07,1.5569499503057e-21,5.5741247216926e-06,3.2562650569106e-06,0.0099969604423542,-6.753362574132e-08,6.792428919381e-08,-4.8427842832696e-06,-5.2448532419872e-06,-2.4242710921183e-06,0.90002913672347,0.9000210207122,2.5,2.5,-5.0504859385827e-06,-0.0001
0.66,0,0.60264769154394,0.60264769154394,0.99995742675847,0.99994118592579,0.99998078473182,0.99997355774572,2.989692193325e-07,1.5567132350867e-21,5.5742862492509e-06,3.2563125666435e-06,0.0099969602771721,-6.607285377331e-08,6.6455067008638e-08,-4.842961001243e-06,-5.2448788113138e-06,-2.4240810130239e-06,0.90002913635156,0.90002102307104,2.5,2.5,-5.050612657986e-06,-0.0001
0.6625,0,0.60264769154394,0.60264769154394,0.99995742472309,0.99994118668211,0.99998078526052,0.99997355809779,2.9250242797781e-07,1.5564816400741e-21,5.5744442829281e-06,3.2563590487034e-06,0.0099969601155629,-6.4643678629903e-08,6.5017624529276e-08,-4.8431338967554e-06,-5.2449038275689e-06,-2.423895045379e-06,0.9000291359877,0.90002102537885,2.5,2.5,-5.0507366364115e-06,-9.9999999999992e-05
0.665,0,0.60264769154394,0.60264769154394,0.99995742273174,0.99994118742206,0.99998078577778,0.99997355844225,2.8617551519152e-07,1.5562550545276e-21,5.5745988982749e-06,3.2564045253386e-06,0.0099969599574494,-6.3245417078229e-08,6.361127438339e-08,-4.8433030524878e-06,-5.2449283027149e-06,-2.4237131002809e-06,0.90002913563171,0.90002102763674,2.5,2.5,-5.0508579331478e-06,-0.00010000000000001
0.6675,0,0.60264769154394,0.60264769154394,0.99995742078346,0.99994118814601,0.99998078628385,0.99997355877925,2.7998545535599e-07,1.5560333700929e-21,5.5747501692554e-06,3.2564490183192e-06,0.0099969598027559,-6.1877400231778e-08,6.2235343956643e-08,-4.8434685493303e-06,-5.2449522484574e-06,-2.4235350906994e-06,0.90002913528342,0.90002102984579,2.5,2.5,-5.0509766062001e-06,-0.0001
0.67,0,0.60264769154394,0.60264769154394,0.99995741887732,0.9999411888543,0.99998078677898,0.99997355910897,2.739292883488e-07,1.5558164807661e-21,5.5748981682113e-06,3.2564925488978e-06,0.0099969596514084,-6.0538974043279e-08,6.0889175340069e-08,-4.8436304664304e-06,-5.2449756762449e-06,-2.4233609315181e-06,0.90002913494266,0.90002103200706,2.5,2.5,-5.0510927123198e-06,-9.9999999999995e-05
0.6725,0,0.60264769154394,0.60264769154394,0.99995741701241,0.99994118954727,0.9999807872634,0.99997355943155,2.6800411799115e-07,1.5556042828108e-21,5.5750429658848e-06,3.2565351378947e-06,0.0099969595033347,-5.9229498387037e-08,5.9572124706581e-08,-4.8437888812152e-06,-5.2449985972854e-06,-2.4231905394596e-06,0.90002913460927,0.90002103412158,2.5,2.5,-5.0512063070302e-06,-9.9999999999988e-05
0.675,0,0.60264769154394,0.60264769154394,0.99995741518784,0.99994119022525,0.99998078773733,0.99997355974715,2.6220711081226e-07,1.5553966747571e-21,5.5751846315545e-06,3.2565768056806e-06,0.0099969593584638,-5.7948347075114e-08,5.8283562301401e-08,-4.8439438694434e-06,-5.2450210225332e-06,-2.4230238330186e-06,0.9000291342831,0.90002103619037,2.5,2.5,-5.0513174446542e-06,-0.00010000000000002
0.6775,0,0.60264769154394,0.60264769154394,0.99995741340274,0.99994119088856,0.99998078820102,0.99997356005593,2.5653549456952e-07,1.5551935573342e-21,5.5753232329535e-06,3.2566175721798e-06,0.0099969592167265,-5.6694907372197e-08,5.7022871830488e-08,-4.8440955052288e-06,-5.245042962717e-06,-2.4228607324843e-06,0.90002913396398,0.9000210382144,2.5,2.5,-5.0514261783384e-06,-9.9999999999996e-05
0.68,0,0.60264769154394,0.60264769154394,0.99995741165625,0.99994119153753,0.99998078865468,0.99997356035803,2.5098655703352e-07,1.554994833402e-21,5.5754588363574e-06,3.2566574569086e-06,0.0099969590780551,-5.5468580084265e-08,5.5789450521036e-08,-4.8442438610888e-06,-5.2450644283306e-06,-2.42270115988e-06,0.90002913365176,0.90002104019466,2.5,2.5,-5.0515325600818e-06,-9.9999999999996e-05
0.6825,0,0.60264769154394,0.60264769154394,0.99995740994753,0.99994119217246,0.99998078909852,0.9999735606536,2.4555764464118e-07,1.554800407909e-21,5.5755915066286e-06,3.2566964788934e-06,0.0099969589423831,-5.4268778509434e-08,5.4582708431134e-08,-4.8443890079696e-06,-5.2450854296371e-06,-2.4225450388738e-06,0.90002913334629,0.90002104213208,2.5,2.5,-5.051636640757e-06,-0.0001
0.685,0,0.60264769154394,0.60264769154394,0.99995740827578,0.99994119279365,0.99998078953277,0.99997356094277,2.402461612069e-07,1.554610187915e-21,5.575721307195e-06,3.2567346568189e-06,0.0099969588096458,-5.3094928952455e-08,5.3402068529742e-08,-4.8445310152795e-06,-5.2451059766769e-06,-2.4223922947886e-06,0.90002913304744,0.90002104402759,2.5,2.5,-5.0517384701368e-06,-0.0001
0.6875,0,0.60264769154394,0.60264769154394,0.99995740664018,0.99994119340141,0.99998078995762,0.99997356122569,2.3504956670438e-07,1.5544240824318e-21,5.5758483001578e-06,3.2567720089647e-06,0.0099969586797796,-5.1946470236566e-08,5.2246966233528e-08,-4.8446699509302e-06,-5.2451260792796e-06,-2.4222428546274e-06,0.90002913275504,0.90002104588211,2.5,2.5,-5.0518380969173e-06,-9.9999999999996e-05
0.69,0,0.60264769154394,0.60264769154394,0.99995740503997,0.99994119399603,0.99998079037328,0.99997356150248,2.2996537606449e-07,1.5542420024565e-21,5.5759725462153e-06,3.2568085531558e-06,0.0099969585527225,-5.0822852910383e-08,5.1116849128701e-08,-4.8448058813627e-06,-5.2451457470569e-06,-2.4220966468872e-06,0.90002913246898,0.90002104769651,2.5,2.5,-5.0519355687418e-06,-9.9999999999998e-05
0.6925,0,0.60264769154394,0.60264769154394,0.99995740347436,0.99994119457778,0.99998079077995,0.99997356177329,2.2499115795088e-07,1.5540638609202e-21,5.5760941047831e-06,3.2568443069056e-06,0.0099969584284137,-4.9723539798298e-08,5.0011176781994e-08,-4.8449388715792e-06,-5.2451649894136e-06,-2.4219536016664e-06,0.9000291321891,0.90002104947166,2.5,2.5,-5.0520309322221e-06,-9.9999999999998e-05
0.695,0,0.60264769154394,0.60264769154394,0.99995740194263,0.99994119514695,0.99998079117782,0.99997356203825,2.2012453360844e-07,1.5538895726465e-21,5.5762130340124e-06,3.2568792872595e-06,0.0099969583067936,-4.8648005103339e-08,4.8929420429342e-08,-4.8450689851817e-06,-5.2451838155524e-06,-2.4218136505481e-06,0.90002913191527,0.90002105120842,2.5,2.5,-5.0521242329626e-06,-0.00010000000000001
0.6975,0,0.60264769154394,0.60264769154394,0.99995740044402,0.9999411957038,0.99998079156709,0.99997356229747,2.1536317579554e-07,1.5537190542765e-21,5.576329390765e-06,3.2569135110016e-06,0.0099969581878043,-4.75957346261e-08,4.787106281726e-08,-4.8451962843864e-06,-5.245202234478e-06,-2.4216767266379e-06,0.90002913164736,0.90002105290761,2.5,2.5,-5.0522155155809e-06,-9.9999999999992e-05
0.7,0,0.60264769154394,0.60264769154394,0.99995739897783,0.99994119624862,0.99998079194794,0.99997356255108,2.1070480751591e-07,1.5535522242676e-21,5.5764432307062e-06,3.2569469944766e-06,0.0099969580713888,-4.6566225001124e-08,4.683559778139e-08,-4.8453208300713e-06,-5.2452202549962e-06,-2.4215427644098e-06,0.90002913138526,0.90002105457004,2.5,2.5,-5.0523048237296e-06,-0.00010000000000001
0.7025,0,0.60264769154394,0.60264769154394,0.99995739754335,0.99994119678164,0.99998079232055,0.99997356279921,2.0614720108946e-07,1.5533890028366e-21,5.5765546082159e-06,3.2569797536902e-06,0.0099969579574913,-4.555898393562e-08,4.5822530132897e-08,-4.8454426817987e-06,-5.2452378857238e-06,-2.4214116998231e-06,0.90002913112882,0.90002105619652,2.5,2.5,-5.0523922001169e-06,-0.0001
0.705,0,0.60264769154394,0.60264769154394,0.9999573961399,0.99994119730314,0.9999807926851,0.99997356304197,2.016881770544e-07,1.5532293119479e-21,5.5766635766322e-06,3.2570118042972e-06,0.0099969578460575,-4.4573529875645e-08,4.4831375469755e-08,-4.8455618978368e-06,-5.2452551350949e-06,-2.4212834702039e-06,0.90002913087792,0.90002105778782,2.5,2.5,-5.0524776865274e-06,-9.9999999999992e-05
0.7075,0,0.60264769154394,0.60264769154394,0.99995739476681,0.99994119781336,0.99998079304176,0.99997356327948,1.973256029876e-07,1.5530730752119e-21,5.5767701880116e-06,3.2570431616466e-06,0.009996957737034,-4.3609391406815e-08,4.3861659724551e-08,-4.8456785351982e-06,-5.2452720113568e-06,-2.4211580142372e-06,0.90002913063246,0.90002105934469,2.5,2.5,-5.052561323842e-06,-0.00010000000000001
0.71,0,0.60264769154394,0.60264769154394,0.99995739342342,0.99994119831254,0.99998079339071,0.99997356351186,1.9305739267228e-07,1.5529202179174e-21,5.5768744933735e-06,3.2570738407462e-06,0.0099969576303687,-4.2666107576039e-08,4.2912919246415e-08,-4.845792649658e-06,-5.2452885225804e-06,-2.4210352719146e-06,0.9000291303923,0.90002106086789,2.5,2.5,-5.0526431520571e-06,-0.00010000000000001
0.7125,0,0.60264769154394,0.60264769154394,0.99995739210909,0.99994119880092,0.99998079373212,0.9999735637392,1.8888150500435e-07,1.5527706669715e-21,5.576976542561e-06,3.2571038562271e-06,0.0099969575260107,-4.1743227189498e-08,4.1984700281711e-08,-4.8459042957899e-06,-5.2453046766605e-06,-2.4209151845416e-06,0.90002913015734,0.90002106235815,2.5,2.5,-5.052723210304e-06,-9.9999999999981e-05
0.715,0,0.60264769154394,0.60264769154394,0.99995739082318,0.99994119927874,0.99998079406613,0.99997356396163,1.8479594297125e-07,1.5526243508626e-21,5.5770763844121e-06,3.2571332224719e-06,0.0099969574239099,-4.0840309079994e-08,4.1076559005137e-08,-4.8460135269829e-06,-5.2453204813247e-06,-2.4207976946992e-06,0.90002912992746,0.90002106381617,2.5,2.5,-5.0528015368679e-06,-0.0001
0.7175,0,0.60264769154394,0.60264769154394,0.9999573895651,0.99994119974623,0.99998079439293,0.99997356417925,1.8079875286084e-07,1.5524811996103e-21,5.5771740666488e-06,3.2571619535209e-06,0.0099969573240176,-3.9956921256237e-08,4.0188061040438e-08,-4.8461203954731e-06,-5.2453359441293e-06,-2.4206827461966e-06,0.90002912970255,0.90002106524265,2.5,2.5,-5.0528781692052e-06,-0.00010000000000001
0.72,0,0.60264769154394,0.60264769154394,0.99995738833422,0.9999412002036,0.99998079471265,0.99997356439216,1.7688802313152e-07,1.5523411447596e-21,5.5772696359747e-06,3.257190063087e-06,0.009996957226286,-3.9092641390756e-08,3.931878157962e-08,-4.8462249523667e-06,-5.2453510724689e-06,-2.4205702840479e-06,0.90002912948251,0.90002106663827,2.5,2.5,-5.0529531439628e-06,-9.9999999999981e-05
0.7225,0,0.60264769154394,0.60264769154394,0.99995738712997,0.99994120065108,0.99998079502546,0.99997356460047,1.7306188364369e-07,1.5522041193302e-21,5.5773631381406e-06,3.2572175646674e-06,0.0099969571306683,-3.8247056224529e-08,3.8468304874111e-08,-4.8463272476645e-06,-5.2453658735776e-06,-2.4204602545136e-06,0.90002912926723,0.90002106800371,2.5,2.5,-5.0530264969948e-06,-0.00010000000000001
0.725,0,0.60264769154394,0.60264769154394,0.99995738595176,0.99994120108888,0.9999807953315,0.99997356480427,1.6931850464971e-07,1.5520700578078e-21,5.5774546177977e-06,3.2572444713598e-06,0.0099969570371189,-3.7419761147973e-08,3.7636224198522e-08,-4.8464273302856e-06,-5.2453803545343e-06,-2.4203526049261e-06,0.9000291290566,0.90002106933962,2.5,2.5,-5.0530982633788e-06,-0.0001
0.7275,0,0.60264769154394,0.60264769154394,0.99995738479904,0.99994120151721,0.99998079563092,0.99997356500366,1.6565609602492e-07,1.5519388960799e-21,5.577544118727e-06,3.2572707960613e-06,0.009996956945593,-3.6610360901533e-08,3.6822141730833e-08,-4.846525248091e-06,-5.2453945222635e-06,-2.4202472838495e-06,0.90002912885053,0.90002107064662,2.5,2.5,-5.0531684774353e-06,-9.9999999999993e-05
0.73,0,0.60264769154394,0.60264769154394,0.99995738367126,0.99994120193628,0.99998079592387,0.99997356519874,1.6207290640003e-07,1.5518105714043e-21,5.5776316837197e-06,3.2572965513553e-06,0.0099969568560469,-3.5818468062606e-08,3.6025668042731e-08,-4.8466210479042e-06,-5.245408383541e-06,-2.4201442408866e-06,0.90002912864892,0.90002107192536,2.5,2.5,-5.0532371727413e-06,-0.0001
0.7325,0,0.60264769154394,0.60264769154394,0.99995738256787,0.99994120234628,0.99998079621048,0.9999735653896,1.5856722218037e-07,1.551685022444e-21,5.5777173546772e-06,3.2573217495488e-06,0.0099969567684376,-3.5043704189285e-08,3.524642235868e-08,-4.8467147755406e-06,-5.2454219449942e-06,-2.4200434267816e-06,0.90002912845167,0.90002107317644,2.5,2.5,-5.0533043821476e-06,-9.9999999999997e-05
0.735,0,0.60264769154394,0.60264769154394,0.99995738148834,0.99994120274742,0.99998079649089,0.99997356557633,1.5513736693265e-07,1.551562189144e-21,5.5778011725346e-06,3.2573464026833e-06,0.0099969566827233,-3.4285698628371e-08,3.4484031970278e-08,-4.8468064758204e-06,-5.2454352131075e-06,-2.4199447933051e-06,0.90002912825868,0.90002107440045,2.5,2.5,-5.053370137795e-06,-0.00010000000000001
0.7375,0,0.60264769154394,0.60264769154394,0.99995738043217,0.99994120313987,0.99998079676523,0.99997356575902,1.5178170046486e-07,1.5514420127529e-21,5.5778831773843e-06,3.25737052258e-06,0.0099969565988631,-3.3544089010988e-08,3.3738132302425e-08,-4.8468961925961e-06,-5.2454481942331e-06,-2.4198482933096e-06,0.90002912806987,0.90002107559799,2.5,2.5,-5.0534344711286e-06,-9.999999999999e-05
0.74,0,0.60264769154394,0.60264769154394,0.99995737939884,0.99994120352384,0.99998079703364,0.99997356593776,1.4849861804033e-07,1.5513244358197e-21,5.5779634084622e-06,3.2573941207518e-06,0.0099969565168168,-3.2818520536812e-08,3.3008366655703e-08,-4.846983968772e-06,-5.2454608945674e-06,-2.4197538806311e-06,0.90002912788515,0.90002107676963,2.5,2.5,-5.0534974129134e-06,-0.0001
0.7425,0,0.60264769154394,0.60264769154394,0.99995737838786,0.9999412038995,0.99998079729625,0.99997356611264,1.4528654965236e-07,1.5512094021131e-21,5.5780419040994e-06,3.2574172084958e-06,0.0099969564365452,-3.2108646388815e-08,3.2294386074103e-08,-4.8470698463247e-06,-5.245473320192e-06,-2.4196615101231e-06,0.90002912770442,0.90002107791592,2.5,2.5,-5.053558993249e-06,-9.9999999999997e-05
0.745,0,0.60264769154394,0.60264769154394,0.99995737739875,0.99994120426704,0.99998079755317,0.99997356628373,1.4214395922978e-07,1.5510968566118e-21,5.578118701876e-06,3.2574397968395e-06,0.0099969563580099,-3.1414127040097e-08,3.159584909204e-08,-4.8471538663201e-06,-5.2454854770469e-06,-2.4195711376301e-06,0.90002912752759,0.90002107903742,2.5,2.5,-5.0536192415842e-06,-0.00010000000000002
0.7475,0,0.60264769154394,0.60264769154394,0.99995737643104,0.99994120462663,0.99998079780454,0.99997356645112,1.3906934394777e-07,1.5509867454949e-21,5.578193838474e-06,3.2574618965971e-06,0.0099969562811733,-3.0734630263538e-08,3.0912421653799e-08,-4.8472360689384e-06,-5.2454973709462e-06,-2.4194827199021e-06,0.9000291273546,0.90002108013466,2.5,2.5,-5.05367818673e-06,-9.9999999999988e-05
0.75,0,0.60264769154394,0.60264769154394,0.99995737548426,0.99994120497843,0.99998079805047,0.99997356661489,1.3606123350657e-07,1.550879016125e-21,5.5782673498431e-06,3.2574835183158e-06,0.0099969562059987,-3.0069831273959e-08,3.0243776973188e-08,-4.8473164934895e-06,-5.2455090075756e-06,-2.4193962146799e-06,0.90002912718534,0.90002108120817,2.5,2.5,-5.0537358568753e-06,-0.00010000000000001
