time,B_anisotropy,B_par,B_per,J_max,J_min,Jbar_max,Jbar_min,center_pressure,edge_ux,ln_h_max,ln_h_min,mass,mass_reaction,outflow_gradient,platen_max,platen_min,right_reaction,solid_fraction_max,solid_fraction_min,stability_max,stability_min,top_displacement,top_reaction
0,-0.037912063065438,0.57737298283364,0.61528504589908,1,1,1,1,0,0,-0,-0,0.01,0,0,0,0,0,0.9,0.9,2.5,2.5,0,0
0.00125,-0.037912063065438,0.57737298283364,0.61528504589908,0.99999652826067,0.99999122817784,0.99999657070467,0.9999960165386,1.0030513686345e-05,1.4305325510568e-22,-9.0139686862178e-09,-8.6822177477706e-07,0.0099999691831612,-2.4653471035667e-05,2.0317555947973e-05,-3.6299645929726e-07,-5.2680395036308e-07,-8.5517805934428e-07,0.90000430956248,0.89999977820744,2.5,2.5,-3.7690024750976e-07,-1.2499999999998e-05
0.0025,-0.037912063065438,0.57737298283364,0.61528504589908,0.99999307981108,0.99998256928723,0.99999311027923,0.9999921306762,2.0007730612516e-05,2.7281514715839e-22,-1.8337304519727e-07,-1.7380332817137e-06,0.0099999231920821,-3.679286330532e-05,3.2204576173775e-05,-7.3145472904637e-07,-1.0815473523608e-06,-1.6999782371798e-06,0.90000860540007,0.89999955808208,2.5,2.5,-7.6610829463817e-07,-2.5000000000003e-05
0.00375,-0.037912063065438,0.57737298283364,0.61528504589908,0.99998964873838,0.99997400444252,0.99998963651181,0.99998830615857,2.9945093629495e-05,3.9666100762112e-22,-4.6302206546452e-07,-2.6025677555913e-06,0.0099998658669558,-4.586010098476e-05,4.1191060425161e-05,-1.1039935328449e-06,-1.6490730650575e-06,-2.5370268969684e-06,0.90001287187906,0.89999933922045,2.5,2.5,-1.1645093674118e-06,-3.7499999999994e-05
0.005,-0.037912063065438,0.57737298283364,0.61528504589908,0.99998623201138,0.99996551079592,0.99998615790803,0.99998452478483,3.9849314685593e-05,5.1670958390203e-22,-8.1704618772234e-07,-3.4741047322211e-06,0.0099997991511779,-5.3372622348476e-05,4.8666992757475e-05,-1.4799158442866e-06,-2.2244301344218e-06,-3.3676531548133e-06,0.90001711318024,0.89999912145657,2.5,2.5,-1.570527181248e-06,-4.9999999999995e-05
0.00625,-0.037912063065438,0.57737298283364,0.61528504589908,0.99998282766025,0.99995707340297,0.99998267870175,0.9999807763655,4.9724421849495e-05,6.338264142723e-22,-1.2280059359871e-06,-4.3478282559888e-06,0.0099997242601887,-5.9912791391702e-05,5.5187908870713e-05,-1.8587894995063e-06,-2.8053765705595e-06,-4.1926882679005e-06,0.90002133358206,0.8999989047583,2.5,2.5,-1.9831758945781e-06,-6.2500000000013e-05
0.0075,-0.037912063065438,0.57737298283364,0.61528504589908,0.99997943418784,0.99994868240445,0.99997920116501,0.99997705457829,5.9572965120345e-05,7.484634852558e-22,-1.6850421172761e-06,-5.233576418851e-06,0.0099996420442787,-6.5772727975617e-05,6.1037105900483e-05,-2.2403181830907e-06,-3.390682064759e-06,-5.0127137622132e-06,0.90002553626692,0.89999868921703,2.5,2.5,-2.4017658382145e-06,-7.5000000000001e-05
0.00875,-0.037912063065438,0.57737298283364,0.61528504589908,0.99997605030334,0.9999403309641,0.99997572659157,0.99997335518116,6.9396482758039e-05,8.6090026475725e-22,-2.1808534879126e-06,-6.1270586723043e-06,0.0099995531407325,-7.1122836985854e-05,6.6381252916211e-05,-2.6242882389255e-06,-3.9795823978198e-06,-5.8281654857629e-06,0.90002972356893,0.89999847506078,2.5,2.5,-2.825780111848e-06,-8.7499999999993e-05
0.01,-0.037912063065438,0.57737298283364,0.61528504589908,0.99997267477708,0.99993201411235,0.99997225574814,0.99996967515437,7.9195712581499e-05,9.7133053039807e-22,-2.7102353450846e-06,-7.0356877700058e-06,0.0099994580499853,-7.6072597714079e-05,7.1327977908463e-05,-3.0105425593344e-06,-4.5715605594604e-06,-6.6393856935047e-06,0.90003389724235,0.89999826267096,2.5,2.5,-3.2548128132454e-06,-0.0001
0.01125,-0.037912063065438,0.57737298283364,0.61528504589908,0.99997277809483,0.99993249991314,0.99997221839426,0.99996999570952,7.8940193023785e-05,9.3684626385623e-22,-3.2602920811317e-06,-7.1985505301858e-06,0.0099993879952883,-5.6043757587566e-05,5.5633922429817e-05,-3.0359695345226e-06,-4.6394405646278e-06,-6.5914742772979e-06,0.90003374849477,0.89999827439872,2.5,2.5,-3.3116340546173e-06,-0.00010000000000001
0.0125,-0.037912063065438,0.57737298283364,0.61528504589908,0.99997286390208,0.99993290067728,0.99997221664637,0.99997023404892,7.8713181762572e-05,9.1390694466656e-22,-3.6716927931221e-06,-7.360695913341e-06,0.0099993276725873,-4.8258160836552e-05,4.8100864268467e-05,-3.0580214563504e-06,-4.6818065113521e-06,-6.5502187132702e-06,0.90003360228917,0.89999828748681,2.5,2.5,-3.3605616912194e-06,-9.9999999999985e-05
0.01375,-0.037912063065438,0.57737298283364,0.61528504589908,0.99997293669218,0.99993323293594,0.99997223288349,0.9999704250462,7.8500151108129e-05,8.9523159823444e-22,-4.0021072202483e-06,-7.5076029122569e-06,0.009999273529355,-4.3314585824797e-05,4.323912197139e-05,-3.0780236128108e-06,-4.7135965012254e-06,-6.513189376936e-06,0.90003347513426,0.89999830321503,2.5,2.5,-3.4044771715873e-06,-0.00010000000000001
0.015,-0.037912063065438,0.57737298283364,0.61528504589908,0.99997299797913,0.99993351760657,0.99997225869298,0.99997058577905,7.8292846416809e-05,8.7878116548472e-22,-4.2805085117574e-06,-7.6434061330564e-06,0.0099992238705615,-3.9727034818823e-05,3.9689897997107e-05,-3.0966384648032e-06,-4.7395854599707e-06,-6.4792270128478e-06,0.90003336357332,0.89999832277212,2.5,2.5,-3.4447553315751e-06,-9.9999999999996e-05
0.01625,-0.037912063065438,0.57737298283364,0.61528504589908,0.99997304812717,0.99993376802167,0.99997228988485,0.99997072550524,7.808531621373e-05,8.6375882144459e-22,-4.5227247392575e-06,-7.7704737555118e-06,0.009999177698028,-3.6938026793966e-05,3.6922365443997e-05,-3.1142809679368e-06,-4.7618706324458e-06,-6.4476489522098e-06,0.90003326393835,0.89999834733786,2.5,2.5,-3.4822057921903e-06,-9.9999999999994e-05
0.0175,-0.037912063065438,0.57737298283364,0.61528504589908,0.99997308695707,0.99993399267334,0.9999723241978,0.99997084976152,7.7872784567921e-05,8.4977278804518e-22,-4.738255844567e-06,-7.8903032881515e-06,0.0099991343536099,-3.4675534503594e-05,3.4673196768905e-05,-3.1312441190279e-06,-4.7815610383402e-06,-6.418005080393e-06,0.90003317356906,0.89999837806803,2.5,2.5,-3.5173623734143e-06,-0.00010000000000001
0.01875,-0.037912063065438,0.57737298283364,0.61528504589908,0.99997311403447,0.9999341972229,0.99997236032622,0.99997096211825,7.7651261039266e-05,8.3659702938207e-22,-4.9332405232902e-06,-8.0040304112636e-06,0.0099990933715426,-3.2785653845132e-05,3.279213462605e-05,-3.1477491451555e-06,-4.7993176478638e-06,-6.3899768543332e-06,0.90003309058327,0.89999841605431,2.5,2.5,-3.5506028560454e-06,-0.0001
0.02,-0.037912063065438,0.57737298283364,0.61528504589908,0.99997312883872,0.9999343856185,0.99997239747604,0.99997106501403,7.7417400966213e-05,8.2408567828502e-22,-5.1118772558981e-06,-8.1122478373243e-06,0.0099990544057263,-3.1172653018217e-05,3.1185232697125e-05,-3.1639690192883e-06,-4.8155683988795e-06,-6.3633275713932e-06,0.90003301362215,0.89999846228096,2.5,2.5,-3.5822079610133e-06,-9.9999999999997e-05
0.02125,-0.037912063065438,0.57737298283364,0.61528504589908,0.99997313087092,0.99993456072155,0.99997243514506,0.99997116019057,7.716845552781e-05,8.1213682647947e-22,-5.27716772061e-06,-8.2153181307948e-06,0.0099990171895886,-2.9772910163471e-05,2.9789840581679e-05,-3.1800408254133e-06,-4.8306076015703e-06,-6.33787491882e-06,0.9000329416778,0.89999851758822,2.5,2.5,-3.6123939047752e-06,-9.9999999999996e-05
0.0225,-0.037912063065438,0.57737298283364,0.61528504589908,0.99997311972315,0.99993472467326,0.99997247300633,0.99997124893693,7.690224768677e-05,8.0067508089183e-22,-5.431335155542e-06,-8.3137615563952e-06,0.0099989815120645,-2.8542019291412e-05,2.8562122805065e-05,-3.196073037024e-06,-4.8446471619508e-06,-6.3134745462472e-06,0.90003287398317,0.89999858264707,2.5,2.5,-3.6413318817634e-06,-0.0001
0.02375,-0.037912063065438,0.57737298283364,0.61528504589908,0.99997309511902,0.9999348791192,0.99997251084261,0.99997133223511,7.6617147558918e-05,7.8964225934643e-22,-5.5760742621316e-06,-8.4079941634058e-06,0.0099989472023269,-2.7447790004838e-05,2.7470243981744e-05,-3.2121503697753e-06,-4.8578452371059e-06,-6.2900096226304e-06,0.90003280994093,0.89999865794685,2.5,2.5,-3.669160449442e-06,-0.00010000000000001
0.025,-0.037912063065438,0.57737298283364,0.61528504589908,0.99997305693276,0.99993502535271,0.99997254850764,0.9999714108513,7.6312037893354e-05,7.7899200755904e-22,-5.7127079821374e-06,-8.4983571664289e-06,0.0099989141196135,-2.646617073232e-05,2.6490383700871e-05,-3.2283374375719e-06,-4.8703233290126e-06,-6.2673838784612e-06,0.90003274907659,0.89999874379459,2.5,2.5,-3.6959937800411e-06,-9.9999999999986e-05
0.02625,-0.037912063065438,0.57737298283364,0.61528504589908,0.99997300519218,0.99993516440982,0.99997258590234,0.99997148539544,7.5986268611806e-05,7.6868647369165e-22,-5.842289944958e-06,-8.5851380417708e-06,0.0099988821461881,-2.5578740352124e-05,2.560427694906e-05,-3.2446817796763e-06,-4.8821770211611e-06,-6.2455167923179e-06,0.90003269100661,0.89999884032392,2.5,2.5,-3.721927369117e-06,-0.0001
0.0275,-0.037912063065438,0.57737298283364,0.61528504589908,0.99997294007042,0.9999352971341,0.99997262295974,0.9999715563615,7.5639603040795e-05,7.5869414118763e-22,-5.9656737498755e-06,-8.6685850601971e-06,0.0099988511823195,-2.4771094918416e-05,2.4797628408675e-05,-3.2612165086085e-06,-4.8934830132761e-06,-6.2243401566011e-06,0.90003263541627,0.89999894751084,2.5,2.5,-3.7470421084563e-06,-0.0001
0.02875,-0.037912063065438,0.57737298283364,0.61528504589908,0.99997286187061,0.99993542422225,0.99997265963503,0.99997162415547,7.5272159654204e-05,7.4898835303446e-22,-6.0835612104453e-06,-8.748917314479e-06,0.0099988211426051,-2.4031771510064e-05,2.4059052660125e-05,-3.2779626783294e-06,-4.9043038957734e-06,-6.2037955632942e-06,0.90003258204391,0.89999906519366,2.5,2.5,-3.7714072679021e-06,-0.0001
0.03,-0.037912063065438,0.57737298283364,0.61528504589908,0.99997277100658,0.99993554625683,0.99997269589899,0.99997168911535,7.4884353016707e-05,7.3954626966694e-22,-6.1965368053743e-06,-8.8263316249612e-06,0.00999879195322,-2.3351508058462e-05,2.3379344109936e-05,-3.2949314060771e-06,-4.9146914881439e-06,-6.1838325224501e-06,0.90003253066939,0.89999919309485,2.5,2.5,-3.7950827267383e-06,-0.00010000000000001
0.03125,-0.037912063065438,0.57737298283364,0.61528504589908,0.99997266798212,0.99993566373031,0.99997273173342,0.99997175152576,7.4476836900604e-05,7.303481103688e-22,-6.3050928241218e-06,-8.9010072844939e-06,0.009998763549819,-2.272272082271e-05,2.2750960921093e-05,-3.3121257570726e-06,-4.9246892335183e-06,-6.1644070274172e-06,0.90003248110562,0.89999933084301,2.5,2.5,-3.8181206752998e-06,-9.9999999999995e-05
0.0325,-0.037912063065438,0.57737298283364,0.61528504589908,0.99997255337055,0.99993577706304,0.99997276712801,0.99997181162878,7.4050451661545e-05,7.2137658671082e-22,-6.4096480752717e-06,-8.9731093150082e-06,0.00999873587591,-2.2139127139984e-05,2.2167652011973e-05,-3.3295423965649e-06,-4.9343339545549e-06,-6.1454804425396e-06,0.90003243319212,0.89999947799386,2.5,2.5,-3.8405669341007e-06,-9.9999999999999e-05
0.03375,-0.037912063065438,0.57737298283364,0.61528504589908,0.99997242779564,0.99993588661694,0.9999728020781,0.99997186963215,7.3606177124066e-05,7.1261647009091e-22,-6.5105620439445e-06,-9.0427907122555e-06,0.0099987088815754,-2.1595467686876e-05,2.162418218653e-05,-3.3471730167096e-06,-4.9436571660333e-06,-6.1270186283225e-06,0.90003238679011,0.89999963404929,2.5,2.5,-3.86246199137e-06,-9.9999999999983e-05
0.035,-0.037912063065438,0.57737298283364,0.61528504589908,0.99997229191449,0.99993599270604,0.99997283658307,0.99997192571556,7.3145091546186e-05,7.0405425538256e-22,-6.6081457671005e-06,-9.1101940083053e-06,0.0099986825224523,-2.1087298466343e-05,2.1116126101634e-05,-3.3650055507525e-06,-4.9526860728874e-06,-6.1089912444167e-06,0.90003234177867,0.89999979847418,2.5,2.5,-3.8838418296897e-06,-0.00010000000000002
0.03625,-0.037912063065438,0.57737298283364,0.61528504589908,0.99997214640283,0.99993609560473,0.9999728706452,0.99997198003559,7.2668336727279e-05,6.9567789506303e-22,-6.7026703021473e-06,-9.1754523835473e-06,0.0099986567589116,-2.0610832632546e-05,2.0639711486729e-05,-3.3830251913034e-06,-4.9614443405469e-06,-6.0913711878215e-06,0.90003229805177,0.89999997071085,2.5,2.5,-3.9047385922605e-06,-9.9999999999999e-05
0.0375,-0.037912063065438,0.57737298283364,0.61528504589908,0.99997199194255,0.99993619555425,0.99997290426883,0.99997203272956,7.2177088980909e-05,6.8747658598729e-22,-6.7943734005481e-06,-9.2386904845147e-06,0.0099986315553883,-2.0162818575727e-05,2.0191698228261e-05,-3.4012152323379e-06,-4.9699526976007e-06,-6.0741341353028e-06,0.90003225551582,0.90000015019108,2.5,2.5,-3.9251811255657e-06,-9.9999999999996e-05
0.03875,-0.037912063065438,0.57737298283364,0.61528504589908,0.9999718292116,0.99993629276794,0.99997293745973,0.99997208391859,7.1672535486035e-05,6.7944059628031e-22,-6.8834648264496e-06,-9.3000250526583e-06,0.0099986068798323,-1.9740444808153e-05,1.9769283982975e-05,-3.4195577557588e-06,-4.978229413036e-06,-6.0572581671653e-06,0.90003221408785,0.90000033634597,2.5,2.5,-3.9451954255969e-06,-0.00010000000000001
0.04,-0.037912063065438,0.57737298283364,0.61528504589908,0.99997165887589,0.99993638743541,0.99997297022461,0.99997213371009,7.1155855424004e-05,6.7156112311822e-22,-6.9701306378507e-06,-9.3595654346462e-06,0.0099985827032512,-1.9341264941077e-05,1.9370029692154e-05,-3.4380341832848e-06,-4.9862906783208e-06,-6.0407234551057e-06,0.90003217369386,0.90000052861375,2.5,2.5,-3.9648050080189e-06,-9.9999999999989e-05
0.04125,-0.037912063065438,0.57737298283364,0.61528504589908,0.99997148158298,0.99993647972601,0.99997300257087,0.9999721821998,7.062820527235e-05,6.6383017480504e-22,-7.0545366642524e-06,-9.4174140182146e-06,0.0099985589993288,-1.8963137916572e-05,1.8991800214845e-05,-3.456625713441e-06,-4.9941509163915e-06,-6.0245120011905e-06,0.90003213426759,0.90000072644595,2.5,2.5,-3.9840312177363e-06,-9.9999999999994e-05
0.0425,-0.037912063065438,0.57737298283364,0.61528504589908,0.99997129795747,0.99993656979158,0.99997303450625,0.99997222947341,7.0090707639945e-05,6.5624047199503e-22,-7.1368313569858e-06,-9.473666623049e-06,0.0099985357441038,-1.8604179955788e-05,1.863271657951e-05,-3.475313661819e-06,-5.0018230338447e-06,-6.0086074179245e-06,0.90003209574949,0.90000092931191,2.5,2.5,-4.0028934897412e-06,-0.0001
0.04375,-0.037912063065438,0.57737298283364,0.61528504589908,0.99997110859757,0.99993665776886,0.9999730660387,0.99997227560791,6.9544443067969e-05,6.4878536430755e-22,-7.2171481429418e-06,-9.5284128621398e-06,0.0099985129156968,-1.82627255991e-05,1.8291117256137e-05,-3.4940797208382e-06,-5.0093186285376e-06,-5.9929947415994e-06,0.90003205808578,0.9000011367022,2.5,2.5,-4.0214095704618e-06,-0.0001
0.045,-0.037912063065438,0.57737298283364,0.61528504589908,0.99997091407288,0.99993674378139,0.99997309717622,0.99997232067277,6.8990444277758e-05,6.4145875939022e-22,-7.2956073835918e-06,-9.5817364851805e-06,0.009998490494077,-1.7937295870464e-05,1.7965526499099e-05,-3.5129061532895e-06,-5.0166481618447e-06,-5.9776602728692e-06,0.90003202122778,0.90000134813087,2.5,2.5,-4.0395957068326e-06,-0.0001
0.04625,-0.037912063065438,0.57737298283364,0.61528504589908,0.99997071492301,0.99993682794113,0.9999731279268,0.99997236473083,6.8429692409696e-05,6.342550621473e-22,-7.3723180164639e-06,-9.6337157082118e-06,0.0099984684608619,-1.7626572070593e-05,1.7654628279139e-05,-3.5317759319533e-06,-5.0238211026524e-06,-5.9625914397473e-06,0.90003198513129,0.90000156313692,2.5,2.5,-4.0574668087945e-06,-0.0001
0.0475,-0.037912063065438,0.57737298283364,0.61528504589908,0.99997051165698,0.99993691034991,0.99997315829828,0.99997240783916,6.7863114859507e-05,6.2716912229677e-22,-7.4473789404775e-06,-9.6844235317577e-06,0.0099984467991443,-1.7329374054485e-05,1.7357244669685e-05,-3.5506728357178e-06,-5.0308460485765e-06,-5.9477766791238e-06,0.90003194975603,0.90000178128506,2.5,2.5,-4.0750365897721e-06,-0.0001
0.04875,-0.037912063065438,0.57737298283364,0.61528504589908,0.99997030475312,0.9999369911005,0.99997318829836,0.99997245004969,6.7291584377714e-05,6.2019618890923e-22,-7.5208801915323e-06,-9.7339280496477e-06,0.0099984254933417,-1.7044642107029e-05,1.7072317807874e-05,-3.5695815110226e-06,-5.037730828682e-06,-5.9332053338542e-06,0.9000319150652,0.90000200216596,2.5,2.5,-4.0923176887732e-06,-0.0001
0.05,-0.037912063065438,0.57737298283364,0.61528504589908,0.99997009465947,0.99993707027774,0.99997321793452,0.99997249140983,6.6715919153441e-05,6.1333187073374e-22,-7.5929039469458e-06,-9.7822927469197e-06,0.0099984045290645,-1.6771421725255e-05,1.6798894744879e-05,-3.5884875059013e-06,-5.044482591071e-06,-5.9188675627778e-06,0.90003188102515,0.90000222539607,2.5,2.5,-4.109321777061e-06,-0.0001
0.05125,-0.037912063065438,0.57737298283364,0.61528504589908,0.99996988179447,0.9999371479593,0.99997324721403,0.99997253196295,6.6136883650365e-05,6.0657210137552e-22,-7.6635253882014e-06,-9.8295767870293e-06,0.0099983838930011,-1.6508850764483e-05,1.6536114646098e-05,-3.6073772827094e-06,-5.0511078780172e-06,-5.9047542617716e-06,0.90003184760496,0.90000245061706,2.5,2.5,-4.1260596517938e-06,-9.9999999999991e-05
0.0525,-0.037912063065438,0.57737298283364,0.61528504589908,0.99996966654793,0.9999372242165,0.99997327614394,0.99997257174878,6.5555190005292e-05,5.9991310867678e-22,-7.7328134459211e-06,-9.8758352879144e-06,0.0099983635728154,-1.6256148518123e-05,1.628319791426e-05,-3.6262382144224e-06,-5.057612690776e-06,-5.8908569941531e-06,0.90003181477625,0.90000267749517,2.5,2.5,-4.142541318593e-06,-9.999999999999e-05
0.05375,-0.037912063065438,0.57737298283364,0.61528504589908,0.99996944928215,0.99993729911491,0.99997330473103,0.99997261080386,6.4971499835499e-05,5.9335138754782e-22,-7.8008314472628e-06,-9.9211195857927e-06,0.0099983435570574,-1.6012606387997e-05,1.6039436894802e-05,-3.6450585685767e-06,-5.0640025457867e-06,-5.8771679289984e-06,0.90003178251285,0.90000290572021,2.5,2.5,-4.1587760646509e-06,-0.00010000000000001
0.055,-0.037912063065438,0.57737298283364,0.61528504589908,0.99996923033316,0.99993737271497,0.99997333298185,0.9999726491618,6.4386426330792e-05,5.8688367587278e-22,-7.8676376799199e-06,-9.9654774868003e-06,0.0099983238350826,-1.5777579871405e-05,1.580418789107e-05,-3.6638274820396e-06,-5.0702825236646e-06,-5.8636797863646e-06,0.90003175079061,0.9000031350046,2.5,2.5,-4.1747725237166e-06,-0.0001
0.05625,-0.037912063065438,0.57737298283364,0.61528504589908,0.99996901001206,0.99993744507246,0.9999733609027,0.99997268685357,6.3800536531735e-05,5.805069330184e-22,-7.9332858871193e-06,-1.0008953506174e-05,0.0099983043969805,-1.5550481643246e-05,1.5576864269315e-05,-3.6825349292576e-06,-5.0764573121078e-06,-5.8503857884199e-06,0.90003171958721,0.90000336508226,2.5,2.5,-4.1905387340661e-06,-0.00010000000000001
0.0575,-0.037912063065438,0.57737298283364,0.61528504589908,0.99996878860636,0.99993751623895,0.99997338849964,0.99997272390781,6.3214353716338e-05,5.7421832057115e-22,-7.9978257031161e-06,-1.0051589093858e-05,0.0099982852335111,-1.5330775553338e-05,1.5356930474792e-05,-3.7011716860033e-06,-5.082531243638e-06,-5.8372796156752e-06,0.90003168888201,0.90000359570744,2.5,2.5,-4.2060821903872e-06,-9.9999999999998e-05
0.05875,-0.037912063065438,0.57737298283364,0.61528504589908,0.99996856638133,0.99993758626218,0.99997341577852,0.99997276035097,6.2628359834351e-05,5.6801518506319e-22,-8.0613030384631e-06,-1.0093422848391e-05,0.0099982663360469,-1.511797139407e-05,1.5143896814659e-05,-3.719729290273e-06,-5.0885083289465e-06,-5.8243553677124e-06,0.90003165865584,0.90000382665359,2.5,2.5,-4.2214098903597e-06,-9.9999999999996e-05
0.06,-0.037912063065438,0.57737298283364,0.61528504589908,0.99996834358137,0.99993765518644,0.99997344274496,0.99997279620757,6.2042997942743e-05,5.6189504244576e-22,-8.123760421713e-06,-1.0134490717744e-05,0.0099982476965215,-1.4911620318243e-05,1.4937314888235e-05,-3.7382000015894e-06,-5.09439228647e-06,-5.8116075278438e-06,0.90003162889092,0.90000405771222,2.5,2.5,-4.2365283765894e-06,-9.9999999999994e-05
0.06125,-0.037912063065438,0.57737298283364,0.61528504589908,0.99996812043129,0.99993772305282,0.99997346940433,0.99997283150036,6.1458674606954e-05,5.5585556401243e-22,-8.1852373037195e-06,-1.0174826187381e-05,0.0099982293073829,-1.4711310808451e-05,1.473677356701e-05,-3.7565767597232e-06,-5.1001865687164e-06,-5.7990309311695e-06,0.90003159957071,0.90000428869173,2.5,2.5,-4.2514437744558e-06,-0.0001
0.0625,-0.037912063065438,0.57737298283364,0.61528504589908,0.99996789713765,0.99993778989957,0.99997349576186,0.99997286625045,6.0875762241726e-05,5.4989456373297e-22,-8.2457703297357e-06,-1.0214460457678e-05,0.0099982111615516,-1.4516665118729e-05,1.4541895444502e-05,-3.7748531435375e-06,-5.1058943857862e-06,-5.7866207357409e-06,0.90003157067981,0.9000045194164,2.5,2.5,-4.2661618263519e-06,-0.00010000000000002
0.06375,-0.037912063065438,0.57737298283364,0.61528504589908,0.99996767388992,0.99993785576227,0.99997352182253,0.99997290047749,6.0294601372598e-05,5.4400998670506e-22,-8.3053935835917e-06,-1.0253422608464e-05,0.0099981932523814,-1.4327336119067e-05,1.435233368822e-05,-3.7930233305608e-06,-5.111518726441e-06,-5.7743723963434e-06,0.90003154220386,0.90000474972523,2.5,2.5,-4.2806879227251e-06,-9.9999999999983e-05
0.065,-0.037912063065438,0.57737298283364,0.61528504589908,0.99996745086167,0.99993792067411,0.99997354759117,0.99997293419977,5.9715502805001e-05,5.3819989873168e-22,-8.3641388065044e-06,-1.0291739753413e-05,0.0099981755736258,-1.4143004488752e-05,1.41677692386e-05,-3.8110820576737e-06,-5.1170623770445e-06,-5.7622816407695e-06,0.90003151412947,0.90000497947101,2.5,2.5,-4.2950271302724e-06,-0.0001
0.06625,-0.037912063065438,0.57737298283364,0.61528504589908,0.99996722821174,0.99993798466604,0.99997357307241,0.99997296743435,5.9138749692502e-05,5.3246247676906e-22,-8.4220355950666e-06,-1.0329437183842e-05,0.0099981581194055,-1.3963376210297e-05,1.3987908308183e-05,-3.8290245832119e-06,-5.1225279386286e-06,-5.7503444481488e-06,0.90003148644412,0.90000520851934,2.5,2.5,-4.3091842175943e-06,-0.0001
0.0675,-0.037912063065438,0.57737298283364,0.61528504589908,0.99996700608519,0.99993804776703,0.99997359827075,0.99997300019715,5.8564599498989e-05,5.2679600026525e-22,-8.4791115796568e-06,-1.0366538502702e-05,0.0099981408841801,-1.3788180325847e-05,1.3812480141895e-05,-3.8468466506979e-06,-5.1279178423072e-06,-5.7385570292737e-06,0.90003145913607,0.90000543674767,2.5,2.5,-4.3231636785745e-06,-0.0001
0.06875,-0.037912063065438,0.57737298283364,0.61528504589908,0.99996678461438,0.99993811000413,0.99997362319049,0.99997303250304,5.799328585303e-05,5.2119884323298e-22,-8.5353925862387e-06,-1.0403065748426e-05,0.0099981238627215,-1.3617166921589e-05,1.3641235005332e-05,-3.8645444543056e-06,-5.1332343632329e-06,-5.7269158085503e-06,0.90003143219436,0.90000566404454,2.5,2.5,-4.3369697537157e-06,-9.9999999999987e-05
0.07,-0.037912063065438,0.57737298283364,0.61528504589908,0.99996656391988,0.99993817140274,0.99997364783582,0.99997306436596,5.7425020293867e-05,5.1566946703382e-22,-8.5909027831798e-06,-1.0439039511351e-05,0.0099981070500898,-1.3450105313569e-05,1.3473942373092e-05,-3.8821146061385e-06,-5.1384796332552e-06,-5.7154174076325e-06,0.90003140560866,0.90000589030865,2.5,2.5,-4.3506064496369e-06,-0.00010000000000001
0.07125,-0.037912063065438,0.57737298283364,0.61528504589908,0.99996634411132,0.99993823198663,0.99997367221078,0.99997309579894,5.6859993910963e-05,5.1020641371593e-22,-8.6456648142881e-06,-1.047447904004e-05,0.0099980904416118,-1.3286782409234e-05,1.3310389293257e-05,-3.8995541053625e-06,-5.1436556524276e-06,-5.7040586303252e-06,0.90003137936932,0.90000611544821,2.5,2.5,-4.3640775569078e-06,-9.9999999999997e-05
0.0725,-0.037912063065438,0.57737298283364,0.61528504589908,0.99996612528825,0.99993829177817,0.99997369631926,0.99997312681423,5.629837887947e-05,5.0480829999365e-22,-8.6996999208645e-06,-1.0509402341589e-05,0.0099980740328603,-1.3127001225625e-05,1.3150378907549e-05,-3.9168603091577e-06,-5.1487642994796e-06,-5.6928364488273e-06,0.90003135346722,0.90000633938017,2.5,2.5,-4.377386666383e-06,-0.00010000000000001
0.07375,-0.037912063065438,0.57737298283364,0.61528504589908,0.99996590754085,0.99993835079836,0.99997372016506,0.99997315742331,5.5740329895384e-05,4.9947381165814e-22,-8.7530280518009e-06,-1.0543826273686e-05,0.0099980578196359,-1.2970579546156e-05,1.2993729109903e-05,-3.9340309054746e-06,-5.1538073413679e-06,-5.6817479911356e-06,0.9000313278938,0.90000656202956,2.5,2.5,-4.3905371841721e-06,-9.9999999999999e-05
0.075,-0.037912063065438,0.57737298283364,0.61528504589908,0.99996569095071,0.99993840906698,0.99997374375184,0.99997318763699,5.5185985514441e-05,4.942016984851e-22,-8.8056679652062e-06,-1.0577766629495e-05,0.00999804179795,-1.2817348700139e-05,1.284027132779e-05,-3.9510638875431e-06,-5.1587864419942e-06,-5.6707905294151e-06,0.90003130264097,0.9000067833289,2.5,2.5,-4.4035323453746e-06,-9.9999999999994e-05
0.07625,-0.037912063065438,0.57737298283364,0.61528504589908,0.99996547559143,0.99993846660268,0.99997376708316,0.99997321708683,5.4635469399164e-05,4.8899076955642e-22,-8.8576373203858e-06,-1.0611238217479e-05,0.0099980259640094,-1.2667152453068e-05,1.2689849413652e-05,-3.9679575300673e-06,-5.1637031701703e-06,-5.6599614694193e-06,0.90003127770111,0.90000700321759,2.5,2.5,-4.4163752266876e-06,-9.9999999999996e-05
0.0775,-0.037912063065438,0.57737298283364,0.61528504589908,0.99996526152928,0.99993852342305,0.99997379016247,0.99997324597197,5.4088891478782e-05,4.8383988895045e-22,-8.9089527629193e-06,-1.0644254934167e-05,0.0099980103142019,-1.2519845995312e-05,1.2542318634954e-05,-3.9847103670267e-06,-5.1685590069146e-06,-5.6492583406836e-06,0.900031253067,0.90000722164141,2.5,2.5,-4.4290687579898e-06,-0.00010000000000002
0.07875,-0.037912063065438,0.57737298283364,0.61528504589908,0.99996504882374,0.99993857954471,0.99997381299314,0.99997327454097,5.3546349027051e-05,4.7874797178791e-22,-8.9596300016506e-06,-1.0676829832238e-05,0.0099979948450831,-1.2375295019256e-05,1.2397544752322e-05,-4.0013211710287e-06,-5.1733553521262e-06,-5.6386787875643e-06,0.90003122873183,0.90000743855199,2.5,2.5,-4.4416157329895e-06,-9.9999999999994e-05
0.08,-0.037912063065438,0.57737298283364,0.61528504589908,0.99996483752806,0.9999386349834,0.99997383557842,0.99997330279839,5.3007927662394e-05,4.7371398059318e-22,-9.0096838800921e-06,-1.0708975182508e-05,0.0099979795533645,-1.2233374876808e-05,1.2255403177926e-05,-4.0177889341003e-06,-5.1780935307097e-06,-5.6282205609821e-06,0.90003120468914,0.90000765390635,2.5,2.5,-4.4540188190172e-06,-9.9999999999994e-05
0.08125,-0.037912063065438,0.57737298283364,0.61528504589908,0.99996462768974,0.99993868975401,0.99997385792151,0.9999733307486,5.247370227538e-05,4.6873692194112e-22,-9.0591284414971e-06,-1.0740702532672e-05,0.0099979644359023,-1.2093969808552e-05,1.2115778205487e-05,-4.0341128498647e-06,-5.1827747981946e-06,-5.6178815108191e-06,0.90003118093278,0.90000786766652,2.5,2.5,-4.4662805660379e-06,-0.00010000000000001
0.0825,-0.037912063065438,0.57737298283364,0.61528504589908,0.99996441935097,0.99993874387067,0.9999738800255,0.99997335839588,5.1943737888087e-05,4.6381584337317e-22,-9.1079769885097e-06,-1.0772022760179e-05,0.009997949489687,-1.1956972238377e-05,1.1978562305606e-05,-4.0502922970027e-06,-5.1874003458905e-06,-5.6076595789161e-06,0.90003115745693,0.90000807979908,2.5,2.5,-4.4784034149489e-06,-0.0001
0.08375,-0.037912063065438,0.57737298283364,0.61528504589908,0.99996421254908,0.99993879734681,0.99997390189341,0.99997338574434,5.1418090449774e-05,4.589498305704e-22,-9.1562421384423e-06,-1.0802946121865e-05,0.0099979347118343,-1.1822282127148e-05,1.1843655480017e-05,-4.066326823936e-06,-5.1919713056278e-06,-5.5975527926526e-06,0.90003113425604,0.90000829027484,2.5,2.5,-4.4903897052197e-06,-9.9999999999996e-05
0.085,-0.037912063065438,0.57737298283364,0.61528504589908,0.9999640073169,0.99993885019518,0.99997392352819,0.999973412798,5.0896807573026e-05,4.5413800471241e-22,-9.2039358736517e-06,-1.0833482300003e-05,0.0099979200995764,-1.1689806380274e-05,1.1710964669836e-05,-4.082216134631e-06,-5.1964887541104e-06,-5.5875592589715e-06,0.90003111132484,0.90000849906846,2.5,2.5,-4.5022416819343e-06,-9.9999999999991e-05
0.08625,-0.037912063065438,0.57737298283364,0.61528504589908,0.99996380368317,0.99993890242795,0.99997394493273,0.99997343956075,5.0379929214755e-05,4.4937952008096e-22,-9.2510695879894e-06,-1.0863640443986e-05,0.0099979056502535,-1.1559458304078e-05,1.1580403212227e-05,-4.0979600754737e-06,-5.2009537169288e-06,-5.5776771589538e-06,0.9000310886583,0.90000870615818,2.5,2.5,-4.5139615022801e-06,-0.0001
0.0875,-0.037912063065438,0.57737298283364,0.61528504589908,0.99996360167279,0.99993895405668,0.99997396610983,0.99997346603638,4.9867488305393e-05,4.4467356182887e-22,-9.2976541297443e-06,-1.0893429209611e-05,0.0099978913613071,-1.1431157106568e-05,1.1451890341837e-05,-4.1135586231286e-06,-5.2053671722425e-06,-5.5679047427303e-06,0.9000310662516,0.9000089115255,2.5,2.5,-4.5255512415315e-06,-0.00010000000000001
0.08875,-0.037912063065438,0.57737298283364,0.61528504589908,0.99996340130723,0.99993900509244,0.99997398706225,0.99997349222858,4.9359511330658e-05,4.4001934392255e-22,-9.343699840859e-06,-1.0922856795171e-05,0.0099978772302728,-1.1304827439122e-05,1.1325350732747e-05,-4.129011873317e-06,-5.209730054173e-06,-5.5582403248543e-06,0.90003104410014,0.90000911515492,2.5,2.5,-4.5370128985694e-06,-9.9999999999998e-05
0.09,-0.037912063065438,0.57737298283364,0.61528504589908,0.99996320260473,0.9999390555458,0.99997400779269,0.99997351814094,4.8856018868365e-05,4.3541610725766e-22,-9.3892165932066e-06,-1.0951930974724e-05,0.0099978632547741,-1.118039897514e-05,1.1200714077477e-05,-4.1443200304522e-06,-5.2140432559355e-06,-5.5486822800045e-06,0.90003102219954,0.90000931703368,2.5,2.5,-4.5483484009723e-06,-9.9999999999996e-05
0.09125,-0.037912063065438,0.57737298283364,0.61528504589908,0.9999630055806,0.99993910542688,0.99997402830378,0.99997354377698,4.8357026084559e-05,4.3086311790392e-22,-9.4342138220758e-06,-1.0980659128427e-05,0.0099978494325165,-1.1057806022606e-05,1.1077914700007e-05,-4.159483398068e-06,-5.2183076327128e-06,-5.5392290390095e-06,0.90003100054556,0.90000951715157,2.5,2.5,-4.5595596097152e-06,-0.00010000000000001
0.0925,-0.037912063065438,0.57737298283364,0.61528504589908,0.99996281024747,0.99993915474535,0.9999740485981,0.99997356914011,4.7862543191065e-05,4.2635966548368e-22,-9.4787005569338e-06,-1.1009048271626e-05,0.0099978357612826,-1.0936987167907e-05,1.0956891199693e-05,-4.1745023699874e-06,-5.2225240043139e-06,-5.5298790852089e-06,0.90003097913416,0.90000971550068,2.5,2.5,-4.5706483235079e-06,-0.0001
0.09375,-0.037912063065438,0.57737298283364,0.61528504589908,0.99996261661551,0.99993920351053,0.99997406867821,0.99997359423369,4.7372575867828e-05,4.2190506170116e-22,-9.5226854496937e-06,-1.103710508034e-05,0.0099978222389264,-1.0817884947948e-05,1.0837586123786e-05,-4.1893774221715e-06,-5.2266931576202e-06,-5.5206309510621e-06,0.90003095796145,0.90000991207522,2.5,2.5,-4.5816162827993e-06,-0.0001
0.095,-0.037912063065438,0.57737298283364,0.61528504589908,0.9999624246926,0.99993925173135,0.99997408854657,0.99997361906098,4.6887125652551e-05,4.1749863893552e-22,-9.5661768011011e-06,-1.1064835915863e-05,0.0099978088633695,-1.0700445548329e-05,1.071994566586e-05,-4.2041091052055e-06,-5.2308158488385e-06,-5.5114832150365e-06,0.90003093702368,0.90001010687132,2.5,2.5,-4.5924651734779e-06,-0.00010000000000001
0.09625,-0.037912063065438,0.57737298283364,0.61528504589908,0.99996223448457,0.99993929941639,0.99997410820563,0.99997364362517,4.6406190299933e-05,4.1313974900174e-22,-9.6091825845891e-06,-1.1092246847197e-05,0.0099977956325963,-1.0584618525776e-05,1.0603919388312e-05,-4.2186980373659e-06,-5.2348928055903e-06,-5.5024344987227e-06,0.90003091631726,0.90001029988692,2.5,2.5,-4.603196630289e-06,-9.9999999999985e-05
0.0975,-0.037912063065438,0.57737298283364,0.61528504589908,0.99996204599536,0.99993934657393,0.99997412765779,0.99997366792941,4.5929764112846e-05,4.0882776193605e-22,-9.651710468801e-06,-1.1119343671364e-05,0.0099977825446506,-1.0470356552112e-05,1.0489459966709e-05,-4.2331448982399e-06,-5.2389247288214e-06,-5.4934834641712e-06,0.90003089583869,0.90001049112155,2.5,2.5,-4.6138122399931e-06,-9.9999999999998e-05
0.09875,-0.037912063065438,0.57737298283364,0.61528504589908,0.99996185922716,0.99993939321194,0.99997414690539,0.99997369197676,4.5457838247901e-05,4.0456206494834e-22,-9.6937678379284e-06,-1.1146131932642e-05,0.0099977695976317,-1.0357615178701e-05,1.0376522954333e-05,-4.2474504228363e-06,-5.2429122945845e-06,-5.484628811429e-06,0.90003087558463,0.90001068057623,2.5,2.5,-4.6243135442853e-06,-0.00010000000000001
0.1,-0.037912063065438,0.57737298283364,0.61528504589908,0.99996167418059,0.99993943933813,0.99997416595077,0.99997371577024,4.4990400996614e-05,4.0034206137765e-22,-9.7353618108552e-06,-1.1172616940133e-05,0.0099977567896909,-1.0246352619504e-05,1.026506656534e-05,-4.2616153961683e-06,-5.2468561556732e-06,-5.4758692762704e-06,0.90003085555183,0.90001086825332,2.5,2.5,-4.6347020424951e-06,-9.9999999999994e-05
0.10125,-0.037912063065438,0.57737298283364,0.61528504589908,0.99996149085482,0.99993948495993,0.99997418479618,0.99997373931278,4.4527438044971e-05,3.9616716979217e-22,-9.7764992585418e-06,-1.1198803784287e-05,0.0099977441190289,-1.0136529550842e-05,1.0155051474804e-05,-4.2756406482632e-06,-5.2507569431276e-06,-5.4672036280867e-06,0.90003083573715,0.90001105415644,2.5,2.5,-4.6449791940831e-06,-9.9999999999992e-05
0.1025,-0.037912063065438,0.57737298283364,0.61528504589908,0.9999613092477,0.99993953008455,0.99997420344387,0.99997376260728,4.4068932712116e-05,3.9203682310251e-22,-9.8171868201937e-06,-1.1224697351173e-05,0.0099977315838928,-1.0028108927209e-05,1.0046440634581e-05,-4.2895270495687e-06,-5.2546152676368e-06,-5.4586306679339e-06,0.90003081613754,0.9000112382903,2.5,2.5,-4.6551464209498e-06,-0.0001
0.10375,-0.037912063065438,0.57737298283364,0.61528504589908,0.99996112935587,0.99993957471894,0.99997422189605,0.9999737856566,4.3614866170428e-05,3.8795046778148e-22,-9.857430918282e-06,-1.1250302337276e-05,0.009997719182573,-9.9210558112959e-06,9.9391991034491e-06,-4.3032755067211e-06,-5.2584317208234e-06,-5.4501492267413e-06,0.90003079675006,0.90001142066063,2.5,2.5,-4.6652051095743e-06,-9.9999999999986e-05
0.105,-0.037912063065438,0.57737298283364,0.61528504589908,0.9999609511749,0.99993961886986,0.99997424015487,0.99997380846351,4.316521764823e-05,3.8390756312464e-22,-9.8972377721751e-06,-1.1275623261707e-05,0.0099977069134015,-9.8153372173415e-06,9.8332938906508e-06,-4.3168869586598e-06,-5.2622068764366e-06,-5.4417581636353e-06,0.90003077757184,0.90001160127409,2.5,2.5,-4.675156612992e-06,-0.00010000000000002
0.10625,-0.037912063065438,0.57737298283364,0.61528504589908,0.99996077469934,0.99993966254387,0.99997425822247,0.99997383103077,4.2719964616192e-05,3.7990758054775e-22,-9.9366134111381e-06,-1.1300664478252e-05,0.009997694774749,-9.7109219666989e-06,9.7286938115003e-06,-4.3303623730532e-06,-5.2659412914548e-06,-5.4334563643918e-06,0.90003075860011,0.9000117801382,2.5,2.5,-4.6850022526272e-06,-9.9999999999991e-05
0.1075,-0.037912063065438,0.57737298283364,0.61528504589908,0.99996059992285,0.99993970574735,0.99997427610096,0.99997385336108,4.2279082959143e-05,3.7595000298261e-22,-9.9755636858405e-06,-1.1325430186176e-05,0.0099976827650233,-9.6077805548101e-06,9.6253693543995e-06,-4.3437027429975e-06,-5.2696355071019e-06,-5.4252427400295e-06,0.90003073983214,0.9000119572612,2.5,2.5,-4.6947433199905e-06,-0.0001
0.10875,-0.037912063065438,0.57737298283364,0.61528504589908,0.99996042683826,0.99993974848648,0.99997429379241,0.99997387545708,4.1842547134085e-05,3.7203432425242e-22,-1.0014094279411e-05,-1.1349924440553e-05,0.009997670882667,-9.50588502796e-06,9.5232925579432e-06,-4.3569090840047e-06,-5.2732900497869e-06,-5.4171162254313e-06,0.90003072126531,0.90001213265204,2.5,2.5,-4.7043810782509e-06,-0.0001
0.11,-0.037912063065438,0.57737298283364,0.61528504589908,0.99996025543767,0.99993979076728,0.99997431129886,0.99997389732138,4.1410330315507e-05,3.6816004856637e-22,-1.0052210717539e-05,-1.1374151161221e-05,0.009997659126156,-9.4052088706316e-06,9.4224368979169e-06,-4.3699824312196e-06,-5.2769054319793e-06,-5.409075778179e-06,0.90003070289706,0.9000123063203,2.5,2.5,-4.7139167636936e-06,-0.0001
0.11125,-0.037912063065438,0.57737298283364,0.61528504589908,0.99996008571249,0.99993983259563,0.99997432862232,0.99997391895657,4.0982404529275e-05,3.6432668998076e-22,-1.0089918377622e-05,-1.1398114142061e-05,0.0099976474939973,-9.3057269004102e-06,9.3227771827207e-06,-4.3829238368688e-06,-5.2804821530109e-06,-5.4011203773678e-06,0.90003068472487,0.90001247827608,2.5,2.5,-4.723351587073e-06,-0.0001
0.1125,-0.037912063065438,0.57737298283364,0.61528504589908,0.99995991765355,0.99993987397726,0.99997434576479,0.99997394036517,4.0558740775548e-05,3.6053377194979e-22,-1.012722249755e-05,-1.1421817058215e-05,0.0099976359847284,-9.2074151719181e-06,9.2242894570881e-06,-4.3957343679169e-06,-5.2840206998222e-06,-5.3932490225624e-06,0.90003066674631,0.90001264853002,2.5,2.5,-4.7326867348649e-06,-0.00010000000000001
0.11375,-0.037912063065438,0.57737298283364,0.61528504589908,0.99995975125112,0.99993991491774,0.99997436272821,0.99997396154967,4.0139309141918e-05,3.5678082688043e-22,-1.0164128183599e-05,-1.1445263473938e-05,0.0099976245969148,-9.1102508878028e-06,9.1269509132328e-06,-4.4084151039148e-06,-5.2875215476542e-06,-5.3854607328248e-06,0.90003064895899,0.90001281709318,2.5,2.5,-4.7419233704321e-06,-9.9999999999991e-05
0.115,-0.037912063065438,0.57737298283364,0.61528504589908,0.99995958649497,0.99993995542253,0.99997437951451,0.99997398251253,3.9724078907377e-05,3.5306739572648e-22,-1.0200640417774e-05,-1.1468456849427e-05,0.0099976133291494,-9.0142123166417e-06,9.0307398087934e-06,-4.4209671350317e-06,-5.2909851606884e-06,-5.3777545457932e-06,0.90003063136058,0.90001298397703,2.5,2.5,-4.7510626351044e-06,-0.00010000000000001
0.11625,-0.037912063065438,0.57737298283364,0.61528504589908,0.99995942337445,0.99993999549695,0.99997439612562,0.99997400325617,3.9313018637819e-05,3.4939302761842e-22,-1.0236764064842e-05,-1.14914005468e-05,0.009997602180051,-8.9192787171625e-06,8.9356353911784e-06,-4.4333915602393e-06,-5.2944119926345e-06,-5.3701295168258e-06,0.90003061394879,0.90001314919341,2.5,2.5,-4.7601056491824e-06,-9.9999999999989e-05
0.1175,-0.037912063065438,0.57737298283364,0.61528504589908,0.99995926187851,0.99994003514623,0.9999744125634,0.99997402378298,3.89060962739e-05,3.4575727951173e-22,-1.0272503878409e-05,-1.1514097836404e-05,0.0099975911482631,-8.8254302685376e-06,8.8416178277312e-06,-4.4456894856559e-06,-5.2978024872847e-06,-5.3625847182445e-06,0.90003059672141,0.90001331275445,2.5,2.5,-4.7690535128712e-06,-0.00010000000000001
0.11875,-0.037912063065438,0.57737298283364,0.61528504589908,0.99995910199576,0.99994007437544,0.99997442882971,0.99997404409531,3.8503279211559e-05,3.421597158604e-22,-1.0307864506968e-05,-1.15365519018e-05,0.0099975802324531,-8.732648005546e-06,8.7486681411747e-06,-4.4578620230286e-06,-5.3011570790198e-06,-5.3551192385691e-06,0.90003057967623,0.90001347467257,2.5,2.5,-4.7779073071473e-06,-9.999999999999e-05
0.12,-0.037912063065438,0.57737298283364,0.61528504589908,0.99995894371448,0.9999401131896,0.99997444492639,0.99997406419548,3.8104534376048e-05,3.3859990830189e-22,-1.0342850499288e-05,-1.1558765844851e-05,0.0099975694313109,-8.640913759405e-06,8.656768150255e-06,-4.4699102883394e-06,-5.3044761932801e-06,-5.3477321818591e-06,0.90003056281111,0.90001363496043,2.5,2.5,-4.7866680945665e-06,-0.00010000000000001
0.12125,-0.037912063065438,0.57737298283364,0.61528504589908,0.99995878702271,0.99994015159358,0.99997446085524,0.99997408408578,3.7709828289887e-05,3.3507743539753e-22,-1.0377466309424e-05,-1.1580742690605e-05,0.0099975587435483,-8.5502101024128e-06,8.5659004146112e-06,-4.4818354005315e-06,-5.3077602470058e-06,-5.3404226670711e-06,0.90003054612397,0.90001379363091,2.5,2.5,-4.7953369200151e-06,-9.9999999999996e-05
0.1225,-0.037912063065438,0.57737298283364,0.61528504589908,0.99995863190822,0.99994018959219,0.99997447661806,0.99997410376847,3.7319127135129e-05,3.3159188234644e-22,-1.0411716301351e-05,-1.1602485391361e-05,0.0099975481678979,-8.4605202974733e-06,8.4760481841764e-06,-4.4936384803477e-06,-5.3110096490402e-06,-5.3331898274708e-06,0.90003052961272,0.90001395069707,2.5,2.5,-4.8039148114101e-06,-0.0001
0.12375,-0.037912063065438,0.57737298283364,0.61528504589908,0.99995847835859,0.99994022719013,0.99997449221661,0.99997412324578,3.693239681053e-05,3.2814284076477e-22,-1.0445604753567e-05,-1.1623996830679e-05,0.0099975377031126,-8.3718282510185e-06,8.387195352296e-06,-4.5053206492652e-06,-5.3142248005111e-06,-5.3260328100755e-06,0.90003051327536,0.90001410617211,2.5,2.5,-4.8124027803517e-06,-9.9999999999999e-05
0.125,-0.037912063065438,0.57737298283364,0.61528504589908,0.99995832636122,0.99994026439202,0.99997450765264,0.99997414251991,3.6549602983937e-05,3.2472990842184e-22,-1.0479135862768e-05,-1.1645279826888e-05,0.0099975273479645,-8.284118469934e-06,8.2993264124502e-06,-4.5168830285219e-06,-5.3174060951804e-06,-5.3189507751611e-06,0.9000304971099,0.90001426006939,2.5,2.5,-4.8208018227321e-06,-0.0001
0.12625,-0.037912063065438,0.57737298283364,0.61528504589908,0.99995817590334,0.99994030120239,0.99997452292786,0.99997416159304,3.617071114021e-05,3.2135268906083e-22,-1.0512313747834e-05,-1.1666337137004e-05,0.0099975171012445,-8.1973760212837e-06,8.2124264182908e-06,-4.5283267382333e-06,-5.3205539197657e-06,-5.3119428957609e-06,0.90003048111437,0.90001441240235,2.5,2.5,-4.8291129193033e-06,-0.0001
0.1275,-0.037912063065438,0.57737298283364,0.61528504589908,0.99995802697208,0.99994033762569,0.99997453804398,0.99997418046731,3.57956866252e-05,3.1801079216958e-22,-1.0545142453229e-05,-1.1687171459206e-05,0.0099975069617614,-8.1115864955675e-06,8.1264809466997e-06,-4.539652896583e-06,-5.3236686542453e-06,-5.3050083572274e-06,0.90003046528687,0.90001456318454,2.5,2.5,-4.8373370362078e-06,-0.0001
0.12875,-0.037912063065438,0.57737298283364,0.61528504589908,0.99995787955443,0.99994037366631,0.99997455300268,0.99997419914483,3.5424494685936e-05,3.1470383281476e-22,-1.0577625952197e-05,-1.1707785436324e-05,0.0099974969283414,-8.0267359725599e-06,8.0414760637601e-06,-4.5508626190836e-06,-5.3267506721448e-06,-5.2981463568097e-06,0.90003044962551,0.90001471242958,2.5,2.5,-4.8454751254752e-06,-9.9999999999983e-05
0.13,-0.037912063065438,0.57737298283364,0.61528504589908,0.9999577336373,0.99994040932854,0.99997456780563,0.9999742176277,3.5057100507413e-05,3.1143143145979e-22,-1.060976815001e-05,-1.1728181658374e-05,0.0099974869998277,-7.942810989743e-06,7.9573982931579e-06,-4.5619570179147e-06,-5.3298003407937e-06,-5.2913561032686e-06,0.90003043412842,0.90001486015114,2.5,2.5,-4.8535281254854e-06,-0.00010000000000001
0.13125,-0.037912063065438,0.57737298283364,0.61528504589908,0.99995758920755,0.99994044461663,0.99997458245447,0.99997423591799,3.4693469246192e-05,3.0819321378592e-22,-1.0641572886256e-05,-1.1748362665003e-05,0.0099974771750795,-7.8597985131983e-06,7.874234587065e-06,-4.572937201305e-06,-5.3328180215735e-06,-5.2846368165199e-06,0.90003041879379,0.90001500636291,2.5,2.5,-4.8614969614035e-06,-9.9999999999984e-05
0.1325,-0.037912063065438,0.57737298283364,0.61528504589908,0.99995744625197,0.99994047953473,0.99997459695082,0.99997425401774,3.4333566061066e-05,3.0498881056001e-22,-1.0673043938114e-05,-1.1768330947731e-05,0.0099974674529722,-7.7776859104809e-06,7.7919722992246e-06,-4.5838042729905e-06,-5.3358040701421e-06,-5.2779877272575e-06,0.90003040361981,0.90001515107862,2.5,2.5,-4.8693825455874e-06,-0.00010000000000002
0.13375,-0.037912063065438,0.57737298283364,0.61528504589908,0.9999573047573,0.99994051408696,0.99997461129629,0.99997427192897,3.3977356141078e-05,3.0181785747893e-22,-1.0704185022122e-05,-1.1788088952666e-05,0.009997457832396,-7.6964609260147e-06,7.7105991600531e-06,-4.594559331707e-06,-5.3387588366506e-06,-5.2714080766648e-06,0.90003038860472,0.90001529431203,2.5,2.5,-4.8771857779688e-06,-0.0001
0.135,-0.037912063065438,0.57737298283364,0.61528504589908,0.99995716471029,0.99994054827734,0.99997462549246,0.99997428965367,3.3624804731068e-05,2.9867999502458e-22,-1.0734999797077e-05,-1.180763908178e-05,0.0099974483122564,-7.6161116578413e-06,7.6301032536488e-06,-4.6052034707413e-06,-5.3416826659396e-06,-5.2648971161008e-06,0.90003037374676,0.90001543607685,2.5,2.5,-4.8849075464129e-06,-9.9999999999994e-05
0.13625,-0.037912063065438,0.57737298283364,0.61528504589908,0.99995702609765,0.99994058210987,0.99997463954091,0.99997430719381,3.3275877154899e-05,2.9557486834904e-22,-1.076549186564e-05,-1.1826983695398e-05,0.0099974388914733,-7.5366265362945e-06,7.5504729963878e-06,-4.6157377775234e-06,-5.344575897724e-06,-5.2584541068106e-06,0.90003035904422,0.90001557638681,2.5,2.5,-4.8925487270543e-06,-9.9999999999997e-05
0.1375,-0.037912063065438,0.57737298283364,0.61528504589908,0.99995688890609,0.99994061558845,0.99997465344318,0.99997432455134,3.2930538836578e-05,2.9250212715252e-22,-1.079566477662e-05,-1.1846125113684e-05,0.0099974295689804,-7.4579943044685e-06,7.471697117385e-06,-4.6261633332562e-06,-5.3474388667694e-06,-5.2520783196664e-06,0.9000303444954,0.90001571525562,2.5,2.5,-4.9001101846147e-06,-0.0001
0.13875,-0.037912063065438,0.57737298283364,0.61528504589908,0.99995675312236,0.99994064871696,0.99997466720082,0.99997434172819,3.2588755319581e-05,2.8946142555861e-22,-1.0825522026644e-05,-1.1865065618231e-05,0.0099974203437254,-7.3802039997095e-06,7.3937646400845e-06,-4.6364812125891e-06,-5.350271903049e-06,-5.2457690349074e-06,0.90003033009863,0.90001585269694,2.5,2.5,-4.9075927727009e-06,-9.9999999999997e-05
0.14,-0.037912063065438,0.57737298283364,0.61528504589908,0.99995661873321,0.99994068149919,0.99997468081533,0.99997435872625,3.22504922842e-05,2.8645242202036e-22,-1.0855067062012e-05,-1.1883807453702e-05,0.0099974112146692,-7.3032449370756e-06,7.3166648655651e-06,-4.6466924833173e-06,-5.3530753319009e-06,-5.2395255419141e-06,0.90003031585226,0.9000159887244,2.5,2.5,-4.9149973340872e-06,-0.0001
0.14125,-0.037912063065438,0.57737298283364,0.61528504589908,0.99995648572541,0.99994071393892,0.99997469428822,0.99997437554741,3.1915715563389e-05,2.8347477920748e-22,-1.0884303280241e-05,-1.1902352829369e-05,0.0099974021807858,-7.2271066933741e-06,7.2403873568048e-06,-4.6567982061183e-06,-5.3558494741671e-06,-5.2333471389717e-06,0.90003030175468,0.90001612335158,2.5,2.5,-4.9223247009791e-06,-0.00010000000000001
0.1425,-0.037912063065438,0.57737298283364,0.61528504589908,0.9999563540858,0.99994074603984,0.99997470762097,0.99997439219352,3.1584391157054e-05,2.8052816391381e-22,-1.091323403157e-05,-1.1920703919902e-05,0.009997393241062,-7.1517790928427e-06,7.1649219241899e-06,-4.6667994343192e-06,-5.3585946463282e-06,-5.2272331330667e-06,0.90003028780427,0.90001625659201,2.5,2.5,-4.9295756952659e-06,-9.9999999999993e-05
0.14375,-0.037912063065438,0.57737298283364,0.61528504589908,0.99995622380123,0.9999407778056,0.99997472081505,0.99997440866643,3.1256485244994e-05,2.7761224697112e-22,-1.0941862620541e-05,-1.1938862867414e-05,0.0099973843944967,-7.0772521938629e-06,7.0902586122611e-06,-4.6766972136804e-06,-5.3613111606302e-06,-5.2211828396911e-06,0.90003027399944,0.90001638845914,2.5,2.5,-4.9367511287568e-06,-0.00010000000000001
0.145,-0.037912063065438,0.57737298283364,0.61528504589908,0.99995609485862,0.99994080923982,0.99997473387191,0.99997442496796,3.0931964198507e-05,2.7472670315185e-22,-1.0970192307009e-05,-1.1956831781758e-05,0.0099973756401014,-7.0035162761303e-06,7.0163876870844e-06,-4.6864925822195e-06,-5.3639993251975e-06,-5.2151955826303e-06,0.90003026033865,0.90001651896638,2.5,2.5,-4.9438518034065e-06,-9.9999999999995e-05
0.14625,-0.037912063065438,0.57737298283364,0.61528504589908,0.99995596724495,0.99994084034605,0.99997474679299,0.9999744410999,3.0610794590872e-05,2.7187121110608e-22,-1.0998226307806e-05,-1.1974612742249e-05,0.0099973669768991,-6.9305618297634e-06,6.9432996250147e-06,-4.6961865700419e-06,-5.3666594441513e-06,-5.2092706938166e-06,0.90003024682035,0.90001664812706,2.5,2.5,-4.9508785115276e-06,-0.0001
0.1475,-0.037912063065438,0.57737298283364,0.61528504589908,0.99995584094727,0.99994087112781,0.9999747595797,0.99997445706403,3.0292943206747e-05,2.6904545325588e-22,-1.1025967797455e-05,-1.1992207798583e-05,0.0099973584039247,-6.8583795439636e-06,6.8709851017072e-06,-4.7057801992004e-06,-5.3692918177061e-06,-5.2034075131361e-06,0.90003023344301,0.90001677595443,2.5,2.5,-4.9578320359924e-06,-9.9999999999996e-05
0.14875,-0.037912063065438,0.57737298283364,0.61528504589908,0.99995571595267,0.99994090158857,0.99997477223345,0.9999744728621,2.997837705054e-05,2.6624911574493e-22,-1.1053419909815e-05,-1.2009618971313e-05,0.0099973499202243,-6.7869602975844e-06,6.7994349824799e-06,-4.715274483576e-06,-5.3718967422736e-06,-5.1976053882651e-06,0.90003022020513,0.90001690246165,2.5,2.5,-4.9647131504261e-06,-0.0001
0.15,-0.037912063065438,0.57737298283364,0.61528504589908,0.99995559224835,0.99994093173175,0.99997478475562,0.99997448849586,2.9667063353931e-05,2.6348188836179e-22,-1.1080585738645e-05,-1.2026848253314e-05,0.0099973415248554,-6.7162951497139e-06,6.7286403129544e-06,-4.7246704287665e-06,-5.3744745105541e-06,-5.1918636745393e-06,0.90003020710522,0.90001702766182,2.5,2.5,-4.9715226193884e-06,-0.0001
0.15125,-0.037912063065438,0.57737298283364,0.61528504589908,0.99995546982156,0.99994096156073,0.9999747971476,0.99997450396703,2.935896958245e-05,2.6074346445867e-22,-1.1107468338758e-05,-1.2043897610228e-05,0.0099973332168862,-6.6463753311571e-06,6.658592310609e-06,-4.7339690320016e-06,-5.3770254116227e-06,-5.1861817347733e-06,0.90003019414183,0.90001715156794,2.5,2.5,-4.9782611985487e-06,-0.0001
0.1525,-0.037912063065438,0.57737298283364,0.61528504589908,0.99995534865964,0.99994099107885,0.99997480941074,0.9999745192773,2.9054063441437e-05,2.580335409101e-22,-1.1134070727225e-05,-1.2060768981379e-05,0.0099973249953959,-6.5771922366542e-06,6.5892823568684e-06,-4.7431712820644e-06,-5.3795497310137e-06,-5.1805589391559e-06,0.9000301813135,0.90001727419291,2.5,2.5,-4.9849296348512e-06,-9.9999999999995e-05
0.15375,-0.037912063065438,0.57737298283364,0.61528504589908,0.99995522875001,0.99994102028942,0.99997482154638,0.99997453442836,2.8752312881134e-05,2.55351818028e-22,-1.1160395883751e-05,-1.2077464280588e-05,0.0099973168594741,-6.5087374172682e-06,6.5207019896542e-06,-4.7522781592368e-06,-5.3820477507998e-06,-5.1749946650803e-06,0.9000301686188,0.90001739554955,2.5,2.5,-4.9915286666744e-06,-9.9999999999999e-05
0.155,-0.037912063065438,0.57737298283364,0.61528504589908,0.99995511008018,0.9999410491957,0.99997483355586,0.99997454942188,2.8453686101245e-05,2.5269799952673e-22,-1.1186446751854e-05,-1.2093985396815e-05,0.0099973088082209,-6.4410025737928e-06,6.4528428966113e-06,-4.7612906352382e-06,-5.3845197496675e-06,-5.1694882970487e-06,0.90003015605632,0.9000175156506,2.5,2.5,-4.9980590239823e-06,-9.9999999999998e-05
0.15625,-0.037912063065438,0.57737298283364,0.61528504589908,0.99995499263775,0.99994107780091,0.9999748454405,0.99997456425949,2.8158151554823e-05,2.5007179244293e-22,-1.1212226239685e-05,-1.2110334194516e-05,0.0099973008407465,-6.3739795501748e-06,6.385696908734e-06,-4.7702096731964e-06,-5.3869660029834e-06,-5.1640392265286e-06,0.90003014362465,0.90001763450866,2.5,2.5,-5.0045214284696e-06,-0.0001
0.1575,-0.037912063065438,0.57737298283364,0.61528504589908,0.99995487641042,0.99994110610822,0.99997485720158,0.99997457894283,2.7865677951707e-05,2.4747290709204e-22,-1.1237737220426e-05,-1.2126512514843e-05,0.009997292956171,-6.3076603277966e-06,6.3192559944393e-06,-4.7790362276207e-06,-5.3893867828664e-06,-5.1586468518537e-06,0.90003013132242,0.90001775213629,2.5,2.5,-5.0109165937013e-06,-0.0001
0.15875,-0.037912063065438,0.57737298283364,0.61528504589908,0.99995476138595,0.99994113412079,0.9999748688404,0.9999745934735,2.7576234261268e-05,2.4490105702537e-22,-1.1262982533566e-05,-1.2142522175645e-05,0.0099972851536248,-6.2420370196212e-06,6.2535122539586e-06,-4.7877712443748e-06,-5.3917823582486e-06,-5.1533105780824e-06,0.90003011914826,0.90001786854589,2.5,2.5,-5.0172452252459e-06,-0.00010000000000001
0.16,-0.037912063065438,0.57737298283364,0.61528504589908,0.99995464755224,0.99994116184173,0.99997488035825,0.99997460785311,2.7289789714937e-05,2.4235595895217e-22,-1.1287964984965e-05,-1.215836497244e-05,0.0099972774322475,-6.1771018654668e-06,6.1884579143485e-06,-4.7964156606774e-06,-5.3941529949386e-06,-5.1480298169219e-06,0.90003010710083,0.9000179837498,2.5,2.5,-5.0235080208039e-06,-9.9999999999992e-05
0.16125,-0.037912063065438,0.57737298283364,0.61528504589908,0.99995453489726,0.99994118927411,0.99997489175636,0.99997462208322,2.7006313808164e-05,2.3983733272689e-22,-1.1312687347876e-05,-1.2174042678515e-05,0.0099972697911884,-6.1128472268859e-06,6.1240853245956e-06,-4.8049704050933e-06,-5.3964989556776e-06,-5.1428039866008e-06,0.90003009517878,0.90001809776025,2.5,2.5,-5.0297056703318e-06,-0.0001
0.1625,-0.037912063065438,0.57737298283364,0.61528504589908,0.99995442340907,0.99994121642097,0.999974903036,0.9999746361654,2.6725776301905e-05,2.3734490127765e-22,-1.1337152363611e-05,-1.2189557045887e-05,0.0099972622296064,-6.0492655828248e-06,6.0603869511362e-06,-4.8134363975406e-06,-5.3988205001974e-06,-5.1376325117801e-06,0.9000300833808,0.90001821058934,2.5,2.5,-5.0358388561601e-06,-9.9999999999995e-05
0.16375,-0.037912063065438,0.57737298283364,0.61528504589908,0.99995431307586,0.99994124328531,0.9999749141984,0.99997465010118,2.6448147224091e-05,2.3487839056065e-22,-1.1361362741679e-05,-1.2204909805494e-05,0.0099972547466695,-5.9863495254871e-06,5.997355373741e-06,-4.8218145493024e-06,-5.4011178852695e-06,-5.1325148234616e-06,0.90003007170559,0.90001832224911,2.5,2.5,-5.0419082531093e-06,-0.00010000000000001
0.165,-0.037912063065438,0.57737298283364,0.61528504589908,0.99995420388589,0.9999412698701,0.99997492524478,0.9999746638921,2.6173396870267e-05,2.3243752953568e-22,-1.1385321161053e-05,-1.2220102667501e-05,0.0099972473415548,-5.924091756193e-06,5.9349832815224e-06,-4.8301057630461e-06,-5.4033913647606e-06,-5.1274503588703e-06,0.90003006015186,0.90001843275146,2.5,2.5,-5.0479145285997e-06,-9.9999999999994e-05
0.16625,-0.037912063065438,0.57737298283364,0.61528504589908,0.99995409582753,0.99994129617828,0.99997493617634,0.99997467753967,2.5901495804465e-05,2.3002205010036e-22,-1.1409030269977e-05,-1.223513732198e-05,0.0099972400134485,-5.8624850821314e-06,5.8732634694062e-06,-4.8383109328457e-06,-5.4056411896801e-06,-5.1224385613941e-06,0.90003004871832,0.9000185421082,2.5,2.5,-5.0538583427591e-06,-9.9999999999992e-05
0.1675,-0.037912063065438,0.57737298283364,0.61528504589908,0.99995398888927,0.99994132221275,0.99997494699428,0.99997469104537,2.5632414859331e-05,2.276316870684e-22,-1.1432492687067e-05,-1.2250015439338e-05,0.0099972327615455,-5.8015224124851e-06,5.8121888345361e-06,-4.8464309442054e-06,-5.4078676082243e-06,-5.1174788804786e-06,0.90003003740373,0.90001865033103,2.5,2.5,-5.059740348526e-06,-0.00010000000000002
0.16875,-0.037912063065438,0.57737298283364,0.61528504589908,0.99995388305967,0.99994134797638,0.99997495769979,0.99997470441069,2.5366125136458e-05,2.2526617812082e-22,-1.1455711001323e-05,-1.2264738670309e-05,0.0099972255850495,-5.7411967555801e-06,5.7517523732635e-06,-4.8544666741002e-06,-5.4100708658236e-06,-5.1125707715466e-06,0.90003002620684,0.90001875743155,2.5,2.5,-5.0655611917501e-06,-0.0001
0.17,-0.037912063065438,0.57737298283364,0.61528504589908,0.9999537783274,0.99994137347201,0.99997496829404,0.99997471763708,2.5102598006079e-05,2.2292526376637e-22,-1.1478687772989e-05,-1.2279308646841e-05,0.009997218483173,-5.6815012156925e-06,5.6919471780154e-06,-4.8624189910073e-06,-5.4122512051864e-06,-5.1077136959117e-06,0.90003001512641,0.90001886342125,2.5,2.5,-5.0713215112901e-06,-9.9999999999994e-05
0.17125,-0.037912063065438,0.57737298283364,0.61528504589908,0.99995367468126,0.99994139870245,0.99997497877818,0.999974730726,2.4841805106777e-05,2.2060868730484e-22,-1.1501425533895e-05,-1.2293726982076e-05,0.0099972114551368,-5.6224289903374e-06,5.6327664345323e-06,-4.8702887549469e-06,-5.4144088663389e-06,-5.1029071207114e-06,0.90003000416122,0.9000189683115,2.5,2.5,-5.0770219391077e-06,-9.9999999999991e-05
0.1725,-0.037912063065438,0.57737298283364,0.61528504589908,0.99995357211012,0.99994142367047,0.99997498915335,0.99997474367888,2.4583718345037e-05,2.183161947969e-22,-1.1523926787735e-05,-1.2307995270707e-05,0.00999720450017,-5.5639733675713e-06,5.5742034192408e-06,-4.8780768175283e-06,-5.4165440866684e-06,-5.0981505188091e-06,0.90002999331007,0.90001907211359,2.5,2.5,-5.0826631003595e-06,-0.00010000000000001
0.17375,-0.037912063065438,0.57737298283364,0.61528504589908,0.99995347060297,0.99994144837883,0.9999749994207,0.99997475649713,2.4328309894447e-05,2.1604753501884e-22,-1.1546194010644e-05,-1.2322115089467e-05,0.0099971976175104,-5.5061277234646e-06,5.5162514966445e-06,-4.8857840219917e-06,-5.4186571009594e-06,-5.0934433687459e-06,0.90002998257176,0.90001917483869,2.5,2.5,-5.0882456134862e-06,-9.999999999999e-05
0.175,-0.037912063065438,0.57737298283364,0.61528504589908,0.99995337014889,0.99994147283023,0.99997500958135,0.99997476918216,2.4075552194965e-05,2.1380245943407e-22,-1.1568229651636e-05,-1.2336087997417e-05,0.0099971908064035,-5.4488855198121e-06,5.4589041171339e-06,-4.893411203265e-06,-5.4207481414299e-06,-5.088785154645e-06,0.90002997194512,0.90001927649786,2.5,2.5,-5.0937700902997e-06,-0.00010000000000001
0.17625,-0.037912063065438,0.57737298283364,0.61528504589908,0.99995327073707,0.99994149702736,0.9999750196364,0.99997478173534,2.3825417951827e-05,2.1158072215612e-22,-1.1590036132866e-05,-1.2349915535826e-05,0.0099971840661031,-5.3922403019743e-06,5.4021548147484e-06,-4.9009591880054e-06,-5.4228174377725e-06,-5.0841753661406e-06,0.90002996142898,0.90001937710207,2.5,2.5,-5.0992371360675e-06,-9.9999999999997e-05
0.1775,-0.037912063065438,0.57737298283364,0.61528504589908,0.99995317235681,0.99994152097288,0.99997502958695,0.99997479415807,2.3577880134481e-05,2.0938207992321e-22,-1.1611615850158e-05,-1.2363599229208e-05,0.009997177395871,-5.3361856966825e-06,5.345997204991e-06,-4.908428794664e-06,-5.4248652171864e-06,-5.0796134983261e-06,0.90002995102218,0.90001947666218,2.5,2.5,-5.1046473495958e-06,-9.9999999999998e-05
0.17875,-0.037912063065438,0.57737298283364,0.61528504589908,0.99995307499749,0.99994154466942,0.99997503943409,0.99997480645168,2.3332911975354e-05,2.0720629205617e-22,-1.1632971173277e-05,-1.2377140584916e-05,0.0099971707949767,-5.2807154101726e-06,5.2904249829774e-06,-4.9158208335331e-06,-5.4268917044118e-06,-5.075099051673e-06,0.90002994072358,0.90001957518892,2.5,2.5,-5.1100013233094e-06,-9.9999999999994e-05
0.18,-0.037912063065438,0.57737298283364,0.61528504589908,0.99995297864861,0.99994156811957,0.9999750491789,0.99997481861752,2.3090486968541e-05,2.0505312042597e-22,-1.165410444629e-05,-1.239054109362e-05,0.0099971642626977,-5.2258232262587e-06,5.2354319215396e-06,-4.9231361068102e-06,-5.4288971217623e-06,-5.0706315319641e-06,0.90002993053206,0.90001967269296,2.5,2.5,-5.1152996433309e-06,-0.00010000000000001
0.18125,-0.037912063065438,0.57737298283364,0.61528504589908,0.99995288329977,0.99994159132592,0.99997505882244,0.99997483065693,2.2850578868274e-05,2.0292232943893e-22,-1.1675017987926e-05,-1.2403802229786e-05,0.0099971577983189,-5.1715030046008e-06,5.1810118694247e-06,-4.9303754086526e-06,-5.4308816891614e-06,-5.0662104502331e-06,0.9000299204465,0.90001976918483,2.5,2.5,-5.1205428895572e-06,-0.00010000000000001
0.1825,-0.037912063065438,0.57737298283364,0.61528504589908,0.99995278894066,0.999941614291,0.99997506836576,0.99997484257122,2.2613161687523e-05,2.0081368599068e-22,-1.1695714092044e-05,-1.2416925451464e-05,0.0099971514011331,-5.1177486790638e-06,5.1271587497452e-06,-4.9375395252375e-06,-5.4328456241674e-06,-5.0618353226943e-06,0.90002991046578,0.90001986467498,2.5,2.5,-5.1257316357351e-06,-9.9999999999976e-05
0.18375,-0.037912063065438,0.57737298283364,0.61528504589908,0.99995269556108,0.99994163701733,0.99997507780991,0.9999748543617,2.2378209696315e-05,1.9872695943787e-22,-1.1716195027718e-05,-1.2429912200957e-05,0.0099971450704403,-5.0645542561758e-06,5.0738665582669e-06,-4.9446292348278e-06,-5.4347891420098e-06,-5.0575056706999e-06,0.90002990058882,0.90001995917374,2.5,2.5,-5.1308664495344e-06,-0.00010000000000001
0.185,-0.037912063065438,0.57737298283364,0.61528504589908,0.99995260315093,0.9999416595074,0.99997508715592,0.99997486602964,2.2145697420115e-05,1.9666192158122e-22,-1.1736463039713e-05,-1.2442763904875e-05,0.009997138805548,-5.0119138134167e-06,5.0211293619492e-06,-4.9516453078315e-06,-5.4367124556134e-06,-5.0532210206541e-06,0.90002989081454,0.90002005269135,2.5,2.5,-5.1359478926208e-06,-9.9999999999999e-05
0.18625,-0.037912063065438,0.57737298283364,0.61528504589908,0.9999525117002,0.99994168176367,0.9999750964048,0.99997487757632,2.1915599638106e-05,1.9461834661807e-22,-1.1756520348809e-05,-1.2455481974196e-05,0.0099971326057711,-4.9598214980613e-06,4.9689412976092e-06,-4.9585885068672e-06,-5.4386157756339e-06,-5.048980903956e-06,0.90002988114186,0.90002014523795,2.5,2.5,-5.1409765207256e-06,-9.9999999999996e-05
0.1875,-0.037912063065438,0.57737298283364,0.61528504589908,0.99995242119898,0.99994170378859,0.99997510555757,0.99997488900301,2.1687891381368e-05,1.9259601113565e-22,-1.1776369152081e-05,-1.2468067804829e-05,0.0099971264704317,-4.9082715257435e-06,4.9172965704208e-06,-4.9654595868249e-06,-5.4404993104799e-06,-5.0447848569759e-06,0.90002987156973,0.90002023682356,2.5,2.5,-5.1459528837157e-06,-0.00010000000000001
0.18875,-0.037912063065438,0.57737298283364,0.61528504589908,0.99995233163746,0.99994172558456,0.99997511461522,0.99997490031095,2.1462547931077e-05,1.9059469406722e-22,-1.179601162309e-05,-1.2480522777434e-05,0.009997120398859,-4.857258178975e-06,4.8661894527162e-06,-4.9722592949325e-06,-5.4423632663453e-06,-5.0406324209453e-06,0.9000298620971,0.90002032745813,2.5,2.5,-5.1508775256611e-06,-9.9999999999991e-05
0.19,-0.037912063065438,0.57737298283364,0.61528504589908,0.99995224300595,0.99994174715397,0.99997512357876,0.99997491150138,2.123954481667e-05,1.8861417667854e-22,-1.1815449912372e-05,-1.2492848257857e-05,0.0099971143903893,-4.8067758061998e-06,4.8156142827044e-06,-4.9789883708253e-06,-5.4442078472322e-06,-5.0365231419427e-06,0.90002985272293,0.90002041715148,2.5,2.5,-5.1557509849019e-06,-9.9999999999997e-05
0.19125,-0.037912063065438,0.57737298283364,0.61528504589908,0.99995215529481,0.99994176849918,0.99997513244914,0.99997492257552,2.1018857813857e-05,1.8665424252591e-22,-1.1834686147551e-05,-1.2505045597347e-05,0.0099971084443657,-4.7568188204016e-06,4.7655654633355e-06,-4.9856475466055e-06,-5.4460332549819e-06,-5.0324565708191e-06,0.9000298434462,0.90002050591336,2.5,2.5,-5.1605737941137e-06,-0.0001
0.1925,-0.037912063065438,0.57737298283364,0.61528504589908,0.99995206849454,0.99994178962252,0.99997514122735,0.99997493353457,2.0800462942758e-05,1.8471467744213e-22,-1.1853722433642e-05,-1.2517116132621e-05,0.0099971025601386,-4.7073816980442e-06,4.716037461113e-06,-4.9922375469112e-06,-5.447839689296e-06,-5.0284322631445e-06,0.90002983426588,0.9000205937534,2.5,2.5,-5.1653464803719e-06,-0.0001
0.19375,-0.037912063065438,0.57737298283364,0.61528504589908,0.99995198259572,0.99994181052631,0.99997514991434,0.99997494437975,2.058433646587e-05,1.827952695096e-22,-1.187256085339e-05,-1.2529061186032e-05,0.0099970967370649,-4.6584589780054e-06,4.667024805026e-06,-4.9987590889833e-06,-5.4496273477657e-06,-5.0244497791574e-06,0.90002982518099,0.90002068068115,2.5,2.5,-5.1700695652149e-06,-0.0001
0.195,-0.037912063065438,0.57737298283364,0.61528504589908,0.999951897589,0.99994183121283,0.99997515851105,0.99997495511222,2.037045488616e-05,1.808958090331e-22,-1.189120346764e-05,-1.2540882066057e-05,0.0099970909745083,-4.6100452605755e-06,4.6185220855882e-06,-5.0052128827326e-06,-5.4513964258928e-06,-5.0205086837242e-06,0.90002981619052,0.90002076670604,2.5,2.5,-5.1747435647068e-06,-0.0001
0.19625,-0.037912063065438,0.57737298283364,0.61528504589908,0.99995181346517,0.99994185168435,0.99997516701844,0.99997496573316,2.0158794944954e-05,1.7901608851477e-22,-1.1909652315181e-05,-1.2552580066823e-05,0.0099970852718393,-4.5621352062683e-06,4.5705239536882e-06,-5.0115996308034e-06,-5.4531471171202e-06,-5.0166085462566e-06,0.90002980729349,0.90002085183744,2.5,2.5,-5.1793689894978e-06,-9.9999999999998e-05
0.1975,-0.037912063065438,0.57737298283364,0.61528504589908,0.99995173021507,0.99994187194309,0.99997517543742,0.99997497624373,1.9949333619977e-05,1.7715590262618e-22,-1.1927909413479e-05,-1.2564156469165e-05,0.0099970796284349,-4.5147235351337e-06,4.523025119741e-06,-5.0179200286428e-06,-5.4548796128471e-06,-5.0127489407025e-06,0.90002979848893,0.90002093608459,2.5,2.5,-5.183946344885e-06,-9.9999999999997e-05
0.19875,-0.037912063065438,0.57737298283364,0.61528504589908,0.99995164782967,0.99994189199128,0.99997518376891,0.99997498664508,1.9742048123286e-05,1.7531504819451e-22,-1.1945976758744e-05,-1.2575612539905e-05,0.0099970740436786,-4.4678050256494e-06,4.4760203528318e-06,-5.024174764567e-06,-5.4565941024604e-06,-5.0089294454451e-06,0.90002978977588,0.90002101945666,2.5,2.5,-5.1884761308717e-06,-0.00010000000000001
0.2,-0.037912063065438,0.57737298283364,0.61528504589908,0.9999515663,0.99994191183111,0.99997519201383,0.99997499693835,1.9536915899249e-05,1.7349332416868e-22,-1.1963856325986e-05,-1.2586949532728e-05,0.0099970685169604,-4.4213745139117e-06,4.4295044795989e-06,-5.0303645198289e-06,-5.4582907733531e-06,-5.0051496433105e-06,0.90002978115338,0.90002110196271,2.5,2.5,-5.1929588422257e-06,-9.9999999999993e-05
0.20125,-0.037912063065438,0.57737298283364,0.61528504589908,0.9999514856172,0.99994193146475,0.99997520017307,0.99997500712465,1.9333914622355e-05,1.7169053160673e-22,-1.1981550069626e-05,-1.2598168687913e-05,0.0099970630476768,-4.3754268926891e-06,4.3834723835665e-06,-5.0364899686831e-06,-5.4599698109479e-06,-5.0014091214761e-06,0.90002977262049,0.90002118361172,2.5,2.5,-5.1973949685362e-06,-0.0001
0.2025,-0.037912063065438,0.57737298283364,0.61528504589908,0.99995140577249,0.99994195089434,0.99997520824753,0.9999750172051,1.9133022195343e-05,1.6990647363834e-22,-1.19990599233e-05,-1.260927123251e-05,0.0099970576352305,-4.3299571107305e-06,4.3379190042968e-06,-5.042551778452e-06,-5.4616313987205e-06,-4.9977074714402e-06,0.90002976417628,0.90002126441258,2.5,2.5,-5.2017849942716e-06,-0.0001
0.20375,-0.037912063065438,0.57737298283364,0.61528504589908,0.99995132675718,0.999941970122,0.99997521623808,0.9999750271808,1.8934216747009e-05,1.6814095545681e-22,-1.2016387800661e-05,-1.2620258380883e-05,0.0099970522790302,-4.284960171864e-06,4.2928393364979e-06,-5.0485506095918e-06,-5.463275718223e-06,-4.9940442889725e-06,0.90002975581983,0.90002134437408,2.5,2.5,-5.2061293988347e-06,-9.999999999999e-05
0.205,-0.037912063065438,0.57737298283364,0.61528504589908,0.99995124856268,0.99994198914983,0.9999752241456,0.99997503705284,1.8737476630134e-05,1.66393784288e-22,-1.2033535594933e-05,-1.2631131334346e-05,0.0099970469784913,-4.2404311341792e-06,4.2482284292894e-06,-5.0544871157622e-06,-5.4649029490977e-06,-4.9904191740663e-06,0.90002974755022,0.90002142350492,2.5,2.5,-5.2104286566177e-06,-9.9999999999997e-05
0.20625,-0.037912063065438,0.57737298283364,0.61528504589908,0.99995117118048,0.99994200797993,0.99997523197095,0.99997504682229,1.8542780419414e-05,1.6466476936808e-22,-1.2050505179653e-05,-1.2641891281732e-05,0.0099970417330349,-4.1963651094626e-06,4.2040813855156e-06,-5.06036194389e-06,-5.4665132691088e-06,-4.9868317308985e-06,0.90002973936656,0.90002150181371,2.5,2.5,-5.2146832370569e-06,-0.00010000000000002
0.2075,-0.037912063065438,0.57737298283364,0.61528504589908,0.99995109460215,0.99994202661433,0.99997523971499,0.99997505649023,1.8350106909437e-05,1.629537219287e-22,-1.2067298408719e-05,-1.2652539399033e-05,0.0099970365420884,-4.1527572622123e-06,4.1603933608733e-06,-5.0661757342294e-06,-5.4681068541556e-06,-4.9832815677744e-06,0.90002973126794,0.90002157930899,2.5,2.5,-5.2188936046858e-06,-9.999999999999e-05
0.20875,-0.037912063065438,0.57737298283364,0.61528504589908,0.99995101881936,0.99994204505508,0.99997524737855,0.9999750660577,1.815943511255e-05,1.6126045516866e-22,-1.2083917116502e-05,-1.2663076850343e-05,0.0099970314050848,-4.1096028091577e-06,4.1171595633724e-06,-5.0719291204343e-06,-5.4696838782971e-06,-4.9797682970874e-06,0.90002972325348,0.9000216559992,2.5,2.5,-5.2230602191887e-06,-0.00010000000000001
0.21,-0.037912063065438,0.57737298283364,0.61528504589908,0.99995094382386,0.99994206330419,0.99997525496248,0.99997507552575,1.7970744256868e-05,1.5958478424217e-22,-1.2100363118298e-05,-1.2673504787117e-05,0.0099970263214636,-4.0668970184841e-06,4.0743752525274e-06,-5.0776227296229e-06,-5.47124451377e-06,-4.9762915352823e-06,0.90002971532231,0.90002173189267,2.5,2.5,-5.2271835354521e-06,-9.9999999999996e-05
0.21125,-0.037912063065438,0.57737298283364,0.61528504589908,0.99995086960747,0.99994208136365,0.99997526246761,0.99997508489542,1.7784013784117e-05,1.5792652622161e-22,-1.2116638210234e-05,-1.2683824348907e-05,0.0099970212906696,-4.024635209039e-06,4.0320357386501e-06,-5.083257182434e-06,-5.4727889310101e-06,-4.9728509028051e-06,0.90002970747356,0.90002180699769,2.5,2.5,-5.2312640036165e-06,-9.9999999999985e-05
0.2125,-0.037912063065438,0.57737298283364,0.61528504589908,0.99995079616212,0.99994209923544,0.99997526989474,0.99997509416773,1.7599223347714e-05,1.5628550008733e-22,-1.2132744169832e-05,-1.2694036663208e-05,0.0099970163121536,-3.9828127499164e-06,3.9901363823723e-06,-5.0888330930997e-06,-5.4743172986705e-06,-4.9694460240544e-06,0.90002969970637,0.90002188132244,2.5,2.5,-5.2353020691272e-06,-0.00010000000000002
0.21375,-0.037912063065438,0.57737298283364,0.61528504589908,0.9999507234798,0.9999421169215,0.9999752772447,0.99997510334368,1.7416352810564e-05,1.5466152671889e-22,-1.2148682755887e-05,-1.2704142845842e-05,0.0099970113853723,-3.9414250596022e-06,3.9486725938299e-06,-5.094351069504e-06,-5.47582978364e-06,-4.9660765273473e-06,0.90002969201991,0.900021954875,2.5,2.5,-5.2392981727844e-06,-9.9999999999996e-05
0.215,-0.037912063065438,0.57737298283364,0.61528504589908,0.99995065155259,0.99994213442378,0.99997528451829,0.99997511242428,1.7235382243181e-05,1.5305442885198e-22,-1.2164455708841e-05,-1.2714144000755e-05,0.0099970065097878,-3.9004676055686e-06,3.9076398321297e-06,-5.099811713251e-06,-5.4773265510693e-06,-4.9627420448855e-06,0.90002968441331,0.9000220276634,2.5,2.5,-5.2432527507931e-06,-9.9999999999995e-05
0.21625,-0.037912063065438,0.57737298283364,0.61528504589908,0.99995058037267,0.99994215174417,0.99997529171629,0.99997512141053,1.7056291921562e-05,1.5146403107101e-22,-1.2180064751039e-05,-1.2724041220399e-05,0.0099970016848679,-3.8599359034132e-06,3.8670336047352e-06,-5.1052156197187e-06,-5.4788077643779e-06,-4.9594422126954e-06,0.90002967688577,0.90002209969557,2.5,2.5,-5.2471662348114e-06,-0.0001
0.2175,-0.037912063065438,0.57737298283364,0.61528504589908,0.99995050993227,0.99994216888457,0.9999752988395,0.9999751303034,1.6879062325195e-05,1.4989015978444e-22,-1.2195511586729e-05,-1.2733835585927e-05,0.009996996910086,-3.8198255164369e-06,3.8268494668366e-06,-5.1105633781335e-06,-5.480273585284e-06,-4.9561766705828e-06,0.90002966943644,0.90002217097935,2.5,2.5,-5.2510390519994e-06,-0.0001
0.21875,-0.037912063065438,0.57737298283364,0.61528504589908,0.99995044022372,0.99994218584686,0.99997530588869,0.99997513910386,1.6703674135134e-05,1.4833264322184e-22,-1.2210797902353e-05,-1.2743528166858e-05,0.0099969921849209,-3.7801320551777e-06,3.7870830208389e-06,-5.1158555716195e-06,-5.4817241738173e-06,-4.9529450621417e-06,0.90002966206453,0.90002224152252,2.5,2.5,-5.2548716250669e-06,-9.9999999999998e-05
0.22,-0.037912063065438,0.57737298283364,0.61528504589908,0.99995037123942,0.99994220263288,0.99997531286464,0.99997514781287,1.6530108231867e-05,1.4679131139041e-22,-1.222592536694e-05,-1.2753120021801e-05,0.009996987508857,-3.7408511764352e-06,3.7477299156832e-06,-5.1210927772674e-06,-5.4831596883358e-06,-4.9497470346484e-06,0.90002965476923,0.90002231133276,2.5,2.5,-5.2586643723198e-06,-0.0001
0.22125,-0.037912063065438,0.57737298283364,0.61528504589908,0.99995030297185,0.99994221924446,0.99997531976809,0.99997515643138,1.6358345693457e-05,1.4526599606239e-22,-1.2240895631781e-05,-1.2762612198149e-05,0.0099969828813837,-3.7019785831756e-06,3.7087858464437e-06,-5.126275566195e-06,-5.4845802855471e-06,-4.9465822390565e-06,0.90002964754973,0.90002238041769,2.5,2.5,-5.2624177077078e-06,-9.9999999999987e-05
0.2225,-0.037912063065438,0.57737298283364,0.61528504589908,0.99995023541357,0.99994223568343,0.99997532659981,0.99997516496034,1.6188367793523e-05,1.4375653078166e-22,-1.225571033126e-05,-1.2772005732511e-05,0.0099969783019962,-3.6635100237747e-06,3.6702465536535e-06,-5.1314045036029e-06,-5.4859861205253e-06,-4.9434503299767e-06,0.90002964040526,0.90002244878483,2.5,2.5,-5.2661320408697e-06,-0.00010000000000002
0.22375,-0.037912063065438,0.57737298283364,0.61528504589908,0.99995016855722,0.99994225195156,0.99997533336054,0.99997517340068,1.6020155999332e-05,1.4226275080459e-22,-1.2270371082546e-05,-1.2781301650479e-05,0.0099969737701946,-3.6254412913843e-06,3.6321078228159e-06,-5.1364801488411e-06,-5.4873773467276e-06,-4.9403509655848e-06,0.90002963333503,0.90002251644164,2.5,2.5,-5.2698077771794e-06,-9.9999999999993e-05
0.225,-0.037912063065438,0.57737298283364,0.61528504589908,0.99995010239551,0.99994226805065,0.99997534005102,0.9999751817533,1.5853691969786e-05,1.4078449310991e-22,-1.2284879485955e-05,-1.2790500967091e-05,0.0099969692854843,-3.5877682236409e-06,3.5943654839208e-06,-5.141503055464e-06,-5.4887541160101e-06,-4.9372838076342e-06,0.90002962633827,0.9000225833955,2.5,2.5,-5.2734453177905e-06,-9.9999999999997e-05
0.22625,-0.037912063065438,0.57737298283364,0.61528504589908,0.99995003692123,0.99994228398245,0.99997534667198,0.99997519001914,1.5688957553603e-05,1.3932159637838e-22,-1.2299237125228e-05,-1.2799604686653e-05,0.0099969648473759,-3.550486702036e-06,3.5570154108775e-06,-5.1464737712868e-06,-5.4901165786499e-06,-4.9342485213963e-06,0.90002961941421,0.9000226496537,2.5,2.5,-5.277045059681e-06,-0.00010000000000001
0.2275,-0.037912063065438,0.57737298283364,0.61528504589908,0.99994997212723,0.99994229974869,0.99997535322413,0.99997519819908,1.5525934787309e-05,1.3787390096274e-22,-1.2313445567468e-05,-1.2808613803062e-05,0.0099969604553851,-3.5135926512772e-06,3.5200535209697e-06,-5.1513928384515e-06,-5.4914648833537e-06,-4.9312447756215e-06,0.90002961256211,0.90002271522347,2.5,2.5,-5.2806073956968e-06,-9.9999999999994e-05
0.22875,-0.037912063065438,0.57737298283364,0.61528504589908,0.99994990800645,0.99994231535109,0.99997535970821,0.99997520629403,1.5364605893409e-05,1.364412488803e-22,-1.2327506363488e-05,-1.2817529299818e-05,0.0099969561090326,-3.4770820392269e-06,3.4834757745865e-06,-5.1562607934777e-06,-5.4927991772847e-06,-4.9282722425207e-06,0.90002960578121,0.90002278011195,2.5,2.5,-5.2841327145963e-06,-9.9999999999999e-05
0.23,-0.037912063065438,0.57737298283364,0.61528504589908,0.99994984455191,0.99994233079137,0.99997536612491,0.99997521430486,1.5204953278511e-05,1.3502348378661e-22,-1.2341421048004e-05,-1.2826352150187e-05,0.009996951807844,-3.4409508756801e-06,3.4472781743109e-06,-5.1610781673215e-06,-5.4941196060675e-06,-4.9253305976906e-06,0.90002959907077,0.90002284432623,2.5,2.5,-5.2876214010919e-06,-0.0001
0.23125,-0.037912063065438,0.57737298283364,0.61528504589908,0.99994978175668,0.9999423460712,0.99997537247493,0.99997522223245,1.5046959531399e-05,1.336204509701e-22,-1.2355191139673e-05,-1.2835083317342e-05,0.00999694755135,-3.4051952128041e-06,3.4114567649573e-06,-5.165845485437e-06,-5.4954263138159e-06,-4.9224195201334e-06,0.90002959243007,0.9000229078733,2.5,2.5,-5.2910738358934e-06,-9.9999999999996e-05
0.2325,-0.037912063065438,0.57737298283364,0.61528504589908,0.99994971961391,0.99994236119225,0.99997537875897,0.99997523007766,1.4890607421249e-05,1.3223199732406e-22,-1.2368818141447e-05,-1.2843723754291e-05,0.009996943339086,-3.3698111438837e-06,3.3760076327247e-06,-5.1705632678271e-06,-5.4967194431401e-06,-4.9195386921646e-06,0.90002958585837,0.9000229707601,2.5,2.5,-5.2944903957499e-06,-0.0001
0.23375,-0.037912063065438,0.57737298283364,0.61528504589908,0.99994965811684,0.99994237615618,0.99997538497771,0.99997523784135,1.4735879895784e-05,1.3085797134055e-22,-1.2382303540413e-05,-1.2852274404146e-05,0.0099969391705925,-3.3347948032752e-06,3.340926904813e-06,-5.1752320291003e-06,-5.4979991351656e-06,-4.9166877994217e-06,0.90002957935495,0.90002303299348,2.5,2.5,-5.2978714534912e-06,-9.9999999999995e-05
0.235,-0.037912063065438,0.57737298283364,0.61528504589908,0.99994959725874,0.99994239096461,0.99997539113183,0.99997524552437,1.4582760079456e-05,1.2949822307916e-22,-1.2395648808464e-05,-1.2860736200345e-05,0.0099969350454146,-3.3001423658593e-06,3.3062107491207e-06,-5.1798522785283e-06,-5.4992655295484e-06,-4.9138665308068e-06,0.90002957291912,0.90002309458024,2.5,2.5,-5.3012173780689e-06,-0.0001
0.23625,-0.037912063065438,0.57737298283364,0.61528504589908,0.99994953703299,0.99994240561916,0.999975397222,0.99997525312755,1.4431231271623e-05,1.2815260416818e-22,-1.240885540199e-05,-1.2869110066256e-05,0.009996930963102,-3.2658500464939e-06,3.2718553735577e-06,-5.1844245200994e-06,-5.500518764494e-06,-4.9110745784507e-06,0.90002956655016,0.90002315552708,2.5,2.5,-5.3045285345966e-06,-9.9999999999991e-05
0.2375,-0.037912063065438,0.57737298283364,0.61528504589908,0.99994947743302,0.99994242012143,0.99997540324889,0.99997526065173,1.4281276944811e-05,1.2682096777303e-22,-1.2421924762144e-05,-1.2877396916088e-05,0.0099969269232094,-3.2319140998485e-06,3.2378570258692e-06,-5.18894925257e-06,-5.5017589767679e-06,-4.9083116377036e-06,0.90002956024739,0.90002321584065,2.5,2.5,-5.3078052843911e-06,-0.00010000000000001
0.23875,-0.037912063065438,0.57737298283364,0.61528504589908,0.99994941845232,0.99994243447301,0.99997540921315,0.99997526809773,1.4132880742885e-05,1.255031685816e-22,-1.2434858315317e-05,-1.2885597654046e-05,0.0099969229252959,-3.1983308195412e-06,3.2042119929215e-06,-5.1934269695249e-06,-5.5029863017119e-06,-4.9055774070644e-06,0.9000295540101,0.90002327552753,2.5,2.5,-5.3110479850113e-06,-9.9999999999999e-05
0.24,-0.037912063065438,0.57737298283364,0.61528504589908,0.99994936008447,0.99994244867546,0.99997541511544,0.99997527546635,1.3986026479343e-05,1.2419906280652e-22,-1.2447657472927e-05,-1.2893713175344e-05,0.0099969189689252,-3.1650965380793e-06,3.1709166004718e-06,-5.1978581594244e-06,-5.5042008732579e-06,-4.9028715881801e-06,0.90002954783764,0.90002333459424,2.5,2.5,-5.3142569902975e-06,-0.0001
0.24125,-0.037912063065438,0.57737298283364,0.61528504589908,0.99994930232309,0.99994246273032,0.9999754209564,0.9999752827584,1.3840698135589e-05,1.2290850814138e-22,-1.2460323631614e-05,-1.2901744365624e-05,0.0099969150536657,-3.1322076263904e-06,3.1379672127538e-06,-5.2022433056591e-06,-5.5054028239511e-06,-4.9001938857985e-06,0.90002954172931,0.90002339304721,2.5,2.5,-5.3174326504107e-06,-9.9999999999984e-05
0.2425,-0.037912063065438,0.57737298283364,0.61528504589908,0.99994924516189,0.99994247663914,0.99997542673666,0.99997528997468,1.3696879859142e-05,1.2163136376588e-22,-1.2472858173706e-05,-1.290969210139e-05,0.00999691117909,-3.0996604931403e-06,3.1053602318718e-06,-5.2065828866038e-06,-5.5065922849482e-06,-4.8975440077335e-06,0.90002953568445,0.90002345089282,2.5,2.5,-5.3205753118708e-06,-0.00010000000000002
0.24375,-0.037912063065438,0.57737298283364,0.61528504589908,0.99994918859464,0.99994249040343,0.99997543245687,0.99997529711598,1.3554555962035e-05,1.2036749032585e-22,-1.2485262466925e-05,-1.2917557249901e-05,0.0099969073447756,-3.0674515846202e-06,3.0730920975818e-06,-5.2108773756657e-06,-5.5077693860507e-06,-4.8949216648369e-06,0.90002952970241,0.90002350813738,2.5,2.5,-5.3236853175947e-06,-0.0001
0.245,-0.037912063065438,0.57737298283364,0.61528504589908,0.99994913261515,0.99994250402469,0.99997543811763,0.99997530418307,1.3413710919048e-05,1.1911674991048e-22,-1.2497537864958e-05,-1.2925340669655e-05,0.0099969035503038,-3.0355773842056e-06,3.0411592868063e-06,-5.2151272413395e-06,-5.5089342557029e-06,-4.89232657097e-06,0.90002952378252,0.90002356478714,2.5,2.5,-5.3267630069339e-06,-0.0001
0.24625,-0.037912063065438,0.57737298283364,0.61528504589908,0.99994907721734,0.99994251750442,0.99997544371957,0.99997531117673,1.3274329366041e-05,1.1787900604695e-22,-1.2509685707239e-05,-1.2933043209967e-05,0.0099968997952608,-3.0040344120341e-06,3.0095583132326e-06,-5.2193329472549e-06,-5.5100870210198e-06,-4.8897584429736e-06,0.90002951792416,0.90002362084827,2.5,2.5,-5.3298087157115e-06,-9.9999999999999e-05
0.2475,-0.037912063065438,0.57737298283364,0.61528504589908,0.99994902239514,0.99994253084407,0.9999754492633,0.99997531809772,1.3136396098342e-05,1.1665412368284e-22,-1.2521707319461e-05,-1.2940665711318e-05,0.0099968960792368,-2.9728192243832e-06,2.9782857269037e-06,-5.2234949522281e-06,-5.511227807789e-06,-4.8872170006203e-06,0.90002951212666,0.90002367632688,2.5,2.5,-5.3328227762594e-06,-9.9999999999995e-05
0.24875,-0.037912063065438,0.57737298283364,0.61528504589908,0.9999489681426,0.99994254404511,0.99997545474943,0.99997532494679,1.2999896069051e-05,1.1544196916683e-22,-1.2533604013325e-05,-1.294820900581e-05,0.0099968924018263,-2.9419284136812e-06,2.9473381139249e-06,-5.2276137103112e-06,-5.5123567404912e-06,-4.884701966603e-06,0.90002950638941,0.90002373122904,2.5,2.5,-5.3358055174547e-06,-0.00010000000000001
0.25,-0.037912063065438,0.57737298283364,0.61528504589908,0.99994891445377,0.99994255710897,0.99997546017855,0.99997533172469,1.2864814387484e-05,1.1424241023043e-22,-1.2545377087e-05,-1.2955673916233e-05,0.009996888762628,-2.9113586077531e-06,2.9167120959236e-06,-5.2316896708442e-06,-5.5134739423153e-06,-4.8822130665032e-06,0.90002950071178,0.90002378556072,2.5,2.5,-5.3387572647552e-06,-9.9999999999989e-05
0.25125,-0.037912063065438,0.57737298283364,0.61528504589908,0.99994886132282,0.99994257003709,0.99997546555125,0.99997533843216,1.2731136317516e-05,1.1305531599039e-22,-1.2557027825222e-05,-1.2963061257459e-05,0.0099968851612449,-2.8811064695865e-06,2.886404329802e-06,-5.2357232784962e-06,-5.5145795351658e-06,-4.879750028739e-06,0.90002949509314,0.90002383932786,2.5,2.5,-5.3416783402358e-06,-0.0001
0.2525,-0.037912063065438,0.57737298283364,0.61528504589908,0.99994880874393,0.99994258283087,0.99997547086813,0.99997534506993,1.2598847275951e-05,1.1188055692342e-22,-1.2568557499286e-05,-1.297037183556e-05,0.0099968815972841,-2.851168697039e-06,2.8564115072813e-06,-5.2397149733245e-06,-5.5156736396828e-06,-4.8773125845716e-06,0.90002948953289,0.90002389253632,2.5,2.5,-5.3445690626232e-06,-0.0001
0.25375,-0.037912063065438,0.57737298283364,0.61528504589908,0.99994875671139,0.99994259549171,0.99997547612976,0.99997535163874,1.2467932831042e-05,1.1071800484359e-22,-1.2579967367163e-05,-1.297760644829e-05,0.0099968780703565,-2.8215420222846e-06,2.8267303545825e-06,-5.2436651908127e-06,-5.5167563752495e-06,-4.8749004680421e-06,0.90002948403041,0.9000239451919,2.5,2.5,-5.3474297473306e-06,-0.00010000000000001
0.255,-0.037912063065438,0.57737298283364,0.61528504589908,0.99994870521951,0.99994260802098,0.99997548133672,0.99997535813928,1.2338378700846e-05,1.0956753290737e-22,-1.2591258673904e-05,-1.2984765884977e-05,0.0099968745800775,-2.7922232115644e-06,2.7973576320205e-06,-5.2475743619213e-06,-5.5178278600081e-06,-4.8725134159522e-06,0.90002947858511,0.90002399730036,2.5,2.5,-5.3502607064936e-06,-9.9999999999983e-05
0.25625,-0.037912063065438,0.57737298283364,0.61528504589908,0.99994865426267,0.99994262042007,0.99997548648957,0.99997536457228,1.2210170751725e-05,1.0842901558371e-22,-1.2602432651666e-05,-1.2991850926928e-05,0.0099968711260662,-2.7632090649643e-06,2.7682901337055e-06,-5.251442913138e-06,-5.5188882108759e-06,-4.8701511678636e-06,0.9000294731964,0.90002404886737,2.5,2.5,-5.3530622490026e-06,-0.00010000000000001
0.2575,-0.037912063065438,0.57737298283364,0.61528504589908,0.99994860383531,0.99994263269031,0.99997549158888,0.99997537093843,1.2083294996764e-05,1.0730232864862e-22,-1.261349051959e-05,-1.2998862347323e-05,0.0099968677079457,-2.7344964155959e-06,2.7395246870588e-06,-5.2552712665183e-06,-5.5199375435493e-06,-4.8678134660074e-06,0.90002946786368,0.90002409989855,2.5,2.5,-5.3558346805373e-06,-0.00010000000000001
0.25875,-0.037912063065438,0.57737298283364,0.61528504589908,0.99994855393194,0.99994264483306,0.9999754966352,0.99997537723843,1.195773759434e-05,1.0618734916752e-22,-1.2624433484218e-05,-1.3005800911182e-05,0.009996864325343,-2.706082129882e-06,2.7110581526225e-06,-5.2590598397356e-06,-5.5209759725275e-06,-4.865500055332e-06,0.90002946258637,0.90002415039949,2.5,2.5,-5.3585783036007e-06,-9.9999999999986e-05
0.26,-0.037912063065438,0.57737298283364,0.61528504589908,0.99994850454711,0.99994265684962,0.99997550162908,0.99997538347296,1.1833484846511e-05,1.050839554847e-22,-1.263526273972e-05,-1.3012667375669e-05,0.0099968609778891,-2.6779631065815e-06,2.6828874235591e-06,-5.262809046124e-06,-5.5220036111149e-06,-4.8632106834076e-06,0.9000294573639,0.90002420037568,2.5,2.5,-5.3612934175511e-06,-9.9999999999996e-05
0.26125,-0.037912063065438,0.57737298283364,0.61528504589908,0.99994845567543,0.99994266874133,0.99997550657107,0.99997538964272,1.1710523197621e-05,1.039920272106e-22,-1.2645979467583e-05,-1.301946248984e-05,0.0099968576652188,-2.6501362770646e-06,2.6550094254862e-06,-5.2665192947259e-06,-5.5230205714421e-06,-4.86094510045e-06,0.90002945219569,0.90002424983257,2.5,2.5,-5.3639803186361e-06,-0.00010000000000001
0.2625,-0.037912063065438,0.57737298283364,0.61528504589908,0.99994840731156,0.99994268050946,0.99997551146171,0.99997539574836,1.1588839232779e-05,1.0291144520261e-22,-1.2656584837219e-05,-1.30261869954e-05,0.0099968543869705,-2.6225986042316e-06,2.6274211158404e-06,-5.2701909903327e-06,-5.5240269644689e-06,-4.8587030592533e-06,0.90002944708119,0.90002429877557,2.5,2.5,-5.3666393000236e-06,-0.0001
0.26375,-0.037912063065438,0.57737298283364,0.61528504589908,0.99994835945025,0.99994269215531,0.99997551630153,0.99997540179056,1.1468419676407e-05,1.0184209156182e-22,-1.2667080005704e-05,-1.3032841626027e-05,0.0099968511427867,-2.5953470830049e-06,2.6001194839307e-06,-5.2738245335318e-06,-5.5250229000067e-06,-4.8564843151925e-06,0.90002944201983,0.90002434721001,2.5,2.5,-5.3692706518351e-06,-0.0001
0.265,-0.037912063065438,0.57737298283364,0.61528504589908,0.99994831208625,0.99994270368015,0.99997552109107,0.99997540776998,1.1349251390815e-05,1.0078384960811e-22,-1.2677466118306e-05,-1.303942710775e-05,0.0099968479323133,-2.56837873933e-06,2.5731015502782e-06,-5.2774203207515e-06,-5.5260084867235e-06,-4.8542886261805e-06,0.90002943701107,0.90002439514118,2.5,2.5,-5.3718746611764e-06,-9.9999999999986e-05
0.26625,-0.037912063065438,0.57737298283364,0.61528504589908,0.99994826521441,0.99994271508524,0.99997552583083,0.99997541368726,1.1231321374799e-05,9.9736603877471e-23,-1.2687744308254e-05,-1.3045944159185e-05,0.0099968447552,-2.5416906301492e-06,2.546364366405e-06,-5.2809787442987e-06,-5.526983832158e-06,-4.8521157526453e-06,0.90002943205436,0.90002444257431,2.5,2.5,-5.3744516121698e-06,-0.00010000000000001
0.2675,-0.037912063065438,0.57737298283364,0.61528504589908,0.99994821882961,0.99994272637181,0.99997553052134,0.99997541954306,1.1114616762142e-05,9.8700240110658e-23,-1.2697915696924e-05,-1.3052393491399e-05,0.0099968416111001,-2.5152798430986e-06,2.5199050145797e-06,-5.2845001924053e-06,-5.5279490427306e-06,-4.8499654575104e-06,0.90002942714914,0.90002448951456,2.5,2.5,-5.3770017859845e-06,-9.9999999999998e-05
0.26875,-0.037912063065438,0.57737298283364,0.61528504589908,0.9999481729268,0.9999427375411,0.99997553516311,0.999975425338,1.0999124820293e-05,9.7674645227675e-23,-1.2707981394259e-05,-1.305877580818e-05,0.0099968384996708,-2.4891434960107e-06,2.4937206073855e-06,-5.287985049273e-06,-5.5289042237563e-06,-4.8478375061498e-06,0.9000294222949,0.90002453596706,2.5,2.5,-5.379525460868e-06,-0.00010000000000001
0.27,-0.037912063065438,0.57737298283364,0.61528504589908,0.99994812750095,0.99994274859434,0.99997553975665,0.99997543107274,1.0884832948938e-05,9.6659707326172e-23,-1.2717942498402e-05,-1.306509180595e-05,0.0099968354205724,-2.4632787368289e-06,2.4678082874491e-06,-5.2914336951108e-06,-5.5298494794561e-06,-4.845731666395e-06,0.9000294174911,0.90002458193689,2.5,2.5,-5.3820229121756e-06,-9.9999999999987e-05
0.27125,-0.037912063065438,0.57737298283364,0.61528504589908,0.99994808254712,0.99994275953272,0.99997554430246,0.99997543674788,1.0771728678694e-05,9.5655315670632e-23,-1.2727800096327e-05,-1.3071342173655e-05,0.0099968323734689,-2.4376827430421e-06,2.4421652271241e-06,-5.2948465061772e-06,-5.5307849129645e-06,-4.8436477084756e-06,0.90002941273722,0.90002462742905,2.5,2.5,-5.3844944124014e-06,-0.00010000000000001
0.2725,-0.037912063065438,0.57737298283364,0.61528504589908,0.99994803806041,0.99994277035743,0.99997554880103,0.99997544236406,1.0659799669657e-05,9.466136066749e-23,-1.2737555263533e-05,-1.3077527593518e-05,0.009996829358028,-2.4123527215652e-06,2.4167886281789e-06,-5.2982238548208e-06,-5.5317106263495e-06,-4.8415854050116e-06,0.90002940803273,0.9000246724485,2.5,2.5,-5.3869402312074e-06,-9.9999999999985e-05
0.27375,-0.037912063065438,0.57737298283364,0.61528504589908,0.99994799403595,0.99994278106967,0.99997555325286,0.99997544792187,1.0549033710135e-05,9.367773387719e-23,-1.2747209064391e-05,-1.3083648740301e-05,0.0099968263739206,-2.3872859083566e-06,2.3916757214752e-06,-5.301566109523e-06,-5.5326267206136e-06,-4.8395445309946e-06,0.90002940337713,0.90002471700017,2.5,2.5,-5.3893606354533e-06,-0.00010000000000001
0.275,-0.037912063065438,0.57737298283364,0.61528504589908,0.99994795046895,0.9999427916706,0.99997555765843,0.99997545342193,1.0439418715282e-05,9.2704327969869e-23,-1.2756762552313e-05,-1.3089706281853e-05,0.0099968234208212,-2.3624795681121e-06,2.3668237666914e-06,-5.304873634939e-06,-5.533533295712e-06,-4.8375248637431e-06,0.90002939876991,0.9000247610889,2.5,2.5,-5.3917558892257e-06,-0.0001
0.27625,-0.037912063065438,0.57737298283364,0.61528504589908,0.99994790735465,0.99994280216137,0.99997556201822,0.99997545886485,1.0330942725795e-05,9.174103674437e-23,-1.2766216769588e-05,-1.3095700879332e-05,0.0099968204984074,-2.3379309939451e-06,2.3422300519769e-06,-5.3081467919307e-06,-5.5344304505602e-06,-4.8355261828951e-06,0.90002939421056,0.90002480471952,2.5,2.5,-5.3941262538664e-06,-0.0001
0.2775,-0.037912063065438,0.57737298283364,0.61528504589908,0.99994786468835,0.99994281254313,0.99997556633271,0.9999754642512,1.0223593906631e-05,9.0787755095089e-23,-1.2775572747773e-05,-1.3101633186624e-05,0.0099968176063606,-2.3136375071767e-06,2.3178918937051e-06,-5.3113859376178e-06,-5.5353182830459e-06,-4.8335482703774e-06,0.90002938969858,0.90002484789677,2.5,2.5,-5.3964719880016e-06,-0.0001
0.27875,-0.037912063065438,0.57737298283364,0.61528504589908,0.99994782246539,0.99994282281701,0.99997557060237,0.99997546958159,1.0117360545659e-05,8.984437901261e-23,-1.2784831507687e-05,-1.3107503851027e-05,0.009996814744365,-2.2895964569759e-06,2.2938066361803e-06,-5.3145914254019e-06,-5.5361968900408e-06,-4.8315909103857e-06,0.90002938523349,0.90002489062538,2.5,2.5,-5.39879334757e-06,-9.9999999999996e-05
0.28,-0.037912063065438,0.57737298283364,0.61528504589908,0.99994778068118,0.99994283298414,0.99997557482766,0.99997547485659,1.001223105246e-05,8.8910805566468e-23,-1.2793994059593e-05,-1.311331351317e-05,0.0099968119121085,-2.2658052200288e-06,2.269971651246e-06,-5.3177636050177e-06,-5.5370663674061e-06,-4.829653889364e-06,0.9000293808148,0.90002493290999,2.5,2.5,-5.4010905858506e-06,-0.00010000000000001
0.28125,-0.037912063065438,0.57737298283364,0.61528504589908,0.99994773933113,0.99994284304562,0.99997557900904,0.99997548007677,9.9081939570228e-06,8.7986932893206e-23,-1.2803061403203e-05,-1.3119062806877e-05,0.009996809109282,-2.2422612002842e-06,2.2463843381415e-06,-5.320902822566e-06,-5.5379268100117e-06,-4.8277369959503e-06,0.90002937644202,0.90002497475523,2.5,2.5,-5.4033639534897e-06,-9.9999999999999e-05
0.2825,-0.037912063065438,0.57737298283364,0.61528504589908,0.99994769841076,0.99994285300256,0.99997558314698,0.99997548524271,9.8052379084732e-06,8.7072660197759e-23,-1.2812034527807e-05,-1.312475235945e-05,0.0099968063355797,-2.2189618287838e-06,2.2230421231089e-06,-5.3240094205505e-06,-5.5387783117377e-06,-4.82584002101e-06,0.90002937211468,0.90002501616567,2.5,2.5,-5.40561369853e-06,-0.0001
0.28375,-0.037912063065438,0.57737298283364,0.61528504589908,0.99994765791559,0.99994286285603,0.99997558724192,0.99997549035498,9.7033516738742e-06,8.6167887719641e-23,-1.2820914412424e-05,-1.3130382791697e-05,0.009996803590699,-2.1959045631806e-06,2.1999424591704e-06,-5.3270837379154e-06,-5.5396209654915e-06,-4.823962757564e-06,0.90002936783231,0.90002505714581,2.5,2.5,-5.4078400664357e-06,-9.9999999999993e-05
0.285,-0.037912063065438,0.57737298283364,0.61528504589908,0.9999476178412,0.99994287260711,0.9999755912943,0.99997549541412,9.6025241370189e-06,8.5272516749203e-23,-1.282970202604e-05,-1.3135954717977e-05,0.0099968008743404,-2.1730868876144e-06,2.1770828258255e-06,-5.3301261100869e-06,-5.5404548632132e-06,-4.8221050007893e-06,0.90002936359443,0.90002509770013,2.5,2.5,-5.4100433001209e-06,-0.0001
0.28625,-0.037912063065438,0.57737298283364,0.61528504589908,0.99994757818323,0.99994288225687,0.99997559530458,0.99997550042069,9.5027442971721e-06,8.4386449584179e-23,-1.2838398327316e-05,-1.3141468746224e-05,0.0099967981862075,-2.1505063123357e-06,2.1544607287545e-06,-5.3331368690017e-06,-5.5412800958862e-06,-4.8202665479909e-06,0.90002935940059,0.90002513783305,2.5,2.5,-5.4122236399751e-06,-9.9999999999997e-05
0.2875,-0.037912063065438,0.57737298283364,0.61528504589908,0.99994753893733,0.99994289180635,0.99997559927319,0.99997550537524,9.4040012678827e-06,8.3509589556418e-23,-1.2847004265134e-05,-1.3146925478017e-05,0.009996795526007,-2.1281603735087e-06,2.1320736995768e-06,-5.3361163431501e-06,-5.5420967535517e-06,-4.8184471985794e-06,0.90002935525033,0.90002517754896,2.5,2.5,-5.4143813238898e-06,-0.0001
0.28875,-0.037912063065438,0.57737298283364,0.61528504589908,0.99994750009925,0.99994290125661,0.99997560320057,0.9999755102783,9.3062842758219e-06,8.2641840992408e-23,-1.2855520778559e-05,-1.3152325508822e-05,0.0099967928934487,-2.1060466328806e-06,2.1099192955899e-06,-5.3390648576107e-06,-5.5429049253128e-06,-4.8166467540469e-06,0.90002935114319,0.90002521685218,2.5,2.5,-5.4165165872843e-06,-9.9999999999991e-05
0.29,-0.037912063065438,0.57737298283364,0.61528504589908,0.99994746166473,0.99994291060867,0.99997560708713,0.99997551513042,9.20958265959e-06,8.1783109214792e-23,-1.2863948796704e-05,-1.3157669427685e-05,0.0099967902882454,-2.0841626776183e-06,2.0879950994596e-06,-5.3419827340803e-06,-5.5437046993487e-06,-4.8148650179604e-06,0.90002934707873,0.90002525574701,2.5,2.5,-5.4186296631318e-06,-0.00010000000000001
0.29125,-0.037912063065438,0.57737298283364,0.61528504589908,0.99994742362958,0.99994291986356,0.9999756109333,0.99997551993212,9.113885868544e-06,8.0933300524481e-23,-1.2872289239132e-05,-1.3162957817765e-05,0.0099967877101127,-2.0625061198357e-06,2.066298718999e-06,-5.3448702909164e-06,-5.5444961629189e-06,-4.8131017959105e-06,0.90002934305651,0.90002529423768,2.5,2.5,-5.4207207819845e-06,-9.9999999999997e-05
0.2925,-0.037912063065438,0.57737298283364,0.61528504589908,0.99994738598965,0.99994292902227,0.99997561473952,0.99997552468393,9.0191834616798e-06,8.0092322207685e-23,-1.2880543015935e-05,-1.3168191256084e-05,0.0099967851587695,-2.0410745966127e-06,2.0448277868674e-06,-5.3477278431684e-06,-5.5452794023806e-06,-4.8113568955173e-06,0.90002933907608,0.90002533232841,2.5,2.5,-5.4227901719987e-06,-9.9999999999996e-05
0.29375,-0.037912063065438,0.57737298283364,0.61528504589908,0.99994734874084,0.99994293808582,0.99997561850618,0.99997552938635,8.9254651064753e-06,7.9260082502529e-23,-1.2888711027615e-05,-1.3173370313683e-05,0.0099967826339373,-2.0198657695115e-06,2.0235799603551e-06,-5.3505557026118e-06,-5.5460545031891e-06,-4.8096301264047e-06,0.90002933513701,0.90002537002333,2.5,2.5,-5.42483805896e-06,-0.0001
0.295,-0.037912063065438,0.57737298283364,0.61528504589908,0.99994731187908,0.99994294705519,0.9999756222337,0.99997553403992,8.8327205777669e-06,7.8436490606556e-23,-1.2896794165352e-05,-1.3178495555561e-05,0.0099967801353406,-1.9988773243937e-06,2.0025529210758e-06,-5.3533541777808e-06,-5.5468215499147e-06,-4.8079213001683e-06,0.90002933123887,0.90002540732657,2.5,2.5,-5.4268646663078e-06,-0.0001
0.29625,-0.037912063065438,0.57737298283364,0.61528504589908,0.99994727540035,0.99994295593136,0.99997562592249,0.99997553864513,8.7409397565922e-06,7.7621456664891e-23,-1.2904793311108e-05,-1.3183567540988e-05,0.0099967776627069,-1.9781069712012e-06,1.9817443747415e-06,-5.3561235740082e-06,-5.5475806262491e-06,-4.8062302303615e-06,0.90002932738124,0.90002544424219,2.5,2.5,-5.4288702151594e-06,-9.9999999999993e-05
0.2975,-0.037912063065438,0.57737298283364,0.61528504589908,0.99994723930067,0.99994296471529,0.99997562957295,0.99997554320249,8.6501126291813e-06,7.6814891746327e-23,-1.2912709337685e-05,-1.3188586823341e-05,0.0099967752157663,-1.9575524436472e-06,1.9611520509388e-06,-5.35886419345e-06,-5.5483318150107e-06,-4.8045567324718e-06,0.90002932356369,0.90002548077423,2.5,2.5,-5.4308549243346e-06,-0.00010000000000001
0.29875,-0.037912063065438,0.57737298283364,0.61528504589908,0.9999472035761,0.99994297340795,0.99997563318547,0.99997554771249,8.5602292857909e-06,7.6016707852745e-23,-1.2920543108653e-05,-1.3193553950196e-05,0.009996772794252,-1.9372114990709e-06,1.9407737028281e-06,-5.3615763351232e-06,-5.5490751981608e-06,-4.8029006239171e-06,0.90002931978581,0.90002551692667,2.5,2.5,-5.4328190103794e-06,-0.00010000000000001
0.3,-0.037912063065438,0.57737298283364,0.61528504589908,0.99994716822275,0.99994298201029,0.99997563676046,0.99997555217563,8.4712799196152e-06,7.5226817893586e-23,-1.292829547885e-05,-1.3198469463488e-05,0.0099967703978996,-1.91708191806e-06,1.9206071069425e-06,-5.364260294941e-06,-5.5498108568099e-06,-4.8012617239999e-06,0.90002931604718,0.90002555270345,2.5,2.5,-5.4347626875896e-06,-9.9999999999989e-05
0.30125,-0.037912063065438,0.57737298283364,0.61528504589908,0.99994713323675,0.99994299052323,0.9999756402983,0.99997555659239,8.3832548257762e-06,7.4445135686e-23,-1.2935967294085e-05,-1.3203333899742e-05,0.0099967680264477,-1.8971615042292e-06,1.9006500628717e-06,-5.3669163657389e-06,-5.5505388712213e-06,-4.7996398539045e-06,0.90002931234741,0.90002558810847,2.5,2.5,-5.4366861680341e-06,-0.00010000000000001
0.3025,-0.037912063065438,0.57737298283364,0.61528504589908,0.99994709861429,0.99994299894773,0.99997564379938,0.99997556096326,8.2961444002423e-06,7.3671575942629e-23,-1.2943559391349e-05,-1.3208147789528e-05,0.0099967656796376,-1.8774480841326e-06,1.8809003931478e-06,-5.3695448373093e-06,-5.5512593208273e-06,-4.7980348366753e-06,0.90002930868608,0.90002562314561,2.5,2.5,-5.4385896615782e-06,-0.0001
0.30375,-0.037912063065438,0.57737298283364,0.61528504589908,0.9999470643516,0.99994300728468,0.99997564726408,0.99997556528871,8.2099391387307e-06,7.290605426598e-23,-1.2951072599105e-05,-1.3212911658095e-05,0.0099967633572132,-1.857939506787e-06,1.8613559428566e-06,-5.3721459964363e-06,-5.5519722842346e-06,-4.796446497191e-06,0.90002930506279,0.90002565781867,2.5,2.5,-5.4404733759062e-06,-9.9999999999995e-05
0.305,-0.037912063065438,0.57737298283364,0.61528504589908,0.99994703044492,0.999943015535,0.99997565069278,0.99997556956921,8.1246296357801e-06,7.214848713059e-23,-1.2958507737049e-05,-1.3217626025285e-05,0.0099967610589211,-1.8386336436834e-06,1.8420145795511e-06,-5.3747201269207e-06,-5.5526778392321e-06,-4.794874662154e-06,0.90002930147716,0.90002569213145,2.5,2.5,-5.442337516545e-06,-0.0001
0.30625,-0.037912063065438,0.57737298283364,0.61528504589908,0.99994699689057,0.99994302369959,0.99997565408585,0.99997557380524,8.0402065835576e-06,7.1398791881973e-23,-1.29658656164e-05,-1.3222291405362e-05,0.0099967587845107,-1.8195283883613e-06,1.8228741929091e-06,-5.3772675096184e-06,-5.5533760628013e-06,-4.7933191600693e-06,0.90002929792878,0.90002572608769,2.5,2.5,-5.4441822868849e-06,-0.00010000000000001
0.3075,-0.037912063065438,0.57737298283364,0.61528504589908,0.99994696368489,0.99994303177935,0.99997565744366,0.99997557799725,7.9566607710176e-06,7.0656886718652e-23,-1.2973147039951e-05,-1.3226908307511e-05,0.0099967565337336,-1.8006216562406e-06,1.8039326945418e-06,-5.3797884224626e-06,-5.5540670311233e-06,-4.7917798212107e-06,0.90002929441727,0.90002575969109,2.5,2.5,-5.4460078882034e-06,-9.9999999999995e-05
0.30875,-0.037912063065438,0.57737298283364,0.61528504589908,0.99994693082424,0.99994303977514,0.99997566076658,0.9999755821457,7.8739830828348e-06,6.9922690698561e-23,-1.2980352802118e-05,-1.3231477235321e-05,0.0099967543063444,-1.7819113844942e-06,1.7851880177725e-06,-5.3822831405027e-06,-5.5547508195877e-06,-4.7902564776385e-06,0.90002929094225,0.90002579294532,2.5,2.5,-5.4478145196865e-06,-0.0001
0.31,-0.037912063065438,0.57737298283364,0.61528504589908,0.99994689830505,0.99994304768786,0.99997566405498,0.99997558625104,7.7921644983289e-06,6.9196123715621e-23,-1.2987483689189e-05,-1.3235998687366e-05,0.0099967521020999,-1.7633955316181e-06,1.7666381173852e-06,-5.3847519359262e-06,-5.5554275028011e-06,-4.7887489631381e-06,0.90002928750334,0.90002582585401,2.5,2.5,-5.4496023784498e-06,-9.9999999999998e-05
0.31125,-0.037912063065438,0.57737298283364,0.61528504589908,0.99994686612377,0.99994305551835,0.9999756673092,0.99997559031373,7.7111960906181e-06,6.8477106490592e-23,-1.2994540479181e-05,-1.3240473156898e-05,0.0099967499207598,-1.7450720773473e-06,1.7482809694013e-06,-5.3871950780955e-06,-5.5560971545933e-06,-4.7872571132303e-06,0.90002928410017,0.90002585842075,2.5,2.5,-5.4513716595613e-06,-0.0001
0.3125,-0.037912063065438,0.57737298283364,0.61528504589908,0.99994683427688,0.99994306326747,0.99997567052961,0.9999755943342,7.6310690255303e-06,6.7765560582978e-23,-1.300152394201e-05,-1.3244901132242e-05,0.0099967477620861,-1.726939022486e-06,1.7301145709441e-06,-5.3896128335725e-06,-5.5567598480287e-06,-4.7857807651419e-06,0.90002928073235,0.90002589064909,2.5,2.5,-5.4531225560618e-06,-9.9999999999992e-05
0.31375,-0.037912063065438,0.57737298283364,0.61528504589908,0.99994680276091,0.99994307093608,0.99997567371655,0.99997559831289,7.5517745607103e-06,6.7061408348129e-23,-1.3008434839563e-05,-1.3249283096464e-05,0.0099967456258431,-1.7089943886257e-06,1.7121369399376e-06,-5.3920054661501e-06,-5.557415655413e-06,-4.7843197577973e-06,0.90002927739953,0.90002592254254,2.5,2.5,-5.4548552589861e-06,-0.00010000000000001
0.315,-0.037912063065438,0.57737298283364,0.61528504589908,0.99994677157242,0.999943078525,0.99997567687038,0.99997560225024,7.4733040446268e-06,6.6364572966353e-23,-1.3015273925944e-05,-1.3253619527602e-05,0.0099967435117978,-1.6912362177477e-06,1.6943461147954e-06,-5.394373236882e-06,-5.5580646482966e-06,-4.7828739317905e-06,0.90002927410135,0.9000259541046,2.5,2.5,-5.4565699573839e-06,-9.9999999999999e-05
0.31625,-0.037912063065438,0.57737298283364,0.61528504589908,0.99994674070802,0.99994308603506,0.99997567999144,0.99997560614668,7.3956489156824e-06,6.5674978403104e-23,-1.302204194739e-05,-1.3257910898841e-05,0.0099967414197196,-1.6736625723656e-06,1.6767401544604e-06,-5.3967164041035e-06,-5.558706897491e-06,-4.781443129369e-06,0.90002927083743,0.90002598533869,2.5,2.5,-5.4582668383408e-06,-9.9999999999988e-05
0.3175,-0.037912063065438,0.57737298283364,0.61528504589908,0.99994671016432,0.99994309346709,0.99997568308007,0.99997561000262,7.3188007011743e-06,6.499254942154e-23,-1.3028739642209e-05,-1.3262157678454e-05,0.0099967393493802,-1.6562715349975e-06,1.659317137934e-06,-5.3990352234701e-06,-5.5593424730698e-06,-4.7800271944229e-06,0.90002926760743,0.90002601624823,2.5,2.5,-5.4599460869978e-06,-0.00010000000000002
0.31875,-0.037912063065438,0.57737298283364,0.61528504589908,0.99994667993801,0.99994310082189,0.9999756861366,0.99997561381851,7.2427510165025e-06,6.431721156462e-23,-1.3035367741312e-05,-1.3266360329761e-05,0.0099967373005537,-1.6390612082175e-06,1.6420751642785e-06,-5.4013299479826e-06,-5.5599714443781e-06,-4.7786259724653e-06,0.900029264411,0.90002604683659,2.5,2.5,-5.4616078865727e-06,-9.9999999999996e-05
0.32,-0.037912063065438,0.57737298283364,0.61528504589908,0.99994665002578,0.99994310810026,0.99997568916138,0.99997561759474,7.1674915641473e-06,6.3648891143243e-23,-1.3041926967727e-05,-1.3270519311224e-05,0.0099967352730165,-1.6220297141884e-06,1.6250123522369e-06,-5.403600828007e-06,-5.5605938800424e-06,-4.7772393106079e-06,0.90002926124777,0.90002607710711,2.5,2.5,-5.4632524183791e-06,-9.9999999999996e-05
0.32125,-0.037912063065438,0.57737298283364,0.61528504589908,0.99994662042436,0.99994311530301,0.99997569215472,0.99997562133173,7.0930141328357e-06,6.2987515249361e-23,-1.3048418037199e-05,-1.3274635076737e-05,0.0099967332665475,-1.6051751946651e-06,1.6081268400946e-06,-5.4058481113132e-06,-5.5612098479734e-06,-4.7758670575688e-06,0.90002925811742,0.9000261070631,2.5,2.5,-5.4648798618467e-06,-9.9999999999999e-05
0.3225,-0.037912063065438,0.57737298283364,0.61528504589908,0.99994659113054,0.99994312243091,0.99997569511696,0.99997562502989,7.0193105965808e-06,6.23330117119e-23,-1.3054841657922e-05,-1.3278708075287e-05,0.0099967312809277,-1.5884958107092e-06,1.5914167855807e-06,-5.4080720430932e-06,-5.5618194153785e-06,-4.7745090636165e-06,0.90002925501959,0.90002613670781,2.5,2.5,-5.4664903945404e-06,-9.9999999999995e-05
0.32375,-0.037912063065438,0.57737298283364,0.61528504589908,0.9999465621411,0.99994312948475,0.99997569804842,0.99997562868962,6.9463729138854e-06,6.1685309121616e-23,-1.3061198530767e-05,-1.3282738751215e-05,0.0099967293159406,-1.5719897424217e-06,1.5748803654323e-06,-5.4102728659936e-06,-5.5624226487651e-06,-4.7731651805852e-06,0.90002925195396,0.90002616604448,2.5,2.5,-5.4680841921806e-06,-0.00010000000000001
0.325,-0.037912063065438,0.57737298283364,0.61528504589908,0.9999465334529,0.99994313646529,0.99997570094942,0.99997563231133,6.8741931267429e-06,6.1044336814872e-23,-1.306748934931e-05,-1.3286727544497e-05,0.0099967273713716,-1.5556551889135e-06,1.5585157754549e-06,-5.4124508201379e-06,-5.5630196139495e-06,-4.7718352618485e-06,0.90002924892017,0.90002619507632,2.5,2.5,-5.4696614286612e-06,-0.00010000000000001
0.32625,-0.037912063065438,0.57737298283364,0.61528504589908,0.99994650506279,0.99994314337329,0.99997570382027,0.9999756358954,6.8027633598974e-06,6.0410024852457e-23,-1.3073714799906e-05,-1.329067489009e-05,0.0099967254470086,-1.53949036794e-06,1.5423212301139e-06,-5.414606143155e-06,-5.5636103760649e-06,-4.7705191623057e-06,0.90002924591792,0.90002622380649,2.5,2.5,-5.4712222760695e-06,-9.9999999999989e-05
0.3275,-0.037912063065438,0.57737298283364,0.61528504589908,0.99994647696769,0.99994315020952,0.99997570666129,0.99997563944223,6.7320758198932e-06,5.9782304032816e-23,-1.3079875561807e-05,-1.3294581218778e-05,0.0099967235426417,-1.5234935158167e-06,1.5262949624965e-06,-5.4167390702039e-06,-5.5641949995678e-06,-4.7692167383589e-06,0.90002924294686,0.90002625223812,2.5,2.5,-5.4727669047048e-06,-0.00010000000000001
0.32875,-0.037912063065438,0.57737298283364,0.61528504589908,0.99994644916452,0.99994315697471,0.99997570947279,0.9999756429522,6.6621227942464e-06,5.9161105861112e-23,-1.3085972307243e-05,-1.3298446956813e-05,0.0099967216580631,-1.5076628871501e-06,1.5104352239833e-06,-5.418849834003e-06,-5.5647735482461e-06,-4.7679278479055e-06,0.90002924000667,0.90002628037433,2.5,2.5,-5.4742954830961e-06,-9.9999999999986e-05
0.33,-0.037912063065438,0.57737298283364,0.61528504589908,0.99994642165025,0.9999431636696,0.99997571225508,0.99997564642571,6.5928966506431e-06,5.8546362560498e-23,-1.3092005701301e-05,-1.3302272525901e-05,0.0099967197930672,-1.4919967547374e-06,1.4947402841966e-06,-5.4209386648491e-06,-5.5653460852207e-06,-4.7666523503225e-06,0.90002923709703,0.90002630821817,2.5,2.5,-5.4758081780219e-06,-0.00010000000000001
0.33125,-0.037912063065438,0.57737298283364,0.61528504589908,0.99994639442189,0.99994317029492,0.99997571500846,0.99997564986312,6.5243898360594e-06,5.793800706226e-23,-1.3097976402382e-05,-1.3306058343564e-05,0.0099967179474504,-1.4764934092151e-06,1.4792084306719e-06,-5.4230057906484e-06,-5.5659126729609e-06,-4.7653901064352e-06,0.90002923421763,0.90002633577269,2.5,2.5,-5.4773051545275e-06,-9.9999999999998e-05
0.3325,-0.037912063065438,0.57737298283364,0.61528504589908,0.99994636747645,0.9999431768514,0.99997571773322,0.99997565326481,6.4565948759381e-06,5.7335972992149e-23,-1.310388506186e-05,-1.330980482273e-05,0.0099967161210115,-1.4611511591557e-06,1.463837968795e-06,-5.4250514369373e-06,-5.5664733732849e-06,-4.7641409785341e-06,0.90002923136815,0.90002636304089,2.5,2.5,-5.4787865759429e-06,-9.9999999999997e-05
0.33375,-0.037912063065438,0.57737298283364,0.61528504589908,0.99994634081101,0.99994318333976,0.99997572042967,0.99997565663115,6.3895043734307e-06,5.6740194656242e-23,-1.3109732324413e-05,-1.3313512372174e-05,0.0099967143135511,-1.4459683305275e-06,1.4486272215254e-06,-5.4270758269097e-06,-5.5670282473691e-06,-4.7629048303268e-06,0.90002922854827,0.90002639002575,2.5,2.5,-5.4802526039015e-06,-9.9999999999988e-05
0.335,-0.037912063065438,0.57737298283364,0.61528504589908,0.99994631442265,0.99994318976069,0.99997572309811,0.99997565996252,6.3231110085057e-06,5.6150607058813e-23,-1.3115518828055e-05,-1.3317181396503e-05,0.009996712524872,-1.4309432668216e-06,1.4335745292656e-06,-5.4290791814381e-06,-5.5675773557533e-06,-4.7616815269427e-06,0.9000292257577,0.90002641673021,2.5,2.5,-5.4817033983567e-06,-0.00010000000000003
0.33625,-0.037912063065438,0.57737298283364,0.61528504589908,0.99994628830848,0.9999431961149,0.99997572573881,0.99997566325927,6.2574075372136e-06,5.5567145865656e-23,-1.3121245204098e-05,-1.3320812295959e-05,0.0099967107547791,-1.416074328658e-06,1.4186782496628e-06,-5.4310617191045e-06,-5.5681207583498e-06,-4.7604709349041e-06,0.90002922299612,0.90002644315719,2.5,2.5,-5.4831391175998e-06,-9.9999999999984e-05
0.3375,-0.037912063065438,0.57737298283364,0.61528504589908,0.99994626246567,0.99994320240309,0.99997572835208,0.99997566652176,6.1923867908807e-06,5.4989747422665e-23,-1.3126912077316e-05,-1.3324405466726e-05,0.0099967090030792,-1.4013598937987e-06,1.4039367574344e-06,-5.4330236562149e-06,-5.5686585144478e-06,-4.7592729221367e-06,0.90002922026324,0.90002646930956,2.5,2.5,-5.4845599182778e-06,-0.00010000000000001
0.33875,-0.037912063065438,0.57737298283364,0.61528504589908,0.9999462368914,0.99994320862593,0.99997573093819,0.99997566975035,6.128041675308e-06,5.4418348729428e-23,-1.3132520066047e-05,-1.332796130081e-05,0.0099967072695813,-1.386798356718e-06,1.3893484441566e-06,-5.4349652068298e-06,-5.569190682719e-06,-4.7580873579262e-06,0.90002921755876,0.90002649519019,2.5,2.5,-5.4859659554094e-06,-0.0001
0.34,-0.037912063065438,0.57737298283364,0.61528504589908,0.99994621158286,0.99994321478412,0.99997573349743,0.99997567294539,6.0643651700248e-06,5.3852887442686e-23,-1.3138069782128e-05,-1.3331480186241e-05,0.0099967055540961,-1.3723881286889e-06,1.3749117181567e-06,-5.4368865827868e-06,-5.5697173212273e-06,-4.75691411292e-06,0.90002921488238,0.90002652080189,2.5,2.5,-5.4873573824027e-06,-9.9999999999984e-05
0.34125,-0.037912063065438,0.57737298283364,0.61528504589908,0.99994618653731,0.99994322087831,0.99997573603008,0.99997567610723,6.0013503275116e-06,5.329330186611e-23,-1.3143561831045e-05,-1.3334962506924e-05,0.0099967038564365,-1.3581276374472e-06,1.3606250042865e-06,-5.4387879937185e-06,-5.5702384874325e-06,-4.7557530591057e-06,0.90002921223381,0.90002654614746,2.5,2.5,-5.488734351072e-06,-0.00010000000000002
0.3425,-0.037912063065438,0.57737298283364,0.61528504589908,0.999946161752,0.99994322690918,0.99997573853641,0.99997567923622,5.9389902724025e-06,5.2739530946713e-23,-1.3148996812155e-05,-1.3338408642816e-05,0.0099967021764174,-1.3440153270699e-06,1.3464867437592e-06,-5.4406696470849e-06,-5.5707542381974e-06,-4.754604069807e-06,0.90002920961276,0.90002657122967,2.5,2.5,-5.4900970116534e-06,-9.999999999999e-05
0.34375,-0.037912063065438,0.57737298283364,0.61528504589908,0.99994613722424,0.99994323287738,0.9999757410167,0.9999756823327,5.8772782008412e-06,5.2191514263226e-23,-1.315437531825e-05,-1.3341818969802e-05,0.0099967005138553,-1.3300496578089e-06,1.3324953940098e-06,-5.4425317481816e-06,-5.5712646297922e-06,-4.7534670196593e-06,0.90002920701895,0.90002659605125,2.5,2.5,-5.4914455128228e-06,-0.0001
0.345,-0.037912063065438,0.57737298283364,0.61528504589908,0.99994611295135,0.99994323878357,0.99997574347121,0.999975685397,5.816207379608e-06,5.1649192021378e-23,-1.3159697936341e-05,-1.3345193860111e-05,0.0099966988685689,-1.3162291059321e-06,1.3186494284586e-06,-5.4443745001813e-06,-5.5717697179076e-06,-4.7523417846099e-06,0.90002920445209,0.90002662061491,2.5,2.5,-5.4927800017106e-06,-9.9999999999996e-05
0.34625,-0.037912063065438,0.57737298283364,0.61528504589908,0.99994608893067,0.99994324462838,0.99997574590022,0.99997568842946,5.7557711454882e-06,5.1112505051694e-23,-1.3164965247021e-05,-1.3348533681849e-05,0.0099966972403787,-1.3025521634576e-06,1.3049473364368e-06,-5.446198104137e-06,-5.5722695576488e-06,-4.7512282418732e-06,0.9000292019119,0.90002664492333,2.5,2.5,-5.4941006239184e-06,-0.00010000000000001
0.3475,-0.037912063065438,0.57737298283364,0.61528504589908,0.9999460651596,0.99994325041247,0.99997574830399,0.9999756914304,5.6959629044709e-06,5.0581394802792e-23,-1.317017782509e-05,-1.3351838799543e-05,0.0099966956291071,-1.2890173382443e-06,1.2913876229273e-06,-5.448002759018e-06,-5.5727642035532e-06,-4.7501262699771e-06,0.9000291993981,0.90002666897916,2.5,2.5,-5.495407523535e-06,-0.0001
0.34875,-0.037912063065438,0.57737298283364,0.61528504589908,0.99994604163553,0.99994325613645,0.99997575068278,0.99997569440017,5.6367761310999e-06,5.0055803319554e-23,-1.3175336239236e-05,-1.335510957381e-05,0.0099966940345781,-1.2756231534071e-06,1.2779688084932e-06,-5.4497886617234e-06,-5.5732537095901e-06,-4.7490357486651e-06,0.90002919691043,0.90002669278503,2.5,2.5,-5.4967008431521e-06,-9.9999999999988e-05
0.35,-0.037912063065438,0.57737298283364,0.61528504589908,0.9999460183559,0.99994326180095,0.99997575303685,0.99997569733908,5.5782043676874e-06,4.9535673260778e-23,-1.3180441052246e-05,-1.3358346361394e-05,0.0099966924566179,-1.2623681477142e-06,1.2646894290581e-06,-5.4515560071072e-06,-5.5737381291676e-06,-4.7479565589702e-06,0.90002919444861,0.90002671634353,2.5,2.5,-5.4979807238794e-06,-0.0001
0.35125,-0.037912063065438,0.57737298283364,0.61528504589908,0.99994599531817,0.99994326740659,0.99997575536647,0.99997570024744,5.5202412236793e-06,4.9020947877551e-23,-1.3185492821159e-05,-1.3361549515473e-05,0.0099966908950544,-1.2492508747947e-06,1.2515480357178e-06,-5.4533049879993e-06,-5.5742175151392e-06,-4.7468885831376e-06,0.90002919201237,0.90002673965724,2.5,2.5,-5.4992473053605e-06,-9.9999999999998e-05
0.3525,-0.037912063065438,0.57737298283364,0.61528504589908,0.99994597251982,0.99994327295398,0.99997575767187,0.99997570312559,5.4628803749017e-06,4.851157100488e-23,-1.3190492097085e-05,-1.3364719385566e-05,0.009996689349717,-1.2362699035625e-06,1.2385431946606e-06,-5.455035795224e-06,-5.574691919809e-06,-4.7458317046482e-06,0.90002918960144,0.9000267627287,2.5,2.5,-5.5005007257879e-06,-0.00010000000000001
0.35375,-0.037912063065438,0.57737298283364,0.61528504589908,0.99994594995837,0.99994327844373,0.99997575995332,0.99997570597383,5.4061155629153e-06,4.8007487071348e-23,-1.3195439425559e-05,-1.3367856317594e-05,0.0099966878204372,-1.223423817692e-06,1.2256734870141e-06,-5.4567486176241e-06,-5.5751613949363e-06,-4.7447858081895e-06,0.90002918721556,0.90002678556042,2.5,2.5,-5.5017411219183e-06,-9.9999999999994e-05
0.355,-0.037912063065438,0.57737298283364,0.61528504589908,0.99994592763136,0.99994328387644,0.99997576221106,0.99997570879248,5.3499405942826e-06,4.7508641076731e-23,-1.3200335346269e-05,-1.3370960653631e-05,0.0099966863070482,-1.2107112155291e-06,1.2129375085452e-06,-5.4584436420798e-06,-5.5756259917467e-06,-4.7437507796393e-06,0.90002918485448,0.9000268081549,2.5,2.5,-5.5029686290872e-06,-9.9999999999995e-05
0.35625,-0.037912063065438,0.57737298283364,0.61528504589908,0.99994590553635,0.9999432892527,0.99997576444535,0.99997571158183,5.2943493399722e-06,4.7014978591059e-23,-1.3205180393461e-05,-1.3374032732607e-05,0.0099966848093848,-1.1981307101644e-06,1.2003338697369e-06,-5.4601210535299e-06,-5.57608576093e-06,-4.7427265060822e-06,0.90002918251793,0.9000268305146,2.5,2.5,-5.5041833812239e-06,-0.00010000000000001
0.3575,-0.037912063065438,0.57737298283364,0.61528504589908,0.99994588367092,0.99994329457309,0.99997576665641,0.9999757143422,5.2393357345803e-06,4.6526445754814e-23,-1.3209975095773e-05,-1.3377072889545e-05,0.0099966833272836,-1.1856809287894e-06,1.1878611953481e-06,-5.4617810349916e-06,-5.5765407526486e-06,-4.7417128757487e-06,0.90002918020566,0.90002685264196,2.5,2.5,-5.5053855108659e-06,-9.9999999999997e-05
0.35875,-0.037912063065438,0.57737298283364,0.61528504589908,0.9999458620327,0.99994329983819,0.99997576884451,0.99997571707389,5.1848937757758e-06,4.604298926739e-23,-1.3214719976243e-05,-1.3380081456216e-05,0.009996681860583,-1.1733605132466e-06,1.1755181246257e-06,-5.4634237675798e-06,-5.5769910165473e-06,-4.7407097780591e-06,0.90002917791742,0.90002687453939,2.5,2.5,-5.5065751491737e-06,-0.0001
0.36,-0.037912063065438,0.57737298283364,0.61528504589908,0.99994584061933,0.99994330504859,0.99997577100986,0.9999757197772,5.131017523548e-06,4.5564556373858e-23,-1.3219415552728e-05,-1.3383058760827e-05,0.0099966804091228,-1.161168119195e-06,1.1633033108268e-06,-5.4650494305275e-06,-5.5774366017517e-06,-4.7397171035596e-06,0.90002917565295,0.90002689620929,2.5,2.5,-5.5077524259448e-06,-0.0001
0.36125,-0.037912063065438,0.57737298283364,0.61528504589908,0.99994581942846,0.99994331020484,0.99997577315272,0.99997572245241,5.0777010996711e-06,4.5091094883825e-23,-1.3224062337418e-05,-1.3386005128304e-05,0.0099966789727448,-1.1491024163295e-06,1.1512154211848e-06,-5.466658201205e-06,-5.5778775568774e-06,-4.7387347439446e-06,0.90002917341201,0.90002691765402,2.5,2.5,-5.5089174696279e-06,-9.9999999999989e-05
0.3625,-0.037912063065438,0.57737298283364,0.61528504589908,0.99994579845778,0.99994331530752,0.9999757752733,0.99997572509983,5.0249386869558e-06,4.4622553131506e-23,-1.3228660837363e-05,-1.338892087995e-05,0.0099966775512922,-1.1371620882681e-06,1.1392531368854e-06,-5.4682502551396e-06,-5.5783139300375e-06,-4.7377625920305e-06,0.90002917119436,0.90002693887592,2.5,2.5,-5.5100704073374e-06,-0.00010000000000002
0.36375,-0.037912063065438,0.57737298283364,0.61528504589908,0.99994577770501,0.99994332035718,0.99997577737186,0.99997572771973,4.9727245286747e-06,4.4158879997896e-23,-1.3233211554239e-05,-1.3391806334157e-05,0.0099966761446099,-1.1253458322392e-06,1.1274151527538e-06,-5.4698257660361e-06,-5.5787457688428e-06,-4.7368005417523e-06,0.90002916899976,0.9000269598773,2.5,2.5,-5.5112113648661e-06,-9.9999999999996e-05
0.365,-0.037912063065438,0.57737298283364,0.61528504589908,0.99994575716788,0.99994332535436,0.99997577944861,0.99997573031242,4.9210529279054e-06,4.3700024894052e-23,-1.3237714984622e-05,-1.3394661805505e-05,0.0099966747525445,-1.1136523589619e-06,1.1157001771549e-06,-5.4713849057921e-06,-5.5791731204071e-06,-4.7358484881455e-06,0.90002916682795,0.90002698066046,2.5,2.5,-5.5123404667004e-06,-9.9999999999992e-05
0.36625,-0.037912063065438,0.57737298283364,0.61528504589908,0.99994573684416,0.99994333029962,0.99997578150377,0.99997573287816,4.8699182469484e-06,4.3245937755181e-23,-1.3242171619823e-05,-1.3397487605682e-05,0.009996673374944,-1.1020803926214e-06,1.1041069319343e-06,-5.4729278445214e-06,-5.5795960313612e-06,-4.7349063273276e-06,0.90002916467872,0.90002700122766,2.5,2.5,-5.5134578360328e-06,-0.0001
0.3675,-0.037912063065438,0.57737298283364,0.61528504589908,0.99994571673161,0.99994333519349,0.99997578353759,0.99997573541724,4.8193149066431e-06,4.2796569040291e-23,-1.3246581946145e-05,-1.340028404288e-05,0.0099966720116581,-1.0906286706481e-06,1.0926341521797e-06,-5.474454750568e-06,-5.5800145478444e-06,-4.7339739565093e-06,0.90002916255181,0.90002702158115,2.5,2.5,-5.5145635947757e-06,-0.00010000000000001
0.36875,-0.037912063065438,0.57737298283364,0.61528504589908,0.99994569682806,0.99994334003651,0.99997578555027,0.99997573792994,4.7692373858542e-06,4.2351869716074e-23,-1.3250946444706e-05,-1.3403051422344e-05,0.0099966706625382,-1.079295943562e-06,1.0812805861338e-06,-5.4759657905278e-06,-5.5804287155224e-06,-4.7330512739584e-06,0.90002916044701,0.90002704172314,2.5,2.5,-5.515657863575e-06,-9.9999999999992e-05
0.37,-0.037912063065438,0.57737298283364,0.61528504589908,0.99994567713133,0.9999433448292,0.99997578754203,0.99997574041653,4.719680220779e-06,4.1911791263989e-23,-1.3255265591765e-05,-1.3405790045976e-05,0.009996669327437,-1.0680809749147e-06,1.0700449950502e-06,-5.4774611292653e-06,-5.5808385795822e-06,-4.7321381790062e-06,0.90002915836408,0.90002706165585,2.5,2.5,-5.5167407618226e-06,-9.9999999999999e-05
0.37125,-0.037912063065438,0.57737298283364,0.61528504589908,0.99994565763926,0.9999433495721,0.9999757895131,0.99997574287728,4.6706380043907e-06,4.1476285665882e-23,-1.3259539858553e-05,-1.3408500212536e-05,0.0099966680062088,-1.0569825410473e-06,1.0589261530414e-06,-5.4789409299325e-06,-5.5812441847419e-06,-4.7312345720295e-06,0.90002915630279,0.90002708138143,2.5,2.5,-5.51781240767e-06,-0.00010000000000001
0.3725,-0.037912063065438,0.57737298283364,0.61528504589908,0.99994563834974,0.99994335426571,0.99997579146369,0.99997574531246,4.6221053858672e-06,4.1045305414385e-23,-1.3263769711393e-05,-1.3411182217706e-05,0.0099966666987095,-1.0459994310642e-06,1.0479228469752e-06,-5.480405353985e-06,-5.5816455752577e-06,-4.7303403544357e-06,0.90002915426292,0.90002710090204,2.5,2.5,-5.5188729180409e-06,-0.00010000000000001
0.37375,-0.037912063065438,0.57737298283364,0.61528504589908,0.99994561926065,0.99994335891055,0.99997579339401,0.99997574772233,4.5740770699788e-06,4.0618803476905e-23,-1.3267955611859e-05,-1.3413836354205e-05,0.0099966654047965,-1.0351304466162e-06,1.0370338763169e-06,-5.4818545612007e-06,-5.5820427949222e-06,-4.7294554286582e-06,0.90002915224425,0.90002712021981,2.5,2.5,-5.5199224086442e-06,-9.9999999999995e-05
0.375,-0.037912063065438,0.57737298283364,0.61528504589908,0.99994560036992,0.99994336350713,0.99997579530427,0.99997575010717,4.5265478165108e-06,4.019673332358e-23,-1.327209801656e-05,-1.3416462911589e-05,0.0099966641243285,-1.0243744018435e-06,1.0262580529873e-06,-5.4832887096994e-06,-5.5824358870758e-06,-4.7285796981507e-06,0.90002915024656,0.90002713933686,2.5,2.5,-5.5209609939861e-06,-0.00010000000000001
0.37625,-0.037912063065438,0.57737298283364,0.61528504589908,0.99994558167548,0.99994336805594,0.99997579719468,0.99997575246722,4.4795124397062e-06,3.9779048902452e-23,-1.3276197377536e-05,-1.3419062176284e-05,0.0099966628571658,-1.0137301231877e-06,1.0155942013154e-06,-5.484707955954e-06,-5.5828248946077e-06,-4.7277130673607e-06,0.90002914826962,0.90002715825526,2.5,2.5,-5.5219887873836e-06,-9.9999999999997e-05
0.3775,-0.037912063065438,0.57737298283364,0.61528504589908,0.9999455631753,0.99994337255748,0.99997579906545,0.99997575480276,4.4329658076797e-06,3.9365704642693e-23,-1.3280254142059e-05,-1.3421634432105e-05,0.0099966616031702,-1.0031964492801e-06,1.0050411577433e-06,-5.4861124548163e-06,-5.5832098599599e-06,-4.7268554417388e-06,0.90002914631322,0.90002717697708,2.5,2.5,-5.5230059009756e-06,-9.9999999999991e-05
0.37875,-0.037912063065438,0.57737298283364,0.61528504589908,0.99994554486735,0.99994337701225,0.99997580091678,0.99997575711402,4.3869028419027e-06,3.8956655443712e-23,-1.3284268752697e-05,-1.3424179959576e-05,0.009996660362205,-9.9277223078917e-07,9.9459777090096e-07,-5.4875023595249e-06,-5.5835908251356e-06,-4.7260067277031e-06,0.90002914437715,0.90002719550436,2.5,2.5,-5.524012445736e-06,-9.9999999999987e-05
0.38,-0.037912063065438,0.57737298283364,0.61528504589908,0.99994552674964,0.99994338142074,0.99997580274887,0.99997575940127,4.3413185165635e-06,3.855185667671e-23,-1.3288241647482e-05,-1.3426699036545e-05,0.0099966591341345,-9.8245633043741e-07,9.8426290135341e-07,-5.4888778217272e-06,-5.5839678317012e-06,-4.7251668326585e-06,0.90002914246121,0.90002721383912,2.5,2.5,-5.5250085314856e-06,-0.00010000000000002
0.38125,-0.037912063065438,0.57737298283364,0.61528504589908,0.99994550882019,0.99994338578341,0.99997580456192,0.99997576166475,4.2962078581453e-06,3.8151264178474e-23,-1.3292173259952e-05,-1.3429191937613e-05,0.009996657918825,-9.7224762265565e-07,9.7403542147623e-07,-5.4902389914975e-06,-5.5843409207891e-06,-4.7243356649722e-06,0.90002914056516,0.90002723198337,2.5,2.5,-5.5259942669041e-06,-0.0001
0.3825,-0.037912063065438,0.57737298283364,0.61528504589908,0.99994549107704,0.99994339010075,0.99997580635614,0.99997576390471,4.2515659447678e-06,3.7754834233598e-23,-1.3296064019043e-05,-1.3431658935076e-05,0.0099966567161438,-9.6214499360232e-07,9.6391421540008e-07,-5.4915860173471e-06,-5.5847101331086e-06,-4.7235131339477e-06,0.90002913868883,0.90002724993909,2.5,2.5,-5.5269697595419e-06,-9.9999999999996e-05
0.38375,-0.037912063065438,0.57737298283364,0.61528504589908,0.99994547351827,0.99994339437322,0.99997580813171,0.99997576612139,4.2073879056737e-06,3.7362523598085e-23,-1.3299914349159e-05,-1.3434100297894e-05,0.0099966555259596,-9.521473409802e-07,9.538981787847e-07,-5.4929190462448e-06,-5.5850755089392e-06,-4.7226991498499e-06,0.90002913683198,0.90002726770822,2.5,2.5,-5.5279351158315e-06,-9.9999999999994e-05
0.385,-0.037912063065438,0.57737298283364,0.61528504589908,0.99994545614195,0.99994339860131,0.99997580988883,0.99997576831504,4.1636689207664e-06,3.6974289461831e-23,-1.3303724670473e-05,-1.3436516292475e-05,0.0099966543481426,-9.4225357403035e-07,9.4398621887948e-07,-5.4942382236352e-06,-5.5854370881489e-06,-4.7218936238623e-06,0.90002913499444,0.90002728529272,2.5,2.5,-5.5288904411001e-06,-0.00010000000000001
0.38625,-0.037912063065438,0.57737298283364,0.61528504589908,0.99994543894618,0.99994340278546,0.9999758116277,0.9999757704859,4.1204042200149e-06,3.6590089468189e-23,-1.3307495398829e-05,-1.3438907182521e-05,0.0099966531825644,-9.3246261326743e-07,9.3417725418502e-07,-5.4955436934467e-06,-5.585794910188e-06,-4.7210964680996e-06,0.90002913317598,0.9000273026945,2.5,2.5,-5.5298358395797e-06,-9.9999999999995e-05
0.3875,-0.037912063065438,0.57737298283364,0.61528504589908,0.9999454219291,0.99994340692613,0.99997581334849,0.9999757726342,4.0775890829466e-06,3.6209881697721e-23,-1.3311226945479e-05,-1.3441273228748e-05,0.0099966520290976,-9.2277339036635e-07,9.2447021446626e-07,-5.496835598116e-06,-5.5861490140957e-06,-4.7203075955815e-06,0.90002913137643,0.90002731991545,2.5,2.5,-5.5307714144199e-06,-0.00010000000000002
0.38875,-0.037912063065438,0.57737298283364,0.61528504589908,0.99994540508884,0.99994341102377,0.9999758150514,0.99997577476017,4.0352188381157e-06,3.5833624670321e-23,-1.3314919717544e-05,-1.3443614689428e-05,0.0099966508876166,-9.1318484830443e-07,9.1486404066812e-07,-5.4981140785997e-06,-5.5864994385095e-06,-4.7195269202485e-06,0.90002912959557,0.90002733695746,2.5,2.5,-5.531697267698e-06,-9.999999999999e-05
0.39,-0.037912063065438,0.57737298283364,0.61528504589908,0.99994538842357,0.99994341507884,0.99997581673662,0.99997577686406,3.993288862688e-06,3.5461277328488e-23,-1.3318574118066e-05,-1.3445931819938e-05,0.0099966497579966,-9.036959407762e-07,9.053576846602e-07,-5.4993792743871e-06,-5.5868462216605e-06,-4.7187543569122e-06,0.90002912783321,0.90002735382239,2.5,2.5,-5.5326135004309e-06,-9.9999999999996e-05
0.39125,-0.037912063065438,0.57737298283364,0.61528504589908,0.99994537193147,0.99994341909177,0.99997581840433,0.99997577894608,3.9517945818143e-06,3.5092799049693e-23,-1.3322190545697e-05,-1.3448224873128e-05,0.0099966486401146,-8.9430563250594e-07,8.9595010920924e-07,-5.5006313235202e-06,-5.5871894013873e-06,-4.7179898212829e-06,0.90002912608917,0.90002737051208,2.5,2.5,-5.5335202125858e-06,-9.9999999999998e-05
0.3925,-0.037912063065438,0.57737298283364,0.61528504589908,0.99994535561073,0.999943423063,0.99997582005471,0.99997578100647,3.9107314681457e-06,3.4728149631892e-23,-1.3325769394986e-05,-1.3450494099212e-05,0.0099966475338485,-8.8501289902502e-07,8.8664028795927e-07,-5.5018703626052e-06,-5.5875290151314e-06,-4.7172332299474e-06,0.90002912436326,0.90002738702835,2.5,2.5,-5.5344175030908e-06,-0.00010000000000001
0.39375,-0.037912063065438,0.57737298283364,0.61528504589908,0.99994533945959,0.99994342699297,0.99997582168794,0.99997578304545,3.8700950414846e-06,3.4367289286847e-23,-1.3329311056467e-05,-1.3452739745808e-05,0.0099966464390776,-8.7581672634671e-07,8.7742720506961e-07,-5.5030965268299e-06,-5.5878650999479e-06,-4.7164845003571e-06,0.90002912265527,0.90002740337299,2.5,2.5,-5.5353054698465e-06,-9.9999999999993e-05
0.395,-0.037912063065438,0.57737298283364,0.61528504589908,0.99994532347627,0.9999434308821,0.9999758233042,0.99997578506325,3.8298808680986e-06,3.401017864268e-23,-1.3332815916515e-05,-1.3454962057841e-05,0.0099966453556824,-8.6671611113261e-07,8.6830985537086e-07,-5.5043099499777e-06,-5.588197692506e-06,-4.7157435508186e-06,0.90002912096503,0.9000274195478,2.5,2.5,-5.5361842097362e-06,-0.00010000000000001
0.39625,-0.037912063065438,0.57737298283364,0.61528504589908,0.99994530765904,0.99994343473082,0.99997582490366,0.99997578706007,3.7900845603368e-06,3.3656778739178e-23,-1.3336284357571e-05,-1.345716127779e-05,0.0099966442835448,-8.5771006045765e-07,8.5928724408057e-07,-5.5055107644402e-06,-5.5885268290933e-06,-4.7150103004915e-06,0.90002911929236,0.90002743555454,2.5,2.5,-5.5370538186358e-06,-9.9999999999991e-05
0.3975,-0.037912063065438,0.57737298283364,0.61528504589908,0.99994529200616,0.99994343853955,0.99997582648651,0.99997578903615,3.7507017761657e-06,3.3307051010184e-23,-1.3339716758012e-05,-1.345933764567e-05,0.0099966432225479,-8.4879759167359e-07,8.50358386806e-07,-5.5066991012351e-06,-5.5888525456207e-06,-4.7142846693658e-06,0.90002911763707,0.90002745139495,2.5,2.5,-5.5379143914258e-06,-9.9999999999998e-05
0.39875,-0.037912063065438,0.57737298283364,0.61528504589908,0.99994527651593,0.9999434423087,0.9999758280529,0.99997579099169,3.7117282186858e-06,3.29609573087e-23,-1.3343113492335e-05,-1.346149139888e-05,0.0099966421725757,-8.3997773246991e-07,8.4152230933614e-07,-5.5078750900181e-06,-5.5891748776268e-06,-4.7135665782828e-06,0.90002911599897,0.90002746707076,2.5,2.5,-5.5387660220006e-06,-0.00010000000000001
0.4,-0.037912063065438,0.57737298283364,0.61528504589908,0.99994526118666,0.99994344603868,0.99997582960302,0.99997579292692,3.6731596355807e-06,3.2618459865102e-23,-1.3346474931224e-05,-1.3463622772426e-05,0.0099966411335138,-8.3124952036058e-07,8.3277804754024e-07,-5.5090388590956e-06,-5.5894938602794e-06,-4.7128559488841e-06,0.9000291143779,0.90002748258369,2.5,2.5,-5.5396088032784e-06,-0.0001
0.40125,-0.037912063065438,0.57737298283364,0.61528504589908,0.99994524601668,0.99994344972991,0.99997583113704,0.99997579484203,3.6349918187949e-06,3.2279521316345e-23,-1.3349801441405e-05,-1.3465731998875e-05,0.0099966401052488,-8.2261200317212e-07,8.2412464741894e-07,-5.5101905354441e-06,-5.5898095283813e-06,-4.7121527036401e-06,0.90002911277368,0.90002749793542,2.5,2.5,-5.5404428272126e-06,-0.0001
0.4025,-0.037912063065438,0.57737298283364,0.61528504589908,0.99994523100432,0.99994345338278,0.99997583265511,0.99997579673725,3.5972206039341e-06,3.1944104676899e-23,-1.3353093385778e-05,-1.3467819308391e-05,0.0099966390876685,-8.1406423846805e-07,8.1556116483229e-07,-5.5113302447197e-06,-5.5901219163759e-06,-4.7114567658143e-06,0.90002911118612,0.90002751312763,2.5,2.5,-5.5412681848006e-06,-9.9999999999994e-05
0.40375,-0.037912063065438,0.57737298283364,0.61528504589908,0.99994521614797,0.99994345699769,0.99997583415741,0.99997579861277,3.5598418699322e-06,3.1612173354223e-23,-1.3356351123525e-05,-1.346988492866e-05,0.0099966380806619,-8.056052936415e-07,8.0708666542035e-07,-5.5124581112712e-06,-5.5904310583451e-06,-4.7107680594889e-06,0.90002910961506,0.90002752816198,2.5,2.5,-5.5420849660945e-06,-9.9999999999998e-05
0.405,-0.037912063065438,0.57737298283364,0.61528504589908,0.99994520144598,0.99994346057504,0.9999758356441,0.9999758004688,3.5228515384978e-06,3.1283691132638e-23,-1.3359575010122e-05,-1.3471929084955e-05,0.0099966370841191,-7.9723424573361e-07,7.98700224583e-07,-5.5135742581564e-06,-5.5907369880191e-06,-4.7100865095092e-06,0.90002910806032,0.90002754304011,2.5,2.5,-5.5428932602108e-06,-0.0001
0.40625,-0.037912063065438,0.57737298283364,0.61528504589908,0.99994518689676,0.99994346411522,0.99997583711534,0.99997580230555,3.4862455737527e-06,3.0958622169058e-23,-1.3362765397301e-05,-1.3473952000541e-05,0.0099966360979313,-7.8895018139027e-07,7.9040092724233e-07,-5.514678807155e-06,-5.5910397387755e-06,-4.7094120415203e-06,0.90002910652174,0.90002755776364,2.5,2.5,-5.5436931553394e-06,-9.9999999999998e-05
0.4075,-0.037912063065438,0.57737298283364,0.61528504589908,0.99994517249873,0.99994346761862,0.99997583857129,0.99997580412321,3.4500199817424e-06,3.0636930999719e-23,-1.3365922633154e-05,-1.3475953895886e-05,0.0099966351219911,-7.8075219683261e-07,7.8218786797829e-07,-5.5157718787807e-06,-5.5913393436482e-06,-4.7087445819311e-06,0.90002910499915,0.90002757233418,2.5,2.5,-5.5444847387546e-06,-9.9999999999999e-05
0.40875,-0.037912063065438,0.57737298283364,0.61528504589908,0.9999451582503,0.99994347108561,0.99997584001211,0.99997580592198,3.4141708099942e-06,3.0318582524459e-23,-1.336904706215e-05,-1.3477934989626e-05,0.0099966341561918,-7.7263939755264e-07,7.7406015063273e-07,-5.5168535922941e-06,-5.5916358353266e-06,-4.7080840579158e-06,0.90002910349238,0.90002758675332,2.5,2.5,-5.5452680968232e-06,-9.9999999999999e-05
0.41,-0.037912063065438,0.57737298283364,0.61528504589908,0.99994514414993,0.99994347451657,0.99997584143797,0.99997580770207,3.3786941471455e-06,3.0003542008809e-23,-1.3372139025212e-05,-1.3479895497746e-05,0.0099966332004282,-7.6461089839123e-07,7.6601688842579e-07,-5.517924065719e-06,-5.5919292461571e-06,-4.7074303974091e-06,0.90002910200126,0.90002760102263,2.5,2.5,-5.5460433150149e-06,-9.9999999999988e-05
0.41125,-0.037912063065438,0.57737298283364,0.61528504589908,0.99994513019607,0.99994347791188,0.999975842849,0.99997580946365,3.3435861224325e-06,2.9691775084234e-23,-1.3375198859679e-05,-1.3481835634338e-05,0.0099966322545959,-7.5666582340034e-07,7.5805720378488e-07,-5.5189834158493e-06,-5.5922196081544e-06,-4.7067835290905e-06,0.90002910052564,0.90002761514366,2.5,2.5,-5.5468104779112e-06,-0.00010000000000001
0.4125,-0.037912063065438,0.57737298283364,0.61528504589908,0.99994511638721,0.99994348127192,0.99997584424538,0.99997581120693,3.3088429053519e-06,2.9383247724165e-23,-1.3378226899345e-05,-1.3483755610774e-05,0.0099966313185918,-7.4880330574595e-07,7.5018022828953e-07,-5.5200317582688e-06,-5.5925069530006e-06,-4.7061433823851e-06,0.90002909906535,0.90002762911797,2.5,2.5,-5.5475696692147e-06,-0.00010000000000001
0.41375,-0.037912063065438,0.57737298283364,0.61528504589908,0.99994510272184,0.99994348459703,0.99997584562724,0.9999758129321,3.2744607051945e-06,2.9077926277959e-23,-1.3381223474661e-05,-1.3485655636843e-05,0.0099966303923137,-7.4102248751719e-07,7.4238510245765e-07,-5.5210692073579e-06,-5.592791312044e-06,-4.7055098874441e-06,0.90002909762024,0.90002764294707,2.5,2.5,-5.5483209717582e-06,-9.9999999999993e-05
0.415,-0.037912063065438,0.57737298283364,0.61528504589908,0.99994508919847,0.9999434878876,0.99997584699475,0.99997581463934,3.2404357706013e-06,2.8775777427347e-23,-1.3384188912572e-05,-1.348753591974e-05,0.0099966294756605,-7.3332251982991e-07,7.3467097582295e-07,-5.5220958763088e-06,-5.5930727163118e-06,-4.7048829751553e-06,0.90002909619014,0.90002765663247,2.5,2.5,-5.549064467514e-06,-9.9999999999997e-05
0.41625,-0.037912063065438,0.57737298283364,0.61528504589908,0.99994507581561,0.99994349114397,0.99997584834804,0.99997581632884,3.2067643892552e-06,2.8476768207189e-23,-1.3387123536573e-05,-1.3489396664577e-05,0.0099966285685324,-7.2570256250277e-07,7.2703700668971e-07,-5.5231118771377e-06,-5.5933511965067e-06,-4.7042625771116e-06,0.90002909477491,0.90002767017566,2.5,2.5,-5.5498002376023e-06,-0.00010000000000001
0.4175,-0.037912063065438,0.57737298283364,0.61528504589908,0.99994506257182,0.99994349436651,0.99997584968728,0.99997581800079,3.1734428873654e-06,2.8180865991595e-23,-1.3390027666936e-05,-1.349123807437e-05,0.0099966276708301,-7.1816178421107e-07,7.1948236218027e-07,-5.5241173206994e-06,-5.5936267830126e-06,-4.7036486256286e-06,0.90002909337437,0.90002768357813,2.5,2.5,-5.5505283623005e-06,-9.9999999999993e-05
0.41875,-0.037912063065438,0.57737298283364,0.61528504589908,0.99994504946565,0.99994349755556,0.99997585101259,0.99997581965536,3.140467629337e-06,2.7888038495525e-23,-1.3392901620427e-05,-1.3493060350149e-05,0.0099966267824559,-7.1069936215953e-07,7.1200621800901e-07,-5.5251123166922e-06,-5.593899505898e-06,-4.7030410537153e-06,0.9000290919884,0.90002769684133,2.5,2.5,-5.5512489210521e-06,-0.0001
0.42,-0.037912063065438,0.57737298283364,0.61528504589908,0.99994503649566,0.99994350071148,0.99997585232414,0.99997582129274,3.1078350173591e-06,2.7598253774001e-23,-1.339574571067e-05,-1.3494863690619e-05,0.0099966259033128,-7.0331448217728e-07,7.0460775847142e-07,-5.5260969736771e-06,-5.5941693949193e-06,-4.7024397950851e-06,0.90002909061682,0.90002770996672,2.5,2.5,-5.5519619924747e-06,-9.9999999999993e-05
0.42125,-0.037912063065438,0.57737298283364,0.61528504589908,0.99994502366044,0.9999435038346,0.99997585362206,0.9999758229131,3.0755414909684e-06,2.7311480207701e-23,-1.3398560247917e-05,-1.3496648292541e-05,0.0099966250333049,-6.960063385133e-07,6.9728617637473e-07,-5.5270713990884e-06,-5.5944364795221e-06,-4.7018447841368e-06,0.90002908925949,0.90002772295572,2.5,2.5,-5.5526676543693e-06,-9.9999999999995e-05
0.4225,-0.037912063065438,0.57737298283364,0.61528504589908,0.99994501095859,0.99994350692527,0.99997585490649,0.99997582451663,3.0435835267454e-06,2.7027686502344e-23,-1.3401345539345e-05,-1.349841435071e-05,0.0099966241723372,-6.8877413380979e-07,6.9004067285576e-07,-5.5280356992409e-06,-5.5947007888485e-06,-4.701255955951e-06,0.90002908791627,0.90002773580975,2.5,2.5,-5.5533659837283e-06,-0.00010000000000001
0.42375,-0.037912063065438,0.57737298283364,0.61528504589908,0.99994499838873,0.99994350998382,0.99997585617757,0.9999758261035,3.0119576378729e-06,2.6746841703463e-23,-1.34041018888e-05,-1.3500162057698e-05,0.0099966233203159,-6.8161707892727e-07,6.8287045738061e-07,-5.5289899793463e-06,-5.5949623517342e-06,-4.7006732462785e-06,0.90002908658701,0.90002774853022,2.5,2.5,-5.5540570567438e-06,-0.0001
0.425,-0.037912063065438,0.57737298283364,0.61528504589908,0.99994498594948,0.9999435130106,0.99997585743545,0.99997582767387,2.9806603737217e-06,2.646891516159e-23,-1.3406829597023e-05,-1.350189160434e-05,0.0099966224771479,-6.7453439310865e-07,6.7577474769223e-07,-5.5299343435229e-06,-5.5952211967196e-06,-4.7000965915459e-06,0.90002908527156,0.90002776111851,2.5,2.5,-5.5547409488171e-06,-9.9999999999993e-05
0.42625,-0.037912063065438,0.57737298283364,0.61528504589908,0.99994497363949,0.99994351600592,0.99997585868026,0.99997582922793,2.949688319585e-06,2.6193876555371e-23,-1.3409528961575e-05,-1.3503603179206e-05,0.0099966216427412,-6.6752530345587e-07,6.6875276949936e-07,-5.5308688948066e-06,-5.5954773520461e-06,-4.6995259288362e-06,0.90002908396978,0.90002777357599,2.5,2.5,-5.5554177345649e-06,-0.00010000000000001
0.4275,-0.037912063065438,0.57737298283364,0.61528504589908,0.99994496145741,0.99994351897011,0.99997585991213,0.99997583076584,2.9190380961774e-06,2.59216958762e-23,-1.3412200277044e-05,-1.3505296969115e-05,0.0099966208170049,-6.6058904526025e-07,6.6180375672527e-07,-5.5317937351667e-06,-5.5957308456609e-06,-4.6989611958797e-06,0.90002908268152,0.90002778590403,2.5,2.5,-5.5560874878292e-06,-9.999999999999e-05
0.42875,-0.037912063065438,0.57737298283364,0.61528504589908,0.99994494940191,0.99994352190351,0.9999758611312,0.99997583228777,2.8887063593876e-06,2.5652343427866e-23,-1.3414843834824e-05,-1.3506973158823e-05,0.0099966199998489,-6.5372486182625e-07,6.5492695118768e-07,-5.5327089655047e-06,-5.5959817052224e-06,-4.6984023310763e-06,0.90002908140665,0.90002779810397,2.5,2.5,-5.5567502816847e-06,-0.00010000000000001
0.43,-0.037912063065438,0.57737298283364,0.61528504589908,0.99994493747169,0.99994352480642,0.9999758623376,0.99997583379389,2.858689799779e-06,2.5385789820859e-23,-1.3417459923485e-05,-1.3508631931242e-05,0.0099966191911839,-6.4693200407005e-07,6.4812160254414e-07,-5.5336146856816e-06,-5.5962299581018e-06,-4.6978492734285e-06,0.90002908014503,0.90002781017713,2.5,2.5,-5.5574061884463e-06,-0.00010000000000002
0.43125,-0.037912063065438,0.57737298283364,0.61528504589908,0.99994492566543,0.99994352767918,0.99997586353147,0.99997583528435,2.8289851423659e-06,2.5122005977876e-23,-1.3420048828279e-05,-1.3510273467283e-05,0.0099966183909217,-6.4020973099967e-07,6.4138696834299e-07,-5.5345109945162e-06,-5.5964756313847e-06,-4.6973019626068e-06,0.90002907889652,0.90002782212485,2.5,2.5,-5.5580552796782e-06,-9.9999999999995e-05
0.4325,-0.037912063065438,0.57737298283364,0.61528504589908,0.99994491398184,0.99994353052208,0.99997586471293,0.99997583675933,2.7995891461764e-06,2.486096310921e-23,-1.342261083176e-05,-1.3511897946188e-05,0.0099966175989751,-6.3355730905094e-07,6.347223137003e-07,-5.5353979898016e-06,-5.5967187518746e-06,-4.6967603389014e-06,0.90002907766098,0.90002783394842,2.5,2.5,-5.5586976262004e-06,-9.9999999999999e-05
0.43375,-0.037912063065438,0.57737298283364,0.61528504589908,0.99994490241967,0.99994353333543,0.99997586588212,0.99997583821899,2.7704986039033e-06,2.4602632740529e-23,-1.3425146213469e-05,-1.3513505545107e-05,0.0099966168152576,-6.2697401244772e-07,6.2812691154977e-07,-5.5362757683156e-06,-5.5969593460994e-06,-4.6962243432019e-06,0.90002907643828,0.90002784564913,2.5,2.5,-5.5593332980974e-06,-9.9999999999992e-05
0.435,-0.037912063065438,0.57737298283364,0.61528504589908,0.99994489097763,0.99994353611956,0.99997586703916,0.99997583966347,2.741710341565e-06,2.434698668428e-23,-1.342765524999e-05,-1.3515096439503e-05,0.0099966160396836,-6.2045912292497e-07,6.2160004224295e-07,-5.5371444258294e-06,-5.5971974403079e-06,-4.695693917039e-06,0.90002907522828,0.90002785722825,2.5,2.5,-5.5599623647251e-06,-0.0001
0.43625,-0.037912063065438,0.57737298283364,0.61528504589908,0.99994487965449,0.99994353887476,0.99997586818417,0.99997584109294,2.713221218178e-06,2.4093997046179e-23,-1.3430138215115e-05,-1.351667080284e-05,0.0099966152721687,-6.1401192964113e-07,6.1514099364975e-07,-5.5380040571198e-06,-5.5974330604787e-06,-4.6951690025387e-06,0.90002907403086,0.90002786868706,2.5,2.5,-5.5605848947188e-06,-9.9999999999999e-05
0.4375,-0.037912063065438,0.57737298283364,0.61528504589908,0.99994486844901,0.99994354160132,0.99997586931729,0.99997584250757,2.6850281253975e-06,2.3843636223375e-23,-1.3432595379731e-05,-1.3518228807015e-05,0.0099966145126291,-6.0763172915749e-07,6.0874906106899e-07,-5.5388547559776e-06,-5.5976662323196e-06,-4.6946495424258e-06,0.90002907284588,0.9000278800268,2.5,2.5,-5.5612009560007e-06,-9.9999999999997e-05
0.43875,-0.037912063065438,0.57737298283364,0.61528504589908,0.99994485735997,0.99994354429956,0.99997587043863,0.99997584390749,2.6571279871554e-06,2.3595876899658e-23,-1.343502701197e-05,-1.3519770621965e-05,0.0099966137609818,-6.0131782538448e-07,6.0242354709811e-07,-5.53969661522e-06,-5.5978969812712e-06,-4.6941354800215e-06,0.90002907167321,0.90002789124871,2.5,2.5,-5.5618106157875e-06,-0.0001
0.44,-0.037912063065438,0.57737298283364,0.61528504589908,0.99994484638615,0.99994354696976,0.99997587154832,0.99997584529286,2.6295177593767e-06,2.3350692050471e-23,-1.3437433377102e-05,-1.352129641583e-05,0.0099966130171449,-5.9506952939344e-07,5.9616376152866e-07,-5.5405297266998e-06,-5.5981253325095e-06,-4.6936267592479e-06,0.90002907051273,0.90002790235402,2.5,2.5,-5.5624139405968e-06,-9.9999999999999e-05
0.44125,-0.037912063065438,0.57737298283364,0.61528504589908,0.99994483552636,0.99994354961221,0.99997587264648,0.99997584666384,2.6021944295727e-06,2.310805491054e-23,-1.3439814737655e-05,-1.3522806355284e-05,0.0099966122810372,-5.8888615945996e-07,5.8996902144916e-07,-5.5413541813148e-06,-5.5983513109475e-06,-4.6931233245888e-06,0.90002906936431,0.90002791334392,2.5,2.5,-5.5630109962557e-06,-0.0001
0.4425,-0.037912063065438,0.57737298283364,0.61528504589908,0.99994482477941,0.9999435522272,0.99997587373323,0.99997584802058,2.5751550166093e-06,2.2867939019041e-23,-1.3442171353495e-05,-1.3524300604868e-05,0.0099966115525784,-5.8276704098531e-07,5.8383865093907e-07,-5.542170069019e-06,-5.5985749412446e-06,-4.6926251211238e-06,0.90002906822782,0.90002792421964,2.5,2.5,-5.5636018479067e-06,-0.0001
0.44375,-0.037912063065438,0.57737298283364,0.61528504589908,0.99994481414414,0.99994355481502,0.99997587480868,0.99997584936321,2.5483965702757e-06,2.2630318169209e-23,-1.3444503481732e-05,-1.3525779327695e-05,0.009996610831689,-5.7671150627536e-07,5.7777198112483e-07,-5.5429774788299e-06,-5.5987962477977e-06,-4.6921320944922e-06,0.90002906710314,0.90002793498234,2.5,2.5,-5.5641865600156e-06,-9.9999999999995e-05
0.445,-0.037912063065438,0.57737298283364,0.61528504589908,0.99994480361938,0.99994355737595,0.99997587587296,0.9999758506919,2.521916171083e-06,2.2395166439846e-23,-1.3446811376815e-05,-1.3527242685158e-05,0.0099966101182904,-5.7071889463564e-07,5.7176835009019e-07,-5.543776498843e-06,-5.5990152547536e-06,-4.6916441909038e-06,0.90002906599014,0.90002794563321,2.5,2.5,-5.5647651963789e-06,-0.0001
0.44625,-0.037912063065438,0.57737298283364,0.61528504589908,0.99994479320398,0.99994355991027,0.99997587692618,0.99997585200678,2.4957109298391e-06,2.2162458174864e-23,-1.344909529057e-05,-1.3528690836831e-05,0.0099966094123047,-5.6478855227684e-07,5.6582710283492e-07,-5.5445672162347e-06,-5.5992319860073e-06,-4.6911613571208e-06,0.90002906488871,0.9000279561734,2.5,2.5,-5.5653378201292e-06,-0.00010000000000001
0.4475,-0.037912063065438,0.57737298283364,0.61528504589908,0.9999447828968,0.99994356241826,0.99997587796846,0.99997585330799,2.4697779873432e-06,2.1932167981986e-23,-1.3451355472138e-05,-1.3530123940768e-05,0.0099966087136549,-5.5891983212214e-07,5.5994759109287e-07,-5.5453497172791e-06,-5.599446465205e-06,-4.6906835404691e-06,0.90002906379873,0.90002796660407,2.5,2.5,-5.5659044937438e-06,-9.9999999999996e-05
0.44875,-0.037912063065438,0.57737298283364,0.61528504589908,0.99994477269673,0.99994356490019,0.99997587899991,0.99997585459569,2.4441145141712e-06,2.1704270734418e-23,-1.3453592168127e-05,-1.3531542153323e-05,0.0099966080222648,-5.5311209385118e-07,5.5412917337459e-07,-5.5461240873528e-06,-5.599658715749e-06,-4.6902106888109e-06,0.90002906272007,0.90002797692636,2.5,2.5,-5.5664652790506e-06,-9.9999999999999e-05
0.45,-0.037912063065438,0.57737298283364,0.61528504589908,0.99994476260265,0.99994356735632,0.99997588002064,0.99997585587,2.4187177102529e-06,2.1478741568582e-23,-1.3455805622688e-05,-1.3532945629178e-05,0.0099966073380589,-5.4736470382184e-07,5.4837121487402e-07,-5.5468904109426e-06,-5.5998687607965e-06,-4.6897427505544e-06,0.90002906165262,0.90002798714139,2.5,2.5,-5.5670202372348e-06,-9.9999999999997e-05
0.45125,-0.037912063065438,0.57737298283364,0.61528504589908,0.99994475261346,0.99994356978694,0.99997588103076,0.99997585713107,2.3935848046256e-06,2.1255555876817e-23,-1.345799607716e-05,-1.3534334521592e-05,0.0099966066609626,-5.4167703492135e-07,5.4267308732263e-07,-5.5476487716621e-06,-5.6000766232648e-06,-4.6892796746438e-06,0.90002906059626,0.90002799725027,2.5,2.5,-5.5675694288464e-06,-9.9999999999997e-05
0.4525,-0.037912063065438,0.57737298283364,0.61528504589908,0.99994474272806,0.9999435721923,0.99997588203039,0.99997585837904,2.3687130551184e-06,2.1034689309457e-23,-1.3460163770611e-05,-1.3535708981952e-05,0.009996605990902,-5.3604846667865e-07,5.3703416906973e-07,-5.5483992522518e-06,-5.6002823258348e-06,-4.6888214105648e-06,0.90002905955088,0.90002800725411,2.5,2.5,-5.5681129138058e-06,-0.0001
0.45375,-0.037912063065438,0.57737298283364,0.61528504589908,0.99994473294538,0.99994357457266,0.99997588301963,0.99997585961404,2.3440997480639e-06,2.0816117767605e-23,-1.3462308939591e-05,-1.3537069160314e-05,0.009996605327804,-5.3047838482872e-07,5.3145384480136e-07,-5.5491419345938e-06,-5.6004858909474e-06,-4.6883679083034e-06,0.90002905851637,0.900028017154,2.5,2.5,-5.5686507514106e-06,-9.9999999999997e-05
0.455,-0.037912063065438,0.57737298283364,0.61528504589908,0.99994472326435,0.99994357692829,0.99997588399859,0.99997586083621,2.3197421979919e-06,2.0599817401481e-23,-1.3464431818085e-05,-1.3538415205055e-05,0.0099966046715963,-5.2496618178428e-07,5.2593150573023e-07,-5.5498768997219e-06,-5.600687340814e-06,-4.6879191183922e-06,0.9000290574926,0.90002802695103,2.5,2.5,-5.5691830003426e-06,-9.999999999999e-05
0.45625,-0.037912063065438,0.57737298283364,0.61528504589908,0.99994471368392,0.99994357925944,0.99997588496738,0.99997586204568,2.295637747311e-06,2.0385764612679e-23,-1.346653263771e-05,-1.3539747263048e-05,0.0099966040222072,-5.1951125601747e-07,5.2046654929855e-07,-5.5506042278242e-06,-5.6008866974139e-06,-4.6874749918513e-06,0.90002905647947,0.90002803664625,2.5,2.5,-5.5697097186739e-06,-0.00010000000000002
0.4575,-0.037912063065438,0.57737298283364,0.61528504589908,0.99994470420304,0.99994358156637,0.9999758859261,0.99997586324258,2.2717837660904e-06,2.0173936048901e-23,-1.3468611627752e-05,-1.3541065479657e-05,0.009996603379566,-5.1411301245342e-07,5.150583792689e-07,-5.5513239982568e-06,-5.6010839824999e-06,-4.6870354802343e-06,0.90002905547686,0.90002804624073,2.5,2.5,-5.5702309638729e-06,-9.9999999999993e-05
0.45875,-0.037912063065438,0.57737298283364,0.61528504589908,0.99994469482068,0.99994358384933,0.99997588687486,0.99997586442705,2.2481776516757e-06,1.9964308599026e-23,-1.3470669015041e-05,-1.3542369998563e-05,0.0099966027436024,-5.0877086201624e-07,5.0970640552399e-07,-5.5520362895514e-06,-5.6012792175952e-06,-4.6866005355835e-06,0.90002905448468,0.90002805573551,2.5,2.5,-5.5707467928109e-06,-0.00010000000000001
0.46,-0.037912063065438,0.57737298283364,0.61528504589908,0.99994468553581,0.99994358610856,0.99997588781376,0.9999758655992,2.2248168284985e-06,1.9756859385661e-23,-1.3472705023929e-05,-1.3543660962244e-05,0.0099966021142471,-5.0348422190114e-07,5.0441004417334e-07,-5.5527411794248e-06,-5.6014724240017e-06,-4.6861701104461e-06,0.9000290535028,0.90002806513163,2.5,2.5,-5.5712572617681e-06,-9.9999999999995e-05
0.46125,-0.037912063065438,0.57737298283364,0.61528504589908,0.99994467634741,0.99994358834432,0.99997588874291,0.99997586675918,2.2016987477206e-06,1.9551565777505e-23,-1.3474719876683e-05,-1.3544938511559e-05,0.0099966014914315,-4.9825251532116e-07,4.9916871735723e-07,-5.5534387447843e-06,-5.6016636227999e-06,-4.6857441578588e-06,0.90002905253113,0.90002807443012,2.5,2.5,-5.5717624264404e-06,-9.9999999999993e-05
0.4625,-0.037912063065438,0.57737298283364,0.61528504589908,0.9999446672545,0.99994359055685,0.9999758896624,0.9999758679071,2.1788208870232e-06,1.9348405379741e-23,-1.3476713793068e-05,-1.35462027858e-05,0.0099966008750875,-4.9307517136268e-07,4.9398185315758e-07,-5.5541290617391e-06,-5.6018528348502e-06,-4.6853226313424e-06,0.90002905156955,0.90002808363199,2.5,2.5,-5.5722623419445e-06,-0.0001
0.46375,-0.037912063065438,0.57737298283364,0.61528504589908,0.99994465825607,0.99994359274639,0.99997589057233,0.9999758690431,2.156180750264e-06,1.9147356018641e-23,-1.3478686990709e-05,-1.3547453923047e-05,0.009996600265148,-4.8795162526075e-07,4.8884888570602e-07,-5.5548122056086e-06,-5.6020400807972e-06,-4.6849054849133e-06,0.90002905061797,0.90002809273824,2.5,2.5,-5.5727570628246e-06,-0.00010000000000001
0.465,-0.037912063065438,0.57737298283364,0.61528504589908,0.99994464935114,0.99994359491318,0.99997589147282,0.99997587016729,2.1337758672685e-06,1.894839576561e-23,-1.3480639684769e-05,-1.3548692059639e-05,0.0099965996615463,-4.8288131791945e-07,4.8376925493269e-07,-5.5554882509269e-06,-5.6022253810696e-06,-4.6844926730554e-06,0.90002904967627,0.90002810174987,2.5,2.5,-5.573246643058e-06,-0.0001
0.46625,-0.037912063065438,0.57737298283364,0.61528504589908,0.99994464053874,0.99994359705745,0.99997589236394,0.9999758712798,2.1116037934812e-06,1.8751502906203e-23,-1.348257208846e-05,-1.354991733082e-05,0.0099965990642167,-4.7786369614416e-07,4.7874240661806e-07,-5.5561572714547e-06,-5.6024087558876e-06,-4.6840841507224e-06,0.90002904874436,0.90002811066786,2.5,2.5,-5.5737311360612e-06,-9.9999999999991e-05
0.4675,-0.037912063065438,0.57737298283364,0.61528504589908,0.99994463181791,0.99994359917944,0.9999758932458,0.99997587238075,2.0896621098295e-06,1.8556655964568e-23,-1.3484484412451e-05,-1.3551129870206e-05,0.009996598473094,-4.7289821255731e-07,4.7376779232419e-07,-5.5568193401883e-06,-5.6025902252576e-06,-4.6836798733513e-06,0.90002904782213,0.90002811949318,2.5,2.5,-5.5742105946956e-06,-0.0001
0.46875,-0.037912063065438,0.57737298283364,0.61528504589908,0.9999446231877,0.99994360127938,0.9999758941185,0.99997587347026,2.0679484222933e-06,1.8363833674812e-23,-1.3486376865553e-05,-1.3552329810009e-05,0.0099965978881135,-4.6798432527464e-07,4.688448692507e-07,-5.5574745293633e-06,-5.6027698089781e-06,-4.6832797968242e-06,0.90002904690949,0.9000281282268,2.5,2.5,-5.5746850712734e-06,-0.0001
0.47,-0.037912063065438,0.57737298283364,0.61528504589908,0.99994461464717,0.9999436033575,0.99997589498214,0.99997587454845,2.0464603617703e-06,1.8173015002827e-23,-1.3488249654115e-05,-1.3553517281279e-05,0.0099965973092117,-4.6312149826004e-07,4.6397310030026e-07,-5.5581229104645e-06,-5.6029475266436e-06,-4.6828838774982e-06,0.90002904600633,0.90002813686967,2.5,2.5,-5.5751546175631e-06,-0.00010000000000001
0.47125,-0.037912063065438,0.57737298283364,0.61528504589908,0.99994460619538,0.99994360541403,0.9999758958368,0.99997587561543,2.0251955837777e-06,1.798417912892e-23,-1.3490102982532e-05,-1.3554692413531e-05,0.0099965967363252,-4.5830920083704e-07,4.5915195389503e-07,-5.5587645542342e-06,-5.6031233976439e-06,-4.6824920721684e-06,0.90002904511255,0.90002814542272,2.5,2.5,-5.5756192847953e-06,-9.9999999999999e-05
0.4725,-0.037912063065438,0.57737298283364,0.61528504589908,0.99994459783141,0.99994360744918,0.99997589668257,0.99997587667133,2.0041517681733e-06,1.7797305452098e-23,-1.3491937053049e-05,-1.355585533492e-05,0.0099965961693915,-4.5354690808369e-07,4.543809040837e-07,-5.5593995306818e-06,-5.6032974411678e-06,-4.6821043380894e-06,0.90002904422806,0.90002815388691,2.5,2.5,-5.5760791236684e-06,-0.0001
0.47375,-0.037912063065438,0.57737298283364,0.61528504589908,0.99994458955436,0.99994360946319,0.99997589751956,0.99997587771626,1.9833266189421e-06,1.7612373577836e-23,-1.3493752065674e-05,-1.3557006172447e-05,0.0099965956083489,-4.4883410027787e-07,4.4965943022145e-07,-5.5600279090865e-06,-5.6034696762045e-06,-4.6817206329598e-06,0.90002904335276,0.90002816226314,2.5,2.5,-5.576534184354e-06,-9.9999999999985e-05
0.475,-0.037912063065438,0.57737298283364,0.61528504589908,0.99994458136331,0.99994361145627,0.99997589834785,0.99997587875033,1.9627178639234e-06,1.7429363329587e-23,-1.3495548218529e-05,-1.355814505165e-05,0.0099965950531361,-4.4417026333004e-07,4.449870172712e-07,-5.5606497580079e-06,-5.6036401215467e-06,-4.6813409149086e-06,0.90002904248656,0.90002817055234,2.5,2.5,-5.5769845165021e-06,-0.00010000000000001
0.47625,-0.037912063065438,0.57737298283364,0.61528504589908,0.99994457325737,0.99994361342865,0.99997589916754,0.99997587977365,1.9423232545803e-06,1.724825474501e-23,-1.3497325707572e-05,-1.3559272096743e-05,0.0099965945036925,-4.3955488830063e-07,4.4036315535356e-07,-5.5612651452956e-06,-5.6038087957902e-06,-4.6809651425074e-06,0.90002904162935,0.9000281787554,2.5,2.5,-5.5774301692471e-06,-9.9999999999988e-05
0.4775,-0.037912063065438,0.57737298283364,0.61528504589908,0.99994456523566,0.99994361538052,0.99997589997871,0.99997588078634,1.9221405656858e-06,1.7069028061908e-23,-1.3499084726658e-05,-1.356038743059e-05,0.0099965939599581,-4.3498747167585e-07,4.3578733999232e-07,-5.561874138091e-06,-5.6039757173399e-06,-4.6805932747674e-06,0.90002904078106,0.90002818687323,2.5,2.5,-5.5778711912125e-06,-9.9999999999991e-05
0.47875,-0.037912063065438,0.57737298283364,0.61528504589908,0.99994455729731,0.99994361731212,0.99997590078145,0.99997588178851,1.9021675951918e-06,1.6891663720436e-23,-1.3500825467797e-05,-1.3561491175189e-05,0.0099965934218737,-4.3046751502341e-07,4.3125907194322e-07,-5.5624768028394e-06,-5.6041409044052e-06,-4.6802252710984e-06,0.90002903994158,0.9000281949067,2.5,2.5,-5.5783076305168e-06,-0.00010000000000001
0.48,-0.037912063065438,0.57737298283364,0.61528504589908,0.99994454944144,0.99994361922364,0.99997590157584,0.99997588278026,1.8824021639315e-06,1.6716142373526e-23,-1.3502548120914e-05,-1.356258345064e-05,0.0099965928893806,-4.2599452534584e-07,4.2677785717905e-07,-5.563073205297e-06,-5.6043043750127e-06,-4.6798610913569e-06,0.90002903911082,0.9000282028567,2.5,2.5,-5.5787395347786e-06,-9.9999999999999e-05
0.48125,-0.037912063065438,0.57737298283364,0.61528504589908,0.99994454166721,0.9999436211153,0.99997590236199,0.99997588376171,1.8628421153452e-06,1.6542444870485e-23,-1.3504252873911e-05,-1.3563664376266e-05,0.0099965923624206,-4.2156801451084e-07,4.2234320672942e-07,-5.5636634105339e-06,-5.6044661469965e-06,-4.6795006958156e-06,0.90002903828869,0.90002821072408,2.5,2.5,-5.5791669511215e-06,-0.0001
0.4825,-0.037912063065438,0.57737298283364,0.61528504589908,0.99994453397375,0.99994362298731,0.99997590313996,0.99997588473296,1.8434853152964e-06,1.6370552256553e-23,-1.3505939912835e-05,-1.3564734069979e-05,0.0099965918409362,-4.1718749950311e-07,4.1795463671747e-07,-5.5642474829456e-06,-5.6046262380063e-06,-4.679144045137e-06,0.90002903747511,0.90002821850972,2.5,2.5,-5.5795899261794e-06,-0.00010000000000001
0.48375,-0.037912063065438,0.57737298283364,0.61528504589908,0.99994452636024,0.99994362483986,0.99997590390985,0.99997588569411,1.8243296518372e-06,1.6200445779703e-23,-1.3507609421682e-05,-1.3565792648551e-05,0.0099965913248706,-4.1285250251971e-07,4.1361166838605e-07,-5.5648254862579e-06,-5.6047846655102e-06,-4.678791100425e-06,0.90002903666998,0.90002822621446,2.5,2.5,-5.5800085061016e-06,-9.999999999999e-05
0.485,-0.037912063065438,0.57737298283364,0.61528504589908,0.99994451882584,0.99994362667316,0.99997590467174,0.99997588664529,1.8053730349656e-06,1.6032106881261e-23,-1.3509261582685e-05,-1.3566840227373e-05,0.0099965908141674,-4.0856255045566e-07,4.0931382784578e-07,-5.5653974835354e-06,-5.6049414467925e-06,-4.6784418231569e-06,0.90002903587322,0.90002823383914,2.5,2.5,-5.5804227365582e-06,-0.0001
0.48625,-0.037912063065438,0.57737298283364,0.61528504589908,0.99994451136973,0.99994362848742,0.99997590542572,0.99997588758657,1.7866133963552e-06,1.5865517196652e-23,-1.3510896576071e-05,-1.3567876920869e-05,0.0099965903087709,-4.0431717533318e-07,4.0506064618927e-07,-5.5659635371881e-06,-5.6050965989608e-06,-4.6780961752311e-06,0.90002903508474,0.90002824138459,2.5,2.5,-5.5808326627444e-06,-0.0001
0.4875,-0.037912063065438,0.57737298283364,0.61528504589908,0.9999445039911,0.99994363028282,0.99997590617186,0.99997588851808,1.7680486892414e-06,1.5700658541972e-23,-1.3512514580246e-05,-1.3568902842064e-05,0.009996589808626,-4.0011591392259e-07,4.0085165935636e-07,-5.5665237089731e-06,-5.6052501389419e-06,-4.6777541189401e-06,0.90002903430444,0.90002824885164,2.5,2.5,-5.5812383293861e-06,-9.9999999999984e-05
0.48875,-0.037912063065438,0.57737298283364,0.61528504589908,0.99994449668914,0.99994363205956,0.99997590691024,0.9999758894399,1.7496768880804e-06,1.5537512932887e-23,-1.3514115771732e-05,-1.3569918102832e-05,0.0099965893136781,-3.9595830778945e-07,3.9668640810755e-07,-5.567078060012e-06,-5.6054020834879e-06,-4.6774156169531e-06,0.90002903353226,0.90002825624109,2.5,2.5,-5.5816397807439e-06,-0.0001
0.49,-0.037912063065438,0.57737298283364,0.61528504589908,0.99994448946305,0.99994363381784,0.99997590764096,0.99997589035215,1.7314959883823e-06,1.5376062573099e-23,-1.3515700325244e-05,-1.3570922814114e-05,0.0099965888238732,-3.9184390340039e-07,3.9256443802033e-07,-5.5676266507878e-06,-5.6055524491778e-06,-4.6770806323418e-06,0.9000290327681,0.90002826355376,2.5,2.5,-5.582037060619e-06,-0.00010000000000001
0.49125,-0.037912063065438,0.57737298283364,0.61528504589908,0.99994448231205,0.99994363555786,0.99997590836408,0.99997589125492,1.7135040064536e-06,1.521628984457e-23,-1.351726841361e-05,-1.3571917085361e-05,0.0099965883391579,-3.8777225180453e-07,3.8848529934158e-07,-5.5681695411531e-06,-5.6057012524175e-06,-4.6767491285558e-06,0.90002903201189,0.90002827079045,2.5,2.5,-5.5824302123572e-06,-0.00010000000000002
0.49249999999999,-0.037912063065438,0.57737298283364,0.61528504589908,0.99994447523536,0.99994363727979,0.99997590907968,0.99997589214831,1.6956989793251e-06,1.5058177315105e-23,-1.3518820208017e-05,-1.3572901025227e-05,0.0099965878594793,-3.8374290873376e-07,3.8444854700121e-07,-5.5687067903428e-06,-5.6058485094417e-06,-4.6764210694272e-06,0.90002903126352,0.90002827795194,2.5,2.5,-5.5828192788541e-06,-9.999999999998e-05
0.49374999999999,-0.037912063065438,0.57737298283364,0.61528504589908,0.9999444682322,0.99994363898383,0.99997590978785,0.99997589303241,1.6780789642878e-06,1.4901707731202e-23,-1.3520355877693e-05,-1.3573874740889e-05,0.009996587384785,-3.7975543462762e-07,3.8045374059602e-07,-5.5692384569747e-06,-5.6059942363181e-06,-4.6760964191653e-06,0.90002903052294,0.90002828503902,2.5,2.5,-5.5832043025597e-06,-0.0001
0.49499999999999,-0.037912063065438,0.57737298283364,0.61528504589908,0.99994446130181,0.99994364067016,0.99997591048867,0.99997589390733,1.6606420388948e-06,1.4746864024379e-23,-1.35218755902e-05,-1.3574838338682e-05,0.0099965869150233,-3.7580939434124e-07,3.7650044421448e-07,-5.5697645990558e-06,-5.6061384489458e-06,-4.6757751423412e-06,0.90002902979005,0.90002829205245,2.5,2.5,-5.5835853254822e-06,-9.9999999999999e-05
0.49624999999999,-0.037912063065438,0.57737298283364,0.61528504589908,0.99994445444343,0.99994364233897,0.9999759111822,0.99997589477316,1.6433863006764e-06,1.4593629302412e-23,-1.3523379511383e-05,-1.3575791923786e-05,0.0099965864501428,-3.7190435739754e-07,3.7258822655477e-07,-5.5702852739926e-06,-5.6062811630594e-06,-4.6754572039122e-06,0.90002902906478,0.900028298993,2.5,2.5,-5.583962389194e-06,-0.0001
0.49749999999999,-0.037912063065438,0.57737298283364,0.61528504589908,0.99994444765632,0.99994364399044,0.99997591186852,0.99997589562999,1.6263098668954e-06,1.4441986837897e-23,-1.3524867805297e-05,-1.3576735600043e-05,0.0099965859900929,-3.6803989765566e-07,3.6871666075186e-07,-5.5708005385936e-06,-5.6064223942295e-06,-4.675142569175e-06,0.90002902834704,0.90002830586144,2.5,2.5,-5.5843355348352e-06,-0.00010000000000001
0.49874999999999,-0.037912063065438,0.57737298283364,0.61528504589908,0.99994444093974,0.99994364562475,0.99997591254771,0.99997589647792,1.6094108744146e-06,1.429192009568e-23,-1.3526340634406e-05,-1.3577669470735e-05,0.0099965855348234,-3.6421559361408e-07,3.6488532444044e-07,-5.5713104490782e-06,-5.6065621578668e-06,-4.6748312038148e-06,0.90002902763676,0.90002831265851,2.5,2.5,-5.5847048031186e-06,-9.999999999999e-05
0.49999999999999,-0.037912063065438,0.57737298283364,0.61528504589908,0.99994443429294,0.99994364724208,0.99997591321985,0.99997589731703,1.5926874794234e-06,1.4143412694434e-23,-1.3527798159261e-05,-1.3578593637385e-05,0.0099965850842847,-3.6043102787462e-07,3.6109379952549e-07,-5.5718150610816e-06,-5.6067004692195e-06,-4.6745230738521e-06,0.90002902693386,0.90002831938495,2.5,2.5,-5.5850702343336e-06,-0.0001
0.50124999999999,-0.037912063065438,0.57737298283364,0.61528504589908,0.99994442771521,0.9999436488426,0.999975913885,0.99997589814743,1.5761378573129e-06,1.3996448436058e-23,-1.3529240539045e-05,-1.3579508201203e-05,0.0099965846384274,-3.5668578757442e-07,3.5734167237955e-07,-5.5723144296574e-06,-5.6068373433771e-06,-4.6742181456659e-06,0.90002902623827,0.90002832604149,2.5,2.5,-5.5854318683514e-06,-9.9999999999998e-05
0.50249999999999,-0.037912063065438,0.57737298283364,0.61528504589908,0.99994442120584,0.99994365042649,0.99997591454323,0.9999758989692,1.5597602023895e-06,1.3851011282824e-23,-1.3530667930994e-05,-1.3580413261648e-05,0.0099965841972031,-3.5297946411615e-07,3.5362853360124e-07,-5.5728086092953e-06,-5.606972795276e-06,-4.6739163859938e-06,0.9000290255499,0.90002833262887,2.5,2.5,-5.5857897446287e-06,-0.0001
0.50374999999999,-0.037912063065438,0.57737298283364,0.61528504589908,0.9999444147641,0.99994365199392,0.99997591519463,0.99997589978242,1.5435527277253e-06,1.3707085367472e-23,-1.3532080490962e-05,-1.3581308917634e-05,0.0099965837605635,-3.4931165305527e-07,3.4995397806925e-07,-5.5732976539088e-06,-5.6071068396932e-06,-4.6736177619046e-06,0.90002902486869,0.9000283391478,2.5,2.5,-5.586143902212e-06,-9.9999999999992e-05
0.50499999999999,-0.037912063065438,0.57737298283364,0.61528504589908,0.99994440838929,0.99994365354507,0.99997591583926,0.9999759005872,1.5275136650312e-06,1.3564654987692e-23,-1.3533478372985e-05,-1.3582195266915e-05,0.0099965833284611,-3.4568195425621e-07,3.463176048566e-07,-5.5737816168577e-06,-5.6072394912559e-06,-4.6733222408214e-06,0.90002902419455,0.90002834559899,2.5,2.5,-5.5864943797427e-06,-9.9999999999998e-05
0.50624999999999,-0.037912063065438,0.57737298283364,0.61528504589908,0.99994440208073,0.99994365508009,0.9999759164772,0.99997590138362,1.5116412642752e-06,1.3423704602159e-23,-1.3534861729589e-05,-1.3583072406068e-05,0.0099965829008486,-3.4208997161706e-07,3.4271901717987e-07,-5.5742605509467e-06,-5.607370764434e-06,-4.6730297904988e-06,0.90002902352742,0.90002835198314,2.5,2.5,-5.5868412154596e-06,-9.9999999999999e-05
0.50749999999999,-0.037912063065438,0.57737298283364,0.61528504589908,0.99994439583772,0.99994365659917,0.9999759171085,0.99997590217176,1.4959337937229e-06,1.3284218832363e-23,-1.3536230711759e-05,-1.3583940430918e-05,0.0099965824776795,-3.3853531333621e-07,3.3915782248205e-07,-5.5747345084283e-06,-5.6075006735515e-06,-4.6727403790274e-06,0.90002902286722,0.90002835830096,2.5,2.5,-5.5871844472054e-06,-0.00010000000000001
0.50874999999999,-0.037912063065438,0.57737298283364,0.61528504589908,0.99994438965958,0.99994365810246,0.99997591773324,0.99997590295171,1.4803895395451e-06,1.3146182462244e-23,-1.3537585468837e-05,-1.3584799436091e-05,0.0099965820589075,-3.3501759149527e-07,3.3563363215477e-07,-5.5752035410167e-06,-5.6076292327837e-06,-4.6724539748304e-06,0.90002902221388,0.90002836455313,2.5,2.5,-5.5875241124285e-06,-9.9999999999991e-05
0.50999999999999,-0.037912063065438,0.57737298283364,0.61528504589908,0.99994438354564,0.99994365959013,0.99997591835149,0.99997590372356,1.4650068057802e-06,1.3009580425371e-23,-1.3538926148614e-05,-1.3585649515364e-05,0.009996581644487,-3.315364223629e-07,3.3214606171892e-07,-5.5756676998845e-06,-5.6077564561569e-06,-4.6721705466658e-06,0.90002902156734,0.90002837074033,2.5,2.5,-5.5878602481891e-06,-0.0001
0.51124999999999,-0.037912063065438,0.57737298283364,0.61528504589908,0.99994437749523,0.99994366106235,0.99997591896332,0.99997590448738,1.4497839140536e-06,1.2874397822504e-23,-1.3540252897366e-05,-1.3586490761345e-05,0.0099965812343727,-3.2809142603156e-07,3.2869473063333e-07,-5.5761270356764e-06,-5.6078823575503e-06,-4.6718900636012e-06,0.9000290209275,0.90002837686324,2.5,2.5,-5.5881928911616e-06,-9.9999999999994e-05
0.51249999999999,-0.037912063065438,0.57737298283364,0.61528504589908,0.99994437150769,0.99994366251926,0.99997591956879,0.99997590524327,1.434719203482e-06,1.2740619902799e-23,-1.3541565859901e-05,-1.3587323266015e-05,0.0099965808285199,-3.2468222667636e-07,3.2527926234226e-07,-5.5765815985087e-06,-5.6080069507025e-06,-4.6716124950376e-06,0.90002902029432,0.90002838292253,2.5,2.5,-5.5885220776394e-06,-9.9999999999996e-05
0.51374999999999,-0.037912063065438,0.57737298283364,0.61528504589908,0.99994436558236,0.99994366396104,0.99997592016797,0.99997590599131,1.4198110303533e-06,1.2608232067356e-23,-1.3542865179382e-05,-1.3588147120193e-05,0.0099965804268843,-3.2130845233201e-07,3.2189928419436e-07,-5.5770314379755e-06,-5.6081302492069e-06,-4.6713378106891e-06,0.90002901966772,0.90002838891886,2.5,2.5,-5.5888478435394e-06,-0.00010000000000002
0.51499999999999,-0.037912063065438,0.57737298283364,0.61528504589908,0.9999443597186,0.99994366538783,0.99997592076092,0.99997590673157,1.4050577681218e-06,1.2477219876047e-23,-1.3544150997684e-05,-1.3588962413646e-05,0.0099965800294222,-3.1796973487814e-07,3.1855442740463e-07,-5.5774766031597e-06,-5.608252266516e-06,-4.6710659805876e-06,0.90002901904763,0.90002839485288,2.5,2.5,-5.5891702244045e-06,-9.9999999999994e-05
0.51624999999999,-0.037912063065438,0.57737298283364,0.61528504589908,0.99994435391578,0.9999436667998,0.99997592134771,0.99997590746414,1.3904578071197e-06,1.234756903276e-23,-1.3545423454987e-05,-1.3589769235338e-05,0.00999657963609,-3.1466571008245e-07,3.1524432705782e-07,-5.5779171426295e-06,-5.6083730159423e-06,-4.6707969750759e-06,0.90002901843398,0.90002840072523,2.5,2.5,-5.5894892554087e-06,-0.0001
0.51749999999999,-0.037912063065438,0.57737298283364,0.61528504589908,0.99994434817325,0.9999436681971,0.99997592192841,0.9999759081891,1.3760095543382e-06,1.2219265393285e-23,-1.3546682690227e-05,-1.3590567673427e-05,0.009996579246845,-3.1139601738525e-07,3.1196862195626e-07,-5.5783531044527e-06,-5.6084925106609e-06,-4.6705307647991e-06,0.90002901782671,0.90002840653657,2.5,2.5,-5.5898049713604e-06,-9.9999999999998e-05
0.51874999999999,-0.037912063065438,0.57737298283364,0.61528504589908,0.99994434249039,0.99994366957988,0.99997592250307,0.99997590890652,1.3617114334283e-06,1.2092294956244e-23,-1.3547928840758e-05,-1.3591357814842e-05,0.0099965788616446,-3.0816030006591e-07,3.0872695472101e-07,-5.5787845361951e-06,-5.6086107637091e-06,-4.670267320711e-06,0.90002901722574,0.90002841228753,2.5,2.5,-5.5901174067064e-06,-9.9999999999991e-05
0.51999999999999,-0.037912063065438,0.57737298283364,0.61528504589908,0.99994433686659,0.99994367094828,0.99997592307176,0.99997590961649,1.3475618843593e-06,1.1966643869664e-23,-1.3549162042495e-05,-1.3592139746036e-05,0.0099965784804469,-3.0495820515485e-07,3.0551897167176e-07,-5.5792114849279e-06,-5.6087277879899e-06,-4.6700066140785e-06,0.90002901663103,0.90002841797872,2.5,2.5,-5.5904265955354e-06,-9.9999999999994e-05
0.52124999999999,-0.037912063065438,0.57737298283364,0.61528504589908,0.99994433130122,0.99994367230247,0.99997592363453,0.99997591031909,1.3335593632926e-06,1.1842298424781e-23,-1.3550382430078e-05,-1.3592913552053e-05,0.0099965781032101,-3.0178938321018e-07,3.0234432280698e-07,-5.5796339972346e-06,-5.6088435962713e-06,-4.6697486164451e-06,0.90002901604249,0.90002842361078,2.5,2.5,-5.5907325715821e-06,-0.00010000000000002
0.52249999999999,-0.037912063065438,0.57737298283364,0.61528504589908,0.99994432579368,0.99994367364259,0.99997592419147,0.99997591101438,1.3197023424912e-06,1.1719245053517e-23,-1.3551590136529e-05,-1.3593679317519e-05,0.0099965777298933,-2.9865348849642e-07,2.9920266170534e-07,-5.5800521192139e-06,-5.6089582011877e-06,-4.6694932996709e-06,0.90002901546007,0.90002842918431,2.5,2.5,-5.5910353682304e-06,-9.999999999999e-05
0.52374999999999,-0.037912063065438,0.57737298283364,0.61528504589908,0.99994432034337,0.99994367496879,0.99997592474261,0.99997591170245,1.3059893100551e-06,1.1597470329152e-23,-1.3552785293761e-05,-1.3594437125897e-05,0.0099965773604556,-2.955501788462e-07,2.9609364561969e-07,-5.5804658964871e-06,-5.6090716152442e-06,-4.6692406358856e-06,0.90002901488369,0.90002843469993,2.5,2.5,-5.5913350185176e-06,-9.9999999999993e-05
0.52499999999999,-0.037912063065438,0.57737298283364,0.61528504589908,0.99994431494969,0.9999436762812,0.99997592528803,0.99997591238336,1.2924187697786e-06,1.1476960967846e-23,-1.3553968032109e-05,-1.3595187059759e-05,0.0099965769948567,-2.9247911575615e-07,2.9301693533209e-07,-5.5808753741976e-06,-5.6091838508153e-06,-4.668990597542e-06,0.90002901431331,0.90002844015824,2.5,2.5,-5.5916315551372e-06,-0.00010000000000001
0.52624999999999,-0.037912063065438,0.57737298283364,0.61528504589908,0.99994430961206,0.99994367757998,0.99997592582778,0.99997591305721,1.2789892410536e-06,1.1357703820708e-23,-1.3555138480623e-05,-1.3595929201239e-05,0.0099965766330567,-2.8943996403877e-07,2.8997219515197e-07,-5.5812805970246e-06,-5.6092949201451e-06,-4.668743157338e-06,0.90002901374886,0.90002844555983,2.5,2.5,-5.5919250104437e-06,-0.0001
0.52749999999999,-0.037912063065438,0.57737298283364,0.61528504589908,0.99994430432989,0.99994367886526,0.99997592636192,0.99997591372405,1.2656992586138e-06,1.123968586966e-23,-1.3556296766921e-05,-1.3596663630998e-05,0.0099965762750162,-2.8643239219193e-07,2.8695909288093e-07,-5.5816816091797e-06,-5.609404835353e-06,-4.6684982882929e-06,0.90002901319027,0.90002845090529,2.5,2.5,-5.5922154164549e-06,-0.0001
0.52874999999999,-0.037912063065438,0.57737298283364,0.61528504589908,0.99994429910261,0.99994368013718,0.99997592689051,0.99997591438396,1.2525473724319e-06,1.1122894250116e-23,-1.3557443017579e-05,-1.3597390429372e-05,0.0099965759206961,-2.8345607204136e-07,2.8397729978747e-07,-5.5820784544144e-06,-5.6095136084329e-06,-4.6682559636772e-06,0.90002901263748,0.90002845619521,2.5,2.5,-5.592502804856e-06,-9.9999999999997e-05
0.52999999999999,-0.037912063065438,0.57737298283364,0.61528504589908,0.99994429392965,0.99994368139589,0.99997592741361,0.99997591503701,1.23953214757e-06,1.100731621111e-23,-1.3558577357447e-05,-1.3598109675579e-05,0.0099965755700578,-2.8051067882346e-07,2.8102649048951e-07,-5.5824711760308e-06,-5.6096212512497e-06,-4.6680161570609e-06,0.90002901209044,0.90002846143016,2.5,2.5,-5.5927872070031e-06,-9.9999999999995e-05
0.53124999999999,-0.037912063065438,0.57737298283364,0.61528504589908,0.99994428881043,0.99994368264152,0.99997592793127,0.99997591568328,1.2266521639507e-06,1.0892939144303e-23,-1.35596999104e-05,-1.3598821448061e-05,0.0099965752230629,-2.7759589124345e-07,2.781063430889e-07,-5.5828598168745e-06,-5.6097277755508e-06,-4.6677788422785e-06,0.90002901154909,0.90002846661072,2.5,2.5,-5.5930686539264e-06,-0.00010000000000001
0.53249999999999,-0.037912063065438,0.57737298283364,0.61528504589908,0.99994428374442,0.9999436838742,0.99997592844355,0.99997591632283,1.2139060162911e-06,1.0779750567888e-23,-1.3560810798933e-05,-1.3599525824495e-05,0.0099965748796737,-2.747113911704e-07,2.7521653894031e-07,-5.5832444193477e-06,-5.6098331929562e-06,-4.6675439934302e-06,0.90002901101336,0.90002847173744,2.5,2.5,-5.5933471763335e-06,-9.9999999999995e-05
0.53374999999999,-0.037912063065438,0.57737298283364,0.61528504589908,0.99994427873104,0.99994368509408,0.99997592895052,0.99997591695574,1.2012923139032e-06,1.066773813538e-23,-1.3561910144231e-05,-1.3600222881815e-05,0.0099965745398526,-2.7185686400947e-07,2.7235676275724e-07,-5.5836250254173e-06,-5.6099375149703e-06,-4.667311584902e-06,0.90002901048319,0.90002847681089,2.5,2.5,-5.5936228046131e-06,-9.9999999999991e-05
0.53499999999999,-0.037912063065438,0.57737298283364,0.61528504589908,0.99994427376976,0.99994368630128,0.99997592945221,0.99997591758207,1.1888096805483e-06,1.0556889625668e-23,-1.3562998066195e-05,-1.3600912695927e-05,0.0099965742035626,-2.6903199819333e-07,2.6952670251102e-07,-5.5840016766065e-06,-5.6100407529731e-06,-4.6670815913263e-06,0.90002900995853,0.90002848183162,2.5,2.5,-5.5938955688381e-06,-0.00010000000000001
0.53624999999999,-0.037912063065438,0.57737298283364,0.61528504589908,0.99994426886003,0.99994368749594,0.99997592994869,0.99997591820189,1.1764567542934e-06,1.0447192942033e-23,-1.356407468359e-05,-1.3601595342323e-05,0.009996573870767,-2.6623648561211e-07,2.6672604945271e-07,-5.5843744140119e-06,-5.6101429182296e-06,-4.6668539876182e-06,0.90002900943933,0.90002848680019,2.5,2.5,-5.594165498769e-06,-9.9999999999996e-05
0.53749999999999,-0.037912063065438,0.57737298283364,0.61528504589908,0.99994426400131,0.99994368867818,0.99997593044001,0.99997591881527,1.1642321873403e-06,1.0338636117442e-23,-1.3565140113815e-05,-1.3602270895174e-05,0.0099965735414295,-2.6347002121384e-07,2.6395449797549e-07,-5.5847432783015e-06,-5.6102440218859e-06,-4.6666287489443e-06,0.90002900892552,0.90002849171712,2.5,2.5,-5.5944326238569e-06,-9.9999999999996e-05
0.53874999999999,-0.037912063065438,0.57737298283364,0.61528504589908,0.99994425919309,0.99994368984814,0.99997593092622,0.99997591942228,1.1521346459291e-06,1.0231207306555e-23,-1.3566194473147e-05,-1.3602939428406e-05,0.0099965732155141,-2.6073230310711e-07,2.6121174570474e-07,-5.5851083097208e-06,-5.6103440749743e-06,-4.666405850717e-06,0.90002900841705,0.90002849658296,2.5,2.5,-5.5946969732468e-06,-0.00010000000000002
0.53999999999999,-0.037912063065438,0.57737298283364,0.61528504589908,0.99994425443482,0.99994369100594,0.99997593140739,0.99997592002298,1.1401628100921e-06,1.0124894788983e-23,-1.3567237876644e-05,-1.3603601014948e-05,0.0099965728929853,-2.5802303272055e-07,2.5849749339199e-07,-5.5854695480971e-06,-5.610443088411e-06,-4.6661852686358e-06,0.90002900791387,0.90002850139825,2.5,2.5,-5.5949585757811e-06,-9.9999999999988e-05
0.54124999999999,-0.037912063065438,0.57737298283364,0.61528504589908,0.999944249726,0.99994369215171,0.99997593188355,0.99997592061744,1.1283153736659e-06,1.0019686966006e-23,-1.3568270438135e-05,-1.3604255726875e-05,0.0099965725738079,-2.553419143058e-07,2.5581144487093e-07,-5.5858270328441e-06,-5.6105410729978e-06,-4.6659669786194e-06,0.90002900741591,0.90002850616349,2.5,2.5,-5.5952174600026e-06,-0.0001
0.54249999999999,-0.037912063065438,0.57737298283364,0.61528504589908,0.99994424506611,0.99994369328558,0.99997593235477,0.99997592120572,1.1165910440029e-06,9.9155723591504e-24,-1.3569292270245e-05,-1.3604903635752e-05,0.0099965722579471,-2.5268865542956e-07,2.5315330710035e-07,-5.5861808029656e-06,-5.6106380394273e-06,-4.6657509568557e-06,0.90002900692312,0.90002851087922,2.5,2.5,-5.5954736541569e-06,-9.9999999999998e-05
0.54374999999999,-0.037912063065438,0.57737298283364,0.61528504589908,0.99994424045464,0.99994369440766,0.99997593282109,0.99997592178789,1.1049885418928e-06,9.8125396067925e-24,-1.3570303484554e-05,-1.3605544812214e-05,0.0099965719453684,-2.5006296658471e-07,2.5052279006394e-07,-5.5865308970605e-06,-5.6107339982765e-06,-4.665537179774e-06,0.90002900643546,0.90002851554595,2.5,2.5,-5.5957271861967e-06,-0.00010000000000001
0.54499999999999,-0.037912063065438,0.57737298283364,0.61528504589908,0.99994423589109,0.99994369551809,0.99997593328256,0.99997592236401,1.093506601434e-06,9.710577466326e-24,-1.3571304191267e-05,-1.3606179326096e-05,0.0099965716360377,-2.474645612799e-07,2.4791960671941e-07,-5.5868773533256e-06,-5.6108289600194e-06,-4.6653256240529e-06,0.90002900595287,0.90002852016419,2.5,2.5,-5.5959780837842e-06,-9.9999999999993e-05
0.54624999999999,-0.037912063065438,0.57737298283364,0.61528504589908,0.99994423137495,0.99994369661697,0.99997593373924,0.99997592293415,1.0821439698612e-06,9.609674814775e-24,-1.3572294499664e-05,-1.360680724687e-05,0.0099965713299212,-2.4489315600214e-07,2.4534347306508e-07,-5.5872202095624e-06,-5.6109229350132e-06,-4.6651162666086e-06,0.90002900547528,0.90002852473444,2.5,2.5,-5.5962263742937e-06,-0.0001
0.54749999999999,-0.037912063065438,0.57737298283364,0.61528504589908,0.99994422690575,0.99994369770444,0.99997593419117,0.99997592349836,1.0708994074456e-06,9.5098206456863e-24,-1.3573274517742e-05,-1.3607428642948e-05,0.0099965710269856,-2.4234847021671e-07,2.4279410804633e-07,-5.5875595031789e-06,-5.6110159335117e-06,-4.6649090845946e-06,0.90002900500267,0.9000285292572,2.5,2.5,-5.5964720848156e-06,-0.00010000000000001
0.54874999999999,-0.037912063065438,0.57737298283364,0.61528504589908,0.99994422248298,0.9999436987806,0.99997593463841,0.9999759240567,1.0597716873064e-06,9.4110040612191e-24,-1.3574244352481e-05,-1.3608043581952e-05,0.0099965707271979,-2.3983022628696e-07,2.4027123346858e-07,-5.5878952711944e-06,-5.6111079656641e-06,-4.6647040554152e-06,0.90002900453496,0.90002853373296,2.5,2.5,-5.5967152421583e-06,-9.9999999999986e-05
0.54999999999999,-0.037912063065438,0.57737298283364,0.61528504589908,0.99994421810617,0.99994369984559,0.999975935081,0.99997592460925,1.0487595953803e-06,9.313214279055e-24,-1.357520410967e-05,-1.3608652131173e-05,0.0099965704305252,-2.3733814939222e-07,2.3777457409039e-07,-5.5882275502426e-06,-5.6111990415092e-06,-4.6645011566899e-06,0.90002900407211,0.90002853816222,2.5,2.5,-5.5969558728523e-06,-0.00010000000000001
0.55124999999999,-0.037912063065438,0.57737298283364,0.61528504589908,0.99994421377484,0.99994370089951,0.99997593551899,0.99997592515605,1.0378619301211e-06,9.2164406325894e-24,-1.3576153893962e-05,-1.3609254356983e-05,0.0099965701369352,-2.348719677285e-07,2.353038575179e-07,-5.5885563765781e-06,-5.611289170984e-06,-4.664300366289e-06,0.90002900361407,0.90002854254545,2.5,2.5,-5.5971940031515e-06,-9.9999999999997e-05
0.55249999999999,-0.037912063065438,0.57737298283364,0.61528504589908,0.99994420948852,0.99994370194247,0.99997593595243,0.99997592569717,1.0270775025564e-06,9.1206725607192e-24,-1.3577093809073e-05,-1.3609850325078e-05,0.009996569846396,-2.3243141216352e-07,2.3285881418853e-07,-5.5888817860772e-06,-5.6113783639237e-06,-4.6641016623029e-06,0.90002900316079,0.90002854688313,2.5,2.5,-5.5974296590379e-06,-0.0001
0.55374999999999,-0.037912063065438,0.57737298283364,0.61528504589908,0.99994420524674,0.9999437029746,0.99997593638137,0.99997592623267,1.0164051360269e-06,9.0258996100461e-24,-1.3578023957556e-05,-1.3610440100377e-05,0.0099965695588757,-2.3001621638844e-07,2.3043917728562e-07,-5.5892038142456e-06,-5.6114666300592e-06,-4.6639050230483e-06,0.90002900271223,0.90002855117575,2.5,2.5,-5.5976628662231e-06,-0.0001
0.55499999999999,-0.037912063065438,0.57737298283364,0.61528504589908,0.99994420104903,0.99994370399601,0.99997593680585,0.9999759267626,1.0058436661015e-06,8.9321114540421e-24,-1.35789444408e-05,-1.3611023747365e-05,0.009996569274343,-2.2762611694991e-07,2.2804468285544e-07,-5.5895224962169e-06,-5.6115539790218e-06,-4.6637104270705e-06,0.90002900226832,0.90002855542375,2.5,2.5,-5.5978936501514e-06,-0.0001
0.55624999999999,-0.037912063065438,0.57737298283364,0.61528504589908,0.99994419689494,0.9999437050068,0.99997593722591,0.99997592728703,9.9539194045079e-07,8.8392978458717e-24,-1.3579855359337e-05,-1.3611601329755e-05,0.009996568992767,-2.2526085301644e-07,2.2567506960387e-07,-5.5898378667636e-06,-5.6116404203388e-06,-4.6635178531445e-06,0.90002900182902,0.90002855962762,2.5,2.5,-5.5981220360029e-06,-0.0001
0.55749999999999,-0.037912063065438,0.57737298283364,0.61528504589908,0.99994419278402,0.99994370600709,0.99997593764162,0.99997592780601,9.8504881871192e-07,8.7474486684684e-24,-1.3580756812497e-05,-1.3612172910404e-05,0.0099965687141168,-2.2292016658258e-07,2.2333007903435e-07,-5.5901499602936e-06,-5.6117259634462e-06,-4.6633272802555e-06,0.90002900139429,0.90002856378781,2.5,2.5,-5.5983480486961e-06,-9.9999999999993e-05
0.55874999999999,-0.037912063065438,0.57737298283364,0.61528504589908,0.99994418871581,0.99994370699698,0.999975938053,0.99997592831959,9.748131724229e-07,8.6565538891382e-24,-1.3581648898646e-05,-1.3612738551748e-05,0.009996568438362,-2.2060380222603e-07,2.2100945527793e-07,-5.5904588108576e-06,-5.6118106176735e-06,-4.6631386876086e-06,0.90002900096408,0.90002856790476,2.5,2.5,-5.5985717128906e-06,-9.9999999999992e-05
0.55999999999999,-0.037912063065438,0.57737298283364,0.61528504589908,0.99994418468988,0.99994370797659,0.99997593846011,0.99997592882784,9.646838847517e-07,8.5666036024775e-24,-1.3582531715146e-05,-1.3613298315533e-05,0.0099965681654726,-2.1831150721914e-07,2.187129451342e-07,-5.5907644521547e-06,-5.6118943922588e-06,-4.6629520546284e-06,0.90002900053834,0.90002857197894,2.5,2.5,-5.5987930529895e-06,-0.0001
0.56124999999999,-0.037912063065438,0.57737298283364,0.61528504589908,0.99994418070577,0.99994370894602,0.99997593886299,0.99997592933081,9.5465985054544e-07,8.4775879930142e-24,-1.3583405358318e-05,-1.3613852262765e-05,0.0099965678954188,-2.1604303143691e-07,2.1644029801405e-07,-5.5910669175325e-06,-5.6119772963416e-06,-4.6627673609508e-06,0.90002900011702,0.90002857601078,2.5,2.5,-5.5990120931425e-06,-0.00010000000000001
0.56249999999999,-0.037912063065438,0.57737298283364,0.61528504589908,0.99994417676307,0.99994370990537,0.99997593926168,0.99997592982855,9.4473997613839e-07,8.3894973382093e-24,-1.3584269923395e-05,-1.361440045398e-05,0.0099965676281712,-2.1379812744376e-07,2.1419126600094e-07,-5.5913662399914e-06,-5.612059338968e-06,-4.6625845864315e-06,0.90002899970008,0.90002858000073,2.5,2.5,-5.5992288572484e-06,-0.0001
0.56374999999999,-0.037912063065438,0.57737298283364,0.61528504589908,0.99994417286134,0.99994371085476,0.99997593965623,0.99997593032112,9.3492317917481e-07,8.3023220395501e-24,-1.3585125504854e-05,-1.3614942948953e-05,0.0099965673637005,-2.1157655019004e-07,2.1196560366005e-07,-5.5916624521877e-06,-5.6121405290885e-06,-4.662403711117e-06,0.90002899928747,0.90002858394922,2.5,2.5,-5.5994433689575e-06,-9.9999999999988e-05
0.56499999999999,-0.037912063065438,0.57737298283364,0.61528504589908,0.99994416900015,0.99994371179428,0.99997594004668,0.99997593080857,9.2520838858641e-07,8.2160525752077e-24,-1.3585972195909e-05,-1.3615479806803e-05,0.0099965671019779,-2.0937805740083e-07,2.097630682175e-07,-5.5919555864427e-06,-5.6122208755624e-06,-4.6622247152787e-06,0.90002899887915,0.90002858785668,2.5,2.5,-5.5996556516746e-06,-9.9999999999998e-05
0.56624999999999,-0.037912063065438,0.57737298283364,0.61528504589908,0.99994416517908,0.99994371272404,0.99997594043307,0.99997593129096,9.1559454443778e-07,8.1306795419014e-24,-1.3586810089002e-05,-1.3616011086239e-05,0.0099965668429749,-2.0720240916035e-07,2.0758341931313e-07,-5.5922456747381e-06,-5.6123003871573e-06,-4.662047579393e-06,0.90002899847507,0.90002859172353,2.5,2.5,-5.5998657285612e-06,-0.0001
0.56749999999999,-0.037912063065438,0.57737298283364,0.61528504589908,0.99994416139772,0.99994371364414,0.99997594081545,0.99997593176833,9.0608059777714e-07,8.0461936146722e-24,-1.3587639275542e-05,-1.3616536845109e-05,0.0099965665866632,-2.0504936806398e-07,2.0542641915462e-07,-5.592532748726e-06,-5.6123790725452e-06,-4.6618722841199e-06,0.90002899807519,0.90002859555021,2.5,2.5,-5.6000736225379e-06,-9.9999999999996e-05
0.56874999999999,-0.037912063065438,0.57737298283364,0.61528504589908,0.99994415765564,0.99994371455468,0.99997594119385,0.99997593224074,8.9666551059391e-07,7.9625855838206e-24,-1.3588459846005e-05,-1.3617057140773e-05,0.0099965663330148,-2.0291869925007e-07,2.0329183238959e-07,-5.5928168397263e-06,-5.6124569403134e-06,-4.6616988103466e-06,0.90002899767947,0.90002859933712,2.5,2.5,-5.6002793562875e-06,-9.9999999999996e-05
0.56999999999999,-0.037912063065438,0.57737298283364,0.61528504589908,0.99994415395246,0.99994371545575,0.99997594156833,0.99997593270825,8.8734825558233e-07,7.8798463264567e-24,-1.3589271889953e-05,-1.3617572030105e-05,0.0099965660820021,-2.0081017021869e-07,2.0117942614053e-07,-5.593097978735e-06,-5.6125339989568e-06,-4.6615271391344e-06,0.90002899728785,0.90002860308469,2.5,2.5,-5.6004829522568e-06,-0.00010000000000001
0.57124999999999,-0.037912063065438,0.57737298283364,0.61528504589908,0.99994415028775,0.99994371634746,0.99997594193891,0.99997593317089,8.7812781623297e-07,7.7979668104045e-24,-1.359007549587e-05,-1.361808156915e-05,0.0099965658335977,-1.9872355091421e-07,1.9908896987912e-07,-5.5933761964287e-06,-5.612610256885e-06,-4.6613572517638e-06,0.90002899690031,0.90002860679331,2.5,2.5,-5.6006844326596e-06,-0.0001
0.57249999999999,-0.037912063065438,0.57737298283364,0.61528504589908,0.99994414666112,0.99994371722991,0.99997594230564,0.99997593362873,8.6900318650521e-07,7.7169381068488e-24,-1.3590870751554e-05,-1.3618585813658e-05,0.0099965655877744,-1.9665861368814e-07,1.9702023560158e-07,-5.5936515231599e-06,-5.6126857224147e-06,-4.66118912969e-06,0.9000289965168,0.9000286104634,2.5,2.5,-5.6008838194787e-06,-0.00010000000000001
0.57374999999999,-0.037912063065438,0.57737298283364,0.61528504589908,0.99994414307217,0.99994371810319,0.99997594266856,0.99997593408182,8.5997337082934e-07,7.6367513677661e-24,-1.3591657743801e-05,-1.3619084818529e-05,0.0099965653445055,-1.9461513323411e-07,1.9497299752515e-07,-5.5939239889711e-06,-5.6127604037834e-06,-4.6610227545732e-06,0.90002899613727,0.90002861409535,2.5,2.5,-5.6010811344686e-06,-9.9999999999988e-05
0.57499999999999,-0.037912063065438,0.57737298283364,0.61528504589908,0.99994413952052,0.99994371896739,0.99997594302771,0.99997593453019,8.5103738402288e-07,7.5573978552559e-24,-1.3592436558296e-05,-1.3619578638181e-05,0.0099965651037644,-1.9259288656632e-07,1.9294703229095e-07,-5.5941936235879e-06,-5.6128343091367e-06,-4.6608581082624e-06,0.90002899576168,0.90002861768956,2.5,2.5,-5.6012763991576e-06,-9.999999999999e-05
0.57624999999999,-0.037912063065438,0.57737298283364,0.61528504589908,0.99994413600578,0.99994371982262,0.99997594338312,0.9999759349739,8.4219425107393e-07,7.4788689031975e-24,-1.3593207280177e-05,-1.3620067326614e-05,0.0099965648655248,-1.9059165309728e-07,1.9094211889136e-07,-5.5944604564308e-06,-5.6129074465397e-06,-4.6606951727908e-06,0.90002899538999,0.90002862124642,2.5,2.5,-5.6014696348504e-06,-0.00010000000000002
0.57749999999999,-0.037912063065438,0.57737298283364,0.61528504589908,0.99994413252755,0.99994372066895,0.99997594373485,0.99997593541301,8.3344300717045e-07,7.401155947012e-24,-1.3593969993484e-05,-1.3620550937087e-05,0.0099965646297608,-1.8861121448079e-07,1.8895803856945e-07,-5.5947245166125e-06,-5.6129798239718e-06,-4.6605339303864e-06,0.90002899502217,0.90002862476632,2.5,2.5,-5.6016608626303e-06,-9.9999999999999e-05
0.57874999999999,-0.037912063065438,0.57737298283364,0.61528504589908,0.99994412908547,0.99994372150649,0.99997594408292,0.99997593584755,8.2478269746608e-07,7.3242505044929e-24,-1.3594724781455e-05,-1.3621029522334e-05,0.0099965643964466,-1.8665135452681e-07,1.869945748e-07,-5.5949858329438e-06,-5.6130514493295e-06,-4.660374363445e-06,0.90002899465817,0.90002862824965,2.5,2.5,-5.6018501033615e-06,-9.9999999999997e-05
0.57999999999999,-0.037912063065438,0.57737298283364,0.61528504589908,0.99994412567916,0.99994372233533,0.99997594442737,0.99997593627757,8.1621237707991e-07,7.2481441855152e-24,-1.3595471726365e-05,-1.3621503134645e-05,0.0099965641655568,-1.8471185958584e-07,1.8505151341043e-07,-5.5952444339352e-06,-5.6131223304281e-06,-4.6602164545742e-06,0.90002899429795,0.90002863169679,2.5,2.5,-5.6020373776917e-06,-0.0001
0.58124999999999,-0.037912063065438,0.57737298283364,0.61528504589908,0.99994412230824,0.99994372315556,0.99997594476824,0.99997593670313,8.0773111093043e-07,7.172828690249e-24,-1.359621090982e-05,-1.3621971825576e-05,0.0099965639370661,-1.8279251787962e-07,1.8312864239291e-07,-5.5955003478033e-06,-5.613192475e-06,-4.6600601865261e-06,0.90002899394148,0.9000286351081,2.5,2.5,-5.6022227060535e-06,-9.9999999999987e-05
0.58249999999999,-0.037912063065438,0.57737298283364,0.61528504589908,0.99994411897234,0.99994372396727,0.99997594510557,0.99997593712427,7.993379736438e-07,7.0982957980491e-24,-1.359694241241e-05,-1.3622435646352e-05,0.0099965637109497,-1.8089312007076e-07,1.8122575189385e-07,-5.5957536024705e-06,-5.6132618907001e-06,-4.6599055422655e-06,0.90002899358871,0.90002863848397,2.5,2.5,-5.6024061086673e-06,-0.00010000000000002
0.58374999999999,-0.037912063065438,0.57737298283364,0.61528504589908,0.99994411567111,0.99994372477054,0.9999759454394,0.99997593754103,7.9103204949528e-07,7.024537375918e-24,-1.3597666313961e-05,-1.3622894647623e-05,0.0099965634871829,-1.7901345891079e-07,1.7934263437443e-07,-5.5960042255658e-06,-5.6133305851007e-06,-4.6597525049111e-06,0.9000289932396,0.90002864182476,2.5,2.5,-5.602587605544e-06,-9.9999999999996e-05
0.58499999999999,-0.037912063065438,0.57737298283364,0.61528504589908,0.99994411240419,0.99994372556546,0.99997594576975,0.99997593795346,7.8281243222963e-07,6.9515453813679e-24,-1.3598382693377e-05,-1.3623348879368e-05,0.0099965632657412,-1.7715332934321e-07,1.7747908433774e-07,-5.5962522444365e-06,-5.6133985656988e-06,-4.6596010577672e-06,0.90002899289413,0.90002864513083,2.5,2.5,-5.6027672164859e-06,-9.999999999999e-05
0.58624999999999,-0.037912063065438,0.57737298283364,0.61528504589908,0.99994410917121,0.99994372635212,0.99997594609668,0.9999759383616,7.7467822504384e-07,6.8793118449369e-24,-1.3599091628948e-05,-1.3623798391209e-05,0.0099965630466006,-1.7531252838929e-07,1.7563489844103e-07,-5.596497686141e-06,-5.6134658399091e-06,-4.6594511843172e-06,0.90002899255224,0.90002864840255,2.5,2.5,-5.6029449610898e-06,-0.00010000000000002
0.58749999999999,-0.037912063065438,0.57737298283364,0.61528504589908,0.99994410597182,0.99994372713061,0.99997594642021,0.9999759387655,7.6662854043e-07,6.8078288885161e-24,-1.3599793197986e-05,-1.3624243232123e-05,0.009996562829737,-1.7349085516657e-07,1.738098754983e-07,-5.5967405774591e-06,-5.6135324150731e-06,-4.6593028681954e-06,0.9000289922139,0.90002865164028,2.5,2.5,-5.6031208587486e-06,-9.9999999999994e-05
0.58874999999999,-0.037912063065438,0.57737298283364,0.61528504589908,0.99994410280568,0.99994372790101,0.99997594674037,0.99997593916521,7.5866250013218e-07,6.7370887098964e-24,-1.3600487476987e-05,-1.3624683450708e-05,0.0099965626151269,-1.7168811098599e-07,1.7200381635786e-07,-5.5969809448947e-06,-5.6135982984544e-06,-4.6591560932331e-06,0.90002899187908,0.90002865484436,2.5,2.5,-5.6032949286543e-06,-0.0001
0.58999999999999,-0.037912063065438,0.57737298283364,0.61528504589908,0.99994409967244,0.9999437286634,0.99997594705721,0.99997593956076,7.5077923498462e-07,6.6670835933614e-24,-1.3601174541738e-05,-1.3625119095005e-05,0.0099965624027468,-1.6990409911572e-07,1.7021652399416e-07,-5.5972188146704e-06,-5.613663497241e-06,-4.659010843409e-06,0.90002899154774,0.90002865801515,2.5,2.5,-5.6034671897988e-06,-9.9999999999988e-05
0.59124999999999,-0.037912063065438,0.57737298283364,0.61528504589908,0.99994409657175,0.99994372941788,0.99997594737076,0.9999759399522,7.4297788488511e-07,6.5978059003045e-24,-1.3601854467199e-05,-1.3625550212541e-05,0.0099965621925735,-1.6813862493386e-07,1.6844780341527e-07,-5.5974542127393e-06,-5.6137280185464e-06,-4.6588671028725e-06,0.90002899121985,0.90002866115299,2.5,2.5,-5.6036376609771e-06,-0.00010000000000002
0.59249999999999,-0.037912063065438,0.57737298283364,0.61528504589908,0.99994409350329,0.99994373016451,0.99997594768104,0.99997594033957,7.3525759862235e-07,6.5292480729191e-24,-1.3602527327538e-05,-1.3625976850316e-05,0.0099965619845841,-1.6639149578914e-07,1.6669746158628e-07,-5.5976871647874e-06,-5.6137918694123e-06,-4.6587248559475e-06,0.90002899089536,0.90002866425822,2.5,2.5,-5.6038063607886e-06,-9.9999999999976e-05
0.59374999999999,-0.037912063065438,0.57737298283364,0.61528504589908,0.99994409046671,0.99994373090338,0.99997594798811,0.99997594072292,7.2761753393217e-07,6.4614026291814e-24,-1.3603193196216e-05,-1.3626399054902e-05,0.0099965617787559,-1.6466252108568e-07,1.6496530758784e-07,-5.5979176962294e-06,-5.6138550568025e-06,-4.6585840871113e-06,0.90002899057424,0.90002866733119,2.5,2.5,-5.6039733076398e-06,-0.0001
0.59499999999999,-0.037912063065438,0.57737298283364,0.61528504589908,0.99994408746168,0.99994373163458,0.99997594829198,0.99997594110229,7.200568571462e-07,6.3942621670397e-24,-1.3603852145795e-05,-1.362681687224e-05,0.0099965615750666,-1.6295151213569e-07,1.6325115238954e-07,-5.5981458322185e-06,-5.6139175876107e-06,-4.658444781004e-06,0.90002899025646,0.90002867037223,2.5,2.5,-5.6041385197456e-06,-0.00010000000000001
0.59624999999999,-0.037912063065438,0.57737298283364,0.61528504589908,0.99994408448788,0.99994373235818,0.9999759485927,0.99997594147771,7.1257474339692e-07,6.3278193627269e-24,-1.3604504248292e-05,-1.3627230348193e-05,0.0099965613734937,-1.6125828231132e-07,1.6155480900279e-07,-5.5983715976448e-06,-5.6139794686638e-06,-4.6583069224253e-06,0.90002898994198,0.90002867338167,2.5,2.5,-5.6043020151316e-06,-9.9999999999997e-05
0.59749999999999,-0.037912063065438,0.57737298283364,0.61528504589908,0.99994408154498,0.99994373307426,0.99997594889029,0.99997594184924,7.0517037632842e-07,6.2620669657979e-24,-1.360514957472e-05,-1.3627639527674e-05,0.0099965611740154,-1.5958264684167e-07,1.5987609232276e-07,-5.5985950171421e-06,-5.6140407067096e-06,-4.6581704963362e-06,0.90002898963076,0.90002867635983,2.5,2.5,-5.6044638116364e-06,-9.9999999999999e-05
0.59874999999999,-0.037912063065438,0.57737298283364,0.61528504589908,0.99994407863265,0.9999437337829,0.99997594918479,0.9999759422169,6.9784294805174e-07,6.1969978023904e-24,-1.3605788195581e-05,-1.3628044455338e-05,0.0099965609766099,-1.5792442291751e-07,1.5821481919794e-07,-5.5988161150856e-06,-5.61410130843e-06,-4.6580354878543e-06,0.90002898932279,0.90002867930705,2.5,2.5,-5.6046239269131e-06,-0.00010000000000001
0.59999999999999,-0.037912063065438,0.57737298283364,0.61528504589908,0.99994407575059,0.99994373448417,0.99997594947622,0.99997594258074,6.9059165912569e-07,6.1326047733744e-24,-1.3606420180578e-05,-1.3628445175396e-05,0.0099965607812556,-1.5628342959076e-07,1.5657080835976e-07,-5.5990349156006e-06,-5.6141612804381e-06,-4.6579018822449e-06,0.90002898901801,0.90002868222365,2.5,2.5,-5.6047823784312e-06,-9.9999999999989e-05
0.60124999999999,-0.037912063065438,0.57737298283364,0.61528504589908,0.99994407289848,0.99994373517816,0.99997594976463,0.9999759429408,6.8341571836461e-07,6.0688808546124e-24,-1.360704559857e-05,-1.3628841731594e-05,0.0099965605879312,-1.5465948782721e-07,1.5494388045896e-07,-5.5992514425578e-06,-5.6142206292767e-06,-4.6577696649288e-06,0.9000289887164,0.90002868510994,2.5,2.5,-5.6049391834792e-06,-0.0001
0.60249999999999,-0.037912063065438,0.57737298283364,0.61528504589908,0.99994407007601,0.99994373586494,0.99997595005005,0.99997594329712,6.7631434285563e-07,6.0058190833206e-24,-1.3607664517854e-05,-1.3629234167155e-05,0.0099965603966157,-1.5305242045271e-07,1.5333385794765e-07,-5.599465719583e-06,-5.6142793614217e-06,-4.6576388214856e-06,0.90002898841792,0.90002868796624,2.5,2.5,-5.605094359165e-06,-9.9999999999989e-05
0.60374999999999,-0.037912063065438,0.57737298283364,0.61528504589908,0.99994406728286,0.99994373654458,0.9999759503325,0.99997594364974,6.6928675773767e-07,5.9434125955494e-24,-1.360827700595e-05,-1.3629622524947e-05,0.0099965602072881,-1.514620521265e-07,1.5174056520271e-07,-5.5996777700558e-06,-5.61433748328e-06,-4.6575093376378e-06,0.90002898812255,0.90002869079286,2.5,2.5,-5.6052479224197e-06,-0.00010000000000001
0.60499999999999,-0.037912063065438,0.57737298283364,0.61528504589908,0.99994406451873,0.99994373721716,0.99997595061201,0.99997594399869,6.6233219629329e-07,5.8816545704968e-24,-1.3608883129673e-05,-1.3630006847269e-05,0.0099965600199279,-1.4988820932402e-07,1.5016382837385e-07,-5.5998876171097e-06,-5.6143950011941e-06,-4.657381199256e-06,0.90002898783024,0.9000286935901,2.5,2.5,-5.6053998899981e-06,-0.00010000000000001
0.60624999999999,-0.037912063065438,0.57737298283364,0.61528504589908,0.99994406178333,0.99994373788275,0.99997595088862,0.99997594434402,6.5544989972235e-07,5.8205382735064e-24,-1.3609482955123e-05,-1.3630387176194e-05,0.0099965598345145,-1.4833072032042e-07,1.4860347541782e-07,-5.6000952836425e-06,-5.6144519214398e-06,-4.6572543923606e-06,0.90002898754097,0.90002869635828,2.5,2.5,-5.6055502784807e-06,-9.9999999999998e-05
0.60749999999999,-0.037912063065438,0.57737298283364,0.61528504589908,0.99994405907635,0.99994373854142,0.99997595116235,0.99997594468576,6.4863911714459e-07,5.7600570371993e-24,-1.3610076547858e-05,-1.3630763552992e-05,0.0099965596510277,-1.4678941521884e-07,1.4705933609962e-07,-5.6003007923106e-06,-5.6145082502268e-06,-4.6571289031176e-06,0.90002898725471,0.9000286990977,2.5,2.5,-5.6056991042759e-06,-9.9999999999998e-05
0.60874999999999,-0.037912063065438,0.57737298283364,0.61528504589908,0.9999440563975,0.99994373919325,0.99997595143324,0.99997594502395,6.4189910541809e-07,5.7002042589534e-24,-1.3610663972548e-05,-1.3631136018899e-05,0.0099965594694475,-1.4526412581223e-07,1.4553124195099e-07,-5.600504165539e-06,-5.6145639937011e-06,-4.6570047178346e-06,0.90002898697142,0.90002870180865,2.5,2.5,-5.6058463836218e-06,-9.9999999999993e-05
0.60999999999999,-0.037912063065438,0.57737298283364,0.61528504589908,0.99994405374649,0.99994373983831,0.99997595170131,0.99997594535862,6.3522912919178e-07,5.6409734125644e-24,-1.3611245293278e-05,-1.3631504614563e-05,0.0099965592897542,-1.4375468565657e-07,1.4401902620168e-07,-5.6007054255144e-06,-5.6146191579448e-06,-4.6568818229558e-06,0.90002898669107,0.90002870449144,2.5,2.5,-5.6059921325873e-06,-0.00010000000000001
0.61124999999999,-0.037912063065438,0.57737298283364,0.61528504589908,0.99994405112302,0.99994374047666,0.9999759519666,0.99997594568982,6.2862846070885e-07,5.5823580369896e-24,-1.3611820573489e-05,-1.3631869380092e-05,0.009996559111928,-1.4226093012944e-07,1.4252252390142e-07,-5.6009045941967e-06,-5.6146737489762e-06,-4.6567602050828e-06,0.90002898641364,0.90002870714634,2.5,2.5,-5.6061363670747e-06,-9.9999999999999e-05
0.61249999999999,-0.037912063065438,0.57737298283364,0.61528504589908,0.99994404852681,0.99994374110838,0.99997595222914,0.99997594601757,6.2209637979462e-07,5.5243517332653e-24,-1.3612389875995e-05,-1.3632230355384e-05,0.0099965589359497,-1.4078269623644e-07,1.4104157178241e-07,-5.6011016933167e-06,-5.6147277727522e-06,-4.6566398509435e-06,0.90002898613909,0.90002870977366,2.5,2.5,-5.606279102821e-06,-9.9999999999991e-05
0.61374999999999,-0.037912063065438,0.57737298283364,0.61528504589908,0.99994404595758,0.99994374173354,0.99997595248894,0.99997594634192,6.1563217378093e-07,5.4669481711559e-24,-1.3612953262872e-05,-1.363258757972e-05,0.0099965587617999,-1.3931982265089e-07,1.395760082298e-07,-5.6012967443784e-06,-5.6147812351663e-06,-4.6565207474001e-06,0.9000289858674,0.90002871237368,2.5,2.5,-5.6064203553996e-06,-9.9999999999997e-05
0.61499999999999,-0.037912063065438,0.57737298283364,0.61528504589908,0.99994404341505,0.9999437423522,0.99997595274605,0.9999759466629,6.0923513733603e-07,5.4101410883804e-24,-1.3613510795596e-05,-1.3632941092226e-05,0.0099965585894597,-1.3787214982004e-07,1.3812567336397e-07,-5.6014897686638e-06,-5.614834142053e-06,-4.6564028814647e-06,0.90002898559852,0.90002871494668,2.5,2.5,-5.606560140222e-06,-0.0001
0.61624999999999,-0.037912063065438,0.57737298283364,0.61528504589908,0.99994404089894,0.99994374296443,0.99997595300048,0.99997594698054,6.0290457252118e-07,5.3539242933498e-24,-1.3614062534988e-05,-1.3633290931308e-05,0.0099965584189103,-1.3643951972688e-07,1.3669040891231e-07,-5.6016807872322e-06,-5.6148864991833e-06,-4.6562862402744e-06,0.90002898533245,0.90002871749294,2.5,2.5,-5.6066984725398e-06,-0.0001
0.61749999999999,-0.037912063065438,0.57737298283364,0.61528504589908,0.99994403840897,0.9999437435703,0.99997595325227,0.99997594729488,5.9663978864647e-07,5.298291641729e-24,-1.361460854129e-05,-1.3633637135273e-05,0.0099965582501331,-1.3502177612914e-07,1.3527005832568e-07,-5.6018698209279e-06,-5.6149383122713e-06,-4.6561708111016e-06,0.90002898506913,0.90002872001275,2.5,2.5,-5.6068353674458e-06,-0.0001
0.61874999999999,-0.037912063065438,0.57737298283364,0.61528504589908,0.99994403594487,0.99994374416987,0.99997595350144,0.99997594760596,5.9044010215785e-07,5.2432370717799e-24,-1.3615148873987e-05,-1.3633979741711e-05,0.0099965580831096,-1.3361876429703e-07,1.3386446658837e-07,-5.6020568903727e-06,-5.6149895869691e-06,-4.6560565813558e-06,0.90002898480855,0.90002872250637,2.5,2.5,-5.6069708398764e-06,-0.00010000000000001
0.61999999999999,-0.037912063065438,0.57737298283364,0.61528504589908,0.99994403350638,0.99994374476322,0.99997595374803,0.99997594791381,5.8430483663801e-07,5.1887545744129e-24,-1.3615683592093e-05,-1.3634318788248e-05,0.0099965579178217,-1.3223033117692e-07,1.3247348037762e-07,-5.602242015978e-06,-5.6150403288715e-06,-4.6559435385699e-06,0.90002898455068,0.90002872497408,2.5,2.5,-5.6071049046123e-06,-9.9999999999995e-05
0.62124999999999,-0.037912063065438,0.57737298283364,0.61528504589908,0.99994403109323,0.9999437453504,0.99997595399205,0.99997594821845,5.7823332268354e-07,5.1348382053406e-24,-1.3616212753952e-05,-1.3634654311689e-05,0.0099965577542513,-1.3085632526006e-07,1.3109694789016e-07,-5.602425217942e-06,-5.6150905435143e-06,-4.655831670414e-06,0.90002898429549,0.90002872741615,2.5,2.5,-5.6072375762811e-06,-9.9999999999995e-05
0.62249999999999,-0.037912063065438,0.57737298283364,0.61528504589908,0.99994402870515,0.99994374593147,0.99997595423353,0.99997594851993,5.7222489786971e-07,5.0814820794217e-24,-1.3616736417282e-05,-1.3634986348744e-05,0.0099965575923805,-1.2949659664506e-07,1.297347189735e-07,-5.602606516254e-06,-5.6151402363762e-06,-4.6557209646798e-06,0.90002898404295,0.90002872983285,2.5,2.5,-5.607368869358e-06,-9.9999999999999e-05
0.62374999999999,-0.037912063065438,0.57737298283364,0.61528504589908,0.99994402634189,0.99994374650651,0.99997595447251,0.99997594881828,5.6627890661204e-07,5.0286803761575e-24,-1.3617254639237e-05,-1.3635314935575e-05,0.0099965574321918,-1.2815099698938e-07,1.2838664498157e-07,-5.602785930695e-06,-5.6151894128805e-06,-4.6556114092888e-06,0.90002898379304,0.90002873222443,2.5,2.5,-5.6074987981681e-06,-9.9999999999999e-05
0.62499999999999,-0.037912063065438,0.57737298283364,0.61528504589908,0.99994402400318,0.99994374707558,0.99997595470901,0.99997594911352,5.6039470017289e-07,4.9764273395299e-24,-1.3617767476358e-05,-1.3635640108033e-05,0.0099965572736676,-1.2681937945961e-07,1.2705257882834e-07,-5.6029634808397e-06,-5.6152380783905e-06,-4.6555029922899e-06,0.90002898354572,0.90002873459116,2.5,2.5,-5.6076273768873e-06,-9.9999999999994e-05
0.62624999999999,-0.037912063065438,0.57737298283364,0.61528504589908,0.99994402168878,0.99994374763873,0.99997595494304,0.9999759494057,5.5457163654952e-07,4.9247172625095e-24,-1.3618274984514e-05,-1.3635961901691e-05,0.0099965571167906,-1.2550159875209e-07,1.2573237496176e-07,-5.6031391860593e-06,-5.6152862382165e-06,-4.6553957018493e-06,0.90002898330097,0.9000287369333,2.5,2.5,-5.6077546195445e-06,-0.00010000000000001
0.62749999999999,-0.037912063065438,0.57737298283364,0.61528504589908,0.99994401939842,0.99994374819603,0.99997595517465,0.99997594969485,5.4880908040569e-07,4.8735445044045e-24,-1.3618777219217e-05,-1.363628035147e-05,0.0099965569615437,-1.2419751113376e-07,1.2442588932971e-07,-5.6033130655261e-06,-5.6153338976155e-06,-4.655289526266e-06,0.90002898305877,0.9000287392511,2.5,2.5,-5.6078805400227e-06,-0.00010000000000001
0.62874999999999,-0.037912063065438,0.57737298283364,0.61528504589908,0.99994401713187,0.99994374874754,0.99997595540384,0.99997594998098,5.4310640300422e-07,4.8229034839675e-24,-1.3619274235173e-05,-1.3636595492415e-05,0.00999655680791,-1.2290697429811e-07,1.2313297942399e-07,-5.6034851382097e-06,-5.6153810617838e-06,-4.6551844539555e-06,0.90002898281908,0.90002874154482,2.5,2.5,-5.6080051520608e-06,-9.9999999999993e-05
0.62999999999999,-0.037912063065438,0.57737298283364,0.61528504589908,0.99994401488886,0.99994374929331,0.99997595563066,0.99997595026415,5.3746298215151e-07,4.7727886742875e-24,-1.3619766086661e-05,-1.3636907358546e-05,0.0099965566558727,-1.2162984741089e-07,1.2185350411452e-07,-5.6036554228867e-06,-5.6154277358693e-06,-4.6550804734481e-06,0.90002898258188,0.90002874381471,2.5,2.5,-5.6081284692546e-06,-9.9999999999995e-05
0.63124999999999,-0.037912063065438,0.57737298283364,0.61528504589908,0.99994401266916,0.99994374983342,0.99997595585512,0.99997595054437,5.3187820210547e-07,4.723194608892e-24,-1.3620252827292e-05,-1.3637215984195e-05,0.0099965565054152,-1.2036599116081e-07,1.2058732384307e-07,-5.6038239381335e-06,-5.6154739249643e-06,-4.6549775734066e-06,0.90002898234715,0.900028746061,2.5,2.5,-5.608250505059e-06,-9.9999999999997e-05
0.63249999999999,-0.037912063065438,0.57737298283364,0.61528504589908,0.99994401047253,0.99994375036791,0.99997595607725,0.99997595082168,5.2635145352518e-07,4.6741158755064e-24,-1.3620734510221e-05,-1.3637521402861e-05,0.0099965563565211,-1.191152676702e-07,1.1933430048573e-07,-5.6039907023392e-06,-5.6155196341079e-06,-4.6548757425986e-06,0.90002898211485,0.90002874828396,2.5,2.5,-5.6083712727888e-06,-0.0001
0.63374999999999,-0.037912063065438,0.57737298283364,0.61528504589908,0.99994400829872,0.99994375089685,0.99997595629707,0.99997595109611,5.2088213341446e-07,4.6255471156191e-24,-1.3621211187935e-05,-1.3637823647904e-05,0.0099965562091742,-1.1787754042451e-07,1.1809429727389e-07,-5.6041557336966e-06,-5.6155648682883e-06,-4.6547749699119e-06,0.90002898188497,0.90002875048382,2.5,2.5,-5.6084907856207e-06,-0.00010000000000001
0.63499999999999,-0.037912063065438,0.57737298283364,0.61528504589908,0.9999440061475,0.9999437514203,0.9999759565146,0.99997595136769,5.1546964503544e-07,4.57748303708e-24,-1.3621682912534e-05,-1.3638122752387e-05,0.0099965560633583,-1.1665267441672e-07,1.1686717894442e-07,-5.6043190502125e-06,-5.61560963244e-06,-4.6546752443561e-06,0.90002898165748,0.90002875266081,2.5,2.5,-5.6086090565941e-06,-9.9999999999991e-05
0.63624999999999,-0.037912063065438,0.57737298283364,0.61528504589908,0.99994400401864,0.9999437519383,0.99997595672988,0.99997595163645,5.1011339785025e-07,4.529918391235e-24,-1.3622149735474e-05,-1.3638418748831e-05,0.0099965559190576,-1.1544053602219e-07,1.1565281162331e-07,-5.6044806697054e-06,-5.6156539314477e-06,-4.6545765550512e-06,0.90002898143235,0.90002875481519,2.5,2.5,-5.6087260986136e-06,-0.00010000000000002
0.63749999999999,-0.037912063065438,0.57737298283364,0.61528504589908,0.99994400191189,0.99994375245093,0.99997595694291,0.99997595190241,5.0481280743722e-07,4.4828479906747e-24,-1.3622611707555e-05,-1.3638711669601e-05,0.0099965557762564,-1.1424099290614e-07,1.144510627664e-07,-5.6046406098107e-06,-5.6156977701428e-06,-4.6544788912238e-06,0.90002898120957,0.90002875694718,2.5,2.5,-5.6088419244487e-06,-9.999999999999e-05
0.63874999999999,-0.037912063065438,0.57737298283364,0.61528504589908,0.99994399982704,0.99994375295822,0.99997595715374,0.99997595216561,4.9956729548839e-07,4.4362666995936e-24,-1.3623068879327e-05,-1.3639001546577e-05,0.009996555634939,-1.1305391431327e-07,1.1326180131771e-07,-5.6047988879758e-06,-5.6157411533105e-06,-4.6543822422269e-06,0.90002898098909,0.90002875905702,2.5,2.5,-5.6089565467373e-06,-9.9999999999991e-05
0.63999999999999,-0.037912063065438,0.57737298283364,0.61528504589908,0.99994399776385,0.99994375346025,0.99997595736237,0.99997595242607,4.9437628968189e-07,4.3901694359533e-24,-1.3623521300667e-05,-1.3639288411454e-05,0.0099965554950901,-1.1187917061241e-07,1.1208489747862e-07,-5.6049555214736e-06,-5.6157840856842e-06,-4.654286597503e-06,0.90002898077091,0.90002876114493,2.5,2.5,-5.6090699779852e-06,-0.00010000000000001
0.64124999999999,-0.037912063065438,0.57737298283364,0.61528504589908,0.9999439957221,0.99994375395705,0.99997595756883,0.99997595268383,4.892392236337e-07,4.3445511665292e-24,-1.3623969020852e-05,-1.3639572295579e-05,0.0099965553566943,-1.1071663368985e-07,1.1092022283246e-07,-5.6051105273905e-06,-5.615826571947e-06,-4.6541919466303e-06,0.900028980555,0.90002876321115,2.5,2.5,-5.6091822305685e-06,-9.9999999999994e-05
0.64249999999999,-0.037912063065438,0.57737298283364,0.61528504589908,0.99994399370156,0.9999437544487,0.99997595777315,0.99997595293891,4.8415553685783e-07,4.2994069171019e-24,-1.3624412088797e-05,-1.363985322977e-05,0.0099965552197365,-1.0956617669301e-07,1.0976765036134e-07,-5.6052639226414e-06,-5.615868616734e-06,-4.6540982792695e-06,0.90002898034132,0.9000287652559,2.5,2.5,-5.6092933167347e-06,-0.00010000000000001
0.64374999999999,-0.037912063065438,0.57737298283364,0.61528504589908,0.99994399170202,0.99994375493524,0.99997595797535,0.99997595319134,4.7912467468331e-07,4.2547317630017e-24,-1.3624850552776e-05,-1.3640131244874e-05,0.0099965550842019,-1.0842767411748e-07,1.0862705424639e-07,-5.6054157239609e-06,-5.6159102246347e-06,-4.6540055852122e-06,0.90002898012987,0.9000287672794,2.5,2.5,-5.6094032486041e-06,-0.00010000000000001
0.64499999999999,-0.037912063065438,0.57737298283364,0.61528504589908,0.99994398972326,0.99994375541672,0.99997595817545,0.99997595344115,4.7414608823329e-07,4.2105208256203e-24,-1.3625284460701e-05,-1.3640406371102e-05,0.0099965549500757,-1.0730100169074e-07,1.0749831008477e-07,-5.6055659479134e-06,-5.615951400186e-06,-4.6539138543363e-06,0.90002897992062,0.90002876928188,2.5,2.5,-5.6095120381711e-06,-9.9999999999994e-05
0.64624999999999,-0.037912063065438,0.57737298283364,0.61528504589908,0.99994398776505,0.9999437558932,0.99997595837346,0.99997595368836,4.6921923427875e-07,4.1667692851526e-24,-1.3625713859896e-05,-1.3640678638457e-05,0.0099965548173431,-1.0618603657291e-07,1.063812947104e-07,-5.6057146108872e-06,-5.6159921478848e-06,-4.6538230766373e-06,0.90002897971354,0.90002877126355,2.5,2.5,-5.6096196973051e-06,-0.0001
0.64749999999999,-0.037912063065438,0.57737298283364,0.61528504589908,0.9999439858272,0.99994375636472,0.99997595856942,0.999975953933,4.6434357531218e-07,4.1234723696288e-24,-1.3626138797243e-05,-1.3640948076681e-05,0.0099965546859898,-1.0508265702236e-07,1.0527588624207e-07,-5.605861729104e-06,-5.616032472172e-06,-4.6537332422091e-06,0.90002897950861,0.90002877322462,2.5,2.5,-5.6097262377528e-06,-9.9999999999994e-05
0.64874999999999,-0.037912063065438,0.57737298283364,0.61528504589908,0.99994398390948,0.99994375683135,0.99997595876335,0.9999759541751,4.5951857931593e-07,4.0806253519168e-24,-1.3626559318982e-05,-1.3641214715179e-05,0.0099965545560014,-1.0399074268477e-07,1.0418196407013e-07,-5.6060073186147e-06,-5.6160723774492e-06,-4.6536443412482e-06,0.90002897930581,0.90002877516532,2.5,2.5,-5.6098316711382e-06,-9.9999999999997e-05
0.64999999999999,-0.037912063065438,0.57737298283364,0.61528504589908,0.99994398201169,0.99994375729313,0.99997595895525,0.99997595441469,4.5474371987331e-07,4.0382235590812e-24,-1.36269754711e-05,-1.3641478582988e-05,0.0099965544273637,-1.0291017445589e-07,1.0309940884958e-07,-5.6061513953033e-06,-5.6161118680712e-06,-4.6535563640607e-06,0.90002897910512,0.90002877708585,2.5,2.5,-5.6099360089648e-06,-0.00010000000000001
0.65124999999999,-0.037912063065438,0.57737298283364,0.61528504589908,0.99994398013362,0.99994375775011,0.99997595914517,0.99997595465178,4.5001847602148e-07,3.9962623616154e-24,-1.3627387299021e-05,-1.3641739708996e-05,0.0099965543000626,-1.0184083443501e-07,1.0202810247613e-07,-5.6062939748913e-06,-5.6161509483459e-06,-4.6534693010486e-06,0.90002897890651,0.90002877898643,2.5,2.5,-5.6100392626167e-06,-9.9999999999991e-05
0.65249999999999,-0.037912063065438,0.57737298283364,0.61528504589908,0.99994397827506,0.99994375820234,0.99997595933311,0.99997595488641,4.4534233218545e-07,3.9547371824681e-24,-1.3627794847621e-05,-1.3641998121649e-05,0.0099965541740844,-1.007826058726e-07,1.0096792805159e-07,-5.6064350729345e-06,-5.6161896225377e-06,-4.6533831426978e-06,0.90002897870997,0.90002878086726,2.5,2.5,-5.6101414433594e-06,-0.00010000000000001
0.65374999999999,-0.037912063065438,0.57737298283364,0.61528504589908,0.99994397643582,0.99994375864988,0.99997595951909,0.9999759551186,4.4071477818889e-07,3.9136434929298e-24,-1.3628198161334e-05,-1.3642253849083e-05,0.0099965540494152,-9.9735373446211e-08,9.9918769900645e-08,-5.6065747048273e-06,-5.6162278948653e-06,-4.653297879629e-06,0.90002897851547,0.90002878272854,2.5,2.5,-5.6102425623416e-06,-9.9999999999996e-05
0.65499999999999,-0.037912063065438,0.57737298283364,0.61528504589908,0.99994397461569,0.99994375909276,0.99997595970315,0.99997595534838,4.3613530913017e-07,3.8729768071094e-24,-1.3628597284315e-05,-1.3642506919313e-05,0.0099965539260414,-9.869902273783e-08,9.8880513536492e-08,-5.6067128858031e-06,-5.6162657695044e-06,-4.6532135025236e-06,0.90002897832299,0.90002878457049,2.5,2.5,-5.610342630596e-06,-9.9999999999998e-05
0.65624999999999,-0.037912063065438,0.57737298283364,0.61528504589908,0.99994397281447,0.99994375953104,0.99997595988529,0.99997595557578,4.3160342535228e-07,3.8327326876232e-24,-1.3628992259874e-05,-1.3642757359862e-05,0.0099965538039496,-9.7673440790456e-08,9.7853045724624e-08,-5.6068496309416e-06,-5.6163032505888e-06,-4.6531300021825e-06,0.90002897813251,0.90002878639329,2.5,2.5,-5.6104416590409e-06,-9.9999999999998e-05
0.65749999999999,-0.037912063065438,0.57737298283364,0.61528504589908,0.99994397103197,0.99994375996477,0.99997596006554,0.99997595580081,4.2711863239006e-07,3.7929067482579e-24,-1.3629383131349e-05,-1.3643005198107e-05,0.0099965536831264,-9.6658515694779e-08,9.683625434016e-08,-5.60698495516e-06,-5.6163403422071e-06,-4.653047369494e-06,0.90002897794401,0.90002878819715,2.5,2.5,-5.6105396584808e-06,-0.00010000000000001
0.65874999999999,-0.037912063065438,0.57737298283364,0.61528504589908,0.99994396926799,0.99994376039398,0.99997596024392,0.9999759560235,4.2268044093336e-07,3.7534946394362e-24,-1.3629769941234e-05,-1.3643250460985e-05,0.0099965535635588,-9.5654136632614e-08,9.5830028399752e-08,-5.6071188732238e-06,-5.6163770484061e-06,-4.6529655954424e-06,0.90002897775747,0.90002878998227,2.5,2.5,-5.6106366396079e-06,-9.9999999999988e-05
0.65999999999999,-0.037912063065438,0.57737298283364,0.61528504589908,0.99994396752233,0.99994376081874,0.99997596042044,0.99997595624388,4.1828836674178e-07,3.714492060381e-24,-1.3630152731772e-05,-1.3643493175426e-05,0.0099965534452335,-9.4660194111179e-08,9.4834258190864e-08,-5.6072513997449e-06,-5.6164133731904e-06,-4.6528846711043e-06,0.90002897757287,0.90002879174884,2.5,2.5,-5.6107326130039e-06,-0.0001
0.66124999999999,-0.037912063065438,0.57737298283364,0.61528504589908,0.99994396579482,0.99994376123909,0.99997596059513,0.99997595646196,4.139419306018e-07,3.675894756914e-24,-1.3630531544734e-05,-1.3643733367787e-05,0.0099965533281378,-9.3676579652894e-08,9.3848835029817e-08,-5.6073825491814e-06,-5.6164493205236e-06,-4.6528045876516e-06,0.90002897739019,0.90002879349706,2.5,2.5,-5.6108275891399e-06,-9.9999999999995e-05
0.66249999999999,-0.037912063065438,0.57737298283364,0.61528504589908,0.99994396408526,0.99994376165507,0.999975960768,0.99997595667778,4.0964065830745e-07,3.6376985184517e-24,-1.3630906421439e-05,-1.3643971064287e-05,0.0099965532122588,-9.2703185927733e-08,9.2873651393454e-08,-5.607512335845e-06,-5.6164848943284e-06,-4.6527253363471e-06,0.9000289772094,0.9000287952271,2.5,2.5,-5.6109215783785e-06,-0.00010000000000001
0.66374999999999,-0.037912063065438,0.57737298283364,0.61528504589908,0.99994396239346,0.99994376206672,0.99997596093908,0.99997595689136,4.0538408055704e-07,3.5998991810447e-24,-1.363127740283e-05,-1.364420629092e-05,0.0099965530975839,-9.1739906745839e-08,9.1908600908204e-08,-5.6076407738939e-06,-5.6165200984857e-06,-4.6526469085429e-06,0.90002897703049,0.90002879693918,2.5,2.5,-5.6110145909745e-06,-9.9999999999995e-05
0.66499999999999,-0.037912063065438,0.57737298283364,0.61528504589908,0.99994396071925,0.9999437624741,0.99997596110838,0.99997595710272,4.0117173292268e-07,3.5624926138324e-24,-1.3631644529315e-05,-1.3644439073303e-05,0.0099965529841006,-9.0786636999637e-08,9.0953578261027e-08,-5.6077678773429e-06,-5.6165549368362e-06,-4.652569295682e-06,0.90002897685344,0.90002879863346,2.5,2.5,-5.6111066370763e-06,-0.00010000000000001
0.66624999999999,-0.037912063065438,0.57737298283364,0.61528504589908,0.99994395906242,0.99994376287725,0.99997596127592,0.99997595731189,3.9700315580067e-07,3.5254747398176e-24,-1.363200784105e-05,-1.3644669436807e-05,0.0099965528717965,-8.9843272690905e-08,9.0008479264459e-08,-5.6078936600594e-06,-5.6165894131813e-06,-4.652492489296e-06,0.90002897667824,0.90002880031013,2.5,2.5,-5.6111977267267e-06,-9.9999999999991e-05
0.66749999999999,-0.037912063065438,0.57737298283364,0.61528504589908,0.99994395742282,0.9999437632762,0.99997596144172,0.99997595751888,3.9287789438264e-07,3.488841514866e-24,-1.3632367377505e-05,-1.364489740669e-05,0.0099965527606594,-8.8909710881655e-08,8.907320078108e-08,-5.6080181357666e-06,-5.6166235312834e-06,-4.6524164810086e-06,0.90002897650485,0.90002880196939,2.5,2.5,-5.6112878698641e-06,-0.0001
0.66874999999999,-0.037912063065438,0.57737298283364,0.61528504589908,0.99994395580025,0.99994376367101,0.9999759616058,0.99997595772371,3.8879549857147e-07,3.4525889483447e-24,-1.3632723178153e-05,-1.3645123007619e-05,0.0099965526506771,-8.798584967621e-08,8.8147640778197e-08,-5.6081413180477e-06,-5.616657294863e-06,-4.6523412625185e-06,0.90002897633326,0.9000288036114,2.5,2.5,-5.6113770763238e-06,-0.0001
0.66999999999999,-0.037912063065438,0.57737298283364,0.61528504589908,0.99994395419454,0.99994376406172,0.99997596176817,0.99997595792642,3.8475552295482e-07,3.4167130824991e-24,-1.3633075281584e-05,-1.3645346264447e-05,0.0099965525418376,-8.7071588394283e-08,8.7231698299791e-08,-5.608263220339e-06,-5.616690707606e-06,-4.6522668256279e-06,0.90002897616346,0.90002880523635,2.5,2.5,-5.6114653558389e-06,-9.9999999999993e-05
0.67124999999999,-0.037912063065438,0.57737298283364,0.61528504589908,0.99994395260552,0.99994376444837,0.99997596192885,0.99997595812703,3.8075752673351e-07,3.3812100008197e-24,-1.3633423726307e-05,-1.3645567201355e-05,0.0099965524341291,-8.616682714284e-08,8.6325273352039e-08,-5.6083838559452e-06,-5.6167237731571e-06,-4.6521931622095e-06,0.90002897599542,0.90002880684441,2.5,2.5,-5.6115527180411e-06,-9.9999999999991e-05
0.67249999999999,-0.037912063065438,0.57737298283364,0.61528504589908,0.99994395103301,0.999943764831,0.99997596208787,0.99997595832555,3.7680107372903e-07,3.346075837535e-24,-1.3633768550361e-05,-1.3645785842472e-05,0.0099965523275397,-8.527146727339e-08,8.5428267076004e-08,-5.6085032380253e-06,-5.6167564951223e-06,-4.6521202642295e-06,0.90002897582912,0.90002880843577,2.5,2.5,-5.6116391724622e-06,-0.00010000000000001
0.67374999999999,-0.037912063065438,0.57737298283364,0.61528504589908,0.99994394947684,0.99994376520965,0.99997596224523,0.99997595852201,3.72885732221e-07,3.3113067485819e-24,-1.3634109791307e-05,-1.3646002211712e-05,0.009996552222058,-8.4385411145289e-08,8.4540581623076e-08,-5.6086213796051e-06,-5.6167888770752e-06,-4.6520481237337e-06,0.90002897566456,0.90002881001059,2.5,2.5,-5.6117247285352e-06,-0.00010000000000001
0.67499999999999,-0.037912063065438,0.57737298283364,0.61528504589908,0.99994394793684,0.99994376558437,0.99997596240096,0.99997595871642,3.690110750453e-07,3.2768989489462e-24,-1.363444748649e-05,-1.3646216332721e-05,0.0099965521176723,-8.3508561959027e-08,8.3662120078499e-08,-5.6087382935757e-06,-5.6168209225461e-06,-4.6519767328482e-06,0.9000289755017,0.90002881156904,2.5,2.5,-5.6118093955947e-06,-9.999999999998e-05
0.67624999999999,-0.037912063065438,0.57737298283364,0.61528504589908,0.99994394641284,0.9999437659552,0.99997596255507,0.99997595890882,3.6517667945948e-07,3.2428486745951e-24,-1.3634781672628e-05,-1.3646428228696e-05,0.0099965520143712,-8.2640824166641e-08,8.2792786649949e-08,-5.6088539926938e-06,-5.6168526350335e-06,-4.6519060837861e-06,0.90002897534054,0.9000288131113,2.5,2.5,-5.6118931828784e-06,-0.00010000000000001
0.67749999999999,-0.037912063065438,0.57737298283364,0.61528504589908,0.99994394490467,0.99994376632217,0.99997596270757,0.99997595909921,3.613821270913e-07,3.2091522206906e-24,-1.3635112386275e-05,-1.3646637922939e-05,0.0099965519121436,-8.1782103008769e-08,8.1932486465433e-08,-5.6089684895808e-06,-5.6168840179946e-06,-4.6518361688348e-06,0.90002897518105,0.90002881463754,2.5,2.5,-5.6119760995281e-06,-9.9999999999998e-05
0.67874999999999,-0.037912063065438,0.57737298283364,0.61528504589908,0.99994394341218,0.99994376668533,0.9999759628585,0.99997595928763,3.5762700392712e-07,3.1758059083149e-24,-1.363543966344e-05,-1.3646845438199e-05,0.0099965518109782,-8.0932304872303e-08,8.1081125677106e-08,-5.6090817967316e-06,-5.6169150748569e-06,-4.6517669803752e-06,0.90002897502322,0.90002881614792,2.5,2.5,-5.6120581545905e-06,-9.9999999999996e-05
0.67999999999999,-0.037912063065438,0.57737298283364,0.61528504589908,0.9999439419352,0.99994376704472,0.99997596300785,0.99997595947409,3.5391090027503e-07,3.1428060972184e-24,-1.3635763539863e-05,-1.3647050797143e-05,0.0099965517108641,-8.0091336932127e-08,8.0238611350227e-08,-5.6091939265051e-06,-5.6169458090065e-06,-4.6516985108521e-06,0.90002897486703,0.9000288176426,2.5,2.5,-5.6121393570185e-06,-0.00010000000000001
0.68124999999999,-0.037912063065438,0.57737298283364,0.61528504589908,0.99994394047356,0.99994376740037,0.99997596315566,0.99997595965861,3.5023341065363e-07,3.1101491851801e-24,-1.3636084050923e-05,-1.3647254022288e-05,0.0099965516117902,-7.925910754129e-08,7.9404851619603e-08,-5.6093048911391e-06,-5.6169762237976e-06,-4.6516307527968e-06,0.90002897471246,0.90002881912175,2.5,2.5,-5.6122197156717e-06,-0.0001
0.68249999999999,-0.037912063065438,0.57737298283364,0.61528504589908,0.99994393902711,0.99994376775233,0.99997596330192,0.99997595984122,3.4659413384164e-07,3.0778316144405e-24,-1.3636401231505e-05,-1.3647455135698e-05,0.0099965515137458,-7.8435525814977e-08,7.8579755471516e-08,-5.6094147027388e-06,-5.6170063225482e-06,-4.6515636988141e-06,0.9000289745595,0.90002882058553,2.5,2.5,-5.6122992393178e-06,-9.9999999999991e-05
0.68374999999999,-0.037912063065438,0.57737298283364,0.61528504589908,0.9999439375957,0.99994376810062,0.99997596344667,0.99997596002192,3.429926727906e-07,3.0458498498288e-24,-1.3636715116291e-05,-1.3647654159313e-05,0.0099965514167201,-7.7620501946723e-08,7.7763232913374e-08,-5.6095233732855e-06,-5.6170361085424e-06,-4.6514973415899e-06,0.90002897440813,0.90002882203411,2.5,2.5,-5.6123779366334e-06,-0.00010000000000001
0.68499999999999,-0.037912063065438,0.57737298283364,0.61528504589908,0.99994393617915,0.9999437684453,0.99997596358991,0.99997596020075,3.3942863450959e-07,3.01420041133e-24,-1.3637025739511e-05,-1.3647851114866e-05,0.0099965513207027,-7.6813947002875e-08,7.6955194850046e-08,-5.6096309146374e-06,-5.6170655850303e-06,-4.651431673884e-06,0.90002897425833,0.90002882346762,2.5,2.5,-5.6124558162047e-06,-9.9999999999998e-05
0.68624999999999,-0.037912063065438,0.57737298283364,0.61528504589908,0.99994393477733,0.9999437687864,0.99997596373167,0.99997596037773,3.3590163018114e-07,2.9828798433361e-24,-1.3637333135006e-05,-1.3648046023854e-05,0.009996551225683,-7.6015772952087e-08,7.6155553097315e-08,-5.6097373385252e-06,-5.617094755228e-06,-4.6513666885303e-06,0.90002897411009,0.90002882488625,2.5,2.5,-5.6125328865293e-06,-9.9999999999996e-05
0.68749999999999,-0.037912063065438,0.57737298283364,0.61528504589908,0.99994393339007,0.99994376912396,0.99997596387195,0.99997596055286,3.324112749757e-07,2.9518847277177e-24,-1.3637637336388e-05,-1.3648238907572e-05,0.0099965511316506,-7.5225892754316e-08,7.5364220437404e-08,-5.6098426565624e-06,-5.6171236223177e-06,-4.6513023784421e-06,0.90002897396338,0.90002882629013,2.5,2.5,-5.6126091560157e-06,-9.9999999999995e-05
0.68874999999999,-0.037912063065438,0.57737298283364,0.61528504589908,0.99994393201723,0.999943769458,0.99997596401077,0.99997596072617,3.2895718805271e-07,2.9212116819446e-24,-1.3637938376804e-05,-1.3648429787004e-05,0.0099965510385953,-7.444422018379e-08,7.4581110510304e-08,-5.6099468802405e-06,-5.6171521894501e-06,-4.6512387365989e-06,0.90002897381821,0.90002882767943,2.5,2.5,-5.6126846329856e-06,-0.00010000000000001
0.68999999999999,-0.037912063065438,0.57737298283364,0.61528504589908,0.99994393065865,0.99994376978858,0.99997596414816,0.99997596089768,3.2553899256549e-07,2.8908573582426e-24,-1.3638236289105e-05,-1.3648618683036e-05,0.009996550946507,-7.3670670010117e-08,7.3806137893711e-08,-5.6100500209281e-06,-5.6171804597415e-06,-4.6511757560597e-06,0.90002897367454,0.90002882905428,2.5,2.5,-5.6127593256741e-06,-9.9999999999981e-05
0.69124999999999,-0.037912063065438,0.57737298283364,0.61528504589908,0.99994392931419,0.99994377011572,0.99997596428411,0.99997596106741,3.2215631556e-07,2.8608184469802e-24,-1.363853110578e-05,-1.3648805616244e-05,0.0099965508553756,-7.2905157769439e-08,7.3039218015695e-08,-5.6101520898808e-06,-5.6172084362757e-06,-4.6511134299509e-06,0.90002897353236,0.90002883041486,2.5,2.5,-5.6128332422305e-06,-0.0001
0.69249999999999,-0.037912063065438,0.57737298283364,0.61528504589908,0.99994392798369,0.99994377043946,0.99997596441865,0.99997596123538,3.1880878797699e-07,2.83109167184e-24,-1.3638822859052e-05,-1.3648990606923e-05,0.0099965507651911,-7.2147599969789e-08,7.228026719747e-08,-5.6102530982349e-06,-5.6172361221057e-06,-4.6510517514713e-06,0.90002897339166,0.90002883176129,2.5,2.5,-5.6129063907196e-06,-0.00010000000000002
0.69374999999999,-0.037912063065438,0.57737298283364,0.61528504589908,0.99994392666703,0.99994377075984,0.99997596455179,0.9999759614016,3.1549604454593e-07,2.8016737880091e-24,-1.3639111580662e-05,-1.3649173675511e-05,0.0099965506759437,-7.1397913960848e-08,7.1529202637587e-08,-5.6103530570105e-06,-5.6172635202519e-06,-4.6509907138941e-06,0.90002897325242,0.90002883309374,2.5,2.5,-5.6129787791224e-06,-9.999999999998e-05
0.69499999999999,-0.037912063065438,0.57737298283364,0.61528504589908,0.99994392536404,0.99994377107688,0.99997596468355,0.99997596156609,3.1221772385344e-07,2.7725615816716e-24,-1.363939730223e-05,-1.3649354841743e-05,0.0099965505876237,-7.0656017929889e-08,7.0785942393365e-08,-5.6104519771144e-06,-5.6172906337038e-06,-4.6509303105585e-06,0.90002897311463,0.90002883441234,2.5,2.5,-5.6130504153371e-06,-0.0001
0.69624999999999,-0.037912063065438,0.57737298283364,0.61528504589908,0.9999439240746,0.99994377139064,0.99997596481394,0.99997596172888,3.0897346820864e-07,2.743751882729e-24,-1.3639680054775e-05,-1.3649534125494e-05,0.0099965505002214,-6.9921830983815e-08,7.0050405391674e-08,-5.6105498693395e-06,-5.6173174654201e-06,-4.6508705348752e-06,0.90002897297827,0.90002883571723,2.5,2.5,-5.6131213071796e-06,-9.9999999999996e-05
0.69749999999999,-0.037912063065438,0.57737298283364,0.61528504589908,0.99994392279855,0.99994377170113,0.99997596494298,0.99997596188997,3.0576292363912e-07,2.7152415473611e-24,-1.3639959869275e-05,-1.3649711546339e-05,0.0099965504137273,-6.9195272931739e-08,6.932251133605e-08,-5.6106467443653e-06,-5.617344018327e-06,-4.6508113803196e-06,0.90002897284333,0.90002883700857,2.5,2.5,-5.6131914623847e-06,-0.00010000000000001
0.69874999999999,-0.037912063065438,0.57737298283364,0.61528504589908,0.99994392153577,0.9999437720084,0.99997596507068,0.99997596204939,3.0258573985544e-07,2.6870274594857e-24,-1.3640236776267e-05,-1.3649887123544e-05,0.0099965503281319,-6.8476264585403e-08,6.8602180836961e-08,-5.6107426127634e-06,-5.6173702953242e-06,-4.6507528404416e-06,0.90002897270979,0.90002883828649,2.5,2.5,-5.6132608886067e-06,-9.9999999999997e-05
0.69999999999999,-0.037912063065438,0.57737298283364,0.61528504589908,0.9999439202861,0.99994377231247,0.99997596519704,0.99997596220715,2.9944157018118e-07,2.6591065498752e-24,-1.3640510805888e-05,-1.3650060876392e-05,0.009996550243426,-6.7764727424557e-08,6.7889335294146e-08,-5.6108374849918e-06,-5.6173962992754e-06,-4.65069490885e-06,0.90002897257764,0.90002883955113,2.5,2.5,-5.6133295934205e-06,-0.00010000000000001
0.70124999999999,-0.037912063065438,0.57737298283364,0.61528504589908,0.99994391904942,0.99994377261339,0.9999759653221,0.99997596236327,2.9633007159113e-07,2.6314757594726e-24,-1.3640781988071e-05,-1.3650232823727e-05,0.0099965501596003,-6.7060583866693e-08,6.7183896935865e-08,-5.6109313714023e-06,-5.61742203302e-06,-4.6506375792241e-06,0.90002897244686,0.90002884080263,2.5,2.5,-5.6133975843223e-06,-9.9999999999993e-05
0.70249999999999,-0.037912063065438,0.57737298283364,0.61528504589908,0.99994391782559,0.99994377291117,0.99997596544585,0.99997596251778,2.9325090461198e-07,2.6041320840445e-24,-1.3641050352366e-05,-1.3650402984412e-05,0.0099965500766456,-6.6363757093423e-08,6.6485788798268e-08,-5.6110242822391e-06,-5.617447499366e-06,-4.6505808453154e-06,0.90002897231744,0.90002884204113,2.5,2.5,-5.6134648687306e-06,-9.9999999999995e-05
0.70374999999999,-0.037912063065438,0.57737298283364,0.61528504589908,0.99994391661448,0.99994377320587,0.99997596556832,0.99997596267067,2.902037332705e-07,2.5770725388179e-24,-1.3641315928131e-05,-1.3650571376925e-05,0.0099965499945529,-6.5674170984846e-08,6.5794934679065e-08,-5.6111162276391e-06,-5.6174727010894e-06,-4.6505247009239e-06,0.90002897218937,0.90002884326675,2.5,2.5,-5.6135314539861e-06,-0.0001
0.70499999999999,-0.037912063065438,0.57737298283364,0.61528504589908,0.99994391541595,0.9999437734975,0.99997596568952,0.99997596282198,2.8718822508767e-07,2.5502941664561e-24,-1.3641578744271e-05,-1.3650738019604e-05,0.0099965499133132,-6.4991750421165e-08,6.5111259246726e-08,-5.611207217634e-06,-5.6174976409423e-06,-4.6504691399336e-06,0.90002897206262,0.90002884447964,2.5,2.5,-5.613597347354e-06,-0.00010000000000001
0.70624999999999,-0.037912063065438,0.57737298283364,0.61528504589908,0.99994391422987,0.9999437737861,0.99997596580946,0.99997596297171,2.8420405106117e-07,2.5237940492431e-24,-1.3641838829505e-05,-1.3650902930804e-05,0.0099965498329177,-6.4316420882982e-08,6.443468789399e-08,-5.6112972621513e-06,-5.6175223216458e-06,-4.6504141562745e-06,0.90002897193719,0.90002884567993,2.5,2.5,-5.6136625560236e-06,-9.9999999999994e-05
0.70749999999999,-0.037912063065438,0.57737298283364,0.61528504589908,0.99994391305612,0.9999437740717,0.99997596592815,0.99997596311989,2.8125088561608e-07,2.4975692956399e-24,-1.3642096212177e-05,-1.3651066128365e-05,0.0099965497533575,-6.3648108674972e-08,6.3765146778951e-08,-5.6113863710151e-06,-5.6175467458911e-06,-4.6503597439498e-06,0.90002897181307,0.90002884686775,2.5,2.5,-5.6137270871098e-06,-0.00010000000000001
0.70874999999999,-0.037912063065438,0.57737298283364,0.61528504589908,0.99994391189457,0.99994377435433,0.99997596604561,0.99997596326653,2.7832840651243e-07,2.4716170422467e-24,-1.3642350920414e-05,-1.3651227630151e-05,0.0099965496746241,-6.2986740940366e-08,6.3102562888623e-08,-5.611474553949e-06,-5.6175709163446e-06,-4.6503058970287e-06,0.90002897169024,0.90002884804322,2.5,2.5,-5.6137909476531e-06,-9.9999999999978e-05
0.70999999999999,-0.037912063065438,0.57737298283364,0.61528504589908,0.99994391074509,0.99994377463403,0.99997596616185,0.99997596341164,2.754362948782e-07,2.4459344598581e-24,-1.3642602981946e-05,-1.3651387453775e-05,0.0099965495967088,-6.233224541996e-08,6.2446863885083e-08,-5.6115618205745e-06,-5.6175948356426e-06,-4.6502526096245e-06,0.90002897156868,0.90002884920648,2.5,2.5,-5.6138541446213e-06,-0.00010000000000002
0.71124999999999,-0.037912063065438,0.57737298283364,0.61528504589908,0.99994390960755,0.99994377491082,0.99997596627688,0.99997596355525,2.7257423522309e-07,2.420518743825e-24,-1.3642852424301e-05,-1.3651545616607e-05,0.0099965495196031,-6.1684550834202e-08,6.1797978275276e-08,-5.6116481804108e-06,-5.6176185063961e-06,-4.6501998759349e-06,0.90002897144838,0.90002885035765,2.5,2.5,-5.6139166849095e-06,-9.9999999999979e-05
0.71249999999999,-0.037912063065438,0.57737298283364,0.61528504589908,0.99994390848183,0.99994377518474,0.99997596639071,0.99997596369737,2.6974191522962e-07,2.3953671247841e-24,-1.3643099274711e-05,-1.3651702136091e-05,0.0099965494432986,-6.1043586435956e-08,6.1155835243479e-08,-5.6117336428813e-06,-5.6176419311855e-06,-4.6501476902046e-06,0.90002897132934,0.90002885149686,2.5,2.5,-5.6139785753413e-06,-0.00010000000000001
0.71374999999999,-0.037912063065438,0.57737298283364,0.61528504589908,0.99994390736781,0.99994377545581,0.99997596650336,0.999975963838,2.6693902587956e-07,2.3704768549449e-24,-1.3643343560101e-05,-1.3651857029055e-05,0.009996549367787,-6.0409282213677e-08,6.0520364679904e-08,-5.611818217313e-06,-5.6176651125678e-06,-4.6500960467271e-06,0.90002897121153,0.90002885262423,2.5,2.5,-5.6140398226693e-06,-9.9999999999993e-05
0.71499999999999,-0.037912063065438,0.57737298283364,0.61528504589908,0.99994390626536,0.99994377572406,0.99997596661484,0.99997596397718,2.6416526137823e-07,2.345845218764e-24,-1.3643585307104e-05,-1.3652010312561e-05,0.0099965492930601,-5.9781569163674e-08,5.9891497343191e-08,-5.6119019129297e-06,-5.6176880530731e-06,-4.6500449398834e-06,0.90002897109495,0.90002885373989,2.5,2.5,-5.6141004335762e-06,-0.00010000000000001
0.71624999999999,-0.037912063065438,0.57737298283364,0.61528504589908,0.99994390517437,0.99994377598952,0.99997596672517,0.99997596411491,2.6142031904892e-07,2.321469533506e-24,-1.3643824542123e-05,-1.3652162003377e-05,0.0099965492191096,-5.9160378610959e-08,5.9269164540065e-08,-5.6119847388651e-06,-5.6177107552018e-06,-4.6499943640876e-06,0.90002897097957,0.90002885484395,2.5,2.5,-5.6141604146748e-06,-9.9999999999988e-05
0.71749999999999,-0.037912063065438,0.57737298283364,0.61528504589908,0.99994390409472,0.99994377625223,0.99997596683434,0.99997596425121,2.5870389945051e-07,2.2973471323845e-24,-1.3644061291267e-05,-1.3652312117865e-05,0.0099965491459276,-5.854564289167e-08,5.8653298410384e-08,-5.6120667041562e-06,-5.6177332214341e-06,-4.6499443138298e-06,0.9000289708654,0.90002885593655,2.5,2.5,-5.6142197725096e-06,-0.0001
0.71874999999999,-0.037912063065438,0.57737298283364,0.61528504589908,0.99994390302628,0.99994377651221,0.99997596694238,0.99997596438609,2.5601570617801e-07,2.2734753906854e-24,-1.3644295580339e-05,-1.3652460672629e-05,0.0099965490735059,-5.7937294866139e-08,5.8043831747542e-08,-5.6121478177453e-06,-5.6177554542188e-06,-4.649894783642e-06,0.90002897075241,0.90002885701778,2.5,2.5,-5.614278513557e-06,-0.00010000000000001
0.71999999999999,-0.037912063065438,0.57737298283364,0.61528504589908,0.99994390196895,0.99994377676948,0.9999759670493,0.99997596451958,2.5335544592959e-07,2.2498516985728e-24,-1.3644527434928e-05,-1.3652607683656e-05,0.0099965490018368,-5.7335268191061e-08,5.7440698051722e-08,-5.6122280884835e-06,-5.6177774559832e-06,-4.6498457681204e-06,0.9000289706406,0.90002885808779,2.5,2.5,-5.6143366442258e-06,-0.00010000000000001
0.72124999999999,-0.037912063065438,0.57737298283364,0.61528504589908,0.9999439009226,0.99994377702408,0.99997596715511,0.99997596465167,2.5072282844934e-07,2.2264734790634e-24,-1.3644756880258e-05,-1.3652753167091e-05,0.0099965489309125,-5.6739497185968e-08,5.6843831521312e-08,-5.6123075251285e-06,-5.6177992291271e-06,-4.6497972619211e-06,0.90002897052995,0.90002885914667,2.5,2.5,-5.6143941708586e-06,-9.9999999999997e-05
0.72249999999999,-0.037912063065438,0.57737298283364,0.61528504589908,0.99994389988713,0.99994377727604,0.99997596725982,0.99997596478239,2.4811756651913e-07,2.2033381854271e-24,-1.3644983941452e-05,-1.3652897138842e-05,0.0099965488607251,-5.6149916852772e-08,5.6253167040283e-08,-5.6123861363455e-06,-5.6178207760264e-06,-4.6497492597514e-06,0.90002897042045,0.90002886019456,2.5,2.5,-5.614451099732e-06,-0.0001
0.72374999999999,-0.037912063065438,0.57737298283364,0.61528504589908,0.99994389886241,0.99994377752538,0.99997596736344,0.99997596491176,2.4553937586704e-07,2.1804432896834e-24,-1.3645208643279e-05,-1.3653039614655e-05,0.009996548791267,-5.5566462833431e-08,5.5668640150298e-08,-5.6124639307132e-06,-5.6178420990314e-06,-4.649701756372e-06,0.90002897031208,0.90002886123155,2.5,2.5,-5.6145074370572e-06,-9.9999999999994e-05
0.72499999999999,-0.037912063065438,0.57737298283364,0.61528504589908,0.99994389784835,0.99994377777212,0.99997596746599,0.99997596503978,2.4298797519419e-07,2.1577862953298e-24,-1.3645431010233e-05,-1.3653180609903e-05,0.0099965487225307,-5.4989071487155e-08,5.5090187086483e-08,-5.6125409167205e-06,-5.6178632004689e-06,-4.6496547465983e-06,0.90002897020485,0.90002886225777,2.5,2.5,-5.614563188981e-06,-9.9999999999985e-05
0.72624999999999,-0.037912063065438,0.57737298283364,0.61528504589908,0.99994389684482,0.99994377801631,0.99997596756746,0.99997596516647,2.4046308615722e-07,2.1353647256139e-24,-1.3645651066482e-05,-1.3653320140122e-05,0.0099965486545086,-5.4417679828663e-08,5.4517744723519e-08,-5.612617102764e-06,-5.6178840826411e-06,-4.6496082253064e-06,0.90002897009872,0.90002886327332,2.5,2.5,-5.6146183615864e-06,-0.00010000000000001
0.72749999999999,-0.037912063065438,0.57737298283364,0.61528504589908,0.99994389585171,0.99994377825795,0.99997596766789,0.99997596529184,2.3796443325426e-07,2.1131761420844e-24,-1.3645868836237e-05,-1.3653458220342e-05,0.0099965485871933,-5.3852225467526e-08,5.3951250611494e-08,-5.6126924971607e-06,-5.6179047478271e-06,-4.6495621874129e-06,0.9000289699937,0.90002886427833,2.5,2.5,-5.614672960893e-06,-0.00010000000000001
0.72874999999999,-0.037912063065438,0.57737298283364,0.61528504589908,0.99994389486893,0.99994377849709,0.99997596776727,0.99997596541591,2.3549174384637e-07,2.0912181185265e-24,-1.3646084343094e-05,-1.3653594865998e-05,0.0099965485205775,-5.3292646813629e-08,5.3390642959101e-08,-5.6127671081314e-06,-5.6179251982809e-06,-4.6495166279026e-06,0.90002896988977,0.90002886527289,2.5,2.5,-5.6147269928579e-06,-9.999999999999e-05
0.72999999999999,-0.037912063065438,0.57737298283364,0.61528504589908,0.99994389389636,0.99994377873374,0.99997596786562,0.99997596553869,2.330447481767e-07,2.0694882667643e-24,-1.3646297610592e-05,-1.3653730091616e-05,0.0099965484546539,-5.2738882666604e-08,5.2835860550195e-08,-5.6128409438216e-06,-5.6179454362332e-06,-4.6494715418024e-06,0.90002896978692,0.90002886625711,2.5,2.5,-5.6147804633765e-06,-0.00010000000000001
0.73124999999999,-0.037912063065438,0.57737298283364,0.61528504589908,0.9999438929339,0.99994377896793,0.99997596796294,0.99997596566019,2.3062317922982e-07,2.0479842035177e-24,-1.3646508662075e-05,-1.3653863912079e-05,0.0099965483894153,-5.2190872731406e-08,5.2286842918906e-08,-5.6129140122825e-06,-5.6179654638941e-06,-4.6494269241882e-06,0.90002896968514,0.90002886723111,2.5,2.5,-5.6148333782827e-06,-9.9999999999985e-05
0.73249999999999,-0.037912063065438,0.57737298283364,0.61528504589908,0.99994389198143,0.99994377919969,0.99997596805926,0.99997596578044,2.282267728358e-07,2.0267035934476e-24,-1.3646717520507e-05,-1.3653996342108e-05,0.0099965483248546,-5.1648557180928e-08,5.1743530125161e-08,-5.6129863214897e-06,-5.6179852834471e-06,-4.649382770201e-06,0.90002896958442,0.90002886819499,2.5,2.5,-5.61488574335e-06,-0.00010000000000001
0.73374999999999,-0.037912063065438,0.57737298283364,0.61528504589908,0.99994389103887,0.99994377942904,0.99997596815457,0.99997596589943,2.258552675023e-07,2.0056441056198e-24,-1.3646924208695e-05,-1.3654127396032e-05,0.0099965482609647,-5.1111876787415e-08,5.1205862884195e-08,-5.6130578793315e-06,-5.6180048970543e-06,-4.649339075013e-06,0.90002896948474,0.90002886914885,2.5,2.5,-5.6149375642916e-06,-0.0001
0.73499999999999,-0.037912063065438,0.57737298283364,0.61528504589908,0.9999438901061,0.999943779656,0.99997596824889,0.99997596601719,2.2350840451033e-07,1.9848034489808e-24,-1.3647128749191e-05,-1.3654257088184e-05,0.0099965481977388,-5.0580773070455e-08,5.0673782549149e-08,-5.6131286936156e-06,-5.6180243068572e-06,-4.6492958338651e-06,0.9000289693861,0.9000288700928,2.5,2.5,-5.6149888467616e-06,-9.9999999999993e-05
0.73624999999999,-0.037912063065438,0.57737298283364,0.61528504589908,0.99994388918302,0.99994377988061,0.99997596834224,0.99997596613372,2.2118592776074e-07,1.9641793487475e-24,-1.3647331164277e-05,-1.3654385432662e-05,0.0099965481351698,-5.0055188048279e-08,5.0147231077226e-08,-5.613198772068e-06,-5.6180435149722e-06,-4.6492530420317e-06,0.90002896928849,0.90002887102694,2.5,2.5,-5.6150395963552e-06,-9.9999999999995e-05
0.73749999999999,-0.037912063065438,0.57737298283364,0.61528504589908,0.99994388826953,0.99994378010288,0.99997596843461,0.99997596624904,2.18887583878e-07,1.9437695561338e-24,-1.3647531476065e-05,-1.3654512443546e-05,0.009996548073251,-4.9535064398857e-08,4.9626150986416e-08,-5.6132681223359e-06,-5.6180625234964e-06,-4.6492106948566e-06,0.90002896919189,0.90002887195137,2.5,2.5,-5.6150898186096e-06,-0.0001
0.73874999999999,-0.037912063065438,0.57737298283364,0.61528504589908,0.99994388736553,0.99994378032285,0.99997596852602,0.99997596636317,2.1661312209109e-07,1.9235718362937e-24,-1.3647729706412e-05,-1.3654638134624e-05,0.0099965480119755,-4.9020345328197e-08,4.9110485450474e-08,-5.6133367519832e-06,-5.6180813345028e-06,-4.6491687877046e-06,0.90002896909629,0.9000288728662,2.5,2.5,-5.6151395190043e-06,-0.00010000000000001
0.73999999999999,-0.037912063065438,0.57737298283364,0.61528504589908,0.99994388647093,0.99994378054053,0.99997596861649,0.9999759664761,2.143622942575e-07,1.9035839942592e-24,-1.3647925876998e-05,-1.3654762519697e-05,0.0099965479513368,-4.8510974729096e-08,4.8600178194964e-08,-5.6134046685012e-06,-5.6180999500432e-06,-4.6491273160129e-06,0.90002896900169,0.90002887377153,2.5,2.5,-5.6151887029619e-06,-9.9999999999985e-05
0.74124999999999,-0.037912063065438,0.57737298283364,0.61528504589908,0.99994388558562,0.99994378075594,0.99997596870601,0.99997596658787,2.1213485478389e-07,1.8838038458769e-24,-1.3648120009119e-05,-1.3654885612303e-05,0.0099965478913282,-4.8006896974603e-08,4.8095173539711e-08,-5.613471879297e-06,-5.6181183721501e-06,-4.6490862752498e-06,0.90002896890806,0.90002887466744,2.5,2.5,-5.615237375849e-06,-0.0001
0.74249999999999,-0.037912063065438,0.57737298283364,0.61528504589908,0.99994388470952,0.99994378096912,0.99997596879461,0.99997596669847,2.0993056064036e-07,1.8642292328727e-24,-1.3648312124055e-05,-1.3655007425775e-05,0.0099965478319431,-4.7508057119563e-08,4.7595416394446e-08,-5.6135383917055e-06,-5.6181366028317e-06,-4.6490456609453e-06,0.90002896881542,0.90002887555405,2.5,2.5,-5.6152855429759e-06,-0.0001
0.74374999999999,-0.037912063065438,0.57737298283364,0.61528504589908,0.99994388384251,0.99994378118008,0.99997596888228,0.99997596680792,2.0774917131324e-07,1.8448580183315e-24,-1.3648502242659e-05,-1.3655127973456e-05,0.0099965477731751,-4.7014400699658e-08,4.7100852225509e-08,-5.6136042129834e-06,-5.6181546440791e-06,-4.6490054686642e-06,0.90002896872373,0.90002887643144,2.5,2.5,-5.6153332095978e-06,-0.0001
0.74499999999999,-0.037912063065438,0.57737298283364,0.61528504589908,0.99994388298452,0.99994378138886,0.99997596896904,0.99997596691624,2.0559044882954e-07,1.8256880910669e-24,-1.3648690385812e-05,-1.3655247268642e-05,0.0099965477150178,-4.6525873876377e-08,4.6611427085998e-08,-5.6136693503128e-06,-5.6181724978603e-06,-4.6489656940179e-06,0.900028968633,0.90002887729972,2.5,2.5,-5.6153803809158e-06,-9.9999999999998e-05
0.74624999999999,-0.037912063065438,0.57737298283364,0.61528504589908,0.99994388213544,0.99994378159546,0.9999759690549,0.99997596702343,2.034541576355e-07,1.8067173585162e-24,-1.3648876573937e-05,-1.3655365324136e-05,0.0099965476574647,-4.6042423342834e-08,4.6127087561063e-08,-5.6137338108e-06,-5.618190166122e-06,-4.6489263326753e-06,0.90002896854321,0.90002887815897,2.5,2.5,-5.6154270620765e-06,-0.00010000000000001
0.74749999999999,-0.037912063065438,0.57737298283364,0.61528504589908,0.99994388129518,0.99994378179991,0.99997596913987,0.99997596712951,2.0134006464105e-07,1.7879437513919e-24,-1.3649060827354e-05,-1.365548215296e-05,0.0099965476005097,-4.5563996309091e-08,4.5647780791556e-08,-5.6137976014768e-06,-5.6182076507936e-06,-4.6488873803323e-06,0.90002896845435,0.9000288790093,2.5,2.5,-5.6154732581729e-06,-9.9999999999991e-05
0.74874999999999,-0.037912063065438,0.57737298283364,0.61528504589908,0.99994388046366,0.99994378200224,0.99997596922395,0.99997596723448,1.9924793921241e-07,1.7693652196258e-24,-1.3649243166258e-05,-1.3655597767801e-05,0.0099965475441466,-4.5090540651147e-08,4.5173454524961e-08,-5.6138607293051e-06,-5.6182249537813e-06,-4.6488488327441e-06,0.90002896836642,0.90002887985079,2.5,2.5,-5.6155189742457e-06,-9.9999999999993e-05
0.74999999999999,-0.037912063065438,0.57737298283364,0.61528504589908,0.99994387964077,0.99994378220247,0.99997596930716,0.99997596733837,1.9717755305678e-07,1.750979738136e-24,-1.3649423610448e-05,-1.3655712181304e-05,0.0099965474883691,-4.4622004667603e-08,4.4704056973384e-08,-5.6139232011712e-06,-5.6182420769736e-06,-4.6488106857061e-06,0.9000289682794,0.90002888068353,2.5,2.5,-5.6155642152824e-06,-0.00010000000000001
