
[36m
*** Info ***
'execute_on' parameter specified in [Outputs] block is ignored for object 'checkpoint'.
Define this object in its own sub-block of [Outputs] to modify its execution schedule.[39m
Framework Information:
MOOSE Version:           git commit abafb58b on 2026-02-20
LibMesh Version:         
PETSc Version:           3.24.4
SLEPc Version:           3.24.0
Current Time:            Sun Sep 20 14:28:52 2026
Executable Timestamp:    Sun Sep 20 14:26:45 2026

Input File(s):
  /home/jfoster/projects/research/reactive_transport/anisotropic-biot-tensor/.agent-runtime/moose-fe-goal-2026-09-20/implementation/runs/mms_space_8/input.i

Command Line Argument(s):
  --n-threads=1

Command Line Input Argument(s):
  Outputs/file_base=/home/jfoster/projects/research/reactive_transport/anisotropic-biot-tensor/.agent-runtime/moose-fe-goal-2026-09-20/implementation/runs/mms_space_8/solution

Checkpoint:
  Wall Time Interval:      Every 3600 s
  User Checkpoint:         Disabled
  # Checkpoints Kept:      2
  Execute On:              TIMESTEP_END 

Parallelism:
  Num Processors:          1
  Num Threads:             1

Mesh: 
  Parallel Type:           replicated
  Mesh Dimension:          2
  Spatial Dimension:       2
  Nodes:                   289
  Elems:                   64
  Num Subdomains:          1

Nonlinear System:
  Num DOFs:                659
  Num Local DOFs:          659
  Variables:               { "ux" "uy" } "p" 
  Finite Element Types:    "LAGRANGE" "LAGRANGE" 
  Approximation Orders:    "SECOND" "FIRST" 

Auxiliary System:
  Num DOFs:                946
  Num Local DOFs:          946
  Variables:               { "J" "Jbar" "solid_fraction" "stability" "energy" "B12" "sigma11" "sigma22" 
                             "sigma12" } "mass_reaction" "force_reaction" 
  Finite Element Types:    "MONOMIAL" "LAGRANGE" "LAGRANGE" 
  Approximation Orders:    "CONSTANT" "FIRST" "SECOND" 

Execution Information:
  Executioner:             Transient
  TimeStepper:             ConstantDT
  TimeIntegrator(s):       ImplicitEuler
  Solver Mode:             NEWTON 
  PETSc Preconditioner:    lu 
  MOOSE Preconditioner:    SMP 
[31mLEGACY MODES ENABLED:[39m
 This application uses the legacy material output option: material properties are output only on TIMESTEP_END, not INITIAL. To remove this message, set 'use_legacy_material_output' to false in this application. If there are gold output files that contain material property output for which output occurs on INITIAL, then these will generate diffs due to zero values being stored, and these tests should be re-golded.
[39m
[31mLEGACY MODES ENABLED:[39m
 This application uses the legacy initial residual evaluation behavior. The legacy behavior performs an often times redundant residual evaluation before the solution modifying objects are executed prior to the initial (0th nonlinear iteration) residual evaluation. The new behavior skips that redundant residual evaluation unless the parameter Executioner/use_pre_smo_residual is set to true. To remove this message and enable the new behavior, set the parameter 'use_legacy_initial_residual_evaluation_behavior' to false in *App.C. Some tests that rely on the side effects of the legacy behavior may fail/diff and should be re-golded.
[39m

Time Step 0, time = 0

Postprocessor Values:
+----------------+----------------+----------------+----------------+
| time           | p_l2           | ux_l2          | uy_l2          |
+----------------+----------------+----------------+----------------+
|   0.000000e+00 |   0.000000e+00 |   0.000000e+00 |   0.000000e+00 |
+----------------+----------------+----------------+----------------+

Warning, Exodus files cannot have titles longer than 80 characters.  Your title will be truncated.

Time Step 1, time = 0.0001, dt = 0.0001
 * Nonlinear |R| = [32m1.615848e-03[39m (Before preset BCs, predictors, correctors, and constraints)
 0 Nonlinear |R| = [32m1.616844e-03[39m
      0 Linear |R| = [32m1.616844e-03[39m
      1 Linear |R| = [32m1.273499e-18[39m
 1 Nonlinear |R| = [32m1.336938e-14[39m
[32m Solve Converged![39m

Outlier Variable Residual Norms:
  p: [31m1.331204e-14[39m

Postprocessor Values:
+----------------+----------------+----------------+----------------+
| time           | p_l2           | ux_l2          | uy_l2          |
+----------------+----------------+----------------+----------------+
|   0.000000e+00 |   0.000000e+00 |   0.000000e+00 |   0.000000e+00 |
|   1.000000e-04 |   8.307800e-09 |   2.060627e-10 |   2.086804e-10 |
+----------------+----------------+----------------+----------------+


Time Step 2, time = 0.0002, dt = 0.0001
 * Nonlinear |R| = [32m1.615754e-03[39m (Before preset BCs, predictors, correctors, and constraints)
 0 Nonlinear |R| = [32m1.616750e-03[39m
      0 Linear |R| = [32m1.616750e-03[39m
      1 Linear |R| = [32m1.048683e-18[39m
 1 Nonlinear |R| = [32m2.113709e-14[39m
[32m Solve Converged![39m

Outlier Variable Residual Norms:
  p: [31m2.106452e-14[39m

Postprocessor Values:
+----------------+----------------+----------------+----------------+
| time           | p_l2           | ux_l2          | uy_l2          |
+----------------+----------------+----------------+----------------+
|   0.000000e+00 |   0.000000e+00 |   0.000000e+00 |   0.000000e+00 |
|   1.000000e-04 |   8.307800e-09 |   2.060627e-10 |   2.086804e-10 |
|   2.000000e-04 |   1.715946e-08 |   4.121046e-10 |   4.179286e-10 |
+----------------+----------------+----------------+----------------+


Time Step 3, time = 0.0003, dt = 0.0001
 * Nonlinear |R| = [32m1.615682e-03[39m (Before preset BCs, predictors, correctors, and constraints)
 0 Nonlinear |R| = [32m1.616679e-03[39m
      0 Linear |R| = [32m1.616679e-03[39m
      1 Linear |R| = [32m9.555036e-19[39m
 1 Nonlinear |R| = [32m1.999274e-14[39m
[32m Solve Converged![39m

Outlier Variable Residual Norms:
  p: [31m1.990455e-14[39m

Postprocessor Values:
+----------------+----------------+----------------+----------------+
| time           | p_l2           | ux_l2          | uy_l2          |
+----------------+----------------+----------------+----------------+
|   0.000000e+00 |   0.000000e+00 |   0.000000e+00 |   0.000000e+00 |
|   1.000000e-04 |   8.307800e-09 |   2.060627e-10 |   2.086804e-10 |
|   2.000000e-04 |   1.715946e-08 |   4.121046e-10 |   4.179286e-10 |
|   3.000000e-04 |   2.651013e-08 |   6.181544e-10 |   6.276400e-10 |
+----------------+----------------+----------------+----------------+


Time Step 4, time = 0.0004, dt = 0.0001
 * Nonlinear |R| = [32m1.615626e-03[39m (Before preset BCs, predictors, correctors, and constraints)
 0 Nonlinear |R| = [32m1.616622e-03[39m
      0 Linear |R| = [32m1.616622e-03[39m
      1 Linear |R| = [32m1.294513e-18[39m
 1 Nonlinear |R| = [32m2.116866e-14[39m
[32m Solve Converged![39m

Outlier Variable Residual Norms:
  p: [31m2.108562e-14[39m

Postprocessor Values:
+----------------+----------------+----------------+----------------+
| time           | p_l2           | ux_l2          | uy_l2          |
+----------------+----------------+----------------+----------------+
|   0.000000e+00 |   0.000000e+00 |   0.000000e+00 |   0.000000e+00 |
|   1.000000e-04 |   8.307800e-09 |   2.060627e-10 |   2.086804e-10 |
|   2.000000e-04 |   1.715946e-08 |   4.121046e-10 |   4.179286e-10 |
|   3.000000e-04 |   2.651013e-08 |   6.181544e-10 |   6.276400e-10 |
|   4.000000e-04 |   3.629087e-08 |   8.242263e-10 |   8.377343e-10 |
+----------------+----------------+----------------+----------------+


Time Step 5, time = 0.0005, dt = 0.0001
 * Nonlinear |R| = [32m1.615581e-03[39m (Before preset BCs, predictors, correctors, and constraints)
 0 Nonlinear |R| = [32m1.616577e-03[39m
      0 Linear |R| = [32m1.616577e-03[39m
      1 Linear |R| = [32m9.163246e-19[39m
 1 Nonlinear |R| = [32m1.524197e-14[39m
[32m Solve Converged![39m

Outlier Variable Residual Norms:
  p: [31m1.512531e-14[39m

Postprocessor Values:
+----------------+----------------+----------------+----------------+
| time           | p_l2           | ux_l2          | uy_l2          |
+----------------+----------------+----------------+----------------+
|   0.000000e+00 |   0.000000e+00 |   0.000000e+00 |   0.000000e+00 |
|   1.000000e-04 |   8.307800e-09 |   2.060627e-10 |   2.086804e-10 |
|   2.000000e-04 |   1.715946e-08 |   4.121046e-10 |   4.179286e-10 |
|   3.000000e-04 |   2.651013e-08 |   6.181544e-10 |   6.276400e-10 |
|   4.000000e-04 |   3.629087e-08 |   8.242263e-10 |   8.377343e-10 |
|   5.000000e-04 |   4.643681e-08 |   1.030327e-09 |   1.048149e-09 |
+----------------+----------------+----------------+----------------+


Time Step 6, time = 0.0006, dt = 0.0001
 * Nonlinear |R| = [32m1.615544e-03[39m (Before preset BCs, predictors, correctors, and constraints)
 0 Nonlinear |R| = [32m1.616540e-03[39m
      0 Linear |R| = [32m1.616540e-03[39m
      1 Linear |R| = [32m9.973748e-19[39m
 1 Nonlinear |R| = [32m2.019585e-14[39m
[32m Solve Converged![39m

Outlier Variable Residual Norms:
  p: [31m2.009763e-14[39m

Postprocessor Values:
+----------------+----------------+----------------+----------------+
| time           | p_l2           | ux_l2          | uy_l2          |
+----------------+----------------+----------------+----------------+
|   0.000000e+00 |   0.000000e+00 |   0.000000e+00 |   0.000000e+00 |
|   1.000000e-04 |   8.307800e-09 |   2.060627e-10 |   2.086804e-10 |
|   2.000000e-04 |   1.715946e-08 |   4.121046e-10 |   4.179286e-10 |
|   3.000000e-04 |   2.651013e-08 |   6.181544e-10 |   6.276400e-10 |
|   4.000000e-04 |   3.629087e-08 |   8.242263e-10 |   8.377343e-10 |
|   5.000000e-04 |   4.643681e-08 |   1.030327e-09 |   1.048149e-09 |
|   6.000000e-04 |   5.689283e-08 |   1.236459e-09 |   1.258834e-09 |
+----------------+----------------+----------------+----------------+


Time Step 7, time = 0.0007, dt = 0.0001
 * Nonlinear |R| = [32m1.615514e-03[39m (Before preset BCs, predictors, correctors, and constraints)
 0 Nonlinear |R| = [32m1.616510e-03[39m
      0 Linear |R| = [32m1.616510e-03[39m
      1 Linear |R| = [32m8.521127e-19[39m
 1 Nonlinear |R| = [32m1.425011e-14[39m
[32m Solve Converged![39m

Outlier Variable Residual Norms:
  p: [31m1.413091e-14[39m

Postprocessor Values:
+----------------+----------------+----------------+----------------+
| time           | p_l2           | ux_l2          | uy_l2          |
+----------------+----------------+----------------+----------------+
|   0.000000e+00 |   0.000000e+00 |   0.000000e+00 |   0.000000e+00 |
|   1.000000e-04 |   8.307800e-09 |   2.060627e-10 |   2.086804e-10 |
|   2.000000e-04 |   1.715946e-08 |   4.121046e-10 |   4.179286e-10 |
|   3.000000e-04 |   2.651013e-08 |   6.181544e-10 |   6.276400e-10 |
|   4.000000e-04 |   3.629087e-08 |   8.242263e-10 |   8.377343e-10 |
|   5.000000e-04 |   4.643681e-08 |   1.030327e-09 |   1.048149e-09 |
|   6.000000e-04 |   5.689283e-08 |   1.236459e-09 |   1.258834e-09 |
|   7.000000e-04 |   6.761321e-08 |   1.442623e-09 |   1.469748e-09 |
+----------------+----------------+----------------+----------------+


Time Step 8, time = 0.0008, dt = 0.0001
 * Nonlinear |R| = [32m1.615488e-03[39m (Before preset BCs, predictors, correctors, and constraints)
 0 Nonlinear |R| = [32m1.616485e-03[39m
      0 Linear |R| = [32m1.616485e-03[39m
      1 Linear |R| = [32m9.954726e-19[39m
 1 Nonlinear |R| = [32m1.724040e-14[39m
[32m Solve Converged![39m

Outlier Variable Residual Norms:
  p: [31m1.712952e-14[39m

Postprocessor Values:
+----------------+----------------+----------------+----------------+
| time           | p_l2           | ux_l2          | uy_l2          |
+----------------+----------------+----------------+----------------+
|   0.000000e+00 |   0.000000e+00 |   0.000000e+00 |   0.000000e+00 |
|   1.000000e-04 |   8.307800e-09 |   2.060627e-10 |   2.086804e-10 |
|   2.000000e-04 |   1.715946e-08 |   4.121046e-10 |   4.179286e-10 |
|   3.000000e-04 |   2.651013e-08 |   6.181544e-10 |   6.276400e-10 |
|   4.000000e-04 |   3.629087e-08 |   8.242263e-10 |   8.377343e-10 |
|   5.000000e-04 |   4.643681e-08 |   1.030327e-09 |   1.048149e-09 |
|   6.000000e-04 |   5.689283e-08 |   1.236459e-09 |   1.258834e-09 |
|   7.000000e-04 |   6.761321e-08 |   1.442623e-09 |   1.469748e-09 |
|   8.000000e-04 |   7.856017e-08 |   1.648818e-09 |   1.680860e-09 |
+----------------+----------------+----------------+----------------+


Time Step 9, time = 0.0009, dt = 0.0001
 * Nonlinear |R| = [32m1.615467e-03[39m (Before preset BCs, predictors, correctors, and constraints)
 0 Nonlinear |R| = [32m1.616464e-03[39m
      0 Linear |R| = [32m1.616464e-03[39m
      1 Linear |R| = [32m1.095061e-18[39m
 1 Nonlinear |R| = [32m2.323727e-14[39m
[32m Solve Converged![39m

Outlier Variable Residual Norms:
  p: [31m2.315871e-14[39m

Postprocessor Values:
+----------------+----------------+----------------+----------------+
| time           | p_l2           | ux_l2          | uy_l2          |
+----------------+----------------+----------------+----------------+
|   0.000000e+00 |   0.000000e+00 |   0.000000e+00 |   0.000000e+00 |
|   1.000000e-04 |   8.307800e-09 |   2.060627e-10 |   2.086804e-10 |
|   2.000000e-04 |   1.715946e-08 |   4.121046e-10 |   4.179286e-10 |
|   3.000000e-04 |   2.651013e-08 |   6.181544e-10 |   6.276400e-10 |
|   4.000000e-04 |   3.629087e-08 |   8.242263e-10 |   8.377343e-10 |
|   5.000000e-04 |   4.643681e-08 |   1.030327e-09 |   1.048149e-09 |
|   6.000000e-04 |   5.689283e-08 |   1.236459e-09 |   1.258834e-09 |
|   7.000000e-04 |   6.761321e-08 |   1.442623e-09 |   1.469748e-09 |
|   8.000000e-04 |   7.856017e-08 |   1.648818e-09 |   1.680860e-09 |
|   9.000000e-04 |   8.970225e-08 |   1.855044e-09 |   1.892142e-09 |
+----------------+----------------+----------------+----------------+


Time Step 10, time = 0.001, dt = 0.0001
 * Nonlinear |R| = [32m1.615449e-03[39m (Before preset BCs, predictors, correctors, and constraints)
 0 Nonlinear |R| = [32m1.616446e-03[39m
      0 Linear |R| = [32m1.616446e-03[39m
      1 Linear |R| = [32m9.433178e-19[39m
 1 Nonlinear |R| = [32m2.173761e-14[39m
[32m Solve Converged![39m

Outlier Variable Residual Norms:
  p: [31m2.166277e-14[39m

Postprocessor Values:
+----------------+----------------+----------------+----------------+
| time           | p_l2           | ux_l2          | uy_l2          |
+----------------+----------------+----------------+----------------+
|   0.000000e+00 |   0.000000e+00 |   0.000000e+00 |   0.000000e+00 |
|   1.000000e-04 |   8.307800e-09 |   2.060627e-10 |   2.086804e-10 |
|   2.000000e-04 |   1.715946e-08 |   4.121046e-10 |   4.179286e-10 |
|   3.000000e-04 |   2.651013e-08 |   6.181544e-10 |   6.276400e-10 |
|   4.000000e-04 |   3.629087e-08 |   8.242263e-10 |   8.377343e-10 |
|   5.000000e-04 |   4.643681e-08 |   1.030327e-09 |   1.048149e-09 |
|   6.000000e-04 |   5.689283e-08 |   1.236459e-09 |   1.258834e-09 |
|   7.000000e-04 |   6.761321e-08 |   1.442623e-09 |   1.469748e-09 |
|   8.000000e-04 |   7.856017e-08 |   1.648818e-09 |   1.680860e-09 |
|   9.000000e-04 |   8.970225e-08 |   1.855044e-09 |   1.892142e-09 |
|   1.000000e-03 |   1.010131e-07 |   2.061297e-09 |   2.103570e-09 |
+----------------+----------------+----------------+----------------+


Time Step 11, time = 0.0011, dt = 0.0001
 * Nonlinear |R| = [32m1.615434e-03[39m (Before preset BCs, predictors, correctors, and constraints)
 0 Nonlinear |R| = [32m1.616431e-03[39m
      0 Linear |R| = [32m1.616431e-03[39m
      1 Linear |R| = [32m1.033697e-18[39m
 1 Nonlinear |R| = [32m2.097799e-14[39m
[32m Solve Converged![39m

Outlier Variable Residual Norms:
  p: [31m2.087965e-14[39m

Postprocessor Values:
+----------------+----------------+----------------+----------------+
| time           | p_l2           | ux_l2          | uy_l2          |
+----------------+----------------+----------------+----------------+
|   0.000000e+00 |   0.000000e+00 |   0.000000e+00 |   0.000000e+00 |
|   1.000000e-04 |   8.307800e-09 |   2.060627e-10 |   2.086804e-10 |
|   2.000000e-04 |   1.715946e-08 |   4.121046e-10 |   4.179286e-10 |
|   3.000000e-04 |   2.651013e-08 |   6.181544e-10 |   6.276400e-10 |
|   4.000000e-04 |   3.629087e-08 |   8.242263e-10 |   8.377343e-10 |
|   5.000000e-04 |   4.643681e-08 |   1.030327e-09 |   1.048149e-09 |
|   6.000000e-04 |   5.689283e-08 |   1.236459e-09 |   1.258834e-09 |
|   7.000000e-04 |   6.761321e-08 |   1.442623e-09 |   1.469748e-09 |
|   8.000000e-04 |   7.856017e-08 |   1.648818e-09 |   1.680860e-09 |
|   9.000000e-04 |   8.970225e-08 |   1.855044e-09 |   1.892142e-09 |
|   1.000000e-03 |   1.010131e-07 |   2.061297e-09 |   2.103570e-09 |
|   1.100000e-03 |   1.124703e-07 |   2.267577e-09 |   2.315125e-09 |
+----------------+----------------+----------------+----------------+


Time Step 12, time = 0.0012, dt = 0.0001
 * Nonlinear |R| = [32m1.615421e-03[39m (Before preset BCs, predictors, correctors, and constraints)
 0 Nonlinear |R| = [32m1.616418e-03[39m
      0 Linear |R| = [32m1.616418e-03[39m
      1 Linear |R| = [32m1.301867e-18[39m
 1 Nonlinear |R| = [32m2.180778e-14[39m
[32m Solve Converged![39m

Outlier Variable Residual Norms:
  p: [31m2.172829e-14[39m

Postprocessor Values:
+----------------+----------------+----------------+----------------+
| time           | p_l2           | ux_l2          | uy_l2          |
+----------------+----------------+----------------+----------------+
|   0.000000e+00 |   0.000000e+00 |   0.000000e+00 |   0.000000e+00 |
|   1.000000e-04 |   8.307800e-09 |   2.060627e-10 |   2.086804e-10 |
|   2.000000e-04 |   1.715946e-08 |   4.121046e-10 |   4.179286e-10 |
|   3.000000e-04 |   2.651013e-08 |   6.181544e-10 |   6.276400e-10 |
|   4.000000e-04 |   3.629087e-08 |   8.242263e-10 |   8.377343e-10 |
|   5.000000e-04 |   4.643681e-08 |   1.030327e-09 |   1.048149e-09 |
|   6.000000e-04 |   5.689283e-08 |   1.236459e-09 |   1.258834e-09 |
|   7.000000e-04 |   6.761321e-08 |   1.442623e-09 |   1.469748e-09 |
|   8.000000e-04 |   7.856017e-08 |   1.648818e-09 |   1.680860e-09 |
|   9.000000e-04 |   8.970225e-08 |   1.855044e-09 |   1.892142e-09 |
|   1.000000e-03 |   1.010131e-07 |   2.061297e-09 |   2.103570e-09 |
|   1.100000e-03 |   1.124703e-07 |   2.267577e-09 |   2.315125e-09 |
|   1.200000e-03 |   1.240550e-07 |   2.473881e-09 |   2.526790e-09 |
+----------------+----------------+----------------+----------------+


Time Step 13, time = 0.0013, dt = 0.0001
 * Nonlinear |R| = [32m1.615410e-03[39m (Before preset BCs, predictors, correctors, and constraints)
 0 Nonlinear |R| = [32m1.616407e-03[39m
      0 Linear |R| = [32m1.616407e-03[39m
      1 Linear |R| = [32m7.924740e-19[39m
 1 Nonlinear |R| = [32m1.862987e-14[39m
[32m Solve Converged![39m

Outlier Variable Residual Norms:
  p: [31m1.853620e-14[39m

Postprocessor Values:
+----------------+----------------+----------------+----------------+
| time           | p_l2           | ux_l2          | uy_l2          |
+----------------+----------------+----------------+----------------+
|   0.000000e+00 |   0.000000e+00 |   0.000000e+00 |   0.000000e+00 |
|   1.000000e-04 |   8.307800e-09 |   2.060627e-10 |   2.086804e-10 |
|   2.000000e-04 |   1.715946e-08 |   4.121046e-10 |   4.179286e-10 |
|   3.000000e-04 |   2.651013e-08 |   6.181544e-10 |   6.276400e-10 |
|   4.000000e-04 |   3.629087e-08 |   8.242263e-10 |   8.377343e-10 |
|   5.000000e-04 |   4.643681e-08 |   1.030327e-09 |   1.048149e-09 |
|   6.000000e-04 |   5.689283e-08 |   1.236459e-09 |   1.258834e-09 |
|   7.000000e-04 |   6.761321e-08 |   1.442623e-09 |   1.469748e-09 |
|   8.000000e-04 |   7.856017e-08 |   1.648818e-09 |   1.680860e-09 |
|   9.000000e-04 |   8.970225e-08 |   1.855044e-09 |   1.892142e-09 |
|   1.000000e-03 |   1.010131e-07 |   2.061297e-09 |   2.103570e-09 |
|   1.100000e-03 |   1.124703e-07 |   2.267577e-09 |   2.315125e-09 |
|   1.200000e-03 |   1.240550e-07 |   2.473881e-09 |   2.526790e-09 |
|   1.300000e-03 |   1.357508e-07 |   2.680208e-09 |   2.738551e-09 |
+----------------+----------------+----------------+----------------+


Time Step 14, time = 0.0014, dt = 0.0001
 * Nonlinear |R| = [32m1.615401e-03[39m (Before preset BCs, predictors, correctors, and constraints)
 0 Nonlinear |R| = [32m1.616397e-03[39m
      0 Linear |R| = [32m1.616397e-03[39m
      1 Linear |R| = [32m1.098878e-18[39m
 1 Nonlinear |R| = [32m2.137986e-14[39m
[32m Solve Converged![39m

Outlier Variable Residual Norms:
  p: [31m2.129692e-14[39m

Postprocessor Values:
+----------------+----------------+----------------+----------------+
| time           | p_l2           | ux_l2          | uy_l2          |
+----------------+----------------+----------------+----------------+
|   0.000000e+00 |   0.000000e+00 |   0.000000e+00 |   0.000000e+00 |
|   1.000000e-04 |   8.307800e-09 |   2.060627e-10 |   2.086804e-10 |
|   2.000000e-04 |   1.715946e-08 |   4.121046e-10 |   4.179286e-10 |
|   3.000000e-04 |   2.651013e-08 |   6.181544e-10 |   6.276400e-10 |
|   4.000000e-04 |   3.629087e-08 |   8.242263e-10 |   8.377343e-10 |
|   5.000000e-04 |   4.643681e-08 |   1.030327e-09 |   1.048149e-09 |
|   6.000000e-04 |   5.689283e-08 |   1.236459e-09 |   1.258834e-09 |
|   7.000000e-04 |   6.761321e-08 |   1.442623e-09 |   1.469748e-09 |
|   8.000000e-04 |   7.856017e-08 |   1.648818e-09 |   1.680860e-09 |
|   9.000000e-04 |   8.970225e-08 |   1.855044e-09 |   1.892142e-09 |
|   1.000000e-03 |   1.010131e-07 |   2.061297e-09 |   2.103570e-09 |
|   1.100000e-03 |   1.124703e-07 |   2.267577e-09 |   2.315125e-09 |
|   1.200000e-03 |   1.240550e-07 |   2.473881e-09 |   2.526790e-09 |
|   1.300000e-03 |   1.357508e-07 |   2.680208e-09 |   2.738551e-09 |
|   1.400000e-03 |   1.475437e-07 |   2.886555e-09 |   2.950396e-09 |
+----------------+----------------+----------------+----------------+


Time Step 15, time = 0.0015, dt = 0.0001
 * Nonlinear |R| = [32m1.615393e-03[39m (Before preset BCs, predictors, correctors, and constraints)
 0 Nonlinear |R| = [32m1.616389e-03[39m
      0 Linear |R| = [32m1.616389e-03[39m
      1 Linear |R| = [32m9.613013e-19[39m
 1 Nonlinear |R| = [32m1.938898e-14[39m
[32m Solve Converged![39m

Outlier Variable Residual Norms:
  p: [31m1.929837e-14[39m

Postprocessor Values:
+----------------+----------------+----------------+----------------+
| time           | p_l2           | ux_l2          | uy_l2          |
+----------------+----------------+----------------+----------------+
:                :                :                :                :
|   1.000000e-04 |   8.307800e-09 |   2.060627e-10 |   2.086804e-10 |
|   2.000000e-04 |   1.715946e-08 |   4.121046e-10 |   4.179286e-10 |
|   3.000000e-04 |   2.651013e-08 |   6.181544e-10 |   6.276400e-10 |
|   4.000000e-04 |   3.629087e-08 |   8.242263e-10 |   8.377343e-10 |
|   5.000000e-04 |   4.643681e-08 |   1.030327e-09 |   1.048149e-09 |
|   6.000000e-04 |   5.689283e-08 |   1.236459e-09 |   1.258834e-09 |
|   7.000000e-04 |   6.761321e-08 |   1.442623e-09 |   1.469748e-09 |
|   8.000000e-04 |   7.856017e-08 |   1.648818e-09 |   1.680860e-09 |
|   9.000000e-04 |   8.970225e-08 |   1.855044e-09 |   1.892142e-09 |
|   1.000000e-03 |   1.010131e-07 |   2.061297e-09 |   2.103570e-09 |
|   1.100000e-03 |   1.124703e-07 |   2.267577e-09 |   2.315125e-09 |
|   1.200000e-03 |   1.240550e-07 |   2.473881e-09 |   2.526790e-09 |
|   1.300000e-03 |   1.357508e-07 |   2.680208e-09 |   2.738551e-09 |
|   1.400000e-03 |   1.475437e-07 |   2.886555e-09 |   2.950396e-09 |
|   1.500000e-03 |   1.594215e-07 |   3.092921e-09 |   3.162314e-09 |
+----------------+----------------+----------------+----------------+


Time Step 16, time = 0.0016, dt = 0.0001
 * Nonlinear |R| = [32m1.615386e-03[39m (Before preset BCs, predictors, correctors, and constraints)
 0 Nonlinear |R| = [32m1.616382e-03[39m
      0 Linear |R| = [32m1.616382e-03[39m
      1 Linear |R| = [32m1.223736e-18[39m
 1 Nonlinear |R| = [32m1.870424e-14[39m
[32m Solve Converged![39m

Outlier Variable Residual Norms:
  p: [31m1.862348e-14[39m

Postprocessor Values:
+----------------+----------------+----------------+----------------+
| time           | p_l2           | ux_l2          | uy_l2          |
+----------------+----------------+----------------+----------------+
:                :                :                :                :
|   2.000000e-04 |   1.715946e-08 |   4.121046e-10 |   4.179286e-10 |
|   3.000000e-04 |   2.651013e-08 |   6.181544e-10 |   6.276400e-10 |
|   4.000000e-04 |   3.629087e-08 |   8.242263e-10 |   8.377343e-10 |
|   5.000000e-04 |   4.643681e-08 |   1.030327e-09 |   1.048149e-09 |
|   6.000000e-04 |   5.689283e-08 |   1.236459e-09 |   1.258834e-09 |
|   7.000000e-04 |   6.761321e-08 |   1.442623e-09 |   1.469748e-09 |
|   8.000000e-04 |   7.856017e-08 |   1.648818e-09 |   1.680860e-09 |
|   9.000000e-04 |   8.970225e-08 |   1.855044e-09 |   1.892142e-09 |
|   1.000000e-03 |   1.010131e-07 |   2.061297e-09 |   2.103570e-09 |
|   1.100000e-03 |   1.124703e-07 |   2.267577e-09 |   2.315125e-09 |
|   1.200000e-03 |   1.240550e-07 |   2.473881e-09 |   2.526790e-09 |
|   1.300000e-03 |   1.357508e-07 |   2.680208e-09 |   2.738551e-09 |
|   1.400000e-03 |   1.475437e-07 |   2.886555e-09 |   2.950396e-09 |
|   1.500000e-03 |   1.594215e-07 |   3.092921e-09 |   3.162314e-09 |
|   1.600000e-03 |   1.713737e-07 |   3.299303e-09 |   3.374295e-09 |
+----------------+----------------+----------------+----------------+


Time Step 17, time = 0.0017, dt = 0.0001
 * Nonlinear |R| = [32m1.615380e-03[39m (Before preset BCs, predictors, correctors, and constraints)
 0 Nonlinear |R| = [32m1.616376e-03[39m
      0 Linear |R| = [32m1.616376e-03[39m
      1 Linear |R| = [32m1.226630e-18[39m
 1 Nonlinear |R| = [32m1.725395e-14[39m
[32m Solve Converged![39m

Outlier Variable Residual Norms:
  p: [31m1.712725e-14[39m

Postprocessor Values:
+----------------+----------------+----------------+----------------+
| time           | p_l2           | ux_l2          | uy_l2          |
+----------------+----------------+----------------+----------------+
:                :                :                :                :
|   3.000000e-04 |   2.651013e-08 |   6.181544e-10 |   6.276400e-10 |
|   4.000000e-04 |   3.629087e-08 |   8.242263e-10 |   8.377343e-10 |
|   5.000000e-04 |   4.643681e-08 |   1.030327e-09 |   1.048149e-09 |
|   6.000000e-04 |   5.689283e-08 |   1.236459e-09 |   1.258834e-09 |
|   7.000000e-04 |   6.761321e-08 |   1.442623e-09 |   1.469748e-09 |
|   8.000000e-04 |   7.856017e-08 |   1.648818e-09 |   1.680860e-09 |
|   9.000000e-04 |   8.970225e-08 |   1.855044e-09 |   1.892142e-09 |
|   1.000000e-03 |   1.010131e-07 |   2.061297e-09 |   2.103570e-09 |
|   1.100000e-03 |   1.124703e-07 |   2.267577e-09 |   2.315125e-09 |
|   1.200000e-03 |   1.240550e-07 |   2.473881e-09 |   2.526790e-09 |
|   1.300000e-03 |   1.357508e-07 |   2.680208e-09 |   2.738551e-09 |
|   1.400000e-03 |   1.475437e-07 |   2.886555e-09 |   2.950396e-09 |
|   1.500000e-03 |   1.594215e-07 |   3.092921e-09 |   3.162314e-09 |
|   1.600000e-03 |   1.713737e-07 |   3.299303e-09 |   3.374295e-09 |
|   1.700000e-03 |   1.833911e-07 |   3.505700e-09 |   3.586333e-09 |
+----------------+----------------+----------------+----------------+


Time Step 18, time = 0.0018, dt = 0.0001
 * Nonlinear |R| = [32m1.615374e-03[39m (Before preset BCs, predictors, correctors, and constraints)
 0 Nonlinear |R| = [32m1.616371e-03[39m
      0 Linear |R| = [32m1.616371e-03[39m
      1 Linear |R| = [32m9.371165e-19[39m
 1 Nonlinear |R| = [32m1.597848e-14[39m
[32m Solve Converged![39m

Outlier Variable Residual Norms:
  p: [31m1.586560e-14[39m

Postprocessor Values:
+----------------+----------------+----------------+----------------+
| time           | p_l2           | ux_l2          | uy_l2          |
+----------------+----------------+----------------+----------------+
:                :                :                :                :
|   4.000000e-04 |   3.629087e-08 |   8.242263e-10 |   8.377343e-10 |
|   5.000000e-04 |   4.643681e-08 |   1.030327e-09 |   1.048149e-09 |
|   6.000000e-04 |   5.689283e-08 |   1.236459e-09 |   1.258834e-09 |
|   7.000000e-04 |   6.761321e-08 |   1.442623e-09 |   1.469748e-09 |
|   8.000000e-04 |   7.856017e-08 |   1.648818e-09 |   1.680860e-09 |
|   9.000000e-04 |   8.970225e-08 |   1.855044e-09 |   1.892142e-09 |
|   1.000000e-03 |   1.010131e-07 |   2.061297e-09 |   2.103570e-09 |
|   1.100000e-03 |   1.124703e-07 |   2.267577e-09 |   2.315125e-09 |
|   1.200000e-03 |   1.240550e-07 |   2.473881e-09 |   2.526790e-09 |
|   1.300000e-03 |   1.357508e-07 |   2.680208e-09 |   2.738551e-09 |
|   1.400000e-03 |   1.475437e-07 |   2.886555e-09 |   2.950396e-09 |
|   1.500000e-03 |   1.594215e-07 |   3.092921e-09 |   3.162314e-09 |
|   1.600000e-03 |   1.713737e-07 |   3.299303e-09 |   3.374295e-09 |
|   1.700000e-03 |   1.833911e-07 |   3.505700e-09 |   3.586333e-09 |
|   1.800000e-03 |   1.954656e-07 |   3.712112e-09 |   3.798419e-09 |
+----------------+----------------+----------------+----------------+


Time Step 19, time = 0.0019, dt = 0.0001
 * Nonlinear |R| = [32m1.615370e-03[39m (Before preset BCs, predictors, correctors, and constraints)
 0 Nonlinear |R| = [32m1.616366e-03[39m
      0 Linear |R| = [32m1.616366e-03[39m
      1 Linear |R| = [32m7.702560e-19[39m
 1 Nonlinear |R| = [32m1.626872e-14[39m
[32m Solve Converged![39m

Outlier Variable Residual Norms:
  p: [31m1.615297e-14[39m

Postprocessor Values:
+----------------+----------------+----------------+----------------+
| time           | p_l2           | ux_l2          | uy_l2          |
+----------------+----------------+----------------+----------------+
:                :                :                :                :
|   5.000000e-04 |   4.643681e-08 |   1.030327e-09 |   1.048149e-09 |
|   6.000000e-04 |   5.689283e-08 |   1.236459e-09 |   1.258834e-09 |
|   7.000000e-04 |   6.761321e-08 |   1.442623e-09 |   1.469748e-09 |
|   8.000000e-04 |   7.856017e-08 |   1.648818e-09 |   1.680860e-09 |
|   9.000000e-04 |   8.970225e-08 |   1.855044e-09 |   1.892142e-09 |
|   1.000000e-03 |   1.010131e-07 |   2.061297e-09 |   2.103570e-09 |
|   1.100000e-03 |   1.124703e-07 |   2.267577e-09 |   2.315125e-09 |
|   1.200000e-03 |   1.240550e-07 |   2.473881e-09 |   2.526790e-09 |
|   1.300000e-03 |   1.357508e-07 |   2.680208e-09 |   2.738551e-09 |
|   1.400000e-03 |   1.475437e-07 |   2.886555e-09 |   2.950396e-09 |
|   1.500000e-03 |   1.594215e-07 |   3.092921e-09 |   3.162314e-09 |
|   1.600000e-03 |   1.713737e-07 |   3.299303e-09 |   3.374295e-09 |
|   1.700000e-03 |   1.833911e-07 |   3.505700e-09 |   3.586333e-09 |
|   1.800000e-03 |   1.954656e-07 |   3.712112e-09 |   3.798419e-09 |
|   1.900000e-03 |   2.075904e-07 |   3.918535e-09 |   4.010548e-09 |
+----------------+----------------+----------------+----------------+


Time Step 20, time = 0.002, dt = 0.0001
 * Nonlinear |R| = [32m1.615366e-03[39m (Before preset BCs, predictors, correctors, and constraints)
 0 Nonlinear |R| = [32m1.616362e-03[39m
      0 Linear |R| = [32m1.616362e-03[39m
      1 Linear |R| = [32m8.104122e-19[39m
 1 Nonlinear |R| = [32m2.203784e-14[39m
[32m Solve Converged![39m

Outlier Variable Residual Norms:
  p: [31m2.195076e-14[39m

Postprocessor Values:
+----------------+----------------+----------------+----------------+
| time           | p_l2           | ux_l2          | uy_l2          |
+----------------+----------------+----------------+----------------+
:                :                :                :                :
|   6.000000e-04 |   5.689283e-08 |   1.236459e-09 |   1.258834e-09 |
|   7.000000e-04 |   6.761321e-08 |   1.442623e-09 |   1.469748e-09 |
|   8.000000e-04 |   7.856017e-08 |   1.648818e-09 |   1.680860e-09 |
|   9.000000e-04 |   8.970225e-08 |   1.855044e-09 |   1.892142e-09 |
|   1.000000e-03 |   1.010131e-07 |   2.061297e-09 |   2.103570e-09 |
|   1.100000e-03 |   1.124703e-07 |   2.267577e-09 |   2.315125e-09 |
|   1.200000e-03 |   1.240550e-07 |   2.473881e-09 |   2.526790e-09 |
|   1.300000e-03 |   1.357508e-07 |   2.680208e-09 |   2.738551e-09 |
|   1.400000e-03 |   1.475437e-07 |   2.886555e-09 |   2.950396e-09 |
|   1.500000e-03 |   1.594215e-07 |   3.092921e-09 |   3.162314e-09 |
|   1.600000e-03 |   1.713737e-07 |   3.299303e-09 |   3.374295e-09 |
|   1.700000e-03 |   1.833911e-07 |   3.505700e-09 |   3.586333e-09 |
|   1.800000e-03 |   1.954656e-07 |   3.712112e-09 |   3.798419e-09 |
|   1.900000e-03 |   2.075904e-07 |   3.918535e-09 |   4.010548e-09 |
|   2.000000e-03 |   2.197592e-07 |   4.124970e-09 |   4.222714e-09 |
+----------------+----------------+----------------+----------------+


Time Step 21, time = 0.0021, dt = 0.0001
 * Nonlinear |R| = [32m1.615362e-03[39m (Before preset BCs, predictors, correctors, and constraints)
 0 Nonlinear |R| = [32m1.616359e-03[39m
      0 Linear |R| = [32m1.616359e-03[39m
      1 Linear |R| = [32m1.192066e-18[39m
 1 Nonlinear |R| = [32m1.897433e-14[39m
[32m Solve Converged![39m

Outlier Variable Residual Norms:
  p: [31m1.888783e-14[39m

Postprocessor Values:
+----------------+----------------+----------------+----------------+
| time           | p_l2           | ux_l2          | uy_l2          |
+----------------+----------------+----------------+----------------+
:                :                :                :                :
|   7.000000e-04 |   6.761321e-08 |   1.442623e-09 |   1.469748e-09 |
|   8.000000e-04 |   7.856017e-08 |   1.648818e-09 |   1.680860e-09 |
|   9.000000e-04 |   8.970225e-08 |   1.855044e-09 |   1.892142e-09 |
|   1.000000e-03 |   1.010131e-07 |   2.061297e-09 |   2.103570e-09 |
|   1.100000e-03 |   1.124703e-07 |   2.267577e-09 |   2.315125e-09 |
|   1.200000e-03 |   1.240550e-07 |   2.473881e-09 |   2.526790e-09 |
|   1.300000e-03 |   1.357508e-07 |   2.680208e-09 |   2.738551e-09 |
|   1.400000e-03 |   1.475437e-07 |   2.886555e-09 |   2.950396e-09 |
|   1.500000e-03 |   1.594215e-07 |   3.092921e-09 |   3.162314e-09 |
|   1.600000e-03 |   1.713737e-07 |   3.299303e-09 |   3.374295e-09 |
|   1.700000e-03 |   1.833911e-07 |   3.505700e-09 |   3.586333e-09 |
|   1.800000e-03 |   1.954656e-07 |   3.712112e-09 |   3.798419e-09 |
|   1.900000e-03 |   2.075904e-07 |   3.918535e-09 |   4.010548e-09 |
|   2.000000e-03 |   2.197592e-07 |   4.124970e-09 |   4.222714e-09 |
|   2.100000e-03 |   2.319667e-07 |   4.331414e-09 |   4.434913e-09 |
+----------------+----------------+----------------+----------------+


Time Step 22, time = 0.0022, dt = 0.0001
 * Nonlinear |R| = [32m1.615359e-03[39m (Before preset BCs, predictors, correctors, and constraints)
 0 Nonlinear |R| = [32m1.616356e-03[39m
      0 Linear |R| = [32m1.616356e-03[39m
      1 Linear |R| = [32m8.985609e-19[39m
 1 Nonlinear |R| = [32m1.762256e-14[39m
[32m Solve Converged![39m

Outlier Variable Residual Norms:
  p: [31m1.752668e-14[39m

Postprocessor Values:
+----------------+----------------+----------------+----------------+
| time           | p_l2           | ux_l2          | uy_l2          |
+----------------+----------------+----------------+----------------+
:                :                :                :                :
|   8.000000e-04 |   7.856017e-08 |   1.648818e-09 |   1.680860e-09 |
|   9.000000e-04 |   8.970225e-08 |   1.855044e-09 |   1.892142e-09 |
|   1.000000e-03 |   1.010131e-07 |   2.061297e-09 |   2.103570e-09 |
|   1.100000e-03 |   1.124703e-07 |   2.267577e-09 |   2.315125e-09 |
|   1.200000e-03 |   1.240550e-07 |   2.473881e-09 |   2.526790e-09 |
|   1.300000e-03 |   1.357508e-07 |   2.680208e-09 |   2.738551e-09 |
|   1.400000e-03 |   1.475437e-07 |   2.886555e-09 |   2.950396e-09 |
|   1.500000e-03 |   1.594215e-07 |   3.092921e-09 |   3.162314e-09 |
|   1.600000e-03 |   1.713737e-07 |   3.299303e-09 |   3.374295e-09 |
|   1.700000e-03 |   1.833911e-07 |   3.505700e-09 |   3.586333e-09 |
|   1.800000e-03 |   1.954656e-07 |   3.712112e-09 |   3.798419e-09 |
|   1.900000e-03 |   2.075904e-07 |   3.918535e-09 |   4.010548e-09 |
|   2.000000e-03 |   2.197592e-07 |   4.124970e-09 |   4.222714e-09 |
|   2.100000e-03 |   2.319667e-07 |   4.331414e-09 |   4.434913e-09 |
|   2.200000e-03 |   2.442083e-07 |   4.537868e-09 |   4.647140e-09 |
+----------------+----------------+----------------+----------------+


Time Step 23, time = 0.0023, dt = 0.0001
 * Nonlinear |R| = [32m1.615356e-03[39m (Before preset BCs, predictors, correctors, and constraints)
 0 Nonlinear |R| = [32m1.616353e-03[39m
      0 Linear |R| = [32m1.616353e-03[39m
      1 Linear |R| = [32m1.205311e-18[39m
 1 Nonlinear |R| = [32m1.880612e-14[39m
[32m Solve Converged![39m

Outlier Variable Residual Norms:
  p: [31m1.871643e-14[39m

Postprocessor Values:
+----------------+----------------+----------------+----------------+
| time           | p_l2           | ux_l2          | uy_l2          |
+----------------+----------------+----------------+----------------+
:                :                :                :                :
|   9.000000e-04 |   8.970225e-08 |   1.855044e-09 |   1.892142e-09 |
|   1.000000e-03 |   1.010131e-07 |   2.061297e-09 |   2.103570e-09 |
|   1.100000e-03 |   1.124703e-07 |   2.267577e-09 |   2.315125e-09 |
|   1.200000e-03 |   1.240550e-07 |   2.473881e-09 |   2.526790e-09 |
|   1.300000e-03 |   1.357508e-07 |   2.680208e-09 |   2.738551e-09 |
|   1.400000e-03 |   1.475437e-07 |   2.886555e-09 |   2.950396e-09 |
|   1.500000e-03 |   1.594215e-07 |   3.092921e-09 |   3.162314e-09 |
|   1.600000e-03 |   1.713737e-07 |   3.299303e-09 |   3.374295e-09 |
|   1.700000e-03 |   1.833911e-07 |   3.505700e-09 |   3.586333e-09 |
|   1.800000e-03 |   1.954656e-07 |   3.712112e-09 |   3.798419e-09 |
|   1.900000e-03 |   2.075904e-07 |   3.918535e-09 |   4.010548e-09 |
|   2.000000e-03 |   2.197592e-07 |   4.124970e-09 |   4.222714e-09 |
|   2.100000e-03 |   2.319667e-07 |   4.331414e-09 |   4.434913e-09 |
|   2.200000e-03 |   2.442083e-07 |   4.537868e-09 |   4.647140e-09 |
|   2.300000e-03 |   2.564797e-07 |   4.744330e-09 |   4.859393e-09 |
+----------------+----------------+----------------+----------------+


Time Step 24, time = 0.0024, dt = 0.0001
 * Nonlinear |R| = [32m1.615354e-03[39m (Before preset BCs, predictors, correctors, and constraints)
 0 Nonlinear |R| = [32m1.616351e-03[39m
      0 Linear |R| = [32m1.616351e-03[39m
      1 Linear |R| = [32m9.453390e-19[39m
 1 Nonlinear |R| = [32m1.986514e-14[39m
[32m Solve Converged![39m

Outlier Variable Residual Norms:
  p: [31m1.977855e-14[39m

Postprocessor Values:
+----------------+----------------+----------------+----------------+
| time           | p_l2           | ux_l2          | uy_l2          |
+----------------+----------------+----------------+----------------+
:                :                :                :                :
|   1.000000e-03 |   1.010131e-07 |   2.061297e-09 |   2.103570e-09 |
|   1.100000e-03 |   1.124703e-07 |   2.267577e-09 |   2.315125e-09 |
|   1.200000e-03 |   1.240550e-07 |   2.473881e-09 |   2.526790e-09 |
|   1.300000e-03 |   1.357508e-07 |   2.680208e-09 |   2.738551e-09 |
|   1.400000e-03 |   1.475437e-07 |   2.886555e-09 |   2.950396e-09 |
|   1.500000e-03 |   1.594215e-07 |   3.092921e-09 |   3.162314e-09 |
|   1.600000e-03 |   1.713737e-07 |   3.299303e-09 |   3.374295e-09 |
|   1.700000e-03 |   1.833911e-07 |   3.505700e-09 |   3.586333e-09 |
|   1.800000e-03 |   1.954656e-07 |   3.712112e-09 |   3.798419e-09 |
|   1.900000e-03 |   2.075904e-07 |   3.918535e-09 |   4.010548e-09 |
|   2.000000e-03 |   2.197592e-07 |   4.124970e-09 |   4.222714e-09 |
|   2.100000e-03 |   2.319667e-07 |   4.331414e-09 |   4.434913e-09 |
|   2.200000e-03 |   2.442083e-07 |   4.537868e-09 |   4.647140e-09 |
|   2.300000e-03 |   2.564797e-07 |   4.744330e-09 |   4.859393e-09 |
|   2.400000e-03 |   2.687776e-07 |   4.950798e-09 |   5.071668e-09 |
+----------------+----------------+----------------+----------------+


Time Step 25, time = 0.0025, dt = 0.0001
 * Nonlinear |R| = [32m1.615352e-03[39m (Before preset BCs, predictors, correctors, and constraints)
 0 Nonlinear |R| = [32m1.616348e-03[39m
      0 Linear |R| = [32m1.616348e-03[39m
      1 Linear |R| = [32m8.661900e-19[39m
 1 Nonlinear |R| = [32m2.100049e-14[39m
[32m Solve Converged![39m

Outlier Variable Residual Norms:
  p: [31m2.090686e-14[39m

Postprocessor Values:
+----------------+----------------+----------------+----------------+
| time           | p_l2           | ux_l2          | uy_l2          |
+----------------+----------------+----------------+----------------+
:                :                :                :                :
|   1.100000e-03 |   1.124703e-07 |   2.267577e-09 |   2.315125e-09 |
|   1.200000e-03 |   1.240550e-07 |   2.473881e-09 |   2.526790e-09 |
|   1.300000e-03 |   1.357508e-07 |   2.680208e-09 |   2.738551e-09 |
|   1.400000e-03 |   1.475437e-07 |   2.886555e-09 |   2.950396e-09 |
|   1.500000e-03 |   1.594215e-07 |   3.092921e-09 |   3.162314e-09 |
|   1.600000e-03 |   1.713737e-07 |   3.299303e-09 |   3.374295e-09 |
|   1.700000e-03 |   1.833911e-07 |   3.505700e-09 |   3.586333e-09 |
|   1.800000e-03 |   1.954656e-07 |   3.712112e-09 |   3.798419e-09 |
|   1.900000e-03 |   2.075904e-07 |   3.918535e-09 |   4.010548e-09 |
|   2.000000e-03 |   2.197592e-07 |   4.124970e-09 |   4.222714e-09 |
|   2.100000e-03 |   2.319667e-07 |   4.331414e-09 |   4.434913e-09 |
|   2.200000e-03 |   2.442083e-07 |   4.537868e-09 |   4.647140e-09 |
|   2.300000e-03 |   2.564797e-07 |   4.744330e-09 |   4.859393e-09 |
|   2.400000e-03 |   2.687776e-07 |   4.950798e-09 |   5.071668e-09 |
|   2.500000e-03 |   2.810986e-07 |   5.157274e-09 |   5.283963e-09 |
+----------------+----------------+----------------+----------------+


Time Step 26, time = 0.0026, dt = 0.0001
 * Nonlinear |R| = [32m1.615350e-03[39m (Before preset BCs, predictors, correctors, and constraints)
 0 Nonlinear |R| = [32m1.616346e-03[39m
      0 Linear |R| = [32m1.616346e-03[39m
      1 Linear |R| = [32m7.472910e-19[39m
 1 Nonlinear |R| = [32m1.501557e-14[39m
[32m Solve Converged![39m

Outlier Variable Residual Norms:
  p: [31m1.491810e-14[39m

Postprocessor Values:
+----------------+----------------+----------------+----------------+
| time           | p_l2           | ux_l2          | uy_l2          |
+----------------+----------------+----------------+----------------+
:                :                :                :                :
|   1.200000e-03 |   1.240550e-07 |   2.473881e-09 |   2.526790e-09 |
|   1.300000e-03 |   1.357508e-07 |   2.680208e-09 |   2.738551e-09 |
|   1.400000e-03 |   1.475437e-07 |   2.886555e-09 |   2.950396e-09 |
|   1.500000e-03 |   1.594215e-07 |   3.092921e-09 |   3.162314e-09 |
|   1.600000e-03 |   1.713737e-07 |   3.299303e-09 |   3.374295e-09 |
|   1.700000e-03 |   1.833911e-07 |   3.505700e-09 |   3.586333e-09 |
|   1.800000e-03 |   1.954656e-07 |   3.712112e-09 |   3.798419e-09 |
|   1.900000e-03 |   2.075904e-07 |   3.918535e-09 |   4.010548e-09 |
|   2.000000e-03 |   2.197592e-07 |   4.124970e-09 |   4.222714e-09 |
|   2.100000e-03 |   2.319667e-07 |   4.331414e-09 |   4.434913e-09 |
|   2.200000e-03 |   2.442083e-07 |   4.537868e-09 |   4.647140e-09 |
|   2.300000e-03 |   2.564797e-07 |   4.744330e-09 |   4.859393e-09 |
|   2.400000e-03 |   2.687776e-07 |   4.950798e-09 |   5.071668e-09 |
|   2.500000e-03 |   2.810986e-07 |   5.157274e-09 |   5.283963e-09 |
|   2.600000e-03 |   2.934400e-07 |   5.363755e-09 |   5.496274e-09 |
+----------------+----------------+----------------+----------------+


Time Step 27, time = 0.0027, dt = 0.0001
 * Nonlinear |R| = [32m1.615348e-03[39m (Before preset BCs, predictors, correctors, and constraints)
 0 Nonlinear |R| = [32m1.616345e-03[39m
      0 Linear |R| = [32m1.616345e-03[39m
      1 Linear |R| = [32m1.011090e-18[39m
 1 Nonlinear |R| = [32m2.276046e-14[39m
[32m Solve Converged![39m

Outlier Variable Residual Norms:
  p: [31m2.267029e-14[39m

Postprocessor Values:
+----------------+----------------+----------------+----------------+
| time           | p_l2           | ux_l2          | uy_l2          |
+----------------+----------------+----------------+----------------+
:                :                :                :                :
|   1.300000e-03 |   1.357508e-07 |   2.680208e-09 |   2.738551e-09 |
|   1.400000e-03 |   1.475437e-07 |   2.886555e-09 |   2.950396e-09 |
|   1.500000e-03 |   1.594215e-07 |   3.092921e-09 |   3.162314e-09 |
|   1.600000e-03 |   1.713737e-07 |   3.299303e-09 |   3.374295e-09 |
|   1.700000e-03 |   1.833911e-07 |   3.505700e-09 |   3.586333e-09 |
|   1.800000e-03 |   1.954656e-07 |   3.712112e-09 |   3.798419e-09 |
|   1.900000e-03 |   2.075904e-07 |   3.918535e-09 |   4.010548e-09 |
|   2.000000e-03 |   2.197592e-07 |   4.124970e-09 |   4.222714e-09 |
|   2.100000e-03 |   2.319667e-07 |   4.331414e-09 |   4.434913e-09 |
|   2.200000e-03 |   2.442083e-07 |   4.537868e-09 |   4.647140e-09 |
|   2.300000e-03 |   2.564797e-07 |   4.744330e-09 |   4.859393e-09 |
|   2.400000e-03 |   2.687776e-07 |   4.950798e-09 |   5.071668e-09 |
|   2.500000e-03 |   2.810986e-07 |   5.157274e-09 |   5.283963e-09 |
|   2.600000e-03 |   2.934400e-07 |   5.363755e-09 |   5.496274e-09 |
|   2.700000e-03 |   3.057994e-07 |   5.570241e-09 |   5.708600e-09 |
+----------------+----------------+----------------+----------------+


Time Step 28, time = 0.0028, dt = 0.0001
 * Nonlinear |R| = [32m1.615347e-03[39m (Before preset BCs, predictors, correctors, and constraints)
 0 Nonlinear |R| = [32m1.616343e-03[39m
      0 Linear |R| = [32m1.616343e-03[39m
      1 Linear |R| = [32m1.127911e-18[39m
 1 Nonlinear |R| = [32m2.253142e-14[39m
[32m Solve Converged![39m

Outlier Variable Residual Norms:
  p: [31m2.244306e-14[39m

Postprocessor Values:
+----------------+----------------+----------------+----------------+
| time           | p_l2           | ux_l2          | uy_l2          |
+----------------+----------------+----------------+----------------+
:                :                :                :                :
|   1.400000e-03 |   1.475437e-07 |   2.886555e-09 |   2.950396e-09 |
|   1.500000e-03 |   1.594215e-07 |   3.092921e-09 |   3.162314e-09 |
|   1.600000e-03 |   1.713737e-07 |   3.299303e-09 |   3.374295e-09 |
|   1.700000e-03 |   1.833911e-07 |   3.505700e-09 |   3.586333e-09 |
|   1.800000e-03 |   1.954656e-07 |   3.712112e-09 |   3.798419e-09 |
|   1.900000e-03 |   2.075904e-07 |   3.918535e-09 |   4.010548e-09 |
|   2.000000e-03 |   2.197592e-07 |   4.124970e-09 |   4.222714e-09 |
|   2.100000e-03 |   2.319667e-07 |   4.331414e-09 |   4.434913e-09 |
|   2.200000e-03 |   2.442083e-07 |   4.537868e-09 |   4.647140e-09 |
|   2.300000e-03 |   2.564797e-07 |   4.744330e-09 |   4.859393e-09 |
|   2.400000e-03 |   2.687776e-07 |   4.950798e-09 |   5.071668e-09 |
|   2.500000e-03 |   2.810986e-07 |   5.157274e-09 |   5.283963e-09 |
|   2.600000e-03 |   2.934400e-07 |   5.363755e-09 |   5.496274e-09 |
|   2.700000e-03 |   3.057994e-07 |   5.570241e-09 |   5.708600e-09 |
|   2.800000e-03 |   3.181747e-07 |   5.776732e-09 |   5.920940e-09 |
+----------------+----------------+----------------+----------------+


Time Step 29, time = 0.0029, dt = 0.0001
 * Nonlinear |R| = [32m1.615345e-03[39m (Before preset BCs, predictors, correctors, and constraints)
 0 Nonlinear |R| = [32m1.616342e-03[39m
      0 Linear |R| = [32m1.616342e-03[39m
      1 Linear |R| = [32m1.065992e-18[39m
 1 Nonlinear |R| = [32m1.965795e-14[39m
[32m Solve Converged![39m

Outlier Variable Residual Norms:
  p: [31m1.958341e-14[39m

Postprocessor Values:
+----------------+----------------+----------------+----------------+
| time           | p_l2           | ux_l2          | uy_l2          |
+----------------+----------------+----------------+----------------+
:                :                :                :                :
|   1.500000e-03 |   1.594215e-07 |   3.092921e-09 |   3.162314e-09 |
|   1.600000e-03 |   1.713737e-07 |   3.299303e-09 |   3.374295e-09 |
|   1.700000e-03 |   1.833911e-07 |   3.505700e-09 |   3.586333e-09 |
|   1.800000e-03 |   1.954656e-07 |   3.712112e-09 |   3.798419e-09 |
|   1.900000e-03 |   2.075904e-07 |   3.918535e-09 |   4.010548e-09 |
|   2.000000e-03 |   2.197592e-07 |   4.124970e-09 |   4.222714e-09 |
|   2.100000e-03 |   2.319667e-07 |   4.331414e-09 |   4.434913e-09 |
|   2.200000e-03 |   2.442083e-07 |   4.537868e-09 |   4.647140e-09 |
|   2.300000e-03 |   2.564797e-07 |   4.744330e-09 |   4.859393e-09 |
|   2.400000e-03 |   2.687776e-07 |   4.950798e-09 |   5.071668e-09 |
|   2.500000e-03 |   2.810986e-07 |   5.157274e-09 |   5.283963e-09 |
|   2.600000e-03 |   2.934400e-07 |   5.363755e-09 |   5.496274e-09 |
|   2.700000e-03 |   3.057994e-07 |   5.570241e-09 |   5.708600e-09 |
|   2.800000e-03 |   3.181747e-07 |   5.776732e-09 |   5.920940e-09 |
|   2.900000e-03 |   3.305640e-07 |   5.983227e-09 |   6.133291e-09 |
+----------------+----------------+----------------+----------------+


Time Step 30, time = 0.003, dt = 0.0001
 * Nonlinear |R| = [32m1.615344e-03[39m (Before preset BCs, predictors, correctors, and constraints)
 0 Nonlinear |R| = [32m1.616340e-03[39m
      0 Linear |R| = [32m1.616340e-03[39m
      1 Linear |R| = [32m7.308774e-19[39m
 1 Nonlinear |R| = [32m1.893496e-14[39m
[32m Solve Converged![39m

Outlier Variable Residual Norms:
  p: [31m1.884673e-14[39m

Postprocessor Values:
+----------------+----------------+----------------+----------------+
| time           | p_l2           | ux_l2          | uy_l2          |
+----------------+----------------+----------------+----------------+
:                :                :                :                :
|   1.600000e-03 |   1.713737e-07 |   3.299303e-09 |   3.374295e-09 |
|   1.700000e-03 |   1.833911e-07 |   3.505700e-09 |   3.586333e-09 |
|   1.800000e-03 |   1.954656e-07 |   3.712112e-09 |   3.798419e-09 |
|   1.900000e-03 |   2.075904e-07 |   3.918535e-09 |   4.010548e-09 |
|   2.000000e-03 |   2.197592e-07 |   4.124970e-09 |   4.222714e-09 |
|   2.100000e-03 |   2.319667e-07 |   4.331414e-09 |   4.434913e-09 |
|   2.200000e-03 |   2.442083e-07 |   4.537868e-09 |   4.647140e-09 |
|   2.300000e-03 |   2.564797e-07 |   4.744330e-09 |   4.859393e-09 |
|   2.400000e-03 |   2.687776e-07 |   4.950798e-09 |   5.071668e-09 |
|   2.500000e-03 |   2.810986e-07 |   5.157274e-09 |   5.283963e-09 |
|   2.600000e-03 |   2.934400e-07 |   5.363755e-09 |   5.496274e-09 |
|   2.700000e-03 |   3.057994e-07 |   5.570241e-09 |   5.708600e-09 |
|   2.800000e-03 |   3.181747e-07 |   5.776732e-09 |   5.920940e-09 |
|   2.900000e-03 |   3.305640e-07 |   5.983227e-09 |   6.133291e-09 |
|   3.000000e-03 |   3.429657e-07 |   6.189725e-09 |   6.345652e-09 |
+----------------+----------------+----------------+----------------+


Time Step 31, time = 0.0031, dt = 0.0001
 * Nonlinear |R| = [32m1.615343e-03[39m (Before preset BCs, predictors, correctors, and constraints)
 0 Nonlinear |R| = [32m1.616339e-03[39m
      0 Linear |R| = [32m1.616339e-03[39m
      1 Linear |R| = [32m1.084531e-18[39m
 1 Nonlinear |R| = [32m2.031237e-14[39m
[32m Solve Converged![39m

Outlier Variable Residual Norms:
  p: [31m2.021000e-14[39m

Postprocessor Values:
+----------------+----------------+----------------+----------------+
| time           | p_l2           | ux_l2          | uy_l2          |
+----------------+----------------+----------------+----------------+
:                :                :                :                :
|   1.700000e-03 |   1.833911e-07 |   3.505700e-09 |   3.586333e-09 |
|   1.800000e-03 |   1.954656e-07 |   3.712112e-09 |   3.798419e-09 |
|   1.900000e-03 |   2.075904e-07 |   3.918535e-09 |   4.010548e-09 |
|   2.000000e-03 |   2.197592e-07 |   4.124970e-09 |   4.222714e-09 |
|   2.100000e-03 |   2.319667e-07 |   4.331414e-09 |   4.434913e-09 |
|   2.200000e-03 |   2.442083e-07 |   4.537868e-09 |   4.647140e-09 |
|   2.300000e-03 |   2.564797e-07 |   4.744330e-09 |   4.859393e-09 |
|   2.400000e-03 |   2.687776e-07 |   4.950798e-09 |   5.071668e-09 |
|   2.500000e-03 |   2.810986e-07 |   5.157274e-09 |   5.283963e-09 |
|   2.600000e-03 |   2.934400e-07 |   5.363755e-09 |   5.496274e-09 |
|   2.700000e-03 |   3.057994e-07 |   5.570241e-09 |   5.708600e-09 |
|   2.800000e-03 |   3.181747e-07 |   5.776732e-09 |   5.920940e-09 |
|   2.900000e-03 |   3.305640e-07 |   5.983227e-09 |   6.133291e-09 |
|   3.000000e-03 |   3.429657e-07 |   6.189725e-09 |   6.345652e-09 |
|   3.100000e-03 |   3.553784e-07 |   6.396228e-09 |   6.558022e-09 |
+----------------+----------------+----------------+----------------+


Time Step 32, time = 0.0032, dt = 0.0001
 * Nonlinear |R| = [32m1.615342e-03[39m (Before preset BCs, predictors, correctors, and constraints)
 0 Nonlinear |R| = [32m1.616338e-03[39m
      0 Linear |R| = [32m1.616338e-03[39m
      1 Linear |R| = [32m1.072915e-18[39m
 1 Nonlinear |R| = [32m1.977164e-14[39m
[32m Solve Converged![39m

Outlier Variable Residual Norms:
  p: [31m1.969193e-14[39m

Postprocessor Values:
+----------------+----------------+----------------+----------------+
| time           | p_l2           | ux_l2          | uy_l2          |
+----------------+----------------+----------------+----------------+
:                :                :                :                :
|   1.800000e-03 |   1.954656e-07 |   3.712112e-09 |   3.798419e-09 |
|   1.900000e-03 |   2.075904e-07 |   3.918535e-09 |   4.010548e-09 |
|   2.000000e-03 |   2.197592e-07 |   4.124970e-09 |   4.222714e-09 |
|   2.100000e-03 |   2.319667e-07 |   4.331414e-09 |   4.434913e-09 |
|   2.200000e-03 |   2.442083e-07 |   4.537868e-09 |   4.647140e-09 |
|   2.300000e-03 |   2.564797e-07 |   4.744330e-09 |   4.859393e-09 |
|   2.400000e-03 |   2.687776e-07 |   4.950798e-09 |   5.071668e-09 |
|   2.500000e-03 |   2.810986e-07 |   5.157274e-09 |   5.283963e-09 |
|   2.600000e-03 |   2.934400e-07 |   5.363755e-09 |   5.496274e-09 |
|   2.700000e-03 |   3.057994e-07 |   5.570241e-09 |   5.708600e-09 |
|   2.800000e-03 |   3.181747e-07 |   5.776732e-09 |   5.920940e-09 |
|   2.900000e-03 |   3.305640e-07 |   5.983227e-09 |   6.133291e-09 |
|   3.000000e-03 |   3.429657e-07 |   6.189725e-09 |   6.345652e-09 |
|   3.100000e-03 |   3.553784e-07 |   6.396228e-09 |   6.558022e-09 |
|   3.200000e-03 |   3.678007e-07 |   6.602733e-09 |   6.770400e-09 |
+----------------+----------------+----------------+----------------+


Time Step 33, time = 0.0033, dt = 0.0001
 * Nonlinear |R| = [32m1.615341e-03[39m (Before preset BCs, predictors, correctors, and constraints)
 0 Nonlinear |R| = [32m1.616337e-03[39m
      0 Linear |R| = [32m1.616337e-03[39m
      1 Linear |R| = [32m1.091848e-18[39m
 1 Nonlinear |R| = [32m1.956253e-14[39m
[32m Solve Converged![39m

Outlier Variable Residual Norms:
  p: [31m1.946629e-14[39m

Postprocessor Values:
+----------------+----------------+----------------+----------------+
| time           | p_l2           | ux_l2          | uy_l2          |
+----------------+----------------+----------------+----------------+
:                :                :                :                :
|   1.900000e-03 |   2.075904e-07 |   3.918535e-09 |   4.010548e-09 |
|   2.000000e-03 |   2.197592e-07 |   4.124970e-09 |   4.222714e-09 |
|   2.100000e-03 |   2.319667e-07 |   4.331414e-09 |   4.434913e-09 |
|   2.200000e-03 |   2.442083e-07 |   4.537868e-09 |   4.647140e-09 |
|   2.300000e-03 |   2.564797e-07 |   4.744330e-09 |   4.859393e-09 |
|   2.400000e-03 |   2.687776e-07 |   4.950798e-09 |   5.071668e-09 |
|   2.500000e-03 |   2.810986e-07 |   5.157274e-09 |   5.283963e-09 |
|   2.600000e-03 |   2.934400e-07 |   5.363755e-09 |   5.496274e-09 |
|   2.700000e-03 |   3.057994e-07 |   5.570241e-09 |   5.708600e-09 |
|   2.800000e-03 |   3.181747e-07 |   5.776732e-09 |   5.920940e-09 |
|   2.900000e-03 |   3.305640e-07 |   5.983227e-09 |   6.133291e-09 |
|   3.000000e-03 |   3.429657e-07 |   6.189725e-09 |   6.345652e-09 |
|   3.100000e-03 |   3.553784e-07 |   6.396228e-09 |   6.558022e-09 |
|   3.200000e-03 |   3.678007e-07 |   6.602733e-09 |   6.770400e-09 |
|   3.300000e-03 |   3.802316e-07 |   6.809241e-09 |   6.982785e-09 |
+----------------+----------------+----------------+----------------+


Time Step 34, time = 0.0034, dt = 0.0001
 * Nonlinear |R| = [32m1.615340e-03[39m (Before preset BCs, predictors, correctors, and constraints)
 0 Nonlinear |R| = [32m1.616336e-03[39m
      0 Linear |R| = [32m1.616336e-03[39m
      1 Linear |R| = [32m9.289911e-19[39m
 1 Nonlinear |R| = [32m1.964548e-14[39m
[32m Solve Converged![39m

Outlier Variable Residual Norms:
  p: [31m1.954947e-14[39m

Postprocessor Values:
+----------------+----------------+----------------+----------------+
| time           | p_l2           | ux_l2          | uy_l2          |
+----------------+----------------+----------------+----------------+
:                :                :                :                :
|   2.000000e-03 |   2.197592e-07 |   4.124970e-09 |   4.222714e-09 |
|   2.100000e-03 |   2.319667e-07 |   4.331414e-09 |   4.434913e-09 |
|   2.200000e-03 |   2.442083e-07 |   4.537868e-09 |   4.647140e-09 |
|   2.300000e-03 |   2.564797e-07 |   4.744330e-09 |   4.859393e-09 |
|   2.400000e-03 |   2.687776e-07 |   4.950798e-09 |   5.071668e-09 |
|   2.500000e-03 |   2.810986e-07 |   5.157274e-09 |   5.283963e-09 |
|   2.600000e-03 |   2.934400e-07 |   5.363755e-09 |   5.496274e-09 |
|   2.700000e-03 |   3.057994e-07 |   5.570241e-09 |   5.708600e-09 |
|   2.800000e-03 |   3.181747e-07 |   5.776732e-09 |   5.920940e-09 |
|   2.900000e-03 |   3.305640e-07 |   5.983227e-09 |   6.133291e-09 |
|   3.000000e-03 |   3.429657e-07 |   6.189725e-09 |   6.345652e-09 |
|   3.100000e-03 |   3.553784e-07 |   6.396228e-09 |   6.558022e-09 |
|   3.200000e-03 |   3.678007e-07 |   6.602733e-09 |   6.770400e-09 |
|   3.300000e-03 |   3.802316e-07 |   6.809241e-09 |   6.982785e-09 |
|   3.400000e-03 |   3.926702e-07 |   7.015751e-09 |   7.195177e-09 |
+----------------+----------------+----------------+----------------+


Time Step 35, time = 0.0035, dt = 0.0001
 * Nonlinear |R| = [32m1.615339e-03[39m (Before preset BCs, predictors, correctors, and constraints)
 0 Nonlinear |R| = [32m1.616335e-03[39m
      0 Linear |R| = [32m1.616335e-03[39m
      1 Linear |R| = [32m1.097971e-18[39m
 1 Nonlinear |R| = [32m1.596462e-14[39m
[32m Solve Converged![39m

Outlier Variable Residual Norms:
  p: [31m1.584421e-14[39m

Postprocessor Values:
+----------------+----------------+----------------+----------------+
| time           | p_l2           | ux_l2          | uy_l2          |
+----------------+----------------+----------------+----------------+
:                :                :                :                :
|   2.100000e-03 |   2.319667e-07 |   4.331414e-09 |   4.434913e-09 |
|   2.200000e-03 |   2.442083e-07 |   4.537868e-09 |   4.647140e-09 |
|   2.300000e-03 |   2.564797e-07 |   4.744330e-09 |   4.859393e-09 |
|   2.400000e-03 |   2.687776e-07 |   4.950798e-09 |   5.071668e-09 |
|   2.500000e-03 |   2.810986e-07 |   5.157274e-09 |   5.283963e-09 |
|   2.600000e-03 |   2.934400e-07 |   5.363755e-09 |   5.496274e-09 |
|   2.700000e-03 |   3.057994e-07 |   5.570241e-09 |   5.708600e-09 |
|   2.800000e-03 |   3.181747e-07 |   5.776732e-09 |   5.920940e-09 |
|   2.900000e-03 |   3.305640e-07 |   5.983227e-09 |   6.133291e-09 |
|   3.000000e-03 |   3.429657e-07 |   6.189725e-09 |   6.345652e-09 |
|   3.100000e-03 |   3.553784e-07 |   6.396228e-09 |   6.558022e-09 |
|   3.200000e-03 |   3.678007e-07 |   6.602733e-09 |   6.770400e-09 |
|   3.300000e-03 |   3.802316e-07 |   6.809241e-09 |   6.982785e-09 |
|   3.400000e-03 |   3.926702e-07 |   7.015751e-09 |   7.195177e-09 |
|   3.500000e-03 |   4.051155e-07 |   7.222264e-09 |   7.407574e-09 |
+----------------+----------------+----------------+----------------+


Time Step 36, time = 0.0036, dt = 0.0001
 * Nonlinear |R| = [32m1.615338e-03[39m (Before preset BCs, predictors, correctors, and constraints)
 0 Nonlinear |R| = [32m1.616334e-03[39m
      0 Linear |R| = [32m1.616334e-03[39m
      1 Linear |R| = [32m8.976522e-19[39m
 1 Nonlinear |R| = [32m1.618439e-14[39m
[32m Solve Converged![39m

Outlier Variable Residual Norms:
  p: [31m1.605661e-14[39m

Postprocessor Values:
+----------------+----------------+----------------+----------------+
| time           | p_l2           | ux_l2          | uy_l2          |
+----------------+----------------+----------------+----------------+
:                :                :                :                :
|   2.200000e-03 |   2.442083e-07 |   4.537868e-09 |   4.647140e-09 |
|   2.300000e-03 |   2.564797e-07 |   4.744330e-09 |   4.859393e-09 |
|   2.400000e-03 |   2.687776e-07 |   4.950798e-09 |   5.071668e-09 |
|   2.500000e-03 |   2.810986e-07 |   5.157274e-09 |   5.283963e-09 |
|   2.600000e-03 |   2.934400e-07 |   5.363755e-09 |   5.496274e-09 |
|   2.700000e-03 |   3.057994e-07 |   5.570241e-09 |   5.708600e-09 |
|   2.800000e-03 |   3.181747e-07 |   5.776732e-09 |   5.920940e-09 |
|   2.900000e-03 |   3.305640e-07 |   5.983227e-09 |   6.133291e-09 |
|   3.000000e-03 |   3.429657e-07 |   6.189725e-09 |   6.345652e-09 |
|   3.100000e-03 |   3.553784e-07 |   6.396228e-09 |   6.558022e-09 |
|   3.200000e-03 |   3.678007e-07 |   6.602733e-09 |   6.770400e-09 |
|   3.300000e-03 |   3.802316e-07 |   6.809241e-09 |   6.982785e-09 |
|   3.400000e-03 |   3.926702e-07 |   7.015751e-09 |   7.195177e-09 |
|   3.500000e-03 |   4.051155e-07 |   7.222264e-09 |   7.407574e-09 |
|   3.600000e-03 |   4.175668e-07 |   7.428778e-09 |   7.619975e-09 |
+----------------+----------------+----------------+----------------+


Time Step 37, time = 0.0037, dt = 0.0001
 * Nonlinear |R| = [32m1.615337e-03[39m (Before preset BCs, predictors, correctors, and constraints)
 0 Nonlinear |R| = [32m1.616333e-03[39m
      0 Linear |R| = [32m1.616333e-03[39m
      1 Linear |R| = [32m1.140488e-18[39m
 1 Nonlinear |R| = [32m1.753564e-14[39m
[32m Solve Converged![39m

Outlier Variable Residual Norms:
  p: [31m1.742585e-14[39m

Postprocessor Values:
+----------------+----------------+----------------+----------------+
| time           | p_l2           | ux_l2          | uy_l2          |
+----------------+----------------+----------------+----------------+
:                :                :                :                :
|   2.300000e-03 |   2.564797e-07 |   4.744330e-09 |   4.859393e-09 |
|   2.400000e-03 |   2.687776e-07 |   4.950798e-09 |   5.071668e-09 |
|   2.500000e-03 |   2.810986e-07 |   5.157274e-09 |   5.283963e-09 |
|   2.600000e-03 |   2.934400e-07 |   5.363755e-09 |   5.496274e-09 |
|   2.700000e-03 |   3.057994e-07 |   5.570241e-09 |   5.708600e-09 |
|   2.800000e-03 |   3.181747e-07 |   5.776732e-09 |   5.920940e-09 |
|   2.900000e-03 |   3.305640e-07 |   5.983227e-09 |   6.133291e-09 |
|   3.000000e-03 |   3.429657e-07 |   6.189725e-09 |   6.345652e-09 |
|   3.100000e-03 |   3.553784e-07 |   6.396228e-09 |   6.558022e-09 |
|   3.200000e-03 |   3.678007e-07 |   6.602733e-09 |   6.770400e-09 |
|   3.300000e-03 |   3.802316e-07 |   6.809241e-09 |   6.982785e-09 |
|   3.400000e-03 |   3.926702e-07 |   7.015751e-09 |   7.195177e-09 |
|   3.500000e-03 |   4.051155e-07 |   7.222264e-09 |   7.407574e-09 |
|   3.600000e-03 |   4.175668e-07 |   7.428778e-09 |   7.619975e-09 |
|   3.700000e-03 |   4.300234e-07 |   7.635295e-09 |   7.832381e-09 |
+----------------+----------------+----------------+----------------+


Time Step 38, time = 0.0038, dt = 0.0001
 * Nonlinear |R| = [32m1.615336e-03[39m (Before preset BCs, predictors, correctors, and constraints)
 0 Nonlinear |R| = [32m1.616332e-03[39m
      0 Linear |R| = [32m1.616332e-03[39m
      1 Linear |R| = [32m1.191180e-18[39m
 1 Nonlinear |R| = [32m1.701230e-14[39m
[32m Solve Converged![39m

Outlier Variable Residual Norms:
  p: [31m1.691714e-14[39m

Postprocessor Values:
+----------------+----------------+----------------+----------------+
| time           | p_l2           | ux_l2          | uy_l2          |
+----------------+----------------+----------------+----------------+
:                :                :                :                :
|   2.400000e-03 |   2.687776e-07 |   4.950798e-09 |   5.071668e-09 |
|   2.500000e-03 |   2.810986e-07 |   5.157274e-09 |   5.283963e-09 |
|   2.600000e-03 |   2.934400e-07 |   5.363755e-09 |   5.496274e-09 |
|   2.700000e-03 |   3.057994e-07 |   5.570241e-09 |   5.708600e-09 |
|   2.800000e-03 |   3.181747e-07 |   5.776732e-09 |   5.920940e-09 |
|   2.900000e-03 |   3.305640e-07 |   5.983227e-09 |   6.133291e-09 |
|   3.000000e-03 |   3.429657e-07 |   6.189725e-09 |   6.345652e-09 |
|   3.100000e-03 |   3.553784e-07 |   6.396228e-09 |   6.558022e-09 |
|   3.200000e-03 |   3.678007e-07 |   6.602733e-09 |   6.770400e-09 |
|   3.300000e-03 |   3.802316e-07 |   6.809241e-09 |   6.982785e-09 |
|   3.400000e-03 |   3.926702e-07 |   7.015751e-09 |   7.195177e-09 |
|   3.500000e-03 |   4.051155e-07 |   7.222264e-09 |   7.407574e-09 |
|   3.600000e-03 |   4.175668e-07 |   7.428778e-09 |   7.619975e-09 |
|   3.700000e-03 |   4.300234e-07 |   7.635295e-09 |   7.832381e-09 |
|   3.800000e-03 |   4.424849e-07 |   7.841813e-09 |   8.044791e-09 |
+----------------+----------------+----------------+----------------+


Time Step 39, time = 0.0039, dt = 0.0001
 * Nonlinear |R| = [32m1.615335e-03[39m (Before preset BCs, predictors, correctors, and constraints)
 0 Nonlinear |R| = [32m1.616332e-03[39m
      0 Linear |R| = [32m1.616332e-03[39m
      1 Linear |R| = [32m1.672100e-18[39m
 1 Nonlinear |R| = [32m1.842514e-14[39m
[32m Solve Converged![39m

Outlier Variable Residual Norms:
  p: [31m1.833210e-14[39m

Postprocessor Values:
+----------------+----------------+----------------+----------------+
| time           | p_l2           | ux_l2          | uy_l2          |
+----------------+----------------+----------------+----------------+
:                :                :                :                :
|   2.500000e-03 |   2.810986e-07 |   5.157274e-09 |   5.283963e-09 |
|   2.600000e-03 |   2.934400e-07 |   5.363755e-09 |   5.496274e-09 |
|   2.700000e-03 |   3.057994e-07 |   5.570241e-09 |   5.708600e-09 |
|   2.800000e-03 |   3.181747e-07 |   5.776732e-09 |   5.920940e-09 |
|   2.900000e-03 |   3.305640e-07 |   5.983227e-09 |   6.133291e-09 |
|   3.000000e-03 |   3.429657e-07 |   6.189725e-09 |   6.345652e-09 |
|   3.100000e-03 |   3.553784e-07 |   6.396228e-09 |   6.558022e-09 |
|   3.200000e-03 |   3.678007e-07 |   6.602733e-09 |   6.770400e-09 |
|   3.300000e-03 |   3.802316e-07 |   6.809241e-09 |   6.982785e-09 |
|   3.400000e-03 |   3.926702e-07 |   7.015751e-09 |   7.195177e-09 |
|   3.500000e-03 |   4.051155e-07 |   7.222264e-09 |   7.407574e-09 |
|   3.600000e-03 |   4.175668e-07 |   7.428778e-09 |   7.619975e-09 |
|   3.700000e-03 |   4.300234e-07 |   7.635295e-09 |   7.832381e-09 |
|   3.800000e-03 |   4.424849e-07 |   7.841813e-09 |   8.044791e-09 |
|   3.900000e-03 |   4.549506e-07 |   8.048333e-09 |   8.257203e-09 |
+----------------+----------------+----------------+----------------+


Time Step 40, time = 0.004, dt = 0.0001
 * Nonlinear |R| = [32m1.615334e-03[39m (Before preset BCs, predictors, correctors, and constraints)
 0 Nonlinear |R| = [32m1.616331e-03[39m
      0 Linear |R| = [32m1.616331e-03[39m
      1 Linear |R| = [32m9.315322e-19[39m
 1 Nonlinear |R| = [32m1.808025e-14[39m
[32m Solve Converged![39m

Outlier Variable Residual Norms:
  p: [31m1.797674e-14[39m

Postprocessor Values:
+----------------+----------------+----------------+----------------+
| time           | p_l2           | ux_l2          | uy_l2          |
+----------------+----------------+----------------+----------------+
:                :                :                :                :
|   2.600000e-03 |   2.934400e-07 |   5.363755e-09 |   5.496274e-09 |
|   2.700000e-03 |   3.057994e-07 |   5.570241e-09 |   5.708600e-09 |
|   2.800000e-03 |   3.181747e-07 |   5.776732e-09 |   5.920940e-09 |
|   2.900000e-03 |   3.305640e-07 |   5.983227e-09 |   6.133291e-09 |
|   3.000000e-03 |   3.429657e-07 |   6.189725e-09 |   6.345652e-09 |
|   3.100000e-03 |   3.553784e-07 |   6.396228e-09 |   6.558022e-09 |
|   3.200000e-03 |   3.678007e-07 |   6.602733e-09 |   6.770400e-09 |
|   3.300000e-03 |   3.802316e-07 |   6.809241e-09 |   6.982785e-09 |
|   3.400000e-03 |   3.926702e-07 |   7.015751e-09 |   7.195177e-09 |
|   3.500000e-03 |   4.051155e-07 |   7.222264e-09 |   7.407574e-09 |
|   3.600000e-03 |   4.175668e-07 |   7.428778e-09 |   7.619975e-09 |
|   3.700000e-03 |   4.300234e-07 |   7.635295e-09 |   7.832381e-09 |
|   3.800000e-03 |   4.424849e-07 |   7.841813e-09 |   8.044791e-09 |
|   3.900000e-03 |   4.549506e-07 |   8.048333e-09 |   8.257203e-09 |
|   4.000000e-03 |   4.674201e-07 |   8.254853e-09 |   8.469619e-09 |
+----------------+----------------+----------------+----------------+


Time Step 41, time = 0.0041, dt = 0.0001
 * Nonlinear |R| = [32m1.615333e-03[39m (Before preset BCs, predictors, correctors, and constraints)
 0 Nonlinear |R| = [32m1.616330e-03[39m
      0 Linear |R| = [32m1.616330e-03[39m
      1 Linear |R| = [32m1.284271e-18[39m
 1 Nonlinear |R| = [32m1.955389e-14[39m
[32m Solve Converged![39m

Outlier Variable Residual Norms:
  p: [31m1.946204e-14[39m

Postprocessor Values:
+----------------+----------------+----------------+----------------+
| time           | p_l2           | ux_l2          | uy_l2          |
+----------------+----------------+----------------+----------------+
:                :                :                :                :
|   2.700000e-03 |   3.057994e-07 |   5.570241e-09 |   5.708600e-09 |
|   2.800000e-03 |   3.181747e-07 |   5.776732e-09 |   5.920940e-09 |
|   2.900000e-03 |   3.305640e-07 |   5.983227e-09 |   6.133291e-09 |
|   3.000000e-03 |   3.429657e-07 |   6.189725e-09 |   6.345652e-09 |
|   3.100000e-03 |   3.553784e-07 |   6.396228e-09 |   6.558022e-09 |
|   3.200000e-03 |   3.678007e-07 |   6.602733e-09 |   6.770400e-09 |
|   3.300000e-03 |   3.802316e-07 |   6.809241e-09 |   6.982785e-09 |
|   3.400000e-03 |   3.926702e-07 |   7.015751e-09 |   7.195177e-09 |
|   3.500000e-03 |   4.051155e-07 |   7.222264e-09 |   7.407574e-09 |
|   3.600000e-03 |   4.175668e-07 |   7.428778e-09 |   7.619975e-09 |
|   3.700000e-03 |   4.300234e-07 |   7.635295e-09 |   7.832381e-09 |
|   3.800000e-03 |   4.424849e-07 |   7.841813e-09 |   8.044791e-09 |
|   3.900000e-03 |   4.549506e-07 |   8.048333e-09 |   8.257203e-09 |
|   4.000000e-03 |   4.674201e-07 |   8.254853e-09 |   8.469619e-09 |
|   4.100000e-03 |   4.798931e-07 |   8.461376e-09 |   8.682038e-09 |
+----------------+----------------+----------------+----------------+


Time Step 42, time = 0.0042, dt = 0.0001
 * Nonlinear |R| = [32m1.615333e-03[39m (Before preset BCs, predictors, correctors, and constraints)
 0 Nonlinear |R| = [32m1.616329e-03[39m
      0 Linear |R| = [32m1.616329e-03[39m
      1 Linear |R| = [32m9.066292e-19[39m
 1 Nonlinear |R| = [32m1.951340e-14[39m
[32m Solve Converged![39m

Outlier Variable Residual Norms:
  p: [31m1.941050e-14[39m

Postprocessor Values:
+----------------+----------------+----------------+----------------+
| time           | p_l2           | ux_l2          | uy_l2          |
+----------------+----------------+----------------+----------------+
:                :                :                :                :
|   2.800000e-03 |   3.181747e-07 |   5.776732e-09 |   5.920940e-09 |
|   2.900000e-03 |   3.305640e-07 |   5.983227e-09 |   6.133291e-09 |
|   3.000000e-03 |   3.429657e-07 |   6.189725e-09 |   6.345652e-09 |
|   3.100000e-03 |   3.553784e-07 |   6.396228e-09 |   6.558022e-09 |
|   3.200000e-03 |   3.678007e-07 |   6.602733e-09 |   6.770400e-09 |
|   3.300000e-03 |   3.802316e-07 |   6.809241e-09 |   6.982785e-09 |
|   3.400000e-03 |   3.926702e-07 |   7.015751e-09 |   7.195177e-09 |
|   3.500000e-03 |   4.051155e-07 |   7.222264e-09 |   7.407574e-09 |
|   3.600000e-03 |   4.175668e-07 |   7.428778e-09 |   7.619975e-09 |
|   3.700000e-03 |   4.300234e-07 |   7.635295e-09 |   7.832381e-09 |
|   3.800000e-03 |   4.424849e-07 |   7.841813e-09 |   8.044791e-09 |
|   3.900000e-03 |   4.549506e-07 |   8.048333e-09 |   8.257203e-09 |
|   4.000000e-03 |   4.674201e-07 |   8.254853e-09 |   8.469619e-09 |
|   4.100000e-03 |   4.798931e-07 |   8.461376e-09 |   8.682038e-09 |
|   4.200000e-03 |   4.923691e-07 |   8.667899e-09 |   8.894459e-09 |
+----------------+----------------+----------------+----------------+


Time Step 43, time = 0.0043, dt = 0.0001
 * Nonlinear |R| = [32m1.615332e-03[39m (Before preset BCs, predictors, correctors, and constraints)
 0 Nonlinear |R| = [32m1.616328e-03[39m
      0 Linear |R| = [32m1.616328e-03[39m
      1 Linear |R| = [32m1.076624e-18[39m
 1 Nonlinear |R| = [32m1.767885e-14[39m
[32m Solve Converged![39m

Outlier Variable Residual Norms:
  p: [31m1.759217e-14[39m

Postprocessor Values:
+----------------+----------------+----------------+----------------+
| time           | p_l2           | ux_l2          | uy_l2          |
+----------------+----------------+----------------+----------------+
:                :                :                :                :
|   2.900000e-03 |   3.305640e-07 |   5.983227e-09 |   6.133291e-09 |
|   3.000000e-03 |   3.429657e-07 |   6.189725e-09 |   6.345652e-09 |
|   3.100000e-03 |   3.553784e-07 |   6.396228e-09 |   6.558022e-09 |
|   3.200000e-03 |   3.678007e-07 |   6.602733e-09 |   6.770400e-09 |
|   3.300000e-03 |   3.802316e-07 |   6.809241e-09 |   6.982785e-09 |
|   3.400000e-03 |   3.926702e-07 |   7.015751e-09 |   7.195177e-09 |
|   3.500000e-03 |   4.051155e-07 |   7.222264e-09 |   7.407574e-09 |
|   3.600000e-03 |   4.175668e-07 |   7.428778e-09 |   7.619975e-09 |
|   3.700000e-03 |   4.300234e-07 |   7.635295e-09 |   7.832381e-09 |
|   3.800000e-03 |   4.424849e-07 |   7.841813e-09 |   8.044791e-09 |
|   3.900000e-03 |   4.549506e-07 |   8.048333e-09 |   8.257203e-09 |
|   4.000000e-03 |   4.674201e-07 |   8.254853e-09 |   8.469619e-09 |
|   4.100000e-03 |   4.798931e-07 |   8.461376e-09 |   8.682038e-09 |
|   4.200000e-03 |   4.923691e-07 |   8.667899e-09 |   8.894459e-09 |
|   4.300000e-03 |   5.048479e-07 |   8.874423e-09 |   9.106882e-09 |
+----------------+----------------+----------------+----------------+


Time Step 44, time = 0.0044, dt = 0.0001
 * Nonlinear |R| = [32m1.615331e-03[39m (Before preset BCs, predictors, correctors, and constraints)
 0 Nonlinear |R| = [32m1.616328e-03[39m
      0 Linear |R| = [32m1.616328e-03[39m
      1 Linear |R| = [32m9.547626e-19[39m
 1 Nonlinear |R| = [32m1.764885e-14[39m
[32m Solve Converged![39m

Outlier Variable Residual Norms:
  p: [31m1.755316e-14[39m

Postprocessor Values:
+----------------+----------------+----------------+----------------+
| time           | p_l2           | ux_l2          | uy_l2          |
+----------------+----------------+----------------+----------------+
:                :                :                :                :
|   3.000000e-03 |   3.429657e-07 |   6.189725e-09 |   6.345652e-09 |
|   3.100000e-03 |   3.553784e-07 |   6.396228e-09 |   6.558022e-09 |
|   3.200000e-03 |   3.678007e-07 |   6.602733e-09 |   6.770400e-09 |
|   3.300000e-03 |   3.802316e-07 |   6.809241e-09 |   6.982785e-09 |
|   3.400000e-03 |   3.926702e-07 |   7.015751e-09 |   7.195177e-09 |
|   3.500000e-03 |   4.051155e-07 |   7.222264e-09 |   7.407574e-09 |
|   3.600000e-03 |   4.175668e-07 |   7.428778e-09 |   7.619975e-09 |
|   3.700000e-03 |   4.300234e-07 |   7.635295e-09 |   7.832381e-09 |
|   3.800000e-03 |   4.424849e-07 |   7.841813e-09 |   8.044791e-09 |
|   3.900000e-03 |   4.549506e-07 |   8.048333e-09 |   8.257203e-09 |
|   4.000000e-03 |   4.674201e-07 |   8.254853e-09 |   8.469619e-09 |
|   4.100000e-03 |   4.798931e-07 |   8.461376e-09 |   8.682038e-09 |
|   4.200000e-03 |   4.923691e-07 |   8.667899e-09 |   8.894459e-09 |
|   4.300000e-03 |   5.048479e-07 |   8.874423e-09 |   9.106882e-09 |
|   4.400000e-03 |   5.173291e-07 |   9.080948e-09 |   9.319307e-09 |
+----------------+----------------+----------------+----------------+


Time Step 45, time = 0.0045, dt = 0.0001
 * Nonlinear |R| = [32m1.615330e-03[39m (Before preset BCs, predictors, correctors, and constraints)
 0 Nonlinear |R| = [32m1.616327e-03[39m
      0 Linear |R| = [32m1.616327e-03[39m
      1 Linear |R| = [32m7.801171e-19[39m
 1 Nonlinear |R| = [32m1.814999e-14[39m
[32m Solve Converged![39m

Outlier Variable Residual Norms:
  p: [31m1.804396e-14[39m

Postprocessor Values:
+----------------+----------------+----------------+----------------+
| time           | p_l2           | ux_l2          | uy_l2          |
+----------------+----------------+----------------+----------------+
:                :                :                :                :
|   3.100000e-03 |   3.553784e-07 |   6.396228e-09 |   6.558022e-09 |
|   3.200000e-03 |   3.678007e-07 |   6.602733e-09 |   6.770400e-09 |
|   3.300000e-03 |   3.802316e-07 |   6.809241e-09 |   6.982785e-09 |
|   3.400000e-03 |   3.926702e-07 |   7.015751e-09 |   7.195177e-09 |
|   3.500000e-03 |   4.051155e-07 |   7.222264e-09 |   7.407574e-09 |
|   3.600000e-03 |   4.175668e-07 |   7.428778e-09 |   7.619975e-09 |
|   3.700000e-03 |   4.300234e-07 |   7.635295e-09 |   7.832381e-09 |
|   3.800000e-03 |   4.424849e-07 |   7.841813e-09 |   8.044791e-09 |
|   3.900000e-03 |   4.549506e-07 |   8.048333e-09 |   8.257203e-09 |
|   4.000000e-03 |   4.674201e-07 |   8.254853e-09 |   8.469619e-09 |
|   4.100000e-03 |   4.798931e-07 |   8.461376e-09 |   8.682038e-09 |
|   4.200000e-03 |   4.923691e-07 |   8.667899e-09 |   8.894459e-09 |
|   4.300000e-03 |   5.048479e-07 |   8.874423e-09 |   9.106882e-09 |
|   4.400000e-03 |   5.173291e-07 |   9.080948e-09 |   9.319307e-09 |
|   4.500000e-03 |   5.298126e-07 |   9.287475e-09 |   9.531734e-09 |
+----------------+----------------+----------------+----------------+


Time Step 46, time = 0.0046, dt = 0.0001
 * Nonlinear |R| = [32m1.615329e-03[39m (Before preset BCs, predictors, correctors, and constraints)
 0 Nonlinear |R| = [32m1.616326e-03[39m
      0 Linear |R| = [32m1.616326e-03[39m
      1 Linear |R| = [32m1.036484e-18[39m
 1 Nonlinear |R| = [32m1.809698e-14[39m
[32m Solve Converged![39m

Outlier Variable Residual Norms:
  p: [31m1.798655e-14[39m

Postprocessor Values:
+----------------+----------------+----------------+----------------+
| time           | p_l2           | ux_l2          | uy_l2          |
+----------------+----------------+----------------+----------------+
:                :                :                :                :
|   3.200000e-03 |   3.678007e-07 |   6.602733e-09 |   6.770400e-09 |
|   3.300000e-03 |   3.802316e-07 |   6.809241e-09 |   6.982785e-09 |
|   3.400000e-03 |   3.926702e-07 |   7.015751e-09 |   7.195177e-09 |
|   3.500000e-03 |   4.051155e-07 |   7.222264e-09 |   7.407574e-09 |
|   3.600000e-03 |   4.175668e-07 |   7.428778e-09 |   7.619975e-09 |
|   3.700000e-03 |   4.300234e-07 |   7.635295e-09 |   7.832381e-09 |
|   3.800000e-03 |   4.424849e-07 |   7.841813e-09 |   8.044791e-09 |
|   3.900000e-03 |   4.549506e-07 |   8.048333e-09 |   8.257203e-09 |
|   4.000000e-03 |   4.674201e-07 |   8.254853e-09 |   8.469619e-09 |
|   4.100000e-03 |   4.798931e-07 |   8.461376e-09 |   8.682038e-09 |
|   4.200000e-03 |   4.923691e-07 |   8.667899e-09 |   8.894459e-09 |
|   4.300000e-03 |   5.048479e-07 |   8.874423e-09 |   9.106882e-09 |
|   4.400000e-03 |   5.173291e-07 |   9.080948e-09 |   9.319307e-09 |
|   4.500000e-03 |   5.298126e-07 |   9.287475e-09 |   9.531734e-09 |
|   4.600000e-03 |   5.422982e-07 |   9.494001e-09 |   9.744162e-09 |
+----------------+----------------+----------------+----------------+


Time Step 47, time = 0.0047, dt = 0.0001
 * Nonlinear |R| = [32m1.615329e-03[39m (Before preset BCs, predictors, correctors, and constraints)
 0 Nonlinear |R| = [32m1.616325e-03[39m
      0 Linear |R| = [32m1.616325e-03[39m
      1 Linear |R| = [32m1.299270e-18[39m
 1 Nonlinear |R| = [32m1.892004e-14[39m
[32m Solve Converged![39m

Outlier Variable Residual Norms:
  p: [31m1.881586e-14[39m

Postprocessor Values:
+----------------+----------------+----------------+----------------+
| time           | p_l2           | ux_l2          | uy_l2          |
+----------------+----------------+----------------+----------------+
:                :                :                :                :
|   3.300000e-03 |   3.802316e-07 |   6.809241e-09 |   6.982785e-09 |
|   3.400000e-03 |   3.926702e-07 |   7.015751e-09 |   7.195177e-09 |
|   3.500000e-03 |   4.051155e-07 |   7.222264e-09 |   7.407574e-09 |
|   3.600000e-03 |   4.175668e-07 |   7.428778e-09 |   7.619975e-09 |
|   3.700000e-03 |   4.300234e-07 |   7.635295e-09 |   7.832381e-09 |
|   3.800000e-03 |   4.424849e-07 |   7.841813e-09 |   8.044791e-09 |
|   3.900000e-03 |   4.549506e-07 |   8.048333e-09 |   8.257203e-09 |
|   4.000000e-03 |   4.674201e-07 |   8.254853e-09 |   8.469619e-09 |
|   4.100000e-03 |   4.798931e-07 |   8.461376e-09 |   8.682038e-09 |
|   4.200000e-03 |   4.923691e-07 |   8.667899e-09 |   8.894459e-09 |
|   4.300000e-03 |   5.048479e-07 |   8.874423e-09 |   9.106882e-09 |
|   4.400000e-03 |   5.173291e-07 |   9.080948e-09 |   9.319307e-09 |
|   4.500000e-03 |   5.298126e-07 |   9.287475e-09 |   9.531734e-09 |
|   4.600000e-03 |   5.422982e-07 |   9.494001e-09 |   9.744162e-09 |
|   4.700000e-03 |   5.547855e-07 |   9.700529e-09 |   9.956592e-09 |
+----------------+----------------+----------------+----------------+


Time Step 48, time = 0.0048, dt = 0.0001
 * Nonlinear |R| = [32m1.615328e-03[39m (Before preset BCs, predictors, correctors, and constraints)
 0 Nonlinear |R| = [32m1.616324e-03[39m
      0 Linear |R| = [32m1.616324e-03[39m
      1 Linear |R| = [32m1.236365e-18[39m
 1 Nonlinear |R| = [32m2.467816e-14[39m
[32m Solve Converged![39m

Outlier Variable Residual Norms:
  p: [31m2.459505e-14[39m

Postprocessor Values:
+----------------+----------------+----------------+----------------+
| time           | p_l2           | ux_l2          | uy_l2          |
+----------------+----------------+----------------+----------------+
:                :                :                :                :
|   3.400000e-03 |   3.926702e-07 |   7.015751e-09 |   7.195177e-09 |
|   3.500000e-03 |   4.051155e-07 |   7.222264e-09 |   7.407574e-09 |
|   3.600000e-03 |   4.175668e-07 |   7.428778e-09 |   7.619975e-09 |
|   3.700000e-03 |   4.300234e-07 |   7.635295e-09 |   7.832381e-09 |
|   3.800000e-03 |   4.424849e-07 |   7.841813e-09 |   8.044791e-09 |
|   3.900000e-03 |   4.549506e-07 |   8.048333e-09 |   8.257203e-09 |
|   4.000000e-03 |   4.674201e-07 |   8.254853e-09 |   8.469619e-09 |
|   4.100000e-03 |   4.798931e-07 |   8.461376e-09 |   8.682038e-09 |
|   4.200000e-03 |   4.923691e-07 |   8.667899e-09 |   8.894459e-09 |
|   4.300000e-03 |   5.048479e-07 |   8.874423e-09 |   9.106882e-09 |
|   4.400000e-03 |   5.173291e-07 |   9.080948e-09 |   9.319307e-09 |
|   4.500000e-03 |   5.298126e-07 |   9.287475e-09 |   9.531734e-09 |
|   4.600000e-03 |   5.422982e-07 |   9.494001e-09 |   9.744162e-09 |
|   4.700000e-03 |   5.547855e-07 |   9.700529e-09 |   9.956592e-09 |
|   4.800000e-03 |   5.672746e-07 |   9.907057e-09 |   1.016902e-08 |
+----------------+----------------+----------------+----------------+


Time Step 49, time = 0.0049, dt = 0.0001
 * Nonlinear |R| = [32m1.615327e-03[39m (Before preset BCs, predictors, correctors, and constraints)
 0 Nonlinear |R| = [32m1.616324e-03[39m
      0 Linear |R| = [32m1.616324e-03[39m
      1 Linear |R| = [32m9.437810e-19[39m
 1 Nonlinear |R| = [32m2.376437e-14[39m
[32m Solve Converged![39m

Outlier Variable Residual Norms:
  p: [31m2.368858e-14[39m

Postprocessor Values:
+----------------+----------------+----------------+----------------+
| time           | p_l2           | ux_l2          | uy_l2          |
+----------------+----------------+----------------+----------------+
:                :                :                :                :
|   3.500000e-03 |   4.051155e-07 |   7.222264e-09 |   7.407574e-09 |
|   3.600000e-03 |   4.175668e-07 |   7.428778e-09 |   7.619975e-09 |
|   3.700000e-03 |   4.300234e-07 |   7.635295e-09 |   7.832381e-09 |
|   3.800000e-03 |   4.424849e-07 |   7.841813e-09 |   8.044791e-09 |
|   3.900000e-03 |   4.549506e-07 |   8.048333e-09 |   8.257203e-09 |
|   4.000000e-03 |   4.674201e-07 |   8.254853e-09 |   8.469619e-09 |
|   4.100000e-03 |   4.798931e-07 |   8.461376e-09 |   8.682038e-09 |
|   4.200000e-03 |   4.923691e-07 |   8.667899e-09 |   8.894459e-09 |
|   4.300000e-03 |   5.048479e-07 |   8.874423e-09 |   9.106882e-09 |
|   4.400000e-03 |   5.173291e-07 |   9.080948e-09 |   9.319307e-09 |
|   4.500000e-03 |   5.298126e-07 |   9.287475e-09 |   9.531734e-09 |
|   4.600000e-03 |   5.422982e-07 |   9.494001e-09 |   9.744162e-09 |
|   4.700000e-03 |   5.547855e-07 |   9.700529e-09 |   9.956592e-09 |
|   4.800000e-03 |   5.672746e-07 |   9.907057e-09 |   1.016902e-08 |
|   4.900000e-03 |   5.797651e-07 |   1.011359e-08 |   1.038145e-08 |
+----------------+----------------+----------------+----------------+


Time Step 50, time = 0.005, dt = 0.0001
 * Nonlinear |R| = [32m1.615326e-03[39m (Before preset BCs, predictors, correctors, and constraints)
 0 Nonlinear |R| = [32m1.616323e-03[39m
      0 Linear |R| = [32m1.616323e-03[39m
      1 Linear |R| = [32m1.013619e-18[39m
 1 Nonlinear |R| = [32m1.979939e-14[39m
[32m Solve Converged![39m

Outlier Variable Residual Norms:
  p: [31m1.970037e-14[39m

Postprocessor Values:
+----------------+----------------+----------------+----------------+
| time           | p_l2           | ux_l2          | uy_l2          |
+----------------+----------------+----------------+----------------+
:                :                :                :                :
|   3.600000e-03 |   4.175668e-07 |   7.428778e-09 |   7.619975e-09 |
|   3.700000e-03 |   4.300234e-07 |   7.635295e-09 |   7.832381e-09 |
|   3.800000e-03 |   4.424849e-07 |   7.841813e-09 |   8.044791e-09 |
|   3.900000e-03 |   4.549506e-07 |   8.048333e-09 |   8.257203e-09 |
|   4.000000e-03 |   4.674201e-07 |   8.254853e-09 |   8.469619e-09 |
|   4.100000e-03 |   4.798931e-07 |   8.461376e-09 |   8.682038e-09 |
|   4.200000e-03 |   4.923691e-07 |   8.667899e-09 |   8.894459e-09 |
|   4.300000e-03 |   5.048479e-07 |   8.874423e-09 |   9.106882e-09 |
|   4.400000e-03 |   5.173291e-07 |   9.080948e-09 |   9.319307e-09 |
|   4.500000e-03 |   5.298126e-07 |   9.287475e-09 |   9.531734e-09 |
|   4.600000e-03 |   5.422982e-07 |   9.494001e-09 |   9.744162e-09 |
|   4.700000e-03 |   5.547855e-07 |   9.700529e-09 |   9.956592e-09 |
|   4.800000e-03 |   5.672746e-07 |   9.907057e-09 |   1.016902e-08 |
|   4.900000e-03 |   5.797651e-07 |   1.011359e-08 |   1.038145e-08 |
|   5.000000e-03 |   5.922571e-07 |   1.032012e-08 |   1.059389e-08 |
+----------------+----------------+----------------+----------------+


Time Step 51, time = 0.0051, dt = 0.0001
 * Nonlinear |R| = [32m1.615325e-03[39m (Before preset BCs, predictors, correctors, and constraints)
 0 Nonlinear |R| = [32m1.616322e-03[39m
      0 Linear |R| = [32m1.616322e-03[39m
      1 Linear |R| = [32m1.036930e-18[39m
 1 Nonlinear |R| = [32m2.030546e-14[39m
[32m Solve Converged![39m

Outlier Variable Residual Norms:
  p: [31m2.022451e-14[39m

Postprocessor Values:
+----------------+----------------+----------------+----------------+
| time           | p_l2           | ux_l2          | uy_l2          |
+----------------+----------------+----------------+----------------+
:                :                :                :                :
|   3.700000e-03 |   4.300234e-07 |   7.635295e-09 |   7.832381e-09 |
|   3.800000e-03 |   4.424849e-07 |   7.841813e-09 |   8.044791e-09 |
|   3.900000e-03 |   4.549506e-07 |   8.048333e-09 |   8.257203e-09 |
|   4.000000e-03 |   4.674201e-07 |   8.254853e-09 |   8.469619e-09 |
|   4.100000e-03 |   4.798931e-07 |   8.461376e-09 |   8.682038e-09 |
|   4.200000e-03 |   4.923691e-07 |   8.667899e-09 |   8.894459e-09 |
|   4.300000e-03 |   5.048479e-07 |   8.874423e-09 |   9.106882e-09 |
|   4.400000e-03 |   5.173291e-07 |   9.080948e-09 |   9.319307e-09 |
|   4.500000e-03 |   5.298126e-07 |   9.287475e-09 |   9.531734e-09 |
|   4.600000e-03 |   5.422982e-07 |   9.494001e-09 |   9.744162e-09 |
|   4.700000e-03 |   5.547855e-07 |   9.700529e-09 |   9.956592e-09 |
|   4.800000e-03 |   5.672746e-07 |   9.907057e-09 |   1.016902e-08 |
|   4.900000e-03 |   5.797651e-07 |   1.011359e-08 |   1.038145e-08 |
|   5.000000e-03 |   5.922571e-07 |   1.032012e-08 |   1.059389e-08 |
|   5.100000e-03 |   6.047503e-07 |   1.052665e-08 |   1.080632e-08 |
+----------------+----------------+----------------+----------------+


Time Step 52, time = 0.0052, dt = 0.0001
 * Nonlinear |R| = [32m1.615325e-03[39m (Before preset BCs, predictors, correctors, and constraints)
 0 Nonlinear |R| = [32m1.616321e-03[39m
      0 Linear |R| = [32m1.616321e-03[39m
      1 Linear |R| = [32m1.234650e-18[39m
 1 Nonlinear |R| = [32m1.581561e-14[39m
[32m Solve Converged![39m

Outlier Variable Residual Norms:
  p: [31m1.571344e-14[39m

Postprocessor Values:
+----------------+----------------+----------------+----------------+
| time           | p_l2           | ux_l2          | uy_l2          |
+----------------+----------------+----------------+----------------+
:                :                :                :                :
|   3.800000e-03 |   4.424849e-07 |   7.841813e-09 |   8.044791e-09 |
|   3.900000e-03 |   4.549506e-07 |   8.048333e-09 |   8.257203e-09 |
|   4.000000e-03 |   4.674201e-07 |   8.254853e-09 |   8.469619e-09 |
|   4.100000e-03 |   4.798931e-07 |   8.461376e-09 |   8.682038e-09 |
|   4.200000e-03 |   4.923691e-07 |   8.667899e-09 |   8.894459e-09 |
|   4.300000e-03 |   5.048479e-07 |   8.874423e-09 |   9.106882e-09 |
|   4.400000e-03 |   5.173291e-07 |   9.080948e-09 |   9.319307e-09 |
|   4.500000e-03 |   5.298126e-07 |   9.287475e-09 |   9.531734e-09 |
|   4.600000e-03 |   5.422982e-07 |   9.494001e-09 |   9.744162e-09 |
|   4.700000e-03 |   5.547855e-07 |   9.700529e-09 |   9.956592e-09 |
|   4.800000e-03 |   5.672746e-07 |   9.907057e-09 |   1.016902e-08 |
|   4.900000e-03 |   5.797651e-07 |   1.011359e-08 |   1.038145e-08 |
|   5.000000e-03 |   5.922571e-07 |   1.032012e-08 |   1.059389e-08 |
|   5.100000e-03 |   6.047503e-07 |   1.052665e-08 |   1.080632e-08 |
|   5.200000e-03 |   6.172447e-07 |   1.073318e-08 |   1.101876e-08 |
+----------------+----------------+----------------+----------------+


Time Step 53, time = 0.0053, dt = 0.0001
 * Nonlinear |R| = [32m1.615324e-03[39m (Before preset BCs, predictors, correctors, and constraints)
 0 Nonlinear |R| = [32m1.616320e-03[39m
      0 Linear |R| = [32m1.616320e-03[39m
      1 Linear |R| = [32m1.085491e-18[39m
 1 Nonlinear |R| = [32m1.770559e-14[39m
[32m Solve Converged![39m

Outlier Variable Residual Norms:
  p: [31m1.762247e-14[39m

Postprocessor Values:
+----------------+----------------+----------------+----------------+
| time           | p_l2           | ux_l2          | uy_l2          |
+----------------+----------------+----------------+----------------+
:                :                :                :                :
|   3.900000e-03 |   4.549506e-07 |   8.048333e-09 |   8.257203e-09 |
|   4.000000e-03 |   4.674201e-07 |   8.254853e-09 |   8.469619e-09 |
|   4.100000e-03 |   4.798931e-07 |   8.461376e-09 |   8.682038e-09 |
|   4.200000e-03 |   4.923691e-07 |   8.667899e-09 |   8.894459e-09 |
|   4.300000e-03 |   5.048479e-07 |   8.874423e-09 |   9.106882e-09 |
|   4.400000e-03 |   5.173291e-07 |   9.080948e-09 |   9.319307e-09 |
|   4.500000e-03 |   5.298126e-07 |   9.287475e-09 |   9.531734e-09 |
|   4.600000e-03 |   5.422982e-07 |   9.494001e-09 |   9.744162e-09 |
|   4.700000e-03 |   5.547855e-07 |   9.700529e-09 |   9.956592e-09 |
|   4.800000e-03 |   5.672746e-07 |   9.907057e-09 |   1.016902e-08 |
|   4.900000e-03 |   5.797651e-07 |   1.011359e-08 |   1.038145e-08 |
|   5.000000e-03 |   5.922571e-07 |   1.032012e-08 |   1.059389e-08 |
|   5.100000e-03 |   6.047503e-07 |   1.052665e-08 |   1.080632e-08 |
|   5.200000e-03 |   6.172447e-07 |   1.073318e-08 |   1.101876e-08 |
|   5.300000e-03 |   6.297401e-07 |   1.093971e-08 |   1.123119e-08 |
+----------------+----------------+----------------+----------------+


Time Step 54, time = 0.0054, dt = 0.0001
 * Nonlinear |R| = [32m1.615323e-03[39m (Before preset BCs, predictors, correctors, and constraints)
 0 Nonlinear |R| = [32m1.616319e-03[39m
      0 Linear |R| = [32m1.616319e-03[39m
      1 Linear |R| = [32m1.009910e-18[39m
 1 Nonlinear |R| = [32m2.203680e-14[39m
[32m Solve Converged![39m

Outlier Variable Residual Norms:
  p: [31m2.195009e-14[39m

Postprocessor Values:
+----------------+----------------+----------------+----------------+
| time           | p_l2           | ux_l2          | uy_l2          |
+----------------+----------------+----------------+----------------+
:                :                :                :                :
|   4.000000e-03 |   4.674201e-07 |   8.254853e-09 |   8.469619e-09 |
|   4.100000e-03 |   4.798931e-07 |   8.461376e-09 |   8.682038e-09 |
|   4.200000e-03 |   4.923691e-07 |   8.667899e-09 |   8.894459e-09 |
|   4.300000e-03 |   5.048479e-07 |   8.874423e-09 |   9.106882e-09 |
|   4.400000e-03 |   5.173291e-07 |   9.080948e-09 |   9.319307e-09 |
|   4.500000e-03 |   5.298126e-07 |   9.287475e-09 |   9.531734e-09 |
|   4.600000e-03 |   5.422982e-07 |   9.494001e-09 |   9.744162e-09 |
|   4.700000e-03 |   5.547855e-07 |   9.700529e-09 |   9.956592e-09 |
|   4.800000e-03 |   5.672746e-07 |   9.907057e-09 |   1.016902e-08 |
|   4.900000e-03 |   5.797651e-07 |   1.011359e-08 |   1.038145e-08 |
|   5.000000e-03 |   5.922571e-07 |   1.032012e-08 |   1.059389e-08 |
|   5.100000e-03 |   6.047503e-07 |   1.052665e-08 |   1.080632e-08 |
|   5.200000e-03 |   6.172447e-07 |   1.073318e-08 |   1.101876e-08 |
|   5.300000e-03 |   6.297401e-07 |   1.093971e-08 |   1.123119e-08 |
|   5.400000e-03 |   6.422365e-07 |   1.114624e-08 |   1.144363e-08 |
+----------------+----------------+----------------+----------------+


Time Step 55, time = 0.0055, dt = 0.0001
 * Nonlinear |R| = [32m1.615322e-03[39m (Before preset BCs, predictors, correctors, and constraints)
 0 Nonlinear |R| = [32m1.616318e-03[39m
      0 Linear |R| = [32m1.616318e-03[39m
      1 Linear |R| = [32m1.138443e-18[39m
 1 Nonlinear |R| = [32m1.880271e-14[39m
[32m Solve Converged![39m

Outlier Variable Residual Norms:
  p: [31m1.870441e-14[39m

Postprocessor Values:
+----------------+----------------+----------------+----------------+
| time           | p_l2           | ux_l2          | uy_l2          |
+----------------+----------------+----------------+----------------+
:                :                :                :                :
|   4.100000e-03 |   4.798931e-07 |   8.461376e-09 |   8.682038e-09 |
|   4.200000e-03 |   4.923691e-07 |   8.667899e-09 |   8.894459e-09 |
|   4.300000e-03 |   5.048479e-07 |   8.874423e-09 |   9.106882e-09 |
|   4.400000e-03 |   5.173291e-07 |   9.080948e-09 |   9.319307e-09 |
|   4.500000e-03 |   5.298126e-07 |   9.287475e-09 |   9.531734e-09 |
|   4.600000e-03 |   5.422982e-07 |   9.494001e-09 |   9.744162e-09 |
|   4.700000e-03 |   5.547855e-07 |   9.700529e-09 |   9.956592e-09 |
|   4.800000e-03 |   5.672746e-07 |   9.907057e-09 |   1.016902e-08 |
|   4.900000e-03 |   5.797651e-07 |   1.011359e-08 |   1.038145e-08 |
|   5.000000e-03 |   5.922571e-07 |   1.032012e-08 |   1.059389e-08 |
|   5.100000e-03 |   6.047503e-07 |   1.052665e-08 |   1.080632e-08 |
|   5.200000e-03 |   6.172447e-07 |   1.073318e-08 |   1.101876e-08 |
|   5.300000e-03 |   6.297401e-07 |   1.093971e-08 |   1.123119e-08 |
|   5.400000e-03 |   6.422365e-07 |   1.114624e-08 |   1.144363e-08 |
|   5.500000e-03 |   6.547338e-07 |   1.135277e-08 |   1.165606e-08 |
+----------------+----------------+----------------+----------------+


Time Step 56, time = 0.0056, dt = 0.0001
 * Nonlinear |R| = [32m1.615321e-03[39m (Before preset BCs, predictors, correctors, and constraints)
 0 Nonlinear |R| = [32m1.616318e-03[39m
      0 Linear |R| = [32m1.616318e-03[39m
      1 Linear |R| = [32m1.046132e-18[39m
 1 Nonlinear |R| = [32m1.597241e-14[39m
[32m Solve Converged![39m

Outlier Variable Residual Norms:
  p: [31m1.586516e-14[39m

Postprocessor Values:
+----------------+----------------+----------------+----------------+
| time           | p_l2           | ux_l2          | uy_l2          |
+----------------+----------------+----------------+----------------+
:                :                :                :                :
|   4.200000e-03 |   4.923691e-07 |   8.667899e-09 |   8.894459e-09 |
|   4.300000e-03 |   5.048479e-07 |   8.874423e-09 |   9.106882e-09 |
|   4.400000e-03 |   5.173291e-07 |   9.080948e-09 |   9.319307e-09 |
|   4.500000e-03 |   5.298126e-07 |   9.287475e-09 |   9.531734e-09 |
|   4.600000e-03 |   5.422982e-07 |   9.494001e-09 |   9.744162e-09 |
|   4.700000e-03 |   5.547855e-07 |   9.700529e-09 |   9.956592e-09 |
|   4.800000e-03 |   5.672746e-07 |   9.907057e-09 |   1.016902e-08 |
|   4.900000e-03 |   5.797651e-07 |   1.011359e-08 |   1.038145e-08 |
|   5.000000e-03 |   5.922571e-07 |   1.032012e-08 |   1.059389e-08 |
|   5.100000e-03 |   6.047503e-07 |   1.052665e-08 |   1.080632e-08 |
|   5.200000e-03 |   6.172447e-07 |   1.073318e-08 |   1.101876e-08 |
|   5.300000e-03 |   6.297401e-07 |   1.093971e-08 |   1.123119e-08 |
|   5.400000e-03 |   6.422365e-07 |   1.114624e-08 |   1.144363e-08 |
|   5.500000e-03 |   6.547338e-07 |   1.135277e-08 |   1.165606e-08 |
|   5.600000e-03 |   6.672320e-07 |   1.155930e-08 |   1.186850e-08 |
+----------------+----------------+----------------+----------------+


Time Step 57, time = 0.0057, dt = 0.0001
 * Nonlinear |R| = [32m1.615320e-03[39m (Before preset BCs, predictors, correctors, and constraints)
 0 Nonlinear |R| = [32m1.616317e-03[39m
      0 Linear |R| = [32m1.616317e-03[39m
      1 Linear |R| = [32m1.067951e-18[39m
 1 Nonlinear |R| = [32m2.531844e-14[39m
[32m Solve Converged![39m

Outlier Variable Residual Norms:
  p: [31m2.524361e-14[39m

Postprocessor Values:
+----------------+----------------+----------------+----------------+
| time           | p_l2           | ux_l2          | uy_l2          |
+----------------+----------------+----------------+----------------+
:                :                :                :                :
|   4.300000e-03 |   5.048479e-07 |   8.874423e-09 |   9.106882e-09 |
|   4.400000e-03 |   5.173291e-07 |   9.080948e-09 |   9.319307e-09 |
|   4.500000e-03 |   5.298126e-07 |   9.287475e-09 |   9.531734e-09 |
|   4.600000e-03 |   5.422982e-07 |   9.494001e-09 |   9.744162e-09 |
|   4.700000e-03 |   5.547855e-07 |   9.700529e-09 |   9.956592e-09 |
|   4.800000e-03 |   5.672746e-07 |   9.907057e-09 |   1.016902e-08 |
|   4.900000e-03 |   5.797651e-07 |   1.011359e-08 |   1.038145e-08 |
|   5.000000e-03 |   5.922571e-07 |   1.032012e-08 |   1.059389e-08 |
|   5.100000e-03 |   6.047503e-07 |   1.052665e-08 |   1.080632e-08 |
|   5.200000e-03 |   6.172447e-07 |   1.073318e-08 |   1.101876e-08 |
|   5.300000e-03 |   6.297401e-07 |   1.093971e-08 |   1.123119e-08 |
|   5.400000e-03 |   6.422365e-07 |   1.114624e-08 |   1.144363e-08 |
|   5.500000e-03 |   6.547338e-07 |   1.135277e-08 |   1.165606e-08 |
|   5.600000e-03 |   6.672320e-07 |   1.155930e-08 |   1.186850e-08 |
|   5.700000e-03 |   6.797309e-07 |   1.176583e-08 |   1.208094e-08 |
+----------------+----------------+----------------+----------------+


Time Step 58, time = 0.0058, dt = 0.0001
 * Nonlinear |R| = [32m1.615319e-03[39m (Before preset BCs, predictors, correctors, and constraints)
 0 Nonlinear |R| = [32m1.616316e-03[39m
      0 Linear |R| = [32m1.616316e-03[39m
      1 Linear |R| = [32m9.731216e-19[39m
 1 Nonlinear |R| = [32m2.243034e-14[39m
[32m Solve Converged![39m

Outlier Variable Residual Norms:
  p: [31m2.235237e-14[39m

Postprocessor Values:
+----------------+----------------+----------------+----------------+
| time           | p_l2           | ux_l2          | uy_l2          |
+----------------+----------------+----------------+----------------+
:                :                :                :                :
|   4.400000e-03 |   5.173291e-07 |   9.080948e-09 |   9.319307e-09 |
|   4.500000e-03 |   5.298126e-07 |   9.287475e-09 |   9.531734e-09 |
|   4.600000e-03 |   5.422982e-07 |   9.494001e-09 |   9.744162e-09 |
|   4.700000e-03 |   5.547855e-07 |   9.700529e-09 |   9.956592e-09 |
|   4.800000e-03 |   5.672746e-07 |   9.907057e-09 |   1.016902e-08 |
|   4.900000e-03 |   5.797651e-07 |   1.011359e-08 |   1.038145e-08 |
|   5.000000e-03 |   5.922571e-07 |   1.032012e-08 |   1.059389e-08 |
|   5.100000e-03 |   6.047503e-07 |   1.052665e-08 |   1.080632e-08 |
|   5.200000e-03 |   6.172447e-07 |   1.073318e-08 |   1.101876e-08 |
|   5.300000e-03 |   6.297401e-07 |   1.093971e-08 |   1.123119e-08 |
|   5.400000e-03 |   6.422365e-07 |   1.114624e-08 |   1.144363e-08 |
|   5.500000e-03 |   6.547338e-07 |   1.135277e-08 |   1.165606e-08 |
|   5.600000e-03 |   6.672320e-07 |   1.155930e-08 |   1.186850e-08 |
|   5.700000e-03 |   6.797309e-07 |   1.176583e-08 |   1.208094e-08 |
|   5.800000e-03 |   6.922306e-07 |   1.197237e-08 |   1.229337e-08 |
+----------------+----------------+----------------+----------------+


Time Step 59, time = 0.0059, dt = 0.0001
 * Nonlinear |R| = [32m1.615318e-03[39m (Before preset BCs, predictors, correctors, and constraints)
 0 Nonlinear |R| = [32m1.616315e-03[39m
      0 Linear |R| = [32m1.616315e-03[39m
      1 Linear |R| = [32m9.580965e-19[39m
 1 Nonlinear |R| = [32m1.484515e-14[39m
[32m Solve Converged![39m

Outlier Variable Residual Norms:
  p: [31m1.469197e-14[39m

Postprocessor Values:
+----------------+----------------+----------------+----------------+
| time           | p_l2           | ux_l2          | uy_l2          |
+----------------+----------------+----------------+----------------+
:                :                :                :                :
|   4.500000e-03 |   5.298126e-07 |   9.287475e-09 |   9.531734e-09 |
|   4.600000e-03 |   5.422982e-07 |   9.494001e-09 |   9.744162e-09 |
|   4.700000e-03 |   5.547855e-07 |   9.700529e-09 |   9.956592e-09 |
|   4.800000e-03 |   5.672746e-07 |   9.907057e-09 |   1.016902e-08 |
|   4.900000e-03 |   5.797651e-07 |   1.011359e-08 |   1.038145e-08 |
|   5.000000e-03 |   5.922571e-07 |   1.032012e-08 |   1.059389e-08 |
|   5.100000e-03 |   6.047503e-07 |   1.052665e-08 |   1.080632e-08 |
|   5.200000e-03 |   6.172447e-07 |   1.073318e-08 |   1.101876e-08 |
|   5.300000e-03 |   6.297401e-07 |   1.093971e-08 |   1.123119e-08 |
|   5.400000e-03 |   6.422365e-07 |   1.114624e-08 |   1.144363e-08 |
|   5.500000e-03 |   6.547338e-07 |   1.135277e-08 |   1.165606e-08 |
|   5.600000e-03 |   6.672320e-07 |   1.155930e-08 |   1.186850e-08 |
|   5.700000e-03 |   6.797309e-07 |   1.176583e-08 |   1.208094e-08 |
|   5.800000e-03 |   6.922306e-07 |   1.197237e-08 |   1.229337e-08 |
|   5.900000e-03 |   7.047309e-07 |   1.217890e-08 |   1.250581e-08 |
+----------------+----------------+----------------+----------------+


Time Step 60, time = 0.006, dt = 0.0001
 * Nonlinear |R| = [32m1.615317e-03[39m (Before preset BCs, predictors, correctors, and constraints)
 0 Nonlinear |R| = [32m1.616314e-03[39m
      0 Linear |R| = [32m1.616314e-03[39m
      1 Linear |R| = [32m8.603808e-19[39m
 1 Nonlinear |R| = [32m1.893296e-14[39m
[32m Solve Converged![39m

Outlier Variable Residual Norms:
  p: [31m1.883272e-14[39m

Postprocessor Values:
+----------------+----------------+----------------+----------------+
| time           | p_l2           | ux_l2          | uy_l2          |
+----------------+----------------+----------------+----------------+
:                :                :                :                :
|   4.600000e-03 |   5.422982e-07 |   9.494001e-09 |   9.744162e-09 |
|   4.700000e-03 |   5.547855e-07 |   9.700529e-09 |   9.956592e-09 |
|   4.800000e-03 |   5.672746e-07 |   9.907057e-09 |   1.016902e-08 |
|   4.900000e-03 |   5.797651e-07 |   1.011359e-08 |   1.038145e-08 |
|   5.000000e-03 |   5.922571e-07 |   1.032012e-08 |   1.059389e-08 |
|   5.100000e-03 |   6.047503e-07 |   1.052665e-08 |   1.080632e-08 |
|   5.200000e-03 |   6.172447e-07 |   1.073318e-08 |   1.101876e-08 |
|   5.300000e-03 |   6.297401e-07 |   1.093971e-08 |   1.123119e-08 |
|   5.400000e-03 |   6.422365e-07 |   1.114624e-08 |   1.144363e-08 |
|   5.500000e-03 |   6.547338e-07 |   1.135277e-08 |   1.165606e-08 |
|   5.600000e-03 |   6.672320e-07 |   1.155930e-08 |   1.186850e-08 |
|   5.700000e-03 |   6.797309e-07 |   1.176583e-08 |   1.208094e-08 |
|   5.800000e-03 |   6.922306e-07 |   1.197237e-08 |   1.229337e-08 |
|   5.900000e-03 |   7.047309e-07 |   1.217890e-08 |   1.250581e-08 |
|   6.000000e-03 |   7.172318e-07 |   1.238543e-08 |   1.271825e-08 |
+----------------+----------------+----------------+----------------+


Time Step 61, time = 0.0061, dt = 0.0001
 * Nonlinear |R| = [32m1.615316e-03[39m (Before preset BCs, predictors, correctors, and constraints)
 0 Nonlinear |R| = [32m1.616313e-03[39m
      0 Linear |R| = [32m1.616313e-03[39m
      1 Linear |R| = [32m9.991491e-19[39m
 1 Nonlinear |R| = [32m1.951658e-14[39m
[32m Solve Converged![39m

Outlier Variable Residual Norms:
  p: [31m1.942320e-14[39m

Postprocessor Values:
+----------------+----------------+----------------+----------------+
| time           | p_l2           | ux_l2          | uy_l2          |
+----------------+----------------+----------------+----------------+
:                :                :                :                :
|   4.700000e-03 |   5.547855e-07 |   9.700529e-09 |   9.956592e-09 |
|   4.800000e-03 |   5.672746e-07 |   9.907057e-09 |   1.016902e-08 |
|   4.900000e-03 |   5.797651e-07 |   1.011359e-08 |   1.038145e-08 |
|   5.000000e-03 |   5.922571e-07 |   1.032012e-08 |   1.059389e-08 |
|   5.100000e-03 |   6.047503e-07 |   1.052665e-08 |   1.080632e-08 |
|   5.200000e-03 |   6.172447e-07 |   1.073318e-08 |   1.101876e-08 |
|   5.300000e-03 |   6.297401e-07 |   1.093971e-08 |   1.123119e-08 |
|   5.400000e-03 |   6.422365e-07 |   1.114624e-08 |   1.144363e-08 |
|   5.500000e-03 |   6.547338e-07 |   1.135277e-08 |   1.165606e-08 |
|   5.600000e-03 |   6.672320e-07 |   1.155930e-08 |   1.186850e-08 |
|   5.700000e-03 |   6.797309e-07 |   1.176583e-08 |   1.208094e-08 |
|   5.800000e-03 |   6.922306e-07 |   1.197237e-08 |   1.229337e-08 |
|   5.900000e-03 |   7.047309e-07 |   1.217890e-08 |   1.250581e-08 |
|   6.000000e-03 |   7.172318e-07 |   1.238543e-08 |   1.271825e-08 |
|   6.100000e-03 |   7.297333e-07 |   1.259196e-08 |   1.293069e-08 |
+----------------+----------------+----------------+----------------+


Time Step 62, time = 0.0062, dt = 0.0001
 * Nonlinear |R| = [32m1.615315e-03[39m (Before preset BCs, predictors, correctors, and constraints)
 0 Nonlinear |R| = [32m1.616312e-03[39m
      0 Linear |R| = [32m1.616312e-03[39m
      1 Linear |R| = [32m8.517134e-19[39m
 1 Nonlinear |R| = [32m1.948184e-14[39m
[32m Solve Converged![39m

Outlier Variable Residual Norms:
  p: [31m1.938894e-14[39m

Postprocessor Values:
+----------------+----------------+----------------+----------------+
| time           | p_l2           | ux_l2          | uy_l2          |
+----------------+----------------+----------------+----------------+
:                :                :                :                :
|   4.800000e-03 |   5.672746e-07 |   9.907057e-09 |   1.016902e-08 |
|   4.900000e-03 |   5.797651e-07 |   1.011359e-08 |   1.038145e-08 |
|   5.000000e-03 |   5.922571e-07 |   1.032012e-08 |   1.059389e-08 |
|   5.100000e-03 |   6.047503e-07 |   1.052665e-08 |   1.080632e-08 |
|   5.200000e-03 |   6.172447e-07 |   1.073318e-08 |   1.101876e-08 |
|   5.300000e-03 |   6.297401e-07 |   1.093971e-08 |   1.123119e-08 |
|   5.400000e-03 |   6.422365e-07 |   1.114624e-08 |   1.144363e-08 |
|   5.500000e-03 |   6.547338e-07 |   1.135277e-08 |   1.165606e-08 |
|   5.600000e-03 |   6.672320e-07 |   1.155930e-08 |   1.186850e-08 |
|   5.700000e-03 |   6.797309e-07 |   1.176583e-08 |   1.208094e-08 |
|   5.800000e-03 |   6.922306e-07 |   1.197237e-08 |   1.229337e-08 |
|   5.900000e-03 |   7.047309e-07 |   1.217890e-08 |   1.250581e-08 |
|   6.000000e-03 |   7.172318e-07 |   1.238543e-08 |   1.271825e-08 |
|   6.100000e-03 |   7.297333e-07 |   1.259196e-08 |   1.293069e-08 |
|   6.200000e-03 |   7.422353e-07 |   1.279850e-08 |   1.314313e-08 |
+----------------+----------------+----------------+----------------+


Time Step 63, time = 0.0063, dt = 0.0001
 * Nonlinear |R| = [32m1.615314e-03[39m (Before preset BCs, predictors, correctors, and constraints)
 0 Nonlinear |R| = [32m1.616311e-03[39m
      0 Linear |R| = [32m1.616311e-03[39m
      1 Linear |R| = [32m7.211607e-19[39m
 1 Nonlinear |R| = [32m1.614549e-14[39m
[32m Solve Converged![39m

Outlier Variable Residual Norms:
  p: [31m1.604404e-14[39m

Postprocessor Values:
+----------------+----------------+----------------+----------------+
| time           | p_l2           | ux_l2          | uy_l2          |
+----------------+----------------+----------------+----------------+
:                :                :                :                :
|   4.900000e-03 |   5.797651e-07 |   1.011359e-08 |   1.038145e-08 |
|   5.000000e-03 |   5.922571e-07 |   1.032012e-08 |   1.059389e-08 |
|   5.100000e-03 |   6.047503e-07 |   1.052665e-08 |   1.080632e-08 |
|   5.200000e-03 |   6.172447e-07 |   1.073318e-08 |   1.101876e-08 |
|   5.300000e-03 |   6.297401e-07 |   1.093971e-08 |   1.123119e-08 |
|   5.400000e-03 |   6.422365e-07 |   1.114624e-08 |   1.144363e-08 |
|   5.500000e-03 |   6.547338e-07 |   1.135277e-08 |   1.165606e-08 |
|   5.600000e-03 |   6.672320e-07 |   1.155930e-08 |   1.186850e-08 |
|   5.700000e-03 |   6.797309e-07 |   1.176583e-08 |   1.208094e-08 |
|   5.800000e-03 |   6.922306e-07 |   1.197237e-08 |   1.229337e-08 |
|   5.900000e-03 |   7.047309e-07 |   1.217890e-08 |   1.250581e-08 |
|   6.000000e-03 |   7.172318e-07 |   1.238543e-08 |   1.271825e-08 |
|   6.100000e-03 |   7.297333e-07 |   1.259196e-08 |   1.293069e-08 |
|   6.200000e-03 |   7.422353e-07 |   1.279850e-08 |   1.314313e-08 |
|   6.300000e-03 |   7.547378e-07 |   1.300503e-08 |   1.335557e-08 |
+----------------+----------------+----------------+----------------+


Time Step 64, time = 0.0064, dt = 0.0001
 * Nonlinear |R| = [32m1.615313e-03[39m (Before preset BCs, predictors, correctors, and constraints)
 0 Nonlinear |R| = [32m1.616310e-03[39m
      0 Linear |R| = [32m1.616310e-03[39m
      1 Linear |R| = [32m9.756185e-19[39m
 1 Nonlinear |R| = [32m1.720910e-14[39m
[32m Solve Converged![39m

Outlier Variable Residual Norms:
  p: [31m1.712485e-14[39m

Postprocessor Values:
+----------------+----------------+----------------+----------------+
| time           | p_l2           | ux_l2          | uy_l2          |
+----------------+----------------+----------------+----------------+
:                :                :                :                :
|   5.000000e-03 |   5.922571e-07 |   1.032012e-08 |   1.059389e-08 |
|   5.100000e-03 |   6.047503e-07 |   1.052665e-08 |   1.080632e-08 |
|   5.200000e-03 |   6.172447e-07 |   1.073318e-08 |   1.101876e-08 |
|   5.300000e-03 |   6.297401e-07 |   1.093971e-08 |   1.123119e-08 |
|   5.400000e-03 |   6.422365e-07 |   1.114624e-08 |   1.144363e-08 |
|   5.500000e-03 |   6.547338e-07 |   1.135277e-08 |   1.165606e-08 |
|   5.600000e-03 |   6.672320e-07 |   1.155930e-08 |   1.186850e-08 |
|   5.700000e-03 |   6.797309e-07 |   1.176583e-08 |   1.208094e-08 |
|   5.800000e-03 |   6.922306e-07 |   1.197237e-08 |   1.229337e-08 |
|   5.900000e-03 |   7.047309e-07 |   1.217890e-08 |   1.250581e-08 |
|   6.000000e-03 |   7.172318e-07 |   1.238543e-08 |   1.271825e-08 |
|   6.100000e-03 |   7.297333e-07 |   1.259196e-08 |   1.293069e-08 |
|   6.200000e-03 |   7.422353e-07 |   1.279850e-08 |   1.314313e-08 |
|   6.300000e-03 |   7.547378e-07 |   1.300503e-08 |   1.335557e-08 |
|   6.400000e-03 |   7.672409e-07 |   1.321156e-08 |   1.356801e-08 |
+----------------+----------------+----------------+----------------+


Time Step 65, time = 0.0065, dt = 0.0001
 * Nonlinear |R| = [32m1.615312e-03[39m (Before preset BCs, predictors, correctors, and constraints)
 0 Nonlinear |R| = [32m1.616309e-03[39m
      0 Linear |R| = [32m1.616309e-03[39m
      1 Linear |R| = [32m7.973347e-19[39m
 1 Nonlinear |R| = [32m2.099470e-14[39m
[32m Solve Converged![39m

Outlier Variable Residual Norms:
  p: [31m2.091127e-14[39m

Postprocessor Values:
+----------------+----------------+----------------+----------------+
| time           | p_l2           | ux_l2          | uy_l2          |
+----------------+----------------+----------------+----------------+
:                :                :                :                :
|   5.100000e-03 |   6.047503e-07 |   1.052665e-08 |   1.080632e-08 |
|   5.200000e-03 |   6.172447e-07 |   1.073318e-08 |   1.101876e-08 |
|   5.300000e-03 |   6.297401e-07 |   1.093971e-08 |   1.123119e-08 |
|   5.400000e-03 |   6.422365e-07 |   1.114624e-08 |   1.144363e-08 |
|   5.500000e-03 |   6.547338e-07 |   1.135277e-08 |   1.165606e-08 |
|   5.600000e-03 |   6.672320e-07 |   1.155930e-08 |   1.186850e-08 |
|   5.700000e-03 |   6.797309e-07 |   1.176583e-08 |   1.208094e-08 |
|   5.800000e-03 |   6.922306e-07 |   1.197237e-08 |   1.229337e-08 |
|   5.900000e-03 |   7.047309e-07 |   1.217890e-08 |   1.250581e-08 |
|   6.000000e-03 |   7.172318e-07 |   1.238543e-08 |   1.271825e-08 |
|   6.100000e-03 |   7.297333e-07 |   1.259196e-08 |   1.293069e-08 |
|   6.200000e-03 |   7.422353e-07 |   1.279850e-08 |   1.314313e-08 |
|   6.300000e-03 |   7.547378e-07 |   1.300503e-08 |   1.335557e-08 |
|   6.400000e-03 |   7.672409e-07 |   1.321156e-08 |   1.356801e-08 |
|   6.500000e-03 |   7.797443e-07 |   1.341810e-08 |   1.378045e-08 |
+----------------+----------------+----------------+----------------+


Time Step 66, time = 0.0066, dt = 0.0001
 * Nonlinear |R| = [32m1.615311e-03[39m (Before preset BCs, predictors, correctors, and constraints)
 0 Nonlinear |R| = [32m1.616308e-03[39m
      0 Linear |R| = [32m1.616308e-03[39m
      1 Linear |R| = [32m1.041660e-18[39m
 1 Nonlinear |R| = [32m1.588898e-14[39m
[32m Solve Converged![39m

Outlier Variable Residual Norms:
  p: [31m1.577518e-14[39m

Postprocessor Values:
+----------------+----------------+----------------+----------------+
| time           | p_l2           | ux_l2          | uy_l2          |
+----------------+----------------+----------------+----------------+
:                :                :                :                :
|   5.200000e-03 |   6.172447e-07 |   1.073318e-08 |   1.101876e-08 |
|   5.300000e-03 |   6.297401e-07 |   1.093971e-08 |   1.123119e-08 |
|   5.400000e-03 |   6.422365e-07 |   1.114624e-08 |   1.144363e-08 |
|   5.500000e-03 |   6.547338e-07 |   1.135277e-08 |   1.165606e-08 |
|   5.600000e-03 |   6.672320e-07 |   1.155930e-08 |   1.186850e-08 |
|   5.700000e-03 |   6.797309e-07 |   1.176583e-08 |   1.208094e-08 |
|   5.800000e-03 |   6.922306e-07 |   1.197237e-08 |   1.229337e-08 |
|   5.900000e-03 |   7.047309e-07 |   1.217890e-08 |   1.250581e-08 |
|   6.000000e-03 |   7.172318e-07 |   1.238543e-08 |   1.271825e-08 |
|   6.100000e-03 |   7.297333e-07 |   1.259196e-08 |   1.293069e-08 |
|   6.200000e-03 |   7.422353e-07 |   1.279850e-08 |   1.314313e-08 |
|   6.300000e-03 |   7.547378e-07 |   1.300503e-08 |   1.335557e-08 |
|   6.400000e-03 |   7.672409e-07 |   1.321156e-08 |   1.356801e-08 |
|   6.500000e-03 |   7.797443e-07 |   1.341810e-08 |   1.378045e-08 |
|   6.600000e-03 |   7.922482e-07 |   1.362463e-08 |   1.399289e-08 |
+----------------+----------------+----------------+----------------+


Time Step 67, time = 0.0067, dt = 0.0001
 * Nonlinear |R| = [32m1.615310e-03[39m (Before preset BCs, predictors, correctors, and constraints)
 0 Nonlinear |R| = [32m1.616307e-03[39m
      0 Linear |R| = [32m1.616307e-03[39m
      1 Linear |R| = [32m8.527244e-19[39m
 1 Nonlinear |R| = [32m2.188332e-14[39m
[32m Solve Converged![39m

Outlier Variable Residual Norms:
  p: [31m2.180685e-14[39m

Postprocessor Values:
+----------------+----------------+----------------+----------------+
| time           | p_l2           | ux_l2          | uy_l2          |
+----------------+----------------+----------------+----------------+
:                :                :                :                :
|   5.300000e-03 |   6.297401e-07 |   1.093971e-08 |   1.123119e-08 |
|   5.400000e-03 |   6.422365e-07 |   1.114624e-08 |   1.144363e-08 |
|   5.500000e-03 |   6.547338e-07 |   1.135277e-08 |   1.165606e-08 |
|   5.600000e-03 |   6.672320e-07 |   1.155930e-08 |   1.186850e-08 |
|   5.700000e-03 |   6.797309e-07 |   1.176583e-08 |   1.208094e-08 |
|   5.800000e-03 |   6.922306e-07 |   1.197237e-08 |   1.229337e-08 |
|   5.900000e-03 |   7.047309e-07 |   1.217890e-08 |   1.250581e-08 |
|   6.000000e-03 |   7.172318e-07 |   1.238543e-08 |   1.271825e-08 |
|   6.100000e-03 |   7.297333e-07 |   1.259196e-08 |   1.293069e-08 |
|   6.200000e-03 |   7.422353e-07 |   1.279850e-08 |   1.314313e-08 |
|   6.300000e-03 |   7.547378e-07 |   1.300503e-08 |   1.335557e-08 |
|   6.400000e-03 |   7.672409e-07 |   1.321156e-08 |   1.356801e-08 |
|   6.500000e-03 |   7.797443e-07 |   1.341810e-08 |   1.378045e-08 |
|   6.600000e-03 |   7.922482e-07 |   1.362463e-08 |   1.399289e-08 |
|   6.700000e-03 |   8.047525e-07 |   1.383117e-08 |   1.420533e-08 |
+----------------+----------------+----------------+----------------+


Time Step 68, time = 0.0068, dt = 0.0001
 * Nonlinear |R| = [32m1.615309e-03[39m (Before preset BCs, predictors, correctors, and constraints)
 0 Nonlinear |R| = [32m1.616306e-03[39m
      0 Linear |R| = [32m1.616306e-03[39m
      1 Linear |R| = [32m9.374229e-19[39m
 1 Nonlinear |R| = [32m1.807163e-14[39m
[32m Solve Converged![39m

Outlier Variable Residual Norms:
  p: [31m1.796889e-14[39m

Postprocessor Values:
+----------------+----------------+----------------+----------------+
| time           | p_l2           | ux_l2          | uy_l2          |
+----------------+----------------+----------------+----------------+
:                :                :                :                :
|   5.400000e-03 |   6.422365e-07 |   1.114624e-08 |   1.144363e-08 |
|   5.500000e-03 |   6.547338e-07 |   1.135277e-08 |   1.165606e-08 |
|   5.600000e-03 |   6.672320e-07 |   1.155930e-08 |   1.186850e-08 |
|   5.700000e-03 |   6.797309e-07 |   1.176583e-08 |   1.208094e-08 |
|   5.800000e-03 |   6.922306e-07 |   1.197237e-08 |   1.229337e-08 |
|   5.900000e-03 |   7.047309e-07 |   1.217890e-08 |   1.250581e-08 |
|   6.000000e-03 |   7.172318e-07 |   1.238543e-08 |   1.271825e-08 |
|   6.100000e-03 |   7.297333e-07 |   1.259196e-08 |   1.293069e-08 |
|   6.200000e-03 |   7.422353e-07 |   1.279850e-08 |   1.314313e-08 |
|   6.300000e-03 |   7.547378e-07 |   1.300503e-08 |   1.335557e-08 |
|   6.400000e-03 |   7.672409e-07 |   1.321156e-08 |   1.356801e-08 |
|   6.500000e-03 |   7.797443e-07 |   1.341810e-08 |   1.378045e-08 |
|   6.600000e-03 |   7.922482e-07 |   1.362463e-08 |   1.399289e-08 |
|   6.700000e-03 |   8.047525e-07 |   1.383117e-08 |   1.420533e-08 |
|   6.800000e-03 |   8.172571e-07 |   1.403770e-08 |   1.441777e-08 |
+----------------+----------------+----------------+----------------+


Time Step 69, time = 0.0069, dt = 0.0001
 * Nonlinear |R| = [32m1.615308e-03[39m (Before preset BCs, predictors, correctors, and constraints)
 0 Nonlinear |R| = [32m1.616304e-03[39m
      0 Linear |R| = [32m1.616304e-03[39m
      1 Linear |R| = [32m1.072598e-18[39m
 1 Nonlinear |R| = [32m1.878823e-14[39m
[32m Solve Converged![39m

Outlier Variable Residual Norms:
  p: [31m1.869189e-14[39m

Postprocessor Values:
+----------------+----------------+----------------+----------------+
| time           | p_l2           | ux_l2          | uy_l2          |
+----------------+----------------+----------------+----------------+
:                :                :                :                :
|   5.500000e-03 |   6.547338e-07 |   1.135277e-08 |   1.165606e-08 |
|   5.600000e-03 |   6.672320e-07 |   1.155930e-08 |   1.186850e-08 |
|   5.700000e-03 |   6.797309e-07 |   1.176583e-08 |   1.208094e-08 |
|   5.800000e-03 |   6.922306e-07 |   1.197237e-08 |   1.229337e-08 |
|   5.900000e-03 |   7.047309e-07 |   1.217890e-08 |   1.250581e-08 |
|   6.000000e-03 |   7.172318e-07 |   1.238543e-08 |   1.271825e-08 |
|   6.100000e-03 |   7.297333e-07 |   1.259196e-08 |   1.293069e-08 |
|   6.200000e-03 |   7.422353e-07 |   1.279850e-08 |   1.314313e-08 |
|   6.300000e-03 |   7.547378e-07 |   1.300503e-08 |   1.335557e-08 |
|   6.400000e-03 |   7.672409e-07 |   1.321156e-08 |   1.356801e-08 |
|   6.500000e-03 |   7.797443e-07 |   1.341810e-08 |   1.378045e-08 |
|   6.600000e-03 |   7.922482e-07 |   1.362463e-08 |   1.399289e-08 |
|   6.700000e-03 |   8.047525e-07 |   1.383117e-08 |   1.420533e-08 |
|   6.800000e-03 |   8.172571e-07 |   1.403770e-08 |   1.441777e-08 |
|   6.900000e-03 |   8.297621e-07 |   1.424423e-08 |   1.463021e-08 |
+----------------+----------------+----------------+----------------+


Time Step 70, time = 0.007, dt = 0.0001
 * Nonlinear |R| = [32m1.615307e-03[39m (Before preset BCs, predictors, correctors, and constraints)
 0 Nonlinear |R| = [32m1.616303e-03[39m
      0 Linear |R| = [32m1.616303e-03[39m
      1 Linear |R| = [32m1.024311e-18[39m
 1 Nonlinear |R| = [32m2.000787e-14[39m
[32m Solve Converged![39m

Outlier Variable Residual Norms:
  p: [31m1.990377e-14[39m

Postprocessor Values:
+----------------+----------------+----------------+----------------+
| time           | p_l2           | ux_l2          | uy_l2          |
+----------------+----------------+----------------+----------------+
:                :                :                :                :
|   5.600000e-03 |   6.672320e-07 |   1.155930e-08 |   1.186850e-08 |
|   5.700000e-03 |   6.797309e-07 |   1.176583e-08 |   1.208094e-08 |
|   5.800000e-03 |   6.922306e-07 |   1.197237e-08 |   1.229337e-08 |
|   5.900000e-03 |   7.047309e-07 |   1.217890e-08 |   1.250581e-08 |
|   6.000000e-03 |   7.172318e-07 |   1.238543e-08 |   1.271825e-08 |
|   6.100000e-03 |   7.297333e-07 |   1.259196e-08 |   1.293069e-08 |
|   6.200000e-03 |   7.422353e-07 |   1.279850e-08 |   1.314313e-08 |
|   6.300000e-03 |   7.547378e-07 |   1.300503e-08 |   1.335557e-08 |
|   6.400000e-03 |   7.672409e-07 |   1.321156e-08 |   1.356801e-08 |
|   6.500000e-03 |   7.797443e-07 |   1.341810e-08 |   1.378045e-08 |
|   6.600000e-03 |   7.922482e-07 |   1.362463e-08 |   1.399289e-08 |
|   6.700000e-03 |   8.047525e-07 |   1.383117e-08 |   1.420533e-08 |
|   6.800000e-03 |   8.172571e-07 |   1.403770e-08 |   1.441777e-08 |
|   6.900000e-03 |   8.297621e-07 |   1.424423e-08 |   1.463021e-08 |
|   7.000000e-03 |   8.422674e-07 |   1.445077e-08 |   1.484265e-08 |
+----------------+----------------+----------------+----------------+


Time Step 71, time = 0.0071, dt = 0.0001
 * Nonlinear |R| = [32m1.615306e-03[39m (Before preset BCs, predictors, correctors, and constraints)
 0 Nonlinear |R| = [32m1.616302e-03[39m
      0 Linear |R| = [32m1.616302e-03[39m
      1 Linear |R| = [32m9.918400e-19[39m
 1 Nonlinear |R| = [32m2.192108e-14[39m
[32m Solve Converged![39m

Outlier Variable Residual Norms:
  p: [31m2.182123e-14[39m

Postprocessor Values:
+----------------+----------------+----------------+----------------+
| time           | p_l2           | ux_l2          | uy_l2          |
+----------------+----------------+----------------+----------------+
:                :                :                :                :
|   5.700000e-03 |   6.797309e-07 |   1.176583e-08 |   1.208094e-08 |
|   5.800000e-03 |   6.922306e-07 |   1.197237e-08 |   1.229337e-08 |
|   5.900000e-03 |   7.047309e-07 |   1.217890e-08 |   1.250581e-08 |
|   6.000000e-03 |   7.172318e-07 |   1.238543e-08 |   1.271825e-08 |
|   6.100000e-03 |   7.297333e-07 |   1.259196e-08 |   1.293069e-08 |
|   6.200000e-03 |   7.422353e-07 |   1.279850e-08 |   1.314313e-08 |
|   6.300000e-03 |   7.547378e-07 |   1.300503e-08 |   1.335557e-08 |
|   6.400000e-03 |   7.672409e-07 |   1.321156e-08 |   1.356801e-08 |
|   6.500000e-03 |   7.797443e-07 |   1.341810e-08 |   1.378045e-08 |
|   6.600000e-03 |   7.922482e-07 |   1.362463e-08 |   1.399289e-08 |
|   6.700000e-03 |   8.047525e-07 |   1.383117e-08 |   1.420533e-08 |
|   6.800000e-03 |   8.172571e-07 |   1.403770e-08 |   1.441777e-08 |
|   6.900000e-03 |   8.297621e-07 |   1.424423e-08 |   1.463021e-08 |
|   7.000000e-03 |   8.422674e-07 |   1.445077e-08 |   1.484265e-08 |
|   7.100000e-03 |   8.547730e-07 |   1.465730e-08 |   1.505509e-08 |
+----------------+----------------+----------------+----------------+


Time Step 72, time = 0.0072, dt = 0.0001
 * Nonlinear |R| = [32m1.615305e-03[39m (Before preset BCs, predictors, correctors, and constraints)
 0 Nonlinear |R| = [32m1.616301e-03[39m
      0 Linear |R| = [32m1.616301e-03[39m
      1 Linear |R| = [32m1.260008e-18[39m
 1 Nonlinear |R| = [32m2.590949e-14[39m
[32m Solve Converged![39m

Outlier Variable Residual Norms:
  p: [31m2.583347e-14[39m

Postprocessor Values:
+----------------+----------------+----------------+----------------+
| time           | p_l2           | ux_l2          | uy_l2          |
+----------------+----------------+----------------+----------------+
:                :                :                :                :
|   5.800000e-03 |   6.922306e-07 |   1.197237e-08 |   1.229337e-08 |
|   5.900000e-03 |   7.047309e-07 |   1.217890e-08 |   1.250581e-08 |
|   6.000000e-03 |   7.172318e-07 |   1.238543e-08 |   1.271825e-08 |
|   6.100000e-03 |   7.297333e-07 |   1.259196e-08 |   1.293069e-08 |
|   6.200000e-03 |   7.422353e-07 |   1.279850e-08 |   1.314313e-08 |
|   6.300000e-03 |   7.547378e-07 |   1.300503e-08 |   1.335557e-08 |
|   6.400000e-03 |   7.672409e-07 |   1.321156e-08 |   1.356801e-08 |
|   6.500000e-03 |   7.797443e-07 |   1.341810e-08 |   1.378045e-08 |
|   6.600000e-03 |   7.922482e-07 |   1.362463e-08 |   1.399289e-08 |
|   6.700000e-03 |   8.047525e-07 |   1.383117e-08 |   1.420533e-08 |
|   6.800000e-03 |   8.172571e-07 |   1.403770e-08 |   1.441777e-08 |
|   6.900000e-03 |   8.297621e-07 |   1.424423e-08 |   1.463021e-08 |
|   7.000000e-03 |   8.422674e-07 |   1.445077e-08 |   1.484265e-08 |
|   7.100000e-03 |   8.547730e-07 |   1.465730e-08 |   1.505509e-08 |
|   7.200000e-03 |   8.672790e-07 |   1.486384e-08 |   1.526753e-08 |
+----------------+----------------+----------------+----------------+


Time Step 73, time = 0.0073, dt = 0.0001
 * Nonlinear |R| = [32m1.615303e-03[39m (Before preset BCs, predictors, correctors, and constraints)
 0 Nonlinear |R| = [32m1.616300e-03[39m
      0 Linear |R| = [32m1.616300e-03[39m
      1 Linear |R| = [32m1.131353e-18[39m
 1 Nonlinear |R| = [32m2.392516e-14[39m
[32m Solve Converged![39m

Outlier Variable Residual Norms:
  p: [31m2.385076e-14[39m

Postprocessor Values:
+----------------+----------------+----------------+----------------+
| time           | p_l2           | ux_l2          | uy_l2          |
+----------------+----------------+----------------+----------------+
:                :                :                :                :
|   5.900000e-03 |   7.047309e-07 |   1.217890e-08 |   1.250581e-08 |
|   6.000000e-03 |   7.172318e-07 |   1.238543e-08 |   1.271825e-08 |
|   6.100000e-03 |   7.297333e-07 |   1.259196e-08 |   1.293069e-08 |
|   6.200000e-03 |   7.422353e-07 |   1.279850e-08 |   1.314313e-08 |
|   6.300000e-03 |   7.547378e-07 |   1.300503e-08 |   1.335557e-08 |
|   6.400000e-03 |   7.672409e-07 |   1.321156e-08 |   1.356801e-08 |
|   6.500000e-03 |   7.797443e-07 |   1.341810e-08 |   1.378045e-08 |
|   6.600000e-03 |   7.922482e-07 |   1.362463e-08 |   1.399289e-08 |
|   6.700000e-03 |   8.047525e-07 |   1.383117e-08 |   1.420533e-08 |
|   6.800000e-03 |   8.172571e-07 |   1.403770e-08 |   1.441777e-08 |
|   6.900000e-03 |   8.297621e-07 |   1.424423e-08 |   1.463021e-08 |
|   7.000000e-03 |   8.422674e-07 |   1.445077e-08 |   1.484265e-08 |
|   7.100000e-03 |   8.547730e-07 |   1.465730e-08 |   1.505509e-08 |
|   7.200000e-03 |   8.672790e-07 |   1.486384e-08 |   1.526753e-08 |
|   7.300000e-03 |   8.797852e-07 |   1.507037e-08 |   1.547997e-08 |
+----------------+----------------+----------------+----------------+


Time Step 74, time = 0.0074, dt = 0.0001
 * Nonlinear |R| = [32m1.615302e-03[39m (Before preset BCs, predictors, correctors, and constraints)
 0 Nonlinear |R| = [32m1.616299e-03[39m
      0 Linear |R| = [32m1.616299e-03[39m
      1 Linear |R| = [32m1.274881e-18[39m
 1 Nonlinear |R| = [32m1.769964e-14[39m
[32m Solve Converged![39m

Outlier Variable Residual Norms:
  p: [31m1.760274e-14[39m

Postprocessor Values:
+----------------+----------------+----------------+----------------+
| time           | p_l2           | ux_l2          | uy_l2          |
+----------------+----------------+----------------+----------------+
:                :                :                :                :
|   6.000000e-03 |   7.172318e-07 |   1.238543e-08 |   1.271825e-08 |
|   6.100000e-03 |   7.297333e-07 |   1.259196e-08 |   1.293069e-08 |
|   6.200000e-03 |   7.422353e-07 |   1.279850e-08 |   1.314313e-08 |
|   6.300000e-03 |   7.547378e-07 |   1.300503e-08 |   1.335557e-08 |
|   6.400000e-03 |   7.672409e-07 |   1.321156e-08 |   1.356801e-08 |
|   6.500000e-03 |   7.797443e-07 |   1.341810e-08 |   1.378045e-08 |
|   6.600000e-03 |   7.922482e-07 |   1.362463e-08 |   1.399289e-08 |
|   6.700000e-03 |   8.047525e-07 |   1.383117e-08 |   1.420533e-08 |
|   6.800000e-03 |   8.172571e-07 |   1.403770e-08 |   1.441777e-08 |
|   6.900000e-03 |   8.297621e-07 |   1.424423e-08 |   1.463021e-08 |
|   7.000000e-03 |   8.422674e-07 |   1.445077e-08 |   1.484265e-08 |
|   7.100000e-03 |   8.547730e-07 |   1.465730e-08 |   1.505509e-08 |
|   7.200000e-03 |   8.672790e-07 |   1.486384e-08 |   1.526753e-08 |
|   7.300000e-03 |   8.797852e-07 |   1.507037e-08 |   1.547997e-08 |
|   7.400000e-03 |   8.922917e-07 |   1.527691e-08 |   1.569241e-08 |
+----------------+----------------+----------------+----------------+


Time Step 75, time = 0.0075, dt = 0.0001
 * Nonlinear |R| = [32m1.615301e-03[39m (Before preset BCs, predictors, correctors, and constraints)
 0 Nonlinear |R| = [32m1.616298e-03[39m
      0 Linear |R| = [32m1.616298e-03[39m
      1 Linear |R| = [32m1.156574e-18[39m
 1 Nonlinear |R| = [32m1.842346e-14[39m
[32m Solve Converged![39m

Outlier Variable Residual Norms:
  p: [31m1.831572e-14[39m

Postprocessor Values:
+----------------+----------------+----------------+----------------+
| time           | p_l2           | ux_l2          | uy_l2          |
+----------------+----------------+----------------+----------------+
:                :                :                :                :
|   6.100000e-03 |   7.297333e-07 |   1.259196e-08 |   1.293069e-08 |
|   6.200000e-03 |   7.422353e-07 |   1.279850e-08 |   1.314313e-08 |
|   6.300000e-03 |   7.547378e-07 |   1.300503e-08 |   1.335557e-08 |
|   6.400000e-03 |   7.672409e-07 |   1.321156e-08 |   1.356801e-08 |
|   6.500000e-03 |   7.797443e-07 |   1.341810e-08 |   1.378045e-08 |
|   6.600000e-03 |   7.922482e-07 |   1.362463e-08 |   1.399289e-08 |
|   6.700000e-03 |   8.047525e-07 |   1.383117e-08 |   1.420533e-08 |
|   6.800000e-03 |   8.172571e-07 |   1.403770e-08 |   1.441777e-08 |
|   6.900000e-03 |   8.297621e-07 |   1.424423e-08 |   1.463021e-08 |
|   7.000000e-03 |   8.422674e-07 |   1.445077e-08 |   1.484265e-08 |
|   7.100000e-03 |   8.547730e-07 |   1.465730e-08 |   1.505509e-08 |
|   7.200000e-03 |   8.672790e-07 |   1.486384e-08 |   1.526753e-08 |
|   7.300000e-03 |   8.797852e-07 |   1.507037e-08 |   1.547997e-08 |
|   7.400000e-03 |   8.922917e-07 |   1.527691e-08 |   1.569241e-08 |
|   7.500000e-03 |   9.047984e-07 |   1.548344e-08 |   1.590485e-08 |
+----------------+----------------+----------------+----------------+


Time Step 76, time = 0.0076, dt = 0.0001
 * Nonlinear |R| = [32m1.615300e-03[39m (Before preset BCs, predictors, correctors, and constraints)
 0 Nonlinear |R| = [32m1.616296e-03[39m
      0 Linear |R| = [32m1.616296e-03[39m
      1 Linear |R| = [32m7.717784e-19[39m
 1 Nonlinear |R| = [32m1.824622e-14[39m
[32m Solve Converged![39m

Outlier Variable Residual Norms:
  p: [31m1.814389e-14[39m

Postprocessor Values:
+----------------+----------------+----------------+----------------+
| time           | p_l2           | ux_l2          | uy_l2          |
+----------------+----------------+----------------+----------------+
:                :                :                :                :
|   6.200000e-03 |   7.422353e-07 |   1.279850e-08 |   1.314313e-08 |
|   6.300000e-03 |   7.547378e-07 |   1.300503e-08 |   1.335557e-08 |
|   6.400000e-03 |   7.672409e-07 |   1.321156e-08 |   1.356801e-08 |
|   6.500000e-03 |   7.797443e-07 |   1.341810e-08 |   1.378045e-08 |
|   6.600000e-03 |   7.922482e-07 |   1.362463e-08 |   1.399289e-08 |
|   6.700000e-03 |   8.047525e-07 |   1.383117e-08 |   1.420533e-08 |
|   6.800000e-03 |   8.172571e-07 |   1.403770e-08 |   1.441777e-08 |
|   6.900000e-03 |   8.297621e-07 |   1.424423e-08 |   1.463021e-08 |
|   7.000000e-03 |   8.422674e-07 |   1.445077e-08 |   1.484265e-08 |
|   7.100000e-03 |   8.547730e-07 |   1.465730e-08 |   1.505509e-08 |
|   7.200000e-03 |   8.672790e-07 |   1.486384e-08 |   1.526753e-08 |
|   7.300000e-03 |   8.797852e-07 |   1.507037e-08 |   1.547997e-08 |
|   7.400000e-03 |   8.922917e-07 |   1.527691e-08 |   1.569241e-08 |
|   7.500000e-03 |   9.047984e-07 |   1.548344e-08 |   1.590485e-08 |
|   7.600000e-03 |   9.173054e-07 |   1.568998e-08 |   1.611730e-08 |
+----------------+----------------+----------------+----------------+


Time Step 77, time = 0.0077, dt = 0.0001
 * Nonlinear |R| = [32m1.615299e-03[39m (Before preset BCs, predictors, correctors, and constraints)
 0 Nonlinear |R| = [32m1.616295e-03[39m
      0 Linear |R| = [32m1.616295e-03[39m
      1 Linear |R| = [32m1.008174e-18[39m
 1 Nonlinear |R| = [32m1.869066e-14[39m
[32m Solve Converged![39m

Outlier Variable Residual Norms:
  p: [31m1.860033e-14[39m

Postprocessor Values:
+----------------+----------------+----------------+----------------+
| time           | p_l2           | ux_l2          | uy_l2          |
+----------------+----------------+----------------+----------------+
:                :                :                :                :
|   6.300000e-03 |   7.547378e-07 |   1.300503e-08 |   1.335557e-08 |
|   6.400000e-03 |   7.672409e-07 |   1.321156e-08 |   1.356801e-08 |
|   6.500000e-03 |   7.797443e-07 |   1.341810e-08 |   1.378045e-08 |
|   6.600000e-03 |   7.922482e-07 |   1.362463e-08 |   1.399289e-08 |
|   6.700000e-03 |   8.047525e-07 |   1.383117e-08 |   1.420533e-08 |
|   6.800000e-03 |   8.172571e-07 |   1.403770e-08 |   1.441777e-08 |
|   6.900000e-03 |   8.297621e-07 |   1.424423e-08 |   1.463021e-08 |
|   7.000000e-03 |   8.422674e-07 |   1.445077e-08 |   1.484265e-08 |
|   7.100000e-03 |   8.547730e-07 |   1.465730e-08 |   1.505509e-08 |
|   7.200000e-03 |   8.672790e-07 |   1.486384e-08 |   1.526753e-08 |
|   7.300000e-03 |   8.797852e-07 |   1.507037e-08 |   1.547997e-08 |
|   7.400000e-03 |   8.922917e-07 |   1.527691e-08 |   1.569241e-08 |
|   7.500000e-03 |   9.047984e-07 |   1.548344e-08 |   1.590485e-08 |
|   7.600000e-03 |   9.173054e-07 |   1.568998e-08 |   1.611730e-08 |
|   7.700000e-03 |   9.298126e-07 |   1.589651e-08 |   1.632974e-08 |
+----------------+----------------+----------------+----------------+


Time Step 78, time = 0.0078, dt = 0.0001
 * Nonlinear |R| = [32m1.615297e-03[39m (Before preset BCs, predictors, correctors, and constraints)
 0 Nonlinear |R| = [32m1.616294e-03[39m
      0 Linear |R| = [32m1.616294e-03[39m
      1 Linear |R| = [32m8.752042e-19[39m
 1 Nonlinear |R| = [32m2.046386e-14[39m
[32m Solve Converged![39m

Outlier Variable Residual Norms:
  p: [31m2.036903e-14[39m

Postprocessor Values:
+----------------+----------------+----------------+----------------+
| time           | p_l2           | ux_l2          | uy_l2          |
+----------------+----------------+----------------+----------------+
:                :                :                :                :
|   6.400000e-03 |   7.672409e-07 |   1.321156e-08 |   1.356801e-08 |
|   6.500000e-03 |   7.797443e-07 |   1.341810e-08 |   1.378045e-08 |
|   6.600000e-03 |   7.922482e-07 |   1.362463e-08 |   1.399289e-08 |
|   6.700000e-03 |   8.047525e-07 |   1.383117e-08 |   1.420533e-08 |
|   6.800000e-03 |   8.172571e-07 |   1.403770e-08 |   1.441777e-08 |
|   6.900000e-03 |   8.297621e-07 |   1.424423e-08 |   1.463021e-08 |
|   7.000000e-03 |   8.422674e-07 |   1.445077e-08 |   1.484265e-08 |
|   7.100000e-03 |   8.547730e-07 |   1.465730e-08 |   1.505509e-08 |
|   7.200000e-03 |   8.672790e-07 |   1.486384e-08 |   1.526753e-08 |
|   7.300000e-03 |   8.797852e-07 |   1.507037e-08 |   1.547997e-08 |
|   7.400000e-03 |   8.922917e-07 |   1.527691e-08 |   1.569241e-08 |
|   7.500000e-03 |   9.047984e-07 |   1.548344e-08 |   1.590485e-08 |
|   7.600000e-03 |   9.173054e-07 |   1.568998e-08 |   1.611730e-08 |
|   7.700000e-03 |   9.298126e-07 |   1.589651e-08 |   1.632974e-08 |
|   7.800000e-03 |   9.423201e-07 |   1.610304e-08 |   1.654218e-08 |
+----------------+----------------+----------------+----------------+


Time Step 79, time = 0.0079, dt = 0.0001
 * Nonlinear |R| = [32m1.615296e-03[39m (Before preset BCs, predictors, correctors, and constraints)
 0 Nonlinear |R| = [32m1.616293e-03[39m
      0 Linear |R| = [32m1.616293e-03[39m
      1 Linear |R| = [32m7.802885e-19[39m
 1 Nonlinear |R| = [32m2.008360e-14[39m
[32m Solve Converged![39m

Outlier Variable Residual Norms:
  p: [31m1.999016e-14[39m

Postprocessor Values:
+----------------+----------------+----------------+----------------+
| time           | p_l2           | ux_l2          | uy_l2          |
+----------------+----------------+----------------+----------------+
:                :                :                :                :
|   6.500000e-03 |   7.797443e-07 |   1.341810e-08 |   1.378045e-08 |
|   6.600000e-03 |   7.922482e-07 |   1.362463e-08 |   1.399289e-08 |
|   6.700000e-03 |   8.047525e-07 |   1.383117e-08 |   1.420533e-08 |
|   6.800000e-03 |   8.172571e-07 |   1.403770e-08 |   1.441777e-08 |
|   6.900000e-03 |   8.297621e-07 |   1.424423e-08 |   1.463021e-08 |
|   7.000000e-03 |   8.422674e-07 |   1.445077e-08 |   1.484265e-08 |
|   7.100000e-03 |   8.547730e-07 |   1.465730e-08 |   1.505509e-08 |
|   7.200000e-03 |   8.672790e-07 |   1.486384e-08 |   1.526753e-08 |
|   7.300000e-03 |   8.797852e-07 |   1.507037e-08 |   1.547997e-08 |
|   7.400000e-03 |   8.922917e-07 |   1.527691e-08 |   1.569241e-08 |
|   7.500000e-03 |   9.047984e-07 |   1.548344e-08 |   1.590485e-08 |
|   7.600000e-03 |   9.173054e-07 |   1.568998e-08 |   1.611730e-08 |
|   7.700000e-03 |   9.298126e-07 |   1.589651e-08 |   1.632974e-08 |
|   7.800000e-03 |   9.423201e-07 |   1.610304e-08 |   1.654218e-08 |
|   7.900000e-03 |   9.548277e-07 |   1.630958e-08 |   1.675462e-08 |
+----------------+----------------+----------------+----------------+


Time Step 80, time = 0.008, dt = 0.0001
 * Nonlinear |R| = [32m1.615295e-03[39m (Before preset BCs, predictors, correctors, and constraints)
 0 Nonlinear |R| = [32m1.616291e-03[39m
      0 Linear |R| = [32m1.616291e-03[39m
      1 Linear |R| = [32m1.062524e-18[39m
 1 Nonlinear |R| = [32m1.765735e-14[39m
[32m Solve Converged![39m

Outlier Variable Residual Norms:
  p: [31m1.756268e-14[39m

Postprocessor Values:
+----------------+----------------+----------------+----------------+
| time           | p_l2           | ux_l2          | uy_l2          |
+----------------+----------------+----------------+----------------+
:                :                :                :                :
|   6.600000e-03 |   7.922482e-07 |   1.362463e-08 |   1.399289e-08 |
|   6.700000e-03 |   8.047525e-07 |   1.383117e-08 |   1.420533e-08 |
|   6.800000e-03 |   8.172571e-07 |   1.403770e-08 |   1.441777e-08 |
|   6.900000e-03 |   8.297621e-07 |   1.424423e-08 |   1.463021e-08 |
|   7.000000e-03 |   8.422674e-07 |   1.445077e-08 |   1.484265e-08 |
|   7.100000e-03 |   8.547730e-07 |   1.465730e-08 |   1.505509e-08 |
|   7.200000e-03 |   8.672790e-07 |   1.486384e-08 |   1.526753e-08 |
|   7.300000e-03 |   8.797852e-07 |   1.507037e-08 |   1.547997e-08 |
|   7.400000e-03 |   8.922917e-07 |   1.527691e-08 |   1.569241e-08 |
|   7.500000e-03 |   9.047984e-07 |   1.548344e-08 |   1.590485e-08 |
|   7.600000e-03 |   9.173054e-07 |   1.568998e-08 |   1.611730e-08 |
|   7.700000e-03 |   9.298126e-07 |   1.589651e-08 |   1.632974e-08 |
|   7.800000e-03 |   9.423201e-07 |   1.610304e-08 |   1.654218e-08 |
|   7.900000e-03 |   9.548277e-07 |   1.630958e-08 |   1.675462e-08 |
|   8.000000e-03 |   9.673356e-07 |   1.651611e-08 |   1.696706e-08 |
+----------------+----------------+----------------+----------------+


Time Step 81, time = 0.0081, dt = 0.0001
 * Nonlinear |R| = [32m1.615293e-03[39m (Before preset BCs, predictors, correctors, and constraints)
 0 Nonlinear |R| = [32m1.616290e-03[39m
      0 Linear |R| = [32m1.616290e-03[39m
      1 Linear |R| = [32m1.128627e-18[39m
 1 Nonlinear |R| = [32m1.566598e-14[39m
[32m Solve Converged![39m

Outlier Variable Residual Norms:
  p: [31m1.557483e-14[39m

Postprocessor Values:
+----------------+----------------+----------------+----------------+
| time           | p_l2           | ux_l2          | uy_l2          |
+----------------+----------------+----------------+----------------+
:                :                :                :                :
|   6.700000e-03 |   8.047525e-07 |   1.383117e-08 |   1.420533e-08 |
|   6.800000e-03 |   8.172571e-07 |   1.403770e-08 |   1.441777e-08 |
|   6.900000e-03 |   8.297621e-07 |   1.424423e-08 |   1.463021e-08 |
|   7.000000e-03 |   8.422674e-07 |   1.445077e-08 |   1.484265e-08 |
|   7.100000e-03 |   8.547730e-07 |   1.465730e-08 |   1.505509e-08 |
|   7.200000e-03 |   8.672790e-07 |   1.486384e-08 |   1.526753e-08 |
|   7.300000e-03 |   8.797852e-07 |   1.507037e-08 |   1.547997e-08 |
|   7.400000e-03 |   8.922917e-07 |   1.527691e-08 |   1.569241e-08 |
|   7.500000e-03 |   9.047984e-07 |   1.548344e-08 |   1.590485e-08 |
|   7.600000e-03 |   9.173054e-07 |   1.568998e-08 |   1.611730e-08 |
|   7.700000e-03 |   9.298126e-07 |   1.589651e-08 |   1.632974e-08 |
|   7.800000e-03 |   9.423201e-07 |   1.610304e-08 |   1.654218e-08 |
|   7.900000e-03 |   9.548277e-07 |   1.630958e-08 |   1.675462e-08 |
|   8.000000e-03 |   9.673356e-07 |   1.651611e-08 |   1.696706e-08 |
|   8.100000e-03 |   9.798436e-07 |   1.672265e-08 |   1.717950e-08 |
+----------------+----------------+----------------+----------------+


Time Step 82, time = 0.0082, dt = 0.0001
 * Nonlinear |R| = [32m1.615292e-03[39m (Before preset BCs, predictors, correctors, and constraints)
 0 Nonlinear |R| = [32m1.616289e-03[39m
      0 Linear |R| = [32m1.616289e-03[39m
      1 Linear |R| = [32m9.271586e-19[39m
 1 Nonlinear |R| = [32m1.908519e-14[39m
[32m Solve Converged![39m

Outlier Variable Residual Norms:
  p: [31m1.898105e-14[39m

Postprocessor Values:
+----------------+----------------+----------------+----------------+
| time           | p_l2           | ux_l2          | uy_l2          |
+----------------+----------------+----------------+----------------+
:                :                :                :                :
|   6.800000e-03 |   8.172571e-07 |   1.403770e-08 |   1.441777e-08 |
|   6.900000e-03 |   8.297621e-07 |   1.424423e-08 |   1.463021e-08 |
|   7.000000e-03 |   8.422674e-07 |   1.445077e-08 |   1.484265e-08 |
|   7.100000e-03 |   8.547730e-07 |   1.465730e-08 |   1.505509e-08 |
|   7.200000e-03 |   8.672790e-07 |   1.486384e-08 |   1.526753e-08 |
|   7.300000e-03 |   8.797852e-07 |   1.507037e-08 |   1.547997e-08 |
|   7.400000e-03 |   8.922917e-07 |   1.527691e-08 |   1.569241e-08 |
|   7.500000e-03 |   9.047984e-07 |   1.548344e-08 |   1.590485e-08 |
|   7.600000e-03 |   9.173054e-07 |   1.568998e-08 |   1.611730e-08 |
|   7.700000e-03 |   9.298126e-07 |   1.589651e-08 |   1.632974e-08 |
|   7.800000e-03 |   9.423201e-07 |   1.610304e-08 |   1.654218e-08 |
|   7.900000e-03 |   9.548277e-07 |   1.630958e-08 |   1.675462e-08 |
|   8.000000e-03 |   9.673356e-07 |   1.651611e-08 |   1.696706e-08 |
|   8.100000e-03 |   9.798436e-07 |   1.672265e-08 |   1.717950e-08 |
|   8.200000e-03 |   9.923519e-07 |   1.692918e-08 |   1.739194e-08 |
+----------------+----------------+----------------+----------------+


Time Step 83, time = 0.0083, dt = 0.0001
 * Nonlinear |R| = [32m1.615291e-03[39m (Before preset BCs, predictors, correctors, and constraints)
 0 Nonlinear |R| = [32m1.616287e-03[39m
      0 Linear |R| = [32m1.616287e-03[39m
      1 Linear |R| = [32m7.864056e-19[39m
 1 Nonlinear |R| = [32m2.056234e-14[39m
[32m Solve Converged![39m

Outlier Variable Residual Norms:
  p: [31m2.047720e-14[39m

Postprocessor Values:
+----------------+----------------+----------------+----------------+
| time           | p_l2           | ux_l2          | uy_l2          |
+----------------+----------------+----------------+----------------+
:                :                :                :                :
|   6.900000e-03 |   8.297621e-07 |   1.424423e-08 |   1.463021e-08 |
|   7.000000e-03 |   8.422674e-07 |   1.445077e-08 |   1.484265e-08 |
|   7.100000e-03 |   8.547730e-07 |   1.465730e-08 |   1.505509e-08 |
|   7.200000e-03 |   8.672790e-07 |   1.486384e-08 |   1.526753e-08 |
|   7.300000e-03 |   8.797852e-07 |   1.507037e-08 |   1.547997e-08 |
|   7.400000e-03 |   8.922917e-07 |   1.527691e-08 |   1.569241e-08 |
|   7.500000e-03 |   9.047984e-07 |   1.548344e-08 |   1.590485e-08 |
|   7.600000e-03 |   9.173054e-07 |   1.568998e-08 |   1.611730e-08 |
|   7.700000e-03 |   9.298126e-07 |   1.589651e-08 |   1.632974e-08 |
|   7.800000e-03 |   9.423201e-07 |   1.610304e-08 |   1.654218e-08 |
|   7.900000e-03 |   9.548277e-07 |   1.630958e-08 |   1.675462e-08 |
|   8.000000e-03 |   9.673356e-07 |   1.651611e-08 |   1.696706e-08 |
|   8.100000e-03 |   9.798436e-07 |   1.672265e-08 |   1.717950e-08 |
|   8.200000e-03 |   9.923519e-07 |   1.692918e-08 |   1.739194e-08 |
|   8.300000e-03 |   1.004860e-06 |   1.713572e-08 |   1.760438e-08 |
+----------------+----------------+----------------+----------------+


Time Step 84, time = 0.0084, dt = 0.0001
 * Nonlinear |R| = [32m1.615290e-03[39m (Before preset BCs, predictors, correctors, and constraints)
 0 Nonlinear |R| = [32m1.616286e-03[39m
      0 Linear |R| = [32m1.616286e-03[39m
      1 Linear |R| = [32m1.263102e-18[39m
 1 Nonlinear |R| = [32m2.017551e-14[39m
[32m Solve Converged![39m

Outlier Variable Residual Norms:
  p: [31m2.009728e-14[39m

Postprocessor Values:
+----------------+----------------+----------------+----------------+
| time           | p_l2           | ux_l2          | uy_l2          |
+----------------+----------------+----------------+----------------+
:                :                :                :                :
|   7.000000e-03 |   8.422674e-07 |   1.445077e-08 |   1.484265e-08 |
|   7.100000e-03 |   8.547730e-07 |   1.465730e-08 |   1.505509e-08 |
|   7.200000e-03 |   8.672790e-07 |   1.486384e-08 |   1.526753e-08 |
|   7.300000e-03 |   8.797852e-07 |   1.507037e-08 |   1.547997e-08 |
|   7.400000e-03 |   8.922917e-07 |   1.527691e-08 |   1.569241e-08 |
|   7.500000e-03 |   9.047984e-07 |   1.548344e-08 |   1.590485e-08 |
|   7.600000e-03 |   9.173054e-07 |   1.568998e-08 |   1.611730e-08 |
|   7.700000e-03 |   9.298126e-07 |   1.589651e-08 |   1.632974e-08 |
|   7.800000e-03 |   9.423201e-07 |   1.610304e-08 |   1.654218e-08 |
|   7.900000e-03 |   9.548277e-07 |   1.630958e-08 |   1.675462e-08 |
|   8.000000e-03 |   9.673356e-07 |   1.651611e-08 |   1.696706e-08 |
|   8.100000e-03 |   9.798436e-07 |   1.672265e-08 |   1.717950e-08 |
|   8.200000e-03 |   9.923519e-07 |   1.692918e-08 |   1.739194e-08 |
|   8.300000e-03 |   1.004860e-06 |   1.713572e-08 |   1.760438e-08 |
|   8.400000e-03 |   1.017369e-06 |   1.734225e-08 |   1.781682e-08 |
+----------------+----------------+----------------+----------------+


Time Step 85, time = 0.0085, dt = 0.0001
 * Nonlinear |R| = [32m1.615288e-03[39m (Before preset BCs, predictors, correctors, and constraints)
 0 Nonlinear |R| = [32m1.616285e-03[39m
      0 Linear |R| = [32m1.616285e-03[39m
      1 Linear |R| = [32m8.845616e-19[39m
 1 Nonlinear |R| = [32m1.889855e-14[39m
[32m Solve Converged![39m

Outlier Variable Residual Norms:
  p: [31m1.880741e-14[39m

Postprocessor Values:
+----------------+----------------+----------------+----------------+
| time           | p_l2           | ux_l2          | uy_l2          |
+----------------+----------------+----------------+----------------+
:                :                :                :                :
|   7.100000e-03 |   8.547730e-07 |   1.465730e-08 |   1.505509e-08 |
|   7.200000e-03 |   8.672790e-07 |   1.486384e-08 |   1.526753e-08 |
|   7.300000e-03 |   8.797852e-07 |   1.507037e-08 |   1.547997e-08 |
|   7.400000e-03 |   8.922917e-07 |   1.527691e-08 |   1.569241e-08 |
|   7.500000e-03 |   9.047984e-07 |   1.548344e-08 |   1.590485e-08 |
|   7.600000e-03 |   9.173054e-07 |   1.568998e-08 |   1.611730e-08 |
|   7.700000e-03 |   9.298126e-07 |   1.589651e-08 |   1.632974e-08 |
|   7.800000e-03 |   9.423201e-07 |   1.610304e-08 |   1.654218e-08 |
|   7.900000e-03 |   9.548277e-07 |   1.630958e-08 |   1.675462e-08 |
|   8.000000e-03 |   9.673356e-07 |   1.651611e-08 |   1.696706e-08 |
|   8.100000e-03 |   9.798436e-07 |   1.672265e-08 |   1.717950e-08 |
|   8.200000e-03 |   9.923519e-07 |   1.692918e-08 |   1.739194e-08 |
|   8.300000e-03 |   1.004860e-06 |   1.713572e-08 |   1.760438e-08 |
|   8.400000e-03 |   1.017369e-06 |   1.734225e-08 |   1.781682e-08 |
|   8.500000e-03 |   1.029878e-06 |   1.754879e-08 |   1.802926e-08 |
+----------------+----------------+----------------+----------------+


Time Step 86, time = 0.0086, dt = 0.0001
 * Nonlinear |R| = [32m1.615287e-03[39m (Before preset BCs, predictors, correctors, and constraints)
 0 Nonlinear |R| = [32m1.616283e-03[39m
      0 Linear |R| = [32m1.616283e-03[39m
      1 Linear |R| = [32m8.557399e-19[39m
 1 Nonlinear |R| = [32m1.911902e-14[39m
[32m Solve Converged![39m

Outlier Variable Residual Norms:
  p: [31m1.904170e-14[39m

Postprocessor Values:
+----------------+----------------+----------------+----------------+
| time           | p_l2           | ux_l2          | uy_l2          |
+----------------+----------------+----------------+----------------+
:                :                :                :                :
|   7.200000e-03 |   8.672790e-07 |   1.486384e-08 |   1.526753e-08 |
|   7.300000e-03 |   8.797852e-07 |   1.507037e-08 |   1.547997e-08 |
|   7.400000e-03 |   8.922917e-07 |   1.527691e-08 |   1.569241e-08 |
|   7.500000e-03 |   9.047984e-07 |   1.548344e-08 |   1.590485e-08 |
|   7.600000e-03 |   9.173054e-07 |   1.568998e-08 |   1.611730e-08 |
|   7.700000e-03 |   9.298126e-07 |   1.589651e-08 |   1.632974e-08 |
|   7.800000e-03 |   9.423201e-07 |   1.610304e-08 |   1.654218e-08 |
|   7.900000e-03 |   9.548277e-07 |   1.630958e-08 |   1.675462e-08 |
|   8.000000e-03 |   9.673356e-07 |   1.651611e-08 |   1.696706e-08 |
|   8.100000e-03 |   9.798436e-07 |   1.672265e-08 |   1.717950e-08 |
|   8.200000e-03 |   9.923519e-07 |   1.692918e-08 |   1.739194e-08 |
|   8.300000e-03 |   1.004860e-06 |   1.713572e-08 |   1.760438e-08 |
|   8.400000e-03 |   1.017369e-06 |   1.734225e-08 |   1.781682e-08 |
|   8.500000e-03 |   1.029878e-06 |   1.754879e-08 |   1.802926e-08 |
|   8.600000e-03 |   1.042386e-06 |   1.775532e-08 |   1.824170e-08 |
+----------------+----------------+----------------+----------------+


Time Step 87, time = 0.0087, dt = 0.0001
 * Nonlinear |R| = [32m1.615285e-03[39m (Before preset BCs, predictors, correctors, and constraints)
 0 Nonlinear |R| = [32m1.616282e-03[39m
      0 Linear |R| = [32m1.616282e-03[39m
      1 Linear |R| = [32m8.350102e-19[39m
 1 Nonlinear |R| = [32m1.655089e-14[39m
[32m Solve Converged![39m

Outlier Variable Residual Norms:
  p: [31m1.645293e-14[39m

Postprocessor Values:
+----------------+----------------+----------------+----------------+
| time           | p_l2           | ux_l2          | uy_l2          |
+----------------+----------------+----------------+----------------+
:                :                :                :                :
|   7.300000e-03 |   8.797852e-07 |   1.507037e-08 |   1.547997e-08 |
|   7.400000e-03 |   8.922917e-07 |   1.527691e-08 |   1.569241e-08 |
|   7.500000e-03 |   9.047984e-07 |   1.548344e-08 |   1.590485e-08 |
|   7.600000e-03 |   9.173054e-07 |   1.568998e-08 |   1.611730e-08 |
|   7.700000e-03 |   9.298126e-07 |   1.589651e-08 |   1.632974e-08 |
|   7.800000e-03 |   9.423201e-07 |   1.610304e-08 |   1.654218e-08 |
|   7.900000e-03 |   9.548277e-07 |   1.630958e-08 |   1.675462e-08 |
|   8.000000e-03 |   9.673356e-07 |   1.651611e-08 |   1.696706e-08 |
|   8.100000e-03 |   9.798436e-07 |   1.672265e-08 |   1.717950e-08 |
|   8.200000e-03 |   9.923519e-07 |   1.692918e-08 |   1.739194e-08 |
|   8.300000e-03 |   1.004860e-06 |   1.713572e-08 |   1.760438e-08 |
|   8.400000e-03 |   1.017369e-06 |   1.734225e-08 |   1.781682e-08 |
|   8.500000e-03 |   1.029878e-06 |   1.754879e-08 |   1.802926e-08 |
|   8.600000e-03 |   1.042386e-06 |   1.775532e-08 |   1.824170e-08 |
|   8.700000e-03 |   1.054896e-06 |   1.796185e-08 |   1.845415e-08 |
+----------------+----------------+----------------+----------------+


Time Step 88, time = 0.0088, dt = 0.0001
 * Nonlinear |R| = [32m1.615284e-03[39m (Before preset BCs, predictors, correctors, and constraints)
 0 Nonlinear |R| = [32m1.616280e-03[39m
      0 Linear |R| = [32m1.616280e-03[39m
      1 Linear |R| = [32m1.094060e-18[39m
 1 Nonlinear |R| = [32m1.939375e-14[39m
[32m Solve Converged![39m

Outlier Variable Residual Norms:
  p: [31m1.930221e-14[39m

Postprocessor Values:
+----------------+----------------+----------------+----------------+
| time           | p_l2           | ux_l2          | uy_l2          |
+----------------+----------------+----------------+----------------+
:                :                :                :                :
|   7.400000e-03 |   8.922917e-07 |   1.527691e-08 |   1.569241e-08 |
|   7.500000e-03 |   9.047984e-07 |   1.548344e-08 |   1.590485e-08 |
|   7.600000e-03 |   9.173054e-07 |   1.568998e-08 |   1.611730e-08 |
|   7.700000e-03 |   9.298126e-07 |   1.589651e-08 |   1.632974e-08 |
|   7.800000e-03 |   9.423201e-07 |   1.610304e-08 |   1.654218e-08 |
|   7.900000e-03 |   9.548277e-07 |   1.630958e-08 |   1.675462e-08 |
|   8.000000e-03 |   9.673356e-07 |   1.651611e-08 |   1.696706e-08 |
|   8.100000e-03 |   9.798436e-07 |   1.672265e-08 |   1.717950e-08 |
|   8.200000e-03 |   9.923519e-07 |   1.692918e-08 |   1.739194e-08 |
|   8.300000e-03 |   1.004860e-06 |   1.713572e-08 |   1.760438e-08 |
|   8.400000e-03 |   1.017369e-06 |   1.734225e-08 |   1.781682e-08 |
|   8.500000e-03 |   1.029878e-06 |   1.754879e-08 |   1.802926e-08 |
|   8.600000e-03 |   1.042386e-06 |   1.775532e-08 |   1.824170e-08 |
|   8.700000e-03 |   1.054896e-06 |   1.796185e-08 |   1.845415e-08 |
|   8.800000e-03 |   1.067405e-06 |   1.816839e-08 |   1.866659e-08 |
+----------------+----------------+----------------+----------------+


Time Step 89, time = 0.0089, dt = 0.0001
 * Nonlinear |R| = [32m1.615283e-03[39m (Before preset BCs, predictors, correctors, and constraints)
 0 Nonlinear |R| = [32m1.616279e-03[39m
      0 Linear |R| = [32m1.616279e-03[39m
      1 Linear |R| = [32m1.343342e-18[39m
 1 Nonlinear |R| = [32m1.885237e-14[39m
[32m Solve Converged![39m

Outlier Variable Residual Norms:
  p: [31m1.877728e-14[39m

Postprocessor Values:
+----------------+----------------+----------------+----------------+
| time           | p_l2           | ux_l2          | uy_l2          |
+----------------+----------------+----------------+----------------+
:                :                :                :                :
|   7.500000e-03 |   9.047984e-07 |   1.548344e-08 |   1.590485e-08 |
|   7.600000e-03 |   9.173054e-07 |   1.568998e-08 |   1.611730e-08 |
|   7.700000e-03 |   9.298126e-07 |   1.589651e-08 |   1.632974e-08 |
|   7.800000e-03 |   9.423201e-07 |   1.610304e-08 |   1.654218e-08 |
|   7.900000e-03 |   9.548277e-07 |   1.630958e-08 |   1.675462e-08 |
|   8.000000e-03 |   9.673356e-07 |   1.651611e-08 |   1.696706e-08 |
|   8.100000e-03 |   9.798436e-07 |   1.672265e-08 |   1.717950e-08 |
|   8.200000e-03 |   9.923519e-07 |   1.692918e-08 |   1.739194e-08 |
|   8.300000e-03 |   1.004860e-06 |   1.713572e-08 |   1.760438e-08 |
|   8.400000e-03 |   1.017369e-06 |   1.734225e-08 |   1.781682e-08 |
|   8.500000e-03 |   1.029878e-06 |   1.754879e-08 |   1.802926e-08 |
|   8.600000e-03 |   1.042386e-06 |   1.775532e-08 |   1.824170e-08 |
|   8.700000e-03 |   1.054896e-06 |   1.796185e-08 |   1.845415e-08 |
|   8.800000e-03 |   1.067405e-06 |   1.816839e-08 |   1.866659e-08 |
|   8.900000e-03 |   1.079914e-06 |   1.837492e-08 |   1.887903e-08 |
+----------------+----------------+----------------+----------------+


Time Step 90, time = 0.009, dt = 0.0001
 * Nonlinear |R| = [32m1.615281e-03[39m (Before preset BCs, predictors, correctors, and constraints)
 0 Nonlinear |R| = [32m1.616278e-03[39m
      0 Linear |R| = [32m1.616278e-03[39m
      1 Linear |R| = [32m1.171387e-18[39m
 1 Nonlinear |R| = [32m1.830212e-14[39m
[32m Solve Converged![39m

Outlier Variable Residual Norms:
  p: [31m1.820133e-14[39m

Postprocessor Values:
+----------------+----------------+----------------+----------------+
| time           | p_l2           | ux_l2          | uy_l2          |
+----------------+----------------+----------------+----------------+
:                :                :                :                :
|   7.600000e-03 |   9.173054e-07 |   1.568998e-08 |   1.611730e-08 |
|   7.700000e-03 |   9.298126e-07 |   1.589651e-08 |   1.632974e-08 |
|   7.800000e-03 |   9.423201e-07 |   1.610304e-08 |   1.654218e-08 |
|   7.900000e-03 |   9.548277e-07 |   1.630958e-08 |   1.675462e-08 |
|   8.000000e-03 |   9.673356e-07 |   1.651611e-08 |   1.696706e-08 |
|   8.100000e-03 |   9.798436e-07 |   1.672265e-08 |   1.717950e-08 |
|   8.200000e-03 |   9.923519e-07 |   1.692918e-08 |   1.739194e-08 |
|   8.300000e-03 |   1.004860e-06 |   1.713572e-08 |   1.760438e-08 |
|   8.400000e-03 |   1.017369e-06 |   1.734225e-08 |   1.781682e-08 |
|   8.500000e-03 |   1.029878e-06 |   1.754879e-08 |   1.802926e-08 |
|   8.600000e-03 |   1.042386e-06 |   1.775532e-08 |   1.824170e-08 |
|   8.700000e-03 |   1.054896e-06 |   1.796185e-08 |   1.845415e-08 |
|   8.800000e-03 |   1.067405e-06 |   1.816839e-08 |   1.866659e-08 |
|   8.900000e-03 |   1.079914e-06 |   1.837492e-08 |   1.887903e-08 |
|   9.000000e-03 |   1.092424e-06 |   1.858146e-08 |   1.909147e-08 |
+----------------+----------------+----------------+----------------+


Time Step 91, time = 0.0091, dt = 0.0001
 * Nonlinear |R| = [32m1.615280e-03[39m (Before preset BCs, predictors, correctors, and constraints)
 0 Nonlinear |R| = [32m1.616276e-03[39m
      0 Linear |R| = [32m1.616276e-03[39m
      1 Linear |R| = [32m1.186415e-18[39m
 1 Nonlinear |R| = [32m1.914777e-14[39m
[32m Solve Converged![39m

Outlier Variable Residual Norms:
  p: [31m1.906266e-14[39m

Postprocessor Values:
+----------------+----------------+----------------+----------------+
| time           | p_l2           | ux_l2          | uy_l2          |
+----------------+----------------+----------------+----------------+
:                :                :                :                :
|   7.700000e-03 |   9.298126e-07 |   1.589651e-08 |   1.632974e-08 |
|   7.800000e-03 |   9.423201e-07 |   1.610304e-08 |   1.654218e-08 |
|   7.900000e-03 |   9.548277e-07 |   1.630958e-08 |   1.675462e-08 |
|   8.000000e-03 |   9.673356e-07 |   1.651611e-08 |   1.696706e-08 |
|   8.100000e-03 |   9.798436e-07 |   1.672265e-08 |   1.717950e-08 |
|   8.200000e-03 |   9.923519e-07 |   1.692918e-08 |   1.739194e-08 |
|   8.300000e-03 |   1.004860e-06 |   1.713572e-08 |   1.760438e-08 |
|   8.400000e-03 |   1.017369e-06 |   1.734225e-08 |   1.781682e-08 |
|   8.500000e-03 |   1.029878e-06 |   1.754879e-08 |   1.802926e-08 |
|   8.600000e-03 |   1.042386e-06 |   1.775532e-08 |   1.824170e-08 |
|   8.700000e-03 |   1.054896e-06 |   1.796185e-08 |   1.845415e-08 |
|   8.800000e-03 |   1.067405e-06 |   1.816839e-08 |   1.866659e-08 |
|   8.900000e-03 |   1.079914e-06 |   1.837492e-08 |   1.887903e-08 |
|   9.000000e-03 |   1.092424e-06 |   1.858146e-08 |   1.909147e-08 |
|   9.100000e-03 |   1.104933e-06 |   1.878799e-08 |   1.930391e-08 |
+----------------+----------------+----------------+----------------+


Time Step 92, time = 0.0092, dt = 0.0001
 * Nonlinear |R| = [32m1.615278e-03[39m (Before preset BCs, predictors, correctors, and constraints)
 0 Nonlinear |R| = [32m1.616275e-03[39m
      0 Linear |R| = [32m1.616275e-03[39m
      1 Linear |R| = [32m1.236902e-18[39m
 1 Nonlinear |R| = [32m2.198637e-14[39m
[32m Solve Converged![39m

Outlier Variable Residual Norms:
  p: [31m2.192637e-14[39m

Postprocessor Values:
+----------------+----------------+----------------+----------------+
| time           | p_l2           | ux_l2          | uy_l2          |
+----------------+----------------+----------------+----------------+
:                :                :                :                :
|   7.800000e-03 |   9.423201e-07 |   1.610304e-08 |   1.654218e-08 |
|   7.900000e-03 |   9.548277e-07 |   1.630958e-08 |   1.675462e-08 |
|   8.000000e-03 |   9.673356e-07 |   1.651611e-08 |   1.696706e-08 |
|   8.100000e-03 |   9.798436e-07 |   1.672265e-08 |   1.717950e-08 |
|   8.200000e-03 |   9.923519e-07 |   1.692918e-08 |   1.739194e-08 |
|   8.300000e-03 |   1.004860e-06 |   1.713572e-08 |   1.760438e-08 |
|   8.400000e-03 |   1.017369e-06 |   1.734225e-08 |   1.781682e-08 |
|   8.500000e-03 |   1.029878e-06 |   1.754879e-08 |   1.802926e-08 |
|   8.600000e-03 |   1.042386e-06 |   1.775532e-08 |   1.824170e-08 |
|   8.700000e-03 |   1.054896e-06 |   1.796185e-08 |   1.845415e-08 |
|   8.800000e-03 |   1.067405e-06 |   1.816839e-08 |   1.866659e-08 |
|   8.900000e-03 |   1.079914e-06 |   1.837492e-08 |   1.887903e-08 |
|   9.000000e-03 |   1.092424e-06 |   1.858146e-08 |   1.909147e-08 |
|   9.100000e-03 |   1.104933e-06 |   1.878799e-08 |   1.930391e-08 |
|   9.200000e-03 |   1.117443e-06 |   1.899452e-08 |   1.951635e-08 |
+----------------+----------------+----------------+----------------+


Time Step 93, time = 0.0093, dt = 0.0001
 * Nonlinear |R| = [32m1.615277e-03[39m (Before preset BCs, predictors, correctors, and constraints)
 0 Nonlinear |R| = [32m1.616273e-03[39m
      0 Linear |R| = [32m1.616273e-03[39m
      1 Linear |R| = [32m8.518353e-19[39m
 1 Nonlinear |R| = [32m2.105694e-14[39m
[32m Solve Converged![39m

Outlier Variable Residual Norms:
  p: [31m2.097724e-14[39m

Postprocessor Values:
+----------------+----------------+----------------+----------------+
| time           | p_l2           | ux_l2          | uy_l2          |
+----------------+----------------+----------------+----------------+
:                :                :                :                :
|   7.900000e-03 |   9.548277e-07 |   1.630958e-08 |   1.675462e-08 |
|   8.000000e-03 |   9.673356e-07 |   1.651611e-08 |   1.696706e-08 |
|   8.100000e-03 |   9.798436e-07 |   1.672265e-08 |   1.717950e-08 |
|   8.200000e-03 |   9.923519e-07 |   1.692918e-08 |   1.739194e-08 |
|   8.300000e-03 |   1.004860e-06 |   1.713572e-08 |   1.760438e-08 |
|   8.400000e-03 |   1.017369e-06 |   1.734225e-08 |   1.781682e-08 |
|   8.500000e-03 |   1.029878e-06 |   1.754879e-08 |   1.802926e-08 |
|   8.600000e-03 |   1.042386e-06 |   1.775532e-08 |   1.824170e-08 |
|   8.700000e-03 |   1.054896e-06 |   1.796185e-08 |   1.845415e-08 |
|   8.800000e-03 |   1.067405e-06 |   1.816839e-08 |   1.866659e-08 |
|   8.900000e-03 |   1.079914e-06 |   1.837492e-08 |   1.887903e-08 |
|   9.000000e-03 |   1.092424e-06 |   1.858146e-08 |   1.909147e-08 |
|   9.100000e-03 |   1.104933e-06 |   1.878799e-08 |   1.930391e-08 |
|   9.200000e-03 |   1.117443e-06 |   1.899452e-08 |   1.951635e-08 |
|   9.300000e-03 |   1.129953e-06 |   1.920106e-08 |   1.972879e-08 |
+----------------+----------------+----------------+----------------+


Time Step 94, time = 0.0094, dt = 0.0001
 * Nonlinear |R| = [32m1.615275e-03[39m (Before preset BCs, predictors, correctors, and constraints)
 0 Nonlinear |R| = [32m1.616272e-03[39m
      0 Linear |R| = [32m1.616272e-03[39m
      1 Linear |R| = [32m1.287339e-18[39m
 1 Nonlinear |R| = [32m2.106221e-14[39m
[32m Solve Converged![39m

Outlier Variable Residual Norms:
  p: [31m2.098248e-14[39m

Postprocessor Values:
+----------------+----------------+----------------+----------------+
| time           | p_l2           | ux_l2          | uy_l2          |
+----------------+----------------+----------------+----------------+
:                :                :                :                :
|   8.000000e-03 |   9.673356e-07 |   1.651611e-08 |   1.696706e-08 |
|   8.100000e-03 |   9.798436e-07 |   1.672265e-08 |   1.717950e-08 |
|   8.200000e-03 |   9.923519e-07 |   1.692918e-08 |   1.739194e-08 |
|   8.300000e-03 |   1.004860e-06 |   1.713572e-08 |   1.760438e-08 |
|   8.400000e-03 |   1.017369e-06 |   1.734225e-08 |   1.781682e-08 |
|   8.500000e-03 |   1.029878e-06 |   1.754879e-08 |   1.802926e-08 |
|   8.600000e-03 |   1.042386e-06 |   1.775532e-08 |   1.824170e-08 |
|   8.700000e-03 |   1.054896e-06 |   1.796185e-08 |   1.845415e-08 |
|   8.800000e-03 |   1.067405e-06 |   1.816839e-08 |   1.866659e-08 |
|   8.900000e-03 |   1.079914e-06 |   1.837492e-08 |   1.887903e-08 |
|   9.000000e-03 |   1.092424e-06 |   1.858146e-08 |   1.909147e-08 |
|   9.100000e-03 |   1.104933e-06 |   1.878799e-08 |   1.930391e-08 |
|   9.200000e-03 |   1.117443e-06 |   1.899452e-08 |   1.951635e-08 |
|   9.300000e-03 |   1.129953e-06 |   1.920106e-08 |   1.972879e-08 |
|   9.400000e-03 |   1.142463e-06 |   1.940759e-08 |   1.994123e-08 |
+----------------+----------------+----------------+----------------+


Time Step 95, time = 0.0095, dt = 0.0001
 * Nonlinear |R| = [32m1.615274e-03[39m (Before preset BCs, predictors, correctors, and constraints)
 0 Nonlinear |R| = [32m1.616270e-03[39m
      0 Linear |R| = [32m1.616270e-03[39m
      1 Linear |R| = [32m1.005760e-18[39m
 1 Nonlinear |R| = [32m1.572210e-14[39m
[32m Solve Converged![39m

Outlier Variable Residual Norms:
  p: [31m1.558734e-14[39m

Postprocessor Values:
+----------------+----------------+----------------+----------------+
| time           | p_l2           | ux_l2          | uy_l2          |
+----------------+----------------+----------------+----------------+
:                :                :                :                :
|   8.100000e-03 |   9.798436e-07 |   1.672265e-08 |   1.717950e-08 |
|   8.200000e-03 |   9.923519e-07 |   1.692918e-08 |   1.739194e-08 |
|   8.300000e-03 |   1.004860e-06 |   1.713572e-08 |   1.760438e-08 |
|   8.400000e-03 |   1.017369e-06 |   1.734225e-08 |   1.781682e-08 |
|   8.500000e-03 |   1.029878e-06 |   1.754879e-08 |   1.802926e-08 |
|   8.600000e-03 |   1.042386e-06 |   1.775532e-08 |   1.824170e-08 |
|   8.700000e-03 |   1.054896e-06 |   1.796185e-08 |   1.845415e-08 |
|   8.800000e-03 |   1.067405e-06 |   1.816839e-08 |   1.866659e-08 |
|   8.900000e-03 |   1.079914e-06 |   1.837492e-08 |   1.887903e-08 |
|   9.000000e-03 |   1.092424e-06 |   1.858146e-08 |   1.909147e-08 |
|   9.100000e-03 |   1.104933e-06 |   1.878799e-08 |   1.930391e-08 |
|   9.200000e-03 |   1.117443e-06 |   1.899452e-08 |   1.951635e-08 |
|   9.300000e-03 |   1.129953e-06 |   1.920106e-08 |   1.972879e-08 |
|   9.400000e-03 |   1.142463e-06 |   1.940759e-08 |   1.994123e-08 |
|   9.500000e-03 |   1.154973e-06 |   1.961413e-08 |   2.015367e-08 |
+----------------+----------------+----------------+----------------+


Time Step 96, time = 0.0096, dt = 0.0001
 * Nonlinear |R| = [32m1.615272e-03[39m (Before preset BCs, predictors, correctors, and constraints)
 0 Nonlinear |R| = [32m1.616269e-03[39m
      0 Linear |R| = [32m1.616269e-03[39m
      1 Linear |R| = [32m9.059113e-19[39m
 1 Nonlinear |R| = [32m2.158069e-14[39m
[32m Solve Converged![39m

Outlier Variable Residual Norms:
  p: [31m2.149507e-14[39m

Postprocessor Values:
+----------------+----------------+----------------+----------------+
| time           | p_l2           | ux_l2          | uy_l2          |
+----------------+----------------+----------------+----------------+
:                :                :                :                :
|   8.200000e-03 |   9.923519e-07 |   1.692918e-08 |   1.739194e-08 |
|   8.300000e-03 |   1.004860e-06 |   1.713572e-08 |   1.760438e-08 |
|   8.400000e-03 |   1.017369e-06 |   1.734225e-08 |   1.781682e-08 |
|   8.500000e-03 |   1.029878e-06 |   1.754879e-08 |   1.802926e-08 |
|   8.600000e-03 |   1.042386e-06 |   1.775532e-08 |   1.824170e-08 |
|   8.700000e-03 |   1.054896e-06 |   1.796185e-08 |   1.845415e-08 |
|   8.800000e-03 |   1.067405e-06 |   1.816839e-08 |   1.866659e-08 |
|   8.900000e-03 |   1.079914e-06 |   1.837492e-08 |   1.887903e-08 |
|   9.000000e-03 |   1.092424e-06 |   1.858146e-08 |   1.909147e-08 |
|   9.100000e-03 |   1.104933e-06 |   1.878799e-08 |   1.930391e-08 |
|   9.200000e-03 |   1.117443e-06 |   1.899452e-08 |   1.951635e-08 |
|   9.300000e-03 |   1.129953e-06 |   1.920106e-08 |   1.972879e-08 |
|   9.400000e-03 |   1.142463e-06 |   1.940759e-08 |   1.994123e-08 |
|   9.500000e-03 |   1.154973e-06 |   1.961413e-08 |   2.015367e-08 |
|   9.600000e-03 |   1.167483e-06 |   1.982066e-08 |   2.036611e-08 |
+----------------+----------------+----------------+----------------+


Time Step 97, time = 0.0097, dt = 0.0001
 * Nonlinear |R| = [32m1.615271e-03[39m (Before preset BCs, predictors, correctors, and constraints)
 0 Nonlinear |R| = [32m1.616267e-03[39m
      0 Linear |R| = [32m1.616267e-03[39m
      1 Linear |R| = [32m1.136772e-18[39m
 1 Nonlinear |R| = [32m1.722430e-14[39m
[32m Solve Converged![39m

Outlier Variable Residual Norms:
  p: [31m1.712875e-14[39m

Postprocessor Values:
+----------------+----------------+----------------+----------------+
| time           | p_l2           | ux_l2          | uy_l2          |
+----------------+----------------+----------------+----------------+
:                :                :                :                :
|   8.300000e-03 |   1.004860e-06 |   1.713572e-08 |   1.760438e-08 |
|   8.400000e-03 |   1.017369e-06 |   1.734225e-08 |   1.781682e-08 |
|   8.500000e-03 |   1.029878e-06 |   1.754879e-08 |   1.802926e-08 |
|   8.600000e-03 |   1.042386e-06 |   1.775532e-08 |   1.824170e-08 |
|   8.700000e-03 |   1.054896e-06 |   1.796185e-08 |   1.845415e-08 |
|   8.800000e-03 |   1.067405e-06 |   1.816839e-08 |   1.866659e-08 |
|   8.900000e-03 |   1.079914e-06 |   1.837492e-08 |   1.887903e-08 |
|   9.000000e-03 |   1.092424e-06 |   1.858146e-08 |   1.909147e-08 |
|   9.100000e-03 |   1.104933e-06 |   1.878799e-08 |   1.930391e-08 |
|   9.200000e-03 |   1.117443e-06 |   1.899452e-08 |   1.951635e-08 |
|   9.300000e-03 |   1.129953e-06 |   1.920106e-08 |   1.972879e-08 |
|   9.400000e-03 |   1.142463e-06 |   1.940759e-08 |   1.994123e-08 |
|   9.500000e-03 |   1.154973e-06 |   1.961413e-08 |   2.015367e-08 |
|   9.600000e-03 |   1.167483e-06 |   1.982066e-08 |   2.036611e-08 |
|   9.700000e-03 |   1.179993e-06 |   2.002719e-08 |   2.057855e-08 |
+----------------+----------------+----------------+----------------+


Time Step 98, time = 0.0098, dt = 0.0001
 * Nonlinear |R| = [32m1.615269e-03[39m (Before preset BCs, predictors, correctors, and constraints)
 0 Nonlinear |R| = [32m1.616266e-03[39m
      0 Linear |R| = [32m1.616266e-03[39m
      1 Linear |R| = [32m1.003265e-18[39m
 1 Nonlinear |R| = [32m2.293424e-14[39m
[32m Solve Converged![39m

Outlier Variable Residual Norms:
  p: [31m2.286554e-14[39m

Postprocessor Values:
+----------------+----------------+----------------+----------------+
| time           | p_l2           | ux_l2          | uy_l2          |
+----------------+----------------+----------------+----------------+
:                :                :                :                :
|   8.400000e-03 |   1.017369e-06 |   1.734225e-08 |   1.781682e-08 |
|   8.500000e-03 |   1.029878e-06 |   1.754879e-08 |   1.802926e-08 |
|   8.600000e-03 |   1.042386e-06 |   1.775532e-08 |   1.824170e-08 |
|   8.700000e-03 |   1.054896e-06 |   1.796185e-08 |   1.845415e-08 |
|   8.800000e-03 |   1.067405e-06 |   1.816839e-08 |   1.866659e-08 |
|   8.900000e-03 |   1.079914e-06 |   1.837492e-08 |   1.887903e-08 |
|   9.000000e-03 |   1.092424e-06 |   1.858146e-08 |   1.909147e-08 |
|   9.100000e-03 |   1.104933e-06 |   1.878799e-08 |   1.930391e-08 |
|   9.200000e-03 |   1.117443e-06 |   1.899452e-08 |   1.951635e-08 |
|   9.300000e-03 |   1.129953e-06 |   1.920106e-08 |   1.972879e-08 |
|   9.400000e-03 |   1.142463e-06 |   1.940759e-08 |   1.994123e-08 |
|   9.500000e-03 |   1.154973e-06 |   1.961413e-08 |   2.015367e-08 |
|   9.600000e-03 |   1.167483e-06 |   1.982066e-08 |   2.036611e-08 |
|   9.700000e-03 |   1.179993e-06 |   2.002719e-08 |   2.057855e-08 |
|   9.800000e-03 |   1.192503e-06 |   2.023373e-08 |   2.079099e-08 |
+----------------+----------------+----------------+----------------+


Time Step 99, time = 0.0099, dt = 0.0001
 * Nonlinear |R| = [32m1.615267e-03[39m (Before preset BCs, predictors, correctors, and constraints)
 0 Nonlinear |R| = [32m1.616264e-03[39m
      0 Linear |R| = [32m1.616264e-03[39m
      1 Linear |R| = [32m1.138540e-18[39m
 1 Nonlinear |R| = [32m2.022425e-14[39m
[32m Solve Converged![39m

Outlier Variable Residual Norms:
  p: [31m2.013301e-14[39m

Postprocessor Values:
+----------------+----------------+----------------+----------------+
| time           | p_l2           | ux_l2          | uy_l2          |
+----------------+----------------+----------------+----------------+
:                :                :                :                :
|   8.500000e-03 |   1.029878e-06 |   1.754879e-08 |   1.802926e-08 |
|   8.600000e-03 |   1.042386e-06 |   1.775532e-08 |   1.824170e-08 |
|   8.700000e-03 |   1.054896e-06 |   1.796185e-08 |   1.845415e-08 |
|   8.800000e-03 |   1.067405e-06 |   1.816839e-08 |   1.866659e-08 |
|   8.900000e-03 |   1.079914e-06 |   1.837492e-08 |   1.887903e-08 |
|   9.000000e-03 |   1.092424e-06 |   1.858146e-08 |   1.909147e-08 |
|   9.100000e-03 |   1.104933e-06 |   1.878799e-08 |   1.930391e-08 |
|   9.200000e-03 |   1.117443e-06 |   1.899452e-08 |   1.951635e-08 |
|   9.300000e-03 |   1.129953e-06 |   1.920106e-08 |   1.972879e-08 |
|   9.400000e-03 |   1.142463e-06 |   1.940759e-08 |   1.994123e-08 |
|   9.500000e-03 |   1.154973e-06 |   1.961413e-08 |   2.015367e-08 |
|   9.600000e-03 |   1.167483e-06 |   1.982066e-08 |   2.036611e-08 |
|   9.700000e-03 |   1.179993e-06 |   2.002719e-08 |   2.057855e-08 |
|   9.800000e-03 |   1.192503e-06 |   2.023373e-08 |   2.079099e-08 |
|   9.900000e-03 |   1.205014e-06 |   2.044026e-08 |   2.100343e-08 |
+----------------+----------------+----------------+----------------+


Time Step 100, time = 0.01, dt = 0.0001
 * Nonlinear |R| = [32m1.615266e-03[39m (Before preset BCs, predictors, correctors, and constraints)
 0 Nonlinear |R| = [32m1.616262e-03[39m
      0 Linear |R| = [32m1.616262e-03[39m
      1 Linear |R| = [32m1.247373e-18[39m
 1 Nonlinear |R| = [32m1.613559e-14[39m
[32m Solve Converged![39m

Outlier Variable Residual Norms:
  p: [31m1.603044e-14[39m

Postprocessor Values:
+----------------+----------------+----------------+----------------+
| time           | p_l2           | ux_l2          | uy_l2          |
+----------------+----------------+----------------+----------------+
:                :                :                :                :
|   8.600000e-03 |   1.042386e-06 |   1.775532e-08 |   1.824170e-08 |
|   8.700000e-03 |   1.054896e-06 |   1.796185e-08 |   1.845415e-08 |
|   8.800000e-03 |   1.067405e-06 |   1.816839e-08 |   1.866659e-08 |
|   8.900000e-03 |   1.079914e-06 |   1.837492e-08 |   1.887903e-08 |
|   9.000000e-03 |   1.092424e-06 |   1.858146e-08 |   1.909147e-08 |
|   9.100000e-03 |   1.104933e-06 |   1.878799e-08 |   1.930391e-08 |
|   9.200000e-03 |   1.117443e-06 |   1.899452e-08 |   1.951635e-08 |
|   9.300000e-03 |   1.129953e-06 |   1.920106e-08 |   1.972879e-08 |
|   9.400000e-03 |   1.142463e-06 |   1.940759e-08 |   1.994123e-08 |
|   9.500000e-03 |   1.154973e-06 |   1.961413e-08 |   2.015367e-08 |
|   9.600000e-03 |   1.167483e-06 |   1.982066e-08 |   2.036611e-08 |
|   9.700000e-03 |   1.179993e-06 |   2.002719e-08 |   2.057855e-08 |
|   9.800000e-03 |   1.192503e-06 |   2.023373e-08 |   2.079099e-08 |
|   9.900000e-03 |   1.205014e-06 |   2.044026e-08 |   2.100343e-08 |
|   1.000000e-02 |   1.217524e-06 |   2.064679e-08 |   2.121587e-08 |
+----------------+----------------+----------------+----------------+

Finished Executing                                                                       [[33m  8.49 s[39m] [[33m  150 MB[39m]
