
[36m
*** Info ***
'execute_on' parameter specified in [Outputs] block is ignored for object 'checkpoint'.
Define this object in its own sub-block of [Outputs] to modify its execution schedule.[39m
Framework Information:
MOOSE Version:           git commit abafb58b on 2026-02-20
LibMesh Version:         
PETSc Version:           3.24.4
SLEPc Version:           3.24.0
Current Time:            Sun Sep 20 14:28:52 2026
Executable Timestamp:    Sun Sep 20 14:26:45 2026

Input File(s):
  /home/jfoster/projects/research/reactive_transport/anisotropic-biot-tensor/.agent-runtime/moose-fe-goal-2026-09-20/implementation/runs/mms_space_4/input.i

Command Line Argument(s):
  --n-threads=1

Command Line Input Argument(s):
  Outputs/file_base=/home/jfoster/projects/research/reactive_transport/anisotropic-biot-tensor/.agent-runtime/moose-fe-goal-2026-09-20/implementation/runs/mms_space_4/solution

Checkpoint:
  Wall Time Interval:      Every 3600 s
  User Checkpoint:         Disabled
  # Checkpoints Kept:      2
  Execute On:              TIMESTEP_END 

Parallelism:
  Num Processors:          1
  Num Threads:             1

Mesh: 
  Parallel Type:           replicated
  Mesh Dimension:          2
  Spatial Dimension:       2
  Nodes:                   81
  Elems:                   16
  Num Subdomains:          1

Nonlinear System:
  Num DOFs:                187
  Num Local DOFs:          187
  Variables:               { "ux" "uy" } "p" 
  Finite Element Types:    "LAGRANGE" "LAGRANGE" 
  Approximation Orders:    "SECOND" "FIRST" 

Auxiliary System:
  Num DOFs:                250
  Num Local DOFs:          250
  Variables:               { "J" "Jbar" "solid_fraction" "stability" "energy" "B12" "sigma11" "sigma22" 
                             "sigma12" } "mass_reaction" "force_reaction" 
  Finite Element Types:    "MONOMIAL" "LAGRANGE" "LAGRANGE" 
  Approximation Orders:    "CONSTANT" "FIRST" "SECOND" 

Execution Information:
  Executioner:             Transient
  TimeStepper:             ConstantDT
  TimeIntegrator(s):       ImplicitEuler
  Solver Mode:             NEWTON 
  PETSc Preconditioner:    lu 
  MOOSE Preconditioner:    SMP 
[31mLEGACY MODES ENABLED:[39m
 This application uses the legacy material output option: material properties are output only on TIMESTEP_END, not INITIAL. To remove this message, set 'use_legacy_material_output' to false in this application. If there are gold output files that contain material property output for which output occurs on INITIAL, then these will generate diffs due to zero values being stored, and these tests should be re-golded.
[39m
[31mLEGACY MODES ENABLED:[39m
 This application uses the legacy initial residual evaluation behavior. The legacy behavior performs an often times redundant residual evaluation before the solution modifying objects are executed prior to the initial (0th nonlinear iteration) residual evaluation. The new behavior skips that redundant residual evaluation unless the parameter Executioner/use_pre_smo_residual is set to true. To remove this message and enable the new behavior, set the parameter 'use_legacy_initial_residual_evaluation_behavior' to false in *App.C. Some tests that rely on the side effects of the legacy behavior may fail/diff and should be re-golded.
[39m

Time Step 0, time = 0

Postprocessor Values:
+----------------+----------------+----------------+----------------+
| time           | p_l2           | ux_l2          | uy_l2          |
+----------------+----------------+----------------+----------------+
|   0.000000e+00 |   0.000000e+00 |   0.000000e+00 |   0.000000e+00 |
+----------------+----------------+----------------+----------------+

Warning, Exodus files cannot have titles longer than 80 characters.  Your title will be truncated.

Time Step 1, time = 0.0001, dt = 0.0001
 * Nonlinear |R| = [32m2.246803e-03[39m (Before preset BCs, predictors, correctors, and constraints)
 0 Nonlinear |R| = [32m2.239928e-03[39m
      0 Linear |R| = [32m2.239928e-03[39m
      1 Linear |R| = [32m6.435541e-19[39m
 1 Nonlinear |R| = [32m2.121075e-14[39m
[32m Solve Converged![39m

Outlier Variable Residual Norms:
  p: [31m2.116620e-14[39m

Postprocessor Values:
+----------------+----------------+----------------+----------------+
| time           | p_l2           | ux_l2          | uy_l2          |
+----------------+----------------+----------------+----------------+
|   0.000000e+00 |   0.000000e+00 |   0.000000e+00 |   0.000000e+00 |
|   1.000000e-04 |   4.056312e-08 |   1.647812e-09 |   1.684371e-09 |
+----------------+----------------+----------------+----------------+


Time Step 2, time = 0.0002, dt = 0.0001
 * Nonlinear |R| = [32m2.246516e-03[39m (Before preset BCs, predictors, correctors, and constraints)
 0 Nonlinear |R| = [32m2.239643e-03[39m
      0 Linear |R| = [32m2.239643e-03[39m
      1 Linear |R| = [32m1.111419e-18[39m
 1 Nonlinear |R| = [32m3.142544e-14[39m
[32m Solve Converged![39m

Outlier Variable Residual Norms:
  p: [31m3.138045e-14[39m

Postprocessor Values:
+----------------+----------------+----------------+----------------+
| time           | p_l2           | ux_l2          | uy_l2          |
+----------------+----------------+----------------+----------------+
|   0.000000e+00 |   0.000000e+00 |   0.000000e+00 |   0.000000e+00 |
|   1.000000e-04 |   4.056312e-08 |   1.647812e-09 |   1.684371e-09 |
|   2.000000e-04 |   8.178892e-08 |   3.294728e-09 |   3.370371e-09 |
+----------------+----------------+----------------+----------------+


Time Step 3, time = 0.0003, dt = 0.0001
 * Nonlinear |R| = [32m2.246274e-03[39m (Before preset BCs, predictors, correctors, and constraints)
 0 Nonlinear |R| = [32m2.239402e-03[39m
      0 Linear |R| = [32m2.239402e-03[39m
      1 Linear |R| = [32m8.487272e-19[39m
 1 Nonlinear |R| = [32m3.292107e-14[39m
[32m Solve Converged![39m

Outlier Variable Residual Norms:
  p: [31m3.287777e-14[39m

Postprocessor Values:
+----------------+----------------+----------------+----------------+
| time           | p_l2           | ux_l2          | uy_l2          |
+----------------+----------------+----------------+----------------+
|   0.000000e+00 |   0.000000e+00 |   0.000000e+00 |   0.000000e+00 |
|   1.000000e-04 |   4.056312e-08 |   1.647812e-09 |   1.684371e-09 |
|   2.000000e-04 |   8.178892e-08 |   3.294728e-09 |   3.370371e-09 |
|   3.000000e-04 |   1.237387e-07 |   4.940898e-09 |   5.057782e-09 |
+----------------+----------------+----------------+----------------+


Time Step 4, time = 0.0004, dt = 0.0001
 * Nonlinear |R| = [32m2.246069e-03[39m (Before preset BCs, predictors, correctors, and constraints)
 0 Nonlinear |R| = [32m2.239199e-03[39m
      0 Linear |R| = [32m2.239199e-03[39m
      1 Linear |R| = [32m3.728524e-19[39m
 1 Nonlinear |R| = [32m3.737004e-14[39m
[32m Solve Converged![39m

Outlier Variable Residual Norms:
  p: [31m3.731503e-14[39m

Postprocessor Values:
+----------------+----------------+----------------+----------------+
| time           | p_l2           | ux_l2          | uy_l2          |
+----------------+----------------+----------------+----------------+
|   0.000000e+00 |   0.000000e+00 |   0.000000e+00 |   0.000000e+00 |
|   1.000000e-04 |   4.056312e-08 |   1.647812e-09 |   1.684371e-09 |
|   2.000000e-04 |   8.178892e-08 |   3.294728e-09 |   3.370371e-09 |
|   3.000000e-04 |   1.237387e-07 |   4.940898e-09 |   5.057782e-09 |
|   4.000000e-04 |   1.664225e-07 |   6.586441e-09 |   6.746412e-09 |
+----------------+----------------+----------------+----------------+


Time Step 5, time = 0.0005, dt = 0.0001
 * Nonlinear |R| = [32m2.245897e-03[39m (Before preset BCs, predictors, correctors, and constraints)
 0 Nonlinear |R| = [32m2.239028e-03[39m
      0 Linear |R| = [32m2.239028e-03[39m
      1 Linear |R| = [32m7.195469e-19[39m
 1 Nonlinear |R| = [32m4.720892e-14[39m
[32m Solve Converged![39m

Outlier Variable Residual Norms:
  p: [31m4.716594e-14[39m

Postprocessor Values:
+----------------+----------------+----------------+----------------+
| time           | p_l2           | ux_l2          | uy_l2          |
+----------------+----------------+----------------+----------------+
|   0.000000e+00 |   0.000000e+00 |   0.000000e+00 |   0.000000e+00 |
|   1.000000e-04 |   4.056312e-08 |   1.647812e-09 |   1.684371e-09 |
|   2.000000e-04 |   8.178892e-08 |   3.294728e-09 |   3.370371e-09 |
|   3.000000e-04 |   1.237387e-07 |   4.940898e-09 |   5.057782e-09 |
|   4.000000e-04 |   1.664225e-07 |   6.586441e-09 |   6.746412e-09 |
|   5.000000e-04 |   2.098179e-07 |   8.231456e-09 |   8.436093e-09 |
+----------------+----------------+----------------+----------------+


Time Step 6, time = 0.0006, dt = 0.0001
 * Nonlinear |R| = [32m2.245752e-03[39m (Before preset BCs, predictors, correctors, and constraints)
 0 Nonlinear |R| = [32m2.238883e-03[39m
      0 Linear |R| = [32m2.238883e-03[39m
      1 Linear |R| = [32m7.618809e-19[39m
 1 Nonlinear |R| = [32m2.491369e-14[39m
[32m Solve Converged![39m

Outlier Variable Residual Norms:
  p: [31m2.483724e-14[39m

Postprocessor Values:
+----------------+----------------+----------------+----------------+
| time           | p_l2           | ux_l2          | uy_l2          |
+----------------+----------------+----------------+----------------+
|   0.000000e+00 |   0.000000e+00 |   0.000000e+00 |   0.000000e+00 |
|   1.000000e-04 |   4.056312e-08 |   1.647812e-09 |   1.684371e-09 |
|   2.000000e-04 |   8.178892e-08 |   3.294728e-09 |   3.370371e-09 |
|   3.000000e-04 |   1.237387e-07 |   4.940898e-09 |   5.057782e-09 |
|   4.000000e-04 |   1.664225e-07 |   6.586441e-09 |   6.746412e-09 |
|   5.000000e-04 |   2.098179e-07 |   8.231456e-09 |   8.436093e-09 |
|   6.000000e-04 |   2.538831e-07 |   9.876025e-09 |   1.012668e-08 |
+----------------+----------------+----------------+----------------+


Time Step 7, time = 0.0007, dt = 0.0001
 * Nonlinear |R| = [32m2.245630e-03[39m (Before preset BCs, predictors, correctors, and constraints)
 0 Nonlinear |R| = [32m2.238762e-03[39m
      0 Linear |R| = [32m2.238762e-03[39m
      1 Linear |R| = [32m1.050142e-18[39m
 1 Nonlinear |R| = [32m2.965984e-14[39m
[32m Solve Converged![39m

Outlier Variable Residual Norms:
  p: [31m2.958516e-14[39m

Postprocessor Values:
+----------------+----------------+----------------+----------------+
| time           | p_l2           | ux_l2          | uy_l2          |
+----------------+----------------+----------------+----------------+
|   0.000000e+00 |   0.000000e+00 |   0.000000e+00 |   0.000000e+00 |
|   1.000000e-04 |   4.056312e-08 |   1.647812e-09 |   1.684371e-09 |
|   2.000000e-04 |   8.178892e-08 |   3.294728e-09 |   3.370371e-09 |
|   3.000000e-04 |   1.237387e-07 |   4.940898e-09 |   5.057782e-09 |
|   4.000000e-04 |   1.664225e-07 |   6.586441e-09 |   6.746412e-09 |
|   5.000000e-04 |   2.098179e-07 |   8.231456e-09 |   8.436093e-09 |
|   6.000000e-04 |   2.538831e-07 |   9.876025e-09 |   1.012668e-08 |
|   7.000000e-04 |   2.985662e-07 |   1.152022e-08 |   1.181804e-08 |
+----------------+----------------+----------------+----------------+


Time Step 8, time = 0.0008, dt = 0.0001
 * Nonlinear |R| = [32m2.245527e-03[39m (Before preset BCs, predictors, correctors, and constraints)
 0 Nonlinear |R| = [32m2.238660e-03[39m
      0 Linear |R| = [32m2.238660e-03[39m
      1 Linear |R| = [32m8.088289e-19[39m
 1 Nonlinear |R| = [32m4.359767e-14[39m
[32m Solve Converged![39m

Outlier Variable Residual Norms:
  p: [31m4.356028e-14[39m

Postprocessor Values:
+----------------+----------------+----------------+----------------+
| time           | p_l2           | ux_l2          | uy_l2          |
+----------------+----------------+----------------+----------------+
|   0.000000e+00 |   0.000000e+00 |   0.000000e+00 |   0.000000e+00 |
|   1.000000e-04 |   4.056312e-08 |   1.647812e-09 |   1.684371e-09 |
|   2.000000e-04 |   8.178892e-08 |   3.294728e-09 |   3.370371e-09 |
|   3.000000e-04 |   1.237387e-07 |   4.940898e-09 |   5.057782e-09 |
|   4.000000e-04 |   1.664225e-07 |   6.586441e-09 |   6.746412e-09 |
|   5.000000e-04 |   2.098179e-07 |   8.231456e-09 |   8.436093e-09 |
|   6.000000e-04 |   2.538831e-07 |   9.876025e-09 |   1.012668e-08 |
|   7.000000e-04 |   2.985662e-07 |   1.152022e-08 |   1.181804e-08 |
|   8.000000e-04 |   3.438109e-07 |   1.316409e-08 |   1.351008e-08 |
+----------------+----------------+----------------+----------------+


Time Step 9, time = 0.0009, dt = 0.0001
 * Nonlinear |R| = [32m2.245440e-03[39m (Before preset BCs, predictors, correctors, and constraints)
 0 Nonlinear |R| = [32m2.238574e-03[39m
      0 Linear |R| = [32m2.238574e-03[39m
      1 Linear |R| = [32m4.461673e-19[39m
 1 Nonlinear |R| = [32m4.757697e-14[39m
[32m Solve Converged![39m

Outlier Variable Residual Norms:
  p: [31m4.752782e-14[39m

Postprocessor Values:
+----------------+----------------+----------------+----------------+
| time           | p_l2           | ux_l2          | uy_l2          |
+----------------+----------------+----------------+----------------+
|   0.000000e+00 |   0.000000e+00 |   0.000000e+00 |   0.000000e+00 |
|   1.000000e-04 |   4.056312e-08 |   1.647812e-09 |   1.684371e-09 |
|   2.000000e-04 |   8.178892e-08 |   3.294728e-09 |   3.370371e-09 |
|   3.000000e-04 |   1.237387e-07 |   4.940898e-09 |   5.057782e-09 |
|   4.000000e-04 |   1.664225e-07 |   6.586441e-09 |   6.746412e-09 |
|   5.000000e-04 |   2.098179e-07 |   8.231456e-09 |   8.436093e-09 |
|   6.000000e-04 |   2.538831e-07 |   9.876025e-09 |   1.012668e-08 |
|   7.000000e-04 |   2.985662e-07 |   1.152022e-08 |   1.181804e-08 |
|   8.000000e-04 |   3.438109e-07 |   1.316409e-08 |   1.351008e-08 |
|   9.000000e-04 |   3.895604e-07 |   1.480768e-08 |   1.520269e-08 |
+----------------+----------------+----------------+----------------+


Time Step 10, time = 0.001, dt = 0.0001
 * Nonlinear |R| = [32m2.245367e-03[39m (Before preset BCs, predictors, correctors, and constraints)
 0 Nonlinear |R| = [32m2.238501e-03[39m
      0 Linear |R| = [32m2.238501e-03[39m
      1 Linear |R| = [32m7.361339e-19[39m
 1 Nonlinear |R| = [32m4.890943e-14[39m
[32m Solve Converged![39m

Outlier Variable Residual Norms:
  p: [31m4.887550e-14[39m

Postprocessor Values:
+----------------+----------------+----------------+----------------+
| time           | p_l2           | ux_l2          | uy_l2          |
+----------------+----------------+----------------+----------------+
|   0.000000e+00 |   0.000000e+00 |   0.000000e+00 |   0.000000e+00 |
|   1.000000e-04 |   4.056312e-08 |   1.647812e-09 |   1.684371e-09 |
|   2.000000e-04 |   8.178892e-08 |   3.294728e-09 |   3.370371e-09 |
|   3.000000e-04 |   1.237387e-07 |   4.940898e-09 |   5.057782e-09 |
|   4.000000e-04 |   1.664225e-07 |   6.586441e-09 |   6.746412e-09 |
|   5.000000e-04 |   2.098179e-07 |   8.231456e-09 |   8.436093e-09 |
|   6.000000e-04 |   2.538831e-07 |   9.876025e-09 |   1.012668e-08 |
|   7.000000e-04 |   2.985662e-07 |   1.152022e-08 |   1.181804e-08 |
|   8.000000e-04 |   3.438109e-07 |   1.316409e-08 |   1.351008e-08 |
|   9.000000e-04 |   3.895604e-07 |   1.480768e-08 |   1.520269e-08 |
|   1.000000e-03 |   4.357602e-07 |   1.645105e-08 |   1.689579e-08 |
+----------------+----------------+----------------+----------------+


Time Step 11, time = 0.0011, dt = 0.0001
 * Nonlinear |R| = [32m2.245306e-03[39m (Before preset BCs, predictors, correctors, and constraints)
 0 Nonlinear |R| = [32m2.238440e-03[39m
      0 Linear |R| = [32m2.238440e-03[39m
      1 Linear |R| = [32m8.469822e-19[39m
 1 Nonlinear |R| = [32m3.456345e-14[39m
[32m Solve Converged![39m

Outlier Variable Residual Norms:
  p: [31m3.450405e-14[39m

Postprocessor Values:
+----------------+----------------+----------------+----------------+
| time           | p_l2           | ux_l2          | uy_l2          |
+----------------+----------------+----------------+----------------+
|   0.000000e+00 |   0.000000e+00 |   0.000000e+00 |   0.000000e+00 |
|   1.000000e-04 |   4.056312e-08 |   1.647812e-09 |   1.684371e-09 |
|   2.000000e-04 |   8.178892e-08 |   3.294728e-09 |   3.370371e-09 |
|   3.000000e-04 |   1.237387e-07 |   4.940898e-09 |   5.057782e-09 |
|   4.000000e-04 |   1.664225e-07 |   6.586441e-09 |   6.746412e-09 |
|   5.000000e-04 |   2.098179e-07 |   8.231456e-09 |   8.436093e-09 |
|   6.000000e-04 |   2.538831e-07 |   9.876025e-09 |   1.012668e-08 |
|   7.000000e-04 |   2.985662e-07 |   1.152022e-08 |   1.181804e-08 |
|   8.000000e-04 |   3.438109e-07 |   1.316409e-08 |   1.351008e-08 |
|   9.000000e-04 |   3.895604e-07 |   1.480768e-08 |   1.520269e-08 |
|   1.000000e-03 |   4.357602e-07 |   1.645105e-08 |   1.689579e-08 |
|   1.100000e-03 |   4.823587e-07 |   1.809421e-08 |   1.858931e-08 |
+----------------+----------------+----------------+----------------+


Time Step 12, time = 0.0012, dt = 0.0001
 * Nonlinear |R| = [32m2.245255e-03[39m (Before preset BCs, predictors, correctors, and constraints)
 0 Nonlinear |R| = [32m2.238389e-03[39m
      0 Linear |R| = [32m2.238389e-03[39m
      1 Linear |R| = [32m9.310374e-19[39m
 1 Nonlinear |R| = [32m5.876947e-14[39m
[32m Solve Converged![39m

Outlier Variable Residual Norms:
  p: [31m5.873814e-14[39m

Postprocessor Values:
+----------------+----------------+----------------+----------------+
| time           | p_l2           | ux_l2          | uy_l2          |
+----------------+----------------+----------------+----------------+
|   0.000000e+00 |   0.000000e+00 |   0.000000e+00 |   0.000000e+00 |
|   1.000000e-04 |   4.056312e-08 |   1.647812e-09 |   1.684371e-09 |
|   2.000000e-04 |   8.178892e-08 |   3.294728e-09 |   3.370371e-09 |
|   3.000000e-04 |   1.237387e-07 |   4.940898e-09 |   5.057782e-09 |
|   4.000000e-04 |   1.664225e-07 |   6.586441e-09 |   6.746412e-09 |
|   5.000000e-04 |   2.098179e-07 |   8.231456e-09 |   8.436093e-09 |
|   6.000000e-04 |   2.538831e-07 |   9.876025e-09 |   1.012668e-08 |
|   7.000000e-04 |   2.985662e-07 |   1.152022e-08 |   1.181804e-08 |
|   8.000000e-04 |   3.438109e-07 |   1.316409e-08 |   1.351008e-08 |
|   9.000000e-04 |   3.895604e-07 |   1.480768e-08 |   1.520269e-08 |
|   1.000000e-03 |   4.357602e-07 |   1.645105e-08 |   1.689579e-08 |
|   1.100000e-03 |   4.823587e-07 |   1.809421e-08 |   1.858931e-08 |
|   1.200000e-03 |   5.293088e-07 |   1.973719e-08 |   2.028320e-08 |
+----------------+----------------+----------------+----------------+


Time Step 13, time = 0.0013, dt = 0.0001
 * Nonlinear |R| = [32m2.245212e-03[39m (Before preset BCs, predictors, correctors, and constraints)
 0 Nonlinear |R| = [32m2.238347e-03[39m
      0 Linear |R| = [32m2.238347e-03[39m
      1 Linear |R| = [32m7.421699e-19[39m
 1 Nonlinear |R| = [32m4.842079e-14[39m
[32m Solve Converged![39m

Outlier Variable Residual Norms:
  p: [31m4.837754e-14[39m

Postprocessor Values:
+----------------+----------------+----------------+----------------+
| time           | p_l2           | ux_l2          | uy_l2          |
+----------------+----------------+----------------+----------------+
|   0.000000e+00 |   0.000000e+00 |   0.000000e+00 |   0.000000e+00 |
|   1.000000e-04 |   4.056312e-08 |   1.647812e-09 |   1.684371e-09 |
|   2.000000e-04 |   8.178892e-08 |   3.294728e-09 |   3.370371e-09 |
|   3.000000e-04 |   1.237387e-07 |   4.940898e-09 |   5.057782e-09 |
|   4.000000e-04 |   1.664225e-07 |   6.586441e-09 |   6.746412e-09 |
|   5.000000e-04 |   2.098179e-07 |   8.231456e-09 |   8.436093e-09 |
|   6.000000e-04 |   2.538831e-07 |   9.876025e-09 |   1.012668e-08 |
|   7.000000e-04 |   2.985662e-07 |   1.152022e-08 |   1.181804e-08 |
|   8.000000e-04 |   3.438109e-07 |   1.316409e-08 |   1.351008e-08 |
|   9.000000e-04 |   3.895604e-07 |   1.480768e-08 |   1.520269e-08 |
|   1.000000e-03 |   4.357602e-07 |   1.645105e-08 |   1.689579e-08 |
|   1.100000e-03 |   4.823587e-07 |   1.809421e-08 |   1.858931e-08 |
|   1.200000e-03 |   5.293088e-07 |   1.973719e-08 |   2.028320e-08 |
|   1.300000e-03 |   5.765677e-07 |   2.138003e-08 |   2.197740e-08 |
+----------------+----------------+----------------+----------------+


Time Step 14, time = 0.0014, dt = 0.0001
 * Nonlinear |R| = [32m2.245175e-03[39m (Before preset BCs, predictors, correctors, and constraints)
 0 Nonlinear |R| = [32m2.238311e-03[39m
      0 Linear |R| = [32m2.238311e-03[39m
      1 Linear |R| = [32m6.658468e-19[39m
 1 Nonlinear |R| = [32m4.357718e-14[39m
[32m Solve Converged![39m

Outlier Variable Residual Norms:
  p: [31m4.353940e-14[39m

Postprocessor Values:
+----------------+----------------+----------------+----------------+
| time           | p_l2           | ux_l2          | uy_l2          |
+----------------+----------------+----------------+----------------+
|   0.000000e+00 |   0.000000e+00 |   0.000000e+00 |   0.000000e+00 |
|   1.000000e-04 |   4.056312e-08 |   1.647812e-09 |   1.684371e-09 |
|   2.000000e-04 |   8.178892e-08 |   3.294728e-09 |   3.370371e-09 |
|   3.000000e-04 |   1.237387e-07 |   4.940898e-09 |   5.057782e-09 |
|   4.000000e-04 |   1.664225e-07 |   6.586441e-09 |   6.746412e-09 |
|   5.000000e-04 |   2.098179e-07 |   8.231456e-09 |   8.436093e-09 |
|   6.000000e-04 |   2.538831e-07 |   9.876025e-09 |   1.012668e-08 |
|   7.000000e-04 |   2.985662e-07 |   1.152022e-08 |   1.181804e-08 |
|   8.000000e-04 |   3.438109e-07 |   1.316409e-08 |   1.351008e-08 |
|   9.000000e-04 |   3.895604e-07 |   1.480768e-08 |   1.520269e-08 |
|   1.000000e-03 |   4.357602e-07 |   1.645105e-08 |   1.689579e-08 |
|   1.100000e-03 |   4.823587e-07 |   1.809421e-08 |   1.858931e-08 |
|   1.200000e-03 |   5.293088e-07 |   1.973719e-08 |   2.028320e-08 |
|   1.300000e-03 |   5.765677e-07 |   2.138003e-08 |   2.197740e-08 |
|   1.400000e-03 |   6.240968e-07 |   2.302274e-08 |   2.367186e-08 |
+----------------+----------------+----------------+----------------+


Time Step 15, time = 0.0015, dt = 0.0001
 * Nonlinear |R| = [32m2.245145e-03[39m (Before preset BCs, predictors, correctors, and constraints)
 0 Nonlinear |R| = [32m2.238281e-03[39m
      0 Linear |R| = [32m2.238281e-03[39m
      1 Linear |R| = [32m1.055716e-18[39m
 1 Nonlinear |R| = [32m3.703610e-14[39m
[32m Solve Converged![39m

Outlier Variable Residual Norms:
  p: [31m3.698522e-14[39m

Postprocessor Values:
+----------------+----------------+----------------+----------------+
| time           | p_l2           | ux_l2          | uy_l2          |
+----------------+----------------+----------------+----------------+
:                :                :                :                :
|   1.000000e-04 |   4.056312e-08 |   1.647812e-09 |   1.684371e-09 |
|   2.000000e-04 |   8.178892e-08 |   3.294728e-09 |   3.370371e-09 |
|   3.000000e-04 |   1.237387e-07 |   4.940898e-09 |   5.057782e-09 |
|   4.000000e-04 |   1.664225e-07 |   6.586441e-09 |   6.746412e-09 |
|   5.000000e-04 |   2.098179e-07 |   8.231456e-09 |   8.436093e-09 |
|   6.000000e-04 |   2.538831e-07 |   9.876025e-09 |   1.012668e-08 |
|   7.000000e-04 |   2.985662e-07 |   1.152022e-08 |   1.181804e-08 |
|   8.000000e-04 |   3.438109e-07 |   1.316409e-08 |   1.351008e-08 |
|   9.000000e-04 |   3.895604e-07 |   1.480768e-08 |   1.520269e-08 |
|   1.000000e-03 |   4.357602e-07 |   1.645105e-08 |   1.689579e-08 |
|   1.100000e-03 |   4.823587e-07 |   1.809421e-08 |   1.858931e-08 |
|   1.200000e-03 |   5.293088e-07 |   1.973719e-08 |   2.028320e-08 |
|   1.300000e-03 |   5.765677e-07 |   2.138003e-08 |   2.197740e-08 |
|   1.400000e-03 |   6.240968e-07 |   2.302274e-08 |   2.367186e-08 |
|   1.500000e-03 |   6.718622e-07 |   2.466534e-08 |   2.536655e-08 |
+----------------+----------------+----------------+----------------+


Time Step 16, time = 0.0016, dt = 0.0001
 * Nonlinear |R| = [32m2.245120e-03[39m (Before preset BCs, predictors, correctors, and constraints)
 0 Nonlinear |R| = [32m2.238255e-03[39m
      0 Linear |R| = [32m2.238255e-03[39m
      1 Linear |R| = [32m1.258379e-18[39m
 1 Nonlinear |R| = [32m2.717554e-14[39m
[32m Solve Converged![39m

Outlier Variable Residual Norms:
  p: [31m2.710117e-14[39m

Postprocessor Values:
+----------------+----------------+----------------+----------------+
| time           | p_l2           | ux_l2          | uy_l2          |
+----------------+----------------+----------------+----------------+
:                :                :                :                :
|   2.000000e-04 |   8.178892e-08 |   3.294728e-09 |   3.370371e-09 |
|   3.000000e-04 |   1.237387e-07 |   4.940898e-09 |   5.057782e-09 |
|   4.000000e-04 |   1.664225e-07 |   6.586441e-09 |   6.746412e-09 |
|   5.000000e-04 |   2.098179e-07 |   8.231456e-09 |   8.436093e-09 |
|   6.000000e-04 |   2.538831e-07 |   9.876025e-09 |   1.012668e-08 |
|   7.000000e-04 |   2.985662e-07 |   1.152022e-08 |   1.181804e-08 |
|   8.000000e-04 |   3.438109e-07 |   1.316409e-08 |   1.351008e-08 |
|   9.000000e-04 |   3.895604e-07 |   1.480768e-08 |   1.520269e-08 |
|   1.000000e-03 |   4.357602e-07 |   1.645105e-08 |   1.689579e-08 |
|   1.100000e-03 |   4.823587e-07 |   1.809421e-08 |   1.858931e-08 |
|   1.200000e-03 |   5.293088e-07 |   1.973719e-08 |   2.028320e-08 |
|   1.300000e-03 |   5.765677e-07 |   2.138003e-08 |   2.197740e-08 |
|   1.400000e-03 |   6.240968e-07 |   2.302274e-08 |   2.367186e-08 |
|   1.500000e-03 |   6.718622e-07 |   2.466534e-08 |   2.536655e-08 |
|   1.600000e-03 |   7.198334e-07 |   2.630784e-08 |   2.706144e-08 |
+----------------+----------------+----------------+----------------+


Time Step 17, time = 0.0017, dt = 0.0001
 * Nonlinear |R| = [32m2.245098e-03[39m (Before preset BCs, predictors, correctors, and constraints)
 0 Nonlinear |R| = [32m2.238234e-03[39m
      0 Linear |R| = [32m2.238234e-03[39m
      1 Linear |R| = [32m9.552945e-19[39m
 1 Nonlinear |R| = [32m2.718273e-14[39m
[32m Solve Converged![39m

Outlier Variable Residual Norms:
  p: [31m2.712652e-14[39m

Postprocessor Values:
+----------------+----------------+----------------+----------------+
| time           | p_l2           | ux_l2          | uy_l2          |
+----------------+----------------+----------------+----------------+
:                :                :                :                :
|   3.000000e-04 |   1.237387e-07 |   4.940898e-09 |   5.057782e-09 |
|   4.000000e-04 |   1.664225e-07 |   6.586441e-09 |   6.746412e-09 |
|   5.000000e-04 |   2.098179e-07 |   8.231456e-09 |   8.436093e-09 |
|   6.000000e-04 |   2.538831e-07 |   9.876025e-09 |   1.012668e-08 |
|   7.000000e-04 |   2.985662e-07 |   1.152022e-08 |   1.181804e-08 |
|   8.000000e-04 |   3.438109e-07 |   1.316409e-08 |   1.351008e-08 |
|   9.000000e-04 |   3.895604e-07 |   1.480768e-08 |   1.520269e-08 |
|   1.000000e-03 |   4.357602e-07 |   1.645105e-08 |   1.689579e-08 |
|   1.100000e-03 |   4.823587e-07 |   1.809421e-08 |   1.858931e-08 |
|   1.200000e-03 |   5.293088e-07 |   1.973719e-08 |   2.028320e-08 |
|   1.300000e-03 |   5.765677e-07 |   2.138003e-08 |   2.197740e-08 |
|   1.400000e-03 |   6.240968e-07 |   2.302274e-08 |   2.367186e-08 |
|   1.500000e-03 |   6.718622e-07 |   2.466534e-08 |   2.536655e-08 |
|   1.600000e-03 |   7.198334e-07 |   2.630784e-08 |   2.706144e-08 |
|   1.700000e-03 |   7.679839e-07 |   2.795025e-08 |   2.875649e-08 |
+----------------+----------------+----------------+----------------+


Time Step 18, time = 0.0018, dt = 0.0001
 * Nonlinear |R| = [32m2.245081e-03[39m (Before preset BCs, predictors, correctors, and constraints)
 0 Nonlinear |R| = [32m2.238217e-03[39m
      0 Linear |R| = [32m2.238217e-03[39m
      1 Linear |R| = [32m7.790565e-19[39m
 1 Nonlinear |R| = [32m3.643223e-14[39m
[32m Solve Converged![39m

Outlier Variable Residual Norms:
  p: [31m3.640541e-14[39m

Postprocessor Values:
+----------------+----------------+----------------+----------------+
| time           | p_l2           | ux_l2          | uy_l2          |
+----------------+----------------+----------------+----------------+
:                :                :                :                :
|   4.000000e-04 |   1.664225e-07 |   6.586441e-09 |   6.746412e-09 |
|   5.000000e-04 |   2.098179e-07 |   8.231456e-09 |   8.436093e-09 |
|   6.000000e-04 |   2.538831e-07 |   9.876025e-09 |   1.012668e-08 |
|   7.000000e-04 |   2.985662e-07 |   1.152022e-08 |   1.181804e-08 |
|   8.000000e-04 |   3.438109e-07 |   1.316409e-08 |   1.351008e-08 |
|   9.000000e-04 |   3.895604e-07 |   1.480768e-08 |   1.520269e-08 |
|   1.000000e-03 |   4.357602e-07 |   1.645105e-08 |   1.689579e-08 |
|   1.100000e-03 |   4.823587e-07 |   1.809421e-08 |   1.858931e-08 |
|   1.200000e-03 |   5.293088e-07 |   1.973719e-08 |   2.028320e-08 |
|   1.300000e-03 |   5.765677e-07 |   2.138003e-08 |   2.197740e-08 |
|   1.400000e-03 |   6.240968e-07 |   2.302274e-08 |   2.367186e-08 |
|   1.500000e-03 |   6.718622e-07 |   2.466534e-08 |   2.536655e-08 |
|   1.600000e-03 |   7.198334e-07 |   2.630784e-08 |   2.706144e-08 |
|   1.700000e-03 |   7.679839e-07 |   2.795025e-08 |   2.875649e-08 |
|   1.800000e-03 |   8.162903e-07 |   2.959260e-08 |   3.045169e-08 |
+----------------+----------------+----------------+----------------+


Time Step 19, time = 0.0019, dt = 0.0001
 * Nonlinear |R| = [32m2.245066e-03[39m (Before preset BCs, predictors, correctors, and constraints)
 0 Nonlinear |R| = [32m2.238202e-03[39m
      0 Linear |R| = [32m2.238202e-03[39m
      1 Linear |R| = [32m7.838854e-19[39m
 1 Nonlinear |R| = [32m4.205294e-14[39m
[32m Solve Converged![39m

Outlier Variable Residual Norms:
  p: [31m4.200957e-14[39m

Postprocessor Values:
+----------------+----------------+----------------+----------------+
| time           | p_l2           | ux_l2          | uy_l2          |
+----------------+----------------+----------------+----------------+
:                :                :                :                :
|   5.000000e-04 |   2.098179e-07 |   8.231456e-09 |   8.436093e-09 |
|   6.000000e-04 |   2.538831e-07 |   9.876025e-09 |   1.012668e-08 |
|   7.000000e-04 |   2.985662e-07 |   1.152022e-08 |   1.181804e-08 |
|   8.000000e-04 |   3.438109e-07 |   1.316409e-08 |   1.351008e-08 |
|   9.000000e-04 |   3.895604e-07 |   1.480768e-08 |   1.520269e-08 |
|   1.000000e-03 |   4.357602e-07 |   1.645105e-08 |   1.689579e-08 |
|   1.100000e-03 |   4.823587e-07 |   1.809421e-08 |   1.858931e-08 |
|   1.200000e-03 |   5.293088e-07 |   1.973719e-08 |   2.028320e-08 |
|   1.300000e-03 |   5.765677e-07 |   2.138003e-08 |   2.197740e-08 |
|   1.400000e-03 |   6.240968e-07 |   2.302274e-08 |   2.367186e-08 |
|   1.500000e-03 |   6.718622e-07 |   2.466534e-08 |   2.536655e-08 |
|   1.600000e-03 |   7.198334e-07 |   2.630784e-08 |   2.706144e-08 |
|   1.700000e-03 |   7.679839e-07 |   2.795025e-08 |   2.875649e-08 |
|   1.800000e-03 |   8.162903e-07 |   2.959260e-08 |   3.045169e-08 |
|   1.900000e-03 |   8.647324e-07 |   3.123488e-08 |   3.214701e-08 |
+----------------+----------------+----------------+----------------+


Time Step 20, time = 0.002, dt = 0.0001
 * Nonlinear |R| = [32m2.245053e-03[39m (Before preset BCs, predictors, correctors, and constraints)
 0 Nonlinear |R| = [32m2.238189e-03[39m
      0 Linear |R| = [32m2.238189e-03[39m
      1 Linear |R| = [32m6.762873e-19[39m
 1 Nonlinear |R| = [32m2.068229e-14[39m
[32m Solve Converged![39m

Outlier Variable Residual Norms:
  p: [31m2.059103e-14[39m

Postprocessor Values:
+----------------+----------------+----------------+----------------+
| time           | p_l2           | ux_l2          | uy_l2          |
+----------------+----------------+----------------+----------------+
:                :                :                :                :
|   6.000000e-04 |   2.538831e-07 |   9.876025e-09 |   1.012668e-08 |
|   7.000000e-04 |   2.985662e-07 |   1.152022e-08 |   1.181804e-08 |
|   8.000000e-04 |   3.438109e-07 |   1.316409e-08 |   1.351008e-08 |
|   9.000000e-04 |   3.895604e-07 |   1.480768e-08 |   1.520269e-08 |
|   1.000000e-03 |   4.357602e-07 |   1.645105e-08 |   1.689579e-08 |
|   1.100000e-03 |   4.823587e-07 |   1.809421e-08 |   1.858931e-08 |
|   1.200000e-03 |   5.293088e-07 |   1.973719e-08 |   2.028320e-08 |
|   1.300000e-03 |   5.765677e-07 |   2.138003e-08 |   2.197740e-08 |
|   1.400000e-03 |   6.240968e-07 |   2.302274e-08 |   2.367186e-08 |
|   1.500000e-03 |   6.718622e-07 |   2.466534e-08 |   2.536655e-08 |
|   1.600000e-03 |   7.198334e-07 |   2.630784e-08 |   2.706144e-08 |
|   1.700000e-03 |   7.679839e-07 |   2.795025e-08 |   2.875649e-08 |
|   1.800000e-03 |   8.162903e-07 |   2.959260e-08 |   3.045169e-08 |
|   1.900000e-03 |   8.647324e-07 |   3.123488e-08 |   3.214701e-08 |
|   2.000000e-03 |   9.132923e-07 |   3.287710e-08 |   3.384244e-08 |
+----------------+----------------+----------------+----------------+


Time Step 21, time = 0.0021, dt = 0.0001
 * Nonlinear |R| = [32m2.245043e-03[39m (Before preset BCs, predictors, correctors, and constraints)
 0 Nonlinear |R| = [32m2.238179e-03[39m
      0 Linear |R| = [32m2.238179e-03[39m
      1 Linear |R| = [32m9.335128e-19[39m
 1 Nonlinear |R| = [32m2.571311e-14[39m
[32m Solve Converged![39m

Outlier Variable Residual Norms:
  p: [31m2.563995e-14[39m

Postprocessor Values:
+----------------+----------------+----------------+----------------+
| time           | p_l2           | ux_l2          | uy_l2          |
+----------------+----------------+----------------+----------------+
:                :                :                :                :
|   7.000000e-04 |   2.985662e-07 |   1.152022e-08 |   1.181804e-08 |
|   8.000000e-04 |   3.438109e-07 |   1.316409e-08 |   1.351008e-08 |
|   9.000000e-04 |   3.895604e-07 |   1.480768e-08 |   1.520269e-08 |
|   1.000000e-03 |   4.357602e-07 |   1.645105e-08 |   1.689579e-08 |
|   1.100000e-03 |   4.823587e-07 |   1.809421e-08 |   1.858931e-08 |
|   1.200000e-03 |   5.293088e-07 |   1.973719e-08 |   2.028320e-08 |
|   1.300000e-03 |   5.765677e-07 |   2.138003e-08 |   2.197740e-08 |
|   1.400000e-03 |   6.240968e-07 |   2.302274e-08 |   2.367186e-08 |
|   1.500000e-03 |   6.718622e-07 |   2.466534e-08 |   2.536655e-08 |
|   1.600000e-03 |   7.198334e-07 |   2.630784e-08 |   2.706144e-08 |
|   1.700000e-03 |   7.679839e-07 |   2.795025e-08 |   2.875649e-08 |
|   1.800000e-03 |   8.162903e-07 |   2.959260e-08 |   3.045169e-08 |
|   1.900000e-03 |   8.647324e-07 |   3.123488e-08 |   3.214701e-08 |
|   2.000000e-03 |   9.132923e-07 |   3.287710e-08 |   3.384244e-08 |
|   2.100000e-03 |   9.619546e-07 |   3.451927e-08 |   3.553795e-08 |
+----------------+----------------+----------------+----------------+


Time Step 22, time = 0.0022, dt = 0.0001
 * Nonlinear |R| = [32m2.245034e-03[39m (Before preset BCs, predictors, correctors, and constraints)
 0 Nonlinear |R| = [32m2.238170e-03[39m
      0 Linear |R| = [32m2.238170e-03[39m
      1 Linear |R| = [32m1.078206e-18[39m
 1 Nonlinear |R| = [32m2.546634e-14[39m
[32m Solve Converged![39m

Outlier Variable Residual Norms:
  p: [31m2.540573e-14[39m

Postprocessor Values:
+----------------+----------------+----------------+----------------+
| time           | p_l2           | ux_l2          | uy_l2          |
+----------------+----------------+----------------+----------------+
:                :                :                :                :
|   8.000000e-04 |   3.438109e-07 |   1.316409e-08 |   1.351008e-08 |
|   9.000000e-04 |   3.895604e-07 |   1.480768e-08 |   1.520269e-08 |
|   1.000000e-03 |   4.357602e-07 |   1.645105e-08 |   1.689579e-08 |
|   1.100000e-03 |   4.823587e-07 |   1.809421e-08 |   1.858931e-08 |
|   1.200000e-03 |   5.293088e-07 |   1.973719e-08 |   2.028320e-08 |
|   1.300000e-03 |   5.765677e-07 |   2.138003e-08 |   2.197740e-08 |
|   1.400000e-03 |   6.240968e-07 |   2.302274e-08 |   2.367186e-08 |
|   1.500000e-03 |   6.718622e-07 |   2.466534e-08 |   2.536655e-08 |
|   1.600000e-03 |   7.198334e-07 |   2.630784e-08 |   2.706144e-08 |
|   1.700000e-03 |   7.679839e-07 |   2.795025e-08 |   2.875649e-08 |
|   1.800000e-03 |   8.162903e-07 |   2.959260e-08 |   3.045169e-08 |
|   1.900000e-03 |   8.647324e-07 |   3.123488e-08 |   3.214701e-08 |
|   2.000000e-03 |   9.132923e-07 |   3.287710e-08 |   3.384244e-08 |
|   2.100000e-03 |   9.619546e-07 |   3.451927e-08 |   3.553795e-08 |
|   2.200000e-03 |   1.010706e-06 |   3.616140e-08 |   3.723354e-08 |
+----------------+----------------+----------------+----------------+


Time Step 23, time = 0.0023, dt = 0.0001
 * Nonlinear |R| = [32m2.245027e-03[39m (Before preset BCs, predictors, correctors, and constraints)
 0 Nonlinear |R| = [32m2.238163e-03[39m
      0 Linear |R| = [32m2.238163e-03[39m
      1 Linear |R| = [32m8.173935e-19[39m
 1 Nonlinear |R| = [32m3.055983e-14[39m
[32m Solve Converged![39m

Outlier Variable Residual Norms:
  p: [31m3.050602e-14[39m

Postprocessor Values:
+----------------+----------------+----------------+----------------+
| time           | p_l2           | ux_l2          | uy_l2          |
+----------------+----------------+----------------+----------------+
:                :                :                :                :
|   9.000000e-04 |   3.895604e-07 |   1.480768e-08 |   1.520269e-08 |
|   1.000000e-03 |   4.357602e-07 |   1.645105e-08 |   1.689579e-08 |
|   1.100000e-03 |   4.823587e-07 |   1.809421e-08 |   1.858931e-08 |
|   1.200000e-03 |   5.293088e-07 |   1.973719e-08 |   2.028320e-08 |
|   1.300000e-03 |   5.765677e-07 |   2.138003e-08 |   2.197740e-08 |
|   1.400000e-03 |   6.240968e-07 |   2.302274e-08 |   2.367186e-08 |
|   1.500000e-03 |   6.718622e-07 |   2.466534e-08 |   2.536655e-08 |
|   1.600000e-03 |   7.198334e-07 |   2.630784e-08 |   2.706144e-08 |
|   1.700000e-03 |   7.679839e-07 |   2.795025e-08 |   2.875649e-08 |
|   1.800000e-03 |   8.162903e-07 |   2.959260e-08 |   3.045169e-08 |
|   1.900000e-03 |   8.647324e-07 |   3.123488e-08 |   3.214701e-08 |
|   2.000000e-03 |   9.132923e-07 |   3.287710e-08 |   3.384244e-08 |
|   2.100000e-03 |   9.619546e-07 |   3.451927e-08 |   3.553795e-08 |
|   2.200000e-03 |   1.010706e-06 |   3.616140e-08 |   3.723354e-08 |
|   2.300000e-03 |   1.059535e-06 |   3.780350e-08 |   3.892920e-08 |
+----------------+----------------+----------------+----------------+


Time Step 24, time = 0.0024, dt = 0.0001
 * Nonlinear |R| = [32m2.245021e-03[39m (Before preset BCs, predictors, correctors, and constraints)
 0 Nonlinear |R| = [32m2.238157e-03[39m
      0 Linear |R| = [32m2.238157e-03[39m
      1 Linear |R| = [32m7.910419e-19[39m
 1 Nonlinear |R| = [32m3.731234e-14[39m
[32m Solve Converged![39m

Outlier Variable Residual Norms:
  p: [31m3.725922e-14[39m

Postprocessor Values:
+----------------+----------------+----------------+----------------+
| time           | p_l2           | ux_l2          | uy_l2          |
+----------------+----------------+----------------+----------------+
:                :                :                :                :
|   1.000000e-03 |   4.357602e-07 |   1.645105e-08 |   1.689579e-08 |
|   1.100000e-03 |   4.823587e-07 |   1.809421e-08 |   1.858931e-08 |
|   1.200000e-03 |   5.293088e-07 |   1.973719e-08 |   2.028320e-08 |
|   1.300000e-03 |   5.765677e-07 |   2.138003e-08 |   2.197740e-08 |
|   1.400000e-03 |   6.240968e-07 |   2.302274e-08 |   2.367186e-08 |
|   1.500000e-03 |   6.718622e-07 |   2.466534e-08 |   2.536655e-08 |
|   1.600000e-03 |   7.198334e-07 |   2.630784e-08 |   2.706144e-08 |
|   1.700000e-03 |   7.679839e-07 |   2.795025e-08 |   2.875649e-08 |
|   1.800000e-03 |   8.162903e-07 |   2.959260e-08 |   3.045169e-08 |
|   1.900000e-03 |   8.647324e-07 |   3.123488e-08 |   3.214701e-08 |
|   2.000000e-03 |   9.132923e-07 |   3.287710e-08 |   3.384244e-08 |
|   2.100000e-03 |   9.619546e-07 |   3.451927e-08 |   3.553795e-08 |
|   2.200000e-03 |   1.010706e-06 |   3.616140e-08 |   3.723354e-08 |
|   2.300000e-03 |   1.059535e-06 |   3.780350e-08 |   3.892920e-08 |
|   2.400000e-03 |   1.108431e-06 |   3.944555e-08 |   4.062492e-08 |
+----------------+----------------+----------------+----------------+


Time Step 25, time = 0.0025, dt = 0.0001
 * Nonlinear |R| = [32m2.245016e-03[39m (Before preset BCs, predictors, correctors, and constraints)
 0 Nonlinear |R| = [32m2.238152e-03[39m
      0 Linear |R| = [32m2.238152e-03[39m
      1 Linear |R| = [32m6.271862e-19[39m
 1 Nonlinear |R| = [32m2.703138e-14[39m
[32m Solve Converged![39m

Outlier Variable Residual Norms:
  p: [31m2.696900e-14[39m

Postprocessor Values:
+----------------+----------------+----------------+----------------+
| time           | p_l2           | ux_l2          | uy_l2          |
+----------------+----------------+----------------+----------------+
:                :                :                :                :
|   1.100000e-03 |   4.823587e-07 |   1.809421e-08 |   1.858931e-08 |
|   1.200000e-03 |   5.293088e-07 |   1.973719e-08 |   2.028320e-08 |
|   1.300000e-03 |   5.765677e-07 |   2.138003e-08 |   2.197740e-08 |
|   1.400000e-03 |   6.240968e-07 |   2.302274e-08 |   2.367186e-08 |
|   1.500000e-03 |   6.718622e-07 |   2.466534e-08 |   2.536655e-08 |
|   1.600000e-03 |   7.198334e-07 |   2.630784e-08 |   2.706144e-08 |
|   1.700000e-03 |   7.679839e-07 |   2.795025e-08 |   2.875649e-08 |
|   1.800000e-03 |   8.162903e-07 |   2.959260e-08 |   3.045169e-08 |
|   1.900000e-03 |   8.647324e-07 |   3.123488e-08 |   3.214701e-08 |
|   2.000000e-03 |   9.132923e-07 |   3.287710e-08 |   3.384244e-08 |
|   2.100000e-03 |   9.619546e-07 |   3.451927e-08 |   3.553795e-08 |
|   2.200000e-03 |   1.010706e-06 |   3.616140e-08 |   3.723354e-08 |
|   2.300000e-03 |   1.059535e-06 |   3.780350e-08 |   3.892920e-08 |
|   2.400000e-03 |   1.108431e-06 |   3.944555e-08 |   4.062492e-08 |
|   2.500000e-03 |   1.157385e-06 |   4.108759e-08 |   4.232068e-08 |
+----------------+----------------+----------------+----------------+


Time Step 26, time = 0.0026, dt = 0.0001
 * Nonlinear |R| = [32m2.245012e-03[39m (Before preset BCs, predictors, correctors, and constraints)
 0 Nonlinear |R| = [32m2.238148e-03[39m
      0 Linear |R| = [32m2.238148e-03[39m
      1 Linear |R| = [32m8.832728e-19[39m
 1 Nonlinear |R| = [32m3.552203e-14[39m
[32m Solve Converged![39m

Outlier Variable Residual Norms:
  p: [31m3.547997e-14[39m

Postprocessor Values:
+----------------+----------------+----------------+----------------+
| time           | p_l2           | ux_l2          | uy_l2          |
+----------------+----------------+----------------+----------------+
:                :                :                :                :
|   1.200000e-03 |   5.293088e-07 |   1.973719e-08 |   2.028320e-08 |
|   1.300000e-03 |   5.765677e-07 |   2.138003e-08 |   2.197740e-08 |
|   1.400000e-03 |   6.240968e-07 |   2.302274e-08 |   2.367186e-08 |
|   1.500000e-03 |   6.718622e-07 |   2.466534e-08 |   2.536655e-08 |
|   1.600000e-03 |   7.198334e-07 |   2.630784e-08 |   2.706144e-08 |
|   1.700000e-03 |   7.679839e-07 |   2.795025e-08 |   2.875649e-08 |
|   1.800000e-03 |   8.162903e-07 |   2.959260e-08 |   3.045169e-08 |
|   1.900000e-03 |   8.647324e-07 |   3.123488e-08 |   3.214701e-08 |
|   2.000000e-03 |   9.132923e-07 |   3.287710e-08 |   3.384244e-08 |
|   2.100000e-03 |   9.619546e-07 |   3.451927e-08 |   3.553795e-08 |
|   2.200000e-03 |   1.010706e-06 |   3.616140e-08 |   3.723354e-08 |
|   2.300000e-03 |   1.059535e-06 |   3.780350e-08 |   3.892920e-08 |
|   2.400000e-03 |   1.108431e-06 |   3.944555e-08 |   4.062492e-08 |
|   2.500000e-03 |   1.157385e-06 |   4.108759e-08 |   4.232068e-08 |
|   2.600000e-03 |   1.206391e-06 |   4.272959e-08 |   4.401649e-08 |
+----------------+----------------+----------------+----------------+


Time Step 27, time = 0.0027, dt = 0.0001
 * Nonlinear |R| = [32m2.245008e-03[39m (Before preset BCs, predictors, correctors, and constraints)
 0 Nonlinear |R| = [32m2.238144e-03[39m
      0 Linear |R| = [32m2.238144e-03[39m
      1 Linear |R| = [32m4.214982e-19[39m
 1 Nonlinear |R| = [32m2.552834e-14[39m
[32m Solve Converged![39m

Outlier Variable Residual Norms:
  p: [31m2.546751e-14[39m

Postprocessor Values:
+----------------+----------------+----------------+----------------+
| time           | p_l2           | ux_l2          | uy_l2          |
+----------------+----------------+----------------+----------------+
:                :                :                :                :
|   1.300000e-03 |   5.765677e-07 |   2.138003e-08 |   2.197740e-08 |
|   1.400000e-03 |   6.240968e-07 |   2.302274e-08 |   2.367186e-08 |
|   1.500000e-03 |   6.718622e-07 |   2.466534e-08 |   2.536655e-08 |
|   1.600000e-03 |   7.198334e-07 |   2.630784e-08 |   2.706144e-08 |
|   1.700000e-03 |   7.679839e-07 |   2.795025e-08 |   2.875649e-08 |
|   1.800000e-03 |   8.162903e-07 |   2.959260e-08 |   3.045169e-08 |
|   1.900000e-03 |   8.647324e-07 |   3.123488e-08 |   3.214701e-08 |
|   2.000000e-03 |   9.132923e-07 |   3.287710e-08 |   3.384244e-08 |
|   2.100000e-03 |   9.619546e-07 |   3.451927e-08 |   3.553795e-08 |
|   2.200000e-03 |   1.010706e-06 |   3.616140e-08 |   3.723354e-08 |
|   2.300000e-03 |   1.059535e-06 |   3.780350e-08 |   3.892920e-08 |
|   2.400000e-03 |   1.108431e-06 |   3.944555e-08 |   4.062492e-08 |
|   2.500000e-03 |   1.157385e-06 |   4.108759e-08 |   4.232068e-08 |
|   2.600000e-03 |   1.206391e-06 |   4.272959e-08 |   4.401649e-08 |
|   2.700000e-03 |   1.255441e-06 |   4.437157e-08 |   4.571233e-08 |
+----------------+----------------+----------------+----------------+


Time Step 28, time = 0.0028, dt = 0.0001
 * Nonlinear |R| = [32m2.245005e-03[39m (Before preset BCs, predictors, correctors, and constraints)
 0 Nonlinear |R| = [32m2.238141e-03[39m
      0 Linear |R| = [32m2.238141e-03[39m
      1 Linear |R| = [32m4.708207e-19[39m
 1 Nonlinear |R| = [32m4.036852e-14[39m
[32m Solve Converged![39m

Outlier Variable Residual Norms:
  p: [31m4.031987e-14[39m

Postprocessor Values:
+----------------+----------------+----------------+----------------+
| time           | p_l2           | ux_l2          | uy_l2          |
+----------------+----------------+----------------+----------------+
:                :                :                :                :
|   1.400000e-03 |   6.240968e-07 |   2.302274e-08 |   2.367186e-08 |
|   1.500000e-03 |   6.718622e-07 |   2.466534e-08 |   2.536655e-08 |
|   1.600000e-03 |   7.198334e-07 |   2.630784e-08 |   2.706144e-08 |
|   1.700000e-03 |   7.679839e-07 |   2.795025e-08 |   2.875649e-08 |
|   1.800000e-03 |   8.162903e-07 |   2.959260e-08 |   3.045169e-08 |
|   1.900000e-03 |   8.647324e-07 |   3.123488e-08 |   3.214701e-08 |
|   2.000000e-03 |   9.132923e-07 |   3.287710e-08 |   3.384244e-08 |
|   2.100000e-03 |   9.619546e-07 |   3.451927e-08 |   3.553795e-08 |
|   2.200000e-03 |   1.010706e-06 |   3.616140e-08 |   3.723354e-08 |
|   2.300000e-03 |   1.059535e-06 |   3.780350e-08 |   3.892920e-08 |
|   2.400000e-03 |   1.108431e-06 |   3.944555e-08 |   4.062492e-08 |
|   2.500000e-03 |   1.157385e-06 |   4.108759e-08 |   4.232068e-08 |
|   2.600000e-03 |   1.206391e-06 |   4.272959e-08 |   4.401649e-08 |
|   2.700000e-03 |   1.255441e-06 |   4.437157e-08 |   4.571233e-08 |
|   2.800000e-03 |   1.304530e-06 |   4.601353e-08 |   4.740820e-08 |
+----------------+----------------+----------------+----------------+


Time Step 29, time = 0.0029, dt = 0.0001
 * Nonlinear |R| = [32m2.245003e-03[39m (Before preset BCs, predictors, correctors, and constraints)
 0 Nonlinear |R| = [32m2.238139e-03[39m
      0 Linear |R| = [32m2.238139e-03[39m
      1 Linear |R| = [32m6.626262e-19[39m
 1 Nonlinear |R| = [32m4.103052e-14[39m
[32m Solve Converged![39m

Outlier Variable Residual Norms:
  p: [31m4.099127e-14[39m

Postprocessor Values:
+----------------+----------------+----------------+----------------+
| time           | p_l2           | ux_l2          | uy_l2          |
+----------------+----------------+----------------+----------------+
:                :                :                :                :
|   1.500000e-03 |   6.718622e-07 |   2.466534e-08 |   2.536655e-08 |
|   1.600000e-03 |   7.198334e-07 |   2.630784e-08 |   2.706144e-08 |
|   1.700000e-03 |   7.679839e-07 |   2.795025e-08 |   2.875649e-08 |
|   1.800000e-03 |   8.162903e-07 |   2.959260e-08 |   3.045169e-08 |
|   1.900000e-03 |   8.647324e-07 |   3.123488e-08 |   3.214701e-08 |
|   2.000000e-03 |   9.132923e-07 |   3.287710e-08 |   3.384244e-08 |
|   2.100000e-03 |   9.619546e-07 |   3.451927e-08 |   3.553795e-08 |
|   2.200000e-03 |   1.010706e-06 |   3.616140e-08 |   3.723354e-08 |
|   2.300000e-03 |   1.059535e-06 |   3.780350e-08 |   3.892920e-08 |
|   2.400000e-03 |   1.108431e-06 |   3.944555e-08 |   4.062492e-08 |
|   2.500000e-03 |   1.157385e-06 |   4.108759e-08 |   4.232068e-08 |
|   2.600000e-03 |   1.206391e-06 |   4.272959e-08 |   4.401649e-08 |
|   2.700000e-03 |   1.255441e-06 |   4.437157e-08 |   4.571233e-08 |
|   2.800000e-03 |   1.304530e-06 |   4.601353e-08 |   4.740820e-08 |
|   2.900000e-03 |   1.353653e-06 |   4.765548e-08 |   4.910410e-08 |
+----------------+----------------+----------------+----------------+


Time Step 30, time = 0.003, dt = 0.0001
 * Nonlinear |R| = [32m2.245000e-03[39m (Before preset BCs, predictors, correctors, and constraints)
 0 Nonlinear |R| = [32m2.238137e-03[39m
      0 Linear |R| = [32m2.238137e-03[39m
      1 Linear |R| = [32m8.074330e-19[39m
 1 Nonlinear |R| = [32m2.698606e-14[39m
[32m Solve Converged![39m

Outlier Variable Residual Norms:
  p: [31m2.693275e-14[39m

Postprocessor Values:
+----------------+----------------+----------------+----------------+
| time           | p_l2           | ux_l2          | uy_l2          |
+----------------+----------------+----------------+----------------+
:                :                :                :                :
|   1.600000e-03 |   7.198334e-07 |   2.630784e-08 |   2.706144e-08 |
|   1.700000e-03 |   7.679839e-07 |   2.795025e-08 |   2.875649e-08 |
|   1.800000e-03 |   8.162903e-07 |   2.959260e-08 |   3.045169e-08 |
|   1.900000e-03 |   8.647324e-07 |   3.123488e-08 |   3.214701e-08 |
|   2.000000e-03 |   9.132923e-07 |   3.287710e-08 |   3.384244e-08 |
|   2.100000e-03 |   9.619546e-07 |   3.451927e-08 |   3.553795e-08 |
|   2.200000e-03 |   1.010706e-06 |   3.616140e-08 |   3.723354e-08 |
|   2.300000e-03 |   1.059535e-06 |   3.780350e-08 |   3.892920e-08 |
|   2.400000e-03 |   1.108431e-06 |   3.944555e-08 |   4.062492e-08 |
|   2.500000e-03 |   1.157385e-06 |   4.108759e-08 |   4.232068e-08 |
|   2.600000e-03 |   1.206391e-06 |   4.272959e-08 |   4.401649e-08 |
|   2.700000e-03 |   1.255441e-06 |   4.437157e-08 |   4.571233e-08 |
|   2.800000e-03 |   1.304530e-06 |   4.601353e-08 |   4.740820e-08 |
|   2.900000e-03 |   1.353653e-06 |   4.765548e-08 |   4.910410e-08 |
|   3.000000e-03 |   1.402806e-06 |   4.929740e-08 |   5.080002e-08 |
+----------------+----------------+----------------+----------------+


Time Step 31, time = 0.0031, dt = 0.0001
 * Nonlinear |R| = [32m2.244999e-03[39m (Before preset BCs, predictors, correctors, and constraints)
 0 Nonlinear |R| = [32m2.238135e-03[39m
      0 Linear |R| = [32m2.238135e-03[39m
      1 Linear |R| = [32m3.428347e-19[39m
 1 Nonlinear |R| = [32m2.699457e-14[39m
[32m Solve Converged![39m

Outlier Variable Residual Norms:
  p: [31m2.695452e-14[39m

Postprocessor Values:
+----------------+----------------+----------------+----------------+
| time           | p_l2           | ux_l2          | uy_l2          |
+----------------+----------------+----------------+----------------+
:                :                :                :                :
|   1.700000e-03 |   7.679839e-07 |   2.795025e-08 |   2.875649e-08 |
|   1.800000e-03 |   8.162903e-07 |   2.959260e-08 |   3.045169e-08 |
|   1.900000e-03 |   8.647324e-07 |   3.123488e-08 |   3.214701e-08 |
|   2.000000e-03 |   9.132923e-07 |   3.287710e-08 |   3.384244e-08 |
|   2.100000e-03 |   9.619546e-07 |   3.451927e-08 |   3.553795e-08 |
|   2.200000e-03 |   1.010706e-06 |   3.616140e-08 |   3.723354e-08 |
|   2.300000e-03 |   1.059535e-06 |   3.780350e-08 |   3.892920e-08 |
|   2.400000e-03 |   1.108431e-06 |   3.944555e-08 |   4.062492e-08 |
|   2.500000e-03 |   1.157385e-06 |   4.108759e-08 |   4.232068e-08 |
|   2.600000e-03 |   1.206391e-06 |   4.272959e-08 |   4.401649e-08 |
|   2.700000e-03 |   1.255441e-06 |   4.437157e-08 |   4.571233e-08 |
|   2.800000e-03 |   1.304530e-06 |   4.601353e-08 |   4.740820e-08 |
|   2.900000e-03 |   1.353653e-06 |   4.765548e-08 |   4.910410e-08 |
|   3.000000e-03 |   1.402806e-06 |   4.929740e-08 |   5.080002e-08 |
|   3.100000e-03 |   1.451985e-06 |   5.093932e-08 |   5.249596e-08 |
+----------------+----------------+----------------+----------------+


Time Step 32, time = 0.0032, dt = 0.0001
 * Nonlinear |R| = [32m2.244997e-03[39m (Before preset BCs, predictors, correctors, and constraints)
 0 Nonlinear |R| = [32m2.238133e-03[39m
      0 Linear |R| = [32m2.238133e-03[39m
      1 Linear |R| = [32m9.453562e-19[39m
 1 Nonlinear |R| = [32m3.776783e-14[39m
[32m Solve Converged![39m

Outlier Variable Residual Norms:
  p: [31m3.773206e-14[39m

Postprocessor Values:
+----------------+----------------+----------------+----------------+
| time           | p_l2           | ux_l2          | uy_l2          |
+----------------+----------------+----------------+----------------+
:                :                :                :                :
|   1.800000e-03 |   8.162903e-07 |   2.959260e-08 |   3.045169e-08 |
|   1.900000e-03 |   8.647324e-07 |   3.123488e-08 |   3.214701e-08 |
|   2.000000e-03 |   9.132923e-07 |   3.287710e-08 |   3.384244e-08 |
|   2.100000e-03 |   9.619546e-07 |   3.451927e-08 |   3.553795e-08 |
|   2.200000e-03 |   1.010706e-06 |   3.616140e-08 |   3.723354e-08 |
|   2.300000e-03 |   1.059535e-06 |   3.780350e-08 |   3.892920e-08 |
|   2.400000e-03 |   1.108431e-06 |   3.944555e-08 |   4.062492e-08 |
|   2.500000e-03 |   1.157385e-06 |   4.108759e-08 |   4.232068e-08 |
|   2.600000e-03 |   1.206391e-06 |   4.272959e-08 |   4.401649e-08 |
|   2.700000e-03 |   1.255441e-06 |   4.437157e-08 |   4.571233e-08 |
|   2.800000e-03 |   1.304530e-06 |   4.601353e-08 |   4.740820e-08 |
|   2.900000e-03 |   1.353653e-06 |   4.765548e-08 |   4.910410e-08 |
|   3.000000e-03 |   1.402806e-06 |   4.929740e-08 |   5.080002e-08 |
|   3.100000e-03 |   1.451985e-06 |   5.093932e-08 |   5.249596e-08 |
|   3.200000e-03 |   1.501186e-06 |   5.258122e-08 |   5.419192e-08 |
+----------------+----------------+----------------+----------------+


Time Step 33, time = 0.0033, dt = 0.0001
 * Nonlinear |R| = [32m2.244995e-03[39m (Before preset BCs, predictors, correctors, and constraints)
 0 Nonlinear |R| = [32m2.238132e-03[39m
      0 Linear |R| = [32m2.238132e-03[39m
      1 Linear |R| = [32m8.037834e-19[39m
 1 Nonlinear |R| = [32m3.084319e-14[39m
[32m Solve Converged![39m

Outlier Variable Residual Norms:
  p: [31m3.079179e-14[39m

Postprocessor Values:
+----------------+----------------+----------------+----------------+
| time           | p_l2           | ux_l2          | uy_l2          |
+----------------+----------------+----------------+----------------+
:                :                :                :                :
|   1.900000e-03 |   8.647324e-07 |   3.123488e-08 |   3.214701e-08 |
|   2.000000e-03 |   9.132923e-07 |   3.287710e-08 |   3.384244e-08 |
|   2.100000e-03 |   9.619546e-07 |   3.451927e-08 |   3.553795e-08 |
|   2.200000e-03 |   1.010706e-06 |   3.616140e-08 |   3.723354e-08 |
|   2.300000e-03 |   1.059535e-06 |   3.780350e-08 |   3.892920e-08 |
|   2.400000e-03 |   1.108431e-06 |   3.944555e-08 |   4.062492e-08 |
|   2.500000e-03 |   1.157385e-06 |   4.108759e-08 |   4.232068e-08 |
|   2.600000e-03 |   1.206391e-06 |   4.272959e-08 |   4.401649e-08 |
|   2.700000e-03 |   1.255441e-06 |   4.437157e-08 |   4.571233e-08 |
|   2.800000e-03 |   1.304530e-06 |   4.601353e-08 |   4.740820e-08 |
|   2.900000e-03 |   1.353653e-06 |   4.765548e-08 |   4.910410e-08 |
|   3.000000e-03 |   1.402806e-06 |   4.929740e-08 |   5.080002e-08 |
|   3.100000e-03 |   1.451985e-06 |   5.093932e-08 |   5.249596e-08 |
|   3.200000e-03 |   1.501186e-06 |   5.258122e-08 |   5.419192e-08 |
|   3.300000e-03 |   1.550408e-06 |   5.422311e-08 |   5.588789e-08 |
+----------------+----------------+----------------+----------------+


Time Step 34, time = 0.0034, dt = 0.0001
 * Nonlinear |R| = [32m2.244994e-03[39m (Before preset BCs, predictors, correctors, and constraints)
 0 Nonlinear |R| = [32m2.238131e-03[39m
      0 Linear |R| = [32m2.238131e-03[39m
      1 Linear |R| = [32m9.229365e-19[39m
 1 Nonlinear |R| = [32m6.249781e-14[39m
[32m Solve Converged![39m

Outlier Variable Residual Norms:
  p: [31m6.247895e-14[39m

Postprocessor Values:
+----------------+----------------+----------------+----------------+
| time           | p_l2           | ux_l2          | uy_l2          |
+----------------+----------------+----------------+----------------+
:                :                :                :                :
|   2.000000e-03 |   9.132923e-07 |   3.287710e-08 |   3.384244e-08 |
|   2.100000e-03 |   9.619546e-07 |   3.451927e-08 |   3.553795e-08 |
|   2.200000e-03 |   1.010706e-06 |   3.616140e-08 |   3.723354e-08 |
|   2.300000e-03 |   1.059535e-06 |   3.780350e-08 |   3.892920e-08 |
|   2.400000e-03 |   1.108431e-06 |   3.944555e-08 |   4.062492e-08 |
|   2.500000e-03 |   1.157385e-06 |   4.108759e-08 |   4.232068e-08 |
|   2.600000e-03 |   1.206391e-06 |   4.272959e-08 |   4.401649e-08 |
|   2.700000e-03 |   1.255441e-06 |   4.437157e-08 |   4.571233e-08 |
|   2.800000e-03 |   1.304530e-06 |   4.601353e-08 |   4.740820e-08 |
|   2.900000e-03 |   1.353653e-06 |   4.765548e-08 |   4.910410e-08 |
|   3.000000e-03 |   1.402806e-06 |   4.929740e-08 |   5.080002e-08 |
|   3.100000e-03 |   1.451985e-06 |   5.093932e-08 |   5.249596e-08 |
|   3.200000e-03 |   1.501186e-06 |   5.258122e-08 |   5.419192e-08 |
|   3.300000e-03 |   1.550408e-06 |   5.422311e-08 |   5.588789e-08 |
|   3.400000e-03 |   1.599648e-06 |   5.586499e-08 |   5.758388e-08 |
+----------------+----------------+----------------+----------------+


Time Step 35, time = 0.0035, dt = 0.0001
 * Nonlinear |R| = [32m2.244993e-03[39m (Before preset BCs, predictors, correctors, and constraints)
 0 Nonlinear |R| = [32m2.238129e-03[39m
      0 Linear |R| = [32m2.238129e-03[39m
      1 Linear |R| = [32m7.741743e-19[39m
 1 Nonlinear |R| = [32m5.006389e-14[39m
[32m Solve Converged![39m

Outlier Variable Residual Norms:
  p: [31m5.003874e-14[39m

Postprocessor Values:
+----------------+----------------+----------------+----------------+
| time           | p_l2           | ux_l2          | uy_l2          |
+----------------+----------------+----------------+----------------+
:                :                :                :                :
|   2.100000e-03 |   9.619546e-07 |   3.451927e-08 |   3.553795e-08 |
|   2.200000e-03 |   1.010706e-06 |   3.616140e-08 |   3.723354e-08 |
|   2.300000e-03 |   1.059535e-06 |   3.780350e-08 |   3.892920e-08 |
|   2.400000e-03 |   1.108431e-06 |   3.944555e-08 |   4.062492e-08 |
|   2.500000e-03 |   1.157385e-06 |   4.108759e-08 |   4.232068e-08 |
|   2.600000e-03 |   1.206391e-06 |   4.272959e-08 |   4.401649e-08 |
|   2.700000e-03 |   1.255441e-06 |   4.437157e-08 |   4.571233e-08 |
|   2.800000e-03 |   1.304530e-06 |   4.601353e-08 |   4.740820e-08 |
|   2.900000e-03 |   1.353653e-06 |   4.765548e-08 |   4.910410e-08 |
|   3.000000e-03 |   1.402806e-06 |   4.929740e-08 |   5.080002e-08 |
|   3.100000e-03 |   1.451985e-06 |   5.093932e-08 |   5.249596e-08 |
|   3.200000e-03 |   1.501186e-06 |   5.258122e-08 |   5.419192e-08 |
|   3.300000e-03 |   1.550408e-06 |   5.422311e-08 |   5.588789e-08 |
|   3.400000e-03 |   1.599648e-06 |   5.586499e-08 |   5.758388e-08 |
|   3.500000e-03 |   1.648903e-06 |   5.750686e-08 |   5.927987e-08 |
+----------------+----------------+----------------+----------------+


Time Step 36, time = 0.0036, dt = 0.0001
 * Nonlinear |R| = [32m2.244992e-03[39m (Before preset BCs, predictors, correctors, and constraints)
 0 Nonlinear |R| = [32m2.238128e-03[39m
      0 Linear |R| = [32m2.238128e-03[39m
      1 Linear |R| = [32m7.495205e-19[39m
 1 Nonlinear |R| = [32m3.938473e-14[39m
[32m Solve Converged![39m

Outlier Variable Residual Norms:
  p: [31m3.934234e-14[39m

Postprocessor Values:
+----------------+----------------+----------------+----------------+
| time           | p_l2           | ux_l2          | uy_l2          |
+----------------+----------------+----------------+----------------+
:                :                :                :                :
|   2.200000e-03 |   1.010706e-06 |   3.616140e-08 |   3.723354e-08 |
|   2.300000e-03 |   1.059535e-06 |   3.780350e-08 |   3.892920e-08 |
|   2.400000e-03 |   1.108431e-06 |   3.944555e-08 |   4.062492e-08 |
|   2.500000e-03 |   1.157385e-06 |   4.108759e-08 |   4.232068e-08 |
|   2.600000e-03 |   1.206391e-06 |   4.272959e-08 |   4.401649e-08 |
|   2.700000e-03 |   1.255441e-06 |   4.437157e-08 |   4.571233e-08 |
|   2.800000e-03 |   1.304530e-06 |   4.601353e-08 |   4.740820e-08 |
|   2.900000e-03 |   1.353653e-06 |   4.765548e-08 |   4.910410e-08 |
|   3.000000e-03 |   1.402806e-06 |   4.929740e-08 |   5.080002e-08 |
|   3.100000e-03 |   1.451985e-06 |   5.093932e-08 |   5.249596e-08 |
|   3.200000e-03 |   1.501186e-06 |   5.258122e-08 |   5.419192e-08 |
|   3.300000e-03 |   1.550408e-06 |   5.422311e-08 |   5.588789e-08 |
|   3.400000e-03 |   1.599648e-06 |   5.586499e-08 |   5.758388e-08 |
|   3.500000e-03 |   1.648903e-06 |   5.750686e-08 |   5.927987e-08 |
|   3.600000e-03 |   1.698173e-06 |   5.914873e-08 |   6.097588e-08 |
+----------------+----------------+----------------+----------------+


Time Step 37, time = 0.0037, dt = 0.0001
 * Nonlinear |R| = [32m2.244991e-03[39m (Before preset BCs, predictors, correctors, and constraints)
 0 Nonlinear |R| = [32m2.238127e-03[39m
      0 Linear |R| = [32m2.238127e-03[39m
      1 Linear |R| = [32m8.285387e-19[39m
 1 Nonlinear |R| = [32m4.086248e-14[39m
[32m Solve Converged![39m

Outlier Variable Residual Norms:
  p: [31m4.081686e-14[39m

Postprocessor Values:
+----------------+----------------+----------------+----------------+
| time           | p_l2           | ux_l2          | uy_l2          |
+----------------+----------------+----------------+----------------+
:                :                :                :                :
|   2.300000e-03 |   1.059535e-06 |   3.780350e-08 |   3.892920e-08 |
|   2.400000e-03 |   1.108431e-06 |   3.944555e-08 |   4.062492e-08 |
|   2.500000e-03 |   1.157385e-06 |   4.108759e-08 |   4.232068e-08 |
|   2.600000e-03 |   1.206391e-06 |   4.272959e-08 |   4.401649e-08 |
|   2.700000e-03 |   1.255441e-06 |   4.437157e-08 |   4.571233e-08 |
|   2.800000e-03 |   1.304530e-06 |   4.601353e-08 |   4.740820e-08 |
|   2.900000e-03 |   1.353653e-06 |   4.765548e-08 |   4.910410e-08 |
|   3.000000e-03 |   1.402806e-06 |   4.929740e-08 |   5.080002e-08 |
|   3.100000e-03 |   1.451985e-06 |   5.093932e-08 |   5.249596e-08 |
|   3.200000e-03 |   1.501186e-06 |   5.258122e-08 |   5.419192e-08 |
|   3.300000e-03 |   1.550408e-06 |   5.422311e-08 |   5.588789e-08 |
|   3.400000e-03 |   1.599648e-06 |   5.586499e-08 |   5.758388e-08 |
|   3.500000e-03 |   1.648903e-06 |   5.750686e-08 |   5.927987e-08 |
|   3.600000e-03 |   1.698173e-06 |   5.914873e-08 |   6.097588e-08 |
|   3.700000e-03 |   1.747454e-06 |   6.079058e-08 |   6.267189e-08 |
+----------------+----------------+----------------+----------------+


Time Step 38, time = 0.0038, dt = 0.0001
 * Nonlinear |R| = [32m2.244990e-03[39m (Before preset BCs, predictors, correctors, and constraints)
 0 Nonlinear |R| = [32m2.238127e-03[39m
      0 Linear |R| = [32m2.238127e-03[39m
      1 Linear |R| = [32m1.307472e-18[39m
 1 Nonlinear |R| = [32m4.320756e-14[39m
[32m Solve Converged![39m

Outlier Variable Residual Norms:
  p: [31m4.316878e-14[39m

Postprocessor Values:
+----------------+----------------+----------------+----------------+
| time           | p_l2           | ux_l2          | uy_l2          |
+----------------+----------------+----------------+----------------+
:                :                :                :                :
|   2.400000e-03 |   1.108431e-06 |   3.944555e-08 |   4.062492e-08 |
|   2.500000e-03 |   1.157385e-06 |   4.108759e-08 |   4.232068e-08 |
|   2.600000e-03 |   1.206391e-06 |   4.272959e-08 |   4.401649e-08 |
|   2.700000e-03 |   1.255441e-06 |   4.437157e-08 |   4.571233e-08 |
|   2.800000e-03 |   1.304530e-06 |   4.601353e-08 |   4.740820e-08 |
|   2.900000e-03 |   1.353653e-06 |   4.765548e-08 |   4.910410e-08 |
|   3.000000e-03 |   1.402806e-06 |   4.929740e-08 |   5.080002e-08 |
|   3.100000e-03 |   1.451985e-06 |   5.093932e-08 |   5.249596e-08 |
|   3.200000e-03 |   1.501186e-06 |   5.258122e-08 |   5.419192e-08 |
|   3.300000e-03 |   1.550408e-06 |   5.422311e-08 |   5.588789e-08 |
|   3.400000e-03 |   1.599648e-06 |   5.586499e-08 |   5.758388e-08 |
|   3.500000e-03 |   1.648903e-06 |   5.750686e-08 |   5.927987e-08 |
|   3.600000e-03 |   1.698173e-06 |   5.914873e-08 |   6.097588e-08 |
|   3.700000e-03 |   1.747454e-06 |   6.079058e-08 |   6.267189e-08 |
|   3.800000e-03 |   1.796747e-06 |   6.243243e-08 |   6.436791e-08 |
+----------------+----------------+----------------+----------------+


Time Step 39, time = 0.0039, dt = 0.0001
 * Nonlinear |R| = [32m2.244989e-03[39m (Before preset BCs, predictors, correctors, and constraints)
 0 Nonlinear |R| = [32m2.238126e-03[39m
      0 Linear |R| = [32m2.238126e-03[39m
      1 Linear |R| = [32m7.797898e-19[39m
 1 Nonlinear |R| = [32m4.924490e-14[39m
[32m Solve Converged![39m

Outlier Variable Residual Norms:
  p: [31m4.922026e-14[39m

Postprocessor Values:
+----------------+----------------+----------------+----------------+
| time           | p_l2           | ux_l2          | uy_l2          |
+----------------+----------------+----------------+----------------+
:                :                :                :                :
|   2.500000e-03 |   1.157385e-06 |   4.108759e-08 |   4.232068e-08 |
|   2.600000e-03 |   1.206391e-06 |   4.272959e-08 |   4.401649e-08 |
|   2.700000e-03 |   1.255441e-06 |   4.437157e-08 |   4.571233e-08 |
|   2.800000e-03 |   1.304530e-06 |   4.601353e-08 |   4.740820e-08 |
|   2.900000e-03 |   1.353653e-06 |   4.765548e-08 |   4.910410e-08 |
|   3.000000e-03 |   1.402806e-06 |   4.929740e-08 |   5.080002e-08 |
|   3.100000e-03 |   1.451985e-06 |   5.093932e-08 |   5.249596e-08 |
|   3.200000e-03 |   1.501186e-06 |   5.258122e-08 |   5.419192e-08 |
|   3.300000e-03 |   1.550408e-06 |   5.422311e-08 |   5.588789e-08 |
|   3.400000e-03 |   1.599648e-06 |   5.586499e-08 |   5.758388e-08 |
|   3.500000e-03 |   1.648903e-06 |   5.750686e-08 |   5.927987e-08 |
|   3.600000e-03 |   1.698173e-06 |   5.914873e-08 |   6.097588e-08 |
|   3.700000e-03 |   1.747454e-06 |   6.079058e-08 |   6.267189e-08 |
|   3.800000e-03 |   1.796747e-06 |   6.243243e-08 |   6.436791e-08 |
|   3.900000e-03 |   1.846049e-06 |   6.407428e-08 |   6.606393e-08 |
+----------------+----------------+----------------+----------------+


Time Step 40, time = 0.004, dt = 0.0001
 * Nonlinear |R| = [32m2.244988e-03[39m (Before preset BCs, predictors, correctors, and constraints)
 0 Nonlinear |R| = [32m2.238125e-03[39m
      0 Linear |R| = [32m2.238125e-03[39m
      1 Linear |R| = [32m7.007096e-19[39m
 1 Nonlinear |R| = [32m4.297017e-14[39m
[32m Solve Converged![39m

Outlier Variable Residual Norms:
  p: [31m4.293028e-14[39m

Postprocessor Values:
+----------------+----------------+----------------+----------------+
| time           | p_l2           | ux_l2          | uy_l2          |
+----------------+----------------+----------------+----------------+
:                :                :                :                :
|   2.600000e-03 |   1.206391e-06 |   4.272959e-08 |   4.401649e-08 |
|   2.700000e-03 |   1.255441e-06 |   4.437157e-08 |   4.571233e-08 |
|   2.800000e-03 |   1.304530e-06 |   4.601353e-08 |   4.740820e-08 |
|   2.900000e-03 |   1.353653e-06 |   4.765548e-08 |   4.910410e-08 |
|   3.000000e-03 |   1.402806e-06 |   4.929740e-08 |   5.080002e-08 |
|   3.100000e-03 |   1.451985e-06 |   5.093932e-08 |   5.249596e-08 |
|   3.200000e-03 |   1.501186e-06 |   5.258122e-08 |   5.419192e-08 |
|   3.300000e-03 |   1.550408e-06 |   5.422311e-08 |   5.588789e-08 |
|   3.400000e-03 |   1.599648e-06 |   5.586499e-08 |   5.758388e-08 |
|   3.500000e-03 |   1.648903e-06 |   5.750686e-08 |   5.927987e-08 |
|   3.600000e-03 |   1.698173e-06 |   5.914873e-08 |   6.097588e-08 |
|   3.700000e-03 |   1.747454e-06 |   6.079058e-08 |   6.267189e-08 |
|   3.800000e-03 |   1.796747e-06 |   6.243243e-08 |   6.436791e-08 |
|   3.900000e-03 |   1.846049e-06 |   6.407428e-08 |   6.606393e-08 |
|   4.000000e-03 |   1.895361e-06 |   6.571612e-08 |   6.775997e-08 |
+----------------+----------------+----------------+----------------+


Time Step 41, time = 0.0041, dt = 0.0001
 * Nonlinear |R| = [32m2.244988e-03[39m (Before preset BCs, predictors, correctors, and constraints)
 0 Nonlinear |R| = [32m2.238124e-03[39m
      0 Linear |R| = [32m2.238124e-03[39m
      1 Linear |R| = [32m8.997697e-19[39m
 1 Nonlinear |R| = [32m5.124102e-14[39m
[32m Solve Converged![39m

Outlier Variable Residual Norms:
  p: [31m5.119497e-14[39m

Postprocessor Values:
+----------------+----------------+----------------+----------------+
| time           | p_l2           | ux_l2          | uy_l2          |
+----------------+----------------+----------------+----------------+
:                :                :                :                :
|   2.700000e-03 |   1.255441e-06 |   4.437157e-08 |   4.571233e-08 |
|   2.800000e-03 |   1.304530e-06 |   4.601353e-08 |   4.740820e-08 |
|   2.900000e-03 |   1.353653e-06 |   4.765548e-08 |   4.910410e-08 |
|   3.000000e-03 |   1.402806e-06 |   4.929740e-08 |   5.080002e-08 |
|   3.100000e-03 |   1.451985e-06 |   5.093932e-08 |   5.249596e-08 |
|   3.200000e-03 |   1.501186e-06 |   5.258122e-08 |   5.419192e-08 |
|   3.300000e-03 |   1.550408e-06 |   5.422311e-08 |   5.588789e-08 |
|   3.400000e-03 |   1.599648e-06 |   5.586499e-08 |   5.758388e-08 |
|   3.500000e-03 |   1.648903e-06 |   5.750686e-08 |   5.927987e-08 |
|   3.600000e-03 |   1.698173e-06 |   5.914873e-08 |   6.097588e-08 |
|   3.700000e-03 |   1.747454e-06 |   6.079058e-08 |   6.267189e-08 |
|   3.800000e-03 |   1.796747e-06 |   6.243243e-08 |   6.436791e-08 |
|   3.900000e-03 |   1.846049e-06 |   6.407428e-08 |   6.606393e-08 |
|   4.000000e-03 |   1.895361e-06 |   6.571612e-08 |   6.775997e-08 |
|   4.100000e-03 |   1.944680e-06 |   6.735795e-08 |   6.945600e-08 |
+----------------+----------------+----------------+----------------+


Time Step 42, time = 0.0042, dt = 0.0001
 * Nonlinear |R| = [32m2.244987e-03[39m (Before preset BCs, predictors, correctors, and constraints)
 0 Nonlinear |R| = [32m2.238123e-03[39m
      0 Linear |R| = [32m2.238123e-03[39m
      1 Linear |R| = [32m5.433156e-19[39m
 1 Nonlinear |R| = [32m4.565259e-14[39m
[32m Solve Converged![39m

Outlier Variable Residual Norms:
  p: [31m4.561439e-14[39m

Postprocessor Values:
+----------------+----------------+----------------+----------------+
| time           | p_l2           | ux_l2          | uy_l2          |
+----------------+----------------+----------------+----------------+
:                :                :                :                :
|   2.800000e-03 |   1.304530e-06 |   4.601353e-08 |   4.740820e-08 |
|   2.900000e-03 |   1.353653e-06 |   4.765548e-08 |   4.910410e-08 |
|   3.000000e-03 |   1.402806e-06 |   4.929740e-08 |   5.080002e-08 |
|   3.100000e-03 |   1.451985e-06 |   5.093932e-08 |   5.249596e-08 |
|   3.200000e-03 |   1.501186e-06 |   5.258122e-08 |   5.419192e-08 |
|   3.300000e-03 |   1.550408e-06 |   5.422311e-08 |   5.588789e-08 |
|   3.400000e-03 |   1.599648e-06 |   5.586499e-08 |   5.758388e-08 |
|   3.500000e-03 |   1.648903e-06 |   5.750686e-08 |   5.927987e-08 |
|   3.600000e-03 |   1.698173e-06 |   5.914873e-08 |   6.097588e-08 |
|   3.700000e-03 |   1.747454e-06 |   6.079058e-08 |   6.267189e-08 |
|   3.800000e-03 |   1.796747e-06 |   6.243243e-08 |   6.436791e-08 |
|   3.900000e-03 |   1.846049e-06 |   6.407428e-08 |   6.606393e-08 |
|   4.000000e-03 |   1.895361e-06 |   6.571612e-08 |   6.775997e-08 |
|   4.100000e-03 |   1.944680e-06 |   6.735795e-08 |   6.945600e-08 |
|   4.200000e-03 |   1.994006e-06 |   6.899978e-08 |   7.115204e-08 |
+----------------+----------------+----------------+----------------+


Time Step 43, time = 0.0043, dt = 0.0001
 * Nonlinear |R| = [32m2.244986e-03[39m (Before preset BCs, predictors, correctors, and constraints)
 0 Nonlinear |R| = [32m2.238122e-03[39m
      0 Linear |R| = [32m2.238122e-03[39m
      1 Linear |R| = [32m7.262413e-19[39m
 1 Nonlinear |R| = [32m3.631152e-14[39m
[32m Solve Converged![39m

Outlier Variable Residual Norms:
  p: [31m3.626267e-14[39m

Postprocessor Values:
+----------------+----------------+----------------+----------------+
| time           | p_l2           | ux_l2          | uy_l2          |
+----------------+----------------+----------------+----------------+
:                :                :                :                :
|   2.900000e-03 |   1.353653e-06 |   4.765548e-08 |   4.910410e-08 |
|   3.000000e-03 |   1.402806e-06 |   4.929740e-08 |   5.080002e-08 |
|   3.100000e-03 |   1.451985e-06 |   5.093932e-08 |   5.249596e-08 |
|   3.200000e-03 |   1.501186e-06 |   5.258122e-08 |   5.419192e-08 |
|   3.300000e-03 |   1.550408e-06 |   5.422311e-08 |   5.588789e-08 |
|   3.400000e-03 |   1.599648e-06 |   5.586499e-08 |   5.758388e-08 |
|   3.500000e-03 |   1.648903e-06 |   5.750686e-08 |   5.927987e-08 |
|   3.600000e-03 |   1.698173e-06 |   5.914873e-08 |   6.097588e-08 |
|   3.700000e-03 |   1.747454e-06 |   6.079058e-08 |   6.267189e-08 |
|   3.800000e-03 |   1.796747e-06 |   6.243243e-08 |   6.436791e-08 |
|   3.900000e-03 |   1.846049e-06 |   6.407428e-08 |   6.606393e-08 |
|   4.000000e-03 |   1.895361e-06 |   6.571612e-08 |   6.775997e-08 |
|   4.100000e-03 |   1.944680e-06 |   6.735795e-08 |   6.945600e-08 |
|   4.200000e-03 |   1.994006e-06 |   6.899978e-08 |   7.115204e-08 |
|   4.300000e-03 |   2.043338e-06 |   7.064161e-08 |   7.284808e-08 |
+----------------+----------------+----------------+----------------+


Time Step 44, time = 0.0044, dt = 0.0001
 * Nonlinear |R| = [32m2.244985e-03[39m (Before preset BCs, predictors, correctors, and constraints)
 0 Nonlinear |R| = [32m2.238121e-03[39m
      0 Linear |R| = [32m2.238121e-03[39m
      1 Linear |R| = [32m1.046637e-18[39m
 1 Nonlinear |R| = [32m2.275723e-14[39m
[32m Solve Converged![39m

Outlier Variable Residual Norms:
  p: [31m2.269726e-14[39m

Postprocessor Values:
+----------------+----------------+----------------+----------------+
| time           | p_l2           | ux_l2          | uy_l2          |
+----------------+----------------+----------------+----------------+
:                :                :                :                :
|   3.000000e-03 |   1.402806e-06 |   4.929740e-08 |   5.080002e-08 |
|   3.100000e-03 |   1.451985e-06 |   5.093932e-08 |   5.249596e-08 |
|   3.200000e-03 |   1.501186e-06 |   5.258122e-08 |   5.419192e-08 |
|   3.300000e-03 |   1.550408e-06 |   5.422311e-08 |   5.588789e-08 |
|   3.400000e-03 |   1.599648e-06 |   5.586499e-08 |   5.758388e-08 |
|   3.500000e-03 |   1.648903e-06 |   5.750686e-08 |   5.927987e-08 |
|   3.600000e-03 |   1.698173e-06 |   5.914873e-08 |   6.097588e-08 |
|   3.700000e-03 |   1.747454e-06 |   6.079058e-08 |   6.267189e-08 |
|   3.800000e-03 |   1.796747e-06 |   6.243243e-08 |   6.436791e-08 |
|   3.900000e-03 |   1.846049e-06 |   6.407428e-08 |   6.606393e-08 |
|   4.000000e-03 |   1.895361e-06 |   6.571612e-08 |   6.775997e-08 |
|   4.100000e-03 |   1.944680e-06 |   6.735795e-08 |   6.945600e-08 |
|   4.200000e-03 |   1.994006e-06 |   6.899978e-08 |   7.115204e-08 |
|   4.300000e-03 |   2.043338e-06 |   7.064161e-08 |   7.284808e-08 |
|   4.400000e-03 |   2.092677e-06 |   7.228343e-08 |   7.454412e-08 |
+----------------+----------------+----------------+----------------+


Time Step 45, time = 0.0045, dt = 0.0001
 * Nonlinear |R| = [32m2.244984e-03[39m (Before preset BCs, predictors, correctors, and constraints)
 0 Nonlinear |R| = [32m2.238121e-03[39m
      0 Linear |R| = [32m2.238121e-03[39m
      1 Linear |R| = [32m9.752829e-19[39m
 1 Nonlinear |R| = [32m3.888651e-14[39m
[32m Solve Converged![39m

Outlier Variable Residual Norms:
  p: [31m3.885120e-14[39m

Postprocessor Values:
+----------------+----------------+----------------+----------------+
| time           | p_l2           | ux_l2          | uy_l2          |
+----------------+----------------+----------------+----------------+
:                :                :                :                :
|   3.100000e-03 |   1.451985e-06 |   5.093932e-08 |   5.249596e-08 |
|   3.200000e-03 |   1.501186e-06 |   5.258122e-08 |   5.419192e-08 |
|   3.300000e-03 |   1.550408e-06 |   5.422311e-08 |   5.588789e-08 |
|   3.400000e-03 |   1.599648e-06 |   5.586499e-08 |   5.758388e-08 |
|   3.500000e-03 |   1.648903e-06 |   5.750686e-08 |   5.927987e-08 |
|   3.600000e-03 |   1.698173e-06 |   5.914873e-08 |   6.097588e-08 |
|   3.700000e-03 |   1.747454e-06 |   6.079058e-08 |   6.267189e-08 |
|   3.800000e-03 |   1.796747e-06 |   6.243243e-08 |   6.436791e-08 |
|   3.900000e-03 |   1.846049e-06 |   6.407428e-08 |   6.606393e-08 |
|   4.000000e-03 |   1.895361e-06 |   6.571612e-08 |   6.775997e-08 |
|   4.100000e-03 |   1.944680e-06 |   6.735795e-08 |   6.945600e-08 |
|   4.200000e-03 |   1.994006e-06 |   6.899978e-08 |   7.115204e-08 |
|   4.300000e-03 |   2.043338e-06 |   7.064161e-08 |   7.284808e-08 |
|   4.400000e-03 |   2.092677e-06 |   7.228343e-08 |   7.454412e-08 |
|   4.500000e-03 |   2.142020e-06 |   7.392526e-08 |   7.624017e-08 |
+----------------+----------------+----------------+----------------+


Time Step 46, time = 0.0046, dt = 0.0001
 * Nonlinear |R| = [32m2.244983e-03[39m (Before preset BCs, predictors, correctors, and constraints)
 0 Nonlinear |R| = [32m2.238120e-03[39m
      0 Linear |R| = [32m2.238120e-03[39m
      1 Linear |R| = [32m1.049212e-18[39m
 1 Nonlinear |R| = [32m3.094171e-14[39m
[32m Solve Converged![39m

Outlier Variable Residual Norms:
  p: [31m3.090980e-14[39m

Postprocessor Values:
+----------------+----------------+----------------+----------------+
| time           | p_l2           | ux_l2          | uy_l2          |
+----------------+----------------+----------------+----------------+
:                :                :                :                :
|   3.200000e-03 |   1.501186e-06 |   5.258122e-08 |   5.419192e-08 |
|   3.300000e-03 |   1.550408e-06 |   5.422311e-08 |   5.588789e-08 |
|   3.400000e-03 |   1.599648e-06 |   5.586499e-08 |   5.758388e-08 |
|   3.500000e-03 |   1.648903e-06 |   5.750686e-08 |   5.927987e-08 |
|   3.600000e-03 |   1.698173e-06 |   5.914873e-08 |   6.097588e-08 |
|   3.700000e-03 |   1.747454e-06 |   6.079058e-08 |   6.267189e-08 |
|   3.800000e-03 |   1.796747e-06 |   6.243243e-08 |   6.436791e-08 |
|   3.900000e-03 |   1.846049e-06 |   6.407428e-08 |   6.606393e-08 |
|   4.000000e-03 |   1.895361e-06 |   6.571612e-08 |   6.775997e-08 |
|   4.100000e-03 |   1.944680e-06 |   6.735795e-08 |   6.945600e-08 |
|   4.200000e-03 |   1.994006e-06 |   6.899978e-08 |   7.115204e-08 |
|   4.300000e-03 |   2.043338e-06 |   7.064161e-08 |   7.284808e-08 |
|   4.400000e-03 |   2.092677e-06 |   7.228343e-08 |   7.454412e-08 |
|   4.500000e-03 |   2.142020e-06 |   7.392526e-08 |   7.624017e-08 |
|   4.600000e-03 |   2.191369e-06 |   7.556707e-08 |   7.793622e-08 |
+----------------+----------------+----------------+----------------+


Time Step 47, time = 0.0047, dt = 0.0001
 * Nonlinear |R| = [32m2.244982e-03[39m (Before preset BCs, predictors, correctors, and constraints)
 0 Nonlinear |R| = [32m2.238119e-03[39m
      0 Linear |R| = [32m2.238119e-03[39m
      1 Linear |R| = [32m6.822869e-19[39m
 1 Nonlinear |R| = [32m3.929258e-14[39m
[32m Solve Converged![39m

Outlier Variable Residual Norms:
  p: [31m3.925991e-14[39m

Postprocessor Values:
+----------------+----------------+----------------+----------------+
| time           | p_l2           | ux_l2          | uy_l2          |
+----------------+----------------+----------------+----------------+
:                :                :                :                :
|   3.300000e-03 |   1.550408e-06 |   5.422311e-08 |   5.588789e-08 |
|   3.400000e-03 |   1.599648e-06 |   5.586499e-08 |   5.758388e-08 |
|   3.500000e-03 |   1.648903e-06 |   5.750686e-08 |   5.927987e-08 |
|   3.600000e-03 |   1.698173e-06 |   5.914873e-08 |   6.097588e-08 |
|   3.700000e-03 |   1.747454e-06 |   6.079058e-08 |   6.267189e-08 |
|   3.800000e-03 |   1.796747e-06 |   6.243243e-08 |   6.436791e-08 |
|   3.900000e-03 |   1.846049e-06 |   6.407428e-08 |   6.606393e-08 |
|   4.000000e-03 |   1.895361e-06 |   6.571612e-08 |   6.775997e-08 |
|   4.100000e-03 |   1.944680e-06 |   6.735795e-08 |   6.945600e-08 |
|   4.200000e-03 |   1.994006e-06 |   6.899978e-08 |   7.115204e-08 |
|   4.300000e-03 |   2.043338e-06 |   7.064161e-08 |   7.284808e-08 |
|   4.400000e-03 |   2.092677e-06 |   7.228343e-08 |   7.454412e-08 |
|   4.500000e-03 |   2.142020e-06 |   7.392526e-08 |   7.624017e-08 |
|   4.600000e-03 |   2.191369e-06 |   7.556707e-08 |   7.793622e-08 |
|   4.700000e-03 |   2.240721e-06 |   7.720889e-08 |   7.963227e-08 |
+----------------+----------------+----------------+----------------+


Time Step 48, time = 0.0048, dt = 0.0001
 * Nonlinear |R| = [32m2.244981e-03[39m (Before preset BCs, predictors, correctors, and constraints)
 0 Nonlinear |R| = [32m2.238118e-03[39m
      0 Linear |R| = [32m2.238118e-03[39m
      1 Linear |R| = [32m4.417414e-19[39m
 1 Nonlinear |R| = [32m2.811431e-14[39m
[32m Solve Converged![39m

Outlier Variable Residual Norms:
  p: [31m2.805121e-14[39m

Postprocessor Values:
+----------------+----------------+----------------+----------------+
| time           | p_l2           | ux_l2          | uy_l2          |
+----------------+----------------+----------------+----------------+
:                :                :                :                :
|   3.400000e-03 |   1.599648e-06 |   5.586499e-08 |   5.758388e-08 |
|   3.500000e-03 |   1.648903e-06 |   5.750686e-08 |   5.927987e-08 |
|   3.600000e-03 |   1.698173e-06 |   5.914873e-08 |   6.097588e-08 |
|   3.700000e-03 |   1.747454e-06 |   6.079058e-08 |   6.267189e-08 |
|   3.800000e-03 |   1.796747e-06 |   6.243243e-08 |   6.436791e-08 |
|   3.900000e-03 |   1.846049e-06 |   6.407428e-08 |   6.606393e-08 |
|   4.000000e-03 |   1.895361e-06 |   6.571612e-08 |   6.775997e-08 |
|   4.100000e-03 |   1.944680e-06 |   6.735795e-08 |   6.945600e-08 |
|   4.200000e-03 |   1.994006e-06 |   6.899978e-08 |   7.115204e-08 |
|   4.300000e-03 |   2.043338e-06 |   7.064161e-08 |   7.284808e-08 |
|   4.400000e-03 |   2.092677e-06 |   7.228343e-08 |   7.454412e-08 |
|   4.500000e-03 |   2.142020e-06 |   7.392526e-08 |   7.624017e-08 |
|   4.600000e-03 |   2.191369e-06 |   7.556707e-08 |   7.793622e-08 |
|   4.700000e-03 |   2.240721e-06 |   7.720889e-08 |   7.963227e-08 |
|   4.800000e-03 |   2.290078e-06 |   7.885070e-08 |   8.132832e-08 |
+----------------+----------------+----------------+----------------+


Time Step 49, time = 0.0049, dt = 0.0001
 * Nonlinear |R| = [32m2.244981e-03[39m (Before preset BCs, predictors, correctors, and constraints)
 0 Nonlinear |R| = [32m2.238117e-03[39m
      0 Linear |R| = [32m2.238117e-03[39m
      1 Linear |R| = [32m1.148442e-18[39m
 1 Nonlinear |R| = [32m2.278794e-14[39m
[32m Solve Converged![39m

Outlier Variable Residual Norms:
  p: [31m2.272753e-14[39m

Postprocessor Values:
+----------------+----------------+----------------+----------------+
| time           | p_l2           | ux_l2          | uy_l2          |
+----------------+----------------+----------------+----------------+
:                :                :                :                :
|   3.500000e-03 |   1.648903e-06 |   5.750686e-08 |   5.927987e-08 |
|   3.600000e-03 |   1.698173e-06 |   5.914873e-08 |   6.097588e-08 |
|   3.700000e-03 |   1.747454e-06 |   6.079058e-08 |   6.267189e-08 |
|   3.800000e-03 |   1.796747e-06 |   6.243243e-08 |   6.436791e-08 |
|   3.900000e-03 |   1.846049e-06 |   6.407428e-08 |   6.606393e-08 |
|   4.000000e-03 |   1.895361e-06 |   6.571612e-08 |   6.775997e-08 |
|   4.100000e-03 |   1.944680e-06 |   6.735795e-08 |   6.945600e-08 |
|   4.200000e-03 |   1.994006e-06 |   6.899978e-08 |   7.115204e-08 |
|   4.300000e-03 |   2.043338e-06 |   7.064161e-08 |   7.284808e-08 |
|   4.400000e-03 |   2.092677e-06 |   7.228343e-08 |   7.454412e-08 |
|   4.500000e-03 |   2.142020e-06 |   7.392526e-08 |   7.624017e-08 |
|   4.600000e-03 |   2.191369e-06 |   7.556707e-08 |   7.793622e-08 |
|   4.700000e-03 |   2.240721e-06 |   7.720889e-08 |   7.963227e-08 |
|   4.800000e-03 |   2.290078e-06 |   7.885070e-08 |   8.132832e-08 |
|   4.900000e-03 |   2.339438e-06 |   8.049251e-08 |   8.302438e-08 |
+----------------+----------------+----------------+----------------+


Time Step 50, time = 0.005, dt = 0.0001
 * Nonlinear |R| = [32m2.244980e-03[39m (Before preset BCs, predictors, correctors, and constraints)
 0 Nonlinear |R| = [32m2.238116e-03[39m
      0 Linear |R| = [32m2.238116e-03[39m
      1 Linear |R| = [32m5.813013e-19[39m
 1 Nonlinear |R| = [32m3.760673e-14[39m
[32m Solve Converged![39m

Outlier Variable Residual Norms:
  p: [31m3.755510e-14[39m

Postprocessor Values:
+----------------+----------------+----------------+----------------+
| time           | p_l2           | ux_l2          | uy_l2          |
+----------------+----------------+----------------+----------------+
:                :                :                :                :
|   3.600000e-03 |   1.698173e-06 |   5.914873e-08 |   6.097588e-08 |
|   3.700000e-03 |   1.747454e-06 |   6.079058e-08 |   6.267189e-08 |
|   3.800000e-03 |   1.796747e-06 |   6.243243e-08 |   6.436791e-08 |
|   3.900000e-03 |   1.846049e-06 |   6.407428e-08 |   6.606393e-08 |
|   4.000000e-03 |   1.895361e-06 |   6.571612e-08 |   6.775997e-08 |
|   4.100000e-03 |   1.944680e-06 |   6.735795e-08 |   6.945600e-08 |
|   4.200000e-03 |   1.994006e-06 |   6.899978e-08 |   7.115204e-08 |
|   4.300000e-03 |   2.043338e-06 |   7.064161e-08 |   7.284808e-08 |
|   4.400000e-03 |   2.092677e-06 |   7.228343e-08 |   7.454412e-08 |
|   4.500000e-03 |   2.142020e-06 |   7.392526e-08 |   7.624017e-08 |
|   4.600000e-03 |   2.191369e-06 |   7.556707e-08 |   7.793622e-08 |
|   4.700000e-03 |   2.240721e-06 |   7.720889e-08 |   7.963227e-08 |
|   4.800000e-03 |   2.290078e-06 |   7.885070e-08 |   8.132832e-08 |
|   4.900000e-03 |   2.339438e-06 |   8.049251e-08 |   8.302438e-08 |
|   5.000000e-03 |   2.388801e-06 |   8.213432e-08 |   8.472043e-08 |
+----------------+----------------+----------------+----------------+


Time Step 51, time = 0.0051, dt = 0.0001
 * Nonlinear |R| = [32m2.244979e-03[39m (Before preset BCs, predictors, correctors, and constraints)
 0 Nonlinear |R| = [32m2.238115e-03[39m
      0 Linear |R| = [32m2.238115e-03[39m
      1 Linear |R| = [32m6.359448e-19[39m
 1 Nonlinear |R| = [32m3.263041e-14[39m
[32m Solve Converged![39m

Outlier Variable Residual Norms:
  p: [31m3.258771e-14[39m

Postprocessor Values:
+----------------+----------------+----------------+----------------+
| time           | p_l2           | ux_l2          | uy_l2          |
+----------------+----------------+----------------+----------------+
:                :                :                :                :
|   3.700000e-03 |   1.747454e-06 |   6.079058e-08 |   6.267189e-08 |
|   3.800000e-03 |   1.796747e-06 |   6.243243e-08 |   6.436791e-08 |
|   3.900000e-03 |   1.846049e-06 |   6.407428e-08 |   6.606393e-08 |
|   4.000000e-03 |   1.895361e-06 |   6.571612e-08 |   6.775997e-08 |
|   4.100000e-03 |   1.944680e-06 |   6.735795e-08 |   6.945600e-08 |
|   4.200000e-03 |   1.994006e-06 |   6.899978e-08 |   7.115204e-08 |
|   4.300000e-03 |   2.043338e-06 |   7.064161e-08 |   7.284808e-08 |
|   4.400000e-03 |   2.092677e-06 |   7.228343e-08 |   7.454412e-08 |
|   4.500000e-03 |   2.142020e-06 |   7.392526e-08 |   7.624017e-08 |
|   4.600000e-03 |   2.191369e-06 |   7.556707e-08 |   7.793622e-08 |
|   4.700000e-03 |   2.240721e-06 |   7.720889e-08 |   7.963227e-08 |
|   4.800000e-03 |   2.290078e-06 |   7.885070e-08 |   8.132832e-08 |
|   4.900000e-03 |   2.339438e-06 |   8.049251e-08 |   8.302438e-08 |
|   5.000000e-03 |   2.388801e-06 |   8.213432e-08 |   8.472043e-08 |
|   5.100000e-03 |   2.438168e-06 |   8.377613e-08 |   8.641648e-08 |
+----------------+----------------+----------------+----------------+


Time Step 52, time = 0.0052, dt = 0.0001
 * Nonlinear |R| = [32m2.244978e-03[39m (Before preset BCs, predictors, correctors, and constraints)
 0 Nonlinear |R| = [32m2.238114e-03[39m
      0 Linear |R| = [32m2.238114e-03[39m
      1 Linear |R| = [32m7.802675e-19[39m
 1 Nonlinear |R| = [32m2.657944e-14[39m
[32m Solve Converged![39m

Outlier Variable Residual Norms:
  p: [31m2.651756e-14[39m

Postprocessor Values:
+----------------+----------------+----------------+----------------+
| time           | p_l2           | ux_l2          | uy_l2          |
+----------------+----------------+----------------+----------------+
:                :                :                :                :
|   3.800000e-03 |   1.796747e-06 |   6.243243e-08 |   6.436791e-08 |
|   3.900000e-03 |   1.846049e-06 |   6.407428e-08 |   6.606393e-08 |
|   4.000000e-03 |   1.895361e-06 |   6.571612e-08 |   6.775997e-08 |
|   4.100000e-03 |   1.944680e-06 |   6.735795e-08 |   6.945600e-08 |
|   4.200000e-03 |   1.994006e-06 |   6.899978e-08 |   7.115204e-08 |
|   4.300000e-03 |   2.043338e-06 |   7.064161e-08 |   7.284808e-08 |
|   4.400000e-03 |   2.092677e-06 |   7.228343e-08 |   7.454412e-08 |
|   4.500000e-03 |   2.142020e-06 |   7.392526e-08 |   7.624017e-08 |
|   4.600000e-03 |   2.191369e-06 |   7.556707e-08 |   7.793622e-08 |
|   4.700000e-03 |   2.240721e-06 |   7.720889e-08 |   7.963227e-08 |
|   4.800000e-03 |   2.290078e-06 |   7.885070e-08 |   8.132832e-08 |
|   4.900000e-03 |   2.339438e-06 |   8.049251e-08 |   8.302438e-08 |
|   5.000000e-03 |   2.388801e-06 |   8.213432e-08 |   8.472043e-08 |
|   5.100000e-03 |   2.438168e-06 |   8.377613e-08 |   8.641648e-08 |
|   5.200000e-03 |   2.487537e-06 |   8.541793e-08 |   8.811254e-08 |
+----------------+----------------+----------------+----------------+


Time Step 53, time = 0.0053, dt = 0.0001
 * Nonlinear |R| = [32m2.244977e-03[39m (Before preset BCs, predictors, correctors, and constraints)
 0 Nonlinear |R| = [32m2.238113e-03[39m
      0 Linear |R| = [32m2.238113e-03[39m
      1 Linear |R| = [32m4.411258e-19[39m
 1 Nonlinear |R| = [32m3.145677e-14[39m
[32m Solve Converged![39m

Outlier Variable Residual Norms:
  p: [31m3.139641e-14[39m

Postprocessor Values:
+----------------+----------------+----------------+----------------+
| time           | p_l2           | ux_l2          | uy_l2          |
+----------------+----------------+----------------+----------------+
:                :                :                :                :
|   3.900000e-03 |   1.846049e-06 |   6.407428e-08 |   6.606393e-08 |
|   4.000000e-03 |   1.895361e-06 |   6.571612e-08 |   6.775997e-08 |
|   4.100000e-03 |   1.944680e-06 |   6.735795e-08 |   6.945600e-08 |
|   4.200000e-03 |   1.994006e-06 |   6.899978e-08 |   7.115204e-08 |
|   4.300000e-03 |   2.043338e-06 |   7.064161e-08 |   7.284808e-08 |
|   4.400000e-03 |   2.092677e-06 |   7.228343e-08 |   7.454412e-08 |
|   4.500000e-03 |   2.142020e-06 |   7.392526e-08 |   7.624017e-08 |
|   4.600000e-03 |   2.191369e-06 |   7.556707e-08 |   7.793622e-08 |
|   4.700000e-03 |   2.240721e-06 |   7.720889e-08 |   7.963227e-08 |
|   4.800000e-03 |   2.290078e-06 |   7.885070e-08 |   8.132832e-08 |
|   4.900000e-03 |   2.339438e-06 |   8.049251e-08 |   8.302438e-08 |
|   5.000000e-03 |   2.388801e-06 |   8.213432e-08 |   8.472043e-08 |
|   5.100000e-03 |   2.438168e-06 |   8.377613e-08 |   8.641648e-08 |
|   5.200000e-03 |   2.487537e-06 |   8.541793e-08 |   8.811254e-08 |
|   5.300000e-03 |   2.536909e-06 |   8.705973e-08 |   8.980860e-08 |
+----------------+----------------+----------------+----------------+


Time Step 54, time = 0.0054, dt = 0.0001
 * Nonlinear |R| = [32m2.244975e-03[39m (Before preset BCs, predictors, correctors, and constraints)
 0 Nonlinear |R| = [32m2.238112e-03[39m
      0 Linear |R| = [32m2.238112e-03[39m
      1 Linear |R| = [32m4.686481e-19[39m
 1 Nonlinear |R| = [32m5.275626e-14[39m
[32m Solve Converged![39m

Outlier Variable Residual Norms:
  p: [31m5.272191e-14[39m

Postprocessor Values:
+----------------+----------------+----------------+----------------+
| time           | p_l2           | ux_l2          | uy_l2          |
+----------------+----------------+----------------+----------------+
:                :                :                :                :
|   4.000000e-03 |   1.895361e-06 |   6.571612e-08 |   6.775997e-08 |
|   4.100000e-03 |   1.944680e-06 |   6.735795e-08 |   6.945600e-08 |
|   4.200000e-03 |   1.994006e-06 |   6.899978e-08 |   7.115204e-08 |
|   4.300000e-03 |   2.043338e-06 |   7.064161e-08 |   7.284808e-08 |
|   4.400000e-03 |   2.092677e-06 |   7.228343e-08 |   7.454412e-08 |
|   4.500000e-03 |   2.142020e-06 |   7.392526e-08 |   7.624017e-08 |
|   4.600000e-03 |   2.191369e-06 |   7.556707e-08 |   7.793622e-08 |
|   4.700000e-03 |   2.240721e-06 |   7.720889e-08 |   7.963227e-08 |
|   4.800000e-03 |   2.290078e-06 |   7.885070e-08 |   8.132832e-08 |
|   4.900000e-03 |   2.339438e-06 |   8.049251e-08 |   8.302438e-08 |
|   5.000000e-03 |   2.388801e-06 |   8.213432e-08 |   8.472043e-08 |
|   5.100000e-03 |   2.438168e-06 |   8.377613e-08 |   8.641648e-08 |
|   5.200000e-03 |   2.487537e-06 |   8.541793e-08 |   8.811254e-08 |
|   5.300000e-03 |   2.536909e-06 |   8.705973e-08 |   8.980860e-08 |
|   5.400000e-03 |   2.586284e-06 |   8.870153e-08 |   9.150465e-08 |
+----------------+----------------+----------------+----------------+


Time Step 55, time = 0.0055, dt = 0.0001
 * Nonlinear |R| = [32m2.244974e-03[39m (Before preset BCs, predictors, correctors, and constraints)
 0 Nonlinear |R| = [32m2.238111e-03[39m
      0 Linear |R| = [32m2.238111e-03[39m
      1 Linear |R| = [32m1.639827e-18[39m
 1 Nonlinear |R| = [32m2.289393e-14[39m
[32m Solve Converged![39m

Outlier Variable Residual Norms:
  p: [31m2.281520e-14[39m

Postprocessor Values:
+----------------+----------------+----------------+----------------+
| time           | p_l2           | ux_l2          | uy_l2          |
+----------------+----------------+----------------+----------------+
:                :                :                :                :
|   4.100000e-03 |   1.944680e-06 |   6.735795e-08 |   6.945600e-08 |
|   4.200000e-03 |   1.994006e-06 |   6.899978e-08 |   7.115204e-08 |
|   4.300000e-03 |   2.043338e-06 |   7.064161e-08 |   7.284808e-08 |
|   4.400000e-03 |   2.092677e-06 |   7.228343e-08 |   7.454412e-08 |
|   4.500000e-03 |   2.142020e-06 |   7.392526e-08 |   7.624017e-08 |
|   4.600000e-03 |   2.191369e-06 |   7.556707e-08 |   7.793622e-08 |
|   4.700000e-03 |   2.240721e-06 |   7.720889e-08 |   7.963227e-08 |
|   4.800000e-03 |   2.290078e-06 |   7.885070e-08 |   8.132832e-08 |
|   4.900000e-03 |   2.339438e-06 |   8.049251e-08 |   8.302438e-08 |
|   5.000000e-03 |   2.388801e-06 |   8.213432e-08 |   8.472043e-08 |
|   5.100000e-03 |   2.438168e-06 |   8.377613e-08 |   8.641648e-08 |
|   5.200000e-03 |   2.487537e-06 |   8.541793e-08 |   8.811254e-08 |
|   5.300000e-03 |   2.536909e-06 |   8.705973e-08 |   8.980860e-08 |
|   5.400000e-03 |   2.586284e-06 |   8.870153e-08 |   9.150465e-08 |
|   5.500000e-03 |   2.635661e-06 |   9.034333e-08 |   9.320071e-08 |
+----------------+----------------+----------------+----------------+


Time Step 56, time = 0.0056, dt = 0.0001
 * Nonlinear |R| = [32m2.244973e-03[39m (Before preset BCs, predictors, correctors, and constraints)
 0 Nonlinear |R| = [32m2.238110e-03[39m
      0 Linear |R| = [32m2.238110e-03[39m
      1 Linear |R| = [32m8.644288e-19[39m
 1 Nonlinear |R| = [32m3.746347e-14[39m
[32m Solve Converged![39m

Outlier Variable Residual Norms:
  p: [31m3.741893e-14[39m

Postprocessor Values:
+----------------+----------------+----------------+----------------+
| time           | p_l2           | ux_l2          | uy_l2          |
+----------------+----------------+----------------+----------------+
:                :                :                :                :
|   4.200000e-03 |   1.994006e-06 |   6.899978e-08 |   7.115204e-08 |
|   4.300000e-03 |   2.043338e-06 |   7.064161e-08 |   7.284808e-08 |
|   4.400000e-03 |   2.092677e-06 |   7.228343e-08 |   7.454412e-08 |
|   4.500000e-03 |   2.142020e-06 |   7.392526e-08 |   7.624017e-08 |
|   4.600000e-03 |   2.191369e-06 |   7.556707e-08 |   7.793622e-08 |
|   4.700000e-03 |   2.240721e-06 |   7.720889e-08 |   7.963227e-08 |
|   4.800000e-03 |   2.290078e-06 |   7.885070e-08 |   8.132832e-08 |
|   4.900000e-03 |   2.339438e-06 |   8.049251e-08 |   8.302438e-08 |
|   5.000000e-03 |   2.388801e-06 |   8.213432e-08 |   8.472043e-08 |
|   5.100000e-03 |   2.438168e-06 |   8.377613e-08 |   8.641648e-08 |
|   5.200000e-03 |   2.487537e-06 |   8.541793e-08 |   8.811254e-08 |
|   5.300000e-03 |   2.536909e-06 |   8.705973e-08 |   8.980860e-08 |
|   5.400000e-03 |   2.586284e-06 |   8.870153e-08 |   9.150465e-08 |
|   5.500000e-03 |   2.635661e-06 |   9.034333e-08 |   9.320071e-08 |
|   5.600000e-03 |   2.685039e-06 |   9.198513e-08 |   9.489676e-08 |
+----------------+----------------+----------------+----------------+


Time Step 57, time = 0.0057, dt = 0.0001
 * Nonlinear |R| = [32m2.244972e-03[39m (Before preset BCs, predictors, correctors, and constraints)
 0 Nonlinear |R| = [32m2.238108e-03[39m
      0 Linear |R| = [32m2.238108e-03[39m
      1 Linear |R| = [32m1.301724e-18[39m
 1 Nonlinear |R| = [32m2.569747e-14[39m
[32m Solve Converged![39m

Outlier Variable Residual Norms:
  p: [31m2.564725e-14[39m

Postprocessor Values:
+----------------+----------------+----------------+----------------+
| time           | p_l2           | ux_l2          | uy_l2          |
+----------------+----------------+----------------+----------------+
:                :                :                :                :
|   4.300000e-03 |   2.043338e-06 |   7.064161e-08 |   7.284808e-08 |
|   4.400000e-03 |   2.092677e-06 |   7.228343e-08 |   7.454412e-08 |
|   4.500000e-03 |   2.142020e-06 |   7.392526e-08 |   7.624017e-08 |
|   4.600000e-03 |   2.191369e-06 |   7.556707e-08 |   7.793622e-08 |
|   4.700000e-03 |   2.240721e-06 |   7.720889e-08 |   7.963227e-08 |
|   4.800000e-03 |   2.290078e-06 |   7.885070e-08 |   8.132832e-08 |
|   4.900000e-03 |   2.339438e-06 |   8.049251e-08 |   8.302438e-08 |
|   5.000000e-03 |   2.388801e-06 |   8.213432e-08 |   8.472043e-08 |
|   5.100000e-03 |   2.438168e-06 |   8.377613e-08 |   8.641648e-08 |
|   5.200000e-03 |   2.487537e-06 |   8.541793e-08 |   8.811254e-08 |
|   5.300000e-03 |   2.536909e-06 |   8.705973e-08 |   8.980860e-08 |
|   5.400000e-03 |   2.586284e-06 |   8.870153e-08 |   9.150465e-08 |
|   5.500000e-03 |   2.635661e-06 |   9.034333e-08 |   9.320071e-08 |
|   5.600000e-03 |   2.685039e-06 |   9.198513e-08 |   9.489676e-08 |
|   5.700000e-03 |   2.734420e-06 |   9.362693e-08 |   9.659282e-08 |
+----------------+----------------+----------------+----------------+


Time Step 58, time = 0.0058, dt = 0.0001
 * Nonlinear |R| = [32m2.244971e-03[39m (Before preset BCs, predictors, correctors, and constraints)
 0 Nonlinear |R| = [32m2.238107e-03[39m
      0 Linear |R| = [32m2.238107e-03[39m
      1 Linear |R| = [32m7.981336e-19[39m
 1 Nonlinear |R| = [32m3.008773e-14[39m
[32m Solve Converged![39m

Outlier Variable Residual Norms:
  p: [31m3.003257e-14[39m

Postprocessor Values:
+----------------+----------------+----------------+----------------+
| time           | p_l2           | ux_l2          | uy_l2          |
+----------------+----------------+----------------+----------------+
:                :                :                :                :
|   4.400000e-03 |   2.092677e-06 |   7.228343e-08 |   7.454412e-08 |
|   4.500000e-03 |   2.142020e-06 |   7.392526e-08 |   7.624017e-08 |
|   4.600000e-03 |   2.191369e-06 |   7.556707e-08 |   7.793622e-08 |
|   4.700000e-03 |   2.240721e-06 |   7.720889e-08 |   7.963227e-08 |
|   4.800000e-03 |   2.290078e-06 |   7.885070e-08 |   8.132832e-08 |
|   4.900000e-03 |   2.339438e-06 |   8.049251e-08 |   8.302438e-08 |
|   5.000000e-03 |   2.388801e-06 |   8.213432e-08 |   8.472043e-08 |
|   5.100000e-03 |   2.438168e-06 |   8.377613e-08 |   8.641648e-08 |
|   5.200000e-03 |   2.487537e-06 |   8.541793e-08 |   8.811254e-08 |
|   5.300000e-03 |   2.536909e-06 |   8.705973e-08 |   8.980860e-08 |
|   5.400000e-03 |   2.586284e-06 |   8.870153e-08 |   9.150465e-08 |
|   5.500000e-03 |   2.635661e-06 |   9.034333e-08 |   9.320071e-08 |
|   5.600000e-03 |   2.685039e-06 |   9.198513e-08 |   9.489676e-08 |
|   5.700000e-03 |   2.734420e-06 |   9.362693e-08 |   9.659282e-08 |
|   5.800000e-03 |   2.783803e-06 |   9.526872e-08 |   9.828888e-08 |
+----------------+----------------+----------------+----------------+


Time Step 59, time = 0.0059, dt = 0.0001
 * Nonlinear |R| = [32m2.244970e-03[39m (Before preset BCs, predictors, correctors, and constraints)
 0 Nonlinear |R| = [32m2.238106e-03[39m
      0 Linear |R| = [32m2.238106e-03[39m
      1 Linear |R| = [32m7.314386e-19[39m
 1 Nonlinear |R| = [32m2.610196e-14[39m
[32m Solve Converged![39m

Outlier Variable Residual Norms:
  p: [31m2.605045e-14[39m

Postprocessor Values:
+----------------+----------------+----------------+----------------+
| time           | p_l2           | ux_l2          | uy_l2          |
+----------------+----------------+----------------+----------------+
:                :                :                :                :
|   4.500000e-03 |   2.142020e-06 |   7.392526e-08 |   7.624017e-08 |
|   4.600000e-03 |   2.191369e-06 |   7.556707e-08 |   7.793622e-08 |
|   4.700000e-03 |   2.240721e-06 |   7.720889e-08 |   7.963227e-08 |
|   4.800000e-03 |   2.290078e-06 |   7.885070e-08 |   8.132832e-08 |
|   4.900000e-03 |   2.339438e-06 |   8.049251e-08 |   8.302438e-08 |
|   5.000000e-03 |   2.388801e-06 |   8.213432e-08 |   8.472043e-08 |
|   5.100000e-03 |   2.438168e-06 |   8.377613e-08 |   8.641648e-08 |
|   5.200000e-03 |   2.487537e-06 |   8.541793e-08 |   8.811254e-08 |
|   5.300000e-03 |   2.536909e-06 |   8.705973e-08 |   8.980860e-08 |
|   5.400000e-03 |   2.586284e-06 |   8.870153e-08 |   9.150465e-08 |
|   5.500000e-03 |   2.635661e-06 |   9.034333e-08 |   9.320071e-08 |
|   5.600000e-03 |   2.685039e-06 |   9.198513e-08 |   9.489676e-08 |
|   5.700000e-03 |   2.734420e-06 |   9.362693e-08 |   9.659282e-08 |
|   5.800000e-03 |   2.783803e-06 |   9.526872e-08 |   9.828888e-08 |
|   5.900000e-03 |   2.833187e-06 |   9.691052e-08 |   9.998493e-08 |
+----------------+----------------+----------------+----------------+


Time Step 60, time = 0.006, dt = 0.0001
 * Nonlinear |R| = [32m2.244968e-03[39m (Before preset BCs, predictors, correctors, and constraints)
 0 Nonlinear |R| = [32m2.238105e-03[39m
      0 Linear |R| = [32m2.238105e-03[39m
      1 Linear |R| = [32m5.814031e-19[39m
 1 Nonlinear |R| = [32m2.127007e-14[39m
[32m Solve Converged![39m

Outlier Variable Residual Norms:
  p: [31m2.115574e-14[39m

Postprocessor Values:
+----------------+----------------+----------------+----------------+
| time           | p_l2           | ux_l2          | uy_l2          |
+----------------+----------------+----------------+----------------+
:                :                :                :                :
|   4.600000e-03 |   2.191369e-06 |   7.556707e-08 |   7.793622e-08 |
|   4.700000e-03 |   2.240721e-06 |   7.720889e-08 |   7.963227e-08 |
|   4.800000e-03 |   2.290078e-06 |   7.885070e-08 |   8.132832e-08 |
|   4.900000e-03 |   2.339438e-06 |   8.049251e-08 |   8.302438e-08 |
|   5.000000e-03 |   2.388801e-06 |   8.213432e-08 |   8.472043e-08 |
|   5.100000e-03 |   2.438168e-06 |   8.377613e-08 |   8.641648e-08 |
|   5.200000e-03 |   2.487537e-06 |   8.541793e-08 |   8.811254e-08 |
|   5.300000e-03 |   2.536909e-06 |   8.705973e-08 |   8.980860e-08 |
|   5.400000e-03 |   2.586284e-06 |   8.870153e-08 |   9.150465e-08 |
|   5.500000e-03 |   2.635661e-06 |   9.034333e-08 |   9.320071e-08 |
|   5.600000e-03 |   2.685039e-06 |   9.198513e-08 |   9.489676e-08 |
|   5.700000e-03 |   2.734420e-06 |   9.362693e-08 |   9.659282e-08 |
|   5.800000e-03 |   2.783803e-06 |   9.526872e-08 |   9.828888e-08 |
|   5.900000e-03 |   2.833187e-06 |   9.691052e-08 |   9.998493e-08 |
|   6.000000e-03 |   2.882573e-06 |   9.855231e-08 |   1.016810e-07 |
+----------------+----------------+----------------+----------------+


Time Step 61, time = 0.0061, dt = 0.0001
 * Nonlinear |R| = [32m2.244967e-03[39m (Before preset BCs, predictors, correctors, and constraints)
 0 Nonlinear |R| = [32m2.238104e-03[39m
      0 Linear |R| = [32m2.238104e-03[39m
      1 Linear |R| = [32m6.723781e-19[39m
 1 Nonlinear |R| = [32m4.788765e-14[39m
[32m Solve Converged![39m

Outlier Variable Residual Norms:
  p: [31m4.784785e-14[39m

Postprocessor Values:
+----------------+----------------+----------------+----------------+
| time           | p_l2           | ux_l2          | uy_l2          |
+----------------+----------------+----------------+----------------+
:                :                :                :                :
|   4.700000e-03 |   2.240721e-06 |   7.720889e-08 |   7.963227e-08 |
|   4.800000e-03 |   2.290078e-06 |   7.885070e-08 |   8.132832e-08 |
|   4.900000e-03 |   2.339438e-06 |   8.049251e-08 |   8.302438e-08 |
|   5.000000e-03 |   2.388801e-06 |   8.213432e-08 |   8.472043e-08 |
|   5.100000e-03 |   2.438168e-06 |   8.377613e-08 |   8.641648e-08 |
|   5.200000e-03 |   2.487537e-06 |   8.541793e-08 |   8.811254e-08 |
|   5.300000e-03 |   2.536909e-06 |   8.705973e-08 |   8.980860e-08 |
|   5.400000e-03 |   2.586284e-06 |   8.870153e-08 |   9.150465e-08 |
|   5.500000e-03 |   2.635661e-06 |   9.034333e-08 |   9.320071e-08 |
|   5.600000e-03 |   2.685039e-06 |   9.198513e-08 |   9.489676e-08 |
|   5.700000e-03 |   2.734420e-06 |   9.362693e-08 |   9.659282e-08 |
|   5.800000e-03 |   2.783803e-06 |   9.526872e-08 |   9.828888e-08 |
|   5.900000e-03 |   2.833187e-06 |   9.691052e-08 |   9.998493e-08 |
|   6.000000e-03 |   2.882573e-06 |   9.855231e-08 |   1.016810e-07 |
|   6.100000e-03 |   2.931961e-06 |   1.001941e-07 |   1.033770e-07 |
+----------------+----------------+----------------+----------------+


Time Step 62, time = 0.0062, dt = 0.0001
 * Nonlinear |R| = [32m2.244966e-03[39m (Before preset BCs, predictors, correctors, and constraints)
 0 Nonlinear |R| = [32m2.238102e-03[39m
      0 Linear |R| = [32m2.238102e-03[39m
      1 Linear |R| = [32m6.095487e-19[39m
 1 Nonlinear |R| = [32m2.835815e-14[39m
[32m Solve Converged![39m

Outlier Variable Residual Norms:
  p: [31m2.829688e-14[39m

Postprocessor Values:
+----------------+----------------+----------------+----------------+
| time           | p_l2           | ux_l2          | uy_l2          |
+----------------+----------------+----------------+----------------+
:                :                :                :                :
|   4.800000e-03 |   2.290078e-06 |   7.885070e-08 |   8.132832e-08 |
|   4.900000e-03 |   2.339438e-06 |   8.049251e-08 |   8.302438e-08 |
|   5.000000e-03 |   2.388801e-06 |   8.213432e-08 |   8.472043e-08 |
|   5.100000e-03 |   2.438168e-06 |   8.377613e-08 |   8.641648e-08 |
|   5.200000e-03 |   2.487537e-06 |   8.541793e-08 |   8.811254e-08 |
|   5.300000e-03 |   2.536909e-06 |   8.705973e-08 |   8.980860e-08 |
|   5.400000e-03 |   2.586284e-06 |   8.870153e-08 |   9.150465e-08 |
|   5.500000e-03 |   2.635661e-06 |   9.034333e-08 |   9.320071e-08 |
|   5.600000e-03 |   2.685039e-06 |   9.198513e-08 |   9.489676e-08 |
|   5.700000e-03 |   2.734420e-06 |   9.362693e-08 |   9.659282e-08 |
|   5.800000e-03 |   2.783803e-06 |   9.526872e-08 |   9.828888e-08 |
|   5.900000e-03 |   2.833187e-06 |   9.691052e-08 |   9.998493e-08 |
|   6.000000e-03 |   2.882573e-06 |   9.855231e-08 |   1.016810e-07 |
|   6.100000e-03 |   2.931961e-06 |   1.001941e-07 |   1.033770e-07 |
|   6.200000e-03 |   2.981350e-06 |   1.018359e-07 |   1.050731e-07 |
+----------------+----------------+----------------+----------------+


Time Step 63, time = 0.0063, dt = 0.0001
 * Nonlinear |R| = [32m2.244965e-03[39m (Before preset BCs, predictors, correctors, and constraints)
 0 Nonlinear |R| = [32m2.238101e-03[39m
      0 Linear |R| = [32m2.238101e-03[39m
      1 Linear |R| = [32m3.470088e-19[39m
 1 Nonlinear |R| = [32m3.660190e-14[39m
[32m Solve Converged![39m

Outlier Variable Residual Norms:
  p: [31m3.655587e-14[39m

Postprocessor Values:
+----------------+----------------+----------------+----------------+
| time           | p_l2           | ux_l2          | uy_l2          |
+----------------+----------------+----------------+----------------+
:                :                :                :                :
|   4.900000e-03 |   2.339438e-06 |   8.049251e-08 |   8.302438e-08 |
|   5.000000e-03 |   2.388801e-06 |   8.213432e-08 |   8.472043e-08 |
|   5.100000e-03 |   2.438168e-06 |   8.377613e-08 |   8.641648e-08 |
|   5.200000e-03 |   2.487537e-06 |   8.541793e-08 |   8.811254e-08 |
|   5.300000e-03 |   2.536909e-06 |   8.705973e-08 |   8.980860e-08 |
|   5.400000e-03 |   2.586284e-06 |   8.870153e-08 |   9.150465e-08 |
|   5.500000e-03 |   2.635661e-06 |   9.034333e-08 |   9.320071e-08 |
|   5.600000e-03 |   2.685039e-06 |   9.198513e-08 |   9.489676e-08 |
|   5.700000e-03 |   2.734420e-06 |   9.362693e-08 |   9.659282e-08 |
|   5.800000e-03 |   2.783803e-06 |   9.526872e-08 |   9.828888e-08 |
|   5.900000e-03 |   2.833187e-06 |   9.691052e-08 |   9.998493e-08 |
|   6.000000e-03 |   2.882573e-06 |   9.855231e-08 |   1.016810e-07 |
|   6.100000e-03 |   2.931961e-06 |   1.001941e-07 |   1.033770e-07 |
|   6.200000e-03 |   2.981350e-06 |   1.018359e-07 |   1.050731e-07 |
|   6.300000e-03 |   3.030740e-06 |   1.034777e-07 |   1.067692e-07 |
+----------------+----------------+----------------+----------------+


Time Step 64, time = 0.0064, dt = 0.0001
 * Nonlinear |R| = [32m2.244963e-03[39m (Before preset BCs, predictors, correctors, and constraints)
 0 Nonlinear |R| = [32m2.238100e-03[39m
      0 Linear |R| = [32m2.238100e-03[39m
      1 Linear |R| = [32m5.883909e-19[39m
 1 Nonlinear |R| = [32m3.237975e-14[39m
[32m Solve Converged![39m

Outlier Variable Residual Norms:
  p: [31m3.232041e-14[39m

Postprocessor Values:
+----------------+----------------+----------------+----------------+
| time           | p_l2           | ux_l2          | uy_l2          |
+----------------+----------------+----------------+----------------+
:                :                :                :                :
|   5.000000e-03 |   2.388801e-06 |   8.213432e-08 |   8.472043e-08 |
|   5.100000e-03 |   2.438168e-06 |   8.377613e-08 |   8.641648e-08 |
|   5.200000e-03 |   2.487537e-06 |   8.541793e-08 |   8.811254e-08 |
|   5.300000e-03 |   2.536909e-06 |   8.705973e-08 |   8.980860e-08 |
|   5.400000e-03 |   2.586284e-06 |   8.870153e-08 |   9.150465e-08 |
|   5.500000e-03 |   2.635661e-06 |   9.034333e-08 |   9.320071e-08 |
|   5.600000e-03 |   2.685039e-06 |   9.198513e-08 |   9.489676e-08 |
|   5.700000e-03 |   2.734420e-06 |   9.362693e-08 |   9.659282e-08 |
|   5.800000e-03 |   2.783803e-06 |   9.526872e-08 |   9.828888e-08 |
|   5.900000e-03 |   2.833187e-06 |   9.691052e-08 |   9.998493e-08 |
|   6.000000e-03 |   2.882573e-06 |   9.855231e-08 |   1.016810e-07 |
|   6.100000e-03 |   2.931961e-06 |   1.001941e-07 |   1.033770e-07 |
|   6.200000e-03 |   2.981350e-06 |   1.018359e-07 |   1.050731e-07 |
|   6.300000e-03 |   3.030740e-06 |   1.034777e-07 |   1.067692e-07 |
|   6.400000e-03 |   3.080132e-06 |   1.051195e-07 |   1.084652e-07 |
+----------------+----------------+----------------+----------------+


Time Step 65, time = 0.0065, dt = 0.0001
 * Nonlinear |R| = [32m2.244962e-03[39m (Before preset BCs, predictors, correctors, and constraints)
 0 Nonlinear |R| = [32m2.238098e-03[39m
      0 Linear |R| = [32m2.238098e-03[39m
      1 Linear |R| = [32m7.644674e-19[39m
 1 Nonlinear |R| = [32m3.557657e-14[39m
[32m Solve Converged![39m

Outlier Variable Residual Norms:
  p: [31m3.552925e-14[39m

Postprocessor Values:
+----------------+----------------+----------------+----------------+
| time           | p_l2           | ux_l2          | uy_l2          |
+----------------+----------------+----------------+----------------+
:                :                :                :                :
|   5.100000e-03 |   2.438168e-06 |   8.377613e-08 |   8.641648e-08 |
|   5.200000e-03 |   2.487537e-06 |   8.541793e-08 |   8.811254e-08 |
|   5.300000e-03 |   2.536909e-06 |   8.705973e-08 |   8.980860e-08 |
|   5.400000e-03 |   2.586284e-06 |   8.870153e-08 |   9.150465e-08 |
|   5.500000e-03 |   2.635661e-06 |   9.034333e-08 |   9.320071e-08 |
|   5.600000e-03 |   2.685039e-06 |   9.198513e-08 |   9.489676e-08 |
|   5.700000e-03 |   2.734420e-06 |   9.362693e-08 |   9.659282e-08 |
|   5.800000e-03 |   2.783803e-06 |   9.526872e-08 |   9.828888e-08 |
|   5.900000e-03 |   2.833187e-06 |   9.691052e-08 |   9.998493e-08 |
|   6.000000e-03 |   2.882573e-06 |   9.855231e-08 |   1.016810e-07 |
|   6.100000e-03 |   2.931961e-06 |   1.001941e-07 |   1.033770e-07 |
|   6.200000e-03 |   2.981350e-06 |   1.018359e-07 |   1.050731e-07 |
|   6.300000e-03 |   3.030740e-06 |   1.034777e-07 |   1.067692e-07 |
|   6.400000e-03 |   3.080132e-06 |   1.051195e-07 |   1.084652e-07 |
|   6.500000e-03 |   3.129525e-06 |   1.067613e-07 |   1.101613e-07 |
+----------------+----------------+----------------+----------------+


Time Step 66, time = 0.0066, dt = 0.0001
 * Nonlinear |R| = [32m2.244960e-03[39m (Before preset BCs, predictors, correctors, and constraints)
 0 Nonlinear |R| = [32m2.238097e-03[39m
      0 Linear |R| = [32m2.238097e-03[39m
      1 Linear |R| = [32m6.668030e-19[39m
 1 Nonlinear |R| = [32m2.604135e-14[39m
[32m Solve Converged![39m

Outlier Variable Residual Norms:
  p: [31m2.597698e-14[39m

Postprocessor Values:
+----------------+----------------+----------------+----------------+
| time           | p_l2           | ux_l2          | uy_l2          |
+----------------+----------------+----------------+----------------+
:                :                :                :                :
|   5.200000e-03 |   2.487537e-06 |   8.541793e-08 |   8.811254e-08 |
|   5.300000e-03 |   2.536909e-06 |   8.705973e-08 |   8.980860e-08 |
|   5.400000e-03 |   2.586284e-06 |   8.870153e-08 |   9.150465e-08 |
|   5.500000e-03 |   2.635661e-06 |   9.034333e-08 |   9.320071e-08 |
|   5.600000e-03 |   2.685039e-06 |   9.198513e-08 |   9.489676e-08 |
|   5.700000e-03 |   2.734420e-06 |   9.362693e-08 |   9.659282e-08 |
|   5.800000e-03 |   2.783803e-06 |   9.526872e-08 |   9.828888e-08 |
|   5.900000e-03 |   2.833187e-06 |   9.691052e-08 |   9.998493e-08 |
|   6.000000e-03 |   2.882573e-06 |   9.855231e-08 |   1.016810e-07 |
|   6.100000e-03 |   2.931961e-06 |   1.001941e-07 |   1.033770e-07 |
|   6.200000e-03 |   2.981350e-06 |   1.018359e-07 |   1.050731e-07 |
|   6.300000e-03 |   3.030740e-06 |   1.034777e-07 |   1.067692e-07 |
|   6.400000e-03 |   3.080132e-06 |   1.051195e-07 |   1.084652e-07 |
|   6.500000e-03 |   3.129525e-06 |   1.067613e-07 |   1.101613e-07 |
|   6.600000e-03 |   3.178919e-06 |   1.084030e-07 |   1.118573e-07 |
+----------------+----------------+----------------+----------------+


Time Step 67, time = 0.0067, dt = 0.0001
 * Nonlinear |R| = [32m2.244959e-03[39m (Before preset BCs, predictors, correctors, and constraints)
 0 Nonlinear |R| = [32m2.238095e-03[39m
      0 Linear |R| = [32m2.238095e-03[39m
      1 Linear |R| = [32m6.310143e-19[39m
 1 Nonlinear |R| = [32m2.732048e-14[39m
[32m Solve Converged![39m

Outlier Variable Residual Norms:
  p: [31m2.728689e-14[39m

Postprocessor Values:
+----------------+----------------+----------------+----------------+
| time           | p_l2           | ux_l2          | uy_l2          |
+----------------+----------------+----------------+----------------+
:                :                :                :                :
|   5.300000e-03 |   2.536909e-06 |   8.705973e-08 |   8.980860e-08 |
|   5.400000e-03 |   2.586284e-06 |   8.870153e-08 |   9.150465e-08 |
|   5.500000e-03 |   2.635661e-06 |   9.034333e-08 |   9.320071e-08 |
|   5.600000e-03 |   2.685039e-06 |   9.198513e-08 |   9.489676e-08 |
|   5.700000e-03 |   2.734420e-06 |   9.362693e-08 |   9.659282e-08 |
|   5.800000e-03 |   2.783803e-06 |   9.526872e-08 |   9.828888e-08 |
|   5.900000e-03 |   2.833187e-06 |   9.691052e-08 |   9.998493e-08 |
|   6.000000e-03 |   2.882573e-06 |   9.855231e-08 |   1.016810e-07 |
|   6.100000e-03 |   2.931961e-06 |   1.001941e-07 |   1.033770e-07 |
|   6.200000e-03 |   2.981350e-06 |   1.018359e-07 |   1.050731e-07 |
|   6.300000e-03 |   3.030740e-06 |   1.034777e-07 |   1.067692e-07 |
|   6.400000e-03 |   3.080132e-06 |   1.051195e-07 |   1.084652e-07 |
|   6.500000e-03 |   3.129525e-06 |   1.067613e-07 |   1.101613e-07 |
|   6.600000e-03 |   3.178919e-06 |   1.084030e-07 |   1.118573e-07 |
|   6.700000e-03 |   3.228314e-06 |   1.100448e-07 |   1.135534e-07 |
+----------------+----------------+----------------+----------------+


Time Step 68, time = 0.0068, dt = 0.0001
 * Nonlinear |R| = [32m2.244957e-03[39m (Before preset BCs, predictors, correctors, and constraints)
 0 Nonlinear |R| = [32m2.238094e-03[39m
      0 Linear |R| = [32m2.238094e-03[39m
      1 Linear |R| = [32m4.510366e-19[39m
 1 Nonlinear |R| = [32m3.566489e-14[39m
[32m Solve Converged![39m

Outlier Variable Residual Norms:
  p: [31m3.560976e-14[39m

Postprocessor Values:
+----------------+----------------+----------------+----------------+
| time           | p_l2           | ux_l2          | uy_l2          |
+----------------+----------------+----------------+----------------+
:                :                :                :                :
|   5.400000e-03 |   2.586284e-06 |   8.870153e-08 |   9.150465e-08 |
|   5.500000e-03 |   2.635661e-06 |   9.034333e-08 |   9.320071e-08 |
|   5.600000e-03 |   2.685039e-06 |   9.198513e-08 |   9.489676e-08 |
|   5.700000e-03 |   2.734420e-06 |   9.362693e-08 |   9.659282e-08 |
|   5.800000e-03 |   2.783803e-06 |   9.526872e-08 |   9.828888e-08 |
|   5.900000e-03 |   2.833187e-06 |   9.691052e-08 |   9.998493e-08 |
|   6.000000e-03 |   2.882573e-06 |   9.855231e-08 |   1.016810e-07 |
|   6.100000e-03 |   2.931961e-06 |   1.001941e-07 |   1.033770e-07 |
|   6.200000e-03 |   2.981350e-06 |   1.018359e-07 |   1.050731e-07 |
|   6.300000e-03 |   3.030740e-06 |   1.034777e-07 |   1.067692e-07 |
|   6.400000e-03 |   3.080132e-06 |   1.051195e-07 |   1.084652e-07 |
|   6.500000e-03 |   3.129525e-06 |   1.067613e-07 |   1.101613e-07 |
|   6.600000e-03 |   3.178919e-06 |   1.084030e-07 |   1.118573e-07 |
|   6.700000e-03 |   3.228314e-06 |   1.100448e-07 |   1.135534e-07 |
|   6.800000e-03 |   3.277710e-06 |   1.116866e-07 |   1.152494e-07 |
+----------------+----------------+----------------+----------------+


Time Step 69, time = 0.0069, dt = 0.0001
 * Nonlinear |R| = [32m2.244956e-03[39m (Before preset BCs, predictors, correctors, and constraints)
 0 Nonlinear |R| = [32m2.238092e-03[39m
      0 Linear |R| = [32m2.238092e-03[39m
      1 Linear |R| = [32m7.634019e-19[39m
 1 Nonlinear |R| = [32m3.515033e-14[39m
[32m Solve Converged![39m

Outlier Variable Residual Norms:
  p: [31m3.510362e-14[39m

Postprocessor Values:
+----------------+----------------+----------------+----------------+
| time           | p_l2           | ux_l2          | uy_l2          |
+----------------+----------------+----------------+----------------+
:                :                :                :                :
|   5.500000e-03 |   2.635661e-06 |   9.034333e-08 |   9.320071e-08 |
|   5.600000e-03 |   2.685039e-06 |   9.198513e-08 |   9.489676e-08 |
|   5.700000e-03 |   2.734420e-06 |   9.362693e-08 |   9.659282e-08 |
|   5.800000e-03 |   2.783803e-06 |   9.526872e-08 |   9.828888e-08 |
|   5.900000e-03 |   2.833187e-06 |   9.691052e-08 |   9.998493e-08 |
|   6.000000e-03 |   2.882573e-06 |   9.855231e-08 |   1.016810e-07 |
|   6.100000e-03 |   2.931961e-06 |   1.001941e-07 |   1.033770e-07 |
|   6.200000e-03 |   2.981350e-06 |   1.018359e-07 |   1.050731e-07 |
|   6.300000e-03 |   3.030740e-06 |   1.034777e-07 |   1.067692e-07 |
|   6.400000e-03 |   3.080132e-06 |   1.051195e-07 |   1.084652e-07 |
|   6.500000e-03 |   3.129525e-06 |   1.067613e-07 |   1.101613e-07 |
|   6.600000e-03 |   3.178919e-06 |   1.084030e-07 |   1.118573e-07 |
|   6.700000e-03 |   3.228314e-06 |   1.100448e-07 |   1.135534e-07 |
|   6.800000e-03 |   3.277710e-06 |   1.116866e-07 |   1.152494e-07 |
|   6.900000e-03 |   3.327107e-06 |   1.133284e-07 |   1.169455e-07 |
+----------------+----------------+----------------+----------------+


Time Step 70, time = 0.007, dt = 0.0001
 * Nonlinear |R| = [32m2.244955e-03[39m (Before preset BCs, predictors, correctors, and constraints)
 0 Nonlinear |R| = [32m2.238091e-03[39m
      0 Linear |R| = [32m2.238091e-03[39m
      1 Linear |R| = [32m9.092465e-19[39m
 1 Nonlinear |R| = [32m2.965637e-14[39m
[32m Solve Converged![39m

Outlier Variable Residual Norms:
  p: [31m2.959414e-14[39m

Postprocessor Values:
+----------------+----------------+----------------+----------------+
| time           | p_l2           | ux_l2          | uy_l2          |
+----------------+----------------+----------------+----------------+
:                :                :                :                :
|   5.600000e-03 |   2.685039e-06 |   9.198513e-08 |   9.489676e-08 |
|   5.700000e-03 |   2.734420e-06 |   9.362693e-08 |   9.659282e-08 |
|   5.800000e-03 |   2.783803e-06 |   9.526872e-08 |   9.828888e-08 |
|   5.900000e-03 |   2.833187e-06 |   9.691052e-08 |   9.998493e-08 |
|   6.000000e-03 |   2.882573e-06 |   9.855231e-08 |   1.016810e-07 |
|   6.100000e-03 |   2.931961e-06 |   1.001941e-07 |   1.033770e-07 |
|   6.200000e-03 |   2.981350e-06 |   1.018359e-07 |   1.050731e-07 |
|   6.300000e-03 |   3.030740e-06 |   1.034777e-07 |   1.067692e-07 |
|   6.400000e-03 |   3.080132e-06 |   1.051195e-07 |   1.084652e-07 |
|   6.500000e-03 |   3.129525e-06 |   1.067613e-07 |   1.101613e-07 |
|   6.600000e-03 |   3.178919e-06 |   1.084030e-07 |   1.118573e-07 |
|   6.700000e-03 |   3.228314e-06 |   1.100448e-07 |   1.135534e-07 |
|   6.800000e-03 |   3.277710e-06 |   1.116866e-07 |   1.152494e-07 |
|   6.900000e-03 |   3.327107e-06 |   1.133284e-07 |   1.169455e-07 |
|   7.000000e-03 |   3.376505e-06 |   1.149702e-07 |   1.186415e-07 |
+----------------+----------------+----------------+----------------+


Time Step 71, time = 0.0071, dt = 0.0001
 * Nonlinear |R| = [32m2.244953e-03[39m (Before preset BCs, predictors, correctors, and constraints)
 0 Nonlinear |R| = [32m2.238089e-03[39m
      0 Linear |R| = [32m2.238089e-03[39m
      1 Linear |R| = [32m1.267994e-18[39m
 1 Nonlinear |R| = [32m3.059838e-14[39m
[32m Solve Converged![39m

Outlier Variable Residual Norms:
  p: [31m3.055376e-14[39m

Postprocessor Values:
+----------------+----------------+----------------+----------------+
| time           | p_l2           | ux_l2          | uy_l2          |
+----------------+----------------+----------------+----------------+
:                :                :                :                :
|   5.700000e-03 |   2.734420e-06 |   9.362693e-08 |   9.659282e-08 |
|   5.800000e-03 |   2.783803e-06 |   9.526872e-08 |   9.828888e-08 |
|   5.900000e-03 |   2.833187e-06 |   9.691052e-08 |   9.998493e-08 |
|   6.000000e-03 |   2.882573e-06 |   9.855231e-08 |   1.016810e-07 |
|   6.100000e-03 |   2.931961e-06 |   1.001941e-07 |   1.033770e-07 |
|   6.200000e-03 |   2.981350e-06 |   1.018359e-07 |   1.050731e-07 |
|   6.300000e-03 |   3.030740e-06 |   1.034777e-07 |   1.067692e-07 |
|   6.400000e-03 |   3.080132e-06 |   1.051195e-07 |   1.084652e-07 |
|   6.500000e-03 |   3.129525e-06 |   1.067613e-07 |   1.101613e-07 |
|   6.600000e-03 |   3.178919e-06 |   1.084030e-07 |   1.118573e-07 |
|   6.700000e-03 |   3.228314e-06 |   1.100448e-07 |   1.135534e-07 |
|   6.800000e-03 |   3.277710e-06 |   1.116866e-07 |   1.152494e-07 |
|   6.900000e-03 |   3.327107e-06 |   1.133284e-07 |   1.169455e-07 |
|   7.000000e-03 |   3.376505e-06 |   1.149702e-07 |   1.186415e-07 |
|   7.100000e-03 |   3.425904e-06 |   1.166120e-07 |   1.203376e-07 |
+----------------+----------------+----------------+----------------+


Time Step 72, time = 0.0072, dt = 0.0001
 * Nonlinear |R| = [32m2.244951e-03[39m (Before preset BCs, predictors, correctors, and constraints)
 0 Nonlinear |R| = [32m2.238088e-03[39m
      0 Linear |R| = [32m2.238088e-03[39m
      1 Linear |R| = [32m6.570806e-19[39m
 1 Nonlinear |R| = [32m3.055695e-14[39m
[32m Solve Converged![39m

Outlier Variable Residual Norms:
  p: [31m3.051169e-14[39m

Postprocessor Values:
+----------------+----------------+----------------+----------------+
| time           | p_l2           | ux_l2          | uy_l2          |
+----------------+----------------+----------------+----------------+
:                :                :                :                :
|   5.800000e-03 |   2.783803e-06 |   9.526872e-08 |   9.828888e-08 |
|   5.900000e-03 |   2.833187e-06 |   9.691052e-08 |   9.998493e-08 |
|   6.000000e-03 |   2.882573e-06 |   9.855231e-08 |   1.016810e-07 |
|   6.100000e-03 |   2.931961e-06 |   1.001941e-07 |   1.033770e-07 |
|   6.200000e-03 |   2.981350e-06 |   1.018359e-07 |   1.050731e-07 |
|   6.300000e-03 |   3.030740e-06 |   1.034777e-07 |   1.067692e-07 |
|   6.400000e-03 |   3.080132e-06 |   1.051195e-07 |   1.084652e-07 |
|   6.500000e-03 |   3.129525e-06 |   1.067613e-07 |   1.101613e-07 |
|   6.600000e-03 |   3.178919e-06 |   1.084030e-07 |   1.118573e-07 |
|   6.700000e-03 |   3.228314e-06 |   1.100448e-07 |   1.135534e-07 |
|   6.800000e-03 |   3.277710e-06 |   1.116866e-07 |   1.152494e-07 |
|   6.900000e-03 |   3.327107e-06 |   1.133284e-07 |   1.169455e-07 |
|   7.000000e-03 |   3.376505e-06 |   1.149702e-07 |   1.186415e-07 |
|   7.100000e-03 |   3.425904e-06 |   1.166120e-07 |   1.203376e-07 |
|   7.200000e-03 |   3.475304e-06 |   1.182537e-07 |   1.220336e-07 |
+----------------+----------------+----------------+----------------+


Time Step 73, time = 0.0073, dt = 0.0001
 * Nonlinear |R| = [32m2.244950e-03[39m (Before preset BCs, predictors, correctors, and constraints)
 0 Nonlinear |R| = [32m2.238086e-03[39m
      0 Linear |R| = [32m2.238086e-03[39m
      1 Linear |R| = [32m9.189267e-19[39m
 1 Nonlinear |R| = [32m3.604172e-14[39m
[32m Solve Converged![39m

Outlier Variable Residual Norms:
  p: [31m3.601303e-14[39m

Postprocessor Values:
+----------------+----------------+----------------+----------------+
| time           | p_l2           | ux_l2          | uy_l2          |
+----------------+----------------+----------------+----------------+
:                :                :                :                :
|   5.900000e-03 |   2.833187e-06 |   9.691052e-08 |   9.998493e-08 |
|   6.000000e-03 |   2.882573e-06 |   9.855231e-08 |   1.016810e-07 |
|   6.100000e-03 |   2.931961e-06 |   1.001941e-07 |   1.033770e-07 |
|   6.200000e-03 |   2.981350e-06 |   1.018359e-07 |   1.050731e-07 |
|   6.300000e-03 |   3.030740e-06 |   1.034777e-07 |   1.067692e-07 |
|   6.400000e-03 |   3.080132e-06 |   1.051195e-07 |   1.084652e-07 |
|   6.500000e-03 |   3.129525e-06 |   1.067613e-07 |   1.101613e-07 |
|   6.600000e-03 |   3.178919e-06 |   1.084030e-07 |   1.118573e-07 |
|   6.700000e-03 |   3.228314e-06 |   1.100448e-07 |   1.135534e-07 |
|   6.800000e-03 |   3.277710e-06 |   1.116866e-07 |   1.152494e-07 |
|   6.900000e-03 |   3.327107e-06 |   1.133284e-07 |   1.169455e-07 |
|   7.000000e-03 |   3.376505e-06 |   1.149702e-07 |   1.186415e-07 |
|   7.100000e-03 |   3.425904e-06 |   1.166120e-07 |   1.203376e-07 |
|   7.200000e-03 |   3.475304e-06 |   1.182537e-07 |   1.220336e-07 |
|   7.300000e-03 |   3.524704e-06 |   1.198955e-07 |   1.237297e-07 |
+----------------+----------------+----------------+----------------+


Time Step 74, time = 0.0074, dt = 0.0001
 * Nonlinear |R| = [32m2.244948e-03[39m (Before preset BCs, predictors, correctors, and constraints)
 0 Nonlinear |R| = [32m2.238085e-03[39m
      0 Linear |R| = [32m2.238085e-03[39m
      1 Linear |R| = [32m3.140472e-19[39m
 1 Nonlinear |R| = [32m4.288626e-14[39m
[32m Solve Converged![39m

Outlier Variable Residual Norms:
  p: [31m4.284776e-14[39m

Postprocessor Values:
+----------------+----------------+----------------+----------------+
| time           | p_l2           | ux_l2          | uy_l2          |
+----------------+----------------+----------------+----------------+
:                :                :                :                :
|   6.000000e-03 |   2.882573e-06 |   9.855231e-08 |   1.016810e-07 |
|   6.100000e-03 |   2.931961e-06 |   1.001941e-07 |   1.033770e-07 |
|   6.200000e-03 |   2.981350e-06 |   1.018359e-07 |   1.050731e-07 |
|   6.300000e-03 |   3.030740e-06 |   1.034777e-07 |   1.067692e-07 |
|   6.400000e-03 |   3.080132e-06 |   1.051195e-07 |   1.084652e-07 |
|   6.500000e-03 |   3.129525e-06 |   1.067613e-07 |   1.101613e-07 |
|   6.600000e-03 |   3.178919e-06 |   1.084030e-07 |   1.118573e-07 |
|   6.700000e-03 |   3.228314e-06 |   1.100448e-07 |   1.135534e-07 |
|   6.800000e-03 |   3.277710e-06 |   1.116866e-07 |   1.152494e-07 |
|   6.900000e-03 |   3.327107e-06 |   1.133284e-07 |   1.169455e-07 |
|   7.000000e-03 |   3.376505e-06 |   1.149702e-07 |   1.186415e-07 |
|   7.100000e-03 |   3.425904e-06 |   1.166120e-07 |   1.203376e-07 |
|   7.200000e-03 |   3.475304e-06 |   1.182537e-07 |   1.220336e-07 |
|   7.300000e-03 |   3.524704e-06 |   1.198955e-07 |   1.237297e-07 |
|   7.400000e-03 |   3.574106e-06 |   1.215373e-07 |   1.254257e-07 |
+----------------+----------------+----------------+----------------+


Time Step 75, time = 0.0075, dt = 0.0001
 * Nonlinear |R| = [32m2.244947e-03[39m (Before preset BCs, predictors, correctors, and constraints)
 0 Nonlinear |R| = [32m2.238083e-03[39m
      0 Linear |R| = [32m2.238083e-03[39m
      1 Linear |R| = [32m1.351266e-18[39m
 1 Nonlinear |R| = [32m2.614541e-14[39m
[32m Solve Converged![39m

Outlier Variable Residual Norms:
  p: [31m2.607894e-14[39m

Postprocessor Values:
+----------------+----------------+----------------+----------------+
| time           | p_l2           | ux_l2          | uy_l2          |
+----------------+----------------+----------------+----------------+
:                :                :                :                :
|   6.100000e-03 |   2.931961e-06 |   1.001941e-07 |   1.033770e-07 |
|   6.200000e-03 |   2.981350e-06 |   1.018359e-07 |   1.050731e-07 |
|   6.300000e-03 |   3.030740e-06 |   1.034777e-07 |   1.067692e-07 |
|   6.400000e-03 |   3.080132e-06 |   1.051195e-07 |   1.084652e-07 |
|   6.500000e-03 |   3.129525e-06 |   1.067613e-07 |   1.101613e-07 |
|   6.600000e-03 |   3.178919e-06 |   1.084030e-07 |   1.118573e-07 |
|   6.700000e-03 |   3.228314e-06 |   1.100448e-07 |   1.135534e-07 |
|   6.800000e-03 |   3.277710e-06 |   1.116866e-07 |   1.152494e-07 |
|   6.900000e-03 |   3.327107e-06 |   1.133284e-07 |   1.169455e-07 |
|   7.000000e-03 |   3.376505e-06 |   1.149702e-07 |   1.186415e-07 |
|   7.100000e-03 |   3.425904e-06 |   1.166120e-07 |   1.203376e-07 |
|   7.200000e-03 |   3.475304e-06 |   1.182537e-07 |   1.220336e-07 |
|   7.300000e-03 |   3.524704e-06 |   1.198955e-07 |   1.237297e-07 |
|   7.400000e-03 |   3.574106e-06 |   1.215373e-07 |   1.254257e-07 |
|   7.500000e-03 |   3.623508e-06 |   1.231791e-07 |   1.271218e-07 |
+----------------+----------------+----------------+----------------+


Time Step 76, time = 0.0076, dt = 0.0001
 * Nonlinear |R| = [32m2.244945e-03[39m (Before preset BCs, predictors, correctors, and constraints)
 0 Nonlinear |R| = [32m2.238081e-03[39m
      0 Linear |R| = [32m2.238081e-03[39m
      1 Linear |R| = [32m8.167698e-19[39m
 1 Nonlinear |R| = [32m1.292319e-14[39m
[32m Solve Converged![39m

Outlier Variable Residual Norms:
  p: [31m1.277553e-14[39m

Postprocessor Values:
+----------------+----------------+----------------+----------------+
| time           | p_l2           | ux_l2          | uy_l2          |
+----------------+----------------+----------------+----------------+
:                :                :                :                :
|   6.200000e-03 |   2.981350e-06 |   1.018359e-07 |   1.050731e-07 |
|   6.300000e-03 |   3.030740e-06 |   1.034777e-07 |   1.067692e-07 |
|   6.400000e-03 |   3.080132e-06 |   1.051195e-07 |   1.084652e-07 |
|   6.500000e-03 |   3.129525e-06 |   1.067613e-07 |   1.101613e-07 |
|   6.600000e-03 |   3.178919e-06 |   1.084030e-07 |   1.118573e-07 |
|   6.700000e-03 |   3.228314e-06 |   1.100448e-07 |   1.135534e-07 |
|   6.800000e-03 |   3.277710e-06 |   1.116866e-07 |   1.152494e-07 |
|   6.900000e-03 |   3.327107e-06 |   1.133284e-07 |   1.169455e-07 |
|   7.000000e-03 |   3.376505e-06 |   1.149702e-07 |   1.186415e-07 |
|   7.100000e-03 |   3.425904e-06 |   1.166120e-07 |   1.203376e-07 |
|   7.200000e-03 |   3.475304e-06 |   1.182537e-07 |   1.220336e-07 |
|   7.300000e-03 |   3.524704e-06 |   1.198955e-07 |   1.237297e-07 |
|   7.400000e-03 |   3.574106e-06 |   1.215373e-07 |   1.254257e-07 |
|   7.500000e-03 |   3.623508e-06 |   1.231791e-07 |   1.271218e-07 |
|   7.600000e-03 |   3.672911e-06 |   1.248208e-07 |   1.288178e-07 |
+----------------+----------------+----------------+----------------+


Time Step 77, time = 0.0077, dt = 0.0001
 * Nonlinear |R| = [32m2.244943e-03[39m (Before preset BCs, predictors, correctors, and constraints)
 0 Nonlinear |R| = [32m2.238080e-03[39m
      0 Linear |R| = [32m2.238080e-03[39m
      1 Linear |R| = [32m5.201022e-19[39m
 1 Nonlinear |R| = [32m2.497779e-14[39m
[32m Solve Converged![39m

Outlier Variable Residual Norms:
  p: [31m2.491093e-14[39m

Postprocessor Values:
+----------------+----------------+----------------+----------------+
| time           | p_l2           | ux_l2          | uy_l2          |
+----------------+----------------+----------------+----------------+
:                :                :                :                :
|   6.300000e-03 |   3.030740e-06 |   1.034777e-07 |   1.067692e-07 |
|   6.400000e-03 |   3.080132e-06 |   1.051195e-07 |   1.084652e-07 |
|   6.500000e-03 |   3.129525e-06 |   1.067613e-07 |   1.101613e-07 |
|   6.600000e-03 |   3.178919e-06 |   1.084030e-07 |   1.118573e-07 |
|   6.700000e-03 |   3.228314e-06 |   1.100448e-07 |   1.135534e-07 |
|   6.800000e-03 |   3.277710e-06 |   1.116866e-07 |   1.152494e-07 |
|   6.900000e-03 |   3.327107e-06 |   1.133284e-07 |   1.169455e-07 |
|   7.000000e-03 |   3.376505e-06 |   1.149702e-07 |   1.186415e-07 |
|   7.100000e-03 |   3.425904e-06 |   1.166120e-07 |   1.203376e-07 |
|   7.200000e-03 |   3.475304e-06 |   1.182537e-07 |   1.220336e-07 |
|   7.300000e-03 |   3.524704e-06 |   1.198955e-07 |   1.237297e-07 |
|   7.400000e-03 |   3.574106e-06 |   1.215373e-07 |   1.254257e-07 |
|   7.500000e-03 |   3.623508e-06 |   1.231791e-07 |   1.271218e-07 |
|   7.600000e-03 |   3.672911e-06 |   1.248208e-07 |   1.288178e-07 |
|   7.700000e-03 |   3.722314e-06 |   1.264626e-07 |   1.305138e-07 |
+----------------+----------------+----------------+----------------+


Time Step 78, time = 0.0078, dt = 0.0001
 * Nonlinear |R| = [32m2.244942e-03[39m (Before preset BCs, predictors, correctors, and constraints)
 0 Nonlinear |R| = [32m2.238078e-03[39m
      0 Linear |R| = [32m2.238078e-03[39m
      1 Linear |R| = [32m9.152605e-19[39m
 1 Nonlinear |R| = [32m4.034101e-14[39m
[32m Solve Converged![39m

Outlier Variable Residual Norms:
  p: [31m4.029901e-14[39m

Postprocessor Values:
+----------------+----------------+----------------+----------------+
| time           | p_l2           | ux_l2          | uy_l2          |
+----------------+----------------+----------------+----------------+
:                :                :                :                :
|   6.400000e-03 |   3.080132e-06 |   1.051195e-07 |   1.084652e-07 |
|   6.500000e-03 |   3.129525e-06 |   1.067613e-07 |   1.101613e-07 |
|   6.600000e-03 |   3.178919e-06 |   1.084030e-07 |   1.118573e-07 |
|   6.700000e-03 |   3.228314e-06 |   1.100448e-07 |   1.135534e-07 |
|   6.800000e-03 |   3.277710e-06 |   1.116866e-07 |   1.152494e-07 |
|   6.900000e-03 |   3.327107e-06 |   1.133284e-07 |   1.169455e-07 |
|   7.000000e-03 |   3.376505e-06 |   1.149702e-07 |   1.186415e-07 |
|   7.100000e-03 |   3.425904e-06 |   1.166120e-07 |   1.203376e-07 |
|   7.200000e-03 |   3.475304e-06 |   1.182537e-07 |   1.220336e-07 |
|   7.300000e-03 |   3.524704e-06 |   1.198955e-07 |   1.237297e-07 |
|   7.400000e-03 |   3.574106e-06 |   1.215373e-07 |   1.254257e-07 |
|   7.500000e-03 |   3.623508e-06 |   1.231791e-07 |   1.271218e-07 |
|   7.600000e-03 |   3.672911e-06 |   1.248208e-07 |   1.288178e-07 |
|   7.700000e-03 |   3.722314e-06 |   1.264626e-07 |   1.305138e-07 |
|   7.800000e-03 |   3.771719e-06 |   1.281044e-07 |   1.322099e-07 |
+----------------+----------------+----------------+----------------+


Time Step 79, time = 0.0079, dt = 0.0001
 * Nonlinear |R| = [32m2.244940e-03[39m (Before preset BCs, predictors, correctors, and constraints)
 0 Nonlinear |R| = [32m2.238076e-03[39m
      0 Linear |R| = [32m2.238076e-03[39m
      1 Linear |R| = [32m4.982759e-19[39m
 1 Nonlinear |R| = [32m3.685615e-14[39m
[32m Solve Converged![39m

Outlier Variable Residual Norms:
  p: [31m3.681730e-14[39m

Postprocessor Values:
+----------------+----------------+----------------+----------------+
| time           | p_l2           | ux_l2          | uy_l2          |
+----------------+----------------+----------------+----------------+
:                :                :                :                :
|   6.500000e-03 |   3.129525e-06 |   1.067613e-07 |   1.101613e-07 |
|   6.600000e-03 |   3.178919e-06 |   1.084030e-07 |   1.118573e-07 |
|   6.700000e-03 |   3.228314e-06 |   1.100448e-07 |   1.135534e-07 |
|   6.800000e-03 |   3.277710e-06 |   1.116866e-07 |   1.152494e-07 |
|   6.900000e-03 |   3.327107e-06 |   1.133284e-07 |   1.169455e-07 |
|   7.000000e-03 |   3.376505e-06 |   1.149702e-07 |   1.186415e-07 |
|   7.100000e-03 |   3.425904e-06 |   1.166120e-07 |   1.203376e-07 |
|   7.200000e-03 |   3.475304e-06 |   1.182537e-07 |   1.220336e-07 |
|   7.300000e-03 |   3.524704e-06 |   1.198955e-07 |   1.237297e-07 |
|   7.400000e-03 |   3.574106e-06 |   1.215373e-07 |   1.254257e-07 |
|   7.500000e-03 |   3.623508e-06 |   1.231791e-07 |   1.271218e-07 |
|   7.600000e-03 |   3.672911e-06 |   1.248208e-07 |   1.288178e-07 |
|   7.700000e-03 |   3.722314e-06 |   1.264626e-07 |   1.305138e-07 |
|   7.800000e-03 |   3.771719e-06 |   1.281044e-07 |   1.322099e-07 |
|   7.900000e-03 |   3.821123e-06 |   1.297461e-07 |   1.339059e-07 |
+----------------+----------------+----------------+----------------+


Time Step 80, time = 0.008, dt = 0.0001
 * Nonlinear |R| = [32m2.244938e-03[39m (Before preset BCs, predictors, correctors, and constraints)
 0 Nonlinear |R| = [32m2.238075e-03[39m
      0 Linear |R| = [32m2.238075e-03[39m
      1 Linear |R| = [32m4.033298e-19[39m
 1 Nonlinear |R| = [32m2.027436e-14[39m
[32m Solve Converged![39m

Outlier Variable Residual Norms:
  p: [31m2.019777e-14[39m

Postprocessor Values:
+----------------+----------------+----------------+----------------+
| time           | p_l2           | ux_l2          | uy_l2          |
+----------------+----------------+----------------+----------------+
:                :                :                :                :
|   6.600000e-03 |   3.178919e-06 |   1.084030e-07 |   1.118573e-07 |
|   6.700000e-03 |   3.228314e-06 |   1.100448e-07 |   1.135534e-07 |
|   6.800000e-03 |   3.277710e-06 |   1.116866e-07 |   1.152494e-07 |
|   6.900000e-03 |   3.327107e-06 |   1.133284e-07 |   1.169455e-07 |
|   7.000000e-03 |   3.376505e-06 |   1.149702e-07 |   1.186415e-07 |
|   7.100000e-03 |   3.425904e-06 |   1.166120e-07 |   1.203376e-07 |
|   7.200000e-03 |   3.475304e-06 |   1.182537e-07 |   1.220336e-07 |
|   7.300000e-03 |   3.524704e-06 |   1.198955e-07 |   1.237297e-07 |
|   7.400000e-03 |   3.574106e-06 |   1.215373e-07 |   1.254257e-07 |
|   7.500000e-03 |   3.623508e-06 |   1.231791e-07 |   1.271218e-07 |
|   7.600000e-03 |   3.672911e-06 |   1.248208e-07 |   1.288178e-07 |
|   7.700000e-03 |   3.722314e-06 |   1.264626e-07 |   1.305138e-07 |
|   7.800000e-03 |   3.771719e-06 |   1.281044e-07 |   1.322099e-07 |
|   7.900000e-03 |   3.821123e-06 |   1.297461e-07 |   1.339059e-07 |
|   8.000000e-03 |   3.870529e-06 |   1.313879e-07 |   1.356020e-07 |
+----------------+----------------+----------------+----------------+


Time Step 81, time = 0.0081, dt = 0.0001
 * Nonlinear |R| = [32m2.244936e-03[39m (Before preset BCs, predictors, correctors, and constraints)
 0 Nonlinear |R| = [32m2.238073e-03[39m
      0 Linear |R| = [32m2.238073e-03[39m
      1 Linear |R| = [32m8.800827e-19[39m
 1 Nonlinear |R| = [32m2.587512e-14[39m
[32m Solve Converged![39m

Outlier Variable Residual Norms:
  p: [31m2.581767e-14[39m

Postprocessor Values:
+----------------+----------------+----------------+----------------+
| time           | p_l2           | ux_l2          | uy_l2          |
+----------------+----------------+----------------+----------------+
:                :                :                :                :
|   6.700000e-03 |   3.228314e-06 |   1.100448e-07 |   1.135534e-07 |
|   6.800000e-03 |   3.277710e-06 |   1.116866e-07 |   1.152494e-07 |
|   6.900000e-03 |   3.327107e-06 |   1.133284e-07 |   1.169455e-07 |
|   7.000000e-03 |   3.376505e-06 |   1.149702e-07 |   1.186415e-07 |
|   7.100000e-03 |   3.425904e-06 |   1.166120e-07 |   1.203376e-07 |
|   7.200000e-03 |   3.475304e-06 |   1.182537e-07 |   1.220336e-07 |
|   7.300000e-03 |   3.524704e-06 |   1.198955e-07 |   1.237297e-07 |
|   7.400000e-03 |   3.574106e-06 |   1.215373e-07 |   1.254257e-07 |
|   7.500000e-03 |   3.623508e-06 |   1.231791e-07 |   1.271218e-07 |
|   7.600000e-03 |   3.672911e-06 |   1.248208e-07 |   1.288178e-07 |
|   7.700000e-03 |   3.722314e-06 |   1.264626e-07 |   1.305138e-07 |
|   7.800000e-03 |   3.771719e-06 |   1.281044e-07 |   1.322099e-07 |
|   7.900000e-03 |   3.821123e-06 |   1.297461e-07 |   1.339059e-07 |
|   8.000000e-03 |   3.870529e-06 |   1.313879e-07 |   1.356020e-07 |
|   8.100000e-03 |   3.919935e-06 |   1.330297e-07 |   1.372980e-07 |
+----------------+----------------+----------------+----------------+


Time Step 82, time = 0.0082, dt = 0.0001
 * Nonlinear |R| = [32m2.244934e-03[39m (Before preset BCs, predictors, correctors, and constraints)
 0 Nonlinear |R| = [32m2.238071e-03[39m
      0 Linear |R| = [32m2.238071e-03[39m
      1 Linear |R| = [32m5.461349e-19[39m
 1 Nonlinear |R| = [32m3.391388e-14[39m
[32m Solve Converged![39m

Outlier Variable Residual Norms:
  p: [31m3.387643e-14[39m

Postprocessor Values:
+----------------+----------------+----------------+----------------+
| time           | p_l2           | ux_l2          | uy_l2          |
+----------------+----------------+----------------+----------------+
:                :                :                :                :
|   6.800000e-03 |   3.277710e-06 |   1.116866e-07 |   1.152494e-07 |
|   6.900000e-03 |   3.327107e-06 |   1.133284e-07 |   1.169455e-07 |
|   7.000000e-03 |   3.376505e-06 |   1.149702e-07 |   1.186415e-07 |
|   7.100000e-03 |   3.425904e-06 |   1.166120e-07 |   1.203376e-07 |
|   7.200000e-03 |   3.475304e-06 |   1.182537e-07 |   1.220336e-07 |
|   7.300000e-03 |   3.524704e-06 |   1.198955e-07 |   1.237297e-07 |
|   7.400000e-03 |   3.574106e-06 |   1.215373e-07 |   1.254257e-07 |
|   7.500000e-03 |   3.623508e-06 |   1.231791e-07 |   1.271218e-07 |
|   7.600000e-03 |   3.672911e-06 |   1.248208e-07 |   1.288178e-07 |
|   7.700000e-03 |   3.722314e-06 |   1.264626e-07 |   1.305138e-07 |
|   7.800000e-03 |   3.771719e-06 |   1.281044e-07 |   1.322099e-07 |
|   7.900000e-03 |   3.821123e-06 |   1.297461e-07 |   1.339059e-07 |
|   8.000000e-03 |   3.870529e-06 |   1.313879e-07 |   1.356020e-07 |
|   8.100000e-03 |   3.919935e-06 |   1.330297e-07 |   1.372980e-07 |
|   8.200000e-03 |   3.969341e-06 |   1.346715e-07 |   1.389940e-07 |
+----------------+----------------+----------------+----------------+


Time Step 83, time = 0.0083, dt = 0.0001
 * Nonlinear |R| = [32m2.244933e-03[39m (Before preset BCs, predictors, correctors, and constraints)
 0 Nonlinear |R| = [32m2.238069e-03[39m
      0 Linear |R| = [32m2.238069e-03[39m
      1 Linear |R| = [32m3.958680e-19[39m
 1 Nonlinear |R| = [32m3.297093e-14[39m
[32m Solve Converged![39m

Outlier Variable Residual Norms:
  p: [31m3.291277e-14[39m

Postprocessor Values:
+----------------+----------------+----------------+----------------+
| time           | p_l2           | ux_l2          | uy_l2          |
+----------------+----------------+----------------+----------------+
:                :                :                :                :
|   6.900000e-03 |   3.327107e-06 |   1.133284e-07 |   1.169455e-07 |
|   7.000000e-03 |   3.376505e-06 |   1.149702e-07 |   1.186415e-07 |
|   7.100000e-03 |   3.425904e-06 |   1.166120e-07 |   1.203376e-07 |
|   7.200000e-03 |   3.475304e-06 |   1.182537e-07 |   1.220336e-07 |
|   7.300000e-03 |   3.524704e-06 |   1.198955e-07 |   1.237297e-07 |
|   7.400000e-03 |   3.574106e-06 |   1.215373e-07 |   1.254257e-07 |
|   7.500000e-03 |   3.623508e-06 |   1.231791e-07 |   1.271218e-07 |
|   7.600000e-03 |   3.672911e-06 |   1.248208e-07 |   1.288178e-07 |
|   7.700000e-03 |   3.722314e-06 |   1.264626e-07 |   1.305138e-07 |
|   7.800000e-03 |   3.771719e-06 |   1.281044e-07 |   1.322099e-07 |
|   7.900000e-03 |   3.821123e-06 |   1.297461e-07 |   1.339059e-07 |
|   8.000000e-03 |   3.870529e-06 |   1.313879e-07 |   1.356020e-07 |
|   8.100000e-03 |   3.919935e-06 |   1.330297e-07 |   1.372980e-07 |
|   8.200000e-03 |   3.969341e-06 |   1.346715e-07 |   1.389940e-07 |
|   8.300000e-03 |   4.018748e-06 |   1.363132e-07 |   1.406901e-07 |
+----------------+----------------+----------------+----------------+


Time Step 84, time = 0.0084, dt = 0.0001
 * Nonlinear |R| = [32m2.244931e-03[39m (Before preset BCs, predictors, correctors, and constraints)
 0 Nonlinear |R| = [32m2.238067e-03[39m
      0 Linear |R| = [32m2.238067e-03[39m
      1 Linear |R| = [32m7.024781e-19[39m
 1 Nonlinear |R| = [32m3.136829e-14[39m
[32m Solve Converged![39m

Outlier Variable Residual Norms:
  p: [31m3.129536e-14[39m

Postprocessor Values:
+----------------+----------------+----------------+----------------+
| time           | p_l2           | ux_l2          | uy_l2          |
+----------------+----------------+----------------+----------------+
:                :                :                :                :
|   7.000000e-03 |   3.376505e-06 |   1.149702e-07 |   1.186415e-07 |
|   7.100000e-03 |   3.425904e-06 |   1.166120e-07 |   1.203376e-07 |
|   7.200000e-03 |   3.475304e-06 |   1.182537e-07 |   1.220336e-07 |
|   7.300000e-03 |   3.524704e-06 |   1.198955e-07 |   1.237297e-07 |
|   7.400000e-03 |   3.574106e-06 |   1.215373e-07 |   1.254257e-07 |
|   7.500000e-03 |   3.623508e-06 |   1.231791e-07 |   1.271218e-07 |
|   7.600000e-03 |   3.672911e-06 |   1.248208e-07 |   1.288178e-07 |
|   7.700000e-03 |   3.722314e-06 |   1.264626e-07 |   1.305138e-07 |
|   7.800000e-03 |   3.771719e-06 |   1.281044e-07 |   1.322099e-07 |
|   7.900000e-03 |   3.821123e-06 |   1.297461e-07 |   1.339059e-07 |
|   8.000000e-03 |   3.870529e-06 |   1.313879e-07 |   1.356020e-07 |
|   8.100000e-03 |   3.919935e-06 |   1.330297e-07 |   1.372980e-07 |
|   8.200000e-03 |   3.969341e-06 |   1.346715e-07 |   1.389940e-07 |
|   8.300000e-03 |   4.018748e-06 |   1.363132e-07 |   1.406901e-07 |
|   8.400000e-03 |   4.068156e-06 |   1.379550e-07 |   1.423861e-07 |
+----------------+----------------+----------------+----------------+


Time Step 85, time = 0.0085, dt = 0.0001
 * Nonlinear |R| = [32m2.244929e-03[39m (Before preset BCs, predictors, correctors, and constraints)
 0 Nonlinear |R| = [32m2.238065e-03[39m
      0 Linear |R| = [32m2.238065e-03[39m
      1 Linear |R| = [32m1.030197e-18[39m
 1 Nonlinear |R| = [32m4.337206e-14[39m
[32m Solve Converged![39m

Outlier Variable Residual Norms:
  p: [31m4.332272e-14[39m

Postprocessor Values:
+----------------+----------------+----------------+----------------+
| time           | p_l2           | ux_l2          | uy_l2          |
+----------------+----------------+----------------+----------------+
:                :                :                :                :
|   7.100000e-03 |   3.425904e-06 |   1.166120e-07 |   1.203376e-07 |
|   7.200000e-03 |   3.475304e-06 |   1.182537e-07 |   1.220336e-07 |
|   7.300000e-03 |   3.524704e-06 |   1.198955e-07 |   1.237297e-07 |
|   7.400000e-03 |   3.574106e-06 |   1.215373e-07 |   1.254257e-07 |
|   7.500000e-03 |   3.623508e-06 |   1.231791e-07 |   1.271218e-07 |
|   7.600000e-03 |   3.672911e-06 |   1.248208e-07 |   1.288178e-07 |
|   7.700000e-03 |   3.722314e-06 |   1.264626e-07 |   1.305138e-07 |
|   7.800000e-03 |   3.771719e-06 |   1.281044e-07 |   1.322099e-07 |
|   7.900000e-03 |   3.821123e-06 |   1.297461e-07 |   1.339059e-07 |
|   8.000000e-03 |   3.870529e-06 |   1.313879e-07 |   1.356020e-07 |
|   8.100000e-03 |   3.919935e-06 |   1.330297e-07 |   1.372980e-07 |
|   8.200000e-03 |   3.969341e-06 |   1.346715e-07 |   1.389940e-07 |
|   8.300000e-03 |   4.018748e-06 |   1.363132e-07 |   1.406901e-07 |
|   8.400000e-03 |   4.068156e-06 |   1.379550e-07 |   1.423861e-07 |
|   8.500000e-03 |   4.117564e-06 |   1.395967e-07 |   1.440821e-07 |
+----------------+----------------+----------------+----------------+


Time Step 86, time = 0.0086, dt = 0.0001
 * Nonlinear |R| = [32m2.244927e-03[39m (Before preset BCs, predictors, correctors, and constraints)
 0 Nonlinear |R| = [32m2.238064e-03[39m
      0 Linear |R| = [32m2.238064e-03[39m
      1 Linear |R| = [32m6.468913e-19[39m
 1 Nonlinear |R| = [32m2.727534e-14[39m
[32m Solve Converged![39m

Outlier Variable Residual Norms:
  p: [31m2.720758e-14[39m

Postprocessor Values:
+----------------+----------------+----------------+----------------+
| time           | p_l2           | ux_l2          | uy_l2          |
+----------------+----------------+----------------+----------------+
:                :                :                :                :
|   7.200000e-03 |   3.475304e-06 |   1.182537e-07 |   1.220336e-07 |
|   7.300000e-03 |   3.524704e-06 |   1.198955e-07 |   1.237297e-07 |
|   7.400000e-03 |   3.574106e-06 |   1.215373e-07 |   1.254257e-07 |
|   7.500000e-03 |   3.623508e-06 |   1.231791e-07 |   1.271218e-07 |
|   7.600000e-03 |   3.672911e-06 |   1.248208e-07 |   1.288178e-07 |
|   7.700000e-03 |   3.722314e-06 |   1.264626e-07 |   1.305138e-07 |
|   7.800000e-03 |   3.771719e-06 |   1.281044e-07 |   1.322099e-07 |
|   7.900000e-03 |   3.821123e-06 |   1.297461e-07 |   1.339059e-07 |
|   8.000000e-03 |   3.870529e-06 |   1.313879e-07 |   1.356020e-07 |
|   8.100000e-03 |   3.919935e-06 |   1.330297e-07 |   1.372980e-07 |
|   8.200000e-03 |   3.969341e-06 |   1.346715e-07 |   1.389940e-07 |
|   8.300000e-03 |   4.018748e-06 |   1.363132e-07 |   1.406901e-07 |
|   8.400000e-03 |   4.068156e-06 |   1.379550e-07 |   1.423861e-07 |
|   8.500000e-03 |   4.117564e-06 |   1.395967e-07 |   1.440821e-07 |
|   8.600000e-03 |   4.166973e-06 |   1.412385e-07 |   1.457782e-07 |
+----------------+----------------+----------------+----------------+


Time Step 87, time = 0.0087, dt = 0.0001
 * Nonlinear |R| = [32m2.244925e-03[39m (Before preset BCs, predictors, correctors, and constraints)
 0 Nonlinear |R| = [32m2.238062e-03[39m
      0 Linear |R| = [32m2.238062e-03[39m
      1 Linear |R| = [32m6.888899e-19[39m
 1 Nonlinear |R| = [32m2.709782e-14[39m
[32m Solve Converged![39m

Outlier Variable Residual Norms:
  p: [31m2.703932e-14[39m

Postprocessor Values:
+----------------+----------------+----------------+----------------+
| time           | p_l2           | ux_l2          | uy_l2          |
+----------------+----------------+----------------+----------------+
:                :                :                :                :
|   7.300000e-03 |   3.524704e-06 |   1.198955e-07 |   1.237297e-07 |
|   7.400000e-03 |   3.574106e-06 |   1.215373e-07 |   1.254257e-07 |
|   7.500000e-03 |   3.623508e-06 |   1.231791e-07 |   1.271218e-07 |
|   7.600000e-03 |   3.672911e-06 |   1.248208e-07 |   1.288178e-07 |
|   7.700000e-03 |   3.722314e-06 |   1.264626e-07 |   1.305138e-07 |
|   7.800000e-03 |   3.771719e-06 |   1.281044e-07 |   1.322099e-07 |
|   7.900000e-03 |   3.821123e-06 |   1.297461e-07 |   1.339059e-07 |
|   8.000000e-03 |   3.870529e-06 |   1.313879e-07 |   1.356020e-07 |
|   8.100000e-03 |   3.919935e-06 |   1.330297e-07 |   1.372980e-07 |
|   8.200000e-03 |   3.969341e-06 |   1.346715e-07 |   1.389940e-07 |
|   8.300000e-03 |   4.018748e-06 |   1.363132e-07 |   1.406901e-07 |
|   8.400000e-03 |   4.068156e-06 |   1.379550e-07 |   1.423861e-07 |
|   8.500000e-03 |   4.117564e-06 |   1.395967e-07 |   1.440821e-07 |
|   8.600000e-03 |   4.166973e-06 |   1.412385e-07 |   1.457782e-07 |
|   8.700000e-03 |   4.216382e-06 |   1.428803e-07 |   1.474742e-07 |
+----------------+----------------+----------------+----------------+


Time Step 88, time = 0.0088, dt = 0.0001
 * Nonlinear |R| = [32m2.244923e-03[39m (Before preset BCs, predictors, correctors, and constraints)
 0 Nonlinear |R| = [32m2.238060e-03[39m
      0 Linear |R| = [32m2.238060e-03[39m
      1 Linear |R| = [32m8.064570e-19[39m
 1 Nonlinear |R| = [32m2.254170e-14[39m
[32m Solve Converged![39m

Outlier Variable Residual Norms:
  p: [31m2.248444e-14[39m

Postprocessor Values:
+----------------+----------------+----------------+----------------+
| time           | p_l2           | ux_l2          | uy_l2          |
+----------------+----------------+----------------+----------------+
:                :                :                :                :
|   7.400000e-03 |   3.574106e-06 |   1.215373e-07 |   1.254257e-07 |
|   7.500000e-03 |   3.623508e-06 |   1.231791e-07 |   1.271218e-07 |
|   7.600000e-03 |   3.672911e-06 |   1.248208e-07 |   1.288178e-07 |
|   7.700000e-03 |   3.722314e-06 |   1.264626e-07 |   1.305138e-07 |
|   7.800000e-03 |   3.771719e-06 |   1.281044e-07 |   1.322099e-07 |
|   7.900000e-03 |   3.821123e-06 |   1.297461e-07 |   1.339059e-07 |
|   8.000000e-03 |   3.870529e-06 |   1.313879e-07 |   1.356020e-07 |
|   8.100000e-03 |   3.919935e-06 |   1.330297e-07 |   1.372980e-07 |
|   8.200000e-03 |   3.969341e-06 |   1.346715e-07 |   1.389940e-07 |
|   8.300000e-03 |   4.018748e-06 |   1.363132e-07 |   1.406901e-07 |
|   8.400000e-03 |   4.068156e-06 |   1.379550e-07 |   1.423861e-07 |
|   8.500000e-03 |   4.117564e-06 |   1.395967e-07 |   1.440821e-07 |
|   8.600000e-03 |   4.166973e-06 |   1.412385e-07 |   1.457782e-07 |
|   8.700000e-03 |   4.216382e-06 |   1.428803e-07 |   1.474742e-07 |
|   8.800000e-03 |   4.265791e-06 |   1.445220e-07 |   1.491702e-07 |
+----------------+----------------+----------------+----------------+


Time Step 89, time = 0.0089, dt = 0.0001
 * Nonlinear |R| = [32m2.244921e-03[39m (Before preset BCs, predictors, correctors, and constraints)
 0 Nonlinear |R| = [32m2.238058e-03[39m
      0 Linear |R| = [32m2.238058e-03[39m
      1 Linear |R| = [32m8.045516e-19[39m
 1 Nonlinear |R| = [32m3.264099e-14[39m
[32m Solve Converged![39m

Outlier Variable Residual Norms:
  p: [31m3.258589e-14[39m

Postprocessor Values:
+----------------+----------------+----------------+----------------+
| time           | p_l2           | ux_l2          | uy_l2          |
+----------------+----------------+----------------+----------------+
:                :                :                :                :
|   7.500000e-03 |   3.623508e-06 |   1.231791e-07 |   1.271218e-07 |
|   7.600000e-03 |   3.672911e-06 |   1.248208e-07 |   1.288178e-07 |
|   7.700000e-03 |   3.722314e-06 |   1.264626e-07 |   1.305138e-07 |
|   7.800000e-03 |   3.771719e-06 |   1.281044e-07 |   1.322099e-07 |
|   7.900000e-03 |   3.821123e-06 |   1.297461e-07 |   1.339059e-07 |
|   8.000000e-03 |   3.870529e-06 |   1.313879e-07 |   1.356020e-07 |
|   8.100000e-03 |   3.919935e-06 |   1.330297e-07 |   1.372980e-07 |
|   8.200000e-03 |   3.969341e-06 |   1.346715e-07 |   1.389940e-07 |
|   8.300000e-03 |   4.018748e-06 |   1.363132e-07 |   1.406901e-07 |
|   8.400000e-03 |   4.068156e-06 |   1.379550e-07 |   1.423861e-07 |
|   8.500000e-03 |   4.117564e-06 |   1.395967e-07 |   1.440821e-07 |
|   8.600000e-03 |   4.166973e-06 |   1.412385e-07 |   1.457782e-07 |
|   8.700000e-03 |   4.216382e-06 |   1.428803e-07 |   1.474742e-07 |
|   8.800000e-03 |   4.265791e-06 |   1.445220e-07 |   1.491702e-07 |
|   8.900000e-03 |   4.315201e-06 |   1.461638e-07 |   1.508663e-07 |
+----------------+----------------+----------------+----------------+


Time Step 90, time = 0.009, dt = 0.0001
 * Nonlinear |R| = [32m2.244919e-03[39m (Before preset BCs, predictors, correctors, and constraints)
 0 Nonlinear |R| = [32m2.238056e-03[39m
      0 Linear |R| = [32m2.238056e-03[39m
      1 Linear |R| = [32m4.427143e-19[39m
 1 Nonlinear |R| = [32m3.459567e-14[39m
[32m Solve Converged![39m

Outlier Variable Residual Norms:
  p: [31m3.453974e-14[39m

Postprocessor Values:
+----------------+----------------+----------------+----------------+
| time           | p_l2           | ux_l2          | uy_l2          |
+----------------+----------------+----------------+----------------+
:                :                :                :                :
|   7.600000e-03 |   3.672911e-06 |   1.248208e-07 |   1.288178e-07 |
|   7.700000e-03 |   3.722314e-06 |   1.264626e-07 |   1.305138e-07 |
|   7.800000e-03 |   3.771719e-06 |   1.281044e-07 |   1.322099e-07 |
|   7.900000e-03 |   3.821123e-06 |   1.297461e-07 |   1.339059e-07 |
|   8.000000e-03 |   3.870529e-06 |   1.313879e-07 |   1.356020e-07 |
|   8.100000e-03 |   3.919935e-06 |   1.330297e-07 |   1.372980e-07 |
|   8.200000e-03 |   3.969341e-06 |   1.346715e-07 |   1.389940e-07 |
|   8.300000e-03 |   4.018748e-06 |   1.363132e-07 |   1.406901e-07 |
|   8.400000e-03 |   4.068156e-06 |   1.379550e-07 |   1.423861e-07 |
|   8.500000e-03 |   4.117564e-06 |   1.395967e-07 |   1.440821e-07 |
|   8.600000e-03 |   4.166973e-06 |   1.412385e-07 |   1.457782e-07 |
|   8.700000e-03 |   4.216382e-06 |   1.428803e-07 |   1.474742e-07 |
|   8.800000e-03 |   4.265791e-06 |   1.445220e-07 |   1.491702e-07 |
|   8.900000e-03 |   4.315201e-06 |   1.461638e-07 |   1.508663e-07 |
|   9.000000e-03 |   4.364611e-06 |   1.478055e-07 |   1.525623e-07 |
+----------------+----------------+----------------+----------------+


Time Step 91, time = 0.0091, dt = 0.0001
 * Nonlinear |R| = [32m2.244917e-03[39m (Before preset BCs, predictors, correctors, and constraints)
 0 Nonlinear |R| = [32m2.238054e-03[39m
      0 Linear |R| = [32m2.238054e-03[39m
      1 Linear |R| = [32m8.182894e-19[39m
 1 Nonlinear |R| = [32m2.793102e-14[39m
[32m Solve Converged![39m

Outlier Variable Residual Norms:
  p: [31m2.784621e-14[39m

Postprocessor Values:
+----------------+----------------+----------------+----------------+
| time           | p_l2           | ux_l2          | uy_l2          |
+----------------+----------------+----------------+----------------+
:                :                :                :                :
|   7.700000e-03 |   3.722314e-06 |   1.264626e-07 |   1.305138e-07 |
|   7.800000e-03 |   3.771719e-06 |   1.281044e-07 |   1.322099e-07 |
|   7.900000e-03 |   3.821123e-06 |   1.297461e-07 |   1.339059e-07 |
|   8.000000e-03 |   3.870529e-06 |   1.313879e-07 |   1.356020e-07 |
|   8.100000e-03 |   3.919935e-06 |   1.330297e-07 |   1.372980e-07 |
|   8.200000e-03 |   3.969341e-06 |   1.346715e-07 |   1.389940e-07 |
|   8.300000e-03 |   4.018748e-06 |   1.363132e-07 |   1.406901e-07 |
|   8.400000e-03 |   4.068156e-06 |   1.379550e-07 |   1.423861e-07 |
|   8.500000e-03 |   4.117564e-06 |   1.395967e-07 |   1.440821e-07 |
|   8.600000e-03 |   4.166973e-06 |   1.412385e-07 |   1.457782e-07 |
|   8.700000e-03 |   4.216382e-06 |   1.428803e-07 |   1.474742e-07 |
|   8.800000e-03 |   4.265791e-06 |   1.445220e-07 |   1.491702e-07 |
|   8.900000e-03 |   4.315201e-06 |   1.461638e-07 |   1.508663e-07 |
|   9.000000e-03 |   4.364611e-06 |   1.478055e-07 |   1.525623e-07 |
|   9.100000e-03 |   4.414022e-06 |   1.494473e-07 |   1.542583e-07 |
+----------------+----------------+----------------+----------------+


Time Step 92, time = 0.0092, dt = 0.0001
 * Nonlinear |R| = [32m2.244915e-03[39m (Before preset BCs, predictors, correctors, and constraints)
 0 Nonlinear |R| = [32m2.238052e-03[39m
      0 Linear |R| = [32m2.238052e-03[39m
      1 Linear |R| = [32m9.821156e-19[39m
 1 Nonlinear |R| = [32m2.640939e-14[39m
[32m Solve Converged![39m

Outlier Variable Residual Norms:
  p: [31m2.633544e-14[39m

Postprocessor Values:
+----------------+----------------+----------------+----------------+
| time           | p_l2           | ux_l2          | uy_l2          |
+----------------+----------------+----------------+----------------+
:                :                :                :                :
|   7.800000e-03 |   3.771719e-06 |   1.281044e-07 |   1.322099e-07 |
|   7.900000e-03 |   3.821123e-06 |   1.297461e-07 |   1.339059e-07 |
|   8.000000e-03 |   3.870529e-06 |   1.313879e-07 |   1.356020e-07 |
|   8.100000e-03 |   3.919935e-06 |   1.330297e-07 |   1.372980e-07 |
|   8.200000e-03 |   3.969341e-06 |   1.346715e-07 |   1.389940e-07 |
|   8.300000e-03 |   4.018748e-06 |   1.363132e-07 |   1.406901e-07 |
|   8.400000e-03 |   4.068156e-06 |   1.379550e-07 |   1.423861e-07 |
|   8.500000e-03 |   4.117564e-06 |   1.395967e-07 |   1.440821e-07 |
|   8.600000e-03 |   4.166973e-06 |   1.412385e-07 |   1.457782e-07 |
|   8.700000e-03 |   4.216382e-06 |   1.428803e-07 |   1.474742e-07 |
|   8.800000e-03 |   4.265791e-06 |   1.445220e-07 |   1.491702e-07 |
|   8.900000e-03 |   4.315201e-06 |   1.461638e-07 |   1.508663e-07 |
|   9.000000e-03 |   4.364611e-06 |   1.478055e-07 |   1.525623e-07 |
|   9.100000e-03 |   4.414022e-06 |   1.494473e-07 |   1.542583e-07 |
|   9.200000e-03 |   4.463433e-06 |   1.510890e-07 |   1.559544e-07 |
+----------------+----------------+----------------+----------------+


Time Step 93, time = 0.0093, dt = 0.0001
 * Nonlinear |R| = [32m2.244913e-03[39m (Before preset BCs, predictors, correctors, and constraints)
 0 Nonlinear |R| = [32m2.238050e-03[39m
      0 Linear |R| = [32m2.238050e-03[39m
      1 Linear |R| = [32m7.689006e-19[39m
 1 Nonlinear |R| = [32m2.402778e-14[39m
[32m Solve Converged![39m

Outlier Variable Residual Norms:
  p: [31m2.393596e-14[39m

Postprocessor Values:
+----------------+----------------+----------------+----------------+
| time           | p_l2           | ux_l2          | uy_l2          |
+----------------+----------------+----------------+----------------+
:                :                :                :                :
|   7.900000e-03 |   3.821123e-06 |   1.297461e-07 |   1.339059e-07 |
|   8.000000e-03 |   3.870529e-06 |   1.313879e-07 |   1.356020e-07 |
|   8.100000e-03 |   3.919935e-06 |   1.330297e-07 |   1.372980e-07 |
|   8.200000e-03 |   3.969341e-06 |   1.346715e-07 |   1.389940e-07 |
|   8.300000e-03 |   4.018748e-06 |   1.363132e-07 |   1.406901e-07 |
|   8.400000e-03 |   4.068156e-06 |   1.379550e-07 |   1.423861e-07 |
|   8.500000e-03 |   4.117564e-06 |   1.395967e-07 |   1.440821e-07 |
|   8.600000e-03 |   4.166973e-06 |   1.412385e-07 |   1.457782e-07 |
|   8.700000e-03 |   4.216382e-06 |   1.428803e-07 |   1.474742e-07 |
|   8.800000e-03 |   4.265791e-06 |   1.445220e-07 |   1.491702e-07 |
|   8.900000e-03 |   4.315201e-06 |   1.461638e-07 |   1.508663e-07 |
|   9.000000e-03 |   4.364611e-06 |   1.478055e-07 |   1.525623e-07 |
|   9.100000e-03 |   4.414022e-06 |   1.494473e-07 |   1.542583e-07 |
|   9.200000e-03 |   4.463433e-06 |   1.510890e-07 |   1.559544e-07 |
|   9.300000e-03 |   4.512844e-06 |   1.527308e-07 |   1.576504e-07 |
+----------------+----------------+----------------+----------------+


Time Step 94, time = 0.0094, dt = 0.0001
 * Nonlinear |R| = [32m2.244911e-03[39m (Before preset BCs, predictors, correctors, and constraints)
 0 Nonlinear |R| = [32m2.238048e-03[39m
      0 Linear |R| = [32m2.238048e-03[39m
      1 Linear |R| = [32m8.582616e-19[39m
 1 Nonlinear |R| = [32m3.943004e-14[39m
[32m Solve Converged![39m

Outlier Variable Residual Norms:
  p: [31m3.938537e-14[39m

Postprocessor Values:
+----------------+----------------+----------------+----------------+
| time           | p_l2           | ux_l2          | uy_l2          |
+----------------+----------------+----------------+----------------+
:                :                :                :                :
|   8.000000e-03 |   3.870529e-06 |   1.313879e-07 |   1.356020e-07 |
|   8.100000e-03 |   3.919935e-06 |   1.330297e-07 |   1.372980e-07 |
|   8.200000e-03 |   3.969341e-06 |   1.346715e-07 |   1.389940e-07 |
|   8.300000e-03 |   4.018748e-06 |   1.363132e-07 |   1.406901e-07 |
|   8.400000e-03 |   4.068156e-06 |   1.379550e-07 |   1.423861e-07 |
|   8.500000e-03 |   4.117564e-06 |   1.395967e-07 |   1.440821e-07 |
|   8.600000e-03 |   4.166973e-06 |   1.412385e-07 |   1.457782e-07 |
|   8.700000e-03 |   4.216382e-06 |   1.428803e-07 |   1.474742e-07 |
|   8.800000e-03 |   4.265791e-06 |   1.445220e-07 |   1.491702e-07 |
|   8.900000e-03 |   4.315201e-06 |   1.461638e-07 |   1.508663e-07 |
|   9.000000e-03 |   4.364611e-06 |   1.478055e-07 |   1.525623e-07 |
|   9.100000e-03 |   4.414022e-06 |   1.494473e-07 |   1.542583e-07 |
|   9.200000e-03 |   4.463433e-06 |   1.510890e-07 |   1.559544e-07 |
|   9.300000e-03 |   4.512844e-06 |   1.527308e-07 |   1.576504e-07 |
|   9.400000e-03 |   4.562256e-06 |   1.543725e-07 |   1.593464e-07 |
+----------------+----------------+----------------+----------------+


Time Step 95, time = 0.0095, dt = 0.0001
 * Nonlinear |R| = [32m2.244909e-03[39m (Before preset BCs, predictors, correctors, and constraints)
 0 Nonlinear |R| = [32m2.238045e-03[39m
      0 Linear |R| = [32m2.238045e-03[39m
      1 Linear |R| = [32m6.999560e-19[39m
 1 Nonlinear |R| = [32m3.167080e-14[39m
[32m Solve Converged![39m

Outlier Variable Residual Norms:
  p: [31m3.161300e-14[39m

Postprocessor Values:
+----------------+----------------+----------------+----------------+
| time           | p_l2           | ux_l2          | uy_l2          |
+----------------+----------------+----------------+----------------+
:                :                :                :                :
|   8.100000e-03 |   3.919935e-06 |   1.330297e-07 |   1.372980e-07 |
|   8.200000e-03 |   3.969341e-06 |   1.346715e-07 |   1.389940e-07 |
|   8.300000e-03 |   4.018748e-06 |   1.363132e-07 |   1.406901e-07 |
|   8.400000e-03 |   4.068156e-06 |   1.379550e-07 |   1.423861e-07 |
|   8.500000e-03 |   4.117564e-06 |   1.395967e-07 |   1.440821e-07 |
|   8.600000e-03 |   4.166973e-06 |   1.412385e-07 |   1.457782e-07 |
|   8.700000e-03 |   4.216382e-06 |   1.428803e-07 |   1.474742e-07 |
|   8.800000e-03 |   4.265791e-06 |   1.445220e-07 |   1.491702e-07 |
|   8.900000e-03 |   4.315201e-06 |   1.461638e-07 |   1.508663e-07 |
|   9.000000e-03 |   4.364611e-06 |   1.478055e-07 |   1.525623e-07 |
|   9.100000e-03 |   4.414022e-06 |   1.494473e-07 |   1.542583e-07 |
|   9.200000e-03 |   4.463433e-06 |   1.510890e-07 |   1.559544e-07 |
|   9.300000e-03 |   4.512844e-06 |   1.527308e-07 |   1.576504e-07 |
|   9.400000e-03 |   4.562256e-06 |   1.543725e-07 |   1.593464e-07 |
|   9.500000e-03 |   4.611668e-06 |   1.560143e-07 |   1.610424e-07 |
+----------------+----------------+----------------+----------------+


Time Step 96, time = 0.0096, dt = 0.0001
 * Nonlinear |R| = [32m2.244907e-03[39m (Before preset BCs, predictors, correctors, and constraints)
 0 Nonlinear |R| = [32m2.238043e-03[39m
      0 Linear |R| = [32m2.238043e-03[39m
      1 Linear |R| = [32m4.836986e-19[39m
 1 Nonlinear |R| = [32m1.911155e-14[39m
[32m Solve Converged![39m

Outlier Variable Residual Norms:
  p: [31m1.900925e-14[39m

Postprocessor Values:
+----------------+----------------+----------------+----------------+
| time           | p_l2           | ux_l2          | uy_l2          |
+----------------+----------------+----------------+----------------+
:                :                :                :                :
|   8.200000e-03 |   3.969341e-06 |   1.346715e-07 |   1.389940e-07 |
|   8.300000e-03 |   4.018748e-06 |   1.363132e-07 |   1.406901e-07 |
|   8.400000e-03 |   4.068156e-06 |   1.379550e-07 |   1.423861e-07 |
|   8.500000e-03 |   4.117564e-06 |   1.395967e-07 |   1.440821e-07 |
|   8.600000e-03 |   4.166973e-06 |   1.412385e-07 |   1.457782e-07 |
|   8.700000e-03 |   4.216382e-06 |   1.428803e-07 |   1.474742e-07 |
|   8.800000e-03 |   4.265791e-06 |   1.445220e-07 |   1.491702e-07 |
|   8.900000e-03 |   4.315201e-06 |   1.461638e-07 |   1.508663e-07 |
|   9.000000e-03 |   4.364611e-06 |   1.478055e-07 |   1.525623e-07 |
|   9.100000e-03 |   4.414022e-06 |   1.494473e-07 |   1.542583e-07 |
|   9.200000e-03 |   4.463433e-06 |   1.510890e-07 |   1.559544e-07 |
|   9.300000e-03 |   4.512844e-06 |   1.527308e-07 |   1.576504e-07 |
|   9.400000e-03 |   4.562256e-06 |   1.543725e-07 |   1.593464e-07 |
|   9.500000e-03 |   4.611668e-06 |   1.560143e-07 |   1.610424e-07 |
|   9.600000e-03 |   4.661080e-06 |   1.576560e-07 |   1.627384e-07 |
+----------------+----------------+----------------+----------------+


Time Step 97, time = 0.0097, dt = 0.0001
 * Nonlinear |R| = [32m2.244905e-03[39m (Before preset BCs, predictors, correctors, and constraints)
 0 Nonlinear |R| = [32m2.238041e-03[39m
      0 Linear |R| = [32m2.238041e-03[39m
      1 Linear |R| = [32m6.906255e-19[39m
 1 Nonlinear |R| = [32m2.433767e-14[39m
[32m Solve Converged![39m

Outlier Variable Residual Norms:
  p: [31m2.427144e-14[39m

Postprocessor Values:
+----------------+----------------+----------------+----------------+
| time           | p_l2           | ux_l2          | uy_l2          |
+----------------+----------------+----------------+----------------+
:                :                :                :                :
|   8.300000e-03 |   4.018748e-06 |   1.363132e-07 |   1.406901e-07 |
|   8.400000e-03 |   4.068156e-06 |   1.379550e-07 |   1.423861e-07 |
|   8.500000e-03 |   4.117564e-06 |   1.395967e-07 |   1.440821e-07 |
|   8.600000e-03 |   4.166973e-06 |   1.412385e-07 |   1.457782e-07 |
|   8.700000e-03 |   4.216382e-06 |   1.428803e-07 |   1.474742e-07 |
|   8.800000e-03 |   4.265791e-06 |   1.445220e-07 |   1.491702e-07 |
|   8.900000e-03 |   4.315201e-06 |   1.461638e-07 |   1.508663e-07 |
|   9.000000e-03 |   4.364611e-06 |   1.478055e-07 |   1.525623e-07 |
|   9.100000e-03 |   4.414022e-06 |   1.494473e-07 |   1.542583e-07 |
|   9.200000e-03 |   4.463433e-06 |   1.510890e-07 |   1.559544e-07 |
|   9.300000e-03 |   4.512844e-06 |   1.527308e-07 |   1.576504e-07 |
|   9.400000e-03 |   4.562256e-06 |   1.543725e-07 |   1.593464e-07 |
|   9.500000e-03 |   4.611668e-06 |   1.560143e-07 |   1.610424e-07 |
|   9.600000e-03 |   4.661080e-06 |   1.576560e-07 |   1.627384e-07 |
|   9.700000e-03 |   4.710493e-06 |   1.592978e-07 |   1.644345e-07 |
+----------------+----------------+----------------+----------------+


Time Step 98, time = 0.0098, dt = 0.0001
 * Nonlinear |R| = [32m2.244903e-03[39m (Before preset BCs, predictors, correctors, and constraints)
 0 Nonlinear |R| = [32m2.238039e-03[39m
      0 Linear |R| = [32m2.238039e-03[39m
      1 Linear |R| = [32m6.917830e-19[39m
 1 Nonlinear |R| = [32m2.933753e-14[39m
[32m Solve Converged![39m

Outlier Variable Residual Norms:
  p: [31m2.928139e-14[39m

Postprocessor Values:
+----------------+----------------+----------------+----------------+
| time           | p_l2           | ux_l2          | uy_l2          |
+----------------+----------------+----------------+----------------+
:                :                :                :                :
|   8.400000e-03 |   4.068156e-06 |   1.379550e-07 |   1.423861e-07 |
|   8.500000e-03 |   4.117564e-06 |   1.395967e-07 |   1.440821e-07 |
|   8.600000e-03 |   4.166973e-06 |   1.412385e-07 |   1.457782e-07 |
|   8.700000e-03 |   4.216382e-06 |   1.428803e-07 |   1.474742e-07 |
|   8.800000e-03 |   4.265791e-06 |   1.445220e-07 |   1.491702e-07 |
|   8.900000e-03 |   4.315201e-06 |   1.461638e-07 |   1.508663e-07 |
|   9.000000e-03 |   4.364611e-06 |   1.478055e-07 |   1.525623e-07 |
|   9.100000e-03 |   4.414022e-06 |   1.494473e-07 |   1.542583e-07 |
|   9.200000e-03 |   4.463433e-06 |   1.510890e-07 |   1.559544e-07 |
|   9.300000e-03 |   4.512844e-06 |   1.527308e-07 |   1.576504e-07 |
|   9.400000e-03 |   4.562256e-06 |   1.543725e-07 |   1.593464e-07 |
|   9.500000e-03 |   4.611668e-06 |   1.560143e-07 |   1.610424e-07 |
|   9.600000e-03 |   4.661080e-06 |   1.576560e-07 |   1.627384e-07 |
|   9.700000e-03 |   4.710493e-06 |   1.592978e-07 |   1.644345e-07 |
|   9.800000e-03 |   4.759905e-06 |   1.609395e-07 |   1.661305e-07 |
+----------------+----------------+----------------+----------------+


Time Step 99, time = 0.0099, dt = 0.0001
 * Nonlinear |R| = [32m2.244900e-03[39m (Before preset BCs, predictors, correctors, and constraints)
 0 Nonlinear |R| = [32m2.238037e-03[39m
      0 Linear |R| = [32m2.238037e-03[39m
      1 Linear |R| = [32m6.477826e-19[39m
 1 Nonlinear |R| = [32m2.791616e-14[39m
[32m Solve Converged![39m

Outlier Variable Residual Norms:
  p: [31m2.786350e-14[39m

Postprocessor Values:
+----------------+----------------+----------------+----------------+
| time           | p_l2           | ux_l2          | uy_l2          |
+----------------+----------------+----------------+----------------+
:                :                :                :                :
|   8.500000e-03 |   4.117564e-06 |   1.395967e-07 |   1.440821e-07 |
|   8.600000e-03 |   4.166973e-06 |   1.412385e-07 |   1.457782e-07 |
|   8.700000e-03 |   4.216382e-06 |   1.428803e-07 |   1.474742e-07 |
|   8.800000e-03 |   4.265791e-06 |   1.445220e-07 |   1.491702e-07 |
|   8.900000e-03 |   4.315201e-06 |   1.461638e-07 |   1.508663e-07 |
|   9.000000e-03 |   4.364611e-06 |   1.478055e-07 |   1.525623e-07 |
|   9.100000e-03 |   4.414022e-06 |   1.494473e-07 |   1.542583e-07 |
|   9.200000e-03 |   4.463433e-06 |   1.510890e-07 |   1.559544e-07 |
|   9.300000e-03 |   4.512844e-06 |   1.527308e-07 |   1.576504e-07 |
|   9.400000e-03 |   4.562256e-06 |   1.543725e-07 |   1.593464e-07 |
|   9.500000e-03 |   4.611668e-06 |   1.560143e-07 |   1.610424e-07 |
|   9.600000e-03 |   4.661080e-06 |   1.576560e-07 |   1.627384e-07 |
|   9.700000e-03 |   4.710493e-06 |   1.592978e-07 |   1.644345e-07 |
|   9.800000e-03 |   4.759905e-06 |   1.609395e-07 |   1.661305e-07 |
|   9.900000e-03 |   4.809319e-06 |   1.625813e-07 |   1.678265e-07 |
+----------------+----------------+----------------+----------------+


Time Step 100, time = 0.01, dt = 0.0001
 * Nonlinear |R| = [32m2.244898e-03[39m (Before preset BCs, predictors, correctors, and constraints)
 0 Nonlinear |R| = [32m2.238035e-03[39m
      0 Linear |R| = [32m2.238035e-03[39m
      1 Linear |R| = [32m8.578929e-19[39m
 1 Nonlinear |R| = [32m3.142852e-14[39m
[32m Solve Converged![39m

Outlier Variable Residual Norms:
  p: [31m3.137052e-14[39m

Postprocessor Values:
+----------------+----------------+----------------+----------------+
| time           | p_l2           | ux_l2          | uy_l2          |
+----------------+----------------+----------------+----------------+
:                :                :                :                :
|   8.600000e-03 |   4.166973e-06 |   1.412385e-07 |   1.457782e-07 |
|   8.700000e-03 |   4.216382e-06 |   1.428803e-07 |   1.474742e-07 |
|   8.800000e-03 |   4.265791e-06 |   1.445220e-07 |   1.491702e-07 |
|   8.900000e-03 |   4.315201e-06 |   1.461638e-07 |   1.508663e-07 |
|   9.000000e-03 |   4.364611e-06 |   1.478055e-07 |   1.525623e-07 |
|   9.100000e-03 |   4.414022e-06 |   1.494473e-07 |   1.542583e-07 |
|   9.200000e-03 |   4.463433e-06 |   1.510890e-07 |   1.559544e-07 |
|   9.300000e-03 |   4.512844e-06 |   1.527308e-07 |   1.576504e-07 |
|   9.400000e-03 |   4.562256e-06 |   1.543725e-07 |   1.593464e-07 |
|   9.500000e-03 |   4.611668e-06 |   1.560143e-07 |   1.610424e-07 |
|   9.600000e-03 |   4.661080e-06 |   1.576560e-07 |   1.627384e-07 |
|   9.700000e-03 |   4.710493e-06 |   1.592978e-07 |   1.644345e-07 |
|   9.800000e-03 |   4.759905e-06 |   1.609395e-07 |   1.661305e-07 |
|   9.900000e-03 |   4.809319e-06 |   1.625813e-07 |   1.678265e-07 |
|   1.000000e-02 |   4.858732e-06 |   1.642230e-07 |   1.695225e-07 |
+----------------+----------------+----------------+----------------+

