time,B_anisotropy,B_par,B_per,J_max,J_min,Jbar_max,Jbar_min,center_pressure,edge_ux,ln_h_max,ln_h_min,mass,mass_reaction,outflow_gradient,platen_max,platen_min,right_reaction,solid_fraction_max,solid_fraction_min,stability_max,stability_min,top_displacement,top_reaction
0,0,0.60264769154394,0.60264769154394,1,1,1,1,0,0,-0,-0,0.01,0,0,0,0,0,0.9,0.9,2.5,2.5,0,0
0.00125,0,0.60264769154394,0.60264769154394,0.99999614383022,0.99999034872478,0.99999616252373,0.9999955198626,1.0881818486135e-05,1.2900343574241e-22,1.9775171218612e-06,1.3916858403757e-06,0.0099999663822902,-2.6894167813975e-05,2.2180872887207e-05,-3.9922805051414e-07,-6.1694607082582e-07,-9.6155781852146e-07,0.90000465406896,0.89999964778131,2.5,2.5,-4.1802347588119e-07,-1.2499999999997e-05
0.0025,0,0.60264769154394,0.60264769154394,0.99999230213896,0.99998078150395,0.99999222543527,0.99999110416312,2.1722751075181e-05,2.4334208134151e-22,4.0107942777077e-06,2.9544858184671e-06,0.0099999160850172,-4.0237818430703e-05,3.5218299477929e-05,-8.0376122588872e-07,-1.271577451564e-06,-1.9130205589245e-06,0.90000929057181,0.89999929430853,2.5,2.5,-8.506771962771e-07,-2.4999999999999e-05
0.00375,0,0.60264769154394,0.60264769154394,0.99998847126234,0.99997129437046,0.99998824074541,0.99998672983074,3.2533044565848e-05,3.5152954006932e-22,6.0864385515947e-06,4.6250469592804e-06,0.0099998533069526,-5.0222451699632e-05,4.5097336334135e-05,-1.2122652383374e-06,-1.943304515096e-06,-2.8569294704932e-06,0.90001389231304,0.89999893991527,2.5,2.5,-1.2942782676124e-06,-3.750000000001e-05
0.005,0,0.60264769154394,0.60264769154394,0.99998464930523,0.99996186904855,0.99998422969165,0.9999823845844,4.3317798959212e-05,4.5605416403466e-22,8.192535529061e-06,6.3710121984163e-06,0.0099997801750699,-5.8505506133519e-05,5.3328733283237e-05,-1.6240666365277e-06,-2.6252907136293e-06,-3.7945718749407e-06,0.90001846468634,0.899998584808,2.5,2.5,-1.7469610449347e-06,-4.9999999999995e-05
0.00625,0,0.60264769154394,0.60264769154394,0.9999808350083,0.99995249256993,0.99998020257826,0.99997806139793,5.4080034450634e-05,5.5791023162943e-22,1.0322526220819e-05,8.1740545782157e-06,0.0099996980193314,-6.5724590786122e-05,6.0518034301288e-05,-2.0387489911405e-06,-3.314429201037e-06,-4.7267527137705e-06,0.90002301303849,0.89999822918619,2.5,2.5,-2.2075589705679e-06,-6.2499999999998e-05
0.0075,0,0.60264769154394,0.60264769154394,0.9999770273712,0.99994315613816,0.99997616508202,0.99997375587031,6.4821596090802e-05,6.5759269602697e-22,1.2472366922607e-05,1.0022737379948e-05,0.0099996077697161,-7.219969221848e-05,6.6974377807616e-05,-2.4560286047803e-06,-4.0090232337645e-06,-5.6540348440958e-06,0.90002754132449,0.89999787330173,2.5,2.5,-2.6752563264796e-06,-7.4999999999994e-05
0.00875,0,0.60264769154394,0.60264769154394,0.99997322547397,0.99993385358406,0.99997212063039,0.99996946503924,7.5543492829828e-05,7.5539068772238e-22,1.4639391260114e-05,1.1909376590031e-05,0.0099995101229446,-7.8117417234209e-05,7.2879680985651e-05,-2.8757035295208e-06,-4.7080285479927e-06,-6.5768399464997e-06,0.90003205242981,0.89999751750201,2.5,2.5,-3.1494419940563e-06,-8.7500000000001e-05
0.01,0,0.60264769154394,0.60264769154394,0.99996942837426,0.99992458040553,0.99996807143745,0.99996518679701,8.6246042515197e-05,8.5149411051761e-22,1.6821731337673e-05,1.3828510645138e-05,0.0099994056259523,-8.3597593804807e-05,7.8351409229008e-05,-3.2976287777666e-06,-5.4107466009835e-06,-7.4954990462797e-06,0.90003654850881,0.89999716226305,2.5,2.5,-3.6296362364611e-06,-9.9999999999999e-05
0.01125,0,0.60264769154394,0.60264769154394,0.99996949121449,0.99992498447344,0.99996785648499,0.9999653997149,8.604712796614e-05,8.1703543773779e-22,1.7041877530852e-05,1.4070134596502e-05,0.0099993283405264,-6.1828340747958e-05,6.128965454382e-05,-3.3224745394257e-06,-5.499734650461e-06,-7.4487230966081e-06,0.90003637644611,0.89999716045243,2.5,2.5,-3.6974260616792e-06,-0.00010000000000001
0.0125,0,0.60264769154394,0.60264769154394,0.99996954219833,0.99992532780543,0.99996773897431,0.99996555801305,8.5868592265524e-05,7.957864738648e-22,1.7216416875884e-05,1.4209405994171e-05,0.0099992616983852,-5.3313712962452e-05,5.3077307865967e-05,-3.3440965717706e-06,-5.5538835806842e-06,-7.4083888498198e-06,0.90003620989074,0.89999716187298,2.5,2.5,-3.7558802792716e-06,-9.9999999999993e-05
0.01375,0,0.60264769154394,0.60264769154394,0.9999695837062,0.99992561224867,0.99996766767274,0.9999656838096,8.56988187333e-05,7.7931629747104e-22,1.7361899303572e-05,1.4334699834549e-05,0.0099992018150082,-4.7906701597545e-05,4.7773292816817e-05,-3.3637904140068e-06,-5.5934974237396e-06,-7.3721452528657e-06,0.90003606708778,0.89999716714134,2.5,2.5,-3.8084061418256e-06,-9.9999999999995e-05
0.015,0,0.60264769154394,0.60264769154394,0.99996961621571,0.99992585434867,0.99996762192581,0.99996578861456,8.5530890012056e-05,7.6520487522764e-22,1.7488311203007e-05,1.4449964682959e-05,0.0099991468347271,-4.3984224855957e-05,4.3900874060535e-05,-3.3822142714349e-06,-5.6251857432124e-06,-7.3388691878209e-06,0.90003594350435,0.89999717715144,2.5,2.5,-3.8566313226936e-06,-0.00010000000000001
0.01625,0,0.60264769154394,0.60264769154394,0.99996963944778,0.9999260656359,0.99996759187532,0.99996587881797,8.5359589462211e-05,7.5251587327648e-22,1.7601575992972e-05,1.4557569870208e-05,0.0099990956649044,-4.0935858197966e-05,4.0881454250217e-05,-3.399788618203e-06,-5.651870685973e-06,-7.307899350697e-06,0.90003583451327,0.8999971929354,2.5,2.5,-3.9015142135947e-06,-0.0001
0.0175,0,0.60264769154394,0.60264769154394,0.99996965276451,0.99992625369352,0.99996757219163,0.99996595828745,8.5180569330457e-05,7.4080448281423e-22,1.7705237613342e-05,1.4659116981525e-05,0.0099990475854518,-3.8463562087453e-05,3.8427671544822e-05,-3.4168167512096e-06,-5.6750957455019e-06,-7.2787999179402e-06,0.90003573677,0.89999721558018,2.5,2.5,-3.9436864297602e-06,-0.0001
0.01875,0,0.60264769154394,0.60264769154394,0.99996965537328,0.99992642365334,0.99996755972143,0.99996602953171,8.4990085245957e-05,7.2982565849095e-22,1.7801528288092e-05,1.4755772346055e-05,0.0099990020870132,-3.6398750844196e-05,3.6375504622192e-05,-3.4335324293902e-06,-5.6957759313834e-06,-7.2512626087206e-06,0.90003564791338,0.89999724615789,2.5,2.5,-3.9835947457207e-06,-9.9999999999995e-05
0.02,0,0.60264769154394,0.60264769154394,0.9999696464564,0.99992657912029,0.99996755246964,0.99996609426811,8.4784922008655e-05,7.1942874749685e-22,1.7891933894394e-05,1.4848427443486e-05,0.0099989587912519,-3.463660903375e-05,3.4622406569851e-05,-3.4501216909066e-06,-5.7144992435268e-06,-7.2250584398674e-06,0.90003556624434,0.89999728566567,2.5,2.5,-4.0215710142755e-06,-9.9999999999993e-05
0.02125,0,0.60264769154394,0.60264769154394,0.99996962526028,0.99992672271496,0.99996754910751,0.99996615372334,8.4562384387739e-05,7.0951314932737e-22,1.7977493434775e-05,1.4937785041187e-05,0.009998917406861,-3.3107512767118e-05,3.3100003298117e-05,-3.4667339804934e-06,-5.7316666767741e-06,-7.200011101833e-06,0.90003549050819,0.89999733497741,2.5,2.5,-4.0578707512043e-06,-0.00010000000000002
0.0225,0,0.60264769154394,0.60264769154394,0.99996959115535,0.99992685639939,0.99996754871348,0.99996620880402,8.4320301370875e-05,7.0000731964884e-22,1.8058964394436e-05,1.5024409490088e-05,0.0099988777032496,-3.1762889142842e-05,3.1760464129834e-05,-3.4834885427253e-06,-5.7475644358167e-06,-7.1759810326782e-06,0.90003541975489,0.89999739480956,2.5,2.5,-4.092696215989e-06,-9.9999999999994e-05
0.02375,0,0.60264769154394,0.60264769154394,0.99996954367237,0.99992698167994,0.99996755062724,0.99996626019922,8.4057022257711e-05,6.9085784963161e-22,1.8136918591484e-05,1.5108758437572e-05,0.0099988394938231,-3.0567541148369e-05,3.0569058799576e-05,-3.5004786974694e-06,-5.7624042765537e-06,-7.1528552986071e-06,0.90003535324879,0.8999974657015,2.5,2.5,-4.1262110774057e-06,-9.9999999999991e-05
0.025,0,0.60264769154394,0.60264769154394,0.99996948251926,0.99992709973816,0.99996755436282,0.99996630844507,8.3771397395988e-05,6.82023334785e-22,1.8211800387418e-05,1.5191204384444e-05,0.0099988026248485,-2.9495179686114e-05,2.9499805266229e-05,-3.5177751865607e-06,-5.77634749978e-06,-7.1305408547164e-06,0.90003529040889,0.89999754800934,2.5,2.5,-4.1585501803399e-06,-0.00010000000000001
0.02625,0,0.60264769154394,0.60264769154394,0.99996940758273,0.99992721151805,0.99996755955443,0.99996635396695,8.3462743645265e-05,6.7347070780844e-22,1.8283963563997e-05,1.5272050397365e-05,0.0099987669677539,-2.8525675716722e-05,2.8532783998064e-05,-3.5354291113612e-06,-5.7895199619624e-06,-7.108959884643e-06,0.9000352307684,0.89999764191082,2.5,2.5,-4.1898262997969e-06,-9.9999999999994e-05
0.0275,0,0.60264769154394,0.60264769154394,0.99996931891874,0.99992731778594,0.99996756592146,0.99996639710817,8.3130798013976e-05,6.6517292561698e-22,1.8353695578978e-05,1.5351542249256e-05,0.0099987324136367,-2.7643293732041e-05,2.7652406806948e-05,-3.5534746587001e-06,-5.8020218654732e-06,-7.0880464766352e-06,0.90003517394653,0.89999774741842,2.5,2.5,-4.2201349580575e-06,-0.0001
0.02875,0,0.60264769154394,0.60264769154394,0.9999692167357,0.99992741917266,0.99996757324513,0.99996643814989,8.2775663989774e-05,6.5710744354881e-22,1.8421234056803e-05,1.5429878204227e-05,0.0099986988692444,-2.6835513846419e-05,2.6846260050796e-05,-3.5719316636733e-06,-5.8139343704405e-06,-7.0677441908275e-06,0.90003511962852,0.89999786439772,2.5,2.5,-4.24955795035e-06,-9.999999999999e-05
0.03,0,0.60264769154394,0.60264769154394,0.99996910137342,0.9999275162039,0.99996758135241,0.99996647732533,8.2397754890904e-05,6.4925516953537e-22,1.8486778331913e-05,1.5507217118285e-05,0.009998666253967,-2.609222192223e-05,2.6104307878866e-05,-3.5908079978967e-06,-5.8253241942553e-06,-7.048004239137e-06,0.90003506755112,0.89999799258875,2.5,2.5,-4.2781659825609e-06,-0.00010000000000001
0.03125,0,0.60264769154394,0.60264769154394,0.99996897328043,0.99992760932253,0.99996759010471,0.99996651483014,8.1997737777585e-05,6.4159972353464e-22,1.8550497739097e-05,1.5583685240608e-05,0.0099986344975445,-2.540513801182e-05,2.5418329108988e-05,-3.6101017561254e-06,-5.83624689359e-06,-7.0287840976533e-06,0.90003501749179,0.89999813162802,2.5,2.5,-4.3060206822767e-06,-9.9999999999994e-05
0.0325,0,0.60264769154394,0.60264769154394,0.99996883299142,0.99992769890527,0.99996759938984,0.99996655083014,8.1576480489787e-05,6.3412689797704e-22,1.8612537703809e-05,1.5659381957685e-05,0.0099986035382897,-2.4767403809553e-05,2.478151026474e-05,-3.6298032184258e-06,-5.8467492585649e-06,-7.0100464310737e-06,0.9000349692607,0.89999828107009,2.5,2.5,-4.3331761575012e-06,-0.00010000000000001
0.03375,0,0.60264769154394,0.60264769154394,0.99996868110606,0.99992778527537,0.99996760911606,0.99996658546712,8.1135003453307e-05,6.2682425510079e-22,1.8673024307614e-05,1.5734384643942e-05,0.009998573321691,-2.4173278987682e-05,2.4188145704254e-05,-3.6498965763826e-06,-5.856871093304e-06,-6.9917582469243e-06,0.90003492269451,0.8999984404075,2.5,2.5,-4.3596802224284e-06,-9.9999999999995e-05
0.035,0,0.60264769154394,0.60264769154394,0.99996851826979,0.99992786871237,0.99996761920766,0.9999666188633,8.0674437126409e-05,6.1968081993423e-22,1.873206777232e-05,1.5808752746846e-05,0.0099985437992987,-2.3617913800095e-05,2.363341285838e-05,-3.6703614236991e-06,-5.8666465629063e-06,-6.9738902217803e-06,0.90003487765161,0.89999860908864,2.5,2.5,-4.3855753738939e-06,-0.0001
0.03625,0,0.60264769154394,0.60264769154394,0.99996834515718,0.99992794945974,0.99996762960169,0.99996665112484,8.019598537572e-05,6.1268684179305e-22,1.8789765161137e-05,1.5882531211508e-05,0.0099985149278285,-2.309717618817e-05,2.3113201202535e-05,-3.6911740212618e-06,-5.8761052279516e-06,-6.9564161583035e-06,0.9000348340084,0.89999878653329,2.5,2.5,-4.4108995782617e-06,-0.00010000000000001
0.0375,0,0.60264769154394,0.60264769154394,0.99996816245765,0.99992802773087,0.99996764024537,0.99996668234451,7.970089466286e-05,6.0583360602215e-22,1.8846202504181e-05,1.5955753336179e-05,0.0099984866684303,-2.2607518530715e-05,2.2623980351995e-05,-3.7123083534349e-06,-5.8852728498618e-06,-6.9393125430968e-06,0.9000347916563,0.89999897214571,2.5,2.5,-4.4356869122136e-06,-9.9999999999992e-05
0.03875,0,0.60264769154394,0.60264769154394,0.99996797086372,0.99992810371392,0.9999676510942,0.99996671260391,7.9190428662483e-05,5.9911328317059e-22,1.8901456491617e-05,1.6028443140437e-05,0.0099984589860882,-2.2145873691961e-05,2.2162697095187e-05,-3.7337369963436e-06,-5.8941720255591e-06,-6.9225581831958e-06,0.90003475049942,0.89999916532555,2.5,2.5,-4.4599680895623e-06,-0.0001
0.04,0,0.60264769154394,0.60264769154394,0.99996777106147,0.99992817757565,0.99996766211041,0.99996674197519,7.8665847785918e-05,5.9251880659603e-22,1.8955595839318e-05,1.6100617317098e-05,0.0099984318491219,-2.1709573030606e-05,2.172669413473e-05,-3.7554318205426e-06,-5.9028226931676e-06,-6.9061339045659e-06,0.90003471045258,0.8999993654766,2.5,2.5,-4.4837708981692e-06,-9.9999999999999e-05
0.04125,0,0.60264769154394,0.60264769154394,0.99996756372302,0.99992824946456,0.99996767326172,0.99996677052248,7.8128393020235e-05,5.8604377200239e-22,1.9008682401581e-05,1.6172286833752e-05,0.0099984052287706,-2.1296281082799e-05,2.1313645320865e-05,-3.7773645504377e-06,-5.9112425390252e-06,-6.8900223000838e-06,0.90003467143982,0.89999957201376,2.5,2.5,-4.5071205652464e-06,-9.9999999999999e-05
0.0425,0,0.60264769154394,0.60264769154394,0.99996734950076,0.99992831951353,0.99996768452045,0.99996679830301,7.7579273483045e-05,5.7968235408574e-22,1.9060772087146e-05,1.6243458237261e-05,0.0099983790988417,-2.0903943051115e-05,2.0921503559632e-05,-3.799507201787e-06,-5.919447328329e-06,-6.8742075171525e-06,0.90003463339308,0.89999978436829,2.5,2.5,-4.5300400650851e-06,-0.0001
0.04375,0,0.60264769154394,0.60264769154394,0.99996712902307,0.99992838784186,0.99996769586272,0.99996682536809,7.7019657121035e-05,5.7342923677432e-22,1.9111915619424e-05,1.6314134712647e-05,0.009998353435414,-2.0530742232407e-05,2.0548458562805e-05,-3.8218324167929e-06,-5.9274511760328e-06,-6.8586750775989e-06,0.90003459625113,0.90000000199185,2.5,2.5,-4.5525503801073e-06,-9.9999999999999e-05
0.045,0,0.60264769154394,0.60264769154394,0.99996690289128,0.99992845455712,0.99996770726783,0.9999668517639,7.6450664026524e-05,5.6727955424463e-22,1.916215917375e-05,1.638431693606e-05,0.0099983282165824,-2.0175065233812e-05,2.0192902314094e-05,-3.8443137142544e-06,-5.9352667705682e-06,-6.8434117238569e-06,0.90003455995871,0.90000022435926,2.5,2.5,-4.5746707237784e-06,-9.999999999999e-05
0.04625,0,0.60264769154394,0.60264769154394,0.99996667167771,0.99992851975661,0.99996771871777,0.99996687753212,7.5873361903846e-05,5.6122884077031e-22,1.9211544914676e-05,1.6454003758217e-05,0.0099983034222407,-1.9835473343356e-05,1.9853400635373e-05,-3.8669256700286e-06,-5.9429055599987e-06,-6.8284052868205e-06,0.90003452446578,0.90000045097044,2.5,2.5,-4.5964187321318e-06,-0.00010000000000001
0.0475,0,0.60264769154394,0.60264769154394,0.99996643592446,0.99992858352859,0.99996773019683,0.99996690271053,7.5288763276917e-05,5.5527298765636e-22,1.9260111452632e-05,1.6523192748698e-05,0.0099982790338922,-1.9510678804044e-05,1.9528669615486e-05,-3.8896440409571e-06,-5.9503779079764e-06,-6.8136445716077e-06,0.90003448972687,0.90000068135148,2.5,2.5,-4.6178106292782e-06,-9.9999999999997e-05
0.04875,0,0.60264769154394,0.60264769154394,0.99996619614296,0.99992864595338,0.99996774169122,0.99996692733342,7.4697824088041e-05,5.4940820611089e-22,1.9307894235125e-05,1.6591880626226e-05,0.009998255034486,-1.919952502367e-05,1.9217555942489e-05,-3.9124458434256e-06,-5.9576932252955e-06,-6.7991192583743e-06,0.90003445570059,0.90000091505515,2.5,2.5,-4.6388613712176e-06,-0.0001
0.05,0,0.60264769154394,0.60264769154394,0.999965952814,0.99992870710422,0.99996775318884,0.99996695143204,7.4101443391727e-05,5.4363099497796e-22,1.9354925883022e-05,1.6660063595228e-05,0.0099982314082735,-1.8900969964075e-05,1.8919020391302e-05,-3.9353093959119e-06,-5.964860081538e-06,-6.7848198156072e-06,0.90003442234911,0.90000115166099,2.5,2.5,-4.6595847714385e-06,-0.00010000000000001
0.05125,0,0.60264769154394,0.60264769154394,0.99996570638811,0.99992876704811,0.99996776467901,0.99996697503494,7.3500463896907e-05,5.3793811255693e-22,1.9401236482178e-05,1.6727737607904e-05,0.0099982081406834,-1.8614072116403e-05,1.8632123877734e-05,-3.9582143333403e-06,-5.9718863004079e-06,-6.7707374241061e-06,0.90003438963783,0.90000139077491,2.5,2.5,-4.6799936111406e-06,-9.9999999999989e-05
0.0525,0,0.60264769154394,0.60264769154394,0.99996545728642,0.99992882584641,0.99996777615231,0.99996699816823,7.2895673153103e-05,5.3232655185894e-22,1.9446853837284e-05,1.6794898564268e-05,0.0099981852182101,-1.8337978591717e-05,1.8356015613148e-05,-3.9811415996554e-06,-5.9787790415881e-06,-6.7568639098972e-06,0.90003435753501,0.9000016320286,2.5,2.5,-4.7000997363988e-06,-0.0001
0.05375,0,0.60264769154394,0.60264769154394,0.99996520590151,0.99992888355548,0.99996778760039,0.99996702085585,7.2287805213646e-05,5.2679351877737e-22,1.9491803694247e-05,1.6861542464238e-05,0.0099981626283164,-1.8071914952345e-05,1.8089922987564e-05,-4.0040734238779e-06,-5.9855448714202e-06,-6.7431916849302e-06,0.90003432601148,0.90000187507872,2.5,2.5,-4.7199141441794e-06,-0.0001
0.055,0,0.60264769154394,0.60264769154394,0.99996495259864,0.99992894022716,0.99996779901585,0.9999670431198,7.1677542640716e-05,5.2133641274774e-22,1.9536109935182e-05,1.6927665519291e-05,0.0099981403593458,-1.7815176482789e-05,1.7833142883299e-05,-4.026993283904e-06,-5.9921898242394e-06,-6.7297136942802e-06,0.90003429504037,0.9000021196059,2.5,2.5,-4.7394470587843e-06,-0.0001
0.05625,0,0.60264769154394,0.60264769154394,0.99996469771692,0.99992899590924,0.99996781039212,0.99996706498035,7.1065518743231e-05,5.159528095374e-22,1.9579794751541e-05,1.6993264233922e-05,0.009998118400445,-1.7567120658843e-05,1.7585034178653e-05,-4.0498858614913e-06,-5.9987194558692e-06,-6.716423369136e-06,0.90003426459693,0.90000236531367,2.5,2.5,-4.7587080000395e-06,-9.9999999999987e-05
0.0575,0,0.60264769154394,0.60264769154394,0.99996444157066,0.99992905064579,0.99996782172336,0.99996708645615,7.0452319961262e-05,5.1064044589479e-22,1.9622878797081e-05,1.7058335461122e-05,0.0099980967414942,-1.7327160617346e-05,1.7345011246706e-05,-4.0727369911788e-06,-6.0051388904928e-06,-6.703314584664e-06,0.90003423465825,0.90000261192738,2.5,2.5,-4.777705844322e-06,-0.0001
0.05875,0,0.60264769154394,0.60264769154394,0.99996418445068,0.99992910447759,0.99996783300438,0.99996710756445,6.9838488328647e-05,5.0539720573148e-22,1.9665381324213e-05,1.7122876439584e-05,0.0099980753730449,-1.7094759467583e-05,1.7112538290338e-05,-4.0955336053115e-06,-6.0114528619058e-06,-6.6903816222293e-06,0.90003420520317,0.90000285919296,2.5,2.5,-4.7964488793515e-06,-0.0001
0.06,0,0.60264769154394,0.60264769154394,0.99996392662563,0.99992915744237,0.99996784423056,0.99996712832119,6.9224523960977e-05,5.0022110780329e-22,1.9707320305928e-05,1.7186884814941e-05,0.0099980542862632,-1.6869425312513e-05,1.6887124383533e-05,-4.118263676892e-06,-6.0176657499704e-06,-6.6776191353218e-06,0.90003417621207,0.90000310687583,2.5,2.5,-4.8149448535217e-06,-0.0001
0.06125,0,0.60264769154394,0.60264769154394,0.99996366834335,0.9999292095751,0.9999678553978,0.99996714874113,6.8610887528029e-05,4.9511029450103e-22,1.9748712545242e-05,1.725035864893e-05,0.0099980334728797,-1.6650706873393e-05,1.6668319112385e-05,-4.1409161615774e-06,-6.023781612967e-06,-6.6650221188505e-06,0.90003414766676,0.90000335475969,2.5,2.5,-4.8332010204356e-06,-0.0001
0.0625,0,0.60264769154394,0.60264769154394,0.99996340983216,0.99992926090825,0.99996786650244,0.99996716883797,6.7998002680199e-05,4.9006302180342e-22,1.9789573773276e-05,1.7313296420584e-05,0.0099980129251426,-1.6438189627584e-05,1.6455708726967e-05,-4.1634809398523e-06,-6.0298042163935e-06,-6.6525858813383e-06,0.90003411955033,0.90000360264541,2.5,2.5,-4.8512241792051e-06,-9.9999999999998e-05
0.06375,0,0.60264769154394,0.60264769154394,0.99996315130207,0.999929311472,0.99996787754125,0.9999671886244,6.7386258405961e-05,4.8507765009954e-22,1.9829918738046e-05,1.7375697019552e-05,0.0099979926357771,-1.6231492386979e-05,1.6248912731469e-05,-4.1859487601413e-06,-6.0357370587101e-06,-6.6403060196788e-06,0.90003409184706,0.90000385034994,2.5,2.5,-4.869020711e-06,-0.0001
0.065,0,0.60264769154394,0.60264769154394,0.99996289294604,0.99992936129442,0.99996788851135,0.99996720811223,6.6776011304463e-05,4.8015263593684e-22,1.9869761284472e-05,1.7437559735194e-05,0.0099979725979468,-1.6030264255269e-05,1.6047580851472e-05,-4.2083111834296e-06,-6.0415833944023e-06,-6.628178396247e-06,0.90003406454231,0.90000409770522,2.5,2.5,-4.8865966122601e-06,-0.00010000000000001
0.06625,0,0.60264769154394,0.60264769154394,0.99996263494108,0.99992941040166,0.99996789941019,0.99996722731246,6.6167587761997e-05,4.7528652443751e-22,1.9909114427157e-05,1.7498884241401e-05,0.0099979528052194,-1.5834181912724e-05,1.5851390327099e-05,-4.2305605298117e-06,-6.0473462547333e-06,-6.6161991180179e-06,0.90003403762242,0.9000043445572,2.5,2.5,-4.9039575249314e-06,-9.9999999999992e-05
0.0675,0,0.60264769154394,0.60264769154394,0.9999623774494,0.99992945881813,0.99996791023553,0.99996724623532,6.5561286025365e-05,4.7047794245022e-22,1.9947990416206e-05,1.7559670579367e-05,0.0099979332515354,-1.5642947185614e-05,1.5660043489762e-05,-4.2526898272357e-06,-6.0530284664407e-06,-6.6043645175553e-06,0.90003401107465,0.90000459076487,2.5,2.5,-4.921108764036e-06,-0.00010000000000001
0.06875,0,0.60264769154394,0.60264769154394,0.99996212061941,0.99992950656658,0.99996792098539,0.99996726489035,6.4957378168173e-05,4.657255922601e-22,1.9986400797118e-05,1.761991913856e-05,0.0099979139311794,-1.545628486354e-05,1.5473265585733e-05,-4.2746927626372e-06,-6.0586326686314e-06,-6.5926711356187e-06,0.9000339848871,0.90000483619935,2.5,2.5,-4.9380553428499e-06,-9.9999999999991e-05
0.07,0,0.60264769154394,0.60264769154394,0.99996186458671,0.99992955366832,0.99996793165804,0.99996728328648,6.4356111948969e-05,4.6102824585769e-22,2.0024356465732e-05,1.7679630637091e-05,0.0099978948387535,-1.5273940734823e-05,1.5290802816768e-05,-4.2965636355658e-06,-6.0641613280941e-06,-6.5811157053018e-06,0.90003395904863,0.900005080743,2.5,2.5,-4.9548019959266e-06,-0.0001
0.07125,0,0.60264769154394,0.60264769154394,0.99996160947501,0.99992960014326,0.99996794225195,0.99996730143203,6.3757712561098e-05,4.5638473969832e-22,2.0061867717905e-05,1.7738806100594e-05,0.0099978759691537,-1.5095679812365e-05,1.511242057073e-05,-4.3182973143315e-06,-6.069616753192e-06,-6.5696951374723e-06,0.90003393354881,0.90000532428867,2.5,2.5,-4.9713532001743e-06,-0.0001
0.0725,0,0.60264769154394,0.60264769154394,0.99996135539698,0.99992964601006,0.99996795276583,0.99996731933479,6.3162384276902e-05,4.517939698768e-22,2.0098944295269e-05,1.7797446842569e-05,0.0099978573175478,-1.4921284729202e-05,1.4937901821062e-05,-4.339889194696e-06,-6.0750011064996e-06,-6.558406507458e-06,0.90003390837784,0.90000556673888,2.5,2.5,-4.9877131941769e-06,-0.0001
0.07375,0,0.60264769154394,0.60264769154394,0.99996110245512,0.99992969128623,0.99996796319854,0.99996733700207,6.2570311988289e-05,4.4725488773141e-22,2.0135595426699e-05,1.7855554443944e-05,0.0099978388793549,-1.4750554282974e-05,1.476704567502e-05,-4.3613351610471e-06,-6.080316416308e-06,-6.5472470427735e-06,0.90003388352656,0.90000580800513,2.5,2.5,-5.003885995915e-06,-0.0001
0.075,0,0.60264769154394,0.60264769154394,0.99996085074243,0.99992973598819,0.99996797354912,0.99996735444071,6.198166264808e-05,4.4276649579994e-22,2.0171829866954e-05,1.7913130733299e-05,0.0099978206502273,-1.458330211452e-05,1.4599666054919e-05,-4.3826315499947e-06,-6.0855645871326e-06,-6.5362141119686e-06,0.90003385898633,0.90000604800724,2.5,2.5,-5.0198754190418e-06,-9.9999999999999e-05
0.07625,0,0.60264769154394,0.60264769154394,0.99996060034318,0.99992978013139,0.99996798381674,0.99996737165713,6.139658661589e-05,4.3832784407405e-22,2.0207655931466e-05,1.7970177768122e-05,0.0099978026260329,-1.4419355504245e-05,1.4435590497776e-05,-4.4037751163251e-06,-6.0907474093039e-06,-6.5253052142094e-06,0.90003383474904,0.90000628667271,2.5,2.5,-5.0356850878371e-06,-0.00010000000000001
0.0775,0,0.60264769154394,0.60264769154394,0.99996035133356,0.99992982373037,0.99996799400074,0.99996738865738,6.0815218913046e-05,4.3393802662141e-22,2.0243081528609e-05,1.8026697816633e-05,0.0099977848028401,-1.4258554276104e-05,1.4274659061132e-05,-4.4247630011941e-06,-6.0958665677475e-06,-6.5145179698992e-06,0.90003381080703,0.90000652393617,2.5,2.5,-5.0513184509606e-06,-9.9999999999983e-05
0.07875,0,0.60264769154394,0.60264769154394,0.99996010378227,0.9999298667988,0.99996800410057,0.99996740544714,6.0237680391284e-05,4.2959617840109e-22,2.0278114189362e-05,1.808269334043e-05,0.0099977671769028,-1.4100749796009e-05,1.4116723324091e-05,-4.4455927024657e-06,-6.1009236500209e-06,-6.5038501118476e-06,0.90003378715311,0.90000675973881,2.5,2.5,-5.0667787941067e-06,-0.00010000000000001
0.08,0,0.60264769154394,0.60264769154394,0.99995985775111,0.99992990934961,0.99996801411577,0.99996742203175,5.96640788199e-05,4.2530147238345e-22,2.0312761094434e-05,1.8138166977778e-05,0.0099977497446477,-1.3945804057163e-05,1.396164547421e-05,-4.4662620470993e-06,-6.1059201536836e-06,-6.4932994772902e-06,0.90003376378045,0.90000699402788,2.5,2.5,-5.0820692516562e-06,-9.9999999999997e-05
0.08125,0,0.60264769154394,0.60264769154394,0.9999596132955,0.99992995139497,0.99996802404603,0.99996743841626,5.9094509896076e-05,4.2105311688379e-22,2.0347029099192e-05,1.8193121528504e-05,0.0099977325026617,-1.3793588842607e-05,1.3809297471903e-05,-4.4867691654471e-06,-6.1108574930624e-06,-6.4828640004509e-06,0.90003374068264,0.90000722675623,2.5,2.5,-5.0971928174103e-06,-9.9999999999995e-05
0.0825,0,0.60264769154394,0.60264769154394,0.999959370465,0.99992999294643,0.99996803389109,0.99996745460542,5.8529058183023e-05,4.1685035310645e-22,2.0380924757047e-05,1.8247559939026e-05,0.0099977154476805,-1.3643984958311e-05,1.3659560284907e-05,-4.5071124673801e-06,-6.1157370054587e-06,-6.4725417057618e-06,0.90003371785358,0.90000745788191,2.5,2.5,-5.1121523544836e-06,-9.9999999999999e-05
0.08375,0,0.60264769154394,0.60264769154394,0.99995912930372,0.99993003401487,0.99996804365082,0.99996747060374,5.796779798045e-05,4.1269245286514e-22,2.0414454340236e-05,1.8301485288869e-05,0.0099976985765786,-1.3496881529447e-05,1.3512323186206e-05,-4.5272906201188e-06,-6.1205599568601e-06,-6.4623307014937e-06,0.90003369528751,0.90000768736768,2.5,2.5,-5.1269506044253e-06,-0.0001
0.085,0,0.60264769154394,0.60264769154394,0.99995888985077,0.99993007461064,0.99996805332514,0.99996748641548,5.7410794131755e-05,4.0857871649517e-22,2.0447623859767e-05,1.8354900777538e-05,0.0099976818863594,-1.3352175355557e-05,1.3367483110021e-05,-4.5473025276615e-06,-6.1253275471871e-06,-6.4522291740259e-06,0.90003367297895,0.90000791518074,2.5,2.5,-5.1415901956336e-06,-0.00010000000000001
0.08625,0,0.60264769154394,0.60264769154394,0.99995865214066,0.99993011474354,0.99996806291404,0.99996750204466,5.6858102771913e-05,4.0450847093673e-22,2.0480439083098e-05,1.8407809712816e-05,0.0099976653741465,-1.3209770317181e-05,1.322494405989e-05,-4.5671473117166e-06,-6.1300409151283e-06,-6.4422353824435e-06,0.9000336509227,0.90000814129232,2.5,2.5,-5.1560736511192e-06,-9.9999999999988e-05
0.0875,0,0.60264769154394,0.60264769154394,0.99995841620366,0.99993015442289,0.99996807241758,0.99996751749511,5.6309772020446e-05,4.0048106793157e-22,2.0512905551244e-05,1.8460215499512e-05,0.0099976490371754,-1.306957683131e-05,1.3084616565012e-05,-4.5868242940301e-06,-6.1347011425844e-06,-6.432347653598e-06,0.90003362911384,0.90000836567736,2.5,2.5,-5.1704033956724e-06,-0.0001
0.08875,0,0.60264769154394,0.60264769154394,0.9999581820661,0.99993019365753,0.99996808183591,0.99996753277046,5.5765842622752e-05,3.9649588240594e-22,2.0545028593553e-05,1.8512121628691e-05,0.0099976328727863,-1.2931511350682e-05,1.2946417180286e-05,-4.6063329800199e-06,-6.1393092587688e-06,-6.4225643775687e-06,0.90003360754765,0.90000858831427,2.5,2.5,-5.1845817624807e-06,-0.0001
0.09,0,0.60264769154394,0.60264769154394,0.99995794975075,0.99993023245591,0.99996809116918,0.99996754787416,5.5226348543777e-05,3.9255231091428e-22,2.057681334241e-05,1.8563531668678e-05,0.0099976168784164,-1.2795495902332e-05,1.2810268026015e-05,-4.6256730436331e-06,-6.1438662439842e-06,-6.4128840034034e-06,0.90003358621965,0.90000880918457,2.5,2.5,-5.1986109992401e-06,-0.0001
0.09125,0,0.60264769154394,0.60264769154394,0.99995771927704,0.99993027082605,0.99996810041763,0.99996756280949,5.4691317517127e-05,3.8864977027062e-22,2.0608264746013e-05,1.8614449255551e-05,0.0099976010515943,-1.2661457663844e-05,1.2676096364583e-05,-4.644844313329e-06,-6.1483730330992e-06,-6.403305035265e-06,0.90003356512557,0.90000902827272,2.5,2.5,-5.2124932738031e-06,-9.9999999999992e-05
0.0925,0,0.60264769154394,0.60264769154394,0.99995749066137,0.99993030877564,0.99996810958154,0.9999675775796,5.4160771553119e-05,3.8478769622656e-22,2.0639387580557e-05,1.8664878084935e-05,0.0099975853899336,-1.2529328572321e-05,1.2543834210396e-05,-4.6638467591165e-06,-6.1528305187673e-06,-6.393826028778e-06,0.9000335442613,0.90000924556582,2.5,2.5,-5.2262306793965e-06,-0.00010000000000002
0.09375,0,0.60264769154394,0.60264769154394,0.99995726391733,0.99993034631201,0.99996811866121,0.99996759218746,5.3634727407997e-05,3.809655422824e-22,2.0670186461371e-05,1.8714821904498e-05,0.0099975698911274,-1.2399044964679e-05,1.2413417970489e-05,-4.6826804805718e-06,-6.1572395543851e-06,-6.3844455877676e-06,0.90003352362295,0.90000946105344,2.5,2.5,-5.2398252394455e-06,-9.999999999999e-05
0.095,0,0.60264769154394,0.60264769154394,0.99995703905596,0.99993038344217,0.99996812765699,0.99996760663592,5.3113197018269e-05,3.7718277857564e-22,2.0700665853296e-05,1.8764284506657e-05,0.0099975545529433,-1.2270547245683e-05,1.2284788113485e-05,-4.701345695764e-06,-6.1616009568257e-06,-6.3751623611221e-06,0.90003350320676,0.90000967472739,2.5,2.5,-5.2532789120341e-06,-0.0001
0.09625,0,0.60264769154394,0.60264769154394,0.99995681608592,0.99993042017285,0.99996813656928,0.99996762092773,5.2596187901542e-05,3.7343889084467e-22,2.0730830080235e-05,1.8813269722129e-05,0.0099975393732188,-1.214377958257e-05,1.2157888864409e-05,-4.719842731019e-06,-6.1659155089671e-06,-6.3659750399751e-06,0.90003348300913,0.90000988658155,2.5,2.5,-5.2665935940299e-06,-9.9999999999996e-05
0.0975,0,0.60264769154394,0.60264769154394,0.99995659501372,0.9999304565105,0.99996814539848,0.99996763506548,5.2083703527063e-05,3.6973337950451e-22,2.0760683333893e-05,1.8861781413871e-05,0.0099975243498568,-1.201868962266e-05,1.2032667923077e-05,-4.7381720114707e-06,-6.1701839620174e-06,-6.3568823550638e-06,0.90003346302662,0.90001009661169,2.5,2.5,-5.2797711249002e-06,-0.00010000000000001
0.09875,0,0.60264769154394,0.60264769154394,0.99995637584387,0.99993049246131,0.99996815414504,0.9999676490517,5.1575743657952e-05,3.6606575873286e-22,2.0790229682064e-05,1.8909823471356e-05,0.0099975094808215,-1.1895228233765e-05,1.1909076204662e-05,-4.7563340523296e-06,-6.174407037671e-06,-6.3478830743071e-06,0.90003344325591,0.90001030481532,2.5,2.5,-5.2928132902429e-06,-0.0001
0.1,0,0.60264769154394,0.60264769154394,0.99995615857908,0.99993052803124,0.99996816280942,0.99996766288878,5.1072304667184e-05,3.6243555568056e-22,2.0819473076062e-05,1.895739980557e-05,0.0099974947641349,-1.1773349263964e-05,1.1787067600091e-05,-4.7743294508266e-06,-6.178585430103e-06,-6.3389760005299e-06,0.9000334236938,0.90001051119154,2.5,2.5,-5.3057218250537e-06,-9.9999999999995e-05
0.10125,0,0.60264769154394,0.60264769154394,0.99995594322036,0.99993056322603,0.99996817139212,0.99996767657905,5.0573379829337e-05,3.58842309715e-22,2.0848417357871e-05,1.9004514344252e-05,0.0099974801978733,-1.1653009320473e-05,1.1666598755172e-05,-4.7921588787729e-06,-6.1827198077939e-06,-6.3301599693871e-06,0.90003340433721,0.9000107157409,2.5,2.5,-5.3184984167517e-06,-0.0001
0.1025,0,0.60264769154394,0.60264769154394,0.99995572976723,0.99993059805119,0.99996817989363,0.99996769012471,5.0078959589953e-05,3.5528557170766e-22,2.0877066266474e-05,1.9051171027571e-05,0.0099974657801638,-1.1534167565266e-05,1.15476288666e-05,-4.8098230756962e-06,-6.1868108152397e-06,-6.3214338474343e-06,0.90003338518317,0.90001091846527,2.5,2.5,-5.3311447079803e-06,-9.9999999999988e-05
0.10375,0,0.60264769154394,0.60264769154394,0.9999555182178,0.99993063251206,0.9999681883145,0.99996770352793,4.9589031814152e-05,3.5176490340713e-22,2.0905423443923e-05,1.9097373804016e-05,0.0099974515091819,-1.1416785526687e-05,1.1430119493824e-05,-4.8273228425134e-06,-6.1908590745198e-06,-6.3127965303332e-06,0.90003336622882,0.90001111936777,2.5,2.5,-5.3436622992021e-06,-0.00010000000000002
0.105,0,0.60264769154394,0.60264769154394,0.9999553085689,0.99993066661379,0.99996819665525,0.99996771679076,4.9103582015934e-05,3.4827987681963e-22,2.0933492440902e-05,1.9143126626879e-05,0.0099974373831483,-1.1300826925085e-05,1.1314034385121e-05,-4.8446590356854e-06,-6.1948651867459e-06,-6.3042469411709e-06,0.90003334747137,0.90001131845259,2.5,2.5,-5.3560527511017e-06,-9.9999999999988e-05
0.10625,0,0.60264769154394,0.60264769154394,0.99995510081621,0.99993070036136,0.99996820491645,0.99996772991521,4.8622593569915e-05,3.4483007367215e-22,2.0961276721741e-05,1.9188433450712e-05,0.0099974234003264,-1.118625751272e-05,1.119933931744e-05,-4.8618325618314e-06,-6.1988297334081e-06,-6.2957840289909e-06,0.90003332890815,0.90001151572496,2.5,2.5,-5.3683175868139e-06,-0.0001
0.1075,0,0.60264769154394,0.60264769154394,0.99995489495434,0.99993073375959,0.99996821309867,0.99996774290321,4.8146047906457e-05,3.4141508487998e-22,2.0988779669413e-05,1.9233298228441e-05,0.0099974095590202,-1.1073044924604e-05,1.1086001947981e-05,-4.8788443727697e-06,-6.2027532776157e-06,-6.28740676727e-06,0.90003331053655,0.90001171119101,2.5,2.5,-5.3804582939879e-06,-9.9999999999996e-05
0.10875,0,0.60264769154394,0.60264769154394,0.99995469097693,0.99993076681317,0.99996822120248,0.99996775575663,4.76739246918e-05,3.3803451008111e-22,2.1016004589849e-05,1.9277724908484e-05,0.009997395857572,-1.0961158542205e-05,1.09739916776e-05,-4.8956954609342e-06,-6.2066363652488e-06,-6.2791141526831e-06,0.90003329235405,0.90001190485772,2.5,2.5,-5.392476326702e-06,-0.00010000000000001
0.11,0,0.60264769154394,0.60264769154394,0.99995448887675,0.99993079952661,0.99996822922848,0.99996776847727,4.7206201994094e-05,3.346879571854e-22,2.104295471597e-05,1.9321717432063e-05,0.0099973822943603,-1.085056936639e-05,1.0863279524339e-05,-4.9123868551589e-06,-6.2104795260173e-06,-6.2709052038379e-06,0.90003327435819,0.90001209673283,2.5,2.5,-5.4043731072393e-06,-9.9999999999999e-05
0.11125,0,0.60264769154394,0.60264769154394,0.99995428864577,0.99993083190433,0.99996823717727,0.99996778106689,4.6742856436476e-05,3.3137504195792e-22,2.1069633211442e-05,1.936527973098e-05,0.009997368867798,-1.0741249900809e-05,1.0753838006825e-05,-4.9289196167976e-06,-6.2142832744536e-06,-6.2627789601336e-06,0.9000332565466,0.90001228682476,2.5,2.5,-5.4161500277354e-06,-9.9999999999997e-05
0.1125,0,0.60264769154394,0.60264769154394,0.99995409027524,0.9999308639506,0.99996824504944,0.9999677935272,4.6283863338198e-05,3.2809538765313e-22,2.109604317456e-05,1.9408415725372e-05,0.0099973555763304,-1.0633174043725e-05,1.0645641036307e-05,-4.9452948361386e-06,-6.2180481108149e-06,-6.2547344807241e-06,0.90003323891695,0.90001247514258,2.5,2.5,-5.4278084517076e-06,-0.00010000000000001
0.11375,0,0.60264769154394,0.60264769154394,0.99995389375575,0.99993089566958,0.99996825284561,0.99996780585986,4.5829196844664e-05,3.2484862464382e-22,2.1122187641092e-05,1.9451129321864e-05,0.0099973424184342,-1.0526316988422e-05,1.0538663817207e-05,-4.9615136291136e-06,-6.2217745219348e-06,-6.2467708435384e-06,0.90003322146699,0.90001266169589,2.5,2.5,-5.4393497154744e-06,-9.9999999999992e-05
0.115,0,0.60264769154394,0.60264769154394,0.9999536990773,0.99993092706534,0.9999682605664,0.99996781806647,4.5378830047312e-05,3.2163439008953e-22,2.1148069587551e-05,1.9493424411632e-05,0.0099973293926153,-1.0420655130836e-05,1.0432882754988e-05,-4.9775771342611e-06,-6.2254629820012e-06,-6.2388871443486e-06,0.90003320419453,0.90001284649482,2.5,2.5,-5.4507751294744e-06,-0.0001
0.11625,0,0.60264769154394,0.60264769154394,0.99995350622934,0.99993095814182,0.99996826821243,0.9999678301486,4.493273509396e-05,3.1845232764353e-22,2.1173691934027e-05,1.9535304868958e-05,0.0099973164974078,-1.031616598446e-05,1.032827537108e-05,-4.9934865099413e-06,-6.2291139532805e-06,-6.2310824959453e-06,0.9000331870974,0.90001302954997,2.5,2.5,-5.4620859794915e-06,-0.0001
0.1175,0,0.60264769154394,0.60264769154394,0.99995331520087,0.99993098890287,0.99996827578432,0.99996784210778,4.4490883290589e-05,3.1530208715905e-22,2.1199057546628e-05,1.9576774549545e-05,0.0099973037313726,-1.0212828101736e-05,1.0224820224454e-05,-5.0092429317633e-06,-6.2327278867918e-06,-6.2233560273477e-06,0.90003317017353,0.90001321087231,2.5,2.5,-5.4732835277942e-06,-0.0001
0.11875,0,0.60264769154394,0.60264769154394,0.99995312598044,0.99993101935227,0.99996828328269,0.99996785394551,4.4053245194853e-05,3.1218332441051e-22,2.1224169240281e-05,1.9617837289563e-05,0.0099972910930964,-1.011062100109e-05,1.0122496838772e-05,-5.0248475902205e-06,-6.2363052229284e-06,-6.2157068830642e-06,0.90003315342086,0.90001339047323,2.5,2.5,-5.4843690141944e-06,-0.00010000000000001
0.12,0,0.60264769154394,0.60264769154394,0.99995293855621,0.99993104949368,0.99996829070818,0.99996786566323,4.3619790702402e-05,3.0909570087065e-22,2.124902978059e-05,1.9658496903957e-05,0.00999727858119,-1.0009525099775e-05,1.0021285635349e-05,-5.0403016885281e-06,-6.2398463920306e-06,-6.2081342224284e-06,0.9000331368374,0.90001356836439,2.5,2.5,-5.4953436570333e-06,-9.9999999999999e-05
0.12125,0,0.60264769154394,0.60264769154394,0.999952752916,0.9999310793307,0.99996829806142,0.99996787726236,4.3190489126122e-05,3.0603888345904e-22,2.1273641886292e-05,1.9698757185753e-05,0.0099972661942879,-9.9095216518271e-06,9.9211678711792e-06,-5.0556064406198e-06,-6.2433518149283e-06,-6.2006372189449e-06,0.90003312042118,0.9000137445578,2.5,2.5,-5.5062086540985e-06,-9.9999999999995e-05
0.1225,0,0.60264769154394,0.60264769154394,0.99995256904735,0.99993110886684,0.99996830534303,0.99996788874431,4.2765309269153e-05,3.0301254434213e-22,2.1298008230922e-05,1.9738621904926e-05,0.0099972539310471,-9.8105926904422e-06,9.8221255814358e-06,-5.0707630693212e-06,-6.2468219034306e-06,-6.1932150597138e-06,0.9000331041703,0.90001391906567,2.5,2.5,-5.5169651834785e-06,-9.999999999999e-05
0.12375,0,0.60264769154394,0.60264769154394,0.99995238693749,0.99993113810555,0.99996831255365,0.99996790011041,4.2344219492096e-05,3.0001636071146e-22,2.1322131445033e-05,1.977809480746e-05,0.0099972417901459,-9.7127209749163e-06,9.7241415264275e-06,-5.0857728046589e-06,-6.2502570607922e-06,-6.1858669448834e-06,0.90003308808288,0.90001409190048,2.5,2.5,-5.5276144043587e-06,-0.0001
0.125,0,0.60264769154394,0.60264769154394,0.99995220657344,0.9999311670502,0.9999683196939,0.99996791136201,4.1927187774646e-05,2.970500146304e-22,2.1346014117456e-05,1.9817179614731e-05,0.0099972297702834,-9.6158899414608e-06,9.6271991425809e-06,-5.1006368823267e-06,-6.2536576821354e-06,-6.1785920871374e-06,0.90003307215708,0.90001426307489,2.5,2.5,-5.5381574577637e-06,-0.00010000000000001
0.12625,0,0.60264769154394,0.60264769154394,0.999952027942,0.9999311957041,0.99996832676442,0.9999679225004,4.151418177236e-05,2.9411319281192e-22,2.1369658797339e-05,1.9855880022703e-05,0.0099972178701789,-9.5200836578245e-06,9.5312824971583e-06,-5.1153565422582e-06,-6.257024154851e-06,-6.1713897111899e-06,0.90003305639109,0.90001443260171,2.5,2.5,-5.5485954672495e-06,-9.9999999999994e-05
0.1275,0,0.60264769154394,0.60264769154394,0.9999518510298,0.99993122407049,0.99996833376583,0.99996793352686,4.1105168868873e-05,2.9120558650474e-22,2.1393067995186e-05,1.9894199701311e-05,0.0099972060885704,-9.4252867813888e-06,9.4363762461836e-06,-5.1299330273355e-06,-6.260356858971e-06,-6.1642590533912e-06,0.90003304078314,0.90001460049394,2.5,2.5,-5.5589295395506e-06,-9.9999999999997e-05
0.12875,0,0.60264769154394,0.60264769154394,0.99995167582331,0.99993125215255,0.99996834069877,0.99996794444265,4.0700116223666e-05,2.8832689130141e-22,2.1416244184679e-05,1.9932142294012e-05,0.0099971944242147,-9.3314845199772e-06,9.3424655956272e-06,-5.144367582193e-06,-6.2636561675037e-06,-6.1571993612737e-06,0.9000330253315,0.90001476676467,2.5,2.5,-5.5691607651824e-06,-9.9999999999997e-05
0.13,0,0.60264769154394,0.60264769154394,0.99995150230887,0.99993127995341,0.99996834756385,0.99996795524898,4.029899081609e-05,2.8547680702408e-22,2.1439189803683e-05,1.9969711417134e-05,0.0099971828758865,-9.2386625961577e-06,9.2495362656567e-06,-5.1586614521361e-06,-6.2669224467549e-06,-6.1502098931474e-06,0.90003301003446,0.90001493142709,2.5,2.5,-5.5792902190067e-06,-9.9999999999994e-05
0.13125,0,0.60264769154394,0.60264769154394,0.99995133047272,0.99993130747614,0.99996835436169,0.99996796594707,3.9901759485721e-05,2.8265503756782e-22,2.1461907255618e-05,2.0006910659654e-05,0.0099971714423775,-9.1468072141305e-06,9.1575744573362e-06,-5.1728158821349e-06,-6.2701560566327e-06,-6.1432899177988e-06,0.90003299489034,0.90001509449451,2.5,2.5,-5.5893189607593e-06,-0.00010000000000001
0.1325,0,0.60264769154394,0.60264769154394,0.99995116030101,0.99993133472375,0.99996836109292,0.9999679765381,3.9508388969268e-05,2.798612907841e-22,2.1484398910523e-05,2.0043743582679e-05,0.0099971601224962,-9.0559050283858e-06,9.0665668217643e-06,-5.1868321159185e-06,-6.2733573509118e-06,-6.1364387140854e-06,0.90003297989749,0.90001525598027,2.5,2.5,-5.5992480355434e-06,-9.9999999999999e-05
0.13375,0,0.60264769154394,0.60264769154394,0.99995099177979,0.99993136169921,0.99996836775816,0.99996798702324,3.9118845934561e-05,2.7709527837036e-22,2.1506667106034e-05,2.0080213719162e-05,0.0099971489150673,-8.9659431158902e-06,8.9765004319519e-06,-5.2007113951434e-06,-6.2765266774991e-06,-6.1296555706439e-06,0.90003296505429,0.90001541589778,2.5,2.5,-5.6090784742935e-06,-0.0001
0.135,0,0.60264769154394,0.60264769154394,0.9999508248951,0.99993138840543,0.99996837435802,0.99996799740362,3.8733097011572e-05,2.7435671573971e-22,2.1528714148697e-05,2.0116324573824e-05,0.0099971378189311,-8.8769089492103e-06,8.8873627561183e-06,-5.2144549586271e-06,-6.2796643786706e-06,-6.1229397855983e-06,0.90003295035914,0.90001557426048,2.5,2.5,-5.6188112942086e-06,-0.0001
0.13625,0,0.60264769154394,0.60264769154394,0.9999506596329,0.9999314148453,0.99996838089311,0.99996800768038,3.8351108820817e-05,2.7164532194467e-22,2.155054231447e-05,2.0152079622712e-05,0.0099971268329432,-8.7887903723947e-06,8.7991416336561e-06,-5.2280640416641e-06,-6.2827707912938e-06,-6.1162906662624e-06,0.90003293581047,0.90001573108184,2.5,2.5,-5.6284474991595e-06,-9.9999999999992e-05
0.1375,0,0.60264769154394,0.60264769154394,0.99995049597917,0.99993144102164,0.99996838736403,0.99996801785461,3.7972847999421e-05,2.6896081954413e-22,2.1572153849942e-05,2.018748231303e-05,0.0099971159559737,-8.7015755782193e-06,8.7118252523152e-06,-5.2415398753868e-06,-6.2858462470382e-06,-6.1097075288781e-06,0.90003292140673,0.90001588637535,2.5,2.5,-5.6379880800717e-06,-9.9999999999998e-05
0.13875,0,0.60264769154394,0.60264769154394,0.99995033391982,0.99993146693723,0.9999683937714,0.99996802792742,3.7598281224851e-05,2.6630293455261e-22,2.1593550973083e-05,2.0222536063141e-05,0.0099971051869073,-8.6152530873473e-06,8.6254021274513e-06,-5.2548836862009e-06,-6.2888910725672e-06,-6.1031896983833e-06,0.9000329071464,0.90001604015446,2.5,2.5,-5.647434015284e-06,-0.0001
0.14,0,0.60264769154394,0.60264769154394,0.99995017344082,0.99993149259481,0.9999684001158,0.99996803789987,3.7227375236618e-05,2.6367139631468e-22,2.1614735873947e-05,2.0257244262334e-05,0.0099970945246427,-8.5298117289341e-06,8.5398610826336e-06,-5.2680966952537e-06,-6.2919055897214e-06,-6.0967365081607e-06,0.90003289302797,0.90001619243266,2.5,2.5,-5.6567862708881e-06,-9.9999999999996e-05
0.14125,0,0.60264769154394,0.60264769154394,0.99995001452809,0.9999315179971,0.99996840639785,0.99996804777302,3.6860096856081e-05,2.6106593744417e-22,2.1635710715316e-05,2.0291610270992e-05,0.0099970839680919,-8.44524062257e-06,8.455191231673e-06,-5.2811801179708e-06,-6.2948901156891e-06,-6.090347299819e-06,0.90003287904995,0.9000163432234,2.5,2.5,-5.6660458010454e-06,-0.00010000000000001
0.1425,0,0.60264769154394,0.60264769154394,0.99994985716763,0.99993154314674,0.99996841261813,0.99996805754792,3.6496413004475e-05,2.5848629374637e-22,2.1656477633701e-05,2.03256374201e-05,0.0099970735161804,-8.3615291617707e-06,8.3713819620426e-06,-5.2941351636246e-06,-6.2978449631625e-06,-6.0840214230009e-06,0.9000328652109,0.90001649254009,2.5,2.5,-5.6752135482884e-06,-9.9999999999997e-05
0.14375,0,0.60264769154394,0.60264769154394,0.99994970134541,0.99993156804638,0.99996841877723,0.99996806722558,3.6136290719402e-05,2.5593220413698e-22,2.167703873973e-05,2.0359329011512e-05,0.0099970631678467,-8.2786669985741e-06,8.2884229195177e-06,-5.3069630349467e-06,-6.3007704404884e-06,-6.0777582351837e-06,0.90003285150937,0.90001664039613,2.5,2.5,-5.684290443804e-06,-0.00010000000000001
0.145,0,0.60264769154394,0.60264769154394,0.99994954704749,0.9999315926986,0.99996842487573,0.99996807680702,3.5779697169686e-05,2.5340341057423e-22,2.1697396118737e-05,2.0392688318091e-05,0.0099970529220416,-8.1966440289681e-06,8.2063039937813e-06,-5.3196649277809e-06,-6.3036668518048e-06,-6.0715571014651e-06,0.90003283794394,0.90001678680485,2.5,2.5,-5.6932774077007e-06,-9.9999999999991e-05
0.14625,0,0.60264769154394,0.60264769154394,0.99994939425993,0.99993161710595,0.99996843091422,0.99996808629325,3.542659966896e-05,2.5089965799611e-22,2.1717551831625e-05,2.0425718583474e-05,0.0099970427777287,-8.1154503799796e-06,8.1250153052764e-06,-5.3322420307713e-06,-6.306534497175e-06,-6.0654173944318e-06,0.9000328245132,0.90001693177955,2.5,2.5,-5.7021753492624e-06,-9.9999999999999e-05
0.1475,0,0.60264769154394,0.60264769154394,0.99994924296886,0.99993164127097,0.99996843689326,0.99996809568524,3.5076965687956e-05,2.4842069426158e-22,2.1737507915097e-05,2.0458423022096e-05,0.0099970327338832,-8.0350763971939e-06,8.0445471929177e-06,-5.3446955250752e-06,-6.309373672705e-06,-6.0593384939707e-06,0.90003281121577,0.90001707533346,2.5,2.5,-5.7109851671871e-06,-9.9999999999996e-05
0.14875,0,0.60264769154394,0.60264769154394,0.99994909316048,0.99993166519614,0.99996844281344,0.99996810498396,3.4730762865662e-05,2.4596627008568e-22,2.1757266382405e-05,2.049080481961e-05,0.0099970227894924,-7.9555126333229e-06,7.9648902026422e-06,-5.357026584122e-06,-6.312184670664e-06,-6.0533197871094e-06,0.90003279805029,0.90001721747978,2.5,2.5,-5.7197077498152e-06,-9.9999999999999e-05
0.15,0,0.60264769154394,0.60264769154394,0.99994894482103,0.99993168888391,0.99996844867532,0.99996811419038,3.4387959019235e-05,2.4353613898463e-22,2.1776829223647e-05,2.0522867132295e-05,0.0099970129435551,-7.8767498377019e-06,7.8860350768824e-06,-5.369236373377e-06,-6.3149677795863e-06,-6.0473606678877e-06,0.9000327850154,0.90001735823162,2.5,2.5,-5.7283439753442e-06,-0.00010000000000001
0.15125,0,0.60264769154394,0.60264769154394,0.99994879793682,0.99993171233672,0.99996845447945,0.99996812330544,3.4048522153221e-05,2.4113005721608e-22,2.1796198406481e-05,2.0554613088119e-05,0.0099970031950814,-7.7987789463789e-06,7.8079727447405e-06,-5.3813260501495e-06,-6.317723284378e-06,-6.0414605371849e-06,0.90003277210978,0.90001749760201,2.5,2.5,-5.7368947120338e-06,-9.9999999999999e-05
0.1525,0,0.60264769154394,0.60264769154394,0.99994865249425,0.99993173555696,0.99996846022641,0.99996813233008,3.3712420467539e-05,2.3874778374403e-22,2.1815375876296e-05,2.058604578585e-05,0.0099969935430925,-7.7215910730541e-06,7.7306943128259e-06,-5.3932967634171e-06,-6.320451466409e-06,-6.0356188026193e-06,0.90003275933211,0.90001763560393,2.5,2.5,-5.7453608184005e-06,-0.00010000000000001
0.15375,0,0.60264769154394,0.60264769154394,0.99994850847978,0.999931758547,0.99996846591674,0.99996814126522,3.337962236488e-05,2.3638908017149e-22,2.1834363556873e-05,2.061716829583e-05,0.0099969839866207,-7.6451775004776e-06,7.6541910568182e-06,-5.4051496536682e-06,-6.3231526036036e-06,-6.0298348783904e-06,0.90003274668108,0.90001777225028,2.5,2.5,-5.7537431434031e-06,-9.9999999999995e-05
0.155,0,0.60264769154394,0.60264769154394,0.99994836587996,0.99993178130918,0.99996847155099,0.99996815011177,3.3050096457088e-05,2.3405371071131e-22,2.1853163350647e-05,2.0647983659903e-05,0.0099969745247086,-7.5695296726884e-06,7.5784544135696e-06,-5.4168858527681e-06,-6.3258269705278e-06,-6.024108185183e-06,0.90003273415542,0.90001790755388,2.5,2.5,-5.7620425266193e-06,-9.9999999999992e-05
0.15625,0,0.60264769154394,0.60264769154394,0.99994822468141,0.9999318038458,0.99996847712971,0.99996815887063,3.2723811571131e-05,2.3174144212575e-22,2.1871777139168e-05,2.067849489137e-05,0.0099969651564096,-7.4946391876802e-06,7.503475973849e-06,-5.4285064838438e-06,-6.3284748384683e-06,-6.0184381500306e-06,0.90003272175385,0.90001804152744,2.5,2.5,-5.7702597984151e-06,-0.0001
0.1575,0,0.60264769154394,0.60264769154394,0.99994808487084,0.99993182615915,0.99996848265343,0.9999681675427,3.2400736754026e-05,2.294520436977e-22,2.189020678334e-05,2.0708704975617e-05,0.0099969558807874,-7.4204977903601e-06,7.4292474753586e-06,-5.440012661183e-06,-6.3310964755033e-06,-6.012824206216e-06,0.90003270947512,0.90001817418363,2.5,2.5,-5.778395780105e-06,-0.0001
0.15875,0,0.60264769154394,0.60264769154394,0.99994794643506,0.99993184825149,0.99996848812269,0.99996817612884,3.208084127763e-05,2.2718528717416e-22,2.1908454124003e-05,2.0738616869715e-05,0.0099969466969157,-7.3470973664842e-06,7.355760796574e-06,-5.4514054901491e-06,-6.3336921465822e-06,-6.0072657931584e-06,0.900032697318,0.90001830553501,2.5,2.5,-5.786451284107e-06,-0.0001
0.16,0,0.60264769154394,0.60264769154394,0.99994780936096,0.99993187012504,0.99996849353802,0.99996818462993,3.1764094642306e-05,2.2494094674711e-22,2.1926520982064e-05,2.0768233503091e-05,0.0099969376038782,-7.274429936638e-06,7.2830079507912e-06,-5.4626860671066e-06,-6.3362621135898e-06,-6.0017623563121e-06,0.90003268528125,0.90001843559403,2.5,2.5,-5.7944271140905e-06,-0.0001
0.16125,0,0.60264769154394,0.60264769154394,0.99994767363553,0.99993189178201,0.99996849889994,0.99996819304683,3.1450466580723e-05,2.2271879899825e-22,2.1944409159025e-05,2.0797557777284e-05,0.0099969286007687,-7.2024876506004e-06,7.2109810805168e-06,-5.4738554793715e-06,-6.3388066354108e-06,-5.9963133470736e-06,0.90003267336366,0.90001856437309,2.5,2.5,-5.8023240651176e-06,-9.9999999999997e-05
0.1625,0,0.60264769154394,0.60264769154394,0.99994753924586,0.99993191322459,0.99996850420899,0.99996820138038,3.1139927060494e-05,2.2051862286385e-22,2.1962120436879e-05,2.0826592566424e-05,0.0099969196866902,-7.1312627824239e-06,7.1396724524752e-06,-5.4849148051539e-06,-6.3413259679914e-06,-5.990918222685e-06,0.90003266156404,0.90001869188447,2.5,2.5,-5.8101429237794e-06,-9.9999999999996e-05
0.16375,0,0.60264769154394,0.60264769154394,0.99994740617911,0.99993193445491,0.99996850946566,0.99996820963143,3.0832446287082e-05,2.1834019962598e-22,2.1979656578993e-05,2.0855340717147e-05,0.0099969108607555,-7.0607477254911e-06,7.0690744527542e-06,-5.4958651135347e-06,-6.3438203643952e-06,-5.9855764461475e-06,0.9000326498812,0.90001881814036,2.5,2.5,-5.8178844683272e-06,-0.0001
0.165,0,0.60264769154394,0.60264769154394,0.99994727442257,0.99993195547513,0.99996851467048,0.99996821780081,3.0527994705676e-05,2.1618331282632e-22,2.1997019329932e-05,2.0883805049115e-05,0.0099969021220868,-6.9909349879914e-06,6.9991795823196e-06,-5.5067074644287e-06,-6.3462900748635e-06,-5.9802874861131e-06,0.90003263831397,0.90001894315285,2.5,2.5,-5.8255494687981e-06,-9.9999999999997e-05
0.16625,0,0.60264769154394,0.60264769154394,0.99994714396361,0.99993197628733,0.99996851982395,0.99996822588932,3.0226543003149e-05,2.1404774829326e-22,2.2014210416048e-05,2.09119883549e-05,0.0099968934698153,-6.9218171890668e-06,6.9299804529496e-06,-5.5174429085776e-06,-6.3487353468637e-06,-5.9750508168356e-06,0.90003262686119,0.90001906693396,2.5,2.5,-5.8331386871366e-06,-0.00010000000000001
0.1675,0,0.60264769154394,0.60264769154394,0.99994701478971,0.99993199689361,0.99996852492658,0.9999682338978,2.9928062109439e-05,2.1193329406722e-22,2.2031231545433e-05,2.093989340041e-05,0.0099968849030815,-6.8533870544652e-06,6.8614697831978e-06,-5.5280724875323e-06,-6.3511564251416e-06,-5.9698659180643e-06,0.90003261552173,0.90001918949557,2.5,2.5,-5.8406528773113e-06,-9.9999999999988e-05
0.16875,0,0.60264769154394,0.60264769154394,0.99994688688846,0.99993201729603,0.99996852997886,0.99996824182703,2.9632523198755e-05,2.0983974038426e-22,2.2048084408463e-05,2.096752292497e-05,0.0099968764210347,-6.7856374132898e-06,6.7936403948823e-06,-5.5385972336652e-06,-6.3535535517687e-06,-5.9647322749791e-06,0.90003260429443,0.9000193108495,2.5,2.5,-5.8480927854292e-06,-0.00010000000000002
0.17,0,0.60264769154394,0.60264769154394,0.99994676024752,0.99993203749662,0.99996853498128,0.99996824967781,2.9339897690359e-05,2.0776687965923e-22,2.2064770677818e-05,2.0994879641476e-05,0.0099968680228332,-6.7185611942528e-06,6.7264852095536e-06,-5.5490181701616e-06,-6.3559269661888e-06,-5.9596493780946e-06,0.90003259317819,0.90001943100746,2.5,2.5,-5.8554591498433e-06,-9.999999999998e-05
0.17125,0,0.60264769154394,0.60264769154394,0.99994663485468,0.9999320574974,0.99996853993434,0.99996825745093,2.9050157249306e-05,2.0571450643169e-22,2.2081292009079e-05,2.1021966236788e-05,0.009996859707644,-6.6521514227839e-06,6.6599972453848e-06,-5.5593363110449e-06,-6.3582769052637e-06,-5.9546167232292e-06,0.90003258217189,0.90001954998105,2.5,2.5,-5.8627527012603e-06,-0.00010000000000001
0.1725,0,0.60264769154394,0.60264769154394,0.99994651069783,0.99993207730037,0.99996854483851,0.99996826514716,2.8763273786673e-05,2.0368241736186e-22,2.2097650040396e-05,2.1048785371746e-05,0.0099968514746425,-6.5864012177158e-06,6.5941696141332e-06,-5.5695526611899e-06,-6.36060360331e-06,-5.949633811376e-06,0.90003257127444,0.90001966778179,2.5,2.5,-5.869974162842e-06,-0.0001
0.17375,0,0.60264769154394,0.60264769154394,0.99994638776495,0.99993209690749,0.99996854969429,0.99996827276727,2.8479219459763e-05,2.0167041118494e-22,2.2113846393268e-05,2.1075339681485e-05,0.0099968433230127,-6.5213037888447e-06,6.5289955184125e-06,-5.5796682163454e-06,-6.3629072921463e-06,-5.944700148688e-06,0.90003256048476,0.90001978442108,2.5,2.5,-5.8771242503048e-06,-9.9999999999996e-05
0.175,0,0.60264769154394,0.60264769154394,0.99994626604414,0.99993211632073,0.99996855450213,0.99996828031202,2.819796667213e-05,1.9967828869658e-22,2.2129882672445e-05,2.1101631775698e-05,0.0099968352519472,-6.4568524339751e-06,6.464468248949e-06,-5.5896839631687e-06,-6.365188201128e-06,-5.9398152463833e-06,0.90003254980176,0.90001989991023,2.5,2.5,-5.8842036720178e-06,-9.9999999999998e-05
0.17625,0,0.60264769154394,0.60264769154394,0.99994614552359,0.99993213554202,0.99996855926252,0.99996828778216,2.7919488073233e-05,1.977058527278e-22,2.2145760466303e-05,2.1127664238649e-05,0.0099968272606465,-6.3930405364931e-06,6.4005811821353e-06,-5.5996008792516e-06,-6.3674465571848e-06,-5.9349786206701e-06,0.90003253922439,0.90002001426046,2.5,2.5,-5.8912131290943e-06,-0.00010000000000001
0.1775,0,0.60264769154394,0.60264769154394,0.99994602619161,0.99993215457326,0.99996856397592,0.99996829517844,2.7643756558138e-05,1.957529081111e-22,2.2161481346835e-05,2.1153439629538e-05,0.0099968193483195,-6.3298615632694e-06,6.3373277777423e-06,-5.6094199331646e-06,-6.3696825848608e-06,-5.9301897927298e-06,0.90003252875159,0.90002012748288,2.5,2.5,-5.898153315485e-06,-9.9999999999996e-05
0.17875,0,0.60264769154394,0.60264769154394,0.9999459080366,0.99993217341634,0.99996856864279,0.99996830250158,2.7370745266906e-05,1.9381926166623e-22,2.2177046870143e-05,2.1178960482804e-05,0.0099968115141832,-6.2673090621031e-06,6.2747015767075e-06,-5.6191420844912e-06,-6.3718965063434e-06,-5.9254482885922e-06,0.90003251838232,0.9000202395885,2.5,2.5,-5.9050249180668e-06,-0.00010000000000001
0.18,0,0.60264769154394,0.60264769154394,0.99994579104706,0.99993219207315,0.99996857326359,0.99996830975232,2.7100427583927e-05,1.9190472216143e-22,2.2192458576471e-05,2.1204229308096e-05,0.0099968037574624,-6.2053766600232e-06,6.2126961990444e-06,-5.6287682838785e-06,-6.374088541502e-06,-5.9207536391351e-06,0.90003250811556,0.90002035058823,2.5,2.5,-5.9118286167284e-06,-9.9999999999997e-05
0.18125,0,0.60264769154394,0.60264769154394,0.9999456752116,0.99993221054552,0.99996857783877,0.99996831693138,2.6832777137137e-05,1.9000910031166e-22,2.22077179903e-05,2.1229248590621e-05,0.0099967960773898,-6.1440580610224e-06,6.1513053419127e-06,-5.6382994730794e-06,-6.376258907918e-06,-5.9161053799888e-06,0.90003249795029,0.90002046049289,2.5,2.5,-5.9185650844558e-06,-0.0001
0.1825,0,0.60264769154394,0.60264769154394,0.99994556051895,0.9999322288353,0.99996858236878,0.99996832403947,2.6567767797064e-05,1.8813220873853e-22,2.2222826620792e-05,2.1254020791504e-05,0.009996788473206,-6.0833470443418e-06,6.090522777758e-06,-5.6477365850049e-06,-6.3784078209154e-06,-5.9115030514791e-06,0.9000324878855,0.9000205693132,2.5,2.5,-5.9252349874143e-06,-9.9999999999999e-05
0.18375,0,0.60264769154394,0.60264769154394,0.99994544695791,0.9999322469443,0.99996858685407,0.9999683310773,2.6305373675798e-05,1.8627386195129e-22,2.2237785961717e-05,2.1278548347661e-05,0.0099967809441592,-6.0232374628848e-06,6.0303423526241e-06,-5.6570805437749e-06,-6.3805354935967e-06,-5.9069461986054e-06,0.90003247792018,0.90002067705978,2.5,2.5,-5.9318389850296e-06,-0.0001
0.185,0,0.60264769154394,0.60264769154394,0.9999453345174,0.99993226487431,0.99996859129507,0.99996833804557,2.6045569125907e-05,1.8443387633996e-22,2.2252597491896e-05,2.1302833672334e-05,0.0099967734895051,-5.9637232412056e-06,5.9707579844191e-06,-5.6663322647748e-06,-6.3826421368619e-06,-5.9024343709386e-06,0.90003246805336,0.90002078374313,2.5,2.5,-5.9383777300659e-06,-0.00010000000000001
0.18625,0,0.60264769154394,0.60264769154394,0.99994522318645,0.99993228262711,0.99996859569223,0.99996834494495,2.578832873916e-05,1.8261207012474e-22,2.2267262675128e-05,2.1326879155073e-05,0.0099967661085072,-5.9047983743695e-06,5.9117636614371e-06,-5.6754926547076e-06,-6.3847279594484e-06,-5.8979671226167e-06,0.90003245828405,0.9000208893737,2.5,2.5,-5.9448518687037e-06,-9.9999999999998e-05
0.1875,0,0.60264769154394,0.60264769154394,0.99994511295417,0.99993230020445,0.99996860004596,0.99996835177615,2.5533627345309e-05,1.8080826336785e-22,2.2281782960342e-05,2.1350687162273e-05,0.009996758800436,-5.8464569260563e-06,5.8533534408038e-06,-5.6845626116566e-06,-6.386793167952e-06,-5.8935440122492e-06,0.90003244861129,0.9000209939618,2.5,2.5,-5.9512620406146e-06,-9.9999999999994e-05
0.18875,0,0.60264769154394,0.60264769154394,0.9999450038098,0.99993231760809,0.99996860435671,0.99996835853983,2.5281440010706e-05,1.790222779269e-22,2.2296159782124e-05,2.1374260036901e-05,0.0099967515645697,-5.7886930275662e-06,5.7955214471836e-06,-5.6935430251434e-06,-6.3888379668578e-06,-5.8891646028967e-06,0.90003243903412,0.90002109751766,2.5,2.5,-5.9576088790359e-06,-9.9999999999997e-05
0.19,0,0.60264769154394,0.60264769154394,0.99994489574265,0.99993233483973,0.99996860862489,0.99996836523667,2.5031742036849e-05,1.772539374544e-22,2.2310394560592e-05,2.1397600099134e-05,0.0099967444001936,-5.7315008761326e-06,5.7382618713005e-06,-5.7024347761886e-06,-6.3908625585625e-06,-5.8848284620077e-06,0.9000324295516,0.90002120005142,2.5,2.5,-5.9638930108422e-06,-0.00010000000000001
0.19125,0,0.60264769154394,0.60264769154394,0.99994478874216,0.9999323519011,0.99996861285093,0.99996837186733,2.4784508958955e-05,1.7550306736129e-22,2.2324488701413e-05,2.1420709646299e-05,0.0099967373066002,-5.6748747337901e-06,5.6815689687291e-06,-5.7112387373723e-06,-6.3928671434035e-06,-5.8805351613695e-06,0.90003242016277,0.90002130157311,2.5,2.5,-5.9701150566175e-06,-0.0001
0.1925,0,0.60264769154394,0.60264769154394,0.99994468279783,0.99993236879386,0.99996861703523,0.99996837843246,2.4539716544456e-05,1.7376949481222e-22,2.2338443596376e-05,2.1443590953405e-05,0.009996730283089,-5.6188089262978e-06,5.6254370587801e-06,-5.7199557728999e-06,-6.3948519196833e-06,-5.8762842770565e-06,0.90003241086673,0.90002140209268,2.5,2.5,-5.9762756307238e-06,-9.9999999999997e-05
0.19375,0,0.60264769154394,0.60264769154394,0.99994457789931,0.99993238551971,0.99996862117822,0.99996838493272,2.4297340791347e-05,1.7205304869616e-22,2.2352260623245e-05,2.1466246272956e-05,0.0099967233289667,-5.5632978417131e-06,5.5698605231384e-06,-5.728586738665e-06,-6.3968170836916e-06,-5.8720753894072e-06,0.90003240166253,0.90002150161998,2.5,2.5,-5.9823753413704e-06,-0.0001
0.195,0,0.60264769154394,0.60264769154394,0.9999444740363,0.99993240208028,0.99996862528029,0.99996839136875,2.4057357926663e-05,1.7035355961263e-22,2.2365941146018e-05,2.1488677835442e-05,0.0099967164435468,-5.5083359294752e-06,5.5148338049492e-06,-5.7371324823154e-06,-6.3987628297331e-06,-5.8679080829385e-06,0.90003239254929,0.90002160016476,2.5,2.5,-5.988414790681e-06,-9.9999999999995e-05
0.19625,0,0.60264769154394,0.60264769154394,0.99994437119864,0.99993241847722,0.99996862934186,0.99996839774118,2.38197444048e-05,1.6867085985315e-22,2.2379486514885e-05,2.1510887849345e-05,0.0099967096261497,-5.45391769933e-06,5.4603514076422e-06,-5.7455938433166e-06,-6.4006893501462e-06,-5.8637819463411e-06,0.90003238352609,0.90002169773669,2.5,2.5,-5.9943945747592e-06,-0.00010000000000001
0.1975,0,0.60264769154394,0.60264769154394,0.99994426937622,0.99993243471214,0.99996863336331,0.99996840405064,2.358447690576e-05,1.6700478338226e-22,2.2392898066911e-05,2.1532878501659e-05,0.0099967028761026,-5.4000377201859e-06,5.4064078940062e-06,-5.7539716530203e-06,-6.4025968353316e-06,-5.8596965723879e-06,0.90003237459205,0.90002179434533,2.5,2.5,-6.0003152837543e-06,-9.9999999999986e-05
0.19875,0,0.60264769154394,0.60264769154394,0.99994416855907,0.99993245078666,0.99996863734505,0.99996841029776,2.3351532333637e-05,1.6535516581872e-22,2.2406177125438e-05,2.1554651957633e-05,0.0099966961927393,-5.3466906194276e-06,5.3529978851602e-06,-5.762266734731e-06,-6.4044854737686e-06,-5.8556515579468e-06,0.90003236574627,0.90002189000017,2.5,2.5,-6.0061775019249e-06,-0.0001
0.2,0,0.60264769154394,0.60264769154394,0.99994406873729,0.99993246670236,0.99996864128747,0.99996841648316,2.3120887814688e-05,1.6372184441517e-22,2.2419325000823e-05,2.1576210361385e-05,0.0099966895754004,-5.2938710815646e-06,5.3001160595849e-06,-5.7704799037689e-06,-6.4063554520409e-06,-5.851646503886e-06,0.9000323569879,0.9000219847106,2.5,2.5,-6.0119818077013e-06,-0.0001
0.20125,0,0.60264769154394,0.60264769154394,0.99994396990109,0.9999324824608,0.99996864519095,0.99996842260744,2.2892520695723e-05,1.6210465805299e-22,2.2432342990251e-05,2.1597555836015e-05,0.0099966830234331,-5.2415738477495e-06,5.2477571523743e-06,-5.7786119675426e-06,-6.4082069548554e-06,-5.8476810150555e-06,0.90003234831605,0.9000220784859,2.5,2.5,-6.0177287737481e-06,-0.0001
0.2025,0,0.60264769154394,0.60264769154394,0.99994387204076,0.99993249806356,0.99996864905589,0.99996842867121,2.2666408542295e-05,1.6050344721225e-22,2.2445232378043e-05,2.161869048359e-05,0.009996676536191,-5.1897937146844e-06,5.1959159541965e-06,-5.786663725614e-06,-6.4100401650662e-06,-5.8437547002534e-06,0.90003233972988,0.9000221713353,2.5,2.5,-6.0234189670248e-06,-9.9999999999994e-05
0.20375,0,0.60264769154394,0.60264769154394,0.99994377514669,0.99993251351216,0.99996865288265,0.99996843467508,2.244252913691e-05,1.5891805396095e-22,2.2457994435719e-05,2.1639616385581e-05,0.0099966701130341,-5.1385255338222e-06,5.1445873106138e-06,-5.794635969767e-06,-6.4118552636931e-06,-5.8398671721563e-06,0.90003233122854,0.9000222632679,2.5,2.5,-6.0290529488461e-06,-9.9999999999999e-05
0.205,0,0.60264769154394,0.60264769154394,0.99994367920937,0.99993252880814,0.99996865667162,0.99996844061962,2.2220860477237e-05,1.5734832194114e-22,2.2470630422153e-05,2.1660335602963e-05,0.0099966637533288,-5.0877642106625e-06,5.0937661211843e-06,-5.8025294840715e-06,-6.4136524299413e-06,-5.8360180473103e-06,0.90003232281119,0.90002235429275,2.5,2.5,-6.0346312749409e-06,-0.00010000000000001
0.20625,0,0.60264769154394,0.60264769154394,0.99994358421937,0.999932543953,0.99996866042317,0.99996844650544,2.2001380774347e-05,1.5579409633268e-22,2.2483141583663e-05,2.1680850176415e-05,0.0099966574564479,-5.0375047038379e-06,5.0434473387478e-06,-5.8103450449576e-06,-6.415431841225e-06,-5.832206946066e-06,0.900032314477,0.90002244441878,2.5,2.5,-6.0401544955106e-06,-9.9999999999997e-05
0.2075,0,0.60264769154394,0.60264769154394,0.99994349016735,0.99993255894824,0.99996866413767,0.99996845233311,2.1784068450902e-05,1.542552238767e-22,2.2495529154221e-05,2.1701162126486e-05,0.0099966512217704,-4.987742024451e-06,4.9936259686218e-06,-5.8180834212785e-06,-6.4171936731813e-06,-5.8284334925434e-06,0.90003230622514,0.90002253365485,2.5,2.5,-6.0456231552867e-06,-0.00010000000000002
0.20875,0,0.60264769154394,0.60264769154394,0.99994339704408,0.99993257379534,0.99996866781548,0.9999684581032,2.1568902139286e-05,1.5273155281917e-22,2.2507794355491e-05,2.1721273453873e-05,0.0099966450486813,-4.938471235397e-06,4.9442970679396e-06,-5.8257453743787e-06,-6.4189380996922e-06,-5.8246973146221e-06,0.90003229805481,0.90002262200973,2.5,2.5,-6.0510377935875e-06,-9.9999999999984e-05
0.21,0,0.60264769154394,0.60264769154394,0.99994330484039,0.99993258849577,0.99996867145696,0.99996846381629,2.1355860679835e-05,1.5122293292083e-22,2.2519938396969e-05,2.174118613964e-05,0.009996638936572,-4.8896874505588e-06,4.8954557449495e-06,-5.8333316581635e-06,-6.4206652929062e-06,-5.8209980438423e-06,0.90003228996519,0.90002270949212,2.5,2.5,-6.0563989443743e-06,-9.9999999999994e-05
0.21125,0,0.60264769154394,0.60264769154394,0.99994321354723,0.99993260305097,0.99996867506249,0.99996846947294,2.1144923119059e-05,1.4972921542891e-22,2.253196247624e-05,2.176090214515e-05,0.0099966328848397,-4.8413858341997e-06,4.8470971582546e-06,-5.8408430191665e-06,-6.4223754232525e-06,-5.8173353154347e-06,0.90003228195548,0.90002279611061,2.5,2.5,-6.0617071363061e-06,-0.0001
0.2125,0,0.60264769154394,0.60264769154394,0.99994312315561,0.99993261746238,0.9999686786324,0.99996847507371,2.0936068707727e-05,1.4825025306736e-22,2.2543867778982e-05,2.1780423412634e-05,0.0099966268928877,-4.7935616002447e-06,4.7992165162543e-06,-5.8482801966124e-06,-6.4240686594612e-06,-5.813708768229e-06,0.9000322740249,0.90002288187371,2.5,2.5,-6.0669628927945e-06,-0.0001
0.21375,0,0.60264769154394,0.60264769154394,0.99994303365665,0.99993263173142,0.99996868216705,0.99996848061915,2.0729276899144e-05,1.4678590002425e-22,2.2555655478951e-05,2.1799751864998e-05,0.0099966209601252,-4.7462100118164e-06,4.7518090764753e-06,-5.85564392249e-06,-6.4257451685822e-06,-5.810118044662e-06,0.90003226617267,0.90002296678987,2.5,2.5,-6.0721667320575e-06,-0.0001
0.215,0,0.60264769154394,0.60264769154394,0.99994294504154,0.9999326458595,0.99996868566679,0.9999684861098,2.0524527347276e-05,1.4533601192412e-22,2.2567326738529e-05,2.1818889406392e-05,0.0099966150859672,-4.6993263802331e-06,4.7048701448794e-06,-5.8629349216147e-06,-6.4274051159996e-06,-5.8065627906833e-06,0.90003225839801,0.90002305086744,2.5,2.5,-6.0773191671722e-06,-9.9999999999998e-05
0.21625,0,0.60264769154394,0.60264769154394,0.99994285730157,0.99993265984802,0.99996868913197,0.99996849154622,2.0321799905011e-05,1.4390044583745e-22,2.2578882708318e-05,2.1837837921981e-05,0.0099966092698347,-4.6529060649335e-06,4.6583950753952e-06,-5.8701539116966e-06,-6.429048665453e-06,-5.8030426557868e-06,0.90003225070015,0.90002313411469,2.5,2.5,-6.082420706128e-06,-9.9999999999999e-05
0.2175,0,0.60264769154394,0.60264769154394,0.9999427704281,0.99993267369835,0.99996869256292,0.99996849692893,2.0121074622249e-05,1.4247906023814e-22,2.2590324527642e-05,2.1856599278592e-05,0.0099966035111541,-4.6069444724134e-06,4.6123792691932e-06,-5.8773016034059e-06,-6.4306759790527e-06,-5.7995572929225e-06,0.90003224307833,0.90002321653981,2.5,2.5,-6.0874718518777e-06,-9.9999999999992e-05
0.21875,0,0.60264769154394,0.60264769154394,0.99994268441259,0.99993268741186,0.99996869595999,0.99996850225846,1.9922331744217e-05,1.4107171500418e-22,2.2601653324565e-05,2.1875175324339e-05,0.0099965978093577,-4.5614370558772e-06,4.5668181741805e-06,-5.884378700439e-06,-6.4322872172968e-06,-5.7961063584874e-06,0.9000322355318,0.90002329815091,2.5,2.5,-6.0924731023887e-06,-0.00010000000000002
0.22,0,0.60264769154394,0.60264769154394,0.99994259924657,0.9999327009899,0.9999686993235,0.99996850753535,1.972555170959e-05,1.3967827141044e-22,2.2612870215788e-05,2.1893567889429e-05,0.0099965921638836,-4.5163793147459e-06,4.5217072844668e-06,-5.891385899585e-06,-6.4338825390903e-06,-5.7926895122821e-06,0.90003222805982,0.90002337895601,2.5,2.5,-6.0974249506941e-06,-9.999999999999e-05
0.22125,0,0.60264769154394,0.60264769154394,0.99994251492167,0.99993271443381,0.99996870265379,0.99996851276011,1.9530715148763e-05,1.3829859209252e-22,2.2623976307209e-05,2.1911778785761e-05,0.0099965865741751,-4.4717667938318e-06,4.477042139701e-06,-5.8983238907875e-06,-6.4354621017567e-06,-5.7893064174761e-06,0.90003222066166,0.90002345896308,2.5,2.5,-6.1023278849425e-06,-0.0001
0.2225,0,0.60264769154394,0.60264769154394,0.99994243142957,0.99993272774492,0.99996870595119,0.99996851793326,1.9337802882021e-05,1.3693254105692e-22,2.2634972693471e-05,2.1929809807559e-05,0.0099965810396813,-4.4275950831701e-06,4.432818324728e-06,-5.9051933572123e-06,-6.4370260610586e-06,-5.7859567405757e-06,0.90003221333657,0.90002353817999,2.5,2.5,-6.1071823884468e-06,-9.9999999999999e-05
0.22375,0,0.60264769154394,0.60264769154394,0.99994234876207,0.99993274092454,0.99996870921602,0.99996852305531,1.9146795917806e-05,1.3557998365146e-22,2.2645860458713e-05,2.194766273116e-05,0.0099965755598565,-4.3838598170789e-06,4.389031468773e-06,-5.9119949753129e-06,-6.4385745712111e-06,-5.7826401513923e-06,0.90003220608384,0.90002361661454,2.5,2.5,-6.1119889397335e-06,-9.9999999999995e-05
0.225,0,0.60264769154394,0.60264769154394,0.99994226691103,0.99993275397397,0.9999687124486,0.99996852812676,1.8957675450966e-05,1.3424078656118e-22,2.2656640676081e-05,2.1965339315514e-05,0.0099965701341606,-4.3405566741642e-06,4.3456772453476e-06,-5.918729414886e-06,-6.4401077849003e-06,-5.7793563230041e-06,0.90003219890276,0.90002369427443,2.5,2.5,-6.1167480125912e-06,-0.00010000000000001
0.22625,0,0.60264769154394,0.60264769154394,0.99994218586839,0.9999327668945,0.99996871564925,0.99996853314811,1.877042286102e-05,1.32914817781e-22,2.2667314408135e-05,2.1982841302203e-05,0.0099965647620589,-4.2976813762283e-06,4.3027513712654e-06,-5.9253973391467e-06,-6.4416258532985e-06,-5.7761049317275e-06,0.90003219179261,0.90002377116733,2.5,2.5,-6.1214600761177e-06,-9.9999999999997e-05
0.2275,0,0.60264769154394,0.60264769154394,0.99994210562617,0.99993277968739,0.99996871881829,0.99996853811986,1.858501971031e-05,1.3160194662505e-22,2.2677882707049e-05,2.2000170415555e-05,0.0099965594430218,-4.2552296882641e-06,4.26024960655e-06,-5.9319994047823e-06,-6.4431289260753e-06,-5.772885657082e-06,0.90003218475269,0.90002384730081,2.5,2.5,-6.1261255947671e-06,-9.9999999999993e-05
0.22875,0,0.60264769154394,0.60264769154394,0.99994202617647,0.99993279235392,0.99996872195603,0.9999685430425,1.8401447742427e-05,1.3030204368941e-22,2.2688346614421e-05,2.2017328363006e-05,0.009996554176525,-4.2131974177217e-06,4.2181677537069e-06,-5.9385362620197e-06,-6.4446171514186e-06,-5.7696981817628e-06,0.90003217778232,0.90002392268234,2.5,2.5,-6.1307450283975e-06,-0.00010000000000001
0.23,0,0.60264769154394,0.60264769154394,0.99994194751147,0.99993280489532,0.99996872506278,0.99996854791652,1.8219688880355e-05,1.2901498085799e-22,2.269870716166e-05,2.2034316834938e-05,0.0099965489620495,-4.1715804141225e-06,4.1765016574409e-06,-5.9450085546829e-06,-6.446090676047e-06,-5.7665421915901e-06,0.9000321708808,0.90002399731937,2.5,2.5,-6.1353188323155e-06,-9.9999999999983e-05
0.23125,0,0.60264769154394,0.60264769154394,0.99994186962342,0.99993281731285,0.99996872813884,0.99996855274239,1.8039725224874e-05,1.2774063127902e-22,2.2708965369873e-05,2.2051137505293e-05,0.0099965437990813,-4.1303745685702e-06,4.1352472039468e-06,-5.9514169202605e-06,-6.4475496452263e-06,-5.7634173755197e-06,0.90003216404745,0.90002407121924,2.5,2.5,-6.139847457323e-06,-0.0001
0.2325,0,0.60264769154394,0.60264769154394,0.99994179250465,0.99993282960771,0.99996873118452,0.99996855752059,1.7861539052812e-05,1.2647886935427e-22,2.2719122250204e-05,2.2067792031195e-05,0.0099965386871116,-4.0895758132571e-06,4.0944003207176e-06,-5.9577619899614e-06,-6.4489942027802e-06,-5.760323425561e-06,0.90003215728161,0.90002414438922,2.5,2.5,-6.144331349762e-06,-9.9999999999999e-05
0.23375,0,0.60264769154394,0.60264769154394,0.99994171614757,0.99993284178112,0.99996873420012,0.99996856225158,1.7685112815382e-05,1.2522957073237e-22,2.272917880362e-05,2.2084282053791e-05,0.0099965336256364,-4.0491801210835e-06,4.0539569758986e-06,-5.9640443887764e-06,-6.4504244911099e-06,-5.7572600367758e-06,0.90003215058259,0.90002421683652,2.5,2.5,-6.148770951559e-06,-0.0001
0.235,0,0.60264769154394,0.60264769154394,0.99994164054466,0.99993285383429,0.99996873718593,0.99996856693585,1.7510429136445e-05,1.2399261228223e-22,2.2739136021324e-05,2.2100609197776e-05,0.009996528614157,-4.0091835052186e-06,4.0139131779519e-06,-5.9702647355425e-06,-6.4518406512052e-06,-5.7542269072482e-06,0.90003214394975,0.90002428856827,2.5,2.5,-6.1531667002691e-06,-9.9999999999999e-05
0.23625,0,0.60264769154394,0.60264769154394,0.99994156568848,0.99993286576839,0.99996874014225,0.99996857157385,1.7337470810967e-05,1.2276787210176e-22,2.274899488462e-05,2.2116775071744e-05,0.0099965236521795,-3.9695820186309e-06,3.9742649752174e-06,-5.9764236429964e-06,-6.4532428226605e-06,-5.7512237380475e-06,0.90003213738243,0.90002435959155,2.5,2.5,-6.1575190291198e-06,-0.00010000000000001
0.2375,0,0.60264769154394,0.60264769154394,0.99994149157164,0.99993287758462,0.99996874306936,0.99996857616603,1.7166220803292e-05,1.2155522949408e-22,2.2758756365188e-05,2.2132781268677e-05,0.0099965187392148,-3.9303717535833e-06,3.9350084553871e-06,-5.9825217178385e-06,-6.4546311436867e-06,-5.748250233196e-06,0.90003213087997,0.90002442991334,2.5,2.5,-6.1618283670544e-06,-9.9999999999994e-05
0.23875,0,0.60264769154394,0.60264769154394,0.99994141818686,0.99993288928412,0.99996874596757,0.99996858071285,1.6996662245554e-05,1.2035456494079e-22,2.2768421425049e-05,2.214862936553e-05,0.0099965138747787,-3.8915488414717e-06,3.8961397452666e-06,-5.9885595607868e-06,-6.4560057511297e-06,-5.7453060996368e-06,0.90003212444175,0.90002449954057,2.5,2.5,-6.1660951387742e-06,-0.0001
0.24,0,0.60264769154394,0.60264769154394,0.9999413455269,0.99993290086806,0.99996874883715,0.99996858521476,1.6828778436009e-05,1.1916576012084e-22,2.2777991016726e-05,2.2164320923979e-05,0.0099965090583919,-3.8531094520525e-06,3.8576550101454e-06,-5.9945377666388e-06,-6.4573667804766e-06,-5.7423910472284e-06,0.90003211806712,0.90002456848009,2.5,2.5,-6.1703197647814e-06,-9.9999999999992e-05
0.24125,0,0.60264769154394,0.60264769154394,0.99994127358461,0.99993291233758,0.99996875167839,0.9999685896722,1.6662552837485e-05,1.1798869787437e-22,2.2787466083295e-05,2.2179857490044e-05,0.0099965042895797,-3.8150497933926e-06,3.8195504535978e-06,-6.0004569243302e-06,-6.4587143658769e-06,-5.7395047886778e-06,0.90003211175546,0.90002463673871,2.5,2.5,-6.1745026614202e-06,-9.9999999999998e-05
0.2425,0,0.60264769154394,0.60264769154394,0.99994120235289,0.9999329236938,0.99996875449156,0.99996859408561,1.6497969075727e-05,1.1682326220262e-22,2.279684755857e-05,2.2195240594636e-05,0.0099964995678721,-3.7773661111325e-06,3.7818223168889e-06,-6.0063176169836e-06,-6.4600486401511e-06,-5.7366470395446e-06,0.90003210550615,0.90002470432314,2.5,2.5,-6.1786442409185e-06,-0.0001
0.24375,0,0.60264769154394,0.60264769154394,0.99994113182474,0.99993293493785,0.99996875727694,0.99996859845543,1.6335010937899e-05,1.1566933825816e-22,2.2806136367102e-05,2.2210471753519e-05,0.0099964948928037,-3.7400546884599e-06,3.74446687877e-06,-6.0121204219777e-06,-6.4613697348074e-06,-5.7338175181976e-06,0.90003209931856,0.90002477124003,2.5,2.5,-6.1827449114293e-06,-0.0001
0.245,0,0.60264769154394,0.60264769154394,0.99994106199321,0.99993294607083,0.99996876003482,0.99996860278208,1.6173662370946e-05,1.1452681232496e-22,2.2815333424245e-05,2.2225552467302e-05,0.0099964902639139,-3.703111845374e-06,3.7074804549456e-06,-6.0178659109924e-06,-6.462677780051e-06,-5.7310159457972e-06,0.9000320931921,0.90002483749599,2.5,2.5,-6.1868050770706e-06,-0.00010000000000001
0.24625,0,0.60264769154394,0.60264769154394,0.99994099285142,0.99993295709385,0.99996876276545,0.99996860706599,1.6013907480064e-05,1.1339557180201e-22,2.2824439636404e-05,2.2240484222186e-05,0.0099964856807465,-3.6665339384544e-06,3.67085939773e-06,-6.0235546500737e-06,-6.4639729047994e-06,-5.7282420462357e-06,0.90003208712615,0.90002490309753,2.5,2.5,-6.1908251379655e-06,-9.9999999999995e-05
0.2475,0,0.60264769154394,0.60264769154394,0.99994092439255,0.99993296800798,0.99996876546911,0.99996861130759,1.5855730527163e-05,1.1227550521392e-22,2.2833455900998e-05,2.2255268489268e-05,0.0099964811428498,-3.6303173605872e-06,3.6346000956942e-06,-6.0291871996759e-06,-6.4652552366968e-06,-5.7254955461733e-06,0.90003208112011,0.90002496805112,2.5,2.5,-6.1948054902826e-06,-0.00010000000000001
0.24875,0,0.60264769154394,0.60264769154394,0.99994085660986,0.9999329788143,0.99996876814607,0.99996861550729,1.5699115929352e-05,1.1116650218143e-22,2.2842383106509e-05,2.2269906725328e-05,0.0099964766497766,-3.5944585403043e-06,3.598698973257e-06,-6.0347641147316e-06,-6.4665249021226e-06,-5.7227761749254e-06,0.90003207517341,0.90002503236315,2.5,2.5,-6.1987465262744e-06,-9.9999999999995e-05
0.25,0,0.60264769154394,0.60264769154394,0.99994078949668,0.99993298951389,0.99996877079658,0.99996861966551,1.554404825742e-05,1.1006845342016e-22,2.2851222132693e-05,2.2284400372783e-05,0.0099964722010842,-3.558953941821e-06,3.5631524903717e-06,-6.0402859446943e-06,-6.4677820262088e-06,-5.7200836645261e-06,0.90003206928544,0.90002509603997,2.5,2.5,-6.2026486343167e-06,-9.9999999999995e-05
0.25125,0,0.60264769154394,0.60264769154394,0.99994072304639,0.99993300010779,0.99996877342091,0.99996862378266,1.5390512234331e-05,1.0898125072041e-22,2.2859973850651e-05,2.2298750859784e-05,0.0099964677963341,-3.5238000642411e-06,3.5279571420756e-06,-6.0457532335978e-06,-6.4690267328477e-06,-5.7174177496342e-06,0.90003206345563,0.90002515908785,2.5,2.5,-6.206512198947e-06,-0.00010000000000001
0.2525,0,0.60264769154394,0.60264769154394,0.99994065725245,0.99993301059704,0.99996877601933,0.99996862785913,1.5238492733712e-05,1.0790478694022e-22,2.2868639122685e-05,2.2312959600266e-05,0.0099964634350923,-3.4889934414808e-06,3.493109458204e-06,-6.0511665201071e-06,-6.4702591447082e-06,-5.7147781675313e-06,0.90003205768341,0.90002522151299,2.5,2.5,-6.2103376009022e-06,-9.9999999999993e-05
0.25375,0,0.60264769154394,0.60264769154394,0.99994059210838,0.99993302098269,0.99996877859207,0.99996863189534,1.5087974778425e-05,1.0683895600876e-22,2.2877218802905e-05,2.232702799437e-05,0.009996459116929,-3.4545306418776e-06,3.4586060030015e-06,-6.0565263375712e-06,-6.4714793832463e-06,-5.7121646581092e-06,0.9000320519682,0.90002528332155,2.5,2.5,-6.2141252171569e-06,-0.0001
0.255,0,0.60264769154394,0.60264769154394,0.99994052760775,0.99993303126575,0.99996878113941,0.99996863589169,1.4938943539137e-05,1.0578365289004e-22,2.2885713736703e-05,2.2340957428238e-05,0.0099964548414186,-3.4204082676475e-06,3.4244433747789e-06,-6.0618332140755e-06,-6.4726875687155e-06,-5.7095769638042e-06,0.90003204630945,0.90002534451961,2.5,2.5,-6.2178754209604e-06,-0.00010000000000001
0.25625,0,0.60264769154394,0.60264769154394,0.99994046374422,0.99993304144723,0.99996878366158,0.99996863984855,1.4791384332733e-05,1.0473877358566e-22,2.2894124761205e-05,2.2354749274501e-05,0.00999645060814,-3.3866229549529e-06,3.3906182056106e-06,-6.0670876724948e-06,-6.4738838201843e-06,-5.7070148296278e-06,0.90003204070659,0.90002540511321,2.5,2.5,-6.2215885818737e-06,-9.9999999999991e-05
0.2575,0,0.60264769154394,0.60264769154394,0.99994040051148,0.99993305152815,0.99996878615885,0.99996864376634,1.4645282621084e-05,1.0370421514186e-22,2.2902452705246e-05,2.2368404892126e-05,0.0099964464166757,-3.3531713729477e-06,3.3571271608296e-06,-6.0722902305402e-06,-6.4750682555387e-06,-5.7044780030929e-06,0.90003203515907,0.90002546510831,2.5,2.5,-6.2252650658057e-06,-0.00010000000000001
0.25875,0,0.60264769154394,0.60264769154394,0.99994033790332,0.9999330615095,0.99996878863144,0.99996864764542,1.4500624009413e-05,1.0267987559965e-22,2.2910698389553e-05,2.2381925626668e-05,0.009996442266613,-3.3200502241274e-06,3.3239669389727e-06,-6.0774414008151e-06,-6.4762409915055e-06,-5.7019662342163e-06,0.90003202966635,0.90002552451083,2.5,2.5,-6.2289052350498e-06,-9.9999999999991e-05
0.26,0,0.60264769154394,0.60264769154394,0.99994027591356,0.99993307139225,0.99996879107961,0.99996865148619,1.435739424511e-05,1.0166565402465e-22,2.2918862626622e-05,2.2395312810425e-05,0.0099964381575427,-3.2872562433588e-06,3.2911342711179e-06,-6.0825416908636e-06,-6.4774021436534e-06,-5.6994792754693e-06,0.90003202422789,0.90002558332662,2.5,2.5,-6.2325094483198e-06,-0.0001
0.26125,0,0.60264769154394,0.60264769154394,0.9999402145361,0.99993308117738,0.9999687935036,0.99996865528902,1.4215579216136e-05,1.006614504707e-22,2.2926946221027e-05,2.2408567762523e-05,0.0099964340890599,-3.2547861980897e-06,3.2586259208445e-06,-6.0875916032163e-06,-6.4785518264096e-06,-5.6970168817957e-06,0.90003201884314,0.90002564156146,2.5,2.5,-6.2360780607848e-06,-9.9999999999999e-05
0.2625,0,0.60264769154394,0.60264769154394,0.99994015376488,0.99993309086586,0.99996879590365,0.99996865905429,1.407516494977e-05,9.966716597922e-23,2.2934949969269e-05,2.2421691789043e-05,0.0099964300607638,-3.2226368876148e-06,3.2264386837281e-06,-6.092591635447e-06,-6.4796901530736e-06,-5.6945788105297e-06,0.90003201351158,0.90002569922111,2.5,2.5,-6.2396114241052e-06,-9.9999999999999e-05
0.26375,0,0.60264769154394,0.60264769154394,0.99994009359392,0.99993310045864,0.99996879827999,0.99996866278237,1.3936137611212e-05,9.8682702573079e-23,2.2942874660166e-05,2.243468618323e-05,0.0099964260722574,-3.190805142989e-06,3.1945693870523e-06,-6.0975422802137e-06,-6.4808172358192e-06,-5.692164821427e-06,0.90003200823269,0.90002575631123,2.5,2.5,-6.2431098864662e-06,-9.9999999999993e-05
0.265,0,0.60264769154394,0.60264769154394,0.9999400340173,0.99993310995667,0.99996880063286,0.99996866647362,1.3798483502213e-05,9.7707963245355e-23,2.295072107455e-05,2.244755222537e-05,0.0099964221231476,-3.1592878266418e-06,3.1630148895612e-06,-6.1024440253129e-06,-6.4819331857171e-06,-5.6897746766094e-06,0.90003200300594,0.90002581283747,2.5,2.5,-6.2465737926133e-06,-0.0001
0.26625,0,0.60264769154394,0.60264769154394,0.99993997502913,0.99993311936088,0.99996880296249,0.99996867012841,1.3662189059734e-05,9.6742851938741e-23,2.2958489985675e-05,2.2460291183388e-05,0.0099964182130453,-3.1280818320043e-06,3.1317720810311e-06,-6.1072973537242e-06,-6.4830381127383e-06,-5.6874081405379e-06,0.90003199783081,0.90002586880537,2.5,2.5,-6.2500034838858e-06,-0.0001
0.2675,0,0.60264769154394,0.60264769154394,0.99993991662362,0.9999331286722,0.99996880526911,0.9999686737471,1.3527240854638e-05,9.5787273555401e-23,2.2966182159063e-05,2.2472904312431e-05,0.0099964143415652,-3.0971840833294e-06,3.1008378820466e-06,-6.1121027436581e-06,-6.4841321257677e-06,-5.685064980026e-06,0.90003199270681,0.90002592422047,2.5,2.5,-6.2533992982509e-06,-0.0001
0.26875,0,0.60264769154394,0.60264769154394,0.999939858795,0.99993313789155,0.99996880755294,0.99996867733005,1.3393625590355e-05,9.4841133925401e-23,2.2973798352691e-05,2.2485392855455e-05,0.0099964105083258,-3.0665915351918e-06,3.0702092436781e-06,-6.1168606686047e-06,-6.4852153326115e-06,-5.6827449641609e-06,0.90003198763341,0.90002597908821,2.5,2.5,-6.2567615703363e-06,-9.9999999999996e-05
0.27,0,0.60264769154394,0.60264769154394,0.99993980153758,0.99993314701983,0.99996880981422,0.99996868087761,1.3261330101569e-05,9.3904339821241e-23,2.2981339317179e-05,2.2497758043014e-05,0.0099964067129493,-3.0363011724792e-06,3.0398831471497e-06,-6.1215715973791e-06,-6.4862878400148e-06,-5.6804478643349e-06,0.90003198261013,0.90002603341401,2.5,2.5,-6.2600906314643e-06,-0.0001
0.27125,0,0.60264769154394,0.60264769154394,0.99993974484571,0.99993315605795,0.99996881205316,0.99996868439012,1.3130341352959e-05,9.2976798928509e-23,2.2988805795503e-05,2.2510001093536e-05,0.0099964029550618,-3.006310009681e-06,3.0098566035138e-06,-6.1262359941669e-06,-6.4873497536649e-06,-5.6781734541878e-06,0.90003197763647,0.90002608720321,2.5,2.5,-6.2633868096836e-06,-9.9999999999991e-05
0.2725,0,0.60264769154394,0.60264769154394,0.99993968871382,0.99993316500679,0.99996881426998,0.99996868786794,1.3000646437902e-05,9.2058419844317e-23,2.2996198523426e-05,2.2522123213393e-05,0.0099963992342929,-2.9766150909755e-06,2.9801266534408e-06,-6.1308543185675e-06,-6.4884011782052e-06,-5.6759215095929e-06,0.90003197271193,0.90002614046112,2.5,2.5,-6.2666504298021e-06,-0.0001
0.27375,0,0.60264769154394,0.60264769154394,0.99993963313636,0.99993317386724,0.99996881646491,0.99996869131141,1.2872232577205e-05,9.1149112072622e-23,2.3003518229483e-05,2.2534125597076e-05,0.0099963955502761,-2.9472134897626e-06,2.9506903668675e-06,-6.1354270256466e-06,-6.4894422172485e-06,-5.6736918086445e-06,0.90003196783604,0.90002619319299,2.5,2.5,-6.2698818134189e-06,-0.0001
0.275,0,0.60264769154394,0.60264769154394,0.99993957810787,0.99993318264017,0.99996881863816,0.99996869472087,1.2745087117831e-05,9.0248786010704e-23,2.3010765634935e-05,2.2546009427309e-05,0.0099963919026482,-2.9181023083589e-06,2.9215448426696e-06,-6.1399545659744e-06,-6.4904729733795e-06,-5.6714841316354e-06,0.90003196300831,0.900026245404,2.5,2.5,-6.2730812789562e-06,-9.9999999999998e-05
0.27625,0,0.60264769154394,0.60264769154394,0.99993952362291,0.99993319132645,0.99996882078994,0.99996869809665,1.2619197531724e-05,8.9357352941999e-23,2.3017941453959e-05,2.2557775875033e-05,0.0099963882910498,-2.8892786776632e-06,2.8926872084565e-06,-6.1444373856693e-06,-6.4914935481698e-06,-5.6692982610013e-06,0.90003195822826,0.90002629709931,2.5,2.5,-6.2762491416904e-06,-9.9999999999994e-05
0.2775,0,0.60264769154394,0.60264769154394,0.99993946967613,0.99993319992692,0.99996882292047,0.99996870143908,1.2494551414471e-05,8.8474725024986e-23,2.3025046393687e-05,2.2569426099746e-05,0.0099963847151251,-2.8607397571069e-06,2.8641146201775e-06,-6.1488759264483e-06,-6.4925040421907e-06,-5.6671339813676e-06,0.90003195349544,0.90002634828401,2.5,2.5,-6.2793857137831e-06,-9.9999999999995e-05
0.27875,0,0.60264769154394,0.60264769154394,0.99993941626221,0.99993320844245,0.99996882502995,0.9999687047485,1.2371136484205e-05,8.7600815282813e-23,2.3032081154176e-05,2.2580961249413e-05,0.0099963811745217,-2.8324827340519e-06,2.8358242619808e-06,-6.1532706256636e-06,-6.4935045550174e-06,-5.6649910794533e-06,0.90003194880935,0.90002639896314,2.5,2.5,-6.2824913043124e-06,-0.00010000000000001
0.28,0,0.60264769154394,0.60264769154394,0.99993936337588,0.99993321687386,0.9999688271186,0.99996870802523,1.2248940580281e-05,8.6735537600824e-23,2.3039046428675e-05,2.2592382460628e-05,0.0099963776688907,-2.8045048237488e-06,2.8078133458209e-06,-6.1576219163492e-06,-6.4944951852412e-06,-5.6628693440938e-06,0.90003194416956,0.90002644914169,2.5,2.5,-6.2855662193032e-06,-0.00010000000000001
0.28125,0,0.60264769154394,0.60264769154394,0.99993931101193,0.99993322522199,0.99996882918661,0.99996871126959,1.2127951662166e-05,8.5878806713851e-23,2.30459429035e-05,2.260369085882e-05,0.0099963741978866,-2.7768032690493e-06,2.7800791111984e-06,-6.1619302272625e-06,-6.4954760304805e-06,-5.6607685662321e-06,0.9000319395756,0.90002649882461,2.5,2.5,-6.2886107617573e-06,-9.9999999999983e-05
0.2825,0,0.60264769154394,0.60264769154394,0.9999392591652,0.99993323348766,0.9999688312342,0.99996871448191,1.2008157808247e-05,8.5030538202384e-23,2.3052771258282e-05,2.2614887558432e-05,0.0099963707611674,-2.7493753397886e-06,2.7526188248971e-06,-6.1661959829283e-06,-6.496447187389e-06,-5.6586885388328e-06,0.90003193502701,0.9000265480168,2.5,2.5,-6.2916252316831e-06,-0.00010000000000001
0.28375,0,0.60264769154394,0.60264769154394,0.99993920783059,0.99993324167169,0.99996883326157,0.99996871766249,1.1889547214607e-05,8.4190648480244e-23,2.3059532165807e-05,2.2625973662596e-05,0.0099963673583945,-2.7222183331881e-06,2.7254297807912e-06,-6.1704196036761e-06,-6.4974087516639e-06,-5.6566290569497e-06,0.90003193052335,0.90002659672309,2.5,2.5,-6.2946099261254e-06,-9.9999999999999e-05
0.285,0,0.60264769154394,0.60264769154394,0.99993915700304,0.99993324977488,0.99996883526891,0.99996872081167,1.1772108193904e-05,8.3359054777928e-23,2.3066226292427e-05,2.2636950263791e-05,0.0099963639892325,-2.6953295728055e-06,2.6985092994004e-06,-6.174601505686e-06,-6.4983608180598e-06,-5.6545899176288e-06,0.90003192606418,0.9000266449483,2.5,2.5,-6.297565139195e-06,-0.0001
0.28625,0,0.60264769154394,0.60264769154394,0.99993910667753,0.99993325779803,0.99996883725642,0.99996872392973,1.16558291742e-05,8.2535675161501e-23,2.3072854297608e-05,2.2647818443533e-05,0.0099963606533495,-2.6687064089857e-06,2.6718547278176e-06,-6.1787421010274e-06,-6.4993034803945e-06,-5.6525709199548e-06,0.90003192164905,0.90002669269717,2.5,2.5,-6.3004911620971e-06,-9.9999999999996e-05
0.2875,0,0.60264769154394,0.60264769154394,0.99993905684911,0.99993326574193,0.9999688392243,0.999968727017,1.1540698697859e-05,8.1720428484673e-23,2.3079416834648e-05,2.2658579272927e-05,0.0099963573504168,-2.6423462179059e-06,2.6454634392969e-06,-6.1828417976987e-06,-6.5002368315564e-06,-5.6505718649487e-06,0.90003191727754,0.9000267399744,2.5,2.5,-6.3033882831601e-06,-0.0001
0.28875,0,0.60264769154394,0.60264769154394,0.99993900751287,0.99993327360737,0.99996884117274,0.99996873007377,1.1426705420404e-05,8.0913234421644e-23,2.308591455006e-05,2.2669233812192e-05,0.0099963540801088,-2.6162464020529e-06,2.6193328330883e-06,-6.1869009996732e-06,-6.5011609635189e-06,-5.6485925556492e-06,0.9000319129492,0.90002678678466,2.5,2.5,-6.3062567878649e-06,-0.0001
0.29,0,0.60264769154394,0.60264769154394,0.99993895866394,0.99993328139511,0.99996884310194,0.99996873310035,1.1313838109354e-05,8.0114013427198e-23,2.3092348084201e-05,2.2679783111245e-05,0.0099963508421033,-2.5904043892681e-06,2.5934603341204e-06,-6.190920106929e-06,-6.5020759673469e-06,-5.6466327970003e-06,0.90003190866362,0.90002683313256,2.5,2.5,-6.3090969588718e-06,-9.9999999999991e-05
0.29125,0,0.60264769154394,0.60264769154394,0.99993891029753,0.99993328910593,0.99996884501208,0.99996873609703,1.1202085643216e-05,7.9322686750067e-23,2.3098718071059e-05,2.2690228209561e-05,0.0099963476360812,-2.5648176330286e-06,2.5678433927815e-06,-6.1948995154994e-06,-6.5029819332041e-06,-5.6446923959028e-06,0.90003190442036,0.90002687902266,2.5,2.5,-6.311909076049e-06,-0.00010000000000001
0.2925,0,0.60264769154394,0.60264769154394,0.99993886240885,0.99993329674059,0.99996884690335,0.99996873906411,1.1091437010257e-05,7.8539176412154e-23,2.310502513823e-05,2.2700570136477e-05,0.0099963444617267,-2.5394836118155e-06,2.5424794846705e-06,-6.1988396174997e-06,-6.5038789503634e-06,-5.6427711611362e-06,0.90003190021902,0.90002692445948,2.5,2.5,-6.3146934165005e-06,-9.9999999999995e-05
0.29375,0,0.60264769154394,0.60264769154394,0.99993881499318,0.99993330429983,0.99996884877594,0.99996874200189,1.0981881307584e-05,7.7763405205482e-23,2.311126990729e-05,2.2710809910885e-05,0.0099963413187269,-2.5143998291863e-06,2.5173661103111e-06,-6.2027408011787e-06,-6.5047671072182e-06,-5.6408689033942e-06,0.90003189605918,0.90002696944751,2.5,2.5,-6.3174502545927e-06,-0.00010000000000001
0.295,0,0.60264769154394,0.60264769154394,0.99993876804587,0.99993331178441,0.99996885063004,0.99996874491065,1.0873407739895e-05,7.6995296687459e-23,2.3117452993554e-05,2.2720948542025e-05,0.0099963382067722,-2.4895638132235e-06,2.4925007949233e-06,-6.2066034509471e-06,-6.5056464912867e-06,-5.6389854352276e-06,0.90003189194043,0.90002701399118,2.5,2.5,-6.3201798619818e-06,-9.9999999999993e-05
0.29625,0,0.60264769154394,0.60264769154394,0.99993872156228,0.99993331919506,0.99996885246582,0.99996874779068,1.0766005618612e-05,7.623477517176e-23,2.3123575006315e-05,2.2730987028711e-05,0.0099963351255558,-2.4649731165275e-06,2.4678810882009e-06,-6.2104279474193e-06,-6.5065171892234e-06,-5.6371205710417e-06,0.90003188786236,0.90002705809487,2.5,2.5,-6.3228825076411e-06,-9.9999999999998e-05
0.2975,0,0.60264769154394,0.60264769154394,0.99993867553783,0.99993332653251,0.99996885428347,0.99996875064225,1.0659664360613e-05,7.5481765716444e-23,2.3129636548843e-05,2.2740926360238e-05,0.0099963320747741,-2.4406253158491e-06,2.4435045640308e-06,-6.2142146674509e-06,-6.5073792868256e-06,-5.6352741270726e-06,0.90003188382458,0.90002710176293,2.5,2.5,-6.3255584578863e-06,-0.00010000000000001
0.29875,0,0.60264769154394,0.60264769154394,0.99993862996798,0.99993333379748,0.99996885608317,0.99996875346567,1.0554373487353e-05,7.4736194118542e-23,2.3135638218382e-05,2.2750767516028e-05,0.0099963290541266,-2.4165180118396e-06,2.4193688202755e-06,-6.2179639841768e-06,-6.5082328690443e-06,-5.6334459213691e-06,0.90003187982667,0.90002714499966,2.5,2.5,-6.3282079764027e-06,-0.0001
0.3,0,0.60264769154394,0.60264769154394,0.99993858484825,0.9999333409907,0.99996885786509,0.99996875626119,1.0450122623796e-05,7.3997986915309e-23,2.3141580606353e-05,2.2760511465719e-05,0.0099963260633156,-2.3926488289733e-06,2.3954714785388e-06,-6.2216762670435e-06,-6.5090780199913e-06,-5.631635773796e-06,0.90003187586826,0.90002718780933,2.5,2.5,-6.3308313242714e-06,-9.9999999999995e-05
0.30125,0,0.60264769154394,0.60264769154394,0.99993854017419,0.99993334811286,0.9999688596294,0.9999687590291,1.0346901497332e-05,7.3267071353966e-23,2.3147464298366e-05,2.2770159169553e-05,0.0099963231020463,-2.3690154150984e-06,2.3718101839429e-06,-6.2253518818529e-06,-6.5099148229478e-06,-5.6298435059707e-06,0.90003187194894,0.90002723019614,2.5,2.5,-6.333428759994e-06,-0.0001
0.3025,0,0.60264769154394,0.60264769154394,0.9999384959414,0.99993335516468,0.9999688613763,0.99996876176967,1.0244699936841e-05,7.2543375424314e-23,2.3153289874079e-05,2.2779711578174e-05,0.009996320170027,-2.3456154412688e-06,2.3483826048069e-06,-6.2289911907886e-06,-6.5107433603691e-06,-5.6280689412875e-06,0.90003186806834,0.90002727216429,2.5,2.5,-6.3360005395189e-06,-9.999999999999e-05
0.30375,0,0.60264769154394,0.60264769154394,0.99993845214552,0.99993336214684,0.99996886310593,0.99996876448318,1.0143507871661e-05,7.1826827803795e-23,2.3159057907699e-05,2.2789169632797e-05,0.0099963172669687,-2.3224466017229e-06,2.3251864325956e-06,-6.23259455246e-06,-6.5115637139028e-06,-5.6263119048854e-06,0.90003186422607,0.9000273137179,2.5,2.5,-6.3385469162663e-06,-0.00010000000000001
0.305,0,0.60264769154394,0.60264769154394,0.99993840878223,0.99993336906003,0.99996886481848,0.99996876716987,1.0043315330586e-05,7.1117357891338e-23,2.3164768967458e-05,2.2798534265556e-05,0.0099963143925855,-2.2995066132672e-06,2.3022193814537e-06,-6.2361623219354e-06,-6.5123759643821e-06,-5.6245722236293e-06,0.90003186042175,0.90002735486107,2.5,2.5,-6.341068141153e-06,-9.9999999999997e-05
0.30625,0,0.60264769154394,0.60264769154394,0.99993836584726,0.99993337590494,0.99996886651412,0.99996876983004,9.9441124408606e-06,7.04148957728e-23,2.3170423616209e-05,2.2807806399034e-05,0.009996311546594,-2.2767932154063e-06,2.2794791882277e-06,-6.2396948507735e-06,-6.5131801918474e-06,-5.6228497260887e-06,0.90003185665501,0.90002739559785,2.5,2.5,-6.3435644626176e-06,-9.9999999999995e-05
0.3075,0,0.60264769154394,0.60264769154394,0.99993832333638,0.99993338268224,0.99996886819301,0.99996877246392,9.8458894273102e-06,6.971937223075e-23,2.317602241107e-05,2.2816986947011e-05,0.0099963087287137,-2.2543041699168e-06,2.2569636120581e-06,-6.2431924870628e-06,-6.5139764755446e-06,-5.6211442425308e-06,0.90003185292547,0.90002743593225,2.5,2.5,-6.3460361266446e-06,-9.9999999999997e-05
0.30875,0,0.60264769154394,0.60264769154394,0.9999382812454,0.99993338939259,0.99996886985531,0.99996877507179,9.748636611244e-06,6.9030718728988e-23,2.3181565903794e-05,2.2826076814097e-05,0.0099963059386672,-2.2320372607595e-06,2.2346704342262e-06,-6.2466555754518e-06,-6.5147648939426e-06,-5.6194556049093e-06,0.90003184923277,0.90002747586826,2.5,2.5,-6.3484833767883e-06,-0.00010000000000001
0.31,0,0.60264769154394,0.60264769154394,0.99993823957018,0.99993339603667,0.99996887150119,0.9999687776539,9.6523444096221e-06,6.8348867404815e-23,2.3187054640634e-05,2.2835076895958e-05,0.0099963031761793,-2.2099902936529e-06,2.2125974579631e-06,-6.250084457187e-06,-6.5155455247282e-06,-5.6177836468139e-06,0.90003184557655,0.9000275154098,2.5,2.5,-6.3509064541979e-06,-0.00010000000000001
0.31125,0,0.60264769154394,0.60264769154394,0.9999381983066,0.99993340261511,0.99996887313082,0.9999687802105,9.5570033340282e-06,6.7673751076363e-23,2.3192489162451e-05,2.2843988079457e-05,0.0099963004409779,-2.1881610960892e-06,2.1907425081494e-06,-6.2534794701428e-06,-6.516318444824e-06,-5.6161282034949e-06,0.90003184195644,0.90002755456078,2.5,2.5,-6.3533055976401e-06,-9.9999999999982e-05
0.3125,0,0.60264769154394,0.60264769154394,0.9999381574506,0.99993340912858,0.99996887474435,0.99996878274186,9.4626039897451e-06,6.7005303214284e-23,2.3197870004737e-05,2.2852811242787e-05,0.0099962977327935,-2.166547517107e-06,2.1691034312338e-06,-6.2568409488581e-06,-6.5170837303939e-06,-5.6144891118402e-06,0.90003183837209,0.90002759332504,2.5,2.5,-6.3556810435236e-06,-9.9999999999999e-05
0.31375,0,0.60264769154394,0.60264769154394,0.99993811699816,0.99993341557771,0.99996887634195,0.9999687852482,9.369137074887e-06,6.6343457949679e-23,2.3203197697657e-05,2.2861547255254e-05,0.0099962950513593,-2.1451474267795e-06,2.1476780948604e-06,-6.2601692245634e-06,-6.5178414568479e-06,-5.6128662103248e-06,0.90003183482315,0.90002763170641,2.5,2.5,-6.3580330259215e-06,-0.00010000000000001
0.315,0,0.60264769154394,0.60264769154394,0.99993807694529,0.99993342196314,0.99996887792376,0.9999687877298,9.2765933794194e-06,6.5688150063809e-23,2.3208472766261e-05,2.2870196977661e-05,0.0099962923964109,-2.1239587163531e-06,2.1264643877749e-06,-6.2634646252228e-06,-6.5185916988503e-06,-5.6112593390258e-06,0.90003183130926,0.90002766970868,2.5,2.5,-6.3603617765949e-06,-9.9999999999992e-05
0.31625,0,0.60264769154394,0.60264769154394,0.99993803728803,0.9999334282855,0.99996887948995,0.99996879018688,9.1849637842798e-06,6.5039314991549e-23,2.3213695730373e-05,2.2878761262442e-05,0.0099962897676867,-2.102979297941e-06,2.1054602195784e-06,-6.2667274755574e-06,-6.5193345303305e-06,-5.6096683396138e-06,0.90003182783007,0.90002770733558,2.5,2.5,-6.3626675250158e-06,-0.00010000000000001
0.3175,0,0.60264769154394,0.60264769154394,0.9999379980225,0.99993343454541,0.99996888104067,0.99996879261969,9.0942392604704e-06,6.439688878973e-23,2.321886710461e-05,2.2887240953389e-05,0.0099962871649279,-2.082207104195e-06,2.0846635205296e-06,-6.2699580970827e-06,-6.5200700244864e-06,-5.6080930553074e-06,0.90003182438526,0.90002774459082,2.5,2.5,-6.3649504983893e-06,-9.999999999999e-05
0.31875,0,0.60264769154394,0.60264769154394,0.99993795914481,0.99993344074348,0.99996888257607,0.99996879502847,9.0044108681885e-06,6.376080815703e-23,2.3223987398534e-05,2.2895636886265e-05,0.0099962845878777,-2.0616400882572e-06,2.0640722413202e-06,-6.273156808138e-06,-6.5207982537915e-06,-5.6065333308878e-06,0.90003182097447,0.90002778147808,2.5,2.5,-6.3672109216767e-06,-9.9999999999996e-05
0.32,0,0.60264769154394,0.60264769154394,0.99993792065113,0.99993344688034,0.9999688840963,0.99996879741345,8.9154697559201e-06,6.3131010415829e-23,2.3229057116723e-05,2.2903949888202e-05,0.0099962820362825,-2.0412762234151e-06,2.0436843528776e-06,-6.2763239239181e-06,-6.5215192900057e-06,-5.6049890126584e-06,0.90003181759737,0.90002781800098,2.5,2.5,-6.3694490176168e-06,-0.00010000000000001
0.32125,0,0.60264769154394,0.60264769154394,0.99993788253768,0.99993345295658,0.99996888560152,0.99996879977488,8.8274071596018e-06,6.2507433507094e-23,2.3234076758742e-05,2.2912180778504e-05,0.0099962795098906,-2.0211135030179e-06,2.0234978461827e-06,-6.2794597565051e-06,-6.522233204178e-06,-5.6034599484395e-06,0.90003181425362,0.90002785416314,2.5,2.5,-6.3716650067483e-06,-9.9999999999988e-05
0.3225,0,0.60264769154394,0.60264769154394,0.99993784480069,0.99993345897279,0.99996888709187,0.99996880211299,8.7402144016924e-06,6.189001597991e-23,2.3239046819234e-05,2.2920330368088e-05,0.0099962770084532,-2.0011499402904e-06,2.0035107321042e-06,-6.2825646148977e-06,-6.5229400666573e-06,-5.6019459875603e-06,0.90003181094291,0.9000278899681,2.5,2.5,-6.3738591074317e-06,-0.0001
0.32375,0,0.60264769154394,0.60264769154394,0.99993780743644,0.99993346492959,0.9999688885675,0.999968804428,8.6538828904032e-06,6.1278697002487e-23,2.3243967787857e-05,2.2928399460029e-05,0.0099962745317237,-1.981383568013e-06,1.9837210410769e-06,-6.2856388050422e-06,-6.5236399470971e-06,-5.6004469808479e-06,0.90003180766489,0.90002792541941,2.5,2.5,-6.3760315358705e-06,-0.00010000000000001
0.325,0,0.60264769154394,0.60264769154394,0.99993777044127,0.99993347082755,0.99996889002856,0.99996880672014,8.5684041187784e-06,6.0673416332465e-23,2.3248840149663e-05,2.2936388849523e-05,0.0099962720794582,-1.961812438369e-06,1.9641268230512e-06,-6.2886826298665e-06,-6.5243329144614e-06,-5.5989627805789e-06,0.90003180441926,0.90002796052054,2.5,2.5,-6.3781825061327e-06,-9.9999999999995e-05
0.32625,0,0.60264769154394,0.60264769154394,0.99993773381151,0.99993347666724,0.99996889147518,0.99996880898964,8.4837696639022e-06,6.00741143239e-23,2.3253664384623e-05,2.2944299323795e-05,0.0099962696514149,-1.9424346228697e-06,1.9447261472144e-06,-6.2916963892994e-06,-6.5250190370352e-06,-5.5974932405064e-06,0.90003180120568,0.90002799527497,2.5,2.5,-6.3803122301716e-06,-0.00010000000000001
0.3275,0,0.60264769154394,0.60264769154394,0.99993769754356,0.99993348244926,0.99996889290752,0.99996881123673,8.3999711860648e-06,5.9480731928648e-23,2.3258440968184e-05,2.2952131662313e-05,0.0099962672473546,-1.9232482120974e-06,1.9255171018683e-06,-6.2946803803144e-06,-6.5256983824289e-06,-5.5960382158349e-06,0.90003179802385,0.90002802968611,2.5,2.5,-6.3824209178474e-06,-9.9999999999991e-05
0.32875,0,0.60264769154394,0.60264769154394,0.99993766163385,0.99993348817417,0.9999688943257,0.99996881346162,8.3170004279064e-06,5.8893210666219e-23,2.3263170370989e-05,2.295988663685e-05,0.0099962648670405,-1.9042513152808e-06,1.9064977941265e-06,-6.2976348969488e-06,-6.5263710175819e-06,-5.5945975631687e-06,0.90003179487344,0.90002806375736,2.5,2.5,-6.3845087769468e-06,-9.9999999999992e-05
0.33,0,0.60264769154394,0.60264769154394,0.99993762607884,0.99993349384252,0.99996889572988,0.99996881566453,8.2348492136326e-06,5.8311492652694e-23,2.3267853059115e-05,2.2967565011572e-05,0.0099962625102379,-1.8854420606574e-06,1.88766634987e-06,-6.3005602303342e-06,-6.5270370087774e-06,-5.5931711405644e-06,0.90003179175416,0.90002809749207,2.5,2.5,-6.3865760132047e-06,-0.00010000000000001
0.33125,0,0.60264769154394,0.60264769154394,0.99993759087502,0.99993349945489,0.99996889712019,0.99996881784569,8.1535094482359e-06,5.7735520563076e-23,2.3272489493981e-05,2.2975167543146e-05,0.0099962601767146,-1.8668185946511e-06,1.8690209134484e-06,-6.3034566687285e-06,-6.5276964216402e-06,-5.5917588074557e-06,0.90003178866568,0.90002813089357,2.5,2.5,-6.388622830323e-06,-0.0001
0.3325,0,0.60264769154394,0.60264769154394,0.99993755601893,0.99993350501182,0.99996889849676,0.9999688200053,8.0729731166327e-06,5.716523763729e-23,2.3277080132371e-05,2.2982694980641e-05,0.0099962578662408,-1.8483790821886e-06,1.8505596475672e-06,-6.3063244975418e-06,-6.5283493211464e-06,-5.5903604246793e-06,0.90003178560771,0.90002816396515,2.5,2.5,-6.3906494299924e-06,-0.0001
0.33375,0,0.60264769154394,0.60264769154394,0.99993752150713,0.99993351051387,0.99996889985974,0.99996882214358,7.9932322828814e-06,5.6600587687052e-23,2.3281625426742e-05,2.2990148065886e-05,0.0099962555785887,-1.8301217062336e-06,1.8322807330829e-06,-6.3091639993648e-06,-6.5289957716338e-06,-5.5889758544335e-06,0.90003178257995,0.90002819671007,2.5,2.5,-6.3926560119109e-06,-0.00010000000000001
0.335,0,0.60264769154394,0.60264769154394,0.99993748733622,0.99993351596156,0.99996890120926,0.99996882426074,7.9142790895099e-06,5.6041515069899e-23,2.3286125824931e-05,2.299752753324e-05,0.0099962533135328,-1.8120446677311e-06,1.8141823687629e-06,-6.3119754539971e-06,-6.5296358368028e-06,-5.5876049602934e-06,0.90003177958209,0.90002822913155,2.5,2.5,-6.394642773804e-06,-9.9999999999984e-05
0.33625,0,0.60264769154394,0.60264769154394,0.99993745350283,0.99993352135545,0.99996890254545,0.99996882635698,7.836105756583e-06,5.5487964694008e-23,2.3290581770391e-05,2.3004834109782e-05,0.0099962510708501,-1.7941461853446e-06,1.7962627712467e-06,-6.3147591384741e-06,-6.5302695797233e-06,-5.5862476071624e-06,0.90003177661384,0.90002826123279,2.5,2.5,-6.3966099114442e-06,-0.00010000000000001
0.3375,0,0.60264769154394,0.60264769154394,0.99993742000364,0.99993352669606,0.99996890386843,0.99996882843252,7.7587045810358e-06,5.4939882018015e-23,2.3294993702259e-05,2.3012068515661e-05,0.0099962488503195,-1.7764244954852e-06,1.778520174764e-06,-6.3175153270974e-06,-6.5308970628428e-06,-5.5849036613052e-06,0.90003177367491,0.90002829301695,2.5,2.5,-6.3985576186705e-06,-9.9999999999993e-05
0.33875,0,0.60264769154394,0.60264769154394,0.99993738683533,0.99993353198392,0.99996890517835,0.99996883048756,7.6820679359035e-06,5.439721303098e-23,2.3299362055222e-05,2.3019231463635e-05,0.0099962466517222,-1.7588778517005e-06,1.760952830957e-06,-6.320244291455e-06,-6.5315183479942e-06,-5.5835729902665e-06,0.90003177076502,0.90002832448717,2.5,2.5,-6.4004860874067e-06,-0.00010000000000001
0.34,0,0.60264769154394,0.60264769154394,0.99993735399464,0.99993353721955,0.99996890647533,0.9999688325223,7.6061882695317e-06,5.3859904261585e-23,2.3303687259785e-05,2.3026323659516e-05,0.0099962444748415,-1.7415045252028e-06,1.7435590087883e-06,-6.3229463004558e-06,-6.5321334963987e-06,-5.5822554629535e-06,0.90003176788386,0.90002835564654,2.5,2.5,-6.4023955076816e-06,-0.0001
0.34125,0,0.60264769154394,0.60264769154394,0.99993732147833,0.99993354240346,0.9999689077595,0.99996883453694,7.5310581048566e-06,5.3327902759661e-23,2.3307969742051e-05,2.3033345802265e-05,0.009996242319463,-1.7243028038106e-06,1.7263369942463e-06,-6.3256216203506e-06,-6.5327425686694e-06,-5.5809509495176e-06,0.90003176503116,0.90002838649814,2.5,2.5,-6.4042860676461e-06,-9.9999999999999e-05
0.3425,0,0.60264769154394,0.60264769154394,0.99993728928321,0.99993354753616,0.99996890903099,0.99996883653168,7.4566700387002e-06,5.2801156107792e-23,2.3312209924127e-05,2.3040298583749e-05,0.0099962401853743,-1.7072709926286e-06,1.7092850903416e-06,-6.3282705147614e-06,-6.5333456248257e-06,-5.57965932142e-06,0.90003176220664,0.900028417045,2.5,2.5,-6.4061579535934e-06,-0.0001
0.34375,0,0.60264769154394,0.60264769154394,0.99993725740609,0.99993355261817,0.99996891028992,0.99996883850672,7.3830167409844e-06,5.2279612399007e-23,2.3316408223744e-05,2.3047182689081e-05,0.009996238072365,-1.6904074133307e-06,1.6924016167713e-06,-6.3308932447052e-06,-6.5339427242904e-06,-5.578380451391e-06,0.90003175941002,0.90002844729013,2.5,2.5,-6.4080113499762e-06,-9.9999999999992e-05
0.345,0,0.60264769154394,0.60264769154394,0.99993722584384,0.99993355764998,0.99996891153641,0.99996884046225,7.3100909540163e-06,5.1763220243709e-23,2.3320565054649e-05,2.3053998796652e-05,0.009996235980227,-1.6737104041376e-06,1.675684909832e-06,-6.3334900686226e-06,-6.5345339259015e-06,-5.5771142134061e-06,0.90003175664103,0.90002847723653,2.5,2.5,-6.4098464394253e-06,-9.9999999999996e-05
0.34625,0,0.60264769154394,0.60264769154394,0.99993719459335,0.99993356263209,0.99996891277059,0.99996884239847,7.2378854918584e-06,5.1251928750185e-23,2.3324680826454e-05,2.3060747578009e-05,0.0099962339087541,-1.6571783198516e-06,1.6591333223583e-06,-6.3360612423981e-06,-6.5351192879157e-06,-5.5758604826921e-06,0.90003175389938,0.90002850688712,2.5,2.5,-6.4116634027677e-06,-0.00010000000000001
0.3475,0,0.60264769154394,0.60264769154394,0.99993716365153,0.99993356756499,0.99996891399258,0.99996884431556,7.1663932394507e-06,5.0745687541744e-23,2.3328755944649e-05,2.3067429698288e-05,0.0099962318577422,-1.6408095313386e-06,1.6427452233025e-06,-6.3386070193939e-06,-6.5356988680116e-06,-5.5746191357122e-06,0.90003175118482,0.90002853624485,2.5,2.5,-6.4134624190439e-06,-9.9999999999988e-05
0.34875,0,0.60264769154394,0.60264769154394,0.99993713301534,0.99993357244917,0.99996891520249,0.99996884621371,7.0956071520791e-06,5.0244446735556e-23,2.3332790810881e-05,2.3074045815925e-05,0.0099962298269892,-1.6246024257112e-06,1.6265189978591e-06,-6.341127650465e-06,-6.5362727233035e-06,-5.5733900501446e-06,0.90003174849706,0.9000285653126,2.5,2.5,-6.4152436655267e-06,-0.0001
0.35,0,0.60264769154394,0.60264769154394,0.99993710268176,0.9999335772851,0.99996891640046,0.99996884809312,7.0255202546302e-06,4.9748156938905e-23,2.3336785822661e-05,2.3080596582739e-05,0.0099962278162949,-1.6085554058739e-06,1.6104530470735e-06,-6.3436233839897e-06,-6.5368409103351e-06,-5.5721731048755e-06,0.90003174583586,0.90002859409323,2.5,2.5,-6.4170073177369e-06,-0.00010000000000001
0.35125,0,0.60264769154394,0.60264769154394,0.9999370726478,0.99993358207326,0.9999689175866,0.99996884995396,6.9561256408129e-06,4.9256769248173e-23,2.3340741373726e-05,2.3087082644425e-05,0.0099962258254613,-1.5926668906018e-06,1.5945457878297e-06,-6.3460944658955e-06,-6.5374034850954e-06,-5.5709681799945e-06,0.90003174320094,0.90002862258958,2.5,2.5,-6.4187535494624e-06,-0.0001
0.3525,0,0.60264769154394,0.60264769154394,0.9999370429105,0.99993358681413,0.99996891876102,0.99996885179642,6.8874164726501e-06,4.8770235240019e-23,2.3344657853805e-05,2.3093504639889e-05,0.0099962238542921,-1.5769353142643e-06,1.5787956526946e-06,-6.3485411396767e-06,-6.5379605030204e-06,-5.5697751567621e-06,0.90003174059205,0.90002865080446,2.5,2.5,-6.420482532774e-06,-9.9999999999998e-05
0.35375,0,0.60264769154394,0.60264769154394,0.99993701346693,0.99993359150817,0.99996891992383,0.99996885362068,6.8193859795852e-06,4.8288506974372e-23,2.3348535648837e-05,2.3099863202156e-05,0.0099962219025932,-1.5613591267087e-06,1.5632010896319e-06,-6.3509636464264e-06,-6.5385120189978e-06,-5.5685939176237e-06,0.90003173800893,0.90002867874065,2.5,2.5,-6.4221944380429e-06,-0.0001
0.355,0,0.60264769154394,0.60264769154394,0.99993698431419,0.99993359615585,0.99996892107517,0.99996885542692,6.7520274580516e-06,4.7811536983485e-23,2.3352375140917e-05,2.3106158957654e-05,0.0099962199701722,-1.5459367930497e-06,1.5477605619779e-06,-6.3533622248534e-06,-6.5390580873733e-06,-5.5674243461773e-06,0.90003173545132,0.90002870640091,2.5,2.5,-6.4238894339579e-06,-0.0001
0.35625,0,0.60264769154394,0.60264769154394,0.9999369554494,0.99993360075761,0.99996892221513,0.99996885721532,6.6853342706475e-06,4.7339278267165e-23,2.3356176708385e-05,2.3112392526827e-05,0.0099962180568387,-1.5306667936245e-06,1.5324725482496e-06,-6.3557371113117e-06,-6.5395987619546e-06,-5.5662663271892e-06,0.90003173291898,0.90002873378794,2.5,2.5,-6.4255676875412e-06,-9.9999999999994e-05
0.3575,0,0.60264769154394,0.60264769154394,0.99993692686973,0.99993360531393,0.99996892334383,0.99996885898606,6.6192998455269e-06,4.6871684288153e-23,2.3359940725816e-05,2.3118564523832e-05,0.0099962161624042,-1.5155476237035e-06,1.517335541992e-06,-6.3580885398144e-06,-6.5401340960195e-06,-5.5651197465339e-06,0.90003173041165,0.90002876090447,2.5,2.5,-6.4272293641652e-06,-9.9999999999998e-05
0.35875,0,0.60264769154394,0.60264769154394,0.99993689857235,0.99993360982524,0.99996892446138,0.9999688607393,6.5539176757654e-06,4.6408708969313e-23,2.3363667564232e-05,2.3124675556967e-05,0.009996214286682,-1.5005777935081e-06,1.5023480516182e-06,-6.3604167420716e-06,-6.5406641423197e-06,-5.5639844912379e-06,0.90003172792908,0.90002878775315,2.5,2.5,-6.428874627569e-06,-0.00010000000000001
0.36,0,0.60264769154394,0.60264769154394,0.99993687055449,0.99993361429198,0.99996892556789,0.99996886247523,6.4891813186971e-06,4.5950306693271e-23,2.3367357590712e-05,2.3130726228233e-05,0.0099962124294872,-1.485755827909e-06,1.4875086002888e-06,-6.3627219474986e-06,-6.541188953084e-06,-5.5628604494309e-06,0.90003172547104,0.90002881433664,2.5,2.5,-6.4305036398742e-06,-9.9999999999999e-05
0.36125,0,0.60264769154394,0.60264769154394,0.99993684281336,0.99993361871461,0.99996892666348,0.99996886419401,6.4250843953402e-06,4.549643228779e-23,2.3371011168941e-05,2.3136717134072e-05,0.0099962105906368,-1.4710802663657e-06,1.4728157257336e-06,-6.3650043832479e-06,-6.5417085800267e-06,-5.5617475103519e-06,0.90003172303728,0.90002884065755,2.5,2.5,-6.4321165616012e-06,-0.0001
0.3625,0,0.60264769154394,0.60264769154394,0.99993681534625,0.99993362309356,0.99996892774824,0.99996886589582,6.3616205896267e-06,4.5047041030415e-23,2.3374628658928e-05,2.3142648864632e-05,0.0099962087699498,-1.4565496628284e-06,1.4582679801652e-06,-6.3672642742257e-06,-6.5422230743519e-06,-5.5606455643415e-06,0.90003172062755,0.90002886671848,2.5,2.5,-6.4337135516849e-06,-9.9999999999992e-05
0.36375,0,0.60264769154394,0.60264769154394,0.99993678815045,0.99993362742925,0.99996892882228,0.99996886758081,6.2987836479883e-06,4.4602088635267e-23,2.3378210417139e-05,2.3148522004535e-05,0.0099962069672465,-1.4421625853657e-06,1.4438639300363e-06,-6.3695018431199e-06,-6.5427324867561e-06,-5.5595545028005e-06,0.90003171824163,0.90002889252199,2.5,2.5,-6.43529476749e-06,-0.0001
0.365,0,0.60264769154394,0.60264769154394,0.99993676122327,0.99993363172211,0.99996892988572,0.99996886924916,6.2365673785744e-06,4.4161531263919e-23,2.3381756796578e-05,2.3154337132448e-05,0.0099962051823495,-1.4279176163951e-06,1.4296021560182e-06,-6.3717173104154e-06,-6.5432368674354e-06,-5.5584742182318e-06,0.90003171587928,0.90002891807063,2.5,2.5,-6.4368603648273e-06,-9.9999999999996e-05
0.36625,0,0.60264769154394,0.60264769154394,0.99993673456207,0.99993363597257,0.99996893093866,0.99996887090104,6.1749656506628e-06,4.3725325497557e-23,2.3385268146556e-05,2.3160094821438e-05,0.0099962034150828,-1.413813352164e-06,1.4154812527392e-06,-6.3739108944199e-06,-6.5437362660933e-06,-5.5574046041741e-06,0.90003171354025,0.90002894336691,2.5,2.5,-6.4384104979682e-06,-0.0001
0.3675,0,0.60264769154394,0.60264769154394,0.99993670816422,0.99993364018105,0.99996893198119,0.99996887253659,6.1139723941414e-06,4.3293428357669e-23,2.338874481315e-05,2.3165795638794e-05,0.0099962016652723,-1.3998484029207e-06,1.4014998287964e-06,-6.3760828112872e-06,-6.5442307319378e-06,-5.5563455552405e-06,0.90003171122434,0.90002896841333,2.5,2.5,-6.4399453196602e-06,-0.0001
0.36875,0,0.60264769154394,0.60264769154394,0.9999366820271,0.99993364434796,0.99996893301343,0.99996887415599,6.0535815988183e-06,4.2865797282462e-23,2.3392187139022e-05,2.3171440146238e-05,0.0099961999327456,-1.3860213925742e-06,1.3876565064843e-06,-6.3782332750357e-06,-6.5447203136919e-06,-5.555296967067e-06,0.9000317089313,0.90002899321235,2.5,2.5,-6.4414649811425e-06,-0.0001
0.37,0,0.60264769154394,0.60264769154394,0.99993665614816,0.99993364847371,0.99996893403547,0.9999688757594,5.9937873138929e-06,4.2442390136741e-23,2.3395595463235e-05,2.317702890015e-05,0.0099961982173319,-1.3723309585705e-06,1.3739499216303e-06,-6.3803624975668e-06,-6.5452050596009e-06,-5.5542587363306e-06,0.9000317066609,0.90002901776643,2.5,2.5,-6.4429696321601e-06,-0.0001
0.37125,0,0.60264769154394,0.60264769154394,0.99993663052484,0.99993365255871,0.99996893504741,0.99996887734696,5.9345836473091e-06,4.2023165197162e-23,2.3398970121762e-05,2.3182562451038e-05,0.0099961965188622,-1.3587757519309e-06,1.3603787236774e-06,-6.3824706886906e-06,-6.5456850174289e-06,-5.5532307607212e-06,0.90003170441294,0.90002904207797,2.5,2.5,-6.444459420979e-06,-9.9999999999988e-05
0.3725,0,0.60264769154394,0.60264769154394,0.99993660515461,0.99993365660336,0.99996893604936,0.99996887891885,5.8759647652786e-06,4.1608081154762e-23,2.3402311447026e-05,2.318804134424e-05,0.0099961948371692,-1.3453544369191e-06,1.3469415753067e-06,-6.3845580561451e-06,-6.5461602344703e-06,-5.5522129389466e-06,0.90003170218717,0.90002906614937,2.5,2.5,-6.4459344944005e-06,-0.0001
0.37375,0,0.60264769154394,0.60264769154394,0.99993658003498,0.99993366060805,0.99996893704141,0.99996888047521,5.817924891537e-06,4.1197097107683e-23,2.3405619768372e-05,2.3193466119706e-05,0.009996193172087,-1.3320656910386e-06,1.3336371524587e-06,-6.386624805618e-06,-6.5466307575537e-06,-5.5512051707143e-06,0.9000316999834,0.90002908998302,2.5,2.5,-6.4473949977762e-06,-0.0001
0.375,0,0.60264769154394,0.60264769154394,0.99993655516346,0.99993366457319,0.99996893802367,0.99996888201619,5.760458306963e-06,4.079017255379e-23,2.3408895411717e-05,2.3198837311861e-05,0.0099961915234518,-1.3189082048429e-06,1.3204641441348e-06,-6.3886711407614e-06,-6.5470966330424e-06,-5.5502073567175e-06,0.90003169780139,0.90002911358124,2.5,2.5,-6.4488410750218e-06,-0.0001
0.37625,0,0.60264769154394,0.60264769154394,0.99993653053762,0.99993366849917,0.99996893899622,0.99996888354196,5.7035593488614e-06,4.0387267404225e-23,2.3412138699921e-05,2.3204155450059e-05,0.0099961898911009,-1.3058806817784e-06,1.3074212522749e-06,-6.3906972632181e-06,-6.5475579068433e-06,-5.5492193986363e-06,0.90003169564093,0.90002913694638,2.5,2.5,-6.4502728686314e-06,-0.0001
0.3775,0,0.60264769154394,0.60264769154394,0.99993650615501,0.99993367238636,0.99996893995916,0.99996888505266,5.6472224105297e-06,3.998834195008e-23,2.3415349952498e-05,2.3209421058309e-05,0.0099961882748736,-1.2929818381318e-06,1.2945071916454e-06,-6.392703372641e-06,-6.5480146244093e-06,-5.5482411991106e-06,0.90003169350182,0.90002916008072,2.5,2.5,-6.4516905196915e-06,-0.0001
0.37875,0,0.60264769154394,0.60264769154394,0.99993648201325,0.99993367623516,0.9999689409126,0.99996888654843,5.591441940607e-06,3.9593356883526e-23,2.3418529485906e-05,2.3214634655517e-05,0.0099961866746106,-1.2802104029305e-06,1.2817206897417e-06,-6.3946896667061e-06,-6.5484668307451e-06,-5.5472726617605e-06,0.90003169138383,0.90002918298656,2.5,2.5,-6.4530941678958e-06,-0.0001
0.38,0,0.60264769154394,0.60264769154394,0.99993645810994,0.99993368004595,0.99996894185661,0.99996888802943,5.5362124425622e-06,3.9202273285123e-23,2.3421677613477e-05,2.3219796755356e-05,0.0099961850901542,-1.2675651176149e-06,1.2690604865799e-06,-6.3966563411413e-06,-6.5489145704106e-06,-5.5463136911398e-06,0.90003168928676,0.90002920566615,2.5,2.5,-6.454483951557e-06,-9.9999999999996e-05
0.38125,0,0.60264769154394,0.60264769154394,0.99993643444274,0.99993368381909,0.9999689427913,0.9999688894958,5.4815284741773e-06,3.8815052619907e-23,2.3424794645382e-05,2.3224907866526e-05,0.0099961835213483,-1.2550447362478e-06,1.2565253346696e-06,-6.3986035897399e-06,-6.5493578875254e-06,-5.5453641927636e-06,0.90003168721041,0.90002922812172,2.5,2.5,-6.4558600076226e-06,-9.9999999999998e-05
0.3825,0,0.60264769154394,0.60264769154394,0.99993641100932,0.99993368755497,0.99996894371676,0.99996889094768,5.4273846469771e-06,3.8431656724402e-23,2.3427880888815e-05,2.3229968492704e-05,0.0099961819680383,-1.2426480249354e-06,1.2441139987653e-06,-6.4005316043791e-06,-6.549796825772e-06,-5.5444240730549e-06,0.90003168515457,0.90002925035549,2.5,2.5,-6.4572224716868e-06,-9.9999999999995e-05
0.38375,0,0.60264769154394,0.60264769154394,0.99993638780735,0.99993369125394,0.99996894463308,0.99996889238523,5.3737756257221e-06,3.8052047827815e-23,2.3430936647816e-05,2.3234979132492e-05,0.0099961804300711,-1.2303737622522e-06,1.2318252559022e-06,-6.4024405750446e-06,-6.5502314284042e-06,-5.5434932393891e-06,0.90003168311903,0.90002927236964,2.5,2.5,-6.4585714780047e-06,-0.0001
0.385,0,0.60264769154394,0.60264769154394,0.99993636483457,0.99993369491637,0.99996894554035,0.99996889380857,5.3206961278572e-06,3.7676188519335e-23,2.3433962223597e-05,2.3239940279639e-05,0.0099961789072952,-1.2182207386899e-06,1.2196578952093e-06,-6.4043306898412e-06,-6.5506617382462e-06,-5.5425716000365e-06,0.9000316811036,0.90002929416635,2.5,2.5,-6.4599071595054e-06,-9.9999999999998e-05
0.38625,0,0.60264769154394,0.60264769154394,0.9999363420887,0.99993369854263,0.99996894643865,0.99996889521786,5.2681409230174e-06,3.7304041761102e-23,2.3436957914201e-05,2.3244852423041e-05,0.0099961773995605,-1.2061877566786e-06,1.2076107176696e-06,-6.4062021350185e-06,-6.5510877977007e-06,-5.5416590641819e-06,0.90003167910807,0.90002931574776,2.5,2.5,-6.4612296478047e-06,-0.00010000000000002
0.3875,0,0.60264769154394,0.60264769154394,0.9999363195675,0.99993370213308,0.99996894732809,0.99996889661322,5.2161048324975e-06,3.6935570885769e-23,2.3439924014867e-05,2.3249716046724e-05,0.0099961759067184,-1.1942736304934e-06,1.1956825361907e-06,-6.408055094987e-06,-6.55150964875e-06,-5.5407555419036e-06,0.90003167713226,0.90002933711601,2.5,2.5,-6.4625390732186e-06,-9.9999999999995e-05
0.38875,0,0.60264769154394,0.60264769154394,0.99993629726875,0.99993370568805,0.99996894820873,0.99996889799481,5.1645827287221e-06,3.657073958357e-23,2.3442860817842e-05,2.3254531629937e-05,0.0099961744286219,-1.18247718617e-06,1.1838721753895e-06,-6.409889752333e-06,-6.5519273329636e-06,-5.5398609441729e-06,0.90003167517596,0.90002935827319,2.5,2.5,-6.4638355647758e-06,-9.9999999999985e-05
0.39,0,0.60264769154394,0.60264769154394,0.99993627519026,0.99993370920792,0.99996894908068,0.99996889936274,5.1135695348225e-06,3.6209511903284e-23,2.3445768612522e-05,2.3259299647226e-05,0.0099961729651254,-1.1707972612958e-06,1.1721784715048e-06,-6.4117062878416e-06,-6.5523408914994e-06,-5.5389751828337e-06,0.90003167323899,0.90002937922139,2.5,2.5,-6.4651192502306e-06,-0.00010000000000001
0.39125,0,0.60264769154394,0.60264769154394,0.99993625332985,0.99993371269301,0.99996894994402,0.99996890071717,5.0630602240032e-06,3.5851852251637e-23,2.3448647685448e-05,2.3264020568411e-05,0.0099961715160845,-1.1592327049509e-06,1.1606002722408e-06,-6.4135048805101e-06,-6.552750365108e-06,-5.5380981706121e-06,0.90003167132115,0.90002939996267,2.5,2.5,-6.4663902560752e-06,-9.9999999999992e-05
0.3925,0,0.60264769154394,0.60264769154394,0.99993623168537,0.99993371614368,0.99996895079882,0.99996890205822,5.0130498191826e-06,3.549772538743e-23,2.3451498320375e-05,2.3268694858604e-05,0.0099961700813565,-1.1477823775889e-06,1.1491364367222e-06,-6.4152857075703e-06,-6.5531557941389e-06,-5.5372298210803e-06,0.90003166942225,0.90002942049909,2.5,2.5,-6.4676487075527e-06,-0.00010000000000001
0.39375,0,0.60264769154394,0.60264769154394,0.99993621025468,0.99993371956027,0.99996895164519,0.99996890338602,4.9635333923947e-06,3.5147096411449e-23,2.3454320798064e-05,2.3273322978523e-05,0.0099961686608001,-1.1364451508501e-06,1.1377858352701e-06,-6.4170489445019e-06,-6.5535572185426e-06,-5.5363700486752e-06,0.90003166754211,0.90002944083265,2.5,2.5,-6.4688947286688e-06,-9.9999999999993e-05
0.395,0,0.60264769154394,0.60264769154394,0.99993618903567,0.99993372294311,0.99996895248319,0.9999689047007,4.9145060643793e-06,3.4799930777304e-23,2.345711539675e-05,2.327790538416e-05,0.0099961672542752,-1.1252199076654e-06,1.1265473494681e-06,-6.4187947650498e-06,-6.553954677875e-06,-5.5355187686765e-06,0.90003166568054,0.90002946096538,2.5,2.5,-6.4701284422045e-06,-0.0001
0.39625,0,0.60264769154394,0.60264769154394,0.99993616802626,0.99993372629253,0.99996895331292,0.9999689060024,4.8659630040556e-06,3.4456194270088e-23,2.3459882391723e-05,2.3282442527055e-05,0.0099961658616433,-1.1141055419037e-06,1.1154198718758e-06,-6.420523341248e-06,-6.5543482112998e-06,-5.5346758972025e-06,0.90003166383736,0.90002948089924,2.5,2.5,-6.4713499697281e-06,-0.00010000000000001
0.3975,0,0.60264769154394,0.60264769154394,0.99993614722436,0.99993372960888,0.99996895413445,0.99996890729124,4.8178994280853e-06,3.4115853024558e-23,2.3462622055798e-05,2.3286934854249e-05,0.009996164482767,-1.1031009583108e-06,1.1044023059983e-06,-6.4222348434247e-06,-6.5547378575957e-06,-5.5338413511979e-06,0.90003166201238,0.90002950063621,2.5,2.5,-6.4725594316068e-06,-9.9999999999986e-05
0.39875,0,0.60264769154394,0.60264769154394,0.99993612662794,0.99993373289246,0.99996895494787,0.99996890856735,4.7703106003462e-06,3.3778873500069e-23,2.3465334658725e-05,2.3291382808525e-05,0.0099961631175107,-1.0922050726008e-06,1.0934935662091e-06,-6.4239294402286e-06,-6.5551236551593e-06,-5.533015048421e-06,0.90003166020543,0.90002952017822,2.5,2.5,-6.4737569470193e-06,-0.0001
0.4,0,0.60264769154394,0.60264769154394,0.99993610623495,0.99993373614361,0.99996895575325,0.99996890983086,4.723191831492e-06,3.3445222495841e-23,2.3468020467939e-05,2.3295786828069e-05,0.0099961617657397,-1.0814168110316e-06,1.0826925775465e-06,-6.4256072986451e-06,-6.5555056420047e-06,-5.5321969074555e-06,0.90003165841633,0.90002953952721,2.5,2.5,-6.4749426339669e-06,-0.00010000000000001
0.40125,0,0.60264769154394,0.60264769154394,0.9999360860434,0.99993373936265,0.99996895655068,0.99996891108189,4.6765384785412e-06,3.3114867126595e-23,2.3470679748062e-05,2.3300147346867e-05,0.0099961604273208,-1.0707351105899e-06,1.0719982757015e-06,-6.4272685840039e-06,-6.5558838557733e-06,-5.5313868476857e-06,0.9000316566449,0.90002955868508,2.5,2.5,-6.476116609285e-06,-9.9999999999996e-05
0.4025,0,0.60264769154394,0.60264769154394,0.99993606605129,0.99993374254989,0.99996895734023,0.99996891232055,4.6303459443325e-06,3.2787774847041e-23,2.347331276112e-05,2.3304464794701e-05,0.0099961591021222,-1.0601589186728e-06,1.0614096068836e-06,-6.4289134600093e-06,-6.5562583337332e-06,-5.5305847892787e-06,0.90003165489097,0.90002957765372,2.5,2.5,-6.4772789886556e-06,-0.0001
0.40375,0,0.60264769154394,0.60264769154394,0.99993604625665,0.99993374570565,0.99996895812198,0.99996891354699,4.584609677128e-06,3.2463913422897e-23,2.3475919766593e-05,2.3308739596881e-05,0.0099961577900132,-1.0496871931852e-06,1.0509255276969e-06,-6.4305420887423e-06,-6.5566291127843e-06,-5.5297906532167e-06,0.90003165315436,0.900029596435,2.5,2.5,-6.4784298866175e-06,-0.0001
0.405,0,0.60264769154394,0.60264769154394,0.99993602665754,0.99993374883024,0.99996895889601,0.99996891476131,4.5393251701532e-06,3.2143250941188e-23,2.347850102131e-05,2.3312972174675e-05,0.0099961564908646,-1.0393189022196e-06,1.0405450050864e-06,-6.4321546306861e-06,-6.5569962294645e-06,-5.5290043612313e-06,0.9000316514349,0.90002961503076,2.5,2.5,-6.4795694165786e-06,-0.00010000000000001
0.40625,0,0.60264769154394,0.60264769154394,0.99993600725201,0.99993375192397,0.9999689596624,0.99996891596363,4.4944879611359e-06,3.1825755806226e-23,2.3481056779724e-05,2.3317162945103e-05,0.0099961552045483,-1.0290530241094e-06,1.0302670161294e-06,-6.4337512447388e-06,-6.557359719947e-06,-5.5282258358542e-06,0.90003164973243,0.90002963344285,2.5,2.5,-6.4806976908262e-06,-9.9999999999989e-05
0.4075,0,0.60264769154394,0.60264769154394,0.99993598803816,0.99993375498713,0.99996896042121,0.99996891715408,4.4500936318957e-06,3.1511396730173e-23,2.3483587293574e-05,2.3321312321196e-05,0.0099961539309376,-1.0188885472536e-06,1.020090548074e-06,-6.4353320882268e-06,-6.5577196200502e-06,-5.5274550003607e-06,0.90003164804678,0.90002965167307,2.5,2.5,-6.481814820539e-06,-0.00010000000000001
0.40875,0,0.60264769154394,0.60264769154394,0.9999359690141,0.99993375802004,0.99996896117253,0.99996891833277,4.4061378078764e-06,3.1200142737064e-23,2.3486092812273e-05,2.3325420711825e-05,0.009996152669907,-1.0088244700684e-06,1.0100145981094e-06,-6.4368973169248e-06,-6.5580759652384e-06,-5.5266917788009e-06,0.90003164637777,0.90002966972323,2.5,2.5,-6.4829209157968e-06,-9.9999999999989e-05
0.41,0,0.60264769154394,0.60264769154394,0.99993595017795,0.999933761023,0.99996896191643,0.99996891949982,4.362616157756e-06,3.0891963158573e-23,2.3488573582772e-05,2.3329488521859e-05,0.0099961514213322,-9.988598008785e-07,1.0000381734263e-06,-6.4384470850679e-06,-6.5584287906249e-06,-5.525936095967e-06,0.90003164472526,0.90002968759509,2.5,2.5,-6.4840160855927e-06,-0.00010000000000001
0.41125,0,0.60264769154394,0.60264769154394,0.99993593152785,0.99993376399629,0.99996896265298,0.99996892065534,4.3195243929704e-06,3.0586827625245e-23,2.3491029849338e-05,2.3333516151979e-05,0.0099961501850903,-9.8899355775815e-07,9.9016029092398e-07,-6.4399815453685e-06,-6.5587781309768e-06,-5.5251878773958e-06,0.90003164308906,0.90002970529042,2.5,2.5,-6.4851004378431e-06,-9.9999999999995e-05
0.4125,0,0.60264769154394,0.60264769154394,0.99993591306197,0.99993376694021,0.99996896338226,0.99996892179945,4.2768582673129e-06,3.0284706064919e-23,2.3493461854172e-05,2.3337503999222e-05,0.0099961489610593,-9.7922476849343e-07,9.8037997725222e-07,-6.4415008490286e-06,-6.5591240207177e-06,-5.5244470493528e-06,0.90003164146902,0.90002972281097,2.5,2.5,-6.4861740793981e-06,-9.9999999999998e-05
0.41375,0,0.60264769154394,0.60264769154394,0.99993589477848,0.99993376985506,0.99996896410433,0.99996892293226,4.2346135765505e-06,2.9985568720314e-23,2.3495869836846e-05,2.3341452456479e-05,0.0099961477491187,-9.6955247054405e-07,9.7069626870243e-07,-6.4430051457581e-06,-6.5594664939309e-06,-5.5237135388501e-06,0.90003163986499,0.90002974015847,2.5,2.5,-6.4872371160529e-06,-9.9999999999996e-05
0.415,0,0.60264769154394,0.60264769154394,0.99993587667559,0.99993377274111,0.99996896481927,0.99996892405387,4.1927861579508e-06,2.9689386101903e-23,2.3498254034689e-05,2.3345361912831e-05,0.0099961465491491,-9.5997571069439e-07,9.6110821100587e-07,-6.4444945837897e-06,-6.5598055843613e-06,-5.5229872735936e-06,0.9000316382768,0.90002975733461,2.5,2.5,-6.4882896525572e-06,-0.00010000000000001
0.41625,0,0.60264769154394,0.60264769154394,0.99993585875151,0.99993377559866,0.99996896552714,0.99996892516441,4.1513718899054e-06,2.9396129028408e-23,2.3500614682576e-05,2.3349232753455e-05,0.0099961453610322,-9.5049354540183e-07,9.5161485942242e-07,-6.4459693098888e-06,-6.5601413254264e-06,-5.5222681820308e-06,0.9000316367043,0.90002977434109,2.5,2.5,-6.4893317926265e-06,-0.0001
0.4175,0,0.60264769154394,0.60264769154394,0.99993584100448,0.99993377842798,0.99996896622803,0.99996892626398,4.1103666915139e-06,2.9105768604001e-23,2.3502952013154e-05,2.3353065359891e-05,0.0099961441846509,-9.4110504025859e-07,9.4221527848775e-07,-6.4474294693717e-06,-6.5604737502068e-06,-5.5215561932995e-06,0.90003163514733,0.9000297911796,2.5,2.5,-6.4903636389517e-06,-0.0001
0.41875,0,0.60264769154394,0.60264769154394,0.99993582343274,0.99993378122935,0.99996896692199,0.99996892735269,4.0697665221842e-06,2.8818276214625e-23,2.3505266256742e-05,2.3356860109708e-05,0.0099961430198893,-9.3180927007948e-07,9.329085419357e-07,-6.448875206123e-06,-6.5608028914593e-06,-5.5208512372381e-06,0.90003163360574,0.90002980785178,2.5,2.5,-6.4913852932091e-06,-9.9999999999995e-05
0.42,0,0.60264769154394,0.60264769154394,0.99993580603457,0.99993378400305,0.9999689676091,0.99996892843064,4.0295673812663e-06,2.8533623538332e-23,2.3507557641354e-05,2.3360617376849e-05,0.0099961418666326,-9.2260531894553e-07,9.2369373273619e-07,-6.4503066626006e-06,-6.5611287816172e-06,-5.520153244384e-06,0.90003163207938,0.90002982435928,2.5,2.5,-6.492396856071e-06,-0.0001
0.42125,0,0.60264769154394,0.60264769154394,0.99993578880825,0.99993378674936,0.99996896828942,0.99996892949795,3.989765307555e-06,2.8251782514875e-23,2.3509826392812e-05,2.3364337531566e-05,0.0099961407247673,-9.1349227989022e-07,9.1456994286734e-07,-6.4517239798579e-06,-6.5614514527932e-06,-5.519462145959e-06,0.90003163056809,0.90002984070373,2.5,2.5,-6.4933984272153e-06,-9.9999999999999e-05
0.4225,0,0.60264769154394,0.60264769154394,0.99993577175208,0.99993378946854,0.99996896896302,0.99996893055471,3.9503563790679e-06,2.797272537972e-23,2.3512072734719e-05,2.3368020940489e-05,0.0099961395941807,-9.0446925492914e-07,9.0553627328353e-07,-6.4531272975582e-06,-6.5617709367835e-06,-5.5187778738624e-06,0.90003162907173,0.90002985688674,2.5,2.5,-6.4943901053352e-06,-0.00010000000000001
0.42375,0,0.60264769154394,0.60264769154394,0.99993575486439,0.99993379216086,0.99996896962997,0.99996893160104,3.9113367124688e-06,2.7696424632419e-23,2.3514296888341e-05,2.3371667966443e-05,0.0099961384747615,-8.9553535495229e-07,8.965918338163e-07,-6.4545167539809e-06,-6.5620872650681e-06,-5.5181003606709e-06,0.90003162759016,0.9000298729099,2.5,2.5,-6.4953719881491e-06,-9.999999999999e-05
0.425,0,0.60264769154394,0.60264769154394,0.9999357381435,0.99993379482659,0.99996897029033,0.99996893263703,3.8727024628452e-06,2.7422853047816e-23,2.3516499072834e-05,2.3375278968917e-05,0.0099961373663994,-8.866896995976e-07,8.8773574310477e-07,-6.4558924860383e-06,-6.5624004688188e-06,-5.5174295396132e-06,0.90003162612321,0.9000298887748,2.5,2.5,-6.49634417241e-06,-0.0001
0.42625,0,0.60264769154394,0.60264769154394,0.99993572158777,0.99993379746598,0.99996897094417,0.99996893366279,3.8344498232342e-06,2.7151983668779e-23,2.3518679505254e-05,2.3378854303661e-05,0.0099961362689851,-8.7793141727328e-07,8.7896712847105e-07,-6.4572546292961e-06,-6.5627105788976e-06,-5.5167653445964e-06,0.90003162467076,0.90002990448299,2.5,2.5,-6.4973067539157e-06,-9.9999999999999e-05
0.4275,0,0.60264769154394,0.60264769154394,0.99993570519557,0.99993380007931,0.99996897159155,0.99996893467841,3.7965750242604e-06,2.6883789804111e-23,2.3520838400492e-05,2.3382394323073e-05,0.0099961351824106,-8.6925964492244e-07,8.702851258755e-07,-6.4586033179761e-06,-6.5630176258619e-06,-5.5161077101693e-06,0.90003162323265,0.90002992003602,2.5,2.5,-6.4982598275173e-06,-0.0001
0.42875,0,0.60264769154394,0.60264769154394,0.99993568896529,0.99993380266682,0.99996897223253,0.99996893568401,3.7590743338384e-06,2.6618245022149e-23,2.3522975971178e-05,2.3385899375924e-05,0.0099961341065687,-8.6067352806484e-07,8.616888798194e-07,-6.4599386849759e-06,-6.5633216399702e-06,-5.5154565715344e-06,0.90003162180875,0.90002993543542,2.5,2.5,-6.4992034871292e-06,-0.0001
0.43,0,0.60264769154394,0.60264769154394,0.99993567289532,0.99993380522878,0.99996897286718,0.99996893667967,3.7219440566863e-06,2.6355323162581e-23,2.3525092427993e-05,2.3389369807548e-05,0.0099961330413534,-8.5217222058885e-07,8.5317754322147e-07,-6.461260861882e-06,-6.5636226511755e-06,-5.5148118645168e-06,0.90003162039891,0.90002995068272,2.5,2.5,-6.5001378257383e-06,-9.9999999999994e-05
0.43125,0,0.60264769154394,0.60264769154394,0.99993565698408,0.99993380776542,0.99996897349557,0.9999689376655,3.6851805340407e-06,2.609499831317e-23,2.3527187979528e-05,2.3392805960004e-05,0.0099961319866598,-8.4375488486982e-07,8.4475027740504e-07,-6.4625699789781e-06,-6.5639206891415e-06,-5.5141735256012e-06,0.900031619003,0.90002996577942,2.5,2.5,-6.5010629354125e-06,-9.9999999999997e-05
0.4325,0,0.60264769154394,0.60264769154394,0.99993564123001,0.99993381027702,0.99996897411775,0.99996893864158,3.6487801432987e-06,2.583724482704e-23,2.3529262832208e-05,2.3396208171794e-05,0.0099961309423839,-8.3542069138501e-07,8.3640625193105e-07,-6.4638661652614e-06,-6.5642157832362e-06,-5.5135414918815e-06,0.90003161762087,0.90002998072699,2.5,2.5,-6.501978907311e-06,-0.00010000000000001
0.43375,0,0.60264769154394,0.60264769154394,0.99993562563155,0.9999338127638,0.99996897473378,0.99996893960803,3.6127392976075e-06,2.5582037298132e-23,2.3531317190519e-05,2.339957677829e-05,0.0099961299084229,-8.2716881897763e-07,8.2814464463613e-07,-6.4651495484601e-06,-6.564507962537e-06,-5.512915701079e-06,0.9000316162524,0.90002999552693,2.5,2.5,-6.502885831692e-06,-9.9999999999994e-05
0.435,0,0.60264769154394,0.60264769154394,0.99993561018716,0.99993381522602,0.99996897534373,0.99996894056493,3.577054445565e-06,2.5329350587558e-23,2.3533351256937e-05,2.3402912111325e-05,0.0099961288846748,-8.1899845447379e-07,8.1996464141165e-07,-6.4664202550329e-06,-6.564797255835e-06,-5.5122960915286e-06,0.90003161489744,0.90003001018067,2.5,2.5,-6.5037837979226e-06,-9.9999999999997e-05
0.43625,0,0.60264769154394,0.60264769154394,0.99993559489532,0.99993381766392,0.99996897594765,0.99996894151238,3.5417220708419e-06,2.5079159788736e-23,2.3535365231852e-05,2.3406214499547e-05,0.0099961278710388,-8.1090879277857e-07,8.1186543621069e-07,-6.4676784101951e-06,-6.5650836916372e-06,-5.5116826021723e-06,0.90003161355587,0.90003002468968,2.5,2.5,-6.5046728944868e-06,-9.9999999999999e-05
0.4375,0,0.60264769154394,0.60264769154394,0.99993557975453,0.99993382007775,0.9999689765456,0.99996894245048,3.5067386918451e-06,2.4831440251454e-23,2.3537359313658e-05,2.3409484268496e-05,0.0099961268674151,-8.0289903677784e-07,8.0384623094225e-07,-6.4689241379228e-06,-6.5653672981683e-06,-5.5110751725631e-06,0.90003161222755,0.90003003905537,2.5,2.5,-6.5055532089949e-06,-9.9999999999995e-05
0.43875,0,0.60264769154394,0.60264769154394,0.99993556476329,0.99993382246772,0.99996897713766,0.9999689433793,3.4721008613651e-06,2.4586167564746e-23,2.3539333698955e-05,2.3412721740218e-05,0.0099961258737045,-7.9496839715914e-07,7.9590623542226e-07,-6.4701575609679e-06,-6.5656481033739e-06,-5.51047374284e-06,0.90003161091235,0.90003005327917,2.5,2.5,-6.5064248281916e-06,-0.0001
0.44,0,0.60264769154394,0.60264769154394,0.99993554992013,0.99993382483409,0.99996897772386,0.99996894429895,3.4378051662439e-06,2.4343317562539e-23,2.3541288582255e-05,2.3415927233817e-05,0.0099961248898094,-7.8711609249993e-07,7.8804466725839e-07,-6.4713788008706e-06,-6.5659261349245e-06,-5.5098782537445e-06,0.90003160961014,0.90003006736247,2.5,2.5,-6.507287837965e-06,-0.00010000000000001
0.44125,0,0.60264769154394,0.60264769154394,0.99993553522358,0.99993382717709,0.99996897830427,0.99996894520952,3.4038482270429e-06,2.410286630937e-23,2.3543224156164e-05,2.3419101065144e-05,0.0099961239156327,-7.7934134902575e-07,7.8026075178597e-07,-6.4725879779683e-06,-6.5662014202176e-06,-5.5092886465927e-06,0.9000316083208,0.90003008130666,2.5,2.5,-6.5081423233546e-06,-9.9999999999997e-05
0.4425,0,0.60264769154394,0.60264769154394,0.99993552067219,0.99993382949695,0.99996897887895,0.99996894611109,3.3702266976761e-06,2.386479011955e-23,2.3545140611442e-05,2.3422243546916e-05,0.0099961229510785,-7.7164340062025e-07,7.72553721954e-07,-6.4737852114142e-06,-6.5664739863788e-06,-5.5087048632962e-06,0.90003160704419,0.90003009511312,2.5,2.5,-6.5089883685602e-06,-9.9999999999997e-05
0.44375,0,0.60264769154394,0.60264769154394,0.99993550626454,0.99993383179389,0.99996897944795,0.99996894700376,3.3369372651626e-06,2.3629065524708e-23,2.3547038136918e-05,2.3425354988768e-05,0.0099961219960516,-7.6402148871588e-07,7.6492281836467e-07,-6.4749706191791e-06,-6.5667438602653e-06,-5.5081268463166e-06,0.90003160578019,0.90003010878321,2.5,2.5,-6.5098260569497e-06,-0.0001
0.445,0,0.60264769154394,0.60264769154394,0.9999354919992,0.99993383406814,0.99996898001134,0.99996894788761,3.3039766491788e-06,2.3395669301226e-23,2.3548916919599e-05,2.3428435697416e-05,0.0099961210504581,-7.5647486231198e-07,7.5736728906463e-07,-6.4761443180733e-06,-6.5670110684723e-06,-5.5075545387033e-06,0.90003160452867,0.90003012231827,2.5,2.5,-6.5106554710675e-06,-0.00010000000000001
0.44625,0,0.60264769154394,0.60264769154394,0.99993547787476,0.99993383631992,0.99996898056915,0.99996894876273,3.271341601882e-06,2.3164578451196e-23,2.3550777144518e-05,2.3431485976316e-05,0.0099961201142046,-7.4900277775067e-07,7.4988638956493e-07,-6.4773064237492e-06,-6.5672756373277e-06,-5.5069878840622e-06,0.90003160328952,0.90003013571964,2.5,2.5,-6.5114766926428e-06,-9.9999999999995e-05
0.4475,0,0.60264769154394,0.60264769154394,0.99993546388984,0.99993383854947,0.99996898112146,0.99996894962921,3.2390289074327e-06,2.2935770200293e-23,2.3552618995143e-05,2.3434506126105e-05,0.009996119187199,-7.4160449876437e-07,7.4247938267163e-07,-6.4784570507216e-06,-6.5675375929038e-06,-5.5064268265582e-06,0.9000316020626,0.90003014898864,2.5,2.5,-6.5122898025977e-06,-0.0001
0.44875,0,0.60264769154394,0.60264769154394,0.99993545004306,0.99993384075699,0.99996898166831,0.99996895048713,3.2070353818047e-06,2.270922200511e-23,2.3554442652845e-05,2.343749644431e-05,0.0099961182693498,-7.3427929627064e-07,7.3514553853534e-07,-6.4795963123689e-06,-6.5677969610108e-06,-5.5058713108971e-06,0.90003160084781,0.90003016212657,2.5,2.5,-6.5130948810544e-06,-0.0001
0.45,0,0.60264769154394,0.60264769154394,0.99993543633304,0.99993384294271,0.99996898220977,0.99996895133657,3.1753578723963e-06,2.2484911541411e-23,2.3556248297376e-05,2.3440457225639e-05,0.0099961173605668,-7.2702644853443e-07,7.2788413447917e-07,-6.4807243209527e-06,-6.5680537672086e-06,-5.5053212823474e-06,0.90003159964501,0.90003017513473,2.5,2.5,-6.5138920073445e-06,-9.9999999999999e-05
0.45125,0,0.60264769154394,0.60264769154394,0.99993542275845,0.99993384510684,0.99996898274587,0.99996895217762,3.1439932577506e-06,2.2262816708375e-23,2.3558036106606e-05,2.3443388761773e-05,0.0099961164607602,-7.1984524084902e-07,7.2069445498163e-07,-6.4818411876259e-06,-6.5683080368024e-06,-5.5047766867095e-06,0.90003159845409,0.90003018801441,2.5,2.5,-6.5146812600151e-06,-0.0001
0.4525,0,0.60264769154394,0.60264769154394,0.99993540931794,0.99993384724959,0.99996898327668,0.99996895301037,3.112938447262e-06,2.2042915612992e-23,2.3559806256756e-05,2.3446291341713e-05,0.0099961155698415,-7.1273496555488e-07,7.1357579158862e-07,-6.4829470224425e-06,-6.568559794846e-06,-5.5042374703156e-06,0.90003159727494,0.90003020076686,2.5,2.5,-6.5154627168382e-06,-0.0001
0.45375,0,0.60264769154394,0.60264769154394,0.99993539601019,0.99993384937118,0.99996898380224,0.99996895383489,3.0821903808439e-06,2.182518659445e-23,2.3561558922273e-05,2.3449165251406e-05,0.0099961146877229,-7.0569492206432e-07,7.0652744282782e-07,-6.484041934369e-06,-6.5688090661491e-06,-5.5037035800358e-06,0.90003159610744,0.90003021339336,2.5,2.5,-6.5162364548174e-06,-9.9999999999989e-05
0.455,0,0.60264769154394,0.60264769154394,0.99993538283389,0.99993385147181,0.99996898432261,0.99996895465126,3.0517460285993e-06,2.1609608195058e-23,2.3563294275779e-05,2.3452010774002e-05,0.0099961138143174,-6.9872441665357e-07,6.9954871418216e-07,-6.4851260312988e-06,-6.5690558752729e-06,-5.5031749632608e-06,0.90003159495146,0.90003022589513,2.5,2.5,-6.5170025501954e-06,-0.0001
0.45625,0,0.60264769154394,0.60264769154394,0.99993536978773,0.9999338535517,0.99996898483785,0.99996895545958,3.0216023906293e-06,2.13961591726e-23,2.3565012488324e-05,2.3454828190003e-05,0.0099961129495389,-6.9182276240445e-07,6.9263891794219e-07,-6.4861994200535e-06,-6.5693002465382e-06,-5.5026515678988e-06,0.90003159380691,0.90003023827342,2.5,2.5,-6.5177610784623e-06,-0.00010000000000001
0.4575,0,0.60264769154394,0.60264769154394,0.99993535687044,0.99993385561104,0.99996898534799,0.9999689562599,2.9917564965913e-06,2.1184818495981e-23,2.3566713729264e-05,2.3457617776858e-05,0.0099961120933023,-6.8498927931735e-07,6.8579737326411e-07,-6.4872622064061e-06,-6.569542204025e-06,-5.5021333423805e-06,0.90003159267366,0.90003025052945,2.5,2.5,-6.518512114362e-06,-9.9999999999988e-05
0.45875,0,0.60264769154394,0.60264769154394,0.99993534408074,0.99993385765003,0.9999689858531,0.99996895705233,2.9622054055414e-06,2.0975565334118e-23,2.3568398166117e-05,2.3460379809671e-05,0.0099961112455232,-6.7822329398112e-07,6.790234059802e-07,-6.4883144950797e-06,-6.5697817715756e-06,-5.5016202356324e-06,0.9000315915516,0.90003026266441,2.5,2.5,-6.5192557319005e-06,-0.00010000000000001
0.46,0,0.60264769154394,0.60264769154394,0.99993533141737,0.99993385966889,0.99996898635321,0.99996895783692,2.9329462055511e-06,2.0768379074908e-23,2.3570065964999e-05,2.34631145604e-05,0.009996110406118,-6.7152413971976e-07,6.7231634860886e-07,-6.4893563897672e-06,-6.5700189727959e-06,-5.5011121971048e-06,0.90003159044063,0.90003027467952,2.5,2.5,-6.5199920043528e-06,-9.9999999999999e-05
0.46125,0,0.60264769154394,0.60264769154394,0.99993531887908,0.99993386166781,0.99996898684839,0.99996895861377,2.9039760134623e-06,2.0563239296143e-23,2.3571717290147e-05,2.3465822298607e-05,0.0099961095750041,-6.6489115638219e-07,6.6567554022736e-07,-6.490387993134e-06,-6.570253831061e-06,-5.5006091767243e-06,0.90003158934063,0.90003028657594,2.5,2.5,-6.5207210042699e-06,-9.9999999999993e-05
0.4625,0,0.60264769154394,0.60264769154394,0.99993530646464,0.99993386364698,0.99996898733867,0.99996895938294,2.8752919746113e-06,2.0360125791086e-23,2.357335230433e-05,2.3468503291196e-05,0.0099961087520995,-6.5832369038358e-07,6.5910032645577e-07,-6.4914094068316e-06,-6.5704863695118e-06,-5.5001111249383e-06,0.9000315882515,0.90003029835486,2.5,2.5,-6.5214428034864e-06,-0.0001
0.46375,0,0.60264769154394,0.60264769154394,0.99993529417283,0.9999338656066,0.99996898782412,0.99996896014452,2.8468912625099e-06,2.0159018535715e-23,2.3574971168677e-05,2.3471157802192e-05,0.0099961079373231,-6.5182109453116e-07,6.5259005939438e-07,-6.4924207315114e-06,-6.5707166110624e-06,-5.499617992655e-06,0.90003158717312,0.90003031001743,2.5,2.5,-6.5221574731271e-06,-0.00010000000000001
0.465,0,0.60264769154394,0.60264769154394,0.99993528200242,0.99993386754687,0.99996898830476,0.99996896089857,2.8187710786019e-06,1.9959897720633e-23,2.3576574042676e-05,2.3473786093291e-05,0.0099961071305947,-6.4538272813276e-07,6.4614409753109e-07,-6.4934220668261e-06,-6.5709445784014e-06,-5.4991297312932e-06,0.9000315861054,0.9000303215648,2.5,2.5,-6.5228650836146e-06,-9.9999999999995e-05
0.46625,0,0.60264769154394,0.60264769154394,0.99993526995223,0.99993386946797,0.99996898878066,0.99996896164517,2.7909286519483e-06,1.9762743722756e-23,2.3578161084239e-05,2.3476388423365e-05,0.0099961063318347,-6.3900795672728e-07,6.3976180570605e-07,-6.4944135114456e-06,-6.5711702939907e-06,-5.4986462927302e-06,0.90003158504822,0.90003033299812,2.5,2.5,-6.5235657046756e-06,-0.00010000000000001
0.4675,0,0.60264769154394,0.60264769154394,0.99993525802107,0.9999338713701,0.99996898925186,0.9999689623844,2.7633612390193e-06,1.9567537114937e-23,2.3579732449837e-05,2.3478965049027e-05,0.0099961055409645,-6.3269615217062e-07,6.3344255499155e-07,-6.4953951630659e-06,-6.5713937800747e-06,-5.49816762934e-06,0.90003158400148,0.9000303443185,2.5,2.5,-6.5242594053485e-06,-9.9999999999998e-05
0.46875,0,0.60264769154394,0.60264769154394,0.99993524620775,0.99993387325343,0.99996898971841,0.99996896311633,2.7360661233733e-06,1.9374258660784e-23,2.3581288294234e-05,2.3481516223952e-05,0.0099961047579062,-6.2644669247813e-07,6.2718572270596e-07,-6.4963671184163e-06,-6.571615058673e-06,-5.4976936939445e-06,0.90003158296509,0.90003035552706,2.5,2.5,-6.524946253989e-06,-9.9999999999989e-05
0.47,0,0.60264769154394,0.60264769154394,0.99993523451112,0.99993387511817,0.99996899018034,0.99996896384103,2.7090406153725e-06,1.9182889315433e-23,2.3582828770751e-05,2.3484042199639e-05,0.0099961039825825,-6.2025896188235e-07,6.2099069232374e-07,-6.4973294732721e-06,-6.5718341515902e-06,-5.4972244398539e-06,0.90003158193893,0.90003036662492,2.5,2.5,-6.5256263182785e-06,-0.00010000000000002
0.47125,0,0.60264769154394,0.60264769154394,0.99993522293003,0.99993387696448,0.99996899063772,0.99996896455857,2.6822820519582e-06,1.8993410221656e-23,2.3584354031264e-05,2.3486543225014e-05,0.009996103214917,-6.1413235058021e-07,6.1485685338339e-07,-6.4982823224629e-06,-6.572051080416e-06,-5.4967598208151e-06,0.9000315809229,0.90003037761315,2.5,2.5,-6.5262996652291e-06,-9.9999999999998e-05
0.4725,0,0.60264769154394,0.60264769154394,0.99993521146332,0.99993387879256,0.99996899109057,0.99996896526902,2.6557877964157e-06,1.8805802709095e-23,2.3585864225945e-05,2.3489019546509e-05,0.0099961024548342,-6.0806625501202e-07,6.0878360149092e-07,-6.4992257598814e-06,-6.572265866527e-06,-5.4962997910648e-06,0.90003157991692,0.90003038849285,2.5,2.5,-6.5269663611916e-06,-9.9999999999997e-05
0.47375,0,0.60264769154394,0.60264769154394,0.99993520010988,0.99993388060259,0.99996899153895,0.99996896597246,2.6295552380324e-06,1.8620048290577e-23,2.3587359503718e-05,2.3491471408123e-05,0.0099961017022591,-6.0206007721657e-07,6.0277033813355e-07,-6.5001598784908e-06,-6.5724785310867e-06,-5.4958443052495e-06,0.90003157892086,0.90003039926509,2.5,2.5,-6.5276264718612e-06,-9.9999999999991e-05
0.475,0,0.60264769154394,0.60264769154394,0.99993518886859,0.99993388239473,0.99996899198291,0.99996896666894,2.6035817918865e-06,1.8436128662949e-23,2.3588840011882e-05,2.3493899051458e-05,0.0099961009571176,-5.9611322554868e-07,5.9681647084478e-07,-6.5010847703391e-06,-6.5726890950502e-06,-5.4953933185055e-06,0.90003157793465,0.90003040993092,2.5,2.5,-6.528280062284e-06,-9.9999999999996e-05
0.47625,0,0.60264769154394,0.60264769154394,0.99993517773833,0.99993388416917,0.99996899242248,0.99996896735855,2.5778648985945e-06,1.8254025700111e-23,2.3590305896275e-05,2.3496302715699e-05,0.0099961002193362,-5.9022511393456e-07,5.9092141292565e-07,-6.5020005265627e-06,-6.5728975791681e-06,-5.4949467863835e-06,0.90003157695818,0.9000304204914,2.5,2.5,-6.5289271968638e-06,-0.00010000000000002
0.4775,0,0.60264769154394,0.60264769154394,0.999935166718,0.99993388592609,0.9999689928577,0.99996896804135,2.5524020240425e-06,1.8073721464408e-23,2.3591757301389e-05,2.349868263779e-05,0.0099960994888422,-5.8439516216438e-07,5.8508458345591e-07,-6.5029072373988e-06,-6.5731040039819e-06,-5.4945046648852e-06,0.90003157599135,0.90003043094757,2.5,2.5,-6.5295679393684e-06,-9.9999999999994e-05
0.47875,0,0.60264769154394,0.60264769154394,0.99993515580654,0.99993388766565,0.99996899328863,0.9999689687174,2.5271906591739e-06,1.7895198182705e-23,2.3593194370255e-05,2.3501039052139e-05,0.0099960987655637,-5.786227957691e-07,5.7930540730268e-07,-6.5038049921947e-06,-6.5733083898343e-06,-5.4940669104426e-06,0.90003157503408,0.90003044130046,2.5,2.5,-6.5302023529352e-06,-9.9999999999991e-05
0.48,0,0.60264769154394,0.60264769154394,0.99993514500285,0.99993388938802,0.9999689937153,0.99996896938677,2.5022283197069e-06,1.771843826381e-23,2.3594617244477e-05,2.3503372190997e-05,0.0099960980494294,-5.7290744594968e-07,5.7358331498261e-07,-6.5046938794124e-06,-6.5735107568635e-06,-5.4936334799239e-06,0.90003157408626,0.90003045155108,2.5,2.5,-6.5308305000787e-06,-0.00010000000000001
0.48125,0,0.60264769154394,0.60264769154394,0.99993513430587,0.99993389109339,0.99996899413776,0.99996897004954,2.477512545879e-06,1.7543424294148e-23,2.3596026064279e-05,2.3505682284301e-05,0.0099960973403687,-5.6724854955304e-07,5.6791774268314e-07,-6.5055739866422e-06,-6.5737111250122e-06,-5.4932043306157e-06,0.9000315731478,0.90003046170046,2.5,2.5,-6.5314524426955e-06,-9.9999999999999e-05
0.4825,0,0.60264769154394,0.60264769154394,0.99993512371455,0.99993389278191,0.99996899455604,0.99996897070575,2.4530409022594e-06,1.7370139024627e-23,2.3597420968387e-05,2.3507969559594e-05,0.0099960966383118,-5.6164554890287e-07,5.6230813208732e-07,-6.506445400607e-06,-6.5739095140229e-06,-5.4927794202301e-06,0.90003157221861,0.90003047174959,2.5,2.5,-6.5320682420705e-06,-0.0001
0.48375,0,0.60264769154394,0.60264769154394,0.99993511322785,0.99993389445375,0.9999689949702,0.99996897135549,2.4288109774095e-06,1.7198565381306e-23,2.3598802094353e-05,2.3510234242376e-05,0.0099960959431894,-5.5609789195978e-07,5.5675393044863e-07,-6.5073082071768e-06,-6.5741059434448e-06,-5.4923587069059e-06,0.9000315712986,0.90003048169946,2.5,2.5,-6.5326779588839e-06,-9.9999999999996e-05
0.485,0,0.60264769154394,0.60264769154394,0.99993510284473,0.99993389610908,0.99996899538026,0.9999689719988,2.4048203837841e-06,1.7028686460577e-23,2.3600169578238e-05,2.351247655565e-05,0.0099960952549332,-5.5060503199632e-07,5.5125459049076e-07,-6.508162491369e-06,-6.5743004326339e-06,-5.4919421491743e-06,0.90003157038767,0.90003049155104,2.5,2.5,-6.5332816532162e-06,-0.0001
0.48625,0,0.60264769154394,0.60264769154394,0.99993509256417,0.99993389774806,0.99996899578627,0.99996897263576,2.3810667573671e-06,1.6860485516339e-23,2.3601523554838e-05,2.3514696720558e-05,0.0099960945734751,-5.4516642784161e-07,5.4580957028381e-07,-6.5090083373664e-06,-6.5744930007565e-06,-5.4915297059993e-06,0.90003156948575,0.90003050130532,2.5,2.5,-6.5338793845544e-06,-0.0001
0.4875,0,0.60264769154394,0.60264769154394,0.99993508238516,0.99993389937085,0.99996899618827,0.99996897326643,2.3575477575351e-06,1.6693945978378e-23,2.3602864157484e-05,2.3516894955737e-05,0.0099960938987482,-5.3978154341341e-07,5.4041833325793e-07,-6.5098458285127e-06,-6.5746836667846e-06,-5.4911213367248e-06,0.90003156859273,0.90003051096325,2.5,2.5,-6.5344712117981e-06,-9.9999999999999e-05
0.48875,0,0.60264769154394,0.60264769154394,0.99993507230669,0.99993390097761,0.9999689965863,0.99996897389087,2.3342610667498e-06,1.6529051436452e-23,2.3604191518306e-05,2.3519071477819e-05,0.0099960932306859,-5.3444984833872e-07,5.3508034825538e-07,-6.5106750473361e-06,-6.5748724495099e-06,-5.490717001128e-06,0.90003156770853,0.90003052052579,2.5,2.5,-6.535057193265e-06,-9.9999999999992e-05
0.49,0,0.60264769154394,0.60264769154394,0.99993506232777,0.9999339025685,0.9999689969804,0.99996897450915,2.3112043903778e-06,1.6365785641972e-23,2.3605505768133e-05,2.3521226501285e-05,0.0099960925692224,-5.2917081706254e-07,5.297950892074e-07,-6.5114960755476e-06,-6.5750593675316e-06,-5.4903166593587e-06,0.90003156683307,0.90003052999387,2.5,2.5,-6.5356373866968e-06,-0.00010000000000001
0.49125,0,0.60264769154394,0.60264769154394,0.99993505244741,0.99993390414367,0.99996899737061,0.99996897512131,2.2883754564551e-06,1.6204132504961e-23,2.360680703643e-05,2.3523360238535e-05,0.0099960919142925,-5.2394392940413e-07,5.245620353322e-07,-6.5123089940471e-06,-6.5752444392694e-06,-5.4899202719585e-06,0.90003156596626,0.90003053936843,2.5,2.5,-6.5362118492647e-06,-9.9999999999996e-05
0.49249999999999,0,0.60264769154394,0.60264769154394,0.99993504266465,0.99993390570329,0.99996899775696,0.99996897572743,2.2657720154357e-06,1.604407609698e-23,2.3608095451479e-05,2.3525472899731e-05,0.0099960912658316,-5.1876867042574e-07,5.1938067097447e-07,-6.5131138829406e-06,-6.5754276829607e-06,-5.4895277998876e-06,0.900031565108,0.90003054865039,2.5,2.5,-6.5367806375755e-06,-9.9999999999986e-05
0.49374999999999,0,0.60264769154394,0.60264769154394,0.99993503297852,0.9999339072475,0.99996899813949,0.99996897632756,2.2433918400639e-06,1.5885600647836e-23,2.360937114016e-05,2.3527564693162e-05,0.0099960906237759,-5.1364453005424e-07,5.1425048558109e-07,-6.5139108215389e-06,-6.575609116661e-06,-5.4891392044566e-06,0.90003156425823,0.90003055784067,2.5,2.5,-6.5373438076768e-06,-0.00010000000000001
0.49499999999999,0,0.60264769154394,0.60264769154394,0.99993502338807,0.99993390877646,0.99996899851825,0.99996897692177,2.2212327249603e-06,1.5728690544432e-23,2.3610634228263e-05,2.3529635824893e-05,0.0099960899880622,-5.0857100342226e-07,5.0917097361385e-07,-6.514699888373e-06,-6.5757887582487e-06,-5.488754447381e-06,0.90003156341684,0.90003056694018,2.5,2.5,-6.5379014150623e-06,-0.0001
0.49624999999999,0,0.60264769154394,0.60264769154394,0.99993501389234,0.99993391029031,0.99996899889327,0.9999689775101,2.1992924866535e-06,1.5573330315871e-23,2.361188484016e-05,2.3531686498966e-05,0.0099960893586277,-5.0354759055289e-07,5.0414163454977e-07,-6.5154811611938e-06,-6.5759666254261e-06,-5.4883734907404e-06,0.90003156258377,0.9000305759498,2.5,2.5,-6.5384535146777e-06,-9.9999999999988e-05
0.49749999999999,0,0.60264769154394,0.60264769154394,0.99993500449041,0.99993391178922,0.99996899926458,0.99996897809263,2.177568963163e-06,1.5419504662325e-23,2.3613123099189e-05,2.3533716917485e-05,0.0099960887354105,-4.9857379651815e-07,4.991619728219e-07,-6.5162547169884e-06,-6.5761427357194e-06,-5.4879962970068e-06,0.90003156175893,0.90003058487043,2.5,2.5,-6.5390001609262e-06,-0.00010000000000001
0.49874999999999,0,0.60264769154394,0.60264769154394,0.99993499518134,0.99993391327331,0.99996899963222,0.9999689786694,2.1560600138888e-06,1.5267198422585e-23,2.3614349127254e-05,2.353572728056e-05,0.009996088118349,-4.9364913111778e-07,4.9423149771927e-07,-6.5170206319824e-06,-6.5763171064823e-06,-5.4876228290028e-06,0.90003156094223,0.90003059370295,2.5,2.5,-6.5395414076735e-06,-9.9999999999996e-05
0.49999999999999,0,0.60264769154394,0.60264769154394,0.99993498596423,0.99993391474275,0.99996899999623,0.99996897924047,2.134763519388e-06,1.5116396585563e-23,2.3615563045251e-05,2.3537717786307e-05,0.0099960875073827,-4.8877310915347e-07,4.8934972340824e-07,-6.5177789816466e-06,-6.5764897548967e-06,-5.4872530499379e-06,0.90003156013361,0.90003060244823,2.5,2.5,-6.5400773082531e-06,-9.9999999999998e-05
0.50124999999999,0,0.60264769154394,0.60264769154394,0.99993497683816,0.99993391619768,0.99996900035665,0.9999689798059,2.1136773811217e-06,1.4967084292901e-23,2.3616764972737e-05,2.3539688630771e-05,0.0099960869024511,-4.8394525007736e-07,4.8451616886135e-07,-6.5185298407064e-06,-6.5766606979761e-06,-5.4868869233564e-06,0.90003155933296,0.90003061110712,2.5,2.5,-6.5406079154717e-06,-0.0001
0.50249999999999,0,0.60264769154394,0.60264769154394,0.99993496780223,0.99993391763823,0.99996900071351,0.99996898036575,2.0927995213082e-06,1.4819246840132e-23,2.3617955028233e-05,2.3541640008169e-05,0.0099960863034947,-4.7916507828352e-07,4.7973035777253e-07,-6.5192732831537e-06,-6.576829952564e-06,-5.4865244132009e-06,0.90003155854023,0.90003061968048,2.5,2.5,-6.5411332816148e-06,-0.0001
0.50374999999999,0,0.60264769154394,0.60264769154394,0.99993495885555,0.99993391906455,0.99996900106684,0.99996898092007,2.0721278826763e-06,1.4672869646772e-23,2.3619133328881e-05,2.354357211091e-05,0.0099960857104546,-4.7443212259317e-07,4.7499181855157e-07,-6.5200093822434e-06,-6.5769975353385e-06,-5.4861654837383e-06,0.90003155775533,0.90003062816917,2.5,2.5,-6.5416534584508e-06,-0.00010000000000001
0.50499999999999,0,0.60264769154394,0.60264769154394,0.99993494999724,0.99993392047679,0.99996900141668,0.99996898146891,2.0516604282387e-06,1.4527938297383e-23,2.3620299990904e-05,2.354548512931e-05,0.0099960851232722,-4.6974591673698e-07,4.7030008428749e-07,-6.5207382105102e-06,-6.5771634628138e-06,-5.4858100996046e-06,0.90003155697818,0.900030636574,2.5,2.5,-6.5421684972373e-06,-9.9999999999991e-05
0.50624999999999,0,0.60264769154394,0.60264769154394,0.99993494122644,0.99993392187507,0.99996900176307,0.99996898201233,2.03139514122e-06,1.4384438506731e-23,2.3621455129176e-05,2.3547379251752e-05,0.0099960845418897,-4.6510599888397e-07,4.656546926527e-07,-6.5214598397714e-06,-6.5773277513394e-06,-5.4854582257775e-06,0.90003155620871,0.90003064489582,2.5,2.5,-6.5426784487254e-06,-0.0001
0.50749999999999,0,0.60264769154394,0.60264769154394,0.99993493254226,0.99993392325955,0.99996900210603,0.99996898255038,2.0113300246714e-06,1.424235613925e-23,2.362259885761e-05,2.3549254665055e-05,0.0099960839662498,-4.6051191186247e-07,4.6105518588664e-07,-6.5221743411362e-06,-6.5774904171044e-06,-5.4851098275895e-06,0.90003155544683,0.90003065313544,2.5,2.5,-6.5431833631651e-06,-0.0001
0.50874999999999,0,0.60264769154394,0.60264769154394,0.99993492394387,0.99993392463035,0.99996900244561,0.99996898308312,1.9914631014255e-06,1.4101677187977e-23,2.3623731288849e-05,2.3551111553936e-05,0.0099960833962958,-4.5596320294067e-07,4.5650111079086e-07,-6.5228817850101e-06,-6.5776514761359e-06,-5.4847648707027e-06,0.90003155469248,0.90003066129367,2.5,2.5,-6.5436832903094e-06,-9.9999999999994e-05
0.50999999999999,0,0.60264769154394,0.60264769154394,0.9999349154304,0.99993392598761,0.99996900278183,0.9999689836106,1.9717924138125e-06,1.3962387793148e-23,2.362485253447e-05,2.3552950101406e-05,0.0099960828319715,-4.5145942392621e-07,4.5199201858362e-07,-6.5235822411031e-06,-6.5778109443077e-06,-5.4844233211316e-06,0.90003155394559,0.90003066937132,2.5,2.5,-6.5441782794208e-06,-0.0001
0.51124999999999,0,0.60264769154394,0.60264769154394,0.99993490700103,0.99993392733146,0.99996900311474,0.99996898413286,1.9523160235338e-06,1.3824474235026e-23,2.3625962705003e-05,2.3554770488598e-05,0.0099960822732214,-4.4700013102593e-07,4.4752746496963e-07,-6.524275778437e-06,-6.5779688373314e-06,-5.4840851452187e-06,0.90003155320607,0.90003067736918,2.5,2.5,-6.5446683792744e-06,-9.9999999999995e-05
0.51249999999999,0,0.60264769154394,0.60264769154394,0.99993489865491,0.99993392866204,0.99996900344435,0.99996898464997,1.9330320114049e-06,1.3687922913272e-23,2.3627061909809e-05,2.3556572894944e-05,0.0099960817199903,-4.4258488479421e-07,4.4310701000133e-07,-6.5249624653533e-06,-6.5781251707659e-06,-5.4837503096381e-06,0.90003155247385,0.90003068528804,2.5,2.5,-6.5451536381642e-06,-0.00010000000000001
0.51374999999999,0,0.60264769154394,0.60264769154394,0.99993489039124,0.99993392997947,0.99996900377071,0.99996898516197,1.9139384772144e-06,1.3552720384124e-23,2.3628150257211e-05,2.3558357497923e-05,0.0099960811722237,-4.3821325018364e-07,4.3873021809534e-07,-6.5256423695139e-06,-6.5782799600153e-06,-5.4834187813997e-06,0.90003155174887,0.90003069312868,2.5,2.5,-6.5456341039065e-06,-9.9999999999996e-05
0.51499999999999,0,0.60264769154394,0.60264769154394,0.99993488220919,0.9999339312839,0.99996900409384,0.99996898566891,1.8950335394894e-06,1.3418853313441e-23,2.3629227854472e-05,2.3560124473548e-05,0.0099960806298677,-4.3388479642988e-07,4.3439665798835e-07,-6.5263155579188e-06,-6.5784332203339e-06,-5.4830905278317e-06,0.90003155103105,0.90003070089188,2.5,2.5,-6.5461098238459e-06,-9.9999999999987e-05
0.51624999999999,0,0.60264769154394,0.60264769154394,0.99993487410796,0.99993393257544,0.99996900441379,0.99996898617085,1.8763153354125e-06,1.3286308515094e-23,2.3630294807763e-05,2.3561873995833e-05,0.0099960800928688,-4.2959909699703e-07,4.3010590263739e-07,-6.5269820969013e-06,-6.578584966823e-06,-5.482765516592e-06,0.90003155032032,0.9000307085784,2.5,2.5,-6.5465808448592e-06,-0.00010000000000002
0.51749999999999,0,0.60264769154394,0.60264769154394,0.99993486608675,0.99993393385422,0.99996900473057,0.99996898666783,1.8577820204866e-06,1.3155072931976e-23,2.3631351222208e-05,2.3563606237268e-05,0.0099960795611742,-4.2535572958828e-07,4.2585752924995e-07,-6.5276420521403e-06,-6.5787352144343e-06,-5.4824437156515e-06,0.90003154961661,0.90003071618899,2.5,2.5,-6.5470472133595e-06,-9.999999999999e-05
0.51874999999999,0,0.60264769154394,0.60264769154394,0.99993485814477,0.99993393512037,0.99996900504422,0.9999689871599,1.8394317684864e-06,1.3025133625748e-23,2.3632397201891e-05,2.356532136844e-05,0.0099960790347313,-4.2115427602971e-07,4.2165111918107e-07,-6.528295488669e-06,-6.5788839779742e-06,-5.4821250932997e-06,0.90003154891985,0.90003072372441,2.5,2.5,-6.5475089753026e-06,-0.00010000000000001
0.51999999999999,0,0.60264769154394,0.60264769154394,0.99993485028123,0.99993393637401,0.99996900535478,0.9999689876471,1.8212627711923e-06,1.2896477796385e-23,2.3633432849928e-05,2.3567019558356e-05,0.0099960785134884,-4.1699432241368e-07,4.1748625796881e-07,-6.5289424708752e-06,-6.5790312721029e-06,-5.4818096181458e-06,0.90003154822997,0.9000307311854,2.5,2.5,-6.5479661761897e-06,-9.9999999999999e-05
0.52124999999999,0,0.60264769154394,0.60264769154394,0.99993484249537,0.99993393761527,0.99996900566227,0.9999689881295,1.8032732382798e-06,1.2769092768561e-23,2.3634458268344e-05,2.3568700974433e-05,0.0099960779973941,-4.1287545869144e-07,4.1336253516783e-07,-6.5295830625112e-06,-6.5791771113315e-06,-5.481497259096e-06,0.90003154754691,0.9000307385727,2.5,2.5,-6.5484188610725e-06,-9.9999999999998e-05
0.52249999999999,0,0.60264769154394,0.60264769154394,0.99993483478641,0.99993393884427,0.99996900596672,0.99996898860713,1.7854613970716e-06,1.2642965987223e-23,2.3635473558181e-05,2.3570365782274e-05,0.0099960774863975,-4.0879727912944e-07,4.092795444972e-07,-6.5302173266993e-06,-6.5793215100327e-06,-5.4811879853768e-06,0.90003154687059,0.90003074588702,2.5,2.5,-6.5488670745578e-06,-0.00010000000000001
0.52374999999999,0,0.60264769154394,0.60264769154394,0.9999348271536,0.99993394006113,0.99996900626816,0.99996898908004,1.767825492417e-06,1.2518085022543e-23,2.3636478819483e-05,2.3572014146022e-05,0.0099960769804483,-4.0475938178855e-07,4.0523688357727e-07,-6.5308453259393e-06,-6.5794644824355e-06,-5.4808817665101e-06,0.90003154620096,0.9000307531291,2.5,2.5,-6.549310860812e-06,-9.9999999999992e-05
0.52499999999999,0,0.60264769154394,0.60264769154394,0.99993481959618,0.99993394126598,0.99996900656663,0.99996898954828,1.7503637865145e-06,1.2394437568869e-23,2.3637474151309e-05,2.3573646228023e-05,0.0099960764794965,-4.0076136877648e-07,4.0123415404303e-07,-6.531467122112e-06,-6.5796060426266e-06,-5.4805785723226e-06,0.90003154553794,0.90003076029964,2.5,2.5,-6.5497502635651e-06,-0.0001
0.52624999999999,0,0.60264769154394,0.60264769154394,0.99993481211341,0.99993394245892,0.99996900686214,0.9999689900119,1.7330745586856e-06,1.2272011441819e-23,2.363845965175e-05,2.3575262189053e-05,0.009996075983493,-3.9680284620618e-07,3.9727096152529e-07,-6.5320827764912e-06,-6.579746204557e-06,-5.4802783729352e-06,0.90003154488146,0.90003076739936,2.5,2.5,-6.5501853261151e-06,-0.0001
0.52749999999999,0,0.60264769154394,0.60264769154394,0.99993480470455,0.99993394364007,0.99996900715474,0.99996899047094,1.7159561053288e-06,1.2150794583033e-23,2.3639435417895e-05,2.3576862188539e-05,0.0099960754923887,-3.9288342390472e-07,3.9334691542095e-07,-6.5326923497414e-06,-6.5798849820367e-06,-5.4799811387695e-06,0.90003154423148,0.90003077442895,2.5,2.5,-6.5506160913326e-06,-9.9999999999999e-05
0.52874999999999,0,0.60264769154394,0.60264769154394,0.99993479736887,0.99993394480956,0.99996900744445,0.99996899092544,1.69900673957e-06,1.2030775043214e-23,2.3640401545907e-05,2.3578446383916e-05,0.0099960750061353,-3.8900271576747e-07,3.8946162915188e-07,-6.5332959019277e-06,-6.5800223887415e-06,-5.4796868405346e-06,0.90003154358791,0.90003078138911,2.5,2.5,-6.5510426016641e-06,-9.9999999999999e-05
0.52999999999999,0,0.60264769154394,0.60264769154394,0.99993479010565,0.9999339459675,0.9999690077313,0.99996899137546,1.6822247912652e-06,1.1911940997323e-23,2.3641358130999e-05,2.3580014931467e-05,0.0099960745246849,-3.8516033933053e-07,3.8561471977356e-07,-6.5338934925244e-06,-6.5801584382109e-06,-5.4793954492353e-06,0.9000315429507,0.90003078828051,2.5,2.5,-6.5514648991374e-06,-0.0001
0.53124999999999,0,0.60264769154394,0.60264769154394,0.99993478291417,0.999933947114,0.99996900801531,0.99996899182102,1.6656086067498e-06,1.1794280736765e-23,2.3642305267389e-05,2.3581567985678e-05,0.00999607404799,-3.8135591596286e-07,3.8180580828017e-07,-6.5344851804166e-06,-6.5802931438502e-06,-5.4791069361503e-06,0.90003154231978,0.90003079510385,2.5,2.5,-6.5518830253653e-06,-9.9999999999999e-05
0.53249999999999,0,0.60264769154394,0.60264769154394,0.99993477579373,0.99993394824918,0.99996900829652,0.99996899226219,1.6491565486915e-06,1.1677782662947e-23,2.3643243048444e-05,2.3583105699567e-05,0.0099960735760037,-3.7758907085192e-07,3.7803451934302e-07,-6.5350710239079e-06,-6.5804265189342e-06,-5.4788212728617e-06,0.90003154169509,0.90003080185979,2.5,2.5,-6.5522970215491e-06,-9.9999999999998e-05
0.53374999999999,0,0.60264769154394,0.60264769154394,0.99993476874362,0.99993394937314,0.99996900857495,0.999968992699,1.6328669959122e-06,1.1562435303128e-23,2.3644171566581e-05,2.3584628224685e-05,0.0099960731086794,-3.7385943274321e-07,3.7430048132078e-07,-6.5356510807285e-06,-6.5805585766055e-06,-5.478538431209e-06,0.90003154107658,0.900030808549,2.5,2.5,-6.5527069284832e-06,-0.00010000000000001
0.53499999999999,0,0.60264769154394,0.60264769154394,0.99993476176314,0.99993395048601,0.99996900885063,0.9999689931315,1.6167383432838e-06,1.144822728351e-23,2.3645090913265e-05,2.3586135711055e-05,0.0099960726459711,-3.7016663417754e-07,3.7060332628825e-07,-6.5362254080324e-06,-6.5806893298753e-06,-5.4782583833282e-06,0.90003154046417,0.90003081517213,2.5,2.5,-6.5531127865594e-06,-9.9999999999984e-05
0.53624999999999,0,0.60264769154394,0.60264769154394,0.99993475485162,0.99993395158788,0.99996900912359,0.99996899355972,1.6007690015123e-06,1.1335147356293e-23,2.364600117909e-05,2.3587628307231e-05,0.0099960721878332,-3.6651031121899e-07,3.6694268990864e-07,-6.5367940624165e-06,-6.5808187916293e-06,-5.4779811016203e-06,0.90003153985782,0.90003082172985,2.5,2.5,-6.5535146357703e-06,-0.00010000000000001
0.53749999999999,0,0.60264769154394,0.60264769154394,0.99993474800836,0.99993395267886,0.99996900939385,0.99996899398371,1.5849573970023e-06,1.1223184378987e-23,2.3646902453748e-05,2.3589106160217e-05,0.0099960717342206,-3.6289010363268e-07,3.6331821150663e-07,-6.5373570999137e-06,-6.5809469746254e-06,-5.4777065587633e-06,0.90003153925745,0.90003082822279,2.5,2.5,-6.5539125157134e-06,-0.0001
0.53874999999999,0,0.60264769154394,0.60264769154394,0.9999347412327,0.99993395375907,0.99996900966144,0.99996899440352,1.569301971706e-06,1.1112327314693e-23,2.3647794826089e-05,2.3590569415755e-05,0.0099960712850885,-3.5930565467794e-07,3.5972953389911e-07,-6.5379145760055e-06,-6.5810738914927e-06,-5.4774347277078e-06,0.90003153866301,0.9000308346516,2.5,2.5,-6.5543064655953e-06,-9.9999999999997e-05
0.53999999999999,0,0.60264769154394,0.60264769154394,0.99993473452397,0.99993395482861,0.99996900992639,0.99996899481918,1.5538011829541e-06,1.1002565240276e-23,2.3648678384034e-05,2.3592018218023e-05,0.0099960708403927,-3.5575661111906e-07,3.5617630347467e-07,-6.5384665456235e-06,-6.581199554737e-06,-5.4771655816631e-06,0.90003153807445,0.90003084101691,2.5,2.5,-6.554696524235e-06,-9.9999999999994e-05
0.54124999999999,0,0.60264769154394,0.60264769154394,0.9999347278815,0.99993395588759,0.99996901018873,0.99996899523073,1.538453503317e-06,1.0893887342416e-23,2.3649553214541e-05,2.3593452709633e-05,0.0099960704000895,-3.5224262326424e-07,3.5265817010094e-07,-6.5390130631585e-06,-6.5813239767429e-06,-5.4768990941132e-06,0.9000315374917,0.90003084731934,2.5,2.5,-6.5550827300684e-06,-0.00010000000000002
0.54249999999999,0,0.60264769154394,0.60264769154394,0.99993472130464,0.9999339569361,0.99996901044847,0.99996899563822,1.5232574204963e-06,1.0786282910623e-23,2.3650419403984e-05,2.3594873032085e-05,0.0099960699641353,-3.4876334481284e-07,3.4917478709827e-07,-6.5395541824644e-06,-6.5814471697691e-06,-5.4766352387892e-06,0.9000315369147,0.90003085355952,2.5,2.5,-6.5554651211514e-06,-9.9999999999985e-05
0.54374999999999,0,0.60264769154394,0.60264769154394,0.99993471479274,0.99993395797426,0.99996901070564,0.99996899604168,1.5082114370425e-06,1.0679741342498e-23,2.3651277037643e-05,2.359627932532e-05,0.0099960695324872,-3.4531843298867e-07,3.4572581124476e-07,-6.5400899568605e-06,-6.5815691459558e-06,-5.4763739897018e-06,0.9000315363434,0.90003085973806,2.5,2.5,-6.5558437351646e-06,-0.00010000000000001
0.54499999999999,0,0.60264769154394,0.60264769154394,0.99993470834517,0.99993395900217,0.99996901096028,0.99996899644116,1.4933140703724e-06,1.0574252139386e-23,2.3652126199986e-05,2.3597671727882e-05,0.0099960691051028,-3.4190754830839e-07,3.4231090267889e-07,-6.5406204391436e-06,-6.5816899173224e-06,-5.4761153211025e-06,0.90003153577775,0.90003086585558,2.5,2.5,-6.5562186094158e-06,-9.9999999999999e-05
0.54624999999999,0,0.60264769154394,0.60264769154394,0.99993470196128,0.99993396001992,0.9999690112124,0.99996899683669,1.478563852525e-06,1.0469804907288e-23,2.365296697468e-05,2.3599050376963e-05,0.0099960686819398,-3.3853035463731e-07,3.389297248692e-07,-6.5411456815829e-06,-6.5818094957687e-06,-5.4758592075071e-06,0.90003153521768,0.90003087191267,2.5,2.5,-6.5565897808445e-06,-9.9999999999996e-05
0.54749999999999,0,0.60264769154394,0.60264769154394,0.99993469564045,0.99993396102762,0.99996901146202,0.99996899722832,1.463959330026e-06,1.0366389350626e-23,2.3653799444727e-05,2.3600415408433e-05,0.0099960682629567,-3.3518651920934e-07,3.3558194466801e-07,-6.5416657359386e-06,-6.5819278930786e-06,-5.4756056236694e-06,0.90003153466315,0.90003087790993,2.5,2.5,-6.5569572860254e-06,-0.00010000000000001
0.54874999999999,0,0.60264769154394,0.60264769154394,0.99993468938205,0.99993396202536,0.99996901170919,0.99996899761608,1.4494990638043e-06,1.0263995283848e-23,2.3654623691966e-05,2.360176695681e-05,0.0099960678481121,-3.3187571253476e-07,3.3226723218149e-07,-6.5421806534548e-06,-6.5820451209183e-06,-5.4753545446084e-06,0.90003153411409,0.90003088384795,2.5,2.5,-6.557321161172e-06,-9.9999999999997e-05
0.54999999999999,0,0.60264769154394,0.60264769154394,0.99993468318547,0.99993396301325,0.99996901195391,0.999968998,1.4351816289187e-06,1.0162612618474e-23,2.3655439797744e-05,2.3603105155239e-05,0.009996067437365,-3.2859760838846e-07,3.2898526078416e-07,-6.5426904848688e-06,-6.5821611908393e-06,-5.4751059455884e-06,0.90003153357046,0.90003088972732,2.5,2.5,-6.5576814421397e-06,-9.9999999999998e-05
0.55124999999999,0,0.60264769154394,0.60264769154394,0.9999346770501,0.99993396399138,0.99996901219622,0.99996899838014,1.421005614578e-06,1.0062231352948e-23,2.3656247842395e-05,2.3604430135656e-05,0.0099960670306752,-3.2535188373571e-07,3.2573570709876e-07,-6.5431952804205e-06,-6.5822761142792e-06,-5.4748598021004e-06,0.9000315330322,0.90003089554862,2.5,2.5,-6.5580381644303e-06,-9.9999999999998e-05
0.55249999999999,0,0.60264769154394,0.60264769154394,0.99993467097533,0.99993396495985,0.99996901243613,0.99996899875652,1.4069696239061e-06,9.962841608873e-24,2.3657047905611e-05,2.3605742028555e-05,0.0099960666280024,-3.2213821873244e-07,3.2251825087601e-07,-6.5436950898531e-06,-6.5823899025617e-06,-5.4746160898989e-06,0.90003153249925,0.90003090131242,2.5,2.5,-6.5583913631945e-06,-0.0001
0.55374999999999,0,0.60264769154394,0.60264769154394,0.99993466496056,0.99993396591876,0.99996901267367,0.99996899912918,1.3930722737889e-06,9.8644335875309e-24,2.3657840066151e-05,2.3607040963174e-05,0.0099960662293071,-3.1895629671182e-07,3.1933257509273e-07,-6.544189962415e-06,-6.5825025668999e-06,-5.4743747849629e-06,0.90003153197157,0.90003090701928,2.5,2.5,-6.5587410732359e-06,-9.9999999999996e-05
0.55499999999999,0,0.60264769154394,0.60264769154394,0.9999346590052,0.99993396686819,0.99996901290886,0.99996899949816,1.3793121948408e-06,9.7669975879766e-24,2.36586244022e-05,2.360832706756e-05,0.0099960658345498,-3.158058041701e-07,3.1617836585371e-07,-6.5446799468691e-06,-6.582614118396e-06,-5.47413586352e-06,0.9000315314491,0.90003091266978,2.5,2.5,-6.5590873290145e-06,-0.00010000000000001
0.55624999999999,0,0.60264769154394,0.60264769154394,0.99993465310867,0.99993396780824,0.99996901314174,0.9999689998635,1.3656880311381e-06,9.6705240184341e-24,2.3659400990874e-05,2.3609600468497e-05,0.0099960654436918,-3.1268643061787e-07,3.1305531232316e-07,-6.5451650915006e-06,-6.5827245680409e-06,-5.4738993020263e-06,0.90003153093179,0.90003091826446,2.5,2.5,-6.5594301646498e-06,-9.9999999999985e-05
0.55749999999999,0,0.60264769154394,0.60264769154394,0.99993464727038,0.99993396873901,0.99996901337231,0.99996900022523,1.3521984401909e-06,9.5750033633017e-24,2.3660169908888e-05,2.3610861291414e-05,0.0099960650566944,-3.0959786870904e-07,3.0996310678253e-07,-6.5456454441126e-06,-6.5828339267199e-06,-5.4736650771664e-06,0.90003153041959,0.90003092380388,2.5,2.5,-6.5597696139243e-06,-0.0001
0.55874999999999,0,0.60264769154394,0.60264769154394,0.99993464148976,0.99993396966059,0.9999690136006,0.99996900058338,1.3388420927562e-06,9.4804262174141e-24,2.3660931231785e-05,2.3612109660459e-05,0.0099960646735196,-3.0653981407896e-07,3.0690144451263e-07,-6.5461210520379e-06,-6.582942205207e-06,-5.4734331658671e-06,0.90003152991245,0.90003092928859,2.5,2.5,-6.5601057102867e-06,-0.00010000000000001
0.55999999999999,0,0.60264769154394,0.60264769154394,0.99993463576623,0.99993397057306,0.99996901382664,0.999969000938,1.3256176727038e-06,9.3867832566611e-24,2.3661685034812e-05,2.3613345698848e-05,0.0099960642941297,-3.0351196540777e-07,3.0387002382489e-07,-6.5465919621451e-06,-6.5830494141736e-06,-5.4732035452735e-06,0.90003152941031,0.90003093471912,2.5,2.5,-6.5604384868555e-06,-9.9999999999999e-05
0.56124999999999,0,0.60264769154394,0.60264769154394,0.99993463009925,0.99993397147652,0.99996901405045,0.99996900128911,1.3125238769368e-06,9.2940652522588e-24,2.3662431392092e-05,2.3614569528179e-05,0.0099960639184872,-3.005140242974e-07,3.0086854600978e-07,-6.5470582208338e-06,-6.5831555641823e-06,-5.4729761927525e-06,0.90003152891314,0.90003094009601,2.5,2.5,-6.5607679764217e-06,-0.0001
0.56249999999999,0,0.60264769154394,0.60264769154394,0.99993462448823,0.99993397237106,0.99996901427205,0.99996900163676,1.2995594152126e-06,9.202263073562e-24,2.3663170377284e-05,2.3615781269163e-05,0.009996063546555,-2.9754569539137e-07,2.9789671530008e-07,-6.5475198740513e-06,-6.5832606656931e-06,-5.4727510859131e-06,0.90003152842088,0.90003094541979,2.5,2.5,-6.5610942114532e-06,-9.9999999999993e-05
0.56374999999999,0,0.60264769154394,0.60264769154394,0.99993461893264,0.99993397325676,0.99996901449145,0.99996900198097,1.2867230100308e-06,9.1113676694109e-24,2.3663902063055e-05,2.3616981041172e-05,0.0099960631782967,-2.9460668617288e-07,2.9495423888994e-07,-6.547976967286e-06,-6.5833647290644e-06,-5.4725282025653e-06,0.90003152793348,0.90003095069099,2.5,2.5,-6.5614172240963e-06,-9.9999999999997e-05
0.56499999999999,0,0.60264769154394,0.60264769154394,0.99993461343193,0.99993397413371,0.9999690147087,0.99996900232179,1.2740133964869e-06,9.0213700876006e-24,2.3664626521701e-05,2.361816896242e-05,0.0099960628136758,-2.9169670705548e-07,2.9204082679588e-07,-6.5484295455803e-06,-6.5834677645496e-06,-5.472307520755e-06,0.9000315274509,0.90003095591011,2.5,2.5,-6.5617370461803e-06,-9.9999999999997e-05
0.56624999999999,0,0.60264769154394,0.60264769154394,0.99993460798554,0.999933975002,0.99996901492379,0.99996900265923,1.2614293222533e-06,8.9322614538504e-24,2.3665343824419e-05,2.361934514995e-05,0.0099960624526565,-2.8881547121031e-07,2.8915619194128e-07,-6.548877653529e-06,-6.5835697822997e-06,-5.4720890187174e-06,0.90003152697308,0.90003096107769,2.5,2.5,-6.56205370922e-06,-0.00010000000000001
0.56749999999999,0,0.60264769154394,0.60264769154394,0.99993460259296,0.99993397586171,0.99996901513676,0.99996900299335,1.2489695472777e-06,8.8440329941949e-24,2.3666054042018e-05,2.3620509719656e-05,0.0099960620952031,-2.8596269484336e-07,2.8630005007155e-07,-6.5493213352886e-06,-6.5836707923695e-06,-5.4718726749485e-06,0.90003152649998,0.90003096619423,2.5,2.5,-6.5623672444186e-06,-9.9999999999984e-05
0.56874999999999,0,0.60264769154394,0.60264769154394,0.99993459725364,0.99993397671293,0.99996901534763,0.99996900332416,1.2366328437789e-06,8.7566760071559e-24,2.3666757244441e-05,2.3621662786417e-05,0.0099960617412805,-2.8313809675993e-07,2.8347211977591e-07,-6.5497606345815e-06,-6.583770804712e-06,-5.4716584681092e-06,0.90003152603156,0.90003097126022,2.5,2.5,-6.5626776826717e-06,-0.00010000000000002
0.56999999999999,0,0.60264769154394,0.60264769154394,0.99993459196706,0.99993397755574,0.99996901555641,0.99996900365171,1.2244179961547e-06,8.6701818941287e-24,2.3667453500972e-05,2.3622804463638e-05,0.0099960613908537,-2.8034139867494e-07,2.8067212238043e-07,-6.5501955946901e-06,-6.5838698291817e-06,-5.471446377098e-06,0.90003152556776,0.90003097627618,2.5,2.5,-6.5629850545693e-06,-9.9999999999988e-05
0.57124999999999,0,0.60264769154394,0.60264769154394,0.99993458673269,0.99993397839023,0.99996901576313,0.99996900397602,1.2123238007352e-06,8.5845421259141e-24,2.3668142880188e-05,2.3623934864041e-05,0.0099960610438883,-2.7757232499964e-07,2.7789978195868e-07,-6.5506262584801e-06,-6.5839678755375e-06,-5.4712363810249e-06,0.90003152510854,0.90003098124259,2.5,2.5,-6.5632893903992e-06,-0.00010000000000001
0.57249999999999,0,0.60264769154394,0.60264769154394,0.99993458155003,0.99993397921648,0.99996901596781,0.99996900429712,1.2003490658018e-06,8.4997482630287e-24,2.3668825450129e-05,2.362505409884e-05,0.0099960607003501,-2.7483060281873e-07,2.7515482535577e-07,-6.5510526683867e-06,-6.5840649534389e-06,-5.4710284591769e-06,0.90003152465386,0.90003098615994,2.5,2.5,-6.5635907201503e-06,-9.9999999999986e-05
0.57374999999999,0,0.60264769154394,0.60264769154394,0.99993457641856,0.99993398003456,0.99996901617047,0.99996900461506,1.188492611384e-06,8.4157919546718e-24,2.3669501277914e-05,2.3626162278403e-05,0.0099960603602051,-2.7211596208987e-07,2.7243698208052e-07,-6.551474866425e-06,-6.5841610724542e-06,-5.4708225910903e-06,0.90003152420367,0.90003099102873,2.5,2.5,-6.5638890735153e-06,-0.00010000000000001
0.57499999999999,0,0.60264769154394,0.60264769154394,0.99993457133778,0.99993398084457,0.99996901637112,0.99996900492985,1.1767532691533e-06,8.3326649235314e-24,2.3670170430245e-05,2.3627259511935e-05,0.0099960600234199,-2.694281351758e-07,2.6974598431101e-07,-6.5518928942015e-06,-6.5842562420521e-06,-5.470618756458e-06,0.90003152375793,0.90003099584942,2.5,2.5,-6.5641844798932e-06,-0.00010000000000001
0.57624999999999,0,0.60264769154394,0.60264769154394,0.99993456630718,0.99993398164657,0.9999690165698,0.99996900524154,1.1651298823435e-06,8.2503589801911e-24,2.3670832972995e-05,2.3628345907506e-05,0.0099960596899614,-2.6676685730501e-07,2.6708156687765e-07,-6.5523067929049e-06,-6.5843504716118e-06,-5.4704169352084e-06,0.90003152331659,0.9000310006225,2.5,2.5,-6.564476968393e-06,-9.9999999999984e-05
0.57749999999999,0,0.60264769154394,0.60264769154394,0.99993456132628,0.99993398244065,0.99996901676651,0.99996900555014,1.1536213056084e-06,8.1688660147082e-24,2.3671488971487e-05,2.3629421572224e-05,0.0099960593597965,-2.6413186622485e-07,2.6444346724496e-07,-6.5527166033231e-06,-6.5844437704189e-06,-5.4702171074483e-06,0.90003152287961,0.90003100534843,2.5,2.5,-6.564766567836e-06,-9.9999999999998e-05
0.57874999999999,0,0.60264769154394,0.60264769154394,0.99993455639457,0.99993398322689,0.99996901696128,0.9999690058557,1.1422264048828e-06,8.0881779954628e-24,2.3672138490374e-05,2.3630486612083e-05,0.0099960590328929,-2.6152290226422e-07,2.6183142545722e-07,-6.5531223658362e-06,-6.5845361476661e-06,-5.4700192534871e-06,0.90003152244694,0.90003101002768,2.5,2.5,-6.5650533067589e-06,-0.00010000000000001
0.57999999999999,0,0.60264769154394,0.60264769154394,0.99993455151157,0.99993398400536,0.99996901715412,0.99996900615824,1.1309440573738e-06,8.008286972591e-24,2.3672781593587e-05,2.3631541132003e-05,0.0099960587092183,-2.5893970837675e-07,2.5924518412865e-07,-6.5535241204275e-06,-6.5846276124571e-06,-5.4698233538289e-06,0.90003152201855,0.90003101466071,2.5,2.5,-6.5653372134167e-06,-0.0001
0.58124999999999,0,0.60264769154394,0.60264769154394,0.99993454667681,0.99993398477614,0.99996901734506,0.99996900645779,1.119773151306e-06,7.9291850751015e-24,2.3673418344574e-05,2.36325852358e-05,0.0099960583887408,-2.5638203000557e-07,2.5668448840878e-07,-6.5539219066853e-06,-6.5847181738039e-06,-5.4696293891725e-06,0.90003152159439,0.90003101924798,2.5,2.5,-6.5656183157849e-06,-0.00010000000000001
0.58249999999999,0,0.60264769154394,0.60264769154394,0.9999345418898,0.99993398553931,0.99996901753412,0.99996900675439,1.108712585904e-06,7.8508645061935e-24,2.3674048806058e-05,2.3633619026535e-05,0.0099960580714287,-2.5384961511204e-07,2.5414908598342e-07,-6.5543157638075e-06,-6.5848078406305e-06,-5.4694373404031e-06,0.90003152117442,0.90003102378993,2.5,2.5,-6.5658966415628e-06,-9.999999999999e-05
0.58374999999999,0,0.60264769154394,0.60264769154394,0.99993453715008,0.99993398629494,0.9999690177213,0.99996900704805,1.0977612713176e-06,7.7733175501854e-24,2.3674673040121e-05,2.363464260604e-05,0.009996057757251,-2.5134221415881e-07,2.5163872701637e-07,-6.5547057306045e-06,-6.5848966217728e-06,-5.4692471885913e-06,0.9000315207586,0.90003102828703,2.5,2.5,-6.5661722181764e-06,-9.9999999999999e-05
0.58499999999999,0,0.60264769154394,0.60264769154394,0.99993453245717,0.99993398704311,0.99996901790664,0.99996900733881,1.0869181283924e-06,7.6965365651918e-24,2.3675291108345e-05,2.3635656075078e-05,0.0099960574461765,-2.4885958008742e-07,2.4915316411392e-07,-6.555091845502e-06,-6.5849845259787e-06,-5.4690589150129e-06,0.90003152034689,0.9000310327397,2.5,2.5,-6.5664450727806e-06,-9.9999999999996e-05
0.58624999999999,0,0.60264769154394,0.60264769154394,0.99993452781062,0.99993398778388,0.99996901809015,0.9999690076267,1.0761820886782e-06,7.6205139826481e-24,2.367590307158e-05,2.363665953353e-05,0.0099960571381746,-2.4640146819564e-07,2.466921523785e-07,-6.5554741465478e-06,-6.5850715619094e-06,-5.4688725011009e-06,0.90003151993924,0.9000310371484,2.5,2.5,-6.5667152322618e-06,-9.9999999999997e-05
0.58749999999999,0,0.60264769154394,0.60264769154394,0.99993452320996,0.99993398851734,0.99996901827184,0.99996900791175,1.0655520942432e-06,7.5452423134747e-24,2.3676508990133e-05,2.3637653080364e-05,0.0099960568332151,-2.4396763639612e-07,2.4425544931425e-07,-6.5558526714122e-06,-6.5851577381439e-06,-5.4686879284991e-06,0.90003151953562,0.90003104151354,2.5,2.5,-6.5669827232413e-06,-0.00010000000000002
0.58874999999999,0,0.60264769154394,0.60264769154394,0.99993451865474,0.99993398924356,0.99996901845174,0.99996900819398,1.0550270976285e-06,7.470714142588e-24,2.3677108923779e-05,2.3638636813462e-05,0.0099960565312678,-2.4155784473257e-07,2.4184281479378e-07,-6.556227457395e-06,-6.5852430631712e-06,-5.4685051790098e-06,0.90003151913598,0.90003104583557,2.5,2.5,-6.5672475720772e-06,-9.9999999999996e-05
0.58999999999999,0,0.60264769154394,0.60264769154394,0.99993451414452,0.9999339899626,0.99996901862986,0.99996900847343,1.0446060617496e-06,7.396922122417e-24,2.3677702931513e-05,2.3639610829654e-05,0.009996056232303,-2.3917185580263e-07,2.3945401106374e-07,-6.5565985414281e-06,-6.5853275454004e-06,-5.4683242346311e-06,0.9000315187403,0.90003105011491,2.5,2.5,-6.5675098048673e-06,-9.999999999999e-05
0.59124999999999,0,0.60264769154394,0.60264769154394,0.99993450967885,0.99993399067454,0.99996901880623,0.99996900875011,1.0342879597089e-06,7.3238589835296e-24,2.3678291071967e-05,2.3640575225016e-05,0.0099960559362912,-2.3680943449927e-07,2.3708880276886e-07,-6.5569659600769e-06,-6.5854111931556e-06,-5.4681450775341e-06,0.90003151834852,0.90003105435198,2.5,2.5,-6.5677694474517e-06,-9.9999999999999e-05
0.59249999999999,0,0.60264769154394,0.60264769154394,0.99993450525729,0.99993399137945,0.99996901898085,0.99996900902406,1.0240717747585e-06,7.2515175280398e-24,2.3678873403009e-05,2.3641530094623e-05,0.0099960556432032,-2.344703480245e-07,2.3474695683873e-07,-6.5573297495453e-06,-6.5854940146798e-06,-5.4679676900582e-06,0.90003151796061,0.9000310585472,2.5,2.5,-6.5680265254149e-06,-0.00010000000000001
0.59374999999999,0,0.60264769154394,0.60264769154394,0.99993450087941,0.99993399207739,0.99996901915374,0.9999690092953,1.0139565002465e-06,7.1798906221931e-24,2.3679449982143e-05,2.3642475532443e-05,0.0099960553530103,-2.3215436589806e-07,2.3242824249569e-07,-6.5576899456817e-06,-6.5855760181342e-06,-5.4677920547305e-06,0.90003151757653,0.90003106270098,2.5,2.5,-6.5682810640892e-06,-9.9999999999999e-05
0.59499999999999,0,0.60264769154394,0.60264769154394,0.99993449654476,0.99993399276844,0.99996901932493,0.99996900956387,1.0039411393954e-06,7.1089712135679e-24,2.3680020866067e-05,2.364341163168e-05,0.0099960550656837,-2.2986125985393e-07,2.3013243125056e-07,-6.5580465839778e-06,-6.5856572115987e-06,-5.4676181542393e-06,0.90003151719625,0.90003106681373,2.5,2.5,-6.5685330885563e-06,-9.9999999999999e-05
0.59624999999999,0,0.60264769154394,0.60264769154394,0.99993449225293,0.99993399345267,0.99996901949443,0.99996900982978,9.9402470533569e-07,7.0387523120384e-24,2.3680586111092e-05,2.3644338484696e-05,0.0099960547811952,-2.275908040468e-07,2.2785929692765e-07,-6.5583996995769e-06,-6.5857376030743e-06,-5.4674459714567e-06,0.90003151681972,0.90003107088585,2.5,2.5,-6.5687826236504e-06,-0.0001
0.59749999999999,0,0.60264769154394,0.60264769154394,0.9999344880035,0.99993399413013,0.99996901966225,0.99996901009307,9.842062209157e-07,6.9692269960906e-24,2.3681145772892e-05,2.364525618262e-05,0.0099960544995167,-2.2534277461368e-07,2.2560861547626e-07,-6.5587493272764e-06,-6.5858172004829e-06,-5.4672754894017e-06,0.90003151644691,0.90003107491776,2.5,2.5,-6.5690296939603e-06,-9.9999999999998e-05
0.59874999999999,0,0.60264769154394,0.60264769154394,0.99993448379604,0.99993399480091,0.99996901982842,0.99996901035375,9.7448471861652e-07,6.9003884221645e-24,2.3681699906704e-05,2.3646164815957e-05,0.0099960542206206,-2.2311695015856e-07,2.2338016515621e-07,-6.5590955015262e-06,-6.5858960116671e-06,-5.467106691292e-06,0.90003151607779,0.90003107890984,2.5,2.5,-6.5692743238318e-06,-0.00010000000000001
0.59999999999999,0,0.60264769154394,0.60264769154394,0.99993447963013,0.99993399546506,0.99996901999294,0.99996901061186,9.6485924049958e-07,6.8322297982392e-24,2.3682248566967e-05,2.3647064474354e-05,0.0099960539444792,-2.2091311125017e-07,2.2117372635314e-07,-6.5594382564375e-06,-6.5859740443939e-06,-5.4669395604832e-06,0.90003151571231,0.90003108286248,2.5,2.5,-6.5695165373704e-06,-9.9999999999989e-05
0.60124999999999,0,0.60264769154394,0.60264769154394,0.99993447550538,0.99993399612265,0.99996902015584,0.99996901086742,9.5532883812675e-07,6.7647444088877e-24,2.3682791807918e-05,2.3647955246351e-05,0.0099960536710654,-2.1873104081014e-07,2.1898908168104e-07,-6.5597776257851e-06,-6.5860513063526e-06,-5.4667740805101e-06,0.90003151535044,0.90003108677609,2.5,2.5,-6.5697563584436e-06,-0.00010000000000001
0.60249999999999,0,0.60264769154394,0.60264769154394,0.99993447142137,0.99993399677374,0.99996902031713,0.99996901112046,9.4589257233106e-07,6.6979256121128e-24,2.3683329682938e-05,2.3648837219675e-05,0.0099960534003522,-2.1657052373937e-07,2.1682601581566e-07,-6.5601136430098e-06,-6.5861278051543e-06,-5.4666102350648e-06,0.90003151499214,0.90003109065104,2.5,2.5,-6.5699938106827e-06,-9.9999999999993e-05
0.60374999999999,0,0.60264769154394,0.60264769154394,0.99993446737769,0.9999339974184,0.99996902047683,0.999969011371,9.365495133147e-07,6.6317668149221e-24,2.3683862245092e-05,2.3649710481362e-05,0.009996053132313,-2.1443134724201e-07,2.1468431569148e-07,-6.5604463412236e-06,-6.5862035483404e-06,-5.4664480080056e-06,0.90003151463739,0.90003109448771,2.5,2.5,-6.5702289174861e-06,-9.9999999999994e-05
0.60499999999999,0,0.60264769154394,0.60264769154394,0.99993446337396,0.9999339980567,0.99996902063495,0.99996901161906,9.2729874039717e-07,6.56626150218e-24,2.3684389546871e-05,2.3650575117361e-05,0.0099960528669214,-2.1231330044303e-07,2.1256377018407e-07,-6.5607757532088e-06,-6.5862785433717e-06,-5.4662873833478e-06,0.90003151428613,0.90003109828649,2.5,2.5,-6.5704617020207e-06,-0.00010000000000001
0.60624999999999,0,0.60264769154394,0.60264769154394,0.99993445940978,0.99993399868869,0.99996902079151,0.99996901186467,9.1813934204479e-07,6.501403216692e-24,2.3684911640225e-05,2.365143121289e-05,0.0099960526041512,-2.1021617465312e-07,2.1046417038912e-07,-6.5611019114245e-06,-6.5863527976395e-06,-5.4661283452562e-06,0.90003151393835,0.90003110204774,2.5,2.5,-6.5706921872248e-06,-9.9999999999992e-05
0.60749999999999,0,0.60264769154394,0.60264769154394,0.99993445548475,0.99993399931443,0.99996902094652,0.99996901210786,9.0907041570927e-07,6.4371855713056e-24,2.3685428576635e-05,2.3652278852409e-05,0.0099960523439765,-2.0813976324559e-07,2.0838530939668e-07,-6.5614248480118e-06,-6.5864263184601e-06,-5.4659708780684e-06,0.900031513594,0.90003110577185,2.5,2.5,-6.5709203958101e-06,-0.00010000000000001
0.60874999999999,0,0.60264769154394,0.60264769154394,0.99993445159849,0.999933999934,0.9999690211,0.99996901234865,9.0009106773574e-07,6.3736022369159e-24,2.3685940406946e-05,2.3653118119348e-05,0.0099960520863716,-2.0608386161395e-07,2.0632698238845e-07,-6.5617445947896e-06,-6.5864991130785e-06,-5.4658149662589e-06,0.90003151325306,0.90003110945916,2.5,2.5,-6.5711463502638e-06,-0.0001
0.60999999999999,0,0.60264769154394,0.60264769154394,0.99993444775062,0.99993400054745,0.99996902125197,0.99996901258705,8.9120041332951e-07,6.3106469463905e-24,2.368644718168e-05,2.365394909642e-05,0.0099960518313113,-2.04048267142e-07,2.0428898648715e-07,-6.562061183268e-06,-6.5865711886679e-06,-5.4656605944702e-06,0.90003151291548,0.90003111311006,2.5,2.5,-6.5713700728511e-06,-9.9999999999996e-05
0.61124999999999,0,0.60264769154394,0.60264769154394,0.99993444394076,0.99993400115483,0.99996902140243,0.9999690128231,8.8239757639912e-07,6.2483134964911e-24,2.3686948950756e-05,2.3654771865436e-05,0.0099960515787703,-2.020327792681e-07,2.022711209053e-07,-6.5623746446418e-06,-6.5866425523297e-06,-5.465507747493e-06,0.90003151258124,0.9000311167249,2.5,2.5,-6.5715915856175e-06,-9.9999999999989e-05
0.61249999999999,0,0.60264769154394,0.60264769154394,0.99993444016852,0.99993400175622,0.99996902155141,0.99996901305682,8.7368168955358e-07,6.186595745041e-24,2.3687445763591e-05,2.3655586507609e-05,0.0099960513287238,-2.0003719939888e-07,2.0027318681821e-07,-6.5626850097992e-06,-6.5867132110966e-06,-5.4653564102595e-06,0.90003151225029,0.90003112030403,2.5,2.5,-6.5718109103903e-06,-0.00010000000000001
0.61374999999999,0,0.60264769154394,0.60264769154394,0.99993443643355,0.99993400235167,0.99996902169891,0.99996901328823,8.650518939195e-07,6.1254876130518e-24,2.3687937669157e-05,2.3656393103164e-05,0.0099960510811472,-1.9806133088049e-07,1.9829498732707e-07,-6.5629923093229e-06,-6.5867831719324e-06,-5.4652065678631e-06,0.90003151192262,0.9000311238478,2.5,2.5,-6.5720280687814e-06,-9.9999999999999e-05
0.61499999999999,0,0.60264769154394,0.60264769154394,0.99993443273547,0.99993400294124,0.99996902184496,0.99996901351736,8.5650733912394e-07,6.0649830739912e-24,2.3688424715916e-05,2.3657191731568e-05,0.0099960508360159,-1.9610497900912e-07,1.9633632751792e-07,-6.5632965734938e-06,-6.5868524417286e-06,-5.4650582055327e-06,0.90003151159818,0.90003112735657,2.5,2.5,-6.5722430821893e-06,-0.0001
0.61624999999999,0,0.60264769154394,0.60264769154394,0.99993442907392,0.99993400352498,0.99996902198957,0.99996901374422,8.4804718323097e-07,6.0050761691025e-24,2.3688906951867e-05,2.3657982471496e-05,0.009996050593306,-1.9416795099998e-07,1.9439701437228e-07,-6.5635978322945e-06,-6.5869210273121e-06,-5.4649113086517e-06,0.90003151127695,0.90003113083069,2.5,2.5,-6.5724559718011e-06,-9.9999999999994e-05
0.61749999999999,0,0.60264769154394,0.60264769154394,0.99993442544854,0.99993400410296,0.99996902213275,0.99996901396884,8.3967059255717e-07,5.9457610013581e-24,2.3689384424567e-05,2.3658765400886e-05,0.0099960503529934,-1.9225005604059e-07,1.9247685681525e-07,-6.5638961154087e-06,-6.5869889354416e-06,-5.4647658627488e-06,0.90003151095889,0.90003113427049,2.5,2.5,-6.5726667585947e-06,-0.00010000000000001
0.61874999999999,0,0.60264769154394,0.60264769154394,0.99993442185896,0.99993400467522,0.99996902227451,0.99996901419124,8.3137674171841e-07,5.8870317139198e-24,2.3689857180979e-05,2.3659540596874e-05,0.0099960501150546,-1.9035110503243e-07,1.9057566559489e-07,-6.5641914522303e-06,-6.5870561728068e-06,-5.4646218534877e-06,0.90003151064397,0.90003113767631,2.5,2.5,-6.5728754633405e-06,-9.9999999999994e-05
0.61999999999999,0,0.60264769154394,0.60264769154394,0.99993441830484,0.99993400524184,0.99996902241487,0.99996901441145,8.2316481345005e-07,5.828882526077e-24,2.3690325267727e-05,2.3660308135892e-05,0.0099960498794659,-1.8847091098255e-07,1.8869325344062e-07,-6.5644838718603e-06,-6.5871227460361e-06,-5.4644792666807e-06,0.90003151033217,0.90003114104849,2.5,2.5,-6.5730821066041e-06,-0.0001
0.62124999999999,0,0.60264769154394,0.60264769154394,0.99993441478583,0.99993400580286,0.99996902255385,0.99996901462948,8.1503399852316e-07,5.7713077057783e-24,2.3690788731003e-05,2.3661068093512e-05,0.0099960496462043,-1.8660928852416e-07,1.8682943480222e-07,-6.5647734031147e-06,-6.5871886616874e-06,-5.4643380882694e-06,0.90003151002344,0.90003114438737,2.5,2.5,-6.5732867087477e-06,-9.9999999999991e-05
0.62249999999999,0,0.60264769154394,0.60264769154394,0.99993441130157,0.99993400635834,0.99996902269145,0.99996901484536,8.0698349577722e-07,5.7143015831574e-24,2.3691247616365e-05,2.3661820544646e-05,0.0099960494152467,-1.8476605424731e-07,1.8498402602432e-07,-6.565060074522e-06,-6.587253926257e-06,-5.4641983043532e-06,0.90003150971776,0.90003114769326,2.5,2.5,-6.5734892899325e-06,-0.00010000000000001
0.62374999999999,0,0.60264769154394,0.60264769154394,0.99993440785174,0.99993400690833,0.9999690228277,0.9999690150591,7.9901251191848e-07,5.6578585383368e-24,2.36917019691e-05,2.3662565563469e-05,0.0099960491865705,-1.829410265687e-07,1.831568453222e-07,-6.5653439143312e-06,-6.5873185461748e-06,-5.4640599011545e-06,0.9000315094151,0.9000311509665,2.5,2.5,-6.5736898701206e-06,-9.9999999999999e-05
0.62499999999999,0,0.60264769154394,0.60264769154394,0.99993440443597,0.99993400745288,0.9999690229626,0.99996901527074,7.9112026148092e-07,5.6019730102358e-24,2.3692151834047e-05,2.3663303223324e-05,0.0099960489601529,-1.8113402556076e-07,1.8134771257818e-07,-6.5656249505103e-06,-6.587382527809e-06,-5.4639228650287e-06,0.90003150911543,0.90003115420741,2.5,2.5,-6.5738884690768e-06,-0.0001
0.62624999999999,0,0.60264769154394,0.60264769154394,0.99993440105395,0.99993400799206,0.99996902309616,0.99996901548028,7.8330596680006e-07,5.5466394919822e-24,2.3692597255333e-05,2.3664033596936e-05,0.0099960487359718,-1.7934487324667e-07,1.7955644955644e-07,-6.5659032107541e-06,-6.5874458774639e-06,-5.4637871824846e-06,0.90003150881872,0.9000311574163,2.5,2.5,-6.5740851063706e-06,-0.0001
0.62749999999999,0,0.60264769154394,0.60264769154394,0.99993439770533,0.99993400852592,0.99996902322841,0.99996901568775,7.7556885786221e-07,5.491852529087e-24,2.3693038276986e-05,2.3664756756324e-05,0.0099960485140051,-1.7757339328857e-07,1.777828797614e-07,-6.5661787224816e-06,-6.5875086013829e-06,-5.4636528401398e-06,0.90003150852495,0.9000311605935,2.5,2.5,-6.5742798013786e-06,-9.9999999999996e-05
0.62874999999999,0,0.60264769154394,0.60264769154394,0.99993439438979,0.9999340090545,0.99996902335935,0.99996901589318,7.6790817225138e-07,5.4376067289592e-24,2.369347494248e-05,2.3665472772717e-05,0.0099960482942308,-1.7581941113653e-07,1.7602682839686e-07,-6.566451512839e-06,-6.5875707057463e-06,-5.4635198247665e-06,0.90003150823407,0.90003116373932,2.5,2.5,-6.5744725732856e-06,-9.999999999999e-05
0.62999999999999,0,0.60264769154394,0.60264769154394,0.999934391107,0.99993400957786,0.999969023489,0.99996901609657,7.6032315510992e-07,5.3838967354555e-24,2.3693907294789e-05,2.3666181716606e-05,0.0099960480766274,-1.7408275394608e-07,1.7428812244521e-07,-6.5667216087085e-06,-6.587632196673e-06,-5.4633881232506e-06,0.90003150794607,0.90003116685407,2.5,2.5,-6.574663441087e-06,-0.00010000000000002
0.63124999999999,0,0.60264769154394,0.60264769154394,0.99993438785663,0.99993401009605,0.99996902361737,0.99996901629796,7.5281305900819e-07,5.3307172680492e-24,2.3694335376575e-05,2.3666883657904e-05,0.0099960478611733,-1.7236325059006e-07,1.7256659056077e-07,-6.5669890367041e-06,-6.5876930802225e-06,-5.4632577226203e-06,0.90003150766091,0.90003116993804,2.5,2.5,-6.5748524235907e-06,-9.9999999999991e-05
0.63249999999999,0,0.60264769154394,0.60264769154394,0.99993438463837,0.99993401060912,0.99996902374447,0.99996901649735,7.4537714392536e-07,5.2780630760394e-24,2.369475922992e-05,2.3667578665758e-05,0.0099960476478474,-1.7066073164922e-07,1.7086206313035e-07,-6.5672538231791e-06,-6.5877533623953e-06,-5.46312861002e-06,0.90003150737857,0.90003117299156,2.5,2.5,-6.5750395394186e-06,-9.9999999999999e-05
0.63374999999999,0,0.60264769154394,0.60264769154394,0.9999343814519,0.99993401111712,0.99996902387031,0.99996901669478,7.3801467714495e-07,5.2259289820109e-24,2.3695178896698e-05,2.366826680872e-05,0.0099960474366286,-1.6897502935344e-07,1.691743721831e-07,-6.5675159942243e-06,-6.5878130491309e-06,-5.4630007727295e-06,0.90003150709901,0.90003117601492,2.5,2.5,-6.575224807009e-06,-0.00010000000000001
0.63499999999999,0,0.60264769154394,0.60264769154394,0.9999343782969,0.99993401162011,0.99996902399491,0.99996901689026,7.3072493315868e-07,5.1743098412529e-24,2.3695594418191e-05,2.3668948154493e-05,0.0099960472274962,-1.6730597757443e-07,1.6750335138812e-07,-6.5677755756724e-06,-6.5878721463088e-06,-5.4628741981545e-06,0.90003150682222,0.90003117900841,2.5,2.5,-6.5754082446177e-06,-9.9999999999996e-05
0.63624999999999,0,0.60264769154394,0.60264769154394,0.99993437517306,0.99993401211812,0.99996902411828,0.9999690170838,7.2350719365185e-07,5.1232005655824e-24,2.3696005835393e-05,2.3669622770275e-05,0.0099960470204294,-1.6565341188632e-07,1.6584883613793e-07,-6.5680325931048e-06,-6.5879306597554e-06,-5.4627488738217e-06,0.90003150654816,0.90003118197233,2.5,2.5,-6.5755898703205e-06,-9.9999999999995e-05
0.63749999999999,0,0.60264769154394,0.60264769154394,0.99993437208008,0.99993401261122,0.99996902424043,0.99996901727544,7.163607474129e-07,5.0725961228998e-24,2.3696413188759e-05,2.3670290722575e-05,0.0099960468154079,-1.6401716940739e-07,1.6421066335709e-07,-6.5682870718458e-06,-6.5879885952344e-06,-5.4626247873792e-06,0.90003150627681,0.90003118490698,2.5,2.5,-6.5757697020143e-06,-0.0001
0.63874999999999,0,0.60264769154394,0.60264769154394,0.99993436901766,0.99993401309945,0.99996902436138,0.99996901746518,7.0928489024445e-07,5.022491529902e-24,2.3696816518578e-05,2.3670952077154e-05,0.0099960466124116,-1.6239708890193e-07,1.6258867162389e-07,-6.5685390369703e-06,-6.5880459584552e-06,-5.4625019265973e-06,0.90003150600814,0.90003118781264,2.5,2.5,-6.5759477574196e-06,-0.0001
0.63999999999999,0,0.60264769154394,0.60264769154394,0.99993436598548,0.99993401358285,0.99996902448113,0.99996901765305,7.0227892489665e-07,4.9728818429752e-24,2.3697215864435e-05,2.3671606899187e-05,0.0099960464114203,-1.6079301078917e-07,1.6098270113991e-07,-6.568788513309e-06,-6.5881027550709e-06,-5.4623802793808e-06,0.90003150574213,0.9000311906896,2.5,2.5,-6.5761240540817e-06,-9.9999999999996e-05
0.64124999999999,0,0.60264769154394,0.60264769154394,0.99993436298325,0.99993401406148,0.99996902459969,0.99996901783906,6.9534216098448e-07,4.9237621739211e-24,2.3697611265806e-05,2.3672255253287e-05,0.0099960462124143,-1.5920477697311e-07,1.5939259365252e-07,-6.5690355254442e-06,-6.5881589906778e-06,-5.4622598337316e-06,0.90003150547874,0.90003119353814,2.5,2.5,-6.5762986093727e-06,-0.0001
0.64249999999999,0,0.60264769154394,0.60264769154394,0.99993436001068,0.99993401453539,0.99996902471709,0.99996901802323,6.884739150142e-07,4.8751276855263e-24,2.3698002761556e-05,2.3672897203143e-05,0.0099960460153741,-1.5763223086869e-07,1.5781819241368e-07,-6.5692800977154e-06,-6.5882146708166e-06,-5.4621405777806e-06,0.90003150521795,0.90003119635855,2.5,2.5,-6.5764714404926e-06,-0.00010000000000001
0.64374999999999,0,0.60264769154394,0.60264769154394,0.99993435706746,0.99993401500461,0.99996902483333,0.99996901820559,6.8167351017879e-07,4.8269735849376e-24,2.3698390390306e-05,2.3673532812188e-05,0.00999604582028,-1.5607521770187e-07,1.5625934238002e-07,-6.5695222542221e-06,-6.5882698009756e-06,-5.4620224997901e-06,0.90003150495974,0.9000311991511,2.5,2.5,-6.5766425644724e-06,-9.9999999999995e-05
0.64499999999999,0,0.60264769154394,0.60264769154394,0.99993435415332,0.99993401546919,0.99996902494842,0.99996901838614,6.7494027638347e-07,4.77929512781e-24,2.3698774190227e-05,2.3674162143022e-05,0.009996045627113,-1.5453358386186e-07,1.5471588985981e-07,-6.5697620188276e-06,-6.5883243865855e-06,-5.4619055881097e-06,0.90003150470408,0.90003120191606,2.5,2.5,-6.5768119981741e-06,-0.00010000000000001
0.64624999999999,0,0.60264769154394,0.60264769154394,0.99993435126797,0.99993401592919,0.99996902506237,0.99996901856491,6.6827355012629e-07,4.7320876136496e-24,2.3699154199204e-05,2.3674785257613e-05,0.0099960454358541,-1.5300717756508e-07,1.5318768283268e-07,-6.5699994151565e-06,-6.5883784330251e-06,-5.4617898312272e-06,0.90003150445094,0.90003120465372,2.5,2.5,-6.5769797582933e-06,-9.9999999999988e-05
0.64749999999999,0,0.60264769154394,0.60264769154394,0.99993434841111,0.99993401638465,0.99996902517519,0.99996901874192,6.6167267450433e-07,4.6853463933917e-24,2.3699530454662e-05,2.3675402217428e-05,0.0099960452464843,-1.5149584831747e-07,1.5167457065118e-07,-6.5702344666013e-06,-6.5884319456212e-06,-5.461675217731e-06,0.90003150420031,0.90003120736433,2.5,2.5,-6.5771458613613e-06,-9.9999999999998e-05
0.64874999999999,0,0.60264769154394,0.60264769154394,0.99993434558247,0.9999340168356,0.9999690252869,0.99996901891717,6.5513699906573e-07,4.6390668579791e-24,2.3699902993618e-05,2.3676013083137e-05,0.0099960450589849,-1.4999944726482e-07,1.5017640426118e-07,-6.5704671963241e-06,-6.5884849296469e-06,-5.4615617363329e-06,0.90003150395215,0.90003121004817,2.5,2.5,-6.5773103237452e-06,-0.0001
0.64999999999999,0,0.60264769154394,0.60264769154394,0.99993434278177,0.9999340172821,0.99996902539751,0.9999690190907,6.4866587980033e-07,4.5932444508242e-24,2.3700271852815e-05,2.367661791507e-05,0.0099960448733377,-1.4851782691341e-07,1.4869303602011e-07,-6.5706976272579e-06,-6.5885373903224e-06,-5.4614493758455e-06,0.90003150370644,0.9000312127055,2.5,2.5,-6.577473161651e-06,-0.00010000000000001
0.65124999999999,0,0.60264769154394,0.60264769154394,0.99993434000874,0.99993401772419,0.99996902550703,0.99996901926251,6.4225867905603e-07,4.5478746538718e-24,2.3700637068641e-05,2.3677216772785e-05,0.0099960446895241,-1.4705084126229e-07,1.4722431973233e-07,-6.5709257821086e-06,-6.5885893328173e-06,-5.4613381252029e-06,0.90003150346316,0.90003121533658,2.5,2.5,-6.5776343911246e-06,-9.9999999999989e-05
0.65249999999999,0,0.60264769154394,0.60264769154394,0.9999343372631,0.99993401816192,0.99996902561546,0.99996901943263,6.3591476546182e-07,4.5029529976386e-24,2.3700998676998e-05,2.3677809715279e-05,0.0099960445075262,-1.4559834577991e-07,1.4577011072533e-07,-6.5711516833599e-06,-6.5886407622496e-06,-5.4612279734361e-06,0.90003150322228,0.90003121794167,2.5,2.5,-6.577794028053e-06,-9.9999999999998e-05
0.65374999999999,0,0.60264769154394,0.60264769154394,0.99993433454457,0.99993401859532,0.99996902572283,0.99996901960106,6.2963351389153e-07,4.4584750545547e-24,2.3701356713565e-05,2.3678396800913e-05,0.0099960443273259,-1.4416019735865e-07,1.4433026567746e-07,-6.5713753532698e-06,-6.5886916836881e-06,-5.4611189096977e-06,0.90003150298378,0.90003122052103,2.5,2.5,-6.5779520881669e-06,-9.9999999999994e-05
0.65499999999999,0,0.60264769154394,0.60264769154394,0.9999343318529,0.99993401902444,0.99996902582913,0.99996901976783,6.2341430544506e-07,4.4144364427796e-24,2.3701711213682e-05,2.3678978087673e-05,0.0099960441489056,-1.4273625418194e-07,1.4290464267632e-07,-6.5715968138786e-06,-6.588742102149e-06,-5.4610109232314e-06,0.90003150274763,0.90003122307491,2.5,2.5,-6.5781085870413e-06,-0.00010000000000001
0.65624999999999,0,0.60264769154394,0.60264769154394,0.99993432918782,0.99993401944932,0.99996902593438,0.99996901993295,6.1725652726168e-07,4.3708328223961e-24,2.3702062212134e-05,2.3679553632769e-05,0.0099960439722476,-1.4132637608511e-07,1.4149310129479e-07,-6.571816087009e-06,-6.5887920226016e-06,-5.4609040034075e-06,0.90003150251382,0.90003122560357,2.5,2.5,-6.5782635400971e-06,-0.00010000000000001
0.65749999999999,0,0.60264769154394,0.60264769154394,0.99993432654906,0.99993401987,0.99996902603859,0.99996902009644,6.1115957255758e-07,4.3276598977336e-24,2.3702409743658e-05,2.3680123492849e-05,0.0099960437973346,-1.3993042402545e-07,1.4009550241815e-07,-6.5720331942675e-06,-6.5888414499642e-06,-5.4607981396832e-06,0.90003150228232,0.90003122810725,2.5,2.5,-6.5784169626031e-06,-9.9999999999993e-05
0.65874999999999,0,0.60264769154394,0.60264769154394,0.99993432393636,0.99993402028653,0.99996902614178,0.99996902025832,6.0512284054871e-07,4.2849134132595e-24,2.370275384245e-05,2.3680687724183e-05,0.0099960436241493,-1.3854826047924e-07,1.3871170832289e-07,-6.5722481570495e-06,-6.5888903891078e-06,-5.4606933216234e-06,0.90003150205311,0.9000312305862,2.5,2.5,-6.5785688696776e-06,-9.9999999999994e-05
0.65999999999999,0,0.60264769154394,0.60264769154394,0.99993432134948,0.99993402069895,0.99996902624394,0.9999690204186,5.9914573641998e-07,4.2425891602073e-24,2.3703094542391e-05,2.3681246382332e-05,0.0099960434526746,-1.3717974933099e-07,1.3734158268411e-07,-6.5724609965341e-06,-6.5889388448554e-06,-5.4605895389145e-06,0.90003150182616,0.90003123304067,2.5,2.5,-6.5787192762892e-06,-9.9999999999999e-05
0.66124999999999,0,0.60264769154394,0.60264769154394,0.99993431878814,0.99993402110729,0.9999690263451,0.99996902057729,5.9322767115083e-07,4.2006829614677e-24,2.3703431877033e-05,2.3681799522341e-05,0.0099960432828937,-1.3582475556359e-07,1.3598499044526e-07,-6.5726717336958e-06,-6.5889868219797e-06,-5.4604867813084e-06,0.90003150160145,0.90003123547089,2.5,2.5,-6.5788681972586e-06,-0.00010000000000001
0.66249999999999,0,0.60264769154394,0.60264769154394,0.9999343162521,0.9999340215116,0.99996902644525,0.99996902073442,5.8736806159353e-07,4.1591906946204e-24,2.3703765879697e-05,2.3682347198638e-05,0.0099960431147897,-1.3448314584465e-07,1.3464179797214e-07,-6.5728803892999e-06,-6.589034325212e-06,-5.4603850387003e-06,0.90003150137896,0.9000312378771,2.5,2.5,-6.5790156472603e-06,-9.9999999999999e-05
0.66374999999999,0,0.60264769154394,0.60264769154394,0.99993431374112,0.99993402191191,0.99996902654442,0.99996902089,5.8156633037131e-07,4.1181082630339e-24,2.3704096583199e-05,2.3682889465335e-05,0.0099960429483462,-1.3315478780764e-07,1.3331187287539e-07,-6.5730869839074e-06,-6.5890813592292e-06,-5.4602843010499e-06,0.90003150115867,0.90003124025955,2.5,2.5,-6.5791616408238e-06,-9.9999999999987e-05
0.66499999999999,0,0.60264769154394,0.60264769154394,0.99993431125493,0.99993402230827,0.99996902664261,0.99996902104404,5.7582190579525e-07,4.0774316282313e-24,2.3704424020241e-05,2.3683426375777e-05,0.0099960427835468,-1.3183955069041e-07,1.3199508413643e-07,-6.5732915378754e-06,-6.5891279286688e-06,-5.4601845584371e-06,0.90003150094055,0.90003124261847,2.5,2.5,-6.5793061923353e-06,-0.00010000000000001
0.66624999999999,0,0.60264769154394,0.60264769154394,0.9999343087933,0.99993402270071,0.99996902673982,0.99996902119655,5.7013422179656e-07,4.0371567735278e-24,2.3704748222959e-05,2.3683957982868e-05,0.0099960426203752,-1.3053730480651e-07,1.3069130196158e-07,-6.5734940713598e-06,-6.5891740381177e-06,-5.460085801036e-06,0.90003150072459,0.90003124495408,2.5,2.5,-6.5794493160382e-06,-0.00010000000000001
0.66749999999999,0,0.60264769154394,0.60264769154394,0.99993430635599,0.99993402308928,0.99996902683608,0.99996902134756,5.6450271791623e-07,3.9972797371223e-24,2.3705069223412e-05,2.368448433896e-05,0.0099960424588153,-1.2924792186447e-07,1.2940039791974e-07,-6.5736946043198e-06,-6.5892196921204e-06,-5.4599880191105e-06,0.90003150051076,0.90003124726663,2.5,2.5,-6.579591026036e-06,-9.9999999999999e-05
0.66874999999999,0,0.60264769154394,0.60264769154394,0.99993430394275,0.99993402347401,0.99996902693139,0.99996902149708,5.5892683924495e-07,3.9577965848782e-24,2.3705387053157e-05,2.3685005496071e-05,0.0099960422988512,-1.2797127481743e-07,1.2812224479501e-07,-6.5738931565138e-06,-6.589264895175e-06,-5.4598912030237e-06,0.90003150029904,0.90003124955633,2.5,2.5,-6.5797313362925e-06,-9.9999999999996e-05
0.66999999999999,0,0.60264769154394,0.60264769154394,0.99993430155335,0.99993402385494,0.99996902702575,0.99996902164513,5.5340603636083e-07,3.9187034250486e-24,2.3705701743503e-05,2.3685521505354e-05,0.0099960421404671,-1.2670723785352e-07,1.268567166158e-07,-6.5740897475074e-06,-6.589309651737e-06,-5.4597953432402e-06,0.90003150008942,0.90003125182342,2.5,2.5,-6.5798702606338e-06,-0.00010000000000001
0.67124999999999,0,0.60264769154394,0.60264769154394,0.99993429918755,0.99993402423211,0.99996902711918,0.99996902179171,5.4793976521498e-07,3.8799964129067e-24,2.3706013325553e-05,2.3686032417827e-05,0.0099960419836475,-1.2545568641005e-07,1.2560368870194e-07,-6.5742843966732e-06,-6.5893539662147e-06,-5.4597004303116e-06,0.90003149988186,0.90003125406811,2.5,2.5,-6.580007812749e-06,-9.9999999999983e-05
0.67249999999999,0,0.60264769154394,0.60264769154394,0.99993429684512,0.99993402460555,0.99996902721169,0.99996902193684,5.4252748721867e-07,3.8416717271547e-24,2.370632182992e-05,2.3686538283708e-05,0.0099960418283769,-1.2421649718836e-07,1.2436303759391e-07,-6.574477123189e-06,-6.5893978429769e-06,-5.4596064548836e-06,0.90003149967636,0.90003125629063,2.5,2.5,-6.5801440061925e-06,-0.00010000000000001
0.67374999999999,0,0.60264769154394,0.60264769154394,0.99993429452583,0.99993402497531,0.99996902730329,0.99996902208054,5.3716866901561e-07,3.8037255937721e-24,2.3706627287033e-05,2.368703915292e-05,0.00999604167464,-1.2298954809713e-07,1.2313464102377e-07,-6.5746679460494e-06,-6.5894412863462e-06,-5.4595134077042e-06,0.90003149947289,0.9000312584912,2.5,2.5,-6.5802788543847e-06,-9.9999999999997e-05
0.67499999999999,0,0.60264769154394,0.60264769154394,0.99993429222944,0.99993402534141,0.99996902739398,0.99996902222282,5.3186278256227e-07,3.7661542727072e-24,2.3706929726983e-05,2.3687535074782e-05,0.0099960415224216,-1.2177471812513e-07,1.2191837791494e-07,-6.5748568840558e-06,-6.5894843006023e-06,-5.4594212795956e-06,0.90003149927142,0.90003126067004,2.5,2.5,-6.5804123706129e-06,-0.0001
0.67624999999999,0,0.60264769154394,0.60264769154394,0.99993428995574,0.99993402570389,0.99996902748378,0.99996902236369,5.2660930504867e-07,3.7289540630802e-24,2.3707229179583e-05,2.3688026098118e-05,0.0099960413717067,-1.2057188770198e-07,1.2071412848946e-07,-6.5750439558255e-06,-6.5895268899859e-06,-5.4593300614821e-06,0.90003149907195,0.90003126282735,2.5,2.5,-6.580544568034e-06,-0.0001
0.67749999999999,0,0.60264769154394,0.60264769154394,0.99993428770449,0.9999340260628,0.99996902757269,0.99996902250317,5.214077187706e-07,3.6921212963167e-24,2.3707525674359e-05,2.3688512271424e-05,0.0099960412224805,-1.193809382147e-07,1.195217740168e-07,-6.5752291797921e-06,-6.5895690586921e-06,-5.4592397443765e-06,0.90003149887444,0.90003126496335,2.5,2.5,-6.5806754596742e-06,-9.9999999999992e-05
0.67874999999999,0,0.60264769154394,0.60264769154394,0.99993428547549,0.99993402641816,0.99996902766072,0.99996902264128,5.1625751119454e-07,3.6556523503981e-24,2.3707819240481e-05,2.3688993642607e-05,0.0099960410747284,-1.1820175237139e-07,1.1834119706023e-07,-6.5754125742086e-06,-6.5896108108768e-06,-5.4591503193799e-06,0.90003149867889,0.90003126707825,2.5,2.5,-6.5808050584317e-06,-0.0001
0.67999999999999,0,0.60264769154394,0.60264769154394,0.99993428326849,0.99993402677001,0.99996902774788,0.99996902277802,5.1115817481803e-07,3.6195436243895e-24,2.370810990695e-05,2.3689470258952e-05,0.0099960409284356,-1.1703421389291e-07,1.1717228122837e-07,-6.5755941571459e-06,-6.5896521506543e-06,-5.4590617776776e-06,0.90003149848527,0.90003126917227,2.5,2.5,-6.5809333770766e-06,-0.00010000000000001
0.68124999999999,0,0.60264769154394,0.60264769154394,0.9999342810833,0.99993402711838,0.99996902783418,0.99996902291341,5.0610920716941e-07,3.5837915629694e-24,2.3708397702318e-05,2.3689942167566e-05,0.0099960407835878,-1.1587820783238e-07,1.1601491139593e-07,-6.5757739464969e-06,-6.5896930820977e-06,-5.4589741105475e-06,0.90003149829356,0.9000312712456,2.5,2.5,-6.5810604282534e-06,-9.9999999999984e-05
0.68249999999999,0,0.60264769154394,0.60264769154394,0.9999342789197,0.99993402746331,0.99996902791963,0.99996902304746,5.0111011073035e-07,3.5483926417898e-24,2.3708682654998e-05,2.3690409414864e-05,0.0099960406401708,-1.1473362019444e-07,1.1486897347305e-07,-6.5759519599769e-06,-6.5897336092407e-06,-5.4588873093505e-06,0.90003149810374,0.90003127329845,2.5,2.5,-6.5811862244817e-06,-0.00010000000000001
0.68374999999999,0,0.60264769154394,0.60264769154394,0.99993427677746,0.99993402780484,0.99996902800423,0.99996902318019,4.961603928912e-07,3.51334337557e-24,2.3708964793042e-05,2.3690872046963e-05,0.0099960404981704,-1.1360033823519e-07,1.1373435456336e-07,-6.5761282151284e-06,-6.5897737360764e-06,-5.4588013655291e-06,0.9000314979158,0.90003127533102,2.5,2.5,-6.5813107781568e-06,-0.0001
0.68499999999999,0,0.60264769154394,0.60264769154394,0.99993427465638,0.99993402814299,0.999969028088,0.99996902331161,4.9125956590609e-07,3.4786403063054e-24,2.3709244144298e-05,2.3691330109461e-05,0.0099960403575726,-1.1247825027721e-07,1.1261094286382e-07,-6.5763027293191e-06,-6.5898134665595e-06,-5.4587162706205e-06,0.90003149772972,0.90003127734352,2.5,2.5,-6.5814341015524e-06,-9.999999999999e-05
0.68624999999999,0,0.60264769154394,0.60264769154394,0.99993427255626,0.9999340284778,0.99996902817094,0.99996902344172,4.8640714688478e-07,3.444280019682e-24,2.3709520736243e-05,2.3691783647345e-05,0.0099960402183635,-1.1136724576944e-07,1.1149862766774e-07,-6.576475519744e-06,-6.5898528046041e-06,-5.4586320162411e-06,0.90003149754547,0.90003127933614,2.5,2.5,-6.5815562068206e-06,-0.00010000000000001
0.68749999999999,0,0.60264769154394,0.60264769154394,0.99993427047688,0.99993402880931,0.99996902825306,0.99996902357056,4.8160265764697e-07,3.4102591244353e-24,2.3709794596078e-05,2.3692232705432e-05,0.0099960400805295,-1.1026721518785e-07,1.1039729936673e-07,-6.5766466034309e-06,-6.5898917540875e-06,-5.4585485940809e-06,0.90003149736304,0.90003128130908,2.5,2.5,-6.5816771059933e-06,-9.9999999999999e-05
0.68874999999999,0,0.60264769154394,0.60264769154394,0.99993426841804,0.99993402913754,0.99996902833437,0.99996902369812,4.7684562477077e-07,3.3765742704102e-24,2.3710065750969e-05,2.3692677327952e-05,0.0099960399440569,-1.0917805015533e-07,1.0930684942761e-07,-6.5768159972373e-06,-6.5899303188465e-06,-5.4584659959241e-06,0.90003149718242,0.90003128326253,2.5,2.5,-6.5817968109837e-06,-0.00010000000000001
0.68999999999999,0,0.60264769154394,0.60264769154394,0.99993426637953,0.99993402946253,0.99996902841488,0.99996902382442,4.7213557952186e-07,3.3432221404001e-24,2.3710334227474e-05,2.3693117558699e-05,0.0099960398089324,-1.0809964337208e-07,1.0822717043681e-07,-6.5769837178561e-06,-6.5899685026817e-06,-5.45838421363e-06,0.90003149700358,0.90003128519668,2.5,2.5,-6.5819153335875e-06,-9.9999999999992e-05
0.69124999999999,0,0.60264769154394,0.60264769154394,0.99993426436116,0.99993402978431,0.99996902849459,0.99996902394948,4.6747205776664e-07,3.3101994459071e-24,2.3710600052113e-05,2.3693553441061e-05,0.0099960396751425,-1.0703188856937e-07,1.0715815596783e-07,-6.5771497818142e-06,-6.5900063093564e-06,-5.4583032391453e-06,0.9000314968265,0.90003128711173,2.5,2.5,-6.5820326854836e-06,-0.00010000000000001
0.69249999999999,0,0.60264769154394,0.60264769154394,0.99993426236273,0.99993403010291,0.99996902857351,0.99996902407329,4.6285459997934e-07,3.277502930705e-24,2.3710863251092e-05,2.3693985018002e-05,0.0099960395426742,-1.0597468048982e-07,1.0609970070846e-07,-6.5773142054738e-06,-6.590043742595e-06,-5.4582230644779e-06,0.90003149665118,0.90003128900786,2.5,2.5,-6.5821488782356e-06,-9.9999999999995e-05
0.69374999999999,0,0.60264769154394,0.60264769154394,0.99993426038403,0.99993403041836,0.99996902865166,0.99996902419589,4.5828275115445e-07,3.245129379328e-24,2.3711123850273e-05,2.3694412332056e-05,0.0099960394115143,-1.0492791504659e-07,1.0505170034674e-07,-6.5774770050374e-06,-6.5900808060878e-06,-5.4581436817456e-06,0.90003149647758,0.90003129088527,2.5,2.5,-6.5822639232933e-06,-0.0001
0.69499999999999,0,0.60264769154394,0.60264769154394,0.99993425842488,0.9999340307307,0.99996902872903,0.99996902431727,4.5375606078516e-07,3.2130755962943e-24,2.3711381875431e-05,2.3694835425314e-05,0.0099960392816499,-1.0389148896093e-07,1.0401405158458e-07,-6.5776381965478e-06,-6.5901175034847e-06,-5.4580650831125e-06,0.90003149630571,0.90003129274413,2.5,2.5,-6.5823778319926e-06,-0.0001
0.69624999999999,0,0.60264769154394,0.60264769154394,0.99993425648508,0.99993403103995,0.99996902880564,0.99996902443746,4.4927408283607e-07,3.1813384221541e-24,2.3711637351915e-05,2.3695254339463e-05,0.0099960391530683,-1.0286530020391e-07,1.0298665222742e-07,-6.5777977958881e-06,-6.5901538384021e-06,-5.4579872608359e-06,0.90003149613553,0.90003129458463,2.5,2.5,-6.5824906155582e-06,-9.9999999999994e-05
0.69749999999999,0,0.60264769154394,0.60264769154394,0.99993425456445,0.99993403134615,0.99996902888149,0.99996902455646,4.4483637563459e-07,3.1499147363344e-24,2.3711890304909e-05,2.3695669115774e-05,0.0099960390257567,-1.0184924766864e-07,1.0196940101926e-07,-6.5779558187849e-06,-6.5901898144227e-06,-5.4579102072516e-06,0.90003149596703,0.90003129640695,2.5,2.5,-6.5826022851034e-06,-0.0001
0.69874999999999,0,0.60264769154394,0.60264769154394,0.99993425266278,0.99993403164932,0.99996902895659,0.99996902467428,4.4044250192218e-07,3.1188014358094e-24,2.3712140759411e-05,2.3696079795164e-05,0.0099960388997027,-1.0084323115727e-07,1.0096219769573e-07,-6.5781122808109e-06,-6.5902254350893e-06,-5.4578339147666e-06,0.90003149580019,0.90003129821127,2.5,2.5,-6.5827128516322e-06,-0.0001
0.69999999999999,0,0.60264769154394,0.60264769154394,0.9999342507799,0.9999340319495,0.99996902903095,0.99996902479094,4.3609202871602e-07,3.0879954569729e-24,2.3712388739971e-05,2.3696486418026e-05,0.0099960387748937,-9.9847151589424e-08,9.9964943045851e-08,-6.5782671973805e-06,-6.5902607039129e-06,-5.4577583758554e-06,0.900031495635,0.90003129999777,2.5,2.5,-6.5828223260394e-06,-0.00010000000000001
0.70124999999999,0,0.60264769154394,0.60264769154394,0.99993424891561,0.99993403224671,0.99996902910458,0.99996902490645,4.3178452733134e-07,3.0574937656579e-24,2.3712634271209e-05,2.3696889024453e-05,0.0099960386513176,-9.8860910824558e-08,9.8977538779754e-08,-6.5784205837607e-06,-6.5902956243681e-06,-5.4576835830859e-06,0.90003149547145,0.90003130176662,2.5,2.5,-6.5829307191126e-06,-9.9999999999989e-05
0.70249999999999,0,0.60264769154394,0.60264769154394,0.99993424706974,0.99993403254099,0.99996902917748,0.99996902502082,4.2751957332993e-07,3.0272933554093e-24,2.3712877377135e-05,2.3697287654129e-05,0.0099960385289621,-9.788441163463e-08,9.7999887602604e-08,-6.5785724550689e-06,-6.5903301998965e-06,-5.4576095290796e-06,0.90003149530951,0.900031303518,2.5,2.5,-6.5830380415328e-06,-0.00010000000000001
0.70374999999999,0,0.60264769154394,0.60264769154394,0.9999342452421,0.99993403283236,0.99996902924966,0.99996902513405,4.2329674640822e-07,2.9973912466377e-24,2.3713118081765e-05,2.3697682346385e-05,0.0099960384078151,-9.6917557821504e-08,9.7031893178641e-08,-6.578722826265e-06,-6.5903644339044e-06,-5.4575362065423e-06,0.90003149514917,0.90003130525208,2.5,2.5,-6.5831443038749e-06,-9.9999999999999e-05
0.70499999999999,0,0.60264769154394,0.60264769154394,0.99993424343252,0.99993403312086,0.99996902932112,0.99996902524617,4.1911563048893e-07,2.9677845004372e-24,2.3713356408905e-05,2.3698073140063e-05,0.0099960382878648,-9.5960254109734e-08,9.6073460127622e-08,-6.5788717121699e-06,-6.5903983297663e-06,-5.457463608246e-06,0.90003149499041,0.90003130696903,2.5,2.5,-6.5832495166103e-06,-0.00010000000000001
0.70624999999999,0,0.60264769154394,0.60264769154394,0.99993424164081,0.9999340334065,0.99996902939188,0.99996902535718,4.1497581356872e-07,2.9384701923767e-24,2.3713592381881e-05,2.3698460073635e-05,0.0099960381690993,-9.5012406224424e-08,9.5124494014175e-08,-6.5790191274528e-06,-6.5904318908227e-06,-5.4573917270484e-06,0.90003149483322,0.90003130866902,2.5,2.5,-6.5833536901064e-06,-9.9999999999994e-05
0.70749999999999,0,0.60264769154394,0.60264769154394,0.99993423986679,0.99993403368932,0.99996902946195,0.99996902546709,4.1087688771953e-07,2.909445437617e-24,2.3713826024108e-05,2.369884318531e-05,0.0099960380515069,-9.4073920602256e-08,9.418490127535e-08,-6.5791650866411e-06,-6.5904651203773e-06,-5.4573205558491e-06,0.90003149467758,0.90003131035222,2.5,2.5,-6.5834568346281e-06,-9.9999999999989e-05
0.70874999999999,0,0.60264769154394,0.60264769154394,0.9999342381103,0.99993403396935,0.99996902953132,0.99996902557592,4.0681844903563e-07,2.8807073749944e-24,2.3714057358536e-05,2.3699222512766e-05,0.009996037935076,-9.3144704964888e-08,9.3254589426308e-08,-6.5793096041164e-06,-6.5904980217074e-06,-5.4572500876453e-06,0.90003149452348,0.9000313120188,2.5,2.5,-6.5835589603393e-06,-9.9999999999998e-05
0.70999999999999,0,0.60264769154394,0.60264769154394,0.99993423637116,0.99993403424661,0.9999690296,0.99996902568368,4.0280009758767e-07,2.8522531724865e-24,2.3714286407903e-05,2.3699598093456e-05,0.0099960378197952,-9.2224667634707e-08,9.2333466706783e-08,-6.5794526941189e-06,-6.5905305980556e-06,-5.4571803154937e-06,0.90003149437091,0.90003131366891,2.5,2.5,-6.5836600773032e-06,-0.00010000000000001
0.71124999999999,0,0.60264769154394,0.60264769154394,0.9999342346492,0.99993403452114,0.99996902966801,0.99996902579037,3.9882143744185e-07,2.8240800267648e-24,2.3714513194874e-05,2.3699969964274e-05,0.009996037705653,-9.1313717985261e-08,9.1421442385023e-08,-6.5795943707492e-06,-6.5905628526302e-06,-5.4571112325155e-06,0.90003149421984,0.90003131530273,2.5,2.5,-6.5837601954838e-06,-9.9999999999993e-05
0.71249999999999,0,0.60264769154394,0.60264769154394,0.99993423294425,0.99993403479295,0.99996902973534,0.999969025896,3.9488207652573e-07,2.7961851606687e-24,2.3714737741729e-05,2.3700338161996e-05,0.0099960375926383,-9.0411766238657e-08,9.051842659755e-08,-6.5797346479694e-06,-6.5905947886094e-06,-5.4570428319086e-06,0.90003149407026,0.9000313169204,2.5,2.5,-6.5838593247465e-06,-0.0001
0.71374999999999,0,0.60264769154394,0.60264769154394,0.99993423125613,0.99993403506208,0.99996902980201,0.99996902600059,3.9098162665754e-07,2.7685658240041e-24,2.3714960070646e-05,2.370070272285e-05,0.0099960374807399,-8.9518723532286e-08,8.9624330352823e-08,-6.5798735395997e-06,-6.5906264091424e-06,-5.4569751069246e-06,0.90003149392216,0.9000313185221,2.5,2.5,-6.5839574748592e-06,-0.00010000000000001
0.71499999999999,0,0.60264769154394,0.60264769154394,0.99993422958469,0.99993403532855,0.99996902986802,0.99996902610415,3.871197035316e-07,2.7412193016872e-24,2.3715180203472e-05,2.3701063682716e-05,0.0099960373699468,-8.8634501869645e-08,8.8739065547274e-08,-6.5800110593263e-06,-6.5906577173425e-06,-5.456908050897e-06,0.90003149377552,0.90003132010798,2.5,2.5,-6.584054655494e-06,-9.9999999999996e-05
0.71624999999999,0,0.60264769154394,0.60264769154394,0.99993422792977,0.99993403559238,0.99996902993338,0.99996902620669,3.8329592655219e-07,2.714142891556e-24,2.3715398161965e-05,2.3701421077191e-05,0.009996037260248,-8.7759014044675e-08,8.7862544921656e-08,-6.5801472207014e-06,-6.5906887162943e-06,-5.4568416572103e-06,0.90003149363033,0.90003132167819,2.5,2.5,-6.5841508762262e-06,-0.00010000000000001
0.71749999999999,0,0.60264769154394,0.60264769154394,0.99993422629118,0.99993403585361,0.99996902999809,0.99996902630821,3.7950991894041e-07,2.687333932811e-24,2.3715613967541e-05,2.3701774941516e-05,0.0099960371516328,-8.6892173950676e-08,8.699468217458e-08,-6.5802820371424e-06,-6.5907194090557e-06,-5.4567759193331e-06,0.90003149348658,0.9000313232329,2.5,2.5,-6.5842461465378e-06,-9.9999999999992e-05
0.71874999999999,0,0.60264769154394,0.60264769154394,0.99993422466879,0.99993403611226,0.99996903006216,0.99996902640873,3.7576130766846e-07,2.660789776625e-24,2.3715827641548e-05,2.3702125310589e-05,0.0099960370440904,-8.6033896011124e-08,8.6135391711738e-08,-6.5804155219327e-06,-6.5907497986485e-06,-5.4567108307827e-06,0.90003149334424,0.90003132477224,2.5,2.5,-6.5843404758162e-06,-9.9999999999996e-05
0.71999999999999,0,0.60264769154394,0.60264769154394,0.99993422306241,0.99993403636836,0.9999690301256,0.99996902650826,3.720497233091e-07,2.6345078100549e-24,2.3716039204957e-05,2.3702472218815e-05,0.0099960369376103,-8.5184095729733e-08,8.5284588916139e-08,-6.580547688227e-06,-6.5907798880682e-06,-5.456646385142e-06,0.90003149320331,0.90003132629638,2.5,2.5,-6.5844338733568e-06,-0.00010000000000001
0.72124999999999,0,0.60264769154394,0.60264769154394,0.99993422147191,0.99993403662193,0.99996903018842,0.9999690266068,3.6837480014229e-07,2.6084854463786e-24,2.3716248678658e-05,2.370281570046e-05,0.009996036832182,-8.4342689372194e-08,8.4442189933327e-08,-6.5806785490475e-06,-6.5908096802792e-06,-5.4565825760638e-06,0.90003149306378,0.90003132780547,2.5,2.5,-6.5845263483626e-06,-0.0001
0.72249999999999,0,0.60264769154394,0.60264769154394,0.99993421989711,0.99993403687299,0.99996903025061,0.99996902670437,3.6473617605096e-07,2.5827201166177e-24,2.3716456083239e-05,2.3703155789401e-05,0.009996036727795,-8.3509593996126e-08,8.360811173783e-08,-6.5808081172905e-06,-6.590839178217e-06,-5.456519397262e-06,0.90003149292562,0.90003132929965,2.5,2.5,-6.584617909946e-06,-0.00010000000000001
0.72374999999999,0,0.60264769154394,0.60264769154394,0.99993421833787,0.99993403712157,0.99996903031219,0.99996902680098,3.6113349250199e-07,2.557209283398e-24,2.3716661439199e-05,2.3703492519107e-05,0.0099960366244391,-8.2684727539013e-08,8.2782272169315e-08,-6.5809364057213e-06,-6.5908683847895e-06,-5.4564568425078e-06,0.90003149278883,0.90003133077907,2.5,2.5,-6.5847085671295e-06,-9.9999999999996e-05
0.72499999999999,0,0.60264769154394,0.60264769154394,0.99993421679403,0.9999340373677,0.99996903037316,0.99996902689663,3.575663944483e-07,2.531950434808e-24,2.3716864766798e-05,2.3703825922763e-05,0.0099960365221041,-8.1868008680514e-08,8.1964589817568e-08,-6.5810634269821e-06,-6.5908973028741e-06,-5.456394905639e-06,0.90003149265338,0.90003133224388,2.5,2.5,-6.584798328846e-06,-0.0001
0.72624999999999,0,0.60264769154394,0.60264769154394,0.99993421526545,0.99993403761139,0.99996903043353,0.99996902699134,3.5403453045788e-07,2.5069410812773e-24,2.3717066085981e-05,2.3704156033212e-05,0.0099960364207799,-8.105935698025e-08,8.1154984137204e-08,-6.5811891935902e-06,-6.5909259353195e-06,-5.4563335805514e-06,0.90003149251928,0.90003133369422,2.5,2.5,-6.5848872039408e-06,-0.0001
0.72749999999999,0,0.60264769154394,0.60264769154394,0.99993421375195,0.99993403785268,0.9999690304933,0.99996902708512,3.5053755244968e-07,2.4821787540341e-24,2.3717265416682e-05,2.3704482882987e-05,0.0099960363204565,-8.0258692760991e-08,8.0353375355257e-08,-6.5813137179385e-06,-6.5909542849477e-06,-5.4562728612022e-06,0.9000314923865,0.90003133513024,2.5,2.5,-6.5849752011713e-06,-9.9999999999999e-05
0.72874999999999,0,0.60264769154394,0.60264769154394,0.99993421225341,0.99993403809158,0.99996903055248,0.99996902717796,3.4707511587145e-07,2.4576610231092e-24,2.3717462778465e-05,2.3704806504343e-05,0.0099960362211241,-7.9465937060934e-08,7.9559684432764e-08,-6.5814370122962e-06,-6.5909823545524e-06,-5.4562127416088e-06,0.90003149225503,0.90003133655207,2.5,2.5,-6.5850623292087e-06,-9.9999999999998e-05
0.72999999999999,0,0.60264769154394,0.60264769154394,0.99993421076967,0.99993403832813,0.99996903061108,0.99996902726989,3.4364687952059e-07,2.4333854633113e-24,2.371765819079e-05,2.3705126929089e-05,0.0099960361227728,-7.8681011855801e-08,7.8773833233565e-08,-6.5815590888138e-06,-6.5910101468995e-06,-5.4561532158491e-06,0.90003149212486,0.90003133795986,2.5,2.5,-6.5851485966384e-06,-9.9999999999996e-05
0.73124999999999,0,0.60264769154394,0.60264769154394,0.99993420930059,0.99993403856234,0.9999690306691,0.99996902736091,3.402525056114e-07,2.4093496844062e-24,2.3717851672948e-05,2.3705444188851e-05,0.009996036025393,-7.7903839714256e-08,7.7995744252018e-08,-6.5816799595192e-06,-6.5910376647277e-06,-5.4560942780521e-06,0.90003149199597,0.90003133935374,2.5,2.5,-6.5852340119611e-06,-0.0001
0.73249999999999,0,0.60264769154394,0.60264769154394,0.99993420784602,0.99993403879423,0.99996903072655,0.99996902745103,3.3689165964e-07,2.3855513203364e-24,2.3718043243967e-05,2.3705758314859e-05,0.0099960359289751,-7.7134344125682e-08,7.7225340871901e-08,-6.5817996363238e-06,-6.5910649107482e-06,-5.4560359224166e-06,0.90003149186836,0.90003134073385,2.5,2.5,-6.5853185835936e-06,-9.9999999999996e-05
0.73374999999999,0,0.60264769154394,0.60264769154394,0.99993420640581,0.99993403902384,0.99996903078342,0.99996902754027,3.3356401044397e-07,2.3619880241479e-24,2.3718232922741e-05,2.3706069338121e-05,0.0099960358335095,-7.6372449207003e-08,7.6462547136604e-08,-6.5819181310195e-06,-6.5910918876464e-06,-5.4559781431871e-06,0.90003149174201,0.90003134210033,2.5,2.5,-6.5854023198692e-06,-0.00010000000000002
0.73499999999999,0,0.60264769154394,0.60264769154394,0.99993420497983,0.99993403925118,0.99996903083974,0.99996902762862,3.3026923011132e-07,2.3386574727715e-24,2.3718420727983e-05,2.3706377289204e-05,0.0099960357389869,-7.5618079951645e-08,7.5707287930944e-08,-6.5820354552842e-06,-6.5911185980799e-06,-5.4559209346739e-06,0.90003149161691,0.90003134345331,2.5,2.5,-6.5854852290393e-06,-9.9999999999976e-05
0.73624999999999,0,0.60264769154394,0.60264769154394,0.99993420356794,0.99993403947627,0.9999690308955,0.9999690277161,3.2700699400517e-07,2.3155573728318e-24,2.3718606678171e-05,2.3706682198522e-05,0.009996035645398,-7.4871161931269e-08,7.4959488773438e-08,-6.5821516206779e-06,-6.5911450446808e-06,-5.4558642912343e-06,0.90003149149304,0.90003134479293,2.5,2.5,-6.5855673192737e-06,-9.9999999999997e-05
0.73749999999999,0,0.60264769154394,0.60264769154394,0.99993420216999,0.99993403969913,0.99996903095071,0.99996902780271,3.2377698064237e-07,2.2926854408292e-24,2.3718790791634e-05,2.3706984096063e-05,0.0099960355527334,-7.4131621642598e-08,7.4219076011477e-08,-6.5822666386479e-06,-6.5911712300559e-06,-5.4558082072972e-06,0.9000314913704,0.90003134611932,2.5,2.5,-6.5856485986614e-06,-0.00010000000000001
0.73874999999999,0,0.60264769154394,0.60264769154394,0.99993420078585,0.9999340399198,0.99996903100537,0.99996902788847,3.2057887174953e-07,2.2700394296256e-24,2.3718973086495e-05,2.3707283011693e-05,0.0099960354609842,-7.3399386132381e-08,7.348597668943e-08,-6.5823805205253e-06,-6.5911971567841e-06,-5.4557526773256e-06,0.90003149124897,0.90003134743261,2.5,2.5,-6.5857290752113e-06,-9.9999999999989e-05
0.73999999999999,0,0.60264769154394,0.60264769154394,0.99993419941538,0.99993404013829,0.9999690310595,0.99996902797338,3.1741235221691e-07,2.2476171035931e-24,2.3719153580745e-05,2.3707578974681e-05,0.0099960353701412,-7.2674383295953e-08,7.2760118558507e-08,-6.5824932775353e-06,-6.5912228274212e-06,-5.4556976958483e-06,0.90003149112873,0.90003134873292,2.5,2.5,-6.5858087568538e-06,-0.0001
0.74124999999999,0,0.60264769154394,0.60264769154394,0.99993419805845,0.99993404035462,0.99996903111309,0.99996902805745,3.1427710995652e-07,2.2254162527605e-24,2.3719332292178e-05,2.3707872014365e-05,0.0099960352801956,-7.1956541694857e-08,7.2041430086134e-08,-6.5826049207874e-06,-6.5912482444961e-06,-5.4556432574579e-06,0.90003149100969,0.90003135002039,2.5,2.5,-6.5858876514404e-06,-0.00010000000000001
0.74249999999999,0,0.60264769154394,0.60264769154394,0.99993419671492,0.99993404056881,0.99996903116615,0.99996902814069,3.1117283611671e-07,2.2034346899419e-24,2.3719509238404e-05,2.3708162159545e-05,0.0099960351911383,-7.1245790553019e-08,7.1329840473151e-08,-6.5827154612817e-06,-6.5912734105144e-06,-5.4555893567794e-06,0.90003149089182,0.90003135129514,2.5,2.5,-6.5859657667454e-06,-9.999999999999e-05
0.74374999999999,0,0.60264769154394,0.60264769154394,0.99993419538466,0.99993404078088,0.99996903121868,0.99996902822311,3.080992247252e-07,2.1816702533817e-24,2.3719684436809e-05,2.3708449438808e-05,0.0099960351029607,-7.0542059871681e-08,7.0625279592569e-08,-6.5828249099122e-06,-6.5912983279546e-06,-5.455535988503e-06,0.90003149077511,0.90003135255731,2.5,2.5,-6.586043110466e-06,-0.0001
0.74499999999999,0,0.60264769154394,0.60264769154394,0.99993419406755,0.99993404099087,0.9999690312707,0.99996902830472,3.0505597296405e-07,2.1601207931047e-24,2.3719857904702e-05,2.3708733880448e-05,0.0099960350156541,-6.9845280288175e-08,6.9927677994377e-08,-6.5829332774635e-06,-6.5913229992728e-06,-5.455483147375e-06,0.90003149065956,0.900031353807,2.5,2.5,-6.5861196902235e-06,-0.00010000000000001
0.74624999999999,0,0.60264769154394,0.60264769154394,0.99993419276344,0.99993404119877,0.9999690313222,0.99996902838552,3.0204278093551e-07,2.1387841872808e-24,2.3720029659154e-05,2.370901551253e-05,0.0099960349292099,-6.9155383172663e-08,6.9236966992499e-08,-6.5830405746138e-06,-6.5913474268999e-06,-5.4554308281857e-06,0.90003149054515,0.90003135504435,2.5,2.5,-6.586195513564e-06,-9.9999999999979e-05
0.74749999999999,0,0.60264769154394,0.60264769154394,0.99993419147221,0.99993404140463,0.9999690313732,0.99996902846552,2.9905935172098e-07,2.1176583372853e-24,2.3720199717121e-05,2.3709294362794e-05,0.0099960348436195,-6.8472300470943e-08,6.855307845971e-08,-6.5831468119344e-06,-6.5913716132434e-06,-5.4553790257781e-06,0.90003149043187,0.90003135626948,2.5,2.5,-6.5862705879591e-06,-0.00010000000000001
0.74874999999999,0,0.60264769154394,0.60264769154394,0.99993419019374,0.99993404160845,0.99996903142369,0.99996902854473,2.9610539134854e-07,2.0967411543471e-24,2.3720368095333e-05,2.3709570458673e-05,0.0099960347588746,-6.7795964962254e-08,6.7875945061028e-08,-6.5832519998962e-06,-6.5913955606853e-06,-5.4553277350496e-06,0.90003149031971,0.90003135748251,2.5,2.5,-6.5863449208065e-06,-0.00010000000000001
0.74999999999999,0,0.60264769154394,0.60264769154394,0.99993418892789,0.99993404181026,0.99996903147368,0.99996902862316,2.9318060874977e-07,2.0760305847944e-24,2.3720534810403e-05,2.3709843827436e-05,0.0099960346749667,-6.7126309947742e-08,6.7205500039429e-08,-6.5833561488633e-06,-6.5914192715864e-06,-5.4552769509453e-06,0.90003149020865,0.90003135868355,2.5,2.5,-6.5864185194307e-06,-9.9999999999983e-05
