time,B_anisotropy,B_par,B_per,J_max,J_min,Jbar_max,Jbar_min,center_pressure,edge_ux,ln_h_max,ln_h_min,mass,mass_reaction,outflow_gradient,platen_max,platen_min,right_reaction,solid_fraction_max,solid_fraction_min,stability_max,stability_min,top_displacement,top_reaction
0,0,0.60264769154394,0.60264769154394,1,1,1,1,0,0,-0,-0,0.01,0,0,0,0,0,0.9,0.9,2.5,2.5,0,0
0.0025,0,0.60264769154394,0.60264769154394,0.99999231230228,0.99998123044941,0.99999215216907,0.99999119345311,2.1693362775512e-05,9.4280266025503e-22,4.0705690541439e-06,3.1603925816709e-06,0.0099999042190301,-3.8312387940847e-05,2.9132426537838e-05,-8.0754381357646e-07,-1.291175549581e-06,-1.9058388321487e-06,0.90000896687163,0.89999929354718,2.5,2.5,-8.6108528005451e-07,-2.5e-05
0.005,0,0.60264769154394,0.60264769154394,0.99998466406948,0.9999625981928,0.9999841424796,0.99998251747934,4.3270878206608e-05,1.7905424819377e-21,8.274676150749e-06,6.6714139855267e-06,0.0099997619617027,-5.6902930976331e-05,4.7062196394079e-05,-1.6299242680117e-06,-2.6462482015987e-06,-3.7835484829231e-06,0.90001792802843,0.89999858441943,2.5,2.5,-1.7629366440065e-06,-4.999999999999e-05
0.0075,0,0.60264769154394,0.60264769154394,0.99997704316713,0.99994409449196,0.99997607119052,0.9999739196348,6.4756669413239e-05,2.5954068611149e-21,1.2569454615869e-05,1.0367657503148e-05,0.0099995848603469,-7.0840542330703e-05,6.0768926558201e-05,-2.4635667843992e-06,-4.0302917741707e-06,-5.6401692608938e-06,0.90002684412929,0.8999978753809,2.5,2.5,-2.6953509577721e-06,-7.5000000000009e-05
0.01,0,0.60264769154394,0.60264769154394,0.99996944045965,0.99992569227102,0.99996797238458,0.99996537584248,8.6156841617681e-05,3.3705742727684e-21,1.6931322659397e-05,1.3965012698651e-05,0.0099993788573633,-8.2401193419213e-05,7.2218977047637e-05,-3.3068237709627e-06,-5.4322626993477e-06,-7.4792977229732e-06,0.90003571786842,0.89999717054444,2.5,2.5,-3.6531159281206e-06,-0.00010000000000001
0.0125,0,0.60264769154394,0.60264769154394,0.99996953414391,0.99992614217238,0.99996770855004,0.9999656798004,8.5773982205861e-05,3.178532090124e-21,1.7277321250396e-05,1.4248580142737e-05,0.009999243459388,-5.4159190108607e-05,5.3094870077765e-05,-3.3513448462293e-06,-5.5560699489752e-06,-7.3973499456205e-06,0.90003558649356,0.89999718243012,2.5,2.5,-3.7718783592971e-06,-9.9999999999987e-05
0.015,0,0.60264769154394,0.60264769154394,0.99996958630474,0.99992652458892,0.99996760109612,0.99996588662347,8.54060164099e-05,3.0600518655658e-21,1.753705900206e-05,1.44832785155e-05,0.0099991319717897,-4.459503931858e-05,4.415369537764e-05,-3.3895146568408e-06,-5.6262992298815e-06,-7.3298735977411e-06,0.90003542843422,0.89999721515488,2.5,2.5,-3.8696681393374e-06,-0.00010000000000001
0.0175,0,0.60264769154394,0.60264769154394,0.99996959709507,0.9999268392684,0.99996755389939,0.99996604361646,8.5012368785567e-05,2.9648743339938e-21,1.7748420297284e-05,1.4689934816298e-05,0.0099990347202845,-3.8900602109993e-05,3.8666195072246e-05,-3.4248944542781e-06,-5.6761938383014e-06,-7.2710134509499e-06,0.90003528649484,0.89999727544539,2.5,2.5,-3.9549709304526e-06,-9.9999999999998e-05
0.02,0,0.60264769154394,0.60264769154394,0.99996956286369,0.99992710665494,0.99996753537094,0.99996617122121,8.4567192461827e-05,2.8812487673108e-21,1.7931355741449e-05,1.487838009883e-05,0.0099989473011786,-3.4967642350588e-05,3.4828526916989e-05,-3.4593157149419e-06,-5.7156481330655e-06,-7.2181042297454e-06,0.90003516067262,0.89999736967863,2.5,2.5,-4.0316493706165e-06,-0.00010000000000001
0.0225,0,0.60264769154394,0.60264769154394,0.99996948007234,0.99992734056923,0.99996753243691,0.99996627958372,8.4053188940722e-05,2.8050141617296e-21,1.8095450867958e-05,1.5054323288808e-05,0.0099988672391859,-3.2024797082096e-05,3.1938164805303e-05,-3.4938852078616e-06,-5.7487420786196e-06,-7.1696478009142e-06,0.90003504765959,0.89999750272741,2.5,2.5,-4.1018746223562e-06,-9.9999999999988e-05
0.025,0,0.60264769154394,0.60264769154394,0.99996934670675,0.99992754974415,0.99996753875781,0.99996637438086,8.3460078386456e-05,2.7341953428525e-21,1.8245870431837e-05,1.5221412981288e-05,0.0099987929665201,-2.9709066314877e-05,2.9654624183817e-05,-3.5292823562665e-06,-5.7775322708488e-06,-7.1246952832271e-06,0.90003494470479,0.89999767743037,2.5,2.5,-4.167021847351e-06,-0.0001
0.0275,0,0.60264769154394,0.60264769154394,0.99996916267319,0.99992773989438,0.99996755090045,0.99996645908899,8.2783580289214e-05,2.667653777198e-21,1.8385722922539e-05,1.538207283313e-05,0.0099987234112981,-2.7822088810817e-05,2.7788839019535e-05,-3.5658913759471e-06,-5.8031999085198e-06,-7.0825979340094e-06,0.9000348497934,0.8999978945439,2.5,2.5,-4.2280312328486e-06,-0.0001
0.03,0,0.60264769154394,0.60264769154394,0.99996892966556,0.99992791493145,0.99996756685056,0.99996653598687,8.2024251206638e-05,2.6046453751057e-21,1.8517047780643e-05,1.553792581552e-05,0.0099986578005568,-2.6244296507885e-05,2.6225708715081e-05,-3.6038842444395e-06,-5.8264874980495e-06,-7.0428879279637e-06,0.90003476145566,0.89999815301322,2.5,2.5,-4.2855807724843e-06,-9.9999999999993e-05
0.0325,0,0.60264769154394,0.60264769154394,0.99996865078317,0.99992807764371,0.99996758535304,0.99996660664862,8.1186232863739e-05,2.5446423985171e-21,1.8641272453553e-05,1.5690048932458e-05,0.009998595554523,-2.4898413512542e-05,2.4890343934276e-05,-3.6432832938012e-06,-5.8478934832994e-06,-7.0052143652194e-06,0.90003467859859,0.89999845039725,2.5,2.5,-4.3401790062329e-06,-9.9999999999999e-05
0.035,0,0.60264769154394,0.60264769154394,0.99996833007871,0.99992823008844,0.99996760558836,0.99996667220764,8.0276069413445e-05,2.4872494862424e-21,1.8759445717688e-05,1.5839142658282e-05,0.0099985362249959,-2.3731810837352e-05,2.373149348705e-05,-3.6840105412384e-06,-5.8677695473254e-06,-6.9693059783566e-06,0.90003460039055,0.89999878332015,2.5,2.5,-4.3922190671278e-06,-0.00010000000000001
0.0375,0,0.60264769154394,0.60264769154394,0.99996797213914,0.99992837382777,0.99996762700101,0.9999667335076,7.9301704627007e-05,2.4321589519889e-21,1.8872367099287e-05,1.598564919155e-05,0.0099984794571333,-2.270714503609e-05,2.2712658101889e-05,-3.7259258171223e-06,-5.886373662032e-06,-6.9349480039886e-06,0.90003452618482,0.89999914787408,2.5,2.5,-4.4420122000042e-06,-9.9999999999994e-05
0.04,0,0.60264769154394,0.60264769154394,0.99996758174547,0.9999285100767,0.9999676492027,0.99996679119392,7.8271701828341e-05,2.3791246552456e-21,1.898066376987e-05,1.6129836160308e-05,0.0099984249645622,-2.1797028474098e-05,2.1806992391381e-05,-3.7688550813985e-06,-5.9039010324084e-06,-6.9019671187058e-06,0.90003445546872,0.89999953994016,2.5,2.5,-4.489809593001e-06,-0.00010000000000001
0.0425,0,0.60264769154394,0.60264769154394,0.99996716362218,0.99992863979932,0.99996767191501,0.99996684577158,7.7194680502619e-05,2.3279455797675e-21,1.9084838898564e-05,1.6271855680935e-05,0.0099983725125077,-2.0980821781387e-05,2.0994219034072e-05,-3.8126105082631e-06,-5.92050314897e-06,-6.8702212283305e-06,0.90003438782895,0.89999995542304,2.5,2.5,-4.535817175423e-06,-9.9999999999991e-05
0.045,0,0.60264769154394,0.60264769154394,0.9999667222683,0.99992876377372,0.99996769493397,0.9999668976432,7.6078938103768e-05,2.2784549093708e-21,1.9185303519465e-05,1.6411785562406e-05,0.0099983219059706,-2.0242614828343e-05,2.0258677632964e-05,-3.8570040307337e-06,-5.9363000497306e-06,-6.8395923121759e-06,0.90003432292757,0.90000039040857,2.5,2.5,-4.5802059882091e-06,-9.9999999999999e-05
0.0475,0,0.60264769154394,0.60264769154394,0.99996626185474,0.99992888263684,0.9999677181074,0.99996694713491,7.4932217350592e-05,2.2305124252587e-21,1.928239837922e-05,1.6549657625798e-05,0.0099982729812017,-1.9569907571683e-05,1.9588045302179e-05,-3.901855940056e-06,-5.9513885102567e-06,-6.8099812632436e-06,0.90003426048478,0.90000084126011,2.5,2.5,-4.623119661705e-06,-0.0001
0.05,0,0.60264769154394,0.60264769154394,0.99996578617132,0.99992899691642,0.99996774132002,0.99996699451441,7.3761580861757e-05,2.1839990183909e-21,1.9376409422606e-05,1.6685476831072e-05,0.0099982255994007,-1.8952720423039e-05,1.897247125493e-05,-3.9469999041992e-06,-5.9658476904782e-06,-6.7813040745718e-06,0.90003420026651,0.90000130466908,2.5,2.5,-4.6646799426164e-06,-0.00010000000000001
0.0525,0,0.60264769154394,0.60264769154394,0.99996529860882,0.99992910705426,0.99996776448343,0.99996704000394,7.2573360898295e-05,2.1388126086411e-21,1.9467579087082e-05,1.681923393562e-05,0.0099981796419568,-1.8382977519276e-05,1.8403975340156e-05,-3.9922854936042e-06,-5.979743137271e-06,-6.7534889586929e-06,0.90003414207514,0.90000177767324,2.5,2.5,-4.704990868575e-06,-0.0001
0.055,0,0.60264769154394,0.60264769154394,0.99996480216441,0.99992921342349,0.99996778752912,0.9999670837898,7.1373159011822e-05,2.0948650344621e-21,1.9556114746977e-05,1.6950913666552e-05,0.0099981350067854,-1.7854068585355e-05,1.7876019808353e-05,-4.0375790390721e-06,-5.9931296918952e-06,-6.7264741301081e-06,0.90003408574249,0.90000225765368,2.5,2.5,-4.7441419819378e-06,-9.9999999999992e-05
0.0575,0,0.60264769154394,0.60264769154394,0.99996429946142,0.99992931634169,0.99996781040367,0.99996712602944,7.0165876930011e-05,2.0520796326882e-21,1.9642195161641e-05,1.7080499825316e-05,0.0099980916054586,-1.7360530715752e-05,1.7383197678381e-05,-4.0827634226213e-06,-6.0060536487483e-06,-6.700206069174e-06,0.90003403112442,0.90000274231844,2.5,2.5,-4.7822108457851e-06,-9.9999999999999e-05
0.06,0,0.60264769154394,0.60264769154394,0.99996379277743,0.99992941608099,0.99996783306517,0.99996716685692,6.8955765416504e-05,2.0103893229195e-21,1.9725975492497e-05,1.7207978326878e-05,0.0099980493609273,-1.6897812538777e-05,1.6921001377877e-05,-4.1277372251803e-06,-6.0185543901142e-06,-6.6746381429092e-06,0.90003397809664,0.90000322967852,2.5,2.5,-4.8192650427669e-06,-0.0001
0.0625,0,0.60264769154394,0.60264769154394,0.99996328407608,0.99992951287603,0.99996785548073,0.99996720638709,6.7746482026397e-05,1.9697350690704e-21,1.98075912692e-05,1.7333338870665e-05,0.0099980082056868,-1.6462096163502e-05,1.6485647794683e-05,-4.1724135212109e-06,-6.0306656462393e-06,-6.6497294951126e-06,0.90003392655134,0.90000371802042,2.5,2.5,-4.855363783511e-06,-9.9999999999994e-05
0.065,0,0.60264769154394,0.60264769154394,0.99996277503987,0.99992960693021,0.99996787762455,0.99996724471891,6.6541151767038e-05,1.9300646290672e-21,1.9887161568848e-05,1.7456575724293e-05,0.0099979680802857,-1.6050160446712e-05,1.6073943735472e-05,-4.2167185131775e-06,-6.0424164821854e-06,-6.6254441435114e-06,0.9000338763945,0.90000420587746,2.5,2.5,-4.8905592151931e-06,-9.9999999999996e-05
0.0675,0,0.60264769154394,0.60264769154394,0.99996226710216,0.99992969842077,0.99996789947646,0.99996728193811,6.5342426880071e-05,1.8913315280695e-21,1.9964791594577e-05,1.7577687946626e-05,0.0099979289320999,-1.5659274345032e-05,1.5683180854474e-05,-4.2605901298327e-06,-6.0538320816663e-06,-6.6017502380976e-06,0.90003382754374,0.90000469200188,2.5,2.5,-4.9248974962482e-06,-0.00010000000000002
0.07,0,0.60264769154394,0.60264769154394,0.99996176147725,0.99992978750294,0.9999679210209,0.99996731811931,6.4152543490424e-05,1.8534942085832e-21,2.0040574788512e-05,1.7696679269537e-05,0.0099978907143185,-1.5287112559918e-05,1.5311052449383e-05,-4.3039766645376e-06,-6.0649343774598e-06,-6.5786194472986e-06,0.9000337799265,0.90000517533845,2.5,2.5,-4.9584196861046e-06,-9.9999999999979e-05
0.0725,0,0.60264769154394,0.60264769154394,0.99996125918805,0.99992987431327,0.99996794224596,0.99996735332774,6.2973373902061e-05,1.8165153217007e-21,2.0114594577317e-05,1.7813557784081e-05,0.0099978533850985,-1.4931687969858e-05,1.4955586749815e-05,-4.3468354975872e-06,-6.075742563912e-06,-6.5560264462093e-06,0.9000337334786,0.90000565500023,2.5,2.5,-4.9911624867506e-06,-0.0001
0.075,0,0.60264769154394,0.60264769154394,0.99996076109104,0.99992995897248,0.99996796314281,0.99996738762071,6.1806474000844e-05,1.7803611329072e-21,2.018692582537e-05,1.7928335526102e-05,0.0099978169068563,-1.4591296909521e-05,1.4615092841679e-05,-4.3891319249718e-06,-6.0862735175375e-06,-6.533948487731e-06,0.90003368814295,0.90000613024654,2.5,2.5,-5.0231588643092e-06,-9.9999999999994e-05
0.0775,0,0.60264769154394,0.60264769154394,0.99996026789859,0.99993004158774,0.99996798370509,0.99996742104877,6.065312565773e-05,1.7450010214117e-21,2.0257636051085e-05,1.8041028021747e-05,0.0099977812456702,-1.4264474422239e-05,1.4288116414349e-05,-4.4308381023063e-06,-6.0965421449377e-06,-6.5123650413935e-06,0.9000336438686,0.90000660046344,2.5,2.5,-5.0544385724888e-06,-0.0001
0.08,0,0.60264769154394,0.60264769154394,0.99995978019867,0.99993012225465,0.99996800392851,0.99996745365673,5.9514374288786e-05,1.7104070565256e-21,2.0326786450572e-05,1.8151653829914e-05,0.0099977463707768,-1.3949957363726e-05,1.3973403248813e-05,-4.4719321039531e-06,-6.1065616725617e-06,-6.491257487934e-06,0.9000336006098,0.90000706514633,2.5,2.5,-5.085028595124e-06,-0.00010000000000001
0.0825,0,0.60264769154394,0.60264769154394,0.99995929847219,0.99993020105889,0.99996802381047,0.99996748548444,5.8391061880087e-05,1.6765536384141e-21,2.0394432762299e-05,1.8260234105297e-05,0.0099977122541424,-1.3646653764702e-05,1.3669868882661e-05,-4.5123970922052e-06,-6.1163438893876e-06,-6.4706088604008e-06,0.90003355832533,0.90000752388472,2.5,2.5,-5.1149535215358e-06,-9.9999999999989e-05
0.085,0,0.60264769154394,0.60264769154394,0.99995882310806,0.99993027807757,0.99996804334981,0.99996751656754,5.7283855860161e-05,1.6434171921144e-21,2.0460626000407e-05,1.8366792191954e-05,0.0099976788700993,-1.3353617237512e-05,1.3376573258485e-05,-4.5522205886922e-06,-6.1258993511492e-06,-6.4504036237695e-06,0.90003351697784,0.90000797634892,2.5,2.5,-5.1442358657685e-06,-0.00010000000000002
0.0875,0,0.60264769154394,0.60264769154394,0.99995835441643,0.99993035338046,0.99996806254653,0.99996754693804,5.6193274231405e-05,1.6109759067536e-21,2.0525413078123e-05,1.847135325544e-05,0.0099976461950356,-1.3070025491918e-05,1.3092699433896e-05,-4.5913938387057e-06,-6.135237552878e-06,-6.4306274872181e-06,0.90003347653335,0.90000842227843,2.5,2.5,-5.1728963387158e-06,-9.9999999999985e-05
0.09,0,0.60264769154394,0.60264769154394,0.99995789264006,0.99993042703094,0.99996808140162,0.99996757662479,5.5119707369352e-05,1.5792095125793e-21,2.0588837338848e-05,1.8573943953615e-05,0.00999761420713,-1.2795162224129e-05,1.2817535629045e-05,-4.6299112589031e-06,-6.1443670751527e-06,-6.4112672437753e-06,0.90003343696077,0.90000886147193,2.5,2.5,-5.2009540805318e-06,-0.0001
0.0925,0,0.60264769154394,0.60264769154394,0.99995743796417,0.99993049908688,0.99996809991689,0.99996760565395,5.4063436880011e-05,1.5480990902336e-21,2.0650939010319e-05,1.8674592146317e-05,0.0099975828861255,-1.2528401798457e-05,1.2550460038531e-05,-4.6677699590063e-06,-6.1532957083838e-06,-6.3923106331109e-06,0.90003339823157,0.90000929377854,2.5,2.5,-5.2284268594519e-06,-0.00010000000000001
0.095,0,0.60264769154394,0.60264769154394,0.99995699052499,0.99993056960136,0.99996811809481,0.99996763404933,5.3024651876554e-05,1.5176269070127e-21,2.0711755592418e-05,1.8773326640258e-05,0.0099975522131349,-1.2269196254763e-05,1.229092794643e-05,-4.7049693286332e-06,-6.162030558707e-06,-6.3737462239863e-06,0.90003336031939,0.90000971909038,2.5,2.5,-5.2553312421222e-06,-9.9999999999996e-05
0.0975,0,0.60264769154394,0.60264769154394,0.99995655041707,0.99993063862329,0.99996813593839,0.99996766183271,5.2003463003127e-05,1.4877762765772e-21,2.0771322190302e-05,1.8870176968396e-05,0.0099975221704742,-1.2017064263128e-05,1.2038460770511e-05,-4.7415106811836e-06,-6.1705781383436e-06,-6.3555633134816e-06,0.90003332319982,0.90001013733604,2.5,2.5,-5.2816827397099e-06,-9.9999999999999e-05
0.1,0,0.60264769154394,0.60264769154394,0.99995611769961,0.99993070619794,0.99996815345114,0.9999676890241,5.0999914500261e-05,1.4585314382109e-21,2.0829671799448e-05,1.896517319877e-05,0.0099974927415199,-1.1771581716361e-05,1.1792636730011e-05,-4.7773969474067e-06,-6.1789444428367e-06,-6.3377518403938e-06,0.90003328685012,0.90001054847508,2.5,2.5,-5.3074959333824e-06,-9.9999999999998e-05
0.1025,0,0.60264769154394,0.60264769154394,0.99995569240185,0.9999307723674,0.99996817063689,0.99996771564198,5.0013994572039e-05,1.4298774528823e-21,2.0886835551218e-05,1.9058345769845e-05,0.0099974639105857,-1.1532373705275e-05,1.1553082883961e-05,-4.8126324121521e-06,-6.1871350171822e-06,-6.3203023107566e-06,0.90003325124903,0.90001095249321,2.5,2.5,-5.332784582192e-06,-0.0001
0.105,0,0.60264769154394,0.60264769154394,0.99995527452777,0.99993083717099,0.9999681874998,0.99996774170347,4.9045644284911e-05,1.4018001138658e-21,2.0942842923683e-05,1.9149725350265e-05,0.0099974356628165,-1.1299107665284e-05,1.1319468330853e-05,-4.8472224884839e-06,-6.1951550124975e-06,-6.3032057338476e-06,0.90003321637658,0.90001134939824,2.5,2.5,-5.3575617159298e-06,-9.9999999999997e-05
0.1075,0,0.60264769154394,0.60264769154394,0.99995486406007,0.99993090064554,0.99996820404427,0.99996776722452,4.8094765198772e-05,1.3742858695034e-21,2.099772192332e-05,1.9239342718492e-05,0.0099974079840977,-1.1071487516137e-05,1.1091498393814e-05,-4.8811735240845e-06,-6.2030092346385e-06,-6.2864535669079e-06,0.90003318221395,0.90001173921648,2.5,2.5,-5.3818397151303e-06,-0.00010000000000002
0.11,0,0.60264769154394,0.60264769154394,0.99995446096358,0.99993096282574,0.99996822027489,0.99996779222004,4.7161225905157e-05,1.3473217565462e-21,2.1051499241724e-05,1.9327228661301e-05,0.0099973808609761,-1.0849248647926e-05,1.0868909644604e-05,-4.9144926355428e-06,-6.2107021859573e-06,-6.2700376675799e-06,0.90003314874337,0.90001212198981,2.5,2.5,-5.4056303800808e-06,-9.999999999998e-05
0.1125,0,0.60264769154394,0.60264769154394,0.9999540651882,0.99993102374435,0.99996823619637,0.99996781670404,4.6244867624852e-05,1.3208953424849e-21,2.11042003909e-05,1.9413413887654e-05,0.009997354280592,-1.0632153626969e-05,1.0651465642141e-05,-4.9471875665989e-06,-6.2182381012078e-06,-6.253950252755e-06,0.90003311594793,0.90001249777305,2.5,2.5,-5.4289449904148e-06,-9.9999999999992e-05
0.115,0,0.60264769154394,0.60264769154394,0.99995367667143,0.99993108343246,0.99996825181357,0.99996784068971,4.5345508996018e-05,1.2949946756877e-21,2.1155849820052e-05,1.9497928955915e-05,0.0099973282306207,-1.0419988516256e-05,1.043895328078e-05,-4.9792665670953e-06,-6.22562097842e-06,-6.2381838630192e-06,0.90003308381155,0.90001286663176,2.5,2.5,-5.4517943566356e-06,-0.00010000000000002
0.1175,0,0.60264769154394,0.60264769154394,0.99995329534047,0.99993114191959,0.99996826713139,0.99996786418954,4.446295016686e-05,1.2696082420923e-21,2.1206471016953e-05,1.958080421343e-05,0.0099973026992214,-1.0212559721268e-05,1.0231179659429e-05,-5.0107382896302e-06,-6.2328546055195e-06,-6.2227313319041e-06,0.90003305231888,0.90001322864035,2.5,2.5,-5.4741888647258e-06,-9.9999999999989e-05
0.12,0,0.60264769154394,0.60264769154394,0.99995292111411,0.99993119923395,0.9999682821548,0.99996788721539,4.359697629101e-05,1.2447249275711e-21,2.1256086595395e-05,1.966206974572e-05,0.0099972776749932,-1.0009691283603e-05,1.0027969395686e-05,-5.0416117014884e-06,-6.2399425832551e-06,-6.2075857591771e-06,0.9000330214552,0.90001358388049,2.5,2.5,-5.4961385148179e-06,-9.9999999999989e-05
0.1225,0,0.60264769154394,0.60264769154394,0.99995255390427,0.99993125540251,0.99996829688881,0.99996790977854,4.2747360509753e-05,1.220333985229e-21,2.1304718371806e-05,1.974175533467e-05,0.0099972531469368,-9.8112225591475e-06,9.829162321084e-06,-5.0718960096645e-06,-6.2468883449874e-06,-6.1927404876748e-06,0.90003299120639,0.90001393243968,2.5,2.5,-5.5176529547793e-06,-0.0001
0.125,0,0.60264769154394,0.60264769154394,0.99995219361733,0.99993131045114,0.99996831133843,0.99996793188977,4.1913866494201e-05,1.196425006881e-21,2.1352387430769e-05,1.9819890423631e-05,0.0099972291044213,-9.6170062242275e-06,9.6346115020558e-06,-5.1016005971001e-06,-6.2536951737918e-06,-6.1781890831352e-06,0.90003296155888,0.90001427441012,2.5,2.5,-5.5387415094186e-06,-0.00010000000000002
0.1275,0,0.60264769154394,0.60264769154394,0.99995184015529,0.99993136440471,0.99996832550865,0.9999679535594,4.1096250610159e-05,1.1729878981642e-21,2.1399114183521e-05,1.9896504089886e-05,0.0099972055371549,-9.4269065635353e-06,9.4441815402955e-06,-5.1307349685773e-06,-6.2603662172491e-06,-6.1639253166553e-06,0.90003293249956,0.9000146098877,2.5,2.5,-5.5594132059435e-06,-0.00010000000000001
0.13,0,0.60264769154394,0.60264769154394,0.99995149341672,0.99993141728718,0.99996833940447,0.99996797479734,4.0294263759028e-05,1.1500128565985e-21,2.1444918417927e-05,1.9971625021611e-05,0.0099971824351598,-9.2407979984804e-06,9.2577471120028e-06,-5.1593087048718e-06,-6.2669045002546e-06,-6.1499431493659e-06,0.90003290401579,0.90001493897113,2.5,2.5,-5.5796767961872e-06,-9.9999999999984e-05
0.1325,0,0.60264769154394,0.60264769154394,0.99995115329761,0.9999314691217,0.99996835303083,0.99996799561312,3.9507652941246e-05,1.1274903525394e-21,2.1489819342488e-05,2.004528149996e-05,0.0099971597887503,-9.0585638222527e-06,9.0751917123316e-06,-5.1873314239555e-06,-6.2733129361226e-06,-6.1362367189298e-06,0.90003287609531,0.90001526176121,2.5,2.5,-5.5995407760649e-06,-9.999999999999e-05
0.135,0,0.60264769154394,0.60264769154394,0.99995081969206,0.99993151993063,0.99996836639267,0.99996801601595,3.8736162582101e-05,1.1054111122396e-21,2.1533835625271e-05,2.0117501384994e-05,0.0099971375885125,-8.8800951122167e-06,8.8964065751822e-06,-5.2148127482969e-06,-6.2795943362401e-06,-6.1228003278915e-06,0.90003284872627,0.90001557836027,2.5,2.5,-5.6190134026402e-06,-0.00010000000000001
0.1375,0,0.60264769154394,0.60264769154394,0.99995049249286,0.99993156973564,0.99996837949486,0.99996803601469,3.7979535653636e-05,1.0837661029653e-21,2.1576985427926e-05,2.0188312105562e-05,0.009997115825288,-8.7052897931413e-06,8.7212897438784e-06,-5.2417622773321e-06,-6.2857514184575e-06,-6.1096284331784e-06,0.90003282189716,0.90001588887156,2.5,2.5,-5.638102709143e-06,-9.9999999999987e-05
0.14,0,0.60264769154394,0.60264769154394,0.99995017159204,0.99993161855775,0.99996839234221,0.99996805561795,3.7237514622273e-05,1.0625465198097e-21,2.1619286435494e-05,2.0257740650766e-05,0.0099970944901585,-8.5340518317643e-06,8.5497452708815e-06,-5.2681895643794e-06,-6.2917868144071e-06,-6.096715637064e-06,0.90003279559679,0.90001619339888,2.5,2.5,-5.6568165182177e-06,-0.00010000000000001
0.1425,0,0.60264769154394,0.60264769154394,0.99994985688124,0.99993166641737,0.99996840493949,0.99996807483405,3.6509842246804e-05,1.0417437739366e-21,2.1660755883282e-05,2.0325813565409e-05,0.0099970735744321,-8.3662905418819e-06,8.3816825281279e-06,-5.2941040973677e-06,-6.2977030759086e-06,-6.0840566790402e-06,0.90003276981429,0.90001649204619,2.5,2.5,-5.6751624536479e-06,-0.00010000000000001
0.145,0,0.60264769154394,0.60264769154394,0.99994954825212,0.99993171333435,0.9999684172914,0.99996809367107,3.579626224897e-05,1.0213494821382e-21,2.1701410580123e-05,2.0392556946405e-05,0.0099970530696321,-8.2019199856119e-06,8.217015612689e-06,-5.3195152827914e-06,-6.3035026805424e-06,-6.071646428603e-06,0.90003274453906,0.90001678491726,2.5,2.5,-5.6931479507693e-06,-9.9999999999988e-05
0.1475,0,0.60264769154394,0.60264769154394,0.99994924559663,0.99993175932799,0.99996842940258,0.99996811213686,3.5096519874168e-05,1.0013554574745e-21,2.1741266929722e-05,2.045799644149e-05,0.009997032967486,-8.0408584571377e-06,8.0556628337486e-06,-5.3444324324797e-06,-6.309188036586e-06,-6.0594798788934e-06,0.9000327197608,0.90001707211547,2.5,2.5,-5.7107802657503e-06,-9.9999999999997e-05
0.15,0,0.60264769154394,0.60264769154394,0.99994894880726,0.99993180441711,0.9999684412776,0.99996813023905,3.4410362359031e-05,9.8175370077898e-22,2.1780340949149e-05,2.0522157249133e-05,0.0099970132599159,-7.8830280362744e-06,7.8975462695226e-06,-5.3688647526889e-06,-6.3147614873271e-06,-6.04755214096e-06,0.90003269546944,0.90001735374352,2.5,2.5,-5.7280664838926e-06,-0.00010000000000002
0.1525,0,0.60264769154394,0.60264769154394,0.99994865777728,0.99993184862004,0.99996845292097,0.99996814798509,3.3737539318829e-05,9.6253639315522e-22,2.1818648286085e-05,2.0585064120071e-05,0.0099969939390304,-7.7283542028754e-06,7.7425913843751e-06,-5.3928213352791e-06,-6.3202253148716e-06,-6.0358584385954e-06,0.90003267165517,0.9000176299033,2.5,2.5,-5.7450135270865e-06,-9.999999999999e-05
0.155,0,0.60264769154394,0.60264769154394,0.9999483724009,0.99993189195467,0.9999684643371,0.99996816538221,3.3077803066655e-05,9.4369588897094e-22,2.1856204233746e-05,2.0646741359266e-05,0.0099969749971166,-7.5767655033989e-06,7.590726697447e-06,-5.416311150564e-06,-6.3255817435459e-06,-6.0243941037075e-06,0.9000326483084,0.90001790069572,2.5,2.5,-5.7616281605373e-06,-9.9999999999992e-05
0.1575,0,0.60264769154394,0.60264769154394,0.99994809257341,0.99993193443845,0.99996847553037,0.99996818243748,3.2430908874211e-05,9.2522470966924e-22,2.1893023744734e-05,2.0707212829423e-05,0.0099969564266335,-7.4281932615736e-06,7.4418834954032e-06,-5.4393430416763e-06,-6.3308329428698e-06,-6.0131545721349e-06,0.90003262541979,0.90001816622058,2.5,2.5,-5.7779169988529e-06,-0.00010000000000002
0.16,0,0.60264769154394,0.60264769154394,0.99994781819131,0.99993197608846,0.99996848650505,0.99996819915777,3.1796615182925e-05,9.0711553794075e-22,2.1929121443742e-05,2.0766501954889e-05,0.0099969382202052,-7.2825713276261e-06,7.295995583368e-06,-5.4619257201612e-06,-6.3359810302554e-06,-6.0021353797778e-06,0.90003260298017,0.90001842657647,2.5,2.5,-5.7938865115864e-06,-9.9999999999976e-05
0.1625,0,0.60264769154394,0.60264769154394,0.9999475491524,0.99993201692133,0.99996849726535,0.99996821554983,3.1174683772616e-05,8.8936121250245e-22,2.1964511638841e-05,2.0824631725802e-05,0.0099969203706155,-7.1398358605966e-06,7.1529990684941e-06,-5.4840677626453e-06,-6.341028073394e-06,-5.9913321591516e-06,0.90003258098061,0.9000186818607,2.5,2.5,-5.809543028298e-06,-0.00010000000000003
0.165,0,0.60264769154394,0.60264769154394,0.99994728535586,0.99993205695336,0.99996850781542,0.99996823162023,3.0564879893803e-05,8.719547231656e-22,2.1999208332049e-05,2.0881624703542e-05,0.0099969028708027,-6.9999251385372e-06,7.012832171397e-06,-5.505777608416e-06,-6.3459760924111e-06,-5.9807406361768e-06,0.90003255941237,0.9000189321692,2.5,2.5,-5.8248927432002e-06,-9.9999999999978e-05
0.1675,0,0.60264769154394,0.60264769154394,0.99994702670229,0.99993209620047,0.99996851815933,0.99996824737537,2.9966972369585e-05,8.5488920636508e-22,2.2033225229206e-05,2.0937503026039e-05,0.0099968857138542,-6.8627793928939e-06,6.8754350619168e-06,-5.5270635577586e-06,-6.3508270618036e-06,-5.9703566271707e-06,0.90003253826689,0.90001917759652,2.5,2.5,-5.8399417194439e-06,-0.00010000000000001
0.17,0,0.60264769154394,0.60264769154394,0.99994677309382,0.99993213467824,0.99996852830106,0.99996826282155,2.9380733671153e-05,8.3815794090699e-22,2.2066575748555e-05,2.0992288413252e-05,0.0099968688930025,-6.728340664802e-06,6.7407497156144e-06,-5.5479337709604e-06,-6.3555829122125e-06,-5.9601760361858e-06,0.90003251753579,0.90001941823575,2.5,2.5,-5.8546958930854e-06,-9.9999999999999e-05
0.1725,0,0.60264769154394,0.60264769154394,0.99994652443406,0.99993217240191,0.99996853824453,0.9999682779649,2.8805939971164e-05,8.217543440752e-22,2.2099273029463e-05,2.1046002173501e-05,0.0099968524016208,-6.5965526776454e-06,6.6087197878168e-06,-5.5683962678494e-06,-6.3602455320094e-06,-5.9501948524028e-06,0.9000324972109,0.90001965417849,2.5,2.5,-5.8691610767747e-06,-9.9999999999989e-05
0.175,0,0.60264769154394,0.60264769154394,0.9999462806282,0.9999322093864,0.9999685479936,0.99996829281143,2.8242371178148e-05,8.0567196789414e-22,2.2131329940082e-05,2.109866520929e-05,0.009996836233219,-6.467360726687e-06,6.4792905033929e-06,-5.588458927809e-06,-6.364816768777e-06,-5.9404091477798e-06,0.90003247728418,0.90001988551488,2.5,2.5,-5.8833429632034e-06,-0.0001
0.1775,0,0.60264769154394,0.60264769154394,0.99994604158299,0.99993224564631,0.99996855755205,0.999968307367,2.7689810955424e-05,7.899044956609e-22,2.2162759084687e-05,2.115029802396e-05,0.0099968203814401,-6.3407115811011e-06,6.3524085594498e-06,-5.6081294901659e-06,-6.3692984306431e-06,-5.9308150748305e-06,0.90003245774778,0.90002011233352,2.5,2.5,-5.8972471283367e-06,-9.9999999999989e-05
0.18,0,0.60264769154394,0.60264769154394,0.99994580720675,0.99993228119593,0.99996856692358,0.99996832163739,2.7148046726062e-05,7.7444573866362e-22,2.2193572810437e-05,2.1200920727858e-05,0.0099968048400566,-6.2165533974906e-06,6.2280220394955e-06,-5.6274155549289e-06,-6.3736922875261e-06,-5.9214088644964e-06,0.90003243859401,0.9000203347215,2.5,2.5,-5.9108790344555e-06,-0.00010000000000002
0.1825,0,0.60264769154394,0.60264769154394,0.99994557740938,0.99993231604927,0.99996857611183,0.99996833562821,2.6616869666845e-05,7.5928963303968e-22,2.2223783214156e-05,2.1250553044943e-05,0.0099967896029675,-6.0948356438243e-06,6.1060803374345e-06,-5.6463245837839e-06,-6.3780000722929e-06,-5.9121868241879e-06,0.90003241981534,0.90002055276439,2.5,2.5,-5.9242440330315e-06,-9.9999999999991e-05
0.185,0,0.60264769154394,0.60264769154394,0.99994535210238,0.99993235022004,0.99996858512037,0.99996834934498,2.6096074692703e-05,7.4443023680923e-22,2.2253402148192e-05,2.1299214319408e-05,0.0099967746641949,-5.9755090311595e-06,5.9865340899984e-06,-5.6648639013199e-06,-6.3822234818111e-06,-5.9031453358877e-06,0.90003240140439,0.90002076654626,2.5,2.5,-5.9373473674541e-06,-0.00010000000000001
0.1875,0,0.60264769154394,0.60264769154394,0.99994513119882,0.99993238372167,0.99996859395271,0.99996836279311,2.558546043322e-05,7.2986172700531e-22,2.228244122643e-05,2.1346923522084e-05,0.0099967600178812,-5.858525453435e-06,5.8693351164325e-06,-5.6830406964332e-06,-6.3863641779692e-06,-5.8942808543794e-06,0.90003238335393,0.90002097614967,2.5,2.5,-5.9501941756242e-06,-0.00010000000000001
0.19,0,0.60264769154394,0.60264769154394,0.99994491461331,0.99993241656732,0.99996860261228,0.99996837597787,2.5084829202358e-05,7.1557839699273e-22,2.2310911829925e-05,2.1393699257102e-05,0.0099967456582864,-5.7438379328254e-06,5.7544363644686e-06,-5.7008620239005e-06,-6.3904237886002e-06,-5.8855899055091e-06,0.90003236565688,0.90002118165566,2.5,2.5,-5.9627894924265e-06,-0.0001
0.1925,0,0.60264769154394,0.60264769154394,0.99994470226207,0.99993244876987,0.99996861110245,0.99996838890445,2.4593986962979e-05,7.0157465384456e-22,2.2338825112223e-05,2.1439559768413e-05,0.009996731579785,-5.6314005715111e-06,5.6417918619363e-06,-5.7183348060715e-06,-6.3944039083734e-06,-5.8770690845864e-06,0.90003234830629,0.90002138314382,2.5,2.5,-5.9751382521006e-06,-9.9999999999993e-05
0.195,0,0.60264769154394,0.60264769154394,0.9999444940628,0.99993248034197,0.99996861942652,0.99996840157794,2.4112743286681e-05,6.8784501580876e-22,2.2366192004474e-05,2.1484522946198e-05,0.0099967177768637,-5.5211685072763e-06,5.5313566727986e-06,-5.735465834657e-06,-6.3983060996282e-06,-5.8687150548001e-06,0.90003233129537,0.90002158069223,2.5,2.5,-5.9872452905099e-06,-9.999999999999e-05
0.1975,0,0.60264769154394,0.60264769154394,0.99994428993478,0.99993251129598,0.99996862758775,0.99996841400329,2.3640911310043e-05,6.7438410987597e-22,2.239302322024e-05,2.1528606333492e-05,0.009996704244119,-5.4130978738218e-06,5.4230868575051e-06,-5.752261772588e-06,-6.402131893165e-06,-5.8605245456984e-06,0.90003231461744,0.90002177437756,2.5,2.5,-5.9991153473258e-06,-0.00010000000000002
0.2,0,0.60264769154394,0.60264769154394,0.99994408979875,0.99993254164404,0.99996863558931,0.99996842618538,2.3178307687736e-05,6.6118666950125e-22,2.2419329260676e-05,2.1571827132355e-05,0.0099966909762546,-5.3071457645842e-06,5.316939436806e-06,-5.7687291559629e-06,-6.4058827890033e-06,-5.8524943517722e-06,0.90003229826599,0.900021964275,2.5,2.5,-6.0107530681327e-06,-9.9999999999986e-05
0.2025,0,0.60264769154394,0.60264769154394,0.99994389357699,0.99993257139804,0.99996864343431,0.99996843812899,2.2724752543701e-05,6.4824753227834e-22,2.244512041861e-05,2.1614202210271e-05,0.0099966779680791,-5.2032701992174e-06,5.2128723585733e-06,-5.7848743960171e-06,-6.4095602570967e-06,-5.8446213310221e-06,0.9000322822346,0.90002215045836,2.5,2.5,-6.0221630064588e-06,-0.00010000000000001
0.205,0,0.60264769154394,0.60264769154394,0.9999437011932,0.99993260056963,0.99996865112583,0.9999684498388,2.2280069419883e-05,6.3556163774109e-22,2.2470406783305e-05,2.1655748106685e-05,0.0099966652145039,-5.1014300934422e-06,5.1108444675469e-06,-5.8007037811245e-06,-6.4131657380288e-06,-5.836902403601e-06,0.900032266517,0.90002233300002,2.5,2.5,-6.0333496257408e-06,-9.9999999999982e-05
0.2075,0,0.60264769154394,0.60264769154394,0.99994351257256,0.99993262917021,0.99996865866685,0.99996846131939,2.184408522403e-05,6.2312402529412e-22,2.2495198244682e-05,2.1696481038648e-05,0.0099966527105408,-5.0015852307803e-06,5.010815477128e-06,-5.8162234788481e-06,-6.4167006436691e-06,-5.8293345505396e-06,0.90003225110704,0.90002251197101,2.5,2.5,-6.0443173012278e-06,-0.00010000000000001
0.21,0,0.60264769154394,0.60264769154394,0.99994332764166,0.999932657211,0.99996866606032,0.99996847257526,2.1416630176189e-05,6.1092983209981e-22,2.2519504497444e-05,2.1736416907338e-05,0.0099966404513002,-4.9036962364034e-06,4.9127459434334e-06,-5.8314395379694e-06,-6.4201663578094e-06,-5.8219148124158e-06,0.90003223599869,0.900022687441,2.5,2.5,-6.0550703218253e-06,-0.0001
0.2125,0,0.60264769154394,0.60264769154394,0.9999431463285,0.99993268470295,0.99996867330913,0.99996848361081,2.0997537754647e-05,5.9897429105442e-22,2.2543335045229e-05,2.1775571303796e-05,0.0099966284319888,-4.8077245530074e-06,4.8165972409834e-06,-5.8463578905462e-06,-6.4235642367841e-06,-5.8146402881799e-06,0.90003222118605,0.90002285947831,2.5,2.5,-6.0656128918897e-06,-0.00010000000000001
0.215,0,0.60264769154394,0.60264769154394,0.99994296856245,0.99993271165683,0.99996868041609,0.99996849443036,2.0586644641289e-05,5.8725272887953e-22,2.2566699204399e-05,2.1813959515042e-05,0.0099966166479078,-4.7136324180258e-06,4.7223315401936e-06,-5.8609843539631e-06,-6.4268956100497e-06,-5.8075081338935e-06,0.90003220666331,0.90002302814997,2.5,2.5,-6.0759491329692e-06,-0.00010000000000001
0.2175,0,0.60264769154394,0.60264769154394,0.99994279427424,0.99993273808317,0.999968687384,0.99996850503815,2.0183790666698e-05,5.7576056415721e-22,2.2589606108133e-05,2.1851596529638e-05,0.0099966050944507,-4.6213828424029e-06,4.6299117859493e-06,-5.8753246329729e-06,-6.430161780765e-06,-5.8005155615974e-06,0.90003219242481,0.90002319352171,2.5,2.5,-6.0860830855017e-06,-9.9999999999985e-05
0.22,0,0.60264769154394,0.60264769154394,0.99994262339595,0.99993276399231,0.99996869421556,0.99996851543832,1.9788818755331e-05,5.6449330553966e-22,2.2612064709779e-05,2.1888497043546e-05,0.0099965937671017,-4.5309395905622e-06,4.5393016777273e-06,-5.8893843217287e-06,-6.4333640263507e-06,-5.7936598381668e-06,0.90003217846497,0.90002335565798,2.5,2.5,-6.096018710466e-06,-9.9999999999999e-05
0.2225,0,0.60264769154394,0.60264769154394,0.99994245586096,0.99993278939437,0.99996870091344,0.99996852563495,1.9401574870696e-05,5.5344654983442e-22,2.263408378688e-05,2.1924675465904e-05,0.0099965826614338,-4.4422671613622e-06,4.4504656505062e-06,-5.9031689058012e-06,-6.4365035990192e-06,-5.7869382841827e-06,0.90003216477833,0.90002351462201,2.5,2.5,-6.1057598909926e-06,-0.00010000000000001
0.225,0,0.60264769154394,0.60264769154394,0.99994229160393,0.99993281429929,0.99996870748025,0.99996853563201,1.902190796097e-05,5.4261598031354e-22,2.2655671944516e-05,2.1960145924345e-05,0.0099965717731069,-4.3553307701176e-06,4.3633688568597e-06,-5.9166837641768e-06,-6.4395817262997e-06,-5.7803482728525e-06,0.90003215135956,0.90002367047579,2.5,2.5,-6.1153104339345e-06,-9.9999999999996e-05
0.2275,0,0.60264769154394,0.60264769154394,0.9999421305608,0.99993283871681,0.99996871391857,0.99996854543342,1.8649669904639e-05,5.3199736501522e-22,2.2676837618824e-05,2.1994922270392e-05,0.009996561097866,-4.2700963316409e-06,4.2779771498397e-06,-5.9299341712292e-06,-6.4425996115454e-06,-5.7738872289805e-06,0.90003213820339,0.90002382328011,2.5,2.5,-6.1246740714018e-06,-0.0001
0.23,0,0.60264769154394,0.60264769154394,0.99994197266874,0.99993286265646,0.9999687202309,0.999968555043,1.8284715456902e-05,5.2158655487691e-22,2.2697589080253e-05,2.202901808495e-05,0.0099965506315399,-4.1865304436341e-06,4.1942570666106e-06,-5.9429252986847e-06,-6.445558434435e-06,-5.7675526278886e-06,0.9000321253047,0.90002397309458,2.5,2.5,-6.1338544622586e-06,-0.0001
0.2325,0,0.60264769154394,0.60264769154394,0.99994181786614,0.9999328861276,0.99996872641971,0.99996856446452,1.7926902196516e-05,5.1137948233558e-22,2.2717934437261e-05,2.2062446683411e-05,0.009996540370039,-4.1046003713478e-06,4.1121758128017e-06,-5.9556622175369e-06,-6.4484593514471e-06,-5.7613419944489e-06,0.90003211265844,0.90002411997766,2.5,2.5,-6.1428551935865e-06,-9.999999999999e-05
0.235,0,0.60264769154394,0.60264769154394,0.99994166609261,0.9999329091394,0.99996873248741,0.99996857370166,1.7576090473176e-05,5.0137215946603e-22,2.2737881638941e-05,2.2095221121136e-05,0.0099965303093539,-4.0242740321548e-06,4.0317012474514e-06,-5.9681498999669e-06,-6.4513034963303e-06,-5.7552529020572e-06,0.90003210025967,0.90002426398667,2.5,2.5,-6.1516797821157e-06,-0.0001
0.2375,0,0.60264769154394,0.60264769154394,0.9999415172889,0.99993293170086,0.99996873843637,0.99996858275802,1.7232143355558e-05,4.915606765926e-22,2.2757438478746e-05,2.2127354197953e-05,0.009996520445554,-3.9455199815687e-06,3.952801868632e-06,-5.9803932211967e-06,-6.4540919805676e-06,-5.7492829717043e-06,0.90003208810354,0.90002440517781,2.5,2.5,-6.160331675623e-06,-9.9999999999999e-05
0.24,0,0.60264769154394,0.60264769154394,0.99994137139693,0.9999329538208,0.99996874426893,0.99996859163715,1.6894926580221e-05,4.819412006033e-22,2.2776612597377e-05,2.2158858463468e-05,0.0099965107747855,-3.86830739908e-06,3.8754467995072e-06,-5.9923969613558e-06,-6.4568258938195e-06,-5.7434298710039e-06,0.9000320761853,0.90002454360619,2.5,2.5,-6.1688142543015e-06,-0.00010000000000001
0.2425,0,0.60264769154394,0.60264769154394,0.99994122835977,0.99993297550785,0.99996874998734,0.99996860034251,1.656430850085e-05,4.725099735339e-22,2.2795411485681e-05,2.2189746222008e-05,0.0099965012932703,-3.7926060745765e-06,3.7996057747095e-06,-6.0041658072895e-06,-6.4595063043613e-06,-5.7376913132948e-06,0.9000320645003,0.90002467932585,2.5,2.5,-6.1771308320975e-06,-0.0001
0.245,0,0.60264769154394,0.60264769154394,0.99994108812156,0.99993299677049,0.99996875559386,0.99996860887751,1.6240160038765e-05,4.6326331098045e-22,2.2813842487678e-05,2.2220029537281e-05,0.0099964919973043,-3.7183863956575e-06,3.72524912762e-06,-6.0157043543448e-06,-6.4621342595121e-06,-5.7320650566963e-06,0.90003205304398,0.90002481238976,2.5,2.5,-6.1852846580229e-06,-9.9999999999991e-05
0.2475,0,0.60264769154394,0.60264769154394,0.99994095062757,0.99993301761702,0.99996876109066,0.99996861724548,1.5922354633679e-05,4.5419760078652e-22,2.2831912803773e-05,2.2249720236873e-05,0.009996482883256,-3.6456193348762e-06,3.6523477774944e-06,-6.0270171081356e-06,-6.4647107860511e-06,-5.7265489032873e-06,0.90003204181185,0.90002494284988,2.5,2.5,-6.1932789174364e-06,-0.0001
0.25,0,0.60264769154394,0.60264769154394,0.9999408158241,0.9999330380556,0.9999687664799,0.9999686254497,1.5610768195562e-05,4.4530930147209e-22,2.2849629492995e-05,2.2278829917165e-05,0.0099964739475649,-3.5742764373385e-06,3.5808732173577e-06,-6.0381084862686e-06,-6.467236890625e-06,-5.7211406981531e-06,0.90003203079953,0.90002507075714,2.5,2.5,-6.2011167332999e-06,-9.9999999999997e-05
0.2525,0,0.60264769154394,0.60264769154394,0.99994068365852,0.9999330580942,0.99996877176367,0.99996863349335,1.5305279057362e-05,4.365949409764e-22,2.2866999476361e-05,2.2307369947594e-05,0.0099964651867404,-3.5043298092825e-06,3.5107975020763e-06,-6.0489828200419e-06,-6.4697135601493e-06,-5.7158383286335e-06,0.90003202000272,0.90002519616148,2.5,2.5,-6.2088011674092e-06,-0.00010000000000003
0.255,0,0.60264769154394,0.60264769154394,0.99994055407923,0.99993307774065,0.99996877694405,0.9999686413796,1.5005767928065e-05,4.2805111515176e-22,2.2884029539182e-05,2.2335351475319e-05,0.0099964565973601,-3.4357521059775e-06,3.4420932367703e-06,-6.0596443561158e-06,-6.4721417621979e-06,-5.7106397234137e-06,0.90003200941719,0.90002531911187,2.5,2.5,-6.2163352215963e-06,-9.999999999998e-05
0.2575,0,0.60264769154394,0.60264769154394,0.99994042703562,0.99993309700263,0.99996878202305,0.99996864911151,1.471211784718e-05,4.1967448657352e-22,2.2900726333966e-05,2.236278542928e-05,0.0099964481760688,-3.36851652088e-06,3.3747335656278e-06,-6.0700972581472e-06,-6.4745224453851e-06,-5.7055428517348e-06,0.90003199903882,0.90002543965631,2.5,2.5,-6.2237218389125e-06,-0.0001
0.26,0,0.60264769154394,0.60264769154394,0.9999403024781,0.99993311588767,0.99996878700266,0.99996865669212,1.4424214139518e-05,4.1146178313238e-22,2.2917096383034e-05,2.2389682524839e-05,0.0099964399195768,-3.3025967746514e-06,3.3086921608519e-06,-6.0803456084039e-06,-6.4768565397465e-06,-5.7005457226386e-06,0.90003198886355,0.90002555784189,2.5,2.5,-6.230963904781e-06,-0.00010000000000001
0.2625,0,0.60264769154394,0.60264769154394,0.99994018035801,0.99993313440314,0.99996879188482,0.99996866412438,1.4141944371002e-05,4.0340979675891e-22,2.2933146080834e-05,2.2416053267467e-05,0.0099964318246591,-3.2379671041473e-06,3.2439432120686e-06,-6.0903934093426e-06,-6.4791449570883e-06,-5.6956463840929e-06,0.9000319788874,0.90002567371474,2.5,2.5,-6.2380642481315e-06,-9.9999999999998e-05
0.265,0,0.60264769154394,0.60264769154394,0.99994006062766,0.99993315255626,0.99996879667145,0.99996867141119,1.3865198305311e-05,3.9551538221834e-22,2.2948881696813e-05,2.2441907957265e-05,0.0099964238881535,-3.1746022525483e-06,3.1804614157935e-06,-6.1002445851638e-06,-6.481388591371e-06,-5.6908429223382e-06,0.90003196910648,0.90002578732012,2.5,2.5,-6.2450256425095e-06,-9.9999999999974e-05
0.2675,0,0.60264769154394,0.60264769154394,0.9999399432403,0.99993317035415,0.9999688013644,0.9999686785554,1.3593867861078e-05,3.8777545583999e-22,2.2964309377501e-05,2.246725669266e-05,0.0099964161069598,-3.1124774586488e-06,3.1182219653278e-06,-6.1099029833277e-06,-6.4835883190387e-06,-5.6861334610403e-06,0.90003195951697,0.9000258987024,2.5,2.5,-6.2518508071625e-06,-0.00010000000000001
0.27,0,0.60264769154394,0.60264769154394,0.99993982815008,0.99993318780374,0.99996880596552,0.9999686855598,1.332784707019e-05,3.8018699430017e-22,2.2979435149308e-05,2.2492109374658e-05,0.0099964084780387,-3.0515684472823e-06,3.0572005407601e-06,-6.1193723760482e-06,-6.4857449993756e-06,-5.6815161606134e-06,0.90003195011512,0.90002600790508,2.5,2.5,-6.2585424081074e-06,-9.9999999999998e-05
0.2725,0,0.60264769154394,0.60264769154394,0.99993971531206,0.99993320491185,0.9999688104766,0.99996869242714,1.3067032036713e-05,3.727470334557e-22,2.2994264920467e-05,2.2516475710412e-05,0.0099964009984101,-2.9918514194382e-06,2.9973732992512e-06,-6.1286564617632e-06,-6.487859474844e-06,-5.6769892174737e-06,0.90003194089725,0.90002611497079,2.5,2.5,-6.2651030591728e-06,-0.00010000000000001
0.275,0,0.60264769154394,0.60264769154394,0.99993960468216,0.99993322168517,0.9999688148994,0.99996869916008,1.28113208963e-05,3.6545266720636e-22,2.3008804483649e-05,2.2540365217216e-05,0.0099963936651525,-2.9333030429808e-06,2.9387168656221e-06,-6.1377588665741e-06,-6.4899325714088e-06,-5.6725508633508e-06,0.90003193185978,0.90002621994136,2.5,2.5,-6.2715353230243e-06,-9.9999999999987e-05
0.2775,0,0.60264769154394,0.60264769154394,0.99993949621718,0.99993323813025,0.99996881923565,0.99996870576126,1.256061377701e-05,3.5830104631427e-22,2.3023059518224e-05,2.2563787226115e-05,0.0099963864754014,-2.8759004430555e-06,2.8812083228857e-06,-6.1466831456497e-06,-6.4919650988634e-06,-5.6681993645831e-06,0.90003192299916,0.90002632285779,2.5,2.5,-6.2778417121664e-06,-0.00010000000000002
0.28,0,0.60264769154394,0.60264769154394,0.99993938987475,0.9999332542535,0.99996882348705,0.99996871223327,1.2314812760212e-05,3.5128937728691e-22,2.3037035592292e-05,2.2586750885454e-05,0.0099963794263484,-2.8196211932435e-06,2.8248252033074e-06,-6.1554327846075e-06,-6.4939578511495e-06,-5.6639330214281e-06,0.90003191431193,0.90002642376025,2.5,2.5,-6.2840246899257e-06,-9.9999999999993e-05
0.2825,0,0.60264769154394,0.60264769154394,0.99993928561334,0.99993327006124,0.99996882765524,0.99996871857862,1.2073821842592e-05,3.4441492136731e-22,2.3050738164971e-05,2.2609265164857e-05,0.0099963725152402,-2.7644433067407e-06,2.7695454794736e-06,-6.1640112008883e-06,-6.4959116066699e-06,-5.6597501674405e-06,0.90003190579471,0.90002652268818,2.5,2.5,-6.2900866714157e-06,-0.0001
0.285,0,0.60264769154394,0.60264769154394,0.99993918339223,0.99993328555963,0.99996883174187,0.9999687247998,1.183754689885e-05,3.3767499332669e-22,2.3064172588618e-05,2.263133885815e-05,0.0099963657393771,-2.7103452273644e-06,2.7153475555298e-06,-6.1724217450678e-06,-6.4978271285829e-06,-5.6556491687579e-06,0.90003189744417,0.90002661968019,2.5,2.5,-6.2960300244808e-06,-0.0001
0.2875,0,0.60264769154394,0.60264769154394,0.9999390831715,0.99993330075473,0.99996883574853,0.99996873089923,1.1605895644939e-05,3.3106696054223e-22,2.3077344110775e-05,2.2652980587207e-05,0.0099963590961126,-2.6573058214162e-06,2.6622102587489e-06,-6.1806677021676e-06,-6.4997051651144e-06,-5.6516284235214e-06,0.90003188925704,0.90002671477418,2.5,2.5,-6.3018570706218e-06,-9.9999999999992e-05
0.29,0,0.60264769154394,0.60264769154394,0.99993898491199,0.99993331565247,0.99996883967678,0.9999687368793,1.1378777602274e-05,3.2458824189428e-22,2.3090257876209e-05,2.2674198805132e-05,0.0099963525828516,-2.6053043690045e-06,2.6101128310683e-06,-6.1887522929442e-06,-6.5015464498437e-06,-5.6476863611989e-06,0.90003188123012,0.90002680800728,2.5,2.5,-6.3075700859051e-06,-0.0001
0.2925,0,0.60264769154394,0.60264769154394,0.99993888857534,0.99993333025868,0.99996884352816,0.99996874274235,1.1156104062294e-05,3.1823630679215e-22,2.3102918929184e-05,2.2695001799704e-05,0.0099963461970502,-2.5543205562306e-06,2.5590349210331e-06,-6.1966786751345e-06,-6.5033517019942e-06,-5.6438214420341e-06,0.90003187336029,0.90002689941591,2.5,2.5,-6.3131713018512e-06,-9.9999999999985e-05
0.295,0,0.60264769154394,0.60264769154394,0.99993879412391,0.99993334457905,0.99996884730417,0.99996874849066,1.0937788052084e-05,3.1200867412743e-22,2.3115332215055e-05,2.2715397696456e-05,0.0099963399362141,-2.5043344668155e-06,2.5089565757592e-06,-6.2044499446951e-06,-6.5051216267033e-06,-5.6400321563517e-06,0.90003186564446,0.90002698903577,2.5,2.5,-6.3186629063077e-06,-0.00010000000000001
0.2975,0,0.60264769154394,0.60264769154394,0.99993870152082,0.99993335861918,0.99996885100628,0.99996875412648,1.0723744300268e-05,3.0590291143423e-22,2.3127502582519e-05,2.2735394461889e-05,0.0099963337978976,-2.4553265747191e-06,2.4598582330312e-06,-6.2120691370018e-06,-6.506856915317e-06,-5.6363170240789e-06,0.90003185807963,0.90002707690186,2.5,2.5,-6.3240470443045e-06,-0.0001
0.3,0,0.60264769154394,0.60264769154394,0.99993861072988,0.99993337238456,0.99996885463595,0.99996875965201,1.0513889203978e-05,2.99916633748e-22,2.3139434785332e-05,2.2754999906706e-05,0.0099963277797033,-2.4072777359024e-06,2.4117207136606e-06,-6.2195392280405e-06,-6.5085582456466e-06,-5.6326745940511e-06,0.90003185066283,0.9000271630485,2.5,2.5,-6.3293258188923e-06,-0.0001
0.3025,0,0.60264769154394,0.60264769154394,0.99993852171565,0.99993338588056,0.99996885819459,0.99996876506941,1.0308140796066e-05,2.9404750284936e-22,2.3151133484163e-05,2.277422168869e-05,0.0099963218792803,-2.3601691815486e-06,2.3645252140118e-06,-6.2268631355639e-06,-6.5102262822384e-06,-5.6291034435632e-06,0.90003184339118,0.90002724750934,2.5,2.5,-6.3345012919638e-06,-9.9999999999997e-05
0.305,0,0.60264769154394,0.60264769154394,0.99993843444335,0.99993339911246,0.99996886168359,0.9999687703808,1.0106418713234e-05,2.8829322626334e-22,2.3162603248609e-05,2.2793067315795e-05,0.0099963160943241,-2.3139825098621e-06,2.3182532985412e-06,-6.2340437202343e-06,-6.5118616766293e-06,-5.6256021776916e-06,0.90003183626183,0.90002733031737,2.5,2.5,-6.3395754850604e-06,-0.00010000000000001
0.3075,0,0.60264769154394,0.60264769154394,0.9999383488789,0.99993341208541,0.99996886510431,0.99996877558824,9.9086441645983e-06,2.8265155637352e-22,2.317384855875e-05,2.2811544149065e-05,0.0099963104225749,-2.2686996797328e-06,2.2728868926488e-06,-6.2410837867403e-06,-6.5134650676113e-06,-5.6221694288735e-06,0.90003182927199,0.90002741150492,2.5,2.5,-6.3445503801622e-06,-9.9999999999995e-05
0.31,0,0.60264769154394,0.60264769154394,0.99993826498888,0.9999334248045,0.9999688684581,0.99996878069378,9.7147399010356e-06,2.7712028951156e-22,2.3184873806901e-05,2.2829659405476e-05,0.0099963048618174,-2.2243030028076e-06,2.2284082755095e-06,-6.247986084882e-06,-6.5150370814708e-06,-5.6188038562528e-06,0.90003182241894,0.90002749110372,2.5,2.5,-6.3494279204606e-06,-0.0001
0.3125,0,0.60264769154394,0.60264769154394,0.99993818274051,0.99993343727468,0.99996887174625,0.99996878569941,9.5246301849232e-06,2.7169726521305e-22,2.3195683299637e-05,2.2847420160821e-05,0.0099962994098795,-2.1807751372926e-06,2.1848000732094e-06,-6.2547533106581e-06,-6.5165783322365e-06,-5.6155041452546e-06,0.9000318157,0.90002756914485,2.5,2.5,-6.3542100111202e-06,-0.0001
0.315,0,0.60264769154394,0.60264769154394,0.99993810210167,0.99993344950083,0.99996887497005,0.99996879060709,9.338240760745e-06,2.6638036522676e-22,2.3206281259101e-05,2.2864833352405e-05,0.0099962940646318,-2.1380990806085e-06,2.1420452518827e-06,-6.26138810731e-06,-6.518089421923e-06,-5.6122690070033e-06,0.90003180911254,0.90002764565878,2.5,2.5,-6.3588985200215e-06,-9.9999999999994e-05
0.3175,0,0.60264769154394,0.60264769154394,0.99993802304088,0.99993346148773,0.99996887813077,0.99996879541872,9.155498825963e-06,2.6116751279126e-22,2.3216671824797e-05,2.2881905781611e-05,0.0099962888239864,-2.0962581631737e-06,2.1001271111271e-06,-6.2678930663518e-06,-6.5195709407624e-06,-5.609097177869e-06,0.90003180265399,0.90002772067542,2.5,2.5,-6.3634952784909e-06,-0.00010000000000001
0.32,0,0.60264769154394,0.60264769154394,0.99993794552723,0.99993347324005,0.99996888122963,0.9999688001362,8.9763330025434e-06,2.5605667176647e-22,2.3226859055333e-05,2.2898644117054e-05,0.0099962836858963,-2.0552360415873e-06,2.0590292773989e-06,-6.2742707285902e-06,-6.5210234674352e-06,-5.6059874189301e-06,0.90003179632184,0.90002779422405,2.5,2.5,-6.3680020820167e-06,-0.0001
0.3225,0,0.60264769154394,0.60264769154394,0.99993786953047,0.99993348476239,0.99996888426786,0.99996880476135,8.8006733093785e-06,2.5104584587066e-22,2.323684692975e-05,2.2915054896611e-05,0.0099962786483546,-2.0150166922995e-06,2.0187356975887e-06,-6.2805235851132e-06,-6.5224475692998e-06,-5.6029385155237e-06,0.9000317901136,0.90002786633341,2.5,2.5,-6.3724206909502e-06,-9.9999999999996e-05
0.325,0,0.60264769154394,0.60264769154394,0.9999377950209,0.99993349605924,0.99996888724662,0.999968809296,8.6284511345935e-06,2.4613307787585e-22,2.3246639349415e-05,2.293114453027e-05,0.0099962737093936,-1.9755844054002e-06,1.9792306327996e-06,-6.2866540782567e-06,-6.5238438026073e-06,-5.5999492767484e-06,0.90003178402684,0.90002793703165,2.5,2.5,-6.3767528311928e-06,-9.9999999999997e-05
0.3275,0,0.60264769154394,0.60264769154394,0.99993772196942,0.99993350713503,0.9999688901671,0.99996881374191,8.4595992090171e-06,2.4131644885973e-22,2.325624013916e-05,2.2946919302633e-05,0.0099962688670841,-1.9369237785626e-06,1.940498652231e-06,-6.2926646025694e-06,-6.5252127127253e-06,-5.5970185350192e-06,0.90003177805921,0.9000280063464,2.5,2.5,-6.3810001948718e-06,-0.00010000000000001
0.33,0,0.60264769154394,0.60264769154394,0.99993765034751,0.99993351799406,0.99996889303042,0.99996881810081,8.2940515798714e-06,2.3659407747066e-22,2.3265653048939e-05,2.2962385375183e-05,0.0099962641195348,-1.8990197106924e-06,1.9025246269765e-06,-6.2985575057381e-06,-6.526554834349e-06,-5.5941451455929e-06,0.90003177220835,0.90002807430472,2.5,2.5,-6.3851644409995e-06,-9.9999999999993e-05
0.3325,0,0.60264769154394,0.60264769154394,0.99993758012717,0.9999335286406,0.99996889583771,0.99996882237441,8.1317435849136e-06,2.3196411915929e-22,2.3274881755596e-05,2.29775487891e-05,0.0099962594648914,-1.8618573963995e-06,1.8652937243194e-06,-6.3043350895072e-06,-6.5278706917101e-06,-5.5913279861169e-06,0.90003176647199,0.90002814093317,2.5,2.5,-6.389247196123e-06,-0.0001
0.335,0,0.60264769154394,0.60264769154394,0.99993751128099,0.99993353907879,0.99996889859006,0.99996882656439,7.9726118273039e-06,2.2742476546778e-22,2.3283929863757e-05,2.2992415466981e-05,0.0099962549013355,-1.8254223200017e-06,1.8287914017583e-06,-6.3099996105803e-06,-6.5291607987798e-06,-5.5885659562269e-06,0.90003176084789,0.90002820625775,2.5,2.5,-6.3932500549585e-06,-9.9999999999994e-05
0.3375,0,0.60264769154394,0.60264769154394,0.99993744378208,0.99993354931272,0.99996890128856,0.99996883067236,7.8165941507462e-06,2.2297424332306e-22,2.3292800907565e-05,2.300699121585e-05,0.0099962504270849,-1.7897002499537e-06,1.7930034014638e-06,-6.3155532815018e-06,-6.5304256594721e-06,-5.5858579770789e-06,0.90003175533384,0.900028270304,2.5,2.5,-6.3971745810146e-06,-0.0001
0.34,0,0.60264769154394,0.60264769154394,0.99993737760406,0.99993355934637,0.99996890393424,0.99996883469995,7.6636296153062e-06,2.1861081438328e-22,2.3301498352143e-05,2.3021281728882e-05,0.0099962460403918,-1.7546772330521e-06,1.7579157445479e-06,-6.3209982715174e-06,-6.5316657678395e-06,-5.5832029909419e-06,0.90003174992771,0.90002833309692,2.5,2.5,-6.4010223072031e-06,-0.00010000000000001
0.3425,0,0.60264769154394,0.60264769154394,0.9999373127211,0.99993356918368,0.99996890652815,0.99996883864872,7.5136584736248e-06,2.143327742799e-22,2.331002559457e-05,2.3035292587998e-05,0.0099962417395429,-1.7203395893735e-06,1.7235147258218e-06,-6.3263367074205e-06,-6.5328816082652e-06,-5.5805999607667e-06,0.90003174462736,0.90002839466104,2.5,2.5,-6.4047947364376e-06,-9.9999999999994e-05
0.345,0,0.60264769154394,0.60264769154394,0.99993724910784,0.99993357882847,0.9999689090713,0.99996884252022,7.3666221474056e-06,2.1013845203182e-22,2.3318385965612e-05,2.3049029265596e-05,0.0099962375228581,-1.6866739066363e-06,1.6897869081863e-06,-6.3315706743916e-06,-6.5340736556553e-06,-5.5780478698418e-06,0.90003173943074,0.90002845502041,2.5,2.5,-6.4084933422208e-06,-0.00010000000000001
0.3475,0,0.60264769154394,0.60264769154394,0.99993718673944,0.99993358828453,0.99996891156469,0.99996884631595,7.2224632047351e-06,2.0602620935194e-22,2.3326582730845e-05,2.3062497127457e-05,0.0099962333886905,-1.6536670350067e-06,1.6567191176016e-06,-6.3367022167973e-06,-6.5352423756234e-06,-5.575545721314e-06,0.90003173433581,0.9000285141986,2.5,2.5,-6.4121195692199e-06,-9.9999999999994e-05
0.35,0,0.60264769154394,0.60264769154394,0.99993712559155,0.99993359755554,0.99996891400928,0.99996885003741,7.0811253376152e-06,2.0199443999699e-22,2.3334619091843e-05,2.3075701433955e-05,0.0099962293354253,-1.6213060819918e-06,1.6242984377868e-06,-6.3417333390092e-06,-6.5363882246638e-06,-5.5730925378429e-06,0.90003172934059,0.90002857221873,2.5,2.5,-6.4156748338315e-06,-9.999999999999e-05
0.3525,0,0.60264769154394,0.60264769154394,0.99993706564027,0.99993360664512,0.99996891640603,0.99996885368604,6.9425533399364e-06,1.9804156916513e-22,2.3342498187656e-05,2.3088647342586e-05,0.0099962253614793,-1.5895784074265e-06,1.5925122052075e-06,-6.3466660061607e-06,-6.5375116503478e-06,-5.5706873612287e-06,0.90003172444312,0.90002862910346,2.5,2.5,-6.4191605247335e-06,-0.0001
0.355,0,0.60264769154394,0.60264769154394,0.99993700686218,0.99993361555682,0.99996891875587,0.99996885726327,6.8066930858268e-06,1.9416605290064e-22,2.3350223095817e-05,2.3101339910125e-05,0.0099962214653002,-1.5584716185848e-06,1.5613480042688e-06,-6.351502144945e-06,-6.5386130914809e-06,-5.5683292520161e-06,0.90003171964149,0.90002868487501,2.5,2.5,-6.4225780034286e-06,-0.0001
0.3575,0,0.60264769154394,0.60264769154394,0.99993694923434,0.99993362429413,0.99996892105974,0.99996886077049,6.673491508711e-06,1.9036637739721e-22,2.3357796833618e-05,2.3113784094256e-05,0.0099962176453663,-1.5279735650617e-06,1.5307936621916e-06,-6.3562436443415e-06,-6.5396929782814e-06,-5.5660172891291e-06,0.90003171493382,0.90002873955515,2.5,2.5,-6.4259286047763e-06,-0.00010000000000001
0.36,0,0.60264769154394,0.60264769154394,0.99993689273423,0.99993363286046,0.99996892331852,0.99996886420908,6.5428965804138e-06,1.8664105852671e-22,2.3365222359413e-05,2.3125984755511e-05,0.0099962139001855,-1.4980723344956e-06,1.5008372445487e-06,-6.3608923563637e-06,-6.5407517325561e-06,-5.5637505695261e-06,0.90003171031828,0.90002879316526,2.5,2.5,-6.4292136375132e-06,-9.9999999999993e-05
0.3625,0,0.60264769154394,0.60264769154394,0.99993683733978,0.99993364125915,0.99996892553309,0.99996886758039,6.414857290945e-06,1.8298864119235e-22,2.337250257352e-05,2.3137946659529e-05,0.0099962102282949,-1.4687562473679e-06,1.4714670503558e-06,-6.3654500967904e-06,-6.541789767847e-06,-5.5615282078216e-06,0.90003170579306,0.90002884572626,2.5,2.5,-6.4324343847658e-06,-0.00010000000000001
0.365,0,0.60264769154394,0.60264769154394,0.99993678302936,0.99993364949349,0.99996892770433,0.99996887088571,6.2893236285176e-06,1.7940769878271e-22,2.3379640319673e-05,2.3149674478557e-05,0.0099962066282602,-1.440013852965e-06,1.4426716076963e-06,-6.369918645863e-06,-6.5428074896104e-06,-5.5593493359742e-06,0.9000317013564,0.9000288972587,2.5,2.5,-6.4355921045501e-06,-9.9999999999997e-05
0.3675,0,0.60264769154394,0.60264769154394,0.99993672978175,0.99993365756669,0.99996892983308,0.99996887412636,6.1662465599986e-06,1.7589683255664e-22,2.338663838572e-05,2.316117279355e-05,0.0099962030986754,-1.411833924567e-06,1.4144396691347e-06,-6.3742997489819e-06,-6.5438052953666e-06,-5.5572131029192e-06,0.90003169700656,0.90002894778269,2.5,2.5,-6.4386880302639e-06,-0.0001
0.37,0,0.60264769154394,0.60264769154394,0.99993667757615,0.9999336654819,0.99996893192017,0.99996887730359,6.0455780118616e-06,1.7245467120063e-22,2.3393499505256e-05,2.3172446095635e-05,0.0099961996381618,-1.3842054549969e-06,1.3867602072382e-06,-6.378595117394e-06,-6.5447835748552e-06,-5.5551186742511e-06,0.90003169274184,0.90002899731797,2.5,2.5,-6.4417233711683e-06,-0.0001
0.3725,0,0.60264769154394,0.60264769154394,0.99993662639217,0.99993367324221,0.99996893396642,0.99996888041864,5.9272708512412e-06,1.6907987020974e-22,2.340022635805e-05,2.3183498788091e-05,0.0099961962453677,-1.35711765282e-06,1.3596224105741e-06,-6.3828064288591e-06,-6.5457427101897e-06,-5.5530652318929e-06,0.90003168856058,0.90002904588389,2.5,2.5,-6.4446993128601e-06,-9.9999999999987e-05
0.375,0,0.60264769154394,0.60264769154394,0.99993657620983,0.99993368085067,0.99996893597263,0.99996888347273,5.8112788677298e-06,1.6577111139546e-22,2.3406821571733e-05,2.31943351882e-05,0.0099961929189678,-1.330559937441e-06,1.3330156791025e-06,-6.3869353283073e-06,-6.5466830760081e-06,-5.5510519737629e-06,0.90003168446114,0.90002909349942,2.5,2.5,-6.4476170177349e-06,-0.0001
0.3775,0,0.60264769154394,0.60264769154394,0.99993652700951,0.99993368831023,0.99996893793957,0.99996888646706,5.6975567551307e-06,1.6252710236452e-22,2.3413287722253e-05,2.320495952854e-05,0.009996189657663,-1.304521935573e-06,1.3069296203113e-06,-6.3909834284736e-06,-6.547605039612e-06,-5.5490781135029e-06,0.90003168044193,0.90002914018316,2.5,2.5,-6.4504776254414e-06,-9.9999999999997e-05
0.38,0,0.60264769154394,0.60264769154394,0.999936478772,0.99993369562381,0.99996893986803,0.99996888940279,5.5860600939011e-06,1.5934657602813e-22,2.3419627335403e-05,2.321537595896e-05,0.0099961864601793,-1.2789934767746e-06,1.2813540450288e-06,-6.3949523105348e-06,-6.5485089611201e-06,-5.5471428801241e-06,0.90003167650137,0.90002918595333,2.5,2.5,-6.4532822533254e-06,-0.0001
0.3825,0,0.60264769154394,0.60264769154394,0.99993643147847,0.99993370279428,0.99996894175874,0.99996889228107,5.4767453337457e-06,1.5622829004958e-22,2.3425842887358e-05,2.3225588548153e-05,0.0099961833252678,-1.2539645896906e-06,1.2562789635128e-06,-6.3988435247285e-06,-6.5493951936037e-06,-5.5452455177186e-06,0.90003167263792,0.90002923082783,2.5,2.5,-6.4560319968682e-06,-0.00010000000000001
0.385,0,0.60264769154394,0.60264769154394,0.99993638511043,0.99993370982442,0.99996894361246,0.99996889510302,5.3695697765887e-06,1.5317102645972e-22,2.3431936805839e-05,2.3235601285103e-05,0.0099961802517041,-1.2294254980918e-06,1.2316945814484e-06,-6.4026585909517e-06,-6.5502640832186e-06,-5.5433852851961e-06,0.90003166885008,0.90002927482417,2.5,2.5,-6.4587279301125e-06,-9.9999999999995e-05
0.3875,0,0.60264769154394,0.60264769154394,0.99993633964977,0.99993371671699,0.9999689454299,0.99996889786975,5.2644915599337e-06,1.5017359109e-22,2.3437911471233e-05,2.3245418080676e-05,0.0099961772382875,-1.2053666170604e-06,1.207591296263e-06,-6.406398999358e-06,-6.5511159693548e-06,-5.5415614559426e-06,0.90003166513636,0.90002931795954,2.5,2.5,-6.4613711060834e-06,-0.00010000000000001
0.39,0,0.60264769154394,0.60264769154394,0.99993629507875,0.99993372347467,0.99996894721177,0.99996890058234,5.1614696404853e-06,1.4723481314921e-22,2.3443769217092e-05,2.3255042769346e-05,0.0099961742838412,-1.1817785492862e-06,1.1839596932727e-06,-6.4100662109457e-06,-6.5519511847541e-06,-5.5397733175871e-06,0.90003166149531,0.90002936025079,2.5,2.5,-6.463962557199e-06,-9.9999999999993e-05
0.3925,0,0.60264769154394,0.60264769154394,0.99993625137994,0.99993373010012,0.99996894895878,0.99996890324185,5.0604637781846e-06,1.4435354477074e-22,2.3449512331597e-05,2.326447911056e-05,0.009996171387211,-1.1586520812666e-06,1.1607905420187e-06,-6.4136616581132e-06,-6.5527700556515e-06,-5.5380201716701e-06,0.90003165792552,0.90002940171444,2.5,2.5,-6.4665032956736e-06,-0.0001
0.395,0,0.60264769154394,0.60264769154394,0.99993620853628,0.99993373659591,0.99996895067159,0.99996890584931,4.9614345203452e-06,1.4152866051255e-22,2.3455143057856e-05,2.3273730790019e-05,0.0099961685472655,-1.1359781798909e-06,1.1380747926608e-06,-6.4171867452359e-06,-6.5535729018955e-06,-5.5363013334314e-06,0.90003165442559,0.90002944236668,2.5,2.5,-6.4689943139132e-06,-9.9999999999999e-05
0.3975,0,0.60264769154394,0.60264769154394,0.99993616653105,0.99993374296458,0.99996895235089,0.99996890840574,4.8643431864574e-06,1.3875905699288e-22,2.3460663595294e-05,2.3282801421504e-05,0.0099961657628955,-1.1137479887981e-06,1.1158035725112e-06,-6.4206428492015e-06,-6.5543600370769e-06,-5.5346161314921e-06,0.90003165099415,0.90002948222339,2.5,2.5,-6.4714365849037e-06,-0.0001
0.4,0,0.60264769154394,0.60264769154394,0.99993612534782,0.99993374920862,0.99996895399733,0.99996891091215,4.769151852852e-06,1.3604365242617e-22,2.3466076100202e-05,2.3291694547899e-05,0.0099961630330135,-1.091952824861e-06,1.0939681824642e-06,-6.4240313199602e-06,-6.5551317686458e-06,-5.5329639076117e-06,0.90003164762986,0.90002952130014,2.5,2.5,-6.4738310625898e-06,-9.9999999999988e-05
0.4025,0,0.60264769154394,0.60264769154394,0.99993608497051,0.99993375533047,0.99996895561154,0.99996891336951,4.6758233380376e-06,1.3338138618158e-22,2.3471382686696e-05,2.3300413642919e-05,0.009996160356553,-1.0705841751062e-06,1.0725600937119e-06,-6.4273534810365e-06,-6.5558883980429e-06,-5.5313440164529e-06,0.9000316443314,0.90002955961219,2.5,2.5,-6.4761786822489e-06,-0.00010000000000002
0.405,0,0.60264769154394,0.60264769154394,0.99993604538336,0.99993376133252,0.99996895719417,0.99996891577878,4.5843211881257e-06,1.3077121835266e-22,2.3476585427462e-05,2.3308962112095e-05,0.0099961577324688,-1.0496336927389e-06,1.05157094422e-06,-6.4306106300583e-06,-6.5566302208024e-06,-5.5297558252692e-06,0.9000316410975,0.90002959717451,2.5,2.5,-6.4784803608549e-06,-9.9999999999991e-05
0.4075,0,0.60264769154394,0.60264769154394,0.99993600657089,0.99993376721712,0.99996895874583,0.9999689181409,4.4946096626232e-06,1.2821212945154e-22,2.3481686354819e-05,2.3317343294618e-05,0.0099961551597358,-1.0290931947614e-06,1.0309925357582e-06,-6.4338040392608e-06,-6.5573575266788e-06,-5.5281987137297e-06,0.90003163792687,0.90002963400177,2.5,2.5,-6.4807369974382e-06,-0.0001
0.41,0,0.60264769154394,0.60264769154394,0.99993596851795,0.99993377298656,0.99996896026712,0.9999689204568,4.4066537204448e-06,1.2570311987329e-22,2.3486687460937e-05,2.3325560463977e-05,0.0099961526373492,-1.0089546579939e-06,1.0108168304045e-06,-6.43693495598e-06,-6.5580705997573e-06,-5.5266720736213e-06,0.9000316348183,0.90002967010835,2.5,2.5,-6.482949473435e-06,-0.00010000000000001
0.4125,0,0.60264769154394,0.60264769154394,0.99993593120968,0.99993377864309,0.99996896175864,0.99996892272738,4.3204190061728e-06,1.2324320962934e-22,2.3491590699459e-05,2.3333616829882e-05,0.0099961501643236,-9.8921021643482e-07,9.9103594760118e-07,-6.4400046031458e-06,-6.5587697185602e-06,-5.5251753086546e-06,0.90003163177056,0.90002970550835,2.5,2.5,-6.4851186530335e-06,-0.00010000000000001
0.415,0,0.60264769154394,0.60264769154394,0.99993589463151,0.99993378418893,0.99996896322097,0.99996892495352,4.2358718368044e-06,1.2083143787004e-22,2.3496397985488e-05,2.334151553914e-05,0.0099961477396932,-9.6985215791478e-07,9.7164216098692e-07,-6.4430141797538e-06,-6.5594551561637e-06,-5.5237078341833e-06,0.90003162878246,0.90002974021561,2.5,2.5,-6.4872453835094e-06,-9.9999999999981e-05
0.4175,0,0.60264769154394,0.60264769154394,0.99993585876913,0.99993378962625,0.99996896465469,0.9999689271361,4.1529791883789e-06,1.1846686258097e-22,2.3501111196763e-05,2.3349259676865e-05,0.0099961453625109,-9.5087292125009e-07,9.5262789536397e-07,-6.4459648613404e-06,-6.5601271802995e-06,-5.5222690770274e-06,0.90003162585283,0.90002977424368,2.5,2.5,-6.4893304955585e-06,-0.00010000000000001
0.42,0,0.60264769154394,0.60264769154394,0.99993582360856,0.99993379495716,0.99996896606035,0.99996892927597,4.0717086832755e-06,1.1614856014038e-22,2.3505732174219e-05,2.3356852267975e-05,0.0099961430318482,-9.322650931314e-07,9.3398572382432e-07,-6.448857800428e-06,-6.5607860534543e-06,-5.5208584752005e-06,0.90003162298053,0.90002980760585,2.5,2.5,-6.4913748036203e-06,-0.00010000000000001
0.4225,0,0.60264769154394,0.60264769154394,0.99993578913605,0.99993380018375,0.9999689674385,0.99996893137397,3.9920285774122e-06,1.138756250483e-22,2.3510262722806e-05,2.3364296278134e-05,0.0099961407467947,-9.1402140551823e-07,9.1570836479345e-07,-6.4516941269953e-06,-6.5614320329866e-06,-5.5194754777423e-06,0.90003162016445,0.90002984031515,2.5,2.5,-6.4933791061965e-06,-9.9999999999998e-05
0.425,0,0.60264769154394,0.60264769154394,0.99993575533814,0.99993380530805,0.99996896878969,0.9999689334309,3.9139077479622e-06,1.1164716948705e-22,2.3514704612169e-05,2.3371594614898e-05,0.0099961385064579,-8.9613473232593e-07,8.9778867918043e-07,-6.4544749489038e-06,-6.5620653712105e-06,-5.5181195444363e-06,0.90003161740347,0.90002987238435,2.5,2.5,-6.495344186163e-06,-9.9999999999993e-05
0.4275,0,0.60264769154394,0.60264769154394,0.99993572220163,0.99993381033208,0.99996897011443,0.99996893544759,3.8373156811064e-06,1.0946232303092e-22,2.3519059577296e-05,2.3378750129044e-05,0.0099961363099626,-8.7859808713695e-07,8.8021966756382e-07,-6.4572013523378e-06,-6.5626863155085e-06,-5.516790145669e-06,0.90003161469652,0.90002990382599,2.5,2.5,-6.4972708110747e-06,-0.00010000000000001
0.43,0,0.60264769154394,0.60264769154394,0.99993568971358,0.9999338152578,0.99996897141325,0.99996893742481,3.7622224601392e-06,1.0732023227321e-22,2.3523329319195e-05,2.3385765615443e-05,0.0099961341564511,-8.6140462020788e-07,8.6299446757649e-07,-6.4598744022198e-06,-6.5632951084203e-06,-5.5154867621849e-06,0.90003161204255,0.90002993465234,2.5,2.5,-6.4991597334664e-06,-0.0001
0.4325,0,0.60264769154394,0.60264769154394,0.99993565786129,0.99993382008712,0.99996897268665,0.99996893936334,3.6885987539321e-06,1.0522006055772e-22,2.3527515505596e-05,2.3392643814311e-05,0.009996132045082,-8.4454761574792e-07,8.4610635107394e-07,-6.4624951426382e-06,-6.5638919877384e-06,-5.5142088848797e-06,0.90003160944051,0.90002996487545,2.5,2.5,-6.501011691147e-06,-9.9999999999991e-05
0.435,0,0.60264769154394,0.60264769154394,0.99993562663232,0.99993382482193,0.99996897393513,0.99996894126393,3.6164158051564e-06,1.0316098751373e-22,2.3531619771724e-05,2.3399387412338e-05,0.0099961299750308,-8.2802048949041e-07,8.2954872159706e-07,-6.4650645972489e-06,-6.564477186601e-06,-5.5129560146185e-06,0.90003160688939,0.90002999450712,2.5,2.5,-6.502827407486e-06,-9.9999999999991e-05
0.4375,0,0.60264769154394,0.60264769154394,0.99993559601448,0.99993382946409,0.99996897515918,0.99996894312733,3.5456454193891e-06,1.011422088994e-22,2.3535643720586e-05,2.3405999043462e-05,0.0099961279454889,-8.1181678596483e-07,8.1331511178997e-07,-6.4675837696739e-06,-6.5650509335883e-06,-5.511727662034e-06,0.90003160438819,0.90003002355892,2.5,2.5,-6.5046075916982e-06,-0.00010000000000002
0.44,0,0.60264769154394,0.60264769154394,0.99993556599581,0.99993383401541,0.99996897635927,0.99996894495426,3.4762599538838e-06,9.916293617576e-23,2.3539588923961e-05,2.341248129022e-05,0.0099961259556634,-7.9593017603644e-07,7.9739918082534e-07,-6.4700536438915e-06,-6.5656134528024e-06,-5.5105233473251e-06,0.90003160193594,0.9000300520422,2.5,2.5,-6.5063529391187e-06,-9.9999999999992e-05
0.4425,0,0.60264769154394,0.60264769154394,0.99993553656457,0.99993383847765,0.99996897753588,0.99996894674544,3.4082323068313e-06,9.7222396261583e-23,2.3543456922869e-05,2.3418836684583e-05,0.0099961240047773,-7.8035445450156e-07,7.8179471200839e-07,-6.4724751846342e-06,-6.5661649639598e-06,-5.5093426001137e-06,0.90003159953168,0.90003007996809,2.5,2.5,-6.5080641314761e-06,-9.9999999999999e-05
0.445,0,0.60264769154394,0.60264769154394,0.99993550770929,0.99993384285258,0.99996897868947,0.99996894850157,3.341535906817e-06,9.5319831151947e-23,2.354724922803e-05,2.3425067708954e-05,0.0099961220920684,-7.6508353741487e-07,7.6649561024911e-07,-6.474849337746e-06,-6.5667056824821e-06,-5.5081849591787e-06,0.90003159717447,0.90003010734749,2.5,2.5,-6.5097418371577e-06,-0.0001
0.4475,0,0.60264769154394,0.60264769154394,0.99993547941868,0.99993384714189,0.99996897982048,0.99996895022334,3.2761447023816e-06,9.3454497746402e-23,2.3550967320857e-05,2.3431176797026e-05,0.0099961202167898,-7.5011146008017e-07,7.5149589976662e-07,-6.4771770305677e-06,-6.5672358195742e-06,-5.5070499723582e-06,0.90003159486339,0.9000301341911,2.5,2.5,-6.5113867114712e-06,-9.9999999999993e-05
0.45,0,0.60264769154394,0.60264769154394,0.99993545168169,0.99993385134727,0.99996898092936,0.99996895191141,3.2120331519077e-06,9.1625667423369e-23,2.355461265358e-05,2.3437166335221e-05,0.0099961183782088,-7.3543237443659e-07,7.3678972171684e-07,-6.4794591722887e-06,-6.5677555823043e-06,-5.5059371963318e-06,0.90003159259753,0.90003016050941,2.5,2.5,-6.5129993969006e-06,-0.00010000000000002
0.4525,0,0.60264769154394,0.60264769154394,0.9999354244875,0.99993385547035,0.99996898201654,0.99996895356644,3.1491762135589e-06,8.983262587455e-23,2.3558186650019e-05,2.3443038662774e-05,0.0099961165756075,-7.21040546775e-07,7.2237133187448e-07,-6.4816966543063e-06,-6.5682651736886e-06,-5.5048461964429e-06,0.90003159037602,0.90003018631268,2.5,2.5,-6.5145805233564e-06,-9.9999999999985e-05
0.455,0,0.60264769154394,0.60264769154394,0.99993539782547,0.99993385951274,0.99996898308244,0.99996895518909,3.0875493355874e-06,8.8074672714945e-23,2.3561690706144e-05,2.3448796073647e-05,0.0099961148082816,-7.0693035582478e-07,7.0823509849813e-07,-6.4838903505817e-06,-6.5687647927746e-06,-5.5037765465641e-06,0.90003158819797,0.90003021161101,2.5,2.5,-6.5161307084232e-06,-9.9999999999999e-05
0.4575,0,0.60264769154394,0.60264769154394,0.9999353716852,0.99993386347603,0.99996898412748,0.99996895677999,3.0271284466868e-06,8.635112129908e-23,2.3565126190703e-05,2.3454440816502e-05,0.0099961130755409,-6.9309629008613e-07,6.9437549997966e-07,-6.4860411179605e-06,-6.5692546347141e-06,-5.5027278288787e-06,0.90003158606255,0.90003023641428,2.5,2.5,-6.517650557599e-06,-0.00010000000000001
0.46,0,0.60264769154394,0.60264769154394,0.99993534605647,0.99993386736176,0.99996898515208,0.99996895833975,2.9678899465932e-06,8.466129842408e-23,2.3568494445586e-05,2.3459975096221e-05,0.0099961113767085,-6.7953294598071e-07,6.8078712277529e-07,-6.488149796531e-06,-6.5697348908318e-06,-5.5016996337627e-06,0.90003158396892,0.90003026073216,2.5,2.5,-6.519140664533e-06,-9.9999999999984e-05
0.4625,0,0.60264769154394,0.60264769154394,0.99993532092928,0.99993387117144,0.99996898615662,0.99996895986899,2.90981069693e-06,8.3004544042193e-23,2.3571796786353e-05,2.3465401074534e-05,0.0099961097111209,-6.6623502583098e-07,6.6746465936677e-07,-6.4902172099333e-06,-6.5702057487222e-06,-5.5006915596149e-06,0.90003158191626,0.90003028457416,2.5,2.5,-6.520601611258e-06,-0.0001
0.465,0,0.60264769154394,0.60264769154394,0.9999352962938,0.99993387490658,0.9999689871415,0.9999689613683,2.8528680120546e-06,8.1380211014645e-23,2.3575034502944e-05,2.3470720870726e-05,0.0099961080781276,-6.531973353782e-07,6.5440290595151e-07,-6.4922441656987e-06,-6.5706673922964e-06,-5.4997032126733e-06,0.90003157990377,0.9000303079496,2.5,2.5,-6.5220339684151e-06,-0.0001
0.4675,0,0.60264769154394,0.60264769154394,0.99993527214042,0.99993387856862,0.99996898810711,0.99996896283827,2.7970396503109e-06,7.978766490921e-23,2.3578208859982e-05,2.3475936562747e-05,0.0099961064770906,-6.4041478215199e-07,6.4159676067945e-07,-6.4942314555484e-06,-6.5711200018711e-06,-5.4987342069013e-06,0.90003157793066,0.90003033086759,2.5,2.5,-6.5234382954801e-06,-9.9999999999995e-05
0.47,0,0.60264769154394,0.60264769154394,0.99993524845971,0.999933882159,0.99996898905383,0.99996896427948,2.7423038052581e-06,7.8226283649933e-23,2.3581321097402e-05,2.3481050187775e-05,0.0099961049073847,-6.2788237339115e-07,6.2904122153291e-07,-6.4961798557141e-06,-6.5715637542379e-06,-5.4977841637986e-06,0.90003157599617,0.90003035333711,2.5,2.5,-6.5248151409797e-06,-0.0001
0.4725,0,0.60264769154394,0.60264769154394,0.99993522524241,0.99993388567912,0.99996898998202,0.99996896569248,2.6886390972473e-06,7.6695457396437e-23,2.3584372430793e-05,2.3486063743263e-05,0.0099961033683967,-6.1559521387284e-07,6.1673138428569e-07,-6.4980901272355e-06,-6.5719988227216e-06,-5.4968527122862e-06,0.90003157409953,0.90003037536691,2.5,2.5,-6.5261650427058e-06,-0.0001
0.475,0,0.60264769154394,0.60264769154394,0.99993520247945,0.99993388913035,0.99996899089204,0.99996896707783,2.6360245649743e-06,7.5194588188047e-23,2.3587364052014e-05,2.3490979187388e-05,0.0099961018595254,-6.0354850436113e-07,6.046624408104e-07,-6.4999630162609e-06,-6.5724253772613e-06,-5.4959394885397e-06,0.90003157224,0.90003039696561,2.5,2.5,-6.5274885279274e-06,-9.9999999999995e-05
0.4775,0,0.60264769154394,0.60264769154394,0.99993518016194,0.99993389251404,0.99996899178426,0.99996896843607,2.5844396572983e-06,7.3723089811861e-23,2.3590297129524e-05,2.3495798440216e-05,0.0099961003801816,-5.9173753934801e-07,5.9282967694611e-07,-6.5017992543357e-06,-6.5728435844668e-06,-5.4950441358603e-06,0.90003157041687,0.90003041814163,2.5,2.5,-6.5287861135938e-06,-9.9999999999997e-05
0.48,0,0.60264769154394,0.60264769154394,0.99993515828117,0.99993389583152,0.99996899265901,0.99996896976773,2.533864225326e-06,7.2280387480245e-23,2.359317280915e-05,2.3500523384147e-05,0.0099960989297873,-5.8015770554798e-07,5.8122847088976e-07,-6.5035995586885e-06,-6.5732536076894e-06,-5.4941663045169e-06,0.90003156862941,0.90003043890327,2.5,2.5,-6.530058306539e-06,-0.00010000000000001
0.4825,0,0.60264769154394,0.60264769154394,0.99993513682859,0.99993389908408,0.99996899351665,0.99996897107334,2.4842785143896e-06,7.0865917683727e-23,2.3595992213902e-05,2.3505155864587e-05,0.0099960975077761,-5.68804479907e-07,5.6985429122305e-07,-6.5053646325139e-06,-6.5736556070843e-06,-5.4933056516357e-06,0.90003156687693,0.90003045925861,2.5,2.5,-6.5313056036786e-06,-9.9999999999992e-05
0.485,0,0.60264769154394,0.60264769154394,0.99993511579582,0.99993390227298,0.99996899435751,0.99996897235339,2.4356631564234e-06,6.9479127958365e-23,2.3598756445181e-05,2.350969769117e-05,0.0099960961135925,-5.5767342791473e-07,5.5870269523256e-07,-6.5070951652476e-06,-6.5740497396686e-06,-5.4924618410553e-06,0.90003156515875,0.90003047921562,2.5,2.5,-6.5325284922034e-06,-0.00010000000000001
0.4875,0,0.60264769154394,0.60264769154394,0.99993509517465,0.99993390539949,0.99996899518191,0.99996897360839,2.3879991624437e-06,6.8119476588158e-23,2.3601466582712e-05,2.3514150637737e-05,0.009996094746692,-5.4676020170326e-07,5.4776932710739e-07,-6.5087918328276e-06,-6.5744361593924e-06,-5.4916345431698e-06,0.90003156347419,0.90003049878208,2.5,2.5,-6.5337274497709e-06,-9.9999999999991e-05
0.49,0,0.60264769154394,0.60264769154394,0.99993507495701,0.99993390846481,0.99996899599017,0.99996897483884,2.3412679149543e-06,6.6786432519528e-23,2.3604123684914e-05,2.3518516443648e-05,0.0099960934065407,-5.3606053873247e-07,5.3704991632451e-07,-6.5104552979722e-06,-6.57481501719e-06,-5.4908234348524e-06,0.9000315618226,0.90003051796565,2.5,2.5,-6.5349029446906e-06,-0.0001
0.4925,0,0.60264769154394,0.60264769154394,0.99993505513502,0.99993391147014,0.99996899678262,0.9999689760452,2.2954511608869e-06,6.5479475065488e-23,2.3606728789745e-05,2.3522796814207e-05,0.009996092092615,-5.255702596195e-07,5.265402758846e-07,-6.5120862104223e-06,-6.5751864610399e-06,-5.490028199282e-06,0.90003156020332,0.90003053677381,2.5,2.5,-6.5360554361084e-06,-0.00010000000000001
0.495,0,0.60264769154394,0.60264769154394,0.99993503570093,0.99993391441666,0.99996899755956,0.99996897722796,2.250531004292e-06,6.4198093724807e-23,2.3609282914819e-05,2.3526993421349e-05,0.0099960908044019,-5.1528526691636e-07,5.162363007629e-07,-6.513685207213e-06,-6.5755506360287e-06,-5.4892485258317e-06,0.90003155861574,0.90003055521391,2.5,2.5,-6.5371853741838e-06,-9.9999999999997e-05
0.4975,0,0.60264769154394,0.60264769154394,0.99993501664714,0.99993391730552,0.9999689983213,0.99996897838757,2.2064898995342e-06,6.2941788019056e-23,2.3611787057623e-05,2.3531107904242e-05,0.009996089541398,-5.0520154343649e-07,5.0613396627884e-07,-6.5152529129058e-06,-6.5759076844011e-06,-5.4884841099788e-06,0.90003155705922,0.90003057329315,2.5,2.5,-6.5382932002687e-06,-0.0001
0.5,0,0.60264769154394,0.60264769154394,0.99993499796623,0.99993392013785,0.99996899906813,0.99996897952449,2.1633106442152e-06,6.1710067199511e-23,2.361424219637e-05,2.3535141869982e-05,0.0099960883031101,-4.9531515035559e-07,4.9622932642349e-07,-6.516789939844e-06,-6.5762577456228e-06,-5.4877346531362e-06,0.90003155553316,0.90003059101859,2.5,2.5,-6.5393793470767e-06,-9.9999999999995e-05
0.5025,0,0.60264769154394,0.60264769154394,0.99993497965089,0.99993392291475,0.99996899980035,0.99996898063916,2.1209763726342e-06,6.0502450174284e-23,2.361664928997e-05,2.3539096894147e-05,0.0099960870890546,-4.8562222615736e-07,4.8651851252995e-07,-6.5182968883833e-06,-6.576600956422e-06,-5.4869998625672e-06,0.90003155403696,0.90003060839717,2.5,2.5,-6.540444238854e-06,-9.9999999999982e-05
0.505,0,0.60264769154394,0.60264769154394,0.99993496169396,0.99993392563731,0.99996900051824,0.99996898173201,2.0794705491194e-06,5.9318465272796e-23,2.3619009278694e-05,2.3542974521666e-05,0.0099960858987571,-4.7611898479418e-07,4.7699773154478e-07,-6.519774347138e-06,-6.5769374508584e-06,-5.4862794512715e-06,0.90003155257005,0.90003062543566,2.5,2.5,-6.5414882915447e-06,-0.00010000000000002
0.5075,0,0.60264769154394,0.60264769154394,0.99993494408843,0.99993392830659,0.99996900122208,0.99996898280348,2.0387769616261e-06,5.8157650005029e-23,2.362132308427e-05,2.3546776267139e-05,0.0099960847317528,-4.6680171428309e-07,4.676632646857e-07,-6.5212228931966e-06,-6.5772673603678e-06,-5.4855731378433e-06,0.90003155113184,0.90003064214072,2.5,2.5,-6.5425119129532e-06,-9.9999999999997e-05
0.51,0,0.60264769154394,0.60264769154394,0.99993492682744,0.99993393092364,0.99996900191214,0.99996898385399,1.9988797153235e-06,5.7019550974153e-23,2.3623591610572e-05,2.3550503615408e-05,0.0099960835875859,-4.5766677541213e-07,4.585114659367e-07,-6.5226430923605e-06,-6.5775908138085e-06,-5.4848806464119e-06,0.90003154972177,0.90003065851887,2.5,2.5,-6.5435155029037e-06,-0.0001
0.5125,0,0.60264769154394,0.60264769154394,0.99993490990422,0.99993393348947,0.9999690025887,0.99996898488393,1.9597632264597e-06,5.5903723637044e-23,2.3625815743566e-05,2.3554158022409e-05,0.0099960824658094,-4.4871060001736e-07,4.4953876061308e-07,-6.5240354993537e-06,-6.5779079375234e-06,-5.484201706494e-06,0.9000315483393,0.90003067457652,2.5,2.5,-6.5444994533957e-06,-9.9999999999992e-05
0.515,0,0.60264769154394,0.60264769154394,0.99993489331218,0.99993393600509,0.99996900325203,0.99996898589372,1.9214122162054e-06,5.4809732150499e-23,2.3627996352087e-05,2.355774091564e-05,0.0099960813659852,-4.3992968985104e-07,4.4074164401851e-07,-6.5254006580482e-06,-6.5782188553787e-06,-5.483536052884e-06,0.90003154698389,0.90003069031994,2.5,2.5,-6.5454641487577e-06,-0.00010000000000002
0.5175,0,0.60264769154394,0.60264769154394,0.99993487704483,0.99993393847148,0.99996900390237,0.99996898688375,1.8838117047881e-06,5.3737149209677e-23,2.3630134287766e-05,2.3561253694448e-05,0.0099960802876836,-4.3132061515615e-07,4.321166799998e-07,-6.5267391016699e-06,-6.5785236888178e-06,-5.482883425594e-06,0.900031545655,0.90003070575526,2.5,2.5,-6.5464099657978e-06,-9.9999999999993e-05
0.52,0,0.60264769154394,0.60264769154394,0.99993486109583,0.99993394088961,0.99996900453998,0.99996898785441,1.8469470055136e-06,5.2685555868672e-23,2.3632230385804e-05,2.3564697731021e-05,0.0099960792304836,-4.2288001315664e-07,4.2366049967942e-07,-6.5280513530125e-06,-6.578822556908e-06,-5.4822435696906e-06,0.90003154435211,0.90003072088854,2.5,2.5,-6.5473372739489e-06,-9.9999999999993e-05
0.5225,0,0.60264769154394,0.60264769154394,0.99993484545893,0.99993394326042,0.99996900516512,0.99996898880607,1.810803719141e-06,5.1654541386279e-23,2.3634285464818e-05,2.3568074370409e-05,0.0099960781939721,-4.1460458710165e-07,4.1536980010852e-07,-6.529337924638e-06,-6.5791155763879e-06,-5.4816162352656e-06,0.90003154307472,0.90003073572566,2.5,2.5,-6.5482464354163e-06,-0.0001
0.525,0,0.60264769154394,0.60264769154394,0.99993483012803,0.99993394558483,0.99996900577802,0.9999689897391,1.7753677281859e-06,5.0643703021061e-23,2.3636300327606e-05,2.3571384931735e-05,0.0099960771777444,-4.064911045357e-07,4.072413429329e-07,-6.5305993190814e-06,-6.5794028617094e-06,-5.4810011772762e-06,0.90003154182233,0.90003075027244,2.5,2.5,-6.5491378053156e-06,-9.9999999999995e-05
0.5275,0,0.60264769154394,0.60264769154394,0.99993481509715,0.99993394786375,0.99996900637893,0.99996899065388,1.7406251914334e-06,4.9652645971032e-23,2.3638275761108e-05,2.3574630708006e-05,0.0099960761814034,-3.9853639639705e-07,3.9927195320707e-07,-6.5318360290338e-06,-6.5796845250858e-06,-5.4803981554867e-06,0.90003154059444,0.90003076453455,2.5,2.5,-6.5500117318136e-06,-0.00010000000000002
0.53,0,0.60264769154394,0.60264769154394,0.9999348003604,0.99993395009808,0.99996900696808,0.99996899155076,1.7065625385159e-06,4.8680983107324e-23,2.3640212536971e-05,2.3577812966982e-05,0.00999607520456,-3.9073735556783e-07,3.9145851811109e-07,-6.5330485375554e-06,-6.5799606765328e-06,-5.479806934356e-06,0.90003153939058,0.90003077851756,2.5,2.5,-6.5508685562639e-06,-9.999999999999e-05
0.5325,0,0.60264769154394,0.60264769154394,0.99993478591205,0.99993395228868,0.9999690075457,0.99996899243008,1.6731664646967e-06,4.7728334925376e-23,2.3642111411612e-05,2.3580932951709e-05,0.0099960742468326,-3.8309093574738e-07,3.8379798573901e-07,-6.5342373182468e-06,-6.5802314239139e-06,-5.4792272829487e-06,0.90003153821029,0.90003079222693,2.5,2.5,-6.55170861334e-06,-0.00010000000000001
0.535,0,0.60264769154394,0.60264769154394,0.99993477174644,0.99993395443642,0.99996900811202,0.9999689932922,1.6404239255285e-06,4.6794329294733e-23,2.3643973126816e-05,2.3583991880835e-05,0.0099960733078473,-3.7559415034419e-07,3.7628736391429e-07,-6.5354028354459e-06,-6.5804968729854e-06,-5.4786589748577e-06,0.90003153705309,0.90003080566802,2.5,2.5,-6.5525322311664e-06,-9.9999999999999e-05
0.5375,0,0.60264769154394,0.60264769154394,0.99993475785803,0.99993395654212,0.99996900866725,0.99996899413745,1.6083221318498e-06,4.5878601437255e-23,2.3645798409754e-05,2.3586990949101e-05,0.0099960723872371,-3.6824407102992e-07,3.6892371897031e-07,-6.5365455443982e-06,-6.5807571274279e-06,-5.4781017881062e-06,0.90003153591853,0.90003081884608,2.5,2.5,-6.5533397314455e-06,-9.9999999999995e-05
0.54,0,0.60264769154394,0.60264769154394,0.99993474424142,0.99993395860662,0.99996900921162,0.99996899496615,1.5768485447666e-06,4.4980793632609e-23,2.364758797333e-05,2.3589931328024e-05,0.0099960714846425,-3.6103782696282e-07,3.617041747251e-07,-6.5376658914439e-06,-6.5810122889002e-06,-5.4775555050605e-06,0.90003153480618,0.90003083176626,2.5,2.5,-6.5541314295858e-06,-9.9999999999997e-05
0.5425,0,0.60264769154394,0.60264769154394,0.99993473089127,0.99993396063072,0.99996900974534,0.99996899577864,1.5459908708059e-06,4.4100555218565e-23,2.3649342516572e-05,2.3592814165996e-05,0.009996070599711,-3.5397260336034e-07,3.5462591123405e-07,-6.5387643141889e-06,-6.5812624570631e-06,-5.4770199123374e-06,0.9000315337156,0.9000308444336,2.5,2.5,-6.554907634822e-06,-9.9999999999986e-05
0.545,0,0.60264769154394,0.60264769154394,0.99993471780237,0.99993396261521,0.99996901026861,0.99996899657523,1.5157370570125e-06,4.3237542364186e-23,2.3651062724807e-05,2.3595640589158e-05,0.0099960697320969,-3.4704564059921e-07,3.4768616374686e-07,-6.5398412416714e-06,-6.5815077296347e-06,-5.476494800736e-06,0.90003153264635,0.90003085685305,2.5,2.5,-6.5556686503379e-06,-0.00010000000000002
0.5475,0,0.60264769154394,0.60264769154394,0.99993470496961,0.99993396456086,0.99996901078164,0.99996899735623,1.486075286346e-06,4.2391418003449e-23,2.3652749269919e-05,2.3598411701461e-05,0.0099960688814613,-3.4025423295169e-07,3.4088222156963e-07,-6.5408970945372e-06,-6.5817482024148e-06,-5.4759799651573e-06,0.90003153159804,0.90003086902947,2.5,2.5,-6.5564147733843e-06,-9.9999999999998e-05
0.55,0,0.60264769154394,0.60264769154394,0.99993469238797,0.99993396646844,0.99996901128464,0.99996899812195,1.4569939729588e-06,4.1561851618029e-23,2.3654402810721e-05,2.3601128585338e-05,0.009996068047472,-3.3359572779113e-07,3.3421142716759e-07,-6.5419322852027e-06,-6.5819839693361e-06,-5.4754752045024e-06,0.90003153057023,0.9000308809676,2.5,2.5,-6.5571462953954e-06,-0.00010000000000001
0.5525,0,0.60264769154394,0.60264769154394,0.99993468005255,0.99993396833869,0.99996901177778,0.99996899887268,1.4284817578075e-06,4.0748519169046e-23,2.3656023992962e-05,2.3603792301872e-05,0.0099960672298032,-3.2706752424282e-07,3.276711749005e-07,-6.5429472180084e-06,-6.5822151224842e-06,-5.4749803216033e-06,0.90003152956254,0.90003089267211,2.5,2.5,-6.5578635021013e-06,-9.9999999999992e-05
0.555,0,0.60264769154394,0.60264769154394,0.99993466795853,0.99993397017234,0.99996901226128,0.99996899960872,1.400527504046e-06,3.9951103010953e-23,2.3657613450007e-05,2.3606403891666e-05,0.0099960664281355,-3.206670725727e-07,3.2125891021387e-07,-6.5439422893847e-06,-6.5824417521507e-06,-5.4744951231836e-06,0.90003152857457,0.90003090414757,2.5,2.5,-6.5585666736419e-06,-0.0001
0.5575,0,0.60264769154394,0.60264769154394,0.99993465610117,0.99993397197011,0.99996901273532,0.99996900033036,1.3731202928585e-06,3.9169291640388e-23,2.3659171802617e-05,2.3608964374645e-05,0.0099960656421558,-3.1439187250203e-07,3.1497212840293e-07,-6.5449178880025e-06,-6.5826639468527e-06,-5.4740194196991e-06,0.90003152760594,0.90003091539847,2.5,2.5,-6.5592560846734e-06,-0.00010000000000001
0.56,0,0.60264769154394,0.60264769154394,0.99993464447586,0.99993397373269,0.99996901320008,0.99996900103788,1.3462494190226e-06,3.8402779700419e-23,2.366069965956e-05,2.3611474751014e-05,0.0099960648715571,-3.0823947325312e-07,3.0880837396761e-07,-6.5458743949317e-06,-6.5828817933818e-06,-5.4735530253614e-06,0.90003152665626,0.90003092642919,2.5,2.5,-6.5599320044788e-06,-0.00010000000000001
0.5625,0,0.60264769154394,0.60264769154394,0.99993463307804,0.99993397546078,0.99996901365575,0.99996900173155,1.3199043868296e-06,3.7651267796779e-23,2.366219761746e-05,2.3613936001396e-05,0.0099960641160385,-3.0220747146539e-07,3.0276523927942e-07,-6.5468121837795e-06,-6.5830953768256e-06,-5.473095757985e-06,0.90003152572516,0.90003093724406,2.5,2.5,-6.5605946970697e-06,-9.999999999998e-05
0.565,0,0.60264769154394,0.60264769154394,0.99993462190327,0.99993397715506,0.99996901410249,0.99996900241164,1.2940749060269e-06,3.6914462382512e-23,2.3663666261621e-05,2.3616349087017e-05,0.0099960633753047,-2.9629351124e-07,2.9684036394447e-07,-6.5477316208455e-06,-6.5833047806137e-06,-5.4726474389758e-06,0.90003152481228,0.90003094784728,2.5,2.5,-6.5612444212933e-06,-9.9999999999993e-05
0.5675,0,0.60264769154394,0.60264769154394,0.99993461094718,0.99993397881618,0.9999690145405,0.99996900307843,1.2687508876489e-06,3.6192075666548e-23,2.3665106165504e-05,2.3618714950477e-05,0.0099960626490665,-2.9049528248227e-07,2.9103143373286e-07,-6.5486330652562e-06,-6.583510086534e-06,-5.4722078932094e-06,0.90003152391727,0.90003095824301,2.5,2.5,-6.5618814309296e-06,-0.00010000000000001
0.57,0,0.60264769154394,0.60264769154394,0.99993460020549,0.99993398044479,0.99996901496994,0.99996900373217,1.2439224401891e-06,3.5483825477361e-23,2.36665178916e-05,2.3621034515814e-05,0.0099960619370402,-2.8481052044727e-07,2.8533617965947e-07,-6.5495168691149e-06,-6.5837113747811e-06,-5.4717769490011e-06,0.90003152303977,0.90003096843531,2.5,2.5,-6.562505974793e-06,-9.9999999999986e-05
0.5725,0,0.60264769154394,0.60264769154394,0.99993458967401,0.99993398204154,0.99996901539097,0.99996900437311,1.2195798657213e-06,3.4789435196067e-23,2.3667901991422e-05,2.3623308689122e-05,0.0099960612389477,-2.7923700475666e-07,2.7975237719696e-07,-6.5503833776375e-06,-6.5839087239771e-06,-5.4713544380356e-06,0.90003152217945,0.90003097842815,2.5,2.5,-6.5631182968291e-06,-0.00010000000000002
0.575,0,0.60264769154394,0.60264769154394,0.99993457934862,0.99993398360703,0.99996901580376,0.99996900500152,1.1957136561492e-06,3.4108633562982e-23,2.3669259005437e-05,2.3625538358693e-05,0.0099960605545163,-2.7377255822789e-07,2.7427784527066e-07,-6.5512329292722e-06,-6.5841022112051e-06,-5.4709401952689e-06,0.90003152133596,0.90003098822543,2.5,2.5,-6.5637186362089e-06,-9.9999999999992e-05
0.5775,0,0.60264769154394,0.60264769154394,0.99993456922529,0.99993398514189,0.99996901620847,0.99996900561762,1.1723144893053e-06,3.3441154685158e-23,2.3670589463806e-05,2.3627724395372e-05,0.0099960598834787,-2.684150466615e-07,2.6891044564095e-07,-6.5520658558596e-06,-6.5842919120433e-06,-5.4705340589019e-06,0.90003152050898,0.900030997831,2.5,2.5,-6.5643072274239e-06,-9.9999999999997e-05
0.58,0,0.60264769154394,0.60264769154394,0.99993455930006,0.99993398664672,0.99996901660526,0.99996900622167,1.1493732256056e-06,3.2786737858354e-23,2.3671893886161e-05,2.362986765312e-05,0.0099960592255727,-2.6316237736687e-07,2.6364808174914e-07,-6.5528824827325e-06,-6.5844779005864e-06,-5.4701358703124e-06,0.90003151969818,0.90003100724859,2.5,2.5,-6.5648843003762e-06,-0.00010000000000001
0.5825,0,0.60264769154394,0.60264769154394,0.99993454956907,0.99993398812209,0.99996901699429,0.9999690068139,1.1268809042253e-06,3.2145127430538e-23,2.3673172781994e-05,2.3631968968949e-05,0.0099960585805415,-2.5801249855602e-07,2.5848869812403e-07,-6.553683128868e-06,-6.5846602494804e-06,-5.4697454739452e-06,0.90003151890325,0.90003101648188,2.5,2.5,-6.565450080469e-06,-9.9999999999996e-05
0.585,0,0.60264769154394,0.60264769154394,0.9999345400285,0.99993398956859,0.99996901737571,0.99996900739453,1.1048287396835e-06,3.1516072810734e-23,2.3674426650837e-05,2.3634029163695e-05,0.009996057948133,-2.5296339886585e-07,2.5343027955074e-07,-6.5544681069928e-06,-6.5848390299515e-06,-5.469362717335e-06,0.90003151812387,0.90003102553449,2.5,2.5,-6.5660047886946e-06,-0.0001
0.5875,0,0.60264769154394,0.60264769154394,0.99993453067463,0.99993399098679,0.99996901774966,0.99996900796381,1.0832081185127e-06,3.0899328282336e-23,2.3675655982499e-05,2.3636049042127e-05,0.0099960573281002,-2.4801310597318e-07,2.4847085020679e-07,-6.5552377237195e-06,-6.5850143118318e-06,-5.468987450958e-06,0.90003151735975,0.90003103440994,2.5,2.5,-6.5665486417207e-06,-9.9999999999998e-05
0.59,0,0.60264769154394,0.60264769154394,0.99993452150381,0.99993399237724,0.99996901811629,0.99996900852194,1.0620105957333e-06,3.0294652964632e-23,2.3676861257066e-05,2.3638029393053e-05,0.009996056720201,-2.4315968644448e-07,2.4360847296023e-07,-6.5559922796585e-06,-6.5851861635824e-06,-5.4686195282565e-06,0.90003151661057,0.90003104311171,2.5,2.5,-6.5670818519748e-06,-0.00010000000000001
0.5925,0,0.60264769154394,0.60264769154394,0.99993451251246,0.99993399374047,0.99996901847575,0.99996900906916,1.0412278916165e-06,2.9701810657664e-23,2.3678042945375e-05,2.3639970990102e-05,0.0099960561241979,-2.3840124441362e-07,2.3884124857156e-07,-6.5567320695344e-06,-6.5853546523326e-06,-5.4682588054976e-06,0.90003151587606,0.90003105164319,2.5,2.5,-6.5676046277277e-06,-9.9999999999983e-05
0.595,0,0.60264769154394,0.60264769154394,0.99993450369706,0.99993399507703,0.99996901882818,0.99996900960566,1.0208518885502e-06,2.912056980902e-23,2.3679201508987e-05,2.3641874591653e-05,0.0099960555398581,-2.3373592139708e-07,2.3416731498466e-07,-6.5574573823137e-06,-6.5855198438926e-06,-5.4679051418071e-06,0.90003151515593,0.90003106000772,2.5,2.5,-6.5681171731742e-06,-0.00010000000000001
0.5975,0,0.60264769154394,0.60264769154394,0.99993449505417,0.99993399638743,0.99996901917371,0.99996901013167,1.0008746276752e-06,2.8550703382127e-23,2.3680337400452e-05,2.3643740941252e-05,0.0099960549669533,-2.2916189498284e-07,2.2958484655979e-07,-6.5581685012944e-06,-6.5856818027833e-06,-5.4675583990312e-06,0.90003151444988,0.90003106820856,2.5,2.5,-6.5686196885133e-06,-9.9999999999987e-05
0.6,0,0.60264769154394,0.60264769154394,0.99993448658042,0.99993399767219,0.99996901951247,0.99996901064738,9.8128830595527e-07,2.7991988780313e-23,2.3681451063408e-05,2.3645570767822e-05,0.0099960544052599,-2.2467737869556e-07,2.2509205343639e-07,-6.5588657042437e-06,-6.5858405922678e-06,-5.4672184417349e-06,0.90003151375766,0.90003107624892,2.5,2.5,-6.5691123700265e-06,-0.00010000000000003
0.6025,0,0.60264769154394,0.60264769154394,0.99993447827249,0.9999339989318,0.99996901984461,0.999969011153,9.6208527295198e-07,2.7444207797764e-23,2.3682542932863e-05,2.3647364786196e-05,0.0099960538545583,-2.2028062076702e-07,2.2068718065463e-07,-6.5595492634837e-06,-6.585996274368e-06,-5.4668851371355e-06,0.90003151307897,0.90003108413193,2.5,2.5,-6.5695954101531e-06,-9.9999999999977e-05
0.605,0,0.60264769154394,0.60264769154394,0.99993447012714,0.99993400016677,0.99996902017025,0.99996901164872,9.4325802808058e-07,2.6907146435631e-23,2.3683613435311e-05,2.3649123697031e-05,0.0099960533146336,-2.1596990392523e-07,2.1636850776076e-07,-6.5602194460124e-06,-6.5861489098938e-06,-5.4665583550391e-06,0.90003151241357,0.90003109186068,2.5,2.5,-6.5700689975684e-06,-9.9999999999989e-05
0.6075,0,0.60264769154394,0.60264769154394,0.99993446214119,0.99993400137757,0.99996902048951,0.99996901213475,9.2479921744226e-07,2.6380594940004e-23,2.3684662988878e-05,2.365084818738e-05,0.0099960527852747,-2.1174354440643e-07,2.1213434788406e-07,-6.5608765136024e-06,-6.5862985584629e-06,-5.4662379678094e-06,0.9000315117612,0.90003109943819,2.5,2.5,-6.570533317254e-06,-0.0001
0.61,0,0.60264769154394,0.60264769154394,0.99993445431151,0.99993400256467,0.99996902080253,0.99996901261126,9.0670163105902e-07,2.5864347655703e-23,2.3685692003488e-05,2.3652538930804e-05,0.009996052266275,-2.0759989136745e-07,2.079830471202e-07,-6.5615207228993e-06,-6.5864452785276e-06,-5.465923850307e-06,0.90003151112158,0.90003110686741,2.5,2.5,-6.5709885505719e-06,-0.00010000000000001
0.6125,0,0.60264769154394,0.60264769154394,0.99993444663506,0.99993400372855,0.99996902110942,0.99996901307845,8.8895820009352e-07,2.5358202896977e-23,2.3686700881093e-05,2.3654196587804e-05,0.0099960517574317,-2.0353732631224e-07,2.0391298403631e-07,-6.5621523255318e-06,-6.5865891273978e-06,-5.4656158798281e-06,0.90003151049449,0.90003111415124,2.5,2.5,-6.5714348753353e-06,-0.0001
0.615,0,0.60264769154394,0.60264769154394,0.99993443910883,0.99993400486964,0.99996902141031,0.9999690135365,8.7156199396762e-07,2.4861963007875e-23,2.3687690015801e-05,2.3655821805666e-05,0.009996051258546,-1.9955426247603e-07,1.9992256885208e-07,-6.5627715682019e-06,-6.5867301612608e-06,-5.4653139360917e-06,0.90003150987966,0.90003112129254,2.5,2.5,-6.5718724658774e-06,-9.9999999999988e-05
0.6175,0,0.60264769154394,0.60264769154394,0.99993443172988,0.99993400598841,0.9999690217053,0.99996901398558,8.5450621779525e-07,2.4375434132649e-23,2.3688659793928e-05,2.3657415219376e-05,0.0099960507694231,-1.9564914400506e-07,1.9601024291864e-07,-6.563378692787e-06,-6.5868684352021e-06,-5.4650179011562e-06,0.90003150927687,0.90003112829409,2.5,2.5,-6.5723014931201e-06,-0.00010000000000002
0.62,0,0.60264769154394,0.60264769154394,0.99993442449533,0.99993400708529,0.99996902199453,0.99996901442587,8.3778420959385e-07,2.3898426238976e-23,2.3689610594233e-05,2.3658977451215e-05,0.009996050289872,-1.9182044557881e-07,1.9217447808771e-07,-6.5639739364242e-06,-6.5870040032325e-06,-5.4647276593846e-06,0.90003150868588,0.90003113515862,2.5,2.5,-6.5727221246401e-06,-0.00010000000000001
0.6225,0,0.60264769154394,0.60264769154394,0.99993441740236,0.9999340081607,0.99996902227809,0.99996901485755,8.2138943784998e-07,2.3430753018679e-23,2.3690542788202e-05,2.3660509111391e-05,0.0099960498197054,-1.8806667180928e-07,1.8841377615627e-07,-6.5645575316159e-06,-6.5871369183031e-06,-5.4644430974212e-06,0.90003150810645,0.90003114188882,2.5,2.5,-6.5731345247354e-06,-0.0001
0.625,0,0.60264769154394,0.60264769154394,0.99993441044819,0.99993400921506,0.99996902255611,0.99996901528078,8.0531549875147e-07,2.2972231772783e-23,2.3691456739812e-05,2.3662010798252e-05,0.0099960493587395,-1.8438635632522e-07,1.8472666815482e-07,-6.5651297063164e-06,-6.5872672323328e-06,-5.4641641040994e-06,0.90003150753835,0.90003114848731,2.5,2.5,-6.5735388544885e-06,-9.9999999999993e-05
0.6275,0,0.60264769154394,0.60264769154394,0.99993440363011,0.99993401024879,0.99996902282869,0.99996901569573,7.8955611387927e-07,2.252268344477e-23,2.3692352806093e-05,2.3663483098228e-05,0.0099960489067943,-1.8077806176606e-07,1.8111171394695e-07,-6.5656906840088e-06,-6.5873949962187e-06,-5.4638905704607e-06,0.90003150698138,0.90003115495668,2.5,2.5,-6.5739352718292e-06,-9.9999999999985e-05
0.63,0,0.60264769154394,0.60264769154394,0.99993439694545,0.99993401126229,0.99996902309593,0.99996901610255,7.7410512765264e-07,2.208193241444e-23,2.3693231337127e-05,2.366492658651e-05,0.0099960484636934,-1.7724037865935e-07,1.7756750151066e-07,-6.5662406838142e-06,-6.5875202598693e-06,-5.4636223896606e-06,0.90003150643531,0.90003116129945,2.5,2.5,-6.5743239315975e-06,-0.00010000000000001
0.6325,0,0.60264769154394,0.60264769154394,0.9999343903916,0.99993401225596,0.99996902335794,0.99996901650142,7.5895650495299e-07,2.1649806531278e-23,2.3694092675963e-05,2.3666341826862e-05,0.0099960480292636,-1.737719251472e-07,1.7409264650288e-07,-6.5667799205578e-06,-6.5876430722065e-06,-5.4633594569377e-06,0.90003150589992,0.90003116751809,2.5,2.5,-6.5747049856023e-06,-9.9999999999997e-05
0.635,0,0.60264769154394,0.60264769154394,0.99993438396601,0.99993401323018,0.99996902361482,0.99996901689248,7.4410432879691e-07,2.1226137015976e-23,2.3694937159162e-05,2.3667729372085e-05,0.0099960476033352,-1.7037134655627e-07,1.7068579163807e-07,-6.5673086048697e-06,-6.5877634812064e-06,-5.463101669606e-06,0.90003150537501,0.90003117361504,2.5,2.5,-6.5750785826833e-06,-9.9999999999995e-05
0.6375,0,0.60264769154394,0.60264769154394,0.99993437766617,0.99993401418534,0.99996902386668,0.99996901727589,7.2954279791016e-07,2.0810758362175e-23,2.3695765116384e-05,2.3669089764154e-05,0.0099960471857419,-1.6703731463062e-07,1.6734560623711e-07,-6.5678269432499e-06,-6.5878815338992e-06,-5.4628489269718e-06,0.90003150486037,0.90003117959268,2.5,2.5,-6.5754448687658e-06,-9.9999999999999e-05
0.64,0,0.60264769154394,0.60264769154394,0.9999343714896,0.99993401512181,0.99996902411361,0.9999690176518,7.1526622464586e-07,2.0403508345962e-23,2.3696576871196e-05,2.3670423534391e-05,0.0099960467763206,-1.637685269822e-07,1.6407078558584e-07,-6.5683351381567e-06,-6.587997276391e-06,-5.4626011303051e-06,0.9000315043558,0.90003118545334,2.5,2.5,-6.5758039869206e-06,-0.00010000000000001
0.6425,0,0.60264769154394,0.60264769154394,0.99993436543391,0.99993401603995,0.99996902435571,0.99996901802034,7.0126903256816e-07,2.0004227878334e-23,2.3697372740594e-05,2.3671731203893e-05,0.0099960463749113,-1.6056370691694e-07,1.6086005058894e-07,-6.5688333880948e-06,-6.5881107538949e-06,-5.4623581828164e-06,0.9000315038611,0.90003119119931,2.5,2.5,-6.5761560774181e-06,-9.999999999999e-05
0.645,0,0.60264769154394,0.60264769154394,0.99993435949672,0.99993401694012,0.99996902459306,0.99996901838168,6.875457544207e-07,1.9612761034632e-23,2.3698153035452e-05,2.3673013283228e-05,0.0099960459813573,-1.5742160269306e-07,1.577121471215e-07,-6.5693218876771e-06,-6.5882220107344e-06,-5.4621199896265e-06,0.90003150337609,0.90003119683284,2.5,2.5,-6.5765012777844e-06,-9.9999999999997e-05
0.6475,0,0.60264769154394,0.60264769154394,0.99993435367572,0.99993401782268,0.99996902482578,0.99996901873595,6.740910299343e-07,1.9228954864401e-23,2.3698918060614e-05,2.367427027336e-05,0.0099960455955048,-1.5434098691531e-07,1.5462584564564e-07,-6.5698008277093e-06,-6.588331090366e-06,-5.4618864576812e-06,0.90003150290057,0.90003120235612,2.5,2.5,-6.5768397228534e-06,-0.00010000000000001
0.65,0,0.60264769154394,0.60264769154394,0.99993434796863,0.99993401868797,0.99996902505394,0.99996901908328,6.6089960373036e-07,1.8852659493206e-23,2.3699668114826e-05,2.3675502665172e-05,0.0099960452172032,-1.5132065638264e-07,1.5159994062276e-07,-6.5702703952654e-06,-6.5884380353975e-06,-5.461657495777e-06,0.90003150243435,0.90003120777132,2.5,2.5,-6.5771715448211e-06,-9.9999999999994e-05
0.6525,0,0.60264769154394,0.60264769154394,0.99993434237322,0.99993401953632,0.99996902527763,0.99996901942382,6.4796632324473e-07,1.8483727915181e-23,2.370040349104e-05,2.3676710940097e-05,0.0099960448463046,-1.4835943125218e-07,1.4863325014573e-07,-6.5707307737585e-06,-6.5885428875979e-06,-5.4614330144698e-06,0.90003150197726,0.90003121308055,2.5,2.5,-6.5774968732966e-06,-0.00010000000000002
0.655,0,0.60264769154394,0.60264769154394,0.99993433688731,0.99993402036808,0.99996902549695,0.99996901975769,6.3528613680479e-07,1.8122016037612e-23,2.3701124476534e-05,2.3677895569977e-05,0.0099960444826642,-1.4545615500582e-07,1.4572461545953e-07,-6.5711821430091e-06,-6.5886456879239e-06,-5.4612129260901e-06,0.90003150152911,0.90003121828588,2.5,2.5,-6.5778158353519e-06,-9.9999999999985e-05
0.6575,0,0.60264769154394,0.60264769154394,0.99993433150875,0.99993402118355,0.99996902571198,0.99996902008503,6.2285409153139e-07,1.776738257887e-23,2.3701831352922e-05,2.3679057017617e-05,0.00999604412614,-1.4260969352586e-07,1.4287290044467e-07,-6.5716246793231e-06,-6.5887464765289e-06,-5.460997144661e-06,0.90003150108973,0.90003122338934,2.5,2.5,-6.5781285555731e-06,-9.9999999999992e-05
0.66,0,0.60264769154394,0.60264769154394,0.99993432623545,0.99993402198307,0.99996902592279,0.99996902040596,6.1066533152817e-07,1.741968901014e-23,2.3702524396312e-05,2.3680195736643e-05,0.0099960437765927,-1.3981893507819e-07,1.4007699123468e-07,-6.572058555551e-06,-6.5888452927826e-06,-5.4607855859019e-06,0.90003150065895,0.90003122839294,2.5,2.5,-6.5784351561081e-06,-0.00010000000000002
0.6625,0,0.60264769154394,0.60264769154394,0.99993432106535,0.99993402276694,0.99996902612949,0.99996902072061,5.9871509586841e-07,1.7078799524069e-23,2.3703203877333e-05,2.368131217187e-05,0.0099960434338857,-1.3708278952513e-07,1.3733579572952e-07,-6.5724839411688e-06,-6.588942175278e-06,-5.4605781671828e-06,0.9000315002366,0.90003123329862,2.5,2.5,-6.5787357567138e-06,-9.9999999999992e-05
0.665,0,0.60264769154394,0.60264769154394,0.99993431599642,0.99993402353547,0.99996902633213,0.99996902102911,5.8699871683822e-07,1.674458098436e-23,2.3703870061521e-05,2.3682406759303e-05,0.0099960430978852,-1.3440018818622e-07,1.3464824326153e-07,-6.5729010023242e-06,-6.5890371618626e-06,-5.4603748074819e-06,0.90003149982252,0.90003123810829,2.5,2.5,-6.5790304748045e-06,-9.999999999999e-05
0.6675,0,0.60264769154394,0.60264769154394,0.99993431102668,0.99993402428896,0.99996902653081,0.99996902133156,5.755116180268e-07,1.6416902821626e-23,2.3704523209006e-05,2.3683479926598e-05,0.00999604276846,-1.3177008322863e-07,1.3201328406404e-07,-6.5733099019256e-06,-6.5891302896329e-06,-5.4601754273693e-06,0.90003149941654,0.90003124282385,2.5,2.5,-6.5793194254962e-06,-0.00010000000000001
0.67,0,0.60264769154394,0.60264769154394,0.9999343061542,0.99993402502771,0.99996902672561,0.9999690216281,5.6424931265399e-07,1.6095637066406e-23,2.3705163574874e-05,2.3684532092796e-05,0.0099960424454814,-1.2919144732779e-07,1.294298889066e-07,-6.5737107996867e-06,-6.5892215949694e-06,-5.4599799489654e-06,0.9000314990185,0.90003124744713,2.5,2.5,-6.5796027216521e-06,-0.00010000000000001
0.6725,0,0.60264769154394,0.60264769154394,0.99993430137707,0.999934025752,0.99996902691659,0.99996902191884,5.5320740164062e-07,1.5780658242229e-23,2.370579140934e-05,2.3685563668982e-05,0.0099960421288232,-1.2666327327943e-07,1.2689704875422e-07,-6.5741038521948e-06,-6.5893111135301e-06,-5.4597882959226e-06,0.90003149862825,0.90003125197993,2.5,2.5,-6.5798804739274e-06,-0.00010000000000001
0.675,0,0.60264769154394,0.60264769154394,0.99993429669342,0.99993402646212,0.99996902710383,0.99996902220388,5.4238157202979e-07,1.5471843284909e-23,2.370640695753e-05,2.3686575058031e-05,0.0099960418183618,-1.2418457359079e-07,1.2441377426976e-07,-6.5744892129809e-06,-6.5893988802854e-06,-5.4596003933719e-06,0.90003149824564,0.90003125642403,2.5,2.5,-6.5801527908111e-06,-9.9999999999976e-05
0.6775,0,0.60264769154394,0.60264769154394,0.99993429210143,0.99993402715834,0.99996902728741,0.99996902248335,5.3176759534805e-07,1.5169071589965e-23,2.3707010459922e-05,2.3687566654916e-05,0.0099960415139758,-1.2175438009534e-07,1.2197909549055e-07,-6.57486703256e-06,-6.5894849295138e-06,-5.4594161679305e-06,0.90003149787052,0.90003126078116,2.5,2.5,-6.5804197786697e-06,-0.00010000000000001
0.68,0,0.60264769154394,0.60264769154394,0.9999342875993,0.99993402784093,0.9999690274674,0.99996902275735,5.213613257316e-07,1.4872224901183e-23,2.3707602152288e-05,2.3688538847135e-05,0.0099960412155465,-1.1937174355535e-07,1.1959206144741e-07,-6.5752374585098e-06,-6.5895692948285e-06,-5.4592355476313e-06,0.90003149750273,0.90003126505303,2.5,2.5,-6.5806815417876e-06,-0.00010000000000001
0.6825,0,0.60264769154394,0.60264769154394,0.99993428318527,0.99993402851017,0.99996902764387,0.99996902302599,5.1115869856524e-07,1.4581187277746e-23,2.370818226574e-05,2.3689492014285e-05,0.0099960409229571,-1.1703573330411e-07,1.1725173976196e-07,-6.5756006355199e-06,-6.5896520091794e-06,-5.4590584619292e-06,0.90003149714215,0.9000312692413,2.5,2.5,-6.5809381824095e-06,-0.0001
0.685,0,0.60264769154394,0.60264769154394,0.99993427885762,0.99993402916631,0.99996902781688,0.99996902328937,5.0115572869743e-07,1.4295845014321e-23,2.3708751026785e-05,2.3690426528741e-05,0.0099960406360935,-1.1474543694025e-07,1.1495721631899e-07,-6.5759567054421e-06,-6.5897331048781e-06,-5.4588848416513e-06,0.90003149678862,0.90003127334761,2.5,2.5,-6.581189800778e-06,-9.9999999999987e-05
0.6875,0,0.60264769154394,0.60264769154394,0.99993427461466,0.99993402980961,0.99996902798651,0.99996902354759,4.9134850903192e-07,1.4016086680575e-23,2.3709308657665e-05,2.3691342755441e-05,0.0099960403548436,-1.1249995987347e-07,1.1270759487445e-07,-6.5763058073607e-06,-6.589812613598e-06,-5.4587146189921e-06,0.90003149644201,0.90003127737356,2.5,2.5,-6.581436495175e-06,-0.00010000000000001
0.69,0,0.60264769154394,0.60264769154394,0.99993427045473,0.99993403044033,0.99996902815281,0.99996902380077,4.8173320883756e-07,1.374180298693e-23,2.37098553761e-05,2.3692241052355e-05,0.0099960400790976,-1.1029842495919e-07,1.1050199674415e-07,-6.5766480776281e-06,-6.5898905663942e-06,-5.4585477274439e-06,0.90003149610218,0.90003128132073,2.5,2.5,-6.5816783619583e-06,-9.9999999999989e-05
0.6925,0,0.60264769154394,0.60264769154394,0.99993426637621,0.99993403105869,0.99996902831586,0.99996902404899,4.7230607246093e-07,1.3472886820333e-23,2.3710391395726e-05,2.3693121770286e-05,0.0099960398087477,-1.0813997237303e-07,1.0833956039696e-07,-6.5769836499438e-06,-6.5899669937166e-06,-5.458384101839e-06,0.900031495769,0.90003128519065,2.5,2.5,-6.5819154956009e-06,-0.00010000000000001
0.695,0,0.60264769154394,0.60264769154394,0.9999342623775,0.99993403166496,0.99996902847573,0.99996902429235,4.6306341763709e-07,1.3209233115719e-23,2.37109169258e-05,2.3693985253269e-05,0.0099960395436882,-1.06023758972e-07,1.0621944122436e-07,-6.57731265537e-06,-6.5900419254167e-06,-5.4582236782558e-06,0.90003149544235,0.90003128898485,2.5,2.5,-6.5821479887262e-06,-9.9999999999993e-05
0.6975,0,0.60264769154394,0.60264769154394,0.99993425845705,0.99993403225937,0.99996902863246,0.99996902453095,4.540016342385e-07,1.2950738916801e-23,2.3711432171788e-05,2.369483183863e-05,0.0099960392838159,-1.03948958196e-07,1.0414081110165e-07,-6.5776352224253e-06,-6.5901153907632e-06,-5.4580663940318e-06,0.90003149512208,0.90003129270479,2.5,2.5,-6.5823759321458e-06,-0.00010000000000001
0.7,0,0.60264769154394,0.60264769154394,0.99993425461331,0.99993403284214,0.99996902878613,0.99996902476488,4.4511718273037e-07,1.2697303247252e-23,2.3711937334747e-05,2.3695661856932e-05,0.009996039029029,-1.0191475960976e-07,1.0210285811068e-07,-6.5779514770978e-06,-6.5901874184512e-06,-5.4579121877364e-06,0.90003149480808,0.90003129635194,2.5,2.5,-6.5825994148936e-06,-9.9999999999986e-05
0.7025,0,0.60264769154394,0.60264769154394,0.99993425084479,0.99993403341351,0.99996902893678,0.99996902499423,4.3640659292327e-07,1.2448827095211e-23,2.3712432612101e-05,2.3696475632419e-05,0.009996038779228,-9.9920368718293e-08,1.0010478626881e-07,-6.5782615429183e-06,-6.5902580366151e-06,-5.4577609991378e-06,0.90003149450023,0.90003129992771,2.5,2.5,-6.5828185242617e-06,-0.00010000000000001
0.705,0,0.60264769154394,0.60264769154394,0.99993424715002,0.9999340339737,0.99996902908449,0.99996902521909,4.2786646240847e-07,1.2205213448359e-23,2.3712918197251e-05,2.3697273482968e-05,0.0099960385343155,-9.7965006436438e-08,9.8145815081731e-08,-6.5785655409952e-06,-6.5903272728366e-06,-5.4576127691832e-06,0.9000314941984,0.90003130343351,2.5,2.5,-6.5830333458331e-06,-9.999999999999e-05
0.7075,0,0.60264769154394,0.60264769154394,0.99993424352755,0.99993403452292,0.99996902922932,0.99996902543955,4.1949345548543e-07,1.1966367102563e-23,2.3713394279865e-05,2.369805572029e-05,0.0099960382941957,-9.6047909013269e-08,9.6225179401675e-08,-6.5788635900727e-06,-6.5903951541602e-06,-5.4574674399603e-06,0.90003149390248,0.90003130687071,2.5,2.5,-6.583243963517e-06,-0.00010000000000001
0.71,0,0.60264769154394,0.60264769154394,0.99993423997598,0.9999340350614,0.9999690293713,0.9999690256557,4.1128430163526e-07,1.1732194801534e-23,2.3713861045961e-05,2.3698822649748e-05,0.0099960380587749,-9.416832773102e-08,9.4342129055663e-08,-6.579155806565e-06,-6.590461707101e-06,-5.4573249547227e-06,0.90003149361235,0.90003131024064,2.5,2.5,-6.5834504595802e-06,-9.9999999999992e-05
0.7125,0,0.60264769154394,0.60264769154394,0.9999342364939,0.99993403558934,0.99996902951051,0.99996902586762,4.0323579441712e-07,1.15026050621e-23,2.3714318677799e-05,2.36995745711e-05,0.0099960378279611,-9.2325528335241e-08,9.2495928488738e-08,-6.5794423046132e-06,-6.590526957654e-06,-5.4571852578127e-06,0.9000314933279,0.90003131354462,2.5,2.5,-6.5836529146793e-06,-0.0001
0.715,0,0.60264769154394,0.60264769154394,0.99993423307996,0.99993403610694,0.99996902964699,0.99996902607539,3.9534479011548e-07,1.127750821082e-23,2.371476735413e-05,2.3700311777853e-05,0.0099960376016641,-9.0518791010745e-08,9.0685856618676e-08,-6.5797231961248e-06,-6.5905909313031e-06,-5.4570482946475e-06,0.90003149304901,0.90003131678395,2.5,2.5,-6.5838514078929e-06,-0.00010000000000001
0.7175,0,0.60264769154394,0.60264769154394,0.99993422973284,0.99993403661442,0.9999690297808,0.9999690262791,3.8760820648234e-07,1.1056816336889e-23,2.3715207250224e-05,2.3701034558137e-05,0.0099960373797956,-8.8747410172663e-08,8.8911206419557e-08,-6.5799985908088e-06,-6.5906536530409e-06,-5.4569140117479e-06,0.90003149277558,0.90003131995989,2.5,2.5,-6.5840460167519e-06,-0.0001
0.72,0,0.60264769154394,0.60264769154394,0.99993422645121,0.99993403711197,0.999969029912,0.99996902647882,3.800230216579e-07,1.0840443219576e-23,2.3715638537921e-05,2.3701743194191e-05,0.0099960371622689,-8.7010693849406e-08,8.7171284701973e-08,-6.5802685962401e-06,-6.5907151473643e-06,-5.4567823566643e-06,0.9000314925075,0.90003132307368,2.5,2.5,-6.5842368172702e-06,-9.9999999999982e-05
0.7225,0,0.60264769154394,0.60264769154394,0.9999342232338,0.99993403759978,0.99996903004062,0.99996902667463,3.725862728488e-07,1.0628304341903e-23,2.3716061385659e-05,2.3702437962722e-05,0.009996036948999,-8.5307963629731e-08,8.546541187326e-08,-6.5805333178791e-06,-6.5907754382908e-06,-5.4566532779604e-06,0.90003149224467,0.90003132612653,2.5,2.5,-6.5844238839737e-06,-0.00010000000000001
0.725,0,0.60264769154394,0.60264769154394,0.99993422007936,0.99993403807804,0.99996903016673,0.99996902686661,3.6529505534757e-07,1.042031686656e-23,2.3716475958551e-05,2.3703119135182e-05,0.0099960367399026,-8.36385545091e-08,8.3792921622402e-08,-6.5807928591244e-06,-6.5908345493728e-06,-5.4565267252251e-06,0.90003149198698,0.90003132911964,2.5,2.5,-6.5846072899303e-06,-0.00010000000000001
0.7275,0,0.60264769154394,0.60264769154394,0.99993421698664,0.99993403854695,0.99996903029038,0.99996902705483,3.5814652116005e-07,1.0216399543619e-23,2.3716882418623e-05,2.3703786977713e-05,0.009996036534898,-8.2001814429413e-08,8.2153160689098e-08,-6.5810473213528e-06,-6.5908925036983e-06,-5.4564026490255e-06,0.90003149173433,0.90003133205418,2.5,2.5,-6.5847871067781e-06,-9.9999999999997e-05
0.73,0,0.60264769154394,0.60264769154394,0.99993421395445,0.99993403900668,0.9999690304116,0.99996902723937,3.5113787813362e-07,1.0016472716225e-23,2.3717280924591e-05,2.3704441751056e-05,0.0099960363339053,-8.0397104017539e-08,8.0545488551717e-08,-6.5812968039605e-06,-6.5909493239037e-06,-5.4562810008989e-06,0.90003149148663,0.90003133493129,2.5,2.5,-6.5849634047531e-06,-0.00010000000000001
0.7325,0,0.60264769154394,0.60264769154394,0.99993421098159,0.99993403945741,0.99996903053045,0.9999690274203,3.4426638865124e-07,9.8204583068434e-24,2.3717671632148e-05,2.3705083711048e-05,0.0099960361368458,-7.8823796538618e-08,7.8969277304282e-08,-6.5815414043895e-06,-6.5910050321819e-06,-5.4561617333328e-06,0.90003149124378,0.9000313377521,2.5,2.5,-6.5851362527163e-06,-0.0001
0.735,0,0.60264769154394,0.60264769154394,0.99993420806691,0.99993403989932,0.99996903064697,0.99996902759768,3.3752936879827e-07,9.6282797266185e-24,2.371805469382e-05,2.3705713108337e-05,0.0099960359436426,-7.7281277422959e-08,7.7423911255658e-08,-6.5817812181818e-06,-6.5910596502935e-06,-5.4560447997329e-06,0.90003149100567,0.9000313405177,2.5,2.5,-6.5853057181824e-06,-0.00010000000000001
0.7375,0,0.60264769154394,0.60264769154394,0.99993420520927,0.99993404033259,0.99996903076122,0.9999690277716,3.3092418704991e-07,9.4398619305563e-24,2.3718430259295e-05,2.3706330188821e-05,0.0099960357542202,-7.5768944188861e-08,7.5908786777338e-08,-6.5820163390115e-06,-6.5911131995723e-06,-5.4559301544355e-06,0.90003149077223,0.90003134322919,2.5,2.5,-6.5854718673438e-06,-0.00010000000000001
0.74,0,0.60264769154394,0.60264769154394,0.99993420240755,0.99993404075738,0.99996903087322,0.99996902794211,3.244482634607e-07,9.2551313390876e-24,2.3718798475281e-05,2.3706935193585e-05,0.0099960355685047,-7.4286206102856e-08,7.4423312104034e-08,-6.5822468587112e-06,-6.5911657009347e-06,-5.4558177526485e-06,0.90003149054336,0.90003134588762,2.5,2.5,-6.5856347650979e-06,-9.9999999999968e-05
0.7425,0,0.60264769154394,0.60264769154394,0.99993419966066,0.99993404117385,0.99996903098304,0.99996902810929,3.1809906857473e-07,9.0740157735956e-24,2.3719159485514e-05,2.370752835881e-05,0.0099960353864235,-7.2832484060445e-08,7.2966906980345e-08,-6.5824728673234e-06,-6.5912171748864e-06,-5.4557075504865e-06,0.90003149031896,0.90003134849402,2.5,2.5,-6.5857944750726e-06,-0.00010000000000002
0.745,0,0.60264769154394,0.60264769154394,0.99993419696752,0.99993404158217,0.99996903109071,0.99996902827319,3.1187412238787e-07,8.8964444867639e-24,2.371951343113e-05,2.3708109916323e-05,0.0099960352079055,-7.1407210160906e-08,7.1539002541722e-08,-6.5826944531263e-06,-6.5912676415348e-06,-5.4555995048838e-06,0.90003149009896,0.90003135104941,2.5,2.5,-6.5859510596498e-06,-9.9999999999992e-05
0.7475,0,0.60264769154394,0.60264769154394,0.99993419432709,0.9999340419825,0.99996903119627,0.99996902843389,3.0577099343851e-07,8.7223481241352e-24,2.371986045024e-05,2.3708680093183e-05,0.0099960350328809,-7.0009827756309e-08,7.0139041068283e-08,-6.5829117026716e-06,-6.5913171205897e-06,-5.4554935736511e-06,0.90003148988326,0.9000313535548,2.5,2.5,-6.586104579991e-06,-0.0001
0.75,0,0.60264769154394,0.60264769154394,0.99993419173832,0.999934042375,0.99996903129976,0.99996902859144,2.9978729787488e-07,8.5516587035734e-24,2.3720200678478e-05,2.3709239112174e-05,0.0099960348612814,-6.8639791034689e-08,6.8766475725947e-08,-6.5831247008149e-06,-6.5913656313795e-06,-5.4553897154124e-06,0.90003148967178,0.90003135601117,2.5,2.5,-6.5862550960611e-06,-9.9999999999998e-05
