
[36m
*** Info ***
'execute_on' parameter specified in [Outputs] block is ignored for object 'checkpoint'.
Define this object in its own sub-block of [Outputs] to modify its execution schedule.[39m
Framework Information:
MOOSE Version:           git commit abafb58b on 2026-02-20
LibMesh Version:         
PETSc Version:           3.24.4
SLEPc Version:           3.24.0
Current Time:            Sun Sep 20 14:59:53 2026
Executable Timestamp:    Sun Sep 20 14:26:45 2026

Input File(s):
  /home/jfoster/projects/research/reactive_transport/anisotropic-biot-tensor/.agent-runtime/moose-fe-goal-2026-09-20/implementation/runs/partial_30_coarse/input.i

Command Line Argument(s):
  --n-threads=1

Command Line Input Argument(s):
  Outputs/file_base=/home/jfoster/projects/research/reactive_transport/anisotropic-biot-tensor/.agent-runtime/moose-fe-goal-2026-09-20/implementation/runs/partial_30_coarse/solution

Checkpoint:
  Wall Time Interval:      Every 3600 s
  User Checkpoint:         Disabled
  # Checkpoints Kept:      2
  Execute On:              TIMESTEP_END 

Parallelism:
  Num Processors:          1
  Num Threads:             1

Mesh: 
  Parallel Type:           replicated
  Mesh Dimension:          2
  Spatial Dimension:       2
  Nodes:                   289
  Elems:                   64
  Num Subdomains:          1

Nonlinear System:
  Num DOFs:                659
  Num Local DOFs:          659
  Variables:               { "ux" "uy" } "p" 
  Finite Element Types:    "LAGRANGE" "LAGRANGE" 
  Approximation Orders:    "SECOND" "FIRST" 

Auxiliary System:
  Num DOFs:                946
  Num Local DOFs:          946
  Variables:               { "J" "Jbar" "solid_fraction" "stability" "energy" "B12" "sigma11" "sigma22" 
                             "sigma12" } "mass_reaction" "force_reaction" 
  Finite Element Types:    "MONOMIAL" "LAGRANGE" "LAGRANGE" 
  Approximation Orders:    "CONSTANT" "FIRST" "SECOND" 

Execution Information:
  Executioner:             Transient
  TimeStepper:             ConstantDT
  TimeIntegrator(s):       ImplicitEuler
  Solver Mode:             Preconditioned JFNK 
  PETSc Preconditioner:    lu 
  MOOSE Preconditioner:    SMP 
[31mLEGACY MODES ENABLED:[39m
 This application uses the legacy material output option: material properties are output only on TIMESTEP_END, not INITIAL. To remove this message, set 'use_legacy_material_output' to false in this application. If there are gold output files that contain material property output for which output occurs on INITIAL, then these will generate diffs due to zero values being stored, and these tests should be re-golded.
[39m
[31mLEGACY MODES ENABLED:[39m
 This application uses the legacy initial residual evaluation behavior. The legacy behavior performs an often times redundant residual evaluation before the solution modifying objects are executed prior to the initial (0th nonlinear iteration) residual evaluation. The new behavior skips that redundant residual evaluation unless the parameter Executioner/use_pre_smo_residual is set to true. To remove this message and enable the new behavior, set the parameter 'use_legacy_initial_residual_evaluation_behavior' to false in *App.C. Some tests that rely on the side effects of the legacy behavior may fail/diff and should be re-golded.
[39m

Time Step 0, time = 0

Postprocessor Values:
+----------------+----------------+----------------+----------------+----------------+----------------+----------------+
| time           | J_max          | J_min          | Jbar_max       | Jbar_min       | center_pressure| edge_ux        |
+----------------+----------------+----------------+----------------+----------------+----------------+----------------+
|   0.000000e+00 |   1.000000e+00 |   1.000000e+00 |   1.000000e+00 |   1.000000e+00 |   0.000000e+00 |   0.000000e+00 |
+----------------+----------------+----------------+----------------+----------------+----------------+----------------+
+----------------+----------------+----------------+------------------+----------------+----------------+
| time           | mass           | mass_reaction  | outflow_gradient | platen_max     | platen_min     |
+----------------+----------------+----------------+------------------+----------------+----------------+
|   0.000000e+00 |   1.600000e+00 |   0.000000e+00 |     0.000000e+00 |   0.000000e+00 |   0.000000e+00 |
+----------------+----------------+----------------+------------------+----------------+----------------+
+----------------+--------------------+--------------------+----------------+----------------+----------------+
| time           | solid_fraction_max | solid_fraction_min | stability_max  | stability_min  | top_reaction   |
+----------------+--------------------+--------------------+----------------+----------------+----------------+
|   0.000000e+00 |       6.000000e-01 |       6.000000e-01 |   2.800000e+01 |   2.800000e+01 |   0.000000e+00 |
+----------------+--------------------+--------------------+----------------+----------------+----------------+

Warning, Exodus files cannot have titles longer than 80 characters.  Your title will be truncated.

Time Step 1, time = 0.002, dt = 0.002
 * Nonlinear |R| = [32m1.400000e+00[39m (Before preset BCs, predictors, correctors, and constraints)
 0 Nonlinear |R| = [32m1.400000e+00[39m
      0 Linear |R| = [32m1.400000e+00[39m
      1 Linear |R| = [32m1.301033e+00[39m
      2 Linear |R| = [33m1.282219e+00[39m
      3 Linear |R| = [33m1.277542e+00[39m
      4 Linear |R| = [32m4.693343e-01[39m
      5 Linear |R| = [32m1.838898e-01[39m
      6 Linear |R| = [32m6.651561e-02[39m
      7 Linear |R| = [32m1.694167e-02[39m
      8 Linear |R| = [33m1.685860e-02[39m
      9 Linear |R| = [32m9.808532e-03[39m
     10 Linear |R| = [32m5.622051e-03[39m
     11 Linear |R| = [32m1.360986e-03[39m
     12 Linear |R| = [32m2.566437e-04[39m
     13 Linear |R| = [33m2.501848e-04[39m
     14 Linear |R| = [32m1.572017e-04[39m
     15 Linear |R| = [32m2.667766e-05[39m
     16 Linear |R| = [32m3.948082e-06[39m
     17 Linear |R| = [33m3.837053e-06[39m
     18 Linear |R| = [32m4.925662e-07[39m
     19 Linear |R| = [32m3.484182e-08[39m
     20 Linear |R| = [32m4.908566e-09[39m
     21 Linear |R| = [32m1.565558e-14[39m
 1 Nonlinear |R| = [32m1.007851e-01[39m
      0 Linear |R| = [32m1.007851e-01[39m
      1 Linear |R| = [32m5.718100e-02[39m
      2 Linear |R| = [32m5.408332e-02[39m
      3 Linear |R| = [32m4.884549e-02[39m
      4 Linear |R| = [32m3.154658e-02[39m
      5 Linear |R| = [32m1.045149e-02[39m
      6 Linear |R| = [32m2.328769e-03[39m
      7 Linear |R| = [32m8.540682e-04[39m
      8 Linear |R| = [32m7.992238e-04[39m
      9 Linear |R| = [32m4.751065e-04[39m
     10 Linear |R| = [32m3.107441e-04[39m
     11 Linear |R| = [32m1.114661e-04[39m
     12 Linear |R| = [32m4.015628e-05[39m
     13 Linear |R| = [32m2.367681e-05[39m
     14 Linear |R| = [32m7.119254e-06[39m
     15 Linear |R| = [32m2.946240e-06[39m
     16 Linear |R| = [32m6.200980e-07[39m
     17 Linear |R| = [32m1.802657e-07[39m
     18 Linear |R| = [32m8.507088e-08[39m
     19 Linear |R| = [32m8.804914e-09[39m
     20 Linear |R| = [32m5.014174e-10[39m
     21 Linear |R| = [33m5.006493e-10[39m
     22 Linear |R| = [32m3.461889e-15[39m
 2 Nonlinear |R| = [32m1.122392e-04[39m
      0 Linear |R| = [32m1.122392e-04[39m
      1 Linear |R| = [32m8.102528e-05[39m
      2 Linear |R| = [32m7.695728e-05[39m
      3 Linear |R| = [32m6.819650e-05[39m
      4 Linear |R| = [32m4.691196e-05[39m
      5 Linear |R| = [32m1.529041e-05[39m
      6 Linear |R| = [32m3.470113e-06[39m
      7 Linear |R| = [32m1.316398e-06[39m
      8 Linear |R| = [32m1.094892e-06[39m
      9 Linear |R| = [32m7.748536e-07[39m
     10 Linear |R| = [32m5.169455e-07[39m
     11 Linear |R| = [32m1.692609e-07[39m
     12 Linear |R| = [32m6.249997e-08[39m
     13 Linear |R| = [32m3.274464e-08[39m
     14 Linear |R| = [32m1.197281e-08[39m
     15 Linear |R| = [32m3.930121e-09[39m
     16 Linear |R| = [32m9.825817e-10[39m
     17 Linear |R| = [32m2.896393e-10[39m
     18 Linear |R| = [32m1.419181e-10[39m
     19 Linear |R| = [32m1.375574e-11[39m
     20 Linear |R| = [32m9.192928e-13[39m
     21 Linear |R| = [33m9.118674e-13[39m
     22 Linear |R| = [32m2.979695e-18[39m
 3 Nonlinear |R| = [32m2.712966e-09[39m
      0 Linear |R| = [32m2.712966e-09[39m
      1 Linear |R| = [32m4.620206e-10[39m
      2 Linear |R| = [32m4.226072e-10[39m
      3 Linear |R| = [33m4.016910e-10[39m
      4 Linear |R| = [32m2.559010e-10[39m
      5 Linear |R| = [32m4.370083e-11[39m
      6 Linear |R| = [32m1.494476e-11[39m
      7 Linear |R| = [32m1.265725e-11[39m
      8 Linear |R| = [33m1.217693e-11[39m
      9 Linear |R| = [32m8.190940e-12[39m
     10 Linear |R| = [32m2.108761e-12[39m
     11 Linear |R| = [32m6.402025e-13[39m
     12 Linear |R| = [32m3.432141e-13[39m
     13 Linear |R| = [33m3.270999e-13[39m
     14 Linear |R| = [32m5.746325e-14[39m
     15 Linear |R| = [32m1.681207e-14[39m
     16 Linear |R| = [32m6.865333e-15[39m
     17 Linear |R| = [32m3.892540e-15[39m
     18 Linear |R| = [32m8.482336e-16[39m
     19 Linear |R| = [32m1.249945e-16[39m
     20 Linear |R| = [32m5.002303e-18[39m
     21 Linear |R| = [32m4.734602e-18[39m
     22 Linear |R| = [32m6.407435e-23[39m
 4 Nonlinear |R| = [32m7.040782e-14[39m
[32m Solve Converged![39m

Postprocessor Values:
+----------------+----------------+----------------+----------------+----------------+----------------+----------------+
| time           | J_max          | J_min          | Jbar_max       | Jbar_min       | center_pressure| edge_ux        |
+----------------+----------------+----------------+----------------+----------------+----------------+----------------+
|   0.000000e+00 |   1.000000e+00 |   1.000000e+00 |   1.000000e+00 |   1.000000e+00 |   0.000000e+00 |   0.000000e+00 |
|   2.000000e-03 |   9.850919e-01 |   9.748048e-01 |   9.899179e-01 |   9.885299e-01 |   2.013614e-01 |   1.103902e-02 |
+----------------+----------------+----------------+----------------+----------------+----------------+----------------+
+----------------+----------------+----------------+------------------+----------------+----------------+
| time           | mass           | mass_reaction  | outflow_gradient | platen_max     | platen_min     |
+----------------+----------------+----------------+------------------+----------------+----------------+
|   0.000000e+00 |   1.600000e+00 |   0.000000e+00 |     0.000000e+00 |   0.000000e+00 |   0.000000e+00 |
|   2.000000e-03 |   1.597109e+00 |  -1.445606e+00 |     4.959737e-01 |  -5.272625e-02 |  -5.272625e-02 |
+----------------+----------------+----------------+------------------+----------------+----------------+
+----------------+--------------------+--------------------+----------------+----------------+----------------+
| time           | solid_fraction_max | solid_fraction_min | stability_max  | stability_min  | top_reaction   |
+----------------+--------------------+--------------------+----------------+----------------+----------------+
|   0.000000e+00 |       6.000000e-01 |       6.000000e-01 |   2.800000e+01 |   2.800000e+01 |   0.000000e+00 |
|   2.000000e-03 |       6.085219e-01 |       6.029394e-01 |   2.811849e+01 |   2.801078e+01 |  -1.400000e+00 |
+----------------+--------------------+--------------------+----------------+----------------+----------------+


Time Step 2, time = 0.004, dt = 0.002
 * Nonlinear |R| = [32m2.944727e-01[39m (Before preset BCs, predictors, correctors, and constraints)
 0 Nonlinear |R| = [32m2.944727e-01[39m
      0 Linear |R| = [32m2.944727e-01[39m
      1 Linear |R| = [32m6.332839e-03[39m
      2 Linear |R| = [33m6.181609e-03[39m
      3 Linear |R| = [33m6.015583e-03[39m
      4 Linear |R| = [32m2.404445e-03[39m
      5 Linear |R| = [32m1.002372e-03[39m
      6 Linear |R| = [32m2.497862e-04[39m
      7 Linear |R| = [32m2.283240e-04[39m
      8 Linear |R| = [32m1.219151e-04[39m
      9 Linear |R| = [32m7.102257e-05[39m
     10 Linear |R| = [32m4.789885e-05[39m
     11 Linear |R| = [32m1.395773e-05[39m
     12 Linear |R| = [32m6.474203e-06[39m
     13 Linear |R| = [33m6.410503e-06[39m
     14 Linear |R| = [32m1.034969e-06[39m
     15 Linear |R| = [32m2.169922e-07[39m
     16 Linear |R| = [32m6.711542e-08[39m
     17 Linear |R| = [33m6.408245e-08[39m
     18 Linear |R| = [32m8.623640e-09[39m
     19 Linear |R| = [32m7.194478e-10[39m
     20 Linear |R| = [32m1.055632e-10[39m
 1 Nonlinear |R| = [32m6.747016e-04[39m
      0 Linear |R| = [32m6.747016e-04[39m
      1 Linear |R| = [32m5.331217e-06[39m
      2 Linear |R| = [33m5.242777e-06[39m
      3 Linear |R| = [32m3.701227e-06[39m
      4 Linear |R| = [32m1.592748e-06[39m
      5 Linear |R| = [32m8.137361e-07[39m
      6 Linear |R| = [32m2.486023e-07[39m
      7 Linear |R| = [32m2.321767e-07[39m
      8 Linear |R| = [32m1.020501e-07[39m
      9 Linear |R| = [32m6.634731e-08[39m
     10 Linear |R| = [32m4.426549e-08[39m
     11 Linear |R| = [32m1.221463e-08[39m
     12 Linear |R| = [32m7.828294e-09[39m
     13 Linear |R| = [32m5.747071e-09[39m
     14 Linear |R| = [32m8.635450e-10[39m
     15 Linear |R| = [32m2.258168e-10[39m
     16 Linear |R| = [32m6.635416e-11[39m
     17 Linear |R| = [33m6.355979e-11[39m
     18 Linear |R| = [32m7.294613e-12[39m
     19 Linear |R| = [32m8.636025e-13[39m
     20 Linear |R| = [32m2.699869e-13[39m
 2 Nonlinear |R| = [32m4.098137e-09[39m
      0 Linear |R| = [32m4.098137e-09[39m
      1 Linear |R| = [32m2.645459e-11[39m
      2 Linear |R| = [32m2.261428e-11[39m
      3 Linear |R| = [32m1.442522e-11[39m
      4 Linear |R| = [33m1.442217e-11[39m
      5 Linear |R| = [32m4.889150e-12[39m
      6 Linear |R| = [32m1.563048e-12[39m
      7 Linear |R| = [33m1.561361e-12[39m
      8 Linear |R| = [32m9.927706e-13[39m
      9 Linear |R| = [32m6.245808e-13[39m
     10 Linear |R| = [32m2.807440e-13[39m
     11 Linear |R| = [32m8.156065e-14[39m
     12 Linear |R| = [32m5.646035e-14[39m
     13 Linear |R| = [32m4.957345e-14[39m
     14 Linear |R| = [32m8.498773e-15[39m
     15 Linear |R| = [32m2.066500e-15[39m
     16 Linear |R| = [32m6.979046e-16[39m
     17 Linear |R| = [33m6.974257e-16[39m
     18 Linear |R| = [32m9.688080e-17[39m
     19 Linear |R| = [32m9.308693e-18[39m
     20 Linear |R| = [32m2.368001e-18[39m
 3 Nonlinear |R| = [32m7.940364e-14[39m
[32m Solve Converged![39m

Postprocessor Values:
+----------------+----------------+----------------+----------------+----------------+----------------+----------------+
| time           | J_max          | J_min          | Jbar_max       | Jbar_min       | center_pressure| edge_ux        |
+----------------+----------------+----------------+----------------+----------------+----------------+----------------+
|   0.000000e+00 |   1.000000e+00 |   1.000000e+00 |   1.000000e+00 |   1.000000e+00 |   0.000000e+00 |   0.000000e+00 |
|   2.000000e-03 |   9.850919e-01 |   9.748048e-01 |   9.899179e-01 |   9.885299e-01 |   2.013614e-01 |   1.103902e-02 |
|   4.000000e-03 |   9.854120e-01 |   9.743913e-01 |   9.901133e-01 |   9.884785e-01 |   2.012421e-01 |   1.065880e-02 |
+----------------+----------------+----------------+----------------+----------------+----------------+----------------+
+----------------+----------------+----------------+------------------+----------------+----------------+
| time           | mass           | mass_reaction  | outflow_gradient | platen_max     | platen_min     |
+----------------+----------------+----------------+------------------+----------------+----------------+
|   0.000000e+00 |   1.600000e+00 |   0.000000e+00 |     0.000000e+00 |   0.000000e+00 |   0.000000e+00 |
|   2.000000e-03 |   1.597109e+00 |  -1.445606e+00 |     4.959737e-01 |  -5.272625e-02 |  -5.272625e-02 |
|   4.000000e-03 |   1.595554e+00 |  -7.775295e-01 |     3.924110e-01 |  -5.294025e-02 |  -5.294025e-02 |
+----------------+----------------+----------------+------------------+----------------+----------------+
+----------------+--------------------+--------------------+----------------+----------------+----------------+
| time           | solid_fraction_max | solid_fraction_min | stability_max  | stability_min  | top_reaction   |
+----------------+--------------------+--------------------+----------------+----------------+----------------+
|   0.000000e+00 |       6.000000e-01 |       6.000000e-01 |   2.800000e+01 |   2.800000e+01 |   0.000000e+00 |
|   2.000000e-03 |       6.085219e-01 |       6.029394e-01 |   2.811849e+01 |   2.801078e+01 |  -1.400000e+00 |
|   4.000000e-03 |       6.087280e-01 |       6.028626e-01 |   2.811832e+01 |   2.800832e+01 |  -1.400000e+00 |
+----------------+--------------------+--------------------+----------------+----------------+----------------+


Time Step 3, time = 0.006, dt = 0.002
 * Nonlinear |R| = [32m1.673560e-01[39m (Before preset BCs, predictors, correctors, and constraints)
 0 Nonlinear |R| = [32m1.673560e-01[39m
      0 Linear |R| = [32m1.673560e-01[39m
      1 Linear |R| = [32m5.451401e-03[39m
      2 Linear |R| = [33m5.317631e-03[39m
      3 Linear |R| = [33m5.133400e-03[39m
      4 Linear |R| = [32m2.079493e-03[39m
      5 Linear |R| = [32m8.649911e-04[39m
      6 Linear |R| = [32m2.115844e-04[39m
      7 Linear |R| = [32m1.891195e-04[39m
      8 Linear |R| = [32m9.992144e-05[39m
      9 Linear |R| = [32m5.735313e-05[39m
     10 Linear |R| = [32m3.880275e-05[39m
     11 Linear |R| = [32m1.171792e-05[39m
     12 Linear |R| = [32m5.321300e-06[39m
     13 Linear |R| = [33m5.278377e-06[39m
     14 Linear |R| = [32m8.685050e-07[39m
     15 Linear |R| = [32m2.075842e-07[39m
     16 Linear |R| = [32m6.392594e-08[39m
     17 Linear |R| = [32m5.841808e-08[39m
     18 Linear |R| = [32m8.489756e-09[39m
     19 Linear |R| = [32m8.230414e-10[39m
     20 Linear |R| = [32m6.078352e-11[39m
 1 Nonlinear |R| = [32m1.938426e-04[39m
      0 Linear |R| = [32m1.938426e-04[39m
      1 Linear |R| = [32m2.574041e-06[39m
      2 Linear |R| = [33m2.537991e-06[39m
      3 Linear |R| = [32m1.264037e-06[39m
      4 Linear |R| = [32m7.294314e-07[39m
      5 Linear |R| = [32m3.752823e-07[39m
      6 Linear |R| = [32m1.080776e-07[39m
      7 Linear |R| = [33m1.065851e-07[39m
      8 Linear |R| = [32m4.808016e-08[39m
      9 Linear |R| = [32m3.269634e-08[39m
     10 Linear |R| = [32m2.165238e-08[39m
     11 Linear |R| = [32m5.858463e-09[39m
     12 Linear |R| = [32m3.264452e-09[39m
     13 Linear |R| = [32m2.790484e-09[39m
     14 Linear |R| = [32m4.201193e-10[39m
     15 Linear |R| = [32m1.101089e-10[39m
     16 Linear |R| = [32m3.243870e-11[39m
     17 Linear |R| = [33m3.234573e-11[39m
     18 Linear |R| = [32m3.735971e-12[39m
     19 Linear |R| = [32m4.425911e-13[39m
     20 Linear |R| = [32m9.483119e-14[39m
 2 Nonlinear |R| = [32m3.603760e-10[39m
      0 Linear |R| = [32m3.603760e-10[39m
      1 Linear |R| = [32m4.313857e-12[39m
      2 Linear |R| = [32m3.984696e-12[39m
      3 Linear |R| = [33m3.888854e-12[39m
      4 Linear |R| = [32m2.743160e-12[39m
      5 Linear |R| = [32m6.883550e-13[39m
      6 Linear |R| = [32m3.787240e-13[39m
      7 Linear |R| = [32m3.564480e-13[39m
      8 Linear |R| = [32m2.632577e-13[39m
      9 Linear |R| = [32m1.665911e-13[39m
     10 Linear |R| = [32m2.759544e-14[39m
     11 Linear |R| = [32m1.696632e-14[39m
     12 Linear |R| = [32m1.082827e-14[39m
     13 Linear |R| = [32m4.930351e-15[39m
     14 Linear |R| = [32m2.911908e-15[39m
     15 Linear |R| = [32m4.613332e-16[39m
     16 Linear |R| = [32m1.201236e-16[39m
     17 Linear |R| = [33m1.194420e-16[39m
     18 Linear |R| = [32m9.440829e-18[39m
     19 Linear |R| = [32m5.025575e-19[39m
     20 Linear |R| = [32m3.014855e-19[39m
 3 Nonlinear |R| = [32m8.002944e-14[39m
[32m Solve Converged![39m

Postprocessor Values:
+----------------+----------------+----------------+----------------+----------------+----------------+----------------+
| time           | J_max          | J_min          | Jbar_max       | Jbar_min       | center_pressure| edge_ux        |
+----------------+----------------+----------------+----------------+----------------+----------------+----------------+
|   0.000000e+00 |   1.000000e+00 |   1.000000e+00 |   1.000000e+00 |   1.000000e+00 |   0.000000e+00 |   0.000000e+00 |
|   2.000000e-03 |   9.850919e-01 |   9.748048e-01 |   9.899179e-01 |   9.885299e-01 |   2.013614e-01 |   1.103902e-02 |
|   4.000000e-03 |   9.854120e-01 |   9.743913e-01 |   9.901133e-01 |   9.884785e-01 |   2.012421e-01 |   1.065880e-02 |
|   6.000000e-03 |   9.854477e-01 |   9.741941e-01 |   9.902102e-01 |   9.884383e-01 |   1.998808e-01 |   1.040148e-02 |
+----------------+----------------+----------------+----------------+----------------+----------------+----------------+
+----------------+----------------+----------------+------------------+----------------+----------------+
| time           | mass           | mass_reaction  | outflow_gradient | platen_max     | platen_min     |
+----------------+----------------+----------------+------------------+----------------+----------------+
|   0.000000e+00 |   1.600000e+00 |   0.000000e+00 |     0.000000e+00 |   0.000000e+00 |   0.000000e+00 |
|   2.000000e-03 |   1.597109e+00 |  -1.445606e+00 |     4.959737e-01 |  -5.272625e-02 |  -5.272625e-02 |
|   4.000000e-03 |   1.595554e+00 |  -7.775295e-01 |     3.924110e-01 |  -5.294025e-02 |  -5.294025e-02 |
|   6.000000e-03 |   1.594215e+00 |  -6.694468e-01 |     3.416005e-01 |  -5.312440e-02 |  -5.312440e-02 |
+----------------+----------------+----------------+------------------+----------------+----------------+
+----------------+--------------------+--------------------+----------------+----------------+----------------+
| time           | solid_fraction_max | solid_fraction_min | stability_max  | stability_min  | top_reaction   |
+----------------+--------------------+--------------------+----------------+----------------+----------------+
|   0.000000e+00 |       6.000000e-01 |       6.000000e-01 |   2.800000e+01 |   2.800000e+01 |   0.000000e+00 |
|   2.000000e-03 |       6.085219e-01 |       6.029394e-01 |   2.811849e+01 |   2.801078e+01 |  -1.400000e+00 |
|   4.000000e-03 |       6.087280e-01 |       6.028626e-01 |   2.811832e+01 |   2.800832e+01 |  -1.400000e+00 |
|   6.000000e-03 |       6.088219e-01 |       6.028997e-01 |   2.811833e+01 |   2.800715e+01 |  -1.400000e+00 |
+----------------+--------------------+--------------------+----------------+----------------+----------------+


Time Step 4, time = 0.008, dt = 0.002
 * Nonlinear |R| = [32m1.210311e-01[39m (Before preset BCs, predictors, correctors, and constraints)
 0 Nonlinear |R| = [32m1.210311e-01[39m
      0 Linear |R| = [32m1.210311e-01[39m
      1 Linear |R| = [32m4.949535e-03[39m
      2 Linear |R| = [33m4.826596e-03[39m
      3 Linear |R| = [33m4.635204e-03[39m
      4 Linear |R| = [32m1.898412e-03[39m
      5 Linear |R| = [32m7.871431e-04[39m
      6 Linear |R| = [32m1.887011e-04[39m
      7 Linear |R| = [32m1.523457e-04[39m
      8 Linear |R| = [32m8.798358e-05[39m
      9 Linear |R| = [32m5.005675e-05[39m
     10 Linear |R| = [32m3.383465e-05[39m
     11 Linear |R| = [32m1.042040e-05[39m
     12 Linear |R| = [32m4.591712e-06[39m
     13 Linear |R| = [33m4.588237e-06[39m
     14 Linear |R| = [32m7.758465e-07[39m
     15 Linear |R| = [32m2.066629e-07[39m
     16 Linear |R| = [32m6.197210e-08[39m
     17 Linear |R| = [32m4.953726e-08[39m
     18 Linear |R| = [32m8.015718e-09[39m
     19 Linear |R| = [32m8.212997e-10[39m
     20 Linear |R| = [32m5.420003e-11[39m
 1 Nonlinear |R| = [32m9.178981e-05[39m
      0 Linear |R| = [32m9.178981e-05[39m
      1 Linear |R| = [32m1.703846e-06[39m
      2 Linear |R| = [33m1.686486e-06[39m
      3 Linear |R| = [32m1.241758e-06[39m
      4 Linear |R| = [32m3.942975e-07[39m
      5 Linear |R| = [32m2.207140e-07[39m
      6 Linear |R| = [32m6.599407e-08[39m
      7 Linear |R| = [33m6.599128e-08[39m
      8 Linear |R| = [32m3.210257e-08[39m
      9 Linear |R| = [32m2.358859e-08[39m
     10 Linear |R| = [32m1.509600e-08[39m
     11 Linear |R| = [32m3.849573e-09[39m
     12 Linear |R| = [32m2.069920e-09[39m
     13 Linear |R| = [32m1.903613e-09[39m
     14 Linear |R| = [32m2.876331e-10[39m
     15 Linear |R| = [32m6.742775e-11[39m
     16 Linear |R| = [32m2.225749e-11[39m
     17 Linear |R| = [33m2.223172e-11[39m
     18 Linear |R| = [32m2.566409e-12[39m
     19 Linear |R| = [32m3.067134e-13[39m
     20 Linear |R| = [32m3.869713e-14[39m
 2 Nonlinear |R| = [32m1.132318e-10[39m
[32m Solve Converged![39m

Postprocessor Values:
+----------------+----------------+----------------+----------------+----------------+----------------+----------------+
| time           | J_max          | J_min          | Jbar_max       | Jbar_min       | center_pressure| edge_ux        |
+----------------+----------------+----------------+----------------+----------------+----------------+----------------+
|   0.000000e+00 |   1.000000e+00 |   1.000000e+00 |   1.000000e+00 |   1.000000e+00 |   0.000000e+00 |   0.000000e+00 |
|   2.000000e-03 |   9.850919e-01 |   9.748048e-01 |   9.899179e-01 |   9.885299e-01 |   2.013614e-01 |   1.103902e-02 |
|   4.000000e-03 |   9.854120e-01 |   9.743913e-01 |   9.901133e-01 |   9.884785e-01 |   2.012421e-01 |   1.065880e-02 |
|   6.000000e-03 |   9.854477e-01 |   9.741941e-01 |   9.902102e-01 |   9.884383e-01 |   1.998808e-01 |   1.040148e-02 |
|   8.000000e-03 |   9.853114e-01 |   9.740982e-01 |   9.902505e-01 |   9.884039e-01 |   1.976373e-01 |   1.020170e-02 |
+----------------+----------------+----------------+----------------+----------------+----------------+----------------+
+----------------+----------------+----------------+------------------+----------------+----------------+
| time           | mass           | mass_reaction  | outflow_gradient | platen_max     | platen_min     |
+----------------+----------------+----------------+------------------+----------------+----------------+
|   0.000000e+00 |   1.600000e+00 |   0.000000e+00 |     0.000000e+00 |   0.000000e+00 |   0.000000e+00 |
|   2.000000e-03 |   1.597109e+00 |  -1.445606e+00 |     4.959737e-01 |  -5.272625e-02 |  -5.272625e-02 |
|   4.000000e-03 |   1.595554e+00 |  -7.775295e-01 |     3.924110e-01 |  -5.294025e-02 |  -5.294025e-02 |
|   6.000000e-03 |   1.594215e+00 |  -6.694468e-01 |     3.416005e-01 |  -5.312440e-02 |  -5.312440e-02 |
|   8.000000e-03 |   1.592999e+00 |  -6.080681e-01 |     3.117211e-01 |  -5.329160e-02 |  -5.329160e-02 |
+----------------+----------------+----------------+------------------+----------------+----------------+
+----------------+--------------------+--------------------+----------------+----------------+----------------+
| time           | solid_fraction_max | solid_fraction_min | stability_max  | stability_min  | top_reaction   |
+----------------+--------------------+--------------------+----------------+----------------+----------------+
|   0.000000e+00 |       6.000000e-01 |       6.000000e-01 |   2.800000e+01 |   2.800000e+01 |   0.000000e+00 |
|   2.000000e-03 |       6.085219e-01 |       6.029394e-01 |   2.811849e+01 |   2.801078e+01 |  -1.400000e+00 |
|   4.000000e-03 |       6.087280e-01 |       6.028626e-01 |   2.811832e+01 |   2.800832e+01 |  -1.400000e+00 |
|   6.000000e-03 |       6.088219e-01 |       6.028997e-01 |   2.811833e+01 |   2.800715e+01 |  -1.400000e+00 |
|   8.000000e-03 |       6.088700e-01 |       6.030077e-01 |   2.811840e+01 |   2.800649e+01 |  -1.400000e+00 |
+----------------+--------------------+--------------------+----------------+----------------+----------------+


Time Step 5, time = 0.01, dt = 0.002
 * Nonlinear |R| = [32m9.873493e-02[39m (Before preset BCs, predictors, correctors, and constraints)
 0 Nonlinear |R| = [32m9.873493e-02[39m
      0 Linear |R| = [32m9.873493e-02[39m
      1 Linear |R| = [32m4.619077e-03[39m
      2 Linear |R| = [33m4.503814e-03[39m
      3 Linear |R| = [33m4.312526e-03[39m
      4 Linear |R| = [32m1.780467e-03[39m
      5 Linear |R| = [32m7.359021e-04[39m
      6 Linear |R| = [32m1.753470e-04[39m
      7 Linear |R| = [32m1.379139e-04[39m
      8 Linear |R| = [32m8.062151e-05[39m
      9 Linear |R| = [32m4.535800e-05[39m
     10 Linear |R| = [32m3.059020e-05[39m
     11 Linear |R| = [32m9.537241e-06[39m
     12 Linear |R| = [32m4.137904e-06[39m
     13 Linear |R| = [33m4.135860e-06[39m
     14 Linear |R| = [32m7.084615e-07[39m
     15 Linear |R| = [32m2.048951e-07[39m
     16 Linear |R| = [32m5.998158e-08[39m
     17 Linear |R| = [32m4.950162e-08[39m
     18 Linear |R| = [32m7.561703e-09[39m
     19 Linear |R| = [32m7.920012e-10[39m
     20 Linear |R| = [32m5.872405e-11[39m
 1 Nonlinear |R| = [32m5.739309e-05[39m
      0 Linear |R| = [32m5.739309e-05[39m
      1 Linear |R| = [32m1.316562e-06[39m
      2 Linear |R| = [33m1.306965e-06[39m
      3 Linear |R| = [32m1.015830e-06[39m
      4 Linear |R| = [32m2.334725e-07[39m
      5 Linear |R| = [32m6.039628e-08[39m
      6 Linear |R| = [32m4.806219e-08[39m
      7 Linear |R| = [33m4.655235e-08[39m
      8 Linear |R| = [32m2.515789e-08[39m
      9 Linear |R| = [32m1.960565e-08[39m
     10 Linear |R| = [32m1.199466e-08[39m
     11 Linear |R| = [32m2.908469e-09[39m
     12 Linear |R| = [32m1.720439e-09[39m
     13 Linear |R| = [32m1.488454e-09[39m
     14 Linear |R| = [32m2.221148e-10[39m
     15 Linear |R| = [32m4.821638e-11[39m
     16 Linear |R| = [32m1.803675e-11[39m
     17 Linear |R| = [33m1.794183e-11[39m
     18 Linear |R| = [32m2.039030e-12[39m
     19 Linear |R| = [32m2.409508e-13[39m
     20 Linear |R| = [32m5.296609e-14[39m
 2 Nonlinear |R| = [32m7.782885e-11[39m
[32m Solve Converged![39m

Postprocessor Values:
+----------------+----------------+----------------+----------------+----------------+----------------+----------------+
| time           | J_max          | J_min          | Jbar_max       | Jbar_min       | center_pressure| edge_ux        |
+----------------+----------------+----------------+----------------+----------------+----------------+----------------+
|   0.000000e+00 |   1.000000e+00 |   1.000000e+00 |   1.000000e+00 |   1.000000e+00 |   0.000000e+00 |   0.000000e+00 |
|   2.000000e-03 |   9.850919e-01 |   9.748048e-01 |   9.899179e-01 |   9.885299e-01 |   2.013614e-01 |   1.103902e-02 |
|   4.000000e-03 |   9.854120e-01 |   9.743913e-01 |   9.901133e-01 |   9.884785e-01 |   2.012421e-01 |   1.065880e-02 |
|   6.000000e-03 |   9.854477e-01 |   9.741941e-01 |   9.902102e-01 |   9.884383e-01 |   1.998808e-01 |   1.040148e-02 |
|   8.000000e-03 |   9.853114e-01 |   9.740982e-01 |   9.902505e-01 |   9.884039e-01 |   1.976373e-01 |   1.020170e-02 |
|   1.000000e-02 |   9.850886e-01 |   9.740493e-01 |   9.902595e-01 |   9.883731e-01 |   1.949346e-01 |   1.003279e-02 |
+----------------+----------------+----------------+----------------+----------------+----------------+----------------+
+----------------+----------------+----------------+------------------+----------------+----------------+
| time           | mass           | mass_reaction  | outflow_gradient | platen_max     | platen_min     |
+----------------+----------------+----------------+------------------+----------------+----------------+
|   0.000000e+00 |   1.600000e+00 |   0.000000e+00 |     0.000000e+00 |   0.000000e+00 |   0.000000e+00 |
|   2.000000e-03 |   1.597109e+00 |  -1.445606e+00 |     4.959737e-01 |  -5.272625e-02 |  -5.272625e-02 |
|   4.000000e-03 |   1.595554e+00 |  -7.775295e-01 |     3.924110e-01 |  -5.294025e-02 |  -5.294025e-02 |
|   6.000000e-03 |   1.594215e+00 |  -6.694468e-01 |     3.416005e-01 |  -5.312440e-02 |  -5.312440e-02 |
|   8.000000e-03 |   1.592999e+00 |  -6.080681e-01 |     3.117211e-01 |  -5.329160e-02 |  -5.329160e-02 |
|   1.000000e-02 |   1.591863e+00 |  -5.676445e-01 |     2.917469e-01 |  -5.344764e-02 |  -5.344764e-02 |
+----------------+----------------+----------------+------------------+----------------+----------------+
+----------------+--------------------+--------------------+----------------+----------------+----------------+
| time           | solid_fraction_max | solid_fraction_min | stability_max  | stability_min  | top_reaction   |
+----------------+--------------------+--------------------+----------------+----------------+----------------+
|   0.000000e+00 |       6.000000e-01 |       6.000000e-01 |   2.800000e+01 |   2.800000e+01 |   0.000000e+00 |
|   2.000000e-03 |       6.085219e-01 |       6.029394e-01 |   2.811849e+01 |   2.801078e+01 |  -1.400000e+00 |
|   4.000000e-03 |       6.087280e-01 |       6.028626e-01 |   2.811832e+01 |   2.800832e+01 |  -1.400000e+00 |
|   6.000000e-03 |       6.088219e-01 |       6.028997e-01 |   2.811833e+01 |   2.800715e+01 |  -1.400000e+00 |
|   8.000000e-03 |       6.088700e-01 |       6.030077e-01 |   2.811840e+01 |   2.800649e+01 |  -1.400000e+00 |
|   1.000000e-02 |       6.088968e-01 |       6.031495e-01 |   2.811846e+01 |   2.800605e+01 |  -1.400000e+00 |
+----------------+--------------------+--------------------+----------------+----------------+----------------+


Time Step 6, time = 0.012, dt = 0.002
 * Nonlinear |R| = [32m8.590759e-02[39m (Before preset BCs, predictors, correctors, and constraints)
 0 Nonlinear |R| = [32m8.590759e-02[39m
      0 Linear |R| = [32m8.590759e-02[39m
      1 Linear |R| = [32m4.378716e-03[39m
      2 Linear |R| = [33m4.269442e-03[39m
      3 Linear |R| = [33m4.082182e-03[39m
      4 Linear |R| = [32m1.694441e-03[39m
      5 Linear |R| = [32m6.980556e-04[39m
      6 Linear |R| = [32m1.659571e-04[39m
      7 Linear |R| = [32m1.341125e-04[39m
      8 Linear |R| = [32m7.546715e-05[39m
      9 Linear |R| = [32m4.189461e-05[39m
     10 Linear |R| = [32m2.818341e-05[39m
     11 Linear |R| = [32m8.873246e-06[39m
     12 Linear |R| = [32m3.849887e-06[39m
     13 Linear |R| = [33m3.821861e-06[39m
     14 Linear |R| = [32m6.520750e-07[39m
     15 Linear |R| = [32m2.013699e-07[39m
     16 Linear |R| = [32m5.769373e-08[39m
     17 Linear |R| = [32m4.947366e-08[39m
     18 Linear |R| = [32m7.175306e-09[39m
     19 Linear |R| = [32m7.602463e-10[39m
     20 Linear |R| = [32m5.658882e-11[39m
 1 Nonlinear |R| = [32m4.202385e-05[39m
      0 Linear |R| = [32m4.202385e-05[39m
      1 Linear |R| = [32m1.089261e-06[39m
      2 Linear |R| = [33m1.081393e-06[39m
      3 Linear |R| = [32m8.239865e-07[39m
      4 Linear |R| = [32m2.025300e-07[39m
      5 Linear |R| = [32m1.184620e-07[39m
      6 Linear |R| = [32m4.021955e-08[39m
      7 Linear |R| = [33m3.966462e-08[39m
      8 Linear |R| = [32m2.097606e-08[39m
      9 Linear |R| = [32m1.676498e-08[39m
     10 Linear |R| = [32m9.837225e-09[39m
     11 Linear |R| = [32m2.327911e-09[39m
     12 Linear |R| = [32m1.417617e-09[39m
     13 Linear |R| = [32m1.232956e-09[39m
     14 Linear |R| = [32m1.910122e-10[39m
     15 Linear |R| = [32m3.736937e-11[39m
     16 Linear |R| = [32m1.512392e-11[39m
     17 Linear |R| = [33m1.511027e-11[39m
     18 Linear |R| = [32m1.783839e-12[39m
     19 Linear |R| = [32m1.990888e-13[39m
     20 Linear |R| = [32m3.259090e-14[39m
 2 Nonlinear |R| = [32m6.156760e-11[39m
[32m Solve Converged![39m

Postprocessor Values:
+----------------+----------------+----------------+----------------+----------------+----------------+----------------+
| time           | J_max          | J_min          | Jbar_max       | Jbar_min       | center_pressure| edge_ux        |
+----------------+----------------+----------------+----------------+----------------+----------------+----------------+
|   0.000000e+00 |   1.000000e+00 |   1.000000e+00 |   1.000000e+00 |   1.000000e+00 |   0.000000e+00 |   0.000000e+00 |
|   2.000000e-03 |   9.850919e-01 |   9.748048e-01 |   9.899179e-01 |   9.885299e-01 |   2.013614e-01 |   1.103902e-02 |
|   4.000000e-03 |   9.854120e-01 |   9.743913e-01 |   9.901133e-01 |   9.884785e-01 |   2.012421e-01 |   1.065880e-02 |
|   6.000000e-03 |   9.854477e-01 |   9.741941e-01 |   9.902102e-01 |   9.884383e-01 |   1.998808e-01 |   1.040148e-02 |
|   8.000000e-03 |   9.853114e-01 |   9.740982e-01 |   9.902505e-01 |   9.884039e-01 |   1.976373e-01 |   1.020170e-02 |
|   1.000000e-02 |   9.850886e-01 |   9.740493e-01 |   9.902595e-01 |   9.883731e-01 |   1.949346e-01 |   1.003279e-02 |
|   1.200000e-02 |   9.848283e-01 |   9.740239e-01 |   9.902512e-01 |   9.883446e-01 |   1.920691e-01 |   9.882062e-03 |
+----------------+----------------+----------------+----------------+----------------+----------------+----------------+
+----------------+----------------+----------------+------------------+----------------+----------------+
| time           | mass           | mass_reaction  | outflow_gradient | platen_max     | platen_min     |
+----------------+----------------+----------------+------------------+----------------+----------------+
|   0.000000e+00 |   1.600000e+00 |   0.000000e+00 |     0.000000e+00 |   0.000000e+00 |   0.000000e+00 |
|   2.000000e-03 |   1.597109e+00 |  -1.445606e+00 |     4.959737e-01 |  -5.272625e-02 |  -5.272625e-02 |
|   4.000000e-03 |   1.595554e+00 |  -7.775295e-01 |     3.924110e-01 |  -5.294025e-02 |  -5.294025e-02 |
|   6.000000e-03 |   1.594215e+00 |  -6.694468e-01 |     3.416005e-01 |  -5.312440e-02 |  -5.312440e-02 |
|   8.000000e-03 |   1.592999e+00 |  -6.080681e-01 |     3.117211e-01 |  -5.329160e-02 |  -5.329160e-02 |
|   1.000000e-02 |   1.591863e+00 |  -5.676445e-01 |     2.917469e-01 |  -5.344764e-02 |  -5.344764e-02 |
|   1.200000e-02 |   1.590787e+00 |  -5.382035e-01 |     2.771342e-01 |  -5.359559e-02 |  -5.359559e-02 |
+----------------+----------------+----------------+------------------+----------------+----------------+
+----------------+--------------------+--------------------+----------------+----------------+----------------+
| time           | solid_fraction_max | solid_fraction_min | stability_max  | stability_min  | top_reaction   |
+----------------+--------------------+--------------------+----------------+----------------+----------------+
|   0.000000e+00 |       6.000000e-01 |       6.000000e-01 |   2.800000e+01 |   2.800000e+01 |   0.000000e+00 |
|   2.000000e-03 |       6.085219e-01 |       6.029394e-01 |   2.811849e+01 |   2.801078e+01 |  -1.400000e+00 |
|   4.000000e-03 |       6.087280e-01 |       6.028626e-01 |   2.811832e+01 |   2.800832e+01 |  -1.400000e+00 |
|   6.000000e-03 |       6.088219e-01 |       6.028997e-01 |   2.811833e+01 |   2.800715e+01 |  -1.400000e+00 |
|   8.000000e-03 |       6.088700e-01 |       6.030077e-01 |   2.811840e+01 |   2.800649e+01 |  -1.400000e+00 |
|   1.000000e-02 |       6.088968e-01 |       6.031495e-01 |   2.811846e+01 |   2.800605e+01 |  -1.400000e+00 |
|   1.200000e-02 |       6.089126e-01 |       6.031639e-01 |   2.811849e+01 |   2.800574e+01 |  -1.400000e+00 |
+----------------+--------------------+--------------------+----------------+----------------+----------------+


Time Step 7, time = 0.014, dt = 0.002
 * Nonlinear |R| = [32m7.749362e-02[39m (Before preset BCs, predictors, correctors, and constraints)
 0 Nonlinear |R| = [32m7.749362e-02[39m
      0 Linear |R| = [32m7.749362e-02[39m
      1 Linear |R| = [32m4.191133e-03[39m
      2 Linear |R| = [33m4.086748e-03[39m
      3 Linear |R| = [33m3.905740e-03[39m
      4 Linear |R| = [32m1.627441e-03[39m
      5 Linear |R| = [32m6.686266e-04[39m
      6 Linear |R| = [32m1.581633e-04[39m
      7 Linear |R| = [32m1.206915e-04[39m
      8 Linear |R| = [32m7.144011e-05[39m
      9 Linear |R| = [32m3.910973e-05[39m
     10 Linear |R| = [32m2.624259e-05[39m
     11 Linear |R| = [32m8.339805e-06[39m
     12 Linear |R| = [32m3.513705e-06[39m
     13 Linear |R| = [33m3.512591e-06[39m
     14 Linear |R| = [32m6.024259e-07[39m
     15 Linear |R| = [32m1.965857e-07[39m
     16 Linear |R| = [32m5.517206e-08[39m
     17 Linear |R| = [32m4.425958e-08[39m
     18 Linear |R| = [32m6.844439e-09[39m
     19 Linear |R| = [32m7.308610e-10[39m
     20 Linear |R| = [32m4.883838e-11[39m
 1 Nonlinear |R| = [32m3.345172e-05[39m
      0 Linear |R| = [32m3.345172e-05[39m
      1 Linear |R| = [32m9.365966e-07[39m
      2 Linear |R| = [33m9.303211e-07[39m
      3 Linear |R| = [32m6.850380e-07[39m
      4 Linear |R| = [32m2.004047e-07[39m
      5 Linear |R| = [32m1.009493e-07[39m
      6 Linear |R| = [32m3.319255e-08[39m
      7 Linear |R| = [33m3.288137e-08[39m
      8 Linear |R| = [32m1.815010e-08[39m
      9 Linear |R| = [32m1.453538e-08[39m
     10 Linear |R| = [32m8.270241e-09[39m
     11 Linear |R| = [32m1.965659e-09[39m
     12 Linear |R| = [32m1.151063e-09[39m
     13 Linear |R| = [32m1.069757e-09[39m
     14 Linear |R| = [32m1.670324e-10[39m
     15 Linear |R| = [32m3.074740e-11[39m
     16 Linear |R| = [32m1.333766e-11[39m
     17 Linear |R| = [33m1.329868e-11[39m
     18 Linear |R| = [32m1.564231e-12[39m
     19 Linear |R| = [32m1.746951e-13[39m
     20 Linear |R| = [32m2.834017e-14[39m
 2 Nonlinear |R| = [32m5.405389e-11[39m
[32m Solve Converged![39m

Postprocessor Values:
+----------------+----------------+----------------+----------------+----------------+----------------+----------------+
| time           | J_max          | J_min          | Jbar_max       | Jbar_min       | center_pressure| edge_ux        |
+----------------+----------------+----------------+----------------+----------------+----------------+----------------+
|   0.000000e+00 |   1.000000e+00 |   1.000000e+00 |   1.000000e+00 |   1.000000e+00 |   0.000000e+00 |   0.000000e+00 |
|   2.000000e-03 |   9.850919e-01 |   9.748048e-01 |   9.899179e-01 |   9.885299e-01 |   2.013614e-01 |   1.103902e-02 |
|   4.000000e-03 |   9.854120e-01 |   9.743913e-01 |   9.901133e-01 |   9.884785e-01 |   2.012421e-01 |   1.065880e-02 |
|   6.000000e-03 |   9.854477e-01 |   9.741941e-01 |   9.902102e-01 |   9.884383e-01 |   1.998808e-01 |   1.040148e-02 |
|   8.000000e-03 |   9.853114e-01 |   9.740982e-01 |   9.902505e-01 |   9.884039e-01 |   1.976373e-01 |   1.020170e-02 |
|   1.000000e-02 |   9.850886e-01 |   9.740493e-01 |   9.902595e-01 |   9.883731e-01 |   1.949346e-01 |   1.003279e-02 |
|   1.200000e-02 |   9.848283e-01 |   9.740239e-01 |   9.902512e-01 |   9.883446e-01 |   1.920691e-01 |   9.882062e-03 |
|   1.400000e-02 |   9.845568e-01 |   9.740102e-01 |   9.902334e-01 |   9.883180e-01 |   1.892016e-01 |   9.742768e-03 |
+----------------+----------------+----------------+----------------+----------------+----------------+----------------+
+----------------+----------------+----------------+------------------+----------------+----------------+
| time           | mass           | mass_reaction  | outflow_gradient | platen_max     | platen_min     |
+----------------+----------------+----------------+------------------+----------------+----------------+
|   0.000000e+00 |   1.600000e+00 |   0.000000e+00 |     0.000000e+00 |   0.000000e+00 |   0.000000e+00 |
|   2.000000e-03 |   1.597109e+00 |  -1.445606e+00 |     4.959737e-01 |  -5.272625e-02 |  -5.272625e-02 |
|   4.000000e-03 |   1.595554e+00 |  -7.775295e-01 |     3.924110e-01 |  -5.294025e-02 |  -5.294025e-02 |
|   6.000000e-03 |   1.594215e+00 |  -6.694468e-01 |     3.416005e-01 |  -5.312440e-02 |  -5.312440e-02 |
|   8.000000e-03 |   1.592999e+00 |  -6.080681e-01 |     3.117211e-01 |  -5.329160e-02 |  -5.329160e-02 |
|   1.000000e-02 |   1.591863e+00 |  -5.676445e-01 |     2.917469e-01 |  -5.344764e-02 |  -5.344764e-02 |
|   1.200000e-02 |   1.590787e+00 |  -5.382035e-01 |     2.771342e-01 |  -5.359559e-02 |  -5.359559e-02 |
|   1.400000e-02 |   1.589757e+00 |  -5.152062e-01 |     2.657241e-01 |  -5.373720e-02 |  -5.373720e-02 |
+----------------+----------------+----------------+------------------+----------------+----------------+
+----------------+--------------------+--------------------+----------------+----------------+----------------+
| time           | solid_fraction_max | solid_fraction_min | stability_max  | stability_min  | top_reaction   |
+----------------+--------------------+--------------------+----------------+----------------+----------------+
|   0.000000e+00 |       6.000000e-01 |       6.000000e-01 |   2.800000e+01 |   2.800000e+01 |   0.000000e+00 |
|   2.000000e-03 |       6.085219e-01 |       6.029394e-01 |   2.811849e+01 |   2.801078e+01 |  -1.400000e+00 |
|   4.000000e-03 |       6.087280e-01 |       6.028626e-01 |   2.811832e+01 |   2.800832e+01 |  -1.400000e+00 |
|   6.000000e-03 |       6.088219e-01 |       6.028997e-01 |   2.811833e+01 |   2.800715e+01 |  -1.400000e+00 |
|   8.000000e-03 |       6.088700e-01 |       6.030077e-01 |   2.811840e+01 |   2.800649e+01 |  -1.400000e+00 |
|   1.000000e-02 |       6.088968e-01 |       6.031495e-01 |   2.811846e+01 |   2.800605e+01 |  -1.400000e+00 |
|   1.200000e-02 |       6.089126e-01 |       6.031639e-01 |   2.811849e+01 |   2.800574e+01 |  -1.400000e+00 |
|   1.400000e-02 |       6.089229e-01 |       6.031769e-01 |   2.811845e+01 |   2.800550e+01 |  -1.400000e+00 |
+----------------+--------------------+--------------------+----------------+----------------+----------------+


Time Step 8, time = 0.016, dt = 0.002
 * Nonlinear |R| = [32m7.141596e-02[39m (Before preset BCs, predictors, correctors, and constraints)
 0 Nonlinear |R| = [32m7.141596e-02[39m
      0 Linear |R| = [32m7.141596e-02[39m
      1 Linear |R| = [32m4.037302e-03[39m
      2 Linear |R| = [33m3.937132e-03[39m
      3 Linear |R| = [33m3.763112e-03[39m
      4 Linear |R| = [32m1.571866e-03[39m
      5 Linear |R| = [32m6.439076e-04[39m
      6 Linear |R| = [32m1.517271e-04[39m
      7 Linear |R| = [32m1.131888e-04[39m
      8 Linear |R| = [32m6.814807e-05[39m
      9 Linear |R| = [32m3.675009e-05[39m
     10 Linear |R| = [32m2.459556e-05[39m
     11 Linear |R| = [32m7.894408e-06[39m
     12 Linear |R| = [32m3.285194e-06[39m
     13 Linear |R| = [33m3.282831e-06[39m
     14 Linear |R| = [32m5.580423e-07[39m
     15 Linear |R| = [32m1.910764e-07[39m
     16 Linear |R| = [32m5.263860e-08[39m
     17 Linear |R| = [32m3.920282e-08[39m
     18 Linear |R| = [32m6.551864e-09[39m
     19 Linear |R| = [32m7.038594e-10[39m
     20 Linear |R| = [32m4.725991e-11[39m
 1 Nonlinear |R| = [32m2.790026e-05[39m
      0 Linear |R| = [32m2.790026e-05[39m
      1 Linear |R| = [32m8.205771e-07[39m
      2 Linear |R| = [33m8.149262e-07[39m
      3 Linear |R| = [32m5.773508e-07[39m
      4 Linear |R| = [32m1.970629e-07[39m
      5 Linear |R| = [32m8.426396e-08[39m
      6 Linear |R| = [32m2.899928e-08[39m
      7 Linear |R| = [33m2.805106e-08[39m
      8 Linear |R| = [32m1.554095e-08[39m
      9 Linear |R| = [32m1.251808e-08[39m
     10 Linear |R| = [32m7.008378e-09[39m
     11 Linear |R| = [32m1.671671e-09[39m
     12 Linear |R| = [32m1.029658e-09[39m
     13 Linear |R| = [32m9.265337e-10[39m
     14 Linear |R| = [32m1.497347e-10[39m
     15 Linear |R| = [32m2.571222e-11[39m
     16 Linear |R| = [32m1.161623e-11[39m
     17 Linear |R| = [33m1.158667e-11[39m
     18 Linear |R| = [32m1.369197e-12[39m
     19 Linear |R| = [32m1.517838e-13[39m
     20 Linear |R| = [32m2.006755e-14[39m
 2 Nonlinear |R| = [32m4.866734e-11[39m
[32m Solve Converged![39m

Postprocessor Values:
+----------------+----------------+----------------+----------------+----------------+----------------+----------------+
| time           | J_max          | J_min          | Jbar_max       | Jbar_min       | center_pressure| edge_ux        |
+----------------+----------------+----------------+----------------+----------------+----------------+----------------+
|   0.000000e+00 |   1.000000e+00 |   1.000000e+00 |   1.000000e+00 |   1.000000e+00 |   0.000000e+00 |   0.000000e+00 |
|   2.000000e-03 |   9.850919e-01 |   9.748048e-01 |   9.899179e-01 |   9.885299e-01 |   2.013614e-01 |   1.103902e-02 |
|   4.000000e-03 |   9.854120e-01 |   9.743913e-01 |   9.901133e-01 |   9.884785e-01 |   2.012421e-01 |   1.065880e-02 |
|   6.000000e-03 |   9.854477e-01 |   9.741941e-01 |   9.902102e-01 |   9.884383e-01 |   1.998808e-01 |   1.040148e-02 |
|   8.000000e-03 |   9.853114e-01 |   9.740982e-01 |   9.902505e-01 |   9.884039e-01 |   1.976373e-01 |   1.020170e-02 |
|   1.000000e-02 |   9.850886e-01 |   9.740493e-01 |   9.902595e-01 |   9.883731e-01 |   1.949346e-01 |   1.003279e-02 |
|   1.200000e-02 |   9.848283e-01 |   9.740239e-01 |   9.902512e-01 |   9.883446e-01 |   1.920691e-01 |   9.882062e-03 |
|   1.400000e-02 |   9.845568e-01 |   9.740102e-01 |   9.902334e-01 |   9.883180e-01 |   1.892016e-01 |   9.742768e-03 |
|   1.600000e-02 |   9.842873e-01 |   9.740019e-01 |   9.902104e-01 |   9.882929e-01 |   1.864058e-01 |   9.611085e-03 |
+----------------+----------------+----------------+----------------+----------------+----------------+----------------+
+----------------+----------------+----------------+------------------+----------------+----------------+
| time           | mass           | mass_reaction  | outflow_gradient | platen_max     | platen_min     |
+----------------+----------------+----------------+------------------+----------------+----------------+
|   0.000000e+00 |   1.600000e+00 |   0.000000e+00 |     0.000000e+00 |   0.000000e+00 |   0.000000e+00 |
|   2.000000e-03 |   1.597109e+00 |  -1.445606e+00 |     4.959737e-01 |  -5.272625e-02 |  -5.272625e-02 |
|   4.000000e-03 |   1.595554e+00 |  -7.775295e-01 |     3.924110e-01 |  -5.294025e-02 |  -5.294025e-02 |
|   6.000000e-03 |   1.594215e+00 |  -6.694468e-01 |     3.416005e-01 |  -5.312440e-02 |  -5.312440e-02 |
|   8.000000e-03 |   1.592999e+00 |  -6.080681e-01 |     3.117211e-01 |  -5.329160e-02 |  -5.329160e-02 |
|   1.000000e-02 |   1.591863e+00 |  -5.676445e-01 |     2.917469e-01 |  -5.344764e-02 |  -5.344764e-02 |
|   1.200000e-02 |   1.590787e+00 |  -5.382035e-01 |     2.771342e-01 |  -5.359559e-02 |  -5.359559e-02 |
|   1.400000e-02 |   1.589757e+00 |  -5.152062e-01 |     2.657241e-01 |  -5.373720e-02 |  -5.373720e-02 |
|   1.600000e-02 |   1.588764e+00 |  -4.963252e-01 |     2.563757e-01 |  -5.387363e-02 |  -5.387363e-02 |
+----------------+----------------+----------------+------------------+----------------+----------------+
+----------------+--------------------+--------------------+----------------+----------------+----------------+
| time           | solid_fraction_max | solid_fraction_min | stability_max  | stability_min  | top_reaction   |
+----------------+--------------------+--------------------+----------------+----------------+----------------+
|   0.000000e+00 |       6.000000e-01 |       6.000000e-01 |   2.800000e+01 |   2.800000e+01 |   0.000000e+00 |
|   2.000000e-03 |       6.085219e-01 |       6.029394e-01 |   2.811849e+01 |   2.801078e+01 |  -1.400000e+00 |
|   4.000000e-03 |       6.087280e-01 |       6.028626e-01 |   2.811832e+01 |   2.800832e+01 |  -1.400000e+00 |
|   6.000000e-03 |       6.088219e-01 |       6.028997e-01 |   2.811833e+01 |   2.800715e+01 |  -1.400000e+00 |
|   8.000000e-03 |       6.088700e-01 |       6.030077e-01 |   2.811840e+01 |   2.800649e+01 |  -1.400000e+00 |
|   1.000000e-02 |       6.088968e-01 |       6.031495e-01 |   2.811846e+01 |   2.800605e+01 |  -1.400000e+00 |
|   1.200000e-02 |       6.089126e-01 |       6.031639e-01 |   2.811849e+01 |   2.800574e+01 |  -1.400000e+00 |
|   1.400000e-02 |       6.089229e-01 |       6.031769e-01 |   2.811845e+01 |   2.800550e+01 |  -1.400000e+00 |
|   1.600000e-02 |       6.089301e-01 |       6.031939e-01 |   2.811833e+01 |   2.800530e+01 |  -1.400000e+00 |
+----------------+--------------------+--------------------+----------------+----------------+----------------+


Time Step 9, time = 0.018, dt = 0.002
 * Nonlinear |R| = [32m6.672736e-02[39m (Before preset BCs, predictors, correctors, and constraints)
 0 Nonlinear |R| = [32m6.672736e-02[39m
      0 Linear |R| = [32m6.672736e-02[39m
      1 Linear |R| = [32m3.906460e-03[39m
      2 Linear |R| = [33m3.809967e-03[39m
      3 Linear |R| = [33m3.643217e-03[39m
      4 Linear |R| = [32m1.524497e-03[39m
      5 Linear |R| = [32m6.228555e-04[39m
      6 Linear |R| = [32m1.464543e-04[39m
      7 Linear |R| = [32m1.100222e-04[39m
      8 Linear |R| = [32m6.537913e-05[39m
      9 Linear |R| = [32m3.469238e-05[39m
     10 Linear |R| = [32m2.315591e-05[39m
     11 Linear |R| = [32m7.510469e-06[39m
     12 Linear |R| = [32m3.081265e-06[39m
     13 Linear |R| = [33m3.079797e-06[39m
     14 Linear |R| = [32m5.181885e-07[39m
     15 Linear |R| = [32m1.852018e-07[39m
     16 Linear |R| = [32m5.018041e-08[39m
     17 Linear |R| = [32m3.582443e-08[39m
     18 Linear |R| = [32m6.285771e-09[39m
     19 Linear |R| = [32m6.786524e-10[39m
     20 Linear |R| = [32m4.310511e-11[39m
 1 Nonlinear |R| = [32m2.383736e-05[39m
      0 Linear |R| = [32m2.383736e-05[39m
      1 Linear |R| = [32m7.291333e-07[39m
      2 Linear |R| = [33m7.237723e-07[39m
      3 Linear |R| = [32m5.004800e-07[39m
      4 Linear |R| = [32m1.833571e-07[39m
      5 Linear |R| = [32m7.249977e-08[39m
      6 Linear |R| = [32m2.451131e-08[39m
      7 Linear |R| = [33m2.401950e-08[39m
      8 Linear |R| = [32m1.337974e-08[39m
      9 Linear |R| = [32m1.077580e-08[39m
     10 Linear |R| = [32m6.031558e-09[39m
     11 Linear |R| = [32m1.438927e-09[39m
     12 Linear |R| = [32m8.675916e-10[39m
     13 Linear |R| = [32m8.002671e-10[39m
     14 Linear |R| = [32m1.353278e-10[39m
     15 Linear |R| = [32m2.340255e-11[39m
     16 Linear |R| = [32m1.043296e-11[39m
     17 Linear |R| = [33m1.043255e-11[39m
     18 Linear |R| = [32m1.225927e-12[39m
     19 Linear |R| = [32m1.350198e-13[39m
     20 Linear |R| = [32m2.441985e-14[39m
     21 Linear |R| = [32m7.549074e-15[39m
 2 Nonlinear |R| = [32m3.620169e-11[39m
[32m Solve Converged![39m

Postprocessor Values:
+----------------+----------------+----------------+----------------+----------------+----------------+----------------+
| time           | J_max          | J_min          | Jbar_max       | Jbar_min       | center_pressure| edge_ux        |
+----------------+----------------+----------------+----------------+----------------+----------------+----------------+
|   0.000000e+00 |   1.000000e+00 |   1.000000e+00 |   1.000000e+00 |   1.000000e+00 |   0.000000e+00 |   0.000000e+00 |
|   2.000000e-03 |   9.850919e-01 |   9.748048e-01 |   9.899179e-01 |   9.885299e-01 |   2.013614e-01 |   1.103902e-02 |
|   4.000000e-03 |   9.854120e-01 |   9.743913e-01 |   9.901133e-01 |   9.884785e-01 |   2.012421e-01 |   1.065880e-02 |
|   6.000000e-03 |   9.854477e-01 |   9.741941e-01 |   9.902102e-01 |   9.884383e-01 |   1.998808e-01 |   1.040148e-02 |
|   8.000000e-03 |   9.853114e-01 |   9.740982e-01 |   9.902505e-01 |   9.884039e-01 |   1.976373e-01 |   1.020170e-02 |
|   1.000000e-02 |   9.850886e-01 |   9.740493e-01 |   9.902595e-01 |   9.883731e-01 |   1.949346e-01 |   1.003279e-02 |
|   1.200000e-02 |   9.848283e-01 |   9.740239e-01 |   9.902512e-01 |   9.883446e-01 |   1.920691e-01 |   9.882062e-03 |
|   1.400000e-02 |   9.845568e-01 |   9.740102e-01 |   9.902334e-01 |   9.883180e-01 |   1.892016e-01 |   9.742768e-03 |
|   1.600000e-02 |   9.842873e-01 |   9.740019e-01 |   9.902104e-01 |   9.882929e-01 |   1.864058e-01 |   9.611085e-03 |
|   1.800000e-02 |   9.840265e-01 |   9.739958e-01 |   9.901847e-01 |   9.882691e-01 |   1.837083e-01 |   9.484738e-03 |
+----------------+----------------+----------------+----------------+----------------+----------------+----------------+
+----------------+----------------+----------------+------------------+----------------+----------------+
| time           | mass           | mass_reaction  | outflow_gradient | platen_max     | platen_min     |
+----------------+----------------+----------------+------------------+----------------+----------------+
|   0.000000e+00 |   1.600000e+00 |   0.000000e+00 |     0.000000e+00 |   0.000000e+00 |   0.000000e+00 |
|   2.000000e-03 |   1.597109e+00 |  -1.445606e+00 |     4.959737e-01 |  -5.272625e-02 |  -5.272625e-02 |
|   4.000000e-03 |   1.595554e+00 |  -7.775295e-01 |     3.924110e-01 |  -5.294025e-02 |  -5.294025e-02 |
|   6.000000e-03 |   1.594215e+00 |  -6.694468e-01 |     3.416005e-01 |  -5.312440e-02 |  -5.312440e-02 |
|   8.000000e-03 |   1.592999e+00 |  -6.080681e-01 |     3.117211e-01 |  -5.329160e-02 |  -5.329160e-02 |
|   1.000000e-02 |   1.591863e+00 |  -5.676445e-01 |     2.917469e-01 |  -5.344764e-02 |  -5.344764e-02 |
|   1.200000e-02 |   1.590787e+00 |  -5.382035e-01 |     2.771342e-01 |  -5.359559e-02 |  -5.359559e-02 |
|   1.400000e-02 |   1.589757e+00 |  -5.152062e-01 |     2.657241e-01 |  -5.373720e-02 |  -5.373720e-02 |
|   1.600000e-02 |   1.588764e+00 |  -4.963252e-01 |     2.563757e-01 |  -5.387363e-02 |  -5.387363e-02 |
|   1.800000e-02 |   1.587803e+00 |  -4.802581e-01 |     2.484369e-01 |  -5.400564e-02 |  -5.400564e-02 |
+----------------+----------------+----------------+------------------+----------------+----------------+
+----------------+--------------------+--------------------+----------------+----------------+----------------+
| time           | solid_fraction_max | solid_fraction_min | stability_max  | stability_min  | top_reaction   |
+----------------+--------------------+--------------------+----------------+----------------+----------------+
|   0.000000e+00 |       6.000000e-01 |       6.000000e-01 |   2.800000e+01 |   2.800000e+01 |   0.000000e+00 |
|   2.000000e-03 |       6.085219e-01 |       6.029394e-01 |   2.811849e+01 |   2.801078e+01 |  -1.400000e+00 |
|   4.000000e-03 |       6.087280e-01 |       6.028626e-01 |   2.811832e+01 |   2.800832e+01 |  -1.400000e+00 |
|   6.000000e-03 |       6.088219e-01 |       6.028997e-01 |   2.811833e+01 |   2.800715e+01 |  -1.400000e+00 |
|   8.000000e-03 |       6.088700e-01 |       6.030077e-01 |   2.811840e+01 |   2.800649e+01 |  -1.400000e+00 |
|   1.000000e-02 |       6.088968e-01 |       6.031495e-01 |   2.811846e+01 |   2.800605e+01 |  -1.400000e+00 |
|   1.200000e-02 |       6.089126e-01 |       6.031639e-01 |   2.811849e+01 |   2.800574e+01 |  -1.400000e+00 |
|   1.400000e-02 |       6.089229e-01 |       6.031769e-01 |   2.811845e+01 |   2.800550e+01 |  -1.400000e+00 |
|   1.600000e-02 |       6.089301e-01 |       6.031939e-01 |   2.811833e+01 |   2.800530e+01 |  -1.400000e+00 |
|   1.800000e-02 |       6.089360e-01 |       6.032151e-01 |   2.811812e+01 |   2.800514e+01 |  -1.400000e+00 |
+----------------+--------------------+--------------------+----------------+----------------+----------------+


Time Step 10, time = 0.02, dt = 0.002
 * Nonlinear |R| = [32m6.295465e-02[39m (Before preset BCs, predictors, correctors, and constraints)
 0 Nonlinear |R| = [32m6.295465e-02[39m
      0 Linear |R| = [32m6.295465e-02[39m
      1 Linear |R| = [32m3.792231e-03[39m
      2 Linear |R| = [33m3.699005e-03[39m
      3 Linear |R| = [33m3.539382e-03[39m
      4 Linear |R| = [32m1.482985e-03[39m
      5 Linear |R| = [32m6.044445e-04[39m
      6 Linear |R| = [32m1.417622e-04[39m
      7 Linear |R| = [32m1.043193e-04[39m
      8 Linear |R| = [32m6.295961e-05[39m
      9 Linear |R| = [32m3.286928e-05[39m
     10 Linear |R| = [32m2.187645e-05[39m
     11 Linear |R| = [32m7.173137e-06[39m
     12 Linear |R| = [32m2.893827e-06[39m
     13 Linear |R| = [33m2.893826e-06[39m
     14 Linear |R| = [32m4.823327e-07[39m
     15 Linear |R| = [32m1.791884e-07[39m
     16 Linear |R| = [32m4.782903e-08[39m
     17 Linear |R| = [32m3.434942e-08[39m
     18 Linear |R| = [32m6.039071e-09[39m
     19 Linear |R| = [32m6.549097e-10[39m
     20 Linear |R| = [32m4.388717e-11[39m
 1 Nonlinear |R| = [32m2.072568e-05[39m
      0 Linear |R| = [32m2.072568e-05[39m
      1 Linear |R| = [32m6.537836e-07[39m
      2 Linear |R| = [33m6.490546e-07[39m
      3 Linear |R| = [32m4.444585e-07[39m
      4 Linear |R| = [32m1.678731e-07[39m
      5 Linear |R| = [32m6.408271e-08[39m
      6 Linear |R| = [32m2.157490e-08[39m
      7 Linear |R| = [33m2.113575e-08[39m
      8 Linear |R| = [32m1.170134e-08[39m
      9 Linear |R| = [32m9.387644e-09[39m
     10 Linear |R| = [32m5.280711e-09[39m
     11 Linear |R| = [32m1.269828e-09[39m
     12 Linear |R| = [32m7.867251e-10[39m
     13 Linear |R| = [32m7.082030e-10[39m
     14 Linear |R| = [32m1.226179e-10[39m
     15 Linear |R| = [32m2.065371e-11[39m
     16 Linear |R| = [32m9.191463e-12[39m
     17 Linear |R| = [33m9.187340e-12[39m
     18 Linear |R| = [32m1.104612e-12[39m
     19 Linear |R| = [32m1.180150e-13[39m
     20 Linear |R| = [32m2.281631e-14[39m
     21 Linear |R| = [32m6.412400e-15[39m
 2 Nonlinear |R| = [32m3.468915e-11[39m
[32m Solve Converged![39m

Postprocessor Values:
+----------------+----------------+----------------+----------------+----------------+----------------+----------------+
| time           | J_max          | J_min          | Jbar_max       | Jbar_min       | center_pressure| edge_ux        |
+----------------+----------------+----------------+----------------+----------------+----------------+----------------+
|   0.000000e+00 |   1.000000e+00 |   1.000000e+00 |   1.000000e+00 |   1.000000e+00 |   0.000000e+00 |   0.000000e+00 |
|   2.000000e-03 |   9.850919e-01 |   9.748048e-01 |   9.899179e-01 |   9.885299e-01 |   2.013614e-01 |   1.103902e-02 |
|   4.000000e-03 |   9.854120e-01 |   9.743913e-01 |   9.901133e-01 |   9.884785e-01 |   2.012421e-01 |   1.065880e-02 |
|   6.000000e-03 |   9.854477e-01 |   9.741941e-01 |   9.902102e-01 |   9.884383e-01 |   1.998808e-01 |   1.040148e-02 |
|   8.000000e-03 |   9.853114e-01 |   9.740982e-01 |   9.902505e-01 |   9.884039e-01 |   1.976373e-01 |   1.020170e-02 |
|   1.000000e-02 |   9.850886e-01 |   9.740493e-01 |   9.902595e-01 |   9.883731e-01 |   1.949346e-01 |   1.003279e-02 |
|   1.200000e-02 |   9.848283e-01 |   9.740239e-01 |   9.902512e-01 |   9.883446e-01 |   1.920691e-01 |   9.882062e-03 |
|   1.400000e-02 |   9.845568e-01 |   9.740102e-01 |   9.902334e-01 |   9.883180e-01 |   1.892016e-01 |   9.742768e-03 |
|   1.600000e-02 |   9.842873e-01 |   9.740019e-01 |   9.902104e-01 |   9.882929e-01 |   1.864058e-01 |   9.611085e-03 |
|   1.800000e-02 |   9.840265e-01 |   9.739958e-01 |   9.901847e-01 |   9.882691e-01 |   1.837083e-01 |   9.484738e-03 |
|   2.000000e-02 |   9.837774e-01 |   9.739898e-01 |   9.901578e-01 |   9.882465e-01 |   1.811136e-01 |   9.362338e-03 |
+----------------+----------------+----------------+----------------+----------------+----------------+----------------+
+----------------+----------------+----------------+------------------+----------------+----------------+
| time           | mass           | mass_reaction  | outflow_gradient | platen_max     | platen_min     |
+----------------+----------------+----------------+------------------+----------------+----------------+
|   0.000000e+00 |   1.600000e+00 |   0.000000e+00 |     0.000000e+00 |   0.000000e+00 |   0.000000e+00 |
|   2.000000e-03 |   1.597109e+00 |  -1.445606e+00 |     4.959737e-01 |  -5.272625e-02 |  -5.272625e-02 |
|   4.000000e-03 |   1.595554e+00 |  -7.775295e-01 |     3.924110e-01 |  -5.294025e-02 |  -5.294025e-02 |
|   6.000000e-03 |   1.594215e+00 |  -6.694468e-01 |     3.416005e-01 |  -5.312440e-02 |  -5.312440e-02 |
|   8.000000e-03 |   1.592999e+00 |  -6.080681e-01 |     3.117211e-01 |  -5.329160e-02 |  -5.329160e-02 |
|   1.000000e-02 |   1.591863e+00 |  -5.676445e-01 |     2.917469e-01 |  -5.344764e-02 |  -5.344764e-02 |
|   1.200000e-02 |   1.590787e+00 |  -5.382035e-01 |     2.771342e-01 |  -5.359559e-02 |  -5.359559e-02 |
|   1.400000e-02 |   1.589757e+00 |  -5.152062e-01 |     2.657241e-01 |  -5.373720e-02 |  -5.373720e-02 |
|   1.600000e-02 |   1.588764e+00 |  -4.963252e-01 |     2.563757e-01 |  -5.387363e-02 |  -5.387363e-02 |
|   1.800000e-02 |   1.587803e+00 |  -4.802581e-01 |     2.484369e-01 |  -5.400564e-02 |  -5.400564e-02 |
|   2.000000e-02 |   1.586871e+00 |  -4.662248e-01 |     2.415120e-01 |  -5.413381e-02 |  -5.413381e-02 |
+----------------+----------------+----------------+------------------+----------------+----------------+
+----------------+--------------------+--------------------+----------------+----------------+----------------+
| time           | solid_fraction_max | solid_fraction_min | stability_max  | stability_min  | top_reaction   |
+----------------+--------------------+--------------------+----------------+----------------+----------------+
|   0.000000e+00 |       6.000000e-01 |       6.000000e-01 |   2.800000e+01 |   2.800000e+01 |   0.000000e+00 |
|   2.000000e-03 |       6.085219e-01 |       6.029394e-01 |   2.811849e+01 |   2.801078e+01 |  -1.400000e+00 |
|   4.000000e-03 |       6.087280e-01 |       6.028626e-01 |   2.811832e+01 |   2.800832e+01 |  -1.400000e+00 |
|   6.000000e-03 |       6.088219e-01 |       6.028997e-01 |   2.811833e+01 |   2.800715e+01 |  -1.400000e+00 |
|   8.000000e-03 |       6.088700e-01 |       6.030077e-01 |   2.811840e+01 |   2.800649e+01 |  -1.400000e+00 |
|   1.000000e-02 |       6.088968e-01 |       6.031495e-01 |   2.811846e+01 |   2.800605e+01 |  -1.400000e+00 |
|   1.200000e-02 |       6.089126e-01 |       6.031639e-01 |   2.811849e+01 |   2.800574e+01 |  -1.400000e+00 |
|   1.400000e-02 |       6.089229e-01 |       6.031769e-01 |   2.811845e+01 |   2.800550e+01 |  -1.400000e+00 |
|   1.600000e-02 |       6.089301e-01 |       6.031939e-01 |   2.811833e+01 |   2.800530e+01 |  -1.400000e+00 |
|   1.800000e-02 |       6.089360e-01 |       6.032151e-01 |   2.811812e+01 |   2.800514e+01 |  -1.400000e+00 |
|   2.000000e-02 |       6.089414e-01 |       6.032406e-01 |   2.811782e+01 |   2.800500e+01 |  -1.400000e+00 |
+----------------+--------------------+--------------------+----------------+----------------+----------------+


Time Step 11, time = 0.022, dt = 0.002
 * Nonlinear |R| = [32m5.983779e-02[39m (Before preset BCs, predictors, correctors, and constraints)
 0 Nonlinear |R| = [32m5.983779e-02[39m
      0 Linear |R| = [32m5.983779e-02[39m
      1 Linear |R| = [32m3.690587e-03[39m
      2 Linear |R| = [33m3.600301e-03[39m
      3 Linear |R| = [33m3.447434e-03[39m
      4 Linear |R| = [32m1.445847e-03[39m
      5 Linear |R| = [32m5.879842e-04[39m
      6 Linear |R| = [32m1.377813e-04[39m
      7 Linear |R| = [32m1.016667e-04[39m
      8 Linear |R| = [32m6.083304e-05[39m
      9 Linear |R| = [32m3.124028e-05[39m
     10 Linear |R| = [32m2.072924e-05[39m
     11 Linear |R| = [32m6.872683e-06[39m
     12 Linear |R| = [32m2.754559e-06[39m
     13 Linear |R| = [33m2.752084e-06[39m
     14 Linear |R| = [32m4.500404e-07[39m
     15 Linear |R| = [32m1.731758e-07[39m
     16 Linear |R| = [32m4.560149e-08[39m
     17 Linear |R| = [32m3.387954e-08[39m
     18 Linear |R| = [32m5.808409e-09[39m
     19 Linear |R| = [32m6.324896e-10[39m
     20 Linear |R| = [32m3.983785e-11[39m
 1 Nonlinear |R| = [32m1.827396e-05[39m
      0 Linear |R| = [32m1.827396e-05[39m
      1 Linear |R| = [32m5.921986e-07[39m
      2 Linear |R| = [33m5.877314e-07[39m
      3 Linear |R| = [32m3.967691e-07[39m
      4 Linear |R| = [32m1.504276e-07[39m
      5 Linear |R| = [32m5.683069e-08[39m
      6 Linear |R| = [32m1.904194e-08[39m
      7 Linear |R| = [33m1.857650e-08[39m
      8 Linear |R| = [32m1.004821e-08[39m
      9 Linear |R| = [32m8.009468e-09[39m
     10 Linear |R| = [32m4.580387e-09[39m
     11 Linear |R| = [32m1.114351e-09[39m
     12 Linear |R| = [32m6.710957e-10[39m
     13 Linear |R| = [32m6.192864e-10[39m
     14 Linear |R| = [32m1.088758e-10[39m
     15 Linear |R| = [32m1.942793e-11[39m
     16 Linear |R| = [32m8.140655e-12[39m
     17 Linear |R| = [33m8.106147e-12[39m
     18 Linear |R| = [32m9.803832e-13[39m
     19 Linear |R| = [32m1.060637e-13[39m
     20 Linear |R| = [32m1.681171e-14[39m
 2 Nonlinear |R| = [32m3.201520e-11[39m
[32m Solve Converged![39m

Postprocessor Values:
+----------------+----------------+----------------+----------------+----------------+----------------+----------------+
| time           | J_max          | J_min          | Jbar_max       | Jbar_min       | center_pressure| edge_ux        |
+----------------+----------------+----------------+----------------+----------------+----------------+----------------+
|   0.000000e+00 |   1.000000e+00 |   1.000000e+00 |   1.000000e+00 |   1.000000e+00 |   0.000000e+00 |   0.000000e+00 |
|   2.000000e-03 |   9.850919e-01 |   9.748048e-01 |   9.899179e-01 |   9.885299e-01 |   2.013614e-01 |   1.103902e-02 |
|   4.000000e-03 |   9.854120e-01 |   9.743913e-01 |   9.901133e-01 |   9.884785e-01 |   2.012421e-01 |   1.065880e-02 |
|   6.000000e-03 |   9.854477e-01 |   9.741941e-01 |   9.902102e-01 |   9.884383e-01 |   1.998808e-01 |   1.040148e-02 |
|   8.000000e-03 |   9.853114e-01 |   9.740982e-01 |   9.902505e-01 |   9.884039e-01 |   1.976373e-01 |   1.020170e-02 |
|   1.000000e-02 |   9.850886e-01 |   9.740493e-01 |   9.902595e-01 |   9.883731e-01 |   1.949346e-01 |   1.003279e-02 |
|   1.200000e-02 |   9.848283e-01 |   9.740239e-01 |   9.902512e-01 |   9.883446e-01 |   1.920691e-01 |   9.882062e-03 |
|   1.400000e-02 |   9.845568e-01 |   9.740102e-01 |   9.902334e-01 |   9.883180e-01 |   1.892016e-01 |   9.742768e-03 |
|   1.600000e-02 |   9.842873e-01 |   9.740019e-01 |   9.902104e-01 |   9.882929e-01 |   1.864058e-01 |   9.611085e-03 |
|   1.800000e-02 |   9.840265e-01 |   9.739958e-01 |   9.901847e-01 |   9.882691e-01 |   1.837083e-01 |   9.484738e-03 |
|   2.000000e-02 |   9.837774e-01 |   9.739898e-01 |   9.901578e-01 |   9.882465e-01 |   1.811136e-01 |   9.362338e-03 |
|   2.200000e-02 |   9.836793e-01 |   9.739829e-01 |   9.901303e-01 |   9.882249e-01 |   1.786168e-01 |   9.243020e-03 |
+----------------+----------------+----------------+----------------+----------------+----------------+----------------+
+----------------+----------------+----------------+------------------+----------------+----------------+
| time           | mass           | mass_reaction  | outflow_gradient | platen_max     | platen_min     |
+----------------+----------------+----------------+------------------+----------------+----------------+
|   0.000000e+00 |   1.600000e+00 |   0.000000e+00 |     0.000000e+00 |   0.000000e+00 |   0.000000e+00 |
|   2.000000e-03 |   1.597109e+00 |  -1.445606e+00 |     4.959737e-01 |  -5.272625e-02 |  -5.272625e-02 |
|   4.000000e-03 |   1.595554e+00 |  -7.775295e-01 |     3.924110e-01 |  -5.294025e-02 |  -5.294025e-02 |
|   6.000000e-03 |   1.594215e+00 |  -6.694468e-01 |     3.416005e-01 |  -5.312440e-02 |  -5.312440e-02 |
|   8.000000e-03 |   1.592999e+00 |  -6.080681e-01 |     3.117211e-01 |  -5.329160e-02 |  -5.329160e-02 |
|   1.000000e-02 |   1.591863e+00 |  -5.676445e-01 |     2.917469e-01 |  -5.344764e-02 |  -5.344764e-02 |
|   1.200000e-02 |   1.590787e+00 |  -5.382035e-01 |     2.771342e-01 |  -5.359559e-02 |  -5.359559e-02 |
|   1.400000e-02 |   1.589757e+00 |  -5.152062e-01 |     2.657241e-01 |  -5.373720e-02 |  -5.373720e-02 |
|   1.600000e-02 |   1.588764e+00 |  -4.963252e-01 |     2.563757e-01 |  -5.387363e-02 |  -5.387363e-02 |
|   1.800000e-02 |   1.587803e+00 |  -4.802581e-01 |     2.484369e-01 |  -5.400564e-02 |  -5.400564e-02 |
|   2.000000e-02 |   1.586871e+00 |  -4.662248e-01 |     2.415120e-01 |  -5.413381e-02 |  -5.413381e-02 |
|   2.200000e-02 |   1.585964e+00 |  -4.537313e-01 |     2.353490e-01 |  -5.425854e-02 |  -5.425854e-02 |
+----------------+----------------+----------------+------------------+----------------+----------------+
+----------------+--------------------+--------------------+----------------+----------------+----------------+
| time           | solid_fraction_max | solid_fraction_min | stability_max  | stability_min  | top_reaction   |
+----------------+--------------------+--------------------+----------------+----------------+----------------+
|   0.000000e+00 |       6.000000e-01 |       6.000000e-01 |   2.800000e+01 |   2.800000e+01 |   0.000000e+00 |
|   2.000000e-03 |       6.085219e-01 |       6.029394e-01 |   2.811849e+01 |   2.801078e+01 |  -1.400000e+00 |
|   4.000000e-03 |       6.087280e-01 |       6.028626e-01 |   2.811832e+01 |   2.800832e+01 |  -1.400000e+00 |
|   6.000000e-03 |       6.088219e-01 |       6.028997e-01 |   2.811833e+01 |   2.800715e+01 |  -1.400000e+00 |
|   8.000000e-03 |       6.088700e-01 |       6.030077e-01 |   2.811840e+01 |   2.800649e+01 |  -1.400000e+00 |
|   1.000000e-02 |       6.088968e-01 |       6.031495e-01 |   2.811846e+01 |   2.800605e+01 |  -1.400000e+00 |
|   1.200000e-02 |       6.089126e-01 |       6.031639e-01 |   2.811849e+01 |   2.800574e+01 |  -1.400000e+00 |
|   1.400000e-02 |       6.089229e-01 |       6.031769e-01 |   2.811845e+01 |   2.800550e+01 |  -1.400000e+00 |
|   1.600000e-02 |       6.089301e-01 |       6.031939e-01 |   2.811833e+01 |   2.800530e+01 |  -1.400000e+00 |
|   1.800000e-02 |       6.089360e-01 |       6.032151e-01 |   2.811812e+01 |   2.800514e+01 |  -1.400000e+00 |
|   2.000000e-02 |       6.089414e-01 |       6.032406e-01 |   2.811782e+01 |   2.800500e+01 |  -1.400000e+00 |
|   2.200000e-02 |       6.089467e-01 |       6.032700e-01 |   2.811743e+01 |   2.800487e+01 |  -1.400000e+00 |
+----------------+--------------------+--------------------+----------------+----------------+----------------+


Time Step 12, time = 0.024, dt = 0.002
 * Nonlinear |R| = [32m5.721880e-02[39m (Before preset BCs, predictors, correctors, and constraints)
 0 Nonlinear |R| = [32m5.721880e-02[39m
      0 Linear |R| = [32m5.721880e-02[39m
      1 Linear |R| = [32m3.598856e-03[39m
      2 Linear |R| = [33m3.511247e-03[39m
      3 Linear |R| = [33m3.364625e-03[39m
      4 Linear |R| = [32m1.412015e-03[39m
      5 Linear |R| = [32m5.729692e-04[39m
      6 Linear |R| = [32m1.337105e-04[39m
      7 Linear |R| = [32m9.470693e-05[39m
      8 Linear |R| = [32m5.883468e-05[39m
      9 Linear |R| = [32m2.977713e-05[39m
     10 Linear |R| = [32m1.969544e-05[39m
     11 Linear |R| = [32m6.602273e-06[39m
     12 Linear |R| = [32m2.621760e-06[39m
     13 Linear |R| = [33m2.617338e-06[39m
     14 Linear |R| = [32m4.209125e-07[39m
     15 Linear |R| = [32m1.672500e-07[39m
     16 Linear |R| = [32m4.351291e-08[39m
     17 Linear |R| = [32m3.376587e-08[39m
     18 Linear |R| = [32m5.591814e-09[39m
     19 Linear |R| = [32m6.113528e-10[39m
     20 Linear |R| = [32m4.118804e-11[39m
 1 Nonlinear |R| = [32m1.627870e-05[39m
      0 Linear |R| = [32m1.627870e-05[39m
      1 Linear |R| = [32m5.425150e-07[39m
      2 Linear |R| = [33m5.385001e-07[39m
      3 Linear |R| = [32m3.625693e-07[39m
      4 Linear |R| = [32m1.370722e-07[39m
      5 Linear |R| = [32m5.187290e-08[39m
      6 Linear |R| = [32m1.730070e-08[39m
      7 Linear |R| = [33m1.679139e-08[39m
      8 Linear |R| = [32m8.863282e-09[39m
      9 Linear |R| = [32m7.005902e-09[39m
     10 Linear |R| = [32m4.066825e-09[39m
     11 Linear |R| = [32m1.017066e-09[39m
     12 Linear |R| = [32m6.471944e-10[39m
     13 Linear |R| = [32m5.714878e-10[39m
     14 Linear |R| = [32m1.016528e-10[39m
     15 Linear |R| = [32m1.839079e-11[39m
     16 Linear |R| = [32m7.697108e-12[39m
     17 Linear |R| = [33m7.691997e-12[39m
     18 Linear |R| = [32m9.382442e-13[39m
     19 Linear |R| = [32m9.994108e-14[39m
     20 Linear |R| = [32m1.694041e-14[39m
     21 Linear |R| = [32m5.212914e-15[39m
 2 Nonlinear |R| = [32m3.109311e-11[39m
[32m Solve Converged![39m

Postprocessor Values:
+----------------+----------------+----------------+----------------+----------------+----------------+----------------+
| time           | J_max          | J_min          | Jbar_max       | Jbar_min       | center_pressure| edge_ux        |
+----------------+----------------+----------------+----------------+----------------+----------------+----------------+
|   0.000000e+00 |   1.000000e+00 |   1.000000e+00 |   1.000000e+00 |   1.000000e+00 |   0.000000e+00 |   0.000000e+00 |
|   2.000000e-03 |   9.850919e-01 |   9.748048e-01 |   9.899179e-01 |   9.885299e-01 |   2.013614e-01 |   1.103902e-02 |
|   4.000000e-03 |   9.854120e-01 |   9.743913e-01 |   9.901133e-01 |   9.884785e-01 |   2.012421e-01 |   1.065880e-02 |
|   6.000000e-03 |   9.854477e-01 |   9.741941e-01 |   9.902102e-01 |   9.884383e-01 |   1.998808e-01 |   1.040148e-02 |
|   8.000000e-03 |   9.853114e-01 |   9.740982e-01 |   9.902505e-01 |   9.884039e-01 |   1.976373e-01 |   1.020170e-02 |
|   1.000000e-02 |   9.850886e-01 |   9.740493e-01 |   9.902595e-01 |   9.883731e-01 |   1.949346e-01 |   1.003279e-02 |
|   1.200000e-02 |   9.848283e-01 |   9.740239e-01 |   9.902512e-01 |   9.883446e-01 |   1.920691e-01 |   9.882062e-03 |
|   1.400000e-02 |   9.845568e-01 |   9.740102e-01 |   9.902334e-01 |   9.883180e-01 |   1.892016e-01 |   9.742768e-03 |
|   1.600000e-02 |   9.842873e-01 |   9.740019e-01 |   9.902104e-01 |   9.882929e-01 |   1.864058e-01 |   9.611085e-03 |
|   1.800000e-02 |   9.840265e-01 |   9.739958e-01 |   9.901847e-01 |   9.882691e-01 |   1.837083e-01 |   9.484738e-03 |
|   2.000000e-02 |   9.837774e-01 |   9.739898e-01 |   9.901578e-01 |   9.882465e-01 |   1.811136e-01 |   9.362338e-03 |
|   2.200000e-02 |   9.836793e-01 |   9.739829e-01 |   9.901303e-01 |   9.882249e-01 |   1.786168e-01 |   9.243020e-03 |
|   2.400000e-02 |   9.836050e-01 |   9.739747e-01 |   9.901029e-01 |   9.882044e-01 |   1.762095e-01 |   9.126232e-03 |
+----------------+----------------+----------------+----------------+----------------+----------------+----------------+
+----------------+----------------+----------------+------------------+----------------+----------------+
| time           | mass           | mass_reaction  | outflow_gradient | platen_max     | platen_min     |
+----------------+----------------+----------------+------------------+----------------+----------------+
|   0.000000e+00 |   1.600000e+00 |   0.000000e+00 |     0.000000e+00 |   0.000000e+00 |   0.000000e+00 |
|   2.000000e-03 |   1.597109e+00 |  -1.445606e+00 |     4.959737e-01 |  -5.272625e-02 |  -5.272625e-02 |
|   4.000000e-03 |   1.595554e+00 |  -7.775295e-01 |     3.924110e-01 |  -5.294025e-02 |  -5.294025e-02 |
|   6.000000e-03 |   1.594215e+00 |  -6.694468e-01 |     3.416005e-01 |  -5.312440e-02 |  -5.312440e-02 |
|   8.000000e-03 |   1.592999e+00 |  -6.080681e-01 |     3.117211e-01 |  -5.329160e-02 |  -5.329160e-02 |
|   1.000000e-02 |   1.591863e+00 |  -5.676445e-01 |     2.917469e-01 |  -5.344764e-02 |  -5.344764e-02 |
|   1.200000e-02 |   1.590787e+00 |  -5.382035e-01 |     2.771342e-01 |  -5.359559e-02 |  -5.359559e-02 |
|   1.400000e-02 |   1.589757e+00 |  -5.152062e-01 |     2.657241e-01 |  -5.373720e-02 |  -5.373720e-02 |
|   1.600000e-02 |   1.588764e+00 |  -4.963252e-01 |     2.563757e-01 |  -5.387363e-02 |  -5.387363e-02 |
|   1.800000e-02 |   1.587803e+00 |  -4.802581e-01 |     2.484369e-01 |  -5.400564e-02 |  -5.400564e-02 |
|   2.000000e-02 |   1.586871e+00 |  -4.662248e-01 |     2.415120e-01 |  -5.413381e-02 |  -5.413381e-02 |
|   2.200000e-02 |   1.585964e+00 |  -4.537313e-01 |     2.353490e-01 |  -5.425854e-02 |  -5.425854e-02 |
|   2.400000e-02 |   1.585079e+00 |  -4.424489e-01 |     2.297801e-01 |  -5.438018e-02 |  -5.438018e-02 |
+----------------+----------------+----------------+------------------+----------------+----------------+
+----------------+--------------------+--------------------+----------------+----------------+----------------+
| time           | solid_fraction_max | solid_fraction_min | stability_max  | stability_min  | top_reaction   |
+----------------+--------------------+--------------------+----------------+----------------+----------------+
|   0.000000e+00 |       6.000000e-01 |       6.000000e-01 |   2.800000e+01 |   2.800000e+01 |   0.000000e+00 |
|   2.000000e-03 |       6.085219e-01 |       6.029394e-01 |   2.811849e+01 |   2.801078e+01 |  -1.400000e+00 |
|   4.000000e-03 |       6.087280e-01 |       6.028626e-01 |   2.811832e+01 |   2.800832e+01 |  -1.400000e+00 |
|   6.000000e-03 |       6.088219e-01 |       6.028997e-01 |   2.811833e+01 |   2.800715e+01 |  -1.400000e+00 |
|   8.000000e-03 |       6.088700e-01 |       6.030077e-01 |   2.811840e+01 |   2.800649e+01 |  -1.400000e+00 |
|   1.000000e-02 |       6.088968e-01 |       6.031495e-01 |   2.811846e+01 |   2.800605e+01 |  -1.400000e+00 |
|   1.200000e-02 |       6.089126e-01 |       6.031639e-01 |   2.811849e+01 |   2.800574e+01 |  -1.400000e+00 |
|   1.400000e-02 |       6.089229e-01 |       6.031769e-01 |   2.811845e+01 |   2.800550e+01 |  -1.400000e+00 |
|   1.600000e-02 |       6.089301e-01 |       6.031939e-01 |   2.811833e+01 |   2.800530e+01 |  -1.400000e+00 |
|   1.800000e-02 |       6.089360e-01 |       6.032151e-01 |   2.811812e+01 |   2.800514e+01 |  -1.400000e+00 |
|   2.000000e-02 |       6.089414e-01 |       6.032406e-01 |   2.811782e+01 |   2.800500e+01 |  -1.400000e+00 |
|   2.200000e-02 |       6.089467e-01 |       6.032700e-01 |   2.811743e+01 |   2.800487e+01 |  -1.400000e+00 |
|   2.400000e-02 |       6.089522e-01 |       6.033032e-01 |   2.811695e+01 |   2.800476e+01 |  -1.400000e+00 |
+----------------+--------------------+--------------------+----------------+----------------+----------------+


Time Step 13, time = 0.026, dt = 0.002
 * Nonlinear |R| = [32m5.499210e-02[39m (Before preset BCs, predictors, correctors, and constraints)
 0 Nonlinear |R| = [32m5.499210e-02[39m
      0 Linear |R| = [32m5.499210e-02[39m
      1 Linear |R| = [32m3.515156e-03[39m
      2 Linear |R| = [33m3.429977e-03[39m
      3 Linear |R| = [33m3.289163e-03[39m
      4 Linear |R| = [32m1.381099e-03[39m
      5 Linear |R| = [32m5.593932e-04[39m
      6 Linear |R| = [32m1.309576e-04[39m
      7 Linear |R| = [32m1.013701e-04[39m
      8 Linear |R| = [32m5.725550e-05[39m
      9 Linear |R| = [32m2.846134e-05[39m
     10 Linear |R| = [32m1.876171e-05[39m
     11 Linear |R| = [32m6.356638e-06[39m
     12 Linear |R| = [32m2.515366e-06[39m
     13 Linear |R| = [33m2.501735e-06[39m
     14 Linear |R| = [32m3.946136e-07[39m
     15 Linear |R| = [32m1.614628e-07[39m
     16 Linear |R| = [32m4.157010e-08[39m
     17 Linear |R| = [32m3.494503e-08[39m
     18 Linear |R| = [32m5.388386e-09[39m
     19 Linear |R| = [32m5.914986e-10[39m
     20 Linear |R| = [32m4.406185e-11[39m
 1 Nonlinear |R| = [32m1.468283e-05[39m
      0 Linear |R| = [32m1.468283e-05[39m
      1 Linear |R| = [32m4.992941e-07[39m
      2 Linear |R| = [33m4.956386e-07[39m
      3 Linear |R| = [32m3.324308e-07[39m
      4 Linear |R| = [32m1.250093e-07[39m
      5 Linear |R| = [32m4.743918e-08[39m
      6 Linear |R| = [32m1.504264e-08[39m
      7 Linear |R| = [33m1.492860e-08[39m
      8 Linear |R| = [32m7.900581e-09[39m
      9 Linear |R| = [32m6.114819e-09[39m
     10 Linear |R| = [32m3.607732e-09[39m
     11 Linear |R| = [32m9.068055e-10[39m
     12 Linear |R| = [32m5.438468e-10[39m
     13 Linear |R| = [32m5.017926e-10[39m
     14 Linear |R| = [32m9.064609e-11[39m
     15 Linear |R| = [32m1.638666e-11[39m
     16 Linear |R| = [32m6.748076e-12[39m
     17 Linear |R| = [33m6.723967e-12[39m
     18 Linear |R| = [32m8.404787e-13[39m
     19 Linear |R| = [32m8.722099e-14[39m
     20 Linear |R| = [32m1.400341e-14[39m
 2 Nonlinear |R| = [32m2.451648e-11[39m
[32m Solve Converged![39m

Postprocessor Values:
+----------------+----------------+----------------+----------------+----------------+----------------+----------------+
| time           | J_max          | J_min          | Jbar_max       | Jbar_min       | center_pressure| edge_ux        |
+----------------+----------------+----------------+----------------+----------------+----------------+----------------+
|   0.000000e+00 |   1.000000e+00 |   1.000000e+00 |   1.000000e+00 |   1.000000e+00 |   0.000000e+00 |   0.000000e+00 |
|   2.000000e-03 |   9.850919e-01 |   9.748048e-01 |   9.899179e-01 |   9.885299e-01 |   2.013614e-01 |   1.103902e-02 |
|   4.000000e-03 |   9.854120e-01 |   9.743913e-01 |   9.901133e-01 |   9.884785e-01 |   2.012421e-01 |   1.065880e-02 |
|   6.000000e-03 |   9.854477e-01 |   9.741941e-01 |   9.902102e-01 |   9.884383e-01 |   1.998808e-01 |   1.040148e-02 |
|   8.000000e-03 |   9.853114e-01 |   9.740982e-01 |   9.902505e-01 |   9.884039e-01 |   1.976373e-01 |   1.020170e-02 |
|   1.000000e-02 |   9.850886e-01 |   9.740493e-01 |   9.902595e-01 |   9.883731e-01 |   1.949346e-01 |   1.003279e-02 |
|   1.200000e-02 |   9.848283e-01 |   9.740239e-01 |   9.902512e-01 |   9.883446e-01 |   1.920691e-01 |   9.882062e-03 |
|   1.400000e-02 |   9.845568e-01 |   9.740102e-01 |   9.902334e-01 |   9.883180e-01 |   1.892016e-01 |   9.742768e-03 |
|   1.600000e-02 |   9.842873e-01 |   9.740019e-01 |   9.902104e-01 |   9.882929e-01 |   1.864058e-01 |   9.611085e-03 |
|   1.800000e-02 |   9.840265e-01 |   9.739958e-01 |   9.901847e-01 |   9.882691e-01 |   1.837083e-01 |   9.484738e-03 |
|   2.000000e-02 |   9.837774e-01 |   9.739898e-01 |   9.901578e-01 |   9.882465e-01 |   1.811136e-01 |   9.362338e-03 |
|   2.200000e-02 |   9.836793e-01 |   9.739829e-01 |   9.901303e-01 |   9.882249e-01 |   1.786168e-01 |   9.243020e-03 |
|   2.400000e-02 |   9.836050e-01 |   9.739747e-01 |   9.901029e-01 |   9.882044e-01 |   1.762095e-01 |   9.126232e-03 |
|   2.600000e-02 |   9.835262e-01 |   9.739650e-01 |   9.900757e-01 |   9.881848e-01 |   1.738828e-01 |   9.011619e-03 |
+----------------+----------------+----------------+----------------+----------------+----------------+----------------+
+----------------+----------------+----------------+------------------+----------------+----------------+
| time           | mass           | mass_reaction  | outflow_gradient | platen_max     | platen_min     |
+----------------+----------------+----------------+------------------+----------------+----------------+
|   0.000000e+00 |   1.600000e+00 |   0.000000e+00 |     0.000000e+00 |   0.000000e+00 |   0.000000e+00 |
|   2.000000e-03 |   1.597109e+00 |  -1.445606e+00 |     4.959737e-01 |  -5.272625e-02 |  -5.272625e-02 |
|   4.000000e-03 |   1.595554e+00 |  -7.775295e-01 |     3.924110e-01 |  -5.294025e-02 |  -5.294025e-02 |
|   6.000000e-03 |   1.594215e+00 |  -6.694468e-01 |     3.416005e-01 |  -5.312440e-02 |  -5.312440e-02 |
|   8.000000e-03 |   1.592999e+00 |  -6.080681e-01 |     3.117211e-01 |  -5.329160e-02 |  -5.329160e-02 |
|   1.000000e-02 |   1.591863e+00 |  -5.676445e-01 |     2.917469e-01 |  -5.344764e-02 |  -5.344764e-02 |
|   1.200000e-02 |   1.590787e+00 |  -5.382035e-01 |     2.771342e-01 |  -5.359559e-02 |  -5.359559e-02 |
|   1.400000e-02 |   1.589757e+00 |  -5.152062e-01 |     2.657241e-01 |  -5.373720e-02 |  -5.373720e-02 |
|   1.600000e-02 |   1.588764e+00 |  -4.963252e-01 |     2.563757e-01 |  -5.387363e-02 |  -5.387363e-02 |
|   1.800000e-02 |   1.587803e+00 |  -4.802581e-01 |     2.484369e-01 |  -5.400564e-02 |  -5.400564e-02 |
|   2.000000e-02 |   1.586871e+00 |  -4.662248e-01 |     2.415120e-01 |  -5.413381e-02 |  -5.413381e-02 |
|   2.200000e-02 |   1.585964e+00 |  -4.537313e-01 |     2.353490e-01 |  -5.425854e-02 |  -5.425854e-02 |
|   2.400000e-02 |   1.585079e+00 |  -4.424489e-01 |     2.297801e-01 |  -5.438018e-02 |  -5.438018e-02 |
|   2.600000e-02 |   1.584214e+00 |  -4.321490e-01 |     2.246894e-01 |  -5.449899e-02 |  -5.449899e-02 |
+----------------+----------------+----------------+------------------+----------------+----------------+
+----------------+--------------------+--------------------+----------------+----------------+----------------+
| time           | solid_fraction_max | solid_fraction_min | stability_max  | stability_min  | top_reaction   |
+----------------+--------------------+--------------------+----------------+----------------+----------------+
|   0.000000e+00 |       6.000000e-01 |       6.000000e-01 |   2.800000e+01 |   2.800000e+01 |   0.000000e+00 |
|   2.000000e-03 |       6.085219e-01 |       6.029394e-01 |   2.811849e+01 |   2.801078e+01 |  -1.400000e+00 |
|   4.000000e-03 |       6.087280e-01 |       6.028626e-01 |   2.811832e+01 |   2.800832e+01 |  -1.400000e+00 |
|   6.000000e-03 |       6.088219e-01 |       6.028997e-01 |   2.811833e+01 |   2.800715e+01 |  -1.400000e+00 |
|   8.000000e-03 |       6.088700e-01 |       6.030077e-01 |   2.811840e+01 |   2.800649e+01 |  -1.400000e+00 |
|   1.000000e-02 |       6.088968e-01 |       6.031495e-01 |   2.811846e+01 |   2.800605e+01 |  -1.400000e+00 |
|   1.200000e-02 |       6.089126e-01 |       6.031639e-01 |   2.811849e+01 |   2.800574e+01 |  -1.400000e+00 |
|   1.400000e-02 |       6.089229e-01 |       6.031769e-01 |   2.811845e+01 |   2.800550e+01 |  -1.400000e+00 |
|   1.600000e-02 |       6.089301e-01 |       6.031939e-01 |   2.811833e+01 |   2.800530e+01 |  -1.400000e+00 |
|   1.800000e-02 |       6.089360e-01 |       6.032151e-01 |   2.811812e+01 |   2.800514e+01 |  -1.400000e+00 |
|   2.000000e-02 |       6.089414e-01 |       6.032406e-01 |   2.811782e+01 |   2.800500e+01 |  -1.400000e+00 |
|   2.200000e-02 |       6.089467e-01 |       6.032700e-01 |   2.811743e+01 |   2.800487e+01 |  -1.400000e+00 |
|   2.400000e-02 |       6.089522e-01 |       6.033032e-01 |   2.811695e+01 |   2.800476e+01 |  -1.400000e+00 |
|   2.600000e-02 |       6.089580e-01 |       6.033398e-01 |   2.811639e+01 |   2.800465e+01 |  -1.400000e+00 |
+----------------+--------------------+--------------------+----------------+----------------+----------------+


Time Step 14, time = 0.028, dt = 0.002
 * Nonlinear |R| = [32m5.308135e-02[39m (Before preset BCs, predictors, correctors, and constraints)
 0 Nonlinear |R| = [32m5.308135e-02[39m
      0 Linear |R| = [32m5.308135e-02[39m
      1 Linear |R| = [32m3.438152e-03[39m
      2 Linear |R| = [33m3.355208e-03[39m
      3 Linear |R| = [33m3.219683e-03[39m
      4 Linear |R| = [32m1.352410e-03[39m
      5 Linear |R| = [32m5.468303e-04[39m
      6 Linear |R| = [32m1.273596e-04[39m
      7 Linear |R| = [32m8.998564e-05[39m
      8 Linear |R| = [32m5.554973e-05[39m
      9 Linear |R| = [32m2.727448e-05[39m
     10 Linear |R| = [32m1.791709e-05[39m
     11 Linear |R| = [32m6.132871e-06[39m
     12 Linear |R| = [32m2.380113e-06[39m
     13 Linear |R| = [33m2.377597e-06[39m
     14 Linear |R| = [32m3.708384e-07[39m
     15 Linear |R| = [32m1.558456e-07[39m
     16 Linear |R| = [32m3.970183e-08[39m
     17 Linear |R| = [32m3.092507e-08[39m
     18 Linear |R| = [32m5.197299e-09[39m
     19 Linear |R| = [32m5.728925e-10[39m
     20 Linear |R| = [32m3.690060e-11[39m
 1 Nonlinear |R| = [32m1.335934e-05[39m
      0 Linear |R| = [32m1.335934e-05[39m
      1 Linear |R| = [32m4.648410e-07[39m
      2 Linear |R| = [33m4.617303e-07[39m
      3 Linear |R| = [32m3.107400e-07[39m
      4 Linear |R| = [32m1.117262e-07[39m
      5 Linear |R| = [32m4.428680e-08[39m
      6 Linear |R| = [32m1.410594e-08[39m
      7 Linear |R| = [33m1.384230e-08[39m
      8 Linear |R| = [32m6.973360e-09[39m
      9 Linear |R| = [32m5.361638e-09[39m
     10 Linear |R| = [32m3.229408e-09[39m
     11 Linear |R| = [32m8.331541e-10[39m
     12 Linear |R| = [32m4.970035e-10[39m
     13 Linear |R| = [32m4.617118e-10[39m
     14 Linear |R| = [32m8.270151e-11[39m
     15 Linear |R| = [32m1.597154e-11[39m
     16 Linear |R| = [32m6.498103e-12[39m
     17 Linear |R| = [33m6.471013e-12[39m
     18 Linear |R| = [32m7.995223e-13[39m
     19 Linear |R| = [32m8.601399e-14[39m
     20 Linear |R| = [32m1.357705e-14[39m
     21 Linear |R| = [32m4.481019e-15[39m
 2 Nonlinear |R| = [32m2.219597e-11[39m
[32m Solve Converged![39m

Postprocessor Values:
+----------------+----------------+----------------+----------------+----------------+----------------+----------------+
| time           | J_max          | J_min          | Jbar_max       | Jbar_min       | center_pressure| edge_ux        |
+----------------+----------------+----------------+----------------+----------------+----------------+----------------+
|   0.000000e+00 |   1.000000e+00 |   1.000000e+00 |   1.000000e+00 |   1.000000e+00 |   0.000000e+00 |   0.000000e+00 |
|   2.000000e-03 |   9.850919e-01 |   9.748048e-01 |   9.899179e-01 |   9.885299e-01 |   2.013614e-01 |   1.103902e-02 |
|   4.000000e-03 |   9.854120e-01 |   9.743913e-01 |   9.901133e-01 |   9.884785e-01 |   2.012421e-01 |   1.065880e-02 |
|   6.000000e-03 |   9.854477e-01 |   9.741941e-01 |   9.902102e-01 |   9.884383e-01 |   1.998808e-01 |   1.040148e-02 |
|   8.000000e-03 |   9.853114e-01 |   9.740982e-01 |   9.902505e-01 |   9.884039e-01 |   1.976373e-01 |   1.020170e-02 |
|   1.000000e-02 |   9.850886e-01 |   9.740493e-01 |   9.902595e-01 |   9.883731e-01 |   1.949346e-01 |   1.003279e-02 |
|   1.200000e-02 |   9.848283e-01 |   9.740239e-01 |   9.902512e-01 |   9.883446e-01 |   1.920691e-01 |   9.882062e-03 |
|   1.400000e-02 |   9.845568e-01 |   9.740102e-01 |   9.902334e-01 |   9.883180e-01 |   1.892016e-01 |   9.742768e-03 |
|   1.600000e-02 |   9.842873e-01 |   9.740019e-01 |   9.902104e-01 |   9.882929e-01 |   1.864058e-01 |   9.611085e-03 |
|   1.800000e-02 |   9.840265e-01 |   9.739958e-01 |   9.901847e-01 |   9.882691e-01 |   1.837083e-01 |   9.484738e-03 |
|   2.000000e-02 |   9.837774e-01 |   9.739898e-01 |   9.901578e-01 |   9.882465e-01 |   1.811136e-01 |   9.362338e-03 |
|   2.200000e-02 |   9.836793e-01 |   9.739829e-01 |   9.901303e-01 |   9.882249e-01 |   1.786168e-01 |   9.243020e-03 |
|   2.400000e-02 |   9.836050e-01 |   9.739747e-01 |   9.901029e-01 |   9.882044e-01 |   1.762095e-01 |   9.126232e-03 |
|   2.600000e-02 |   9.835262e-01 |   9.739650e-01 |   9.900757e-01 |   9.881848e-01 |   1.738828e-01 |   9.011619e-03 |
|   2.800000e-02 |   9.834432e-01 |   9.739536e-01 |   9.900490e-01 |   9.881661e-01 |   1.716284e-01 |   8.898942e-03 |
+----------------+----------------+----------------+----------------+----------------+----------------+----------------+
+----------------+----------------+----------------+------------------+----------------+----------------+
| time           | mass           | mass_reaction  | outflow_gradient | platen_max     | platen_min     |
+----------------+----------------+----------------+------------------+----------------+----------------+
|   0.000000e+00 |   1.600000e+00 |   0.000000e+00 |     0.000000e+00 |   0.000000e+00 |   0.000000e+00 |
|   2.000000e-03 |   1.597109e+00 |  -1.445606e+00 |     4.959737e-01 |  -5.272625e-02 |  -5.272625e-02 |
|   4.000000e-03 |   1.595554e+00 |  -7.775295e-01 |     3.924110e-01 |  -5.294025e-02 |  -5.294025e-02 |
|   6.000000e-03 |   1.594215e+00 |  -6.694468e-01 |     3.416005e-01 |  -5.312440e-02 |  -5.312440e-02 |
|   8.000000e-03 |   1.592999e+00 |  -6.080681e-01 |     3.117211e-01 |  -5.329160e-02 |  -5.329160e-02 |
|   1.000000e-02 |   1.591863e+00 |  -5.676445e-01 |     2.917469e-01 |  -5.344764e-02 |  -5.344764e-02 |
|   1.200000e-02 |   1.590787e+00 |  -5.382035e-01 |     2.771342e-01 |  -5.359559e-02 |  -5.359559e-02 |
|   1.400000e-02 |   1.589757e+00 |  -5.152062e-01 |     2.657241e-01 |  -5.373720e-02 |  -5.373720e-02 |
|   1.600000e-02 |   1.588764e+00 |  -4.963252e-01 |     2.563757e-01 |  -5.387363e-02 |  -5.387363e-02 |
|   1.800000e-02 |   1.587803e+00 |  -4.802581e-01 |     2.484369e-01 |  -5.400564e-02 |  -5.400564e-02 |
|   2.000000e-02 |   1.586871e+00 |  -4.662248e-01 |     2.415120e-01 |  -5.413381e-02 |  -5.413381e-02 |
|   2.200000e-02 |   1.585964e+00 |  -4.537313e-01 |     2.353490e-01 |  -5.425854e-02 |  -5.425854e-02 |
|   2.400000e-02 |   1.585079e+00 |  -4.424489e-01 |     2.297801e-01 |  -5.438018e-02 |  -5.438018e-02 |
|   2.600000e-02 |   1.584214e+00 |  -4.321490e-01 |     2.246894e-01 |  -5.449899e-02 |  -5.449899e-02 |
|   2.800000e-02 |   1.583369e+00 |  -4.226659e-01 |     2.199933e-01 |  -5.461520e-02 |  -5.461520e-02 |
+----------------+----------------+----------------+------------------+----------------+----------------+
+----------------+--------------------+--------------------+----------------+----------------+----------------+
| time           | solid_fraction_max | solid_fraction_min | stability_max  | stability_min  | top_reaction   |
+----------------+--------------------+--------------------+----------------+----------------+----------------+
|   0.000000e+00 |       6.000000e-01 |       6.000000e-01 |   2.800000e+01 |   2.800000e+01 |   0.000000e+00 |
|   2.000000e-03 |       6.085219e-01 |       6.029394e-01 |   2.811849e+01 |   2.801078e+01 |  -1.400000e+00 |
|   4.000000e-03 |       6.087280e-01 |       6.028626e-01 |   2.811832e+01 |   2.800832e+01 |  -1.400000e+00 |
|   6.000000e-03 |       6.088219e-01 |       6.028997e-01 |   2.811833e+01 |   2.800715e+01 |  -1.400000e+00 |
|   8.000000e-03 |       6.088700e-01 |       6.030077e-01 |   2.811840e+01 |   2.800649e+01 |  -1.400000e+00 |
|   1.000000e-02 |       6.088968e-01 |       6.031495e-01 |   2.811846e+01 |   2.800605e+01 |  -1.400000e+00 |
|   1.200000e-02 |       6.089126e-01 |       6.031639e-01 |   2.811849e+01 |   2.800574e+01 |  -1.400000e+00 |
|   1.400000e-02 |       6.089229e-01 |       6.031769e-01 |   2.811845e+01 |   2.800550e+01 |  -1.400000e+00 |
|   1.600000e-02 |       6.089301e-01 |       6.031939e-01 |   2.811833e+01 |   2.800530e+01 |  -1.400000e+00 |
|   1.800000e-02 |       6.089360e-01 |       6.032151e-01 |   2.811812e+01 |   2.800514e+01 |  -1.400000e+00 |
|   2.000000e-02 |       6.089414e-01 |       6.032406e-01 |   2.811782e+01 |   2.800500e+01 |  -1.400000e+00 |
|   2.200000e-02 |       6.089467e-01 |       6.032700e-01 |   2.811743e+01 |   2.800487e+01 |  -1.400000e+00 |
|   2.400000e-02 |       6.089522e-01 |       6.033032e-01 |   2.811695e+01 |   2.800476e+01 |  -1.400000e+00 |
|   2.600000e-02 |       6.089580e-01 |       6.033398e-01 |   2.811639e+01 |   2.800465e+01 |  -1.400000e+00 |
|   2.800000e-02 |       6.089642e-01 |       6.033796e-01 |   2.811576e+01 |   2.800456e+01 |  -1.400000e+00 |
+----------------+--------------------+--------------------+----------------+----------------+----------------+


Time Step 15, time = 0.03, dt = 0.002
 * Nonlinear |R| = [32m5.142816e-02[39m (Before preset BCs, predictors, correctors, and constraints)
 0 Nonlinear |R| = [32m5.142816e-02[39m
      0 Linear |R| = [32m5.142816e-02[39m
      1 Linear |R| = [32m3.366832e-03[39m
      2 Linear |R| = [33m3.285949e-03[39m
      3 Linear |R| = [33m3.155239e-03[39m
      4 Linear |R| = [32m1.325638e-03[39m
      5 Linear |R| = [32m5.351879e-04[39m
      6 Linear |R| = [32m1.249197e-04[39m
      7 Linear |R| = [32m9.446926e-05[39m
      8 Linear |R| = [32m5.421883e-05[39m
      9 Linear |R| = [32m2.620317e-05[39m
     10 Linear |R| = [32m1.715242e-05[39m
     11 Linear |R| = [32m5.928276e-06[39m
     12 Linear |R| = [32m2.272779e-06[39m
     13 Linear |R| = [33m2.272012e-06[39m
     14 Linear |R| = [32m3.493243e-07[39m
     15 Linear |R| = [32m1.504201e-07[39m
     16 Linear |R| = [32m3.797180e-08[39m
     17 Linear |R| = [32m2.794225e-08[39m
     18 Linear |R| = [32m5.017962e-09[39m
     19 Linear |R| = [32m5.555137e-10[39m
     20 Linear |R| = [32m3.490971e-11[39m
 1 Nonlinear |R| = [32m1.228749e-05[39m
      0 Linear |R| = [32m1.228749e-05[39m
      1 Linear |R| = [32m4.352812e-07[39m
      2 Linear |R| = [33m4.323162e-07[39m
      3 Linear |R| = [32m2.912213e-07[39m
      4 Linear |R| = [32m1.042792e-07[39m
      5 Linear |R| = [32m4.138367e-08[39m
      6 Linear |R| = [32m1.278709e-08[39m
      7 Linear |R| = [33m1.260534e-08[39m
      8 Linear |R| = [32m6.065284e-09[39m
      9 Linear |R| = [32m4.651423e-09[39m
     10 Linear |R| = [32m2.875306e-09[39m
     11 Linear |R| = [32m7.487483e-10[39m
     12 Linear |R| = [32m4.402356e-10[39m
     13 Linear |R| = [32m4.054129e-10[39m
     14 Linear |R| = [32m7.366287e-11[39m
     15 Linear |R| = [32m1.497568e-11[39m
     16 Linear |R| = [32m5.601746e-12[39m
     17 Linear |R| = [33m5.589551e-12[39m
     18 Linear |R| = [32m7.140749e-13[39m
     19 Linear |R| = [32m7.332725e-14[39m
     20 Linear |R| = [32m1.187445e-14[39m
 2 Nonlinear |R| = [32m1.911117e-11[39m
[32m Solve Converged![39m

Postprocessor Values:
+----------------+----------------+----------------+----------------+----------------+----------------+----------------+
| time           | J_max          | J_min          | Jbar_max       | Jbar_min       | center_pressure| edge_ux        |
+----------------+----------------+----------------+----------------+----------------+----------------+----------------+
:                :                :                :                :                :                :                :
|   2.000000e-03 |   9.850919e-01 |   9.748048e-01 |   9.899179e-01 |   9.885299e-01 |   2.013614e-01 |   1.103902e-02 |
|   4.000000e-03 |   9.854120e-01 |   9.743913e-01 |   9.901133e-01 |   9.884785e-01 |   2.012421e-01 |   1.065880e-02 |
|   6.000000e-03 |   9.854477e-01 |   9.741941e-01 |   9.902102e-01 |   9.884383e-01 |   1.998808e-01 |   1.040148e-02 |
|   8.000000e-03 |   9.853114e-01 |   9.740982e-01 |   9.902505e-01 |   9.884039e-01 |   1.976373e-01 |   1.020170e-02 |
|   1.000000e-02 |   9.850886e-01 |   9.740493e-01 |   9.902595e-01 |   9.883731e-01 |   1.949346e-01 |   1.003279e-02 |
|   1.200000e-02 |   9.848283e-01 |   9.740239e-01 |   9.902512e-01 |   9.883446e-01 |   1.920691e-01 |   9.882062e-03 |
|   1.400000e-02 |   9.845568e-01 |   9.740102e-01 |   9.902334e-01 |   9.883180e-01 |   1.892016e-01 |   9.742768e-03 |
|   1.600000e-02 |   9.842873e-01 |   9.740019e-01 |   9.902104e-01 |   9.882929e-01 |   1.864058e-01 |   9.611085e-03 |
|   1.800000e-02 |   9.840265e-01 |   9.739958e-01 |   9.901847e-01 |   9.882691e-01 |   1.837083e-01 |   9.484738e-03 |
|   2.000000e-02 |   9.837774e-01 |   9.739898e-01 |   9.901578e-01 |   9.882465e-01 |   1.811136e-01 |   9.362338e-03 |
|   2.200000e-02 |   9.836793e-01 |   9.739829e-01 |   9.901303e-01 |   9.882249e-01 |   1.786168e-01 |   9.243020e-03 |
|   2.400000e-02 |   9.836050e-01 |   9.739747e-01 |   9.901029e-01 |   9.882044e-01 |   1.762095e-01 |   9.126232e-03 |
|   2.600000e-02 |   9.835262e-01 |   9.739650e-01 |   9.900757e-01 |   9.881848e-01 |   1.738828e-01 |   9.011619e-03 |
|   2.800000e-02 |   9.834432e-01 |   9.739536e-01 |   9.900490e-01 |   9.881661e-01 |   1.716284e-01 |   8.898942e-03 |
|   3.000000e-02 |   9.833566e-01 |   9.739407e-01 |   9.900227e-01 |   9.881481e-01 |   1.694391e-01 |   8.788038e-03 |
+----------------+----------------+----------------+----------------+----------------+----------------+----------------+
+----------------+----------------+----------------+------------------+----------------+----------------+
| time           | mass           | mass_reaction  | outflow_gradient | platen_max     | platen_min     |
+----------------+----------------+----------------+------------------+----------------+----------------+
:                :                :                :                  :                :                :
|   2.000000e-03 |   1.597109e+00 |  -1.445606e+00 |     4.959737e-01 |  -5.272625e-02 |  -5.272625e-02 |
|   4.000000e-03 |   1.595554e+00 |  -7.775295e-01 |     3.924110e-01 |  -5.294025e-02 |  -5.294025e-02 |
|   6.000000e-03 |   1.594215e+00 |  -6.694468e-01 |     3.416005e-01 |  -5.312440e-02 |  -5.312440e-02 |
|   8.000000e-03 |   1.592999e+00 |  -6.080681e-01 |     3.117211e-01 |  -5.329160e-02 |  -5.329160e-02 |
|   1.000000e-02 |   1.591863e+00 |  -5.676445e-01 |     2.917469e-01 |  -5.344764e-02 |  -5.344764e-02 |
|   1.200000e-02 |   1.590787e+00 |  -5.382035e-01 |     2.771342e-01 |  -5.359559e-02 |  -5.359559e-02 |
|   1.400000e-02 |   1.589757e+00 |  -5.152062e-01 |     2.657241e-01 |  -5.373720e-02 |  -5.373720e-02 |
|   1.600000e-02 |   1.588764e+00 |  -4.963252e-01 |     2.563757e-01 |  -5.387363e-02 |  -5.387363e-02 |
|   1.800000e-02 |   1.587803e+00 |  -4.802581e-01 |     2.484369e-01 |  -5.400564e-02 |  -5.400564e-02 |
|   2.000000e-02 |   1.586871e+00 |  -4.662248e-01 |     2.415120e-01 |  -5.413381e-02 |  -5.413381e-02 |
|   2.200000e-02 |   1.585964e+00 |  -4.537313e-01 |     2.353490e-01 |  -5.425854e-02 |  -5.425854e-02 |
|   2.400000e-02 |   1.585079e+00 |  -4.424489e-01 |     2.297801e-01 |  -5.438018e-02 |  -5.438018e-02 |
|   2.600000e-02 |   1.584214e+00 |  -4.321490e-01 |     2.246894e-01 |  -5.449899e-02 |  -5.449899e-02 |
|   2.800000e-02 |   1.583369e+00 |  -4.226659e-01 |     2.199933e-01 |  -5.461520e-02 |  -5.461520e-02 |
|   3.000000e-02 |   1.582541e+00 |  -4.138749e-01 |     2.156300e-01 |  -5.472900e-02 |  -5.472900e-02 |
+----------------+----------------+----------------+------------------+----------------+----------------+
+----------------+--------------------+--------------------+----------------+----------------+----------------+
| time           | solid_fraction_max | solid_fraction_min | stability_max  | stability_min  | top_reaction   |
+----------------+--------------------+--------------------+----------------+----------------+----------------+
:                :                    :                    :                :                :                :
|   2.000000e-03 |       6.085219e-01 |       6.029394e-01 |   2.811849e+01 |   2.801078e+01 |  -1.400000e+00 |
|   4.000000e-03 |       6.087280e-01 |       6.028626e-01 |   2.811832e+01 |   2.800832e+01 |  -1.400000e+00 |
|   6.000000e-03 |       6.088219e-01 |       6.028997e-01 |   2.811833e+01 |   2.800715e+01 |  -1.400000e+00 |
|   8.000000e-03 |       6.088700e-01 |       6.030077e-01 |   2.811840e+01 |   2.800649e+01 |  -1.400000e+00 |
|   1.000000e-02 |       6.088968e-01 |       6.031495e-01 |   2.811846e+01 |   2.800605e+01 |  -1.400000e+00 |
|   1.200000e-02 |       6.089126e-01 |       6.031639e-01 |   2.811849e+01 |   2.800574e+01 |  -1.400000e+00 |
|   1.400000e-02 |       6.089229e-01 |       6.031769e-01 |   2.811845e+01 |   2.800550e+01 |  -1.400000e+00 |
|   1.600000e-02 |       6.089301e-01 |       6.031939e-01 |   2.811833e+01 |   2.800530e+01 |  -1.400000e+00 |
|   1.800000e-02 |       6.089360e-01 |       6.032151e-01 |   2.811812e+01 |   2.800514e+01 |  -1.400000e+00 |
|   2.000000e-02 |       6.089414e-01 |       6.032406e-01 |   2.811782e+01 |   2.800500e+01 |  -1.400000e+00 |
|   2.200000e-02 |       6.089467e-01 |       6.032700e-01 |   2.811743e+01 |   2.800487e+01 |  -1.400000e+00 |
|   2.400000e-02 |       6.089522e-01 |       6.033032e-01 |   2.811695e+01 |   2.800476e+01 |  -1.400000e+00 |
|   2.600000e-02 |       6.089580e-01 |       6.033398e-01 |   2.811639e+01 |   2.800465e+01 |  -1.400000e+00 |
|   2.800000e-02 |       6.089642e-01 |       6.033796e-01 |   2.811576e+01 |   2.800456e+01 |  -1.400000e+00 |
|   3.000000e-02 |       6.089709e-01 |       6.034221e-01 |   2.811507e+01 |   2.800447e+01 |  -1.400000e+00 |
+----------------+--------------------+--------------------+----------------+----------------+----------------+


Time Step 16, time = 0.032, dt = 0.002
 * Nonlinear |R| = [32m4.998623e-02[39m (Before preset BCs, predictors, correctors, and constraints)
 0 Nonlinear |R| = [32m4.998623e-02[39m
      0 Linear |R| = [32m4.998623e-02[39m
      1 Linear |R| = [32m3.300428e-03[39m
      2 Linear |R| = [33m3.221478e-03[39m
      3 Linear |R| = [33m3.095050e-03[39m
      4 Linear |R| = [32m1.300273e-03[39m
      5 Linear |R| = [32m5.240464e-04[39m
      6 Linear |R| = [32m1.218799e-04[39m
      7 Linear |R| = [32m8.973020e-05[39m
      8 Linear |R| = [32m5.284580e-05[39m
      9 Linear |R| = [32m2.523356e-05[39m
     10 Linear |R| = [32m1.645947e-05[39m
     11 Linear |R| = [32m5.740907e-06[39m
     12 Linear |R| = [32m2.237188e-06[39m
     13 Linear |R| = [33m2.205055e-06[39m
     14 Linear |R| = [32m3.298363e-07[39m
     15 Linear |R| = [32m1.452050e-07[39m
     16 Linear |R| = [32m3.645740e-08[39m
     17 Linear |R| = [32m3.295127e-08[39m
     18 Linear |R| = [32m4.849861e-09[39m
     19 Linear |R| = [32m5.392952e-10[39m
     20 Linear |R| = [32m4.666665e-11[39m
 1 Nonlinear |R| = [32m1.140957e-05[39m
      0 Linear |R| = [32m1.140957e-05[39m
      1 Linear |R| = [32m4.128319e-07[39m
      2 Linear |R| = [33m4.101105e-07[39m
      3 Linear |R| = [32m2.731231e-07[39m
      4 Linear |R| = [32m1.000538e-07[39m
      5 Linear |R| = [32m3.862112e-08[39m
      6 Linear |R| = [32m1.160929e-08[39m
      7 Linear |R| = [33m1.155260e-08[39m
      8 Linear |R| = [32m5.575275e-09[39m
      9 Linear |R| = [32m4.077981e-09[39m
     10 Linear |R| = [32m2.554939e-09[39m
     11 Linear |R| = [32m6.823405e-10[39m
     12 Linear |R| = [32m3.998355e-10[39m
     13 Linear |R| = [32m3.659914e-10[39m
     14 Linear |R| = [32m6.643481e-11[39m
     15 Linear |R| = [32m1.464311e-11[39m
     16 Linear |R| = [32m5.074563e-12[39m
     17 Linear |R| = [33m5.048569e-12[39m
     18 Linear |R| = [32m6.554410e-13[39m
     19 Linear |R| = [32m6.708597e-14[39m
     20 Linear |R| = [32m9.873595e-15[39m
 2 Nonlinear |R| = [32m1.761318e-11[39m
[32m Solve Converged![39m

Postprocessor Values:
+----------------+----------------+----------------+----------------+----------------+----------------+----------------+
| time           | J_max          | J_min          | Jbar_max       | Jbar_min       | center_pressure| edge_ux        |
+----------------+----------------+----------------+----------------+----------------+----------------+----------------+
:                :                :                :                :                :                :                :
|   4.000000e-03 |   9.854120e-01 |   9.743913e-01 |   9.901133e-01 |   9.884785e-01 |   2.012421e-01 |   1.065880e-02 |
|   6.000000e-03 |   9.854477e-01 |   9.741941e-01 |   9.902102e-01 |   9.884383e-01 |   1.998808e-01 |   1.040148e-02 |
|   8.000000e-03 |   9.853114e-01 |   9.740982e-01 |   9.902505e-01 |   9.884039e-01 |   1.976373e-01 |   1.020170e-02 |
|   1.000000e-02 |   9.850886e-01 |   9.740493e-01 |   9.902595e-01 |   9.883731e-01 |   1.949346e-01 |   1.003279e-02 |
|   1.200000e-02 |   9.848283e-01 |   9.740239e-01 |   9.902512e-01 |   9.883446e-01 |   1.920691e-01 |   9.882062e-03 |
|   1.400000e-02 |   9.845568e-01 |   9.740102e-01 |   9.902334e-01 |   9.883180e-01 |   1.892016e-01 |   9.742768e-03 |
|   1.600000e-02 |   9.842873e-01 |   9.740019e-01 |   9.902104e-01 |   9.882929e-01 |   1.864058e-01 |   9.611085e-03 |
|   1.800000e-02 |   9.840265e-01 |   9.739958e-01 |   9.901847e-01 |   9.882691e-01 |   1.837083e-01 |   9.484738e-03 |
|   2.000000e-02 |   9.837774e-01 |   9.739898e-01 |   9.901578e-01 |   9.882465e-01 |   1.811136e-01 |   9.362338e-03 |
|   2.200000e-02 |   9.836793e-01 |   9.739829e-01 |   9.901303e-01 |   9.882249e-01 |   1.786168e-01 |   9.243020e-03 |
|   2.400000e-02 |   9.836050e-01 |   9.739747e-01 |   9.901029e-01 |   9.882044e-01 |   1.762095e-01 |   9.126232e-03 |
|   2.600000e-02 |   9.835262e-01 |   9.739650e-01 |   9.900757e-01 |   9.881848e-01 |   1.738828e-01 |   9.011619e-03 |
|   2.800000e-02 |   9.834432e-01 |   9.739536e-01 |   9.900490e-01 |   9.881661e-01 |   1.716284e-01 |   8.898942e-03 |
|   3.000000e-02 |   9.833566e-01 |   9.739407e-01 |   9.900227e-01 |   9.881481e-01 |   1.694391e-01 |   8.788038e-03 |
|   3.200000e-02 |   9.832669e-01 |   9.739263e-01 |   9.899970e-01 |   9.881310e-01 |   1.673086e-01 |   8.678790e-03 |
+----------------+----------------+----------------+----------------+----------------+----------------+----------------+
+----------------+----------------+----------------+------------------+----------------+----------------+
| time           | mass           | mass_reaction  | outflow_gradient | platen_max     | platen_min     |
+----------------+----------------+----------------+------------------+----------------+----------------+
:                :                :                :                  :                :                :
|   4.000000e-03 |   1.595554e+00 |  -7.775295e-01 |     3.924110e-01 |  -5.294025e-02 |  -5.294025e-02 |
|   6.000000e-03 |   1.594215e+00 |  -6.694468e-01 |     3.416005e-01 |  -5.312440e-02 |  -5.312440e-02 |
|   8.000000e-03 |   1.592999e+00 |  -6.080681e-01 |     3.117211e-01 |  -5.329160e-02 |  -5.329160e-02 |
|   1.000000e-02 |   1.591863e+00 |  -5.676445e-01 |     2.917469e-01 |  -5.344764e-02 |  -5.344764e-02 |
|   1.200000e-02 |   1.590787e+00 |  -5.382035e-01 |     2.771342e-01 |  -5.359559e-02 |  -5.359559e-02 |
|   1.400000e-02 |   1.589757e+00 |  -5.152062e-01 |     2.657241e-01 |  -5.373720e-02 |  -5.373720e-02 |
|   1.600000e-02 |   1.588764e+00 |  -4.963252e-01 |     2.563757e-01 |  -5.387363e-02 |  -5.387363e-02 |
|   1.800000e-02 |   1.587803e+00 |  -4.802581e-01 |     2.484369e-01 |  -5.400564e-02 |  -5.400564e-02 |
|   2.000000e-02 |   1.586871e+00 |  -4.662248e-01 |     2.415120e-01 |  -5.413381e-02 |  -5.413381e-02 |
|   2.200000e-02 |   1.585964e+00 |  -4.537313e-01 |     2.353490e-01 |  -5.425854e-02 |  -5.425854e-02 |
|   2.400000e-02 |   1.585079e+00 |  -4.424489e-01 |     2.297801e-01 |  -5.438018e-02 |  -5.438018e-02 |
|   2.600000e-02 |   1.584214e+00 |  -4.321490e-01 |     2.246894e-01 |  -5.449899e-02 |  -5.449899e-02 |
|   2.800000e-02 |   1.583369e+00 |  -4.226659e-01 |     2.199933e-01 |  -5.461520e-02 |  -5.461520e-02 |
|   3.000000e-02 |   1.582541e+00 |  -4.138749e-01 |     2.156300e-01 |  -5.472900e-02 |  -5.472900e-02 |
|   3.200000e-02 |   1.581730e+00 |  -4.056794e-01 |     2.115515e-01 |  -5.484056e-02 |  -5.484056e-02 |
+----------------+----------------+----------------+------------------+----------------+----------------+
+----------------+--------------------+--------------------+----------------+----------------+----------------+
| time           | solid_fraction_max | solid_fraction_min | stability_max  | stability_min  | top_reaction   |
+----------------+--------------------+--------------------+----------------+----------------+----------------+
:                :                    :                    :                :                :                :
|   4.000000e-03 |       6.087280e-01 |       6.028626e-01 |   2.811832e+01 |   2.800832e+01 |  -1.400000e+00 |
|   6.000000e-03 |       6.088219e-01 |       6.028997e-01 |   2.811833e+01 |   2.800715e+01 |  -1.400000e+00 |
|   8.000000e-03 |       6.088700e-01 |       6.030077e-01 |   2.811840e+01 |   2.800649e+01 |  -1.400000e+00 |
|   1.000000e-02 |       6.088968e-01 |       6.031495e-01 |   2.811846e+01 |   2.800605e+01 |  -1.400000e+00 |
|   1.200000e-02 |       6.089126e-01 |       6.031639e-01 |   2.811849e+01 |   2.800574e+01 |  -1.400000e+00 |
|   1.400000e-02 |       6.089229e-01 |       6.031769e-01 |   2.811845e+01 |   2.800550e+01 |  -1.400000e+00 |
|   1.600000e-02 |       6.089301e-01 |       6.031939e-01 |   2.811833e+01 |   2.800530e+01 |  -1.400000e+00 |
|   1.800000e-02 |       6.089360e-01 |       6.032151e-01 |   2.811812e+01 |   2.800514e+01 |  -1.400000e+00 |
|   2.000000e-02 |       6.089414e-01 |       6.032406e-01 |   2.811782e+01 |   2.800500e+01 |  -1.400000e+00 |
|   2.200000e-02 |       6.089467e-01 |       6.032700e-01 |   2.811743e+01 |   2.800487e+01 |  -1.400000e+00 |
|   2.400000e-02 |       6.089522e-01 |       6.033032e-01 |   2.811695e+01 |   2.800476e+01 |  -1.400000e+00 |
|   2.600000e-02 |       6.089580e-01 |       6.033398e-01 |   2.811639e+01 |   2.800465e+01 |  -1.400000e+00 |
|   2.800000e-02 |       6.089642e-01 |       6.033796e-01 |   2.811576e+01 |   2.800456e+01 |  -1.400000e+00 |
|   3.000000e-02 |       6.089709e-01 |       6.034221e-01 |   2.811507e+01 |   2.800447e+01 |  -1.400000e+00 |
|   3.200000e-02 |       6.089779e-01 |       6.034671e-01 |   2.811431e+01 |   2.800438e+01 |  -1.400000e+00 |
+----------------+--------------------+--------------------+----------------+----------------+----------------+


Time Step 17, time = 0.034, dt = 0.002
 * Nonlinear |R| = [32m4.871809e-02[39m (Before preset BCs, predictors, correctors, and constraints)
 0 Nonlinear |R| = [32m4.871809e-02[39m
      0 Linear |R| = [32m4.871809e-02[39m
      1 Linear |R| = [32m3.238236e-03[39m
      2 Linear |R| = [33m3.161040e-03[39m
      3 Linear |R| = [33m3.038658e-03[39m
      4 Linear |R| = [32m1.276786e-03[39m
      5 Linear |R| = [32m5.140387e-04[39m
      6 Linear |R| = [32m1.193141e-04[39m
      7 Linear |R| = [32m8.361656e-05[39m
      8 Linear |R| = [32m5.156525e-05[39m
      9 Linear |R| = [32m2.435497e-05[39m
     10 Linear |R| = [32m1.583086e-05[39m
     11 Linear |R| = [32m5.567981e-06[39m
     12 Linear |R| = [32m2.101523e-06[39m
     13 Linear |R| = [33m2.100001e-06[39m
     14 Linear |R| = [32m3.121727e-07[39m
     15 Linear |R| = [32m1.402075e-07[39m
     16 Linear |R| = [32m3.488674e-08[39m
     17 Linear |R| = [32m2.694861e-08[39m
     18 Linear |R| = [32m4.691987e-09[39m
     19 Linear |R| = [32m5.241604e-10[39m
     20 Linear |R| = [32m3.341833e-11[39m
 1 Nonlinear |R| = [32m1.068397e-05[39m
      0 Linear |R| = [32m1.068397e-05[39m
      1 Linear |R| = [32m3.895495e-07[39m
      2 Linear |R| = [33m3.871643e-07[39m
      3 Linear |R| = [32m2.611087e-07[39m
      4 Linear |R| = [32m8.783663e-08[39m
      5 Linear |R| = [32m3.704676e-08[39m
      6 Linear |R| = [32m1.125401e-08[39m
      7 Linear |R| = [33m1.105536e-08[39m
      8 Linear |R| = [32m4.960921e-09[39m
      9 Linear |R| = [32m3.606385e-09[39m
     10 Linear |R| = [32m2.306811e-09[39m
     11 Linear |R| = [32m6.301983e-10[39m
     12 Linear |R| = [32m3.790251e-10[39m
     13 Linear |R| = [32m3.319980e-10[39m
     14 Linear |R| = [32m5.955077e-11[39m
     15 Linear |R| = [32m1.344687e-11[39m
     16 Linear |R| = [32m4.858727e-12[39m
     17 Linear |R| = [33m4.855676e-12[39m
     18 Linear |R| = [32m6.074210e-13[39m
     19 Linear |R| = [32m6.469645e-14[39m
     20 Linear |R| = [32m1.140752e-14[39m
     21 Linear |R| = [32m3.218009e-15[39m
 2 Nonlinear |R| = [32m2.079101e-11[39m
[32m Solve Converged![39m

Postprocessor Values:
+----------------+----------------+----------------+----------------+----------------+----------------+----------------+
| time           | J_max          | J_min          | Jbar_max       | Jbar_min       | center_pressure| edge_ux        |
+----------------+----------------+----------------+----------------+----------------+----------------+----------------+
:                :                :                :                :                :                :                :
|   6.000000e-03 |   9.854477e-01 |   9.741941e-01 |   9.902102e-01 |   9.884383e-01 |   1.998808e-01 |   1.040148e-02 |
|   8.000000e-03 |   9.853114e-01 |   9.740982e-01 |   9.902505e-01 |   9.884039e-01 |   1.976373e-01 |   1.020170e-02 |
|   1.000000e-02 |   9.850886e-01 |   9.740493e-01 |   9.902595e-01 |   9.883731e-01 |   1.949346e-01 |   1.003279e-02 |
|   1.200000e-02 |   9.848283e-01 |   9.740239e-01 |   9.902512e-01 |   9.883446e-01 |   1.920691e-01 |   9.882062e-03 |
|   1.400000e-02 |   9.845568e-01 |   9.740102e-01 |   9.902334e-01 |   9.883180e-01 |   1.892016e-01 |   9.742768e-03 |
|   1.600000e-02 |   9.842873e-01 |   9.740019e-01 |   9.902104e-01 |   9.882929e-01 |   1.864058e-01 |   9.611085e-03 |
|   1.800000e-02 |   9.840265e-01 |   9.739958e-01 |   9.901847e-01 |   9.882691e-01 |   1.837083e-01 |   9.484738e-03 |
|   2.000000e-02 |   9.837774e-01 |   9.739898e-01 |   9.901578e-01 |   9.882465e-01 |   1.811136e-01 |   9.362338e-03 |
|   2.200000e-02 |   9.836793e-01 |   9.739829e-01 |   9.901303e-01 |   9.882249e-01 |   1.786168e-01 |   9.243020e-03 |
|   2.400000e-02 |   9.836050e-01 |   9.739747e-01 |   9.901029e-01 |   9.882044e-01 |   1.762095e-01 |   9.126232e-03 |
|   2.600000e-02 |   9.835262e-01 |   9.739650e-01 |   9.900757e-01 |   9.881848e-01 |   1.738828e-01 |   9.011619e-03 |
|   2.800000e-02 |   9.834432e-01 |   9.739536e-01 |   9.900490e-01 |   9.881661e-01 |   1.716284e-01 |   8.898942e-03 |
|   3.000000e-02 |   9.833566e-01 |   9.739407e-01 |   9.900227e-01 |   9.881481e-01 |   1.694391e-01 |   8.788038e-03 |
|   3.200000e-02 |   9.832669e-01 |   9.739263e-01 |   9.899970e-01 |   9.881310e-01 |   1.673086e-01 |   8.678790e-03 |
|   3.400000e-02 |   9.831746e-01 |   9.739106e-01 |   9.899718e-01 |   9.881145e-01 |   1.652316e-01 |   8.571113e-03 |
+----------------+----------------+----------------+----------------+----------------+----------------+----------------+
+----------------+----------------+----------------+------------------+----------------+----------------+
| time           | mass           | mass_reaction  | outflow_gradient | platen_max     | platen_min     |
+----------------+----------------+----------------+------------------+----------------+----------------+
:                :                :                :                  :                :                :
|   6.000000e-03 |   1.594215e+00 |  -6.694468e-01 |     3.416005e-01 |  -5.312440e-02 |  -5.312440e-02 |
|   8.000000e-03 |   1.592999e+00 |  -6.080681e-01 |     3.117211e-01 |  -5.329160e-02 |  -5.329160e-02 |
|   1.000000e-02 |   1.591863e+00 |  -5.676445e-01 |     2.917469e-01 |  -5.344764e-02 |  -5.344764e-02 |
|   1.200000e-02 |   1.590787e+00 |  -5.382035e-01 |     2.771342e-01 |  -5.359559e-02 |  -5.359559e-02 |
|   1.400000e-02 |   1.589757e+00 |  -5.152062e-01 |     2.657241e-01 |  -5.373720e-02 |  -5.373720e-02 |
|   1.600000e-02 |   1.588764e+00 |  -4.963252e-01 |     2.563757e-01 |  -5.387363e-02 |  -5.387363e-02 |
|   1.800000e-02 |   1.587803e+00 |  -4.802581e-01 |     2.484369e-01 |  -5.400564e-02 |  -5.400564e-02 |
|   2.000000e-02 |   1.586871e+00 |  -4.662248e-01 |     2.415120e-01 |  -5.413381e-02 |  -5.413381e-02 |
|   2.200000e-02 |   1.585964e+00 |  -4.537313e-01 |     2.353490e-01 |  -5.425854e-02 |  -5.425854e-02 |
|   2.400000e-02 |   1.585079e+00 |  -4.424489e-01 |     2.297801e-01 |  -5.438018e-02 |  -5.438018e-02 |
|   2.600000e-02 |   1.584214e+00 |  -4.321490e-01 |     2.246894e-01 |  -5.449899e-02 |  -5.449899e-02 |
|   2.800000e-02 |   1.583369e+00 |  -4.226659e-01 |     2.199933e-01 |  -5.461520e-02 |  -5.461520e-02 |
|   3.000000e-02 |   1.582541e+00 |  -4.138749e-01 |     2.156300e-01 |  -5.472900e-02 |  -5.472900e-02 |
|   3.200000e-02 |   1.581730e+00 |  -4.056794e-01 |     2.115515e-01 |  -5.484056e-02 |  -5.484056e-02 |
|   3.400000e-02 |   1.580934e+00 |  -3.980020e-01 |     2.077204e-01 |  -5.495001e-02 |  -5.495001e-02 |
+----------------+----------------+----------------+------------------+----------------+----------------+
+----------------+--------------------+--------------------+----------------+----------------+----------------+
| time           | solid_fraction_max | solid_fraction_min | stability_max  | stability_min  | top_reaction   |
+----------------+--------------------+--------------------+----------------+----------------+----------------+
:                :                    :                    :                :                :                :
|   6.000000e-03 |       6.088219e-01 |       6.028997e-01 |   2.811833e+01 |   2.800715e+01 |  -1.400000e+00 |
|   8.000000e-03 |       6.088700e-01 |       6.030077e-01 |   2.811840e+01 |   2.800649e+01 |  -1.400000e+00 |
|   1.000000e-02 |       6.088968e-01 |       6.031495e-01 |   2.811846e+01 |   2.800605e+01 |  -1.400000e+00 |
|   1.200000e-02 |       6.089126e-01 |       6.031639e-01 |   2.811849e+01 |   2.800574e+01 |  -1.400000e+00 |
|   1.400000e-02 |       6.089229e-01 |       6.031769e-01 |   2.811845e+01 |   2.800550e+01 |  -1.400000e+00 |
|   1.600000e-02 |       6.089301e-01 |       6.031939e-01 |   2.811833e+01 |   2.800530e+01 |  -1.400000e+00 |
|   1.800000e-02 |       6.089360e-01 |       6.032151e-01 |   2.811812e+01 |   2.800514e+01 |  -1.400000e+00 |
|   2.000000e-02 |       6.089414e-01 |       6.032406e-01 |   2.811782e+01 |   2.800500e+01 |  -1.400000e+00 |
|   2.200000e-02 |       6.089467e-01 |       6.032700e-01 |   2.811743e+01 |   2.800487e+01 |  -1.400000e+00 |
|   2.400000e-02 |       6.089522e-01 |       6.033032e-01 |   2.811695e+01 |   2.800476e+01 |  -1.400000e+00 |
|   2.600000e-02 |       6.089580e-01 |       6.033398e-01 |   2.811639e+01 |   2.800465e+01 |  -1.400000e+00 |
|   2.800000e-02 |       6.089642e-01 |       6.033796e-01 |   2.811576e+01 |   2.800456e+01 |  -1.400000e+00 |
|   3.000000e-02 |       6.089709e-01 |       6.034221e-01 |   2.811507e+01 |   2.800447e+01 |  -1.400000e+00 |
|   3.200000e-02 |       6.089779e-01 |       6.034671e-01 |   2.811431e+01 |   2.800438e+01 |  -1.400000e+00 |
|   3.400000e-02 |       6.089852e-01 |       6.035141e-01 |   2.811351e+01 |   2.800430e+01 |  -1.400000e+00 |
+----------------+--------------------+--------------------+----------------+----------------+----------------+


Time Step 18, time = 0.036, dt = 0.002
 * Nonlinear |R| = [32m4.759314e-02[39m (Before preset BCs, predictors, correctors, and constraints)
 0 Nonlinear |R| = [32m4.759314e-02[39m
      0 Linear |R| = [32m4.759314e-02[39m
      1 Linear |R| = [32m3.179801e-03[39m
      2 Linear |R| = [33m3.104256e-03[39m
      3 Linear |R| = [33m2.985493e-03[39m
      4 Linear |R| = [32m1.254382e-03[39m
      5 Linear |R| = [32m5.044761e-04[39m
      6 Linear |R| = [32m1.170879e-04[39m
      7 Linear |R| = [32m8.332559e-05[39m
      8 Linear |R| = [32m5.045512e-05[39m
      9 Linear |R| = [32m2.355754e-05[39m
     10 Linear |R| = [32m1.525999e-05[39m
     11 Linear |R| = [32m5.408491e-06[39m
     12 Linear |R| = [32m2.022432e-06[39m
     13 Linear |R| = [33m2.021769e-06[39m
     14 Linear |R| = [32m2.961555e-07[39m
     15 Linear |R| = [32m1.354365e-07[39m
     16 Linear |R| = [32m3.348572e-08[39m
     17 Linear |R| = [32m2.424041e-08[39m
     18 Linear |R| = [32m4.543907e-09[39m
     19 Linear |R| = [32m5.100515e-10[39m
     20 Linear |R| = [32m3.194578e-11[39m
 1 Nonlinear |R| = [32m1.007747e-05[39m
      0 Linear |R| = [32m1.007747e-05[39m
      1 Linear |R| = [32m3.712979e-07[39m
      2 Linear |R| = [33m3.691415e-07[39m
      3 Linear |R| = [32m2.523047e-07[39m
      4 Linear |R| = [32m8.082598e-08[39m
      5 Linear |R| = [32m3.576890e-08[39m
      6 Linear |R| = [32m1.048406e-08[39m
      7 Linear |R| = [33m1.039478e-08[39m
      8 Linear |R| = [32m4.498354e-09[39m
      9 Linear |R| = [32m3.126501e-09[39m
     10 Linear |R| = [32m2.042097e-09[39m
     11 Linear |R| = [32m5.751618e-10[39m
     12 Linear |R| = [32m3.317997e-10[39m
     13 Linear |R| = [32m2.913462e-10[39m
     14 Linear |R| = [32m5.151570e-11[39m
     15 Linear |R| = [32m1.358448e-11[39m
     16 Linear |R| = [32m4.332618e-12[39m
     17 Linear |R| = [33m4.332386e-12[39m
     18 Linear |R| = [32m5.504483e-13[39m
     19 Linear |R| = [32m5.788467e-14[39m
     20 Linear |R| = [32m9.034236e-15[39m
 2 Nonlinear |R| = [32m1.785113e-11[39m
[32m Solve Converged![39m

Postprocessor Values:
+----------------+----------------+----------------+----------------+----------------+----------------+----------------+
| time           | J_max          | J_min          | Jbar_max       | Jbar_min       | center_pressure| edge_ux        |
+----------------+----------------+----------------+----------------+----------------+----------------+----------------+
:                :                :                :                :                :                :                :
|   8.000000e-03 |   9.853114e-01 |   9.740982e-01 |   9.902505e-01 |   9.884039e-01 |   1.976373e-01 |   1.020170e-02 |
|   1.000000e-02 |   9.850886e-01 |   9.740493e-01 |   9.902595e-01 |   9.883731e-01 |   1.949346e-01 |   1.003279e-02 |
|   1.200000e-02 |   9.848283e-01 |   9.740239e-01 |   9.902512e-01 |   9.883446e-01 |   1.920691e-01 |   9.882062e-03 |
|   1.400000e-02 |   9.845568e-01 |   9.740102e-01 |   9.902334e-01 |   9.883180e-01 |   1.892016e-01 |   9.742768e-03 |
|   1.600000e-02 |   9.842873e-01 |   9.740019e-01 |   9.902104e-01 |   9.882929e-01 |   1.864058e-01 |   9.611085e-03 |
|   1.800000e-02 |   9.840265e-01 |   9.739958e-01 |   9.901847e-01 |   9.882691e-01 |   1.837083e-01 |   9.484738e-03 |
|   2.000000e-02 |   9.837774e-01 |   9.739898e-01 |   9.901578e-01 |   9.882465e-01 |   1.811136e-01 |   9.362338e-03 |
|   2.200000e-02 |   9.836793e-01 |   9.739829e-01 |   9.901303e-01 |   9.882249e-01 |   1.786168e-01 |   9.243020e-03 |
|   2.400000e-02 |   9.836050e-01 |   9.739747e-01 |   9.901029e-01 |   9.882044e-01 |   1.762095e-01 |   9.126232e-03 |
|   2.600000e-02 |   9.835262e-01 |   9.739650e-01 |   9.900757e-01 |   9.881848e-01 |   1.738828e-01 |   9.011619e-03 |
|   2.800000e-02 |   9.834432e-01 |   9.739536e-01 |   9.900490e-01 |   9.881661e-01 |   1.716284e-01 |   8.898942e-03 |
|   3.000000e-02 |   9.833566e-01 |   9.739407e-01 |   9.900227e-01 |   9.881481e-01 |   1.694391e-01 |   8.788038e-03 |
|   3.200000e-02 |   9.832669e-01 |   9.739263e-01 |   9.899970e-01 |   9.881310e-01 |   1.673086e-01 |   8.678790e-03 |
|   3.400000e-02 |   9.831746e-01 |   9.739106e-01 |   9.899718e-01 |   9.881145e-01 |   1.652316e-01 |   8.571113e-03 |
|   3.600000e-02 |   9.830801e-01 |   9.738937e-01 |   9.899471e-01 |   9.880986e-01 |   1.632036e-01 |   8.464937e-03 |
+----------------+----------------+----------------+----------------+----------------+----------------+----------------+
+----------------+----------------+----------------+------------------+----------------+----------------+
| time           | mass           | mass_reaction  | outflow_gradient | platen_max     | platen_min     |
+----------------+----------------+----------------+------------------+----------------+----------------+
:                :                :                :                  :                :                :
|   8.000000e-03 |   1.592999e+00 |  -6.080681e-01 |     3.117211e-01 |  -5.329160e-02 |  -5.329160e-02 |
|   1.000000e-02 |   1.591863e+00 |  -5.676445e-01 |     2.917469e-01 |  -5.344764e-02 |  -5.344764e-02 |
|   1.200000e-02 |   1.590787e+00 |  -5.382035e-01 |     2.771342e-01 |  -5.359559e-02 |  -5.359559e-02 |
|   1.400000e-02 |   1.589757e+00 |  -5.152062e-01 |     2.657241e-01 |  -5.373720e-02 |  -5.373720e-02 |
|   1.600000e-02 |   1.588764e+00 |  -4.963252e-01 |     2.563757e-01 |  -5.387363e-02 |  -5.387363e-02 |
|   1.800000e-02 |   1.587803e+00 |  -4.802581e-01 |     2.484369e-01 |  -5.400564e-02 |  -5.400564e-02 |
|   2.000000e-02 |   1.586871e+00 |  -4.662248e-01 |     2.415120e-01 |  -5.413381e-02 |  -5.413381e-02 |
|   2.200000e-02 |   1.585964e+00 |  -4.537313e-01 |     2.353490e-01 |  -5.425854e-02 |  -5.425854e-02 |
|   2.400000e-02 |   1.585079e+00 |  -4.424489e-01 |     2.297801e-01 |  -5.438018e-02 |  -5.438018e-02 |
|   2.600000e-02 |   1.584214e+00 |  -4.321490e-01 |     2.246894e-01 |  -5.449899e-02 |  -5.449899e-02 |
|   2.800000e-02 |   1.583369e+00 |  -4.226659e-01 |     2.199933e-01 |  -5.461520e-02 |  -5.461520e-02 |
|   3.000000e-02 |   1.582541e+00 |  -4.138749e-01 |     2.156300e-01 |  -5.472900e-02 |  -5.472900e-02 |
|   3.200000e-02 |   1.581730e+00 |  -4.056794e-01 |     2.115515e-01 |  -5.484056e-02 |  -5.484056e-02 |
|   3.400000e-02 |   1.580934e+00 |  -3.980020e-01 |     2.077204e-01 |  -5.495001e-02 |  -5.495001e-02 |
|   3.600000e-02 |   1.580152e+00 |  -3.907796e-01 |     2.041059e-01 |  -5.505749e-02 |  -5.505749e-02 |
+----------------+----------------+----------------+------------------+----------------+----------------+
+----------------+--------------------+--------------------+----------------+----------------+----------------+
| time           | solid_fraction_max | solid_fraction_min | stability_max  | stability_min  | top_reaction   |
+----------------+--------------------+--------------------+----------------+----------------+----------------+
:                :                    :                    :                :                :                :
|   8.000000e-03 |       6.088700e-01 |       6.030077e-01 |   2.811840e+01 |   2.800649e+01 |  -1.400000e+00 |
|   1.000000e-02 |       6.088968e-01 |       6.031495e-01 |   2.811846e+01 |   2.800605e+01 |  -1.400000e+00 |
|   1.200000e-02 |       6.089126e-01 |       6.031639e-01 |   2.811849e+01 |   2.800574e+01 |  -1.400000e+00 |
|   1.400000e-02 |       6.089229e-01 |       6.031769e-01 |   2.811845e+01 |   2.800550e+01 |  -1.400000e+00 |
|   1.600000e-02 |       6.089301e-01 |       6.031939e-01 |   2.811833e+01 |   2.800530e+01 |  -1.400000e+00 |
|   1.800000e-02 |       6.089360e-01 |       6.032151e-01 |   2.811812e+01 |   2.800514e+01 |  -1.400000e+00 |
|   2.000000e-02 |       6.089414e-01 |       6.032406e-01 |   2.811782e+01 |   2.800500e+01 |  -1.400000e+00 |
|   2.200000e-02 |       6.089467e-01 |       6.032700e-01 |   2.811743e+01 |   2.800487e+01 |  -1.400000e+00 |
|   2.400000e-02 |       6.089522e-01 |       6.033032e-01 |   2.811695e+01 |   2.800476e+01 |  -1.400000e+00 |
|   2.600000e-02 |       6.089580e-01 |       6.033398e-01 |   2.811639e+01 |   2.800465e+01 |  -1.400000e+00 |
|   2.800000e-02 |       6.089642e-01 |       6.033796e-01 |   2.811576e+01 |   2.800456e+01 |  -1.400000e+00 |
|   3.000000e-02 |       6.089709e-01 |       6.034221e-01 |   2.811507e+01 |   2.800447e+01 |  -1.400000e+00 |
|   3.200000e-02 |       6.089779e-01 |       6.034671e-01 |   2.811431e+01 |   2.800438e+01 |  -1.400000e+00 |
|   3.400000e-02 |       6.089852e-01 |       6.035141e-01 |   2.811351e+01 |   2.800430e+01 |  -1.400000e+00 |
|   3.600000e-02 |       6.089929e-01 |       6.035629e-01 |   2.811266e+01 |   2.800423e+01 |  -1.400000e+00 |
+----------------+--------------------+--------------------+----------------+----------------+----------------+


Time Step 19, time = 0.038, dt = 0.002
 * Nonlinear |R| = [32m4.658624e-02[39m (Before preset BCs, predictors, correctors, and constraints)
 0 Nonlinear |R| = [32m4.658624e-02[39m
      0 Linear |R| = [32m4.658624e-02[39m
      1 Linear |R| = [32m3.124688e-03[39m
      2 Linear |R| = [33m3.050700e-03[39m
      3 Linear |R| = [33m2.935183e-03[39m
      4 Linear |R| = [32m1.232976e-03[39m
      5 Linear |R| = [32m4.953133e-04[39m
      6 Linear |R| = [32m1.149194e-04[39m
      7 Linear |R| = [32m8.368554e-05[39m
      8 Linear |R| = [32m4.941727e-05[39m
      9 Linear |R| = [32m2.283102e-05[39m
     10 Linear |R| = [32m1.474064e-05[39m
     11 Linear |R| = [32m5.261425e-06[39m
     12 Linear |R| = [32m1.988661e-06[39m
     13 Linear |R| = [33m1.970703e-06[39m
     14 Linear |R| = [32m2.816192e-07[39m
     15 Linear |R| = [32m1.308929e-07[39m
     16 Linear |R| = [32m3.222619e-08[39m
     17 Linear |R| = [32m2.755931e-08[39m
     18 Linear |R| = [32m4.404931e-09[39m
     19 Linear |R| = [32m4.968827e-10[39m
     20 Linear |R| = [32m3.587623e-11[39m
 1 Nonlinear |R| = [32m9.578569e-06[39m
      0 Linear |R| = [32m9.578569e-06[39m
      1 Linear |R| = [32m3.573239e-07[39m
      2 Linear |R| = [33m3.554212e-07[39m
      3 Linear |R| = [32m2.416504e-07[39m
      4 Linear |R| = [32m7.511781e-08[39m
      5 Linear |R| = [32m3.413776e-08[39m
      6 Linear |R| = [32m9.822949e-09[39m
      7 Linear |R| = [33m9.799043e-09[39m
      8 Linear |R| = [32m4.252600e-09[39m
      9 Linear |R| = [32m2.790696e-09[39m
     10 Linear |R| = [32m1.829374e-09[39m
     11 Linear |R| = [32m5.314305e-10[39m
     12 Linear |R| = [32m2.993790e-10[39m
     13 Linear |R| = [32m2.668252e-10[39m
     14 Linear |R| = [32m4.600659e-11[39m
     15 Linear |R| = [32m1.213507e-11[39m
     16 Linear |R| = [32m4.029255e-12[39m
     17 Linear |R| = [33m4.024247e-12[39m
     18 Linear |R| = [32m5.170852e-13[39m
     19 Linear |R| = [32m5.463649e-14[39m
     20 Linear |R| = [32m7.887095e-15[39m
 2 Nonlinear |R| = [32m1.590658e-11[39m
[32m Solve Converged![39m

Postprocessor Values:
+----------------+----------------+----------------+----------------+----------------+----------------+----------------+
| time           | J_max          | J_min          | Jbar_max       | Jbar_min       | center_pressure| edge_ux        |
+----------------+----------------+----------------+----------------+----------------+----------------+----------------+
:                :                :                :                :                :                :                :
|   1.000000e-02 |   9.850886e-01 |   9.740493e-01 |   9.902595e-01 |   9.883731e-01 |   1.949346e-01 |   1.003279e-02 |
|   1.200000e-02 |   9.848283e-01 |   9.740239e-01 |   9.902512e-01 |   9.883446e-01 |   1.920691e-01 |   9.882062e-03 |
|   1.400000e-02 |   9.845568e-01 |   9.740102e-01 |   9.902334e-01 |   9.883180e-01 |   1.892016e-01 |   9.742768e-03 |
|   1.600000e-02 |   9.842873e-01 |   9.740019e-01 |   9.902104e-01 |   9.882929e-01 |   1.864058e-01 |   9.611085e-03 |
|   1.800000e-02 |   9.840265e-01 |   9.739958e-01 |   9.901847e-01 |   9.882691e-01 |   1.837083e-01 |   9.484738e-03 |
|   2.000000e-02 |   9.837774e-01 |   9.739898e-01 |   9.901578e-01 |   9.882465e-01 |   1.811136e-01 |   9.362338e-03 |
|   2.200000e-02 |   9.836793e-01 |   9.739829e-01 |   9.901303e-01 |   9.882249e-01 |   1.786168e-01 |   9.243020e-03 |
|   2.400000e-02 |   9.836050e-01 |   9.739747e-01 |   9.901029e-01 |   9.882044e-01 |   1.762095e-01 |   9.126232e-03 |
|   2.600000e-02 |   9.835262e-01 |   9.739650e-01 |   9.900757e-01 |   9.881848e-01 |   1.738828e-01 |   9.011619e-03 |
|   2.800000e-02 |   9.834432e-01 |   9.739536e-01 |   9.900490e-01 |   9.881661e-01 |   1.716284e-01 |   8.898942e-03 |
|   3.000000e-02 |   9.833566e-01 |   9.739407e-01 |   9.900227e-01 |   9.881481e-01 |   1.694391e-01 |   8.788038e-03 |
|   3.200000e-02 |   9.832669e-01 |   9.739263e-01 |   9.899970e-01 |   9.881310e-01 |   1.673086e-01 |   8.678790e-03 |
|   3.400000e-02 |   9.831746e-01 |   9.739106e-01 |   9.899718e-01 |   9.881145e-01 |   1.652316e-01 |   8.571113e-03 |
|   3.600000e-02 |   9.830801e-01 |   9.738937e-01 |   9.899471e-01 |   9.880986e-01 |   1.632036e-01 |   8.464937e-03 |
|   3.800000e-02 |   9.829837e-01 |   9.738758e-01 |   9.899229e-01 |   9.880834e-01 |   1.612204e-01 |   8.360208e-03 |
+----------------+----------------+----------------+----------------+----------------+----------------+----------------+
+----------------+----------------+----------------+------------------+----------------+----------------+
| time           | mass           | mass_reaction  | outflow_gradient | platen_max     | platen_min     |
+----------------+----------------+----------------+------------------+----------------+----------------+
:                :                :                :                  :                :                :
|   1.000000e-02 |   1.591863e+00 |  -5.676445e-01 |     2.917469e-01 |  -5.344764e-02 |  -5.344764e-02 |
|   1.200000e-02 |   1.590787e+00 |  -5.382035e-01 |     2.771342e-01 |  -5.359559e-02 |  -5.359559e-02 |
|   1.400000e-02 |   1.589757e+00 |  -5.152062e-01 |     2.657241e-01 |  -5.373720e-02 |  -5.373720e-02 |
|   1.600000e-02 |   1.588764e+00 |  -4.963252e-01 |     2.563757e-01 |  -5.387363e-02 |  -5.387363e-02 |
|   1.800000e-02 |   1.587803e+00 |  -4.802581e-01 |     2.484369e-01 |  -5.400564e-02 |  -5.400564e-02 |
|   2.000000e-02 |   1.586871e+00 |  -4.662248e-01 |     2.415120e-01 |  -5.413381e-02 |  -5.413381e-02 |
|   2.200000e-02 |   1.585964e+00 |  -4.537313e-01 |     2.353490e-01 |  -5.425854e-02 |  -5.425854e-02 |
|   2.400000e-02 |   1.585079e+00 |  -4.424489e-01 |     2.297801e-01 |  -5.438018e-02 |  -5.438018e-02 |
|   2.600000e-02 |   1.584214e+00 |  -4.321490e-01 |     2.246894e-01 |  -5.449899e-02 |  -5.449899e-02 |
|   2.800000e-02 |   1.583369e+00 |  -4.226659e-01 |     2.199933e-01 |  -5.461520e-02 |  -5.461520e-02 |
|   3.000000e-02 |   1.582541e+00 |  -4.138749e-01 |     2.156300e-01 |  -5.472900e-02 |  -5.472900e-02 |
|   3.200000e-02 |   1.581730e+00 |  -4.056794e-01 |     2.115515e-01 |  -5.484056e-02 |  -5.484056e-02 |
|   3.400000e-02 |   1.580934e+00 |  -3.980020e-01 |     2.077204e-01 |  -5.495001e-02 |  -5.495001e-02 |
|   3.600000e-02 |   1.580152e+00 |  -3.907796e-01 |     2.041059e-01 |  -5.505749e-02 |  -5.505749e-02 |
|   3.800000e-02 |   1.579384e+00 |  -3.839592e-01 |     2.006829e-01 |  -5.516309e-02 |  -5.516309e-02 |
+----------------+----------------+----------------+------------------+----------------+----------------+
+----------------+--------------------+--------------------+----------------+----------------+----------------+
| time           | solid_fraction_max | solid_fraction_min | stability_max  | stability_min  | top_reaction   |
+----------------+--------------------+--------------------+----------------+----------------+----------------+
:                :                    :                    :                :                :                :
|   1.000000e-02 |       6.088968e-01 |       6.031495e-01 |   2.811846e+01 |   2.800605e+01 |  -1.400000e+00 |
|   1.200000e-02 |       6.089126e-01 |       6.031639e-01 |   2.811849e+01 |   2.800574e+01 |  -1.400000e+00 |
|   1.400000e-02 |       6.089229e-01 |       6.031769e-01 |   2.811845e+01 |   2.800550e+01 |  -1.400000e+00 |
|   1.600000e-02 |       6.089301e-01 |       6.031939e-01 |   2.811833e+01 |   2.800530e+01 |  -1.400000e+00 |
|   1.800000e-02 |       6.089360e-01 |       6.032151e-01 |   2.811812e+01 |   2.800514e+01 |  -1.400000e+00 |
|   2.000000e-02 |       6.089414e-01 |       6.032406e-01 |   2.811782e+01 |   2.800500e+01 |  -1.400000e+00 |
|   2.200000e-02 |       6.089467e-01 |       6.032700e-01 |   2.811743e+01 |   2.800487e+01 |  -1.400000e+00 |
|   2.400000e-02 |       6.089522e-01 |       6.033032e-01 |   2.811695e+01 |   2.800476e+01 |  -1.400000e+00 |
|   2.600000e-02 |       6.089580e-01 |       6.033398e-01 |   2.811639e+01 |   2.800465e+01 |  -1.400000e+00 |
|   2.800000e-02 |       6.089642e-01 |       6.033796e-01 |   2.811576e+01 |   2.800456e+01 |  -1.400000e+00 |
|   3.000000e-02 |       6.089709e-01 |       6.034221e-01 |   2.811507e+01 |   2.800447e+01 |  -1.400000e+00 |
|   3.200000e-02 |       6.089779e-01 |       6.034671e-01 |   2.811431e+01 |   2.800438e+01 |  -1.400000e+00 |
|   3.400000e-02 |       6.089852e-01 |       6.035141e-01 |   2.811351e+01 |   2.800430e+01 |  -1.400000e+00 |
|   3.600000e-02 |       6.089929e-01 |       6.035629e-01 |   2.811266e+01 |   2.800423e+01 |  -1.400000e+00 |
|   3.800000e-02 |       6.090008e-01 |       6.036132e-01 |   2.811178e+01 |   2.800416e+01 |  -1.400000e+00 |
+----------------+--------------------+--------------------+----------------+----------------+----------------+


Time Step 20, time = 0.04, dt = 0.002
 * Nonlinear |R| = [32m4.567676e-02[39m (Before preset BCs, predictors, correctors, and constraints)
 0 Nonlinear |R| = [32m4.567676e-02[39m
      0 Linear |R| = [32m4.567676e-02[39m
      1 Linear |R| = [32m3.072495e-03[39m
      2 Linear |R| = [33m2.999954e-03[39m
      3 Linear |R| = [33m2.887456e-03[39m
      4 Linear |R| = [32m1.212729e-03[39m
      5 Linear |R| = [32m4.867797e-04[39m
      6 Linear |R| = [32m1.131168e-04[39m
      7 Linear |R| = [32m8.562475e-05[39m
      8 Linear |R| = [32m4.848286e-05[39m
      9 Linear |R| = [32m2.216738e-05[39m
     10 Linear |R| = [32m1.426729e-05[39m
     11 Linear |R| = [32m5.125261e-06[39m
     12 Linear |R| = [32m1.943397e-06[39m
     13 Linear |R| = [33m1.912101e-06[39m
     14 Linear |R| = [32m2.684194e-07[39m
     15 Linear |R| = [32m1.265809e-07[39m
     16 Linear |R| = [32m3.104141e-08[39m
     17 Linear |R| = [32m2.784697e-08[39m
     18 Linear |R| = [32m4.274281e-09[39m
     19 Linear |R| = [32m4.845803e-10[39m
     20 Linear |R| = [32m4.040768e-11[39m
 1 Nonlinear |R| = [32m9.160464e-06[39m
      0 Linear |R| = [32m9.160464e-06[39m
      1 Linear |R| = [32m3.426475e-07[39m
      2 Linear |R| = [33m3.407670e-07[39m
      3 Linear |R| = [32m2.331245e-07[39m
      4 Linear |R| = [32m6.902134e-08[39m
      5 Linear |R| = [32m3.285363e-08[39m
      6 Linear |R| = [32m9.735270e-09[39m
      7 Linear |R| = [33m9.586521e-09[39m
      8 Linear |R| = [32m4.028111e-09[39m
      9 Linear |R| = [32m2.536522e-09[39m
     10 Linear |R| = [32m1.668988e-09[39m
     11 Linear |R| = [32m4.931205e-10[39m
     12 Linear |R| = [32m2.914255e-10[39m
     13 Linear |R| = [32m2.417778e-10[39m
     14 Linear |R| = [32m4.175640e-11[39m
     15 Linear |R| = [32m1.285271e-11[39m
     16 Linear |R| = [32m3.831049e-12[39m
     17 Linear |R| = [33m3.827453e-12[39m
     18 Linear |R| = [32m4.980067e-13[39m
     19 Linear |R| = [32m5.246287e-14[39m
     20 Linear |R| = [32m1.041586e-14[39m
     21 Linear |R| = [32m3.275840e-15[39m
 2 Nonlinear |R| = [32m1.640754e-11[39m
[32m Solve Converged![39m

Postprocessor Values:
+----------------+----------------+----------------+----------------+----------------+----------------+----------------+
| time           | J_max          | J_min          | Jbar_max       | Jbar_min       | center_pressure| edge_ux        |
+----------------+----------------+----------------+----------------+----------------+----------------+----------------+
:                :                :                :                :                :                :                :
|   1.200000e-02 |   9.848283e-01 |   9.740239e-01 |   9.902512e-01 |   9.883446e-01 |   1.920691e-01 |   9.882062e-03 |
|   1.400000e-02 |   9.845568e-01 |   9.740102e-01 |   9.902334e-01 |   9.883180e-01 |   1.892016e-01 |   9.742768e-03 |
|   1.600000e-02 |   9.842873e-01 |   9.740019e-01 |   9.902104e-01 |   9.882929e-01 |   1.864058e-01 |   9.611085e-03 |
|   1.800000e-02 |   9.840265e-01 |   9.739958e-01 |   9.901847e-01 |   9.882691e-01 |   1.837083e-01 |   9.484738e-03 |
|   2.000000e-02 |   9.837774e-01 |   9.739898e-01 |   9.901578e-01 |   9.882465e-01 |   1.811136e-01 |   9.362338e-03 |
|   2.200000e-02 |   9.836793e-01 |   9.739829e-01 |   9.901303e-01 |   9.882249e-01 |   1.786168e-01 |   9.243020e-03 |
|   2.400000e-02 |   9.836050e-01 |   9.739747e-01 |   9.901029e-01 |   9.882044e-01 |   1.762095e-01 |   9.126232e-03 |
|   2.600000e-02 |   9.835262e-01 |   9.739650e-01 |   9.900757e-01 |   9.881848e-01 |   1.738828e-01 |   9.011619e-03 |
|   2.800000e-02 |   9.834432e-01 |   9.739536e-01 |   9.900490e-01 |   9.881661e-01 |   1.716284e-01 |   8.898942e-03 |
|   3.000000e-02 |   9.833566e-01 |   9.739407e-01 |   9.900227e-01 |   9.881481e-01 |   1.694391e-01 |   8.788038e-03 |
|   3.200000e-02 |   9.832669e-01 |   9.739263e-01 |   9.899970e-01 |   9.881310e-01 |   1.673086e-01 |   8.678790e-03 |
|   3.400000e-02 |   9.831746e-01 |   9.739106e-01 |   9.899718e-01 |   9.881145e-01 |   1.652316e-01 |   8.571113e-03 |
|   3.600000e-02 |   9.830801e-01 |   9.738937e-01 |   9.899471e-01 |   9.880986e-01 |   1.632036e-01 |   8.464937e-03 |
|   3.800000e-02 |   9.829837e-01 |   9.738758e-01 |   9.899229e-01 |   9.880834e-01 |   1.612204e-01 |   8.360208e-03 |
|   4.000000e-02 |   9.828858e-01 |   9.738570e-01 |   9.898992e-01 |   9.880687e-01 |   1.592789e-01 |   8.256879e-03 |
+----------------+----------------+----------------+----------------+----------------+----------------+----------------+
+----------------+----------------+----------------+------------------+----------------+----------------+
| time           | mass           | mass_reaction  | outflow_gradient | platen_max     | platen_min     |
+----------------+----------------+----------------+------------------+----------------+----------------+
:                :                :                :                  :                :                :
|   1.200000e-02 |   1.590787e+00 |  -5.382035e-01 |     2.771342e-01 |  -5.359559e-02 |  -5.359559e-02 |
|   1.400000e-02 |   1.589757e+00 |  -5.152062e-01 |     2.657241e-01 |  -5.373720e-02 |  -5.373720e-02 |
|   1.600000e-02 |   1.588764e+00 |  -4.963252e-01 |     2.563757e-01 |  -5.387363e-02 |  -5.387363e-02 |
|   1.800000e-02 |   1.587803e+00 |  -4.802581e-01 |     2.484369e-01 |  -5.400564e-02 |  -5.400564e-02 |
|   2.000000e-02 |   1.586871e+00 |  -4.662248e-01 |     2.415120e-01 |  -5.413381e-02 |  -5.413381e-02 |
|   2.200000e-02 |   1.585964e+00 |  -4.537313e-01 |     2.353490e-01 |  -5.425854e-02 |  -5.425854e-02 |
|   2.400000e-02 |   1.585079e+00 |  -4.424489e-01 |     2.297801e-01 |  -5.438018e-02 |  -5.438018e-02 |
|   2.600000e-02 |   1.584214e+00 |  -4.321490e-01 |     2.246894e-01 |  -5.449899e-02 |  -5.449899e-02 |
|   2.800000e-02 |   1.583369e+00 |  -4.226659e-01 |     2.199933e-01 |  -5.461520e-02 |  -5.461520e-02 |
|   3.000000e-02 |   1.582541e+00 |  -4.138749e-01 |     2.156300e-01 |  -5.472900e-02 |  -5.472900e-02 |
|   3.200000e-02 |   1.581730e+00 |  -4.056794e-01 |     2.115515e-01 |  -5.484056e-02 |  -5.484056e-02 |
|   3.400000e-02 |   1.580934e+00 |  -3.980020e-01 |     2.077204e-01 |  -5.495001e-02 |  -5.495001e-02 |
|   3.600000e-02 |   1.580152e+00 |  -3.907796e-01 |     2.041059e-01 |  -5.505749e-02 |  -5.505749e-02 |
|   3.800000e-02 |   1.579384e+00 |  -3.839592e-01 |     2.006829e-01 |  -5.516309e-02 |  -5.516309e-02 |
|   4.000000e-02 |   1.578629e+00 |  -3.774965e-01 |     1.974299e-01 |  -5.526693e-02 |  -5.526693e-02 |
+----------------+----------------+----------------+------------------+----------------+----------------+
+----------------+--------------------+--------------------+----------------+----------------+----------------+
| time           | solid_fraction_max | solid_fraction_min | stability_max  | stability_min  | top_reaction   |
+----------------+--------------------+--------------------+----------------+----------------+----------------+
:                :                    :                    :                :                :                :
|   1.200000e-02 |       6.089126e-01 |       6.031639e-01 |   2.811849e+01 |   2.800574e+01 |  -1.400000e+00 |
|   1.400000e-02 |       6.089229e-01 |       6.031769e-01 |   2.811845e+01 |   2.800550e+01 |  -1.400000e+00 |
|   1.600000e-02 |       6.089301e-01 |       6.031939e-01 |   2.811833e+01 |   2.800530e+01 |  -1.400000e+00 |
|   1.800000e-02 |       6.089360e-01 |       6.032151e-01 |   2.811812e+01 |   2.800514e+01 |  -1.400000e+00 |
|   2.000000e-02 |       6.089414e-01 |       6.032406e-01 |   2.811782e+01 |   2.800500e+01 |  -1.400000e+00 |
|   2.200000e-02 |       6.089467e-01 |       6.032700e-01 |   2.811743e+01 |   2.800487e+01 |  -1.400000e+00 |
|   2.400000e-02 |       6.089522e-01 |       6.033032e-01 |   2.811695e+01 |   2.800476e+01 |  -1.400000e+00 |
|   2.600000e-02 |       6.089580e-01 |       6.033398e-01 |   2.811639e+01 |   2.800465e+01 |  -1.400000e+00 |
|   2.800000e-02 |       6.089642e-01 |       6.033796e-01 |   2.811576e+01 |   2.800456e+01 |  -1.400000e+00 |
|   3.000000e-02 |       6.089709e-01 |       6.034221e-01 |   2.811507e+01 |   2.800447e+01 |  -1.400000e+00 |
|   3.200000e-02 |       6.089779e-01 |       6.034671e-01 |   2.811431e+01 |   2.800438e+01 |  -1.400000e+00 |
|   3.400000e-02 |       6.089852e-01 |       6.035141e-01 |   2.811351e+01 |   2.800430e+01 |  -1.400000e+00 |
|   3.600000e-02 |       6.089929e-01 |       6.035629e-01 |   2.811266e+01 |   2.800423e+01 |  -1.400000e+00 |
|   3.800000e-02 |       6.090008e-01 |       6.036132e-01 |   2.811178e+01 |   2.800416e+01 |  -1.400000e+00 |
|   4.000000e-02 |       6.090090e-01 |       6.036649e-01 |   2.811086e+01 |   2.800409e+01 |  -1.400000e+00 |
+----------------+--------------------+--------------------+----------------+----------------+----------------+


Time Step 21, time = 0.042, dt = 0.002
 * Nonlinear |R| = [32m4.484776e-02[39m (Before preset BCs, predictors, correctors, and constraints)
 0 Nonlinear |R| = [32m4.484776e-02[39m
      0 Linear |R| = [32m4.484776e-02[39m
      1 Linear |R| = [32m3.022928e-03[39m
      2 Linear |R| = [33m2.951753e-03[39m
      3 Linear |R| = [33m2.841998e-03[39m
      4 Linear |R| = [32m1.193329e-03[39m
      5 Linear |R| = [32m4.786537e-04[39m
      6 Linear |R| = [32m1.109460e-04[39m
      7 Linear |R| = [32m8.022872e-05[39m
      8 Linear |R| = [32m4.748920e-05[39m
      9 Linear |R| = [32m2.156042e-05[39m
     10 Linear |R| = [32m1.383511e-05[39m
     11 Linear |R| = [32m4.998491e-06[39m
     12 Linear |R| = [32m1.855614e-06[39m
     13 Linear |R| = [33m1.845161e-06[39m
     14 Linear |R| = [32m2.564304e-07[39m
     15 Linear |R| = [32m1.224981e-07[39m
     16 Linear |R| = [32m2.986934e-08[39m
     17 Linear |R| = [32m2.484648e-08[39m
     18 Linear |R| = [32m4.151398e-09[39m
     19 Linear |R| = [32m4.730645e-10[39m
     20 Linear |R| = [32m3.429695e-11[39m
 1 Nonlinear |R| = [32m8.793028e-06[39m
      0 Linear |R| = [32m8.793028e-06[39m
      1 Linear |R| = [32m3.311814e-07[39m
      2 Linear |R| = [33m3.294637e-07[39m
      3 Linear |R| = [32m2.264632e-07[39m
      4 Linear |R| = [32m6.555402e-08[39m
      5 Linear |R| = [32m3.185431e-08[39m
      6 Linear |R| = [32m9.265222e-09[39m
      7 Linear |R| = [33m9.168031e-09[39m
      8 Linear |R| = [32m3.727202e-09[39m
      9 Linear |R| = [32m2.287023e-09[39m
     10 Linear |R| = [32m1.512063e-09[39m
     11 Linear |R| = [32m4.574764e-10[39m
     12 Linear |R| = [32m2.584991e-10[39m
     13 Linear |R| = [32m2.165897e-10[39m
     14 Linear |R| = [32m3.656290e-11[39m
     15 Linear |R| = [32m1.141265e-11[39m
     16 Linear |R| = [32m3.472350e-12[39m
     17 Linear |R| = [33m3.470328e-12[39m
     18 Linear |R| = [32m4.563964e-13[39m
     19 Linear |R| = [32m4.880726e-14[39m
     20 Linear |R| = [32m9.330840e-15[39m
     21 Linear |R| = [32m2.802377e-15[39m
 2 Nonlinear |R| = [32m1.610893e-11[39m
[32m Solve Converged![39m

Postprocessor Values:
+----------------+----------------+----------------+----------------+----------------+----------------+----------------+
| time           | J_max          | J_min          | Jbar_max       | Jbar_min       | center_pressure| edge_ux        |
+----------------+----------------+----------------+----------------+----------------+----------------+----------------+
:                :                :                :                :                :                :                :
|   1.400000e-02 |   9.845568e-01 |   9.740102e-01 |   9.902334e-01 |   9.883180e-01 |   1.892016e-01 |   9.742768e-03 |
|   1.600000e-02 |   9.842873e-01 |   9.740019e-01 |   9.902104e-01 |   9.882929e-01 |   1.864058e-01 |   9.611085e-03 |
|   1.800000e-02 |   9.840265e-01 |   9.739958e-01 |   9.901847e-01 |   9.882691e-01 |   1.837083e-01 |   9.484738e-03 |
|   2.000000e-02 |   9.837774e-01 |   9.739898e-01 |   9.901578e-01 |   9.882465e-01 |   1.811136e-01 |   9.362338e-03 |
|   2.200000e-02 |   9.836793e-01 |   9.739829e-01 |   9.901303e-01 |   9.882249e-01 |   1.786168e-01 |   9.243020e-03 |
|   2.400000e-02 |   9.836050e-01 |   9.739747e-01 |   9.901029e-01 |   9.882044e-01 |   1.762095e-01 |   9.126232e-03 |
|   2.600000e-02 |   9.835262e-01 |   9.739650e-01 |   9.900757e-01 |   9.881848e-01 |   1.738828e-01 |   9.011619e-03 |
|   2.800000e-02 |   9.834432e-01 |   9.739536e-01 |   9.900490e-01 |   9.881661e-01 |   1.716284e-01 |   8.898942e-03 |
|   3.000000e-02 |   9.833566e-01 |   9.739407e-01 |   9.900227e-01 |   9.881481e-01 |   1.694391e-01 |   8.788038e-03 |
|   3.200000e-02 |   9.832669e-01 |   9.739263e-01 |   9.899970e-01 |   9.881310e-01 |   1.673086e-01 |   8.678790e-03 |
|   3.400000e-02 |   9.831746e-01 |   9.739106e-01 |   9.899718e-01 |   9.881145e-01 |   1.652316e-01 |   8.571113e-03 |
|   3.600000e-02 |   9.830801e-01 |   9.738937e-01 |   9.899471e-01 |   9.880986e-01 |   1.632036e-01 |   8.464937e-03 |
|   3.800000e-02 |   9.829837e-01 |   9.738758e-01 |   9.899229e-01 |   9.880834e-01 |   1.612204e-01 |   8.360208e-03 |
|   4.000000e-02 |   9.828858e-01 |   9.738570e-01 |   9.898992e-01 |   9.880687e-01 |   1.592789e-01 |   8.256879e-03 |
|   4.200000e-02 |   9.827868e-01 |   9.738374e-01 |   9.898759e-01 |   9.880546e-01 |   1.573761e-01 |   8.154908e-03 |
+----------------+----------------+----------------+----------------+----------------+----------------+----------------+
+----------------+----------------+----------------+------------------+----------------+----------------+
| time           | mass           | mass_reaction  | outflow_gradient | platen_max     | platen_min     |
+----------------+----------------+----------------+------------------+----------------+----------------+
:                :                :                :                  :                :                :
|   1.400000e-02 |   1.589757e+00 |  -5.152062e-01 |     2.657241e-01 |  -5.373720e-02 |  -5.373720e-02 |
|   1.600000e-02 |   1.588764e+00 |  -4.963252e-01 |     2.563757e-01 |  -5.387363e-02 |  -5.387363e-02 |
|   1.800000e-02 |   1.587803e+00 |  -4.802581e-01 |     2.484369e-01 |  -5.400564e-02 |  -5.400564e-02 |
|   2.000000e-02 |   1.586871e+00 |  -4.662248e-01 |     2.415120e-01 |  -5.413381e-02 |  -5.413381e-02 |
|   2.200000e-02 |   1.585964e+00 |  -4.537313e-01 |     2.353490e-01 |  -5.425854e-02 |  -5.425854e-02 |
|   2.400000e-02 |   1.585079e+00 |  -4.424489e-01 |     2.297801e-01 |  -5.438018e-02 |  -5.438018e-02 |
|   2.600000e-02 |   1.584214e+00 |  -4.321490e-01 |     2.246894e-01 |  -5.449899e-02 |  -5.449899e-02 |
|   2.800000e-02 |   1.583369e+00 |  -4.226659e-01 |     2.199933e-01 |  -5.461520e-02 |  -5.461520e-02 |
|   3.000000e-02 |   1.582541e+00 |  -4.138749e-01 |     2.156300e-01 |  -5.472900e-02 |  -5.472900e-02 |
|   3.200000e-02 |   1.581730e+00 |  -4.056794e-01 |     2.115515e-01 |  -5.484056e-02 |  -5.484056e-02 |
|   3.400000e-02 |   1.580934e+00 |  -3.980020e-01 |     2.077204e-01 |  -5.495001e-02 |  -5.495001e-02 |
|   3.600000e-02 |   1.580152e+00 |  -3.907796e-01 |     2.041059e-01 |  -5.505749e-02 |  -5.505749e-02 |
|   3.800000e-02 |   1.579384e+00 |  -3.839592e-01 |     2.006829e-01 |  -5.516309e-02 |  -5.516309e-02 |
|   4.000000e-02 |   1.578629e+00 |  -3.774965e-01 |     1.974299e-01 |  -5.526693e-02 |  -5.526693e-02 |
|   4.200000e-02 |   1.577887e+00 |  -3.713530e-01 |     1.943290e-01 |  -5.536909e-02 |  -5.536909e-02 |
+----------------+----------------+----------------+------------------+----------------+----------------+
+----------------+--------------------+--------------------+----------------+----------------+----------------+
| time           | solid_fraction_max | solid_fraction_min | stability_max  | stability_min  | top_reaction   |
+----------------+--------------------+--------------------+----------------+----------------+----------------+
:                :                    :                    :                :                :                :
|   1.400000e-02 |       6.089229e-01 |       6.031769e-01 |   2.811845e+01 |   2.800550e+01 |  -1.400000e+00 |
|   1.600000e-02 |       6.089301e-01 |       6.031939e-01 |   2.811833e+01 |   2.800530e+01 |  -1.400000e+00 |
|   1.800000e-02 |       6.089360e-01 |       6.032151e-01 |   2.811812e+01 |   2.800514e+01 |  -1.400000e+00 |
|   2.000000e-02 |       6.089414e-01 |       6.032406e-01 |   2.811782e+01 |   2.800500e+01 |  -1.400000e+00 |
|   2.200000e-02 |       6.089467e-01 |       6.032700e-01 |   2.811743e+01 |   2.800487e+01 |  -1.400000e+00 |
|   2.400000e-02 |       6.089522e-01 |       6.033032e-01 |   2.811695e+01 |   2.800476e+01 |  -1.400000e+00 |
|   2.600000e-02 |       6.089580e-01 |       6.033398e-01 |   2.811639e+01 |   2.800465e+01 |  -1.400000e+00 |
|   2.800000e-02 |       6.089642e-01 |       6.033796e-01 |   2.811576e+01 |   2.800456e+01 |  -1.400000e+00 |
|   3.000000e-02 |       6.089709e-01 |       6.034221e-01 |   2.811507e+01 |   2.800447e+01 |  -1.400000e+00 |
|   3.200000e-02 |       6.089779e-01 |       6.034671e-01 |   2.811431e+01 |   2.800438e+01 |  -1.400000e+00 |
|   3.400000e-02 |       6.089852e-01 |       6.035141e-01 |   2.811351e+01 |   2.800430e+01 |  -1.400000e+00 |
|   3.600000e-02 |       6.089929e-01 |       6.035629e-01 |   2.811266e+01 |   2.800423e+01 |  -1.400000e+00 |
|   3.800000e-02 |       6.090008e-01 |       6.036132e-01 |   2.811178e+01 |   2.800416e+01 |  -1.400000e+00 |
|   4.000000e-02 |       6.090090e-01 |       6.036649e-01 |   2.811086e+01 |   2.800409e+01 |  -1.400000e+00 |
|   4.200000e-02 |       6.090174e-01 |       6.037176e-01 |   2.810992e+01 |   2.800403e+01 |  -1.400000e+00 |
+----------------+--------------------+--------------------+----------------+----------------+----------------+


Time Step 22, time = 0.044, dt = 0.002
 * Nonlinear |R| = [32m4.408536e-02[39m (Before preset BCs, predictors, correctors, and constraints)
 0 Nonlinear |R| = [32m4.408536e-02[39m
      0 Linear |R| = [32m4.408536e-02[39m
      1 Linear |R| = [32m2.975716e-03[39m
      2 Linear |R| = [33m2.905835e-03[39m
      3 Linear |R| = [33m2.798581e-03[39m
      4 Linear |R| = [32m1.174693e-03[39m
      5 Linear |R| = [32m4.708457e-04[39m
      6 Linear |R| = [32m1.088914e-04[39m
      7 Linear |R| = [32m7.655510e-05[39m
      8 Linear |R| = [32m4.655234e-05[39m
      9 Linear |R| = [32m2.100275e-05[39m
     10 Linear |R| = [32m1.343947e-05[39m
     11 Linear |R| = [32m4.880911e-06[39m
     12 Linear |R| = [32m1.801647e-06[39m
     13 Linear |R| = [33m1.791888e-06[39m
     14 Linear |R| = [32m2.455320e-07[39m
     15 Linear |R| = [32m1.186421e-07[39m
     16 Linear |R| = [32m2.883224e-08[39m
     17 Linear |R| = [32m2.529470e-08[39m
     18 Linear |R| = [32m4.035760e-09[39m
     19 Linear |R| = [32m4.622736e-10[39m
     20 Linear |R| = [32m3.259365e-11[39m
 1 Nonlinear |R| = [32m8.489920e-06[39m
      0 Linear |R| = [32m8.489920e-06[39m
      1 Linear |R| = [32m3.196591e-07[39m
      2 Linear |R| = [33m3.179408e-07[39m
      3 Linear |R| = [32m2.190779e-07[39m
      4 Linear |R| = [32m6.280592e-08[39m
      5 Linear |R| = [32m3.083944e-08[39m
      6 Linear |R| = [32m8.776289e-09[39m
      7 Linear |R| = [33m8.750933e-09[39m
      8 Linear |R| = [32m3.553958e-09[39m
      9 Linear |R| = [32m2.085436e-09[39m
     10 Linear |R| = [32m1.376389e-09[39m
     11 Linear |R| = [32m4.267023e-10[39m
     12 Linear |R| = [32m2.324222e-10[39m
     13 Linear |R| = [32m1.973678e-10[39m
     14 Linear |R| = [32m3.215290e-11[39m
     15 Linear |R| = [32m1.112774e-11[39m
     16 Linear |R| = [32m3.194068e-12[39m
     17 Linear |R| = [33m3.193712e-12[39m
     18 Linear |R| = [32m4.220331e-13[39m
     19 Linear |R| = [32m4.583262e-14[39m
     20 Linear |R| = [32m7.715767e-15[39m
 2 Nonlinear |R| = [32m1.509620e-11[39m
[32m Solve Converged![39m

Postprocessor Values:
+----------------+----------------+----------------+----------------+----------------+----------------+----------------+
| time           | J_max          | J_min          | Jbar_max       | Jbar_min       | center_pressure| edge_ux        |
+----------------+----------------+----------------+----------------+----------------+----------------+----------------+
:                :                :                :                :                :                :                :
|   1.600000e-02 |   9.842873e-01 |   9.740019e-01 |   9.902104e-01 |   9.882929e-01 |   1.864058e-01 |   9.611085e-03 |
|   1.800000e-02 |   9.840265e-01 |   9.739958e-01 |   9.901847e-01 |   9.882691e-01 |   1.837083e-01 |   9.484738e-03 |
|   2.000000e-02 |   9.837774e-01 |   9.739898e-01 |   9.901578e-01 |   9.882465e-01 |   1.811136e-01 |   9.362338e-03 |
|   2.200000e-02 |   9.836793e-01 |   9.739829e-01 |   9.901303e-01 |   9.882249e-01 |   1.786168e-01 |   9.243020e-03 |
|   2.400000e-02 |   9.836050e-01 |   9.739747e-01 |   9.901029e-01 |   9.882044e-01 |   1.762095e-01 |   9.126232e-03 |
|   2.600000e-02 |   9.835262e-01 |   9.739650e-01 |   9.900757e-01 |   9.881848e-01 |   1.738828e-01 |   9.011619e-03 |
|   2.800000e-02 |   9.834432e-01 |   9.739536e-01 |   9.900490e-01 |   9.881661e-01 |   1.716284e-01 |   8.898942e-03 |
|   3.000000e-02 |   9.833566e-01 |   9.739407e-01 |   9.900227e-01 |   9.881481e-01 |   1.694391e-01 |   8.788038e-03 |
|   3.200000e-02 |   9.832669e-01 |   9.739263e-01 |   9.899970e-01 |   9.881310e-01 |   1.673086e-01 |   8.678790e-03 |
|   3.400000e-02 |   9.831746e-01 |   9.739106e-01 |   9.899718e-01 |   9.881145e-01 |   1.652316e-01 |   8.571113e-03 |
|   3.600000e-02 |   9.830801e-01 |   9.738937e-01 |   9.899471e-01 |   9.880986e-01 |   1.632036e-01 |   8.464937e-03 |
|   3.800000e-02 |   9.829837e-01 |   9.738758e-01 |   9.899229e-01 |   9.880834e-01 |   1.612204e-01 |   8.360208e-03 |
|   4.000000e-02 |   9.828858e-01 |   9.738570e-01 |   9.898992e-01 |   9.880687e-01 |   1.592789e-01 |   8.256879e-03 |
|   4.200000e-02 |   9.827868e-01 |   9.738374e-01 |   9.898759e-01 |   9.880546e-01 |   1.573761e-01 |   8.154908e-03 |
|   4.400000e-02 |   9.826868e-01 |   9.738171e-01 |   9.898532e-01 |   9.880409e-01 |   1.555094e-01 |   8.054259e-03 |
+----------------+----------------+----------------+----------------+----------------+----------------+----------------+
+----------------+----------------+----------------+------------------+----------------+----------------+
| time           | mass           | mass_reaction  | outflow_gradient | platen_max     | platen_min     |
+----------------+----------------+----------------+------------------+----------------+----------------+
:                :                :                :                  :                :                :
|   1.600000e-02 |   1.588764e+00 |  -4.963252e-01 |     2.563757e-01 |  -5.387363e-02 |  -5.387363e-02 |
|   1.800000e-02 |   1.587803e+00 |  -4.802581e-01 |     2.484369e-01 |  -5.400564e-02 |  -5.400564e-02 |
|   2.000000e-02 |   1.586871e+00 |  -4.662248e-01 |     2.415120e-01 |  -5.413381e-02 |  -5.413381e-02 |
|   2.200000e-02 |   1.585964e+00 |  -4.537313e-01 |     2.353490e-01 |  -5.425854e-02 |  -5.425854e-02 |
|   2.400000e-02 |   1.585079e+00 |  -4.424489e-01 |     2.297801e-01 |  -5.438018e-02 |  -5.438018e-02 |
|   2.600000e-02 |   1.584214e+00 |  -4.321490e-01 |     2.246894e-01 |  -5.449899e-02 |  -5.449899e-02 |
|   2.800000e-02 |   1.583369e+00 |  -4.226659e-01 |     2.199933e-01 |  -5.461520e-02 |  -5.461520e-02 |
|   3.000000e-02 |   1.582541e+00 |  -4.138749e-01 |     2.156300e-01 |  -5.472900e-02 |  -5.472900e-02 |
|   3.200000e-02 |   1.581730e+00 |  -4.056794e-01 |     2.115515e-01 |  -5.484056e-02 |  -5.484056e-02 |
|   3.400000e-02 |   1.580934e+00 |  -3.980020e-01 |     2.077204e-01 |  -5.495001e-02 |  -5.495001e-02 |
|   3.600000e-02 |   1.580152e+00 |  -3.907796e-01 |     2.041059e-01 |  -5.505749e-02 |  -5.505749e-02 |
|   3.800000e-02 |   1.579384e+00 |  -3.839592e-01 |     2.006829e-01 |  -5.516309e-02 |  -5.516309e-02 |
|   4.000000e-02 |   1.578629e+00 |  -3.774965e-01 |     1.974299e-01 |  -5.526693e-02 |  -5.526693e-02 |
|   4.200000e-02 |   1.577887e+00 |  -3.713530e-01 |     1.943290e-01 |  -5.536909e-02 |  -5.536909e-02 |
|   4.400000e-02 |   1.577156e+00 |  -3.654958e-01 |     1.913645e-01 |  -5.546965e-02 |  -5.546965e-02 |
+----------------+----------------+----------------+------------------+----------------+----------------+
+----------------+--------------------+--------------------+----------------+----------------+----------------+
| time           | solid_fraction_max | solid_fraction_min | stability_max  | stability_min  | top_reaction   |
+----------------+--------------------+--------------------+----------------+----------------+----------------+
:                :                    :                    :                :                :                :
|   1.600000e-02 |       6.089301e-01 |       6.031939e-01 |   2.811833e+01 |   2.800530e+01 |  -1.400000e+00 |
|   1.800000e-02 |       6.089360e-01 |       6.032151e-01 |   2.811812e+01 |   2.800514e+01 |  -1.400000e+00 |
|   2.000000e-02 |       6.089414e-01 |       6.032406e-01 |   2.811782e+01 |   2.800500e+01 |  -1.400000e+00 |
|   2.200000e-02 |       6.089467e-01 |       6.032700e-01 |   2.811743e+01 |   2.800487e+01 |  -1.400000e+00 |
|   2.400000e-02 |       6.089522e-01 |       6.033032e-01 |   2.811695e+01 |   2.800476e+01 |  -1.400000e+00 |
|   2.600000e-02 |       6.089580e-01 |       6.033398e-01 |   2.811639e+01 |   2.800465e+01 |  -1.400000e+00 |
|   2.800000e-02 |       6.089642e-01 |       6.033796e-01 |   2.811576e+01 |   2.800456e+01 |  -1.400000e+00 |
|   3.000000e-02 |       6.089709e-01 |       6.034221e-01 |   2.811507e+01 |   2.800447e+01 |  -1.400000e+00 |
|   3.200000e-02 |       6.089779e-01 |       6.034671e-01 |   2.811431e+01 |   2.800438e+01 |  -1.400000e+00 |
|   3.400000e-02 |       6.089852e-01 |       6.035141e-01 |   2.811351e+01 |   2.800430e+01 |  -1.400000e+00 |
|   3.600000e-02 |       6.089929e-01 |       6.035629e-01 |   2.811266e+01 |   2.800423e+01 |  -1.400000e+00 |
|   3.800000e-02 |       6.090008e-01 |       6.036132e-01 |   2.811178e+01 |   2.800416e+01 |  -1.400000e+00 |
|   4.000000e-02 |       6.090090e-01 |       6.036649e-01 |   2.811086e+01 |   2.800409e+01 |  -1.400000e+00 |
|   4.200000e-02 |       6.090174e-01 |       6.037176e-01 |   2.810992e+01 |   2.800403e+01 |  -1.400000e+00 |
|   4.400000e-02 |       6.090260e-01 |       6.037711e-01 |   2.810896e+01 |   2.800397e+01 |  -1.400000e+00 |
+----------------+--------------------+--------------------+----------------+----------------+----------------+


Time Step 23, time = 0.046, dt = 0.002
 * Nonlinear |R| = [32m4.337820e-02[39m (Before preset BCs, predictors, correctors, and constraints)
 0 Nonlinear |R| = [32m4.337820e-02[39m
      0 Linear |R| = [32m4.337820e-02[39m
      1 Linear |R| = [32m2.930595e-03[39m
      2 Linear |R| = [33m2.861923e-03[39m
      3 Linear |R| = [33m2.757030e-03[39m
      4 Linear |R| = [32m1.156968e-03[39m
      5 Linear |R| = [32m4.635859e-04[39m
      6 Linear |R| = [32m1.074754e-04[39m
      7 Linear |R| = [32m7.899893e-05[39m
      8 Linear |R| = [32m4.578808e-05[39m
      9 Linear |R| = [32m2.048923e-05[39m
     10 Linear |R| = [32m1.307633e-05[39m
     11 Linear |R| = [32m4.770975e-06[39m
     12 Linear |R| = [32m1.762271e-06[39m
     13 Linear |R| = [33m1.746316e-06[39m
     14 Linear |R| = [32m2.356186e-07[39m
     15 Linear |R| = [32m1.150079e-07[39m
     16 Linear |R| = [32m2.781949e-08[39m
     17 Linear |R| = [32m2.303933e-08[39m
     18 Linear |R| = [32m3.926775e-09[39m
     19 Linear |R| = [32m4.521411e-10[39m
     20 Linear |R| = [32m3.231038e-11[39m
 1 Nonlinear |R| = [32m8.215453e-06[39m
      0 Linear |R| = [32m8.215453e-06[39m
      1 Linear |R| = [32m3.096510e-07[39m
      2 Linear |R| = [33m3.081463e-07[39m
      3 Linear |R| = [32m2.146201e-07[39m
      4 Linear |R| = [32m5.775794e-08[39m
      5 Linear |R| = [32m3.008760e-08[39m
      6 Linear |R| = [32m8.526699e-09[39m
      7 Linear |R| = [33m8.493482e-09[39m
      8 Linear |R| = [32m3.250032e-09[39m
      9 Linear |R| = [32m1.924077e-09[39m
     10 Linear |R| = [32m1.274847e-09[39m
     11 Linear |R| = [32m4.040400e-10[39m
     12 Linear |R| = [32m2.172350e-10[39m
     13 Linear |R| = [32m1.794169e-10[39m
     14 Linear |R| = [32m2.825645e-11[39m
     15 Linear |R| = [32m1.075845e-11[39m
     16 Linear |R| = [32m2.905863e-12[39m
     17 Linear |R| = [33m2.905582e-12[39m
     18 Linear |R| = [32m3.884155e-13[39m
     19 Linear |R| = [32m4.204303e-14[39m
     20 Linear |R| = [32m7.816365e-15[39m
 2 Nonlinear |R| = [32m1.300731e-11[39m
[32m Solve Converged![39m

Postprocessor Values:
+----------------+----------------+----------------+----------------+----------------+----------------+----------------+
| time           | J_max          | J_min          | Jbar_max       | Jbar_min       | center_pressure| edge_ux        |
+----------------+----------------+----------------+----------------+----------------+----------------+----------------+
:                :                :                :                :                :                :                :
|   1.800000e-02 |   9.840265e-01 |   9.739958e-01 |   9.901847e-01 |   9.882691e-01 |   1.837083e-01 |   9.484738e-03 |
|   2.000000e-02 |   9.837774e-01 |   9.739898e-01 |   9.901578e-01 |   9.882465e-01 |   1.811136e-01 |   9.362338e-03 |
|   2.200000e-02 |   9.836793e-01 |   9.739829e-01 |   9.901303e-01 |   9.882249e-01 |   1.786168e-01 |   9.243020e-03 |
|   2.400000e-02 |   9.836050e-01 |   9.739747e-01 |   9.901029e-01 |   9.882044e-01 |   1.762095e-01 |   9.126232e-03 |
|   2.600000e-02 |   9.835262e-01 |   9.739650e-01 |   9.900757e-01 |   9.881848e-01 |   1.738828e-01 |   9.011619e-03 |
|   2.800000e-02 |   9.834432e-01 |   9.739536e-01 |   9.900490e-01 |   9.881661e-01 |   1.716284e-01 |   8.898942e-03 |
|   3.000000e-02 |   9.833566e-01 |   9.739407e-01 |   9.900227e-01 |   9.881481e-01 |   1.694391e-01 |   8.788038e-03 |
|   3.200000e-02 |   9.832669e-01 |   9.739263e-01 |   9.899970e-01 |   9.881310e-01 |   1.673086e-01 |   8.678790e-03 |
|   3.400000e-02 |   9.831746e-01 |   9.739106e-01 |   9.899718e-01 |   9.881145e-01 |   1.652316e-01 |   8.571113e-03 |
|   3.600000e-02 |   9.830801e-01 |   9.738937e-01 |   9.899471e-01 |   9.880986e-01 |   1.632036e-01 |   8.464937e-03 |
|   3.800000e-02 |   9.829837e-01 |   9.738758e-01 |   9.899229e-01 |   9.880834e-01 |   1.612204e-01 |   8.360208e-03 |
|   4.000000e-02 |   9.828858e-01 |   9.738570e-01 |   9.898992e-01 |   9.880687e-01 |   1.592789e-01 |   8.256879e-03 |
|   4.200000e-02 |   9.827868e-01 |   9.738374e-01 |   9.898759e-01 |   9.880546e-01 |   1.573761e-01 |   8.154908e-03 |
|   4.400000e-02 |   9.826868e-01 |   9.738171e-01 |   9.898532e-01 |   9.880409e-01 |   1.555094e-01 |   8.054259e-03 |
|   4.600000e-02 |   9.825861e-01 |   9.737963e-01 |   9.898308e-01 |   9.880276e-01 |   1.536765e-01 |   7.954898e-03 |
+----------------+----------------+----------------+----------------+----------------+----------------+----------------+
+----------------+----------------+----------------+------------------+----------------+----------------+
| time           | mass           | mass_reaction  | outflow_gradient | platen_max     | platen_min     |
+----------------+----------------+----------------+------------------+----------------+----------------+
:                :                :                :                  :                :                :
|   1.800000e-02 |   1.587803e+00 |  -4.802581e-01 |     2.484369e-01 |  -5.400564e-02 |  -5.400564e-02 |
|   2.000000e-02 |   1.586871e+00 |  -4.662248e-01 |     2.415120e-01 |  -5.413381e-02 |  -5.413381e-02 |
|   2.200000e-02 |   1.585964e+00 |  -4.537313e-01 |     2.353490e-01 |  -5.425854e-02 |  -5.425854e-02 |
|   2.400000e-02 |   1.585079e+00 |  -4.424489e-01 |     2.297801e-01 |  -5.438018e-02 |  -5.438018e-02 |
|   2.600000e-02 |   1.584214e+00 |  -4.321490e-01 |     2.246894e-01 |  -5.449899e-02 |  -5.449899e-02 |
|   2.800000e-02 |   1.583369e+00 |  -4.226659e-01 |     2.199933e-01 |  -5.461520e-02 |  -5.461520e-02 |
|   3.000000e-02 |   1.582541e+00 |  -4.138749e-01 |     2.156300e-01 |  -5.472900e-02 |  -5.472900e-02 |
|   3.200000e-02 |   1.581730e+00 |  -4.056794e-01 |     2.115515e-01 |  -5.484056e-02 |  -5.484056e-02 |
|   3.400000e-02 |   1.580934e+00 |  -3.980020e-01 |     2.077204e-01 |  -5.495001e-02 |  -5.495001e-02 |
|   3.600000e-02 |   1.580152e+00 |  -3.907796e-01 |     2.041059e-01 |  -5.505749e-02 |  -5.505749e-02 |
|   3.800000e-02 |   1.579384e+00 |  -3.839592e-01 |     2.006829e-01 |  -5.516309e-02 |  -5.516309e-02 |
|   4.000000e-02 |   1.578629e+00 |  -3.774965e-01 |     1.974299e-01 |  -5.526693e-02 |  -5.526693e-02 |
|   4.200000e-02 |   1.577887e+00 |  -3.713530e-01 |     1.943290e-01 |  -5.536909e-02 |  -5.536909e-02 |
|   4.400000e-02 |   1.577156e+00 |  -3.654958e-01 |     1.913645e-01 |  -5.546965e-02 |  -5.546965e-02 |
|   4.600000e-02 |   1.576436e+00 |  -3.598960e-01 |     1.885228e-01 |  -5.556868e-02 |  -5.556868e-02 |
+----------------+----------------+----------------+------------------+----------------+----------------+
+----------------+--------------------+--------------------+----------------+----------------+----------------+
| time           | solid_fraction_max | solid_fraction_min | stability_max  | stability_min  | top_reaction   |
+----------------+--------------------+--------------------+----------------+----------------+----------------+
:                :                    :                    :                :                :                :
|   1.800000e-02 |       6.089360e-01 |       6.032151e-01 |   2.811812e+01 |   2.800514e+01 |  -1.400000e+00 |
|   2.000000e-02 |       6.089414e-01 |       6.032406e-01 |   2.811782e+01 |   2.800500e+01 |  -1.400000e+00 |
|   2.200000e-02 |       6.089467e-01 |       6.032700e-01 |   2.811743e+01 |   2.800487e+01 |  -1.400000e+00 |
|   2.400000e-02 |       6.089522e-01 |       6.033032e-01 |   2.811695e+01 |   2.800476e+01 |  -1.400000e+00 |
|   2.600000e-02 |       6.089580e-01 |       6.033398e-01 |   2.811639e+01 |   2.800465e+01 |  -1.400000e+00 |
|   2.800000e-02 |       6.089642e-01 |       6.033796e-01 |   2.811576e+01 |   2.800456e+01 |  -1.400000e+00 |
|   3.000000e-02 |       6.089709e-01 |       6.034221e-01 |   2.811507e+01 |   2.800447e+01 |  -1.400000e+00 |
|   3.200000e-02 |       6.089779e-01 |       6.034671e-01 |   2.811431e+01 |   2.800438e+01 |  -1.400000e+00 |
|   3.400000e-02 |       6.089852e-01 |       6.035141e-01 |   2.811351e+01 |   2.800430e+01 |  -1.400000e+00 |
|   3.600000e-02 |       6.089929e-01 |       6.035629e-01 |   2.811266e+01 |   2.800423e+01 |  -1.400000e+00 |
|   3.800000e-02 |       6.090008e-01 |       6.036132e-01 |   2.811178e+01 |   2.800416e+01 |  -1.400000e+00 |
|   4.000000e-02 |       6.090090e-01 |       6.036649e-01 |   2.811086e+01 |   2.800409e+01 |  -1.400000e+00 |
|   4.200000e-02 |       6.090174e-01 |       6.037176e-01 |   2.810992e+01 |   2.800403e+01 |  -1.400000e+00 |
|   4.400000e-02 |       6.090260e-01 |       6.037711e-01 |   2.810896e+01 |   2.800397e+01 |  -1.400000e+00 |
|   4.600000e-02 |       6.090347e-01 |       6.038254e-01 |   2.810798e+01 |   2.800391e+01 |  -1.400000e+00 |
+----------------+--------------------+--------------------+----------------+----------------+----------------+


Time Step 24, time = 0.048, dt = 0.002
 * Nonlinear |R| = [32m4.271702e-02[39m (Before preset BCs, predictors, correctors, and constraints)
 0 Nonlinear |R| = [32m4.271702e-02[39m
      0 Linear |R| = [32m4.271702e-02[39m
      1 Linear |R| = [32m2.887398e-03[39m
      2 Linear |R| = [33m2.819893e-03[39m
      3 Linear |R| = [33m2.717108e-03[39m
      4 Linear |R| = [32m1.139696e-03[39m
      5 Linear |R| = [32m4.564094e-04[39m
      6 Linear |R| = [32m1.057923e-04[39m
      7 Linear |R| = [32m7.817846e-05[39m
      8 Linear |R| = [32m4.501739e-05[39m
      9 Linear |R| = [32m2.001416e-05[39m
     10 Linear |R| = [32m1.274214e-05[39m
     11 Linear |R| = [32m4.668271e-06[39m
     12 Linear |R| = [32m1.710221e-06[39m
     13 Linear |R| = [33m1.698781e-06[39m
     14 Linear |R| = [32m2.265924e-07[39m
     15 Linear |R| = [32m1.115877e-07[39m
     16 Linear |R| = [32m2.690056e-08[39m
     17 Linear |R| = [32m2.265186e-08[39m
     18 Linear |R| = [32m3.824021e-09[39m
     19 Linear |R| = [32m4.426017e-10[39m
     20 Linear |R| = [32m3.198439e-11[39m
 1 Nonlinear |R| = [32m7.990736e-06[39m
      0 Linear |R| = [32m7.990736e-06[39m
      1 Linear |R| = [32m3.013512e-07[39m
      2 Linear |R| = [33m2.998504e-07[39m
      3 Linear |R| = [32m2.062563e-07[39m
      4 Linear |R| = [32m5.657135e-08[39m
      5 Linear |R| = [32m2.882993e-08[39m
      6 Linear |R| = [32m8.297582e-09[39m
      7 Linear |R| = [33m8.226968e-09[39m
      8 Linear |R| = [32m3.189355e-09[39m
      9 Linear |R| = [32m1.758337e-09[39m
     10 Linear |R| = [32m1.152964e-09[39m
     11 Linear |R| = [32m3.704139e-10[39m
     12 Linear |R| = [32m2.074880e-10[39m
     13 Linear |R| = [32m1.602631e-10[39m
     14 Linear |R| = [32m2.442738e-11[39m
     15 Linear |R| = [32m9.525831e-12[39m
     16 Linear |R| = [32m2.796633e-12[39m
     17 Linear |R| = [33m2.782351e-12[39m
     18 Linear |R| = [32m3.533444e-13[39m
     19 Linear |R| = [32m4.424990e-14[39m
     20 Linear |R| = [32m7.840511e-15[39m
 2 Nonlinear |R| = [32m1.455864e-11[39m
[32m Solve Converged![39m

Postprocessor Values:
+----------------+----------------+----------------+----------------+----------------+----------------+----------------+
| time           | J_max          | J_min          | Jbar_max       | Jbar_min       | center_pressure| edge_ux        |
+----------------+----------------+----------------+----------------+----------------+----------------+----------------+
:                :                :                :                :                :                :                :
|   2.000000e-02 |   9.837774e-01 |   9.739898e-01 |   9.901578e-01 |   9.882465e-01 |   1.811136e-01 |   9.362338e-03 |
|   2.200000e-02 |   9.836793e-01 |   9.739829e-01 |   9.901303e-01 |   9.882249e-01 |   1.786168e-01 |   9.243020e-03 |
|   2.400000e-02 |   9.836050e-01 |   9.739747e-01 |   9.901029e-01 |   9.882044e-01 |   1.762095e-01 |   9.126232e-03 |
|   2.600000e-02 |   9.835262e-01 |   9.739650e-01 |   9.900757e-01 |   9.881848e-01 |   1.738828e-01 |   9.011619e-03 |
|   2.800000e-02 |   9.834432e-01 |   9.739536e-01 |   9.900490e-01 |   9.881661e-01 |   1.716284e-01 |   8.898942e-03 |
|   3.000000e-02 |   9.833566e-01 |   9.739407e-01 |   9.900227e-01 |   9.881481e-01 |   1.694391e-01 |   8.788038e-03 |
|   3.200000e-02 |   9.832669e-01 |   9.739263e-01 |   9.899970e-01 |   9.881310e-01 |   1.673086e-01 |   8.678790e-03 |
|   3.400000e-02 |   9.831746e-01 |   9.739106e-01 |   9.899718e-01 |   9.881145e-01 |   1.652316e-01 |   8.571113e-03 |
|   3.600000e-02 |   9.830801e-01 |   9.738937e-01 |   9.899471e-01 |   9.880986e-01 |   1.632036e-01 |   8.464937e-03 |
|   3.800000e-02 |   9.829837e-01 |   9.738758e-01 |   9.899229e-01 |   9.880834e-01 |   1.612204e-01 |   8.360208e-03 |
|   4.000000e-02 |   9.828858e-01 |   9.738570e-01 |   9.898992e-01 |   9.880687e-01 |   1.592789e-01 |   8.256879e-03 |
|   4.200000e-02 |   9.827868e-01 |   9.738374e-01 |   9.898759e-01 |   9.880546e-01 |   1.573761e-01 |   8.154908e-03 |
|   4.400000e-02 |   9.826868e-01 |   9.738171e-01 |   9.898532e-01 |   9.880409e-01 |   1.555094e-01 |   8.054259e-03 |
|   4.600000e-02 |   9.825861e-01 |   9.737963e-01 |   9.898308e-01 |   9.880276e-01 |   1.536765e-01 |   7.954898e-03 |
|   4.800000e-02 |   9.824850e-01 |   9.737750e-01 |   9.898088e-01 |   9.880148e-01 |   1.518756e-01 |   7.856794e-03 |
+----------------+----------------+----------------+----------------+----------------+----------------+----------------+
+----------------+----------------+----------------+------------------+----------------+----------------+
| time           | mass           | mass_reaction  | outflow_gradient | platen_max     | platen_min     |
+----------------+----------------+----------------+------------------+----------------+----------------+
:                :                :                :                  :                :                :
|   2.000000e-02 |   1.586871e+00 |  -4.662248e-01 |     2.415120e-01 |  -5.413381e-02 |  -5.413381e-02 |
|   2.200000e-02 |   1.585964e+00 |  -4.537313e-01 |     2.353490e-01 |  -5.425854e-02 |  -5.425854e-02 |
|   2.400000e-02 |   1.585079e+00 |  -4.424489e-01 |     2.297801e-01 |  -5.438018e-02 |  -5.438018e-02 |
|   2.600000e-02 |   1.584214e+00 |  -4.321490e-01 |     2.246894e-01 |  -5.449899e-02 |  -5.449899e-02 |
|   2.800000e-02 |   1.583369e+00 |  -4.226659e-01 |     2.199933e-01 |  -5.461520e-02 |  -5.461520e-02 |
|   3.000000e-02 |   1.582541e+00 |  -4.138749e-01 |     2.156300e-01 |  -5.472900e-02 |  -5.472900e-02 |
|   3.200000e-02 |   1.581730e+00 |  -4.056794e-01 |     2.115515e-01 |  -5.484056e-02 |  -5.484056e-02 |
|   3.400000e-02 |   1.580934e+00 |  -3.980020e-01 |     2.077204e-01 |  -5.495001e-02 |  -5.495001e-02 |
|   3.600000e-02 |   1.580152e+00 |  -3.907796e-01 |     2.041059e-01 |  -5.505749e-02 |  -5.505749e-02 |
|   3.800000e-02 |   1.579384e+00 |  -3.839592e-01 |     2.006829e-01 |  -5.516309e-02 |  -5.516309e-02 |
|   4.000000e-02 |   1.578629e+00 |  -3.774965e-01 |     1.974299e-01 |  -5.526693e-02 |  -5.526693e-02 |
|   4.200000e-02 |   1.577887e+00 |  -3.713530e-01 |     1.943290e-01 |  -5.536909e-02 |  -5.536909e-02 |
|   4.400000e-02 |   1.577156e+00 |  -3.654958e-01 |     1.913645e-01 |  -5.546965e-02 |  -5.546965e-02 |
|   4.600000e-02 |   1.576436e+00 |  -3.598960e-01 |     1.885228e-01 |  -5.556868e-02 |  -5.556868e-02 |
|   4.800000e-02 |   1.575727e+00 |  -3.545284e-01 |     1.857921e-01 |  -5.566625e-02 |  -5.566625e-02 |
+----------------+----------------+----------------+------------------+----------------+----------------+
+----------------+--------------------+--------------------+----------------+----------------+----------------+
| time           | solid_fraction_max | solid_fraction_min | stability_max  | stability_min  | top_reaction   |
+----------------+--------------------+--------------------+----------------+----------------+----------------+
:                :                    :                    :                :                :                :
|   2.000000e-02 |       6.089414e-01 |       6.032406e-01 |   2.811782e+01 |   2.800500e+01 |  -1.400000e+00 |
|   2.200000e-02 |       6.089467e-01 |       6.032700e-01 |   2.811743e+01 |   2.800487e+01 |  -1.400000e+00 |
|   2.400000e-02 |       6.089522e-01 |       6.033032e-01 |   2.811695e+01 |   2.800476e+01 |  -1.400000e+00 |
|   2.600000e-02 |       6.089580e-01 |       6.033398e-01 |   2.811639e+01 |   2.800465e+01 |  -1.400000e+00 |
|   2.800000e-02 |       6.089642e-01 |       6.033796e-01 |   2.811576e+01 |   2.800456e+01 |  -1.400000e+00 |
|   3.000000e-02 |       6.089709e-01 |       6.034221e-01 |   2.811507e+01 |   2.800447e+01 |  -1.400000e+00 |
|   3.200000e-02 |       6.089779e-01 |       6.034671e-01 |   2.811431e+01 |   2.800438e+01 |  -1.400000e+00 |
|   3.400000e-02 |       6.089852e-01 |       6.035141e-01 |   2.811351e+01 |   2.800430e+01 |  -1.400000e+00 |
|   3.600000e-02 |       6.089929e-01 |       6.035629e-01 |   2.811266e+01 |   2.800423e+01 |  -1.400000e+00 |
|   3.800000e-02 |       6.090008e-01 |       6.036132e-01 |   2.811178e+01 |   2.800416e+01 |  -1.400000e+00 |
|   4.000000e-02 |       6.090090e-01 |       6.036649e-01 |   2.811086e+01 |   2.800409e+01 |  -1.400000e+00 |
|   4.200000e-02 |       6.090174e-01 |       6.037176e-01 |   2.810992e+01 |   2.800403e+01 |  -1.400000e+00 |
|   4.400000e-02 |       6.090260e-01 |       6.037711e-01 |   2.810896e+01 |   2.800397e+01 |  -1.400000e+00 |
|   4.600000e-02 |       6.090347e-01 |       6.038254e-01 |   2.810798e+01 |   2.800391e+01 |  -1.400000e+00 |
|   4.800000e-02 |       6.090436e-01 |       6.038802e-01 |   2.810702e+01 |   2.800386e+01 |  -1.400000e+00 |
+----------------+--------------------+--------------------+----------------+----------------+----------------+


Time Step 25, time = 0.05, dt = 0.002
 * Nonlinear |R| = [32m4.209424e-02[39m (Before preset BCs, predictors, correctors, and constraints)
 0 Nonlinear |R| = [32m4.209424e-02[39m
      0 Linear |R| = [32m4.209424e-02[39m
      1 Linear |R| = [32m2.845917e-03[39m
      2 Linear |R| = [33m2.779525e-03[39m
      3 Linear |R| = [33m2.678684e-03[39m
      4 Linear |R| = [32m1.123008e-03[39m
      5 Linear |R| = [32m4.495039e-04[39m
      6 Linear |R| = [32m1.040157e-04[39m
      7 Linear |R| = [32m7.634681e-05[39m
      8 Linear |R| = [32m4.425558e-05[39m
      9 Linear |R| = [32m1.957317e-05[39m
     10 Linear |R| = [32m1.243362e-05[39m
     11 Linear |R| = [32m4.572083e-06[39m
     12 Linear |R| = [32m1.678161e-06[39m
     13 Linear |R| = [33m1.660608e-06[39m
     14 Linear |R| = [32m2.183661e-07[39m
     15 Linear |R| = [32m1.083739e-07[39m
     16 Linear |R| = [32m2.606502e-08[39m
     17 Linear |R| = [32m2.321728e-08[39m
     18 Linear |R| = [32m3.727072e-09[39m
     19 Linear |R| = [32m4.336157e-10[39m
     20 Linear |R| = [32m3.285016e-11[39m
 1 Nonlinear |R| = [32m7.777852e-06[39m
      0 Linear |R| = [32m7.777852e-06[39m
      1 Linear |R| = [32m2.918139e-07[39m
      2 Linear |R| = [33m2.906397e-07[39m
      3 Linear |R| = [32m2.021852e-07[39m
      4 Linear |R| = [32m5.385149e-08[39m
      5 Linear |R| = [32m2.827746e-08[39m
      6 Linear |R| = [32m8.213595e-09[39m
      7 Linear |R| = [33m8.142582e-09[39m
      8 Linear |R| = [32m3.214381e-09[39m
      9 Linear |R| = [32m1.655997e-09[39m
     10 Linear |R| = [32m1.075382e-09[39m
     11 Linear |R| = [32m3.548970e-10[39m
     12 Linear |R| = [32m2.075945e-10[39m
     13 Linear |R| = [32m1.543481e-10[39m
     14 Linear |R| = [32m2.049458e-11[39m
     15 Linear |R| = [32m8.983981e-12[39m
     16 Linear |R| = [32m2.499994e-12[39m
     17 Linear |R| = [33m2.459325e-12[39m
     18 Linear |R| = [32m3.350279e-13[39m
     19 Linear |R| = [32m3.863062e-14[39m
     20 Linear |R| = [32m8.449527e-15[39m
     21 Linear |R| = [32m2.065183e-15[39m
 2 Nonlinear |R| = [32m1.420197e-11[39m
[32m Solve Converged![39m

Postprocessor Values:
+----------------+----------------+----------------+----------------+----------------+----------------+----------------+
| time           | J_max          | J_min          | Jbar_max       | Jbar_min       | center_pressure| edge_ux        |
+----------------+----------------+----------------+----------------+----------------+----------------+----------------+
:                :                :                :                :                :                :                :
|   2.200000e-02 |   9.836793e-01 |   9.739829e-01 |   9.901303e-01 |   9.882249e-01 |   1.786168e-01 |   9.243020e-03 |
|   2.400000e-02 |   9.836050e-01 |   9.739747e-01 |   9.901029e-01 |   9.882044e-01 |   1.762095e-01 |   9.126232e-03 |
|   2.600000e-02 |   9.835262e-01 |   9.739650e-01 |   9.900757e-01 |   9.881848e-01 |   1.738828e-01 |   9.011619e-03 |
|   2.800000e-02 |   9.834432e-01 |   9.739536e-01 |   9.900490e-01 |   9.881661e-01 |   1.716284e-01 |   8.898942e-03 |
|   3.000000e-02 |   9.833566e-01 |   9.739407e-01 |   9.900227e-01 |   9.881481e-01 |   1.694391e-01 |   8.788038e-03 |
|   3.200000e-02 |   9.832669e-01 |   9.739263e-01 |   9.899970e-01 |   9.881310e-01 |   1.673086e-01 |   8.678790e-03 |
|   3.400000e-02 |   9.831746e-01 |   9.739106e-01 |   9.899718e-01 |   9.881145e-01 |   1.652316e-01 |   8.571113e-03 |
|   3.600000e-02 |   9.830801e-01 |   9.738937e-01 |   9.899471e-01 |   9.880986e-01 |   1.632036e-01 |   8.464937e-03 |
|   3.800000e-02 |   9.829837e-01 |   9.738758e-01 |   9.899229e-01 |   9.880834e-01 |   1.612204e-01 |   8.360208e-03 |
|   4.000000e-02 |   9.828858e-01 |   9.738570e-01 |   9.898992e-01 |   9.880687e-01 |   1.592789e-01 |   8.256879e-03 |
|   4.200000e-02 |   9.827868e-01 |   9.738374e-01 |   9.898759e-01 |   9.880546e-01 |   1.573761e-01 |   8.154908e-03 |
|   4.400000e-02 |   9.826868e-01 |   9.738171e-01 |   9.898532e-01 |   9.880409e-01 |   1.555094e-01 |   8.054259e-03 |
|   4.600000e-02 |   9.825861e-01 |   9.737963e-01 |   9.898308e-01 |   9.880276e-01 |   1.536765e-01 |   7.954898e-03 |
|   4.800000e-02 |   9.824850e-01 |   9.737750e-01 |   9.898088e-01 |   9.880148e-01 |   1.518756e-01 |   7.856794e-03 |
|   5.000000e-02 |   9.823836e-01 |   9.737532e-01 |   9.897872e-01 |   9.880023e-01 |   1.501047e-01 |   7.759918e-03 |
+----------------+----------------+----------------+----------------+----------------+----------------+----------------+
+----------------+----------------+----------------+------------------+----------------+----------------+
| time           | mass           | mass_reaction  | outflow_gradient | platen_max     | platen_min     |
+----------------+----------------+----------------+------------------+----------------+----------------+
:                :                :                :                  :                :                :
|   2.200000e-02 |   1.585964e+00 |  -4.537313e-01 |     2.353490e-01 |  -5.425854e-02 |  -5.425854e-02 |
|   2.400000e-02 |   1.585079e+00 |  -4.424489e-01 |     2.297801e-01 |  -5.438018e-02 |  -5.438018e-02 |
|   2.600000e-02 |   1.584214e+00 |  -4.321490e-01 |     2.246894e-01 |  -5.449899e-02 |  -5.449899e-02 |
|   2.800000e-02 |   1.583369e+00 |  -4.226659e-01 |     2.199933e-01 |  -5.461520e-02 |  -5.461520e-02 |
|   3.000000e-02 |   1.582541e+00 |  -4.138749e-01 |     2.156300e-01 |  -5.472900e-02 |  -5.472900e-02 |
|   3.200000e-02 |   1.581730e+00 |  -4.056794e-01 |     2.115515e-01 |  -5.484056e-02 |  -5.484056e-02 |
|   3.400000e-02 |   1.580934e+00 |  -3.980020e-01 |     2.077204e-01 |  -5.495001e-02 |  -5.495001e-02 |
|   3.600000e-02 |   1.580152e+00 |  -3.907796e-01 |     2.041059e-01 |  -5.505749e-02 |  -5.505749e-02 |
|   3.800000e-02 |   1.579384e+00 |  -3.839592e-01 |     2.006829e-01 |  -5.516309e-02 |  -5.516309e-02 |
|   4.000000e-02 |   1.578629e+00 |  -3.774965e-01 |     1.974299e-01 |  -5.526693e-02 |  -5.526693e-02 |
|   4.200000e-02 |   1.577887e+00 |  -3.713530e-01 |     1.943290e-01 |  -5.536909e-02 |  -5.536909e-02 |
|   4.400000e-02 |   1.577156e+00 |  -3.654958e-01 |     1.913645e-01 |  -5.546965e-02 |  -5.546965e-02 |
|   4.600000e-02 |   1.576436e+00 |  -3.598960e-01 |     1.885228e-01 |  -5.556868e-02 |  -5.556868e-02 |
|   4.800000e-02 |   1.575727e+00 |  -3.545284e-01 |     1.857921e-01 |  -5.566625e-02 |  -5.566625e-02 |
|   5.000000e-02 |   1.575028e+00 |  -3.493708e-01 |     1.831618e-01 |  -5.576240e-02 |  -5.576240e-02 |
+----------------+----------------+----------------+------------------+----------------+----------------+
+----------------+--------------------+--------------------+----------------+----------------+----------------+
| time           | solid_fraction_max | solid_fraction_min | stability_max  | stability_min  | top_reaction   |
+----------------+--------------------+--------------------+----------------+----------------+----------------+
:                :                    :                    :                :                :                :
|   2.200000e-02 |       6.089467e-01 |       6.032700e-01 |   2.811743e+01 |   2.800487e+01 |  -1.400000e+00 |
|   2.400000e-02 |       6.089522e-01 |       6.033032e-01 |   2.811695e+01 |   2.800476e+01 |  -1.400000e+00 |
|   2.600000e-02 |       6.089580e-01 |       6.033398e-01 |   2.811639e+01 |   2.800465e+01 |  -1.400000e+00 |
|   2.800000e-02 |       6.089642e-01 |       6.033796e-01 |   2.811576e+01 |   2.800456e+01 |  -1.400000e+00 |
|   3.000000e-02 |       6.089709e-01 |       6.034221e-01 |   2.811507e+01 |   2.800447e+01 |  -1.400000e+00 |
|   3.200000e-02 |       6.089779e-01 |       6.034671e-01 |   2.811431e+01 |   2.800438e+01 |  -1.400000e+00 |
|   3.400000e-02 |       6.089852e-01 |       6.035141e-01 |   2.811351e+01 |   2.800430e+01 |  -1.400000e+00 |
|   3.600000e-02 |       6.089929e-01 |       6.035629e-01 |   2.811266e+01 |   2.800423e+01 |  -1.400000e+00 |
|   3.800000e-02 |       6.090008e-01 |       6.036132e-01 |   2.811178e+01 |   2.800416e+01 |  -1.400000e+00 |
|   4.000000e-02 |       6.090090e-01 |       6.036649e-01 |   2.811086e+01 |   2.800409e+01 |  -1.400000e+00 |
|   4.200000e-02 |       6.090174e-01 |       6.037176e-01 |   2.810992e+01 |   2.800403e+01 |  -1.400000e+00 |
|   4.400000e-02 |       6.090260e-01 |       6.037711e-01 |   2.810896e+01 |   2.800397e+01 |  -1.400000e+00 |
|   4.600000e-02 |       6.090347e-01 |       6.038254e-01 |   2.810798e+01 |   2.800391e+01 |  -1.400000e+00 |
|   4.800000e-02 |       6.090436e-01 |       6.038802e-01 |   2.810702e+01 |   2.800386e+01 |  -1.400000e+00 |
|   5.000000e-02 |       6.090525e-01 |       6.039355e-01 |   2.810603e+01 |   2.800380e+01 |  -1.400000e+00 |
+----------------+--------------------+--------------------+----------------+----------------+----------------+


Time Step 26, time = 0.052, dt = 0.002
 * Nonlinear |R| = [32m4.150370e-02[39m (Before preset BCs, predictors, correctors, and constraints)
 0 Nonlinear |R| = [32m4.150370e-02[39m
      0 Linear |R| = [32m4.150370e-02[39m
      1 Linear |R| = [32m2.805985e-03[39m
      2 Linear |R| = [33m2.740648e-03[39m
      3 Linear |R| = [33m2.641641e-03[39m
      4 Linear |R| = [32m1.106963e-03[39m
      5 Linear |R| = [32m4.429486e-04[39m
      6 Linear |R| = [32m1.025499e-04[39m
      7 Linear |R| = [32m7.621409e-05[39m
      8 Linear |R| = [32m4.354215e-05[39m
      9 Linear |R| = [32m1.916277e-05[39m
     10 Linear |R| = [32m1.214795e-05[39m
     11 Linear |R| = [32m4.481789e-06[39m
     12 Linear |R| = [32m1.653159e-06[39m
     13 Linear |R| = [33m1.625359e-06[39m
     14 Linear |R| = [32m2.108576e-07[39m
     15 Linear |R| = [32m1.053573e-07[39m
     16 Linear |R| = [32m2.525588e-08[39m
     17 Linear |R| = [32m2.243450e-08[39m
     18 Linear |R| = [32m3.635469e-09[39m
     19 Linear |R| = [32m4.251188e-10[39m
     20 Linear |R| = [32m3.089166e-11[39m
 1 Nonlinear |R| = [32m7.579493e-06[39m
      0 Linear |R| = [32m7.579493e-06[39m
      1 Linear |R| = [32m2.843755e-07[39m
      2 Linear |R| = [33m2.831831e-07[39m
      3 Linear |R| = [32m1.975080e-07[39m
      4 Linear |R| = [32m5.014704e-08[39m
      5 Linear |R| = [32m2.730105e-08[39m
      6 Linear |R| = [32m7.955778e-09[39m
      7 Linear |R| = [33m7.894006e-09[39m
      8 Linear |R| = [32m3.061859e-09[39m
      9 Linear |R| = [32m1.550744e-09[39m
     10 Linear |R| = [32m1.000244e-09[39m
     11 Linear |R| = [32m3.342272e-10[39m
     12 Linear |R| = [32m1.810865e-10[39m
     13 Linear |R| = [32m1.415954e-10[39m
     14 Linear |R| = [32m1.720435e-11[39m
     15 Linear |R| = [32m7.795414e-12[39m
     16 Linear |R| = [32m2.190955e-12[39m
     17 Linear |R| = [33m2.180690e-12[39m
     18 Linear |R| = [32m3.016266e-13[39m
     19 Linear |R| = [32m3.852088e-14[39m
     20 Linear |R| = [32m6.061136e-15[39m
 2 Nonlinear |R| = [32m1.498900e-11[39m
[32m Solve Converged![39m

Postprocessor Values:
+----------------+----------------+----------------+----------------+----------------+----------------+----------------+
| time           | J_max          | J_min          | Jbar_max       | Jbar_min       | center_pressure| edge_ux        |
+----------------+----------------+----------------+----------------+----------------+----------------+----------------+
:                :                :                :                :                :                :                :
|   2.400000e-02 |   9.836050e-01 |   9.739747e-01 |   9.901029e-01 |   9.882044e-01 |   1.762095e-01 |   9.126232e-03 |
|   2.600000e-02 |   9.835262e-01 |   9.739650e-01 |   9.900757e-01 |   9.881848e-01 |   1.738828e-01 |   9.011619e-03 |
|   2.800000e-02 |   9.834432e-01 |   9.739536e-01 |   9.900490e-01 |   9.881661e-01 |   1.716284e-01 |   8.898942e-03 |
|   3.000000e-02 |   9.833566e-01 |   9.739407e-01 |   9.900227e-01 |   9.881481e-01 |   1.694391e-01 |   8.788038e-03 |
|   3.200000e-02 |   9.832669e-01 |   9.739263e-01 |   9.899970e-01 |   9.881310e-01 |   1.673086e-01 |   8.678790e-03 |
|   3.400000e-02 |   9.831746e-01 |   9.739106e-01 |   9.899718e-01 |   9.881145e-01 |   1.652316e-01 |   8.571113e-03 |
|   3.600000e-02 |   9.830801e-01 |   9.738937e-01 |   9.899471e-01 |   9.880986e-01 |   1.632036e-01 |   8.464937e-03 |
|   3.800000e-02 |   9.829837e-01 |   9.738758e-01 |   9.899229e-01 |   9.880834e-01 |   1.612204e-01 |   8.360208e-03 |
|   4.000000e-02 |   9.828858e-01 |   9.738570e-01 |   9.898992e-01 |   9.880687e-01 |   1.592789e-01 |   8.256879e-03 |
|   4.200000e-02 |   9.827868e-01 |   9.738374e-01 |   9.898759e-01 |   9.880546e-01 |   1.573761e-01 |   8.154908e-03 |
|   4.400000e-02 |   9.826868e-01 |   9.738171e-01 |   9.898532e-01 |   9.880409e-01 |   1.555094e-01 |   8.054259e-03 |
|   4.600000e-02 |   9.825861e-01 |   9.737963e-01 |   9.898308e-01 |   9.880276e-01 |   1.536765e-01 |   7.954898e-03 |
|   4.800000e-02 |   9.824850e-01 |   9.737750e-01 |   9.898088e-01 |   9.880148e-01 |   1.518756e-01 |   7.856794e-03 |
|   5.000000e-02 |   9.823836e-01 |   9.737532e-01 |   9.897872e-01 |   9.880023e-01 |   1.501047e-01 |   7.759918e-03 |
|   5.200000e-02 |   9.822821e-01 |   9.737312e-01 |   9.897660e-01 |   9.879902e-01 |   1.483625e-01 |   7.664243e-03 |
+----------------+----------------+----------------+----------------+----------------+----------------+----------------+
+----------------+----------------+----------------+------------------+----------------+----------------+
| time           | mass           | mass_reaction  | outflow_gradient | platen_max     | platen_min     |
+----------------+----------------+----------------+------------------+----------------+----------------+
:                :                :                :                  :                :                :
|   2.400000e-02 |   1.585079e+00 |  -4.424489e-01 |     2.297801e-01 |  -5.438018e-02 |  -5.438018e-02 |
|   2.600000e-02 |   1.584214e+00 |  -4.321490e-01 |     2.246894e-01 |  -5.449899e-02 |  -5.449899e-02 |
|   2.800000e-02 |   1.583369e+00 |  -4.226659e-01 |     2.199933e-01 |  -5.461520e-02 |  -5.461520e-02 |
|   3.000000e-02 |   1.582541e+00 |  -4.138749e-01 |     2.156300e-01 |  -5.472900e-02 |  -5.472900e-02 |
|   3.200000e-02 |   1.581730e+00 |  -4.056794e-01 |     2.115515e-01 |  -5.484056e-02 |  -5.484056e-02 |
|   3.400000e-02 |   1.580934e+00 |  -3.980020e-01 |     2.077204e-01 |  -5.495001e-02 |  -5.495001e-02 |
|   3.600000e-02 |   1.580152e+00 |  -3.907796e-01 |     2.041059e-01 |  -5.505749e-02 |  -5.505749e-02 |
|   3.800000e-02 |   1.579384e+00 |  -3.839592e-01 |     2.006829e-01 |  -5.516309e-02 |  -5.516309e-02 |
|   4.000000e-02 |   1.578629e+00 |  -3.774965e-01 |     1.974299e-01 |  -5.526693e-02 |  -5.526693e-02 |
|   4.200000e-02 |   1.577887e+00 |  -3.713530e-01 |     1.943290e-01 |  -5.536909e-02 |  -5.536909e-02 |
|   4.400000e-02 |   1.577156e+00 |  -3.654958e-01 |     1.913645e-01 |  -5.546965e-02 |  -5.546965e-02 |
|   4.600000e-02 |   1.576436e+00 |  -3.598960e-01 |     1.885228e-01 |  -5.556868e-02 |  -5.556868e-02 |
|   4.800000e-02 |   1.575727e+00 |  -3.545284e-01 |     1.857921e-01 |  -5.566625e-02 |  -5.566625e-02 |
|   5.000000e-02 |   1.575028e+00 |  -3.493708e-01 |     1.831618e-01 |  -5.576240e-02 |  -5.576240e-02 |
|   5.200000e-02 |   1.574339e+00 |  -3.444036e-01 |     1.806229e-01 |  -5.585720e-02 |  -5.585720e-02 |
+----------------+----------------+----------------+------------------+----------------+----------------+
+----------------+--------------------+--------------------+----------------+----------------+----------------+
| time           | solid_fraction_max | solid_fraction_min | stability_max  | stability_min  | top_reaction   |
+----------------+--------------------+--------------------+----------------+----------------+----------------+
:                :                    :                    :                :                :                :
|   2.400000e-02 |       6.089522e-01 |       6.033032e-01 |   2.811695e+01 |   2.800476e+01 |  -1.400000e+00 |
|   2.600000e-02 |       6.089580e-01 |       6.033398e-01 |   2.811639e+01 |   2.800465e+01 |  -1.400000e+00 |
|   2.800000e-02 |       6.089642e-01 |       6.033796e-01 |   2.811576e+01 |   2.800456e+01 |  -1.400000e+00 |
|   3.000000e-02 |       6.089709e-01 |       6.034221e-01 |   2.811507e+01 |   2.800447e+01 |  -1.400000e+00 |
|   3.200000e-02 |       6.089779e-01 |       6.034671e-01 |   2.811431e+01 |   2.800438e+01 |  -1.400000e+00 |
|   3.400000e-02 |       6.089852e-01 |       6.035141e-01 |   2.811351e+01 |   2.800430e+01 |  -1.400000e+00 |
|   3.600000e-02 |       6.089929e-01 |       6.035629e-01 |   2.811266e+01 |   2.800423e+01 |  -1.400000e+00 |
|   3.800000e-02 |       6.090008e-01 |       6.036132e-01 |   2.811178e+01 |   2.800416e+01 |  -1.400000e+00 |
|   4.000000e-02 |       6.090090e-01 |       6.036649e-01 |   2.811086e+01 |   2.800409e+01 |  -1.400000e+00 |
|   4.200000e-02 |       6.090174e-01 |       6.037176e-01 |   2.810992e+01 |   2.800403e+01 |  -1.400000e+00 |
|   4.400000e-02 |       6.090260e-01 |       6.037711e-01 |   2.810896e+01 |   2.800397e+01 |  -1.400000e+00 |
|   4.600000e-02 |       6.090347e-01 |       6.038254e-01 |   2.810798e+01 |   2.800391e+01 |  -1.400000e+00 |
|   4.800000e-02 |       6.090436e-01 |       6.038802e-01 |   2.810702e+01 |   2.800386e+01 |  -1.400000e+00 |
|   5.000000e-02 |       6.090525e-01 |       6.039355e-01 |   2.810603e+01 |   2.800380e+01 |  -1.400000e+00 |
|   5.200000e-02 |       6.090615e-01 |       6.039910e-01 |   2.810504e+01 |   2.800375e+01 |  -1.400000e+00 |
+----------------+--------------------+--------------------+----------------+----------------+----------------+


Time Step 27, time = 0.054, dt = 0.002
 * Nonlinear |R| = [32m4.094036e-02[39m (Before preset BCs, predictors, correctors, and constraints)
 0 Nonlinear |R| = [32m4.094036e-02[39m
      0 Linear |R| = [32m4.094036e-02[39m
      1 Linear |R| = [32m2.767455e-03[39m
      2 Linear |R| = [33m2.703120e-03[39m
      3 Linear |R| = [33m2.605852e-03[39m
      4 Linear |R| = [32m1.091495e-03[39m
      5 Linear |R| = [32m4.366949e-04[39m
      6 Linear |R| = [32m1.010095e-04[39m
      7 Linear |R| = [32m7.329390e-05[39m
      8 Linear |R| = [32m4.283229e-05[39m
      9 Linear |R| = [32m1.877956e-05[39m
     10 Linear |R| = [32m1.188262e-05[39m
     11 Linear |R| = [32m4.396309e-06[39m
     12 Linear |R| = [32m1.600931e-06[39m
     13 Linear |R| = [33m1.585083e-06[39m
     14 Linear |R| = [32m2.039946e-07[39m
     15 Linear |R| = [32m1.025268e-07[39m
     16 Linear |R| = [32m2.449232e-08[39m
     17 Linear |R| = [32m2.120024e-08[39m
     18 Linear |R| = [32m3.548973e-09[39m
     19 Linear |R| = [32m4.170767e-10[39m
     20 Linear |R| = [32m2.919069e-11[39m
 1 Nonlinear |R| = [32m7.401420e-06[39m
      0 Linear |R| = [32m7.401420e-06[39m
      1 Linear |R| = [32m2.763908e-07[39m
      2 Linear |R| = [33m2.752626e-07[39m
      3 Linear |R| = [32m1.927761e-07[39m
      4 Linear |R| = [32m4.741048e-08[39m
      5 Linear |R| = [32m2.642542e-08[39m
      6 Linear |R| = [32m7.644807e-09[39m
      7 Linear |R| = [33m7.605971e-09[39m
      8 Linear |R| = [32m2.871355e-09[39m
      9 Linear |R| = [32m1.458901e-09[39m
     10 Linear |R| = [32m9.403919e-10[39m
     11 Linear |R| = [32m3.172217e-10[39m
     12 Linear |R| = [32m1.707211e-10[39m
     13 Linear |R| = [32m1.244465e-10[39m
     14 Linear |R| = [32m1.391923e-11[39m
     15 Linear |R| = [32m6.555701e-12[39m
     16 Linear |R| = [32m1.715132e-12[39m
     17 Linear |R| = [33m1.668289e-12[39m
     18 Linear |R| = [32m2.518921e-13[39m
     19 Linear |R| = [32m3.382620e-14[39m
     20 Linear |R| = [32m7.571684e-15[39m
     21 Linear |R| = [32m2.135872e-15[39m
 2 Nonlinear |R| = [32m1.301233e-11[39m
[32m Solve Converged![39m

Postprocessor Values:
+----------------+----------------+----------------+----------------+----------------+----------------+----------------+
| time           | J_max          | J_min          | Jbar_max       | Jbar_min       | center_pressure| edge_ux        |
+----------------+----------------+----------------+----------------+----------------+----------------+----------------+
:                :                :                :                :                :                :                :
|   2.600000e-02 |   9.835262e-01 |   9.739650e-01 |   9.900757e-01 |   9.881848e-01 |   1.738828e-01 |   9.011619e-03 |
|   2.800000e-02 |   9.834432e-01 |   9.739536e-01 |   9.900490e-01 |   9.881661e-01 |   1.716284e-01 |   8.898942e-03 |
|   3.000000e-02 |   9.833566e-01 |   9.739407e-01 |   9.900227e-01 |   9.881481e-01 |   1.694391e-01 |   8.788038e-03 |
|   3.200000e-02 |   9.832669e-01 |   9.739263e-01 |   9.899970e-01 |   9.881310e-01 |   1.673086e-01 |   8.678790e-03 |
|   3.400000e-02 |   9.831746e-01 |   9.739106e-01 |   9.899718e-01 |   9.881145e-01 |   1.652316e-01 |   8.571113e-03 |
|   3.600000e-02 |   9.830801e-01 |   9.738937e-01 |   9.899471e-01 |   9.880986e-01 |   1.632036e-01 |   8.464937e-03 |
|   3.800000e-02 |   9.829837e-01 |   9.738758e-01 |   9.899229e-01 |   9.880834e-01 |   1.612204e-01 |   8.360208e-03 |
|   4.000000e-02 |   9.828858e-01 |   9.738570e-01 |   9.898992e-01 |   9.880687e-01 |   1.592789e-01 |   8.256879e-03 |
|   4.200000e-02 |   9.827868e-01 |   9.738374e-01 |   9.898759e-01 |   9.880546e-01 |   1.573761e-01 |   8.154908e-03 |
|   4.400000e-02 |   9.826868e-01 |   9.738171e-01 |   9.898532e-01 |   9.880409e-01 |   1.555094e-01 |   8.054259e-03 |
|   4.600000e-02 |   9.825861e-01 |   9.737963e-01 |   9.898308e-01 |   9.880276e-01 |   1.536765e-01 |   7.954898e-03 |
|   4.800000e-02 |   9.824850e-01 |   9.737750e-01 |   9.898088e-01 |   9.880148e-01 |   1.518756e-01 |   7.856794e-03 |
|   5.000000e-02 |   9.823836e-01 |   9.737532e-01 |   9.897872e-01 |   9.880023e-01 |   1.501047e-01 |   7.759918e-03 |
|   5.200000e-02 |   9.822821e-01 |   9.737312e-01 |   9.897660e-01 |   9.879902e-01 |   1.483625e-01 |   7.664243e-03 |
|   5.400000e-02 |   9.821806e-01 |   9.737089e-01 |   9.897451e-01 |   9.879784e-01 |   1.466474e-01 |   7.569745e-03 |
+----------------+----------------+----------------+----------------+----------------+----------------+----------------+
+----------------+----------------+----------------+------------------+----------------+----------------+
| time           | mass           | mass_reaction  | outflow_gradient | platen_max     | platen_min     |
+----------------+----------------+----------------+------------------+----------------+----------------+
:                :                :                :                  :                :                :
|   2.600000e-02 |   1.584214e+00 |  -4.321490e-01 |     2.246894e-01 |  -5.449899e-02 |  -5.449899e-02 |
|   2.800000e-02 |   1.583369e+00 |  -4.226659e-01 |     2.199933e-01 |  -5.461520e-02 |  -5.461520e-02 |
|   3.000000e-02 |   1.582541e+00 |  -4.138749e-01 |     2.156300e-01 |  -5.472900e-02 |  -5.472900e-02 |
|   3.200000e-02 |   1.581730e+00 |  -4.056794e-01 |     2.115515e-01 |  -5.484056e-02 |  -5.484056e-02 |
|   3.400000e-02 |   1.580934e+00 |  -3.980020e-01 |     2.077204e-01 |  -5.495001e-02 |  -5.495001e-02 |
|   3.600000e-02 |   1.580152e+00 |  -3.907796e-01 |     2.041059e-01 |  -5.505749e-02 |  -5.505749e-02 |
|   3.800000e-02 |   1.579384e+00 |  -3.839592e-01 |     2.006829e-01 |  -5.516309e-02 |  -5.516309e-02 |
|   4.000000e-02 |   1.578629e+00 |  -3.774965e-01 |     1.974299e-01 |  -5.526693e-02 |  -5.526693e-02 |
|   4.200000e-02 |   1.577887e+00 |  -3.713530e-01 |     1.943290e-01 |  -5.536909e-02 |  -5.536909e-02 |
|   4.400000e-02 |   1.577156e+00 |  -3.654958e-01 |     1.913645e-01 |  -5.546965e-02 |  -5.546965e-02 |
|   4.600000e-02 |   1.576436e+00 |  -3.598960e-01 |     1.885228e-01 |  -5.556868e-02 |  -5.556868e-02 |
|   4.800000e-02 |   1.575727e+00 |  -3.545284e-01 |     1.857921e-01 |  -5.566625e-02 |  -5.566625e-02 |
|   5.000000e-02 |   1.575028e+00 |  -3.493708e-01 |     1.831618e-01 |  -5.576240e-02 |  -5.576240e-02 |
|   5.200000e-02 |   1.574339e+00 |  -3.444036e-01 |     1.806229e-01 |  -5.585720e-02 |  -5.585720e-02 |
|   5.400000e-02 |   1.573660e+00 |  -3.396094e-01 |     1.781671e-01 |  -5.595069e-02 |  -5.595069e-02 |
+----------------+----------------+----------------+------------------+----------------+----------------+
+----------------+--------------------+--------------------+----------------+----------------+----------------+
| time           | solid_fraction_max | solid_fraction_min | stability_max  | stability_min  | top_reaction   |
+----------------+--------------------+--------------------+----------------+----------------+----------------+
:                :                    :                    :                :                :                :
|   2.600000e-02 |       6.089580e-01 |       6.033398e-01 |   2.811639e+01 |   2.800465e+01 |  -1.400000e+00 |
|   2.800000e-02 |       6.089642e-01 |       6.033796e-01 |   2.811576e+01 |   2.800456e+01 |  -1.400000e+00 |
|   3.000000e-02 |       6.089709e-01 |       6.034221e-01 |   2.811507e+01 |   2.800447e+01 |  -1.400000e+00 |
|   3.200000e-02 |       6.089779e-01 |       6.034671e-01 |   2.811431e+01 |   2.800438e+01 |  -1.400000e+00 |
|   3.400000e-02 |       6.089852e-01 |       6.035141e-01 |   2.811351e+01 |   2.800430e+01 |  -1.400000e+00 |
|   3.600000e-02 |       6.089929e-01 |       6.035629e-01 |   2.811266e+01 |   2.800423e+01 |  -1.400000e+00 |
|   3.800000e-02 |       6.090008e-01 |       6.036132e-01 |   2.811178e+01 |   2.800416e+01 |  -1.400000e+00 |
|   4.000000e-02 |       6.090090e-01 |       6.036649e-01 |   2.811086e+01 |   2.800409e+01 |  -1.400000e+00 |
|   4.200000e-02 |       6.090174e-01 |       6.037176e-01 |   2.810992e+01 |   2.800403e+01 |  -1.400000e+00 |
|   4.400000e-02 |       6.090260e-01 |       6.037711e-01 |   2.810896e+01 |   2.800397e+01 |  -1.400000e+00 |
|   4.600000e-02 |       6.090347e-01 |       6.038254e-01 |   2.810798e+01 |   2.800391e+01 |  -1.400000e+00 |
|   4.800000e-02 |       6.090436e-01 |       6.038802e-01 |   2.810702e+01 |   2.800386e+01 |  -1.400000e+00 |
|   5.000000e-02 |       6.090525e-01 |       6.039355e-01 |   2.810603e+01 |   2.800380e+01 |  -1.400000e+00 |
|   5.200000e-02 |       6.090615e-01 |       6.039910e-01 |   2.810504e+01 |   2.800375e+01 |  -1.400000e+00 |
|   5.400000e-02 |       6.090706e-01 |       6.040468e-01 |   2.810404e+01 |   2.800370e+01 |  -1.400000e+00 |
+----------------+--------------------+--------------------+----------------+----------------+----------------+


Time Step 28, time = 0.056, dt = 0.002
 * Nonlinear |R| = [32m4.040014e-02[39m (Before preset BCs, predictors, correctors, and constraints)
 0 Nonlinear |R| = [32m4.040014e-02[39m
      0 Linear |R| = [32m4.040014e-02[39m
      1 Linear |R| = [32m2.730208e-03[39m
      2 Linear |R| = [33m2.666835e-03[39m
      3 Linear |R| = [33m2.571195e-03[39m
      4 Linear |R| = [32m1.076496e-03[39m
      5 Linear |R| = [32m4.306732e-04[39m
      6 Linear |R| = [32m9.983847e-05[39m
      7 Linear |R| = [32m7.496860e-05[39m
      8 Linear |R| = [32m4.220806e-05[39m
      9 Linear |R| = [32m1.842010e-05[39m
     10 Linear |R| = [32m1.163534e-05[39m
     11 Linear |R| = [32m4.315944e-06[39m
     12 Linear |R| = [32m1.596822e-06[39m
     13 Linear |R| = [33m1.558243e-06[39m
     14 Linear |R| = [32m1.977077e-07[39m
     15 Linear |R| = [32m9.986964e-08[39m
     16 Linear |R| = [32m2.384253e-08[39m
     17 Linear |R| = [32m2.230163e-08[39m
     18 Linear |R| = [32m3.467146e-09[39m
     19 Linear |R| = [32m4.094466e-10[39m
     20 Linear |R| = [32m3.677845e-11[39m
 1 Nonlinear |R| = [32m7.226292e-06[39m
      0 Linear |R| = [32m7.226292e-06[39m
      1 Linear |R| = [32m2.699401e-07[39m
      2 Linear |R| = [33m2.686980e-07[39m
      3 Linear |R| = [32m1.895999e-07[39m
      4 Linear |R| = [32m4.561203e-08[39m
      5 Linear |R| = [32m2.581167e-08[39m
      6 Linear |R| = [32m7.626096e-09[39m
      7 Linear |R| = [33m7.550988e-09[39m
      8 Linear |R| = [32m2.823998e-09[39m
      9 Linear |R| = [32m1.393418e-09[39m
     10 Linear |R| = [32m8.917598e-10[39m
     11 Linear |R| = [32m3.061768e-10[39m
     12 Linear |R| = [32m1.732766e-10[39m
     13 Linear |R| = [32m1.193268e-10[39m
     14 Linear |R| = [32m1.242298e-11[39m
     15 Linear |R| = [32m6.277874e-12[39m
     16 Linear |R| = [32m1.475716e-12[39m
     17 Linear |R| = [32m1.375730e-12[39m
     18 Linear |R| = [32m2.023974e-13[39m
     19 Linear |R| = [32m3.107674e-14[39m
     20 Linear |R| = [32m7.564914e-15[39m
     21 Linear |R| = [32m2.077011e-15[39m
 2 Nonlinear |R| = [32m1.248746e-11[39m
[32m Solve Converged![39m

Postprocessor Values:
+----------------+----------------+----------------+----------------+----------------+----------------+----------------+
| time           | J_max          | J_min          | Jbar_max       | Jbar_min       | center_pressure| edge_ux        |
+----------------+----------------+----------------+----------------+----------------+----------------+----------------+
:                :                :                :                :                :                :                :
|   2.800000e-02 |   9.834432e-01 |   9.739536e-01 |   9.900490e-01 |   9.881661e-01 |   1.716284e-01 |   8.898942e-03 |
|   3.000000e-02 |   9.833566e-01 |   9.739407e-01 |   9.900227e-01 |   9.881481e-01 |   1.694391e-01 |   8.788038e-03 |
|   3.200000e-02 |   9.832669e-01 |   9.739263e-01 |   9.899970e-01 |   9.881310e-01 |   1.673086e-01 |   8.678790e-03 |
|   3.400000e-02 |   9.831746e-01 |   9.739106e-01 |   9.899718e-01 |   9.881145e-01 |   1.652316e-01 |   8.571113e-03 |
|   3.600000e-02 |   9.830801e-01 |   9.738937e-01 |   9.899471e-01 |   9.880986e-01 |   1.632036e-01 |   8.464937e-03 |
|   3.800000e-02 |   9.829837e-01 |   9.738758e-01 |   9.899229e-01 |   9.880834e-01 |   1.612204e-01 |   8.360208e-03 |
|   4.000000e-02 |   9.828858e-01 |   9.738570e-01 |   9.898992e-01 |   9.880687e-01 |   1.592789e-01 |   8.256879e-03 |
|   4.200000e-02 |   9.827868e-01 |   9.738374e-01 |   9.898759e-01 |   9.880546e-01 |   1.573761e-01 |   8.154908e-03 |
|   4.400000e-02 |   9.826868e-01 |   9.738171e-01 |   9.898532e-01 |   9.880409e-01 |   1.555094e-01 |   8.054259e-03 |
|   4.600000e-02 |   9.825861e-01 |   9.737963e-01 |   9.898308e-01 |   9.880276e-01 |   1.536765e-01 |   7.954898e-03 |
|   4.800000e-02 |   9.824850e-01 |   9.737750e-01 |   9.898088e-01 |   9.880148e-01 |   1.518756e-01 |   7.856794e-03 |
|   5.000000e-02 |   9.823836e-01 |   9.737532e-01 |   9.897872e-01 |   9.880023e-01 |   1.501047e-01 |   7.759918e-03 |
|   5.200000e-02 |   9.822821e-01 |   9.737312e-01 |   9.897660e-01 |   9.879902e-01 |   1.483625e-01 |   7.664243e-03 |
|   5.400000e-02 |   9.821806e-01 |   9.737089e-01 |   9.897451e-01 |   9.879784e-01 |   1.466474e-01 |   7.569745e-03 |
|   5.600000e-02 |   9.820793e-01 |   9.736864e-01 |   9.897246e-01 |   9.879669e-01 |   1.449583e-01 |   7.476398e-03 |
+----------------+----------------+----------------+----------------+----------------+----------------+----------------+
+----------------+----------------+----------------+------------------+----------------+----------------+
| time           | mass           | mass_reaction  | outflow_gradient | platen_max     | platen_min     |
+----------------+----------------+----------------+------------------+----------------+----------------+
:                :                :                :                  :                :                :
|   2.800000e-02 |   1.583369e+00 |  -4.226659e-01 |     2.199933e-01 |  -5.461520e-02 |  -5.461520e-02 |
|   3.000000e-02 |   1.582541e+00 |  -4.138749e-01 |     2.156300e-01 |  -5.472900e-02 |  -5.472900e-02 |
|   3.200000e-02 |   1.581730e+00 |  -4.056794e-01 |     2.115515e-01 |  -5.484056e-02 |  -5.484056e-02 |
|   3.400000e-02 |   1.580934e+00 |  -3.980020e-01 |     2.077204e-01 |  -5.495001e-02 |  -5.495001e-02 |
|   3.600000e-02 |   1.580152e+00 |  -3.907796e-01 |     2.041059e-01 |  -5.505749e-02 |  -5.505749e-02 |
|   3.800000e-02 |   1.579384e+00 |  -3.839592e-01 |     2.006829e-01 |  -5.516309e-02 |  -5.516309e-02 |
|   4.000000e-02 |   1.578629e+00 |  -3.774965e-01 |     1.974299e-01 |  -5.526693e-02 |  -5.526693e-02 |
|   4.200000e-02 |   1.577887e+00 |  -3.713530e-01 |     1.943290e-01 |  -5.536909e-02 |  -5.536909e-02 |
|   4.400000e-02 |   1.577156e+00 |  -3.654958e-01 |     1.913645e-01 |  -5.546965e-02 |  -5.546965e-02 |
|   4.600000e-02 |   1.576436e+00 |  -3.598960e-01 |     1.885228e-01 |  -5.556868e-02 |  -5.556868e-02 |
|   4.800000e-02 |   1.575727e+00 |  -3.545284e-01 |     1.857921e-01 |  -5.566625e-02 |  -5.566625e-02 |
|   5.000000e-02 |   1.575028e+00 |  -3.493708e-01 |     1.831618e-01 |  -5.576240e-02 |  -5.576240e-02 |
|   5.200000e-02 |   1.574339e+00 |  -3.444036e-01 |     1.806229e-01 |  -5.585720e-02 |  -5.585720e-02 |
|   5.400000e-02 |   1.573660e+00 |  -3.396094e-01 |     1.781671e-01 |  -5.595069e-02 |  -5.595069e-02 |
|   5.600000e-02 |   1.572990e+00 |  -3.349731e-01 |     1.757874e-01 |  -5.604292e-02 |  -5.604292e-02 |
+----------------+----------------+----------------+------------------+----------------+----------------+
+----------------+--------------------+--------------------+----------------+----------------+----------------+
| time           | solid_fraction_max | solid_fraction_min | stability_max  | stability_min  | top_reaction   |
+----------------+--------------------+--------------------+----------------+----------------+----------------+
:                :                    :                    :                :                :                :
|   2.800000e-02 |       6.089642e-01 |       6.033796e-01 |   2.811576e+01 |   2.800456e+01 |  -1.400000e+00 |
|   3.000000e-02 |       6.089709e-01 |       6.034221e-01 |   2.811507e+01 |   2.800447e+01 |  -1.400000e+00 |
|   3.200000e-02 |       6.089779e-01 |       6.034671e-01 |   2.811431e+01 |   2.800438e+01 |  -1.400000e+00 |
|   3.400000e-02 |       6.089852e-01 |       6.035141e-01 |   2.811351e+01 |   2.800430e+01 |  -1.400000e+00 |
|   3.600000e-02 |       6.089929e-01 |       6.035629e-01 |   2.811266e+01 |   2.800423e+01 |  -1.400000e+00 |
|   3.800000e-02 |       6.090008e-01 |       6.036132e-01 |   2.811178e+01 |   2.800416e+01 |  -1.400000e+00 |
|   4.000000e-02 |       6.090090e-01 |       6.036649e-01 |   2.811086e+01 |   2.800409e+01 |  -1.400000e+00 |
|   4.200000e-02 |       6.090174e-01 |       6.037176e-01 |   2.810992e+01 |   2.800403e+01 |  -1.400000e+00 |
|   4.400000e-02 |       6.090260e-01 |       6.037711e-01 |   2.810896e+01 |   2.800397e+01 |  -1.400000e+00 |
|   4.600000e-02 |       6.090347e-01 |       6.038254e-01 |   2.810798e+01 |   2.800391e+01 |  -1.400000e+00 |
|   4.800000e-02 |       6.090436e-01 |       6.038802e-01 |   2.810702e+01 |   2.800386e+01 |  -1.400000e+00 |
|   5.000000e-02 |       6.090525e-01 |       6.039355e-01 |   2.810603e+01 |   2.800380e+01 |  -1.400000e+00 |
|   5.200000e-02 |       6.090615e-01 |       6.039910e-01 |   2.810504e+01 |   2.800375e+01 |  -1.400000e+00 |
|   5.400000e-02 |       6.090706e-01 |       6.040468e-01 |   2.810404e+01 |   2.800370e+01 |  -1.400000e+00 |
|   5.600000e-02 |       6.090797e-01 |       6.041026e-01 |   2.810302e+01 |   2.800365e+01 |  -1.400000e+00 |
+----------------+--------------------+--------------------+----------------+----------------+----------------+


Time Step 29, time = 0.058, dt = 0.002
 * Nonlinear |R| = [32m3.987969e-02[39m (Before preset BCs, predictors, correctors, and constraints)
 0 Nonlinear |R| = [32m3.987969e-02[39m
      0 Linear |R| = [32m3.987969e-02[39m
      1 Linear |R| = [32m2.694152e-03[39m
      2 Linear |R| = [33m2.631719e-03[39m
      3 Linear |R| = [33m2.537550e-03[39m
      4 Linear |R| = [32m1.061756e-03[39m
      5 Linear |R| = [32m4.246584e-04[39m
      6 Linear |R| = [32m9.813188e-05[39m
      7 Linear |R| = [32m7.038647e-05[39m
      8 Linear |R| = [32m4.151721e-05[39m
      9 Linear |R| = [32m1.808220e-05[39m
     10 Linear |R| = [32m1.140418e-05[39m
     11 Linear |R| = [32m4.239487e-06[39m
     12 Linear |R| = [32m1.537408e-06[39m
     13 Linear |R| = [33m1.520917e-06[39m
     14 Linear |R| = [32m1.919424e-07[39m
     15 Linear |R| = [32m9.737864e-08[39m
     16 Linear |R| = [32m2.312201e-08[39m
     17 Linear |R| = [32m1.932593e-08[39m
     18 Linear |R| = [32m3.389685e-09[39m
     19 Linear |R| = [32m4.021918e-10[39m
     20 Linear |R| = [32m2.696773e-11[39m
 1 Nonlinear |R| = [32m7.073147e-06[39m
      0 Linear |R| = [32m7.073147e-06[39m
      1 Linear |R| = [32m2.643175e-07[39m
      2 Linear |R| = [33m2.631966e-07[39m
      3 Linear |R| = [32m1.828785e-07[39m
      4 Linear |R| = [32m4.590941e-08[39m
      5 Linear |R| = [32m2.515972e-08[39m
      6 Linear |R| = [32m7.399709e-09[39m
      7 Linear |R| = [33m7.289254e-09[39m
      8 Linear |R| = [32m2.707020e-09[39m
      9 Linear |R| = [32m1.270542e-09[39m
     10 Linear |R| = [32m8.019767e-10[39m
     11 Linear |R| = [32m2.837186e-10[39m
     12 Linear |R| = [32m1.624559e-10[39m
     13 Linear |R| = [32m1.073780e-10[39m
     14 Linear |R| = [32m1.022565e-11[39m
     15 Linear |R| = [32m5.207452e-12[39m
     16 Linear |R| = [32m1.099743e-12[39m
     17 Linear |R| = [32m1.008009e-12[39m
     18 Linear |R| = [32m9.355858e-14[39m
     19 Linear |R| = [32m1.109271e-14[39m
     20 Linear |R| = [32m5.866572e-15[39m
 2 Nonlinear |R| = [32m1.180112e-11[39m
[32m Solve Converged![39m

Postprocessor Values:
+----------------+----------------+----------------+----------------+----------------+----------------+----------------+
| time           | J_max          | J_min          | Jbar_max       | Jbar_min       | center_pressure| edge_ux        |
+----------------+----------------+----------------+----------------+----------------+----------------+----------------+
:                :                :                :                :                :                :                :
|   3.000000e-02 |   9.833566e-01 |   9.739407e-01 |   9.900227e-01 |   9.881481e-01 |   1.694391e-01 |   8.788038e-03 |
|   3.200000e-02 |   9.832669e-01 |   9.739263e-01 |   9.899970e-01 |   9.881310e-01 |   1.673086e-01 |   8.678790e-03 |
|   3.400000e-02 |   9.831746e-01 |   9.739106e-01 |   9.899718e-01 |   9.881145e-01 |   1.652316e-01 |   8.571113e-03 |
|   3.600000e-02 |   9.830801e-01 |   9.738937e-01 |   9.899471e-01 |   9.880986e-01 |   1.632036e-01 |   8.464937e-03 |
|   3.800000e-02 |   9.829837e-01 |   9.738758e-01 |   9.899229e-01 |   9.880834e-01 |   1.612204e-01 |   8.360208e-03 |
|   4.000000e-02 |   9.828858e-01 |   9.738570e-01 |   9.898992e-01 |   9.880687e-01 |   1.592789e-01 |   8.256879e-03 |
|   4.200000e-02 |   9.827868e-01 |   9.738374e-01 |   9.898759e-01 |   9.880546e-01 |   1.573761e-01 |   8.154908e-03 |
|   4.400000e-02 |   9.826868e-01 |   9.738171e-01 |   9.898532e-01 |   9.880409e-01 |   1.555094e-01 |   8.054259e-03 |
|   4.600000e-02 |   9.825861e-01 |   9.737963e-01 |   9.898308e-01 |   9.880276e-01 |   1.536765e-01 |   7.954898e-03 |
|   4.800000e-02 |   9.824850e-01 |   9.737750e-01 |   9.898088e-01 |   9.880148e-01 |   1.518756e-01 |   7.856794e-03 |
|   5.000000e-02 |   9.823836e-01 |   9.737532e-01 |   9.897872e-01 |   9.880023e-01 |   1.501047e-01 |   7.759918e-03 |
|   5.200000e-02 |   9.822821e-01 |   9.737312e-01 |   9.897660e-01 |   9.879902e-01 |   1.483625e-01 |   7.664243e-03 |
|   5.400000e-02 |   9.821806e-01 |   9.737089e-01 |   9.897451e-01 |   9.879784e-01 |   1.466474e-01 |   7.569745e-03 |
|   5.600000e-02 |   9.820793e-01 |   9.736864e-01 |   9.897246e-01 |   9.879669e-01 |   1.449583e-01 |   7.476398e-03 |
|   5.800000e-02 |   9.819781e-01 |   9.736638e-01 |   9.897043e-01 |   9.879557e-01 |   1.432939e-01 |   7.384181e-03 |
+----------------+----------------+----------------+----------------+----------------+----------------+----------------+
+----------------+----------------+----------------+------------------+----------------+----------------+
| time           | mass           | mass_reaction  | outflow_gradient | platen_max     | platen_min     |
+----------------+----------------+----------------+------------------+----------------+----------------+
:                :                :                :                  :                :                :
|   3.000000e-02 |   1.582541e+00 |  -4.138749e-01 |     2.156300e-01 |  -5.472900e-02 |  -5.472900e-02 |
|   3.200000e-02 |   1.581730e+00 |  -4.056794e-01 |     2.115515e-01 |  -5.484056e-02 |  -5.484056e-02 |
|   3.400000e-02 |   1.580934e+00 |  -3.980020e-01 |     2.077204e-01 |  -5.495001e-02 |  -5.495001e-02 |
|   3.600000e-02 |   1.580152e+00 |  -3.907796e-01 |     2.041059e-01 |  -5.505749e-02 |  -5.505749e-02 |
|   3.800000e-02 |   1.579384e+00 |  -3.839592e-01 |     2.006829e-01 |  -5.516309e-02 |  -5.516309e-02 |
|   4.000000e-02 |   1.578629e+00 |  -3.774965e-01 |     1.974299e-01 |  -5.526693e-02 |  -5.526693e-02 |
|   4.200000e-02 |   1.577887e+00 |  -3.713530e-01 |     1.943290e-01 |  -5.536909e-02 |  -5.536909e-02 |
|   4.400000e-02 |   1.577156e+00 |  -3.654958e-01 |     1.913645e-01 |  -5.546965e-02 |  -5.546965e-02 |
|   4.600000e-02 |   1.576436e+00 |  -3.598960e-01 |     1.885228e-01 |  -5.556868e-02 |  -5.556868e-02 |
|   4.800000e-02 |   1.575727e+00 |  -3.545284e-01 |     1.857921e-01 |  -5.566625e-02 |  -5.566625e-02 |
|   5.000000e-02 |   1.575028e+00 |  -3.493708e-01 |     1.831618e-01 |  -5.576240e-02 |  -5.576240e-02 |
|   5.200000e-02 |   1.574339e+00 |  -3.444036e-01 |     1.806229e-01 |  -5.585720e-02 |  -5.585720e-02 |
|   5.400000e-02 |   1.573660e+00 |  -3.396094e-01 |     1.781671e-01 |  -5.595069e-02 |  -5.595069e-02 |
|   5.600000e-02 |   1.572990e+00 |  -3.349731e-01 |     1.757874e-01 |  -5.604292e-02 |  -5.604292e-02 |
|   5.800000e-02 |   1.572329e+00 |  -3.304809e-01 |     1.734772e-01 |  -5.613392e-02 |  -5.613392e-02 |
+----------------+----------------+----------------+------------------+----------------+----------------+
+----------------+--------------------+--------------------+----------------+----------------+----------------+
| time           | solid_fraction_max | solid_fraction_min | stability_max  | stability_min  | top_reaction   |
+----------------+--------------------+--------------------+----------------+----------------+----------------+
:                :                    :                    :                :                :                :
|   3.000000e-02 |       6.089709e-01 |       6.034221e-01 |   2.811507e+01 |   2.800447e+01 |  -1.400000e+00 |
|   3.200000e-02 |       6.089779e-01 |       6.034671e-01 |   2.811431e+01 |   2.800438e+01 |  -1.400000e+00 |
|   3.400000e-02 |       6.089852e-01 |       6.035141e-01 |   2.811351e+01 |   2.800430e+01 |  -1.400000e+00 |
|   3.600000e-02 |       6.089929e-01 |       6.035629e-01 |   2.811266e+01 |   2.800423e+01 |  -1.400000e+00 |
|   3.800000e-02 |       6.090008e-01 |       6.036132e-01 |   2.811178e+01 |   2.800416e+01 |  -1.400000e+00 |
|   4.000000e-02 |       6.090090e-01 |       6.036649e-01 |   2.811086e+01 |   2.800409e+01 |  -1.400000e+00 |
|   4.200000e-02 |       6.090174e-01 |       6.037176e-01 |   2.810992e+01 |   2.800403e+01 |  -1.400000e+00 |
|   4.400000e-02 |       6.090260e-01 |       6.037711e-01 |   2.810896e+01 |   2.800397e+01 |  -1.400000e+00 |
|   4.600000e-02 |       6.090347e-01 |       6.038254e-01 |   2.810798e+01 |   2.800391e+01 |  -1.400000e+00 |
|   4.800000e-02 |       6.090436e-01 |       6.038802e-01 |   2.810702e+01 |   2.800386e+01 |  -1.400000e+00 |
|   5.000000e-02 |       6.090525e-01 |       6.039355e-01 |   2.810603e+01 |   2.800380e+01 |  -1.400000e+00 |
|   5.200000e-02 |       6.090615e-01 |       6.039910e-01 |   2.810504e+01 |   2.800375e+01 |  -1.400000e+00 |
|   5.400000e-02 |       6.090706e-01 |       6.040468e-01 |   2.810404e+01 |   2.800370e+01 |  -1.400000e+00 |
|   5.600000e-02 |       6.090797e-01 |       6.041026e-01 |   2.810302e+01 |   2.800365e+01 |  -1.400000e+00 |
|   5.800000e-02 |       6.090888e-01 |       6.041585e-01 |   2.810201e+01 |   2.800360e+01 |  -1.400000e+00 |
+----------------+--------------------+--------------------+----------------+----------------+----------------+


Time Step 30, time = 0.06, dt = 0.002
 * Nonlinear |R| = [32m3.937630e-02[39m (Before preset BCs, predictors, correctors, and constraints)
 0 Nonlinear |R| = [32m3.937630e-02[39m
      0 Linear |R| = [32m3.937630e-02[39m
      1 Linear |R| = [32m2.659151e-03[39m
      2 Linear |R| = [33m2.597614e-03[39m
      3 Linear |R| = [33m2.504870e-03[39m
      4 Linear |R| = [32m1.047528e-03[39m
      5 Linear |R| = [32m4.189614e-04[39m
      6 Linear |R| = [32m9.693891e-05[39m
      7 Linear |R| = [32m7.131655e-05[39m
      8 Linear |R| = [32m4.094311e-05[39m
      9 Linear |R| = [32m1.776305e-05[39m
     10 Linear |R| = [32m1.118725e-05[39m
     11 Linear |R| = [32m4.166881e-06[39m
     12 Linear |R| = [32m1.512928e-06[39m
     13 Linear |R| = [33m1.492911e-06[39m
     14 Linear |R| = [32m1.866368e-07[39m
     15 Linear |R| = [32m9.503689e-08[39m
     16 Linear |R| = [32m2.256273e-08[39m
     17 Linear |R| = [32m2.094537e-08[39m
     18 Linear |R| = [32m3.316396e-09[39m
     19 Linear |R| = [32m3.952823e-10[39m
     20 Linear |R| = [32m3.065758e-11[39m
 1 Nonlinear |R| = [32m6.902460e-06[39m
      0 Linear |R| = [32m6.902460e-06[39m
      1 Linear |R| = [32m2.574289e-07[39m
      2 Linear |R| = [33m2.564671e-07[39m
      3 Linear |R| = [32m1.814062e-07[39m
      4 Linear |R| = [32m4.303154e-08[39m
      5 Linear |R| = [32m2.454172e-08[39m
      6 Linear |R| = [32m7.297125e-09[39m
      7 Linear |R| = [33m7.236844e-09[39m
      8 Linear |R| = [32m2.725863e-09[39m
      9 Linear |R| = [32m1.264540e-09[39m
     10 Linear |R| = [32m7.947994e-10[39m
     11 Linear |R| = [32m2.815936e-10[39m
     12 Linear |R| = [32m1.541020e-10[39m
     13 Linear |R| = [32m1.099656e-10[39m
     14 Linear |R| = [32m1.036112e-11[39m
     15 Linear |R| = [32m5.321268e-12[39m
     16 Linear |R| = [32m1.088598e-12[39m
     17 Linear |R| = [32m9.943163e-13[39m
     18 Linear |R| = [32m9.243195e-14[39m
     19 Linear |R| = [32m9.584941e-15[39m
     20 Linear |R| = [32m5.249669e-15[39m
 2 Nonlinear |R| = [32m1.218659e-11[39m
[32m Solve Converged![39m

Postprocessor Values:
+----------------+----------------+----------------+----------------+----------------+----------------+----------------+
| time           | J_max          | J_min          | Jbar_max       | Jbar_min       | center_pressure| edge_ux        |
+----------------+----------------+----------------+----------------+----------------+----------------+----------------+
:                :                :                :                :                :                :                :
|   3.200000e-02 |   9.832669e-01 |   9.739263e-01 |   9.899970e-01 |   9.881310e-01 |   1.673086e-01 |   8.678790e-03 |
|   3.400000e-02 |   9.831746e-01 |   9.739106e-01 |   9.899718e-01 |   9.881145e-01 |   1.652316e-01 |   8.571113e-03 |
|   3.600000e-02 |   9.830801e-01 |   9.738937e-01 |   9.899471e-01 |   9.880986e-01 |   1.632036e-01 |   8.464937e-03 |
|   3.800000e-02 |   9.829837e-01 |   9.738758e-01 |   9.899229e-01 |   9.880834e-01 |   1.612204e-01 |   8.360208e-03 |
|   4.000000e-02 |   9.828858e-01 |   9.738570e-01 |   9.898992e-01 |   9.880687e-01 |   1.592789e-01 |   8.256879e-03 |
|   4.200000e-02 |   9.827868e-01 |   9.738374e-01 |   9.898759e-01 |   9.880546e-01 |   1.573761e-01 |   8.154908e-03 |
|   4.400000e-02 |   9.826868e-01 |   9.738171e-01 |   9.898532e-01 |   9.880409e-01 |   1.555094e-01 |   8.054259e-03 |
|   4.600000e-02 |   9.825861e-01 |   9.737963e-01 |   9.898308e-01 |   9.880276e-01 |   1.536765e-01 |   7.954898e-03 |
|   4.800000e-02 |   9.824850e-01 |   9.737750e-01 |   9.898088e-01 |   9.880148e-01 |   1.518756e-01 |   7.856794e-03 |
|   5.000000e-02 |   9.823836e-01 |   9.737532e-01 |   9.897872e-01 |   9.880023e-01 |   1.501047e-01 |   7.759918e-03 |
|   5.200000e-02 |   9.822821e-01 |   9.737312e-01 |   9.897660e-01 |   9.879902e-01 |   1.483625e-01 |   7.664243e-03 |
|   5.400000e-02 |   9.821806e-01 |   9.737089e-01 |   9.897451e-01 |   9.879784e-01 |   1.466474e-01 |   7.569745e-03 |
|   5.600000e-02 |   9.820793e-01 |   9.736864e-01 |   9.897246e-01 |   9.879669e-01 |   1.449583e-01 |   7.476398e-03 |
|   5.800000e-02 |   9.819781e-01 |   9.736638e-01 |   9.897043e-01 |   9.879557e-01 |   1.432939e-01 |   7.384181e-03 |
|   6.000000e-02 |   9.818774e-01 |   9.736411e-01 |   9.896844e-01 |   9.879447e-01 |   1.416534e-01 |   7.293072e-03 |
+----------------+----------------+----------------+----------------+----------------+----------------+----------------+
+----------------+----------------+----------------+------------------+----------------+----------------+
| time           | mass           | mass_reaction  | outflow_gradient | platen_max     | platen_min     |
+----------------+----------------+----------------+------------------+----------------+----------------+
:                :                :                :                  :                :                :
|   3.200000e-02 |   1.581730e+00 |  -4.056794e-01 |     2.115515e-01 |  -5.484056e-02 |  -5.484056e-02 |
|   3.400000e-02 |   1.580934e+00 |  -3.980020e-01 |     2.077204e-01 |  -5.495001e-02 |  -5.495001e-02 |
|   3.600000e-02 |   1.580152e+00 |  -3.907796e-01 |     2.041059e-01 |  -5.505749e-02 |  -5.505749e-02 |
|   3.800000e-02 |   1.579384e+00 |  -3.839592e-01 |     2.006829e-01 |  -5.516309e-02 |  -5.516309e-02 |
|   4.000000e-02 |   1.578629e+00 |  -3.774965e-01 |     1.974299e-01 |  -5.526693e-02 |  -5.526693e-02 |
|   4.200000e-02 |   1.577887e+00 |  -3.713530e-01 |     1.943290e-01 |  -5.536909e-02 |  -5.536909e-02 |
|   4.400000e-02 |   1.577156e+00 |  -3.654958e-01 |     1.913645e-01 |  -5.546965e-02 |  -5.546965e-02 |
|   4.600000e-02 |   1.576436e+00 |  -3.598960e-01 |     1.885228e-01 |  -5.556868e-02 |  -5.556868e-02 |
|   4.800000e-02 |   1.575727e+00 |  -3.545284e-01 |     1.857921e-01 |  -5.566625e-02 |  -5.566625e-02 |
|   5.000000e-02 |   1.575028e+00 |  -3.493708e-01 |     1.831618e-01 |  -5.576240e-02 |  -5.576240e-02 |
|   5.200000e-02 |   1.574339e+00 |  -3.444036e-01 |     1.806229e-01 |  -5.585720e-02 |  -5.585720e-02 |
|   5.400000e-02 |   1.573660e+00 |  -3.396094e-01 |     1.781671e-01 |  -5.595069e-02 |  -5.595069e-02 |
|   5.600000e-02 |   1.572990e+00 |  -3.349731e-01 |     1.757874e-01 |  -5.604292e-02 |  -5.604292e-02 |
|   5.800000e-02 |   1.572329e+00 |  -3.304809e-01 |     1.734772e-01 |  -5.613392e-02 |  -5.613392e-02 |
|   6.000000e-02 |   1.571677e+00 |  -3.261207e-01 |     1.712310e-01 |  -5.622374e-02 |  -5.622374e-02 |
+----------------+----------------+----------------+------------------+----------------+----------------+
+----------------+--------------------+--------------------+----------------+----------------+----------------+
| time           | solid_fraction_max | solid_fraction_min | stability_max  | stability_min  | top_reaction   |
+----------------+--------------------+--------------------+----------------+----------------+----------------+
:                :                    :                    :                :                :                :
|   3.200000e-02 |       6.089779e-01 |       6.034671e-01 |   2.811431e+01 |   2.800438e+01 |  -1.400000e+00 |
|   3.400000e-02 |       6.089852e-01 |       6.035141e-01 |   2.811351e+01 |   2.800430e+01 |  -1.400000e+00 |
|   3.600000e-02 |       6.089929e-01 |       6.035629e-01 |   2.811266e+01 |   2.800423e+01 |  -1.400000e+00 |
|   3.800000e-02 |       6.090008e-01 |       6.036132e-01 |   2.811178e+01 |   2.800416e+01 |  -1.400000e+00 |
|   4.000000e-02 |       6.090090e-01 |       6.036649e-01 |   2.811086e+01 |   2.800409e+01 |  -1.400000e+00 |
|   4.200000e-02 |       6.090174e-01 |       6.037176e-01 |   2.810992e+01 |   2.800403e+01 |  -1.400000e+00 |
|   4.400000e-02 |       6.090260e-01 |       6.037711e-01 |   2.810896e+01 |   2.800397e+01 |  -1.400000e+00 |
|   4.600000e-02 |       6.090347e-01 |       6.038254e-01 |   2.810798e+01 |   2.800391e+01 |  -1.400000e+00 |
|   4.800000e-02 |       6.090436e-01 |       6.038802e-01 |   2.810702e+01 |   2.800386e+01 |  -1.400000e+00 |
|   5.000000e-02 |       6.090525e-01 |       6.039355e-01 |   2.810603e+01 |   2.800380e+01 |  -1.400000e+00 |
|   5.200000e-02 |       6.090615e-01 |       6.039910e-01 |   2.810504e+01 |   2.800375e+01 |  -1.400000e+00 |
|   5.400000e-02 |       6.090706e-01 |       6.040468e-01 |   2.810404e+01 |   2.800370e+01 |  -1.400000e+00 |
|   5.600000e-02 |       6.090797e-01 |       6.041026e-01 |   2.810302e+01 |   2.800365e+01 |  -1.400000e+00 |
|   5.800000e-02 |       6.090888e-01 |       6.041585e-01 |   2.810201e+01 |   2.800360e+01 |  -1.400000e+00 |
|   6.000000e-02 |       6.090979e-01 |       6.042143e-01 |   2.810099e+01 |   2.800356e+01 |  -1.400000e+00 |
+----------------+--------------------+--------------------+----------------+----------------+----------------+


Time Step 31, time = 0.062, dt = 0.002
 * Nonlinear |R| = [32m3.888773e-02[39m (Before preset BCs, predictors, correctors, and constraints)
 0 Nonlinear |R| = [32m3.888773e-02[39m
      0 Linear |R| = [32m3.888773e-02[39m
      1 Linear |R| = [32m2.625130e-03[39m
      2 Linear |R| = [33m2.564454e-03[39m
      3 Linear |R| = [33m2.473071e-03[39m
      4 Linear |R| = [32m1.033699e-03[39m
      5 Linear |R| = [32m4.134631e-04[39m
      6 Linear |R| = [32m9.578514e-05[39m
      7 Linear |R| = [32m7.184620e-05[39m
      8 Linear |R| = [32m4.038416e-05[39m
      9 Linear |R| = [32m1.746100e-05[39m
     10 Linear |R| = [32m1.098321e-05[39m
     11 Linear |R| = [32m4.098093e-06[39m
     12 Linear |R| = [32m1.489754e-06[39m
     13 Linear |R| = [33m1.466722e-06[39m
     14 Linear |R| = [32m1.817502e-07[39m
     15 Linear |R| = [32m9.283895e-08[39m
     16 Linear |R| = [32m2.196450e-08[39m
     17 Linear |R| = [32m1.960006e-08[39m
     18 Linear |R| = [32m3.246945e-09[39m
     19 Linear |R| = [32m3.886872e-10[39m
     20 Linear |R| = [32m2.798783e-11[39m
 1 Nonlinear |R| = [32m6.756938e-06[39m
      0 Linear |R| = [32m6.756938e-06[39m
      1 Linear |R| = [32m2.517828e-07[39m
      2 Linear |R| = [33m2.507845e-07[39m
      3 Linear |R| = [32m1.778588e-07[39m
      4 Linear |R| = [32m4.106072e-08[39m
      5 Linear |R| = [32m2.362764e-08[39m
      6 Linear |R| = [32m6.916516e-09[39m
      7 Linear |R| = [33m6.915865e-09[39m
      8 Linear |R| = [32m2.675565e-09[39m
      9 Linear |R| = [32m1.197048e-09[39m
     10 Linear |R| = [32m7.472599e-10[39m
     11 Linear |R| = [32m2.708441e-10[39m
     12 Linear |R| = [32m1.423596e-10[39m
     13 Linear |R| = [32m1.030275e-10[39m
     14 Linear |R| = [32m1.074006e-11[39m
     15 Linear |R| = [32m5.622598e-12[39m
     16 Linear |R| = [32m1.318600e-12[39m
     17 Linear |R| = [33m1.270504e-12[39m
     18 Linear |R| = [32m1.869282e-13[39m
     19 Linear |R| = [32m2.656189e-14[39m
     20 Linear |R| = [32m5.589067e-15[39m
 2 Nonlinear |R| = [32m1.111155e-11[39m
[32m Solve Converged![39m

Postprocessor Values:
+----------------+----------------+----------------+----------------+----------------+----------------+----------------+
| time           | J_max          | J_min          | Jbar_max       | Jbar_min       | center_pressure| edge_ux        |
+----------------+----------------+----------------+----------------+----------------+----------------+----------------+
:                :                :                :                :                :                :                :
|   3.400000e-02 |   9.831746e-01 |   9.739106e-01 |   9.899718e-01 |   9.881145e-01 |   1.652316e-01 |   8.571113e-03 |
|   3.600000e-02 |   9.830801e-01 |   9.738937e-01 |   9.899471e-01 |   9.880986e-01 |   1.632036e-01 |   8.464937e-03 |
|   3.800000e-02 |   9.829837e-01 |   9.738758e-01 |   9.899229e-01 |   9.880834e-01 |   1.612204e-01 |   8.360208e-03 |
|   4.000000e-02 |   9.828858e-01 |   9.738570e-01 |   9.898992e-01 |   9.880687e-01 |   1.592789e-01 |   8.256879e-03 |
|   4.200000e-02 |   9.827868e-01 |   9.738374e-01 |   9.898759e-01 |   9.880546e-01 |   1.573761e-01 |   8.154908e-03 |
|   4.400000e-02 |   9.826868e-01 |   9.738171e-01 |   9.898532e-01 |   9.880409e-01 |   1.555094e-01 |   8.054259e-03 |
|   4.600000e-02 |   9.825861e-01 |   9.737963e-01 |   9.898308e-01 |   9.880276e-01 |   1.536765e-01 |   7.954898e-03 |
|   4.800000e-02 |   9.824850e-01 |   9.737750e-01 |   9.898088e-01 |   9.880148e-01 |   1.518756e-01 |   7.856794e-03 |
|   5.000000e-02 |   9.823836e-01 |   9.737532e-01 |   9.897872e-01 |   9.880023e-01 |   1.501047e-01 |   7.759918e-03 |
|   5.200000e-02 |   9.822821e-01 |   9.737312e-01 |   9.897660e-01 |   9.879902e-01 |   1.483625e-01 |   7.664243e-03 |
|   5.400000e-02 |   9.821806e-01 |   9.737089e-01 |   9.897451e-01 |   9.879784e-01 |   1.466474e-01 |   7.569745e-03 |
|   5.600000e-02 |   9.820793e-01 |   9.736864e-01 |   9.897246e-01 |   9.879669e-01 |   1.449583e-01 |   7.476398e-03 |
|   5.800000e-02 |   9.819781e-01 |   9.736638e-01 |   9.897043e-01 |   9.879557e-01 |   1.432939e-01 |   7.384181e-03 |
|   6.000000e-02 |   9.818774e-01 |   9.736411e-01 |   9.896844e-01 |   9.879447e-01 |   1.416534e-01 |   7.293072e-03 |
|   6.200000e-02 |   9.817771e-01 |   9.736183e-01 |   9.896648e-01 |   9.879340e-01 |   1.400358e-01 |   7.203051e-03 |
+----------------+----------------+----------------+----------------+----------------+----------------+----------------+
+----------------+----------------+----------------+------------------+----------------+----------------+
| time           | mass           | mass_reaction  | outflow_gradient | platen_max     | platen_min     |
+----------------+----------------+----------------+------------------+----------------+----------------+
:                :                :                :                  :                :                :
|   3.400000e-02 |   1.580934e+00 |  -3.980020e-01 |     2.077204e-01 |  -5.495001e-02 |  -5.495001e-02 |
|   3.600000e-02 |   1.580152e+00 |  -3.907796e-01 |     2.041059e-01 |  -5.505749e-02 |  -5.505749e-02 |
|   3.800000e-02 |   1.579384e+00 |  -3.839592e-01 |     2.006829e-01 |  -5.516309e-02 |  -5.516309e-02 |
|   4.000000e-02 |   1.578629e+00 |  -3.774965e-01 |     1.974299e-01 |  -5.526693e-02 |  -5.526693e-02 |
|   4.200000e-02 |   1.577887e+00 |  -3.713530e-01 |     1.943290e-01 |  -5.536909e-02 |  -5.536909e-02 |
|   4.400000e-02 |   1.577156e+00 |  -3.654958e-01 |     1.913645e-01 |  -5.546965e-02 |  -5.546965e-02 |
|   4.600000e-02 |   1.576436e+00 |  -3.598960e-01 |     1.885228e-01 |  -5.556868e-02 |  -5.556868e-02 |
|   4.800000e-02 |   1.575727e+00 |  -3.545284e-01 |     1.857921e-01 |  -5.566625e-02 |  -5.566625e-02 |
|   5.000000e-02 |   1.575028e+00 |  -3.493708e-01 |     1.831618e-01 |  -5.576240e-02 |  -5.576240e-02 |
|   5.200000e-02 |   1.574339e+00 |  -3.444036e-01 |     1.806229e-01 |  -5.585720e-02 |  -5.585720e-02 |
|   5.400000e-02 |   1.573660e+00 |  -3.396094e-01 |     1.781671e-01 |  -5.595069e-02 |  -5.595069e-02 |
|   5.600000e-02 |   1.572990e+00 |  -3.349731e-01 |     1.757874e-01 |  -5.604292e-02 |  -5.604292e-02 |
|   5.800000e-02 |   1.572329e+00 |  -3.304809e-01 |     1.734772e-01 |  -5.613392e-02 |  -5.613392e-02 |
|   6.000000e-02 |   1.571677e+00 |  -3.261207e-01 |     1.712310e-01 |  -5.622374e-02 |  -5.622374e-02 |
|   6.200000e-02 |   1.571033e+00 |  -3.218818e-01 |     1.690437e-01 |  -5.631240e-02 |  -5.631240e-02 |
+----------------+----------------+----------------+------------------+----------------+----------------+
+----------------+--------------------+--------------------+----------------+----------------+----------------+
| time           | solid_fraction_max | solid_fraction_min | stability_max  | stability_min  | top_reaction   |
+----------------+--------------------+--------------------+----------------+----------------+----------------+
:                :                    :                    :                :                :                :
|   3.400000e-02 |       6.089852e-01 |       6.035141e-01 |   2.811351e+01 |   2.800430e+01 |  -1.400000e+00 |
|   3.600000e-02 |       6.089929e-01 |       6.035629e-01 |   2.811266e+01 |   2.800423e+01 |  -1.400000e+00 |
|   3.800000e-02 |       6.090008e-01 |       6.036132e-01 |   2.811178e+01 |   2.800416e+01 |  -1.400000e+00 |
|   4.000000e-02 |       6.090090e-01 |       6.036649e-01 |   2.811086e+01 |   2.800409e+01 |  -1.400000e+00 |
|   4.200000e-02 |       6.090174e-01 |       6.037176e-01 |   2.810992e+01 |   2.800403e+01 |  -1.400000e+00 |
|   4.400000e-02 |       6.090260e-01 |       6.037711e-01 |   2.810896e+01 |   2.800397e+01 |  -1.400000e+00 |
|   4.600000e-02 |       6.090347e-01 |       6.038254e-01 |   2.810798e+01 |   2.800391e+01 |  -1.400000e+00 |
|   4.800000e-02 |       6.090436e-01 |       6.038802e-01 |   2.810702e+01 |   2.800386e+01 |  -1.400000e+00 |
|   5.000000e-02 |       6.090525e-01 |       6.039355e-01 |   2.810603e+01 |   2.800380e+01 |  -1.400000e+00 |
|   5.200000e-02 |       6.090615e-01 |       6.039910e-01 |   2.810504e+01 |   2.800375e+01 |  -1.400000e+00 |
|   5.400000e-02 |       6.090706e-01 |       6.040468e-01 |   2.810404e+01 |   2.800370e+01 |  -1.400000e+00 |
|   5.600000e-02 |       6.090797e-01 |       6.041026e-01 |   2.810302e+01 |   2.800365e+01 |  -1.400000e+00 |
|   5.800000e-02 |       6.090888e-01 |       6.041585e-01 |   2.810201e+01 |   2.800360e+01 |  -1.400000e+00 |
|   6.000000e-02 |       6.090979e-01 |       6.042143e-01 |   2.810099e+01 |   2.800356e+01 |  -1.400000e+00 |
|   6.200000e-02 |       6.091070e-01 |       6.042700e-01 |   2.809997e+01 |   2.800351e+01 |  -1.400000e+00 |
+----------------+--------------------+--------------------+----------------+----------------+----------------+


Time Step 32, time = 0.064, dt = 0.002
 * Nonlinear |R| = [32m3.841217e-02[39m (Before preset BCs, predictors, correctors, and constraints)
 0 Nonlinear |R| = [32m3.841217e-02[39m
      0 Linear |R| = [32m3.841217e-02[39m
      1 Linear |R| = [32m2.592037e-03[39m
      2 Linear |R| = [33m2.532217e-03[39m
      3 Linear |R| = [33m2.442044e-03[39m
      4 Linear |R| = [32m1.019978e-03[39m
      5 Linear |R| = [32m4.078615e-04[39m
      6 Linear |R| = [32m9.431889e-05[39m
      7 Linear |R| = [32m7.064556e-05[39m
      8 Linear |R| = [32m3.977754e-05[39m
      9 Linear |R| = [32m1.717363e-05[39m
     10 Linear |R| = [32m1.079052e-05[39m
     11 Linear |R| = [32m4.031984e-06[39m
     12 Linear |R| = [32m1.465107e-06[39m
     13 Linear |R| = [33m1.440884e-06[39m
     14 Linear |R| = [32m1.772332e-07[39m
     15 Linear |R| = [32m9.077103e-08[39m
     16 Linear |R| = [32m2.142402e-08[39m
     17 Linear |R| = [32m1.913850e-08[39m
     18 Linear |R| = [32m3.181081e-09[39m
     19 Linear |R| = [32m3.823825e-10[39m
     20 Linear |R| = [32m2.927387e-11[39m
 1 Nonlinear |R| = [32m6.631019e-06[39m
      0 Linear |R| = [32m6.631019e-06[39m
      1 Linear |R| = [32m2.449476e-07[39m
      2 Linear |R| = [33m2.440972e-07[39m
      3 Linear |R| = [32m1.715498e-07[39m
      4 Linear |R| = [32m3.989245e-08[39m
      5 Linear |R| = [32m2.291839e-08[39m
      6 Linear |R| = [32m7.015904e-09[39m
      7 Linear |R| = [33m6.908177e-09[39m
      8 Linear |R| = [32m2.582407e-09[39m
      9 Linear |R| = [32m1.150642e-09[39m
     10 Linear |R| = [32m7.193728e-10[39m
     11 Linear |R| = [32m2.635898e-10[39m
     12 Linear |R| = [32m1.531654e-10[39m
     13 Linear |R| = [32m1.003791e-10[39m
     14 Linear |R| = [32m1.118946e-11[39m
     15 Linear |R| = [32m5.723641e-12[39m
     16 Linear |R| = [32m1.457004e-12[39m
     17 Linear |R| = [33m1.386533e-12[39m
     18 Linear |R| = [32m1.992499e-13[39m
     19 Linear |R| = [32m2.618351e-14[39m
     20 Linear |R| = [32m7.383439e-15[39m
     21 Linear |R| = [32m1.722332e-15[39m
 2 Nonlinear |R| = [32m1.246048e-11[39m
[32m Solve Converged![39m

Postprocessor Values:
+----------------+----------------+----------------+----------------+----------------+----------------+----------------+
| time           | J_max          | J_min          | Jbar_max       | Jbar_min       | center_pressure| edge_ux        |
+----------------+----------------+----------------+----------------+----------------+----------------+----------------+
:                :                :                :                :                :                :                :
|   3.600000e-02 |   9.830801e-01 |   9.738937e-01 |   9.899471e-01 |   9.880986e-01 |   1.632036e-01 |   8.464937e-03 |
|   3.800000e-02 |   9.829837e-01 |   9.738758e-01 |   9.899229e-01 |   9.880834e-01 |   1.612204e-01 |   8.360208e-03 |
|   4.000000e-02 |   9.828858e-01 |   9.738570e-01 |   9.898992e-01 |   9.880687e-01 |   1.592789e-01 |   8.256879e-03 |
|   4.200000e-02 |   9.827868e-01 |   9.738374e-01 |   9.898759e-01 |   9.880546e-01 |   1.573761e-01 |   8.154908e-03 |
|   4.400000e-02 |   9.826868e-01 |   9.738171e-01 |   9.898532e-01 |   9.880409e-01 |   1.555094e-01 |   8.054259e-03 |
|   4.600000e-02 |   9.825861e-01 |   9.737963e-01 |   9.898308e-01 |   9.880276e-01 |   1.536765e-01 |   7.954898e-03 |
|   4.800000e-02 |   9.824850e-01 |   9.737750e-01 |   9.898088e-01 |   9.880148e-01 |   1.518756e-01 |   7.856794e-03 |
|   5.000000e-02 |   9.823836e-01 |   9.737532e-01 |   9.897872e-01 |   9.880023e-01 |   1.501047e-01 |   7.759918e-03 |
|   5.200000e-02 |   9.822821e-01 |   9.737312e-01 |   9.897660e-01 |   9.879902e-01 |   1.483625e-01 |   7.664243e-03 |
|   5.400000e-02 |   9.821806e-01 |   9.737089e-01 |   9.897451e-01 |   9.879784e-01 |   1.466474e-01 |   7.569745e-03 |
|   5.600000e-02 |   9.820793e-01 |   9.736864e-01 |   9.897246e-01 |   9.879669e-01 |   1.449583e-01 |   7.476398e-03 |
|   5.800000e-02 |   9.819781e-01 |   9.736638e-01 |   9.897043e-01 |   9.879557e-01 |   1.432939e-01 |   7.384181e-03 |
|   6.000000e-02 |   9.818774e-01 |   9.736411e-01 |   9.896844e-01 |   9.879447e-01 |   1.416534e-01 |   7.293072e-03 |
|   6.200000e-02 |   9.817771e-01 |   9.736183e-01 |   9.896648e-01 |   9.879340e-01 |   1.400358e-01 |   7.203051e-03 |
|   6.400000e-02 |   9.816772e-01 |   9.735955e-01 |   9.896455e-01 |   9.879236e-01 |   1.384402e-01 |   7.114100e-03 |
+----------------+----------------+----------------+----------------+----------------+----------------+----------------+
+----------------+----------------+----------------+------------------+----------------+----------------+
| time           | mass           | mass_reaction  | outflow_gradient | platen_max     | platen_min     |
+----------------+----------------+----------------+------------------+----------------+----------------+
:                :                :                :                  :                :                :
|   3.600000e-02 |   1.580152e+00 |  -3.907796e-01 |     2.041059e-01 |  -5.505749e-02 |  -5.505749e-02 |
|   3.800000e-02 |   1.579384e+00 |  -3.839592e-01 |     2.006829e-01 |  -5.516309e-02 |  -5.516309e-02 |
|   4.000000e-02 |   1.578629e+00 |  -3.774965e-01 |     1.974299e-01 |  -5.526693e-02 |  -5.526693e-02 |
|   4.200000e-02 |   1.577887e+00 |  -3.713530e-01 |     1.943290e-01 |  -5.536909e-02 |  -5.536909e-02 |
|   4.400000e-02 |   1.577156e+00 |  -3.654958e-01 |     1.913645e-01 |  -5.546965e-02 |  -5.546965e-02 |
|   4.600000e-02 |   1.576436e+00 |  -3.598960e-01 |     1.885228e-01 |  -5.556868e-02 |  -5.556868e-02 |
|   4.800000e-02 |   1.575727e+00 |  -3.545284e-01 |     1.857921e-01 |  -5.566625e-02 |  -5.566625e-02 |
|   5.000000e-02 |   1.575028e+00 |  -3.493708e-01 |     1.831618e-01 |  -5.576240e-02 |  -5.576240e-02 |
|   5.200000e-02 |   1.574339e+00 |  -3.444036e-01 |     1.806229e-01 |  -5.585720e-02 |  -5.585720e-02 |
|   5.400000e-02 |   1.573660e+00 |  -3.396094e-01 |     1.781671e-01 |  -5.595069e-02 |  -5.595069e-02 |
|   5.600000e-02 |   1.572990e+00 |  -3.349731e-01 |     1.757874e-01 |  -5.604292e-02 |  -5.604292e-02 |
|   5.800000e-02 |   1.572329e+00 |  -3.304809e-01 |     1.734772e-01 |  -5.613392e-02 |  -5.613392e-02 |
|   6.000000e-02 |   1.571677e+00 |  -3.261207e-01 |     1.712310e-01 |  -5.622374e-02 |  -5.622374e-02 |
|   6.200000e-02 |   1.571033e+00 |  -3.218818e-01 |     1.690437e-01 |  -5.631240e-02 |  -5.631240e-02 |
|   6.400000e-02 |   1.570398e+00 |  -3.177545e-01 |     1.669107e-01 |  -5.639993e-02 |  -5.639993e-02 |
+----------------+----------------+----------------+------------------+----------------+----------------+
+----------------+--------------------+--------------------+----------------+----------------+----------------+
| time           | solid_fraction_max | solid_fraction_min | stability_max  | stability_min  | top_reaction   |
+----------------+--------------------+--------------------+----------------+----------------+----------------+
:                :                    :                    :                :                :                :
|   3.600000e-02 |       6.089929e-01 |       6.035629e-01 |   2.811266e+01 |   2.800423e+01 |  -1.400000e+00 |
|   3.800000e-02 |       6.090008e-01 |       6.036132e-01 |   2.811178e+01 |   2.800416e+01 |  -1.400000e+00 |
|   4.000000e-02 |       6.090090e-01 |       6.036649e-01 |   2.811086e+01 |   2.800409e+01 |  -1.400000e+00 |
|   4.200000e-02 |       6.090174e-01 |       6.037176e-01 |   2.810992e+01 |   2.800403e+01 |  -1.400000e+00 |
|   4.400000e-02 |       6.090260e-01 |       6.037711e-01 |   2.810896e+01 |   2.800397e+01 |  -1.400000e+00 |
|   4.600000e-02 |       6.090347e-01 |       6.038254e-01 |   2.810798e+01 |   2.800391e+01 |  -1.400000e+00 |
|   4.800000e-02 |       6.090436e-01 |       6.038802e-01 |   2.810702e+01 |   2.800386e+01 |  -1.400000e+00 |
|   5.000000e-02 |       6.090525e-01 |       6.039355e-01 |   2.810603e+01 |   2.800380e+01 |  -1.400000e+00 |
|   5.200000e-02 |       6.090615e-01 |       6.039910e-01 |   2.810504e+01 |   2.800375e+01 |  -1.400000e+00 |
|   5.400000e-02 |       6.090706e-01 |       6.040468e-01 |   2.810404e+01 |   2.800370e+01 |  -1.400000e+00 |
|   5.600000e-02 |       6.090797e-01 |       6.041026e-01 |   2.810302e+01 |   2.800365e+01 |  -1.400000e+00 |
|   5.800000e-02 |       6.090888e-01 |       6.041585e-01 |   2.810201e+01 |   2.800360e+01 |  -1.400000e+00 |
|   6.000000e-02 |       6.090979e-01 |       6.042143e-01 |   2.810099e+01 |   2.800356e+01 |  -1.400000e+00 |
|   6.200000e-02 |       6.091070e-01 |       6.042700e-01 |   2.809997e+01 |   2.800351e+01 |  -1.400000e+00 |
|   6.400000e-02 |       6.091161e-01 |       6.043256e-01 |   2.809895e+01 |   2.800347e+01 |  -1.400000e+00 |
+----------------+--------------------+--------------------+----------------+----------------+----------------+


Time Step 33, time = 0.066, dt = 0.002
 * Nonlinear |R| = [32m3.794814e-02[39m (Before preset BCs, predictors, correctors, and constraints)
 0 Nonlinear |R| = [32m3.794814e-02[39m
      0 Linear |R| = [32m3.794814e-02[39m
      1 Linear |R| = [32m2.559746e-03[39m
      2 Linear |R| = [33m2.500731e-03[39m
      3 Linear |R| = [33m2.411797e-03[39m
      4 Linear |R| = [32m1.006825e-03[39m
      5 Linear |R| = [32m4.026764e-04[39m
      6 Linear |R| = [32m9.327597e-05[39m
      7 Linear |R| = [32m7.116405e-05[39m
      8 Linear |R| = [32m3.926407e-05[39m
      9 Linear |R| = [32m1.690019e-05[39m
     10 Linear |R| = [32m1.060802e-05[39m
     11 Linear |R| = [32m3.968728e-06[39m
     12 Linear |R| = [32m1.444221e-06[39m
     13 Linear |R| = [33m1.416960e-06[39m
     14 Linear |R| = [32m1.730468e-07[39m
     15 Linear |R| = [32m8.882183e-08[39m
     16 Linear |R| = [32m2.092165e-08[39m
     17 Linear |R| = [32m1.864255e-08[39m
     18 Linear |R| = [32m3.118575e-09[39m
     19 Linear |R| = [32m3.763404e-10[39m
     20 Linear |R| = [32m2.592719e-11[39m
 1 Nonlinear |R| = [32m6.481098e-06[39m
      0 Linear |R| = [32m6.481098e-06[39m
      1 Linear |R| = [32m2.389971e-07[39m
      2 Linear |R| = [33m2.382194e-07[39m
      3 Linear |R| = [32m1.690449e-07[39m
      4 Linear |R| = [32m3.782780e-08[39m
      5 Linear |R| = [32m2.173737e-08[39m
      6 Linear |R| = [32m6.867117e-09[39m
      7 Linear |R| = [33m6.813549e-09[39m
      8 Linear |R| = [32m2.644201e-09[39m
      9 Linear |R| = [32m1.142970e-09[39m
     10 Linear |R| = [32m7.166694e-10[39m
     11 Linear |R| = [32m2.612455e-10[39m
     12 Linear |R| = [32m1.448745e-10[39m
     13 Linear |R| = [32m9.773513e-11[39m
     14 Linear |R| = [32m1.197425e-11[39m
     15 Linear |R| = [32m6.196266e-12[39m
     16 Linear |R| = [32m1.529521e-12[39m
     17 Linear |R| = [33m1.471724e-12[39m
     18 Linear |R| = [32m2.067489e-13[39m
     19 Linear |R| = [32m2.524780e-14[39m
     20 Linear |R| = [32m6.823425e-15[39m
     21 Linear |R| = [32m1.748756e-15[39m
 2 Nonlinear |R| = [32m1.232787e-11[39m
[32m Solve Converged![39m

Postprocessor Values:
+----------------+----------------+----------------+----------------+----------------+----------------+----------------+
| time           | J_max          | J_min          | Jbar_max       | Jbar_min       | center_pressure| edge_ux        |
+----------------+----------------+----------------+----------------+----------------+----------------+----------------+
:                :                :                :                :                :                :                :
|   3.800000e-02 |   9.829837e-01 |   9.738758e-01 |   9.899229e-01 |   9.880834e-01 |   1.612204e-01 |   8.360208e-03 |
|   4.000000e-02 |   9.828858e-01 |   9.738570e-01 |   9.898992e-01 |   9.880687e-01 |   1.592789e-01 |   8.256879e-03 |
|   4.200000e-02 |   9.827868e-01 |   9.738374e-01 |   9.898759e-01 |   9.880546e-01 |   1.573761e-01 |   8.154908e-03 |
|   4.400000e-02 |   9.826868e-01 |   9.738171e-01 |   9.898532e-01 |   9.880409e-01 |   1.555094e-01 |   8.054259e-03 |
|   4.600000e-02 |   9.825861e-01 |   9.737963e-01 |   9.898308e-01 |   9.880276e-01 |   1.536765e-01 |   7.954898e-03 |
|   4.800000e-02 |   9.824850e-01 |   9.737750e-01 |   9.898088e-01 |   9.880148e-01 |   1.518756e-01 |   7.856794e-03 |
|   5.000000e-02 |   9.823836e-01 |   9.737532e-01 |   9.897872e-01 |   9.880023e-01 |   1.501047e-01 |   7.759918e-03 |
|   5.200000e-02 |   9.822821e-01 |   9.737312e-01 |   9.897660e-01 |   9.879902e-01 |   1.483625e-01 |   7.664243e-03 |
|   5.400000e-02 |   9.821806e-01 |   9.737089e-01 |   9.897451e-01 |   9.879784e-01 |   1.466474e-01 |   7.569745e-03 |
|   5.600000e-02 |   9.820793e-01 |   9.736864e-01 |   9.897246e-01 |   9.879669e-01 |   1.449583e-01 |   7.476398e-03 |
|   5.800000e-02 |   9.819781e-01 |   9.736638e-01 |   9.897043e-01 |   9.879557e-01 |   1.432939e-01 |   7.384181e-03 |
|   6.000000e-02 |   9.818774e-01 |   9.736411e-01 |   9.896844e-01 |   9.879447e-01 |   1.416534e-01 |   7.293072e-03 |
|   6.200000e-02 |   9.817771e-01 |   9.736183e-01 |   9.896648e-01 |   9.879340e-01 |   1.400358e-01 |   7.203051e-03 |
|   6.400000e-02 |   9.816772e-01 |   9.735955e-01 |   9.896455e-01 |   9.879236e-01 |   1.384402e-01 |   7.114100e-03 |
|   6.600000e-02 |   9.815780e-01 |   9.735727e-01 |   9.896264e-01 |   9.879133e-01 |   1.368659e-01 |   7.026199e-03 |
+----------------+----------------+----------------+----------------+----------------+----------------+----------------+
+----------------+----------------+----------------+------------------+----------------+----------------+
| time           | mass           | mass_reaction  | outflow_gradient | platen_max     | platen_min     |
+----------------+----------------+----------------+------------------+----------------+----------------+
:                :                :                :                  :                :                :
|   3.800000e-02 |   1.579384e+00 |  -3.839592e-01 |     2.006829e-01 |  -5.516309e-02 |  -5.516309e-02 |
|   4.000000e-02 |   1.578629e+00 |  -3.774965e-01 |     1.974299e-01 |  -5.526693e-02 |  -5.526693e-02 |
|   4.200000e-02 |   1.577887e+00 |  -3.713530e-01 |     1.943290e-01 |  -5.536909e-02 |  -5.536909e-02 |
|   4.400000e-02 |   1.577156e+00 |  -3.654958e-01 |     1.913645e-01 |  -5.546965e-02 |  -5.546965e-02 |
|   4.600000e-02 |   1.576436e+00 |  -3.598960e-01 |     1.885228e-01 |  -5.556868e-02 |  -5.556868e-02 |
|   4.800000e-02 |   1.575727e+00 |  -3.545284e-01 |     1.857921e-01 |  -5.566625e-02 |  -5.566625e-02 |
|   5.000000e-02 |   1.575028e+00 |  -3.493708e-01 |     1.831618e-01 |  -5.576240e-02 |  -5.576240e-02 |
|   5.200000e-02 |   1.574339e+00 |  -3.444036e-01 |     1.806229e-01 |  -5.585720e-02 |  -5.585720e-02 |
|   5.400000e-02 |   1.573660e+00 |  -3.396094e-01 |     1.781671e-01 |  -5.595069e-02 |  -5.595069e-02 |
|   5.600000e-02 |   1.572990e+00 |  -3.349731e-01 |     1.757874e-01 |  -5.604292e-02 |  -5.604292e-02 |
|   5.800000e-02 |   1.572329e+00 |  -3.304809e-01 |     1.734772e-01 |  -5.613392e-02 |  -5.613392e-02 |
|   6.000000e-02 |   1.571677e+00 |  -3.261207e-01 |     1.712310e-01 |  -5.622374e-02 |  -5.622374e-02 |
|   6.200000e-02 |   1.571033e+00 |  -3.218818e-01 |     1.690437e-01 |  -5.631240e-02 |  -5.631240e-02 |
|   6.400000e-02 |   1.570398e+00 |  -3.177545e-01 |     1.669107e-01 |  -5.639993e-02 |  -5.639993e-02 |
|   6.600000e-02 |   1.569770e+00 |  -3.137304e-01 |     1.648281e-01 |  -5.648637e-02 |  -5.648637e-02 |
+----------------+----------------+----------------+------------------+----------------+----------------+
+----------------+--------------------+--------------------+----------------+----------------+----------------+
| time           | solid_fraction_max | solid_fraction_min | stability_max  | stability_min  | top_reaction   |
+----------------+--------------------+--------------------+----------------+----------------+----------------+
:                :                    :                    :                :                :                :
|   3.800000e-02 |       6.090008e-01 |       6.036132e-01 |   2.811178e+01 |   2.800416e+01 |  -1.400000e+00 |
|   4.000000e-02 |       6.090090e-01 |       6.036649e-01 |   2.811086e+01 |   2.800409e+01 |  -1.400000e+00 |
|   4.200000e-02 |       6.090174e-01 |       6.037176e-01 |   2.810992e+01 |   2.800403e+01 |  -1.400000e+00 |
|   4.400000e-02 |       6.090260e-01 |       6.037711e-01 |   2.810896e+01 |   2.800397e+01 |  -1.400000e+00 |
|   4.600000e-02 |       6.090347e-01 |       6.038254e-01 |   2.810798e+01 |   2.800391e+01 |  -1.400000e+00 |
|   4.800000e-02 |       6.090436e-01 |       6.038802e-01 |   2.810702e+01 |   2.800386e+01 |  -1.400000e+00 |
|   5.000000e-02 |       6.090525e-01 |       6.039355e-01 |   2.810603e+01 |   2.800380e+01 |  -1.400000e+00 |
|   5.200000e-02 |       6.090615e-01 |       6.039910e-01 |   2.810504e+01 |   2.800375e+01 |  -1.400000e+00 |
|   5.400000e-02 |       6.090706e-01 |       6.040468e-01 |   2.810404e+01 |   2.800370e+01 |  -1.400000e+00 |
|   5.600000e-02 |       6.090797e-01 |       6.041026e-01 |   2.810302e+01 |   2.800365e+01 |  -1.400000e+00 |
|   5.800000e-02 |       6.090888e-01 |       6.041585e-01 |   2.810201e+01 |   2.800360e+01 |  -1.400000e+00 |
|   6.000000e-02 |       6.090979e-01 |       6.042143e-01 |   2.810099e+01 |   2.800356e+01 |  -1.400000e+00 |
|   6.200000e-02 |       6.091070e-01 |       6.042700e-01 |   2.809997e+01 |   2.800351e+01 |  -1.400000e+00 |
|   6.400000e-02 |       6.091161e-01 |       6.043256e-01 |   2.809895e+01 |   2.800347e+01 |  -1.400000e+00 |
|   6.600000e-02 |       6.091252e-01 |       6.043810e-01 |   2.809793e+01 |   2.800342e+01 |  -1.400000e+00 |
+----------------+--------------------+--------------------+----------------+----------------+----------------+


Time Step 34, time = 0.068, dt = 0.002
 * Nonlinear |R| = [32m3.749439e-02[39m (Before preset BCs, predictors, correctors, and constraints)
 0 Nonlinear |R| = [32m3.749439e-02[39m
      0 Linear |R| = [32m3.749439e-02[39m
      1 Linear |R| = [32m2.528235e-03[39m
      2 Linear |R| = [33m2.470012e-03[39m
      3 Linear |R| = [33m2.382228e-03[39m
      4 Linear |R| = [32m9.938662e-04[39m
      5 Linear |R| = [32m3.975241e-04[39m
      6 Linear |R| = [32m9.187658e-05[39m
      7 Linear |R| = [32m6.750822e-05[39m
      8 Linear |R| = [32m3.867418e-05[39m
      9 Linear |R| = [32m1.663872e-05[39m
     10 Linear |R| = [32m1.043470e-05[39m
     11 Linear |R| = [32m3.908236e-06[39m
     12 Linear |R| = [32m1.411593e-06[39m
     13 Linear |R| = [33m1.391743e-06[39m
     14 Linear |R| = [32m1.691569e-07[39m
     15 Linear |R| = [32m8.698221e-08[39m
     16 Linear |R| = [32m2.044930e-08[39m
     17 Linear |R| = [32m1.820172e-08[39m
     18 Linear |R| = [32m3.059197e-09[39m
     19 Linear |R| = [32m3.705441e-10[39m
     20 Linear |R| = [32m2.905812e-11[39m
 1 Nonlinear |R| = [32m6.346287e-06[39m
      0 Linear |R| = [32m6.346287e-06[39m
      1 Linear |R| = [32m2.336850e-07[39m
      2 Linear |R| = [33m2.328142e-07[39m
      3 Linear |R| = [32m1.656432e-07[39m
      4 Linear |R| = [32m3.697682e-08[39m
      5 Linear |R| = [32m2.123232e-08[39m
      6 Linear |R| = [32m6.551306e-09[39m
      7 Linear |R| = [33m6.539838e-09[39m
      8 Linear |R| = [32m2.525388e-09[39m
      9 Linear |R| = [32m1.100019e-09[39m
     10 Linear |R| = [32m6.867571e-10[39m
     11 Linear |R| = [32m2.547509e-10[39m
     12 Linear |R| = [32m1.403870e-10[39m
     13 Linear |R| = [32m9.790557e-11[39m
     14 Linear |R| = [32m1.268856e-11[39m
     15 Linear |R| = [32m6.442942e-12[39m
     16 Linear |R| = [32m1.569586e-12[39m
     17 Linear |R| = [33m1.526572e-12[39m
     18 Linear |R| = [32m1.993129e-13[39m
     19 Linear |R| = [32m2.509842e-14[39m
     20 Linear |R| = [32m6.239404e-15[39m
 2 Nonlinear |R| = [32m9.853146e-12[39m
[32m Solve Converged![39m

Postprocessor Values:
+----------------+----------------+----------------+----------------+----------------+----------------+----------------+
| time           | J_max          | J_min          | Jbar_max       | Jbar_min       | center_pressure| edge_ux        |
+----------------+----------------+----------------+----------------+----------------+----------------+----------------+
:                :                :                :                :                :                :                :
|   4.000000e-02 |   9.828858e-01 |   9.738570e-01 |   9.898992e-01 |   9.880687e-01 |   1.592789e-01 |   8.256879e-03 |
|   4.200000e-02 |   9.827868e-01 |   9.738374e-01 |   9.898759e-01 |   9.880546e-01 |   1.573761e-01 |   8.154908e-03 |
|   4.400000e-02 |   9.826868e-01 |   9.738171e-01 |   9.898532e-01 |   9.880409e-01 |   1.555094e-01 |   8.054259e-03 |
|   4.600000e-02 |   9.825861e-01 |   9.737963e-01 |   9.898308e-01 |   9.880276e-01 |   1.536765e-01 |   7.954898e-03 |
|   4.800000e-02 |   9.824850e-01 |   9.737750e-01 |   9.898088e-01 |   9.880148e-01 |   1.518756e-01 |   7.856794e-03 |
|   5.000000e-02 |   9.823836e-01 |   9.737532e-01 |   9.897872e-01 |   9.880023e-01 |   1.501047e-01 |   7.759918e-03 |
|   5.200000e-02 |   9.822821e-01 |   9.737312e-01 |   9.897660e-01 |   9.879902e-01 |   1.483625e-01 |   7.664243e-03 |
|   5.400000e-02 |   9.821806e-01 |   9.737089e-01 |   9.897451e-01 |   9.879784e-01 |   1.466474e-01 |   7.569745e-03 |
|   5.600000e-02 |   9.820793e-01 |   9.736864e-01 |   9.897246e-01 |   9.879669e-01 |   1.449583e-01 |   7.476398e-03 |
|   5.800000e-02 |   9.819781e-01 |   9.736638e-01 |   9.897043e-01 |   9.879557e-01 |   1.432939e-01 |   7.384181e-03 |
|   6.000000e-02 |   9.818774e-01 |   9.736411e-01 |   9.896844e-01 |   9.879447e-01 |   1.416534e-01 |   7.293072e-03 |
|   6.200000e-02 |   9.817771e-01 |   9.736183e-01 |   9.896648e-01 |   9.879340e-01 |   1.400358e-01 |   7.203051e-03 |
|   6.400000e-02 |   9.816772e-01 |   9.735955e-01 |   9.896455e-01 |   9.879236e-01 |   1.384402e-01 |   7.114100e-03 |
|   6.600000e-02 |   9.815780e-01 |   9.735727e-01 |   9.896264e-01 |   9.879133e-01 |   1.368659e-01 |   7.026199e-03 |
|   6.800000e-02 |   9.814793e-01 |   9.735499e-01 |   9.896076e-01 |   9.879033e-01 |   1.353123e-01 |   6.939332e-03 |
+----------------+----------------+----------------+----------------+----------------+----------------+----------------+
+----------------+----------------+----------------+------------------+----------------+----------------+
| time           | mass           | mass_reaction  | outflow_gradient | platen_max     | platen_min     |
+----------------+----------------+----------------+------------------+----------------+----------------+
:                :                :                :                  :                :                :
|   4.000000e-02 |   1.578629e+00 |  -3.774965e-01 |     1.974299e-01 |  -5.526693e-02 |  -5.526693e-02 |
|   4.200000e-02 |   1.577887e+00 |  -3.713530e-01 |     1.943290e-01 |  -5.536909e-02 |  -5.536909e-02 |
|   4.400000e-02 |   1.577156e+00 |  -3.654958e-01 |     1.913645e-01 |  -5.546965e-02 |  -5.546965e-02 |
|   4.600000e-02 |   1.576436e+00 |  -3.598960e-01 |     1.885228e-01 |  -5.556868e-02 |  -5.556868e-02 |
|   4.800000e-02 |   1.575727e+00 |  -3.545284e-01 |     1.857921e-01 |  -5.566625e-02 |  -5.566625e-02 |
|   5.000000e-02 |   1.575028e+00 |  -3.493708e-01 |     1.831618e-01 |  -5.576240e-02 |  -5.576240e-02 |
|   5.200000e-02 |   1.574339e+00 |  -3.444036e-01 |     1.806229e-01 |  -5.585720e-02 |  -5.585720e-02 |
|   5.400000e-02 |   1.573660e+00 |  -3.396094e-01 |     1.781671e-01 |  -5.595069e-02 |  -5.595069e-02 |
|   5.600000e-02 |   1.572990e+00 |  -3.349731e-01 |     1.757874e-01 |  -5.604292e-02 |  -5.604292e-02 |
|   5.800000e-02 |   1.572329e+00 |  -3.304809e-01 |     1.734772e-01 |  -5.613392e-02 |  -5.613392e-02 |
|   6.000000e-02 |   1.571677e+00 |  -3.261207e-01 |     1.712310e-01 |  -5.622374e-02 |  -5.622374e-02 |
|   6.200000e-02 |   1.571033e+00 |  -3.218818e-01 |     1.690437e-01 |  -5.631240e-02 |  -5.631240e-02 |
|   6.400000e-02 |   1.570398e+00 |  -3.177545e-01 |     1.669107e-01 |  -5.639993e-02 |  -5.639993e-02 |
|   6.600000e-02 |   1.569770e+00 |  -3.137304e-01 |     1.648281e-01 |  -5.648637e-02 |  -5.648637e-02 |
|   6.800000e-02 |   1.569151e+00 |  -3.098017e-01 |     1.627922e-01 |  -5.657174e-02 |  -5.657174e-02 |
+----------------+----------------+----------------+------------------+----------------+----------------+
+----------------+--------------------+--------------------+----------------+----------------+----------------+
| time           | solid_fraction_max | solid_fraction_min | stability_max  | stability_min  | top_reaction   |
+----------------+--------------------+--------------------+----------------+----------------+----------------+
:                :                    :                    :                :                :                :
|   4.000000e-02 |       6.090090e-01 |       6.036649e-01 |   2.811086e+01 |   2.800409e+01 |  -1.400000e+00 |
|   4.200000e-02 |       6.090174e-01 |       6.037176e-01 |   2.810992e+01 |   2.800403e+01 |  -1.400000e+00 |
|   4.400000e-02 |       6.090260e-01 |       6.037711e-01 |   2.810896e+01 |   2.800397e+01 |  -1.400000e+00 |
|   4.600000e-02 |       6.090347e-01 |       6.038254e-01 |   2.810798e+01 |   2.800391e+01 |  -1.400000e+00 |
|   4.800000e-02 |       6.090436e-01 |       6.038802e-01 |   2.810702e+01 |   2.800386e+01 |  -1.400000e+00 |
|   5.000000e-02 |       6.090525e-01 |       6.039355e-01 |   2.810603e+01 |   2.800380e+01 |  -1.400000e+00 |
|   5.200000e-02 |       6.090615e-01 |       6.039910e-01 |   2.810504e+01 |   2.800375e+01 |  -1.400000e+00 |
|   5.400000e-02 |       6.090706e-01 |       6.040468e-01 |   2.810404e+01 |   2.800370e+01 |  -1.400000e+00 |
|   5.600000e-02 |       6.090797e-01 |       6.041026e-01 |   2.810302e+01 |   2.800365e+01 |  -1.400000e+00 |
|   5.800000e-02 |       6.090888e-01 |       6.041585e-01 |   2.810201e+01 |   2.800360e+01 |  -1.400000e+00 |
|   6.000000e-02 |       6.090979e-01 |       6.042143e-01 |   2.810099e+01 |   2.800356e+01 |  -1.400000e+00 |
|   6.200000e-02 |       6.091070e-01 |       6.042700e-01 |   2.809997e+01 |   2.800351e+01 |  -1.400000e+00 |
|   6.400000e-02 |       6.091161e-01 |       6.043256e-01 |   2.809895e+01 |   2.800347e+01 |  -1.400000e+00 |
|   6.600000e-02 |       6.091252e-01 |       6.043810e-01 |   2.809793e+01 |   2.800342e+01 |  -1.400000e+00 |
|   6.800000e-02 |       6.091342e-01 |       6.044361e-01 |   2.809691e+01 |   2.800338e+01 |  -1.400000e+00 |
+----------------+--------------------+--------------------+----------------+----------------+----------------+


Time Step 35, time = 0.07, dt = 0.002
 * Nonlinear |R| = [32m3.704993e-02[39m (Before preset BCs, predictors, correctors, and constraints)
 0 Nonlinear |R| = [32m3.704993e-02[39m
      0 Linear |R| = [32m3.704993e-02[39m
      1 Linear |R| = [32m2.497448e-03[39m
      2 Linear |R| = [33m2.440004e-03[39m
      3 Linear |R| = [33m2.353283e-03[39m
      4 Linear |R| = [32m9.810799e-04[39m
      5 Linear |R| = [32m3.923760e-04[39m
      6 Linear |R| = [32m9.087565e-05[39m
      7 Linear |R| = [32m7.039707e-05[39m
      8 Linear |R| = [32m3.819460e-05[39m
      9 Linear |R| = [32m1.638850e-05[39m
     10 Linear |R| = [32m1.026955e-05[39m
     11 Linear |R| = [32m3.850172e-06[39m
     12 Linear |R| = [32m1.421803e-06[39m
     13 Linear |R| = [33m1.374899e-06[39m
     14 Linear |R| = [32m1.655300e-07[39m
     15 Linear |R| = [32m8.524312e-08[39m
     16 Linear |R| = [32m2.004454e-08[39m
     17 Linear |R| = [32m1.881472e-08[39m
     18 Linear |R| = [32m3.002749e-09[39m
     19 Linear |R| = [32m3.649691e-10[39m
     20 Linear |R| = [32m3.149536e-11[39m
 1 Nonlinear |R| = [32m6.209384e-06[39m
      0 Linear |R| = [32m6.209384e-06[39m
      1 Linear |R| = [32m2.298756e-07[39m
      2 Linear |R| = [33m2.290979e-07[39m
      3 Linear |R| = [32m1.614346e-07[39m
      4 Linear |R| = [32m3.717823e-08[39m
      5 Linear |R| = [32m2.138211e-08[39m
      6 Linear |R| = [32m6.580624e-09[39m
      7 Linear |R| = [33m6.486516e-09[39m
      8 Linear |R| = [32m2.450680e-09[39m
      9 Linear |R| = [32m1.057469e-09[39m
     10 Linear |R| = [32m6.584815e-10[39m
     11 Linear |R| = [32m2.429040e-10[39m
     12 Linear |R| = [32m1.328408e-10[39m
     13 Linear |R| = [32m8.746002e-11[39m
     14 Linear |R| = [32m1.065405e-11[39m
     15 Linear |R| = [32m5.509413e-12[39m
     16 Linear |R| = [32m1.381441e-12[39m
     17 Linear |R| = [33m1.326469e-12[39m
     18 Linear |R| = [32m1.815849e-13[39m
     19 Linear |R| = [32m2.425366e-14[39m
     20 Linear |R| = [32m6.181011e-15[39m
 2 Nonlinear |R| = [32m1.099314e-11[39m
[32m Solve Converged![39m

Postprocessor Values:
+----------------+----------------+----------------+----------------+----------------+----------------+----------------+
| time           | J_max          | J_min          | Jbar_max       | Jbar_min       | center_pressure| edge_ux        |
+----------------+----------------+----------------+----------------+----------------+----------------+----------------+
:                :                :                :                :                :                :                :
|   4.200000e-02 |   9.827868e-01 |   9.738374e-01 |   9.898759e-01 |   9.880546e-01 |   1.573761e-01 |   8.154908e-03 |
|   4.400000e-02 |   9.826868e-01 |   9.738171e-01 |   9.898532e-01 |   9.880409e-01 |   1.555094e-01 |   8.054259e-03 |
|   4.600000e-02 |   9.825861e-01 |   9.737963e-01 |   9.898308e-01 |   9.880276e-01 |   1.536765e-01 |   7.954898e-03 |
|   4.800000e-02 |   9.824850e-01 |   9.737750e-01 |   9.898088e-01 |   9.880148e-01 |   1.518756e-01 |   7.856794e-03 |
|   5.000000e-02 |   9.823836e-01 |   9.737532e-01 |   9.897872e-01 |   9.880023e-01 |   1.501047e-01 |   7.759918e-03 |
|   5.200000e-02 |   9.822821e-01 |   9.737312e-01 |   9.897660e-01 |   9.879902e-01 |   1.483625e-01 |   7.664243e-03 |
|   5.400000e-02 |   9.821806e-01 |   9.737089e-01 |   9.897451e-01 |   9.879784e-01 |   1.466474e-01 |   7.569745e-03 |
|   5.600000e-02 |   9.820793e-01 |   9.736864e-01 |   9.897246e-01 |   9.879669e-01 |   1.449583e-01 |   7.476398e-03 |
|   5.800000e-02 |   9.819781e-01 |   9.736638e-01 |   9.897043e-01 |   9.879557e-01 |   1.432939e-01 |   7.384181e-03 |
|   6.000000e-02 |   9.818774e-01 |   9.736411e-01 |   9.896844e-01 |   9.879447e-01 |   1.416534e-01 |   7.293072e-03 |
|   6.200000e-02 |   9.817771e-01 |   9.736183e-01 |   9.896648e-01 |   9.879340e-01 |   1.400358e-01 |   7.203051e-03 |
|   6.400000e-02 |   9.816772e-01 |   9.735955e-01 |   9.896455e-01 |   9.879236e-01 |   1.384402e-01 |   7.114100e-03 |
|   6.600000e-02 |   9.815780e-01 |   9.735727e-01 |   9.896264e-01 |   9.879133e-01 |   1.368659e-01 |   7.026199e-03 |
|   6.800000e-02 |   9.814793e-01 |   9.735499e-01 |   9.896076e-01 |   9.879033e-01 |   1.353123e-01 |   6.939332e-03 |
|   7.000000e-02 |   9.813813e-01 |   9.735270e-01 |   9.895891e-01 |   9.878934e-01 |   1.337787e-01 |   6.853482e-03 |
+----------------+----------------+----------------+----------------+----------------+----------------+----------------+
+----------------+----------------+----------------+------------------+----------------+----------------+
| time           | mass           | mass_reaction  | outflow_gradient | platen_max     | platen_min     |
+----------------+----------------+----------------+------------------+----------------+----------------+
:                :                :                :                  :                :                :
|   4.200000e-02 |   1.577887e+00 |  -3.713530e-01 |     1.943290e-01 |  -5.536909e-02 |  -5.536909e-02 |
|   4.400000e-02 |   1.577156e+00 |  -3.654958e-01 |     1.913645e-01 |  -5.546965e-02 |  -5.546965e-02 |
|   4.600000e-02 |   1.576436e+00 |  -3.598960e-01 |     1.885228e-01 |  -5.556868e-02 |  -5.556868e-02 |
|   4.800000e-02 |   1.575727e+00 |  -3.545284e-01 |     1.857921e-01 |  -5.566625e-02 |  -5.566625e-02 |
|   5.000000e-02 |   1.575028e+00 |  -3.493708e-01 |     1.831618e-01 |  -5.576240e-02 |  -5.576240e-02 |
|   5.200000e-02 |   1.574339e+00 |  -3.444036e-01 |     1.806229e-01 |  -5.585720e-02 |  -5.585720e-02 |
|   5.400000e-02 |   1.573660e+00 |  -3.396094e-01 |     1.781671e-01 |  -5.595069e-02 |  -5.595069e-02 |
|   5.600000e-02 |   1.572990e+00 |  -3.349731e-01 |     1.757874e-01 |  -5.604292e-02 |  -5.604292e-02 |
|   5.800000e-02 |   1.572329e+00 |  -3.304809e-01 |     1.734772e-01 |  -5.613392e-02 |  -5.613392e-02 |
|   6.000000e-02 |   1.571677e+00 |  -3.261207e-01 |     1.712310e-01 |  -5.622374e-02 |  -5.622374e-02 |
|   6.200000e-02 |   1.571033e+00 |  -3.218818e-01 |     1.690437e-01 |  -5.631240e-02 |  -5.631240e-02 |
|   6.400000e-02 |   1.570398e+00 |  -3.177545e-01 |     1.669107e-01 |  -5.639993e-02 |  -5.639993e-02 |
|   6.600000e-02 |   1.569770e+00 |  -3.137304e-01 |     1.648281e-01 |  -5.648637e-02 |  -5.648637e-02 |
|   6.800000e-02 |   1.569151e+00 |  -3.098017e-01 |     1.627922e-01 |  -5.657174e-02 |  -5.657174e-02 |
|   7.000000e-02 |   1.568539e+00 |  -3.059617e-01 |     1.607999e-01 |  -5.665606e-02 |  -5.665606e-02 |
+----------------+----------------+----------------+------------------+----------------+----------------+
+----------------+--------------------+--------------------+----------------+----------------+----------------+
| time           | solid_fraction_max | solid_fraction_min | stability_max  | stability_min  | top_reaction   |
+----------------+--------------------+--------------------+----------------+----------------+----------------+
:                :                    :                    :                :                :                :
|   4.200000e-02 |       6.090174e-01 |       6.037176e-01 |   2.810992e+01 |   2.800403e+01 |  -1.400000e+00 |
|   4.400000e-02 |       6.090260e-01 |       6.037711e-01 |   2.810896e+01 |   2.800397e+01 |  -1.400000e+00 |
|   4.600000e-02 |       6.090347e-01 |       6.038254e-01 |   2.810798e+01 |   2.800391e+01 |  -1.400000e+00 |
|   4.800000e-02 |       6.090436e-01 |       6.038802e-01 |   2.810702e+01 |   2.800386e+01 |  -1.400000e+00 |
|   5.000000e-02 |       6.090525e-01 |       6.039355e-01 |   2.810603e+01 |   2.800380e+01 |  -1.400000e+00 |
|   5.200000e-02 |       6.090615e-01 |       6.039910e-01 |   2.810504e+01 |   2.800375e+01 |  -1.400000e+00 |
|   5.400000e-02 |       6.090706e-01 |       6.040468e-01 |   2.810404e+01 |   2.800370e+01 |  -1.400000e+00 |
|   5.600000e-02 |       6.090797e-01 |       6.041026e-01 |   2.810302e+01 |   2.800365e+01 |  -1.400000e+00 |
|   5.800000e-02 |       6.090888e-01 |       6.041585e-01 |   2.810201e+01 |   2.800360e+01 |  -1.400000e+00 |
|   6.000000e-02 |       6.090979e-01 |       6.042143e-01 |   2.810099e+01 |   2.800356e+01 |  -1.400000e+00 |
|   6.200000e-02 |       6.091070e-01 |       6.042700e-01 |   2.809997e+01 |   2.800351e+01 |  -1.400000e+00 |
|   6.400000e-02 |       6.091161e-01 |       6.043256e-01 |   2.809895e+01 |   2.800347e+01 |  -1.400000e+00 |
|   6.600000e-02 |       6.091252e-01 |       6.043810e-01 |   2.809793e+01 |   2.800342e+01 |  -1.400000e+00 |
|   6.800000e-02 |       6.091342e-01 |       6.044361e-01 |   2.809691e+01 |   2.800338e+01 |  -1.400000e+00 |
|   7.000000e-02 |       6.091432e-01 |       6.044909e-01 |   2.809589e+01 |   2.800334e+01 |  -1.400000e+00 |
+----------------+--------------------+--------------------+----------------+----------------+----------------+


Time Step 36, time = 0.072, dt = 0.002
 * Nonlinear |R| = [32m3.661393e-02[39m (Before preset BCs, predictors, correctors, and constraints)
 0 Nonlinear |R| = [32m3.661393e-02[39m
      0 Linear |R| = [32m3.661393e-02[39m
      1 Linear |R| = [32m2.467300e-03[39m
      2 Linear |R| = [33m2.410593e-03[39m
      3 Linear |R| = [33m2.324977e-03[39m
      4 Linear |R| = [32m9.687932e-04[39m
      5 Linear |R| = [32m3.875860e-04[39m
      6 Linear |R| = [32m8.986675e-05[39m
      7 Linear |R| = [32m6.943599e-05[39m
      8 Linear |R| = [32m3.768127e-05[39m
      9 Linear |R| = [32m1.614814e-05[39m
     10 Linear |R| = [32m1.011181e-05[39m
     11 Linear |R| = [32m3.793639e-06[39m
     12 Linear |R| = [32m1.372038e-06[39m
     13 Linear |R| = [33m1.349092e-06[39m
     14 Linear |R| = [32m1.621445e-07[39m
     15 Linear |R| = [32m8.359721e-08[39m
     16 Linear |R| = [32m1.960680e-08[39m
     17 Linear |R| = [32m1.784636e-08[39m
     18 Linear |R| = [32m2.949017e-09[39m
     19 Linear |R| = [32m3.596048e-10[39m
     20 Linear |R| = [32m2.803958e-11[39m
 1 Nonlinear |R| = [32m6.089955e-06[39m
      0 Linear |R| = [32m6.089955e-06[39m
      1 Linear |R| = [32m2.232250e-07[39m
      2 Linear |R| = [33m2.224916e-07[39m
      3 Linear |R| = [32m1.581996e-07[39m
      4 Linear |R| = [32m3.501230e-08[39m
      5 Linear |R| = [32m2.002856e-08[39m
      6 Linear |R| = [32m6.247625e-09[39m
      7 Linear |R| = [33m6.224479e-09[39m
      8 Linear |R| = [32m2.299532e-09[39m
      9 Linear |R| = [32m1.049354e-09[39m
     10 Linear |R| = [32m6.563836e-10[39m
     11 Linear |R| = [32m2.448105e-10[39m
     12 Linear |R| = [32m1.346476e-10[39m
     13 Linear |R| = [32m9.746742e-11[39m
     14 Linear |R| = [32m1.379397e-11[39m
     15 Linear |R| = [32m6.535725e-12[39m
     16 Linear |R| = [32m1.572274e-12[39m
     17 Linear |R| = [33m1.540281e-12[39m
     18 Linear |R| = [32m1.928798e-13[39m
     19 Linear |R| = [32m2.244339e-14[39m
     20 Linear |R| = [32m6.116279e-15[39m
     21 Linear |R| = [32m1.593143e-15[39m
 2 Nonlinear |R| = [32m1.085349e-11[39m
[32m Solve Converged![39m

Postprocessor Values:
+----------------+----------------+----------------+----------------+----------------+----------------+----------------+
| time           | J_max          | J_min          | Jbar_max       | Jbar_min       | center_pressure| edge_ux        |
+----------------+----------------+----------------+----------------+----------------+----------------+----------------+
:                :                :                :                :                :                :                :
|   4.400000e-02 |   9.826868e-01 |   9.738171e-01 |   9.898532e-01 |   9.880409e-01 |   1.555094e-01 |   8.054259e-03 |
|   4.600000e-02 |   9.825861e-01 |   9.737963e-01 |   9.898308e-01 |   9.880276e-01 |   1.536765e-01 |   7.954898e-03 |
|   4.800000e-02 |   9.824850e-01 |   9.737750e-01 |   9.898088e-01 |   9.880148e-01 |   1.518756e-01 |   7.856794e-03 |
|   5.000000e-02 |   9.823836e-01 |   9.737532e-01 |   9.897872e-01 |   9.880023e-01 |   1.501047e-01 |   7.759918e-03 |
|   5.200000e-02 |   9.822821e-01 |   9.737312e-01 |   9.897660e-01 |   9.879902e-01 |   1.483625e-01 |   7.664243e-03 |
|   5.400000e-02 |   9.821806e-01 |   9.737089e-01 |   9.897451e-01 |   9.879784e-01 |   1.466474e-01 |   7.569745e-03 |
|   5.600000e-02 |   9.820793e-01 |   9.736864e-01 |   9.897246e-01 |   9.879669e-01 |   1.449583e-01 |   7.476398e-03 |
|   5.800000e-02 |   9.819781e-01 |   9.736638e-01 |   9.897043e-01 |   9.879557e-01 |   1.432939e-01 |   7.384181e-03 |
|   6.000000e-02 |   9.818774e-01 |   9.736411e-01 |   9.896844e-01 |   9.879447e-01 |   1.416534e-01 |   7.293072e-03 |
|   6.200000e-02 |   9.817771e-01 |   9.736183e-01 |   9.896648e-01 |   9.879340e-01 |   1.400358e-01 |   7.203051e-03 |
|   6.400000e-02 |   9.816772e-01 |   9.735955e-01 |   9.896455e-01 |   9.879236e-01 |   1.384402e-01 |   7.114100e-03 |
|   6.600000e-02 |   9.815780e-01 |   9.735727e-01 |   9.896264e-01 |   9.879133e-01 |   1.368659e-01 |   7.026199e-03 |
|   6.800000e-02 |   9.814793e-01 |   9.735499e-01 |   9.896076e-01 |   9.879033e-01 |   1.353123e-01 |   6.939332e-03 |
|   7.000000e-02 |   9.813813e-01 |   9.735270e-01 |   9.895891e-01 |   9.878934e-01 |   1.337787e-01 |   6.853482e-03 |
|   7.200000e-02 |   9.812841e-01 |   9.735036e-01 |   9.895708e-01 |   9.878837e-01 |   1.322645e-01 |   6.768633e-03 |
+----------------+----------------+----------------+----------------+----------------+----------------+----------------+
+----------------+----------------+----------------+------------------+----------------+----------------+
| time           | mass           | mass_reaction  | outflow_gradient | platen_max     | platen_min     |
+----------------+----------------+----------------+------------------+----------------+----------------+
:                :                :                :                  :                :                :
|   4.400000e-02 |   1.577156e+00 |  -3.654958e-01 |     1.913645e-01 |  -5.546965e-02 |  -5.546965e-02 |
|   4.600000e-02 |   1.576436e+00 |  -3.598960e-01 |     1.885228e-01 |  -5.556868e-02 |  -5.556868e-02 |
|   4.800000e-02 |   1.575727e+00 |  -3.545284e-01 |     1.857921e-01 |  -5.566625e-02 |  -5.566625e-02 |
|   5.000000e-02 |   1.575028e+00 |  -3.493708e-01 |     1.831618e-01 |  -5.576240e-02 |  -5.576240e-02 |
|   5.200000e-02 |   1.574339e+00 |  -3.444036e-01 |     1.806229e-01 |  -5.585720e-02 |  -5.585720e-02 |
|   5.400000e-02 |   1.573660e+00 |  -3.396094e-01 |     1.781671e-01 |  -5.595069e-02 |  -5.595069e-02 |
|   5.600000e-02 |   1.572990e+00 |  -3.349731e-01 |     1.757874e-01 |  -5.604292e-02 |  -5.604292e-02 |
|   5.800000e-02 |   1.572329e+00 |  -3.304809e-01 |     1.734772e-01 |  -5.613392e-02 |  -5.613392e-02 |
|   6.000000e-02 |   1.571677e+00 |  -3.261207e-01 |     1.712310e-01 |  -5.622374e-02 |  -5.622374e-02 |
|   6.200000e-02 |   1.571033e+00 |  -3.218818e-01 |     1.690437e-01 |  -5.631240e-02 |  -5.631240e-02 |
|   6.400000e-02 |   1.570398e+00 |  -3.177545e-01 |     1.669107e-01 |  -5.639993e-02 |  -5.639993e-02 |
|   6.600000e-02 |   1.569770e+00 |  -3.137304e-01 |     1.648281e-01 |  -5.648637e-02 |  -5.648637e-02 |
|   6.800000e-02 |   1.569151e+00 |  -3.098017e-01 |     1.627922e-01 |  -5.657174e-02 |  -5.657174e-02 |
|   7.000000e-02 |   1.568539e+00 |  -3.059617e-01 |     1.607999e-01 |  -5.665606e-02 |  -5.665606e-02 |
|   7.200000e-02 |   1.567934e+00 |  -3.022044e-01 |     1.588482e-01 |  -5.673936e-02 |  -5.673936e-02 |
+----------------+----------------+----------------+------------------+----------------+----------------+
+----------------+--------------------+--------------------+----------------+----------------+----------------+
| time           | solid_fraction_max | solid_fraction_min | stability_max  | stability_min  | top_reaction   |
+----------------+--------------------+--------------------+----------------+----------------+----------------+
:                :                    :                    :                :                :                :
|   4.400000e-02 |       6.090260e-01 |       6.037711e-01 |   2.810896e+01 |   2.800397e+01 |  -1.400000e+00 |
|   4.600000e-02 |       6.090347e-01 |       6.038254e-01 |   2.810798e+01 |   2.800391e+01 |  -1.400000e+00 |
|   4.800000e-02 |       6.090436e-01 |       6.038802e-01 |   2.810702e+01 |   2.800386e+01 |  -1.400000e+00 |
|   5.000000e-02 |       6.090525e-01 |       6.039355e-01 |   2.810603e+01 |   2.800380e+01 |  -1.400000e+00 |
|   5.200000e-02 |       6.090615e-01 |       6.039910e-01 |   2.810504e+01 |   2.800375e+01 |  -1.400000e+00 |
|   5.400000e-02 |       6.090706e-01 |       6.040468e-01 |   2.810404e+01 |   2.800370e+01 |  -1.400000e+00 |
|   5.600000e-02 |       6.090797e-01 |       6.041026e-01 |   2.810302e+01 |   2.800365e+01 |  -1.400000e+00 |
|   5.800000e-02 |       6.090888e-01 |       6.041585e-01 |   2.810201e+01 |   2.800360e+01 |  -1.400000e+00 |
|   6.000000e-02 |       6.090979e-01 |       6.042143e-01 |   2.810099e+01 |   2.800356e+01 |  -1.400000e+00 |
|   6.200000e-02 |       6.091070e-01 |       6.042700e-01 |   2.809997e+01 |   2.800351e+01 |  -1.400000e+00 |
|   6.400000e-02 |       6.091161e-01 |       6.043256e-01 |   2.809895e+01 |   2.800347e+01 |  -1.400000e+00 |
|   6.600000e-02 |       6.091252e-01 |       6.043810e-01 |   2.809793e+01 |   2.800342e+01 |  -1.400000e+00 |
|   6.800000e-02 |       6.091342e-01 |       6.044361e-01 |   2.809691e+01 |   2.800338e+01 |  -1.400000e+00 |
|   7.000000e-02 |       6.091432e-01 |       6.044909e-01 |   2.809589e+01 |   2.800334e+01 |  -1.400000e+00 |
|   7.200000e-02 |       6.091522e-01 |       6.045454e-01 |   2.809488e+01 |   2.800330e+01 |  -1.400000e+00 |
+----------------+--------------------+--------------------+----------------+----------------+----------------+


Time Step 37, time = 0.074, dt = 0.002
 * Nonlinear |R| = [32m3.618568e-02[39m (Before preset BCs, predictors, correctors, and constraints)
 0 Nonlinear |R| = [32m3.618568e-02[39m
      0 Linear |R| = [32m3.618568e-02[39m
      1 Linear |R| = [32m2.437801e-03[39m
      2 Linear |R| = [33m2.381844e-03[39m
      3 Linear |R| = [33m2.297177e-03[39m
      4 Linear |R| = [32m9.564188e-04[39m
      5 Linear |R| = [32m3.825676e-04[39m
      6 Linear |R| = [32m8.834936e-05[39m
      7 Linear |R| = [32m6.525590e-05[39m
      8 Linear |R| = [32m3.710941e-05[39m
      9 Linear |R| = [32m1.591624e-05[39m
     10 Linear |R| = [32m9.960681e-06[39m
     11 Linear |R| = [32m3.739649e-06[39m
     12 Linear |R| = [32m1.364906e-06[39m
     13 Linear |R| = [33m1.331418e-06[39m
     14 Linear |R| = [32m1.589673e-07[39m
     15 Linear |R| = [32m8.203462e-08[39m
     16 Linear |R| = [32m1.928604e-08[39m
     17 Linear |R| = [33m1.867757e-08[39m
     18 Linear |R| = [32m2.897815e-09[39m
     19 Linear |R| = [32m3.544269e-10[39m
     20 Linear |R| = [32m3.115422e-11[39m
 1 Nonlinear |R| = [32m5.966161e-06[39m
      0 Linear |R| = [32m5.966161e-06[39m
      1 Linear |R| = [32m2.186799e-07[39m
      2 Linear |R| = [33m2.180149e-07[39m
      3 Linear |R| = [32m1.535414e-07[39m
      4 Linear |R| = [32m3.571333e-08[39m
      5 Linear |R| = [32m2.048047e-08[39m
      6 Linear |R| = [32m6.116811e-09[39m
      7 Linear |R| = [33m6.087027e-09[39m
      8 Linear |R| = [32m2.314883e-09[39m
      9 Linear |R| = [32m1.027265e-09[39m
     10 Linear |R| = [32m6.414536e-10[39m
     11 Linear |R| = [32m2.354407e-10[39m
     12 Linear |R| = [32m1.344851e-10[39m
     13 Linear |R| = [32m9.306416e-11[39m
     14 Linear |R| = [32m1.309152e-11[39m
     15 Linear |R| = [32m6.471054e-12[39m
     16 Linear |R| = [32m1.600659e-12[39m
     17 Linear |R| = [33m1.549404e-12[39m
     18 Linear |R| = [32m1.817122e-13[39m
     19 Linear |R| = [32m2.353876e-14[39m
     20 Linear |R| = [32m6.089782e-15[39m
     21 Linear |R| = [32m1.535375e-15[39m
 2 Nonlinear |R| = [32m9.452779e-12[39m
[32m Solve Converged![39m

Postprocessor Values:
+----------------+----------------+----------------+----------------+----------------+----------------+----------------+
| time           | J_max          | J_min          | Jbar_max       | Jbar_min       | center_pressure| edge_ux        |
+----------------+----------------+----------------+----------------+----------------+----------------+----------------+
:                :                :                :                :                :                :                :
|   4.600000e-02 |   9.825861e-01 |   9.737963e-01 |   9.898308e-01 |   9.880276e-01 |   1.536765e-01 |   7.954898e-03 |
|   4.800000e-02 |   9.824850e-01 |   9.737750e-01 |   9.898088e-01 |   9.880148e-01 |   1.518756e-01 |   7.856794e-03 |
|   5.000000e-02 |   9.823836e-01 |   9.737532e-01 |   9.897872e-01 |   9.880023e-01 |   1.501047e-01 |   7.759918e-03 |
|   5.200000e-02 |   9.822821e-01 |   9.737312e-01 |   9.897660e-01 |   9.879902e-01 |   1.483625e-01 |   7.664243e-03 |
|   5.400000e-02 |   9.821806e-01 |   9.737089e-01 |   9.897451e-01 |   9.879784e-01 |   1.466474e-01 |   7.569745e-03 |
|   5.600000e-02 |   9.820793e-01 |   9.736864e-01 |   9.897246e-01 |   9.879669e-01 |   1.449583e-01 |   7.476398e-03 |
|   5.800000e-02 |   9.819781e-01 |   9.736638e-01 |   9.897043e-01 |   9.879557e-01 |   1.432939e-01 |   7.384181e-03 |
|   6.000000e-02 |   9.818774e-01 |   9.736411e-01 |   9.896844e-01 |   9.879447e-01 |   1.416534e-01 |   7.293072e-03 |
|   6.200000e-02 |   9.817771e-01 |   9.736183e-01 |   9.896648e-01 |   9.879340e-01 |   1.400358e-01 |   7.203051e-03 |
|   6.400000e-02 |   9.816772e-01 |   9.735955e-01 |   9.896455e-01 |   9.879236e-01 |   1.384402e-01 |   7.114100e-03 |
|   6.600000e-02 |   9.815780e-01 |   9.735727e-01 |   9.896264e-01 |   9.879133e-01 |   1.368659e-01 |   7.026199e-03 |
|   6.800000e-02 |   9.814793e-01 |   9.735499e-01 |   9.896076e-01 |   9.879033e-01 |   1.353123e-01 |   6.939332e-03 |
|   7.000000e-02 |   9.813813e-01 |   9.735270e-01 |   9.895891e-01 |   9.878934e-01 |   1.337787e-01 |   6.853482e-03 |
|   7.200000e-02 |   9.812841e-01 |   9.735036e-01 |   9.895708e-01 |   9.878837e-01 |   1.322645e-01 |   6.768633e-03 |
|   7.400000e-02 |   9.811875e-01 |   9.734802e-01 |   9.895528e-01 |   9.878743e-01 |   1.307692e-01 |   6.684770e-03 |
+----------------+----------------+----------------+----------------+----------------+----------------+----------------+
+----------------+----------------+----------------+------------------+----------------+----------------+
| time           | mass           | mass_reaction  | outflow_gradient | platen_max     | platen_min     |
+----------------+----------------+----------------+------------------+----------------+----------------+
:                :                :                :                  :                :                :
|   4.600000e-02 |   1.576436e+00 |  -3.598960e-01 |     1.885228e-01 |  -5.556868e-02 |  -5.556868e-02 |
|   4.800000e-02 |   1.575727e+00 |  -3.545284e-01 |     1.857921e-01 |  -5.566625e-02 |  -5.566625e-02 |
|   5.000000e-02 |   1.575028e+00 |  -3.493708e-01 |     1.831618e-01 |  -5.576240e-02 |  -5.576240e-02 |
|   5.200000e-02 |   1.574339e+00 |  -3.444036e-01 |     1.806229e-01 |  -5.585720e-02 |  -5.585720e-02 |
|   5.400000e-02 |   1.573660e+00 |  -3.396094e-01 |     1.781671e-01 |  -5.595069e-02 |  -5.595069e-02 |
|   5.600000e-02 |   1.572990e+00 |  -3.349731e-01 |     1.757874e-01 |  -5.604292e-02 |  -5.604292e-02 |
|   5.800000e-02 |   1.572329e+00 |  -3.304809e-01 |     1.734772e-01 |  -5.613392e-02 |  -5.613392e-02 |
|   6.000000e-02 |   1.571677e+00 |  -3.261207e-01 |     1.712310e-01 |  -5.622374e-02 |  -5.622374e-02 |
|   6.200000e-02 |   1.571033e+00 |  -3.218818e-01 |     1.690437e-01 |  -5.631240e-02 |  -5.631240e-02 |
|   6.400000e-02 |   1.570398e+00 |  -3.177545e-01 |     1.669107e-01 |  -5.639993e-02 |  -5.639993e-02 |
|   6.600000e-02 |   1.569770e+00 |  -3.137304e-01 |     1.648281e-01 |  -5.648637e-02 |  -5.648637e-02 |
|   6.800000e-02 |   1.569151e+00 |  -3.098017e-01 |     1.627922e-01 |  -5.657174e-02 |  -5.657174e-02 |
|   7.000000e-02 |   1.568539e+00 |  -3.059617e-01 |     1.607999e-01 |  -5.665606e-02 |  -5.665606e-02 |
|   7.200000e-02 |   1.567934e+00 |  -3.022044e-01 |     1.588482e-01 |  -5.673936e-02 |  -5.673936e-02 |
|   7.400000e-02 |   1.567337e+00 |  -2.985242e-01 |     1.569347e-01 |  -5.682166e-02 |  -5.682166e-02 |
+----------------+----------------+----------------+------------------+----------------+----------------+
+----------------+--------------------+--------------------+----------------+----------------+----------------+
| time           | solid_fraction_max | solid_fraction_min | stability_max  | stability_min  | top_reaction   |
+----------------+--------------------+--------------------+----------------+----------------+----------------+
:                :                    :                    :                :                :                :
|   4.600000e-02 |       6.090347e-01 |       6.038254e-01 |   2.810798e+01 |   2.800391e+01 |  -1.400000e+00 |
|   4.800000e-02 |       6.090436e-01 |       6.038802e-01 |   2.810702e+01 |   2.800386e+01 |  -1.400000e+00 |
|   5.000000e-02 |       6.090525e-01 |       6.039355e-01 |   2.810603e+01 |   2.800380e+01 |  -1.400000e+00 |
|   5.200000e-02 |       6.090615e-01 |       6.039910e-01 |   2.810504e+01 |   2.800375e+01 |  -1.400000e+00 |
|   5.400000e-02 |       6.090706e-01 |       6.040468e-01 |   2.810404e+01 |   2.800370e+01 |  -1.400000e+00 |
|   5.600000e-02 |       6.090797e-01 |       6.041026e-01 |   2.810302e+01 |   2.800365e+01 |  -1.400000e+00 |
|   5.800000e-02 |       6.090888e-01 |       6.041585e-01 |   2.810201e+01 |   2.800360e+01 |  -1.400000e+00 |
|   6.000000e-02 |       6.090979e-01 |       6.042143e-01 |   2.810099e+01 |   2.800356e+01 |  -1.400000e+00 |
|   6.200000e-02 |       6.091070e-01 |       6.042700e-01 |   2.809997e+01 |   2.800351e+01 |  -1.400000e+00 |
|   6.400000e-02 |       6.091161e-01 |       6.043256e-01 |   2.809895e+01 |   2.800347e+01 |  -1.400000e+00 |
|   6.600000e-02 |       6.091252e-01 |       6.043810e-01 |   2.809793e+01 |   2.800342e+01 |  -1.400000e+00 |
|   6.800000e-02 |       6.091342e-01 |       6.044361e-01 |   2.809691e+01 |   2.800338e+01 |  -1.400000e+00 |
|   7.000000e-02 |       6.091432e-01 |       6.044909e-01 |   2.809589e+01 |   2.800334e+01 |  -1.400000e+00 |
|   7.200000e-02 |       6.091522e-01 |       6.045454e-01 |   2.809488e+01 |   2.800330e+01 |  -1.400000e+00 |
|   7.400000e-02 |       6.091611e-01 |       6.045995e-01 |   2.809388e+01 |   2.800326e+01 |  -1.400000e+00 |
+----------------+--------------------+--------------------+----------------+----------------+----------------+


Time Step 38, time = 0.076, dt = 0.002
 * Nonlinear |R| = [32m3.576462e-02[39m (Before preset BCs, predictors, correctors, and constraints)
 0 Nonlinear |R| = [32m3.576462e-02[39m
      0 Linear |R| = [32m3.576462e-02[39m
      1 Linear |R| = [32m2.408846e-03[39m
      2 Linear |R| = [33m2.353591e-03[39m
      3 Linear |R| = [33m2.269949e-03[39m
      4 Linear |R| = [32m9.445983e-04[39m
      5 Linear |R| = [32m3.779754e-04[39m
      6 Linear |R| = [32m8.762670e-05[39m
      7 Linear |R| = [32m6.821333e-05[39m
      8 Linear |R| = [32m3.669549e-05[39m
      9 Linear |R| = [32m1.569320e-05[39m
     10 Linear |R| = [32m9.815577e-06[39m
     11 Linear |R| = [32m3.687077e-06[39m
     12 Linear |R| = [32m1.333486e-06[39m
     13 Linear |R| = [33m1.309656e-06[39m
     14 Linear |R| = [32m1.559808e-07[39m
     15 Linear |R| = [32m8.054743e-08[39m
     16 Linear |R| = [32m1.888165e-08[39m
     17 Linear |R| = [32m1.791308e-08[39m
     18 Linear |R| = [32m2.848944e-09[39m
     19 Linear |R| = [32m3.494261e-10[39m
     20 Linear |R| = [32m2.910498e-11[39m
 1 Nonlinear |R| = [32m5.834240e-06[39m
      0 Linear |R| = [32m5.834240e-06[39m
      1 Linear |R| = [32m2.130625e-07[39m
      2 Linear |R| = [33m2.124122e-07[39m
      3 Linear |R| = [32m1.515582e-07[39m
      4 Linear |R| = [32m3.275343e-08[39m
      5 Linear |R| = [32m1.811047e-08[39m
      6 Linear |R| = [32m6.023775e-09[39m
      7 Linear |R| = [33m6.004770e-09[39m
      8 Linear |R| = [32m2.314064e-09[39m
      9 Linear |R| = [32m1.012386e-09[39m
     10 Linear |R| = [32m6.331504e-10[39m
     11 Linear |R| = [32m2.341362e-10[39m
     12 Linear |R| = [32m1.320412e-10[39m
     13 Linear |R| = [32m9.195710e-11[39m
     14 Linear |R| = [32m1.350134e-11[39m
     15 Linear |R| = [32m6.470215e-12[39m
     16 Linear |R| = [32m1.602077e-12[39m
     17 Linear |R| = [33m1.566475e-12[39m
     18 Linear |R| = [32m1.789033e-13[39m
     19 Linear |R| = [32m2.368847e-14[39m
     20 Linear |R| = [32m6.663038e-15[39m
     21 Linear |R| = [32m1.473109e-15[39m
 2 Nonlinear |R| = [32m9.159883e-12[39m
[32m Solve Converged![39m

Postprocessor Values:
+----------------+----------------+----------------+----------------+----------------+----------------+----------------+
| time           | J_max          | J_min          | Jbar_max       | Jbar_min       | center_pressure| edge_ux        |
+----------------+----------------+----------------+----------------+----------------+----------------+----------------+
:                :                :                :                :                :                :                :
|   4.800000e-02 |   9.824850e-01 |   9.737750e-01 |   9.898088e-01 |   9.880148e-01 |   1.518756e-01 |   7.856794e-03 |
|   5.000000e-02 |   9.823836e-01 |   9.737532e-01 |   9.897872e-01 |   9.880023e-01 |   1.501047e-01 |   7.759918e-03 |
|   5.200000e-02 |   9.822821e-01 |   9.737312e-01 |   9.897660e-01 |   9.879902e-01 |   1.483625e-01 |   7.664243e-03 |
|   5.400000e-02 |   9.821806e-01 |   9.737089e-01 |   9.897451e-01 |   9.879784e-01 |   1.466474e-01 |   7.569745e-03 |
|   5.600000e-02 |   9.820793e-01 |   9.736864e-01 |   9.897246e-01 |   9.879669e-01 |   1.449583e-01 |   7.476398e-03 |
|   5.800000e-02 |   9.819781e-01 |   9.736638e-01 |   9.897043e-01 |   9.879557e-01 |   1.432939e-01 |   7.384181e-03 |
|   6.000000e-02 |   9.818774e-01 |   9.736411e-01 |   9.896844e-01 |   9.879447e-01 |   1.416534e-01 |   7.293072e-03 |
|   6.200000e-02 |   9.817771e-01 |   9.736183e-01 |   9.896648e-01 |   9.879340e-01 |   1.400358e-01 |   7.203051e-03 |
|   6.400000e-02 |   9.816772e-01 |   9.735955e-01 |   9.896455e-01 |   9.879236e-01 |   1.384402e-01 |   7.114100e-03 |
|   6.600000e-02 |   9.815780e-01 |   9.735727e-01 |   9.896264e-01 |   9.879133e-01 |   1.368659e-01 |   7.026199e-03 |
|   6.800000e-02 |   9.814793e-01 |   9.735499e-01 |   9.896076e-01 |   9.879033e-01 |   1.353123e-01 |   6.939332e-03 |
|   7.000000e-02 |   9.813813e-01 |   9.735270e-01 |   9.895891e-01 |   9.878934e-01 |   1.337787e-01 |   6.853482e-03 |
|   7.200000e-02 |   9.812841e-01 |   9.735036e-01 |   9.895708e-01 |   9.878837e-01 |   1.322645e-01 |   6.768633e-03 |
|   7.400000e-02 |   9.811875e-01 |   9.734802e-01 |   9.895528e-01 |   9.878743e-01 |   1.307692e-01 |   6.684770e-03 |
|   7.600000e-02 |   9.810917e-01 |   9.734571e-01 |   9.895350e-01 |   9.878649e-01 |   1.292924e-01 |   6.601878e-03 |
+----------------+----------------+----------------+----------------+----------------+----------------+----------------+
+----------------+----------------+----------------+------------------+----------------+----------------+
| time           | mass           | mass_reaction  | outflow_gradient | platen_max     | platen_min     |
+----------------+----------------+----------------+------------------+----------------+----------------+
:                :                :                :                  :                :                :
|   4.800000e-02 |   1.575727e+00 |  -3.545284e-01 |     1.857921e-01 |  -5.566625e-02 |  -5.566625e-02 |
|   5.000000e-02 |   1.575028e+00 |  -3.493708e-01 |     1.831618e-01 |  -5.576240e-02 |  -5.576240e-02 |
|   5.200000e-02 |   1.574339e+00 |  -3.444036e-01 |     1.806229e-01 |  -5.585720e-02 |  -5.585720e-02 |
|   5.400000e-02 |   1.573660e+00 |  -3.396094e-01 |     1.781671e-01 |  -5.595069e-02 |  -5.595069e-02 |
|   5.600000e-02 |   1.572990e+00 |  -3.349731e-01 |     1.757874e-01 |  -5.604292e-02 |  -5.604292e-02 |
|   5.800000e-02 |   1.572329e+00 |  -3.304809e-01 |     1.734772e-01 |  -5.613392e-02 |  -5.613392e-02 |
|   6.000000e-02 |   1.571677e+00 |  -3.261207e-01 |     1.712310e-01 |  -5.622374e-02 |  -5.622374e-02 |
|   6.200000e-02 |   1.571033e+00 |  -3.218818e-01 |     1.690437e-01 |  -5.631240e-02 |  -5.631240e-02 |
|   6.400000e-02 |   1.570398e+00 |  -3.177545e-01 |     1.669107e-01 |  -5.639993e-02 |  -5.639993e-02 |
|   6.600000e-02 |   1.569770e+00 |  -3.137304e-01 |     1.648281e-01 |  -5.648637e-02 |  -5.648637e-02 |
|   6.800000e-02 |   1.569151e+00 |  -3.098017e-01 |     1.627922e-01 |  -5.657174e-02 |  -5.657174e-02 |
|   7.000000e-02 |   1.568539e+00 |  -3.059617e-01 |     1.607999e-01 |  -5.665606e-02 |  -5.665606e-02 |
|   7.200000e-02 |   1.567934e+00 |  -3.022044e-01 |     1.588482e-01 |  -5.673936e-02 |  -5.673936e-02 |
|   7.400000e-02 |   1.567337e+00 |  -2.985242e-01 |     1.569347e-01 |  -5.682166e-02 |  -5.682166e-02 |
|   7.600000e-02 |   1.566747e+00 |  -2.949163e-01 |     1.550571e-01 |  -5.690297e-02 |  -5.690297e-02 |
+----------------+----------------+----------------+------------------+----------------+----------------+
+----------------+--------------------+--------------------+----------------+----------------+----------------+
| time           | solid_fraction_max | solid_fraction_min | stability_max  | stability_min  | top_reaction   |
+----------------+--------------------+--------------------+----------------+----------------+----------------+
:                :                    :                    :                :                :                :
|   4.800000e-02 |       6.090436e-01 |       6.038802e-01 |   2.810702e+01 |   2.800386e+01 |  -1.400000e+00 |
|   5.000000e-02 |       6.090525e-01 |       6.039355e-01 |   2.810603e+01 |   2.800380e+01 |  -1.400000e+00 |
|   5.200000e-02 |       6.090615e-01 |       6.039910e-01 |   2.810504e+01 |   2.800375e+01 |  -1.400000e+00 |
|   5.400000e-02 |       6.090706e-01 |       6.040468e-01 |   2.810404e+01 |   2.800370e+01 |  -1.400000e+00 |
|   5.600000e-02 |       6.090797e-01 |       6.041026e-01 |   2.810302e+01 |   2.800365e+01 |  -1.400000e+00 |
|   5.800000e-02 |       6.090888e-01 |       6.041585e-01 |   2.810201e+01 |   2.800360e+01 |  -1.400000e+00 |
|   6.000000e-02 |       6.090979e-01 |       6.042143e-01 |   2.810099e+01 |   2.800356e+01 |  -1.400000e+00 |
|   6.200000e-02 |       6.091070e-01 |       6.042700e-01 |   2.809997e+01 |   2.800351e+01 |  -1.400000e+00 |
|   6.400000e-02 |       6.091161e-01 |       6.043256e-01 |   2.809895e+01 |   2.800347e+01 |  -1.400000e+00 |
|   6.600000e-02 |       6.091252e-01 |       6.043810e-01 |   2.809793e+01 |   2.800342e+01 |  -1.400000e+00 |
|   6.800000e-02 |       6.091342e-01 |       6.044361e-01 |   2.809691e+01 |   2.800338e+01 |  -1.400000e+00 |
|   7.000000e-02 |       6.091432e-01 |       6.044909e-01 |   2.809589e+01 |   2.800334e+01 |  -1.400000e+00 |
|   7.200000e-02 |       6.091522e-01 |       6.045454e-01 |   2.809488e+01 |   2.800330e+01 |  -1.400000e+00 |
|   7.400000e-02 |       6.091611e-01 |       6.045995e-01 |   2.809388e+01 |   2.800326e+01 |  -1.400000e+00 |
|   7.600000e-02 |       6.091700e-01 |       6.046533e-01 |   2.809287e+01 |   2.800322e+01 |  -1.400000e+00 |
+----------------+--------------------+--------------------+----------------+----------------+----------------+


Time Step 39, time = 0.078, dt = 0.002
 * Nonlinear |R| = [32m3.535026e-02[39m (Before preset BCs, predictors, correctors, and constraints)
 0 Nonlinear |R| = [32m3.535026e-02[39m
      0 Linear |R| = [32m3.535026e-02[39m
      1 Linear |R| = [32m2.380453e-03[39m
      2 Linear |R| = [33m2.325903e-03[39m
      3 Linear |R| = [33m2.243187e-03[39m
      4 Linear |R| = [32m9.327999e-04[39m
      5 Linear |R| = [32m3.732796e-04[39m
      6 Linear |R| = [32m8.646263e-05[39m
      7 Linear |R| = [32m6.691364e-05[39m
      8 Linear |R| = [32m3.619787e-05[39m
      9 Linear |R| = [32m1.547722e-05[39m
     10 Linear |R| = [32m9.675962e-06[39m
     11 Linear |R| = [32m3.635902e-06[39m
     12 Linear |R| = [32m1.321207e-06[39m
     13 Linear |R| = [33m1.292019e-06[39m
     14 Linear |R| = [32m1.531655e-07[39m
     15 Linear |R| = [32m7.913072e-08[39m
     16 Linear |R| = [32m1.848926e-08[39m
     17 Linear |R| = [32m1.653463e-08[39m
     18 Linear |R| = [32m2.802249e-09[39m
     19 Linear |R| = [32m3.445885e-10[39m
     20 Linear |R| = [32m2.669355e-11[39m
 1 Nonlinear |R| = [32m5.705900e-06[39m
      0 Linear |R| = [32m5.705900e-06[39m
      1 Linear |R| = [32m2.102086e-07[39m
      2 Linear |R| = [33m2.095352e-07[39m
      3 Linear |R| = [32m1.484663e-07[39m
      4 Linear |R| = [32m3.316225e-08[39m
      5 Linear |R| = [32m1.902636e-08[39m
      6 Linear |R| = [32m6.027550e-09[39m
      7 Linear |R| = [33m5.929831e-09[39m
      8 Linear |R| = [32m2.194313e-09[39m
      9 Linear |R| = [32m9.324799e-10[39m
     10 Linear |R| = [32m5.751950e-10[39m
     11 Linear |R| = [32m2.240548e-10[39m
     12 Linear |R| = [32m1.386396e-10[39m
     13 Linear |R| = [32m8.803708e-11[39m
     14 Linear |R| = [32m1.350840e-11[39m
     15 Linear |R| = [32m6.381336e-12[39m
     16 Linear |R| = [32m1.490191e-12[39m
     17 Linear |R| = [33m1.434192e-12[39m
     18 Linear |R| = [32m1.523456e-13[39m
     19 Linear |R| = [32m1.992468e-14[39m
     20 Linear |R| = [32m6.519520e-15[39m
     21 Linear |R| = [32m1.290688e-15[39m
 2 Nonlinear |R| = [32m1.023845e-11[39m
[32m Solve Converged![39m

Postprocessor Values:
+----------------+----------------+----------------+----------------+----------------+----------------+----------------+
| time           | J_max          | J_min          | Jbar_max       | Jbar_min       | center_pressure| edge_ux        |
+----------------+----------------+----------------+----------------+----------------+----------------+----------------+
:                :                :                :                :                :                :                :
|   5.000000e-02 |   9.823836e-01 |   9.737532e-01 |   9.897872e-01 |   9.880023e-01 |   1.501047e-01 |   7.759918e-03 |
|   5.200000e-02 |   9.822821e-01 |   9.737312e-01 |   9.897660e-01 |   9.879902e-01 |   1.483625e-01 |   7.664243e-03 |
|   5.400000e-02 |   9.821806e-01 |   9.737089e-01 |   9.897451e-01 |   9.879784e-01 |   1.466474e-01 |   7.569745e-03 |
|   5.600000e-02 |   9.820793e-01 |   9.736864e-01 |   9.897246e-01 |   9.879669e-01 |   1.449583e-01 |   7.476398e-03 |
|   5.800000e-02 |   9.819781e-01 |   9.736638e-01 |   9.897043e-01 |   9.879557e-01 |   1.432939e-01 |   7.384181e-03 |
|   6.000000e-02 |   9.818774e-01 |   9.736411e-01 |   9.896844e-01 |   9.879447e-01 |   1.416534e-01 |   7.293072e-03 |
|   6.200000e-02 |   9.817771e-01 |   9.736183e-01 |   9.896648e-01 |   9.879340e-01 |   1.400358e-01 |   7.203051e-03 |
|   6.400000e-02 |   9.816772e-01 |   9.735955e-01 |   9.896455e-01 |   9.879236e-01 |   1.384402e-01 |   7.114100e-03 |
|   6.600000e-02 |   9.815780e-01 |   9.735727e-01 |   9.896264e-01 |   9.879133e-01 |   1.368659e-01 |   7.026199e-03 |
|   6.800000e-02 |   9.814793e-01 |   9.735499e-01 |   9.896076e-01 |   9.879033e-01 |   1.353123e-01 |   6.939332e-03 |
|   7.000000e-02 |   9.813813e-01 |   9.735270e-01 |   9.895891e-01 |   9.878934e-01 |   1.337787e-01 |   6.853482e-03 |
|   7.200000e-02 |   9.812841e-01 |   9.735036e-01 |   9.895708e-01 |   9.878837e-01 |   1.322645e-01 |   6.768633e-03 |
|   7.400000e-02 |   9.811875e-01 |   9.734802e-01 |   9.895528e-01 |   9.878743e-01 |   1.307692e-01 |   6.684770e-03 |
|   7.600000e-02 |   9.810917e-01 |   9.734571e-01 |   9.895350e-01 |   9.878649e-01 |   1.292924e-01 |   6.601878e-03 |
|   7.800000e-02 |   9.809968e-01 |   9.734341e-01 |   9.895174e-01 |   9.878558e-01 |   1.278335e-01 |   6.519943e-03 |
+----------------+----------------+----------------+----------------+----------------+----------------+----------------+
+----------------+----------------+----------------+------------------+----------------+----------------+
| time           | mass           | mass_reaction  | outflow_gradient | platen_max     | platen_min     |
+----------------+----------------+----------------+------------------+----------------+----------------+
:                :                :                :                  :                :                :
|   5.000000e-02 |   1.575028e+00 |  -3.493708e-01 |     1.831618e-01 |  -5.576240e-02 |  -5.576240e-02 |
|   5.200000e-02 |   1.574339e+00 |  -3.444036e-01 |     1.806229e-01 |  -5.585720e-02 |  -5.585720e-02 |
|   5.400000e-02 |   1.573660e+00 |  -3.396094e-01 |     1.781671e-01 |  -5.595069e-02 |  -5.595069e-02 |
|   5.600000e-02 |   1.572990e+00 |  -3.349731e-01 |     1.757874e-01 |  -5.604292e-02 |  -5.604292e-02 |
|   5.800000e-02 |   1.572329e+00 |  -3.304809e-01 |     1.734772e-01 |  -5.613392e-02 |  -5.613392e-02 |
|   6.000000e-02 |   1.571677e+00 |  -3.261207e-01 |     1.712310e-01 |  -5.622374e-02 |  -5.622374e-02 |
|   6.200000e-02 |   1.571033e+00 |  -3.218818e-01 |     1.690437e-01 |  -5.631240e-02 |  -5.631240e-02 |
|   6.400000e-02 |   1.570398e+00 |  -3.177545e-01 |     1.669107e-01 |  -5.639993e-02 |  -5.639993e-02 |
|   6.600000e-02 |   1.569770e+00 |  -3.137304e-01 |     1.648281e-01 |  -5.648637e-02 |  -5.648637e-02 |
|   6.800000e-02 |   1.569151e+00 |  -3.098017e-01 |     1.627922e-01 |  -5.657174e-02 |  -5.657174e-02 |
|   7.000000e-02 |   1.568539e+00 |  -3.059617e-01 |     1.607999e-01 |  -5.665606e-02 |  -5.665606e-02 |
|   7.200000e-02 |   1.567934e+00 |  -3.022044e-01 |     1.588482e-01 |  -5.673936e-02 |  -5.673936e-02 |
|   7.400000e-02 |   1.567337e+00 |  -2.985242e-01 |     1.569347e-01 |  -5.682166e-02 |  -5.682166e-02 |
|   7.600000e-02 |   1.566747e+00 |  -2.949163e-01 |     1.550571e-01 |  -5.690297e-02 |  -5.690297e-02 |
|   7.800000e-02 |   1.566165e+00 |  -2.913763e-01 |     1.532132e-01 |  -5.698332e-02 |  -5.698332e-02 |
+----------------+----------------+----------------+------------------+----------------+----------------+
+----------------+--------------------+--------------------+----------------+----------------+----------------+
| time           | solid_fraction_max | solid_fraction_min | stability_max  | stability_min  | top_reaction   |
+----------------+--------------------+--------------------+----------------+----------------+----------------+
:                :                    :                    :                :                :                :
|   5.000000e-02 |       6.090525e-01 |       6.039355e-01 |   2.810603e+01 |   2.800380e+01 |  -1.400000e+00 |
|   5.200000e-02 |       6.090615e-01 |       6.039910e-01 |   2.810504e+01 |   2.800375e+01 |  -1.400000e+00 |
|   5.400000e-02 |       6.090706e-01 |       6.040468e-01 |   2.810404e+01 |   2.800370e+01 |  -1.400000e+00 |
|   5.600000e-02 |       6.090797e-01 |       6.041026e-01 |   2.810302e+01 |   2.800365e+01 |  -1.400000e+00 |
|   5.800000e-02 |       6.090888e-01 |       6.041585e-01 |   2.810201e+01 |   2.800360e+01 |  -1.400000e+00 |
|   6.000000e-02 |       6.090979e-01 |       6.042143e-01 |   2.810099e+01 |   2.800356e+01 |  -1.400000e+00 |
|   6.200000e-02 |       6.091070e-01 |       6.042700e-01 |   2.809997e+01 |   2.800351e+01 |  -1.400000e+00 |
|   6.400000e-02 |       6.091161e-01 |       6.043256e-01 |   2.809895e+01 |   2.800347e+01 |  -1.400000e+00 |
|   6.600000e-02 |       6.091252e-01 |       6.043810e-01 |   2.809793e+01 |   2.800342e+01 |  -1.400000e+00 |
|   6.800000e-02 |       6.091342e-01 |       6.044361e-01 |   2.809691e+01 |   2.800338e+01 |  -1.400000e+00 |
|   7.000000e-02 |       6.091432e-01 |       6.044909e-01 |   2.809589e+01 |   2.800334e+01 |  -1.400000e+00 |
|   7.200000e-02 |       6.091522e-01 |       6.045454e-01 |   2.809488e+01 |   2.800330e+01 |  -1.400000e+00 |
|   7.400000e-02 |       6.091611e-01 |       6.045995e-01 |   2.809388e+01 |   2.800326e+01 |  -1.400000e+00 |
|   7.600000e-02 |       6.091700e-01 |       6.046533e-01 |   2.809287e+01 |   2.800322e+01 |  -1.400000e+00 |
|   7.800000e-02 |       6.091787e-01 |       6.047067e-01 |   2.809188e+01 |   2.800318e+01 |  -1.400000e+00 |
+----------------+--------------------+--------------------+----------------+----------------+----------------+


Time Step 40, time = 0.08, dt = 0.002
 * Nonlinear |R| = [32m3.494220e-02[39m (Before preset BCs, predictors, correctors, and constraints)
 0 Nonlinear |R| = [32m3.494220e-02[39m
      0 Linear |R| = [32m3.494220e-02[39m
      1 Linear |R| = [32m2.352549e-03[39m
      2 Linear |R| = [33m2.298669e-03[39m
      3 Linear |R| = [33m2.216924e-03[39m
      4 Linear |R| = [32m9.214133e-04[39m
      5 Linear |R| = [32m3.688596e-04[39m
      6 Linear |R| = [32m8.550354e-05[39m
      7 Linear |R| = [32m6.583826e-05[39m
      8 Linear |R| = [32m3.574356e-05[39m
      9 Linear |R| = [32m1.526801e-05[39m
     10 Linear |R| = [32m9.541157e-06[39m
     11 Linear |R| = [32m3.586602e-06[39m
     12 Linear |R| = [32m1.301719e-06[39m
     13 Linear |R| = [33m1.273752e-06[39m
     14 Linear |R| = [32m1.505013e-07[39m
     15 Linear |R| = [32m7.777832e-08[39m
     16 Linear |R| = [32m1.820387e-08[39m
     17 Linear |R| = [33m1.731933e-08[39m
     18 Linear |R| = [32m2.757551e-09[39m
     19 Linear |R| = [32m3.399002e-10[39m
     20 Linear |R| = [32m2.971841e-11[39m
 1 Nonlinear |R| = [32m5.584849e-06[39m
      0 Linear |R| = [32m5.584849e-06[39m
      1 Linear |R| = [32m2.034266e-07[39m
      2 Linear |R| = [33m2.027879e-07[39m
      3 Linear |R| = [32m1.469209e-07[39m
      4 Linear |R| = [32m3.091118e-08[39m
      5 Linear |R| = [32m1.412593e-08[39m
      6 Linear |R| = [32m6.023145e-09[39m
      7 Linear |R| = [33m5.937153e-09[39m
      8 Linear |R| = [32m2.254153e-09[39m
      9 Linear |R| = [32m9.613437e-10[39m
     10 Linear |R| = [32m5.994830e-10[39m
     11 Linear |R| = [32m2.282013e-10[39m
     12 Linear |R| = [32m1.388702e-10[39m
     13 Linear |R| = [32m8.941757e-11[39m
     14 Linear |R| = [32m1.374552e-11[39m
     15 Linear |R| = [32m6.376362e-12[39m
     16 Linear |R| = [32m1.521838e-12[39m
     17 Linear |R| = [32m1.443312e-12[39m
     18 Linear |R| = [32m1.658997e-13[39m
     19 Linear |R| = [32m2.041074e-14[39m
     20 Linear |R| = [32m7.273717e-15[39m
     21 Linear |R| = [32m1.420344e-15[39m
 2 Nonlinear |R| = [32m9.535764e-12[39m
[32m Solve Converged![39m

Postprocessor Values:
+----------------+----------------+----------------+----------------+----------------+----------------+----------------+
| time           | J_max          | J_min          | Jbar_max       | Jbar_min       | center_pressure| edge_ux        |
+----------------+----------------+----------------+----------------+----------------+----------------+----------------+
:                :                :                :                :                :                :                :
|   5.200000e-02 |   9.822821e-01 |   9.737312e-01 |   9.897660e-01 |   9.879902e-01 |   1.483625e-01 |   7.664243e-03 |
|   5.400000e-02 |   9.821806e-01 |   9.737089e-01 |   9.897451e-01 |   9.879784e-01 |   1.466474e-01 |   7.569745e-03 |
|   5.600000e-02 |   9.820793e-01 |   9.736864e-01 |   9.897246e-01 |   9.879669e-01 |   1.449583e-01 |   7.476398e-03 |
|   5.800000e-02 |   9.819781e-01 |   9.736638e-01 |   9.897043e-01 |   9.879557e-01 |   1.432939e-01 |   7.384181e-03 |
|   6.000000e-02 |   9.818774e-01 |   9.736411e-01 |   9.896844e-01 |   9.879447e-01 |   1.416534e-01 |   7.293072e-03 |
|   6.200000e-02 |   9.817771e-01 |   9.736183e-01 |   9.896648e-01 |   9.879340e-01 |   1.400358e-01 |   7.203051e-03 |
|   6.400000e-02 |   9.816772e-01 |   9.735955e-01 |   9.896455e-01 |   9.879236e-01 |   1.384402e-01 |   7.114100e-03 |
|   6.600000e-02 |   9.815780e-01 |   9.735727e-01 |   9.896264e-01 |   9.879133e-01 |   1.368659e-01 |   7.026199e-03 |
|   6.800000e-02 |   9.814793e-01 |   9.735499e-01 |   9.896076e-01 |   9.879033e-01 |   1.353123e-01 |   6.939332e-03 |
|   7.000000e-02 |   9.813813e-01 |   9.735270e-01 |   9.895891e-01 |   9.878934e-01 |   1.337787e-01 |   6.853482e-03 |
|   7.200000e-02 |   9.812841e-01 |   9.735036e-01 |   9.895708e-01 |   9.878837e-01 |   1.322645e-01 |   6.768633e-03 |
|   7.400000e-02 |   9.811875e-01 |   9.734802e-01 |   9.895528e-01 |   9.878743e-01 |   1.307692e-01 |   6.684770e-03 |
|   7.600000e-02 |   9.810917e-01 |   9.734571e-01 |   9.895350e-01 |   9.878649e-01 |   1.292924e-01 |   6.601878e-03 |
|   7.800000e-02 |   9.809968e-01 |   9.734341e-01 |   9.895174e-01 |   9.878558e-01 |   1.278335e-01 |   6.519943e-03 |
|   8.000000e-02 |   9.809026e-01 |   9.734112e-01 |   9.895001e-01 |   9.878468e-01 |   1.263922e-01 |   6.438952e-03 |
+----------------+----------------+----------------+----------------+----------------+----------------+----------------+
+----------------+----------------+----------------+------------------+----------------+----------------+
| time           | mass           | mass_reaction  | outflow_gradient | platen_max     | platen_min     |
+----------------+----------------+----------------+------------------+----------------+----------------+
:                :                :                :                  :                :                :
|   5.200000e-02 |   1.574339e+00 |  -3.444036e-01 |     1.806229e-01 |  -5.585720e-02 |  -5.585720e-02 |
|   5.400000e-02 |   1.573660e+00 |  -3.396094e-01 |     1.781671e-01 |  -5.595069e-02 |  -5.595069e-02 |
|   5.600000e-02 |   1.572990e+00 |  -3.349731e-01 |     1.757874e-01 |  -5.604292e-02 |  -5.604292e-02 |
|   5.800000e-02 |   1.572329e+00 |  -3.304809e-01 |     1.734772e-01 |  -5.613392e-02 |  -5.613392e-02 |
|   6.000000e-02 |   1.571677e+00 |  -3.261207e-01 |     1.712310e-01 |  -5.622374e-02 |  -5.622374e-02 |
|   6.200000e-02 |   1.571033e+00 |  -3.218818e-01 |     1.690437e-01 |  -5.631240e-02 |  -5.631240e-02 |
|   6.400000e-02 |   1.570398e+00 |  -3.177545e-01 |     1.669107e-01 |  -5.639993e-02 |  -5.639993e-02 |
|   6.600000e-02 |   1.569770e+00 |  -3.137304e-01 |     1.648281e-01 |  -5.648637e-02 |  -5.648637e-02 |
|   6.800000e-02 |   1.569151e+00 |  -3.098017e-01 |     1.627922e-01 |  -5.657174e-02 |  -5.657174e-02 |
|   7.000000e-02 |   1.568539e+00 |  -3.059617e-01 |     1.607999e-01 |  -5.665606e-02 |  -5.665606e-02 |
|   7.200000e-02 |   1.567934e+00 |  -3.022044e-01 |     1.588482e-01 |  -5.673936e-02 |  -5.673936e-02 |
|   7.400000e-02 |   1.567337e+00 |  -2.985242e-01 |     1.569347e-01 |  -5.682166e-02 |  -5.682166e-02 |
|   7.600000e-02 |   1.566747e+00 |  -2.949163e-01 |     1.550571e-01 |  -5.690297e-02 |  -5.690297e-02 |
|   7.800000e-02 |   1.566165e+00 |  -2.913763e-01 |     1.532132e-01 |  -5.698332e-02 |  -5.698332e-02 |
|   8.000000e-02 |   1.565589e+00 |  -2.879004e-01 |     1.514013e-01 |  -5.706272e-02 |  -5.706272e-02 |
+----------------+----------------+----------------+------------------+----------------+----------------+
+----------------+--------------------+--------------------+----------------+----------------+----------------+
| time           | solid_fraction_max | solid_fraction_min | stability_max  | stability_min  | top_reaction   |
+----------------+--------------------+--------------------+----------------+----------------+----------------+
:                :                    :                    :                :                :                :
|   5.200000e-02 |       6.090615e-01 |       6.039910e-01 |   2.810504e+01 |   2.800375e+01 |  -1.400000e+00 |
|   5.400000e-02 |       6.090706e-01 |       6.040468e-01 |   2.810404e+01 |   2.800370e+01 |  -1.400000e+00 |
|   5.600000e-02 |       6.090797e-01 |       6.041026e-01 |   2.810302e+01 |   2.800365e+01 |  -1.400000e+00 |
|   5.800000e-02 |       6.090888e-01 |       6.041585e-01 |   2.810201e+01 |   2.800360e+01 |  -1.400000e+00 |
|   6.000000e-02 |       6.090979e-01 |       6.042143e-01 |   2.810099e+01 |   2.800356e+01 |  -1.400000e+00 |
|   6.200000e-02 |       6.091070e-01 |       6.042700e-01 |   2.809997e+01 |   2.800351e+01 |  -1.400000e+00 |
|   6.400000e-02 |       6.091161e-01 |       6.043256e-01 |   2.809895e+01 |   2.800347e+01 |  -1.400000e+00 |
|   6.600000e-02 |       6.091252e-01 |       6.043810e-01 |   2.809793e+01 |   2.800342e+01 |  -1.400000e+00 |
|   6.800000e-02 |       6.091342e-01 |       6.044361e-01 |   2.809691e+01 |   2.800338e+01 |  -1.400000e+00 |
|   7.000000e-02 |       6.091432e-01 |       6.044909e-01 |   2.809589e+01 |   2.800334e+01 |  -1.400000e+00 |
|   7.200000e-02 |       6.091522e-01 |       6.045454e-01 |   2.809488e+01 |   2.800330e+01 |  -1.400000e+00 |
|   7.400000e-02 |       6.091611e-01 |       6.045995e-01 |   2.809388e+01 |   2.800326e+01 |  -1.400000e+00 |
|   7.600000e-02 |       6.091700e-01 |       6.046533e-01 |   2.809287e+01 |   2.800322e+01 |  -1.400000e+00 |
|   7.800000e-02 |       6.091787e-01 |       6.047067e-01 |   2.809188e+01 |   2.800318e+01 |  -1.400000e+00 |
|   8.000000e-02 |       6.091875e-01 |       6.047597e-01 |   2.809089e+01 |   2.800315e+01 |  -1.400000e+00 |
+----------------+--------------------+--------------------+----------------+----------------+----------------+


Time Step 41, time = 0.082, dt = 0.002
 * Nonlinear |R| = [32m3.454009e-02[39m (Before preset BCs, predictors, correctors, and constraints)
 0 Nonlinear |R| = [32m3.454009e-02[39m
      0 Linear |R| = [32m3.454009e-02[39m
      1 Linear |R| = [32m2.325149e-03[39m
      2 Linear |R| = [33m2.271945e-03[39m
      3 Linear |R| = [33m2.191066e-03[39m
      4 Linear |R| = [32m9.100028e-04[39m
      5 Linear |R| = [32m3.643147e-04[39m
      6 Linear |R| = [32m8.430012e-05[39m
      7 Linear |R| = [32m6.382698e-05[39m
      8 Linear |R| = [32m3.524844e-05[39m
      9 Linear |R| = [32m1.506452e-05[39m
     10 Linear |R| = [32m9.410851e-06[39m
     11 Linear |R| = [32m3.538353e-06[39m
     12 Linear |R| = [32m1.280970e-06[39m
     13 Linear |R| = [33m1.255759e-06[39m
     14 Linear |R| = [32m1.479728e-07[39m
     15 Linear |R| = [32m7.648170e-08[39m
     16 Linear |R| = [32m1.788318e-08[39m
     17 Linear |R| = [32m1.694738e-08[39m
     18 Linear |R| = [32m2.714678e-09[39m
     19 Linear |R| = [32m3.353492e-10[39m
     20 Linear |R| = [32m2.948185e-11[39m
 1 Nonlinear |R| = [32m5.474255e-06[39m
      0 Linear |R| = [32m5.474255e-06[39m
      1 Linear |R| = [32m1.989978e-07[39m
      2 Linear |R| = [33m1.984940e-07[39m
      3 Linear |R| = [32m1.425217e-07[39m
      4 Linear |R| = [32m3.034373e-08[39m
      5 Linear |R| = [32m1.548692e-08[39m
      6 Linear |R| = [32m5.799353e-09[39m
      7 Linear |R| = [33m5.760023e-09[39m
      8 Linear |R| = [32m2.238829e-09[39m
      9 Linear |R| = [32m9.483517e-10[39m
     10 Linear |R| = [32m5.912777e-10[39m
     11 Linear |R| = [32m2.203116e-10[39m
     12 Linear |R| = [32m1.344610e-10[39m
     13 Linear |R| = [32m8.620590e-11[39m
     14 Linear |R| = [32m1.286808e-11[39m
     15 Linear |R| = [32m6.037075e-12[39m
     16 Linear |R| = [32m1.512825e-12[39m
     17 Linear |R| = [33m1.453979e-12[39m
     18 Linear |R| = [32m1.699013e-13[39m
     19 Linear |R| = [32m2.145499e-14[39m
     20 Linear |R| = [32m6.495989e-15[39m
     21 Linear |R| = [32m1.534679e-15[39m
 2 Nonlinear |R| = [32m1.000778e-11[39m
[32m Solve Converged![39m

Postprocessor Values:
+----------------+----------------+----------------+----------------+----------------+----------------+----------------+
| time           | J_max          | J_min          | Jbar_max       | Jbar_min       | center_pressure| edge_ux        |
+----------------+----------------+----------------+----------------+----------------+----------------+----------------+
:                :                :                :                :                :                :                :
|   5.400000e-02 |   9.821806e-01 |   9.737089e-01 |   9.897451e-01 |   9.879784e-01 |   1.466474e-01 |   7.569745e-03 |
|   5.600000e-02 |   9.820793e-01 |   9.736864e-01 |   9.897246e-01 |   9.879669e-01 |   1.449583e-01 |   7.476398e-03 |
|   5.800000e-02 |   9.819781e-01 |   9.736638e-01 |   9.897043e-01 |   9.879557e-01 |   1.432939e-01 |   7.384181e-03 |
|   6.000000e-02 |   9.818774e-01 |   9.736411e-01 |   9.896844e-01 |   9.879447e-01 |   1.416534e-01 |   7.293072e-03 |
|   6.200000e-02 |   9.817771e-01 |   9.736183e-01 |   9.896648e-01 |   9.879340e-01 |   1.400358e-01 |   7.203051e-03 |
|   6.400000e-02 |   9.816772e-01 |   9.735955e-01 |   9.896455e-01 |   9.879236e-01 |   1.384402e-01 |   7.114100e-03 |
|   6.600000e-02 |   9.815780e-01 |   9.735727e-01 |   9.896264e-01 |   9.879133e-01 |   1.368659e-01 |   7.026199e-03 |
|   6.800000e-02 |   9.814793e-01 |   9.735499e-01 |   9.896076e-01 |   9.879033e-01 |   1.353123e-01 |   6.939332e-03 |
|   7.000000e-02 |   9.813813e-01 |   9.735270e-01 |   9.895891e-01 |   9.878934e-01 |   1.337787e-01 |   6.853482e-03 |
|   7.200000e-02 |   9.812841e-01 |   9.735036e-01 |   9.895708e-01 |   9.878837e-01 |   1.322645e-01 |   6.768633e-03 |
|   7.400000e-02 |   9.811875e-01 |   9.734802e-01 |   9.895528e-01 |   9.878743e-01 |   1.307692e-01 |   6.684770e-03 |
|   7.600000e-02 |   9.810917e-01 |   9.734571e-01 |   9.895350e-01 |   9.878649e-01 |   1.292924e-01 |   6.601878e-03 |
|   7.800000e-02 |   9.809968e-01 |   9.734341e-01 |   9.895174e-01 |   9.878558e-01 |   1.278335e-01 |   6.519943e-03 |
|   8.000000e-02 |   9.809026e-01 |   9.734112e-01 |   9.895001e-01 |   9.878468e-01 |   1.263922e-01 |   6.438952e-03 |
|   8.200000e-02 |   9.808093e-01 |   9.733885e-01 |   9.894829e-01 |   9.878379e-01 |   1.249682e-01 |   6.358891e-03 |
+----------------+----------------+----------------+----------------+----------------+----------------+----------------+
+----------------+----------------+----------------+------------------+----------------+----------------+
| time           | mass           | mass_reaction  | outflow_gradient | platen_max     | platen_min     |
+----------------+----------------+----------------+------------------+----------------+----------------+
:                :                :                :                  :                :                :
|   5.400000e-02 |   1.573660e+00 |  -3.396094e-01 |     1.781671e-01 |  -5.595069e-02 |  -5.595069e-02 |
|   5.600000e-02 |   1.572990e+00 |  -3.349731e-01 |     1.757874e-01 |  -5.604292e-02 |  -5.604292e-02 |
|   5.800000e-02 |   1.572329e+00 |  -3.304809e-01 |     1.734772e-01 |  -5.613392e-02 |  -5.613392e-02 |
|   6.000000e-02 |   1.571677e+00 |  -3.261207e-01 |     1.712310e-01 |  -5.622374e-02 |  -5.622374e-02 |
|   6.200000e-02 |   1.571033e+00 |  -3.218818e-01 |     1.690437e-01 |  -5.631240e-02 |  -5.631240e-02 |
|   6.400000e-02 |   1.570398e+00 |  -3.177545e-01 |     1.669107e-01 |  -5.639993e-02 |  -5.639993e-02 |
|   6.600000e-02 |   1.569770e+00 |  -3.137304e-01 |     1.648281e-01 |  -5.648637e-02 |  -5.648637e-02 |
|   6.800000e-02 |   1.569151e+00 |  -3.098017e-01 |     1.627922e-01 |  -5.657174e-02 |  -5.657174e-02 |
|   7.000000e-02 |   1.568539e+00 |  -3.059617e-01 |     1.607999e-01 |  -5.665606e-02 |  -5.665606e-02 |
|   7.200000e-02 |   1.567934e+00 |  -3.022044e-01 |     1.588482e-01 |  -5.673936e-02 |  -5.673936e-02 |
|   7.400000e-02 |   1.567337e+00 |  -2.985242e-01 |     1.569347e-01 |  -5.682166e-02 |  -5.682166e-02 |
|   7.600000e-02 |   1.566747e+00 |  -2.949163e-01 |     1.550571e-01 |  -5.690297e-02 |  -5.690297e-02 |
|   7.800000e-02 |   1.566165e+00 |  -2.913763e-01 |     1.532132e-01 |  -5.698332e-02 |  -5.698332e-02 |
|   8.000000e-02 |   1.565589e+00 |  -2.879004e-01 |     1.514013e-01 |  -5.706272e-02 |  -5.706272e-02 |
|   8.200000e-02 |   1.565020e+00 |  -2.844850e-01 |     1.496196e-01 |  -5.714119e-02 |  -5.714119e-02 |
+----------------+----------------+----------------+------------------+----------------+----------------+
+----------------+--------------------+--------------------+----------------+----------------+----------------+
| time           | solid_fraction_max | solid_fraction_min | stability_max  | stability_min  | top_reaction   |
+----------------+--------------------+--------------------+----------------+----------------+----------------+
:                :                    :                    :                :                :                :
|   5.400000e-02 |       6.090706e-01 |       6.040468e-01 |   2.810404e+01 |   2.800370e+01 |  -1.400000e+00 |
|   5.600000e-02 |       6.090797e-01 |       6.041026e-01 |   2.810302e+01 |   2.800365e+01 |  -1.400000e+00 |
|   5.800000e-02 |       6.090888e-01 |       6.041585e-01 |   2.810201e+01 |   2.800360e+01 |  -1.400000e+00 |
|   6.000000e-02 |       6.090979e-01 |       6.042143e-01 |   2.810099e+01 |   2.800356e+01 |  -1.400000e+00 |
|   6.200000e-02 |       6.091070e-01 |       6.042700e-01 |   2.809997e+01 |   2.800351e+01 |  -1.400000e+00 |
|   6.400000e-02 |       6.091161e-01 |       6.043256e-01 |   2.809895e+01 |   2.800347e+01 |  -1.400000e+00 |
|   6.600000e-02 |       6.091252e-01 |       6.043810e-01 |   2.809793e+01 |   2.800342e+01 |  -1.400000e+00 |
|   6.800000e-02 |       6.091342e-01 |       6.044361e-01 |   2.809691e+01 |   2.800338e+01 |  -1.400000e+00 |
|   7.000000e-02 |       6.091432e-01 |       6.044909e-01 |   2.809589e+01 |   2.800334e+01 |  -1.400000e+00 |
|   7.200000e-02 |       6.091522e-01 |       6.045454e-01 |   2.809488e+01 |   2.800330e+01 |  -1.400000e+00 |
|   7.400000e-02 |       6.091611e-01 |       6.045995e-01 |   2.809388e+01 |   2.800326e+01 |  -1.400000e+00 |
|   7.600000e-02 |       6.091700e-01 |       6.046533e-01 |   2.809287e+01 |   2.800322e+01 |  -1.400000e+00 |
|   7.800000e-02 |       6.091787e-01 |       6.047067e-01 |   2.809188e+01 |   2.800318e+01 |  -1.400000e+00 |
|   8.000000e-02 |       6.091875e-01 |       6.047597e-01 |   2.809089e+01 |   2.800315e+01 |  -1.400000e+00 |
|   8.200000e-02 |       6.091961e-01 |       6.048123e-01 |   2.808991e+01 |   2.800311e+01 |  -1.400000e+00 |
+----------------+--------------------+--------------------+----------------+----------------+----------------+


Time Step 42, time = 0.084, dt = 0.002
 * Nonlinear |R| = [32m3.414364e-02[39m (Before preset BCs, predictors, correctors, and constraints)
 0 Nonlinear |R| = [32m3.414364e-02[39m
      0 Linear |R| = [32m3.414364e-02[39m
      1 Linear |R| = [32m2.298199e-03[39m
      2 Linear |R| = [33m2.245654e-03[39m
      3 Linear |R| = [33m2.165639e-03[39m
      4 Linear |R| = [32m8.988428e-04[39m
      5 Linear |R| = [32m3.599045e-04[39m
      6 Linear |R| = [32m8.320301e-05[39m
      7 Linear |R| = [32m6.275931e-05[39m
      8 Linear |R| = [32m3.480307e-05[39m
      9 Linear |R| = [32m1.486718e-05[39m
     10 Linear |R| = [32m9.284662e-06[39m
     11 Linear |R| = [32m3.491487e-06[39m
     12 Linear |R| = [32m1.262053e-06[39m
     13 Linear |R| = [33m1.238447e-06[39m
     14 Linear |R| = [32m1.455693e-07[39m
     15 Linear |R| = [32m7.523962e-08[39m
     16 Linear |R| = [32m1.756480e-08[39m
     17 Linear |R| = [32m1.626817e-08[39m
     18 Linear |R| = [32m2.673553e-09[39m
     19 Linear |R| = [32m3.309293e-10[39m
     20 Linear |R| = [32m2.457622e-11[39m
 1 Nonlinear |R| = [32m5.361478e-06[39m
      0 Linear |R| = [32m5.361478e-06[39m
      1 Linear |R| = [32m1.949161e-07[39m
      2 Linear |R| = [33m1.944041e-07[39m
      3 Linear |R| = [32m1.380893e-07[39m
      4 Linear |R| = [32m3.069895e-08[39m
      5 Linear |R| = [32m1.749553e-08[39m
      6 Linear |R| = [32m5.604770e-09[39m
      7 Linear |R| = [33m5.566319e-09[39m
      8 Linear |R| = [32m2.174401e-09[39m
      9 Linear |R| = [32m8.819873e-10[39m
     10 Linear |R| = [32m5.456668e-10[39m
     11 Linear |R| = [32m2.100184e-10[39m
     12 Linear |R| = [32m1.205783e-10[39m
     13 Linear |R| = [32m8.116509e-11[39m
     14 Linear |R| = [32m1.261520e-11[39m
     15 Linear |R| = [32m5.698581e-12[39m
     16 Linear |R| = [32m1.372226e-12[39m
     17 Linear |R| = [33m1.316812e-12[39m
     18 Linear |R| = [32m1.570565e-13[39m
     19 Linear |R| = [32m1.876592e-14[39m
     20 Linear |R| = [32m5.957694e-15[39m
     21 Linear |R| = [32m1.563341e-15[39m
 2 Nonlinear |R| = [32m9.026470e-12[39m
[32m Solve Converged![39m

Postprocessor Values:
+----------------+----------------+----------------+----------------+----------------+----------------+----------------+
| time           | J_max          | J_min          | Jbar_max       | Jbar_min       | center_pressure| edge_ux        |
+----------------+----------------+----------------+----------------+----------------+----------------+----------------+
:                :                :                :                :                :                :                :
|   5.600000e-02 |   9.820793e-01 |   9.736864e-01 |   9.897246e-01 |   9.879669e-01 |   1.449583e-01 |   7.476398e-03 |
|   5.800000e-02 |   9.819781e-01 |   9.736638e-01 |   9.897043e-01 |   9.879557e-01 |   1.432939e-01 |   7.384181e-03 |
|   6.000000e-02 |   9.818774e-01 |   9.736411e-01 |   9.896844e-01 |   9.879447e-01 |   1.416534e-01 |   7.293072e-03 |
|   6.200000e-02 |   9.817771e-01 |   9.736183e-01 |   9.896648e-01 |   9.879340e-01 |   1.400358e-01 |   7.203051e-03 |
|   6.400000e-02 |   9.816772e-01 |   9.735955e-01 |   9.896455e-01 |   9.879236e-01 |   1.384402e-01 |   7.114100e-03 |
|   6.600000e-02 |   9.815780e-01 |   9.735727e-01 |   9.896264e-01 |   9.879133e-01 |   1.368659e-01 |   7.026199e-03 |
|   6.800000e-02 |   9.814793e-01 |   9.735499e-01 |   9.896076e-01 |   9.879033e-01 |   1.353123e-01 |   6.939332e-03 |
|   7.000000e-02 |   9.813813e-01 |   9.735270e-01 |   9.895891e-01 |   9.878934e-01 |   1.337787e-01 |   6.853482e-03 |
|   7.200000e-02 |   9.812841e-01 |   9.735036e-01 |   9.895708e-01 |   9.878837e-01 |   1.322645e-01 |   6.768633e-03 |
|   7.400000e-02 |   9.811875e-01 |   9.734802e-01 |   9.895528e-01 |   9.878743e-01 |   1.307692e-01 |   6.684770e-03 |
|   7.600000e-02 |   9.810917e-01 |   9.734571e-01 |   9.895350e-01 |   9.878649e-01 |   1.292924e-01 |   6.601878e-03 |
|   7.800000e-02 |   9.809968e-01 |   9.734341e-01 |   9.895174e-01 |   9.878558e-01 |   1.278335e-01 |   6.519943e-03 |
|   8.000000e-02 |   9.809026e-01 |   9.734112e-01 |   9.895001e-01 |   9.878468e-01 |   1.263922e-01 |   6.438952e-03 |
|   8.200000e-02 |   9.808093e-01 |   9.733885e-01 |   9.894829e-01 |   9.878379e-01 |   1.249682e-01 |   6.358891e-03 |
|   8.400000e-02 |   9.807168e-01 |   9.733660e-01 |   9.894660e-01 |   9.878292e-01 |   1.235609e-01 |   6.279748e-03 |
+----------------+----------------+----------------+----------------+----------------+----------------+----------------+
+----------------+----------------+----------------+------------------+----------------+----------------+
| time           | mass           | mass_reaction  | outflow_gradient | platen_max     | platen_min     |
+----------------+----------------+----------------+------------------+----------------+----------------+
:                :                :                :                  :                :                :
|   5.600000e-02 |   1.572990e+00 |  -3.349731e-01 |     1.757874e-01 |  -5.604292e-02 |  -5.604292e-02 |
|   5.800000e-02 |   1.572329e+00 |  -3.304809e-01 |     1.734772e-01 |  -5.613392e-02 |  -5.613392e-02 |
|   6.000000e-02 |   1.571677e+00 |  -3.261207e-01 |     1.712310e-01 |  -5.622374e-02 |  -5.622374e-02 |
|   6.200000e-02 |   1.571033e+00 |  -3.218818e-01 |     1.690437e-01 |  -5.631240e-02 |  -5.631240e-02 |
|   6.400000e-02 |   1.570398e+00 |  -3.177545e-01 |     1.669107e-01 |  -5.639993e-02 |  -5.639993e-02 |
|   6.600000e-02 |   1.569770e+00 |  -3.137304e-01 |     1.648281e-01 |  -5.648637e-02 |  -5.648637e-02 |
|   6.800000e-02 |   1.569151e+00 |  -3.098017e-01 |     1.627922e-01 |  -5.657174e-02 |  -5.657174e-02 |
|   7.000000e-02 |   1.568539e+00 |  -3.059617e-01 |     1.607999e-01 |  -5.665606e-02 |  -5.665606e-02 |
|   7.200000e-02 |   1.567934e+00 |  -3.022044e-01 |     1.588482e-01 |  -5.673936e-02 |  -5.673936e-02 |
|   7.400000e-02 |   1.567337e+00 |  -2.985242e-01 |     1.569347e-01 |  -5.682166e-02 |  -5.682166e-02 |
|   7.600000e-02 |   1.566747e+00 |  -2.949163e-01 |     1.550571e-01 |  -5.690297e-02 |  -5.690297e-02 |
|   7.800000e-02 |   1.566165e+00 |  -2.913763e-01 |     1.532132e-01 |  -5.698332e-02 |  -5.698332e-02 |
|   8.000000e-02 |   1.565589e+00 |  -2.879004e-01 |     1.514013e-01 |  -5.706272e-02 |  -5.706272e-02 |
|   8.200000e-02 |   1.565020e+00 |  -2.844850e-01 |     1.496196e-01 |  -5.714119e-02 |  -5.714119e-02 |
|   8.400000e-02 |   1.564458e+00 |  -2.811269e-01 |     1.478667e-01 |  -5.721875e-02 |  -5.721875e-02 |
+----------------+----------------+----------------+------------------+----------------+----------------+
+----------------+--------------------+--------------------+----------------+----------------+----------------+
| time           | solid_fraction_max | solid_fraction_min | stability_max  | stability_min  | top_reaction   |
+----------------+--------------------+--------------------+----------------+----------------+----------------+
:                :                    :                    :                :                :                :
|   5.600000e-02 |       6.090797e-01 |       6.041026e-01 |   2.810302e+01 |   2.800365e+01 |  -1.400000e+00 |
|   5.800000e-02 |       6.090888e-01 |       6.041585e-01 |   2.810201e+01 |   2.800360e+01 |  -1.400000e+00 |
|   6.000000e-02 |       6.090979e-01 |       6.042143e-01 |   2.810099e+01 |   2.800356e+01 |  -1.400000e+00 |
|   6.200000e-02 |       6.091070e-01 |       6.042700e-01 |   2.809997e+01 |   2.800351e+01 |  -1.400000e+00 |
|   6.400000e-02 |       6.091161e-01 |       6.043256e-01 |   2.809895e+01 |   2.800347e+01 |  -1.400000e+00 |
|   6.600000e-02 |       6.091252e-01 |       6.043810e-01 |   2.809793e+01 |   2.800342e+01 |  -1.400000e+00 |
|   6.800000e-02 |       6.091342e-01 |       6.044361e-01 |   2.809691e+01 |   2.800338e+01 |  -1.400000e+00 |
|   7.000000e-02 |       6.091432e-01 |       6.044909e-01 |   2.809589e+01 |   2.800334e+01 |  -1.400000e+00 |
|   7.200000e-02 |       6.091522e-01 |       6.045454e-01 |   2.809488e+01 |   2.800330e+01 |  -1.400000e+00 |
|   7.400000e-02 |       6.091611e-01 |       6.045995e-01 |   2.809388e+01 |   2.800326e+01 |  -1.400000e+00 |
|   7.600000e-02 |       6.091700e-01 |       6.046533e-01 |   2.809287e+01 |   2.800322e+01 |  -1.400000e+00 |
|   7.800000e-02 |       6.091787e-01 |       6.047067e-01 |   2.809188e+01 |   2.800318e+01 |  -1.400000e+00 |
|   8.000000e-02 |       6.091875e-01 |       6.047597e-01 |   2.809089e+01 |   2.800315e+01 |  -1.400000e+00 |
|   8.200000e-02 |       6.091961e-01 |       6.048123e-01 |   2.808991e+01 |   2.800311e+01 |  -1.400000e+00 |
|   8.400000e-02 |       6.092047e-01 |       6.048645e-01 |   2.808893e+01 |   2.800307e+01 |  -1.400000e+00 |
+----------------+--------------------+--------------------+----------------+----------------+----------------+


Time Step 43, time = 0.086, dt = 0.002
 * Nonlinear |R| = [32m3.375260e-02[39m (Before preset BCs, predictors, correctors, and constraints)
 0 Nonlinear |R| = [32m3.375260e-02[39m
      0 Linear |R| = [32m3.375260e-02[39m
      1 Linear |R| = [32m2.271666e-03[39m
      2 Linear |R| = [33m2.219752e-03[39m
      3 Linear |R| = [33m2.140630e-03[39m
      4 Linear |R| = [32m8.880074e-04[39m
      5 Linear |R| = [32m3.557211e-04[39m
      6 Linear |R| = [32m8.246026e-05[39m
      7 Linear |R| = [32m6.363070e-05[39m
      8 Linear |R| = [32m3.439556e-05[39m
      9 Linear |R| = [32m1.467501e-05[39m
     10 Linear |R| = [32m9.162203e-06[39m
     11 Linear |R| = [32m3.445911e-06[39m
     12 Linear |R| = [32m1.246288e-06[39m
     13 Linear |R| = [33m1.222183e-06[39m
     14 Linear |R| = [32m1.432772e-07[39m
     15 Linear |R| = [32m7.404560e-08[39m
     16 Linear |R| = [32m1.728922e-08[39m
     17 Linear |R| = [32m1.621138e-08[39m
     18 Linear |R| = [32m2.633999e-09[39m
     19 Linear |R| = [32m3.266256e-10[39m
     20 Linear |R| = [32m2.772037e-11[39m
 1 Nonlinear |R| = [32m5.248006e-06[39m
      0 Linear |R| = [32m5.248006e-06[39m
      1 Linear |R| = [32m1.899022e-07[39m
      2 Linear |R| = [33m1.893949e-07[39m
      3 Linear |R| = [32m1.353919e-07[39m
      4 Linear |R| = [32m2.880723e-08[39m
      5 Linear |R| = [32m1.505307e-08[39m
      6 Linear |R| = [32m5.588238e-09[39m
      7 Linear |R| = [33m5.464281e-09[39m
      8 Linear |R| = [32m1.998877e-09[39m
      9 Linear |R| = [32m8.899758e-10[39m
     10 Linear |R| = [32m5.571206e-10[39m
     11 Linear |R| = [32m2.122142e-10[39m
     12 Linear |R| = [32m1.376090e-10[39m
     13 Linear |R| = [32m8.646550e-11[39m
     14 Linear |R| = [32m1.354896e-11[39m
     15 Linear |R| = [32m6.048536e-12[39m
     16 Linear |R| = [32m1.474182e-12[39m
     17 Linear |R| = [32m1.392520e-12[39m
     18 Linear |R| = [32m1.504277e-13[39m
     19 Linear |R| = [32m1.891499e-14[39m
     20 Linear |R| = [32m6.143371e-15[39m
     21 Linear |R| = [32m1.302313e-15[39m
 2 Nonlinear |R| = [32m9.696787e-12[39m
[32m Solve Converged![39m

Postprocessor Values:
+----------------+----------------+----------------+----------------+----------------+----------------+----------------+
| time           | J_max          | J_min          | Jbar_max       | Jbar_min       | center_pressure| edge_ux        |
+----------------+----------------+----------------+----------------+----------------+----------------+----------------+
:                :                :                :                :                :                :                :
|   5.800000e-02 |   9.819781e-01 |   9.736638e-01 |   9.897043e-01 |   9.879557e-01 |   1.432939e-01 |   7.384181e-03 |
|   6.000000e-02 |   9.818774e-01 |   9.736411e-01 |   9.896844e-01 |   9.879447e-01 |   1.416534e-01 |   7.293072e-03 |
|   6.200000e-02 |   9.817771e-01 |   9.736183e-01 |   9.896648e-01 |   9.879340e-01 |   1.400358e-01 |   7.203051e-03 |
|   6.400000e-02 |   9.816772e-01 |   9.735955e-01 |   9.896455e-01 |   9.879236e-01 |   1.384402e-01 |   7.114100e-03 |
|   6.600000e-02 |   9.815780e-01 |   9.735727e-01 |   9.896264e-01 |   9.879133e-01 |   1.368659e-01 |   7.026199e-03 |
|   6.800000e-02 |   9.814793e-01 |   9.735499e-01 |   9.896076e-01 |   9.879033e-01 |   1.353123e-01 |   6.939332e-03 |
|   7.000000e-02 |   9.813813e-01 |   9.735270e-01 |   9.895891e-01 |   9.878934e-01 |   1.337787e-01 |   6.853482e-03 |
|   7.200000e-02 |   9.812841e-01 |   9.735036e-01 |   9.895708e-01 |   9.878837e-01 |   1.322645e-01 |   6.768633e-03 |
|   7.400000e-02 |   9.811875e-01 |   9.734802e-01 |   9.895528e-01 |   9.878743e-01 |   1.307692e-01 |   6.684770e-03 |
|   7.600000e-02 |   9.810917e-01 |   9.734571e-01 |   9.895350e-01 |   9.878649e-01 |   1.292924e-01 |   6.601878e-03 |
|   7.800000e-02 |   9.809968e-01 |   9.734341e-01 |   9.895174e-01 |   9.878558e-01 |   1.278335e-01 |   6.519943e-03 |
|   8.000000e-02 |   9.809026e-01 |   9.734112e-01 |   9.895001e-01 |   9.878468e-01 |   1.263922e-01 |   6.438952e-03 |
|   8.200000e-02 |   9.808093e-01 |   9.733885e-01 |   9.894829e-01 |   9.878379e-01 |   1.249682e-01 |   6.358891e-03 |
|   8.400000e-02 |   9.807168e-01 |   9.733660e-01 |   9.894660e-01 |   9.878292e-01 |   1.235609e-01 |   6.279748e-03 |
|   8.600000e-02 |   9.806251e-01 |   9.733436e-01 |   9.894493e-01 |   9.878206e-01 |   1.221702e-01 |   6.201510e-03 |
+----------------+----------------+----------------+----------------+----------------+----------------+----------------+
+----------------+----------------+----------------+------------------+----------------+----------------+
| time           | mass           | mass_reaction  | outflow_gradient | platen_max     | platen_min     |
+----------------+----------------+----------------+------------------+----------------+----------------+
:                :                :                :                  :                :                :
|   5.800000e-02 |   1.572329e+00 |  -3.304809e-01 |     1.734772e-01 |  -5.613392e-02 |  -5.613392e-02 |
|   6.000000e-02 |   1.571677e+00 |  -3.261207e-01 |     1.712310e-01 |  -5.622374e-02 |  -5.622374e-02 |
|   6.200000e-02 |   1.571033e+00 |  -3.218818e-01 |     1.690437e-01 |  -5.631240e-02 |  -5.631240e-02 |
|   6.400000e-02 |   1.570398e+00 |  -3.177545e-01 |     1.669107e-01 |  -5.639993e-02 |  -5.639993e-02 |
|   6.600000e-02 |   1.569770e+00 |  -3.137304e-01 |     1.648281e-01 |  -5.648637e-02 |  -5.648637e-02 |
|   6.800000e-02 |   1.569151e+00 |  -3.098017e-01 |     1.627922e-01 |  -5.657174e-02 |  -5.657174e-02 |
|   7.000000e-02 |   1.568539e+00 |  -3.059617e-01 |     1.607999e-01 |  -5.665606e-02 |  -5.665606e-02 |
|   7.200000e-02 |   1.567934e+00 |  -3.022044e-01 |     1.588482e-01 |  -5.673936e-02 |  -5.673936e-02 |
|   7.400000e-02 |   1.567337e+00 |  -2.985242e-01 |     1.569347e-01 |  -5.682166e-02 |  -5.682166e-02 |
|   7.600000e-02 |   1.566747e+00 |  -2.949163e-01 |     1.550571e-01 |  -5.690297e-02 |  -5.690297e-02 |
|   7.800000e-02 |   1.566165e+00 |  -2.913763e-01 |     1.532132e-01 |  -5.698332e-02 |  -5.698332e-02 |
|   8.000000e-02 |   1.565589e+00 |  -2.879004e-01 |     1.514013e-01 |  -5.706272e-02 |  -5.706272e-02 |
|   8.200000e-02 |   1.565020e+00 |  -2.844850e-01 |     1.496196e-01 |  -5.714119e-02 |  -5.714119e-02 |
|   8.400000e-02 |   1.564458e+00 |  -2.811269e-01 |     1.478667e-01 |  -5.721875e-02 |  -5.721875e-02 |
|   8.600000e-02 |   1.563902e+00 |  -2.778234e-01 |     1.461412e-01 |  -5.729540e-02 |  -5.729540e-02 |
+----------------+----------------+----------------+------------------+----------------+----------------+
+----------------+--------------------+--------------------+----------------+----------------+----------------+
| time           | solid_fraction_max | solid_fraction_min | stability_max  | stability_min  | top_reaction   |
+----------------+--------------------+--------------------+----------------+----------------+----------------+
:                :                    :                    :                :                :                :
|   5.800000e-02 |       6.090888e-01 |       6.041585e-01 |   2.810201e+01 |   2.800360e+01 |  -1.400000e+00 |
|   6.000000e-02 |       6.090979e-01 |       6.042143e-01 |   2.810099e+01 |   2.800356e+01 |  -1.400000e+00 |
|   6.200000e-02 |       6.091070e-01 |       6.042700e-01 |   2.809997e+01 |   2.800351e+01 |  -1.400000e+00 |
|   6.400000e-02 |       6.091161e-01 |       6.043256e-01 |   2.809895e+01 |   2.800347e+01 |  -1.400000e+00 |
|   6.600000e-02 |       6.091252e-01 |       6.043810e-01 |   2.809793e+01 |   2.800342e+01 |  -1.400000e+00 |
|   6.800000e-02 |       6.091342e-01 |       6.044361e-01 |   2.809691e+01 |   2.800338e+01 |  -1.400000e+00 |
|   7.000000e-02 |       6.091432e-01 |       6.044909e-01 |   2.809589e+01 |   2.800334e+01 |  -1.400000e+00 |
|   7.200000e-02 |       6.091522e-01 |       6.045454e-01 |   2.809488e+01 |   2.800330e+01 |  -1.400000e+00 |
|   7.400000e-02 |       6.091611e-01 |       6.045995e-01 |   2.809388e+01 |   2.800326e+01 |  -1.400000e+00 |
|   7.600000e-02 |       6.091700e-01 |       6.046533e-01 |   2.809287e+01 |   2.800322e+01 |  -1.400000e+00 |
|   7.800000e-02 |       6.091787e-01 |       6.047067e-01 |   2.809188e+01 |   2.800318e+01 |  -1.400000e+00 |
|   8.000000e-02 |       6.091875e-01 |       6.047597e-01 |   2.809089e+01 |   2.800315e+01 |  -1.400000e+00 |
|   8.200000e-02 |       6.091961e-01 |       6.048123e-01 |   2.808991e+01 |   2.800311e+01 |  -1.400000e+00 |
|   8.400000e-02 |       6.092047e-01 |       6.048645e-01 |   2.808893e+01 |   2.800307e+01 |  -1.400000e+00 |
|   8.600000e-02 |       6.092132e-01 |       6.049162e-01 |   2.808796e+01 |   2.800304e+01 |  -1.400000e+00 |
+----------------+--------------------+--------------------+----------------+----------------+----------------+


Time Step 44, time = 0.088, dt = 0.002
 * Nonlinear |R| = [32m3.336676e-02[39m (Before preset BCs, predictors, correctors, and constraints)
 0 Nonlinear |R| = [32m3.336676e-02[39m
      0 Linear |R| = [32m3.336676e-02[39m
      1 Linear |R| = [32m2.245575e-03[39m
      2 Linear |R| = [33m2.194314e-03[39m
      3 Linear |R| = [33m2.115947e-03[39m
      4 Linear |R| = [32m8.770064e-04[39m
      5 Linear |R| = [32m3.512587e-04[39m
      6 Linear |R| = [32m8.117377e-05[39m
      7 Linear |R| = [32m6.172925e-05[39m
      8 Linear |R| = [32m3.393017e-05[39m
      9 Linear |R| = [32m1.448714e-05[39m
     10 Linear |R| = [32m9.043156e-06[39m
     11 Linear |R| = [32m3.401326e-06[39m
     12 Linear |R| = [32m1.255144e-06[39m
     13 Linear |R| = [33m1.209839e-06[39m
     14 Linear |R| = [32m1.410848e-07[39m
     15 Linear |R| = [32m7.289530e-08[39m
     16 Linear |R| = [32m1.704027e-08[39m
     17 Linear |R| = [33m1.632591e-08[39m
     18 Linear |R| = [32m2.595915e-09[39m
     19 Linear |R| = [32m3.224356e-10[39m
     20 Linear |R| = [32m2.774372e-11[39m
 1 Nonlinear |R| = [32m5.136513e-06[39m
      0 Linear |R| = [32m5.136513e-06[39m
      1 Linear |R| = [32m1.874767e-07[39m
      2 Linear |R| = [33m1.869505e-07[39m
      3 Linear |R| = [32m1.321781e-07[39m
      4 Linear |R| = [32m2.927727e-08[39m
      5 Linear |R| = [32m1.669490e-08[39m
      6 Linear |R| = [32m5.363110e-09[39m
      7 Linear |R| = [33m5.322934e-09[39m
      8 Linear |R| = [32m2.091731e-09[39m
      9 Linear |R| = [32m8.808190e-10[39m
     10 Linear |R| = [32m5.541384e-10[39m
     11 Linear |R| = [32m2.095859e-10[39m
     12 Linear |R| = [32m1.246489e-10[39m
     13 Linear |R| = [32m8.640545e-11[39m
     14 Linear |R| = [32m1.401699e-11[39m
     15 Linear |R| = [32m5.819854e-12[39m
     16 Linear |R| = [32m1.367015e-12[39m
     17 Linear |R| = [33m1.320028e-12[39m
     18 Linear |R| = [32m1.403859e-13[39m
     19 Linear |R| = [32m1.753815e-14[39m
     20 Linear |R| = [32m5.853066e-15[39m
     21 Linear |R| = [32m1.347199e-15[39m
 2 Nonlinear |R| = [32m8.778047e-12[39m
[32m Solve Converged![39m

Postprocessor Values:
+----------------+----------------+----------------+----------------+----------------+----------------+----------------+
| time           | J_max          | J_min          | Jbar_max       | Jbar_min       | center_pressure| edge_ux        |
+----------------+----------------+----------------+----------------+----------------+----------------+----------------+
:                :                :                :                :                :                :                :
|   6.000000e-02 |   9.818774e-01 |   9.736411e-01 |   9.896844e-01 |   9.879447e-01 |   1.416534e-01 |   7.293072e-03 |
|   6.200000e-02 |   9.817771e-01 |   9.736183e-01 |   9.896648e-01 |   9.879340e-01 |   1.400358e-01 |   7.203051e-03 |
|   6.400000e-02 |   9.816772e-01 |   9.735955e-01 |   9.896455e-01 |   9.879236e-01 |   1.384402e-01 |   7.114100e-03 |
|   6.600000e-02 |   9.815780e-01 |   9.735727e-01 |   9.896264e-01 |   9.879133e-01 |   1.368659e-01 |   7.026199e-03 |
|   6.800000e-02 |   9.814793e-01 |   9.735499e-01 |   9.896076e-01 |   9.879033e-01 |   1.353123e-01 |   6.939332e-03 |
|   7.000000e-02 |   9.813813e-01 |   9.735270e-01 |   9.895891e-01 |   9.878934e-01 |   1.337787e-01 |   6.853482e-03 |
|   7.200000e-02 |   9.812841e-01 |   9.735036e-01 |   9.895708e-01 |   9.878837e-01 |   1.322645e-01 |   6.768633e-03 |
|   7.400000e-02 |   9.811875e-01 |   9.734802e-01 |   9.895528e-01 |   9.878743e-01 |   1.307692e-01 |   6.684770e-03 |
|   7.600000e-02 |   9.810917e-01 |   9.734571e-01 |   9.895350e-01 |   9.878649e-01 |   1.292924e-01 |   6.601878e-03 |
|   7.800000e-02 |   9.809968e-01 |   9.734341e-01 |   9.895174e-01 |   9.878558e-01 |   1.278335e-01 |   6.519943e-03 |
|   8.000000e-02 |   9.809026e-01 |   9.734112e-01 |   9.895001e-01 |   9.878468e-01 |   1.263922e-01 |   6.438952e-03 |
|   8.200000e-02 |   9.808093e-01 |   9.733885e-01 |   9.894829e-01 |   9.878379e-01 |   1.249682e-01 |   6.358891e-03 |
|   8.400000e-02 |   9.807168e-01 |   9.733660e-01 |   9.894660e-01 |   9.878292e-01 |   1.235609e-01 |   6.279748e-03 |
|   8.600000e-02 |   9.806251e-01 |   9.733436e-01 |   9.894493e-01 |   9.878206e-01 |   1.221702e-01 |   6.201510e-03 |
|   8.800000e-02 |   9.805344e-01 |   9.733215e-01 |   9.894328e-01 |   9.878122e-01 |   1.207957e-01 |   6.124165e-03 |
+----------------+----------------+----------------+----------------+----------------+----------------+----------------+
+----------------+----------------+----------------+------------------+----------------+----------------+
| time           | mass           | mass_reaction  | outflow_gradient | platen_max     | platen_min     |
+----------------+----------------+----------------+------------------+----------------+----------------+
:                :                :                :                  :                :                :
|   6.000000e-02 |   1.571677e+00 |  -3.261207e-01 |     1.712310e-01 |  -5.622374e-02 |  -5.622374e-02 |
|   6.200000e-02 |   1.571033e+00 |  -3.218818e-01 |     1.690437e-01 |  -5.631240e-02 |  -5.631240e-02 |
|   6.400000e-02 |   1.570398e+00 |  -3.177545e-01 |     1.669107e-01 |  -5.639993e-02 |  -5.639993e-02 |
|   6.600000e-02 |   1.569770e+00 |  -3.137304e-01 |     1.648281e-01 |  -5.648637e-02 |  -5.648637e-02 |
|   6.800000e-02 |   1.569151e+00 |  -3.098017e-01 |     1.627922e-01 |  -5.657174e-02 |  -5.657174e-02 |
|   7.000000e-02 |   1.568539e+00 |  -3.059617e-01 |     1.607999e-01 |  -5.665606e-02 |  -5.665606e-02 |
|   7.200000e-02 |   1.567934e+00 |  -3.022044e-01 |     1.588482e-01 |  -5.673936e-02 |  -5.673936e-02 |
|   7.400000e-02 |   1.567337e+00 |  -2.985242e-01 |     1.569347e-01 |  -5.682166e-02 |  -5.682166e-02 |
|   7.600000e-02 |   1.566747e+00 |  -2.949163e-01 |     1.550571e-01 |  -5.690297e-02 |  -5.690297e-02 |
|   7.800000e-02 |   1.566165e+00 |  -2.913763e-01 |     1.532132e-01 |  -5.698332e-02 |  -5.698332e-02 |
|   8.000000e-02 |   1.565589e+00 |  -2.879004e-01 |     1.514013e-01 |  -5.706272e-02 |  -5.706272e-02 |
|   8.200000e-02 |   1.565020e+00 |  -2.844850e-01 |     1.496196e-01 |  -5.714119e-02 |  -5.714119e-02 |
|   8.400000e-02 |   1.564458e+00 |  -2.811269e-01 |     1.478667e-01 |  -5.721875e-02 |  -5.721875e-02 |
|   8.600000e-02 |   1.563902e+00 |  -2.778234e-01 |     1.461412e-01 |  -5.729540e-02 |  -5.729540e-02 |
|   8.800000e-02 |   1.563353e+00 |  -2.745719e-01 |     1.444420e-01 |  -5.737117e-02 |  -5.737117e-02 |
+----------------+----------------+----------------+------------------+----------------+----------------+
+----------------+--------------------+--------------------+----------------+----------------+----------------+
| time           | solid_fraction_max | solid_fraction_min | stability_max  | stability_min  | top_reaction   |
+----------------+--------------------+--------------------+----------------+----------------+----------------+
:                :                    :                    :                :                :                :
|   6.000000e-02 |       6.090979e-01 |       6.042143e-01 |   2.810099e+01 |   2.800356e+01 |  -1.400000e+00 |
|   6.200000e-02 |       6.091070e-01 |       6.042700e-01 |   2.809997e+01 |   2.800351e+01 |  -1.400000e+00 |
|   6.400000e-02 |       6.091161e-01 |       6.043256e-01 |   2.809895e+01 |   2.800347e+01 |  -1.400000e+00 |
|   6.600000e-02 |       6.091252e-01 |       6.043810e-01 |   2.809793e+01 |   2.800342e+01 |  -1.400000e+00 |
|   6.800000e-02 |       6.091342e-01 |       6.044361e-01 |   2.809691e+01 |   2.800338e+01 |  -1.400000e+00 |
|   7.000000e-02 |       6.091432e-01 |       6.044909e-01 |   2.809589e+01 |   2.800334e+01 |  -1.400000e+00 |
|   7.200000e-02 |       6.091522e-01 |       6.045454e-01 |   2.809488e+01 |   2.800330e+01 |  -1.400000e+00 |
|   7.400000e-02 |       6.091611e-01 |       6.045995e-01 |   2.809388e+01 |   2.800326e+01 |  -1.400000e+00 |
|   7.600000e-02 |       6.091700e-01 |       6.046533e-01 |   2.809287e+01 |   2.800322e+01 |  -1.400000e+00 |
|   7.800000e-02 |       6.091787e-01 |       6.047067e-01 |   2.809188e+01 |   2.800318e+01 |  -1.400000e+00 |
|   8.000000e-02 |       6.091875e-01 |       6.047597e-01 |   2.809089e+01 |   2.800315e+01 |  -1.400000e+00 |
|   8.200000e-02 |       6.091961e-01 |       6.048123e-01 |   2.808991e+01 |   2.800311e+01 |  -1.400000e+00 |
|   8.400000e-02 |       6.092047e-01 |       6.048645e-01 |   2.808893e+01 |   2.800307e+01 |  -1.400000e+00 |
|   8.600000e-02 |       6.092132e-01 |       6.049162e-01 |   2.808796e+01 |   2.800304e+01 |  -1.400000e+00 |
|   8.800000e-02 |       6.092217e-01 |       6.049674e-01 |   2.808700e+01 |   2.800300e+01 |  -1.400000e+00 |
+----------------+--------------------+--------------------+----------------+----------------+----------------+


Time Step 45, time = 0.09, dt = 0.002
 * Nonlinear |R| = [32m3.298592e-02[39m (Before preset BCs, predictors, correctors, and constraints)
 0 Nonlinear |R| = [32m3.298592e-02[39m
      0 Linear |R| = [32m3.298592e-02[39m
      1 Linear |R| = [32m2.219843e-03[39m
      2 Linear |R| = [33m2.169191e-03[39m
      3 Linear |R| = [33m2.091681e-03[39m
      4 Linear |R| = [32m8.665077e-04[39m
      5 Linear |R| = [32m3.471931e-04[39m
      6 Linear |R| = [32m8.020608e-05[39m
      7 Linear |R| = [32m5.875421e-05[39m
      8 Linear |R| = [32m3.346665e-05[39m
      9 Linear |R| = [32m1.430404e-05[39m
     10 Linear |R| = [32m8.927233e-06[39m
     11 Linear |R| = [32m3.357560e-06[39m
     12 Linear |R| = [32m1.202812e-06[39m
     13 Linear |R| = [33m1.188322e-06[39m
     14 Linear |R| = [32m1.389806e-07[39m
     15 Linear |R| = [32m7.178503e-08[39m
     16 Linear |R| = [32m1.672008e-08[39m
     17 Linear |R| = [32m1.445724e-08[39m
     18 Linear |R| = [32m2.559125e-09[39m
     19 Linear |R| = [32m3.183473e-10[39m
     20 Linear |R| = [32m2.228849e-11[39m
 1 Nonlinear |R| = [32m5.008203e-06[39m
      0 Linear |R| = [32m5.008203e-06[39m
      1 Linear |R| = [32m1.832583e-07[39m
      2 Linear |R| = [33m1.827729e-07[39m
      3 Linear |R| = [32m1.315211e-07[39m
      4 Linear |R| = [32m2.787149e-08[39m
      5 Linear |R| = [32m1.376947e-08[39m
      6 Linear |R| = [32m5.487823e-09[39m
      7 Linear |R| = [33m5.373546e-09[39m
      8 Linear |R| = [32m2.013483e-09[39m
      9 Linear |R| = [32m8.421062e-10[39m
     10 Linear |R| = [32m5.206023e-10[39m
     11 Linear |R| = [32m2.017160e-10[39m
     12 Linear |R| = [32m1.285676e-10[39m
     13 Linear |R| = [32m8.019438e-11[39m
     14 Linear |R| = [32m1.250362e-11[39m
     15 Linear |R| = [32m5.764328e-12[39m
     16 Linear |R| = [32m1.376390e-12[39m
     17 Linear |R| = [32m1.275932e-12[39m
     18 Linear |R| = [32m1.474702e-13[39m
     19 Linear |R| = [32m1.751336e-14[39m
     20 Linear |R| = [32m7.293581e-15[39m
     21 Linear |R| = [32m1.427896e-15[39m
 2 Nonlinear |R| = [32m9.957718e-12[39m
[32m Solve Converged![39m

Postprocessor Values:
+----------------+----------------+----------------+----------------+----------------+----------------+----------------+
| time           | J_max          | J_min          | Jbar_max       | Jbar_min       | center_pressure| edge_ux        |
+----------------+----------------+----------------+----------------+----------------+----------------+----------------+
:                :                :                :                :                :                :                :
|   6.200000e-02 |   9.817771e-01 |   9.736183e-01 |   9.896648e-01 |   9.879340e-01 |   1.400358e-01 |   7.203051e-03 |
|   6.400000e-02 |   9.816772e-01 |   9.735955e-01 |   9.896455e-01 |   9.879236e-01 |   1.384402e-01 |   7.114100e-03 |
|   6.600000e-02 |   9.815780e-01 |   9.735727e-01 |   9.896264e-01 |   9.879133e-01 |   1.368659e-01 |   7.026199e-03 |
|   6.800000e-02 |   9.814793e-01 |   9.735499e-01 |   9.896076e-01 |   9.879033e-01 |   1.353123e-01 |   6.939332e-03 |
|   7.000000e-02 |   9.813813e-01 |   9.735270e-01 |   9.895891e-01 |   9.878934e-01 |   1.337787e-01 |   6.853482e-03 |
|   7.200000e-02 |   9.812841e-01 |   9.735036e-01 |   9.895708e-01 |   9.878837e-01 |   1.322645e-01 |   6.768633e-03 |
|   7.400000e-02 |   9.811875e-01 |   9.734802e-01 |   9.895528e-01 |   9.878743e-01 |   1.307692e-01 |   6.684770e-03 |
|   7.600000e-02 |   9.810917e-01 |   9.734571e-01 |   9.895350e-01 |   9.878649e-01 |   1.292924e-01 |   6.601878e-03 |
|   7.800000e-02 |   9.809968e-01 |   9.734341e-01 |   9.895174e-01 |   9.878558e-01 |   1.278335e-01 |   6.519943e-03 |
|   8.000000e-02 |   9.809026e-01 |   9.734112e-01 |   9.895001e-01 |   9.878468e-01 |   1.263922e-01 |   6.438952e-03 |
|   8.200000e-02 |   9.808093e-01 |   9.733885e-01 |   9.894829e-01 |   9.878379e-01 |   1.249682e-01 |   6.358891e-03 |
|   8.400000e-02 |   9.807168e-01 |   9.733660e-01 |   9.894660e-01 |   9.878292e-01 |   1.235609e-01 |   6.279748e-03 |
|   8.600000e-02 |   9.806251e-01 |   9.733436e-01 |   9.894493e-01 |   9.878206e-01 |   1.221702e-01 |   6.201510e-03 |
|   8.800000e-02 |   9.805344e-01 |   9.733215e-01 |   9.894328e-01 |   9.878122e-01 |   1.207957e-01 |   6.124165e-03 |
|   9.000000e-02 |   9.804445e-01 |   9.732995e-01 |   9.894166e-01 |   9.878038e-01 |   1.194371e-01 |   6.047703e-03 |
+----------------+----------------+----------------+----------------+----------------+----------------+----------------+
+----------------+----------------+----------------+------------------+----------------+----------------+
| time           | mass           | mass_reaction  | outflow_gradient | platen_max     | platen_min     |
+----------------+----------------+----------------+------------------+----------------+----------------+
:                :                :                :                  :                :                :
|   6.200000e-02 |   1.571033e+00 |  -3.218818e-01 |     1.690437e-01 |  -5.631240e-02 |  -5.631240e-02 |
|   6.400000e-02 |   1.570398e+00 |  -3.177545e-01 |     1.669107e-01 |  -5.639993e-02 |  -5.639993e-02 |
|   6.600000e-02 |   1.569770e+00 |  -3.137304e-01 |     1.648281e-01 |  -5.648637e-02 |  -5.648637e-02 |
|   6.800000e-02 |   1.569151e+00 |  -3.098017e-01 |     1.627922e-01 |  -5.657174e-02 |  -5.657174e-02 |
|   7.000000e-02 |   1.568539e+00 |  -3.059617e-01 |     1.607999e-01 |  -5.665606e-02 |  -5.665606e-02 |
|   7.200000e-02 |   1.567934e+00 |  -3.022044e-01 |     1.588482e-01 |  -5.673936e-02 |  -5.673936e-02 |
|   7.400000e-02 |   1.567337e+00 |  -2.985242e-01 |     1.569347e-01 |  -5.682166e-02 |  -5.682166e-02 |
|   7.600000e-02 |   1.566747e+00 |  -2.949163e-01 |     1.550571e-01 |  -5.690297e-02 |  -5.690297e-02 |
|   7.800000e-02 |   1.566165e+00 |  -2.913763e-01 |     1.532132e-01 |  -5.698332e-02 |  -5.698332e-02 |
|   8.000000e-02 |   1.565589e+00 |  -2.879004e-01 |     1.514013e-01 |  -5.706272e-02 |  -5.706272e-02 |
|   8.200000e-02 |   1.565020e+00 |  -2.844850e-01 |     1.496196e-01 |  -5.714119e-02 |  -5.714119e-02 |
|   8.400000e-02 |   1.564458e+00 |  -2.811269e-01 |     1.478667e-01 |  -5.721875e-02 |  -5.721875e-02 |
|   8.600000e-02 |   1.563902e+00 |  -2.778234e-01 |     1.461412e-01 |  -5.729540e-02 |  -5.729540e-02 |
|   8.800000e-02 |   1.563353e+00 |  -2.745719e-01 |     1.444420e-01 |  -5.737117e-02 |  -5.737117e-02 |
|   9.000000e-02 |   1.562810e+00 |  -2.713700e-01 |     1.427678e-01 |  -5.744607e-02 |  -5.744607e-02 |
+----------------+----------------+----------------+------------------+----------------+----------------+
+----------------+--------------------+--------------------+----------------+----------------+----------------+
| time           | solid_fraction_max | solid_fraction_min | stability_max  | stability_min  | top_reaction   |
+----------------+--------------------+--------------------+----------------+----------------+----------------+
:                :                    :                    :                :                :                :
|   6.200000e-02 |       6.091070e-01 |       6.042700e-01 |   2.809997e+01 |   2.800351e+01 |  -1.400000e+00 |
|   6.400000e-02 |       6.091161e-01 |       6.043256e-01 |   2.809895e+01 |   2.800347e+01 |  -1.400000e+00 |
|   6.600000e-02 |       6.091252e-01 |       6.043810e-01 |   2.809793e+01 |   2.800342e+01 |  -1.400000e+00 |
|   6.800000e-02 |       6.091342e-01 |       6.044361e-01 |   2.809691e+01 |   2.800338e+01 |  -1.400000e+00 |
|   7.000000e-02 |       6.091432e-01 |       6.044909e-01 |   2.809589e+01 |   2.800334e+01 |  -1.400000e+00 |
|   7.200000e-02 |       6.091522e-01 |       6.045454e-01 |   2.809488e+01 |   2.800330e+01 |  -1.400000e+00 |
|   7.400000e-02 |       6.091611e-01 |       6.045995e-01 |   2.809388e+01 |   2.800326e+01 |  -1.400000e+00 |
|   7.600000e-02 |       6.091700e-01 |       6.046533e-01 |   2.809287e+01 |   2.800322e+01 |  -1.400000e+00 |
|   7.800000e-02 |       6.091787e-01 |       6.047067e-01 |   2.809188e+01 |   2.800318e+01 |  -1.400000e+00 |
|   8.000000e-02 |       6.091875e-01 |       6.047597e-01 |   2.809089e+01 |   2.800315e+01 |  -1.400000e+00 |
|   8.200000e-02 |       6.091961e-01 |       6.048123e-01 |   2.808991e+01 |   2.800311e+01 |  -1.400000e+00 |
|   8.400000e-02 |       6.092047e-01 |       6.048645e-01 |   2.808893e+01 |   2.800307e+01 |  -1.400000e+00 |
|   8.600000e-02 |       6.092132e-01 |       6.049162e-01 |   2.808796e+01 |   2.800304e+01 |  -1.400000e+00 |
|   8.800000e-02 |       6.092217e-01 |       6.049674e-01 |   2.808700e+01 |   2.800300e+01 |  -1.400000e+00 |
|   9.000000e-02 |       6.092300e-01 |       6.050182e-01 |   2.808605e+01 |   2.800297e+01 |  -1.400000e+00 |
+----------------+--------------------+--------------------+----------------+----------------+----------------+


Time Step 46, time = 0.092, dt = 0.002
 * Nonlinear |R| = [32m3.260994e-02[39m (Before preset BCs, predictors, correctors, and constraints)
 0 Nonlinear |R| = [32m3.260994e-02[39m
      0 Linear |R| = [32m3.260994e-02[39m
      1 Linear |R| = [32m2.194500e-03[39m
      2 Linear |R| = [33m2.144458e-03[39m
      3 Linear |R| = [33m2.067745e-03[39m
      4 Linear |R| = [32m8.560490e-04[39m
      5 Linear |R| = [32m3.431069e-04[39m
      6 Linear |R| = [32m7.939949e-05[39m
      7 Linear |R| = [32m6.051963e-05[39m
      8 Linear |R| = [32m3.309086e-05[39m
      9 Linear |R| = [32m1.412550e-05[39m
     10 Linear |R| = [32m8.814237e-06[39m
     11 Linear |R| = [32m3.315040e-06[39m
     12 Linear |R| = [32m1.195604e-06[39m
     13 Linear |R| = [33m1.175009e-06[39m
     14 Linear |R| = [32m1.369615e-07[39m
     15 Linear |R| = [32m7.071261e-08[39m
     16 Linear |R| = [32m1.649391e-08[39m
     17 Linear |R| = [32m1.516943e-08[39m
     18 Linear |R| = [32m2.523637e-09[39m
     19 Linear |R| = [32m3.143585e-10[39m
     20 Linear |R| = [32m2.600087e-11[39m
 1 Nonlinear |R| = [32m4.904943e-06[39m
      0 Linear |R| = [32m4.904943e-06[39m
      1 Linear |R| = [32m1.782959e-07[39m
      2 Linear |R| = [33m1.777803e-07[39m
      3 Linear |R| = [32m1.287025e-07[39m
      4 Linear |R| = [32m2.716045e-08[39m
      5 Linear |R| = [32m1.259530e-08[39m
      6 Linear |R| = [32m5.214259e-09[39m
      7 Linear |R| = [33m5.147449e-09[39m
      8 Linear |R| = [32m1.868081e-09[39m
      9 Linear |R| = [32m8.167194e-10[39m
     10 Linear |R| = [32m5.060450e-10[39m
     11 Linear |R| = [32m1.991560e-10[39m
     12 Linear |R| = [32m1.278222e-10[39m
     13 Linear |R| = [32m8.178805e-11[39m
     14 Linear |R| = [32m1.262772e-11[39m
     15 Linear |R| = [32m5.581681e-12[39m
     16 Linear |R| = [32m1.329984e-12[39m
     17 Linear |R| = [32m1.228020e-12[39m
     18 Linear |R| = [32m1.195410e-13[39m
     19 Linear |R| = [32m1.561096e-14[39m
     20 Linear |R| = [32m7.178469e-15[39m
     21 Linear |R| = [32m8.809963e-16[39m
 2 Nonlinear |R| = [32m8.578725e-12[39m
[32m Solve Converged![39m

Postprocessor Values:
+----------------+----------------+----------------+----------------+----------------+----------------+----------------+
| time           | J_max          | J_min          | Jbar_max       | Jbar_min       | center_pressure| edge_ux        |
+----------------+----------------+----------------+----------------+----------------+----------------+----------------+
:                :                :                :                :                :                :                :
|   6.400000e-02 |   9.816772e-01 |   9.735955e-01 |   9.896455e-01 |   9.879236e-01 |   1.384402e-01 |   7.114100e-03 |
|   6.600000e-02 |   9.815780e-01 |   9.735727e-01 |   9.896264e-01 |   9.879133e-01 |   1.368659e-01 |   7.026199e-03 |
|   6.800000e-02 |   9.814793e-01 |   9.735499e-01 |   9.896076e-01 |   9.879033e-01 |   1.353123e-01 |   6.939332e-03 |
|   7.000000e-02 |   9.813813e-01 |   9.735270e-01 |   9.895891e-01 |   9.878934e-01 |   1.337787e-01 |   6.853482e-03 |
|   7.200000e-02 |   9.812841e-01 |   9.735036e-01 |   9.895708e-01 |   9.878837e-01 |   1.322645e-01 |   6.768633e-03 |
|   7.400000e-02 |   9.811875e-01 |   9.734802e-01 |   9.895528e-01 |   9.878743e-01 |   1.307692e-01 |   6.684770e-03 |
|   7.600000e-02 |   9.810917e-01 |   9.734571e-01 |   9.895350e-01 |   9.878649e-01 |   1.292924e-01 |   6.601878e-03 |
|   7.800000e-02 |   9.809968e-01 |   9.734341e-01 |   9.895174e-01 |   9.878558e-01 |   1.278335e-01 |   6.519943e-03 |
|   8.000000e-02 |   9.809026e-01 |   9.734112e-01 |   9.895001e-01 |   9.878468e-01 |   1.263922e-01 |   6.438952e-03 |
|   8.200000e-02 |   9.808093e-01 |   9.733885e-01 |   9.894829e-01 |   9.878379e-01 |   1.249682e-01 |   6.358891e-03 |
|   8.400000e-02 |   9.807168e-01 |   9.733660e-01 |   9.894660e-01 |   9.878292e-01 |   1.235609e-01 |   6.279748e-03 |
|   8.600000e-02 |   9.806251e-01 |   9.733436e-01 |   9.894493e-01 |   9.878206e-01 |   1.221702e-01 |   6.201510e-03 |
|   8.800000e-02 |   9.805344e-01 |   9.733215e-01 |   9.894328e-01 |   9.878122e-01 |   1.207957e-01 |   6.124165e-03 |
|   9.000000e-02 |   9.804445e-01 |   9.732995e-01 |   9.894166e-01 |   9.878038e-01 |   1.194371e-01 |   6.047703e-03 |
|   9.200000e-02 |   9.803554e-01 |   9.732777e-01 |   9.894005e-01 |   9.877956e-01 |   1.180942e-01 |   5.972111e-03 |
+----------------+----------------+----------------+----------------+----------------+----------------+----------------+
+----------------+----------------+----------------+------------------+----------------+----------------+
| time           | mass           | mass_reaction  | outflow_gradient | platen_max     | platen_min     |
+----------------+----------------+----------------+------------------+----------------+----------------+
:                :                :                :                  :                :                :
|   6.400000e-02 |   1.570398e+00 |  -3.177545e-01 |     1.669107e-01 |  -5.639993e-02 |  -5.639993e-02 |
|   6.600000e-02 |   1.569770e+00 |  -3.137304e-01 |     1.648281e-01 |  -5.648637e-02 |  -5.648637e-02 |
|   6.800000e-02 |   1.569151e+00 |  -3.098017e-01 |     1.627922e-01 |  -5.657174e-02 |  -5.657174e-02 |
|   7.000000e-02 |   1.568539e+00 |  -3.059617e-01 |     1.607999e-01 |  -5.665606e-02 |  -5.665606e-02 |
|   7.200000e-02 |   1.567934e+00 |  -3.022044e-01 |     1.588482e-01 |  -5.673936e-02 |  -5.673936e-02 |
|   7.400000e-02 |   1.567337e+00 |  -2.985242e-01 |     1.569347e-01 |  -5.682166e-02 |  -5.682166e-02 |
|   7.600000e-02 |   1.566747e+00 |  -2.949163e-01 |     1.550571e-01 |  -5.690297e-02 |  -5.690297e-02 |
|   7.800000e-02 |   1.566165e+00 |  -2.913763e-01 |     1.532132e-01 |  -5.698332e-02 |  -5.698332e-02 |
|   8.000000e-02 |   1.565589e+00 |  -2.879004e-01 |     1.514013e-01 |  -5.706272e-02 |  -5.706272e-02 |
|   8.200000e-02 |   1.565020e+00 |  -2.844850e-01 |     1.496196e-01 |  -5.714119e-02 |  -5.714119e-02 |
|   8.400000e-02 |   1.564458e+00 |  -2.811269e-01 |     1.478667e-01 |  -5.721875e-02 |  -5.721875e-02 |
|   8.600000e-02 |   1.563902e+00 |  -2.778234e-01 |     1.461412e-01 |  -5.729540e-02 |  -5.729540e-02 |
|   8.800000e-02 |   1.563353e+00 |  -2.745719e-01 |     1.444420e-01 |  -5.737117e-02 |  -5.737117e-02 |
|   9.000000e-02 |   1.562810e+00 |  -2.713700e-01 |     1.427678e-01 |  -5.744607e-02 |  -5.744607e-02 |
|   9.200000e-02 |   1.562274e+00 |  -2.682157e-01 |     1.411178e-01 |  -5.752010e-02 |  -5.752010e-02 |
+----------------+----------------+----------------+------------------+----------------+----------------+
+----------------+--------------------+--------------------+----------------+----------------+----------------+
| time           | solid_fraction_max | solid_fraction_min | stability_max  | stability_min  | top_reaction   |
+----------------+--------------------+--------------------+----------------+----------------+----------------+
:                :                    :                    :                :                :                :
|   6.400000e-02 |       6.091161e-01 |       6.043256e-01 |   2.809895e+01 |   2.800347e+01 |  -1.400000e+00 |
|   6.600000e-02 |       6.091252e-01 |       6.043810e-01 |   2.809793e+01 |   2.800342e+01 |  -1.400000e+00 |
|   6.800000e-02 |       6.091342e-01 |       6.044361e-01 |   2.809691e+01 |   2.800338e+01 |  -1.400000e+00 |
|   7.000000e-02 |       6.091432e-01 |       6.044909e-01 |   2.809589e+01 |   2.800334e+01 |  -1.400000e+00 |
|   7.200000e-02 |       6.091522e-01 |       6.045454e-01 |   2.809488e+01 |   2.800330e+01 |  -1.400000e+00 |
|   7.400000e-02 |       6.091611e-01 |       6.045995e-01 |   2.809388e+01 |   2.800326e+01 |  -1.400000e+00 |
|   7.600000e-02 |       6.091700e-01 |       6.046533e-01 |   2.809287e+01 |   2.800322e+01 |  -1.400000e+00 |
|   7.800000e-02 |       6.091787e-01 |       6.047067e-01 |   2.809188e+01 |   2.800318e+01 |  -1.400000e+00 |
|   8.000000e-02 |       6.091875e-01 |       6.047597e-01 |   2.809089e+01 |   2.800315e+01 |  -1.400000e+00 |
|   8.200000e-02 |       6.091961e-01 |       6.048123e-01 |   2.808991e+01 |   2.800311e+01 |  -1.400000e+00 |
|   8.400000e-02 |       6.092047e-01 |       6.048645e-01 |   2.808893e+01 |   2.800307e+01 |  -1.400000e+00 |
|   8.600000e-02 |       6.092132e-01 |       6.049162e-01 |   2.808796e+01 |   2.800304e+01 |  -1.400000e+00 |
|   8.800000e-02 |       6.092217e-01 |       6.049674e-01 |   2.808700e+01 |   2.800300e+01 |  -1.400000e+00 |
|   9.000000e-02 |       6.092300e-01 |       6.050182e-01 |   2.808605e+01 |   2.800297e+01 |  -1.400000e+00 |
|   9.200000e-02 |       6.092383e-01 |       6.050685e-01 |   2.808511e+01 |   2.800293e+01 |  -1.400000e+00 |
+----------------+--------------------+--------------------+----------------+----------------+----------------+


Time Step 47, time = 0.094, dt = 0.002
 * Nonlinear |R| = [32m3.223865e-02[39m (Before preset BCs, predictors, correctors, and constraints)
 0 Nonlinear |R| = [32m3.223865e-02[39m
      0 Linear |R| = [32m3.223865e-02[39m
      1 Linear |R| = [32m2.169518e-03[39m
      2 Linear |R| = [33m2.120076e-03[39m
      3 Linear |R| = [33m2.044145e-03[39m
      4 Linear |R| = [32m8.457456e-04[39m
      5 Linear |R| = [32m3.390447e-04[39m
      6 Linear |R| = [32m7.863000e-05[39m
      7 Linear |R| = [32m6.167794e-05[39m
      8 Linear |R| = [32m3.270936e-05[39m
      9 Linear |R| = [32m1.395035e-05[39m
     10 Linear |R| = [32m8.703906e-06[39m
     11 Linear |R| = [32m3.273278e-06[39m
     12 Linear |R| = [32m1.189400e-06[39m
     13 Linear |R| = [33m1.161798e-06[39m
     14 Linear |R| = [32m1.350148e-07[39m
     15 Linear |R| = [32m6.967372e-08[39m
     16 Linear |R| = [32m1.628274e-08[39m
     17 Linear |R| = [33m1.553074e-08[39m
     18 Linear |R| = [32m2.489250e-09[39m
     19 Linear |R| = [32m3.104585e-10[39m
     20 Linear |R| = [32m2.782913e-11[39m
 1 Nonlinear |R| = [32m4.812650e-06[39m
      0 Linear |R| = [32m4.812650e-06[39m
      1 Linear |R| = [32m1.743322e-07[39m
      2 Linear |R| = [33m1.738633e-07[39m
      3 Linear |R| = [32m1.236897e-07[39m
      4 Linear |R| = [32m2.648275e-08[39m
      5 Linear |R| = [32m1.430831e-08[39m
      6 Linear |R| = [32m5.112963e-09[39m
      7 Linear |R| = [33m5.005893e-09[39m
      8 Linear |R| = [32m1.874649e-09[39m
      9 Linear |R| = [32m7.749575e-10[39m
     10 Linear |R| = [32m4.800073e-10[39m
     11 Linear |R| = [32m1.916335e-10[39m
     12 Linear |R| = [32m1.223473e-10[39m
     13 Linear |R| = [32m7.822544e-11[39m
     14 Linear |R| = [32m1.224323e-11[39m
     15 Linear |R| = [32m5.400945e-12[39m
     16 Linear |R| = [32m1.192674e-12[39m
     17 Linear |R| = [32m1.107873e-12[39m
     18 Linear |R| = [32m1.224398e-13[39m
     19 Linear |R| = [32m1.449476e-14[39m
     20 Linear |R| = [32m5.856290e-15[39m
     21 Linear |R| = [32m1.122285e-15[39m
 2 Nonlinear |R| = [32m9.436881e-12[39m
[32m Solve Converged![39m

Postprocessor Values:
+----------------+----------------+----------------+----------------+----------------+----------------+----------------+
| time           | J_max          | J_min          | Jbar_max       | Jbar_min       | center_pressure| edge_ux        |
+----------------+----------------+----------------+----------------+----------------+----------------+----------------+
:                :                :                :                :                :                :                :
|   6.600000e-02 |   9.815780e-01 |   9.735727e-01 |   9.896264e-01 |   9.879133e-01 |   1.368659e-01 |   7.026199e-03 |
|   6.800000e-02 |   9.814793e-01 |   9.735499e-01 |   9.896076e-01 |   9.879033e-01 |   1.353123e-01 |   6.939332e-03 |
|   7.000000e-02 |   9.813813e-01 |   9.735270e-01 |   9.895891e-01 |   9.878934e-01 |   1.337787e-01 |   6.853482e-03 |
|   7.200000e-02 |   9.812841e-01 |   9.735036e-01 |   9.895708e-01 |   9.878837e-01 |   1.322645e-01 |   6.768633e-03 |
|   7.400000e-02 |   9.811875e-01 |   9.734802e-01 |   9.895528e-01 |   9.878743e-01 |   1.307692e-01 |   6.684770e-03 |
|   7.600000e-02 |   9.810917e-01 |   9.734571e-01 |   9.895350e-01 |   9.878649e-01 |   1.292924e-01 |   6.601878e-03 |
|   7.800000e-02 |   9.809968e-01 |   9.734341e-01 |   9.895174e-01 |   9.878558e-01 |   1.278335e-01 |   6.519943e-03 |
|   8.000000e-02 |   9.809026e-01 |   9.734112e-01 |   9.895001e-01 |   9.878468e-01 |   1.263922e-01 |   6.438952e-03 |
|   8.200000e-02 |   9.808093e-01 |   9.733885e-01 |   9.894829e-01 |   9.878379e-01 |   1.249682e-01 |   6.358891e-03 |
|   8.400000e-02 |   9.807168e-01 |   9.733660e-01 |   9.894660e-01 |   9.878292e-01 |   1.235609e-01 |   6.279748e-03 |
|   8.600000e-02 |   9.806251e-01 |   9.733436e-01 |   9.894493e-01 |   9.878206e-01 |   1.221702e-01 |   6.201510e-03 |
|   8.800000e-02 |   9.805344e-01 |   9.733215e-01 |   9.894328e-01 |   9.878122e-01 |   1.207957e-01 |   6.124165e-03 |
|   9.000000e-02 |   9.804445e-01 |   9.732995e-01 |   9.894166e-01 |   9.878038e-01 |   1.194371e-01 |   6.047703e-03 |
|   9.200000e-02 |   9.803554e-01 |   9.732777e-01 |   9.894005e-01 |   9.877956e-01 |   1.180942e-01 |   5.972111e-03 |
|   9.400000e-02 |   9.802673e-01 |   9.732562e-01 |   9.893846e-01 |   9.877875e-01 |   1.167666e-01 |   5.897378e-03 |
+----------------+----------------+----------------+----------------+----------------+----------------+----------------+
+----------------+----------------+----------------+------------------+----------------+----------------+
| time           | mass           | mass_reaction  | outflow_gradient | platen_max     | platen_min     |
+----------------+----------------+----------------+------------------+----------------+----------------+
:                :                :                :                  :                :                :
|   6.600000e-02 |   1.569770e+00 |  -3.137304e-01 |     1.648281e-01 |  -5.648637e-02 |  -5.648637e-02 |
|   6.800000e-02 |   1.569151e+00 |  -3.098017e-01 |     1.627922e-01 |  -5.657174e-02 |  -5.657174e-02 |
|   7.000000e-02 |   1.568539e+00 |  -3.059617e-01 |     1.607999e-01 |  -5.665606e-02 |  -5.665606e-02 |
|   7.200000e-02 |   1.567934e+00 |  -3.022044e-01 |     1.588482e-01 |  -5.673936e-02 |  -5.673936e-02 |
|   7.400000e-02 |   1.567337e+00 |  -2.985242e-01 |     1.569347e-01 |  -5.682166e-02 |  -5.682166e-02 |
|   7.600000e-02 |   1.566747e+00 |  -2.949163e-01 |     1.550571e-01 |  -5.690297e-02 |  -5.690297e-02 |
|   7.800000e-02 |   1.566165e+00 |  -2.913763e-01 |     1.532132e-01 |  -5.698332e-02 |  -5.698332e-02 |
|   8.000000e-02 |   1.565589e+00 |  -2.879004e-01 |     1.514013e-01 |  -5.706272e-02 |  -5.706272e-02 |
|   8.200000e-02 |   1.565020e+00 |  -2.844850e-01 |     1.496196e-01 |  -5.714119e-02 |  -5.714119e-02 |
|   8.400000e-02 |   1.564458e+00 |  -2.811269e-01 |     1.478667e-01 |  -5.721875e-02 |  -5.721875e-02 |
|   8.600000e-02 |   1.563902e+00 |  -2.778234e-01 |     1.461412e-01 |  -5.729540e-02 |  -5.729540e-02 |
|   8.800000e-02 |   1.563353e+00 |  -2.745719e-01 |     1.444420e-01 |  -5.737117e-02 |  -5.737117e-02 |
|   9.000000e-02 |   1.562810e+00 |  -2.713700e-01 |     1.427678e-01 |  -5.744607e-02 |  -5.744607e-02 |
|   9.200000e-02 |   1.562274e+00 |  -2.682157e-01 |     1.411178e-01 |  -5.752010e-02 |  -5.752010e-02 |
|   9.400000e-02 |   1.561743e+00 |  -2.651071e-01 |     1.394910e-01 |  -5.759329e-02 |  -5.759329e-02 |
+----------------+----------------+----------------+------------------+----------------+----------------+
+----------------+--------------------+--------------------+----------------+----------------+----------------+
| time           | solid_fraction_max | solid_fraction_min | stability_max  | stability_min  | top_reaction   |
+----------------+--------------------+--------------------+----------------+----------------+----------------+
:                :                    :                    :                :                :                :
|   6.600000e-02 |       6.091252e-01 |       6.043810e-01 |   2.809793e+01 |   2.800342e+01 |  -1.400000e+00 |
|   6.800000e-02 |       6.091342e-01 |       6.044361e-01 |   2.809691e+01 |   2.800338e+01 |  -1.400000e+00 |
|   7.000000e-02 |       6.091432e-01 |       6.044909e-01 |   2.809589e+01 |   2.800334e+01 |  -1.400000e+00 |
|   7.200000e-02 |       6.091522e-01 |       6.045454e-01 |   2.809488e+01 |   2.800330e+01 |  -1.400000e+00 |
|   7.400000e-02 |       6.091611e-01 |       6.045995e-01 |   2.809388e+01 |   2.800326e+01 |  -1.400000e+00 |
|   7.600000e-02 |       6.091700e-01 |       6.046533e-01 |   2.809287e+01 |   2.800322e+01 |  -1.400000e+00 |
|   7.800000e-02 |       6.091787e-01 |       6.047067e-01 |   2.809188e+01 |   2.800318e+01 |  -1.400000e+00 |
|   8.000000e-02 |       6.091875e-01 |       6.047597e-01 |   2.809089e+01 |   2.800315e+01 |  -1.400000e+00 |
|   8.200000e-02 |       6.091961e-01 |       6.048123e-01 |   2.808991e+01 |   2.800311e+01 |  -1.400000e+00 |
|   8.400000e-02 |       6.092047e-01 |       6.048645e-01 |   2.808893e+01 |   2.800307e+01 |  -1.400000e+00 |
|   8.600000e-02 |       6.092132e-01 |       6.049162e-01 |   2.808796e+01 |   2.800304e+01 |  -1.400000e+00 |
|   8.800000e-02 |       6.092217e-01 |       6.049674e-01 |   2.808700e+01 |   2.800300e+01 |  -1.400000e+00 |
|   9.000000e-02 |       6.092300e-01 |       6.050182e-01 |   2.808605e+01 |   2.800297e+01 |  -1.400000e+00 |
|   9.200000e-02 |       6.092383e-01 |       6.050685e-01 |   2.808511e+01 |   2.800293e+01 |  -1.400000e+00 |
|   9.400000e-02 |       6.092465e-01 |       6.051184e-01 |   2.808417e+01 |   2.800290e+01 |  -1.400000e+00 |
+----------------+--------------------+--------------------+----------------+----------------+----------------+


Time Step 48, time = 0.096, dt = 0.002
 * Nonlinear |R| = [32m3.187193e-02[39m (Before preset BCs, predictors, correctors, and constraints)
 0 Nonlinear |R| = [32m3.187193e-02[39m
      0 Linear |R| = [32m3.187193e-02[39m
      1 Linear |R| = [32m2.144880e-03[39m
      2 Linear |R| = [33m2.096030e-03[39m
      3 Linear |R| = [33m2.020864e-03[39m
      4 Linear |R| = [32m8.355828e-04[39m
      5 Linear |R| = [32m3.350532e-04[39m
      6 Linear |R| = [32m7.753099e-05[39m
      7 Linear |R| = [32m5.921715e-05[39m
      8 Linear |R| = [32m3.227862e-05[39m
      9 Linear |R| = [32m1.377876e-05[39m
     10 Linear |R| = [32m8.596021e-06[39m
     11 Linear |R| = [32m3.232306e-06[39m
     12 Linear |R| = [32m1.173866e-06[39m
     13 Linear |R| = [33m1.147384e-06[39m
     14 Linear |R| = [32m1.331362e-07[39m
     15 Linear |R| = [32m6.866638e-08[39m
     16 Linear |R| = [32m1.606945e-08[39m
     17 Linear |R| = [33m1.549794e-08[39m
     18 Linear |R| = [32m2.455916e-09[39m
     19 Linear |R| = [32m3.066373e-10[39m
     20 Linear |R| = [32m2.814401e-11[39m
 1 Nonlinear |R| = [32m4.705584e-06[39m
      0 Linear |R| = [32m4.705584e-06[39m
      1 Linear |R| = [32m1.707086e-07[39m
      2 Linear |R| = [33m1.703107e-07[39m
      3 Linear |R| = [32m1.218205e-07[39m
      4 Linear |R| = [32m2.565375e-08[39m
      5 Linear |R| = [32m1.246296e-08[39m
      6 Linear |R| = [32m4.938338e-09[39m
      7 Linear |R| = [33m4.888967e-09[39m
      8 Linear |R| = [32m1.861357e-09[39m
      9 Linear |R| = [32m8.031033e-10[39m
     10 Linear |R| = [32m5.030255e-10[39m
     11 Linear |R| = [32m1.929443e-10[39m
     12 Linear |R| = [32m1.177687e-10[39m
     13 Linear |R| = [32m8.165894e-11[39m
     14 Linear |R| = [32m1.271870e-11[39m
     15 Linear |R| = [32m5.461934e-12[39m
     16 Linear |R| = [32m1.279818e-12[39m
     17 Linear |R| = [33m1.246740e-12[39m
     18 Linear |R| = [32m1.280783e-13[39m
     19 Linear |R| = [32m1.547029e-14[39m
     20 Linear |R| = [32m4.922685e-15[39m
     21 Linear |R| = [32m1.084339e-15[39m
 2 Nonlinear |R| = [32m8.303688e-12[39m
[32m Solve Converged![39m

Postprocessor Values:
+----------------+----------------+----------------+----------------+----------------+----------------+----------------+
| time           | J_max          | J_min          | Jbar_max       | Jbar_min       | center_pressure| edge_ux        |
+----------------+----------------+----------------+----------------+----------------+----------------+----------------+
:                :                :                :                :                :                :                :
|   6.800000e-02 |   9.814793e-01 |   9.735499e-01 |   9.896076e-01 |   9.879033e-01 |   1.353123e-01 |   6.939332e-03 |
|   7.000000e-02 |   9.813813e-01 |   9.735270e-01 |   9.895891e-01 |   9.878934e-01 |   1.337787e-01 |   6.853482e-03 |
|   7.200000e-02 |   9.812841e-01 |   9.735036e-01 |   9.895708e-01 |   9.878837e-01 |   1.322645e-01 |   6.768633e-03 |
|   7.400000e-02 |   9.811875e-01 |   9.734802e-01 |   9.895528e-01 |   9.878743e-01 |   1.307692e-01 |   6.684770e-03 |
|   7.600000e-02 |   9.810917e-01 |   9.734571e-01 |   9.895350e-01 |   9.878649e-01 |   1.292924e-01 |   6.601878e-03 |
|   7.800000e-02 |   9.809968e-01 |   9.734341e-01 |   9.895174e-01 |   9.878558e-01 |   1.278335e-01 |   6.519943e-03 |
|   8.000000e-02 |   9.809026e-01 |   9.734112e-01 |   9.895001e-01 |   9.878468e-01 |   1.263922e-01 |   6.438952e-03 |
|   8.200000e-02 |   9.808093e-01 |   9.733885e-01 |   9.894829e-01 |   9.878379e-01 |   1.249682e-01 |   6.358891e-03 |
|   8.400000e-02 |   9.807168e-01 |   9.733660e-01 |   9.894660e-01 |   9.878292e-01 |   1.235609e-01 |   6.279748e-03 |
|   8.600000e-02 |   9.806251e-01 |   9.733436e-01 |   9.894493e-01 |   9.878206e-01 |   1.221702e-01 |   6.201510e-03 |
|   8.800000e-02 |   9.805344e-01 |   9.733215e-01 |   9.894328e-01 |   9.878122e-01 |   1.207957e-01 |   6.124165e-03 |
|   9.000000e-02 |   9.804445e-01 |   9.732995e-01 |   9.894166e-01 |   9.878038e-01 |   1.194371e-01 |   6.047703e-03 |
|   9.200000e-02 |   9.803554e-01 |   9.732777e-01 |   9.894005e-01 |   9.877956e-01 |   1.180942e-01 |   5.972111e-03 |
|   9.400000e-02 |   9.802673e-01 |   9.732562e-01 |   9.893846e-01 |   9.877875e-01 |   1.167666e-01 |   5.897378e-03 |
|   9.600000e-02 |   9.801801e-01 |   9.732348e-01 |   9.893689e-01 |   9.877796e-01 |   1.154542e-01 |   5.823494e-03 |
+----------------+----------------+----------------+----------------+----------------+----------------+----------------+
+----------------+----------------+----------------+------------------+----------------+----------------+
| time           | mass           | mass_reaction  | outflow_gradient | platen_max     | platen_min     |
+----------------+----------------+----------------+------------------+----------------+----------------+
:                :                :                :                  :                :                :
|   6.800000e-02 |   1.569151e+00 |  -3.098017e-01 |     1.627922e-01 |  -5.657174e-02 |  -5.657174e-02 |
|   7.000000e-02 |   1.568539e+00 |  -3.059617e-01 |     1.607999e-01 |  -5.665606e-02 |  -5.665606e-02 |
|   7.200000e-02 |   1.567934e+00 |  -3.022044e-01 |     1.588482e-01 |  -5.673936e-02 |  -5.673936e-02 |
|   7.400000e-02 |   1.567337e+00 |  -2.985242e-01 |     1.569347e-01 |  -5.682166e-02 |  -5.682166e-02 |
|   7.600000e-02 |   1.566747e+00 |  -2.949163e-01 |     1.550571e-01 |  -5.690297e-02 |  -5.690297e-02 |
|   7.800000e-02 |   1.566165e+00 |  -2.913763e-01 |     1.532132e-01 |  -5.698332e-02 |  -5.698332e-02 |
|   8.000000e-02 |   1.565589e+00 |  -2.879004e-01 |     1.514013e-01 |  -5.706272e-02 |  -5.706272e-02 |
|   8.200000e-02 |   1.565020e+00 |  -2.844850e-01 |     1.496196e-01 |  -5.714119e-02 |  -5.714119e-02 |
|   8.400000e-02 |   1.564458e+00 |  -2.811269e-01 |     1.478667e-01 |  -5.721875e-02 |  -5.721875e-02 |
|   8.600000e-02 |   1.563902e+00 |  -2.778234e-01 |     1.461412e-01 |  -5.729540e-02 |  -5.729540e-02 |
|   8.800000e-02 |   1.563353e+00 |  -2.745719e-01 |     1.444420e-01 |  -5.737117e-02 |  -5.737117e-02 |
|   9.000000e-02 |   1.562810e+00 |  -2.713700e-01 |     1.427678e-01 |  -5.744607e-02 |  -5.744607e-02 |
|   9.200000e-02 |   1.562274e+00 |  -2.682157e-01 |     1.411178e-01 |  -5.752010e-02 |  -5.752010e-02 |
|   9.400000e-02 |   1.561743e+00 |  -2.651071e-01 |     1.394910e-01 |  -5.759329e-02 |  -5.759329e-02 |
|   9.600000e-02 |   1.561219e+00 |  -2.620425e-01 |     1.378866e-01 |  -5.766564e-02 |  -5.766564e-02 |
+----------------+----------------+----------------+------------------+----------------+----------------+
+----------------+--------------------+--------------------+----------------+----------------+----------------+
| time           | solid_fraction_max | solid_fraction_min | stability_max  | stability_min  | top_reaction   |
+----------------+--------------------+--------------------+----------------+----------------+----------------+
:                :                    :                    :                :                :                :
|   6.800000e-02 |       6.091342e-01 |       6.044361e-01 |   2.809691e+01 |   2.800338e+01 |  -1.400000e+00 |
|   7.000000e-02 |       6.091432e-01 |       6.044909e-01 |   2.809589e+01 |   2.800334e+01 |  -1.400000e+00 |
|   7.200000e-02 |       6.091522e-01 |       6.045454e-01 |   2.809488e+01 |   2.800330e+01 |  -1.400000e+00 |
|   7.400000e-02 |       6.091611e-01 |       6.045995e-01 |   2.809388e+01 |   2.800326e+01 |  -1.400000e+00 |
|   7.600000e-02 |       6.091700e-01 |       6.046533e-01 |   2.809287e+01 |   2.800322e+01 |  -1.400000e+00 |
|   7.800000e-02 |       6.091787e-01 |       6.047067e-01 |   2.809188e+01 |   2.800318e+01 |  -1.400000e+00 |
|   8.000000e-02 |       6.091875e-01 |       6.047597e-01 |   2.809089e+01 |   2.800315e+01 |  -1.400000e+00 |
|   8.200000e-02 |       6.091961e-01 |       6.048123e-01 |   2.808991e+01 |   2.800311e+01 |  -1.400000e+00 |
|   8.400000e-02 |       6.092047e-01 |       6.048645e-01 |   2.808893e+01 |   2.800307e+01 |  -1.400000e+00 |
|   8.600000e-02 |       6.092132e-01 |       6.049162e-01 |   2.808796e+01 |   2.800304e+01 |  -1.400000e+00 |
|   8.800000e-02 |       6.092217e-01 |       6.049674e-01 |   2.808700e+01 |   2.800300e+01 |  -1.400000e+00 |
|   9.000000e-02 |       6.092300e-01 |       6.050182e-01 |   2.808605e+01 |   2.800297e+01 |  -1.400000e+00 |
|   9.200000e-02 |       6.092383e-01 |       6.050685e-01 |   2.808511e+01 |   2.800293e+01 |  -1.400000e+00 |
|   9.400000e-02 |       6.092465e-01 |       6.051184e-01 |   2.808417e+01 |   2.800290e+01 |  -1.400000e+00 |
|   9.600000e-02 |       6.092547e-01 |       6.051678e-01 |   2.808325e+01 |   2.800287e+01 |  -1.400000e+00 |
+----------------+--------------------+--------------------+----------------+----------------+----------------+


Time Step 49, time = 0.098, dt = 0.002
 * Nonlinear |R| = [32m3.150967e-02[39m (Before preset BCs, predictors, correctors, and constraints)
 0 Nonlinear |R| = [32m3.150967e-02[39m
      0 Linear |R| = [32m3.150967e-02[39m
      1 Linear |R| = [32m2.120583e-03[39m
      2 Linear |R| = [33m2.072321e-03[39m
      3 Linear |R| = [33m1.997886e-03[39m
      4 Linear |R| = [32m8.255028e-04[39m
      5 Linear |R| = [32m3.310545e-04[39m
      6 Linear |R| = [32m7.649630e-05[39m
      7 Linear |R| = [32m5.776891e-05[39m
      8 Linear |R| = [32m3.184873e-05[39m
      9 Linear |R| = [32m1.361033e-05[39m
     10 Linear |R| = [32m8.490484e-06[39m
     11 Linear |R| = [32m3.192177e-06[39m
     12 Linear |R| = [32m1.171028e-06[39m
     13 Linear |R| = [33m1.134863e-06[39m
     14 Linear |R| = [32m1.313176e-07[39m
     15 Linear |R| = [32m6.768705e-08[39m
     16 Linear |R| = [32m1.585867e-08[39m
     17 Linear |R| = [33m1.541277e-08[39m
     18 Linear |R| = [32m2.423559e-09[39m
     19 Linear |R| = [32m3.028996e-10[39m
     20 Linear |R| = [32m2.874683e-11[39m
 1 Nonlinear |R| = [32m4.601094e-06[39m
      0 Linear |R| = [32m4.601094e-06[39m
      1 Linear |R| = [32m1.676048e-07[39m
      2 Linear |R| = [33m1.672004e-07[39m
      3 Linear |R| = [32m1.191566e-07[39m
      4 Linear |R| = [32m2.584937e-08[39m
      5 Linear |R| = [32m1.430454e-08[39m
      6 Linear |R| = [32m4.942678e-09[39m
      7 Linear |R| = [33m4.804104e-09[39m
      8 Linear |R| = [32m1.698250e-09[39m
      9 Linear |R| = [32m7.576923e-10[39m
     10 Linear |R| = [32m4.737462e-10[39m
     11 Linear |R| = [32m1.841267e-10[39m
     12 Linear |R| = [32m1.155640e-10[39m
     13 Linear |R| = [32m7.040081e-11[39m
     14 Linear |R| = [32m1.153278e-11[39m
     15 Linear |R| = [32m4.912839e-12[39m
     16 Linear |R| = [32m1.195729e-12[39m
     17 Linear |R| = [32m1.097769e-12[39m
     18 Linear |R| = [32m1.229109e-13[39m
     19 Linear |R| = [32m1.524686e-14[39m
     20 Linear |R| = [32m6.530483e-15[39m
     21 Linear |R| = [32m1.188154e-15[39m
 2 Nonlinear |R| = [32m8.789277e-12[39m
[32m Solve Converged![39m

Postprocessor Values:
+----------------+----------------+----------------+----------------+----------------+----------------+----------------+
| time           | J_max          | J_min          | Jbar_max       | Jbar_min       | center_pressure| edge_ux        |
+----------------+----------------+----------------+----------------+----------------+----------------+----------------+
:                :                :                :                :                :                :                :
|   7.000000e-02 |   9.813813e-01 |   9.735270e-01 |   9.895891e-01 |   9.878934e-01 |   1.337787e-01 |   6.853482e-03 |
|   7.200000e-02 |   9.812841e-01 |   9.735036e-01 |   9.895708e-01 |   9.878837e-01 |   1.322645e-01 |   6.768633e-03 |
|   7.400000e-02 |   9.811875e-01 |   9.734802e-01 |   9.895528e-01 |   9.878743e-01 |   1.307692e-01 |   6.684770e-03 |
|   7.600000e-02 |   9.810917e-01 |   9.734571e-01 |   9.895350e-01 |   9.878649e-01 |   1.292924e-01 |   6.601878e-03 |
|   7.800000e-02 |   9.809968e-01 |   9.734341e-01 |   9.895174e-01 |   9.878558e-01 |   1.278335e-01 |   6.519943e-03 |
|   8.000000e-02 |   9.809026e-01 |   9.734112e-01 |   9.895001e-01 |   9.878468e-01 |   1.263922e-01 |   6.438952e-03 |
|   8.200000e-02 |   9.808093e-01 |   9.733885e-01 |   9.894829e-01 |   9.878379e-01 |   1.249682e-01 |   6.358891e-03 |
|   8.400000e-02 |   9.807168e-01 |   9.733660e-01 |   9.894660e-01 |   9.878292e-01 |   1.235609e-01 |   6.279748e-03 |
|   8.600000e-02 |   9.806251e-01 |   9.733436e-01 |   9.894493e-01 |   9.878206e-01 |   1.221702e-01 |   6.201510e-03 |
|   8.800000e-02 |   9.805344e-01 |   9.733215e-01 |   9.894328e-01 |   9.878122e-01 |   1.207957e-01 |   6.124165e-03 |
|   9.000000e-02 |   9.804445e-01 |   9.732995e-01 |   9.894166e-01 |   9.878038e-01 |   1.194371e-01 |   6.047703e-03 |
|   9.200000e-02 |   9.803554e-01 |   9.732777e-01 |   9.894005e-01 |   9.877956e-01 |   1.180942e-01 |   5.972111e-03 |
|   9.400000e-02 |   9.802673e-01 |   9.732562e-01 |   9.893846e-01 |   9.877875e-01 |   1.167666e-01 |   5.897378e-03 |
|   9.600000e-02 |   9.801801e-01 |   9.732348e-01 |   9.893689e-01 |   9.877796e-01 |   1.154542e-01 |   5.823494e-03 |
|   9.800000e-02 |   9.800937e-01 |   9.732136e-01 |   9.893534e-01 |   9.877717e-01 |   1.141567e-01 |   5.750449e-03 |
+----------------+----------------+----------------+----------------+----------------+----------------+----------------+
+----------------+----------------+----------------+------------------+----------------+----------------+
| time           | mass           | mass_reaction  | outflow_gradient | platen_max     | platen_min     |
+----------------+----------------+----------------+------------------+----------------+----------------+
:                :                :                :                  :                :                :
|   7.000000e-02 |   1.568539e+00 |  -3.059617e-01 |     1.607999e-01 |  -5.665606e-02 |  -5.665606e-02 |
|   7.200000e-02 |   1.567934e+00 |  -3.022044e-01 |     1.588482e-01 |  -5.673936e-02 |  -5.673936e-02 |
|   7.400000e-02 |   1.567337e+00 |  -2.985242e-01 |     1.569347e-01 |  -5.682166e-02 |  -5.682166e-02 |
|   7.600000e-02 |   1.566747e+00 |  -2.949163e-01 |     1.550571e-01 |  -5.690297e-02 |  -5.690297e-02 |
|   7.800000e-02 |   1.566165e+00 |  -2.913763e-01 |     1.532132e-01 |  -5.698332e-02 |  -5.698332e-02 |
|   8.000000e-02 |   1.565589e+00 |  -2.879004e-01 |     1.514013e-01 |  -5.706272e-02 |  -5.706272e-02 |
|   8.200000e-02 |   1.565020e+00 |  -2.844850e-01 |     1.496196e-01 |  -5.714119e-02 |  -5.714119e-02 |
|   8.400000e-02 |   1.564458e+00 |  -2.811269e-01 |     1.478667e-01 |  -5.721875e-02 |  -5.721875e-02 |
|   8.600000e-02 |   1.563902e+00 |  -2.778234e-01 |     1.461412e-01 |  -5.729540e-02 |  -5.729540e-02 |
|   8.800000e-02 |   1.563353e+00 |  -2.745719e-01 |     1.444420e-01 |  -5.737117e-02 |  -5.737117e-02 |
|   9.000000e-02 |   1.562810e+00 |  -2.713700e-01 |     1.427678e-01 |  -5.744607e-02 |  -5.744607e-02 |
|   9.200000e-02 |   1.562274e+00 |  -2.682157e-01 |     1.411178e-01 |  -5.752010e-02 |  -5.752010e-02 |
|   9.400000e-02 |   1.561743e+00 |  -2.651071e-01 |     1.394910e-01 |  -5.759329e-02 |  -5.759329e-02 |
|   9.600000e-02 |   1.561219e+00 |  -2.620425e-01 |     1.378866e-01 |  -5.766564e-02 |  -5.766564e-02 |
|   9.800000e-02 |   1.560701e+00 |  -2.590203e-01 |     1.363039e-01 |  -5.773717e-02 |  -5.773717e-02 |
+----------------+----------------+----------------+------------------+----------------+----------------+
+----------------+--------------------+--------------------+----------------+----------------+----------------+
| time           | solid_fraction_max | solid_fraction_min | stability_max  | stability_min  | top_reaction   |
+----------------+--------------------+--------------------+----------------+----------------+----------------+
:                :                    :                    :                :                :                :
|   7.000000e-02 |       6.091432e-01 |       6.044909e-01 |   2.809589e+01 |   2.800334e+01 |  -1.400000e+00 |
|   7.200000e-02 |       6.091522e-01 |       6.045454e-01 |   2.809488e+01 |   2.800330e+01 |  -1.400000e+00 |
|   7.400000e-02 |       6.091611e-01 |       6.045995e-01 |   2.809388e+01 |   2.800326e+01 |  -1.400000e+00 |
|   7.600000e-02 |       6.091700e-01 |       6.046533e-01 |   2.809287e+01 |   2.800322e+01 |  -1.400000e+00 |
|   7.800000e-02 |       6.091787e-01 |       6.047067e-01 |   2.809188e+01 |   2.800318e+01 |  -1.400000e+00 |
|   8.000000e-02 |       6.091875e-01 |       6.047597e-01 |   2.809089e+01 |   2.800315e+01 |  -1.400000e+00 |
|   8.200000e-02 |       6.091961e-01 |       6.048123e-01 |   2.808991e+01 |   2.800311e+01 |  -1.400000e+00 |
|   8.400000e-02 |       6.092047e-01 |       6.048645e-01 |   2.808893e+01 |   2.800307e+01 |  -1.400000e+00 |
|   8.600000e-02 |       6.092132e-01 |       6.049162e-01 |   2.808796e+01 |   2.800304e+01 |  -1.400000e+00 |
|   8.800000e-02 |       6.092217e-01 |       6.049674e-01 |   2.808700e+01 |   2.800300e+01 |  -1.400000e+00 |
|   9.000000e-02 |       6.092300e-01 |       6.050182e-01 |   2.808605e+01 |   2.800297e+01 |  -1.400000e+00 |
|   9.200000e-02 |       6.092383e-01 |       6.050685e-01 |   2.808511e+01 |   2.800293e+01 |  -1.400000e+00 |
|   9.400000e-02 |       6.092465e-01 |       6.051184e-01 |   2.808417e+01 |   2.800290e+01 |  -1.400000e+00 |
|   9.600000e-02 |       6.092547e-01 |       6.051678e-01 |   2.808325e+01 |   2.800287e+01 |  -1.400000e+00 |
|   9.800000e-02 |       6.092627e-01 |       6.052167e-01 |   2.808233e+01 |   2.800283e+01 |  -1.400000e+00 |
+----------------+--------------------+--------------------+----------------+----------------+----------------+


Time Step 50, time = 0.1, dt = 0.002
 * Nonlinear |R| = [32m3.115177e-02[39m (Before preset BCs, predictors, correctors, and constraints)
 0 Nonlinear |R| = [32m3.115177e-02[39m
      0 Linear |R| = [32m3.115177e-02[39m
      1 Linear |R| = [32m2.096599e-03[39m
      2 Linear |R| = [33m2.048905e-03[39m
      3 Linear |R| = [33m1.975228e-03[39m
      4 Linear |R| = [32m8.156675e-04[39m
      5 Linear |R| = [32m3.272068e-04[39m
      6 Linear |R| = [32m7.583143e-05[39m
      7 Linear |R| = [32m5.938302e-05[39m
      8 Linear |R| = [32m3.150210e-05[39m
      9 Linear |R| = [32m1.344554e-05[39m
     10 Linear |R| = [32m8.387110e-06[39m
     11 Linear |R| = [32m3.152585e-06[39m
     12 Linear |R| = [32m1.145378e-06[39m
     13 Linear |R| = [33m1.119519e-06[39m
     14 Linear |R| = [32m1.295576e-07[39m
     15 Linear |R| = [32m6.673576e-08[39m
     16 Linear |R| = [32m1.562867e-08[39m
     17 Linear |R| = [33m1.507081e-08[39m
     18 Linear |R| = [32m2.392115e-09[39m
     19 Linear |R| = [32m2.992353e-10[39m
     20 Linear |R| = [32m2.820269e-11[39m
 1 Nonlinear |R| = [32m4.499591e-06[39m
      0 Linear |R| = [32m4.499591e-06[39m
      1 Linear |R| = [32m1.631565e-07[39m
      2 Linear |R| = [33m1.627791e-07[39m
      3 Linear |R| = [32m1.172370e-07[39m
      4 Linear |R| = [32m2.442912e-08[39m
      5 Linear |R| = [32m9.445442e-09[39m
      6 Linear |R| = [32m4.785981e-09[39m
      7 Linear |R| = [33m4.704964e-09[39m
      8 Linear |R| = [32m1.766198e-09[39m
      9 Linear |R| = [32m7.407642e-10[39m
     10 Linear |R| = [32m4.602282e-10[39m
     11 Linear |R| = [32m1.825299e-10[39m
     12 Linear |R| = [32m1.110512e-10[39m
     13 Linear |R| = [32m7.313594e-11[39m
     14 Linear |R| = [32m1.148510e-11[39m
     15 Linear |R| = [32m5.073635e-12[39m
     16 Linear |R| = [32m1.170500e-12[39m
     17 Linear |R| = [32m1.099780e-12[39m
     18 Linear |R| = [32m1.243009e-13[39m
     19 Linear |R| = [32m1.466549e-14[39m
     20 Linear |R| = [32m6.758547e-15[39m
     21 Linear |R| = [32m1.076100e-15[39m
 2 Nonlinear |R| = [32m8.079770e-12[39m
[32m Solve Converged![39m

Postprocessor Values:
+----------------+----------------+----------------+----------------+----------------+----------------+----------------+
| time           | J_max          | J_min          | Jbar_max       | Jbar_min       | center_pressure| edge_ux        |
+----------------+----------------+----------------+----------------+----------------+----------------+----------------+
:                :                :                :                :                :                :                :
|   7.200000e-02 |   9.812841e-01 |   9.735036e-01 |   9.895708e-01 |   9.878837e-01 |   1.322645e-01 |   6.768633e-03 |
|   7.400000e-02 |   9.811875e-01 |   9.734802e-01 |   9.895528e-01 |   9.878743e-01 |   1.307692e-01 |   6.684770e-03 |
|   7.600000e-02 |   9.810917e-01 |   9.734571e-01 |   9.895350e-01 |   9.878649e-01 |   1.292924e-01 |   6.601878e-03 |
|   7.800000e-02 |   9.809968e-01 |   9.734341e-01 |   9.895174e-01 |   9.878558e-01 |   1.278335e-01 |   6.519943e-03 |
|   8.000000e-02 |   9.809026e-01 |   9.734112e-01 |   9.895001e-01 |   9.878468e-01 |   1.263922e-01 |   6.438952e-03 |
|   8.200000e-02 |   9.808093e-01 |   9.733885e-01 |   9.894829e-01 |   9.878379e-01 |   1.249682e-01 |   6.358891e-03 |
|   8.400000e-02 |   9.807168e-01 |   9.733660e-01 |   9.894660e-01 |   9.878292e-01 |   1.235609e-01 |   6.279748e-03 |
|   8.600000e-02 |   9.806251e-01 |   9.733436e-01 |   9.894493e-01 |   9.878206e-01 |   1.221702e-01 |   6.201510e-03 |
|   8.800000e-02 |   9.805344e-01 |   9.733215e-01 |   9.894328e-01 |   9.878122e-01 |   1.207957e-01 |   6.124165e-03 |
|   9.000000e-02 |   9.804445e-01 |   9.732995e-01 |   9.894166e-01 |   9.878038e-01 |   1.194371e-01 |   6.047703e-03 |
|   9.200000e-02 |   9.803554e-01 |   9.732777e-01 |   9.894005e-01 |   9.877956e-01 |   1.180942e-01 |   5.972111e-03 |
|   9.400000e-02 |   9.802673e-01 |   9.732562e-01 |   9.893846e-01 |   9.877875e-01 |   1.167666e-01 |   5.897378e-03 |
|   9.600000e-02 |   9.801801e-01 |   9.732348e-01 |   9.893689e-01 |   9.877796e-01 |   1.154542e-01 |   5.823494e-03 |
|   9.800000e-02 |   9.800937e-01 |   9.732136e-01 |   9.893534e-01 |   9.877717e-01 |   1.141567e-01 |   5.750449e-03 |
|   1.000000e-01 |   9.800082e-01 |   9.731927e-01 |   9.893380e-01 |   9.877640e-01 |   1.128738e-01 |   5.678231e-03 |
+----------------+----------------+----------------+----------------+----------------+----------------+----------------+
+----------------+----------------+----------------+------------------+----------------+----------------+
| time           | mass           | mass_reaction  | outflow_gradient | platen_max     | platen_min     |
+----------------+----------------+----------------+------------------+----------------+----------------+
:                :                :                :                  :                :                :
|   7.200000e-02 |   1.567934e+00 |  -3.022044e-01 |     1.588482e-01 |  -5.673936e-02 |  -5.673936e-02 |
|   7.400000e-02 |   1.567337e+00 |  -2.985242e-01 |     1.569347e-01 |  -5.682166e-02 |  -5.682166e-02 |
|   7.600000e-02 |   1.566747e+00 |  -2.949163e-01 |     1.550571e-01 |  -5.690297e-02 |  -5.690297e-02 |
|   7.800000e-02 |   1.566165e+00 |  -2.913763e-01 |     1.532132e-01 |  -5.698332e-02 |  -5.698332e-02 |
|   8.000000e-02 |   1.565589e+00 |  -2.879004e-01 |     1.514013e-01 |  -5.706272e-02 |  -5.706272e-02 |
|   8.200000e-02 |   1.565020e+00 |  -2.844850e-01 |     1.496196e-01 |  -5.714119e-02 |  -5.714119e-02 |
|   8.400000e-02 |   1.564458e+00 |  -2.811269e-01 |     1.478667e-01 |  -5.721875e-02 |  -5.721875e-02 |
|   8.600000e-02 |   1.563902e+00 |  -2.778234e-01 |     1.461412e-01 |  -5.729540e-02 |  -5.729540e-02 |
|   8.800000e-02 |   1.563353e+00 |  -2.745719e-01 |     1.444420e-01 |  -5.737117e-02 |  -5.737117e-02 |
|   9.000000e-02 |   1.562810e+00 |  -2.713700e-01 |     1.427678e-01 |  -5.744607e-02 |  -5.744607e-02 |
|   9.200000e-02 |   1.562274e+00 |  -2.682157e-01 |     1.411178e-01 |  -5.752010e-02 |  -5.752010e-02 |
|   9.400000e-02 |   1.561743e+00 |  -2.651071e-01 |     1.394910e-01 |  -5.759329e-02 |  -5.759329e-02 |
|   9.600000e-02 |   1.561219e+00 |  -2.620425e-01 |     1.378866e-01 |  -5.766564e-02 |  -5.766564e-02 |
|   9.800000e-02 |   1.560701e+00 |  -2.590203e-01 |     1.363039e-01 |  -5.773717e-02 |  -5.773717e-02 |
|   1.000000e-01 |   1.560189e+00 |  -2.560391e-01 |     1.347421e-01 |  -5.780789e-02 |  -5.780789e-02 |
+----------------+----------------+----------------+------------------+----------------+----------------+
+----------------+--------------------+--------------------+----------------+----------------+----------------+
| time           | solid_fraction_max | solid_fraction_min | stability_max  | stability_min  | top_reaction   |
+----------------+--------------------+--------------------+----------------+----------------+----------------+
:                :                    :                    :                :                :                :
|   7.200000e-02 |       6.091522e-01 |       6.045454e-01 |   2.809488e+01 |   2.800330e+01 |  -1.400000e+00 |
|   7.400000e-02 |       6.091611e-01 |       6.045995e-01 |   2.809388e+01 |   2.800326e+01 |  -1.400000e+00 |
|   7.600000e-02 |       6.091700e-01 |       6.046533e-01 |   2.809287e+01 |   2.800322e+01 |  -1.400000e+00 |
|   7.800000e-02 |       6.091787e-01 |       6.047067e-01 |   2.809188e+01 |   2.800318e+01 |  -1.400000e+00 |
|   8.000000e-02 |       6.091875e-01 |       6.047597e-01 |   2.809089e+01 |   2.800315e+01 |  -1.400000e+00 |
|   8.200000e-02 |       6.091961e-01 |       6.048123e-01 |   2.808991e+01 |   2.800311e+01 |  -1.400000e+00 |
|   8.400000e-02 |       6.092047e-01 |       6.048645e-01 |   2.808893e+01 |   2.800307e+01 |  -1.400000e+00 |
|   8.600000e-02 |       6.092132e-01 |       6.049162e-01 |   2.808796e+01 |   2.800304e+01 |  -1.400000e+00 |
|   8.800000e-02 |       6.092217e-01 |       6.049674e-01 |   2.808700e+01 |   2.800300e+01 |  -1.400000e+00 |
|   9.000000e-02 |       6.092300e-01 |       6.050182e-01 |   2.808605e+01 |   2.800297e+01 |  -1.400000e+00 |
|   9.200000e-02 |       6.092383e-01 |       6.050685e-01 |   2.808511e+01 |   2.800293e+01 |  -1.400000e+00 |
|   9.400000e-02 |       6.092465e-01 |       6.051184e-01 |   2.808417e+01 |   2.800290e+01 |  -1.400000e+00 |
|   9.600000e-02 |       6.092547e-01 |       6.051678e-01 |   2.808325e+01 |   2.800287e+01 |  -1.400000e+00 |
|   9.800000e-02 |       6.092627e-01 |       6.052167e-01 |   2.808233e+01 |   2.800283e+01 |  -1.400000e+00 |
|   1.000000e-01 |       6.092707e-01 |       6.052651e-01 |   2.808142e+01 |   2.800280e+01 |  -1.400000e+00 |
+----------------+--------------------+--------------------+----------------+----------------+----------------+

Finished Executing                                                                       [[33m 85.05 s[39m] [[33m  153 MB[39m]
