
[36m
*** Info ***
'execute_on' parameter specified in [Outputs] block is ignored for object 'checkpoint'.
Define this object in its own sub-block of [Outputs] to modify its execution schedule.[39m
Framework Information:
MOOSE Version:           git commit abafb58b on 2026-02-20
LibMesh Version:         
PETSc Version:           3.24.4
SLEPc Version:           3.24.0
Current Time:            Sun Sep 20 14:50:22 2026
Executable Timestamp:    Sun Sep 20 14:26:45 2026

Input File(s):
  /home/jfoster/projects/research/reactive_transport/anisotropic-biot-tensor/.agent-runtime/moose-fe-goal-2026-09-20/implementation/runs/partial_0/input.i

Command Line Argument(s):
  --n-threads=1

Command Line Input Argument(s):
  Outputs/file_base=/home/jfoster/projects/research/reactive_transport/anisotropic-biot-tensor/.agent-runtime/moose-fe-goal-2026-09-20/implementation/runs/partial_0/solution

Checkpoint:
  Wall Time Interval:      Every 3600 s
  User Checkpoint:         Disabled
  # Checkpoints Kept:      2
  Execute On:              TIMESTEP_END 

Parallelism:
  Num Processors:          1
  Num Threads:             1

Mesh: 
  Parallel Type:           replicated
  Mesh Dimension:          2
  Spatial Dimension:       2
  Nodes:                   625
  Elems:                   144
  Num Subdomains:          1

Nonlinear System:
  Num DOFs:                1419
  Num Local DOFs:          1419
  Variables:               { "ux" "uy" } "p" 
  Finite Element Types:    "LAGRANGE" "LAGRANGE" 
  Approximation Orders:    "SECOND" "FIRST" 

Auxiliary System:
  Num DOFs:                2090
  Num Local DOFs:          2090
  Variables:               { "J" "Jbar" "solid_fraction" "stability" "energy" "B12" "sigma11" "sigma22" 
                             "sigma12" } "mass_reaction" "force_reaction" 
  Finite Element Types:    "MONOMIAL" "LAGRANGE" "LAGRANGE" 
  Approximation Orders:    "CONSTANT" "FIRST" "SECOND" 

Execution Information:
  Executioner:             Transient
  TimeStepper:             ConstantDT
  TimeIntegrator(s):       ImplicitEuler
  Solver Mode:             Preconditioned JFNK 
  PETSc Preconditioner:    lu 
  MOOSE Preconditioner:    SMP 
[31mLEGACY MODES ENABLED:[39m
 This application uses the legacy material output option: material properties are output only on TIMESTEP_END, not INITIAL. To remove this message, set 'use_legacy_material_output' to false in this application. If there are gold output files that contain material property output for which output occurs on INITIAL, then these will generate diffs due to zero values being stored, and these tests should be re-golded.
[39m
[31mLEGACY MODES ENABLED:[39m
 This application uses the legacy initial residual evaluation behavior. The legacy behavior performs an often times redundant residual evaluation before the solution modifying objects are executed prior to the initial (0th nonlinear iteration) residual evaluation. The new behavior skips that redundant residual evaluation unless the parameter Executioner/use_pre_smo_residual is set to true. To remove this message and enable the new behavior, set the parameter 'use_legacy_initial_residual_evaluation_behavior' to false in *App.C. Some tests that rely on the side effects of the legacy behavior may fail/diff and should be re-golded.
[39m

Time Step 0, time = 0

Postprocessor Values:
+----------------+----------------+----------------+----------------+----------------+----------------+----------------+
| time           | J_max          | J_min          | Jbar_max       | Jbar_min       | center_pressure| edge_ux        |
+----------------+----------------+----------------+----------------+----------------+----------------+----------------+
|   0.000000e+00 |   1.000000e+00 |   1.000000e+00 |   1.000000e+00 |   1.000000e+00 |   0.000000e+00 |   0.000000e+00 |
+----------------+----------------+----------------+----------------+----------------+----------------+----------------+
+----------------+----------------+----------------+------------------+----------------+----------------+
| time           | mass           | mass_reaction  | outflow_gradient | platen_max     | platen_min     |
+----------------+----------------+----------------+------------------+----------------+----------------+
|   0.000000e+00 |   1.600000e+00 |   0.000000e+00 |     0.000000e+00 |   0.000000e+00 |   0.000000e+00 |
+----------------+----------------+----------------+------------------+----------------+----------------+
+----------------+--------------------+--------------------+----------------+----------------+----------------+
| time           | solid_fraction_max | solid_fraction_min | stability_max  | stability_min  | top_reaction   |
+----------------+--------------------+--------------------+----------------+----------------+----------------+
|   0.000000e+00 |       6.000000e-01 |       6.000000e-01 |   2.800000e+01 |   2.800000e+01 |   0.000000e+00 |
+----------------+--------------------+--------------------+----------------+----------------+----------------+

Warning, Exodus files cannot have titles longer than 80 characters.  Your title will be truncated.

Time Step 1, time = 0.001, dt = 0.001
 * Nonlinear |R| = [32m7.000000e-01[39m (Before preset BCs, predictors, correctors, and constraints)
 0 Nonlinear |R| = [32m7.000000e-01[39m
      0 Linear |R| = [32m7.000000e-01[39m
      1 Linear |R| = [33m6.880943e-01[39m
      2 Linear |R| = [32m2.346724e-01[39m
      3 Linear |R| = [32m1.931426e-02[39m
      4 Linear |R| = [32m3.344018e-03[39m
      5 Linear |R| = [33m3.225128e-03[39m
      6 Linear |R| = [32m2.232535e-03[39m
      7 Linear |R| = [32m6.392348e-04[39m
      8 Linear |R| = [32m3.376422e-04[39m
      9 Linear |R| = [32m1.630394e-04[39m
     10 Linear |R| = [32m9.093077e-05[39m
     11 Linear |R| = [32m4.041524e-05[39m
     12 Linear |R| = [32m2.797618e-05[39m
     13 Linear |R| = [32m6.930194e-06[39m
     14 Linear |R| = [32m3.400168e-06[39m
     15 Linear |R| = [32m2.336376e-06[39m
     16 Linear |R| = [32m1.489743e-06[39m
     17 Linear |R| = [32m4.831743e-07[39m
     18 Linear |R| = [32m2.828911e-07[39m
     19 Linear |R| = [32m6.327704e-08[39m
     20 Linear |R| = [32m4.690394e-08[39m
     21 Linear |R| = [32m3.742234e-08[39m
     22 Linear |R| = [32m1.369998e-08[39m
     23 Linear |R| = [32m3.870124e-09[39m
     24 Linear |R| = [32m2.609339e-09[39m
     25 Linear |R| = [32m1.199159e-09[39m
     26 Linear |R| = [32m4.001610e-10[39m
 1 Nonlinear |R| = [32m2.069847e-02[39m
      0 Linear |R| = [32m2.069847e-02[39m
      1 Linear |R| = [32m1.138876e-02[39m
      2 Linear |R| = [32m9.293267e-03[39m
      3 Linear |R| = [32m3.826675e-03[39m
      4 Linear |R| = [32m3.240084e-04[39m
      5 Linear |R| = [32m5.172486e-05[39m
      6 Linear |R| = [33m5.034495e-05[39m
      7 Linear |R| = [32m3.307940e-05[39m
      8 Linear |R| = [32m9.644408e-06[39m
      9 Linear |R| = [32m4.758317e-06[39m
     10 Linear |R| = [32m2.474997e-06[39m
     11 Linear |R| = [33m2.354816e-06[39m
     12 Linear |R| = [32m5.521653e-07[39m
     13 Linear |R| = [32m3.789640e-07[39m
     14 Linear |R| = [32m1.009845e-07[39m
     15 Linear |R| = [32m4.404768e-08[39m
     16 Linear |R| = [33m4.381546e-08[39m
     17 Linear |R| = [32m2.180348e-08[39m
     18 Linear |R| = [32m5.866069e-09[39m
     19 Linear |R| = [32m3.507890e-09[39m
     20 Linear |R| = [32m6.932221e-10[39m
     21 Linear |R| = [33m6.920626e-10[39m
     22 Linear |R| = [32m4.288757e-10[39m
     23 Linear |R| = [32m1.115744e-10[39m
     24 Linear |R| = [32m3.948468e-11[39m
     25 Linear |R| = [32m2.656768e-11[39m
     26 Linear |R| = [32m2.490361e-11[39m
     27 Linear |R| = [32m4.187526e-12[39m
 2 Nonlinear |R| = [32m3.306961e-06[39m
      0 Linear |R| = [32m3.306961e-06[39m
      1 Linear |R| = [32m2.257532e-06[39m
      2 Linear |R| = [32m1.835190e-06[39m
      3 Linear |R| = [32m7.642554e-07[39m
      4 Linear |R| = [32m6.477626e-08[39m
      5 Linear |R| = [32m1.002499e-08[39m
      6 Linear |R| = [33m1.002066e-08[39m
      7 Linear |R| = [32m6.679257e-09[39m
      8 Linear |R| = [32m1.941906e-09[39m
      9 Linear |R| = [32m9.627516e-10[39m
     10 Linear |R| = [32m4.931311e-10[39m
     11 Linear |R| = [32m4.023136e-10[39m
     12 Linear |R| = [32m1.140703e-10[39m
     13 Linear |R| = [32m7.850543e-11[39m
     14 Linear |R| = [32m2.057564e-11[39m
     15 Linear |R| = [32m8.991825e-12[39m
     16 Linear |R| = [32m8.312205e-12[39m
     17 Linear |R| = [32m4.440361e-12[39m
     18 Linear |R| = [32m1.199342e-12[39m
     19 Linear |R| = [32m7.128918e-13[39m
     20 Linear |R| = [32m1.361326e-13[39m
     21 Linear |R| = [33m1.341052e-13[39m
     22 Linear |R| = [32m8.647755e-14[39m
     23 Linear |R| = [32m2.259578e-14[39m
     24 Linear |R| = [32m7.910480e-15[39m
     25 Linear |R| = [32m5.242929e-15[39m
     26 Linear |R| = [32m4.092337e-15[39m
     27 Linear |R| = [32m8.458030e-16[39m
 3 Nonlinear |R| = [32m1.448940e-11[39m
[32m Solve Converged![39m

Postprocessor Values:
+----------------+----------------+----------------+----------------+----------------+----------------+----------------+
| time           | J_max          | J_min          | Jbar_max       | Jbar_min       | center_pressure| edge_ux        |
+----------------+----------------+----------------+----------------+----------------+----------------+----------------+
|   0.000000e+00 |   1.000000e+00 |   1.000000e+00 |   1.000000e+00 |   1.000000e+00 |   0.000000e+00 |   0.000000e+00 |
|   1.000000e-03 |   9.924195e-01 |   9.876946e-01 |   9.952509e-01 |   9.947172e-01 |   1.005170e-01 |   4.306577e-03 |
+----------------+----------------+----------------+----------------+----------------+----------------+----------------+
+----------------+----------------+----------------+------------------+----------------+----------------+
| time           | mass           | mass_reaction  | outflow_gradient | platen_max     | platen_min     |
+----------------+----------------+----------------+------------------+----------------+----------------+
|   0.000000e+00 |   1.600000e+00 |   0.000000e+00 |     0.000000e+00 |   0.000000e+00 |   0.000000e+00 |
|   1.000000e-03 |   1.599312e+00 |  -6.875188e-01 |     2.464532e-01 |  -2.082408e-02 |  -2.082408e-02 |
+----------------+----------------+----------------+------------------+----------------+----------------+
+----------------+--------------------+--------------------+----------------+----------------+----------------+
| time           | solid_fraction_max | solid_fraction_min | stability_max  | stability_min  | top_reaction   |
+----------------+--------------------+--------------------+----------------+----------------+----------------+
|   0.000000e+00 |       6.000000e-01 |       6.000000e-01 |   2.800000e+01 |   2.800000e+01 |   0.000000e+00 |
|   1.000000e-03 |       6.043080e-01 |       6.016948e-01 |   2.805847e+01 |   2.800526e+01 |  -7.000000e-01 |
+----------------+--------------------+--------------------+----------------+----------------+----------------+


Time Step 2, time = 0.002, dt = 0.001
 * Nonlinear |R| = [32m7.139707e-01[39m (Before preset BCs, predictors, correctors, and constraints)
 0 Nonlinear |R| = [32m7.139707e-01[39m
      0 Linear |R| = [32m7.139707e-01[39m
      1 Linear |R| = [33m7.123050e-01[39m
      2 Linear |R| = [32m5.778094e-01[39m
      3 Linear |R| = [32m2.627346e-01[39m
      4 Linear |R| = [32m2.228542e-02[39m
      5 Linear |R| = [32m3.254290e-03[39m
      6 Linear |R| = [32m2.344058e-03[39m
      7 Linear |R| = [32m2.219188e-03[39m
      8 Linear |R| = [32m6.576959e-04[39m
      9 Linear |R| = [32m3.220164e-04[39m
     10 Linear |R| = [32m1.652600e-04[39m
     11 Linear |R| = [32m4.670899e-05[39m
     12 Linear |R| = [32m3.740397e-05[39m
     13 Linear |R| = [32m2.573291e-05[39m
     14 Linear |R| = [32m6.925650e-06[39m
     15 Linear |R| = [32m2.941745e-06[39m
     16 Linear |R| = [32m1.548968e-06[39m
     17 Linear |R| = [32m1.460382e-06[39m
     18 Linear |R| = [32m3.980002e-07[39m
     19 Linear |R| = [32m2.390216e-07[39m
     20 Linear |R| = [32m4.468928e-08[39m
     21 Linear |R| = [32m3.150650e-08[39m
     22 Linear |R| = [32m2.885152e-08[39m
     23 Linear |R| = [32m7.481341e-09[39m
     24 Linear |R| = [32m2.649825e-09[39m
     25 Linear |R| = [32m1.750520e-09[39m
     26 Linear |R| = [32m5.689434e-10[39m
 1 Nonlinear |R| = [32m2.008209e-02[39m
      0 Linear |R| = [32m2.008209e-02[39m
      1 Linear |R| = [32m1.115467e-02[39m
      2 Linear |R| = [32m9.133021e-03[39m
      3 Linear |R| = [32m3.479598e-03[39m
      4 Linear |R| = [32m3.003230e-04[39m
      5 Linear |R| = [32m4.696799e-05[39m
      6 Linear |R| = [33m4.588851e-05[39m
      7 Linear |R| = [32m3.005850e-05[39m
      8 Linear |R| = [32m8.666713e-06[39m
      9 Linear |R| = [32m4.187657e-06[39m
     10 Linear |R| = [32m2.158797e-06[39m
     11 Linear |R| = [33m2.051288e-06[39m
     12 Linear |R| = [32m4.711059e-07[39m
     13 Linear |R| = [32m3.176644e-07[39m
     14 Linear |R| = [32m8.575538e-08[39m
     15 Linear |R| = [32m3.551069e-08[39m
     16 Linear |R| = [33m3.534536e-08[39m
     17 Linear |R| = [32m1.847084e-08[39m
     18 Linear |R| = [32m4.548942e-09[39m
     19 Linear |R| = [32m2.759791e-09[39m
     20 Linear |R| = [32m5.053213e-10[39m
     21 Linear |R| = [33m4.924015e-10[39m
     22 Linear |R| = [32m3.098687e-10[39m
     23 Linear |R| = [32m3.729853e-11[39m
     24 Linear |R| = [32m2.349554e-11[39m
     25 Linear |R| = [32m9.274423e-12[39m
 2 Nonlinear |R| = [32m3.094212e-06[39m
      0 Linear |R| = [32m3.094212e-06[39m
      1 Linear |R| = [32m2.128275e-06[39m
      2 Linear |R| = [32m1.737060e-06[39m
      3 Linear |R| = [32m6.688685e-07[39m
      4 Linear |R| = [32m5.776862e-08[39m
      5 Linear |R| = [32m8.763350e-09[39m
      6 Linear |R| = [33m8.762405e-09[39m
      7 Linear |R| = [32m5.831935e-09[39m
      8 Linear |R| = [32m1.680706e-09[39m
      9 Linear |R| = [32m8.159109e-10[39m
     10 Linear |R| = [32m4.154085e-10[39m
     11 Linear |R| = [32m3.436029e-10[39m
     12 Linear |R| = [32m9.402417e-11[39m
     13 Linear |R| = [32m6.371271e-11[39m
     14 Linear |R| = [32m1.684455e-11[39m
     15 Linear |R| = [32m6.960416e-12[39m
     16 Linear |R| = [32m6.309364e-12[39m
     17 Linear |R| = [32m3.624355e-12[39m
     18 Linear |R| = [32m8.939446e-13[39m
     19 Linear |R| = [32m5.396968e-13[39m
     20 Linear |R| = [32m9.160014e-14[39m
     21 Linear |R| = [33m8.972907e-14[39m
     22 Linear |R| = [32m6.004185e-14[39m
     23 Linear |R| = [32m7.639314e-15[39m
     24 Linear |R| = [32m5.144617e-15[39m
     25 Linear |R| = [32m1.648220e-15[39m
 3 Nonlinear |R| = [32m1.125551e-11[39m
[32m Solve Converged![39m

Postprocessor Values:
+----------------+----------------+----------------+----------------+----------------+----------------+----------------+
| time           | J_max          | J_min          | Jbar_max       | Jbar_min       | center_pressure| edge_ux        |
+----------------+----------------+----------------+----------------+----------------+----------------+----------------+
|   0.000000e+00 |   1.000000e+00 |   1.000000e+00 |   1.000000e+00 |   1.000000e+00 |   0.000000e+00 |   0.000000e+00 |
|   1.000000e-03 |   9.924195e-01 |   9.876946e-01 |   9.952509e-01 |   9.947172e-01 |   1.005170e-01 |   4.306577e-03 |
|   2.000000e-03 |   9.849195e-01 |   9.754865e-01 |   9.905800e-01 |   9.895670e-01 |   2.002191e-01 |   8.338531e-03 |
+----------------+----------------+----------------+----------------+----------------+----------------+----------------+
+----------------+----------------+----------------+------------------+----------------+----------------+
| time           | mass           | mass_reaction  | outflow_gradient | platen_max     | platen_min     |
+----------------+----------------+----------------+------------------+----------------+----------------+
|   0.000000e+00 |   1.600000e+00 |   0.000000e+00 |     0.000000e+00 |   0.000000e+00 |   0.000000e+00 |
|   1.000000e-03 |   1.599312e+00 |  -6.875188e-01 |     2.464532e-01 |  -2.082408e-02 |  -2.082408e-02 |
|   2.000000e-03 |   1.598258e+00 |  -1.054491e+00 |     4.330742e-01 |  -4.111086e-02 |  -4.111086e-02 |
+----------------+----------------+----------------+------------------+----------------+----------------+
+----------------+--------------------+--------------------+----------------+----------------+----------------+
| time           | solid_fraction_max | solid_fraction_min | stability_max  | stability_min  | top_reaction   |
+----------------+--------------------+--------------------+----------------+----------------+----------------+
|   0.000000e+00 |       6.000000e-01 |       6.000000e-01 |   2.800000e+01 |   2.800000e+01 |   0.000000e+00 |
|   1.000000e-03 |       6.043080e-01 |       6.016948e-01 |   2.805847e+01 |   2.800526e+01 |  -7.000000e-01 |
|   2.000000e-03 |       6.086903e-01 |       6.033596e-01 |   2.811567e+01 |   2.800920e+01 |  -1.400000e+00 |
+----------------+--------------------+--------------------+----------------+----------------+----------------+


Time Step 3, time = 0.003, dt = 0.001
 * Nonlinear |R| = [32m2.115341e-01[39m (Before preset BCs, predictors, correctors, and constraints)
 0 Nonlinear |R| = [32m2.115341e-01[39m
      0 Linear |R| = [32m2.115341e-01[39m
      1 Linear |R| = [32m3.551690e-03[39m
      2 Linear |R| = [33m3.485150e-03[39m
      3 Linear |R| = [32m1.034877e-03[39m
      4 Linear |R| = [32m9.547824e-05[39m
      5 Linear |R| = [32m7.552039e-05[39m
      6 Linear |R| = [32m3.175129e-05[39m
      7 Linear |R| = [32m1.697288e-05[39m
      8 Linear |R| = [32m4.008859e-06[39m
      9 Linear |R| = [32m2.287371e-06[39m
     10 Linear |R| = [32m2.007961e-06[39m
     11 Linear |R| = [32m1.016100e-06[39m
     12 Linear |R| = [32m2.920574e-07[39m
     13 Linear |R| = [32m1.815538e-07[39m
     14 Linear |R| = [32m3.182432e-08[39m
     15 Linear |R| = [32m2.864515e-08[39m
     16 Linear |R| = [32m1.586250e-08[39m
     17 Linear |R| = [32m6.318921e-09[39m
     18 Linear |R| = [32m1.581777e-09[39m
     19 Linear |R| = [32m8.838138e-10[39m
     20 Linear |R| = [32m7.557267e-10[39m
     21 Linear |R| = [32m1.520637e-10[39m
 1 Nonlinear |R| = [32m3.608961e-04[39m
      0 Linear |R| = [32m3.608961e-04[39m
      1 Linear |R| = [32m2.331282e-06[39m
      2 Linear |R| = [33m2.322350e-06[39m
      3 Linear |R| = [32m6.622604e-07[39m
      4 Linear |R| = [32m6.706974e-08[39m
      5 Linear |R| = [33m6.706312e-08[39m
      6 Linear |R| = [32m2.411436e-08[39m
      7 Linear |R| = [32m1.177169e-08[39m
      8 Linear |R| = [32m2.708838e-09[39m
      9 Linear |R| = [32m1.615732e-09[39m
     10 Linear |R| = [33m1.614042e-09[39m
     11 Linear |R| = [32m6.725649e-10[39m
     12 Linear |R| = [32m2.006841e-10[39m
     13 Linear |R| = [32m1.215722e-10[39m
     14 Linear |R| = [32m2.343376e-11[39m
     15 Linear |R| = [33m2.254908e-11[39m
     16 Linear |R| = [32m1.074606e-11[39m
     17 Linear |R| = [32m4.121285e-12[39m
     18 Linear |R| = [32m1.091193e-12[39m
     19 Linear |R| = [32m6.394271e-13[39m
     20 Linear |R| = [33m6.371796e-13[39m
     21 Linear |R| = [32m1.154272e-13[39m
 2 Nonlinear |R| = [32m1.272575e-09[39m
      0 Linear |R| = [32m1.272575e-09[39m
      1 Linear |R| = [32m6.883380e-12[39m
      2 Linear |R| = [32m4.225734e-12[39m
      3 Linear |R| = [32m1.391329e-12[39m
      4 Linear |R| = [32m5.154567e-13[39m
      5 Linear |R| = [33m5.089044e-13[39m
      6 Linear |R| = [32m3.245792e-13[39m
      7 Linear |R| = [32m8.177644e-14[39m
      8 Linear |R| = [32m4.106004e-14[39m
      9 Linear |R| = [32m1.841210e-14[39m
     10 Linear |R| = [32m1.544903e-14[39m
     11 Linear |R| = [32m6.878178e-15[39m
     12 Linear |R| = [32m4.332638e-15[39m
     13 Linear |R| = [32m7.405406e-16[39m
     14 Linear |R| = [32m3.315063e-16[39m
     15 Linear |R| = [32m3.082363e-16[39m
     16 Linear |R| = [32m2.210712e-16[39m
     17 Linear |R| = [32m4.467797e-17[39m
     18 Linear |R| = [32m2.454615e-17[39m
     19 Linear |R| = [32m9.255209e-18[39m
     20 Linear |R| = [32m6.244011e-18[39m
     21 Linear |R| = [32m2.443794e-18[39m
     22 Linear |R| = [32m1.519735e-18[39m
     23 Linear |R| = [32m3.364216e-19[39m
 3 Nonlinear |R| = [32m1.023999e-13[39m
[32m Solve Converged![39m

Postprocessor Values:
+----------------+----------------+----------------+----------------+----------------+----------------+----------------+
| time           | J_max          | J_min          | Jbar_max       | Jbar_min       | center_pressure| edge_ux        |
+----------------+----------------+----------------+----------------+----------------+----------------+----------------+
|   0.000000e+00 |   1.000000e+00 |   1.000000e+00 |   1.000000e+00 |   1.000000e+00 |   0.000000e+00 |   0.000000e+00 |
|   1.000000e-03 |   9.924195e-01 |   9.876946e-01 |   9.952509e-01 |   9.947172e-01 |   1.005170e-01 |   4.306577e-03 |
|   2.000000e-03 |   9.849195e-01 |   9.754865e-01 |   9.905800e-01 |   9.895670e-01 |   2.002191e-01 |   8.338531e-03 |
|   3.000000e-03 |   9.850300e-01 |   9.751054e-01 |   9.905600e-01 |   9.895099e-01 |   2.005153e-01 |   8.117602e-03 |
+----------------+----------------+----------------+----------------+----------------+----------------+----------------+
+----------------+----------------+----------------+------------------+----------------+----------------+
| time           | mass           | mass_reaction  | outflow_gradient | platen_max     | platen_min     |
+----------------+----------------+----------------+------------------+----------------+----------------+
|   0.000000e+00 |   1.600000e+00 |   0.000000e+00 |     0.000000e+00 |   0.000000e+00 |   0.000000e+00 |
|   1.000000e-03 |   1.599312e+00 |  -6.875188e-01 |     2.464532e-01 |  -2.082408e-02 |  -2.082408e-02 |
|   2.000000e-03 |   1.598258e+00 |  -1.054491e+00 |     4.330742e-01 |  -4.111086e-02 |  -4.111086e-02 |
|   3.000000e-03 |   1.597557e+00 |  -7.009676e-01 |     3.565104e-01 |  -4.120727e-02 |  -4.120727e-02 |
+----------------+----------------+----------------+------------------+----------------+----------------+
+----------------+--------------------+--------------------+----------------+----------------+----------------+
| time           | solid_fraction_max | solid_fraction_min | stability_max  | stability_min  | top_reaction   |
+----------------+--------------------+--------------------+----------------+----------------+----------------+
|   0.000000e+00 |       6.000000e-01 |       6.000000e-01 |   2.800000e+01 |   2.800000e+01 |   0.000000e+00 |
|   1.000000e-03 |       6.043080e-01 |       6.016948e-01 |   2.805847e+01 |   2.800526e+01 |  -7.000000e-01 |
|   2.000000e-03 |       6.086903e-01 |       6.033596e-01 |   2.811567e+01 |   2.800920e+01 |  -1.400000e+00 |
|   3.000000e-03 |       6.088633e-01 |       6.033206e-01 |   2.811578e+01 |   2.800743e+01 |  -1.400000e+00 |
+----------------+--------------------+--------------------+----------------+----------------+----------------+


Time Step 4, time = 0.004, dt = 0.001
 * Nonlinear |R| = [32m1.312114e-01[39m (Before preset BCs, predictors, correctors, and constraints)
 0 Nonlinear |R| = [32m1.312114e-01[39m
      0 Linear |R| = [32m1.312114e-01[39m
      1 Linear |R| = [32m3.139680e-03[39m
      2 Linear |R| = [33m3.080943e-03[39m
      3 Linear |R| = [32m9.153110e-04[39m
      4 Linear |R| = [32m8.283042e-05[39m
      5 Linear |R| = [32m6.071323e-05[39m
      6 Linear |R| = [32m2.586116e-05[39m
      7 Linear |R| = [32m1.437147e-05[39m
      8 Linear |R| = [32m3.466158e-06[39m
      9 Linear |R| = [32m1.974084e-06[39m
     10 Linear |R| = [32m1.656783e-06[39m
     11 Linear |R| = [32m8.793900e-07[39m
     12 Linear |R| = [32m2.435758e-07[39m
     13 Linear |R| = [32m1.530506e-07[39m
     14 Linear |R| = [32m2.700214e-08[39m
     15 Linear |R| = [32m2.358267e-08[39m
     16 Linear |R| = [32m1.333330e-08[39m
     17 Linear |R| = [32m5.428699e-09[39m
     18 Linear |R| = [32m1.337983e-09[39m
     19 Linear |R| = [32m7.682454e-10[39m
     20 Linear |R| = [32m6.346990e-10[39m
     21 Linear |R| = [32m1.466540e-10[39m
     22 Linear |R| = [32m6.184527e-11[39m
 1 Nonlinear |R| = [32m1.225915e-04[39m
      0 Linear |R| = [32m1.225915e-04[39m
      1 Linear |R| = [32m1.237162e-06[39m
      2 Linear |R| = [33m1.234015e-06[39m
      3 Linear |R| = [32m3.500475e-07[39m
      4 Linear |R| = [32m3.410156e-08[39m
      5 Linear |R| = [33m3.368563e-08[39m
      6 Linear |R| = [32m1.234090e-08[39m
      7 Linear |R| = [32m6.154207e-09[39m
      8 Linear |R| = [32m1.411729e-09[39m
      9 Linear |R| = [32m8.225731e-10[39m
     10 Linear |R| = [33m8.178098e-10[39m
     11 Linear |R| = [32m3.520790e-10[39m
     12 Linear |R| = [32m1.020444e-10[39m
     13 Linear |R| = [32m6.231260e-11[39m
     14 Linear |R| = [32m1.113201e-11[39m
     15 Linear |R| = [33m1.113077e-11[39m
     16 Linear |R| = [32m5.432651e-12[39m
     17 Linear |R| = [32m2.125211e-12[39m
     18 Linear |R| = [32m5.435564e-13[39m
     19 Linear |R| = [32m3.146649e-13[39m
     20 Linear |R| = [33m3.057036e-13[39m
     21 Linear |R| = [32m6.445367e-14[39m
 2 Nonlinear |R| = [32m1.793757e-10[39m
      0 Linear |R| = [32m1.793757e-10[39m
      1 Linear |R| = [32m1.717762e-12[39m
      2 Linear |R| = [32m1.277729e-12[39m
      3 Linear |R| = [32m6.004387e-13[39m
      4 Linear |R| = [32m2.252079e-13[39m
      5 Linear |R| = [32m1.925168e-13[39m
      6 Linear |R| = [32m1.389185e-13[39m
      7 Linear |R| = [32m3.595690e-14[39m
      8 Linear |R| = [32m2.002713e-14[39m
      9 Linear |R| = [32m6.608080e-15[39m
     10 Linear |R| = [32m4.593652e-15[39m
     11 Linear |R| = [32m1.718137e-15[39m
     12 Linear |R| = [32m1.161656e-15[39m
     13 Linear |R| = [32m2.545286e-16[39m
     14 Linear |R| = [32m1.245772e-16[39m
     15 Linear |R| = [32m1.033923e-16[39m
     16 Linear |R| = [32m5.968132e-17[39m
     17 Linear |R| = [32m1.245229e-17[39m
     18 Linear |R| = [32m7.420815e-18[39m
     19 Linear |R| = [32m2.866738e-18[39m
     20 Linear |R| = [32m1.930955e-18[39m
     21 Linear |R| = [32m1.201807e-18[39m
     22 Linear |R| = [32m6.240626e-19[39m
     23 Linear |R| = [32m1.558380e-19[39m
 3 Nonlinear |R| = [32m8.998858e-14[39m
[32m Solve Converged![39m

Postprocessor Values:
+----------------+----------------+----------------+----------------+----------------+----------------+----------------+
| time           | J_max          | J_min          | Jbar_max       | Jbar_min       | center_pressure| edge_ux        |
+----------------+----------------+----------------+----------------+----------------+----------------+----------------+
|   0.000000e+00 |   1.000000e+00 |   1.000000e+00 |   1.000000e+00 |   1.000000e+00 |   0.000000e+00 |   0.000000e+00 |
|   1.000000e-03 |   9.924195e-01 |   9.876946e-01 |   9.952509e-01 |   9.947172e-01 |   1.005170e-01 |   4.306577e-03 |
|   2.000000e-03 |   9.849195e-01 |   9.754865e-01 |   9.905800e-01 |   9.895670e-01 |   2.002191e-01 |   8.338531e-03 |
|   3.000000e-03 |   9.850300e-01 |   9.751054e-01 |   9.905600e-01 |   9.895099e-01 |   2.005153e-01 |   8.117602e-03 |
|   4.000000e-03 |   9.851461e-01 |   9.749183e-01 |   9.905802e-01 |   9.894593e-01 |   2.004827e-01 |   7.965061e-03 |
+----------------+----------------+----------------+----------------+----------------+----------------+----------------+
+----------------+----------------+----------------+------------------+----------------+----------------+
| time           | mass           | mass_reaction  | outflow_gradient | platen_max     | platen_min     |
+----------------+----------------+----------------+------------------+----------------+----------------+
|   0.000000e+00 |   1.600000e+00 |   0.000000e+00 |     0.000000e+00 |   0.000000e+00 |   0.000000e+00 |
|   1.000000e-03 |   1.599312e+00 |  -6.875188e-01 |     2.464532e-01 |  -2.082408e-02 |  -2.082408e-02 |
|   2.000000e-03 |   1.598258e+00 |  -1.054491e+00 |     4.330742e-01 |  -4.111086e-02 |  -4.111086e-02 |
|   3.000000e-03 |   1.597557e+00 |  -7.009676e-01 |     3.565104e-01 |  -4.120727e-02 |  -4.120727e-02 |
|   4.000000e-03 |   1.596937e+00 |  -6.197163e-01 |     3.173477e-01 |  -4.129246e-02 |  -4.129246e-02 |
+----------------+----------------+----------------+------------------+----------------+----------------+
+----------------+--------------------+--------------------+----------------+----------------+----------------+
| time           | solid_fraction_max | solid_fraction_min | stability_max  | stability_min  | top_reaction   |
+----------------+--------------------+--------------------+----------------+----------------+----------------+
|   0.000000e+00 |       6.000000e-01 |       6.000000e-01 |   2.800000e+01 |   2.800000e+01 |   0.000000e+00 |
|   1.000000e-03 |       6.043080e-01 |       6.016948e-01 |   2.805847e+01 |   2.800526e+01 |  -7.000000e-01 |
|   2.000000e-03 |       6.086903e-01 |       6.033596e-01 |   2.811567e+01 |   2.800920e+01 |  -1.400000e+00 |
|   3.000000e-03 |       6.088633e-01 |       6.033206e-01 |   2.811578e+01 |   2.800743e+01 |  -1.400000e+00 |
|   4.000000e-03 |       6.089490e-01 |       6.032816e-01 |   2.811591e+01 |   2.800655e+01 |  -1.400000e+00 |
+----------------+--------------------+--------------------+----------------+----------------+----------------+


Time Step 5, time = 0.005, dt = 0.001
 * Nonlinear |R| = [32m9.842843e-02[39m (Before preset BCs, predictors, correctors, and constraints)
 0 Nonlinear |R| = [32m9.842843e-02[39m
      0 Linear |R| = [32m9.842843e-02[39m
      1 Linear |R| = [32m2.893975e-03[39m
      2 Linear |R| = [33m2.839909e-03[39m
      3 Linear |R| = [32m8.443002e-04[39m
      4 Linear |R| = [32m7.537066e-05[39m
      5 Linear |R| = [32m4.932971e-05[39m
      6 Linear |R| = [32m2.241470e-05[39m
      7 Linear |R| = [32m1.279068e-05[39m
      8 Linear |R| = [32m3.138063e-06[39m
      9 Linear |R| = [32m1.785802e-06[39m
     10 Linear |R| = [32m1.445741e-06[39m
     11 Linear |R| = [32m8.003315e-07[39m
     12 Linear |R| = [32m2.172439e-07[39m
     13 Linear |R| = [32m1.373239e-07[39m
     14 Linear |R| = [32m2.441268e-08[39m
     15 Linear |R| = [32m2.123331e-08[39m
     16 Linear |R| = [32m1.204691e-08[39m
     17 Linear |R| = [32m4.980324e-09[39m
     18 Linear |R| = [32m1.260736e-09[39m
     19 Linear |R| = [32m7.340611e-10[39m
     20 Linear |R| = [32m5.877525e-10[39m
     21 Linear |R| = [32m1.576804e-10[39m
     22 Linear |R| = [32m6.881682e-11[39m
 1 Nonlinear |R| = [32m6.324207e-05[39m
      0 Linear |R| = [32m6.324207e-05[39m
      1 Linear |R| = [32m8.005822e-07[39m
      2 Linear |R| = [33m7.983099e-07[39m
      3 Linear |R| = [32m2.268928e-07[39m
      4 Linear |R| = [32m2.163584e-08[39m
      5 Linear |R| = [33m2.101888e-08[39m
      6 Linear |R| = [32m7.596229e-09[39m
      7 Linear |R| = [32m3.901645e-09[39m
      8 Linear |R| = [32m9.131890e-10[39m
      9 Linear |R| = [32m5.312674e-10[39m
     10 Linear |R| = [33m5.250976e-10[39m
     11 Linear |R| = [32m2.247606e-10[39m
     12 Linear |R| = [32m6.279517e-11[39m
     13 Linear |R| = [32m3.873186e-11[39m
     14 Linear |R| = [32m6.914986e-12[39m
     15 Linear |R| = [33m6.884989e-12[39m
     16 Linear |R| = [32m3.396328e-12[39m
     17 Linear |R| = [32m1.329358e-12[39m
     18 Linear |R| = [32m3.284563e-13[39m
     19 Linear |R| = [32m1.907024e-13[39m
     20 Linear |R| = [33m1.814488e-13[39m
     21 Linear |R| = [32m4.234175e-14[39m
 2 Nonlinear |R| = [32m8.932412e-11[39m
[32m Solve Converged![39m

Postprocessor Values:
+----------------+----------------+----------------+----------------+----------------+----------------+----------------+
| time           | J_max          | J_min          | Jbar_max       | Jbar_min       | center_pressure| edge_ux        |
+----------------+----------------+----------------+----------------+----------------+----------------+----------------+
|   0.000000e+00 |   1.000000e+00 |   1.000000e+00 |   1.000000e+00 |   1.000000e+00 |   0.000000e+00 |   0.000000e+00 |
|   1.000000e-03 |   9.924195e-01 |   9.876946e-01 |   9.952509e-01 |   9.947172e-01 |   1.005170e-01 |   4.306577e-03 |
|   2.000000e-03 |   9.849195e-01 |   9.754865e-01 |   9.905800e-01 |   9.895670e-01 |   2.002191e-01 |   8.338531e-03 |
|   3.000000e-03 |   9.850300e-01 |   9.751054e-01 |   9.905600e-01 |   9.895099e-01 |   2.005153e-01 |   8.117602e-03 |
|   4.000000e-03 |   9.851461e-01 |   9.749183e-01 |   9.905802e-01 |   9.894593e-01 |   2.004827e-01 |   7.965061e-03 |
|   5.000000e-03 |   9.852385e-01 |   9.748140e-01 |   9.906094e-01 |   9.894326e-01 |   2.001262e-01 |   7.847122e-03 |
+----------------+----------------+----------------+----------------+----------------+----------------+----------------+
+----------------+----------------+----------------+------------------+----------------+----------------+
| time           | mass           | mass_reaction  | outflow_gradient | platen_max     | platen_min     |
+----------------+----------------+----------------+------------------+----------------+----------------+
|   0.000000e+00 |   1.600000e+00 |   0.000000e+00 |     0.000000e+00 |   0.000000e+00 |   0.000000e+00 |
|   1.000000e-03 |   1.599312e+00 |  -6.875188e-01 |     2.464532e-01 |  -2.082408e-02 |  -2.082408e-02 |
|   2.000000e-03 |   1.598258e+00 |  -1.054491e+00 |     4.330742e-01 |  -4.111086e-02 |  -4.111086e-02 |
|   3.000000e-03 |   1.597557e+00 |  -7.009676e-01 |     3.565104e-01 |  -4.120727e-02 |  -4.120727e-02 |
|   4.000000e-03 |   1.596937e+00 |  -6.197163e-01 |     3.173477e-01 |  -4.129246e-02 |  -4.129246e-02 |
|   5.000000e-03 |   1.596366e+00 |  -5.713368e-01 |     2.933493e-01 |  -4.137098e-02 |  -4.137098e-02 |
+----------------+----------------+----------------+------------------+----------------+----------------+
+----------------+--------------------+--------------------+----------------+----------------+----------------+
| time           | solid_fraction_max | solid_fraction_min | stability_max  | stability_min  | top_reaction   |
+----------------+--------------------+--------------------+----------------+----------------+----------------+
|   0.000000e+00 |       6.000000e-01 |       6.000000e-01 |   2.800000e+01 |   2.800000e+01 |   0.000000e+00 |
|   1.000000e-03 |       6.043080e-01 |       6.016948e-01 |   2.805847e+01 |   2.800526e+01 |  -7.000000e-01 |
|   2.000000e-03 |       6.086903e-01 |       6.033596e-01 |   2.811567e+01 |   2.800920e+01 |  -1.400000e+00 |
|   3.000000e-03 |       6.088633e-01 |       6.033206e-01 |   2.811578e+01 |   2.800743e+01 |  -1.400000e+00 |
|   4.000000e-03 |       6.089490e-01 |       6.032816e-01 |   2.811591e+01 |   2.800655e+01 |  -1.400000e+00 |
|   5.000000e-03 |       6.090005e-01 |       6.032629e-01 |   2.811608e+01 |   2.800603e+01 |  -1.400000e+00 |
+----------------+--------------------+--------------------+----------------+----------------+----------------+


Time Step 6, time = 0.006, dt = 0.001
 * Nonlinear |R| = [32m8.053268e-02[39m (Before preset BCs, predictors, correctors, and constraints)
 0 Nonlinear |R| = [32m8.053268e-02[39m
      0 Linear |R| = [32m8.053268e-02[39m
      1 Linear |R| = [32m2.726855e-03[39m
      2 Linear |R| = [33m2.675987e-03[39m
      3 Linear |R| = [32m7.961135e-04[39m
      4 Linear |R| = [32m7.049265e-05[39m
      5 Linear |R| = [32m4.375440e-05[39m
      6 Linear |R| = [32m2.015257e-05[39m
      7 Linear |R| = [32m1.171251e-05[39m
      8 Linear |R| = [32m2.911760e-06[39m
      9 Linear |R| = [32m1.655020e-06[39m
     10 Linear |R| = [32m1.210590e-06[39m
     11 Linear |R| = [32m7.473235e-07[39m
     12 Linear |R| = [32m2.011005e-07[39m
     13 Linear |R| = [32m1.276090e-07[39m
     14 Linear |R| = [32m2.280510e-08[39m
     15 Linear |R| = [32m1.864538e-08[39m
     16 Linear |R| = [32m1.139275e-08[39m
     17 Linear |R| = [32m4.747832e-09[39m
     18 Linear |R| = [32m1.257410e-09[39m
     19 Linear |R| = [32m7.344812e-10[39m
     20 Linear |R| = [32m5.154288e-10[39m
     21 Linear |R| = [32m1.711829e-10[39m
     22 Linear |R| = [32m7.593423e-11[39m
 1 Nonlinear |R| = [32m3.917308e-05[39m
      0 Linear |R| = [32m3.917308e-05[39m
      1 Linear |R| = [32m5.828708e-07[39m
      2 Linear |R| = [33m5.806966e-07[39m
      3 Linear |R| = [32m1.657446e-07[39m
      4 Linear |R| = [32m1.552612e-08[39m
      5 Linear |R| = [32m1.454033e-08[39m
      6 Linear |R| = [32m5.385954e-09[39m
      7 Linear |R| = [32m2.805149e-09[39m
      8 Linear |R| = [32m6.552225e-10[39m
      9 Linear |R| = [32m3.792639e-10[39m
     10 Linear |R| = [33m3.633329e-10[39m
     11 Linear |R| = [32m1.637864e-10[39m
     12 Linear |R| = [32m4.627582e-11[39m
     13 Linear |R| = [32m2.838199e-11[39m
     14 Linear |R| = [32m4.887083e-12[39m
     15 Linear |R| = [33m4.799420e-12[39m
     16 Linear |R| = [32m2.387533e-12[39m
     17 Linear |R| = [32m9.648434e-13[39m
     18 Linear |R| = [32m2.372312e-13[39m
     19 Linear |R| = [32m1.402612e-13[39m
     20 Linear |R| = [32m1.331856e-13[39m
     21 Linear |R| = [32m3.463283e-14[39m
 2 Nonlinear |R| = [32m5.328341e-11[39m
[32m Solve Converged![39m

Postprocessor Values:
+----------------+----------------+----------------+----------------+----------------+----------------+----------------+
| time           | J_max          | J_min          | Jbar_max       | Jbar_min       | center_pressure| edge_ux        |
+----------------+----------------+----------------+----------------+----------------+----------------+----------------+
|   0.000000e+00 |   1.000000e+00 |   1.000000e+00 |   1.000000e+00 |   1.000000e+00 |   0.000000e+00 |   0.000000e+00 |
|   1.000000e-03 |   9.924195e-01 |   9.876946e-01 |   9.952509e-01 |   9.947172e-01 |   1.005170e-01 |   4.306577e-03 |
|   2.000000e-03 |   9.849195e-01 |   9.754865e-01 |   9.905800e-01 |   9.895670e-01 |   2.002191e-01 |   8.338531e-03 |
|   3.000000e-03 |   9.850300e-01 |   9.751054e-01 |   9.905600e-01 |   9.895099e-01 |   2.005153e-01 |   8.117602e-03 |
|   4.000000e-03 |   9.851461e-01 |   9.749183e-01 |   9.905802e-01 |   9.894593e-01 |   2.004827e-01 |   7.965061e-03 |
|   5.000000e-03 |   9.852385e-01 |   9.748140e-01 |   9.906094e-01 |   9.894326e-01 |   2.001262e-01 |   7.847122e-03 |
|   6.000000e-03 |   9.852811e-01 |   9.747515e-01 |   9.906445e-01 |   9.894181e-01 |   1.994828e-01 |   7.749507e-03 |
+----------------+----------------+----------------+----------------+----------------+----------------+----------------+
+----------------+----------------+----------------+------------------+----------------+----------------+
| time           | mass           | mass_reaction  | outflow_gradient | platen_max     | platen_min     |
+----------------+----------------+----------------+------------------+----------------+----------------+
|   0.000000e+00 |   1.600000e+00 |   0.000000e+00 |     0.000000e+00 |   0.000000e+00 |   0.000000e+00 |
|   1.000000e-03 |   1.599312e+00 |  -6.875188e-01 |     2.464532e-01 |  -2.082408e-02 |  -2.082408e-02 |
|   2.000000e-03 |   1.598258e+00 |  -1.054491e+00 |     4.330742e-01 |  -4.111086e-02 |  -4.111086e-02 |
|   3.000000e-03 |   1.597557e+00 |  -7.009676e-01 |     3.565104e-01 |  -4.120727e-02 |  -4.120727e-02 |
|   4.000000e-03 |   1.596937e+00 |  -6.197163e-01 |     3.173477e-01 |  -4.129246e-02 |  -4.129246e-02 |
|   5.000000e-03 |   1.596366e+00 |  -5.713368e-01 |     2.933493e-01 |  -4.137098e-02 |  -4.137098e-02 |
|   6.000000e-03 |   1.595828e+00 |  -5.384460e-01 |     2.768176e-01 |  -4.144496e-02 |  -4.144496e-02 |
+----------------+----------------+----------------+------------------+----------------+----------------+
+----------------+--------------------+--------------------+----------------+----------------+----------------+
| time           | solid_fraction_max | solid_fraction_min | stability_max  | stability_min  | top_reaction   |
+----------------+--------------------+--------------------+----------------+----------------+----------------+
|   0.000000e+00 |       6.000000e-01 |       6.000000e-01 |   2.800000e+01 |   2.800000e+01 |   0.000000e+00 |
|   1.000000e-03 |       6.043080e-01 |       6.016948e-01 |   2.805847e+01 |   2.800526e+01 |  -7.000000e-01 |
|   2.000000e-03 |       6.086903e-01 |       6.033596e-01 |   2.811567e+01 |   2.800920e+01 |  -1.400000e+00 |
|   3.000000e-03 |       6.088633e-01 |       6.033206e-01 |   2.811578e+01 |   2.800743e+01 |  -1.400000e+00 |
|   4.000000e-03 |       6.089490e-01 |       6.032816e-01 |   2.811591e+01 |   2.800655e+01 |  -1.400000e+00 |
|   5.000000e-03 |       6.090005e-01 |       6.032629e-01 |   2.811608e+01 |   2.800603e+01 |  -1.400000e+00 |
|   6.000000e-03 |       6.090326e-01 |       6.032647e-01 |   2.811626e+01 |   2.800567e+01 |  -1.400000e+00 |
+----------------+--------------------+--------------------+----------------+----------------+----------------+


Time Step 7, time = 0.007, dt = 0.001
 * Nonlinear |R| = [32m6.924409e-02[39m (Before preset BCs, predictors, correctors, and constraints)
 0 Nonlinear |R| = [32m6.924409e-02[39m
      0 Linear |R| = [32m6.924409e-02[39m
      1 Linear |R| = [32m2.603443e-03[39m
      2 Linear |R| = [33m2.554957e-03[39m
      3 Linear |R| = [32m7.604902e-04[39m
      4 Linear |R| = [32m6.696050e-05[39m
      5 Linear |R| = [32m4.110973e-05[39m
      6 Linear |R| = [32m1.854922e-05[39m
      7 Linear |R| = [32m1.092032e-05[39m
      8 Linear |R| = [32m2.741934e-06[39m
      9 Linear |R| = [32m1.558142e-06[39m
     10 Linear |R| = [32m1.194979e-06[39m
     11 Linear |R| = [32m7.094632e-07[39m
     12 Linear |R| = [32m1.900800e-07[39m
     13 Linear |R| = [32m1.209762e-07[39m
     14 Linear |R| = [32m2.184453e-08[39m
     15 Linear |R| = [32m1.796153e-08[39m
     16 Linear |R| = [32m1.105914e-08[39m
     17 Linear |R| = [32m4.619050e-09[39m
     18 Linear |R| = [32m1.275663e-09[39m
     19 Linear |R| = [32m7.436653e-10[39m
     20 Linear |R| = [32m5.307585e-10[39m
     21 Linear |R| = [32m1.817179e-10[39m
     22 Linear |R| = [32m8.012439e-11[39m
     23 Linear |R| = [32m4.532638e-11[39m
 1 Nonlinear |R| = [32m2.694195e-05[39m
      0 Linear |R| = [32m2.694195e-05[39m
      1 Linear |R| = [32m4.548043e-07[39m
      2 Linear |R| = [33m4.541459e-07[39m
      3 Linear |R| = [32m1.282234e-07[39m
      4 Linear |R| = [32m1.198077e-08[39m
      5 Linear |R| = [32m1.114881e-08[39m
      6 Linear |R| = [32m4.183024e-09[39m
      7 Linear |R| = [32m2.181063e-09[39m
      8 Linear |R| = [32m5.222151e-10[39m
      9 Linear |R| = [32m3.030760e-10[39m
     10 Linear |R| = [33m2.902885e-10[39m
     11 Linear |R| = [32m1.268394e-10[39m
     12 Linear |R| = [32m3.511827e-11[39m
     13 Linear |R| = [32m2.157627e-11[39m
     14 Linear |R| = [32m3.744037e-12[39m
     15 Linear |R| = [33m3.636875e-12[39m
     16 Linear |R| = [32m1.852498e-12[39m
     17 Linear |R| = [32m7.536502e-13[39m
     18 Linear |R| = [32m1.896622e-13[39m
     19 Linear |R| = [32m1.129871e-13[39m
     20 Linear |R| = [32m1.000541e-13[39m
     21 Linear |R| = [32m3.024044e-14[39m
     22 Linear |R| = [32m1.225806e-14[39m
 2 Nonlinear |R| = [32m3.896736e-11[39m
[32m Solve Converged![39m

Postprocessor Values:
+----------------+----------------+----------------+----------------+----------------+----------------+----------------+
| time           | J_max          | J_min          | Jbar_max       | Jbar_min       | center_pressure| edge_ux        |
+----------------+----------------+----------------+----------------+----------------+----------------+----------------+
|   0.000000e+00 |   1.000000e+00 |   1.000000e+00 |   1.000000e+00 |   1.000000e+00 |   0.000000e+00 |   0.000000e+00 |
|   1.000000e-03 |   9.924195e-01 |   9.876946e-01 |   9.952509e-01 |   9.947172e-01 |   1.005170e-01 |   4.306577e-03 |
|   2.000000e-03 |   9.849195e-01 |   9.754865e-01 |   9.905800e-01 |   9.895670e-01 |   2.002191e-01 |   8.338531e-03 |
|   3.000000e-03 |   9.850300e-01 |   9.751054e-01 |   9.905600e-01 |   9.895099e-01 |   2.005153e-01 |   8.117602e-03 |
|   4.000000e-03 |   9.851461e-01 |   9.749183e-01 |   9.905802e-01 |   9.894593e-01 |   2.004827e-01 |   7.965061e-03 |
|   5.000000e-03 |   9.852385e-01 |   9.748140e-01 |   9.906094e-01 |   9.894326e-01 |   2.001262e-01 |   7.847122e-03 |
|   6.000000e-03 |   9.852811e-01 |   9.747515e-01 |   9.906445e-01 |   9.894181e-01 |   1.994828e-01 |   7.749507e-03 |
|   7.000000e-03 |   9.852822e-01 |   9.747128e-01 |   9.906752e-01 |   9.894105e-01 |   1.986137e-01 |   7.665064e-03 |
+----------------+----------------+----------------+----------------+----------------+----------------+----------------+
+----------------+----------------+----------------+------------------+----------------+----------------+
| time           | mass           | mass_reaction  | outflow_gradient | platen_max     | platen_min     |
+----------------+----------------+----------------+------------------+----------------+----------------+
|   0.000000e+00 |   1.600000e+00 |   0.000000e+00 |     0.000000e+00 |   0.000000e+00 |   0.000000e+00 |
|   1.000000e-03 |   1.599312e+00 |  -6.875188e-01 |     2.464532e-01 |  -2.082408e-02 |  -2.082408e-02 |
|   2.000000e-03 |   1.598258e+00 |  -1.054491e+00 |     4.330742e-01 |  -4.111086e-02 |  -4.111086e-02 |
|   3.000000e-03 |   1.597557e+00 |  -7.009676e-01 |     3.565104e-01 |  -4.120727e-02 |  -4.120727e-02 |
|   4.000000e-03 |   1.596937e+00 |  -6.197163e-01 |     3.173477e-01 |  -4.129246e-02 |  -4.129246e-02 |
|   5.000000e-03 |   1.596366e+00 |  -5.713368e-01 |     2.933493e-01 |  -4.137098e-02 |  -4.137098e-02 |
|   6.000000e-03 |   1.595828e+00 |  -5.384460e-01 |     2.768176e-01 |  -4.144496e-02 |  -4.144496e-02 |
|   7.000000e-03 |   1.595313e+00 |  -5.141534e-01 |     2.645306e-01 |  -4.151559e-02 |  -4.151559e-02 |
+----------------+----------------+----------------+------------------+----------------+----------------+
+----------------+--------------------+--------------------+----------------+----------------+----------------+
| time           | solid_fraction_max | solid_fraction_min | stability_max  | stability_min  | top_reaction   |
+----------------+--------------------+--------------------+----------------+----------------+----------------+
|   0.000000e+00 |       6.000000e-01 |       6.000000e-01 |   2.800000e+01 |   2.800000e+01 |   0.000000e+00 |
|   1.000000e-03 |       6.043080e-01 |       6.016948e-01 |   2.805847e+01 |   2.800526e+01 |  -7.000000e-01 |
|   2.000000e-03 |       6.086903e-01 |       6.033596e-01 |   2.811567e+01 |   2.800920e+01 |  -1.400000e+00 |
|   3.000000e-03 |       6.088633e-01 |       6.033206e-01 |   2.811578e+01 |   2.800743e+01 |  -1.400000e+00 |
|   4.000000e-03 |       6.089490e-01 |       6.032816e-01 |   2.811591e+01 |   2.800655e+01 |  -1.400000e+00 |
|   5.000000e-03 |       6.090005e-01 |       6.032629e-01 |   2.811608e+01 |   2.800603e+01 |  -1.400000e+00 |
|   6.000000e-03 |       6.090326e-01 |       6.032647e-01 |   2.811626e+01 |   2.800567e+01 |  -1.400000e+00 |
|   7.000000e-03 |       6.090533e-01 |       6.032839e-01 |   2.811646e+01 |   2.800541e+01 |  -1.400000e+00 |
+----------------+--------------------+--------------------+----------------+----------------+----------------+


Time Step 8, time = 0.008, dt = 0.001
 * Nonlinear |R| = [32m6.153966e-02[39m (Before preset BCs, predictors, correctors, and constraints)
 0 Nonlinear |R| = [32m6.153966e-02[39m
      0 Linear |R| = [32m6.153966e-02[39m
      1 Linear |R| = [32m2.507206e-03[39m
      2 Linear |R| = [33m2.460586e-03[39m
      3 Linear |R| = [32m7.326546e-04[39m
      4 Linear |R| = [32m6.412928e-05[39m
      5 Linear |R| = [32m3.635416e-05[39m
      6 Linear |R| = [32m1.734294e-05[39m
      7 Linear |R| = [32m1.030608e-05[39m
      8 Linear |R| = [32m2.606858e-06[39m
      9 Linear |R| = [32m1.480318e-06[39m
     10 Linear |R| = [32m1.147303e-06[39m
     11 Linear |R| = [32m6.794312e-07[39m
     12 Linear |R| = [32m1.817358e-07[39m
     13 Linear |R| = [32m1.159864e-07[39m
     14 Linear |R| = [32m2.117553e-08[39m
     15 Linear |R| = [32m1.756234e-08[39m
     16 Linear |R| = [32m1.087000e-08[39m
     17 Linear |R| = [32m4.535042e-09[39m
     18 Linear |R| = [32m1.292696e-09[39m
     19 Linear |R| = [32m7.501112e-10[39m
     20 Linear |R| = [32m5.355940e-10[39m
     21 Linear |R| = [32m1.886885e-10[39m
     22 Linear |R| = [32m8.230458e-11[39m
     23 Linear |R| = [32m4.588973e-11[39m
 1 Nonlinear |R| = [32m1.995181e-05[39m
      0 Linear |R| = [32m1.995181e-05[39m
      1 Linear |R| = [32m3.729375e-07[39m
      2 Linear |R| = [33m3.728041e-07[39m
      3 Linear |R| = [32m1.027823e-07[39m
      4 Linear |R| = [32m9.644482e-09[39m
      5 Linear |R| = [32m8.911328e-09[39m
      6 Linear |R| = [32m3.498957e-09[39m
      7 Linear |R| = [32m1.784995e-09[39m
      8 Linear |R| = [32m4.237826e-10[39m
      9 Linear |R| = [32m2.465530e-10[39m
     10 Linear |R| = [32m2.336983e-10[39m
     11 Linear |R| = [32m1.033157e-10[39m
     12 Linear |R| = [32m2.894782e-11[39m
     13 Linear |R| = [32m1.764765e-11[39m
     14 Linear |R| = [32m3.096605e-12[39m
     15 Linear |R| = [33m3.059744e-12[39m
     16 Linear |R| = [32m1.539158e-12[39m
     17 Linear |R| = [32m6.224972e-13[39m
     18 Linear |R| = [32m1.650379e-13[39m
     19 Linear |R| = [32m9.985800e-14[39m
     20 Linear |R| = [32m9.359834e-14[39m
     21 Linear |R| = [32m2.734795e-14[39m
     22 Linear |R| = [32m1.076339e-14[39m
 2 Nonlinear |R| = [32m3.024228e-11[39m
[32m Solve Converged![39m

Postprocessor Values:
+----------------+----------------+----------------+----------------+----------------+----------------+----------------+
| time           | J_max          | J_min          | Jbar_max       | Jbar_min       | center_pressure| edge_ux        |
+----------------+----------------+----------------+----------------+----------------+----------------+----------------+
|   0.000000e+00 |   1.000000e+00 |   1.000000e+00 |   1.000000e+00 |   1.000000e+00 |   0.000000e+00 |   0.000000e+00 |
|   1.000000e-03 |   9.924195e-01 |   9.876946e-01 |   9.952509e-01 |   9.947172e-01 |   1.005170e-01 |   4.306577e-03 |
|   2.000000e-03 |   9.849195e-01 |   9.754865e-01 |   9.905800e-01 |   9.895670e-01 |   2.002191e-01 |   8.338531e-03 |
|   3.000000e-03 |   9.850300e-01 |   9.751054e-01 |   9.905600e-01 |   9.895099e-01 |   2.005153e-01 |   8.117602e-03 |
|   4.000000e-03 |   9.851461e-01 |   9.749183e-01 |   9.905802e-01 |   9.894593e-01 |   2.004827e-01 |   7.965061e-03 |
|   5.000000e-03 |   9.852385e-01 |   9.748140e-01 |   9.906094e-01 |   9.894326e-01 |   2.001262e-01 |   7.847122e-03 |
|   6.000000e-03 |   9.852811e-01 |   9.747515e-01 |   9.906445e-01 |   9.894181e-01 |   1.994828e-01 |   7.749507e-03 |
|   7.000000e-03 |   9.852822e-01 |   9.747128e-01 |   9.906752e-01 |   9.894105e-01 |   1.986137e-01 |   7.665064e-03 |
|   8.000000e-03 |   9.852506e-01 |   9.746888e-01 |   9.906973e-01 |   9.894072e-01 |   1.975837e-01 |   7.589723e-03 |
+----------------+----------------+----------------+----------------+----------------+----------------+----------------+
+----------------+----------------+----------------+------------------+----------------+----------------+
| time           | mass           | mass_reaction  | outflow_gradient | platen_max     | platen_min     |
+----------------+----------------+----------------+------------------+----------------+----------------+
|   0.000000e+00 |   1.600000e+00 |   0.000000e+00 |     0.000000e+00 |   0.000000e+00 |   0.000000e+00 |
|   1.000000e-03 |   1.599312e+00 |  -6.875188e-01 |     2.464532e-01 |  -2.082408e-02 |  -2.082408e-02 |
|   2.000000e-03 |   1.598258e+00 |  -1.054491e+00 |     4.330742e-01 |  -4.111086e-02 |  -4.111086e-02 |
|   3.000000e-03 |   1.597557e+00 |  -7.009676e-01 |     3.565104e-01 |  -4.120727e-02 |  -4.120727e-02 |
|   4.000000e-03 |   1.596937e+00 |  -6.197163e-01 |     3.173477e-01 |  -4.129246e-02 |  -4.129246e-02 |
|   5.000000e-03 |   1.596366e+00 |  -5.713368e-01 |     2.933493e-01 |  -4.137098e-02 |  -4.137098e-02 |
|   6.000000e-03 |   1.595828e+00 |  -5.384460e-01 |     2.768176e-01 |  -4.144496e-02 |  -4.144496e-02 |
|   7.000000e-03 |   1.595313e+00 |  -5.141534e-01 |     2.645306e-01 |  -4.151559e-02 |  -4.151559e-02 |
|   8.000000e-03 |   1.594818e+00 |  -4.952005e-01 |     2.549147e-01 |  -4.158361e-02 |  -4.158361e-02 |
+----------------+----------------+----------------+------------------+----------------+----------------+
+----------------+--------------------+--------------------+----------------+----------------+----------------+
| time           | solid_fraction_max | solid_fraction_min | stability_max  | stability_min  | top_reaction   |
+----------------+--------------------+--------------------+----------------+----------------+----------------+
|   0.000000e+00 |       6.000000e-01 |       6.000000e-01 |   2.800000e+01 |   2.800000e+01 |   0.000000e+00 |
|   1.000000e-03 |       6.043080e-01 |       6.016948e-01 |   2.805847e+01 |   2.800526e+01 |  -7.000000e-01 |
|   2.000000e-03 |       6.086903e-01 |       6.033596e-01 |   2.811567e+01 |   2.800920e+01 |  -1.400000e+00 |
|   3.000000e-03 |       6.088633e-01 |       6.033206e-01 |   2.811578e+01 |   2.800743e+01 |  -1.400000e+00 |
|   4.000000e-03 |       6.089490e-01 |       6.032816e-01 |   2.811591e+01 |   2.800655e+01 |  -1.400000e+00 |
|   5.000000e-03 |       6.090005e-01 |       6.032629e-01 |   2.811608e+01 |   2.800603e+01 |  -1.400000e+00 |
|   6.000000e-03 |       6.090326e-01 |       6.032647e-01 |   2.811626e+01 |   2.800567e+01 |  -1.400000e+00 |
|   7.000000e-03 |       6.090533e-01 |       6.032839e-01 |   2.811646e+01 |   2.800541e+01 |  -1.400000e+00 |
|   8.000000e-03 |       6.090669e-01 |       6.033169e-01 |   2.811665e+01 |   2.800521e+01 |  -1.400000e+00 |
+----------------+--------------------+--------------------+----------------+----------------+----------------+


Time Step 9, time = 0.009, dt = 0.001
 * Nonlinear |R| = [32m5.600618e-02[39m (Before preset BCs, predictors, correctors, and constraints)
 0 Nonlinear |R| = [32m5.600618e-02[39m
      0 Linear |R| = [32m5.600618e-02[39m
      1 Linear |R| = [32m2.429161e-03[39m
      2 Linear |R| = [33m2.384025e-03[39m
      3 Linear |R| = [32m7.102309e-04[39m
      4 Linear |R| = [32m6.199852e-05[39m
      5 Linear |R| = [32m3.436399e-05[39m
      6 Linear |R| = [32m1.639203e-05[39m
      7 Linear |R| = [32m9.809320e-06[39m
      8 Linear |R| = [32m2.494781e-06[39m
      9 Linear |R| = [32m1.414274e-06[39m
     10 Linear |R| = [32m1.035580e-06[39m
     11 Linear |R| = [32m6.539863e-07[39m
     12 Linear |R| = [32m1.748353e-07[39m
     13 Linear |R| = [32m1.119018e-07[39m
     14 Linear |R| = [32m2.061934e-08[39m
     15 Linear |R| = [32m1.662871e-08[39m
     16 Linear |R| = [32m1.073320e-08[39m
     17 Linear |R| = [32m4.467659e-09[39m
     18 Linear |R| = [32m1.301870e-09[39m
     19 Linear |R| = [32m7.512608e-10[39m
     20 Linear |R| = [32m4.988358e-10[39m
     21 Linear |R| = [32m1.927542e-10[39m
     22 Linear |R| = [32m8.335417e-11[39m
     23 Linear |R| = [32m4.589474e-11[39m
 1 Nonlinear |R| = [32m1.562022e-05[39m
      0 Linear |R| = [32m1.562022e-05[39m
      1 Linear |R| = [32m3.173454e-07[39m
      2 Linear |R| = [33m3.168691e-07[39m
      3 Linear |R| = [32m8.666717e-08[39m
      4 Linear |R| = [32m8.183935e-09[39m
      5 Linear |R| = [32m7.575987e-09[39m
      6 Linear |R| = [32m3.066219e-09[39m
      7 Linear |R| = [32m1.527357e-09[39m
      8 Linear |R| = [32m3.562049e-10[39m
      9 Linear |R| = [32m2.083183e-10[39m
     10 Linear |R| = [33m1.991485e-10[39m
     11 Linear |R| = [32m8.741862e-11[39m
     12 Linear |R| = [32m2.456497e-11[39m
     13 Linear |R| = [32m1.491327e-11[39m
     14 Linear |R| = [32m2.539437e-12[39m
     15 Linear |R| = [33m2.464899e-12[39m
     16 Linear |R| = [32m1.273389e-12[39m
     17 Linear |R| = [32m5.158573e-13[39m
     18 Linear |R| = [32m1.397147e-13[39m
     19 Linear |R| = [32m8.288588e-14[39m
     20 Linear |R| = [32m7.448115e-14[39m
     21 Linear |R| = [32m2.284213e-14[39m
     22 Linear |R| = [32m9.594532e-15[39m
 2 Nonlinear |R| = [32m2.518946e-11[39m
[32m Solve Converged![39m

Postprocessor Values:
+----------------+----------------+----------------+----------------+----------------+----------------+----------------+
| time           | J_max          | J_min          | Jbar_max       | Jbar_min       | center_pressure| edge_ux        |
+----------------+----------------+----------------+----------------+----------------+----------------+----------------+
|   0.000000e+00 |   1.000000e+00 |   1.000000e+00 |   1.000000e+00 |   1.000000e+00 |   0.000000e+00 |   0.000000e+00 |
|   1.000000e-03 |   9.924195e-01 |   9.876946e-01 |   9.952509e-01 |   9.947172e-01 |   1.005170e-01 |   4.306577e-03 |
|   2.000000e-03 |   9.849195e-01 |   9.754865e-01 |   9.905800e-01 |   9.895670e-01 |   2.002191e-01 |   8.338531e-03 |
|   3.000000e-03 |   9.850300e-01 |   9.751054e-01 |   9.905600e-01 |   9.895099e-01 |   2.005153e-01 |   8.117602e-03 |
|   4.000000e-03 |   9.851461e-01 |   9.749183e-01 |   9.905802e-01 |   9.894593e-01 |   2.004827e-01 |   7.965061e-03 |
|   5.000000e-03 |   9.852385e-01 |   9.748140e-01 |   9.906094e-01 |   9.894326e-01 |   2.001262e-01 |   7.847122e-03 |
|   6.000000e-03 |   9.852811e-01 |   9.747515e-01 |   9.906445e-01 |   9.894181e-01 |   1.994828e-01 |   7.749507e-03 |
|   7.000000e-03 |   9.852822e-01 |   9.747128e-01 |   9.906752e-01 |   9.894105e-01 |   1.986137e-01 |   7.665064e-03 |
|   8.000000e-03 |   9.852506e-01 |   9.746888e-01 |   9.906973e-01 |   9.894072e-01 |   1.975837e-01 |   7.589723e-03 |
|   9.000000e-03 |   9.851945e-01 |   9.746745e-01 |   9.907117e-01 |   9.894066e-01 |   1.964490e-01 |   7.520941e-03 |
+----------------+----------------+----------------+----------------+----------------+----------------+----------------+
+----------------+----------------+----------------+------------------+----------------+----------------+
| time           | mass           | mass_reaction  | outflow_gradient | platen_max     | platen_min     |
+----------------+----------------+----------------+------------------+----------------+----------------+
|   0.000000e+00 |   1.600000e+00 |   0.000000e+00 |     0.000000e+00 |   0.000000e+00 |   0.000000e+00 |
|   1.000000e-03 |   1.599312e+00 |  -6.875188e-01 |     2.464532e-01 |  -2.082408e-02 |  -2.082408e-02 |
|   2.000000e-03 |   1.598258e+00 |  -1.054491e+00 |     4.330742e-01 |  -4.111086e-02 |  -4.111086e-02 |
|   3.000000e-03 |   1.597557e+00 |  -7.009676e-01 |     3.565104e-01 |  -4.120727e-02 |  -4.120727e-02 |
|   4.000000e-03 |   1.596937e+00 |  -6.197163e-01 |     3.173477e-01 |  -4.129246e-02 |  -4.129246e-02 |
|   5.000000e-03 |   1.596366e+00 |  -5.713368e-01 |     2.933493e-01 |  -4.137098e-02 |  -4.137098e-02 |
|   6.000000e-03 |   1.595828e+00 |  -5.384460e-01 |     2.768176e-01 |  -4.144496e-02 |  -4.144496e-02 |
|   7.000000e-03 |   1.595313e+00 |  -5.141534e-01 |     2.645306e-01 |  -4.151559e-02 |  -4.151559e-02 |
|   8.000000e-03 |   1.594818e+00 |  -4.952005e-01 |     2.549147e-01 |  -4.158361e-02 |  -4.158361e-02 |
|   9.000000e-03 |   1.594338e+00 |  -4.798294e-01 |     2.471047e-01 |  -4.164950e-02 |  -4.164950e-02 |
+----------------+----------------+----------------+------------------+----------------+----------------+
+----------------+--------------------+--------------------+----------------+----------------+----------------+
| time           | solid_fraction_max | solid_fraction_min | stability_max  | stability_min  | top_reaction   |
+----------------+--------------------+--------------------+----------------+----------------+----------------+
|   0.000000e+00 |       6.000000e-01 |       6.000000e-01 |   2.800000e+01 |   2.800000e+01 |   0.000000e+00 |
|   1.000000e-03 |       6.043080e-01 |       6.016948e-01 |   2.805847e+01 |   2.800526e+01 |  -7.000000e-01 |
|   2.000000e-03 |       6.086903e-01 |       6.033596e-01 |   2.811567e+01 |   2.800920e+01 |  -1.400000e+00 |
|   3.000000e-03 |       6.088633e-01 |       6.033206e-01 |   2.811578e+01 |   2.800743e+01 |  -1.400000e+00 |
|   4.000000e-03 |       6.089490e-01 |       6.032816e-01 |   2.811591e+01 |   2.800655e+01 |  -1.400000e+00 |
|   5.000000e-03 |       6.090005e-01 |       6.032629e-01 |   2.811608e+01 |   2.800603e+01 |  -1.400000e+00 |
|   6.000000e-03 |       6.090326e-01 |       6.032647e-01 |   2.811626e+01 |   2.800567e+01 |  -1.400000e+00 |
|   7.000000e-03 |       6.090533e-01 |       6.032839e-01 |   2.811646e+01 |   2.800541e+01 |  -1.400000e+00 |
|   8.000000e-03 |       6.090669e-01 |       6.033169e-01 |   2.811665e+01 |   2.800521e+01 |  -1.400000e+00 |
|   9.000000e-03 |       6.090760e-01 |       6.033601e-01 |   2.811681e+01 |   2.800504e+01 |  -1.400000e+00 |
+----------------+--------------------+--------------------+----------------+----------------+----------------+


Time Step 10, time = 0.01, dt = 0.001
 * Nonlinear |R| = [32m5.187175e-02[39m (Before preset BCs, predictors, correctors, and constraints)
 0 Nonlinear |R| = [32m5.187175e-02[39m
      0 Linear |R| = [32m5.187175e-02[39m
      1 Linear |R| = [32m2.364066e-03[39m
      2 Linear |R| = [33m2.320164e-03[39m
      3 Linear |R| = [32m6.914479e-04[39m
      4 Linear |R| = [32m6.021506e-05[39m
      5 Linear |R| = [32m3.278909e-05[39m
      6 Linear |R| = [32m1.561010e-05[39m
      7 Linear |R| = [32m9.393513e-06[39m
      8 Linear |R| = [32m2.398832e-06[39m
      9 Linear |R| = [32m1.357256e-06[39m
     10 Linear |R| = [32m9.266681e-07[39m
     11 Linear |R| = [32m6.318062e-07[39m
     12 Linear |R| = [32m1.687503e-07[39m
     13 Linear |R| = [32m1.083382e-07[39m
     14 Linear |R| = [32m2.015112e-08[39m
     15 Linear |R| = [32m1.581647e-08[39m
     16 Linear |R| = [32m1.060550e-08[39m
     17 Linear |R| = [32m4.404732e-09[39m
     18 Linear |R| = [32m1.302835e-09[39m
     19 Linear |R| = [32m7.486934e-10[39m
     20 Linear |R| = [32m4.808885e-10[39m
     21 Linear |R| = [32m1.947714e-10[39m
     22 Linear |R| = [32m8.373652e-11[39m
     23 Linear |R| = [32m4.564218e-11[39m
 1 Nonlinear |R| = [32m1.279121e-05[39m
      0 Linear |R| = [32m1.279121e-05[39m
      1 Linear |R| = [32m2.784930e-07[39m
      2 Linear |R| = [33m2.768257e-07[39m
      3 Linear |R| = [32m7.466675e-08[39m
      4 Linear |R| = [32m7.106549e-09[39m
      5 Linear |R| = [32m6.477834e-09[39m
      6 Linear |R| = [32m2.804469e-09[39m
      7 Linear |R| = [32m1.351220e-09[39m
      8 Linear |R| = [32m3.179828e-10[39m
      9 Linear |R| = [32m1.865076e-10[39m
     10 Linear |R| = [33m1.772740e-10[39m
     11 Linear |R| = [32m7.616306e-11[39m
     12 Linear |R| = [32m2.202350e-11[39m
     13 Linear |R| = [32m1.314851e-11[39m
     14 Linear |R| = [32m2.258753e-12[39m
     15 Linear |R| = [33m2.228998e-12[39m
     16 Linear |R| = [32m1.158164e-12[39m
     17 Linear |R| = [32m4.575148e-13[39m
     18 Linear |R| = [32m1.267646e-13[39m
     19 Linear |R| = [32m7.611944e-14[39m
     20 Linear |R| = [32m6.825977e-14[39m
     21 Linear |R| = [32m2.143563e-14[39m
     22 Linear |R| = [32m8.868466e-15[39m
 2 Nonlinear |R| = [32m2.026645e-11[39m
[32m Solve Converged![39m

Postprocessor Values:
+----------------+----------------+----------------+----------------+----------------+----------------+----------------+
| time           | J_max          | J_min          | Jbar_max       | Jbar_min       | center_pressure| edge_ux        |
+----------------+----------------+----------------+----------------+----------------+----------------+----------------+
|   0.000000e+00 |   1.000000e+00 |   1.000000e+00 |   1.000000e+00 |   1.000000e+00 |   0.000000e+00 |   0.000000e+00 |
|   1.000000e-03 |   9.924195e-01 |   9.876946e-01 |   9.952509e-01 |   9.947172e-01 |   1.005170e-01 |   4.306577e-03 |
|   2.000000e-03 |   9.849195e-01 |   9.754865e-01 |   9.905800e-01 |   9.895670e-01 |   2.002191e-01 |   8.338531e-03 |
|   3.000000e-03 |   9.850300e-01 |   9.751054e-01 |   9.905600e-01 |   9.895099e-01 |   2.005153e-01 |   8.117602e-03 |
|   4.000000e-03 |   9.851461e-01 |   9.749183e-01 |   9.905802e-01 |   9.894593e-01 |   2.004827e-01 |   7.965061e-03 |
|   5.000000e-03 |   9.852385e-01 |   9.748140e-01 |   9.906094e-01 |   9.894326e-01 |   2.001262e-01 |   7.847122e-03 |
|   6.000000e-03 |   9.852811e-01 |   9.747515e-01 |   9.906445e-01 |   9.894181e-01 |   1.994828e-01 |   7.749507e-03 |
|   7.000000e-03 |   9.852822e-01 |   9.747128e-01 |   9.906752e-01 |   9.894105e-01 |   1.986137e-01 |   7.665064e-03 |
|   8.000000e-03 |   9.852506e-01 |   9.746888e-01 |   9.906973e-01 |   9.894072e-01 |   1.975837e-01 |   7.589723e-03 |
|   9.000000e-03 |   9.851945e-01 |   9.746745e-01 |   9.907117e-01 |   9.894066e-01 |   1.964490e-01 |   7.520941e-03 |
|   1.000000e-02 |   9.851203e-01 |   9.746667e-01 |   9.907199e-01 |   9.894079e-01 |   1.952534e-01 |   7.457023e-03 |
+----------------+----------------+----------------+----------------+----------------+----------------+----------------+
+----------------+----------------+----------------+------------------+----------------+----------------+
| time           | mass           | mass_reaction  | outflow_gradient | platen_max     | platen_min     |
+----------------+----------------+----------------+------------------+----------------+----------------+
|   0.000000e+00 |   1.600000e+00 |   0.000000e+00 |     0.000000e+00 |   0.000000e+00 |   0.000000e+00 |
|   1.000000e-03 |   1.599312e+00 |  -6.875188e-01 |     2.464532e-01 |  -2.082408e-02 |  -2.082408e-02 |
|   2.000000e-03 |   1.598258e+00 |  -1.054491e+00 |     4.330742e-01 |  -4.111086e-02 |  -4.111086e-02 |
|   3.000000e-03 |   1.597557e+00 |  -7.009676e-01 |     3.565104e-01 |  -4.120727e-02 |  -4.120727e-02 |
|   4.000000e-03 |   1.596937e+00 |  -6.197163e-01 |     3.173477e-01 |  -4.129246e-02 |  -4.129246e-02 |
|   5.000000e-03 |   1.596366e+00 |  -5.713368e-01 |     2.933493e-01 |  -4.137098e-02 |  -4.137098e-02 |
|   6.000000e-03 |   1.595828e+00 |  -5.384460e-01 |     2.768176e-01 |  -4.144496e-02 |  -4.144496e-02 |
|   7.000000e-03 |   1.595313e+00 |  -5.141534e-01 |     2.645306e-01 |  -4.151559e-02 |  -4.151559e-02 |
|   8.000000e-03 |   1.594818e+00 |  -4.952005e-01 |     2.549147e-01 |  -4.158361e-02 |  -4.158361e-02 |
|   9.000000e-03 |   1.594338e+00 |  -4.798294e-01 |     2.471047e-01 |  -4.164950e-02 |  -4.164950e-02 |
|   1.000000e-02 |   1.593871e+00 |  -4.669949e-01 |     2.405804e-01 |  -4.171364e-02 |  -4.171364e-02 |
+----------------+----------------+----------------+------------------+----------------+----------------+
+----------------+--------------------+--------------------+----------------+----------------+----------------+
| time           | solid_fraction_max | solid_fraction_min | stability_max  | stability_min  | top_reaction   |
+----------------+--------------------+--------------------+----------------+----------------+----------------+
|   0.000000e+00 |       6.000000e-01 |       6.000000e-01 |   2.800000e+01 |   2.800000e+01 |   0.000000e+00 |
|   1.000000e-03 |       6.043080e-01 |       6.016948e-01 |   2.805847e+01 |   2.800526e+01 |  -7.000000e-01 |
|   2.000000e-03 |       6.086903e-01 |       6.033596e-01 |   2.811567e+01 |   2.800920e+01 |  -1.400000e+00 |
|   3.000000e-03 |       6.088633e-01 |       6.033206e-01 |   2.811578e+01 |   2.800743e+01 |  -1.400000e+00 |
|   4.000000e-03 |       6.089490e-01 |       6.032816e-01 |   2.811591e+01 |   2.800655e+01 |  -1.400000e+00 |
|   5.000000e-03 |       6.090005e-01 |       6.032629e-01 |   2.811608e+01 |   2.800603e+01 |  -1.400000e+00 |
|   6.000000e-03 |       6.090326e-01 |       6.032647e-01 |   2.811626e+01 |   2.800567e+01 |  -1.400000e+00 |
|   7.000000e-03 |       6.090533e-01 |       6.032839e-01 |   2.811646e+01 |   2.800541e+01 |  -1.400000e+00 |
|   8.000000e-03 |       6.090669e-01 |       6.033169e-01 |   2.811665e+01 |   2.800521e+01 |  -1.400000e+00 |
|   9.000000e-03 |       6.090760e-01 |       6.033601e-01 |   2.811681e+01 |   2.800504e+01 |  -1.400000e+00 |
|   1.000000e-02 |       6.090820e-01 |       6.034105e-01 |   2.811696e+01 |   2.800491e+01 |  -1.400000e+00 |
+----------------+--------------------+--------------------+----------------+----------------+----------------+


Time Step 11, time = 0.011, dt = 0.001
 * Nonlinear |R| = [32m4.867467e-02[39m (Before preset BCs, predictors, correctors, and constraints)
 0 Nonlinear |R| = [32m4.867467e-02[39m
      0 Linear |R| = [32m4.867467e-02[39m
      1 Linear |R| = [32m2.308518e-03[39m
      2 Linear |R| = [33m2.265666e-03[39m
      3 Linear |R| = [32m6.753464e-04[39m
      4 Linear |R| = [32m5.870682e-05[39m
      5 Linear |R| = [32m3.313159e-05[39m
      6 Linear |R| = [32m1.494590e-05[39m
      7 Linear |R| = [32m9.035485e-06[39m
      8 Linear |R| = [32m2.314785e-06[39m
      9 Linear |R| = [32m1.307934e-06[39m
     10 Linear |R| = [32m9.794922e-07[39m
     11 Linear |R| = [32m6.134173e-07[39m
     12 Linear |R| = [32m1.631645e-07[39m
     13 Linear |R| = [32m1.050945e-07[39m
     14 Linear |R| = [32m1.976321e-08[39m
     15 Linear |R| = [32m1.598058e-08[39m
     16 Linear |R| = [32m1.047168e-08[39m
     17 Linear |R| = [32m4.341745e-09[39m
     18 Linear |R| = [32m1.297057e-09[39m
     19 Linear |R| = [32m7.434391e-10[39m
     20 Linear |R| = [32m4.724627e-10[39m
     21 Linear |R| = [32m1.953599e-10[39m
     22 Linear |R| = [32m8.368591e-11[39m
     23 Linear |R| = [32m4.526299e-11[39m
 1 Nonlinear |R| = [32m1.086818e-05[39m
      0 Linear |R| = [32m1.086818e-05[39m
      1 Linear |R| = [32m2.505607e-07[39m
      2 Linear |R| = [33m2.462178e-07[39m
      3 Linear |R| = [32m6.534235e-08[39m
      4 Linear |R| = [32m6.301125e-09[39m
      5 Linear |R| = [32m5.758767e-09[39m
      6 Linear |R| = [32m2.611410e-09[39m
      7 Linear |R| = [32m1.212135e-09[39m
      8 Linear |R| = [32m2.945457e-10[39m
      9 Linear |R| = [32m1.744742e-10[39m
     10 Linear |R| = [32m1.652903e-10[39m
     11 Linear |R| = [32m6.842521e-11[39m
     12 Linear |R| = [32m2.053775e-11[39m
     13 Linear |R| = [32m1.197657e-11[39m
     14 Linear |R| = [32m2.096841e-12[39m
     15 Linear |R| = [33m2.054091e-12[39m
     16 Linear |R| = [32m1.151545e-12[39m
     17 Linear |R| = [32m4.256079e-13[39m
     18 Linear |R| = [32m1.289037e-13[39m
     19 Linear |R| = [32m7.644099e-14[39m
     20 Linear |R| = [32m6.867654e-14[39m
     21 Linear |R| = [32m2.057806e-14[39m
     22 Linear |R| = [32m9.033010e-15[39m
 2 Nonlinear |R| = [32m1.782999e-11[39m
[32m Solve Converged![39m

Postprocessor Values:
+----------------+----------------+----------------+----------------+----------------+----------------+----------------+
| time           | J_max          | J_min          | Jbar_max       | Jbar_min       | center_pressure| edge_ux        |
+----------------+----------------+----------------+----------------+----------------+----------------+----------------+
|   0.000000e+00 |   1.000000e+00 |   1.000000e+00 |   1.000000e+00 |   1.000000e+00 |   0.000000e+00 |   0.000000e+00 |
|   1.000000e-03 |   9.924195e-01 |   9.876946e-01 |   9.952509e-01 |   9.947172e-01 |   1.005170e-01 |   4.306577e-03 |
|   2.000000e-03 |   9.849195e-01 |   9.754865e-01 |   9.905800e-01 |   9.895670e-01 |   2.002191e-01 |   8.338531e-03 |
|   3.000000e-03 |   9.850300e-01 |   9.751054e-01 |   9.905600e-01 |   9.895099e-01 |   2.005153e-01 |   8.117602e-03 |
|   4.000000e-03 |   9.851461e-01 |   9.749183e-01 |   9.905802e-01 |   9.894593e-01 |   2.004827e-01 |   7.965061e-03 |
|   5.000000e-03 |   9.852385e-01 |   9.748140e-01 |   9.906094e-01 |   9.894326e-01 |   2.001262e-01 |   7.847122e-03 |
|   6.000000e-03 |   9.852811e-01 |   9.747515e-01 |   9.906445e-01 |   9.894181e-01 |   1.994828e-01 |   7.749507e-03 |
|   7.000000e-03 |   9.852822e-01 |   9.747128e-01 |   9.906752e-01 |   9.894105e-01 |   1.986137e-01 |   7.665064e-03 |
|   8.000000e-03 |   9.852506e-01 |   9.746888e-01 |   9.906973e-01 |   9.894072e-01 |   1.975837e-01 |   7.589723e-03 |
|   9.000000e-03 |   9.851945e-01 |   9.746745e-01 |   9.907117e-01 |   9.894066e-01 |   1.964490e-01 |   7.520941e-03 |
|   1.000000e-02 |   9.851203e-01 |   9.746667e-01 |   9.907199e-01 |   9.894079e-01 |   1.952534e-01 |   7.457023e-03 |
|   1.100000e-02 |   9.850334e-01 |   9.746634e-01 |   9.907235e-01 |   9.894104e-01 |   1.940283e-01 |   7.396787e-03 |
+----------------+----------------+----------------+----------------+----------------+----------------+----------------+
+----------------+----------------+----------------+------------------+----------------+----------------+
| time           | mass           | mass_reaction  | outflow_gradient | platen_max     | platen_min     |
+----------------+----------------+----------------+------------------+----------------+----------------+
|   0.000000e+00 |   1.600000e+00 |   0.000000e+00 |     0.000000e+00 |   0.000000e+00 |   0.000000e+00 |
|   1.000000e-03 |   1.599312e+00 |  -6.875188e-01 |     2.464532e-01 |  -2.082408e-02 |  -2.082408e-02 |
|   2.000000e-03 |   1.598258e+00 |  -1.054491e+00 |     4.330742e-01 |  -4.111086e-02 |  -4.111086e-02 |
|   3.000000e-03 |   1.597557e+00 |  -7.009676e-01 |     3.565104e-01 |  -4.120727e-02 |  -4.120727e-02 |
|   4.000000e-03 |   1.596937e+00 |  -6.197163e-01 |     3.173477e-01 |  -4.129246e-02 |  -4.129246e-02 |
|   5.000000e-03 |   1.596366e+00 |  -5.713368e-01 |     2.933493e-01 |  -4.137098e-02 |  -4.137098e-02 |
|   6.000000e-03 |   1.595828e+00 |  -5.384460e-01 |     2.768176e-01 |  -4.144496e-02 |  -4.144496e-02 |
|   7.000000e-03 |   1.595313e+00 |  -5.141534e-01 |     2.645306e-01 |  -4.151559e-02 |  -4.151559e-02 |
|   8.000000e-03 |   1.594818e+00 |  -4.952005e-01 |     2.549147e-01 |  -4.158361e-02 |  -4.158361e-02 |
|   9.000000e-03 |   1.594338e+00 |  -4.798294e-01 |     2.471047e-01 |  -4.164950e-02 |  -4.164950e-02 |
|   1.000000e-02 |   1.593871e+00 |  -4.669949e-01 |     2.405804e-01 |  -4.171364e-02 |  -4.171364e-02 |
|   1.100000e-02 |   1.593415e+00 |  -4.560298e-01 |     2.350073e-01 |  -4.177626e-02 |  -4.177626e-02 |
+----------------+----------------+----------------+------------------+----------------+----------------+
+----------------+--------------------+--------------------+----------------+----------------+----------------+
| time           | solid_fraction_max | solid_fraction_min | stability_max  | stability_min  | top_reaction   |
+----------------+--------------------+--------------------+----------------+----------------+----------------+
|   0.000000e+00 |       6.000000e-01 |       6.000000e-01 |   2.800000e+01 |   2.800000e+01 |   0.000000e+00 |
|   1.000000e-03 |       6.043080e-01 |       6.016948e-01 |   2.805847e+01 |   2.800526e+01 |  -7.000000e-01 |
|   2.000000e-03 |       6.086903e-01 |       6.033596e-01 |   2.811567e+01 |   2.800920e+01 |  -1.400000e+00 |
|   3.000000e-03 |       6.088633e-01 |       6.033206e-01 |   2.811578e+01 |   2.800743e+01 |  -1.400000e+00 |
|   4.000000e-03 |       6.089490e-01 |       6.032816e-01 |   2.811591e+01 |   2.800655e+01 |  -1.400000e+00 |
|   5.000000e-03 |       6.090005e-01 |       6.032629e-01 |   2.811608e+01 |   2.800603e+01 |  -1.400000e+00 |
|   6.000000e-03 |       6.090326e-01 |       6.032647e-01 |   2.811626e+01 |   2.800567e+01 |  -1.400000e+00 |
|   7.000000e-03 |       6.090533e-01 |       6.032839e-01 |   2.811646e+01 |   2.800541e+01 |  -1.400000e+00 |
|   8.000000e-03 |       6.090669e-01 |       6.033169e-01 |   2.811665e+01 |   2.800521e+01 |  -1.400000e+00 |
|   9.000000e-03 |       6.090760e-01 |       6.033601e-01 |   2.811681e+01 |   2.800504e+01 |  -1.400000e+00 |
|   1.000000e-02 |       6.090820e-01 |       6.034105e-01 |   2.811696e+01 |   2.800491e+01 |  -1.400000e+00 |
|   1.100000e-02 |       6.090858e-01 |       6.034660e-01 |   2.811709e+01 |   2.800479e+01 |  -1.400000e+00 |
+----------------+--------------------+--------------------+----------------+----------------+----------------+


Time Step 12, time = 0.012, dt = 0.001
 * Nonlinear |R| = [32m4.612435e-02[39m (Before preset BCs, predictors, correctors, and constraints)
 0 Nonlinear |R| = [32m4.612435e-02[39m
      0 Linear |R| = [32m4.612435e-02[39m
      1 Linear |R| = [32m2.260201e-03[39m
      2 Linear |R| = [33m2.218244e-03[39m
      3 Linear |R| = [32m6.613666e-04[39m
      4 Linear |R| = [32m5.736151e-05[39m
      5 Linear |R| = [32m3.027761e-05[39m
      6 Linear |R| = [32m1.436568e-05[39m
      7 Linear |R| = [32m8.720049e-06[39m
      8 Linear |R| = [32m2.239840e-06[39m
      9 Linear |R| = [32m1.262277e-06[39m
     10 Linear |R| = [32m8.795868e-07[39m
     11 Linear |R| = [32m5.954997e-07[39m
     12 Linear |R| = [32m1.579196e-07[39m
     13 Linear |R| = [32m1.020647e-07[39m
     14 Linear |R| = [32m1.934433e-08[39m
     15 Linear |R| = [32m1.487557e-08[39m
     16 Linear |R| = [32m1.032144e-08[39m
     17 Linear |R| = [32m4.277393e-09[39m
     18 Linear |R| = [32m1.286172e-09[39m
     19 Linear |R| = [32m7.360668e-10[39m
     20 Linear |R| = [32m4.654995e-10[39m
     21 Linear |R| = [32m1.949441e-10[39m
     22 Linear |R| = [32m8.333563e-11[39m
     23 Linear |R| = [32m4.481731e-11[39m
 1 Nonlinear |R| = [32m9.502893e-06[39m
      0 Linear |R| = [32m9.502893e-06[39m
      1 Linear |R| = [32m2.278005e-07[39m
      2 Linear |R| = [33m2.218657e-07[39m
      3 Linear |R| = [32m5.841675e-08[39m
      4 Linear |R| = [32m5.647860e-09[39m
      5 Linear |R| = [32m5.149254e-09[39m
      6 Linear |R| = [32m2.374083e-09[39m
      7 Linear |R| = [32m1.094827e-09[39m
      8 Linear |R| = [32m2.565047e-10[39m
      9 Linear |R| = [32m1.505267e-10[39m
     10 Linear |R| = [33m1.430598e-10[39m
     11 Linear |R| = [32m6.078421e-11[39m
     12 Linear |R| = [32m1.766734e-11[39m
     13 Linear |R| = [32m1.052733e-11[39m
     14 Linear |R| = [32m1.806465e-12[39m
     15 Linear |R| = [33m1.764016e-12[39m
     16 Linear |R| = [32m9.379183e-13[39m
     17 Linear |R| = [32m3.879421e-13[39m
     18 Linear |R| = [32m1.184824e-13[39m
     19 Linear |R| = [32m7.140210e-14[39m
     20 Linear |R| = [32m6.335649e-14[39m
     21 Linear |R| = [32m1.907376e-14[39m
     22 Linear |R| = [32m7.441563e-15[39m
 2 Nonlinear |R| = [32m1.552496e-11[39m
[32m Solve Converged![39m

Postprocessor Values:
+----------------+----------------+----------------+----------------+----------------+----------------+----------------+
| time           | J_max          | J_min          | Jbar_max       | Jbar_min       | center_pressure| edge_ux        |
+----------------+----------------+----------------+----------------+----------------+----------------+----------------+
|   0.000000e+00 |   1.000000e+00 |   1.000000e+00 |   1.000000e+00 |   1.000000e+00 |   0.000000e+00 |   0.000000e+00 |
|   1.000000e-03 |   9.924195e-01 |   9.876946e-01 |   9.952509e-01 |   9.947172e-01 |   1.005170e-01 |   4.306577e-03 |
|   2.000000e-03 |   9.849195e-01 |   9.754865e-01 |   9.905800e-01 |   9.895670e-01 |   2.002191e-01 |   8.338531e-03 |
|   3.000000e-03 |   9.850300e-01 |   9.751054e-01 |   9.905600e-01 |   9.895099e-01 |   2.005153e-01 |   8.117602e-03 |
|   4.000000e-03 |   9.851461e-01 |   9.749183e-01 |   9.905802e-01 |   9.894593e-01 |   2.004827e-01 |   7.965061e-03 |
|   5.000000e-03 |   9.852385e-01 |   9.748140e-01 |   9.906094e-01 |   9.894326e-01 |   2.001262e-01 |   7.847122e-03 |
|   6.000000e-03 |   9.852811e-01 |   9.747515e-01 |   9.906445e-01 |   9.894181e-01 |   1.994828e-01 |   7.749507e-03 |
|   7.000000e-03 |   9.852822e-01 |   9.747128e-01 |   9.906752e-01 |   9.894105e-01 |   1.986137e-01 |   7.665064e-03 |
|   8.000000e-03 |   9.852506e-01 |   9.746888e-01 |   9.906973e-01 |   9.894072e-01 |   1.975837e-01 |   7.589723e-03 |
|   9.000000e-03 |   9.851945e-01 |   9.746745e-01 |   9.907117e-01 |   9.894066e-01 |   1.964490e-01 |   7.520941e-03 |
|   1.000000e-02 |   9.851203e-01 |   9.746667e-01 |   9.907199e-01 |   9.894079e-01 |   1.952534e-01 |   7.457023e-03 |
|   1.100000e-02 |   9.850334e-01 |   9.746634e-01 |   9.907235e-01 |   9.894104e-01 |   1.940283e-01 |   7.396787e-03 |
|   1.200000e-02 |   9.849377e-01 |   9.746632e-01 |   9.907236e-01 |   9.894137e-01 |   1.927954e-01 |   7.339377e-03 |
+----------------+----------------+----------------+----------------+----------------+----------------+----------------+
+----------------+----------------+----------------+------------------+----------------+----------------+
| time           | mass           | mass_reaction  | outflow_gradient | platen_max     | platen_min     |
+----------------+----------------+----------------+------------------+----------------+----------------+
|   0.000000e+00 |   1.600000e+00 |   0.000000e+00 |     0.000000e+00 |   0.000000e+00 |   0.000000e+00 |
|   1.000000e-03 |   1.599312e+00 |  -6.875188e-01 |     2.464532e-01 |  -2.082408e-02 |  -2.082408e-02 |
|   2.000000e-03 |   1.598258e+00 |  -1.054491e+00 |     4.330742e-01 |  -4.111086e-02 |  -4.111086e-02 |
|   3.000000e-03 |   1.597557e+00 |  -7.009676e-01 |     3.565104e-01 |  -4.120727e-02 |  -4.120727e-02 |
|   4.000000e-03 |   1.596937e+00 |  -6.197163e-01 |     3.173477e-01 |  -4.129246e-02 |  -4.129246e-02 |
|   5.000000e-03 |   1.596366e+00 |  -5.713368e-01 |     2.933493e-01 |  -4.137098e-02 |  -4.137098e-02 |
|   6.000000e-03 |   1.595828e+00 |  -5.384460e-01 |     2.768176e-01 |  -4.144496e-02 |  -4.144496e-02 |
|   7.000000e-03 |   1.595313e+00 |  -5.141534e-01 |     2.645306e-01 |  -4.151559e-02 |  -4.151559e-02 |
|   8.000000e-03 |   1.594818e+00 |  -4.952005e-01 |     2.549147e-01 |  -4.158361e-02 |  -4.158361e-02 |
|   9.000000e-03 |   1.594338e+00 |  -4.798294e-01 |     2.471047e-01 |  -4.164950e-02 |  -4.164950e-02 |
|   1.000000e-02 |   1.593871e+00 |  -4.669949e-01 |     2.405804e-01 |  -4.171364e-02 |  -4.171364e-02 |
|   1.100000e-02 |   1.593415e+00 |  -4.560298e-01 |     2.350073e-01 |  -4.177626e-02 |  -4.177626e-02 |
|   1.200000e-02 |   1.592969e+00 |  -4.464847e-01 |     2.301589e-01 |  -4.183757e-02 |  -4.183757e-02 |
+----------------+----------------+----------------+------------------+----------------+----------------+
+----------------+--------------------+--------------------+----------------+----------------+----------------+
| time           | solid_fraction_max | solid_fraction_min | stability_max  | stability_min  | top_reaction   |
+----------------+--------------------+--------------------+----------------+----------------+----------------+
|   0.000000e+00 |       6.000000e-01 |       6.000000e-01 |   2.800000e+01 |   2.800000e+01 |   0.000000e+00 |
|   1.000000e-03 |       6.043080e-01 |       6.016948e-01 |   2.805847e+01 |   2.800526e+01 |  -7.000000e-01 |
|   2.000000e-03 |       6.086903e-01 |       6.033596e-01 |   2.811567e+01 |   2.800920e+01 |  -1.400000e+00 |
|   3.000000e-03 |       6.088633e-01 |       6.033206e-01 |   2.811578e+01 |   2.800743e+01 |  -1.400000e+00 |
|   4.000000e-03 |       6.089490e-01 |       6.032816e-01 |   2.811591e+01 |   2.800655e+01 |  -1.400000e+00 |
|   5.000000e-03 |       6.090005e-01 |       6.032629e-01 |   2.811608e+01 |   2.800603e+01 |  -1.400000e+00 |
|   6.000000e-03 |       6.090326e-01 |       6.032647e-01 |   2.811626e+01 |   2.800567e+01 |  -1.400000e+00 |
|   7.000000e-03 |       6.090533e-01 |       6.032839e-01 |   2.811646e+01 |   2.800541e+01 |  -1.400000e+00 |
|   8.000000e-03 |       6.090669e-01 |       6.033169e-01 |   2.811665e+01 |   2.800521e+01 |  -1.400000e+00 |
|   9.000000e-03 |       6.090760e-01 |       6.033601e-01 |   2.811681e+01 |   2.800504e+01 |  -1.400000e+00 |
|   1.000000e-02 |       6.090820e-01 |       6.034105e-01 |   2.811696e+01 |   2.800491e+01 |  -1.400000e+00 |
|   1.100000e-02 |       6.090858e-01 |       6.034660e-01 |   2.811709e+01 |   2.800479e+01 |  -1.400000e+00 |
|   1.200000e-02 |       6.090881e-01 |       6.035246e-01 |   2.811719e+01 |   2.800469e+01 |  -1.400000e+00 |
+----------------+--------------------+--------------------+----------------+----------------+----------------+


Time Step 13, time = 0.013, dt = 0.001
 * Nonlinear |R| = [32m4.403239e-02[39m (Before preset BCs, predictors, correctors, and constraints)
 0 Nonlinear |R| = [32m4.403239e-02[39m
      0 Linear |R| = [32m4.403239e-02[39m
      1 Linear |R| = [32m2.217537e-03[39m
      2 Linear |R| = [33m2.176368e-03[39m
      3 Linear |R| = [32m6.489400e-04[39m
      4 Linear |R| = [32m5.618710e-05[39m
      5 Linear |R| = [32m2.943542e-05[39m
      6 Linear |R| = [32m1.384804e-05[39m
      7 Linear |R| = [32m8.436880e-06[39m
      8 Linear |R| = [32m2.172061e-06[39m
      9 Linear |R| = [32m1.221638e-06[39m
     10 Linear |R| = [32m9.150700e-07[39m
     11 Linear |R| = [32m5.801545e-07[39m
     12 Linear |R| = [32m1.529319e-07[39m
     13 Linear |R| = [32m9.919051e-08[39m
     14 Linear |R| = [32m1.900884e-08[39m
     15 Linear |R| = [32m1.556841e-08[39m
     16 Linear |R| = [32m1.016153e-08[39m
     17 Linear |R| = [32m4.211658e-09[39m
     18 Linear |R| = [32m1.271553e-09[39m
     19 Linear |R| = [32m7.274092e-10[39m
     20 Linear |R| = [32m4.671201e-10[39m
     21 Linear |R| = [32m1.938343e-10[39m
     22 Linear |R| = [32m8.276566e-11[39m
     23 Linear |R| = [32m4.433444e-11[39m
     24 Linear |R| = [32m8.713663e-12[39m
 1 Nonlinear |R| = [32m8.478957e-06[39m
      0 Linear |R| = [32m8.478957e-06[39m
      1 Linear |R| = [32m2.105228e-07[39m
      2 Linear |R| = [33m2.016144e-07[39m
      3 Linear |R| = [32m5.255181e-08[39m
      4 Linear |R| = [32m5.107950e-09[39m
      5 Linear |R| = [32m4.569057e-09[39m
      6 Linear |R| = [32m2.216876e-09[39m
      7 Linear |R| = [32m9.961555e-10[39m
      8 Linear |R| = [32m2.381406e-10[39m
      9 Linear |R| = [32m1.405338e-10[39m
     10 Linear |R| = [32m1.297188e-10[39m
     11 Linear |R| = [32m5.547439e-11[39m
     12 Linear |R| = [32m1.674565e-11[39m
     13 Linear |R| = [32m9.713787e-12[39m
     14 Linear |R| = [32m1.668850e-12[39m
     15 Linear |R| = [33m1.628825e-12[39m
     16 Linear |R| = [32m9.235660e-13[39m
     17 Linear |R| = [32m3.430115e-13[39m
     18 Linear |R| = [32m1.101579e-13[39m
     19 Linear |R| = [32m6.324394e-14[39m
     20 Linear |R| = [32m5.646464e-14[39m
     21 Linear |R| = [32m1.656807e-14[39m
     22 Linear |R| = [32m7.265891e-15[39m
 2 Nonlinear |R| = [32m1.328447e-11[39m
[32m Solve Converged![39m

Postprocessor Values:
+----------------+----------------+----------------+----------------+----------------+----------------+----------------+
| time           | J_max          | J_min          | Jbar_max       | Jbar_min       | center_pressure| edge_ux        |
+----------------+----------------+----------------+----------------+----------------+----------------+----------------+
|   0.000000e+00 |   1.000000e+00 |   1.000000e+00 |   1.000000e+00 |   1.000000e+00 |   0.000000e+00 |   0.000000e+00 |
|   1.000000e-03 |   9.924195e-01 |   9.876946e-01 |   9.952509e-01 |   9.947172e-01 |   1.005170e-01 |   4.306577e-03 |
|   2.000000e-03 |   9.849195e-01 |   9.754865e-01 |   9.905800e-01 |   9.895670e-01 |   2.002191e-01 |   8.338531e-03 |
|   3.000000e-03 |   9.850300e-01 |   9.751054e-01 |   9.905600e-01 |   9.895099e-01 |   2.005153e-01 |   8.117602e-03 |
|   4.000000e-03 |   9.851461e-01 |   9.749183e-01 |   9.905802e-01 |   9.894593e-01 |   2.004827e-01 |   7.965061e-03 |
|   5.000000e-03 |   9.852385e-01 |   9.748140e-01 |   9.906094e-01 |   9.894326e-01 |   2.001262e-01 |   7.847122e-03 |
|   6.000000e-03 |   9.852811e-01 |   9.747515e-01 |   9.906445e-01 |   9.894181e-01 |   1.994828e-01 |   7.749507e-03 |
|   7.000000e-03 |   9.852822e-01 |   9.747128e-01 |   9.906752e-01 |   9.894105e-01 |   1.986137e-01 |   7.665064e-03 |
|   8.000000e-03 |   9.852506e-01 |   9.746888e-01 |   9.906973e-01 |   9.894072e-01 |   1.975837e-01 |   7.589723e-03 |
|   9.000000e-03 |   9.851945e-01 |   9.746745e-01 |   9.907117e-01 |   9.894066e-01 |   1.964490e-01 |   7.520941e-03 |
|   1.000000e-02 |   9.851203e-01 |   9.746667e-01 |   9.907199e-01 |   9.894079e-01 |   1.952534e-01 |   7.457023e-03 |
|   1.100000e-02 |   9.850334e-01 |   9.746634e-01 |   9.907235e-01 |   9.894104e-01 |   1.940283e-01 |   7.396787e-03 |
|   1.200000e-02 |   9.849377e-01 |   9.746632e-01 |   9.907236e-01 |   9.894137e-01 |   1.927954e-01 |   7.339377e-03 |
|   1.300000e-02 |   9.848364e-01 |   9.746651e-01 |   9.907209e-01 |   9.894175e-01 |   1.915687e-01 |   7.284159e-03 |
+----------------+----------------+----------------+----------------+----------------+----------------+----------------+
+----------------+----------------+----------------+------------------+----------------+----------------+
| time           | mass           | mass_reaction  | outflow_gradient | platen_max     | platen_min     |
+----------------+----------------+----------------+------------------+----------------+----------------+
|   0.000000e+00 |   1.600000e+00 |   0.000000e+00 |     0.000000e+00 |   0.000000e+00 |   0.000000e+00 |
|   1.000000e-03 |   1.599312e+00 |  -6.875188e-01 |     2.464532e-01 |  -2.082408e-02 |  -2.082408e-02 |
|   2.000000e-03 |   1.598258e+00 |  -1.054491e+00 |     4.330742e-01 |  -4.111086e-02 |  -4.111086e-02 |
|   3.000000e-03 |   1.597557e+00 |  -7.009676e-01 |     3.565104e-01 |  -4.120727e-02 |  -4.120727e-02 |
|   4.000000e-03 |   1.596937e+00 |  -6.197163e-01 |     3.173477e-01 |  -4.129246e-02 |  -4.129246e-02 |
|   5.000000e-03 |   1.596366e+00 |  -5.713368e-01 |     2.933493e-01 |  -4.137098e-02 |  -4.137098e-02 |
|   6.000000e-03 |   1.595828e+00 |  -5.384460e-01 |     2.768176e-01 |  -4.144496e-02 |  -4.144496e-02 |
|   7.000000e-03 |   1.595313e+00 |  -5.141534e-01 |     2.645306e-01 |  -4.151559e-02 |  -4.151559e-02 |
|   8.000000e-03 |   1.594818e+00 |  -4.952005e-01 |     2.549147e-01 |  -4.158361e-02 |  -4.158361e-02 |
|   9.000000e-03 |   1.594338e+00 |  -4.798294e-01 |     2.471047e-01 |  -4.164950e-02 |  -4.164950e-02 |
|   1.000000e-02 |   1.593871e+00 |  -4.669949e-01 |     2.405804e-01 |  -4.171364e-02 |  -4.171364e-02 |
|   1.100000e-02 |   1.593415e+00 |  -4.560298e-01 |     2.350073e-01 |  -4.177626e-02 |  -4.177626e-02 |
|   1.200000e-02 |   1.592969e+00 |  -4.464847e-01 |     2.301589e-01 |  -4.183757e-02 |  -4.183757e-02 |
|   1.300000e-02 |   1.592531e+00 |  -4.380448e-01 |     2.258757e-01 |  -4.189773e-02 |  -4.189773e-02 |
+----------------+----------------+----------------+------------------+----------------+----------------+
+----------------+--------------------+--------------------+----------------+----------------+----------------+
| time           | solid_fraction_max | solid_fraction_min | stability_max  | stability_min  | top_reaction   |
+----------------+--------------------+--------------------+----------------+----------------+----------------+
|   0.000000e+00 |       6.000000e-01 |       6.000000e-01 |   2.800000e+01 |   2.800000e+01 |   0.000000e+00 |
|   1.000000e-03 |       6.043080e-01 |       6.016948e-01 |   2.805847e+01 |   2.800526e+01 |  -7.000000e-01 |
|   2.000000e-03 |       6.086903e-01 |       6.033596e-01 |   2.811567e+01 |   2.800920e+01 |  -1.400000e+00 |
|   3.000000e-03 |       6.088633e-01 |       6.033206e-01 |   2.811578e+01 |   2.800743e+01 |  -1.400000e+00 |
|   4.000000e-03 |       6.089490e-01 |       6.032816e-01 |   2.811591e+01 |   2.800655e+01 |  -1.400000e+00 |
|   5.000000e-03 |       6.090005e-01 |       6.032629e-01 |   2.811608e+01 |   2.800603e+01 |  -1.400000e+00 |
|   6.000000e-03 |       6.090326e-01 |       6.032647e-01 |   2.811626e+01 |   2.800567e+01 |  -1.400000e+00 |
|   7.000000e-03 |       6.090533e-01 |       6.032839e-01 |   2.811646e+01 |   2.800541e+01 |  -1.400000e+00 |
|   8.000000e-03 |       6.090669e-01 |       6.033169e-01 |   2.811665e+01 |   2.800521e+01 |  -1.400000e+00 |
|   9.000000e-03 |       6.090760e-01 |       6.033601e-01 |   2.811681e+01 |   2.800504e+01 |  -1.400000e+00 |
|   1.000000e-02 |       6.090820e-01 |       6.034105e-01 |   2.811696e+01 |   2.800491e+01 |  -1.400000e+00 |
|   1.100000e-02 |       6.090858e-01 |       6.034660e-01 |   2.811709e+01 |   2.800479e+01 |  -1.400000e+00 |
|   1.200000e-02 |       6.090881e-01 |       6.035246e-01 |   2.811719e+01 |   2.800469e+01 |  -1.400000e+00 |
|   1.300000e-02 |       6.090893e-01 |       6.035851e-01 |   2.811727e+01 |   2.800460e+01 |  -1.400000e+00 |
+----------------+--------------------+--------------------+----------------+----------------+----------------+


Time Step 14, time = 0.014, dt = 0.001
 * Nonlinear |R| = [32m4.227412e-02[39m (Before preset BCs, predictors, correctors, and constraints)
 0 Nonlinear |R| = [32m4.227412e-02[39m
      0 Linear |R| = [32m4.227412e-02[39m
      1 Linear |R| = [32m2.179334e-03[39m
      2 Linear |R| = [33m2.138854e-03[39m
      3 Linear |R| = [32m6.378394e-04[39m
      4 Linear |R| = [32m5.515457e-05[39m
      5 Linear |R| = [32m2.927664e-05[39m
      6 Linear |R| = [32m1.337883e-05[39m
      7 Linear |R| = [32m8.178942e-06[39m
      8 Linear |R| = [32m2.110116e-06[39m
      9 Linear |R| = [32m1.183175e-06[39m
     10 Linear |R| = [32m8.216378e-07[39m
     11 Linear |R| = [32m5.647968e-07[39m
     12 Linear |R| = [32m1.481615e-07[39m
     13 Linear |R| = [32m9.644059e-08[39m
     14 Linear |R| = [32m1.861378e-08[39m
     15 Linear |R| = [32m1.449913e-08[39m
     16 Linear |R| = [32m9.986567e-09[39m
     17 Linear |R| = [32m4.144922e-09[39m
     18 Linear |R| = [32m1.254264e-09[39m
     19 Linear |R| = [32m7.176498e-10[39m
     20 Linear |R| = [32m4.535958e-10[39m
     21 Linear |R| = [32m1.922177e-10[39m
     22 Linear |R| = [32m8.203518e-11[39m
     23 Linear |R| = [32m4.382945e-11[39m
     24 Linear |R| = [32m8.552965e-12[39m
 1 Nonlinear |R| = [32m7.674685e-06[39m
      0 Linear |R| = [32m7.674685e-06[39m
      1 Linear |R| = [32m1.958876e-07[39m
      2 Linear |R| = [32m1.854871e-07[39m
      3 Linear |R| = [32m4.819872e-08[39m
      4 Linear |R| = [32m4.730215e-09[39m
      5 Linear |R| = [32m4.298695e-09[39m
      6 Linear |R| = [32m2.093058e-09[39m
      7 Linear |R| = [32m9.232860e-10[39m
      8 Linear |R| = [32m2.130656e-10[39m
      9 Linear |R| = [32m1.256288e-10[39m
     10 Linear |R| = [32m1.182372e-10[39m
     11 Linear |R| = [32m5.133880e-11[39m
     12 Linear |R| = [32m1.587596e-11[39m
     13 Linear |R| = [32m9.077521e-12[39m
     14 Linear |R| = [32m1.554023e-12[39m
     15 Linear |R| = [33m1.528482e-12[39m
     16 Linear |R| = [32m8.608168e-13[39m
     17 Linear |R| = [32m3.205889e-13[39m
     18 Linear |R| = [32m1.064297e-13[39m
     19 Linear |R| = [32m6.063353e-14[39m
     20 Linear |R| = [32m5.310281e-14[39m
     21 Linear |R| = [32m1.539401e-14[39m
     22 Linear |R| = [32m6.583507e-15[39m
 2 Nonlinear |R| = [32m1.266085e-11[39m
[32m Solve Converged![39m

Postprocessor Values:
+----------------+----------------+----------------+----------------+----------------+----------------+----------------+
| time           | J_max          | J_min          | Jbar_max       | Jbar_min       | center_pressure| edge_ux        |
+----------------+----------------+----------------+----------------+----------------+----------------+----------------+
|   0.000000e+00 |   1.000000e+00 |   1.000000e+00 |   1.000000e+00 |   1.000000e+00 |   0.000000e+00 |   0.000000e+00 |
|   1.000000e-03 |   9.924195e-01 |   9.876946e-01 |   9.952509e-01 |   9.947172e-01 |   1.005170e-01 |   4.306577e-03 |
|   2.000000e-03 |   9.849195e-01 |   9.754865e-01 |   9.905800e-01 |   9.895670e-01 |   2.002191e-01 |   8.338531e-03 |
|   3.000000e-03 |   9.850300e-01 |   9.751054e-01 |   9.905600e-01 |   9.895099e-01 |   2.005153e-01 |   8.117602e-03 |
|   4.000000e-03 |   9.851461e-01 |   9.749183e-01 |   9.905802e-01 |   9.894593e-01 |   2.004827e-01 |   7.965061e-03 |
|   5.000000e-03 |   9.852385e-01 |   9.748140e-01 |   9.906094e-01 |   9.894326e-01 |   2.001262e-01 |   7.847122e-03 |
|   6.000000e-03 |   9.852811e-01 |   9.747515e-01 |   9.906445e-01 |   9.894181e-01 |   1.994828e-01 |   7.749507e-03 |
|   7.000000e-03 |   9.852822e-01 |   9.747128e-01 |   9.906752e-01 |   9.894105e-01 |   1.986137e-01 |   7.665064e-03 |
|   8.000000e-03 |   9.852506e-01 |   9.746888e-01 |   9.906973e-01 |   9.894072e-01 |   1.975837e-01 |   7.589723e-03 |
|   9.000000e-03 |   9.851945e-01 |   9.746745e-01 |   9.907117e-01 |   9.894066e-01 |   1.964490e-01 |   7.520941e-03 |
|   1.000000e-02 |   9.851203e-01 |   9.746667e-01 |   9.907199e-01 |   9.894079e-01 |   1.952534e-01 |   7.457023e-03 |
|   1.100000e-02 |   9.850334e-01 |   9.746634e-01 |   9.907235e-01 |   9.894104e-01 |   1.940283e-01 |   7.396787e-03 |
|   1.200000e-02 |   9.849377e-01 |   9.746632e-01 |   9.907236e-01 |   9.894137e-01 |   1.927954e-01 |   7.339377e-03 |
|   1.300000e-02 |   9.848364e-01 |   9.746651e-01 |   9.907209e-01 |   9.894175e-01 |   1.915687e-01 |   7.284159e-03 |
|   1.400000e-02 |   9.847316e-01 |   9.746684e-01 |   9.907162e-01 |   9.894215e-01 |   1.903571e-01 |   7.230658e-03 |
+----------------+----------------+----------------+----------------+----------------+----------------+----------------+
+----------------+----------------+----------------+------------------+----------------+----------------+
| time           | mass           | mass_reaction  | outflow_gradient | platen_max     | platen_min     |
+----------------+----------------+----------------+------------------+----------------+----------------+
|   0.000000e+00 |   1.600000e+00 |   0.000000e+00 |     0.000000e+00 |   0.000000e+00 |   0.000000e+00 |
|   1.000000e-03 |   1.599312e+00 |  -6.875188e-01 |     2.464532e-01 |  -2.082408e-02 |  -2.082408e-02 |
|   2.000000e-03 |   1.598258e+00 |  -1.054491e+00 |     4.330742e-01 |  -4.111086e-02 |  -4.111086e-02 |
|   3.000000e-03 |   1.597557e+00 |  -7.009676e-01 |     3.565104e-01 |  -4.120727e-02 |  -4.120727e-02 |
|   4.000000e-03 |   1.596937e+00 |  -6.197163e-01 |     3.173477e-01 |  -4.129246e-02 |  -4.129246e-02 |
|   5.000000e-03 |   1.596366e+00 |  -5.713368e-01 |     2.933493e-01 |  -4.137098e-02 |  -4.137098e-02 |
|   6.000000e-03 |   1.595828e+00 |  -5.384460e-01 |     2.768176e-01 |  -4.144496e-02 |  -4.144496e-02 |
|   7.000000e-03 |   1.595313e+00 |  -5.141534e-01 |     2.645306e-01 |  -4.151559e-02 |  -4.151559e-02 |
|   8.000000e-03 |   1.594818e+00 |  -4.952005e-01 |     2.549147e-01 |  -4.158361e-02 |  -4.158361e-02 |
|   9.000000e-03 |   1.594338e+00 |  -4.798294e-01 |     2.471047e-01 |  -4.164950e-02 |  -4.164950e-02 |
|   1.000000e-02 |   1.593871e+00 |  -4.669949e-01 |     2.405804e-01 |  -4.171364e-02 |  -4.171364e-02 |
|   1.100000e-02 |   1.593415e+00 |  -4.560298e-01 |     2.350073e-01 |  -4.177626e-02 |  -4.177626e-02 |
|   1.200000e-02 |   1.592969e+00 |  -4.464847e-01 |     2.301589e-01 |  -4.183757e-02 |  -4.183757e-02 |
|   1.300000e-02 |   1.592531e+00 |  -4.380448e-01 |     2.258757e-01 |  -4.189773e-02 |  -4.189773e-02 |
|   1.400000e-02 |   1.592100e+00 |  -4.304825e-01 |     2.220420e-01 |  -4.195684e-02 |  -4.195684e-02 |
+----------------+----------------+----------------+------------------+----------------+----------------+
+----------------+--------------------+--------------------+----------------+----------------+----------------+
| time           | solid_fraction_max | solid_fraction_min | stability_max  | stability_min  | top_reaction   |
+----------------+--------------------+--------------------+----------------+----------------+----------------+
|   0.000000e+00 |       6.000000e-01 |       6.000000e-01 |   2.800000e+01 |   2.800000e+01 |   0.000000e+00 |
|   1.000000e-03 |       6.043080e-01 |       6.016948e-01 |   2.805847e+01 |   2.800526e+01 |  -7.000000e-01 |
|   2.000000e-03 |       6.086903e-01 |       6.033596e-01 |   2.811567e+01 |   2.800920e+01 |  -1.400000e+00 |
|   3.000000e-03 |       6.088633e-01 |       6.033206e-01 |   2.811578e+01 |   2.800743e+01 |  -1.400000e+00 |
|   4.000000e-03 |       6.089490e-01 |       6.032816e-01 |   2.811591e+01 |   2.800655e+01 |  -1.400000e+00 |
|   5.000000e-03 |       6.090005e-01 |       6.032629e-01 |   2.811608e+01 |   2.800603e+01 |  -1.400000e+00 |
|   6.000000e-03 |       6.090326e-01 |       6.032647e-01 |   2.811626e+01 |   2.800567e+01 |  -1.400000e+00 |
|   7.000000e-03 |       6.090533e-01 |       6.032839e-01 |   2.811646e+01 |   2.800541e+01 |  -1.400000e+00 |
|   8.000000e-03 |       6.090669e-01 |       6.033169e-01 |   2.811665e+01 |   2.800521e+01 |  -1.400000e+00 |
|   9.000000e-03 |       6.090760e-01 |       6.033601e-01 |   2.811681e+01 |   2.800504e+01 |  -1.400000e+00 |
|   1.000000e-02 |       6.090820e-01 |       6.034105e-01 |   2.811696e+01 |   2.800491e+01 |  -1.400000e+00 |
|   1.100000e-02 |       6.090858e-01 |       6.034660e-01 |   2.811709e+01 |   2.800479e+01 |  -1.400000e+00 |
|   1.200000e-02 |       6.090881e-01 |       6.035246e-01 |   2.811719e+01 |   2.800469e+01 |  -1.400000e+00 |
|   1.300000e-02 |       6.090893e-01 |       6.035851e-01 |   2.811727e+01 |   2.800460e+01 |  -1.400000e+00 |
|   1.400000e-02 |       6.090897e-01 |       6.036422e-01 |   2.811732e+01 |   2.800453e+01 |  -1.400000e+00 |
+----------------+--------------------+--------------------+----------------+----------------+----------------+


Time Step 15, time = 0.015, dt = 0.001
 * Nonlinear |R| = [32m4.076560e-02[39m (Before preset BCs, predictors, correctors, and constraints)
 0 Nonlinear |R| = [32m4.076560e-02[39m
      0 Linear |R| = [32m4.076560e-02[39m
      1 Linear |R| = [32m2.144754e-03[39m
      2 Linear |R| = [33m2.104896e-03[39m
      3 Linear |R| = [32m6.277304e-04[39m
      4 Linear |R| = [32m5.419938e-05[39m
      5 Linear |R| = [32m2.846470e-05[39m
      6 Linear |R| = [32m1.294763e-05[39m
      7 Linear |R| = [32m7.941287e-06[39m
      8 Linear |R| = [32m2.052974e-06[39m
      9 Linear |R| = [32m1.148389e-06[39m
     10 Linear |R| = [32m8.552691e-07[39m
     11 Linear |R| = [32m5.515918e-07[39m
     12 Linear |R| = [32m1.435854e-07[39m
     13 Linear |R| = [32m9.379649e-08[39m
     14 Linear |R| = [32m1.825427e-08[39m
     15 Linear |R| = [32m1.422024e-08[39m
     16 Linear |R| = [32m9.804317e-09[39m
     17 Linear |R| = [32m4.077696e-09[39m
     18 Linear |R| = [32m1.235117e-09[39m
     19 Linear |R| = [32m7.072976e-10[39m
     20 Linear |R| = [32m4.408691e-10[39m
     21 Linear |R| = [32m1.902578e-10[39m
     22 Linear |R| = [32m8.118620e-11[39m
     23 Linear |R| = [32m4.331193e-11[39m
     24 Linear |R| = [32m8.410482e-12[39m
 1 Nonlinear |R| = [32m7.036654e-06[39m
      0 Linear |R| = [32m7.036654e-06[39m
      1 Linear |R| = [32m1.836115e-07[39m
      2 Linear |R| = [32m1.701684e-07[39m
      3 Linear |R| = [32m4.399393e-08[39m
      4 Linear |R| = [32m4.402052e-09[39m
      5 Linear |R| = [32m4.087906e-09[39m
      6 Linear |R| = [32m2.036676e-09[39m
      7 Linear |R| = [32m8.588620e-10[39m
      8 Linear |R| = [32m2.065960e-10[39m
      9 Linear |R| = [32m1.228062e-10[39m
     10 Linear |R| = [32m1.158876e-10[39m
     11 Linear |R| = [32m4.758192e-11[39m
     12 Linear |R| = [32m1.517722e-11[39m
     13 Linear |R| = [32m8.500096e-12[39m
     14 Linear |R| = [32m1.491664e-12[39m
     15 Linear |R| = [33m1.452990e-12[39m
     16 Linear |R| = [32m8.713297e-13[39m
     17 Linear |R| = [32m3.125567e-13[39m
     18 Linear |R| = [32m1.067272e-13[39m
     19 Linear |R| = [32m6.105161e-14[39m
     20 Linear |R| = [32m4.970639e-14[39m
     21 Linear |R| = [32m1.539285e-14[39m
     22 Linear |R| = [32m7.065488e-15[39m
     23 Linear |R| = [32m3.579280e-15[39m
 2 Nonlinear |R| = [32m1.246916e-11[39m
[32m Solve Converged![39m

Postprocessor Values:
+----------------+----------------+----------------+----------------+----------------+----------------+----------------+
| time           | J_max          | J_min          | Jbar_max       | Jbar_min       | center_pressure| edge_ux        |
+----------------+----------------+----------------+----------------+----------------+----------------+----------------+
:                :                :                :                :                :                :                :
|   1.000000e-03 |   9.924195e-01 |   9.876946e-01 |   9.952509e-01 |   9.947172e-01 |   1.005170e-01 |   4.306577e-03 |
|   2.000000e-03 |   9.849195e-01 |   9.754865e-01 |   9.905800e-01 |   9.895670e-01 |   2.002191e-01 |   8.338531e-03 |
|   3.000000e-03 |   9.850300e-01 |   9.751054e-01 |   9.905600e-01 |   9.895099e-01 |   2.005153e-01 |   8.117602e-03 |
|   4.000000e-03 |   9.851461e-01 |   9.749183e-01 |   9.905802e-01 |   9.894593e-01 |   2.004827e-01 |   7.965061e-03 |
|   5.000000e-03 |   9.852385e-01 |   9.748140e-01 |   9.906094e-01 |   9.894326e-01 |   2.001262e-01 |   7.847122e-03 |
|   6.000000e-03 |   9.852811e-01 |   9.747515e-01 |   9.906445e-01 |   9.894181e-01 |   1.994828e-01 |   7.749507e-03 |
|   7.000000e-03 |   9.852822e-01 |   9.747128e-01 |   9.906752e-01 |   9.894105e-01 |   1.986137e-01 |   7.665064e-03 |
|   8.000000e-03 |   9.852506e-01 |   9.746888e-01 |   9.906973e-01 |   9.894072e-01 |   1.975837e-01 |   7.589723e-03 |
|   9.000000e-03 |   9.851945e-01 |   9.746745e-01 |   9.907117e-01 |   9.894066e-01 |   1.964490e-01 |   7.520941e-03 |
|   1.000000e-02 |   9.851203e-01 |   9.746667e-01 |   9.907199e-01 |   9.894079e-01 |   1.952534e-01 |   7.457023e-03 |
|   1.100000e-02 |   9.850334e-01 |   9.746634e-01 |   9.907235e-01 |   9.894104e-01 |   1.940283e-01 |   7.396787e-03 |
|   1.200000e-02 |   9.849377e-01 |   9.746632e-01 |   9.907236e-01 |   9.894137e-01 |   1.927954e-01 |   7.339377e-03 |
|   1.300000e-02 |   9.848364e-01 |   9.746651e-01 |   9.907209e-01 |   9.894175e-01 |   1.915687e-01 |   7.284159e-03 |
|   1.400000e-02 |   9.847316e-01 |   9.746684e-01 |   9.907162e-01 |   9.894215e-01 |   1.903571e-01 |   7.230658e-03 |
|   1.500000e-02 |   9.846250e-01 |   9.746724e-01 |   9.907099e-01 |   9.894256e-01 |   1.891658e-01 |   7.178512e-03 |
+----------------+----------------+----------------+----------------+----------------+----------------+----------------+
+----------------+----------------+----------------+------------------+----------------+----------------+
| time           | mass           | mass_reaction  | outflow_gradient | platen_max     | platen_min     |
+----------------+----------------+----------------+------------------+----------------+----------------+
:                :                :                :                  :                :                :
|   1.000000e-03 |   1.599312e+00 |  -6.875188e-01 |     2.464532e-01 |  -2.082408e-02 |  -2.082408e-02 |
|   2.000000e-03 |   1.598258e+00 |  -1.054491e+00 |     4.330742e-01 |  -4.111086e-02 |  -4.111086e-02 |
|   3.000000e-03 |   1.597557e+00 |  -7.009676e-01 |     3.565104e-01 |  -4.120727e-02 |  -4.120727e-02 |
|   4.000000e-03 |   1.596937e+00 |  -6.197163e-01 |     3.173477e-01 |  -4.129246e-02 |  -4.129246e-02 |
|   5.000000e-03 |   1.596366e+00 |  -5.713368e-01 |     2.933493e-01 |  -4.137098e-02 |  -4.137098e-02 |
|   6.000000e-03 |   1.595828e+00 |  -5.384460e-01 |     2.768176e-01 |  -4.144496e-02 |  -4.144496e-02 |
|   7.000000e-03 |   1.595313e+00 |  -5.141534e-01 |     2.645306e-01 |  -4.151559e-02 |  -4.151559e-02 |
|   8.000000e-03 |   1.594818e+00 |  -4.952005e-01 |     2.549147e-01 |  -4.158361e-02 |  -4.158361e-02 |
|   9.000000e-03 |   1.594338e+00 |  -4.798294e-01 |     2.471047e-01 |  -4.164950e-02 |  -4.164950e-02 |
|   1.000000e-02 |   1.593871e+00 |  -4.669949e-01 |     2.405804e-01 |  -4.171364e-02 |  -4.171364e-02 |
|   1.100000e-02 |   1.593415e+00 |  -4.560298e-01 |     2.350073e-01 |  -4.177626e-02 |  -4.177626e-02 |
|   1.200000e-02 |   1.592969e+00 |  -4.464847e-01 |     2.301589e-01 |  -4.183757e-02 |  -4.183757e-02 |
|   1.300000e-02 |   1.592531e+00 |  -4.380448e-01 |     2.258757e-01 |  -4.189773e-02 |  -4.189773e-02 |
|   1.400000e-02 |   1.592100e+00 |  -4.304825e-01 |     2.220420e-01 |  -4.195684e-02 |  -4.195684e-02 |
|   1.500000e-02 |   1.591677e+00 |  -4.236293e-01 |     2.185716e-01 |  -4.201502e-02 |  -4.201502e-02 |
+----------------+----------------+----------------+------------------+----------------+----------------+
+----------------+--------------------+--------------------+----------------+----------------+----------------+
| time           | solid_fraction_max | solid_fraction_min | stability_max  | stability_min  | top_reaction   |
+----------------+--------------------+--------------------+----------------+----------------+----------------+
:                :                    :                    :                :                :                :
|   1.000000e-03 |       6.043080e-01 |       6.016948e-01 |   2.805847e+01 |   2.800526e+01 |  -7.000000e-01 |
|   2.000000e-03 |       6.086903e-01 |       6.033596e-01 |   2.811567e+01 |   2.800920e+01 |  -1.400000e+00 |
|   3.000000e-03 |       6.088633e-01 |       6.033206e-01 |   2.811578e+01 |   2.800743e+01 |  -1.400000e+00 |
|   4.000000e-03 |       6.089490e-01 |       6.032816e-01 |   2.811591e+01 |   2.800655e+01 |  -1.400000e+00 |
|   5.000000e-03 |       6.090005e-01 |       6.032629e-01 |   2.811608e+01 |   2.800603e+01 |  -1.400000e+00 |
|   6.000000e-03 |       6.090326e-01 |       6.032647e-01 |   2.811626e+01 |   2.800567e+01 |  -1.400000e+00 |
|   7.000000e-03 |       6.090533e-01 |       6.032839e-01 |   2.811646e+01 |   2.800541e+01 |  -1.400000e+00 |
|   8.000000e-03 |       6.090669e-01 |       6.033169e-01 |   2.811665e+01 |   2.800521e+01 |  -1.400000e+00 |
|   9.000000e-03 |       6.090760e-01 |       6.033601e-01 |   2.811681e+01 |   2.800504e+01 |  -1.400000e+00 |
|   1.000000e-02 |       6.090820e-01 |       6.034105e-01 |   2.811696e+01 |   2.800491e+01 |  -1.400000e+00 |
|   1.100000e-02 |       6.090858e-01 |       6.034660e-01 |   2.811709e+01 |   2.800479e+01 |  -1.400000e+00 |
|   1.200000e-02 |       6.090881e-01 |       6.035246e-01 |   2.811719e+01 |   2.800469e+01 |  -1.400000e+00 |
|   1.300000e-02 |       6.090893e-01 |       6.035851e-01 |   2.811727e+01 |   2.800460e+01 |  -1.400000e+00 |
|   1.400000e-02 |       6.090897e-01 |       6.036422e-01 |   2.811732e+01 |   2.800453e+01 |  -1.400000e+00 |
|   1.500000e-02 |       6.090897e-01 |       6.036534e-01 |   2.811735e+01 |   2.800445e+01 |  -1.400000e+00 |
+----------------+--------------------+--------------------+----------------+----------------+----------------+


Time Step 16, time = 0.016, dt = 0.001
 * Nonlinear |R| = [32m3.944934e-02[39m (Before preset BCs, predictors, correctors, and constraints)
 0 Nonlinear |R| = [32m3.944934e-02[39m
      0 Linear |R| = [32m3.944934e-02[39m
      1 Linear |R| = [32m2.113133e-03[39m
      2 Linear |R| = [33m2.073836e-03[39m
      3 Linear |R| = [32m6.184743e-04[39m
      4 Linear |R| = [32m5.329126e-05[39m
      5 Linear |R| = [32m2.631761e-05[39m
      6 Linear |R| = [32m1.254883e-05[39m
      7 Linear |R| = [32m7.720525e-06[39m
      8 Linear |R| = [32m1.999939e-06[39m
      9 Linear |R| = [32m1.115270e-06[39m
     10 Linear |R| = [32m8.019095e-07[39m
     11 Linear |R| = [32m5.384150e-07[39m
     12 Linear |R| = [32m1.391925e-07[39m
     13 Linear |R| = [32m9.124797e-08[39m
     14 Linear |R| = [32m1.791117e-08[39m
     15 Linear |R| = [32m1.408993e-08[39m
     16 Linear |R| = [32m9.617309e-09[39m
     17 Linear |R| = [32m4.010490e-09[39m
     18 Linear |R| = [32m1.214715e-09[39m
     19 Linear |R| = [32m6.965767e-10[39m
     20 Linear |R| = [32m4.386386e-10[39m
     21 Linear |R| = [32m1.880788e-10[39m
     22 Linear |R| = [32m8.025288e-11[39m
     23 Linear |R| = [32m4.278826e-11[39m
     24 Linear |R| = [32m8.284614e-12[39m
 1 Nonlinear |R| = [32m6.500815e-06[39m
      0 Linear |R| = [32m6.500815e-06[39m
      1 Linear |R| = [32m1.731426e-07[39m
      2 Linear |R| = [32m1.571491e-07[39m
      3 Linear |R| = [32m4.054487e-08[39m
      4 Linear |R| = [32m4.021806e-09[39m
      5 Linear |R| = [32m3.673413e-09[39m
      6 Linear |R| = [32m1.841779e-09[39m
      7 Linear |R| = [32m7.878767e-10[39m
      8 Linear |R| = [32m1.919768e-10[39m
      9 Linear |R| = [32m1.140079e-10[39m
     10 Linear |R| = [32m1.046746e-10[39m
     11 Linear |R| = [32m4.387640e-11[39m
     12 Linear |R| = [32m1.393192e-11[39m
     13 Linear |R| = [32m7.803737e-12[39m
     14 Linear |R| = [32m1.424438e-12[39m
     15 Linear |R| = [33m1.377950e-12[39m
     16 Linear |R| = [32m8.631296e-13[39m
     17 Linear |R| = [32m2.837605e-13[39m
     18 Linear |R| = [32m1.029820e-13[39m
     19 Linear |R| = [32m5.189777e-14[39m
     20 Linear |R| = [32m4.447441e-14[39m
     21 Linear |R| = [32m1.317501e-14[39m
     22 Linear |R| = [32m6.944979e-15[39m
     23 Linear |R| = [32m3.102210e-15[39m
 2 Nonlinear |R| = [32m1.064309e-11[39m
[32m Solve Converged![39m

Postprocessor Values:
+----------------+----------------+----------------+----------------+----------------+----------------+----------------+
| time           | J_max          | J_min          | Jbar_max       | Jbar_min       | center_pressure| edge_ux        |
+----------------+----------------+----------------+----------------+----------------+----------------+----------------+
:                :                :                :                :                :                :                :
|   2.000000e-03 |   9.849195e-01 |   9.754865e-01 |   9.905800e-01 |   9.895670e-01 |   2.002191e-01 |   8.338531e-03 |
|   3.000000e-03 |   9.850300e-01 |   9.751054e-01 |   9.905600e-01 |   9.895099e-01 |   2.005153e-01 |   8.117602e-03 |
|   4.000000e-03 |   9.851461e-01 |   9.749183e-01 |   9.905802e-01 |   9.894593e-01 |   2.004827e-01 |   7.965061e-03 |
|   5.000000e-03 |   9.852385e-01 |   9.748140e-01 |   9.906094e-01 |   9.894326e-01 |   2.001262e-01 |   7.847122e-03 |
|   6.000000e-03 |   9.852811e-01 |   9.747515e-01 |   9.906445e-01 |   9.894181e-01 |   1.994828e-01 |   7.749507e-03 |
|   7.000000e-03 |   9.852822e-01 |   9.747128e-01 |   9.906752e-01 |   9.894105e-01 |   1.986137e-01 |   7.665064e-03 |
|   8.000000e-03 |   9.852506e-01 |   9.746888e-01 |   9.906973e-01 |   9.894072e-01 |   1.975837e-01 |   7.589723e-03 |
|   9.000000e-03 |   9.851945e-01 |   9.746745e-01 |   9.907117e-01 |   9.894066e-01 |   1.964490e-01 |   7.520941e-03 |
|   1.000000e-02 |   9.851203e-01 |   9.746667e-01 |   9.907199e-01 |   9.894079e-01 |   1.952534e-01 |   7.457023e-03 |
|   1.100000e-02 |   9.850334e-01 |   9.746634e-01 |   9.907235e-01 |   9.894104e-01 |   1.940283e-01 |   7.396787e-03 |
|   1.200000e-02 |   9.849377e-01 |   9.746632e-01 |   9.907236e-01 |   9.894137e-01 |   1.927954e-01 |   7.339377e-03 |
|   1.300000e-02 |   9.848364e-01 |   9.746651e-01 |   9.907209e-01 |   9.894175e-01 |   1.915687e-01 |   7.284159e-03 |
|   1.400000e-02 |   9.847316e-01 |   9.746684e-01 |   9.907162e-01 |   9.894215e-01 |   1.903571e-01 |   7.230658e-03 |
|   1.500000e-02 |   9.846250e-01 |   9.746724e-01 |   9.907099e-01 |   9.894256e-01 |   1.891658e-01 |   7.178512e-03 |
|   1.600000e-02 |   9.845179e-01 |   9.746769e-01 |   9.907024e-01 |   9.894296e-01 |   1.879972e-01 |   7.127443e-03 |
+----------------+----------------+----------------+----------------+----------------+----------------+----------------+
+----------------+----------------+----------------+------------------+----------------+----------------+
| time           | mass           | mass_reaction  | outflow_gradient | platen_max     | platen_min     |
+----------------+----------------+----------------+------------------+----------------+----------------+
:                :                :                :                  :                :                :
|   2.000000e-03 |   1.598258e+00 |  -1.054491e+00 |     4.330742e-01 |  -4.111086e-02 |  -4.111086e-02 |
|   3.000000e-03 |   1.597557e+00 |  -7.009676e-01 |     3.565104e-01 |  -4.120727e-02 |  -4.120727e-02 |
|   4.000000e-03 |   1.596937e+00 |  -6.197163e-01 |     3.173477e-01 |  -4.129246e-02 |  -4.129246e-02 |
|   5.000000e-03 |   1.596366e+00 |  -5.713368e-01 |     2.933493e-01 |  -4.137098e-02 |  -4.137098e-02 |
|   6.000000e-03 |   1.595828e+00 |  -5.384460e-01 |     2.768176e-01 |  -4.144496e-02 |  -4.144496e-02 |
|   7.000000e-03 |   1.595313e+00 |  -5.141534e-01 |     2.645306e-01 |  -4.151559e-02 |  -4.151559e-02 |
|   8.000000e-03 |   1.594818e+00 |  -4.952005e-01 |     2.549147e-01 |  -4.158361e-02 |  -4.158361e-02 |
|   9.000000e-03 |   1.594338e+00 |  -4.798294e-01 |     2.471047e-01 |  -4.164950e-02 |  -4.164950e-02 |
|   1.000000e-02 |   1.593871e+00 |  -4.669949e-01 |     2.405804e-01 |  -4.171364e-02 |  -4.171364e-02 |
|   1.100000e-02 |   1.593415e+00 |  -4.560298e-01 |     2.350073e-01 |  -4.177626e-02 |  -4.177626e-02 |
|   1.200000e-02 |   1.592969e+00 |  -4.464847e-01 |     2.301589e-01 |  -4.183757e-02 |  -4.183757e-02 |
|   1.300000e-02 |   1.592531e+00 |  -4.380448e-01 |     2.258757e-01 |  -4.189773e-02 |  -4.189773e-02 |
|   1.400000e-02 |   1.592100e+00 |  -4.304825e-01 |     2.220420e-01 |  -4.195684e-02 |  -4.195684e-02 |
|   1.500000e-02 |   1.591677e+00 |  -4.236293e-01 |     2.185716e-01 |  -4.201502e-02 |  -4.201502e-02 |
|   1.600000e-02 |   1.591259e+00 |  -4.173578e-01 |     2.153993e-01 |  -4.207233e-02 |  -4.207233e-02 |
+----------------+----------------+----------------+------------------+----------------+----------------+
+----------------+--------------------+--------------------+----------------+----------------+----------------+
| time           | solid_fraction_max | solid_fraction_min | stability_max  | stability_min  | top_reaction   |
+----------------+--------------------+--------------------+----------------+----------------+----------------+
:                :                    :                    :                :                :                :
|   2.000000e-03 |       6.086903e-01 |       6.033596e-01 |   2.811567e+01 |   2.800920e+01 |  -1.400000e+00 |
|   3.000000e-03 |       6.088633e-01 |       6.033206e-01 |   2.811578e+01 |   2.800743e+01 |  -1.400000e+00 |
|   4.000000e-03 |       6.089490e-01 |       6.032816e-01 |   2.811591e+01 |   2.800655e+01 |  -1.400000e+00 |
|   5.000000e-03 |       6.090005e-01 |       6.032629e-01 |   2.811608e+01 |   2.800603e+01 |  -1.400000e+00 |
|   6.000000e-03 |       6.090326e-01 |       6.032647e-01 |   2.811626e+01 |   2.800567e+01 |  -1.400000e+00 |
|   7.000000e-03 |       6.090533e-01 |       6.032839e-01 |   2.811646e+01 |   2.800541e+01 |  -1.400000e+00 |
|   8.000000e-03 |       6.090669e-01 |       6.033169e-01 |   2.811665e+01 |   2.800521e+01 |  -1.400000e+00 |
|   9.000000e-03 |       6.090760e-01 |       6.033601e-01 |   2.811681e+01 |   2.800504e+01 |  -1.400000e+00 |
|   1.000000e-02 |       6.090820e-01 |       6.034105e-01 |   2.811696e+01 |   2.800491e+01 |  -1.400000e+00 |
|   1.100000e-02 |       6.090858e-01 |       6.034660e-01 |   2.811709e+01 |   2.800479e+01 |  -1.400000e+00 |
|   1.200000e-02 |       6.090881e-01 |       6.035246e-01 |   2.811719e+01 |   2.800469e+01 |  -1.400000e+00 |
|   1.300000e-02 |       6.090893e-01 |       6.035851e-01 |   2.811727e+01 |   2.800460e+01 |  -1.400000e+00 |
|   1.400000e-02 |       6.090897e-01 |       6.036422e-01 |   2.811732e+01 |   2.800453e+01 |  -1.400000e+00 |
|   1.500000e-02 |       6.090897e-01 |       6.036534e-01 |   2.811735e+01 |   2.800445e+01 |  -1.400000e+00 |
|   1.600000e-02 |       6.090894e-01 |       6.036653e-01 |   2.811736e+01 |   2.800439e+01 |  -1.400000e+00 |
+----------------+--------------------+--------------------+----------------+----------------+----------------+


Time Step 17, time = 0.017, dt = 0.001
 * Nonlinear |R| = [32m3.828523e-02[39m (Before preset BCs, predictors, correctors, and constraints)
 0 Nonlinear |R| = [32m3.828523e-02[39m
      0 Linear |R| = [32m3.828523e-02[39m
      1 Linear |R| = [32m2.083958e-03[39m
      2 Linear |R| = [33m2.045163e-03[39m
      3 Linear |R| = [32m6.099814e-04[39m
      4 Linear |R| = [32m5.254124e-05[39m
      5 Linear |R| = [32m2.722055e-05[39m
      6 Linear |R| = [32m1.217802e-05[39m
      7 Linear |R| = [32m7.514027e-06[39m
      8 Linear |R| = [32m1.950403e-06[39m
      9 Linear |R| = [32m1.084441e-06[39m
     10 Linear |R| = [32m7.816661e-07[39m
     11 Linear |R| = [32m5.262228e-07[39m
     12 Linear |R| = [32m1.349715e-07[39m
     13 Linear |R| = [32m8.878624e-08[39m
     14 Linear |R| = [32m1.757447e-08[39m
     15 Linear |R| = [32m1.391893e-08[39m
     16 Linear |R| = [32m9.426931e-09[39m
     17 Linear |R| = [32m3.943639e-09[39m
     18 Linear |R| = [32m1.193510e-09[39m
     19 Linear |R| = [32m6.855165e-10[39m
     20 Linear |R| = [32m4.233698e-10[39m
     21 Linear |R| = [32m1.857076e-10[39m
     22 Linear |R| = [32m7.926077e-11[39m
     23 Linear |R| = [32m4.226226e-11[39m
     24 Linear |R| = [32m8.166395e-12[39m
 1 Nonlinear |R| = [32m6.042363e-06[39m
      0 Linear |R| = [32m6.042363e-06[39m
      1 Linear |R| = [32m1.632663e-07[39m
      2 Linear |R| = [32m1.482884e-07[39m
      3 Linear |R| = [32m3.823562e-08[39m
      4 Linear |R| = [32m3.785564e-09[39m
      5 Linear |R| = [32m3.442032e-09[39m
      6 Linear |R| = [32m1.730191e-09[39m
      7 Linear |R| = [32m7.402761e-10[39m
      8 Linear |R| = [32m1.789550e-10[39m
      9 Linear |R| = [32m1.064605e-10[39m
     10 Linear |R| = [32m9.692907e-11[39m
     11 Linear |R| = [32m4.148908e-11[39m
     12 Linear |R| = [32m1.330759e-11[39m
     13 Linear |R| = [32m7.450575e-12[39m
     14 Linear |R| = [32m1.304844e-12[39m
     15 Linear |R| = [33m1.250760e-12[39m
     16 Linear |R| = [32m7.773007e-13[39m
     17 Linear |R| = [32m2.598767e-13[39m
     18 Linear |R| = [32m9.591244e-14[39m
     19 Linear |R| = [32m4.407044e-14[39m
     20 Linear |R| = [32m3.643911e-14[39m
     21 Linear |R| = [32m1.088896e-14[39m
     22 Linear |R| = [32m6.068014e-15[39m
     23 Linear |R| = [32m2.263323e-15[39m
 2 Nonlinear |R| = [32m1.000180e-11[39m
[32m Solve Converged![39m

Postprocessor Values:
+----------------+----------------+----------------+----------------+----------------+----------------+----------------+
| time           | J_max          | J_min          | Jbar_max       | Jbar_min       | center_pressure| edge_ux        |
+----------------+----------------+----------------+----------------+----------------+----------------+----------------+
:                :                :                :                :                :                :                :
|   3.000000e-03 |   9.850300e-01 |   9.751054e-01 |   9.905600e-01 |   9.895099e-01 |   2.005153e-01 |   8.117602e-03 |
|   4.000000e-03 |   9.851461e-01 |   9.749183e-01 |   9.905802e-01 |   9.894593e-01 |   2.004827e-01 |   7.965061e-03 |
|   5.000000e-03 |   9.852385e-01 |   9.748140e-01 |   9.906094e-01 |   9.894326e-01 |   2.001262e-01 |   7.847122e-03 |
|   6.000000e-03 |   9.852811e-01 |   9.747515e-01 |   9.906445e-01 |   9.894181e-01 |   1.994828e-01 |   7.749507e-03 |
|   7.000000e-03 |   9.852822e-01 |   9.747128e-01 |   9.906752e-01 |   9.894105e-01 |   1.986137e-01 |   7.665064e-03 |
|   8.000000e-03 |   9.852506e-01 |   9.746888e-01 |   9.906973e-01 |   9.894072e-01 |   1.975837e-01 |   7.589723e-03 |
|   9.000000e-03 |   9.851945e-01 |   9.746745e-01 |   9.907117e-01 |   9.894066e-01 |   1.964490e-01 |   7.520941e-03 |
|   1.000000e-02 |   9.851203e-01 |   9.746667e-01 |   9.907199e-01 |   9.894079e-01 |   1.952534e-01 |   7.457023e-03 |
|   1.100000e-02 |   9.850334e-01 |   9.746634e-01 |   9.907235e-01 |   9.894104e-01 |   1.940283e-01 |   7.396787e-03 |
|   1.200000e-02 |   9.849377e-01 |   9.746632e-01 |   9.907236e-01 |   9.894137e-01 |   1.927954e-01 |   7.339377e-03 |
|   1.300000e-02 |   9.848364e-01 |   9.746651e-01 |   9.907209e-01 |   9.894175e-01 |   1.915687e-01 |   7.284159e-03 |
|   1.400000e-02 |   9.847316e-01 |   9.746684e-01 |   9.907162e-01 |   9.894215e-01 |   1.903571e-01 |   7.230658e-03 |
|   1.500000e-02 |   9.846250e-01 |   9.746724e-01 |   9.907099e-01 |   9.894256e-01 |   1.891658e-01 |   7.178512e-03 |
|   1.600000e-02 |   9.845179e-01 |   9.746769e-01 |   9.907024e-01 |   9.894296e-01 |   1.879972e-01 |   7.127443e-03 |
|   1.700000e-02 |   9.844111e-01 |   9.746815e-01 |   9.906940e-01 |   9.894336e-01 |   1.868525e-01 |   7.077238e-03 |
+----------------+----------------+----------------+----------------+----------------+----------------+----------------+
+----------------+----------------+----------------+------------------+----------------+----------------+
| time           | mass           | mass_reaction  | outflow_gradient | platen_max     | platen_min     |
+----------------+----------------+----------------+------------------+----------------+----------------+
:                :                :                :                  :                :                :
|   3.000000e-03 |   1.597557e+00 |  -7.009676e-01 |     3.565104e-01 |  -4.120727e-02 |  -4.120727e-02 |
|   4.000000e-03 |   1.596937e+00 |  -6.197163e-01 |     3.173477e-01 |  -4.129246e-02 |  -4.129246e-02 |
|   5.000000e-03 |   1.596366e+00 |  -5.713368e-01 |     2.933493e-01 |  -4.137098e-02 |  -4.137098e-02 |
|   6.000000e-03 |   1.595828e+00 |  -5.384460e-01 |     2.768176e-01 |  -4.144496e-02 |  -4.144496e-02 |
|   7.000000e-03 |   1.595313e+00 |  -5.141534e-01 |     2.645306e-01 |  -4.151559e-02 |  -4.151559e-02 |
|   8.000000e-03 |   1.594818e+00 |  -4.952005e-01 |     2.549147e-01 |  -4.158361e-02 |  -4.158361e-02 |
|   9.000000e-03 |   1.594338e+00 |  -4.798294e-01 |     2.471047e-01 |  -4.164950e-02 |  -4.164950e-02 |
|   1.000000e-02 |   1.593871e+00 |  -4.669949e-01 |     2.405804e-01 |  -4.171364e-02 |  -4.171364e-02 |
|   1.100000e-02 |   1.593415e+00 |  -4.560298e-01 |     2.350073e-01 |  -4.177626e-02 |  -4.177626e-02 |
|   1.200000e-02 |   1.592969e+00 |  -4.464847e-01 |     2.301589e-01 |  -4.183757e-02 |  -4.183757e-02 |
|   1.300000e-02 |   1.592531e+00 |  -4.380448e-01 |     2.258757e-01 |  -4.189773e-02 |  -4.189773e-02 |
|   1.400000e-02 |   1.592100e+00 |  -4.304825e-01 |     2.220420e-01 |  -4.195684e-02 |  -4.195684e-02 |
|   1.500000e-02 |   1.591677e+00 |  -4.236293e-01 |     2.185716e-01 |  -4.201502e-02 |  -4.201502e-02 |
|   1.600000e-02 |   1.591259e+00 |  -4.173578e-01 |     2.153993e-01 |  -4.207233e-02 |  -4.207233e-02 |
|   1.700000e-02 |   1.590848e+00 |  -4.115704e-01 |     2.124748e-01 |  -4.212885e-02 |  -4.212885e-02 |
+----------------+----------------+----------------+------------------+----------------+----------------+
+----------------+--------------------+--------------------+----------------+----------------+----------------+
| time           | solid_fraction_max | solid_fraction_min | stability_max  | stability_min  | top_reaction   |
+----------------+--------------------+--------------------+----------------+----------------+----------------+
:                :                    :                    :                :                :                :
|   3.000000e-03 |       6.088633e-01 |       6.033206e-01 |   2.811578e+01 |   2.800743e+01 |  -1.400000e+00 |
|   4.000000e-03 |       6.089490e-01 |       6.032816e-01 |   2.811591e+01 |   2.800655e+01 |  -1.400000e+00 |
|   5.000000e-03 |       6.090005e-01 |       6.032629e-01 |   2.811608e+01 |   2.800603e+01 |  -1.400000e+00 |
|   6.000000e-03 |       6.090326e-01 |       6.032647e-01 |   2.811626e+01 |   2.800567e+01 |  -1.400000e+00 |
|   7.000000e-03 |       6.090533e-01 |       6.032839e-01 |   2.811646e+01 |   2.800541e+01 |  -1.400000e+00 |
|   8.000000e-03 |       6.090669e-01 |       6.033169e-01 |   2.811665e+01 |   2.800521e+01 |  -1.400000e+00 |
|   9.000000e-03 |       6.090760e-01 |       6.033601e-01 |   2.811681e+01 |   2.800504e+01 |  -1.400000e+00 |
|   1.000000e-02 |       6.090820e-01 |       6.034105e-01 |   2.811696e+01 |   2.800491e+01 |  -1.400000e+00 |
|   1.100000e-02 |       6.090858e-01 |       6.034660e-01 |   2.811709e+01 |   2.800479e+01 |  -1.400000e+00 |
|   1.200000e-02 |       6.090881e-01 |       6.035246e-01 |   2.811719e+01 |   2.800469e+01 |  -1.400000e+00 |
|   1.300000e-02 |       6.090893e-01 |       6.035851e-01 |   2.811727e+01 |   2.800460e+01 |  -1.400000e+00 |
|   1.400000e-02 |       6.090897e-01 |       6.036422e-01 |   2.811732e+01 |   2.800453e+01 |  -1.400000e+00 |
|   1.500000e-02 |       6.090897e-01 |       6.036534e-01 |   2.811735e+01 |   2.800445e+01 |  -1.400000e+00 |
|   1.600000e-02 |       6.090894e-01 |       6.036653e-01 |   2.811736e+01 |   2.800439e+01 |  -1.400000e+00 |
|   1.700000e-02 |       6.090889e-01 |       6.036780e-01 |   2.811736e+01 |   2.800433e+01 |  -1.400000e+00 |
+----------------+--------------------+--------------------+----------------+----------------+----------------+


Time Step 18, time = 0.018, dt = 0.001
 * Nonlinear |R| = [32m3.724467e-02[39m (Before preset BCs, predictors, correctors, and constraints)
 0 Nonlinear |R| = [32m3.724467e-02[39m
      0 Linear |R| = [32m3.724467e-02[39m
      1 Linear |R| = [32m2.056873e-03[39m
      2 Linear |R| = [33m2.018551e-03[39m
      3 Linear |R| = [32m6.020192e-04[39m
      4 Linear |R| = [32m5.175996e-05[39m
      5 Linear |R| = [32m2.571295e-05[39m
      6 Linear |R| = [32m1.182981e-05[39m
      7 Linear |R| = [32m7.319921e-06[39m
      8 Linear |R| = [32m1.903947e-06[39m
      9 Linear |R| = [32m1.055769e-06[39m
     10 Linear |R| = [32m7.990235e-07[39m
     11 Linear |R| = [32m5.150795e-07[39m
     12 Linear |R| = [32m1.309159e-07[39m
     13 Linear |R| = [32m8.640670e-08[39m
     14 Linear |R| = [32m1.725496e-08[39m
     15 Linear |R| = [32m1.394481e-08[39m
     16 Linear |R| = [32m9.235429e-09[39m
     17 Linear |R| = [32m3.877419e-09[39m
     18 Linear |R| = [32m1.171817e-09[39m
     19 Linear |R| = [32m6.746512e-10[39m
     20 Linear |R| = [32m4.438607e-10[39m
     21 Linear |R| = [32m1.833133e-10[39m
     22 Linear |R| = [32m7.822815e-11[39m
     23 Linear |R| = [32m4.173552e-11[39m
     24 Linear |R| = [32m8.057496e-12[39m
 1 Nonlinear |R| = [32m5.643952e-06[39m
      0 Linear |R| = [32m5.643952e-06[39m
      1 Linear |R| = [32m1.545868e-07[39m
      2 Linear |R| = [32m1.372488e-07[39m
      3 Linear |R| = [32m3.537733e-08[39m
      4 Linear |R| = [32m3.556938e-09[39m
      5 Linear |R| = [32m3.288157e-09[39m
      6 Linear |R| = [32m1.672032e-09[39m
      7 Linear |R| = [32m6.956963e-10[39m
      8 Linear |R| = [32m1.755612e-10[39m
      9 Linear |R| = [32m1.050072e-10[39m
     10 Linear |R| = [32m9.712271e-11[39m
     11 Linear |R| = [32m3.940029e-11[39m
     12 Linear |R| = [32m1.340929e-11[39m
     13 Linear |R| = [32m7.242874e-12[39m
     14 Linear |R| = [32m1.305821e-12[39m
     15 Linear |R| = [33m1.269146e-12[39m
     16 Linear |R| = [32m7.909788e-13[39m
     17 Linear |R| = [32m2.696210e-13[39m
     18 Linear |R| = [32m1.019067e-13[39m
     19 Linear |R| = [32m5.602504e-14[39m
     20 Linear |R| = [32m4.583993e-14[39m
     21 Linear |R| = [32m1.290961e-14[39m
     22 Linear |R| = [32m5.968575e-15[39m
     23 Linear |R| = [32m2.985219e-15[39m
 2 Nonlinear |R| = [32m9.789610e-12[39m
[32m Solve Converged![39m

Postprocessor Values:
+----------------+----------------+----------------+----------------+----------------+----------------+----------------+
| time           | J_max          | J_min          | Jbar_max       | Jbar_min       | center_pressure| edge_ux        |
+----------------+----------------+----------------+----------------+----------------+----------------+----------------+
:                :                :                :                :                :                :                :
|   4.000000e-03 |   9.851461e-01 |   9.749183e-01 |   9.905802e-01 |   9.894593e-01 |   2.004827e-01 |   7.965061e-03 |
|   5.000000e-03 |   9.852385e-01 |   9.748140e-01 |   9.906094e-01 |   9.894326e-01 |   2.001262e-01 |   7.847122e-03 |
|   6.000000e-03 |   9.852811e-01 |   9.747515e-01 |   9.906445e-01 |   9.894181e-01 |   1.994828e-01 |   7.749507e-03 |
|   7.000000e-03 |   9.852822e-01 |   9.747128e-01 |   9.906752e-01 |   9.894105e-01 |   1.986137e-01 |   7.665064e-03 |
|   8.000000e-03 |   9.852506e-01 |   9.746888e-01 |   9.906973e-01 |   9.894072e-01 |   1.975837e-01 |   7.589723e-03 |
|   9.000000e-03 |   9.851945e-01 |   9.746745e-01 |   9.907117e-01 |   9.894066e-01 |   1.964490e-01 |   7.520941e-03 |
|   1.000000e-02 |   9.851203e-01 |   9.746667e-01 |   9.907199e-01 |   9.894079e-01 |   1.952534e-01 |   7.457023e-03 |
|   1.100000e-02 |   9.850334e-01 |   9.746634e-01 |   9.907235e-01 |   9.894104e-01 |   1.940283e-01 |   7.396787e-03 |
|   1.200000e-02 |   9.849377e-01 |   9.746632e-01 |   9.907236e-01 |   9.894137e-01 |   1.927954e-01 |   7.339377e-03 |
|   1.300000e-02 |   9.848364e-01 |   9.746651e-01 |   9.907209e-01 |   9.894175e-01 |   1.915687e-01 |   7.284159e-03 |
|   1.400000e-02 |   9.847316e-01 |   9.746684e-01 |   9.907162e-01 |   9.894215e-01 |   1.903571e-01 |   7.230658e-03 |
|   1.500000e-02 |   9.846250e-01 |   9.746724e-01 |   9.907099e-01 |   9.894256e-01 |   1.891658e-01 |   7.178512e-03 |
|   1.600000e-02 |   9.845179e-01 |   9.746769e-01 |   9.907024e-01 |   9.894296e-01 |   1.879972e-01 |   7.127443e-03 |
|   1.700000e-02 |   9.844111e-01 |   9.746815e-01 |   9.906940e-01 |   9.894336e-01 |   1.868525e-01 |   7.077238e-03 |
|   1.800000e-02 |   9.843053e-01 |   9.746860e-01 |   9.906850e-01 |   9.894373e-01 |   1.857316e-01 |   7.027731e-03 |
+----------------+----------------+----------------+----------------+----------------+----------------+----------------+
+----------------+----------------+----------------+------------------+----------------+----------------+
| time           | mass           | mass_reaction  | outflow_gradient | platen_max     | platen_min     |
+----------------+----------------+----------------+------------------+----------------+----------------+
:                :                :                :                  :                :                :
|   4.000000e-03 |   1.596937e+00 |  -6.197163e-01 |     3.173477e-01 |  -4.129246e-02 |  -4.129246e-02 |
|   5.000000e-03 |   1.596366e+00 |  -5.713368e-01 |     2.933493e-01 |  -4.137098e-02 |  -4.137098e-02 |
|   6.000000e-03 |   1.595828e+00 |  -5.384460e-01 |     2.768176e-01 |  -4.144496e-02 |  -4.144496e-02 |
|   7.000000e-03 |   1.595313e+00 |  -5.141534e-01 |     2.645306e-01 |  -4.151559e-02 |  -4.151559e-02 |
|   8.000000e-03 |   1.594818e+00 |  -4.952005e-01 |     2.549147e-01 |  -4.158361e-02 |  -4.158361e-02 |
|   9.000000e-03 |   1.594338e+00 |  -4.798294e-01 |     2.471047e-01 |  -4.164950e-02 |  -4.164950e-02 |
|   1.000000e-02 |   1.593871e+00 |  -4.669949e-01 |     2.405804e-01 |  -4.171364e-02 |  -4.171364e-02 |
|   1.100000e-02 |   1.593415e+00 |  -4.560298e-01 |     2.350073e-01 |  -4.177626e-02 |  -4.177626e-02 |
|   1.200000e-02 |   1.592969e+00 |  -4.464847e-01 |     2.301589e-01 |  -4.183757e-02 |  -4.183757e-02 |
|   1.300000e-02 |   1.592531e+00 |  -4.380448e-01 |     2.258757e-01 |  -4.189773e-02 |  -4.189773e-02 |
|   1.400000e-02 |   1.592100e+00 |  -4.304825e-01 |     2.220420e-01 |  -4.195684e-02 |  -4.195684e-02 |
|   1.500000e-02 |   1.591677e+00 |  -4.236293e-01 |     2.185716e-01 |  -4.201502e-02 |  -4.201502e-02 |
|   1.600000e-02 |   1.591259e+00 |  -4.173578e-01 |     2.153993e-01 |  -4.207233e-02 |  -4.207233e-02 |
|   1.700000e-02 |   1.590848e+00 |  -4.115704e-01 |     2.124748e-01 |  -4.212885e-02 |  -4.212885e-02 |
|   1.800000e-02 |   1.590442e+00 |  -4.061909e-01 |     2.097588e-01 |  -4.218464e-02 |  -4.218464e-02 |
+----------------+----------------+----------------+------------------+----------------+----------------+
+----------------+--------------------+--------------------+----------------+----------------+----------------+
| time           | solid_fraction_max | solid_fraction_min | stability_max  | stability_min  | top_reaction   |
+----------------+--------------------+--------------------+----------------+----------------+----------------+
:                :                    :                    :                :                :                :
|   4.000000e-03 |       6.089490e-01 |       6.032816e-01 |   2.811591e+01 |   2.800655e+01 |  -1.400000e+00 |
|   5.000000e-03 |       6.090005e-01 |       6.032629e-01 |   2.811608e+01 |   2.800603e+01 |  -1.400000e+00 |
|   6.000000e-03 |       6.090326e-01 |       6.032647e-01 |   2.811626e+01 |   2.800567e+01 |  -1.400000e+00 |
|   7.000000e-03 |       6.090533e-01 |       6.032839e-01 |   2.811646e+01 |   2.800541e+01 |  -1.400000e+00 |
|   8.000000e-03 |       6.090669e-01 |       6.033169e-01 |   2.811665e+01 |   2.800521e+01 |  -1.400000e+00 |
|   9.000000e-03 |       6.090760e-01 |       6.033601e-01 |   2.811681e+01 |   2.800504e+01 |  -1.400000e+00 |
|   1.000000e-02 |       6.090820e-01 |       6.034105e-01 |   2.811696e+01 |   2.800491e+01 |  -1.400000e+00 |
|   1.100000e-02 |       6.090858e-01 |       6.034660e-01 |   2.811709e+01 |   2.800479e+01 |  -1.400000e+00 |
|   1.200000e-02 |       6.090881e-01 |       6.035246e-01 |   2.811719e+01 |   2.800469e+01 |  -1.400000e+00 |
|   1.300000e-02 |       6.090893e-01 |       6.035851e-01 |   2.811727e+01 |   2.800460e+01 |  -1.400000e+00 |
|   1.400000e-02 |       6.090897e-01 |       6.036422e-01 |   2.811732e+01 |   2.800453e+01 |  -1.400000e+00 |
|   1.500000e-02 |       6.090897e-01 |       6.036534e-01 |   2.811735e+01 |   2.800445e+01 |  -1.400000e+00 |
|   1.600000e-02 |       6.090894e-01 |       6.036653e-01 |   2.811736e+01 |   2.800439e+01 |  -1.400000e+00 |
|   1.700000e-02 |       6.090889e-01 |       6.036780e-01 |   2.811736e+01 |   2.800433e+01 |  -1.400000e+00 |
|   1.800000e-02 |       6.090884e-01 |       6.036914e-01 |   2.811733e+01 |   2.800427e+01 |  -1.400000e+00 |
+----------------+--------------------+--------------------+----------------+----------------+----------------+


Time Step 19, time = 0.019, dt = 0.001
 * Nonlinear |R| = [32m3.630683e-02[39m (Before preset BCs, predictors, correctors, and constraints)
 0 Nonlinear |R| = [32m3.630683e-02[39m
      0 Linear |R| = [32m3.630683e-02[39m
      1 Linear |R| = [32m2.031544e-03[39m
      2 Linear |R| = [33m1.993654e-03[39m
      3 Linear |R| = [32m5.945976e-04[39m
      4 Linear |R| = [32m5.106297e-05[39m
      5 Linear |R| = [32m2.474616e-05[39m
      6 Linear |R| = [32m1.150376e-05[39m
      7 Linear |R| = [32m7.136964e-06[39m
      8 Linear |R| = [32m1.860212e-06[39m
      9 Linear |R| = [32m1.027861e-06[39m
     10 Linear |R| = [32m7.280144e-07[39m
     11 Linear |R| = [32m5.036449e-07[39m
     12 Linear |R| = [32m1.270205e-07[39m
     13 Linear |R| = [32m8.410575e-08[39m
     14 Linear |R| = [32m1.692256e-08[39m
     15 Linear |R| = [32m1.349948e-08[39m
     16 Linear |R| = [32m9.043525e-09[39m
     17 Linear |R| = [32m3.812099e-09[39m
     18 Linear |R| = [32m1.149920e-09[39m
     19 Linear |R| = [32m6.635742e-10[39m
     20 Linear |R| = [32m4.447658e-10[39m
     21 Linear |R| = [32m1.808087e-10[39m
     22 Linear |R| = [32m7.717249e-11[39m
     23 Linear |R| = [32m4.121206e-11[39m
     24 Linear |R| = [32m7.956969e-12[39m
 1 Nonlinear |R| = [32m5.277427e-06[39m
      0 Linear |R| = [32m5.277427e-06[39m
      1 Linear |R| = [32m1.481088e-07[39m
      2 Linear |R| = [32m1.311953e-07[39m
      3 Linear |R| = [32m3.381292e-08[39m
      4 Linear |R| = [32m3.380596e-09[39m
      5 Linear |R| = [32m3.129144e-09[39m
      6 Linear |R| = [32m1.565287e-09[39m
      7 Linear |R| = [32m6.600001e-10[39m
      8 Linear |R| = [32m1.599428e-10[39m
      9 Linear |R| = [32m9.544668e-11[39m
     10 Linear |R| = [32m8.972789e-11[39m
     11 Linear |R| = [32m3.732206e-11[39m
     12 Linear |R| = [32m1.243920e-11[39m
     13 Linear |R| = [32m6.812743e-12[39m
     14 Linear |R| = [32m1.164736e-12[39m
     15 Linear |R| = [33m1.141891e-12[39m
     16 Linear |R| = [32m6.711497e-13[39m
     17 Linear |R| = [32m2.526207e-13[39m
     18 Linear |R| = [32m8.993475e-14[39m
     19 Linear |R| = [32m5.127621e-14[39m
     20 Linear |R| = [32m4.391186e-14[39m
     21 Linear |R| = [32m1.195251e-14[39m
     22 Linear |R| = [32m5.024191e-15[39m
 2 Nonlinear |R| = [32m9.274711e-12[39m
[32m Solve Converged![39m

Postprocessor Values:
+----------------+----------------+----------------+----------------+----------------+----------------+----------------+
| time           | J_max          | J_min          | Jbar_max       | Jbar_min       | center_pressure| edge_ux        |
+----------------+----------------+----------------+----------------+----------------+----------------+----------------+
:                :                :                :                :                :                :                :
|   5.000000e-03 |   9.852385e-01 |   9.748140e-01 |   9.906094e-01 |   9.894326e-01 |   2.001262e-01 |   7.847122e-03 |
|   6.000000e-03 |   9.852811e-01 |   9.747515e-01 |   9.906445e-01 |   9.894181e-01 |   1.994828e-01 |   7.749507e-03 |
|   7.000000e-03 |   9.852822e-01 |   9.747128e-01 |   9.906752e-01 |   9.894105e-01 |   1.986137e-01 |   7.665064e-03 |
|   8.000000e-03 |   9.852506e-01 |   9.746888e-01 |   9.906973e-01 |   9.894072e-01 |   1.975837e-01 |   7.589723e-03 |
|   9.000000e-03 |   9.851945e-01 |   9.746745e-01 |   9.907117e-01 |   9.894066e-01 |   1.964490e-01 |   7.520941e-03 |
|   1.000000e-02 |   9.851203e-01 |   9.746667e-01 |   9.907199e-01 |   9.894079e-01 |   1.952534e-01 |   7.457023e-03 |
|   1.100000e-02 |   9.850334e-01 |   9.746634e-01 |   9.907235e-01 |   9.894104e-01 |   1.940283e-01 |   7.396787e-03 |
|   1.200000e-02 |   9.849377e-01 |   9.746632e-01 |   9.907236e-01 |   9.894137e-01 |   1.927954e-01 |   7.339377e-03 |
|   1.300000e-02 |   9.848364e-01 |   9.746651e-01 |   9.907209e-01 |   9.894175e-01 |   1.915687e-01 |   7.284159e-03 |
|   1.400000e-02 |   9.847316e-01 |   9.746684e-01 |   9.907162e-01 |   9.894215e-01 |   1.903571e-01 |   7.230658e-03 |
|   1.500000e-02 |   9.846250e-01 |   9.746724e-01 |   9.907099e-01 |   9.894256e-01 |   1.891658e-01 |   7.178512e-03 |
|   1.600000e-02 |   9.845179e-01 |   9.746769e-01 |   9.907024e-01 |   9.894296e-01 |   1.879972e-01 |   7.127443e-03 |
|   1.700000e-02 |   9.844111e-01 |   9.746815e-01 |   9.906940e-01 |   9.894336e-01 |   1.868525e-01 |   7.077238e-03 |
|   1.800000e-02 |   9.843053e-01 |   9.746860e-01 |   9.906850e-01 |   9.894373e-01 |   1.857316e-01 |   7.027731e-03 |
|   1.900000e-02 |   9.842010e-01 |   9.746902e-01 |   9.906754e-01 |   9.894408e-01 |   1.846337e-01 |   6.978796e-03 |
+----------------+----------------+----------------+----------------+----------------+----------------+----------------+
+----------------+----------------+----------------+------------------+----------------+----------------+
| time           | mass           | mass_reaction  | outflow_gradient | platen_max     | platen_min     |
+----------------+----------------+----------------+------------------+----------------+----------------+
:                :                :                :                  :                :                :
|   5.000000e-03 |   1.596366e+00 |  -5.713368e-01 |     2.933493e-01 |  -4.137098e-02 |  -4.137098e-02 |
|   6.000000e-03 |   1.595828e+00 |  -5.384460e-01 |     2.768176e-01 |  -4.144496e-02 |  -4.144496e-02 |
|   7.000000e-03 |   1.595313e+00 |  -5.141534e-01 |     2.645306e-01 |  -4.151559e-02 |  -4.151559e-02 |
|   8.000000e-03 |   1.594818e+00 |  -4.952005e-01 |     2.549147e-01 |  -4.158361e-02 |  -4.158361e-02 |
|   9.000000e-03 |   1.594338e+00 |  -4.798294e-01 |     2.471047e-01 |  -4.164950e-02 |  -4.164950e-02 |
|   1.000000e-02 |   1.593871e+00 |  -4.669949e-01 |     2.405804e-01 |  -4.171364e-02 |  -4.171364e-02 |
|   1.100000e-02 |   1.593415e+00 |  -4.560298e-01 |     2.350073e-01 |  -4.177626e-02 |  -4.177626e-02 |
|   1.200000e-02 |   1.592969e+00 |  -4.464847e-01 |     2.301589e-01 |  -4.183757e-02 |  -4.183757e-02 |
|   1.300000e-02 |   1.592531e+00 |  -4.380448e-01 |     2.258757e-01 |  -4.189773e-02 |  -4.189773e-02 |
|   1.400000e-02 |   1.592100e+00 |  -4.304825e-01 |     2.220420e-01 |  -4.195684e-02 |  -4.195684e-02 |
|   1.500000e-02 |   1.591677e+00 |  -4.236293e-01 |     2.185716e-01 |  -4.201502e-02 |  -4.201502e-02 |
|   1.600000e-02 |   1.591259e+00 |  -4.173578e-01 |     2.153993e-01 |  -4.207233e-02 |  -4.207233e-02 |
|   1.700000e-02 |   1.590848e+00 |  -4.115704e-01 |     2.124748e-01 |  -4.212885e-02 |  -4.212885e-02 |
|   1.800000e-02 |   1.590442e+00 |  -4.061909e-01 |     2.097588e-01 |  -4.218464e-02 |  -4.218464e-02 |
|   1.900000e-02 |   1.590040e+00 |  -4.011594e-01 |     2.072203e-01 |  -4.223973e-02 |  -4.223973e-02 |
+----------------+----------------+----------------+------------------+----------------+----------------+
+----------------+--------------------+--------------------+----------------+----------------+----------------+
| time           | solid_fraction_max | solid_fraction_min | stability_max  | stability_min  | top_reaction   |
+----------------+--------------------+--------------------+----------------+----------------+----------------+
:                :                    :                    :                :                :                :
|   5.000000e-03 |       6.090005e-01 |       6.032629e-01 |   2.811608e+01 |   2.800603e+01 |  -1.400000e+00 |
|   6.000000e-03 |       6.090326e-01 |       6.032647e-01 |   2.811626e+01 |   2.800567e+01 |  -1.400000e+00 |
|   7.000000e-03 |       6.090533e-01 |       6.032839e-01 |   2.811646e+01 |   2.800541e+01 |  -1.400000e+00 |
|   8.000000e-03 |       6.090669e-01 |       6.033169e-01 |   2.811665e+01 |   2.800521e+01 |  -1.400000e+00 |
|   9.000000e-03 |       6.090760e-01 |       6.033601e-01 |   2.811681e+01 |   2.800504e+01 |  -1.400000e+00 |
|   1.000000e-02 |       6.090820e-01 |       6.034105e-01 |   2.811696e+01 |   2.800491e+01 |  -1.400000e+00 |
|   1.100000e-02 |       6.090858e-01 |       6.034660e-01 |   2.811709e+01 |   2.800479e+01 |  -1.400000e+00 |
|   1.200000e-02 |       6.090881e-01 |       6.035246e-01 |   2.811719e+01 |   2.800469e+01 |  -1.400000e+00 |
|   1.300000e-02 |       6.090893e-01 |       6.035851e-01 |   2.811727e+01 |   2.800460e+01 |  -1.400000e+00 |
|   1.400000e-02 |       6.090897e-01 |       6.036422e-01 |   2.811732e+01 |   2.800453e+01 |  -1.400000e+00 |
|   1.500000e-02 |       6.090897e-01 |       6.036534e-01 |   2.811735e+01 |   2.800445e+01 |  -1.400000e+00 |
|   1.600000e-02 |       6.090894e-01 |       6.036653e-01 |   2.811736e+01 |   2.800439e+01 |  -1.400000e+00 |
|   1.700000e-02 |       6.090889e-01 |       6.036780e-01 |   2.811736e+01 |   2.800433e+01 |  -1.400000e+00 |
|   1.800000e-02 |       6.090884e-01 |       6.036914e-01 |   2.811733e+01 |   2.800427e+01 |  -1.400000e+00 |
|   1.900000e-02 |       6.090879e-01 |       6.037055e-01 |   2.811728e+01 |   2.800422e+01 |  -1.400000e+00 |
+----------------+--------------------+--------------------+----------------+----------------+----------------+


Time Step 20, time = 0.02, dt = 0.001
 * Nonlinear |R| = [32m3.545607e-02[39m (Before preset BCs, predictors, correctors, and constraints)
 0 Nonlinear |R| = [32m3.545607e-02[39m
      0 Linear |R| = [32m3.545607e-02[39m
      1 Linear |R| = [32m2.007736e-03[39m
      2 Linear |R| = [33m1.970248e-03[39m
      3 Linear |R| = [32m5.876248e-04[39m
      4 Linear |R| = [32m5.043395e-05[39m
      5 Linear |R| = [32m2.529537e-05[39m
      6 Linear |R| = [32m1.119756e-05[39m
      7 Linear |R| = [32m6.963991e-06[39m
      8 Linear |R| = [32m1.818920e-06[39m
      9 Linear |R| = [32m1.002032e-06[39m
     10 Linear |R| = [32m7.280669e-07[39m
     11 Linear |R| = [32m4.934298e-07[39m
     12 Linear |R| = [32m1.232794e-07[39m
     13 Linear |R| = [32m8.187967e-08[39m
     14 Linear |R| = [32m1.661677e-08[39m
     15 Linear |R| = [32m1.347310e-08[39m
     16 Linear |R| = [32m8.853749e-09[39m
     17 Linear |R| = [32m3.747819e-09[39m
     18 Linear |R| = [32m1.127975e-09[39m
     19 Linear |R| = [32m6.524676e-10[39m
     20 Linear |R| = [32m4.435290e-10[39m
     21 Linear |R| = [32m1.782773e-10[39m
     22 Linear |R| = [32m7.610389e-11[39m
     23 Linear |R| = [32m4.069263e-11[39m
     24 Linear |R| = [32m7.848726e-12[39m
 1 Nonlinear |R| = [32m4.981722e-06[39m
      0 Linear |R| = [32m4.981722e-06[39m
      1 Linear |R| = [32m1.400300e-07[39m
      2 Linear |R| = [32m1.231604e-07[39m
      3 Linear |R| = [32m3.175562e-08[39m
      4 Linear |R| = [32m3.157936e-09[39m
      5 Linear |R| = [32m2.923434e-09[39m
      6 Linear |R| = [32m1.440192e-09[39m
      7 Linear |R| = [32m6.189165e-10[39m
      8 Linear |R| = [32m1.556251e-10[39m
      9 Linear |R| = [32m9.258249e-11[39m
     10 Linear |R| = [32m8.726255e-11[39m
     11 Linear |R| = [32m3.488278e-11[39m
     12 Linear |R| = [32m1.154953e-11[39m
     13 Linear |R| = [32m6.358749e-12[39m
     14 Linear |R| = [32m1.150505e-12[39m
     15 Linear |R| = [33m1.141654e-12[39m
     16 Linear |R| = [32m6.885778e-13[39m
     17 Linear |R| = [32m2.311159e-13[39m
     18 Linear |R| = [32m8.770497e-14[39m
     19 Linear |R| = [32m4.532199e-14[39m
     20 Linear |R| = [32m3.929776e-14[39m
     21 Linear |R| = [32m1.080112e-14[39m
     22 Linear |R| = [32m5.254976e-15[39m
     23 Linear |R| = [32m2.561482e-15[39m
 2 Nonlinear |R| = [32m8.807738e-12[39m
[32m Solve Converged![39m

Postprocessor Values:
+----------------+----------------+----------------+----------------+----------------+----------------+----------------+
| time           | J_max          | J_min          | Jbar_max       | Jbar_min       | center_pressure| edge_ux        |
+----------------+----------------+----------------+----------------+----------------+----------------+----------------+
:                :                :                :                :                :                :                :
|   6.000000e-03 |   9.852811e-01 |   9.747515e-01 |   9.906445e-01 |   9.894181e-01 |   1.994828e-01 |   7.749507e-03 |
|   7.000000e-03 |   9.852822e-01 |   9.747128e-01 |   9.906752e-01 |   9.894105e-01 |   1.986137e-01 |   7.665064e-03 |
|   8.000000e-03 |   9.852506e-01 |   9.746888e-01 |   9.906973e-01 |   9.894072e-01 |   1.975837e-01 |   7.589723e-03 |
|   9.000000e-03 |   9.851945e-01 |   9.746745e-01 |   9.907117e-01 |   9.894066e-01 |   1.964490e-01 |   7.520941e-03 |
|   1.000000e-02 |   9.851203e-01 |   9.746667e-01 |   9.907199e-01 |   9.894079e-01 |   1.952534e-01 |   7.457023e-03 |
|   1.100000e-02 |   9.850334e-01 |   9.746634e-01 |   9.907235e-01 |   9.894104e-01 |   1.940283e-01 |   7.396787e-03 |
|   1.200000e-02 |   9.849377e-01 |   9.746632e-01 |   9.907236e-01 |   9.894137e-01 |   1.927954e-01 |   7.339377e-03 |
|   1.300000e-02 |   9.848364e-01 |   9.746651e-01 |   9.907209e-01 |   9.894175e-01 |   1.915687e-01 |   7.284159e-03 |
|   1.400000e-02 |   9.847316e-01 |   9.746684e-01 |   9.907162e-01 |   9.894215e-01 |   1.903571e-01 |   7.230658e-03 |
|   1.500000e-02 |   9.846250e-01 |   9.746724e-01 |   9.907099e-01 |   9.894256e-01 |   1.891658e-01 |   7.178512e-03 |
|   1.600000e-02 |   9.845179e-01 |   9.746769e-01 |   9.907024e-01 |   9.894296e-01 |   1.879972e-01 |   7.127443e-03 |
|   1.700000e-02 |   9.844111e-01 |   9.746815e-01 |   9.906940e-01 |   9.894336e-01 |   1.868525e-01 |   7.077238e-03 |
|   1.800000e-02 |   9.843053e-01 |   9.746860e-01 |   9.906850e-01 |   9.894373e-01 |   1.857316e-01 |   7.027731e-03 |
|   1.900000e-02 |   9.842010e-01 |   9.746902e-01 |   9.906754e-01 |   9.894408e-01 |   1.846337e-01 |   6.978796e-03 |
|   2.000000e-02 |   9.840984e-01 |   9.746940e-01 |   9.906654e-01 |   9.894441e-01 |   1.835580e-01 |   6.930335e-03 |
+----------------+----------------+----------------+----------------+----------------+----------------+----------------+
+----------------+----------------+----------------+------------------+----------------+----------------+
| time           | mass           | mass_reaction  | outflow_gradient | platen_max     | platen_min     |
+----------------+----------------+----------------+------------------+----------------+----------------+
:                :                :                :                  :                :                :
|   6.000000e-03 |   1.595828e+00 |  -5.384460e-01 |     2.768176e-01 |  -4.144496e-02 |  -4.144496e-02 |
|   7.000000e-03 |   1.595313e+00 |  -5.141534e-01 |     2.645306e-01 |  -4.151559e-02 |  -4.151559e-02 |
|   8.000000e-03 |   1.594818e+00 |  -4.952005e-01 |     2.549147e-01 |  -4.158361e-02 |  -4.158361e-02 |
|   9.000000e-03 |   1.594338e+00 |  -4.798294e-01 |     2.471047e-01 |  -4.164950e-02 |  -4.164950e-02 |
|   1.000000e-02 |   1.593871e+00 |  -4.669949e-01 |     2.405804e-01 |  -4.171364e-02 |  -4.171364e-02 |
|   1.100000e-02 |   1.593415e+00 |  -4.560298e-01 |     2.350073e-01 |  -4.177626e-02 |  -4.177626e-02 |
|   1.200000e-02 |   1.592969e+00 |  -4.464847e-01 |     2.301589e-01 |  -4.183757e-02 |  -4.183757e-02 |
|   1.300000e-02 |   1.592531e+00 |  -4.380448e-01 |     2.258757e-01 |  -4.189773e-02 |  -4.189773e-02 |
|   1.400000e-02 |   1.592100e+00 |  -4.304825e-01 |     2.220420e-01 |  -4.195684e-02 |  -4.195684e-02 |
|   1.500000e-02 |   1.591677e+00 |  -4.236293e-01 |     2.185716e-01 |  -4.201502e-02 |  -4.201502e-02 |
|   1.600000e-02 |   1.591259e+00 |  -4.173578e-01 |     2.153993e-01 |  -4.207233e-02 |  -4.207233e-02 |
|   1.700000e-02 |   1.590848e+00 |  -4.115704e-01 |     2.124748e-01 |  -4.212885e-02 |  -4.212885e-02 |
|   1.800000e-02 |   1.590442e+00 |  -4.061909e-01 |     2.097588e-01 |  -4.218464e-02 |  -4.218464e-02 |
|   1.900000e-02 |   1.590040e+00 |  -4.011594e-01 |     2.072203e-01 |  -4.223973e-02 |  -4.223973e-02 |
|   2.000000e-02 |   1.589644e+00 |  -3.964279e-01 |     2.048345e-01 |  -4.229418e-02 |  -4.229418e-02 |
+----------------+----------------+----------------+------------------+----------------+----------------+
+----------------+--------------------+--------------------+----------------+----------------+----------------+
| time           | solid_fraction_max | solid_fraction_min | stability_max  | stability_min  | top_reaction   |
+----------------+--------------------+--------------------+----------------+----------------+----------------+
:                :                    :                    :                :                :                :
|   6.000000e-03 |       6.090326e-01 |       6.032647e-01 |   2.811626e+01 |   2.800567e+01 |  -1.400000e+00 |
|   7.000000e-03 |       6.090533e-01 |       6.032839e-01 |   2.811646e+01 |   2.800541e+01 |  -1.400000e+00 |
|   8.000000e-03 |       6.090669e-01 |       6.033169e-01 |   2.811665e+01 |   2.800521e+01 |  -1.400000e+00 |
|   9.000000e-03 |       6.090760e-01 |       6.033601e-01 |   2.811681e+01 |   2.800504e+01 |  -1.400000e+00 |
|   1.000000e-02 |       6.090820e-01 |       6.034105e-01 |   2.811696e+01 |   2.800491e+01 |  -1.400000e+00 |
|   1.100000e-02 |       6.090858e-01 |       6.034660e-01 |   2.811709e+01 |   2.800479e+01 |  -1.400000e+00 |
|   1.200000e-02 |       6.090881e-01 |       6.035246e-01 |   2.811719e+01 |   2.800469e+01 |  -1.400000e+00 |
|   1.300000e-02 |       6.090893e-01 |       6.035851e-01 |   2.811727e+01 |   2.800460e+01 |  -1.400000e+00 |
|   1.400000e-02 |       6.090897e-01 |       6.036422e-01 |   2.811732e+01 |   2.800453e+01 |  -1.400000e+00 |
|   1.500000e-02 |       6.090897e-01 |       6.036534e-01 |   2.811735e+01 |   2.800445e+01 |  -1.400000e+00 |
|   1.600000e-02 |       6.090894e-01 |       6.036653e-01 |   2.811736e+01 |   2.800439e+01 |  -1.400000e+00 |
|   1.700000e-02 |       6.090889e-01 |       6.036780e-01 |   2.811736e+01 |   2.800433e+01 |  -1.400000e+00 |
|   1.800000e-02 |       6.090884e-01 |       6.036914e-01 |   2.811733e+01 |   2.800427e+01 |  -1.400000e+00 |
|   1.900000e-02 |       6.090879e-01 |       6.037055e-01 |   2.811728e+01 |   2.800422e+01 |  -1.400000e+00 |
|   2.000000e-02 |       6.090874e-01 |       6.037200e-01 |   2.811720e+01 |   2.800417e+01 |  -1.400000e+00 |
+----------------+--------------------+--------------------+----------------+----------------+----------------+


Time Step 21, time = 0.021, dt = 0.001
 * Nonlinear |R| = [32m3.468040e-02[39m (Before preset BCs, predictors, correctors, and constraints)
 0 Nonlinear |R| = [32m3.468040e-02[39m
      0 Linear |R| = [32m3.468040e-02[39m
      1 Linear |R| = [32m1.985261e-03[39m
      2 Linear |R| = [33m1.948155e-03[39m
      3 Linear |R| = [32m5.810088e-04[39m
      4 Linear |R| = [32m4.981303e-05[39m
      5 Linear |R| = [32m2.452619e-05[39m
      6 Linear |R| = [32m1.090865e-05[39m
      7 Linear |R| = [32m6.800173e-06[39m
      8 Linear |R| = [32m1.779855e-06[39m
      9 Linear |R| = [32m9.774484e-07[39m
     10 Linear |R| = [32m7.173594e-07[39m
     11 Linear |R| = [32m4.835235e-07[39m
     12 Linear |R| = [32m1.196864e-07[39m
     13 Linear |R| = [32m7.972546e-08[39m
     14 Linear |R| = [32m1.629560e-08[39m
     15 Linear |R| = [32m1.287378e-08[39m
     16 Linear |R| = [32m8.665140e-09[39m
     17 Linear |R| = [32m3.684654e-09[39m
     18 Linear |R| = [32m1.106136e-09[39m
     19 Linear |R| = [32m6.409999e-10[39m
     20 Linear |R| = [32m3.979620e-10[39m
     21 Linear |R| = [32m1.756650e-10[39m
     22 Linear |R| = [32m7.503248e-11[39m
     23 Linear |R| = [32m4.017822e-11[39m
     24 Linear |R| = [32m7.743597e-12[39m
 1 Nonlinear |R| = [32m4.696934e-06[39m
      0 Linear |R| = [32m4.696934e-06[39m
      1 Linear |R| = [32m1.340080e-07[39m
      2 Linear |R| = [32m1.153933e-07[39m
      3 Linear |R| = [32m2.972668e-08[39m
      4 Linear |R| = [32m2.951684e-09[39m
      5 Linear |R| = [32m2.721635e-09[39m
      6 Linear |R| = [32m1.356752e-09[39m
      7 Linear |R| = [32m5.748550e-10[39m
      8 Linear |R| = [32m1.436016e-10[39m
      9 Linear |R| = [32m8.614029e-11[39m
     10 Linear |R| = [32m7.921985e-11[39m
     11 Linear |R| = [32m3.287100e-11[39m
     12 Linear |R| = [32m1.085598e-11[39m
     13 Linear |R| = [32m5.973923e-12[39m
     14 Linear |R| = [32m1.108864e-12[39m
     15 Linear |R| = [33m1.074118e-12[39m
     16 Linear |R| = [32m6.770395e-13[39m
     17 Linear |R| = [32m2.293322e-13[39m
     18 Linear |R| = [32m8.200345e-14[39m
     19 Linear |R| = [32m4.629964e-14[39m
     20 Linear |R| = [32m3.719088e-14[39m
     21 Linear |R| = [32m1.127500e-14[39m
     22 Linear |R| = [32m5.525193e-15[39m
     23 Linear |R| = [32m2.653822e-15[39m
 2 Nonlinear |R| = [32m8.137140e-12[39m
[32m Solve Converged![39m

Postprocessor Values:
+----------------+----------------+----------------+----------------+----------------+----------------+----------------+
| time           | J_max          | J_min          | Jbar_max       | Jbar_min       | center_pressure| edge_ux        |
+----------------+----------------+----------------+----------------+----------------+----------------+----------------+
:                :                :                :                :                :                :                :
|   7.000000e-03 |   9.852822e-01 |   9.747128e-01 |   9.906752e-01 |   9.894105e-01 |   1.986137e-01 |   7.665064e-03 |
|   8.000000e-03 |   9.852506e-01 |   9.746888e-01 |   9.906973e-01 |   9.894072e-01 |   1.975837e-01 |   7.589723e-03 |
|   9.000000e-03 |   9.851945e-01 |   9.746745e-01 |   9.907117e-01 |   9.894066e-01 |   1.964490e-01 |   7.520941e-03 |
|   1.000000e-02 |   9.851203e-01 |   9.746667e-01 |   9.907199e-01 |   9.894079e-01 |   1.952534e-01 |   7.457023e-03 |
|   1.100000e-02 |   9.850334e-01 |   9.746634e-01 |   9.907235e-01 |   9.894104e-01 |   1.940283e-01 |   7.396787e-03 |
|   1.200000e-02 |   9.849377e-01 |   9.746632e-01 |   9.907236e-01 |   9.894137e-01 |   1.927954e-01 |   7.339377e-03 |
|   1.300000e-02 |   9.848364e-01 |   9.746651e-01 |   9.907209e-01 |   9.894175e-01 |   1.915687e-01 |   7.284159e-03 |
|   1.400000e-02 |   9.847316e-01 |   9.746684e-01 |   9.907162e-01 |   9.894215e-01 |   1.903571e-01 |   7.230658e-03 |
|   1.500000e-02 |   9.846250e-01 |   9.746724e-01 |   9.907099e-01 |   9.894256e-01 |   1.891658e-01 |   7.178512e-03 |
|   1.600000e-02 |   9.845179e-01 |   9.746769e-01 |   9.907024e-01 |   9.894296e-01 |   1.879972e-01 |   7.127443e-03 |
|   1.700000e-02 |   9.844111e-01 |   9.746815e-01 |   9.906940e-01 |   9.894336e-01 |   1.868525e-01 |   7.077238e-03 |
|   1.800000e-02 |   9.843053e-01 |   9.746860e-01 |   9.906850e-01 |   9.894373e-01 |   1.857316e-01 |   7.027731e-03 |
|   1.900000e-02 |   9.842010e-01 |   9.746902e-01 |   9.906754e-01 |   9.894408e-01 |   1.846337e-01 |   6.978796e-03 |
|   2.000000e-02 |   9.840984e-01 |   9.746940e-01 |   9.906654e-01 |   9.894441e-01 |   1.835580e-01 |   6.930335e-03 |
|   2.100000e-02 |   9.839977e-01 |   9.746973e-01 |   9.906552e-01 |   9.894470e-01 |   1.825032e-01 |   6.882271e-03 |
+----------------+----------------+----------------+----------------+----------------+----------------+----------------+
+----------------+----------------+----------------+------------------+----------------+----------------+
| time           | mass           | mass_reaction  | outflow_gradient | platen_max     | platen_min     |
+----------------+----------------+----------------+------------------+----------------+----------------+
:                :                :                :                  :                :                :
|   7.000000e-03 |   1.595313e+00 |  -5.141534e-01 |     2.645306e-01 |  -4.151559e-02 |  -4.151559e-02 |
|   8.000000e-03 |   1.594818e+00 |  -4.952005e-01 |     2.549147e-01 |  -4.158361e-02 |  -4.158361e-02 |
|   9.000000e-03 |   1.594338e+00 |  -4.798294e-01 |     2.471047e-01 |  -4.164950e-02 |  -4.164950e-02 |
|   1.000000e-02 |   1.593871e+00 |  -4.669949e-01 |     2.405804e-01 |  -4.171364e-02 |  -4.171364e-02 |
|   1.100000e-02 |   1.593415e+00 |  -4.560298e-01 |     2.350073e-01 |  -4.177626e-02 |  -4.177626e-02 |
|   1.200000e-02 |   1.592969e+00 |  -4.464847e-01 |     2.301589e-01 |  -4.183757e-02 |  -4.183757e-02 |
|   1.300000e-02 |   1.592531e+00 |  -4.380448e-01 |     2.258757e-01 |  -4.189773e-02 |  -4.189773e-02 |
|   1.400000e-02 |   1.592100e+00 |  -4.304825e-01 |     2.220420e-01 |  -4.195684e-02 |  -4.195684e-02 |
|   1.500000e-02 |   1.591677e+00 |  -4.236293e-01 |     2.185716e-01 |  -4.201502e-02 |  -4.201502e-02 |
|   1.600000e-02 |   1.591259e+00 |  -4.173578e-01 |     2.153993e-01 |  -4.207233e-02 |  -4.207233e-02 |
|   1.700000e-02 |   1.590848e+00 |  -4.115704e-01 |     2.124748e-01 |  -4.212885e-02 |  -4.212885e-02 |
|   1.800000e-02 |   1.590442e+00 |  -4.061909e-01 |     2.097588e-01 |  -4.218464e-02 |  -4.218464e-02 |
|   1.900000e-02 |   1.590040e+00 |  -4.011594e-01 |     2.072203e-01 |  -4.223973e-02 |  -4.223973e-02 |
|   2.000000e-02 |   1.589644e+00 |  -3.964279e-01 |     2.048345e-01 |  -4.229418e-02 |  -4.229418e-02 |
|   2.100000e-02 |   1.589252e+00 |  -3.919579e-01 |     2.025815e-01 |  -4.234802e-02 |  -4.234802e-02 |
+----------------+----------------+----------------+------------------+----------------+----------------+
+----------------+--------------------+--------------------+----------------+----------------+----------------+
| time           | solid_fraction_max | solid_fraction_min | stability_max  | stability_min  | top_reaction   |
+----------------+--------------------+--------------------+----------------+----------------+----------------+
:                :                    :                    :                :                :                :
|   7.000000e-03 |       6.090533e-01 |       6.032839e-01 |   2.811646e+01 |   2.800541e+01 |  -1.400000e+00 |
|   8.000000e-03 |       6.090669e-01 |       6.033169e-01 |   2.811665e+01 |   2.800521e+01 |  -1.400000e+00 |
|   9.000000e-03 |       6.090760e-01 |       6.033601e-01 |   2.811681e+01 |   2.800504e+01 |  -1.400000e+00 |
|   1.000000e-02 |       6.090820e-01 |       6.034105e-01 |   2.811696e+01 |   2.800491e+01 |  -1.400000e+00 |
|   1.100000e-02 |       6.090858e-01 |       6.034660e-01 |   2.811709e+01 |   2.800479e+01 |  -1.400000e+00 |
|   1.200000e-02 |       6.090881e-01 |       6.035246e-01 |   2.811719e+01 |   2.800469e+01 |  -1.400000e+00 |
|   1.300000e-02 |       6.090893e-01 |       6.035851e-01 |   2.811727e+01 |   2.800460e+01 |  -1.400000e+00 |
|   1.400000e-02 |       6.090897e-01 |       6.036422e-01 |   2.811732e+01 |   2.800453e+01 |  -1.400000e+00 |
|   1.500000e-02 |       6.090897e-01 |       6.036534e-01 |   2.811735e+01 |   2.800445e+01 |  -1.400000e+00 |
|   1.600000e-02 |       6.090894e-01 |       6.036653e-01 |   2.811736e+01 |   2.800439e+01 |  -1.400000e+00 |
|   1.700000e-02 |       6.090889e-01 |       6.036780e-01 |   2.811736e+01 |   2.800433e+01 |  -1.400000e+00 |
|   1.800000e-02 |       6.090884e-01 |       6.036914e-01 |   2.811733e+01 |   2.800427e+01 |  -1.400000e+00 |
|   1.900000e-02 |       6.090879e-01 |       6.037055e-01 |   2.811728e+01 |   2.800422e+01 |  -1.400000e+00 |
|   2.000000e-02 |       6.090874e-01 |       6.037200e-01 |   2.811720e+01 |   2.800417e+01 |  -1.400000e+00 |
|   2.100000e-02 |       6.090871e-01 |       6.037337e-01 |   2.811710e+01 |   2.800413e+01 |  -1.400000e+00 |
+----------------+--------------------+--------------------+----------------+----------------+----------------+


Time Step 22, time = 0.022, dt = 0.001
 * Nonlinear |R| = [32m3.397032e-02[39m (Before preset BCs, predictors, correctors, and constraints)
 0 Nonlinear |R| = [32m3.397032e-02[39m
      0 Linear |R| = [32m3.397032e-02[39m
      1 Linear |R| = [32m1.963954e-03[39m
      2 Linear |R| = [33m1.927210e-03[39m
      3 Linear |R| = [32m5.747135e-04[39m
      4 Linear |R| = [32m4.922537e-05[39m
      5 Linear |R| = [32m2.476921e-05[39m
      6 Linear |R| = [32m1.063663e-05[39m
      7 Linear |R| = [32m6.644882e-06[39m
      8 Linear |R| = [32m1.742830e-06[39m
      9 Linear |R| = [32m9.541840e-07[39m
     10 Linear |R| = [32m7.082602e-07[39m
     11 Linear |R| = [32m4.741371e-07[39m
     12 Linear |R| = [32m1.162362e-07[39m
     13 Linear |R| = [32m7.764060e-08[39m
     14 Linear |R| = [32m1.601159e-08[39m
     15 Linear |R| = [32m1.299332e-08[39m
     16 Linear |R| = [32m8.481198e-09[39m
     17 Linear |R| = [32m3.622713e-09[39m
     18 Linear |R| = [32m1.084494e-09[39m
     19 Linear |R| = [32m6.302040e-10[39m
     20 Linear |R| = [32m4.121409e-10[39m
     21 Linear |R| = [32m1.731614e-10[39m
     22 Linear |R| = [32m7.396665e-11[39m
     23 Linear |R| = [32m3.967082e-11[39m
     24 Linear |R| = [32m7.651191e-12[39m
 1 Nonlinear |R| = [32m4.436814e-06[39m
      0 Linear |R| = [32m4.436814e-06[39m
      1 Linear |R| = [32m1.298716e-07[39m
      2 Linear |R| = [32m1.098789e-07[39m
      3 Linear |R| = [32m2.836284e-08[39m
      4 Linear |R| = [32m2.794477e-09[39m
      5 Linear |R| = [32m2.601058e-09[39m
      6 Linear |R| = [32m1.255185e-09[39m
      7 Linear |R| = [32m5.422010e-10[39m
      8 Linear |R| = [32m1.365266e-10[39m
      9 Linear |R| = [32m8.157858e-11[39m
     10 Linear |R| = [32m7.546946e-11[39m
     11 Linear |R| = [32m3.115514e-11[39m
     12 Linear |R| = [32m1.070159e-11[39m
     13 Linear |R| = [32m5.750589e-12[39m
     14 Linear |R| = [32m1.021824e-12[39m
     15 Linear |R| = [33m9.933437e-13[39m
     16 Linear |R| = [32m6.207038e-13[39m
     17 Linear |R| = [32m2.153120e-13[39m
     18 Linear |R| = [32m7.984315e-14[39m
     19 Linear |R| = [32m4.450999e-14[39m
     20 Linear |R| = [32m3.600401e-14[39m
     21 Linear |R| = [32m1.011163e-14[39m
     22 Linear |R| = [32m4.528881e-15[39m
     23 Linear |R| = [32m2.324702e-15[39m
 2 Nonlinear |R| = [32m8.139391e-12[39m
[32m Solve Converged![39m

Postprocessor Values:
+----------------+----------------+----------------+----------------+----------------+----------------+----------------+
| time           | J_max          | J_min          | Jbar_max       | Jbar_min       | center_pressure| edge_ux        |
+----------------+----------------+----------------+----------------+----------------+----------------+----------------+
:                :                :                :                :                :                :                :
|   8.000000e-03 |   9.852506e-01 |   9.746888e-01 |   9.906973e-01 |   9.894072e-01 |   1.975837e-01 |   7.589723e-03 |
|   9.000000e-03 |   9.851945e-01 |   9.746745e-01 |   9.907117e-01 |   9.894066e-01 |   1.964490e-01 |   7.520941e-03 |
|   1.000000e-02 |   9.851203e-01 |   9.746667e-01 |   9.907199e-01 |   9.894079e-01 |   1.952534e-01 |   7.457023e-03 |
|   1.100000e-02 |   9.850334e-01 |   9.746634e-01 |   9.907235e-01 |   9.894104e-01 |   1.940283e-01 |   7.396787e-03 |
|   1.200000e-02 |   9.849377e-01 |   9.746632e-01 |   9.907236e-01 |   9.894137e-01 |   1.927954e-01 |   7.339377e-03 |
|   1.300000e-02 |   9.848364e-01 |   9.746651e-01 |   9.907209e-01 |   9.894175e-01 |   1.915687e-01 |   7.284159e-03 |
|   1.400000e-02 |   9.847316e-01 |   9.746684e-01 |   9.907162e-01 |   9.894215e-01 |   1.903571e-01 |   7.230658e-03 |
|   1.500000e-02 |   9.846250e-01 |   9.746724e-01 |   9.907099e-01 |   9.894256e-01 |   1.891658e-01 |   7.178512e-03 |
|   1.600000e-02 |   9.845179e-01 |   9.746769e-01 |   9.907024e-01 |   9.894296e-01 |   1.879972e-01 |   7.127443e-03 |
|   1.700000e-02 |   9.844111e-01 |   9.746815e-01 |   9.906940e-01 |   9.894336e-01 |   1.868525e-01 |   7.077238e-03 |
|   1.800000e-02 |   9.843053e-01 |   9.746860e-01 |   9.906850e-01 |   9.894373e-01 |   1.857316e-01 |   7.027731e-03 |
|   1.900000e-02 |   9.842010e-01 |   9.746902e-01 |   9.906754e-01 |   9.894408e-01 |   1.846337e-01 |   6.978796e-03 |
|   2.000000e-02 |   9.840984e-01 |   9.746940e-01 |   9.906654e-01 |   9.894441e-01 |   1.835580e-01 |   6.930335e-03 |
|   2.100000e-02 |   9.839977e-01 |   9.746973e-01 |   9.906552e-01 |   9.894470e-01 |   1.825032e-01 |   6.882271e-03 |
|   2.200000e-02 |   9.838992e-01 |   9.747001e-01 |   9.906448e-01 |   9.894497e-01 |   1.814679e-01 |   6.834548e-03 |
+----------------+----------------+----------------+----------------+----------------+----------------+----------------+
+----------------+----------------+----------------+------------------+----------------+----------------+
| time           | mass           | mass_reaction  | outflow_gradient | platen_max     | platen_min     |
+----------------+----------------+----------------+------------------+----------------+----------------+
:                :                :                :                  :                :                :
|   8.000000e-03 |   1.594818e+00 |  -4.952005e-01 |     2.549147e-01 |  -4.158361e-02 |  -4.158361e-02 |
|   9.000000e-03 |   1.594338e+00 |  -4.798294e-01 |     2.471047e-01 |  -4.164950e-02 |  -4.164950e-02 |
|   1.000000e-02 |   1.593871e+00 |  -4.669949e-01 |     2.405804e-01 |  -4.171364e-02 |  -4.171364e-02 |
|   1.100000e-02 |   1.593415e+00 |  -4.560298e-01 |     2.350073e-01 |  -4.177626e-02 |  -4.177626e-02 |
|   1.200000e-02 |   1.592969e+00 |  -4.464847e-01 |     2.301589e-01 |  -4.183757e-02 |  -4.183757e-02 |
|   1.300000e-02 |   1.592531e+00 |  -4.380448e-01 |     2.258757e-01 |  -4.189773e-02 |  -4.189773e-02 |
|   1.400000e-02 |   1.592100e+00 |  -4.304825e-01 |     2.220420e-01 |  -4.195684e-02 |  -4.195684e-02 |
|   1.500000e-02 |   1.591677e+00 |  -4.236293e-01 |     2.185716e-01 |  -4.201502e-02 |  -4.201502e-02 |
|   1.600000e-02 |   1.591259e+00 |  -4.173578e-01 |     2.153993e-01 |  -4.207233e-02 |  -4.207233e-02 |
|   1.700000e-02 |   1.590848e+00 |  -4.115704e-01 |     2.124748e-01 |  -4.212885e-02 |  -4.212885e-02 |
|   1.800000e-02 |   1.590442e+00 |  -4.061909e-01 |     2.097588e-01 |  -4.218464e-02 |  -4.218464e-02 |
|   1.900000e-02 |   1.590040e+00 |  -4.011594e-01 |     2.072203e-01 |  -4.223973e-02 |  -4.223973e-02 |
|   2.000000e-02 |   1.589644e+00 |  -3.964279e-01 |     2.048345e-01 |  -4.229418e-02 |  -4.229418e-02 |
|   2.100000e-02 |   1.589252e+00 |  -3.919579e-01 |     2.025815e-01 |  -4.234802e-02 |  -4.234802e-02 |
|   2.200000e-02 |   1.588864e+00 |  -3.877179e-01 |     2.004449e-01 |  -4.240127e-02 |  -4.240127e-02 |
+----------------+----------------+----------------+------------------+----------------+----------------+
+----------------+--------------------+--------------------+----------------+----------------+----------------+
| time           | solid_fraction_max | solid_fraction_min | stability_max  | stability_min  | top_reaction   |
+----------------+--------------------+--------------------+----------------+----------------+----------------+
:                :                    :                    :                :                :                :
|   8.000000e-03 |       6.090669e-01 |       6.033169e-01 |   2.811665e+01 |   2.800521e+01 |  -1.400000e+00 |
|   9.000000e-03 |       6.090760e-01 |       6.033601e-01 |   2.811681e+01 |   2.800504e+01 |  -1.400000e+00 |
|   1.000000e-02 |       6.090820e-01 |       6.034105e-01 |   2.811696e+01 |   2.800491e+01 |  -1.400000e+00 |
|   1.100000e-02 |       6.090858e-01 |       6.034660e-01 |   2.811709e+01 |   2.800479e+01 |  -1.400000e+00 |
|   1.200000e-02 |       6.090881e-01 |       6.035246e-01 |   2.811719e+01 |   2.800469e+01 |  -1.400000e+00 |
|   1.300000e-02 |       6.090893e-01 |       6.035851e-01 |   2.811727e+01 |   2.800460e+01 |  -1.400000e+00 |
|   1.400000e-02 |       6.090897e-01 |       6.036422e-01 |   2.811732e+01 |   2.800453e+01 |  -1.400000e+00 |
|   1.500000e-02 |       6.090897e-01 |       6.036534e-01 |   2.811735e+01 |   2.800445e+01 |  -1.400000e+00 |
|   1.600000e-02 |       6.090894e-01 |       6.036653e-01 |   2.811736e+01 |   2.800439e+01 |  -1.400000e+00 |
|   1.700000e-02 |       6.090889e-01 |       6.036780e-01 |   2.811736e+01 |   2.800433e+01 |  -1.400000e+00 |
|   1.800000e-02 |       6.090884e-01 |       6.036914e-01 |   2.811733e+01 |   2.800427e+01 |  -1.400000e+00 |
|   1.900000e-02 |       6.090879e-01 |       6.037055e-01 |   2.811728e+01 |   2.800422e+01 |  -1.400000e+00 |
|   2.000000e-02 |       6.090874e-01 |       6.037200e-01 |   2.811720e+01 |   2.800417e+01 |  -1.400000e+00 |
|   2.100000e-02 |       6.090871e-01 |       6.037337e-01 |   2.811710e+01 |   2.800413e+01 |  -1.400000e+00 |
|   2.200000e-02 |       6.090869e-01 |       6.037482e-01 |   2.811698e+01 |   2.800409e+01 |  -1.400000e+00 |
+----------------+--------------------+--------------------+----------------+----------------+----------------+


Time Step 23, time = 0.023, dt = 0.001
 * Nonlinear |R| = [32m3.331814e-02[39m (Before preset BCs, predictors, correctors, and constraints)
 0 Nonlinear |R| = [32m3.331814e-02[39m
      0 Linear |R| = [32m3.331814e-02[39m
      1 Linear |R| = [32m1.943667e-03[39m
      2 Linear |R| = [33m1.907258e-03[39m
      3 Linear |R| = [32m5.687674e-04[39m
      4 Linear |R| = [32m4.866207e-05[39m
      5 Linear |R| = [32m2.344392e-05[39m
      6 Linear |R| = [32m1.037950e-05[39m
      7 Linear |R| = [32m6.497515e-06[39m
      8 Linear |R| = [32m1.707671e-06[39m
      9 Linear |R| = [32m9.319687e-07[39m
     10 Linear |R| = [32m6.973797e-07[39m
     11 Linear |R| = [32m4.651084e-07[39m
     12 Linear |R| = [32m1.129236e-07[39m
     13 Linear |R| = [32m7.562256e-08[39m
     14 Linear |R| = [32m1.570249e-08[39m
     15 Linear |R| = [32m1.231284e-08[39m
     16 Linear |R| = [32m8.298888e-09[39m
     17 Linear |R| = [32m3.561982e-09[39m
     18 Linear |R| = [32m1.063123e-09[39m
     19 Linear |R| = [32m6.193846e-10[39m
     20 Linear |R| = [32m4.073104e-10[39m
     21 Linear |R| = [32m1.706178e-10[39m
     22 Linear |R| = [32m7.290964e-11[39m
     23 Linear |R| = [32m3.917041e-11[39m
     24 Linear |R| = [32m7.561457e-12[39m
 1 Nonlinear |R| = [32m4.206420e-06[39m
      0 Linear |R| = [32m4.206420e-06[39m
      1 Linear |R| = [32m1.242070e-07[39m
      2 Linear |R| = [32m1.072194e-07[39m
      3 Linear |R| = [32m2.764436e-08[39m
      4 Linear |R| = [32m2.729151e-09[39m
      5 Linear |R| = [32m2.552711e-09[39m
      6 Linear |R| = [32m1.216311e-09[39m
      7 Linear |R| = [32m5.271544e-10[39m
      8 Linear |R| = [32m1.320374e-10[39m
      9 Linear |R| = [32m7.931746e-11[39m
     10 Linear |R| = [32m7.530235e-11[39m
     11 Linear |R| = [32m3.030306e-11[39m
     12 Linear |R| = [32m1.032085e-11[39m
     13 Linear |R| = [32m5.646470e-12[39m
     14 Linear |R| = [32m1.025726e-12[39m
     15 Linear |R| = [33m1.015234e-12[39m
     16 Linear |R| = [32m6.157548e-13[39m
     17 Linear |R| = [32m2.052756e-13[39m
     18 Linear |R| = [32m8.024543e-14[39m
     19 Linear |R| = [32m3.966178e-14[39m
     20 Linear |R| = [32m3.450623e-14[39m
     21 Linear |R| = [32m9.189054e-15[39m
     22 Linear |R| = [32m4.529705e-15[39m
     23 Linear |R| = [32m2.227608e-15[39m
 2 Nonlinear |R| = [32m8.043193e-12[39m
[32m Solve Converged![39m

Postprocessor Values:
+----------------+----------------+----------------+----------------+----------------+----------------+----------------+
| time           | J_max          | J_min          | Jbar_max       | Jbar_min       | center_pressure| edge_ux        |
+----------------+----------------+----------------+----------------+----------------+----------------+----------------+
:                :                :                :                :                :                :                :
|   9.000000e-03 |   9.851945e-01 |   9.746745e-01 |   9.907117e-01 |   9.894066e-01 |   1.964490e-01 |   7.520941e-03 |
|   1.000000e-02 |   9.851203e-01 |   9.746667e-01 |   9.907199e-01 |   9.894079e-01 |   1.952534e-01 |   7.457023e-03 |
|   1.100000e-02 |   9.850334e-01 |   9.746634e-01 |   9.907235e-01 |   9.894104e-01 |   1.940283e-01 |   7.396787e-03 |
|   1.200000e-02 |   9.849377e-01 |   9.746632e-01 |   9.907236e-01 |   9.894137e-01 |   1.927954e-01 |   7.339377e-03 |
|   1.300000e-02 |   9.848364e-01 |   9.746651e-01 |   9.907209e-01 |   9.894175e-01 |   1.915687e-01 |   7.284159e-03 |
|   1.400000e-02 |   9.847316e-01 |   9.746684e-01 |   9.907162e-01 |   9.894215e-01 |   1.903571e-01 |   7.230658e-03 |
|   1.500000e-02 |   9.846250e-01 |   9.746724e-01 |   9.907099e-01 |   9.894256e-01 |   1.891658e-01 |   7.178512e-03 |
|   1.600000e-02 |   9.845179e-01 |   9.746769e-01 |   9.907024e-01 |   9.894296e-01 |   1.879972e-01 |   7.127443e-03 |
|   1.700000e-02 |   9.844111e-01 |   9.746815e-01 |   9.906940e-01 |   9.894336e-01 |   1.868525e-01 |   7.077238e-03 |
|   1.800000e-02 |   9.843053e-01 |   9.746860e-01 |   9.906850e-01 |   9.894373e-01 |   1.857316e-01 |   7.027731e-03 |
|   1.900000e-02 |   9.842010e-01 |   9.746902e-01 |   9.906754e-01 |   9.894408e-01 |   1.846337e-01 |   6.978796e-03 |
|   2.000000e-02 |   9.840984e-01 |   9.746940e-01 |   9.906654e-01 |   9.894441e-01 |   1.835580e-01 |   6.930335e-03 |
|   2.100000e-02 |   9.839977e-01 |   9.746973e-01 |   9.906552e-01 |   9.894470e-01 |   1.825032e-01 |   6.882271e-03 |
|   2.200000e-02 |   9.838992e-01 |   9.747001e-01 |   9.906448e-01 |   9.894497e-01 |   1.814679e-01 |   6.834548e-03 |
|   2.300000e-02 |   9.838028e-01 |   9.747023e-01 |   9.906343e-01 |   9.894520e-01 |   1.804510e-01 |   6.787120e-03 |
+----------------+----------------+----------------+----------------+----------------+----------------+----------------+
+----------------+----------------+----------------+------------------+----------------+----------------+
| time           | mass           | mass_reaction  | outflow_gradient | platen_max     | platen_min     |
+----------------+----------------+----------------+------------------+----------------+----------------+
:                :                :                :                  :                :                :
|   9.000000e-03 |   1.594338e+00 |  -4.798294e-01 |     2.471047e-01 |  -4.164950e-02 |  -4.164950e-02 |
|   1.000000e-02 |   1.593871e+00 |  -4.669949e-01 |     2.405804e-01 |  -4.171364e-02 |  -4.171364e-02 |
|   1.100000e-02 |   1.593415e+00 |  -4.560298e-01 |     2.350073e-01 |  -4.177626e-02 |  -4.177626e-02 |
|   1.200000e-02 |   1.592969e+00 |  -4.464847e-01 |     2.301589e-01 |  -4.183757e-02 |  -4.183757e-02 |
|   1.300000e-02 |   1.592531e+00 |  -4.380448e-01 |     2.258757e-01 |  -4.189773e-02 |  -4.189773e-02 |
|   1.400000e-02 |   1.592100e+00 |  -4.304825e-01 |     2.220420e-01 |  -4.195684e-02 |  -4.195684e-02 |
|   1.500000e-02 |   1.591677e+00 |  -4.236293e-01 |     2.185716e-01 |  -4.201502e-02 |  -4.201502e-02 |
|   1.600000e-02 |   1.591259e+00 |  -4.173578e-01 |     2.153993e-01 |  -4.207233e-02 |  -4.207233e-02 |
|   1.700000e-02 |   1.590848e+00 |  -4.115704e-01 |     2.124748e-01 |  -4.212885e-02 |  -4.212885e-02 |
|   1.800000e-02 |   1.590442e+00 |  -4.061909e-01 |     2.097588e-01 |  -4.218464e-02 |  -4.218464e-02 |
|   1.900000e-02 |   1.590040e+00 |  -4.011594e-01 |     2.072203e-01 |  -4.223973e-02 |  -4.223973e-02 |
|   2.000000e-02 |   1.589644e+00 |  -3.964279e-01 |     2.048345e-01 |  -4.229418e-02 |  -4.229418e-02 |
|   2.100000e-02 |   1.589252e+00 |  -3.919579e-01 |     2.025815e-01 |  -4.234802e-02 |  -4.234802e-02 |
|   2.200000e-02 |   1.588864e+00 |  -3.877179e-01 |     2.004449e-01 |  -4.240127e-02 |  -4.240127e-02 |
|   2.300000e-02 |   1.588481e+00 |  -3.836820e-01 |     1.984113e-01 |  -4.245398e-02 |  -4.245398e-02 |
+----------------+----------------+----------------+------------------+----------------+----------------+
+----------------+--------------------+--------------------+----------------+----------------+----------------+
| time           | solid_fraction_max | solid_fraction_min | stability_max  | stability_min  | top_reaction   |
+----------------+--------------------+--------------------+----------------+----------------+----------------+
:                :                    :                    :                :                :                :
|   9.000000e-03 |       6.090760e-01 |       6.033601e-01 |   2.811681e+01 |   2.800504e+01 |  -1.400000e+00 |
|   1.000000e-02 |       6.090820e-01 |       6.034105e-01 |   2.811696e+01 |   2.800491e+01 |  -1.400000e+00 |
|   1.100000e-02 |       6.090858e-01 |       6.034660e-01 |   2.811709e+01 |   2.800479e+01 |  -1.400000e+00 |
|   1.200000e-02 |       6.090881e-01 |       6.035246e-01 |   2.811719e+01 |   2.800469e+01 |  -1.400000e+00 |
|   1.300000e-02 |       6.090893e-01 |       6.035851e-01 |   2.811727e+01 |   2.800460e+01 |  -1.400000e+00 |
|   1.400000e-02 |       6.090897e-01 |       6.036422e-01 |   2.811732e+01 |   2.800453e+01 |  -1.400000e+00 |
|   1.500000e-02 |       6.090897e-01 |       6.036534e-01 |   2.811735e+01 |   2.800445e+01 |  -1.400000e+00 |
|   1.600000e-02 |       6.090894e-01 |       6.036653e-01 |   2.811736e+01 |   2.800439e+01 |  -1.400000e+00 |
|   1.700000e-02 |       6.090889e-01 |       6.036780e-01 |   2.811736e+01 |   2.800433e+01 |  -1.400000e+00 |
|   1.800000e-02 |       6.090884e-01 |       6.036914e-01 |   2.811733e+01 |   2.800427e+01 |  -1.400000e+00 |
|   1.900000e-02 |       6.090879e-01 |       6.037055e-01 |   2.811728e+01 |   2.800422e+01 |  -1.400000e+00 |
|   2.000000e-02 |       6.090874e-01 |       6.037200e-01 |   2.811720e+01 |   2.800417e+01 |  -1.400000e+00 |
|   2.100000e-02 |       6.090871e-01 |       6.037337e-01 |   2.811710e+01 |   2.800413e+01 |  -1.400000e+00 |
|   2.200000e-02 |       6.090869e-01 |       6.037482e-01 |   2.811698e+01 |   2.800409e+01 |  -1.400000e+00 |
|   2.300000e-02 |       6.090868e-01 |       6.037635e-01 |   2.811684e+01 |   2.800404e+01 |  -1.400000e+00 |
+----------------+--------------------+--------------------+----------------+----------------+----------------+


Time Step 24, time = 0.024, dt = 0.001
 * Nonlinear |R| = [32m3.271746e-02[39m (Before preset BCs, predictors, correctors, and constraints)
 0 Nonlinear |R| = [32m3.271746e-02[39m
      0 Linear |R| = [32m3.271746e-02[39m
      1 Linear |R| = [32m1.924311e-03[39m
      2 Linear |R| = [33m1.888225e-03[39m
      3 Linear |R| = [32m5.630721e-04[39m
      4 Linear |R| = [32m4.814614e-05[39m
      5 Linear |R| = [32m2.362308e-05[39m
      6 Linear |R| = [32m1.013788e-05[39m
      7 Linear |R| = [32m6.357684e-06[39m
      8 Linear |R| = [32m1.674261e-06[39m
      9 Linear |R| = [32m9.104069e-07[39m
     10 Linear |R| = [32m6.287564e-07[39m
     11 Linear |R| = [32m4.557717e-07[39m
     12 Linear |R| = [32m1.097446e-07[39m
     13 Linear |R| = [32m7.367022e-08[39m
     14 Linear |R| = [32m1.540930e-08[39m
     15 Linear |R| = [32m1.173917e-08[39m
     16 Linear |R| = [32m8.120988e-09[39m
     17 Linear |R| = [32m3.502534e-09[39m
     18 Linear |R| = [32m1.042083e-09[39m
     19 Linear |R| = [32m6.084169e-10[39m
     20 Linear |R| = [32m3.682476e-10[39m
     21 Linear |R| = [32m1.680593e-10[39m
     22 Linear |R| = [32m7.186686e-11[39m
     23 Linear |R| = [32m3.867782e-11[39m
     24 Linear |R| = [32m7.467802e-12[39m
 1 Nonlinear |R| = [32m4.003079e-06[39m
      0 Linear |R| = [32m4.003079e-06[39m
      1 Linear |R| = [32m1.189166e-07[39m
      2 Linear |R| = [32m1.014841e-07[39m
      3 Linear |R| = [32m2.617943e-08[39m
      4 Linear |R| = [32m2.543732e-09[39m
      5 Linear |R| = [32m2.393599e-09[39m
      6 Linear |R| = [32m1.078701e-09[39m
      7 Linear |R| = [32m4.874976e-10[39m
      8 Linear |R| = [32m1.257624e-10[39m
      9 Linear |R| = [32m7.555706e-11[39m
     10 Linear |R| = [33m7.223984e-11[39m
     11 Linear |R| = [32m2.850309e-11[39m
     12 Linear |R| = [32m9.694263e-12[39m
     13 Linear |R| = [32m5.273447e-12[39m
     14 Linear |R| = [32m9.570905e-13[39m
     15 Linear |R| = [33m9.509258e-13[39m
     16 Linear |R| = [32m5.700254e-13[39m
     17 Linear |R| = [32m1.949252e-13[39m
     18 Linear |R| = [32m7.398199e-14[39m
     19 Linear |R| = [32m4.045424e-14[39m
     20 Linear |R| = [32m3.420441e-14[39m
     21 Linear |R| = [32m9.204770e-15[39m
     22 Linear |R| = [32m4.186106e-15[39m
     23 Linear |R| = [32m2.157853e-15[39m
 2 Nonlinear |R| = [32m7.762115e-12[39m
[32m Solve Converged![39m

Postprocessor Values:
+----------------+----------------+----------------+----------------+----------------+----------------+----------------+
| time           | J_max          | J_min          | Jbar_max       | Jbar_min       | center_pressure| edge_ux        |
+----------------+----------------+----------------+----------------+----------------+----------------+----------------+
:                :                :                :                :                :                :                :
|   1.000000e-02 |   9.851203e-01 |   9.746667e-01 |   9.907199e-01 |   9.894079e-01 |   1.952534e-01 |   7.457023e-03 |
|   1.100000e-02 |   9.850334e-01 |   9.746634e-01 |   9.907235e-01 |   9.894104e-01 |   1.940283e-01 |   7.396787e-03 |
|   1.200000e-02 |   9.849377e-01 |   9.746632e-01 |   9.907236e-01 |   9.894137e-01 |   1.927954e-01 |   7.339377e-03 |
|   1.300000e-02 |   9.848364e-01 |   9.746651e-01 |   9.907209e-01 |   9.894175e-01 |   1.915687e-01 |   7.284159e-03 |
|   1.400000e-02 |   9.847316e-01 |   9.746684e-01 |   9.907162e-01 |   9.894215e-01 |   1.903571e-01 |   7.230658e-03 |
|   1.500000e-02 |   9.846250e-01 |   9.746724e-01 |   9.907099e-01 |   9.894256e-01 |   1.891658e-01 |   7.178512e-03 |
|   1.600000e-02 |   9.845179e-01 |   9.746769e-01 |   9.907024e-01 |   9.894296e-01 |   1.879972e-01 |   7.127443e-03 |
|   1.700000e-02 |   9.844111e-01 |   9.746815e-01 |   9.906940e-01 |   9.894336e-01 |   1.868525e-01 |   7.077238e-03 |
|   1.800000e-02 |   9.843053e-01 |   9.746860e-01 |   9.906850e-01 |   9.894373e-01 |   1.857316e-01 |   7.027731e-03 |
|   1.900000e-02 |   9.842010e-01 |   9.746902e-01 |   9.906754e-01 |   9.894408e-01 |   1.846337e-01 |   6.978796e-03 |
|   2.000000e-02 |   9.840984e-01 |   9.746940e-01 |   9.906654e-01 |   9.894441e-01 |   1.835580e-01 |   6.930335e-03 |
|   2.100000e-02 |   9.839977e-01 |   9.746973e-01 |   9.906552e-01 |   9.894470e-01 |   1.825032e-01 |   6.882271e-03 |
|   2.200000e-02 |   9.838992e-01 |   9.747001e-01 |   9.906448e-01 |   9.894497e-01 |   1.814679e-01 |   6.834548e-03 |
|   2.300000e-02 |   9.838028e-01 |   9.747023e-01 |   9.906343e-01 |   9.894520e-01 |   1.804510e-01 |   6.787120e-03 |
|   2.400000e-02 |   9.837086e-01 |   9.747040e-01 |   9.906237e-01 |   9.894540e-01 |   1.794511e-01 |   6.739953e-03 |
+----------------+----------------+----------------+----------------+----------------+----------------+----------------+
+----------------+----------------+----------------+------------------+----------------+----------------+
| time           | mass           | mass_reaction  | outflow_gradient | platen_max     | platen_min     |
+----------------+----------------+----------------+------------------+----------------+----------------+
:                :                :                :                  :                :                :
|   1.000000e-02 |   1.593871e+00 |  -4.669949e-01 |     2.405804e-01 |  -4.171364e-02 |  -4.171364e-02 |
|   1.100000e-02 |   1.593415e+00 |  -4.560298e-01 |     2.350073e-01 |  -4.177626e-02 |  -4.177626e-02 |
|   1.200000e-02 |   1.592969e+00 |  -4.464847e-01 |     2.301589e-01 |  -4.183757e-02 |  -4.183757e-02 |
|   1.300000e-02 |   1.592531e+00 |  -4.380448e-01 |     2.258757e-01 |  -4.189773e-02 |  -4.189773e-02 |
|   1.400000e-02 |   1.592100e+00 |  -4.304825e-01 |     2.220420e-01 |  -4.195684e-02 |  -4.195684e-02 |
|   1.500000e-02 |   1.591677e+00 |  -4.236293e-01 |     2.185716e-01 |  -4.201502e-02 |  -4.201502e-02 |
|   1.600000e-02 |   1.591259e+00 |  -4.173578e-01 |     2.153993e-01 |  -4.207233e-02 |  -4.207233e-02 |
|   1.700000e-02 |   1.590848e+00 |  -4.115704e-01 |     2.124748e-01 |  -4.212885e-02 |  -4.212885e-02 |
|   1.800000e-02 |   1.590442e+00 |  -4.061909e-01 |     2.097588e-01 |  -4.218464e-02 |  -4.218464e-02 |
|   1.900000e-02 |   1.590040e+00 |  -4.011594e-01 |     2.072203e-01 |  -4.223973e-02 |  -4.223973e-02 |
|   2.000000e-02 |   1.589644e+00 |  -3.964279e-01 |     2.048345e-01 |  -4.229418e-02 |  -4.229418e-02 |
|   2.100000e-02 |   1.589252e+00 |  -3.919579e-01 |     2.025815e-01 |  -4.234802e-02 |  -4.234802e-02 |
|   2.200000e-02 |   1.588864e+00 |  -3.877179e-01 |     2.004449e-01 |  -4.240127e-02 |  -4.240127e-02 |
|   2.300000e-02 |   1.588481e+00 |  -3.836820e-01 |     1.984113e-01 |  -4.245398e-02 |  -4.245398e-02 |
|   2.400000e-02 |   1.588101e+00 |  -3.798285e-01 |     1.964696e-01 |  -4.250615e-02 |  -4.250615e-02 |
+----------------+----------------+----------------+------------------+----------------+----------------+
+----------------+--------------------+--------------------+----------------+----------------+----------------+
| time           | solid_fraction_max | solid_fraction_min | stability_max  | stability_min  | top_reaction   |
+----------------+--------------------+--------------------+----------------+----------------+----------------+
:                :                    :                    :                :                :                :
|   1.000000e-02 |       6.090820e-01 |       6.034105e-01 |   2.811696e+01 |   2.800491e+01 |  -1.400000e+00 |
|   1.100000e-02 |       6.090858e-01 |       6.034660e-01 |   2.811709e+01 |   2.800479e+01 |  -1.400000e+00 |
|   1.200000e-02 |       6.090881e-01 |       6.035246e-01 |   2.811719e+01 |   2.800469e+01 |  -1.400000e+00 |
|   1.300000e-02 |       6.090893e-01 |       6.035851e-01 |   2.811727e+01 |   2.800460e+01 |  -1.400000e+00 |
|   1.400000e-02 |       6.090897e-01 |       6.036422e-01 |   2.811732e+01 |   2.800453e+01 |  -1.400000e+00 |
|   1.500000e-02 |       6.090897e-01 |       6.036534e-01 |   2.811735e+01 |   2.800445e+01 |  -1.400000e+00 |
|   1.600000e-02 |       6.090894e-01 |       6.036653e-01 |   2.811736e+01 |   2.800439e+01 |  -1.400000e+00 |
|   1.700000e-02 |       6.090889e-01 |       6.036780e-01 |   2.811736e+01 |   2.800433e+01 |  -1.400000e+00 |
|   1.800000e-02 |       6.090884e-01 |       6.036914e-01 |   2.811733e+01 |   2.800427e+01 |  -1.400000e+00 |
|   1.900000e-02 |       6.090879e-01 |       6.037055e-01 |   2.811728e+01 |   2.800422e+01 |  -1.400000e+00 |
|   2.000000e-02 |       6.090874e-01 |       6.037200e-01 |   2.811720e+01 |   2.800417e+01 |  -1.400000e+00 |
|   2.100000e-02 |       6.090871e-01 |       6.037337e-01 |   2.811710e+01 |   2.800413e+01 |  -1.400000e+00 |
|   2.200000e-02 |       6.090869e-01 |       6.037482e-01 |   2.811698e+01 |   2.800409e+01 |  -1.400000e+00 |
|   2.300000e-02 |       6.090868e-01 |       6.037635e-01 |   2.811684e+01 |   2.800404e+01 |  -1.400000e+00 |
|   2.400000e-02 |       6.090870e-01 |       6.037795e-01 |   2.811667e+01 |   2.800400e+01 |  -1.400000e+00 |
+----------------+--------------------+--------------------+----------------+----------------+----------------+


Time Step 25, time = 0.025, dt = 0.001
 * Nonlinear |R| = [32m3.216285e-02[39m (Before preset BCs, predictors, correctors, and constraints)
 0 Nonlinear |R| = [32m3.216285e-02[39m
      0 Linear |R| = [32m3.216285e-02[39m
      1 Linear |R| = [32m1.905796e-03[39m
      2 Linear |R| = [33m1.870023e-03[39m
      3 Linear |R| = [32m5.575821e-04[39m
      4 Linear |R| = [32m4.762136e-05[39m
      5 Linear |R| = [32m2.301301e-05[39m
      6 Linear |R| = [32m9.908969e-06[39m
      7 Linear |R| = [32m6.224844e-06[39m
      8 Linear |R| = [32m1.642479e-06[39m
      9 Linear |R| = [32m8.905934e-07[39m
     10 Linear |R| = [32m6.532513e-07[39m
     11 Linear |R| = [32m4.479404e-07[39m
     12 Linear |R| = [32m1.066933e-07[39m
     13 Linear |R| = [32m7.178070e-08[39m
     14 Linear |R| = [32m1.514883e-08[39m
     15 Linear |R| = [32m1.194750e-08[39m
     16 Linear |R| = [32m7.948026e-09[39m
     17 Linear |R| = [32m3.444307e-09[39m
     18 Linear |R| = [32m1.021392e-09[39m
     19 Linear |R| = [32m5.981153e-10[39m
     20 Linear |R| = [32m3.974650e-10[39m
     21 Linear |R| = [32m1.656482e-10[39m
     22 Linear |R| = [32m7.084057e-11[39m
     23 Linear |R| = [32m3.819362e-11[39m
     24 Linear |R| = [32m7.385830e-12[39m
 1 Nonlinear |R| = [32m3.816221e-06[39m
      0 Linear |R| = [32m3.816221e-06[39m
      1 Linear |R| = [32m1.155915e-07[39m
      2 Linear |R| = [32m9.694859e-08[39m
      3 Linear |R| = [32m2.506357e-08[39m
      4 Linear |R| = [32m2.413437e-09[39m
      5 Linear |R| = [32m2.194498e-09[39m
      6 Linear |R| = [32m1.023932e-09[39m
      7 Linear |R| = [32m4.634521e-10[39m
      8 Linear |R| = [32m1.207258e-10[39m
      9 Linear |R| = [32m7.247572e-11[39m
     10 Linear |R| = [32m6.696306e-11[39m
     11 Linear |R| = [32m2.745500e-11[39m
     12 Linear |R| = [32m9.481765e-12[39m
     13 Linear |R| = [32m5.112279e-12[39m
     14 Linear |R| = [32m9.408485e-13[39m
     15 Linear |R| = [33m9.133607e-13[39m
     16 Linear |R| = [32m5.695780e-13[39m
     17 Linear |R| = [32m2.019811e-13[39m
     18 Linear |R| = [32m7.452811e-14[39m
     19 Linear |R| = [32m4.304338e-14[39m
     20 Linear |R| = [32m3.377696e-14[39m
     21 Linear |R| = [32m9.461623e-15[39m
     22 Linear |R| = [32m4.345211e-15[39m
     23 Linear |R| = [32m2.231466e-15[39m
 2 Nonlinear |R| = [32m6.563564e-12[39m
[32m Solve Converged![39m

Postprocessor Values:
+----------------+----------------+----------------+----------------+----------------+----------------+----------------+
| time           | J_max          | J_min          | Jbar_max       | Jbar_min       | center_pressure| edge_ux        |
+----------------+----------------+----------------+----------------+----------------+----------------+----------------+
:                :                :                :                :                :                :                :
|   1.100000e-02 |   9.850334e-01 |   9.746634e-01 |   9.907235e-01 |   9.894104e-01 |   1.940283e-01 |   7.396787e-03 |
|   1.200000e-02 |   9.849377e-01 |   9.746632e-01 |   9.907236e-01 |   9.894137e-01 |   1.927954e-01 |   7.339377e-03 |
|   1.300000e-02 |   9.848364e-01 |   9.746651e-01 |   9.907209e-01 |   9.894175e-01 |   1.915687e-01 |   7.284159e-03 |
|   1.400000e-02 |   9.847316e-01 |   9.746684e-01 |   9.907162e-01 |   9.894215e-01 |   1.903571e-01 |   7.230658e-03 |
|   1.500000e-02 |   9.846250e-01 |   9.746724e-01 |   9.907099e-01 |   9.894256e-01 |   1.891658e-01 |   7.178512e-03 |
|   1.600000e-02 |   9.845179e-01 |   9.746769e-01 |   9.907024e-01 |   9.894296e-01 |   1.879972e-01 |   7.127443e-03 |
|   1.700000e-02 |   9.844111e-01 |   9.746815e-01 |   9.906940e-01 |   9.894336e-01 |   1.868525e-01 |   7.077238e-03 |
|   1.800000e-02 |   9.843053e-01 |   9.746860e-01 |   9.906850e-01 |   9.894373e-01 |   1.857316e-01 |   7.027731e-03 |
|   1.900000e-02 |   9.842010e-01 |   9.746902e-01 |   9.906754e-01 |   9.894408e-01 |   1.846337e-01 |   6.978796e-03 |
|   2.000000e-02 |   9.840984e-01 |   9.746940e-01 |   9.906654e-01 |   9.894441e-01 |   1.835580e-01 |   6.930335e-03 |
|   2.100000e-02 |   9.839977e-01 |   9.746973e-01 |   9.906552e-01 |   9.894470e-01 |   1.825032e-01 |   6.882271e-03 |
|   2.200000e-02 |   9.838992e-01 |   9.747001e-01 |   9.906448e-01 |   9.894497e-01 |   1.814679e-01 |   6.834548e-03 |
|   2.300000e-02 |   9.838028e-01 |   9.747023e-01 |   9.906343e-01 |   9.894520e-01 |   1.804510e-01 |   6.787120e-03 |
|   2.400000e-02 |   9.837086e-01 |   9.747040e-01 |   9.906237e-01 |   9.894540e-01 |   1.794511e-01 |   6.739953e-03 |
|   2.500000e-02 |   9.836167e-01 |   9.747050e-01 |   9.906131e-01 |   9.894558e-01 |   1.784672e-01 |   6.693023e-03 |
+----------------+----------------+----------------+----------------+----------------+----------------+----------------+
+----------------+----------------+----------------+------------------+----------------+----------------+
| time           | mass           | mass_reaction  | outflow_gradient | platen_max     | platen_min     |
+----------------+----------------+----------------+------------------+----------------+----------------+
:                :                :                :                  :                :                :
|   1.100000e-02 |   1.593415e+00 |  -4.560298e-01 |     2.350073e-01 |  -4.177626e-02 |  -4.177626e-02 |
|   1.200000e-02 |   1.592969e+00 |  -4.464847e-01 |     2.301589e-01 |  -4.183757e-02 |  -4.183757e-02 |
|   1.300000e-02 |   1.592531e+00 |  -4.380448e-01 |     2.258757e-01 |  -4.189773e-02 |  -4.189773e-02 |
|   1.400000e-02 |   1.592100e+00 |  -4.304825e-01 |     2.220420e-01 |  -4.195684e-02 |  -4.195684e-02 |
|   1.500000e-02 |   1.591677e+00 |  -4.236293e-01 |     2.185716e-01 |  -4.201502e-02 |  -4.201502e-02 |
|   1.600000e-02 |   1.591259e+00 |  -4.173578e-01 |     2.153993e-01 |  -4.207233e-02 |  -4.207233e-02 |
|   1.700000e-02 |   1.590848e+00 |  -4.115704e-01 |     2.124748e-01 |  -4.212885e-02 |  -4.212885e-02 |
|   1.800000e-02 |   1.590442e+00 |  -4.061909e-01 |     2.097588e-01 |  -4.218464e-02 |  -4.218464e-02 |
|   1.900000e-02 |   1.590040e+00 |  -4.011594e-01 |     2.072203e-01 |  -4.223973e-02 |  -4.223973e-02 |
|   2.000000e-02 |   1.589644e+00 |  -3.964279e-01 |     2.048345e-01 |  -4.229418e-02 |  -4.229418e-02 |
|   2.100000e-02 |   1.589252e+00 |  -3.919579e-01 |     2.025815e-01 |  -4.234802e-02 |  -4.234802e-02 |
|   2.200000e-02 |   1.588864e+00 |  -3.877179e-01 |     2.004449e-01 |  -4.240127e-02 |  -4.240127e-02 |
|   2.300000e-02 |   1.588481e+00 |  -3.836820e-01 |     1.984113e-01 |  -4.245398e-02 |  -4.245398e-02 |
|   2.400000e-02 |   1.588101e+00 |  -3.798285e-01 |     1.964696e-01 |  -4.250615e-02 |  -4.250615e-02 |
|   2.500000e-02 |   1.587725e+00 |  -3.761394e-01 |     1.946104e-01 |  -4.255782e-02 |  -4.255782e-02 |
+----------------+----------------+----------------+------------------+----------------+----------------+
+----------------+--------------------+--------------------+----------------+----------------+----------------+
| time           | solid_fraction_max | solid_fraction_min | stability_max  | stability_min  | top_reaction   |
+----------------+--------------------+--------------------+----------------+----------------+----------------+
:                :                    :                    :                :                :                :
|   1.100000e-02 |       6.090858e-01 |       6.034660e-01 |   2.811709e+01 |   2.800479e+01 |  -1.400000e+00 |
|   1.200000e-02 |       6.090881e-01 |       6.035246e-01 |   2.811719e+01 |   2.800469e+01 |  -1.400000e+00 |
|   1.300000e-02 |       6.090893e-01 |       6.035851e-01 |   2.811727e+01 |   2.800460e+01 |  -1.400000e+00 |
|   1.400000e-02 |       6.090897e-01 |       6.036422e-01 |   2.811732e+01 |   2.800453e+01 |  -1.400000e+00 |
|   1.500000e-02 |       6.090897e-01 |       6.036534e-01 |   2.811735e+01 |   2.800445e+01 |  -1.400000e+00 |
|   1.600000e-02 |       6.090894e-01 |       6.036653e-01 |   2.811736e+01 |   2.800439e+01 |  -1.400000e+00 |
|   1.700000e-02 |       6.090889e-01 |       6.036780e-01 |   2.811736e+01 |   2.800433e+01 |  -1.400000e+00 |
|   1.800000e-02 |       6.090884e-01 |       6.036914e-01 |   2.811733e+01 |   2.800427e+01 |  -1.400000e+00 |
|   1.900000e-02 |       6.090879e-01 |       6.037055e-01 |   2.811728e+01 |   2.800422e+01 |  -1.400000e+00 |
|   2.000000e-02 |       6.090874e-01 |       6.037200e-01 |   2.811720e+01 |   2.800417e+01 |  -1.400000e+00 |
|   2.100000e-02 |       6.090871e-01 |       6.037337e-01 |   2.811710e+01 |   2.800413e+01 |  -1.400000e+00 |
|   2.200000e-02 |       6.090869e-01 |       6.037482e-01 |   2.811698e+01 |   2.800409e+01 |  -1.400000e+00 |
|   2.300000e-02 |       6.090868e-01 |       6.037635e-01 |   2.811684e+01 |   2.800404e+01 |  -1.400000e+00 |
|   2.400000e-02 |       6.090870e-01 |       6.037795e-01 |   2.811667e+01 |   2.800400e+01 |  -1.400000e+00 |
|   2.500000e-02 |       6.090873e-01 |       6.037962e-01 |   2.811648e+01 |   2.800397e+01 |  -1.400000e+00 |
+----------------+--------------------+--------------------+----------------+----------------+----------------+


Time Step 26, time = 0.026, dt = 0.001
 * Nonlinear |R| = [32m3.164964e-02[39m (Before preset BCs, predictors, correctors, and constraints)
 0 Nonlinear |R| = [32m3.164964e-02[39m
      0 Linear |R| = [32m3.164964e-02[39m
      1 Linear |R| = [32m1.888023e-03[39m
      2 Linear |R| = [33m1.852544e-03[39m
      3 Linear |R| = [32m5.523543e-04[39m
      4 Linear |R| = [32m4.714154e-05[39m
      5 Linear |R| = [32m2.259525e-05[39m
      6 Linear |R| = [32m9.693392e-06[39m
      7 Linear |R| = [32m6.098715e-06[39m
      8 Linear |R| = [32m1.612237e-06[39m
      9 Linear |R| = [32m8.716375e-07[39m
     10 Linear |R| = [32m6.569151e-07[39m
     11 Linear |R| = [32m4.401838e-07[39m
     12 Linear |R| = [32m1.037665e-07[39m
     13 Linear |R| = [32m6.995327e-08[39m
     14 Linear |R| = [32m1.488684e-08[39m
     15 Linear |R| = [32m1.180326e-08[39m
     16 Linear |R| = [32m7.778782e-09[39m
     17 Linear |R| = [32m3.387325e-09[39m
     18 Linear |R| = [32m1.001089e-09[39m
     19 Linear |R| = [32m5.875603e-10[39m
     20 Linear |R| = [32m3.680826e-10[39m
     21 Linear |R| = [32m1.631758e-10[39m
     22 Linear |R| = [32m6.983310e-11[39m
     23 Linear |R| = [32m3.771823e-11[39m
     24 Linear |R| = [32m7.298907e-12[39m
 1 Nonlinear |R| = [32m3.640980e-06[39m
      0 Linear |R| = [32m3.640980e-06[39m
      1 Linear |R| = [32m1.119156e-07[39m
      2 Linear |R| = [32m9.482996e-08[39m
      3 Linear |R| = [32m2.451059e-08[39m
      4 Linear |R| = [32m2.322321e-09[39m
      5 Linear |R| = [32m2.105444e-09[39m
      6 Linear |R| = [32m9.316174e-10[39m
      7 Linear |R| = [32m4.412653e-10[39m
      8 Linear |R| = [32m1.114317e-10[39m
      9 Linear |R| = [32m6.635278e-11[39m
     10 Linear |R| = [32m5.993812e-11[39m
     11 Linear |R| = [32m2.618278e-11[39m
     12 Linear |R| = [32m8.619097e-12[39m
     13 Linear |R| = [32m4.826808e-12[39m
     14 Linear |R| = [32m8.804237e-13[39m
     15 Linear |R| = [32m8.332774e-13[39m
     16 Linear |R| = [32m5.346211e-13[39m
     17 Linear |R| = [32m1.800234e-13[39m
     18 Linear |R| = [32m6.693033e-14[39m
     19 Linear |R| = [32m3.616944e-14[39m
     20 Linear |R| = [32m2.878746e-14[39m
     21 Linear |R| = [32m8.509467e-15[39m
     22 Linear |R| = [32m4.052031e-15[39m
     23 Linear |R| = [32m2.034664e-15[39m
 2 Nonlinear |R| = [32m6.402973e-12[39m
[32m Solve Converged![39m

Postprocessor Values:
+----------------+----------------+----------------+----------------+----------------+----------------+----------------+
| time           | J_max          | J_min          | Jbar_max       | Jbar_min       | center_pressure| edge_ux        |
+----------------+----------------+----------------+----------------+----------------+----------------+----------------+
:                :                :                :                :                :                :                :
|   1.200000e-02 |   9.849377e-01 |   9.746632e-01 |   9.907236e-01 |   9.894137e-01 |   1.927954e-01 |   7.339377e-03 |
|   1.300000e-02 |   9.848364e-01 |   9.746651e-01 |   9.907209e-01 |   9.894175e-01 |   1.915687e-01 |   7.284159e-03 |
|   1.400000e-02 |   9.847316e-01 |   9.746684e-01 |   9.907162e-01 |   9.894215e-01 |   1.903571e-01 |   7.230658e-03 |
|   1.500000e-02 |   9.846250e-01 |   9.746724e-01 |   9.907099e-01 |   9.894256e-01 |   1.891658e-01 |   7.178512e-03 |
|   1.600000e-02 |   9.845179e-01 |   9.746769e-01 |   9.907024e-01 |   9.894296e-01 |   1.879972e-01 |   7.127443e-03 |
|   1.700000e-02 |   9.844111e-01 |   9.746815e-01 |   9.906940e-01 |   9.894336e-01 |   1.868525e-01 |   7.077238e-03 |
|   1.800000e-02 |   9.843053e-01 |   9.746860e-01 |   9.906850e-01 |   9.894373e-01 |   1.857316e-01 |   7.027731e-03 |
|   1.900000e-02 |   9.842010e-01 |   9.746902e-01 |   9.906754e-01 |   9.894408e-01 |   1.846337e-01 |   6.978796e-03 |
|   2.000000e-02 |   9.840984e-01 |   9.746940e-01 |   9.906654e-01 |   9.894441e-01 |   1.835580e-01 |   6.930335e-03 |
|   2.100000e-02 |   9.839977e-01 |   9.746973e-01 |   9.906552e-01 |   9.894470e-01 |   1.825032e-01 |   6.882271e-03 |
|   2.200000e-02 |   9.838992e-01 |   9.747001e-01 |   9.906448e-01 |   9.894497e-01 |   1.814679e-01 |   6.834548e-03 |
|   2.300000e-02 |   9.838028e-01 |   9.747023e-01 |   9.906343e-01 |   9.894520e-01 |   1.804510e-01 |   6.787120e-03 |
|   2.400000e-02 |   9.837086e-01 |   9.747040e-01 |   9.906237e-01 |   9.894540e-01 |   1.794511e-01 |   6.739953e-03 |
|   2.500000e-02 |   9.836167e-01 |   9.747050e-01 |   9.906131e-01 |   9.894558e-01 |   1.784672e-01 |   6.693023e-03 |
|   2.600000e-02 |   9.835269e-01 |   9.747054e-01 |   9.906024e-01 |   9.894572e-01 |   1.774982e-01 |   6.646310e-03 |
+----------------+----------------+----------------+----------------+----------------+----------------+----------------+
+----------------+----------------+----------------+------------------+----------------+----------------+
| time           | mass           | mass_reaction  | outflow_gradient | platen_max     | platen_min     |
+----------------+----------------+----------------+------------------+----------------+----------------+
:                :                :                :                  :                :                :
|   1.200000e-02 |   1.592969e+00 |  -4.464847e-01 |     2.301589e-01 |  -4.183757e-02 |  -4.183757e-02 |
|   1.300000e-02 |   1.592531e+00 |  -4.380448e-01 |     2.258757e-01 |  -4.189773e-02 |  -4.189773e-02 |
|   1.400000e-02 |   1.592100e+00 |  -4.304825e-01 |     2.220420e-01 |  -4.195684e-02 |  -4.195684e-02 |
|   1.500000e-02 |   1.591677e+00 |  -4.236293e-01 |     2.185716e-01 |  -4.201502e-02 |  -4.201502e-02 |
|   1.600000e-02 |   1.591259e+00 |  -4.173578e-01 |     2.153993e-01 |  -4.207233e-02 |  -4.207233e-02 |
|   1.700000e-02 |   1.590848e+00 |  -4.115704e-01 |     2.124748e-01 |  -4.212885e-02 |  -4.212885e-02 |
|   1.800000e-02 |   1.590442e+00 |  -4.061909e-01 |     2.097588e-01 |  -4.218464e-02 |  -4.218464e-02 |
|   1.900000e-02 |   1.590040e+00 |  -4.011594e-01 |     2.072203e-01 |  -4.223973e-02 |  -4.223973e-02 |
|   2.000000e-02 |   1.589644e+00 |  -3.964279e-01 |     2.048345e-01 |  -4.229418e-02 |  -4.229418e-02 |
|   2.100000e-02 |   1.589252e+00 |  -3.919579e-01 |     2.025815e-01 |  -4.234802e-02 |  -4.234802e-02 |
|   2.200000e-02 |   1.588864e+00 |  -3.877179e-01 |     2.004449e-01 |  -4.240127e-02 |  -4.240127e-02 |
|   2.300000e-02 |   1.588481e+00 |  -3.836820e-01 |     1.984113e-01 |  -4.245398e-02 |  -4.245398e-02 |
|   2.400000e-02 |   1.588101e+00 |  -3.798285e-01 |     1.964696e-01 |  -4.250615e-02 |  -4.250615e-02 |
|   2.500000e-02 |   1.587725e+00 |  -3.761394e-01 |     1.946104e-01 |  -4.255782e-02 |  -4.255782e-02 |
|   2.600000e-02 |   1.587352e+00 |  -3.725993e-01 |     1.928259e-01 |  -4.260901e-02 |  -4.260901e-02 |
+----------------+----------------+----------------+------------------+----------------+----------------+
+----------------+--------------------+--------------------+----------------+----------------+----------------+
| time           | solid_fraction_max | solid_fraction_min | stability_max  | stability_min  | top_reaction   |
+----------------+--------------------+--------------------+----------------+----------------+----------------+
:                :                    :                    :                :                :                :
|   1.200000e-02 |       6.090881e-01 |       6.035246e-01 |   2.811719e+01 |   2.800469e+01 |  -1.400000e+00 |
|   1.300000e-02 |       6.090893e-01 |       6.035851e-01 |   2.811727e+01 |   2.800460e+01 |  -1.400000e+00 |
|   1.400000e-02 |       6.090897e-01 |       6.036422e-01 |   2.811732e+01 |   2.800453e+01 |  -1.400000e+00 |
|   1.500000e-02 |       6.090897e-01 |       6.036534e-01 |   2.811735e+01 |   2.800445e+01 |  -1.400000e+00 |
|   1.600000e-02 |       6.090894e-01 |       6.036653e-01 |   2.811736e+01 |   2.800439e+01 |  -1.400000e+00 |
|   1.700000e-02 |       6.090889e-01 |       6.036780e-01 |   2.811736e+01 |   2.800433e+01 |  -1.400000e+00 |
|   1.800000e-02 |       6.090884e-01 |       6.036914e-01 |   2.811733e+01 |   2.800427e+01 |  -1.400000e+00 |
|   1.900000e-02 |       6.090879e-01 |       6.037055e-01 |   2.811728e+01 |   2.800422e+01 |  -1.400000e+00 |
|   2.000000e-02 |       6.090874e-01 |       6.037200e-01 |   2.811720e+01 |   2.800417e+01 |  -1.400000e+00 |
|   2.100000e-02 |       6.090871e-01 |       6.037337e-01 |   2.811710e+01 |   2.800413e+01 |  -1.400000e+00 |
|   2.200000e-02 |       6.090869e-01 |       6.037482e-01 |   2.811698e+01 |   2.800409e+01 |  -1.400000e+00 |
|   2.300000e-02 |       6.090868e-01 |       6.037635e-01 |   2.811684e+01 |   2.800404e+01 |  -1.400000e+00 |
|   2.400000e-02 |       6.090870e-01 |       6.037795e-01 |   2.811667e+01 |   2.800400e+01 |  -1.400000e+00 |
|   2.500000e-02 |       6.090873e-01 |       6.037962e-01 |   2.811648e+01 |   2.800397e+01 |  -1.400000e+00 |
|   2.600000e-02 |       6.090879e-01 |       6.038136e-01 |   2.811628e+01 |   2.800393e+01 |  -1.400000e+00 |
+----------------+--------------------+--------------------+----------------+----------------+----------------+


Time Step 27, time = 0.027, dt = 0.001
 * Nonlinear |R| = [32m3.117374e-02[39m (Before preset BCs, predictors, correctors, and constraints)
 0 Nonlinear |R| = [32m3.117374e-02[39m
      0 Linear |R| = [32m3.117374e-02[39m
      1 Linear |R| = [32m1.870947e-03[39m
      2 Linear |R| = [33m1.835756e-03[39m
      3 Linear |R| = [32m5.472999e-04[39m
      4 Linear |R| = [32m4.665688e-05[39m
      5 Linear |R| = [32m2.148887e-05[39m
      6 Linear |R| = [32m9.489171e-06[39m
      7 Linear |R| = [32m5.978862e-06[39m
      8 Linear |R| = [32m1.583431e-06[39m
      9 Linear |R| = [32m8.533121e-07[39m
     10 Linear |R| = [32m6.400124e-07[39m
     11 Linear |R| = [32m4.324764e-07[39m
     12 Linear |R| = [32m1.009586e-07[39m
     13 Linear |R| = [32m6.818596e-08[39m
     14 Linear |R| = [32m1.464693e-08[39m
     15 Linear |R| = [32m1.201943e-08[39m
     16 Linear |R| = [32m7.613946e-09[39m
     17 Linear |R| = [32m3.331527e-09[39m
     18 Linear |R| = [32m9.811643e-10[39m
     19 Linear |R| = [32m5.775279e-10[39m
     20 Linear |R| = [32m3.864208e-10[39m
     21 Linear |R| = [32m1.608155e-10[39m
     22 Linear |R| = [32m6.884522e-11[39m
     23 Linear |R| = [32m3.725112e-11[39m
     24 Linear |R| = [32m7.216450e-12[39m
 1 Nonlinear |R| = [32m3.486356e-06[39m
      0 Linear |R| = [32m3.486356e-06[39m
      1 Linear |R| = [32m1.084251e-07[39m
      2 Linear |R| = [32m9.048646e-08[39m
      3 Linear |R| = [32m2.341429e-08[39m
      4 Linear |R| = [32m2.231723e-09[39m
      5 Linear |R| = [32m2.069429e-09[39m
      6 Linear |R| = [32m9.006077e-10[39m
      7 Linear |R| = [32m4.199258e-10[39m
      8 Linear |R| = [32m1.083403e-10[39m
      9 Linear |R| = [32m6.557655e-11[39m
     10 Linear |R| = [32m6.195603e-11[39m
     11 Linear |R| = [32m2.543159e-11[39m
     12 Linear |R| = [32m8.601740e-12[39m
     13 Linear |R| = [32m4.708429e-12[39m
     14 Linear |R| = [32m8.825225e-13[39m
     15 Linear |R| = [33m8.693919e-13[39m
     16 Linear |R| = [32m5.473536e-13[39m
     17 Linear |R| = [32m1.693743e-13[39m
     18 Linear |R| = [32m6.510129e-14[39m
     19 Linear |R| = [32m3.131210e-14[39m
     20 Linear |R| = [32m2.809293e-14[39m
     21 Linear |R| = [32m8.183442e-15[39m
     22 Linear |R| = [32m4.470325e-15[39m
     23 Linear |R| = [32m1.875092e-15[39m
 2 Nonlinear |R| = [32m6.530657e-12[39m
[32m Solve Converged![39m

Postprocessor Values:
+----------------+----------------+----------------+----------------+----------------+----------------+----------------+
| time           | J_max          | J_min          | Jbar_max       | Jbar_min       | center_pressure| edge_ux        |
+----------------+----------------+----------------+----------------+----------------+----------------+----------------+
:                :                :                :                :                :                :                :
|   1.300000e-02 |   9.848364e-01 |   9.746651e-01 |   9.907209e-01 |   9.894175e-01 |   1.915687e-01 |   7.284159e-03 |
|   1.400000e-02 |   9.847316e-01 |   9.746684e-01 |   9.907162e-01 |   9.894215e-01 |   1.903571e-01 |   7.230658e-03 |
|   1.500000e-02 |   9.846250e-01 |   9.746724e-01 |   9.907099e-01 |   9.894256e-01 |   1.891658e-01 |   7.178512e-03 |
|   1.600000e-02 |   9.845179e-01 |   9.746769e-01 |   9.907024e-01 |   9.894296e-01 |   1.879972e-01 |   7.127443e-03 |
|   1.700000e-02 |   9.844111e-01 |   9.746815e-01 |   9.906940e-01 |   9.894336e-01 |   1.868525e-01 |   7.077238e-03 |
|   1.800000e-02 |   9.843053e-01 |   9.746860e-01 |   9.906850e-01 |   9.894373e-01 |   1.857316e-01 |   7.027731e-03 |
|   1.900000e-02 |   9.842010e-01 |   9.746902e-01 |   9.906754e-01 |   9.894408e-01 |   1.846337e-01 |   6.978796e-03 |
|   2.000000e-02 |   9.840984e-01 |   9.746940e-01 |   9.906654e-01 |   9.894441e-01 |   1.835580e-01 |   6.930335e-03 |
|   2.100000e-02 |   9.839977e-01 |   9.746973e-01 |   9.906552e-01 |   9.894470e-01 |   1.825032e-01 |   6.882271e-03 |
|   2.200000e-02 |   9.838992e-01 |   9.747001e-01 |   9.906448e-01 |   9.894497e-01 |   1.814679e-01 |   6.834548e-03 |
|   2.300000e-02 |   9.838028e-01 |   9.747023e-01 |   9.906343e-01 |   9.894520e-01 |   1.804510e-01 |   6.787120e-03 |
|   2.400000e-02 |   9.837086e-01 |   9.747040e-01 |   9.906237e-01 |   9.894540e-01 |   1.794511e-01 |   6.739953e-03 |
|   2.500000e-02 |   9.836167e-01 |   9.747050e-01 |   9.906131e-01 |   9.894558e-01 |   1.784672e-01 |   6.693023e-03 |
|   2.600000e-02 |   9.835269e-01 |   9.747054e-01 |   9.906024e-01 |   9.894572e-01 |   1.774982e-01 |   6.646310e-03 |
|   2.700000e-02 |   9.834393e-01 |   9.747053e-01 |   9.905918e-01 |   9.894583e-01 |   1.765431e-01 |   6.599800e-03 |
+----------------+----------------+----------------+----------------+----------------+----------------+----------------+
+----------------+----------------+----------------+------------------+----------------+----------------+
| time           | mass           | mass_reaction  | outflow_gradient | platen_max     | platen_min     |
+----------------+----------------+----------------+------------------+----------------+----------------+
:                :                :                :                  :                :                :
|   1.300000e-02 |   1.592531e+00 |  -4.380448e-01 |     2.258757e-01 |  -4.189773e-02 |  -4.189773e-02 |
|   1.400000e-02 |   1.592100e+00 |  -4.304825e-01 |     2.220420e-01 |  -4.195684e-02 |  -4.195684e-02 |
|   1.500000e-02 |   1.591677e+00 |  -4.236293e-01 |     2.185716e-01 |  -4.201502e-02 |  -4.201502e-02 |
|   1.600000e-02 |   1.591259e+00 |  -4.173578e-01 |     2.153993e-01 |  -4.207233e-02 |  -4.207233e-02 |
|   1.700000e-02 |   1.590848e+00 |  -4.115704e-01 |     2.124748e-01 |  -4.212885e-02 |  -4.212885e-02 |
|   1.800000e-02 |   1.590442e+00 |  -4.061909e-01 |     2.097588e-01 |  -4.218464e-02 |  -4.218464e-02 |
|   1.900000e-02 |   1.590040e+00 |  -4.011594e-01 |     2.072203e-01 |  -4.223973e-02 |  -4.223973e-02 |
|   2.000000e-02 |   1.589644e+00 |  -3.964279e-01 |     2.048345e-01 |  -4.229418e-02 |  -4.229418e-02 |
|   2.100000e-02 |   1.589252e+00 |  -3.919579e-01 |     2.025815e-01 |  -4.234802e-02 |  -4.234802e-02 |
|   2.200000e-02 |   1.588864e+00 |  -3.877179e-01 |     2.004449e-01 |  -4.240127e-02 |  -4.240127e-02 |
|   2.300000e-02 |   1.588481e+00 |  -3.836820e-01 |     1.984113e-01 |  -4.245398e-02 |  -4.245398e-02 |
|   2.400000e-02 |   1.588101e+00 |  -3.798285e-01 |     1.964696e-01 |  -4.250615e-02 |  -4.250615e-02 |
|   2.500000e-02 |   1.587725e+00 |  -3.761394e-01 |     1.946104e-01 |  -4.255782e-02 |  -4.255782e-02 |
|   2.600000e-02 |   1.587352e+00 |  -3.725993e-01 |     1.928259e-01 |  -4.260901e-02 |  -4.260901e-02 |
|   2.700000e-02 |   1.586983e+00 |  -3.691952e-01 |     1.911093e-01 |  -4.265973e-02 |  -4.265973e-02 |
+----------------+----------------+----------------+------------------+----------------+----------------+
+----------------+--------------------+--------------------+----------------+----------------+----------------+
| time           | solid_fraction_max | solid_fraction_min | stability_max  | stability_min  | top_reaction   |
+----------------+--------------------+--------------------+----------------+----------------+----------------+
:                :                    :                    :                :                :                :
|   1.300000e-02 |       6.090893e-01 |       6.035851e-01 |   2.811727e+01 |   2.800460e+01 |  -1.400000e+00 |
|   1.400000e-02 |       6.090897e-01 |       6.036422e-01 |   2.811732e+01 |   2.800453e+01 |  -1.400000e+00 |
|   1.500000e-02 |       6.090897e-01 |       6.036534e-01 |   2.811735e+01 |   2.800445e+01 |  -1.400000e+00 |
|   1.600000e-02 |       6.090894e-01 |       6.036653e-01 |   2.811736e+01 |   2.800439e+01 |  -1.400000e+00 |
|   1.700000e-02 |       6.090889e-01 |       6.036780e-01 |   2.811736e+01 |   2.800433e+01 |  -1.400000e+00 |
|   1.800000e-02 |       6.090884e-01 |       6.036914e-01 |   2.811733e+01 |   2.800427e+01 |  -1.400000e+00 |
|   1.900000e-02 |       6.090879e-01 |       6.037055e-01 |   2.811728e+01 |   2.800422e+01 |  -1.400000e+00 |
|   2.000000e-02 |       6.090874e-01 |       6.037200e-01 |   2.811720e+01 |   2.800417e+01 |  -1.400000e+00 |
|   2.100000e-02 |       6.090871e-01 |       6.037337e-01 |   2.811710e+01 |   2.800413e+01 |  -1.400000e+00 |
|   2.200000e-02 |       6.090869e-01 |       6.037482e-01 |   2.811698e+01 |   2.800409e+01 |  -1.400000e+00 |
|   2.300000e-02 |       6.090868e-01 |       6.037635e-01 |   2.811684e+01 |   2.800404e+01 |  -1.400000e+00 |
|   2.400000e-02 |       6.090870e-01 |       6.037795e-01 |   2.811667e+01 |   2.800400e+01 |  -1.400000e+00 |
|   2.500000e-02 |       6.090873e-01 |       6.037962e-01 |   2.811648e+01 |   2.800397e+01 |  -1.400000e+00 |
|   2.600000e-02 |       6.090879e-01 |       6.038136e-01 |   2.811628e+01 |   2.800393e+01 |  -1.400000e+00 |
|   2.700000e-02 |       6.090886e-01 |       6.038317e-01 |   2.811605e+01 |   2.800390e+01 |  -1.400000e+00 |
+----------------+--------------------+--------------------+----------------+----------------+----------------+


Time Step 28, time = 0.028, dt = 0.001
 * Nonlinear |R| = [32m3.073152e-02[39m (Before preset BCs, predictors, correctors, and constraints)
 0 Nonlinear |R| = [32m3.073152e-02[39m
      0 Linear |R| = [32m3.073152e-02[39m
      1 Linear |R| = [32m1.854499e-03[39m
      2 Linear |R| = [33m1.819583e-03[39m
      3 Linear |R| = [32m5.424406e-04[39m
      4 Linear |R| = [32m4.623076e-05[39m
      5 Linear |R| = [32m2.214622e-05[39m
      6 Linear |R| = [32m9.296997e-06[39m
      7 Linear |R| = [32m5.865017e-06[39m
      8 Linear |R| = [32m1.555986e-06[39m
      9 Linear |R| = [32m8.359122e-07[39m
     10 Linear |R| = [32m6.268357e-07[39m
     11 Linear |R| = [32m4.251205e-07[39m
     12 Linear |R| = [32m9.826669e-08[39m
     13 Linear |R| = [32m6.647758e-08[39m
     14 Linear |R| = [32m1.438674e-08[39m
     15 Linear |R| = [32m1.162323e-08[39m
     16 Linear |R| = [32m7.452197e-09[39m
     17 Linear |R| = [32m3.276889e-09[39m
     18 Linear |R| = [32m9.616264e-10[39m
     19 Linear |R| = [32m5.673911e-10[39m
     20 Linear |R| = [32m3.713993e-10[39m
     21 Linear |R| = [32m1.584284e-10[39m
     22 Linear |R| = [32m6.787840e-11[39m
     23 Linear |R| = [32m3.679265e-11[39m
     24 Linear |R| = [32m7.137378e-12[39m
 1 Nonlinear |R| = [32m3.354570e-06[39m
      0 Linear |R| = [32m3.354570e-06[39m
      1 Linear |R| = [32m1.047765e-07[39m
      2 Linear |R| = [32m8.687178e-08[39m
      3 Linear |R| = [32m2.247813e-08[39m
      4 Linear |R| = [32m2.132868e-09[39m
      5 Linear |R| = [32m1.933398e-09[39m
      6 Linear |R| = [32m8.682326e-10[39m
      7 Linear |R| = [32m4.080617e-10[39m
      8 Linear |R| = [32m1.035281e-10[39m
      9 Linear |R| = [32m6.188735e-11[39m
     10 Linear |R| = [32m5.714042e-11[39m
     11 Linear |R| = [32m2.441927e-11[39m
     12 Linear |R| = [32m8.019595e-12[39m
     13 Linear |R| = [32m4.460137e-12[39m
     14 Linear |R| = [32m8.438727e-13[39m
     15 Linear |R| = [33m8.143027e-13[39m
     16 Linear |R| = [32m5.154165e-13[39m
     17 Linear |R| = [32m1.747576e-13[39m
     18 Linear |R| = [32m6.385591e-14[39m
     19 Linear |R| = [32m3.665709e-14[39m
     20 Linear |R| = [32m2.830585e-14[39m
     21 Linear |R| = [32m8.378824e-15[39m
     22 Linear |R| = [32m3.979280e-15[39m
     23 Linear |R| = [32m1.981799e-15[39m
 2 Nonlinear |R| = [32m5.752459e-12[39m
[32m Solve Converged![39m

Postprocessor Values:
+----------------+----------------+----------------+----------------+----------------+----------------+----------------+
| time           | J_max          | J_min          | Jbar_max       | Jbar_min       | center_pressure| edge_ux        |
+----------------+----------------+----------------+----------------+----------------+----------------+----------------+
:                :                :                :                :                :                :                :
|   1.400000e-02 |   9.847316e-01 |   9.746684e-01 |   9.907162e-01 |   9.894215e-01 |   1.903571e-01 |   7.230658e-03 |
|   1.500000e-02 |   9.846250e-01 |   9.746724e-01 |   9.907099e-01 |   9.894256e-01 |   1.891658e-01 |   7.178512e-03 |
|   1.600000e-02 |   9.845179e-01 |   9.746769e-01 |   9.907024e-01 |   9.894296e-01 |   1.879972e-01 |   7.127443e-03 |
|   1.700000e-02 |   9.844111e-01 |   9.746815e-01 |   9.906940e-01 |   9.894336e-01 |   1.868525e-01 |   7.077238e-03 |
|   1.800000e-02 |   9.843053e-01 |   9.746860e-01 |   9.906850e-01 |   9.894373e-01 |   1.857316e-01 |   7.027731e-03 |
|   1.900000e-02 |   9.842010e-01 |   9.746902e-01 |   9.906754e-01 |   9.894408e-01 |   1.846337e-01 |   6.978796e-03 |
|   2.000000e-02 |   9.840984e-01 |   9.746940e-01 |   9.906654e-01 |   9.894441e-01 |   1.835580e-01 |   6.930335e-03 |
|   2.100000e-02 |   9.839977e-01 |   9.746973e-01 |   9.906552e-01 |   9.894470e-01 |   1.825032e-01 |   6.882271e-03 |
|   2.200000e-02 |   9.838992e-01 |   9.747001e-01 |   9.906448e-01 |   9.894497e-01 |   1.814679e-01 |   6.834548e-03 |
|   2.300000e-02 |   9.838028e-01 |   9.747023e-01 |   9.906343e-01 |   9.894520e-01 |   1.804510e-01 |   6.787120e-03 |
|   2.400000e-02 |   9.837086e-01 |   9.747040e-01 |   9.906237e-01 |   9.894540e-01 |   1.794511e-01 |   6.739953e-03 |
|   2.500000e-02 |   9.836167e-01 |   9.747050e-01 |   9.906131e-01 |   9.894558e-01 |   1.784672e-01 |   6.693023e-03 |
|   2.600000e-02 |   9.835269e-01 |   9.747054e-01 |   9.906024e-01 |   9.894572e-01 |   1.774982e-01 |   6.646310e-03 |
|   2.700000e-02 |   9.834393e-01 |   9.747053e-01 |   9.905918e-01 |   9.894583e-01 |   1.765431e-01 |   6.599800e-03 |
|   2.800000e-02 |   9.833537e-01 |   9.747045e-01 |   9.905812e-01 |   9.894592e-01 |   1.756010e-01 |   6.553483e-03 |
+----------------+----------------+----------------+----------------+----------------+----------------+----------------+
+----------------+----------------+----------------+------------------+----------------+----------------+
| time           | mass           | mass_reaction  | outflow_gradient | platen_max     | platen_min     |
+----------------+----------------+----------------+------------------+----------------+----------------+
:                :                :                :                  :                :                :
|   1.400000e-02 |   1.592100e+00 |  -4.304825e-01 |     2.220420e-01 |  -4.195684e-02 |  -4.195684e-02 |
|   1.500000e-02 |   1.591677e+00 |  -4.236293e-01 |     2.185716e-01 |  -4.201502e-02 |  -4.201502e-02 |
|   1.600000e-02 |   1.591259e+00 |  -4.173578e-01 |     2.153993e-01 |  -4.207233e-02 |  -4.207233e-02 |
|   1.700000e-02 |   1.590848e+00 |  -4.115704e-01 |     2.124748e-01 |  -4.212885e-02 |  -4.212885e-02 |
|   1.800000e-02 |   1.590442e+00 |  -4.061909e-01 |     2.097588e-01 |  -4.218464e-02 |  -4.218464e-02 |
|   1.900000e-02 |   1.590040e+00 |  -4.011594e-01 |     2.072203e-01 |  -4.223973e-02 |  -4.223973e-02 |
|   2.000000e-02 |   1.589644e+00 |  -3.964279e-01 |     2.048345e-01 |  -4.229418e-02 |  -4.229418e-02 |
|   2.100000e-02 |   1.589252e+00 |  -3.919579e-01 |     2.025815e-01 |  -4.234802e-02 |  -4.234802e-02 |
|   2.200000e-02 |   1.588864e+00 |  -3.877179e-01 |     2.004449e-01 |  -4.240127e-02 |  -4.240127e-02 |
|   2.300000e-02 |   1.588481e+00 |  -3.836820e-01 |     1.984113e-01 |  -4.245398e-02 |  -4.245398e-02 |
|   2.400000e-02 |   1.588101e+00 |  -3.798285e-01 |     1.964696e-01 |  -4.250615e-02 |  -4.250615e-02 |
|   2.500000e-02 |   1.587725e+00 |  -3.761394e-01 |     1.946104e-01 |  -4.255782e-02 |  -4.255782e-02 |
|   2.600000e-02 |   1.587352e+00 |  -3.725993e-01 |     1.928259e-01 |  -4.260901e-02 |  -4.260901e-02 |
|   2.700000e-02 |   1.586983e+00 |  -3.691952e-01 |     1.911093e-01 |  -4.265973e-02 |  -4.265973e-02 |
|   2.800000e-02 |   1.586617e+00 |  -3.659156e-01 |     1.894548e-01 |  -4.271000e-02 |  -4.271000e-02 |
+----------------+----------------+----------------+------------------+----------------+----------------+
+----------------+--------------------+--------------------+----------------+----------------+----------------+
| time           | solid_fraction_max | solid_fraction_min | stability_max  | stability_min  | top_reaction   |
+----------------+--------------------+--------------------+----------------+----------------+----------------+
:                :                    :                    :                :                :                :
|   1.400000e-02 |       6.090897e-01 |       6.036422e-01 |   2.811732e+01 |   2.800453e+01 |  -1.400000e+00 |
|   1.500000e-02 |       6.090897e-01 |       6.036534e-01 |   2.811735e+01 |   2.800445e+01 |  -1.400000e+00 |
|   1.600000e-02 |       6.090894e-01 |       6.036653e-01 |   2.811736e+01 |   2.800439e+01 |  -1.400000e+00 |
|   1.700000e-02 |       6.090889e-01 |       6.036780e-01 |   2.811736e+01 |   2.800433e+01 |  -1.400000e+00 |
|   1.800000e-02 |       6.090884e-01 |       6.036914e-01 |   2.811733e+01 |   2.800427e+01 |  -1.400000e+00 |
|   1.900000e-02 |       6.090879e-01 |       6.037055e-01 |   2.811728e+01 |   2.800422e+01 |  -1.400000e+00 |
|   2.000000e-02 |       6.090874e-01 |       6.037200e-01 |   2.811720e+01 |   2.800417e+01 |  -1.400000e+00 |
|   2.100000e-02 |       6.090871e-01 |       6.037337e-01 |   2.811710e+01 |   2.800413e+01 |  -1.400000e+00 |
|   2.200000e-02 |       6.090869e-01 |       6.037482e-01 |   2.811698e+01 |   2.800409e+01 |  -1.400000e+00 |
|   2.300000e-02 |       6.090868e-01 |       6.037635e-01 |   2.811684e+01 |   2.800404e+01 |  -1.400000e+00 |
|   2.400000e-02 |       6.090870e-01 |       6.037795e-01 |   2.811667e+01 |   2.800400e+01 |  -1.400000e+00 |
|   2.500000e-02 |       6.090873e-01 |       6.037962e-01 |   2.811648e+01 |   2.800397e+01 |  -1.400000e+00 |
|   2.600000e-02 |       6.090879e-01 |       6.038136e-01 |   2.811628e+01 |   2.800393e+01 |  -1.400000e+00 |
|   2.700000e-02 |       6.090886e-01 |       6.038317e-01 |   2.811605e+01 |   2.800390e+01 |  -1.400000e+00 |
|   2.800000e-02 |       6.090895e-01 |       6.038503e-01 |   2.811581e+01 |   2.800386e+01 |  -1.400000e+00 |
+----------------+--------------------+--------------------+----------------+----------------+----------------+


Time Step 29, time = 0.029, dt = 0.001
 * Nonlinear |R| = [32m3.031977e-02[39m (Before preset BCs, predictors, correctors, and constraints)
 0 Nonlinear |R| = [32m3.031977e-02[39m
      0 Linear |R| = [32m3.031977e-02[39m
      1 Linear |R| = [32m1.838632e-03[39m
      2 Linear |R| = [33m1.803983e-03[39m
      3 Linear |R| = [32m5.377466e-04[39m
      4 Linear |R| = [32m4.578343e-05[39m
      5 Linear |R| = [32m2.100118e-05[39m
      6 Linear |R| = [32m9.114736e-06[39m
      7 Linear |R| = [32m5.756845e-06[39m
      8 Linear |R| = [32m1.529833e-06[39m
      9 Linear |R| = [32m8.191965e-07[39m
     10 Linear |R| = [32m5.933742e-07[39m
     11 Linear |R| = [32m4.178461e-07[39m
     12 Linear |R| = [32m9.568697e-08[39m
     13 Linear |R| = [32m6.482696e-08[39m
     14 Linear |R| = [32m1.412303e-08[39m
     15 Linear |R| = [32m1.100222e-08[39m
     16 Linear |R| = [32m7.293814e-09[39m
     17 Linear |R| = [32m3.223380e-09[39m
     18 Linear |R| = [32m9.424726e-10[39m
     19 Linear |R| = [32m5.573491e-10[39m
     20 Linear |R| = [32m3.426658e-10[39m
     21 Linear |R| = [32m1.560701e-10[39m
     22 Linear |R| = [32m6.693209e-11[39m
     23 Linear |R| = [32m3.634316e-11[39m
     24 Linear |R| = [32m7.057900e-12[39m
 1 Nonlinear |R| = [32m3.224524e-06[39m
      0 Linear |R| = [32m3.224524e-06[39m
      1 Linear |R| = [32m1.022671e-07[39m
      2 Linear |R| = [32m8.435877e-08[39m
      3 Linear |R| = [32m2.183974e-08[39m
      4 Linear |R| = [32m2.067100e-09[39m
      5 Linear |R| = [32m1.870942e-09[39m
      6 Linear |R| = [32m8.359948e-10[39m
      7 Linear |R| = [32m3.918890e-10[39m
      8 Linear |R| = [32m9.748375e-11[39m
      9 Linear |R| = [32m5.853607e-11[39m
     10 Linear |R| = [32m5.425739e-11[39m
     11 Linear |R| = [32m2.360626e-11[39m
     12 Linear |R| = [32m7.949307e-12[39m
     13 Linear |R| = [32m4.347002e-12[39m
     14 Linear |R| = [32m8.165704e-13[39m
     15 Linear |R| = [33m7.887193e-13[39m
     16 Linear |R| = [32m5.136579e-13[39m
     17 Linear |R| = [32m1.615408e-13[39m
     18 Linear |R| = [32m6.048876e-14[39m
     19 Linear |R| = [32m3.009417e-14[39m
     20 Linear |R| = [32m2.650834e-14[39m
     21 Linear |R| = [32m7.523156e-15[39m
     22 Linear |R| = [32m4.061163e-15[39m
     23 Linear |R| = [32m1.821659e-15[39m
 2 Nonlinear |R| = [32m5.942233e-12[39m
[32m Solve Converged![39m

Postprocessor Values:
+----------------+----------------+----------------+----------------+----------------+----------------+----------------+
| time           | J_max          | J_min          | Jbar_max       | Jbar_min       | center_pressure| edge_ux        |
+----------------+----------------+----------------+----------------+----------------+----------------+----------------+
:                :                :                :                :                :                :                :
|   1.500000e-02 |   9.846250e-01 |   9.746724e-01 |   9.907099e-01 |   9.894256e-01 |   1.891658e-01 |   7.178512e-03 |
|   1.600000e-02 |   9.845179e-01 |   9.746769e-01 |   9.907024e-01 |   9.894296e-01 |   1.879972e-01 |   7.127443e-03 |
|   1.700000e-02 |   9.844111e-01 |   9.746815e-01 |   9.906940e-01 |   9.894336e-01 |   1.868525e-01 |   7.077238e-03 |
|   1.800000e-02 |   9.843053e-01 |   9.746860e-01 |   9.906850e-01 |   9.894373e-01 |   1.857316e-01 |   7.027731e-03 |
|   1.900000e-02 |   9.842010e-01 |   9.746902e-01 |   9.906754e-01 |   9.894408e-01 |   1.846337e-01 |   6.978796e-03 |
|   2.000000e-02 |   9.840984e-01 |   9.746940e-01 |   9.906654e-01 |   9.894441e-01 |   1.835580e-01 |   6.930335e-03 |
|   2.100000e-02 |   9.839977e-01 |   9.746973e-01 |   9.906552e-01 |   9.894470e-01 |   1.825032e-01 |   6.882271e-03 |
|   2.200000e-02 |   9.838992e-01 |   9.747001e-01 |   9.906448e-01 |   9.894497e-01 |   1.814679e-01 |   6.834548e-03 |
|   2.300000e-02 |   9.838028e-01 |   9.747023e-01 |   9.906343e-01 |   9.894520e-01 |   1.804510e-01 |   6.787120e-03 |
|   2.400000e-02 |   9.837086e-01 |   9.747040e-01 |   9.906237e-01 |   9.894540e-01 |   1.794511e-01 |   6.739953e-03 |
|   2.500000e-02 |   9.836167e-01 |   9.747050e-01 |   9.906131e-01 |   9.894558e-01 |   1.784672e-01 |   6.693023e-03 |
|   2.600000e-02 |   9.835269e-01 |   9.747054e-01 |   9.906024e-01 |   9.894572e-01 |   1.774982e-01 |   6.646310e-03 |
|   2.700000e-02 |   9.834393e-01 |   9.747053e-01 |   9.905918e-01 |   9.894583e-01 |   1.765431e-01 |   6.599800e-03 |
|   2.800000e-02 |   9.833537e-01 |   9.747045e-01 |   9.905812e-01 |   9.894592e-01 |   1.756010e-01 |   6.553483e-03 |
|   2.900000e-02 |   9.832702e-01 |   9.747032e-01 |   9.905706e-01 |   9.894597e-01 |   1.746711e-01 |   6.507352e-03 |
+----------------+----------------+----------------+----------------+----------------+----------------+----------------+
+----------------+----------------+----------------+------------------+----------------+----------------+
| time           | mass           | mass_reaction  | outflow_gradient | platen_max     | platen_min     |
+----------------+----------------+----------------+------------------+----------------+----------------+
:                :                :                :                  :                :                :
|   1.500000e-02 |   1.591677e+00 |  -4.236293e-01 |     2.185716e-01 |  -4.201502e-02 |  -4.201502e-02 |
|   1.600000e-02 |   1.591259e+00 |  -4.173578e-01 |     2.153993e-01 |  -4.207233e-02 |  -4.207233e-02 |
|   1.700000e-02 |   1.590848e+00 |  -4.115704e-01 |     2.124748e-01 |  -4.212885e-02 |  -4.212885e-02 |
|   1.800000e-02 |   1.590442e+00 |  -4.061909e-01 |     2.097588e-01 |  -4.218464e-02 |  -4.218464e-02 |
|   1.900000e-02 |   1.590040e+00 |  -4.011594e-01 |     2.072203e-01 |  -4.223973e-02 |  -4.223973e-02 |
|   2.000000e-02 |   1.589644e+00 |  -3.964279e-01 |     2.048345e-01 |  -4.229418e-02 |  -4.229418e-02 |
|   2.100000e-02 |   1.589252e+00 |  -3.919579e-01 |     2.025815e-01 |  -4.234802e-02 |  -4.234802e-02 |
|   2.200000e-02 |   1.588864e+00 |  -3.877179e-01 |     2.004449e-01 |  -4.240127e-02 |  -4.240127e-02 |
|   2.300000e-02 |   1.588481e+00 |  -3.836820e-01 |     1.984113e-01 |  -4.245398e-02 |  -4.245398e-02 |
|   2.400000e-02 |   1.588101e+00 |  -3.798285e-01 |     1.964696e-01 |  -4.250615e-02 |  -4.250615e-02 |
|   2.500000e-02 |   1.587725e+00 |  -3.761394e-01 |     1.946104e-01 |  -4.255782e-02 |  -4.255782e-02 |
|   2.600000e-02 |   1.587352e+00 |  -3.725993e-01 |     1.928259e-01 |  -4.260901e-02 |  -4.260901e-02 |
|   2.700000e-02 |   1.586983e+00 |  -3.691952e-01 |     1.911093e-01 |  -4.265973e-02 |  -4.265973e-02 |
|   2.800000e-02 |   1.586617e+00 |  -3.659156e-01 |     1.894548e-01 |  -4.271000e-02 |  -4.271000e-02 |
|   2.900000e-02 |   1.586254e+00 |  -3.627507e-01 |     1.878574e-01 |  -4.275984e-02 |  -4.275984e-02 |
+----------------+----------------+----------------+------------------+----------------+----------------+
+----------------+--------------------+--------------------+----------------+----------------+----------------+
| time           | solid_fraction_max | solid_fraction_min | stability_max  | stability_min  | top_reaction   |
+----------------+--------------------+--------------------+----------------+----------------+----------------+
:                :                    :                    :                :                :                :
|   1.500000e-02 |       6.090897e-01 |       6.036534e-01 |   2.811735e+01 |   2.800445e+01 |  -1.400000e+00 |
|   1.600000e-02 |       6.090894e-01 |       6.036653e-01 |   2.811736e+01 |   2.800439e+01 |  -1.400000e+00 |
|   1.700000e-02 |       6.090889e-01 |       6.036780e-01 |   2.811736e+01 |   2.800433e+01 |  -1.400000e+00 |
|   1.800000e-02 |       6.090884e-01 |       6.036914e-01 |   2.811733e+01 |   2.800427e+01 |  -1.400000e+00 |
|   1.900000e-02 |       6.090879e-01 |       6.037055e-01 |   2.811728e+01 |   2.800422e+01 |  -1.400000e+00 |
|   2.000000e-02 |       6.090874e-01 |       6.037200e-01 |   2.811720e+01 |   2.800417e+01 |  -1.400000e+00 |
|   2.100000e-02 |       6.090871e-01 |       6.037337e-01 |   2.811710e+01 |   2.800413e+01 |  -1.400000e+00 |
|   2.200000e-02 |       6.090869e-01 |       6.037482e-01 |   2.811698e+01 |   2.800409e+01 |  -1.400000e+00 |
|   2.300000e-02 |       6.090868e-01 |       6.037635e-01 |   2.811684e+01 |   2.800404e+01 |  -1.400000e+00 |
|   2.400000e-02 |       6.090870e-01 |       6.037795e-01 |   2.811667e+01 |   2.800400e+01 |  -1.400000e+00 |
|   2.500000e-02 |       6.090873e-01 |       6.037962e-01 |   2.811648e+01 |   2.800397e+01 |  -1.400000e+00 |
|   2.600000e-02 |       6.090879e-01 |       6.038136e-01 |   2.811628e+01 |   2.800393e+01 |  -1.400000e+00 |
|   2.700000e-02 |       6.090886e-01 |       6.038317e-01 |   2.811605e+01 |   2.800390e+01 |  -1.400000e+00 |
|   2.800000e-02 |       6.090895e-01 |       6.038503e-01 |   2.811581e+01 |   2.800386e+01 |  -1.400000e+00 |
|   2.900000e-02 |       6.090906e-01 |       6.038695e-01 |   2.811556e+01 |   2.800383e+01 |  -1.400000e+00 |
+----------------+--------------------+--------------------+----------------+----------------+----------------+


Time Step 30, time = 0.03, dt = 0.001
 * Nonlinear |R| = [32m2.993559e-02[39m (Before preset BCs, predictors, correctors, and constraints)
 0 Nonlinear |R| = [32m2.993559e-02[39m
      0 Linear |R| = [32m2.993559e-02[39m
      1 Linear |R| = [32m1.823299e-03[39m
      2 Linear |R| = [33m1.788905e-03[39m
      3 Linear |R| = [32m5.332207e-04[39m
      4 Linear |R| = [32m4.539549e-05[39m
      5 Linear |R| = [32m2.198556e-05[39m
      6 Linear |R| = [32m8.943438e-06[39m
      7 Linear |R| = [32m5.654103e-06[39m
      8 Linear |R| = [32m1.504905e-06[39m
      9 Linear |R| = [32m8.036546e-07[39m
     10 Linear |R| = [32m6.076034e-07[39m
     11 Linear |R| = [32m4.113910e-07[39m
     12 Linear |R| = [32m9.321694e-08[39m
     13 Linear |R| = [32m6.323413e-08[39m
     14 Linear |R| = [32m1.390326e-08[39m
     15 Linear |R| = [32m1.120174e-08[39m
     16 Linear |R| = [32m7.141321e-09[39m
     17 Linear |R| = [32m3.170993e-09[39m
     18 Linear |R| = [32m9.236990e-10[39m
     19 Linear |R| = [32m5.478086e-10[39m
     20 Linear |R| = [32m3.620708e-10[39m
     21 Linear |R| = [32m1.538345e-10[39m
     22 Linear |R| = [32m6.600733e-11[39m
     23 Linear |R| = [32m3.590211e-11[39m
     24 Linear |R| = [32m6.986340e-12[39m
 1 Nonlinear |R| = [32m3.105958e-06[39m
      0 Linear |R| = [32m3.105958e-06[39m
      1 Linear |R| = [32m9.959294e-08[39m
      2 Linear |R| = [32m8.303938e-08[39m
      3 Linear |R| = [32m2.146314e-08[39m
      4 Linear |R| = [32m1.994175e-09[39m
      5 Linear |R| = [32m1.781417e-09[39m
      6 Linear |R| = [32m7.536093e-10[39m
      7 Linear |R| = [32m3.715334e-10[39m
      8 Linear |R| = [32m9.541059e-11[39m
      9 Linear |R| = [32m5.678306e-11[39m
     10 Linear |R| = [32m5.018671e-11[39m
     11 Linear |R| = [32m2.240754e-11[39m
     12 Linear |R| = [32m7.211519e-12[39m
     13 Linear |R| = [32m4.115909e-12[39m
     14 Linear |R| = [32m7.498093e-13[39m
     15 Linear |R| = [32m7.014105e-13[39m
     16 Linear |R| = [32m4.531676e-13[39m
     17 Linear |R| = [32m1.586432e-13[39m
     18 Linear |R| = [32m5.821035e-14[39m
     19 Linear |R| = [32m3.158424e-14[39m
     20 Linear |R| = [32m2.273018e-14[39m
     21 Linear |R| = [32m7.269557e-15[39m
     22 Linear |R| = [32m3.378180e-15[39m
     23 Linear |R| = [32m1.778436e-15[39m
 2 Nonlinear |R| = [32m5.345220e-12[39m
[32m Solve Converged![39m

Postprocessor Values:
+----------------+----------------+----------------+----------------+----------------+----------------+----------------+
| time           | J_max          | J_min          | Jbar_max       | Jbar_min       | center_pressure| edge_ux        |
+----------------+----------------+----------------+----------------+----------------+----------------+----------------+
:                :                :                :                :                :                :                :
|   1.600000e-02 |   9.845179e-01 |   9.746769e-01 |   9.907024e-01 |   9.894296e-01 |   1.879972e-01 |   7.127443e-03 |
|   1.700000e-02 |   9.844111e-01 |   9.746815e-01 |   9.906940e-01 |   9.894336e-01 |   1.868525e-01 |   7.077238e-03 |
|   1.800000e-02 |   9.843053e-01 |   9.746860e-01 |   9.906850e-01 |   9.894373e-01 |   1.857316e-01 |   7.027731e-03 |
|   1.900000e-02 |   9.842010e-01 |   9.746902e-01 |   9.906754e-01 |   9.894408e-01 |   1.846337e-01 |   6.978796e-03 |
|   2.000000e-02 |   9.840984e-01 |   9.746940e-01 |   9.906654e-01 |   9.894441e-01 |   1.835580e-01 |   6.930335e-03 |
|   2.100000e-02 |   9.839977e-01 |   9.746973e-01 |   9.906552e-01 |   9.894470e-01 |   1.825032e-01 |   6.882271e-03 |
|   2.200000e-02 |   9.838992e-01 |   9.747001e-01 |   9.906448e-01 |   9.894497e-01 |   1.814679e-01 |   6.834548e-03 |
|   2.300000e-02 |   9.838028e-01 |   9.747023e-01 |   9.906343e-01 |   9.894520e-01 |   1.804510e-01 |   6.787120e-03 |
|   2.400000e-02 |   9.837086e-01 |   9.747040e-01 |   9.906237e-01 |   9.894540e-01 |   1.794511e-01 |   6.739953e-03 |
|   2.500000e-02 |   9.836167e-01 |   9.747050e-01 |   9.906131e-01 |   9.894558e-01 |   1.784672e-01 |   6.693023e-03 |
|   2.600000e-02 |   9.835269e-01 |   9.747054e-01 |   9.906024e-01 |   9.894572e-01 |   1.774982e-01 |   6.646310e-03 |
|   2.700000e-02 |   9.834393e-01 |   9.747053e-01 |   9.905918e-01 |   9.894583e-01 |   1.765431e-01 |   6.599800e-03 |
|   2.800000e-02 |   9.833537e-01 |   9.747045e-01 |   9.905812e-01 |   9.894592e-01 |   1.756010e-01 |   6.553483e-03 |
|   2.900000e-02 |   9.832702e-01 |   9.747032e-01 |   9.905706e-01 |   9.894597e-01 |   1.746711e-01 |   6.507352e-03 |
|   3.000000e-02 |   9.831928e-01 |   9.747014e-01 |   9.905601e-01 |   9.894600e-01 |   1.737526e-01 |   6.461400e-03 |
+----------------+----------------+----------------+----------------+----------------+----------------+----------------+
+----------------+----------------+----------------+------------------+----------------+----------------+
| time           | mass           | mass_reaction  | outflow_gradient | platen_max     | platen_min     |
+----------------+----------------+----------------+------------------+----------------+----------------+
:                :                :                :                  :                :                :
|   1.600000e-02 |   1.591259e+00 |  -4.173578e-01 |     2.153993e-01 |  -4.207233e-02 |  -4.207233e-02 |
|   1.700000e-02 |   1.590848e+00 |  -4.115704e-01 |     2.124748e-01 |  -4.212885e-02 |  -4.212885e-02 |
|   1.800000e-02 |   1.590442e+00 |  -4.061909e-01 |     2.097588e-01 |  -4.218464e-02 |  -4.218464e-02 |
|   1.900000e-02 |   1.590040e+00 |  -4.011594e-01 |     2.072203e-01 |  -4.223973e-02 |  -4.223973e-02 |
|   2.000000e-02 |   1.589644e+00 |  -3.964279e-01 |     2.048345e-01 |  -4.229418e-02 |  -4.229418e-02 |
|   2.100000e-02 |   1.589252e+00 |  -3.919579e-01 |     2.025815e-01 |  -4.234802e-02 |  -4.234802e-02 |
|   2.200000e-02 |   1.588864e+00 |  -3.877179e-01 |     2.004449e-01 |  -4.240127e-02 |  -4.240127e-02 |
|   2.300000e-02 |   1.588481e+00 |  -3.836820e-01 |     1.984113e-01 |  -4.245398e-02 |  -4.245398e-02 |
|   2.400000e-02 |   1.588101e+00 |  -3.798285e-01 |     1.964696e-01 |  -4.250615e-02 |  -4.250615e-02 |
|   2.500000e-02 |   1.587725e+00 |  -3.761394e-01 |     1.946104e-01 |  -4.255782e-02 |  -4.255782e-02 |
|   2.600000e-02 |   1.587352e+00 |  -3.725993e-01 |     1.928259e-01 |  -4.260901e-02 |  -4.260901e-02 |
|   2.700000e-02 |   1.586983e+00 |  -3.691952e-01 |     1.911093e-01 |  -4.265973e-02 |  -4.265973e-02 |
|   2.800000e-02 |   1.586617e+00 |  -3.659156e-01 |     1.894548e-01 |  -4.271000e-02 |  -4.271000e-02 |
|   2.900000e-02 |   1.586254e+00 |  -3.627507e-01 |     1.878574e-01 |  -4.275984e-02 |  -4.275984e-02 |
|   3.000000e-02 |   1.585894e+00 |  -3.596918e-01 |     1.863127e-01 |  -4.280927e-02 |  -4.280927e-02 |
+----------------+----------------+----------------+------------------+----------------+----------------+
+----------------+--------------------+--------------------+----------------+----------------+----------------+
| time           | solid_fraction_max | solid_fraction_min | stability_max  | stability_min  | top_reaction   |
+----------------+--------------------+--------------------+----------------+----------------+----------------+
:                :                    :                    :                :                :                :
|   1.600000e-02 |       6.090894e-01 |       6.036653e-01 |   2.811736e+01 |   2.800439e+01 |  -1.400000e+00 |
|   1.700000e-02 |       6.090889e-01 |       6.036780e-01 |   2.811736e+01 |   2.800433e+01 |  -1.400000e+00 |
|   1.800000e-02 |       6.090884e-01 |       6.036914e-01 |   2.811733e+01 |   2.800427e+01 |  -1.400000e+00 |
|   1.900000e-02 |       6.090879e-01 |       6.037055e-01 |   2.811728e+01 |   2.800422e+01 |  -1.400000e+00 |
|   2.000000e-02 |       6.090874e-01 |       6.037200e-01 |   2.811720e+01 |   2.800417e+01 |  -1.400000e+00 |
|   2.100000e-02 |       6.090871e-01 |       6.037337e-01 |   2.811710e+01 |   2.800413e+01 |  -1.400000e+00 |
|   2.200000e-02 |       6.090869e-01 |       6.037482e-01 |   2.811698e+01 |   2.800409e+01 |  -1.400000e+00 |
|   2.300000e-02 |       6.090868e-01 |       6.037635e-01 |   2.811684e+01 |   2.800404e+01 |  -1.400000e+00 |
|   2.400000e-02 |       6.090870e-01 |       6.037795e-01 |   2.811667e+01 |   2.800400e+01 |  -1.400000e+00 |
|   2.500000e-02 |       6.090873e-01 |       6.037962e-01 |   2.811648e+01 |   2.800397e+01 |  -1.400000e+00 |
|   2.600000e-02 |       6.090879e-01 |       6.038136e-01 |   2.811628e+01 |   2.800393e+01 |  -1.400000e+00 |
|   2.700000e-02 |       6.090886e-01 |       6.038317e-01 |   2.811605e+01 |   2.800390e+01 |  -1.400000e+00 |
|   2.800000e-02 |       6.090895e-01 |       6.038503e-01 |   2.811581e+01 |   2.800386e+01 |  -1.400000e+00 |
|   2.900000e-02 |       6.090906e-01 |       6.038695e-01 |   2.811556e+01 |   2.800383e+01 |  -1.400000e+00 |
|   3.000000e-02 |       6.090918e-01 |       6.038892e-01 |   2.811528e+01 |   2.800380e+01 |  -1.400000e+00 |
+----------------+--------------------+--------------------+----------------+----------------+----------------+


Time Step 31, time = 0.031, dt = 0.001
 * Nonlinear |R| = [32m2.957637e-02[39m (Before preset BCs, predictors, correctors, and constraints)
 0 Nonlinear |R| = [32m2.957637e-02[39m
      0 Linear |R| = [32m2.957637e-02[39m
      1 Linear |R| = [32m1.808467e-03[39m
      2 Linear |R| = [33m1.774323e-03[39m
      3 Linear |R| = [32m5.288347e-04[39m
      4 Linear |R| = [32m4.498246e-05[39m
      5 Linear |R| = [32m2.099368e-05[39m
      6 Linear |R| = [32m8.780565e-06[39m
      7 Linear |R| = [32m5.556408e-06[39m
      8 Linear |R| = [32m1.481131e-06[39m
      9 Linear |R| = [32m7.885571e-07[39m
     10 Linear |R| = [32m5.891121e-07[39m
     11 Linear |R| = [32m4.048506e-07[39m
     12 Linear |R| = [32m9.085206e-08[39m
     13 Linear |R| = [32m6.169697e-08[39m
     14 Linear |R| = [32m1.365622e-08[39m
     15 Linear |R| = [32m1.065180e-08[39m
     16 Linear |R| = [32m6.991058e-09[39m
     17 Linear |R| = [32m3.119648e-09[39m
     18 Linear |R| = [32m9.052908e-10[39m
     19 Linear |R| = [32m5.381194e-10[39m
     20 Linear |R| = [32m3.455909e-10[39m
     21 Linear |R| = [32m1.515808e-10[39m
     22 Linear |R| = [32m6.510206e-11[39m
     23 Linear |R| = [32m3.546923e-11[39m
     24 Linear |R| = [32m6.913644e-12[39m
 1 Nonlinear |R| = [32m3.005843e-06[39m
      0 Linear |R| = [32m3.005843e-06[39m
      1 Linear |R| = [32m9.723752e-08[39m
      2 Linear |R| = [32m7.956715e-08[39m
      3 Linear |R| = [32m2.061747e-08[39m
      4 Linear |R| = [32m1.918524e-09[39m
      5 Linear |R| = [32m1.740429e-09[39m
      6 Linear |R| = [32m7.208561e-10[39m
      7 Linear |R| = [32m3.550320e-10[39m
      8 Linear |R| = [32m8.909008e-11[39m
      9 Linear |R| = [32m5.301866e-11[39m
     10 Linear |R| = [32m4.942588e-11[39m
     11 Linear |R| = [32m2.143984e-11[39m
     12 Linear |R| = [32m7.032315e-12[39m
     13 Linear |R| = [32m4.000314e-12[39m
     14 Linear |R| = [32m7.418912e-13[39m
     15 Linear |R| = [33m7.322502e-13[39m
     16 Linear |R| = [32m4.478687e-13[39m
     17 Linear |R| = [32m1.461564e-13[39m
     18 Linear |R| = [32m5.460969e-14[39m
     19 Linear |R| = [32m2.827730e-14[39m
     20 Linear |R| = [32m2.572997e-14[39m
     21 Linear |R| = [32m6.809371e-15[39m
     22 Linear |R| = [32m3.356806e-15[39m
     23 Linear |R| = [32m1.618372e-15[39m
 2 Nonlinear |R| = [32m5.417872e-12[39m
[32m Solve Converged![39m

Postprocessor Values:
+----------------+----------------+----------------+----------------+----------------+----------------+----------------+
| time           | J_max          | J_min          | Jbar_max       | Jbar_min       | center_pressure| edge_ux        |
+----------------+----------------+----------------+----------------+----------------+----------------+----------------+
:                :                :                :                :                :                :                :
|   1.700000e-02 |   9.844111e-01 |   9.746815e-01 |   9.906940e-01 |   9.894336e-01 |   1.868525e-01 |   7.077238e-03 |
|   1.800000e-02 |   9.843053e-01 |   9.746860e-01 |   9.906850e-01 |   9.894373e-01 |   1.857316e-01 |   7.027731e-03 |
|   1.900000e-02 |   9.842010e-01 |   9.746902e-01 |   9.906754e-01 |   9.894408e-01 |   1.846337e-01 |   6.978796e-03 |
|   2.000000e-02 |   9.840984e-01 |   9.746940e-01 |   9.906654e-01 |   9.894441e-01 |   1.835580e-01 |   6.930335e-03 |
|   2.100000e-02 |   9.839977e-01 |   9.746973e-01 |   9.906552e-01 |   9.894470e-01 |   1.825032e-01 |   6.882271e-03 |
|   2.200000e-02 |   9.838992e-01 |   9.747001e-01 |   9.906448e-01 |   9.894497e-01 |   1.814679e-01 |   6.834548e-03 |
|   2.300000e-02 |   9.838028e-01 |   9.747023e-01 |   9.906343e-01 |   9.894520e-01 |   1.804510e-01 |   6.787120e-03 |
|   2.400000e-02 |   9.837086e-01 |   9.747040e-01 |   9.906237e-01 |   9.894540e-01 |   1.794511e-01 |   6.739953e-03 |
|   2.500000e-02 |   9.836167e-01 |   9.747050e-01 |   9.906131e-01 |   9.894558e-01 |   1.784672e-01 |   6.693023e-03 |
|   2.600000e-02 |   9.835269e-01 |   9.747054e-01 |   9.906024e-01 |   9.894572e-01 |   1.774982e-01 |   6.646310e-03 |
|   2.700000e-02 |   9.834393e-01 |   9.747053e-01 |   9.905918e-01 |   9.894583e-01 |   1.765431e-01 |   6.599800e-03 |
|   2.800000e-02 |   9.833537e-01 |   9.747045e-01 |   9.905812e-01 |   9.894592e-01 |   1.756010e-01 |   6.553483e-03 |
|   2.900000e-02 |   9.832702e-01 |   9.747032e-01 |   9.905706e-01 |   9.894597e-01 |   1.746711e-01 |   6.507352e-03 |
|   3.000000e-02 |   9.831928e-01 |   9.747014e-01 |   9.905601e-01 |   9.894600e-01 |   1.737526e-01 |   6.461400e-03 |
|   3.100000e-02 |   9.831520e-01 |   9.746990e-01 |   9.905496e-01 |   9.894601e-01 |   1.728450e-01 |   6.415626e-03 |
+----------------+----------------+----------------+----------------+----------------+----------------+----------------+
+----------------+----------------+----------------+------------------+----------------+----------------+
| time           | mass           | mass_reaction  | outflow_gradient | platen_max     | platen_min     |
+----------------+----------------+----------------+------------------+----------------+----------------+
:                :                :                :                  :                :                :
|   1.700000e-02 |   1.590848e+00 |  -4.115704e-01 |     2.124748e-01 |  -4.212885e-02 |  -4.212885e-02 |
|   1.800000e-02 |   1.590442e+00 |  -4.061909e-01 |     2.097588e-01 |  -4.218464e-02 |  -4.218464e-02 |
|   1.900000e-02 |   1.590040e+00 |  -4.011594e-01 |     2.072203e-01 |  -4.223973e-02 |  -4.223973e-02 |
|   2.000000e-02 |   1.589644e+00 |  -3.964279e-01 |     2.048345e-01 |  -4.229418e-02 |  -4.229418e-02 |
|   2.100000e-02 |   1.589252e+00 |  -3.919579e-01 |     2.025815e-01 |  -4.234802e-02 |  -4.234802e-02 |
|   2.200000e-02 |   1.588864e+00 |  -3.877179e-01 |     2.004449e-01 |  -4.240127e-02 |  -4.240127e-02 |
|   2.300000e-02 |   1.588481e+00 |  -3.836820e-01 |     1.984113e-01 |  -4.245398e-02 |  -4.245398e-02 |
|   2.400000e-02 |   1.588101e+00 |  -3.798285e-01 |     1.964696e-01 |  -4.250615e-02 |  -4.250615e-02 |
|   2.500000e-02 |   1.587725e+00 |  -3.761394e-01 |     1.946104e-01 |  -4.255782e-02 |  -4.255782e-02 |
|   2.600000e-02 |   1.587352e+00 |  -3.725993e-01 |     1.928259e-01 |  -4.260901e-02 |  -4.260901e-02 |
|   2.700000e-02 |   1.586983e+00 |  -3.691952e-01 |     1.911093e-01 |  -4.265973e-02 |  -4.265973e-02 |
|   2.800000e-02 |   1.586617e+00 |  -3.659156e-01 |     1.894548e-01 |  -4.271000e-02 |  -4.271000e-02 |
|   2.900000e-02 |   1.586254e+00 |  -3.627507e-01 |     1.878574e-01 |  -4.275984e-02 |  -4.275984e-02 |
|   3.000000e-02 |   1.585894e+00 |  -3.596918e-01 |     1.863127e-01 |  -4.280927e-02 |  -4.280927e-02 |
|   3.100000e-02 |   1.585538e+00 |  -3.567314e-01 |     1.848168e-01 |  -4.285828e-02 |  -4.285828e-02 |
+----------------+----------------+----------------+------------------+----------------+----------------+
+----------------+--------------------+--------------------+----------------+----------------+----------------+
| time           | solid_fraction_max | solid_fraction_min | stability_max  | stability_min  | top_reaction   |
+----------------+--------------------+--------------------+----------------+----------------+----------------+
:                :                    :                    :                :                :                :
|   1.700000e-02 |       6.090889e-01 |       6.036780e-01 |   2.811736e+01 |   2.800433e+01 |  -1.400000e+00 |
|   1.800000e-02 |       6.090884e-01 |       6.036914e-01 |   2.811733e+01 |   2.800427e+01 |  -1.400000e+00 |
|   1.900000e-02 |       6.090879e-01 |       6.037055e-01 |   2.811728e+01 |   2.800422e+01 |  -1.400000e+00 |
|   2.000000e-02 |       6.090874e-01 |       6.037200e-01 |   2.811720e+01 |   2.800417e+01 |  -1.400000e+00 |
|   2.100000e-02 |       6.090871e-01 |       6.037337e-01 |   2.811710e+01 |   2.800413e+01 |  -1.400000e+00 |
|   2.200000e-02 |       6.090869e-01 |       6.037482e-01 |   2.811698e+01 |   2.800409e+01 |  -1.400000e+00 |
|   2.300000e-02 |       6.090868e-01 |       6.037635e-01 |   2.811684e+01 |   2.800404e+01 |  -1.400000e+00 |
|   2.400000e-02 |       6.090870e-01 |       6.037795e-01 |   2.811667e+01 |   2.800400e+01 |  -1.400000e+00 |
|   2.500000e-02 |       6.090873e-01 |       6.037962e-01 |   2.811648e+01 |   2.800397e+01 |  -1.400000e+00 |
|   2.600000e-02 |       6.090879e-01 |       6.038136e-01 |   2.811628e+01 |   2.800393e+01 |  -1.400000e+00 |
|   2.700000e-02 |       6.090886e-01 |       6.038317e-01 |   2.811605e+01 |   2.800390e+01 |  -1.400000e+00 |
|   2.800000e-02 |       6.090895e-01 |       6.038503e-01 |   2.811581e+01 |   2.800386e+01 |  -1.400000e+00 |
|   2.900000e-02 |       6.090906e-01 |       6.038695e-01 |   2.811556e+01 |   2.800383e+01 |  -1.400000e+00 |
|   3.000000e-02 |       6.090918e-01 |       6.038892e-01 |   2.811528e+01 |   2.800380e+01 |  -1.400000e+00 |
|   3.100000e-02 |       6.090933e-01 |       6.039093e-01 |   2.811500e+01 |   2.800377e+01 |  -1.400000e+00 |
+----------------+--------------------+--------------------+----------------+----------------+----------------+


Time Step 32, time = 0.032, dt = 0.001
 * Nonlinear |R| = [32m2.923978e-02[39m (Before preset BCs, predictors, correctors, and constraints)
 0 Nonlinear |R| = [32m2.923978e-02[39m
      0 Linear |R| = [32m2.923978e-02[39m
      1 Linear |R| = [32m1.794103e-03[39m
      2 Linear |R| = [33m1.760205e-03[39m
      3 Linear |R| = [32m5.245600e-04[39m
      4 Linear |R| = [32m4.460177e-05[39m
      5 Linear |R| = [32m2.176912e-05[39m
      6 Linear |R| = [32m8.626839e-06[39m
      7 Linear |R| = [32m5.463530e-06[39m
      8 Linear |R| = [32m1.458453e-06[39m
      9 Linear |R| = [32m7.747709e-07[39m
     10 Linear |R| = [32m6.199883e-07[39m
     11 Linear |R| = [32m3.990493e-07[39m
     12 Linear |R| = [32m8.858915e-08[39m
     13 Linear |R| = [32m6.021495e-08[39m
     14 Linear |R| = [32m1.344839e-08[39m
     15 Linear |R| = [32m1.088809e-08[39m
     16 Linear |R| = [32m6.845988e-09[39m
     17 Linear |R| = [32m3.069340e-09[39m
     18 Linear |R| = [32m8.872330e-10[39m
     19 Linear |R| = [32m5.288965e-10[39m
     20 Linear |R| = [32m3.613608e-10[39m
     21 Linear |R| = [32m1.494230e-10[39m
     22 Linear |R| = [32m6.421659e-11[39m
     23 Linear |R| = [32m3.504435e-11[39m
     24 Linear |R| = [32m6.847859e-12[39m
 1 Nonlinear |R| = [32m2.907006e-06[39m
      0 Linear |R| = [32m2.907006e-06[39m
      1 Linear |R| = [32m9.556651e-08[39m
      2 Linear |R| = [32m7.798217e-08[39m
      3 Linear |R| = [32m2.023872e-08[39m
      4 Linear |R| = [32m1.874967e-09[39m
      5 Linear |R| = [32m1.691266e-09[39m
      6 Linear |R| = [32m6.961814e-10[39m
      7 Linear |R| = [32m3.425170e-10[39m
      8 Linear |R| = [32m9.349264e-11[39m
      9 Linear |R| = [32m5.634708e-11[39m
     10 Linear |R| = [32m5.139805e-11[39m
     11 Linear |R| = [32m2.109237e-11[39m
     12 Linear |R| = [32m7.118964e-12[39m
     13 Linear |R| = [32m3.961288e-12[39m
     14 Linear |R| = [32m7.532780e-13[39m
     15 Linear |R| = [33m7.216861e-13[39m
     16 Linear |R| = [32m4.694989e-13[39m
     17 Linear |R| = [32m1.510861e-13[39m
     18 Linear |R| = [32m6.017093e-14[39m
     19 Linear |R| = [32m3.023269e-14[39m
     20 Linear |R| = [32m2.477294e-14[39m
     21 Linear |R| = [32m6.932603e-15[39m
     22 Linear |R| = [32m3.534108e-15[39m
     23 Linear |R| = [32m1.719062e-15[39m
 2 Nonlinear |R| = [32m5.111528e-12[39m
[32m Solve Converged![39m

Postprocessor Values:
+----------------+----------------+----------------+----------------+----------------+----------------+----------------+
| time           | J_max          | J_min          | Jbar_max       | Jbar_min       | center_pressure| edge_ux        |
+----------------+----------------+----------------+----------------+----------------+----------------+----------------+
:                :                :                :                :                :                :                :
|   1.800000e-02 |   9.843053e-01 |   9.746860e-01 |   9.906850e-01 |   9.894373e-01 |   1.857316e-01 |   7.027731e-03 |
|   1.900000e-02 |   9.842010e-01 |   9.746902e-01 |   9.906754e-01 |   9.894408e-01 |   1.846337e-01 |   6.978796e-03 |
|   2.000000e-02 |   9.840984e-01 |   9.746940e-01 |   9.906654e-01 |   9.894441e-01 |   1.835580e-01 |   6.930335e-03 |
|   2.100000e-02 |   9.839977e-01 |   9.746973e-01 |   9.906552e-01 |   9.894470e-01 |   1.825032e-01 |   6.882271e-03 |
|   2.200000e-02 |   9.838992e-01 |   9.747001e-01 |   9.906448e-01 |   9.894497e-01 |   1.814679e-01 |   6.834548e-03 |
|   2.300000e-02 |   9.838028e-01 |   9.747023e-01 |   9.906343e-01 |   9.894520e-01 |   1.804510e-01 |   6.787120e-03 |
|   2.400000e-02 |   9.837086e-01 |   9.747040e-01 |   9.906237e-01 |   9.894540e-01 |   1.794511e-01 |   6.739953e-03 |
|   2.500000e-02 |   9.836167e-01 |   9.747050e-01 |   9.906131e-01 |   9.894558e-01 |   1.784672e-01 |   6.693023e-03 |
|   2.600000e-02 |   9.835269e-01 |   9.747054e-01 |   9.906024e-01 |   9.894572e-01 |   1.774982e-01 |   6.646310e-03 |
|   2.700000e-02 |   9.834393e-01 |   9.747053e-01 |   9.905918e-01 |   9.894583e-01 |   1.765431e-01 |   6.599800e-03 |
|   2.800000e-02 |   9.833537e-01 |   9.747045e-01 |   9.905812e-01 |   9.894592e-01 |   1.756010e-01 |   6.553483e-03 |
|   2.900000e-02 |   9.832702e-01 |   9.747032e-01 |   9.905706e-01 |   9.894597e-01 |   1.746711e-01 |   6.507352e-03 |
|   3.000000e-02 |   9.831928e-01 |   9.747014e-01 |   9.905601e-01 |   9.894600e-01 |   1.737526e-01 |   6.461400e-03 |
|   3.100000e-02 |   9.831520e-01 |   9.746990e-01 |   9.905496e-01 |   9.894601e-01 |   1.728450e-01 |   6.415626e-03 |
|   3.200000e-02 |   9.831106e-01 |   9.746961e-01 |   9.905392e-01 |   9.894599e-01 |   1.719476e-01 |   6.370027e-03 |
+----------------+----------------+----------------+----------------+----------------+----------------+----------------+
+----------------+----------------+----------------+------------------+----------------+----------------+
| time           | mass           | mass_reaction  | outflow_gradient | platen_max     | platen_min     |
+----------------+----------------+----------------+------------------+----------------+----------------+
:                :                :                :                  :                :                :
|   1.800000e-02 |   1.590442e+00 |  -4.061909e-01 |     2.097588e-01 |  -4.218464e-02 |  -4.218464e-02 |
|   1.900000e-02 |   1.590040e+00 |  -4.011594e-01 |     2.072203e-01 |  -4.223973e-02 |  -4.223973e-02 |
|   2.000000e-02 |   1.589644e+00 |  -3.964279e-01 |     2.048345e-01 |  -4.229418e-02 |  -4.229418e-02 |
|   2.100000e-02 |   1.589252e+00 |  -3.919579e-01 |     2.025815e-01 |  -4.234802e-02 |  -4.234802e-02 |
|   2.200000e-02 |   1.588864e+00 |  -3.877179e-01 |     2.004449e-01 |  -4.240127e-02 |  -4.240127e-02 |
|   2.300000e-02 |   1.588481e+00 |  -3.836820e-01 |     1.984113e-01 |  -4.245398e-02 |  -4.245398e-02 |
|   2.400000e-02 |   1.588101e+00 |  -3.798285e-01 |     1.964696e-01 |  -4.250615e-02 |  -4.250615e-02 |
|   2.500000e-02 |   1.587725e+00 |  -3.761394e-01 |     1.946104e-01 |  -4.255782e-02 |  -4.255782e-02 |
|   2.600000e-02 |   1.587352e+00 |  -3.725993e-01 |     1.928259e-01 |  -4.260901e-02 |  -4.260901e-02 |
|   2.700000e-02 |   1.586983e+00 |  -3.691952e-01 |     1.911093e-01 |  -4.265973e-02 |  -4.265973e-02 |
|   2.800000e-02 |   1.586617e+00 |  -3.659156e-01 |     1.894548e-01 |  -4.271000e-02 |  -4.271000e-02 |
|   2.900000e-02 |   1.586254e+00 |  -3.627507e-01 |     1.878574e-01 |  -4.275984e-02 |  -4.275984e-02 |
|   3.000000e-02 |   1.585894e+00 |  -3.596918e-01 |     1.863127e-01 |  -4.280927e-02 |  -4.280927e-02 |
|   3.100000e-02 |   1.585538e+00 |  -3.567314e-01 |     1.848168e-01 |  -4.285828e-02 |  -4.285828e-02 |
|   3.200000e-02 |   1.585184e+00 |  -3.538625e-01 |     1.833663e-01 |  -4.290691e-02 |  -4.290691e-02 |
+----------------+----------------+----------------+------------------+----------------+----------------+
+----------------+--------------------+--------------------+----------------+----------------+----------------+
| time           | solid_fraction_max | solid_fraction_min | stability_max  | stability_min  | top_reaction   |
+----------------+--------------------+--------------------+----------------+----------------+----------------+
:                :                    :                    :                :                :                :
|   1.800000e-02 |       6.090884e-01 |       6.036914e-01 |   2.811733e+01 |   2.800427e+01 |  -1.400000e+00 |
|   1.900000e-02 |       6.090879e-01 |       6.037055e-01 |   2.811728e+01 |   2.800422e+01 |  -1.400000e+00 |
|   2.000000e-02 |       6.090874e-01 |       6.037200e-01 |   2.811720e+01 |   2.800417e+01 |  -1.400000e+00 |
|   2.100000e-02 |       6.090871e-01 |       6.037337e-01 |   2.811710e+01 |   2.800413e+01 |  -1.400000e+00 |
|   2.200000e-02 |       6.090869e-01 |       6.037482e-01 |   2.811698e+01 |   2.800409e+01 |  -1.400000e+00 |
|   2.300000e-02 |       6.090868e-01 |       6.037635e-01 |   2.811684e+01 |   2.800404e+01 |  -1.400000e+00 |
|   2.400000e-02 |       6.090870e-01 |       6.037795e-01 |   2.811667e+01 |   2.800400e+01 |  -1.400000e+00 |
|   2.500000e-02 |       6.090873e-01 |       6.037962e-01 |   2.811648e+01 |   2.800397e+01 |  -1.400000e+00 |
|   2.600000e-02 |       6.090879e-01 |       6.038136e-01 |   2.811628e+01 |   2.800393e+01 |  -1.400000e+00 |
|   2.700000e-02 |       6.090886e-01 |       6.038317e-01 |   2.811605e+01 |   2.800390e+01 |  -1.400000e+00 |
|   2.800000e-02 |       6.090895e-01 |       6.038503e-01 |   2.811581e+01 |   2.800386e+01 |  -1.400000e+00 |
|   2.900000e-02 |       6.090906e-01 |       6.038695e-01 |   2.811556e+01 |   2.800383e+01 |  -1.400000e+00 |
|   3.000000e-02 |       6.090918e-01 |       6.038892e-01 |   2.811528e+01 |   2.800380e+01 |  -1.400000e+00 |
|   3.100000e-02 |       6.090933e-01 |       6.039093e-01 |   2.811500e+01 |   2.800377e+01 |  -1.400000e+00 |
|   3.200000e-02 |       6.090949e-01 |       6.039300e-01 |   2.811470e+01 |   2.800374e+01 |  -1.400000e+00 |
+----------------+--------------------+--------------------+----------------+----------------+----------------+


Time Step 33, time = 0.033, dt = 0.001
 * Nonlinear |R| = [32m2.892369e-02[39m (Before preset BCs, predictors, correctors, and constraints)
 0 Nonlinear |R| = [32m2.892369e-02[39m
      0 Linear |R| = [32m2.892369e-02[39m
      1 Linear |R| = [32m1.780160e-03[39m
      2 Linear |R| = [33m1.746493e-03[39m
      3 Linear |R| = [32m5.204640e-04[39m
      4 Linear |R| = [32m4.420912e-05[39m
      5 Linear |R| = [32m1.947131e-05[39m
      6 Linear |R| = [32m8.481214e-06[39m
      7 Linear |R| = [32m5.375276e-06[39m
      8 Linear |R| = [32m1.436815e-06[39m
      9 Linear |R| = [32m7.603844e-07[39m
     10 Linear |R| = [32m5.342429e-07[39m
     11 Linear |R| = [32m3.922496e-07[39m
     12 Linear |R| = [32m8.642623e-08[39m
     13 Linear |R| = [32m5.878777e-08[39m
     14 Linear |R| = [32m1.320465e-08[39m
     15 Linear |R| = [32m1.011446e-08[39m
     16 Linear |R| = [32m6.702985e-09[39m
     17 Linear |R| = [32m3.020025e-09[39m
     18 Linear |R| = [32m8.695320e-10[39m
     19 Linear |R| = [32m5.194347e-10[39m
     20 Linear |R| = [32m3.348044e-10[39m
     21 Linear |R| = [32m1.472183e-10[39m
     22 Linear |R| = [32m6.335077e-11[39m
     23 Linear |R| = [32m3.462743e-11[39m
     24 Linear |R| = [32m6.774689e-12[39m
 1 Nonlinear |R| = [32m2.821871e-06[39m
      0 Linear |R| = [32m2.821871e-06[39m
      1 Linear |R| = [32m9.181668e-08[39m
      2 Linear |R| = [32m7.699098e-08[39m
      3 Linear |R| = [32m1.987898e-08[39m
      4 Linear |R| = [32m1.812199e-09[39m
      5 Linear |R| = [32m1.635998e-09[39m
      6 Linear |R| = [32m6.171510e-10[39m
      7 Linear |R| = [32m3.252927e-10[39m
      8 Linear |R| = [32m8.069314e-11[39m
      9 Linear |R| = [32m4.729967e-11[39m
     10 Linear |R| = [33m4.511038e-11[39m
     11 Linear |R| = [32m2.013747e-11[39m
     12 Linear |R| = [32m6.200804e-12[39m
     13 Linear |R| = [32m3.660244e-12[39m
     14 Linear |R| = [32m6.800410e-13[39m
     15 Linear |R| = [33m6.700931e-13[39m
     16 Linear |R| = [32m3.947337e-13[39m
     17 Linear |R| = [32m1.502224e-13[39m
     18 Linear |R| = [32m5.078499e-14[39m
     19 Linear |R| = [32m2.979859e-14[39m
     20 Linear |R| = [32m2.537351e-14[39m
     21 Linear |R| = [32m6.902284e-15[39m
     22 Linear |R| = [32m3.018538e-15[39m
     23 Linear |R| = [32m1.612048e-15[39m
 2 Nonlinear |R| = [32m5.105989e-12[39m
[32m Solve Converged![39m

Postprocessor Values:
+----------------+----------------+----------------+----------------+----------------+----------------+----------------+
| time           | J_max          | J_min          | Jbar_max       | Jbar_min       | center_pressure| edge_ux        |
+----------------+----------------+----------------+----------------+----------------+----------------+----------------+
:                :                :                :                :                :                :                :
|   1.900000e-02 |   9.842010e-01 |   9.746902e-01 |   9.906754e-01 |   9.894408e-01 |   1.846337e-01 |   6.978796e-03 |
|   2.000000e-02 |   9.840984e-01 |   9.746940e-01 |   9.906654e-01 |   9.894441e-01 |   1.835580e-01 |   6.930335e-03 |
|   2.100000e-02 |   9.839977e-01 |   9.746973e-01 |   9.906552e-01 |   9.894470e-01 |   1.825032e-01 |   6.882271e-03 |
|   2.200000e-02 |   9.838992e-01 |   9.747001e-01 |   9.906448e-01 |   9.894497e-01 |   1.814679e-01 |   6.834548e-03 |
|   2.300000e-02 |   9.838028e-01 |   9.747023e-01 |   9.906343e-01 |   9.894520e-01 |   1.804510e-01 |   6.787120e-03 |
|   2.400000e-02 |   9.837086e-01 |   9.747040e-01 |   9.906237e-01 |   9.894540e-01 |   1.794511e-01 |   6.739953e-03 |
|   2.500000e-02 |   9.836167e-01 |   9.747050e-01 |   9.906131e-01 |   9.894558e-01 |   1.784672e-01 |   6.693023e-03 |
|   2.600000e-02 |   9.835269e-01 |   9.747054e-01 |   9.906024e-01 |   9.894572e-01 |   1.774982e-01 |   6.646310e-03 |
|   2.700000e-02 |   9.834393e-01 |   9.747053e-01 |   9.905918e-01 |   9.894583e-01 |   1.765431e-01 |   6.599800e-03 |
|   2.800000e-02 |   9.833537e-01 |   9.747045e-01 |   9.905812e-01 |   9.894592e-01 |   1.756010e-01 |   6.553483e-03 |
|   2.900000e-02 |   9.832702e-01 |   9.747032e-01 |   9.905706e-01 |   9.894597e-01 |   1.746711e-01 |   6.507352e-03 |
|   3.000000e-02 |   9.831928e-01 |   9.747014e-01 |   9.905601e-01 |   9.894600e-01 |   1.737526e-01 |   6.461400e-03 |
|   3.100000e-02 |   9.831520e-01 |   9.746990e-01 |   9.905496e-01 |   9.894601e-01 |   1.728450e-01 |   6.415626e-03 |
|   3.200000e-02 |   9.831106e-01 |   9.746961e-01 |   9.905392e-01 |   9.894599e-01 |   1.719476e-01 |   6.370027e-03 |
|   3.300000e-02 |   9.830687e-01 |   9.746928e-01 |   9.905289e-01 |   9.894595e-01 |   1.710598e-01 |   6.324601e-03 |
+----------------+----------------+----------------+----------------+----------------+----------------+----------------+
+----------------+----------------+----------------+------------------+----------------+----------------+
| time           | mass           | mass_reaction  | outflow_gradient | platen_max     | platen_min     |
+----------------+----------------+----------------+------------------+----------------+----------------+
:                :                :                :                  :                :                :
|   1.900000e-02 |   1.590040e+00 |  -4.011594e-01 |     2.072203e-01 |  -4.223973e-02 |  -4.223973e-02 |
|   2.000000e-02 |   1.589644e+00 |  -3.964279e-01 |     2.048345e-01 |  -4.229418e-02 |  -4.229418e-02 |
|   2.100000e-02 |   1.589252e+00 |  -3.919579e-01 |     2.025815e-01 |  -4.234802e-02 |  -4.234802e-02 |
|   2.200000e-02 |   1.588864e+00 |  -3.877179e-01 |     2.004449e-01 |  -4.240127e-02 |  -4.240127e-02 |
|   2.300000e-02 |   1.588481e+00 |  -3.836820e-01 |     1.984113e-01 |  -4.245398e-02 |  -4.245398e-02 |
|   2.400000e-02 |   1.588101e+00 |  -3.798285e-01 |     1.964696e-01 |  -4.250615e-02 |  -4.250615e-02 |
|   2.500000e-02 |   1.587725e+00 |  -3.761394e-01 |     1.946104e-01 |  -4.255782e-02 |  -4.255782e-02 |
|   2.600000e-02 |   1.587352e+00 |  -3.725993e-01 |     1.928259e-01 |  -4.260901e-02 |  -4.260901e-02 |
|   2.700000e-02 |   1.586983e+00 |  -3.691952e-01 |     1.911093e-01 |  -4.265973e-02 |  -4.265973e-02 |
|   2.800000e-02 |   1.586617e+00 |  -3.659156e-01 |     1.894548e-01 |  -4.271000e-02 |  -4.271000e-02 |
|   2.900000e-02 |   1.586254e+00 |  -3.627507e-01 |     1.878574e-01 |  -4.275984e-02 |  -4.275984e-02 |
|   3.000000e-02 |   1.585894e+00 |  -3.596918e-01 |     1.863127e-01 |  -4.280927e-02 |  -4.280927e-02 |
|   3.100000e-02 |   1.585538e+00 |  -3.567314e-01 |     1.848168e-01 |  -4.285828e-02 |  -4.285828e-02 |
|   3.200000e-02 |   1.585184e+00 |  -3.538625e-01 |     1.833663e-01 |  -4.290691e-02 |  -4.290691e-02 |
|   3.300000e-02 |   1.584833e+00 |  -3.510791e-01 |     1.819580e-01 |  -4.295516e-02 |  -4.295516e-02 |
+----------------+----------------+----------------+------------------+----------------+----------------+
+----------------+--------------------+--------------------+----------------+----------------+----------------+
| time           | solid_fraction_max | solid_fraction_min | stability_max  | stability_min  | top_reaction   |
+----------------+--------------------+--------------------+----------------+----------------+----------------+
:                :                    :                    :                :                :                :
|   1.900000e-02 |       6.090879e-01 |       6.037055e-01 |   2.811728e+01 |   2.800422e+01 |  -1.400000e+00 |
|   2.000000e-02 |       6.090874e-01 |       6.037200e-01 |   2.811720e+01 |   2.800417e+01 |  -1.400000e+00 |
|   2.100000e-02 |       6.090871e-01 |       6.037337e-01 |   2.811710e+01 |   2.800413e+01 |  -1.400000e+00 |
|   2.200000e-02 |       6.090869e-01 |       6.037482e-01 |   2.811698e+01 |   2.800409e+01 |  -1.400000e+00 |
|   2.300000e-02 |       6.090868e-01 |       6.037635e-01 |   2.811684e+01 |   2.800404e+01 |  -1.400000e+00 |
|   2.400000e-02 |       6.090870e-01 |       6.037795e-01 |   2.811667e+01 |   2.800400e+01 |  -1.400000e+00 |
|   2.500000e-02 |       6.090873e-01 |       6.037962e-01 |   2.811648e+01 |   2.800397e+01 |  -1.400000e+00 |
|   2.600000e-02 |       6.090879e-01 |       6.038136e-01 |   2.811628e+01 |   2.800393e+01 |  -1.400000e+00 |
|   2.700000e-02 |       6.090886e-01 |       6.038317e-01 |   2.811605e+01 |   2.800390e+01 |  -1.400000e+00 |
|   2.800000e-02 |       6.090895e-01 |       6.038503e-01 |   2.811581e+01 |   2.800386e+01 |  -1.400000e+00 |
|   2.900000e-02 |       6.090906e-01 |       6.038695e-01 |   2.811556e+01 |   2.800383e+01 |  -1.400000e+00 |
|   3.000000e-02 |       6.090918e-01 |       6.038892e-01 |   2.811528e+01 |   2.800380e+01 |  -1.400000e+00 |
|   3.100000e-02 |       6.090933e-01 |       6.039093e-01 |   2.811500e+01 |   2.800377e+01 |  -1.400000e+00 |
|   3.200000e-02 |       6.090949e-01 |       6.039300e-01 |   2.811470e+01 |   2.800374e+01 |  -1.400000e+00 |
|   3.300000e-02 |       6.090967e-01 |       6.039510e-01 |   2.811438e+01 |   2.800371e+01 |  -1.400000e+00 |
+----------------+--------------------+--------------------+----------------+----------------+----------------+


Time Step 34, time = 0.034, dt = 0.001
 * Nonlinear |R| = [32m2.862618e-02[39m (Before preset BCs, predictors, correctors, and constraints)
 0 Nonlinear |R| = [32m2.862618e-02[39m
      0 Linear |R| = [32m2.862618e-02[39m
      1 Linear |R| = [32m1.766627e-03[39m
      2 Linear |R| = [33m1.733189e-03[39m
      3 Linear |R| = [32m5.164649e-04[39m
      4 Linear |R| = [32m4.387116e-05[39m
      5 Linear |R| = [32m2.059502e-05[39m
      6 Linear |R| = [32m8.343652e-06[39m
      7 Linear |R| = [32m5.291279e-06[39m
      8 Linear |R| = [32m1.416166e-06[39m
      9 Linear |R| = [32m7.476438e-07[39m
     10 Linear |R| = [32m5.551122e-07[39m
     11 Linear |R| = [32m3.869247e-07[39m
     12 Linear |R| = [32m8.435959e-08[39m
     13 Linear |R| = [32m5.741433e-08[39m
     14 Linear |R| = [32m1.299685e-08[39m
     15 Linear |R| = [32m1.005634e-08[39m
     16 Linear |R| = [32m6.564867e-09[39m
     17 Linear |R| = [32m2.971697e-09[39m
     18 Linear |R| = [32m8.521521e-10[39m
     19 Linear |R| = [32m5.103092e-10[39m
     20 Linear |R| = [32m3.338593e-10[39m
     21 Linear |R| = [32m1.450983e-10[39m
     22 Linear |R| = [32m6.250217e-11[39m
     23 Linear |R| = [32m3.421773e-11[39m
     24 Linear |R| = [32m6.707599e-12[39m
 1 Nonlinear |R| = [32m2.742426e-06[39m
      0 Linear |R| = [32m2.742426e-06[39m
      1 Linear |R| = [32m8.959523e-08[39m
      2 Linear |R| = [32m7.539169e-08[39m
      3 Linear |R| = [32m1.948808e-08[39m
      4 Linear |R| = [32m1.765373e-09[39m
      5 Linear |R| = [32m1.605758e-09[39m
      6 Linear |R| = [32m5.757043e-10[39m
      7 Linear |R| = [32m3.058571e-10[39m
      8 Linear |R| = [32m7.906764e-11[39m
      9 Linear |R| = [32m4.716300e-11[39m
     10 Linear |R| = [32m4.376469e-11[39m
     11 Linear |R| = [32m1.927804e-11[39m
     12 Linear |R| = [32m5.987553e-12[39m
     13 Linear |R| = [32m3.548336e-12[39m
     14 Linear |R| = [32m6.702653e-13[39m
     15 Linear |R| = [33m6.580483e-13[39m
     16 Linear |R| = [32m3.953082e-13[39m
     17 Linear |R| = [32m1.371872e-13[39m
     18 Linear |R| = [32m4.901671e-14[39m
     19 Linear |R| = [32m2.642779e-14[39m
     20 Linear |R| = [32m2.253730e-14[39m
     21 Linear |R| = [32m6.358805e-15[39m
     22 Linear |R| = [32m3.162002e-15[39m
     23 Linear |R| = [32m1.557153e-15[39m
 2 Nonlinear |R| = [32m5.094522e-12[39m
[32m Solve Converged![39m

Postprocessor Values:
+----------------+----------------+----------------+----------------+----------------+----------------+----------------+
| time           | J_max          | J_min          | Jbar_max       | Jbar_min       | center_pressure| edge_ux        |
+----------------+----------------+----------------+----------------+----------------+----------------+----------------+
:                :                :                :                :                :                :                :
|   2.000000e-02 |   9.840984e-01 |   9.746940e-01 |   9.906654e-01 |   9.894441e-01 |   1.835580e-01 |   6.930335e-03 |
|   2.100000e-02 |   9.839977e-01 |   9.746973e-01 |   9.906552e-01 |   9.894470e-01 |   1.825032e-01 |   6.882271e-03 |
|   2.200000e-02 |   9.838992e-01 |   9.747001e-01 |   9.906448e-01 |   9.894497e-01 |   1.814679e-01 |   6.834548e-03 |
|   2.300000e-02 |   9.838028e-01 |   9.747023e-01 |   9.906343e-01 |   9.894520e-01 |   1.804510e-01 |   6.787120e-03 |
|   2.400000e-02 |   9.837086e-01 |   9.747040e-01 |   9.906237e-01 |   9.894540e-01 |   1.794511e-01 |   6.739953e-03 |
|   2.500000e-02 |   9.836167e-01 |   9.747050e-01 |   9.906131e-01 |   9.894558e-01 |   1.784672e-01 |   6.693023e-03 |
|   2.600000e-02 |   9.835269e-01 |   9.747054e-01 |   9.906024e-01 |   9.894572e-01 |   1.774982e-01 |   6.646310e-03 |
|   2.700000e-02 |   9.834393e-01 |   9.747053e-01 |   9.905918e-01 |   9.894583e-01 |   1.765431e-01 |   6.599800e-03 |
|   2.800000e-02 |   9.833537e-01 |   9.747045e-01 |   9.905812e-01 |   9.894592e-01 |   1.756010e-01 |   6.553483e-03 |
|   2.900000e-02 |   9.832702e-01 |   9.747032e-01 |   9.905706e-01 |   9.894597e-01 |   1.746711e-01 |   6.507352e-03 |
|   3.000000e-02 |   9.831928e-01 |   9.747014e-01 |   9.905601e-01 |   9.894600e-01 |   1.737526e-01 |   6.461400e-03 |
|   3.100000e-02 |   9.831520e-01 |   9.746990e-01 |   9.905496e-01 |   9.894601e-01 |   1.728450e-01 |   6.415626e-03 |
|   3.200000e-02 |   9.831106e-01 |   9.746961e-01 |   9.905392e-01 |   9.894599e-01 |   1.719476e-01 |   6.370027e-03 |
|   3.300000e-02 |   9.830687e-01 |   9.746928e-01 |   9.905289e-01 |   9.894595e-01 |   1.710598e-01 |   6.324601e-03 |
|   3.400000e-02 |   9.830264e-01 |   9.746890e-01 |   9.905186e-01 |   9.894589e-01 |   1.701812e-01 |   6.279348e-03 |
+----------------+----------------+----------------+----------------+----------------+----------------+----------------+
+----------------+----------------+----------------+------------------+----------------+----------------+
| time           | mass           | mass_reaction  | outflow_gradient | platen_max     | platen_min     |
+----------------+----------------+----------------+------------------+----------------+----------------+
:                :                :                :                  :                :                :
|   2.000000e-02 |   1.589644e+00 |  -3.964279e-01 |     2.048345e-01 |  -4.229418e-02 |  -4.229418e-02 |
|   2.100000e-02 |   1.589252e+00 |  -3.919579e-01 |     2.025815e-01 |  -4.234802e-02 |  -4.234802e-02 |
|   2.200000e-02 |   1.588864e+00 |  -3.877179e-01 |     2.004449e-01 |  -4.240127e-02 |  -4.240127e-02 |
|   2.300000e-02 |   1.588481e+00 |  -3.836820e-01 |     1.984113e-01 |  -4.245398e-02 |  -4.245398e-02 |
|   2.400000e-02 |   1.588101e+00 |  -3.798285e-01 |     1.964696e-01 |  -4.250615e-02 |  -4.250615e-02 |
|   2.500000e-02 |   1.587725e+00 |  -3.761394e-01 |     1.946104e-01 |  -4.255782e-02 |  -4.255782e-02 |
|   2.600000e-02 |   1.587352e+00 |  -3.725993e-01 |     1.928259e-01 |  -4.260901e-02 |  -4.260901e-02 |
|   2.700000e-02 |   1.586983e+00 |  -3.691952e-01 |     1.911093e-01 |  -4.265973e-02 |  -4.265973e-02 |
|   2.800000e-02 |   1.586617e+00 |  -3.659156e-01 |     1.894548e-01 |  -4.271000e-02 |  -4.271000e-02 |
|   2.900000e-02 |   1.586254e+00 |  -3.627507e-01 |     1.878574e-01 |  -4.275984e-02 |  -4.275984e-02 |
|   3.000000e-02 |   1.585894e+00 |  -3.596918e-01 |     1.863127e-01 |  -4.280927e-02 |  -4.280927e-02 |
|   3.100000e-02 |   1.585538e+00 |  -3.567314e-01 |     1.848168e-01 |  -4.285828e-02 |  -4.285828e-02 |
|   3.200000e-02 |   1.585184e+00 |  -3.538625e-01 |     1.833663e-01 |  -4.290691e-02 |  -4.290691e-02 |
|   3.300000e-02 |   1.584833e+00 |  -3.510791e-01 |     1.819580e-01 |  -4.295516e-02 |  -4.295516e-02 |
|   3.400000e-02 |   1.584484e+00 |  -3.483756e-01 |     1.805893e-01 |  -4.300303e-02 |  -4.300303e-02 |
+----------------+----------------+----------------+------------------+----------------+----------------+
+----------------+--------------------+--------------------+----------------+----------------+----------------+
| time           | solid_fraction_max | solid_fraction_min | stability_max  | stability_min  | top_reaction   |
+----------------+--------------------+--------------------+----------------+----------------+----------------+
:                :                    :                    :                :                :                :
|   2.000000e-02 |       6.090874e-01 |       6.037200e-01 |   2.811720e+01 |   2.800417e+01 |  -1.400000e+00 |
|   2.100000e-02 |       6.090871e-01 |       6.037337e-01 |   2.811710e+01 |   2.800413e+01 |  -1.400000e+00 |
|   2.200000e-02 |       6.090869e-01 |       6.037482e-01 |   2.811698e+01 |   2.800409e+01 |  -1.400000e+00 |
|   2.300000e-02 |       6.090868e-01 |       6.037635e-01 |   2.811684e+01 |   2.800404e+01 |  -1.400000e+00 |
|   2.400000e-02 |       6.090870e-01 |       6.037795e-01 |   2.811667e+01 |   2.800400e+01 |  -1.400000e+00 |
|   2.500000e-02 |       6.090873e-01 |       6.037962e-01 |   2.811648e+01 |   2.800397e+01 |  -1.400000e+00 |
|   2.600000e-02 |       6.090879e-01 |       6.038136e-01 |   2.811628e+01 |   2.800393e+01 |  -1.400000e+00 |
|   2.700000e-02 |       6.090886e-01 |       6.038317e-01 |   2.811605e+01 |   2.800390e+01 |  -1.400000e+00 |
|   2.800000e-02 |       6.090895e-01 |       6.038503e-01 |   2.811581e+01 |   2.800386e+01 |  -1.400000e+00 |
|   2.900000e-02 |       6.090906e-01 |       6.038695e-01 |   2.811556e+01 |   2.800383e+01 |  -1.400000e+00 |
|   3.000000e-02 |       6.090918e-01 |       6.038892e-01 |   2.811528e+01 |   2.800380e+01 |  -1.400000e+00 |
|   3.100000e-02 |       6.090933e-01 |       6.039093e-01 |   2.811500e+01 |   2.800377e+01 |  -1.400000e+00 |
|   3.200000e-02 |       6.090949e-01 |       6.039300e-01 |   2.811470e+01 |   2.800374e+01 |  -1.400000e+00 |
|   3.300000e-02 |       6.090967e-01 |       6.039510e-01 |   2.811438e+01 |   2.800371e+01 |  -1.400000e+00 |
|   3.400000e-02 |       6.090986e-01 |       6.039725e-01 |   2.811406e+01 |   2.800368e+01 |  -1.400000e+00 |
+----------------+--------------------+--------------------+----------------+----------------+----------------+


Time Step 35, time = 0.035, dt = 0.001
 * Nonlinear |R| = [32m2.834551e-02[39m (Before preset BCs, predictors, correctors, and constraints)
 0 Nonlinear |R| = [32m2.834551e-02[39m
      0 Linear |R| = [32m2.834551e-02[39m
      1 Linear |R| = [32m1.753480e-03[39m
      2 Linear |R| = [33m1.720270e-03[39m
      3 Linear |R| = [32m5.125511e-04[39m
      4 Linear |R| = [32m4.349438e-05[39m
      5 Linear |R| = [32m1.947045e-05[39m
      6 Linear |R| = [32m8.212682e-06[39m
      7 Linear |R| = [32m5.211354e-06[39m
      8 Linear |R| = [32m1.396451e-06[39m
      9 Linear |R| = [32m7.350156e-07[39m
     10 Linear |R| = [32m5.077789e-07[39m
     11 Linear |R| = [32m3.809598e-07[39m
     12 Linear |R| = [32m8.238592e-08[39m
     13 Linear |R| = [32m5.609340e-08[39m
     14 Linear |R| = [32m1.277402e-08[39m
     15 Linear |R| = [32m9.412084e-09[39m
     16 Linear |R| = [32m6.429320e-09[39m
     17 Linear |R| = [32m2.924313e-09[39m
     18 Linear |R| = [32m8.350911e-10[39m
     19 Linear |R| = [32m5.010231e-10[39m
     20 Linear |R| = [32m2.944464e-10[39m
     21 Linear |R| = [32m1.429240e-10[39m
     22 Linear |R| = [32m6.167110e-11[39m
     23 Linear |R| = [32m3.381514e-11[39m
     24 Linear |R| = [32m6.633549e-12[39m
 1 Nonlinear |R| = [32m2.671734e-06[39m
      0 Linear |R| = [32m2.671734e-06[39m
      1 Linear |R| = [32m8.801122e-08[39m
      2 Linear |R| = [32m7.293210e-08[39m
      3 Linear |R| = [32m1.889817e-08[39m
      4 Linear |R| = [32m1.703140e-09[39m
      5 Linear |R| = [32m1.521694e-09[39m
      6 Linear |R| = [32m5.465219e-10[39m
      7 Linear |R| = [32m2.943345e-10[39m
      8 Linear |R| = [32m7.406153e-11[39m
      9 Linear |R| = [32m4.379100e-11[39m
     10 Linear |R| = [32m4.076512e-11[39m
     11 Linear |R| = [32m1.879023e-11[39m
     12 Linear |R| = [32m5.632069e-12[39m
     13 Linear |R| = [32m3.376524e-12[39m
     14 Linear |R| = [32m6.516517e-13[39m
     15 Linear |R| = [33m6.336656e-13[39m
     16 Linear |R| = [32m3.824743e-13[39m
     17 Linear |R| = [32m1.376006e-13[39m
     18 Linear |R| = [32m4.828638e-14[39m
     19 Linear |R| = [32m2.746166e-14[39m
     20 Linear |R| = [32m2.232284e-14[39m
     21 Linear |R| = [32m6.571228e-15[39m
     22 Linear |R| = [32m3.154071e-15[39m
     23 Linear |R| = [32m1.616863e-15[39m
 2 Nonlinear |R| = [32m4.662923e-12[39m
[32m Solve Converged![39m

Postprocessor Values:
+----------------+----------------+----------------+----------------+----------------+----------------+----------------+
| time           | J_max          | J_min          | Jbar_max       | Jbar_min       | center_pressure| edge_ux        |
+----------------+----------------+----------------+----------------+----------------+----------------+----------------+
:                :                :                :                :                :                :                :
|   2.100000e-02 |   9.839977e-01 |   9.746973e-01 |   9.906552e-01 |   9.894470e-01 |   1.825032e-01 |   6.882271e-03 |
|   2.200000e-02 |   9.838992e-01 |   9.747001e-01 |   9.906448e-01 |   9.894497e-01 |   1.814679e-01 |   6.834548e-03 |
|   2.300000e-02 |   9.838028e-01 |   9.747023e-01 |   9.906343e-01 |   9.894520e-01 |   1.804510e-01 |   6.787120e-03 |
|   2.400000e-02 |   9.837086e-01 |   9.747040e-01 |   9.906237e-01 |   9.894540e-01 |   1.794511e-01 |   6.739953e-03 |
|   2.500000e-02 |   9.836167e-01 |   9.747050e-01 |   9.906131e-01 |   9.894558e-01 |   1.784672e-01 |   6.693023e-03 |
|   2.600000e-02 |   9.835269e-01 |   9.747054e-01 |   9.906024e-01 |   9.894572e-01 |   1.774982e-01 |   6.646310e-03 |
|   2.700000e-02 |   9.834393e-01 |   9.747053e-01 |   9.905918e-01 |   9.894583e-01 |   1.765431e-01 |   6.599800e-03 |
|   2.800000e-02 |   9.833537e-01 |   9.747045e-01 |   9.905812e-01 |   9.894592e-01 |   1.756010e-01 |   6.553483e-03 |
|   2.900000e-02 |   9.832702e-01 |   9.747032e-01 |   9.905706e-01 |   9.894597e-01 |   1.746711e-01 |   6.507352e-03 |
|   3.000000e-02 |   9.831928e-01 |   9.747014e-01 |   9.905601e-01 |   9.894600e-01 |   1.737526e-01 |   6.461400e-03 |
|   3.100000e-02 |   9.831520e-01 |   9.746990e-01 |   9.905496e-01 |   9.894601e-01 |   1.728450e-01 |   6.415626e-03 |
|   3.200000e-02 |   9.831106e-01 |   9.746961e-01 |   9.905392e-01 |   9.894599e-01 |   1.719476e-01 |   6.370027e-03 |
|   3.300000e-02 |   9.830687e-01 |   9.746928e-01 |   9.905289e-01 |   9.894595e-01 |   1.710598e-01 |   6.324601e-03 |
|   3.400000e-02 |   9.830264e-01 |   9.746890e-01 |   9.905186e-01 |   9.894589e-01 |   1.701812e-01 |   6.279348e-03 |
|   3.500000e-02 |   9.829837e-01 |   9.746848e-01 |   9.905084e-01 |   9.894581e-01 |   1.693114e-01 |   6.234269e-03 |
+----------------+----------------+----------------+----------------+----------------+----------------+----------------+
+----------------+----------------+----------------+------------------+----------------+----------------+
| time           | mass           | mass_reaction  | outflow_gradient | platen_max     | platen_min     |
+----------------+----------------+----------------+------------------+----------------+----------------+
:                :                :                :                  :                :                :
|   2.100000e-02 |   1.589252e+00 |  -3.919579e-01 |     2.025815e-01 |  -4.234802e-02 |  -4.234802e-02 |
|   2.200000e-02 |   1.588864e+00 |  -3.877179e-01 |     2.004449e-01 |  -4.240127e-02 |  -4.240127e-02 |
|   2.300000e-02 |   1.588481e+00 |  -3.836820e-01 |     1.984113e-01 |  -4.245398e-02 |  -4.245398e-02 |
|   2.400000e-02 |   1.588101e+00 |  -3.798285e-01 |     1.964696e-01 |  -4.250615e-02 |  -4.250615e-02 |
|   2.500000e-02 |   1.587725e+00 |  -3.761394e-01 |     1.946104e-01 |  -4.255782e-02 |  -4.255782e-02 |
|   2.600000e-02 |   1.587352e+00 |  -3.725993e-01 |     1.928259e-01 |  -4.260901e-02 |  -4.260901e-02 |
|   2.700000e-02 |   1.586983e+00 |  -3.691952e-01 |     1.911093e-01 |  -4.265973e-02 |  -4.265973e-02 |
|   2.800000e-02 |   1.586617e+00 |  -3.659156e-01 |     1.894548e-01 |  -4.271000e-02 |  -4.271000e-02 |
|   2.900000e-02 |   1.586254e+00 |  -3.627507e-01 |     1.878574e-01 |  -4.275984e-02 |  -4.275984e-02 |
|   3.000000e-02 |   1.585894e+00 |  -3.596918e-01 |     1.863127e-01 |  -4.280927e-02 |  -4.280927e-02 |
|   3.100000e-02 |   1.585538e+00 |  -3.567314e-01 |     1.848168e-01 |  -4.285828e-02 |  -4.285828e-02 |
|   3.200000e-02 |   1.585184e+00 |  -3.538625e-01 |     1.833663e-01 |  -4.290691e-02 |  -4.290691e-02 |
|   3.300000e-02 |   1.584833e+00 |  -3.510791e-01 |     1.819580e-01 |  -4.295516e-02 |  -4.295516e-02 |
|   3.400000e-02 |   1.584484e+00 |  -3.483756e-01 |     1.805893e-01 |  -4.300303e-02 |  -4.300303e-02 |
|   3.500000e-02 |   1.584139e+00 |  -3.457471e-01 |     1.792577e-01 |  -4.305055e-02 |  -4.305055e-02 |
+----------------+----------------+----------------+------------------+----------------+----------------+
+----------------+--------------------+--------------------+----------------+----------------+----------------+
| time           | solid_fraction_max | solid_fraction_min | stability_max  | stability_min  | top_reaction   |
+----------------+--------------------+--------------------+----------------+----------------+----------------+
:                :                    :                    :                :                :                :
|   2.100000e-02 |       6.090871e-01 |       6.037337e-01 |   2.811710e+01 |   2.800413e+01 |  -1.400000e+00 |
|   2.200000e-02 |       6.090869e-01 |       6.037482e-01 |   2.811698e+01 |   2.800409e+01 |  -1.400000e+00 |
|   2.300000e-02 |       6.090868e-01 |       6.037635e-01 |   2.811684e+01 |   2.800404e+01 |  -1.400000e+00 |
|   2.400000e-02 |       6.090870e-01 |       6.037795e-01 |   2.811667e+01 |   2.800400e+01 |  -1.400000e+00 |
|   2.500000e-02 |       6.090873e-01 |       6.037962e-01 |   2.811648e+01 |   2.800397e+01 |  -1.400000e+00 |
|   2.600000e-02 |       6.090879e-01 |       6.038136e-01 |   2.811628e+01 |   2.800393e+01 |  -1.400000e+00 |
|   2.700000e-02 |       6.090886e-01 |       6.038317e-01 |   2.811605e+01 |   2.800390e+01 |  -1.400000e+00 |
|   2.800000e-02 |       6.090895e-01 |       6.038503e-01 |   2.811581e+01 |   2.800386e+01 |  -1.400000e+00 |
|   2.900000e-02 |       6.090906e-01 |       6.038695e-01 |   2.811556e+01 |   2.800383e+01 |  -1.400000e+00 |
|   3.000000e-02 |       6.090918e-01 |       6.038892e-01 |   2.811528e+01 |   2.800380e+01 |  -1.400000e+00 |
|   3.100000e-02 |       6.090933e-01 |       6.039093e-01 |   2.811500e+01 |   2.800377e+01 |  -1.400000e+00 |
|   3.200000e-02 |       6.090949e-01 |       6.039300e-01 |   2.811470e+01 |   2.800374e+01 |  -1.400000e+00 |
|   3.300000e-02 |       6.090967e-01 |       6.039510e-01 |   2.811438e+01 |   2.800371e+01 |  -1.400000e+00 |
|   3.400000e-02 |       6.090986e-01 |       6.039725e-01 |   2.811406e+01 |   2.800368e+01 |  -1.400000e+00 |
|   3.500000e-02 |       6.091007e-01 |       6.039943e-01 |   2.811372e+01 |   2.800366e+01 |  -1.400000e+00 |
+----------------+--------------------+--------------------+----------------+----------------+----------------+


Time Step 36, time = 0.036, dt = 0.001
 * Nonlinear |R| = [32m2.808010e-02[39m (Before preset BCs, predictors, correctors, and constraints)
 0 Nonlinear |R| = [32m2.808010e-02[39m
      0 Linear |R| = [32m2.808010e-02[39m
      1 Linear |R| = [32m1.740676e-03[39m
      2 Linear |R| = [33m1.707679e-03[39m
      3 Linear |R| = [32m5.087921e-04[39m
      4 Linear |R| = [32m4.317751e-05[39m
      5 Linear |R| = [32m1.996687e-05[39m
      6 Linear |R| = [32m8.088908e-06[39m
      7 Linear |R| = [32m5.135249e-06[39m
      8 Linear |R| = [32m1.377622e-06[39m
      9 Linear |R| = [32m7.235154e-07[39m
     10 Linear |R| = [32m5.369446e-07[39m
     11 Linear |R| = [32m3.762158e-07[39m
     12 Linear |R| = [32m8.050239e-08[39m
     13 Linear |R| = [32m5.482438e-08[39m
     14 Linear |R| = [32m1.259230e-08[39m
     15 Linear |R| = [32m9.862032e-09[39m
     16 Linear |R| = [32m6.299432e-09[39m
     17 Linear |R| = [32m2.877866e-09[39m
     18 Linear |R| = [32m8.183407e-10[39m
     19 Linear |R| = [32m4.925009e-10[39m
     20 Linear |R| = [32m3.391196e-10[39m
     21 Linear |R| = [32m1.409665e-10[39m
     22 Linear |R| = [32m6.085646e-11[39m
     23 Linear |R| = [32m3.341932e-11[39m
     24 Linear |R| = [32m6.586333e-12[39m
 1 Nonlinear |R| = [32m2.600641e-06[39m
      0 Linear |R| = [32m2.600641e-06[39m
      1 Linear |R| = [32m8.628118e-08[39m
      2 Linear |R| = [32m7.395495e-08[39m
      3 Linear |R| = [32m1.908794e-08[39m
      4 Linear |R| = [32m1.715061e-09[39m
      5 Linear |R| = [32m1.520404e-09[39m
      6 Linear |R| = [32m5.362199e-10[39m
      7 Linear |R| = [32m2.921061e-10[39m
      8 Linear |R| = [32m7.474472e-11[39m
      9 Linear |R| = [32m4.422707e-11[39m
     10 Linear |R| = [32m4.183284e-11[39m
     11 Linear |R| = [32m1.867840e-11[39m
     12 Linear |R| = [32m5.645393e-12[39m
     13 Linear |R| = [32m3.393525e-12[39m
     14 Linear |R| = [32m6.307195e-13[39m
     15 Linear |R| = [33m6.175393e-13[39m
     16 Linear |R| = [32m3.600071e-13[39m
     17 Linear |R| = [32m1.411163e-13[39m
     18 Linear |R| = [32m4.792470e-14[39m
     19 Linear |R| = [32m2.722005e-14[39m
     20 Linear |R| = [32m2.324331e-14[39m
     21 Linear |R| = [32m6.338983e-15[39m
     22 Linear |R| = [32m2.883690e-15[39m
     23 Linear |R| = [32m1.580131e-15[39m
 2 Nonlinear |R| = [32m4.617068e-12[39m
[32m Solve Converged![39m

Postprocessor Values:
+----------------+----------------+----------------+----------------+----------------+----------------+----------------+
| time           | J_max          | J_min          | Jbar_max       | Jbar_min       | center_pressure| edge_ux        |
+----------------+----------------+----------------+----------------+----------------+----------------+----------------+
:                :                :                :                :                :                :                :
|   2.200000e-02 |   9.838992e-01 |   9.747001e-01 |   9.906448e-01 |   9.894497e-01 |   1.814679e-01 |   6.834548e-03 |
|   2.300000e-02 |   9.838028e-01 |   9.747023e-01 |   9.906343e-01 |   9.894520e-01 |   1.804510e-01 |   6.787120e-03 |
|   2.400000e-02 |   9.837086e-01 |   9.747040e-01 |   9.906237e-01 |   9.894540e-01 |   1.794511e-01 |   6.739953e-03 |
|   2.500000e-02 |   9.836167e-01 |   9.747050e-01 |   9.906131e-01 |   9.894558e-01 |   1.784672e-01 |   6.693023e-03 |
|   2.600000e-02 |   9.835269e-01 |   9.747054e-01 |   9.906024e-01 |   9.894572e-01 |   1.774982e-01 |   6.646310e-03 |
|   2.700000e-02 |   9.834393e-01 |   9.747053e-01 |   9.905918e-01 |   9.894583e-01 |   1.765431e-01 |   6.599800e-03 |
|   2.800000e-02 |   9.833537e-01 |   9.747045e-01 |   9.905812e-01 |   9.894592e-01 |   1.756010e-01 |   6.553483e-03 |
|   2.900000e-02 |   9.832702e-01 |   9.747032e-01 |   9.905706e-01 |   9.894597e-01 |   1.746711e-01 |   6.507352e-03 |
|   3.000000e-02 |   9.831928e-01 |   9.747014e-01 |   9.905601e-01 |   9.894600e-01 |   1.737526e-01 |   6.461400e-03 |
|   3.100000e-02 |   9.831520e-01 |   9.746990e-01 |   9.905496e-01 |   9.894601e-01 |   1.728450e-01 |   6.415626e-03 |
|   3.200000e-02 |   9.831106e-01 |   9.746961e-01 |   9.905392e-01 |   9.894599e-01 |   1.719476e-01 |   6.370027e-03 |
|   3.300000e-02 |   9.830687e-01 |   9.746928e-01 |   9.905289e-01 |   9.894595e-01 |   1.710598e-01 |   6.324601e-03 |
|   3.400000e-02 |   9.830264e-01 |   9.746890e-01 |   9.905186e-01 |   9.894589e-01 |   1.701812e-01 |   6.279348e-03 |
|   3.500000e-02 |   9.829837e-01 |   9.746848e-01 |   9.905084e-01 |   9.894581e-01 |   1.693114e-01 |   6.234269e-03 |
|   3.600000e-02 |   9.829405e-01 |   9.746801e-01 |   9.904983e-01 |   9.894570e-01 |   1.684499e-01 |   6.189363e-03 |
+----------------+----------------+----------------+----------------+----------------+----------------+----------------+
+----------------+----------------+----------------+------------------+----------------+----------------+
| time           | mass           | mass_reaction  | outflow_gradient | platen_max     | platen_min     |
+----------------+----------------+----------------+------------------+----------------+----------------+
:                :                :                :                  :                :                :
|   2.200000e-02 |   1.588864e+00 |  -3.877179e-01 |     2.004449e-01 |  -4.240127e-02 |  -4.240127e-02 |
|   2.300000e-02 |   1.588481e+00 |  -3.836820e-01 |     1.984113e-01 |  -4.245398e-02 |  -4.245398e-02 |
|   2.400000e-02 |   1.588101e+00 |  -3.798285e-01 |     1.964696e-01 |  -4.250615e-02 |  -4.250615e-02 |
|   2.500000e-02 |   1.587725e+00 |  -3.761394e-01 |     1.946104e-01 |  -4.255782e-02 |  -4.255782e-02 |
|   2.600000e-02 |   1.587352e+00 |  -3.725993e-01 |     1.928259e-01 |  -4.260901e-02 |  -4.260901e-02 |
|   2.700000e-02 |   1.586983e+00 |  -3.691952e-01 |     1.911093e-01 |  -4.265973e-02 |  -4.265973e-02 |
|   2.800000e-02 |   1.586617e+00 |  -3.659156e-01 |     1.894548e-01 |  -4.271000e-02 |  -4.271000e-02 |
|   2.900000e-02 |   1.586254e+00 |  -3.627507e-01 |     1.878574e-01 |  -4.275984e-02 |  -4.275984e-02 |
|   3.000000e-02 |   1.585894e+00 |  -3.596918e-01 |     1.863127e-01 |  -4.280927e-02 |  -4.280927e-02 |
|   3.100000e-02 |   1.585538e+00 |  -3.567314e-01 |     1.848168e-01 |  -4.285828e-02 |  -4.285828e-02 |
|   3.200000e-02 |   1.585184e+00 |  -3.538625e-01 |     1.833663e-01 |  -4.290691e-02 |  -4.290691e-02 |
|   3.300000e-02 |   1.584833e+00 |  -3.510791e-01 |     1.819580e-01 |  -4.295516e-02 |  -4.295516e-02 |
|   3.400000e-02 |   1.584484e+00 |  -3.483756e-01 |     1.805893e-01 |  -4.300303e-02 |  -4.300303e-02 |
|   3.500000e-02 |   1.584139e+00 |  -3.457471e-01 |     1.792577e-01 |  -4.305055e-02 |  -4.305055e-02 |
|   3.600000e-02 |   1.583796e+00 |  -3.431890e-01 |     1.779608e-01 |  -4.309772e-02 |  -4.309772e-02 |
+----------------+----------------+----------------+------------------+----------------+----------------+
+----------------+--------------------+--------------------+----------------+----------------+----------------+
| time           | solid_fraction_max | solid_fraction_min | stability_max  | stability_min  | top_reaction   |
+----------------+--------------------+--------------------+----------------+----------------+----------------+
:                :                    :                    :                :                :                :
|   2.200000e-02 |       6.090869e-01 |       6.037482e-01 |   2.811698e+01 |   2.800409e+01 |  -1.400000e+00 |
|   2.300000e-02 |       6.090868e-01 |       6.037635e-01 |   2.811684e+01 |   2.800404e+01 |  -1.400000e+00 |
|   2.400000e-02 |       6.090870e-01 |       6.037795e-01 |   2.811667e+01 |   2.800400e+01 |  -1.400000e+00 |
|   2.500000e-02 |       6.090873e-01 |       6.037962e-01 |   2.811648e+01 |   2.800397e+01 |  -1.400000e+00 |
|   2.600000e-02 |       6.090879e-01 |       6.038136e-01 |   2.811628e+01 |   2.800393e+01 |  -1.400000e+00 |
|   2.700000e-02 |       6.090886e-01 |       6.038317e-01 |   2.811605e+01 |   2.800390e+01 |  -1.400000e+00 |
|   2.800000e-02 |       6.090895e-01 |       6.038503e-01 |   2.811581e+01 |   2.800386e+01 |  -1.400000e+00 |
|   2.900000e-02 |       6.090906e-01 |       6.038695e-01 |   2.811556e+01 |   2.800383e+01 |  -1.400000e+00 |
|   3.000000e-02 |       6.090918e-01 |       6.038892e-01 |   2.811528e+01 |   2.800380e+01 |  -1.400000e+00 |
|   3.100000e-02 |       6.090933e-01 |       6.039093e-01 |   2.811500e+01 |   2.800377e+01 |  -1.400000e+00 |
|   3.200000e-02 |       6.090949e-01 |       6.039300e-01 |   2.811470e+01 |   2.800374e+01 |  -1.400000e+00 |
|   3.300000e-02 |       6.090967e-01 |       6.039510e-01 |   2.811438e+01 |   2.800371e+01 |  -1.400000e+00 |
|   3.400000e-02 |       6.090986e-01 |       6.039725e-01 |   2.811406e+01 |   2.800368e+01 |  -1.400000e+00 |
|   3.500000e-02 |       6.091007e-01 |       6.039943e-01 |   2.811372e+01 |   2.800366e+01 |  -1.400000e+00 |
|   3.600000e-02 |       6.091029e-01 |       6.040164e-01 |   2.811338e+01 |   2.800363e+01 |  -1.400000e+00 |
+----------------+--------------------+--------------------+----------------+----------------+----------------+


Time Step 37, time = 0.037, dt = 0.001
 * Nonlinear |R| = [32m2.782853e-02[39m (Before preset BCs, predictors, correctors, and constraints)
 0 Nonlinear |R| = [32m2.782853e-02[39m
      0 Linear |R| = [32m2.782853e-02[39m
      1 Linear |R| = [32m1.728224e-03[39m
      2 Linear |R| = [33m1.695446e-03[39m
      3 Linear |R| = [32m5.050705e-04[39m
      4 Linear |R| = [32m4.284191e-05[39m
      5 Linear |R| = [32m1.979237e-05[39m
      6 Linear |R| = [32m7.971283e-06[39m
      7 Linear |R| = [32m5.062762e-06[39m
      8 Linear |R| = [32m1.359623e-06[39m
      9 Linear |R| = [32m7.124140e-07[39m
     10 Linear |R| = [32m5.378715e-07[39m
     11 Linear |R| = [32m3.712955e-07[39m
     12 Linear |R| = [32m7.870657e-08[39m
     13 Linear |R| = [32m5.360664e-08[39m
     14 Linear |R| = [32m1.241122e-08[39m
     15 Linear |R| = [32m1.000947e-08[39m
     16 Linear |R| = [32m6.172492e-09[39m
     17 Linear |R| = [32m2.832351e-09[39m
     18 Linear |R| = [32m8.018951e-10[39m
     19 Linear |R| = [32m4.836456e-10[39m
     20 Linear |R| = [32m3.237963e-10[39m
     21 Linear |R| = [32m1.389294e-10[39m
     22 Linear |R| = [32m6.005705e-11[39m
     23 Linear |R| = [32m3.302999e-11[39m
     24 Linear |R| = [32m6.513982e-12[39m
 1 Nonlinear |R| = [32m2.537100e-06[39m
      0 Linear |R| = [32m2.537100e-06[39m
      1 Linear |R| = [32m8.553258e-08[39m
      2 Linear |R| = [32m7.177127e-08[39m
      3 Linear |R| = [32m1.854081e-08[39m
      4 Linear |R| = [32m1.650320e-09[39m
      5 Linear |R| = [32m1.455763e-09[39m
      6 Linear |R| = [32m4.966724e-10[39m
      7 Linear |R| = [32m2.746895e-10[39m
      8 Linear |R| = [32m7.248033e-11[39m
      9 Linear |R| = [32m4.301956e-11[39m
     10 Linear |R| = [32m4.014168e-11[39m
     11 Linear |R| = [32m1.791423e-11[39m
     12 Linear |R| = [32m5.412937e-12[39m
     13 Linear |R| = [32m3.279747e-12[39m
     14 Linear |R| = [32m5.929152e-13[39m
     15 Linear |R| = [33m5.747476e-13[39m
     16 Linear |R| = [32m3.297928e-13[39m
     17 Linear |R| = [32m1.307755e-13[39m
     18 Linear |R| = [32m4.595345e-14[39m
     19 Linear |R| = [32m2.623776e-14[39m
     20 Linear |R| = [32m2.065059e-14[39m
     21 Linear |R| = [32m5.879794e-15[39m
     22 Linear |R| = [32m2.484788e-15[39m
 2 Nonlinear |R| = [32m4.426832e-12[39m
[32m Solve Converged![39m

Postprocessor Values:
+----------------+----------------+----------------+----------------+----------------+----------------+----------------+
| time           | J_max          | J_min          | Jbar_max       | Jbar_min       | center_pressure| edge_ux        |
+----------------+----------------+----------------+----------------+----------------+----------------+----------------+
:                :                :                :                :                :                :                :
|   2.300000e-02 |   9.838028e-01 |   9.747023e-01 |   9.906343e-01 |   9.894520e-01 |   1.804510e-01 |   6.787120e-03 |
|   2.400000e-02 |   9.837086e-01 |   9.747040e-01 |   9.906237e-01 |   9.894540e-01 |   1.794511e-01 |   6.739953e-03 |
|   2.500000e-02 |   9.836167e-01 |   9.747050e-01 |   9.906131e-01 |   9.894558e-01 |   1.784672e-01 |   6.693023e-03 |
|   2.600000e-02 |   9.835269e-01 |   9.747054e-01 |   9.906024e-01 |   9.894572e-01 |   1.774982e-01 |   6.646310e-03 |
|   2.700000e-02 |   9.834393e-01 |   9.747053e-01 |   9.905918e-01 |   9.894583e-01 |   1.765431e-01 |   6.599800e-03 |
|   2.800000e-02 |   9.833537e-01 |   9.747045e-01 |   9.905812e-01 |   9.894592e-01 |   1.756010e-01 |   6.553483e-03 |
|   2.900000e-02 |   9.832702e-01 |   9.747032e-01 |   9.905706e-01 |   9.894597e-01 |   1.746711e-01 |   6.507352e-03 |
|   3.000000e-02 |   9.831928e-01 |   9.747014e-01 |   9.905601e-01 |   9.894600e-01 |   1.737526e-01 |   6.461400e-03 |
|   3.100000e-02 |   9.831520e-01 |   9.746990e-01 |   9.905496e-01 |   9.894601e-01 |   1.728450e-01 |   6.415626e-03 |
|   3.200000e-02 |   9.831106e-01 |   9.746961e-01 |   9.905392e-01 |   9.894599e-01 |   1.719476e-01 |   6.370027e-03 |
|   3.300000e-02 |   9.830687e-01 |   9.746928e-01 |   9.905289e-01 |   9.894595e-01 |   1.710598e-01 |   6.324601e-03 |
|   3.400000e-02 |   9.830264e-01 |   9.746890e-01 |   9.905186e-01 |   9.894589e-01 |   1.701812e-01 |   6.279348e-03 |
|   3.500000e-02 |   9.829837e-01 |   9.746848e-01 |   9.905084e-01 |   9.894581e-01 |   1.693114e-01 |   6.234269e-03 |
|   3.600000e-02 |   9.829405e-01 |   9.746801e-01 |   9.904983e-01 |   9.894570e-01 |   1.684499e-01 |   6.189363e-03 |
|   3.700000e-02 |   9.828971e-01 |   9.746751e-01 |   9.904883e-01 |   9.894558e-01 |   1.675964e-01 |   6.144632e-03 |
+----------------+----------------+----------------+----------------+----------------+----------------+----------------+
+----------------+----------------+----------------+------------------+----------------+----------------+
| time           | mass           | mass_reaction  | outflow_gradient | platen_max     | platen_min     |
+----------------+----------------+----------------+------------------+----------------+----------------+
:                :                :                :                  :                :                :
|   2.300000e-02 |   1.588481e+00 |  -3.836820e-01 |     1.984113e-01 |  -4.245398e-02 |  -4.245398e-02 |
|   2.400000e-02 |   1.588101e+00 |  -3.798285e-01 |     1.964696e-01 |  -4.250615e-02 |  -4.250615e-02 |
|   2.500000e-02 |   1.587725e+00 |  -3.761394e-01 |     1.946104e-01 |  -4.255782e-02 |  -4.255782e-02 |
|   2.600000e-02 |   1.587352e+00 |  -3.725993e-01 |     1.928259e-01 |  -4.260901e-02 |  -4.260901e-02 |
|   2.700000e-02 |   1.586983e+00 |  -3.691952e-01 |     1.911093e-01 |  -4.265973e-02 |  -4.265973e-02 |
|   2.800000e-02 |   1.586617e+00 |  -3.659156e-01 |     1.894548e-01 |  -4.271000e-02 |  -4.271000e-02 |
|   2.900000e-02 |   1.586254e+00 |  -3.627507e-01 |     1.878574e-01 |  -4.275984e-02 |  -4.275984e-02 |
|   3.000000e-02 |   1.585894e+00 |  -3.596918e-01 |     1.863127e-01 |  -4.280927e-02 |  -4.280927e-02 |
|   3.100000e-02 |   1.585538e+00 |  -3.567314e-01 |     1.848168e-01 |  -4.285828e-02 |  -4.285828e-02 |
|   3.200000e-02 |   1.585184e+00 |  -3.538625e-01 |     1.833663e-01 |  -4.290691e-02 |  -4.290691e-02 |
|   3.300000e-02 |   1.584833e+00 |  -3.510791e-01 |     1.819580e-01 |  -4.295516e-02 |  -4.295516e-02 |
|   3.400000e-02 |   1.584484e+00 |  -3.483756e-01 |     1.805893e-01 |  -4.300303e-02 |  -4.300303e-02 |
|   3.500000e-02 |   1.584139e+00 |  -3.457471e-01 |     1.792577e-01 |  -4.305055e-02 |  -4.305055e-02 |
|   3.600000e-02 |   1.583796e+00 |  -3.431890e-01 |     1.779608e-01 |  -4.309772e-02 |  -4.309772e-02 |
|   3.700000e-02 |   1.583455e+00 |  -3.406972e-01 |     1.766965e-01 |  -4.314455e-02 |  -4.314455e-02 |
+----------------+----------------+----------------+------------------+----------------+----------------+
+----------------+--------------------+--------------------+----------------+----------------+----------------+
| time           | solid_fraction_max | solid_fraction_min | stability_max  | stability_min  | top_reaction   |
+----------------+--------------------+--------------------+----------------+----------------+----------------+
:                :                    :                    :                :                :                :
|   2.300000e-02 |       6.090868e-01 |       6.037635e-01 |   2.811684e+01 |   2.800404e+01 |  -1.400000e+00 |
|   2.400000e-02 |       6.090870e-01 |       6.037795e-01 |   2.811667e+01 |   2.800400e+01 |  -1.400000e+00 |
|   2.500000e-02 |       6.090873e-01 |       6.037962e-01 |   2.811648e+01 |   2.800397e+01 |  -1.400000e+00 |
|   2.600000e-02 |       6.090879e-01 |       6.038136e-01 |   2.811628e+01 |   2.800393e+01 |  -1.400000e+00 |
|   2.700000e-02 |       6.090886e-01 |       6.038317e-01 |   2.811605e+01 |   2.800390e+01 |  -1.400000e+00 |
|   2.800000e-02 |       6.090895e-01 |       6.038503e-01 |   2.811581e+01 |   2.800386e+01 |  -1.400000e+00 |
|   2.900000e-02 |       6.090906e-01 |       6.038695e-01 |   2.811556e+01 |   2.800383e+01 |  -1.400000e+00 |
|   3.000000e-02 |       6.090918e-01 |       6.038892e-01 |   2.811528e+01 |   2.800380e+01 |  -1.400000e+00 |
|   3.100000e-02 |       6.090933e-01 |       6.039093e-01 |   2.811500e+01 |   2.800377e+01 |  -1.400000e+00 |
|   3.200000e-02 |       6.090949e-01 |       6.039300e-01 |   2.811470e+01 |   2.800374e+01 |  -1.400000e+00 |
|   3.300000e-02 |       6.090967e-01 |       6.039510e-01 |   2.811438e+01 |   2.800371e+01 |  -1.400000e+00 |
|   3.400000e-02 |       6.090986e-01 |       6.039725e-01 |   2.811406e+01 |   2.800368e+01 |  -1.400000e+00 |
|   3.500000e-02 |       6.091007e-01 |       6.039943e-01 |   2.811372e+01 |   2.800366e+01 |  -1.400000e+00 |
|   3.600000e-02 |       6.091029e-01 |       6.040164e-01 |   2.811338e+01 |   2.800363e+01 |  -1.400000e+00 |
|   3.700000e-02 |       6.091052e-01 |       6.040388e-01 |   2.811302e+01 |   2.800360e+01 |  -1.400000e+00 |
+----------------+--------------------+--------------------+----------------+----------------+----------------+


Time Step 38, time = 0.038, dt = 0.001
 * Nonlinear |R| = [32m2.758952e-02[39m (Before preset BCs, predictors, correctors, and constraints)
 0 Nonlinear |R| = [32m2.758952e-02[39m
      0 Linear |R| = [32m2.758952e-02[39m
      1 Linear |R| = [32m1.716080e-03[39m
      2 Linear |R| = [33m1.683509e-03[39m
      3 Linear |R| = [32m5.014767e-04[39m
      4 Linear |R| = [32m4.251662e-05[39m
      5 Linear |R| = [32m1.935963e-05[39m
      6 Linear |R| = [32m7.859314e-06[39m
      7 Linear |R| = [32m4.993662e-06[39m
      8 Linear |R| = [32m1.342422e-06[39m
      9 Linear |R| = [32m7.019090e-07[39m
     10 Linear |R| = [32m5.467859e-07[39m
     11 Linear |R| = [32m3.666184e-07[39m
     12 Linear |R| = [32m7.699495e-08[39m
     13 Linear |R| = [32m5.243898e-08[39m
     14 Linear |R| = [32m1.223302e-08[39m
     15 Linear |R| = [32m1.010973e-08[39m
     16 Linear |R| = [32m6.048851e-09[39m
     17 Linear |R| = [32m2.787755e-09[39m
     18 Linear |R| = [32m7.857355e-10[39m
     19 Linear |R| = [32m4.750410e-10[39m
     20 Linear |R| = [32m3.218944e-10[39m
     21 Linear |R| = [32m1.369309e-10[39m
     22 Linear |R| = [32m5.927137e-11[39m
     23 Linear |R| = [32m3.264638e-11[39m
     24 Linear |R| = [32m6.450723e-12[39m
 1 Nonlinear |R| = [32m2.496358e-06[39m
      0 Linear |R| = [32m2.496358e-06[39m
      1 Linear |R| = [32m8.301404e-08[39m
      2 Linear |R| = [32m6.961749e-08[39m
      3 Linear |R| = [32m1.798770e-08[39m
      4 Linear |R| = [32m1.614637e-09[39m
      5 Linear |R| = [32m1.478976e-09[39m
      6 Linear |R| = [32m4.885251e-10[39m
      7 Linear |R| = [32m2.687026e-10[39m
      8 Linear |R| = [32m6.836234e-11[39m
      9 Linear |R| = [32m4.023601e-11[39m
     10 Linear |R| = [33m3.872528e-11[39m
     11 Linear |R| = [32m1.754129e-11[39m
     12 Linear |R| = [32m5.331974e-12[39m
     13 Linear |R| = [32m3.200071e-12[39m
     14 Linear |R| = [32m5.911299e-13[39m
     15 Linear |R| = [33m5.826020e-13[39m
     16 Linear |R| = [32m3.399094e-13[39m
     17 Linear |R| = [32m1.254607e-13[39m
     18 Linear |R| = [32m4.668590e-14[39m
     19 Linear |R| = [32m2.472804e-14[39m
     20 Linear |R| = [32m2.174094e-14[39m
     21 Linear |R| = [32m5.658844e-15[39m
     22 Linear |R| = [32m2.639878e-15[39m
     23 Linear |R| = [32m1.408071e-15[39m
 2 Nonlinear |R| = [32m4.844131e-12[39m
[32m Solve Converged![39m

Postprocessor Values:
+----------------+----------------+----------------+----------------+----------------+----------------+----------------+
| time           | J_max          | J_min          | Jbar_max       | Jbar_min       | center_pressure| edge_ux        |
+----------------+----------------+----------------+----------------+----------------+----------------+----------------+
:                :                :                :                :                :                :                :
|   2.400000e-02 |   9.837086e-01 |   9.747040e-01 |   9.906237e-01 |   9.894540e-01 |   1.794511e-01 |   6.739953e-03 |
|   2.500000e-02 |   9.836167e-01 |   9.747050e-01 |   9.906131e-01 |   9.894558e-01 |   1.784672e-01 |   6.693023e-03 |
|   2.600000e-02 |   9.835269e-01 |   9.747054e-01 |   9.906024e-01 |   9.894572e-01 |   1.774982e-01 |   6.646310e-03 |
|   2.700000e-02 |   9.834393e-01 |   9.747053e-01 |   9.905918e-01 |   9.894583e-01 |   1.765431e-01 |   6.599800e-03 |
|   2.800000e-02 |   9.833537e-01 |   9.747045e-01 |   9.905812e-01 |   9.894592e-01 |   1.756010e-01 |   6.553483e-03 |
|   2.900000e-02 |   9.832702e-01 |   9.747032e-01 |   9.905706e-01 |   9.894597e-01 |   1.746711e-01 |   6.507352e-03 |
|   3.000000e-02 |   9.831928e-01 |   9.747014e-01 |   9.905601e-01 |   9.894600e-01 |   1.737526e-01 |   6.461400e-03 |
|   3.100000e-02 |   9.831520e-01 |   9.746990e-01 |   9.905496e-01 |   9.894601e-01 |   1.728450e-01 |   6.415626e-03 |
|   3.200000e-02 |   9.831106e-01 |   9.746961e-01 |   9.905392e-01 |   9.894599e-01 |   1.719476e-01 |   6.370027e-03 |
|   3.300000e-02 |   9.830687e-01 |   9.746928e-01 |   9.905289e-01 |   9.894595e-01 |   1.710598e-01 |   6.324601e-03 |
|   3.400000e-02 |   9.830264e-01 |   9.746890e-01 |   9.905186e-01 |   9.894589e-01 |   1.701812e-01 |   6.279348e-03 |
|   3.500000e-02 |   9.829837e-01 |   9.746848e-01 |   9.905084e-01 |   9.894581e-01 |   1.693114e-01 |   6.234269e-03 |
|   3.600000e-02 |   9.829405e-01 |   9.746801e-01 |   9.904983e-01 |   9.894570e-01 |   1.684499e-01 |   6.189363e-03 |
|   3.700000e-02 |   9.828971e-01 |   9.746751e-01 |   9.904883e-01 |   9.894558e-01 |   1.675964e-01 |   6.144632e-03 |
|   3.800000e-02 |   9.828534e-01 |   9.746697e-01 |   9.904783e-01 |   9.894545e-01 |   1.667505e-01 |   6.100075e-03 |
+----------------+----------------+----------------+----------------+----------------+----------------+----------------+
+----------------+----------------+----------------+------------------+----------------+----------------+
| time           | mass           | mass_reaction  | outflow_gradient | platen_max     | platen_min     |
+----------------+----------------+----------------+------------------+----------------+----------------+
:                :                :                :                  :                :                :
|   2.400000e-02 |   1.588101e+00 |  -3.798285e-01 |     1.964696e-01 |  -4.250615e-02 |  -4.250615e-02 |
|   2.500000e-02 |   1.587725e+00 |  -3.761394e-01 |     1.946104e-01 |  -4.255782e-02 |  -4.255782e-02 |
|   2.600000e-02 |   1.587352e+00 |  -3.725993e-01 |     1.928259e-01 |  -4.260901e-02 |  -4.260901e-02 |
|   2.700000e-02 |   1.586983e+00 |  -3.691952e-01 |     1.911093e-01 |  -4.265973e-02 |  -4.265973e-02 |
|   2.800000e-02 |   1.586617e+00 |  -3.659156e-01 |     1.894548e-01 |  -4.271000e-02 |  -4.271000e-02 |
|   2.900000e-02 |   1.586254e+00 |  -3.627507e-01 |     1.878574e-01 |  -4.275984e-02 |  -4.275984e-02 |
|   3.000000e-02 |   1.585894e+00 |  -3.596918e-01 |     1.863127e-01 |  -4.280927e-02 |  -4.280927e-02 |
|   3.100000e-02 |   1.585538e+00 |  -3.567314e-01 |     1.848168e-01 |  -4.285828e-02 |  -4.285828e-02 |
|   3.200000e-02 |   1.585184e+00 |  -3.538625e-01 |     1.833663e-01 |  -4.290691e-02 |  -4.290691e-02 |
|   3.300000e-02 |   1.584833e+00 |  -3.510791e-01 |     1.819580e-01 |  -4.295516e-02 |  -4.295516e-02 |
|   3.400000e-02 |   1.584484e+00 |  -3.483756e-01 |     1.805893e-01 |  -4.300303e-02 |  -4.300303e-02 |
|   3.500000e-02 |   1.584139e+00 |  -3.457471e-01 |     1.792577e-01 |  -4.305055e-02 |  -4.305055e-02 |
|   3.600000e-02 |   1.583796e+00 |  -3.431890e-01 |     1.779608e-01 |  -4.309772e-02 |  -4.309772e-02 |
|   3.700000e-02 |   1.583455e+00 |  -3.406972e-01 |     1.766965e-01 |  -4.314455e-02 |  -4.314455e-02 |
|   3.800000e-02 |   1.583117e+00 |  -3.382678e-01 |     1.754631e-01 |  -4.319104e-02 |  -4.319104e-02 |
+----------------+----------------+----------------+------------------+----------------+----------------+
+----------------+--------------------+--------------------+----------------+----------------+----------------+
| time           | solid_fraction_max | solid_fraction_min | stability_max  | stability_min  | top_reaction   |
+----------------+--------------------+--------------------+----------------+----------------+----------------+
:                :                    :                    :                :                :                :
|   2.400000e-02 |       6.090870e-01 |       6.037795e-01 |   2.811667e+01 |   2.800400e+01 |  -1.400000e+00 |
|   2.500000e-02 |       6.090873e-01 |       6.037962e-01 |   2.811648e+01 |   2.800397e+01 |  -1.400000e+00 |
|   2.600000e-02 |       6.090879e-01 |       6.038136e-01 |   2.811628e+01 |   2.800393e+01 |  -1.400000e+00 |
|   2.700000e-02 |       6.090886e-01 |       6.038317e-01 |   2.811605e+01 |   2.800390e+01 |  -1.400000e+00 |
|   2.800000e-02 |       6.090895e-01 |       6.038503e-01 |   2.811581e+01 |   2.800386e+01 |  -1.400000e+00 |
|   2.900000e-02 |       6.090906e-01 |       6.038695e-01 |   2.811556e+01 |   2.800383e+01 |  -1.400000e+00 |
|   3.000000e-02 |       6.090918e-01 |       6.038892e-01 |   2.811528e+01 |   2.800380e+01 |  -1.400000e+00 |
|   3.100000e-02 |       6.090933e-01 |       6.039093e-01 |   2.811500e+01 |   2.800377e+01 |  -1.400000e+00 |
|   3.200000e-02 |       6.090949e-01 |       6.039300e-01 |   2.811470e+01 |   2.800374e+01 |  -1.400000e+00 |
|   3.300000e-02 |       6.090967e-01 |       6.039510e-01 |   2.811438e+01 |   2.800371e+01 |  -1.400000e+00 |
|   3.400000e-02 |       6.090986e-01 |       6.039725e-01 |   2.811406e+01 |   2.800368e+01 |  -1.400000e+00 |
|   3.500000e-02 |       6.091007e-01 |       6.039943e-01 |   2.811372e+01 |   2.800366e+01 |  -1.400000e+00 |
|   3.600000e-02 |       6.091029e-01 |       6.040164e-01 |   2.811338e+01 |   2.800363e+01 |  -1.400000e+00 |
|   3.700000e-02 |       6.091052e-01 |       6.040388e-01 |   2.811302e+01 |   2.800360e+01 |  -1.400000e+00 |
|   3.800000e-02 |       6.091077e-01 |       6.040615e-01 |   2.811266e+01 |   2.800358e+01 |  -1.400000e+00 |
+----------------+--------------------+--------------------+----------------+----------------+----------------+


Time Step 39, time = 0.039, dt = 0.001
 * Nonlinear |R| = [32m2.736188e-02[39m (Before preset BCs, predictors, correctors, and constraints)
 0 Nonlinear |R| = [32m2.736188e-02[39m
      0 Linear |R| = [32m2.736188e-02[39m
      1 Linear |R| = [32m1.704227e-03[39m
      2 Linear |R| = [33m1.671859e-03[39m
      3 Linear |R| = [32m4.979861e-04[39m
      4 Linear |R| = [32m4.221374e-05[39m
      5 Linear |R| = [32m1.938263e-05[39m
      6 Linear |R| = [32m7.753161e-06[39m
      7 Linear |R| = [32m4.927774e-06[39m
      8 Linear |R| = [32m1.325966e-06[39m
      9 Linear |R| = [32m6.916133e-07[39m
     10 Linear |R| = [32m5.283480e-07[39m
     11 Linear |R| = [32m3.618927e-07[39m
     12 Linear |R| = [32m7.536480e-08[39m
     13 Linear |R| = [32m5.132037e-08[39m
     14 Linear |R| = [32m1.201736e-08[39m
     15 Linear |R| = [32m9.272703e-09[39m
     16 Linear |R| = [32m5.927709e-09[39m
     17 Linear |R| = [32m2.744064e-09[39m
     18 Linear |R| = [32m7.698692e-10[39m
     19 Linear |R| = [32m4.663786e-10[39m
     20 Linear |R| = [32m3.048911e-10[39m
     21 Linear |R| = [32m1.349484e-10[39m
     22 Linear |R| = [32m5.849904e-11[39m
     23 Linear |R| = [32m3.226871e-11[39m
     24 Linear |R| = [32m6.390109e-12[39m
 1 Nonlinear |R| = [32m2.435372e-06[39m
      0 Linear |R| = [32m2.435372e-06[39m
      1 Linear |R| = [32m8.164943e-08[39m
      2 Linear |R| = [32m7.030065e-08[39m
      3 Linear |R| = [32m1.813109e-08[39m
      4 Linear |R| = [32m1.610081e-09[39m
      5 Linear |R| = [32m1.422397e-09[39m
      6 Linear |R| = [32m4.583537e-10[39m
      7 Linear |R| = [32m2.567212e-10[39m
      8 Linear |R| = [32m6.694370e-11[39m
      9 Linear |R| = [32m3.940492e-11[39m
     10 Linear |R| = [32m3.677054e-11[39m
     11 Linear |R| = [32m1.725302e-11[39m
     12 Linear |R| = [32m5.284833e-12[39m
     13 Linear |R| = [32m3.166883e-12[39m
     14 Linear |R| = [32m5.898530e-13[39m
     15 Linear |R| = [33m5.685083e-13[39m
     16 Linear |R| = [32m3.446992e-13[39m
     17 Linear |R| = [32m1.244495e-13[39m
     18 Linear |R| = [32m4.401990e-14[39m
     19 Linear |R| = [32m2.380263e-14[39m
     20 Linear |R| = [32m1.936769e-14[39m
     21 Linear |R| = [32m5.706772e-15[39m
     22 Linear |R| = [32m2.830361e-15[39m
     23 Linear |R| = [32m1.423486e-15[39m
 2 Nonlinear |R| = [32m4.450986e-12[39m
[32m Solve Converged![39m

Postprocessor Values:
+----------------+----------------+----------------+----------------+----------------+----------------+----------------+
| time           | J_max          | J_min          | Jbar_max       | Jbar_min       | center_pressure| edge_ux        |
+----------------+----------------+----------------+----------------+----------------+----------------+----------------+
:                :                :                :                :                :                :                :
|   2.500000e-02 |   9.836167e-01 |   9.747050e-01 |   9.906131e-01 |   9.894558e-01 |   1.784672e-01 |   6.693023e-03 |
|   2.600000e-02 |   9.835269e-01 |   9.747054e-01 |   9.906024e-01 |   9.894572e-01 |   1.774982e-01 |   6.646310e-03 |
|   2.700000e-02 |   9.834393e-01 |   9.747053e-01 |   9.905918e-01 |   9.894583e-01 |   1.765431e-01 |   6.599800e-03 |
|   2.800000e-02 |   9.833537e-01 |   9.747045e-01 |   9.905812e-01 |   9.894592e-01 |   1.756010e-01 |   6.553483e-03 |
|   2.900000e-02 |   9.832702e-01 |   9.747032e-01 |   9.905706e-01 |   9.894597e-01 |   1.746711e-01 |   6.507352e-03 |
|   3.000000e-02 |   9.831928e-01 |   9.747014e-01 |   9.905601e-01 |   9.894600e-01 |   1.737526e-01 |   6.461400e-03 |
|   3.100000e-02 |   9.831520e-01 |   9.746990e-01 |   9.905496e-01 |   9.894601e-01 |   1.728450e-01 |   6.415626e-03 |
|   3.200000e-02 |   9.831106e-01 |   9.746961e-01 |   9.905392e-01 |   9.894599e-01 |   1.719476e-01 |   6.370027e-03 |
|   3.300000e-02 |   9.830687e-01 |   9.746928e-01 |   9.905289e-01 |   9.894595e-01 |   1.710598e-01 |   6.324601e-03 |
|   3.400000e-02 |   9.830264e-01 |   9.746890e-01 |   9.905186e-01 |   9.894589e-01 |   1.701812e-01 |   6.279348e-03 |
|   3.500000e-02 |   9.829837e-01 |   9.746848e-01 |   9.905084e-01 |   9.894581e-01 |   1.693114e-01 |   6.234269e-03 |
|   3.600000e-02 |   9.829405e-01 |   9.746801e-01 |   9.904983e-01 |   9.894570e-01 |   1.684499e-01 |   6.189363e-03 |
|   3.700000e-02 |   9.828971e-01 |   9.746751e-01 |   9.904883e-01 |   9.894558e-01 |   1.675964e-01 |   6.144632e-03 |
|   3.800000e-02 |   9.828534e-01 |   9.746697e-01 |   9.904783e-01 |   9.894545e-01 |   1.667505e-01 |   6.100075e-03 |
|   3.900000e-02 |   9.828094e-01 |   9.746640e-01 |   9.904684e-01 |   9.894529e-01 |   1.659119e-01 |   6.055695e-03 |
+----------------+----------------+----------------+----------------+----------------+----------------+----------------+
+----------------+----------------+----------------+------------------+----------------+----------------+
| time           | mass           | mass_reaction  | outflow_gradient | platen_max     | platen_min     |
+----------------+----------------+----------------+------------------+----------------+----------------+
:                :                :                :                  :                :                :
|   2.500000e-02 |   1.587725e+00 |  -3.761394e-01 |     1.946104e-01 |  -4.255782e-02 |  -4.255782e-02 |
|   2.600000e-02 |   1.587352e+00 |  -3.725993e-01 |     1.928259e-01 |  -4.260901e-02 |  -4.260901e-02 |
|   2.700000e-02 |   1.586983e+00 |  -3.691952e-01 |     1.911093e-01 |  -4.265973e-02 |  -4.265973e-02 |
|   2.800000e-02 |   1.586617e+00 |  -3.659156e-01 |     1.894548e-01 |  -4.271000e-02 |  -4.271000e-02 |
|   2.900000e-02 |   1.586254e+00 |  -3.627507e-01 |     1.878574e-01 |  -4.275984e-02 |  -4.275984e-02 |
|   3.000000e-02 |   1.585894e+00 |  -3.596918e-01 |     1.863127e-01 |  -4.280927e-02 |  -4.280927e-02 |
|   3.100000e-02 |   1.585538e+00 |  -3.567314e-01 |     1.848168e-01 |  -4.285828e-02 |  -4.285828e-02 |
|   3.200000e-02 |   1.585184e+00 |  -3.538625e-01 |     1.833663e-01 |  -4.290691e-02 |  -4.290691e-02 |
|   3.300000e-02 |   1.584833e+00 |  -3.510791e-01 |     1.819580e-01 |  -4.295516e-02 |  -4.295516e-02 |
|   3.400000e-02 |   1.584484e+00 |  -3.483756e-01 |     1.805893e-01 |  -4.300303e-02 |  -4.300303e-02 |
|   3.500000e-02 |   1.584139e+00 |  -3.457471e-01 |     1.792577e-01 |  -4.305055e-02 |  -4.305055e-02 |
|   3.600000e-02 |   1.583796e+00 |  -3.431890e-01 |     1.779608e-01 |  -4.309772e-02 |  -4.309772e-02 |
|   3.700000e-02 |   1.583455e+00 |  -3.406972e-01 |     1.766965e-01 |  -4.314455e-02 |  -4.314455e-02 |
|   3.800000e-02 |   1.583117e+00 |  -3.382678e-01 |     1.754631e-01 |  -4.319104e-02 |  -4.319104e-02 |
|   3.900000e-02 |   1.582781e+00 |  -3.358973e-01 |     1.742588e-01 |  -4.323721e-02 |  -4.323721e-02 |
+----------------+----------------+----------------+------------------+----------------+----------------+
+----------------+--------------------+--------------------+----------------+----------------+----------------+
| time           | solid_fraction_max | solid_fraction_min | stability_max  | stability_min  | top_reaction   |
+----------------+--------------------+--------------------+----------------+----------------+----------------+
:                :                    :                    :                :                :                :
|   2.500000e-02 |       6.090873e-01 |       6.037962e-01 |   2.811648e+01 |   2.800397e+01 |  -1.400000e+00 |
|   2.600000e-02 |       6.090879e-01 |       6.038136e-01 |   2.811628e+01 |   2.800393e+01 |  -1.400000e+00 |
|   2.700000e-02 |       6.090886e-01 |       6.038317e-01 |   2.811605e+01 |   2.800390e+01 |  -1.400000e+00 |
|   2.800000e-02 |       6.090895e-01 |       6.038503e-01 |   2.811581e+01 |   2.800386e+01 |  -1.400000e+00 |
|   2.900000e-02 |       6.090906e-01 |       6.038695e-01 |   2.811556e+01 |   2.800383e+01 |  -1.400000e+00 |
|   3.000000e-02 |       6.090918e-01 |       6.038892e-01 |   2.811528e+01 |   2.800380e+01 |  -1.400000e+00 |
|   3.100000e-02 |       6.090933e-01 |       6.039093e-01 |   2.811500e+01 |   2.800377e+01 |  -1.400000e+00 |
|   3.200000e-02 |       6.090949e-01 |       6.039300e-01 |   2.811470e+01 |   2.800374e+01 |  -1.400000e+00 |
|   3.300000e-02 |       6.090967e-01 |       6.039510e-01 |   2.811438e+01 |   2.800371e+01 |  -1.400000e+00 |
|   3.400000e-02 |       6.090986e-01 |       6.039725e-01 |   2.811406e+01 |   2.800368e+01 |  -1.400000e+00 |
|   3.500000e-02 |       6.091007e-01 |       6.039943e-01 |   2.811372e+01 |   2.800366e+01 |  -1.400000e+00 |
|   3.600000e-02 |       6.091029e-01 |       6.040164e-01 |   2.811338e+01 |   2.800363e+01 |  -1.400000e+00 |
|   3.700000e-02 |       6.091052e-01 |       6.040388e-01 |   2.811302e+01 |   2.800360e+01 |  -1.400000e+00 |
|   3.800000e-02 |       6.091077e-01 |       6.040615e-01 |   2.811266e+01 |   2.800358e+01 |  -1.400000e+00 |
|   3.900000e-02 |       6.091102e-01 |       6.040844e-01 |   2.811228e+01 |   2.800356e+01 |  -1.400000e+00 |
+----------------+--------------------+--------------------+----------------+----------------+----------------+


Time Step 40, time = 0.04, dt = 0.001
 * Nonlinear |R| = [32m2.714457e-02[39m (Before preset BCs, predictors, correctors, and constraints)
 0 Nonlinear |R| = [32m2.714457e-02[39m
      0 Linear |R| = [32m2.714457e-02[39m
      1 Linear |R| = [32m1.692670e-03[39m
      2 Linear |R| = [33m1.660505e-03[39m
      3 Linear |R| = [32m4.945358e-04[39m
      4 Linear |R| = [32m4.192150e-05[39m
      5 Linear |R| = [32m2.022971e-05[39m
      6 Linear |R| = [32m7.652290e-06[39m
      7 Linear |R| = [32m4.864894e-06[39m
      8 Linear |R| = [32m1.310221e-06[39m
      9 Linear |R| = [32m6.822352e-07[39m
     10 Linear |R| = [32m5.461058e-07[39m
     11 Linear |R| = [32m3.576742e-07[39m
     12 Linear |R| = [32m7.381343e-08[39m
     13 Linear |R| = [32m5.025012e-08[39m
     14 Linear |R| = [32m1.186167e-08[39m
     15 Linear |R| = [32m9.700438e-09[39m
     16 Linear |R| = [32m5.811650e-09[39m
     17 Linear |R| = [32m2.701305e-09[39m
     18 Linear |R| = [32m7.542831e-10[39m
     19 Linear |R| = [32m4.579077e-10[39m
     20 Linear |R| = [32m2.980036e-10[39m
     21 Linear |R| = [32m1.329964e-10[39m
     22 Linear |R| = [32m5.773881e-11[39m
     23 Linear |R| = [32m3.189627e-11[39m
     24 Linear |R| = [32m6.328987e-12[39m
 1 Nonlinear |R| = [32m2.395790e-06[39m
      0 Linear |R| = [32m2.395790e-06[39m
      1 Linear |R| = [32m8.048024e-08[39m
      2 Linear |R| = [32m6.704184e-08[39m
      3 Linear |R| = [32m1.731097e-08[39m
      4 Linear |R| = [32m1.533326e-09[39m
      5 Linear |R| = [32m1.402770e-09[39m
      6 Linear |R| = [32m4.169026e-10[39m
      7 Linear |R| = [32m2.369971e-10[39m
      8 Linear |R| = [32m6.519562e-11[39m
      9 Linear |R| = [32m3.883296e-11[39m
     10 Linear |R| = [32m3.663058e-11[39m
     11 Linear |R| = [32m1.614808e-11[39m
     12 Linear |R| = [32m4.449535e-12[39m
     13 Linear |R| = [32m2.801165e-12[39m
     14 Linear |R| = [32m5.775764e-13[39m
     15 Linear |R| = [33m5.602399e-13[39m
     16 Linear |R| = [32m3.439680e-13[39m
     17 Linear |R| = [32m1.146833e-13[39m
     18 Linear |R| = [32m4.039052e-14[39m
     19 Linear |R| = [32m2.125824e-14[39m
     20 Linear |R| = [32m1.824634e-14[39m
     21 Linear |R| = [32m5.216179e-15[39m
     22 Linear |R| = [32m2.761621e-15[39m
     23 Linear |R| = [32m1.275552e-15[39m
 2 Nonlinear |R| = [32m4.706087e-12[39m
[32m Solve Converged![39m

Postprocessor Values:
+----------------+----------------+----------------+----------------+----------------+----------------+----------------+
| time           | J_max          | J_min          | Jbar_max       | Jbar_min       | center_pressure| edge_ux        |
+----------------+----------------+----------------+----------------+----------------+----------------+----------------+
:                :                :                :                :                :                :                :
|   2.600000e-02 |   9.835269e-01 |   9.747054e-01 |   9.906024e-01 |   9.894572e-01 |   1.774982e-01 |   6.646310e-03 |
|   2.700000e-02 |   9.834393e-01 |   9.747053e-01 |   9.905918e-01 |   9.894583e-01 |   1.765431e-01 |   6.599800e-03 |
|   2.800000e-02 |   9.833537e-01 |   9.747045e-01 |   9.905812e-01 |   9.894592e-01 |   1.756010e-01 |   6.553483e-03 |
|   2.900000e-02 |   9.832702e-01 |   9.747032e-01 |   9.905706e-01 |   9.894597e-01 |   1.746711e-01 |   6.507352e-03 |
|   3.000000e-02 |   9.831928e-01 |   9.747014e-01 |   9.905601e-01 |   9.894600e-01 |   1.737526e-01 |   6.461400e-03 |
|   3.100000e-02 |   9.831520e-01 |   9.746990e-01 |   9.905496e-01 |   9.894601e-01 |   1.728450e-01 |   6.415626e-03 |
|   3.200000e-02 |   9.831106e-01 |   9.746961e-01 |   9.905392e-01 |   9.894599e-01 |   1.719476e-01 |   6.370027e-03 |
|   3.300000e-02 |   9.830687e-01 |   9.746928e-01 |   9.905289e-01 |   9.894595e-01 |   1.710598e-01 |   6.324601e-03 |
|   3.400000e-02 |   9.830264e-01 |   9.746890e-01 |   9.905186e-01 |   9.894589e-01 |   1.701812e-01 |   6.279348e-03 |
|   3.500000e-02 |   9.829837e-01 |   9.746848e-01 |   9.905084e-01 |   9.894581e-01 |   1.693114e-01 |   6.234269e-03 |
|   3.600000e-02 |   9.829405e-01 |   9.746801e-01 |   9.904983e-01 |   9.894570e-01 |   1.684499e-01 |   6.189363e-03 |
|   3.700000e-02 |   9.828971e-01 |   9.746751e-01 |   9.904883e-01 |   9.894558e-01 |   1.675964e-01 |   6.144632e-03 |
|   3.800000e-02 |   9.828534e-01 |   9.746697e-01 |   9.904783e-01 |   9.894545e-01 |   1.667505e-01 |   6.100075e-03 |
|   3.900000e-02 |   9.828094e-01 |   9.746640e-01 |   9.904684e-01 |   9.894529e-01 |   1.659119e-01 |   6.055695e-03 |
|   4.000000e-02 |   9.827651e-01 |   9.746580e-01 |   9.904586e-01 |   9.894513e-01 |   1.650804e-01 |   6.011491e-03 |
+----------------+----------------+----------------+----------------+----------------+----------------+----------------+
+----------------+----------------+----------------+------------------+----------------+----------------+
| time           | mass           | mass_reaction  | outflow_gradient | platen_max     | platen_min     |
+----------------+----------------+----------------+------------------+----------------+----------------+
:                :                :                :                  :                :                :
|   2.600000e-02 |   1.587352e+00 |  -3.725993e-01 |     1.928259e-01 |  -4.260901e-02 |  -4.260901e-02 |
|   2.700000e-02 |   1.586983e+00 |  -3.691952e-01 |     1.911093e-01 |  -4.265973e-02 |  -4.265973e-02 |
|   2.800000e-02 |   1.586617e+00 |  -3.659156e-01 |     1.894548e-01 |  -4.271000e-02 |  -4.271000e-02 |
|   2.900000e-02 |   1.586254e+00 |  -3.627507e-01 |     1.878574e-01 |  -4.275984e-02 |  -4.275984e-02 |
|   3.000000e-02 |   1.585894e+00 |  -3.596918e-01 |     1.863127e-01 |  -4.280927e-02 |  -4.280927e-02 |
|   3.100000e-02 |   1.585538e+00 |  -3.567314e-01 |     1.848168e-01 |  -4.285828e-02 |  -4.285828e-02 |
|   3.200000e-02 |   1.585184e+00 |  -3.538625e-01 |     1.833663e-01 |  -4.290691e-02 |  -4.290691e-02 |
|   3.300000e-02 |   1.584833e+00 |  -3.510791e-01 |     1.819580e-01 |  -4.295516e-02 |  -4.295516e-02 |
|   3.400000e-02 |   1.584484e+00 |  -3.483756e-01 |     1.805893e-01 |  -4.300303e-02 |  -4.300303e-02 |
|   3.500000e-02 |   1.584139e+00 |  -3.457471e-01 |     1.792577e-01 |  -4.305055e-02 |  -4.305055e-02 |
|   3.600000e-02 |   1.583796e+00 |  -3.431890e-01 |     1.779608e-01 |  -4.309772e-02 |  -4.309772e-02 |
|   3.700000e-02 |   1.583455e+00 |  -3.406972e-01 |     1.766965e-01 |  -4.314455e-02 |  -4.314455e-02 |
|   3.800000e-02 |   1.583117e+00 |  -3.382678e-01 |     1.754631e-01 |  -4.319104e-02 |  -4.319104e-02 |
|   3.900000e-02 |   1.582781e+00 |  -3.358973e-01 |     1.742588e-01 |  -4.323721e-02 |  -4.323721e-02 |
|   4.000000e-02 |   1.582447e+00 |  -3.335824e-01 |     1.730819e-01 |  -4.328307e-02 |  -4.328307e-02 |
+----------------+----------------+----------------+------------------+----------------+----------------+
+----------------+--------------------+--------------------+----------------+----------------+----------------+
| time           | solid_fraction_max | solid_fraction_min | stability_max  | stability_min  | top_reaction   |
+----------------+--------------------+--------------------+----------------+----------------+----------------+
:                :                    :                    :                :                :                :
|   2.600000e-02 |       6.090879e-01 |       6.038136e-01 |   2.811628e+01 |   2.800393e+01 |  -1.400000e+00 |
|   2.700000e-02 |       6.090886e-01 |       6.038317e-01 |   2.811605e+01 |   2.800390e+01 |  -1.400000e+00 |
|   2.800000e-02 |       6.090895e-01 |       6.038503e-01 |   2.811581e+01 |   2.800386e+01 |  -1.400000e+00 |
|   2.900000e-02 |       6.090906e-01 |       6.038695e-01 |   2.811556e+01 |   2.800383e+01 |  -1.400000e+00 |
|   3.000000e-02 |       6.090918e-01 |       6.038892e-01 |   2.811528e+01 |   2.800380e+01 |  -1.400000e+00 |
|   3.100000e-02 |       6.090933e-01 |       6.039093e-01 |   2.811500e+01 |   2.800377e+01 |  -1.400000e+00 |
|   3.200000e-02 |       6.090949e-01 |       6.039300e-01 |   2.811470e+01 |   2.800374e+01 |  -1.400000e+00 |
|   3.300000e-02 |       6.090967e-01 |       6.039510e-01 |   2.811438e+01 |   2.800371e+01 |  -1.400000e+00 |
|   3.400000e-02 |       6.090986e-01 |       6.039725e-01 |   2.811406e+01 |   2.800368e+01 |  -1.400000e+00 |
|   3.500000e-02 |       6.091007e-01 |       6.039943e-01 |   2.811372e+01 |   2.800366e+01 |  -1.400000e+00 |
|   3.600000e-02 |       6.091029e-01 |       6.040164e-01 |   2.811338e+01 |   2.800363e+01 |  -1.400000e+00 |
|   3.700000e-02 |       6.091052e-01 |       6.040388e-01 |   2.811302e+01 |   2.800360e+01 |  -1.400000e+00 |
|   3.800000e-02 |       6.091077e-01 |       6.040615e-01 |   2.811266e+01 |   2.800358e+01 |  -1.400000e+00 |
|   3.900000e-02 |       6.091102e-01 |       6.040844e-01 |   2.811228e+01 |   2.800356e+01 |  -1.400000e+00 |
|   4.000000e-02 |       6.091129e-01 |       6.041076e-01 |   2.811190e+01 |   2.800353e+01 |  -1.400000e+00 |
+----------------+--------------------+--------------------+----------------+----------------+----------------+


Time Step 41, time = 0.041, dt = 0.001
 * Nonlinear |R| = [32m2.693663e-02[39m (Before preset BCs, predictors, correctors, and constraints)
 0 Nonlinear |R| = [32m2.693663e-02[39m
      0 Linear |R| = [32m2.693663e-02[39m
      1 Linear |R| = [32m1.681369e-03[39m
      2 Linear |R| = [33m1.649401e-03[39m
      3 Linear |R| = [32m4.911884e-04[39m
      4 Linear |R| = [32m4.160444e-05[39m
      5 Linear |R| = [32m1.918307e-05[39m
      6 Linear |R| = [32m7.555768e-06[39m
      7 Linear |R| = [32m4.804817e-06[39m
      8 Linear |R| = [32m1.295126e-06[39m
      9 Linear |R| = [32m6.727663e-07[39m
     10 Linear |R| = [32m5.271398e-07[39m
     11 Linear |R| = [32m3.532934e-07[39m
     12 Linear |R| = [32m7.233625e-08[39m
     13 Linear |R| = [32m4.922574e-08[39m
     14 Linear |R| = [32m1.168783e-08[39m
     15 Linear |R| = [32m9.517147e-09[39m
     16 Linear |R| = [32m5.698413e-09[39m
     17 Linear |R| = [32m2.659429e-09[39m
     18 Linear |R| = [32m7.389687e-10[39m
     19 Linear |R| = [32m4.496694e-10[39m
     20 Linear |R| = [32m3.026584e-10[39m
     21 Linear |R| = [32m1.310951e-10[39m
     22 Linear |R| = [32m5.698960e-11[39m
     23 Linear |R| = [32m3.152842e-11[39m
     24 Linear |R| = [32m6.271419e-12[39m
 1 Nonlinear |R| = [32m2.354099e-06[39m
      0 Linear |R| = [32m2.354099e-06[39m
      1 Linear |R| = [32m7.911901e-08[39m
      2 Linear |R| = [32m6.658294e-08[39m
      3 Linear |R| = [32m1.720902e-08[39m
      4 Linear |R| = [32m1.521109e-09[39m
      5 Linear |R| = [32m1.360065e-09[39m
      6 Linear |R| = [32m4.149770e-10[39m
      7 Linear |R| = [32m2.386806e-10[39m
      8 Linear |R| = [32m6.229580e-11[39m
      9 Linear |R| = [32m3.649536e-11[39m
     10 Linear |R| = [32m3.444766e-11[39m
     11 Linear |R| = [32m1.647914e-11[39m
     12 Linear |R| = [32m4.656640e-12[39m
     13 Linear |R| = [32m2.866807e-12[39m
     14 Linear |R| = [32m5.807423e-13[39m
     15 Linear |R| = [33m5.655844e-13[39m
     16 Linear |R| = [32m3.405125e-13[39m
     17 Linear |R| = [32m1.220685e-13[39m
     18 Linear |R| = [32m4.164778e-14[39m
     19 Linear |R| = [32m2.446352e-14[39m
     20 Linear |R| = [32m2.126335e-14[39m
     21 Linear |R| = [32m6.008054e-15[39m
     22 Linear |R| = [32m2.918338e-15[39m
     23 Linear |R| = [32m1.471727e-15[39m
 2 Nonlinear |R| = [32m4.387682e-12[39m
[32m Solve Converged![39m

Postprocessor Values:
+----------------+----------------+----------------+----------------+----------------+----------------+----------------+
| time           | J_max          | J_min          | Jbar_max       | Jbar_min       | center_pressure| edge_ux        |
+----------------+----------------+----------------+----------------+----------------+----------------+----------------+
:                :                :                :                :                :                :                :
|   2.700000e-02 |   9.834393e-01 |   9.747053e-01 |   9.905918e-01 |   9.894583e-01 |   1.765431e-01 |   6.599800e-03 |
|   2.800000e-02 |   9.833537e-01 |   9.747045e-01 |   9.905812e-01 |   9.894592e-01 |   1.756010e-01 |   6.553483e-03 |
|   2.900000e-02 |   9.832702e-01 |   9.747032e-01 |   9.905706e-01 |   9.894597e-01 |   1.746711e-01 |   6.507352e-03 |
|   3.000000e-02 |   9.831928e-01 |   9.747014e-01 |   9.905601e-01 |   9.894600e-01 |   1.737526e-01 |   6.461400e-03 |
|   3.100000e-02 |   9.831520e-01 |   9.746990e-01 |   9.905496e-01 |   9.894601e-01 |   1.728450e-01 |   6.415626e-03 |
|   3.200000e-02 |   9.831106e-01 |   9.746961e-01 |   9.905392e-01 |   9.894599e-01 |   1.719476e-01 |   6.370027e-03 |
|   3.300000e-02 |   9.830687e-01 |   9.746928e-01 |   9.905289e-01 |   9.894595e-01 |   1.710598e-01 |   6.324601e-03 |
|   3.400000e-02 |   9.830264e-01 |   9.746890e-01 |   9.905186e-01 |   9.894589e-01 |   1.701812e-01 |   6.279348e-03 |
|   3.500000e-02 |   9.829837e-01 |   9.746848e-01 |   9.905084e-01 |   9.894581e-01 |   1.693114e-01 |   6.234269e-03 |
|   3.600000e-02 |   9.829405e-01 |   9.746801e-01 |   9.904983e-01 |   9.894570e-01 |   1.684499e-01 |   6.189363e-03 |
|   3.700000e-02 |   9.828971e-01 |   9.746751e-01 |   9.904883e-01 |   9.894558e-01 |   1.675964e-01 |   6.144632e-03 |
|   3.800000e-02 |   9.828534e-01 |   9.746697e-01 |   9.904783e-01 |   9.894545e-01 |   1.667505e-01 |   6.100075e-03 |
|   3.900000e-02 |   9.828094e-01 |   9.746640e-01 |   9.904684e-01 |   9.894529e-01 |   1.659119e-01 |   6.055695e-03 |
|   4.000000e-02 |   9.827651e-01 |   9.746580e-01 |   9.904586e-01 |   9.894513e-01 |   1.650804e-01 |   6.011491e-03 |
|   4.100000e-02 |   9.827207e-01 |   9.746517e-01 |   9.904488e-01 |   9.894494e-01 |   1.642557e-01 |   5.967464e-03 |
+----------------+----------------+----------------+----------------+----------------+----------------+----------------+
+----------------+----------------+----------------+------------------+----------------+----------------+
| time           | mass           | mass_reaction  | outflow_gradient | platen_max     | platen_min     |
+----------------+----------------+----------------+------------------+----------------+----------------+
:                :                :                :                  :                :                :
|   2.700000e-02 |   1.586983e+00 |  -3.691952e-01 |     1.911093e-01 |  -4.265973e-02 |  -4.265973e-02 |
|   2.800000e-02 |   1.586617e+00 |  -3.659156e-01 |     1.894548e-01 |  -4.271000e-02 |  -4.271000e-02 |
|   2.900000e-02 |   1.586254e+00 |  -3.627507e-01 |     1.878574e-01 |  -4.275984e-02 |  -4.275984e-02 |
|   3.000000e-02 |   1.585894e+00 |  -3.596918e-01 |     1.863127e-01 |  -4.280927e-02 |  -4.280927e-02 |
|   3.100000e-02 |   1.585538e+00 |  -3.567314e-01 |     1.848168e-01 |  -4.285828e-02 |  -4.285828e-02 |
|   3.200000e-02 |   1.585184e+00 |  -3.538625e-01 |     1.833663e-01 |  -4.290691e-02 |  -4.290691e-02 |
|   3.300000e-02 |   1.584833e+00 |  -3.510791e-01 |     1.819580e-01 |  -4.295516e-02 |  -4.295516e-02 |
|   3.400000e-02 |   1.584484e+00 |  -3.483756e-01 |     1.805893e-01 |  -4.300303e-02 |  -4.300303e-02 |
|   3.500000e-02 |   1.584139e+00 |  -3.457471e-01 |     1.792577e-01 |  -4.305055e-02 |  -4.305055e-02 |
|   3.600000e-02 |   1.583796e+00 |  -3.431890e-01 |     1.779608e-01 |  -4.309772e-02 |  -4.309772e-02 |
|   3.700000e-02 |   1.583455e+00 |  -3.406972e-01 |     1.766965e-01 |  -4.314455e-02 |  -4.314455e-02 |
|   3.800000e-02 |   1.583117e+00 |  -3.382678e-01 |     1.754631e-01 |  -4.319104e-02 |  -4.319104e-02 |
|   3.900000e-02 |   1.582781e+00 |  -3.358973e-01 |     1.742588e-01 |  -4.323721e-02 |  -4.323721e-02 |
|   4.000000e-02 |   1.582447e+00 |  -3.335824e-01 |     1.730819e-01 |  -4.328307e-02 |  -4.328307e-02 |
|   4.100000e-02 |   1.582116e+00 |  -3.313202e-01 |     1.719309e-01 |  -4.332862e-02 |  -4.332862e-02 |
+----------------+----------------+----------------+------------------+----------------+----------------+
+----------------+--------------------+--------------------+----------------+----------------+----------------+
| time           | solid_fraction_max | solid_fraction_min | stability_max  | stability_min  | top_reaction   |
+----------------+--------------------+--------------------+----------------+----------------+----------------+
:                :                    :                    :                :                :                :
|   2.700000e-02 |       6.090886e-01 |       6.038317e-01 |   2.811605e+01 |   2.800390e+01 |  -1.400000e+00 |
|   2.800000e-02 |       6.090895e-01 |       6.038503e-01 |   2.811581e+01 |   2.800386e+01 |  -1.400000e+00 |
|   2.900000e-02 |       6.090906e-01 |       6.038695e-01 |   2.811556e+01 |   2.800383e+01 |  -1.400000e+00 |
|   3.000000e-02 |       6.090918e-01 |       6.038892e-01 |   2.811528e+01 |   2.800380e+01 |  -1.400000e+00 |
|   3.100000e-02 |       6.090933e-01 |       6.039093e-01 |   2.811500e+01 |   2.800377e+01 |  -1.400000e+00 |
|   3.200000e-02 |       6.090949e-01 |       6.039300e-01 |   2.811470e+01 |   2.800374e+01 |  -1.400000e+00 |
|   3.300000e-02 |       6.090967e-01 |       6.039510e-01 |   2.811438e+01 |   2.800371e+01 |  -1.400000e+00 |
|   3.400000e-02 |       6.090986e-01 |       6.039725e-01 |   2.811406e+01 |   2.800368e+01 |  -1.400000e+00 |
|   3.500000e-02 |       6.091007e-01 |       6.039943e-01 |   2.811372e+01 |   2.800366e+01 |  -1.400000e+00 |
|   3.600000e-02 |       6.091029e-01 |       6.040164e-01 |   2.811338e+01 |   2.800363e+01 |  -1.400000e+00 |
|   3.700000e-02 |       6.091052e-01 |       6.040388e-01 |   2.811302e+01 |   2.800360e+01 |  -1.400000e+00 |
|   3.800000e-02 |       6.091077e-01 |       6.040615e-01 |   2.811266e+01 |   2.800358e+01 |  -1.400000e+00 |
|   3.900000e-02 |       6.091102e-01 |       6.040844e-01 |   2.811228e+01 |   2.800356e+01 |  -1.400000e+00 |
|   4.000000e-02 |       6.091129e-01 |       6.041076e-01 |   2.811190e+01 |   2.800353e+01 |  -1.400000e+00 |
|   4.100000e-02 |       6.091157e-01 |       6.041310e-01 |   2.811152e+01 |   2.800351e+01 |  -1.400000e+00 |
+----------------+--------------------+--------------------+----------------+----------------+----------------+


Time Step 42, time = 0.042, dt = 0.001
 * Nonlinear |R| = [32m2.673720e-02[39m (Before preset BCs, predictors, correctors, and constraints)
 0 Nonlinear |R| = [32m2.673720e-02[39m
      0 Linear |R| = [32m2.673720e-02[39m
      1 Linear |R| = [32m1.670320e-03[39m
      2 Linear |R| = [33m1.638544e-03[39m
      3 Linear |R| = [32m4.879192e-04[39m
      4 Linear |R| = [32m4.132178e-05[39m
      5 Linear |R| = [32m1.895194e-05[39m
      6 Linear |R| = [32m7.463985e-06[39m
      7 Linear |R| = [32m4.747386e-06[39m
      8 Linear |R| = [32m1.280667e-06[39m
      9 Linear |R| = [32m6.634989e-07[39m
     10 Linear |R| = [32m4.761389e-07[39m
     11 Linear |R| = [32m3.487188e-07[39m
     12 Linear |R| = [32m7.093236e-08[39m
     13 Linear |R| = [32m4.824769e-08[39m
     14 Linear |R| = [32m1.149558e-08[39m
     15 Linear |R| = [32m8.789312e-09[39m
     16 Linear |R| = [32m5.588100e-09[39m
     17 Linear |R| = [32m2.618515e-09[39m
     18 Linear |R| = [32m7.239511e-10[39m
     19 Linear |R| = [32m4.414501e-10[39m
     20 Linear |R| = [32m3.000015e-10[39m
     21 Linear |R| = [32m1.292064e-10[39m
     22 Linear |R| = [32m5.625128e-11[39m
     23 Linear |R| = [32m3.116565e-11[39m
     24 Linear |R| = [32m6.218810e-12[39m
 1 Nonlinear |R| = [32m2.305713e-06[39m
      0 Linear |R| = [32m2.305713e-06[39m
      1 Linear |R| = [32m7.766628e-08[39m
      2 Linear |R| = [32m6.701847e-08[39m
      3 Linear |R| = [32m1.726606e-08[39m
      4 Linear |R| = [32m1.510975e-09[39m
      5 Linear |R| = [32m1.343887e-09[39m
      6 Linear |R| = [32m3.849640e-10[39m
      7 Linear |R| = [32m2.229522e-10[39m
      8 Linear |R| = [32m5.905037e-11[39m
      9 Linear |R| = [32m3.495201e-11[39m
     10 Linear |R| = [33m3.361026e-11[39m
     11 Linear |R| = [32m1.512174e-11[39m
     12 Linear |R| = [32m4.124112e-12[39m
     13 Linear |R| = [32m2.623202e-12[39m
     14 Linear |R| = [32m5.507820e-13[39m
     15 Linear |R| = [33m5.448840e-13[39m
     16 Linear |R| = [32m3.198500e-13[39m
     17 Linear |R| = [32m1.146600e-13[39m
     18 Linear |R| = [32m3.938323e-14[39m
     19 Linear |R| = [32m2.145684e-14[39m
     20 Linear |R| = [32m1.944674e-14[39m
     21 Linear |R| = [32m5.159150e-15[39m
     22 Linear |R| = [32m2.689188e-15[39m
     23 Linear |R| = [32m1.280538e-15[39m
 2 Nonlinear |R| = [32m4.275353e-12[39m
[32m Solve Converged![39m

Postprocessor Values:
+----------------+----------------+----------------+----------------+----------------+----------------+----------------+
| time           | J_max          | J_min          | Jbar_max       | Jbar_min       | center_pressure| edge_ux        |
+----------------+----------------+----------------+----------------+----------------+----------------+----------------+
:                :                :                :                :                :                :                :
|   2.800000e-02 |   9.833537e-01 |   9.747045e-01 |   9.905812e-01 |   9.894592e-01 |   1.756010e-01 |   6.553483e-03 |
|   2.900000e-02 |   9.832702e-01 |   9.747032e-01 |   9.905706e-01 |   9.894597e-01 |   1.746711e-01 |   6.507352e-03 |
|   3.000000e-02 |   9.831928e-01 |   9.747014e-01 |   9.905601e-01 |   9.894600e-01 |   1.737526e-01 |   6.461400e-03 |
|   3.100000e-02 |   9.831520e-01 |   9.746990e-01 |   9.905496e-01 |   9.894601e-01 |   1.728450e-01 |   6.415626e-03 |
|   3.200000e-02 |   9.831106e-01 |   9.746961e-01 |   9.905392e-01 |   9.894599e-01 |   1.719476e-01 |   6.370027e-03 |
|   3.300000e-02 |   9.830687e-01 |   9.746928e-01 |   9.905289e-01 |   9.894595e-01 |   1.710598e-01 |   6.324601e-03 |
|   3.400000e-02 |   9.830264e-01 |   9.746890e-01 |   9.905186e-01 |   9.894589e-01 |   1.701812e-01 |   6.279348e-03 |
|   3.500000e-02 |   9.829837e-01 |   9.746848e-01 |   9.905084e-01 |   9.894581e-01 |   1.693114e-01 |   6.234269e-03 |
|   3.600000e-02 |   9.829405e-01 |   9.746801e-01 |   9.904983e-01 |   9.894570e-01 |   1.684499e-01 |   6.189363e-03 |
|   3.700000e-02 |   9.828971e-01 |   9.746751e-01 |   9.904883e-01 |   9.894558e-01 |   1.675964e-01 |   6.144632e-03 |
|   3.800000e-02 |   9.828534e-01 |   9.746697e-01 |   9.904783e-01 |   9.894545e-01 |   1.667505e-01 |   6.100075e-03 |
|   3.900000e-02 |   9.828094e-01 |   9.746640e-01 |   9.904684e-01 |   9.894529e-01 |   1.659119e-01 |   6.055695e-03 |
|   4.000000e-02 |   9.827651e-01 |   9.746580e-01 |   9.904586e-01 |   9.894513e-01 |   1.650804e-01 |   6.011491e-03 |
|   4.100000e-02 |   9.827207e-01 |   9.746517e-01 |   9.904488e-01 |   9.894494e-01 |   1.642557e-01 |   5.967464e-03 |
|   4.200000e-02 |   9.826761e-01 |   9.746451e-01 |   9.904391e-01 |   9.894475e-01 |   1.634375e-01 |   5.923616e-03 |
+----------------+----------------+----------------+----------------+----------------+----------------+----------------+
+----------------+----------------+----------------+------------------+----------------+----------------+
| time           | mass           | mass_reaction  | outflow_gradient | platen_max     | platen_min     |
+----------------+----------------+----------------+------------------+----------------+----------------+
:                :                :                :                  :                :                :
|   2.800000e-02 |   1.586617e+00 |  -3.659156e-01 |     1.894548e-01 |  -4.271000e-02 |  -4.271000e-02 |
|   2.900000e-02 |   1.586254e+00 |  -3.627507e-01 |     1.878574e-01 |  -4.275984e-02 |  -4.275984e-02 |
|   3.000000e-02 |   1.585894e+00 |  -3.596918e-01 |     1.863127e-01 |  -4.280927e-02 |  -4.280927e-02 |
|   3.100000e-02 |   1.585538e+00 |  -3.567314e-01 |     1.848168e-01 |  -4.285828e-02 |  -4.285828e-02 |
|   3.200000e-02 |   1.585184e+00 |  -3.538625e-01 |     1.833663e-01 |  -4.290691e-02 |  -4.290691e-02 |
|   3.300000e-02 |   1.584833e+00 |  -3.510791e-01 |     1.819580e-01 |  -4.295516e-02 |  -4.295516e-02 |
|   3.400000e-02 |   1.584484e+00 |  -3.483756e-01 |     1.805893e-01 |  -4.300303e-02 |  -4.300303e-02 |
|   3.500000e-02 |   1.584139e+00 |  -3.457471e-01 |     1.792577e-01 |  -4.305055e-02 |  -4.305055e-02 |
|   3.600000e-02 |   1.583796e+00 |  -3.431890e-01 |     1.779608e-01 |  -4.309772e-02 |  -4.309772e-02 |
|   3.700000e-02 |   1.583455e+00 |  -3.406972e-01 |     1.766965e-01 |  -4.314455e-02 |  -4.314455e-02 |
|   3.800000e-02 |   1.583117e+00 |  -3.382678e-01 |     1.754631e-01 |  -4.319104e-02 |  -4.319104e-02 |
|   3.900000e-02 |   1.582781e+00 |  -3.358973e-01 |     1.742588e-01 |  -4.323721e-02 |  -4.323721e-02 |
|   4.000000e-02 |   1.582447e+00 |  -3.335824e-01 |     1.730819e-01 |  -4.328307e-02 |  -4.328307e-02 |
|   4.100000e-02 |   1.582116e+00 |  -3.313202e-01 |     1.719309e-01 |  -4.332862e-02 |  -4.332862e-02 |
|   4.200000e-02 |   1.581787e+00 |  -3.291077e-01 |     1.708045e-01 |  -4.337387e-02 |  -4.337387e-02 |
+----------------+----------------+----------------+------------------+----------------+----------------+
+----------------+--------------------+--------------------+----------------+----------------+----------------+
| time           | solid_fraction_max | solid_fraction_min | stability_max  | stability_min  | top_reaction   |
+----------------+--------------------+--------------------+----------------+----------------+----------------+
:                :                    :                    :                :                :                :
|   2.800000e-02 |       6.090895e-01 |       6.038503e-01 |   2.811581e+01 |   2.800386e+01 |  -1.400000e+00 |
|   2.900000e-02 |       6.090906e-01 |       6.038695e-01 |   2.811556e+01 |   2.800383e+01 |  -1.400000e+00 |
|   3.000000e-02 |       6.090918e-01 |       6.038892e-01 |   2.811528e+01 |   2.800380e+01 |  -1.400000e+00 |
|   3.100000e-02 |       6.090933e-01 |       6.039093e-01 |   2.811500e+01 |   2.800377e+01 |  -1.400000e+00 |
|   3.200000e-02 |       6.090949e-01 |       6.039300e-01 |   2.811470e+01 |   2.800374e+01 |  -1.400000e+00 |
|   3.300000e-02 |       6.090967e-01 |       6.039510e-01 |   2.811438e+01 |   2.800371e+01 |  -1.400000e+00 |
|   3.400000e-02 |       6.090986e-01 |       6.039725e-01 |   2.811406e+01 |   2.800368e+01 |  -1.400000e+00 |
|   3.500000e-02 |       6.091007e-01 |       6.039943e-01 |   2.811372e+01 |   2.800366e+01 |  -1.400000e+00 |
|   3.600000e-02 |       6.091029e-01 |       6.040164e-01 |   2.811338e+01 |   2.800363e+01 |  -1.400000e+00 |
|   3.700000e-02 |       6.091052e-01 |       6.040388e-01 |   2.811302e+01 |   2.800360e+01 |  -1.400000e+00 |
|   3.800000e-02 |       6.091077e-01 |       6.040615e-01 |   2.811266e+01 |   2.800358e+01 |  -1.400000e+00 |
|   3.900000e-02 |       6.091102e-01 |       6.040844e-01 |   2.811228e+01 |   2.800356e+01 |  -1.400000e+00 |
|   4.000000e-02 |       6.091129e-01 |       6.041076e-01 |   2.811190e+01 |   2.800353e+01 |  -1.400000e+00 |
|   4.100000e-02 |       6.091157e-01 |       6.041310e-01 |   2.811152e+01 |   2.800351e+01 |  -1.400000e+00 |
|   4.200000e-02 |       6.091186e-01 |       6.041545e-01 |   2.811112e+01 |   2.800349e+01 |  -1.400000e+00 |
+----------------+--------------------+--------------------+----------------+----------------+----------------+


Time Step 43, time = 0.043, dt = 0.001
 * Nonlinear |R| = [32m2.654550e-02[39m (Before preset BCs, predictors, correctors, and constraints)
 0 Nonlinear |R| = [32m2.654550e-02[39m
      0 Linear |R| = [32m2.654550e-02[39m
      1 Linear |R| = [32m1.659516e-03[39m
      2 Linear |R| = [33m1.627932e-03[39m
      3 Linear |R| = [32m4.846982e-04[39m
      4 Linear |R| = [32m4.102428e-05[39m
      5 Linear |R| = [32m1.852493e-05[39m
      6 Linear |R| = [32m7.376031e-06[39m
      7 Linear |R| = [32m4.692441e-06[39m
      8 Linear |R| = [32m1.266806e-06[39m
      9 Linear |R| = [32m6.554913e-07[39m
     10 Linear |R| = [32m5.121134e-07[39m
     11 Linear |R| = [32m3.452483e-07[39m
     12 Linear |R| = [32m6.959715e-08[39m
     13 Linear |R| = [32m4.731341e-08[39m
     14 Linear |R| = [32m1.135352e-08[39m
     15 Linear |R| = [32m9.163061e-09[39m
     16 Linear |R| = [32m5.482633e-09[39m
     17 Linear |R| = [32m2.578522e-09[39m
     18 Linear |R| = [32m7.092059e-10[39m
     19 Linear |R| = [32m4.334701e-10[39m
     20 Linear |R| = [32m3.091334e-10[39m
     21 Linear |R| = [32m1.273642e-10[39m
     22 Linear |R| = [32m5.552209e-11[39m
     23 Linear |R| = [32m3.080692e-11[39m
     24 Linear |R| = [32m6.163286e-12[39m
 1 Nonlinear |R| = [32m2.274751e-06[39m
      0 Linear |R| = [32m2.274751e-06[39m
      1 Linear |R| = [32m7.697214e-08[39m
      2 Linear |R| = [32m6.488305e-08[39m
      3 Linear |R| = [32m1.676320e-08[39m
      4 Linear |R| = [32m1.466896e-09[39m
      5 Linear |R| = [32m1.283316e-09[39m
      6 Linear |R| = [32m3.774979e-10[39m
      7 Linear |R| = [32m2.188690e-10[39m
      8 Linear |R| = [32m5.756690e-11[39m
      9 Linear |R| = [32m3.340776e-11[39m
     10 Linear |R| = [32m3.152186e-11[39m
     11 Linear |R| = [32m1.485169e-11[39m
     12 Linear |R| = [32m4.089474e-12[39m
     13 Linear |R| = [32m2.587856e-12[39m
     14 Linear |R| = [32m5.151586e-13[39m
     15 Linear |R| = [33m5.045319e-13[39m
     16 Linear |R| = [32m2.996576e-13[39m
     17 Linear |R| = [32m1.066394e-13[39m
     18 Linear |R| = [32m3.734451e-14[39m
     19 Linear |R| = [32m1.868881e-14[39m
     20 Linear |R| = [32m1.700764e-14[39m
     21 Linear |R| = [32m4.864604e-15[39m
     22 Linear |R| = [32m2.707648e-15[39m
     23 Linear |R| = [32m1.150112e-15[39m
 2 Nonlinear |R| = [32m3.951674e-12[39m
[32m Solve Converged![39m

Postprocessor Values:
+----------------+----------------+----------------+----------------+----------------+----------------+----------------+
| time           | J_max          | J_min          | Jbar_max       | Jbar_min       | center_pressure| edge_ux        |
+----------------+----------------+----------------+----------------+----------------+----------------+----------------+
:                :                :                :                :                :                :                :
|   2.900000e-02 |   9.832702e-01 |   9.747032e-01 |   9.905706e-01 |   9.894597e-01 |   1.746711e-01 |   6.507352e-03 |
|   3.000000e-02 |   9.831928e-01 |   9.747014e-01 |   9.905601e-01 |   9.894600e-01 |   1.737526e-01 |   6.461400e-03 |
|   3.100000e-02 |   9.831520e-01 |   9.746990e-01 |   9.905496e-01 |   9.894601e-01 |   1.728450e-01 |   6.415626e-03 |
|   3.200000e-02 |   9.831106e-01 |   9.746961e-01 |   9.905392e-01 |   9.894599e-01 |   1.719476e-01 |   6.370027e-03 |
|   3.300000e-02 |   9.830687e-01 |   9.746928e-01 |   9.905289e-01 |   9.894595e-01 |   1.710598e-01 |   6.324601e-03 |
|   3.400000e-02 |   9.830264e-01 |   9.746890e-01 |   9.905186e-01 |   9.894589e-01 |   1.701812e-01 |   6.279348e-03 |
|   3.500000e-02 |   9.829837e-01 |   9.746848e-01 |   9.905084e-01 |   9.894581e-01 |   1.693114e-01 |   6.234269e-03 |
|   3.600000e-02 |   9.829405e-01 |   9.746801e-01 |   9.904983e-01 |   9.894570e-01 |   1.684499e-01 |   6.189363e-03 |
|   3.700000e-02 |   9.828971e-01 |   9.746751e-01 |   9.904883e-01 |   9.894558e-01 |   1.675964e-01 |   6.144632e-03 |
|   3.800000e-02 |   9.828534e-01 |   9.746697e-01 |   9.904783e-01 |   9.894545e-01 |   1.667505e-01 |   6.100075e-03 |
|   3.900000e-02 |   9.828094e-01 |   9.746640e-01 |   9.904684e-01 |   9.894529e-01 |   1.659119e-01 |   6.055695e-03 |
|   4.000000e-02 |   9.827651e-01 |   9.746580e-01 |   9.904586e-01 |   9.894513e-01 |   1.650804e-01 |   6.011491e-03 |
|   4.100000e-02 |   9.827207e-01 |   9.746517e-01 |   9.904488e-01 |   9.894494e-01 |   1.642557e-01 |   5.967464e-03 |
|   4.200000e-02 |   9.826761e-01 |   9.746451e-01 |   9.904391e-01 |   9.894475e-01 |   1.634375e-01 |   5.923616e-03 |
|   4.300000e-02 |   9.826313e-01 |   9.746382e-01 |   9.904295e-01 |   9.894454e-01 |   1.626257e-01 |   5.879948e-03 |
+----------------+----------------+----------------+----------------+----------------+----------------+----------------+
+----------------+----------------+----------------+------------------+----------------+----------------+
| time           | mass           | mass_reaction  | outflow_gradient | platen_max     | platen_min     |
+----------------+----------------+----------------+------------------+----------------+----------------+
:                :                :                :                  :                :                :
|   2.900000e-02 |   1.586254e+00 |  -3.627507e-01 |     1.878574e-01 |  -4.275984e-02 |  -4.275984e-02 |
|   3.000000e-02 |   1.585894e+00 |  -3.596918e-01 |     1.863127e-01 |  -4.280927e-02 |  -4.280927e-02 |
|   3.100000e-02 |   1.585538e+00 |  -3.567314e-01 |     1.848168e-01 |  -4.285828e-02 |  -4.285828e-02 |
|   3.200000e-02 |   1.585184e+00 |  -3.538625e-01 |     1.833663e-01 |  -4.290691e-02 |  -4.290691e-02 |
|   3.300000e-02 |   1.584833e+00 |  -3.510791e-01 |     1.819580e-01 |  -4.295516e-02 |  -4.295516e-02 |
|   3.400000e-02 |   1.584484e+00 |  -3.483756e-01 |     1.805893e-01 |  -4.300303e-02 |  -4.300303e-02 |
|   3.500000e-02 |   1.584139e+00 |  -3.457471e-01 |     1.792577e-01 |  -4.305055e-02 |  -4.305055e-02 |
|   3.600000e-02 |   1.583796e+00 |  -3.431890e-01 |     1.779608e-01 |  -4.309772e-02 |  -4.309772e-02 |
|   3.700000e-02 |   1.583455e+00 |  -3.406972e-01 |     1.766965e-01 |  -4.314455e-02 |  -4.314455e-02 |
|   3.800000e-02 |   1.583117e+00 |  -3.382678e-01 |     1.754631e-01 |  -4.319104e-02 |  -4.319104e-02 |
|   3.900000e-02 |   1.582781e+00 |  -3.358973e-01 |     1.742588e-01 |  -4.323721e-02 |  -4.323721e-02 |
|   4.000000e-02 |   1.582447e+00 |  -3.335824e-01 |     1.730819e-01 |  -4.328307e-02 |  -4.328307e-02 |
|   4.100000e-02 |   1.582116e+00 |  -3.313202e-01 |     1.719309e-01 |  -4.332862e-02 |  -4.332862e-02 |
|   4.200000e-02 |   1.581787e+00 |  -3.291077e-01 |     1.708045e-01 |  -4.337387e-02 |  -4.337387e-02 |
|   4.300000e-02 |   1.581460e+00 |  -3.269425e-01 |     1.697013e-01 |  -4.341882e-02 |  -4.341882e-02 |
+----------------+----------------+----------------+------------------+----------------+----------------+
+----------------+--------------------+--------------------+----------------+----------------+----------------+
| time           | solid_fraction_max | solid_fraction_min | stability_max  | stability_min  | top_reaction   |
+----------------+--------------------+--------------------+----------------+----------------+----------------+
:                :                    :                    :                :                :                :
|   2.900000e-02 |       6.090906e-01 |       6.038695e-01 |   2.811556e+01 |   2.800383e+01 |  -1.400000e+00 |
|   3.000000e-02 |       6.090918e-01 |       6.038892e-01 |   2.811528e+01 |   2.800380e+01 |  -1.400000e+00 |
|   3.100000e-02 |       6.090933e-01 |       6.039093e-01 |   2.811500e+01 |   2.800377e+01 |  -1.400000e+00 |
|   3.200000e-02 |       6.090949e-01 |       6.039300e-01 |   2.811470e+01 |   2.800374e+01 |  -1.400000e+00 |
|   3.300000e-02 |       6.090967e-01 |       6.039510e-01 |   2.811438e+01 |   2.800371e+01 |  -1.400000e+00 |
|   3.400000e-02 |       6.090986e-01 |       6.039725e-01 |   2.811406e+01 |   2.800368e+01 |  -1.400000e+00 |
|   3.500000e-02 |       6.091007e-01 |       6.039943e-01 |   2.811372e+01 |   2.800366e+01 |  -1.400000e+00 |
|   3.600000e-02 |       6.091029e-01 |       6.040164e-01 |   2.811338e+01 |   2.800363e+01 |  -1.400000e+00 |
|   3.700000e-02 |       6.091052e-01 |       6.040388e-01 |   2.811302e+01 |   2.800360e+01 |  -1.400000e+00 |
|   3.800000e-02 |       6.091077e-01 |       6.040615e-01 |   2.811266e+01 |   2.800358e+01 |  -1.400000e+00 |
|   3.900000e-02 |       6.091102e-01 |       6.040844e-01 |   2.811228e+01 |   2.800356e+01 |  -1.400000e+00 |
|   4.000000e-02 |       6.091129e-01 |       6.041076e-01 |   2.811190e+01 |   2.800353e+01 |  -1.400000e+00 |
|   4.100000e-02 |       6.091157e-01 |       6.041310e-01 |   2.811152e+01 |   2.800351e+01 |  -1.400000e+00 |
|   4.200000e-02 |       6.091186e-01 |       6.041545e-01 |   2.811112e+01 |   2.800349e+01 |  -1.400000e+00 |
|   4.300000e-02 |       6.091215e-01 |       6.041783e-01 |   2.811072e+01 |   2.800346e+01 |  -1.400000e+00 |
+----------------+--------------------+--------------------+----------------+----------------+----------------+


Time Step 44, time = 0.044, dt = 0.001
 * Nonlinear |R| = [32m2.636082e-02[39m (Before preset BCs, predictors, correctors, and constraints)
 0 Nonlinear |R| = [32m2.636082e-02[39m
      0 Linear |R| = [32m2.636082e-02[39m
      1 Linear |R| = [32m1.648943e-03[39m
      2 Linear |R| = [33m1.617551e-03[39m
      3 Linear |R| = [32m4.815240e-04[39m
      4 Linear |R| = [32m4.074829e-05[39m
      5 Linear |R| = [32m1.915196e-05[39m
      6 Linear |R| = [32m7.292339e-06[39m
      7 Linear |R| = [32m4.639825e-06[39m
      8 Linear |R| = [32m1.253496e-06[39m
      9 Linear |R| = [32m6.474977e-07[39m
     10 Linear |R| = [32m5.119248e-07[39m
     11 Linear |R| = [32m3.415118e-07[39m
     12 Linear |R| = [32m6.832804e-08[39m
     13 Linear |R| = [32m4.642167e-08[39m
     14 Linear |R| = [32m1.120744e-08[39m
     15 Linear |R| = [32m9.260353e-09[39m
     16 Linear |R| = [32m5.380154e-09[39m
     17 Linear |R| = [32m2.539446e-09[39m
     18 Linear |R| = [32m6.947422e-10[39m
     19 Linear |R| = [32m4.255842e-10[39m
     20 Linear |R| = [32m3.144580e-10[39m
     21 Linear |R| = [32m1.255293e-10[39m
     22 Linear |R| = [32m5.480178e-11[39m
     23 Linear |R| = [32m3.045213e-11[39m
     24 Linear |R| = [32m6.109856e-12[39m
 1 Nonlinear |R| = [32m2.239362e-06[39m
      0 Linear |R| = [32m2.239362e-06[39m
      1 Linear |R| = [32m7.711645e-08[39m
      2 Linear |R| = [32m6.233314e-08[39m
      3 Linear |R| = [32m1.619470e-08[39m
      4 Linear |R| = [32m1.414124e-09[39m
      5 Linear |R| = [32m1.256939e-09[39m
      6 Linear |R| = [32m3.615422e-10[39m
      7 Linear |R| = [32m2.101984e-10[39m
      8 Linear |R| = [32m5.337595e-11[39m
      9 Linear |R| = [32m3.062026e-11[39m
     10 Linear |R| = [32m2.871188e-11[39m
     11 Linear |R| = [32m1.390105e-11[39m
     12 Linear |R| = [32m3.702471e-12[39m
     13 Linear |R| = [32m2.391457e-12[39m
     14 Linear |R| = [32m4.974707e-13[39m
     15 Linear |R| = [33m4.734504e-13[39m
     16 Linear |R| = [32m2.828556e-13[39m
     17 Linear |R| = [32m1.085329e-13[39m
     18 Linear |R| = [32m3.624874e-14[39m
     19 Linear |R| = [32m2.117445e-14[39m
     20 Linear |R| = [32m1.688449e-14[39m
     21 Linear |R| = [32m5.225709e-15[39m
     22 Linear |R| = [32m2.439314e-15[39m
     23 Linear |R| = [32m1.297583e-15[39m
 2 Nonlinear |R| = [32m4.007900e-12[39m
[32m Solve Converged![39m

Postprocessor Values:
+----------------+----------------+----------------+----------------+----------------+----------------+----------------+
| time           | J_max          | J_min          | Jbar_max       | Jbar_min       | center_pressure| edge_ux        |
+----------------+----------------+----------------+----------------+----------------+----------------+----------------+
:                :                :                :                :                :                :                :
|   3.000000e-02 |   9.831928e-01 |   9.747014e-01 |   9.905601e-01 |   9.894600e-01 |   1.737526e-01 |   6.461400e-03 |
|   3.100000e-02 |   9.831520e-01 |   9.746990e-01 |   9.905496e-01 |   9.894601e-01 |   1.728450e-01 |   6.415626e-03 |
|   3.200000e-02 |   9.831106e-01 |   9.746961e-01 |   9.905392e-01 |   9.894599e-01 |   1.719476e-01 |   6.370027e-03 |
|   3.300000e-02 |   9.830687e-01 |   9.746928e-01 |   9.905289e-01 |   9.894595e-01 |   1.710598e-01 |   6.324601e-03 |
|   3.400000e-02 |   9.830264e-01 |   9.746890e-01 |   9.905186e-01 |   9.894589e-01 |   1.701812e-01 |   6.279348e-03 |
|   3.500000e-02 |   9.829837e-01 |   9.746848e-01 |   9.905084e-01 |   9.894581e-01 |   1.693114e-01 |   6.234269e-03 |
|   3.600000e-02 |   9.829405e-01 |   9.746801e-01 |   9.904983e-01 |   9.894570e-01 |   1.684499e-01 |   6.189363e-03 |
|   3.700000e-02 |   9.828971e-01 |   9.746751e-01 |   9.904883e-01 |   9.894558e-01 |   1.675964e-01 |   6.144632e-03 |
|   3.800000e-02 |   9.828534e-01 |   9.746697e-01 |   9.904783e-01 |   9.894545e-01 |   1.667505e-01 |   6.100075e-03 |
|   3.900000e-02 |   9.828094e-01 |   9.746640e-01 |   9.904684e-01 |   9.894529e-01 |   1.659119e-01 |   6.055695e-03 |
|   4.000000e-02 |   9.827651e-01 |   9.746580e-01 |   9.904586e-01 |   9.894513e-01 |   1.650804e-01 |   6.011491e-03 |
|   4.100000e-02 |   9.827207e-01 |   9.746517e-01 |   9.904488e-01 |   9.894494e-01 |   1.642557e-01 |   5.967464e-03 |
|   4.200000e-02 |   9.826761e-01 |   9.746451e-01 |   9.904391e-01 |   9.894475e-01 |   1.634375e-01 |   5.923616e-03 |
|   4.300000e-02 |   9.826313e-01 |   9.746382e-01 |   9.904295e-01 |   9.894454e-01 |   1.626257e-01 |   5.879948e-03 |
|   4.400000e-02 |   9.825864e-01 |   9.746311e-01 |   9.904199e-01 |   9.894432e-01 |   1.618200e-01 |   5.836459e-03 |
+----------------+----------------+----------------+----------------+----------------+----------------+----------------+
+----------------+----------------+----------------+------------------+----------------+----------------+
| time           | mass           | mass_reaction  | outflow_gradient | platen_max     | platen_min     |
+----------------+----------------+----------------+------------------+----------------+----------------+
:                :                :                :                  :                :                :
|   3.000000e-02 |   1.585894e+00 |  -3.596918e-01 |     1.863127e-01 |  -4.280927e-02 |  -4.280927e-02 |
|   3.100000e-02 |   1.585538e+00 |  -3.567314e-01 |     1.848168e-01 |  -4.285828e-02 |  -4.285828e-02 |
|   3.200000e-02 |   1.585184e+00 |  -3.538625e-01 |     1.833663e-01 |  -4.290691e-02 |  -4.290691e-02 |
|   3.300000e-02 |   1.584833e+00 |  -3.510791e-01 |     1.819580e-01 |  -4.295516e-02 |  -4.295516e-02 |
|   3.400000e-02 |   1.584484e+00 |  -3.483756e-01 |     1.805893e-01 |  -4.300303e-02 |  -4.300303e-02 |
|   3.500000e-02 |   1.584139e+00 |  -3.457471e-01 |     1.792577e-01 |  -4.305055e-02 |  -4.305055e-02 |
|   3.600000e-02 |   1.583796e+00 |  -3.431890e-01 |     1.779608e-01 |  -4.309772e-02 |  -4.309772e-02 |
|   3.700000e-02 |   1.583455e+00 |  -3.406972e-01 |     1.766965e-01 |  -4.314455e-02 |  -4.314455e-02 |
|   3.800000e-02 |   1.583117e+00 |  -3.382678e-01 |     1.754631e-01 |  -4.319104e-02 |  -4.319104e-02 |
|   3.900000e-02 |   1.582781e+00 |  -3.358973e-01 |     1.742588e-01 |  -4.323721e-02 |  -4.323721e-02 |
|   4.000000e-02 |   1.582447e+00 |  -3.335824e-01 |     1.730819e-01 |  -4.328307e-02 |  -4.328307e-02 |
|   4.100000e-02 |   1.582116e+00 |  -3.313202e-01 |     1.719309e-01 |  -4.332862e-02 |  -4.332862e-02 |
|   4.200000e-02 |   1.581787e+00 |  -3.291077e-01 |     1.708045e-01 |  -4.337387e-02 |  -4.337387e-02 |
|   4.300000e-02 |   1.581460e+00 |  -3.269425e-01 |     1.697013e-01 |  -4.341882e-02 |  -4.341882e-02 |
|   4.400000e-02 |   1.581135e+00 |  -3.248220e-01 |     1.686203e-01 |  -4.346348e-02 |  -4.346348e-02 |
+----------------+----------------+----------------+------------------+----------------+----------------+
+----------------+--------------------+--------------------+----------------+----------------+----------------+
| time           | solid_fraction_max | solid_fraction_min | stability_max  | stability_min  | top_reaction   |
+----------------+--------------------+--------------------+----------------+----------------+----------------+
:                :                    :                    :                :                :                :
|   3.000000e-02 |       6.090918e-01 |       6.038892e-01 |   2.811528e+01 |   2.800380e+01 |  -1.400000e+00 |
|   3.100000e-02 |       6.090933e-01 |       6.039093e-01 |   2.811500e+01 |   2.800377e+01 |  -1.400000e+00 |
|   3.200000e-02 |       6.090949e-01 |       6.039300e-01 |   2.811470e+01 |   2.800374e+01 |  -1.400000e+00 |
|   3.300000e-02 |       6.090967e-01 |       6.039510e-01 |   2.811438e+01 |   2.800371e+01 |  -1.400000e+00 |
|   3.400000e-02 |       6.090986e-01 |       6.039725e-01 |   2.811406e+01 |   2.800368e+01 |  -1.400000e+00 |
|   3.500000e-02 |       6.091007e-01 |       6.039943e-01 |   2.811372e+01 |   2.800366e+01 |  -1.400000e+00 |
|   3.600000e-02 |       6.091029e-01 |       6.040164e-01 |   2.811338e+01 |   2.800363e+01 |  -1.400000e+00 |
|   3.700000e-02 |       6.091052e-01 |       6.040388e-01 |   2.811302e+01 |   2.800360e+01 |  -1.400000e+00 |
|   3.800000e-02 |       6.091077e-01 |       6.040615e-01 |   2.811266e+01 |   2.800358e+01 |  -1.400000e+00 |
|   3.900000e-02 |       6.091102e-01 |       6.040844e-01 |   2.811228e+01 |   2.800356e+01 |  -1.400000e+00 |
|   4.000000e-02 |       6.091129e-01 |       6.041076e-01 |   2.811190e+01 |   2.800353e+01 |  -1.400000e+00 |
|   4.100000e-02 |       6.091157e-01 |       6.041310e-01 |   2.811152e+01 |   2.800351e+01 |  -1.400000e+00 |
|   4.200000e-02 |       6.091186e-01 |       6.041545e-01 |   2.811112e+01 |   2.800349e+01 |  -1.400000e+00 |
|   4.300000e-02 |       6.091215e-01 |       6.041783e-01 |   2.811072e+01 |   2.800346e+01 |  -1.400000e+00 |
|   4.400000e-02 |       6.091246e-01 |       6.042022e-01 |   2.811032e+01 |   2.800344e+01 |  -1.400000e+00 |
+----------------+--------------------+--------------------+----------------+----------------+----------------+


Time Step 45, time = 0.045, dt = 0.001
 * Nonlinear |R| = [32m2.618253e-02[39m (Before preset BCs, predictors, correctors, and constraints)
 0 Nonlinear |R| = [32m2.618253e-02[39m
      0 Linear |R| = [32m2.618253e-02[39m
      1 Linear |R| = [32m1.638567e-03[39m
      2 Linear |R| = [33m1.607354e-03[39m
      3 Linear |R| = [32m4.784732e-04[39m
      4 Linear |R| = [32m4.048209e-05[39m
      5 Linear |R| = [32m1.860762e-05[39m
      6 Linear |R| = [32m7.212209e-06[39m
      7 Linear |R| = [32m4.589414e-06[39m
      8 Linear |R| = [32m1.240714e-06[39m
      9 Linear |R| = [32m6.397217e-07[39m
     10 Linear |R| = [32m4.982222e-07[39m
     11 Linear |R| = [32m3.378052e-07[39m
     12 Linear |R| = [32m6.712197e-08[39m
     13 Linear |R| = [32m4.557130e-08[39m
     14 Linear |R| = [32m1.104496e-08[39m
     15 Linear |R| = [32m8.930464e-09[39m
     16 Linear |R| = [32m5.280866e-09[39m
     17 Linear |R| = [32m2.501343e-09[39m
     18 Linear |R| = [32m6.805700e-10[39m
     19 Linear |R| = [32m4.175132e-10[39m
     20 Linear |R| = [32m2.908647e-10[39m
     21 Linear |R| = [32m1.236841e-10[39m
     22 Linear |R| = [32m5.408942e-11[39m
     23 Linear |R| = [32m3.010122e-11[39m
     24 Linear |R| = [32m6.051149e-12[39m
 1 Nonlinear |R| = [32m2.207641e-06[39m
      0 Linear |R| = [32m2.207641e-06[39m
      1 Linear |R| = [32m7.518463e-08[39m
      2 Linear |R| = [32m6.298146e-08[39m
      3 Linear |R| = [32m1.626424e-08[39m
      4 Linear |R| = [32m1.412087e-09[39m
      5 Linear |R| = [32m1.242533e-09[39m
      6 Linear |R| = [32m3.354259e-10[39m
      7 Linear |R| = [32m1.998557e-10[39m
      8 Linear |R| = [32m5.288747e-11[39m
      9 Linear |R| = [32m3.043466e-11[39m
     10 Linear |R| = [33m2.900235e-11[39m
     11 Linear |R| = [32m1.370059e-11[39m
     12 Linear |R| = [32m3.478036e-12[39m
     13 Linear |R| = [32m2.279788e-12[39m
     14 Linear |R| = [32m4.779074e-13[39m
     15 Linear |R| = [33m4.604926e-13[39m
     16 Linear |R| = [32m2.708090e-13[39m
     17 Linear |R| = [32m9.828759e-14[39m
     18 Linear |R| = [32m3.341018e-14[39m
     19 Linear |R| = [32m1.716957e-14[39m
     20 Linear |R| = [32m1.544021e-14[39m
     21 Linear |R| = [32m4.134764e-15[39m
     22 Linear |R| = [32m2.263809e-15[39m
     23 Linear |R| = [32m9.250056e-16[39m
 2 Nonlinear |R| = [32m3.932707e-12[39m
[32m Solve Converged![39m

Postprocessor Values:
+----------------+----------------+----------------+----------------+----------------+----------------+----------------+
| time           | J_max          | J_min          | Jbar_max       | Jbar_min       | center_pressure| edge_ux        |
+----------------+----------------+----------------+----------------+----------------+----------------+----------------+
:                :                :                :                :                :                :                :
|   3.100000e-02 |   9.831520e-01 |   9.746990e-01 |   9.905496e-01 |   9.894601e-01 |   1.728450e-01 |   6.415626e-03 |
|   3.200000e-02 |   9.831106e-01 |   9.746961e-01 |   9.905392e-01 |   9.894599e-01 |   1.719476e-01 |   6.370027e-03 |
|   3.300000e-02 |   9.830687e-01 |   9.746928e-01 |   9.905289e-01 |   9.894595e-01 |   1.710598e-01 |   6.324601e-03 |
|   3.400000e-02 |   9.830264e-01 |   9.746890e-01 |   9.905186e-01 |   9.894589e-01 |   1.701812e-01 |   6.279348e-03 |
|   3.500000e-02 |   9.829837e-01 |   9.746848e-01 |   9.905084e-01 |   9.894581e-01 |   1.693114e-01 |   6.234269e-03 |
|   3.600000e-02 |   9.829405e-01 |   9.746801e-01 |   9.904983e-01 |   9.894570e-01 |   1.684499e-01 |   6.189363e-03 |
|   3.700000e-02 |   9.828971e-01 |   9.746751e-01 |   9.904883e-01 |   9.894558e-01 |   1.675964e-01 |   6.144632e-03 |
|   3.800000e-02 |   9.828534e-01 |   9.746697e-01 |   9.904783e-01 |   9.894545e-01 |   1.667505e-01 |   6.100075e-03 |
|   3.900000e-02 |   9.828094e-01 |   9.746640e-01 |   9.904684e-01 |   9.894529e-01 |   1.659119e-01 |   6.055695e-03 |
|   4.000000e-02 |   9.827651e-01 |   9.746580e-01 |   9.904586e-01 |   9.894513e-01 |   1.650804e-01 |   6.011491e-03 |
|   4.100000e-02 |   9.827207e-01 |   9.746517e-01 |   9.904488e-01 |   9.894494e-01 |   1.642557e-01 |   5.967464e-03 |
|   4.200000e-02 |   9.826761e-01 |   9.746451e-01 |   9.904391e-01 |   9.894475e-01 |   1.634375e-01 |   5.923616e-03 |
|   4.300000e-02 |   9.826313e-01 |   9.746382e-01 |   9.904295e-01 |   9.894454e-01 |   1.626257e-01 |   5.879948e-03 |
|   4.400000e-02 |   9.825864e-01 |   9.746311e-01 |   9.904199e-01 |   9.894432e-01 |   1.618200e-01 |   5.836459e-03 |
|   4.500000e-02 |   9.825414e-01 |   9.746237e-01 |   9.904105e-01 |   9.894409e-01 |   1.610202e-01 |   5.793151e-03 |
+----------------+----------------+----------------+----------------+----------------+----------------+----------------+
+----------------+----------------+----------------+------------------+----------------+----------------+
| time           | mass           | mass_reaction  | outflow_gradient | platen_max     | platen_min     |
+----------------+----------------+----------------+------------------+----------------+----------------+
:                :                :                :                  :                :                :
|   3.100000e-02 |   1.585538e+00 |  -3.567314e-01 |     1.848168e-01 |  -4.285828e-02 |  -4.285828e-02 |
|   3.200000e-02 |   1.585184e+00 |  -3.538625e-01 |     1.833663e-01 |  -4.290691e-02 |  -4.290691e-02 |
|   3.300000e-02 |   1.584833e+00 |  -3.510791e-01 |     1.819580e-01 |  -4.295516e-02 |  -4.295516e-02 |
|   3.400000e-02 |   1.584484e+00 |  -3.483756e-01 |     1.805893e-01 |  -4.300303e-02 |  -4.300303e-02 |
|   3.500000e-02 |   1.584139e+00 |  -3.457471e-01 |     1.792577e-01 |  -4.305055e-02 |  -4.305055e-02 |
|   3.600000e-02 |   1.583796e+00 |  -3.431890e-01 |     1.779608e-01 |  -4.309772e-02 |  -4.309772e-02 |
|   3.700000e-02 |   1.583455e+00 |  -3.406972e-01 |     1.766965e-01 |  -4.314455e-02 |  -4.314455e-02 |
|   3.800000e-02 |   1.583117e+00 |  -3.382678e-01 |     1.754631e-01 |  -4.319104e-02 |  -4.319104e-02 |
|   3.900000e-02 |   1.582781e+00 |  -3.358973e-01 |     1.742588e-01 |  -4.323721e-02 |  -4.323721e-02 |
|   4.000000e-02 |   1.582447e+00 |  -3.335824e-01 |     1.730819e-01 |  -4.328307e-02 |  -4.328307e-02 |
|   4.100000e-02 |   1.582116e+00 |  -3.313202e-01 |     1.719309e-01 |  -4.332862e-02 |  -4.332862e-02 |
|   4.200000e-02 |   1.581787e+00 |  -3.291077e-01 |     1.708045e-01 |  -4.337387e-02 |  -4.337387e-02 |
|   4.300000e-02 |   1.581460e+00 |  -3.269425e-01 |     1.697013e-01 |  -4.341882e-02 |  -4.341882e-02 |
|   4.400000e-02 |   1.581135e+00 |  -3.248220e-01 |     1.686203e-01 |  -4.346348e-02 |  -4.346348e-02 |
|   4.500000e-02 |   1.580812e+00 |  -3.227440e-01 |     1.675601e-01 |  -4.350786e-02 |  -4.350786e-02 |
+----------------+----------------+----------------+------------------+----------------+----------------+
+----------------+--------------------+--------------------+----------------+----------------+----------------+
| time           | solid_fraction_max | solid_fraction_min | stability_max  | stability_min  | top_reaction   |
+----------------+--------------------+--------------------+----------------+----------------+----------------+
:                :                    :                    :                :                :                :
|   3.100000e-02 |       6.090933e-01 |       6.039093e-01 |   2.811500e+01 |   2.800377e+01 |  -1.400000e+00 |
|   3.200000e-02 |       6.090949e-01 |       6.039300e-01 |   2.811470e+01 |   2.800374e+01 |  -1.400000e+00 |
|   3.300000e-02 |       6.090967e-01 |       6.039510e-01 |   2.811438e+01 |   2.800371e+01 |  -1.400000e+00 |
|   3.400000e-02 |       6.090986e-01 |       6.039725e-01 |   2.811406e+01 |   2.800368e+01 |  -1.400000e+00 |
|   3.500000e-02 |       6.091007e-01 |       6.039943e-01 |   2.811372e+01 |   2.800366e+01 |  -1.400000e+00 |
|   3.600000e-02 |       6.091029e-01 |       6.040164e-01 |   2.811338e+01 |   2.800363e+01 |  -1.400000e+00 |
|   3.700000e-02 |       6.091052e-01 |       6.040388e-01 |   2.811302e+01 |   2.800360e+01 |  -1.400000e+00 |
|   3.800000e-02 |       6.091077e-01 |       6.040615e-01 |   2.811266e+01 |   2.800358e+01 |  -1.400000e+00 |
|   3.900000e-02 |       6.091102e-01 |       6.040844e-01 |   2.811228e+01 |   2.800356e+01 |  -1.400000e+00 |
|   4.000000e-02 |       6.091129e-01 |       6.041076e-01 |   2.811190e+01 |   2.800353e+01 |  -1.400000e+00 |
|   4.100000e-02 |       6.091157e-01 |       6.041310e-01 |   2.811152e+01 |   2.800351e+01 |  -1.400000e+00 |
|   4.200000e-02 |       6.091186e-01 |       6.041545e-01 |   2.811112e+01 |   2.800349e+01 |  -1.400000e+00 |
|   4.300000e-02 |       6.091215e-01 |       6.041783e-01 |   2.811072e+01 |   2.800346e+01 |  -1.400000e+00 |
|   4.400000e-02 |       6.091246e-01 |       6.042022e-01 |   2.811032e+01 |   2.800344e+01 |  -1.400000e+00 |
|   4.500000e-02 |       6.091277e-01 |       6.042262e-01 |   2.810991e+01 |   2.800342e+01 |  -1.400000e+00 |
+----------------+--------------------+--------------------+----------------+----------------+----------------+


Time Step 46, time = 0.046, dt = 0.001
 * Nonlinear |R| = [32m2.601006e-02[39m (Before preset BCs, predictors, correctors, and constraints)
 0 Nonlinear |R| = [32m2.601006e-02[39m
      0 Linear |R| = [32m2.601006e-02[39m
      1 Linear |R| = [32m1.628401e-03[39m
      2 Linear |R| = [33m1.597368e-03[39m
      3 Linear |R| = [32m4.754589e-04[39m
      4 Linear |R| = [32m4.021938e-05[39m
      5 Linear |R| = [32m1.860912e-05[39m
      6 Linear |R| = [32m7.135384e-06[39m
      7 Linear |R| = [32m4.541023e-06[39m
      8 Linear |R| = [32m1.228416e-06[39m
      9 Linear |R| = [32m6.323747e-07[39m
     10 Linear |R| = [32m4.981757e-07[39m
     11 Linear |R| = [32m3.343614e-07[39m
     12 Linear |R| = [32m6.597575e-08[39m
     13 Linear |R| = [32m4.476052e-08[39m
     14 Linear |R| = [32m1.089756e-08[39m
     15 Linear |R| = [32m8.817775e-09[39m
     16 Linear |R| = [32m5.184900e-09[39m
     17 Linear |R| = [32m2.464173e-09[39m
     18 Linear |R| = [32m6.666828e-10[39m
     19 Linear |R| = [32m4.097439e-10[39m
     20 Linear |R| = [32m2.864617e-10[39m
     21 Linear |R| = [32m1.218795e-10[39m
     22 Linear |R| = [32m5.338420e-11[39m
     23 Linear |R| = [32m2.975326e-11[39m
     24 Linear |R| = [32m5.996299e-12[39m
 1 Nonlinear |R| = [32m2.173518e-06[39m
      0 Linear |R| = [32m2.173518e-06[39m
      1 Linear |R| = [32m7.399716e-08[39m
      2 Linear |R| = [32m6.350426e-08[39m
      3 Linear |R| = [32m1.635708e-08[39m
      4 Linear |R| = [32m1.422189e-09[39m
      5 Linear |R| = [32m1.246861e-09[39m
      6 Linear |R| = [32m3.413887e-10[39m
      7 Linear |R| = [32m1.998559e-10[39m
      8 Linear |R| = [32m5.475833e-11[39m
      9 Linear |R| = [32m3.222197e-11[39m
     10 Linear |R| = [33m3.068976e-11[39m
     11 Linear |R| = [32m1.398376e-11[39m
     12 Linear |R| = [32m3.399644e-12[39m
     13 Linear |R| = [32m2.240122e-12[39m
     14 Linear |R| = [32m4.926857e-13[39m
     15 Linear |R| = [33m4.795457e-13[39m
     16 Linear |R| = [32m2.797930e-13[39m
     17 Linear |R| = [32m1.028379e-13[39m
     18 Linear |R| = [32m3.388334e-14[39m
     19 Linear |R| = [32m1.916539e-14[39m
     20 Linear |R| = [32m1.667208e-14[39m
     21 Linear |R| = [32m4.570039e-15[39m
     22 Linear |R| = [32m2.365141e-15[39m
     23 Linear |R| = [32m1.094985e-15[39m
 2 Nonlinear |R| = [32m3.816937e-12[39m
[32m Solve Converged![39m

Postprocessor Values:
+----------------+----------------+----------------+----------------+----------------+----------------+----------------+
| time           | J_max          | J_min          | Jbar_max       | Jbar_min       | center_pressure| edge_ux        |
+----------------+----------------+----------------+----------------+----------------+----------------+----------------+
:                :                :                :                :                :                :                :
|   3.200000e-02 |   9.831106e-01 |   9.746961e-01 |   9.905392e-01 |   9.894599e-01 |   1.719476e-01 |   6.370027e-03 |
|   3.300000e-02 |   9.830687e-01 |   9.746928e-01 |   9.905289e-01 |   9.894595e-01 |   1.710598e-01 |   6.324601e-03 |
|   3.400000e-02 |   9.830264e-01 |   9.746890e-01 |   9.905186e-01 |   9.894589e-01 |   1.701812e-01 |   6.279348e-03 |
|   3.500000e-02 |   9.829837e-01 |   9.746848e-01 |   9.905084e-01 |   9.894581e-01 |   1.693114e-01 |   6.234269e-03 |
|   3.600000e-02 |   9.829405e-01 |   9.746801e-01 |   9.904983e-01 |   9.894570e-01 |   1.684499e-01 |   6.189363e-03 |
|   3.700000e-02 |   9.828971e-01 |   9.746751e-01 |   9.904883e-01 |   9.894558e-01 |   1.675964e-01 |   6.144632e-03 |
|   3.800000e-02 |   9.828534e-01 |   9.746697e-01 |   9.904783e-01 |   9.894545e-01 |   1.667505e-01 |   6.100075e-03 |
|   3.900000e-02 |   9.828094e-01 |   9.746640e-01 |   9.904684e-01 |   9.894529e-01 |   1.659119e-01 |   6.055695e-03 |
|   4.000000e-02 |   9.827651e-01 |   9.746580e-01 |   9.904586e-01 |   9.894513e-01 |   1.650804e-01 |   6.011491e-03 |
|   4.100000e-02 |   9.827207e-01 |   9.746517e-01 |   9.904488e-01 |   9.894494e-01 |   1.642557e-01 |   5.967464e-03 |
|   4.200000e-02 |   9.826761e-01 |   9.746451e-01 |   9.904391e-01 |   9.894475e-01 |   1.634375e-01 |   5.923616e-03 |
|   4.300000e-02 |   9.826313e-01 |   9.746382e-01 |   9.904295e-01 |   9.894454e-01 |   1.626257e-01 |   5.879948e-03 |
|   4.400000e-02 |   9.825864e-01 |   9.746311e-01 |   9.904199e-01 |   9.894432e-01 |   1.618200e-01 |   5.836459e-03 |
|   4.500000e-02 |   9.825414e-01 |   9.746237e-01 |   9.904105e-01 |   9.894409e-01 |   1.610202e-01 |   5.793151e-03 |
|   4.600000e-02 |   9.824963e-01 |   9.746161e-01 |   9.904010e-01 |   9.894385e-01 |   1.602262e-01 |   5.750024e-03 |
+----------------+----------------+----------------+----------------+----------------+----------------+----------------+
+----------------+----------------+----------------+------------------+----------------+----------------+
| time           | mass           | mass_reaction  | outflow_gradient | platen_max     | platen_min     |
+----------------+----------------+----------------+------------------+----------------+----------------+
:                :                :                :                  :                :                :
|   3.200000e-02 |   1.585184e+00 |  -3.538625e-01 |     1.833663e-01 |  -4.290691e-02 |  -4.290691e-02 |
|   3.300000e-02 |   1.584833e+00 |  -3.510791e-01 |     1.819580e-01 |  -4.295516e-02 |  -4.295516e-02 |
|   3.400000e-02 |   1.584484e+00 |  -3.483756e-01 |     1.805893e-01 |  -4.300303e-02 |  -4.300303e-02 |
|   3.500000e-02 |   1.584139e+00 |  -3.457471e-01 |     1.792577e-01 |  -4.305055e-02 |  -4.305055e-02 |
|   3.600000e-02 |   1.583796e+00 |  -3.431890e-01 |     1.779608e-01 |  -4.309772e-02 |  -4.309772e-02 |
|   3.700000e-02 |   1.583455e+00 |  -3.406972e-01 |     1.766965e-01 |  -4.314455e-02 |  -4.314455e-02 |
|   3.800000e-02 |   1.583117e+00 |  -3.382678e-01 |     1.754631e-01 |  -4.319104e-02 |  -4.319104e-02 |
|   3.900000e-02 |   1.582781e+00 |  -3.358973e-01 |     1.742588e-01 |  -4.323721e-02 |  -4.323721e-02 |
|   4.000000e-02 |   1.582447e+00 |  -3.335824e-01 |     1.730819e-01 |  -4.328307e-02 |  -4.328307e-02 |
|   4.100000e-02 |   1.582116e+00 |  -3.313202e-01 |     1.719309e-01 |  -4.332862e-02 |  -4.332862e-02 |
|   4.200000e-02 |   1.581787e+00 |  -3.291077e-01 |     1.708045e-01 |  -4.337387e-02 |  -4.337387e-02 |
|   4.300000e-02 |   1.581460e+00 |  -3.269425e-01 |     1.697013e-01 |  -4.341882e-02 |  -4.341882e-02 |
|   4.400000e-02 |   1.581135e+00 |  -3.248220e-01 |     1.686203e-01 |  -4.346348e-02 |  -4.346348e-02 |
|   4.500000e-02 |   1.580812e+00 |  -3.227440e-01 |     1.675601e-01 |  -4.350786e-02 |  -4.350786e-02 |
|   4.600000e-02 |   1.580491e+00 |  -3.207062e-01 |     1.665199e-01 |  -4.355196e-02 |  -4.355196e-02 |
+----------------+----------------+----------------+------------------+----------------+----------------+
+----------------+--------------------+--------------------+----------------+----------------+----------------+
| time           | solid_fraction_max | solid_fraction_min | stability_max  | stability_min  | top_reaction   |
+----------------+--------------------+--------------------+----------------+----------------+----------------+
:                :                    :                    :                :                :                :
|   3.200000e-02 |       6.090949e-01 |       6.039300e-01 |   2.811470e+01 |   2.800374e+01 |  -1.400000e+00 |
|   3.300000e-02 |       6.090967e-01 |       6.039510e-01 |   2.811438e+01 |   2.800371e+01 |  -1.400000e+00 |
|   3.400000e-02 |       6.090986e-01 |       6.039725e-01 |   2.811406e+01 |   2.800368e+01 |  -1.400000e+00 |
|   3.500000e-02 |       6.091007e-01 |       6.039943e-01 |   2.811372e+01 |   2.800366e+01 |  -1.400000e+00 |
|   3.600000e-02 |       6.091029e-01 |       6.040164e-01 |   2.811338e+01 |   2.800363e+01 |  -1.400000e+00 |
|   3.700000e-02 |       6.091052e-01 |       6.040388e-01 |   2.811302e+01 |   2.800360e+01 |  -1.400000e+00 |
|   3.800000e-02 |       6.091077e-01 |       6.040615e-01 |   2.811266e+01 |   2.800358e+01 |  -1.400000e+00 |
|   3.900000e-02 |       6.091102e-01 |       6.040844e-01 |   2.811228e+01 |   2.800356e+01 |  -1.400000e+00 |
|   4.000000e-02 |       6.091129e-01 |       6.041076e-01 |   2.811190e+01 |   2.800353e+01 |  -1.400000e+00 |
|   4.100000e-02 |       6.091157e-01 |       6.041310e-01 |   2.811152e+01 |   2.800351e+01 |  -1.400000e+00 |
|   4.200000e-02 |       6.091186e-01 |       6.041545e-01 |   2.811112e+01 |   2.800349e+01 |  -1.400000e+00 |
|   4.300000e-02 |       6.091215e-01 |       6.041783e-01 |   2.811072e+01 |   2.800346e+01 |  -1.400000e+00 |
|   4.400000e-02 |       6.091246e-01 |       6.042022e-01 |   2.811032e+01 |   2.800344e+01 |  -1.400000e+00 |
|   4.500000e-02 |       6.091277e-01 |       6.042262e-01 |   2.810991e+01 |   2.800342e+01 |  -1.400000e+00 |
|   4.600000e-02 |       6.091309e-01 |       6.042503e-01 |   2.810949e+01 |   2.800340e+01 |  -1.400000e+00 |
+----------------+--------------------+--------------------+----------------+----------------+----------------+


Time Step 47, time = 0.047, dt = 0.001
 * Nonlinear |R| = [32m2.584290e-02[39m (Before preset BCs, predictors, correctors, and constraints)
 0 Nonlinear |R| = [32m2.584290e-02[39m
      0 Linear |R| = [32m2.584290e-02[39m
      1 Linear |R| = [32m1.618430e-03[39m
      2 Linear |R| = [33m1.587575e-03[39m
      3 Linear |R| = [32m4.724947e-04[39m
      4 Linear |R| = [32m3.997159e-05[39m
      5 Linear |R| = [32m1.937137e-05[39m
      6 Linear |R| = [32m7.061879e-06[39m
      7 Linear |R| = [32m4.494566e-06[39m
      8 Linear |R| = [32m1.216588e-06[39m
      9 Linear |R| = [32m6.255817e-07[39m
     10 Linear |R| = [32m5.100721e-07[39m
     11 Linear |R| = [32m3.311295e-07[39m
     12 Linear |R| = [32m6.488668e-08[39m
     13 Linear |R| = [32m4.398789e-08[39m
     14 Linear |R| = [32m1.080293e-08[39m
     15 Linear |R| = [32m9.436802e-09[39m
     16 Linear |R| = [32m5.093319e-09[39m
     17 Linear |R| = [32m2.427985e-09[39m
     18 Linear |R| = [32m6.531023e-10[39m
     19 Linear |R| = [32m4.025176e-10[39m
     20 Linear |R| = [32m3.173607e-10[39m
     21 Linear |R| = [32m1.201432e-10[39m
     22 Linear |R| = [32m5.268610e-11[39m
     23 Linear |R| = [32m2.940885e-11[39m
     24 Linear |R| = [32m5.952306e-12[39m
 1 Nonlinear |R| = [32m2.149296e-06[39m
      0 Linear |R| = [32m2.149296e-06[39m
      1 Linear |R| = [32m7.324260e-08[39m
      2 Linear |R| = [32m6.267382e-08[39m
      3 Linear |R| = [32m1.618895e-08[39m
      4 Linear |R| = [32m1.413907e-09[39m
      5 Linear |R| = [32m1.265826e-09[39m
      6 Linear |R| = [32m3.381853e-10[39m
      7 Linear |R| = [32m1.991497e-10[39m
      8 Linear |R| = [32m5.031903e-11[39m
      9 Linear |R| = [32m2.812862e-11[39m
     10 Linear |R| = [33m2.727987e-11[39m
     11 Linear |R| = [32m1.314938e-11[39m
     12 Linear |R| = [32m3.167292e-12[39m
     13 Linear |R| = [32m2.099458e-12[39m
     14 Linear |R| = [32m4.442666e-13[39m
     15 Linear |R| = [33m4.350608e-13[39m
     16 Linear |R| = [32m2.383065e-13[39m
     17 Linear |R| = [32m9.646661e-14[39m
     18 Linear |R| = [32m3.197774e-14[39m
     19 Linear |R| = [32m1.766399e-14[39m
     20 Linear |R| = [32m1.562862e-14[39m
     21 Linear |R| = [32m4.354860e-15[39m
     22 Linear |R| = [32m2.333234e-15[39m
     23 Linear |R| = [32m1.090973e-15[39m
 2 Nonlinear |R| = [32m4.112870e-12[39m
[32m Solve Converged![39m

Postprocessor Values:
+----------------+----------------+----------------+----------------+----------------+----------------+----------------+
| time           | J_max          | J_min          | Jbar_max       | Jbar_min       | center_pressure| edge_ux        |
+----------------+----------------+----------------+----------------+----------------+----------------+----------------+
:                :                :                :                :                :                :                :
|   3.300000e-02 |   9.830687e-01 |   9.746928e-01 |   9.905289e-01 |   9.894595e-01 |   1.710598e-01 |   6.324601e-03 |
|   3.400000e-02 |   9.830264e-01 |   9.746890e-01 |   9.905186e-01 |   9.894589e-01 |   1.701812e-01 |   6.279348e-03 |
|   3.500000e-02 |   9.829837e-01 |   9.746848e-01 |   9.905084e-01 |   9.894581e-01 |   1.693114e-01 |   6.234269e-03 |
|   3.600000e-02 |   9.829405e-01 |   9.746801e-01 |   9.904983e-01 |   9.894570e-01 |   1.684499e-01 |   6.189363e-03 |
|   3.700000e-02 |   9.828971e-01 |   9.746751e-01 |   9.904883e-01 |   9.894558e-01 |   1.675964e-01 |   6.144632e-03 |
|   3.800000e-02 |   9.828534e-01 |   9.746697e-01 |   9.904783e-01 |   9.894545e-01 |   1.667505e-01 |   6.100075e-03 |
|   3.900000e-02 |   9.828094e-01 |   9.746640e-01 |   9.904684e-01 |   9.894529e-01 |   1.659119e-01 |   6.055695e-03 |
|   4.000000e-02 |   9.827651e-01 |   9.746580e-01 |   9.904586e-01 |   9.894513e-01 |   1.650804e-01 |   6.011491e-03 |
|   4.100000e-02 |   9.827207e-01 |   9.746517e-01 |   9.904488e-01 |   9.894494e-01 |   1.642557e-01 |   5.967464e-03 |
|   4.200000e-02 |   9.826761e-01 |   9.746451e-01 |   9.904391e-01 |   9.894475e-01 |   1.634375e-01 |   5.923616e-03 |
|   4.300000e-02 |   9.826313e-01 |   9.746382e-01 |   9.904295e-01 |   9.894454e-01 |   1.626257e-01 |   5.879948e-03 |
|   4.400000e-02 |   9.825864e-01 |   9.746311e-01 |   9.904199e-01 |   9.894432e-01 |   1.618200e-01 |   5.836459e-03 |
|   4.500000e-02 |   9.825414e-01 |   9.746237e-01 |   9.904105e-01 |   9.894409e-01 |   1.610202e-01 |   5.793151e-03 |
|   4.600000e-02 |   9.824963e-01 |   9.746161e-01 |   9.904010e-01 |   9.894385e-01 |   1.602262e-01 |   5.750024e-03 |
|   4.700000e-02 |   9.824511e-01 |   9.746084e-01 |   9.903917e-01 |   9.894360e-01 |   1.594378e-01 |   5.707079e-03 |
+----------------+----------------+----------------+----------------+----------------+----------------+----------------+
+----------------+----------------+----------------+------------------+----------------+----------------+
| time           | mass           | mass_reaction  | outflow_gradient | platen_max     | platen_min     |
+----------------+----------------+----------------+------------------+----------------+----------------+
:                :                :                :                  :                :                :
|   3.300000e-02 |   1.584833e+00 |  -3.510791e-01 |     1.819580e-01 |  -4.295516e-02 |  -4.295516e-02 |
|   3.400000e-02 |   1.584484e+00 |  -3.483756e-01 |     1.805893e-01 |  -4.300303e-02 |  -4.300303e-02 |
|   3.500000e-02 |   1.584139e+00 |  -3.457471e-01 |     1.792577e-01 |  -4.305055e-02 |  -4.305055e-02 |
|   3.600000e-02 |   1.583796e+00 |  -3.431890e-01 |     1.779608e-01 |  -4.309772e-02 |  -4.309772e-02 |
|   3.700000e-02 |   1.583455e+00 |  -3.406972e-01 |     1.766965e-01 |  -4.314455e-02 |  -4.314455e-02 |
|   3.800000e-02 |   1.583117e+00 |  -3.382678e-01 |     1.754631e-01 |  -4.319104e-02 |  -4.319104e-02 |
|   3.900000e-02 |   1.582781e+00 |  -3.358973e-01 |     1.742588e-01 |  -4.323721e-02 |  -4.323721e-02 |
|   4.000000e-02 |   1.582447e+00 |  -3.335824e-01 |     1.730819e-01 |  -4.328307e-02 |  -4.328307e-02 |
|   4.100000e-02 |   1.582116e+00 |  -3.313202e-01 |     1.719309e-01 |  -4.332862e-02 |  -4.332862e-02 |
|   4.200000e-02 |   1.581787e+00 |  -3.291077e-01 |     1.708045e-01 |  -4.337387e-02 |  -4.337387e-02 |
|   4.300000e-02 |   1.581460e+00 |  -3.269425e-01 |     1.697013e-01 |  -4.341882e-02 |  -4.341882e-02 |
|   4.400000e-02 |   1.581135e+00 |  -3.248220e-01 |     1.686203e-01 |  -4.346348e-02 |  -4.346348e-02 |
|   4.500000e-02 |   1.580812e+00 |  -3.227440e-01 |     1.675601e-01 |  -4.350786e-02 |  -4.350786e-02 |
|   4.600000e-02 |   1.580491e+00 |  -3.207062e-01 |     1.665199e-01 |  -4.355196e-02 |  -4.355196e-02 |
|   4.700000e-02 |   1.580173e+00 |  -3.187069e-01 |     1.654986e-01 |  -4.359579e-02 |  -4.359579e-02 |
+----------------+----------------+----------------+------------------+----------------+----------------+
+----------------+--------------------+--------------------+----------------+----------------+----------------+
| time           | solid_fraction_max | solid_fraction_min | stability_max  | stability_min  | top_reaction   |
+----------------+--------------------+--------------------+----------------+----------------+----------------+
:                :                    :                    :                :                :                :
|   3.300000e-02 |       6.090967e-01 |       6.039510e-01 |   2.811438e+01 |   2.800371e+01 |  -1.400000e+00 |
|   3.400000e-02 |       6.090986e-01 |       6.039725e-01 |   2.811406e+01 |   2.800368e+01 |  -1.400000e+00 |
|   3.500000e-02 |       6.091007e-01 |       6.039943e-01 |   2.811372e+01 |   2.800366e+01 |  -1.400000e+00 |
|   3.600000e-02 |       6.091029e-01 |       6.040164e-01 |   2.811338e+01 |   2.800363e+01 |  -1.400000e+00 |
|   3.700000e-02 |       6.091052e-01 |       6.040388e-01 |   2.811302e+01 |   2.800360e+01 |  -1.400000e+00 |
|   3.800000e-02 |       6.091077e-01 |       6.040615e-01 |   2.811266e+01 |   2.800358e+01 |  -1.400000e+00 |
|   3.900000e-02 |       6.091102e-01 |       6.040844e-01 |   2.811228e+01 |   2.800356e+01 |  -1.400000e+00 |
|   4.000000e-02 |       6.091129e-01 |       6.041076e-01 |   2.811190e+01 |   2.800353e+01 |  -1.400000e+00 |
|   4.100000e-02 |       6.091157e-01 |       6.041310e-01 |   2.811152e+01 |   2.800351e+01 |  -1.400000e+00 |
|   4.200000e-02 |       6.091186e-01 |       6.041545e-01 |   2.811112e+01 |   2.800349e+01 |  -1.400000e+00 |
|   4.300000e-02 |       6.091215e-01 |       6.041783e-01 |   2.811072e+01 |   2.800346e+01 |  -1.400000e+00 |
|   4.400000e-02 |       6.091246e-01 |       6.042022e-01 |   2.811032e+01 |   2.800344e+01 |  -1.400000e+00 |
|   4.500000e-02 |       6.091277e-01 |       6.042262e-01 |   2.810991e+01 |   2.800342e+01 |  -1.400000e+00 |
|   4.600000e-02 |       6.091309e-01 |       6.042503e-01 |   2.810949e+01 |   2.800340e+01 |  -1.400000e+00 |
|   4.700000e-02 |       6.091341e-01 |       6.042746e-01 |   2.810908e+01 |   2.800338e+01 |  -1.400000e+00 |
+----------------+--------------------+--------------------+----------------+----------------+----------------+


Time Step 48, time = 0.048, dt = 0.001
 * Nonlinear |R| = [32m2.568056e-02[39m (Before preset BCs, predictors, correctors, and constraints)
 0 Nonlinear |R| = [32m2.568056e-02[39m
      0 Linear |R| = [32m2.568056e-02[39m
      1 Linear |R| = [32m1.608637e-03[39m
      2 Linear |R| = [33m1.577955e-03[39m
      3 Linear |R| = [32m4.696088e-04[39m
      4 Linear |R| = [32m3.972155e-05[39m
      5 Linear |R| = [32m1.898503e-05[39m
      6 Linear |R| = [32m6.991339e-06[39m
      7 Linear |R| = [32m4.449930e-06[39m
      8 Linear |R| = [32m1.205187e-06[39m
      9 Linear |R| = [32m6.185400e-07[39m
     10 Linear |R| = [32m4.836512e-07[39m
     11 Linear |R| = [32m3.277228e-07[39m
     12 Linear |R| = [32m6.385186e-08[39m
     13 Linear |R| = [32m4.325208e-08[39m
     14 Linear |R| = [32m1.061853e-08[39m
     15 Linear |R| = [32m8.575943e-09[39m
     16 Linear |R| = [32m5.003753e-09[39m
     17 Linear |R| = [32m2.392755e-09[39m
     18 Linear |R| = [32m6.398173e-10[39m
     19 Linear |R| = [32m3.945817e-10[39m
     20 Linear |R| = [32m2.842114e-10[39m
     21 Linear |R| = [32m1.183419e-10[39m
     22 Linear |R| = [32m5.199393e-11[39m
     23 Linear |R| = [32m2.906705e-11[39m
     24 Linear |R| = [32m5.893447e-12[39m
 1 Nonlinear |R| = [32m2.116302e-06[39m
      0 Linear |R| = [32m2.116302e-06[39m
      1 Linear |R| = [32m7.166907e-08[39m
      2 Linear |R| = [32m6.214417e-08[39m
      3 Linear |R| = [32m1.602062e-08[39m
      4 Linear |R| = [32m1.387764e-09[39m
      5 Linear |R| = [32m1.215542e-09[39m
      6 Linear |R| = [32m3.078364e-10[39m
      7 Linear |R| = [32m1.841295e-10[39m
      8 Linear |R| = [32m4.865665e-11[39m
      9 Linear |R| = [32m2.743833e-11[39m
     10 Linear |R| = [32m2.595708e-11[39m
     11 Linear |R| = [32m1.290205e-11[39m
     12 Linear |R| = [32m2.913216e-12[39m
     13 Linear |R| = [32m1.930019e-12[39m
     14 Linear |R| = [32m4.415259e-13[39m
     15 Linear |R| = [33m4.294709e-13[39m
     16 Linear |R| = [32m2.494519e-13[39m
     17 Linear |R| = [32m9.844899e-14[39m
     18 Linear |R| = [32m2.870872e-14[39m
     19 Linear |R| = [32m1.710477e-14[39m
     20 Linear |R| = [32m1.506592e-14[39m
     21 Linear |R| = [32m4.924020e-15[39m
     22 Linear |R| = [32m2.554332e-15[39m
     23 Linear |R| = [32m1.278789e-15[39m
 2 Nonlinear |R| = [32m3.839609e-12[39m
[32m Solve Converged![39m

Postprocessor Values:
+----------------+----------------+----------------+----------------+----------------+----------------+----------------+
| time           | J_max          | J_min          | Jbar_max       | Jbar_min       | center_pressure| edge_ux        |
+----------------+----------------+----------------+----------------+----------------+----------------+----------------+
:                :                :                :                :                :                :                :
|   3.400000e-02 |   9.830264e-01 |   9.746890e-01 |   9.905186e-01 |   9.894589e-01 |   1.701812e-01 |   6.279348e-03 |
|   3.500000e-02 |   9.829837e-01 |   9.746848e-01 |   9.905084e-01 |   9.894581e-01 |   1.693114e-01 |   6.234269e-03 |
|   3.600000e-02 |   9.829405e-01 |   9.746801e-01 |   9.904983e-01 |   9.894570e-01 |   1.684499e-01 |   6.189363e-03 |
|   3.700000e-02 |   9.828971e-01 |   9.746751e-01 |   9.904883e-01 |   9.894558e-01 |   1.675964e-01 |   6.144632e-03 |
|   3.800000e-02 |   9.828534e-01 |   9.746697e-01 |   9.904783e-01 |   9.894545e-01 |   1.667505e-01 |   6.100075e-03 |
|   3.900000e-02 |   9.828094e-01 |   9.746640e-01 |   9.904684e-01 |   9.894529e-01 |   1.659119e-01 |   6.055695e-03 |
|   4.000000e-02 |   9.827651e-01 |   9.746580e-01 |   9.904586e-01 |   9.894513e-01 |   1.650804e-01 |   6.011491e-03 |
|   4.100000e-02 |   9.827207e-01 |   9.746517e-01 |   9.904488e-01 |   9.894494e-01 |   1.642557e-01 |   5.967464e-03 |
|   4.200000e-02 |   9.826761e-01 |   9.746451e-01 |   9.904391e-01 |   9.894475e-01 |   1.634375e-01 |   5.923616e-03 |
|   4.300000e-02 |   9.826313e-01 |   9.746382e-01 |   9.904295e-01 |   9.894454e-01 |   1.626257e-01 |   5.879948e-03 |
|   4.400000e-02 |   9.825864e-01 |   9.746311e-01 |   9.904199e-01 |   9.894432e-01 |   1.618200e-01 |   5.836459e-03 |
|   4.500000e-02 |   9.825414e-01 |   9.746237e-01 |   9.904105e-01 |   9.894409e-01 |   1.610202e-01 |   5.793151e-03 |
|   4.600000e-02 |   9.824963e-01 |   9.746161e-01 |   9.904010e-01 |   9.894385e-01 |   1.602262e-01 |   5.750024e-03 |
|   4.700000e-02 |   9.824511e-01 |   9.746084e-01 |   9.903917e-01 |   9.894360e-01 |   1.594378e-01 |   5.707079e-03 |
|   4.800000e-02 |   9.824059e-01 |   9.746004e-01 |   9.903824e-01 |   9.894334e-01 |   1.586549e-01 |   5.664316e-03 |
+----------------+----------------+----------------+----------------+----------------+----------------+----------------+
+----------------+----------------+----------------+------------------+----------------+----------------+
| time           | mass           | mass_reaction  | outflow_gradient | platen_max     | platen_min     |
+----------------+----------------+----------------+------------------+----------------+----------------+
:                :                :                :                  :                :                :
|   3.400000e-02 |   1.584484e+00 |  -3.483756e-01 |     1.805893e-01 |  -4.300303e-02 |  -4.300303e-02 |
|   3.500000e-02 |   1.584139e+00 |  -3.457471e-01 |     1.792577e-01 |  -4.305055e-02 |  -4.305055e-02 |
|   3.600000e-02 |   1.583796e+00 |  -3.431890e-01 |     1.779608e-01 |  -4.309772e-02 |  -4.309772e-02 |
|   3.700000e-02 |   1.583455e+00 |  -3.406972e-01 |     1.766965e-01 |  -4.314455e-02 |  -4.314455e-02 |
|   3.800000e-02 |   1.583117e+00 |  -3.382678e-01 |     1.754631e-01 |  -4.319104e-02 |  -4.319104e-02 |
|   3.900000e-02 |   1.582781e+00 |  -3.358973e-01 |     1.742588e-01 |  -4.323721e-02 |  -4.323721e-02 |
|   4.000000e-02 |   1.582447e+00 |  -3.335824e-01 |     1.730819e-01 |  -4.328307e-02 |  -4.328307e-02 |
|   4.100000e-02 |   1.582116e+00 |  -3.313202e-01 |     1.719309e-01 |  -4.332862e-02 |  -4.332862e-02 |
|   4.200000e-02 |   1.581787e+00 |  -3.291077e-01 |     1.708045e-01 |  -4.337387e-02 |  -4.337387e-02 |
|   4.300000e-02 |   1.581460e+00 |  -3.269425e-01 |     1.697013e-01 |  -4.341882e-02 |  -4.341882e-02 |
|   4.400000e-02 |   1.581135e+00 |  -3.248220e-01 |     1.686203e-01 |  -4.346348e-02 |  -4.346348e-02 |
|   4.500000e-02 |   1.580812e+00 |  -3.227440e-01 |     1.675601e-01 |  -4.350786e-02 |  -4.350786e-02 |
|   4.600000e-02 |   1.580491e+00 |  -3.207062e-01 |     1.665199e-01 |  -4.355196e-02 |  -4.355196e-02 |
|   4.700000e-02 |   1.580173e+00 |  -3.187069e-01 |     1.654986e-01 |  -4.359579e-02 |  -4.359579e-02 |
|   4.800000e-02 |   1.579856e+00 |  -3.167439e-01 |     1.644952e-01 |  -4.363935e-02 |  -4.363935e-02 |
+----------------+----------------+----------------+------------------+----------------+----------------+
+----------------+--------------------+--------------------+----------------+----------------+----------------+
| time           | solid_fraction_max | solid_fraction_min | stability_max  | stability_min  | top_reaction   |
+----------------+--------------------+--------------------+----------------+----------------+----------------+
:                :                    :                    :                :                :                :
|   3.400000e-02 |       6.090986e-01 |       6.039725e-01 |   2.811406e+01 |   2.800368e+01 |  -1.400000e+00 |
|   3.500000e-02 |       6.091007e-01 |       6.039943e-01 |   2.811372e+01 |   2.800366e+01 |  -1.400000e+00 |
|   3.600000e-02 |       6.091029e-01 |       6.040164e-01 |   2.811338e+01 |   2.800363e+01 |  -1.400000e+00 |
|   3.700000e-02 |       6.091052e-01 |       6.040388e-01 |   2.811302e+01 |   2.800360e+01 |  -1.400000e+00 |
|   3.800000e-02 |       6.091077e-01 |       6.040615e-01 |   2.811266e+01 |   2.800358e+01 |  -1.400000e+00 |
|   3.900000e-02 |       6.091102e-01 |       6.040844e-01 |   2.811228e+01 |   2.800356e+01 |  -1.400000e+00 |
|   4.000000e-02 |       6.091129e-01 |       6.041076e-01 |   2.811190e+01 |   2.800353e+01 |  -1.400000e+00 |
|   4.100000e-02 |       6.091157e-01 |       6.041310e-01 |   2.811152e+01 |   2.800351e+01 |  -1.400000e+00 |
|   4.200000e-02 |       6.091186e-01 |       6.041545e-01 |   2.811112e+01 |   2.800349e+01 |  -1.400000e+00 |
|   4.300000e-02 |       6.091215e-01 |       6.041783e-01 |   2.811072e+01 |   2.800346e+01 |  -1.400000e+00 |
|   4.400000e-02 |       6.091246e-01 |       6.042022e-01 |   2.811032e+01 |   2.800344e+01 |  -1.400000e+00 |
|   4.500000e-02 |       6.091277e-01 |       6.042262e-01 |   2.810991e+01 |   2.800342e+01 |  -1.400000e+00 |
|   4.600000e-02 |       6.091309e-01 |       6.042503e-01 |   2.810949e+01 |   2.800340e+01 |  -1.400000e+00 |
|   4.700000e-02 |       6.091341e-01 |       6.042746e-01 |   2.810908e+01 |   2.800338e+01 |  -1.400000e+00 |
|   4.800000e-02 |       6.091375e-01 |       6.042989e-01 |   2.810865e+01 |   2.800336e+01 |  -1.400000e+00 |
+----------------+--------------------+--------------------+----------------+----------------+----------------+


Time Step 49, time = 0.049, dt = 0.001
 * Nonlinear |R| = [32m2.552265e-02[39m (Before preset BCs, predictors, correctors, and constraints)
 0 Nonlinear |R| = [32m2.552265e-02[39m
      0 Linear |R| = [32m2.552265e-02[39m
      1 Linear |R| = [32m1.599034e-03[39m
      2 Linear |R| = [33m1.568529e-03[39m
      3 Linear |R| = [32m4.667191e-04[39m
      4 Linear |R| = [32m3.945989e-05[39m
      5 Linear |R| = [32m1.906764e-05[39m
      6 Linear |R| = [32m6.923262e-06[39m
      7 Linear |R| = [32m4.406948e-06[39m
      8 Linear |R| = [32m1.194204e-06[39m
      9 Linear |R| = [32m6.123978e-07[39m
     10 Linear |R| = [32m5.036071e-07[39m
     11 Linear |R| = [32m3.248013e-07[39m
     12 Linear |R| = [32m6.286769e-08[39m
     13 Linear |R| = [32m4.255057e-08[39m
     14 Linear |R| = [32m1.049347e-08[39m
     15 Linear |R| = [32m8.623491e-09[39m
     16 Linear |R| = [32m4.918400e-09[39m
     17 Linear |R| = [32m2.358505e-09[39m
     18 Linear |R| = [32m6.268413e-10[39m
     19 Linear |R| = [32m3.871384e-10[39m
     20 Linear |R| = [32m2.764213e-10[39m
     21 Linear |R| = [32m1.165972e-10[39m
     22 Linear |R| = [32m5.130808e-11[39m
     23 Linear |R| = [32m2.872846e-11[39m
     24 Linear |R| = [32m5.840536e-12[39m
 1 Nonlinear |R| = [32m2.096887e-06[39m
      0 Linear |R| = [32m2.096887e-06[39m
      1 Linear |R| = [32m7.165289e-08[39m
      2 Linear |R| = [32m5.970250e-08[39m
      3 Linear |R| = [32m1.543977e-08[39m
      4 Linear |R| = [32m1.340890e-09[39m
      5 Linear |R| = [32m1.174079e-09[39m
      6 Linear |R| = [32m3.176083e-10[39m
      7 Linear |R| = [32m1.842346e-10[39m
      8 Linear |R| = [32m4.751575e-11[39m
      9 Linear |R| = [32m2.756205e-11[39m
     10 Linear |R| = [33m2.619343e-11[39m
     11 Linear |R| = [32m1.241310e-11[39m
     12 Linear |R| = [32m3.032283e-12[39m
     13 Linear |R| = [32m1.995175e-12[39m
     14 Linear |R| = [32m4.377839e-13[39m
     15 Linear |R| = [33m4.261000e-13[39m
     16 Linear |R| = [32m2.476610e-13[39m
     17 Linear |R| = [32m9.524112e-14[39m
     18 Linear |R| = [32m3.022219e-14[39m
     19 Linear |R| = [32m1.734936e-14[39m
     20 Linear |R| = [32m1.520269e-14[39m
     21 Linear |R| = [32m4.582744e-15[39m
     22 Linear |R| = [32m2.422585e-15[39m
     23 Linear |R| = [32m1.173859e-15[39m
 2 Nonlinear |R| = [32m3.722094e-12[39m
[32m Solve Converged![39m

Postprocessor Values:
+----------------+----------------+----------------+----------------+----------------+----------------+----------------+
| time           | J_max          | J_min          | Jbar_max       | Jbar_min       | center_pressure| edge_ux        |
+----------------+----------------+----------------+----------------+----------------+----------------+----------------+
:                :                :                :                :                :                :                :
|   3.500000e-02 |   9.829837e-01 |   9.746848e-01 |   9.905084e-01 |   9.894581e-01 |   1.693114e-01 |   6.234269e-03 |
|   3.600000e-02 |   9.829405e-01 |   9.746801e-01 |   9.904983e-01 |   9.894570e-01 |   1.684499e-01 |   6.189363e-03 |
|   3.700000e-02 |   9.828971e-01 |   9.746751e-01 |   9.904883e-01 |   9.894558e-01 |   1.675964e-01 |   6.144632e-03 |
|   3.800000e-02 |   9.828534e-01 |   9.746697e-01 |   9.904783e-01 |   9.894545e-01 |   1.667505e-01 |   6.100075e-03 |
|   3.900000e-02 |   9.828094e-01 |   9.746640e-01 |   9.904684e-01 |   9.894529e-01 |   1.659119e-01 |   6.055695e-03 |
|   4.000000e-02 |   9.827651e-01 |   9.746580e-01 |   9.904586e-01 |   9.894513e-01 |   1.650804e-01 |   6.011491e-03 |
|   4.100000e-02 |   9.827207e-01 |   9.746517e-01 |   9.904488e-01 |   9.894494e-01 |   1.642557e-01 |   5.967464e-03 |
|   4.200000e-02 |   9.826761e-01 |   9.746451e-01 |   9.904391e-01 |   9.894475e-01 |   1.634375e-01 |   5.923616e-03 |
|   4.300000e-02 |   9.826313e-01 |   9.746382e-01 |   9.904295e-01 |   9.894454e-01 |   1.626257e-01 |   5.879948e-03 |
|   4.400000e-02 |   9.825864e-01 |   9.746311e-01 |   9.904199e-01 |   9.894432e-01 |   1.618200e-01 |   5.836459e-03 |
|   4.500000e-02 |   9.825414e-01 |   9.746237e-01 |   9.904105e-01 |   9.894409e-01 |   1.610202e-01 |   5.793151e-03 |
|   4.600000e-02 |   9.824963e-01 |   9.746161e-01 |   9.904010e-01 |   9.894385e-01 |   1.602262e-01 |   5.750024e-03 |
|   4.700000e-02 |   9.824511e-01 |   9.746084e-01 |   9.903917e-01 |   9.894360e-01 |   1.594378e-01 |   5.707079e-03 |
|   4.800000e-02 |   9.824059e-01 |   9.746004e-01 |   9.903824e-01 |   9.894334e-01 |   1.586549e-01 |   5.664316e-03 |
|   4.900000e-02 |   9.823606e-01 |   9.745923e-01 |   9.903732e-01 |   9.894307e-01 |   1.578773e-01 |   5.621735e-03 |
+----------------+----------------+----------------+----------------+----------------+----------------+----------------+
+----------------+----------------+----------------+------------------+----------------+----------------+
| time           | mass           | mass_reaction  | outflow_gradient | platen_max     | platen_min     |
+----------------+----------------+----------------+------------------+----------------+----------------+
:                :                :                :                  :                :                :
|   3.500000e-02 |   1.584139e+00 |  -3.457471e-01 |     1.792577e-01 |  -4.305055e-02 |  -4.305055e-02 |
|   3.600000e-02 |   1.583796e+00 |  -3.431890e-01 |     1.779608e-01 |  -4.309772e-02 |  -4.309772e-02 |
|   3.700000e-02 |   1.583455e+00 |  -3.406972e-01 |     1.766965e-01 |  -4.314455e-02 |  -4.314455e-02 |
|   3.800000e-02 |   1.583117e+00 |  -3.382678e-01 |     1.754631e-01 |  -4.319104e-02 |  -4.319104e-02 |
|   3.900000e-02 |   1.582781e+00 |  -3.358973e-01 |     1.742588e-01 |  -4.323721e-02 |  -4.323721e-02 |
|   4.000000e-02 |   1.582447e+00 |  -3.335824e-01 |     1.730819e-01 |  -4.328307e-02 |  -4.328307e-02 |
|   4.100000e-02 |   1.582116e+00 |  -3.313202e-01 |     1.719309e-01 |  -4.332862e-02 |  -4.332862e-02 |
|   4.200000e-02 |   1.581787e+00 |  -3.291077e-01 |     1.708045e-01 |  -4.337387e-02 |  -4.337387e-02 |
|   4.300000e-02 |   1.581460e+00 |  -3.269425e-01 |     1.697013e-01 |  -4.341882e-02 |  -4.341882e-02 |
|   4.400000e-02 |   1.581135e+00 |  -3.248220e-01 |     1.686203e-01 |  -4.346348e-02 |  -4.346348e-02 |
|   4.500000e-02 |   1.580812e+00 |  -3.227440e-01 |     1.675601e-01 |  -4.350786e-02 |  -4.350786e-02 |
|   4.600000e-02 |   1.580491e+00 |  -3.207062e-01 |     1.665199e-01 |  -4.355196e-02 |  -4.355196e-02 |
|   4.700000e-02 |   1.580173e+00 |  -3.187069e-01 |     1.654986e-01 |  -4.359579e-02 |  -4.359579e-02 |
|   4.800000e-02 |   1.579856e+00 |  -3.167439e-01 |     1.644952e-01 |  -4.363935e-02 |  -4.363935e-02 |
|   4.900000e-02 |   1.579541e+00 |  -3.148157e-01 |     1.635090e-01 |  -4.368265e-02 |  -4.368265e-02 |
+----------------+----------------+----------------+------------------+----------------+----------------+
+----------------+--------------------+--------------------+----------------+----------------+----------------+
| time           | solid_fraction_max | solid_fraction_min | stability_max  | stability_min  | top_reaction   |
+----------------+--------------------+--------------------+----------------+----------------+----------------+
:                :                    :                    :                :                :                :
|   3.500000e-02 |       6.091007e-01 |       6.039943e-01 |   2.811372e+01 |   2.800366e+01 |  -1.400000e+00 |
|   3.600000e-02 |       6.091029e-01 |       6.040164e-01 |   2.811338e+01 |   2.800363e+01 |  -1.400000e+00 |
|   3.700000e-02 |       6.091052e-01 |       6.040388e-01 |   2.811302e+01 |   2.800360e+01 |  -1.400000e+00 |
|   3.800000e-02 |       6.091077e-01 |       6.040615e-01 |   2.811266e+01 |   2.800358e+01 |  -1.400000e+00 |
|   3.900000e-02 |       6.091102e-01 |       6.040844e-01 |   2.811228e+01 |   2.800356e+01 |  -1.400000e+00 |
|   4.000000e-02 |       6.091129e-01 |       6.041076e-01 |   2.811190e+01 |   2.800353e+01 |  -1.400000e+00 |
|   4.100000e-02 |       6.091157e-01 |       6.041310e-01 |   2.811152e+01 |   2.800351e+01 |  -1.400000e+00 |
|   4.200000e-02 |       6.091186e-01 |       6.041545e-01 |   2.811112e+01 |   2.800349e+01 |  -1.400000e+00 |
|   4.300000e-02 |       6.091215e-01 |       6.041783e-01 |   2.811072e+01 |   2.800346e+01 |  -1.400000e+00 |
|   4.400000e-02 |       6.091246e-01 |       6.042022e-01 |   2.811032e+01 |   2.800344e+01 |  -1.400000e+00 |
|   4.500000e-02 |       6.091277e-01 |       6.042262e-01 |   2.810991e+01 |   2.800342e+01 |  -1.400000e+00 |
|   4.600000e-02 |       6.091309e-01 |       6.042503e-01 |   2.810949e+01 |   2.800340e+01 |  -1.400000e+00 |
|   4.700000e-02 |       6.091341e-01 |       6.042746e-01 |   2.810908e+01 |   2.800338e+01 |  -1.400000e+00 |
|   4.800000e-02 |       6.091375e-01 |       6.042989e-01 |   2.810865e+01 |   2.800336e+01 |  -1.400000e+00 |
|   4.900000e-02 |       6.091408e-01 |       6.043233e-01 |   2.810823e+01 |   2.800334e+01 |  -1.400000e+00 |
+----------------+--------------------+--------------------+----------------+----------------+----------------+


Time Step 50, time = 0.05, dt = 0.001
 * Nonlinear |R| = [32m2.536877e-02[39m (Before preset BCs, predictors, correctors, and constraints)
 0 Nonlinear |R| = [32m2.536877e-02[39m
      0 Linear |R| = [32m2.536877e-02[39m
      1 Linear |R| = [32m1.589586e-03[39m
      2 Linear |R| = [33m1.559251e-03[39m
      3 Linear |R| = [32m4.639134e-04[39m
      4 Linear |R| = [32m3.921270e-05[39m
      5 Linear |R| = [32m1.861957e-05[39m
      6 Linear |R| = [32m6.858097e-06[39m
      7 Linear |R| = [32m4.365586e-06[39m
      8 Linear |R| = [32m1.183593e-06[39m
      9 Linear |R| = [32m6.057502e-07[39m
     10 Linear |R| = [32m4.698607e-07[39m
     11 Linear |R| = [32m3.215490e-07[39m
     12 Linear |R| = [32m6.193246e-08[39m
     13 Linear |R| = [32m4.188285e-08[39m
     14 Linear |R| = [32m1.035191e-08[39m
     15 Linear |R| = [32m8.233122e-09[39m
     16 Linear |R| = [32m4.835707e-09[39m
     17 Linear |R| = [32m2.325236e-09[39m
     18 Linear |R| = [32m6.141831e-10[39m
     19 Linear |R| = [32m3.797603e-10[39m
     20 Linear |R| = [32m2.592819e-10[39m
     21 Linear |R| = [32m1.148592e-10[39m
     22 Linear |R| = [32m5.062829e-11[39m
     23 Linear |R| = [32m2.839231e-11[39m
     24 Linear |R| = [32m5.789843e-12[39m
 1 Nonlinear |R| = [32m2.072644e-06[39m
      0 Linear |R| = [32m2.072644e-06[39m
      1 Linear |R| = [32m7.094687e-08[39m
      2 Linear |R| = [32m5.933478e-08[39m
      3 Linear |R| = [32m1.532803e-08[39m
      4 Linear |R| = [32m1.322376e-09[39m
      5 Linear |R| = [32m1.180617e-09[39m
      6 Linear |R| = [32m2.798489e-10[39m
      7 Linear |R| = [32m1.700202e-10[39m
      8 Linear |R| = [32m4.548878e-11[39m
      9 Linear |R| = [32m2.528984e-11[39m
     10 Linear |R| = [33m2.487697e-11[39m
     11 Linear |R| = [32m1.213768e-11[39m
     12 Linear |R| = [32m2.723922e-12[39m
     13 Linear |R| = [32m1.839288e-12[39m
     14 Linear |R| = [32m4.198925e-13[39m
     15 Linear |R| = [33m4.174560e-13[39m
     16 Linear |R| = [32m2.175812e-13[39m
     17 Linear |R| = [32m9.130350e-14[39m
     18 Linear |R| = [32m2.814285e-14[39m
     19 Linear |R| = [32m1.701923e-14[39m
     20 Linear |R| = [32m1.585583e-14[39m
     21 Linear |R| = [32m4.407633e-15[39m
     22 Linear |R| = [32m2.006693e-15[39m
 2 Nonlinear |R| = [32m3.844016e-12[39m
[32m Solve Converged![39m

Postprocessor Values:
+----------------+----------------+----------------+----------------+----------------+----------------+----------------+
| time           | J_max          | J_min          | Jbar_max       | Jbar_min       | center_pressure| edge_ux        |
+----------------+----------------+----------------+----------------+----------------+----------------+----------------+
:                :                :                :                :                :                :                :
|   3.600000e-02 |   9.829405e-01 |   9.746801e-01 |   9.904983e-01 |   9.894570e-01 |   1.684499e-01 |   6.189363e-03 |
|   3.700000e-02 |   9.828971e-01 |   9.746751e-01 |   9.904883e-01 |   9.894558e-01 |   1.675964e-01 |   6.144632e-03 |
|   3.800000e-02 |   9.828534e-01 |   9.746697e-01 |   9.904783e-01 |   9.894545e-01 |   1.667505e-01 |   6.100075e-03 |
|   3.900000e-02 |   9.828094e-01 |   9.746640e-01 |   9.904684e-01 |   9.894529e-01 |   1.659119e-01 |   6.055695e-03 |
|   4.000000e-02 |   9.827651e-01 |   9.746580e-01 |   9.904586e-01 |   9.894513e-01 |   1.650804e-01 |   6.011491e-03 |
|   4.100000e-02 |   9.827207e-01 |   9.746517e-01 |   9.904488e-01 |   9.894494e-01 |   1.642557e-01 |   5.967464e-03 |
|   4.200000e-02 |   9.826761e-01 |   9.746451e-01 |   9.904391e-01 |   9.894475e-01 |   1.634375e-01 |   5.923616e-03 |
|   4.300000e-02 |   9.826313e-01 |   9.746382e-01 |   9.904295e-01 |   9.894454e-01 |   1.626257e-01 |   5.879948e-03 |
|   4.400000e-02 |   9.825864e-01 |   9.746311e-01 |   9.904199e-01 |   9.894432e-01 |   1.618200e-01 |   5.836459e-03 |
|   4.500000e-02 |   9.825414e-01 |   9.746237e-01 |   9.904105e-01 |   9.894409e-01 |   1.610202e-01 |   5.793151e-03 |
|   4.600000e-02 |   9.824963e-01 |   9.746161e-01 |   9.904010e-01 |   9.894385e-01 |   1.602262e-01 |   5.750024e-03 |
|   4.700000e-02 |   9.824511e-01 |   9.746084e-01 |   9.903917e-01 |   9.894360e-01 |   1.594378e-01 |   5.707079e-03 |
|   4.800000e-02 |   9.824059e-01 |   9.746004e-01 |   9.903824e-01 |   9.894334e-01 |   1.586549e-01 |   5.664316e-03 |
|   4.900000e-02 |   9.823606e-01 |   9.745923e-01 |   9.903732e-01 |   9.894307e-01 |   1.578773e-01 |   5.621735e-03 |
|   5.000000e-02 |   9.823153e-01 |   9.745840e-01 |   9.903640e-01 |   9.894279e-01 |   1.571048e-01 |   5.579338e-03 |
+----------------+----------------+----------------+----------------+----------------+----------------+----------------+
+----------------+----------------+----------------+------------------+----------------+----------------+
| time           | mass           | mass_reaction  | outflow_gradient | platen_max     | platen_min     |
+----------------+----------------+----------------+------------------+----------------+----------------+
:                :                :                :                  :                :                :
|   3.600000e-02 |   1.583796e+00 |  -3.431890e-01 |     1.779608e-01 |  -4.309772e-02 |  -4.309772e-02 |
|   3.700000e-02 |   1.583455e+00 |  -3.406972e-01 |     1.766965e-01 |  -4.314455e-02 |  -4.314455e-02 |
|   3.800000e-02 |   1.583117e+00 |  -3.382678e-01 |     1.754631e-01 |  -4.319104e-02 |  -4.319104e-02 |
|   3.900000e-02 |   1.582781e+00 |  -3.358973e-01 |     1.742588e-01 |  -4.323721e-02 |  -4.323721e-02 |
|   4.000000e-02 |   1.582447e+00 |  -3.335824e-01 |     1.730819e-01 |  -4.328307e-02 |  -4.328307e-02 |
|   4.100000e-02 |   1.582116e+00 |  -3.313202e-01 |     1.719309e-01 |  -4.332862e-02 |  -4.332862e-02 |
|   4.200000e-02 |   1.581787e+00 |  -3.291077e-01 |     1.708045e-01 |  -4.337387e-02 |  -4.337387e-02 |
|   4.300000e-02 |   1.581460e+00 |  -3.269425e-01 |     1.697013e-01 |  -4.341882e-02 |  -4.341882e-02 |
|   4.400000e-02 |   1.581135e+00 |  -3.248220e-01 |     1.686203e-01 |  -4.346348e-02 |  -4.346348e-02 |
|   4.500000e-02 |   1.580812e+00 |  -3.227440e-01 |     1.675601e-01 |  -4.350786e-02 |  -4.350786e-02 |
|   4.600000e-02 |   1.580491e+00 |  -3.207062e-01 |     1.665199e-01 |  -4.355196e-02 |  -4.355196e-02 |
|   4.700000e-02 |   1.580173e+00 |  -3.187069e-01 |     1.654986e-01 |  -4.359579e-02 |  -4.359579e-02 |
|   4.800000e-02 |   1.579856e+00 |  -3.167439e-01 |     1.644952e-01 |  -4.363935e-02 |  -4.363935e-02 |
|   4.900000e-02 |   1.579541e+00 |  -3.148157e-01 |     1.635090e-01 |  -4.368265e-02 |  -4.368265e-02 |
|   5.000000e-02 |   1.579228e+00 |  -3.129204e-01 |     1.625392e-01 |  -4.372569e-02 |  -4.372569e-02 |
+----------------+----------------+----------------+------------------+----------------+----------------+
+----------------+--------------------+--------------------+----------------+----------------+----------------+
| time           | solid_fraction_max | solid_fraction_min | stability_max  | stability_min  | top_reaction   |
+----------------+--------------------+--------------------+----------------+----------------+----------------+
:                :                    :                    :                :                :                :
|   3.600000e-02 |       6.091029e-01 |       6.040164e-01 |   2.811338e+01 |   2.800363e+01 |  -1.400000e+00 |
|   3.700000e-02 |       6.091052e-01 |       6.040388e-01 |   2.811302e+01 |   2.800360e+01 |  -1.400000e+00 |
|   3.800000e-02 |       6.091077e-01 |       6.040615e-01 |   2.811266e+01 |   2.800358e+01 |  -1.400000e+00 |
|   3.900000e-02 |       6.091102e-01 |       6.040844e-01 |   2.811228e+01 |   2.800356e+01 |  -1.400000e+00 |
|   4.000000e-02 |       6.091129e-01 |       6.041076e-01 |   2.811190e+01 |   2.800353e+01 |  -1.400000e+00 |
|   4.100000e-02 |       6.091157e-01 |       6.041310e-01 |   2.811152e+01 |   2.800351e+01 |  -1.400000e+00 |
|   4.200000e-02 |       6.091186e-01 |       6.041545e-01 |   2.811112e+01 |   2.800349e+01 |  -1.400000e+00 |
|   4.300000e-02 |       6.091215e-01 |       6.041783e-01 |   2.811072e+01 |   2.800346e+01 |  -1.400000e+00 |
|   4.400000e-02 |       6.091246e-01 |       6.042022e-01 |   2.811032e+01 |   2.800344e+01 |  -1.400000e+00 |
|   4.500000e-02 |       6.091277e-01 |       6.042262e-01 |   2.810991e+01 |   2.800342e+01 |  -1.400000e+00 |
|   4.600000e-02 |       6.091309e-01 |       6.042503e-01 |   2.810949e+01 |   2.800340e+01 |  -1.400000e+00 |
|   4.700000e-02 |       6.091341e-01 |       6.042746e-01 |   2.810908e+01 |   2.800338e+01 |  -1.400000e+00 |
|   4.800000e-02 |       6.091375e-01 |       6.042989e-01 |   2.810865e+01 |   2.800336e+01 |  -1.400000e+00 |
|   4.900000e-02 |       6.091408e-01 |       6.043233e-01 |   2.810823e+01 |   2.800334e+01 |  -1.400000e+00 |
|   5.000000e-02 |       6.091443e-01 |       6.043478e-01 |   2.810780e+01 |   2.800332e+01 |  -1.400000e+00 |
+----------------+--------------------+--------------------+----------------+----------------+----------------+


Time Step 51, time = 0.051, dt = 0.001
 * Nonlinear |R| = [32m2.521858e-02[39m (Before preset BCs, predictors, correctors, and constraints)
 0 Nonlinear |R| = [32m2.521858e-02[39m
      0 Linear |R| = [32m2.521858e-02[39m
      1 Linear |R| = [32m1.580293e-03[39m
      2 Linear |R| = [33m1.550124e-03[39m
      3 Linear |R| = [32m4.611700e-04[39m
      4 Linear |R| = [32m3.896408e-05[39m
      5 Linear |R| = [32m1.770880e-05[39m
      6 Linear |R| = [32m6.795162e-06[39m
      7 Linear |R| = [32m4.325689e-06[39m
      8 Linear |R| = [32m1.173357e-06[39m
      9 Linear |R| = [32m5.998669e-07[39m
     10 Linear |R| = [32m4.720891e-07[39m
     11 Linear |R| = [32m3.186821e-07[39m
     12 Linear |R| = [32m6.104298e-08[39m
     13 Linear |R| = [32m4.124693e-08[39m
     14 Linear |R| = [32m1.023890e-08[39m
     15 Linear |R| = [32m8.336850e-09[39m
     16 Linear |R| = [32m4.756937e-09[39m
     17 Linear |R| = [32m2.292951e-09[39m
     18 Linear |R| = [32m6.018510e-10[39m
     19 Linear |R| = [32m3.728542e-10[39m
     20 Linear |R| = [32m2.788388e-10[39m
     21 Linear |R| = [32m1.131932e-10[39m
     22 Linear |R| = [32m4.995367e-11[39m
     23 Linear |R| = [32m2.805879e-11[39m
     24 Linear |R| = [32m5.740443e-12[39m
 1 Nonlinear |R| = [32m2.043034e-06[39m
      0 Linear |R| = [32m2.043034e-06[39m
      1 Linear |R| = [32m6.993922e-08[39m
      2 Linear |R| = [32m5.957654e-08[39m
      3 Linear |R| = [32m1.535278e-08[39m
      4 Linear |R| = [32m1.321412e-09[39m
      5 Linear |R| = [32m1.174073e-09[39m
      6 Linear |R| = [32m2.711293e-10[39m
      7 Linear |R| = [32m1.639730e-10[39m
      8 Linear |R| = [32m4.432815e-11[39m
      9 Linear |R| = [32m2.506757e-11[39m
     10 Linear |R| = [33m2.409196e-11[39m
     11 Linear |R| = [32m1.172749e-11[39m
     12 Linear |R| = [32m2.357280e-12[39m
     13 Linear |R| = [32m1.602967e-12[39m
     14 Linear |R| = [32m3.821970e-13[39m
     15 Linear |R| = [33m3.677449e-13[39m
     16 Linear |R| = [32m1.962955e-13[39m
     17 Linear |R| = [32m8.131263e-14[39m
     18 Linear |R| = [32m2.447569e-14[39m
     19 Linear |R| = [32m1.476235e-14[39m
     20 Linear |R| = [32m1.296103e-14[39m
     21 Linear |R| = [32m4.006910e-15[39m
     22 Linear |R| = [32m1.830785e-15[39m
 2 Nonlinear |R| = [32m3.806952e-12[39m
[32m Solve Converged![39m

Postprocessor Values:
+----------------+----------------+----------------+----------------+----------------+----------------+----------------+
| time           | J_max          | J_min          | Jbar_max       | Jbar_min       | center_pressure| edge_ux        |
+----------------+----------------+----------------+----------------+----------------+----------------+----------------+
:                :                :                :                :                :                :                :
|   3.700000e-02 |   9.828971e-01 |   9.746751e-01 |   9.904883e-01 |   9.894558e-01 |   1.675964e-01 |   6.144632e-03 |
|   3.800000e-02 |   9.828534e-01 |   9.746697e-01 |   9.904783e-01 |   9.894545e-01 |   1.667505e-01 |   6.100075e-03 |
|   3.900000e-02 |   9.828094e-01 |   9.746640e-01 |   9.904684e-01 |   9.894529e-01 |   1.659119e-01 |   6.055695e-03 |
|   4.000000e-02 |   9.827651e-01 |   9.746580e-01 |   9.904586e-01 |   9.894513e-01 |   1.650804e-01 |   6.011491e-03 |
|   4.100000e-02 |   9.827207e-01 |   9.746517e-01 |   9.904488e-01 |   9.894494e-01 |   1.642557e-01 |   5.967464e-03 |
|   4.200000e-02 |   9.826761e-01 |   9.746451e-01 |   9.904391e-01 |   9.894475e-01 |   1.634375e-01 |   5.923616e-03 |
|   4.300000e-02 |   9.826313e-01 |   9.746382e-01 |   9.904295e-01 |   9.894454e-01 |   1.626257e-01 |   5.879948e-03 |
|   4.400000e-02 |   9.825864e-01 |   9.746311e-01 |   9.904199e-01 |   9.894432e-01 |   1.618200e-01 |   5.836459e-03 |
|   4.500000e-02 |   9.825414e-01 |   9.746237e-01 |   9.904105e-01 |   9.894409e-01 |   1.610202e-01 |   5.793151e-03 |
|   4.600000e-02 |   9.824963e-01 |   9.746161e-01 |   9.904010e-01 |   9.894385e-01 |   1.602262e-01 |   5.750024e-03 |
|   4.700000e-02 |   9.824511e-01 |   9.746084e-01 |   9.903917e-01 |   9.894360e-01 |   1.594378e-01 |   5.707079e-03 |
|   4.800000e-02 |   9.824059e-01 |   9.746004e-01 |   9.903824e-01 |   9.894334e-01 |   1.586549e-01 |   5.664316e-03 |
|   4.900000e-02 |   9.823606e-01 |   9.745923e-01 |   9.903732e-01 |   9.894307e-01 |   1.578773e-01 |   5.621735e-03 |
|   5.000000e-02 |   9.823153e-01 |   9.745840e-01 |   9.903640e-01 |   9.894279e-01 |   1.571048e-01 |   5.579338e-03 |
|   5.100000e-02 |   9.822700e-01 |   9.745756e-01 |   9.903549e-01 |   9.894251e-01 |   1.563374e-01 |   5.537123e-03 |
+----------------+----------------+----------------+----------------+----------------+----------------+----------------+
+----------------+----------------+----------------+------------------+----------------+----------------+
| time           | mass           | mass_reaction  | outflow_gradient | platen_max     | platen_min     |
+----------------+----------------+----------------+------------------+----------------+----------------+
:                :                :                :                  :                :                :
|   3.700000e-02 |   1.583455e+00 |  -3.406972e-01 |     1.766965e-01 |  -4.314455e-02 |  -4.314455e-02 |
|   3.800000e-02 |   1.583117e+00 |  -3.382678e-01 |     1.754631e-01 |  -4.319104e-02 |  -4.319104e-02 |
|   3.900000e-02 |   1.582781e+00 |  -3.358973e-01 |     1.742588e-01 |  -4.323721e-02 |  -4.323721e-02 |
|   4.000000e-02 |   1.582447e+00 |  -3.335824e-01 |     1.730819e-01 |  -4.328307e-02 |  -4.328307e-02 |
|   4.100000e-02 |   1.582116e+00 |  -3.313202e-01 |     1.719309e-01 |  -4.332862e-02 |  -4.332862e-02 |
|   4.200000e-02 |   1.581787e+00 |  -3.291077e-01 |     1.708045e-01 |  -4.337387e-02 |  -4.337387e-02 |
|   4.300000e-02 |   1.581460e+00 |  -3.269425e-01 |     1.697013e-01 |  -4.341882e-02 |  -4.341882e-02 |
|   4.400000e-02 |   1.581135e+00 |  -3.248220e-01 |     1.686203e-01 |  -4.346348e-02 |  -4.346348e-02 |
|   4.500000e-02 |   1.580812e+00 |  -3.227440e-01 |     1.675601e-01 |  -4.350786e-02 |  -4.350786e-02 |
|   4.600000e-02 |   1.580491e+00 |  -3.207062e-01 |     1.665199e-01 |  -4.355196e-02 |  -4.355196e-02 |
|   4.700000e-02 |   1.580173e+00 |  -3.187069e-01 |     1.654986e-01 |  -4.359579e-02 |  -4.359579e-02 |
|   4.800000e-02 |   1.579856e+00 |  -3.167439e-01 |     1.644952e-01 |  -4.363935e-02 |  -4.363935e-02 |
|   4.900000e-02 |   1.579541e+00 |  -3.148157e-01 |     1.635090e-01 |  -4.368265e-02 |  -4.368265e-02 |
|   5.000000e-02 |   1.579228e+00 |  -3.129204e-01 |     1.625392e-01 |  -4.372569e-02 |  -4.372569e-02 |
|   5.100000e-02 |   1.578917e+00 |  -3.110567e-01 |     1.615849e-01 |  -4.376848e-02 |  -4.376848e-02 |
+----------------+----------------+----------------+------------------+----------------+----------------+
+----------------+--------------------+--------------------+----------------+----------------+----------------+
| time           | solid_fraction_max | solid_fraction_min | stability_max  | stability_min  | top_reaction   |
+----------------+--------------------+--------------------+----------------+----------------+----------------+
:                :                    :                    :                :                :                :
|   3.700000e-02 |       6.091052e-01 |       6.040388e-01 |   2.811302e+01 |   2.800360e+01 |  -1.400000e+00 |
|   3.800000e-02 |       6.091077e-01 |       6.040615e-01 |   2.811266e+01 |   2.800358e+01 |  -1.400000e+00 |
|   3.900000e-02 |       6.091102e-01 |       6.040844e-01 |   2.811228e+01 |   2.800356e+01 |  -1.400000e+00 |
|   4.000000e-02 |       6.091129e-01 |       6.041076e-01 |   2.811190e+01 |   2.800353e+01 |  -1.400000e+00 |
|   4.100000e-02 |       6.091157e-01 |       6.041310e-01 |   2.811152e+01 |   2.800351e+01 |  -1.400000e+00 |
|   4.200000e-02 |       6.091186e-01 |       6.041545e-01 |   2.811112e+01 |   2.800349e+01 |  -1.400000e+00 |
|   4.300000e-02 |       6.091215e-01 |       6.041783e-01 |   2.811072e+01 |   2.800346e+01 |  -1.400000e+00 |
|   4.400000e-02 |       6.091246e-01 |       6.042022e-01 |   2.811032e+01 |   2.800344e+01 |  -1.400000e+00 |
|   4.500000e-02 |       6.091277e-01 |       6.042262e-01 |   2.810991e+01 |   2.800342e+01 |  -1.400000e+00 |
|   4.600000e-02 |       6.091309e-01 |       6.042503e-01 |   2.810949e+01 |   2.800340e+01 |  -1.400000e+00 |
|   4.700000e-02 |       6.091341e-01 |       6.042746e-01 |   2.810908e+01 |   2.800338e+01 |  -1.400000e+00 |
|   4.800000e-02 |       6.091375e-01 |       6.042989e-01 |   2.810865e+01 |   2.800336e+01 |  -1.400000e+00 |
|   4.900000e-02 |       6.091408e-01 |       6.043233e-01 |   2.810823e+01 |   2.800334e+01 |  -1.400000e+00 |
|   5.000000e-02 |       6.091443e-01 |       6.043478e-01 |   2.810780e+01 |   2.800332e+01 |  -1.400000e+00 |
|   5.100000e-02 |       6.091478e-01 |       6.043723e-01 |   2.810737e+01 |   2.800330e+01 |  -1.400000e+00 |
+----------------+--------------------+--------------------+----------------+----------------+----------------+


Time Step 52, time = 0.052, dt = 0.001
 * Nonlinear |R| = [32m2.507178e-02[39m (Before preset BCs, predictors, correctors, and constraints)
 0 Nonlinear |R| = [32m2.507178e-02[39m
      0 Linear |R| = [32m2.507178e-02[39m
      1 Linear |R| = [32m1.571155e-03[39m
      2 Linear |R| = [33m1.541151e-03[39m
      3 Linear |R| = [32m4.584545e-04[39m
      4 Linear |R| = [32m3.873689e-05[39m
      5 Linear |R| = [32m1.843672e-05[39m
      6 Linear |R| = [32m6.734510e-06[39m
      7 Linear |R| = [32m4.287164e-06[39m
      8 Linear |R| = [32m1.163448e-06[39m
      9 Linear |R| = [32m5.940775e-07[39m
     10 Linear |R| = [32m4.645012e-07[39m
     11 Linear |R| = [32m3.158202e-07[39m
     12 Linear |R| = [32m6.019608e-08[39m
     13 Linear |R| = [32m4.064091e-08[39m
     14 Linear |R| = [32m1.011839e-08[39m
     15 Linear |R| = [32m8.188072e-09[39m
     16 Linear |R| = [32m4.680931e-09[39m
     17 Linear |R| = [32m2.261619e-09[39m
     18 Linear |R| = [32m5.898393e-10[39m
     19 Linear |R| = [32m3.656409e-10[39m
     20 Linear |R| = [32m2.557702e-10[39m
     21 Linear |R| = [32m1.114844e-10[39m
     22 Linear |R| = [32m4.928443e-11[39m
     23 Linear |R| = [32m2.772756e-11[39m
     24 Linear |R| = [32m5.687913e-12[39m
 1 Nonlinear |R| = [32m2.025806e-06[39m
      0 Linear |R| = [32m2.025806e-06[39m
      1 Linear |R| = [32m6.883110e-08[39m
      2 Linear |R| = [32m5.890272e-08[39m
      3 Linear |R| = [32m1.519373e-08[39m
      4 Linear |R| = [32m1.320412e-09[39m
      5 Linear |R| = [32m1.195275e-09[39m
      6 Linear |R| = [32m2.920275e-10[39m
      7 Linear |R| = [32m1.746677e-10[39m
      8 Linear |R| = [32m4.635839e-11[39m
      9 Linear |R| = [32m2.626527e-11[39m
     10 Linear |R| = [33m2.571651e-11[39m
     11 Linear |R| = [32m1.217722e-11[39m
     12 Linear |R| = [32m2.642858e-12[39m
     13 Linear |R| = [32m1.747946e-12[39m
     14 Linear |R| = [32m4.090218e-13[39m
     15 Linear |R| = [33m4.043688e-13[39m
     16 Linear |R| = [32m2.249280e-13[39m
     17 Linear |R| = [32m9.076321e-14[39m
     18 Linear |R| = [32m2.826876e-14[39m
     19 Linear |R| = [32m1.734056e-14[39m
     20 Linear |R| = [32m1.588733e-14[39m
     21 Linear |R| = [32m4.546963e-15[39m
     22 Linear |R| = [32m2.138957e-15[39m
     23 Linear |R| = [32m1.179996e-15[39m
 2 Nonlinear |R| = [32m4.037737e-12[39m
[32m Solve Converged![39m

Postprocessor Values:
+----------------+----------------+----------------+----------------+----------------+----------------+----------------+
| time           | J_max          | J_min          | Jbar_max       | Jbar_min       | center_pressure| edge_ux        |
+----------------+----------------+----------------+----------------+----------------+----------------+----------------+
:                :                :                :                :                :                :                :
|   3.800000e-02 |   9.828534e-01 |   9.746697e-01 |   9.904783e-01 |   9.894545e-01 |   1.667505e-01 |   6.100075e-03 |
|   3.900000e-02 |   9.828094e-01 |   9.746640e-01 |   9.904684e-01 |   9.894529e-01 |   1.659119e-01 |   6.055695e-03 |
|   4.000000e-02 |   9.827651e-01 |   9.746580e-01 |   9.904586e-01 |   9.894513e-01 |   1.650804e-01 |   6.011491e-03 |
|   4.100000e-02 |   9.827207e-01 |   9.746517e-01 |   9.904488e-01 |   9.894494e-01 |   1.642557e-01 |   5.967464e-03 |
|   4.200000e-02 |   9.826761e-01 |   9.746451e-01 |   9.904391e-01 |   9.894475e-01 |   1.634375e-01 |   5.923616e-03 |
|   4.300000e-02 |   9.826313e-01 |   9.746382e-01 |   9.904295e-01 |   9.894454e-01 |   1.626257e-01 |   5.879948e-03 |
|   4.400000e-02 |   9.825864e-01 |   9.746311e-01 |   9.904199e-01 |   9.894432e-01 |   1.618200e-01 |   5.836459e-03 |
|   4.500000e-02 |   9.825414e-01 |   9.746237e-01 |   9.904105e-01 |   9.894409e-01 |   1.610202e-01 |   5.793151e-03 |
|   4.600000e-02 |   9.824963e-01 |   9.746161e-01 |   9.904010e-01 |   9.894385e-01 |   1.602262e-01 |   5.750024e-03 |
|   4.700000e-02 |   9.824511e-01 |   9.746084e-01 |   9.903917e-01 |   9.894360e-01 |   1.594378e-01 |   5.707079e-03 |
|   4.800000e-02 |   9.824059e-01 |   9.746004e-01 |   9.903824e-01 |   9.894334e-01 |   1.586549e-01 |   5.664316e-03 |
|   4.900000e-02 |   9.823606e-01 |   9.745923e-01 |   9.903732e-01 |   9.894307e-01 |   1.578773e-01 |   5.621735e-03 |
|   5.000000e-02 |   9.823153e-01 |   9.745840e-01 |   9.903640e-01 |   9.894279e-01 |   1.571048e-01 |   5.579338e-03 |
|   5.100000e-02 |   9.822700e-01 |   9.745756e-01 |   9.903549e-01 |   9.894251e-01 |   1.563374e-01 |   5.537123e-03 |
|   5.200000e-02 |   9.822248e-01 |   9.745670e-01 |   9.903458e-01 |   9.894213e-01 |   1.555749e-01 |   5.495092e-03 |
+----------------+----------------+----------------+----------------+----------------+----------------+----------------+
+----------------+----------------+----------------+------------------+----------------+----------------+
| time           | mass           | mass_reaction  | outflow_gradient | platen_max     | platen_min     |
+----------------+----------------+----------------+------------------+----------------+----------------+
:                :                :                :                  :                :                :
|   3.800000e-02 |   1.583117e+00 |  -3.382678e-01 |     1.754631e-01 |  -4.319104e-02 |  -4.319104e-02 |
|   3.900000e-02 |   1.582781e+00 |  -3.358973e-01 |     1.742588e-01 |  -4.323721e-02 |  -4.323721e-02 |
|   4.000000e-02 |   1.582447e+00 |  -3.335824e-01 |     1.730819e-01 |  -4.328307e-02 |  -4.328307e-02 |
|   4.100000e-02 |   1.582116e+00 |  -3.313202e-01 |     1.719309e-01 |  -4.332862e-02 |  -4.332862e-02 |
|   4.200000e-02 |   1.581787e+00 |  -3.291077e-01 |     1.708045e-01 |  -4.337387e-02 |  -4.337387e-02 |
|   4.300000e-02 |   1.581460e+00 |  -3.269425e-01 |     1.697013e-01 |  -4.341882e-02 |  -4.341882e-02 |
|   4.400000e-02 |   1.581135e+00 |  -3.248220e-01 |     1.686203e-01 |  -4.346348e-02 |  -4.346348e-02 |
|   4.500000e-02 |   1.580812e+00 |  -3.227440e-01 |     1.675601e-01 |  -4.350786e-02 |  -4.350786e-02 |
|   4.600000e-02 |   1.580491e+00 |  -3.207062e-01 |     1.665199e-01 |  -4.355196e-02 |  -4.355196e-02 |
|   4.700000e-02 |   1.580173e+00 |  -3.187069e-01 |     1.654986e-01 |  -4.359579e-02 |  -4.359579e-02 |
|   4.800000e-02 |   1.579856e+00 |  -3.167439e-01 |     1.644952e-01 |  -4.363935e-02 |  -4.363935e-02 |
|   4.900000e-02 |   1.579541e+00 |  -3.148157e-01 |     1.635090e-01 |  -4.368265e-02 |  -4.368265e-02 |
|   5.000000e-02 |   1.579228e+00 |  -3.129204e-01 |     1.625392e-01 |  -4.372569e-02 |  -4.372569e-02 |
|   5.100000e-02 |   1.578917e+00 |  -3.110567e-01 |     1.615849e-01 |  -4.376848e-02 |  -4.376848e-02 |
|   5.200000e-02 |   1.578608e+00 |  -3.092230e-01 |     1.606454e-01 |  -4.381102e-02 |  -4.381102e-02 |
+----------------+----------------+----------------+------------------+----------------+----------------+
+----------------+--------------------+--------------------+----------------+----------------+----------------+
| time           | solid_fraction_max | solid_fraction_min | stability_max  | stability_min  | top_reaction   |
+----------------+--------------------+--------------------+----------------+----------------+----------------+
:                :                    :                    :                :                :                :
|   3.800000e-02 |       6.091077e-01 |       6.040615e-01 |   2.811266e+01 |   2.800358e+01 |  -1.400000e+00 |
|   3.900000e-02 |       6.091102e-01 |       6.040844e-01 |   2.811228e+01 |   2.800356e+01 |  -1.400000e+00 |
|   4.000000e-02 |       6.091129e-01 |       6.041076e-01 |   2.811190e+01 |   2.800353e+01 |  -1.400000e+00 |
|   4.100000e-02 |       6.091157e-01 |       6.041310e-01 |   2.811152e+01 |   2.800351e+01 |  -1.400000e+00 |
|   4.200000e-02 |       6.091186e-01 |       6.041545e-01 |   2.811112e+01 |   2.800349e+01 |  -1.400000e+00 |
|   4.300000e-02 |       6.091215e-01 |       6.041783e-01 |   2.811072e+01 |   2.800346e+01 |  -1.400000e+00 |
|   4.400000e-02 |       6.091246e-01 |       6.042022e-01 |   2.811032e+01 |   2.800344e+01 |  -1.400000e+00 |
|   4.500000e-02 |       6.091277e-01 |       6.042262e-01 |   2.810991e+01 |   2.800342e+01 |  -1.400000e+00 |
|   4.600000e-02 |       6.091309e-01 |       6.042503e-01 |   2.810949e+01 |   2.800340e+01 |  -1.400000e+00 |
|   4.700000e-02 |       6.091341e-01 |       6.042746e-01 |   2.810908e+01 |   2.800338e+01 |  -1.400000e+00 |
|   4.800000e-02 |       6.091375e-01 |       6.042989e-01 |   2.810865e+01 |   2.800336e+01 |  -1.400000e+00 |
|   4.900000e-02 |       6.091408e-01 |       6.043233e-01 |   2.810823e+01 |   2.800334e+01 |  -1.400000e+00 |
|   5.000000e-02 |       6.091443e-01 |       6.043478e-01 |   2.810780e+01 |   2.800332e+01 |  -1.400000e+00 |
|   5.100000e-02 |       6.091478e-01 |       6.043723e-01 |   2.810737e+01 |   2.800330e+01 |  -1.400000e+00 |
|   5.200000e-02 |       6.091513e-01 |       6.043969e-01 |   2.810693e+01 |   2.800328e+01 |  -1.400000e+00 |
+----------------+--------------------+--------------------+----------------+----------------+----------------+


Time Step 53, time = 0.053, dt = 0.001
 * Nonlinear |R| = [32m2.492810e-02[39m (Before preset BCs, predictors, correctors, and constraints)
 0 Nonlinear |R| = [32m2.492810e-02[39m
      0 Linear |R| = [32m2.492810e-02[39m
      1 Linear |R| = [32m1.562160e-03[39m
      2 Linear |R| = [33m1.532318e-03[39m
      3 Linear |R| = [32m4.557899e-04[39m
      4 Linear |R| = [32m3.851697e-05[39m
      5 Linear |R| = [32m1.856819e-05[39m
      6 Linear |R| = [32m6.676087e-06[39m
      7 Linear |R| = [32m4.249965e-06[39m
      8 Linear |R| = [32m1.153858e-06[39m
      9 Linear |R| = [32m5.886221e-07[39m
     10 Linear |R| = [32m4.664649e-07[39m
     11 Linear |R| = [32m3.131638e-07[39m
     12 Linear |R| = [32m5.939007e-08[39m
     13 Linear |R| = [32m4.006355e-08[39m
     14 Linear |R| = [32m1.001721e-08[39m
     15 Linear |R| = [32m8.329612e-09[39m
     16 Linear |R| = [32m4.608207e-09[39m
     17 Linear |R| = [32m2.231262e-09[39m
     18 Linear |R| = [32m5.781612e-10[39m
     19 Linear |R| = [32m3.592861e-10[39m
     20 Linear |R| = [32m2.907610e-10[39m
     21 Linear |R| = [32m1.098757e-10[39m
     22 Linear |R| = [32m4.862070e-11[39m
     23 Linear |R| = [32m2.739888e-11[39m
     24 Linear |R| = [32m5.652240e-12[39m
 1 Nonlinear |R| = [32m2.005771e-06[39m
      0 Linear |R| = [32m2.005771e-06[39m
      1 Linear |R| = [32m6.775983e-08[39m
      2 Linear |R| = [32m5.805655e-08[39m
      3 Linear |R| = [32m1.493701e-08[39m
      4 Linear |R| = [32m1.286383e-09[39m
      5 Linear |R| = [32m1.126215e-09[39m
      6 Linear |R| = [32m2.792157e-10[39m
      7 Linear |R| = [32m1.669966e-10[39m
      8 Linear |R| = [32m4.495087e-11[39m
      9 Linear |R| = [32m2.592488e-11[39m
     10 Linear |R| = [33m2.490677e-11[39m
     11 Linear |R| = [32m1.185284e-11[39m
     12 Linear |R| = [32m2.608115e-12[39m
     13 Linear |R| = [32m1.767162e-12[39m
     14 Linear |R| = [32m4.163723e-13[39m
     15 Linear |R| = [33m4.058278e-13[39m
     16 Linear |R| = [32m2.158539e-13[39m
     17 Linear |R| = [32m9.286239e-14[39m
     18 Linear |R| = [32m2.827321e-14[39m
     19 Linear |R| = [32m1.747709e-14[39m
     20 Linear |R| = [32m1.535265e-14[39m
     21 Linear |R| = [32m4.543136e-15[39m
     22 Linear |R| = [32m1.877530e-15[39m
 2 Nonlinear |R| = [32m3.575718e-12[39m
[32m Solve Converged![39m

Postprocessor Values:
+----------------+----------------+----------------+----------------+----------------+----------------+----------------+
| time           | J_max          | J_min          | Jbar_max       | Jbar_min       | center_pressure| edge_ux        |
+----------------+----------------+----------------+----------------+----------------+----------------+----------------+
:                :                :                :                :                :                :                :
|   3.900000e-02 |   9.828094e-01 |   9.746640e-01 |   9.904684e-01 |   9.894529e-01 |   1.659119e-01 |   6.055695e-03 |
|   4.000000e-02 |   9.827651e-01 |   9.746580e-01 |   9.904586e-01 |   9.894513e-01 |   1.650804e-01 |   6.011491e-03 |
|   4.100000e-02 |   9.827207e-01 |   9.746517e-01 |   9.904488e-01 |   9.894494e-01 |   1.642557e-01 |   5.967464e-03 |
|   4.200000e-02 |   9.826761e-01 |   9.746451e-01 |   9.904391e-01 |   9.894475e-01 |   1.634375e-01 |   5.923616e-03 |
|   4.300000e-02 |   9.826313e-01 |   9.746382e-01 |   9.904295e-01 |   9.894454e-01 |   1.626257e-01 |   5.879948e-03 |
|   4.400000e-02 |   9.825864e-01 |   9.746311e-01 |   9.904199e-01 |   9.894432e-01 |   1.618200e-01 |   5.836459e-03 |
|   4.500000e-02 |   9.825414e-01 |   9.746237e-01 |   9.904105e-01 |   9.894409e-01 |   1.610202e-01 |   5.793151e-03 |
|   4.600000e-02 |   9.824963e-01 |   9.746161e-01 |   9.904010e-01 |   9.894385e-01 |   1.602262e-01 |   5.750024e-03 |
|   4.700000e-02 |   9.824511e-01 |   9.746084e-01 |   9.903917e-01 |   9.894360e-01 |   1.594378e-01 |   5.707079e-03 |
|   4.800000e-02 |   9.824059e-01 |   9.746004e-01 |   9.903824e-01 |   9.894334e-01 |   1.586549e-01 |   5.664316e-03 |
|   4.900000e-02 |   9.823606e-01 |   9.745923e-01 |   9.903732e-01 |   9.894307e-01 |   1.578773e-01 |   5.621735e-03 |
|   5.000000e-02 |   9.823153e-01 |   9.745840e-01 |   9.903640e-01 |   9.894279e-01 |   1.571048e-01 |   5.579338e-03 |
|   5.100000e-02 |   9.822700e-01 |   9.745756e-01 |   9.903549e-01 |   9.894251e-01 |   1.563374e-01 |   5.537123e-03 |
|   5.200000e-02 |   9.822248e-01 |   9.745670e-01 |   9.903458e-01 |   9.894213e-01 |   1.555749e-01 |   5.495092e-03 |
|   5.300000e-02 |   9.821795e-01 |   9.745584e-01 |   9.903368e-01 |   9.894161e-01 |   1.548173e-01 |   5.453244e-03 |
+----------------+----------------+----------------+----------------+----------------+----------------+----------------+
+----------------+----------------+----------------+------------------+----------------+----------------+
| time           | mass           | mass_reaction  | outflow_gradient | platen_max     | platen_min     |
+----------------+----------------+----------------+------------------+----------------+----------------+
:                :                :                :                  :                :                :
|   3.900000e-02 |   1.582781e+00 |  -3.358973e-01 |     1.742588e-01 |  -4.323721e-02 |  -4.323721e-02 |
|   4.000000e-02 |   1.582447e+00 |  -3.335824e-01 |     1.730819e-01 |  -4.328307e-02 |  -4.328307e-02 |
|   4.100000e-02 |   1.582116e+00 |  -3.313202e-01 |     1.719309e-01 |  -4.332862e-02 |  -4.332862e-02 |
|   4.200000e-02 |   1.581787e+00 |  -3.291077e-01 |     1.708045e-01 |  -4.337387e-02 |  -4.337387e-02 |
|   4.300000e-02 |   1.581460e+00 |  -3.269425e-01 |     1.697013e-01 |  -4.341882e-02 |  -4.341882e-02 |
|   4.400000e-02 |   1.581135e+00 |  -3.248220e-01 |     1.686203e-01 |  -4.346348e-02 |  -4.346348e-02 |
|   4.500000e-02 |   1.580812e+00 |  -3.227440e-01 |     1.675601e-01 |  -4.350786e-02 |  -4.350786e-02 |
|   4.600000e-02 |   1.580491e+00 |  -3.207062e-01 |     1.665199e-01 |  -4.355196e-02 |  -4.355196e-02 |
|   4.700000e-02 |   1.580173e+00 |  -3.187069e-01 |     1.654986e-01 |  -4.359579e-02 |  -4.359579e-02 |
|   4.800000e-02 |   1.579856e+00 |  -3.167439e-01 |     1.644952e-01 |  -4.363935e-02 |  -4.363935e-02 |
|   4.900000e-02 |   1.579541e+00 |  -3.148157e-01 |     1.635090e-01 |  -4.368265e-02 |  -4.368265e-02 |
|   5.000000e-02 |   1.579228e+00 |  -3.129204e-01 |     1.625392e-01 |  -4.372569e-02 |  -4.372569e-02 |
|   5.100000e-02 |   1.578917e+00 |  -3.110567e-01 |     1.615849e-01 |  -4.376848e-02 |  -4.376848e-02 |
|   5.200000e-02 |   1.578608e+00 |  -3.092230e-01 |     1.606454e-01 |  -4.381102e-02 |  -4.381102e-02 |
|   5.300000e-02 |   1.578301e+00 |  -3.074178e-01 |     1.597201e-01 |  -4.385331e-02 |  -4.385331e-02 |
+----------------+----------------+----------------+------------------+----------------+----------------+
+----------------+--------------------+--------------------+----------------+----------------+----------------+
| time           | solid_fraction_max | solid_fraction_min | stability_max  | stability_min  | top_reaction   |
+----------------+--------------------+--------------------+----------------+----------------+----------------+
:                :                    :                    :                :                :                :
|   3.900000e-02 |       6.091102e-01 |       6.040844e-01 |   2.811228e+01 |   2.800356e+01 |  -1.400000e+00 |
|   4.000000e-02 |       6.091129e-01 |       6.041076e-01 |   2.811190e+01 |   2.800353e+01 |  -1.400000e+00 |
|   4.100000e-02 |       6.091157e-01 |       6.041310e-01 |   2.811152e+01 |   2.800351e+01 |  -1.400000e+00 |
|   4.200000e-02 |       6.091186e-01 |       6.041545e-01 |   2.811112e+01 |   2.800349e+01 |  -1.400000e+00 |
|   4.300000e-02 |       6.091215e-01 |       6.041783e-01 |   2.811072e+01 |   2.800346e+01 |  -1.400000e+00 |
|   4.400000e-02 |       6.091246e-01 |       6.042022e-01 |   2.811032e+01 |   2.800344e+01 |  -1.400000e+00 |
|   4.500000e-02 |       6.091277e-01 |       6.042262e-01 |   2.810991e+01 |   2.800342e+01 |  -1.400000e+00 |
|   4.600000e-02 |       6.091309e-01 |       6.042503e-01 |   2.810949e+01 |   2.800340e+01 |  -1.400000e+00 |
|   4.700000e-02 |       6.091341e-01 |       6.042746e-01 |   2.810908e+01 |   2.800338e+01 |  -1.400000e+00 |
|   4.800000e-02 |       6.091375e-01 |       6.042989e-01 |   2.810865e+01 |   2.800336e+01 |  -1.400000e+00 |
|   4.900000e-02 |       6.091408e-01 |       6.043233e-01 |   2.810823e+01 |   2.800334e+01 |  -1.400000e+00 |
|   5.000000e-02 |       6.091443e-01 |       6.043478e-01 |   2.810780e+01 |   2.800332e+01 |  -1.400000e+00 |
|   5.100000e-02 |       6.091478e-01 |       6.043723e-01 |   2.810737e+01 |   2.800330e+01 |  -1.400000e+00 |
|   5.200000e-02 |       6.091513e-01 |       6.043969e-01 |   2.810693e+01 |   2.800328e+01 |  -1.400000e+00 |
|   5.300000e-02 |       6.091549e-01 |       6.044216e-01 |   2.810650e+01 |   2.800326e+01 |  -1.400000e+00 |
+----------------+--------------------+--------------------+----------------+----------------+----------------+


Time Step 54, time = 0.054, dt = 0.001
 * Nonlinear |R| = [32m2.478727e-02[39m (Before preset BCs, predictors, correctors, and constraints)
 0 Nonlinear |R| = [32m2.478727e-02[39m
      0 Linear |R| = [32m2.478727e-02[39m
      1 Linear |R| = [32m1.553306e-03[39m
      2 Linear |R| = [33m1.523628e-03[39m
      3 Linear |R| = [32m4.531463e-04[39m
      4 Linear |R| = [32m3.826520e-05[39m
      5 Linear |R| = [32m1.749703e-05[39m
      6 Linear |R| = [32m6.619268e-06[39m
      7 Linear |R| = [32m4.213987e-06[39m
      8 Linear |R| = [32m1.144573e-06[39m
      9 Linear |R| = [32m5.836684e-07[39m
     10 Linear |R| = [32m4.850080e-07[39m
     11 Linear |R| = [32m3.107159e-07[39m
     12 Linear |R| = [32m5.862243e-08[39m
     13 Linear |R| = [32m3.951352e-08[39m
     14 Linear |R| = [32m9.925062e-09[39m
     15 Linear |R| = [32m8.522554e-09[39m
     16 Linear |R| = [32m4.538491e-09[39m
     17 Linear |R| = [32m2.201878e-09[39m
     18 Linear |R| = [32m5.668257e-10[39m
     19 Linear |R| = [32m3.523195e-10[39m
     20 Linear |R| = [32m2.685946e-10[39m
     21 Linear |R| = [32m1.082173e-10[39m
     22 Linear |R| = [32m4.796262e-11[39m
     23 Linear |R| = [32m2.707265e-11[39m
     24 Linear |R| = [32m5.594183e-12[39m
 1 Nonlinear |R| = [32m1.985923e-06[39m
      0 Linear |R| = [32m1.985923e-06[39m
      1 Linear |R| = [32m6.713278e-08[39m
      2 Linear |R| = [32m5.712876e-08[39m
      3 Linear |R| = [32m1.472231e-08[39m
      4 Linear |R| = [32m1.273664e-09[39m
      5 Linear |R| = [32m1.132006e-09[39m
      6 Linear |R| = [32m2.800283e-10[39m
      7 Linear |R| = [32m1.656280e-10[39m
      8 Linear |R| = [32m4.276027e-11[39m
      9 Linear |R| = [32m2.374785e-11[39m
     10 Linear |R| = [33m2.294550e-11[39m
     11 Linear |R| = [32m1.127152e-11[39m
     12 Linear |R| = [32m2.321684e-12[39m
     13 Linear |R| = [32m1.559391e-12[39m
     14 Linear |R| = [32m3.577657e-13[39m
     15 Linear |R| = [33m3.446782e-13[39m
     16 Linear |R| = [32m1.854147e-13[39m
     17 Linear |R| = [32m7.741685e-14[39m
     18 Linear |R| = [32m2.255903e-14[39m
     19 Linear |R| = [32m1.359885e-14[39m
     20 Linear |R| = [32m1.204586e-14[39m
     21 Linear |R| = [32m3.810698e-15[39m
     22 Linear |R| = [32m1.912124e-15[39m
 2 Nonlinear |R| = [32m3.592574e-12[39m
[32m Solve Converged![39m

Postprocessor Values:
+----------------+----------------+----------------+----------------+----------------+----------------+----------------+
| time           | J_max          | J_min          | Jbar_max       | Jbar_min       | center_pressure| edge_ux        |
+----------------+----------------+----------------+----------------+----------------+----------------+----------------+
:                :                :                :                :                :                :                :
|   4.000000e-02 |   9.827651e-01 |   9.746580e-01 |   9.904586e-01 |   9.894513e-01 |   1.650804e-01 |   6.011491e-03 |
|   4.100000e-02 |   9.827207e-01 |   9.746517e-01 |   9.904488e-01 |   9.894494e-01 |   1.642557e-01 |   5.967464e-03 |
|   4.200000e-02 |   9.826761e-01 |   9.746451e-01 |   9.904391e-01 |   9.894475e-01 |   1.634375e-01 |   5.923616e-03 |
|   4.300000e-02 |   9.826313e-01 |   9.746382e-01 |   9.904295e-01 |   9.894454e-01 |   1.626257e-01 |   5.879948e-03 |
|   4.400000e-02 |   9.825864e-01 |   9.746311e-01 |   9.904199e-01 |   9.894432e-01 |   1.618200e-01 |   5.836459e-03 |
|   4.500000e-02 |   9.825414e-01 |   9.746237e-01 |   9.904105e-01 |   9.894409e-01 |   1.610202e-01 |   5.793151e-03 |
|   4.600000e-02 |   9.824963e-01 |   9.746161e-01 |   9.904010e-01 |   9.894385e-01 |   1.602262e-01 |   5.750024e-03 |
|   4.700000e-02 |   9.824511e-01 |   9.746084e-01 |   9.903917e-01 |   9.894360e-01 |   1.594378e-01 |   5.707079e-03 |
|   4.800000e-02 |   9.824059e-01 |   9.746004e-01 |   9.903824e-01 |   9.894334e-01 |   1.586549e-01 |   5.664316e-03 |
|   4.900000e-02 |   9.823606e-01 |   9.745923e-01 |   9.903732e-01 |   9.894307e-01 |   1.578773e-01 |   5.621735e-03 |
|   5.000000e-02 |   9.823153e-01 |   9.745840e-01 |   9.903640e-01 |   9.894279e-01 |   1.571048e-01 |   5.579338e-03 |
|   5.100000e-02 |   9.822700e-01 |   9.745756e-01 |   9.903549e-01 |   9.894251e-01 |   1.563374e-01 |   5.537123e-03 |
|   5.200000e-02 |   9.822248e-01 |   9.745670e-01 |   9.903458e-01 |   9.894213e-01 |   1.555749e-01 |   5.495092e-03 |
|   5.300000e-02 |   9.821795e-01 |   9.745584e-01 |   9.903368e-01 |   9.894161e-01 |   1.548173e-01 |   5.453244e-03 |
|   5.400000e-02 |   9.821343e-01 |   9.745496e-01 |   9.903279e-01 |   9.894109e-01 |   1.540644e-01 |   5.411580e-03 |
+----------------+----------------+----------------+----------------+----------------+----------------+----------------+
+----------------+----------------+----------------+------------------+----------------+----------------+
| time           | mass           | mass_reaction  | outflow_gradient | platen_max     | platen_min     |
+----------------+----------------+----------------+------------------+----------------+----------------+
:                :                :                :                  :                :                :
|   4.000000e-02 |   1.582447e+00 |  -3.335824e-01 |     1.730819e-01 |  -4.328307e-02 |  -4.328307e-02 |
|   4.100000e-02 |   1.582116e+00 |  -3.313202e-01 |     1.719309e-01 |  -4.332862e-02 |  -4.332862e-02 |
|   4.200000e-02 |   1.581787e+00 |  -3.291077e-01 |     1.708045e-01 |  -4.337387e-02 |  -4.337387e-02 |
|   4.300000e-02 |   1.581460e+00 |  -3.269425e-01 |     1.697013e-01 |  -4.341882e-02 |  -4.341882e-02 |
|   4.400000e-02 |   1.581135e+00 |  -3.248220e-01 |     1.686203e-01 |  -4.346348e-02 |  -4.346348e-02 |
|   4.500000e-02 |   1.580812e+00 |  -3.227440e-01 |     1.675601e-01 |  -4.350786e-02 |  -4.350786e-02 |
|   4.600000e-02 |   1.580491e+00 |  -3.207062e-01 |     1.665199e-01 |  -4.355196e-02 |  -4.355196e-02 |
|   4.700000e-02 |   1.580173e+00 |  -3.187069e-01 |     1.654986e-01 |  -4.359579e-02 |  -4.359579e-02 |
|   4.800000e-02 |   1.579856e+00 |  -3.167439e-01 |     1.644952e-01 |  -4.363935e-02 |  -4.363935e-02 |
|   4.900000e-02 |   1.579541e+00 |  -3.148157e-01 |     1.635090e-01 |  -4.368265e-02 |  -4.368265e-02 |
|   5.000000e-02 |   1.579228e+00 |  -3.129204e-01 |     1.625392e-01 |  -4.372569e-02 |  -4.372569e-02 |
|   5.100000e-02 |   1.578917e+00 |  -3.110567e-01 |     1.615849e-01 |  -4.376848e-02 |  -4.376848e-02 |
|   5.200000e-02 |   1.578608e+00 |  -3.092230e-01 |     1.606454e-01 |  -4.381102e-02 |  -4.381102e-02 |
|   5.300000e-02 |   1.578301e+00 |  -3.074178e-01 |     1.597201e-01 |  -4.385331e-02 |  -4.385331e-02 |
|   5.400000e-02 |   1.577995e+00 |  -3.056401e-01 |     1.588083e-01 |  -4.389536e-02 |  -4.389536e-02 |
+----------------+----------------+----------------+------------------+----------------+----------------+
+----------------+--------------------+--------------------+----------------+----------------+----------------+
| time           | solid_fraction_max | solid_fraction_min | stability_max  | stability_min  | top_reaction   |
+----------------+--------------------+--------------------+----------------+----------------+----------------+
:                :                    :                    :                :                :                :
|   4.000000e-02 |       6.091129e-01 |       6.041076e-01 |   2.811190e+01 |   2.800353e+01 |  -1.400000e+00 |
|   4.100000e-02 |       6.091157e-01 |       6.041310e-01 |   2.811152e+01 |   2.800351e+01 |  -1.400000e+00 |
|   4.200000e-02 |       6.091186e-01 |       6.041545e-01 |   2.811112e+01 |   2.800349e+01 |  -1.400000e+00 |
|   4.300000e-02 |       6.091215e-01 |       6.041783e-01 |   2.811072e+01 |   2.800346e+01 |  -1.400000e+00 |
|   4.400000e-02 |       6.091246e-01 |       6.042022e-01 |   2.811032e+01 |   2.800344e+01 |  -1.400000e+00 |
|   4.500000e-02 |       6.091277e-01 |       6.042262e-01 |   2.810991e+01 |   2.800342e+01 |  -1.400000e+00 |
|   4.600000e-02 |       6.091309e-01 |       6.042503e-01 |   2.810949e+01 |   2.800340e+01 |  -1.400000e+00 |
|   4.700000e-02 |       6.091341e-01 |       6.042746e-01 |   2.810908e+01 |   2.800338e+01 |  -1.400000e+00 |
|   4.800000e-02 |       6.091375e-01 |       6.042989e-01 |   2.810865e+01 |   2.800336e+01 |  -1.400000e+00 |
|   4.900000e-02 |       6.091408e-01 |       6.043233e-01 |   2.810823e+01 |   2.800334e+01 |  -1.400000e+00 |
|   5.000000e-02 |       6.091443e-01 |       6.043478e-01 |   2.810780e+01 |   2.800332e+01 |  -1.400000e+00 |
|   5.100000e-02 |       6.091478e-01 |       6.043723e-01 |   2.810737e+01 |   2.800330e+01 |  -1.400000e+00 |
|   5.200000e-02 |       6.091513e-01 |       6.043969e-01 |   2.810693e+01 |   2.800328e+01 |  -1.400000e+00 |
|   5.300000e-02 |       6.091549e-01 |       6.044216e-01 |   2.810650e+01 |   2.800326e+01 |  -1.400000e+00 |
|   5.400000e-02 |       6.091585e-01 |       6.044462e-01 |   2.810606e+01 |   2.800324e+01 |  -1.400000e+00 |
+----------------+--------------------+--------------------+----------------+----------------+----------------+


Time Step 55, time = 0.055, dt = 0.001
 * Nonlinear |R| = [32m2.464908e-02[39m (Before preset BCs, predictors, correctors, and constraints)
 0 Nonlinear |R| = [32m2.464908e-02[39m
      0 Linear |R| = [32m2.464908e-02[39m
      1 Linear |R| = [32m1.544575e-03[39m
      2 Linear |R| = [33m1.515053e-03[39m
      3 Linear |R| = [32m4.505716e-04[39m
      4 Linear |R| = [32m3.802969e-05[39m
      5 Linear |R| = [32m1.636334e-05[39m
      6 Linear |R| = [32m6.564562e-06[39m
      7 Linear |R| = [32m4.179175e-06[39m
      8 Linear |R| = [32m1.135566e-06[39m
      9 Linear |R| = [32m5.778699e-07[39m
     10 Linear |R| = [32m4.321337e-07[39m
     11 Linear |R| = [32m3.076700e-07[39m
     12 Linear |R| = [32m5.789064e-08[39m
     13 Linear |R| = [32m3.898910e-08[39m
     14 Linear |R| = [32m9.782871e-09[39m
     15 Linear |R| = [32m7.851554e-09[39m
     16 Linear |R| = [32m4.471075e-09[39m
     17 Linear |R| = [32m2.173437e-09[39m
     18 Linear |R| = [32m5.558342e-10[39m
     19 Linear |R| = [32m3.457774e-10[39m
     20 Linear |R| = [32m2.627513e-10[39m
     21 Linear |R| = [32m1.065985e-10[39m
     22 Linear |R| = [32m4.731030e-11[39m
     23 Linear |R| = [32m2.674875e-11[39m
     24 Linear |R| = [32m5.546835e-12[39m
 1 Nonlinear |R| = [32m1.966859e-06[39m
      0 Linear |R| = [32m1.966859e-06[39m
      1 Linear |R| = [32m6.603457e-08[39m
      2 Linear |R| = [32m5.721206e-08[39m
      3 Linear |R| = [32m1.473192e-08[39m
      4 Linear |R| = [32m1.267006e-09[39m
      5 Linear |R| = [32m1.095460e-09[39m
      6 Linear |R| = [32m2.616423e-10[39m
      7 Linear |R| = [32m1.588047e-10[39m
      8 Linear |R| = [32m4.180960e-11[39m
      9 Linear |R| = [32m2.267771e-11[39m
     10 Linear |R| = [33m2.182912e-11[39m
     11 Linear |R| = [32m1.100187e-11[39m
     12 Linear |R| = [32m2.124319e-12[39m
     13 Linear |R| = [32m1.419103e-12[39m
     14 Linear |R| = [32m3.328154e-13[39m
     15 Linear |R| = [33m3.263867e-13[39m
     16 Linear |R| = [32m1.557251e-13[39m
     17 Linear |R| = [32m7.127749e-14[39m
     18 Linear |R| = [32m1.669280e-14[39m
     19 Linear |R| = [32m9.845676e-15[39m
     20 Linear |R| = [32m9.344542e-15[39m
     21 Linear |R| = [32m3.191589e-15[39m
     22 Linear |R| = [32m1.276356e-15[39m
 2 Nonlinear |R| = [32m3.374261e-12[39m
[32m Solve Converged![39m

Postprocessor Values:
+----------------+----------------+----------------+----------------+----------------+----------------+----------------+
| time           | J_max          | J_min          | Jbar_max       | Jbar_min       | center_pressure| edge_ux        |
+----------------+----------------+----------------+----------------+----------------+----------------+----------------+
:                :                :                :                :                :                :                :
|   4.100000e-02 |   9.827207e-01 |   9.746517e-01 |   9.904488e-01 |   9.894494e-01 |   1.642557e-01 |   5.967464e-03 |
|   4.200000e-02 |   9.826761e-01 |   9.746451e-01 |   9.904391e-01 |   9.894475e-01 |   1.634375e-01 |   5.923616e-03 |
|   4.300000e-02 |   9.826313e-01 |   9.746382e-01 |   9.904295e-01 |   9.894454e-01 |   1.626257e-01 |   5.879948e-03 |
|   4.400000e-02 |   9.825864e-01 |   9.746311e-01 |   9.904199e-01 |   9.894432e-01 |   1.618200e-01 |   5.836459e-03 |
|   4.500000e-02 |   9.825414e-01 |   9.746237e-01 |   9.904105e-01 |   9.894409e-01 |   1.610202e-01 |   5.793151e-03 |
|   4.600000e-02 |   9.824963e-01 |   9.746161e-01 |   9.904010e-01 |   9.894385e-01 |   1.602262e-01 |   5.750024e-03 |
|   4.700000e-02 |   9.824511e-01 |   9.746084e-01 |   9.903917e-01 |   9.894360e-01 |   1.594378e-01 |   5.707079e-03 |
|   4.800000e-02 |   9.824059e-01 |   9.746004e-01 |   9.903824e-01 |   9.894334e-01 |   1.586549e-01 |   5.664316e-03 |
|   4.900000e-02 |   9.823606e-01 |   9.745923e-01 |   9.903732e-01 |   9.894307e-01 |   1.578773e-01 |   5.621735e-03 |
|   5.000000e-02 |   9.823153e-01 |   9.745840e-01 |   9.903640e-01 |   9.894279e-01 |   1.571048e-01 |   5.579338e-03 |
|   5.100000e-02 |   9.822700e-01 |   9.745756e-01 |   9.903549e-01 |   9.894251e-01 |   1.563374e-01 |   5.537123e-03 |
|   5.200000e-02 |   9.822248e-01 |   9.745670e-01 |   9.903458e-01 |   9.894213e-01 |   1.555749e-01 |   5.495092e-03 |
|   5.300000e-02 |   9.821795e-01 |   9.745584e-01 |   9.903368e-01 |   9.894161e-01 |   1.548173e-01 |   5.453244e-03 |
|   5.400000e-02 |   9.821343e-01 |   9.745496e-01 |   9.903279e-01 |   9.894109e-01 |   1.540644e-01 |   5.411580e-03 |
|   5.500000e-02 |   9.820891e-01 |   9.745406e-01 |   9.903190e-01 |   9.894058e-01 |   1.533161e-01 |   5.370099e-03 |
+----------------+----------------+----------------+----------------+----------------+----------------+----------------+
+----------------+----------------+----------------+------------------+----------------+----------------+
| time           | mass           | mass_reaction  | outflow_gradient | platen_max     | platen_min     |
+----------------+----------------+----------------+------------------+----------------+----------------+
:                :                :                :                  :                :                :
|   4.100000e-02 |   1.582116e+00 |  -3.313202e-01 |     1.719309e-01 |  -4.332862e-02 |  -4.332862e-02 |
|   4.200000e-02 |   1.581787e+00 |  -3.291077e-01 |     1.708045e-01 |  -4.337387e-02 |  -4.337387e-02 |
|   4.300000e-02 |   1.581460e+00 |  -3.269425e-01 |     1.697013e-01 |  -4.341882e-02 |  -4.341882e-02 |
|   4.400000e-02 |   1.581135e+00 |  -3.248220e-01 |     1.686203e-01 |  -4.346348e-02 |  -4.346348e-02 |
|   4.500000e-02 |   1.580812e+00 |  -3.227440e-01 |     1.675601e-01 |  -4.350786e-02 |  -4.350786e-02 |
|   4.600000e-02 |   1.580491e+00 |  -3.207062e-01 |     1.665199e-01 |  -4.355196e-02 |  -4.355196e-02 |
|   4.700000e-02 |   1.580173e+00 |  -3.187069e-01 |     1.654986e-01 |  -4.359579e-02 |  -4.359579e-02 |
|   4.800000e-02 |   1.579856e+00 |  -3.167439e-01 |     1.644952e-01 |  -4.363935e-02 |  -4.363935e-02 |
|   4.900000e-02 |   1.579541e+00 |  -3.148157e-01 |     1.635090e-01 |  -4.368265e-02 |  -4.368265e-02 |
|   5.000000e-02 |   1.579228e+00 |  -3.129204e-01 |     1.625392e-01 |  -4.372569e-02 |  -4.372569e-02 |
|   5.100000e-02 |   1.578917e+00 |  -3.110567e-01 |     1.615849e-01 |  -4.376848e-02 |  -4.376848e-02 |
|   5.200000e-02 |   1.578608e+00 |  -3.092230e-01 |     1.606454e-01 |  -4.381102e-02 |  -4.381102e-02 |
|   5.300000e-02 |   1.578301e+00 |  -3.074178e-01 |     1.597201e-01 |  -4.385331e-02 |  -4.385331e-02 |
|   5.400000e-02 |   1.577995e+00 |  -3.056401e-01 |     1.588083e-01 |  -4.389536e-02 |  -4.389536e-02 |
|   5.500000e-02 |   1.577691e+00 |  -3.038884e-01 |     1.579094e-01 |  -4.393718e-02 |  -4.393718e-02 |
+----------------+----------------+----------------+------------------+----------------+----------------+
+----------------+--------------------+--------------------+----------------+----------------+----------------+
| time           | solid_fraction_max | solid_fraction_min | stability_max  | stability_min  | top_reaction   |
+----------------+--------------------+--------------------+----------------+----------------+----------------+
:                :                    :                    :                :                :                :
|   4.100000e-02 |       6.091157e-01 |       6.041310e-01 |   2.811152e+01 |   2.800351e+01 |  -1.400000e+00 |
|   4.200000e-02 |       6.091186e-01 |       6.041545e-01 |   2.811112e+01 |   2.800349e+01 |  -1.400000e+00 |
|   4.300000e-02 |       6.091215e-01 |       6.041783e-01 |   2.811072e+01 |   2.800346e+01 |  -1.400000e+00 |
|   4.400000e-02 |       6.091246e-01 |       6.042022e-01 |   2.811032e+01 |   2.800344e+01 |  -1.400000e+00 |
|   4.500000e-02 |       6.091277e-01 |       6.042262e-01 |   2.810991e+01 |   2.800342e+01 |  -1.400000e+00 |
|   4.600000e-02 |       6.091309e-01 |       6.042503e-01 |   2.810949e+01 |   2.800340e+01 |  -1.400000e+00 |
|   4.700000e-02 |       6.091341e-01 |       6.042746e-01 |   2.810908e+01 |   2.800338e+01 |  -1.400000e+00 |
|   4.800000e-02 |       6.091375e-01 |       6.042989e-01 |   2.810865e+01 |   2.800336e+01 |  -1.400000e+00 |
|   4.900000e-02 |       6.091408e-01 |       6.043233e-01 |   2.810823e+01 |   2.800334e+01 |  -1.400000e+00 |
|   5.000000e-02 |       6.091443e-01 |       6.043478e-01 |   2.810780e+01 |   2.800332e+01 |  -1.400000e+00 |
|   5.100000e-02 |       6.091478e-01 |       6.043723e-01 |   2.810737e+01 |   2.800330e+01 |  -1.400000e+00 |
|   5.200000e-02 |       6.091513e-01 |       6.043969e-01 |   2.810693e+01 |   2.800328e+01 |  -1.400000e+00 |
|   5.300000e-02 |       6.091549e-01 |       6.044216e-01 |   2.810650e+01 |   2.800326e+01 |  -1.400000e+00 |
|   5.400000e-02 |       6.091585e-01 |       6.044462e-01 |   2.810606e+01 |   2.800324e+01 |  -1.400000e+00 |
|   5.500000e-02 |       6.091621e-01 |       6.044709e-01 |   2.810562e+01 |   2.800322e+01 |  -1.400000e+00 |
+----------------+--------------------+--------------------+----------------+----------------+----------------+


Time Step 56, time = 0.056, dt = 0.001
 * Nonlinear |R| = [32m2.451332e-02[39m (Before preset BCs, predictors, correctors, and constraints)
 0 Nonlinear |R| = [32m2.451332e-02[39m
      0 Linear |R| = [32m2.451332e-02[39m
      1 Linear |R| = [32m1.535979e-03[39m
      2 Linear |R| = [33m1.506618e-03[39m
      3 Linear |R| = [32m4.479963e-04[39m
      4 Linear |R| = [32m3.782582e-05[39m
      5 Linear |R| = [32m1.784711e-05[39m
      6 Linear |R| = [32m6.511989e-06[39m
      7 Linear |R| = [32m4.145436e-06[39m
      8 Linear |R| = [32m1.126826e-06[39m
      9 Linear |R| = [32m5.732031e-07[39m
     10 Linear |R| = [32m4.549730e-07[39m
     11 Linear |R| = [32m3.055084e-07[39m
     12 Linear |R| = [32m5.719242e-08[39m
     13 Linear |R| = [32m3.848871e-08[39m
     14 Linear |R| = [32m9.687987e-09[39m
     15 Linear |R| = [32m7.905838e-09[39m
     16 Linear |R| = [32m4.407059e-09[39m
     17 Linear |R| = [32m2.145919e-09[39m
     18 Linear |R| = [32m5.451713e-10[39m
     19 Linear |R| = [32m3.393825e-10[39m
     20 Linear |R| = [32m2.574637e-10[39m
     21 Linear |R| = [32m1.050007e-10[39m
     22 Linear |R| = [32m4.666366e-11[39m
     23 Linear |R| = [32m2.642729e-11[39m
     24 Linear |R| = [32m5.496075e-12[39m
 1 Nonlinear |R| = [32m1.939536e-06[39m
      0 Linear |R| = [32m1.939536e-06[39m
      1 Linear |R| = [32m6.639632e-08[39m
      2 Linear |R| = [32m5.640493e-08[39m
      3 Linear |R| = [32m1.452238e-08[39m
      4 Linear |R| = [32m1.243849e-09[39m
      5 Linear |R| = [32m1.106131e-09[39m
      6 Linear |R| = [32m2.386484e-10[39m
      7 Linear |R| = [32m1.486292e-10[39m
      8 Linear |R| = [32m3.819971e-11[39m
      9 Linear |R| = [32m1.968740e-11[39m
     10 Linear |R| = [33m1.938693e-11[39m
     11 Linear |R| = [32m1.018427e-11[39m
     12 Linear |R| = [32m2.025131e-12[39m
     13 Linear |R| = [32m1.365393e-12[39m
     14 Linear |R| = [32m3.224652e-13[39m
     15 Linear |R| = [33m3.160683e-13[39m
     16 Linear |R| = [32m1.514313e-13[39m
     17 Linear |R| = [32m6.646397e-14[39m
     18 Linear |R| = [32m1.601296e-14[39m
     19 Linear |R| = [32m1.001794e-14[39m
     20 Linear |R| = [33m9.677574e-15[39m
     21 Linear |R| = [32m3.198612e-15[39m
     22 Linear |R| = [32m1.504728e-15[39m
 2 Nonlinear |R| = [32m3.571169e-12[39m
[32m Solve Converged![39m

Postprocessor Values:
+----------------+----------------+----------------+----------------+----------------+----------------+----------------+
| time           | J_max          | J_min          | Jbar_max       | Jbar_min       | center_pressure| edge_ux        |
+----------------+----------------+----------------+----------------+----------------+----------------+----------------+
:                :                :                :                :                :                :                :
|   4.200000e-02 |   9.826761e-01 |   9.746451e-01 |   9.904391e-01 |   9.894475e-01 |   1.634375e-01 |   5.923616e-03 |
|   4.300000e-02 |   9.826313e-01 |   9.746382e-01 |   9.904295e-01 |   9.894454e-01 |   1.626257e-01 |   5.879948e-03 |
|   4.400000e-02 |   9.825864e-01 |   9.746311e-01 |   9.904199e-01 |   9.894432e-01 |   1.618200e-01 |   5.836459e-03 |
|   4.500000e-02 |   9.825414e-01 |   9.746237e-01 |   9.904105e-01 |   9.894409e-01 |   1.610202e-01 |   5.793151e-03 |
|   4.600000e-02 |   9.824963e-01 |   9.746161e-01 |   9.904010e-01 |   9.894385e-01 |   1.602262e-01 |   5.750024e-03 |
|   4.700000e-02 |   9.824511e-01 |   9.746084e-01 |   9.903917e-01 |   9.894360e-01 |   1.594378e-01 |   5.707079e-03 |
|   4.800000e-02 |   9.824059e-01 |   9.746004e-01 |   9.903824e-01 |   9.894334e-01 |   1.586549e-01 |   5.664316e-03 |
|   4.900000e-02 |   9.823606e-01 |   9.745923e-01 |   9.903732e-01 |   9.894307e-01 |   1.578773e-01 |   5.621735e-03 |
|   5.000000e-02 |   9.823153e-01 |   9.745840e-01 |   9.903640e-01 |   9.894279e-01 |   1.571048e-01 |   5.579338e-03 |
|   5.100000e-02 |   9.822700e-01 |   9.745756e-01 |   9.903549e-01 |   9.894251e-01 |   1.563374e-01 |   5.537123e-03 |
|   5.200000e-02 |   9.822248e-01 |   9.745670e-01 |   9.903458e-01 |   9.894213e-01 |   1.555749e-01 |   5.495092e-03 |
|   5.300000e-02 |   9.821795e-01 |   9.745584e-01 |   9.903368e-01 |   9.894161e-01 |   1.548173e-01 |   5.453244e-03 |
|   5.400000e-02 |   9.821343e-01 |   9.745496e-01 |   9.903279e-01 |   9.894109e-01 |   1.540644e-01 |   5.411580e-03 |
|   5.500000e-02 |   9.820891e-01 |   9.745406e-01 |   9.903190e-01 |   9.894058e-01 |   1.533161e-01 |   5.370099e-03 |
|   5.600000e-02 |   9.820439e-01 |   9.745316e-01 |   9.903102e-01 |   9.894008e-01 |   1.525724e-01 |   5.328801e-03 |
+----------------+----------------+----------------+----------------+----------------+----------------+----------------+
+----------------+----------------+----------------+------------------+----------------+----------------+
| time           | mass           | mass_reaction  | outflow_gradient | platen_max     | platen_min     |
+----------------+----------------+----------------+------------------+----------------+----------------+
:                :                :                :                  :                :                :
|   4.200000e-02 |   1.581787e+00 |  -3.291077e-01 |     1.708045e-01 |  -4.337387e-02 |  -4.337387e-02 |
|   4.300000e-02 |   1.581460e+00 |  -3.269425e-01 |     1.697013e-01 |  -4.341882e-02 |  -4.341882e-02 |
|   4.400000e-02 |   1.581135e+00 |  -3.248220e-01 |     1.686203e-01 |  -4.346348e-02 |  -4.346348e-02 |
|   4.500000e-02 |   1.580812e+00 |  -3.227440e-01 |     1.675601e-01 |  -4.350786e-02 |  -4.350786e-02 |
|   4.600000e-02 |   1.580491e+00 |  -3.207062e-01 |     1.665199e-01 |  -4.355196e-02 |  -4.355196e-02 |
|   4.700000e-02 |   1.580173e+00 |  -3.187069e-01 |     1.654986e-01 |  -4.359579e-02 |  -4.359579e-02 |
|   4.800000e-02 |   1.579856e+00 |  -3.167439e-01 |     1.644952e-01 |  -4.363935e-02 |  -4.363935e-02 |
|   4.900000e-02 |   1.579541e+00 |  -3.148157e-01 |     1.635090e-01 |  -4.368265e-02 |  -4.368265e-02 |
|   5.000000e-02 |   1.579228e+00 |  -3.129204e-01 |     1.625392e-01 |  -4.372569e-02 |  -4.372569e-02 |
|   5.100000e-02 |   1.578917e+00 |  -3.110567e-01 |     1.615849e-01 |  -4.376848e-02 |  -4.376848e-02 |
|   5.200000e-02 |   1.578608e+00 |  -3.092230e-01 |     1.606454e-01 |  -4.381102e-02 |  -4.381102e-02 |
|   5.300000e-02 |   1.578301e+00 |  -3.074178e-01 |     1.597201e-01 |  -4.385331e-02 |  -4.385331e-02 |
|   5.400000e-02 |   1.577995e+00 |  -3.056401e-01 |     1.588083e-01 |  -4.389536e-02 |  -4.389536e-02 |
|   5.500000e-02 |   1.577691e+00 |  -3.038884e-01 |     1.579094e-01 |  -4.393718e-02 |  -4.393718e-02 |
|   5.600000e-02 |   1.577389e+00 |  -3.021617e-01 |     1.570230e-01 |  -4.397875e-02 |  -4.397875e-02 |
+----------------+----------------+----------------+------------------+----------------+----------------+
+----------------+--------------------+--------------------+----------------+----------------+----------------+
| time           | solid_fraction_max | solid_fraction_min | stability_max  | stability_min  | top_reaction   |
+----------------+--------------------+--------------------+----------------+----------------+----------------+
:                :                    :                    :                :                :                :
|   4.200000e-02 |       6.091186e-01 |       6.041545e-01 |   2.811112e+01 |   2.800349e+01 |  -1.400000e+00 |
|   4.300000e-02 |       6.091215e-01 |       6.041783e-01 |   2.811072e+01 |   2.800346e+01 |  -1.400000e+00 |
|   4.400000e-02 |       6.091246e-01 |       6.042022e-01 |   2.811032e+01 |   2.800344e+01 |  -1.400000e+00 |
|   4.500000e-02 |       6.091277e-01 |       6.042262e-01 |   2.810991e+01 |   2.800342e+01 |  -1.400000e+00 |
|   4.600000e-02 |       6.091309e-01 |       6.042503e-01 |   2.810949e+01 |   2.800340e+01 |  -1.400000e+00 |
|   4.700000e-02 |       6.091341e-01 |       6.042746e-01 |   2.810908e+01 |   2.800338e+01 |  -1.400000e+00 |
|   4.800000e-02 |       6.091375e-01 |       6.042989e-01 |   2.810865e+01 |   2.800336e+01 |  -1.400000e+00 |
|   4.900000e-02 |       6.091408e-01 |       6.043233e-01 |   2.810823e+01 |   2.800334e+01 |  -1.400000e+00 |
|   5.000000e-02 |       6.091443e-01 |       6.043478e-01 |   2.810780e+01 |   2.800332e+01 |  -1.400000e+00 |
|   5.100000e-02 |       6.091478e-01 |       6.043723e-01 |   2.810737e+01 |   2.800330e+01 |  -1.400000e+00 |
|   5.200000e-02 |       6.091513e-01 |       6.043969e-01 |   2.810693e+01 |   2.800328e+01 |  -1.400000e+00 |
|   5.300000e-02 |       6.091549e-01 |       6.044216e-01 |   2.810650e+01 |   2.800326e+01 |  -1.400000e+00 |
|   5.400000e-02 |       6.091585e-01 |       6.044462e-01 |   2.810606e+01 |   2.800324e+01 |  -1.400000e+00 |
|   5.500000e-02 |       6.091621e-01 |       6.044709e-01 |   2.810562e+01 |   2.800322e+01 |  -1.400000e+00 |
|   5.600000e-02 |       6.091658e-01 |       6.044956e-01 |   2.810518e+01 |   2.800321e+01 |  -1.400000e+00 |
+----------------+--------------------+--------------------+----------------+----------------+----------------+


Time Step 57, time = 0.057, dt = 0.001
 * Nonlinear |R| = [32m2.437981e-02[39m (Before preset BCs, predictors, correctors, and constraints)
 0 Nonlinear |R| = [32m2.437981e-02[39m
      0 Linear |R| = [32m2.437981e-02[39m
      1 Linear |R| = [32m1.527490e-03[39m
      2 Linear |R| = [33m1.498281e-03[39m
      3 Linear |R| = [32m4.455035e-04[39m
      4 Linear |R| = [32m3.761656e-05[39m
      5 Linear |R| = [32m1.755042e-05[39m
      6 Linear |R| = [32m6.460473e-06[39m
      7 Linear |R| = [32m4.112677e-06[39m
      8 Linear |R| = [32m1.118331e-06[39m
      9 Linear |R| = [32m5.685980e-07[39m
     10 Linear |R| = [32m4.634416e-07[39m
     11 Linear |R| = [32m3.031956e-07[39m
     12 Linear |R| = [32m5.652540e-08[39m
     13 Linear |R| = [32m3.801091e-08[39m
     14 Linear |R| = [32m9.601076e-09[39m
     15 Linear |R| = [32m8.016276e-09[39m
     16 Linear |R| = [32m4.345724e-09[39m
     17 Linear |R| = [32m2.119306e-09[39m
     18 Linear |R| = [32m5.348537e-10[39m
     19 Linear |R| = [32m3.333740e-10[39m
     20 Linear |R| = [32m2.671194e-10[39m
     21 Linear |R| = [32m1.034407e-10[39m
     22 Linear |R| = [32m4.602273e-11[39m
     23 Linear |R| = [32m2.610817e-11[39m
     24 Linear |R| = [32m5.463839e-12[39m
 1 Nonlinear |R| = [32m1.922873e-06[39m
      0 Linear |R| = [32m1.922873e-06[39m
      1 Linear |R| = [32m6.447472e-08[39m
      2 Linear |R| = [32m5.683429e-08[39m
      3 Linear |R| = [32m1.462404e-08[39m
      4 Linear |R| = [32m1.265211e-09[39m
      5 Linear |R| = [32m1.118996e-09[39m
      6 Linear |R| = [32m2.772183e-10[39m
      7 Linear |R| = [32m1.650398e-10[39m
      8 Linear |R| = [32m4.133069e-11[39m
      9 Linear |R| = [32m2.249135e-11[39m
     10 Linear |R| = [33m2.215441e-11[39m
     11 Linear |R| = [32m1.090768e-11[39m
     12 Linear |R| = [32m2.256783e-12[39m
     13 Linear |R| = [32m1.516337e-12[39m
     14 Linear |R| = [32m3.479073e-13[39m
     15 Linear |R| = [33m3.463658e-13[39m
     16 Linear |R| = [32m1.709043e-13[39m
     17 Linear |R| = [32m7.230839e-14[39m
     18 Linear |R| = [32m1.824952e-14[39m
     19 Linear |R| = [32m1.127696e-14[39m
     20 Linear |R| = [33m1.094613e-14[39m
     21 Linear |R| = [32m3.254764e-15[39m
     22 Linear |R| = [32m1.740573e-15[39m
 2 Nonlinear |R| = [32m3.629358e-12[39m
[32m Solve Converged![39m

Postprocessor Values:
+----------------+----------------+----------------+----------------+----------------+----------------+----------------+
| time           | J_max          | J_min          | Jbar_max       | Jbar_min       | center_pressure| edge_ux        |
+----------------+----------------+----------------+----------------+----------------+----------------+----------------+
:                :                :                :                :                :                :                :
|   4.300000e-02 |   9.826313e-01 |   9.746382e-01 |   9.904295e-01 |   9.894454e-01 |   1.626257e-01 |   5.879948e-03 |
|   4.400000e-02 |   9.825864e-01 |   9.746311e-01 |   9.904199e-01 |   9.894432e-01 |   1.618200e-01 |   5.836459e-03 |
|   4.500000e-02 |   9.825414e-01 |   9.746237e-01 |   9.904105e-01 |   9.894409e-01 |   1.610202e-01 |   5.793151e-03 |
|   4.600000e-02 |   9.824963e-01 |   9.746161e-01 |   9.904010e-01 |   9.894385e-01 |   1.602262e-01 |   5.750024e-03 |
|   4.700000e-02 |   9.824511e-01 |   9.746084e-01 |   9.903917e-01 |   9.894360e-01 |   1.594378e-01 |   5.707079e-03 |
|   4.800000e-02 |   9.824059e-01 |   9.746004e-01 |   9.903824e-01 |   9.894334e-01 |   1.586549e-01 |   5.664316e-03 |
|   4.900000e-02 |   9.823606e-01 |   9.745923e-01 |   9.903732e-01 |   9.894307e-01 |   1.578773e-01 |   5.621735e-03 |
|   5.000000e-02 |   9.823153e-01 |   9.745840e-01 |   9.903640e-01 |   9.894279e-01 |   1.571048e-01 |   5.579338e-03 |
|   5.100000e-02 |   9.822700e-01 |   9.745756e-01 |   9.903549e-01 |   9.894251e-01 |   1.563374e-01 |   5.537123e-03 |
|   5.200000e-02 |   9.822248e-01 |   9.745670e-01 |   9.903458e-01 |   9.894213e-01 |   1.555749e-01 |   5.495092e-03 |
|   5.300000e-02 |   9.821795e-01 |   9.745584e-01 |   9.903368e-01 |   9.894161e-01 |   1.548173e-01 |   5.453244e-03 |
|   5.400000e-02 |   9.821343e-01 |   9.745496e-01 |   9.903279e-01 |   9.894109e-01 |   1.540644e-01 |   5.411580e-03 |
|   5.500000e-02 |   9.820891e-01 |   9.745406e-01 |   9.903190e-01 |   9.894058e-01 |   1.533161e-01 |   5.370099e-03 |
|   5.600000e-02 |   9.820439e-01 |   9.745316e-01 |   9.903102e-01 |   9.894008e-01 |   1.525724e-01 |   5.328801e-03 |
|   5.700000e-02 |   9.819989e-01 |   9.745225e-01 |   9.903014e-01 |   9.893958e-01 |   1.518331e-01 |   5.287687e-03 |
+----------------+----------------+----------------+----------------+----------------+----------------+----------------+
+----------------+----------------+----------------+------------------+----------------+----------------+
| time           | mass           | mass_reaction  | outflow_gradient | platen_max     | platen_min     |
+----------------+----------------+----------------+------------------+----------------+----------------+
:                :                :                :                  :                :                :
|   4.300000e-02 |   1.581460e+00 |  -3.269425e-01 |     1.697013e-01 |  -4.341882e-02 |  -4.341882e-02 |
|   4.400000e-02 |   1.581135e+00 |  -3.248220e-01 |     1.686203e-01 |  -4.346348e-02 |  -4.346348e-02 |
|   4.500000e-02 |   1.580812e+00 |  -3.227440e-01 |     1.675601e-01 |  -4.350786e-02 |  -4.350786e-02 |
|   4.600000e-02 |   1.580491e+00 |  -3.207062e-01 |     1.665199e-01 |  -4.355196e-02 |  -4.355196e-02 |
|   4.700000e-02 |   1.580173e+00 |  -3.187069e-01 |     1.654986e-01 |  -4.359579e-02 |  -4.359579e-02 |
|   4.800000e-02 |   1.579856e+00 |  -3.167439e-01 |     1.644952e-01 |  -4.363935e-02 |  -4.363935e-02 |
|   4.900000e-02 |   1.579541e+00 |  -3.148157e-01 |     1.635090e-01 |  -4.368265e-02 |  -4.368265e-02 |
|   5.000000e-02 |   1.579228e+00 |  -3.129204e-01 |     1.625392e-01 |  -4.372569e-02 |  -4.372569e-02 |
|   5.100000e-02 |   1.578917e+00 |  -3.110567e-01 |     1.615849e-01 |  -4.376848e-02 |  -4.376848e-02 |
|   5.200000e-02 |   1.578608e+00 |  -3.092230e-01 |     1.606454e-01 |  -4.381102e-02 |  -4.381102e-02 |
|   5.300000e-02 |   1.578301e+00 |  -3.074178e-01 |     1.597201e-01 |  -4.385331e-02 |  -4.385331e-02 |
|   5.400000e-02 |   1.577995e+00 |  -3.056401e-01 |     1.588083e-01 |  -4.389536e-02 |  -4.389536e-02 |
|   5.500000e-02 |   1.577691e+00 |  -3.038884e-01 |     1.579094e-01 |  -4.393718e-02 |  -4.393718e-02 |
|   5.600000e-02 |   1.577389e+00 |  -3.021617e-01 |     1.570230e-01 |  -4.397875e-02 |  -4.397875e-02 |
|   5.700000e-02 |   1.577088e+00 |  -3.004589e-01 |     1.561483e-01 |  -4.402010e-02 |  -4.402010e-02 |
+----------------+----------------+----------------+------------------+----------------+----------------+
+----------------+--------------------+--------------------+----------------+----------------+----------------+
| time           | solid_fraction_max | solid_fraction_min | stability_max  | stability_min  | top_reaction   |
+----------------+--------------------+--------------------+----------------+----------------+----------------+
:                :                    :                    :                :                :                :
|   4.300000e-02 |       6.091215e-01 |       6.041783e-01 |   2.811072e+01 |   2.800346e+01 |  -1.400000e+00 |
|   4.400000e-02 |       6.091246e-01 |       6.042022e-01 |   2.811032e+01 |   2.800344e+01 |  -1.400000e+00 |
|   4.500000e-02 |       6.091277e-01 |       6.042262e-01 |   2.810991e+01 |   2.800342e+01 |  -1.400000e+00 |
|   4.600000e-02 |       6.091309e-01 |       6.042503e-01 |   2.810949e+01 |   2.800340e+01 |  -1.400000e+00 |
|   4.700000e-02 |       6.091341e-01 |       6.042746e-01 |   2.810908e+01 |   2.800338e+01 |  -1.400000e+00 |
|   4.800000e-02 |       6.091375e-01 |       6.042989e-01 |   2.810865e+01 |   2.800336e+01 |  -1.400000e+00 |
|   4.900000e-02 |       6.091408e-01 |       6.043233e-01 |   2.810823e+01 |   2.800334e+01 |  -1.400000e+00 |
|   5.000000e-02 |       6.091443e-01 |       6.043478e-01 |   2.810780e+01 |   2.800332e+01 |  -1.400000e+00 |
|   5.100000e-02 |       6.091478e-01 |       6.043723e-01 |   2.810737e+01 |   2.800330e+01 |  -1.400000e+00 |
|   5.200000e-02 |       6.091513e-01 |       6.043969e-01 |   2.810693e+01 |   2.800328e+01 |  -1.400000e+00 |
|   5.300000e-02 |       6.091549e-01 |       6.044216e-01 |   2.810650e+01 |   2.800326e+01 |  -1.400000e+00 |
|   5.400000e-02 |       6.091585e-01 |       6.044462e-01 |   2.810606e+01 |   2.800324e+01 |  -1.400000e+00 |
|   5.500000e-02 |       6.091621e-01 |       6.044709e-01 |   2.810562e+01 |   2.800322e+01 |  -1.400000e+00 |
|   5.600000e-02 |       6.091658e-01 |       6.044956e-01 |   2.810518e+01 |   2.800321e+01 |  -1.400000e+00 |
|   5.700000e-02 |       6.091695e-01 |       6.045203e-01 |   2.810473e+01 |   2.800319e+01 |  -1.400000e+00 |
+----------------+--------------------+--------------------+----------------+----------------+----------------+


Time Step 58, time = 0.058, dt = 0.001
 * Nonlinear |R| = [32m2.424839e-02[39m (Before preset BCs, predictors, correctors, and constraints)
 0 Nonlinear |R| = [32m2.424839e-02[39m
      0 Linear |R| = [32m2.424839e-02[39m
      1 Linear |R| = [32m1.519133e-03[39m
      2 Linear |R| = [33m1.490084e-03[39m
      3 Linear |R| = [32m4.429809e-04[39m
      4 Linear |R| = [32m3.741241e-05[39m
      5 Linear |R| = [32m1.903965e-05[39m
      6 Linear |R| = [32m6.410979e-06[39m
      7 Linear |R| = [32m4.080920e-06[39m
      8 Linear |R| = [32m1.110073e-06[39m
      9 Linear |R| = [32m5.640970e-07[39m
     10 Linear |R| = [32m4.708882e-07[39m
     11 Linear |R| = [32m3.009272e-07[39m
     12 Linear |R| = [32m5.588876e-08[39m
     13 Linear |R| = [32m3.755522e-08[39m
     14 Linear |R| = [32m9.518472e-09[39m
     15 Linear |R| = [32m8.138281e-09[39m
     16 Linear |R| = [32m4.286933e-09[39m
     17 Linear |R| = [32m2.093599e-09[39m
     18 Linear |R| = [32m5.248837e-10[39m
     19 Linear |R| = [32m3.273684e-10[39m
     20 Linear |R| = [32m2.644819e-10[39m
     21 Linear |R| = [32m1.018918e-10[39m
     22 Linear |R| = [32m4.538906e-11[39m
     23 Linear |R| = [32m2.579166e-11[39m
     24 Linear |R| = [32m5.407680e-12[39m
 1 Nonlinear |R| = [32m1.906580e-06[39m
      0 Linear |R| = [32m1.906580e-06[39m
      1 Linear |R| = [32m6.479225e-08[39m
      2 Linear |R| = [32m5.474269e-08[39m
      3 Linear |R| = [32m1.412166e-08[39m
      4 Linear |R| = [32m1.212913e-09[39m
      5 Linear |R| = [32m1.063636e-09[39m
      6 Linear |R| = [32m2.514849e-10[39m
      7 Linear |R| = [32m1.507714e-10[39m
      8 Linear |R| = [32m4.064376e-11[39m
      9 Linear |R| = [32m2.328585e-11[39m
     10 Linear |R| = [33m2.277637e-11[39m
     11 Linear |R| = [32m1.079111e-11[39m
     12 Linear |R| = [32m2.005643e-12[39m
     13 Linear |R| = [32m1.330483e-12[39m
     14 Linear |R| = [32m3.362601e-13[39m
     15 Linear |R| = [33m3.354749e-13[39m
     16 Linear |R| = [32m1.572672e-13[39m
     17 Linear |R| = [32m7.273083e-14[39m
     18 Linear |R| = [32m1.749009e-14[39m
     19 Linear |R| = [32m9.932629e-15[39m
     20 Linear |R| = [33m9.727722e-15[39m
     21 Linear |R| = [32m3.313013e-15[39m
     22 Linear |R| = [32m1.361080e-15[39m
 2 Nonlinear |R| = [32m3.328568e-12[39m
[32m Solve Converged![39m

Postprocessor Values:
+----------------+----------------+----------------+----------------+----------------+----------------+----------------+
| time           | J_max          | J_min          | Jbar_max       | Jbar_min       | center_pressure| edge_ux        |
+----------------+----------------+----------------+----------------+----------------+----------------+----------------+
:                :                :                :                :                :                :                :
|   4.400000e-02 |   9.825864e-01 |   9.746311e-01 |   9.904199e-01 |   9.894432e-01 |   1.618200e-01 |   5.836459e-03 |
|   4.500000e-02 |   9.825414e-01 |   9.746237e-01 |   9.904105e-01 |   9.894409e-01 |   1.610202e-01 |   5.793151e-03 |
|   4.600000e-02 |   9.824963e-01 |   9.746161e-01 |   9.904010e-01 |   9.894385e-01 |   1.602262e-01 |   5.750024e-03 |
|   4.700000e-02 |   9.824511e-01 |   9.746084e-01 |   9.903917e-01 |   9.894360e-01 |   1.594378e-01 |   5.707079e-03 |
|   4.800000e-02 |   9.824059e-01 |   9.746004e-01 |   9.903824e-01 |   9.894334e-01 |   1.586549e-01 |   5.664316e-03 |
|   4.900000e-02 |   9.823606e-01 |   9.745923e-01 |   9.903732e-01 |   9.894307e-01 |   1.578773e-01 |   5.621735e-03 |
|   5.000000e-02 |   9.823153e-01 |   9.745840e-01 |   9.903640e-01 |   9.894279e-01 |   1.571048e-01 |   5.579338e-03 |
|   5.100000e-02 |   9.822700e-01 |   9.745756e-01 |   9.903549e-01 |   9.894251e-01 |   1.563374e-01 |   5.537123e-03 |
|   5.200000e-02 |   9.822248e-01 |   9.745670e-01 |   9.903458e-01 |   9.894213e-01 |   1.555749e-01 |   5.495092e-03 |
|   5.300000e-02 |   9.821795e-01 |   9.745584e-01 |   9.903368e-01 |   9.894161e-01 |   1.548173e-01 |   5.453244e-03 |
|   5.400000e-02 |   9.821343e-01 |   9.745496e-01 |   9.903279e-01 |   9.894109e-01 |   1.540644e-01 |   5.411580e-03 |
|   5.500000e-02 |   9.820891e-01 |   9.745406e-01 |   9.903190e-01 |   9.894058e-01 |   1.533161e-01 |   5.370099e-03 |
|   5.600000e-02 |   9.820439e-01 |   9.745316e-01 |   9.903102e-01 |   9.894008e-01 |   1.525724e-01 |   5.328801e-03 |
|   5.700000e-02 |   9.819989e-01 |   9.745225e-01 |   9.903014e-01 |   9.893958e-01 |   1.518331e-01 |   5.287687e-03 |
|   5.800000e-02 |   9.819538e-01 |   9.745134e-01 |   9.902927e-01 |   9.893909e-01 |   1.510981e-01 |   5.246756e-03 |
+----------------+----------------+----------------+----------------+----------------+----------------+----------------+
+----------------+----------------+----------------+------------------+----------------+----------------+
| time           | mass           | mass_reaction  | outflow_gradient | platen_max     | platen_min     |
+----------------+----------------+----------------+------------------+----------------+----------------+
:                :                :                :                  :                :                :
|   4.400000e-02 |   1.581135e+00 |  -3.248220e-01 |     1.686203e-01 |  -4.346348e-02 |  -4.346348e-02 |
|   4.500000e-02 |   1.580812e+00 |  -3.227440e-01 |     1.675601e-01 |  -4.350786e-02 |  -4.350786e-02 |
|   4.600000e-02 |   1.580491e+00 |  -3.207062e-01 |     1.665199e-01 |  -4.355196e-02 |  -4.355196e-02 |
|   4.700000e-02 |   1.580173e+00 |  -3.187069e-01 |     1.654986e-01 |  -4.359579e-02 |  -4.359579e-02 |
|   4.800000e-02 |   1.579856e+00 |  -3.167439e-01 |     1.644952e-01 |  -4.363935e-02 |  -4.363935e-02 |
|   4.900000e-02 |   1.579541e+00 |  -3.148157e-01 |     1.635090e-01 |  -4.368265e-02 |  -4.368265e-02 |
|   5.000000e-02 |   1.579228e+00 |  -3.129204e-01 |     1.625392e-01 |  -4.372569e-02 |  -4.372569e-02 |
|   5.100000e-02 |   1.578917e+00 |  -3.110567e-01 |     1.615849e-01 |  -4.376848e-02 |  -4.376848e-02 |
|   5.200000e-02 |   1.578608e+00 |  -3.092230e-01 |     1.606454e-01 |  -4.381102e-02 |  -4.381102e-02 |
|   5.300000e-02 |   1.578301e+00 |  -3.074178e-01 |     1.597201e-01 |  -4.385331e-02 |  -4.385331e-02 |
|   5.400000e-02 |   1.577995e+00 |  -3.056401e-01 |     1.588083e-01 |  -4.389536e-02 |  -4.389536e-02 |
|   5.500000e-02 |   1.577691e+00 |  -3.038884e-01 |     1.579094e-01 |  -4.393718e-02 |  -4.393718e-02 |
|   5.600000e-02 |   1.577389e+00 |  -3.021617e-01 |     1.570230e-01 |  -4.397875e-02 |  -4.397875e-02 |
|   5.700000e-02 |   1.577088e+00 |  -3.004589e-01 |     1.561483e-01 |  -4.402010e-02 |  -4.402010e-02 |
|   5.800000e-02 |   1.576790e+00 |  -2.987789e-01 |     1.552850e-01 |  -4.406122e-02 |  -4.406122e-02 |
+----------------+----------------+----------------+------------------+----------------+----------------+
+----------------+--------------------+--------------------+----------------+----------------+----------------+
| time           | solid_fraction_max | solid_fraction_min | stability_max  | stability_min  | top_reaction   |
+----------------+--------------------+--------------------+----------------+----------------+----------------+
:                :                    :                    :                :                :                :
|   4.400000e-02 |       6.091246e-01 |       6.042022e-01 |   2.811032e+01 |   2.800344e+01 |  -1.400000e+00 |
|   4.500000e-02 |       6.091277e-01 |       6.042262e-01 |   2.810991e+01 |   2.800342e+01 |  -1.400000e+00 |
|   4.600000e-02 |       6.091309e-01 |       6.042503e-01 |   2.810949e+01 |   2.800340e+01 |  -1.400000e+00 |
|   4.700000e-02 |       6.091341e-01 |       6.042746e-01 |   2.810908e+01 |   2.800338e+01 |  -1.400000e+00 |
|   4.800000e-02 |       6.091375e-01 |       6.042989e-01 |   2.810865e+01 |   2.800336e+01 |  -1.400000e+00 |
|   4.900000e-02 |       6.091408e-01 |       6.043233e-01 |   2.810823e+01 |   2.800334e+01 |  -1.400000e+00 |
|   5.000000e-02 |       6.091443e-01 |       6.043478e-01 |   2.810780e+01 |   2.800332e+01 |  -1.400000e+00 |
|   5.100000e-02 |       6.091478e-01 |       6.043723e-01 |   2.810737e+01 |   2.800330e+01 |  -1.400000e+00 |
|   5.200000e-02 |       6.091513e-01 |       6.043969e-01 |   2.810693e+01 |   2.800328e+01 |  -1.400000e+00 |
|   5.300000e-02 |       6.091549e-01 |       6.044216e-01 |   2.810650e+01 |   2.800326e+01 |  -1.400000e+00 |
|   5.400000e-02 |       6.091585e-01 |       6.044462e-01 |   2.810606e+01 |   2.800324e+01 |  -1.400000e+00 |
|   5.500000e-02 |       6.091621e-01 |       6.044709e-01 |   2.810562e+01 |   2.800322e+01 |  -1.400000e+00 |
|   5.600000e-02 |       6.091658e-01 |       6.044956e-01 |   2.810518e+01 |   2.800321e+01 |  -1.400000e+00 |
|   5.700000e-02 |       6.091695e-01 |       6.045203e-01 |   2.810473e+01 |   2.800319e+01 |  -1.400000e+00 |
|   5.800000e-02 |       6.091732e-01 |       6.045450e-01 |   2.810429e+01 |   2.800317e+01 |  -1.400000e+00 |
+----------------+--------------------+--------------------+----------------+----------------+----------------+


Time Step 59, time = 0.059, dt = 0.001
 * Nonlinear |R| = [32m2.411890e-02[39m (Before preset BCs, predictors, correctors, and constraints)
 0 Nonlinear |R| = [32m2.411890e-02[39m
      0 Linear |R| = [32m2.411890e-02[39m
      1 Linear |R| = [32m1.510878e-03[39m
      2 Linear |R| = [33m1.481982e-03[39m
      3 Linear |R| = [32m4.405178e-04[39m
      4 Linear |R| = [32m3.718102e-05[39m
      5 Linear |R| = [32m1.821097e-05[39m
      6 Linear |R| = [32m6.362483e-06[39m
      7 Linear |R| = [32m4.050041e-06[39m
      8 Linear |R| = [32m1.102030e-06[39m
      9 Linear |R| = [32m5.597040e-07[39m
     10 Linear |R| = [32m4.720681e-07[39m
     11 Linear |R| = [32m2.986785e-07[39m
     12 Linear |R| = [32m5.527948e-08[39m
     13 Linear |R| = [32m3.711948e-08[39m
     14 Linear |R| = [32m9.419230e-09[39m
     15 Linear |R| = [32m7.936193e-09[39m
     16 Linear |R| = [32m4.230486e-09[39m
     17 Linear |R| = [32m2.068767e-09[39m
     18 Linear |R| = [32m5.152526e-10[39m
     19 Linear |R| = [32m3.213305e-10[39m
     20 Linear |R| = [32m2.523207e-10[39m
     21 Linear |R| = [32m1.003583e-10[39m
     22 Linear |R| = [32m4.476216e-11[39m
     23 Linear |R| = [32m2.547807e-11[39m
     24 Linear |R| = [32m5.359610e-12[39m
 1 Nonlinear |R| = [32m1.889263e-06[39m
      0 Linear |R| = [32m1.889263e-06[39m
      1 Linear |R| = [32m6.425375e-08[39m
      2 Linear |R| = [32m5.370500e-08[39m
      3 Linear |R| = [32m1.387934e-08[39m
      4 Linear |R| = [32m1.193101e-09[39m
      5 Linear |R| = [32m1.053952e-09[39m
      6 Linear |R| = [32m2.451144e-10[39m
      7 Linear |R| = [32m1.493588e-10[39m
      8 Linear |R| = [32m3.949836e-11[39m
      9 Linear |R| = [32m2.170678e-11[39m
     10 Linear |R| = [33m2.101304e-11[39m
     11 Linear |R| = [32m1.052623e-11[39m
     12 Linear |R| = [32m2.043143e-12[39m
     13 Linear |R| = [32m1.374445e-12[39m
     14 Linear |R| = [32m3.262446e-13[39m
     15 Linear |R| = [33m3.167012e-13[39m
     16 Linear |R| = [32m1.547093e-13[39m
     17 Linear |R| = [32m7.132521e-14[39m
     18 Linear |R| = [32m1.968262e-14[39m
     19 Linear |R| = [32m1.209873e-14[39m
     20 Linear |R| = [32m1.114921e-14[39m
     21 Linear |R| = [32m3.462043e-15[39m
     22 Linear |R| = [32m1.708130e-15[39m
 2 Nonlinear |R| = [32m3.385036e-12[39m
[32m Solve Converged![39m

Postprocessor Values:
+----------------+----------------+----------------+----------------+----------------+----------------+----------------+
| time           | J_max          | J_min          | Jbar_max       | Jbar_min       | center_pressure| edge_ux        |
+----------------+----------------+----------------+----------------+----------------+----------------+----------------+
:                :                :                :                :                :                :                :
|   4.500000e-02 |   9.825414e-01 |   9.746237e-01 |   9.904105e-01 |   9.894409e-01 |   1.610202e-01 |   5.793151e-03 |
|   4.600000e-02 |   9.824963e-01 |   9.746161e-01 |   9.904010e-01 |   9.894385e-01 |   1.602262e-01 |   5.750024e-03 |
|   4.700000e-02 |   9.824511e-01 |   9.746084e-01 |   9.903917e-01 |   9.894360e-01 |   1.594378e-01 |   5.707079e-03 |
|   4.800000e-02 |   9.824059e-01 |   9.746004e-01 |   9.903824e-01 |   9.894334e-01 |   1.586549e-01 |   5.664316e-03 |
|   4.900000e-02 |   9.823606e-01 |   9.745923e-01 |   9.903732e-01 |   9.894307e-01 |   1.578773e-01 |   5.621735e-03 |
|   5.000000e-02 |   9.823153e-01 |   9.745840e-01 |   9.903640e-01 |   9.894279e-01 |   1.571048e-01 |   5.579338e-03 |
|   5.100000e-02 |   9.822700e-01 |   9.745756e-01 |   9.903549e-01 |   9.894251e-01 |   1.563374e-01 |   5.537123e-03 |
|   5.200000e-02 |   9.822248e-01 |   9.745670e-01 |   9.903458e-01 |   9.894213e-01 |   1.555749e-01 |   5.495092e-03 |
|   5.300000e-02 |   9.821795e-01 |   9.745584e-01 |   9.903368e-01 |   9.894161e-01 |   1.548173e-01 |   5.453244e-03 |
|   5.400000e-02 |   9.821343e-01 |   9.745496e-01 |   9.903279e-01 |   9.894109e-01 |   1.540644e-01 |   5.411580e-03 |
|   5.500000e-02 |   9.820891e-01 |   9.745406e-01 |   9.903190e-01 |   9.894058e-01 |   1.533161e-01 |   5.370099e-03 |
|   5.600000e-02 |   9.820439e-01 |   9.745316e-01 |   9.903102e-01 |   9.894008e-01 |   1.525724e-01 |   5.328801e-03 |
|   5.700000e-02 |   9.819989e-01 |   9.745225e-01 |   9.903014e-01 |   9.893958e-01 |   1.518331e-01 |   5.287687e-03 |
|   5.800000e-02 |   9.819538e-01 |   9.745134e-01 |   9.902927e-01 |   9.893909e-01 |   1.510981e-01 |   5.246756e-03 |
|   5.900000e-02 |   9.819089e-01 |   9.745041e-01 |   9.902840e-01 |   9.893861e-01 |   1.503675e-01 |   5.206008e-03 |
+----------------+----------------+----------------+----------------+----------------+----------------+----------------+
+----------------+----------------+----------------+------------------+----------------+----------------+
| time           | mass           | mass_reaction  | outflow_gradient | platen_max     | platen_min     |
+----------------+----------------+----------------+------------------+----------------+----------------+
:                :                :                :                  :                :                :
|   4.500000e-02 |   1.580812e+00 |  -3.227440e-01 |     1.675601e-01 |  -4.350786e-02 |  -4.350786e-02 |
|   4.600000e-02 |   1.580491e+00 |  -3.207062e-01 |     1.665199e-01 |  -4.355196e-02 |  -4.355196e-02 |
|   4.700000e-02 |   1.580173e+00 |  -3.187069e-01 |     1.654986e-01 |  -4.359579e-02 |  -4.359579e-02 |
|   4.800000e-02 |   1.579856e+00 |  -3.167439e-01 |     1.644952e-01 |  -4.363935e-02 |  -4.363935e-02 |
|   4.900000e-02 |   1.579541e+00 |  -3.148157e-01 |     1.635090e-01 |  -4.368265e-02 |  -4.368265e-02 |
|   5.000000e-02 |   1.579228e+00 |  -3.129204e-01 |     1.625392e-01 |  -4.372569e-02 |  -4.372569e-02 |
|   5.100000e-02 |   1.578917e+00 |  -3.110567e-01 |     1.615849e-01 |  -4.376848e-02 |  -4.376848e-02 |
|   5.200000e-02 |   1.578608e+00 |  -3.092230e-01 |     1.606454e-01 |  -4.381102e-02 |  -4.381102e-02 |
|   5.300000e-02 |   1.578301e+00 |  -3.074178e-01 |     1.597201e-01 |  -4.385331e-02 |  -4.385331e-02 |
|   5.400000e-02 |   1.577995e+00 |  -3.056401e-01 |     1.588083e-01 |  -4.389536e-02 |  -4.389536e-02 |
|   5.500000e-02 |   1.577691e+00 |  -3.038884e-01 |     1.579094e-01 |  -4.393718e-02 |  -4.393718e-02 |
|   5.600000e-02 |   1.577389e+00 |  -3.021617e-01 |     1.570230e-01 |  -4.397875e-02 |  -4.397875e-02 |
|   5.700000e-02 |   1.577088e+00 |  -3.004589e-01 |     1.561483e-01 |  -4.402010e-02 |  -4.402010e-02 |
|   5.800000e-02 |   1.576790e+00 |  -2.987789e-01 |     1.552850e-01 |  -4.406122e-02 |  -4.406122e-02 |
|   5.900000e-02 |   1.576492e+00 |  -2.971208e-01 |     1.544326e-01 |  -4.410211e-02 |  -4.410211e-02 |
+----------------+----------------+----------------+------------------+----------------+----------------+
+----------------+--------------------+--------------------+----------------+----------------+----------------+
| time           | solid_fraction_max | solid_fraction_min | stability_max  | stability_min  | top_reaction   |
+----------------+--------------------+--------------------+----------------+----------------+----------------+
:                :                    :                    :                :                :                :
|   4.500000e-02 |       6.091277e-01 |       6.042262e-01 |   2.810991e+01 |   2.800342e+01 |  -1.400000e+00 |
|   4.600000e-02 |       6.091309e-01 |       6.042503e-01 |   2.810949e+01 |   2.800340e+01 |  -1.400000e+00 |
|   4.700000e-02 |       6.091341e-01 |       6.042746e-01 |   2.810908e+01 |   2.800338e+01 |  -1.400000e+00 |
|   4.800000e-02 |       6.091375e-01 |       6.042989e-01 |   2.810865e+01 |   2.800336e+01 |  -1.400000e+00 |
|   4.900000e-02 |       6.091408e-01 |       6.043233e-01 |   2.810823e+01 |   2.800334e+01 |  -1.400000e+00 |
|   5.000000e-02 |       6.091443e-01 |       6.043478e-01 |   2.810780e+01 |   2.800332e+01 |  -1.400000e+00 |
|   5.100000e-02 |       6.091478e-01 |       6.043723e-01 |   2.810737e+01 |   2.800330e+01 |  -1.400000e+00 |
|   5.200000e-02 |       6.091513e-01 |       6.043969e-01 |   2.810693e+01 |   2.800328e+01 |  -1.400000e+00 |
|   5.300000e-02 |       6.091549e-01 |       6.044216e-01 |   2.810650e+01 |   2.800326e+01 |  -1.400000e+00 |
|   5.400000e-02 |       6.091585e-01 |       6.044462e-01 |   2.810606e+01 |   2.800324e+01 |  -1.400000e+00 |
|   5.500000e-02 |       6.091621e-01 |       6.044709e-01 |   2.810562e+01 |   2.800322e+01 |  -1.400000e+00 |
|   5.600000e-02 |       6.091658e-01 |       6.044956e-01 |   2.810518e+01 |   2.800321e+01 |  -1.400000e+00 |
|   5.700000e-02 |       6.091695e-01 |       6.045203e-01 |   2.810473e+01 |   2.800319e+01 |  -1.400000e+00 |
|   5.800000e-02 |       6.091732e-01 |       6.045450e-01 |   2.810429e+01 |   2.800317e+01 |  -1.400000e+00 |
|   5.900000e-02 |       6.091770e-01 |       6.045696e-01 |   2.810384e+01 |   2.800315e+01 |  -1.400000e+00 |
+----------------+--------------------+--------------------+----------------+----------------+----------------+


Time Step 60, time = 0.06, dt = 0.001
 * Nonlinear |R| = [32m2.399121e-02[39m (Before preset BCs, predictors, correctors, and constraints)
 0 Nonlinear |R| = [32m2.399121e-02[39m
      0 Linear |R| = [32m2.399121e-02[39m
      1 Linear |R| = [32m1.502723e-03[39m
      2 Linear |R| = [33m1.473976e-03[39m
      3 Linear |R| = [32m4.381047e-04[39m
      4 Linear |R| = [32m3.694764e-05[39m
      5 Linear |R| = [32m1.669951e-05[39m
      6 Linear |R| = [32m6.315181e-06[39m
      7 Linear |R| = [32m4.019993e-06[39m
      8 Linear |R| = [32m1.094187e-06[39m
      9 Linear |R| = [32m5.549037e-07[39m
     10 Linear |R| = [32m4.421542e-07[39m
     11 Linear |R| = [32m2.962647e-07[39m
     12 Linear |R| = [32m5.469578e-08[39m
     13 Linear |R| = [32m3.670244e-08[39m
     14 Linear |R| = [32m9.306022e-09[39m
     15 Linear |R| = [32m7.445394e-09[39m
     16 Linear |R| = [32m4.176142e-09[39m
     17 Linear |R| = [32m2.044760e-09[39m
     18 Linear |R| = [32m5.059517e-10[39m
     19 Linear |R| = [32m3.154638e-10[39m
     20 Linear |R| = [32m2.331373e-10[39m
     21 Linear |R| = [32m9.883196e-11[39m
     22 Linear |R| = [32m4.414214e-11[39m
     23 Linear |R| = [32m2.516715e-11[39m
     24 Linear |R| = [32m5.308926e-12[39m
 1 Nonlinear |R| = [32m1.866986e-06[39m
      0 Linear |R| = [32m1.866986e-06[39m
      1 Linear |R| = [32m6.379258e-08[39m
      2 Linear |R| = [32m5.381430e-08[39m
      3 Linear |R| = [32m1.389610e-08[39m
      4 Linear |R| = [32m1.201795e-09[39m
      5 Linear |R| = [32m1.077518e-09[39m
      6 Linear |R| = [32m2.538668e-10[39m
      7 Linear |R| = [32m1.530742e-10[39m
      8 Linear |R| = [32m3.983623e-11[39m
      9 Linear |R| = [32m2.195324e-11[39m
     10 Linear |R| = [33m2.159003e-11[39m
     11 Linear |R| = [32m1.033560e-11[39m
     12 Linear |R| = [32m1.984487e-12[39m
     13 Linear |R| = [32m1.336263e-12[39m
     14 Linear |R| = [32m3.209102e-13[39m
     15 Linear |R| = [33m3.190462e-13[39m
     16 Linear |R| = [32m1.507789e-13[39m
     17 Linear |R| = [32m6.295208e-14[39m
     18 Linear |R| = [32m1.523611e-14[39m
     19 Linear |R| = [32m9.368822e-15[39m
     20 Linear |R| = [33m9.159889e-15[39m
     21 Linear |R| = [32m2.375271e-15[39m
     22 Linear |R| = [32m1.293064e-15[39m
 2 Nonlinear |R| = [32m3.521484e-12[39m
[32m Solve Converged![39m

Postprocessor Values:
+----------------+----------------+----------------+----------------+----------------+----------------+----------------+
| time           | J_max          | J_min          | Jbar_max       | Jbar_min       | center_pressure| edge_ux        |
+----------------+----------------+----------------+----------------+----------------+----------------+----------------+
:                :                :                :                :                :                :                :
|   4.600000e-02 |   9.824963e-01 |   9.746161e-01 |   9.904010e-01 |   9.894385e-01 |   1.602262e-01 |   5.750024e-03 |
|   4.700000e-02 |   9.824511e-01 |   9.746084e-01 |   9.903917e-01 |   9.894360e-01 |   1.594378e-01 |   5.707079e-03 |
|   4.800000e-02 |   9.824059e-01 |   9.746004e-01 |   9.903824e-01 |   9.894334e-01 |   1.586549e-01 |   5.664316e-03 |
|   4.900000e-02 |   9.823606e-01 |   9.745923e-01 |   9.903732e-01 |   9.894307e-01 |   1.578773e-01 |   5.621735e-03 |
|   5.000000e-02 |   9.823153e-01 |   9.745840e-01 |   9.903640e-01 |   9.894279e-01 |   1.571048e-01 |   5.579338e-03 |
|   5.100000e-02 |   9.822700e-01 |   9.745756e-01 |   9.903549e-01 |   9.894251e-01 |   1.563374e-01 |   5.537123e-03 |
|   5.200000e-02 |   9.822248e-01 |   9.745670e-01 |   9.903458e-01 |   9.894213e-01 |   1.555749e-01 |   5.495092e-03 |
|   5.300000e-02 |   9.821795e-01 |   9.745584e-01 |   9.903368e-01 |   9.894161e-01 |   1.548173e-01 |   5.453244e-03 |
|   5.400000e-02 |   9.821343e-01 |   9.745496e-01 |   9.903279e-01 |   9.894109e-01 |   1.540644e-01 |   5.411580e-03 |
|   5.500000e-02 |   9.820891e-01 |   9.745406e-01 |   9.903190e-01 |   9.894058e-01 |   1.533161e-01 |   5.370099e-03 |
|   5.600000e-02 |   9.820439e-01 |   9.745316e-01 |   9.903102e-01 |   9.894008e-01 |   1.525724e-01 |   5.328801e-03 |
|   5.700000e-02 |   9.819989e-01 |   9.745225e-01 |   9.903014e-01 |   9.893958e-01 |   1.518331e-01 |   5.287687e-03 |
|   5.800000e-02 |   9.819538e-01 |   9.745134e-01 |   9.902927e-01 |   9.893909e-01 |   1.510981e-01 |   5.246756e-03 |
|   5.900000e-02 |   9.819089e-01 |   9.745041e-01 |   9.902840e-01 |   9.893861e-01 |   1.503675e-01 |   5.206008e-03 |
|   6.000000e-02 |   9.818641e-01 |   9.744948e-01 |   9.902754e-01 |   9.893813e-01 |   1.496410e-01 |   5.165442e-03 |
+----------------+----------------+----------------+----------------+----------------+----------------+----------------+
+----------------+----------------+----------------+------------------+----------------+----------------+
| time           | mass           | mass_reaction  | outflow_gradient | platen_max     | platen_min     |
+----------------+----------------+----------------+------------------+----------------+----------------+
:                :                :                :                  :                :                :
|   4.600000e-02 |   1.580491e+00 |  -3.207062e-01 |     1.665199e-01 |  -4.355196e-02 |  -4.355196e-02 |
|   4.700000e-02 |   1.580173e+00 |  -3.187069e-01 |     1.654986e-01 |  -4.359579e-02 |  -4.359579e-02 |
|   4.800000e-02 |   1.579856e+00 |  -3.167439e-01 |     1.644952e-01 |  -4.363935e-02 |  -4.363935e-02 |
|   4.900000e-02 |   1.579541e+00 |  -3.148157e-01 |     1.635090e-01 |  -4.368265e-02 |  -4.368265e-02 |
|   5.000000e-02 |   1.579228e+00 |  -3.129204e-01 |     1.625392e-01 |  -4.372569e-02 |  -4.372569e-02 |
|   5.100000e-02 |   1.578917e+00 |  -3.110567e-01 |     1.615849e-01 |  -4.376848e-02 |  -4.376848e-02 |
|   5.200000e-02 |   1.578608e+00 |  -3.092230e-01 |     1.606454e-01 |  -4.381102e-02 |  -4.381102e-02 |
|   5.300000e-02 |   1.578301e+00 |  -3.074178e-01 |     1.597201e-01 |  -4.385331e-02 |  -4.385331e-02 |
|   5.400000e-02 |   1.577995e+00 |  -3.056401e-01 |     1.588083e-01 |  -4.389536e-02 |  -4.389536e-02 |
|   5.500000e-02 |   1.577691e+00 |  -3.038884e-01 |     1.579094e-01 |  -4.393718e-02 |  -4.393718e-02 |
|   5.600000e-02 |   1.577389e+00 |  -3.021617e-01 |     1.570230e-01 |  -4.397875e-02 |  -4.397875e-02 |
|   5.700000e-02 |   1.577088e+00 |  -3.004589e-01 |     1.561483e-01 |  -4.402010e-02 |  -4.402010e-02 |
|   5.800000e-02 |   1.576790e+00 |  -2.987789e-01 |     1.552850e-01 |  -4.406122e-02 |  -4.406122e-02 |
|   5.900000e-02 |   1.576492e+00 |  -2.971208e-01 |     1.544326e-01 |  -4.410211e-02 |  -4.410211e-02 |
|   6.000000e-02 |   1.576197e+00 |  -2.954837e-01 |     1.535906e-01 |  -4.414278e-02 |  -4.414278e-02 |
+----------------+----------------+----------------+------------------+----------------+----------------+
+----------------+--------------------+--------------------+----------------+----------------+----------------+
| time           | solid_fraction_max | solid_fraction_min | stability_max  | stability_min  | top_reaction   |
+----------------+--------------------+--------------------+----------------+----------------+----------------+
:                :                    :                    :                :                :                :
|   4.600000e-02 |       6.091309e-01 |       6.042503e-01 |   2.810949e+01 |   2.800340e+01 |  -1.400000e+00 |
|   4.700000e-02 |       6.091341e-01 |       6.042746e-01 |   2.810908e+01 |   2.800338e+01 |  -1.400000e+00 |
|   4.800000e-02 |       6.091375e-01 |       6.042989e-01 |   2.810865e+01 |   2.800336e+01 |  -1.400000e+00 |
|   4.900000e-02 |       6.091408e-01 |       6.043233e-01 |   2.810823e+01 |   2.800334e+01 |  -1.400000e+00 |
|   5.000000e-02 |       6.091443e-01 |       6.043478e-01 |   2.810780e+01 |   2.800332e+01 |  -1.400000e+00 |
|   5.100000e-02 |       6.091478e-01 |       6.043723e-01 |   2.810737e+01 |   2.800330e+01 |  -1.400000e+00 |
|   5.200000e-02 |       6.091513e-01 |       6.043969e-01 |   2.810693e+01 |   2.800328e+01 |  -1.400000e+00 |
|   5.300000e-02 |       6.091549e-01 |       6.044216e-01 |   2.810650e+01 |   2.800326e+01 |  -1.400000e+00 |
|   5.400000e-02 |       6.091585e-01 |       6.044462e-01 |   2.810606e+01 |   2.800324e+01 |  -1.400000e+00 |
|   5.500000e-02 |       6.091621e-01 |       6.044709e-01 |   2.810562e+01 |   2.800322e+01 |  -1.400000e+00 |
|   5.600000e-02 |       6.091658e-01 |       6.044956e-01 |   2.810518e+01 |   2.800321e+01 |  -1.400000e+00 |
|   5.700000e-02 |       6.091695e-01 |       6.045203e-01 |   2.810473e+01 |   2.800319e+01 |  -1.400000e+00 |
|   5.800000e-02 |       6.091732e-01 |       6.045450e-01 |   2.810429e+01 |   2.800317e+01 |  -1.400000e+00 |
|   5.900000e-02 |       6.091770e-01 |       6.045696e-01 |   2.810384e+01 |   2.800315e+01 |  -1.400000e+00 |
|   6.000000e-02 |       6.091808e-01 |       6.045943e-01 |   2.810340e+01 |   2.800314e+01 |  -1.400000e+00 |
+----------------+--------------------+--------------------+----------------+----------------+----------------+


Time Step 61, time = 0.061, dt = 0.001
 * Nonlinear |R| = [32m2.386520e-02[39m (Before preset BCs, predictors, correctors, and constraints)
 0 Nonlinear |R| = [32m2.386520e-02[39m
      0 Linear |R| = [32m2.386520e-02[39m
      1 Linear |R| = [32m1.494661e-03[39m
      2 Linear |R| = [33m1.466058e-03[39m
      3 Linear |R| = [32m4.357463e-04[39m
      4 Linear |R| = [32m3.678649e-05[39m
      5 Linear |R| = [32m1.804912e-05[39m
      6 Linear |R| = [32m6.270018e-06[39m
      7 Linear |R| = [32m3.990777e-06[39m
      8 Linear |R| = [32m1.086549e-06[39m
      9 Linear |R| = [32m5.505299e-07[39m
     10 Linear |R| = [32m4.254134e-07[39m
     11 Linear |R| = [32m2.939914e-07[39m
     12 Linear |R| = [32m5.413658e-08[39m
     13 Linear |R| = [32m3.630334e-08[39m
     14 Linear |R| = [32m9.220431e-09[39m
     15 Linear |R| = [32m7.384753e-09[39m
     16 Linear |R| = [32m4.124399e-09[39m
     17 Linear |R| = [32m2.021575e-09[39m
     18 Linear |R| = [32m4.969844e-10[39m
     19 Linear |R| = [32m3.099329e-10[39m
     20 Linear |R| = [32m2.312595e-10[39m
     21 Linear |R| = [32m9.735965e-11[39m
     22 Linear |R| = [32m4.352980e-11[39m
     23 Linear |R| = [32m2.485909e-11[39m
     24 Linear |R| = [32m5.262612e-12[39m
 1 Nonlinear |R| = [32m1.850578e-06[39m
      0 Linear |R| = [32m1.850578e-06[39m
      1 Linear |R| = [32m6.210553e-08[39m
      2 Linear |R| = [32m5.444506e-08[39m
      3 Linear |R| = [32m1.400039e-08[39m
      4 Linear |R| = [32m1.195889e-09[39m
      5 Linear |R| = [32m1.047543e-09[39m
      6 Linear |R| = [32m2.150402e-10[39m
      7 Linear |R| = [32m1.338213e-10[39m
      8 Linear |R| = [32m3.561413e-11[39m
      9 Linear |R| = [32m1.873766e-11[39m
     10 Linear |R| = [33m1.831267e-11[39m
     11 Linear |R| = [32m9.523825e-12[39m
     12 Linear |R| = [32m1.766766e-12[39m
     13 Linear |R| = [32m1.178859e-12[39m
     14 Linear |R| = [32m2.965724e-13[39m
     15 Linear |R| = [33m2.923694e-13[39m
     16 Linear |R| = [32m1.325634e-13[39m
     17 Linear |R| = [32m6.241817e-14[39m
     18 Linear |R| = [32m1.475705e-14[39m
     19 Linear |R| = [32m9.044828e-15[39m
     20 Linear |R| = [33m8.677074e-15[39m
     21 Linear |R| = [32m2.417405e-15[39m
     22 Linear |R| = [32m1.198785e-15[39m
 2 Nonlinear |R| = [32m3.348530e-12[39m
[32m Solve Converged![39m

Postprocessor Values:
+----------------+----------------+----------------+----------------+----------------+----------------+----------------+
| time           | J_max          | J_min          | Jbar_max       | Jbar_min       | center_pressure| edge_ux        |
+----------------+----------------+----------------+----------------+----------------+----------------+----------------+
:                :                :                :                :                :                :                :
|   4.700000e-02 |   9.824511e-01 |   9.746084e-01 |   9.903917e-01 |   9.894360e-01 |   1.594378e-01 |   5.707079e-03 |
|   4.800000e-02 |   9.824059e-01 |   9.746004e-01 |   9.903824e-01 |   9.894334e-01 |   1.586549e-01 |   5.664316e-03 |
|   4.900000e-02 |   9.823606e-01 |   9.745923e-01 |   9.903732e-01 |   9.894307e-01 |   1.578773e-01 |   5.621735e-03 |
|   5.000000e-02 |   9.823153e-01 |   9.745840e-01 |   9.903640e-01 |   9.894279e-01 |   1.571048e-01 |   5.579338e-03 |
|   5.100000e-02 |   9.822700e-01 |   9.745756e-01 |   9.903549e-01 |   9.894251e-01 |   1.563374e-01 |   5.537123e-03 |
|   5.200000e-02 |   9.822248e-01 |   9.745670e-01 |   9.903458e-01 |   9.894213e-01 |   1.555749e-01 |   5.495092e-03 |
|   5.300000e-02 |   9.821795e-01 |   9.745584e-01 |   9.903368e-01 |   9.894161e-01 |   1.548173e-01 |   5.453244e-03 |
|   5.400000e-02 |   9.821343e-01 |   9.745496e-01 |   9.903279e-01 |   9.894109e-01 |   1.540644e-01 |   5.411580e-03 |
|   5.500000e-02 |   9.820891e-01 |   9.745406e-01 |   9.903190e-01 |   9.894058e-01 |   1.533161e-01 |   5.370099e-03 |
|   5.600000e-02 |   9.820439e-01 |   9.745316e-01 |   9.903102e-01 |   9.894008e-01 |   1.525724e-01 |   5.328801e-03 |
|   5.700000e-02 |   9.819989e-01 |   9.745225e-01 |   9.903014e-01 |   9.893958e-01 |   1.518331e-01 |   5.287687e-03 |
|   5.800000e-02 |   9.819538e-01 |   9.745134e-01 |   9.902927e-01 |   9.893909e-01 |   1.510981e-01 |   5.246756e-03 |
|   5.900000e-02 |   9.819089e-01 |   9.745041e-01 |   9.902840e-01 |   9.893861e-01 |   1.503675e-01 |   5.206008e-03 |
|   6.000000e-02 |   9.818641e-01 |   9.744948e-01 |   9.902754e-01 |   9.893813e-01 |   1.496410e-01 |   5.165442e-03 |
|   6.100000e-02 |   9.818193e-01 |   9.744854e-01 |   9.902668e-01 |   9.893766e-01 |   1.489188e-01 |   5.125059e-03 |
+----------------+----------------+----------------+----------------+----------------+----------------+----------------+
+----------------+----------------+----------------+------------------+----------------+----------------+
| time           | mass           | mass_reaction  | outflow_gradient | platen_max     | platen_min     |
+----------------+----------------+----------------+------------------+----------------+----------------+
:                :                :                :                  :                :                :
|   4.700000e-02 |   1.580173e+00 |  -3.187069e-01 |     1.654986e-01 |  -4.359579e-02 |  -4.359579e-02 |
|   4.800000e-02 |   1.579856e+00 |  -3.167439e-01 |     1.644952e-01 |  -4.363935e-02 |  -4.363935e-02 |
|   4.900000e-02 |   1.579541e+00 |  -3.148157e-01 |     1.635090e-01 |  -4.368265e-02 |  -4.368265e-02 |
|   5.000000e-02 |   1.579228e+00 |  -3.129204e-01 |     1.625392e-01 |  -4.372569e-02 |  -4.372569e-02 |
|   5.100000e-02 |   1.578917e+00 |  -3.110567e-01 |     1.615849e-01 |  -4.376848e-02 |  -4.376848e-02 |
|   5.200000e-02 |   1.578608e+00 |  -3.092230e-01 |     1.606454e-01 |  -4.381102e-02 |  -4.381102e-02 |
|   5.300000e-02 |   1.578301e+00 |  -3.074178e-01 |     1.597201e-01 |  -4.385331e-02 |  -4.385331e-02 |
|   5.400000e-02 |   1.577995e+00 |  -3.056401e-01 |     1.588083e-01 |  -4.389536e-02 |  -4.389536e-02 |
|   5.500000e-02 |   1.577691e+00 |  -3.038884e-01 |     1.579094e-01 |  -4.393718e-02 |  -4.393718e-02 |
|   5.600000e-02 |   1.577389e+00 |  -3.021617e-01 |     1.570230e-01 |  -4.397875e-02 |  -4.397875e-02 |
|   5.700000e-02 |   1.577088e+00 |  -3.004589e-01 |     1.561483e-01 |  -4.402010e-02 |  -4.402010e-02 |
|   5.800000e-02 |   1.576790e+00 |  -2.987789e-01 |     1.552850e-01 |  -4.406122e-02 |  -4.406122e-02 |
|   5.900000e-02 |   1.576492e+00 |  -2.971208e-01 |     1.544326e-01 |  -4.410211e-02 |  -4.410211e-02 |
|   6.000000e-02 |   1.576197e+00 |  -2.954837e-01 |     1.535906e-01 |  -4.414278e-02 |  -4.414278e-02 |
|   6.100000e-02 |   1.575903e+00 |  -2.938666e-01 |     1.527585e-01 |  -4.418322e-02 |  -4.418322e-02 |
+----------------+----------------+----------------+------------------+----------------+----------------+
+----------------+--------------------+--------------------+----------------+----------------+----------------+
| time           | solid_fraction_max | solid_fraction_min | stability_max  | stability_min  | top_reaction   |
+----------------+--------------------+--------------------+----------------+----------------+----------------+
:                :                    :                    :                :                :                :
|   4.700000e-02 |       6.091341e-01 |       6.042746e-01 |   2.810908e+01 |   2.800338e+01 |  -1.400000e+00 |
|   4.800000e-02 |       6.091375e-01 |       6.042989e-01 |   2.810865e+01 |   2.800336e+01 |  -1.400000e+00 |
|   4.900000e-02 |       6.091408e-01 |       6.043233e-01 |   2.810823e+01 |   2.800334e+01 |  -1.400000e+00 |
|   5.000000e-02 |       6.091443e-01 |       6.043478e-01 |   2.810780e+01 |   2.800332e+01 |  -1.400000e+00 |
|   5.100000e-02 |       6.091478e-01 |       6.043723e-01 |   2.810737e+01 |   2.800330e+01 |  -1.400000e+00 |
|   5.200000e-02 |       6.091513e-01 |       6.043969e-01 |   2.810693e+01 |   2.800328e+01 |  -1.400000e+00 |
|   5.300000e-02 |       6.091549e-01 |       6.044216e-01 |   2.810650e+01 |   2.800326e+01 |  -1.400000e+00 |
|   5.400000e-02 |       6.091585e-01 |       6.044462e-01 |   2.810606e+01 |   2.800324e+01 |  -1.400000e+00 |
|   5.500000e-02 |       6.091621e-01 |       6.044709e-01 |   2.810562e+01 |   2.800322e+01 |  -1.400000e+00 |
|   5.600000e-02 |       6.091658e-01 |       6.044956e-01 |   2.810518e+01 |   2.800321e+01 |  -1.400000e+00 |
|   5.700000e-02 |       6.091695e-01 |       6.045203e-01 |   2.810473e+01 |   2.800319e+01 |  -1.400000e+00 |
|   5.800000e-02 |       6.091732e-01 |       6.045450e-01 |   2.810429e+01 |   2.800317e+01 |  -1.400000e+00 |
|   5.900000e-02 |       6.091770e-01 |       6.045696e-01 |   2.810384e+01 |   2.800315e+01 |  -1.400000e+00 |
|   6.000000e-02 |       6.091808e-01 |       6.045943e-01 |   2.810340e+01 |   2.800314e+01 |  -1.400000e+00 |
|   6.100000e-02 |       6.091845e-01 |       6.046189e-01 |   2.810295e+01 |   2.800312e+01 |  -1.400000e+00 |
+----------------+--------------------+--------------------+----------------+----------------+----------------+


Time Step 62, time = 0.062, dt = 0.001
 * Nonlinear |R| = [32m2.374076e-02[39m (Before preset BCs, predictors, correctors, and constraints)
 0 Nonlinear |R| = [32m2.374076e-02[39m
      0 Linear |R| = [32m2.374076e-02[39m
      1 Linear |R| = [32m1.486709e-03[39m
      2 Linear |R| = [33m1.458258e-03[39m
      3 Linear |R| = [32m4.333639e-04[39m
      4 Linear |R| = [32m3.656781e-05[39m
      5 Linear |R| = [32m1.763437e-05[39m
      6 Linear |R| = [32m6.225292e-06[39m
      7 Linear |R| = [32m3.962269e-06[39m
      8 Linear |R| = [32m1.079084e-06[39m
      9 Linear |R| = [32m5.467515e-07[39m
     10 Linear |R| = [32m4.492128e-07[39m
     11 Linear |R| = [32m2.921198e-07[39m
     12 Linear |R| = [32m5.360014e-08[39m
     13 Linear |R| = [32m3.592117e-08[39m
     14 Linear |R| = [32m9.135673e-09[39m
     15 Linear |R| = [32m7.276737e-09[39m
     16 Linear |R| = [32m4.074874e-09[39m
     17 Linear |R| = [32m1.999198e-09[39m
     18 Linear |R| = [32m4.883562e-10[39m
     19 Linear |R| = [32m3.046975e-10[39m
     20 Linear |R| = [32m2.354065e-10[39m
     21 Linear |R| = [32m9.591952e-11[39m
     22 Linear |R| = [32m4.292614e-11[39m
     23 Linear |R| = [32m2.455429e-11[39m
     24 Linear |R| = [32m5.223783e-12[39m
 1 Nonlinear |R| = [32m1.834891e-06[39m
      0 Linear |R| = [32m1.834891e-06[39m
      1 Linear |R| = [32m6.203032e-08[39m
      2 Linear |R| = [32m5.316787e-08[39m
      3 Linear |R| = [32m1.370465e-08[39m
      4 Linear |R| = [32m1.181406e-09[39m
      5 Linear |R| = [32m1.067599e-09[39m
      6 Linear |R| = [32m2.333092e-10[39m
      7 Linear |R| = [32m1.433894e-10[39m
      8 Linear |R| = [32m3.881646e-11[39m
      9 Linear |R| = [32m2.146827e-11[39m
     10 Linear |R| = [33m2.101692e-11[39m
     11 Linear |R| = [32m1.040938e-11[39m
     12 Linear |R| = [32m2.053568e-12[39m
     13 Linear |R| = [32m1.391729e-12[39m
     14 Linear |R| = [32m3.411105e-13[39m
     15 Linear |R| = [33m3.361061e-13[39m
     16 Linear |R| = [32m1.655205e-13[39m
     17 Linear |R| = [32m7.385597e-14[39m
     18 Linear |R| = [32m2.144753e-14[39m
     19 Linear |R| = [32m1.332588e-14[39m
     20 Linear |R| = [32m1.233507e-14[39m
     21 Linear |R| = [32m3.744155e-15[39m
     22 Linear |R| = [32m1.700158e-15[39m
 2 Nonlinear |R| = [32m3.552503e-12[39m
[32m Solve Converged![39m

Postprocessor Values:
+----------------+----------------+----------------+----------------+----------------+----------------+----------------+
| time           | J_max          | J_min          | Jbar_max       | Jbar_min       | center_pressure| edge_ux        |
+----------------+----------------+----------------+----------------+----------------+----------------+----------------+
:                :                :                :                :                :                :                :
|   4.800000e-02 |   9.824059e-01 |   9.746004e-01 |   9.903824e-01 |   9.894334e-01 |   1.586549e-01 |   5.664316e-03 |
|   4.900000e-02 |   9.823606e-01 |   9.745923e-01 |   9.903732e-01 |   9.894307e-01 |   1.578773e-01 |   5.621735e-03 |
|   5.000000e-02 |   9.823153e-01 |   9.745840e-01 |   9.903640e-01 |   9.894279e-01 |   1.571048e-01 |   5.579338e-03 |
|   5.100000e-02 |   9.822700e-01 |   9.745756e-01 |   9.903549e-01 |   9.894251e-01 |   1.563374e-01 |   5.537123e-03 |
|   5.200000e-02 |   9.822248e-01 |   9.745670e-01 |   9.903458e-01 |   9.894213e-01 |   1.555749e-01 |   5.495092e-03 |
|   5.300000e-02 |   9.821795e-01 |   9.745584e-01 |   9.903368e-01 |   9.894161e-01 |   1.548173e-01 |   5.453244e-03 |
|   5.400000e-02 |   9.821343e-01 |   9.745496e-01 |   9.903279e-01 |   9.894109e-01 |   1.540644e-01 |   5.411580e-03 |
|   5.500000e-02 |   9.820891e-01 |   9.745406e-01 |   9.903190e-01 |   9.894058e-01 |   1.533161e-01 |   5.370099e-03 |
|   5.600000e-02 |   9.820439e-01 |   9.745316e-01 |   9.903102e-01 |   9.894008e-01 |   1.525724e-01 |   5.328801e-03 |
|   5.700000e-02 |   9.819989e-01 |   9.745225e-01 |   9.903014e-01 |   9.893958e-01 |   1.518331e-01 |   5.287687e-03 |
|   5.800000e-02 |   9.819538e-01 |   9.745134e-01 |   9.902927e-01 |   9.893909e-01 |   1.510981e-01 |   5.246756e-03 |
|   5.900000e-02 |   9.819089e-01 |   9.745041e-01 |   9.902840e-01 |   9.893861e-01 |   1.503675e-01 |   5.206008e-03 |
|   6.000000e-02 |   9.818641e-01 |   9.744948e-01 |   9.902754e-01 |   9.893813e-01 |   1.496410e-01 |   5.165442e-03 |
|   6.100000e-02 |   9.818193e-01 |   9.744854e-01 |   9.902668e-01 |   9.893766e-01 |   1.489188e-01 |   5.125059e-03 |
|   6.200000e-02 |   9.817747e-01 |   9.744760e-01 |   9.902583e-01 |   9.893719e-01 |   1.482005e-01 |   5.084858e-03 |
+----------------+----------------+----------------+----------------+----------------+----------------+----------------+
+----------------+----------------+----------------+------------------+----------------+----------------+
| time           | mass           | mass_reaction  | outflow_gradient | platen_max     | platen_min     |
+----------------+----------------+----------------+------------------+----------------+----------------+
:                :                :                :                  :                :                :
|   4.800000e-02 |   1.579856e+00 |  -3.167439e-01 |     1.644952e-01 |  -4.363935e-02 |  -4.363935e-02 |
|   4.900000e-02 |   1.579541e+00 |  -3.148157e-01 |     1.635090e-01 |  -4.368265e-02 |  -4.368265e-02 |
|   5.000000e-02 |   1.579228e+00 |  -3.129204e-01 |     1.625392e-01 |  -4.372569e-02 |  -4.372569e-02 |
|   5.100000e-02 |   1.578917e+00 |  -3.110567e-01 |     1.615849e-01 |  -4.376848e-02 |  -4.376848e-02 |
|   5.200000e-02 |   1.578608e+00 |  -3.092230e-01 |     1.606454e-01 |  -4.381102e-02 |  -4.381102e-02 |
|   5.300000e-02 |   1.578301e+00 |  -3.074178e-01 |     1.597201e-01 |  -4.385331e-02 |  -4.385331e-02 |
|   5.400000e-02 |   1.577995e+00 |  -3.056401e-01 |     1.588083e-01 |  -4.389536e-02 |  -4.389536e-02 |
|   5.500000e-02 |   1.577691e+00 |  -3.038884e-01 |     1.579094e-01 |  -4.393718e-02 |  -4.393718e-02 |
|   5.600000e-02 |   1.577389e+00 |  -3.021617e-01 |     1.570230e-01 |  -4.397875e-02 |  -4.397875e-02 |
|   5.700000e-02 |   1.577088e+00 |  -3.004589e-01 |     1.561483e-01 |  -4.402010e-02 |  -4.402010e-02 |
|   5.800000e-02 |   1.576790e+00 |  -2.987789e-01 |     1.552850e-01 |  -4.406122e-02 |  -4.406122e-02 |
|   5.900000e-02 |   1.576492e+00 |  -2.971208e-01 |     1.544326e-01 |  -4.410211e-02 |  -4.410211e-02 |
|   6.000000e-02 |   1.576197e+00 |  -2.954837e-01 |     1.535906e-01 |  -4.414278e-02 |  -4.414278e-02 |
|   6.100000e-02 |   1.575903e+00 |  -2.938666e-01 |     1.527585e-01 |  -4.418322e-02 |  -4.418322e-02 |
|   6.200000e-02 |   1.575611e+00 |  -2.922689e-01 |     1.519361e-01 |  -4.422346e-02 |  -4.422346e-02 |
+----------------+----------------+----------------+------------------+----------------+----------------+
+----------------+--------------------+--------------------+----------------+----------------+----------------+
| time           | solid_fraction_max | solid_fraction_min | stability_max  | stability_min  | top_reaction   |
+----------------+--------------------+--------------------+----------------+----------------+----------------+
:                :                    :                    :                :                :                :
|   4.800000e-02 |       6.091375e-01 |       6.042989e-01 |   2.810865e+01 |   2.800336e+01 |  -1.400000e+00 |
|   4.900000e-02 |       6.091408e-01 |       6.043233e-01 |   2.810823e+01 |   2.800334e+01 |  -1.400000e+00 |
|   5.000000e-02 |       6.091443e-01 |       6.043478e-01 |   2.810780e+01 |   2.800332e+01 |  -1.400000e+00 |
|   5.100000e-02 |       6.091478e-01 |       6.043723e-01 |   2.810737e+01 |   2.800330e+01 |  -1.400000e+00 |
|   5.200000e-02 |       6.091513e-01 |       6.043969e-01 |   2.810693e+01 |   2.800328e+01 |  -1.400000e+00 |
|   5.300000e-02 |       6.091549e-01 |       6.044216e-01 |   2.810650e+01 |   2.800326e+01 |  -1.400000e+00 |
|   5.400000e-02 |       6.091585e-01 |       6.044462e-01 |   2.810606e+01 |   2.800324e+01 |  -1.400000e+00 |
|   5.500000e-02 |       6.091621e-01 |       6.044709e-01 |   2.810562e+01 |   2.800322e+01 |  -1.400000e+00 |
|   5.600000e-02 |       6.091658e-01 |       6.044956e-01 |   2.810518e+01 |   2.800321e+01 |  -1.400000e+00 |
|   5.700000e-02 |       6.091695e-01 |       6.045203e-01 |   2.810473e+01 |   2.800319e+01 |  -1.400000e+00 |
|   5.800000e-02 |       6.091732e-01 |       6.045450e-01 |   2.810429e+01 |   2.800317e+01 |  -1.400000e+00 |
|   5.900000e-02 |       6.091770e-01 |       6.045696e-01 |   2.810384e+01 |   2.800315e+01 |  -1.400000e+00 |
|   6.000000e-02 |       6.091808e-01 |       6.045943e-01 |   2.810340e+01 |   2.800314e+01 |  -1.400000e+00 |
|   6.100000e-02 |       6.091845e-01 |       6.046189e-01 |   2.810295e+01 |   2.800312e+01 |  -1.400000e+00 |
|   6.200000e-02 |       6.091884e-01 |       6.046436e-01 |   2.810250e+01 |   2.800310e+01 |  -1.400000e+00 |
+----------------+--------------------+--------------------+----------------+----------------+----------------+


Time Step 63, time = 0.063, dt = 0.001
 * Nonlinear |R| = [32m2.361779e-02[39m (Before preset BCs, predictors, correctors, and constraints)
 0 Nonlinear |R| = [32m2.361779e-02[39m
      0 Linear |R| = [32m2.361779e-02[39m
      1 Linear |R| = [32m1.478850e-03[39m
      2 Linear |R| = [33m1.450546e-03[39m
      3 Linear |R| = [32m4.310145e-04[39m
      4 Linear |R| = [32m3.635850e-05[39m
      5 Linear |R| = [32m1.730619e-05[39m
      6 Linear |R| = [32m6.181764e-06[39m
      7 Linear |R| = [32m3.934477e-06[39m
      8 Linear |R| = [32m1.071802e-06[39m
      9 Linear |R| = [32m5.426007e-07[39m
     10 Linear |R| = [32m4.327089e-07[39m
     11 Linear |R| = [32m2.899670e-07[39m
     12 Linear |R| = [32m5.308468e-08[39m
     13 Linear |R| = [32m3.555442e-08[39m
     14 Linear |R| = [32m9.074569e-09[39m
     15 Linear |R| = [32m7.558873e-09[39m
     16 Linear |R| = [32m4.027565e-09[39m
     17 Linear |R| = [32m1.977556e-09[39m
     18 Linear |R| = [32m4.800366e-10[39m
     19 Linear |R| = [32m2.996445e-10[39m
     20 Linear |R| = [32m2.417124e-10[39m
     21 Linear |R| = [32m9.450519e-11[39m
     22 Linear |R| = [32m4.233041e-11[39m
     23 Linear |R| = [32m2.425263e-11[39m
     24 Linear |R| = [32m5.174691e-12[39m
 1 Nonlinear |R| = [32m1.826785e-06[39m
      0 Linear |R| = [32m1.826785e-06[39m
      1 Linear |R| = [32m6.124217e-08[39m
      2 Linear |R| = [32m5.110431e-08[39m
      3 Linear |R| = [32m1.317271e-08[39m
      4 Linear |R| = [32m1.133134e-09[39m
      5 Linear |R| = [32m1.036094e-09[39m
      6 Linear |R| = [32m2.213887e-10[39m
      7 Linear |R| = [32m1.360923e-10[39m
      8 Linear |R| = [32m3.654340e-11[39m
      9 Linear |R| = [32m1.999265e-11[39m
     10 Linear |R| = [33m1.973922e-11[39m
     11 Linear |R| = [32m9.744236e-12[39m
     12 Linear |R| = [32m1.854304e-12[39m
     13 Linear |R| = [32m1.242970e-12[39m
     14 Linear |R| = [32m3.150078e-13[39m
     15 Linear |R| = [33m3.144446e-13[39m
     16 Linear |R| = [32m1.555092e-13[39m
     17 Linear |R| = [32m6.634659e-14[39m
     18 Linear |R| = [32m1.832364e-14[39m
     19 Linear |R| = [32m1.123428e-14[39m
     20 Linear |R| = [33m1.088865e-14[39m
     21 Linear |R| = [32m2.865852e-15[39m
     22 Linear |R| = [32m1.521712e-15[39m
 2 Nonlinear |R| = [32m3.613406e-12[39m
[32m Solve Converged![39m

Postprocessor Values:
+----------------+----------------+----------------+----------------+----------------+----------------+----------------+
| time           | J_max          | J_min          | Jbar_max       | Jbar_min       | center_pressure| edge_ux        |
+----------------+----------------+----------------+----------------+----------------+----------------+----------------+
:                :                :                :                :                :                :                :
|   4.900000e-02 |   9.823606e-01 |   9.745923e-01 |   9.903732e-01 |   9.894307e-01 |   1.578773e-01 |   5.621735e-03 |
|   5.000000e-02 |   9.823153e-01 |   9.745840e-01 |   9.903640e-01 |   9.894279e-01 |   1.571048e-01 |   5.579338e-03 |
|   5.100000e-02 |   9.822700e-01 |   9.745756e-01 |   9.903549e-01 |   9.894251e-01 |   1.563374e-01 |   5.537123e-03 |
|   5.200000e-02 |   9.822248e-01 |   9.745670e-01 |   9.903458e-01 |   9.894213e-01 |   1.555749e-01 |   5.495092e-03 |
|   5.300000e-02 |   9.821795e-01 |   9.745584e-01 |   9.903368e-01 |   9.894161e-01 |   1.548173e-01 |   5.453244e-03 |
|   5.400000e-02 |   9.821343e-01 |   9.745496e-01 |   9.903279e-01 |   9.894109e-01 |   1.540644e-01 |   5.411580e-03 |
|   5.500000e-02 |   9.820891e-01 |   9.745406e-01 |   9.903190e-01 |   9.894058e-01 |   1.533161e-01 |   5.370099e-03 |
|   5.600000e-02 |   9.820439e-01 |   9.745316e-01 |   9.903102e-01 |   9.894008e-01 |   1.525724e-01 |   5.328801e-03 |
|   5.700000e-02 |   9.819989e-01 |   9.745225e-01 |   9.903014e-01 |   9.893958e-01 |   1.518331e-01 |   5.287687e-03 |
|   5.800000e-02 |   9.819538e-01 |   9.745134e-01 |   9.902927e-01 |   9.893909e-01 |   1.510981e-01 |   5.246756e-03 |
|   5.900000e-02 |   9.819089e-01 |   9.745041e-01 |   9.902840e-01 |   9.893861e-01 |   1.503675e-01 |   5.206008e-03 |
|   6.000000e-02 |   9.818641e-01 |   9.744948e-01 |   9.902754e-01 |   9.893813e-01 |   1.496410e-01 |   5.165442e-03 |
|   6.100000e-02 |   9.818193e-01 |   9.744854e-01 |   9.902668e-01 |   9.893766e-01 |   1.489188e-01 |   5.125059e-03 |
|   6.200000e-02 |   9.817747e-01 |   9.744760e-01 |   9.902583e-01 |   9.893719e-01 |   1.482005e-01 |   5.084858e-03 |
|   6.300000e-02 |   9.817301e-01 |   9.744665e-01 |   9.902498e-01 |   9.893672e-01 |   1.474864e-01 |   5.044839e-03 |
+----------------+----------------+----------------+----------------+----------------+----------------+----------------+
+----------------+----------------+----------------+------------------+----------------+----------------+
| time           | mass           | mass_reaction  | outflow_gradient | platen_max     | platen_min     |
+----------------+----------------+----------------+------------------+----------------+----------------+
:                :                :                :                  :                :                :
|   4.900000e-02 |   1.579541e+00 |  -3.148157e-01 |     1.635090e-01 |  -4.368265e-02 |  -4.368265e-02 |
|   5.000000e-02 |   1.579228e+00 |  -3.129204e-01 |     1.625392e-01 |  -4.372569e-02 |  -4.372569e-02 |
|   5.100000e-02 |   1.578917e+00 |  -3.110567e-01 |     1.615849e-01 |  -4.376848e-02 |  -4.376848e-02 |
|   5.200000e-02 |   1.578608e+00 |  -3.092230e-01 |     1.606454e-01 |  -4.381102e-02 |  -4.381102e-02 |
|   5.300000e-02 |   1.578301e+00 |  -3.074178e-01 |     1.597201e-01 |  -4.385331e-02 |  -4.385331e-02 |
|   5.400000e-02 |   1.577995e+00 |  -3.056401e-01 |     1.588083e-01 |  -4.389536e-02 |  -4.389536e-02 |
|   5.500000e-02 |   1.577691e+00 |  -3.038884e-01 |     1.579094e-01 |  -4.393718e-02 |  -4.393718e-02 |
|   5.600000e-02 |   1.577389e+00 |  -3.021617e-01 |     1.570230e-01 |  -4.397875e-02 |  -4.397875e-02 |
|   5.700000e-02 |   1.577088e+00 |  -3.004589e-01 |     1.561483e-01 |  -4.402010e-02 |  -4.402010e-02 |
|   5.800000e-02 |   1.576790e+00 |  -2.987789e-01 |     1.552850e-01 |  -4.406122e-02 |  -4.406122e-02 |
|   5.900000e-02 |   1.576492e+00 |  -2.971208e-01 |     1.544326e-01 |  -4.410211e-02 |  -4.410211e-02 |
|   6.000000e-02 |   1.576197e+00 |  -2.954837e-01 |     1.535906e-01 |  -4.414278e-02 |  -4.414278e-02 |
|   6.100000e-02 |   1.575903e+00 |  -2.938666e-01 |     1.527585e-01 |  -4.418322e-02 |  -4.418322e-02 |
|   6.200000e-02 |   1.575611e+00 |  -2.922689e-01 |     1.519361e-01 |  -4.422346e-02 |  -4.422346e-02 |
|   6.300000e-02 |   1.575320e+00 |  -2.906898e-01 |     1.511230e-01 |  -4.426347e-02 |  -4.426347e-02 |
+----------------+----------------+----------------+------------------+----------------+----------------+
+----------------+--------------------+--------------------+----------------+----------------+----------------+
| time           | solid_fraction_max | solid_fraction_min | stability_max  | stability_min  | top_reaction   |
+----------------+--------------------+--------------------+----------------+----------------+----------------+
:                :                    :                    :                :                :                :
|   4.900000e-02 |       6.091408e-01 |       6.043233e-01 |   2.810823e+01 |   2.800334e+01 |  -1.400000e+00 |
|   5.000000e-02 |       6.091443e-01 |       6.043478e-01 |   2.810780e+01 |   2.800332e+01 |  -1.400000e+00 |
|   5.100000e-02 |       6.091478e-01 |       6.043723e-01 |   2.810737e+01 |   2.800330e+01 |  -1.400000e+00 |
|   5.200000e-02 |       6.091513e-01 |       6.043969e-01 |   2.810693e+01 |   2.800328e+01 |  -1.400000e+00 |
|   5.300000e-02 |       6.091549e-01 |       6.044216e-01 |   2.810650e+01 |   2.800326e+01 |  -1.400000e+00 |
|   5.400000e-02 |       6.091585e-01 |       6.044462e-01 |   2.810606e+01 |   2.800324e+01 |  -1.400000e+00 |
|   5.500000e-02 |       6.091621e-01 |       6.044709e-01 |   2.810562e+01 |   2.800322e+01 |  -1.400000e+00 |
|   5.600000e-02 |       6.091658e-01 |       6.044956e-01 |   2.810518e+01 |   2.800321e+01 |  -1.400000e+00 |
|   5.700000e-02 |       6.091695e-01 |       6.045203e-01 |   2.810473e+01 |   2.800319e+01 |  -1.400000e+00 |
|   5.800000e-02 |       6.091732e-01 |       6.045450e-01 |   2.810429e+01 |   2.800317e+01 |  -1.400000e+00 |
|   5.900000e-02 |       6.091770e-01 |       6.045696e-01 |   2.810384e+01 |   2.800315e+01 |  -1.400000e+00 |
|   6.000000e-02 |       6.091808e-01 |       6.045943e-01 |   2.810340e+01 |   2.800314e+01 |  -1.400000e+00 |
|   6.100000e-02 |       6.091845e-01 |       6.046189e-01 |   2.810295e+01 |   2.800312e+01 |  -1.400000e+00 |
|   6.200000e-02 |       6.091884e-01 |       6.046436e-01 |   2.810250e+01 |   2.800310e+01 |  -1.400000e+00 |
|   6.300000e-02 |       6.091922e-01 |       6.046681e-01 |   2.810205e+01 |   2.800309e+01 |  -1.400000e+00 |
+----------------+--------------------+--------------------+----------------+----------------+----------------+


Time Step 64, time = 0.064, dt = 0.001
 * Nonlinear |R| = [32m2.349620e-02[39m (Before preset BCs, predictors, correctors, and constraints)
 0 Nonlinear |R| = [32m2.349620e-02[39m
      0 Linear |R| = [32m2.349620e-02[39m
      1 Linear |R| = [32m1.471066e-03[39m
      2 Linear |R| = [33m1.442904e-03[39m
      3 Linear |R| = [32m4.287305e-04[39m
      4 Linear |R| = [32m3.616799e-05[39m
      5 Linear |R| = [32m1.723511e-05[39m
      6 Linear |R| = [32m6.139461e-06[39m
      7 Linear |R| = [32m3.907340e-06[39m
      8 Linear |R| = [32m1.064681e-06[39m
      9 Linear |R| = [32m5.388506e-07[39m
     10 Linear |R| = [32m4.395089e-07[39m
     11 Linear |R| = [32m2.880387e-07[39m
     12 Linear |R| = [32m5.258916e-08[39m
     13 Linear |R| = [32m3.520253e-08[39m
     14 Linear |R| = [32m8.996843e-09[39m
     15 Linear |R| = [32m7.517514e-09[39m
     16 Linear |R| = [32m3.982056e-09[39m
     17 Linear |R| = [32m1.956668e-09[39m
     18 Linear |R| = [32m4.720477e-10[39m
     19 Linear |R| = [32m2.947585e-10[39m
     20 Linear |R| = [32m2.436696e-10[39m
     21 Linear |R| = [32m9.311379e-11[39m
     22 Linear |R| = [32m4.174427e-11[39m
     23 Linear |R| = [32m2.395470e-11[39m
     24 Linear |R| = [32m5.135259e-12[39m
 1 Nonlinear |R| = [32m1.797011e-06[39m
      0 Linear |R| = [32m1.797011e-06[39m
      1 Linear |R| = [32m6.092284e-08[39m
      2 Linear |R| = [32m5.324439e-08[39m
      3 Linear |R| = [32m1.369998e-08[39m
      4 Linear |R| = [32m1.178806e-09[39m
      5 Linear |R| = [32m1.033099e-09[39m
      6 Linear |R| = [32m2.439649e-10[39m
      7 Linear |R| = [32m1.458926e-10[39m
      8 Linear |R| = [32m3.843740e-11[39m
      9 Linear |R| = [32m2.154301e-11[39m
     10 Linear |R| = [33m2.095047e-11[39m
     11 Linear |R| = [32m1.039868e-11[39m
     12 Linear |R| = [32m2.277778e-12[39m
     13 Linear |R| = [32m1.542831e-12[39m
     14 Linear |R| = [32m3.626328e-13[39m
     15 Linear |R| = [33m3.573139e-13[39m
     16 Linear |R| = [32m1.928559e-13[39m
     17 Linear |R| = [32m7.654295e-14[39m
     18 Linear |R| = [32m2.287188e-14[39m
     19 Linear |R| = [32m1.280376e-14[39m
     20 Linear |R| = [32m1.190130e-14[39m
     21 Linear |R| = [32m3.079701e-15[39m
     22 Linear |R| = [32m1.853868e-15[39m
     23 Linear |R| = [32m6.095223e-16[39m
 2 Nonlinear |R| = [32m3.274219e-12[39m
[32m Solve Converged![39m

Postprocessor Values:
+----------------+----------------+----------------+----------------+----------------+----------------+----------------+
| time           | J_max          | J_min          | Jbar_max       | Jbar_min       | center_pressure| edge_ux        |
+----------------+----------------+----------------+----------------+----------------+----------------+----------------+
:                :                :                :                :                :                :                :
|   5.000000e-02 |   9.823153e-01 |   9.745840e-01 |   9.903640e-01 |   9.894279e-01 |   1.571048e-01 |   5.579338e-03 |
|   5.100000e-02 |   9.822700e-01 |   9.745756e-01 |   9.903549e-01 |   9.894251e-01 |   1.563374e-01 |   5.537123e-03 |
|   5.200000e-02 |   9.822248e-01 |   9.745670e-01 |   9.903458e-01 |   9.894213e-01 |   1.555749e-01 |   5.495092e-03 |
|   5.300000e-02 |   9.821795e-01 |   9.745584e-01 |   9.903368e-01 |   9.894161e-01 |   1.548173e-01 |   5.453244e-03 |
|   5.400000e-02 |   9.821343e-01 |   9.745496e-01 |   9.903279e-01 |   9.894109e-01 |   1.540644e-01 |   5.411580e-03 |
|   5.500000e-02 |   9.820891e-01 |   9.745406e-01 |   9.903190e-01 |   9.894058e-01 |   1.533161e-01 |   5.370099e-03 |
|   5.600000e-02 |   9.820439e-01 |   9.745316e-01 |   9.903102e-01 |   9.894008e-01 |   1.525724e-01 |   5.328801e-03 |
|   5.700000e-02 |   9.819989e-01 |   9.745225e-01 |   9.903014e-01 |   9.893958e-01 |   1.518331e-01 |   5.287687e-03 |
|   5.800000e-02 |   9.819538e-01 |   9.745134e-01 |   9.902927e-01 |   9.893909e-01 |   1.510981e-01 |   5.246756e-03 |
|   5.900000e-02 |   9.819089e-01 |   9.745041e-01 |   9.902840e-01 |   9.893861e-01 |   1.503675e-01 |   5.206008e-03 |
|   6.000000e-02 |   9.818641e-01 |   9.744948e-01 |   9.902754e-01 |   9.893813e-01 |   1.496410e-01 |   5.165442e-03 |
|   6.100000e-02 |   9.818193e-01 |   9.744854e-01 |   9.902668e-01 |   9.893766e-01 |   1.489188e-01 |   5.125059e-03 |
|   6.200000e-02 |   9.817747e-01 |   9.744760e-01 |   9.902583e-01 |   9.893719e-01 |   1.482005e-01 |   5.084858e-03 |
|   6.300000e-02 |   9.817301e-01 |   9.744665e-01 |   9.902498e-01 |   9.893672e-01 |   1.474864e-01 |   5.044839e-03 |
|   6.400000e-02 |   9.816857e-01 |   9.744570e-01 |   9.902414e-01 |   9.893627e-01 |   1.467761e-01 |   5.005001e-03 |
+----------------+----------------+----------------+----------------+----------------+----------------+----------------+
+----------------+----------------+----------------+------------------+----------------+----------------+
| time           | mass           | mass_reaction  | outflow_gradient | platen_max     | platen_min     |
+----------------+----------------+----------------+------------------+----------------+----------------+
:                :                :                :                  :                :                :
|   5.000000e-02 |   1.579228e+00 |  -3.129204e-01 |     1.625392e-01 |  -4.372569e-02 |  -4.372569e-02 |
|   5.100000e-02 |   1.578917e+00 |  -3.110567e-01 |     1.615849e-01 |  -4.376848e-02 |  -4.376848e-02 |
|   5.200000e-02 |   1.578608e+00 |  -3.092230e-01 |     1.606454e-01 |  -4.381102e-02 |  -4.381102e-02 |
|   5.300000e-02 |   1.578301e+00 |  -3.074178e-01 |     1.597201e-01 |  -4.385331e-02 |  -4.385331e-02 |
|   5.400000e-02 |   1.577995e+00 |  -3.056401e-01 |     1.588083e-01 |  -4.389536e-02 |  -4.389536e-02 |
|   5.500000e-02 |   1.577691e+00 |  -3.038884e-01 |     1.579094e-01 |  -4.393718e-02 |  -4.393718e-02 |
|   5.600000e-02 |   1.577389e+00 |  -3.021617e-01 |     1.570230e-01 |  -4.397875e-02 |  -4.397875e-02 |
|   5.700000e-02 |   1.577088e+00 |  -3.004589e-01 |     1.561483e-01 |  -4.402010e-02 |  -4.402010e-02 |
|   5.800000e-02 |   1.576790e+00 |  -2.987789e-01 |     1.552850e-01 |  -4.406122e-02 |  -4.406122e-02 |
|   5.900000e-02 |   1.576492e+00 |  -2.971208e-01 |     1.544326e-01 |  -4.410211e-02 |  -4.410211e-02 |
|   6.000000e-02 |   1.576197e+00 |  -2.954837e-01 |     1.535906e-01 |  -4.414278e-02 |  -4.414278e-02 |
|   6.100000e-02 |   1.575903e+00 |  -2.938666e-01 |     1.527585e-01 |  -4.418322e-02 |  -4.418322e-02 |
|   6.200000e-02 |   1.575611e+00 |  -2.922689e-01 |     1.519361e-01 |  -4.422346e-02 |  -4.422346e-02 |
|   6.300000e-02 |   1.575320e+00 |  -2.906898e-01 |     1.511230e-01 |  -4.426347e-02 |  -4.426347e-02 |
|   6.400000e-02 |   1.575031e+00 |  -2.891284e-01 |     1.503186e-01 |  -4.430328e-02 |  -4.430328e-02 |
+----------------+----------------+----------------+------------------+----------------+----------------+
+----------------+--------------------+--------------------+----------------+----------------+----------------+
| time           | solid_fraction_max | solid_fraction_min | stability_max  | stability_min  | top_reaction   |
+----------------+--------------------+--------------------+----------------+----------------+----------------+
:                :                    :                    :                :                :                :
|   5.000000e-02 |       6.091443e-01 |       6.043478e-01 |   2.810780e+01 |   2.800332e+01 |  -1.400000e+00 |
|   5.100000e-02 |       6.091478e-01 |       6.043723e-01 |   2.810737e+01 |   2.800330e+01 |  -1.400000e+00 |
|   5.200000e-02 |       6.091513e-01 |       6.043969e-01 |   2.810693e+01 |   2.800328e+01 |  -1.400000e+00 |
|   5.300000e-02 |       6.091549e-01 |       6.044216e-01 |   2.810650e+01 |   2.800326e+01 |  -1.400000e+00 |
|   5.400000e-02 |       6.091585e-01 |       6.044462e-01 |   2.810606e+01 |   2.800324e+01 |  -1.400000e+00 |
|   5.500000e-02 |       6.091621e-01 |       6.044709e-01 |   2.810562e+01 |   2.800322e+01 |  -1.400000e+00 |
|   5.600000e-02 |       6.091658e-01 |       6.044956e-01 |   2.810518e+01 |   2.800321e+01 |  -1.400000e+00 |
|   5.700000e-02 |       6.091695e-01 |       6.045203e-01 |   2.810473e+01 |   2.800319e+01 |  -1.400000e+00 |
|   5.800000e-02 |       6.091732e-01 |       6.045450e-01 |   2.810429e+01 |   2.800317e+01 |  -1.400000e+00 |
|   5.900000e-02 |       6.091770e-01 |       6.045696e-01 |   2.810384e+01 |   2.800315e+01 |  -1.400000e+00 |
|   6.000000e-02 |       6.091808e-01 |       6.045943e-01 |   2.810340e+01 |   2.800314e+01 |  -1.400000e+00 |
|   6.100000e-02 |       6.091845e-01 |       6.046189e-01 |   2.810295e+01 |   2.800312e+01 |  -1.400000e+00 |
|   6.200000e-02 |       6.091884e-01 |       6.046436e-01 |   2.810250e+01 |   2.800310e+01 |  -1.400000e+00 |
|   6.300000e-02 |       6.091922e-01 |       6.046681e-01 |   2.810205e+01 |   2.800309e+01 |  -1.400000e+00 |
|   6.400000e-02 |       6.091960e-01 |       6.046927e-01 |   2.810161e+01 |   2.800307e+01 |  -1.400000e+00 |
+----------------+--------------------+--------------------+----------------+----------------+----------------+


Time Step 65, time = 0.065, dt = 0.001
 * Nonlinear |R| = [32m2.337590e-02[39m (Before preset BCs, predictors, correctors, and constraints)
 0 Nonlinear |R| = [32m2.337590e-02[39m
      0 Linear |R| = [32m2.337590e-02[39m
      1 Linear |R| = [32m1.463375e-03[39m
      2 Linear |R| = [33m1.435355e-03[39m
      3 Linear |R| = [32m4.264512e-04[39m
      4 Linear |R| = [32m3.597998e-05[39m
      5 Linear |R| = [32m1.759967e-05[39m
      6 Linear |R| = [32m6.098248e-06[39m
      7 Linear |R| = [32m3.880849e-06[39m
      8 Linear |R| = [32m1.057710e-06[39m
      9 Linear |R| = [32m5.347581e-07[39m
     10 Linear |R| = [32m4.134990e-07[39m
     11 Linear |R| = [32m2.858882e-07[39m
     12 Linear |R| = [32m5.211208e-08[39m
     13 Linear |R| = [32m3.486419e-08[39m
     14 Linear |R| = [32m8.906930e-09[39m
     15 Linear |R| = [32m7.165021e-09[39m
     16 Linear |R| = [32m3.938094e-09[39m
     17 Linear |R| = [32m1.936453e-09[39m
     18 Linear |R| = [32m4.643485e-10[39m
     19 Linear |R| = [32m2.895835e-10[39m
     20 Linear |R| = [32m2.165878e-10[39m
     21 Linear |R| = [32m9.171149e-11[39m
     22 Linear |R| = [32m4.116711e-11[39m
     23 Linear |R| = [32m2.366006e-11[39m
     24 Linear |R| = [32m5.081932e-12[39m
 1 Nonlinear |R| = [32m1.785117e-06[39m
      0 Linear |R| = [32m1.785117e-06[39m
      1 Linear |R| = [32m5.964021e-08[39m
      2 Linear |R| = [32m5.231451e-08[39m
      3 Linear |R| = [32m1.346398e-08[39m
      4 Linear |R| = [32m1.154682e-09[39m
      5 Linear |R| = [32m1.005529e-09[39m
      6 Linear |R| = [32m2.203295e-10[39m
      7 Linear |R| = [32m1.349622e-10[39m
      8 Linear |R| = [32m3.582883e-11[39m
      9 Linear |R| = [32m1.910510e-11[39m
     10 Linear |R| = [33m1.856384e-11[39m
     11 Linear |R| = [32m9.636312e-12[39m
     12 Linear |R| = [32m1.871695e-12[39m
     13 Linear |R| = [32m1.272121e-12[39m
     14 Linear |R| = [32m3.154667e-13[39m
     15 Linear |R| = [33m3.087980e-13[39m
     16 Linear |R| = [32m1.568078e-13[39m
     17 Linear |R| = [32m6.770749e-14[39m
     18 Linear |R| = [32m1.891982e-14[39m
     19 Linear |R| = [32m1.153546e-14[39m
     20 Linear |R| = [32m1.070674e-14[39m
     21 Linear |R| = [32m3.225275e-15[39m
     22 Linear |R| = [32m1.543878e-15[39m
 2 Nonlinear |R| = [32m3.165235e-12[39m
[32m Solve Converged![39m

Postprocessor Values:
+----------------+----------------+----------------+----------------+----------------+----------------+----------------+
| time           | J_max          | J_min          | Jbar_max       | Jbar_min       | center_pressure| edge_ux        |
+----------------+----------------+----------------+----------------+----------------+----------------+----------------+
:                :                :                :                :                :                :                :
|   5.100000e-02 |   9.822700e-01 |   9.745756e-01 |   9.903549e-01 |   9.894251e-01 |   1.563374e-01 |   5.537123e-03 |
|   5.200000e-02 |   9.822248e-01 |   9.745670e-01 |   9.903458e-01 |   9.894213e-01 |   1.555749e-01 |   5.495092e-03 |
|   5.300000e-02 |   9.821795e-01 |   9.745584e-01 |   9.903368e-01 |   9.894161e-01 |   1.548173e-01 |   5.453244e-03 |
|   5.400000e-02 |   9.821343e-01 |   9.745496e-01 |   9.903279e-01 |   9.894109e-01 |   1.540644e-01 |   5.411580e-03 |
|   5.500000e-02 |   9.820891e-01 |   9.745406e-01 |   9.903190e-01 |   9.894058e-01 |   1.533161e-01 |   5.370099e-03 |
|   5.600000e-02 |   9.820439e-01 |   9.745316e-01 |   9.903102e-01 |   9.894008e-01 |   1.525724e-01 |   5.328801e-03 |
|   5.700000e-02 |   9.819989e-01 |   9.745225e-01 |   9.903014e-01 |   9.893958e-01 |   1.518331e-01 |   5.287687e-03 |
|   5.800000e-02 |   9.819538e-01 |   9.745134e-01 |   9.902927e-01 |   9.893909e-01 |   1.510981e-01 |   5.246756e-03 |
|   5.900000e-02 |   9.819089e-01 |   9.745041e-01 |   9.902840e-01 |   9.893861e-01 |   1.503675e-01 |   5.206008e-03 |
|   6.000000e-02 |   9.818641e-01 |   9.744948e-01 |   9.902754e-01 |   9.893813e-01 |   1.496410e-01 |   5.165442e-03 |
|   6.100000e-02 |   9.818193e-01 |   9.744854e-01 |   9.902668e-01 |   9.893766e-01 |   1.489188e-01 |   5.125059e-03 |
|   6.200000e-02 |   9.817747e-01 |   9.744760e-01 |   9.902583e-01 |   9.893719e-01 |   1.482005e-01 |   5.084858e-03 |
|   6.300000e-02 |   9.817301e-01 |   9.744665e-01 |   9.902498e-01 |   9.893672e-01 |   1.474864e-01 |   5.044839e-03 |
|   6.400000e-02 |   9.816857e-01 |   9.744570e-01 |   9.902414e-01 |   9.893627e-01 |   1.467761e-01 |   5.005001e-03 |
|   6.500000e-02 |   9.816414e-01 |   9.744474e-01 |   9.902330e-01 |   9.893581e-01 |   1.460698e-01 |   4.965344e-03 |
+----------------+----------------+----------------+----------------+----------------+----------------+----------------+
+----------------+----------------+----------------+------------------+----------------+----------------+
| time           | mass           | mass_reaction  | outflow_gradient | platen_max     | platen_min     |
+----------------+----------------+----------------+------------------+----------------+----------------+
:                :                :                :                  :                :                :
|   5.100000e-02 |   1.578917e+00 |  -3.110567e-01 |     1.615849e-01 |  -4.376848e-02 |  -4.376848e-02 |
|   5.200000e-02 |   1.578608e+00 |  -3.092230e-01 |     1.606454e-01 |  -4.381102e-02 |  -4.381102e-02 |
|   5.300000e-02 |   1.578301e+00 |  -3.074178e-01 |     1.597201e-01 |  -4.385331e-02 |  -4.385331e-02 |
|   5.400000e-02 |   1.577995e+00 |  -3.056401e-01 |     1.588083e-01 |  -4.389536e-02 |  -4.389536e-02 |
|   5.500000e-02 |   1.577691e+00 |  -3.038884e-01 |     1.579094e-01 |  -4.393718e-02 |  -4.393718e-02 |
|   5.600000e-02 |   1.577389e+00 |  -3.021617e-01 |     1.570230e-01 |  -4.397875e-02 |  -4.397875e-02 |
|   5.700000e-02 |   1.577088e+00 |  -3.004589e-01 |     1.561483e-01 |  -4.402010e-02 |  -4.402010e-02 |
|   5.800000e-02 |   1.576790e+00 |  -2.987789e-01 |     1.552850e-01 |  -4.406122e-02 |  -4.406122e-02 |
|   5.900000e-02 |   1.576492e+00 |  -2.971208e-01 |     1.544326e-01 |  -4.410211e-02 |  -4.410211e-02 |
|   6.000000e-02 |   1.576197e+00 |  -2.954837e-01 |     1.535906e-01 |  -4.414278e-02 |  -4.414278e-02 |
|   6.100000e-02 |   1.575903e+00 |  -2.938666e-01 |     1.527585e-01 |  -4.418322e-02 |  -4.418322e-02 |
|   6.200000e-02 |   1.575611e+00 |  -2.922689e-01 |     1.519361e-01 |  -4.422346e-02 |  -4.422346e-02 |
|   6.300000e-02 |   1.575320e+00 |  -2.906898e-01 |     1.511230e-01 |  -4.426347e-02 |  -4.426347e-02 |
|   6.400000e-02 |   1.575031e+00 |  -2.891284e-01 |     1.503186e-01 |  -4.430328e-02 |  -4.430328e-02 |
|   6.500000e-02 |   1.574743e+00 |  -2.875842e-01 |     1.495229e-01 |  -4.434287e-02 |  -4.434287e-02 |
+----------------+----------------+----------------+------------------+----------------+----------------+
+----------------+--------------------+--------------------+----------------+----------------+----------------+
| time           | solid_fraction_max | solid_fraction_min | stability_max  | stability_min  | top_reaction   |
+----------------+--------------------+--------------------+----------------+----------------+----------------+
:                :                    :                    :                :                :                :
|   5.100000e-02 |       6.091478e-01 |       6.043723e-01 |   2.810737e+01 |   2.800330e+01 |  -1.400000e+00 |
|   5.200000e-02 |       6.091513e-01 |       6.043969e-01 |   2.810693e+01 |   2.800328e+01 |  -1.400000e+00 |
|   5.300000e-02 |       6.091549e-01 |       6.044216e-01 |   2.810650e+01 |   2.800326e+01 |  -1.400000e+00 |
|   5.400000e-02 |       6.091585e-01 |       6.044462e-01 |   2.810606e+01 |   2.800324e+01 |  -1.400000e+00 |
|   5.500000e-02 |       6.091621e-01 |       6.044709e-01 |   2.810562e+01 |   2.800322e+01 |  -1.400000e+00 |
|   5.600000e-02 |       6.091658e-01 |       6.044956e-01 |   2.810518e+01 |   2.800321e+01 |  -1.400000e+00 |
|   5.700000e-02 |       6.091695e-01 |       6.045203e-01 |   2.810473e+01 |   2.800319e+01 |  -1.400000e+00 |
|   5.800000e-02 |       6.091732e-01 |       6.045450e-01 |   2.810429e+01 |   2.800317e+01 |  -1.400000e+00 |
|   5.900000e-02 |       6.091770e-01 |       6.045696e-01 |   2.810384e+01 |   2.800315e+01 |  -1.400000e+00 |
|   6.000000e-02 |       6.091808e-01 |       6.045943e-01 |   2.810340e+01 |   2.800314e+01 |  -1.400000e+00 |
|   6.100000e-02 |       6.091845e-01 |       6.046189e-01 |   2.810295e+01 |   2.800312e+01 |  -1.400000e+00 |
|   6.200000e-02 |       6.091884e-01 |       6.046436e-01 |   2.810250e+01 |   2.800310e+01 |  -1.400000e+00 |
|   6.300000e-02 |       6.091922e-01 |       6.046681e-01 |   2.810205e+01 |   2.800309e+01 |  -1.400000e+00 |
|   6.400000e-02 |       6.091960e-01 |       6.046927e-01 |   2.810161e+01 |   2.800307e+01 |  -1.400000e+00 |
|   6.500000e-02 |       6.091999e-01 |       6.047172e-01 |   2.810116e+01 |   2.800305e+01 |  -1.400000e+00 |
+----------------+--------------------+--------------------+----------------+----------------+----------------+


Time Step 66, time = 0.066, dt = 0.001
 * Nonlinear |R| = [32m2.325684e-02[39m (Before preset BCs, predictors, correctors, and constraints)
 0 Nonlinear |R| = [32m2.325684e-02[39m
      0 Linear |R| = [32m2.325684e-02[39m
      1 Linear |R| = [32m1.455771e-03[39m
      2 Linear |R| = [33m1.427896e-03[39m
      3 Linear |R| = [32m4.241784e-04[39m
      4 Linear |R| = [32m3.576590e-05[39m
      5 Linear |R| = [32m1.653513e-05[39m
      6 Linear |R| = [32m6.057704e-06[39m
      7 Linear |R| = [32m3.854946e-06[39m
      8 Linear |R| = [32m1.050883e-06[39m
      9 Linear |R| = [32m5.312519e-07[39m
     10 Linear |R| = [32m4.263601e-07[39m
     11 Linear |R| = [32m2.840996e-07[39m
     12 Linear |R| = [32m5.165237e-08[39m
     13 Linear |R| = [32m3.453900e-08[39m
     14 Linear |R| = [32m8.840971e-09[39m
     15 Linear |R| = [32m7.244090e-09[39m
     16 Linear |R| = [32m3.896285e-09[39m
     17 Linear |R| = [32m1.916931e-09[39m
     18 Linear |R| = [32m4.569553e-10[39m
     19 Linear |R| = [32m2.851775e-10[39m
     20 Linear |R| = [32m2.317389e-10[39m
     21 Linear |R| = [32m9.039344e-11[39m
     22 Linear |R| = [32m4.059991e-11[39m
     23 Linear |R| = [32m2.336912e-11[39m
     24 Linear |R| = [32m5.042164e-12[39m
 1 Nonlinear |R| = [32m1.775558e-06[39m
      0 Linear |R| = [32m1.775558e-06[39m
      1 Linear |R| = [32m5.934067e-08[39m
      2 Linear |R| = [32m5.054797e-08[39m
      3 Linear |R| = [32m1.301441e-08[39m
      4 Linear |R| = [32m1.110953e-09[39m
      5 Linear |R| = [32m9.934459e-10[39m
      6 Linear |R| = [32m1.960288e-10[39m
      7 Linear |R| = [32m1.222483e-10[39m
      8 Linear |R| = [32m3.365552e-11[39m
      9 Linear |R| = [32m1.780342e-11[39m
     10 Linear |R| = [33m1.743982e-11[39m
     11 Linear |R| = [32m9.164359e-12[39m
     12 Linear |R| = [32m1.640734e-12[39m
     13 Linear |R| = [32m1.091137e-12[39m
     14 Linear |R| = [32m2.912400e-13[39m
     15 Linear |R| = [33m2.842987e-13[39m
     16 Linear |R| = [32m1.346633e-13[39m
     17 Linear |R| = [32m6.578491e-14[39m
     18 Linear |R| = [32m1.670409e-14[39m
     19 Linear |R| = [32m9.805062e-15[39m
     20 Linear |R| = [32m9.198138e-15[39m
     21 Linear |R| = [32m3.276526e-15[39m
     22 Linear |R| = [32m1.389030e-15[39m
 2 Nonlinear |R| = [32m3.284687e-12[39m
[32m Solve Converged![39m

Postprocessor Values:
+----------------+----------------+----------------+----------------+----------------+----------------+----------------+
| time           | J_max          | J_min          | Jbar_max       | Jbar_min       | center_pressure| edge_ux        |
+----------------+----------------+----------------+----------------+----------------+----------------+----------------+
:                :                :                :                :                :                :                :
|   5.200000e-02 |   9.822248e-01 |   9.745670e-01 |   9.903458e-01 |   9.894213e-01 |   1.555749e-01 |   5.495092e-03 |
|   5.300000e-02 |   9.821795e-01 |   9.745584e-01 |   9.903368e-01 |   9.894161e-01 |   1.548173e-01 |   5.453244e-03 |
|   5.400000e-02 |   9.821343e-01 |   9.745496e-01 |   9.903279e-01 |   9.894109e-01 |   1.540644e-01 |   5.411580e-03 |
|   5.500000e-02 |   9.820891e-01 |   9.745406e-01 |   9.903190e-01 |   9.894058e-01 |   1.533161e-01 |   5.370099e-03 |
|   5.600000e-02 |   9.820439e-01 |   9.745316e-01 |   9.903102e-01 |   9.894008e-01 |   1.525724e-01 |   5.328801e-03 |
|   5.700000e-02 |   9.819989e-01 |   9.745225e-01 |   9.903014e-01 |   9.893958e-01 |   1.518331e-01 |   5.287687e-03 |
|   5.800000e-02 |   9.819538e-01 |   9.745134e-01 |   9.902927e-01 |   9.893909e-01 |   1.510981e-01 |   5.246756e-03 |
|   5.900000e-02 |   9.819089e-01 |   9.745041e-01 |   9.902840e-01 |   9.893861e-01 |   1.503675e-01 |   5.206008e-03 |
|   6.000000e-02 |   9.818641e-01 |   9.744948e-01 |   9.902754e-01 |   9.893813e-01 |   1.496410e-01 |   5.165442e-03 |
|   6.100000e-02 |   9.818193e-01 |   9.744854e-01 |   9.902668e-01 |   9.893766e-01 |   1.489188e-01 |   5.125059e-03 |
|   6.200000e-02 |   9.817747e-01 |   9.744760e-01 |   9.902583e-01 |   9.893719e-01 |   1.482005e-01 |   5.084858e-03 |
|   6.300000e-02 |   9.817301e-01 |   9.744665e-01 |   9.902498e-01 |   9.893672e-01 |   1.474864e-01 |   5.044839e-03 |
|   6.400000e-02 |   9.816857e-01 |   9.744570e-01 |   9.902414e-01 |   9.893627e-01 |   1.467761e-01 |   5.005001e-03 |
|   6.500000e-02 |   9.816414e-01 |   9.744474e-01 |   9.902330e-01 |   9.893581e-01 |   1.460698e-01 |   4.965344e-03 |
|   6.600000e-02 |   9.815972e-01 |   9.744378e-01 |   9.902247e-01 |   9.893536e-01 |   1.453673e-01 |   4.925868e-03 |
+----------------+----------------+----------------+----------------+----------------+----------------+----------------+
+----------------+----------------+----------------+------------------+----------------+----------------+
| time           | mass           | mass_reaction  | outflow_gradient | platen_max     | platen_min     |
+----------------+----------------+----------------+------------------+----------------+----------------+
:                :                :                :                  :                :                :
|   5.200000e-02 |   1.578608e+00 |  -3.092230e-01 |     1.606454e-01 |  -4.381102e-02 |  -4.381102e-02 |
|   5.300000e-02 |   1.578301e+00 |  -3.074178e-01 |     1.597201e-01 |  -4.385331e-02 |  -4.385331e-02 |
|   5.400000e-02 |   1.577995e+00 |  -3.056401e-01 |     1.588083e-01 |  -4.389536e-02 |  -4.389536e-02 |
|   5.500000e-02 |   1.577691e+00 |  -3.038884e-01 |     1.579094e-01 |  -4.393718e-02 |  -4.393718e-02 |
|   5.600000e-02 |   1.577389e+00 |  -3.021617e-01 |     1.570230e-01 |  -4.397875e-02 |  -4.397875e-02 |
|   5.700000e-02 |   1.577088e+00 |  -3.004589e-01 |     1.561483e-01 |  -4.402010e-02 |  -4.402010e-02 |
|   5.800000e-02 |   1.576790e+00 |  -2.987789e-01 |     1.552850e-01 |  -4.406122e-02 |  -4.406122e-02 |
|   5.900000e-02 |   1.576492e+00 |  -2.971208e-01 |     1.544326e-01 |  -4.410211e-02 |  -4.410211e-02 |
|   6.000000e-02 |   1.576197e+00 |  -2.954837e-01 |     1.535906e-01 |  -4.414278e-02 |  -4.414278e-02 |
|   6.100000e-02 |   1.575903e+00 |  -2.938666e-01 |     1.527585e-01 |  -4.418322e-02 |  -4.418322e-02 |
|   6.200000e-02 |   1.575611e+00 |  -2.922689e-01 |     1.519361e-01 |  -4.422346e-02 |  -4.422346e-02 |
|   6.300000e-02 |   1.575320e+00 |  -2.906898e-01 |     1.511230e-01 |  -4.426347e-02 |  -4.426347e-02 |
|   6.400000e-02 |   1.575031e+00 |  -2.891284e-01 |     1.503186e-01 |  -4.430328e-02 |  -4.430328e-02 |
|   6.500000e-02 |   1.574743e+00 |  -2.875842e-01 |     1.495229e-01 |  -4.434287e-02 |  -4.434287e-02 |
|   6.600000e-02 |   1.574457e+00 |  -2.860564e-01 |     1.487353e-01 |  -4.438226e-02 |  -4.438226e-02 |
+----------------+----------------+----------------+------------------+----------------+----------------+
+----------------+--------------------+--------------------+----------------+----------------+----------------+
| time           | solid_fraction_max | solid_fraction_min | stability_max  | stability_min  | top_reaction   |
+----------------+--------------------+--------------------+----------------+----------------+----------------+
:                :                    :                    :                :                :                :
|   5.200000e-02 |       6.091513e-01 |       6.043969e-01 |   2.810693e+01 |   2.800328e+01 |  -1.400000e+00 |
|   5.300000e-02 |       6.091549e-01 |       6.044216e-01 |   2.810650e+01 |   2.800326e+01 |  -1.400000e+00 |
|   5.400000e-02 |       6.091585e-01 |       6.044462e-01 |   2.810606e+01 |   2.800324e+01 |  -1.400000e+00 |
|   5.500000e-02 |       6.091621e-01 |       6.044709e-01 |   2.810562e+01 |   2.800322e+01 |  -1.400000e+00 |
|   5.600000e-02 |       6.091658e-01 |       6.044956e-01 |   2.810518e+01 |   2.800321e+01 |  -1.400000e+00 |
|   5.700000e-02 |       6.091695e-01 |       6.045203e-01 |   2.810473e+01 |   2.800319e+01 |  -1.400000e+00 |
|   5.800000e-02 |       6.091732e-01 |       6.045450e-01 |   2.810429e+01 |   2.800317e+01 |  -1.400000e+00 |
|   5.900000e-02 |       6.091770e-01 |       6.045696e-01 |   2.810384e+01 |   2.800315e+01 |  -1.400000e+00 |
|   6.000000e-02 |       6.091808e-01 |       6.045943e-01 |   2.810340e+01 |   2.800314e+01 |  -1.400000e+00 |
|   6.100000e-02 |       6.091845e-01 |       6.046189e-01 |   2.810295e+01 |   2.800312e+01 |  -1.400000e+00 |
|   6.200000e-02 |       6.091884e-01 |       6.046436e-01 |   2.810250e+01 |   2.800310e+01 |  -1.400000e+00 |
|   6.300000e-02 |       6.091922e-01 |       6.046681e-01 |   2.810205e+01 |   2.800309e+01 |  -1.400000e+00 |
|   6.400000e-02 |       6.091960e-01 |       6.046927e-01 |   2.810161e+01 |   2.800307e+01 |  -1.400000e+00 |
|   6.500000e-02 |       6.091999e-01 |       6.047172e-01 |   2.810116e+01 |   2.800305e+01 |  -1.400000e+00 |
|   6.600000e-02 |       6.092037e-01 |       6.047417e-01 |   2.810071e+01 |   2.800304e+01 |  -1.400000e+00 |
+----------------+--------------------+--------------------+----------------+----------------+----------------+


Time Step 67, time = 0.067, dt = 0.001
 * Nonlinear |R| = [32m2.313893e-02[39m (Before preset BCs, predictors, correctors, and constraints)
 0 Nonlinear |R| = [32m2.313893e-02[39m
      0 Linear |R| = [32m2.313893e-02[39m
      1 Linear |R| = [32m1.448242e-03[39m
      2 Linear |R| = [33m1.420509e-03[39m
      3 Linear |R| = [32m4.219368e-04[39m
      4 Linear |R| = [32m3.556994e-05[39m
      5 Linear |R| = [32m1.643571e-05[39m
      6 Linear |R| = [32m6.018088e-06[39m
      7 Linear |R| = [32m3.829593e-06[39m
      8 Linear |R| = [32m1.044203e-06[39m
      9 Linear |R| = [32m5.277685e-07[39m
     10 Linear |R| = [32m4.299795e-07[39m
     11 Linear |R| = [32m2.822681e-07[39m
     12 Linear |R| = [32m5.120890e-08[39m
     13 Linear |R| = [32m3.422589e-08[39m
     14 Linear |R| = [32m8.767148e-09[39m
     15 Linear |R| = [32m7.141163e-09[39m
     16 Linear |R| = [32m3.855944e-09[39m
     17 Linear |R| = [32m1.898067e-09[39m
     18 Linear |R| = [32m4.498588e-10[39m
     19 Linear |R| = [32m2.805937e-10[39m
     20 Linear |R| = [32m2.228388e-10[39m
     21 Linear |R| = [32m8.907111e-11[39m
     22 Linear |R| = [32m4.004382e-11[39m
     23 Linear |R| = [32m2.308267e-11[39m
 1 Nonlinear |R| = [32m1.755123e-06[39m
      0 Linear |R| = [32m1.755123e-06[39m
      1 Linear |R| = [32m5.885520e-08[39m
      2 Linear |R| = [32m5.024778e-08[39m
      3 Linear |R| = [32m1.291777e-08[39m
      4 Linear |R| = [32m1.106881e-09[39m
      5 Linear |R| = [32m9.988686e-10[39m
      6 Linear |R| = [32m1.995993e-10[39m
      7 Linear |R| = [32m1.249607e-10[39m
      8 Linear |R| = [32m3.319185e-11[39m
      9 Linear |R| = [32m1.733237e-11[39m
     10 Linear |R| = [33m1.722057e-11[39m
     11 Linear |R| = [32m8.951699e-12[39m
     12 Linear |R| = [32m1.720792e-12[39m
     13 Linear |R| = [32m1.176632e-12[39m
     14 Linear |R| = [32m2.875757e-13[39m
     15 Linear |R| = [33m2.845827e-13[39m
     16 Linear |R| = [32m1.129310e-13[39m
     17 Linear |R| = [32m5.958134e-14[39m
     18 Linear |R| = [32m1.665723e-14[39m
     19 Linear |R| = [32m1.018340e-14[39m
     20 Linear |R| = [32m9.632023e-15[39m
     21 Linear |R| = [32m2.852559e-15[39m
     22 Linear |R| = [32m1.104912e-15[39m
 2 Nonlinear |R| = [32m3.394128e-12[39m
[32m Solve Converged![39m

Postprocessor Values:
+----------------+----------------+----------------+----------------+----------------+----------------+----------------+
| time           | J_max          | J_min          | Jbar_max       | Jbar_min       | center_pressure| edge_ux        |
+----------------+----------------+----------------+----------------+----------------+----------------+----------------+
:                :                :                :                :                :                :                :
|   5.300000e-02 |   9.821795e-01 |   9.745584e-01 |   9.903368e-01 |   9.894161e-01 |   1.548173e-01 |   5.453244e-03 |
|   5.400000e-02 |   9.821343e-01 |   9.745496e-01 |   9.903279e-01 |   9.894109e-01 |   1.540644e-01 |   5.411580e-03 |
|   5.500000e-02 |   9.820891e-01 |   9.745406e-01 |   9.903190e-01 |   9.894058e-01 |   1.533161e-01 |   5.370099e-03 |
|   5.600000e-02 |   9.820439e-01 |   9.745316e-01 |   9.903102e-01 |   9.894008e-01 |   1.525724e-01 |   5.328801e-03 |
|   5.700000e-02 |   9.819989e-01 |   9.745225e-01 |   9.903014e-01 |   9.893958e-01 |   1.518331e-01 |   5.287687e-03 |
|   5.800000e-02 |   9.819538e-01 |   9.745134e-01 |   9.902927e-01 |   9.893909e-01 |   1.510981e-01 |   5.246756e-03 |
|   5.900000e-02 |   9.819089e-01 |   9.745041e-01 |   9.902840e-01 |   9.893861e-01 |   1.503675e-01 |   5.206008e-03 |
|   6.000000e-02 |   9.818641e-01 |   9.744948e-01 |   9.902754e-01 |   9.893813e-01 |   1.496410e-01 |   5.165442e-03 |
|   6.100000e-02 |   9.818193e-01 |   9.744854e-01 |   9.902668e-01 |   9.893766e-01 |   1.489188e-01 |   5.125059e-03 |
|   6.200000e-02 |   9.817747e-01 |   9.744760e-01 |   9.902583e-01 |   9.893719e-01 |   1.482005e-01 |   5.084858e-03 |
|   6.300000e-02 |   9.817301e-01 |   9.744665e-01 |   9.902498e-01 |   9.893672e-01 |   1.474864e-01 |   5.044839e-03 |
|   6.400000e-02 |   9.816857e-01 |   9.744570e-01 |   9.902414e-01 |   9.893627e-01 |   1.467761e-01 |   5.005001e-03 |
|   6.500000e-02 |   9.816414e-01 |   9.744474e-01 |   9.902330e-01 |   9.893581e-01 |   1.460698e-01 |   4.965344e-03 |
|   6.600000e-02 |   9.815972e-01 |   9.744378e-01 |   9.902247e-01 |   9.893536e-01 |   1.453673e-01 |   4.925868e-03 |
|   6.700000e-02 |   9.815531e-01 |   9.744282e-01 |   9.902164e-01 |   9.893492e-01 |   1.446685e-01 |   4.886573e-03 |
+----------------+----------------+----------------+----------------+----------------+----------------+----------------+
+----------------+----------------+----------------+------------------+----------------+----------------+
| time           | mass           | mass_reaction  | outflow_gradient | platen_max     | platen_min     |
+----------------+----------------+----------------+------------------+----------------+----------------+
:                :                :                :                  :                :                :
|   5.300000e-02 |   1.578301e+00 |  -3.074178e-01 |     1.597201e-01 |  -4.385331e-02 |  -4.385331e-02 |
|   5.400000e-02 |   1.577995e+00 |  -3.056401e-01 |     1.588083e-01 |  -4.389536e-02 |  -4.389536e-02 |
|   5.500000e-02 |   1.577691e+00 |  -3.038884e-01 |     1.579094e-01 |  -4.393718e-02 |  -4.393718e-02 |
|   5.600000e-02 |   1.577389e+00 |  -3.021617e-01 |     1.570230e-01 |  -4.397875e-02 |  -4.397875e-02 |
|   5.700000e-02 |   1.577088e+00 |  -3.004589e-01 |     1.561483e-01 |  -4.402010e-02 |  -4.402010e-02 |
|   5.800000e-02 |   1.576790e+00 |  -2.987789e-01 |     1.552850e-01 |  -4.406122e-02 |  -4.406122e-02 |
|   5.900000e-02 |   1.576492e+00 |  -2.971208e-01 |     1.544326e-01 |  -4.410211e-02 |  -4.410211e-02 |
|   6.000000e-02 |   1.576197e+00 |  -2.954837e-01 |     1.535906e-01 |  -4.414278e-02 |  -4.414278e-02 |
|   6.100000e-02 |   1.575903e+00 |  -2.938666e-01 |     1.527585e-01 |  -4.418322e-02 |  -4.418322e-02 |
|   6.200000e-02 |   1.575611e+00 |  -2.922689e-01 |     1.519361e-01 |  -4.422346e-02 |  -4.422346e-02 |
|   6.300000e-02 |   1.575320e+00 |  -2.906898e-01 |     1.511230e-01 |  -4.426347e-02 |  -4.426347e-02 |
|   6.400000e-02 |   1.575031e+00 |  -2.891284e-01 |     1.503186e-01 |  -4.430328e-02 |  -4.430328e-02 |
|   6.500000e-02 |   1.574743e+00 |  -2.875842e-01 |     1.495229e-01 |  -4.434287e-02 |  -4.434287e-02 |
|   6.600000e-02 |   1.574457e+00 |  -2.860564e-01 |     1.487353e-01 |  -4.438226e-02 |  -4.438226e-02 |
|   6.700000e-02 |   1.574173e+00 |  -2.845446e-01 |     1.479557e-01 |  -4.442144e-02 |  -4.442144e-02 |
+----------------+----------------+----------------+------------------+----------------+----------------+
+----------------+--------------------+--------------------+----------------+----------------+----------------+
| time           | solid_fraction_max | solid_fraction_min | stability_max  | stability_min  | top_reaction   |
+----------------+--------------------+--------------------+----------------+----------------+----------------+
:                :                    :                    :                :                :                :
|   5.300000e-02 |       6.091549e-01 |       6.044216e-01 |   2.810650e+01 |   2.800326e+01 |  -1.400000e+00 |
|   5.400000e-02 |       6.091585e-01 |       6.044462e-01 |   2.810606e+01 |   2.800324e+01 |  -1.400000e+00 |
|   5.500000e-02 |       6.091621e-01 |       6.044709e-01 |   2.810562e+01 |   2.800322e+01 |  -1.400000e+00 |
|   5.600000e-02 |       6.091658e-01 |       6.044956e-01 |   2.810518e+01 |   2.800321e+01 |  -1.400000e+00 |
|   5.700000e-02 |       6.091695e-01 |       6.045203e-01 |   2.810473e+01 |   2.800319e+01 |  -1.400000e+00 |
|   5.800000e-02 |       6.091732e-01 |       6.045450e-01 |   2.810429e+01 |   2.800317e+01 |  -1.400000e+00 |
|   5.900000e-02 |       6.091770e-01 |       6.045696e-01 |   2.810384e+01 |   2.800315e+01 |  -1.400000e+00 |
|   6.000000e-02 |       6.091808e-01 |       6.045943e-01 |   2.810340e+01 |   2.800314e+01 |  -1.400000e+00 |
|   6.100000e-02 |       6.091845e-01 |       6.046189e-01 |   2.810295e+01 |   2.800312e+01 |  -1.400000e+00 |
|   6.200000e-02 |       6.091884e-01 |       6.046436e-01 |   2.810250e+01 |   2.800310e+01 |  -1.400000e+00 |
|   6.300000e-02 |       6.091922e-01 |       6.046681e-01 |   2.810205e+01 |   2.800309e+01 |  -1.400000e+00 |
|   6.400000e-02 |       6.091960e-01 |       6.046927e-01 |   2.810161e+01 |   2.800307e+01 |  -1.400000e+00 |
|   6.500000e-02 |       6.091999e-01 |       6.047172e-01 |   2.810116e+01 |   2.800305e+01 |  -1.400000e+00 |
|   6.600000e-02 |       6.092037e-01 |       6.047417e-01 |   2.810071e+01 |   2.800304e+01 |  -1.400000e+00 |
|   6.700000e-02 |       6.092076e-01 |       6.047661e-01 |   2.810026e+01 |   2.800302e+01 |  -1.400000e+00 |
+----------------+--------------------+--------------------+----------------+----------------+----------------+


Time Step 68, time = 0.068, dt = 0.001
 * Nonlinear |R| = [32m2.302212e-02[39m (Before preset BCs, predictors, correctors, and constraints)
 0 Nonlinear |R| = [32m2.302212e-02[39m
      0 Linear |R| = [32m2.302212e-02[39m
      1 Linear |R| = [32m1.440779e-03[39m
      2 Linear |R| = [33m1.413181e-03[39m
      3 Linear |R| = [32m4.197576e-04[39m
      4 Linear |R| = [32m3.540694e-05[39m
      5 Linear |R| = [32m1.705063e-05[39m
      6 Linear |R| = [32m5.979605e-06[39m
      7 Linear |R| = [32m3.804765e-06[39m
      8 Linear |R| = [32m1.037641e-06[39m
      9 Linear |R| = [32m5.242645e-07[39m
     10 Linear |R| = [32m4.285704e-07[39m
     11 Linear |R| = [32m2.804362e-07[39m
     12 Linear |R| = [32m5.078051e-08[39m
     13 Linear |R| = [32m3.392389e-08[39m
     14 Linear |R| = [32m8.724403e-09[39m
     15 Linear |R| = [32m7.490209e-09[39m
     16 Linear |R| = [32m3.817540e-09[39m
     17 Linear |R| = [32m1.879799e-09[39m
     18 Linear |R| = [32m4.430479e-10[39m
     19 Linear |R| = [32m2.765753e-10[39m
     20 Linear |R| = [32m2.354463e-10[39m
     21 Linear |R| = [32m8.780010e-11[39m
     22 Linear |R| = [32m3.949804e-11[39m
     23 Linear |R| = [32m2.280016e-11[39m
 1 Nonlinear |R| = [32m1.739124e-06[39m
      0 Linear |R| = [32m1.739124e-06[39m
      1 Linear |R| = [32m5.759727e-08[39m
      2 Linear |R| = [32m5.135474e-08[39m
      3 Linear |R| = [32m1.319361e-08[39m
      4 Linear |R| = [32m1.133294e-09[39m
      5 Linear |R| = [32m1.017783e-09[39m
      6 Linear |R| = [32m2.103513e-10[39m
      7 Linear |R| = [32m1.298897e-10[39m
      8 Linear |R| = [32m3.608704e-11[39m
      9 Linear |R| = [32m2.025373e-11[39m
     10 Linear |R| = [33m1.996416e-11[39m
     11 Linear |R| = [32m9.826141e-12[39m
     12 Linear |R| = [32m2.119827e-12[39m
     13 Linear |R| = [32m1.432603e-12[39m
     14 Linear |R| = [32m3.415713e-13[39m
     15 Linear |R| = [33m3.385390e-13[39m
     16 Linear |R| = [32m1.745414e-13[39m
     17 Linear |R| = [32m7.487836e-14[39m
     18 Linear |R| = [32m2.151201e-14[39m
     19 Linear |R| = [32m1.300002e-14[39m
     20 Linear |R| = [32m1.200516e-14[39m
     21 Linear |R| = [32m3.446862e-15[39m
     22 Linear |R| = [32m1.668246e-15[39m
 2 Nonlinear |R| = [32m3.353868e-12[39m
[32m Solve Converged![39m

Postprocessor Values:
+----------------+----------------+----------------+----------------+----------------+----------------+----------------+
| time           | J_max          | J_min          | Jbar_max       | Jbar_min       | center_pressure| edge_ux        |
+----------------+----------------+----------------+----------------+----------------+----------------+----------------+
:                :                :                :                :                :                :                :
|   5.400000e-02 |   9.821343e-01 |   9.745496e-01 |   9.903279e-01 |   9.894109e-01 |   1.540644e-01 |   5.411580e-03 |
|   5.500000e-02 |   9.820891e-01 |   9.745406e-01 |   9.903190e-01 |   9.894058e-01 |   1.533161e-01 |   5.370099e-03 |
|   5.600000e-02 |   9.820439e-01 |   9.745316e-01 |   9.903102e-01 |   9.894008e-01 |   1.525724e-01 |   5.328801e-03 |
|   5.700000e-02 |   9.819989e-01 |   9.745225e-01 |   9.903014e-01 |   9.893958e-01 |   1.518331e-01 |   5.287687e-03 |
|   5.800000e-02 |   9.819538e-01 |   9.745134e-01 |   9.902927e-01 |   9.893909e-01 |   1.510981e-01 |   5.246756e-03 |
|   5.900000e-02 |   9.819089e-01 |   9.745041e-01 |   9.902840e-01 |   9.893861e-01 |   1.503675e-01 |   5.206008e-03 |
|   6.000000e-02 |   9.818641e-01 |   9.744948e-01 |   9.902754e-01 |   9.893813e-01 |   1.496410e-01 |   5.165442e-03 |
|   6.100000e-02 |   9.818193e-01 |   9.744854e-01 |   9.902668e-01 |   9.893766e-01 |   1.489188e-01 |   5.125059e-03 |
|   6.200000e-02 |   9.817747e-01 |   9.744760e-01 |   9.902583e-01 |   9.893719e-01 |   1.482005e-01 |   5.084858e-03 |
|   6.300000e-02 |   9.817301e-01 |   9.744665e-01 |   9.902498e-01 |   9.893672e-01 |   1.474864e-01 |   5.044839e-03 |
|   6.400000e-02 |   9.816857e-01 |   9.744570e-01 |   9.902414e-01 |   9.893627e-01 |   1.467761e-01 |   5.005001e-03 |
|   6.500000e-02 |   9.816414e-01 |   9.744474e-01 |   9.902330e-01 |   9.893581e-01 |   1.460698e-01 |   4.965344e-03 |
|   6.600000e-02 |   9.815972e-01 |   9.744378e-01 |   9.902247e-01 |   9.893536e-01 |   1.453673e-01 |   4.925868e-03 |
|   6.700000e-02 |   9.815531e-01 |   9.744282e-01 |   9.902164e-01 |   9.893492e-01 |   1.446685e-01 |   4.886573e-03 |
|   6.800000e-02 |   9.815092e-01 |   9.744185e-01 |   9.902082e-01 |   9.893448e-01 |   1.439736e-01 |   4.847456e-03 |
+----------------+----------------+----------------+----------------+----------------+----------------+----------------+
+----------------+----------------+----------------+------------------+----------------+----------------+
| time           | mass           | mass_reaction  | outflow_gradient | platen_max     | platen_min     |
+----------------+----------------+----------------+------------------+----------------+----------------+
:                :                :                :                  :                :                :
|   5.400000e-02 |   1.577995e+00 |  -3.056401e-01 |     1.588083e-01 |  -4.389536e-02 |  -4.389536e-02 |
|   5.500000e-02 |   1.577691e+00 |  -3.038884e-01 |     1.579094e-01 |  -4.393718e-02 |  -4.393718e-02 |
|   5.600000e-02 |   1.577389e+00 |  -3.021617e-01 |     1.570230e-01 |  -4.397875e-02 |  -4.397875e-02 |
|   5.700000e-02 |   1.577088e+00 |  -3.004589e-01 |     1.561483e-01 |  -4.402010e-02 |  -4.402010e-02 |
|   5.800000e-02 |   1.576790e+00 |  -2.987789e-01 |     1.552850e-01 |  -4.406122e-02 |  -4.406122e-02 |
|   5.900000e-02 |   1.576492e+00 |  -2.971208e-01 |     1.544326e-01 |  -4.410211e-02 |  -4.410211e-02 |
|   6.000000e-02 |   1.576197e+00 |  -2.954837e-01 |     1.535906e-01 |  -4.414278e-02 |  -4.414278e-02 |
|   6.100000e-02 |   1.575903e+00 |  -2.938666e-01 |     1.527585e-01 |  -4.418322e-02 |  -4.418322e-02 |
|   6.200000e-02 |   1.575611e+00 |  -2.922689e-01 |     1.519361e-01 |  -4.422346e-02 |  -4.422346e-02 |
|   6.300000e-02 |   1.575320e+00 |  -2.906898e-01 |     1.511230e-01 |  -4.426347e-02 |  -4.426347e-02 |
|   6.400000e-02 |   1.575031e+00 |  -2.891284e-01 |     1.503186e-01 |  -4.430328e-02 |  -4.430328e-02 |
|   6.500000e-02 |   1.574743e+00 |  -2.875842e-01 |     1.495229e-01 |  -4.434287e-02 |  -4.434287e-02 |
|   6.600000e-02 |   1.574457e+00 |  -2.860564e-01 |     1.487353e-01 |  -4.438226e-02 |  -4.438226e-02 |
|   6.700000e-02 |   1.574173e+00 |  -2.845446e-01 |     1.479557e-01 |  -4.442144e-02 |  -4.442144e-02 |
|   6.800000e-02 |   1.573890e+00 |  -2.830480e-01 |     1.471838e-01 |  -4.446042e-02 |  -4.446042e-02 |
+----------------+----------------+----------------+------------------+----------------+----------------+
+----------------+--------------------+--------------------+----------------+----------------+----------------+
| time           | solid_fraction_max | solid_fraction_min | stability_max  | stability_min  | top_reaction   |
+----------------+--------------------+--------------------+----------------+----------------+----------------+
:                :                    :                    :                :                :                :
|   5.400000e-02 |       6.091585e-01 |       6.044462e-01 |   2.810606e+01 |   2.800324e+01 |  -1.400000e+00 |
|   5.500000e-02 |       6.091621e-01 |       6.044709e-01 |   2.810562e+01 |   2.800322e+01 |  -1.400000e+00 |
|   5.600000e-02 |       6.091658e-01 |       6.044956e-01 |   2.810518e+01 |   2.800321e+01 |  -1.400000e+00 |
|   5.700000e-02 |       6.091695e-01 |       6.045203e-01 |   2.810473e+01 |   2.800319e+01 |  -1.400000e+00 |
|   5.800000e-02 |       6.091732e-01 |       6.045450e-01 |   2.810429e+01 |   2.800317e+01 |  -1.400000e+00 |
|   5.900000e-02 |       6.091770e-01 |       6.045696e-01 |   2.810384e+01 |   2.800315e+01 |  -1.400000e+00 |
|   6.000000e-02 |       6.091808e-01 |       6.045943e-01 |   2.810340e+01 |   2.800314e+01 |  -1.400000e+00 |
|   6.100000e-02 |       6.091845e-01 |       6.046189e-01 |   2.810295e+01 |   2.800312e+01 |  -1.400000e+00 |
|   6.200000e-02 |       6.091884e-01 |       6.046436e-01 |   2.810250e+01 |   2.800310e+01 |  -1.400000e+00 |
|   6.300000e-02 |       6.091922e-01 |       6.046681e-01 |   2.810205e+01 |   2.800309e+01 |  -1.400000e+00 |
|   6.400000e-02 |       6.091960e-01 |       6.046927e-01 |   2.810161e+01 |   2.800307e+01 |  -1.400000e+00 |
|   6.500000e-02 |       6.091999e-01 |       6.047172e-01 |   2.810116e+01 |   2.800305e+01 |  -1.400000e+00 |
|   6.600000e-02 |       6.092037e-01 |       6.047417e-01 |   2.810071e+01 |   2.800304e+01 |  -1.400000e+00 |
|   6.700000e-02 |       6.092076e-01 |       6.047661e-01 |   2.810026e+01 |   2.800302e+01 |  -1.400000e+00 |
|   6.800000e-02 |       6.092115e-01 |       6.047905e-01 |   2.809982e+01 |   2.800301e+01 |  -1.400000e+00 |
+----------------+--------------------+--------------------+----------------+----------------+----------------+


Time Step 69, time = 0.069, dt = 0.001
 * Nonlinear |R| = [32m2.290636e-02[39m (Before preset BCs, predictors, correctors, and constraints)
 0 Nonlinear |R| = [32m2.290636e-02[39m
      0 Linear |R| = [32m2.290636e-02[39m
      1 Linear |R| = [32m1.433413e-03[39m
      2 Linear |R| = [33m1.405962e-03[39m
      3 Linear |R| = [32m4.175108e-04[39m
      4 Linear |R| = [32m3.521265e-05[39m
      5 Linear |R| = [32m1.802134e-05[39m
      6 Linear |R| = [32m5.941542e-06[39m
      7 Linear |R| = [32m3.780416e-06[39m
      8 Linear |R| = [32m1.031203e-06[39m
      9 Linear |R| = [32m5.211877e-07[39m
     10 Linear |R| = [32m4.464194e-07[39m
     11 Linear |R| = [32m2.787840e-07[39m
     12 Linear |R| = [32m5.036611e-08[39m
     13 Linear |R| = [32m3.363246e-08[39m
     14 Linear |R| = [32m8.671525e-09[39m
     15 Linear |R| = [32m7.592854e-09[39m
     16 Linear |R| = [32m3.780407e-09[39m
     17 Linear |R| = [32m1.862110e-09[39m
     18 Linear |R| = [32m4.364941e-10[39m
     19 Linear |R| = [32m2.725742e-10[39m
     20 Linear |R| = [32m2.384493e-10[39m
     21 Linear |R| = [32m8.654553e-11[39m
     22 Linear |R| = [32m3.896279e-11[39m
     23 Linear |R| = [32m2.252172e-11[39m
 1 Nonlinear |R| = [32m1.721755e-06[39m
      0 Linear |R| = [32m1.721755e-06[39m
      1 Linear |R| = [32m5.862465e-08[39m
      2 Linear |R| = [32m4.907057e-08[39m
      3 Linear |R| = [32m1.266451e-08[39m
      4 Linear |R| = [32m1.092981e-09[39m
      5 Linear |R| = [32m9.801313e-10[39m
      6 Linear |R| = [32m2.300938e-10[39m
      7 Linear |R| = [32m1.388681e-10[39m
      8 Linear |R| = [32m3.539490e-11[39m
      9 Linear |R| = [32m1.919905e-11[39m
     10 Linear |R| = [33m1.880744e-11[39m
     11 Linear |R| = [32m9.353120e-12[39m
     12 Linear |R| = [32m1.778544e-12[39m
     13 Linear |R| = [32m1.211616e-12[39m
     14 Linear |R| = [32m3.046459e-13[39m
     15 Linear |R| = [33m3.011176e-13[39m
     16 Linear |R| = [32m1.353101e-13[39m
     17 Linear |R| = [32m6.377757e-14[39m
     18 Linear |R| = [32m1.751545e-14[39m
     19 Linear |R| = [32m1.107692e-14[39m
     20 Linear |R| = [33m1.053707e-14[39m
     21 Linear |R| = [32m3.142864e-15[39m
     22 Linear |R| = [32m1.302876e-15[39m
 2 Nonlinear |R| = [32m3.175725e-12[39m
[32m Solve Converged![39m

Postprocessor Values:
+----------------+----------------+----------------+----------------+----------------+----------------+----------------+
| time           | J_max          | J_min          | Jbar_max       | Jbar_min       | center_pressure| edge_ux        |
+----------------+----------------+----------------+----------------+----------------+----------------+----------------+
:                :                :                :                :                :                :                :
|   5.500000e-02 |   9.820891e-01 |   9.745406e-01 |   9.903190e-01 |   9.894058e-01 |   1.533161e-01 |   5.370099e-03 |
|   5.600000e-02 |   9.820439e-01 |   9.745316e-01 |   9.903102e-01 |   9.894008e-01 |   1.525724e-01 |   5.328801e-03 |
|   5.700000e-02 |   9.819989e-01 |   9.745225e-01 |   9.903014e-01 |   9.893958e-01 |   1.518331e-01 |   5.287687e-03 |
|   5.800000e-02 |   9.819538e-01 |   9.745134e-01 |   9.902927e-01 |   9.893909e-01 |   1.510981e-01 |   5.246756e-03 |
|   5.900000e-02 |   9.819089e-01 |   9.745041e-01 |   9.902840e-01 |   9.893861e-01 |   1.503675e-01 |   5.206008e-03 |
|   6.000000e-02 |   9.818641e-01 |   9.744948e-01 |   9.902754e-01 |   9.893813e-01 |   1.496410e-01 |   5.165442e-03 |
|   6.100000e-02 |   9.818193e-01 |   9.744854e-01 |   9.902668e-01 |   9.893766e-01 |   1.489188e-01 |   5.125059e-03 |
|   6.200000e-02 |   9.817747e-01 |   9.744760e-01 |   9.902583e-01 |   9.893719e-01 |   1.482005e-01 |   5.084858e-03 |
|   6.300000e-02 |   9.817301e-01 |   9.744665e-01 |   9.902498e-01 |   9.893672e-01 |   1.474864e-01 |   5.044839e-03 |
|   6.400000e-02 |   9.816857e-01 |   9.744570e-01 |   9.902414e-01 |   9.893627e-01 |   1.467761e-01 |   5.005001e-03 |
|   6.500000e-02 |   9.816414e-01 |   9.744474e-01 |   9.902330e-01 |   9.893581e-01 |   1.460698e-01 |   4.965344e-03 |
|   6.600000e-02 |   9.815972e-01 |   9.744378e-01 |   9.902247e-01 |   9.893536e-01 |   1.453673e-01 |   4.925868e-03 |
|   6.700000e-02 |   9.815531e-01 |   9.744282e-01 |   9.902164e-01 |   9.893492e-01 |   1.446685e-01 |   4.886573e-03 |
|   6.800000e-02 |   9.815092e-01 |   9.744185e-01 |   9.902082e-01 |   9.893448e-01 |   1.439736e-01 |   4.847456e-03 |
|   6.900000e-02 |   9.814654e-01 |   9.744089e-01 |   9.902000e-01 |   9.893404e-01 |   1.432823e-01 |   4.808520e-03 |
+----------------+----------------+----------------+----------------+----------------+----------------+----------------+
+----------------+----------------+----------------+------------------+----------------+----------------+
| time           | mass           | mass_reaction  | outflow_gradient | platen_max     | platen_min     |
+----------------+----------------+----------------+------------------+----------------+----------------+
:                :                :                :                  :                :                :
|   5.500000e-02 |   1.577691e+00 |  -3.038884e-01 |     1.579094e-01 |  -4.393718e-02 |  -4.393718e-02 |
|   5.600000e-02 |   1.577389e+00 |  -3.021617e-01 |     1.570230e-01 |  -4.397875e-02 |  -4.397875e-02 |
|   5.700000e-02 |   1.577088e+00 |  -3.004589e-01 |     1.561483e-01 |  -4.402010e-02 |  -4.402010e-02 |
|   5.800000e-02 |   1.576790e+00 |  -2.987789e-01 |     1.552850e-01 |  -4.406122e-02 |  -4.406122e-02 |
|   5.900000e-02 |   1.576492e+00 |  -2.971208e-01 |     1.544326e-01 |  -4.410211e-02 |  -4.410211e-02 |
|   6.000000e-02 |   1.576197e+00 |  -2.954837e-01 |     1.535906e-01 |  -4.414278e-02 |  -4.414278e-02 |
|   6.100000e-02 |   1.575903e+00 |  -2.938666e-01 |     1.527585e-01 |  -4.418322e-02 |  -4.418322e-02 |
|   6.200000e-02 |   1.575611e+00 |  -2.922689e-01 |     1.519361e-01 |  -4.422346e-02 |  -4.422346e-02 |
|   6.300000e-02 |   1.575320e+00 |  -2.906898e-01 |     1.511230e-01 |  -4.426347e-02 |  -4.426347e-02 |
|   6.400000e-02 |   1.575031e+00 |  -2.891284e-01 |     1.503186e-01 |  -4.430328e-02 |  -4.430328e-02 |
|   6.500000e-02 |   1.574743e+00 |  -2.875842e-01 |     1.495229e-01 |  -4.434287e-02 |  -4.434287e-02 |
|   6.600000e-02 |   1.574457e+00 |  -2.860564e-01 |     1.487353e-01 |  -4.438226e-02 |  -4.438226e-02 |
|   6.700000e-02 |   1.574173e+00 |  -2.845446e-01 |     1.479557e-01 |  -4.442144e-02 |  -4.442144e-02 |
|   6.800000e-02 |   1.573890e+00 |  -2.830480e-01 |     1.471838e-01 |  -4.446042e-02 |  -4.446042e-02 |
|   6.900000e-02 |   1.573608e+00 |  -2.815662e-01 |     1.464192e-01 |  -4.449920e-02 |  -4.449920e-02 |
+----------------+----------------+----------------+------------------+----------------+----------------+
+----------------+--------------------+--------------------+----------------+----------------+----------------+
| time           | solid_fraction_max | solid_fraction_min | stability_max  | stability_min  | top_reaction   |
+----------------+--------------------+--------------------+----------------+----------------+----------------+
:                :                    :                    :                :                :                :
|   5.500000e-02 |       6.091621e-01 |       6.044709e-01 |   2.810562e+01 |   2.800322e+01 |  -1.400000e+00 |
|   5.600000e-02 |       6.091658e-01 |       6.044956e-01 |   2.810518e+01 |   2.800321e+01 |  -1.400000e+00 |
|   5.700000e-02 |       6.091695e-01 |       6.045203e-01 |   2.810473e+01 |   2.800319e+01 |  -1.400000e+00 |
|   5.800000e-02 |       6.091732e-01 |       6.045450e-01 |   2.810429e+01 |   2.800317e+01 |  -1.400000e+00 |
|   5.900000e-02 |       6.091770e-01 |       6.045696e-01 |   2.810384e+01 |   2.800315e+01 |  -1.400000e+00 |
|   6.000000e-02 |       6.091808e-01 |       6.045943e-01 |   2.810340e+01 |   2.800314e+01 |  -1.400000e+00 |
|   6.100000e-02 |       6.091845e-01 |       6.046189e-01 |   2.810295e+01 |   2.800312e+01 |  -1.400000e+00 |
|   6.200000e-02 |       6.091884e-01 |       6.046436e-01 |   2.810250e+01 |   2.800310e+01 |  -1.400000e+00 |
|   6.300000e-02 |       6.091922e-01 |       6.046681e-01 |   2.810205e+01 |   2.800309e+01 |  -1.400000e+00 |
|   6.400000e-02 |       6.091960e-01 |       6.046927e-01 |   2.810161e+01 |   2.800307e+01 |  -1.400000e+00 |
|   6.500000e-02 |       6.091999e-01 |       6.047172e-01 |   2.810116e+01 |   2.800305e+01 |  -1.400000e+00 |
|   6.600000e-02 |       6.092037e-01 |       6.047417e-01 |   2.810071e+01 |   2.800304e+01 |  -1.400000e+00 |
|   6.700000e-02 |       6.092076e-01 |       6.047661e-01 |   2.810026e+01 |   2.800302e+01 |  -1.400000e+00 |
|   6.800000e-02 |       6.092115e-01 |       6.047905e-01 |   2.809982e+01 |   2.800301e+01 |  -1.400000e+00 |
|   6.900000e-02 |       6.092153e-01 |       6.048148e-01 |   2.809937e+01 |   2.800299e+01 |  -1.400000e+00 |
+----------------+--------------------+--------------------+----------------+----------------+----------------+


Time Step 70, time = 0.07, dt = 0.001
 * Nonlinear |R| = [32m2.279159e-02[39m (Before preset BCs, predictors, correctors, and constraints)
 0 Nonlinear |R| = [32m2.279159e-02[39m
      0 Linear |R| = [32m2.279159e-02[39m
      1 Linear |R| = [32m1.426094e-03[39m
      2 Linear |R| = [33m1.398777e-03[39m
      3 Linear |R| = [32m4.153699e-04[39m
      4 Linear |R| = [32m3.503693e-05[39m
      5 Linear |R| = [32m1.783246e-05[39m
      6 Linear |R| = [32m5.904609e-06[39m
      7 Linear |R| = [32m3.756595e-06[39m
      8 Linear |R| = [32m1.024886e-06[39m
      9 Linear |R| = [32m5.177813e-07[39m
     10 Linear |R| = [32m4.406201e-07[39m
     11 Linear |R| = [32m2.770005e-07[39m
     12 Linear |R| = [32m4.996539e-08[39m
     13 Linear |R| = [32m3.335135e-08[39m
     14 Linear |R| = [32m8.584914e-09[39m
     15 Linear |R| = [32m7.247036e-09[39m
     16 Linear |R| = [32m3.744545e-09[39m
     17 Linear |R| = [32m1.844997e-09[39m
     18 Linear |R| = [32m4.302108e-10[39m
     19 Linear |R| = [32m2.682034e-10[39m
     20 Linear |R| = [32m2.207785e-10[39m
     21 Linear |R| = [32m8.530032e-11[39m
     22 Linear |R| = [32m3.843970e-11[39m
     23 Linear |R| = [32m2.224816e-11[39m
 1 Nonlinear |R| = [32m1.706378e-06[39m
      0 Linear |R| = [32m1.706378e-06[39m
      1 Linear |R| = [32m5.730778e-08[39m
      2 Linear |R| = [32m5.002144e-08[39m
      3 Linear |R| = [32m1.285364e-08[39m
      4 Linear |R| = [32m1.102229e-09[39m
      5 Linear |R| = [32m9.880856e-10[39m
      6 Linear |R| = [32m1.990768e-10[39m
      7 Linear |R| = [32m1.233329e-10[39m
      8 Linear |R| = [32m3.500982e-11[39m
      9 Linear |R| = [32m1.942371e-11[39m
     10 Linear |R| = [33m1.901010e-11[39m
     11 Linear |R| = [32m9.744127e-12[39m
     12 Linear |R| = [32m2.026947e-12[39m
     13 Linear |R| = [32m1.378945e-12[39m
     14 Linear |R| = [32m3.342829e-13[39m
     15 Linear |R| = [33m3.326301e-13[39m
     16 Linear |R| = [32m1.699480e-13[39m
     17 Linear |R| = [32m6.950941e-14[39m
     18 Linear |R| = [32m2.004606e-14[39m
     19 Linear |R| = [32m1.126894e-14[39m
     20 Linear |R| = [33m1.096472e-14[39m
     21 Linear |R| = [32m2.622853e-15[39m
     22 Linear |R| = [32m1.546866e-15[39m
 2 Nonlinear |R| = [32m3.179160e-12[39m
[32m Solve Converged![39m

Postprocessor Values:
+----------------+----------------+----------------+----------------+----------------+----------------+----------------+
| time           | J_max          | J_min          | Jbar_max       | Jbar_min       | center_pressure| edge_ux        |
+----------------+----------------+----------------+----------------+----------------+----------------+----------------+
:                :                :                :                :                :                :                :
|   5.600000e-02 |   9.820439e-01 |   9.745316e-01 |   9.903102e-01 |   9.894008e-01 |   1.525724e-01 |   5.328801e-03 |
|   5.700000e-02 |   9.819989e-01 |   9.745225e-01 |   9.903014e-01 |   9.893958e-01 |   1.518331e-01 |   5.287687e-03 |
|   5.800000e-02 |   9.819538e-01 |   9.745134e-01 |   9.902927e-01 |   9.893909e-01 |   1.510981e-01 |   5.246756e-03 |
|   5.900000e-02 |   9.819089e-01 |   9.745041e-01 |   9.902840e-01 |   9.893861e-01 |   1.503675e-01 |   5.206008e-03 |
|   6.000000e-02 |   9.818641e-01 |   9.744948e-01 |   9.902754e-01 |   9.893813e-01 |   1.496410e-01 |   5.165442e-03 |
|   6.100000e-02 |   9.818193e-01 |   9.744854e-01 |   9.902668e-01 |   9.893766e-01 |   1.489188e-01 |   5.125059e-03 |
|   6.200000e-02 |   9.817747e-01 |   9.744760e-01 |   9.902583e-01 |   9.893719e-01 |   1.482005e-01 |   5.084858e-03 |
|   6.300000e-02 |   9.817301e-01 |   9.744665e-01 |   9.902498e-01 |   9.893672e-01 |   1.474864e-01 |   5.044839e-03 |
|   6.400000e-02 |   9.816857e-01 |   9.744570e-01 |   9.902414e-01 |   9.893627e-01 |   1.467761e-01 |   5.005001e-03 |
|   6.500000e-02 |   9.816414e-01 |   9.744474e-01 |   9.902330e-01 |   9.893581e-01 |   1.460698e-01 |   4.965344e-03 |
|   6.600000e-02 |   9.815972e-01 |   9.744378e-01 |   9.902247e-01 |   9.893536e-01 |   1.453673e-01 |   4.925868e-03 |
|   6.700000e-02 |   9.815531e-01 |   9.744282e-01 |   9.902164e-01 |   9.893492e-01 |   1.446685e-01 |   4.886573e-03 |
|   6.800000e-02 |   9.815092e-01 |   9.744185e-01 |   9.902082e-01 |   9.893448e-01 |   1.439736e-01 |   4.847456e-03 |
|   6.900000e-02 |   9.814654e-01 |   9.744089e-01 |   9.902000e-01 |   9.893404e-01 |   1.432823e-01 |   4.808520e-03 |
|   7.000000e-02 |   9.814217e-01 |   9.743992e-01 |   9.901918e-01 |   9.893361e-01 |   1.425947e-01 |   4.769762e-03 |
+----------------+----------------+----------------+----------------+----------------+----------------+----------------+
+----------------+----------------+----------------+------------------+----------------+----------------+
| time           | mass           | mass_reaction  | outflow_gradient | platen_max     | platen_min     |
+----------------+----------------+----------------+------------------+----------------+----------------+
:                :                :                :                  :                :                :
|   5.600000e-02 |   1.577389e+00 |  -3.021617e-01 |     1.570230e-01 |  -4.397875e-02 |  -4.397875e-02 |
|   5.700000e-02 |   1.577088e+00 |  -3.004589e-01 |     1.561483e-01 |  -4.402010e-02 |  -4.402010e-02 |
|   5.800000e-02 |   1.576790e+00 |  -2.987789e-01 |     1.552850e-01 |  -4.406122e-02 |  -4.406122e-02 |
|   5.900000e-02 |   1.576492e+00 |  -2.971208e-01 |     1.544326e-01 |  -4.410211e-02 |  -4.410211e-02 |
|   6.000000e-02 |   1.576197e+00 |  -2.954837e-01 |     1.535906e-01 |  -4.414278e-02 |  -4.414278e-02 |
|   6.100000e-02 |   1.575903e+00 |  -2.938666e-01 |     1.527585e-01 |  -4.418322e-02 |  -4.418322e-02 |
|   6.200000e-02 |   1.575611e+00 |  -2.922689e-01 |     1.519361e-01 |  -4.422346e-02 |  -4.422346e-02 |
|   6.300000e-02 |   1.575320e+00 |  -2.906898e-01 |     1.511230e-01 |  -4.426347e-02 |  -4.426347e-02 |
|   6.400000e-02 |   1.575031e+00 |  -2.891284e-01 |     1.503186e-01 |  -4.430328e-02 |  -4.430328e-02 |
|   6.500000e-02 |   1.574743e+00 |  -2.875842e-01 |     1.495229e-01 |  -4.434287e-02 |  -4.434287e-02 |
|   6.600000e-02 |   1.574457e+00 |  -2.860564e-01 |     1.487353e-01 |  -4.438226e-02 |  -4.438226e-02 |
|   6.700000e-02 |   1.574173e+00 |  -2.845446e-01 |     1.479557e-01 |  -4.442144e-02 |  -4.442144e-02 |
|   6.800000e-02 |   1.573890e+00 |  -2.830480e-01 |     1.471838e-01 |  -4.446042e-02 |  -4.446042e-02 |
|   6.900000e-02 |   1.573608e+00 |  -2.815662e-01 |     1.464192e-01 |  -4.449920e-02 |  -4.449920e-02 |
|   7.000000e-02 |   1.573328e+00 |  -2.800986e-01 |     1.456617e-01 |  -4.453777e-02 |  -4.453777e-02 |
+----------------+----------------+----------------+------------------+----------------+----------------+
+----------------+--------------------+--------------------+----------------+----------------+----------------+
| time           | solid_fraction_max | solid_fraction_min | stability_max  | stability_min  | top_reaction   |
+----------------+--------------------+--------------------+----------------+----------------+----------------+
:                :                    :                    :                :                :                :
|   5.600000e-02 |       6.091658e-01 |       6.044956e-01 |   2.810518e+01 |   2.800321e+01 |  -1.400000e+00 |
|   5.700000e-02 |       6.091695e-01 |       6.045203e-01 |   2.810473e+01 |   2.800319e+01 |  -1.400000e+00 |
|   5.800000e-02 |       6.091732e-01 |       6.045450e-01 |   2.810429e+01 |   2.800317e+01 |  -1.400000e+00 |
|   5.900000e-02 |       6.091770e-01 |       6.045696e-01 |   2.810384e+01 |   2.800315e+01 |  -1.400000e+00 |
|   6.000000e-02 |       6.091808e-01 |       6.045943e-01 |   2.810340e+01 |   2.800314e+01 |  -1.400000e+00 |
|   6.100000e-02 |       6.091845e-01 |       6.046189e-01 |   2.810295e+01 |   2.800312e+01 |  -1.400000e+00 |
|   6.200000e-02 |       6.091884e-01 |       6.046436e-01 |   2.810250e+01 |   2.800310e+01 |  -1.400000e+00 |
|   6.300000e-02 |       6.091922e-01 |       6.046681e-01 |   2.810205e+01 |   2.800309e+01 |  -1.400000e+00 |
|   6.400000e-02 |       6.091960e-01 |       6.046927e-01 |   2.810161e+01 |   2.800307e+01 |  -1.400000e+00 |
|   6.500000e-02 |       6.091999e-01 |       6.047172e-01 |   2.810116e+01 |   2.800305e+01 |  -1.400000e+00 |
|   6.600000e-02 |       6.092037e-01 |       6.047417e-01 |   2.810071e+01 |   2.800304e+01 |  -1.400000e+00 |
|   6.700000e-02 |       6.092076e-01 |       6.047661e-01 |   2.810026e+01 |   2.800302e+01 |  -1.400000e+00 |
|   6.800000e-02 |       6.092115e-01 |       6.047905e-01 |   2.809982e+01 |   2.800301e+01 |  -1.400000e+00 |
|   6.900000e-02 |       6.092153e-01 |       6.048148e-01 |   2.809937e+01 |   2.800299e+01 |  -1.400000e+00 |
|   7.000000e-02 |       6.092192e-01 |       6.048390e-01 |   2.809892e+01 |   2.800297e+01 |  -1.400000e+00 |
+----------------+--------------------+--------------------+----------------+----------------+----------------+


Time Step 71, time = 0.071, dt = 0.001
 * Nonlinear |R| = [32m2.267777e-02[39m (Before preset BCs, predictors, correctors, and constraints)
 0 Nonlinear |R| = [32m2.267777e-02[39m
      0 Linear |R| = [32m2.267777e-02[39m
      1 Linear |R| = [32m1.418853e-03[39m
      2 Linear |R| = [33m1.391671e-03[39m
      3 Linear |R| = [32m4.132207e-04[39m
      4 Linear |R| = [32m3.483848e-05[39m
      5 Linear |R| = [32m1.691375e-05[39m
      6 Linear |R| = [32m5.867904e-06[39m
      7 Linear |R| = [32m3.733180e-06[39m
      8 Linear |R| = [32m1.018680e-06[39m
      9 Linear |R| = [32m5.142306e-07[39m
     10 Linear |R| = [32m4.239324e-07[39m
     11 Linear |R| = [32m2.751468e-07[39m
     12 Linear |R| = [32m4.957646e-08[39m
     13 Linear |R| = [32m3.307904e-08[39m
     14 Linear |R| = [32m8.521218e-09[39m
     15 Linear |R| = [32m7.192944e-09[39m
     16 Linear |R| = [32m3.709972e-09[39m
     17 Linear |R| = [32m1.828377e-09[39m
     18 Linear |R| = [32m4.241685e-10[39m
     19 Linear |R| = [32m2.644717e-10[39m
     20 Linear |R| = [32m2.234821e-10[39m
     21 Linear |R| = [32m8.410173e-11[39m
     22 Linear |R| = [32m3.792691e-11[39m
     23 Linear |R| = [32m2.197848e-11[39m
 1 Nonlinear |R| = [32m1.687745e-06[39m
      0 Linear |R| = [32m1.687745e-06[39m
      1 Linear |R| = [32m5.681661e-08[39m
      2 Linear |R| = [32m4.925160e-08[39m
      3 Linear |R| = [32m1.265172e-08[39m
      4 Linear |R| = [32m1.088003e-09[39m
      5 Linear |R| = [32m9.861601e-10[39m
      6 Linear |R| = [32m2.045207e-10[39m
      7 Linear |R| = [32m1.248258e-10[39m
      8 Linear |R| = [32m3.384308e-11[39m
      9 Linear |R| = [32m1.835244e-11[39m
     10 Linear |R| = [33m1.822681e-11[39m
     11 Linear |R| = [32m9.103922e-12[39m
     12 Linear |R| = [32m1.654006e-12[39m
     13 Linear |R| = [32m1.103852e-12[39m
     14 Linear |R| = [32m2.938921e-13[39m
     15 Linear |R| = [33m2.932353e-13[39m
     16 Linear |R| = [32m1.469701e-13[39m
     17 Linear |R| = [32m6.291413e-14[39m
     18 Linear |R| = [32m1.681195e-14[39m
     19 Linear |R| = [32m1.025835e-14[39m
     20 Linear |R| = [33m1.020553e-14[39m
     21 Linear |R| = [32m2.747584e-15[39m
     22 Linear |R| = [32m1.451765e-15[39m
 2 Nonlinear |R| = [32m3.297759e-12[39m
[32m Solve Converged![39m

Postprocessor Values:
+----------------+----------------+----------------+----------------+----------------+----------------+----------------+
| time           | J_max          | J_min          | Jbar_max       | Jbar_min       | center_pressure| edge_ux        |
+----------------+----------------+----------------+----------------+----------------+----------------+----------------+
:                :                :                :                :                :                :                :
|   5.700000e-02 |   9.819989e-01 |   9.745225e-01 |   9.903014e-01 |   9.893958e-01 |   1.518331e-01 |   5.287687e-03 |
|   5.800000e-02 |   9.819538e-01 |   9.745134e-01 |   9.902927e-01 |   9.893909e-01 |   1.510981e-01 |   5.246756e-03 |
|   5.900000e-02 |   9.819089e-01 |   9.745041e-01 |   9.902840e-01 |   9.893861e-01 |   1.503675e-01 |   5.206008e-03 |
|   6.000000e-02 |   9.818641e-01 |   9.744948e-01 |   9.902754e-01 |   9.893813e-01 |   1.496410e-01 |   5.165442e-03 |
|   6.100000e-02 |   9.818193e-01 |   9.744854e-01 |   9.902668e-01 |   9.893766e-01 |   1.489188e-01 |   5.125059e-03 |
|   6.200000e-02 |   9.817747e-01 |   9.744760e-01 |   9.902583e-01 |   9.893719e-01 |   1.482005e-01 |   5.084858e-03 |
|   6.300000e-02 |   9.817301e-01 |   9.744665e-01 |   9.902498e-01 |   9.893672e-01 |   1.474864e-01 |   5.044839e-03 |
|   6.400000e-02 |   9.816857e-01 |   9.744570e-01 |   9.902414e-01 |   9.893627e-01 |   1.467761e-01 |   5.005001e-03 |
|   6.500000e-02 |   9.816414e-01 |   9.744474e-01 |   9.902330e-01 |   9.893581e-01 |   1.460698e-01 |   4.965344e-03 |
|   6.600000e-02 |   9.815972e-01 |   9.744378e-01 |   9.902247e-01 |   9.893536e-01 |   1.453673e-01 |   4.925868e-03 |
|   6.700000e-02 |   9.815531e-01 |   9.744282e-01 |   9.902164e-01 |   9.893492e-01 |   1.446685e-01 |   4.886573e-03 |
|   6.800000e-02 |   9.815092e-01 |   9.744185e-01 |   9.902082e-01 |   9.893448e-01 |   1.439736e-01 |   4.847456e-03 |
|   6.900000e-02 |   9.814654e-01 |   9.744089e-01 |   9.902000e-01 |   9.893404e-01 |   1.432823e-01 |   4.808520e-03 |
|   7.000000e-02 |   9.814217e-01 |   9.743992e-01 |   9.901918e-01 |   9.893361e-01 |   1.425947e-01 |   4.769762e-03 |
|   7.100000e-02 |   9.813782e-01 |   9.743895e-01 |   9.901837e-01 |   9.893318e-01 |   1.419106e-01 |   4.731182e-03 |
+----------------+----------------+----------------+----------------+----------------+----------------+----------------+
+----------------+----------------+----------------+------------------+----------------+----------------+
| time           | mass           | mass_reaction  | outflow_gradient | platen_max     | platen_min     |
+----------------+----------------+----------------+------------------+----------------+----------------+
:                :                :                :                  :                :                :
|   5.700000e-02 |   1.577088e+00 |  -3.004589e-01 |     1.561483e-01 |  -4.402010e-02 |  -4.402010e-02 |
|   5.800000e-02 |   1.576790e+00 |  -2.987789e-01 |     1.552850e-01 |  -4.406122e-02 |  -4.406122e-02 |
|   5.900000e-02 |   1.576492e+00 |  -2.971208e-01 |     1.544326e-01 |  -4.410211e-02 |  -4.410211e-02 |
|   6.000000e-02 |   1.576197e+00 |  -2.954837e-01 |     1.535906e-01 |  -4.414278e-02 |  -4.414278e-02 |
|   6.100000e-02 |   1.575903e+00 |  -2.938666e-01 |     1.527585e-01 |  -4.418322e-02 |  -4.418322e-02 |
|   6.200000e-02 |   1.575611e+00 |  -2.922689e-01 |     1.519361e-01 |  -4.422346e-02 |  -4.422346e-02 |
|   6.300000e-02 |   1.575320e+00 |  -2.906898e-01 |     1.511230e-01 |  -4.426347e-02 |  -4.426347e-02 |
|   6.400000e-02 |   1.575031e+00 |  -2.891284e-01 |     1.503186e-01 |  -4.430328e-02 |  -4.430328e-02 |
|   6.500000e-02 |   1.574743e+00 |  -2.875842e-01 |     1.495229e-01 |  -4.434287e-02 |  -4.434287e-02 |
|   6.600000e-02 |   1.574457e+00 |  -2.860564e-01 |     1.487353e-01 |  -4.438226e-02 |  -4.438226e-02 |
|   6.700000e-02 |   1.574173e+00 |  -2.845446e-01 |     1.479557e-01 |  -4.442144e-02 |  -4.442144e-02 |
|   6.800000e-02 |   1.573890e+00 |  -2.830480e-01 |     1.471838e-01 |  -4.446042e-02 |  -4.446042e-02 |
|   6.900000e-02 |   1.573608e+00 |  -2.815662e-01 |     1.464192e-01 |  -4.449920e-02 |  -4.449920e-02 |
|   7.000000e-02 |   1.573328e+00 |  -2.800986e-01 |     1.456617e-01 |  -4.453777e-02 |  -4.453777e-02 |
|   7.100000e-02 |   1.573050e+00 |  -2.786448e-01 |     1.449111e-01 |  -4.457615e-02 |  -4.457615e-02 |
+----------------+----------------+----------------+------------------+----------------+----------------+
+----------------+--------------------+--------------------+----------------+----------------+----------------+
| time           | solid_fraction_max | solid_fraction_min | stability_max  | stability_min  | top_reaction   |
+----------------+--------------------+--------------------+----------------+----------------+----------------+
:                :                    :                    :                :                :                :
|   5.700000e-02 |       6.091695e-01 |       6.045203e-01 |   2.810473e+01 |   2.800319e+01 |  -1.400000e+00 |
|   5.800000e-02 |       6.091732e-01 |       6.045450e-01 |   2.810429e+01 |   2.800317e+01 |  -1.400000e+00 |
|   5.900000e-02 |       6.091770e-01 |       6.045696e-01 |   2.810384e+01 |   2.800315e+01 |  -1.400000e+00 |
|   6.000000e-02 |       6.091808e-01 |       6.045943e-01 |   2.810340e+01 |   2.800314e+01 |  -1.400000e+00 |
|   6.100000e-02 |       6.091845e-01 |       6.046189e-01 |   2.810295e+01 |   2.800312e+01 |  -1.400000e+00 |
|   6.200000e-02 |       6.091884e-01 |       6.046436e-01 |   2.810250e+01 |   2.800310e+01 |  -1.400000e+00 |
|   6.300000e-02 |       6.091922e-01 |       6.046681e-01 |   2.810205e+01 |   2.800309e+01 |  -1.400000e+00 |
|   6.400000e-02 |       6.091960e-01 |       6.046927e-01 |   2.810161e+01 |   2.800307e+01 |  -1.400000e+00 |
|   6.500000e-02 |       6.091999e-01 |       6.047172e-01 |   2.810116e+01 |   2.800305e+01 |  -1.400000e+00 |
|   6.600000e-02 |       6.092037e-01 |       6.047417e-01 |   2.810071e+01 |   2.800304e+01 |  -1.400000e+00 |
|   6.700000e-02 |       6.092076e-01 |       6.047661e-01 |   2.810026e+01 |   2.800302e+01 |  -1.400000e+00 |
|   6.800000e-02 |       6.092115e-01 |       6.047905e-01 |   2.809982e+01 |   2.800301e+01 |  -1.400000e+00 |
|   6.900000e-02 |       6.092153e-01 |       6.048148e-01 |   2.809937e+01 |   2.800299e+01 |  -1.400000e+00 |
|   7.000000e-02 |       6.092192e-01 |       6.048390e-01 |   2.809892e+01 |   2.800297e+01 |  -1.400000e+00 |
|   7.100000e-02 |       6.092231e-01 |       6.048632e-01 |   2.809848e+01 |   2.800296e+01 |  -1.400000e+00 |
+----------------+--------------------+--------------------+----------------+----------------+----------------+


Time Step 72, time = 0.072, dt = 0.001
 * Nonlinear |R| = [32m2.256486e-02[39m (Before preset BCs, predictors, correctors, and constraints)
 0 Nonlinear |R| = [32m2.256486e-02[39m
      0 Linear |R| = [32m2.256486e-02[39m
      1 Linear |R| = [32m1.411672e-03[39m
      2 Linear |R| = [33m1.384624e-03[39m
      3 Linear |R| = [32m4.111045e-04[39m
      4 Linear |R| = [32m3.467055e-05[39m
      5 Linear |R| = [32m1.739865e-05[39m
      6 Linear |R| = [32m5.832278e-06[39m
      7 Linear |R| = [32m3.710195e-06[39m
      8 Linear |R| = [32m1.012571e-06[39m
      9 Linear |R| = [32m5.109681e-07[39m
     10 Linear |R| = [32m4.190255e-07[39m
     11 Linear |R| = [32m2.734305e-07[39m
     12 Linear |R| = [32m4.919950e-08[39m
     13 Linear |R| = [32m3.281567e-08[39m
     14 Linear |R| = [32m8.465719e-09[39m
     15 Linear |R| = [32m7.228913e-09[39m
     16 Linear |R| = [32m3.676814e-09[39m
     17 Linear |R| = [32m1.812293e-09[39m
     18 Linear |R| = [32m4.183794e-10[39m
     19 Linear |R| = [32m2.607054e-10[39m
     20 Linear |R| = [32m2.190813e-10[39m
     21 Linear |R| = [32m8.292502e-11[39m
     22 Linear |R| = [32m3.742718e-11[39m
     23 Linear |R| = [32m2.171415e-11[39m
 1 Nonlinear |R| = [32m1.672037e-06[39m
      0 Linear |R| = [32m1.672037e-06[39m
      1 Linear |R| = [32m5.577587e-08[39m
      2 Linear |R| = [32m4.974885e-08[39m
      3 Linear |R| = [32m1.280706e-08[39m
      4 Linear |R| = [32m1.099227e-09[39m
      5 Linear |R| = [32m9.608703e-10[39m
      6 Linear |R| = [32m2.163181e-10[39m
      7 Linear |R| = [32m1.332531e-10[39m
      8 Linear |R| = [32m3.408669e-11[39m
      9 Linear |R| = [32m1.793256e-11[39m
     10 Linear |R| = [33m1.753532e-11[39m
     11 Linear |R| = [32m9.179856e-12[39m
     12 Linear |R| = [32m2.038639e-12[39m
     13 Linear |R| = [32m1.379037e-12[39m
     14 Linear |R| = [32m3.346173e-13[39m
     15 Linear |R| = [33m3.244306e-13[39m
     16 Linear |R| = [32m1.729326e-13[39m
     17 Linear |R| = [32m7.724099e-14[39m
     18 Linear |R| = [32m2.149509e-14[39m
     19 Linear |R| = [32m1.297018e-14[39m
     20 Linear |R| = [32m1.173972e-14[39m
     21 Linear |R| = [32m3.596613e-15[39m
     22 Linear |R| = [32m1.673636e-15[39m
     23 Linear |R| = [32m9.599975e-16[39m
 2 Nonlinear |R| = [32m3.032186e-12[39m
[32m Solve Converged![39m

Postprocessor Values:
+----------------+----------------+----------------+----------------+----------------+----------------+----------------+
| time           | J_max          | J_min          | Jbar_max       | Jbar_min       | center_pressure| edge_ux        |
+----------------+----------------+----------------+----------------+----------------+----------------+----------------+
:                :                :                :                :                :                :                :
|   5.800000e-02 |   9.819538e-01 |   9.745134e-01 |   9.902927e-01 |   9.893909e-01 |   1.510981e-01 |   5.246756e-03 |
|   5.900000e-02 |   9.819089e-01 |   9.745041e-01 |   9.902840e-01 |   9.893861e-01 |   1.503675e-01 |   5.206008e-03 |
|   6.000000e-02 |   9.818641e-01 |   9.744948e-01 |   9.902754e-01 |   9.893813e-01 |   1.496410e-01 |   5.165442e-03 |
|   6.100000e-02 |   9.818193e-01 |   9.744854e-01 |   9.902668e-01 |   9.893766e-01 |   1.489188e-01 |   5.125059e-03 |
|   6.200000e-02 |   9.817747e-01 |   9.744760e-01 |   9.902583e-01 |   9.893719e-01 |   1.482005e-01 |   5.084858e-03 |
|   6.300000e-02 |   9.817301e-01 |   9.744665e-01 |   9.902498e-01 |   9.893672e-01 |   1.474864e-01 |   5.044839e-03 |
|   6.400000e-02 |   9.816857e-01 |   9.744570e-01 |   9.902414e-01 |   9.893627e-01 |   1.467761e-01 |   5.005001e-03 |
|   6.500000e-02 |   9.816414e-01 |   9.744474e-01 |   9.902330e-01 |   9.893581e-01 |   1.460698e-01 |   4.965344e-03 |
|   6.600000e-02 |   9.815972e-01 |   9.744378e-01 |   9.902247e-01 |   9.893536e-01 |   1.453673e-01 |   4.925868e-03 |
|   6.700000e-02 |   9.815531e-01 |   9.744282e-01 |   9.902164e-01 |   9.893492e-01 |   1.446685e-01 |   4.886573e-03 |
|   6.800000e-02 |   9.815092e-01 |   9.744185e-01 |   9.902082e-01 |   9.893448e-01 |   1.439736e-01 |   4.847456e-03 |
|   6.900000e-02 |   9.814654e-01 |   9.744089e-01 |   9.902000e-01 |   9.893404e-01 |   1.432823e-01 |   4.808520e-03 |
|   7.000000e-02 |   9.814217e-01 |   9.743992e-01 |   9.901918e-01 |   9.893361e-01 |   1.425947e-01 |   4.769762e-03 |
|   7.100000e-02 |   9.813782e-01 |   9.743895e-01 |   9.901837e-01 |   9.893318e-01 |   1.419106e-01 |   4.731182e-03 |
|   7.200000e-02 |   9.813348e-01 |   9.743798e-01 |   9.901756e-01 |   9.893276e-01 |   1.412302e-01 |   4.692780e-03 |
+----------------+----------------+----------------+----------------+----------------+----------------+----------------+
+----------------+----------------+----------------+------------------+----------------+----------------+
| time           | mass           | mass_reaction  | outflow_gradient | platen_max     | platen_min     |
+----------------+----------------+----------------+------------------+----------------+----------------+
:                :                :                :                  :                :                :
|   5.800000e-02 |   1.576790e+00 |  -2.987789e-01 |     1.552850e-01 |  -4.406122e-02 |  -4.406122e-02 |
|   5.900000e-02 |   1.576492e+00 |  -2.971208e-01 |     1.544326e-01 |  -4.410211e-02 |  -4.410211e-02 |
|   6.000000e-02 |   1.576197e+00 |  -2.954837e-01 |     1.535906e-01 |  -4.414278e-02 |  -4.414278e-02 |
|   6.100000e-02 |   1.575903e+00 |  -2.938666e-01 |     1.527585e-01 |  -4.418322e-02 |  -4.418322e-02 |
|   6.200000e-02 |   1.575611e+00 |  -2.922689e-01 |     1.519361e-01 |  -4.422346e-02 |  -4.422346e-02 |
|   6.300000e-02 |   1.575320e+00 |  -2.906898e-01 |     1.511230e-01 |  -4.426347e-02 |  -4.426347e-02 |
|   6.400000e-02 |   1.575031e+00 |  -2.891284e-01 |     1.503186e-01 |  -4.430328e-02 |  -4.430328e-02 |
|   6.500000e-02 |   1.574743e+00 |  -2.875842e-01 |     1.495229e-01 |  -4.434287e-02 |  -4.434287e-02 |
|   6.600000e-02 |   1.574457e+00 |  -2.860564e-01 |     1.487353e-01 |  -4.438226e-02 |  -4.438226e-02 |
|   6.700000e-02 |   1.574173e+00 |  -2.845446e-01 |     1.479557e-01 |  -4.442144e-02 |  -4.442144e-02 |
|   6.800000e-02 |   1.573890e+00 |  -2.830480e-01 |     1.471838e-01 |  -4.446042e-02 |  -4.446042e-02 |
|   6.900000e-02 |   1.573608e+00 |  -2.815662e-01 |     1.464192e-01 |  -4.449920e-02 |  -4.449920e-02 |
|   7.000000e-02 |   1.573328e+00 |  -2.800986e-01 |     1.456617e-01 |  -4.453777e-02 |  -4.453777e-02 |
|   7.100000e-02 |   1.573050e+00 |  -2.786448e-01 |     1.449111e-01 |  -4.457615e-02 |  -4.457615e-02 |
|   7.200000e-02 |   1.572772e+00 |  -2.772043e-01 |     1.441672e-01 |  -4.461434e-02 |  -4.461434e-02 |
+----------------+----------------+----------------+------------------+----------------+----------------+
+----------------+--------------------+--------------------+----------------+----------------+----------------+
| time           | solid_fraction_max | solid_fraction_min | stability_max  | stability_min  | top_reaction   |
+----------------+--------------------+--------------------+----------------+----------------+----------------+
:                :                    :                    :                :                :                :
|   5.800000e-02 |       6.091732e-01 |       6.045450e-01 |   2.810429e+01 |   2.800317e+01 |  -1.400000e+00 |
|   5.900000e-02 |       6.091770e-01 |       6.045696e-01 |   2.810384e+01 |   2.800315e+01 |  -1.400000e+00 |
|   6.000000e-02 |       6.091808e-01 |       6.045943e-01 |   2.810340e+01 |   2.800314e+01 |  -1.400000e+00 |
|   6.100000e-02 |       6.091845e-01 |       6.046189e-01 |   2.810295e+01 |   2.800312e+01 |  -1.400000e+00 |
|   6.200000e-02 |       6.091884e-01 |       6.046436e-01 |   2.810250e+01 |   2.800310e+01 |  -1.400000e+00 |
|   6.300000e-02 |       6.091922e-01 |       6.046681e-01 |   2.810205e+01 |   2.800309e+01 |  -1.400000e+00 |
|   6.400000e-02 |       6.091960e-01 |       6.046927e-01 |   2.810161e+01 |   2.800307e+01 |  -1.400000e+00 |
|   6.500000e-02 |       6.091999e-01 |       6.047172e-01 |   2.810116e+01 |   2.800305e+01 |  -1.400000e+00 |
|   6.600000e-02 |       6.092037e-01 |       6.047417e-01 |   2.810071e+01 |   2.800304e+01 |  -1.400000e+00 |
|   6.700000e-02 |       6.092076e-01 |       6.047661e-01 |   2.810026e+01 |   2.800302e+01 |  -1.400000e+00 |
|   6.800000e-02 |       6.092115e-01 |       6.047905e-01 |   2.809982e+01 |   2.800301e+01 |  -1.400000e+00 |
|   6.900000e-02 |       6.092153e-01 |       6.048148e-01 |   2.809937e+01 |   2.800299e+01 |  -1.400000e+00 |
|   7.000000e-02 |       6.092192e-01 |       6.048390e-01 |   2.809892e+01 |   2.800297e+01 |  -1.400000e+00 |
|   7.100000e-02 |       6.092231e-01 |       6.048632e-01 |   2.809848e+01 |   2.800296e+01 |  -1.400000e+00 |
|   7.200000e-02 |       6.092270e-01 |       6.048873e-01 |   2.809803e+01 |   2.800294e+01 |  -1.400000e+00 |
+----------------+--------------------+--------------------+----------------+----------------+----------------+


Time Step 73, time = 0.073, dt = 0.001
 * Nonlinear |R| = [32m2.245282e-02[39m (Before preset BCs, predictors, correctors, and constraints)
 0 Nonlinear |R| = [32m2.245282e-02[39m
      0 Linear |R| = [32m2.245282e-02[39m
      1 Linear |R| = [32m1.404560e-03[39m
      2 Linear |R| = [33m1.377648e-03[39m
      3 Linear |R| = [32m4.089878e-04[39m
      4 Linear |R| = [32m3.446878e-05[39m
      5 Linear |R| = [32m1.616944e-05[39m
      6 Linear |R| = [32m5.797060e-06[39m
      7 Linear |R| = [32m3.687633e-06[39m
      8 Linear |R| = [32m1.006566e-06[39m
      9 Linear |R| = [32m5.078709e-07[39m
     10 Linear |R| = [32m4.224413e-07[39m
     11 Linear |R| = [32m2.717929e-07[39m
     12 Linear |R| = [32m4.883341e-08[39m
     13 Linear |R| = [32m3.256045e-08[39m
     14 Linear |R| = [32m8.403273e-09[39m
     15 Linear |R| = [32m7.154324e-09[39m
     16 Linear |R| = [32m3.644740e-09[39m
     17 Linear |R| = [32m1.796685e-09[39m
     18 Linear |R| = [32m4.128199e-10[39m
     19 Linear |R| = [32m2.570959e-10[39m
     20 Linear |R| = [32m2.144337e-10[39m
     21 Linear |R| = [32m8.177816e-11[39m
     22 Linear |R| = [32m3.693925e-11[39m
     23 Linear |R| = [32m2.145454e-11[39m
 1 Nonlinear |R| = [32m1.657992e-06[39m
      0 Linear |R| = [32m1.657992e-06[39m
      1 Linear |R| = [32m5.561934e-08[39m
      2 Linear |R| = [32m4.917215e-08[39m
      3 Linear |R| = [32m1.261970e-08[39m
      4 Linear |R| = [32m1.080779e-09[39m
      5 Linear |R| = [32m9.756417e-10[39m
      6 Linear |R| = [32m1.900238e-10[39m
      7 Linear |R| = [32m1.199080e-10[39m
      8 Linear |R| = [32m3.419734e-11[39m
      9 Linear |R| = [32m1.849418e-11[39m
     10 Linear |R| = [33m1.830099e-11[39m
     11 Linear |R| = [32m9.320773e-12[39m
     12 Linear |R| = [32m1.857464e-12[39m
     13 Linear |R| = [32m1.272689e-12[39m
     14 Linear |R| = [32m3.087584e-13[39m
     15 Linear |R| = [33m3.070322e-13[39m
     16 Linear |R| = [32m1.421755e-13[39m
     17 Linear |R| = [32m6.718283e-14[39m
     18 Linear |R| = [32m1.967103e-14[39m
     19 Linear |R| = [32m1.195165e-14[39m
     20 Linear |R| = [33m1.136246e-14[39m
     21 Linear |R| = [32m3.195629e-15[39m
     22 Linear |R| = [32m1.303953e-15[39m
 2 Nonlinear |R| = [32m3.267750e-12[39m
[32m Solve Converged![39m

Postprocessor Values:
+----------------+----------------+----------------+----------------+----------------+----------------+----------------+
| time           | J_max          | J_min          | Jbar_max       | Jbar_min       | center_pressure| edge_ux        |
+----------------+----------------+----------------+----------------+----------------+----------------+----------------+
:                :                :                :                :                :                :                :
|   5.900000e-02 |   9.819089e-01 |   9.745041e-01 |   9.902840e-01 |   9.893861e-01 |   1.503675e-01 |   5.206008e-03 |
|   6.000000e-02 |   9.818641e-01 |   9.744948e-01 |   9.902754e-01 |   9.893813e-01 |   1.496410e-01 |   5.165442e-03 |
|   6.100000e-02 |   9.818193e-01 |   9.744854e-01 |   9.902668e-01 |   9.893766e-01 |   1.489188e-01 |   5.125059e-03 |
|   6.200000e-02 |   9.817747e-01 |   9.744760e-01 |   9.902583e-01 |   9.893719e-01 |   1.482005e-01 |   5.084858e-03 |
|   6.300000e-02 |   9.817301e-01 |   9.744665e-01 |   9.902498e-01 |   9.893672e-01 |   1.474864e-01 |   5.044839e-03 |
|   6.400000e-02 |   9.816857e-01 |   9.744570e-01 |   9.902414e-01 |   9.893627e-01 |   1.467761e-01 |   5.005001e-03 |
|   6.500000e-02 |   9.816414e-01 |   9.744474e-01 |   9.902330e-01 |   9.893581e-01 |   1.460698e-01 |   4.965344e-03 |
|   6.600000e-02 |   9.815972e-01 |   9.744378e-01 |   9.902247e-01 |   9.893536e-01 |   1.453673e-01 |   4.925868e-03 |
|   6.700000e-02 |   9.815531e-01 |   9.744282e-01 |   9.902164e-01 |   9.893492e-01 |   1.446685e-01 |   4.886573e-03 |
|   6.800000e-02 |   9.815092e-01 |   9.744185e-01 |   9.902082e-01 |   9.893448e-01 |   1.439736e-01 |   4.847456e-03 |
|   6.900000e-02 |   9.814654e-01 |   9.744089e-01 |   9.902000e-01 |   9.893404e-01 |   1.432823e-01 |   4.808520e-03 |
|   7.000000e-02 |   9.814217e-01 |   9.743992e-01 |   9.901918e-01 |   9.893361e-01 |   1.425947e-01 |   4.769762e-03 |
|   7.100000e-02 |   9.813782e-01 |   9.743895e-01 |   9.901837e-01 |   9.893318e-01 |   1.419106e-01 |   4.731182e-03 |
|   7.200000e-02 |   9.813348e-01 |   9.743798e-01 |   9.901756e-01 |   9.893276e-01 |   1.412302e-01 |   4.692780e-03 |
|   7.300000e-02 |   9.812916e-01 |   9.743701e-01 |   9.901676e-01 |   9.893234e-01 |   1.405532e-01 |   4.654555e-03 |
+----------------+----------------+----------------+----------------+----------------+----------------+----------------+
+----------------+----------------+----------------+------------------+----------------+----------------+
| time           | mass           | mass_reaction  | outflow_gradient | platen_max     | platen_min     |
+----------------+----------------+----------------+------------------+----------------+----------------+
:                :                :                :                  :                :                :
|   5.900000e-02 |   1.576492e+00 |  -2.971208e-01 |     1.544326e-01 |  -4.410211e-02 |  -4.410211e-02 |
|   6.000000e-02 |   1.576197e+00 |  -2.954837e-01 |     1.535906e-01 |  -4.414278e-02 |  -4.414278e-02 |
|   6.100000e-02 |   1.575903e+00 |  -2.938666e-01 |     1.527585e-01 |  -4.418322e-02 |  -4.418322e-02 |
|   6.200000e-02 |   1.575611e+00 |  -2.922689e-01 |     1.519361e-01 |  -4.422346e-02 |  -4.422346e-02 |
|   6.300000e-02 |   1.575320e+00 |  -2.906898e-01 |     1.511230e-01 |  -4.426347e-02 |  -4.426347e-02 |
|   6.400000e-02 |   1.575031e+00 |  -2.891284e-01 |     1.503186e-01 |  -4.430328e-02 |  -4.430328e-02 |
|   6.500000e-02 |   1.574743e+00 |  -2.875842e-01 |     1.495229e-01 |  -4.434287e-02 |  -4.434287e-02 |
|   6.600000e-02 |   1.574457e+00 |  -2.860564e-01 |     1.487353e-01 |  -4.438226e-02 |  -4.438226e-02 |
|   6.700000e-02 |   1.574173e+00 |  -2.845446e-01 |     1.479557e-01 |  -4.442144e-02 |  -4.442144e-02 |
|   6.800000e-02 |   1.573890e+00 |  -2.830480e-01 |     1.471838e-01 |  -4.446042e-02 |  -4.446042e-02 |
|   6.900000e-02 |   1.573608e+00 |  -2.815662e-01 |     1.464192e-01 |  -4.449920e-02 |  -4.449920e-02 |
|   7.000000e-02 |   1.573328e+00 |  -2.800986e-01 |     1.456617e-01 |  -4.453777e-02 |  -4.453777e-02 |
|   7.100000e-02 |   1.573050e+00 |  -2.786448e-01 |     1.449111e-01 |  -4.457615e-02 |  -4.457615e-02 |
|   7.200000e-02 |   1.572772e+00 |  -2.772043e-01 |     1.441672e-01 |  -4.461434e-02 |  -4.461434e-02 |
|   7.300000e-02 |   1.572497e+00 |  -2.757766e-01 |     1.434298e-01 |  -4.465233e-02 |  -4.465233e-02 |
+----------------+----------------+----------------+------------------+----------------+----------------+
+----------------+--------------------+--------------------+----------------+----------------+----------------+
| time           | solid_fraction_max | solid_fraction_min | stability_max  | stability_min  | top_reaction   |
+----------------+--------------------+--------------------+----------------+----------------+----------------+
:                :                    :                    :                :                :                :
|   5.900000e-02 |       6.091770e-01 |       6.045696e-01 |   2.810384e+01 |   2.800315e+01 |  -1.400000e+00 |
|   6.000000e-02 |       6.091808e-01 |       6.045943e-01 |   2.810340e+01 |   2.800314e+01 |  -1.400000e+00 |
|   6.100000e-02 |       6.091845e-01 |       6.046189e-01 |   2.810295e+01 |   2.800312e+01 |  -1.400000e+00 |
|   6.200000e-02 |       6.091884e-01 |       6.046436e-01 |   2.810250e+01 |   2.800310e+01 |  -1.400000e+00 |
|   6.300000e-02 |       6.091922e-01 |       6.046681e-01 |   2.810205e+01 |   2.800309e+01 |  -1.400000e+00 |
|   6.400000e-02 |       6.091960e-01 |       6.046927e-01 |   2.810161e+01 |   2.800307e+01 |  -1.400000e+00 |
|   6.500000e-02 |       6.091999e-01 |       6.047172e-01 |   2.810116e+01 |   2.800305e+01 |  -1.400000e+00 |
|   6.600000e-02 |       6.092037e-01 |       6.047417e-01 |   2.810071e+01 |   2.800304e+01 |  -1.400000e+00 |
|   6.700000e-02 |       6.092076e-01 |       6.047661e-01 |   2.810026e+01 |   2.800302e+01 |  -1.400000e+00 |
|   6.800000e-02 |       6.092115e-01 |       6.047905e-01 |   2.809982e+01 |   2.800301e+01 |  -1.400000e+00 |
|   6.900000e-02 |       6.092153e-01 |       6.048148e-01 |   2.809937e+01 |   2.800299e+01 |  -1.400000e+00 |
|   7.000000e-02 |       6.092192e-01 |       6.048390e-01 |   2.809892e+01 |   2.800297e+01 |  -1.400000e+00 |
|   7.100000e-02 |       6.092231e-01 |       6.048632e-01 |   2.809848e+01 |   2.800296e+01 |  -1.400000e+00 |
|   7.200000e-02 |       6.092270e-01 |       6.048873e-01 |   2.809803e+01 |   2.800294e+01 |  -1.400000e+00 |
|   7.300000e-02 |       6.092308e-01 |       6.049114e-01 |   2.809759e+01 |   2.800293e+01 |  -1.400000e+00 |
+----------------+--------------------+--------------------+----------------+----------------+----------------+


Time Step 74, time = 0.074, dt = 0.001
 * Nonlinear |R| = [32m2.234162e-02[39m (Before preset BCs, predictors, correctors, and constraints)
 0 Nonlinear |R| = [32m2.234162e-02[39m
      0 Linear |R| = [32m2.234162e-02[39m
      1 Linear |R| = [32m1.397513e-03[39m
      2 Linear |R| = [33m1.370736e-03[39m
      3 Linear |R| = [32m4.068799e-04[39m
      4 Linear |R| = [32m3.427952e-05[39m
      5 Linear |R| = [32m1.604275e-05[39m
      6 Linear |R| = [32m5.762368e-06[39m
      7 Linear |R| = [32m3.665434e-06[39m
      8 Linear |R| = [32m1.000656e-06[39m
      9 Linear |R| = [32m5.044333e-07[39m
     10 Linear |R| = [32m3.961868e-07[39m
     11 Linear |R| = [32m2.699471e-07[39m
     12 Linear |R| = [32m4.847730e-08[39m
     13 Linear |R| = [32m3.231269e-08[39m
     14 Linear |R| = [32m8.327781e-09[39m
     15 Linear |R| = [32m6.818482e-09[39m
     16 Linear |R| = [32m3.613562e-09[39m
     17 Linear |R| = [32m1.781502e-09[39m
     18 Linear |R| = [32m4.074695e-10[39m
     19 Linear |R| = [32m2.534825e-10[39m
     20 Linear |R| = [32m2.017391e-10[39m
     21 Linear |R| = [32m8.064522e-11[39m
     22 Linear |R| = [32m3.646233e-11[39m
     23 Linear |R| = [32m2.119941e-11[39m
 1 Nonlinear |R| = [32m1.643565e-06[39m
      0 Linear |R| = [32m1.643565e-06[39m
      1 Linear |R| = [32m5.533426e-08[39m
      2 Linear |R| = [32m4.811991e-08[39m
      3 Linear |R| = [32m1.236231e-08[39m
      4 Linear |R| = [32m1.062073e-09[39m
      5 Linear |R| = [32m9.686847e-10[39m
      6 Linear |R| = [32m1.942482e-10[39m
      7 Linear |R| = [32m1.188808e-10[39m
      8 Linear |R| = [32m3.191627e-11[39m
      9 Linear |R| = [32m1.738045e-11[39m
     10 Linear |R| = [33m1.732783e-11[39m
     11 Linear |R| = [32m8.622786e-12[39m
     12 Linear |R| = [32m1.652278e-12[39m
     13 Linear |R| = [32m1.126396e-12[39m
     14 Linear |R| = [32m2.963965e-13[39m
     15 Linear |R| = [33m2.963699e-13[39m
     16 Linear |R| = [32m1.382803e-13[39m
     17 Linear |R| = [32m6.033741e-14[39m
     18 Linear |R| = [32m1.674154e-14[39m
     19 Linear |R| = [32m1.051280e-14[39m
     20 Linear |R| = [33m1.038544e-14[39m
     21 Linear |R| = [32m2.856140e-15[39m
     22 Linear |R| = [32m1.269348e-15[39m
 2 Nonlinear |R| = [32m3.301775e-12[39m
[32m Solve Converged![39m

Postprocessor Values:
+----------------+----------------+----------------+----------------+----------------+----------------+----------------+
| time           | J_max          | J_min          | Jbar_max       | Jbar_min       | center_pressure| edge_ux        |
+----------------+----------------+----------------+----------------+----------------+----------------+----------------+
:                :                :                :                :                :                :                :
|   6.000000e-02 |   9.818641e-01 |   9.744948e-01 |   9.902754e-01 |   9.893813e-01 |   1.496410e-01 |   5.165442e-03 |
|   6.100000e-02 |   9.818193e-01 |   9.744854e-01 |   9.902668e-01 |   9.893766e-01 |   1.489188e-01 |   5.125059e-03 |
|   6.200000e-02 |   9.817747e-01 |   9.744760e-01 |   9.902583e-01 |   9.893719e-01 |   1.482005e-01 |   5.084858e-03 |
|   6.300000e-02 |   9.817301e-01 |   9.744665e-01 |   9.902498e-01 |   9.893672e-01 |   1.474864e-01 |   5.044839e-03 |
|   6.400000e-02 |   9.816857e-01 |   9.744570e-01 |   9.902414e-01 |   9.893627e-01 |   1.467761e-01 |   5.005001e-03 |
|   6.500000e-02 |   9.816414e-01 |   9.744474e-01 |   9.902330e-01 |   9.893581e-01 |   1.460698e-01 |   4.965344e-03 |
|   6.600000e-02 |   9.815972e-01 |   9.744378e-01 |   9.902247e-01 |   9.893536e-01 |   1.453673e-01 |   4.925868e-03 |
|   6.700000e-02 |   9.815531e-01 |   9.744282e-01 |   9.902164e-01 |   9.893492e-01 |   1.446685e-01 |   4.886573e-03 |
|   6.800000e-02 |   9.815092e-01 |   9.744185e-01 |   9.902082e-01 |   9.893448e-01 |   1.439736e-01 |   4.847456e-03 |
|   6.900000e-02 |   9.814654e-01 |   9.744089e-01 |   9.902000e-01 |   9.893404e-01 |   1.432823e-01 |   4.808520e-03 |
|   7.000000e-02 |   9.814217e-01 |   9.743992e-01 |   9.901918e-01 |   9.893361e-01 |   1.425947e-01 |   4.769762e-03 |
|   7.100000e-02 |   9.813782e-01 |   9.743895e-01 |   9.901837e-01 |   9.893318e-01 |   1.419106e-01 |   4.731182e-03 |
|   7.200000e-02 |   9.813348e-01 |   9.743798e-01 |   9.901756e-01 |   9.893276e-01 |   1.412302e-01 |   4.692780e-03 |
|   7.300000e-02 |   9.812916e-01 |   9.743701e-01 |   9.901676e-01 |   9.893234e-01 |   1.405532e-01 |   4.654555e-03 |
|   7.400000e-02 |   9.812485e-01 |   9.743603e-01 |   9.901597e-01 |   9.893192e-01 |   1.398798e-01 |   4.616506e-03 |
+----------------+----------------+----------------+----------------+----------------+----------------+----------------+
+----------------+----------------+----------------+------------------+----------------+----------------+
| time           | mass           | mass_reaction  | outflow_gradient | platen_max     | platen_min     |
+----------------+----------------+----------------+------------------+----------------+----------------+
:                :                :                :                  :                :                :
|   6.000000e-02 |   1.576197e+00 |  -2.954837e-01 |     1.535906e-01 |  -4.414278e-02 |  -4.414278e-02 |
|   6.100000e-02 |   1.575903e+00 |  -2.938666e-01 |     1.527585e-01 |  -4.418322e-02 |  -4.418322e-02 |
|   6.200000e-02 |   1.575611e+00 |  -2.922689e-01 |     1.519361e-01 |  -4.422346e-02 |  -4.422346e-02 |
|   6.300000e-02 |   1.575320e+00 |  -2.906898e-01 |     1.511230e-01 |  -4.426347e-02 |  -4.426347e-02 |
|   6.400000e-02 |   1.575031e+00 |  -2.891284e-01 |     1.503186e-01 |  -4.430328e-02 |  -4.430328e-02 |
|   6.500000e-02 |   1.574743e+00 |  -2.875842e-01 |     1.495229e-01 |  -4.434287e-02 |  -4.434287e-02 |
|   6.600000e-02 |   1.574457e+00 |  -2.860564e-01 |     1.487353e-01 |  -4.438226e-02 |  -4.438226e-02 |
|   6.700000e-02 |   1.574173e+00 |  -2.845446e-01 |     1.479557e-01 |  -4.442144e-02 |  -4.442144e-02 |
|   6.800000e-02 |   1.573890e+00 |  -2.830480e-01 |     1.471838e-01 |  -4.446042e-02 |  -4.446042e-02 |
|   6.900000e-02 |   1.573608e+00 |  -2.815662e-01 |     1.464192e-01 |  -4.449920e-02 |  -4.449920e-02 |
|   7.000000e-02 |   1.573328e+00 |  -2.800986e-01 |     1.456617e-01 |  -4.453777e-02 |  -4.453777e-02 |
|   7.100000e-02 |   1.573050e+00 |  -2.786448e-01 |     1.449111e-01 |  -4.457615e-02 |  -4.457615e-02 |
|   7.200000e-02 |   1.572772e+00 |  -2.772043e-01 |     1.441672e-01 |  -4.461434e-02 |  -4.461434e-02 |
|   7.300000e-02 |   1.572497e+00 |  -2.757766e-01 |     1.434298e-01 |  -4.465233e-02 |  -4.465233e-02 |
|   7.400000e-02 |   1.572222e+00 |  -2.743614e-01 |     1.426986e-01 |  -4.469013e-02 |  -4.469013e-02 |
+----------------+----------------+----------------+------------------+----------------+----------------+
+----------------+--------------------+--------------------+----------------+----------------+----------------+
| time           | solid_fraction_max | solid_fraction_min | stability_max  | stability_min  | top_reaction   |
+----------------+--------------------+--------------------+----------------+----------------+----------------+
:                :                    :                    :                :                :                :
|   6.000000e-02 |       6.091808e-01 |       6.045943e-01 |   2.810340e+01 |   2.800314e+01 |  -1.400000e+00 |
|   6.100000e-02 |       6.091845e-01 |       6.046189e-01 |   2.810295e+01 |   2.800312e+01 |  -1.400000e+00 |
|   6.200000e-02 |       6.091884e-01 |       6.046436e-01 |   2.810250e+01 |   2.800310e+01 |  -1.400000e+00 |
|   6.300000e-02 |       6.091922e-01 |       6.046681e-01 |   2.810205e+01 |   2.800309e+01 |  -1.400000e+00 |
|   6.400000e-02 |       6.091960e-01 |       6.046927e-01 |   2.810161e+01 |   2.800307e+01 |  -1.400000e+00 |
|   6.500000e-02 |       6.091999e-01 |       6.047172e-01 |   2.810116e+01 |   2.800305e+01 |  -1.400000e+00 |
|   6.600000e-02 |       6.092037e-01 |       6.047417e-01 |   2.810071e+01 |   2.800304e+01 |  -1.400000e+00 |
|   6.700000e-02 |       6.092076e-01 |       6.047661e-01 |   2.810026e+01 |   2.800302e+01 |  -1.400000e+00 |
|   6.800000e-02 |       6.092115e-01 |       6.047905e-01 |   2.809982e+01 |   2.800301e+01 |  -1.400000e+00 |
|   6.900000e-02 |       6.092153e-01 |       6.048148e-01 |   2.809937e+01 |   2.800299e+01 |  -1.400000e+00 |
|   7.000000e-02 |       6.092192e-01 |       6.048390e-01 |   2.809892e+01 |   2.800297e+01 |  -1.400000e+00 |
|   7.100000e-02 |       6.092231e-01 |       6.048632e-01 |   2.809848e+01 |   2.800296e+01 |  -1.400000e+00 |
|   7.200000e-02 |       6.092270e-01 |       6.048873e-01 |   2.809803e+01 |   2.800294e+01 |  -1.400000e+00 |
|   7.300000e-02 |       6.092308e-01 |       6.049114e-01 |   2.809759e+01 |   2.800293e+01 |  -1.400000e+00 |
|   7.400000e-02 |       6.092347e-01 |       6.049354e-01 |   2.809715e+01 |   2.800291e+01 |  -1.400000e+00 |
+----------------+--------------------+--------------------+----------------+----------------+----------------+


Time Step 75, time = 0.075, dt = 0.001
 * Nonlinear |R| = [32m2.223123e-02[39m (Before preset BCs, predictors, correctors, and constraints)
 0 Nonlinear |R| = [32m2.223123e-02[39m
      0 Linear |R| = [32m2.223123e-02[39m
      1 Linear |R| = [32m1.390515e-03[39m
      2 Linear |R| = [33m1.363867e-03[39m
      3 Linear |R| = [32m4.048279e-04[39m
      4 Linear |R| = [32m3.411317e-05[39m
      5 Linear |R| = [32m1.591254e-05[39m
      6 Linear |R| = [32m5.728565e-06[39m
      7 Linear |R| = [32m3.643622e-06[39m
      8 Linear |R| = [32m9.948344e-07[39m
      9 Linear |R| = [32m5.012052e-07[39m
     10 Linear |R| = [32m3.782376e-07[39m
     11 Linear |R| = [32m2.681535e-07[39m
     12 Linear |R| = [32m4.813124e-08[39m
     13 Linear |R| = [32m3.207248e-08[39m
     14 Linear |R| = [32m8.256027e-09[39m
     15 Linear |R| = [32m6.488686e-09[39m
     16 Linear |R| = [32m3.583382e-09[39m
     17 Linear |R| = [32m1.766771e-09[39m
     18 Linear |R| = [32m4.023441e-10[39m
     19 Linear |R| = [32m2.501734e-10[39m
     20 Linear |R| = [32m1.979598e-10[39m
     21 Linear |R| = [32m7.955175e-11[39m
     22 Linear |R| = [32m3.599855e-11[39m
     23 Linear |R| = [32m2.094968e-11[39m
 1 Nonlinear |R| = [32m1.628615e-06[39m
      0 Linear |R| = [32m1.628615e-06[39m
      1 Linear |R| = [32m5.424097e-08[39m
      2 Linear |R| = [32m4.838127e-08[39m
      3 Linear |R| = [32m1.241039e-08[39m
      4 Linear |R| = [32m1.058510e-09[39m
      5 Linear |R| = [32m9.357308e-10[39m
      6 Linear |R| = [32m1.820195e-10[39m
      7 Linear |R| = [32m1.117571e-10[39m
      8 Linear |R| = [32m3.157070e-11[39m
      9 Linear |R| = [32m1.757911e-11[39m
     10 Linear |R| = [33m1.717162e-11[39m
     11 Linear |R| = [32m8.814489e-12[39m
     12 Linear |R| = [32m1.772005e-12[39m
     13 Linear |R| = [32m1.221030e-12[39m
     14 Linear |R| = [32m3.173471e-13[39m
     15 Linear |R| = [33m3.095249e-13[39m
     16 Linear |R| = [32m1.601880e-13[39m
     17 Linear |R| = [32m6.530103e-14[39m
     18 Linear |R| = [32m1.595680e-14[39m
     19 Linear |R| = [32m9.956520e-15[39m
     20 Linear |R| = [32m9.271813e-15[39m
     21 Linear |R| = [32m2.871492e-15[39m
     22 Linear |R| = [32m1.142610e-15[39m
 2 Nonlinear |R| = [32m3.013399e-12[39m
[32m Solve Converged![39m

Postprocessor Values:
+----------------+----------------+----------------+----------------+----------------+----------------+----------------+
| time           | J_max          | J_min          | Jbar_max       | Jbar_min       | center_pressure| edge_ux        |
+----------------+----------------+----------------+----------------+----------------+----------------+----------------+
:                :                :                :                :                :                :                :
|   6.100000e-02 |   9.818193e-01 |   9.744854e-01 |   9.902668e-01 |   9.893766e-01 |   1.489188e-01 |   5.125059e-03 |
|   6.200000e-02 |   9.817747e-01 |   9.744760e-01 |   9.902583e-01 |   9.893719e-01 |   1.482005e-01 |   5.084858e-03 |
|   6.300000e-02 |   9.817301e-01 |   9.744665e-01 |   9.902498e-01 |   9.893672e-01 |   1.474864e-01 |   5.044839e-03 |
|   6.400000e-02 |   9.816857e-01 |   9.744570e-01 |   9.902414e-01 |   9.893627e-01 |   1.467761e-01 |   5.005001e-03 |
|   6.500000e-02 |   9.816414e-01 |   9.744474e-01 |   9.902330e-01 |   9.893581e-01 |   1.460698e-01 |   4.965344e-03 |
|   6.600000e-02 |   9.815972e-01 |   9.744378e-01 |   9.902247e-01 |   9.893536e-01 |   1.453673e-01 |   4.925868e-03 |
|   6.700000e-02 |   9.815531e-01 |   9.744282e-01 |   9.902164e-01 |   9.893492e-01 |   1.446685e-01 |   4.886573e-03 |
|   6.800000e-02 |   9.815092e-01 |   9.744185e-01 |   9.902082e-01 |   9.893448e-01 |   1.439736e-01 |   4.847456e-03 |
|   6.900000e-02 |   9.814654e-01 |   9.744089e-01 |   9.902000e-01 |   9.893404e-01 |   1.432823e-01 |   4.808520e-03 |
|   7.000000e-02 |   9.814217e-01 |   9.743992e-01 |   9.901918e-01 |   9.893361e-01 |   1.425947e-01 |   4.769762e-03 |
|   7.100000e-02 |   9.813782e-01 |   9.743895e-01 |   9.901837e-01 |   9.893318e-01 |   1.419106e-01 |   4.731182e-03 |
|   7.200000e-02 |   9.813348e-01 |   9.743798e-01 |   9.901756e-01 |   9.893276e-01 |   1.412302e-01 |   4.692780e-03 |
|   7.300000e-02 |   9.812916e-01 |   9.743701e-01 |   9.901676e-01 |   9.893234e-01 |   1.405532e-01 |   4.654555e-03 |
|   7.400000e-02 |   9.812485e-01 |   9.743603e-01 |   9.901597e-01 |   9.893192e-01 |   1.398798e-01 |   4.616506e-03 |
|   7.500000e-02 |   9.812056e-01 |   9.743506e-01 |   9.901517e-01 |   9.893150e-01 |   1.392098e-01 |   4.578634e-03 |
+----------------+----------------+----------------+----------------+----------------+----------------+----------------+
+----------------+----------------+----------------+------------------+----------------+----------------+
| time           | mass           | mass_reaction  | outflow_gradient | platen_max     | platen_min     |
+----------------+----------------+----------------+------------------+----------------+----------------+
:                :                :                :                  :                :                :
|   6.100000e-02 |   1.575903e+00 |  -2.938666e-01 |     1.527585e-01 |  -4.418322e-02 |  -4.418322e-02 |
|   6.200000e-02 |   1.575611e+00 |  -2.922689e-01 |     1.519361e-01 |  -4.422346e-02 |  -4.422346e-02 |
|   6.300000e-02 |   1.575320e+00 |  -2.906898e-01 |     1.511230e-01 |  -4.426347e-02 |  -4.426347e-02 |
|   6.400000e-02 |   1.575031e+00 |  -2.891284e-01 |     1.503186e-01 |  -4.430328e-02 |  -4.430328e-02 |
|   6.500000e-02 |   1.574743e+00 |  -2.875842e-01 |     1.495229e-01 |  -4.434287e-02 |  -4.434287e-02 |
|   6.600000e-02 |   1.574457e+00 |  -2.860564e-01 |     1.487353e-01 |  -4.438226e-02 |  -4.438226e-02 |
|   6.700000e-02 |   1.574173e+00 |  -2.845446e-01 |     1.479557e-01 |  -4.442144e-02 |  -4.442144e-02 |
|   6.800000e-02 |   1.573890e+00 |  -2.830480e-01 |     1.471838e-01 |  -4.446042e-02 |  -4.446042e-02 |
|   6.900000e-02 |   1.573608e+00 |  -2.815662e-01 |     1.464192e-01 |  -4.449920e-02 |  -4.449920e-02 |
|   7.000000e-02 |   1.573328e+00 |  -2.800986e-01 |     1.456617e-01 |  -4.453777e-02 |  -4.453777e-02 |
|   7.100000e-02 |   1.573050e+00 |  -2.786448e-01 |     1.449111e-01 |  -4.457615e-02 |  -4.457615e-02 |
|   7.200000e-02 |   1.572772e+00 |  -2.772043e-01 |     1.441672e-01 |  -4.461434e-02 |  -4.461434e-02 |
|   7.300000e-02 |   1.572497e+00 |  -2.757766e-01 |     1.434298e-01 |  -4.465233e-02 |  -4.465233e-02 |
|   7.400000e-02 |   1.572222e+00 |  -2.743614e-01 |     1.426986e-01 |  -4.469013e-02 |  -4.469013e-02 |
|   7.500000e-02 |   1.571949e+00 |  -2.729583e-01 |     1.419734e-01 |  -4.472773e-02 |  -4.472773e-02 |
+----------------+----------------+----------------+------------------+----------------+----------------+
+----------------+--------------------+--------------------+----------------+----------------+----------------+
| time           | solid_fraction_max | solid_fraction_min | stability_max  | stability_min  | top_reaction   |
+----------------+--------------------+--------------------+----------------+----------------+----------------+
:                :                    :                    :                :                :                :
|   6.100000e-02 |       6.091845e-01 |       6.046189e-01 |   2.810295e+01 |   2.800312e+01 |  -1.400000e+00 |
|   6.200000e-02 |       6.091884e-01 |       6.046436e-01 |   2.810250e+01 |   2.800310e+01 |  -1.400000e+00 |
|   6.300000e-02 |       6.091922e-01 |       6.046681e-01 |   2.810205e+01 |   2.800309e+01 |  -1.400000e+00 |
|   6.400000e-02 |       6.091960e-01 |       6.046927e-01 |   2.810161e+01 |   2.800307e+01 |  -1.400000e+00 |
|   6.500000e-02 |       6.091999e-01 |       6.047172e-01 |   2.810116e+01 |   2.800305e+01 |  -1.400000e+00 |
|   6.600000e-02 |       6.092037e-01 |       6.047417e-01 |   2.810071e+01 |   2.800304e+01 |  -1.400000e+00 |
|   6.700000e-02 |       6.092076e-01 |       6.047661e-01 |   2.810026e+01 |   2.800302e+01 |  -1.400000e+00 |
|   6.800000e-02 |       6.092115e-01 |       6.047905e-01 |   2.809982e+01 |   2.800301e+01 |  -1.400000e+00 |
|   6.900000e-02 |       6.092153e-01 |       6.048148e-01 |   2.809937e+01 |   2.800299e+01 |  -1.400000e+00 |
|   7.000000e-02 |       6.092192e-01 |       6.048390e-01 |   2.809892e+01 |   2.800297e+01 |  -1.400000e+00 |
|   7.100000e-02 |       6.092231e-01 |       6.048632e-01 |   2.809848e+01 |   2.800296e+01 |  -1.400000e+00 |
|   7.200000e-02 |       6.092270e-01 |       6.048873e-01 |   2.809803e+01 |   2.800294e+01 |  -1.400000e+00 |
|   7.300000e-02 |       6.092308e-01 |       6.049114e-01 |   2.809759e+01 |   2.800293e+01 |  -1.400000e+00 |
|   7.400000e-02 |       6.092347e-01 |       6.049354e-01 |   2.809715e+01 |   2.800291e+01 |  -1.400000e+00 |
|   7.500000e-02 |       6.092386e-01 |       6.049593e-01 |   2.809670e+01 |   2.800290e+01 |  -1.400000e+00 |
+----------------+--------------------+--------------------+----------------+----------------+----------------+


Time Step 76, time = 0.076, dt = 0.001
 * Nonlinear |R| = [32m2.212161e-02[39m (Before preset BCs, predictors, correctors, and constraints)
 0 Nonlinear |R| = [32m2.212161e-02[39m
      0 Linear |R| = [32m2.212161e-02[39m
      1 Linear |R| = [32m1.383586e-03[39m
      2 Linear |R| = [33m1.357072e-03[39m
      3 Linear |R| = [32m4.027507e-04[39m
      4 Linear |R| = [32m3.393688e-05[39m
      5 Linear |R| = [32m1.653876e-05[39m
      6 Linear |R| = [32m5.695091e-06[39m
      7 Linear |R| = [32m3.622123e-06[39m
      8 Linear |R| = [32m9.891005e-07[39m
      9 Linear |R| = [32m4.986895e-07[39m
     10 Linear |R| = [32m4.132012e-07[39m
     11 Linear |R| = [32m2.668918e-07[39m
     12 Linear |R| = [32m4.779346e-08[39m
     13 Linear |R| = [32m3.183861e-08[39m
     14 Linear |R| = [32m8.236611e-09[39m
     15 Linear |R| = [32m7.064898e-09[39m
     16 Linear |R| = [32m3.554898e-09[39m
     17 Linear |R| = [32m1.752436e-09[39m
     18 Linear |R| = [32m3.974117e-10[39m
     19 Linear |R| = [32m2.473758e-10[39m
     20 Linear |R| = [32m2.144709e-10[39m
     21 Linear |R| = [32m7.850172e-11[39m
     22 Linear |R| = [32m3.554630e-11[39m
     23 Linear |R| = [32m2.070461e-11[39m
 1 Nonlinear |R| = [32m1.614906e-06[39m
      0 Linear |R| = [32m1.614906e-06[39m
      1 Linear |R| = [32m5.418538e-08[39m
      2 Linear |R| = [32m4.723401e-08[39m
      3 Linear |R| = [32m1.214781e-08[39m
      4 Linear |R| = [32m1.041624e-09[39m
      5 Linear |R| = [32m9.251461e-10[39m
      6 Linear |R| = [32m1.936748e-10[39m
      7 Linear |R| = [32m1.191117e-10[39m
      8 Linear |R| = [32m3.229507e-11[39m
      9 Linear |R| = [32m1.747382e-11[39m
     10 Linear |R| = [33m1.708732e-11[39m
     11 Linear |R| = [32m8.741891e-12[39m
     12 Linear |R| = [32m1.757206e-12[39m
     13 Linear |R| = [32m1.202516e-12[39m
     14 Linear |R| = [32m3.079898e-13[39m
     15 Linear |R| = [33m3.013916e-13[39m
     16 Linear |R| = [32m1.504106e-13[39m
     17 Linear |R| = [32m6.587790e-14[39m
     18 Linear |R| = [32m1.827932e-14[39m
     19 Linear |R| = [32m1.145814e-14[39m
     20 Linear |R| = [32m1.042501e-14[39m
     21 Linear |R| = [32m3.161882e-15[39m
     22 Linear |R| = [32m1.284506e-15[39m
 2 Nonlinear |R| = [32m2.944712e-12[39m
[32m Solve Converged![39m

Postprocessor Values:
+----------------+----------------+----------------+----------------+----------------+----------------+----------------+
| time           | J_max          | J_min          | Jbar_max       | Jbar_min       | center_pressure| edge_ux        |
+----------------+----------------+----------------+----------------+----------------+----------------+----------------+
:                :                :                :                :                :                :                :
|   6.200000e-02 |   9.817747e-01 |   9.744760e-01 |   9.902583e-01 |   9.893719e-01 |   1.482005e-01 |   5.084858e-03 |
|   6.300000e-02 |   9.817301e-01 |   9.744665e-01 |   9.902498e-01 |   9.893672e-01 |   1.474864e-01 |   5.044839e-03 |
|   6.400000e-02 |   9.816857e-01 |   9.744570e-01 |   9.902414e-01 |   9.893627e-01 |   1.467761e-01 |   5.005001e-03 |
|   6.500000e-02 |   9.816414e-01 |   9.744474e-01 |   9.902330e-01 |   9.893581e-01 |   1.460698e-01 |   4.965344e-03 |
|   6.600000e-02 |   9.815972e-01 |   9.744378e-01 |   9.902247e-01 |   9.893536e-01 |   1.453673e-01 |   4.925868e-03 |
|   6.700000e-02 |   9.815531e-01 |   9.744282e-01 |   9.902164e-01 |   9.893492e-01 |   1.446685e-01 |   4.886573e-03 |
|   6.800000e-02 |   9.815092e-01 |   9.744185e-01 |   9.902082e-01 |   9.893448e-01 |   1.439736e-01 |   4.847456e-03 |
|   6.900000e-02 |   9.814654e-01 |   9.744089e-01 |   9.902000e-01 |   9.893404e-01 |   1.432823e-01 |   4.808520e-03 |
|   7.000000e-02 |   9.814217e-01 |   9.743992e-01 |   9.901918e-01 |   9.893361e-01 |   1.425947e-01 |   4.769762e-03 |
|   7.100000e-02 |   9.813782e-01 |   9.743895e-01 |   9.901837e-01 |   9.893318e-01 |   1.419106e-01 |   4.731182e-03 |
|   7.200000e-02 |   9.813348e-01 |   9.743798e-01 |   9.901756e-01 |   9.893276e-01 |   1.412302e-01 |   4.692780e-03 |
|   7.300000e-02 |   9.812916e-01 |   9.743701e-01 |   9.901676e-01 |   9.893234e-01 |   1.405532e-01 |   4.654555e-03 |
|   7.400000e-02 |   9.812485e-01 |   9.743603e-01 |   9.901597e-01 |   9.893192e-01 |   1.398798e-01 |   4.616506e-03 |
|   7.500000e-02 |   9.812056e-01 |   9.743506e-01 |   9.901517e-01 |   9.893150e-01 |   1.392098e-01 |   4.578634e-03 |
|   7.600000e-02 |   9.811628e-01 |   9.743409e-01 |   9.901438e-01 |   9.893109e-01 |   1.385432e-01 |   4.540937e-03 |
+----------------+----------------+----------------+----------------+----------------+----------------+----------------+
+----------------+----------------+----------------+------------------+----------------+----------------+
| time           | mass           | mass_reaction  | outflow_gradient | platen_max     | platen_min     |
+----------------+----------------+----------------+------------------+----------------+----------------+
:                :                :                :                  :                :                :
|   6.200000e-02 |   1.575611e+00 |  -2.922689e-01 |     1.519361e-01 |  -4.422346e-02 |  -4.422346e-02 |
|   6.300000e-02 |   1.575320e+00 |  -2.906898e-01 |     1.511230e-01 |  -4.426347e-02 |  -4.426347e-02 |
|   6.400000e-02 |   1.575031e+00 |  -2.891284e-01 |     1.503186e-01 |  -4.430328e-02 |  -4.430328e-02 |
|   6.500000e-02 |   1.574743e+00 |  -2.875842e-01 |     1.495229e-01 |  -4.434287e-02 |  -4.434287e-02 |
|   6.600000e-02 |   1.574457e+00 |  -2.860564e-01 |     1.487353e-01 |  -4.438226e-02 |  -4.438226e-02 |
|   6.700000e-02 |   1.574173e+00 |  -2.845446e-01 |     1.479557e-01 |  -4.442144e-02 |  -4.442144e-02 |
|   6.800000e-02 |   1.573890e+00 |  -2.830480e-01 |     1.471838e-01 |  -4.446042e-02 |  -4.446042e-02 |
|   6.900000e-02 |   1.573608e+00 |  -2.815662e-01 |     1.464192e-01 |  -4.449920e-02 |  -4.449920e-02 |
|   7.000000e-02 |   1.573328e+00 |  -2.800986e-01 |     1.456617e-01 |  -4.453777e-02 |  -4.453777e-02 |
|   7.100000e-02 |   1.573050e+00 |  -2.786448e-01 |     1.449111e-01 |  -4.457615e-02 |  -4.457615e-02 |
|   7.200000e-02 |   1.572772e+00 |  -2.772043e-01 |     1.441672e-01 |  -4.461434e-02 |  -4.461434e-02 |
|   7.300000e-02 |   1.572497e+00 |  -2.757766e-01 |     1.434298e-01 |  -4.465233e-02 |  -4.465233e-02 |
|   7.400000e-02 |   1.572222e+00 |  -2.743614e-01 |     1.426986e-01 |  -4.469013e-02 |  -4.469013e-02 |
|   7.500000e-02 |   1.571949e+00 |  -2.729583e-01 |     1.419734e-01 |  -4.472773e-02 |  -4.472773e-02 |
|   7.600000e-02 |   1.571678e+00 |  -2.715669e-01 |     1.412542e-01 |  -4.476515e-02 |  -4.476515e-02 |
+----------------+----------------+----------------+------------------+----------------+----------------+
+----------------+--------------------+--------------------+----------------+----------------+----------------+
| time           | solid_fraction_max | solid_fraction_min | stability_max  | stability_min  | top_reaction   |
+----------------+--------------------+--------------------+----------------+----------------+----------------+
:                :                    :                    :                :                :                :
|   6.200000e-02 |       6.091884e-01 |       6.046436e-01 |   2.810250e+01 |   2.800310e+01 |  -1.400000e+00 |
|   6.300000e-02 |       6.091922e-01 |       6.046681e-01 |   2.810205e+01 |   2.800309e+01 |  -1.400000e+00 |
|   6.400000e-02 |       6.091960e-01 |       6.046927e-01 |   2.810161e+01 |   2.800307e+01 |  -1.400000e+00 |
|   6.500000e-02 |       6.091999e-01 |       6.047172e-01 |   2.810116e+01 |   2.800305e+01 |  -1.400000e+00 |
|   6.600000e-02 |       6.092037e-01 |       6.047417e-01 |   2.810071e+01 |   2.800304e+01 |  -1.400000e+00 |
|   6.700000e-02 |       6.092076e-01 |       6.047661e-01 |   2.810026e+01 |   2.800302e+01 |  -1.400000e+00 |
|   6.800000e-02 |       6.092115e-01 |       6.047905e-01 |   2.809982e+01 |   2.800301e+01 |  -1.400000e+00 |
|   6.900000e-02 |       6.092153e-01 |       6.048148e-01 |   2.809937e+01 |   2.800299e+01 |  -1.400000e+00 |
|   7.000000e-02 |       6.092192e-01 |       6.048390e-01 |   2.809892e+01 |   2.800297e+01 |  -1.400000e+00 |
|   7.100000e-02 |       6.092231e-01 |       6.048632e-01 |   2.809848e+01 |   2.800296e+01 |  -1.400000e+00 |
|   7.200000e-02 |       6.092270e-01 |       6.048873e-01 |   2.809803e+01 |   2.800294e+01 |  -1.400000e+00 |
|   7.300000e-02 |       6.092308e-01 |       6.049114e-01 |   2.809759e+01 |   2.800293e+01 |  -1.400000e+00 |
|   7.400000e-02 |       6.092347e-01 |       6.049354e-01 |   2.809715e+01 |   2.800291e+01 |  -1.400000e+00 |
|   7.500000e-02 |       6.092386e-01 |       6.049593e-01 |   2.809670e+01 |   2.800290e+01 |  -1.400000e+00 |
|   7.600000e-02 |       6.092425e-01 |       6.049832e-01 |   2.809626e+01 |   2.800288e+01 |  -1.400000e+00 |
+----------------+--------------------+--------------------+----------------+----------------+----------------+


Time Step 77, time = 0.077, dt = 0.001
 * Nonlinear |R| = [32m2.201274e-02[39m (Before preset BCs, predictors, correctors, and constraints)
 0 Nonlinear |R| = [32m2.201274e-02[39m
      0 Linear |R| = [32m2.201274e-02[39m
      1 Linear |R| = [32m1.376708e-03[39m
      2 Linear |R| = [33m1.350326e-03[39m
      3 Linear |R| = [32m4.007047e-04[39m
      4 Linear |R| = [32m3.375506e-05[39m
      5 Linear |R| = [32m1.604656e-05[39m
      6 Linear |R| = [32m5.662004e-06[39m
      7 Linear |R| = [32m3.600951e-06[39m
      8 Linear |R| = [32m9.834385e-07[39m
      9 Linear |R| = [32m4.955238e-07[39m
     10 Linear |R| = [32m3.961279e-07[39m
     11 Linear |R| = [32m2.651975e-07[39m
     12 Linear |R| = [32m4.746419e-08[39m
     13 Linear |R| = [32m3.161086e-08[39m
     14 Linear |R| = [32m8.157534e-09[39m
     15 Linear |R| = [32m6.616716e-09[39m
     16 Linear |R| = [32m3.526540e-09[39m
     17 Linear |R| = [32m1.738467e-09[39m
     18 Linear |R| = [32m3.926644e-10[39m
     19 Linear |R| = [32m2.439496e-10[39m
     20 Linear |R| = [32m1.941678e-10[39m
     21 Linear |R| = [32m7.744392e-11[39m
     22 Linear |R| = [32m3.510564e-11[39m
     23 Linear |R| = [32m2.046445e-11[39m
 1 Nonlinear |R| = [32m1.595091e-06[39m
      0 Linear |R| = [32m1.595091e-06[39m
      1 Linear |R| = [32m5.432036e-08[39m
      2 Linear |R| = [32m4.717309e-08[39m
      3 Linear |R| = [32m1.211157e-08[39m
      4 Linear |R| = [32m1.041762e-09[39m
      5 Linear |R| = [32m9.279170e-10[39m
      6 Linear |R| = [32m2.120161e-10[39m
      7 Linear |R| = [32m1.273413e-10[39m
      8 Linear |R| = [32m3.393786e-11[39m
      9 Linear |R| = [32m1.891788e-11[39m
     10 Linear |R| = [33m1.870610e-11[39m
     11 Linear |R| = [32m8.952505e-12[39m
     12 Linear |R| = [32m1.717057e-12[39m
     13 Linear |R| = [32m1.160800e-12[39m
     14 Linear |R| = [32m2.937277e-13[39m
     15 Linear |R| = [33m2.916697e-13[39m
     16 Linear |R| = [32m1.447754e-13[39m
     17 Linear |R| = [32m6.552132e-14[39m
     18 Linear |R| = [32m1.816598e-14[39m
     19 Linear |R| = [32m1.118067e-14[39m
     20 Linear |R| = [33m1.069425e-14[39m
     21 Linear |R| = [32m3.254008e-15[39m
     22 Linear |R| = [32m1.454724e-15[39m
 2 Nonlinear |R| = [32m3.095444e-12[39m
[32m Solve Converged![39m

Postprocessor Values:
+----------------+----------------+----------------+----------------+----------------+----------------+----------------+
| time           | J_max          | J_min          | Jbar_max       | Jbar_min       | center_pressure| edge_ux        |
+----------------+----------------+----------------+----------------+----------------+----------------+----------------+
:                :                :                :                :                :                :                :
|   6.300000e-02 |   9.817301e-01 |   9.744665e-01 |   9.902498e-01 |   9.893672e-01 |   1.474864e-01 |   5.044839e-03 |
|   6.400000e-02 |   9.816857e-01 |   9.744570e-01 |   9.902414e-01 |   9.893627e-01 |   1.467761e-01 |   5.005001e-03 |
|   6.500000e-02 |   9.816414e-01 |   9.744474e-01 |   9.902330e-01 |   9.893581e-01 |   1.460698e-01 |   4.965344e-03 |
|   6.600000e-02 |   9.815972e-01 |   9.744378e-01 |   9.902247e-01 |   9.893536e-01 |   1.453673e-01 |   4.925868e-03 |
|   6.700000e-02 |   9.815531e-01 |   9.744282e-01 |   9.902164e-01 |   9.893492e-01 |   1.446685e-01 |   4.886573e-03 |
|   6.800000e-02 |   9.815092e-01 |   9.744185e-01 |   9.902082e-01 |   9.893448e-01 |   1.439736e-01 |   4.847456e-03 |
|   6.900000e-02 |   9.814654e-01 |   9.744089e-01 |   9.902000e-01 |   9.893404e-01 |   1.432823e-01 |   4.808520e-03 |
|   7.000000e-02 |   9.814217e-01 |   9.743992e-01 |   9.901918e-01 |   9.893361e-01 |   1.425947e-01 |   4.769762e-03 |
|   7.100000e-02 |   9.813782e-01 |   9.743895e-01 |   9.901837e-01 |   9.893318e-01 |   1.419106e-01 |   4.731182e-03 |
|   7.200000e-02 |   9.813348e-01 |   9.743798e-01 |   9.901756e-01 |   9.893276e-01 |   1.412302e-01 |   4.692780e-03 |
|   7.300000e-02 |   9.812916e-01 |   9.743701e-01 |   9.901676e-01 |   9.893234e-01 |   1.405532e-01 |   4.654555e-03 |
|   7.400000e-02 |   9.812485e-01 |   9.743603e-01 |   9.901597e-01 |   9.893192e-01 |   1.398798e-01 |   4.616506e-03 |
|   7.500000e-02 |   9.812056e-01 |   9.743506e-01 |   9.901517e-01 |   9.893150e-01 |   1.392098e-01 |   4.578634e-03 |
|   7.600000e-02 |   9.811628e-01 |   9.743409e-01 |   9.901438e-01 |   9.893109e-01 |   1.385432e-01 |   4.540937e-03 |
|   7.700000e-02 |   9.811202e-01 |   9.743312e-01 |   9.901360e-01 |   9.893069e-01 |   1.378799e-01 |   4.503415e-03 |
+----------------+----------------+----------------+----------------+----------------+----------------+----------------+
+----------------+----------------+----------------+------------------+----------------+----------------+
| time           | mass           | mass_reaction  | outflow_gradient | platen_max     | platen_min     |
+----------------+----------------+----------------+------------------+----------------+----------------+
:                :                :                :                  :                :                :
|   6.300000e-02 |   1.575320e+00 |  -2.906898e-01 |     1.511230e-01 |  -4.426347e-02 |  -4.426347e-02 |
|   6.400000e-02 |   1.575031e+00 |  -2.891284e-01 |     1.503186e-01 |  -4.430328e-02 |  -4.430328e-02 |
|   6.500000e-02 |   1.574743e+00 |  -2.875842e-01 |     1.495229e-01 |  -4.434287e-02 |  -4.434287e-02 |
|   6.600000e-02 |   1.574457e+00 |  -2.860564e-01 |     1.487353e-01 |  -4.438226e-02 |  -4.438226e-02 |
|   6.700000e-02 |   1.574173e+00 |  -2.845446e-01 |     1.479557e-01 |  -4.442144e-02 |  -4.442144e-02 |
|   6.800000e-02 |   1.573890e+00 |  -2.830480e-01 |     1.471838e-01 |  -4.446042e-02 |  -4.446042e-02 |
|   6.900000e-02 |   1.573608e+00 |  -2.815662e-01 |     1.464192e-01 |  -4.449920e-02 |  -4.449920e-02 |
|   7.000000e-02 |   1.573328e+00 |  -2.800986e-01 |     1.456617e-01 |  -4.453777e-02 |  -4.453777e-02 |
|   7.100000e-02 |   1.573050e+00 |  -2.786448e-01 |     1.449111e-01 |  -4.457615e-02 |  -4.457615e-02 |
|   7.200000e-02 |   1.572772e+00 |  -2.772043e-01 |     1.441672e-01 |  -4.461434e-02 |  -4.461434e-02 |
|   7.300000e-02 |   1.572497e+00 |  -2.757766e-01 |     1.434298e-01 |  -4.465233e-02 |  -4.465233e-02 |
|   7.400000e-02 |   1.572222e+00 |  -2.743614e-01 |     1.426986e-01 |  -4.469013e-02 |  -4.469013e-02 |
|   7.500000e-02 |   1.571949e+00 |  -2.729583e-01 |     1.419734e-01 |  -4.472773e-02 |  -4.472773e-02 |
|   7.600000e-02 |   1.571678e+00 |  -2.715669e-01 |     1.412542e-01 |  -4.476515e-02 |  -4.476515e-02 |
|   7.700000e-02 |   1.571407e+00 |  -2.701868e-01 |     1.405406e-01 |  -4.480238e-02 |  -4.480238e-02 |
+----------------+----------------+----------------+------------------+----------------+----------------+
+----------------+--------------------+--------------------+----------------+----------------+----------------+
| time           | solid_fraction_max | solid_fraction_min | stability_max  | stability_min  | top_reaction   |
+----------------+--------------------+--------------------+----------------+----------------+----------------+
:                :                    :                    :                :                :                :
|   6.300000e-02 |       6.091922e-01 |       6.046681e-01 |   2.810205e+01 |   2.800309e+01 |  -1.400000e+00 |
|   6.400000e-02 |       6.091960e-01 |       6.046927e-01 |   2.810161e+01 |   2.800307e+01 |  -1.400000e+00 |
|   6.500000e-02 |       6.091999e-01 |       6.047172e-01 |   2.810116e+01 |   2.800305e+01 |  -1.400000e+00 |
|   6.600000e-02 |       6.092037e-01 |       6.047417e-01 |   2.810071e+01 |   2.800304e+01 |  -1.400000e+00 |
|   6.700000e-02 |       6.092076e-01 |       6.047661e-01 |   2.810026e+01 |   2.800302e+01 |  -1.400000e+00 |
|   6.800000e-02 |       6.092115e-01 |       6.047905e-01 |   2.809982e+01 |   2.800301e+01 |  -1.400000e+00 |
|   6.900000e-02 |       6.092153e-01 |       6.048148e-01 |   2.809937e+01 |   2.800299e+01 |  -1.400000e+00 |
|   7.000000e-02 |       6.092192e-01 |       6.048390e-01 |   2.809892e+01 |   2.800297e+01 |  -1.400000e+00 |
|   7.100000e-02 |       6.092231e-01 |       6.048632e-01 |   2.809848e+01 |   2.800296e+01 |  -1.400000e+00 |
|   7.200000e-02 |       6.092270e-01 |       6.048873e-01 |   2.809803e+01 |   2.800294e+01 |  -1.400000e+00 |
|   7.300000e-02 |       6.092308e-01 |       6.049114e-01 |   2.809759e+01 |   2.800293e+01 |  -1.400000e+00 |
|   7.400000e-02 |       6.092347e-01 |       6.049354e-01 |   2.809715e+01 |   2.800291e+01 |  -1.400000e+00 |
|   7.500000e-02 |       6.092386e-01 |       6.049593e-01 |   2.809670e+01 |   2.800290e+01 |  -1.400000e+00 |
|   7.600000e-02 |       6.092425e-01 |       6.049832e-01 |   2.809626e+01 |   2.800288e+01 |  -1.400000e+00 |
|   7.700000e-02 |       6.092463e-01 |       6.050069e-01 |   2.809582e+01 |   2.800287e+01 |  -1.400000e+00 |
+----------------+--------------------+--------------------+----------------+----------------+----------------+


Time Step 78, time = 0.078, dt = 0.001
 * Nonlinear |R| = [32m2.190460e-02[39m (Before preset BCs, predictors, correctors, and constraints)
 0 Nonlinear |R| = [32m2.190460e-02[39m
      0 Linear |R| = [32m2.190460e-02[39m
      1 Linear |R| = [32m1.369887e-03[39m
      2 Linear |R| = [33m1.343636e-03[39m
      3 Linear |R| = [32m3.986699e-04[39m
      4 Linear |R| = [32m3.357966e-05[39m
      5 Linear |R| = [32m1.613482e-05[39m
      6 Linear |R| = [32m5.629712e-06[39m
      7 Linear |R| = [32m3.580126e-06[39m
      8 Linear |R| = [32m9.778767e-07[39m
      9 Linear |R| = [32m4.929629e-07[39m
     10 Linear |R| = [32m4.136303e-07[39m
     11 Linear |R| = [32m2.637963e-07[39m
     12 Linear |R| = [32m4.714331e-08[39m
     13 Linear |R| = [32m3.138960e-08[39m
     14 Linear |R| = [32m8.146401e-09[39m
     15 Linear |R| = [32m7.179147e-09[39m
     16 Linear |R| = [32m3.499783e-09[39m
     17 Linear |R| = [32m1.724901e-09[39m
     18 Linear |R| = [32m3.881162e-10[39m
     19 Linear |R| = [32m2.412282e-10[39m
     20 Linear |R| = [32m2.032302e-10[39m
     21 Linear |R| = [32m7.644296e-11[39m
     22 Linear |R| = [32m3.467840e-11[39m
     23 Linear |R| = [32m2.022996e-11[39m
 1 Nonlinear |R| = [32m1.589687e-06[39m
      0 Linear |R| = [32m1.589687e-06[39m
      1 Linear |R| = [32m5.329051e-08[39m
      2 Linear |R| = [32m4.543531e-08[39m
      3 Linear |R| = [32m1.168463e-08[39m
      4 Linear |R| = [32m1.003450e-09[39m
      5 Linear |R| = [32m9.204341e-10[39m
      6 Linear |R| = [32m1.856792e-10[39m
      7 Linear |R| = [32m1.161725e-10[39m
      8 Linear |R| = [32m3.054433e-11[39m
      9 Linear |R| = [32m1.588302e-11[39m
     10 Linear |R| = [33m1.577078e-11[39m
     11 Linear |R| = [32m8.276331e-12[39m
     12 Linear |R| = [32m1.781694e-12[39m
     13 Linear |R| = [32m1.216487e-12[39m
     14 Linear |R| = [32m2.953518e-13[39m
     15 Linear |R| = [33m2.932385e-13[39m
     16 Linear |R| = [32m1.426534e-13[39m
     17 Linear |R| = [32m6.386510e-14[39m
     18 Linear |R| = [32m1.809436e-14[39m
     19 Linear |R| = [32m1.097910e-14[39m
     20 Linear |R| = [33m1.065117e-14[39m
     21 Linear |R| = [32m2.748860e-15[39m
     22 Linear |R| = [32m1.276800e-15[39m
 2 Nonlinear |R| = [32m3.167713e-12[39m
[32m Solve Converged![39m

Postprocessor Values:
+----------------+----------------+----------------+----------------+----------------+----------------+----------------+
| time           | J_max          | J_min          | Jbar_max       | Jbar_min       | center_pressure| edge_ux        |
+----------------+----------------+----------------+----------------+----------------+----------------+----------------+
:                :                :                :                :                :                :                :
|   6.400000e-02 |   9.816857e-01 |   9.744570e-01 |   9.902414e-01 |   9.893627e-01 |   1.467761e-01 |   5.005001e-03 |
|   6.500000e-02 |   9.816414e-01 |   9.744474e-01 |   9.902330e-01 |   9.893581e-01 |   1.460698e-01 |   4.965344e-03 |
|   6.600000e-02 |   9.815972e-01 |   9.744378e-01 |   9.902247e-01 |   9.893536e-01 |   1.453673e-01 |   4.925868e-03 |
|   6.700000e-02 |   9.815531e-01 |   9.744282e-01 |   9.902164e-01 |   9.893492e-01 |   1.446685e-01 |   4.886573e-03 |
|   6.800000e-02 |   9.815092e-01 |   9.744185e-01 |   9.902082e-01 |   9.893448e-01 |   1.439736e-01 |   4.847456e-03 |
|   6.900000e-02 |   9.814654e-01 |   9.744089e-01 |   9.902000e-01 |   9.893404e-01 |   1.432823e-01 |   4.808520e-03 |
|   7.000000e-02 |   9.814217e-01 |   9.743992e-01 |   9.901918e-01 |   9.893361e-01 |   1.425947e-01 |   4.769762e-03 |
|   7.100000e-02 |   9.813782e-01 |   9.743895e-01 |   9.901837e-01 |   9.893318e-01 |   1.419106e-01 |   4.731182e-03 |
|   7.200000e-02 |   9.813348e-01 |   9.743798e-01 |   9.901756e-01 |   9.893276e-01 |   1.412302e-01 |   4.692780e-03 |
|   7.300000e-02 |   9.812916e-01 |   9.743701e-01 |   9.901676e-01 |   9.893234e-01 |   1.405532e-01 |   4.654555e-03 |
|   7.400000e-02 |   9.812485e-01 |   9.743603e-01 |   9.901597e-01 |   9.893192e-01 |   1.398798e-01 |   4.616506e-03 |
|   7.500000e-02 |   9.812056e-01 |   9.743506e-01 |   9.901517e-01 |   9.893150e-01 |   1.392098e-01 |   4.578634e-03 |
|   7.600000e-02 |   9.811628e-01 |   9.743409e-01 |   9.901438e-01 |   9.893109e-01 |   1.385432e-01 |   4.540937e-03 |
|   7.700000e-02 |   9.811202e-01 |   9.743312e-01 |   9.901360e-01 |   9.893069e-01 |   1.378799e-01 |   4.503415e-03 |
|   7.800000e-02 |   9.810777e-01 |   9.743215e-01 |   9.901282e-01 |   9.893028e-01 |   1.372201e-01 |   4.466068e-03 |
+----------------+----------------+----------------+----------------+----------------+----------------+----------------+
+----------------+----------------+----------------+------------------+----------------+----------------+
| time           | mass           | mass_reaction  | outflow_gradient | platen_max     | platen_min     |
+----------------+----------------+----------------+------------------+----------------+----------------+
:                :                :                :                  :                :                :
|   6.400000e-02 |   1.575031e+00 |  -2.891284e-01 |     1.503186e-01 |  -4.430328e-02 |  -4.430328e-02 |
|   6.500000e-02 |   1.574743e+00 |  -2.875842e-01 |     1.495229e-01 |  -4.434287e-02 |  -4.434287e-02 |
|   6.600000e-02 |   1.574457e+00 |  -2.860564e-01 |     1.487353e-01 |  -4.438226e-02 |  -4.438226e-02 |
|   6.700000e-02 |   1.574173e+00 |  -2.845446e-01 |     1.479557e-01 |  -4.442144e-02 |  -4.442144e-02 |
|   6.800000e-02 |   1.573890e+00 |  -2.830480e-01 |     1.471838e-01 |  -4.446042e-02 |  -4.446042e-02 |
|   6.900000e-02 |   1.573608e+00 |  -2.815662e-01 |     1.464192e-01 |  -4.449920e-02 |  -4.449920e-02 |
|   7.000000e-02 |   1.573328e+00 |  -2.800986e-01 |     1.456617e-01 |  -4.453777e-02 |  -4.453777e-02 |
|   7.100000e-02 |   1.573050e+00 |  -2.786448e-01 |     1.449111e-01 |  -4.457615e-02 |  -4.457615e-02 |
|   7.200000e-02 |   1.572772e+00 |  -2.772043e-01 |     1.441672e-01 |  -4.461434e-02 |  -4.461434e-02 |
|   7.300000e-02 |   1.572497e+00 |  -2.757766e-01 |     1.434298e-01 |  -4.465233e-02 |  -4.465233e-02 |
|   7.400000e-02 |   1.572222e+00 |  -2.743614e-01 |     1.426986e-01 |  -4.469013e-02 |  -4.469013e-02 |
|   7.500000e-02 |   1.571949e+00 |  -2.729583e-01 |     1.419734e-01 |  -4.472773e-02 |  -4.472773e-02 |
|   7.600000e-02 |   1.571678e+00 |  -2.715669e-01 |     1.412542e-01 |  -4.476515e-02 |  -4.476515e-02 |
|   7.700000e-02 |   1.571407e+00 |  -2.701868e-01 |     1.405406e-01 |  -4.480238e-02 |  -4.480238e-02 |
|   7.800000e-02 |   1.571139e+00 |  -2.688177e-01 |     1.398326e-01 |  -4.483942e-02 |  -4.483942e-02 |
+----------------+----------------+----------------+------------------+----------------+----------------+
+----------------+--------------------+--------------------+----------------+----------------+----------------+
| time           | solid_fraction_max | solid_fraction_min | stability_max  | stability_min  | top_reaction   |
+----------------+--------------------+--------------------+----------------+----------------+----------------+
:                :                    :                    :                :                :                :
|   6.400000e-02 |       6.091960e-01 |       6.046927e-01 |   2.810161e+01 |   2.800307e+01 |  -1.400000e+00 |
|   6.500000e-02 |       6.091999e-01 |       6.047172e-01 |   2.810116e+01 |   2.800305e+01 |  -1.400000e+00 |
|   6.600000e-02 |       6.092037e-01 |       6.047417e-01 |   2.810071e+01 |   2.800304e+01 |  -1.400000e+00 |
|   6.700000e-02 |       6.092076e-01 |       6.047661e-01 |   2.810026e+01 |   2.800302e+01 |  -1.400000e+00 |
|   6.800000e-02 |       6.092115e-01 |       6.047905e-01 |   2.809982e+01 |   2.800301e+01 |  -1.400000e+00 |
|   6.900000e-02 |       6.092153e-01 |       6.048148e-01 |   2.809937e+01 |   2.800299e+01 |  -1.400000e+00 |
|   7.000000e-02 |       6.092192e-01 |       6.048390e-01 |   2.809892e+01 |   2.800297e+01 |  -1.400000e+00 |
|   7.100000e-02 |       6.092231e-01 |       6.048632e-01 |   2.809848e+01 |   2.800296e+01 |  -1.400000e+00 |
|   7.200000e-02 |       6.092270e-01 |       6.048873e-01 |   2.809803e+01 |   2.800294e+01 |  -1.400000e+00 |
|   7.300000e-02 |       6.092308e-01 |       6.049114e-01 |   2.809759e+01 |   2.800293e+01 |  -1.400000e+00 |
|   7.400000e-02 |       6.092347e-01 |       6.049354e-01 |   2.809715e+01 |   2.800291e+01 |  -1.400000e+00 |
|   7.500000e-02 |       6.092386e-01 |       6.049593e-01 |   2.809670e+01 |   2.800290e+01 |  -1.400000e+00 |
|   7.600000e-02 |       6.092425e-01 |       6.049832e-01 |   2.809626e+01 |   2.800288e+01 |  -1.400000e+00 |
|   7.700000e-02 |       6.092463e-01 |       6.050069e-01 |   2.809582e+01 |   2.800287e+01 |  -1.400000e+00 |
|   7.800000e-02 |       6.092502e-01 |       6.050306e-01 |   2.809538e+01 |   2.800286e+01 |  -1.400000e+00 |
+----------------+--------------------+--------------------+----------------+----------------+----------------+


Time Step 79, time = 0.079, dt = 0.001
 * Nonlinear |R| = [32m2.179717e-02[39m (Before preset BCs, predictors, correctors, and constraints)
 0 Nonlinear |R| = [32m2.179717e-02[39m
      0 Linear |R| = [32m2.179717e-02[39m
      1 Linear |R| = [32m1.363112e-03[39m
      2 Linear |R| = [33m1.336989e-03[39m
      3 Linear |R| = [32m3.966694e-04[39m
      4 Linear |R| = [32m3.342191e-05[39m
      5 Linear |R| = [32m1.646100e-05[39m
      6 Linear |R| = [32m5.597782e-06[39m
      7 Linear |R| = [32m3.559572e-06[39m
      8 Linear |R| = [32m9.723673e-07[39m
      9 Linear |R| = [32m4.898938e-07[39m
     10 Linear |R| = [32m3.987288e-07[39m
     11 Linear |R| = [32m2.621811e-07[39m
     12 Linear |R| = [32m4.682945e-08[39m
     13 Linear |R| = [32m3.117351e-08[39m
     14 Linear |R| = [32m8.077288e-09[39m
     15 Linear |R| = [32m6.948153e-09[39m
     16 Linear |R| = [32m3.473243e-09[39m
     17 Linear |R| = [32m1.711652e-09[39m
     18 Linear |R| = [32m3.837316e-10[39m
     19 Linear |R| = [32m2.384615e-10[39m
     20 Linear |R| = [32m2.041204e-10[39m
     21 Linear |R| = [32m7.545440e-11[39m
     22 Linear |R| = [32m3.426215e-11[39m
     23 Linear |R| = [32m2.000007e-11[39m
 1 Nonlinear |R| = [32m1.572749e-06[39m
      0 Linear |R| = [32m1.572749e-06[39m
      1 Linear |R| = [32m5.292082e-08[39m
      2 Linear |R| = [32m4.580036e-08[39m
      3 Linear |R| = [32m1.174433e-08[39m
      4 Linear |R| = [32m1.011290e-09[39m
      5 Linear |R| = [32m9.283411e-10[39m
      6 Linear |R| = [32m2.018183e-10[39m
      7 Linear |R| = [32m1.213048e-10[39m
      8 Linear |R| = [32m3.257277e-11[39m
      9 Linear |R| = [32m1.869822e-11[39m
     10 Linear |R| = [33m1.853713e-11[39m
     11 Linear |R| = [32m8.905713e-12[39m
     12 Linear |R| = [32m2.024601e-12[39m
     13 Linear |R| = [32m1.359540e-12[39m
     14 Linear |R| = [32m3.152560e-13[39m
     15 Linear |R| = [33m3.149724e-13[39m
     16 Linear |R| = [32m1.622030e-13[39m
     17 Linear |R| = [32m7.020611e-14[39m
     18 Linear |R| = [32m2.116678e-14[39m
     19 Linear |R| = [32m1.282835e-14[39m
     20 Linear |R| = [33m1.225664e-14[39m
     21 Linear |R| = [32m3.256742e-15[39m
     22 Linear |R| = [32m1.550306e-15[39m
 2 Nonlinear |R| = [32m3.195933e-12[39m
[32m Solve Converged![39m

Postprocessor Values:
+----------------+----------------+----------------+----------------+----------------+----------------+----------------+
| time           | J_max          | J_min          | Jbar_max       | Jbar_min       | center_pressure| edge_ux        |
+----------------+----------------+----------------+----------------+----------------+----------------+----------------+
:                :                :                :                :                :                :                :
|   6.500000e-02 |   9.816414e-01 |   9.744474e-01 |   9.902330e-01 |   9.893581e-01 |   1.460698e-01 |   4.965344e-03 |
|   6.600000e-02 |   9.815972e-01 |   9.744378e-01 |   9.902247e-01 |   9.893536e-01 |   1.453673e-01 |   4.925868e-03 |
|   6.700000e-02 |   9.815531e-01 |   9.744282e-01 |   9.902164e-01 |   9.893492e-01 |   1.446685e-01 |   4.886573e-03 |
|   6.800000e-02 |   9.815092e-01 |   9.744185e-01 |   9.902082e-01 |   9.893448e-01 |   1.439736e-01 |   4.847456e-03 |
|   6.900000e-02 |   9.814654e-01 |   9.744089e-01 |   9.902000e-01 |   9.893404e-01 |   1.432823e-01 |   4.808520e-03 |
|   7.000000e-02 |   9.814217e-01 |   9.743992e-01 |   9.901918e-01 |   9.893361e-01 |   1.425947e-01 |   4.769762e-03 |
|   7.100000e-02 |   9.813782e-01 |   9.743895e-01 |   9.901837e-01 |   9.893318e-01 |   1.419106e-01 |   4.731182e-03 |
|   7.200000e-02 |   9.813348e-01 |   9.743798e-01 |   9.901756e-01 |   9.893276e-01 |   1.412302e-01 |   4.692780e-03 |
|   7.300000e-02 |   9.812916e-01 |   9.743701e-01 |   9.901676e-01 |   9.893234e-01 |   1.405532e-01 |   4.654555e-03 |
|   7.400000e-02 |   9.812485e-01 |   9.743603e-01 |   9.901597e-01 |   9.893192e-01 |   1.398798e-01 |   4.616506e-03 |
|   7.500000e-02 |   9.812056e-01 |   9.743506e-01 |   9.901517e-01 |   9.893150e-01 |   1.392098e-01 |   4.578634e-03 |
|   7.600000e-02 |   9.811628e-01 |   9.743409e-01 |   9.901438e-01 |   9.893109e-01 |   1.385432e-01 |   4.540937e-03 |
|   7.700000e-02 |   9.811202e-01 |   9.743312e-01 |   9.901360e-01 |   9.893069e-01 |   1.378799e-01 |   4.503415e-03 |
|   7.800000e-02 |   9.810777e-01 |   9.743215e-01 |   9.901282e-01 |   9.893028e-01 |   1.372201e-01 |   4.466068e-03 |
|   7.900000e-02 |   9.810355e-01 |   9.743118e-01 |   9.901204e-01 |   9.892988e-01 |   1.365635e-01 |   4.428893e-03 |
+----------------+----------------+----------------+----------------+----------------+----------------+----------------+
+----------------+----------------+----------------+------------------+----------------+----------------+
| time           | mass           | mass_reaction  | outflow_gradient | platen_max     | platen_min     |
+----------------+----------------+----------------+------------------+----------------+----------------+
:                :                :                :                  :                :                :
|   6.500000e-02 |   1.574743e+00 |  -2.875842e-01 |     1.495229e-01 |  -4.434287e-02 |  -4.434287e-02 |
|   6.600000e-02 |   1.574457e+00 |  -2.860564e-01 |     1.487353e-01 |  -4.438226e-02 |  -4.438226e-02 |
|   6.700000e-02 |   1.574173e+00 |  -2.845446e-01 |     1.479557e-01 |  -4.442144e-02 |  -4.442144e-02 |
|   6.800000e-02 |   1.573890e+00 |  -2.830480e-01 |     1.471838e-01 |  -4.446042e-02 |  -4.446042e-02 |
|   6.900000e-02 |   1.573608e+00 |  -2.815662e-01 |     1.464192e-01 |  -4.449920e-02 |  -4.449920e-02 |
|   7.000000e-02 |   1.573328e+00 |  -2.800986e-01 |     1.456617e-01 |  -4.453777e-02 |  -4.453777e-02 |
|   7.100000e-02 |   1.573050e+00 |  -2.786448e-01 |     1.449111e-01 |  -4.457615e-02 |  -4.457615e-02 |
|   7.200000e-02 |   1.572772e+00 |  -2.772043e-01 |     1.441672e-01 |  -4.461434e-02 |  -4.461434e-02 |
|   7.300000e-02 |   1.572497e+00 |  -2.757766e-01 |     1.434298e-01 |  -4.465233e-02 |  -4.465233e-02 |
|   7.400000e-02 |   1.572222e+00 |  -2.743614e-01 |     1.426986e-01 |  -4.469013e-02 |  -4.469013e-02 |
|   7.500000e-02 |   1.571949e+00 |  -2.729583e-01 |     1.419734e-01 |  -4.472773e-02 |  -4.472773e-02 |
|   7.600000e-02 |   1.571678e+00 |  -2.715669e-01 |     1.412542e-01 |  -4.476515e-02 |  -4.476515e-02 |
|   7.700000e-02 |   1.571407e+00 |  -2.701868e-01 |     1.405406e-01 |  -4.480238e-02 |  -4.480238e-02 |
|   7.800000e-02 |   1.571139e+00 |  -2.688177e-01 |     1.398326e-01 |  -4.483942e-02 |  -4.483942e-02 |
|   7.900000e-02 |   1.570871e+00 |  -2.674593e-01 |     1.391300e-01 |  -4.487628e-02 |  -4.487628e-02 |
+----------------+----------------+----------------+------------------+----------------+----------------+
+----------------+--------------------+--------------------+----------------+----------------+----------------+
| time           | solid_fraction_max | solid_fraction_min | stability_max  | stability_min  | top_reaction   |
+----------------+--------------------+--------------------+----------------+----------------+----------------+
:                :                    :                    :                :                :                :
|   6.500000e-02 |       6.091999e-01 |       6.047172e-01 |   2.810116e+01 |   2.800305e+01 |  -1.400000e+00 |
|   6.600000e-02 |       6.092037e-01 |       6.047417e-01 |   2.810071e+01 |   2.800304e+01 |  -1.400000e+00 |
|   6.700000e-02 |       6.092076e-01 |       6.047661e-01 |   2.810026e+01 |   2.800302e+01 |  -1.400000e+00 |
|   6.800000e-02 |       6.092115e-01 |       6.047905e-01 |   2.809982e+01 |   2.800301e+01 |  -1.400000e+00 |
|   6.900000e-02 |       6.092153e-01 |       6.048148e-01 |   2.809937e+01 |   2.800299e+01 |  -1.400000e+00 |
|   7.000000e-02 |       6.092192e-01 |       6.048390e-01 |   2.809892e+01 |   2.800297e+01 |  -1.400000e+00 |
|   7.100000e-02 |       6.092231e-01 |       6.048632e-01 |   2.809848e+01 |   2.800296e+01 |  -1.400000e+00 |
|   7.200000e-02 |       6.092270e-01 |       6.048873e-01 |   2.809803e+01 |   2.800294e+01 |  -1.400000e+00 |
|   7.300000e-02 |       6.092308e-01 |       6.049114e-01 |   2.809759e+01 |   2.800293e+01 |  -1.400000e+00 |
|   7.400000e-02 |       6.092347e-01 |       6.049354e-01 |   2.809715e+01 |   2.800291e+01 |  -1.400000e+00 |
|   7.500000e-02 |       6.092386e-01 |       6.049593e-01 |   2.809670e+01 |   2.800290e+01 |  -1.400000e+00 |
|   7.600000e-02 |       6.092425e-01 |       6.049832e-01 |   2.809626e+01 |   2.800288e+01 |  -1.400000e+00 |
|   7.700000e-02 |       6.092463e-01 |       6.050069e-01 |   2.809582e+01 |   2.800287e+01 |  -1.400000e+00 |
|   7.800000e-02 |       6.092502e-01 |       6.050306e-01 |   2.809538e+01 |   2.800286e+01 |  -1.400000e+00 |
|   7.900000e-02 |       6.092541e-01 |       6.050543e-01 |   2.809494e+01 |   2.800284e+01 |  -1.400000e+00 |
+----------------+--------------------+--------------------+----------------+----------------+----------------+


Time Step 80, time = 0.08, dt = 0.001
 * Nonlinear |R| = [32m2.169043e-02[39m (Before preset BCs, predictors, correctors, and constraints)
 0 Nonlinear |R| = [32m2.169043e-02[39m
      0 Linear |R| = [32m2.169043e-02[39m
      1 Linear |R| = [32m1.356390e-03[39m
      2 Linear |R| = [33m1.330394e-03[39m
      3 Linear |R| = [32m3.946840e-04[39m
      4 Linear |R| = [32m3.324932e-05[39m
      5 Linear |R| = [32m1.637636e-05[39m
      6 Linear |R| = [32m5.566241e-06[39m
      7 Linear |R| = [32m3.539312e-06[39m
      8 Linear |R| = [32m9.669333e-07[39m
      9 Linear |R| = [32m4.874285e-07[39m
     10 Linear |R| = [32m4.163286e-07[39m
     11 Linear |R| = [32m2.608075e-07[39m
     12 Linear |R| = [32m4.652240e-08[39m
     13 Linear |R| = [32m3.096249e-08[39m
     14 Linear |R| = [32m8.023487e-09[39m
     15 Linear |R| = [32m6.865616e-09[39m
     16 Linear |R| = [32m3.447540e-09[39m
     17 Linear |R| = [32m1.698714e-09[39m
     18 Linear |R| = [32m3.794998e-10[39m
     19 Linear |R| = [32m2.355747e-10[39m
     20 Linear |R| = [32m1.936658e-10[39m
     21 Linear |R| = [32m7.448183e-11[39m
     22 Linear |R| = [32m3.385646e-11[39m
     23 Linear |R| = [32m1.977477e-11[39m
 1 Nonlinear |R| = [32m1.559625e-06[39m
      0 Linear |R| = [32m1.559625e-06[39m
      1 Linear |R| = [32m5.182423e-08[39m
      2 Linear |R| = [32m4.495680e-08[39m
      3 Linear |R| = [32m1.156569e-08[39m
      4 Linear |R| = [32m9.924803e-10[39m
      5 Linear |R| = [32m8.794876e-10[39m
      6 Linear |R| = [32m1.955343e-10[39m
      7 Linear |R| = [32m1.197611e-10[39m
      8 Linear |R| = [32m3.090760e-11[39m
      9 Linear |R| = [32m1.653891e-11[39m
     10 Linear |R| = [33m1.611893e-11[39m
     11 Linear |R| = [32m8.256246e-12[39m
     12 Linear |R| = [32m1.573315e-12[39m
     13 Linear |R| = [32m1.048443e-12[39m
     14 Linear |R| = [32m2.549003e-13[39m
     15 Linear |R| = [33m2.514949e-13[39m
     16 Linear |R| = [32m1.177918e-13[39m
     17 Linear |R| = [32m5.328702e-14[39m
     18 Linear |R| = [32m1.291089e-14[39m
     19 Linear |R| = [32m7.908825e-15[39m
     20 Linear |R| = [33m7.673284e-15[39m
     21 Linear |R| = [32m2.118195e-15[39m
     22 Linear |R| = [32m1.102489e-15[39m
 2 Nonlinear |R| = [32m2.841118e-12[39m
[32m Solve Converged![39m

Postprocessor Values:
+----------------+----------------+----------------+----------------+----------------+----------------+----------------+
| time           | J_max          | J_min          | Jbar_max       | Jbar_min       | center_pressure| edge_ux        |
+----------------+----------------+----------------+----------------+----------------+----------------+----------------+
:                :                :                :                :                :                :                :
|   6.600000e-02 |   9.815972e-01 |   9.744378e-01 |   9.902247e-01 |   9.893536e-01 |   1.453673e-01 |   4.925868e-03 |
|   6.700000e-02 |   9.815531e-01 |   9.744282e-01 |   9.902164e-01 |   9.893492e-01 |   1.446685e-01 |   4.886573e-03 |
|   6.800000e-02 |   9.815092e-01 |   9.744185e-01 |   9.902082e-01 |   9.893448e-01 |   1.439736e-01 |   4.847456e-03 |
|   6.900000e-02 |   9.814654e-01 |   9.744089e-01 |   9.902000e-01 |   9.893404e-01 |   1.432823e-01 |   4.808520e-03 |
|   7.000000e-02 |   9.814217e-01 |   9.743992e-01 |   9.901918e-01 |   9.893361e-01 |   1.425947e-01 |   4.769762e-03 |
|   7.100000e-02 |   9.813782e-01 |   9.743895e-01 |   9.901837e-01 |   9.893318e-01 |   1.419106e-01 |   4.731182e-03 |
|   7.200000e-02 |   9.813348e-01 |   9.743798e-01 |   9.901756e-01 |   9.893276e-01 |   1.412302e-01 |   4.692780e-03 |
|   7.300000e-02 |   9.812916e-01 |   9.743701e-01 |   9.901676e-01 |   9.893234e-01 |   1.405532e-01 |   4.654555e-03 |
|   7.400000e-02 |   9.812485e-01 |   9.743603e-01 |   9.901597e-01 |   9.893192e-01 |   1.398798e-01 |   4.616506e-03 |
|   7.500000e-02 |   9.812056e-01 |   9.743506e-01 |   9.901517e-01 |   9.893150e-01 |   1.392098e-01 |   4.578634e-03 |
|   7.600000e-02 |   9.811628e-01 |   9.743409e-01 |   9.901438e-01 |   9.893109e-01 |   1.385432e-01 |   4.540937e-03 |
|   7.700000e-02 |   9.811202e-01 |   9.743312e-01 |   9.901360e-01 |   9.893069e-01 |   1.378799e-01 |   4.503415e-03 |
|   7.800000e-02 |   9.810777e-01 |   9.743215e-01 |   9.901282e-01 |   9.893028e-01 |   1.372201e-01 |   4.466068e-03 |
|   7.900000e-02 |   9.810355e-01 |   9.743118e-01 |   9.901204e-01 |   9.892988e-01 |   1.365635e-01 |   4.428893e-03 |
|   8.000000e-02 |   9.809933e-01 |   9.743021e-01 |   9.901127e-01 |   9.892948e-01 |   1.359102e-01 |   4.391893e-03 |
+----------------+----------------+----------------+----------------+----------------+----------------+----------------+
+----------------+----------------+----------------+------------------+----------------+----------------+
| time           | mass           | mass_reaction  | outflow_gradient | platen_max     | platen_min     |
+----------------+----------------+----------------+------------------+----------------+----------------+
:                :                :                :                  :                :                :
|   6.600000e-02 |   1.574457e+00 |  -2.860564e-01 |     1.487353e-01 |  -4.438226e-02 |  -4.438226e-02 |
|   6.700000e-02 |   1.574173e+00 |  -2.845446e-01 |     1.479557e-01 |  -4.442144e-02 |  -4.442144e-02 |
|   6.800000e-02 |   1.573890e+00 |  -2.830480e-01 |     1.471838e-01 |  -4.446042e-02 |  -4.446042e-02 |
|   6.900000e-02 |   1.573608e+00 |  -2.815662e-01 |     1.464192e-01 |  -4.449920e-02 |  -4.449920e-02 |
|   7.000000e-02 |   1.573328e+00 |  -2.800986e-01 |     1.456617e-01 |  -4.453777e-02 |  -4.453777e-02 |
|   7.100000e-02 |   1.573050e+00 |  -2.786448e-01 |     1.449111e-01 |  -4.457615e-02 |  -4.457615e-02 |
|   7.200000e-02 |   1.572772e+00 |  -2.772043e-01 |     1.441672e-01 |  -4.461434e-02 |  -4.461434e-02 |
|   7.300000e-02 |   1.572497e+00 |  -2.757766e-01 |     1.434298e-01 |  -4.465233e-02 |  -4.465233e-02 |
|   7.400000e-02 |   1.572222e+00 |  -2.743614e-01 |     1.426986e-01 |  -4.469013e-02 |  -4.469013e-02 |
|   7.500000e-02 |   1.571949e+00 |  -2.729583e-01 |     1.419734e-01 |  -4.472773e-02 |  -4.472773e-02 |
|   7.600000e-02 |   1.571678e+00 |  -2.715669e-01 |     1.412542e-01 |  -4.476515e-02 |  -4.476515e-02 |
|   7.700000e-02 |   1.571407e+00 |  -2.701868e-01 |     1.405406e-01 |  -4.480238e-02 |  -4.480238e-02 |
|   7.800000e-02 |   1.571139e+00 |  -2.688177e-01 |     1.398326e-01 |  -4.483942e-02 |  -4.483942e-02 |
|   7.900000e-02 |   1.570871e+00 |  -2.674593e-01 |     1.391300e-01 |  -4.487628e-02 |  -4.487628e-02 |
|   8.000000e-02 |   1.570605e+00 |  -2.661113e-01 |     1.384327e-01 |  -4.491296e-02 |  -4.491296e-02 |
+----------------+----------------+----------------+------------------+----------------+----------------+
+----------------+--------------------+--------------------+----------------+----------------+----------------+
| time           | solid_fraction_max | solid_fraction_min | stability_max  | stability_min  | top_reaction   |
+----------------+--------------------+--------------------+----------------+----------------+----------------+
:                :                    :                    :                :                :                :
|   6.600000e-02 |       6.092037e-01 |       6.047417e-01 |   2.810071e+01 |   2.800304e+01 |  -1.400000e+00 |
|   6.700000e-02 |       6.092076e-01 |       6.047661e-01 |   2.810026e+01 |   2.800302e+01 |  -1.400000e+00 |
|   6.800000e-02 |       6.092115e-01 |       6.047905e-01 |   2.809982e+01 |   2.800301e+01 |  -1.400000e+00 |
|   6.900000e-02 |       6.092153e-01 |       6.048148e-01 |   2.809937e+01 |   2.800299e+01 |  -1.400000e+00 |
|   7.000000e-02 |       6.092192e-01 |       6.048390e-01 |   2.809892e+01 |   2.800297e+01 |  -1.400000e+00 |
|   7.100000e-02 |       6.092231e-01 |       6.048632e-01 |   2.809848e+01 |   2.800296e+01 |  -1.400000e+00 |
|   7.200000e-02 |       6.092270e-01 |       6.048873e-01 |   2.809803e+01 |   2.800294e+01 |  -1.400000e+00 |
|   7.300000e-02 |       6.092308e-01 |       6.049114e-01 |   2.809759e+01 |   2.800293e+01 |  -1.400000e+00 |
|   7.400000e-02 |       6.092347e-01 |       6.049354e-01 |   2.809715e+01 |   2.800291e+01 |  -1.400000e+00 |
|   7.500000e-02 |       6.092386e-01 |       6.049593e-01 |   2.809670e+01 |   2.800290e+01 |  -1.400000e+00 |
|   7.600000e-02 |       6.092425e-01 |       6.049832e-01 |   2.809626e+01 |   2.800288e+01 |  -1.400000e+00 |
|   7.700000e-02 |       6.092463e-01 |       6.050069e-01 |   2.809582e+01 |   2.800287e+01 |  -1.400000e+00 |
|   7.800000e-02 |       6.092502e-01 |       6.050306e-01 |   2.809538e+01 |   2.800286e+01 |  -1.400000e+00 |
|   7.900000e-02 |       6.092541e-01 |       6.050543e-01 |   2.809494e+01 |   2.800284e+01 |  -1.400000e+00 |
|   8.000000e-02 |       6.092579e-01 |       6.050778e-01 |   2.809451e+01 |   2.800283e+01 |  -1.400000e+00 |
+----------------+--------------------+--------------------+----------------+----------------+----------------+


Time Step 81, time = 0.081, dt = 0.001
 * Nonlinear |R| = [32m2.158435e-02[39m (Before preset BCs, predictors, correctors, and constraints)
 0 Nonlinear |R| = [32m2.158435e-02[39m
      0 Linear |R| = [32m2.158435e-02[39m
      1 Linear |R| = [32m1.349715e-03[39m
      2 Linear |R| = [33m1.323844e-03[39m
      3 Linear |R| = [32m3.927158e-04[39m
      4 Linear |R| = [32m3.308090e-05[39m
      5 Linear |R| = [32m1.591443e-05[39m
      6 Linear |R| = [32m5.535164e-06[39m
      7 Linear |R| = [32m3.519333e-06[39m
      8 Linear |R| = [32m9.615641e-07[39m
      9 Linear |R| = [32m4.842025e-07[39m
     10 Linear |R| = [32m3.891706e-07[39m
     11 Linear |R| = [32m2.591101e-07[39m
     12 Linear |R| = [32m4.622246e-08[39m
     13 Linear |R| = [32m3.075688e-08[39m
     14 Linear |R| = [32m7.988637e-09[39m
     15 Linear |R| = [32m7.013287e-09[39m
     16 Linear |R| = [32m3.422817e-09[39m
     17 Linear |R| = [32m1.686114e-09[39m
     18 Linear |R| = [32m3.754437e-10[39m
     19 Linear |R| = [32m2.331039e-10[39m
     20 Linear |R| = [32m1.988322e-10[39m
     21 Linear |R| = [32m7.354839e-11[39m
     22 Linear |R| = [32m3.346447e-11[39m
     23 Linear |R| = [32m1.955518e-11[39m
 1 Nonlinear |R| = [32m1.542960e-06[39m
      0 Linear |R| = [32m1.542960e-06[39m
      1 Linear |R| = [32m5.132895e-08[39m
      2 Linear |R| = [32m4.572921e-08[39m
      3 Linear |R| = [32m1.172042e-08[39m
      4 Linear |R| = [32m1.004737e-09[39m
      5 Linear |R| = [32m8.850606e-10[39m
      6 Linear |R| = [32m1.956502e-10[39m
      7 Linear |R| = [32m1.199049e-10[39m
      8 Linear |R| = [32m3.207927e-11[39m
      9 Linear |R| = [32m1.740419e-11[39m
     10 Linear |R| = [33m1.699454e-11[39m
     11 Linear |R| = [32m8.602077e-12[39m
     12 Linear |R| = [32m1.804298e-12[39m
     13 Linear |R| = [32m1.223992e-12[39m
     14 Linear |R| = [32m2.923483e-13[39m
     15 Linear |R| = [33m2.889266e-13[39m
     16 Linear |R| = [32m1.472860e-13[39m
     17 Linear |R| = [32m6.453825e-14[39m
     18 Linear |R| = [32m1.890612e-14[39m
     19 Linear |R| = [32m1.153486e-14[39m
     20 Linear |R| = [32m1.055329e-14[39m
     21 Linear |R| = [32m3.076053e-15[39m
     22 Linear |R| = [32m1.451861e-15[39m
 2 Nonlinear |R| = [32m2.807533e-12[39m
[32m Solve Converged![39m

Postprocessor Values:
+----------------+----------------+----------------+----------------+----------------+----------------+----------------+
| time           | J_max          | J_min          | Jbar_max       | Jbar_min       | center_pressure| edge_ux        |
+----------------+----------------+----------------+----------------+----------------+----------------+----------------+
:                :                :                :                :                :                :                :
|   6.700000e-02 |   9.815531e-01 |   9.744282e-01 |   9.902164e-01 |   9.893492e-01 |   1.446685e-01 |   4.886573e-03 |
|   6.800000e-02 |   9.815092e-01 |   9.744185e-01 |   9.902082e-01 |   9.893448e-01 |   1.439736e-01 |   4.847456e-03 |
|   6.900000e-02 |   9.814654e-01 |   9.744089e-01 |   9.902000e-01 |   9.893404e-01 |   1.432823e-01 |   4.808520e-03 |
|   7.000000e-02 |   9.814217e-01 |   9.743992e-01 |   9.901918e-01 |   9.893361e-01 |   1.425947e-01 |   4.769762e-03 |
|   7.100000e-02 |   9.813782e-01 |   9.743895e-01 |   9.901837e-01 |   9.893318e-01 |   1.419106e-01 |   4.731182e-03 |
|   7.200000e-02 |   9.813348e-01 |   9.743798e-01 |   9.901756e-01 |   9.893276e-01 |   1.412302e-01 |   4.692780e-03 |
|   7.300000e-02 |   9.812916e-01 |   9.743701e-01 |   9.901676e-01 |   9.893234e-01 |   1.405532e-01 |   4.654555e-03 |
|   7.400000e-02 |   9.812485e-01 |   9.743603e-01 |   9.901597e-01 |   9.893192e-01 |   1.398798e-01 |   4.616506e-03 |
|   7.500000e-02 |   9.812056e-01 |   9.743506e-01 |   9.901517e-01 |   9.893150e-01 |   1.392098e-01 |   4.578634e-03 |
|   7.600000e-02 |   9.811628e-01 |   9.743409e-01 |   9.901438e-01 |   9.893109e-01 |   1.385432e-01 |   4.540937e-03 |
|   7.700000e-02 |   9.811202e-01 |   9.743312e-01 |   9.901360e-01 |   9.893069e-01 |   1.378799e-01 |   4.503415e-03 |
|   7.800000e-02 |   9.810777e-01 |   9.743215e-01 |   9.901282e-01 |   9.893028e-01 |   1.372201e-01 |   4.466068e-03 |
|   7.900000e-02 |   9.810355e-01 |   9.743118e-01 |   9.901204e-01 |   9.892988e-01 |   1.365635e-01 |   4.428893e-03 |
|   8.000000e-02 |   9.809933e-01 |   9.743021e-01 |   9.901127e-01 |   9.892948e-01 |   1.359102e-01 |   4.391893e-03 |
|   8.100000e-02 |   9.809514e-01 |   9.742925e-01 |   9.901050e-01 |   9.892909e-01 |   1.352602e-01 |   4.355064e-03 |
+----------------+----------------+----------------+----------------+----------------+----------------+----------------+
+----------------+----------------+----------------+------------------+----------------+----------------+
| time           | mass           | mass_reaction  | outflow_gradient | platen_max     | platen_min     |
+----------------+----------------+----------------+------------------+----------------+----------------+
:                :                :                :                  :                :                :
|   6.700000e-02 |   1.574173e+00 |  -2.845446e-01 |     1.479557e-01 |  -4.442144e-02 |  -4.442144e-02 |
|   6.800000e-02 |   1.573890e+00 |  -2.830480e-01 |     1.471838e-01 |  -4.446042e-02 |  -4.446042e-02 |
|   6.900000e-02 |   1.573608e+00 |  -2.815662e-01 |     1.464192e-01 |  -4.449920e-02 |  -4.449920e-02 |
|   7.000000e-02 |   1.573328e+00 |  -2.800986e-01 |     1.456617e-01 |  -4.453777e-02 |  -4.453777e-02 |
|   7.100000e-02 |   1.573050e+00 |  -2.786448e-01 |     1.449111e-01 |  -4.457615e-02 |  -4.457615e-02 |
|   7.200000e-02 |   1.572772e+00 |  -2.772043e-01 |     1.441672e-01 |  -4.461434e-02 |  -4.461434e-02 |
|   7.300000e-02 |   1.572497e+00 |  -2.757766e-01 |     1.434298e-01 |  -4.465233e-02 |  -4.465233e-02 |
|   7.400000e-02 |   1.572222e+00 |  -2.743614e-01 |     1.426986e-01 |  -4.469013e-02 |  -4.469013e-02 |
|   7.500000e-02 |   1.571949e+00 |  -2.729583e-01 |     1.419734e-01 |  -4.472773e-02 |  -4.472773e-02 |
|   7.600000e-02 |   1.571678e+00 |  -2.715669e-01 |     1.412542e-01 |  -4.476515e-02 |  -4.476515e-02 |
|   7.700000e-02 |   1.571407e+00 |  -2.701868e-01 |     1.405406e-01 |  -4.480238e-02 |  -4.480238e-02 |
|   7.800000e-02 |   1.571139e+00 |  -2.688177e-01 |     1.398326e-01 |  -4.483942e-02 |  -4.483942e-02 |
|   7.900000e-02 |   1.570871e+00 |  -2.674593e-01 |     1.391300e-01 |  -4.487628e-02 |  -4.487628e-02 |
|   8.000000e-02 |   1.570605e+00 |  -2.661113e-01 |     1.384327e-01 |  -4.491296e-02 |  -4.491296e-02 |
|   8.100000e-02 |   1.570340e+00 |  -2.647735e-01 |     1.377404e-01 |  -4.494945e-02 |  -4.494945e-02 |
+----------------+----------------+----------------+------------------+----------------+----------------+
+----------------+--------------------+--------------------+----------------+----------------+----------------+
| time           | solid_fraction_max | solid_fraction_min | stability_max  | stability_min  | top_reaction   |
+----------------+--------------------+--------------------+----------------+----------------+----------------+
:                :                    :                    :                :                :                :
|   6.700000e-02 |       6.092076e-01 |       6.047661e-01 |   2.810026e+01 |   2.800302e+01 |  -1.400000e+00 |
|   6.800000e-02 |       6.092115e-01 |       6.047905e-01 |   2.809982e+01 |   2.800301e+01 |  -1.400000e+00 |
|   6.900000e-02 |       6.092153e-01 |       6.048148e-01 |   2.809937e+01 |   2.800299e+01 |  -1.400000e+00 |
|   7.000000e-02 |       6.092192e-01 |       6.048390e-01 |   2.809892e+01 |   2.800297e+01 |  -1.400000e+00 |
|   7.100000e-02 |       6.092231e-01 |       6.048632e-01 |   2.809848e+01 |   2.800296e+01 |  -1.400000e+00 |
|   7.200000e-02 |       6.092270e-01 |       6.048873e-01 |   2.809803e+01 |   2.800294e+01 |  -1.400000e+00 |
|   7.300000e-02 |       6.092308e-01 |       6.049114e-01 |   2.809759e+01 |   2.800293e+01 |  -1.400000e+00 |
|   7.400000e-02 |       6.092347e-01 |       6.049354e-01 |   2.809715e+01 |   2.800291e+01 |  -1.400000e+00 |
|   7.500000e-02 |       6.092386e-01 |       6.049593e-01 |   2.809670e+01 |   2.800290e+01 |  -1.400000e+00 |
|   7.600000e-02 |       6.092425e-01 |       6.049832e-01 |   2.809626e+01 |   2.800288e+01 |  -1.400000e+00 |
|   7.700000e-02 |       6.092463e-01 |       6.050069e-01 |   2.809582e+01 |   2.800287e+01 |  -1.400000e+00 |
|   7.800000e-02 |       6.092502e-01 |       6.050306e-01 |   2.809538e+01 |   2.800286e+01 |  -1.400000e+00 |
|   7.900000e-02 |       6.092541e-01 |       6.050543e-01 |   2.809494e+01 |   2.800284e+01 |  -1.400000e+00 |
|   8.000000e-02 |       6.092579e-01 |       6.050778e-01 |   2.809451e+01 |   2.800283e+01 |  -1.400000e+00 |
|   8.100000e-02 |       6.092618e-01 |       6.051013e-01 |   2.809407e+01 |   2.800281e+01 |  -1.400000e+00 |
+----------------+--------------------+--------------------+----------------+----------------+----------------+


Time Step 82, time = 0.082, dt = 0.001
 * Nonlinear |R| = [32m2.147892e-02[39m (Before preset BCs, predictors, correctors, and constraints)
 0 Nonlinear |R| = [32m2.147892e-02[39m
      0 Linear |R| = [32m2.147892e-02[39m
      1 Linear |R| = [32m1.343099e-03[39m
      2 Linear |R| = [33m1.317358e-03[39m
      3 Linear |R| = [32m3.907275e-04[39m
      4 Linear |R| = [32m3.289950e-05[39m
      5 Linear |R| = [32m1.578678e-05[39m
      6 Linear |R| = [32m5.504655e-06[39m
      7 Linear |R| = [32m3.499637e-06[39m
      8 Linear |R| = [32m9.562775e-07[39m
      9 Linear |R| = [32m4.817113e-07[39m
     10 Linear |R| = [32m3.994512e-07[39m
     11 Linear |R| = [32m2.577460e-07[39m
     12 Linear |R| = [32m4.592885e-08[39m
     13 Linear |R| = [32m3.055588e-08[39m
     14 Linear |R| = [32m7.921591e-09[39m
     15 Linear |R| = [32m6.744231e-09[39m
     16 Linear |R| = [32m3.398479e-09[39m
     17 Linear |R| = [32m1.673802e-09[39m
     18 Linear |R| = [32m3.715323e-10[39m
     19 Linear |R| = [32m2.304991e-10[39m
     20 Linear |R| = [32m1.923725e-10[39m
     21 Linear |R| = [32m7.262722e-11[39m
     22 Linear |R| = [32m3.308360e-11[39m
     23 Linear |R| = [32m1.934055e-11[39m
 1 Nonlinear |R| = [32m1.524992e-06[39m
      0 Linear |R| = [32m1.524992e-06[39m
      1 Linear |R| = [32m5.187781e-08[39m
      2 Linear |R| = [32m4.463031e-08[39m
      3 Linear |R| = [32m1.146724e-08[39m
      4 Linear |R| = [32m9.775220e-10[39m
      5 Linear |R| = [32m8.768879e-10[39m
      6 Linear |R| = [32m1.689512e-10[39m
      7 Linear |R| = [32m1.057672e-10[39m
      8 Linear |R| = [32m3.015311e-11[39m
      9 Linear |R| = [32m1.688431e-11[39m
     10 Linear |R| = [33m1.672370e-11[39m
     11 Linear |R| = [32m8.541603e-12[39m
     12 Linear |R| = [32m1.914177e-12[39m
     13 Linear |R| = [32m1.296372e-12[39m
     14 Linear |R| = [32m3.072995e-13[39m
     15 Linear |R| = [33m3.063182e-13[39m
     16 Linear |R| = [32m1.499600e-13[39m
     17 Linear |R| = [32m6.423778e-14[39m
     18 Linear |R| = [32m1.777216e-14[39m
     19 Linear |R| = [32m1.082262e-14[39m
     20 Linear |R| = [33m1.037189e-14[39m
     21 Linear |R| = [32m2.726849e-15[39m
     22 Linear |R| = [32m1.260991e-15[39m
 2 Nonlinear |R| = [32m2.895926e-12[39m
[32m Solve Converged![39m

Postprocessor Values:
+----------------+----------------+----------------+----------------+----------------+----------------+----------------+
| time           | J_max          | J_min          | Jbar_max       | Jbar_min       | center_pressure| edge_ux        |
+----------------+----------------+----------------+----------------+----------------+----------------+----------------+
:                :                :                :                :                :                :                :
|   6.800000e-02 |   9.815092e-01 |   9.744185e-01 |   9.902082e-01 |   9.893448e-01 |   1.439736e-01 |   4.847456e-03 |
|   6.900000e-02 |   9.814654e-01 |   9.744089e-01 |   9.902000e-01 |   9.893404e-01 |   1.432823e-01 |   4.808520e-03 |
|   7.000000e-02 |   9.814217e-01 |   9.743992e-01 |   9.901918e-01 |   9.893361e-01 |   1.425947e-01 |   4.769762e-03 |
|   7.100000e-02 |   9.813782e-01 |   9.743895e-01 |   9.901837e-01 |   9.893318e-01 |   1.419106e-01 |   4.731182e-03 |
|   7.200000e-02 |   9.813348e-01 |   9.743798e-01 |   9.901756e-01 |   9.893276e-01 |   1.412302e-01 |   4.692780e-03 |
|   7.300000e-02 |   9.812916e-01 |   9.743701e-01 |   9.901676e-01 |   9.893234e-01 |   1.405532e-01 |   4.654555e-03 |
|   7.400000e-02 |   9.812485e-01 |   9.743603e-01 |   9.901597e-01 |   9.893192e-01 |   1.398798e-01 |   4.616506e-03 |
|   7.500000e-02 |   9.812056e-01 |   9.743506e-01 |   9.901517e-01 |   9.893150e-01 |   1.392098e-01 |   4.578634e-03 |
|   7.600000e-02 |   9.811628e-01 |   9.743409e-01 |   9.901438e-01 |   9.893109e-01 |   1.385432e-01 |   4.540937e-03 |
|   7.700000e-02 |   9.811202e-01 |   9.743312e-01 |   9.901360e-01 |   9.893069e-01 |   1.378799e-01 |   4.503415e-03 |
|   7.800000e-02 |   9.810777e-01 |   9.743215e-01 |   9.901282e-01 |   9.893028e-01 |   1.372201e-01 |   4.466068e-03 |
|   7.900000e-02 |   9.810355e-01 |   9.743118e-01 |   9.901204e-01 |   9.892988e-01 |   1.365635e-01 |   4.428893e-03 |
|   8.000000e-02 |   9.809933e-01 |   9.743021e-01 |   9.901127e-01 |   9.892948e-01 |   1.359102e-01 |   4.391893e-03 |
|   8.100000e-02 |   9.809514e-01 |   9.742925e-01 |   9.901050e-01 |   9.892909e-01 |   1.352602e-01 |   4.355064e-03 |
|   8.200000e-02 |   9.809096e-01 |   9.742828e-01 |   9.900973e-01 |   9.892870e-01 |   1.346134e-01 |   4.318407e-03 |
+----------------+----------------+----------------+----------------+----------------+----------------+----------------+
+----------------+----------------+----------------+------------------+----------------+----------------+
| time           | mass           | mass_reaction  | outflow_gradient | platen_max     | platen_min     |
+----------------+----------------+----------------+------------------+----------------+----------------+
:                :                :                :                  :                :                :
|   6.800000e-02 |   1.573890e+00 |  -2.830480e-01 |     1.471838e-01 |  -4.446042e-02 |  -4.446042e-02 |
|   6.900000e-02 |   1.573608e+00 |  -2.815662e-01 |     1.464192e-01 |  -4.449920e-02 |  -4.449920e-02 |
|   7.000000e-02 |   1.573328e+00 |  -2.800986e-01 |     1.456617e-01 |  -4.453777e-02 |  -4.453777e-02 |
|   7.100000e-02 |   1.573050e+00 |  -2.786448e-01 |     1.449111e-01 |  -4.457615e-02 |  -4.457615e-02 |
|   7.200000e-02 |   1.572772e+00 |  -2.772043e-01 |     1.441672e-01 |  -4.461434e-02 |  -4.461434e-02 |
|   7.300000e-02 |   1.572497e+00 |  -2.757766e-01 |     1.434298e-01 |  -4.465233e-02 |  -4.465233e-02 |
|   7.400000e-02 |   1.572222e+00 |  -2.743614e-01 |     1.426986e-01 |  -4.469013e-02 |  -4.469013e-02 |
|   7.500000e-02 |   1.571949e+00 |  -2.729583e-01 |     1.419734e-01 |  -4.472773e-02 |  -4.472773e-02 |
|   7.600000e-02 |   1.571678e+00 |  -2.715669e-01 |     1.412542e-01 |  -4.476515e-02 |  -4.476515e-02 |
|   7.700000e-02 |   1.571407e+00 |  -2.701868e-01 |     1.405406e-01 |  -4.480238e-02 |  -4.480238e-02 |
|   7.800000e-02 |   1.571139e+00 |  -2.688177e-01 |     1.398326e-01 |  -4.483942e-02 |  -4.483942e-02 |
|   7.900000e-02 |   1.570871e+00 |  -2.674593e-01 |     1.391300e-01 |  -4.487628e-02 |  -4.487628e-02 |
|   8.000000e-02 |   1.570605e+00 |  -2.661113e-01 |     1.384327e-01 |  -4.491296e-02 |  -4.491296e-02 |
|   8.100000e-02 |   1.570340e+00 |  -2.647735e-01 |     1.377404e-01 |  -4.494945e-02 |  -4.494945e-02 |
|   8.200000e-02 |   1.570077e+00 |  -2.634455e-01 |     1.370532e-01 |  -4.498577e-02 |  -4.498577e-02 |
+----------------+----------------+----------------+------------------+----------------+----------------+
+----------------+--------------------+--------------------+----------------+----------------+----------------+
| time           | solid_fraction_max | solid_fraction_min | stability_max  | stability_min  | top_reaction   |
+----------------+--------------------+--------------------+----------------+----------------+----------------+
:                :                    :                    :                :                :                :
|   6.800000e-02 |       6.092115e-01 |       6.047905e-01 |   2.809982e+01 |   2.800301e+01 |  -1.400000e+00 |
|   6.900000e-02 |       6.092153e-01 |       6.048148e-01 |   2.809937e+01 |   2.800299e+01 |  -1.400000e+00 |
|   7.000000e-02 |       6.092192e-01 |       6.048390e-01 |   2.809892e+01 |   2.800297e+01 |  -1.400000e+00 |
|   7.100000e-02 |       6.092231e-01 |       6.048632e-01 |   2.809848e+01 |   2.800296e+01 |  -1.400000e+00 |
|   7.200000e-02 |       6.092270e-01 |       6.048873e-01 |   2.809803e+01 |   2.800294e+01 |  -1.400000e+00 |
|   7.300000e-02 |       6.092308e-01 |       6.049114e-01 |   2.809759e+01 |   2.800293e+01 |  -1.400000e+00 |
|   7.400000e-02 |       6.092347e-01 |       6.049354e-01 |   2.809715e+01 |   2.800291e+01 |  -1.400000e+00 |
|   7.500000e-02 |       6.092386e-01 |       6.049593e-01 |   2.809670e+01 |   2.800290e+01 |  -1.400000e+00 |
|   7.600000e-02 |       6.092425e-01 |       6.049832e-01 |   2.809626e+01 |   2.800288e+01 |  -1.400000e+00 |
|   7.700000e-02 |       6.092463e-01 |       6.050069e-01 |   2.809582e+01 |   2.800287e+01 |  -1.400000e+00 |
|   7.800000e-02 |       6.092502e-01 |       6.050306e-01 |   2.809538e+01 |   2.800286e+01 |  -1.400000e+00 |
|   7.900000e-02 |       6.092541e-01 |       6.050543e-01 |   2.809494e+01 |   2.800284e+01 |  -1.400000e+00 |
|   8.000000e-02 |       6.092579e-01 |       6.050778e-01 |   2.809451e+01 |   2.800283e+01 |  -1.400000e+00 |
|   8.100000e-02 |       6.092618e-01 |       6.051013e-01 |   2.809407e+01 |   2.800281e+01 |  -1.400000e+00 |
|   8.200000e-02 |       6.092656e-01 |       6.051247e-01 |   2.809364e+01 |   2.800280e+01 |  -1.400000e+00 |
+----------------+--------------------+--------------------+----------------+----------------+----------------+


Time Step 83, time = 0.083, dt = 0.001
 * Nonlinear |R| = [32m2.137414e-02[39m (Before preset BCs, predictors, correctors, and constraints)
 0 Nonlinear |R| = [32m2.137414e-02[39m
      0 Linear |R| = [32m2.137414e-02[39m
      1 Linear |R| = [32m1.336514e-03[39m
      2 Linear |R| = [33m1.310894e-03[39m
      3 Linear |R| = [32m3.888107e-04[39m
      4 Linear |R| = [32m3.275872e-05[39m
      5 Linear |R| = [32m1.644898e-05[39m
      6 Linear |R| = [32m5.474340e-06[39m
      7 Linear |R| = [32m3.480146e-06[39m
      8 Linear |R| = [32m9.510375e-07[39m
      9 Linear |R| = [32m4.793978e-07[39m
     10 Linear |R| = [32m4.156463e-07[39m
     11 Linear |R| = [32m2.564049e-07[39m
     12 Linear |R| = [32m4.564059e-08[39m
     13 Linear |R| = [32m3.035894e-08[39m
     14 Linear |R| = [32m7.896185e-09[39m
     15 Linear |R| = [32m6.995556e-09[39m
     16 Linear |R| = [32m3.374952e-09[39m
     17 Linear |R| = [32m1.661755e-09[39m
     18 Linear |R| = [32m3.677560e-10[39m
     19 Linear |R| = [32m2.282989e-10[39m
     20 Linear |R| = [32m1.997667e-10[39m
     21 Linear |R| = [32m7.174119e-11[39m
     22 Linear |R| = [32m3.271312e-11[39m
     23 Linear |R| = [32m1.913040e-11[39m
 1 Nonlinear |R| = [32m1.515931e-06[39m
      0 Linear |R| = [32m1.515931e-06[39m
      1 Linear |R| = [32m5.008894e-08[39m
      2 Linear |R| = [32m4.491034e-08[39m
      3 Linear |R| = [32m1.155458e-08[39m
      4 Linear |R| = [32m9.987435e-10[39m
      5 Linear |R| = [32m8.926576e-10[39m
      6 Linear |R| = [32m2.017259e-10[39m
      7 Linear |R| = [32m1.224444e-10[39m
      8 Linear |R| = [32m3.316051e-11[39m
      9 Linear |R| = [32m1.829716e-11[39m
     10 Linear |R| = [33m1.806663e-11[39m
     11 Linear |R| = [32m9.041850e-12[39m
     12 Linear |R| = [32m2.158889e-12[39m
     13 Linear |R| = [32m1.443519e-12[39m
     14 Linear |R| = [32m3.279362e-13[39m
     15 Linear |R| = [33m3.279217e-13[39m
     16 Linear |R| = [32m1.725731e-13[39m
     17 Linear |R| = [32m6.553618e-14[39m
     18 Linear |R| = [32m1.963488e-14[39m
     19 Linear |R| = [32m1.122560e-14[39m
     20 Linear |R| = [33m1.088331e-14[39m
     21 Linear |R| = [32m2.597998e-15[39m
     22 Linear |R| = [32m1.436950e-15[39m
 2 Nonlinear |R| = [32m2.904883e-12[39m
[32m Solve Converged![39m

Postprocessor Values:
+----------------+----------------+----------------+----------------+----------------+----------------+----------------+
| time           | J_max          | J_min          | Jbar_max       | Jbar_min       | center_pressure| edge_ux        |
+----------------+----------------+----------------+----------------+----------------+----------------+----------------+
:                :                :                :                :                :                :                :
|   6.900000e-02 |   9.814654e-01 |   9.744089e-01 |   9.902000e-01 |   9.893404e-01 |   1.432823e-01 |   4.808520e-03 |
|   7.000000e-02 |   9.814217e-01 |   9.743992e-01 |   9.901918e-01 |   9.893361e-01 |   1.425947e-01 |   4.769762e-03 |
|   7.100000e-02 |   9.813782e-01 |   9.743895e-01 |   9.901837e-01 |   9.893318e-01 |   1.419106e-01 |   4.731182e-03 |
|   7.200000e-02 |   9.813348e-01 |   9.743798e-01 |   9.901756e-01 |   9.893276e-01 |   1.412302e-01 |   4.692780e-03 |
|   7.300000e-02 |   9.812916e-01 |   9.743701e-01 |   9.901676e-01 |   9.893234e-01 |   1.405532e-01 |   4.654555e-03 |
|   7.400000e-02 |   9.812485e-01 |   9.743603e-01 |   9.901597e-01 |   9.893192e-01 |   1.398798e-01 |   4.616506e-03 |
|   7.500000e-02 |   9.812056e-01 |   9.743506e-01 |   9.901517e-01 |   9.893150e-01 |   1.392098e-01 |   4.578634e-03 |
|   7.600000e-02 |   9.811628e-01 |   9.743409e-01 |   9.901438e-01 |   9.893109e-01 |   1.385432e-01 |   4.540937e-03 |
|   7.700000e-02 |   9.811202e-01 |   9.743312e-01 |   9.901360e-01 |   9.893069e-01 |   1.378799e-01 |   4.503415e-03 |
|   7.800000e-02 |   9.810777e-01 |   9.743215e-01 |   9.901282e-01 |   9.893028e-01 |   1.372201e-01 |   4.466068e-03 |
|   7.900000e-02 |   9.810355e-01 |   9.743118e-01 |   9.901204e-01 |   9.892988e-01 |   1.365635e-01 |   4.428893e-03 |
|   8.000000e-02 |   9.809933e-01 |   9.743021e-01 |   9.901127e-01 |   9.892948e-01 |   1.359102e-01 |   4.391893e-03 |
|   8.100000e-02 |   9.809514e-01 |   9.742925e-01 |   9.901050e-01 |   9.892909e-01 |   1.352602e-01 |   4.355064e-03 |
|   8.200000e-02 |   9.809096e-01 |   9.742828e-01 |   9.900973e-01 |   9.892870e-01 |   1.346134e-01 |   4.318407e-03 |
|   8.300000e-02 |   9.808679e-01 |   9.742732e-01 |   9.900897e-01 |   9.892831e-01 |   1.339698e-01 |   4.281922e-03 |
+----------------+----------------+----------------+----------------+----------------+----------------+----------------+
+----------------+----------------+----------------+------------------+----------------+----------------+
| time           | mass           | mass_reaction  | outflow_gradient | platen_max     | platen_min     |
+----------------+----------------+----------------+------------------+----------------+----------------+
:                :                :                :                  :                :                :
|   6.900000e-02 |   1.573608e+00 |  -2.815662e-01 |     1.464192e-01 |  -4.449920e-02 |  -4.449920e-02 |
|   7.000000e-02 |   1.573328e+00 |  -2.800986e-01 |     1.456617e-01 |  -4.453777e-02 |  -4.453777e-02 |
|   7.100000e-02 |   1.573050e+00 |  -2.786448e-01 |     1.449111e-01 |  -4.457615e-02 |  -4.457615e-02 |
|   7.200000e-02 |   1.572772e+00 |  -2.772043e-01 |     1.441672e-01 |  -4.461434e-02 |  -4.461434e-02 |
|   7.300000e-02 |   1.572497e+00 |  -2.757766e-01 |     1.434298e-01 |  -4.465233e-02 |  -4.465233e-02 |
|   7.400000e-02 |   1.572222e+00 |  -2.743614e-01 |     1.426986e-01 |  -4.469013e-02 |  -4.469013e-02 |
|   7.500000e-02 |   1.571949e+00 |  -2.729583e-01 |     1.419734e-01 |  -4.472773e-02 |  -4.472773e-02 |
|   7.600000e-02 |   1.571678e+00 |  -2.715669e-01 |     1.412542e-01 |  -4.476515e-02 |  -4.476515e-02 |
|   7.700000e-02 |   1.571407e+00 |  -2.701868e-01 |     1.405406e-01 |  -4.480238e-02 |  -4.480238e-02 |
|   7.800000e-02 |   1.571139e+00 |  -2.688177e-01 |     1.398326e-01 |  -4.483942e-02 |  -4.483942e-02 |
|   7.900000e-02 |   1.570871e+00 |  -2.674593e-01 |     1.391300e-01 |  -4.487628e-02 |  -4.487628e-02 |
|   8.000000e-02 |   1.570605e+00 |  -2.661113e-01 |     1.384327e-01 |  -4.491296e-02 |  -4.491296e-02 |
|   8.100000e-02 |   1.570340e+00 |  -2.647735e-01 |     1.377404e-01 |  -4.494945e-02 |  -4.494945e-02 |
|   8.200000e-02 |   1.570077e+00 |  -2.634455e-01 |     1.370532e-01 |  -4.498577e-02 |  -4.498577e-02 |
|   8.300000e-02 |   1.569815e+00 |  -2.621271e-01 |     1.363708e-01 |  -4.502190e-02 |  -4.502190e-02 |
+----------------+----------------+----------------+------------------+----------------+----------------+
+----------------+--------------------+--------------------+----------------+----------------+----------------+
| time           | solid_fraction_max | solid_fraction_min | stability_max  | stability_min  | top_reaction   |
+----------------+--------------------+--------------------+----------------+----------------+----------------+
:                :                    :                    :                :                :                :
|   6.900000e-02 |       6.092153e-01 |       6.048148e-01 |   2.809937e+01 |   2.800299e+01 |  -1.400000e+00 |
|   7.000000e-02 |       6.092192e-01 |       6.048390e-01 |   2.809892e+01 |   2.800297e+01 |  -1.400000e+00 |
|   7.100000e-02 |       6.092231e-01 |       6.048632e-01 |   2.809848e+01 |   2.800296e+01 |  -1.400000e+00 |
|   7.200000e-02 |       6.092270e-01 |       6.048873e-01 |   2.809803e+01 |   2.800294e+01 |  -1.400000e+00 |
|   7.300000e-02 |       6.092308e-01 |       6.049114e-01 |   2.809759e+01 |   2.800293e+01 |  -1.400000e+00 |
|   7.400000e-02 |       6.092347e-01 |       6.049354e-01 |   2.809715e+01 |   2.800291e+01 |  -1.400000e+00 |
|   7.500000e-02 |       6.092386e-01 |       6.049593e-01 |   2.809670e+01 |   2.800290e+01 |  -1.400000e+00 |
|   7.600000e-02 |       6.092425e-01 |       6.049832e-01 |   2.809626e+01 |   2.800288e+01 |  -1.400000e+00 |
|   7.700000e-02 |       6.092463e-01 |       6.050069e-01 |   2.809582e+01 |   2.800287e+01 |  -1.400000e+00 |
|   7.800000e-02 |       6.092502e-01 |       6.050306e-01 |   2.809538e+01 |   2.800286e+01 |  -1.400000e+00 |
|   7.900000e-02 |       6.092541e-01 |       6.050543e-01 |   2.809494e+01 |   2.800284e+01 |  -1.400000e+00 |
|   8.000000e-02 |       6.092579e-01 |       6.050778e-01 |   2.809451e+01 |   2.800283e+01 |  -1.400000e+00 |
|   8.100000e-02 |       6.092618e-01 |       6.051013e-01 |   2.809407e+01 |   2.800281e+01 |  -1.400000e+00 |
|   8.200000e-02 |       6.092656e-01 |       6.051247e-01 |   2.809364e+01 |   2.800280e+01 |  -1.400000e+00 |
|   8.300000e-02 |       6.092694e-01 |       6.051480e-01 |   2.809320e+01 |   2.800278e+01 |  -1.400000e+00 |
+----------------+--------------------+--------------------+----------------+----------------+----------------+


Time Step 84, time = 0.084, dt = 0.001
 * Nonlinear |R| = [32m2.126997e-02[39m (Before preset BCs, predictors, correctors, and constraints)
 0 Nonlinear |R| = [32m2.126997e-02[39m
      0 Linear |R| = [32m2.126997e-02[39m
      1 Linear |R| = [32m1.329986e-03[39m
      2 Linear |R| = [33m1.304492e-03[39m
      3 Linear |R| = [32m3.868674e-04[39m
      4 Linear |R| = [32m3.257930e-05[39m
      5 Linear |R| = [32m1.566578e-05[39m
      6 Linear |R| = [32m5.444441e-06[39m
      7 Linear |R| = [32m3.460915e-06[39m
      8 Linear |R| = [32m9.458539e-07[39m
      9 Linear |R| = [32m4.762070e-07[39m
     10 Linear |R| = [32m3.850402e-07[39m
     11 Linear |R| = [32m2.547895e-07[39m
     12 Linear |R| = [32m4.535821e-08[39m
     13 Linear |R| = [32m3.016634e-08[39m
     14 Linear |R| = [32m7.824944e-09[39m
     15 Linear |R| = [32m6.658881e-09[39m
     16 Linear |R| = [32m3.351831e-09[39m
     17 Linear |R| = [32m1.649969e-09[39m
     18 Linear |R| = [32m3.641094e-10[39m
     19 Linear |R| = [32m2.261626e-10[39m
     20 Linear |R| = [32m2.041126e-10[39m
     21 Linear |R| = [32m7.087143e-11[39m
     22 Linear |R| = [32m3.235375e-11[39m
     23 Linear |R| = [32m1.892512e-11[39m
 1 Nonlinear |R| = [32m1.502152e-06[39m
      0 Linear |R| = [32m1.502152e-06[39m
      1 Linear |R| = [32m4.962696e-08[39m
      2 Linear |R| = [32m4.432750e-08[39m
      3 Linear |R| = [32m1.137630e-08[39m
      4 Linear |R| = [32m9.760612e-10[39m
      5 Linear |R| = [32m8.740870e-10[39m
      6 Linear |R| = [32m1.858091e-10[39m
      7 Linear |R| = [32m1.150632e-10[39m
      8 Linear |R| = [32m3.097681e-11[39m
      9 Linear |R| = [32m1.701083e-11[39m
     10 Linear |R| = [33m1.671000e-11[39m
     11 Linear |R| = [32m8.452394e-12[39m
     12 Linear |R| = [32m1.964546e-12[39m
     13 Linear |R| = [32m1.340468e-12[39m
     14 Linear |R| = [32m2.963753e-13[39m
     15 Linear |R| = [33m2.909174e-13[39m
     16 Linear |R| = [32m1.422809e-13[39m
     17 Linear |R| = [32m6.198005e-14[39m
     18 Linear |R| = [32m1.803579e-14[39m
     19 Linear |R| = [32m1.063681e-14[39m
     20 Linear |R| = [32m1.001311e-14[39m
     21 Linear |R| = [32m2.248265e-15[39m
     22 Linear |R| = [32m1.048609e-15[39m
 2 Nonlinear |R| = [32m2.869216e-12[39m
[32m Solve Converged![39m

Postprocessor Values:
+----------------+----------------+----------------+----------------+----------------+----------------+----------------+
| time           | J_max          | J_min          | Jbar_max       | Jbar_min       | center_pressure| edge_ux        |
+----------------+----------------+----------------+----------------+----------------+----------------+----------------+
:                :                :                :                :                :                :                :
|   7.000000e-02 |   9.814217e-01 |   9.743992e-01 |   9.901918e-01 |   9.893361e-01 |   1.425947e-01 |   4.769762e-03 |
|   7.100000e-02 |   9.813782e-01 |   9.743895e-01 |   9.901837e-01 |   9.893318e-01 |   1.419106e-01 |   4.731182e-03 |
|   7.200000e-02 |   9.813348e-01 |   9.743798e-01 |   9.901756e-01 |   9.893276e-01 |   1.412302e-01 |   4.692780e-03 |
|   7.300000e-02 |   9.812916e-01 |   9.743701e-01 |   9.901676e-01 |   9.893234e-01 |   1.405532e-01 |   4.654555e-03 |
|   7.400000e-02 |   9.812485e-01 |   9.743603e-01 |   9.901597e-01 |   9.893192e-01 |   1.398798e-01 |   4.616506e-03 |
|   7.500000e-02 |   9.812056e-01 |   9.743506e-01 |   9.901517e-01 |   9.893150e-01 |   1.392098e-01 |   4.578634e-03 |
|   7.600000e-02 |   9.811628e-01 |   9.743409e-01 |   9.901438e-01 |   9.893109e-01 |   1.385432e-01 |   4.540937e-03 |
|   7.700000e-02 |   9.811202e-01 |   9.743312e-01 |   9.901360e-01 |   9.893069e-01 |   1.378799e-01 |   4.503415e-03 |
|   7.800000e-02 |   9.810777e-01 |   9.743215e-01 |   9.901282e-01 |   9.893028e-01 |   1.372201e-01 |   4.466068e-03 |
|   7.900000e-02 |   9.810355e-01 |   9.743118e-01 |   9.901204e-01 |   9.892988e-01 |   1.365635e-01 |   4.428893e-03 |
|   8.000000e-02 |   9.809933e-01 |   9.743021e-01 |   9.901127e-01 |   9.892948e-01 |   1.359102e-01 |   4.391893e-03 |
|   8.100000e-02 |   9.809514e-01 |   9.742925e-01 |   9.901050e-01 |   9.892909e-01 |   1.352602e-01 |   4.355064e-03 |
|   8.200000e-02 |   9.809096e-01 |   9.742828e-01 |   9.900973e-01 |   9.892870e-01 |   1.346134e-01 |   4.318407e-03 |
|   8.300000e-02 |   9.808679e-01 |   9.742732e-01 |   9.900897e-01 |   9.892831e-01 |   1.339698e-01 |   4.281922e-03 |
|   8.400000e-02 |   9.808265e-01 |   9.742636e-01 |   9.900822e-01 |   9.892792e-01 |   1.333293e-01 |   4.245606e-03 |
+----------------+----------------+----------------+----------------+----------------+----------------+----------------+
+----------------+----------------+----------------+------------------+----------------+----------------+
| time           | mass           | mass_reaction  | outflow_gradient | platen_max     | platen_min     |
+----------------+----------------+----------------+------------------+----------------+----------------+
:                :                :                :                  :                :                :
|   7.000000e-02 |   1.573328e+00 |  -2.800986e-01 |     1.456617e-01 |  -4.453777e-02 |  -4.453777e-02 |
|   7.100000e-02 |   1.573050e+00 |  -2.786448e-01 |     1.449111e-01 |  -4.457615e-02 |  -4.457615e-02 |
|   7.200000e-02 |   1.572772e+00 |  -2.772043e-01 |     1.441672e-01 |  -4.461434e-02 |  -4.461434e-02 |
|   7.300000e-02 |   1.572497e+00 |  -2.757766e-01 |     1.434298e-01 |  -4.465233e-02 |  -4.465233e-02 |
|   7.400000e-02 |   1.572222e+00 |  -2.743614e-01 |     1.426986e-01 |  -4.469013e-02 |  -4.469013e-02 |
|   7.500000e-02 |   1.571949e+00 |  -2.729583e-01 |     1.419734e-01 |  -4.472773e-02 |  -4.472773e-02 |
|   7.600000e-02 |   1.571678e+00 |  -2.715669e-01 |     1.412542e-01 |  -4.476515e-02 |  -4.476515e-02 |
|   7.700000e-02 |   1.571407e+00 |  -2.701868e-01 |     1.405406e-01 |  -4.480238e-02 |  -4.480238e-02 |
|   7.800000e-02 |   1.571139e+00 |  -2.688177e-01 |     1.398326e-01 |  -4.483942e-02 |  -4.483942e-02 |
|   7.900000e-02 |   1.570871e+00 |  -2.674593e-01 |     1.391300e-01 |  -4.487628e-02 |  -4.487628e-02 |
|   8.000000e-02 |   1.570605e+00 |  -2.661113e-01 |     1.384327e-01 |  -4.491296e-02 |  -4.491296e-02 |
|   8.100000e-02 |   1.570340e+00 |  -2.647735e-01 |     1.377404e-01 |  -4.494945e-02 |  -4.494945e-02 |
|   8.200000e-02 |   1.570077e+00 |  -2.634455e-01 |     1.370532e-01 |  -4.498577e-02 |  -4.498577e-02 |
|   8.300000e-02 |   1.569815e+00 |  -2.621271e-01 |     1.363708e-01 |  -4.502190e-02 |  -4.502190e-02 |
|   8.400000e-02 |   1.569554e+00 |  -2.608181e-01 |     1.356931e-01 |  -4.505786e-02 |  -4.505786e-02 |
+----------------+----------------+----------------+------------------+----------------+----------------+
+----------------+--------------------+--------------------+----------------+----------------+----------------+
| time           | solid_fraction_max | solid_fraction_min | stability_max  | stability_min  | top_reaction   |
+----------------+--------------------+--------------------+----------------+----------------+----------------+
:                :                    :                    :                :                :                :
|   7.000000e-02 |       6.092192e-01 |       6.048390e-01 |   2.809892e+01 |   2.800297e+01 |  -1.400000e+00 |
|   7.100000e-02 |       6.092231e-01 |       6.048632e-01 |   2.809848e+01 |   2.800296e+01 |  -1.400000e+00 |
|   7.200000e-02 |       6.092270e-01 |       6.048873e-01 |   2.809803e+01 |   2.800294e+01 |  -1.400000e+00 |
|   7.300000e-02 |       6.092308e-01 |       6.049114e-01 |   2.809759e+01 |   2.800293e+01 |  -1.400000e+00 |
|   7.400000e-02 |       6.092347e-01 |       6.049354e-01 |   2.809715e+01 |   2.800291e+01 |  -1.400000e+00 |
|   7.500000e-02 |       6.092386e-01 |       6.049593e-01 |   2.809670e+01 |   2.800290e+01 |  -1.400000e+00 |
|   7.600000e-02 |       6.092425e-01 |       6.049832e-01 |   2.809626e+01 |   2.800288e+01 |  -1.400000e+00 |
|   7.700000e-02 |       6.092463e-01 |       6.050069e-01 |   2.809582e+01 |   2.800287e+01 |  -1.400000e+00 |
|   7.800000e-02 |       6.092502e-01 |       6.050306e-01 |   2.809538e+01 |   2.800286e+01 |  -1.400000e+00 |
|   7.900000e-02 |       6.092541e-01 |       6.050543e-01 |   2.809494e+01 |   2.800284e+01 |  -1.400000e+00 |
|   8.000000e-02 |       6.092579e-01 |       6.050778e-01 |   2.809451e+01 |   2.800283e+01 |  -1.400000e+00 |
|   8.100000e-02 |       6.092618e-01 |       6.051013e-01 |   2.809407e+01 |   2.800281e+01 |  -1.400000e+00 |
|   8.200000e-02 |       6.092656e-01 |       6.051247e-01 |   2.809364e+01 |   2.800280e+01 |  -1.400000e+00 |
|   8.300000e-02 |       6.092694e-01 |       6.051480e-01 |   2.809320e+01 |   2.800278e+01 |  -1.400000e+00 |
|   8.400000e-02 |       6.092733e-01 |       6.051712e-01 |   2.809277e+01 |   2.800277e+01 |  -1.400000e+00 |
+----------------+--------------------+--------------------+----------------+----------------+----------------+


Time Step 85, time = 0.085, dt = 0.001
 * Nonlinear |R| = [32m2.116641e-02[39m (Before preset BCs, predictors, correctors, and constraints)
 0 Nonlinear |R| = [32m2.116641e-02[39m
      0 Linear |R| = [32m2.116641e-02[39m
      1 Linear |R| = [32m1.323499e-03[39m
      2 Linear |R| = [33m1.298129e-03[39m
      3 Linear |R| = [32m3.849479e-04[39m
      4 Linear |R| = [32m3.241868e-05[39m
      5 Linear |R| = [32m1.594779e-05[39m
      6 Linear |R| = [32m5.414967e-06[39m
      7 Linear |R| = [32m3.441910e-06[39m
      8 Linear |R| = [32m9.407352e-07[39m
      9 Linear |R| = [32m4.736498e-07[39m
     10 Linear |R| = [32m3.867888e-07[39m
     11 Linear |R| = [32m2.533914e-07[39m
     12 Linear |R| = [32m4.508076e-08[39m
     13 Linear |R| = [32m2.997739e-08[39m
     14 Linear |R| = [32m7.777030e-09[39m
     15 Linear |R| = [32m6.601780e-09[39m
     16 Linear |R| = [32m3.329377e-09[39m
     17 Linear |R| = [32m1.638430e-09[39m
     18 Linear |R| = [32m3.605895e-10[39m
     19 Linear |R| = [32m2.234693e-10[39m
     20 Linear |R| = [32m1.876183e-10[39m
     21 Linear |R| = [32m7.000752e-11[39m
     22 Linear |R| = [32m3.200477e-11[39m
     23 Linear |R| = [32m1.872450e-11[39m
 1 Nonlinear |R| = [32m1.486415e-06[39m
      0 Linear |R| = [32m1.486415e-06[39m
      1 Linear |R| = [32m4.977435e-08[39m
      2 Linear |R| = [32m4.442826e-08[39m
      3 Linear |R| = [32m1.142838e-08[39m
      4 Linear |R| = [32m9.809323e-10[39m
      5 Linear |R| = [32m8.809243e-10[39m
      6 Linear |R| = [32m1.822372e-10[39m
      7 Linear |R| = [32m1.138743e-10[39m
      8 Linear |R| = [32m3.042568e-11[39m
      9 Linear |R| = [32m1.640750e-11[39m
     10 Linear |R| = [33m1.624239e-11[39m
     11 Linear |R| = [32m8.398791e-12[39m
     12 Linear |R| = [32m1.991437e-12[39m
     13 Linear |R| = [32m1.356216e-12[39m
     14 Linear |R| = [32m2.927917e-13[39m
     15 Linear |R| = [33m2.901566e-13[39m
     16 Linear |R| = [32m1.371334e-13[39m
     17 Linear |R| = [32m5.988540e-14[39m
     18 Linear |R| = [32m1.730570e-14[39m
     19 Linear |R| = [32m1.019182e-14[39m
     20 Linear |R| = [32m9.580906e-15[39m
     21 Linear |R| = [32m2.509426e-15[39m
     22 Linear |R| = [32m1.187633e-15[39m
 2 Nonlinear |R| = [32m2.902597e-12[39m
[32m Solve Converged![39m

Postprocessor Values:
+----------------+----------------+----------------+----------------+----------------+----------------+----------------+
| time           | J_max          | J_min          | Jbar_max       | Jbar_min       | center_pressure| edge_ux        |
+----------------+----------------+----------------+----------------+----------------+----------------+----------------+
:                :                :                :                :                :                :                :
|   7.100000e-02 |   9.813782e-01 |   9.743895e-01 |   9.901837e-01 |   9.893318e-01 |   1.419106e-01 |   4.731182e-03 |
|   7.200000e-02 |   9.813348e-01 |   9.743798e-01 |   9.901756e-01 |   9.893276e-01 |   1.412302e-01 |   4.692780e-03 |
|   7.300000e-02 |   9.812916e-01 |   9.743701e-01 |   9.901676e-01 |   9.893234e-01 |   1.405532e-01 |   4.654555e-03 |
|   7.400000e-02 |   9.812485e-01 |   9.743603e-01 |   9.901597e-01 |   9.893192e-01 |   1.398798e-01 |   4.616506e-03 |
|   7.500000e-02 |   9.812056e-01 |   9.743506e-01 |   9.901517e-01 |   9.893150e-01 |   1.392098e-01 |   4.578634e-03 |
|   7.600000e-02 |   9.811628e-01 |   9.743409e-01 |   9.901438e-01 |   9.893109e-01 |   1.385432e-01 |   4.540937e-03 |
|   7.700000e-02 |   9.811202e-01 |   9.743312e-01 |   9.901360e-01 |   9.893069e-01 |   1.378799e-01 |   4.503415e-03 |
|   7.800000e-02 |   9.810777e-01 |   9.743215e-01 |   9.901282e-01 |   9.893028e-01 |   1.372201e-01 |   4.466068e-03 |
|   7.900000e-02 |   9.810355e-01 |   9.743118e-01 |   9.901204e-01 |   9.892988e-01 |   1.365635e-01 |   4.428893e-03 |
|   8.000000e-02 |   9.809933e-01 |   9.743021e-01 |   9.901127e-01 |   9.892948e-01 |   1.359102e-01 |   4.391893e-03 |
|   8.100000e-02 |   9.809514e-01 |   9.742925e-01 |   9.901050e-01 |   9.892909e-01 |   1.352602e-01 |   4.355064e-03 |
|   8.200000e-02 |   9.809096e-01 |   9.742828e-01 |   9.900973e-01 |   9.892870e-01 |   1.346134e-01 |   4.318407e-03 |
|   8.300000e-02 |   9.808679e-01 |   9.742732e-01 |   9.900897e-01 |   9.892831e-01 |   1.339698e-01 |   4.281922e-03 |
|   8.400000e-02 |   9.808265e-01 |   9.742636e-01 |   9.900822e-01 |   9.892792e-01 |   1.333293e-01 |   4.245606e-03 |
|   8.500000e-02 |   9.807852e-01 |   9.742540e-01 |   9.900746e-01 |   9.892754e-01 |   1.326921e-01 |   4.209461e-03 |
+----------------+----------------+----------------+----------------+----------------+----------------+----------------+
+----------------+----------------+----------------+------------------+----------------+----------------+
| time           | mass           | mass_reaction  | outflow_gradient | platen_max     | platen_min     |
+----------------+----------------+----------------+------------------+----------------+----------------+
:                :                :                :                  :                :                :
|   7.100000e-02 |   1.573050e+00 |  -2.786448e-01 |     1.449111e-01 |  -4.457615e-02 |  -4.457615e-02 |
|   7.200000e-02 |   1.572772e+00 |  -2.772043e-01 |     1.441672e-01 |  -4.461434e-02 |  -4.461434e-02 |
|   7.300000e-02 |   1.572497e+00 |  -2.757766e-01 |     1.434298e-01 |  -4.465233e-02 |  -4.465233e-02 |
|   7.400000e-02 |   1.572222e+00 |  -2.743614e-01 |     1.426986e-01 |  -4.469013e-02 |  -4.469013e-02 |
|   7.500000e-02 |   1.571949e+00 |  -2.729583e-01 |     1.419734e-01 |  -4.472773e-02 |  -4.472773e-02 |
|   7.600000e-02 |   1.571678e+00 |  -2.715669e-01 |     1.412542e-01 |  -4.476515e-02 |  -4.476515e-02 |
|   7.700000e-02 |   1.571407e+00 |  -2.701868e-01 |     1.405406e-01 |  -4.480238e-02 |  -4.480238e-02 |
|   7.800000e-02 |   1.571139e+00 |  -2.688177e-01 |     1.398326e-01 |  -4.483942e-02 |  -4.483942e-02 |
|   7.900000e-02 |   1.570871e+00 |  -2.674593e-01 |     1.391300e-01 |  -4.487628e-02 |  -4.487628e-02 |
|   8.000000e-02 |   1.570605e+00 |  -2.661113e-01 |     1.384327e-01 |  -4.491296e-02 |  -4.491296e-02 |
|   8.100000e-02 |   1.570340e+00 |  -2.647735e-01 |     1.377404e-01 |  -4.494945e-02 |  -4.494945e-02 |
|   8.200000e-02 |   1.570077e+00 |  -2.634455e-01 |     1.370532e-01 |  -4.498577e-02 |  -4.498577e-02 |
|   8.300000e-02 |   1.569815e+00 |  -2.621271e-01 |     1.363708e-01 |  -4.502190e-02 |  -4.502190e-02 |
|   8.400000e-02 |   1.569554e+00 |  -2.608181e-01 |     1.356931e-01 |  -4.505786e-02 |  -4.505786e-02 |
|   8.500000e-02 |   1.569294e+00 |  -2.595183e-01 |     1.350201e-01 |  -4.509364e-02 |  -4.509364e-02 |
+----------------+----------------+----------------+------------------+----------------+----------------+
+----------------+--------------------+--------------------+----------------+----------------+----------------+
| time           | solid_fraction_max | solid_fraction_min | stability_max  | stability_min  | top_reaction   |
+----------------+--------------------+--------------------+----------------+----------------+----------------+
:                :                    :                    :                :                :                :
|   7.100000e-02 |       6.092231e-01 |       6.048632e-01 |   2.809848e+01 |   2.800296e+01 |  -1.400000e+00 |
|   7.200000e-02 |       6.092270e-01 |       6.048873e-01 |   2.809803e+01 |   2.800294e+01 |  -1.400000e+00 |
|   7.300000e-02 |       6.092308e-01 |       6.049114e-01 |   2.809759e+01 |   2.800293e+01 |  -1.400000e+00 |
|   7.400000e-02 |       6.092347e-01 |       6.049354e-01 |   2.809715e+01 |   2.800291e+01 |  -1.400000e+00 |
|   7.500000e-02 |       6.092386e-01 |       6.049593e-01 |   2.809670e+01 |   2.800290e+01 |  -1.400000e+00 |
|   7.600000e-02 |       6.092425e-01 |       6.049832e-01 |   2.809626e+01 |   2.800288e+01 |  -1.400000e+00 |
|   7.700000e-02 |       6.092463e-01 |       6.050069e-01 |   2.809582e+01 |   2.800287e+01 |  -1.400000e+00 |
|   7.800000e-02 |       6.092502e-01 |       6.050306e-01 |   2.809538e+01 |   2.800286e+01 |  -1.400000e+00 |
|   7.900000e-02 |       6.092541e-01 |       6.050543e-01 |   2.809494e+01 |   2.800284e+01 |  -1.400000e+00 |
|   8.000000e-02 |       6.092579e-01 |       6.050778e-01 |   2.809451e+01 |   2.800283e+01 |  -1.400000e+00 |
|   8.100000e-02 |       6.092618e-01 |       6.051013e-01 |   2.809407e+01 |   2.800281e+01 |  -1.400000e+00 |
|   8.200000e-02 |       6.092656e-01 |       6.051247e-01 |   2.809364e+01 |   2.800280e+01 |  -1.400000e+00 |
|   8.300000e-02 |       6.092694e-01 |       6.051480e-01 |   2.809320e+01 |   2.800278e+01 |  -1.400000e+00 |
|   8.400000e-02 |       6.092733e-01 |       6.051712e-01 |   2.809277e+01 |   2.800277e+01 |  -1.400000e+00 |
|   8.500000e-02 |       6.092771e-01 |       6.051943e-01 |   2.809234e+01 |   2.800276e+01 |  -1.400000e+00 |
+----------------+--------------------+--------------------+----------------+----------------+----------------+


Time Step 86, time = 0.086, dt = 0.001
 * Nonlinear |R| = [32m2.106344e-02[39m (Before preset BCs, predictors, correctors, and constraints)
 0 Nonlinear |R| = [32m2.106344e-02[39m
      0 Linear |R| = [32m2.106344e-02[39m
      1 Linear |R| = [32m1.317063e-03[39m
      2 Linear |R| = [33m1.291818e-03[39m
      3 Linear |R| = [32m3.830232e-04[39m
      4 Linear |R| = [32m3.225831e-05[39m
      5 Linear |R| = [32m1.613267e-05[39m
      6 Linear |R| = [32m5.385741e-06[39m
      7 Linear |R| = [32m3.423125e-06[39m
      8 Linear |R| = [32m9.356748e-07[39m
      9 Linear |R| = [32m4.715591e-07[39m
     10 Linear |R| = [32m4.092344e-07[39m
     11 Linear |R| = [32m2.521335e-07[39m
     12 Linear |R| = [32m4.480845e-08[39m
     13 Linear |R| = [32m2.979224e-08[39m
     14 Linear |R| = [32m7.752391e-09[39m
     15 Linear |R| = [32m6.835375e-09[39m
     16 Linear |R| = [32m3.307551e-09[39m
     17 Linear |R| = [32m1.627134e-09[39m
     18 Linear |R| = [32m3.571941e-10[39m
     19 Linear |R| = [32m2.215338e-10[39m
     20 Linear |R| = [32m1.949135e-10[39m
     21 Linear |R| = [32m6.918314e-11[39m
     22 Linear |R| = [32m3.166683e-11[39m
     23 Linear |R| = [32m1.852872e-11[39m
 1 Nonlinear |R| = [32m1.476381e-06[39m
      0 Linear |R| = [32m1.476381e-06[39m
      1 Linear |R| = [32m4.919178e-08[39m
      2 Linear |R| = [32m4.277991e-08[39m
      3 Linear |R| = [32m1.098747e-08[39m
      4 Linear |R| = [32m9.464475e-10[39m
      5 Linear |R| = [32m8.621402e-10[39m
      6 Linear |R| = [32m1.904805e-10[39m
      7 Linear |R| = [32m1.145132e-10[39m
      8 Linear |R| = [32m3.373667e-11[39m
      9 Linear |R| = [32m2.040002e-11[39m
     10 Linear |R| = [33m1.993502e-11[39m
     11 Linear |R| = [32m9.005978e-12[39m
     12 Linear |R| = [32m2.230065e-12[39m
     13 Linear |R| = [32m1.469133e-12[39m
     14 Linear |R| = [32m3.120016e-13[39m
     15 Linear |R| = [33m3.105794e-13[39m
     16 Linear |R| = [32m1.627915e-13[39m
     17 Linear |R| = [32m6.076598e-14[39m
     18 Linear |R| = [32m1.884330e-14[39m
     19 Linear |R| = [32m1.116489e-14[39m
     20 Linear |R| = [33m1.067036e-14[39m
     21 Linear |R| = [32m2.453484e-15[39m
     22 Linear |R| = [32m1.115983e-15[39m
 2 Nonlinear |R| = [32m2.944745e-12[39m
[32m Solve Converged![39m

Postprocessor Values:
+----------------+----------------+----------------+----------------+----------------+----------------+----------------+
| time           | J_max          | J_min          | Jbar_max       | Jbar_min       | center_pressure| edge_ux        |
+----------------+----------------+----------------+----------------+----------------+----------------+----------------+
:                :                :                :                :                :                :                :
|   7.200000e-02 |   9.813348e-01 |   9.743798e-01 |   9.901756e-01 |   9.893276e-01 |   1.412302e-01 |   4.692780e-03 |
|   7.300000e-02 |   9.812916e-01 |   9.743701e-01 |   9.901676e-01 |   9.893234e-01 |   1.405532e-01 |   4.654555e-03 |
|   7.400000e-02 |   9.812485e-01 |   9.743603e-01 |   9.901597e-01 |   9.893192e-01 |   1.398798e-01 |   4.616506e-03 |
|   7.500000e-02 |   9.812056e-01 |   9.743506e-01 |   9.901517e-01 |   9.893150e-01 |   1.392098e-01 |   4.578634e-03 |
|   7.600000e-02 |   9.811628e-01 |   9.743409e-01 |   9.901438e-01 |   9.893109e-01 |   1.385432e-01 |   4.540937e-03 |
|   7.700000e-02 |   9.811202e-01 |   9.743312e-01 |   9.901360e-01 |   9.893069e-01 |   1.378799e-01 |   4.503415e-03 |
|   7.800000e-02 |   9.810777e-01 |   9.743215e-01 |   9.901282e-01 |   9.893028e-01 |   1.372201e-01 |   4.466068e-03 |
|   7.900000e-02 |   9.810355e-01 |   9.743118e-01 |   9.901204e-01 |   9.892988e-01 |   1.365635e-01 |   4.428893e-03 |
|   8.000000e-02 |   9.809933e-01 |   9.743021e-01 |   9.901127e-01 |   9.892948e-01 |   1.359102e-01 |   4.391893e-03 |
|   8.100000e-02 |   9.809514e-01 |   9.742925e-01 |   9.901050e-01 |   9.892909e-01 |   1.352602e-01 |   4.355064e-03 |
|   8.200000e-02 |   9.809096e-01 |   9.742828e-01 |   9.900973e-01 |   9.892870e-01 |   1.346134e-01 |   4.318407e-03 |
|   8.300000e-02 |   9.808679e-01 |   9.742732e-01 |   9.900897e-01 |   9.892831e-01 |   1.339698e-01 |   4.281922e-03 |
|   8.400000e-02 |   9.808265e-01 |   9.742636e-01 |   9.900822e-01 |   9.892792e-01 |   1.333293e-01 |   4.245606e-03 |
|   8.500000e-02 |   9.807852e-01 |   9.742540e-01 |   9.900746e-01 |   9.892754e-01 |   1.326921e-01 |   4.209461e-03 |
|   8.600000e-02 |   9.807440e-01 |   9.742444e-01 |   9.900671e-01 |   9.892716e-01 |   1.320579e-01 |   4.173485e-03 |
+----------------+----------------+----------------+----------------+----------------+----------------+----------------+
+----------------+----------------+----------------+------------------+----------------+----------------+
| time           | mass           | mass_reaction  | outflow_gradient | platen_max     | platen_min     |
+----------------+----------------+----------------+------------------+----------------+----------------+
:                :                :                :                  :                :                :
|   7.200000e-02 |   1.572772e+00 |  -2.772043e-01 |     1.441672e-01 |  -4.461434e-02 |  -4.461434e-02 |
|   7.300000e-02 |   1.572497e+00 |  -2.757766e-01 |     1.434298e-01 |  -4.465233e-02 |  -4.465233e-02 |
|   7.400000e-02 |   1.572222e+00 |  -2.743614e-01 |     1.426986e-01 |  -4.469013e-02 |  -4.469013e-02 |
|   7.500000e-02 |   1.571949e+00 |  -2.729583e-01 |     1.419734e-01 |  -4.472773e-02 |  -4.472773e-02 |
|   7.600000e-02 |   1.571678e+00 |  -2.715669e-01 |     1.412542e-01 |  -4.476515e-02 |  -4.476515e-02 |
|   7.700000e-02 |   1.571407e+00 |  -2.701868e-01 |     1.405406e-01 |  -4.480238e-02 |  -4.480238e-02 |
|   7.800000e-02 |   1.571139e+00 |  -2.688177e-01 |     1.398326e-01 |  -4.483942e-02 |  -4.483942e-02 |
|   7.900000e-02 |   1.570871e+00 |  -2.674593e-01 |     1.391300e-01 |  -4.487628e-02 |  -4.487628e-02 |
|   8.000000e-02 |   1.570605e+00 |  -2.661113e-01 |     1.384327e-01 |  -4.491296e-02 |  -4.491296e-02 |
|   8.100000e-02 |   1.570340e+00 |  -2.647735e-01 |     1.377404e-01 |  -4.494945e-02 |  -4.494945e-02 |
|   8.200000e-02 |   1.570077e+00 |  -2.634455e-01 |     1.370532e-01 |  -4.498577e-02 |  -4.498577e-02 |
|   8.300000e-02 |   1.569815e+00 |  -2.621271e-01 |     1.363708e-01 |  -4.502190e-02 |  -4.502190e-02 |
|   8.400000e-02 |   1.569554e+00 |  -2.608181e-01 |     1.356931e-01 |  -4.505786e-02 |  -4.505786e-02 |
|   8.500000e-02 |   1.569294e+00 |  -2.595183e-01 |     1.350201e-01 |  -4.509364e-02 |  -4.509364e-02 |
|   8.600000e-02 |   1.569036e+00 |  -2.582273e-01 |     1.343516e-01 |  -4.512924e-02 |  -4.512924e-02 |
+----------------+----------------+----------------+------------------+----------------+----------------+
+----------------+--------------------+--------------------+----------------+----------------+----------------+
| time           | solid_fraction_max | solid_fraction_min | stability_max  | stability_min  | top_reaction   |
+----------------+--------------------+--------------------+----------------+----------------+----------------+
:                :                    :                    :                :                :                :
|   7.200000e-02 |       6.092270e-01 |       6.048873e-01 |   2.809803e+01 |   2.800294e+01 |  -1.400000e+00 |
|   7.300000e-02 |       6.092308e-01 |       6.049114e-01 |   2.809759e+01 |   2.800293e+01 |  -1.400000e+00 |
|   7.400000e-02 |       6.092347e-01 |       6.049354e-01 |   2.809715e+01 |   2.800291e+01 |  -1.400000e+00 |
|   7.500000e-02 |       6.092386e-01 |       6.049593e-01 |   2.809670e+01 |   2.800290e+01 |  -1.400000e+00 |
|   7.600000e-02 |       6.092425e-01 |       6.049832e-01 |   2.809626e+01 |   2.800288e+01 |  -1.400000e+00 |
|   7.700000e-02 |       6.092463e-01 |       6.050069e-01 |   2.809582e+01 |   2.800287e+01 |  -1.400000e+00 |
|   7.800000e-02 |       6.092502e-01 |       6.050306e-01 |   2.809538e+01 |   2.800286e+01 |  -1.400000e+00 |
|   7.900000e-02 |       6.092541e-01 |       6.050543e-01 |   2.809494e+01 |   2.800284e+01 |  -1.400000e+00 |
|   8.000000e-02 |       6.092579e-01 |       6.050778e-01 |   2.809451e+01 |   2.800283e+01 |  -1.400000e+00 |
|   8.100000e-02 |       6.092618e-01 |       6.051013e-01 |   2.809407e+01 |   2.800281e+01 |  -1.400000e+00 |
|   8.200000e-02 |       6.092656e-01 |       6.051247e-01 |   2.809364e+01 |   2.800280e+01 |  -1.400000e+00 |
|   8.300000e-02 |       6.092694e-01 |       6.051480e-01 |   2.809320e+01 |   2.800278e+01 |  -1.400000e+00 |
|   8.400000e-02 |       6.092733e-01 |       6.051712e-01 |   2.809277e+01 |   2.800277e+01 |  -1.400000e+00 |
|   8.500000e-02 |       6.092771e-01 |       6.051943e-01 |   2.809234e+01 |   2.800276e+01 |  -1.400000e+00 |
|   8.600000e-02 |       6.092809e-01 |       6.052173e-01 |   2.809191e+01 |   2.800274e+01 |  -1.400000e+00 |
+----------------+--------------------+--------------------+----------------+----------------+----------------+


Time Step 87, time = 0.087, dt = 0.001
 * Nonlinear |R| = [32m2.096106e-02[39m (Before preset BCs, predictors, correctors, and constraints)
 0 Nonlinear |R| = [32m2.096106e-02[39m
      0 Linear |R| = [32m2.096106e-02[39m
      1 Linear |R| = [32m1.310658e-03[39m
      2 Linear |R| = [33m1.285532e-03[39m
      3 Linear |R| = [32m3.811478e-04[39m
      4 Linear |R| = [32m3.210527e-05[39m
      5 Linear |R| = [32m1.606822e-05[39m
      6 Linear |R| = [32m5.356913e-06[39m
      7 Linear |R| = [32m3.404549e-06[39m
      8 Linear |R| = [32m9.306588e-07[39m
      9 Linear |R| = [32m4.687724e-07[39m
     10 Linear |R| = [32m3.973360e-07[39m
     11 Linear |R| = [32m2.506913e-07[39m
     12 Linear |R| = [32m4.454055e-08[39m
     13 Linear |R| = [32m2.961037e-08[39m
     14 Linear |R| = [32m7.710159e-09[39m
     15 Linear |R| = [32m6.832845e-09[39m
     16 Linear |R| = [32m3.286147e-09[39m
     17 Linear |R| = [32m1.616032e-09[39m
     18 Linear |R| = [32m3.538928e-10[39m
     19 Linear |R| = [32m2.194117e-10[39m
     20 Linear |R| = [32m1.928168e-10[39m
     21 Linear |R| = [32m6.836769e-11[39m
     22 Linear |R| = [32m3.133688e-11[39m
     23 Linear |R| = [32m1.833648e-11[39m
 1 Nonlinear |R| = [32m1.460553e-06[39m
      0 Linear |R| = [32m1.460553e-06[39m
      1 Linear |R| = [32m4.853477e-08[39m
      2 Linear |R| = [32m4.329090e-08[39m
      3 Linear |R| = [32m1.110438e-08[39m
      4 Linear |R| = [32m9.530484e-10[39m
      5 Linear |R| = [32m8.591159e-10[39m
      6 Linear |R| = [32m1.749879e-10[39m
      7 Linear |R| = [32m1.067956e-10[39m
      8 Linear |R| = [32m2.965265e-11[39m
      9 Linear |R| = [32m1.681665e-11[39m
     10 Linear |R| = [33m1.656067e-11[39m
     11 Linear |R| = [32m8.312322e-12[39m
     12 Linear |R| = [32m1.798674e-12[39m
     13 Linear |R| = [32m1.214402e-12[39m
     14 Linear |R| = [32m2.999806e-13[39m
     15 Linear |R| = [33m2.997135e-13[39m
     16 Linear |R| = [32m1.588783e-13[39m
     17 Linear |R| = [32m6.216551e-14[39m
     18 Linear |R| = [32m1.815599e-14[39m
     19 Linear |R| = [32m1.071650e-14[39m
     20 Linear |R| = [33m1.038883e-14[39m
     21 Linear |R| = [32m2.614122e-15[39m
     22 Linear |R| = [32m1.316468e-15[39m
 2 Nonlinear |R| = [32m2.856825e-12[39m
[32m Solve Converged![39m

Postprocessor Values:
+----------------+----------------+----------------+----------------+----------------+----------------+----------------+
| time           | J_max          | J_min          | Jbar_max       | Jbar_min       | center_pressure| edge_ux        |
+----------------+----------------+----------------+----------------+----------------+----------------+----------------+
:                :                :                :                :                :                :                :
|   7.300000e-02 |   9.812916e-01 |   9.743701e-01 |   9.901676e-01 |   9.893234e-01 |   1.405532e-01 |   4.654555e-03 |
|   7.400000e-02 |   9.812485e-01 |   9.743603e-01 |   9.901597e-01 |   9.893192e-01 |   1.398798e-01 |   4.616506e-03 |
|   7.500000e-02 |   9.812056e-01 |   9.743506e-01 |   9.901517e-01 |   9.893150e-01 |   1.392098e-01 |   4.578634e-03 |
|   7.600000e-02 |   9.811628e-01 |   9.743409e-01 |   9.901438e-01 |   9.893109e-01 |   1.385432e-01 |   4.540937e-03 |
|   7.700000e-02 |   9.811202e-01 |   9.743312e-01 |   9.901360e-01 |   9.893069e-01 |   1.378799e-01 |   4.503415e-03 |
|   7.800000e-02 |   9.810777e-01 |   9.743215e-01 |   9.901282e-01 |   9.893028e-01 |   1.372201e-01 |   4.466068e-03 |
|   7.900000e-02 |   9.810355e-01 |   9.743118e-01 |   9.901204e-01 |   9.892988e-01 |   1.365635e-01 |   4.428893e-03 |
|   8.000000e-02 |   9.809933e-01 |   9.743021e-01 |   9.901127e-01 |   9.892948e-01 |   1.359102e-01 |   4.391893e-03 |
|   8.100000e-02 |   9.809514e-01 |   9.742925e-01 |   9.901050e-01 |   9.892909e-01 |   1.352602e-01 |   4.355064e-03 |
|   8.200000e-02 |   9.809096e-01 |   9.742828e-01 |   9.900973e-01 |   9.892870e-01 |   1.346134e-01 |   4.318407e-03 |
|   8.300000e-02 |   9.808679e-01 |   9.742732e-01 |   9.900897e-01 |   9.892831e-01 |   1.339698e-01 |   4.281922e-03 |
|   8.400000e-02 |   9.808265e-01 |   9.742636e-01 |   9.900822e-01 |   9.892792e-01 |   1.333293e-01 |   4.245606e-03 |
|   8.500000e-02 |   9.807852e-01 |   9.742540e-01 |   9.900746e-01 |   9.892754e-01 |   1.326921e-01 |   4.209461e-03 |
|   8.600000e-02 |   9.807440e-01 |   9.742444e-01 |   9.900671e-01 |   9.892716e-01 |   1.320579e-01 |   4.173485e-03 |
|   8.700000e-02 |   9.807031e-01 |   9.742349e-01 |   9.900597e-01 |   9.892678e-01 |   1.314268e-01 |   4.137677e-03 |
+----------------+----------------+----------------+----------------+----------------+----------------+----------------+
+----------------+----------------+----------------+------------------+----------------+----------------+
| time           | mass           | mass_reaction  | outflow_gradient | platen_max     | platen_min     |
+----------------+----------------+----------------+------------------+----------------+----------------+
:                :                :                :                  :                :                :
|   7.300000e-02 |   1.572497e+00 |  -2.757766e-01 |     1.434298e-01 |  -4.465233e-02 |  -4.465233e-02 |
|   7.400000e-02 |   1.572222e+00 |  -2.743614e-01 |     1.426986e-01 |  -4.469013e-02 |  -4.469013e-02 |
|   7.500000e-02 |   1.571949e+00 |  -2.729583e-01 |     1.419734e-01 |  -4.472773e-02 |  -4.472773e-02 |
|   7.600000e-02 |   1.571678e+00 |  -2.715669e-01 |     1.412542e-01 |  -4.476515e-02 |  -4.476515e-02 |
|   7.700000e-02 |   1.571407e+00 |  -2.701868e-01 |     1.405406e-01 |  -4.480238e-02 |  -4.480238e-02 |
|   7.800000e-02 |   1.571139e+00 |  -2.688177e-01 |     1.398326e-01 |  -4.483942e-02 |  -4.483942e-02 |
|   7.900000e-02 |   1.570871e+00 |  -2.674593e-01 |     1.391300e-01 |  -4.487628e-02 |  -4.487628e-02 |
|   8.000000e-02 |   1.570605e+00 |  -2.661113e-01 |     1.384327e-01 |  -4.491296e-02 |  -4.491296e-02 |
|   8.100000e-02 |   1.570340e+00 |  -2.647735e-01 |     1.377404e-01 |  -4.494945e-02 |  -4.494945e-02 |
|   8.200000e-02 |   1.570077e+00 |  -2.634455e-01 |     1.370532e-01 |  -4.498577e-02 |  -4.498577e-02 |
|   8.300000e-02 |   1.569815e+00 |  -2.621271e-01 |     1.363708e-01 |  -4.502190e-02 |  -4.502190e-02 |
|   8.400000e-02 |   1.569554e+00 |  -2.608181e-01 |     1.356931e-01 |  -4.505786e-02 |  -4.505786e-02 |
|   8.500000e-02 |   1.569294e+00 |  -2.595183e-01 |     1.350201e-01 |  -4.509364e-02 |  -4.509364e-02 |
|   8.600000e-02 |   1.569036e+00 |  -2.582273e-01 |     1.343516e-01 |  -4.512924e-02 |  -4.512924e-02 |
|   8.700000e-02 |   1.568779e+00 |  -2.569451e-01 |     1.336875e-01 |  -4.516467e-02 |  -4.516467e-02 |
+----------------+----------------+----------------+------------------+----------------+----------------+
+----------------+--------------------+--------------------+----------------+----------------+----------------+
| time           | solid_fraction_max | solid_fraction_min | stability_max  | stability_min  | top_reaction   |
+----------------+--------------------+--------------------+----------------+----------------+----------------+
:                :                    :                    :                :                :                :
|   7.300000e-02 |       6.092308e-01 |       6.049114e-01 |   2.809759e+01 |   2.800293e+01 |  -1.400000e+00 |
|   7.400000e-02 |       6.092347e-01 |       6.049354e-01 |   2.809715e+01 |   2.800291e+01 |  -1.400000e+00 |
|   7.500000e-02 |       6.092386e-01 |       6.049593e-01 |   2.809670e+01 |   2.800290e+01 |  -1.400000e+00 |
|   7.600000e-02 |       6.092425e-01 |       6.049832e-01 |   2.809626e+01 |   2.800288e+01 |  -1.400000e+00 |
|   7.700000e-02 |       6.092463e-01 |       6.050069e-01 |   2.809582e+01 |   2.800287e+01 |  -1.400000e+00 |
|   7.800000e-02 |       6.092502e-01 |       6.050306e-01 |   2.809538e+01 |   2.800286e+01 |  -1.400000e+00 |
|   7.900000e-02 |       6.092541e-01 |       6.050543e-01 |   2.809494e+01 |   2.800284e+01 |  -1.400000e+00 |
|   8.000000e-02 |       6.092579e-01 |       6.050778e-01 |   2.809451e+01 |   2.800283e+01 |  -1.400000e+00 |
|   8.100000e-02 |       6.092618e-01 |       6.051013e-01 |   2.809407e+01 |   2.800281e+01 |  -1.400000e+00 |
|   8.200000e-02 |       6.092656e-01 |       6.051247e-01 |   2.809364e+01 |   2.800280e+01 |  -1.400000e+00 |
|   8.300000e-02 |       6.092694e-01 |       6.051480e-01 |   2.809320e+01 |   2.800278e+01 |  -1.400000e+00 |
|   8.400000e-02 |       6.092733e-01 |       6.051712e-01 |   2.809277e+01 |   2.800277e+01 |  -1.400000e+00 |
|   8.500000e-02 |       6.092771e-01 |       6.051943e-01 |   2.809234e+01 |   2.800276e+01 |  -1.400000e+00 |
|   8.600000e-02 |       6.092809e-01 |       6.052173e-01 |   2.809191e+01 |   2.800274e+01 |  -1.400000e+00 |
|   8.700000e-02 |       6.092847e-01 |       6.052403e-01 |   2.809148e+01 |   2.800273e+01 |  -1.400000e+00 |
+----------------+--------------------+--------------------+----------------+----------------+----------------+


Time Step 88, time = 0.088, dt = 0.001
 * Nonlinear |R| = [32m2.085926e-02[39m (Before preset BCs, predictors, correctors, and constraints)
 0 Nonlinear |R| = [32m2.085926e-02[39m
      0 Linear |R| = [32m2.085926e-02[39m
      1 Linear |R| = [32m1.304305e-03[39m
      2 Linear |R| = [33m1.279303e-03[39m
      3 Linear |R| = [32m3.792504e-04[39m
      4 Linear |R| = [32m3.194420e-05[39m
      5 Linear |R| = [32m1.648105e-05[39m
      6 Linear |R| = [32m5.328302e-06[39m
      7 Linear |R| = [32m3.386161e-06[39m
      8 Linear |R| = [32m9.256935e-07[39m
      9 Linear |R| = [32m4.663414e-07[39m
     10 Linear |R| = [32m4.000333e-07[39m
     11 Linear |R| = [32m2.493323e-07[39m
     12 Linear |R| = [32m4.427708e-08[39m
     13 Linear |R| = [32m2.943183e-08[39m
     14 Linear |R| = [32m7.671340e-09[39m
     15 Linear |R| = [32m6.845390e-09[39m
     16 Linear |R| = [32m3.265153e-09[39m
     17 Linear |R| = [32m1.605163e-09[39m
     18 Linear |R| = [32m3.507109e-10[39m
     19 Linear |R| = [32m2.175923e-10[39m
     20 Linear |R| = [32m1.969445e-10[39m
     21 Linear |R| = [32m6.757949e-11[39m
     22 Linear |R| = [32m3.101812e-11[39m
     23 Linear |R| = [32m1.814940e-11[39m
 1 Nonlinear |R| = [32m1.455062e-06[39m
      0 Linear |R| = [32m1.455062e-06[39m
      1 Linear |R| = [32m4.806719e-08[39m
      2 Linear |R| = [32m4.117913e-08[39m
      3 Linear |R| = [32m1.060970e-08[39m
      4 Linear |R| = [32m9.175882e-10[39m
      5 Linear |R| = [32m8.470863e-10[39m
      6 Linear |R| = [32m1.836074e-10[39m
      7 Linear |R| = [32m1.121968e-10[39m
      8 Linear |R| = [32m2.924247e-11[39m
      9 Linear |R| = [32m1.606663e-11[39m
     10 Linear |R| = [33m1.596115e-11[39m
     11 Linear |R| = [32m8.006672e-12[39m
     12 Linear |R| = [32m1.800220e-12[39m
     13 Linear |R| = [32m1.211039e-12[39m
     14 Linear |R| = [32m2.871662e-13[39m
     15 Linear |R| = [33m2.871548e-13[39m
     16 Linear |R| = [32m1.395359e-13[39m
     17 Linear |R| = [32m6.096461e-14[39m
     18 Linear |R| = [32m1.819238e-14[39m
     19 Linear |R| = [32m1.127333e-14[39m
     20 Linear |R| = [33m1.103480e-14[39m
     21 Linear |R| = [32m2.927618e-15[39m
     22 Linear |R| = [32m1.452156e-15[39m
 2 Nonlinear |R| = [32m2.961441e-12[39m
[32m Solve Converged![39m

Postprocessor Values:
+----------------+----------------+----------------+----------------+----------------+----------------+----------------+
| time           | J_max          | J_min          | Jbar_max       | Jbar_min       | center_pressure| edge_ux        |
+----------------+----------------+----------------+----------------+----------------+----------------+----------------+
:                :                :                :                :                :                :                :
|   7.400000e-02 |   9.812485e-01 |   9.743603e-01 |   9.901597e-01 |   9.893192e-01 |   1.398798e-01 |   4.616506e-03 |
|   7.500000e-02 |   9.812056e-01 |   9.743506e-01 |   9.901517e-01 |   9.893150e-01 |   1.392098e-01 |   4.578634e-03 |
|   7.600000e-02 |   9.811628e-01 |   9.743409e-01 |   9.901438e-01 |   9.893109e-01 |   1.385432e-01 |   4.540937e-03 |
|   7.700000e-02 |   9.811202e-01 |   9.743312e-01 |   9.901360e-01 |   9.893069e-01 |   1.378799e-01 |   4.503415e-03 |
|   7.800000e-02 |   9.810777e-01 |   9.743215e-01 |   9.901282e-01 |   9.893028e-01 |   1.372201e-01 |   4.466068e-03 |
|   7.900000e-02 |   9.810355e-01 |   9.743118e-01 |   9.901204e-01 |   9.892988e-01 |   1.365635e-01 |   4.428893e-03 |
|   8.000000e-02 |   9.809933e-01 |   9.743021e-01 |   9.901127e-01 |   9.892948e-01 |   1.359102e-01 |   4.391893e-03 |
|   8.100000e-02 |   9.809514e-01 |   9.742925e-01 |   9.901050e-01 |   9.892909e-01 |   1.352602e-01 |   4.355064e-03 |
|   8.200000e-02 |   9.809096e-01 |   9.742828e-01 |   9.900973e-01 |   9.892870e-01 |   1.346134e-01 |   4.318407e-03 |
|   8.300000e-02 |   9.808679e-01 |   9.742732e-01 |   9.900897e-01 |   9.892831e-01 |   1.339698e-01 |   4.281922e-03 |
|   8.400000e-02 |   9.808265e-01 |   9.742636e-01 |   9.900822e-01 |   9.892792e-01 |   1.333293e-01 |   4.245606e-03 |
|   8.500000e-02 |   9.807852e-01 |   9.742540e-01 |   9.900746e-01 |   9.892754e-01 |   1.326921e-01 |   4.209461e-03 |
|   8.600000e-02 |   9.807440e-01 |   9.742444e-01 |   9.900671e-01 |   9.892716e-01 |   1.320579e-01 |   4.173485e-03 |
|   8.700000e-02 |   9.807031e-01 |   9.742349e-01 |   9.900597e-01 |   9.892678e-01 |   1.314268e-01 |   4.137677e-03 |
|   8.800000e-02 |   9.806623e-01 |   9.742253e-01 |   9.900523e-01 |   9.892640e-01 |   1.307988e-01 |   4.102038e-03 |
+----------------+----------------+----------------+----------------+----------------+----------------+----------------+
+----------------+----------------+----------------+------------------+----------------+----------------+
| time           | mass           | mass_reaction  | outflow_gradient | platen_max     | platen_min     |
+----------------+----------------+----------------+------------------+----------------+----------------+
:                :                :                :                  :                :                :
|   7.400000e-02 |   1.572222e+00 |  -2.743614e-01 |     1.426986e-01 |  -4.469013e-02 |  -4.469013e-02 |
|   7.500000e-02 |   1.571949e+00 |  -2.729583e-01 |     1.419734e-01 |  -4.472773e-02 |  -4.472773e-02 |
|   7.600000e-02 |   1.571678e+00 |  -2.715669e-01 |     1.412542e-01 |  -4.476515e-02 |  -4.476515e-02 |
|   7.700000e-02 |   1.571407e+00 |  -2.701868e-01 |     1.405406e-01 |  -4.480238e-02 |  -4.480238e-02 |
|   7.800000e-02 |   1.571139e+00 |  -2.688177e-01 |     1.398326e-01 |  -4.483942e-02 |  -4.483942e-02 |
|   7.900000e-02 |   1.570871e+00 |  -2.674593e-01 |     1.391300e-01 |  -4.487628e-02 |  -4.487628e-02 |
|   8.000000e-02 |   1.570605e+00 |  -2.661113e-01 |     1.384327e-01 |  -4.491296e-02 |  -4.491296e-02 |
|   8.100000e-02 |   1.570340e+00 |  -2.647735e-01 |     1.377404e-01 |  -4.494945e-02 |  -4.494945e-02 |
|   8.200000e-02 |   1.570077e+00 |  -2.634455e-01 |     1.370532e-01 |  -4.498577e-02 |  -4.498577e-02 |
|   8.300000e-02 |   1.569815e+00 |  -2.621271e-01 |     1.363708e-01 |  -4.502190e-02 |  -4.502190e-02 |
|   8.400000e-02 |   1.569554e+00 |  -2.608181e-01 |     1.356931e-01 |  -4.505786e-02 |  -4.505786e-02 |
|   8.500000e-02 |   1.569294e+00 |  -2.595183e-01 |     1.350201e-01 |  -4.509364e-02 |  -4.509364e-02 |
|   8.600000e-02 |   1.569036e+00 |  -2.582273e-01 |     1.343516e-01 |  -4.512924e-02 |  -4.512924e-02 |
|   8.700000e-02 |   1.568779e+00 |  -2.569451e-01 |     1.336875e-01 |  -4.516467e-02 |  -4.516467e-02 |
|   8.800000e-02 |   1.568524e+00 |  -2.556715e-01 |     1.330278e-01 |  -4.519992e-02 |  -4.519992e-02 |
+----------------+----------------+----------------+------------------+----------------+----------------+
+----------------+--------------------+--------------------+----------------+----------------+----------------+
| time           | solid_fraction_max | solid_fraction_min | stability_max  | stability_min  | top_reaction   |
+----------------+--------------------+--------------------+----------------+----------------+----------------+
:                :                    :                    :                :                :                :
|   7.400000e-02 |       6.092347e-01 |       6.049354e-01 |   2.809715e+01 |   2.800291e+01 |  -1.400000e+00 |
|   7.500000e-02 |       6.092386e-01 |       6.049593e-01 |   2.809670e+01 |   2.800290e+01 |  -1.400000e+00 |
|   7.600000e-02 |       6.092425e-01 |       6.049832e-01 |   2.809626e+01 |   2.800288e+01 |  -1.400000e+00 |
|   7.700000e-02 |       6.092463e-01 |       6.050069e-01 |   2.809582e+01 |   2.800287e+01 |  -1.400000e+00 |
|   7.800000e-02 |       6.092502e-01 |       6.050306e-01 |   2.809538e+01 |   2.800286e+01 |  -1.400000e+00 |
|   7.900000e-02 |       6.092541e-01 |       6.050543e-01 |   2.809494e+01 |   2.800284e+01 |  -1.400000e+00 |
|   8.000000e-02 |       6.092579e-01 |       6.050778e-01 |   2.809451e+01 |   2.800283e+01 |  -1.400000e+00 |
|   8.100000e-02 |       6.092618e-01 |       6.051013e-01 |   2.809407e+01 |   2.800281e+01 |  -1.400000e+00 |
|   8.200000e-02 |       6.092656e-01 |       6.051247e-01 |   2.809364e+01 |   2.800280e+01 |  -1.400000e+00 |
|   8.300000e-02 |       6.092694e-01 |       6.051480e-01 |   2.809320e+01 |   2.800278e+01 |  -1.400000e+00 |
|   8.400000e-02 |       6.092733e-01 |       6.051712e-01 |   2.809277e+01 |   2.800277e+01 |  -1.400000e+00 |
|   8.500000e-02 |       6.092771e-01 |       6.051943e-01 |   2.809234e+01 |   2.800276e+01 |  -1.400000e+00 |
|   8.600000e-02 |       6.092809e-01 |       6.052173e-01 |   2.809191e+01 |   2.800274e+01 |  -1.400000e+00 |
|   8.700000e-02 |       6.092847e-01 |       6.052403e-01 |   2.809148e+01 |   2.800273e+01 |  -1.400000e+00 |
|   8.800000e-02 |       6.092885e-01 |       6.052632e-01 |   2.809106e+01 |   2.800272e+01 |  -1.400000e+00 |
+----------------+--------------------+--------------------+----------------+----------------+----------------+


Time Step 89, time = 0.089, dt = 0.001
 * Nonlinear |R| = [32m2.075802e-02[39m (Before preset BCs, predictors, correctors, and constraints)
 0 Nonlinear |R| = [32m2.075802e-02[39m
      0 Linear |R| = [32m2.075802e-02[39m
      1 Linear |R| = [32m1.297985e-03[39m
      2 Linear |R| = [33m1.273103e-03[39m
      3 Linear |R| = [32m3.773892e-04[39m
      4 Linear |R| = [32m3.176508e-05[39m
      5 Linear |R| = [32m1.497906e-05[39m
      6 Linear |R| = [32m5.300047e-06[39m
      7 Linear |R| = [32m3.367999e-06[39m
      8 Linear |R| = [32m9.207773e-07[39m
      9 Linear |R| = [32m4.633471e-07[39m
     10 Linear |R| = [32m3.703397e-07[39m
     11 Linear |R| = [32m2.477852e-07[39m
     12 Linear |R| = [32m4.401817e-08[39m
     13 Linear |R| = [32m2.925649e-08[39m
     14 Linear |R| = [32m7.585156e-09[39m
     15 Linear |R| = [32m6.281962e-09[39m
     16 Linear |R| = [32m3.244335e-09[39m
     17 Linear |R| = [32m1.594484e-09[39m
     18 Linear |R| = [32m3.476257e-10[39m
     19 Linear |R| = [32m2.153827e-10[39m
     20 Linear |R| = [32m1.891795e-10[39m
     21 Linear |R| = [32m6.680009e-11[39m
     22 Linear |R| = [32m3.070884e-11[39m
     23 Linear |R| = [32m1.796654e-11[39m
 1 Nonlinear |R| = [32m1.437013e-06[39m
      0 Linear |R| = [32m1.437013e-06[39m
      1 Linear |R| = [32m4.746731e-08[39m
      2 Linear |R| = [32m4.155161e-08[39m
      3 Linear |R| = [32m1.065285e-08[39m
      4 Linear |R| = [32m9.110793e-10[39m
      5 Linear |R| = [32m8.255139e-10[39m
      6 Linear |R| = [32m1.611064e-10[39m
      7 Linear |R| = [32m9.931904e-11[39m
      8 Linear |R| = [32m2.936163e-11[39m
      9 Linear |R| = [32m1.678832e-11[39m
     10 Linear |R| = [33m1.641751e-11[39m
     11 Linear |R| = [32m8.166150e-12[39m
     12 Linear |R| = [32m1.639552e-12[39m
     13 Linear |R| = [32m1.107221e-12[39m
     14 Linear |R| = [32m2.821693e-13[39m
     15 Linear |R| = [33m2.811280e-13[39m
     16 Linear |R| = [32m1.540608e-13[39m
     17 Linear |R| = [32m5.718141e-14[39m
     18 Linear |R| = [32m1.608374e-14[39m
     19 Linear |R| = [32m8.993232e-15[39m
     20 Linear |R| = [33m8.826646e-15[39m
     21 Linear |R| = [32m2.137305e-15[39m
     22 Linear |R| = [32m1.272224e-15[39m
 2 Nonlinear |R| = [32m2.780946e-12[39m
[32m Solve Converged![39m

Postprocessor Values:
+----------------+----------------+----------------+----------------+----------------+----------------+----------------+
| time           | J_max          | J_min          | Jbar_max       | Jbar_min       | center_pressure| edge_ux        |
+----------------+----------------+----------------+----------------+----------------+----------------+----------------+
:                :                :                :                :                :                :                :
|   7.500000e-02 |   9.812056e-01 |   9.743506e-01 |   9.901517e-01 |   9.893150e-01 |   1.392098e-01 |   4.578634e-03 |
|   7.600000e-02 |   9.811628e-01 |   9.743409e-01 |   9.901438e-01 |   9.893109e-01 |   1.385432e-01 |   4.540937e-03 |
|   7.700000e-02 |   9.811202e-01 |   9.743312e-01 |   9.901360e-01 |   9.893069e-01 |   1.378799e-01 |   4.503415e-03 |
|   7.800000e-02 |   9.810777e-01 |   9.743215e-01 |   9.901282e-01 |   9.893028e-01 |   1.372201e-01 |   4.466068e-03 |
|   7.900000e-02 |   9.810355e-01 |   9.743118e-01 |   9.901204e-01 |   9.892988e-01 |   1.365635e-01 |   4.428893e-03 |
|   8.000000e-02 |   9.809933e-01 |   9.743021e-01 |   9.901127e-01 |   9.892948e-01 |   1.359102e-01 |   4.391893e-03 |
|   8.100000e-02 |   9.809514e-01 |   9.742925e-01 |   9.901050e-01 |   9.892909e-01 |   1.352602e-01 |   4.355064e-03 |
|   8.200000e-02 |   9.809096e-01 |   9.742828e-01 |   9.900973e-01 |   9.892870e-01 |   1.346134e-01 |   4.318407e-03 |
|   8.300000e-02 |   9.808679e-01 |   9.742732e-01 |   9.900897e-01 |   9.892831e-01 |   1.339698e-01 |   4.281922e-03 |
|   8.400000e-02 |   9.808265e-01 |   9.742636e-01 |   9.900822e-01 |   9.892792e-01 |   1.333293e-01 |   4.245606e-03 |
|   8.500000e-02 |   9.807852e-01 |   9.742540e-01 |   9.900746e-01 |   9.892754e-01 |   1.326921e-01 |   4.209461e-03 |
|   8.600000e-02 |   9.807440e-01 |   9.742444e-01 |   9.900671e-01 |   9.892716e-01 |   1.320579e-01 |   4.173485e-03 |
|   8.700000e-02 |   9.807031e-01 |   9.742349e-01 |   9.900597e-01 |   9.892678e-01 |   1.314268e-01 |   4.137677e-03 |
|   8.800000e-02 |   9.806623e-01 |   9.742253e-01 |   9.900523e-01 |   9.892640e-01 |   1.307988e-01 |   4.102038e-03 |
|   8.900000e-02 |   9.806217e-01 |   9.742158e-01 |   9.900449e-01 |   9.892603e-01 |   1.301739e-01 |   4.066565e-03 |
+----------------+----------------+----------------+----------------+----------------+----------------+----------------+
+----------------+----------------+----------------+------------------+----------------+----------------+
| time           | mass           | mass_reaction  | outflow_gradient | platen_max     | platen_min     |
+----------------+----------------+----------------+------------------+----------------+----------------+
:                :                :                :                  :                :                :
|   7.500000e-02 |   1.571949e+00 |  -2.729583e-01 |     1.419734e-01 |  -4.472773e-02 |  -4.472773e-02 |
|   7.600000e-02 |   1.571678e+00 |  -2.715669e-01 |     1.412542e-01 |  -4.476515e-02 |  -4.476515e-02 |
|   7.700000e-02 |   1.571407e+00 |  -2.701868e-01 |     1.405406e-01 |  -4.480238e-02 |  -4.480238e-02 |
|   7.800000e-02 |   1.571139e+00 |  -2.688177e-01 |     1.398326e-01 |  -4.483942e-02 |  -4.483942e-02 |
|   7.900000e-02 |   1.570871e+00 |  -2.674593e-01 |     1.391300e-01 |  -4.487628e-02 |  -4.487628e-02 |
|   8.000000e-02 |   1.570605e+00 |  -2.661113e-01 |     1.384327e-01 |  -4.491296e-02 |  -4.491296e-02 |
|   8.100000e-02 |   1.570340e+00 |  -2.647735e-01 |     1.377404e-01 |  -4.494945e-02 |  -4.494945e-02 |
|   8.200000e-02 |   1.570077e+00 |  -2.634455e-01 |     1.370532e-01 |  -4.498577e-02 |  -4.498577e-02 |
|   8.300000e-02 |   1.569815e+00 |  -2.621271e-01 |     1.363708e-01 |  -4.502190e-02 |  -4.502190e-02 |
|   8.400000e-02 |   1.569554e+00 |  -2.608181e-01 |     1.356931e-01 |  -4.505786e-02 |  -4.505786e-02 |
|   8.500000e-02 |   1.569294e+00 |  -2.595183e-01 |     1.350201e-01 |  -4.509364e-02 |  -4.509364e-02 |
|   8.600000e-02 |   1.569036e+00 |  -2.582273e-01 |     1.343516e-01 |  -4.512924e-02 |  -4.512924e-02 |
|   8.700000e-02 |   1.568779e+00 |  -2.569451e-01 |     1.336875e-01 |  -4.516467e-02 |  -4.516467e-02 |
|   8.800000e-02 |   1.568524e+00 |  -2.556715e-01 |     1.330278e-01 |  -4.519992e-02 |  -4.519992e-02 |
|   8.900000e-02 |   1.568269e+00 |  -2.544061e-01 |     1.323723e-01 |  -4.523501e-02 |  -4.523501e-02 |
+----------------+----------------+----------------+------------------+----------------+----------------+
+----------------+--------------------+--------------------+----------------+----------------+----------------+
| time           | solid_fraction_max | solid_fraction_min | stability_max  | stability_min  | top_reaction   |
+----------------+--------------------+--------------------+----------------+----------------+----------------+
:                :                    :                    :                :                :                :
|   7.500000e-02 |       6.092386e-01 |       6.049593e-01 |   2.809670e+01 |   2.800290e+01 |  -1.400000e+00 |
|   7.600000e-02 |       6.092425e-01 |       6.049832e-01 |   2.809626e+01 |   2.800288e+01 |  -1.400000e+00 |
|   7.700000e-02 |       6.092463e-01 |       6.050069e-01 |   2.809582e+01 |   2.800287e+01 |  -1.400000e+00 |
|   7.800000e-02 |       6.092502e-01 |       6.050306e-01 |   2.809538e+01 |   2.800286e+01 |  -1.400000e+00 |
|   7.900000e-02 |       6.092541e-01 |       6.050543e-01 |   2.809494e+01 |   2.800284e+01 |  -1.400000e+00 |
|   8.000000e-02 |       6.092579e-01 |       6.050778e-01 |   2.809451e+01 |   2.800283e+01 |  -1.400000e+00 |
|   8.100000e-02 |       6.092618e-01 |       6.051013e-01 |   2.809407e+01 |   2.800281e+01 |  -1.400000e+00 |
|   8.200000e-02 |       6.092656e-01 |       6.051247e-01 |   2.809364e+01 |   2.800280e+01 |  -1.400000e+00 |
|   8.300000e-02 |       6.092694e-01 |       6.051480e-01 |   2.809320e+01 |   2.800278e+01 |  -1.400000e+00 |
|   8.400000e-02 |       6.092733e-01 |       6.051712e-01 |   2.809277e+01 |   2.800277e+01 |  -1.400000e+00 |
|   8.500000e-02 |       6.092771e-01 |       6.051943e-01 |   2.809234e+01 |   2.800276e+01 |  -1.400000e+00 |
|   8.600000e-02 |       6.092809e-01 |       6.052173e-01 |   2.809191e+01 |   2.800274e+01 |  -1.400000e+00 |
|   8.700000e-02 |       6.092847e-01 |       6.052403e-01 |   2.809148e+01 |   2.800273e+01 |  -1.400000e+00 |
|   8.800000e-02 |       6.092885e-01 |       6.052632e-01 |   2.809106e+01 |   2.800272e+01 |  -1.400000e+00 |
|   8.900000e-02 |       6.092922e-01 |       6.052859e-01 |   2.809063e+01 |   2.800270e+01 |  -1.400000e+00 |
+----------------+--------------------+--------------------+----------------+----------------+----------------+


Time Step 90, time = 0.09, dt = 0.001
 * Nonlinear |R| = [32m2.065733e-02[39m (Before preset BCs, predictors, correctors, and constraints)
 0 Nonlinear |R| = [32m2.065733e-02[39m
      0 Linear |R| = [32m2.065733e-02[39m
      1 Linear |R| = [32m1.291708e-03[39m
      2 Linear |R| = [33m1.266946e-03[39m
      3 Linear |R| = [32m3.755296e-04[39m
      4 Linear |R| = [32m3.161481e-05[39m
      5 Linear |R| = [32m1.550600e-05[39m
      6 Linear |R| = [32m5.272067e-06[39m
      7 Linear |R| = [32m3.349999e-06[39m
      8 Linear |R| = [32m9.159140e-07[39m
      9 Linear |R| = [32m4.610656e-07[39m
     10 Linear |R| = [32m3.808538e-07[39m
     11 Linear |R| = [32m2.465360e-07[39m
     12 Linear |R| = [32m4.376314e-08[39m
     13 Linear |R| = [32m2.908414e-08[39m
     14 Linear |R| = [32m7.553074e-09[39m
     15 Linear |R| = [32m6.412269e-09[39m
     16 Linear |R| = [32m3.224325e-09[39m
     17 Linear |R| = [32m1.584007e-09[39m
     18 Linear |R| = [32m3.446381e-10[39m
     19 Linear |R| = [32m2.135081e-10[39m
     20 Linear |R| = [32m1.879891e-10[39m
     21 Linear |R| = [32m6.604461e-11[39m
     22 Linear |R| = [32m3.040862e-11[39m
     23 Linear |R| = [32m1.778764e-11[39m
 1 Nonlinear |R| = [32m1.424874e-06[39m
      0 Linear |R| = [32m1.424874e-06[39m
      1 Linear |R| = [32m4.707132e-08[39m
      2 Linear |R| = [32m4.123200e-08[39m
      3 Linear |R| = [32m1.059432e-08[39m
      4 Linear |R| = [32m9.091928e-10[39m
      5 Linear |R| = [32m8.055807e-10[39m
      6 Linear |R| = [32m1.750071e-10[39m
      7 Linear |R| = [32m1.073094e-10[39m
      8 Linear |R| = [32m2.862700e-11[39m
      9 Linear |R| = [32m1.580241e-11[39m
     10 Linear |R| = [33m1.555443e-11[39m
     11 Linear |R| = [32m7.857052e-12[39m
     12 Linear |R| = [32m1.811450e-12[39m
     13 Linear |R| = [32m1.230068e-12[39m
     14 Linear |R| = [32m2.898916e-13[39m
     15 Linear |R| = [33m2.876520e-13[39m
     16 Linear |R| = [32m1.491571e-13[39m
     17 Linear |R| = [32m6.093027e-14[39m
     18 Linear |R| = [32m1.732701e-14[39m
     19 Linear |R| = [32m1.045865e-14[39m
     20 Linear |R| = [33m1.005938e-14[39m
     21 Linear |R| = [32m2.711964e-15[39m
     22 Linear |R| = [32m1.240302e-15[39m
 2 Nonlinear |R| = [32m2.623056e-12[39m
[32m Solve Converged![39m

Postprocessor Values:
+----------------+----------------+----------------+----------------+----------------+----------------+----------------+
| time           | J_max          | J_min          | Jbar_max       | Jbar_min       | center_pressure| edge_ux        |
+----------------+----------------+----------------+----------------+----------------+----------------+----------------+
:                :                :                :                :                :                :                :
|   7.600000e-02 |   9.811628e-01 |   9.743409e-01 |   9.901438e-01 |   9.893109e-01 |   1.385432e-01 |   4.540937e-03 |
|   7.700000e-02 |   9.811202e-01 |   9.743312e-01 |   9.901360e-01 |   9.893069e-01 |   1.378799e-01 |   4.503415e-03 |
|   7.800000e-02 |   9.810777e-01 |   9.743215e-01 |   9.901282e-01 |   9.893028e-01 |   1.372201e-01 |   4.466068e-03 |
|   7.900000e-02 |   9.810355e-01 |   9.743118e-01 |   9.901204e-01 |   9.892988e-01 |   1.365635e-01 |   4.428893e-03 |
|   8.000000e-02 |   9.809933e-01 |   9.743021e-01 |   9.901127e-01 |   9.892948e-01 |   1.359102e-01 |   4.391893e-03 |
|   8.100000e-02 |   9.809514e-01 |   9.742925e-01 |   9.901050e-01 |   9.892909e-01 |   1.352602e-01 |   4.355064e-03 |
|   8.200000e-02 |   9.809096e-01 |   9.742828e-01 |   9.900973e-01 |   9.892870e-01 |   1.346134e-01 |   4.318407e-03 |
|   8.300000e-02 |   9.808679e-01 |   9.742732e-01 |   9.900897e-01 |   9.892831e-01 |   1.339698e-01 |   4.281922e-03 |
|   8.400000e-02 |   9.808265e-01 |   9.742636e-01 |   9.900822e-01 |   9.892792e-01 |   1.333293e-01 |   4.245606e-03 |
|   8.500000e-02 |   9.807852e-01 |   9.742540e-01 |   9.900746e-01 |   9.892754e-01 |   1.326921e-01 |   4.209461e-03 |
|   8.600000e-02 |   9.807440e-01 |   9.742444e-01 |   9.900671e-01 |   9.892716e-01 |   1.320579e-01 |   4.173485e-03 |
|   8.700000e-02 |   9.807031e-01 |   9.742349e-01 |   9.900597e-01 |   9.892678e-01 |   1.314268e-01 |   4.137677e-03 |
|   8.800000e-02 |   9.806623e-01 |   9.742253e-01 |   9.900523e-01 |   9.892640e-01 |   1.307988e-01 |   4.102038e-03 |
|   8.900000e-02 |   9.806217e-01 |   9.742158e-01 |   9.900449e-01 |   9.892603e-01 |   1.301739e-01 |   4.066565e-03 |
|   9.000000e-02 |   9.805812e-01 |   9.742064e-01 |   9.900375e-01 |   9.892566e-01 |   1.295520e-01 |   4.031259e-03 |
+----------------+----------------+----------------+----------------+----------------+----------------+----------------+
+----------------+----------------+----------------+------------------+----------------+----------------+
| time           | mass           | mass_reaction  | outflow_gradient | platen_max     | platen_min     |
+----------------+----------------+----------------+------------------+----------------+----------------+
:                :                :                :                  :                :                :
|   7.600000e-02 |   1.571678e+00 |  -2.715669e-01 |     1.412542e-01 |  -4.476515e-02 |  -4.476515e-02 |
|   7.700000e-02 |   1.571407e+00 |  -2.701868e-01 |     1.405406e-01 |  -4.480238e-02 |  -4.480238e-02 |
|   7.800000e-02 |   1.571139e+00 |  -2.688177e-01 |     1.398326e-01 |  -4.483942e-02 |  -4.483942e-02 |
|   7.900000e-02 |   1.570871e+00 |  -2.674593e-01 |     1.391300e-01 |  -4.487628e-02 |  -4.487628e-02 |
|   8.000000e-02 |   1.570605e+00 |  -2.661113e-01 |     1.384327e-01 |  -4.491296e-02 |  -4.491296e-02 |
|   8.100000e-02 |   1.570340e+00 |  -2.647735e-01 |     1.377404e-01 |  -4.494945e-02 |  -4.494945e-02 |
|   8.200000e-02 |   1.570077e+00 |  -2.634455e-01 |     1.370532e-01 |  -4.498577e-02 |  -4.498577e-02 |
|   8.300000e-02 |   1.569815e+00 |  -2.621271e-01 |     1.363708e-01 |  -4.502190e-02 |  -4.502190e-02 |
|   8.400000e-02 |   1.569554e+00 |  -2.608181e-01 |     1.356931e-01 |  -4.505786e-02 |  -4.505786e-02 |
|   8.500000e-02 |   1.569294e+00 |  -2.595183e-01 |     1.350201e-01 |  -4.509364e-02 |  -4.509364e-02 |
|   8.600000e-02 |   1.569036e+00 |  -2.582273e-01 |     1.343516e-01 |  -4.512924e-02 |  -4.512924e-02 |
|   8.700000e-02 |   1.568779e+00 |  -2.569451e-01 |     1.336875e-01 |  -4.516467e-02 |  -4.516467e-02 |
|   8.800000e-02 |   1.568524e+00 |  -2.556715e-01 |     1.330278e-01 |  -4.519992e-02 |  -4.519992e-02 |
|   8.900000e-02 |   1.568269e+00 |  -2.544061e-01 |     1.323723e-01 |  -4.523501e-02 |  -4.523501e-02 |
|   9.000000e-02 |   1.568016e+00 |  -2.531490e-01 |     1.317209e-01 |  -4.526992e-02 |  -4.526992e-02 |
+----------------+----------------+----------------+------------------+----------------+----------------+
+----------------+--------------------+--------------------+----------------+----------------+----------------+
| time           | solid_fraction_max | solid_fraction_min | stability_max  | stability_min  | top_reaction   |
+----------------+--------------------+--------------------+----------------+----------------+----------------+
:                :                    :                    :                :                :                :
|   7.600000e-02 |       6.092425e-01 |       6.049832e-01 |   2.809626e+01 |   2.800288e+01 |  -1.400000e+00 |
|   7.700000e-02 |       6.092463e-01 |       6.050069e-01 |   2.809582e+01 |   2.800287e+01 |  -1.400000e+00 |
|   7.800000e-02 |       6.092502e-01 |       6.050306e-01 |   2.809538e+01 |   2.800286e+01 |  -1.400000e+00 |
|   7.900000e-02 |       6.092541e-01 |       6.050543e-01 |   2.809494e+01 |   2.800284e+01 |  -1.400000e+00 |
|   8.000000e-02 |       6.092579e-01 |       6.050778e-01 |   2.809451e+01 |   2.800283e+01 |  -1.400000e+00 |
|   8.100000e-02 |       6.092618e-01 |       6.051013e-01 |   2.809407e+01 |   2.800281e+01 |  -1.400000e+00 |
|   8.200000e-02 |       6.092656e-01 |       6.051247e-01 |   2.809364e+01 |   2.800280e+01 |  -1.400000e+00 |
|   8.300000e-02 |       6.092694e-01 |       6.051480e-01 |   2.809320e+01 |   2.800278e+01 |  -1.400000e+00 |
|   8.400000e-02 |       6.092733e-01 |       6.051712e-01 |   2.809277e+01 |   2.800277e+01 |  -1.400000e+00 |
|   8.500000e-02 |       6.092771e-01 |       6.051943e-01 |   2.809234e+01 |   2.800276e+01 |  -1.400000e+00 |
|   8.600000e-02 |       6.092809e-01 |       6.052173e-01 |   2.809191e+01 |   2.800274e+01 |  -1.400000e+00 |
|   8.700000e-02 |       6.092847e-01 |       6.052403e-01 |   2.809148e+01 |   2.800273e+01 |  -1.400000e+00 |
|   8.800000e-02 |       6.092885e-01 |       6.052632e-01 |   2.809106e+01 |   2.800272e+01 |  -1.400000e+00 |
|   8.900000e-02 |       6.092922e-01 |       6.052859e-01 |   2.809063e+01 |   2.800270e+01 |  -1.400000e+00 |
|   9.000000e-02 |       6.092960e-01 |       6.053086e-01 |   2.809021e+01 |   2.800269e+01 |  -1.400000e+00 |
+----------------+--------------------+--------------------+----------------+----------------+----------------+


Time Step 91, time = 0.091, dt = 0.001
 * Nonlinear |R| = [32m2.055719e-02[39m (Before preset BCs, predictors, correctors, and constraints)
 0 Nonlinear |R| = [32m2.055719e-02[39m
      0 Linear |R| = [32m2.055719e-02[39m
      1 Linear |R| = [32m1.285469e-03[39m
      2 Linear |R| = [33m1.260826e-03[39m
      3 Linear |R| = [32m3.736850e-04[39m
      4 Linear |R| = [32m3.146766e-05[39m
      5 Linear |R| = [32m1.582299e-05[39m
      6 Linear |R| = [32m5.244457e-06[39m
      7 Linear |R| = [32m3.332179e-06[39m
      8 Linear |R| = [32m9.110952e-07[39m
      9 Linear |R| = [32m4.585617e-07[39m
     10 Linear |R| = [32m3.741218e-07[39m
     11 Linear |R| = [32m2.451454e-07[39m
     12 Linear |R| = [32m4.351174e-08[39m
     13 Linear |R| = [32m2.891444e-08[39m
     14 Linear |R| = [32m7.493246e-09[39m
     15 Linear |R| = [32m6.111035e-09[39m
     16 Linear |R| = [32m3.204517e-09[39m
     17 Linear |R| = [32m1.573703e-09[39m
     18 Linear |R| = [32m3.417361e-10[39m
     19 Linear |R| = [32m2.112217e-10[39m
     20 Linear |R| = [32m1.648515e-10[39m
     21 Linear |R| = [32m6.528544e-11[39m
     22 Linear |R| = [32m3.011719e-11[39m
     23 Linear |R| = [32m1.761285e-11[39m
 1 Nonlinear |R| = [32m1.409368e-06[39m
      0 Linear |R| = [32m1.409368e-06[39m
      1 Linear |R| = [32m4.676716e-08[39m
      2 Linear |R| = [32m4.142956e-08[39m
      3 Linear |R| = [32m1.062781e-08[39m
      4 Linear |R| = [32m9.147743e-10[39m
      5 Linear |R| = [32m8.311316e-10[39m
      6 Linear |R| = [32m1.833251e-10[39m
      7 Linear |R| = [32m1.092840e-10[39m
      8 Linear |R| = [32m2.959784e-11[39m
      9 Linear |R| = [32m1.734242e-11[39m
     10 Linear |R| = [33m1.695638e-11[39m
     11 Linear |R| = [32m8.177015e-12[39m
     12 Linear |R| = [32m1.981690e-12[39m
     13 Linear |R| = [32m1.312935e-12[39m
     14 Linear |R| = [32m2.982747e-13[39m
     15 Linear |R| = [33m2.958507e-13[39m
     16 Linear |R| = [32m1.665996e-13[39m
     17 Linear |R| = [32m6.155496e-14[39m
     18 Linear |R| = [32m1.886180e-14[39m
     19 Linear |R| = [32m1.074694e-14[39m
     20 Linear |R| = [32m1.012930e-14[39m
     21 Linear |R| = [32m2.610326e-15[39m
     22 Linear |R| = [32m1.379792e-15[39m
 2 Nonlinear |R| = [32m2.801804e-12[39m
[32m Solve Converged![39m

Postprocessor Values:
+----------------+----------------+----------------+----------------+----------------+----------------+----------------+
| time           | J_max          | J_min          | Jbar_max       | Jbar_min       | center_pressure| edge_ux        |
+----------------+----------------+----------------+----------------+----------------+----------------+----------------+
:                :                :                :                :                :                :                :
|   7.700000e-02 |   9.811202e-01 |   9.743312e-01 |   9.901360e-01 |   9.893069e-01 |   1.378799e-01 |   4.503415e-03 |
|   7.800000e-02 |   9.810777e-01 |   9.743215e-01 |   9.901282e-01 |   9.893028e-01 |   1.372201e-01 |   4.466068e-03 |
|   7.900000e-02 |   9.810355e-01 |   9.743118e-01 |   9.901204e-01 |   9.892988e-01 |   1.365635e-01 |   4.428893e-03 |
|   8.000000e-02 |   9.809933e-01 |   9.743021e-01 |   9.901127e-01 |   9.892948e-01 |   1.359102e-01 |   4.391893e-03 |
|   8.100000e-02 |   9.809514e-01 |   9.742925e-01 |   9.901050e-01 |   9.892909e-01 |   1.352602e-01 |   4.355064e-03 |
|   8.200000e-02 |   9.809096e-01 |   9.742828e-01 |   9.900973e-01 |   9.892870e-01 |   1.346134e-01 |   4.318407e-03 |
|   8.300000e-02 |   9.808679e-01 |   9.742732e-01 |   9.900897e-01 |   9.892831e-01 |   1.339698e-01 |   4.281922e-03 |
|   8.400000e-02 |   9.808265e-01 |   9.742636e-01 |   9.900822e-01 |   9.892792e-01 |   1.333293e-01 |   4.245606e-03 |
|   8.500000e-02 |   9.807852e-01 |   9.742540e-01 |   9.900746e-01 |   9.892754e-01 |   1.326921e-01 |   4.209461e-03 |
|   8.600000e-02 |   9.807440e-01 |   9.742444e-01 |   9.900671e-01 |   9.892716e-01 |   1.320579e-01 |   4.173485e-03 |
|   8.700000e-02 |   9.807031e-01 |   9.742349e-01 |   9.900597e-01 |   9.892678e-01 |   1.314268e-01 |   4.137677e-03 |
|   8.800000e-02 |   9.806623e-01 |   9.742253e-01 |   9.900523e-01 |   9.892640e-01 |   1.307988e-01 |   4.102038e-03 |
|   8.900000e-02 |   9.806217e-01 |   9.742158e-01 |   9.900449e-01 |   9.892603e-01 |   1.301739e-01 |   4.066565e-03 |
|   9.000000e-02 |   9.805812e-01 |   9.742064e-01 |   9.900375e-01 |   9.892566e-01 |   1.295520e-01 |   4.031259e-03 |
|   9.100000e-02 |   9.805410e-01 |   9.741969e-01 |   9.900302e-01 |   9.892529e-01 |   1.289331e-01 |   3.996119e-03 |
+----------------+----------------+----------------+----------------+----------------+----------------+----------------+
+----------------+----------------+----------------+------------------+----------------+----------------+
| time           | mass           | mass_reaction  | outflow_gradient | platen_max     | platen_min     |
+----------------+----------------+----------------+------------------+----------------+----------------+
:                :                :                :                  :                :                :
|   7.700000e-02 |   1.571407e+00 |  -2.701868e-01 |     1.405406e-01 |  -4.480238e-02 |  -4.480238e-02 |
|   7.800000e-02 |   1.571139e+00 |  -2.688177e-01 |     1.398326e-01 |  -4.483942e-02 |  -4.483942e-02 |
|   7.900000e-02 |   1.570871e+00 |  -2.674593e-01 |     1.391300e-01 |  -4.487628e-02 |  -4.487628e-02 |
|   8.000000e-02 |   1.570605e+00 |  -2.661113e-01 |     1.384327e-01 |  -4.491296e-02 |  -4.491296e-02 |
|   8.100000e-02 |   1.570340e+00 |  -2.647735e-01 |     1.377404e-01 |  -4.494945e-02 |  -4.494945e-02 |
|   8.200000e-02 |   1.570077e+00 |  -2.634455e-01 |     1.370532e-01 |  -4.498577e-02 |  -4.498577e-02 |
|   8.300000e-02 |   1.569815e+00 |  -2.621271e-01 |     1.363708e-01 |  -4.502190e-02 |  -4.502190e-02 |
|   8.400000e-02 |   1.569554e+00 |  -2.608181e-01 |     1.356931e-01 |  -4.505786e-02 |  -4.505786e-02 |
|   8.500000e-02 |   1.569294e+00 |  -2.595183e-01 |     1.350201e-01 |  -4.509364e-02 |  -4.509364e-02 |
|   8.600000e-02 |   1.569036e+00 |  -2.582273e-01 |     1.343516e-01 |  -4.512924e-02 |  -4.512924e-02 |
|   8.700000e-02 |   1.568779e+00 |  -2.569451e-01 |     1.336875e-01 |  -4.516467e-02 |  -4.516467e-02 |
|   8.800000e-02 |   1.568524e+00 |  -2.556715e-01 |     1.330278e-01 |  -4.519992e-02 |  -4.519992e-02 |
|   8.900000e-02 |   1.568269e+00 |  -2.544061e-01 |     1.323723e-01 |  -4.523501e-02 |  -4.523501e-02 |
|   9.000000e-02 |   1.568016e+00 |  -2.531490e-01 |     1.317209e-01 |  -4.526992e-02 |  -4.526992e-02 |
|   9.100000e-02 |   1.567764e+00 |  -2.518999e-01 |     1.310736e-01 |  -4.530466e-02 |  -4.530466e-02 |
+----------------+----------------+----------------+------------------+----------------+----------------+
+----------------+--------------------+--------------------+----------------+----------------+----------------+
| time           | solid_fraction_max | solid_fraction_min | stability_max  | stability_min  | top_reaction   |
+----------------+--------------------+--------------------+----------------+----------------+----------------+
:                :                    :                    :                :                :                :
|   7.700000e-02 |       6.092463e-01 |       6.050069e-01 |   2.809582e+01 |   2.800287e+01 |  -1.400000e+00 |
|   7.800000e-02 |       6.092502e-01 |       6.050306e-01 |   2.809538e+01 |   2.800286e+01 |  -1.400000e+00 |
|   7.900000e-02 |       6.092541e-01 |       6.050543e-01 |   2.809494e+01 |   2.800284e+01 |  -1.400000e+00 |
|   8.000000e-02 |       6.092579e-01 |       6.050778e-01 |   2.809451e+01 |   2.800283e+01 |  -1.400000e+00 |
|   8.100000e-02 |       6.092618e-01 |       6.051013e-01 |   2.809407e+01 |   2.800281e+01 |  -1.400000e+00 |
|   8.200000e-02 |       6.092656e-01 |       6.051247e-01 |   2.809364e+01 |   2.800280e+01 |  -1.400000e+00 |
|   8.300000e-02 |       6.092694e-01 |       6.051480e-01 |   2.809320e+01 |   2.800278e+01 |  -1.400000e+00 |
|   8.400000e-02 |       6.092733e-01 |       6.051712e-01 |   2.809277e+01 |   2.800277e+01 |  -1.400000e+00 |
|   8.500000e-02 |       6.092771e-01 |       6.051943e-01 |   2.809234e+01 |   2.800276e+01 |  -1.400000e+00 |
|   8.600000e-02 |       6.092809e-01 |       6.052173e-01 |   2.809191e+01 |   2.800274e+01 |  -1.400000e+00 |
|   8.700000e-02 |       6.092847e-01 |       6.052403e-01 |   2.809148e+01 |   2.800273e+01 |  -1.400000e+00 |
|   8.800000e-02 |       6.092885e-01 |       6.052632e-01 |   2.809106e+01 |   2.800272e+01 |  -1.400000e+00 |
|   8.900000e-02 |       6.092922e-01 |       6.052859e-01 |   2.809063e+01 |   2.800270e+01 |  -1.400000e+00 |
|   9.000000e-02 |       6.092960e-01 |       6.053086e-01 |   2.809021e+01 |   2.800269e+01 |  -1.400000e+00 |
|   9.100000e-02 |       6.092998e-01 |       6.053312e-01 |   2.808979e+01 |   2.800268e+01 |  -1.400000e+00 |
+----------------+--------------------+--------------------+----------------+----------------+----------------+


Time Step 92, time = 0.092, dt = 0.001
 * Nonlinear |R| = [32m2.045759e-02[39m (Before preset BCs, predictors, correctors, and constraints)
 0 Nonlinear |R| = [32m2.045759e-02[39m
      0 Linear |R| = [32m2.045759e-02[39m
      1 Linear |R| = [32m1.279276e-03[39m
      2 Linear |R| = [33m1.254756e-03[39m
      3 Linear |R| = [32m3.718241e-04[39m
      4 Linear |R| = [32m3.129288e-05[39m
      5 Linear |R| = [32m1.520466e-05[39m
      6 Linear |R| = [32m5.217019e-06[39m
      7 Linear |R| = [32m3.314558e-06[39m
      8 Linear |R| = [32m9.063214e-07[39m
      9 Linear |R| = [32m4.562594e-07[39m
     10 Linear |R| = [32m3.793301e-07[39m
     11 Linear |R| = [32m2.438795e-07[39m
     12 Linear |R| = [32m4.326425e-08[39m
     13 Linear |R| = [32m2.874761e-08[39m
     14 Linear |R| = [32m7.484766e-09[39m
     15 Linear |R| = [32m6.556483e-09[39m
     16 Linear |R| = [32m3.185395e-09[39m
     17 Linear |R| = [32m1.563576e-09[39m
     18 Linear |R| = [32m3.389276e-10[39m
     19 Linear |R| = [32m2.098275e-10[39m
     20 Linear |R| = [32m1.825849e-10[39m
     21 Linear |R| = [32m6.458198e-11[39m
     22 Linear |R| = [32m2.983380e-11[39m
     23 Linear |R| = [32m1.744184e-11[39m
 1 Nonlinear |R| = [32m1.397154e-06[39m
      0 Linear |R| = [32m1.397154e-06[39m
      1 Linear |R| = [32m4.659801e-08[39m
      2 Linear |R| = [32m3.960409e-08[39m
      3 Linear |R| = [32m1.015520e-08[39m
      4 Linear |R| = [32m8.649994e-10[39m
      5 Linear |R| = [32m7.886086e-10[39m
      6 Linear |R| = [32m1.440113e-10[39m
      7 Linear |R| = [32m9.186334e-11[39m
      8 Linear |R| = [32m2.557958e-11[39m
      9 Linear |R| = [32m1.316287e-11[39m
     10 Linear |R| = [33m1.310402e-11[39m
     11 Linear |R| = [32m7.131115e-12[39m
     12 Linear |R| = [32m1.440410e-12[39m
     13 Linear |R| = [32m9.833480e-13[39m
     14 Linear |R| = [32m2.533579e-13[39m
     15 Linear |R| = [33m2.513037e-13[39m
     16 Linear |R| = [32m1.198930e-13[39m
     17 Linear |R| = [32m5.331409e-14[39m
     18 Linear |R| = [32m1.288405e-14[39m
     19 Linear |R| = [32m7.930181e-15[39m
     20 Linear |R| = [33m7.761891e-15[39m
     21 Linear |R| = [32m2.060996e-15[39m
     22 Linear |R| = [32m1.058043e-15[39m
 2 Nonlinear |R| = [32m2.688769e-12[39m
[32m Solve Converged![39m

Postprocessor Values:
+----------------+----------------+----------------+----------------+----------------+----------------+----------------+
| time           | J_max          | J_min          | Jbar_max       | Jbar_min       | center_pressure| edge_ux        |
+----------------+----------------+----------------+----------------+----------------+----------------+----------------+
:                :                :                :                :                :                :                :
|   7.800000e-02 |   9.810777e-01 |   9.743215e-01 |   9.901282e-01 |   9.893028e-01 |   1.372201e-01 |   4.466068e-03 |
|   7.900000e-02 |   9.810355e-01 |   9.743118e-01 |   9.901204e-01 |   9.892988e-01 |   1.365635e-01 |   4.428893e-03 |
|   8.000000e-02 |   9.809933e-01 |   9.743021e-01 |   9.901127e-01 |   9.892948e-01 |   1.359102e-01 |   4.391893e-03 |
|   8.100000e-02 |   9.809514e-01 |   9.742925e-01 |   9.901050e-01 |   9.892909e-01 |   1.352602e-01 |   4.355064e-03 |
|   8.200000e-02 |   9.809096e-01 |   9.742828e-01 |   9.900973e-01 |   9.892870e-01 |   1.346134e-01 |   4.318407e-03 |
|   8.300000e-02 |   9.808679e-01 |   9.742732e-01 |   9.900897e-01 |   9.892831e-01 |   1.339698e-01 |   4.281922e-03 |
|   8.400000e-02 |   9.808265e-01 |   9.742636e-01 |   9.900822e-01 |   9.892792e-01 |   1.333293e-01 |   4.245606e-03 |
|   8.500000e-02 |   9.807852e-01 |   9.742540e-01 |   9.900746e-01 |   9.892754e-01 |   1.326921e-01 |   4.209461e-03 |
|   8.600000e-02 |   9.807440e-01 |   9.742444e-01 |   9.900671e-01 |   9.892716e-01 |   1.320579e-01 |   4.173485e-03 |
|   8.700000e-02 |   9.807031e-01 |   9.742349e-01 |   9.900597e-01 |   9.892678e-01 |   1.314268e-01 |   4.137677e-03 |
|   8.800000e-02 |   9.806623e-01 |   9.742253e-01 |   9.900523e-01 |   9.892640e-01 |   1.307988e-01 |   4.102038e-03 |
|   8.900000e-02 |   9.806217e-01 |   9.742158e-01 |   9.900449e-01 |   9.892603e-01 |   1.301739e-01 |   4.066565e-03 |
|   9.000000e-02 |   9.805812e-01 |   9.742064e-01 |   9.900375e-01 |   9.892566e-01 |   1.295520e-01 |   4.031259e-03 |
|   9.100000e-02 |   9.805410e-01 |   9.741969e-01 |   9.900302e-01 |   9.892529e-01 |   1.289331e-01 |   3.996119e-03 |
|   9.200000e-02 |   9.805009e-01 |   9.741875e-01 |   9.900230e-01 |   9.892492e-01 |   1.283171e-01 |   3.961144e-03 |
+----------------+----------------+----------------+----------------+----------------+----------------+----------------+
+----------------+----------------+----------------+------------------+----------------+----------------+
| time           | mass           | mass_reaction  | outflow_gradient | platen_max     | platen_min     |
+----------------+----------------+----------------+------------------+----------------+----------------+
:                :                :                :                  :                :                :
|   7.800000e-02 |   1.571139e+00 |  -2.688177e-01 |     1.398326e-01 |  -4.483942e-02 |  -4.483942e-02 |
|   7.900000e-02 |   1.570871e+00 |  -2.674593e-01 |     1.391300e-01 |  -4.487628e-02 |  -4.487628e-02 |
|   8.000000e-02 |   1.570605e+00 |  -2.661113e-01 |     1.384327e-01 |  -4.491296e-02 |  -4.491296e-02 |
|   8.100000e-02 |   1.570340e+00 |  -2.647735e-01 |     1.377404e-01 |  -4.494945e-02 |  -4.494945e-02 |
|   8.200000e-02 |   1.570077e+00 |  -2.634455e-01 |     1.370532e-01 |  -4.498577e-02 |  -4.498577e-02 |
|   8.300000e-02 |   1.569815e+00 |  -2.621271e-01 |     1.363708e-01 |  -4.502190e-02 |  -4.502190e-02 |
|   8.400000e-02 |   1.569554e+00 |  -2.608181e-01 |     1.356931e-01 |  -4.505786e-02 |  -4.505786e-02 |
|   8.500000e-02 |   1.569294e+00 |  -2.595183e-01 |     1.350201e-01 |  -4.509364e-02 |  -4.509364e-02 |
|   8.600000e-02 |   1.569036e+00 |  -2.582273e-01 |     1.343516e-01 |  -4.512924e-02 |  -4.512924e-02 |
|   8.700000e-02 |   1.568779e+00 |  -2.569451e-01 |     1.336875e-01 |  -4.516467e-02 |  -4.516467e-02 |
|   8.800000e-02 |   1.568524e+00 |  -2.556715e-01 |     1.330278e-01 |  -4.519992e-02 |  -4.519992e-02 |
|   8.900000e-02 |   1.568269e+00 |  -2.544061e-01 |     1.323723e-01 |  -4.523501e-02 |  -4.523501e-02 |
|   9.000000e-02 |   1.568016e+00 |  -2.531490e-01 |     1.317209e-01 |  -4.526992e-02 |  -4.526992e-02 |
|   9.100000e-02 |   1.567764e+00 |  -2.518999e-01 |     1.310736e-01 |  -4.530466e-02 |  -4.530466e-02 |
|   9.200000e-02 |   1.567513e+00 |  -2.506586e-01 |     1.304303e-01 |  -4.533924e-02 |  -4.533924e-02 |
+----------------+----------------+----------------+------------------+----------------+----------------+
+----------------+--------------------+--------------------+----------------+----------------+----------------+
| time           | solid_fraction_max | solid_fraction_min | stability_max  | stability_min  | top_reaction   |
+----------------+--------------------+--------------------+----------------+----------------+----------------+
:                :                    :                    :                :                :                :
|   7.800000e-02 |       6.092502e-01 |       6.050306e-01 |   2.809538e+01 |   2.800286e+01 |  -1.400000e+00 |
|   7.900000e-02 |       6.092541e-01 |       6.050543e-01 |   2.809494e+01 |   2.800284e+01 |  -1.400000e+00 |
|   8.000000e-02 |       6.092579e-01 |       6.050778e-01 |   2.809451e+01 |   2.800283e+01 |  -1.400000e+00 |
|   8.100000e-02 |       6.092618e-01 |       6.051013e-01 |   2.809407e+01 |   2.800281e+01 |  -1.400000e+00 |
|   8.200000e-02 |       6.092656e-01 |       6.051247e-01 |   2.809364e+01 |   2.800280e+01 |  -1.400000e+00 |
|   8.300000e-02 |       6.092694e-01 |       6.051480e-01 |   2.809320e+01 |   2.800278e+01 |  -1.400000e+00 |
|   8.400000e-02 |       6.092733e-01 |       6.051712e-01 |   2.809277e+01 |   2.800277e+01 |  -1.400000e+00 |
|   8.500000e-02 |       6.092771e-01 |       6.051943e-01 |   2.809234e+01 |   2.800276e+01 |  -1.400000e+00 |
|   8.600000e-02 |       6.092809e-01 |       6.052173e-01 |   2.809191e+01 |   2.800274e+01 |  -1.400000e+00 |
|   8.700000e-02 |       6.092847e-01 |       6.052403e-01 |   2.809148e+01 |   2.800273e+01 |  -1.400000e+00 |
|   8.800000e-02 |       6.092885e-01 |       6.052632e-01 |   2.809106e+01 |   2.800272e+01 |  -1.400000e+00 |
|   8.900000e-02 |       6.092922e-01 |       6.052859e-01 |   2.809063e+01 |   2.800270e+01 |  -1.400000e+00 |
|   9.000000e-02 |       6.092960e-01 |       6.053086e-01 |   2.809021e+01 |   2.800269e+01 |  -1.400000e+00 |
|   9.100000e-02 |       6.092998e-01 |       6.053312e-01 |   2.808979e+01 |   2.800268e+01 |  -1.400000e+00 |
|   9.200000e-02 |       6.093035e-01 |       6.053537e-01 |   2.808937e+01 |   2.800266e+01 |  -1.400000e+00 |
+----------------+--------------------+--------------------+----------------+----------------+----------------+


Time Step 93, time = 0.093, dt = 0.001
 * Nonlinear |R| = [32m2.035852e-02[39m (Before preset BCs, predictors, correctors, and constraints)
 0 Nonlinear |R| = [32m2.035852e-02[39m
      0 Linear |R| = [32m2.035852e-02[39m
      1 Linear |R| = [32m1.273110e-03[39m
      2 Linear |R| = [33m1.248706e-03[39m
      3 Linear |R| = [32m3.700131e-04[39m
      4 Linear |R| = [32m3.114031e-05[39m
      5 Linear |R| = [32m1.521726e-05[39m
      6 Linear |R| = [32m5.189847e-06[39m
      7 Linear |R| = [32m3.297078e-06[39m
      8 Linear |R| = [32m9.015810e-07[39m
      9 Linear |R| = [32m4.537961e-07[39m
     10 Linear |R| = [32m3.744236e-07[39m
     11 Linear |R| = [32m2.425447e-07[39m
     12 Linear |R| = [32m4.301994e-08[39m
     13 Linear |R| = [32m2.858301e-08[39m
     14 Linear |R| = [32m7.437021e-09[39m
     15 Linear |R| = [32m6.456850e-09[39m
     16 Linear |R| = [32m3.166363e-09[39m
     17 Linear |R| = [32m1.553610e-09[39m
     18 Linear |R| = [32m3.361923e-10[39m
     19 Linear |R| = [32m2.081223e-10[39m
     20 Linear |R| = [32m1.826485e-10[39m
     21 Linear |R| = [32m6.387563e-11[39m
     22 Linear |R| = [32m2.955941e-11[39m
     23 Linear |R| = [32m1.727470e-11[39m
 1 Nonlinear |R| = [32m1.388431e-06[39m
      0 Linear |R| = [32m1.388431e-06[39m
      1 Linear |R| = [32m4.586694e-08[39m
      2 Linear |R| = [32m4.001604e-08[39m
      3 Linear |R| = [32m1.028703e-08[39m
      4 Linear |R| = [32m8.863035e-10[39m
      5 Linear |R| = [32m8.246730e-10[39m
      6 Linear |R| = [32m1.644334e-10[39m
      7 Linear |R| = [32m1.027987e-10[39m
      8 Linear |R| = [32m2.722222e-11[39m
      9 Linear |R| = [32m1.498568e-11[39m
     10 Linear |R| = [33m1.495383e-11[39m
     11 Linear |R| = [32m7.511025e-12[39m
     12 Linear |R| = [32m1.775604e-12[39m
     13 Linear |R| = [32m1.202892e-12[39m
     14 Linear |R| = [32m2.816558e-13[39m
     15 Linear |R| = [33m2.816338e-13[39m
     16 Linear |R| = [32m1.342479e-13[39m
     17 Linear |R| = [32m5.789545e-14[39m
     18 Linear |R| = [32m1.724932e-14[39m
     19 Linear |R| = [32m1.034868e-14[39m
     20 Linear |R| = [33m1.005193e-14[39m
     21 Linear |R| = [32m2.414556e-15[39m
     22 Linear |R| = [32m1.110922e-15[39m
 2 Nonlinear |R| = [32m2.932303e-12[39m
[32m Solve Converged![39m

Postprocessor Values:
+----------------+----------------+----------------+----------------+----------------+----------------+----------------+
| time           | J_max          | J_min          | Jbar_max       | Jbar_min       | center_pressure| edge_ux        |
+----------------+----------------+----------------+----------------+----------------+----------------+----------------+
:                :                :                :                :                :                :                :
|   7.900000e-02 |   9.810355e-01 |   9.743118e-01 |   9.901204e-01 |   9.892988e-01 |   1.365635e-01 |   4.428893e-03 |
|   8.000000e-02 |   9.809933e-01 |   9.743021e-01 |   9.901127e-01 |   9.892948e-01 |   1.359102e-01 |   4.391893e-03 |
|   8.100000e-02 |   9.809514e-01 |   9.742925e-01 |   9.901050e-01 |   9.892909e-01 |   1.352602e-01 |   4.355064e-03 |
|   8.200000e-02 |   9.809096e-01 |   9.742828e-01 |   9.900973e-01 |   9.892870e-01 |   1.346134e-01 |   4.318407e-03 |
|   8.300000e-02 |   9.808679e-01 |   9.742732e-01 |   9.900897e-01 |   9.892831e-01 |   1.339698e-01 |   4.281922e-03 |
|   8.400000e-02 |   9.808265e-01 |   9.742636e-01 |   9.900822e-01 |   9.892792e-01 |   1.333293e-01 |   4.245606e-03 |
|   8.500000e-02 |   9.807852e-01 |   9.742540e-01 |   9.900746e-01 |   9.892754e-01 |   1.326921e-01 |   4.209461e-03 |
|   8.600000e-02 |   9.807440e-01 |   9.742444e-01 |   9.900671e-01 |   9.892716e-01 |   1.320579e-01 |   4.173485e-03 |
|   8.700000e-02 |   9.807031e-01 |   9.742349e-01 |   9.900597e-01 |   9.892678e-01 |   1.314268e-01 |   4.137677e-03 |
|   8.800000e-02 |   9.806623e-01 |   9.742253e-01 |   9.900523e-01 |   9.892640e-01 |   1.307988e-01 |   4.102038e-03 |
|   8.900000e-02 |   9.806217e-01 |   9.742158e-01 |   9.900449e-01 |   9.892603e-01 |   1.301739e-01 |   4.066565e-03 |
|   9.000000e-02 |   9.805812e-01 |   9.742064e-01 |   9.900375e-01 |   9.892566e-01 |   1.295520e-01 |   4.031259e-03 |
|   9.100000e-02 |   9.805410e-01 |   9.741969e-01 |   9.900302e-01 |   9.892529e-01 |   1.289331e-01 |   3.996119e-03 |
|   9.200000e-02 |   9.805009e-01 |   9.741875e-01 |   9.900230e-01 |   9.892492e-01 |   1.283171e-01 |   3.961144e-03 |
|   9.300000e-02 |   9.804609e-01 |   9.741781e-01 |   9.900157e-01 |   9.892456e-01 |   1.277042e-01 |   3.926333e-03 |
+----------------+----------------+----------------+----------------+----------------+----------------+----------------+
+----------------+----------------+----------------+------------------+----------------+----------------+
| time           | mass           | mass_reaction  | outflow_gradient | platen_max     | platen_min     |
+----------------+----------------+----------------+------------------+----------------+----------------+
:                :                :                :                  :                :                :
|   7.900000e-02 |   1.570871e+00 |  -2.674593e-01 |     1.391300e-01 |  -4.487628e-02 |  -4.487628e-02 |
|   8.000000e-02 |   1.570605e+00 |  -2.661113e-01 |     1.384327e-01 |  -4.491296e-02 |  -4.491296e-02 |
|   8.100000e-02 |   1.570340e+00 |  -2.647735e-01 |     1.377404e-01 |  -4.494945e-02 |  -4.494945e-02 |
|   8.200000e-02 |   1.570077e+00 |  -2.634455e-01 |     1.370532e-01 |  -4.498577e-02 |  -4.498577e-02 |
|   8.300000e-02 |   1.569815e+00 |  -2.621271e-01 |     1.363708e-01 |  -4.502190e-02 |  -4.502190e-02 |
|   8.400000e-02 |   1.569554e+00 |  -2.608181e-01 |     1.356931e-01 |  -4.505786e-02 |  -4.505786e-02 |
|   8.500000e-02 |   1.569294e+00 |  -2.595183e-01 |     1.350201e-01 |  -4.509364e-02 |  -4.509364e-02 |
|   8.600000e-02 |   1.569036e+00 |  -2.582273e-01 |     1.343516e-01 |  -4.512924e-02 |  -4.512924e-02 |
|   8.700000e-02 |   1.568779e+00 |  -2.569451e-01 |     1.336875e-01 |  -4.516467e-02 |  -4.516467e-02 |
|   8.800000e-02 |   1.568524e+00 |  -2.556715e-01 |     1.330278e-01 |  -4.519992e-02 |  -4.519992e-02 |
|   8.900000e-02 |   1.568269e+00 |  -2.544061e-01 |     1.323723e-01 |  -4.523501e-02 |  -4.523501e-02 |
|   9.000000e-02 |   1.568016e+00 |  -2.531490e-01 |     1.317209e-01 |  -4.526992e-02 |  -4.526992e-02 |
|   9.100000e-02 |   1.567764e+00 |  -2.518999e-01 |     1.310736e-01 |  -4.530466e-02 |  -4.530466e-02 |
|   9.200000e-02 |   1.567513e+00 |  -2.506586e-01 |     1.304303e-01 |  -4.533924e-02 |  -4.533924e-02 |
|   9.300000e-02 |   1.567264e+00 |  -2.494250e-01 |     1.297910e-01 |  -4.537364e-02 |  -4.537364e-02 |
+----------------+----------------+----------------+------------------+----------------+----------------+
+----------------+--------------------+--------------------+----------------+----------------+----------------+
| time           | solid_fraction_max | solid_fraction_min | stability_max  | stability_min  | top_reaction   |
+----------------+--------------------+--------------------+----------------+----------------+----------------+
:                :                    :                    :                :                :                :
|   7.900000e-02 |       6.092541e-01 |       6.050543e-01 |   2.809494e+01 |   2.800284e+01 |  -1.400000e+00 |
|   8.000000e-02 |       6.092579e-01 |       6.050778e-01 |   2.809451e+01 |   2.800283e+01 |  -1.400000e+00 |
|   8.100000e-02 |       6.092618e-01 |       6.051013e-01 |   2.809407e+01 |   2.800281e+01 |  -1.400000e+00 |
|   8.200000e-02 |       6.092656e-01 |       6.051247e-01 |   2.809364e+01 |   2.800280e+01 |  -1.400000e+00 |
|   8.300000e-02 |       6.092694e-01 |       6.051480e-01 |   2.809320e+01 |   2.800278e+01 |  -1.400000e+00 |
|   8.400000e-02 |       6.092733e-01 |       6.051712e-01 |   2.809277e+01 |   2.800277e+01 |  -1.400000e+00 |
|   8.500000e-02 |       6.092771e-01 |       6.051943e-01 |   2.809234e+01 |   2.800276e+01 |  -1.400000e+00 |
|   8.600000e-02 |       6.092809e-01 |       6.052173e-01 |   2.809191e+01 |   2.800274e+01 |  -1.400000e+00 |
|   8.700000e-02 |       6.092847e-01 |       6.052403e-01 |   2.809148e+01 |   2.800273e+01 |  -1.400000e+00 |
|   8.800000e-02 |       6.092885e-01 |       6.052632e-01 |   2.809106e+01 |   2.800272e+01 |  -1.400000e+00 |
|   8.900000e-02 |       6.092922e-01 |       6.052859e-01 |   2.809063e+01 |   2.800270e+01 |  -1.400000e+00 |
|   9.000000e-02 |       6.092960e-01 |       6.053086e-01 |   2.809021e+01 |   2.800269e+01 |  -1.400000e+00 |
|   9.100000e-02 |       6.092998e-01 |       6.053312e-01 |   2.808979e+01 |   2.800268e+01 |  -1.400000e+00 |
|   9.200000e-02 |       6.093035e-01 |       6.053537e-01 |   2.808937e+01 |   2.800266e+01 |  -1.400000e+00 |
|   9.300000e-02 |       6.093072e-01 |       6.053762e-01 |   2.808895e+01 |   2.800265e+01 |  -1.400000e+00 |
+----------------+--------------------+--------------------+----------------+----------------+----------------+


Time Step 94, time = 0.094, dt = 0.001
 * Nonlinear |R| = [32m2.025997e-02[39m (Before preset BCs, predictors, correctors, and constraints)
 0 Nonlinear |R| = [32m2.025997e-02[39m
      0 Linear |R| = [32m2.025997e-02[39m
      1 Linear |R| = [32m1.266987e-03[39m
      2 Linear |R| = [33m1.242703e-03[39m
      3 Linear |R| = [32m3.681889e-04[39m
      4 Linear |R| = [32m3.098141e-05[39m
      5 Linear |R| = [32m1.504186e-05[39m
      6 Linear |R| = [32m5.163007e-06[39m
      7 Linear |R| = [32m3.279783e-06[39m
      8 Linear |R| = [32m8.968910e-07[39m
      9 Linear |R| = [32m4.512322e-07[39m
     10 Linear |R| = [32m3.614158e-07[39m
     11 Linear |R| = [32m2.411609e-07[39m
     12 Linear |R| = [32m4.277920e-08[39m
     13 Linear |R| = [32m2.842103e-08[39m
     14 Linear |R| = [32m7.369918e-09[39m
     15 Linear |R| = [32m6.055859e-09[39m
     16 Linear |R| = [32m3.147493e-09[39m
     17 Linear |R| = [32m1.543803e-09[39m
     18 Linear |R| = [32m3.335345e-10[39m
     19 Linear |R| = [32m2.061402e-10[39m
     20 Linear |R| = [32m1.679576e-10[39m
     21 Linear |R| = [32m6.317120e-11[39m
     22 Linear |R| = [32m2.929259e-11[39m
     23 Linear |R| = [32m1.711124e-11[39m
 1 Nonlinear |R| = [32m1.368859e-06[39m
      0 Linear |R| = [32m1.368859e-06[39m
      1 Linear |R| = [32m4.619891e-08[39m
      2 Linear |R| = [32m3.960083e-08[39m
      3 Linear |R| = [32m1.015288e-08[39m
      4 Linear |R| = [32m8.669992e-10[39m
      5 Linear |R| = [32m7.943165e-10[39m
      6 Linear |R| = [32m1.488454e-10[39m
      7 Linear |R| = [32m9.469466e-11[39m
      8 Linear |R| = [32m2.704137e-11[39m
      9 Linear |R| = [32m1.477045e-11[39m
     10 Linear |R| = [33m1.468035e-11[39m
     11 Linear |R| = [32m7.435180e-12[39m
     12 Linear |R| = [32m1.742263e-12[39m
     13 Linear |R| = [32m1.188195e-12[39m
     14 Linear |R| = [32m2.641895e-13[39m
     15 Linear |R| = [33m2.636506e-13[39m
     16 Linear |R| = [32m1.187481e-13[39m
     17 Linear |R| = [32m5.144735e-14[39m
     18 Linear |R| = [32m1.404906e-14[39m
     19 Linear |R| = [32m8.317517e-15[39m
     20 Linear |R| = [33m8.315433e-15[39m
     21 Linear |R| = [32m1.784370e-15[39m
     22 Linear |R| = [32m7.618931e-16[39m
 2 Nonlinear |R| = [32m2.723631e-12[39m
[32m Solve Converged![39m

Postprocessor Values:
+----------------+----------------+----------------+----------------+----------------+----------------+----------------+
| time           | J_max          | J_min          | Jbar_max       | Jbar_min       | center_pressure| edge_ux        |
+----------------+----------------+----------------+----------------+----------------+----------------+----------------+
:                :                :                :                :                :                :                :
|   8.000000e-02 |   9.809933e-01 |   9.743021e-01 |   9.901127e-01 |   9.892948e-01 |   1.359102e-01 |   4.391893e-03 |
|   8.100000e-02 |   9.809514e-01 |   9.742925e-01 |   9.901050e-01 |   9.892909e-01 |   1.352602e-01 |   4.355064e-03 |
|   8.200000e-02 |   9.809096e-01 |   9.742828e-01 |   9.900973e-01 |   9.892870e-01 |   1.346134e-01 |   4.318407e-03 |
|   8.300000e-02 |   9.808679e-01 |   9.742732e-01 |   9.900897e-01 |   9.892831e-01 |   1.339698e-01 |   4.281922e-03 |
|   8.400000e-02 |   9.808265e-01 |   9.742636e-01 |   9.900822e-01 |   9.892792e-01 |   1.333293e-01 |   4.245606e-03 |
|   8.500000e-02 |   9.807852e-01 |   9.742540e-01 |   9.900746e-01 |   9.892754e-01 |   1.326921e-01 |   4.209461e-03 |
|   8.600000e-02 |   9.807440e-01 |   9.742444e-01 |   9.900671e-01 |   9.892716e-01 |   1.320579e-01 |   4.173485e-03 |
|   8.700000e-02 |   9.807031e-01 |   9.742349e-01 |   9.900597e-01 |   9.892678e-01 |   1.314268e-01 |   4.137677e-03 |
|   8.800000e-02 |   9.806623e-01 |   9.742253e-01 |   9.900523e-01 |   9.892640e-01 |   1.307988e-01 |   4.102038e-03 |
|   8.900000e-02 |   9.806217e-01 |   9.742158e-01 |   9.900449e-01 |   9.892603e-01 |   1.301739e-01 |   4.066565e-03 |
|   9.000000e-02 |   9.805812e-01 |   9.742064e-01 |   9.900375e-01 |   9.892566e-01 |   1.295520e-01 |   4.031259e-03 |
|   9.100000e-02 |   9.805410e-01 |   9.741969e-01 |   9.900302e-01 |   9.892529e-01 |   1.289331e-01 |   3.996119e-03 |
|   9.200000e-02 |   9.805009e-01 |   9.741875e-01 |   9.900230e-01 |   9.892492e-01 |   1.283171e-01 |   3.961144e-03 |
|   9.300000e-02 |   9.804609e-01 |   9.741781e-01 |   9.900157e-01 |   9.892456e-01 |   1.277042e-01 |   3.926333e-03 |
|   9.400000e-02 |   9.804212e-01 |   9.741687e-01 |   9.900085e-01 |   9.892420e-01 |   1.270942e-01 |   3.891687e-03 |
+----------------+----------------+----------------+----------------+----------------+----------------+----------------+
+----------------+----------------+----------------+------------------+----------------+----------------+
| time           | mass           | mass_reaction  | outflow_gradient | platen_max     | platen_min     |
+----------------+----------------+----------------+------------------+----------------+----------------+
:                :                :                :                  :                :                :
|   8.000000e-02 |   1.570605e+00 |  -2.661113e-01 |     1.384327e-01 |  -4.491296e-02 |  -4.491296e-02 |
|   8.100000e-02 |   1.570340e+00 |  -2.647735e-01 |     1.377404e-01 |  -4.494945e-02 |  -4.494945e-02 |
|   8.200000e-02 |   1.570077e+00 |  -2.634455e-01 |     1.370532e-01 |  -4.498577e-02 |  -4.498577e-02 |
|   8.300000e-02 |   1.569815e+00 |  -2.621271e-01 |     1.363708e-01 |  -4.502190e-02 |  -4.502190e-02 |
|   8.400000e-02 |   1.569554e+00 |  -2.608181e-01 |     1.356931e-01 |  -4.505786e-02 |  -4.505786e-02 |
|   8.500000e-02 |   1.569294e+00 |  -2.595183e-01 |     1.350201e-01 |  -4.509364e-02 |  -4.509364e-02 |
|   8.600000e-02 |   1.569036e+00 |  -2.582273e-01 |     1.343516e-01 |  -4.512924e-02 |  -4.512924e-02 |
|   8.700000e-02 |   1.568779e+00 |  -2.569451e-01 |     1.336875e-01 |  -4.516467e-02 |  -4.516467e-02 |
|   8.800000e-02 |   1.568524e+00 |  -2.556715e-01 |     1.330278e-01 |  -4.519992e-02 |  -4.519992e-02 |
|   8.900000e-02 |   1.568269e+00 |  -2.544061e-01 |     1.323723e-01 |  -4.523501e-02 |  -4.523501e-02 |
|   9.000000e-02 |   1.568016e+00 |  -2.531490e-01 |     1.317209e-01 |  -4.526992e-02 |  -4.526992e-02 |
|   9.100000e-02 |   1.567764e+00 |  -2.518999e-01 |     1.310736e-01 |  -4.530466e-02 |  -4.530466e-02 |
|   9.200000e-02 |   1.567513e+00 |  -2.506586e-01 |     1.304303e-01 |  -4.533924e-02 |  -4.533924e-02 |
|   9.300000e-02 |   1.567264e+00 |  -2.494250e-01 |     1.297910e-01 |  -4.537364e-02 |  -4.537364e-02 |
|   9.400000e-02 |   1.567016e+00 |  -2.481989e-01 |     1.291554e-01 |  -4.540788e-02 |  -4.540788e-02 |
+----------------+----------------+----------------+------------------+----------------+----------------+
+----------------+--------------------+--------------------+----------------+----------------+----------------+
| time           | solid_fraction_max | solid_fraction_min | stability_max  | stability_min  | top_reaction   |
+----------------+--------------------+--------------------+----------------+----------------+----------------+
:                :                    :                    :                :                :                :
|   8.000000e-02 |       6.092579e-01 |       6.050778e-01 |   2.809451e+01 |   2.800283e+01 |  -1.400000e+00 |
|   8.100000e-02 |       6.092618e-01 |       6.051013e-01 |   2.809407e+01 |   2.800281e+01 |  -1.400000e+00 |
|   8.200000e-02 |       6.092656e-01 |       6.051247e-01 |   2.809364e+01 |   2.800280e+01 |  -1.400000e+00 |
|   8.300000e-02 |       6.092694e-01 |       6.051480e-01 |   2.809320e+01 |   2.800278e+01 |  -1.400000e+00 |
|   8.400000e-02 |       6.092733e-01 |       6.051712e-01 |   2.809277e+01 |   2.800277e+01 |  -1.400000e+00 |
|   8.500000e-02 |       6.092771e-01 |       6.051943e-01 |   2.809234e+01 |   2.800276e+01 |  -1.400000e+00 |
|   8.600000e-02 |       6.092809e-01 |       6.052173e-01 |   2.809191e+01 |   2.800274e+01 |  -1.400000e+00 |
|   8.700000e-02 |       6.092847e-01 |       6.052403e-01 |   2.809148e+01 |   2.800273e+01 |  -1.400000e+00 |
|   8.800000e-02 |       6.092885e-01 |       6.052632e-01 |   2.809106e+01 |   2.800272e+01 |  -1.400000e+00 |
|   8.900000e-02 |       6.092922e-01 |       6.052859e-01 |   2.809063e+01 |   2.800270e+01 |  -1.400000e+00 |
|   9.000000e-02 |       6.092960e-01 |       6.053086e-01 |   2.809021e+01 |   2.800269e+01 |  -1.400000e+00 |
|   9.100000e-02 |       6.092998e-01 |       6.053312e-01 |   2.808979e+01 |   2.800268e+01 |  -1.400000e+00 |
|   9.200000e-02 |       6.093035e-01 |       6.053537e-01 |   2.808937e+01 |   2.800266e+01 |  -1.400000e+00 |
|   9.300000e-02 |       6.093072e-01 |       6.053762e-01 |   2.808895e+01 |   2.800265e+01 |  -1.400000e+00 |
|   9.400000e-02 |       6.093109e-01 |       6.053985e-01 |   2.808853e+01 |   2.800264e+01 |  -1.400000e+00 |
+----------------+--------------------+--------------------+----------------+----------------+----------------+


Time Step 95, time = 0.095, dt = 0.001
 * Nonlinear |R| = [32m2.016194e-02[39m (Before preset BCs, predictors, correctors, and constraints)
 0 Nonlinear |R| = [32m2.016194e-02[39m
      0 Linear |R| = [32m2.016194e-02[39m
      1 Linear |R| = [32m1.260890e-03[39m
      2 Linear |R| = [33m1.236719e-03[39m
      3 Linear |R| = [32m3.664103e-04[39m
      4 Linear |R| = [32m3.083814e-05[39m
      5 Linear |R| = [32m1.510291e-05[39m
      6 Linear |R| = [32m5.136221e-06[39m
      7 Linear |R| = [32m3.262606e-06[39m
      8 Linear |R| = [32m8.922373e-07[39m
      9 Linear |R| = [32m4.490152e-07[39m
     10 Linear |R| = [32m3.654806e-07[39m
     11 Linear |R| = [32m2.399218e-07[39m
     12 Linear |R| = [32m4.254100e-08[39m
     13 Linear |R| = [32m2.826097e-08[39m
     14 Linear |R| = [32m7.342279e-09[39m
     15 Linear |R| = [32m6.210808e-09[39m
     16 Linear |R| = [32m3.129253e-09[39m
     17 Linear |R| = [32m1.534133e-09[39m
     18 Linear |R| = [32m3.309439e-10[39m
     19 Linear |R| = [32m2.046755e-10[39m
     20 Linear |R| = [32m1.757953e-10[39m
     21 Linear |R| = [32m6.250229e-11[39m
     22 Linear |R| = [32m2.903271e-11[39m
     23 Linear |R| = [32m1.695087e-11[39m
 1 Nonlinear |R| = [32m1.356861e-06[39m
      0 Linear |R| = [32m1.356861e-06[39m
      1 Linear |R| = [32m4.525328e-08[39m
      2 Linear |R| = [32m4.047765e-08[39m
      3 Linear |R| = [32m1.038126e-08[39m
      4 Linear |R| = [32m8.912802e-10[39m
      5 Linear |R| = [32m7.899376e-10[39m
      6 Linear |R| = [32m1.774335e-10[39m
      7 Linear |R| = [32m1.065941e-10[39m
      8 Linear |R| = [32m2.942501e-11[39m
      9 Linear |R| = [32m1.700207e-11[39m
     10 Linear |R| = [33m1.645090e-11[39m
     11 Linear |R| = [32m7.882407e-12[39m
     12 Linear |R| = [32m1.743829e-12[39m
     13 Linear |R| = [32m1.182644e-12[39m
     14 Linear |R| = [32m2.830897e-13[39m
     15 Linear |R| = [33m2.761054e-13[39m
     16 Linear |R| = [32m1.494729e-13[39m
     17 Linear |R| = [32m6.106471e-14[39m
     18 Linear |R| = [32m1.901899e-14[39m
     19 Linear |R| = [32m1.157547e-14[39m
     20 Linear |R| = [32m1.019470e-14[39m
     21 Linear |R| = [32m2.596029e-15[39m
     22 Linear |R| = [32m1.127297e-15[39m
 2 Nonlinear |R| = [32m2.535977e-12[39m
[32m Solve Converged![39m

Postprocessor Values:
+----------------+----------------+----------------+----------------+----------------+----------------+----------------+
| time           | J_max          | J_min          | Jbar_max       | Jbar_min       | center_pressure| edge_ux        |
+----------------+----------------+----------------+----------------+----------------+----------------+----------------+
:                :                :                :                :                :                :                :
|   8.100000e-02 |   9.809514e-01 |   9.742925e-01 |   9.901050e-01 |   9.892909e-01 |   1.352602e-01 |   4.355064e-03 |
|   8.200000e-02 |   9.809096e-01 |   9.742828e-01 |   9.900973e-01 |   9.892870e-01 |   1.346134e-01 |   4.318407e-03 |
|   8.300000e-02 |   9.808679e-01 |   9.742732e-01 |   9.900897e-01 |   9.892831e-01 |   1.339698e-01 |   4.281922e-03 |
|   8.400000e-02 |   9.808265e-01 |   9.742636e-01 |   9.900822e-01 |   9.892792e-01 |   1.333293e-01 |   4.245606e-03 |
|   8.500000e-02 |   9.807852e-01 |   9.742540e-01 |   9.900746e-01 |   9.892754e-01 |   1.326921e-01 |   4.209461e-03 |
|   8.600000e-02 |   9.807440e-01 |   9.742444e-01 |   9.900671e-01 |   9.892716e-01 |   1.320579e-01 |   4.173485e-03 |
|   8.700000e-02 |   9.807031e-01 |   9.742349e-01 |   9.900597e-01 |   9.892678e-01 |   1.314268e-01 |   4.137677e-03 |
|   8.800000e-02 |   9.806623e-01 |   9.742253e-01 |   9.900523e-01 |   9.892640e-01 |   1.307988e-01 |   4.102038e-03 |
|   8.900000e-02 |   9.806217e-01 |   9.742158e-01 |   9.900449e-01 |   9.892603e-01 |   1.301739e-01 |   4.066565e-03 |
|   9.000000e-02 |   9.805812e-01 |   9.742064e-01 |   9.900375e-01 |   9.892566e-01 |   1.295520e-01 |   4.031259e-03 |
|   9.100000e-02 |   9.805410e-01 |   9.741969e-01 |   9.900302e-01 |   9.892529e-01 |   1.289331e-01 |   3.996119e-03 |
|   9.200000e-02 |   9.805009e-01 |   9.741875e-01 |   9.900230e-01 |   9.892492e-01 |   1.283171e-01 |   3.961144e-03 |
|   9.300000e-02 |   9.804609e-01 |   9.741781e-01 |   9.900157e-01 |   9.892456e-01 |   1.277042e-01 |   3.926333e-03 |
|   9.400000e-02 |   9.804212e-01 |   9.741687e-01 |   9.900085e-01 |   9.892420e-01 |   1.270942e-01 |   3.891687e-03 |
|   9.500000e-02 |   9.803816e-01 |   9.741594e-01 |   9.900014e-01 |   9.892384e-01 |   1.264871e-01 |   3.857203e-03 |
+----------------+----------------+----------------+----------------+----------------+----------------+----------------+
+----------------+----------------+----------------+------------------+----------------+----------------+
| time           | mass           | mass_reaction  | outflow_gradient | platen_max     | platen_min     |
+----------------+----------------+----------------+------------------+----------------+----------------+
:                :                :                :                  :                :                :
|   8.100000e-02 |   1.570340e+00 |  -2.647735e-01 |     1.377404e-01 |  -4.494945e-02 |  -4.494945e-02 |
|   8.200000e-02 |   1.570077e+00 |  -2.634455e-01 |     1.370532e-01 |  -4.498577e-02 |  -4.498577e-02 |
|   8.300000e-02 |   1.569815e+00 |  -2.621271e-01 |     1.363708e-01 |  -4.502190e-02 |  -4.502190e-02 |
|   8.400000e-02 |   1.569554e+00 |  -2.608181e-01 |     1.356931e-01 |  -4.505786e-02 |  -4.505786e-02 |
|   8.500000e-02 |   1.569294e+00 |  -2.595183e-01 |     1.350201e-01 |  -4.509364e-02 |  -4.509364e-02 |
|   8.600000e-02 |   1.569036e+00 |  -2.582273e-01 |     1.343516e-01 |  -4.512924e-02 |  -4.512924e-02 |
|   8.700000e-02 |   1.568779e+00 |  -2.569451e-01 |     1.336875e-01 |  -4.516467e-02 |  -4.516467e-02 |
|   8.800000e-02 |   1.568524e+00 |  -2.556715e-01 |     1.330278e-01 |  -4.519992e-02 |  -4.519992e-02 |
|   8.900000e-02 |   1.568269e+00 |  -2.544061e-01 |     1.323723e-01 |  -4.523501e-02 |  -4.523501e-02 |
|   9.000000e-02 |   1.568016e+00 |  -2.531490e-01 |     1.317209e-01 |  -4.526992e-02 |  -4.526992e-02 |
|   9.100000e-02 |   1.567764e+00 |  -2.518999e-01 |     1.310736e-01 |  -4.530466e-02 |  -4.530466e-02 |
|   9.200000e-02 |   1.567513e+00 |  -2.506586e-01 |     1.304303e-01 |  -4.533924e-02 |  -4.533924e-02 |
|   9.300000e-02 |   1.567264e+00 |  -2.494250e-01 |     1.297910e-01 |  -4.537364e-02 |  -4.537364e-02 |
|   9.400000e-02 |   1.567016e+00 |  -2.481989e-01 |     1.291554e-01 |  -4.540788e-02 |  -4.540788e-02 |
|   9.500000e-02 |   1.566769e+00 |  -2.469803e-01 |     1.285237e-01 |  -4.544196e-02 |  -4.544196e-02 |
+----------------+----------------+----------------+------------------+----------------+----------------+
+----------------+--------------------+--------------------+----------------+----------------+----------------+
| time           | solid_fraction_max | solid_fraction_min | stability_max  | stability_min  | top_reaction   |
+----------------+--------------------+--------------------+----------------+----------------+----------------+
:                :                    :                    :                :                :                :
|   8.100000e-02 |       6.092618e-01 |       6.051013e-01 |   2.809407e+01 |   2.800281e+01 |  -1.400000e+00 |
|   8.200000e-02 |       6.092656e-01 |       6.051247e-01 |   2.809364e+01 |   2.800280e+01 |  -1.400000e+00 |
|   8.300000e-02 |       6.092694e-01 |       6.051480e-01 |   2.809320e+01 |   2.800278e+01 |  -1.400000e+00 |
|   8.400000e-02 |       6.092733e-01 |       6.051712e-01 |   2.809277e+01 |   2.800277e+01 |  -1.400000e+00 |
|   8.500000e-02 |       6.092771e-01 |       6.051943e-01 |   2.809234e+01 |   2.800276e+01 |  -1.400000e+00 |
|   8.600000e-02 |       6.092809e-01 |       6.052173e-01 |   2.809191e+01 |   2.800274e+01 |  -1.400000e+00 |
|   8.700000e-02 |       6.092847e-01 |       6.052403e-01 |   2.809148e+01 |   2.800273e+01 |  -1.400000e+00 |
|   8.800000e-02 |       6.092885e-01 |       6.052632e-01 |   2.809106e+01 |   2.800272e+01 |  -1.400000e+00 |
|   8.900000e-02 |       6.092922e-01 |       6.052859e-01 |   2.809063e+01 |   2.800270e+01 |  -1.400000e+00 |
|   9.000000e-02 |       6.092960e-01 |       6.053086e-01 |   2.809021e+01 |   2.800269e+01 |  -1.400000e+00 |
|   9.100000e-02 |       6.092998e-01 |       6.053312e-01 |   2.808979e+01 |   2.800268e+01 |  -1.400000e+00 |
|   9.200000e-02 |       6.093035e-01 |       6.053537e-01 |   2.808937e+01 |   2.800266e+01 |  -1.400000e+00 |
|   9.300000e-02 |       6.093072e-01 |       6.053762e-01 |   2.808895e+01 |   2.800265e+01 |  -1.400000e+00 |
|   9.400000e-02 |       6.093109e-01 |       6.053985e-01 |   2.808853e+01 |   2.800264e+01 |  -1.400000e+00 |
|   9.500000e-02 |       6.093146e-01 |       6.054207e-01 |   2.808811e+01 |   2.800262e+01 |  -1.400000e+00 |
+----------------+--------------------+--------------------+----------------+----------------+----------------+


Time Step 96, time = 0.096, dt = 0.001
 * Nonlinear |R| = [32m2.006442e-02[39m (Before preset BCs, predictors, correctors, and constraints)
 0 Nonlinear |R| = [32m2.006442e-02[39m
      0 Linear |R| = [32m2.006442e-02[39m
      1 Linear |R| = [32m1.254840e-03[39m
      2 Linear |R| = [33m1.230788e-03[39m
      3 Linear |R| = [32m3.646029e-04[39m
      4 Linear |R| = [32m3.069393e-05[39m
      5 Linear |R| = [32m1.582077e-05[39m
      6 Linear |R| = [32m5.109854e-06[39m
      7 Linear |R| = [32m3.245602e-06[39m
      8 Linear |R| = [32m8.876230e-07[39m
      9 Linear |R| = [32m4.471528e-07[39m
     10 Linear |R| = [32m3.874301e-07[39m
     11 Linear |R| = [32m2.388131e-07[39m
     12 Linear |R| = [32m4.230598e-08[39m
     13 Linear |R| = [32m2.810315e-08[39m
     14 Linear |R| = [32m7.307940e-09[39m
     15 Linear |R| = [32m6.275614e-09[39m
     16 Linear |R| = [32m3.111257e-09[39m
     17 Linear |R| = [32m1.524602e-09[39m
     18 Linear |R| = [32m3.284226e-10[39m
     19 Linear |R| = [32m2.031165e-10[39m
     20 Linear |R| = [32m1.754052e-10[39m
     21 Linear |R| = [32m6.184051e-11[39m
     22 Linear |R| = [32m2.877956e-11[39m
     23 Linear |R| = [32m1.679387e-11[39m
 1 Nonlinear |R| = [32m1.342911e-06[39m
      0 Linear |R| = [32m1.342911e-06[39m
      1 Linear |R| = [32m4.550366e-08[39m
      2 Linear |R| = [32m3.985573e-08[39m
      3 Linear |R| = [32m1.022207e-08[39m
      4 Linear |R| = [32m8.794664e-10[39m
      5 Linear |R| = [32m7.775257e-10[39m
      6 Linear |R| = [32m1.801088e-10[39m
      7 Linear |R| = [32m1.064694e-10[39m
      8 Linear |R| = [32m2.810257e-11[39m
      9 Linear |R| = [32m1.583057e-11[39m
     10 Linear |R| = [33m1.555149e-11[39m
     11 Linear |R| = [32m7.554125e-12[39m
     12 Linear |R| = [32m1.536669e-12[39m
     13 Linear |R| = [32m1.035512e-12[39m
     14 Linear |R| = [32m2.592501e-13[39m
     15 Linear |R| = [33m2.576024e-13[39m
     16 Linear |R| = [32m1.379250e-13[39m
     17 Linear |R| = [32m5.525635e-14[39m
     18 Linear |R| = [32m1.657725e-14[39m
     19 Linear |R| = [32m9.992864e-15[39m
     20 Linear |R| = [32m9.493123e-15[39m
     21 Linear |R| = [32m2.607118e-15[39m
     22 Linear |R| = [32m1.378465e-15[39m
     23 Linear |R| = [32m6.980580e-16[39m
 2 Nonlinear |R| = [32m2.506553e-12[39m
[32m Solve Converged![39m

Postprocessor Values:
+----------------+----------------+----------------+----------------+----------------+----------------+----------------+
| time           | J_max          | J_min          | Jbar_max       | Jbar_min       | center_pressure| edge_ux        |
+----------------+----------------+----------------+----------------+----------------+----------------+----------------+
:                :                :                :                :                :                :                :
|   8.200000e-02 |   9.809096e-01 |   9.742828e-01 |   9.900973e-01 |   9.892870e-01 |   1.346134e-01 |   4.318407e-03 |
|   8.300000e-02 |   9.808679e-01 |   9.742732e-01 |   9.900897e-01 |   9.892831e-01 |   1.339698e-01 |   4.281922e-03 |
|   8.400000e-02 |   9.808265e-01 |   9.742636e-01 |   9.900822e-01 |   9.892792e-01 |   1.333293e-01 |   4.245606e-03 |
|   8.500000e-02 |   9.807852e-01 |   9.742540e-01 |   9.900746e-01 |   9.892754e-01 |   1.326921e-01 |   4.209461e-03 |
|   8.600000e-02 |   9.807440e-01 |   9.742444e-01 |   9.900671e-01 |   9.892716e-01 |   1.320579e-01 |   4.173485e-03 |
|   8.700000e-02 |   9.807031e-01 |   9.742349e-01 |   9.900597e-01 |   9.892678e-01 |   1.314268e-01 |   4.137677e-03 |
|   8.800000e-02 |   9.806623e-01 |   9.742253e-01 |   9.900523e-01 |   9.892640e-01 |   1.307988e-01 |   4.102038e-03 |
|   8.900000e-02 |   9.806217e-01 |   9.742158e-01 |   9.900449e-01 |   9.892603e-01 |   1.301739e-01 |   4.066565e-03 |
|   9.000000e-02 |   9.805812e-01 |   9.742064e-01 |   9.900375e-01 |   9.892566e-01 |   1.295520e-01 |   4.031259e-03 |
|   9.100000e-02 |   9.805410e-01 |   9.741969e-01 |   9.900302e-01 |   9.892529e-01 |   1.289331e-01 |   3.996119e-03 |
|   9.200000e-02 |   9.805009e-01 |   9.741875e-01 |   9.900230e-01 |   9.892492e-01 |   1.283171e-01 |   3.961144e-03 |
|   9.300000e-02 |   9.804609e-01 |   9.741781e-01 |   9.900157e-01 |   9.892456e-01 |   1.277042e-01 |   3.926333e-03 |
|   9.400000e-02 |   9.804212e-01 |   9.741687e-01 |   9.900085e-01 |   9.892420e-01 |   1.270942e-01 |   3.891687e-03 |
|   9.500000e-02 |   9.803816e-01 |   9.741594e-01 |   9.900014e-01 |   9.892384e-01 |   1.264871e-01 |   3.857203e-03 |
|   9.600000e-02 |   9.803422e-01 |   9.741501e-01 |   9.899942e-01 |   9.892348e-01 |   1.258829e-01 |   3.822882e-03 |
+----------------+----------------+----------------+----------------+----------------+----------------+----------------+
+----------------+----------------+----------------+------------------+----------------+----------------+
| time           | mass           | mass_reaction  | outflow_gradient | platen_max     | platen_min     |
+----------------+----------------+----------------+------------------+----------------+----------------+
:                :                :                :                  :                :                :
|   8.200000e-02 |   1.570077e+00 |  -2.634455e-01 |     1.370532e-01 |  -4.498577e-02 |  -4.498577e-02 |
|   8.300000e-02 |   1.569815e+00 |  -2.621271e-01 |     1.363708e-01 |  -4.502190e-02 |  -4.502190e-02 |
|   8.400000e-02 |   1.569554e+00 |  -2.608181e-01 |     1.356931e-01 |  -4.505786e-02 |  -4.505786e-02 |
|   8.500000e-02 |   1.569294e+00 |  -2.595183e-01 |     1.350201e-01 |  -4.509364e-02 |  -4.509364e-02 |
|   8.600000e-02 |   1.569036e+00 |  -2.582273e-01 |     1.343516e-01 |  -4.512924e-02 |  -4.512924e-02 |
|   8.700000e-02 |   1.568779e+00 |  -2.569451e-01 |     1.336875e-01 |  -4.516467e-02 |  -4.516467e-02 |
|   8.800000e-02 |   1.568524e+00 |  -2.556715e-01 |     1.330278e-01 |  -4.519992e-02 |  -4.519992e-02 |
|   8.900000e-02 |   1.568269e+00 |  -2.544061e-01 |     1.323723e-01 |  -4.523501e-02 |  -4.523501e-02 |
|   9.000000e-02 |   1.568016e+00 |  -2.531490e-01 |     1.317209e-01 |  -4.526992e-02 |  -4.526992e-02 |
|   9.100000e-02 |   1.567764e+00 |  -2.518999e-01 |     1.310736e-01 |  -4.530466e-02 |  -4.530466e-02 |
|   9.200000e-02 |   1.567513e+00 |  -2.506586e-01 |     1.304303e-01 |  -4.533924e-02 |  -4.533924e-02 |
|   9.300000e-02 |   1.567264e+00 |  -2.494250e-01 |     1.297910e-01 |  -4.537364e-02 |  -4.537364e-02 |
|   9.400000e-02 |   1.567016e+00 |  -2.481989e-01 |     1.291554e-01 |  -4.540788e-02 |  -4.540788e-02 |
|   9.500000e-02 |   1.566769e+00 |  -2.469803e-01 |     1.285237e-01 |  -4.544196e-02 |  -4.544196e-02 |
|   9.600000e-02 |   1.566523e+00 |  -2.457690e-01 |     1.278957e-01 |  -4.547586e-02 |  -4.547586e-02 |
+----------------+----------------+----------------+------------------+----------------+----------------+
+----------------+--------------------+--------------------+----------------+----------------+----------------+
| time           | solid_fraction_max | solid_fraction_min | stability_max  | stability_min  | top_reaction   |
+----------------+--------------------+--------------------+----------------+----------------+----------------+
:                :                    :                    :                :                :                :
|   8.200000e-02 |       6.092656e-01 |       6.051247e-01 |   2.809364e+01 |   2.800280e+01 |  -1.400000e+00 |
|   8.300000e-02 |       6.092694e-01 |       6.051480e-01 |   2.809320e+01 |   2.800278e+01 |  -1.400000e+00 |
|   8.400000e-02 |       6.092733e-01 |       6.051712e-01 |   2.809277e+01 |   2.800277e+01 |  -1.400000e+00 |
|   8.500000e-02 |       6.092771e-01 |       6.051943e-01 |   2.809234e+01 |   2.800276e+01 |  -1.400000e+00 |
|   8.600000e-02 |       6.092809e-01 |       6.052173e-01 |   2.809191e+01 |   2.800274e+01 |  -1.400000e+00 |
|   8.700000e-02 |       6.092847e-01 |       6.052403e-01 |   2.809148e+01 |   2.800273e+01 |  -1.400000e+00 |
|   8.800000e-02 |       6.092885e-01 |       6.052632e-01 |   2.809106e+01 |   2.800272e+01 |  -1.400000e+00 |
|   8.900000e-02 |       6.092922e-01 |       6.052859e-01 |   2.809063e+01 |   2.800270e+01 |  -1.400000e+00 |
|   9.000000e-02 |       6.092960e-01 |       6.053086e-01 |   2.809021e+01 |   2.800269e+01 |  -1.400000e+00 |
|   9.100000e-02 |       6.092998e-01 |       6.053312e-01 |   2.808979e+01 |   2.800268e+01 |  -1.400000e+00 |
|   9.200000e-02 |       6.093035e-01 |       6.053537e-01 |   2.808937e+01 |   2.800266e+01 |  -1.400000e+00 |
|   9.300000e-02 |       6.093072e-01 |       6.053762e-01 |   2.808895e+01 |   2.800265e+01 |  -1.400000e+00 |
|   9.400000e-02 |       6.093109e-01 |       6.053985e-01 |   2.808853e+01 |   2.800264e+01 |  -1.400000e+00 |
|   9.500000e-02 |       6.093146e-01 |       6.054207e-01 |   2.808811e+01 |   2.800262e+01 |  -1.400000e+00 |
|   9.600000e-02 |       6.093183e-01 |       6.054429e-01 |   2.808770e+01 |   2.800261e+01 |  -1.400000e+00 |
+----------------+--------------------+--------------------+----------------+----------------+----------------+


Time Step 97, time = 0.097, dt = 0.001
 * Nonlinear |R| = [32m1.996740e-02[39m (Before preset BCs, predictors, correctors, and constraints)
 0 Nonlinear |R| = [32m1.996740e-02[39m
      0 Linear |R| = [32m1.996740e-02[39m
      1 Linear |R| = [32m1.248823e-03[39m
      2 Linear |R| = [33m1.224887e-03[39m
      3 Linear |R| = [32m3.628172e-04[39m
      4 Linear |R| = [32m3.052559e-05[39m
      5 Linear |R| = [32m1.493038e-05[39m
      6 Linear |R| = [32m5.083647e-06[39m
      7 Linear |R| = [32m3.228774e-06[39m
      8 Linear |R| = [32m8.830491e-07[39m
      9 Linear |R| = [32m4.445979e-07[39m
     10 Linear |R| = [32m3.743027e-07[39m
     11 Linear |R| = [32m2.374622e-07[39m
     12 Linear |R| = [32m4.207428e-08[39m
     13 Linear |R| = [32m2.794780e-08[39m
     14 Linear |R| = [32m7.257367e-09[39m
     15 Linear |R| = [32m6.093864e-09[39m
     16 Linear |R| = [32m3.093447e-09[39m
     17 Linear |R| = [32m1.515230e-09[39m
     18 Linear |R| = [32m3.259762e-10[39m
     19 Linear |R| = [32m2.015049e-10[39m
     20 Linear |R| = [32m1.711153e-10[39m
     21 Linear |R| = [32m6.119101e-11[39m
     22 Linear |R| = [32m2.853551e-11[39m
     23 Linear |R| = [32m1.664092e-11[39m
 1 Nonlinear |R| = [32m1.335223e-06[39m
      0 Linear |R| = [32m1.335223e-06[39m
      1 Linear |R| = [32m4.452325e-08[39m
      2 Linear |R| = [32m3.843509e-08[39m
      3 Linear |R| = [32m9.861943e-09[39m
      4 Linear |R| = [32m8.486182e-10[39m
      5 Linear |R| = [32m7.775581e-10[39m
      6 Linear |R| = [32m1.519791e-10[39m
      7 Linear |R| = [32m9.325885e-11[39m
      8 Linear |R| = [32m2.721500e-11[39m
      9 Linear |R| = [32m1.549115e-11[39m
     10 Linear |R| = [33m1.535547e-11[39m
     11 Linear |R| = [32m7.657968e-12[39m
     12 Linear |R| = [32m1.709783e-12[39m
     13 Linear |R| = [32m1.152060e-12[39m
     14 Linear |R| = [32m2.713375e-13[39m
     15 Linear |R| = [33m2.706612e-13[39m
     16 Linear |R| = [32m1.411808e-13[39m
     17 Linear |R| = [32m5.209964e-14[39m
     18 Linear |R| = [32m1.506820e-14[39m
     19 Linear |R| = [32m8.956566e-15[39m
     20 Linear |R| = [33m8.789853e-15[39m
     21 Linear |R| = [32m1.965017e-15[39m
     22 Linear |R| = [32m9.974196e-16[39m
 2 Nonlinear |R| = [32m2.667410e-12[39m
[32m Solve Converged![39m

Postprocessor Values:
+----------------+----------------+----------------+----------------+----------------+----------------+----------------+
| time           | J_max          | J_min          | Jbar_max       | Jbar_min       | center_pressure| edge_ux        |
+----------------+----------------+----------------+----------------+----------------+----------------+----------------+
:                :                :                :                :                :                :                :
|   8.300000e-02 |   9.808679e-01 |   9.742732e-01 |   9.900897e-01 |   9.892831e-01 |   1.339698e-01 |   4.281922e-03 |
|   8.400000e-02 |   9.808265e-01 |   9.742636e-01 |   9.900822e-01 |   9.892792e-01 |   1.333293e-01 |   4.245606e-03 |
|   8.500000e-02 |   9.807852e-01 |   9.742540e-01 |   9.900746e-01 |   9.892754e-01 |   1.326921e-01 |   4.209461e-03 |
|   8.600000e-02 |   9.807440e-01 |   9.742444e-01 |   9.900671e-01 |   9.892716e-01 |   1.320579e-01 |   4.173485e-03 |
|   8.700000e-02 |   9.807031e-01 |   9.742349e-01 |   9.900597e-01 |   9.892678e-01 |   1.314268e-01 |   4.137677e-03 |
|   8.800000e-02 |   9.806623e-01 |   9.742253e-01 |   9.900523e-01 |   9.892640e-01 |   1.307988e-01 |   4.102038e-03 |
|   8.900000e-02 |   9.806217e-01 |   9.742158e-01 |   9.900449e-01 |   9.892603e-01 |   1.301739e-01 |   4.066565e-03 |
|   9.000000e-02 |   9.805812e-01 |   9.742064e-01 |   9.900375e-01 |   9.892566e-01 |   1.295520e-01 |   4.031259e-03 |
|   9.100000e-02 |   9.805410e-01 |   9.741969e-01 |   9.900302e-01 |   9.892529e-01 |   1.289331e-01 |   3.996119e-03 |
|   9.200000e-02 |   9.805009e-01 |   9.741875e-01 |   9.900230e-01 |   9.892492e-01 |   1.283171e-01 |   3.961144e-03 |
|   9.300000e-02 |   9.804609e-01 |   9.741781e-01 |   9.900157e-01 |   9.892456e-01 |   1.277042e-01 |   3.926333e-03 |
|   9.400000e-02 |   9.804212e-01 |   9.741687e-01 |   9.900085e-01 |   9.892420e-01 |   1.270942e-01 |   3.891687e-03 |
|   9.500000e-02 |   9.803816e-01 |   9.741594e-01 |   9.900014e-01 |   9.892384e-01 |   1.264871e-01 |   3.857203e-03 |
|   9.600000e-02 |   9.803422e-01 |   9.741501e-01 |   9.899942e-01 |   9.892348e-01 |   1.258829e-01 |   3.822882e-03 |
|   9.700000e-02 |   9.803030e-01 |   9.741408e-01 |   9.899872e-01 |   9.892313e-01 |   1.252816e-01 |   3.788723e-03 |
+----------------+----------------+----------------+----------------+----------------+----------------+----------------+
+----------------+----------------+----------------+------------------+----------------+----------------+
| time           | mass           | mass_reaction  | outflow_gradient | platen_max     | platen_min     |
+----------------+----------------+----------------+------------------+----------------+----------------+
:                :                :                :                  :                :                :
|   8.300000e-02 |   1.569815e+00 |  -2.621271e-01 |     1.363708e-01 |  -4.502190e-02 |  -4.502190e-02 |
|   8.400000e-02 |   1.569554e+00 |  -2.608181e-01 |     1.356931e-01 |  -4.505786e-02 |  -4.505786e-02 |
|   8.500000e-02 |   1.569294e+00 |  -2.595183e-01 |     1.350201e-01 |  -4.509364e-02 |  -4.509364e-02 |
|   8.600000e-02 |   1.569036e+00 |  -2.582273e-01 |     1.343516e-01 |  -4.512924e-02 |  -4.512924e-02 |
|   8.700000e-02 |   1.568779e+00 |  -2.569451e-01 |     1.336875e-01 |  -4.516467e-02 |  -4.516467e-02 |
|   8.800000e-02 |   1.568524e+00 |  -2.556715e-01 |     1.330278e-01 |  -4.519992e-02 |  -4.519992e-02 |
|   8.900000e-02 |   1.568269e+00 |  -2.544061e-01 |     1.323723e-01 |  -4.523501e-02 |  -4.523501e-02 |
|   9.000000e-02 |   1.568016e+00 |  -2.531490e-01 |     1.317209e-01 |  -4.526992e-02 |  -4.526992e-02 |
|   9.100000e-02 |   1.567764e+00 |  -2.518999e-01 |     1.310736e-01 |  -4.530466e-02 |  -4.530466e-02 |
|   9.200000e-02 |   1.567513e+00 |  -2.506586e-01 |     1.304303e-01 |  -4.533924e-02 |  -4.533924e-02 |
|   9.300000e-02 |   1.567264e+00 |  -2.494250e-01 |     1.297910e-01 |  -4.537364e-02 |  -4.537364e-02 |
|   9.400000e-02 |   1.567016e+00 |  -2.481989e-01 |     1.291554e-01 |  -4.540788e-02 |  -4.540788e-02 |
|   9.500000e-02 |   1.566769e+00 |  -2.469803e-01 |     1.285237e-01 |  -4.544196e-02 |  -4.544196e-02 |
|   9.600000e-02 |   1.566523e+00 |  -2.457690e-01 |     1.278957e-01 |  -4.547586e-02 |  -4.547586e-02 |
|   9.700000e-02 |   1.566278e+00 |  -2.445649e-01 |     1.272713e-01 |  -4.550961e-02 |  -4.550961e-02 |
+----------------+----------------+----------------+------------------+----------------+----------------+
+----------------+--------------------+--------------------+----------------+----------------+----------------+
| time           | solid_fraction_max | solid_fraction_min | stability_max  | stability_min  | top_reaction   |
+----------------+--------------------+--------------------+----------------+----------------+----------------+
:                :                    :                    :                :                :                :
|   8.300000e-02 |       6.092694e-01 |       6.051480e-01 |   2.809320e+01 |   2.800278e+01 |  -1.400000e+00 |
|   8.400000e-02 |       6.092733e-01 |       6.051712e-01 |   2.809277e+01 |   2.800277e+01 |  -1.400000e+00 |
|   8.500000e-02 |       6.092771e-01 |       6.051943e-01 |   2.809234e+01 |   2.800276e+01 |  -1.400000e+00 |
|   8.600000e-02 |       6.092809e-01 |       6.052173e-01 |   2.809191e+01 |   2.800274e+01 |  -1.400000e+00 |
|   8.700000e-02 |       6.092847e-01 |       6.052403e-01 |   2.809148e+01 |   2.800273e+01 |  -1.400000e+00 |
|   8.800000e-02 |       6.092885e-01 |       6.052632e-01 |   2.809106e+01 |   2.800272e+01 |  -1.400000e+00 |
|   8.900000e-02 |       6.092922e-01 |       6.052859e-01 |   2.809063e+01 |   2.800270e+01 |  -1.400000e+00 |
|   9.000000e-02 |       6.092960e-01 |       6.053086e-01 |   2.809021e+01 |   2.800269e+01 |  -1.400000e+00 |
|   9.100000e-02 |       6.092998e-01 |       6.053312e-01 |   2.808979e+01 |   2.800268e+01 |  -1.400000e+00 |
|   9.200000e-02 |       6.093035e-01 |       6.053537e-01 |   2.808937e+01 |   2.800266e+01 |  -1.400000e+00 |
|   9.300000e-02 |       6.093072e-01 |       6.053762e-01 |   2.808895e+01 |   2.800265e+01 |  -1.400000e+00 |
|   9.400000e-02 |       6.093109e-01 |       6.053985e-01 |   2.808853e+01 |   2.800264e+01 |  -1.400000e+00 |
|   9.500000e-02 |       6.093146e-01 |       6.054207e-01 |   2.808811e+01 |   2.800262e+01 |  -1.400000e+00 |
|   9.600000e-02 |       6.093183e-01 |       6.054429e-01 |   2.808770e+01 |   2.800261e+01 |  -1.400000e+00 |
|   9.700000e-02 |       6.093220e-01 |       6.054649e-01 |   2.808729e+01 |   2.800260e+01 |  -1.400000e+00 |
+----------------+--------------------+--------------------+----------------+----------------+----------------+


Time Step 98, time = 0.098, dt = 0.001
 * Nonlinear |R| = [32m1.987089e-02[39m (Before preset BCs, predictors, correctors, and constraints)
 0 Nonlinear |R| = [32m1.987089e-02[39m
      0 Linear |R| = [32m1.987089e-02[39m
      1 Linear |R| = [32m1.242838e-03[39m
      2 Linear |R| = [33m1.219017e-03[39m
      3 Linear |R| = [32m3.610464e-04[39m
      4 Linear |R| = [32m3.037672e-05[39m
      5 Linear |R| = [32m1.493376e-05[39m
      6 Linear |R| = [32m5.057706e-06[39m
      7 Linear |R| = [32m3.212059e-06[39m
      8 Linear |R| = [32m8.785091e-07[39m
      9 Linear |R| = [32m4.420812e-07[39m
     10 Linear |R| = [32m3.589506e-07[39m
     11 Linear |R| = [32m2.361142e-07[39m
     12 Linear |R| = [32m4.184508e-08[39m
     13 Linear |R| = [32m2.779426e-08[39m
     14 Linear |R| = [32m7.218423e-09[39m
     15 Linear |R| = [32m6.053247e-09[39m
     16 Linear |R| = [32m3.075937e-09[39m
     17 Linear |R| = [32m1.505971e-09[39m
     18 Linear |R| = [32m3.235871e-10[39m
     19 Linear |R| = [32m2.000677e-10[39m
     20 Linear |R| = [32m1.727601e-10[39m
     21 Linear |R| = [32m6.055916e-11[39m
     22 Linear |R| = [32m2.829713e-11[39m
     23 Linear |R| = [32m1.649066e-11[39m
 1 Nonlinear |R| = [32m1.323986e-06[39m
      0 Linear |R| = [32m1.323986e-06[39m
      1 Linear |R| = [32m4.408418e-08[39m
      2 Linear |R| = [32m3.825566e-08[39m
      3 Linear |R| = [32m9.808318e-09[39m
      4 Linear |R| = [32m8.413104e-10[39m
      5 Linear |R| = [32m7.703805e-10[39m
      6 Linear |R| = [32m1.528284e-10[39m
      7 Linear |R| = [32m9.577219e-11[39m
      8 Linear |R| = [32m2.712020e-11[39m
      9 Linear |R| = [32m1.505548e-11[39m
     10 Linear |R| = [33m1.494657e-11[39m
     11 Linear |R| = [32m7.542272e-12[39m
     12 Linear |R| = [32m1.814113e-12[39m
     13 Linear |R| = [32m1.215800e-12[39m
     14 Linear |R| = [32m2.715954e-13[39m
     15 Linear |R| = [33m2.714637e-13[39m
     16 Linear |R| = [32m1.334036e-13[39m
     17 Linear |R| = [32m5.196738e-14[39m
     18 Linear |R| = [32m1.390496e-14[39m
     19 Linear |R| = [32m8.423350e-15[39m
     20 Linear |R| = [33m8.300036e-15[39m
     21 Linear |R| = [32m1.848824e-15[39m
     22 Linear |R| = [32m1.052718e-15[39m
 2 Nonlinear |R| = [32m2.628263e-12[39m
[32m Solve Converged![39m

Postprocessor Values:
+----------------+----------------+----------------+----------------+----------------+----------------+----------------+
| time           | J_max          | J_min          | Jbar_max       | Jbar_min       | center_pressure| edge_ux        |
+----------------+----------------+----------------+----------------+----------------+----------------+----------------+
:                :                :                :                :                :                :                :
|   8.400000e-02 |   9.808265e-01 |   9.742636e-01 |   9.900822e-01 |   9.892792e-01 |   1.333293e-01 |   4.245606e-03 |
|   8.500000e-02 |   9.807852e-01 |   9.742540e-01 |   9.900746e-01 |   9.892754e-01 |   1.326921e-01 |   4.209461e-03 |
|   8.600000e-02 |   9.807440e-01 |   9.742444e-01 |   9.900671e-01 |   9.892716e-01 |   1.320579e-01 |   4.173485e-03 |
|   8.700000e-02 |   9.807031e-01 |   9.742349e-01 |   9.900597e-01 |   9.892678e-01 |   1.314268e-01 |   4.137677e-03 |
|   8.800000e-02 |   9.806623e-01 |   9.742253e-01 |   9.900523e-01 |   9.892640e-01 |   1.307988e-01 |   4.102038e-03 |
|   8.900000e-02 |   9.806217e-01 |   9.742158e-01 |   9.900449e-01 |   9.892603e-01 |   1.301739e-01 |   4.066565e-03 |
|   9.000000e-02 |   9.805812e-01 |   9.742064e-01 |   9.900375e-01 |   9.892566e-01 |   1.295520e-01 |   4.031259e-03 |
|   9.100000e-02 |   9.805410e-01 |   9.741969e-01 |   9.900302e-01 |   9.892529e-01 |   1.289331e-01 |   3.996119e-03 |
|   9.200000e-02 |   9.805009e-01 |   9.741875e-01 |   9.900230e-01 |   9.892492e-01 |   1.283171e-01 |   3.961144e-03 |
|   9.300000e-02 |   9.804609e-01 |   9.741781e-01 |   9.900157e-01 |   9.892456e-01 |   1.277042e-01 |   3.926333e-03 |
|   9.400000e-02 |   9.804212e-01 |   9.741687e-01 |   9.900085e-01 |   9.892420e-01 |   1.270942e-01 |   3.891687e-03 |
|   9.500000e-02 |   9.803816e-01 |   9.741594e-01 |   9.900014e-01 |   9.892384e-01 |   1.264871e-01 |   3.857203e-03 |
|   9.600000e-02 |   9.803422e-01 |   9.741501e-01 |   9.899942e-01 |   9.892348e-01 |   1.258829e-01 |   3.822882e-03 |
|   9.700000e-02 |   9.803030e-01 |   9.741408e-01 |   9.899872e-01 |   9.892313e-01 |   1.252816e-01 |   3.788723e-03 |
|   9.800000e-02 |   9.802639e-01 |   9.741316e-01 |   9.899801e-01 |   9.892278e-01 |   1.246832e-01 |   3.754725e-03 |
+----------------+----------------+----------------+----------------+----------------+----------------+----------------+
+----------------+----------------+----------------+------------------+----------------+----------------+
| time           | mass           | mass_reaction  | outflow_gradient | platen_max     | platen_min     |
+----------------+----------------+----------------+------------------+----------------+----------------+
:                :                :                :                  :                :                :
|   8.400000e-02 |   1.569554e+00 |  -2.608181e-01 |     1.356931e-01 |  -4.505786e-02 |  -4.505786e-02 |
|   8.500000e-02 |   1.569294e+00 |  -2.595183e-01 |     1.350201e-01 |  -4.509364e-02 |  -4.509364e-02 |
|   8.600000e-02 |   1.569036e+00 |  -2.582273e-01 |     1.343516e-01 |  -4.512924e-02 |  -4.512924e-02 |
|   8.700000e-02 |   1.568779e+00 |  -2.569451e-01 |     1.336875e-01 |  -4.516467e-02 |  -4.516467e-02 |
|   8.800000e-02 |   1.568524e+00 |  -2.556715e-01 |     1.330278e-01 |  -4.519992e-02 |  -4.519992e-02 |
|   8.900000e-02 |   1.568269e+00 |  -2.544061e-01 |     1.323723e-01 |  -4.523501e-02 |  -4.523501e-02 |
|   9.000000e-02 |   1.568016e+00 |  -2.531490e-01 |     1.317209e-01 |  -4.526992e-02 |  -4.526992e-02 |
|   9.100000e-02 |   1.567764e+00 |  -2.518999e-01 |     1.310736e-01 |  -4.530466e-02 |  -4.530466e-02 |
|   9.200000e-02 |   1.567513e+00 |  -2.506586e-01 |     1.304303e-01 |  -4.533924e-02 |  -4.533924e-02 |
|   9.300000e-02 |   1.567264e+00 |  -2.494250e-01 |     1.297910e-01 |  -4.537364e-02 |  -4.537364e-02 |
|   9.400000e-02 |   1.567016e+00 |  -2.481989e-01 |     1.291554e-01 |  -4.540788e-02 |  -4.540788e-02 |
|   9.500000e-02 |   1.566769e+00 |  -2.469803e-01 |     1.285237e-01 |  -4.544196e-02 |  -4.544196e-02 |
|   9.600000e-02 |   1.566523e+00 |  -2.457690e-01 |     1.278957e-01 |  -4.547586e-02 |  -4.547586e-02 |
|   9.700000e-02 |   1.566278e+00 |  -2.445649e-01 |     1.272713e-01 |  -4.550961e-02 |  -4.550961e-02 |
|   9.800000e-02 |   1.566035e+00 |  -2.433678e-01 |     1.266506e-01 |  -4.554319e-02 |  -4.554319e-02 |
+----------------+----------------+----------------+------------------+----------------+----------------+
+----------------+--------------------+--------------------+----------------+----------------+----------------+
| time           | solid_fraction_max | solid_fraction_min | stability_max  | stability_min  | top_reaction   |
+----------------+--------------------+--------------------+----------------+----------------+----------------+
:                :                    :                    :                :                :                :
|   8.400000e-02 |       6.092733e-01 |       6.051712e-01 |   2.809277e+01 |   2.800277e+01 |  -1.400000e+00 |
|   8.500000e-02 |       6.092771e-01 |       6.051943e-01 |   2.809234e+01 |   2.800276e+01 |  -1.400000e+00 |
|   8.600000e-02 |       6.092809e-01 |       6.052173e-01 |   2.809191e+01 |   2.800274e+01 |  -1.400000e+00 |
|   8.700000e-02 |       6.092847e-01 |       6.052403e-01 |   2.809148e+01 |   2.800273e+01 |  -1.400000e+00 |
|   8.800000e-02 |       6.092885e-01 |       6.052632e-01 |   2.809106e+01 |   2.800272e+01 |  -1.400000e+00 |
|   8.900000e-02 |       6.092922e-01 |       6.052859e-01 |   2.809063e+01 |   2.800270e+01 |  -1.400000e+00 |
|   9.000000e-02 |       6.092960e-01 |       6.053086e-01 |   2.809021e+01 |   2.800269e+01 |  -1.400000e+00 |
|   9.100000e-02 |       6.092998e-01 |       6.053312e-01 |   2.808979e+01 |   2.800268e+01 |  -1.400000e+00 |
|   9.200000e-02 |       6.093035e-01 |       6.053537e-01 |   2.808937e+01 |   2.800266e+01 |  -1.400000e+00 |
|   9.300000e-02 |       6.093072e-01 |       6.053762e-01 |   2.808895e+01 |   2.800265e+01 |  -1.400000e+00 |
|   9.400000e-02 |       6.093109e-01 |       6.053985e-01 |   2.808853e+01 |   2.800264e+01 |  -1.400000e+00 |
|   9.500000e-02 |       6.093146e-01 |       6.054207e-01 |   2.808811e+01 |   2.800262e+01 |  -1.400000e+00 |
|   9.600000e-02 |       6.093183e-01 |       6.054429e-01 |   2.808770e+01 |   2.800261e+01 |  -1.400000e+00 |
|   9.700000e-02 |       6.093220e-01 |       6.054649e-01 |   2.808729e+01 |   2.800260e+01 |  -1.400000e+00 |
|   9.800000e-02 |       6.093257e-01 |       6.054869e-01 |   2.808688e+01 |   2.800259e+01 |  -1.400000e+00 |
+----------------+--------------------+--------------------+----------------+----------------+----------------+


Time Step 99, time = 0.099, dt = 0.001
 * Nonlinear |R| = [32m1.977486e-02[39m (Before preset BCs, predictors, correctors, and constraints)
 0 Nonlinear |R| = [32m1.977486e-02[39m
      0 Linear |R| = [32m1.977486e-02[39m
      1 Linear |R| = [32m1.236882e-03[39m
      2 Linear |R| = [33m1.213173e-03[39m
      3 Linear |R| = [32m3.593020e-04[39m
      4 Linear |R| = [32m3.021566e-05[39m
      5 Linear |R| = [32m1.400878e-05[39m
      6 Linear |R| = [32m5.031795e-06[39m
      7 Linear |R| = [32m3.195474e-06[39m
      8 Linear |R| = [32m8.739966e-07[39m
      9 Linear |R| = [32m4.395965e-07[39m
     10 Linear |R| = [32m3.435650e-07[39m
     11 Linear |R| = [32m2.347275e-07[39m
     12 Linear |R| = [32m4.161822e-08[39m
     13 Linear |R| = [32m2.764226e-08[39m
     14 Linear |R| = [32m7.164051e-09[39m
     15 Linear |R| = [32m5.765165e-09[39m
     16 Linear |R| = [32m3.058537e-09[39m
     17 Linear |R| = [32m1.496839e-09[39m
     18 Linear |R| = [32m3.212492e-10[39m
     19 Linear |R| = [32m1.983852e-10[39m
     20 Linear |R| = [32m1.611983e-10[39m
     21 Linear |R| = [32m5.992829e-11[39m
     22 Linear |R| = [32m2.806460e-11[39m
     23 Linear |R| = [32m1.634305e-11[39m
 1 Nonlinear |R| = [32m1.302379e-06[39m
      0 Linear |R| = [32m1.302379e-06[39m
      1 Linear |R| = [32m4.381376e-08[39m
      2 Linear |R| = [32m3.903445e-08[39m
      3 Linear |R| = [32m1.001513e-08[39m
      4 Linear |R| = [32m8.618520e-10[39m
      5 Linear |R| = [32m7.807070e-10[39m
      6 Linear |R| = [32m1.662292e-10[39m
      7 Linear |R| = [32m1.031567e-10[39m
      8 Linear |R| = [32m2.774574e-11[39m
      9 Linear |R| = [32m1.527430e-11[39m
     10 Linear |R| = [33m1.522064e-11[39m
     11 Linear |R| = [32m7.561643e-12[39m
     12 Linear |R| = [32m1.784092e-12[39m
     13 Linear |R| = [32m1.194872e-12[39m
     14 Linear |R| = [32m2.748032e-13[39m
     15 Linear |R| = [33m2.747327e-13[39m
     16 Linear |R| = [32m1.380634e-13[39m
     17 Linear |R| = [32m5.891105e-14[39m
     18 Linear |R| = [32m1.777146e-14[39m
     19 Linear |R| = [32m1.056446e-14[39m
     20 Linear |R| = [33m1.040388e-14[39m
     21 Linear |R| = [32m2.582215e-15[39m
     22 Linear |R| = [32m1.279048e-15[39m
 2 Nonlinear |R| = [32m2.623311e-12[39m
[32m Solve Converged![39m

Postprocessor Values:
+----------------+----------------+----------------+----------------+----------------+----------------+----------------+
| time           | J_max          | J_min          | Jbar_max       | Jbar_min       | center_pressure| edge_ux        |
+----------------+----------------+----------------+----------------+----------------+----------------+----------------+
:                :                :                :                :                :                :                :
|   8.500000e-02 |   9.807852e-01 |   9.742540e-01 |   9.900746e-01 |   9.892754e-01 |   1.326921e-01 |   4.209461e-03 |
|   8.600000e-02 |   9.807440e-01 |   9.742444e-01 |   9.900671e-01 |   9.892716e-01 |   1.320579e-01 |   4.173485e-03 |
|   8.700000e-02 |   9.807031e-01 |   9.742349e-01 |   9.900597e-01 |   9.892678e-01 |   1.314268e-01 |   4.137677e-03 |
|   8.800000e-02 |   9.806623e-01 |   9.742253e-01 |   9.900523e-01 |   9.892640e-01 |   1.307988e-01 |   4.102038e-03 |
|   8.900000e-02 |   9.806217e-01 |   9.742158e-01 |   9.900449e-01 |   9.892603e-01 |   1.301739e-01 |   4.066565e-03 |
|   9.000000e-02 |   9.805812e-01 |   9.742064e-01 |   9.900375e-01 |   9.892566e-01 |   1.295520e-01 |   4.031259e-03 |
|   9.100000e-02 |   9.805410e-01 |   9.741969e-01 |   9.900302e-01 |   9.892529e-01 |   1.289331e-01 |   3.996119e-03 |
|   9.200000e-02 |   9.805009e-01 |   9.741875e-01 |   9.900230e-01 |   9.892492e-01 |   1.283171e-01 |   3.961144e-03 |
|   9.300000e-02 |   9.804609e-01 |   9.741781e-01 |   9.900157e-01 |   9.892456e-01 |   1.277042e-01 |   3.926333e-03 |
|   9.400000e-02 |   9.804212e-01 |   9.741687e-01 |   9.900085e-01 |   9.892420e-01 |   1.270942e-01 |   3.891687e-03 |
|   9.500000e-02 |   9.803816e-01 |   9.741594e-01 |   9.900014e-01 |   9.892384e-01 |   1.264871e-01 |   3.857203e-03 |
|   9.600000e-02 |   9.803422e-01 |   9.741501e-01 |   9.899942e-01 |   9.892348e-01 |   1.258829e-01 |   3.822882e-03 |
|   9.700000e-02 |   9.803030e-01 |   9.741408e-01 |   9.899872e-01 |   9.892313e-01 |   1.252816e-01 |   3.788723e-03 |
|   9.800000e-02 |   9.802639e-01 |   9.741316e-01 |   9.899801e-01 |   9.892278e-01 |   1.246832e-01 |   3.754725e-03 |
|   9.900000e-02 |   9.802250e-01 |   9.741224e-01 |   9.899731e-01 |   9.892243e-01 |   1.240877e-01 |   3.720887e-03 |
+----------------+----------------+----------------+----------------+----------------+----------------+----------------+
+----------------+----------------+----------------+------------------+----------------+----------------+
| time           | mass           | mass_reaction  | outflow_gradient | platen_max     | platen_min     |
+----------------+----------------+----------------+------------------+----------------+----------------+
:                :                :                :                  :                :                :
|   8.500000e-02 |   1.569294e+00 |  -2.595183e-01 |     1.350201e-01 |  -4.509364e-02 |  -4.509364e-02 |
|   8.600000e-02 |   1.569036e+00 |  -2.582273e-01 |     1.343516e-01 |  -4.512924e-02 |  -4.512924e-02 |
|   8.700000e-02 |   1.568779e+00 |  -2.569451e-01 |     1.336875e-01 |  -4.516467e-02 |  -4.516467e-02 |
|   8.800000e-02 |   1.568524e+00 |  -2.556715e-01 |     1.330278e-01 |  -4.519992e-02 |  -4.519992e-02 |
|   8.900000e-02 |   1.568269e+00 |  -2.544061e-01 |     1.323723e-01 |  -4.523501e-02 |  -4.523501e-02 |
|   9.000000e-02 |   1.568016e+00 |  -2.531490e-01 |     1.317209e-01 |  -4.526992e-02 |  -4.526992e-02 |
|   9.100000e-02 |   1.567764e+00 |  -2.518999e-01 |     1.310736e-01 |  -4.530466e-02 |  -4.530466e-02 |
|   9.200000e-02 |   1.567513e+00 |  -2.506586e-01 |     1.304303e-01 |  -4.533924e-02 |  -4.533924e-02 |
|   9.300000e-02 |   1.567264e+00 |  -2.494250e-01 |     1.297910e-01 |  -4.537364e-02 |  -4.537364e-02 |
|   9.400000e-02 |   1.567016e+00 |  -2.481989e-01 |     1.291554e-01 |  -4.540788e-02 |  -4.540788e-02 |
|   9.500000e-02 |   1.566769e+00 |  -2.469803e-01 |     1.285237e-01 |  -4.544196e-02 |  -4.544196e-02 |
|   9.600000e-02 |   1.566523e+00 |  -2.457690e-01 |     1.278957e-01 |  -4.547586e-02 |  -4.547586e-02 |
|   9.700000e-02 |   1.566278e+00 |  -2.445649e-01 |     1.272713e-01 |  -4.550961e-02 |  -4.550961e-02 |
|   9.800000e-02 |   1.566035e+00 |  -2.433678e-01 |     1.266506e-01 |  -4.554319e-02 |  -4.554319e-02 |
|   9.900000e-02 |   1.565793e+00 |  -2.421776e-01 |     1.260333e-01 |  -4.557661e-02 |  -4.557661e-02 |
+----------------+----------------+----------------+------------------+----------------+----------------+
+----------------+--------------------+--------------------+----------------+----------------+----------------+
| time           | solid_fraction_max | solid_fraction_min | stability_max  | stability_min  | top_reaction   |
+----------------+--------------------+--------------------+----------------+----------------+----------------+
:                :                    :                    :                :                :                :
|   8.500000e-02 |       6.092771e-01 |       6.051943e-01 |   2.809234e+01 |   2.800276e+01 |  -1.400000e+00 |
|   8.600000e-02 |       6.092809e-01 |       6.052173e-01 |   2.809191e+01 |   2.800274e+01 |  -1.400000e+00 |
|   8.700000e-02 |       6.092847e-01 |       6.052403e-01 |   2.809148e+01 |   2.800273e+01 |  -1.400000e+00 |
|   8.800000e-02 |       6.092885e-01 |       6.052632e-01 |   2.809106e+01 |   2.800272e+01 |  -1.400000e+00 |
|   8.900000e-02 |       6.092922e-01 |       6.052859e-01 |   2.809063e+01 |   2.800270e+01 |  -1.400000e+00 |
|   9.000000e-02 |       6.092960e-01 |       6.053086e-01 |   2.809021e+01 |   2.800269e+01 |  -1.400000e+00 |
|   9.100000e-02 |       6.092998e-01 |       6.053312e-01 |   2.808979e+01 |   2.800268e+01 |  -1.400000e+00 |
|   9.200000e-02 |       6.093035e-01 |       6.053537e-01 |   2.808937e+01 |   2.800266e+01 |  -1.400000e+00 |
|   9.300000e-02 |       6.093072e-01 |       6.053762e-01 |   2.808895e+01 |   2.800265e+01 |  -1.400000e+00 |
|   9.400000e-02 |       6.093109e-01 |       6.053985e-01 |   2.808853e+01 |   2.800264e+01 |  -1.400000e+00 |
|   9.500000e-02 |       6.093146e-01 |       6.054207e-01 |   2.808811e+01 |   2.800262e+01 |  -1.400000e+00 |
|   9.600000e-02 |       6.093183e-01 |       6.054429e-01 |   2.808770e+01 |   2.800261e+01 |  -1.400000e+00 |
|   9.700000e-02 |       6.093220e-01 |       6.054649e-01 |   2.808729e+01 |   2.800260e+01 |  -1.400000e+00 |
|   9.800000e-02 |       6.093257e-01 |       6.054869e-01 |   2.808688e+01 |   2.800259e+01 |  -1.400000e+00 |
|   9.900000e-02 |       6.093293e-01 |       6.055087e-01 |   2.808647e+01 |   2.800257e+01 |  -1.400000e+00 |
+----------------+--------------------+--------------------+----------------+----------------+----------------+


Time Step 100, time = 0.1, dt = 0.001
 * Nonlinear |R| = [32m1.967933e-02[39m (Before preset BCs, predictors, correctors, and constraints)
 0 Nonlinear |R| = [32m1.967933e-02[39m
      0 Linear |R| = [32m1.967933e-02[39m
      1 Linear |R| = [32m1.230962e-03[39m
      2 Linear |R| = [33m1.207366e-03[39m
      3 Linear |R| = [32m3.575569e-04[39m
      4 Linear |R| = [32m3.010728e-05[39m
      5 Linear |R| = [32m1.585429e-05[39m
      6 Linear |R| = [32m5.006507e-06[39m
      7 Linear |R| = [32m3.179027e-06[39m
      8 Linear |R| = [32m8.695406e-07[39m
      9 Linear |R| = [32m4.381251e-07[39m
     10 Linear |R| = [32m3.816613e-07[39m
     11 Linear |R| = [32m2.338103e-07[39m
     12 Linear |R| = [32m4.139424e-08[39m
     13 Linear |R| = [32m2.749250e-08[39m
     14 Linear |R| = [32m7.170040e-09[39m
     15 Linear |R| = [32m6.360160e-09[39m
     16 Linear |R| = [32m3.041903e-09[39m
     17 Linear |R| = [32m1.487832e-09[39m
     18 Linear |R| = [32m3.189786e-10[39m
     19 Linear |R| = [32m1.974290e-10[39m
     20 Linear |R| = [32m1.778682e-10[39m
     21 Linear |R| = [32m5.933302e-11[39m
     22 Linear |R| = [32m2.783948e-11[39m
     23 Linear |R| = [32m1.619895e-11[39m
 1 Nonlinear |R| = [32m1.294303e-06[39m
      0 Linear |R| = [32m1.294303e-06[39m
      1 Linear |R| = [32m4.314228e-08[39m
      2 Linear |R| = [32m3.906776e-08[39m
      3 Linear |R| = [32m1.002986e-08[39m
      4 Linear |R| = [32m8.646275e-10[39m
      5 Linear |R| = [32m7.625777e-10[39m
      6 Linear |R| = [32m1.871826e-10[39m
      7 Linear |R| = [32m1.137545e-10[39m
      8 Linear |R| = [32m2.899349e-11[39m
      9 Linear |R| = [32m1.593988e-11[39m
     10 Linear |R| = [33m1.567051e-11[39m
     11 Linear |R| = [32m7.969379e-12[39m
     12 Linear |R| = [32m2.144590e-12[39m
     13 Linear |R| = [32m1.402936e-12[39m
     14 Linear |R| = [32m2.837046e-13[39m
     15 Linear |R| = [33m2.836431e-13[39m
     16 Linear |R| = [32m1.414435e-13[39m
     17 Linear |R| = [32m5.618460e-14[39m
     18 Linear |R| = [32m1.604531e-14[39m
     19 Linear |R| = [32m9.280751e-15[39m
     20 Linear |R| = [33m9.141578e-15[39m
     21 Linear |R| = [32m1.788887e-15[39m
     22 Linear |R| = [32m9.718731e-16[39m
 2 Nonlinear |R| = [32m2.411758e-12[39m
[32m Solve Converged![39m

Postprocessor Values:
+----------------+----------------+----------------+----------------+----------------+----------------+----------------+
| time           | J_max          | J_min          | Jbar_max       | Jbar_min       | center_pressure| edge_ux        |
+----------------+----------------+----------------+----------------+----------------+----------------+----------------+
:                :                :                :                :                :                :                :
|   8.600000e-02 |   9.807440e-01 |   9.742444e-01 |   9.900671e-01 |   9.892716e-01 |   1.320579e-01 |   4.173485e-03 |
|   8.700000e-02 |   9.807031e-01 |   9.742349e-01 |   9.900597e-01 |   9.892678e-01 |   1.314268e-01 |   4.137677e-03 |
|   8.800000e-02 |   9.806623e-01 |   9.742253e-01 |   9.900523e-01 |   9.892640e-01 |   1.307988e-01 |   4.102038e-03 |
|   8.900000e-02 |   9.806217e-01 |   9.742158e-01 |   9.900449e-01 |   9.892603e-01 |   1.301739e-01 |   4.066565e-03 |
|   9.000000e-02 |   9.805812e-01 |   9.742064e-01 |   9.900375e-01 |   9.892566e-01 |   1.295520e-01 |   4.031259e-03 |
|   9.100000e-02 |   9.805410e-01 |   9.741969e-01 |   9.900302e-01 |   9.892529e-01 |   1.289331e-01 |   3.996119e-03 |
|   9.200000e-02 |   9.805009e-01 |   9.741875e-01 |   9.900230e-01 |   9.892492e-01 |   1.283171e-01 |   3.961144e-03 |
|   9.300000e-02 |   9.804609e-01 |   9.741781e-01 |   9.900157e-01 |   9.892456e-01 |   1.277042e-01 |   3.926333e-03 |
|   9.400000e-02 |   9.804212e-01 |   9.741687e-01 |   9.900085e-01 |   9.892420e-01 |   1.270942e-01 |   3.891687e-03 |
|   9.500000e-02 |   9.803816e-01 |   9.741594e-01 |   9.900014e-01 |   9.892384e-01 |   1.264871e-01 |   3.857203e-03 |
|   9.600000e-02 |   9.803422e-01 |   9.741501e-01 |   9.899942e-01 |   9.892348e-01 |   1.258829e-01 |   3.822882e-03 |
|   9.700000e-02 |   9.803030e-01 |   9.741408e-01 |   9.899872e-01 |   9.892313e-01 |   1.252816e-01 |   3.788723e-03 |
|   9.800000e-02 |   9.802639e-01 |   9.741316e-01 |   9.899801e-01 |   9.892278e-01 |   1.246832e-01 |   3.754725e-03 |
|   9.900000e-02 |   9.802250e-01 |   9.741224e-01 |   9.899731e-01 |   9.892243e-01 |   1.240877e-01 |   3.720887e-03 |
|   1.000000e-01 |   9.801863e-01 |   9.741132e-01 |   9.899661e-01 |   9.892208e-01 |   1.234949e-01 |   3.687209e-03 |
+----------------+----------------+----------------+----------------+----------------+----------------+----------------+
+----------------+----------------+----------------+------------------+----------------+----------------+
| time           | mass           | mass_reaction  | outflow_gradient | platen_max     | platen_min     |
+----------------+----------------+----------------+------------------+----------------+----------------+
:                :                :                :                  :                :                :
|   8.600000e-02 |   1.569036e+00 |  -2.582273e-01 |     1.343516e-01 |  -4.512924e-02 |  -4.512924e-02 |
|   8.700000e-02 |   1.568779e+00 |  -2.569451e-01 |     1.336875e-01 |  -4.516467e-02 |  -4.516467e-02 |
|   8.800000e-02 |   1.568524e+00 |  -2.556715e-01 |     1.330278e-01 |  -4.519992e-02 |  -4.519992e-02 |
|   8.900000e-02 |   1.568269e+00 |  -2.544061e-01 |     1.323723e-01 |  -4.523501e-02 |  -4.523501e-02 |
|   9.000000e-02 |   1.568016e+00 |  -2.531490e-01 |     1.317209e-01 |  -4.526992e-02 |  -4.526992e-02 |
|   9.100000e-02 |   1.567764e+00 |  -2.518999e-01 |     1.310736e-01 |  -4.530466e-02 |  -4.530466e-02 |
|   9.200000e-02 |   1.567513e+00 |  -2.506586e-01 |     1.304303e-01 |  -4.533924e-02 |  -4.533924e-02 |
|   9.300000e-02 |   1.567264e+00 |  -2.494250e-01 |     1.297910e-01 |  -4.537364e-02 |  -4.537364e-02 |
|   9.400000e-02 |   1.567016e+00 |  -2.481989e-01 |     1.291554e-01 |  -4.540788e-02 |  -4.540788e-02 |
|   9.500000e-02 |   1.566769e+00 |  -2.469803e-01 |     1.285237e-01 |  -4.544196e-02 |  -4.544196e-02 |
|   9.600000e-02 |   1.566523e+00 |  -2.457690e-01 |     1.278957e-01 |  -4.547586e-02 |  -4.547586e-02 |
|   9.700000e-02 |   1.566278e+00 |  -2.445649e-01 |     1.272713e-01 |  -4.550961e-02 |  -4.550961e-02 |
|   9.800000e-02 |   1.566035e+00 |  -2.433678e-01 |     1.266506e-01 |  -4.554319e-02 |  -4.554319e-02 |
|   9.900000e-02 |   1.565793e+00 |  -2.421776e-01 |     1.260333e-01 |  -4.557661e-02 |  -4.557661e-02 |
|   1.000000e-01 |   1.565552e+00 |  -2.409943e-01 |     1.254196e-01 |  -4.560987e-02 |  -4.560987e-02 |
+----------------+----------------+----------------+------------------+----------------+----------------+
+----------------+--------------------+--------------------+----------------+----------------+----------------+
| time           | solid_fraction_max | solid_fraction_min | stability_max  | stability_min  | top_reaction   |
+----------------+--------------------+--------------------+----------------+----------------+----------------+
:                :                    :                    :                :                :                :
|   8.600000e-02 |       6.092809e-01 |       6.052173e-01 |   2.809191e+01 |   2.800274e+01 |  -1.400000e+00 |
|   8.700000e-02 |       6.092847e-01 |       6.052403e-01 |   2.809148e+01 |   2.800273e+01 |  -1.400000e+00 |
|   8.800000e-02 |       6.092885e-01 |       6.052632e-01 |   2.809106e+01 |   2.800272e+01 |  -1.400000e+00 |
|   8.900000e-02 |       6.092922e-01 |       6.052859e-01 |   2.809063e+01 |   2.800270e+01 |  -1.400000e+00 |
|   9.000000e-02 |       6.092960e-01 |       6.053086e-01 |   2.809021e+01 |   2.800269e+01 |  -1.400000e+00 |
|   9.100000e-02 |       6.092998e-01 |       6.053312e-01 |   2.808979e+01 |   2.800268e+01 |  -1.400000e+00 |
|   9.200000e-02 |       6.093035e-01 |       6.053537e-01 |   2.808937e+01 |   2.800266e+01 |  -1.400000e+00 |
|   9.300000e-02 |       6.093072e-01 |       6.053762e-01 |   2.808895e+01 |   2.800265e+01 |  -1.400000e+00 |
|   9.400000e-02 |       6.093109e-01 |       6.053985e-01 |   2.808853e+01 |   2.800264e+01 |  -1.400000e+00 |
|   9.500000e-02 |       6.093146e-01 |       6.054207e-01 |   2.808811e+01 |   2.800262e+01 |  -1.400000e+00 |
|   9.600000e-02 |       6.093183e-01 |       6.054429e-01 |   2.808770e+01 |   2.800261e+01 |  -1.400000e+00 |
|   9.700000e-02 |       6.093220e-01 |       6.054649e-01 |   2.808729e+01 |   2.800260e+01 |  -1.400000e+00 |
|   9.800000e-02 |       6.093257e-01 |       6.054869e-01 |   2.808688e+01 |   2.800259e+01 |  -1.400000e+00 |
|   9.900000e-02 |       6.093293e-01 |       6.055087e-01 |   2.808647e+01 |   2.800257e+01 |  -1.400000e+00 |
|   1.000000e-01 |       6.093329e-01 |       6.055305e-01 |   2.808606e+01 |   2.800256e+01 |  -1.400000e+00 |
+----------------+--------------------+--------------------+----------------+----------------+----------------+

Finished Executing                                                                       [[33m389.75 s[39m] [[33m  154 MB[39m]
