time,B_anisotropy,B_par,B_per,J_max,J_min,Jbar_max,Jbar_min,center_pressure,edge_ux,ln_h_max,ln_h_min,mass,mass_reaction,outflow_gradient,platen_max,platen_min,right_reaction,solid_fraction_max,solid_fraction_min,stability_max,stability_min,top_displacement,top_reaction
0,-0.037912063065438,0.57737298283364,0.61528504589908,1,1,1,1,0,0,-0,-0,0.01,0,0,0,0,0,0.9,0.9,2.5,2.5,0,0
0.00125,-0.037912063065438,0.57737298283364,0.61528504589908,0.99999773856683,0.99999135127148,0.99999691195497,0.99999603075201,9.2503729074387e-06,1.8046947073556e-22,9.555821590902e-07,3.7679017592043e-07,0.0099999710048888,-2.3196088944843e-05,1.9066905950109e-05,-3.2932360790305e-07,-5.5907349759733e-07,-6.9887098802342e-07,0.9000042115689,0.89999925604765,2.5,2.5,-3.6741934131793e-07,-1.2500000000003e-05
0.0025,-0.037912063065438,0.57737298283364,0.61528504589908,0.9999955318589,0.99998247421659,0.99999384111895,0.99999199319721,1.8537985225543e-05,3.5416364905346e-22,1.8302025047863e-06,7.5017331544448e-07,0.0099999278872356,-3.449412256312e-05,3.0127985141828e-05,-6.6260439519571e-07,-1.1403651967012e-06,-1.3815535468161e-06,0.90000856723271,0.89999847832725,2.5,2.5,-7.4563096878893e-07,-2.4999999999995e-05
0.00375,-0.037912063065438,0.57737298283364,0.61528504589908,0.99999334532722,0.99997352198126,0.99999078808836,0.99998793336039,2.7786910471788e-05,5.2439795658192e-22,2.6693060560172e-06,1.1211568658737e-06,0.009999874273029,-4.2891365296321e-05,3.8456179805814e-05,-9.9887279511976e-07,-1.7307705962727e-06,-2.0522114126934e-06,0.90001297058465,0.89999769846971,2.5,2.5,-1.131859058206e-06,-3.7500000000006e-05
0.005,-0.037912063065438,0.57737298283364,0.61528504589908,0.99999117189821,0.99996454065694,0.99998775057176,0.99998386642224,3.699289487047e-05,6.9203892217185e-22,3.5095931796737e-06,1.4901916134025e-06,0.009999811989624,-4.9826723989859e-05,4.5364221474583e-05,-1.3376461493263e-06,-2.3264137053084e-06,-2.7129371968527e-06,0.90001739380555,0.89999692077901,2.5,2.5,-1.5247085354306e-06,-4.9999999999997e-05
0.00625,-0.037912063065438,0.57737298283364,0.61528504589908,0.99998900893247,0.99995554960214,0.99998472668308,0.99997979888976,4.6159022547122e-05,8.574534262879e-22,4.3389578729222e-06,1.8575478477873e-06,0.0099997421785271,-5.5848877533198e-05,5.1374885242881e-05,-1.6786193168435e-06,-2.9256288068688e-06,-3.3650372828215e-06,0.900021825329,0.89999614593318,2.5,2.5,-1.9233084781188e-06,-6.25e-05
0.0075,-0.037912063065438,0.57737298283364,0.61528504589908,0.99998685484741,0.99994655851805,0.99998171501917,0.99997573400465,5.5288376224367e-05,1.0208534483323e-21,5.1597797776249e-06,2.223414566098e-06,0.0099996656380107,-6.1232413089026e-05,5.6754438904146e-05,-2.0215799376792e-06,-3.5275305118845e-06,-4.0094252324168e-06,0.90002625934127,0.89999537409377,2.5,2.5,-2.3270498450555e-06,-7.5e-05
0.00875,-0.037912063065438,0.57737298283364,0.61528504589908,0.99998470839123,0.99993757280253,0.99997871451505,0.9999716735341,6.4383198916892e-05,1.1823856743709e-21,5.973575073254e-06,2.5879368668399e-06,0.0099995829662789,-6.6137385497706e-05,6.1659487334649e-05,-2.3663744756452e-06,-4.131581606209e-06,-4.6467857419136e-06,0.90003069257447,0.89999460542894,2.5,2.5,-2.7354761720588e-06,-8.7499999999997e-05
0.01,-0.037912063065438,0.57737298283364,0.61528504589908,0.99998256841242,0.99992859566281,0.99997572433697,0.99996761849365,7.344490376158e-05,1.3421625434862e-21,6.7813894472646e-06,2.9512338553537e-06,0.0099994946330258,-7.0666602421369e-05,6.6191161728823e-05,-2.7128913242227e-06,-4.7374257364022e-06,-5.2776565087044e-06,0.9000351230557,0.89999384022473,2.5,2.5,-3.1482289941955e-06,-0.0001
0.01125,-0.037912063065438,0.57737298283364,0.61528504589908,0.99998269519205,0.99992827781261,0.99997583186083,0.99996753872967,7.3223795157511e-05,1.3198061228975e-21,6.6498273112746e-06,2.9366182700158e-06,0.0099994300147667,-5.1694607285013e-05,5.1352282099405e-05,-2.7317274853395e-06,-4.7857374628597e-06,-5.203603240975e-06,0.90003533735983,0.899993822895,2.5,2.5,-3.1975978393498e-06,-9.9999999999994e-05
0.0125,-0.037912063065438,0.57737298283364,0.61528504589908,0.99998277136977,0.99992820010649,0.99997593128582,0.99996753365308,7.2933036971987e-05,1.3026385517321e-21,6.5680607170424e-06,2.9243797823458e-06,0.0099993745566051,-4.4366529306066e-05,4.4266037235629e-05,-2.7481958710504e-06,-4.8131852632826e-06,-5.1400491376616e-06,0.90003540273384,0.89999384381838,2.5,2.5,-3.2399672415582e-06,-0.00010000000000001
0.01375,-0.037912063065438,0.57737298283364,0.61528504589908,0.99998283022183,0.99992821019887,0.99997602156309,0.99996755743899,7.2648022236309e-05,1.2874114649961e-21,6.5403768103734e-06,2.9135963837276e-06,0.0099993249024471,-3.9723326407904e-05,3.9697380684194e-05,-2.7632337411376e-06,-4.832729907513e-06,-5.0831395753117e-06,0.90003541505855,0.89999387210192,2.5,2.5,-3.2779069497934e-06,-9.9999999999994e-05
0.015,-0.037912063065438,0.57737298283364,0.61528504589908,0.99998287747547,0.99992826250166,0.99997610460627,0.99996759500933,7.2371989628662e-05,1.2733174753071e-21,6.534276710139e-06,2.9038977423813e-06,0.009999279457926,-3.635561688724e-05,3.6362895421049e-05,-2.7773088837987e-06,-4.8481335174351e-06,-5.0310488215679e-06,0.90003540179653,0.89999390431334,2.5,2.5,-3.3126341189556e-06,-9.9999999999989e-05
0.01625,-0.037912063065438,0.57737298283364,0.61528504589908,0.99998291435872,0.99992833796065,0.99997618198358,0.9999676398959,7.2100440704123e-05,1.260042543811e-21,6.5274119411543e-06,2.8950901987076e-06,0.0099992372853147,-3.3738089047687e-05,3.3763033003578e-05,-2.7907257670318e-06,-4.8609694268402e-06,-4.9827039428745e-06,0.90003537427672,0.89999394075884,2.5,2.5,-3.3448640380816e-06,-0.00010000000000001
0.0175,-0.037912063065438,0.57737298283364,0.61528504589908,0.99998294099327,0.99992842704252,0.9999762548291,0.99996768885328,7.1828560464786e-05,1.2474223795652e-21,6.5193459312357e-06,2.8870581699454e-06,0.0099991977665342,-3.1615024381061e-05,3.1650297969588e-05,-2.8037074164038e-06,-4.8720465847981e-06,-4.9373978313243e-06,0.90003533815894,0.89999398234959,2.5,2.5,-3.3750681124518e-06,-9.9999999999999e-05
0.01875,-0.037912063065438,0.57737298283364,0.61528504589908,0.9999829571394,0.99992852442203,0.99997632397862,0.99996774008183,7.1552133420748e-05,1.2353536812903e-21,6.5105428902506e-06,2.8797270274199e-06,0.0099991604642046,-2.984186365401e-05,2.9883513612394e-05,-2.8164268378608e-06,-4.8818379047284e-06,-4.8946300721673e-06,0.90003529661667,0.89999403005356,2.5,2.5,-3.4035799518869e-06,-0.0001
0.02,-0.037912063065438,0.57737298283364,0.61528504589908,0.99998296244625,0.99992862689729,0.9999763900693,0.99996779251419,7.1267605752046e-05,1.2237637416658e-21,6.5012840968254e-06,2.8730452663322e-06,0.009999125053318,-2.8328709247072e-05,2.8374410767298e-05,-2.8290216829069e-06,-4.8906448868217e-06,-4.854028774942e-06,0.90003525157122,0.89999408475996,2.5,2.5,-3.4306474833732e-06,-0.0001
0.02125,-0.037912063065438,0.57737298283364,0.61528504589908,0.99998295657167,0.9999287324405,0.99997645360048,0.99996784548702,7.097205581985e-05,1.2125976133099e-21,6.4917488053126e-06,2.8669746767194e-06,0.0099990912835443,-2.7015819007487e-05,2.7064119058937e-05,-2.8416020298593e-06,-4.8986721119409e-06,-4.8153074645141e-06,0.90003520425079,0.89999414722617,2.5,2.5,-3.4564616903238e-06,-9.9999999999995e-05
0.0225,-0.037912063065438,0.57737298283364,0.61528504589908,0.99998293924858,0.99992883971801,0.99997651497094,0.9999678985746,7.0663161443281e-05,1.201811780862e-21,6.4820555427055e-06,2.8614845384618e-06,0.0099990589566766,-2.5861494157807e-05,2.5911443357164e-05,-2.8542550808877e-06,-4.9060650765312e-06,-4.7782392886732e-06,0.90003515547261,0.89999421805148,2.5,2.5,-3.4811738075513e-06,-9.9999999999995e-05
0.02375,-0.037912063065438,0.57737298283364,0.61528504589908,0.9999829103205,0.99992894782792,0.999976574503,0.99996795149773,7.033916427002e-05,1.1913706546701e-21,6.4722848489766e-06,2.8565481129658e-06,0.009999027912294,-2.4835506115988e-05,2.4886463183647e-05,-2.8670484510685e-06,-4.9129311279862e-06,-4.7426406210063e-06,0.90003510579717,0.8999942976668,2.5,2.5,-3.5049062526647e-06,-0.00010000000000001
0.025,-0.037912063065438,0.57737298283364,0.61528504589908,0.99998286975647,0.99992905614784,0.9999766324589,0.99996800407109,6.9998826615846e-05,1.1812444457266e-21,6.4624925598149e-06,2.8521405489757e-06,0.0099989980182079,-2.3915268842798e-05,2.3966789539031e-05,-2.8800328147644e-06,-4.9193518407391e-06,-4.7083601347021e-06,0.90003505561791,0.89999438633602,2.5,2.5,-3.5277599101955e-06,-0.00010000000000001
0.02625,-0.037912063065438,0.57737298283364,0.61528504589908,0.99998281765175,0.99992916424204,0.99997668905268,0.99996805617125,6.9641380156526e-05,1.1714077848209e-21,6.4527179378271e-06,2.8482376921738e-06,0.0099989691638533,-2.30834836721e-05,2.3135254299014e-05,-2.8932442425773e-06,-4.9253907275202e-06,-4.6752712429004e-06,0.90003500521591,0.89999448416606,2.5,2.5,-3.5498191714007e-06,-9.999999999998e-05
0.0275,-0.037912063065438,0.57737298283364,0.61528504589908,0.99998275421926,0.99992927180273,0.99997674445914,0.99996810771653,6.9266468665937e-05,1.1618387749581e-21,6.4429888445039e-06,2.8448154760755e-06,0.0099989412555727,-2.232662445549e-05,2.237842031002e-05,-2.906706353627e-06,-4.9310982543606e-06,-4.643266704455e-06,0.90003495479471,0.89999459112261,2.5,2.5,-3.5711555303619e-06,-0.00010000000000001
0.02875,-0.037912063065438,0.57737298283364,0.61528504589908,0.99998267977539,0.99992937861167,0.99997679882093,0.99996815865399,6.8874088038525e-05,1.1525183125362e-21,6.4333251357553e-06,2.8418496808624e-06,0.009998914213164,-2.163392698145e-05,2.1685585470317e-05,-2.9204323127286e-06,-4.9365152201995e-06,-4.6122546746895e-06,0.90003490450309,0.89999470704931,2.5,2.5,-3.5918302168738e-06,-0.00010000000000001
0.03,-0.037912063065438,0.57737298283364,0.61528504589908,0.9999825947231,0.99992948451431,0.99997685225426,0.99996820895064,6.8464526754945e-05,1.1434295840916e-21,6.4237409512538e-06,2.8393159148027e-06,0.0099988879672967,-2.0996693860862e-05,2.1048096585706e-05,-2.934426665184e-06,-4.9416751038103e-06,-4.5821557498835e-06,0.90003485445048,0.89999483168809,2.5,2.5,-3.6118961667458e-06,-9.9999999999987e-05
0.03125,-0.037912063065438,0.57737298283364,0.61528504589908,0.99998249953414,0.99992958940206,0.99997690485357,0.9999682585876,6.8038309329571e-05,1.1345576827811e-21,6.4142462932566e-06,2.8371897214662e-06,0.0099988624575419,-2.040780379703e-05,2.045886431623e-05,-2.9486869937345e-06,-4.9466057359499e-06,-4.5529007135365e-06,0.9000348047176,0.89999496469936,2.5,2.5,-3.6313995243089e-06,-0.0001
0.0325,-0.037912063065438,0.57737298283364,0.61528504589908,0.99998239473202,0.99992969319988,0.99997695669542,0.99996830755589,6.7596144492604e-05,1.1258893094851e-21,6.4048481363956e-06,2.8354467472261e-06,0.0099988376308453,-1.9861357291842e-05,1.9912012581035e-05,-2.9632053865686e-06,-4.9513305174979e-06,-4.5244287892287e-06,0.90003475536395,0.89999510568089,2.5,2.5,-3.650380807179e-06,-0.0001
0.03375,-0.037912063065438,0.57737298283364,0.61528504589908,0.99998228087616,0.99992979585739,0.99997700784172,0.99996835585364,6.7138879118018e-05,1.1174125353898e-21,6.3955512209337e-06,2.8340629281443e-06,0.0099988134403256,-1.9352415816738e-05,1.9402620200248e-05,-2.9779697135775e-06,-4.9558693242161e-06,-4.4966862664398e-06,0.90003470643316,0.89999525418492,2.5,2.5,-3.6688758223752e-06,-0.0001
0.035,-0.037912063065438,0.57737298283364,0.61528504589908,0.99998215854812,0.99992989734246,0.99997705834244,0.99996840348394,6.6667458301264e-05,1.1091166104617e-21,6.3863586278575e-06,2.8330146706175e-06,0.0099987898443175,-1.8876806472911e-05,1.8926527242867e-05,-2.9929647161744e-06,-4.9602391903293e-06,-4.4696254056595e-06,0.90003465795695,0.89999540973299,2.5,2.5,-3.6869163962259e-06,-9.9999999999999e-05
0.03625,-0.037912063065438,0.57737298283364,0.61528504589908,0.99998202833971,0.99992999763653,0.99997710823778,0.99996845045341,6.618289154361e-05,1.1009918068502e-21,6.3772722007531e-06,2.8322790120828e-06,0.0099987668056006,-1.8430973463627e-05,1.8480187673289e-05,-3.008172922322e-06,-4.964454832904e-06,-4.4432035559631e-06,0.90003460995796,0.89999557182869,2.5,2.5,-3.7045309626919e-06,-0.0001
0.0375,-0.037912063065438,0.57737298283364,0.61528504589908,0.99998189084315,0.99993009673115,0.99997715756006,0.99996849677107,6.5686224701314e-05,1.0930292892709e-21,6.3682928585768e-06,2.8318337546144e-06,0.0099987442907711,-1.8011863620698e-05,1.806055571034e-05,-3.0235754024947e-06,-4.9685290595556e-06,-4.417382436141e-06,0.90003456245196,0.89999573996808,2.5,2.5,-3.7217450425736e-06,-0.00010000000000001
0.03875,-0.037912063065438,0.57737298283364,0.61528504589908,0.99998174664317,0.99993019462534,0.99997720633524,0.99996854244763,6.5178517180184e-05,1.0852210066697e-21,6.3594208296726e-06,2.831657569727e-06,0.0099987222697247,-1.761683710193e-05,1.7664997122287e-05,-3.039152384369e-06,-4.9724730893919e-06,-4.392127543601e-06,0.90003451544942,0.89999591364827,2.5,2.5,-3.7385816375978e-06,-9.9999999999987e-05
0.04,-0.037912063065438,0.57737298283364,0.61528504589908,0.99998159631075,0.99993029132374,0.99997725458415,0.9999685874948,6.4660823770081e-05,1.0775596008146e-21,6.3506558279811e-06,2.8317300751753e-06,0.0099987007152285,-1.7243596954358e-05,1.7291219226264e-05,-3.0548837446291e-06,-4.9762968084254e-06,-4.3674076639474e-06,0.90003446895674,0.89999609237415,2.5,2.5,-3.7550615573672e-06,-0.00010000000000001
0.04125,-0.037912063065438,0.57737298283364,0.61528504589908,0.99998144039835,0.99993038683504,0.99997730232352,0.99996863192496,6.4134180492199e-05,1.0700383285312e-21,6.3419971864288e-06,2.8320318861574e-06,0.0099986796025623,-1.6890133000957e-05,1.6937215096299e-05,-3.0707493956483e-06,-4.9800089749299e-06,-4.3431944607591e-06,0.90003442297723,0.89999627566353,2.5,2.5,-3.7712036928285e-06,-9.9999999999982e-05
0.0425,-0.037912063065438,0.57737298283364,0.61528504589908,0.99998127943648,0.99993048117091,0.99997734956683,0.99996867575082,6.3599593852967e-05,1.0626509950528e-21,6.3334439586465e-06,2.8325446443824e-06,0.0099986589092164,-1.6554676726548e-05,1.6601218688928e-05,-3.0867295836218e-06,-4.983617386074e-06,-4.3194621298904e-06,0.9000343775118,0.8999964630511,2.5,2.5,-3.7870252467405e-06,-0.00010000000000001
0.04375,-0.037912063065438,0.57737298283364,0.61528504589908,0.99998111393129,0.99993057434518,0.999977396325,0.99996871898516,6.3058032942249e-05,1.0553918964991e-21,6.3249949963983e-06,2.833251028236e-06,0.0099986386146355,-1.6235664699177e-05,1.6281668444773e-05,-3.102805113048e-06,-4.9871290143156e-06,-4.2961871060822e-06,0.90003433255954,0.89999665409115,2.5,2.5,-3.8025419292784e-06,-0.0001
0.045,-0.037912063065438,0.57737298283364,0.61528504589908,0.99998094436299,0.99993066637312,0.9999774426069,0.99996876164069,6.2510423873485e-05,1.0482557699472e-21,6.3166490089244e-06,2.8341347475488e-06,0.0099986186999997,-1.5931708677553e-05,1.5977177532822e-05,-3.1189575107134e-06,-4.9905501199382e-06,-4.2733478122823e-06,0.90003428811813,0.89999684835946,2.5,2.5,-3.817768125145e-06,-0.0001
0.04625,-0.037912063065438,0.57737298283364,0.61528504589908,0.9999807711851,0.99993075727103,0.99997748841982,0.99996880372996,6.1957646125131e-05,1.0412377498245e-21,6.3084046082678e-06,2.8351805263843e-06,0.0099985991480359,-1.5641571001796e-05,1.5686509345809e-05,-3.1351691405232e-06,-4.9938863445892e-06,-4.2509244441627e-06,0.9000342441842,0.89999704545443,2.5,2.5,-3.832717037226e-06,-9.9999999999994e-05
0.0475,-0.037912063065438,0.57737298283364,0.61528504589908,0.99998059482411,0.99993084705577,0.99997753376983,0.99996884526521,6.1400530404896e-05,1.0343333296305e-21,6.3002603439894e-06,2.8363740760026e-06,0.0099985799428557,-1.5364144192621e-05,1.540855717967e-05,-3.1514232788598e-06,-4.9971427896029e-06,-4.2288987838056e-06,0.90003420075358,0.89999724499769,2.5,2.5,-3.8474008107952e-06,-0.00010000000000002
0.04875,-0.037912063065438,0.57737298283364,0.61528504589908,0.99998041567972,0.99993093574458,0.99997757866207,0.99996888625838,6.0839857717373e-05,1.0275383281857e-21,6.2922147294063e-06,2.8377020610444e-06,0.0099985610698133,-1.5098433926968e-05,1.5142327271436e-05,-3.1677041586035e-06,-5.0003240819993e-06,-4.2072540377591e-06,0.9000341578215,0.89999744663411,2.5,2.5,-3.8618306414927e-06,-9.9999999999999e-05
0.05,-0.037912063065438,0.57737298283364,0.61528504589908,0.99998023412532,0.99993102335477,0.99997762310095,0.99996892672101,6.0276359367127e-05,1.0208488597339e-21,6.2842662617666e-06,2.8391520604483e-06,0.0099985425153823,-1.4843544741799e-05,1.488692455122e-05,-3.1839969885825e-06,-5.0034344304696e-06,-4.1859746954929e-06,0.90003411538279,0.89999765003162,2.5,2.5,-3.8760168696706e-06,-9.9999999999997e-05
0.05125,-0.037912063065438,0.57737298283364,0.61528504589908,0.99998005050877,0.99993110990362,0.99997766709037,0.9999689666643,5.9710717677083e-05,1.0142613073433e-21,6.2764134372638e-06,2.8407125252093e-06,0.0099985242670474,-1.4598667955939e-05,1.4641540601776e-05,-3.200287954018e-06,-5.0064776731389e-06,-4.165046405168e-06,0.90003407343193,0.89999785488065,2.5,2.5,-3.8899690632232e-06,-0.0001
0.0525,-0.037912063065438,0.57737298283364,0.61528504589908,0.99997986515331,0.99993119540823,0.99997771063384,0.999969006099,5.9143567241038e-05,1.0077722991833e-21,6.2686547622469e-06,2.8423727339291e-06,0.0099985063132081,-1.4363071407047e-05,1.4405443424791e-05,-3.2165642025527e-06,-5.0094573185642e-06,-4.1444558640563e-06,0.90003403196325,0.89999806089343,2.5,2.5,-3.9036960906292e-06,-9.9999999999998e-05
0.05375,-0.037912063065438,0.57737298283364,0.61528504589908,0.99997967835868,0.99993127988547,0.99997775373457,0.99996904503551,5.8575496564402e-05,1.001378687268e-21,6.260988761507e-06,2.8441227475103e-06,0.0099984886430948,-1.4136090681757e-05,1.4177968694102e-05,-3.2328138195321e-06,-5.012376581105e-06,-4.1241907215512e-06,0.9000339909709,0.8999982678031,2.5,2.5,-3.9172061856308e-06,-0.0001
0.055,-0.037912063065438,0.57737298283364,0.61528504589908,0.99997949040222,0.99993136335186,0.99997779639563,0.99996908348379,5.8007049975441e-05,9.9507752835083e-22,6.25341398417e-06,2.8459533637278e-06,0.0099984712466928,-1.3917121581818e-05,1.3958512239873e-05,-3.2490257955228e-06,-5.0152384116132e-06,-4.1042394929128e-06,0.90003395044898,0.89999847536279,2.5,2.5,-3.9305070047252e-06,-0.00010000000000001
0.05625,-0.037912063065438,0.57737298283364,0.61528504589908,0.99997930154009,0.99993144582358,0.99997783861993,0.99996912145344,5.743872971386e-05,9.888660667525e-22,6.2459290078563e-06,2.8478560723554e-06,0.0099984541146758,-1.3705613618325e-05,1.3746523557069e-05,-3.2651899884404e-06,-5.0180455241677e-06,-4.0845914823259e-06,0.90003391039157,0.8999986833446,2.5,2.5,-3.943605678451e-06,-9.9999999999987e-05
0.0575,-0.037912063065438,0.57737298283364,0.61528504589908,0.99997911200846,0.99993152731642,0.99997788041033,0.99996915895367,5.6870998122758e-05,9.8274171879539e-22,6.2385324414819e-06,2.8498230114715e-06,0.0099984372383453,-1.350106436618e-05,1.3541500171022e-05,-3.2812970821677e-06,-5.0208004195091e-06,-4.065236714065e-06,0.90003387079275,0.89999889153853,2.5,2.5,-3.9565088572878e-06,-0.00010000000000001
0.05875,-0.037912063065438,0.57737298283364,0.61528504589908,0.99997892202469,0.99993160784578,0.99997792176965,0.99996919599335,5.630427988714e-05,9.7670205878343e-22,6.2312229268954e-06,2.8518469249227e-06,0.0099984206095771,-1.33030145419e-05,1.3342982723779e-05,-3.2973385431206e-06,-5.0235054056373e-06,-4.0461658707148e-06,0.90003383164663,0.89999909975149,2.5,2.5,-3.9692227528582e-06,-9.9999999999985e-05
0.06,-0.037912063065438,0.57737298283364,0.61528504589908,0.99997873178857,0.99993168742663,0.99997796270074,0.99996923258097,5.5738964274713e-05,9.7074480623373e-22,6.2239991397586e-06,2.8539211218498e-06,0.0099984042207725,-1.3111043691892e-05,1.3150550669643e-05,-3.3133065759241e-06,-5.026162616017e-06,-4.0273702374773e-06,0.90003379294738,0.89999930780623,2.5,2.5,-3.9817531750163e-06,-9.9999999999998e-05
0.06125,-0.037912063065438,0.57737298283364,0.61528504589908,0.99997854148341,0.99993176607357,0.99997800320644,0.99996926872472,5.5175407345602e-05,9.6486781429477e-22,6.2168597898899e-06,2.8560394376684e-06,0.0099983880648145,-1.2924766400904e-05,1.2963818488418e-05,-3.3291940790539e-06,-5.0287740257079e-06,-4.0088416520247e-06,0.90003375468925,0.89999951554033,2.5,2.5,-3.9941055653155e-06,-0.00010000000000001
0.0625,-0.037912063065438,0.57737298283364,0.61528504589908,0.99997835127715,0.99993184380075,0.99997804328963,0.99996930443246,5.4613934106844e-05,9.5906905921481e-22,6.2098036209337e-06,2.8581961973238e-06,0.0099983721350283,-1.2743828942478e-05,1.2782432340426e-05,-3.3449946011109e-06,-5.0313414657343e-06,-3.9905724590779e-06,0.90003371686655,0.89999972280523,2.5,2.5,-4.0062850272814e-06,-0.00010000000000001
0.06375,-0.037912063065438,0.57737298283364,0.61528504589908,0.99997816132345,0.99993192062196,0.99997808295325,0.99996933971175,5.4054840593092e-05,9.5334663072553e-22,6.2028294099447e-06,2.8603861803481e-06,0.0099983564251455,-1.256790631017e-05,1.2606067100748e-05,-3.3607022982103e-06,-5.0338666359079e-06,-3.9725554692312e-06,0.90003367947369,0.89999992946528,2.5,2.5,-4.0182963538473e-06,-9.9999999999988e-05
0.065,-0.037912063065438,0.57737298283364,0.61528504589908,0.99997797176265,0.99993199655061,0.99997812220027,0.99996937456988,5.3498395862245e-05,9.4769872327106e-22,6.1959359665139e-06,2.862604588048e-06,0.009998340929271,-1.2396699575949e-05,1.2434423720131e-05,-3.3763118928478e-06,-5.0363511163151e-06,-3.9547839215927e-06,0.90003364250515,0.90000013539684,2.5,2.5,-4.0301440522709e-06,-9.9999999999989e-05
0.06625,-0.037912063065438,0.57737298283364,0.61528504589908,0.99997778272276,0.9999320715997,0.99997816103374,0.99996940901386,5.2944843897032e-05,9.4212362800331e-22,6.1891221319227e-06,2.864847012624e-06,0.0099983256418541,-1.2229933532232e-05,1.2267226868852e-05,-3.391818634458e-06,-5.0387963776393e-06,-3.9372514498032e-06,0.90003360595554,0.90000034048745,2.5,2.5,-4.0418323667962e-06,-0.00010000000000001
0.0675,-0.037912063065438,0.57737298283364,0.61528504589908,0.99997759432035,0.99993214578192,0.99997819945675,0.99996944305046,5.2394405408715e-05,9.3661972543482e-22,6.1823867779064e-06,2.8671094083028e-06,0.0099983105576608,-1.2067354580479e-05,1.2104222826843e-05,-3.4072182618472e-06,-5.0412037904503e-06,-3.9199520510503e-06,0.90003356981954,0.90000054463496,2.5,2.5,-4.0533652993013e-06,-0.00010000000000001
0.06875,-0.037912063065438,0.57737298283364,0.61528504589908,0.99997740666137,0.99993221910958,0.99997823747243,0.9999694766862,5.184727954045e-05,9.3118547873545e-22,6.175728805652e-06,2.8693880642186e-06,0.0099982956717498,-1.1908728835269e-05,1.1945177588761e-05,-3.4225069675727e-06,-5.0435746336061e-06,-3.9028800577961e-06,0.90003353409193,0.90000074774685,2.5,2.5,-4.0647466281354e-06,-9.9999999999997e-05
0.07,-0.037912063065438,0.57737298283364,0.61528504589908,0.99997721984196,0.99993229159468,0.99997827508399,0.99996950992739,5.130364547041e-05,9.2581942758212e-22,6.169147144584e-06,2.8716795793066e-06,0.0099982809794493,-1.1753840417519e-05,1.1789875157902e-05,-3.4376813643146e-06,-5.0459101018391e-06,-3.8860301120169e-06,0.90003349876759,0.90000094973946,2.5,2.5,-4.0759799253238e-06,-9.9999999999996e-05
0.07125,-0.037912063065438,0.57737298283364,0.61528504589908,0.99997703394923,0.99993236324891,0.99997831229468,0.99996954278012,5.0763663916051e-05,9.2052018249284e-22,6.1626407511032e-06,2.8739808386458e-06,0.0099982664763369,-1.1602489913675e-05,1.1638116006092e-05,-3.4527384532316e-06,-5.0482113126472e-06,-3.8693971415438e-06,0.90003346384147,0.90000115053733,2.5,2.5,-4.0870685723026e-06,-0.00010000000000001
0.0725,-0.037912063065438,0.57737298283364,0.61528504589908,0.99997684906186,0.99993243408364,0.99997834910778,0.99996957525028,5.0227478542122e-05,9.1528641967379e-22,6.1562086075175e-06,2.876288991833e-06,0.0099982521582207,-1.1454492982724e-05,1.1489715680892e-05,-3.4676755942839e-06,-5.0504793125424e-06,-3.8529763385154e-06,0.90003342930865,0.90000135007259,2.5,2.5,-4.0980157743228e-06,-9.999999999999e-05
0.07375,-0.037912063065438,0.57737298283364,0.61528504589908,0.99997666525083,0.99993250410998,0.99997838552664,0.99996960734358,4.9695217275729e-05,9.1011687623096e-22,6.1498497208386e-06,2.8786014324389e-06,0.0099982380211218,-1.1309679093152e-05,1.1344503542964e-05,-3.4824904784565e-06,-5.0527150827473e-06,-3.8367631395285e-06,0.90003339516428,0.90000154828435,2.5,2.5,-4.1088245736469e-06,-0.00010000000000001
0.075,-0.037912063065438,0.57737298283364,0.61528504589908,0.99997648258,0.99993257333874,0.9999784215546,0.99996963906555,4.9166993532322e-05,9.0501034581808e-22,6.1435631216059e-06,2.8809157793533e-06,0.0099982240612588,-1.1167890376697e-05,1.1202321619777e-05,-3.4971811018278e-06,-5.0549195443791e-06,-3.8207532075254e-06,0.90003336140358,0.90000174511818,2.5,2.5,-4.1194978616508e-06,-9.9999999999996e-05
0.07625,-0.037912063065438,0.57737298283364,0.61528504589908,0.99997630110662,0.99993264178049,0.99997845719509,0.99996967042156,4.8642907356657e-05,8.9996567459718e-22,6.1373478628804e-06,2.8832298591921e-06,0.0099982102750331,-1.1028980585561e-05,1.1063023563018e-05,-3.5117457413975e-06,-5.0570935631758e-06,-3.8049424151064e-06,0.90003332802188,0.90000194052561,2.5,2.5,-4.1300383899296e-06,-0.0001
0.0775,-0.037912063065438,0.57737298283364,0.61528504589908,0.99997612088192,0.99993270944555,0.99997849245153,0.99996970141681,4.8123046483456e-05,8.9498175755249e-22,6.1312030191348e-06,2.8855416901525e-06,0.0099981966590154,-1.0892814143056e-05,1.0926473699089e-05,-3.5261829325975e-06,-5.0592379538234e-06,-3.7893268292558e-06,0.90003329501458,0.90000213446362,2.5,2.5,-4.1404487804959e-06,-9.9999999999996e-05
0.07875,-0.037912063065438,0.57737298283364,0.61528504589908,0.99997594195153,0.999932776344,0.99997852732738,0.99996973205638,4.760748732187e-05,8.9005753506675e-22,6.1251276853331e-06,2.887849467079e-06,0.0099981832099338,-1.0759265277467e-05,1.0792546163025e-05,-3.5404914483984e-06,-5.0613534839075e-06,-3.7739026972747e-06,0.90003326237716,0.90000232689425,2.5,2.5,-4.1507315351506e-06,-0.00010000000000001
0.08,-0.037912063065438,0.57737298283364,0.61528504589908,0.99997576435596,0.9999328424857,0.99997856182611,0.99996976234518,4.709629586866e-05,8.8519198979125e-22,6.1191209759718e-06,2.8901515474951e-06,0.0099981699246623,-1.0628217231592e-05,1.0661124107867e-05,-3.5546702799072e-06,-5.0634408775291e-06,-3.7586664338502e-06,0.90003323010518,0.90000251778415,2.5,2.5,-4.160889044099e-06,-9.9999999999998e-05
0.08125,-0.037912063065438,0.57737298283364,0.61528504589908,0.99997558813099,0.99993290788029,0.99997859595121,0.999969792288,4.6589528554016e-05,8.8038414376615e-22,6.113182024132e-06,2.8924464388428e-06,0.0099981568002104,-1.0499561539911e-05,1.0532098981732e-05,-3.5687186183948e-06,-5.0655008186184e-06,-3.7436146091899e-06,0.90003319819428,0.90000270710428,2.5,2.5,-4.1709235938743e-06,-9.9999999999984e-05
0.0825,-0.037912063065438,0.57737298283364,0.61528504589908,0.99997541330809,0.99993297253721,0.99997862970618,0.99996982188953,4.6087233024785e-05,8.7563305572882e-22,6.1073099806935e-06,2.8947327866408e-06,0.0099981438337136,-1.0373197367488e-05,1.0405369866647e-05,-3.582635838632e-06,-5.0675339539804e-06,-3.7287439380515e-06,0.90003316664016,0.90000289482946,2.5,2.5,-4.1808373746321e-06,-0.00010000000000002
0.08375,-0.037912063065438,0.57737298283364,0.61528504589908,0.9999752399147,0.99993303646571,0.99997866309454,0.9999698511543,4.5589448868909e-05,8.7093781869697e-22,6.1015040135551e-06,2.897009363527e-06,0.009998131022425,-1.0249030904638e-05,1.0280842872959e-05,-3.5964214834866e-06,-5.0695408960751e-06,-3.7140512697027e-06,0.9000331354386,0.90000308093815,2.5,2.5,-4.1906324868644e-06,-9.9999999999984e-05
0.085,-0.037912063065438,0.57737298283364,0.61528504589908,0.99997506797462,0.99993309967484,0.99997869611981,0.99996988008676,4.5096208285167e-05,8.6629755766336e-22,6.0957633068177e-06,2.899275059079e-06,0.0099981183637065,-1.012697481197e-05,1.0158430584329e-05,-3.610075249659e-06,-5.0715222255863e-06,-3.6995335786259e-06,0.90003310458543,0.90000326541208,2.5,2.5,-4.2003109475831e-06,-0.00010000000000001
0.08625,-0.037912063065438,0.57737298283364,0.61528504589908,0.99997489750832,0.9999331621735,0.99997872878549,0.99996990869125,4.4607536702063e-05,8.6171142754208e-22,6.0900870601137e-06,2.9015288705973e-06,0.0099981058550219,-1.0006947711807e-05,1.0038051548967e-05,-3.623596974519e-06,-5.0734784937697e-06,-3.685187955973e-06,0.90003307407657,0.90000344823602,2.5,2.5,-4.2098746960192e-06,-0.00010000000000001
0.0875,-0.037912063065438,0.57737298283364,0.61528504589908,0.99997472853312,0.9999332239704,0.99997876109512,0.999969936972,4.4123453349417e-05,8.5717861121201e-22,6.0844744880544e-06,2.9037698944082e-06,0.0099980934939297,-9.8888737212259e-06,9.9196298125683e-06,-3.6369866239272e-06,-5.0754102246136e-06,-3.6710116016871e-06,0.90003304390798,0.90000362939752,2.5,2.5,-4.2193255988741e-06,-9.9999999999983e-05
0.08875,-0.037912063065438,0.57737298283364,0.61528504589908,0.99997456106358,0.99993328507408,0.9999787930522,0.99996996493316,4.3643971785755e-05,8.5269831776342e-22,6.0789248193684e-06,2.9059973179328e-06,0.0099980812780772,-9.772682023696e-06,9.8030944896793e-06,-3.6502442810119e-06,-5.0773179168322e-06,-3.6570018172581e-06,0.9000330140757,0.90000380888665,2.5,2.5,-4.2286654551621e-06,-0.00010000000000001
0.09,-0.037912063065438,0.57737298283364,0.61528504589908,0.99997439511163,0.99993334549294,0.99997882466025,0.99996999257878,4.3169100385312e-05,8.4826978082749e-22,6.073437296619e-06,2.9082104123684e-06,0.0099980692051941,-9.6583064752164e-06,9.6883793699069e-06,-3.663370135798e-06,-5.0792020456908e-06,-3.6431559989835e-06,0.90003298457582,0.90000398669584,2.5,2.5,-4.2378960006764e-06,-9.9999999999993e-05
0.09125,-0.037912063065438,0.57737298283364,0.61528504589908,0.99997423068683,0.99993340523524,0.99997885592276,0.99997001991283,4.2698842786893e-05,8.4389225708748e-22,6.0680111754013e-06,2.9104085258794e-06,0.0099980572730875,-9.5456852428276e-06,9.575422556074e-06,-3.6763644756479e-06,-5.0810630646925e-06,-3.6294716318356e-06,0.90003295540449,0.90000416281961,2.5,2.5,-4.2470189121099e-06,-0.0001
0.0925,-0.037912063065438,0.57737298283364,0.61528504589908,0.99997406779659,0.99993346430906,0.99997888684322,0.99997004693919,4.2233198307967e-05,8.3956502485862e-22,6.0626457240057e-06,2.9125910774182e-06,0.0099980454796369,-9.4347604719623e-06,9.464166131629e-06,-3.6892276764497e-06,-5.0829014071247e-06,-3.6159462837166e-06,0.90003292655791,0.90000433725444,2.5,2.5,-4.2560358108573e-06,-9.9999999999991e-05
0.09375,-0.037912063065438,0.57737298283364,0.61528504589908,0.99997390644631,0.99993352272239,0.99997891742511,0.99997007366168,4.1772162326209e-05,8.352873827821e-22,6.0573402228744e-06,2.9147575508905e-06,0.0099980338227895,-9.325477980743e-06,9.3545558546934e-06,-3.7019601944921e-06,-5.0847174874916e-06,-3.6025776002083e-06,0.90003289803233,0.9000045099986,2.5,2.5,-4.2649482665264e-06,-0.00010000000000002
0.095,-0.037912063065438,0.57737298283364,0.61528504589908,0.99997374663958,0.99993358048305,0.99997894767188,0.99997010008403,4.1315726631198e-05,8.3105864866506e-22,6.0520939641281e-06,2.9169074899679e-06,0.0099980223005557,-9.2177869787719e-06,9.2465408767591e-06,-3.7145625589858e-06,-5.0865117028254e-06,-3.5893632997329e-06,0.90003286982408,0.90000468105196,2.5,2.5,-4.2737578001785e-06,-9.9999999999987e-05
0.09625,-0.037912063065438,0.57737298283364,0.61528504589908,0.99997358837835,0.99993363759875,0.999978977587,0.99997012620991,4.0863879748332e-05,8.2687815833435e-22,6.0469062512095e-06,2.9190404931318e-06,0.009998010911006,-9.1116398081774e-06,9.1400734836973e-06,-3.727035365165e-06,-5.0882844339028e-06,-3.5763011690143e-06,0.90003284192952,0.90000485041589,2.5,2.5,-4.2824658873239e-06,-0.0001
0.0975,-0.037912063065438,0.57737298283364,0.61528504589908,0.99997343166304,0.99993369407707,0.99997900717388,0.99997015204291,4.0416607237213e-05,8.2274526462919e-22,6.0417763984495e-06,2.9211562091297e-06,0.0099979996522663,-9.0069917056493e-06,9.0351088576145e-06,-3.7393792679417e-06,-5.0900360463564e-06,-3.5633890589681e-06,0.90003281434505,0.90000501809308,2.5,2.5,-4.2910739606873e-06,-0.0001
0.09875,-0.037912063065438,0.57737298283364,0.61528504589908,0.99997327649268,0.99993374992547,0.99997903643593,0.99997017758658,3.9973891966343e-05,8.1865933645044e-22,6.0367037307457e-06,2.9232543329165e-06,0.0099979885225156,-8.9038005829952e-06,8.9316048573497e-06,-3.751594976076e-06,-5.0917668917104e-06,-3.5506248808518e-06,0.90003278706714,0.90000518408746,2.5,2.5,-4.299583412766e-06,-9.9999999999995e-05
0.1,-0.037912063065438,0.57737298283364,0.61528504589908,0.99997312286506,0.99993380515131,0.99997906537654,0.99997020284437,3.9535714365964e-05,8.146197578826e-22,6.0316875831215e-06,2.9253346017864e-06,0.0099979775199821,-8.8020268253856e-06,8.8295218165715e-06,-3.7636832467895e-06,-5.0934773083317e-06,-3.5380066027106e-06,0.9000327600923,0.90000534840408,2.5,2.5,-4.3079955981927e-06,-0.00010000000000001
0.10125,-0.037912063065438,0.57737298283364,0.61528504589908,0.99997297077683,0.99993385976183,0.99997909399907,0.9999702278197,3.9102052660839e-05,8.1062592738649e-22,6.026727300502e-06,2.927396791829e-06,0.0099979666429407,-8.7016331053457e-06,8.7288223577845e-06,-3.7756448808303e-06,-5.0951676222992e-06,-3.5255322461164e-06,0.90003273341708,0.90000551104898,2.5,2.5,-4.3163118359229e-06,-9.9999999999993e-05
0.1025,-0.037912063065438,0.57737298283364,0.61528504589908,0.99997282022359,0.99993391376415,0.99997912230689,0.99997025251593,3.8672883084285e-05,8.0667725702621e-22,6.0218222374075e-06,2.9294407146801e-06,0.0099979558897104,-8.6025842115462e-06,8.6294712209713e-06,-3.7874807179225e-06,-5.0968381482226e-06,-3.513199883115e-06,0.90003270703808,0.90000567202914,2.5,2.5,-4.3245334112572e-06,-0.00010000000000001
0.10375,-0.037912063065438,0.57737298283364,0.61528504589908,0.99997267119999,0.99993396716531,0.99997915030329,0.99997027693635,3.8248180075202e-05,8.0277317180105e-22,6.0169717575728e-06,2.9314662146288e-06,0.0099979452586518,-8.5048468910783e-06,8.5314351057658e-06,-3.799191632593e-06,-5.0984891899827e-06,-3.5010076334283e-06,0.90003268095195,0.90000583135234,2.5,2.5,-4.3326615777129e-06,-9.9999999999987e-05
0.105,-0.037912063065438,0.57737298283364,0.61528504589908,0.99997252369985,0.99993401997222,0.99997917799159,0.99997030108421,3.7827916459139e-05,7.9891310897449e-22,6.0121752337513e-06,2.933473165736e-06,0.0099979347481647,-8.4083897040297e-06,8.4346825260455e-06,-3.8107785303278e-06,-5.1001210414216e-06,-3.488953661866e-06,0.90003265515538,0.90000598902713,2.5,2.5,-4.3406975587577e-06,-9.9999999999995e-05
0.10625,-0.037912063065438,0.57737298283364,0.61528504589908,0.99997237771618,0.99993407219173,0.99997920537505,0.99997032496271,3.7412063614807e-05,7.9509651748207e-22,6.0074320475122e-06,2.9354614693923e-06,0.0099979243566861,-8.3131828895288e-06,8.3391836758777e-06,-3.8222423440449e-06,-5.1017339869832e-06,-3.4770361758781e-06,0.90003262964509,0.90000614506273,2.5,2.5,-4.3486425494133e-06,-0.00010000000000001
0.1075,-0.037912063065438,0.57737298283364,0.61528504589908,0.99997223324133,0.99993412383055,0.99997923245693,0.999970348575,3.7000591627213e-05,7.9132285737972e-22,6.0027415888184e-06,2.9374310518742e-06,0.0099979140826883,-8.2191982424343e-06,8.2449103060497e-06,-3.833584030853e-06,-5.1033283022967e-06,-3.4652534233844e-06,0.90003260441786,0.90000629946896,2.5,2.5,-4.356497717744e-06,-0.0001
0.10875,-0.037912063065438,0.57737298283364,0.61528504589908,0.99997209026699,0.99993417489533,0.99997925924044,0.99997037192416,3.659346942821e-05,7.8759159931161e-22,5.9981032560266e-06,2.9393818623998e-06,0.009997903924677,-8.1264089993208e-06,8.1518356102064e-06,-3.8448045690806e-06,-5.1049042547214e-06,-3.4536036906508e-06,0.90003257947049,0.90000645225619,2.5,2.5,-4.3642642062333e-06,-0.0001
0.11,-0.037912063065438,0.57737298283364,0.61528504589908,0.99997194878428,0.99993422539263,0.99997928572877,0.99997039501326,3.6190664925761e-05,7.8390222404556e-22,5.9935164555464e-06,2.9413138708859e-06,0.0099978938811899,-8.0347897337793e-06,8.0599341198865e-06,-3.8559049555425e-06,-5.1064621038528e-06,-3.4420853004059e-06,0.90003255479985,0.90000660343527,2.5,2.5,-4.3719431330629e-06,-9.9999999999992e-05
0.11125,-0.037912063065438,0.57737298283364,0.61528504589908,0.99997180878385,0.9999342753289,0.9999793119251,0.9999704178453,3.5792145122579e-05,7.802542220152e-22,5.9889806016792e-06,2.9432270663194e-06,0.0099978839507945,-7.9443162595927e-06,7.9691816077834e-06,-3.8668862030356e-06,-5.1080021019784e-06,-3.4306966100516e-06,0.90003253040281,0.9000067530175,2.5,2.5,-4.3795355932976e-06,-9.9999999999991e-05
0.1125,-0.037912063065438,0.57737298283364,0.61528504589908,0.99997167025584,0.99993432471052,0.99997933783256,0.99997044042325,3.5397876225001e-05,7.7664709291645e-22,5.9844951163593e-06,2.9451214550213e-06,0.0099978741320876,-7.854965541627e-06,7.8795549985009e-06,-3.8777493380452e-06,-5.1095244945177e-06,-3.419436010023e-06,0.90003250627631,0.90000690101456,2.5,2.5,-4.3870426599855e-06,-0.00010000000000002
0.11375,-0.037912063065438,0.57737298283364,0.61528504589908,0.99997153319002,0.99993437354378,0.99997936345428,0.99997046275001,3.5007823743106e-05,7.7308034531033e-22,5.9800594290605e-06,2.9469970590952e-06,0.0099978644236931,-7.7667156134493e-06,7.7910322862921e-06,-3.8884953986341e-06,-5.111029520408e-06,-3.40830192223e-06,0.90003248241731,0.90000704743845,2.5,2.5,-4.39446538518e-06,-9.999999999999e-05
0.115,-0.037912063065438,0.57737298283364,0.61528504589908,0.99997139757578,0.9999344218349,0.99997938879332,0.99997048482849,3.4621952582274e-05,7.6955349625755e-22,5.9756729766188e-06,2.9488539150058e-06,0.0099978548242612,-7.6795455017713e-06,7.7035924591603e-06,-3.8991254325222e-06,-5.1125174124852e-06,-3.3972927986683e-06,0.90003245882282,0.9000071923015,2.5,2.5,-4.4018048008882e-06,-0.0001
0.11625,-0.037912063065438,0.57737298283364,0.61528504589908,0.99997126340221,0.99993446959,0.99997941385276,0.99997050666151,3.424022712748e-05,7.6606607100872e-22,5.971335203012e-06,2.9506920722844e-06,0.0099978453324673,-7.5934351560127e-06,7.6172154287774e-06,-3.9096404953107e-06,-5.113988397806e-06,-3.3864071200683e-06,0.90003243548987,0.9000073356163,2.5,2.5,-4.4090619199538e-06,-0.0001
0.1175,-0.037912063065438,0.57737298283364,0.61528504589908,0.99997113065808,0.99993451681514,0.99997943863561,0.99997052825189,3.3862611320225e-05,7.6261760266094e-22,5.9670455592811e-06,2.9525115923249e-06,0.0099978359470105,-7.50836538436e-06,7.5318819661357e-06,-3.9200416488728e-06,-5.1154426979807e-06,-3.3756433946843e-06,0.90003241241554,0.90000747739565,2.5,2.5,-4.4162377368773e-06,-0.0001
0.11875,-0.037912063065438,0.57737298283364,0.61528504589908,0.99997099933195,0.99993456351629,0.99997946314489,0.99997054960238,3.3489068729431e-05,7.5920763188063e-22,5.9628035033189e-06,2.9543125472851e-06,0.0099978266666133,-7.4243177935896e-06,7.4475736416364e-06,-3.9303299598695e-06,-5.1168805294541e-06,-3.3650001571307e-06,0.90003238959694,0.90000761765256,2.5,2.5,-4.4233332285797e-06,-9.9999999999986e-05
0.12,-0.037912063065438,0.57737298283364,0.61528504589908,0.99997086941215,0.99993460969936,0.99997948738355,0.99997057071571,3.3119562615963e-05,7.5583570664084e-22,5.9586084997021e-06,2.956095019045e-06,0.0099978174900199,-7.3412747346586e-06,7.3642727704135e-06,-3.9405064984035e-06,-5.1183021037792e-06,-3.3544759673292e-06,0.9000323670312,0.90000775640021,2.5,2.5,-4.4303493551133e-06,-0.0001
0.12125,-0.037912063065438,0.57737298283364,0.61528504589908,0.99997074088681,0.99993465537017,0.99997951135455,0.99997059159457,3.2754055991988e-05,7.5250138194568e-22,5.9544600197431e-06,2.957859098302e-06,0.0099978084159958,-7.2592192515452e-06,7.2819623613577e-06,-3.9505723367756e-06,-5.1197076278649e-06,-3.344069409514e-06,0.90003234471551,0.90000789365193,2.5,2.5,-4.4372870603246e-06,-9.9999999999994e-05
0.1225,-0.037912063065438,0.57737298283364,0.61528504589908,0.99997061374392,0.99993470053449,0.9999795350608,0.99997061224163,3.2392511675209e-05,7.4920421960725e-22,5.9503575411219e-06,2.9596048836755e-06,0.009997799443327,-7.1781350347593e-06,7.200626070437e-06,-3.9605285483669e-06,-5.1210973042131e-06,-3.3337790912877e-06,0.90003232264708,0.90000802942115,2.5,2.5,-4.4441472724724e-06,-0.00010000000000001
0.12375,-0.037912063065438,0.57737298283364,0.61528504589908,0.99997048797133,0.99993474519799,0.99997955850519,0.9999706326595,3.2034892338379e-05,7.4594378801693e-22,5.9463005479422e-06,2.9613324809628e-06,0.009997790570819,-7.0980063780448e-06,7.1202481573947e-06,-3.9703762066046e-06,-5.1224713311301e-06,-3.3236036427975e-06,0.90003230082314,0.90000816372141,2.5,2.5,-4.4509309048035e-06,-9.9999999999993e-05
0.125,-0.037912063065438,0.57737298283364,0.61528504589908,0.99997036355676,0.9999347893663,0.99997958169057,0.99997065285077,3.1681160554671e-05,7.4271966194149e-22,5.9422885304763e-06,2.9630420023594e-06,0.0099977817972964,-7.0188181382081e-06,7.0408134457851e-06,-3.9801163840233e-06,-5.123829902926e-06,-3.3135417158624e-06,0.90003227924097,0.90000829656631,2.5,2.5,-4.4576388560919e-06,-0.0001
0.12625,-0.037912063065438,0.57737298283364,0.61528504589908,0.99997024048786,0.99993483304495,0.99997960461977,0.999970672818,3.1331278839001e-05,7.3953142231874e-22,5.938320985229e-06,2.9647335658214e-06,0.0099977731216018,-6.9405556988454e-06,6.9623072862415e-06,-3.9897501514186e-06,-5.1251732101047e-06,-3.303591983285e-06,0.90003225789789,0.90000842796954,2.5,2.5,-4.4642720111419e-06,-9.9999999999999e-05
0.1275,-0.037912063065438,0.57737298283364,0.61528504589908,0.99997011875219,0.99993487623945,0.9999796272956,0.99997069256371,3.0985209685813e-05,7.3637865608256e-22,5.9343974146669e-06,2.9664072944684e-06,0.0099977645425956,-6.863204935715e-06,6.8847155222427e-06,-3.9992785770645e-06,-5.1265014395325e-06,-3.293753138116e-06,0.90003223679122,0.90000855794479,2.5,2.5,-4.470831241258e-06,-0.00010000000000001
0.12875,-0.037912063065438,0.57737298283364,0.61528504589908,0.99996999833728,0.99993491895519,0.99997964972082,0.9999707120904,3.0642915603479e-05,7.332609559812e-22,5.9305173271626e-06,2.9680633160087e-06,0.0099977560591553,-6.78675218564e-06,6.8080244588439e-06,-4.0087027260094e-06,-5.1278147745981e-06,-3.2840238929711e-06,0.90003221591833,0.9000086865058,2.5,2.5,-4.4773174046867e-06,-9.9999999999994e-05
0.13,-0.037912063065438,0.57737298283364,0.61528504589908,0.99996987923059,0.99993496119753,0.99997967189819,0.99997073140052,3.030435914571e-05,7.3017792042607e-22,5.9266802369547e-06,2.9697017621541e-06,0.0099977476701751,-6.7111842174263e-06,6.7322208334818e-06,-4.0180236594387e-06,-5.1291133953655e-06,-3.2744029794552e-06,0.90003219527663,0.90000881366631,2.5,2.5,-4.4837313470287e-06,-9.9999999999997e-05
0.13125,-0.037912063065438,0.57737298283364,0.61528504589908,0.99996976141956,0.99993500297177,0.99997969383041,0.99997075049652,2.9969502939982e-05,7.2712915332692e-22,5.9228856640258e-06,2.9713227682897e-06,0.0099977393745648,-6.6364882049739e-06,6.6572917891799e-06,-4.027242434094e-06,-5.1303974787094e-06,-3.264889147561e-06,0.90003217486354,0.90000893944007,2.5,2.5,-4.4900739016257e-06,-9.9999999999999e-05
0.1325,-0.037912063065438,0.57737298283364,0.61528504589908,0.99996964489165,0.99993504428312,0.99997971552018,0.99997076938078,2.9638309713648e-05,7.2411426395788e-22,5.9191331339584e-06,2.9729264728787e-06,0.0099977311712502,-6.562651702408e-06,6.583224849722e-06,-4.0363601017462e-06,-5.1316671984454e-06,-3.2554811651131e-06,0.90003215467652,0.90000906384081,2.5,2.5,-4.4963458899247e-06,-0.00010000000000002
0.13375,-0.037912063065438,0.57737298283364,0.61528504589908,0.99996952963427,0.99993508513676,0.99997973697015,0.99997078805569,2.9310742317293e-05,7.2113286681511e-22,5.9154221778823e-06,2.9745130171772e-06,0.0099977230591719,-6.4896626213064e-06,6.5100078966868e-06,-4.0453777087306e-06,-5.1329227254508e-06,-3.2461778172739e-06,0.90003213471306,0.90000918688223,2.5,2.5,-4.5025481218194e-06,-9.9999999999987e-05
0.135,-0.037912063065438,0.57737298283364,0.61528504589908,0.99996941563487,0.99993512553778,0.99997975818297,0.99997080652359,2.898676374624e-05,7.1818458148769e-22,5.9117523324205e-06,2.9760825447963e-06,0.0099977150372854,-6.4175092093301e-06,6.4376291482279e-06,-4.0542962955061e-06,-5.1341642277784e-06,-3.2369779060422e-06,0.90003211497067,0.90000930857799,2.5,2.5,-4.5086813959711e-06,-0.0001
0.13625,-0.037912063065438,0.57737298283364,0.61528504589908,0.99996930288092,0.99993516549123,0.99997977916123,0.99997082478679,2.8666337159771e-05,7.1526903254969e-22,5.9081231396021e-06,2.9776352014102e-06,0.0099977071045604,-6.3461800307072e-06,6.3660771394329e-06,-4.0631168962852e-06,-5.1353918707534e-06,-3.2278802498321e-06,0.9000320954469,0.90000942894172,2.5,2.5,-4.5147465001113e-06,-9.999999999999e-05
0.1375,-0.037912063065438,0.57737298283364,0.61528504589908,0.99996919135991,0.9999352050021,0.99997979990752,0.99997084284759,2.83494258987e-05,7.1238584941825e-22,5.9045341466838e-06,2.9791711344552e-06,0.0099976992599804,-6.2756639479473e-06,6.2953407041458e-06,-4.071840538682e-06,-5.1366058170837e-06,-3.2188836830083e-06,0.90003207613931,0.900009547987,2.5,2.5,-4.5207442113273e-06,-0.00010000000000002
0.13875,-0.037912063065438,0.57737298283364,0.61528504589908,0.99996908105938,0.99993524407532,0.99997982042438,0.99997086070824,2.803599350106e-05,7.0953466626567e-22,5.9009849062152e-06,2.9806904927981e-06,0.0099976915025428,-6.2059501052994e-06,6.2254089582468e-06,-4.0804682434046e-06,-5.1378062269427e-06,-3.2099870555042e-06,0.90003205704552,0.90000966572735,2.5,2.5,-4.5266752963308e-06,-9.9999999999994e-05
0.14,-0.037912063065438,0.57737298283364,0.61528504589908,0.9999689719669,0.99993528271575,0.99997984071434,0.99997087837098,2.7726003716366e-05,7.0671512191757e-22,5.8974749758999e-06,2.9821934265141e-06,0.0099976838312579,-6.1370279128474e-06,6.1562712839368e-06,-4.0890010239841e-06,-5.1389932580554e-06,-3.2011892324318e-06,0.90003203816313,0.90000978217621,2.5,2.5,-4.5325405117128e-06,-0.0001
0.14125,-0.037912063065438,0.57737298283364,0.61528504589908,0.99996886407011,0.99993532092822,0.99997986077989,0.99997089583802,2.7419420518309e-05,7.039268597403e-22,5.8940039184491e-06,2.9836800865889e-06,0.0099976762451491,-6.0688870323625e-06,6.0879173154228e-06,-4.097439886529e-06,-5.140167065782e-06,-3.1924890937253e-06,0.90003201948982,0.90000989734696,2.5,2.5,-4.5383406041831e-06,-9.9999999999992e-05
0.1425,-0.037912063065438,0.57737298283364,0.61528504589908,0.99996875735669,0.99993535871747,0.99997988062351,0.99997091311154,2.7116208116206e-05,7.0116952756111e-22,5.8905713016668e-06,2.9851506248497e-06,0.0099976687432524,-6.0015173639616e-06,6.0203369255965e-06,-4.1057858295045e-06,-5.1413278031893e-06,-3.1838855338e-06,0.90003200102325,0.90001001125291,2.5,2.5,-4.5440763107995e-06,-0.00010000000000002
0.14375,-0.037912063065438,0.57737298283364,0.61528504589908,0.9999686518144,0.99993539608823,0.99997990024765,0.9999709301937,2.6816330965213e-05,6.9844277756206e-22,5.8871766982544e-06,2.9866051935993e-06,0.0099976613246161,-5.9349090335178e-06,5.9535202135264e-06,-4.1140398435507e-06,-5.1424756211239e-06,-3.1753774612283e-06,0.90003198276113,0.90001012390729,2.5,2.5,-4.549748359182e-06,-9.9999999999991e-05
0.145,-0.037912063065438,0.57737298283364,0.61528504589908,0.99996854743106,0.99993543304514,0.99997991965471,0.99997094708663,2.6519753775382e-05,6.9574626621443e-22,5.8838196858073e-06,2.9880439455197e-06,0.0099976539883007,-5.8690523814551e-06,5.8874574931457e-06,-4.1222029113109e-06,-5.1436106682763e-06,-3.1669637984206e-06,0.9000319647012,0.90001023532322,2.5,2.5,-4.5553574677192e-06,-9.9999999999988e-05
0.14625,-0.037912063065438,0.57737298283364,0.61528504589908,0.99996844419455,0.99993546959279,0.9999799388471,0.99997096379243,2.6226441519769e-05,6.9307965418734e-22,5.8804998466854e-06,2.9894670335129e-06,0.0099976467333782,-5.8039379519039e-06,5.822139282414e-06,-4.1302760072868e-06,-5.1447330912435e-06,-3.158643481356e-06,0.90003194684122,0.90001034551375,2.5,2.5,-4.560904345762e-06,-0.00010000000000001
0.1475,-0.037912063065438,0.57737298283364,0.61528504589908,0.99996834209286,0.99993550573575,0.99997995782717,0.9999709803132,2.5936359441497e-05,6.9044260626932e-22,5.8772167680414e-06,2.9908746104825e-06,0.0099976395589326,-5.7395564830143e-06,5.7575562936724e-06,-4.1382600977156e-06,-5.1458430345878e-06,-3.1504154592862e-06,0.90003192917896,0.90001045449185,2.5,2.5,-4.5663896938101e-06,-9.9999999999996e-05
0.14875,-0.037912063065438,0.57737298283364,0.61528504589908,0.99996824111404,0.99993554147849,0.99997997659728,0.99997099665099,2.5649473060052e-05,6.8783479128914e-22,5.8739700417354e-06,2.9922668293329e-06,0.009997632464059,-5.67589889759e-06,5.6936994242599e-06,-4.1461561404638e-06,-5.1469406408902e-06,-3.1422786944683e-06,0.90003191171223,0.90001056227036,2.5,2.5,-4.5718142036872e-06,-0.00010000000000001
0.15,-0.037912063065438,0.57737298283364,0.61528504589908,0.99996814124622,0.99993557682547,0.99997999515973,0.99997101280783,2.5365748176679e-05,6.8525588206854e-22,5.870759264143e-06,2.9936438426583e-06,0.0099976254478636,-5.6129562948615e-06,5.6305597481926e-06,-4.1539650849343e-06,-5.1480260508048e-06,-3.1342321619341e-06,0.90003189443887,0.90001066886206,2.5,2.5,-4.5771785587108e-06,-9.9999999999994e-05
0.15125,-0.037912063065438,0.57737298283364,0.61528504589908,0.99996804247762,0.99993561178107,0.99998001351682,0.99997102878574,2.5085150879177e-05,6.8270555532262e-22,5.8675840362932e-06,2.9950058027909e-06,0.0099976185094637,-5.5507199422624e-06,5.5681285080686e-06,-4.1616878719961e-06,-5.1490994031061e-06,-3.1262748492204e-06,0.90003187735673,0.9000107742796,2.5,2.5,-4.5824834338523e-06,-9.999999999999e-05
0.1525,-0.037912063065438,0.57737298283364,0.61528504589908,0.99996794479656,0.99993564634965,0.99998003167082,0.99997104458671,2.4807647545879e-05,6.8018349161016e-22,5.8644439636656e-06,2.9963528616114e-06,0.0099976116479871,-5.4891812683053e-06,5.5063971078285e-06,-4.1693254339203e-06,-5.1501608347347e-06,-3.1184057561643e-06,0.90003186046369,0.90001087853554,2.5,2.5,-4.5877294958912e-06,-0.00010000000000001
0.15375,-0.037912063065438,0.57737298283364,0.61528504589908,0.99996784819145,0.99993568053549,0.99998004962396,0.99997106021269,2.4533204849158e-05,6.7768937526801e-22,5.8613386562595e-06,2.9976851704509e-06,0.0099976048625723,-5.4283318556504e-06,5.4453571059044e-06,-4.1768786943338e-06,-5.15121048084e-06,-3.11062389466e-06,0.90003184375766,0.90001098164233,2.5,2.5,-4.592917403562e-06,-9.9999999999989e-05
0.155,-0.037912063065438,0.57737298283364,0.61528504589908,0.99996775265079,0.99993571434285,0.99998006737846,0.99997107566565,2.4261789758296e-05,6.752228943545e-22,5.8582677283856e-06,2.9990028800895e-06,0.009997598152368,-5.3681634348105e-06,5.3850002088316e-06,-4.1843485681845e-06,-5.1522484748273e-06,-3.1029282884528e-06,0.90003182723656,0.90001108361232,2.5,2.5,-4.5980478076966e-06,-0.00010000000000002
0.15625,-0.037912063065438,0.57737298283364,0.61528504589908,0.99996765816315,0.99993574777591,0.99998008493652,0.99997109094749,2.3993369541789e-05,6.727837405876e-22,5.8552307987428e-06,3.0003061405432e-06,0.0099975915165331,-5.3086678780903e-06,5.3253182652244e-06,-4.1917359617145e-06,-5.1532749483886e-06,-3.0953179729619e-06,0.90003181089834,0.90001118445775,2.5,2.5,-4.6031213513582e-06,-9.999999999998e-05
0.1575,-0.037912063065438,0.57737298283364,0.61528504589908,0.99996756471725,0.99993578083884,0.9999801023003,0.99997110606013,2.3727911769355e-05,6.7037160928225e-22,5.8522274902974e-06,3.0015951011706e-06,0.0099975849542366,-5.2498371942047e-06,5.2663032604499e-06,-4.1990417724475e-06,-5.1542900315454e-06,-3.0877919950382e-06,0.90003179474099,0.90001128419075,2.5,2.5,-4.6081386699734e-06,-0.0001
0.15875,-0.037912063065438,0.57737298283364,0.61528504589908,0.99996747230186,0.99993581353574,0.99998011947196,0.99997112100543,2.3465384313334e-05,6.679861993065e-22,5.8492574302147e-06,3.0028699104407e-06,0.0099975784646572,-5.1916635230264e-06,5.2079473112287e-06,-4.2062668891759e-06,-5.1552938526819e-06,-3.0803494128177e-06,0.90003177876249,0.90001138282334,2.5,2.5,-4.6131003914561e-06,-0.0001
0.16,-0.037912063065438,0.57737298283364,0.61528504589908,0.99996738090588,0.99993584587066,0.9999801364536,0.99997113578525,2.3205755349714e-05,6.6562721301237e-22,5.8463202499136e-06,3.0041307159528e-06,0.0099975720469833,-5.1341391308063e-06,5.1502426610583e-06,-4.213412191972e-06,-5.1562865385802e-06,-3.0729892955069e-06,0.90003176296085,0.90001148036743,2.5,2.5,-4.6180071363293e-06,-0.00010000000000001
0.16125,-0.037912063065438,0.57737298283364,0.61528504589908,0.99996729051829,0.99993587784763,0.99998015324735,0.99997115040144,2.2948993358981e-05,6.6329435620609e-22,5.8434155848646e-06,3.0053776644149e-06,0.0099975657004128,-5.0772564058123e-06,5.0931816755365e-06,-4.2204785521892e-06,-5.1572682144535e-06,-3.06571072324e-06,0.90003174733414,0.90001157683483,2.5,2.5,-4.622859517841e-06,-9.9999999999995e-05
0.1625,-0.037912063065438,0.57737298283364,0.61528504589908,0.99996720112818,0.9999359094706,0.99998016985526,0.9999711648558,2.269506712635e-05,6.6098733808098e-22,5.8405430746984e-06,3.0066109015068e-06,0.009997559424153,-5.0210078537433e-06,5.0367568381648e-06,-4.227466832484e-06,-5.1582390039699e-06,-3.0585127868831e-06,0.90003173188039,0.90001167223721,2.5,2.5,-4.6276581420769e-06,-0.0001
0.16375,-0.037912063065438,0.57737298283364,0.61528504589908,0.99996711272473,0.9999359407435,0.99998018627939,0.99997117915014,2.2443945742005e-05,6.5870587117628e-22,5.8377023629831e-06,3.0078305719724e-06,0.0099975532174204,-4.9653860943248e-06,4.9809607465539e-06,-4.2343778868313e-06,-5.1591990292895e-06,-3.0513945878959e-06,0.90003171659771,0.90001176658616,2.5,2.5,-4.6324036080696e-06,-9.9999999999995e-05
0.165,-0.037912063065438,0.57737298283364,0.61528504589908,0.99996702529725,0.99993597167022,0.99998020252178,0.99997119328622,2.219559860079e-05,6.5644967133301e-22,5.8348930973455e-06,3.0090368194325e-06,0.0099975470794406,-4.9103838572046e-06,4.9257861086394e-06,-4.2412125605581e-06,-5.1601484110892e-06,-3.0443552381442e-06,0.90003170148419,0.90001185989315,2.5,2.5,-4.6370965079028e-06,-9.9999999999997e-05
0.16625,-0.037912063065438,0.57737298283364,0.61528504589908,0.99996693883512,0.99993600225458,0.99998021858443,0.9999712072658,2.194999540183e-05,6.5421845763697e-22,5.8321149293661e-06,3.0102297864904e-06,0.0099975410094481,-4.8559939787432e-06,4.8712257392049e-06,-4.2479716903751e-06,-5.1610872685876e-06,-3.0373938597807e-06,0.90003168653797,0.90001195216953,2.5,2.5,-4.641737426814e-06,-0.00010000000000001
0.1675,-0.037912063065438,0.57737298283364,0.61528504589908,0.99996685332784,0.99993603250038,0.99998023446933,0.99997122109062,2.1707106147869e-05,6.520119523862e-22,5.8293675144026e-06,3.011409614623e-06,0.0099975350066864,-4.8022093985905e-06,4.8172725566719e-06,-4.2546561044117e-06,-5.1620157195733e-06,-3.0305095850617e-06,0.90003167175718,0.90001204342654,2.5,2.5,-4.6463269432928e-06,-0.00010000000000001
0.16875,-0.037912063065438,0.57737298283364,0.61528504589908,0.99996676876501,0.99993606241138,0.99998025017844,0.99997123476239,2.1466901144386e-05,6.4982988104343e-22,5.8266505117373e-06,3.0125764441422e-06,0.0099975290704074,-4.7490231568835e-06,4.7639195801275e-06,-4.2612666222583e-06,-5.1629338804294e-06,-3.0237015562316e-06,0.90003165714,0.90001213367531,2.5,2.5,-4.6508656291775e-06,-0.0001
0.17,-0.037912063065438,0.57737298283364,0.61528504589908,0.99996668513632,0.99993609199128,0.99998026571372,0.99997124828282,2.1229350998548e-05,6.47671972197e-22,5.8239635844713e-06,3.0137304142295e-06,0.0099975231998719,-4.696428391186e-06,4.7111599263342e-06,-4.2678040550124e-06,-5.1638418661555e-06,-3.0169689253781e-06,0.90003164268461,0.90001222292686,2.5,2.5,-4.6553540497478e-06,-9.999999999999e-05
0.17125,-0.037912063065438,0.57737298283364,0.61528504589908,0.99996660243158,0.99993612124375,0.99998028107707,0.99997126165357,2.099442661804e-05,6.4553795750361e-22,5.8213063994267e-06,3.0148716628946e-06,0.009997517394349,-4.6444183338612e-06,4.6589868071399e-06,-4.2742692053293e-06,-5.1647397903912e-06,-3.0103108542781e-06,0.90003162838922,0.9000123111921,2.5,2.5,-4.6597927638152e-06,-9.9999999999995e-05
0.1725,-0.037912063065438,0.57737298283364,0.61528504589908,0.99996652064069,0.99993615017241,0.9999802962704,0.9999712748763,2.0762099209628e-05,6.4342757167782e-22,5.8186786271196e-06,3.0160003270082e-06,0.0099975116531161,-4.5929863096166e-06,4.6073935269292e-06,-4.2806628674671e-06,-5.1656277654375e-06,-3.0037265142802e-06,0.90003161425207,0.90001239848184,2.5,2.5,-4.664182323812e-06,-0.00010000000000001
0.17375,-0.037912063065438,0.57737298283364,0.61528504589908,0.99996643975365,0.99993617878086,0.9999803112956,0.99997128795267,2.0532340277611e-05,6.4134055242693e-22,5.8160799417697e-06,3.0171165421277e-06,0.0099975059754589,-4.5421257330092e-06,4.5563734801599e-06,-4.2869858273474e-06,-5.1665059022791e-06,-2.9972150861879e-06,0.90003160027139,0.90001248480674,2.5,2.5,-4.668523275876e-06,-9.9999999999994e-05
0.175,-0.037912063065438,0.57737298283364,0.61528504589908,0.99996635976057,0.99993620707265,0.99998032615451,0.99997130088428,2.0305121622312e-05,6.3927664042033e-22,5.8135100211912e-06,3.0182204426987e-06,0.0099975003606713,-4.4918301062095e-06,4.5059201492171e-06,-4.2932388626121e-06,-5.1673743106039e-06,-2.9907757600984e-06,0.90003158644546,0.90001257017741,2.5,2.5,-4.6728161599355e-06,-0.0001
0.17625,-0.037912063065438,0.57737298283364,0.61528504589908,0.99996628065167,0.99993623505127,0.99998034084898,0.99997131367275,2.0080415338234e-05,6.3723557925873e-22,5.8109685468222e-06,3.019312161882e-06,0.009997494808055,-4.4420930169907e-06,4.456027102181e-06,-4.2994227426773e-06,-5.1682330988258e-06,-2.9844077353095e-06,0.90003157277256,0.90001265460429,2.5,2.5,-4.6770615097906e-06,-0.0001
0.1775,-0.037912063065438,0.57737298283364,0.61528504589908,0.99996620241723,0.9999362627202,0.99998035538084,0.99997132631965,1.9858193812227e-05,6.3521711543211e-22,5.8084552036133e-06,3.0203918316638e-06,0.0099974893169199,-4.3929081365746e-06,4.4066879908806e-06,-4.3055382287947e-06,-5.1690823740951e-06,-2.9781102202129e-06,0.90003155925101,0.90001273809776,2.5,2.5,-4.6812598531924e-06,-0.00010000000000001
0.17875,-0.037912063065438,0.57737298283364,0.61528504589908,0.99996612504769,0.99993629008287,0.99998036975187,0.99997133882656,1.9638429721557e-05,6.3322099827594e-22,5.8059696800107e-06,3.0214595827378e-06,0.0099974838865833,-4.3442692177272e-06,4.3578965489656e-06,-4.3115860741227e-06,-5.169922242327e-06,-2.9718824321186e-06,0.90003154587911,0.90001282066806,2.5,2.5,-4.6854117119219e-06,-0.00010000000000001
0.18,-0.037912063065438,0.57737298283364,0.61528504589908,0.99996604853353,0.99993631714266,0.99998038396385,0.99997135119503,1.94210960319e-05,6.3124697994662e-22,5.8035116679732e-06,3.0225155445896e-06,0.0099974785163707,-4.2961700930841e-06,4.3096465900553e-06,-4.3175670237796e-06,-5.1707528082143e-06,-2.9657235972009e-06,0.90003153265522,0.90001290232534,2.5,2.5,-4.6895176018655e-06,-9.9999999999985e-05
0.18125,-0.037912063065438,0.57737298283364,0.61528504589908,0.99996597286536,0.99993634390294,0.99998039801855,0.99997136342659,1.9206165995178e-05,6.2929481539027e-22,5.8010808628147e-06,3.0235598454705e-06,0.0099974732056149,-4.2486046732865e-06,4.2619320060431e-06,-4.3234818149127e-06,-5.1715741752453e-06,-2.9596329503651e-06,0.9000315195777,0.90001298307965,2.5,2.5,-4.6935780330904e-06,-0.00010000000000001
0.1825,-0.037912063065438,0.57737298283364,0.61528504589908,0.9999658980339,0.99993637036702,0.99998041191771,0.99997137552276,1.8993613147542e-05,6.2736426229466e-22,5.7986769632898e-06,3.0245926123441e-06,0.0099974679536562,-4.2015669454076e-06,4.2147467655007e-06,-4.3293311767721e-06,-5.1723864457222e-06,-2.9536097351261e-06,0.90003150664492,0.9000130629409,2.5,2.5,-4.6975935099168e-06,-9.999999999999e-05
0.18375,-0.037912063065438,0.57737298283364,0.61528504589908,0.99996582402993,0.99993639653818,0.99998042566304,0.99997138748503,1.8783411307046e-05,6.2545508107002e-22,5.796299671475e-06,3.0256139710241e-06,0.0099974627598425,-4.1550509714003e-06,4.168084912037e-06,-4.3351158307638e-06,-5.1731897207758e-06,-2.9476532035132e-06,0.90003149385529,0.90001314191893,2.5,2.5,-4.7015645309898e-06,-9.9999999999998e-05
0.185,-0.037912063065438,0.57737298283364,0.61528504589908,0.99996575084437,0.99993642241966,0.99998043925624,0.9999713993149,1.8575534571401e-05,6.2356703480402e-22,5.7939486927215e-06,3.026624045947e-06,0.0099974576235289,-4.1090508866356e-06,4.1219405628903e-06,-4.3408364905305e-06,-5.1739841003808e-06,-2.9417626159751e-06,0.90003148120721,0.90001322002346,2.5,2.5,-4.70549158935e-06,-9.9999999999998e-05
0.18625,-0.037912063065438,0.57737298283364,0.61528504589908,0.9999656784682,0.99993644801467,0.99998045269901,0.99997141101382,1.8369957315748e-05,6.2169988923469e-22,5.7916237357278e-06,3.027622960431e-06,0.0099974525440778,-4.0635608984082e-06,4.0763079074567e-06,-4.3464938620143e-06,-5.1747696833773e-06,-2.9359372412484e-06,0.90003146869913,0.90001329726412,2.5,2.5,-4.7093751725014e-06,-0.00010000000000002
0.1875,-0.037912063065438,0.57737298283364,0.61528504589908,0.99996560689251,0.99993647332638,0.99998046599301,0.99997142258325,1.8166654190205e-05,6.198534127279e-22,5.7893245123372e-06,3.0286108365084e-06,0.0099974475208587,-4.018575284629e-06,4.0311812059354e-06,-4.3520886435281e-06,-5.1755465674759e-06,-2.9301763562792e-06,0.9000314563295,0.90001337365041,2.5,2.5,-4.7132157624795e-06,-0.0001
0.18875,-0.037912063065438,0.57737298283364,0.61528504589908,0.99996553610849,0.99993649835794,0.99998047913987,0.99997143402462,1.7965600117606e-05,6.1802737622454e-22,5.7870507377175e-06,3.0295877949662e-06,0.0099974425532482,-3.9740883926351e-06,3.9865547881364e-06,-4.357621525824e-06,-5.1763148492798e-06,-2.9244792461239e-06,0.90003144409677,0.90001344919175,2.5,2.5,-4.7170138359176e-06,-9.9999999999987e-05
0.19,-0.037912063065438,0.57737298283364,0.61528504589908,0.99996546610742,0.99993652311243,0.99998049214123,0.99997144533936,1.776677029103e-05,6.1622155324044e-22,5.7848021300269e-06,3.0305539553649e-06,0.0099974376406299,-3.9300946377619e-06,3.9424230520835e-06,-4.363093192169e-06,-5.1770746243001e-06,-2.9188452038321e-06,0.90003143199944,0.90001352389746,2.5,2.5,-4.7207698641116e-06,-9.9999999999998e-05
0.19125,-0.037912063065438,0.57737298283364,0.61528504589908,0.99996539688067,0.99993654759293,0.9999805049987,0.99997145652885,1.7570140171428e-05,6.144357198044e-22,5.7825784106737e-06,3.031509436068e-06,0.0099974327823942,-3.886588502257e-06,3.8987804628853e-06,-4.3685043184061e-06,-5.1778259869638e-06,-2.9132735303771e-06,0.900031420036,0.90001359777675,2.5,2.5,-4.7244843130839e-06,-0.0001
0.1925,-0.037912063065438,0.57737298283364,0.61528504589908,0.9999653284197,0.99993657180248,0.99998051771387,0.99997146759449,1.7375685485137e-05,6.1266965445125e-22,5.7803793041361e-06,3.0324543541959e-06,0.0099974279779386,-3.8435645341557e-06,3.8556215516945e-06,-4.3738555730352e-06,-5.1785690306325e-06,-2.9077635345275e-06,0.90003140820498,0.90001367083874,2.5,2.5,-4.7281576436465e-06,-9.9999999999994e-05
0.19375,-0.037912063065438,0.57737298283364,0.61528504589908,0.99996526071608,0.99993659574406,0.99998053028832,0.99997147853765,1.7183382221479e-05,6.1092313817244e-22,5.7782045379073e-06,3.0333888256497e-06,0.0099974232266669,-3.8010173461791e-06,3.8129409144139e-06,-4.3791476172761e-06,-5.1793038476131e-06,-2.9023145328047e-06,0.9000313965049,0.90001374309244,2.5,2.5,-4.7317903114628e-06,-0.0001
0.195,-0.037912063065438,0.57737298283364,0.61528504589908,0.99996519376145,0.99993661942066,0.9999805427236,0.99997148935969,1.699320663027e-05,6.0919595442482e-22,5.7760538425537e-06,3.0343129651795e-06,0.0099974185279899,-3.7589416146171e-06,3.7707332108211e-06,-4.384381105145e-06,-5.1800305291769e-06,-2.8969258493413e-06,0.90003138493432,0.90001381454677,2.5,2.5,-4.7353827671082e-06,-0.0001
0.19625,-0.037912063065438,0.57737298283364,0.61528504589908,0.99996512754754,0.99993664283519,0.99998055502125,0.99997150006194,1.6805135219374e-05,6.074878890477e-22,5.7739269515508e-06,3.0352268862687e-06,0.0099974138813248,-3.7173320783634e-06,3.7289931634574e-06,-4.3895566835233e-06,-5.1807491655639e-06,-2.8915968158033e-06,0.90003137349181,0.90001388521055,2.5,2.5,-4.7389354561299e-06,-0.00010000000000001
0.1975,-0.037912063065438,0.57737298283364,0.61528504589908,0.99996506206619,0.99993666599057,0.99998056718279,0.99997151064574,1.6619144752157e-05,6.0579873028722e-22,5.7718236014302e-06,3.0361307012445e-06,0.0099974092860953,-3.6761835379464e-06,3.6877155566114e-06,-4.3946749922256e-06,-5.1814598459989e-06,-2.8863267713421e-06,0.90003136217594,0.90001395509251,2.5,2.5,-4.742448819106e-06,-0.0001
0.19875,-0.037912063065438,0.57737298283364,0.61528504589908,0.9999649973093,0.99993668888966,0.99998057920974,0.99997152111239,1.6435212245098e-05,6.041282687306e-22,5.7697435316068e-06,3.0370245212454e-06,0.0099974047417318,-3.6354908545274e-06,3.6468952354878e-06,-4.3997366640778e-06,-5.182162658708e-06,-2.8811150624433e-06,0.90003135098532,0.90001402420127,2.5,2.5,-4.7459232917034e-06,-9.9999999999989e-05
0.2,-0.037912063065438,0.57737298283364,0.61528504589908,0.99996493326889,0.99993671153529,0.99998059110357,0.99997153146319,1.6253314965264e-05,6.0247629730518e-22,5.7676864843078e-06,3.037908456242e-06,0.0099974002476706,-3.5952489490804e-06,3.6065271051895e-06,-4.4047423249774e-06,-5.1828576909256e-06,-2.8759610428989e-06,0.90003133991856,0.90001409254539,2.5,2.5,-4.7493593047351e-06,-0.00010000000000001
0.20125,-0.037912063065438,0.57737298283364,0.61528504589908,0.99996486993704,0.99993673393029,0.99998060286577,0.99997154169943,1.6073430427853e-05,6.0084261123554e-22,5.7656522047266e-06,3.0387826150317e-06,0.0099973958033546,-3.5554528013354e-06,3.5666061298274e-06,-4.4096925939716e-06,-5.1835450289112e-06,-2.8708640736718e-06,0.90003132897429,0.9000141601333,2.5,2.5,-4.7527572842157e-06,-0.00010000000000001
0.2025,-0.037912063065438,0.57737298283364,0.61528504589908,0.99996480730593,0.99993675607741,0.99998061449779,0.99997155182236,1.5895536393688e-05,5.9922700802494e-22,5.7636404408265e-06,3.0396471052493e-06,0.0099973914082328,-3.5160974491015e-06,3.5271273316955e-06,-4.414588083328e-06,-5.1842247579526e-06,-2.8658235228746e-06,0.90003131815114,0.90001422697336,2.5,2.5,-4.7561176514176e-06,-9.9999999999989e-05
0.20375,-0.037912063065438,0.57737298283364,0.61528504589908,0.99996474536781,0.9999367779794,0.99998062600107,0.99997156183326,1.5719610866797e-05,5.9762928742543e-22,5.7616509433436e-06,3.0405020334286e-06,0.0099973870617603,-3.4771779873363e-06,3.4880857904908e-06,-4.4194293985959e-06,-5.1848969623889e-06,-2.8608387656137e-06,0.90003130744779,0.90001429307383,2.5,2.5,-4.7594408229256e-06,-0.00010000000000001
0.205,-0.037912063065438,0.57737298283364,0.61528504589908,0.99996468411504,0.99993679963898,0.99998063737704,0.99997157173335,1.5545632091892e-05,5.9604925141197e-22,5.7596834658291e-06,3.0413475048841e-06,0.0099973827633983,-3.4386895673787e-06,3.4494766423945e-06,-4.4242171386841e-06,-5.1855617256129e-06,-2.8559091839633e-06,0.90003129686291,0.90001435844287,2.5,2.5,-4.7627272106904e-06,-9.9999999999991e-05
0.20625,-0.037912063065438,0.57737298283364,0.61528504589908,0.99996462354005,0.99993682105883,0.99998064862709,0.99997158152387,1.5373578551982e-05,5.9448670416505e-22,5.757737764533e-06,3.0421836238748e-06,0.0099973785126141,-3.4006273961106e-06,3.4112950792944e-06,-4.4289518959257e-06,-5.1862191300875e-06,-2.8510341668803e-06,0.90003128639518,0.90001442308858,2.5,2.5,-4.7659772220818e-06,-0.0001
0.2075,-0.037912063065438,0.57737298283364,0.61528504589908,0.99996456363534,0.9999368422416,0.99998065975264,0.99997159120602,1.5203428965947e-05,5.9294145203274e-22,5.7558135984058e-06,3.0430104934765e-06,0.0099973743088807,-3.36298673518e-06,3.3735363481159e-06,-4.4336342561471e-06,-5.1868692573522e-06,-2.8462131100877e-06,0.9000312760433,0.90001448701894,2.5,2.5,-4.7691912599413e-06,-0.00010000000000001
0.20875,-0.037912063065438,0.57737298283364,0.61528504589908,0.99996450439351,0.99993686318992,0.99998067075505,0.99997160078101,1.5035162285984e-05,5.9141330351824e-22,5.7539107290805e-06,3.0438282157269e-06,0.009997370151677,-3.3257629004488e-06,3.3361957499932e-06,-4.438264798738e-06,-5.187512188041e-06,-2.8414454160488e-06,0.900031265806,0.90001455024186,2.5,2.5,-4.7723697226337e-06,-9.9999999999979e-05
0.21,-0.037912063065438,0.57737298283364,0.61528504589908,0.99996444580722,0.99993688390638,0.9999806816357,0.99997161025003,1.4868757695355e-05,5.8990206925171e-22,5.7520289208029e-06,3.0446368915239e-06,0.009997366040488,-3.2889512609577e-06,3.2992686395289e-06,-4.4428440967162e-06,-5.1881480018845e-06,-2.8367304938554e-06,0.90003125568201,0.90001461276517,2.5,2.5,-4.7755130040978e-06,-0.0001
0.21125,-0.037912063065438,0.57737298283364,0.61528504589908,0.99996438786925,0.99993690439356,0.99998069239591,0.99997161961423,1.4704194605877e-05,5.8840756195817e-22,5.7501679404763e-06,3.0454366206222e-06,0.0099973619748039,-3.2525472383829e-06,3.2627504241365e-06,-4.4473727167971e-06,-5.1887767777247e-06,-2.8320677591528e-06,0.90003124567007,0.90001467459659,2.5,2.5,-4.7786214938969e-06,-0.00010000000000001
0.2125,-0.037912063065438,0.57737298283364,0.61528504589908,0.99996433057242,0.99993692465398,0.99998070303704,0.9999716288748,1.4541452655567e-05,5.8692959644148e-22,5.7483275575486e-06,3.0462275018305e-06,0.009997357954121,-3.2165463065199e-06,3.2266365633828e-06,-4.4518512194587e-06,-5.1893985935273e-06,-2.8274566340947e-06,0.90003123576895,0.90001473574377,2.5,2.5,-4.7816955772686e-06,-9.9999999999992e-05
0.21375,-0.037912063065438,0.57737298283364,0.61528504589908,0.99996427390964,0.99993694469015,0.99998071356039,0.99997163803286,1.4380511706259e-05,5.8546798956907e-22,5.7465075439935e-06,3.0470096327788e-06,0.009997353977941,-3.180943990213e-06,3.1909225681382e-06,-4.4562801590111e-06,-5.1900135263902e-06,-2.8228965472411e-06,0.9000312259774,0.90001479621428,2.5,2.5,-4.7847356351736e-06,-0.00010000000000001
0.215,-0.037912063065438,0.57737298283364,0.61528504589908,0.99996421787391,0.99993696450457,0.99998072396727,0.99997164708957,1.4221351841269e-05,5.8402256023201e-22,5.744707674404e-06,3.047783110044e-06,0.0099973500457712,-3.1457358650049e-06,3.1556040001516e-06,-4.4606600836549e-06,-5.1906216525479e-06,-2.8183869334845e-06,0.90003121629424,0.9000148560156,2.5,2.5,-4.7877420443439e-06,-0.0001
0.21625,-0.037912063065438,0.57737298283364,0.61528504589908,0.99996416245829,0.99993698409967,0.99998073425897,0.99997165604603,1.4063953363048e-05,5.825931293286e-22,5.7429277257925e-06,3.0485480292093e-06,0.0099973461571243,-3.1109175564156e-06,3.1206764712026e-06,-4.4649915355557e-06,-5.1912230473938e-06,-2.8139272340019e-06,0.90003120671824,0.90001491515514,2.5,2.5,-4.790715177331e-06,-0.0001
0.2175,-0.037912063065438,0.57737298283364,0.61528504589908,0.99996410765592,0.9999370034779,0.99998074443676,0.99997166490337,1.390829679085e-05,5.8117951974534e-22,5.7411674776488e-06,3.0493044847617e-06,0.0099973423115184,-3.0764847393268e-06,3.0861356426344e-06,-4.4692750509032e-06,-5.1918177854764e-06,-2.8095168961736e-06,0.90003119724823,0.9000149736402,2.5,2.5,-4.7936554025529e-06,-9.9999999999991e-05
0.21875,-0.037912063065438,0.57737298283364,0.61528504589908,0.99996405346003,0.99993702264166,0.99998075450191,0.99997167366267,1.3754362858414e-05,5.7978155633338e-22,5.7394267119197e-06,3.0500525701992e-06,0.0099973385084769,-3.04243313714e-06,3.0519772245243e-06,-4.473511159974e-06,-5.1924059405189e-06,-2.8051553734892e-06,0.90003118788304,0.90001503147802,2.5,2.5,-4.79656308434e-06,-0.00010000000000001
0.22,-0.037912063065438,0.57737298283364,0.61528504589908,0.9999639998639,0.9999370415933,0.99998076445566,0.99997168232502,1.3602132511718e-05,5.7839906589123e-22,5.7377052129796e-06,3.0507923779808e-06,0.0099973347475288,-3.0087585216369e-06,3.0181969753587e-06,-4.4777003872016e-06,-5.1929875854239e-06,-2.8008421255249e-06,0.9000311786215,0.90001508867578,2.5,2.5,-4.7994385829822e-06,-9.9999999999997e-05
0.22125,-0.037912063065438,0.57737298283364,0.61528504589908,0.99996394686091,0.99993706033519,0.99998077429924,0.99997169089149,1.3451586906695e-05,5.770318771196e-22,5.7360027675469e-06,3.0515239995547e-06,0.0099973310282079,-2.9754567119742e-06,2.9847907012053e-06,-4.4818432512318e-06,-5.1935627922827e-06,-2.7965766178392e-06,0.90003116946247,0.90001514524053,2.5,2.5,-4.8022822547734e-06,-0.0001
0.2225,-0.037912063065438,0.57737298283364,0.61528504589908,0.99996389444449,0.99993707886965,0.99998078403388,0.99997169936316,1.3302707406932e-05,5.7567982063873e-22,5.7343191647668e-06,3.0522475253809e-06,0.0099973273500534,-2.9425235741529e-06,2.9517542551533e-06,-4.485940264991e-06,-5.194131632388e-06,-2.7923583219178e-06,0.9000311604048,0.90001520117929,2.5,2.5,-4.8050944520568e-06,-9.9999999999993e-05
0.22375,-0.037912063065438,0.57737298283364,0.61528504589908,0.99996384260817,0.99993709719897,0.99998079366077,0.99997170774105,1.3155475581509e-05,5.7434272893566e-22,5.73265419603e-06,3.0529630449331e-06,0.0099973237126096,-2.9099550206933e-06,2.9190835369363e-06,-4.4899919357423e-06,-5.1946941762371e-06,-2.7881867150979e-06,0.90003115144739,0.90001525649898,2.5,2.5,-4.8078755232691e-06,-0.00010000000000001
0.225,-0.037912063065438,0.57737298283364,0.61528504589908,0.99996379134551,0.99993711532541,0.99998080318112,0.99997171602622,1.3009873202781e-05,5.7302043634787e-22,5.7310076551445e-06,3.053670646655e-06,0.0099973201154259,-2.87774700986e-06,2.8867744921082e-06,-4.4939987651566e-06,-5.1952504935499e-06,-2.7840612805218e-06,0.90003114258912,0.90001531120645,2.5,2.5,-4.8106258129843e-06,-9.9999999999998e-05
0.22625,-0.037912063065438,0.57737298283364,0.61528504589908,0.99996374065017,0.99993713325124,0.99998081259609,0.9999717242197,1.2865882244131e-05,5.7171277906702e-22,5.7293793380944e-06,3.0543704181117e-06,0.0099973165580565,-2.8458955451685e-06,2.8548231116798e-06,-4.4979612493597e-06,-5.1958006532665e-06,-2.7799815070643e-06,0.90003113382889,0.90001536530846,2.5,2.5,-4.8133456619569e-06,-0.0001
0.2275,-0.037912063065438,0.57737298283364,0.61528504589908,0.99996369051589,0.99993715097866,0.99998082190686,0.99997173232248,1.2723484877827e-05,5.704195950758e-22,5.7277690432091e-06,3.0550624458256e-06,0.0099973130400606,-2.814396674774e-06,2.8232254314511e-06,-4.501879879004e-06,-5.1963447235657e-06,-2.7759468892545e-06,0.90003112516562,0.90001541881173,2.5,2.5,-4.8160354071646e-06,-9.9999999999999e-05
0.22875,-0.037912063065438,0.57737298283364,0.61528504589908,0.99996364093645,0.99993716850988,0.99998083111459,0.99997174033559,1.2582663472942e-05,5.6914072417313e-22,5.7261765709831e-06,3.0557468154356e-06,0.0099973095610025,-2.7832464910883e-06,2.7919775315905e-06,-4.5057551393232e-06,-5.1968827718679e-06,-2.7719569272217e-06,0.90003111659824,0.90001547172286,2.5,2.5,-4.8186953818503e-06,-9.9999999999994e-05
0.23,-0.037912063065438,0.57737298283364,0.61528504589908,0.99996359190571,0.99993718584706,0.9999808402204,0.99997174826,1.2443400593091e-05,5.6787600791966e-22,5.7246017241778e-06,3.0564236115708e-06,0.0099973061204511,-2.7524411301997e-06,2.7610755360367e-06,-4.5095875101919e-06,-5.197414864846e-06,-2.7680111266546e-06,0.90003110812568,0.90001552404842,2.5,2.5,-4.8213259155648e-06,-0.0001
0.23125,-0.037912063065438,0.57737298283364,0.61528504589908,0.99996354341761,0.99993720299235,0.99998084922543,0.99997175609671,1.2305678994374e-05,5.6662528963732e-22,5.7230443076911e-06,3.0570929179923e-06,0.0099973027179801,-2.7219767712131e-06,2.7305156119788e-06,-4.5133774661817e-06,-5.1979410684321e-06,-2.7641089986911e-06,0.90003109974689,0.90001557579487,2.5,2.5,-4.8239273342064e-06,-0.0001
0.2325,-0.037912063065438,0.57737298283364,0.61528504589908,0.99996349546615,0.99993721994789,0.99998085813079,0.99997176384668,1.216948162337e-05,5.6538841437943e-22,5.7215041286154e-06,3.0577548175104e-06,0.0099972993531681,-2.6918496359901e-06,2.7002939694023e-06,-4.5171254766245e-06,-5.1984614478302e-06,-2.7602500599049e-06,0.90003109146084,0.90001562696864,2.5,2.5,-4.8264999600634e-06,-9.9999999999999e-05
0.23375,-0.037912063065438,0.57737298283364,0.61528504589908,0.99996344804537,0.99993723671575,0.99998086693759,0.99997177151087,1.2034791614919e-05,5.6416522892002e-22,5.7199809961406e-06,3.0584093920273e-06,0.0099972960255981,-2.6620559884058e-06,2.6704068605001e-06,-4.5208320056644e-06,-5.1989760675169e-06,-2.7564338322164e-06,0.9000310832665,0.90001567757604,2.5,2.5,-4.8290441118527e-06,-0.0001
0.235,-0.037912063065438,0.57737298283364,0.61528504589908,0.99996340114942,0.99993725329804,0.99998087564692,0.99997177909024,1.1901592290176e-05,5.6295558172095e-22,5.7184747216352e-06,3.0590567225695e-06,0.0099972927348579,-2.6325921341532e-06,2.6408505793187e-06,-4.5244975123192e-06,-5.1994849912559e-06,-2.7526598428615e-06,0.90003107516285,0.90001572762336,2.5,2.5,-4.8315601047611e-06,-9.9999999999999e-05
0.23625,-0.037912063065438,0.57737298283364,0.61528504589908,0.99996335477249,0.99993726969679,0.99998088425985,0.99997178658572,1.176986715451e-05,5.6175932293894e-22,5.7169851184733e-06,3.0596968892319e-06,0.0099972894805399,-2.60345441986e-06,2.6116214611448e-06,-4.5281224505302e-06,-5.199988282105e-06,-2.7489276242752e-06,0.90003106714889,0.90001577711678,2.5,2.5,-4.8340482504835e-06,-0.0001
0.2375,-0.037912063065438,0.57737298283364,0.61528504589908,0.99996330890883,0.99993728591404,0.99998089277746,0.99997179399824,1.1639599895558e-05,5.6057630437232e-22,5.7155120021353e-06,3.0603299712448e-06,0.0099972862622408,-2.5746392329973e-06,2.5827158820584e-06,-4.5317072692234e-06,-5.2004860024203e-06,-2.7452367141041e-06,0.90003105922363,0.90001582606244,2.5,2.5,-4.8365088572625e-06,-9.9999999999998e-05
0.23875,-0.037912063065438,0.57737298283364,0.61528504589908,0.99996326355276,0.9999373019518,0.9999809012008,0.99997180132872,1.1510774381201e-05,5.5940637947538e-22,5.7140551901625e-06,3.0609560469799e-06,0.0099972830795621,-2.5461430012008e-06,2.5541302584759e-06,-4.5352524123644e-06,-5.2009782138717e-06,-2.7415866551102e-06,0.90003105138609,0.9000158744664,2.5,2.5,-4.8389422299265e-06,-9.9999999999995e-05
0.24,-0.037912063065438,0.57737298283364,0.61528504589908,0.99996321869868,0.99993731781205,0.9999809095309,0.99997180857807,1.1383374657549e-05,5.5824940331097e-22,5.7126145020836e-06,3.0615751939293e-06,0.0099972799321094,-2.5179621918408e-06,2.5258610467369e-06,-4.5387583190074e-06,-5.2014649774387e-06,-2.737976995108e-06,0.9000310436353,0.90001592233465,2.5,2.5,-4.8413486699273e-06,-9.9999999999991e-05
0.24125,-0.037912063065438,0.57737298283364,0.61528504589908,0.99996317434102,0.99993733349676,0.99998091776881,0.99997181574718,1.1257384947114e-05,5.5710523256266e-22,5.7111897594574e-06,3.0621874887395e-06,0.0099972768194927,-2.4900933115529e-06,2.4979047425225e-06,-4.5422254233556e-06,-5.2019463534292e-06,-2.7344072869333e-06,0.90003103597029,0.90001596967311,2.5,2.5,-4.8437284753788e-06,-0.00010000000000001
0.2425,-0.037912063065438,0.57737298283364,0.61528504589908,0.99996313047428,0.99993734900788,0.99998092591555,0.99997182283694,1.1132789646706e-05,5.5597372549048e-22,5.7097807857436e-06,3.0627930072153e-06,0.0099972737413266,-2.4625329058815e-06,2.4702578805313e-06,-4.5456541548091e-06,-5.2024224014832e-06,-2.7308770883631e-06,0.90003102839011,0.90001601648766,2.5,2.5,-4.846081941093e-06,-0.00010000000000001
0.24375,-0.037912063065438,0.57737298283364,0.61528504589908,0.99996308709305,0.99993736434732,0.99998093397212,0.99997182984823,1.1009573325671e-05,5.5485474191846e-22,5.7083874064912e-06,3.0633918242846e-06,0.0099972706972296,-2.4352775587724e-06,2.4429170340035e-06,-4.5490449380206e-06,-5.2028931805774e-06,-2.7273859620714e-06,0.90003102089383,0.90001606278408,2.5,2.5,-4.8484093586171e-06,-9.9999999999994e-05
0.245,-0.037912063065438,0.57737298283364,0.61528504589908,0.99996304419194,0.99993737951699,0.99998094193951,0.99997183678192,1.0887720723956e-05,5.5374814324019e-22,5.7070094490501e-06,3.0639840141335e-06,0.0099972676868248,-2.4083238920169e-06,2.4158788141318e-06,-4.55239819295e-06,-5.2033587490368e-06,-2.7239334755965e-06,0.90003101348052,0.90001610856812,2.5,2.5,-4.8507110162701e-06,-0.0001
0.24625,-0.037912063065438,0.57737298283364,0.61528504589908,0.99996300176565,0.99993739451875,0.99998094981873,0.99997184363888,1.0767216750153e-05,5.526537923704e-22,5.7056467427328e-06,3.0645696500266e-06,0.0099972647097391,-2.3816685650637e-06,2.3891398699119e-06,-4.5557143349096e-06,-5.2038191645401e-06,-2.7205192012318e-06,0.90003100614926,0.90001615384544,2.5,2.5,-4.8529871991777e-06,-9.9999999999993e-05
0.2475,-0.037912063065438,0.57737298283364,0.61528504589908,0.99996295980892,0.99993740935448,0.99998095761074,0.99997185041993,1.0648046479782e-05,5.5157155374771e-22,5.7042991187178e-06,3.0651488045182e-06,0.0099972617656037,-2.3553082744113e-06,2.3626968874448e-06,-4.55899377462e-06,-5.2042744841262e-06,-2.7171427160366e-06,0.90003099889915,0.90001619862164,2.5,2.5,-4.8552381893093e-06,-0.0001
0.24875,-0.037912063065438,0.57737298283364,0.61528504589908,0.99996291831654,0.99993742402601,0.99998096531651,0.99997185712594,1.0530195153333e-05,5.505012933026e-22,5.7029664101266e-06,3.0657215492963e-06,0.009997258854054,-2.3292397532008e-06,2.3365465896925e-06,-4.5622369182585e-06,-5.204724764203e-06,-2.7138036017286e-06,0.90003099172927,0.90001624290228,2.5,2.5,-4.8574642655115e-06,-9.9999999999996e-05
0.25,-0.037912063065438,0.57737298283364,0.61528504589908,0.9999628772834,0.99993743853516,0.99998097293699,0.99997186375773,1.0413648174587e-05,5.494428784611e-22,5.7016484518454e-06,3.0662879552747e-06,0.0099972559747293,-2.3034597709781e-06,2.3106857359699e-06,-4.5654441675098e-06,-5.2051700605529e-06,-2.7105014446877e-06,0.90003098463876,0.90001628669284,2.5,2.5,-4.8596657035438e-06,-9.9999999999991e-05
0.25125,-0.037912063065438,0.57737298283364,0.61528504589908,0.99996283670439,0.99993745288372,0.99998098047313,0.99997187031611,1.0298391108664e-05,5.483961781125e-22,5.7003450806158e-06,3.0668480926089e-06,0.0099972531272729,-2.2779651328603e-06,2.2851111215089e-06,-4.5686159196184e-06,-5.2056104283408e-06,-2.707235835829e-06,0.90003097762672,0.90001632999874,2.5,2.5,-4.8618427761119e-06,-0.00010000000000002
0.2525,-0.037912063065438,0.57737298283364,0.61528504589908,0.9999627965745,0.99993746707347,0.99998098792586,0.99997187680191,1.0184409680353e-05,5.4736106259834e-22,5.6990561350126e-06,3.0674020306531e-06,0.009997250311332,-2.252752679827e-06,2.2598195772552e-06,-4.571752567432e-06,-5.2060459221211e-06,-2.7040063706452e-06,0.90003097069228,0.90001637282535,2.5,2.5,-4.8639957529032e-06,-9.9999999999994e-05
0.25375,-0.037912063065438,0.57737298283364,0.61528504589908,0.99996275688876,0.99993748110617,0.9999809952961,0.99997188321592,1.0071689772359e-05,5.4633740369397e-22,5.6977814553301e-06,3.0679498379785e-06,0.0099972475265579,-2.2278192875248e-06,2.2348079691283e-06,-4.5748544994531e-06,-5.2064765958425e-06,-2.7008126490755e-06,0.9000309638346,0.90001641517796,2.5,2.5,-4.8661249006182e-06,-0.00010000000000001
0.255,-0.037912063065438,0.57737298283364,0.61528504589908,0.99996271764225,0.99993749498355,0.99998100258478,0.99997188955894,9.9602174234855e-06,5.4532507459251e-22,5.6965208837212e-06,3.0684915824175e-06,0.0099972447726056,-2.2031618664657e-06,2.210073197935e-06,-4.5779220998871e-06,-5.2069025028576e-06,-2.6976542754931e-06,0.90003095705282,0.90001645706183,2.5,2.5,-4.8682304830056e-06,-9.9999999999989e-05
0.25625,-0.037912063065438,0.57737298283364,0.61528504589908,0.99996267883011,0.99993750870735,0.99998100979278,0.99997189583176,9.849978826984e-06,5.4432394989565e-22,5.6952742640018e-06,3.0690273310953e-06,0.0099972420491339,-2.1787773613165e-06,2.1856121987886e-06,-4.5809557486878e-06,-5.2073236959277e-06,-2.694530858658e-06,0.9000309503461,0.90001649848214,2.5,2.5,-4.8703127608934e-06,-9.9999999999995e-05
0.2575,-0.037912063065438,0.57737298283364,0.61528504589908,0.99996264044753,0.99993752227925,0.999981016921,0.99997190203515,9.7409603288506e-06,5.4333390559227e-22,5.6940414417626e-06,3.0695571503134e-06,0.0099972393558055,-2.1546627508335e-06,2.1614219408859e-06,-4.583955821608e-06,-5.207740227231e-06,-2.6914420116654e-06,0.90003094371361,0.90001653944403,2.5,2.5,-4.8723719922227e-06,-0.00010000000000001
0.25875,-0.037912063065438,0.57737298283364,0.61528504589908,0.99996260248976,0.99993753570093,0.99998102397033,0.99997190816989,9.6331484260766e-06,5.4235481903973e-22,5.6928222642861e-06,3.0700811057358e-06,0.0099972366922867,-2.1308150469652e-06,2.1374994269091e-06,-4.5869226902416e-06,-5.2081521483649e-06,-2.6883873518819e-06,0.90003093715453,0.90001657995256,2.5,2.5,-4.8744084320784e-06,-0.0001
0.26,-0.037912063065438,0.57737298283364,0.61528504589908,0.9999625649521,0.99993754897407,0.99998103094164,0.99997191423672,9.5265297650395e-06,5.4138656895516e-22,5.691616580578e-06,3.0705992621996e-06,0.0099972340582475,-2.1072312950827e-06,2.1138416928804e-06,-4.5898567220716e-06,-5.2085595103601e-06,-2.6853665009168e-06,0.90003093066804,0.90001662001275,2.5,2.5,-4.876422332722e-06,-9.9999999999997e-05
0.26125,-0.037912063065438,0.57737298283364,0.61528504589908,0.9999625278299,0.9999375621003,0.99998103783579,0.99997192023641,9.421091139894e-06,5.4042903540317e-22,5.690424241266e-06,3.0711116839044e-06,0.0099972314533618,-2.083908573081e-06,2.0904458075824e-06,-4.5927582805164e-06,-5.2089623636774e-06,-2.6823790845674e-06,0.90003092425334,0.90001665962957,2.5,2.5,-4.8784139436222e-06,-0.0001
0.2625,-0.037912063065438,0.57737298283364,0.61528504589908,0.99996249111856,0.99993757508125,0.99998104465363,0.99997192616969,9.316819490828e-06,5.394820997654e-22,5.6892450986892e-06,3.0716184343134e-06,0.0099972288773068,-2.0608439914002e-06,2.0673088723667e-06,-4.595627724972e-06,-5.2093607582211e-06,-2.6794247327718e-06,0.90003091790965,0.90001669880792,2.5,2.5,-4.8803835114861e-06,-0.00010000000000001
0.26375,-0.037912063065438,0.57737298283364,0.61528504589908,0.99996245481354,0.99993758791853,0.99998105139602,0.99997193203731,9.2137019025667e-06,5.3854564475252e-22,5.6880790067215e-06,3.0721195761649e-06,0.0099972263297635,-2.0380346924087e-06,2.0444280206413e-06,-4.598465410856e-06,-5.2097547433435e-06,-2.6765030795667e-06,0.90003091163616,0.90001673755265,2.5,2.5,-4.8823312802898e-06,-9.9999999999996e-05
0.265,-0.037912063065438,0.57737298283364,0.61528504589908,0.99996241891033,0.99993760061373,0.99998105806378,0.99997193783998,9.1117256026678e-06,5.3761955435393e-22,5.6869258209941e-06,3.0726151715308e-06,0.0099972238104162,-2.0154778502323e-06,2.0218004176798e-06,-4.6012716896593e-06,-5.2101443678492e-06,-2.6736137630382e-06,0.90003090543211,0.90001677586857,2.5,2.5,-4.8842574913085e-06,-9.9999999999995e-05
0.26625,-0.037912063065438,0.57737298283364,0.61528504589908,0.99996238340449,0.99993761316841,0.99998106465775,0.99997194357843,9.0108779600807e-06,5.3670371386217e-22,5.685785398574e-06,3.0731052817995e-06,0.0099972213189528,-1.9931706701809e-06,1.9994232600387e-06,-4.6040469089778e-06,-5.210529680003e-06,-2.6707564252759e-06,0.90003089929672,0.90001681376041,2.5,2.5,-4.8861623831469e-06,-9.9999999999997e-05
0.2675,-0.037912063065438,0.57737298283364,0.61528504589908,0.99996234829162,0.99993762558415,0.99998107117873,0.99997194925336,8.9111464834284e-06,5.357980098241e-22,5.6846575982984e-06,3.0735899676665e-06,0.0099972188550648,-1.9711103887542e-06,1.9772937754727e-06,-4.6067914125653e-06,-5.2109107275374e-06,-2.6679307123492e-06,0.90003089322924,0.90001685123288,2.5,2.5,-4.888046191768e-06,-0.00010000000000001
0.26875,-0.037912063065438,0.57737298283364,0.61528504589908,0.99996231356738,0.99993763786246,0.99998107762754,0.99997195486549,8.8125188196238e-06,5.3490233005146e-22,5.6835422804054e-06,3.0740692891617e-06,0.009997216418447,-1.9492942727496e-06,1.9554092223165e-06,-4.6095055403681e-06,-5.2112875576521e-06,-2.6651362742162e-06,0.90003088722892,0.90001688829061,2.5,2.5,-4.8899091505232e-06,-9.9999999999997e-05
0.27,-0.037912063065438,0.57737298283364,0.61528504589908,0.99996227922745,0.99993765000489,0.99998108400498,0.9999719604155,8.7149827521942e-06,5.3401656359761e-22,5.6824393067149e-06,3.0745433056472e-06,0.0099972140087975,-1.9277196195455e-06,1.9337668894154e-06,-4.6121896285738e-06,-5.2116602170287e-06,-2.6623727647273e-06,0.900030881295,0.90001692493819,2.5,2.5,-4.8917514901807e-06,-0.00010000000000001
0.27125,-0.037912063065438,0.57737298283364,0.61528504589908,0.9999622452676,0.99993766201292,0.99998109031183,0.99997196590408,8.6185261998902e-06,5.3314060073591e-22,5.6813485406791e-06,3.0750120758366e-06,0.0099972116258178,-1.9063837563082e-06,1.9123640955257e-06,-4.614844009649e-06,-5.2120287518296e-06,-2.6596398415684e-06,0.90003087542676,0.90001696118017,2.5,2.5,-4.8935734389543e-06,-9.9999999999993e-05
0.2725,-0.037912063065438,0.57737298283364,0.61528504589908,0.99996221168361,0.99993767388804,0.99998109654887,0.99997197133192,8.5231372151059e-06,5.3227433296528e-22,5.6802698471403e-06,3.0754756578015e-06,0.0099972092692127,-1.8852840398431e-06,1.8911981892022e-06,-4.6174690123806e-06,-5.2123932077053e-06,-2.6569371662057e-06,0.90003086962347,0.90001699702103,2.5,2.5,-4.8953752225316e-06,-0.0001
0.27375,-0.037912063065438,0.57737298283364,0.61528504589908,0.99996217847132,0.99993768563174,0.99998110271689,0.99997197669968,8.4288039824741e-06,5.3141765297368e-22,5.6792030924586e-06,3.075934108928e-06,0.0099972069386904,-1.8644178561635e-06,1.87026654828e-06,-4.6200649619186e-06,-5.2127536298026e-06,-2.6542644038462e-06,0.90003086388442,0.9000170324652,2.5,2.5,-4.8971570641021e-06,-9.9999999999997e-05
0.275,-0.037912063065438,0.57737298283364,0.61528504589908,0.99996214562662,0.99993769724545,0.99998110881664,0.99997198200804,8.335514817367e-06,5.305704546471e-22,5.6781481445509e-06,3.0763874860255e-06,0.0099972046339621,-1.8437826204257e-06,1.8495665797394e-06,-4.6226321798126e-06,-5.21311006277e-06,-2.65162122342e-06,0.90003085820888,0.90001706751709,2.5,2.5,-4.898919184385e-06,-0.0001
0.27625,-0.037912063065438,0.57737298283364,0.61528504589908,0.99996211314544,0.99993770873063,0.99998111484888,0.99997198725764,8.2432581644028e-06,5.2973263304863e-22,5.6771048726956e-06,3.0768358452255e-06,0.0099972023547424,-1.8233757762102e-06,1.8290957191777e-06,-4.6251709840559e-06,-5.2134625507578e-06,-2.6490072975182e-06,0.90003085259615,0.90001710218104,2.5,2.5,-4.900661801656e-06,-0.0001
0.2775,-0.037912063065438,0.57737298283364,0.61528504589908,0.99996208102376,0.99993772008869,0.99998112081435,0.99997199244913,8.1520225961779e-06,5.2890408438852e-22,5.6760731476906e-06,3.0772792420942e-06,0.0099972001007489,-1.8031947954753e-06,1.8088514306574e-06,-4.6276816891234e-06,-5.2138111374289e-06,-2.646422302336e-06,0.90003084704555,0.90001713646133,2.5,2.5,-4.9023851317753e-06,-9.9999999999999e-05
0.27875,-0.037912063065438,0.57737298283364,0.61528504589908,0.9999620492576,0.99993773132104,0.9999811267138,0.99997199758317,8.0617968116282e-06,5.2808470603874e-22,5.6750528416908e-06,3.0777177315323e-06,0.0099971978717025,-1.7832371782247e-06,1.788831206274e-06,-4.6301646060074e-06,-5.2141558659662e-06,-2.6438659176818e-06,0.90003084155639,0.90001717036221,2.5,2.5,-4.9040893882132e-06,-0.0001
0.28,-0.037912063065438,0.57737298283364,0.61528504589908,0.99996201784302,0.99993774242907,0.99998113254795,0.99997200266039,7.9725696347902e-06,5.2727439649575e-22,5.6740438283866e-06,3.0781513678469e-06,0.0099971956673269,-1.7635004520994e-06,1.7690325659834e-06,-4.6326200422605e-06,-5.2144967790708e-06,-2.6413378268802e-06,0.90003083612797,0.90001720388788,2.5,2.5,-4.9057747820774e-06,-9.9999999999999e-05
0.28125,-0.037912063065438,0.57737298283364,0.61528504589908,0.99996198677613,0.99993775341415,0.99998113831753,0.99997200768141,7.8843300134402e-06,5.2647305539239e-22,5.673045982721e-06,3.0785802047633e-06,0.0099971934873492,-1.7439821722064e-06,1.7494530571291e-06,-4.6350483020291e-06,-5.2148339189727e-06,-2.6388377167932e-06,0.90003083075964,0.9000172370425,2.5,2.5,-4.9074415221392e-06,-9.9999999999998e-05
0.2825,-0.037912063065438,0.57737298283364,0.61528504589908,0.99996195605308,0.99993776427766,0.99998114402325,0.99997201264686,7.7970670175411e-06,5.2568058346523e-22,5.6720591811394e-06,3.0790042953695e-06,0.0099971913314993,-1.7246799205138e-06,1.7300902541983e-06,-4.6374496860984e-06,-5.2151673274323e-06,-2.6363652777146e-06,0.90003082545072,0.90001726983017,2.5,2.5,-4.9090898148585e-06,-0.0001
0.28375,-0.037912063065438,0.57737298283364,0.61528504589908,0.99996192567008,0.99993777502093,0.99998114966583,0.99997201755735,7.7107698381422e-06,5.2489688254608e-22,5.6710833013773e-06,3.0794236922227e-06,0.0099971891995101,-1.7055913059661e-06,1.7109417585849e-06,-4.6398244919195e-06,-5.2154970457501e-06,-2.6339202033855e-06,0.90003082020057,0.90001730225495,2.5,2.5,-4.9107198644106e-06,-0.00010000000000001
0.285,-0.037912063065438,0.57737298283364,0.61528504589908,0.99996189562335,0.99993778564529,0.99998115524595,0.99997202241349,7.6254277857973e-06,5.2412185556427e-22,5.6701182225683e-06,3.0798384472628e-06,0.0099971870911177,-1.6867139639615e-06,1.6920051982801e-06,-4.6421730136576e-06,-5.2158231147718e-06,-2.63150219093e-06,0.90003081500852,0.90001733432086,2.5,2.5,-4.9123318727104e-06,-9.9999999999998e-05
0.28625,-0.037912063065438,0.57737298283364,0.61528504589908,0.99996186590917,0.99993779615207,0.99998116076431,0.99997202721589,7.5410302894338e-06,5.2335540651613e-22,5.6691638251568e-06,3.0802486118453e-06,0.0099971850060607,-1.6680455560387e-06,1.6732782274252e-06,-4.6444955422172e-06,-5.2161455748851e-06,-2.6291109408457e-06,0.90003080987393,0.90001736603187,2.5,2.5,-4.9139260394383e-06,-9.9999999999993e-05
0.2875,-0.037912063065438,0.57737298283364,0.61528504589908,0.99996183652387,0.99993780654256,0.9999811662216,0.99997203196513,7.4575668949379e-06,5.225974404557e-22,5.6682199909219e-06,3.0806542368097e-06,0.009997182944081,-1.6495837694848e-06,1.6547585261823e-06,-4.6467923652847e-06,-5.2164644660337e-06,-2.6267461569023e-06,0.90003080479618,0.9000173973919,2.5,2.5,-4.9155025620643e-06,-0.00010000000000001
0.28875,-0.037912063065438,0.57737298283364,0.61528504589908,0.9999618074638,0.99993781681804,0.99998117161848,0.99997203666181,7.3750272638925e-06,5.2184786349745e-22,5.6672866029738e-06,3.0810553723744e-06,0.0099971809049231,-1.6313263175043e-06,1.6364438004626e-06,-4.6490637673638e-06,-5.2167798277201e-06,-2.6244075461907e-06,0.90003079977462,0.90001742840485,2.5,2.5,-4.9170616358728e-06,-0.0001
0.29,-0.037912063065438,0.57737298283364,0.61528504589908,0.99996177872536,0.9999378269798,0.99998117695564,0.99997204130651,7.2934011722595e-06,5.2110658279134e-22,5.6663635456567e-06,3.0814520682257e-06,0.0099971788883344,-1.613270938378e-06,1.6183317815003e-06,-4.6513100298094e-06,-5.2170916990079e-06,-2.6220948190222e-06,0.90003079480865,0.90001745907456,2.5,2.5,-4.9186034539867e-06,-9.9999999999995e-05
0.29125,-0.037912063065438,0.57737298283364,0.61528504589908,0.999961750305,0.99993783702909,0.99998118223372,0.9999720458998,7.2126785092285e-06,5.2037350651477e-22,5.6654507046725e-06,3.0818443734945e-06,0.0099971768940652,-1.5954153954519e-06,1.6004202256562e-06,-4.6535314308622e-06,-5.2174001185286e-06,-2.6198076889095e-06,0.90003078989763,0.90001748940481,2.5,2.5,-4.9201282073913e-06,-0.0001
0.2925,-0.037912063065438,0.57737298283364,0.61528504589908,0.99996172219919,0.99993784696715,0.99998118745338,0.99997205044225,7.1328492758176e-06,5.1964854386142e-22,5.6645553066327e-06,3.0822323367929e-06,0.0099971749218684,-1.5777574769613e-06,1.5827069141493e-06,-4.6557282456828e-06,-5.2177051244874e-06,-2.6175458725627e-06,0.90003078504098,0.90001751939938,2.5,2.5,-4.9216360849583e-06,-0.0001
0.29375,-0.037912063065438,0.57737298283364,0.61528504589908,0.99996169440445,0.99993785679522,0.99998119261528,0.99997205493443,7.0539035837369e-06,5.1893160503004e-22,5.6652765516799e-06,3.0826160061684e-06,0.0099971729714996,-1.5602949955035e-06,1.5651896527796e-06,-4.6579007463868e-06,-5.2180067546639e-06,-2.6153090898008e-06,0.90003078023807,0.90001754906197,2.5,2.5,-4.9231272734683e-06,-9.9999999999997e-05
0.295,-0.037912063065438,0.57737298283364,0.61528504589908,0.99996166691734,0.99993786651451,0.99998119772004,0.99997205937689,6.9758316541187e-06,5.1822260121334e-22,5.6659898141231e-06,3.0829954291512e-06,0.0099971710427174,-1.5430257879122e-06,1.5478662715938e-06,-4.6600492020802e-06,-5.2183050464232e-06,-2.6130970635472e-06,0.90003077548832,0.90001757839626,2.5,2.5,-4.9246019576353e-06,-0.0001
0.29625,-0.037912063065438,0.57737298283364,0.61528504589908,0.99996163973446,0.99993787612624,0.9999812027683,0.99997206377017,6.8986238163051e-06,5.1752144458617e-22,5.6666951822596e-06,3.0833706527182e-06,0.0099971691352827,-1.5259477150523e-06,1.5307346247054e-06,-4.6621738788875e-06,-5.2186000367137e-06,-2.6109095198083e-06,0.90003077079115,0.90001760740589,2.5,2.5,-4.9260603201286e-06,-0.00010000000000001
0.2975,-0.037912063065438,0.57737298283364,0.61528504589908,0.99996161285243,0.99993788563158,0.99998120776069,0.99997206811484,6.8222705067271e-06,5.1682804830088e-22,5.6673927434777e-06,3.0837417233586e-06,0.0099971672489594,-1.5090586613509e-06,1.5137925899268e-06,-4.6642750399911e-06,-5.2188917620763e-06,-2.6087461876066e-06,0.90003076614596,0.90001763609443,2.5,2.5,-4.9275025415953e-06,-9.9999999999985e-05
0.29875,-0.037912063065438,0.57737298283364,0.61528504589908,0.99996158626793,0.99993789503171,0.99998121269782,0.99997207241142,6.7467622675799e-06,5.161423264603e-22,5.6680825841527e-06,3.0841086870337e-06,0.0099971653835137,-1.4923565346922e-06,1.4970380686069e-06,-4.6663529456597e-06,-5.2191802586463e-06,-2.6066067989706e-06,0.90003076155218,0.90001766446546,2.5,2.5,-4.9289288006835e-06,-0.00010000000000001
0.3,-0.037912063065438,0.57737298283364,0.61528504589908,0.99996155997766,0.99993790432781,0.99998121758031,0.99997207666044,6.6720897457823e-06,5.1546419412525e-22,5.6687647897736e-06,3.0844715892247e-06,0.0099971635387146,-1.4758392662223e-06,1.4804689853272e-06,-4.6684078532786e-06,-5.2194655621617e-06,-2.6044910889082e-06,0.90003075700925,0.90001769252249,2.5,2.5,-4.9303392740638e-06,-9.9999999999999e-05
0.30125,-0.037912063065438,0.57737298283364,0.61528504589908,0.99996153397837,0.99993791352101,0.99998122240877,0.99997208086244,6.5982436917318e-06,5.1479356730281e-22,5.6694394448291e-06,3.0848304748339e-06,0.0099971617143337,-1.4595048097967e-06,1.4640832876265e-06,-4.6704400173875e-06,-5.2197477079625e-06,-2.6023987953215e-06,0.90003075251659,0.90001772026898,2.5,2.5,-4.9317341364514e-06,-0.0001
0.3025,-0.037912063065438,0.57737298283364,0.61528504589908,0.99996150826684,0.99993792261247,0.99998122718378,0.99997208501792,6.5252149582453e-06,5.1413036291031e-22,5.6701066328786e-06,3.0851853883276e-06,0.0099971599101447,-1.4433511421201e-06,1.4478789457754e-06,-4.6724496897089e-06,-5.2200267309975e-06,-2.6003296590567e-06,0.90003074807367,0.90001774770838,2.5,2.5,-4.9331135606279e-06,-9.9999999999994e-05
0.30375,-0.037912063065438,0.57737298283364,0.61528504589908,0.99996148283989,0.99993793160331,0.99998123190594,0.99997208912742,6.4529944993381e-06,5.1347449881017e-22,5.6707664365647e-06,3.0855363736995e-06,0.0099971581259244,-1.4273762621533e-06,1.4318539525001e-06,-4.6744371191797e-06,-5.2203026658299e-06,-2.5982834238075e-06,0.90003074367991,0.90001777484408,2.5,2.5,-4.9344777174623e-06,-9.9999999999999e-05
0.305,-0.037912063065438,0.57737298283364,0.61528504589908,0.99996145769435,0.99993794049463,0.99998123657583,0.99997209319143,6.3815733691264e-06,5.1282589375169e-22,5.6714189376321e-06,3.0858834744148e-06,0.0099971563614517,-1.4115781910418e-06,1.4160063227437e-06,-4.6764025519781e-06,-5.2205755466386e-06,-2.596259836099e-06,0.90003073933479,0.90001780167945,2.5,2.5,-4.9358267759324e-06,-9.9999999999992e-05
0.30625,-0.037912063065438,0.57737298283364,0.61528504589908,0.99996143282712,0.99993794928755,0.99998124119404,0.99997209721046,6.3109427207819e-06,5.1218446739188e-22,5.6720642168859e-06,3.0862267334404e-06,0.0099971546165079,-1.3959549719195e-06,1.4003340934528e-06,-4.6783462315619e-06,-5.2208454072277e-06,-2.5942586452829e-06,0.90003073503776,0.90001782821781,2.5,2.5,-4.9371609031461e-06,-0.00010000000000001
0.3075,-0.037912063065438,0.57737298283364,0.61528504589908,0.99996140823512,0.99993795798315,0.99998124576114,0.99997210118501,6.2410938053718e-06,5.1155014028212e-22,5.672702354272e-06,3.0865661933438e-06,0.0099971528908771,-1.3805046694103e-06,1.3848353232536e-06,-4.680268398693e-06,-5.2211122810234e-06,-2.5922796034577e-06,0.90003073078828,0.90001785446245,2.5,2.5,-4.9384802643612e-06,-0.00010000000000001
0.30875,-0.037912063065438,0.57737298283364,0.61528504589908,0.99996138391531,0.9999379665825,0.99998125027769,0.99997210511557,6.1720179707245e-06,5.1092283384699e-22,5.6733334288122e-06,3.0869018961059e-06,0.0099971511843454,-1.3652253697832e-06,1.369508092338e-06,-4.6821692914679e-06,-5.2213762010833e-06,-2.5903224654915e-06,0.90003072658584,0.90001788041662,2.5,2.5,-4.9397850230068e-06,-9.9999999999983e-05
0.31,-0.037912063065438,0.57737298283364,0.61528504589908,0.99996135986466,0.99993797508668,0.99998125474425,0.99997210900263,6.1037066605832e-06,5.103024703803e-22,5.6739575187037e-06,3.0872338833733e-06,0.0099971494967014,-1.3501151802268e-06,1.3543505020298e-06,-4.6840491453488e-06,-5.2216372000994e-06,-2.5883869889424e-06,0.90003072242991,0.90001790608353,2.5,2.5,-4.9410753407032e-06,-0.0001
0.31125,-0.037912063065438,0.57737298283364,0.61528504589908,0.9999613360802,0.99993798349673,0.99998125916137,0.99997211284667,6.0361514132177e-06,5.0968897304083e-22,5.6745747012318e-06,3.0875621962308e-06,0.0099971478277361,-1.3351722291748e-06,1.3393606748062e-06,-4.6859081931902e-06,-5.2218953104014e-06,-2.5864729340808e-06,0.90003071831998,0.90001793146636,2.5,2.5,-4.9423513772814e-06,-0.0001
0.3125,-0.037912063065438,0.57737298283364,0.61528504589908,0.99996131255899,0.99993799181371,0.99998126352961,0.99997211664816,5.969343860652e-06,5.0908226582739e-22,5.6751850528517e-06,3.0878868753641e-06,0.0099971461772428,-1.3203946654873e-06,1.3245367538169e-06,-4.6877466652737e-06,-5.2221505639621e-06,-2.5845800637941e-06,0.90003071425554,0.90001795656826,2.5,2.5,-4.943613290804e-06,-0.0001
0.31375,-0.037912063065438,0.57737298283364,0.61528504589908,0.9999612892981,0.99993800003863,0.9999812678495,0.99997212040757,5.9032757274922e-06,5.0848227360089e-22,5.675788649174e-06,3.0882079609826e-06,0.009997144545017,-1.3057806587259e-06,1.3098769028201e-06,-4.6895647893262e-06,-5.2224029923984e-06,-2.5827081436217e-06,0.90003071023608,0.90001798139233,2.5,2.5,-4.9448612375837e-06,-0.0001
0.315,-0.037912063065438,0.57737298283364,0.61528504589908,0.99996126629467,0.99993800817252,0.99998127212158,0.99997212412538,5.8379388299495e-06,5.0788892202964e-22,5.6763855649463e-06,3.0885254928439e-06,0.0099971429308565,-1.2913283987006e-06,1.2953793059109e-06,-4.6913627905588e-06,-5.2226526269809e-06,-2.5808569416987e-06,0.90003070626111,0.90001800594165,2.5,2.5,-4.9460953722035e-06,-9.9999999999994e-05
0.31625,-0.037912063065438,0.57737298283364,0.61528504589908,0.99996124354583,0.99993801621638,0.99998127634637,0.99997212780204,5.7733250747803e-06,5.0730213761801e-22,5.6769758741154e-06,3.0888395103029e-06,0.0099971413345614,-1.2770360950112e-06,1.2810421671999e-06,-4.6931408916889e-06,-5.2228994986299e-06,-2.5790262286936e-06,0.90003070233014,0.90001803021927,2.5,2.5,-4.9473158475349e-06,-0.0001
0.3175,-0.037912063065438,0.57737298283364,0.61528504589908,0.99996122104878,0.99993802417122,0.9999812805244,0.999972131438,5.7094264583555e-06,5.0672184768468e-22,5.6775596497986e-06,3.0891500522629e-06,0.0099971397559339,-1.2629019775012e-06,1.2668637108256e-06,-4.694899312967e-06,-5.2231436379256e-06,-2.5772157778645e-06,0.90003069844267,0.90001805422819,2.5,2.5,-4.9485228147583e-06,-0.00010000000000001
0.31875,-0.037912063065438,0.57737298283364,0.61528504589908,0.99996119880072,0.99993803203801,0.9999812846562,0.99997213503373,5.646235065577e-06,5.0614798034439e-22,5.6781369643279e-06,3.089457157168e-06,0.0099971381947785,-1.248924295139e-06,1.252842180393e-06,-4.6966382722097e-06,-5.2233850751096e-06,-2.5754253649274e-06,0.90003069459823,0.90001807797137,2.5,2.5,-4.9497164233799e-06,-9.9999999999991e-05
0.32,-0.037912063065438,0.57737298283364,0.61528504589908,0.9999611767989,0.99993803981773,0.99998128874226,0.99997213858965,5.583743068981e-06,5.0558046451321e-22,5.6787078891985e-06,3.0897608630928e-06,0.0099971366509019,-1.2351013166473e-06,1.2389758390943e-06,-4.6983579848177e-06,-5.2236238400891e-06,-2.5736547681255e-06,0.90003069079633,0.90001810145177,2.5,2.5,-4.9508968212518e-06,-9.9999999999993e-05
0.32125,-0.037912063065438,0.57737298283364,0.61528504589908,0.9999611550406,0.99993804751135,0.9999812927831,0.99997214210622,5.5219427277704e-06,5.0501922989565e-22,5.67927249513e-06,3.0900612075955e-06,0.0099971351241127,-1.2214313297093e-06,1.2252629693368e-06,-4.7000586638138e-06,-5.223859962439e-06,-2.5719037681142e-06,0.90003068703652,0.9000181246723,2.5,2.5,-4.9520641545894e-06,-0.00010000000000001
0.3225,-0.037912063065438,0.57737298283364,0.61528504589908,0.99996113352311,0.99993805511982,0.99998129677921,0.99997214558387,5.460826386754e-06,5.044642069717e-22,5.6798308520712e-06,3.0903582279338e-06,0.0099971336142219,-1.2079126410782e-06,1.2117018724493e-06,-4.7017405198571e-06,-5.2240934714095e-06,-2.570172148015e-06,0.90003068331832,0.90001814763582,2.5,2.5,-4.95321856799e-06,-9.9999999999991e-05
0.32375,-0.037912063065438,0.57737298283364,0.61528504589908,0.99996111224378,0.99993806264407,0.9999813007311,0.99997214902303,5.4003864754672e-06,5.039153269897e-22,5.6803830291519e-06,3.090651960868e-06,0.0099971321210424,-1.194543576084e-06,1.1982908686112e-06,-4.70340376128e-06,-5.2243243959234e-06,-2.568459693324e-06,0.90003067964127,0.90001817034519,2.5,2.5,-4.9543602044501e-06,-0.0001
0.325,-0.037912063065438,0.57737298283364,0.61528504589908,0.99996109119997,0.99993807008505,0.99998130463924,0.99997215242412,5.3406155073278e-06,5.0337252195988e-22,5.680929094833e-06,3.090942442809e-06,0.0099971306443893,-1.1813224787914e-06,1.1850282966314e-06,-4.7050485941056e-06,-5.2245527645865e-06,-2.5667661919238e-06,0.90003067600493,0.90001819280321,2.5,2.5,-4.9554892053842e-06,-0.0001
0.32625,-0.037912063065438,0.57737298283364,0.61528504589908,0.99996107038906,0.99993807744367,0.99998130850413,0.99997215578757,5.2815060784853e-06,5.028357246472e-22,5.6814691166847e-06,3.0912297097188e-06,0.0099971291840797,-1.168247711448e-06,1.1719125136454e-06,-4.7066752220788e-06,-5.2247786056861e-06,-2.5650914340394e-06,0.90003067240882,0.90001821501267,2.5,2.5,-4.9566057106407e-06,-0.00010000000000001
0.3275,-0.037912063065438,0.57737298283364,0.61528504589908,0.99996104980849,0.99993808472085,0.99998131232625,0.99997215911379,5.2230508671212e-06,5.0230486855246e-22,5.6820031616126e-06,3.0915137971944e-06,0.0099971277399326,-1.1553176544764e-06,1.1589418949826e-06,-4.7082838466902e-06,-5.2250019471969e-06,-2.5634352122212e-06,0.90003066885252,0.90001823697631,2.5,2.5,-4.957709858521e-06,-9.9999999999986e-05
0.32875,-0.037912063065438,0.57737298283364,0.61528504589908,0.99996102945571,0.99993809191748,0.99998131610606,0.9999721624032,5.165242632446e-06,5.0177988792727e-22,5.6825312958186e-06,3.0917947404164e-06,0.0099971263117692,-1.1425307062825e-06,1.1461148340428e-06,-4.7098746671971e-06,-5.2252228167845e-06,-2.5617973213083e-06,0.90003066533558,0.90001825869687,2.5,2.5,-4.9588017857954e-06,-0.0001
0.33,-0.037912063065438,0.57737298283364,0.61528504589908,0.99996100932818,0.99993809903447,0.99998131984404,0.99997216565621,5.108074213758e-06,5.012607177357e-22,5.6830535846643e-06,3.092072574179e-06,0.0099971248994126,-1.129885282908e-06,1.1334297418788e-06,-4.7114478806537e-06,-5.2254412418088e-06,-2.5601775584158e-06,0.90003066185757,0.90001828017703,2.5,2.5,-4.9598816277205e-06,-0.00010000000000001
0.33125,-0.037912063065438,0.57737298283364,0.61528504589908,0.99996098942343,0.99993810607268,0.99998132354064,0.99997216887321,5.0515385296648e-06,5.0074729367301e-22,5.6835700928809e-06,3.0923473329137e-06,0.0099971235026879,-1.1173798179266e-06,1.1208850471415e-06,-4.7130036819357e-06,-5.2256572493233e-06,-2.5585757229189e-06,0.90003065841804,0.90001830141944,2.5,2.5,-4.9609495180557e-06,-9.9999999999995e-05
0.3325,-0.037912063065438,0.57737298283364,0.61528504589908,0.99996096973898,0.99993811303299,0.99998132719634,0.9999721720546,4.9956285771156e-06,5.0023955214021e-22,5.684080884445e-06,3.0926190506225e-06,0.0099971221214219,-1.1050127623183e-06,1.1084791960118e-06,-4.7145422637562e-06,-5.2258708660876e-06,-2.5569916163771e-06,0.90003065501659,0.90001832242675,2.5,2.5,-4.9620055890804e-06,-0.0001
0.33375,-0.037912063065438,0.57737298283364,0.61528504589908,0.99996095027239,0.99993811991627,0.99998133081157,0.99997217520078,4.9403374305817e-06,4.9973743024579e-22,5.6845860226024e-06,3.0928877610052e-06,0.0099971207554437,-1.0927825842367e-06,1.0962106517537e-06,-4.7160638167005e-06,-5.2260821185612e-06,-2.5554250425855e-06,0.90003065165279,0.90001834320156,2.5,2.5,-4.9630499716096e-06,-9.9999999999996e-05
0.335,-0.037912063065438,0.57737298283364,0.61528504589908,0.99996093102126,0.99993812672337,0.99998133438679,0.99997217831214,4.885658241197e-06,4.9924086578375e-22,5.6850855699509e-06,3.0931534973468e-06,0.009997119404584,-1.0806877686255e-06,1.0840778946169e-06,-4.7175685292397e-06,-5.2262910329122e-06,-2.5538758074811e-06,0.90003064832621,0.90001836374643,2.5,2.5,-4.9640827950105e-06,-9.9999999999997e-05
0.33625,-0.037912063065438,0.57737298283364,0.61528504589908,0.9999609119832,0.99993813345512,0.99998133792244,0.99997218138907,4.8315842358596e-06,4.987497972528e-22,5.6855795883354e-06,3.0934162925254e-06,0.0099971180686754,-1.0687268173953e-06,1.07207942177e-06,-4.7190565877652e-06,-5.2264976350193e-06,-2.5523437191767e-06,0.90003064503645,0.90001838406391,2.5,2.5,-4.9651041872185e-06,-0.0001
0.3375,-0.037912063065438,0.57737298283364,0.61528504589908,0.99996089315585,0.99993814011237,0.99998134141895,0.99997218443194,4.77810871647e-06,4.9826416382585e-22,5.6860681389833e-06,3.0936761791169e-06,0.0099971167475526,-1.0568982488453e-06,1.0602137469397e-06,-4.7205281765992e-06,-5.2267019504717e-06,-2.5508285878698e-06,0.90003064178311,0.90001840415652,2.5,2.5,-4.9661142747528e-06,-0.0001
0.33875,-0.037912063065438,0.57737298283364,0.61528504589908,0.99996087453688,0.99993814669593,0.99998134487677,0.99997218744113,4.7252250590325e-06,4.9778390533932e-22,5.6865512824175e-06,3.0939331892884e-06,0.0099971154410519,-1.0452005978757e-06,1.0484794003364e-06,-4.7219834780283e-06,-5.2269040045806e-06,-2.5493302259009e-06,0.90003063856577,0.90001842402675,2.5,2.5,-4.967113182733e-06,-9.9999999999985e-05
0.34,-0.037912063065438,0.57737298283364,0.61528504589908,0.99996085612398,0.99993815320663,0.99998134829632,0.99997219041701,4.6729267129144e-06,4.9730896230737e-22,5.6870290784603e-06,3.0941873549256e-06,0.0099971141490114,-1.033632415422e-06,1.0368749284005e-06,-4.7234226723185e-06,-5.2271038223743e-06,-2.5478484476613e-06,0.90003063538404,0.90001844367706,2.5,2.5,-4.9681010348931e-06,-0.00010000000000002
0.34125,-0.037912063065438,0.57737298283364,0.61528504589908,0.99996083791488,0.99993815964527,0.99998135167801,0.99997219335996,4.6212071998886e-06,4.9683927590628e-22,5.6875015863072e-06,3.0944387074557e-06,0.009997112871271,-1.0221922685626e-06,1.0253988937168e-06,-4.7248459377418e-06,-5.2273014286016e-06,-2.5463830696027e-06,0.90003063223753,0.90001846310988,2.5,2.5,-4.9690779535978e-06,-9.9999999999995e-05
0.3425,-0.037912063065438,0.57737298283364,0.61528504589908,0.99996081990731,0.99993816601265,0.99998135502228,0.99997219627034,4.5700601135653e-06,4.9637478795112e-22,5.6879688644553e-06,3.0946872780637e-06,0.0099971116076726,-1.0108787401958e-06,1.0140498747245e-06,-4.7262534506001e-06,-5.2274968477423e-06,-2.544933910215e-06,0.90003062912584,0.90001848232762,2.5,2.5,-4.9700440598577e-06,-9.9999999999991e-05
0.34375,-0.037912063065438,0.57737298283364,0.61528504589908,0.99996080209905,0.99993817230956,0.99998135832954,0.9999721991485,4.5194791183148e-06,4.9591544089916e-22,5.6884309708271e-06,3.0949330975116e-06,0.0099971103580596,-9.9969042894006e-07,1.0028264656575e-06,-4.727645385238e-06,-5.2276901040026e-06,-2.5435007899802e-06,0.90003062604859,0.90001850133266,2.5,2.5,-4.970999473344e-06,-0.00010000000000001
0.345,-0.037912063065438,0.57737298283364,0.61528504589908,0.99996078448788,0.99993817853677,0.99998136160019,0.99997220199481,4.4694579487367e-06,4.9546117786318e-22,5.6888879626755e-06,3.0951761962326e-06,0.0099971091222771,-9.8862594891357e-07,9.917272762565e-07,-4.7290219140757e-06,-5.2278812213194e-06,-2.5420835313956e-06,0.9000306230054,0.90001852012736,2.5,2.5,-4.9719443124034e-06,-9.9999999999996e-05
0.34625,-0.037912063065438,0.57737298283364,0.61528504589908,0.99996076707164,0.99993818469506,0.99998136483465,0.99997220480962,4.4199904087293e-06,4.9501194256564e-22,5.6893398965513e-06,3.0954166043781e-06,0.0099971079001722,-9.7768392952517e-07,9.8075093166523e-07,-4.7303832076214e-06,-5.2280702233695e-06,-2.5406819588938e-06,0.90003061999589,0.90001853871403,2.5,2.5,-4.9728786940725e-06,-0.0001
0.3475,-0.037912063065438,0.57737298283364,0.61528504589908,0.99996074984816,0.99993819078518,0.9999813680333,0.99997220759327,4.3710703707555e-06,4.945676793581e-22,5.6897868284781e-06,3.0956543516959e-06,0.0099971066915935,-9.66863015364e-07,9.6989607223815e-07,-4.7317294344999e-06,-5.228257133561e-06,-2.5392958988575e-06,0.90003061701969,0.900018557095,2.5,2.5,-4.9738027340929e-06,-0.00010000000000001
0.34875,-0.037912063065438,0.57737298283364,0.61528504589908,0.9999607328153,0.99993819680791,0.99998137119655,0.99997221034611,4.3226917751415e-06,4.9412833321931e-22,5.6902288138179e-06,3.0958894676729e-06,0.0099971054963911,-9.5616186618019e-07,9.5916135342869e-07,-4.733060761466e-06,-5.2284419750486e-06,-2.5379251796169e-06,0.90003061407643,0.90001857527252,2.5,2.5,-4.9747165469249e-06,-9.9999999999985e-05
0.35,-0.037912063065438,0.57737298283364,0.61528504589908,0.99996071597097,0.99993820276397,0.99998137432479,0.99997221306849,4.2748486292495e-06,4.9369384971771e-22,5.6906659073113e-06,3.0961219813969e-06,0.0099971043144172,-9.4557915620794e-07,9.4854544545421e-07,-4.7343773534307e-06,-5.2286247707276e-06,-2.5365696313567e-06,0.90003061116575,0.90001859324886,2.5,2.5,-4.9756202457621e-06,-0.00010000000000001
0.35125,-0.037912063065438,0.57737298283364,0.61528504589908,0.99996069931306,0.99993820865412,0.99998137741841,0.99997221576073,4.22753500677e-06,4.9326417504286e-22,5.6910981630441e-06,3.096351921687e-06,0.0099971031455252,-9.3511357480223e-07,9.380470334165e-07,-4.7356793734805e-06,-5.2288055432416e-06,-2.5352290861778e-06,0.90003060828728,0.90001861102624,2.5,2.5,-4.9765139425454e-06,-0.0001
0.3525,-0.037912063065438,0.57737298283364,0.61528504589908,0.99996068283952,0.99993821447907,0.99998138047779,0.99997221842318,4.1807450469919e-06,4.9283925596423e-22,5.6915256346517e-06,3.096579317008e-06,0.0099971019895704,-9.2476382544455e-07,9.276648168042e-07,-4.7369669828945e-06,-5.2289843149819e-06,-2.5339033780385e-06,0.90003060544067,0.90001862860686,2.5,2.5,-4.9773977479764e-06,-9.9999999999984e-05
0.35375,-0.037912063065438,0.57737298283364,0.61528504589908,0.99996066654832,0.99993822023955,0.99998138350331,0.99997222105616,4.1344729540669e-06,4.9241903985266e-22,5.691948375041e-06,3.0968041955446e-06,0.0099971008464096,-9.1452862614469e-07,9.1739750962541e-07,-4.7382403411711e-06,-5.2291611080929e-06,-2.5325923427004e-06,0.90003060262557,0.9000186459929,2.5,2.5,-4.9782717715318e-06,-0.00010000000000002
0.355,-0.037912063065438,0.57737298283364,0.61528504589908,0.99996065043742,0.99993822593628,0.99998138649534,0.99997222366,4.088712996306e-06,4.9200347465348e-22,5.6923664365679e-06,3.0970265851542e-06,0.0099970997159013,-9.0440670907913e-07,9.0724384002049e-07,-4.7394996060361e-06,-5.2293359444755e-06,-2.531295817783e-06,0.90003059984162,0.90001866318652,2.5,2.5,-4.9791361214765e-06,-9.9999999999991e-05
0.35625,-0.037912063065438,0.57737298283364,0.61528504589908,0.99996063450483,0.99993823156995,0.99998138945426,0.99997222623502,4.0434595054336e-06,4.9159250888735e-22,5.6927798710675e-06,3.0972465133709e-06,0.0099970985979052,-8.9439682051794e-07,8.9720255034925e-07,-4.7407449334772e-06,-5.2295088457842e-06,-2.5300136426856e-06,0.90003059708849,0.90001868018984,2.5,2.5,-4.9799909048772e-06,-0.00010000000000001
0.3575,-0.037912063065438,0.57737298283364,0.61528504589908,0.99996061874858,0.99993823714128,0.99998139238042,0.99997222878153,3.9987068759208e-06,4.9118609165752e-22,5.6931887296646e-06,3.0974640074305e-06,0.0099970974922831,-8.8449772040852e-07,8.8727239669364e-07,-4.7419764777516e-06,-5.2296798334386e-06,-2.5287456585791e-06,0.90003059436583,0.90001869700497,2.5,2.5,-4.9808362276153e-06,-9.9999999999993e-05
0.35875,-0.037912063065438,0.57737298283364,0.61528504589908,0.99996060316673,0.99993824265094,0.9999813952742,0.99997223129987,3.9544495642918e-06,4.9078417260968e-22,5.6935930630841e-06,3.0976790943124e-06,0.0099970963988978,-8.7470818263466e-07,8.7745214906549e-07,-4.7431943914103e-06,-5.2298489286168e-06,-2.5274917083986e-06,0.9000305916733,0.90001871363399,2.5,2.5,-4.9816721944007e-06,-0.0001
0.36,-0.037912063065438,0.57737298283364,0.61528504589908,0.99996058775733,0.99993824809961,0.99998139813595,0.99997223379033,3.9106820884134e-06,4.9038670196574e-22,5.6939929213621e-06,3.097891800614e-06,0.0099970953176141,-8.6502699453914e-07,8.6774059102051e-07,-4.7443988253149e-06,-5.2300161522656e-06,-2.5262516368207e-06,0.90003058901057,0.90001873007896,2.5,2.5,-4.9824989087842e-06,-9.9999999999992e-05
0.36125,-0.037912063065438,0.57737298283364,0.61528504589908,0.99996057251848,0.99993825348799,0.99998140096603,0.99997223625323,3.8673990268227e-06,4.8999363049292e-22,5.6943883540598e-06,3.0981021527042e-06,0.0099970942482979,-8.5545295701836e-07,8.5813651963025e-07,-4.7455899286587e-06,-5.2301815250988e-06,-2.5250252902479e-06,0.90003058637732,0.90001874634192,2.5,2.5,-4.9833164731705e-06,-9.9999999999997e-05
0.3625,-0.037912063065438,0.57737298283364,0.61528504589908,0.99996055744829,0.99993825881672,0.99998140376479,0.99997223868886,3.8245950180962e-06,4.8960490949625e-22,5.6947794101537e-06,3.0983101766327e-06,0.0099970931908168,-8.4598488393348e-07,8.4863874516667e-07,-4.7467678489834e-06,-5.230345067601e-06,-2.5238125167521e-06,0.90003058377321,0.90001876242488,2.5,2.5,-4.9841249888309e-06,-0.0001
0.36375,-0.037912063065438,0.57737298283364,0.61528504589908,0.9999605425449,0.99993826408648,0.99998140653257,0.99997224109754,3.7822647600855e-06,4.8922049082362e-22,5.6951661380435e-06,3.0985158982052e-06,0.0099970921450398,-8.3662160269167e-07,8.3924609121276e-07,-4.7479327321965e-06,-5.2305068000306e-06,-2.522613166127e-06,0.90003058119792,0.90001877832984,2.5,2.5,-4.9849245559158e-06,-9.9999999999998e-05
0.365,-0.037912063065438,0.57737298283364,0.61528504589908,0.99996052780646,0.99993826929791,0.99998140926971,0.99997224347957,3.7404030093846e-06,4.8884032686603e-22,5.6955485856745e-06,3.0987193428329e-06,0.0099970911108374,-8.2736195334615e-07,8.2995739428424e-07,-4.7490847225922e-06,-5.2306667424202e-06,-2.5214270897989e-06,0.90003057865113,0.90001879405877,2.5,2.5,-4.9857152734675e-06,-0.0001
0.36625,-0.037912063065438,0.57737298283364,0.61528504589908,0.99996051323114,0.99993827445167,0.99998141197656,0.99997224583522,3.6990045805906e-06,4.8846437052392e-22,5.6959268004173e-06,3.0989205357627e-06,0.0099970900880814,-8.1820478889976e-07,8.2077150375836e-07,-4.7502239628662e-06,-5.2308249145809e-06,-2.5202541408507e-06,0.90003057613253,0.90001880961361,2.5,2.5,-4.9864972394313e-06,-0.0001
0.3675,-0.037912063065438,0.57737298283364,0.61528504589908,0.99996049881714,0.99993827954838,0.99998141465346,0.99997224816481,3.6580643457183e-06,4.8809257523377e-22,5.6963008291358e-06,3.0991195018991e-06,0.0099970890766452,-8.0914897517973e-07,8.1168728183885e-07,-4.7513505941363e-06,-5.2309813361087e-06,-2.5190941740001e-06,0.90003057364181,0.90001882499629,2.5,2.5,-4.9872705506694e-06,-9.9999999999995e-05
0.36875,-0.037912063065438,0.57737298283364,0.61528504589908,0.99996048456268,0.99993828458868,0.99998141730072,0.99997225046861,3.6175772334987e-06,4.8772489493515e-22,5.696670718127e-06,3.0993162659292e-06,0.0099970880764034,-8.0019339024937e-07,8.027036032178e-07,-4.7524647559576e-06,-5.2311360263779e-06,-2.5179470455401e-06,0.90003057117865,0.90001884020872,2.5,2.5,-4.9880353029713e-06,-0.00010000000000001
0.37,-0.037912063065438,0.57737298283364,0.61528504589908,0.99996047046598,0.99993828957319,0.99998141991869,0.99997225274691,3.5775382288244e-06,4.8736128409338e-22,5.6970365132196e-06,3.0995108521806e-06,0.0099970870872323,-7.9133692502083e-07,7.9381935514325e-07,-4.7535665863408e-06,-5.2312890045496e-06,-2.5168126134043e-06,0.90003056874276,0.90001885525278,2.5,2.5,-4.9887915910665e-06,-9.9999999999991e-05
0.37125,-0.037912063065438,0.57737298283364,0.61528504589908,0.9999604565253,0.99993829450254,0.99998142250768,0.999972255,3.5379423720956e-06,4.8700169765708e-22,5.6973982597275e-06,3.0997032847455e-06,0.0099970861090092,-7.8257848220809e-07,7.8503343707302e-07,-4.7546562217691e-06,-5.2314402895735e-06,-2.5156907370371e-06,0.90003056633382,0.90001887013033,2.5,2.5,-4.9895395086362e-06,-0.0001
0.3725,-0.037912063065438,0.57737298283364,0.61528504589908,0.99996044273891,0.99993829937733,0.99998142506801,0.99997225722815,3.4987847585646e-06,4.866460910926e-22,5.6977560024452e-06,3.0998935875218e-06,0.0099970851416129,-7.7391697711215e-07,7.7634476072184e-07,-4.7557337972161e-06,-5.2315899001883e-06,-2.5145812775148e-06,0.90003056395155,0.90001888484322,2.5,2.5,-4.9902791483245e-06,-0.00010000000000001
0.37375,-0.037912063065438,0.57737298283364,0.61528504589908,0.99996042910511,0.99993830419817,0.99998142760001,0.99997225943164,3.4600605378203e-06,4.8629442034687e-22,5.6981097857025e-06,3.1000817840337e-06,0.0099970841849238,-7.6535133669816e-07,7.6775224983853e-07,-4.7567994461577e-06,-5.2317378549265e-06,-2.5134840973784e-06,0.90003056159565,0.90001889939327,2.5,2.5,-4.9910106017501e-06,-0.0001
0.375,-0.037912063065438,0.57737298283364,0.61528504589908,0.99996041562221,0.99993830896565,0.99998143010398,0.99997226161074,3.4217649131018e-06,4.8594664186084e-22,5.6984596533403e-06,3.1002678975896e-06,0.0099970832388231,-7.5688049996169e-07,7.5925484004004e-07,-4.757853300598e-06,-5.2318841721169e-06,-2.512399060724e-06,0.90003055926582,0.90001891378228,2.5,2.5,-4.9917339595179e-06,-0.0001
0.37625,-0.037912063065438,0.57737298283364,0.61528504589908,0.99996040228854,0.99993831368036,0.99998143258024,0.99997226376572,3.3838931407644e-06,4.8560271255363e-22,5.6988056486646e-06,3.1004519512597e-06,0.0099970823031939,-7.4850341771936e-07,7.5085147881014e-07,-4.7588954910763e-06,-5.2320288698811e-06,-2.5113260331574e-06,0.90003055696177,0.90001892801204,2.5,2.5,-4.9924493112299e-06,-0.0001
0.3775,-0.037912063065438,0.57737298283364,0.61528504589908,0.99996038910244,0.99993831834289,0.99998143502909,0.99997226589686,3.3464405296306e-06,4.8526258982466e-22,5.6991478145548e-06,3.1006339678426e-06,0.0099970813779201,-7.4021905219133e-07,7.4254112518003e-07,-4.7599261466884e-06,-5.2321719661446e-06,-2.5102648817516e-06,0.90003055468323,0.9000189420843,2.5,2.5,-4.9931567454963e-06,-0.0001
0.37875,-0.037912063065438,0.57737298283364,0.61528504589908,0.99996037606229,0.99993832295382,0.99998143745084,0.9999722680044,3.3094024404726e-06,4.8492623153753e-22,5.6994861933674e-06,3.1008139698994e-06,0.0099970804628871,-7.3202637729343e-07,7.3432274976525e-07,-4.7609453951016e-06,-5.2323134786322e-06,-2.5092154750829e-06,0.90003055242991,0.90001895600081,2.5,2.5,-4.9938563499469e-06,-9.9999999999995e-05
0.38,-0.037912063065438,0.57737298283364,0.61528504589908,0.99996036316646,0.99993832751372,0.99998143984579,0.99997227008862,3.2727742853961e-06,4.8459359603969e-22,5.6998208270498e-06,3.1009919797049e-06,0.0099970795579816,-7.2392437810674e-07,7.2619533457253e-07,-4.7619533625691e-06,-5.2324534248723e-06,-2.5081776831379e-06,0.90003055020152,0.90001896976329,2.5,2.5,-4.994548211241e-06,-0.00010000000000001
0.38125,-0.037912063065438,0.57737298283364,0.61528504589908,0.99996035041336,0.99993833202314,0.99998144221422,0.99997227214977,3.2365515272945e-06,4.8426464211379e-22,5.7001517570241e-06,3.1011680193067e-06,0.0099970786630915,-7.159120511227e-07,7.1815787283779e-07,-4.7629501739471e-06,-5.2325918222014e-06,-2.507151377384e-06,0.9000305479978,0.90001898337346,2.5,2.5,-4.9952324150793e-06,-9.9999999999989e-05
0.3825,-0.037912063065438,0.57737298283364,0.61528504589908,0.99996033780141,0.99993833648266,0.99998144455645,0.99997227418811,3.2007296792651e-06,4.8393932902211e-22,5.7004790242986e-06,3.1013421105254e-06,0.009997077778106,-7.0798840378154e-07,7.1020936897827e-07,-4.763935952711e-06,-5.2327286877612e-06,-2.5061364306737e-06,0.90003054581847,0.90001899683299,2.5,2.5,-4.9959090462139e-06,-0.00010000000000001
0.38375,-0.037912063065438,0.57737298283364,0.61528504589908,0.99996032532905,0.99993834089282,0.99998144687275,0.99997227620389,3.1653043040844e-06,4.8361761646398e-22,5.7008026694389e-06,3.1015142748997e-06,0.0099970769029155,-7.0015245467908e-07,7.0234883841697e-07,-4.764910820969e-06,-5.2328640385058e-06,-2.5051327173101e-06,0.90003054366326,0.90001901014355,2.5,2.5,-4.9965781884586e-06,-9.9999999999979e-05
0.385,-0.037912063065438,0.57737298283364,0.61528504589908,0.99996031299474,0.99993834525416,0.99998144916341,0.99997227819735,3.1302710136293e-06,4.8329946459329e-22,5.7011227324745e-06,3.1016845337942e-06,0.0099970760374114,-6.92403233119e-07,6.9457530747851e-07,-4.7658748994747e-06,-5.232997891202e-06,-2.5041401129536e-06,0.9000305415319,0.90001902330679,2.5,2.5,-4.9972399247e-06,-0.00010000000000002
0.38625,-0.037912063065438,0.57737298283364,0.61528504589908,0.99996030079694,0.99993834956724,0.99998145142873,0.99997228016876,3.095625468337e-06,4.8298483399722e-22,5.7014392530923e-06,3.10185290827e-06,0.0099970751814867,-6.8473977915939e-07,6.8688781322863e-07,-4.7668283076518e-06,-5.2331302624275e-06,-2.5031584946421e-06,0.90003053942414,0.90001903632434,2.5,2.5,-4.9978943369066e-06,-0.0001
0.3875,-0.037912063065438,0.57737298283364,0.61528504589908,0.99996028873414,0.99993835383258,0.99998145366896,0.99997228211834,3.0613633766792e-06,4.8267368569937e-22,5.7017522704997e-06,3.1020194191928e-06,0.0099970743350353,-6.7716114364926e-07,6.7928540348085e-07,-4.7677711635959e-06,-5.233261168581e-06,-2.502187740788e-06,0.9000305373397,0.90001904919781,2.5,2.5,-4.9985415061406e-06,-0.0001
0.38875,-0.037912063065438,0.57737298283364,0.61528504589908,0.99996027680485,0.99993835805071,0.99998145588441,0.99997228404635,3.027480494616e-06,4.8236598116383e-22,5.7020618234397e-06,3.1021840872053e-06,0.0099970734979523,-6.6966638773708e-07,6.7176713644785e-07,-4.7687035840998e-06,-5.2333906258783e-06,-2.5012277311512e-06,0.90003053527833,0.9000190619288,2.5,2.5,-4.9991815125661e-06,-9.9999999999997e-05
0.39,-0.037912063065438,0.57737298283364,0.61528504589908,0.99996026500759,0.99993836222215,0.99998145807533,0.99997228595302,2.9939726251229e-06,4.820616822736e-22,5.7023679502864e-06,3.1023469326819e-06,0.0099970726701341,-6.6225458308128e-07,6.6433208090631e-07,-4.7696256846605e-06,-5.2335186503553e-06,-2.5002783468078e-06,0.90003053323978,0.90001907451889,2.5,2.5,-4.9998144354608e-06,-0.0001
0.39125,-0.037912063065438,0.57737298283364,0.61528504589908,0.99996025334091,0.99993836634743,0.99998146024201,0.99997228783858,2.9608356175556e-06,4.8176075133198e-22,5.7026706889593e-06,3.1025079757876e-06,0.0099970718514781,-6.5492481160923e-07,6.5697931588268e-07,-4.7705375794999e-06,-5.2336452578683e-06,-2.4993394701606e-06,0.90003053122379,0.90001908696963,2.5,2.5,-5.0004403532244e-06,-0.0001
0.3925,-0.037912063065438,0.57737298283364,0.61528504589908,0.99996024180335,0.99993837042705,0.9999814623847,0.99997228970328,2.9280653673073e-06,4.8146315106646e-22,5.7029700769307e-06,3.102667236501e-06,0.0099970710418829,-6.4767616535189e-07,6.4970793055471e-07,-4.7714393815732e-06,-5.2337704641004e-06,-2.4984109849204e-06,0.90003052923011,0.90001909928257,2.5,2.5,-5.001059343389e-06,-9.9999999999999e-05
0.39375,-0.037912063065438,0.57737298283364,0.61528504589908,0.99996023039349,0.99993837446151,0.99998146450368,0.99997229154734,2.89565781507e-06,4.811688446146e-22,5.7032661513114e-06,3.1028247345176e-06,0.0099970702412482,-6.4050774638672e-07,6.425170242297e-07,-4.7723312025843e-06,-5.2338942845634e-06,-2.4974927760552e-06,0.9000305272585,0.90001911145923,2.5,2.5,-5.0016714826285e-06,-0.00010000000000001
0.395,-0.037912063065438,0.57737298283364,0.61528504589908,0.99996021910991,0.99993837845132,0.99998146659921,0.99997229337099,2.8636089465971e-06,4.8087779552002e-22,5.7035589487734e-06,3.102980489369e-06,0.0099970694494748,-6.3341866688708e-07,6.3540570621047e-07,-4.7732131530062e-06,-5.2340167345921e-06,-2.4965847298483e-06,0.90003052530871,0.90001912350112,2.5,2.5,-5.0022768467685e-06,-9.9999999999993e-05
0.39625,-0.037912063065438,0.57737298283364,0.61528504589908,0.99996020795121,0.99993838239698,0.99998146867154,0.99997229517445,2.8319147919695e-06,4.8058996772812e-22,5.7038485055768e-06,3.10313452033e-06,0.0099970686664648,-6.2640804859519e-07,6.2837309554889e-07,-4.7740853420831e-06,-5.2341378293562e-06,-2.4956867338091e-06,0.9000305233805,0.90001913540973,2.5,2.5,-5.0028755107952e-06,-0.0001
0.3975,-0.037912063065438,0.57737298283364,0.61528504589908,0.99996019691602,0.99993838629896,0.99998147072094,0.99997229695795,2.8005714252832e-06,4.8030532558744e-22,5.7041348575859e-06,3.1032868465126e-06,0.009997067892121,-6.1947502315347e-07,6.2141832117902e-07,-4.774947877853e-06,-5.2342575838535e-06,-2.4947986767027e-06,0.90003052147363,0.90001914718654,2.5,2.5,-5.0034675488645e-06,-0.00010000000000001
0.39875,-0.037912063065438,0.57737298283364,0.61528504589908,0.99996018600297,0.99993839015776,0.99998147274766,0.99997229872172,2.7695749640087e-06,4.8002383383549e-22,5.704418040293e-06,3.1034374867354e-06,0.0099970671263476,-6.1261873185235e-07,6.14540521608e-07,-4.7758008671579e-06,-5.2343760129201e-06,-2.4939204485345e-06,0.90003051958787,0.90001915883301,2.5,2.5,-5.0040530343122e-06,-9.999999999999e-05
0.4,-0.037912063065438,0.57737298283364,0.61528504589908,0.9999601752107,0.99993839397384,0.99998147475194,0.99997230046596,2.7389215686711e-06,4.7974545761153e-22,5.7046980887436e-06,3.1035864596997e-06,0.0099970663690497,-6.0583832529551e-07,6.0773884489374e-07,-4.7766444156574e-06,-5.2344931312243e-06,-2.4930519405021e-06,0.90003051772298,0.90001917035057,2.5,2.5,-5.0046320396621e-06,-9.9999999999999e-05
0.40125,-0.037912063065438,0.57737298283364,0.61528504589908,0.99996016453788,0.99993839774769,0.99998147673404,0.9999723021909,2.7086074422139e-06,4.7947016243115e-22,5.7049750376565e-06,3.1037337838577e-06,0.0099970656201335,-5.9913296365729e-07,6.0101244845734e-07,-4.7774786278423e-06,-5.2346089532748e-06,-2.4921930450466e-06,0.90003051587873,0.90001918174066,2.5,2.5,-5.0052046366351e-06,-0.00010000000000001
0.4025,-0.037912063065438,0.57737298283364,0.61528504589908,0.99996015398318,0.99993840147978,0.9999814786942,0.99997230389674,2.6786288296793e-06,4.7919791418939e-22,5.7052489213254e-06,3.1038794774291e-06,0.0099970648795062,-5.9250181631512e-07,5.9436049916891e-07,-4.7783036070442e-06,-5.2347234934177e-06,-2.4913436557631e-06,0.90003051405489,0.90001919300468,2.5,2.5,-5.0057708961586e-06,-9.9999999999981e-05
0.40375,-0.037912063065438,0.57737298283364,0.61528504589908,0.99996014354531,0.99993840517055,0.99998148063267,0.99997230558371,2.6489820175942e-06,4.7892867916638e-22,5.7055197736591e-06,3.1040235584719e-06,0.0099970641470761,-5.8594406193488e-07,5.877821730441e-07,-4.7791194554553e-06,-5.2348367658417e-06,-2.4905036674381e-06,0.90003051225124,0.90001920414403,2.5,2.5,-5.006330888375e-06,-0.00010000000000001
0.405,-0.037912063065438,0.57737298283364,0.61528504589908,0.99996013322295,0.99993840882048,0.99998148254968,0.999972307252,2.6196633336416e-06,4.786624240086e-22,5.705787628257e-06,3.1041660448388e-06,0.0099970634227525,-5.7945888809302e-07,5.8127665518727e-07,-4.7799262741315e-06,-5.2349487845758e-06,-2.4896729760252e-06,0.90003051046754,0.9000192151601,2.5,2.5,-5.0068846826501e-06,-0.0001
0.40625,-0.037912063065438,0.57737298283364,0.61528504589908,0.99996012301485,0.99993841243001,0.99998148444548,0.99997230890183,2.5906691461253e-06,4.7839911574152e-22,5.7060525182389e-06,3.1043069541943e-06,0.0099970627064456,-5.73045491609e-07,5.7484313980706e-07,-4.7807241630142e-06,-5.235059563498e-06,-2.4888514786252e-06,0.9000305087036,0.90001922605424,2.5,2.5,-5.0074323475823e-06,-9.9999999999994e-05
0.4075,-0.037912063065438,0.57737298283364,0.61528504589908,0.99996011291973,0.99993841599959,0.99998148632029,0.9999723105334,2.5619958635602e-06,4.7813872174335e-22,5.7063144764485e-06,3.1044463039903e-06,0.0099970619980668,-5.6670307794943e-07,5.6848082995623e-07,-4.7815132209386e-06,-5.2351691163289e-06,-2.4880390734835e-06,0.90003050695917,0.90001923682781,2.5,2.5,-5.0079739510105e-06,-0.00010000000000001
0.40875,-0.037912063065438,0.57737298283364,0.61528504589908,0.99996010293634,0.99993841952966,0.99998148817435,0.99997231214691,2.5336399341728e-06,4.7788120976065e-22,5.7065735353374e-06,3.10458411145e-06,0.0099970612975282,-5.6043086156034e-07,5.6218893757488e-07,-4.7822935456442e-06,-5.2352774566397e-06,-2.4872356599643e-06,0.90003050523405,0.90001924748213,2.5,2.5,-5.0085095600228e-06,-9.9999999999997e-05
0.41,-0.037912063065438,0.57737298283364,0.61528504589908,0.99996009306344,0.99993842302066,0.99998149000789,0.99997231374257,2.5055978455593e-06,4.7762654789912e-22,5.706829726975e-06,3.1047203936777e-06,0.0099970606047431,-5.5422806547942e-07,5.5596668325618e-07,-4.7830652337885e-06,-5.2353845978506e-06,-2.4864411385562e-06,0.90003050352803,0.90001925801854,2.5,2.5,-5.0090392409649e-06,-0.00010000000000001
0.41125,-0.037912063065438,0.57737298283364,0.61528504589908,0.99996008329982,0.99993842647303,0.99998149182114,0.99997231532056,2.4778661241424e-06,4.773747046118e-22,5.7070830831112e-06,3.1048551675461e-06,0.0099970599196257,-5.4809392130039e-07,5.4981329623999e-07,-4.7838283809615e-06,-5.235490553231e-06,-2.4856554108261e-06,0.90003050184088,0.90001926843832,2.5,2.5,-5.0095630594481e-06,-0.0001
0.4125,-0.037912063065438,0.57737298283364,0.61528504589908,0.99996007364426,0.99993842988718,0.99998149361432,0.99997231688109,2.4504413348045e-06,4.7712564870148e-22,5.7073336351298e-06,3.1049884497576e-06,0.0099970592420912,-5.420276693319e-07,5.4372801438554e-07,-4.7845830816933e-06,-5.2355953359087e-06,-2.484878379465e-06,0.90003050017241,0.90001927874279,2.5,2.5,-5.0100810803576e-06,-0.0001
0.41375,-0.037912063065438,0.57737298283364,0.61528504589908,0.99996006409556,0.99993843326355,0.99998149538766,0.99997231842434,2.4233200804706e-06,4.7687934931706e-22,5.7075814140599e-06,3.1051202567974e-06,0.0099970585720554,-5.3602855802259e-07,5.3771008381889e-07,-4.7853294294687e-06,-5.2356989588613e-06,-2.4841099482073e-06,0.90003049852241,0.9000192889332,2.5,2.5,-5.0105933678604e-06,-0.0001
0.415,-0.037912063065438,0.57737298283364,0.61528504589908,0.99996005465255,0.99993843660254,0.99998149714136,0.99997231995052,2.3964990016215e-06,4.7663577595003e-22,5.7078264505901e-06,3.1052506050213e-06,0.0099970579094356,-5.3009584432939e-07,5.3175875915077e-07,-4.7860675167366e-06,-5.2358014349245e-06,-2.4833500218806e-06,0.90003049689067,0.90001929901083,2.5,2.5,-5.0110999854133e-06,-9.9999999999992e-05
0.41625,-0.037912063065438,0.57737298283364,0.61528504589908,0.99996004531406,0.99993843990458,0.99998149887566,0.9999723214598,2.3699747759516e-06,4.7639489843194e-22,5.7080687750998e-06,3.1053795105658e-06,0.0099970572541497,-5.2422879335438e-07,5.2587330320034e-07,-4.7867974349242e-06,-5.2359027767923e-06,-2.4825985063441e-06,0.90003049527699,0.90001930897692,2.5,2.5,-5.0116009957706e-06,-9.9999999999997e-05
0.4175,-0.037912063065438,0.57737298283364,0.61528504589908,0.99996003607892,0.99993844317008,0.99998150059076,0.99997232295238,2.3437441179168e-06,4.7615668692545e-22,5.7083084175748e-06,3.1055069893942e-06,0.0099970566061163,-5.1842667833629e-07,5.2005298689469e-07,-4.787519274445e-06,-5.236002997018e-06,-2.4818553085116e-06,0.90003049368117,0.90001931883271,2.5,2.5,-5.0120964609925e-06,-9.9999999999998e-05
0.41875,-0.037912063065438,0.57737298283364,0.61528504589908,0.999960026946,0.99993844639943,0.99998150228688,0.99997232442844,2.3178037783477e-06,4.7592111191692e-22,5.7085454077005e-06,3.1056330573029e-06,0.0099970559652553,-5.126887806008e-07,5.1429708931874e-07,-4.7882331247152e-06,-5.2361021080161e-06,-2.4811203363239e-06,0.90003049210301,0.90001932857941,2.5,2.5,-5.0125864424518e-06,-0.00010000000000001
0.42,-0.037912063065438,0.57737298283364,0.61528504589908,0.99996001791416,0.99993844959304,0.99998150396422,0.99997232588817,2.2921505439958e-06,4.7568814423397e-22,5.7087797748464e-06,3.1057577298785e-06,0.0099970553314873,-5.0701438934953e-07,5.0860489747611e-07,-4.7889390741573e-06,-5.2362001220622e-06,-2.480393498736e-06,0.90003049054232,0.90001933821824,2.5,2.5,-5.0130710008425e-06,-9.9999999999998e-05
0.42125,-0.037912063065438,0.57737298283364,0.61528504589908,0.99996000898228,0.9999384527513,0.999981505623,0.99997232733173,2.266781237256e-06,4.7545775501221e-22,5.7090115480368e-06,3.105881022614e-06,0.0099970547047338,-5.0140280174591e-07,5.0297570628389e-07,-4.789637210217e-06,-5.236297051299e-06,-2.4796747057157e-06,0.9000304889989,0.90001934775039,2.5,2.5,-5.0135501961863e-06,-0.0001
0.4225,-0.037912063065438,0.57737298283364,0.61528504589908,0.99996000014926,0.99993845587461,0.99998150726343,0.99997232875932,2.2416927156076e-06,4.7522991571988e-22,5.7092407559961e-06,3.106002950749e-06,0.0099970540849172,-4.9585332271452e-07,4.9740881844863e-07,-4.790327619373e-06,-5.2363929077314e-06,-2.4789638682458e-06,0.90003048747256,0.90001935717704,2.5,2.5,-5.0140240878412e-06,-9.9999999999998e-05
0.42375,-0.037912063065438,0.57737298283364,0.61528504589908,0.999959991414,0.99993845896335,0.99998150888569,0.99997233017111,2.216881871349e-06,4.7500459813167e-22,5.7094674270899e-06,3.1061235293967e-06,0.0099970534719606,-4.9036526467779e-07,4.9190354439131e-07,-4.7910103871454e-06,-5.2364877032343e-06,-2.4782608982313e-06,0.90003048596312,0.90001936649935,2.5,2.5,-5.0144927345077e-06,-9.9999999999997e-05
0.425,-0.037912063065438,0.57737298283364,0.61528504589908,0.99995998277542,0.9999384620179,0.99998151049,0.99997233156727,2.1923456311946e-06,4.7478177433665e-22,5.7096915894047e-06,3.1062427735029e-06,0.0099970528657882,-4.8493794808269e-07,4.8645920220738e-07,-4.7916855981086e-06,-5.2365814495479e-06,-2.4775657086498e-06,0.90003048447039,0.90001937571848,2.5,2.5,-5.0149561942371e-06,-0.00010000000000001
0.42625,-0.037912063065438,0.57737298283364,0.61528504589908,0.99995997423246,0.99993846503865,0.99998151207656,0.99997233294799,2.1680809558301e-06,4.7456141673359e-22,5.7099132707113e-06,3.106360697801e-06,0.0099970522663248,-4.7957070041834e-07,4.8107511748424e-07,-4.7923533358995e-06,-5.2366741582882e-06,-2.4768782133416e-06,0.90003048299417,0.90001938483558,2.5,2.5,-5.0154145244376e-06,-0.0001
0.4275,-0.037912063065438,0.57737298283364,0.61528504589908,0.99995996578404,0.99993846802596,0.99998151364555,0.99997233431341,2.1440848396181e-06,4.743434980287e-22,5.7101324984917e-06,3.10647731694e-06,0.0099970516734962,-4.7426285701955e-07,4.7575062331027e-07,-4.7930136832313e-06,-5.2367658409353e-06,-2.4761983271795e-06,0.9000304815343,0.90001939385177,2.5,2.5,-5.0158677818827e-06,-9.9999999999992e-05
0.42875,-0.037912063065438,0.57737298283364,0.61528504589908,0.99995995742914,0.99993847098021,0.99998151519718,0.99997233566373,2.1203543101628e-06,4.7412799122375e-22,5.7103492998587e-06,3.1065926453561e-06,0.009997051087229,-4.6901376026403e-07,4.7048506012133e-07,-4.7936667219006e-06,-5.2368565088479e-06,-2.4755259659242e-06,0.90003048009058,0.90001940276818,2.5,2.5,-5.0163160227169e-06,-0.00010000000000001
0.43,-0.037912063065438,0.57737298283364,0.61528504589908,0.9999599491667,0.99993847390176,0.99998151673164,0.9999723369991,2.0968864279742e-06,4.7391486963465e-22,5.7105637017049e-06,3.10670669733e-06,0.0099970505074506,-4.6382276004239e-07,4.6527777570252e-07,-4.7943125327998e-06,-5.2369461732564e-06,-2.4748610462975e-06,0.90003047866284,0.90001941158589,2.5,2.5,-5.0167593024637e-06,-9.9999999999991e-05
0.43125,-0.037912063065438,0.57737298283364,0.61528504589908,0.99995994099571,0.99993847679098,0.99998151824911,0.99997233831969,2.0736782861068e-06,4.7370410685186e-22,5.7107757305502e-06,3.1068194869671e-06,0.0099970499340891,-4.5868921340272e-07,4.6012812503441e-07,-4.7949511959247e-06,-5.237034845269e-06,-2.4742034859566e-06,0.9000304772509,0.90001942030601,2.5,2.5,-5.0171976760319e-06,-0.0001
0.4325,-0.037912063065438,0.57737298283364,0.61528504589908,0.99995993291516,0.99993847964822,0.99998151974979,0.99997233962567,2.0507270097701e-06,4.7349567677127e-22,5.7109854126942e-06,3.1069310282841e-06,0.0099970493670735,-4.536124842273e-07,4.5503547017666e-07,-4.7955827903862e-06,-5.2371225358665e-06,-2.4735532034122e-06,0.90003047585459,0.90001942892962,2.5,2.5,-5.0176311977227e-06,-0.00010000000000001
0.43375,-0.037912063065438,0.57737298283364,0.61528504589908,0.99995992492405,0.99993848247383,0.99998152123386,0.99997234091719,2.0280297559943e-06,4.7328955357586e-22,5.7111927741025e-06,3.1070413350397e-06,0.0099970488063335,-4.4859194394302e-07,4.4999918036691e-07,-4.7962073944189e-06,-5.2372092559144e-06,-2.4729101181495e-06,0.90003047447374,0.90001943745779,2.5,2.5,-5.0180599212362e-06,-9.9999999999975e-05
0.435,-0.037912063065438,0.57737298283364,0.61528504589908,0.99995991702137,0.99993848526818,0.9999815227015,0.99997234219442,2.0055837133022e-06,4.7308571172988e-22,5.7113978404353e-06,3.1071504209469e-06,0.0099970482517998,-4.4362697042582e-07,4.4501863173614e-07,-4.796825085394e-06,-5.2372950161507e-06,-2.4722741504786e-06,0.90003047310816,0.90001944589156,2.5,2.5,-5.0184838996781e-06,-0.00010000000000002
0.43625,-0.037912063065438,0.57737298283364,0.61528504589908,0.99995990920617,0.99993848803159,0.9999815241529,0.99997234345751,1.9833861012999e-06,4.7288412598935e-22,5.7116006371359e-06,3.1072582995127e-06,0.0099970477034036,-4.3871694886968e-07,4.4009320735932e-07,-4.7974359398231e-06,-5.2373798272029e-06,-2.4716452216547e-06,0.90003047175771,0.90001945423199,2.5,2.5,-5.0189031855665e-06,-9.9999999999995e-05
0.4375,-0.037912063065438,0.57737298283364,0.61528504589908,0.99995990147746,0.99993849076442,0.99998152558823,0.99997234470662,1.9614341703563e-06,4.72684771381e-22,5.7118011892924e-06,3.1073649840716e-06,0.009997047161077,-4.3386127086189e-07,4.3522229709344e-07,-4.7980400333725e-06,-5.237463699573e-06,-2.4710232537402e-06,0.90003047042219,0.90001946248011,2.5,2.5,-5.019317830838e-06,-9.9999999999991e-05
0.43875,-0.037912063065438,0.57737298283364,0.61528504589908,0.99995989383429,0.999938493467,0.99998152700768,0.99997234594191,1.939725201353e-06,4.7248762321085e-22,5.7119995217548e-06,3.1074704878612e-06,0.0099970466247529,-4.2905933515294e-07,4.304052976526e-07,-4.7986374408707e-06,-5.2375466436515e-06,-2.4704081697188e-06,0.90003046910146,0.90001947063694,2.5,2.5,-5.0197278868547e-06,-0.00010000000000001
0.44,-0.037912063065438,0.57737298283364,0.61528504589908,0.99995988627572,0.99993849613967,0.99998152841142,0.99997234716352,1.9182565051499e-06,4.7229265705797e-22,5.7121956590757e-06,3.1075748239662e-06,0.0099970460943647,-4.2431054676428e-07,4.256416122606e-07,-4.7992282363199e-06,-5.2376286697149e-06,-2.4697998933894e-06,0.90003046779535,0.90001947870349,2.5,2.5,-5.02013340441e-06,-9.9999999999994e-05
0.44125,-0.037912063065438,0.57737298283364,0.61528504589908,0.9999598788008,0.99993849878276,0.99998152979962,0.99997234837161,1.8970254224772e-06,4.7209984877114e-22,5.7123896255944e-06,3.1076780052491e-06,0.0099970455698468,-4.1961431749723e-07,4.2093065091117e-07,-4.7998124929002e-06,-5.237709787919e-06,-2.4691983493984e-06,0.90003046650369,0.90001948668077,2.5,2.5,-5.020534433735e-06,-9.9999999999993e-05
0.4425,-0.037912063065438,0.57737298283364,0.61528504589908,0.99995987140862,0.9999385013966,0.99998153117246,0.99997234956633,1.8760293234224e-06,4.7190917446428e-22,5.7125814452912e-06,3.1077800445607e-06,0.0099970450511342,-4.1497006564622e-07,4.1627183001813e-07,-4.8003902829845e-06,-5.2377900083148e-06,-2.4686034632401e-06,0.90003046522633,0.90001949456975,2.5,2.5,-5.0209310245052e-06,-0.00010000000000001
0.44375,-0.037912063065438,0.57737298283364,0.61528504589908,0.99995986409825,0.9999385039815,0.9999815325301,0.99997235074783,1.8552656072202e-06,4.7172061052799e-22,5.7127711419627e-06,3.1078809545029e-06,0.0099970445381627,-4.1037721603452e-07,4.116645725732e-07,-4.8009616781414e-06,-5.2378693408405e-06,-2.4680151612298e-06,0.90003046396311,0.90001950237141,2.5,2.5,-5.0213232258461e-06,-0.0001
0.445,-0.037912063065438,0.57737298283364,0.61528504589908,0.99995985686879,0.9999385065378,0.99998153387272,0.99997235191626,1.834731701882e-06,4.7153413360072e-22,5.7129587390737e-06,3.1079807475757e-06,0.0099970440308687,-4.0583519953549e-07,4.0710830773665e-07,-4.8015267491505e-06,-5.2379477953203e-06,-2.467433370491e-06,0.90003046271387,0.90001951008673,2.5,2.5,-5.0217110863393e-06,-0.0001
0.44625,-0.037912063065438,0.57737298283364,0.61528504589908,0.99995984971935,0.9999385090658,0.99998153520048,0.99997235307175,1.8144250638795e-06,4.7134972057893e-22,5.7131442598789e-06,3.108079436168e-06,0.0099970435291894,-4.0134345369659e-07,4.0260247126859e-07,-4.8020855660072e-06,-5.2380253814723e-06,-2.4668580189549e-06,0.90003046147845,0.90001951771666,2.5,2.5,-5.022094654029e-06,-0.00010000000000001
0.4475,-0.037912063065438,0.57737298283364,0.61528504589908,0.99995984264903,0.99993851156583,0.99998153651354,0.99997235421445,1.7943431778257e-06,4.7116734862481e-22,5.7133277273489e-06,3.1081770324656e-06,0.0099970430330626,-3.9690142209982e-07,3.9814650497243e-07,-4.802638197931e-06,-5.2381021089096e-06,-2.4662890353596e-06,0.90003046025671,0.90001952526213,2.5,2.5,-5.0224739764277e-06,-9.9999999999993e-05
0.44875,-0.037912063065438,0.57737298283364,0.61528504589908,0.99995983565697,0.99993851403818,0.99998153781207,0.9999723553445,1.7744835562158e-06,4.7098699514772e-22,5.713509164238e-06,3.1082735485658e-06,0.0099970425424269,-3.9250855444699e-07,3.937398568606e-07,-4.8031847133762e-06,-5.238177987134e-06,-2.4657263492172e-06,0.90003045904849,0.9000195327241,2.5,2.5,-5.0228491005217e-06,-0.0001
0.45,-0.037912063065438,0.57737298283364,0.61528504589908,0.9999598287423,0.99993851648317,0.99998153909622,0.99997235646205,1.7548437390112e-06,4.7080863780359e-22,5.7136885930019e-06,3.1083689964707e-06,0.0099970420572215,-3.8816430666452e-07,3.8938198114057e-07,-4.8037251800412e-06,-5.2382530255448e-06,-2.4651698908352e-06,0.90003045785365,0.90001954010348,2.5,2.5,-5.0232200727774e-06,-0.0001
0.45125,-0.037912063065438,0.57737298283364,0.61528504589908,0.99995982190416,0.9999385189011,0.99998154036617,0.99997235756723,1.7354212934698e-06,4.7063225450418e-22,5.7138660358688e-06,3.1084633879413e-06,0.0099970415773863,-3.8386814060613e-07,3.8507233798155e-07,-4.8042596648706e-06,-5.2383272334384e-06,-2.4646195912791e-06,0.90003045667202,0.90001954740118,2.5,2.5,-5.0235869391471e-06,-9.9999999999998e-05
0.4525,-0.037912063065438,0.57737298283364,0.61528504589908,0.9999598151417,0.99993852129227,0.99998154162205,0.99997235866017,1.7162138137343e-06,4.7045782339439e-22,5.7140415147763e-06,3.1085567347059e-06,0.0099970411028619,-3.796195241305e-07,3.8081039356035e-07,-4.8047882340737e-06,-5.2384006200056e-06,-2.4640753823868e-06,0.90003045550348,0.90001955461812,2.5,2.5,-5.0239497450744e-06,-0.00010000000000001
0.45375,-0.037912063065438,0.57737298283364,0.61528504589908,0.99995980845409,0.99993852365697,0.99998154286404,0.99997235974102,1.6972189205723e-06,4.7028532287706e-22,5.7142150515339e-06,3.1086490483195e-06,0.0099970406335895,-3.7541793091525e-07,3.765956198995e-07,-4.8053109531217e-06,-5.2384731943382e-06,-2.4635371967534e-06,0.90003045434787,0.90001956175517,2.5,2.5,-5.0243085354997e-06,-9.9999999999981e-05
0.455,-0.037912063065438,0.57737298283364,0.61528504589908,0.9999598018405,0.9999385259955,0.99998154409228,0.99997236080991,1.6784342610777e-06,4.7011473157357e-22,5.7143866675842e-06,3.1087403401914e-06,0.009997040169511,-3.71262840533e-07,3.7242749498546e-07,-4.8058278867643e-06,-5.2385449654233e-06,-2.4630049677003e-06,0.90003045320505,0.90001956881324,2.5,2.5,-5.0246633548663e-06,-0.00010000000000001
0.45625,-0.037912063065438,0.57737298283364,0.61528504589908,0.9999597953001,0.99993852830815,0.99998154530693,0.99997236186696,1.6598575084784e-06,4.6994602836187e-22,5.7145563842288e-06,3.1088306216829e-06,0.0099970397105688,-3.6715373830505e-07,3.6830550246853e-07,-4.8063390990337e-06,-5.2386159421544e-06,-2.4624786293087e-06,0.90003045207487,0.90001957579318,2.5,2.5,-5.0250142471255e-06,-0.00010000000000001
0.4575,-0.037912063065438,0.57737298283364,0.61528504589908,0.9999597888321,0.9999385305952,0.99998154650813,0.99997236291232,1.6414863615937e-06,4.6977919234184e-22,5.7147242224286e-06,3.1089199039526e-06,0.0099970392567062,-3.6309011527159e-07,3.6422913179584e-07,-4.806844653254e-06,-5.2386861333193e-06,-2.4619581163929e-06,0.90003045095721,0.90001958269588,2.5,2.5,-5.0253612557422e-06,-9.9999999999996e-05
0.45875,-0.037912063065438,0.57737298283364,0.61528504589908,0.99995978243568,0.99993853285694,0.99998154769604,0.99997236394611,1.6233185448519e-06,4.6961420284633e-22,5.7148902030652e-06,3.1090081980256e-06,0.0099970388078668,-3.5907146798185e-07,3.6019787801232e-07,-4.8073446120481e-06,-5.2387555476176e-06,-2.4614433644478e-06,0.90003044985192,0.90001958952217,2.5,2.5,-5.0257044237001e-06,-0.0001
0.46,-0.037912063065438,0.57737298283364,0.61528504589908,0.99995977611005,0.99993853509365,0.99998154887081,0.99997236496845,1.6053518077856e-06,4.6945103943924e-22,5.7150543466039e-06,3.1090955148555e-06,0.0099970383639952,-3.5509729872772e-07,3.5621124174169e-07,-4.8078390373442e-06,-5.2388241936438e-06,-2.4609343097379e-06,0.90003044875886,0.90001959627292,2.5,2.5,-5.0260437935074e-06,-9.999999999999e-05
0.46125,-0.037912063065438,0.57737298283364,0.61528504589908,0.99995976985444,0.9999385373056,0.99998155003256,0.99997236597948,1.5875839248899e-06,4.6928968190635e-22,5.7152166734302e-06,3.1091818653147e-06,0.0099970379250363,-3.5116711522566e-07,3.5226872921693e-07,-4.8083279903883e-06,-5.2388920799032e-06,-2.4604308891977e-06,0.90003044767789,0.90001960294894,2.5,2.5,-5.0263794072015e-06,-0.0001
0.4625,-0.037912063065438,0.57737298283364,0.61528504589908,0.99995976366806,0.99993853949307,0.99998155118147,0.99997236697932,1.5700126952424e-06,4.6913011026753e-22,5.7153772036256e-06,3.1092672600432e-06,0.0099970374909358,-3.472804305929e-07,3.4836985202867e-07,-4.8088115317463e-06,-5.2389592148026e-06,-2.4599330404686e-06,0.90003044660889,0.90001960955108,2.5,2.5,-5.0267113063547e-06,-0.00010000000000001
0.46375,-0.037912063065438,0.57737298283364,0.61528504589908,0.99995975755016,0.99993854165632,0.99998155231765,0.9999723679681,1.5526359423225e-06,4.689723047505e-22,5.7155359571127e-06,3.1093517096079e-06,0.0099970370616398,-3.4343676342543e-07,3.445141272557e-07,-4.8092897213138e-06,-5.2390256066597e-06,-2.4594407018777e-06,0.90003044555173,0.90001961608014,2.5,2.5,-5.0270395320795e-06,-9.9999999999989e-05
0.465,-0.037912063065438,0.57737298283364,0.61528504589908,0.99995975149996,0.99993854379564,0.99998155344126,0.99997236894593,1.5354515136604e-06,4.6881624581308e-22,5.7156929535011e-06,3.1094352245073e-06,0.0099970366370953,-3.3963563761846e-07,3.4070107728057e-07,-4.809762618324e-06,-5.2390912636976e-06,-2.4589538124496e-06,0.90003044450626,0.90001962253695,2.5,2.5,-5.0273641250327e-06,-9.9999999999999e-05
0.46625,-0.037912063065438,0.57737298283364,0.61528504589908,0.99995974551673,0.99993854591128,0.99998155455244,0.99997236991293,1.5184572806402e-06,4.6866191411998e-22,5.7158482122849e-06,3.1095178150843e-06,0.0099970362172495,-3.358765823175e-07,3.3693022977131e-07,-4.8102302813547e-06,-5.2391561940514e-06,-2.4584723118714e-06,0.90003044347237,0.90001962892228,2.5,2.5,-5.0276851254216e-06,-0.0001
0.4675,-0.037912063065438,0.57737298283364,0.61528504589908,0.99995973959972,0.9999385480035,0.99998155565131,0.99997237086924,1.5016511381938e-06,4.6850929055403e-22,5.7160017526677e-06,3.1095994915413e-06,0.0099970358020506,-3.3215913187019e-07,3.332011176898e-07,-4.8106927683351e-06,-5.2392204057596e-06,-2.4579961404866e-06,0.90003044244991,0.90001963523695,2.5,2.5,-5.0280025730083e-06,-0.0001
0.46875,-0.037912063065438,0.57737298283364,0.61528504589908,0.9999597337482,0.99993855007256,0.99998155673802,0.99997237181496,1.4850310045614e-06,4.6835835621351e-22,5.7161535936856e-06,3.1096802640066e-06,0.0099970353914471,-3.284828258184e-07,3.2951327901702e-07,-4.8111501365534e-06,-5.23928390678e-06,-2.4575252393296e-06,0.90003044143878,0.90001964148173,2.5,2.5,-5.0283165071151e-06,-9.9999999999999e-05
0.47,-0.037912063065438,0.57737298283364,0.61528504589908,0.99995972796145,0.99993855211873,0.99998155781271,0.99997237275021,1.4685948209976e-06,4.6820909239971e-22,5.7163037541441e-06,3.1097601425037e-06,0.0099970349853881,-3.2484720877514e-07,3.258662570224e-07,-4.8116024426621e-06,-5.2393467049758e-06,-2.4570595500573e-06,0.90003044043883,0.90001964765739,2.5,2.5,-5.0286269666286e-06,-0.0001
0.47125,-0.037912063065438,0.57737298283364,0.61528504589908,0.99995972223874,0.99993855414225,0.9999815588755,0.99997237367511,1.452340551568e-06,4.6806148061908e-22,5.7164522526582e-06,3.1098391369082e-06,0.0099970345838233,-3.2125183039141e-07,3.2225959991668e-07,-4.8120497426902e-06,-5.2394088081283e-06,-2.4565990149868e-06,0.90003043944996,0.9000196537647,2.5,2.5,-5.0289339900054e-06,-9.9999999999994e-05
0.4725,-0.037912063065438,0.57737298283364,0.61528504589908,0.99995971657937,0.99993855614337,0.99998155992653,0.99997237458978,1.4362661828668e-06,4.6791550259915e-22,5.7165991075788e-06,3.1099172570211e-06,0.009997034186703,-3.1769624538082e-07,3.1869286097052e-07,-4.8124920920429e-06,-5.2394702239288e-06,-2.4561435770902e-06,0.90003043847202,0.90001965980441,2.5,2.5,-5.0292376152763e-06,-0.00010000000000001
0.47375,-0.037912063065438,0.57737298283364,0.61528504589908,0.99995971098264,0.99993855812234,0.99998156096593,0.99997237549432,1.4203697237604e-06,4.6777114024372e-22,5.7167443371364e-06,3.1099945124927e-06,0.009997033793978,-3.1418001314058e-07,3.1516559832339e-07,-4.8129295455148e-06,-5.2395309599847e-06,-2.4556931799232e-06,0.90003043750492,0.90001966577728,2.5,2.5,-5.0295378800513e-06,-9.9999999999996e-05
0.475,-0.037912063065438,0.57737298283364,0.61528504589908,0.99995970544785,0.99993856007942,0.99998156199382,0.99997237638885,1.4046492051695e-06,4.676283756798e-22,5.7168879592895e-06,3.1100709129134e-06,0.0099970334055996,-3.1070269832949e-07,3.1167737513984e-07,-4.8133621572934e-06,-5.2395910238209e-06,-2.45524776771e-06,0.90003043654851,0.90001967168404,2.5,2.5,-5.029834821524e-06,-0.00010000000000001
0.47625,-0.037912063065438,0.57737298283364,0.61528504589908,0.99995969997432,0.99993856201483,0.99998156301033,0.99997237727348,1.3891026798204e-06,4.6748719122134e-22,5.7170299918554e-06,3.110146467735e-06,0.0099970330215198,-3.0726387007962e-07,3.0822775923185e-07,-4.8137899809658e-06,-5.2396504228739e-06,-2.4548072852883e-06,0.90003043560269,0.90001967752542,2.5,2.5,-5.0301284764764e-06,-9.9999999999991e-05
0.4775,-0.037912063065438,0.57737298283364,0.61528504589908,0.99995969456137,0.99993856392882,0.9999815640156,0.99997237814832,1.3737282219391e-06,4.6734756937941e-22,5.7171704524403e-06,3.1102211863192e-06,0.0099970326416909,-3.038631023949e-07,3.0481632335575e-07,-4.8142130695246e-06,-5.239709164505e-06,-2.4543716780698e-06,0.90003043466734,0.90001968330215,2.5,2.5,-5.0304188812834e-06,-9.9999999999997e-05
0.47875,-0.037912063065438,0.57737298283364,0.61528504589908,0.99995968920833,0.99993856582162,0.99998156500974,0.99997237901348,1.358523927112e-06,4.6720949285997e-22,5.7173093583829e-06,3.1102950779341e-06,0.0099970322660659,-3.0049997421936e-07,3.0144264497473e-07,-4.8146314753799e-06,-5.2397672559898e-06,-2.4539408921278e-06,0.90003043374234,0.90001968901495,2.5,2.5,-5.0307060719173e-06,-0.00010000000000001
0.48,-0.037912063065438,0.57737298283364,0.61528504589908,0.99995968391453,0.99993856769348,0.99998156599287,0.99997237986906,1.343487911983e-06,4.6707294455524e-22,5.7174467269471e-06,3.1103681517263e-06,0.0099970318945983,-2.9717406868692e-07,2.9810630607804e-07,-4.8150452503584e-06,-5.2398247045232e-06,-2.453514874073e-06,0.90003043282758,0.90001969466451,2.5,2.5,-5.0309900839521e-06,-9.9999999999992e-05
0.48125,-0.037912063065438,0.57737298283364,0.61528504589908,0.99995967867933,0.99993856954462,0.99998156696512,0.99997238071517,1.3286183140728e-06,4.66937907557e-22,5.7175825751347e-06,3.110440416735e-06,0.0099970315272421,-2.9388497404139e-07,2.9480689352413e-07,-4.8154544457137e-06,-5.2398815172207e-06,-2.4530935711468e-06,0.90003043192294,0.90001970025155,2.5,2.5,-5.0312709525687e-06,-0.00010000000000001
0.4825,-0.037912063065438,0.57737298283364,0.61528504589908,0.99995967350207,0.99993857137527,0.99998156792662,0.99997238155191,1.3139132914543e-06,4.6680436513547e-22,5.7177169197532e-06,3.1105118819221e-06,0.0099970311639517,-2.9063228279777e-07,2.9154399854734e-07,-4.8158591121345e-06,-5.2399377011215e-06,-2.4526769311615e-06,0.90003043102832,0.90001970577675,2.5,2.5,-5.0315487125576e-06,-9.9999999999991e-05
0.48375,-0.037912063065438,0.57737298283364,0.61528504589908,0.99995966838212,0.99993857318565,0.99998156887747,0.9999723823794,1.2993710226654e-06,4.6667230074819e-22,5.7178497774783e-06,3.1105825561505e-06,0.0099970308046823,-2.8741559201104e-07,2.883172169652e-07,-4.8162592997446e-06,-5.2399932631848e-06,-2.4522649025145e-06,0.9000304301436,0.9000197112408,2.5,2.5,-5.0318233983251e-06,-0.00010000000000001
0.485,-0.037912063065438,0.57737298283364,0.61528504589908,0.99995966331883,0.99993857497601,0.9999815698178,0.99997238319773,1.2849897063204e-06,4.6654169803568e-22,5.7179811647311e-06,3.1106524481516e-06,0.0099970304493891,-2.8423450324387e-07,2.8512614911633e-07,-4.8166550581165e-06,-5.2400482102898e-06,-2.451857434157e-06,0.90003042926867,0.90001971664438,2.5,2.5,-5.0320950438964e-06,-9.9999999999994e-05
0.48625,-0.037912063065438,0.57737298283364,0.61528504589908,0.99995965831158,0.99993857674654,0.99998157074772,0.999972384007,1.2707675610466e-06,4.6641254082095e-22,5.7181110977939e-06,3.1107215665999e-06,0.0099970300980284,-2.8108862246181e-07,2.81970399687e-07,-4.8170464362713e-06,-5.2401025492481e-06,-2.4514544756191e-06,0.90003042840342,0.90001972198814,2.5,2.5,-5.03236368292e-06,-0.0001
0.4875,-0.037912063065438,0.57737298283364,0.61528504589908,0.99995965335975,0.99993857849748,0.99998157166734,0.99997238480731,1.2567028251372e-06,4.6628481310883e-22,5.7182395927985e-06,3.1107899200545e-06,0.0099970297505564,-2.7797756004373e-07,2.7884957781705e-07,-4.8174334826892e-06,-5.2401562867875e-06,-2.451055976992e-06,0.90003042754775,0.90001972727277,2.5,2.5,-5.0326293486722e-06,-0.0001
0.48875,-0.037912063065438,0.57737298283364,0.61528504589908,0.99995964846272,0.99993858022904,0.99998157257679,0.99997238559877,1.2427937564006e-06,4.6615849907373e-22,5.7183666656114e-06,3.1108575169988e-06,0.0099970294069302,-2.7490093051103e-07,2.757632968981e-07,-4.8178162453139e-06,-5.2402094295637e-06,-2.4506618889074e-06,0.90003042670155,0.9000197324989,2.5,2.5,-5.0328920740608e-06,-9.9999999999995e-05
0.49,-0.037912063065438,0.57737298283364,0.61528504589908,0.9999596436199,0.99993858194144,0.99998157347618,0.99997238638146,1.2290386319305e-06,4.6603358307206e-22,5.7184923319784e-06,3.1109243657521e-06,0.0099970290671073,-2.7185835286704e-07,2.7271117465427e-07,-4.8181947715589e-06,-5.2402619841618e-06,-2.4502721625551e-06,0.90003042586472,0.90001973766719,2.5,2.5,-5.0331518916295e-06,-0.0001
0.49125,-0.037912063065438,0.57737298283364,0.61528504589908,0.99995963883067,0.99993858363488,0.99998157436561,0.99997238715549,1.2154357478832e-06,4.6591004962667e-22,5.7186166075249e-06,3.1109904746575e-06,0.0099970287310455,-2.6884945018371e-07,2.6969283301299e-07,-4.8185691083097e-06,-5.2403139570901e-06,-2.4498867496588e-06,0.90003042503714,0.90001974277828,2.5,2.5,-5.0334088335617e-06,-9.9999999999997e-05
0.49249999999999,-0.037912063065438,0.57737298283364,0.61528504589908,0.99995963409446,0.99993858530958,0.99998157524519,0.99997238792096,1.2019834192801e-06,4.657878834409e-22,5.7187395075734e-06,3.1110558518466e-06,0.0099970283987032,-2.6587384972574e-07,2.6670789808277e-07,-4.8189393019369e-06,-5.2403653547871e-06,-2.4495056024728e-06,0.90003042421873,0.9000197478328,2.5,2.5,-5.0336629316849e-06,-0.00010000000000001
0.49374999999999,-0.037912063065438,0.57737298283364,0.61528504589908,0.99995962941066,0.99993858696575,0.99998157611504,0.99997238867795,1.1886799797825e-06,4.6566706937463e-22,5.7188610473685e-06,3.1111205054588e-06,0.0099970280700392,-2.6293118295315e-07,2.6375600013599e-07,-4.8193053982958e-06,-5.2404161836183e-06,-2.4491286737895e-06,0.90003042340938,0.90001975283138,2.5,2.5,-5.0339142174738e-06,-9.9999999999989e-05
0.49499999999999,-0.037912063065438,0.57737298283364,0.61528504589908,0.9999596247787,0.99993858860358,0.99998157697527,0.99997238942657,1.1755237815052e-06,4.6554759247138e-22,5.7189812419912e-06,3.1111844435036e-06,0.0099970277450128,-2.6002108532371e-07,2.6083677351621e-07,-4.8196674427346e-06,-5.2404664498821e-06,-2.4487559169148e-06,0.90003042260898,0.90001975777463,2.5,2.5,-5.0341627220554e-06,-0.0001
0.49624999999999,-0.037912063065438,0.57737298283364,0.61528504589908,0.99995962019801,0.99993859022329,0.99998157782597,0.9999723901669,1.1625131947887e-06,4.6542943792642e-22,5.7191001063146e-06,3.1112476738685e-06,0.0099970274235838,-2.5714319642779e-07,2.5794985664175e-07,-4.8200254801002e-06,-5.2405161598029e-06,-2.448387285684e-06,0.90003042181744,0.90001976266318,2.5,2.5,-5.0344084762115e-06,-0.00010000000000001
0.49749999999999,-0.037912063065438,0.57737298283364,0.61528504589908,0.99995961566802,0.99993859182507,0.99998157866725,0.99997239089903,1.1496466080324e-06,4.6531259110083e-22,5.7192176550357e-06,3.11131020442e-06,0.0099970271057124,-2.542971596688e-07,2.5509489185823e-07,-4.8203795547409e-06,-5.2405653195385e-06,-2.448022734427e-06,0.90003042103467,0.90001976749761,2.5,2.5,-5.0346515103837e-06,-9.9999999999998e-05
0.49874999999999,-0.037912063065438,0.57737298283364,0.61528504589908,0.99995961118816,0.99993859340912,0.99998157949923,0.99997239162307,1.1369224274461e-06,4.6519703752937e-22,5.7193339027567e-06,3.1113720428786e-06,0.0099970267913591,-2.5148262259819e-07,2.5227152557879e-07,-4.8207297105179e-06,-5.2406139351802e-06,-2.4476622179793e-06,0.90003042026055,0.90001977227854,2.5,2.5,-5.0348918546766e-06,-9.9999999999998e-05
0.49999999999999,-0.037912063065438,0.57737298283364,0.61528504589908,0.99995960675789,0.99993859497564,0.999981580322,0.99997239233908,1.1243390768921e-06,4.6508276289512e-22,5.7194488638595e-06,3.111433196918e-06,0.0099970264804851,-2.4869923662428e-07,2.4947940806044e-07,-4.8210759908025e-06,-5.2406620127479e-06,-2.4473056917078e-06,0.90003041949501,0.90001977700656,2.5,2.5,-5.0351295388614e-06,-0.0001
0.50124999999999,-0.037912063065438,0.57737298283364,0.61528504589908,0.99995960237665,0.99993859652483,0.99998158113566,0.99997239304718,1.1118949976829e-06,4.6496975303858e-22,5.7195625525685e-06,3.1114936741186e-06,0.0099970261730518,-2.4594665680884e-07,2.4671819340434e-07,-4.8214184384898e-06,-5.2407095581975e-06,-2.4469531114307e-06,0.90003041873793,0.90001978168224,2.5,2.5,-5.03536459238e-06,-9.9999999999994e-05
0.50249999999999,-0.037912063065438,0.57737298283364,0.61528504589908,0.9999595980439,0.99993859805686,0.99998158194031,0.99997239374744,1.0995886483605e-06,4.6485799396461e-22,5.7196749829895e-06,3.1115534819543e-06,0.0099970258690211,-2.432245423368e-07,2.4398753963845e-07,-4.8217570959993e-06,-5.2407565774185e-06,-2.4466044334767e-06,0.90003041798924,0.90001978630618,2.5,2.5,-5.0355970443483e-06,-0.0001
0.50374999999999,-0.037912063065438,0.57737298283364,0.61528504589908,0.99995959375911,0.99993859957194,0.99998158273606,0.99997239443994,1.0874185045607e-06,4.6474747183037e-22,5.7197861690435e-06,3.1116126278473e-06,0.0099970255683554,-2.405325560043e-07,2.412871085081e-07,-4.822092005279e-06,-5.2408030762342e-06,-2.4462596146642e-06,0.90003041724883,0.90001979087893,2.5,2.5,-5.0358269235602e-06,-0.0001
0.50499999999999,-0.037912063065438,0.57737298283364,0.61528504589908,0.99995958952174,0.99993860107025,0.999981583523,0.99997239512478,1.0753830587764e-06,4.6463817294385e-22,5.7198961244987e-06,3.1116711191199e-06,0.0099970252710174,-2.3787036423564e-07,2.3861656545175e-07,-4.8224232078134e-06,-5.2408490604056e-06,-2.4459186122613e-06,0.90003041651662,0.90001979540108,2.5,2.5,-5.0360542584905e-06,-9.9999999999995e-05
0.50624999999999,-0.037912063065438,0.57737298283364,0.61528504589908,0.99995958533127,0.99993860255198,0.99998158430123,0.99997239580205,1.0634808201733e-06,4.6453008376781e-22,5.7200048629702e-06,3.1117289630132e-06,0.0099970249769704,-2.3523763742337e-07,2.3597557972553e-07,-4.8227507446301e-06,-5.2408945356298e-06,-2.4455813840532e-06,0.90003041579251,0.90001979987318,2.5,2.5,-5.0362790772992e-06,-0.0001
0.50749999999999,-0.037912063065438,0.57737298283364,0.61528504589908,0.99995958118718,0.99993860401731,0.99998158507085,0.99997239647181,1.0517103144154e-06,4.6442319091368e-22,5.7201123979572e-06,3.1117861666916e-06,0.0099970246861778,-2.3263404935446e-07,2.3336382420949e-07,-4.8230746562993e-06,-5.2409395075372e-06,-2.4452478882471e-06,0.90003041507642,0.90001980429578,2.5,2.5,-5.0365014078344e-06,-9.9999999999993e-05
0.50874999999999,-0.037912063065438,0.57737298283364,0.61528504589908,0.99995957708895,0.99993860546642,0.99998158583195,0.99997239713417,1.0400700835312e-06,4.6431748113636e-22,5.7202187427524e-06,3.1118427372438e-06,0.0099970243986037,-2.3005927759076e-07,2.3078097533627e-07,-4.8233949829443e-06,-5.240983981701e-06,-2.4449180835489e-06,0.90003041436825,0.90001980866943,2.5,2.5,-5.0367212776362e-06,-0.0001
0.50999999999999,-0.037912063065438,0.57737298283364,0.61528504589908,0.99995957303608,0.99993860689949,0.99998158658463,0.99997239778919,1.0285586856149e-06,4.6421294134954e-22,5.7203239105177e-06,3.1118986816869e-06,0.0099970241142125,-2.2751300311715e-07,2.2822671319708e-07,-4.8237117642451e-06,-5.2410279636286e-06,-2.4445919290896e-06,0.90003041366792,0.90001981299467,2.5,2.5,-5.0369387139397e-06,-0.0001
0.51124999999999,-0.037912063065438,0.57737298283364,0.61528504589908,0.99995956902807,0.9999386083167,0.99998158732898,0.99997239843696,1.0171746947555e-06,4.6410955859865e-22,5.7204279143055e-06,3.1119540069415e-06,0.0099970238329688,-2.2499491055967e-07,2.2570072137853e-07,-4.8240250394409e-06,-5.2410714587675e-06,-2.4442693844788e-06,0.90003041297534,0.90001981727204,2.5,2.5,-5.0371537436786e-06,-0.0001
0.51249999999999,-0.037912063065438,0.57737298283364,0.61528504589908,0.99995956506443,0.99993860971822,0.99998158806509,0.99997239907757,1.0059167008588e-06,4.6400732007479e-22,5.7205307669814e-06,3.1120087198582e-06,0.009997023554838,-2.2250468810646e-07,2.232026870287e-07,-4.8243348473347e-06,-5.2411144725083e-06,-2.4439504097709e-06,0.90003041229043,0.90001982150207,2.5,2.5,-5.0373663934886e-06,-9.999999999999e-05
0.51374999999999,-0.037912063065438,0.57737298283364,0.61528504589908,0.99995956114465,0.99993861110424,0.99998158879305,0.99997239971108,9.9478330937987e-07,4.6390621311993e-22,5.7206324812866e-06,3.1120628272092e-06,0.0099970232797854,-2.2004202708659e-07,2.2073230066565e-07,-4.8246412263045e-06,-5.2411570101749e-06,-2.443634965437e-06,0.90003041161309,0.90001982568529,2.5,2.5,-5.0375766897105e-06,-0.00010000000000001
0.51499999999999,-0.037912063065438,0.57737298283364,0.61528504589908,0.99995955726825,0.99993861247491,0.99998158951295,0.99997240033758,9.8377314121743e-07,4.6380622520187e-22,5.7207330698419e-06,3.1121163357241e-06,0.0099970230077771,-2.176066225983e-07,2.1828925629435e-07,-4.8249442143007e-06,-5.2411990770392e-06,-2.4433230124027e-06,0.90003041094326,0.9000198298222,2.5,2.5,-5.0377846583934e-06,-9.9999999999997e-05
0.51624999999999,-0.037912063065438,0.57737298283364,0.61528504589908,0.99995955343476,0.99993861383041,0.99998159022489,0.99997240095715,9.7288483256096e-07,4.6370734394932e-22,5.7208325450914e-06,3.1121692520083e-06,0.0099970227387794,-2.1519817297863e-07,2.1587325132648e-07,-4.8252438488533e-06,-5.2412406783117e-06,-2.4430145120534e-06,0.90003041028083,0.90001983391333,2.5,2.5,-5.0379903252986e-06,-0.0001
0.51749999999999,-0.037912063065438,0.57737298283364,0.61528504589908,0.99995954964369,0.99993861517091,0.99998159092894,0.99997240156986,9.6211703469043e-07,4.6360955710113e-22,5.7209309193629e-06,3.1122215826101e-06,0.009997022472759,-2.1281637983156e-07,2.1348398648209e-07,-4.8255401670808e-06,-5.2412818191449e-06,-2.4427094261491e-06,0.90003040962574,0.90001983795918,2.5,2.5,-5.0381937159019e-06,-9.9999999999997e-05
0.51874999999999,-0.037912063065438,0.57737298283364,0.61528504589908,0.99995954589459,0.99993861649657,0.99998159162521,0.99997240217579,9.5146841378331e-07,4.6351285254699e-22,5.7210282048325e-06,3.1122733340233e-06,0.0099970222096828,-2.1046094814751e-07,2.1112116579382e-07,-4.8258332056844e-06,-5.2413225046357e-06,-2.4424077169053e-06,0.9000304089779,0.90001984196024,2.5,2.5,-5.038394855397e-06,-0.0001
0.51999999999999,-0.037912063065438,0.57737298283364,0.61528504589908,0.99995954218698,0.99993861780756,0.99998159231376,0.99997240277501,9.4093765083353e-07,4.6341721830991e-22,5.7211244135295e-06,3.1123245126602e-06,0.0099970219495183,-2.0813158615241e-07,2.0878449657855e-07,-4.8261230009653e-06,-5.2413627398224e-06,-2.4421093469505e-06,0.90003040833723,0.90001984591703,2.5,2.5,-5.0385937686992e-06,-9.9999999999999e-05
0.52124999999999,-0.037912063065438,0.57737298283364,0.61528504589908,0.99995953852041,0.99993861910404,0.9999815929947,0.9999724033676,9.3052344136944e-07,4.6332264254571e-22,5.7212195574338e-06,3.1123751248574e-06,0.0099970216922333,-2.0582800533132e-07,2.0647368939247e-07,-4.8264095888191e-06,-5.2414025296914e-06,-2.4418142793277e-06,0.90003040770365,0.90001984983002,2.5,2.5,-5.0387904804477e-06,-9.9999999999999e-05
0.52249999999999,-0.037912063065438,0.57737298283364,0.61528504589908,0.99995953489441,0.99993862038618,0.9999815936681,0.99997240395363,9.2022449537425e-07,4.6322911353601e-22,5.7213136482582e-06,3.1124251768761e-06,0.0099970214377959,-2.0354992028894e-07,2.0418845799695e-07,-4.8266930047446e-06,-5.2414418791686e-06,-2.4415224774856e-06,0.90003040707709,0.9000198536997,2.5,2.5,-5.0389850150089e-06,-0.0001
0.52374999999999,-0.037912063065438,0.57737298283364,0.61528504589908,0.99995953130855,0.99993862165412,0.99998159433405,0.99997240453318,9.1003953717325e-07,4.6313661969914e-22,5.7214066977286e-06,3.1124746749438e-06,0.0099970211861746,-2.0129704893459e-07,2.0192851935263e-07,-4.8269732838501e-06,-5.2414807931309e-06,-2.4412339052784e-06,0.90003040645745,0.90001985752656,2.5,2.5,-5.0391773964799e-06,-9.9999999999995e-05
0.52499999999999,-0.037912063065438,0.57737298283364,0.61528504589908,0.99995952776238,0.99993862290802,0.99998159499262,0.99997240510631,8.9996730511224e-07,4.6304514957035e-22,5.721498717336e-06,3.1125236251632e-06,0.0099970209373382,-1.9906911212172e-07,1.996935934802e-07,-4.8272504608531e-06,-5.2415192763953e-06,-2.4409485269663e-06,0.90003040584468,0.90001986131105,2.5,2.5,-5.0393676486909e-06,-0.00010000000000001
0.52624999999999,-0.037912063065438,0.57737298283364,0.61528504589908,0.99995952425545,0.99993862414805,0.99998159564391,0.9999724056731,8.9000655158335e-07,4.6295469182964e-22,5.7215897184719e-06,3.1125720335943e-06,0.0099970206912559,-1.9686583386596e-07,1.974834035399e-07,-4.827524570086e-06,-5.2415573337315e-06,-2.4406663071859e-06,0.90003040523869,0.90001986505366,2.5,2.5,-5.0395557952082e-06,-9.9999999999993e-05
0.52749999999999,-0.037912063065438,0.57737298283364,0.61528504589908,0.99995952078734,0.99993862537436,0.99998159628799,0.99997240623361,8.8015604272842e-07,4.6286523526464e-22,5.7216797124085e-06,3.1126199062418e-06,0.0099970204478972,-1.9468694135706e-07,1.9529767581258e-07,-4.8277956455046e-06,-5.2415949698528e-06,-2.4403872109949e-06,0.9000304046394,0.90001986875485,2.5,2.5,-5.0397418593377e-06,-0.0001
0.52874999999999,-0.037912063065438,0.57737298283364,0.61528504589908,0.99995951735762,0.99993862658709,0.99998159692494,0.99997240678792,8.7041455838325e-07,4.6277676879678e-22,5.721768710299e-06,3.112667249059e-06,0.009997020207232,-1.9253216455996e-07,1.9313613948303e-07,-4.8280637206846e-06,-5.24163218942e-06,-2.4401112038064e-06,0.90003040404675,0.90001987241508,2.5,2.5,-5.0399258641269e-06,-9.9999999999989e-05
0.52999999999999,-0.037912063065438,0.57737298283364,0.61528504589908,0.99995951396585,0.9999386277864,0.99998159755484,0.9999724073361,8.6078089187134e-07,4.6268928146544e-22,5.7218567231873e-06,3.1127140678803e-06,0.0099970199692305,-1.904012366934e-07,1.9099852685582e-07,-4.8283288288349e-06,-5.2416689970458e-06,-2.439838251449e-06,0.90003040346066,0.90001987603479,2.5,2.5,-5.0401078323683e-06,-0.00010000000000001
0.53124999999999,-0.037912063065438,0.57737298283364,0.61528504589908,0.99995951061163,0.99993862897244,0.99998159817777,0.99997240787821,8.512538498804e-07,4.6260276243854e-22,5.7219437619334e-06,3.1127603685098e-06,0.0099970197338631,-1.8829389367728e-07,1.8888457309935e-07,-4.8285910027928e-06,-5.241705397287e-06,-2.439568320099e-06,0.90003040288105,0.90001987961444,2.5,2.5,-5.0402877866024e-06,-9.9999999999997e-05
0.53249999999999,-0.037912063065438,0.57737298283364,0.61528504589908,0.99995950729453,0.99993863014534,0.99998159879381,0.99997240841432,8.4183225228827e-07,4.6251720099254e-22,5.7220298373511e-06,3.1128061566868e-06,0.0099970195011008,-1.8620987454847e-07,1.8679401639404e-07,-4.8288502750341e-06,-5.2417413946551e-06,-2.4393013763185e-06,0.90003040230786,0.90001988315447,2.5,2.5,-5.0404657491198e-06,-9.9999999999997e-05
0.53374999999999,-0.037912063065438,0.57737298283364,0.61528504589908,0.99995950401414,0.99993863130527,0.99998159940302,0.99997240894449,8.3251493205615e-07,4.6243258653434e-22,5.7221149600962e-06,3.1128514381006e-06,0.0099970192709146,-1.8414892120221e-07,1.8472659780235e-07,-4.8291066776752e-06,-5.2417769936064e-06,-2.4390373870568e-06,0.90003040174101,0.90001988665532,2.5,2.5,-5.0406417419649e-06,-0.00010000000000001
0.53499999999999,-0.037912063065438,0.57737298283364,0.61528504589908,0.99995950077006,0.99993863245236,0.9999816000055,0.9999724094688,8.2330073504293e-07,4.6234890858425e-22,5.7221991407218e-06,3.1128962183252e-06,0.0099970190432761,-1.8211077822463e-07,1.8268206117689e-07,-4.8293602424746e-06,-5.2418121985526e-06,-2.4387763195924e-06,0.90003040118044,0.90001989011743,2.5,2.5,-5.0408157869377e-06,-9.9999999999992e-05
0.53624999999999,-0.037912063065438,0.57737298283364,0.61528504589908,0.99995949756188,0.99993863358675,0.9999816006013,0.9999724099873,8.1418851990933e-07,4.622661567704e-22,5.7222823896268e-06,3.1129405029384e-06,0.0099970188181571,-1.8009519323872e-07,1.8066015329147e-07,-4.8296110008434e-06,-5.2418470138544e-06,-2.4385181415988e-06,0.90003040062607,0.90001989354121,2.5,2.5,-5.0409879055972e-06,-9.999999999999e-05
0.53749999999999,-0.037912063065438,0.57737298283364,0.61528504589908,0.99995949438922,0.99993863470859,0.99998160119051,0.99997241050007,8.0517715789312e-07,4.6218432084489e-22,5.7223647171534e-06,3.112984297422e-06,0.0099970185955297,-1.7810191663837e-07,1.7866062371716e-07,-4.8298589838425e-06,-5.2418814438229e-06,-2.4382628211092e-06,0.90003040007784,0.90001989692711,2.5,2.5,-5.0411581192635e-06,-0.00010000000000002
0.53874999999999,-0.037912063065438,0.57737298283364,0.61528504589908,0.99995949125166,0.99993863581801,0.9999816017732,0.99997241100716,7.9626553280656e-07,4.6210339067516e-22,5.7224461334929e-06,3.1130276071734e-06,0.0099970183753664,-1.761307013162e-07,1.7668322471694e-07,-4.8301042221885e-06,-5.2419154927238e-06,-2.4380103264701e-06,0.90003039953567,0.90001990027552,2.5,2.5,-5.0413264490209e-06,-9.9999999999996e-05
0.53999999999999,-0.037912063065438,0.57737298283364,0.61528504589908,0.99995948814884,0.99993863691516,0.99998160234944,0.99997241150863,7.8745254073712e-07,4.6202335623024e-22,5.722526648706e-06,3.1130704375854e-06,0.0099970181576397,-1.7418130326841e-07,1.7472771139024e-07,-4.8303467462598e-06,-5.2419491647747e-06,-2.4377606264172e-06,0.90003039899951,0.90001990358688,2.5,2.5,-5.0414929157203e-06,-0.0001
0.54124999999999,-0.037912063065438,0.57737298283364,0.61528504589908,0.99995948508035,0.99993863800016,0.99998160291931,0.99997241200456,7.7873709003804e-07,4.6194420759787e-22,5.722606272785e-06,3.1131127939605e-06,0.0099970179423229,-1.7225348098139e-07,1.7279384150266e-07,-4.8305865860976e-06,-5.2419824641457e-06,-2.4375136900271e-06,0.90003039846928,0.90001990686159,2.5,2.5,-5.041657539982e-06,-9.9999999999987e-05
0.54249999999999,-0.037912063065438,0.57737298283364,0.61528504589908,0.99995948204583,0.99993863907315,0.99998160348286,0.999972412495,7.7011810113407e-07,4.6186593497759e-22,5.7226850155986e-06,3.1131546815305e-06,0.0099970177293891,-1.7034699566182e-07,1.7088137552385e-07,-4.8308237714103e-06,-5.2420153949651e-06,-2.4372694867013e-06,0.90003039794491,0.90001991010005,2.5,2.5,-5.041820342198e-06,-0.00010000000000001
0.54374999999999,-0.037912063065438,0.57737298283364,0.61528504589908,0.99995947904489,0.99993864013426,0.99998160404018,0.99997241298001,7.6159450638281e-07,4.617885286712e-22,5.7227628868933e-06,3.1131961055042e-06,0.0099970175188121,-1.6846161111497e-07,1.6899007649929e-07,-4.8310583315779e-06,-5.2420479613063e-06,-2.4370279862022e-06,0.90003039742636,0.90001991330267,2.5,2.5,-5.0419813425341e-06,-9.9999999999997e-05
0.54499999999999,-0.037912063065438,0.57737298283364,0.61528504589908,0.99995947607717,0.99993864118363,0.99998160459133,0.99997241345965,7.5316524996621e-07,4.617119790908e-22,5.7228398963119e-06,3.1132370709843e-06,0.0099970173105658,-1.6659709381625e-07,1.6711971022529e-07,-4.8312902956565e-06,-5.2420801672068e-06,-2.4367891585958e-06,0.90003039691354,0.90001991646984,2.5,2.5,-5.0421405609337e-06,-9.9999999999998e-05
0.54624999999999,-0.037912063065438,0.57737298283364,0.61528504589908,0.99995947314229,0.99993864222139,0.99998160513638,0.99997241393399,7.4482928778825e-07,4.616362767555e-22,5.7229160534064e-06,3.1132775830687e-06,0.0099970171046243,-1.6475321287171e-07,1.6527004498729e-07,-4.8315196923783e-06,-5.2421120166566e-06,-2.4365529743239e-06,0.90003039640639,0.90001991960196,2.5,2.5,-5.0422980171192e-06,-0.00010000000000001
0.54749999999999,-0.037912063065438,0.57737298283364,0.61528504589908,0.99995947023989,0.99993864324766,0.9999816056754,0.99997241440307,7.3658558724024e-07,4.6156141228166e-22,5.7229913675868e-06,3.113317646767e-06,0.0099970169009621,-1.6292973979283e-07,1.6344085166316e-07,-4.8317465501581e-06,-5.2421435135997e-06,-2.4363194041076e-06,0.90003039590486,0.90001992269942,2.5,2.5,-5.0424537305942e-06,-9.9999999999987e-05
0.54874999999999,-0.037912063065438,0.57737298283364,0.61528504589908,0.99995946736962,0.99993864426257,0.99998160620845,0.99997241486696,7.2843312720636e-07,4.6148737640239e-22,5.7230658482222e-06,3.11335726706e-06,0.009997016699554,-1.6112644873944e-07,1.6163190368334e-07,-4.831970897098e-06,-5.2421746619364e-06,-2.4360884190256e-06,0.90003039540888,0.90001992576259,2.5,2.5,-5.0426077206472e-06,-9.9999999999999e-05
0.54999999999999,-0.037912063065438,0.57737298283364,0.61528504589908,0.99995946453112,0.99993864526625,0.9999816067356,0.99997241532572,7.2037089781717e-07,4.614141599469e-22,5.7231395044971e-06,3.1133964488273e-06,0.0099970165003751,-1.5934311637767e-07,1.5984297697218e-07,-4.8321927609864e-06,-5.2422054655266e-06,-2.4358599904725e-06,0.90003039491839,0.90001992879186,2.5,2.5,-5.0427600063528e-06,-0.00010000000000001
0.55124999999999,-0.037912063065438,0.57737298283364,0.61528504589908,0.99995946172403,0.99993864625882,0.99998160725692,0.9999724157794,7.1239790044384e-07,4.6134175384427e-22,5.7232123455421e-06,3.113435196922e-06,0.0099970163034007,-1.5757952170856e-07,1.5807384991643e-07,-4.8324121693066e-06,-5.2422359281859e-06,-2.4356340901351e-06,0.90003039443333,0.9000199317876,2.5,2.5,-5.0429106065744e-06,-9.9999999999998e-05
0.55249999999999,-0.037912063065438,0.57737298283364,0.61528504589908,0.99995945894802,0.99993864724041,0.99998160777247,0.99997241622806,7.0451314744599e-07,4.6127014912472e-22,5.7232843804023e-06,3.1134735161764e-06,0.0099970161086064,-1.5583544641023e-07,1.563243034118e-07,-4.8326291492356e-06,-5.242266053687e-06,-2.4354106900545e-06,0.90003039395364,0.90001993475018,2.5,2.5,-5.0430595399671e-06,-9.9999999999996e-05
0.55374999999999,-0.037912063065438,0.57737298283364,0.61528504589908,0.99995945620272,0.99993864821113,0.99998160828231,0.99997241667175,6.967156621595e-07,4.6119933692189e-22,5.7233556179842e-06,3.1135114112983e-06,0.0099970159159681,-1.5411067431924e-07,1.5459412072005e-07,-4.8328437276522e-06,-5.2422958457623e-06,-2.4351897625331e-06,0.90003039347926,0.90001993767998,2.5,2.5,-5.0432068249788e-06,-9.9999999999996e-05
0.55499999999999,-0.037912063065438,0.57737298283364,0.61528504589908,0.99995945348781,0.9999386491711,0.99998160878651,0.99997241711054,6.890044787042e-07,4.6112930845699e-22,5.7234260671186e-06,3.113548887016e-06,0.0099970157254618,-1.5240499184631e-07,1.5288308751308e-07,-4.8330559311348e-06,-5.2423253081024e-06,-2.4349712802162e-06,0.90003039301013,0.90001994057734,2.5,2.5,-5.043352479854e-06,-9.9999999999997e-05
0.55624999999999,-0.037912063065438,0.57737298283364,0.61528504589908,0.99995945080295,0.99993865012046,0.99998160928512,0.99997241754446,6.8137864190304e-07,4.6106005506533e-22,5.7234957365086e-06,3.1135859479556e-06,0.0099970155370641,-1.507181877355e-07,1.5119099186854e-07,-4.833265785969e-06,-5.2423544443549e-06,-2.4347552160476e-06,0.90003039254618,0.90001994344264,2.5,2.5,-5.0434965226348e-06,-9.9999999999999e-05
0.55749999999999,-0.037912063065438,0.57737298283364,0.61528504589908,0.99995944814781,0.9999386510593,0.99998160977822,0.99997241797359,6.7383720713972e-07,4.6099156816158e-22,5.7235646348358e-06,3.1136225987082e-06,0.0099970153507515,-1.4905005302441e-07,1.4951762420545e-07,-4.8334733181493e-06,-5.2423832581306e-06,-2.434541543256e-06,0.90003039208738,0.90001994627623,2.5,2.5,-5.0436389711634e-06,-0.00010000000000001
0.55874999999999,-0.037912063065438,0.57737298283364,0.61528504589908,0.99995944552205,0.99993865198775,0.99998161026586,0.99997241839796,6.6637924026775e-07,4.6092383926579e-22,5.7236327705842e-06,3.1136588438085e-06,0.009997015166501,-1.4740038101967e-07,1.4786277717416e-07,-4.8336785533827e-06,-5.2424117529982e-06,-2.4343302353709e-06,0.90003039163365,0.90001994907846,2.5,2.5,-5.0437798430851e-06,-9.9999999999993e-05
0.55999999999999,-0.037912063065438,0.57737298283364,0.61528504589908,0.99995944292536,0.99993865290593,0.99998161074811,0.99997241881764,6.5900381748261e-07,4.608568599869e-22,5.7237001522234e-06,3.11369468773e-06,0.0099970149842898,-1.4576896747389e-07,1.4622624586496e-07,-4.8338815170923e-06,-5.2424399324863e-06,-2.4341212662274e-06,0.90003039118495,0.90001995184967,2.5,2.5,-5.0439191558498e-06,-0.0001
0.56124999999999,-0.037912063065438,0.57737298283364,0.61528504589908,0.9999594403574,0.99993865381395,0.99998161122502,0.99997241923267,6.517100251872e-07,4.6079062202429e-22,5.7237667880769e-06,3.1137301349831e-06,0.0099970148040953,-1.441556102344e-07,1.4460782751886e-07,-4.8340822344189e-06,-5.2424678000875e-06,-2.4339146099287e-06,0.90003039074121,0.90001995459021,2.5,2.5,-5.0440569267138e-06,-0.00010000000000001
0.56249999999999,-0.037912063065438,0.57737298283364,0.61528504589908,0.99995943781787,0.99993865471191,0.99998161169665,0.99997241964311,6.4449695987085e-07,4.6072511718325e-22,5.7238326864255e-06,3.1137651898744e-06,0.0099970146258952,-1.4256010950068e-07,1.4300732168046e-07,-4.8342807302248e-06,-5.2424953592526e-06,-2.4337102408875e-06,0.90003039030238,0.90001995730041,2.5,2.5,-5.0441931727428e-06,-0.0001
0.56374999999999,-0.037912063065438,0.57737298283364,0.61528504589908,0.99995943530644,0.99993865559994,0.99998161216305,0.999972420049,6.3736372812071e-07,4.6066033733651e-22,5.7238978553932e-06,3.1137998567961e-06,0.0099970144496673,-1.4098226759283e-07,1.4142453008342e-07,-4.8344770290976e-06,-5.2425226133945e-06,-2.4335081337776e-06,0.90003038986841,0.90001995998062,2.5,2.5,-5.0443279108137e-06,-9.9999999999999e-05
0.56499999999999,-0.037912063065438,0.57737298283364,0.61528504589908,0.99995943282281,0.99993865647814,0.9999816126243,0.99997242045041,6.3030944628298e-07,4.6059627447217e-22,5.7239623031074e-06,3.1138341400063e-06,0.00999701427539,-1.3942188910925e-07,1.3985925666824e-07,-4.8346711553529e-06,-5.2425495658924e-06,-2.4333082635727e-06,0.90003038943924,0.90001996263117,2.5,2.5,-5.0444611576161e-06,-9.9999999999989e-05
0.56624999999999,-0.037912063065438,0.57737298283364,0.61528504589908,0.99995943036667,0.99993865734661,0.99998161308044,0.99997242084737,6.2333324058932e-07,4.6053292064706e-22,5.7240260374943e-06,3.1138680438034e-06,0.0099970141030415,-1.3787878077405e-07,1.3831130757496e-07,-4.8348631330373e-06,-5.2425762200807e-06,-2.4331106055231e-06,0.90003038901482,0.90001996525238,2.5,2.5,-5.0445929296557e-06,-0.00010000000000001
0.56749999999999,-0.037912063065438,0.57737298283364,0.61528504589908,0.99995942793771,0.99993865820548,0.99998161353154,0.99997242123993,6.1643424687116e-07,4.6047026801946e-22,5.7240890664749e-06,3.1139015723263e-06,0.0099970139326006,-1.3635275135964e-07,1.3678049102555e-07,-4.8350529859307e-06,-5.2426025792634e-06,-2.4329151351156e-06,0.9000303885951,0.90001996784458,2.5,2.5,-5.0447232432545e-06,-9.9999999999998e-05
0.56874999999999,-0.037912063065438,0.57737298283364,0.61528504589908,0.99995942553563,0.99993865905484,0.99998161397764,0.99997242162816,6.0961161057629e-07,4.6040830882173e-22,5.7241513978639e-06,3.113934729787e-06,0.0099970137640461,-1.3484361195992e-07,1.352666174226e-07,-4.8352407375495e-06,-5.2426286467048e-06,-2.4327218281675e-06,0.90003038818002,0.90001997040809,2.5,2.5,-5.0448521145547e-06,-9.9999999999998e-05
0.56999999999999,-0.037912063065438,0.57737298283364,0.61528504589908,0.99995942316015,0.9999386598948,0.9999816144188,0.99997242201208,6.0286448657655e-07,4.6034703538648e-22,5.7242130393979e-06,3.1139675202588e-06,0.0099970135973571,-1.3335117549941e-07,1.3376949919071e-07,-4.8354264111522e-06,-5.2426544256349e-06,-2.4325306607182e-06,0.90003038776954,0.90001997294323,2.5,2.5,-5.0449795595195e-06,-9.9999999999994e-05
0.57124999999999,-0.037912063065438,0.57737298283364,0.61528504589908,0.99995942081095,0.99993866072546,0.99998161485508,0.99997242239176,5.9619203910359e-07,4.6028644011848e-22,5.7242739986439e-06,3.1139999477856e-06,0.009997013432513,-1.3187525723276e-07,1.3228895095105e-07,-4.8356100297365e-06,-5.2426799192455e-06,-2.4323416090951e-06,0.9000303873636,0.9000199754503,2.5,2.5,-5.0451055939354e-06,-0.00010000000000001
0.57249999999999,-0.037912063065438,0.57737298283364,0.61528504589908,0.99995941848775,0.99993866154693,0.99998161528653,0.99997242276723,5.8959344166072e-07,4.6022651551182e-22,5.7243342832451e-06,3.1140320164196e-06,0.0099970132694934,-1.3041567432365e-07,1.3082478929198e-07,-4.8357916160471e-06,-5.2427051306959e-06,-2.4321546498855e-06,0.90003038696216,0.90001997792963,2.5,2.5,-5.0452302334142e-06,-9.9999999999993e-05
0.57374999999999,-0.037912063065438,0.57737298283364,0.61528504589908,0.99995941619027,0.99993866235931,0.99998161571321,0.99997242313855,5.8306787687924e-07,4.6016725414334e-22,5.7243939005851e-06,3.1140637301411e-06,0.0099970131082781,-1.2897224582367e-07,1.2937683278956e-07,-4.8359711925783e-06,-5.2427300631072e-06,-2.431969759908e-06,0.90003038656516,0.90001998038152,2.5,2.5,-5.0453534933949e-06,-9.9999999999999e-05
0.57499999999999,-0.037912063065438,0.57737298283364,0.61528504589908,0.99995941391822,0.9999386631627,0.99998161613516,0.99997242350576,5.7661453642373e-07,4.601086486774e-22,5.7244528581166e-06,3.1140950928361e-06,0.0099970129488471,-1.2754479316525e-07,1.2794490219703e-07,-4.836148781572e-06,-5.2427547195697e-06,-2.4317869162776e-06,0.90003038617255,0.90001998280627,2.5,2.5,-5.0454753891458e-06,-0.00010000000000001
0.57624999999999,-0.037912063065438,0.57737298283364,0.61528504589908,0.99995941167131,0.99993866395719,0.99998161655245,0.9999724238689,5.7023262093615e-07,4.6005069185219e-22,5.7245111630892e-06,3.1141261084135e-06,0.0099970127911807,-1.2613313940688e-07,1.2652882004012e-07,-4.8363244050285e-06,-5.2427791031377e-06,-2.4316060963506e-06,0.90003038578428,0.90001998520419,2.5,2.5,-5.0455959357659e-06,-9.9999999999994e-05
0.57749999999999,-0.037912063065438,0.57737298283364,0.61528504589908,0.99995940944927,0.99993866474289,0.99998161696511,0.99997242422803,5.6392133988047e-07,4.5999337648472e-22,5.7245688227589e-06,3.1141567807151e-06,0.0099970126352593,-1.2473710965334e-07,1.2512841095024e-07,-4.8364980846998e-06,-5.2428032168298e-06,-2.4314272777178e-06,0.90003038540032,0.90001998757556,2.5,2.5,-5.0457151481875e-06,-9.9999999999996e-05
0.57874999999999,-0.037912063065438,0.57737298283364,0.61528504589908,0.99995940725182,0.9999386655199,0.99998161737321,0.99997242458318,5.5767991149998e-07,4.5993669547857e-22,5.7246258442498e-06,3.1141871135488e-06,0.0099970124810637,-1.2335653106765e-07,1.2374350147003e-07,-4.8366698421019e-06,-5.2428270636338e-06,-2.4312504382357e-06,0.9000303850206,0.90001998992069,2.5,2.5,-5.0458330411772e-06,-0.0001
0.57999999999999,-0.037912063065438,0.57737298283364,0.61528504589908,0.9999594050787,0.9999386662883,0.99998161777679,0.9999724249344,5.5150756267062e-07,4.5988064181077e-22,5.7246822346403e-06,3.1142171106431e-06,0.0099970123285746,-1.219912325606e-07,1.2237392001836e-07,-4.8368396985095e-06,-5.2428506465032e-06,-2.4310755559922e-06,0.90003038464509,0.90001999223987,2.5,2.5,-5.0459496293383e-06,-9.9999999999994e-05
0.58124999999999,-0.037912063065438,0.57737298283364,0.61528504589908,0.99995940292963,0.9999386670482,0.99998161817591,0.99997242528173,5.4540352880897e-07,4.5982520854512e-22,5.7247380008903e-06,3.1142467757342e-06,0.0099970121777733,-1.2064104509371e-07,1.2101949698317e-07,-4.8370076749619e-06,-5.2428739683601e-06,-2.430902609335e-06,0.90003038427373,0.90001999453337,2.5,2.5,-5.0460649271127e-06,-0.00010000000000001
0.58249999999999,-0.037912063065438,0.57737298283364,0.61528504589908,0.99995940080434,0.99993866779969,0.9999816185706,0.99997242562522,5.3936705382318e-07,4.5977038880714e-22,5.7247931499339e-06,3.1142761125031e-06,0.009997012028641,-1.1930580131289e-07,1.1968006456871e-07,-4.837173792267e-06,-5.2428970320916e-06,-2.4307315768246e-06,0.90003038390649,0.90001999680149,2.5,2.5,-5.0461789487821e-06,-9.9999999999996e-05
0.58374999999999,-0.037912063065438,0.57737298283364,0.61528504589908,0.99995939870258,0.99993866854286,0.99998161896093,0.99997242596491,5.3339738997691e-07,4.5971617580733e-22,5.7248476886148e-06,3.1143051245745e-06,0.0099970118811594,-1.1798533594556e-07,1.1835545686208e-07,-4.8373380710007e-06,-5.2429198405581e-06,-2.430562437294e-06,0.9000303835433,0.90001999904451,2.5,2.5,-5.0462917084703e-06,-9.9999999999996e-05
0.58499999999999,-0.037912063065438,0.57737298283364,0.61528504589908,0.99995939662407,0.99993866927781,0.99998161934694,0.99997242630083,5.2749379779909e-07,4.5966256283245e-22,5.7249016236353e-06,3.1143338155527e-06,0.00999701173531,-1.1667948530853e-07,1.170455097689e-07,-4.8375005315135e-06,-5.2429423965809e-06,-2.4303951697823e-06,0.90003038318414,0.9000200012627,2.5,2.5,-5.0464032201449e-06,-0.0001
0.58624999999999,-0.037912063065438,0.57737298283364,0.61528504589908,0.99995939456858,0.99993867000462,0.99998161972868,0.99997242663304,5.2165554602472e-07,4.596095432412e-22,5.7249549617313e-06,3.1143621889816e-06,0.0099970115910749,-1.15388087752e-07,1.1575006109097e-07,-4.8376611939287e-06,-5.2429647029573e-06,-2.4302297535719e-06,0.90003038282895,0.90002000345634,2.5,2.5,-5.0465134976188e-06,-0.00010000000000001
0.58749999999999,-0.037912063065438,0.57737298283364,0.61528504589908,0.99995939253583,0.99993867072339,0.99998162010619,0.99997242696157,5.1588191149563e-07,4.5955711046874e-22,5.7250077094637e-06,3.114390248357e-06,0.0099970114484362,-1.1411098323169e-07,1.1446895028922e-07,-4.8378200781469e-06,-5.2429867624471e-06,-2.4300661681684e-06,0.9000303824777,0.9000200056257,2.5,2.5,-5.0466225545521e-06,-9.9999999999997e-05
0.58874999999999,-0.037912063065438,0.57737298283364,0.61528504589908,0.99995939052558,0.99993867143421,0.99998162047952,0.99997242728647,5.1017217897935e-07,4.5950525801048e-22,5.7250598734185e-06,3.1144179971762e-06,0.0099970113073762,-1.1284801361677e-07,1.1320201870881e-07,-4.8379772038501e-06,-5.2430085777854e-06,-2.429904393323e-06,0.90003038213033,0.90002000777105,2.5,2.5,-5.0467304044533e-06,-9.9999999999988e-05
0.58999999999999,-0.037912063065438,0.57737298283364,0.61528504589908,0.99995938853758,0.99993867213715,0.99998162084872,0.99997242760777,5.0452564126029e-07,4.5945397945715e-22,5.7251114599951e-06,3.1144454388992e-06,0.0099970111678774,-1.1159902238501e-07,1.1194910940823e-07,-4.8381325904995e-06,-5.2430301516744e-06,-2.429744408975e-06,0.90003038178681,0.90002000989266,2.5,2.5,-5.0468370606822e-06,-0.00010000000000001
0.59124999999999,-0.037912063065438,0.57737298283364,0.61528504589908,0.99995938657158,0.99993867283232,0.99998162121384,0.99997242792551,4.9894159889181e-07,4.5940326844573e-22,5.725162475645e-06,3.1144725768722e-06,0.0099970110299226,-1.1036385494155e-07,1.107100672045e-07,-4.8382862573454e-06,-5.2430514867847e-06,-2.4295861953265e-06,0.90003038144708,0.90002001199078,2.5,2.5,-5.0469425364498e-06,-0.0001
0.59249999999999,-0.037912063065438,0.57737298283364,0.61528504589908,0.99995938462734,0.99993867351979,0.99998162157491,0.99997242823974,4.9341936017491e-07,4.593531186991e-22,5.7252129266412e-06,3.1144994144943e-06,0.0099970108934946,-1.0914235811591e-07,1.0948473855474e-07,-4.8384382234204e-06,-5.2430725857603e-06,-2.4294297327689e-06,0.90003038111112,0.90002001406569,2.5,2.5,-5.0470468448215e-06,-9.9999999999997e-05
0.59374999999999,-0.037912063065438,0.57737298283364,0.61528504589908,0.99995938270462,0.99993867419965,0.99998162193199,0.99997242855049,4.8795824108501e-07,4.593035240082e-22,5.7252628192552e-06,3.1145259550841e-06,0.0099970107585766,-1.079343807814e-07,1.0827297178552e-07,-4.8385885075498e-06,-5.2430934512144e-06,-2.429275001922e-06,0.90003038077888,0.90002001611763,2.5,2.5,-5.047149998718e-06,-0.0001
0.59499999999999,-0.037912063065438,0.57737298283364,0.61528504589908,0.99995938080319,0.99993867487199,0.99998162228511,0.9999724288578,4.8255756513757e-07,4.5925447822426e-22,5.7253121596448e-06,3.1145522019149e-06,0.0099970106251519,-1.06739773196e-07,1.0707461670366e-07,-4.8387371283477e-06,-5.2431140857308e-06,-2.4291219836242e-06,0.90003038045031,0.90002001814685,2.5,2.5,-5.0472520109169e-06,-0.0001
0.59624999999999,-0.037912063065438,0.57737298283364,0.61528504589908,0.99995937892279,0.99993867553689,0.99998162263433,0.99997242916171,4.7721666336434e-07,4.5920597527696e-22,5.7253609539641e-06,3.1145781582666e-06,0.009997010493204,-1.0555838742258e-07,1.0588952490792e-07,-4.8388841042258e-06,-5.2431344918685e-06,-2.4289706589176e-06,0.90003038012538,0.90002002015362,2.5,2.5,-5.0473528940543e-06,-9.9999999999989e-05
0.59749999999999,-0.037912063065438,0.57737298283364,0.61528504589908,0.99995937706321,0.99993867619443,0.99998162297968,0.99997242946225,4.7193487419285e-07,4.5915800915391e-22,5.7254092082175e-06,3.1146038273333e-06,0.0099970103627163,-1.0439007710953e-07,1.0471754959741e-07,-4.8390294533879e-06,-5.243154672151e-06,-2.428821009061e-06,0.90003037980405,0.90002002213818,2.5,2.5,-5.0474526606266e-06,-0.00010000000000002
0.59874999999999,-0.037912063065438,0.57737298283364,0.61528504589908,0.99995937522421,0.99993867684469,0.99998162332121,0.99997242975947,4.6671154337398e-07,4.5911057391323e-22,5.7254569284072e-06,3.1146292122833e-06,0.009997010233673,-1.0323469755991e-07,1.0355854561465e-07,-4.8391731938384e-06,-5.2431746290805e-06,-2.4286730155138e-06,0.90003037948627,0.90002002410077,2.5,2.5,-5.047551322992e-06,-9.9999999999996e-05
0.59999999999999,-0.037912063065438,0.57737298283364,0.61528504589908,0.99995937340556,0.99993867748775,0.99998162365896,0.9999724300534,4.6154602388731e-07,4.5906366368416e-22,5.7255041204347e-06,3.1146543162954e-06,0.0099970101060578,-1.0209210559877e-07,1.0241236934758e-07,-4.8393153433848e-06,-5.2431943651274e-06,-2.4285266599412e-06,0.90003037917201,0.90002002604164,2.5,2.5,-5.0476488933714e-06,-0.0001
0.60124999999999,-0.037912063065438,0.57737298283364,0.61528504589908,0.99995937160705,0.99993867812369,0.99998162399297,0.99997243034407,4.5643767587579e-07,4.5901727265261e-22,5.7255507901612e-06,3.114679142432e-06,0.0099970099798551,-1.0096215978814e-07,1.0127887888093e-07,-4.8394559196309e-06,-5.2432138827393e-06,-2.4283819242196e-06,0.90003037886123,0.90002002796103,2.5,2.5,-5.0477453838512e-06,-9.9999999999999e-05
0.60249999999999,-0.037912063065438,0.57737298283364,0.61528504589908,0.99995936982843,0.9999386787526,0.99998162432328,0.99997243063153,4.5138586658713e-07,4.5897139507463e-22,5.725596943321e-06,3.1147036937926e-06,0.0099970098550492,-9.9844720127062e-08,1.0015793378208e-07,-4.8395949399956e-06,-5.2432331843317e-06,-2.4282387904284e-06,0.90003037855389,0.90002002985918,2.5,2.5,-5.0478408063834e-06,-9.9999999999996e-05
0.60374999999999,-0.037912063065438,0.57737298283364,0.61528504589908,0.99995936806951,0.99993867937455,0.99998162464994,0.99997243091581,4.4638997024042e-07,4.5892602526108e-22,5.7256425856589e-06,3.1147279734384e-06,0.0099970097316247,-9.8739648110267e-08,9.904939517136e-08,-4.8397324216941e-06,-5.2432522722959e-06,-2.4280972408153e-06,0.90003037824995,0.90002003173632,2.5,2.5,-5.047935172788e-06,-9.9999999999993e-05
0.60499999999999,-0.037912063065438,0.57737298283364,0.61528504589908,0.99995936633005,0.99993867998961,0.99998162497299,0.99997243119694,4.4144936801837e-07,4.5888115760144e-22,5.7256877228575e-06,3.1147519843557e-06,0.0099970096095662,-9.7646806993601e-08,9.7953125784063e-08,-4.8398683817578e-06,-5.243271148996e-06,-2.4279572578724e-06,0.90003037794937,0.90002003359268,2.5,2.5,-5.048028494754e-06,-0.00010000000000001
0.60624999999999,-0.037912063065438,0.57737298283364,0.61528504589908,0.99995936460984,0.99993868059787,0.99998162529245,0.99997243147496,4.3656344790084e-07,4.5883678652891e-22,5.7257323604781e-06,3.1147757295287e-06,0.0099970094888586,-9.6566061298131e-08,9.6868989795696e-08,-4.8400028370284e-06,-5.2432898167711e-06,-2.4278188242356e-06,0.90003037765212,0.9000200354285,2.5,2.5,-5.0481207838413e-06,-9.9999999999993e-05
0.60749999999999,-0.037912063065438,0.57737298283364,0.61528504589908,0.99995936290868,0.99993868119939,0.99998162560838,0.9999724317499,4.3173160470104e-07,4.5879290655142e-22,5.7257765040429e-06,3.114799211876e-06,0.009997009369487,-9.549727721533e-08,9.5796852918121e-08,-4.8401358041603e-06,-5.2433082779318e-06,-2.4276819227807e-06,0.90003037735816,0.90002003724399,2.5,2.5,-5.0482120514817e-06,-9.9999999999999e-05
0.60874999999999,-0.037912063065438,0.57737298283364,0.61528504589908,0.99995936122634,0.99993868179426,0.99998162592082,0.9999724320218,4.2695323988702e-07,4.587495122347e-22,5.7258201590376e-06,3.1148224343399e-06,0.0099970092514366,-9.4440322321857e-08,9.4736582360925e-08,-4.8402672996269e-06,-5.2433265347674e-06,-2.4275465365286e-06,0.90003037706746,0.9000200390394,2.5,2.5,-5.0483023089805e-06,-9.9999999999997e-05
0.60999999999999,-0.037912063065438,0.57737298283364,0.61528504589908,0.99995935956262,0.99993868238254,0.9999816262298,0.99997243229069,4.2222776156051e-07,4.5870659820463e-22,5.7258633308433e-06,3.1148453997676e-06,0.0099970091346928,-9.3395065722091e-08,9.3688046771431e-08,-4.8403973397118e-06,-5.2433445895383e-06,-2.4274126487245e-06,0.90003037677997,0.90002004081493,2.5,2.5,-5.0483915675176e-06,-0.0001
0.61124999999999,-0.037912063065438,0.57737298283364,0.61528504589908,0.99995935791731,0.99993868296431,0.99998162653535,0.9999724325566,4.175545843897e-07,4.58664159138e-22,5.7259060248625e-06,3.1148681110297e-06,0.009997009019241,-9.2361377885664e-08,9.265111626387e-08,-4.840525940526e-06,-5.2433624444789e-06,-2.427280242773e-06,0.90003037649566,0.90002004257081,2.5,2.5,-5.0484798381497e-06,-0.0001
0.61249999999999,-0.037912063065438,0.57737298283364,0.61528504589908,0.99995935629022,0.99993868353964,0.99998162683753,0.99997243281957,4.1293312949386e-07,4.5862218978537e-22,5.7259482463174e-06,3.1148905709136e-06,0.0099970089050671,-9.1339130874314e-08,9.1625662423153e-08,-4.8406531179987e-06,-5.2433801018048e-06,-2.4271493022885e-06,0.9000303762145,0.90002004430726,2.5,2.5,-5.0485671318107e-06,-0.00010000000000001
0.61374999999999,-0.037912063065438,0.57737298283364,0.61528504589908,0.99995935468113,0.99993868410861,0.99998162713636,0.99997243307963,4.0836282443404e-07,4.5858068494465e-22,5.7259900004895e-06,3.1149127822178e-06,0.0099970087921569,-9.0328197909185e-08,9.061155820131e-08,-4.8407788878834e-06,-5.2433975637e-06,-2.4270198110253e-06,0.90003037593645,0.90002004602448,2.5,2.5,-5.0486534593137e-06,-9.9999999999996e-05
0.61499999999999,-0.037912063065438,0.57737298283364,0.61528504589908,0.99995935308986,0.99993868467127,0.99998162743188,0.99997243333682,4.038431030931e-07,4.5853963947728e-22,5.7260312925303e-06,3.1149347476851e-06,0.0099970086804963,-8.9328453954942e-08,8.9608677997272e-08,-4.8409032657568e-06,-5.2434148323292e-06,-2.4268917529731e-06,0.90003037566148,0.9000200477227,2.5,2.5,-5.0487388313521e-06,-0.0001
0.61624999999999,-0.037912063065438,0.57737298283364,0.61528504589908,0.99995935151619,0.99993868522771,0.99998162772414,0.99997243359115,3.9937340557441e-07,4.5849904829758e-22,5.7260721275257e-06,3.1149564700439e-06,0.0099970085700716,-8.8339774982748e-08,8.8616897563408e-08,-4.8410262670296e-06,-5.2434319098298e-06,-2.4267651122472e-06,0.90003037538956,0.90002004940213,2.5,2.5,-5.0488232585006e-06,-9.9999999999999e-05
0.61749999999999,-0.037912063065438,0.57737298283364,0.61528504589908,0.99995934995994,0.99993868577799,0.99998162801316,0.99997243384267,3.9495317826306e-07,4.5845890637619e-22,5.7261125105868e-06,3.1149779519942e-06,0.009997008460869,-8.7362038693666e-08,8.7636094085666e-08,-4.8411479069351e-06,-5.2434487983191e-06,-2.4266398731745e-06,0.90003037512064,0.90002005106297,2.5,2.5,-5.0489067512175e-06,-9.9999999999985e-05
0.61874999999999,-0.037912063065438,0.57737298283364,0.61528504589908,0.99995934842092,0.99993868632218,0.99998162829897,0.99997243409141,3.9058187362843e-07,4.5841920873978e-22,5.7261524466866e-06,3.1149991961805e-06,0.0099970083528751,-8.6395123849865e-08,8.6666146035457e-08,-4.841268200541e-06,-5.2434654998869e-06,-2.4265160202352e-06,0.9000303748547,0.90002005270542,2.5,2.5,-5.0489893198449e-06,-0.00010000000000002
0.61999999999999,-0.037912063065438,0.57737298283364,0.61528504589908,0.99995934689893,0.99993868686035,0.99998162858163,0.99997243433739,3.8625895015751e-07,4.583799504735e-22,5.726191940788e-06,3.1150202052154e-06,0.0099970082460765,-8.5438910732532e-08,8.5706933268515e-08,-4.8413871627505e-06,-5.2434820166059e-06,-2.4263935380804e-06,0.9000303745917,0.9000200543297,2.5,2.5,-5.0490709746104e-06,-9.9999999999993e-05
0.62124999999999,-0.037912063065438,0.57737298283364,0.61528504589908,0.99995934539378,0.99993868739256,0.99998162886116,0.99997243458065,3.8198387240015e-07,4.5834112671786e-22,5.7262309977695e-06,3.1150409817434e-06,0.0099970081404599,-8.4493280920294e-08,8.4758336991807e-08,-4.8415048082952e-06,-5.2434983505172e-06,-2.4262724115622e-06,0.90003037433161,0.900020055936,2.5,2.5,-5.0491517256286e-06,-9.9999999999996e-05
0.62249999999999,-0.037912063065438,0.57737298283364,0.61528504589908,0.9999593439053,0.99993868791888,0.99998162913759,0.99997243482122,3.777561108154e-07,4.5830273265665e-22,5.7262696224602e-06,3.1150615283164e-06,0.0099970080360123,-8.3558117209413e-08,8.3820239696275e-08,-4.8416211517511e-06,-5.2435145036466e-06,-2.4261526256425e-06,0.9000303740744,0.90002005752452,2.5,2.5,-5.0492315829023e-06,-9.9999999999998e-05
0.62374999999999,-0.037912063065438,0.57737298283364,0.61528504589908,0.99995934243329,0.99993868843938,0.99998162941097,0.99997243505913,3.7357514169198e-07,4.5826476353948e-22,5.7263078196735e-06,3.1150818474794e-06,0.0099970079327206,-8.2633303833064e-08,8.2892525152873e-08,-4.8417362075285e-06,-5.2435304779943e-06,-2.4260341655139e-06,0.90003037382004,0.90002005909546,2.5,2.5,-5.049310556323e-06,-0.0001
0.62499999999999,-0.037912063065438,0.57737298283364,0.61528504589908,0.99995934097757,0.99993868895411,0.99998162968131,0.9999724352944,3.6944044713479e-07,4.5822721465753e-22,5.7263455941113e-06,3.1151019417508e-06,0.0099970078305722,-8.1718726209572e-08,8.1975078488795e-08,-4.8418499898795e-06,-5.2435462755407e-06,-2.425917016493e-06,0.90003037356849,0.90002006064902,2.5,2.5,-5.0493886556735e-06,-0.00010000000000001
0.62624999999999,-0.037912063065438,0.57737298283364,0.61528504589908,0.99995933953796,0.99993868946315,0.99998162994867,0.99997243552707,3.6535151498771e-07,4.5819008136839e-22,5.7263829504583e-06,3.1151218136309e-06,0.0099970077295544,-8.0814271005435e-08,8.1067786007278e-08,-4.8419625128981e-06,-5.2435618982417e-06,-2.4258011640578e-06,0.90003037331973,0.90002006218538,2.5,2.5,-5.0494658906275e-06,-9.9999999999989e-05
0.62749999999999,-0.037912063065438,0.57737298283364,0.61528504589908,0.99995933811429,0.99993868996655,0.99998163021307,0.99997243575716,3.6130783877204e-07,4.5815335906218e-22,5.7264198933575e-06,3.1151414655575e-06,0.0099970076296546,-7.9919826273285e-08,8.0170535383927e-08,-4.8420737905231e-06,-5.2435773480297e-06,-2.4256865938752e-06,0.90003037307372,0.90002006370473,2.5,2.5,-5.0495422707525e-06,-9.9999999999997e-05
0.62874999999999,-0.037912063065438,0.57737298283364,0.61528504589908,0.99995933670637,0.99993869046438,0.99998163047454,0.99997243598471,3.5730891757939e-07,4.5811704319537e-22,5.7264564273905e-06,3.1151608999792e-06,0.0099970075308605,-7.903528109032e-08,7.9283215417547e-08,-4.8421838365371e-06,-5.2435926268216e-06,-2.4255732917319e-06,0.90003037283044,0.90002006520727,2.5,2.5,-5.0496178055093e-06,-0.00010000000000001
0.62999999999999,-0.037912063065438,0.57737298283364,0.61528504589908,0.99995933531404,0.9999386909567,0.99998163073312,0.99997243620974,3.533542560628e-07,4.5808112927209e-22,5.7264925570358e-06,3.1151801193127e-06,0.0099970074331598,-7.8160526105556e-08,7.8405716270497e-08,-4.8422926645721e-06,-5.2436077365108e-06,-2.4254612436196e-06,0.90003037258984,0.90002006669318,2.5,2.5,-5.0496925042546e-06,-0.0001
0.63124999999999,-0.037912063065438,0.57737298283364,0.61528504589908,0.99995933393711,0.99993869144358,0.99998163098883,0.99997243643227,3.4944336437078e-07,4.5804561283854e-22,5.7265282868271e-06,3.1151991259249e-06,0.0099970073365405,-7.7295452713772e-08,7.7537929156163e-08,-4.8424002881081e-06,-5.2436226789666e-06,-2.4253504356398e-06,0.90003037235191,0.90002006816264,2.5,2.5,-5.0497663762411e-06,-0.0001
0.63249999999999,-0.037912063065438,0.57737298283364,0.61528504589908,0.99995933257543,0.99993869192506,0.99998163124172,0.99997243665235,3.4557575806473e-07,4.580104894983e-22,5.7265636211449e-06,3.1152179221646e-06,0.0099970072409906,-7.6439953903156e-08,7.6679746636318e-08,-4.8425067204782e-06,-5.2436374560412e-06,-2.4252408540717e-06,0.90003037211662,0.90002006961584,2.5,2.5,-5.0498394306195e-06,-9.9999999999993e-05
0.63374999999999,-0.037912063065438,0.57737298283364,0.61528504589908,0.99995933122881,0.99993869240122,0.9999816314918,0.99997243686999,3.4175095806264e-07,4.5797575489669e-22,5.7265985644232e-06,3.1152365103736e-06,0.0099970071464982,-7.5593923649071e-08,7.5831062401361e-08,-4.8426119748638e-06,-5.2436520695634e-06,-2.4251324853372e-06,0.90003037188392,0.90002007105295,2.5,2.5,-5.0499116764388e-06,-9.9999999999995e-05
0.63499999999999,-0.037912063065438,0.57737298283364,0.61528504589908,0.9999593298971,0.9999386928721,0.99998163173912,0.99997243708522,3.3796849058399e-07,4.5794140473846e-22,5.7266331208965e-06,3.1152548928426e-06,0.0099970070530516,-7.475725728354e-08,7.4991771359773e-08,-4.8427160643051e-06,-5.2436665213461e-06,-2.4250253160309e-06,0.9000303716538,0.90002007247416,2.5,2.5,-5.0499831226483e-06,-0.0001
0.63624999999999,-0.037912063065438,0.57737298283364,0.61528504589908,0.99995932858013,0.99993869333777,0.9999816319837,0.99997243729807,3.3422788709644e-07,4.5790743476333e-22,5.7266672949562e-06,3.1152730718641e-06,0.0099970069606393,-7.392985092894e-08,7.4161769466536e-08,-4.8428190016931e-06,-5.243680813176e-06,-2.4249193328511e-06,0.90003037142623,0.90002007387964,2.5,2.5,-5.0500537780978e-06,-0.00010000000000001
0.63749999999999,-0.037912063065438,0.57737298283364,0.61528504589908,0.99995932727774,0.99993869379829,0.99998163222557,0.99997243750856,3.3052868426066e-07,4.5787384076694e-22,5.7267010907552e-06,3.1152910496832e-06,0.0099970068692498,-7.3111602315967e-08,7.3340953973829e-08,-4.8429207997792e-06,-5.2436949468265e-06,-2.424814522694e-06,0.90003037120118,0.90002007526957,2.5,2.5,-5.0501236515395e-06,-9.9999999999992e-05
0.63874999999999,-0.037912063065438,0.57737298283364,0.61528504589908,0.99995932598976,0.99993869425372,0.99998163246477,0.99997243771672,3.2687042385935e-07,4.5784061858221e-22,5.7267345125235e-06,3.1153088285446e-06,0.0099970067788718,-7.2302409949355e-08,7.2529223193341e-08,-4.8430214711747e-06,-5.2437089240462e-06,-2.4247108725547e-06,0.90003037097862,0.90002007664411,2.5,2.5,-5.0501927516285e-06,-0.0001
0.63999999999999,-0.037912063065438,0.57737298283364,0.61528504589908,0.99995932471604,0.9999386947041,0.99998163270132,0.99997243792258,3.2325265272087e-07,4.5780776410028e-22,5.7267675643416e-06,3.1153264106038e-06,0.0099970066894941,-7.1502173710909e-08,7.1726476573699e-08,-4.8431210283489e-06,-5.2437227465683e-06,-2.4246083696181e-06,0.90003037075852,0.90002007800343,2.5,2.5,-5.0502610869241e-06,-0.0001
0.64124999999999,-0.037912063065438,0.57737298283364,0.61528504589908,0.99995932345641,0.9999386951495,0.99998163293525,0.99997243812616,3.1967492276255e-07,4.5777527324645e-22,5.7268002503661e-06,3.1153437980871e-06,0.0099970066011056,-7.0710794329473e-08,7.0932614669752e-08,-4.8432194836323e-06,-5.243736416103e-06,-2.4245070011566e-06,0.90003037054086,0.90002007934771,2.5,2.5,-5.0503286658912e-06,-0.0001
0.64249999999999,-0.037912063065438,0.57737298283364,0.61528504589908,0.99995932221073,0.99993869558996,0.99998163316659,0.99997243832749,3.1613679075996e-07,4.57743142e-22,5.7268325746496e-06,3.1153609931109e-06,0.0099970065136954,-6.992817392827e-08,7.0147539143953e-08,-4.8433168492233e-06,-5.2437499343449e-06,-2.4244067546495e-06,0.90003037032561,0.90002008067712,2.5,2.5,-5.0503954969006e-06,-0.0001
0.64374999999999,-0.037912063065438,0.57737298283364,0.61528504589908,0.99995932097883,0.99993869602555,0.99998163339538,0.99997243852659,3.1263781847576e-07,4.5771136637897e-22,5.726864541126e-06,3.1153779978192e-06,0.0099970064272526,-6.9154215479263e-08,6.9371152794011e-08,-4.8434131371798e-06,-5.2437633029688e-06,-2.4243076176579e-06,0.90003037011274,0.90002008199181,2.5,2.5,-5.0504615882306e-06,-9.9999999999991e-05
0.64499999999999,-0.037912063065438,0.57737298283364,0.61528504589908,0.99995931976057,0.99993869645633,0.99998163362162,0.99997243872348,3.0917757249185e-07,4.5767994244643e-22,5.7268961538463e-06,3.1153948143385e-06,0.0099970063417666,-6.8388823117805e-08,6.8603359394364e-08,-4.843508359431e-06,-5.2437765236297e-06,-2.4242095778986e-06,0.90003036990222,0.90002008329195,2.5,2.5,-5.0505269480681e-06,-0.0001
0.64624999999999,-0.037912063065438,0.57737298283364,0.61528504589908,0.99995931855579,0.99993869688233,0.99998163384537,0.9999724389182,3.0575562418383e-07,4.5764886631026e-22,5.7269274166579e-06,3.1154114447213e-06,0.0099970062572267,-6.7631902039085e-08,6.7844063850327e-08,-4.843602527772e-06,-5.2437895979661e-06,-2.4241126232327e-06,0.90003036969404,0.90002008457769,2.5,2.5,-5.050591584509e-06,-9.9999999999994e-05
0.64749999999999,-0.037912063065438,0.57737298283364,0.61528504589908,0.99995931736434,0.99993869730362,0.99998163406664,0.99997243911076,3.023715496816e-07,4.5761813412306e-22,5.7269583334502e-06,3.1154278910458e-06,0.0099970061736225,-6.688335849668e-08,6.709317212102e-08,-4.8436956538659e-06,-5.2438025275962e-06,-2.4240167416596e-06,0.90003036948816,0.90002008584921,2.5,2.5,-5.0506555055597e-06,-9.9999999999992e-05
0.64874999999999,-0.037912063065438,0.57737298283364,0.61528504589908,0.99995931618608,0.99993869772024,0.99998163428546,0.99997243930119,2.9902492978585e-07,4.5758774207661e-22,5.7269889080636e-06,3.1154441553414e-06,0.0099970060909436,-6.6143099812715e-08,6.6350591229896e-08,-4.8437877492488e-06,-5.2438153141224e-06,-2.4239219212943e-06,0.90003036928456,0.90002008710666,2.5,2.5,-5.0507187191385e-06,-9.9999999999993e-05
0.64999999999999,-0.037912063065438,0.57737298283364,0.61528504589908,0.99995931502086,0.99993869813226,0.99998163450186,0.99997243948951,2.9571534997037e-07,4.5755768640526e-22,5.7270191442871e-06,3.1154602396345e-06,0.0099970060091798,-6.5411034195626e-08,6.5616229114241e-08,-4.8438788253288e-06,-5.2438279591289e-06,-2.4238281503904e-06,0.90003036908321,0.90002008835019,2.5,2.5,-5.0507812330752e-06,-0.00010000000000001
0.65124999999999,-0.037912063065438,0.57737298283364,0.61528504589908,0.99995931386854,0.99993869853971,0.99998163471586,0.99997243967575,2.9244240026904e-07,4.5752796339077e-22,5.7270490458556e-06,3.1154761458828e-06,0.009997005928321,-6.4687070984793e-08,6.4889994851774e-08,-4.8439688933875e-06,-5.2438404641813e-06,-2.4237354173264e-06,0.90003036888409,0.90002008957995,2.5,2.5,-5.0508430551134e-06,-0.00010000000000001
0.65249999999999,-0.037912063065438,0.57737298283364,0.61528504589908,0.99995931272898,0.99993869894266,0.99998163492749,0.99997243985993,2.8920567528805e-07,4.5749856934439e-22,5.7270786164699e-06,3.1154918761052e-06,0.0099970058483571,-6.3971120597291e-08,6.417179850155e-08,-4.8440579645814e-06,-5.2438528308287e-06,-2.4236437106302e-06,0.90003036868717,0.90002009079611,2.5,2.5,-5.0509041929114e-06,-0.0001
0.65374999999999,-0.037912063065438,0.57737298283364,0.61528504589908,0.99995931160202,0.99993869934114,0.99998163513679,0.99997244004206,2.8600477405418e-07,4.5746950063229e-22,5.7271078597959e-06,3.1155074322161e-06,0.0099970057692782,-6.3263094231223e-08,6.3461551045125e-08,-4.8441460499431e-06,-5.2438650606046e-06,-2.4235530189376e-06,0.90003036849244,0.9000200919988,2.5,2.5,-5.0509646540418e-06,-0.0001
0.65499999999999,-0.037912063065438,0.57737298283364,0.61528504589908,0.99995931048754,0.99993869973522,0.99998163534376,0.99997244022219,2.8283930009903e-07,4.5744075364527e-22,5.7271367794654e-06,3.1155228161523e-06,0.0099970056910746,-6.2562904250898e-08,6.2759164570505e-08,-4.8442331603844e-06,-5.2438771550208e-06,-2.4234633310123e-06,0.90003036829986,0.90002009318818,2.5,2.5,-5.0510244459941e-06,-9.9999999999996e-05
0.65624999999999,-0.037912063065438,0.57737298283364,0.61528504589908,0.99995930938539,0.99993870012493,0.99998163554845,0.99997244040031,2.7970886131805e-07,4.574123248322e-22,5.7271653790789e-06,3.1155380298266e-06,0.0099970056137365,-6.1870463894744e-08,6.206455203929e-08,-4.8443193066958e-06,-5.2438891155777e-06,-2.4233746357364e-06,0.90003036810941,0.9000200943644,2.5,2.5,-5.0510835761747e-06,-0.00010000000000001
0.65749999999999,-0.037912063065438,0.57737298283364,0.61528504589908,0.99995930829544,0.99993870051033,0.99998163575087,0.99997244057647,2.7661306992355e-07,4.5738421066276e-22,5.7271936621045e-06,3.1155530751288e-06,0.0099970055372544,-6.1185687433778e-08,6.1377627411151e-08,-4.8444044995479e-06,-5.2439009437575e-06,-2.4232869221354e-06,0.90003036792106,0.9000200955276,2.5,2.5,-5.051142051908e-06,-9.9999999999994e-05
0.65874999999999,-0.037912063065438,0.57737298283364,0.61528504589908,0.99995930721756,0.99993870089146,0.99998163595105,0.99997244075068,2.7355154247657e-07,4.5735640766091e-22,5.7272216321405e-06,3.1155679538996e-06,0.0099970054616188,-6.050848999466e-08,6.0698305595844e-08,-4.8444887494939e-06,-5.2439126410225e-06,-2.4232001793458e-06,0.90003036773481,0.90002009667793,2.5,2.5,-5.0511998804374e-06,-0.0001
0.65999999999999,-0.037912063065438,0.57737298283364,0.61528504589908,0.99995930615161,0.99993870126838,0.99998163614901,0.99997244092296,2.7052389971588e-07,4.5732891237767e-22,5.7272492925814e-06,3.1155826679735e-06,0.0099970053868203,-5.983878771024e-08,6.0026502459882e-08,-4.844572066969e-06,-5.2439242088241e-06,-2.4231143966091e-06,0.90003036755061,0.90002009781552,2.5,2.5,-5.0512570689262e-06,-0.0001
0.66124999999999,-0.037912063065438,0.57737298283364,0.61528504589908,0.99995930509745,0.99993870164112,0.99998163634478,0.99997244109333,2.6752976662508e-07,4.5730172140939e-22,5.7272766468935e-06,3.1155972192196e-06,0.0099970053128497,-5.9176497645182e-08,5.9362134777834e-08,-4.8446544622943e-06,-5.2439356485935e-06,-2.423029563317e-06,0.90003036736846,0.90002009894052,2.5,2.5,-5.051313624458e-06,-9.9999999999988e-05
0.66249999999999,-0.037912063065438,0.57737298283364,0.61528504589908,0.99995930405496,0.99993870200974,0.99998163653839,0.99997244126182,2.6456877231142e-07,4.5727483138919e-22,5.727303698448e-06,3.1156116094104e-06,0.0099970052396977,-5.8521537714043e-08,5.8705120254065e-08,-4.8447359456761e-06,-5.2439469617497e-06,-2.422945668937e-06,0.90003036718831,0.90002010005308,2.5,2.5,-5.0513695540386e-06,-0.0001
0.66374999999999,-0.037912063065438,0.57737298283364,0.61528504589908,0.99995930302401,0.99993870237428,0.99998163672985,0.99997244142844,2.6164055000574e-07,4.5724823898628e-22,5.727330450581e-06,3.1156258403252e-06,0.0099970051673554,-5.7873826869522e-08,5.805537750567e-08,-4.8448165272071e-06,-5.2439581496918e-06,-2.4228627031081e-06,0.90003036701017,0.90002010115331,2.5,2.5,-5.0514248645958e-06,-0.0001
0.66499999999999,-0.037912063065438,0.57737298283364,0.61528504589908,0.99995930200447,0.99993870273479,0.99998163691919,0.99997244159322,2.5874473700344e-07,4.5722194090439e-22,5.7273569066476e-06,3.1156399137357e-06,0.0099970050958139,-5.7233284760933e-08,5.7412826017497e-08,-4.8448962168689e-06,-5.2439692138074e-06,-2.4227806555291e-06,0.90003036683399,0.90002010224138,2.5,2.5,-5.0514795629809e-06,-9.9999999999998e-05
0.66624999999999,-0.037912063065438,0.57737298283364,0.61528504589908,0.99995930099621,0.9999387030913,0.99998163710644,0.99997244175617,2.5588097457777e-07,4.571959338877e-22,5.7273830699063e-06,3.1156538313847e-06,0.0099970050250641,-5.6599832132832e-08,5.6777386256912e-08,-4.8449750245334e-06,-5.2439801554662e-06,-2.4226995160463e-06,0.90003036665977,0.90002010331739,2.5,2.5,-5.0515336559695e-06,-0.00010000000000001
0.66749999999999,-0.037912063065438,0.57737298283364,0.61528504589908,0.99995929999911,0.99993870344387,0.99998163729162,0.99997244191732,2.530489080009e-07,4.5717021471345e-22,5.7274089435663e-06,3.1156675949977e-06,0.0099970049550973,-5.5973390518878e-08,5.6148979495357e-08,-4.8450529599622e-06,-5.2439909760239e-06,-2.4226192746061e-06,0.90003036648747,0.9000201043815,2.5,2.5,-5.0515871502619e-06,-9.9999999999999e-05
0.66874999999999,-0.037912063065438,0.57737298283364,0.61528504589908,0.99995929901305,0.99993870379253,0.99998163747474,0.99997244207669,2.5024818647385e-07,4.5714478019594e-22,5.7274345308721e-06,3.1156812062754e-06,0.009997004885905,-5.5353882322218e-08,5.552752787661e-08,-4.8451300328096e-06,-5.2440016768218e-06,-2.422539921273e-06,0.90003036631708,0.90002010543383,2.5,2.5,-5.0516400524847e-06,-9.9999999999998e-05
0.66999999999999,-0.037912063065438,0.57737298283364,0.61528504589908,0.9999592980379,0.99993870413734,0.99998163765584,0.99997244223429,2.4747846306759e-07,4.5711962718646e-22,5.7274598349635e-06,3.1156946669016e-06,0.0099970048174784,-5.4741230752539e-08,5.491295441749e-08,-4.8452062526212e-06,-5.244012259183e-06,-2.4224614462171e-06,0.90003036614857,0.90002010647452,2.5,2.5,-5.0516923691905e-06,-0.0001
0.67124999999999,-0.037912063065438,0.57737298283364,0.61528504589908,0.99995929707355,0.99993870447833,0.99998163783494,0.99997244239015,2.4473939470991e-07,4.5709475257007e-22,5.7274848590118e-06,3.1157079785325e-06,0.0099970047498092,-5.4135359929205e-08,5.4305182988373e-08,-4.8452816288392e-06,-5.2440227244195e-06,-2.4223838397078e-06,0.90003036598193,0.90002010750369,2.5,2.5,-5.05174410686e-06,-9.9999999999983e-05
0.67249999999999,-0.037912063065438,0.57737298283364,0.61528504589908,0.99995929611987,0.99993870481555,0.99998163801205,0.99997244254428,2.4203064208231e-07,4.5707015326002e-22,5.7275096060924e-06,3.1157211428502e-06,0.009997004682889,-5.3536194872024e-08,5.3704138335171e-08,-4.8453561708002e-06,-5.2440330738278e-06,-2.4223070921447e-06,0.90003036581714,0.90002010852146,2.5,2.5,-5.0517952719018e-06,-0.00010000000000001
0.67374999999999,-0.037912063065438,0.57737298283364,0.61528504589908,0.99995929517674,0.99993870514903,0.9999816381872,0.99997244269671,2.3935186969081e-07,4.5704582621677e-22,5.7275340792768e-06,3.1157341614549e-06,0.0099970046167094,-5.2943661310357e-08,5.3109745982937e-08,-4.8454298877376e-06,-5.2440433086898e-06,-2.422231194022e-06,0.90003036565417,0.90002010952797,2.5,2.5,-5.0518458706537e-06,-0.0001
0.67499999999999,-0.037912063065438,0.57737298283364,0.61528504589908,0.99995929424405,0.99993870547883,0.99998163836042,0.99997244284745,2.3670274569873e-07,4.5702176841709e-22,5.7275582815827e-06,3.1157470359822e-06,0.0099970045512623,-5.2357685811608e-08,5.2521932292384e-08,-4.8455027887836e-06,-5.2440534302735e-06,-2.4221561359236e-06,0.900030365493,0.90002011052334,2.5,2.5,-5.0518959093834e-06,-9.9999999999997e-05
0.67624999999999,-0.037912063065438,0.57737298283364,0.61528504589908,0.99995929332168,0.99993870580497,0.99998163853171,0.99997244299652,2.3408294195189e-07,4.5699797689166e-22,5.7275822160275e-06,3.1157597680137e-06,0.0099970044865396,-5.1778195897996e-08,5.1940624505453e-08,-4.8455748829674e-06,-5.2440634398328e-06,-2.4220819085639e-06,0.90003036533362,0.9000201115077,2.5,2.5,-5.0519453942892e-06,-9.9999999999996e-05
0.67749999999999,-0.037912063065438,0.57737298283364,0.61528504589908,0.99995929240953,0.9999387061275,0.99998163870111,0.99997244314395,2.3149213396424e-07,4.569744486899e-22,5.7276058855878e-06,3.115772359139e-06,0.0099970044225332,-5.1205119697122e-08,5.1365750557119e-08,-4.8456461792197e-06,-5.2440733386077e-06,-2.4220085027494e-06,0.900030365176,0.90002011248116,2.5,2.5,-5.0519943315007e-06,-0.0001
0.67874999999999,-0.037912063065438,0.57737298283364,0.61528504589908,0.99995929150747,0.99993870644647,0.99998163886864,0.99997244328974,2.2893000078494e-07,4.569511808913e-22,5.7276292931489e-06,3.1157848108826e-06,0.0099970043592352,-5.0638386242394e-08,5.0797239248196e-08,-4.8457166863709e-06,-5.2440831278228e-06,-2.4219359093848e-06,0.90003036502012,0.90002011344384,2.5,2.5,-5.0520427270796e-06,-9.9999999999995e-05
0.67999999999999,-0.037912063065438,0.57737298283364,0.61528504589908,0.99995929061539,0.9999387067619,0.99998163903431,0.99997244343391,2.2639622505388e-07,4.5692817062295e-22,5.7276524416421e-06,3.1157971248201e-06,0.0099970042966378,-5.0077925328267e-08,5.0235020175285e-08,-4.8457864131567e-06,-5.2440928086935e-06,-2.4218641194684e-06,0.90003036486597,0.90002011439587,2.5,2.5,-5.0520905870209e-06,-0.0001
0.68124999999999,-0.037912063065438,0.57737298283364,0.61528504589908,0.99995928973319,0.99993870707384,0.99998163919815,0.9999724435765,2.2389049291232e-07,4.5690541502661e-22,5.727675333925e-06,3.1158093024744e-06,0.0099970042347332,-4.9523667553738e-08,4.9679023693848e-08,-4.845855368212e-06,-5.2441023824149e-06,-2.4217931241214e-06,0.90003036471353,0.90002011533737,2.5,2.5,-5.0521379172529e-06,-9.9999999999996e-05
0.68249999999999,-0.037912063065438,0.57737298283364,0.61528504589908,0.99995928886075,0.99993870738233,0.99998163936018,0.9999724437175,2.214124939938e-07,4.568829112872e-22,5.7276979728568e-06,3.1158213453348e-06,0.0099970041735138,-4.8975544255509e-08,4.9129180920881e-08,-4.8459235600793e-06,-5.2441118501766e-06,-2.4217229145404e-06,0.90003036456277,0.90002011626844,2.5,2.5,-5.0521847236382e-06,-0.00010000000000001
0.68374999999999,-0.037912063065438,0.57737298283364,0.61528504589908,0.99995928799796,0.99993870768741,0.99998163952041,0.99997244385694,2.1896192132815e-07,4.5686065662106e-22,5.7277203612096e-06,3.1158332549299e-06,0.0099970041129719,-4.8433487549004e-08,4.8585423770231e-08,-4.8459909972058e-06,-5.2441212131498e-06,-2.4216534820393e-06,0.90003036441369,0.90002011718921,2.5,2.5,-5.0522310119749e-06,-9.9999999999995e-05
0.68499999999999,-0.037912063065438,0.57737298283364,0.61528504589908,0.99995928714473,0.99993870798911,0.99998163967887,0.99997244399484,2.1653847134925e-07,4.5683864825999e-22,5.7277425017697e-06,3.1158450327033e-06,0.0099970040531001,-4.7897430231964e-08,4.8047684849693e-08,-4.8460576879452e-06,-5.2441304724938e-06,-2.4215848180073e-06,0.90003036426625,0.90002011809979,2.5,2.5,-5.0522767879967e-06,-9.9999999999986e-05
0.68624999999999,-0.037912063065438,0.57737298283364,0.61528504589908,0.99995928630094,0.99993870828747,0.99998163983557,0.99997244413121,2.1414184391508e-07,4.5681688349104e-22,5.7277643972911e-06,3.1158566800984e-06,0.009997003993891,-4.736730599842e-08,4.7515897621966e-08,-4.8461236405569e-06,-5.2441396293568e-06,-2.4215169139374e-06,0.90003036412044,0.90002011900029,2.5,2.5,-5.0523220573739e-06,-0.00010000000000002
0.68749999999999,-0.037912063065438,0.57737298283364,0.61528504589908,0.99995928546649,0.99993870858252,0.99998163999054,0.99997244426608,2.1177174210772e-07,4.567953596129e-22,5.7277860504494e-06,3.1158681985972e-06,0.0099970039353372,-4.6843049116886e-08,4.6989996123303e-08,-4.8461888632118e-06,-5.2441486848727e-06,-2.4214497614287e-06,0.90003036397625,0.90002011989082,2.5,2.5,-5.0523668257136e-06,-9.999999999999e-05
0.68874999999999,-0.037912063065438,0.57737298283364,0.61528504589908,0.99995928464127,0.99993870887432,0.99998164014379,0.99997244439945,2.0942787237723e-07,4.5677407395683e-22,5.7278074639772e-06,3.1158795896184e-06,0.0099970038774314,-4.6324594664447e-08,4.6469915285211e-08,-4.8462533639879e-06,-5.2441576401621e-06,-2.4213833521578e-06,0.90003036383365,0.9000201207715,2.5,2.5,-5.0524110985617e-06,-0.00010000000000001
0.68999999999999,-0.037912063065438,0.57737298283364,0.61528504589908,0.99995928382519,0.99993870916288,0.99998164029535,0.99997244453134,2.071099443671e-07,4.5675302388824e-22,5.7278286405065e-06,3.1158908545628e-06,0.0099970038201666,-4.5811878390517e-08,4.595559061064e-08,-4.8463171508749e-06,-5.2441664963367e-06,-2.4213176778955e-06,0.90003036369264,0.90002012164242,2.5,2.5,-5.052454881402e-06,-9.9999999999986e-05
0.69124999999999,-0.037912063065438,0.57737298283364,0.61528504589908,0.99995928301814,0.99993870944825,0.99998164044523,0.99997244466178,2.0481767097306e-07,4.5673220680493e-22,5.7278495826242e-06,3.1159019948147e-06,0.0099970037635355,-4.5304836825673e-08,4.5446958445723e-08,-4.8463802317765e-06,-5.2441752544916e-06,-2.4212527305149e-06,0.90003036355318,0.90002012250371,2.5,2.5,-5.052498179658e-06,-0.00010000000000002
0.69249999999999,-0.037912063065438,0.57737298283364,0.61528504589908,0.99995928222002,0.99993870973046,0.99998164059346,0.99997244479077,2.0255076825355e-07,4.5671162011758e-22,5.7278702929917e-06,3.1159130117867e-06,0.0099970037075313,-4.4803407132458e-08,4.494395578209e-08,-4.8464426145029e-06,-5.2441839157121e-06,-2.4211885019587e-06,0.90003036341526,0.90002012335547,2.5,2.5,-5.0525409986929e-06,-9.9999999999995e-05
0.69374999999999,-0.037912063065438,0.57737298283364,0.61528504589908,0.99995928143074,0.99993871000954,0.99998164074004,0.99997244491833,2.003089553828e-07,4.5669126128161e-22,5.7278907741135e-06,3.1159239068002e-06,0.0099970036521469,-4.4307527264916e-08,4.4446520320377e-08,-4.8465043067839e-06,-5.24419248107e-06,-2.4211249842858e-06,0.90003036327888,0.9000201241978,2.5,2.5,-5.0525833438109e-06,-9.9999999999995e-05
0.69499999999999,-0.037912063065438,0.57737298283364,0.61528504589908,0.99995928065019,0.99993871028554,0.999981640885,0.99997244504449,1.9809195470276e-07,4.5667112777577e-22,5.7279110285606e-06,3.1159346812439e-06,0.0099970035973754,-4.3817135682377e-08,4.3954590395389e-08,-4.8465653162608e-06,-5.2442009516279e-06,-2.4210621696093e-06,0.900030363144,0.90002012503081,2.5,2.5,-5.052625220257e-06,-0.0001
0.69624999999999,-0.037912063065438,0.57737298283364,0.61528504589908,0.99995927987828,0.99993871055848,0.99998164102835,0.99997244516924,1.9589949155915e-07,4.5665121711073e-22,5.7279310588503e-06,3.1159453364419e-06,0.0099970035432102,-4.3332171792913e-08,4.3468105133682e-08,-4.84662565049e-06,-5.244209328435e-06,-2.4210000501753e-06,0.90003036301061,0.90002012585459,2.5,2.5,-5.0526666332186e-06,-0.0001
0.69749999999999,-0.037912063065438,0.57737298283364,0.61528504589908,0.99995927911491,0.99993871082841,0.99998164117012,0.99997244529262,1.9373129440553e-07,4.56631526808e-22,5.7279508674316e-06,3.1159558736771e-06,0.0099970034896445,-4.2852575344114e-08,4.2987004217162e-08,-4.8466853169452e-06,-5.2442176125268e-06,-2.4209386182628e-06,0.90003036287871,0.90002012666926,2.5,2.5,-5.0527075878253e-06,-9.9999999999993e-05
0.69874999999999,-0.037912063065438,0.57737298283364,0.61528504589908,0.99995927835999,0.99993871109534,0.99998164131032,0.99997244541463,1.9158709465387e-07,4.5661205444117e-22,5.7279704567623e-06,3.1159662943102e-06,0.0099970034366716,-4.2378287086512e-08,4.251122811197e-08,-4.8467443230188e-06,-5.2442258049321e-06,-2.4208778662726e-06,0.90003036274826,0.90002012747492,2.5,2.5,-5.0527480891504e-06,-0.00010000000000002
0.69999999999999,-0.037912063065438,0.57737298283364,0.61528504589908,0.99995927761343,0.99993871135932,0.99998164144897,0.99997244553529,1.8946662669315e-07,4.5659279758886e-22,5.7279898293175e-06,3.1159765996161e-06,0.0099970033842851,-4.1909248189313e-08,4.2040717827893e-08,-4.8468026760184e-06,-5.2442339066648e-06,-2.420817786683e-06,0.90003036261925,0.90002012827165,2.5,2.5,-5.0527881422105e-06,-9.9999999999988e-05
0.70124999999999,-0.037912063065438,0.57737298283364,0.61528504589908,0.99995927687513,0.99993871162038,0.99998164158608,0.99997244565461,1.8736962787738e-07,4.5657375387081e-22,5.7280089874077e-06,3.1159867908541e-06,0.0099970033324783,-4.144540054946e-08,4.1575415092151e-08,-4.8468603831733e-06,-5.2442419187292e-06,-2.4207583720496e-06,0.90003036249167,0.90002012905957,2.5,2.5,-5.0528277519671e-06,-0.00010000000000001
0.70249999999999,-0.037912063065438,0.57737298283364,0.61528504589908,0.99995927614501,0.99993871187855,0.99998164172168,0.99997244577261,1.8529583845457e-07,4.5655492092823e-22,5.7280279334658e-06,3.1159968693094e-06,0.009997003281245,-4.0986686789592e-08,4.1115262343333e-08,-4.8469174516292e-06,-5.2442498421159e-06,-2.4206996150117e-06,0.90003036236551,0.90002012983877,2.5,2.5,-5.0528669233269e-06,-0.0001
0.70374999999999,-0.037912063065438,0.57737298283364,0.61528504589908,0.99995927542296,0.99993871213386,0.99998164185577,0.99997244588931,1.8324500153085e-07,4.565362964246e-22,5.7280466698544e-06,3.1160068361919e-06,0.0099970032305787,-4.0533049967231e-08,4.0660202466836e-08,-4.8469738884574e-06,-5.2442576778072e-06,-2.4206415082874e-06,0.90003036224074,0.90002013060934,2.5,2.5,-5.0529056611415e-06,-9.9999999999984e-05
0.70499999999999,-0.037912063065438,0.57737298283364,0.61528504589908,0.9999592747089,0.99993871238635,0.99998164198838,0.99997244600472,1.8121686308264e-07,4.5651787805597e-22,5.7280651988631e-06,3.1160166927744e-06,0.0099970031804731,-4.008443398007e-08,4.0210179166315e-08,-4.8470297006482e-06,-5.2442654267732e-06,-2.420584044684e-06,0.90003036211735,0.90002013137139,2.5,2.5,-5.0529439702098e-06,-0.00010000000000001
0.70624999999999,-0.037912063065438,0.57737298283364,0.61528504589908,0.99995927400275,0.99993871263604,0.99998164211952,0.99997244611884,1.7921117188487e-07,4.5649966354182e-22,5.7280835228111e-06,3.1160264402808e-06,0.0099970031309221,-3.9640783242835e-08,3.9765136690718e-08,-4.8470848951145e-06,-5.2442730899748e-06,-2.4205272170858e-06,0.90003036199533,0.900020132125,2.5,2.5,-5.0529818552768e-06,-9.9999999999998e-05
0.70749999999999,-0.037912063065438,0.57737298283364,0.61528504589908,0.99995927330441,0.99993871288297,0.99998164224922,0.99997244623171,1.7722767945463e-07,4.5648165062079e-22,5.7281016439324e-06,3.1160360798854e-06,0.0099970030819196,-3.9202042786636e-08,3.9325019903123e-08,-4.8471394786941e-06,-5.2442806683615e-06,-2.4204710184467e-06,0.90003036187466,0.90002013287027,2.5,2.5,-5.0530193210355e-06,-9.999999999999e-05
0.70874999999999,-0.037912063065438,0.57737298283364,0.61528504589908,0.99995927261381,0.99993871312716,0.99998164237747,0.99997244634332,1.7526614017656e-07,4.5646383706795e-22,5.7281195644873e-06,3.116045612809e-06,0.0099970030334594,-3.8768158252744e-08,3.8889774271546e-08,-4.8471934581478e-06,-5.2442881628711e-06,-2.4204154418075e-06,0.90003036175532,0.90002013360729,2.5,2.5,-5.0530563721267e-06,-0.0001
0.70999999999999,-0.037912063065438,0.57737298283364,0.61528504589908,0.99995927193084,0.99993871336865,0.99998164250431,0.9999724464537,1.7332631101177e-07,4.5644622067321e-22,5.728137286719e-06,3.1160550402085e-06,0.0099970029855355,-3.8339075908744e-08,3.8459345891535e-08,-4.8472468401622e-06,-5.2442955744315e-06,-2.4203604802914e-06,0.90003036163731,0.90002013433615,2.5,2.5,-5.0530930131398e-06,-0.00010000000000001
0.71124999999999,-0.037912063065438,0.57737298283364,0.61528504589908,0.99995927125544,0.99993871360747,0.99998164262974,0.99997244656286,1.7140795168989e-07,4.5642879925522e-22,5.728154812783e-06,3.1160643632624e-06,0.0099970029381421,-3.7914742641757e-08,3.8033681484661e-08,-4.8472996313486e-06,-5.2443029039624e-06,-2.4203061270792e-06,0.9000303615206,0.90002013505695,2.5,2.5,-5.0531292486137e-06,-0.00010000000000001
0.71249999999999,-0.037912063065438,0.57737298283364,0.61528504589908,0.99995927058751,0.99993871384365,0.99998164275378,0.99997244667081,1.6951082460174e-07,4.5641157065312e-22,5.7281721448826e-06,3.1160735831725e-06,0.0099970028912732,-3.7495105834859e-08,3.7612728259395e-08,-4.8473518382481e-06,-5.2443101523704e-06,-2.4202523754484e-06,0.90003036140518,0.90002013576977,2.5,2.5,-5.0531650830368e-06,-9.9999999999996e-05
0.71374999999999,-0.037912063065438,0.57737298283364,0.61528504589908,0.99995926992697,0.99993871407721,0.99998164287646,0.99997244677757,1.6763469471413e-07,4.5639453274105e-22,5.7281892851375e-06,3.1160827010046e-06,0.0099970028449231,-3.7080113498449e-08,3.7196434126108e-08,-4.8474034673255e-06,-5.2443173205526e-06,-2.420199218726e-06,0.90003036129104,0.9000201364747,2.5,2.5,-5.0532005208479e-06,-9.9999999999998e-05
0.71499999999999,-0.037912063065438,0.57737298283364,0.61528504589908,0.99995926927375,0.99993871430819,0.99998164299777,0.99997244688314,1.6577932968015e-07,4.5637768339789e-22,5.7282062357033e-06,3.1160917179213e-06,0.009997002799086,-3.666971430659e-08,3.6784747486307e-08,-4.8474545249779e-06,-5.2443244093986e-06,-2.4201466503461e-06,0.90003036117816,0.90002013717182,2.5,2.5,-5.0532355664365e-06,-9.9999999999996e-05
0.71624999999999,-0.037912063065438,0.57737298283364,0.61528504589908,0.99995926862775,0.99993871453661,0.99998164311774,0.99997244698755,1.6394449963877e-07,4.5636102054505e-22,5.7282229986434e-06,3.1161006350408e-06,0.0099970027537561,-3.6263857366515e-08,3.6377617368035e-08,-4.8475050175289e-06,-5.2443314197872e-06,-2.4200946637852e-06,0.90003036106654,0.90002013786123,2.5,2.5,-5.0532702241439e-06,-0.0001
0.71749999999999,-0.037912063065438,0.57737298283364,0.61528504589908,0.9999592679889,0.9999387147625,0.99998164323638,0.9999724470908,1.6212997734898e-07,4.5634454211374e-22,5.7282395760699e-06,3.1161094534673e-06,0.009997002708928,-3.5862492389595e-08,3.5974993311033e-08,-4.8475549512335e-06,-5.2443383525841e-06,-2.4200432526034e-06,0.90003036095615,0.90002013854302,2.5,2.5,-5.0533044982631e-06,-0.00010000000000001
0.71874999999999,-0.037912063065438,0.57737298283364,0.61528504589908,0.99995926735713,0.99993871498589,0.99998164335371,0.99997244719291,1.6033553797342e-07,4.5632824606581e-22,5.7282559700055e-06,3.1161181742907e-06,0.009997002664596,-3.5465569698885e-08,3.5576825468359e-08,-4.8476043322765e-06,-5.2443452086492e-06,-2.4199924104401e-06,0.90003036084698,0.90002013921725,2.5,2.5,-5.0533383930395e-06,-9.9999999999999e-05
0.71999999999999,-0.037912063065438,0.57737298283364,0.61528504589908,0.99995926673234,0.99993871520681,0.99998164346975,0.99997244729388,1.5856095932398e-07,4.5631213037708e-22,5.7282721825105e-06,3.116126798602e-06,0.0099970026207548,-3.5073040110305e-08,3.5183064510054e-08,-4.8476531667736e-06,-5.2443519888332e-06,-2.4199421309929e-06,0.90003036073901,0.90002013988402,2.5,2.5,-5.0533719126717e-06,-9.9999999999989e-05
0.72124999999999,-0.037912063065438,0.57737298283364,0.61528504589908,0.99995926611448,0.99993871542529,0.99998164358449,0.99997244739374,1.5680602152703e-07,4.5629619305802e-22,5.7282882155584e-06,3.1161353274586e-06,0.0099970025773987,-3.4684854985583e-08,3.4793661653708e-08,-4.8477014607757e-06,-5.2443586939737e-06,-2.4198924080321e-06,0.90003036063225,0.90002014054342,2.5,2.5,-5.0534050613118e-06,-0.00010000000000001
0.72249999999999,-0.037912063065438,0.57737298283364,0.61528504589908,0.99995926550345,0.99993871564135,0.99998164369797,0.9999724474925,1.5507050722025e-07,4.5628043213202e-22,5.7283040711585e-06,3.1161437619046e-06,0.0099970025345225,-3.430096629165e-08,3.4408568677083e-08,-4.8477492202645e-06,-5.2443653249035e-06,-2.4198432354047e-06,0.90003036052666,0.90002014119551,2.5,2.5,-5.0534378430659e-06,-0.0001
0.72374999999999,-0.037912063065438,0.57737298283364,0.61528504589908,0.99995926489918,0.99993871585501,0.99998164381019,0.99997244759016,1.5335420142737e-07,4.5626484564634e-22,5.7283197512761e-06,3.1161521030243e-06,0.0099970024921208,-3.3921326388218e-08,3.4027737878798e-08,-4.8477964511559e-06,-5.2443718824419e-06,-2.419794607004e-06,0.90003036042224,0.90002014184039,2.5,2.5,-5.0534702619946e-06,-9.9999999999999e-05
0.72499999999999,-0.037912063065438,0.57737298283364,0.61528504589908,0.9999592643016,0.99993871606631,0.99998164392117,0.99997244768674,1.5165689153943e-07,4.5624943166741e-22,5.728335257847e-06,3.1161603518006e-06,0.0099970024501884,-3.354588835698e-08,3.3651122062181e-08,-4.8478431592997e-06,-5.2443783674021e-06,-2.41974651683e-06,0.90003036031898,0.90002014247813,2.5,2.5,-5.0535023221136e-06,-0.0001
0.72624999999999,-0.037912063065438,0.57737298283364,0.61528504589908,0.99995926371064,0.99993871627527,0.99998164403092,0.99997244778225,1.4997836731798e-07,4.562341882898e-22,5.7283505927991e-06,3.1161685092876e-06,0.0099970024087202,-3.3174605623207e-08,3.3278674620285e-08,-4.8478893504826e-06,-5.2443847805881e-06,-2.419698958909e-06,0.90003036021687,0.90002014310881,2.5,2.5,-5.0535340273942e-06,-0.0001
0.72749999999999,-0.037912063065438,0.57737298283364,0.61528504589908,0.99995926312621,0.99993871648192,0.99998164413946,0.99997244787671,1.4831842084814e-07,4.5621911362602e-22,5.7283657580058e-06,3.116176576491e-06,0.0099970023677109,-3.2807432211812e-08,3.2910349382262e-08,-4.8479350304263e-06,-5.2443911227932e-06,-2.4196519273539e-06,0.90003036011588,0.90002014373251,2.5,2.5,-5.0535653817639e-06,-9.999999999999e-05
0.72874999999999,-0.037912063065438,0.57737298283364,0.61528504589908,0.99995926254826,0.99993871668629,0.99998164424679,0.99997244797011,1.4667684650604e-07,4.562042058091e-22,5.7283807553949e-06,3.1161845544027e-06,0.0099970023271555,-3.2444322623369e-08,3.2546100713675e-08,-4.8479802047875e-06,-5.2443973948025e-06,-2.4196054163443e-06,0.90003036001601,0.90002014434931,2.5,2.5,-5.0535963891062e-06,-0.0001
0.72999999999999,-0.037912063065438,0.57737298283364,0.61528504589908,0.9999592619767,0.99993871688839,0.99998164435294,0.99997244806249,1.4505344097104e-07,4.5618946298664e-22,5.7283955867779e-06,3.1161924440137e-06,0.009997002287049,-3.2085231894914e-08,3.2185883539547e-08,-4.848024879164e-06,-5.244403597395e-06,-2.4195594201022e-06,0.90003035991724,0.90002014495929,2.5,2.5,-5.0536270532623e-06,-9.9999999999998e-05
0.73124999999999,-0.037912063065438,0.57737298283364,0.61528504589908,0.99995926141146,0.99993871708825,0.99998164445791,0.99997244815384,1.4344800311191e-07,4.5617488334249e-22,5.7284102540021e-06,3.1162002463145e-06,0.0099970022473863,-3.1730115602426e-08,3.1829653202607e-08,-4.8480690590872e-06,-5.2444097313376e-06,-2.4195139329551e-06,0.90003035981957,0.90002014556251,2.5,2.5,-5.0536573780303e-06,-9.9999999999996e-05
0.73249999999999,-0.037912063065438,0.57737298283364,0.61528504589908,0.99995926085249,0.9999387172859,0.99998164456172,0.99997244824418,1.4186033409893e-07,4.5616046505622e-22,5.7284247588871e-06,3.1162079622684e-06,0.0099970022081627,-3.1378929639316e-08,3.147736559761e-08,-4.8481127500332e-06,-5.2444157973895e-06,-2.41946894925e-06,0.90003035972298,0.90002014615905,2.5,2.5,-5.0536873671666e-06,-0.00010000000000001
0.73374999999999,-0.037912063065438,0.57737298283364,0.61528504589908,0.9999592602997,0.99993871748136,0.99998164466438,0.99997244833353,1.4029023724262e-07,4.5614620635665e-22,5.7284391032477e-06,3.1162155927997e-06,0.0099970021693731,-3.1031630607154e-08,3.1128977076104e-08,-4.8481559574115e-06,-5.2444217963035e-06,-2.4194244634228e-06,0.90003035962746,0.90002014674899,2.5,2.5,-5.053717024386e-06,-0.0001
0.73499999999999,-0.037912063065438,0.57737298283364,0.61528504589908,0.99995925975302,0.99993871767466,0.99998164476591,0.99997244842188,1.3873751808824e-07,4.5613210546759e-22,5.7284532888378e-06,3.116223138893e-06,0.0099970021310129,-3.068817545012e-08,3.078444449478e-08,-4.8481986865738e-06,-5.2444277288232e-06,-2.4193804699556e-06,0.900030359533,0.9000201473324,2.5,2.5,-5.0537463533621e-06,-0.00010000000000001
0.73624999999999,-0.037912063065438,0.57737298283364,0.61528504589908,0.9999592592124,0.99993871786583,0.99998164486631,0.99997244850925,1.3720198429493e-07,4.5611816064559e-22,5.7284673174428e-06,3.116230601467e-06,0.0099970020930772,-3.0348521584298e-08,3.0443725129338e-08,-4.8482409428141e-06,-5.2444335956798e-06,-2.41933696341e-06,0.90003035943958,0.90002014790936,2.5,2.5,-5.0537753577279e-06,-9.9999999999988e-05
0.73749999999999,-0.037912063065438,0.57737298283364,0.61528504589908,0.99995925867776,0.99993871805487,0.9999816449656,0.99997244859566,1.3568344560726e-07,4.5610437016594e-22,5.7284811907543e-06,3.1162379814326e-06,0.0099970020555615,-3.00126269893e-08,3.010677684944e-08,-4.8482827313663e-06,-5.244439397605e-06,-2.4192939383819e-06,0.90003035934719,0.90002014847993,2.5,2.5,-5.0538040410759e-06,-0.0001
0.73874999999999,-0.037912063065438,0.57737298283364,0.61528504589908,0.99995925814904,0.99993871824182,0.99998164506379,0.99997244868111,1.3418171400248e-07,4.5609073231923e-22,5.7284949105241e-06,3.1162452797176e-06,0.0099970020184609,-2.9680450106135e-08,2.9773557889336e-08,-4.8483240574068e-06,-5.2444451353127e-06,-2.4192513895649e-06,0.90003035925583,0.90002014904418,2.5,2.5,-5.0538324069595e-06,-0.0001
0.73999999999999,-0.037912063065438,0.57737298283364,0.61528504589908,0.99995925762617,0.99993871842671,0.9999816451609,0.99997244876562,1.3269660340844e-07,4.560772454122e-22,5.7285084784482e-06,3.1162524972422e-06,0.009997001981771,-2.9351949610659e-08,2.944402692469e-08,-4.8483649260548e-06,-5.2444508095175e-06,-2.4192093116602e-06,0.90003035916548,0.90002014960219,2.5,2.5,-5.0538604588921e-06,-9.9999999999999e-05
0.74124999999999,-0.037912063065438,0.57737298283364,0.61528504589908,0.99995925710909,0.99993871860954,0.99998164525693,0.99997244884919,1.3122792987168e-07,4.5606390777693e-22,5.7285218961933e-06,3.1162596348568e-06,0.0099970019454871,-2.9027085026825e-08,2.9118143218102e-08,-4.848405342372e-06,-5.2444564209197e-06,-2.4191676994778e-06,0.90003035907613,0.90002015015403,2.5,2.5,-5.0538882003485e-06,-0.00010000000000001
0.74249999999999,-0.037912063065438,0.57737298283364,0.61528504589908,0.99995925659773,0.99993871879036,0.99998164535189,0.99997244893184,1.2977551147841e-07,4.5605071776225e-22,5.728535165464e-06,3.1162666934967e-06,0.0099970019096048,-2.870581596809e-08,2.8795866338713e-08,-4.8484453113651e-06,-5.2444619702179e-06,-2.4191265478499e-06,0.90003035898776,0.90002015069975,2.5,2.5,-5.0539156347652e-06,-9.999999999998e-05
0.74374999999999,-0.037912063065438,0.57737298283364,0.61528504589908,0.99995925609203,0.99993871896917,0.99998164544581,0.99997244901357,1.2833916830894e-07,4.5603767373368e-22,5.7285482878435e-06,3.1162736739981e-06,0.0099970018741197,-2.8388102722699e-08,2.8477156414734e-08,-4.8484848379854e-06,-5.244467458095e-06,-2.4190858516935e-06,0.90003035890038,0.90002015123944,2.5,2.5,-5.0539427655403e-06,-0.00010000000000001
0.74499999999999,-0.037912063065438,0.57737298283364,0.61528504589908,0.99995925559193,0.999938719146,0.99998164553868,0.99997244909439,1.2691872247392e-07,4.5602477407337e-22,5.7285612649988e-06,3.1162805772544e-06,0.0099970018390273,-2.8073905838243e-08,2.8161973902094e-08,-4.8485239271286e-06,-5.2444728852324e-06,-2.419045605948e-06,0.90003035881396,0.90002015177315,2.5,2.5,-5.0539695960344e-06,-0.0001
0.74624999999999,-0.037912063065438,0.57737298283364,0.61528504589908,0.99995925509736,0.99993871932088,0.99998164563053,0.99997244917432,1.2551399797575e-07,4.5601201718476e-22,5.7285740985117e-06,3.1162874040922e-06,0.0099970018043233,-2.7763186487823e-08,2.7850279829451e-08,-4.8485625836376e-06,-5.2444782523023e-06,-2.4190058056445e-06,0.9000303587285,0.90002015230096,2.5,2.5,-5.0539961295712e-06,-0.0001
0.74749999999999,-0.037912063065438,0.57737298283364,0.61528504589908,0.99995925460827,0.99993871949382,0.99998164572137,0.99997244925337,1.2412482084261e-07,4.5599940148946e-22,5.7285867899898e-06,3.1162941553841e-06,0.0099970017700035,-2.7455906151768e-08,2.7542035554529e-08,-4.8486008122992e-06,-5.2444835599725e-06,-2.4189664458404e-06,0.90003035864399,0.90002015282292,2.5,2.5,-5.0540223694374e-06,-9.9999999999986e-05
0.74874999999999,-0.037912063065438,0.57737298283364,0.61528504589908,0.99995925412459,0.99993871966485,0.99998164581119,0.99997244933154,1.227510189968e-07,4.55986925426e-22,5.7285993410072e-06,3.1163008319637e-06,0.0099970017360634,-2.7152026809661e-08,2.7237202910221e-08,-4.8486386178495e-06,-5.2444888088969e-06,-2.4189275216765e-06,0.90003035856041,0.90002015333911,2.5,2.5,-5.0540483188831e-06,-0.00010000000000001
0.74999999999999,-0.037912063065438,0.57737298283364,0.61528504589908,0.99995925364626,0.99993871983398,0.99998164590002,0.99997244940885,1.2139242225346e-07,4.5597458744145e-22,5.7286117531066e-06,3.1163074346322e-06,0.009997001702499,-2.6851510685751e-08,2.6935744090121e-08,-4.8486760049722e-06,-5.2444939997262e-06,-2.4188890283158e-06,0.90003035847775,0.90002015384958,2.5,2.5,-5.0540739811228e-06,-9.9999999999995e-05
