
[36m
*** Info ***
'execute_on' parameter specified in [Outputs] block is ignored for object 'checkpoint'.
Define this object in its own sub-block of [Outputs] to modify its execution schedule.[39m
Framework Information:
MOOSE Version:           git commit abafb58b on 2026-02-20
LibMesh Version:         
PETSc Version:           3.24.4
SLEPc Version:           3.24.0
Current Time:            Sun Sep 20 14:28:44 2026
Executable Timestamp:    Sun Sep 20 14:26:45 2026

Input File(s):
  /home/jfoster/projects/research/reactive_transport/anisotropic-biot-tensor/.agent-runtime/moose-fe-goal-2026-09-20/implementation/runs/linear_time_0.002/input.i

Command Line Argument(s):
  --n-threads=1

Command Line Input Argument(s):
  Outputs/file_base=/home/jfoster/projects/research/reactive_transport/anisotropic-biot-tensor/.agent-runtime/moose-fe-goal-2026-09-20/implementation/runs/linear_time_0.002/solution

Checkpoint:
  Wall Time Interval:      Every 3600 s
  User Checkpoint:         Disabled
  # Checkpoints Kept:      2
  Execute On:              TIMESTEP_END 

Parallelism:
  Num Processors:          1
  Num Threads:             1

Mesh: 
  Parallel Type:           replicated
  Mesh Dimension:          2
  Spatial Dimension:       2
  Nodes:                   405
  Elems:                   80
  Num Subdomains:          1

Nonlinear System:
  Num DOFs:                933
  Num Local DOFs:          933
  Variables:               { "ux" "uy" } "p" 
  Finite Element Types:    "LAGRANGE" "LAGRANGE" 
  Approximation Orders:    "SECOND" "FIRST" 

Auxiliary System:
  Num DOFs:                1248
  Num Local DOFs:          1248
  Variables:               { "J" "Jbar" "solid_fraction" "stability" "energy" "B12" "sigma11" "sigma22" 
                             "sigma12" } "mass_reaction" "force_reaction" 
  Finite Element Types:    "MONOMIAL" "LAGRANGE" "LAGRANGE" 
  Approximation Orders:    "CONSTANT" "FIRST" "SECOND" 

Execution Information:
  Executioner:             Transient
  TimeStepper:             ConstantDT
  TimeIntegrator(s):       ImplicitEuler
  Solver Mode:             Preconditioned JFNK 
  PETSc Preconditioner:    lu 
  MOOSE Preconditioner:    SMP 
[31mLEGACY MODES ENABLED:[39m
 This application uses the legacy material output option: material properties are output only on TIMESTEP_END, not INITIAL. To remove this message, set 'use_legacy_material_output' to false in this application. If there are gold output files that contain material property output for which output occurs on INITIAL, then these will generate diffs due to zero values being stored, and these tests should be re-golded.
[39m
[31mLEGACY MODES ENABLED:[39m
 This application uses the legacy initial residual evaluation behavior. The legacy behavior performs an often times redundant residual evaluation before the solution modifying objects are executed prior to the initial (0th nonlinear iteration) residual evaluation. The new behavior skips that redundant residual evaluation unless the parameter Executioner/use_pre_smo_residual is set to true. To remove this message and enable the new behavior, set the parameter 'use_legacy_initial_residual_evaluation_behavior' to false in *App.C. Some tests that rely on the side effects of the legacy behavior may fail/diff and should be re-golded.
[39m

Time Step 0, time = 0

Postprocessor Values:
+----------------+----------------+----------------+----------------+----------------+----------------+----------------+
| time           | J_max          | J_min          | Jbar_max       | Jbar_min       | center_pressure| edge_ux        |
+----------------+----------------+----------------+----------------+----------------+----------------+----------------+
|   0.000000e+00 |   9.999830e-01 |   9.999830e-01 |   9.999818e-01 |   9.999818e-01 |   4.795205e-05 |   2.484182e-05 |
+----------------+----------------+----------------+----------------+----------------+----------------+----------------+
+----------------+----------------+----------------+------------------+----------------+----------------+
| time           | mass           | mass_reaction  | outflow_gradient | platen_max     | platen_min     |
+----------------+----------------+----------------+------------------+----------------+----------------+
|   0.000000e+00 |   1.000000e-02 |   0.000000e+00 |     0.000000e+00 |  -4.182484e-06 |  -4.182484e-06 |
+----------------+----------------+----------------+------------------+----------------+----------------+
+----------------+--------------------+--------------------+----------------+----------------+----------------+
| time           | solid_fraction_max | solid_fraction_min | stability_max  | stability_min  | top_reaction   |
+----------------+--------------------+--------------------+----------------+----------------+----------------+
|   0.000000e+00 |       8.999989e-01 |       8.999989e-01 |   2.500000e+00 |   2.500000e+00 |   0.000000e+00 |
+----------------+--------------------+--------------------+----------------+----------------+----------------+

Warning, Exodus files cannot have titles longer than 80 characters.  Your title will be truncated.

Time Step 1, time = 0.002, dt = 0.002
 * Nonlinear |R| = [32m8.305538e-05[39m (Before preset BCs, predictors, correctors, and constraints)
 0 Nonlinear |R| = [32m8.305538e-05[39m
      0 Linear |R| = [32m8.305538e-05[39m
      1 Linear |R| = [32m3.617971e-06[39m
      2 Linear |R| = [33m3.464617e-06[39m
      3 Linear |R| = [32m2.524896e-06[39m
      4 Linear |R| = [32m2.188493e-06[39m
      5 Linear |R| = [32m1.992990e-06[39m
      6 Linear |R| = [32m1.302708e-06[39m
      7 Linear |R| = [33m1.292820e-06[39m
      8 Linear |R| = [32m1.164209e-06[39m
      9 Linear |R| = [33m1.164209e-06[39m
     10 Linear |R| = [32m1.077061e-06[39m
     11 Linear |R| = [33m1.066437e-06[39m
     12 Linear |R| = [32m9.843189e-07[39m
     13 Linear |R| = [32m7.502157e-07[39m
     14 Linear |R| = [32m6.459521e-07[39m
     15 Linear |R| = [32m3.472830e-07[39m
     16 Linear |R| = [32m2.869193e-07[39m
     17 Linear |R| = [32m1.694912e-07[39m
     18 Linear |R| = [33m1.679722e-07[39m
     19 Linear |R| = [32m1.115051e-07[39m
     20 Linear |R| = [32m1.043814e-07[39m
     21 Linear |R| = [32m8.357545e-08[39m
     22 Linear |R| = [32m5.808842e-08[39m
     23 Linear |R| = [32m5.035640e-08[39m
     24 Linear |R| = [32m3.368203e-08[39m
     25 Linear |R| = [32m2.523207e-08[39m
     26 Linear |R| = [32m1.370220e-08[39m
     27 Linear |R| = [33m1.319990e-08[39m
     28 Linear |R| = [32m6.189599e-09[39m
     29 Linear |R| = [33m6.187299e-09[39m
     30 Linear |R| = [32m2.593189e-09[39m
     31 Linear |R| = [33m2.568390e-09[39m
     32 Linear |R| = [33m2.559081e-09[39m
     33 Linear |R| = [33m2.558802e-09[39m
     34 Linear |R| = [33m2.453825e-09[39m
     35 Linear |R| = [32m1.828601e-09[39m
     36 Linear |R| = [33m1.802857e-09[39m
     37 Linear |R| = [33m1.798522e-09[39m
     38 Linear |R| = [33m1.724064e-09[39m
     39 Linear |R| = [33m1.718193e-09[39m
     40 Linear |R| = [32m1.624696e-09[39m
     41 Linear |R| = [32m1.215984e-09[39m
     42 Linear |R| = [32m1.150273e-09[39m
     43 Linear |R| = [32m9.657531e-10[39m
     44 Linear |R| = [32m8.798832e-10[39m
     45 Linear |R| = [32m7.041983e-10[39m
     46 Linear |R| = [32m6.539377e-10[39m
     47 Linear |R| = [32m4.282807e-10[39m
     48 Linear |R| = [33m4.247772e-10[39m
     49 Linear |R| = [32m2.849710e-10[39m
     50 Linear |R| = [33m2.731313e-10[39m
     51 Linear |R| = [32m1.672766e-10[39m
     52 Linear |R| = [32m1.545158e-10[39m
     53 Linear |R| = [32m1.052346e-10[39m
     54 Linear |R| = [33m1.017018e-10[39m
     55 Linear |R| = [32m6.287706e-11[39m
     56 Linear |R| = [32m4.892984e-11[39m
     57 Linear |R| = [33m4.758350e-11[39m
     58 Linear |R| = [32m2.836838e-11[39m
     59 Linear |R| = [32m2.608619e-11[39m
     60 Linear |R| = [32m1.542657e-11[39m
     61 Linear |R| = [33m1.533018e-11[39m
     62 Linear |R| = [33m1.522418e-11[39m
     63 Linear |R| = [33m1.517728e-11[39m
     64 Linear |R| = [32m1.378965e-11[39m
     65 Linear |R| = [33m1.353873e-11[39m
     66 Linear |R| = [33m1.353842e-11[39m
     67 Linear |R| = [33m1.324176e-11[39m
     68 Linear |R| = [33m1.320014e-11[39m
     69 Linear |R| = [32m1.201174e-11[39m
     70 Linear |R| = [33m1.199428e-11[39m
     71 Linear |R| = [32m1.021674e-11[39m
     72 Linear |R| = [33m1.019643e-11[39m
     73 Linear |R| = [32m7.669032e-12[39m
     74 Linear |R| = [33m7.647890e-12[39m
     75 Linear |R| = [32m5.116071e-12[39m
     76 Linear |R| = [33m5.107187e-12[39m
     77 Linear |R| = [32m3.536704e-12[39m
     78 Linear |R| = [33m3.478866e-12[39m
     79 Linear |R| = [32m2.253688e-12[39m
     80 Linear |R| = [33m2.253238e-12[39m
     81 Linear |R| = [32m1.238280e-12[39m
     82 Linear |R| = [32m1.130569e-12[39m
     83 Linear |R| = [32m8.308682e-13[39m
     84 Linear |R| = [32m7.367472e-13[39m
     85 Linear |R| = [32m4.876741e-13[39m
     86 Linear |R| = [32m3.086439e-13[39m
     87 Linear |R| = [32m2.897508e-13[39m
     88 Linear |R| = [32m1.076473e-13[39m
     89 Linear |R| = [33m1.073444e-13[39m
     90 Linear |R| = [32m4.500351e-14[39m
 1 Nonlinear |R| = [32m1.967830e-12[39m
      0 Linear |R| = [32m1.967830e-12[39m
      1 Linear |R| = [32m1.751153e-12[39m
      2 Linear |R| = [32m1.557552e-12[39m
      3 Linear |R| = [33m1.553769e-12[39m
      4 Linear |R| = [32m1.404220e-12[39m
      5 Linear |R| = [32m1.176027e-12[39m
      6 Linear |R| = [33m1.149396e-12[39m
      7 Linear |R| = [32m4.495084e-13[39m
      8 Linear |R| = [33m4.304297e-13[39m
      9 Linear |R| = [32m1.719557e-13[39m
     10 Linear |R| = [33m1.699016e-13[39m
     11 Linear |R| = [32m8.743263e-14[39m
     12 Linear |R| = [33m8.738202e-14[39m
     13 Linear |R| = [32m5.625101e-14[39m
     14 Linear |R| = [33m5.488421e-14[39m
     15 Linear |R| = [32m4.169328e-14[39m
     16 Linear |R| = [33m4.167331e-14[39m
     17 Linear |R| = [32m2.838704e-14[39m
     18 Linear |R| = [32m2.647491e-14[39m
     19 Linear |R| = [32m2.140364e-14[39m
     20 Linear |R| = [32m1.623810e-14[39m
     21 Linear |R| = [32m1.493873e-14[39m
     22 Linear |R| = [32m9.687402e-15[39m
     23 Linear |R| = [32m8.834353e-15[39m
     24 Linear |R| = [32m4.486262e-15[39m
     25 Linear |R| = [33m4.334368e-15[39m
     26 Linear |R| = [32m2.438245e-15[39m
     27 Linear |R| = [32m1.682994e-15[39m
     28 Linear |R| = [32m1.134835e-15[39m
     29 Linear |R| = [32m7.398977e-16[39m
     30 Linear |R| = [32m6.640752e-16[39m
     31 Linear |R| = [33m6.316574e-16[39m
     32 Linear |R| = [33m6.036927e-16[39m
     33 Linear |R| = [33m6.030130e-16[39m
     34 Linear |R| = [32m5.551870e-16[39m
     35 Linear |R| = [33m5.535325e-16[39m
     36 Linear |R| = [33m5.506799e-16[39m
     37 Linear |R| = [33m5.377954e-16[39m
     38 Linear |R| = [33m5.321426e-16[39m
     39 Linear |R| = [32m5.035039e-16[39m
     40 Linear |R| = [33m4.981216e-16[39m
     41 Linear |R| = [32m3.314103e-16[39m
     42 Linear |R| = [33m3.160357e-16[39m
     43 Linear |R| = [32m2.573095e-16[39m
     44 Linear |R| = [33m2.570294e-16[39m
     45 Linear |R| = [32m1.965125e-16[39m
     46 Linear |R| = [32m1.664302e-16[39m
     47 Linear |R| = [32m1.316689e-16[39m
     48 Linear |R| = [32m1.072928e-16[39m
     49 Linear |R| = [32m9.612373e-17[39m
     50 Linear |R| = [32m7.747012e-17[39m
     51 Linear |R| = [32m6.509093e-17[39m
     52 Linear |R| = [32m4.221522e-17[39m
     53 Linear |R| = [33m4.033800e-17[39m
     54 Linear |R| = [32m2.260436e-17[39m
     55 Linear |R| = [33m2.232785e-17[39m
     56 Linear |R| = [32m1.372108e-17[39m
     57 Linear |R| = [32m1.138690e-17[39m
     58 Linear |R| = [32m7.038957e-18[39m
     59 Linear |R| = [32m4.136051e-18[39m
     60 Linear |R| = [32m2.414647e-18[39m
     61 Linear |R| = [33m2.380010e-18[39m
     62 Linear |R| = [33m2.372097e-18[39m
     63 Linear |R| = [33m2.287769e-18[39m
     64 Linear |R| = [32m1.985839e-18[39m
     65 Linear |R| = [32m1.828001e-18[39m
     66 Linear |R| = [33m1.821669e-18[39m
     67 Linear |R| = [33m1.820424e-18[39m
     68 Linear |R| = [32m1.701262e-18[39m
     69 Linear |R| = [32m1.587800e-18[39m
     70 Linear |R| = [33m1.513792e-18[39m
     71 Linear |R| = [32m1.357783e-18[39m
     72 Linear |R| = [32m1.202599e-18[39m
     73 Linear |R| = [32m1.068610e-18[39m
     74 Linear |R| = [32m7.656710e-19[39m
     75 Linear |R| = [32m6.206326e-19[39m
     76 Linear |R| = [33m6.019179e-19[39m
     77 Linear |R| = [32m4.740900e-19[39m
     78 Linear |R| = [32m4.386389e-19[39m
     79 Linear |R| = [32m2.648499e-19[39m
     80 Linear |R| = [32m2.415372e-19[39m
     81 Linear |R| = [32m1.688242e-19[39m
     82 Linear |R| = [32m1.102930e-19[39m
     83 Linear |R| = [32m9.698406e-20[39m
     84 Linear |R| = [32m5.954744e-20[39m
     85 Linear |R| = [32m5.644841e-20[39m
     86 Linear |R| = [32m3.752525e-20[39m
     87 Linear |R| = [32m3.397469e-20[39m
     88 Linear |R| = [32m1.946311e-20[39m
     89 Linear |R| = [32m1.800167e-20[39m
     90 Linear |R| = [31m2.518256e-20[39m
     91 Linear |R| = [32m2.257165e-20[39m
     92 Linear |R| = [33m2.247468e-20[39m
     93 Linear |R| = [32m2.056828e-20[39m
     94 Linear |R| = [32m1.545280e-20[39m
     95 Linear |R| = [33m1.482580e-20[39m
     96 Linear |R| = [33m1.476360e-20[39m
     97 Linear |R| = [33m1.411149e-20[39m
     98 Linear |R| = [33m1.392711e-20[39m
     99 Linear |R| = [32m1.206373e-20[39m
    100 Linear |R| = [33m1.186565e-20[39m
    101 Linear |R| = [32m8.823691e-21[39m
    102 Linear |R| = [33m8.659600e-21[39m
    103 Linear |R| = [32m6.085483e-21[39m
    104 Linear |R| = [33m6.078808e-21[39m
    105 Linear |R| = [32m4.516588e-21[39m
    106 Linear |R| = [33m4.468717e-21[39m
    107 Linear |R| = [32m3.470157e-21[39m
    108 Linear |R| = [32m2.242852e-21[39m
    109 Linear |R| = [33m2.163634e-21[39m
    110 Linear |R| = [32m1.666018e-21[39m
 2 Nonlinear |R| = [32m1.237876e-16[39m
[32m Solve Converged![39m

Postprocessor Values:
+----------------+----------------+----------------+----------------+----------------+----------------+----------------+
| time           | J_max          | J_min          | Jbar_max       | Jbar_min       | center_pressure| edge_ux        |
+----------------+----------------+----------------+----------------+----------------+----------------+----------------+
|   0.000000e+00 |   9.999830e-01 |   9.999830e-01 |   9.999818e-01 |   9.999818e-01 |   4.795205e-05 |   2.484182e-05 |
|   2.000000e-03 |   9.999827e-01 |   9.999684e-01 |   9.999857e-01 |   9.999814e-01 |   4.887625e-05 |   2.403483e-05 |
+----------------+----------------+----------------+----------------+----------------+----------------+----------------+
+----------------+----------------+----------------+------------------+----------------+----------------+
| time           | mass           | mass_reaction  | outflow_gradient | platen_max     | platen_min     |
+----------------+----------------+----------------+------------------+----------------+----------------+
|   0.000000e+00 |   1.000000e-02 |   0.000000e+00 |     0.000000e+00 |  -4.182484e-06 |  -4.182484e-06 |
|   2.000000e-03 |   9.999832e-03 |  -8.414571e-05 |     7.315247e-05 |  -4.263183e-06 |  -4.263183e-06 |
+----------------+----------------+----------------+------------------+----------------+----------------+
+----------------+--------------------+--------------------+----------------+----------------+----------------+
| time           | solid_fraction_max | solid_fraction_min | stability_max  | stability_min  | top_reaction   |
+----------------+--------------------+--------------------+----------------+----------------+----------------+
|   0.000000e+00 |       8.999989e-01 |       8.999989e-01 |   2.500000e+00 |   2.500000e+00 |   0.000000e+00 |
|   2.000000e-03 |       9.000155e-01 |       8.999989e-01 |   2.500000e+00 |   2.500000e+00 |  -1.000000e-04 |
+----------------+--------------------+--------------------+----------------+----------------+----------------+


Time Step 2, time = 0.004, dt = 0.002
 * Nonlinear |R| = [32m1.690993e-05[39m (Before preset BCs, predictors, correctors, and constraints)
 0 Nonlinear |R| = [32m1.690993e-05[39m
      0 Linear |R| = [32m1.690993e-05[39m
      1 Linear |R| = [32m1.362460e-06[39m
      2 Linear |R| = [33m1.313304e-06[39m
      3 Linear |R| = [32m1.234847e-06[39m
      4 Linear |R| = [32m6.896352e-07[39m
      5 Linear |R| = [32m6.378850e-07[39m
      6 Linear |R| = [32m5.861965e-07[39m
      7 Linear |R| = [33m5.790973e-07[39m
      8 Linear |R| = [32m5.398416e-07[39m
      9 Linear |R| = [33m5.334763e-07[39m
     10 Linear |R| = [32m4.306890e-07[39m
     11 Linear |R| = [33m4.163683e-07[39m
     12 Linear |R| = [32m3.412895e-07[39m
     13 Linear |R| = [32m2.801498e-07[39m
     14 Linear |R| = [32m2.134258e-07[39m
     15 Linear |R| = [32m1.441081e-07[39m
     16 Linear |R| = [32m1.299982e-07[39m
     17 Linear |R| = [32m8.042976e-08[39m
     18 Linear |R| = [32m6.016021e-08[39m
     19 Linear |R| = [32m5.221401e-08[39m
     20 Linear |R| = [32m3.738452e-08[39m
     21 Linear |R| = [33m3.663373e-08[39m
     22 Linear |R| = [32m2.453204e-08[39m
     23 Linear |R| = [33m2.450416e-08[39m
     24 Linear |R| = [32m1.182697e-08[39m
     25 Linear |R| = [32m9.984853e-09[39m
     26 Linear |R| = [32m5.294350e-09[39m
     27 Linear |R| = [32m4.668928e-09[39m
     28 Linear |R| = [32m2.659611e-09[39m
     29 Linear |R| = [32m1.988961e-09[39m
     30 Linear |R| = [32m1.492701e-09[39m
     31 Linear |R| = [32m1.157262e-09[39m
     32 Linear |R| = [33m1.145705e-09[39m
     33 Linear |R| = [33m1.144798e-09[39m
     34 Linear |R| = [32m1.061663e-09[39m
     35 Linear |R| = [32m1.003971e-09[39m
     36 Linear |R| = [33m9.812651e-10[39m
     37 Linear |R| = [32m8.972450e-10[39m
     38 Linear |R| = [33m8.964942e-10[39m
     39 Linear |R| = [32m7.991862e-10[39m
     40 Linear |R| = [32m7.111321e-10[39m
     41 Linear |R| = [32m5.893900e-10[39m
     42 Linear |R| = [33m5.826788e-10[39m
     43 Linear |R| = [32m4.434848e-10[39m
     44 Linear |R| = [33m4.423852e-10[39m
     45 Linear |R| = [32m2.827060e-10[39m
     46 Linear |R| = [33m2.826474e-10[39m
     47 Linear |R| = [32m2.201052e-10[39m
     48 Linear |R| = [33m2.179110e-10[39m
     49 Linear |R| = [32m1.424032e-10[39m
     50 Linear |R| = [32m9.865750e-11[39m
     51 Linear |R| = [32m9.019143e-11[39m
     52 Linear |R| = [32m6.400946e-11[39m
     53 Linear |R| = [32m5.977006e-11[39m
     54 Linear |R| = [32m3.180299e-11[39m
     55 Linear |R| = [33m3.177918e-11[39m
     56 Linear |R| = [32m2.175119e-11[39m
     57 Linear |R| = [33m2.145677e-11[39m
     58 Linear |R| = [32m1.142665e-11[39m
     59 Linear |R| = [33m1.141920e-11[39m
     60 Linear |R| = [32m6.387721e-12[39m
     61 Linear |R| = [32m5.874688e-12[39m
     62 Linear |R| = [33m5.737139e-12[39m
     63 Linear |R| = [32m5.450252e-12[39m
     64 Linear |R| = [32m4.253908e-12[39m
     65 Linear |R| = [33m4.121436e-12[39m
     66 Linear |R| = [33m3.996876e-12[39m
     67 Linear |R| = [33m3.905399e-12[39m
     68 Linear |R| = [33m3.716759e-12[39m
     69 Linear |R| = [33m3.688920e-12[39m
     70 Linear |R| = [32m3.300435e-12[39m
     71 Linear |R| = [32m2.771631e-12[39m
     72 Linear |R| = [33m2.766882e-12[39m
     73 Linear |R| = [32m2.387345e-12[39m
     74 Linear |R| = [32m2.256976e-12[39m
     75 Linear |R| = [32m1.879650e-12[39m
     76 Linear |R| = [32m1.552359e-12[39m
     77 Linear |R| = [32m1.384027e-12[39m
     78 Linear |R| = [32m1.076212e-12[39m
     79 Linear |R| = [32m8.047965e-13[39m
     80 Linear |R| = [32m6.237955e-13[39m
     81 Linear |R| = [32m5.243801e-13[39m
     82 Linear |R| = [32m3.655335e-13[39m
     83 Linear |R| = [33m3.537821e-13[39m
     84 Linear |R| = [32m1.571120e-13[39m
     85 Linear |R| = [33m1.569314e-13[39m
     86 Linear |R| = [32m8.672863e-14[39m
     87 Linear |R| = [33m8.671063e-14[39m
     88 Linear |R| = [32m3.502552e-14[39m
     89 Linear |R| = [33m3.480046e-14[39m
     90 Linear |R| = [32m1.316785e-14[39m
 1 Nonlinear |R| = [32m3.129435e-13[39m
[32m Solve Converged![39m

Postprocessor Values:
+----------------+----------------+----------------+----------------+----------------+----------------+----------------+
| time           | J_max          | J_min          | Jbar_max       | Jbar_min       | center_pressure| edge_ux        |
+----------------+----------------+----------------+----------------+----------------+----------------+----------------+
|   0.000000e+00 |   9.999830e-01 |   9.999830e-01 |   9.999818e-01 |   9.999818e-01 |   4.795205e-05 |   2.484182e-05 |
|   2.000000e-03 |   9.999827e-01 |   9.999684e-01 |   9.999857e-01 |   9.999814e-01 |   4.887625e-05 |   2.403483e-05 |
|   4.000000e-03 |   9.999825e-01 |   9.999680e-01 |   9.999856e-01 |   9.999813e-01 |   4.933873e-05 |   2.362634e-05 |
+----------------+----------------+----------------+----------------+----------------+----------------+----------------+
+----------------+----------------+----------------+------------------+----------------+----------------+
| time           | mass           | mass_reaction  | outflow_gradient | platen_max     | platen_min     |
+----------------+----------------+----------------+------------------+----------------+----------------+
|   0.000000e+00 |   1.000000e-02 |   0.000000e+00 |     0.000000e+00 |  -4.182484e-06 |  -4.182484e-06 |
|   2.000000e-03 |   9.999832e-03 |  -8.414571e-05 |     7.315247e-05 |  -4.263183e-06 |  -4.263183e-06 |
|   4.000000e-03 |   9.999747e-03 |  -4.259439e-05 |     4.205569e-05 |  -4.304033e-06 |  -4.304033e-06 |
+----------------+----------------+----------------+------------------+----------------+----------------+
+----------------+--------------------+--------------------+----------------+----------------+----------------+
| time           | solid_fraction_max | solid_fraction_min | stability_max  | stability_min  | top_reaction   |
+----------------+--------------------+--------------------+----------------+----------------+----------------+
|   0.000000e+00 |       8.999989e-01 |       8.999989e-01 |   2.500000e+00 |   2.500000e+00 |   0.000000e+00 |
|   2.000000e-03 |       9.000155e-01 |       8.999989e-01 |   2.500000e+00 |   2.500000e+00 |  -1.000000e-04 |
|   4.000000e-03 |       9.000159e-01 |       8.999989e-01 |   2.500000e+00 |   2.500000e+00 |  -1.000000e-04 |
+----------------+--------------------+--------------------+----------------+----------------+----------------+


Time Step 3, time = 0.006, dt = 0.002
 * Nonlinear |R| = [32m6.937657e-06[39m (Before preset BCs, predictors, correctors, and constraints)
 0 Nonlinear |R| = [32m6.937657e-06[39m
      0 Linear |R| = [32m6.937657e-06[39m
      1 Linear |R| = [32m1.047107e-06[39m
      2 Linear |R| = [32m8.141227e-07[39m
      3 Linear |R| = [32m7.542520e-07[39m
      4 Linear |R| = [32m5.212410e-07[39m
      5 Linear |R| = [32m4.601777e-07[39m
      6 Linear |R| = [33m4.397104e-07[39m
      7 Linear |R| = [33m4.300164e-07[39m
      8 Linear |R| = [32m3.887957e-07[39m
      9 Linear |R| = [33m3.840260e-07[39m
     10 Linear |R| = [32m2.903086e-07[39m
     11 Linear |R| = [32m2.640589e-07[39m
     12 Linear |R| = [32m2.279728e-07[39m
     13 Linear |R| = [32m1.727642e-07[39m
     14 Linear |R| = [32m1.529952e-07[39m
     15 Linear |R| = [32m9.243477e-08[39m
     16 Linear |R| = [32m8.753606e-08[39m
     17 Linear |R| = [32m5.506401e-08[39m
     18 Linear |R| = [32m4.404139e-08[39m
     19 Linear |R| = [32m3.780458e-08[39m
     20 Linear |R| = [32m2.888645e-08[39m
     21 Linear |R| = [32m2.696719e-08[39m
     22 Linear |R| = [32m1.736073e-08[39m
     23 Linear |R| = [33m1.719476e-08[39m
     24 Linear |R| = [32m8.537440e-09[39m
     25 Linear |R| = [32m7.773524e-09[39m
     26 Linear |R| = [32m3.864569e-09[39m
     27 Linear |R| = [33m3.741298e-09[39m
     28 Linear |R| = [32m1.796075e-09[39m
     29 Linear |R| = [32m1.410522e-09[39m
     30 Linear |R| = [32m1.048739e-09[39m
     31 Linear |R| = [32m8.172099e-10[39m
     32 Linear |R| = [33m7.998770e-10[39m
     33 Linear |R| = [33m7.960426e-10[39m
     34 Linear |R| = [32m7.322547e-10[39m
     35 Linear |R| = [33m7.166077e-10[39m
     36 Linear |R| = [33m6.841568e-10[39m
     37 Linear |R| = [32m6.026769e-10[39m
     38 Linear |R| = [33m6.007787e-10[39m
     39 Linear |R| = [32m5.269957e-10[39m
     40 Linear |R| = [32m4.390748e-10[39m
     41 Linear |R| = [32m3.566693e-10[39m
     42 Linear |R| = [33m3.523230e-10[39m
     43 Linear |R| = [32m2.752392e-10[39m
     44 Linear |R| = [33m2.628055e-10[39m
     45 Linear |R| = [32m1.876987e-10[39m
     46 Linear |R| = [33m1.868401e-10[39m
     47 Linear |R| = [32m1.484418e-10[39m
     48 Linear |R| = [32m1.400919e-10[39m
     49 Linear |R| = [32m1.055036e-10[39m
     50 Linear |R| = [32m6.936863e-11[39m
     51 Linear |R| = [33m6.791374e-11[39m
     52 Linear |R| = [32m4.289156e-11[39m
     53 Linear |R| = [33m4.192180e-11[39m
     54 Linear |R| = [32m2.223129e-11[39m
     55 Linear |R| = [33m2.208072e-11[39m
     56 Linear |R| = [32m1.502025e-11[39m
     57 Linear |R| = [33m1.497642e-11[39m
     58 Linear |R| = [32m1.122796e-11[39m
     59 Linear |R| = [32m9.581987e-12[39m
     60 Linear |R| = [32m4.572262e-12[39m
     61 Linear |R| = [33m4.406130e-12[39m
     62 Linear |R| = [33m4.218722e-12[39m
     63 Linear |R| = [33m4.203656e-12[39m
     64 Linear |R| = [32m3.312708e-12[39m
     65 Linear |R| = [33m3.236621e-12[39m
     66 Linear |R| = [33m3.231529e-12[39m
     67 Linear |R| = [33m3.089323e-12[39m
     68 Linear |R| = [33m3.089321e-12[39m
     69 Linear |R| = [32m2.833175e-12[39m
     70 Linear |R| = [33m2.787871e-12[39m
     71 Linear |R| = [32m2.271572e-12[39m
     72 Linear |R| = [33m2.270280e-12[39m
     73 Linear |R| = [32m1.742543e-12[39m
     74 Linear |R| = [32m1.642192e-12[39m
     75 Linear |R| = [32m1.392255e-12[39m
     76 Linear |R| = [32m1.195983e-12[39m
     77 Linear |R| = [32m1.002365e-12[39m
     78 Linear |R| = [32m6.876330e-13[39m
     79 Linear |R| = [33m6.681376e-13[39m
     80 Linear |R| = [32m4.633369e-13[39m
     81 Linear |R| = [32m4.321069e-13[39m
     82 Linear |R| = [32m2.677796e-13[39m
     83 Linear |R| = [32m2.471486e-13[39m
     84 Linear |R| = [32m1.277385e-13[39m
     85 Linear |R| = [33m1.215388e-13[39m
     86 Linear |R| = [32m6.682372e-14[39m
     87 Linear |R| = [33m6.655306e-14[39m
     88 Linear |R| = [32m2.409464e-14[39m
     89 Linear |R| = [33m2.398606e-14[39m
     90 Linear |R| = [31m1.792015e-13[39m
     91 Linear |R| = [32m5.206128e-14[39m
     92 Linear |R| = [32m4.814828e-14[39m
     93 Linear |R| = [32m3.322412e-14[39m
     94 Linear |R| = [33m3.275891e-14[39m
     95 Linear |R| = [32m2.852650e-14[39m
     96 Linear |R| = [33m2.791755e-14[39m
     97 Linear |R| = [32m2.013193e-14[39m
     98 Linear |R| = [33m1.994113e-14[39m
     99 Linear |R| = [32m1.553634e-14[39m
    100 Linear |R| = [32m1.424459e-14[39m
    101 Linear |R| = [33m1.397951e-14[39m
    102 Linear |R| = [33m1.331494e-14[39m
    103 Linear |R| = [32m1.031758e-14[39m
    104 Linear |R| = [32m8.416265e-15[39m
    105 Linear |R| = [32m6.864570e-15[39m
 1 Nonlinear |R| = [32m1.778429e-13[39m
[32m Solve Converged![39m

Postprocessor Values:
+----------------+----------------+----------------+----------------+----------------+----------------+----------------+
| time           | J_max          | J_min          | Jbar_max       | Jbar_min       | center_pressure| edge_ux        |
+----------------+----------------+----------------+----------------+----------------+----------------+----------------+
|   0.000000e+00 |   9.999830e-01 |   9.999830e-01 |   9.999818e-01 |   9.999818e-01 |   4.795205e-05 |   2.484182e-05 |
|   2.000000e-03 |   9.999827e-01 |   9.999684e-01 |   9.999857e-01 |   9.999814e-01 |   4.887625e-05 |   2.403483e-05 |
|   4.000000e-03 |   9.999825e-01 |   9.999680e-01 |   9.999856e-01 |   9.999813e-01 |   4.933873e-05 |   2.362634e-05 |
|   6.000000e-03 |   9.999824e-01 |   9.999677e-01 |   9.999855e-01 |   9.999811e-01 |   4.967686e-05 |   2.331536e-05 |
+----------------+----------------+----------------+----------------+----------------+----------------+----------------+
+----------------+----------------+----------------+------------------+----------------+----------------+
| time           | mass           | mass_reaction  | outflow_gradient | platen_max     | platen_min     |
+----------------+----------------+----------------+------------------+----------------+----------------+
|   0.000000e+00 |   1.000000e-02 |   0.000000e+00 |     0.000000e+00 |  -4.182484e-06 |  -4.182484e-06 |
|   2.000000e-03 |   9.999832e-03 |  -8.414571e-05 |     7.315247e-05 |  -4.263183e-06 |  -4.263183e-06 |
|   4.000000e-03 |   9.999747e-03 |  -4.259439e-05 |     4.205569e-05 |  -4.304033e-06 |  -4.304033e-06 |
|   6.000000e-03 |   9.999682e-03 |  -3.242600e-05 |     3.220428e-05 |  -4.335131e-06 |  -4.335131e-06 |
+----------------+----------------+----------------+------------------+----------------+----------------+
+----------------+--------------------+--------------------+----------------+----------------+----------------+
| time           | solid_fraction_max | solid_fraction_min | stability_max  | stability_min  | top_reaction   |
+----------------+--------------------+--------------------+----------------+----------------+----------------+
|   0.000000e+00 |       8.999989e-01 |       8.999989e-01 |   2.500000e+00 |   2.500000e+00 |   0.000000e+00 |
|   2.000000e-03 |       9.000155e-01 |       8.999989e-01 |   2.500000e+00 |   2.500000e+00 |  -1.000000e-04 |
|   4.000000e-03 |       9.000159e-01 |       8.999989e-01 |   2.500000e+00 |   2.500000e+00 |  -1.000000e-04 |
|   6.000000e-03 |       9.000160e-01 |       8.999989e-01 |   2.500000e+00 |   2.500000e+00 |  -1.000000e-04 |
+----------------+--------------------+--------------------+----------------+----------------+----------------+


Time Step 4, time = 0.008, dt = 0.002
 * Nonlinear |R| = [32m4.662607e-06[39m (Before preset BCs, predictors, correctors, and constraints)
 0 Nonlinear |R| = [32m4.662607e-06[39m
      0 Linear |R| = [32m4.662607e-06[39m
      1 Linear |R| = [32m8.760768e-07[39m
      2 Linear |R| = [32m6.182814e-07[39m
      3 Linear |R| = [32m5.771326e-07[39m
      4 Linear |R| = [32m4.379527e-07[39m
      5 Linear |R| = [32m3.848929e-07[39m
      6 Linear |R| = [33m3.697456e-07[39m
      7 Linear |R| = [32m3.468251e-07[39m
      8 Linear |R| = [32m3.162255e-07[39m
      9 Linear |R| = [32m2.976090e-07[39m
     10 Linear |R| = [32m2.264960e-07[39m
     11 Linear |R| = [32m2.043598e-07[39m
     12 Linear |R| = [32m1.734702e-07[39m
     13 Linear |R| = [32m1.344818e-07[39m
     14 Linear |R| = [32m1.192919e-07[39m
     15 Linear |R| = [32m7.399934e-08[39m
     16 Linear |R| = [32m6.976760e-08[39m
     17 Linear |R| = [32m4.510925e-08[39m
     18 Linear |R| = [32m3.612336e-08[39m
     19 Linear |R| = [32m3.129784e-08[39m
     20 Linear |R| = [32m2.383268e-08[39m
     21 Linear |R| = [32m2.233442e-08[39m
     22 Linear |R| = [32m1.402983e-08[39m
     23 Linear |R| = [33m1.395023e-08[39m
     24 Linear |R| = [32m7.015609e-09[39m
     25 Linear |R| = [32m6.357970e-09[39m
     26 Linear |R| = [32m3.153324e-09[39m
     27 Linear |R| = [33m3.010557e-09[39m
     28 Linear |R| = [32m1.459872e-09[39m
     29 Linear |R| = [32m1.092516e-09[39m
     30 Linear |R| = [32m8.500788e-10[39m
     31 Linear |R| = [32m6.845294e-10[39m
     32 Linear |R| = [33m6.530306e-10[39m
     33 Linear |R| = [33m6.438466e-10[39m
     34 Linear |R| = [32m5.816897e-10[39m
     35 Linear |R| = [33m5.776404e-10[39m
     36 Linear |R| = [32m5.362080e-10[39m
     37 Linear |R| = [32m4.584212e-10[39m
     38 Linear |R| = [33m4.555747e-10[39m
     39 Linear |R| = [32m3.998308e-10[39m
     40 Linear |R| = [32m3.548493e-10[39m
     41 Linear |R| = [32m3.055696e-10[39m
     42 Linear |R| = [33m3.026330e-10[39m
     43 Linear |R| = [32m2.245254e-10[39m
     44 Linear |R| = [33m2.163728e-10[39m
     45 Linear |R| = [32m1.448255e-10[39m
     46 Linear |R| = [33m1.446638e-10[39m
     47 Linear |R| = [32m1.175596e-10[39m
     48 Linear |R| = [32m1.107275e-10[39m
     49 Linear |R| = [32m8.634601e-11[39m
     50 Linear |R| = [32m5.820142e-11[39m
     51 Linear |R| = [33m5.656878e-11[39m
     52 Linear |R| = [32m3.192581e-11[39m
     53 Linear |R| = [33m3.192554e-11[39m
     54 Linear |R| = [32m1.741644e-11[39m
     55 Linear |R| = [33m1.736800e-11[39m
     56 Linear |R| = [32m1.170589e-11[39m
     57 Linear |R| = [33m1.158776e-11[39m
     58 Linear |R| = [32m9.002565e-12[39m
     59 Linear |R| = [32m7.817720e-12[39m
     60 Linear |R| = [32m3.731506e-12[39m
     61 Linear |R| = [33m3.662015e-12[39m
     62 Linear |R| = [33m3.571795e-12[39m
     63 Linear |R| = [33m3.566465e-12[39m
     64 Linear |R| = [32m3.090332e-12[39m
     65 Linear |R| = [33m3.058761e-12[39m
     66 Linear |R| = [33m3.057858e-12[39m
     67 Linear |R| = [33m2.976519e-12[39m
     68 Linear |R| = [33m2.937173e-12[39m
     69 Linear |R| = [32m2.617032e-12[39m
     70 Linear |R| = [32m2.457777e-12[39m
     71 Linear |R| = [32m1.970041e-12[39m
     72 Linear |R| = [33m1.968016e-12[39m
     73 Linear |R| = [32m1.505327e-12[39m
     74 Linear |R| = [33m1.465397e-12[39m
     75 Linear |R| = [32m1.176149e-12[39m
     76 Linear |R| = [32m1.084318e-12[39m
     77 Linear |R| = [32m8.456156e-13[39m
     78 Linear |R| = [32m6.284361e-13[39m
     79 Linear |R| = [32m5.758934e-13[39m
     80 Linear |R| = [32m4.617461e-13[39m
     81 Linear |R| = [32m3.534475e-13[39m
     82 Linear |R| = [32m2.017050e-13[39m
     83 Linear |R| = [32m1.850028e-13[39m
     84 Linear |R| = [32m1.102357e-13[39m
     85 Linear |R| = [32m1.021570e-13[39m
     86 Linear |R| = [32m5.681232e-14[39m
     87 Linear |R| = [33m5.581532e-14[39m
     88 Linear |R| = [32m2.543330e-14[39m
     89 Linear |R| = [32m2.312290e-14[39m
     90 Linear |R| = [31m1.437399e-13[39m
     91 Linear |R| = [32m1.106374e-13[39m
     92 Linear |R| = [32m1.046478e-13[39m
     93 Linear |R| = [32m5.327982e-14[39m
     94 Linear |R| = [32m4.668767e-14[39m
     95 Linear |R| = [33m4.666156e-14[39m
     96 Linear |R| = [33m4.652732e-14[39m
     97 Linear |R| = [32m3.764180e-14[39m
     98 Linear |R| = [32m2.897445e-14[39m
     99 Linear |R| = [32m2.698173e-14[39m
    100 Linear |R| = [32m2.328907e-14[39m
    101 Linear |R| = [32m1.716400e-14[39m
    102 Linear |R| = [33m1.681606e-14[39m
    103 Linear |R| = [32m1.275747e-14[39m
    104 Linear |R| = [32m1.159899e-14[39m
    105 Linear |R| = [32m8.913878e-15[39m
    106 Linear |R| = [33m8.604234e-15[39m
    107 Linear |R| = [32m5.832106e-15[39m
    108 Linear |R| = [32m5.416007e-15[39m
    109 Linear |R| = [32m4.158014e-15[39m
 1 Nonlinear |R| = [32m1.343366e-13[39m
[32m Solve Converged![39m

Postprocessor Values:
+----------------+----------------+----------------+----------------+----------------+----------------+----------------+
| time           | J_max          | J_min          | Jbar_max       | Jbar_min       | center_pressure| edge_ux        |
+----------------+----------------+----------------+----------------+----------------+----------------+----------------+
|   0.000000e+00 |   9.999830e-01 |   9.999830e-01 |   9.999818e-01 |   9.999818e-01 |   4.795205e-05 |   2.484182e-05 |
|   2.000000e-03 |   9.999827e-01 |   9.999684e-01 |   9.999857e-01 |   9.999814e-01 |   4.887625e-05 |   2.403483e-05 |
|   4.000000e-03 |   9.999825e-01 |   9.999680e-01 |   9.999856e-01 |   9.999813e-01 |   4.933873e-05 |   2.362634e-05 |
|   6.000000e-03 |   9.999824e-01 |   9.999677e-01 |   9.999855e-01 |   9.999811e-01 |   4.967686e-05 |   2.331536e-05 |
|   8.000000e-03 |   9.999823e-01 |   9.999674e-01 |   9.999854e-01 |   9.999810e-01 |   4.993537e-05 |   2.305343e-05 |
+----------------+----------------+----------------+----------------+----------------+----------------+----------------+
+----------------+----------------+----------------+------------------+----------------+----------------+
| time           | mass           | mass_reaction  | outflow_gradient | platen_max     | platen_min     |
+----------------+----------------+----------------+------------------+----------------+----------------+
|   0.000000e+00 |   1.000000e-02 |   0.000000e+00 |     0.000000e+00 |  -4.182484e-06 |  -4.182484e-06 |
|   2.000000e-03 |   9.999832e-03 |  -8.414571e-05 |     7.315247e-05 |  -4.263183e-06 |  -4.263183e-06 |
|   4.000000e-03 |   9.999747e-03 |  -4.259439e-05 |     4.205569e-05 |  -4.304033e-06 |  -4.304033e-06 |
|   6.000000e-03 |   9.999682e-03 |  -3.242600e-05 |     3.220428e-05 |  -4.335131e-06 |  -4.335131e-06 |
|   8.000000e-03 |   9.999627e-03 |  -2.731130e-05 |     2.716901e-05 |  -4.361324e-06 |  -4.361324e-06 |
+----------------+----------------+----------------+------------------+----------------+----------------+
+----------------+--------------------+--------------------+----------------+----------------+----------------+
| time           | solid_fraction_max | solid_fraction_min | stability_max  | stability_min  | top_reaction   |
+----------------+--------------------+--------------------+----------------+----------------+----------------+
|   0.000000e+00 |       8.999989e-01 |       8.999989e-01 |   2.500000e+00 |   2.500000e+00 |   0.000000e+00 |
|   2.000000e-03 |       9.000155e-01 |       8.999989e-01 |   2.500000e+00 |   2.500000e+00 |  -1.000000e-04 |
|   4.000000e-03 |       9.000159e-01 |       8.999989e-01 |   2.500000e+00 |   2.500000e+00 |  -1.000000e-04 |
|   6.000000e-03 |       9.000160e-01 |       8.999989e-01 |   2.500000e+00 |   2.500000e+00 |  -1.000000e-04 |
|   8.000000e-03 |       9.000162e-01 |       8.999989e-01 |   2.500000e+00 |   2.500000e+00 |  -1.000000e-04 |
+----------------+--------------------+--------------------+----------------+----------------+----------------+


Time Step 5, time = 0.01, dt = 0.002
 * Nonlinear |R| = [32m3.616838e-06[39m (Before preset BCs, predictors, correctors, and constraints)
 0 Nonlinear |R| = [32m3.616838e-06[39m
      0 Linear |R| = [32m3.616838e-06[39m
      1 Linear |R| = [32m7.638917e-07[39m
      2 Linear |R| = [32m5.347107e-07[39m
      3 Linear |R| = [32m4.987301e-07[39m
      4 Linear |R| = [32m3.860085e-07[39m
      5 Linear |R| = [32m3.388118e-07[39m
      6 Linear |R| = [33m3.254206e-07[39m
      7 Linear |R| = [32m3.020900e-07[39m
      8 Linear |R| = [32m2.739910e-07[39m
      9 Linear |R| = [32m2.453733e-07[39m
     10 Linear |R| = [32m1.885825e-07[39m
     11 Linear |R| = [32m1.707150e-07[39m
     12 Linear |R| = [32m1.401158e-07[39m
     13 Linear |R| = [32m1.121317e-07[39m
     14 Linear |R| = [32m9.792990e-08[39m
     15 Linear |R| = [32m6.312678e-08[39m
     16 Linear |R| = [32m5.886383e-08[39m
     17 Linear |R| = [32m3.916434e-08[39m
     18 Linear |R| = [32m3.113900e-08[39m
     19 Linear |R| = [32m2.732761e-08[39m
     20 Linear |R| = [32m2.067257e-08[39m
     21 Linear |R| = [32m1.951994e-08[39m
     22 Linear |R| = [32m1.210093e-08[39m
     23 Linear |R| = [33m1.206982e-08[39m
     24 Linear |R| = [32m6.103581e-09[39m
     25 Linear |R| = [32m5.463591e-09[39m
     26 Linear |R| = [32m2.738393e-09[39m
     27 Linear |R| = [32m2.577354e-09[39m
     28 Linear |R| = [32m1.275681e-09[39m
     29 Linear |R| = [32m9.209130e-10[39m
     30 Linear |R| = [32m7.394128e-10[39m
     31 Linear |R| = [32m6.091256e-10[39m
     32 Linear |R| = [32m5.667737e-10[39m
     33 Linear |R| = [33m5.560941e-10[39m
     34 Linear |R| = [32m4.984597e-10[39m
     35 Linear |R| = [33m4.977623e-10[39m
     36 Linear |R| = [32m4.516987e-10[39m
     37 Linear |R| = [32m3.809464e-10[39m
     38 Linear |R| = [33m3.790344e-10[39m
     39 Linear |R| = [32m3.360634e-10[39m
     40 Linear |R| = [32m3.104799e-10[39m
     41 Linear |R| = [32m2.734844e-10[39m
     42 Linear |R| = [33m2.708333e-10[39m
     43 Linear |R| = [32m1.990924e-10[39m
     44 Linear |R| = [33m1.950229e-10[39m
     45 Linear |R| = [32m1.278866e-10[39m
     46 Linear |R| = [33m1.248406e-10[39m
     47 Linear |R| = [32m1.034194e-10[39m
     48 Linear |R| = [32m9.576975e-11[39m
     49 Linear |R| = [32m7.508505e-11[39m
     50 Linear |R| = [32m5.197364e-11[39m
     51 Linear |R| = [33m4.979608e-11[39m
     52 Linear |R| = [32m2.739652e-11[39m
     53 Linear |R| = [33m2.739252e-11[39m
     54 Linear |R| = [32m1.507392e-11[39m
     55 Linear |R| = [33m1.500388e-11[39m
     56 Linear |R| = [32m9.971845e-12[39m
     57 Linear |R| = [33m9.836518e-12[39m
     58 Linear |R| = [32m7.748677e-12[39m
     59 Linear |R| = [32m6.732818e-12[39m
     60 Linear |R| = [32m3.224926e-12[39m
     61 Linear |R| = [33m3.173378e-12[39m
     62 Linear |R| = [33m3.104711e-12[39m
     63 Linear |R| = [33m3.099765e-12[39m
     64 Linear |R| = [32m2.692527e-12[39m
     65 Linear |R| = [33m2.664384e-12[39m
     66 Linear |R| = [33m2.664175e-12[39m
     67 Linear |R| = [33m2.598297e-12[39m
     68 Linear |R| = [33m2.564782e-12[39m
     69 Linear |R| = [32m2.254334e-12[39m
     70 Linear |R| = [33m2.152439e-12[39m
     71 Linear |R| = [32m1.739495e-12[39m
     72 Linear |R| = [33m1.736436e-12[39m
     73 Linear |R| = [32m1.314825e-12[39m
     74 Linear |R| = [33m1.269333e-12[39m
     75 Linear |R| = [32m1.026722e-12[39m
     76 Linear |R| = [32m9.555573e-13[39m
     77 Linear |R| = [32m7.437693e-13[39m
     78 Linear |R| = [32m6.304843e-13[39m
     79 Linear |R| = [32m5.048663e-13[39m
     80 Linear |R| = [32m4.017959e-13[39m
     81 Linear |R| = [32m3.038355e-13[39m
     82 Linear |R| = [32m1.860106e-13[39m
     83 Linear |R| = [32m1.587378e-13[39m
     84 Linear |R| = [32m9.953043e-14[39m
     85 Linear |R| = [32m8.850752e-14[39m
     86 Linear |R| = [32m4.899106e-14[39m
     87 Linear |R| = [33m4.790652e-14[39m
     88 Linear |R| = [32m2.243960e-14[39m
     89 Linear |R| = [32m1.998885e-14[39m
     90 Linear |R| = [31m1.149652e-13[39m
     91 Linear |R| = [32m5.241414e-14[39m
     92 Linear |R| = [32m4.879797e-14[39m
     93 Linear |R| = [32m4.026318e-14[39m
     94 Linear |R| = [32m3.215180e-14[39m
     95 Linear |R| = [32m2.158361e-14[39m
     96 Linear |R| = [32m2.007398e-14[39m
     97 Linear |R| = [32m1.576589e-14[39m
     98 Linear |R| = [32m1.485333e-14[39m
     99 Linear |R| = [33m1.485154e-14[39m
    100 Linear |R| = [33m1.483098e-14[39m
    101 Linear |R| = [32m1.405708e-14[39m
    102 Linear |R| = [33m1.386393e-14[39m
    103 Linear |R| = [32m9.399207e-15[39m
    104 Linear |R| = [32m8.872085e-15[39m
    105 Linear |R| = [32m7.039546e-15[39m
    106 Linear |R| = [32m6.594739e-15[39m
    107 Linear |R| = [32m5.035618e-15[39m
    108 Linear |R| = [32m4.443753e-15[39m
    109 Linear |R| = [32m2.873253e-15[39m
 1 Nonlinear |R| = [32m1.095841e-13[39m
[32m Solve Converged![39m

Postprocessor Values:
+----------------+----------------+----------------+----------------+----------------+----------------+----------------+
| time           | J_max          | J_min          | Jbar_max       | Jbar_min       | center_pressure| edge_ux        |
+----------------+----------------+----------------+----------------+----------------+----------------+----------------+
|   0.000000e+00 |   9.999830e-01 |   9.999830e-01 |   9.999818e-01 |   9.999818e-01 |   4.795205e-05 |   2.484182e-05 |
|   2.000000e-03 |   9.999827e-01 |   9.999684e-01 |   9.999857e-01 |   9.999814e-01 |   4.887625e-05 |   2.403483e-05 |
|   4.000000e-03 |   9.999825e-01 |   9.999680e-01 |   9.999856e-01 |   9.999813e-01 |   4.933873e-05 |   2.362634e-05 |
|   6.000000e-03 |   9.999824e-01 |   9.999677e-01 |   9.999855e-01 |   9.999811e-01 |   4.967686e-05 |   2.331536e-05 |
|   8.000000e-03 |   9.999823e-01 |   9.999674e-01 |   9.999854e-01 |   9.999810e-01 |   4.993537e-05 |   2.305343e-05 |
|   1.000000e-02 |   9.999822e-01 |   9.999673e-01 |   9.999853e-01 |   9.999809e-01 |   5.012332e-05 |   2.282218e-05 |
+----------------+----------------+----------------+----------------+----------------+----------------+----------------+
+----------------+----------------+----------------+------------------+----------------+----------------+
| time           | mass           | mass_reaction  | outflow_gradient | platen_max     | platen_min     |
+----------------+----------------+----------------+------------------+----------------+----------------+
|   0.000000e+00 |   1.000000e-02 |   0.000000e+00 |     0.000000e+00 |  -4.182484e-06 |  -4.182484e-06 |
|   2.000000e-03 |   9.999832e-03 |  -8.414571e-05 |     7.315247e-05 |  -4.263183e-06 |  -4.263183e-06 |
|   4.000000e-03 |   9.999747e-03 |  -4.259439e-05 |     4.205569e-05 |  -4.304033e-06 |  -4.304033e-06 |
|   6.000000e-03 |   9.999682e-03 |  -3.242600e-05 |     3.220428e-05 |  -4.335131e-06 |  -4.335131e-06 |
|   8.000000e-03 |   9.999627e-03 |  -2.731130e-05 |     2.716901e-05 |  -4.361324e-06 |  -4.361324e-06 |
|   1.000000e-02 |   9.999579e-03 |  -2.411266e-05 |     2.400449e-05 |  -4.384449e-06 |  -4.384449e-06 |
+----------------+----------------+----------------+------------------+----------------+----------------+
+----------------+--------------------+--------------------+----------------+----------------+----------------+
| time           | solid_fraction_max | solid_fraction_min | stability_max  | stability_min  | top_reaction   |
+----------------+--------------------+--------------------+----------------+----------------+----------------+
|   0.000000e+00 |       8.999989e-01 |       8.999989e-01 |   2.500000e+00 |   2.500000e+00 |   0.000000e+00 |
|   2.000000e-03 |       9.000155e-01 |       8.999989e-01 |   2.500000e+00 |   2.500000e+00 |  -1.000000e-04 |
|   4.000000e-03 |       9.000159e-01 |       8.999989e-01 |   2.500000e+00 |   2.500000e+00 |  -1.000000e-04 |
|   6.000000e-03 |       9.000160e-01 |       8.999989e-01 |   2.500000e+00 |   2.500000e+00 |  -1.000000e-04 |
|   8.000000e-03 |       9.000162e-01 |       8.999989e-01 |   2.500000e+00 |   2.500000e+00 |  -1.000000e-04 |
|   1.000000e-02 |       9.000163e-01 |       8.999989e-01 |   2.500000e+00 |   2.500000e+00 |  -1.000000e-04 |
+----------------+--------------------+--------------------+----------------+----------------+----------------+


Time Step 6, time = 0.012, dt = 0.002
 * Nonlinear |R| = [32m3.002137e-06[39m (Before preset BCs, predictors, correctors, and constraints)
 0 Nonlinear |R| = [32m3.002137e-06[39m
      0 Linear |R| = [32m3.002137e-06[39m
      1 Linear |R| = [32m6.815266e-07[39m
      2 Linear |R| = [32m4.898109e-07[39m
      3 Linear |R| = [32m4.547324e-07[39m
      4 Linear |R| = [32m3.500346e-07[39m
      5 Linear |R| = [32m3.069618e-07[39m
      6 Linear |R| = [33m2.942369e-07[39m
      7 Linear |R| = [32m2.737970e-07[39m
      8 Linear |R| = [32m2.459462e-07[39m
      9 Linear |R| = [32m2.266205e-07[39m
     10 Linear |R| = [32m1.628767e-07[39m
     11 Linear |R| = [32m1.485560e-07[39m
     12 Linear |R| = [32m1.171204e-07[39m
     13 Linear |R| = [32m9.673512e-08[39m
     14 Linear |R| = [32m8.266862e-08[39m
     15 Linear |R| = [32m5.550809e-08[39m
     16 Linear |R| = [32m5.097738e-08[39m
     17 Linear |R| = [32m3.499644e-08[39m
     18 Linear |R| = [32m2.752383e-08[39m
     19 Linear |R| = [32m2.453444e-08[39m
     20 Linear |R| = [32m1.842110e-08[39m
     21 Linear |R| = [33m1.755141e-08[39m
     22 Linear |R| = [32m1.077418e-08[39m
     23 Linear |R| = [33m1.076868e-08[39m
     24 Linear |R| = [32m5.473725e-09[39m
     25 Linear |R| = [32m4.825214e-09[39m
     26 Linear |R| = [32m2.460498e-09[39m
     27 Linear |R| = [32m2.285972e-09[39m
     28 Linear |R| = [32m1.158234e-09[39m
     29 Linear |R| = [32m8.146768e-10[39m
     30 Linear |R| = [32m6.689095e-10[39m
     31 Linear |R| = [32m5.607288e-10[39m
     32 Linear |R| = [32m5.160410e-10[39m
     33 Linear |R| = [33m5.070912e-10[39m
     34 Linear |R| = [32m4.489040e-10[39m
     35 Linear |R| = [33m4.485650e-10[39m
     36 Linear |R| = [32m4.042939e-10[39m
     37 Linear |R| = [32m3.394219e-10[39m
     38 Linear |R| = [33m3.376893e-10[39m
     39 Linear |R| = [32m3.026169e-10[39m
     40 Linear |R| = [32m2.800677e-10[39m
     41 Linear |R| = [32m2.496693e-10[39m
     42 Linear |R| = [33m2.495101e-10[39m
     43 Linear |R| = [32m1.853699e-10[39m
     44 Linear |R| = [33m1.796561e-10[39m
     45 Linear |R| = [32m1.170937e-10[39m
     46 Linear |R| = [33m1.146434e-10[39m
     47 Linear |R| = [32m9.419504e-11[39m
     48 Linear |R| = [32m8.830299e-11[39m
     49 Linear |R| = [32m6.808488e-11[39m
     50 Linear |R| = [32m4.883637e-11[39m
     51 Linear |R| = [32m4.576811e-11[39m
     52 Linear |R| = [32m2.625824e-11[39m
     53 Linear |R| = [33m2.594618e-11[39m
     54 Linear |R| = [32m1.413341e-11[39m
     55 Linear |R| = [33m1.390080e-11[39m
     56 Linear |R| = [32m9.195377e-12[39m
     57 Linear |R| = [33m9.178618e-12[39m
     58 Linear |R| = [32m7.079772e-12[39m
     59 Linear |R| = [32m6.421221e-12[39m
     60 Linear |R| = [32m2.978002e-12[39m
     61 Linear |R| = [33m2.937879e-12[39m
     62 Linear |R| = [33m2.883011e-12[39m
     63 Linear |R| = [33m2.878957e-12[39m
     64 Linear |R| = [32m2.535814e-12[39m
     65 Linear |R| = [33m2.512049e-12[39m
     66 Linear |R| = [33m2.510931e-12[39m
     67 Linear |R| = [33m2.453656e-12[39m
     68 Linear |R| = [33m2.413740e-12[39m
     69 Linear |R| = [32m2.128269e-12[39m
     70 Linear |R| = [32m2.009055e-12[39m
     71 Linear |R| = [32m1.624777e-12[39m
     72 Linear |R| = [33m1.619275e-12[39m
     73 Linear |R| = [32m1.224883e-12[39m
     74 Linear |R| = [33m1.187089e-12[39m
     75 Linear |R| = [32m9.611430e-13[39m
     76 Linear |R| = [32m8.966464e-13[39m
     77 Linear |R| = [32m6.975008e-13[39m
     78 Linear |R| = [32m5.764817e-13[39m
     79 Linear |R| = [32m4.721102e-13[39m
     80 Linear |R| = [32m3.814573e-13[39m
     81 Linear |R| = [32m2.817066e-13[39m
     82 Linear |R| = [32m1.563192e-13[39m
     83 Linear |R| = [32m1.448304e-13[39m
     84 Linear |R| = [32m8.090443e-14[39m
     85 Linear |R| = [33m7.878806e-14[39m
     86 Linear |R| = [32m4.362777e-14[39m
     87 Linear |R| = [33m4.336086e-14[39m
     88 Linear |R| = [32m2.116382e-14[39m
     89 Linear |R| = [32m1.881314e-14[39m
     90 Linear |R| = [31m9.459028e-14[39m
     91 Linear |R| = [32m4.362248e-14[39m
     92 Linear |R| = [32m3.256139e-14[39m
     93 Linear |R| = [32m2.770498e-14[39m
     94 Linear |R| = [33m2.744444e-14[39m
     95 Linear |R| = [33m2.733273e-14[39m
     96 Linear |R| = [33m2.713343e-14[39m
     97 Linear |R| = [32m1.697107e-14[39m
     98 Linear |R| = [33m1.686874e-14[39m
     99 Linear |R| = [32m1.548220e-14[39m
    100 Linear |R| = [32m1.421374e-14[39m
    101 Linear |R| = [32m1.047334e-14[39m
    102 Linear |R| = [32m9.234225e-15[39m
    103 Linear |R| = [32m7.716773e-15[39m
    104 Linear |R| = [32m7.027732e-15[39m
    105 Linear |R| = [32m5.761150e-15[39m
    106 Linear |R| = [32m5.415458e-15[39m
    107 Linear |R| = [32m3.740993e-15[39m
    108 Linear |R| = [33m3.575408e-15[39m
    109 Linear |R| = [32m2.291481e-15[39m
 1 Nonlinear |R| = [32m9.279200e-14[39m
[32m Solve Converged![39m

Postprocessor Values:
+----------------+----------------+----------------+----------------+----------------+----------------+----------------+
| time           | J_max          | J_min          | Jbar_max       | Jbar_min       | center_pressure| edge_ux        |
+----------------+----------------+----------------+----------------+----------------+----------------+----------------+
|   0.000000e+00 |   9.999830e-01 |   9.999830e-01 |   9.999818e-01 |   9.999818e-01 |   4.795205e-05 |   2.484182e-05 |
|   2.000000e-03 |   9.999827e-01 |   9.999684e-01 |   9.999857e-01 |   9.999814e-01 |   4.887625e-05 |   2.403483e-05 |
|   4.000000e-03 |   9.999825e-01 |   9.999680e-01 |   9.999856e-01 |   9.999813e-01 |   4.933873e-05 |   2.362634e-05 |
|   6.000000e-03 |   9.999824e-01 |   9.999677e-01 |   9.999855e-01 |   9.999811e-01 |   4.967686e-05 |   2.331536e-05 |
|   8.000000e-03 |   9.999823e-01 |   9.999674e-01 |   9.999854e-01 |   9.999810e-01 |   4.993537e-05 |   2.305343e-05 |
|   1.000000e-02 |   9.999822e-01 |   9.999673e-01 |   9.999853e-01 |   9.999809e-01 |   5.012332e-05 |   2.282218e-05 |
|   1.200000e-02 |   9.999820e-01 |   9.999671e-01 |   9.999853e-01 |   9.999808e-01 |   5.024036e-05 |   2.261240e-05 |
+----------------+----------------+----------------+----------------+----------------+----------------+----------------+
+----------------+----------------+----------------+------------------+----------------+----------------+
| time           | mass           | mass_reaction  | outflow_gradient | platen_max     | platen_min     |
+----------------+----------------+----------------+------------------+----------------+----------------+
|   0.000000e+00 |   1.000000e-02 |   0.000000e+00 |     0.000000e+00 |  -4.182484e-06 |  -4.182484e-06 |
|   2.000000e-03 |   9.999832e-03 |  -8.414571e-05 |     7.315247e-05 |  -4.263183e-06 |  -4.263183e-06 |
|   4.000000e-03 |   9.999747e-03 |  -4.259439e-05 |     4.205569e-05 |  -4.304033e-06 |  -4.304033e-06 |
|   6.000000e-03 |   9.999682e-03 |  -3.242600e-05 |     3.220428e-05 |  -4.335131e-06 |  -4.335131e-06 |
|   8.000000e-03 |   9.999627e-03 |  -2.731130e-05 |     2.716901e-05 |  -4.361324e-06 |  -4.361324e-06 |
|   1.000000e-02 |   9.999579e-03 |  -2.411266e-05 |     2.400449e-05 |  -4.384449e-06 |  -4.384449e-06 |
|   1.200000e-02 |   9.999535e-03 |  -2.187403e-05 |     2.178478e-05 |  -4.405427e-06 |  -4.405427e-06 |
+----------------+----------------+----------------+------------------+----------------+----------------+
+----------------+--------------------+--------------------+----------------+----------------+----------------+
| time           | solid_fraction_max | solid_fraction_min | stability_max  | stability_min  | top_reaction   |
+----------------+--------------------+--------------------+----------------+----------------+----------------+
|   0.000000e+00 |       8.999989e-01 |       8.999989e-01 |   2.500000e+00 |   2.500000e+00 |   0.000000e+00 |
|   2.000000e-03 |       9.000155e-01 |       8.999989e-01 |   2.500000e+00 |   2.500000e+00 |  -1.000000e-04 |
|   4.000000e-03 |       9.000159e-01 |       8.999989e-01 |   2.500000e+00 |   2.500000e+00 |  -1.000000e-04 |
|   6.000000e-03 |       9.000160e-01 |       8.999989e-01 |   2.500000e+00 |   2.500000e+00 |  -1.000000e-04 |
|   8.000000e-03 |       9.000162e-01 |       8.999989e-01 |   2.500000e+00 |   2.500000e+00 |  -1.000000e-04 |
|   1.000000e-02 |       9.000163e-01 |       8.999989e-01 |   2.500000e+00 |   2.500000e+00 |  -1.000000e-04 |
|   1.200000e-02 |       9.000164e-01 |       8.999989e-01 |   2.500000e+00 |   2.500000e+00 |  -1.000000e-04 |
+----------------+--------------------+--------------------+----------------+----------------+----------------+


Time Step 7, time = 0.014, dt = 0.002
 * Nonlinear |R| = [32m2.592988e-06[39m (Before preset BCs, predictors, correctors, and constraints)
 0 Nonlinear |R| = [32m2.592988e-06[39m
      0 Linear |R| = [32m2.592988e-06[39m
      1 Linear |R| = [32m6.166207e-07[39m
      2 Linear |R| = [32m4.629709e-07[39m
      3 Linear |R| = [32m4.269494e-07[39m
      4 Linear |R| = [32m3.233550e-07[39m
      5 Linear |R| = [32m2.833978e-07[39m
      6 Linear |R| = [33m2.707971e-07[39m
      7 Linear |R| = [32m2.546168e-07[39m
      8 Linear |R| = [32m2.259232e-07[39m
      9 Linear |R| = [33m2.165946e-07[39m
     10 Linear |R| = [32m1.439656e-07[39m
     11 Linear |R| = [32m1.326616e-07[39m
     12 Linear |R| = [32m1.000938e-07[39m
     13 Linear |R| = [32m8.523800e-08[39m
     14 Linear |R| = [32m7.100469e-08[39m
     15 Linear |R| = [32m4.970991e-08[39m
     16 Linear |R| = [32m4.479378e-08[39m
     17 Linear |R| = [32m3.181751e-08[39m
     18 Linear |R| = [32m2.469246e-08[39m
     19 Linear |R| = [32m2.240234e-08[39m
     20 Linear |R| = [32m1.668151e-08[39m
     21 Linear |R| = [33m1.605420e-08[39m
     22 Linear |R| = [32m9.768028e-09[39m
     23 Linear |R| = [33m9.766950e-09[39m
     24 Linear |R| = [32m4.996754e-09[39m
     25 Linear |R| = [32m4.319053e-09[39m
     26 Linear |R| = [32m2.254149e-09[39m
     27 Linear |R| = [32m2.063634e-09[39m
     28 Linear |R| = [32m1.074874e-09[39m
     29 Linear |R| = [32m7.354059e-10[39m
     30 Linear |R| = [32m6.177196e-10[39m
     31 Linear |R| = [32m5.273841e-10[39m
     32 Linear |R| = [32m4.836293e-10[39m
     33 Linear |R| = [33m4.763669e-10[39m
     34 Linear |R| = [32m4.141207e-10[39m
     35 Linear |R| = [33m4.136014e-10[39m
     36 Linear |R| = [32m3.734254e-10[39m
     37 Linear |R| = [32m3.133736e-10[39m
     38 Linear |R| = [33m3.114922e-10[39m
     39 Linear |R| = [32m2.811246e-10[39m
     40 Linear |R| = [32m2.582428e-10[39m
     41 Linear |R| = [32m2.320338e-10[39m
     42 Linear |R| = [33m2.283612e-10[39m
     43 Linear |R| = [32m1.754631e-10[39m
     44 Linear |R| = [32m1.642603e-10[39m
     45 Linear |R| = [32m1.086223e-10[39m
     46 Linear |R| = [33m1.076016e-10[39m
     47 Linear |R| = [32m8.748676e-11[39m
     48 Linear |R| = [33m8.343631e-11[39m
     49 Linear |R| = [32m6.284613e-11[39m
     50 Linear |R| = [32m4.686723e-11[39m
     51 Linear |R| = [32m4.277048e-11[39m
     52 Linear |R| = [32m2.564749e-11[39m
     53 Linear |R| = [33m2.461285e-11[39m
     54 Linear |R| = [32m1.343014e-11[39m
     55 Linear |R| = [33m1.304107e-11[39m
     56 Linear |R| = [32m8.611578e-12[39m
     57 Linear |R| = [33m8.610318e-12[39m
     58 Linear |R| = [32m6.556326e-12[39m
     59 Linear |R| = [32m6.105719e-12[39m
     60 Linear |R| = [32m2.792497e-12[39m
     61 Linear |R| = [33m2.760490e-12[39m
     62 Linear |R| = [33m2.714467e-12[39m
     63 Linear |R| = [33m2.709520e-12[39m
     64 Linear |R| = [32m2.389661e-12[39m
     65 Linear |R| = [33m2.367984e-12[39m
     66 Linear |R| = [33m2.366375e-12[39m
     67 Linear |R| = [33m2.317484e-12[39m
     68 Linear |R| = [33m2.274159e-12[39m
     69 Linear |R| = [32m1.994638e-12[39m
     70 Linear |R| = [32m1.890759e-12[39m
     71 Linear |R| = [32m1.527567e-12[39m
     72 Linear |R| = [33m1.523360e-12[39m
     73 Linear |R| = [32m1.151690e-12[39m
     74 Linear |R| = [33m1.112017e-12[39m
     75 Linear |R| = [32m9.028404e-13[39m
     76 Linear |R| = [32m8.411575e-13[39m
     77 Linear |R| = [32m6.565307e-13[39m
     78 Linear |R| = [32m5.479304e-13[39m
     79 Linear |R| = [32m4.417288e-13[39m
     80 Linear |R| = [32m3.577763e-13[39m
     81 Linear |R| = [32m2.658104e-13[39m
     82 Linear |R| = [32m1.443237e-13[39m
     83 Linear |R| = [33m1.381140e-13[39m
     84 Linear |R| = [32m6.992890e-14[39m
     85 Linear |R| = [33m6.990417e-14[39m
     86 Linear |R| = [32m3.863212e-14[39m
     87 Linear |R| = [33m3.861893e-14[39m
     88 Linear |R| = [32m1.926989e-14[39m
     89 Linear |R| = [32m1.739680e-14[39m
     90 Linear |R| = [31m7.923790e-14[39m
     91 Linear |R| = [32m4.144225e-14[39m
     92 Linear |R| = [33m4.047342e-14[39m
     93 Linear |R| = [32m2.196227e-14[39m
     94 Linear |R| = [32m2.022163e-14[39m
     95 Linear |R| = [33m2.017954e-14[39m
     96 Linear |R| = [32m1.846023e-14[39m
     97 Linear |R| = [33m1.840786e-14[39m
     98 Linear |R| = [32m1.303883e-14[39m
     99 Linear |R| = [32m1.123958e-14[39m
    100 Linear |R| = [33m1.072057e-14[39m
    101 Linear |R| = [32m8.725512e-15[39m
    102 Linear |R| = [33m8.577396e-15[39m
    103 Linear |R| = [32m6.371036e-15[39m
    104 Linear |R| = [32m5.895390e-15[39m
    105 Linear |R| = [32m3.961479e-15[39m
    106 Linear |R| = [33m3.935875e-15[39m
    107 Linear |R| = [32m2.667245e-15[39m
    108 Linear |R| = [33m2.636832e-15[39m
    109 Linear |R| = [32m1.771349e-15[39m
 1 Nonlinear |R| = [32m8.707449e-14[39m
[32m Solve Converged![39m

Postprocessor Values:
+----------------+----------------+----------------+----------------+----------------+----------------+----------------+
| time           | J_max          | J_min          | Jbar_max       | Jbar_min       | center_pressure| edge_ux        |
+----------------+----------------+----------------+----------------+----------------+----------------+----------------+
|   0.000000e+00 |   9.999830e-01 |   9.999830e-01 |   9.999818e-01 |   9.999818e-01 |   4.795205e-05 |   2.484182e-05 |
|   2.000000e-03 |   9.999827e-01 |   9.999684e-01 |   9.999857e-01 |   9.999814e-01 |   4.887625e-05 |   2.403483e-05 |
|   4.000000e-03 |   9.999825e-01 |   9.999680e-01 |   9.999856e-01 |   9.999813e-01 |   4.933873e-05 |   2.362634e-05 |
|   6.000000e-03 |   9.999824e-01 |   9.999677e-01 |   9.999855e-01 |   9.999811e-01 |   4.967686e-05 |   2.331536e-05 |
|   8.000000e-03 |   9.999823e-01 |   9.999674e-01 |   9.999854e-01 |   9.999810e-01 |   4.993537e-05 |   2.305343e-05 |
|   1.000000e-02 |   9.999822e-01 |   9.999673e-01 |   9.999853e-01 |   9.999809e-01 |   5.012332e-05 |   2.282218e-05 |
|   1.200000e-02 |   9.999820e-01 |   9.999671e-01 |   9.999853e-01 |   9.999808e-01 |   5.024036e-05 |   2.261240e-05 |
|   1.400000e-02 |   9.999819e-01 |   9.999669e-01 |   9.999852e-01 |   9.999808e-01 |   5.028440e-05 |   2.241871e-05 |
+----------------+----------------+----------------+----------------+----------------+----------------+----------------+
+----------------+----------------+----------------+------------------+----------------+----------------+
| time           | mass           | mass_reaction  | outflow_gradient | platen_max     | platen_min     |
+----------------+----------------+----------------+------------------+----------------+----------------+
|   0.000000e+00 |   1.000000e-02 |   0.000000e+00 |     0.000000e+00 |  -4.182484e-06 |  -4.182484e-06 |
|   2.000000e-03 |   9.999832e-03 |  -8.414571e-05 |     7.315247e-05 |  -4.263183e-06 |  -4.263183e-06 |
|   4.000000e-03 |   9.999747e-03 |  -4.259439e-05 |     4.205569e-05 |  -4.304033e-06 |  -4.304033e-06 |
|   6.000000e-03 |   9.999682e-03 |  -3.242600e-05 |     3.220428e-05 |  -4.335131e-06 |  -4.335131e-06 |
|   8.000000e-03 |   9.999627e-03 |  -2.731130e-05 |     2.716901e-05 |  -4.361324e-06 |  -4.361324e-06 |
|   1.000000e-02 |   9.999579e-03 |  -2.411266e-05 |     2.400449e-05 |  -4.384449e-06 |  -4.384449e-06 |
|   1.200000e-02 |   9.999535e-03 |  -2.187403e-05 |     2.178478e-05 |  -4.405427e-06 |  -4.405427e-06 |
|   1.400000e-02 |   9.999495e-03 |  -2.019581e-05 |     2.011863e-05 |  -4.424795e-06 |  -4.424795e-06 |
+----------------+----------------+----------------+------------------+----------------+----------------+
+----------------+--------------------+--------------------+----------------+----------------+----------------+
| time           | solid_fraction_max | solid_fraction_min | stability_max  | stability_min  | top_reaction   |
+----------------+--------------------+--------------------+----------------+----------------+----------------+
|   0.000000e+00 |       8.999989e-01 |       8.999989e-01 |   2.500000e+00 |   2.500000e+00 |   0.000000e+00 |
|   2.000000e-03 |       9.000155e-01 |       8.999989e-01 |   2.500000e+00 |   2.500000e+00 |  -1.000000e-04 |
|   4.000000e-03 |       9.000159e-01 |       8.999989e-01 |   2.500000e+00 |   2.500000e+00 |  -1.000000e-04 |
|   6.000000e-03 |       9.000160e-01 |       8.999989e-01 |   2.500000e+00 |   2.500000e+00 |  -1.000000e-04 |
|   8.000000e-03 |       9.000162e-01 |       8.999989e-01 |   2.500000e+00 |   2.500000e+00 |  -1.000000e-04 |
|   1.000000e-02 |       9.000163e-01 |       8.999989e-01 |   2.500000e+00 |   2.500000e+00 |  -1.000000e-04 |
|   1.200000e-02 |       9.000164e-01 |       8.999989e-01 |   2.500000e+00 |   2.500000e+00 |  -1.000000e-04 |
|   1.400000e-02 |       9.000165e-01 |       8.999990e-01 |   2.500000e+00 |   2.500000e+00 |  -1.000000e-04 |
+----------------+--------------------+--------------------+----------------+----------------+----------------+


Time Step 8, time = 0.016, dt = 0.002
 * Nonlinear |R| = [32m2.299859e-06[39m (Before preset BCs, predictors, correctors, and constraints)
 0 Nonlinear |R| = [32m2.299859e-06[39m
      0 Linear |R| = [32m2.299859e-06[39m
      1 Linear |R| = [32m5.631933e-07[39m
      2 Linear |R| = [32m4.451775e-07[39m
      3 Linear |R| = [32m4.075851e-07[39m
      4 Linear |R| = [32m3.026307e-07[39m
      5 Linear |R| = [32m2.651719e-07[39m
      6 Linear |R| = [33m2.523799e-07[39m
      7 Linear |R| = [33m2.409217e-07[39m
      8 Linear |R| = [32m2.108543e-07[39m
      9 Linear |R| = [33m2.065273e-07[39m
     10 Linear |R| = [32m1.293549e-07[39m
     11 Linear |R| = [32m1.206324e-07[39m
     12 Linear |R| = [32m8.692170e-08[39m
     13 Linear |R| = [32m7.622571e-08[39m
     14 Linear |R| = [32m6.173403e-08[39m
     15 Linear |R| = [32m4.507850e-08[39m
     16 Linear |R| = [32m3.972711e-08[39m
     17 Linear |R| = [32m2.926202e-08[39m
     18 Linear |R| = [32m2.237875e-08[39m
     19 Linear |R| = [32m2.068581e-08[39m
     20 Linear |R| = [32m1.527267e-08[39m
     21 Linear |R| = [33m1.485062e-08[39m
     22 Linear |R| = [32m8.963271e-09[39m
     23 Linear |R| = [33m8.942544e-09[39m
     24 Linear |R| = [32m4.615218e-09[39m
     25 Linear |R| = [32m3.891844e-09[39m
     26 Linear |R| = [32m2.091055e-09[39m
     27 Linear |R| = [32m1.879744e-09[39m
     28 Linear |R| = [32m1.011397e-09[39m
     29 Linear |R| = [32m6.689334e-10[39m
     30 Linear |R| = [32m5.767504e-10[39m
     31 Linear |R| = [32m5.031655e-10[39m
     32 Linear |R| = [32m4.590329e-10[39m
     33 Linear |R| = [33m4.531393e-10[39m
     34 Linear |R| = [32m3.859745e-10[39m
     35 Linear |R| = [33m3.851312e-10[39m
     36 Linear |R| = [32m3.489767e-10[39m
     37 Linear |R| = [32m2.936970e-10[39m
     38 Linear |R| = [33m2.921942e-10[39m
     39 Linear |R| = [32m2.641182e-10[39m
     40 Linear |R| = [32m2.417577e-10[39m
     41 Linear |R| = [32m2.204658e-10[39m
     42 Linear |R| = [32m1.792078e-10[39m
     43 Linear |R| = [32m1.671162e-10[39m
     44 Linear |R| = [32m1.288438e-10[39m
     45 Linear |R| = [32m1.009288e-10[39m
     46 Linear |R| = [33m1.008885e-10[39m
     47 Linear |R| = [32m8.184487e-11[39m
     48 Linear |R| = [33m7.931970e-11[39m
     49 Linear |R| = [32m5.844662e-11[39m
     50 Linear |R| = [32m4.528630e-11[39m
     51 Linear |R| = [32m4.017691e-11[39m
     52 Linear |R| = [32m2.476335e-11[39m
     53 Linear |R| = [32m2.319311e-11[39m
     54 Linear |R| = [32m1.275711e-11[39m
     55 Linear |R| = [33m1.226406e-11[39m
     56 Linear |R| = [32m8.055163e-12[39m
     57 Linear |R| = [33m8.042748e-12[39m
     58 Linear |R| = [32m6.088602e-12[39m
     59 Linear |R| = [32m5.738744e-12[39m
     60 Linear |R| = [32m2.633451e-12[39m
     61 Linear |R| = [33m2.604234e-12[39m
     62 Linear |R| = [33m2.563829e-12[39m
     63 Linear |R| = [33m2.558872e-12[39m
     64 Linear |R| = [32m2.263089e-12[39m
     65 Linear |R| = [33m2.242999e-12[39m
     66 Linear |R| = [33m2.242332e-12[39m
     67 Linear |R| = [33m2.194567e-12[39m
     68 Linear |R| = [33m2.157486e-12[39m
     69 Linear |R| = [32m1.897400e-12[39m
     70 Linear |R| = [32m1.791101e-12[39m
     71 Linear |R| = [32m1.446408e-12[39m
     72 Linear |R| = [33m1.441162e-12[39m
     73 Linear |R| = [32m1.087150e-12[39m
     74 Linear |R| = [33m1.050108e-12[39m
     75 Linear |R| = [32m8.594179e-13[39m
     76 Linear |R| = [32m7.968062e-13[39m
     77 Linear |R| = [32m6.228955e-13[39m
     78 Linear |R| = [32m5.240963e-13[39m
     79 Linear |R| = [32m4.181839e-13[39m
     80 Linear |R| = [32m3.363316e-13[39m
     81 Linear |R| = [32m2.553994e-13[39m
     82 Linear |R| = [32m1.366535e-13[39m
     83 Linear |R| = [33m1.339628e-13[39m
     84 Linear |R| = [32m6.355995e-14[39m
     85 Linear |R| = [33m6.327958e-14[39m
     86 Linear |R| = [32m3.427683e-14[39m
     87 Linear |R| = [32m3.250289e-14[39m
     88 Linear |R| = [32m1.393130e-14[39m
     89 Linear |R| = [33m1.379227e-14[39m
     90 Linear |R| = [31m7.651731e-14[39m
     91 Linear |R| = [32m3.464989e-14[39m
     92 Linear |R| = [32m2.830046e-14[39m
     93 Linear |R| = [32m2.407705e-14[39m
     94 Linear |R| = [33m2.406455e-14[39m
     95 Linear |R| = [32m1.845927e-14[39m
     96 Linear |R| = [32m1.736472e-14[39m
     97 Linear |R| = [32m1.580022e-14[39m
     98 Linear |R| = [32m1.399762e-14[39m
     99 Linear |R| = [32m1.214817e-14[39m
    100 Linear |R| = [33m1.202325e-14[39m
    101 Linear |R| = [32m9.973981e-15[39m
    102 Linear |R| = [32m8.460954e-15[39m
    103 Linear |R| = [32m7.160163e-15[39m
    104 Linear |R| = [32m6.166792e-15[39m
    105 Linear |R| = [32m4.856057e-15[39m
    106 Linear |R| = [32m4.142893e-15[39m
    107 Linear |R| = [32m3.772928e-15[39m
    108 Linear |R| = [32m2.978612e-15[39m
    109 Linear |R| = [32m2.222375e-15[39m
 1 Nonlinear |R| = [32m7.332420e-14[39m
[32m Solve Converged![39m

Postprocessor Values:
+----------------+----------------+----------------+----------------+----------------+----------------+----------------+
| time           | J_max          | J_min          | Jbar_max       | Jbar_min       | center_pressure| edge_ux        |
+----------------+----------------+----------------+----------------+----------------+----------------+----------------+
|   0.000000e+00 |   9.999830e-01 |   9.999830e-01 |   9.999818e-01 |   9.999818e-01 |   4.795205e-05 |   2.484182e-05 |
|   2.000000e-03 |   9.999827e-01 |   9.999684e-01 |   9.999857e-01 |   9.999814e-01 |   4.887625e-05 |   2.403483e-05 |
|   4.000000e-03 |   9.999825e-01 |   9.999680e-01 |   9.999856e-01 |   9.999813e-01 |   4.933873e-05 |   2.362634e-05 |
|   6.000000e-03 |   9.999824e-01 |   9.999677e-01 |   9.999855e-01 |   9.999811e-01 |   4.967686e-05 |   2.331536e-05 |
|   8.000000e-03 |   9.999823e-01 |   9.999674e-01 |   9.999854e-01 |   9.999810e-01 |   4.993537e-05 |   2.305343e-05 |
|   1.000000e-02 |   9.999822e-01 |   9.999673e-01 |   9.999853e-01 |   9.999809e-01 |   5.012332e-05 |   2.282218e-05 |
|   1.200000e-02 |   9.999820e-01 |   9.999671e-01 |   9.999853e-01 |   9.999808e-01 |   5.024036e-05 |   2.261240e-05 |
|   1.400000e-02 |   9.999819e-01 |   9.999669e-01 |   9.999852e-01 |   9.999808e-01 |   5.028440e-05 |   2.241871e-05 |
|   1.600000e-02 |   9.999818e-01 |   9.999668e-01 |   9.999852e-01 |   9.999807e-01 |   5.025450e-05 |   2.223767e-05 |
+----------------+----------------+----------------+----------------+----------------+----------------+----------------+
+----------------+----------------+----------------+------------------+----------------+----------------+
| time           | mass           | mass_reaction  | outflow_gradient | platen_max     | platen_min     |
+----------------+----------------+----------------+------------------+----------------+----------------+
|   0.000000e+00 |   1.000000e-02 |   0.000000e+00 |     0.000000e+00 |  -4.182484e-06 |  -4.182484e-06 |
|   2.000000e-03 |   9.999832e-03 |  -8.414571e-05 |     7.315247e-05 |  -4.263183e-06 |  -4.263183e-06 |
|   4.000000e-03 |   9.999747e-03 |  -4.259439e-05 |     4.205569e-05 |  -4.304033e-06 |  -4.304033e-06 |
|   6.000000e-03 |   9.999682e-03 |  -3.242600e-05 |     3.220428e-05 |  -4.335131e-06 |  -4.335131e-06 |
|   8.000000e-03 |   9.999627e-03 |  -2.731130e-05 |     2.716901e-05 |  -4.361324e-06 |  -4.361324e-06 |
|   1.000000e-02 |   9.999579e-03 |  -2.411266e-05 |     2.400449e-05 |  -4.384449e-06 |  -4.384449e-06 |
|   1.200000e-02 |   9.999535e-03 |  -2.187403e-05 |     2.178478e-05 |  -4.405427e-06 |  -4.405427e-06 |
|   1.400000e-02 |   9.999495e-03 |  -2.019581e-05 |     2.011863e-05 |  -4.424795e-06 |  -4.424795e-06 |
|   1.600000e-02 |   9.999457e-03 |  -1.887789e-05 |     1.880912e-05 |  -4.442900e-06 |  -4.442900e-06 |
+----------------+----------------+----------------+------------------+----------------+----------------+
+----------------+--------------------+--------------------+----------------+----------------+----------------+
| time           | solid_fraction_max | solid_fraction_min | stability_max  | stability_min  | top_reaction   |
+----------------+--------------------+--------------------+----------------+----------------+----------------+
|   0.000000e+00 |       8.999989e-01 |       8.999989e-01 |   2.500000e+00 |   2.500000e+00 |   0.000000e+00 |
|   2.000000e-03 |       9.000155e-01 |       8.999989e-01 |   2.500000e+00 |   2.500000e+00 |  -1.000000e-04 |
|   4.000000e-03 |       9.000159e-01 |       8.999989e-01 |   2.500000e+00 |   2.500000e+00 |  -1.000000e-04 |
|   6.000000e-03 |       9.000160e-01 |       8.999989e-01 |   2.500000e+00 |   2.500000e+00 |  -1.000000e-04 |
|   8.000000e-03 |       9.000162e-01 |       8.999989e-01 |   2.500000e+00 |   2.500000e+00 |  -1.000000e-04 |
|   1.000000e-02 |       9.000163e-01 |       8.999989e-01 |   2.500000e+00 |   2.500000e+00 |  -1.000000e-04 |
|   1.200000e-02 |       9.000164e-01 |       8.999989e-01 |   2.500000e+00 |   2.500000e+00 |  -1.000000e-04 |
|   1.400000e-02 |       9.000165e-01 |       8.999990e-01 |   2.500000e+00 |   2.500000e+00 |  -1.000000e-04 |
|   1.600000e-02 |       9.000165e-01 |       8.999991e-01 |   2.500000e+00 |   2.500000e+00 |  -1.000000e-04 |
+----------------+--------------------+--------------------+----------------+----------------+----------------+


Time Step 9, time = 0.018, dt = 0.002
 * Nonlinear |R| = [32m2.079804e-06[39m (Before preset BCs, predictors, correctors, and constraints)
 0 Nonlinear |R| = [32m2.079804e-06[39m
      0 Linear |R| = [32m2.079804e-06[39m
      1 Linear |R| = [32m5.180529e-07[39m
      2 Linear |R| = [32m4.312154e-07[39m
      3 Linear |R| = [32m3.923729e-07[39m
      4 Linear |R| = [32m2.860110e-07[39m
      5 Linear |R| = [32m2.506213e-07[39m
      6 Linear |R| = [32m2.374724e-07[39m
      7 Linear |R| = [33m2.302316e-07[39m
      8 Linear |R| = [32m1.989915e-07[39m
      9 Linear |R| = [33m1.969125e-07[39m
     10 Linear |R| = [32m1.177276e-07[39m
     11 Linear |R| = [32m1.111909e-07[39m
     12 Linear |R| = [32m7.646872e-08[39m
     13 Linear |R| = [32m6.893776e-08[39m
     14 Linear |R| = [32m5.420968e-08[39m
     15 Linear |R| = [32m4.126578e-08[39m
     16 Linear |R| = [32m3.548228e-08[39m
     17 Linear |R| = [32m2.713434e-08[39m
     18 Linear |R| = [32m2.044532e-08[39m
     19 Linear |R| = [32m1.925145e-08[39m
     20 Linear |R| = [32m1.410076e-08[39m
     21 Linear |R| = [33m1.384443e-08[39m
     22 Linear |R| = [32m8.300581e-09[39m
     23 Linear |R| = [33m8.235256e-09[39m
     24 Linear |R| = [32m4.300030e-09[39m
     25 Linear |R| = [32m3.519169e-09[39m
     26 Linear |R| = [32m1.957313e-09[39m
     27 Linear |R| = [32m1.720491e-09[39m
     28 Linear |R| = [32m9.606542e-10[39m
     29 Linear |R| = [32m6.102934e-10[39m
     30 Linear |R| = [32m5.416719e-10[39m
     31 Linear |R| = [32m4.844662e-10[39m
     32 Linear |R| = [32m4.376495e-10[39m
     33 Linear |R| = [33m4.329048e-10[39m
     34 Linear |R| = [32m3.607723e-10[39m
     35 Linear |R| = [33m3.596939e-10[39m
     36 Linear |R| = [32m3.268709e-10[39m
     37 Linear |R| = [32m2.751101e-10[39m
     38 Linear |R| = [33m2.734749e-10[39m
     39 Linear |R| = [32m2.484968e-10[39m
     40 Linear |R| = [32m2.285994e-10[39m
     41 Linear |R| = [32m2.135464e-10[39m
     42 Linear |R| = [33m2.049369e-10[39m
     43 Linear |R| = [32m1.588342e-10[39m
     44 Linear |R| = [32m1.371834e-10[39m
     45 Linear |R| = [32m9.476854e-11[39m
     46 Linear |R| = [33m9.476268e-11[39m
     47 Linear |R| = [32m7.674682e-11[39m
     48 Linear |R| = [33m7.533636e-11[39m
     49 Linear |R| = [32m5.443277e-11[39m
     50 Linear |R| = [32m4.386897e-11[39m
     51 Linear |R| = [32m3.772649e-11[39m
     52 Linear |R| = [32m2.350430e-11[39m
     53 Linear |R| = [32m2.173882e-11[39m
     54 Linear |R| = [32m1.212260e-11[39m
     55 Linear |R| = [33m1.155428e-11[39m
     56 Linear |R| = [32m7.504814e-12[39m
     57 Linear |R| = [33m7.490857e-12[39m
     58 Linear |R| = [32m5.643479e-12[39m
     59 Linear |R| = [32m5.293770e-12[39m
     60 Linear |R| = [32m2.498904e-12[39m
     61 Linear |R| = [33m2.473286e-12[39m
     62 Linear |R| = [33m2.437022e-12[39m
     63 Linear |R| = [33m2.432661e-12[39m
     64 Linear |R| = [32m2.154118e-12[39m
     65 Linear |R| = [33m2.135341e-12[39m
     66 Linear |R| = [33m2.134683e-12[39m
     67 Linear |R| = [33m2.090748e-12[39m
     68 Linear |R| = [33m2.053655e-12[39m
     69 Linear |R| = [32m1.805842e-12[39m
     70 Linear |R| = [32m1.711336e-12[39m
     71 Linear |R| = [32m1.386733e-12[39m
     72 Linear |R| = [33m1.379588e-12[39m
     73 Linear |R| = [32m1.041646e-12[39m
     74 Linear |R| = [33m1.006266e-12[39m
     75 Linear |R| = [32m8.277762e-13[39m
     76 Linear |R| = [32m7.644507e-13[39m
     77 Linear |R| = [32m6.020051e-13[39m
     78 Linear |R| = [32m5.057724e-13[39m
     79 Linear |R| = [32m4.018195e-13[39m
     80 Linear |R| = [32m3.216605e-13[39m
     81 Linear |R| = [32m2.473900e-13[39m
     82 Linear |R| = [32m1.372094e-13[39m
     83 Linear |R| = [33m1.334236e-13[39m
     84 Linear |R| = [32m6.996467e-14[39m
     85 Linear |R| = [32m6.550315e-14[39m
     86 Linear |R| = [32m3.547645e-14[39m
     87 Linear |R| = [33m3.529381e-14[39m
     88 Linear |R| = [32m1.744234e-14[39m
     89 Linear |R| = [32m1.498211e-14[39m
     90 Linear |R| = [31m6.948065e-14[39m
     91 Linear |R| = [32m2.696711e-14[39m
     92 Linear |R| = [32m2.132697e-14[39m
     93 Linear |R| = [33m2.055409e-14[39m
     94 Linear |R| = [33m2.050195e-14[39m
     95 Linear |R| = [33m2.037635e-14[39m
     96 Linear |R| = [33m1.996774e-14[39m
     97 Linear |R| = [32m1.792134e-14[39m
     98 Linear |R| = [32m1.598810e-14[39m
     99 Linear |R| = [32m1.327755e-14[39m
    100 Linear |R| = [33m1.327629e-14[39m
    101 Linear |R| = [32m9.982212e-15[39m
    102 Linear |R| = [33m9.980720e-15[39m
    103 Linear |R| = [32m6.409743e-15[39m
    104 Linear |R| = [33m6.148762e-15[39m
    105 Linear |R| = [32m4.745346e-15[39m
    106 Linear |R| = [33m4.661938e-15[39m
    107 Linear |R| = [32m3.235239e-15[39m
    108 Linear |R| = [32m2.717279e-15[39m
    109 Linear |R| = [32m2.021806e-15[39m
 1 Nonlinear |R| = [32m6.831685e-14[39m
[32m Solve Converged![39m

Postprocessor Values:
+----------------+----------------+----------------+----------------+----------------+----------------+----------------+
| time           | J_max          | J_min          | Jbar_max       | Jbar_min       | center_pressure| edge_ux        |
+----------------+----------------+----------------+----------------+----------------+----------------+----------------+
|   0.000000e+00 |   9.999830e-01 |   9.999830e-01 |   9.999818e-01 |   9.999818e-01 |   4.795205e-05 |   2.484182e-05 |
|   2.000000e-03 |   9.999827e-01 |   9.999684e-01 |   9.999857e-01 |   9.999814e-01 |   4.887625e-05 |   2.403483e-05 |
|   4.000000e-03 |   9.999825e-01 |   9.999680e-01 |   9.999856e-01 |   9.999813e-01 |   4.933873e-05 |   2.362634e-05 |
|   6.000000e-03 |   9.999824e-01 |   9.999677e-01 |   9.999855e-01 |   9.999811e-01 |   4.967686e-05 |   2.331536e-05 |
|   8.000000e-03 |   9.999823e-01 |   9.999674e-01 |   9.999854e-01 |   9.999810e-01 |   4.993537e-05 |   2.305343e-05 |
|   1.000000e-02 |   9.999822e-01 |   9.999673e-01 |   9.999853e-01 |   9.999809e-01 |   5.012332e-05 |   2.282218e-05 |
|   1.200000e-02 |   9.999820e-01 |   9.999671e-01 |   9.999853e-01 |   9.999808e-01 |   5.024036e-05 |   2.261240e-05 |
|   1.400000e-02 |   9.999819e-01 |   9.999669e-01 |   9.999852e-01 |   9.999808e-01 |   5.028440e-05 |   2.241871e-05 |
|   1.600000e-02 |   9.999818e-01 |   9.999668e-01 |   9.999852e-01 |   9.999807e-01 |   5.025450e-05 |   2.223767e-05 |
|   1.800000e-02 |   9.999816e-01 |   9.999667e-01 |   9.999851e-01 |   9.999807e-01 |   5.015183e-05 |   2.206688e-05 |
+----------------+----------------+----------------+----------------+----------------+----------------+----------------+
+----------------+----------------+----------------+------------------+----------------+----------------+
| time           | mass           | mass_reaction  | outflow_gradient | platen_max     | platen_min     |
+----------------+----------------+----------------+------------------+----------------+----------------+
|   0.000000e+00 |   1.000000e-02 |   0.000000e+00 |     0.000000e+00 |  -4.182484e-06 |  -4.182484e-06 |
|   2.000000e-03 |   9.999832e-03 |  -8.414571e-05 |     7.315247e-05 |  -4.263183e-06 |  -4.263183e-06 |
|   4.000000e-03 |   9.999747e-03 |  -4.259439e-05 |     4.205569e-05 |  -4.304033e-06 |  -4.304033e-06 |
|   6.000000e-03 |   9.999682e-03 |  -3.242600e-05 |     3.220428e-05 |  -4.335131e-06 |  -4.335131e-06 |
|   8.000000e-03 |   9.999627e-03 |  -2.731130e-05 |     2.716901e-05 |  -4.361324e-06 |  -4.361324e-06 |
|   1.000000e-02 |   9.999579e-03 |  -2.411266e-05 |     2.400449e-05 |  -4.384449e-06 |  -4.384449e-06 |
|   1.200000e-02 |   9.999535e-03 |  -2.187403e-05 |     2.178478e-05 |  -4.405427e-06 |  -4.405427e-06 |
|   1.400000e-02 |   9.999495e-03 |  -2.019581e-05 |     2.011863e-05 |  -4.424795e-06 |  -4.424795e-06 |
|   1.600000e-02 |   9.999457e-03 |  -1.887789e-05 |     1.880912e-05 |  -4.442900e-06 |  -4.442900e-06 |
|   1.800000e-02 |   9.999421e-03 |  -1.780762e-05 |     1.774509e-05 |  -4.459978e-06 |  -4.459978e-06 |
+----------------+----------------+----------------+------------------+----------------+----------------+
+----------------+--------------------+--------------------+----------------+----------------+----------------+
| time           | solid_fraction_max | solid_fraction_min | stability_max  | stability_min  | top_reaction   |
+----------------+--------------------+--------------------+----------------+----------------+----------------+
|   0.000000e+00 |       8.999989e-01 |       8.999989e-01 |   2.500000e+00 |   2.500000e+00 |   0.000000e+00 |
|   2.000000e-03 |       9.000155e-01 |       8.999989e-01 |   2.500000e+00 |   2.500000e+00 |  -1.000000e-04 |
|   4.000000e-03 |       9.000159e-01 |       8.999989e-01 |   2.500000e+00 |   2.500000e+00 |  -1.000000e-04 |
|   6.000000e-03 |       9.000160e-01 |       8.999989e-01 |   2.500000e+00 |   2.500000e+00 |  -1.000000e-04 |
|   8.000000e-03 |       9.000162e-01 |       8.999989e-01 |   2.500000e+00 |   2.500000e+00 |  -1.000000e-04 |
|   1.000000e-02 |       9.000163e-01 |       8.999989e-01 |   2.500000e+00 |   2.500000e+00 |  -1.000000e-04 |
|   1.200000e-02 |       9.000164e-01 |       8.999989e-01 |   2.500000e+00 |   2.500000e+00 |  -1.000000e-04 |
|   1.400000e-02 |       9.000165e-01 |       8.999990e-01 |   2.500000e+00 |   2.500000e+00 |  -1.000000e-04 |
|   1.600000e-02 |       9.000165e-01 |       8.999991e-01 |   2.500000e+00 |   2.500000e+00 |  -1.000000e-04 |
|   1.800000e-02 |       9.000166e-01 |       8.999992e-01 |   2.500000e+00 |   2.500000e+00 |  -1.000000e-04 |
+----------------+--------------------+--------------------+----------------+----------------+----------------+


Time Step 10, time = 0.02, dt = 0.002
 * Nonlinear |R| = [32m1.909437e-06[39m (Before preset BCs, predictors, correctors, and constraints)
 0 Nonlinear |R| = [32m1.909437e-06[39m
      0 Linear |R| = [32m1.909437e-06[39m
      1 Linear |R| = [32m4.793326e-07[39m
      2 Linear |R| = [32m4.179823e-07[39m
      3 Linear |R| = [32m3.788720e-07[39m
      4 Linear |R| = [32m2.723816e-07[39m
      5 Linear |R| = [32m2.387192e-07[39m
      6 Linear |R| = [32m2.251653e-07[39m
      7 Linear |R| = [33m2.211076e-07[39m
      8 Linear |R| = [32m1.893547e-07[39m
      9 Linear |R| = [33m1.883561e-07[39m
     10 Linear |R| = [32m1.083082e-07[39m
     11 Linear |R| = [33m1.035781e-07[39m
     12 Linear |R| = [32m6.806946e-08[39m
     13 Linear |R| = [32m6.292890e-08[39m
     14 Linear |R| = [32m4.805450e-08[39m
     15 Linear |R| = [32m3.807103e-08[39m
     16 Linear |R| = [32m3.190133e-08[39m
     17 Linear |R| = [32m2.532184e-08[39m
     18 Linear |R| = [32m1.881429e-08[39m
     19 Linear |R| = [33m1.802126e-08[39m
     20 Linear |R| = [32m1.311211e-08[39m
     21 Linear |R| = [33m1.297939e-08[39m
     22 Linear |R| = [32m7.746180e-09[39m
     23 Linear |R| = [33m7.613971e-09[39m
     24 Linear |R| = [32m4.034568e-09[39m
     25 Linear |R| = [32m3.188880e-09[39m
     26 Linear |R| = [32m1.845065e-09[39m
     27 Linear |R| = [32m1.578958e-09[39m
     28 Linear |R| = [32m9.184878e-10[39m
     29 Linear |R| = [32m5.576497e-10[39m
     30 Linear |R| = [32m5.101118e-10[39m
     31 Linear |R| = [32m4.686719e-10[39m
     32 Linear |R| = [32m4.162664e-10[39m
     33 Linear |R| = [33m4.125238e-10[39m
     34 Linear |R| = [32m3.366185e-10[39m
     35 Linear |R| = [33m3.355691e-10[39m
     36 Linear |R| = [32m3.053523e-10[39m
     37 Linear |R| = [32m2.573289e-10[39m
     38 Linear |R| = [33m2.561891e-10[39m
     39 Linear |R| = [32m2.332393e-10[39m
     40 Linear |R| = [32m2.171074e-10[39m
     41 Linear |R| = [32m2.060899e-10[39m
     42 Linear |R| = [33m2.031107e-10[39m
     43 Linear |R| = [32m1.497355e-10[39m
     44 Linear |R| = [32m1.248751e-10[39m
     45 Linear |R| = [32m8.860411e-11[39m
     46 Linear |R| = [33m8.832029e-11[39m
     47 Linear |R| = [32m7.146965e-11[39m
     48 Linear |R| = [33m7.091802e-11[39m
     49 Linear |R| = [32m5.072180e-11[39m
     50 Linear |R| = [32m4.251033e-11[39m
     51 Linear |R| = [32m3.533256e-11[39m
     52 Linear |R| = [32m2.187203e-11[39m
     53 Linear |R| = [32m2.024823e-11[39m
     54 Linear |R| = [32m1.152955e-11[39m
     55 Linear |R| = [32m1.089006e-11[39m
     56 Linear |R| = [32m6.969236e-12[39m
     57 Linear |R| = [33m6.962412e-12[39m
     58 Linear |R| = [32m5.175298e-12[39m
     59 Linear |R| = [32m4.516881e-12[39m
     60 Linear |R| = [32m2.376251e-12[39m
     61 Linear |R| = [33m2.353778e-12[39m
     62 Linear |R| = [33m2.322438e-12[39m
     63 Linear |R| = [33m2.318223e-12[39m
     64 Linear |R| = [32m2.061010e-12[39m
     65 Linear |R| = [33m2.043440e-12[39m
     66 Linear |R| = [33m2.043058e-12[39m
     67 Linear |R| = [33m1.999882e-12[39m
     68 Linear |R| = [33m1.968528e-12[39m
     69 Linear |R| = [32m1.734672e-12[39m
     70 Linear |R| = [32m1.645785e-12[39m
     71 Linear |R| = [32m1.331445e-12[39m
     72 Linear |R| = [33m1.324527e-12[39m
     73 Linear |R| = [32m1.007481e-12[39m
     74 Linear |R| = [33m9.773559e-13[39m
     75 Linear |R| = [32m8.008967e-13[39m
     76 Linear |R| = [32m7.381862e-13[39m
     77 Linear |R| = [32m5.868055e-13[39m
     78 Linear |R| = [32m4.992999e-13[39m
     79 Linear |R| = [32m3.915366e-13[39m
     80 Linear |R| = [32m3.220162e-13[39m
     81 Linear |R| = [32m2.395554e-13[39m
     82 Linear |R| = [32m1.708603e-13[39m
     83 Linear |R| = [32m1.371979e-13[39m
     84 Linear |R| = [32m7.597756e-14[39m
     85 Linear |R| = [32m6.366569e-14[39m
     86 Linear |R| = [32m3.381240e-14[39m
     87 Linear |R| = [33m3.361890e-14[39m
     88 Linear |R| = [32m1.649486e-14[39m
     89 Linear |R| = [32m1.400127e-14[39m
     90 Linear |R| = [31m5.799982e-14[39m
     91 Linear |R| = [32m2.754651e-14[39m
     92 Linear |R| = [32m2.290601e-14[39m
     93 Linear |R| = [33m2.286449e-14[39m
     94 Linear |R| = [33m2.258256e-14[39m
     95 Linear |R| = [32m1.949612e-14[39m
     96 Linear |R| = [32m1.580210e-14[39m
     97 Linear |R| = [32m1.482987e-14[39m
     98 Linear |R| = [32m1.298414e-14[39m
     99 Linear |R| = [32m1.214017e-14[39m
    100 Linear |R| = [33m1.196362e-14[39m
    101 Linear |R| = [32m5.519757e-15[39m
    102 Linear |R| = [33m5.413580e-15[39m
    103 Linear |R| = [32m3.987593e-15[39m
    104 Linear |R| = [33m3.912173e-15[39m
    105 Linear |R| = [32m2.456907e-15[39m
    106 Linear |R| = [33m2.454373e-15[39m
    107 Linear |R| = [32m1.888589e-15[39m
 1 Nonlinear |R| = [32m5.993006e-14[39m
[32m Solve Converged![39m

Postprocessor Values:
+----------------+----------------+----------------+----------------+----------------+----------------+----------------+
| time           | J_max          | J_min          | Jbar_max       | Jbar_min       | center_pressure| edge_ux        |
+----------------+----------------+----------------+----------------+----------------+----------------+----------------+
|   0.000000e+00 |   9.999830e-01 |   9.999830e-01 |   9.999818e-01 |   9.999818e-01 |   4.795205e-05 |   2.484182e-05 |
|   2.000000e-03 |   9.999827e-01 |   9.999684e-01 |   9.999857e-01 |   9.999814e-01 |   4.887625e-05 |   2.403483e-05 |
|   4.000000e-03 |   9.999825e-01 |   9.999680e-01 |   9.999856e-01 |   9.999813e-01 |   4.933873e-05 |   2.362634e-05 |
|   6.000000e-03 |   9.999824e-01 |   9.999677e-01 |   9.999855e-01 |   9.999811e-01 |   4.967686e-05 |   2.331536e-05 |
|   8.000000e-03 |   9.999823e-01 |   9.999674e-01 |   9.999854e-01 |   9.999810e-01 |   4.993537e-05 |   2.305343e-05 |
|   1.000000e-02 |   9.999822e-01 |   9.999673e-01 |   9.999853e-01 |   9.999809e-01 |   5.012332e-05 |   2.282218e-05 |
|   1.200000e-02 |   9.999820e-01 |   9.999671e-01 |   9.999853e-01 |   9.999808e-01 |   5.024036e-05 |   2.261240e-05 |
|   1.400000e-02 |   9.999819e-01 |   9.999669e-01 |   9.999852e-01 |   9.999808e-01 |   5.028440e-05 |   2.241871e-05 |
|   1.600000e-02 |   9.999818e-01 |   9.999668e-01 |   9.999852e-01 |   9.999807e-01 |   5.025450e-05 |   2.223767e-05 |
|   1.800000e-02 |   9.999816e-01 |   9.999667e-01 |   9.999851e-01 |   9.999807e-01 |   5.015183e-05 |   2.206688e-05 |
|   2.000000e-02 |   9.999814e-01 |   9.999665e-01 |   9.999851e-01 |   9.999806e-01 |   4.997957e-05 |   2.190465e-05 |
+----------------+----------------+----------------+----------------+----------------+----------------+----------------+
+----------------+----------------+----------------+------------------+----------------+----------------+
| time           | mass           | mass_reaction  | outflow_gradient | platen_max     | platen_min     |
+----------------+----------------+----------------+------------------+----------------+----------------+
|   0.000000e+00 |   1.000000e-02 |   0.000000e+00 |     0.000000e+00 |  -4.182484e-06 |  -4.182484e-06 |
|   2.000000e-03 |   9.999832e-03 |  -8.414571e-05 |     7.315247e-05 |  -4.263183e-06 |  -4.263183e-06 |
|   4.000000e-03 |   9.999747e-03 |  -4.259439e-05 |     4.205569e-05 |  -4.304033e-06 |  -4.304033e-06 |
|   6.000000e-03 |   9.999682e-03 |  -3.242600e-05 |     3.220428e-05 |  -4.335131e-06 |  -4.335131e-06 |
|   8.000000e-03 |   9.999627e-03 |  -2.731130e-05 |     2.716901e-05 |  -4.361324e-06 |  -4.361324e-06 |
|   1.000000e-02 |   9.999579e-03 |  -2.411266e-05 |     2.400449e-05 |  -4.384449e-06 |  -4.384449e-06 |
|   1.200000e-02 |   9.999535e-03 |  -2.187403e-05 |     2.178478e-05 |  -4.405427e-06 |  -4.405427e-06 |
|   1.400000e-02 |   9.999495e-03 |  -2.019581e-05 |     2.011863e-05 |  -4.424795e-06 |  -4.424795e-06 |
|   1.600000e-02 |   9.999457e-03 |  -1.887789e-05 |     1.880912e-05 |  -4.442900e-06 |  -4.442900e-06 |
|   1.800000e-02 |   9.999421e-03 |  -1.780762e-05 |     1.774509e-05 |  -4.459978e-06 |  -4.459978e-06 |
|   2.000000e-02 |   9.999387e-03 |  -1.691608e-05 |     1.685837e-05 |  -4.476201e-06 |  -4.476201e-06 |
+----------------+----------------+----------------+------------------+----------------+----------------+
+----------------+--------------------+--------------------+----------------+----------------+----------------+
| time           | solid_fraction_max | solid_fraction_min | stability_max  | stability_min  | top_reaction   |
+----------------+--------------------+--------------------+----------------+----------------+----------------+
|   0.000000e+00 |       8.999989e-01 |       8.999989e-01 |   2.500000e+00 |   2.500000e+00 |   0.000000e+00 |
|   2.000000e-03 |       9.000155e-01 |       8.999989e-01 |   2.500000e+00 |   2.500000e+00 |  -1.000000e-04 |
|   4.000000e-03 |       9.000159e-01 |       8.999989e-01 |   2.500000e+00 |   2.500000e+00 |  -1.000000e-04 |
|   6.000000e-03 |       9.000160e-01 |       8.999989e-01 |   2.500000e+00 |   2.500000e+00 |  -1.000000e-04 |
|   8.000000e-03 |       9.000162e-01 |       8.999989e-01 |   2.500000e+00 |   2.500000e+00 |  -1.000000e-04 |
|   1.000000e-02 |       9.000163e-01 |       8.999989e-01 |   2.500000e+00 |   2.500000e+00 |  -1.000000e-04 |
|   1.200000e-02 |       9.000164e-01 |       8.999989e-01 |   2.500000e+00 |   2.500000e+00 |  -1.000000e-04 |
|   1.400000e-02 |       9.000165e-01 |       8.999990e-01 |   2.500000e+00 |   2.500000e+00 |  -1.000000e-04 |
|   1.600000e-02 |       9.000165e-01 |       8.999991e-01 |   2.500000e+00 |   2.500000e+00 |  -1.000000e-04 |
|   1.800000e-02 |       9.000166e-01 |       8.999992e-01 |   2.500000e+00 |   2.500000e+00 |  -1.000000e-04 |
|   2.000000e-02 |       9.000167e-01 |       8.999993e-01 |   2.500000e+00 |   2.500000e+00 |  -1.000000e-04 |
+----------------+--------------------+--------------------+----------------+----------------+----------------+


Time Step 11, time = 0.022, dt = 0.002
 * Nonlinear |R| = [32m1.774716e-06[39m (Before preset BCs, predictors, correctors, and constraints)
 0 Nonlinear |R| = [32m1.774716e-06[39m
      0 Linear |R| = [32m1.774716e-06[39m
      1 Linear |R| = [32m4.458290e-07[39m
      2 Linear |R| = [32m4.040075e-07[39m
      3 Linear |R| = [32m3.658558e-07[39m
      4 Linear |R| = [32m2.610187e-07[39m
      5 Linear |R| = [32m2.287867e-07[39m
      6 Linear |R| = [32m2.148649e-07[39m
      7 Linear |R| = [33m2.129233e-07[39m
      8 Linear |R| = [32m1.813531e-07[39m
      9 Linear |R| = [33m1.809090e-07[39m
     10 Linear |R| = [32m1.005987e-07[39m
     11 Linear |R| = [33m9.731287e-08[39m
     12 Linear |R| = [32m6.129775e-08[39m
     13 Linear |R| = [32m5.792308e-08[39m
     14 Linear |R| = [32m4.302883e-08[39m
     15 Linear |R| = [32m3.537413e-08[39m
     16 Linear |R| = [32m2.889475e-08[39m
     17 Linear |R| = [32m2.375850e-08[39m
     18 Linear |R| = [32m1.743732e-08[39m
     19 Linear |R| = [33m1.694877e-08[39m
     20 Linear |R| = [32m1.227311e-08[39m
     21 Linear |R| = [33m1.222170e-08[39m
     22 Linear |R| = [32m7.278361e-09[39m
     23 Linear |R| = [33m7.062615e-09[39m
     24 Linear |R| = [32m3.808200e-09[39m
     25 Linear |R| = [32m2.894255e-09[39m
     26 Linear |R| = [32m1.749271e-09[39m
     27 Linear |R| = [32m1.451298e-09[39m
     28 Linear |R| = [32m8.822284e-10[39m
     29 Linear |R| = [32m5.102663e-10[39m
     30 Linear |R| = [32m4.806041e-10[39m
     31 Linear |R| = [32m4.536213e-10[39m
     32 Linear |R| = [32m3.929276e-10[39m
     33 Linear |R| = [33m3.904517e-10[39m
     34 Linear |R| = [32m3.124631e-10[39m
     35 Linear |R| = [33m3.117458e-10[39m
     36 Linear |R| = [32m2.836132e-10[39m
     37 Linear |R| = [32m2.385746e-10[39m
     38 Linear |R| = [33m2.374984e-10[39m
     39 Linear |R| = [32m2.177575e-10[39m
     40 Linear |R| = [32m2.061884e-10[39m
     41 Linear |R| = [33m1.973931e-10[39m
     42 Linear |R| = [33m1.946429e-10[39m
     43 Linear |R| = [32m1.389078e-10[39m
     44 Linear |R| = [32m1.139024e-10[39m
     45 Linear |R| = [32m8.313684e-11[39m
     46 Linear |R| = [33m8.261886e-11[39m
     47 Linear |R| = [32m6.629762e-11[39m
     48 Linear |R| = [33m6.593870e-11[39m
     49 Linear |R| = [32m4.721871e-11[39m
     50 Linear |R| = [32m4.109396e-11[39m
     51 Linear |R| = [32m3.287694e-11[39m
     52 Linear |R| = [32m1.983504e-11[39m
     53 Linear |R| = [32m1.867103e-11[39m
     54 Linear |R| = [32m1.095873e-11[39m
     55 Linear |R| = [32m1.023508e-11[39m
     56 Linear |R| = [32m6.495032e-12[39m
     57 Linear |R| = [33m6.485005e-12[39m
     58 Linear |R| = [32m4.682915e-12[39m
     59 Linear |R| = [32m2.800353e-12[39m
     60 Linear |R| = [32m2.241040e-12[39m
     61 Linear |R| = [33m2.199570e-12[39m
     62 Linear |R| = [33m2.160223e-12[39m
     63 Linear |R| = [33m2.147015e-12[39m
     64 Linear |R| = [32m1.803626e-12[39m
     65 Linear |R| = [33m1.761399e-12[39m
     66 Linear |R| = [33m1.759510e-12[39m
     67 Linear |R| = [33m1.695549e-12[39m
     68 Linear |R| = [33m1.695333e-12[39m
     69 Linear |R| = [32m1.543184e-12[39m
     70 Linear |R| = [33m1.525372e-12[39m
     71 Linear |R| = [32m1.264755e-12[39m
     72 Linear |R| = [33m1.262629e-12[39m
     73 Linear |R| = [32m9.552079e-13[39m
     74 Linear |R| = [32m8.902136e-13[39m
     75 Linear |R| = [32m7.632589e-13[39m
     76 Linear |R| = [32m6.530478e-13[39m
     77 Linear |R| = [32m5.613605e-13[39m
     78 Linear |R| = [32m4.778081e-13[39m
     79 Linear |R| = [32m3.737300e-13[39m
     80 Linear |R| = [32m2.633264e-13[39m
     81 Linear |R| = [32m2.300434e-13[39m
     82 Linear |R| = [32m1.355154e-13[39m
     83 Linear |R| = [33m1.299541e-13[39m
     84 Linear |R| = [32m6.458275e-14[39m
     85 Linear |R| = [32m6.016219e-14[39m
     86 Linear |R| = [32m3.255947e-14[39m
     87 Linear |R| = [33m3.237217e-14[39m
     88 Linear |R| = [32m1.428097e-14[39m
     89 Linear |R| = [32m1.256889e-14[39m
     90 Linear |R| = [31m6.519023e-14[39m
     91 Linear |R| = [32m3.805760e-14[39m
     92 Linear |R| = [33m3.750908e-14[39m
     93 Linear |R| = [32m1.913727e-14[39m
     94 Linear |R| = [32m1.532735e-14[39m
     95 Linear |R| = [32m1.427790e-14[39m
     96 Linear |R| = [33m1.425560e-14[39m
     97 Linear |R| = [33m1.423728e-14[39m
     98 Linear |R| = [33m1.421203e-14[39m
     99 Linear |R| = [32m1.090070e-14[39m
    100 Linear |R| = [32m1.003678e-14[39m
    101 Linear |R| = [32m9.244924e-15[39m
    102 Linear |R| = [32m7.669553e-15[39m
    103 Linear |R| = [32m4.828008e-15[39m
    104 Linear |R| = [32m4.293274e-15[39m
    105 Linear |R| = [32m3.165125e-15[39m
    106 Linear |R| = [32m2.974904e-15[39m
    107 Linear |R| = [32m2.332243e-15[39m
    108 Linear |R| = [32m2.044281e-15[39m
    109 Linear |R| = [32m1.570045e-15[39m
 1 Nonlinear |R| = [32m5.989942e-14[39m
[32m Solve Converged![39m

Postprocessor Values:
+----------------+----------------+----------------+----------------+----------------+----------------+----------------+
| time           | J_max          | J_min          | Jbar_max       | Jbar_min       | center_pressure| edge_ux        |
+----------------+----------------+----------------+----------------+----------------+----------------+----------------+
|   0.000000e+00 |   9.999830e-01 |   9.999830e-01 |   9.999818e-01 |   9.999818e-01 |   4.795205e-05 |   2.484182e-05 |
|   2.000000e-03 |   9.999827e-01 |   9.999684e-01 |   9.999857e-01 |   9.999814e-01 |   4.887625e-05 |   2.403483e-05 |
|   4.000000e-03 |   9.999825e-01 |   9.999680e-01 |   9.999856e-01 |   9.999813e-01 |   4.933873e-05 |   2.362634e-05 |
|   6.000000e-03 |   9.999824e-01 |   9.999677e-01 |   9.999855e-01 |   9.999811e-01 |   4.967686e-05 |   2.331536e-05 |
|   8.000000e-03 |   9.999823e-01 |   9.999674e-01 |   9.999854e-01 |   9.999810e-01 |   4.993537e-05 |   2.305343e-05 |
|   1.000000e-02 |   9.999822e-01 |   9.999673e-01 |   9.999853e-01 |   9.999809e-01 |   5.012332e-05 |   2.282218e-05 |
|   1.200000e-02 |   9.999820e-01 |   9.999671e-01 |   9.999853e-01 |   9.999808e-01 |   5.024036e-05 |   2.261240e-05 |
|   1.400000e-02 |   9.999819e-01 |   9.999669e-01 |   9.999852e-01 |   9.999808e-01 |   5.028440e-05 |   2.241871e-05 |
|   1.600000e-02 |   9.999818e-01 |   9.999668e-01 |   9.999852e-01 |   9.999807e-01 |   5.025450e-05 |   2.223767e-05 |
|   1.800000e-02 |   9.999816e-01 |   9.999667e-01 |   9.999851e-01 |   9.999807e-01 |   5.015183e-05 |   2.206688e-05 |
|   2.000000e-02 |   9.999814e-01 |   9.999665e-01 |   9.999851e-01 |   9.999806e-01 |   4.997957e-05 |   2.190465e-05 |
|   2.200000e-02 |   9.999812e-01 |   9.999664e-01 |   9.999850e-01 |   9.999806e-01 |   4.974249e-05 |   2.174969e-05 |
+----------------+----------------+----------------+----------------+----------------+----------------+----------------+
+----------------+----------------+----------------+------------------+----------------+----------------+
| time           | mass           | mass_reaction  | outflow_gradient | platen_max     | platen_min     |
+----------------+----------------+----------------+------------------+----------------+----------------+
|   0.000000e+00 |   1.000000e-02 |   0.000000e+00 |     0.000000e+00 |  -4.182484e-06 |  -4.182484e-06 |
|   2.000000e-03 |   9.999832e-03 |  -8.414571e-05 |     7.315247e-05 |  -4.263183e-06 |  -4.263183e-06 |
|   4.000000e-03 |   9.999747e-03 |  -4.259439e-05 |     4.205569e-05 |  -4.304033e-06 |  -4.304033e-06 |
|   6.000000e-03 |   9.999682e-03 |  -3.242600e-05 |     3.220428e-05 |  -4.335131e-06 |  -4.335131e-06 |
|   8.000000e-03 |   9.999627e-03 |  -2.731130e-05 |     2.716901e-05 |  -4.361324e-06 |  -4.361324e-06 |
|   1.000000e-02 |   9.999579e-03 |  -2.411266e-05 |     2.400449e-05 |  -4.384449e-06 |  -4.384449e-06 |
|   1.200000e-02 |   9.999535e-03 |  -2.187403e-05 |     2.178478e-05 |  -4.405427e-06 |  -4.405427e-06 |
|   1.400000e-02 |   9.999495e-03 |  -2.019581e-05 |     2.011863e-05 |  -4.424795e-06 |  -4.424795e-06 |
|   1.600000e-02 |   9.999457e-03 |  -1.887789e-05 |     1.880912e-05 |  -4.442900e-06 |  -4.442900e-06 |
|   1.800000e-02 |   9.999421e-03 |  -1.780762e-05 |     1.774509e-05 |  -4.459978e-06 |  -4.459978e-06 |
|   2.000000e-02 |   9.999387e-03 |  -1.691608e-05 |     1.685837e-05 |  -4.476201e-06 |  -4.476201e-06 |
|   2.200000e-02 |   9.999355e-03 |  -1.615842e-05 |     1.610457e-05 |  -4.491698e-06 |  -4.491698e-06 |
+----------------+----------------+----------------+------------------+----------------+----------------+
+----------------+--------------------+--------------------+----------------+----------------+----------------+
| time           | solid_fraction_max | solid_fraction_min | stability_max  | stability_min  | top_reaction   |
+----------------+--------------------+--------------------+----------------+----------------+----------------+
|   0.000000e+00 |       8.999989e-01 |       8.999989e-01 |   2.500000e+00 |   2.500000e+00 |   0.000000e+00 |
|   2.000000e-03 |       9.000155e-01 |       8.999989e-01 |   2.500000e+00 |   2.500000e+00 |  -1.000000e-04 |
|   4.000000e-03 |       9.000159e-01 |       8.999989e-01 |   2.500000e+00 |   2.500000e+00 |  -1.000000e-04 |
|   6.000000e-03 |       9.000160e-01 |       8.999989e-01 |   2.500000e+00 |   2.500000e+00 |  -1.000000e-04 |
|   8.000000e-03 |       9.000162e-01 |       8.999989e-01 |   2.500000e+00 |   2.500000e+00 |  -1.000000e-04 |
|   1.000000e-02 |       9.000163e-01 |       8.999989e-01 |   2.500000e+00 |   2.500000e+00 |  -1.000000e-04 |
|   1.200000e-02 |       9.000164e-01 |       8.999989e-01 |   2.500000e+00 |   2.500000e+00 |  -1.000000e-04 |
|   1.400000e-02 |       9.000165e-01 |       8.999990e-01 |   2.500000e+00 |   2.500000e+00 |  -1.000000e-04 |
|   1.600000e-02 |       9.000165e-01 |       8.999991e-01 |   2.500000e+00 |   2.500000e+00 |  -1.000000e-04 |
|   1.800000e-02 |       9.000166e-01 |       8.999992e-01 |   2.500000e+00 |   2.500000e+00 |  -1.000000e-04 |
|   2.000000e-02 |       9.000167e-01 |       8.999993e-01 |   2.500000e+00 |   2.500000e+00 |  -1.000000e-04 |
|   2.200000e-02 |       9.000167e-01 |       8.999994e-01 |   2.500000e+00 |   2.500000e+00 |  -1.000000e-04 |
+----------------+--------------------+--------------------+----------------+----------------+----------------+


Time Step 12, time = 0.024, dt = 0.002
 * Nonlinear |R| = [32m1.666505e-06[39m (Before preset BCs, predictors, correctors, and constraints)
 0 Nonlinear |R| = [32m1.666505e-06[39m
      0 Linear |R| = [32m1.666505e-06[39m
      1 Linear |R| = [32m4.166886e-07[39m
      2 Linear |R| = [32m3.890083e-07[39m
      3 Linear |R| = [32m3.528958e-07[39m
      4 Linear |R| = [32m2.514187e-07[39m
      5 Linear |R| = [32m2.203515e-07[39m
      6 Linear |R| = [32m2.061459e-07[39m
      7 Linear |R| = [33m2.054431e-07[39m
      8 Linear |R| = [32m1.745881e-07[39m
      9 Linear |R| = [33m1.744286e-07[39m
     10 Linear |R| = [32m9.425061e-08[39m
     11 Linear |R| = [33m9.207515e-08[39m
     12 Linear |R| = [32m5.585263e-08[39m
     13 Linear |R| = [33m5.373947e-08[39m
     14 Linear |R| = [32m3.896209e-08[39m
     15 Linear |R| = [32m3.310108e-08[39m
     16 Linear |R| = [32m2.640491e-08[39m
     17 Linear |R| = [32m2.240684e-08[39m
     18 Linear |R| = [32m1.628086e-08[39m
     19 Linear |R| = [33m1.600741e-08[39m
     20 Linear |R| = [32m1.156059e-08[39m
     21 Linear |R| = [33m1.155124e-08[39m
     22 Linear |R| = [32m6.881597e-09[39m
     23 Linear |R| = [33m6.572744e-09[39m
     24 Linear |R| = [32m3.613427e-09[39m
     25 Linear |R| = [32m2.630997e-09[39m
     26 Linear |R| = [32m1.666379e-09[39m
     27 Linear |R| = [32m1.335194e-09[39m
     28 Linear |R| = [32m8.500863e-10[39m
     29 Linear |R| = [32m4.678890e-10[39m
     30 Linear |R| = [33m4.522115e-10[39m
     31 Linear |R| = [33m4.374093e-10[39m
     32 Linear |R| = [32m3.663642e-10[39m
     33 Linear |R| = [33m3.651618e-10[39m
     34 Linear |R| = [32m2.881241e-10[39m
     35 Linear |R| = [33m2.878210e-10[39m
     36 Linear |R| = [32m2.617879e-10[39m
     37 Linear |R| = [32m2.201071e-10[39m
     38 Linear |R| = [33m2.195252e-10[39m
     39 Linear |R| = [32m2.020088e-10[39m
     40 Linear |R| = [33m1.945855e-10[39m
     41 Linear |R| = [33m1.876781e-10[39m
     42 Linear |R| = [33m1.837333e-10[39m
     43 Linear |R| = [32m1.258929e-10[39m
     44 Linear |R| = [32m1.029807e-10[39m
     45 Linear |R| = [32m7.779386e-11[39m
     46 Linear |R| = [33m7.679724e-11[39m
     47 Linear |R| = [32m5.988926e-11[39m
     48 Linear |R| = [33m5.933885e-11[39m
     49 Linear |R| = [32m4.377870e-11[39m
     50 Linear |R| = [32m3.948091e-11[39m
     51 Linear |R| = [32m3.029933e-11[39m
     52 Linear |R| = [32m1.760964e-11[39m
     53 Linear |R| = [33m1.700511e-11[39m
     54 Linear |R| = [32m1.036946e-11[39m
     55 Linear |R| = [32m9.569002e-12[39m
     56 Linear |R| = [32m6.184295e-12[39m
     57 Linear |R| = [33m6.103171e-12[39m
     58 Linear |R| = [32m4.485111e-12[39m
     59 Linear |R| = [33m4.308717e-12[39m
     60 Linear |R| = [32m2.135506e-12[39m
     61 Linear |R| = [33m2.120288e-12[39m
     62 Linear |R| = [33m2.099252e-12[39m
     63 Linear |R| = [33m2.095091e-12[39m
     64 Linear |R| = [32m1.885882e-12[39m
     65 Linear |R| = [33m1.872410e-12[39m
     66 Linear |R| = [33m1.871851e-12[39m
     67 Linear |R| = [33m1.843900e-12[39m
     68 Linear |R| = [33m1.805476e-12[39m
     69 Linear |R| = [32m1.566536e-12[39m
     70 Linear |R| = [33m1.506073e-12[39m
     71 Linear |R| = [32m1.227054e-12[39m
     72 Linear |R| = [33m1.219386e-12[39m
     73 Linear |R| = [32m9.592705e-13[39m
     74 Linear |R| = [33m9.518173e-13[39m
     75 Linear |R| = [32m7.503758e-13[39m
     76 Linear |R| = [32m6.958641e-13[39m
     77 Linear |R| = [32m5.516114e-13[39m
     78 Linear |R| = [32m5.164219e-13[39m
     79 Linear |R| = [32m3.668668e-13[39m
     80 Linear |R| = [32m3.199042e-13[39m
     81 Linear |R| = [32m2.221785e-13[39m
     82 Linear |R| = [32m1.789172e-13[39m
     83 Linear |R| = [32m1.284449e-13[39m
     84 Linear |R| = [32m7.194639e-14[39m
     85 Linear |R| = [32m5.792341e-14[39m
     86 Linear |R| = [32m3.205125e-14[39m
     87 Linear |R| = [33m3.117295e-14[39m
     88 Linear |R| = [32m1.597668e-14[39m
     89 Linear |R| = [32m1.180608e-14[39m
     90 Linear |R| = [31m5.418103e-14[39m
     91 Linear |R| = [32m2.396017e-14[39m
     92 Linear |R| = [33m2.307643e-14[39m
     93 Linear |R| = [32m1.467884e-14[39m
     94 Linear |R| = [33m1.455509e-14[39m
     95 Linear |R| = [32m1.375109e-14[39m
     96 Linear |R| = [33m1.373351e-14[39m
     97 Linear |R| = [33m1.338904e-14[39m
     98 Linear |R| = [32m1.208558e-14[39m
     99 Linear |R| = [32m1.145692e-14[39m
    100 Linear |R| = [32m1.040273e-14[39m
    101 Linear |R| = [32m6.145583e-15[39m
    102 Linear |R| = [32m5.551938e-15[39m
    103 Linear |R| = [32m4.242004e-15[39m
    104 Linear |R| = [32m3.647932e-15[39m
    105 Linear |R| = [32m3.187031e-15[39m
    106 Linear |R| = [32m2.977428e-15[39m
    107 Linear |R| = [32m2.344838e-15[39m
    108 Linear |R| = [32m1.718538e-15[39m
    109 Linear |R| = [32m1.418044e-15[39m
 1 Nonlinear |R| = [32m5.573663e-14[39m
[32m Solve Converged![39m

Postprocessor Values:
+----------------+----------------+----------------+----------------+----------------+----------------+----------------+
| time           | J_max          | J_min          | Jbar_max       | Jbar_min       | center_pressure| edge_ux        |
+----------------+----------------+----------------+----------------+----------------+----------------+----------------+
|   0.000000e+00 |   9.999830e-01 |   9.999830e-01 |   9.999818e-01 |   9.999818e-01 |   4.795205e-05 |   2.484182e-05 |
|   2.000000e-03 |   9.999827e-01 |   9.999684e-01 |   9.999857e-01 |   9.999814e-01 |   4.887625e-05 |   2.403483e-05 |
|   4.000000e-03 |   9.999825e-01 |   9.999680e-01 |   9.999856e-01 |   9.999813e-01 |   4.933873e-05 |   2.362634e-05 |
|   6.000000e-03 |   9.999824e-01 |   9.999677e-01 |   9.999855e-01 |   9.999811e-01 |   4.967686e-05 |   2.331536e-05 |
|   8.000000e-03 |   9.999823e-01 |   9.999674e-01 |   9.999854e-01 |   9.999810e-01 |   4.993537e-05 |   2.305343e-05 |
|   1.000000e-02 |   9.999822e-01 |   9.999673e-01 |   9.999853e-01 |   9.999809e-01 |   5.012332e-05 |   2.282218e-05 |
|   1.200000e-02 |   9.999820e-01 |   9.999671e-01 |   9.999853e-01 |   9.999808e-01 |   5.024036e-05 |   2.261240e-05 |
|   1.400000e-02 |   9.999819e-01 |   9.999669e-01 |   9.999852e-01 |   9.999808e-01 |   5.028440e-05 |   2.241871e-05 |
|   1.600000e-02 |   9.999818e-01 |   9.999668e-01 |   9.999852e-01 |   9.999807e-01 |   5.025450e-05 |   2.223767e-05 |
|   1.800000e-02 |   9.999816e-01 |   9.999667e-01 |   9.999851e-01 |   9.999807e-01 |   5.015183e-05 |   2.206688e-05 |
|   2.000000e-02 |   9.999814e-01 |   9.999665e-01 |   9.999851e-01 |   9.999806e-01 |   4.997957e-05 |   2.190465e-05 |
|   2.200000e-02 |   9.999812e-01 |   9.999664e-01 |   9.999850e-01 |   9.999806e-01 |   4.974249e-05 |   2.174969e-05 |
|   2.400000e-02 |   9.999810e-01 |   9.999663e-01 |   9.999850e-01 |   9.999806e-01 |   4.944638e-05 |   2.160100e-05 |
+----------------+----------------+----------------+----------------+----------------+----------------+----------------+
+----------------+----------------+----------------+------------------+----------------+----------------+
| time           | mass           | mass_reaction  | outflow_gradient | platen_max     | platen_min     |
+----------------+----------------+----------------+------------------+----------------+----------------+
|   0.000000e+00 |   1.000000e-02 |   0.000000e+00 |     0.000000e+00 |  -4.182484e-06 |  -4.182484e-06 |
|   2.000000e-03 |   9.999832e-03 |  -8.414571e-05 |     7.315247e-05 |  -4.263183e-06 |  -4.263183e-06 |
|   4.000000e-03 |   9.999747e-03 |  -4.259439e-05 |     4.205569e-05 |  -4.304033e-06 |  -4.304033e-06 |
|   6.000000e-03 |   9.999682e-03 |  -3.242600e-05 |     3.220428e-05 |  -4.335131e-06 |  -4.335131e-06 |
|   8.000000e-03 |   9.999627e-03 |  -2.731130e-05 |     2.716901e-05 |  -4.361324e-06 |  -4.361324e-06 |
|   1.000000e-02 |   9.999579e-03 |  -2.411266e-05 |     2.400449e-05 |  -4.384449e-06 |  -4.384449e-06 |
|   1.200000e-02 |   9.999535e-03 |  -2.187403e-05 |     2.178478e-05 |  -4.405427e-06 |  -4.405427e-06 |
|   1.400000e-02 |   9.999495e-03 |  -2.019581e-05 |     2.011863e-05 |  -4.424795e-06 |  -4.424795e-06 |
|   1.600000e-02 |   9.999457e-03 |  -1.887789e-05 |     1.880912e-05 |  -4.442900e-06 |  -4.442900e-06 |
|   1.800000e-02 |   9.999421e-03 |  -1.780762e-05 |     1.774509e-05 |  -4.459978e-06 |  -4.459978e-06 |
|   2.000000e-02 |   9.999387e-03 |  -1.691608e-05 |     1.685837e-05 |  -4.476201e-06 |  -4.476201e-06 |
|   2.200000e-02 |   9.999355e-03 |  -1.615842e-05 |     1.610457e-05 |  -4.491698e-06 |  -4.491698e-06 |
|   2.400000e-02 |   9.999324e-03 |  -1.550399e-05 |     1.545330e-05 |  -4.506567e-06 |  -4.506567e-06 |
+----------------+----------------+----------------+------------------+----------------+----------------+
+----------------+--------------------+--------------------+----------------+----------------+----------------+
| time           | solid_fraction_max | solid_fraction_min | stability_max  | stability_min  | top_reaction   |
+----------------+--------------------+--------------------+----------------+----------------+----------------+
|   0.000000e+00 |       8.999989e-01 |       8.999989e-01 |   2.500000e+00 |   2.500000e+00 |   0.000000e+00 |
|   2.000000e-03 |       9.000155e-01 |       8.999989e-01 |   2.500000e+00 |   2.500000e+00 |  -1.000000e-04 |
|   4.000000e-03 |       9.000159e-01 |       8.999989e-01 |   2.500000e+00 |   2.500000e+00 |  -1.000000e-04 |
|   6.000000e-03 |       9.000160e-01 |       8.999989e-01 |   2.500000e+00 |   2.500000e+00 |  -1.000000e-04 |
|   8.000000e-03 |       9.000162e-01 |       8.999989e-01 |   2.500000e+00 |   2.500000e+00 |  -1.000000e-04 |
|   1.000000e-02 |       9.000163e-01 |       8.999989e-01 |   2.500000e+00 |   2.500000e+00 |  -1.000000e-04 |
|   1.200000e-02 |       9.000164e-01 |       8.999989e-01 |   2.500000e+00 |   2.500000e+00 |  -1.000000e-04 |
|   1.400000e-02 |       9.000165e-01 |       8.999990e-01 |   2.500000e+00 |   2.500000e+00 |  -1.000000e-04 |
|   1.600000e-02 |       9.000165e-01 |       8.999991e-01 |   2.500000e+00 |   2.500000e+00 |  -1.000000e-04 |
|   1.800000e-02 |       9.000166e-01 |       8.999992e-01 |   2.500000e+00 |   2.500000e+00 |  -1.000000e-04 |
|   2.000000e-02 |       9.000167e-01 |       8.999993e-01 |   2.500000e+00 |   2.500000e+00 |  -1.000000e-04 |
|   2.200000e-02 |       9.000167e-01 |       8.999994e-01 |   2.500000e+00 |   2.500000e+00 |  -1.000000e-04 |
|   2.400000e-02 |       9.000168e-01 |       8.999996e-01 |   2.500000e+00 |   2.500000e+00 |  -1.000000e-04 |
+----------------+--------------------+--------------------+----------------+----------------+----------------+


Time Step 13, time = 0.026, dt = 0.002
 * Nonlinear |R| = [32m1.578463e-06[39m (Before preset BCs, predictors, correctors, and constraints)
 0 Nonlinear |R| = [32m1.578463e-06[39m
      0 Linear |R| = [32m1.578463e-06[39m
      1 Linear |R| = [32m3.912547e-07[39m
      2 Linear |R| = [33m3.733591e-07[39m
      3 Linear |R| = [32m3.400058e-07[39m
      4 Linear |R| = [32m2.432105e-07[39m
      5 Linear |R| = [32m2.130725e-07[39m
      6 Linear |R| = [32m1.986811e-07[39m
      7 Linear |R| = [33m1.985606e-07[39m
      8 Linear |R| = [32m1.687724e-07[39m
      9 Linear |R| = [33m1.687416e-07[39m
     10 Linear |R| = [32m8.900187e-08[39m
     11 Linear |R| = [33m8.764329e-08[39m
     12 Linear |R| = [32m5.150024e-08[39m
     13 Linear |R| = [33m5.025047e-08[39m
     14 Linear |R| = [32m3.571555e-08[39m
     15 Linear |R| = [32m3.120233e-08[39m
     16 Linear |R| = [32m2.438389e-08[39m
     17 Linear |R| = [32m2.124622e-08[39m
     18 Linear |R| = [32m1.531774e-08[39m
     19 Linear |R| = [33m1.518297e-08[39m
     20 Linear |R| = [32m1.095651e-08[39m
     21 Linear |R| = [33m1.095597e-08[39m
     22 Linear |R| = [32m6.543658e-09[39m
     23 Linear |R| = [32m6.138988e-09[39m
     24 Linear |R| = [32m3.444548e-09[39m
     25 Linear |R| = [32m2.395985e-09[39m
     26 Linear |R| = [32m1.593747e-09[39m
     27 Linear |R| = [32m1.229284e-09[39m
     28 Linear |R| = [32m8.208709e-10[39m
     29 Linear |R| = [32m4.305656e-10[39m
     30 Linear |R| = [33m4.244604e-10[39m
     31 Linear |R| = [33m4.185294e-10[39m
     32 Linear |R| = [32m3.373762e-10[39m
     33 Linear |R| = [33m3.372544e-10[39m
     34 Linear |R| = [32m2.639584e-10[39m
     35 Linear |R| = [33m2.639073e-10[39m
     36 Linear |R| = [32m2.404918e-10[39m
     37 Linear |R| = [32m2.025001e-10[39m
     38 Linear |R| = [33m2.022966e-10[39m
     39 Linear |R| = [32m1.865998e-10[39m
     40 Linear |R| = [33m1.828834e-10[39m
     41 Linear |R| = [33m1.767442e-10[39m
     42 Linear |R| = [33m1.713429e-10[39m
     43 Linear |R| = [32m1.116315e-10[39m
     44 Linear |R| = [32m9.224371e-11[39m
     45 Linear |R| = [32m7.277870e-11[39m
     46 Linear |R| = [33m7.079516e-11[39m
     47 Linear |R| = [32m5.180670e-11[39m
     48 Linear |R| = [33m4.989472e-11[39m
     49 Linear |R| = [32m4.026767e-11[39m
     50 Linear |R| = [32m3.722683e-11[39m
     51 Linear |R| = [32m2.750537e-11[39m
     52 Linear |R| = [32m1.556925e-11[39m
     53 Linear |R| = [33m1.533462e-11[39m
     54 Linear |R| = [32m9.644399e-12[39m
     55 Linear |R| = [32m8.870658e-12[39m
     56 Linear |R| = [32m6.020261e-12[39m
     57 Linear |R| = [32m5.709839e-12[39m
     58 Linear |R| = [32m4.306550e-12[39m
     59 Linear |R| = [33m4.306369e-12[39m
     60 Linear |R| = [32m2.009506e-12[39m
     61 Linear |R| = [33m1.999532e-12[39m
     62 Linear |R| = [33m1.982011e-12[39m
     63 Linear |R| = [33m1.979712e-12[39m
     64 Linear |R| = [32m1.802616e-12[39m
     65 Linear |R| = [33m1.792831e-12[39m
     66 Linear |R| = [33m1.792345e-12[39m
     67 Linear |R| = [33m1.767290e-12[39m
     68 Linear |R| = [33m1.728137e-12[39m
     69 Linear |R| = [32m1.500597e-12[39m
     70 Linear |R| = [33m1.432101e-12[39m
     71 Linear |R| = [32m1.165410e-12[39m
     72 Linear |R| = [33m1.156331e-12[39m
     73 Linear |R| = [32m9.098882e-13[39m
     74 Linear |R| = [33m9.028888e-13[39m
     75 Linear |R| = [32m7.174937e-13[39m
     76 Linear |R| = [32m6.753674e-13[39m
     77 Linear |R| = [32m5.211330e-13[39m
     78 Linear |R| = [32m4.839728e-13[39m
     79 Linear |R| = [32m3.464816e-13[39m
     80 Linear |R| = [32m3.082515e-13[39m
     81 Linear |R| = [32m2.093177e-13[39m
     82 Linear |R| = [32m1.659541e-13[39m
     83 Linear |R| = [32m1.207917e-13[39m
     84 Linear |R| = [32m6.895934e-14[39m
     85 Linear |R| = [32m5.468061e-14[39m
     86 Linear |R| = [32m3.010448e-14[39m
     87 Linear |R| = [33m2.927075e-14[39m
     88 Linear |R| = [32m1.502250e-14[39m
     89 Linear |R| = [32m1.088620e-14[39m
     90 Linear |R| = [31m5.519062e-14[39m
     91 Linear |R| = [32m3.302127e-14[39m
     92 Linear |R| = [32m2.174361e-14[39m
     93 Linear |R| = [32m1.601224e-14[39m
     94 Linear |R| = [32m1.454054e-14[39m
     95 Linear |R| = [33m1.454050e-14[39m
     96 Linear |R| = [32m9.943443e-15[39m
     97 Linear |R| = [32m8.828318e-15[39m
     98 Linear |R| = [33m8.795357e-15[39m
     99 Linear |R| = [32m8.219523e-15[39m
    100 Linear |R| = [33m8.126036e-15[39m
    101 Linear |R| = [32m6.024691e-15[39m
    102 Linear |R| = [32m5.031823e-15[39m
    103 Linear |R| = [32m3.432145e-15[39m
    104 Linear |R| = [33m3.365675e-15[39m
    105 Linear |R| = [32m2.336397e-15[39m
    106 Linear |R| = [33m2.331871e-15[39m
    107 Linear |R| = [32m1.711933e-15[39m
    108 Linear |R| = [33m1.650244e-15[39m
    109 Linear |R| = [32m1.171441e-15[39m
 1 Nonlinear |R| = [32m5.090787e-14[39m
[32m Solve Converged![39m

Postprocessor Values:
+----------------+----------------+----------------+----------------+----------------+----------------+----------------+
| time           | J_max          | J_min          | Jbar_max       | Jbar_min       | center_pressure| edge_ux        |
+----------------+----------------+----------------+----------------+----------------+----------------+----------------+
|   0.000000e+00 |   9.999830e-01 |   9.999830e-01 |   9.999818e-01 |   9.999818e-01 |   4.795205e-05 |   2.484182e-05 |
|   2.000000e-03 |   9.999827e-01 |   9.999684e-01 |   9.999857e-01 |   9.999814e-01 |   4.887625e-05 |   2.403483e-05 |
|   4.000000e-03 |   9.999825e-01 |   9.999680e-01 |   9.999856e-01 |   9.999813e-01 |   4.933873e-05 |   2.362634e-05 |
|   6.000000e-03 |   9.999824e-01 |   9.999677e-01 |   9.999855e-01 |   9.999811e-01 |   4.967686e-05 |   2.331536e-05 |
|   8.000000e-03 |   9.999823e-01 |   9.999674e-01 |   9.999854e-01 |   9.999810e-01 |   4.993537e-05 |   2.305343e-05 |
|   1.000000e-02 |   9.999822e-01 |   9.999673e-01 |   9.999853e-01 |   9.999809e-01 |   5.012332e-05 |   2.282218e-05 |
|   1.200000e-02 |   9.999820e-01 |   9.999671e-01 |   9.999853e-01 |   9.999808e-01 |   5.024036e-05 |   2.261240e-05 |
|   1.400000e-02 |   9.999819e-01 |   9.999669e-01 |   9.999852e-01 |   9.999808e-01 |   5.028440e-05 |   2.241871e-05 |
|   1.600000e-02 |   9.999818e-01 |   9.999668e-01 |   9.999852e-01 |   9.999807e-01 |   5.025450e-05 |   2.223767e-05 |
|   1.800000e-02 |   9.999816e-01 |   9.999667e-01 |   9.999851e-01 |   9.999807e-01 |   5.015183e-05 |   2.206688e-05 |
|   2.000000e-02 |   9.999814e-01 |   9.999665e-01 |   9.999851e-01 |   9.999806e-01 |   4.997957e-05 |   2.190465e-05 |
|   2.200000e-02 |   9.999812e-01 |   9.999664e-01 |   9.999850e-01 |   9.999806e-01 |   4.974249e-05 |   2.174969e-05 |
|   2.400000e-02 |   9.999810e-01 |   9.999663e-01 |   9.999850e-01 |   9.999806e-01 |   4.944638e-05 |   2.160100e-05 |
|   2.600000e-02 |   9.999808e-01 |   9.999662e-01 |   9.999849e-01 |   9.999806e-01 |   4.909758e-05 |   2.145780e-05 |
+----------------+----------------+----------------+----------------+----------------+----------------+----------------+
+----------------+----------------+----------------+------------------+----------------+----------------+
| time           | mass           | mass_reaction  | outflow_gradient | platen_max     | platen_min     |
+----------------+----------------+----------------+------------------+----------------+----------------+
|   0.000000e+00 |   1.000000e-02 |   0.000000e+00 |     0.000000e+00 |  -4.182484e-06 |  -4.182484e-06 |
|   2.000000e-03 |   9.999832e-03 |  -8.414571e-05 |     7.315247e-05 |  -4.263183e-06 |  -4.263183e-06 |
|   4.000000e-03 |   9.999747e-03 |  -4.259439e-05 |     4.205569e-05 |  -4.304033e-06 |  -4.304033e-06 |
|   6.000000e-03 |   9.999682e-03 |  -3.242600e-05 |     3.220428e-05 |  -4.335131e-06 |  -4.335131e-06 |
|   8.000000e-03 |   9.999627e-03 |  -2.731130e-05 |     2.716901e-05 |  -4.361324e-06 |  -4.361324e-06 |
|   1.000000e-02 |   9.999579e-03 |  -2.411266e-05 |     2.400449e-05 |  -4.384449e-06 |  -4.384449e-06 |
|   1.200000e-02 |   9.999535e-03 |  -2.187403e-05 |     2.178478e-05 |  -4.405427e-06 |  -4.405427e-06 |
|   1.400000e-02 |   9.999495e-03 |  -2.019581e-05 |     2.011863e-05 |  -4.424795e-06 |  -4.424795e-06 |
|   1.600000e-02 |   9.999457e-03 |  -1.887789e-05 |     1.880912e-05 |  -4.442900e-06 |  -4.442900e-06 |
|   1.800000e-02 |   9.999421e-03 |  -1.780762e-05 |     1.774509e-05 |  -4.459978e-06 |  -4.459978e-06 |
|   2.000000e-02 |   9.999387e-03 |  -1.691608e-05 |     1.685837e-05 |  -4.476201e-06 |  -4.476201e-06 |
|   2.200000e-02 |   9.999355e-03 |  -1.615842e-05 |     1.610457e-05 |  -4.491698e-06 |  -4.491698e-06 |
|   2.400000e-02 |   9.999324e-03 |  -1.550399e-05 |     1.545330e-05 |  -4.506567e-06 |  -4.506567e-06 |
|   2.600000e-02 |   9.999294e-03 |  -1.493104e-05 |     1.488299e-05 |  -4.520887e-06 |  -4.520887e-06 |
+----------------+----------------+----------------+------------------+----------------+----------------+
+----------------+--------------------+--------------------+----------------+----------------+----------------+
| time           | solid_fraction_max | solid_fraction_min | stability_max  | stability_min  | top_reaction   |
+----------------+--------------------+--------------------+----------------+----------------+----------------+
|   0.000000e+00 |       8.999989e-01 |       8.999989e-01 |   2.500000e+00 |   2.500000e+00 |   0.000000e+00 |
|   2.000000e-03 |       9.000155e-01 |       8.999989e-01 |   2.500000e+00 |   2.500000e+00 |  -1.000000e-04 |
|   4.000000e-03 |       9.000159e-01 |       8.999989e-01 |   2.500000e+00 |   2.500000e+00 |  -1.000000e-04 |
|   6.000000e-03 |       9.000160e-01 |       8.999989e-01 |   2.500000e+00 |   2.500000e+00 |  -1.000000e-04 |
|   8.000000e-03 |       9.000162e-01 |       8.999989e-01 |   2.500000e+00 |   2.500000e+00 |  -1.000000e-04 |
|   1.000000e-02 |       9.000163e-01 |       8.999989e-01 |   2.500000e+00 |   2.500000e+00 |  -1.000000e-04 |
|   1.200000e-02 |       9.000164e-01 |       8.999989e-01 |   2.500000e+00 |   2.500000e+00 |  -1.000000e-04 |
|   1.400000e-02 |       9.000165e-01 |       8.999990e-01 |   2.500000e+00 |   2.500000e+00 |  -1.000000e-04 |
|   1.600000e-02 |       9.000165e-01 |       8.999991e-01 |   2.500000e+00 |   2.500000e+00 |  -1.000000e-04 |
|   1.800000e-02 |       9.000166e-01 |       8.999992e-01 |   2.500000e+00 |   2.500000e+00 |  -1.000000e-04 |
|   2.000000e-02 |       9.000167e-01 |       8.999993e-01 |   2.500000e+00 |   2.500000e+00 |  -1.000000e-04 |
|   2.200000e-02 |       9.000167e-01 |       8.999994e-01 |   2.500000e+00 |   2.500000e+00 |  -1.000000e-04 |
|   2.400000e-02 |       9.000168e-01 |       8.999996e-01 |   2.500000e+00 |   2.500000e+00 |  -1.000000e-04 |
|   2.600000e-02 |       9.000169e-01 |       8.999998e-01 |   2.500000e+00 |   2.500000e+00 |  -1.000000e-04 |
+----------------+--------------------+--------------------+----------------+----------------+----------------+


Time Step 14, time = 0.028, dt = 0.002
 * Nonlinear |R| = [32m1.505968e-06[39m (Before preset BCs, predictors, correctors, and constraints)
 0 Nonlinear |R| = [32m1.505968e-06[39m
      0 Linear |R| = [32m1.505968e-06[39m
      1 Linear |R| = [32m3.689933e-07[39m
      2 Linear |R| = [33m3.576391e-07[39m
      3 Linear |R| = [32m3.273767e-07[39m
      4 Linear |R| = [32m2.361092e-07[39m
      5 Linear |R| = [32m2.066970e-07[39m
      6 Linear |R| = [32m1.922101e-07[39m
      7 Linear |R| = [33m1.922027e-07[39m
      8 Linear |R| = [32m1.636916e-07[39m
      9 Linear |R| = [33m1.636913e-07[39m
     10 Linear |R| = [32m8.464392e-08[39m
     11 Linear |R| = [33m8.385720e-08[39m
     12 Linear |R| = [32m4.804519e-08[39m
     13 Linear |R| = [33m4.735670e-08[39m
     14 Linear |R| = [32m3.316332e-08[39m
     15 Linear |R| = [32m2.963779e-08[39m
     16 Linear |R| = [32m2.278061e-08[39m
     17 Linear |R| = [32m2.026303e-08[39m
     18 Linear |R| = [32m1.452202e-08[39m
     19 Linear |R| = [33m1.446694e-08[39m
     20 Linear |R| = [32m1.044482e-08[39m
     21 Linear |R| = [33m1.042743e-08[39m
     22 Linear |R| = [32m6.254198e-09[39m
     23 Linear |R| = [32m5.756370e-09[39m
     24 Linear |R| = [32m3.297030e-09[39m
     25 Linear |R| = [32m2.186960e-09[39m
     26 Linear |R| = [32m1.529385e-09[39m
     27 Linear |R| = [32m1.132939e-09[39m
     28 Linear |R| = [32m7.938410e-10[39m
     29 Linear |R| = [32m3.985170e-10[39m
     30 Linear |R| = [33m3.974353e-10[39m
     31 Linear |R| = [33m3.963667e-10[39m
     32 Linear |R| = [32m3.097847e-10[39m
     33 Linear |R| = [33m3.096545e-10[39m
     34 Linear |R| = [32m2.409239e-10[39m
     35 Linear |R| = [33m2.409197e-10[39m
     36 Linear |R| = [32m2.209669e-10[39m
     37 Linear |R| = [32m1.865767e-10[39m
     38 Linear |R| = [33m1.862430e-10[39m
     39 Linear |R| = [32m1.721560e-10[39m
     40 Linear |R| = [33m1.705865e-10[39m
     41 Linear |R| = [33m1.643870e-10[39m
     42 Linear |R| = [33m1.576553e-10[39m
     43 Linear |R| = [32m9.839454e-11[39m
     44 Linear |R| = [32m8.181514e-11[39m
     45 Linear |R| = [32m6.816507e-11[39m
     46 Linear |R| = [32m6.371061e-11[39m
     47 Linear |R| = [32m4.213859e-11[39m
     48 Linear |R| = [33m4.154571e-11[39m
     49 Linear |R| = [32m3.037734e-11[39m
     50 Linear |R| = [32m2.309101e-11[39m
     51 Linear |R| = [33m2.251458e-11[39m
     52 Linear |R| = [32m1.385717e-11[39m
     53 Linear |R| = [33m1.378171e-11[39m
     54 Linear |R| = [32m8.753507e-12[39m
     55 Linear |R| = [32m8.165804e-12[39m
     56 Linear |R| = [32m5.761756e-12[39m
     57 Linear |R| = [32m5.264965e-12[39m
     58 Linear |R| = [32m4.030554e-12[39m
     59 Linear |R| = [33m4.016587e-12[39m
     60 Linear |R| = [32m1.874981e-12[39m
     61 Linear |R| = [33m1.868061e-12[39m
     62 Linear |R| = [33m1.855328e-12[39m
     63 Linear |R| = [33m1.853715e-12[39m
     64 Linear |R| = [32m1.710736e-12[39m
     65 Linear |R| = [33m1.703822e-12[39m
     66 Linear |R| = [33m1.703211e-12[39m
     67 Linear |R| = [33m1.681565e-12[39m
     68 Linear |R| = [33m1.641355e-12[39m
     69 Linear |R| = [32m1.424167e-12[39m
     70 Linear |R| = [32m1.350558e-12[39m
     71 Linear |R| = [32m1.100859e-12[39m
     72 Linear |R| = [33m1.091221e-12[39m
     73 Linear |R| = [32m8.677486e-13[39m
     74 Linear |R| = [33m8.641051e-13[39m
     75 Linear |R| = [32m6.802814e-13[39m
     76 Linear |R| = [33m6.481297e-13[39m
     77 Linear |R| = [32m4.920032e-13[39m
     78 Linear |R| = [32m4.506656e-13[39m
     79 Linear |R| = [32m3.293130e-13[39m
     80 Linear |R| = [32m2.992992e-13[39m
     81 Linear |R| = [32m1.942860e-13[39m
     82 Linear |R| = [32m1.539654e-13[39m
     83 Linear |R| = [32m1.116275e-13[39m
     84 Linear |R| = [32m6.482662e-14[39m
     85 Linear |R| = [32m5.146552e-14[39m
     86 Linear |R| = [32m2.845406e-14[39m
     87 Linear |R| = [33m2.772299e-14[39m
     88 Linear |R| = [32m1.371444e-14[39m
     89 Linear |R| = [32m9.722906e-15[39m
     90 Linear |R| = [31m5.002497e-14[39m
     91 Linear |R| = [32m1.977924e-14[39m
     92 Linear |R| = [33m1.977044e-14[39m
     93 Linear |R| = [32m1.558349e-14[39m
     94 Linear |R| = [32m1.322063e-14[39m
     95 Linear |R| = [33m1.321469e-14[39m
     96 Linear |R| = [33m1.304367e-14[39m
     97 Linear |R| = [33m1.280054e-14[39m
     98 Linear |R| = [33m1.243200e-14[39m
     99 Linear |R| = [32m9.243538e-15[39m
    100 Linear |R| = [33m9.236092e-15[39m
    101 Linear |R| = [32m6.888593e-15[39m
    102 Linear |R| = [32m6.014287e-15[39m
    103 Linear |R| = [32m4.370972e-15[39m
    104 Linear |R| = [32m4.056127e-15[39m
    105 Linear |R| = [32m2.591090e-15[39m
    106 Linear |R| = [33m2.578486e-15[39m
    107 Linear |R| = [32m1.896364e-15[39m
    108 Linear |R| = [33m1.895303e-15[39m
    109 Linear |R| = [32m1.416113e-15[39m
 1 Nonlinear |R| = [32m5.122290e-14[39m
[32m Solve Converged![39m

Postprocessor Values:
+----------------+----------------+----------------+----------------+----------------+----------------+----------------+
| time           | J_max          | J_min          | Jbar_max       | Jbar_min       | center_pressure| edge_ux        |
+----------------+----------------+----------------+----------------+----------------+----------------+----------------+
|   0.000000e+00 |   9.999830e-01 |   9.999830e-01 |   9.999818e-01 |   9.999818e-01 |   4.795205e-05 |   2.484182e-05 |
|   2.000000e-03 |   9.999827e-01 |   9.999684e-01 |   9.999857e-01 |   9.999814e-01 |   4.887625e-05 |   2.403483e-05 |
|   4.000000e-03 |   9.999825e-01 |   9.999680e-01 |   9.999856e-01 |   9.999813e-01 |   4.933873e-05 |   2.362634e-05 |
|   6.000000e-03 |   9.999824e-01 |   9.999677e-01 |   9.999855e-01 |   9.999811e-01 |   4.967686e-05 |   2.331536e-05 |
|   8.000000e-03 |   9.999823e-01 |   9.999674e-01 |   9.999854e-01 |   9.999810e-01 |   4.993537e-05 |   2.305343e-05 |
|   1.000000e-02 |   9.999822e-01 |   9.999673e-01 |   9.999853e-01 |   9.999809e-01 |   5.012332e-05 |   2.282218e-05 |
|   1.200000e-02 |   9.999820e-01 |   9.999671e-01 |   9.999853e-01 |   9.999808e-01 |   5.024036e-05 |   2.261240e-05 |
|   1.400000e-02 |   9.999819e-01 |   9.999669e-01 |   9.999852e-01 |   9.999808e-01 |   5.028440e-05 |   2.241871e-05 |
|   1.600000e-02 |   9.999818e-01 |   9.999668e-01 |   9.999852e-01 |   9.999807e-01 |   5.025450e-05 |   2.223767e-05 |
|   1.800000e-02 |   9.999816e-01 |   9.999667e-01 |   9.999851e-01 |   9.999807e-01 |   5.015183e-05 |   2.206688e-05 |
|   2.000000e-02 |   9.999814e-01 |   9.999665e-01 |   9.999851e-01 |   9.999806e-01 |   4.997957e-05 |   2.190465e-05 |
|   2.200000e-02 |   9.999812e-01 |   9.999664e-01 |   9.999850e-01 |   9.999806e-01 |   4.974249e-05 |   2.174969e-05 |
|   2.400000e-02 |   9.999810e-01 |   9.999663e-01 |   9.999850e-01 |   9.999806e-01 |   4.944638e-05 |   2.160100e-05 |
|   2.600000e-02 |   9.999808e-01 |   9.999662e-01 |   9.999849e-01 |   9.999806e-01 |   4.909758e-05 |   2.145780e-05 |
|   2.800000e-02 |   9.999806e-01 |   9.999661e-01 |   9.999849e-01 |   9.999806e-01 |   4.870253e-05 |   2.131947e-05 |
+----------------+----------------+----------------+----------------+----------------+----------------+----------------+
+----------------+----------------+----------------+------------------+----------------+----------------+
| time           | mass           | mass_reaction  | outflow_gradient | platen_max     | platen_min     |
+----------------+----------------+----------------+------------------+----------------+----------------+
|   0.000000e+00 |   1.000000e-02 |   0.000000e+00 |     0.000000e+00 |  -4.182484e-06 |  -4.182484e-06 |
|   2.000000e-03 |   9.999832e-03 |  -8.414571e-05 |     7.315247e-05 |  -4.263183e-06 |  -4.263183e-06 |
|   4.000000e-03 |   9.999747e-03 |  -4.259439e-05 |     4.205569e-05 |  -4.304033e-06 |  -4.304033e-06 |
|   6.000000e-03 |   9.999682e-03 |  -3.242600e-05 |     3.220428e-05 |  -4.335131e-06 |  -4.335131e-06 |
|   8.000000e-03 |   9.999627e-03 |  -2.731130e-05 |     2.716901e-05 |  -4.361324e-06 |  -4.361324e-06 |
|   1.000000e-02 |   9.999579e-03 |  -2.411266e-05 |     2.400449e-05 |  -4.384449e-06 |  -4.384449e-06 |
|   1.200000e-02 |   9.999535e-03 |  -2.187403e-05 |     2.178478e-05 |  -4.405427e-06 |  -4.405427e-06 |
|   1.400000e-02 |   9.999495e-03 |  -2.019581e-05 |     2.011863e-05 |  -4.424795e-06 |  -4.424795e-06 |
|   1.600000e-02 |   9.999457e-03 |  -1.887789e-05 |     1.880912e-05 |  -4.442900e-06 |  -4.442900e-06 |
|   1.800000e-02 |   9.999421e-03 |  -1.780762e-05 |     1.774509e-05 |  -4.459978e-06 |  -4.459978e-06 |
|   2.000000e-02 |   9.999387e-03 |  -1.691608e-05 |     1.685837e-05 |  -4.476201e-06 |  -4.476201e-06 |
|   2.200000e-02 |   9.999355e-03 |  -1.615842e-05 |     1.610457e-05 |  -4.491698e-06 |  -4.491698e-06 |
|   2.400000e-02 |   9.999324e-03 |  -1.550399e-05 |     1.545330e-05 |  -4.506567e-06 |  -4.506567e-06 |
|   2.600000e-02 |   9.999294e-03 |  -1.493104e-05 |     1.488299e-05 |  -4.520887e-06 |  -4.520887e-06 |
|   2.800000e-02 |   9.999265e-03 |  -1.442359e-05 |     1.437780e-05 |  -4.534719e-06 |  -4.534719e-06 |
+----------------+----------------+----------------+------------------+----------------+----------------+
+----------------+--------------------+--------------------+----------------+----------------+----------------+
| time           | solid_fraction_max | solid_fraction_min | stability_max  | stability_min  | top_reaction   |
+----------------+--------------------+--------------------+----------------+----------------+----------------+
|   0.000000e+00 |       8.999989e-01 |       8.999989e-01 |   2.500000e+00 |   2.500000e+00 |   0.000000e+00 |
|   2.000000e-03 |       9.000155e-01 |       8.999989e-01 |   2.500000e+00 |   2.500000e+00 |  -1.000000e-04 |
|   4.000000e-03 |       9.000159e-01 |       8.999989e-01 |   2.500000e+00 |   2.500000e+00 |  -1.000000e-04 |
|   6.000000e-03 |       9.000160e-01 |       8.999989e-01 |   2.500000e+00 |   2.500000e+00 |  -1.000000e-04 |
|   8.000000e-03 |       9.000162e-01 |       8.999989e-01 |   2.500000e+00 |   2.500000e+00 |  -1.000000e-04 |
|   1.000000e-02 |       9.000163e-01 |       8.999989e-01 |   2.500000e+00 |   2.500000e+00 |  -1.000000e-04 |
|   1.200000e-02 |       9.000164e-01 |       8.999989e-01 |   2.500000e+00 |   2.500000e+00 |  -1.000000e-04 |
|   1.400000e-02 |       9.000165e-01 |       8.999990e-01 |   2.500000e+00 |   2.500000e+00 |  -1.000000e-04 |
|   1.600000e-02 |       9.000165e-01 |       8.999991e-01 |   2.500000e+00 |   2.500000e+00 |  -1.000000e-04 |
|   1.800000e-02 |       9.000166e-01 |       8.999992e-01 |   2.500000e+00 |   2.500000e+00 |  -1.000000e-04 |
|   2.000000e-02 |       9.000167e-01 |       8.999993e-01 |   2.500000e+00 |   2.500000e+00 |  -1.000000e-04 |
|   2.200000e-02 |       9.000167e-01 |       8.999994e-01 |   2.500000e+00 |   2.500000e+00 |  -1.000000e-04 |
|   2.400000e-02 |       9.000168e-01 |       8.999996e-01 |   2.500000e+00 |   2.500000e+00 |  -1.000000e-04 |
|   2.600000e-02 |       9.000169e-01 |       8.999998e-01 |   2.500000e+00 |   2.500000e+00 |  -1.000000e-04 |
|   2.800000e-02 |       9.000169e-01 |       9.000000e-01 |   2.500000e+00 |   2.500000e+00 |  -1.000000e-04 |
+----------------+--------------------+--------------------+----------------+----------------+----------------+


Time Step 15, time = 0.03, dt = 0.002
 * Nonlinear |R| = [32m1.445541e-06[39m (Before preset BCs, predictors, correctors, and constraints)
 0 Nonlinear |R| = [32m1.445541e-06[39m
      0 Linear |R| = [32m1.445541e-06[39m
      1 Linear |R| = [32m3.494554e-07[39m
      2 Linear |R| = [33m3.423666e-07[39m
      3 Linear |R| = [32m3.152190e-07[39m
      4 Linear |R| = [32m2.298903e-07[39m
      5 Linear |R| = [32m2.010340e-07[39m
      6 Linear |R| = [32m1.865267e-07[39m
      7 Linear |R| = [33m1.863075e-07[39m
      8 Linear |R| = [32m1.591834e-07[39m
      9 Linear |R| = [33m1.591463e-07[39m
     10 Linear |R| = [32m8.100588e-08[39m
     11 Linear |R| = [33m8.059638e-08[39m
     12 Linear |R| = [32m4.531805e-08[39m
     13 Linear |R| = [33m4.497269e-08[39m
     14 Linear |R| = [32m3.118501e-08[39m
     15 Linear |R| = [32m2.836739e-08[39m
     16 Linear |R| = [32m2.153557e-08[39m
     17 Linear |R| = [32m1.944270e-08[39m
     18 Linear |R| = [32m1.386662e-08[39m
     19 Linear |R| = [33m1.385071e-08[39m
     20 Linear |R| = [32m1.000997e-08[39m
     21 Linear |R| = [33m9.957303e-09[39m
     22 Linear |R| = [32m6.004216e-09[39m
     23 Linear |R| = [32m5.419324e-09[39m
     24 Linear |R| = [32m3.167233e-09[39m
     25 Linear |R| = [32m2.002483e-09[39m
     26 Linear |R| = [32m1.471817e-09[39m
     27 Linear |R| = [32m1.046019e-09[39m
     28 Linear |R| = [32m7.685842e-10[39m
     29 Linear |R| = [32m3.719091e-10[39m
     30 Linear |R| = [33m3.718448e-10[39m
     31 Linear |R| = [33m3.717810e-10[39m
     32 Linear |R| = [32m2.905982e-10[39m
     33 Linear |R| = [33m2.897707e-10[39m
     34 Linear |R| = [32m2.206042e-10[39m
     35 Linear |R| = [33m2.204759e-10[39m
     36 Linear |R| = [32m2.046167e-10[39m
     37 Linear |R| = [32m1.755952e-10[39m
     38 Linear |R| = [33m1.752775e-10[39m
     39 Linear |R| = [32m1.600532e-10[39m
     40 Linear |R| = [33m1.595875e-10[39m
     41 Linear |R| = [33m1.516689e-10[39m
     42 Linear |R| = [32m1.438172e-10[39m
     43 Linear |R| = [32m8.968807e-11[39m
     44 Linear |R| = [32m7.446002e-11[39m
     45 Linear |R| = [32m6.449736e-11[39m
     46 Linear |R| = [33m6.170396e-11[39m
     47 Linear |R| = [32m4.375622e-11[39m
     48 Linear |R| = [32m4.061048e-11[39m
     49 Linear |R| = [32m3.317148e-11[39m
     50 Linear |R| = [32m3.061048e-11[39m
     51 Linear |R| = [32m2.154967e-11[39m
     52 Linear |R| = [32m1.319072e-11[39m
     53 Linear |R| = [33m1.279413e-11[39m
     54 Linear |R| = [32m8.104117e-12[39m
     55 Linear |R| = [32m7.533431e-12[39m
     56 Linear |R| = [32m5.323697e-12[39m
     57 Linear |R| = [32m4.824005e-12[39m
     58 Linear |R| = [32m3.732141e-12[39m
     59 Linear |R| = [33m3.704305e-12[39m
     60 Linear |R| = [32m1.747087e-12[39m
     61 Linear |R| = [33m1.743604e-12[39m
     62 Linear |R| = [33m1.733651e-12[39m
     63 Linear |R| = [33m1.732912e-12[39m
     64 Linear |R| = [32m1.614699e-12[39m
     65 Linear |R| = [33m1.609991e-12[39m
     66 Linear |R| = [33m1.608531e-12[39m
     67 Linear |R| = [33m1.593157e-12[39m
     68 Linear |R| = [33m1.544423e-12[39m
     69 Linear |R| = [32m1.338229e-12[39m
     70 Linear |R| = [32m1.264296e-12[39m
     71 Linear |R| = [32m1.035804e-12[39m
     72 Linear |R| = [33m1.024559e-12[39m
     73 Linear |R| = [32m8.231743e-13[39m
     74 Linear |R| = [33m8.226172e-13[39m
     75 Linear |R| = [32m6.375064e-13[39m
     76 Linear |R| = [33m6.194258e-13[39m
     77 Linear |R| = [32m4.580731e-13[39m
     78 Linear |R| = [32m4.300364e-13[39m
     79 Linear |R| = [32m3.082832e-13[39m
     80 Linear |R| = [32m2.908747e-13[39m
     81 Linear |R| = [32m1.776176e-13[39m
     82 Linear |R| = [32m1.445942e-13[39m
     83 Linear |R| = [32m1.019857e-13[39m
     84 Linear |R| = [32m5.952280e-14[39m
     85 Linear |R| = [32m4.769683e-14[39m
     86 Linear |R| = [32m2.667907e-14[39m
     87 Linear |R| = [33m2.572497e-14[39m
     88 Linear |R| = [32m1.218102e-14[39m
     89 Linear |R| = [32m8.987436e-15[39m
     90 Linear |R| = [31m5.106570e-14[39m
     91 Linear |R| = [32m2.384954e-14[39m
     92 Linear |R| = [32m1.958878e-14[39m
     93 Linear |R| = [32m1.730218e-14[39m
     94 Linear |R| = [33m1.704443e-14[39m
     95 Linear |R| = [33m1.669082e-14[39m
     96 Linear |R| = [32m1.125005e-14[39m
     97 Linear |R| = [33m1.116235e-14[39m
     98 Linear |R| = [32m1.015617e-14[39m
     99 Linear |R| = [32m8.789649e-15[39m
    100 Linear |R| = [33m8.657340e-15[39m
    101 Linear |R| = [32m6.752783e-15[39m
    102 Linear |R| = [33m6.740832e-15[39m
    103 Linear |R| = [32m4.357912e-15[39m
    104 Linear |R| = [33m4.217630e-15[39m
    105 Linear |R| = [32m3.025707e-15[39m
    106 Linear |R| = [33m2.994914e-15[39m
    107 Linear |R| = [32m1.665958e-15[39m
    108 Linear |R| = [33m1.646526e-15[39m
    109 Linear |R| = [32m1.210608e-15[39m
 1 Nonlinear |R| = [32m5.435949e-14[39m
[32m Solve Converged![39m

Postprocessor Values:
+----------------+----------------+----------------+----------------+----------------+----------------+----------------+
| time           | J_max          | J_min          | Jbar_max       | Jbar_min       | center_pressure| edge_ux        |
+----------------+----------------+----------------+----------------+----------------+----------------+----------------+
:                :                :                :                :                :                :                :
|   2.000000e-03 |   9.999827e-01 |   9.999684e-01 |   9.999857e-01 |   9.999814e-01 |   4.887625e-05 |   2.403483e-05 |
|   4.000000e-03 |   9.999825e-01 |   9.999680e-01 |   9.999856e-01 |   9.999813e-01 |   4.933873e-05 |   2.362634e-05 |
|   6.000000e-03 |   9.999824e-01 |   9.999677e-01 |   9.999855e-01 |   9.999811e-01 |   4.967686e-05 |   2.331536e-05 |
|   8.000000e-03 |   9.999823e-01 |   9.999674e-01 |   9.999854e-01 |   9.999810e-01 |   4.993537e-05 |   2.305343e-05 |
|   1.000000e-02 |   9.999822e-01 |   9.999673e-01 |   9.999853e-01 |   9.999809e-01 |   5.012332e-05 |   2.282218e-05 |
|   1.200000e-02 |   9.999820e-01 |   9.999671e-01 |   9.999853e-01 |   9.999808e-01 |   5.024036e-05 |   2.261240e-05 |
|   1.400000e-02 |   9.999819e-01 |   9.999669e-01 |   9.999852e-01 |   9.999808e-01 |   5.028440e-05 |   2.241871e-05 |
|   1.600000e-02 |   9.999818e-01 |   9.999668e-01 |   9.999852e-01 |   9.999807e-01 |   5.025450e-05 |   2.223767e-05 |
|   1.800000e-02 |   9.999816e-01 |   9.999667e-01 |   9.999851e-01 |   9.999807e-01 |   5.015183e-05 |   2.206688e-05 |
|   2.000000e-02 |   9.999814e-01 |   9.999665e-01 |   9.999851e-01 |   9.999806e-01 |   4.997957e-05 |   2.190465e-05 |
|   2.200000e-02 |   9.999812e-01 |   9.999664e-01 |   9.999850e-01 |   9.999806e-01 |   4.974249e-05 |   2.174969e-05 |
|   2.400000e-02 |   9.999810e-01 |   9.999663e-01 |   9.999850e-01 |   9.999806e-01 |   4.944638e-05 |   2.160100e-05 |
|   2.600000e-02 |   9.999808e-01 |   9.999662e-01 |   9.999849e-01 |   9.999806e-01 |   4.909758e-05 |   2.145780e-05 |
|   2.800000e-02 |   9.999806e-01 |   9.999661e-01 |   9.999849e-01 |   9.999806e-01 |   4.870253e-05 |   2.131947e-05 |
|   3.000000e-02 |   9.999804e-01 |   9.999660e-01 |   9.999848e-01 |   9.999805e-01 |   4.826751e-05 |   2.118550e-05 |
+----------------+----------------+----------------+----------------+----------------+----------------+----------------+
+----------------+----------------+----------------+------------------+----------------+----------------+
| time           | mass           | mass_reaction  | outflow_gradient | platen_max     | platen_min     |
+----------------+----------------+----------------+------------------+----------------+----------------+
:                :                :                :                  :                :                :
|   2.000000e-03 |   9.999832e-03 |  -8.414571e-05 |     7.315247e-05 |  -4.263183e-06 |  -4.263183e-06 |
|   4.000000e-03 |   9.999747e-03 |  -4.259439e-05 |     4.205569e-05 |  -4.304033e-06 |  -4.304033e-06 |
|   6.000000e-03 |   9.999682e-03 |  -3.242600e-05 |     3.220428e-05 |  -4.335131e-06 |  -4.335131e-06 |
|   8.000000e-03 |   9.999627e-03 |  -2.731130e-05 |     2.716901e-05 |  -4.361324e-06 |  -4.361324e-06 |
|   1.000000e-02 |   9.999579e-03 |  -2.411266e-05 |     2.400449e-05 |  -4.384449e-06 |  -4.384449e-06 |
|   1.200000e-02 |   9.999535e-03 |  -2.187403e-05 |     2.178478e-05 |  -4.405427e-06 |  -4.405427e-06 |
|   1.400000e-02 |   9.999495e-03 |  -2.019581e-05 |     2.011863e-05 |  -4.424795e-06 |  -4.424795e-06 |
|   1.600000e-02 |   9.999457e-03 |  -1.887789e-05 |     1.880912e-05 |  -4.442900e-06 |  -4.442900e-06 |
|   1.800000e-02 |   9.999421e-03 |  -1.780762e-05 |     1.774509e-05 |  -4.459978e-06 |  -4.459978e-06 |
|   2.000000e-02 |   9.999387e-03 |  -1.691608e-05 |     1.685837e-05 |  -4.476201e-06 |  -4.476201e-06 |
|   2.200000e-02 |   9.999355e-03 |  -1.615842e-05 |     1.610457e-05 |  -4.491698e-06 |  -4.491698e-06 |
|   2.400000e-02 |   9.999324e-03 |  -1.550399e-05 |     1.545330e-05 |  -4.506567e-06 |  -4.506567e-06 |
|   2.600000e-02 |   9.999294e-03 |  -1.493104e-05 |     1.488299e-05 |  -4.520887e-06 |  -4.520887e-06 |
|   2.800000e-02 |   9.999265e-03 |  -1.442359e-05 |     1.437780e-05 |  -4.534719e-06 |  -4.534719e-06 |
|   3.000000e-02 |   9.999238e-03 |  -1.396965e-05 |     1.392581e-05 |  -4.548117e-06 |  -4.548117e-06 |
+----------------+----------------+----------------+------------------+----------------+----------------+
+----------------+--------------------+--------------------+----------------+----------------+----------------+
| time           | solid_fraction_max | solid_fraction_min | stability_max  | stability_min  | top_reaction   |
+----------------+--------------------+--------------------+----------------+----------------+----------------+
:                :                    :                    :                :                :                :
|   2.000000e-03 |       9.000155e-01 |       8.999989e-01 |   2.500000e+00 |   2.500000e+00 |  -1.000000e-04 |
|   4.000000e-03 |       9.000159e-01 |       8.999989e-01 |   2.500000e+00 |   2.500000e+00 |  -1.000000e-04 |
|   6.000000e-03 |       9.000160e-01 |       8.999989e-01 |   2.500000e+00 |   2.500000e+00 |  -1.000000e-04 |
|   8.000000e-03 |       9.000162e-01 |       8.999989e-01 |   2.500000e+00 |   2.500000e+00 |  -1.000000e-04 |
|   1.000000e-02 |       9.000163e-01 |       8.999989e-01 |   2.500000e+00 |   2.500000e+00 |  -1.000000e-04 |
|   1.200000e-02 |       9.000164e-01 |       8.999989e-01 |   2.500000e+00 |   2.500000e+00 |  -1.000000e-04 |
|   1.400000e-02 |       9.000165e-01 |       8.999990e-01 |   2.500000e+00 |   2.500000e+00 |  -1.000000e-04 |
|   1.600000e-02 |       9.000165e-01 |       8.999991e-01 |   2.500000e+00 |   2.500000e+00 |  -1.000000e-04 |
|   1.800000e-02 |       9.000166e-01 |       8.999992e-01 |   2.500000e+00 |   2.500000e+00 |  -1.000000e-04 |
|   2.000000e-02 |       9.000167e-01 |       8.999993e-01 |   2.500000e+00 |   2.500000e+00 |  -1.000000e-04 |
|   2.200000e-02 |       9.000167e-01 |       8.999994e-01 |   2.500000e+00 |   2.500000e+00 |  -1.000000e-04 |
|   2.400000e-02 |       9.000168e-01 |       8.999996e-01 |   2.500000e+00 |   2.500000e+00 |  -1.000000e-04 |
|   2.600000e-02 |       9.000169e-01 |       8.999998e-01 |   2.500000e+00 |   2.500000e+00 |  -1.000000e-04 |
|   2.800000e-02 |       9.000169e-01 |       9.000000e-01 |   2.500000e+00 |   2.500000e+00 |  -1.000000e-04 |
|   3.000000e-02 |       9.000170e-01 |       9.000002e-01 |   2.500000e+00 |   2.500000e+00 |  -1.000000e-04 |
+----------------+--------------------+--------------------+----------------+----------------+----------------+


Time Step 16, time = 0.032, dt = 0.002
 * Nonlinear |R| = [32m1.394515e-06[39m (Before preset BCs, predictors, correctors, and constraints)
 0 Nonlinear |R| = [32m1.394515e-06[39m
      0 Linear |R| = [32m1.394515e-06[39m
      1 Linear |R| = [32m3.322570e-07[39m
      2 Linear |R| = [33m3.278999e-07[39m
      3 Linear |R| = [32m3.036934e-07[39m
      4 Linear |R| = [32m2.243744e-07[39m
      5 Linear |R| = [32m1.959380e-07[39m
      6 Linear |R| = [32m1.814690e-07[39m
      7 Linear |R| = [33m1.808235e-07[39m
      8 Linear |R| = [32m1.551234e-07[39m
      9 Linear |R| = [33m1.549982e-07[39m
     10 Linear |R| = [32m7.794632e-08[39m
     11 Linear |R| = [33m7.776671e-08[39m
     12 Linear |R| = [32m4.317100e-08[39m
     13 Linear |R| = [33m4.301994e-08[39m
     14 Linear |R| = [32m2.966592e-08[39m
     15 Linear |R| = [32m2.734729e-08[39m
     16 Linear |R| = [32m2.058267e-08[39m
     17 Linear |R| = [32m1.876517e-08[39m
     18 Linear |R| = [32m1.332370e-08[39m
     19 Linear |R| = [33m1.332215e-08[39m
     20 Linear |R| = [32m9.636979e-09[39m
     21 Linear |R| = [33m9.535963e-09[39m
     22 Linear |R| = [32m5.786034e-09[39m
     23 Linear |R| = [32m5.122048e-09[39m
     24 Linear |R| = [32m3.052246e-09[39m
     25 Linear |R| = [32m1.841686e-09[39m
     26 Linear |R| = [32m1.419954e-09[39m
     27 Linear |R| = [32m9.684308e-10[39m
     28 Linear |R| = [32m7.448858e-10[39m
     29 Linear |R| = [32m3.505912e-10[39m
     30 Linear |R| = [33m3.488181e-10[39m
     31 Linear |R| = [33m3.470731e-10[39m
     32 Linear |R| = [32m2.815224e-10[39m
     33 Linear |R| = [33m2.808386e-10[39m
     34 Linear |R| = [32m2.051895e-10[39m
     35 Linear |R| = [33m2.035875e-10[39m
     36 Linear |R| = [32m1.917676e-10[39m
     37 Linear |R| = [32m1.675836e-10[39m
     38 Linear |R| = [33m1.673227e-10[39m
     39 Linear |R| = [32m1.510277e-10[39m
     40 Linear |R| = [33m1.508144e-10[39m
     41 Linear |R| = [32m1.405486e-10[39m
     42 Linear |R| = [32m1.311106e-10[39m
     43 Linear |R| = [32m8.745267e-11[39m
     44 Linear |R| = [32m7.697215e-11[39m
     45 Linear |R| = [32m6.115680e-11[39m
     46 Linear |R| = [33m5.957257e-11[39m
     47 Linear |R| = [32m3.886161e-11[39m
     48 Linear |R| = [33m3.727760e-11[39m
     49 Linear |R| = [32m2.894949e-11[39m
     50 Linear |R| = [32m2.661495e-11[39m
     51 Linear |R| = [32m1.834045e-11[39m
     52 Linear |R| = [32m1.245633e-11[39m
     53 Linear |R| = [32m1.172084e-11[39m
     54 Linear |R| = [32m7.847204e-12[39m
     55 Linear |R| = [32m6.990077e-12[39m
     56 Linear |R| = [32m5.162042e-12[39m
     57 Linear |R| = [32m4.456784e-12[39m
     58 Linear |R| = [32m3.474187e-12[39m
     59 Linear |R| = [33m3.431417e-12[39m
     60 Linear |R| = [32m1.630196e-12[39m
     61 Linear |R| = [33m1.628535e-12[39m
     62 Linear |R| = [33m1.621395e-12[39m
     63 Linear |R| = [33m1.621193e-12[39m
     64 Linear |R| = [32m1.529250e-12[39m
     65 Linear |R| = [33m1.526857e-12[39m
     66 Linear |R| = [33m1.524739e-12[39m
     67 Linear |R| = [33m1.513090e-12[39m
     68 Linear |R| = [33m1.461423e-12[39m
     69 Linear |R| = [32m1.266315e-12[39m
     70 Linear |R| = [32m1.184986e-12[39m
     71 Linear |R| = [32m9.721207e-13[39m
     72 Linear |R| = [33m9.615972e-13[39m
     73 Linear |R| = [32m7.804506e-13[39m
     74 Linear |R| = [33m7.804458e-13[39m
     75 Linear |R| = [32m5.938199e-13[39m
     76 Linear |R| = [33m5.813629e-13[39m
     77 Linear |R| = [32m4.268970e-13[39m
     78 Linear |R| = [32m3.987476e-13[39m
     79 Linear |R| = [32m2.889004e-13[39m
     80 Linear |R| = [33m2.776789e-13[39m
     81 Linear |R| = [32m1.608349e-13[39m
     82 Linear |R| = [32m1.385349e-13[39m
     83 Linear |R| = [32m9.196055e-14[39m
     84 Linear |R| = [32m5.517898e-14[39m
     85 Linear |R| = [32m4.460641e-14[39m
     86 Linear |R| = [32m2.586896e-14[39m
     87 Linear |R| = [32m2.446259e-14[39m
     88 Linear |R| = [32m1.085475e-14[39m
     89 Linear |R| = [32m8.439307e-15[39m
     90 Linear |R| = [31m5.186841e-14[39m
     91 Linear |R| = [32m1.849437e-14[39m
     92 Linear |R| = [32m1.654639e-14[39m
     93 Linear |R| = [32m1.383296e-14[39m
     94 Linear |R| = [32m1.311363e-14[39m
     95 Linear |R| = [33m1.283862e-14[39m
     96 Linear |R| = [32m9.239169e-15[39m
     97 Linear |R| = [33m9.201999e-15[39m
     98 Linear |R| = [32m7.789451e-15[39m
     99 Linear |R| = [32m6.197240e-15[39m
    100 Linear |R| = [33m6.183115e-15[39m
    101 Linear |R| = [33m5.923626e-15[39m
    102 Linear |R| = [32m5.230676e-15[39m
    103 Linear |R| = [32m3.998757e-15[39m
    104 Linear |R| = [33m3.929803e-15[39m
    105 Linear |R| = [32m2.579437e-15[39m
    106 Linear |R| = [33m2.576892e-15[39m
    107 Linear |R| = [32m1.755246e-15[39m
    108 Linear |R| = [33m1.755172e-15[39m
    109 Linear |R| = [32m1.078098e-15[39m
 1 Nonlinear |R| = [32m4.587216e-14[39m
[32m Solve Converged![39m

Postprocessor Values:
+----------------+----------------+----------------+----------------+----------------+----------------+----------------+
| time           | J_max          | J_min          | Jbar_max       | Jbar_min       | center_pressure| edge_ux        |
+----------------+----------------+----------------+----------------+----------------+----------------+----------------+
:                :                :                :                :                :                :                :
|   4.000000e-03 |   9.999825e-01 |   9.999680e-01 |   9.999856e-01 |   9.999813e-01 |   4.933873e-05 |   2.362634e-05 |
|   6.000000e-03 |   9.999824e-01 |   9.999677e-01 |   9.999855e-01 |   9.999811e-01 |   4.967686e-05 |   2.331536e-05 |
|   8.000000e-03 |   9.999823e-01 |   9.999674e-01 |   9.999854e-01 |   9.999810e-01 |   4.993537e-05 |   2.305343e-05 |
|   1.000000e-02 |   9.999822e-01 |   9.999673e-01 |   9.999853e-01 |   9.999809e-01 |   5.012332e-05 |   2.282218e-05 |
|   1.200000e-02 |   9.999820e-01 |   9.999671e-01 |   9.999853e-01 |   9.999808e-01 |   5.024036e-05 |   2.261240e-05 |
|   1.400000e-02 |   9.999819e-01 |   9.999669e-01 |   9.999852e-01 |   9.999808e-01 |   5.028440e-05 |   2.241871e-05 |
|   1.600000e-02 |   9.999818e-01 |   9.999668e-01 |   9.999852e-01 |   9.999807e-01 |   5.025450e-05 |   2.223767e-05 |
|   1.800000e-02 |   9.999816e-01 |   9.999667e-01 |   9.999851e-01 |   9.999807e-01 |   5.015183e-05 |   2.206688e-05 |
|   2.000000e-02 |   9.999814e-01 |   9.999665e-01 |   9.999851e-01 |   9.999806e-01 |   4.997957e-05 |   2.190465e-05 |
|   2.200000e-02 |   9.999812e-01 |   9.999664e-01 |   9.999850e-01 |   9.999806e-01 |   4.974249e-05 |   2.174969e-05 |
|   2.400000e-02 |   9.999810e-01 |   9.999663e-01 |   9.999850e-01 |   9.999806e-01 |   4.944638e-05 |   2.160100e-05 |
|   2.600000e-02 |   9.999808e-01 |   9.999662e-01 |   9.999849e-01 |   9.999806e-01 |   4.909758e-05 |   2.145780e-05 |
|   2.800000e-02 |   9.999806e-01 |   9.999661e-01 |   9.999849e-01 |   9.999806e-01 |   4.870253e-05 |   2.131947e-05 |
|   3.000000e-02 |   9.999804e-01 |   9.999660e-01 |   9.999848e-01 |   9.999805e-01 |   4.826751e-05 |   2.118550e-05 |
|   3.200000e-02 |   9.999801e-01 |   9.999659e-01 |   9.999848e-01 |   9.999805e-01 |   4.779844e-05 |   2.105545e-05 |
+----------------+----------------+----------------+----------------+----------------+----------------+----------------+
+----------------+----------------+----------------+------------------+----------------+----------------+
| time           | mass           | mass_reaction  | outflow_gradient | platen_max     | platen_min     |
+----------------+----------------+----------------+------------------+----------------+----------------+
:                :                :                :                  :                :                :
|   4.000000e-03 |   9.999747e-03 |  -4.259439e-05 |     4.205569e-05 |  -4.304033e-06 |  -4.304033e-06 |
|   6.000000e-03 |   9.999682e-03 |  -3.242600e-05 |     3.220428e-05 |  -4.335131e-06 |  -4.335131e-06 |
|   8.000000e-03 |   9.999627e-03 |  -2.731130e-05 |     2.716901e-05 |  -4.361324e-06 |  -4.361324e-06 |
|   1.000000e-02 |   9.999579e-03 |  -2.411266e-05 |     2.400449e-05 |  -4.384449e-06 |  -4.384449e-06 |
|   1.200000e-02 |   9.999535e-03 |  -2.187403e-05 |     2.178478e-05 |  -4.405427e-06 |  -4.405427e-06 |
|   1.400000e-02 |   9.999495e-03 |  -2.019581e-05 |     2.011863e-05 |  -4.424795e-06 |  -4.424795e-06 |
|   1.600000e-02 |   9.999457e-03 |  -1.887789e-05 |     1.880912e-05 |  -4.442900e-06 |  -4.442900e-06 |
|   1.800000e-02 |   9.999421e-03 |  -1.780762e-05 |     1.774509e-05 |  -4.459978e-06 |  -4.459978e-06 |
|   2.000000e-02 |   9.999387e-03 |  -1.691608e-05 |     1.685837e-05 |  -4.476201e-06 |  -4.476201e-06 |
|   2.200000e-02 |   9.999355e-03 |  -1.615842e-05 |     1.610457e-05 |  -4.491698e-06 |  -4.491698e-06 |
|   2.400000e-02 |   9.999324e-03 |  -1.550399e-05 |     1.545330e-05 |  -4.506567e-06 |  -4.506567e-06 |
|   2.600000e-02 |   9.999294e-03 |  -1.493104e-05 |     1.488299e-05 |  -4.520887e-06 |  -4.520887e-06 |
|   2.800000e-02 |   9.999265e-03 |  -1.442359e-05 |     1.437780e-05 |  -4.534719e-06 |  -4.534719e-06 |
|   3.000000e-02 |   9.999238e-03 |  -1.396965e-05 |     1.392581e-05 |  -4.548117e-06 |  -4.548117e-06 |
|   3.200000e-02 |   9.999210e-03 |  -1.355995e-05 |     1.351781e-05 |  -4.561121e-06 |  -4.561121e-06 |
+----------------+----------------+----------------+------------------+----------------+----------------+
+----------------+--------------------+--------------------+----------------+----------------+----------------+
| time           | solid_fraction_max | solid_fraction_min | stability_max  | stability_min  | top_reaction   |
+----------------+--------------------+--------------------+----------------+----------------+----------------+
:                :                    :                    :                :                :                :
|   4.000000e-03 |       9.000159e-01 |       8.999989e-01 |   2.500000e+00 |   2.500000e+00 |  -1.000000e-04 |
|   6.000000e-03 |       9.000160e-01 |       8.999989e-01 |   2.500000e+00 |   2.500000e+00 |  -1.000000e-04 |
|   8.000000e-03 |       9.000162e-01 |       8.999989e-01 |   2.500000e+00 |   2.500000e+00 |  -1.000000e-04 |
|   1.000000e-02 |       9.000163e-01 |       8.999989e-01 |   2.500000e+00 |   2.500000e+00 |  -1.000000e-04 |
|   1.200000e-02 |       9.000164e-01 |       8.999989e-01 |   2.500000e+00 |   2.500000e+00 |  -1.000000e-04 |
|   1.400000e-02 |       9.000165e-01 |       8.999990e-01 |   2.500000e+00 |   2.500000e+00 |  -1.000000e-04 |
|   1.600000e-02 |       9.000165e-01 |       8.999991e-01 |   2.500000e+00 |   2.500000e+00 |  -1.000000e-04 |
|   1.800000e-02 |       9.000166e-01 |       8.999992e-01 |   2.500000e+00 |   2.500000e+00 |  -1.000000e-04 |
|   2.000000e-02 |       9.000167e-01 |       8.999993e-01 |   2.500000e+00 |   2.500000e+00 |  -1.000000e-04 |
|   2.200000e-02 |       9.000167e-01 |       8.999994e-01 |   2.500000e+00 |   2.500000e+00 |  -1.000000e-04 |
|   2.400000e-02 |       9.000168e-01 |       8.999996e-01 |   2.500000e+00 |   2.500000e+00 |  -1.000000e-04 |
|   2.600000e-02 |       9.000169e-01 |       8.999998e-01 |   2.500000e+00 |   2.500000e+00 |  -1.000000e-04 |
|   2.800000e-02 |       9.000169e-01 |       9.000000e-01 |   2.500000e+00 |   2.500000e+00 |  -1.000000e-04 |
|   3.000000e-02 |       9.000170e-01 |       9.000002e-01 |   2.500000e+00 |   2.500000e+00 |  -1.000000e-04 |
|   3.200000e-02 |       9.000170e-01 |       9.000004e-01 |   2.500000e+00 |   2.500000e+00 |  -1.000000e-04 |
+----------------+--------------------+--------------------+----------------+----------------+----------------+


Time Step 17, time = 0.034, dt = 0.002
 * Nonlinear |R| = [32m1.350827e-06[39m (Before preset BCs, predictors, correctors, and constraints)
 0 Nonlinear |R| = [32m1.350827e-06[39m
      0 Linear |R| = [32m1.350827e-06[39m
      1 Linear |R| = [32m3.170678e-07[39m
      2 Linear |R| = [33m3.144363e-07[39m
      3 Linear |R| = [32m2.928947e-07[39m
      4 Linear |R| = [32m2.194171e-07[39m
      5 Linear |R| = [32m1.912973e-07[39m
      6 Linear |R| = [32m1.769115e-07[39m
      7 Linear |R| = [33m1.757101e-07[39m
      8 Linear |R| = [32m1.514164e-07[39m
      9 Linear |R| = [33m1.511571e-07[39m
     10 Linear |R| = [32m7.534822e-08[39m
     11 Linear |R| = [33m7.529208e-08[39m
     12 Linear |R| = [32m4.147698e-08[39m
     13 Linear |R| = [33m4.142479e-08[39m
     14 Linear |R| = [32m2.850096e-08[39m
     15 Linear |R| = [32m2.653084e-08[39m
     16 Linear |R| = [32m1.985502e-08[39m
     17 Linear |R| = [32m1.820519e-08[39m
     18 Linear |R| = [32m1.286685e-08[39m
     19 Linear |R| = [33m1.286595e-08[39m
     20 Linear |R| = [32m9.312386e-09[39m
     21 Linear |R| = [33m9.153183e-09[39m
     22 Linear |R| = [32m5.593416e-09[39m
     23 Linear |R| = [32m4.859305e-09[39m
     24 Linear |R| = [32m2.949753e-09[39m
     25 Linear |R| = [32m1.703716e-09[39m
     26 Linear |R| = [32m1.372970e-09[39m
     27 Linear |R| = [32m8.996517e-10[39m
     28 Linear |R| = [32m7.225760e-10[39m
     29 Linear |R| = [32m3.339817e-10[39m
     30 Linear |R| = [33m3.293793e-10[39m
     31 Linear |R| = [33m3.249144e-10[39m
     32 Linear |R| = [32m2.796574e-10[39m
     33 Linear |R| = [33m2.795791e-10[39m
     34 Linear |R| = [32m1.972388e-10[39m
     35 Linear |R| = [33m1.901733e-10[39m
     36 Linear |R| = [33m1.820770e-10[39m
     37 Linear |R| = [32m1.630276e-10[39m
     38 Linear |R| = [33m1.630271e-10[39m
     39 Linear |R| = [32m1.463539e-10[39m
     40 Linear |R| = [33m1.461699e-10[39m
     41 Linear |R| = [32m1.310684e-10[39m
     42 Linear |R| = [32m1.204908e-10[39m
     43 Linear |R| = [32m9.020666e-11[39m
     44 Linear |R| = [32m8.413091e-11[39m
     45 Linear |R| = [32m5.860303e-11[39m
     46 Linear |R| = [33m5.588960e-11[39m
     47 Linear |R| = [32m3.494708e-11[39m
     48 Linear |R| = [33m3.492977e-11[39m
     49 Linear |R| = [32m2.556287e-11[39m
     50 Linear |R| = [33m2.504754e-11[39m
     51 Linear |R| = [32m1.302125e-11[39m
     52 Linear |R| = [32m1.230479e-11[39m
     53 Linear |R| = [32m8.421875e-12[39m
     54 Linear |R| = [32m7.867716e-12[39m
     55 Linear |R| = [32m6.414483e-12[39m
     56 Linear |R| = [32m4.985568e-12[39m
     57 Linear |R| = [32m4.150726e-12[39m
     58 Linear |R| = [32m3.264021e-12[39m
     59 Linear |R| = [33m3.208109e-12[39m
     60 Linear |R| = [32m1.532604e-12[39m
     61 Linear |R| = [33m1.531962e-12[39m
     62 Linear |R| = [33m1.526593e-12[39m
     63 Linear |R| = [33m1.526587e-12[39m
     64 Linear |R| = [33m1.453877e-12[39m
     65 Linear |R| = [33m1.452815e-12[39m
     66 Linear |R| = [33m1.450537e-12[39m
     67 Linear |R| = [33m1.440112e-12[39m
     68 Linear |R| = [33m1.387332e-12[39m
     69 Linear |R| = [32m1.202346e-12[39m
     70 Linear |R| = [32m1.116335e-12[39m
     71 Linear |R| = [32m9.149786e-13[39m
     72 Linear |R| = [33m9.052874e-13[39m
     73 Linear |R| = [32m7.404976e-13[39m
     74 Linear |R| = [33m7.403791e-13[39m
     75 Linear |R| = [32m5.543886e-13[39m
     76 Linear |R| = [33m5.429605e-13[39m
     77 Linear |R| = [32m4.001451e-13[39m
     78 Linear |R| = [32m3.676868e-13[39m
     79 Linear |R| = [32m2.700774e-13[39m
     80 Linear |R| = [33m2.599702e-13[39m
     81 Linear |R| = [32m1.478870e-13[39m
     82 Linear |R| = [32m1.361109e-13[39m
     83 Linear |R| = [32m8.329738e-14[39m
     84 Linear |R| = [32m5.369465e-14[39m
     85 Linear |R| = [32m4.220209e-14[39m
     86 Linear |R| = [32m2.575825e-14[39m
     87 Linear |R| = [32m2.348695e-14[39m
     88 Linear |R| = [32m1.047541e-14[39m
     89 Linear |R| = [32m7.973042e-15[39m
     90 Linear |R| = [31m4.886258e-14[39m
     91 Linear |R| = [32m2.352086e-14[39m
     92 Linear |R| = [32m2.117194e-14[39m
     93 Linear |R| = [32m1.133475e-14[39m
     94 Linear |R| = [32m1.016746e-14[39m
     95 Linear |R| = [32m9.312073e-15[39m
     96 Linear |R| = [33m9.231490e-15[39m
     97 Linear |R| = [33m9.188386e-15[39m
     98 Linear |R| = [32m8.333812e-15[39m
     99 Linear |R| = [32m7.314036e-15[39m
    100 Linear |R| = [33m7.189854e-15[39m
    101 Linear |R| = [32m5.781658e-15[39m
    102 Linear |R| = [33m5.681659e-15[39m
    103 Linear |R| = [32m3.527378e-15[39m
    104 Linear |R| = [33m3.522624e-15[39m
    105 Linear |R| = [32m2.607239e-15[39m
    106 Linear |R| = [33m2.601168e-15[39m
    107 Linear |R| = [32m1.544423e-15[39m
    108 Linear |R| = [33m1.475740e-15[39m
    109 Linear |R| = [32m9.242052e-16[39m
 1 Nonlinear |R| = [32m4.555794e-14[39m
[32m Solve Converged![39m

Postprocessor Values:
+----------------+----------------+----------------+----------------+----------------+----------------+----------------+
| time           | J_max          | J_min          | Jbar_max       | Jbar_min       | center_pressure| edge_ux        |
+----------------+----------------+----------------+----------------+----------------+----------------+----------------+
:                :                :                :                :                :                :                :
|   6.000000e-03 |   9.999824e-01 |   9.999677e-01 |   9.999855e-01 |   9.999811e-01 |   4.967686e-05 |   2.331536e-05 |
|   8.000000e-03 |   9.999823e-01 |   9.999674e-01 |   9.999854e-01 |   9.999810e-01 |   4.993537e-05 |   2.305343e-05 |
|   1.000000e-02 |   9.999822e-01 |   9.999673e-01 |   9.999853e-01 |   9.999809e-01 |   5.012332e-05 |   2.282218e-05 |
|   1.200000e-02 |   9.999820e-01 |   9.999671e-01 |   9.999853e-01 |   9.999808e-01 |   5.024036e-05 |   2.261240e-05 |
|   1.400000e-02 |   9.999819e-01 |   9.999669e-01 |   9.999852e-01 |   9.999808e-01 |   5.028440e-05 |   2.241871e-05 |
|   1.600000e-02 |   9.999818e-01 |   9.999668e-01 |   9.999852e-01 |   9.999807e-01 |   5.025450e-05 |   2.223767e-05 |
|   1.800000e-02 |   9.999816e-01 |   9.999667e-01 |   9.999851e-01 |   9.999807e-01 |   5.015183e-05 |   2.206688e-05 |
|   2.000000e-02 |   9.999814e-01 |   9.999665e-01 |   9.999851e-01 |   9.999806e-01 |   4.997957e-05 |   2.190465e-05 |
|   2.200000e-02 |   9.999812e-01 |   9.999664e-01 |   9.999850e-01 |   9.999806e-01 |   4.974249e-05 |   2.174969e-05 |
|   2.400000e-02 |   9.999810e-01 |   9.999663e-01 |   9.999850e-01 |   9.999806e-01 |   4.944638e-05 |   2.160100e-05 |
|   2.600000e-02 |   9.999808e-01 |   9.999662e-01 |   9.999849e-01 |   9.999806e-01 |   4.909758e-05 |   2.145780e-05 |
|   2.800000e-02 |   9.999806e-01 |   9.999661e-01 |   9.999849e-01 |   9.999806e-01 |   4.870253e-05 |   2.131947e-05 |
|   3.000000e-02 |   9.999804e-01 |   9.999660e-01 |   9.999848e-01 |   9.999805e-01 |   4.826751e-05 |   2.118550e-05 |
|   3.200000e-02 |   9.999801e-01 |   9.999659e-01 |   9.999848e-01 |   9.999805e-01 |   4.779844e-05 |   2.105545e-05 |
|   3.400000e-02 |   9.999799e-01 |   9.999658e-01 |   9.999847e-01 |   9.999805e-01 |   4.730077e-05 |   2.092898e-05 |
+----------------+----------------+----------------+----------------+----------------+----------------+----------------+
+----------------+----------------+----------------+------------------+----------------+----------------+
| time           | mass           | mass_reaction  | outflow_gradient | platen_max     | platen_min     |
+----------------+----------------+----------------+------------------+----------------+----------------+
:                :                :                :                  :                :                :
|   6.000000e-03 |   9.999682e-03 |  -3.242600e-05 |     3.220428e-05 |  -4.335131e-06 |  -4.335131e-06 |
|   8.000000e-03 |   9.999627e-03 |  -2.731130e-05 |     2.716901e-05 |  -4.361324e-06 |  -4.361324e-06 |
|   1.000000e-02 |   9.999579e-03 |  -2.411266e-05 |     2.400449e-05 |  -4.384449e-06 |  -4.384449e-06 |
|   1.200000e-02 |   9.999535e-03 |  -2.187403e-05 |     2.178478e-05 |  -4.405427e-06 |  -4.405427e-06 |
|   1.400000e-02 |   9.999495e-03 |  -2.019581e-05 |     2.011863e-05 |  -4.424795e-06 |  -4.424795e-06 |
|   1.600000e-02 |   9.999457e-03 |  -1.887789e-05 |     1.880912e-05 |  -4.442900e-06 |  -4.442900e-06 |
|   1.800000e-02 |   9.999421e-03 |  -1.780762e-05 |     1.774509e-05 |  -4.459978e-06 |  -4.459978e-06 |
|   2.000000e-02 |   9.999387e-03 |  -1.691608e-05 |     1.685837e-05 |  -4.476201e-06 |  -4.476201e-06 |
|   2.200000e-02 |   9.999355e-03 |  -1.615842e-05 |     1.610457e-05 |  -4.491698e-06 |  -4.491698e-06 |
|   2.400000e-02 |   9.999324e-03 |  -1.550399e-05 |     1.545330e-05 |  -4.506567e-06 |  -4.506567e-06 |
|   2.600000e-02 |   9.999294e-03 |  -1.493104e-05 |     1.488299e-05 |  -4.520887e-06 |  -4.520887e-06 |
|   2.800000e-02 |   9.999265e-03 |  -1.442359e-05 |     1.437780e-05 |  -4.534719e-06 |  -4.534719e-06 |
|   3.000000e-02 |   9.999238e-03 |  -1.396965e-05 |     1.392581e-05 |  -4.548117e-06 |  -4.548117e-06 |
|   3.200000e-02 |   9.999210e-03 |  -1.355995e-05 |     1.351781e-05 |  -4.561121e-06 |  -4.561121e-06 |
|   3.400000e-02 |   9.999184e-03 |  -1.318724e-05 |     1.314661e-05 |  -4.573768e-06 |  -4.573768e-06 |
+----------------+----------------+----------------+------------------+----------------+----------------+
+----------------+--------------------+--------------------+----------------+----------------+----------------+
| time           | solid_fraction_max | solid_fraction_min | stability_max  | stability_min  | top_reaction   |
+----------------+--------------------+--------------------+----------------+----------------+----------------+
:                :                    :                    :                :                :                :
|   6.000000e-03 |       9.000160e-01 |       8.999989e-01 |   2.500000e+00 |   2.500000e+00 |  -1.000000e-04 |
|   8.000000e-03 |       9.000162e-01 |       8.999989e-01 |   2.500000e+00 |   2.500000e+00 |  -1.000000e-04 |
|   1.000000e-02 |       9.000163e-01 |       8.999989e-01 |   2.500000e+00 |   2.500000e+00 |  -1.000000e-04 |
|   1.200000e-02 |       9.000164e-01 |       8.999989e-01 |   2.500000e+00 |   2.500000e+00 |  -1.000000e-04 |
|   1.400000e-02 |       9.000165e-01 |       8.999990e-01 |   2.500000e+00 |   2.500000e+00 |  -1.000000e-04 |
|   1.600000e-02 |       9.000165e-01 |       8.999991e-01 |   2.500000e+00 |   2.500000e+00 |  -1.000000e-04 |
|   1.800000e-02 |       9.000166e-01 |       8.999992e-01 |   2.500000e+00 |   2.500000e+00 |  -1.000000e-04 |
|   2.000000e-02 |       9.000167e-01 |       8.999993e-01 |   2.500000e+00 |   2.500000e+00 |  -1.000000e-04 |
|   2.200000e-02 |       9.000167e-01 |       8.999994e-01 |   2.500000e+00 |   2.500000e+00 |  -1.000000e-04 |
|   2.400000e-02 |       9.000168e-01 |       8.999996e-01 |   2.500000e+00 |   2.500000e+00 |  -1.000000e-04 |
|   2.600000e-02 |       9.000169e-01 |       8.999998e-01 |   2.500000e+00 |   2.500000e+00 |  -1.000000e-04 |
|   2.800000e-02 |       9.000169e-01 |       9.000000e-01 |   2.500000e+00 |   2.500000e+00 |  -1.000000e-04 |
|   3.000000e-02 |       9.000170e-01 |       9.000002e-01 |   2.500000e+00 |   2.500000e+00 |  -1.000000e-04 |
|   3.200000e-02 |       9.000170e-01 |       9.000004e-01 |   2.500000e+00 |   2.500000e+00 |  -1.000000e-04 |
|   3.400000e-02 |       9.000171e-01 |       9.000006e-01 |   2.500000e+00 |   2.500000e+00 |  -1.000000e-04 |
+----------------+--------------------+--------------------+----------------+----------------+----------------+


Time Step 18, time = 0.036, dt = 0.002
 * Nonlinear |R| = [32m1.312873e-06[39m (Before preset BCs, predictors, correctors, and constraints)
 0 Nonlinear |R| = [32m1.312873e-06[39m
      0 Linear |R| = [32m1.312873e-06[39m
      1 Linear |R| = [32m3.036035e-07[39m
      2 Linear |R| = [33m3.020489e-07[39m
      3 Linear |R| = [32m2.828587e-07[39m
      4 Linear |R| = [32m2.149029e-07[39m
      5 Linear |R| = [32m1.870256e-07[39m
      6 Linear |R| = [32m1.727575e-07[39m
      7 Linear |R| = [33m1.709372e-07[39m
      8 Linear |R| = [32m1.479889e-07[39m
      9 Linear |R| = [33m1.475467e-07[39m
     10 Linear |R| = [32m7.311593e-08[39m
     11 Linear |R| = [33m7.311001e-08[39m
     12 Linear |R| = [32m4.012964e-08[39m
     13 Linear |R| = [33m4.011923e-08[39m
     14 Linear |R| = [32m2.759880e-08[39m
     15 Linear |R| = [32m2.587221e-08[39m
     16 Linear |R| = [32m1.929170e-08[39m
     17 Linear |R| = [32m1.773590e-08[39m
     18 Linear |R| = [32m1.247368e-08[39m
     19 Linear |R| = [33m1.246630e-08[39m
     20 Linear |R| = [32m9.025272e-09[39m
     21 Linear |R| = [33m8.799803e-09[39m
     22 Linear |R| = [32m5.421536e-09[39m
     23 Linear |R| = [32m4.626826e-09[39m
     24 Linear |R| = [32m2.857872e-09[39m
     25 Linear |R| = [32m1.587222e-09[39m
     26 Linear |R| = [32m1.330217e-09[39m
     27 Linear |R| = [32m8.385471e-10[39m
     28 Linear |R| = [32m7.014090e-10[39m
     29 Linear |R| = [32m3.211852e-10[39m
     30 Linear |R| = [33m3.139319e-10[39m
     31 Linear |R| = [33m3.070070e-10[39m
     32 Linear |R| = [32m2.775817e-10[39m
     33 Linear |R| = [33m2.775417e-10[39m
     34 Linear |R| = [32m1.967484e-10[39m
     35 Linear |R| = [32m1.800135e-10[39m
     36 Linear |R| = [33m1.749284e-10[39m
     37 Linear |R| = [32m1.599263e-10[39m
     38 Linear |R| = [33m1.599138e-10[39m
     39 Linear |R| = [32m1.450678e-10[39m
     40 Linear |R| = [33m1.444462e-10[39m
     41 Linear |R| = [32m1.228768e-10[39m
     42 Linear |R| = [32m1.124317e-10[39m
     43 Linear |R| = [32m9.280884e-11[39m
     44 Linear |R| = [33m8.844138e-11[39m
     45 Linear |R| = [32m5.754276e-11[39m
     46 Linear |R| = [32m5.311921e-11[39m
     47 Linear |R| = [32m3.795914e-11[39m
     48 Linear |R| = [32m3.566537e-11[39m
     49 Linear |R| = [32m2.569913e-11[39m
     50 Linear |R| = [33m2.566651e-11[39m
     51 Linear |R| = [32m1.400267e-11[39m
     52 Linear |R| = [32m1.296239e-11[39m
     53 Linear |R| = [32m9.138954e-12[39m
     54 Linear |R| = [32m7.860336e-12[39m
     55 Linear |R| = [32m6.098357e-12[39m
     56 Linear |R| = [32m4.529823e-12[39m
     57 Linear |R| = [32m3.908655e-12[39m
     58 Linear |R| = [32m3.082354e-12[39m
     59 Linear |R| = [33m3.027019e-12[39m
     60 Linear |R| = [32m1.449424e-12[39m
     61 Linear |R| = [33m1.449057e-12[39m
     62 Linear |R| = [33m1.444381e-12[39m
     63 Linear |R| = [33m1.444377e-12[39m
     64 Linear |R| = [33m1.381001e-12[39m
     65 Linear |R| = [33m1.380205e-12[39m
     66 Linear |R| = [33m1.377206e-12[39m
     67 Linear |R| = [33m1.366889e-12[39m
     68 Linear |R| = [33m1.315171e-12[39m
     69 Linear |R| = [32m1.156171e-12[39m
     70 Linear |R| = [32m1.053299e-12[39m
     71 Linear |R| = [32m8.635191e-13[39m
     72 Linear |R| = [33m8.543040e-13[39m
     73 Linear |R| = [32m7.005174e-13[39m
     74 Linear |R| = [33m7.000024e-13[39m
     75 Linear |R| = [32m5.204623e-13[39m
     76 Linear |R| = [33m5.092311e-13[39m
     77 Linear |R| = [32m3.777991e-13[39m
     78 Linear |R| = [32m3.400298e-13[39m
     79 Linear |R| = [32m2.524063e-13[39m
     80 Linear |R| = [32m2.385857e-13[39m
     81 Linear |R| = [32m1.399995e-13[39m
     82 Linear |R| = [33m1.349332e-13[39m
     83 Linear |R| = [32m7.750622e-14[39m
     84 Linear |R| = [32m5.460133e-14[39m
     85 Linear |R| = [32m4.011199e-14[39m
     86 Linear |R| = [32m2.558127e-14[39m
     87 Linear |R| = [32m2.240088e-14[39m
     88 Linear |R| = [32m1.121997e-14[39m
     89 Linear |R| = [32m7.941911e-15[39m
     90 Linear |R| = [31m4.410172e-14[39m
     91 Linear |R| = [32m1.572033e-14[39m
     92 Linear |R| = [33m1.499112e-14[39m
     93 Linear |R| = [32m1.270154e-14[39m
     94 Linear |R| = [33m1.265631e-14[39m
     95 Linear |R| = [33m1.263546e-14[39m
     96 Linear |R| = [33m1.237570e-14[39m
     97 Linear |R| = [33m1.211620e-14[39m
     98 Linear |R| = [32m1.061097e-14[39m
     99 Linear |R| = [32m9.618007e-15[39m
    100 Linear |R| = [32m8.524137e-15[39m
    101 Linear |R| = [32m6.257767e-15[39m
    102 Linear |R| = [32m5.619782e-15[39m
    103 Linear |R| = [32m4.105267e-15[39m
    104 Linear |R| = [32m3.040368e-15[39m
    105 Linear |R| = [32m2.488714e-15[39m
    106 Linear |R| = [32m2.035629e-15[39m
    107 Linear |R| = [32m1.751058e-15[39m
    108 Linear |R| = [33m1.680524e-15[39m
    109 Linear |R| = [32m1.272951e-15[39m
 1 Nonlinear |R| = [32m4.546688e-14[39m
[32m Solve Converged![39m

Postprocessor Values:
+----------------+----------------+----------------+----------------+----------------+----------------+----------------+
| time           | J_max          | J_min          | Jbar_max       | Jbar_min       | center_pressure| edge_ux        |
+----------------+----------------+----------------+----------------+----------------+----------------+----------------+
:                :                :                :                :                :                :                :
|   8.000000e-03 |   9.999823e-01 |   9.999674e-01 |   9.999854e-01 |   9.999810e-01 |   4.993537e-05 |   2.305343e-05 |
|   1.000000e-02 |   9.999822e-01 |   9.999673e-01 |   9.999853e-01 |   9.999809e-01 |   5.012332e-05 |   2.282218e-05 |
|   1.200000e-02 |   9.999820e-01 |   9.999671e-01 |   9.999853e-01 |   9.999808e-01 |   5.024036e-05 |   2.261240e-05 |
|   1.400000e-02 |   9.999819e-01 |   9.999669e-01 |   9.999852e-01 |   9.999808e-01 |   5.028440e-05 |   2.241871e-05 |
|   1.600000e-02 |   9.999818e-01 |   9.999668e-01 |   9.999852e-01 |   9.999807e-01 |   5.025450e-05 |   2.223767e-05 |
|   1.800000e-02 |   9.999816e-01 |   9.999667e-01 |   9.999851e-01 |   9.999807e-01 |   5.015183e-05 |   2.206688e-05 |
|   2.000000e-02 |   9.999814e-01 |   9.999665e-01 |   9.999851e-01 |   9.999806e-01 |   4.997957e-05 |   2.190465e-05 |
|   2.200000e-02 |   9.999812e-01 |   9.999664e-01 |   9.999850e-01 |   9.999806e-01 |   4.974249e-05 |   2.174969e-05 |
|   2.400000e-02 |   9.999810e-01 |   9.999663e-01 |   9.999850e-01 |   9.999806e-01 |   4.944638e-05 |   2.160100e-05 |
|   2.600000e-02 |   9.999808e-01 |   9.999662e-01 |   9.999849e-01 |   9.999806e-01 |   4.909758e-05 |   2.145780e-05 |
|   2.800000e-02 |   9.999806e-01 |   9.999661e-01 |   9.999849e-01 |   9.999806e-01 |   4.870253e-05 |   2.131947e-05 |
|   3.000000e-02 |   9.999804e-01 |   9.999660e-01 |   9.999848e-01 |   9.999805e-01 |   4.826751e-05 |   2.118550e-05 |
|   3.200000e-02 |   9.999801e-01 |   9.999659e-01 |   9.999848e-01 |   9.999805e-01 |   4.779844e-05 |   2.105545e-05 |
|   3.400000e-02 |   9.999799e-01 |   9.999658e-01 |   9.999847e-01 |   9.999805e-01 |   4.730077e-05 |   2.092898e-05 |
|   3.600000e-02 |   9.999796e-01 |   9.999657e-01 |   9.999847e-01 |   9.999806e-01 |   4.677943e-05 |   2.080579e-05 |
+----------------+----------------+----------------+----------------+----------------+----------------+----------------+
+----------------+----------------+----------------+------------------+----------------+----------------+
| time           | mass           | mass_reaction  | outflow_gradient | platen_max     | platen_min     |
+----------------+----------------+----------------+------------------+----------------+----------------+
:                :                :                :                  :                :                :
|   8.000000e-03 |   9.999627e-03 |  -2.731130e-05 |     2.716901e-05 |  -4.361324e-06 |  -4.361324e-06 |
|   1.000000e-02 |   9.999579e-03 |  -2.411266e-05 |     2.400449e-05 |  -4.384449e-06 |  -4.384449e-06 |
|   1.200000e-02 |   9.999535e-03 |  -2.187403e-05 |     2.178478e-05 |  -4.405427e-06 |  -4.405427e-06 |
|   1.400000e-02 |   9.999495e-03 |  -2.019581e-05 |     2.011863e-05 |  -4.424795e-06 |  -4.424795e-06 |
|   1.600000e-02 |   9.999457e-03 |  -1.887789e-05 |     1.880912e-05 |  -4.442900e-06 |  -4.442900e-06 |
|   1.800000e-02 |   9.999421e-03 |  -1.780762e-05 |     1.774509e-05 |  -4.459978e-06 |  -4.459978e-06 |
|   2.000000e-02 |   9.999387e-03 |  -1.691608e-05 |     1.685837e-05 |  -4.476201e-06 |  -4.476201e-06 |
|   2.200000e-02 |   9.999355e-03 |  -1.615842e-05 |     1.610457e-05 |  -4.491698e-06 |  -4.491698e-06 |
|   2.400000e-02 |   9.999324e-03 |  -1.550399e-05 |     1.545330e-05 |  -4.506567e-06 |  -4.506567e-06 |
|   2.600000e-02 |   9.999294e-03 |  -1.493104e-05 |     1.488299e-05 |  -4.520887e-06 |  -4.520887e-06 |
|   2.800000e-02 |   9.999265e-03 |  -1.442359e-05 |     1.437780e-05 |  -4.534719e-06 |  -4.534719e-06 |
|   3.000000e-02 |   9.999238e-03 |  -1.396965e-05 |     1.392581e-05 |  -4.548117e-06 |  -4.548117e-06 |
|   3.200000e-02 |   9.999210e-03 |  -1.355995e-05 |     1.351781e-05 |  -4.561121e-06 |  -4.561121e-06 |
|   3.400000e-02 |   9.999184e-03 |  -1.318724e-05 |     1.314661e-05 |  -4.573768e-06 |  -4.573768e-06 |
|   3.600000e-02 |   9.999158e-03 |  -1.284572e-05 |     1.280644e-05 |  -4.586088e-06 |  -4.586088e-06 |
+----------------+----------------+----------------+------------------+----------------+----------------+
+----------------+--------------------+--------------------+----------------+----------------+----------------+
| time           | solid_fraction_max | solid_fraction_min | stability_max  | stability_min  | top_reaction   |
+----------------+--------------------+--------------------+----------------+----------------+----------------+
:                :                    :                    :                :                :                :
|   8.000000e-03 |       9.000162e-01 |       8.999989e-01 |   2.500000e+00 |   2.500000e+00 |  -1.000000e-04 |
|   1.000000e-02 |       9.000163e-01 |       8.999989e-01 |   2.500000e+00 |   2.500000e+00 |  -1.000000e-04 |
|   1.200000e-02 |       9.000164e-01 |       8.999989e-01 |   2.500000e+00 |   2.500000e+00 |  -1.000000e-04 |
|   1.400000e-02 |       9.000165e-01 |       8.999990e-01 |   2.500000e+00 |   2.500000e+00 |  -1.000000e-04 |
|   1.600000e-02 |       9.000165e-01 |       8.999991e-01 |   2.500000e+00 |   2.500000e+00 |  -1.000000e-04 |
|   1.800000e-02 |       9.000166e-01 |       8.999992e-01 |   2.500000e+00 |   2.500000e+00 |  -1.000000e-04 |
|   2.000000e-02 |       9.000167e-01 |       8.999993e-01 |   2.500000e+00 |   2.500000e+00 |  -1.000000e-04 |
|   2.200000e-02 |       9.000167e-01 |       8.999994e-01 |   2.500000e+00 |   2.500000e+00 |  -1.000000e-04 |
|   2.400000e-02 |       9.000168e-01 |       8.999996e-01 |   2.500000e+00 |   2.500000e+00 |  -1.000000e-04 |
|   2.600000e-02 |       9.000169e-01 |       8.999998e-01 |   2.500000e+00 |   2.500000e+00 |  -1.000000e-04 |
|   2.800000e-02 |       9.000169e-01 |       9.000000e-01 |   2.500000e+00 |   2.500000e+00 |  -1.000000e-04 |
|   3.000000e-02 |       9.000170e-01 |       9.000002e-01 |   2.500000e+00 |   2.500000e+00 |  -1.000000e-04 |
|   3.200000e-02 |       9.000170e-01 |       9.000004e-01 |   2.500000e+00 |   2.500000e+00 |  -1.000000e-04 |
|   3.400000e-02 |       9.000171e-01 |       9.000006e-01 |   2.500000e+00 |   2.500000e+00 |  -1.000000e-04 |
|   3.600000e-02 |       9.000171e-01 |       9.000008e-01 |   2.500000e+00 |   2.500000e+00 |  -1.000000e-04 |
+----------------+--------------------+--------------------+----------------+----------------+----------------+


Time Step 19, time = 0.038, dt = 0.002
 * Nonlinear |R| = [32m1.279410e-06[39m (Before preset BCs, predictors, correctors, and constraints)
 0 Nonlinear |R| = [32m1.279410e-06[39m
      0 Linear |R| = [32m1.279410e-06[39m
      1 Linear |R| = [32m2.916192e-07[39m
      2 Linear |R| = [33m2.907282e-07[39m
      3 Linear |R| = [32m2.735787e-07[39m
      4 Linear |R| = [32m2.107397e-07[39m
      5 Linear |R| = [32m1.830562e-07[39m
      6 Linear |R| = [32m1.689321e-07[39m
      7 Linear |R| = [33m1.664827e-07[39m
      8 Linear |R| = [32m1.447847e-07[39m
      9 Linear |R| = [33m1.441010e-07[39m
     10 Linear |R| = [32m7.117195e-08[39m
     11 Linear |R| = [33m7.116846e-08[39m
     12 Linear |R| = [32m3.904240e-08[39m
     13 Linear |R| = [33m3.904239e-08[39m
     14 Linear |R| = [32m2.688451e-08[39m
     15 Linear |R| = [32m2.533013e-08[39m
     16 Linear |R| = [32m1.884224e-08[39m
     17 Linear |R| = [32m1.733286e-08[39m
     18 Linear |R| = [32m1.212705e-08[39m
     19 Linear |R| = [33m1.210954e-08[39m
     20 Linear |R| = [32m8.767495e-09[39m
     21 Linear |R| = [33m8.468906e-09[39m
     22 Linear |R| = [32m5.266724e-09[39m
     23 Linear |R| = [32m4.421148e-09[39m
     24 Linear |R| = [32m2.775038e-09[39m
     25 Linear |R| = [32m1.490186e-09[39m
     26 Linear |R| = [32m1.291185e-09[39m
     27 Linear |R| = [32m7.835666e-10[39m
     28 Linear |R| = [32m6.809921e-10[39m
     29 Linear |R| = [32m3.112290e-10[39m
     30 Linear |R| = [33m3.021454e-10[39m
     31 Linear |R| = [33m2.935917e-10[39m
     32 Linear |R| = [32m2.737416e-10[39m
     33 Linear |R| = [33m2.734856e-10[39m
     34 Linear |R| = [32m2.003685e-10[39m
     35 Linear |R| = [32m1.730687e-10[39m
     36 Linear |R| = [33m1.700255e-10[39m
     37 Linear |R| = [32m1.587195e-10[39m
     38 Linear |R| = [33m1.585938e-10[39m
     39 Linear |R| = [32m1.461233e-10[39m
     40 Linear |R| = [33m1.446824e-10[39m
     41 Linear |R| = [32m1.173665e-10[39m
     42 Linear |R| = [32m1.070405e-10[39m
     43 Linear |R| = [32m9.328542e-11[39m
     44 Linear |R| = [33m8.946237e-11[39m
     45 Linear |R| = [32m5.778976e-11[39m
     46 Linear |R| = [32m5.140527e-11[39m
     47 Linear |R| = [32m4.184319e-11[39m
     48 Linear |R| = [32m3.729913e-11[39m
     49 Linear |R| = [32m2.415274e-11[39m
     50 Linear |R| = [33m2.408821e-11[39m
     51 Linear |R| = [32m1.348355e-11[39m
     52 Linear |R| = [33m1.337330e-11[39m
     53 Linear |R| = [32m7.585966e-12[39m
     54 Linear |R| = [33m7.433091e-12[39m
     55 Linear |R| = [32m5.304207e-12[39m
     56 Linear |R| = [32m4.069655e-12[39m
     57 Linear |R| = [32m3.699558e-12[39m
     58 Linear |R| = [32m2.823355e-12[39m
     59 Linear |R| = [33m2.814944e-12[39m
     60 Linear |R| = [32m1.362255e-12[39m
     61 Linear |R| = [33m1.361110e-12[39m
     62 Linear |R| = [33m1.355209e-12[39m
     63 Linear |R| = [33m1.355160e-12[39m
     64 Linear |R| = [32m1.279481e-12[39m
     65 Linear |R| = [33m1.277379e-12[39m
     66 Linear |R| = [33m1.275402e-12[39m
     67 Linear |R| = [33m1.262351e-12[39m
     68 Linear |R| = [33m1.222906e-12[39m
     69 Linear |R| = [32m1.078540e-12[39m
     70 Linear |R| = [32m9.897392e-13[39m
     71 Linear |R| = [32m8.153282e-13[39m
     72 Linear |R| = [33m8.107229e-13[39m
     73 Linear |R| = [32m6.569480e-13[39m
     74 Linear |R| = [33m6.564919e-13[39m
     75 Linear |R| = [32m4.887151e-13[39m
     76 Linear |R| = [33m4.761554e-13[39m
     77 Linear |R| = [32m3.340774e-13[39m
     78 Linear |R| = [32m3.117914e-13[39m
     79 Linear |R| = [32m2.212721e-13[39m
     80 Linear |R| = [32m2.063272e-13[39m
     81 Linear |R| = [32m1.336661e-13[39m
     82 Linear |R| = [33m1.288038e-13[39m
     83 Linear |R| = [32m7.759458e-14[39m
     84 Linear |R| = [32m5.477143e-14[39m
     85 Linear |R| = [32m3.886693e-14[39m
     86 Linear |R| = [32m2.497906e-14[39m
     87 Linear |R| = [32m2.141243e-14[39m
     88 Linear |R| = [32m1.235598e-14[39m
     89 Linear |R| = [32m7.190400e-15[39m
     90 Linear |R| = [31m4.814140e-14[39m
     91 Linear |R| = [32m2.638352e-14[39m
     92 Linear |R| = [33m2.548610e-14[39m
     93 Linear |R| = [32m1.807572e-14[39m
     94 Linear |R| = [33m1.807117e-14[39m
     95 Linear |R| = [33m1.798096e-14[39m
     96 Linear |R| = [33m1.730518e-14[39m
     97 Linear |R| = [32m1.026892e-14[39m
     98 Linear |R| = [33m1.022401e-14[39m
     99 Linear |R| = [32m7.471755e-15[39m
    100 Linear |R| = [32m6.354081e-15[39m
    101 Linear |R| = [33m6.127251e-15[39m
    102 Linear |R| = [32m5.415612e-15[39m
    103 Linear |R| = [32m3.554131e-15[39m
    104 Linear |R| = [32m3.247333e-15[39m
    105 Linear |R| = [32m2.526696e-15[39m
    106 Linear |R| = [33m2.446758e-15[39m
    107 Linear |R| = [32m1.685970e-15[39m
    108 Linear |R| = [33m1.660072e-15[39m
    109 Linear |R| = [32m1.081853e-15[39m
 1 Nonlinear |R| = [32m4.762512e-14[39m
[32m Solve Converged![39m

Postprocessor Values:
+----------------+----------------+----------------+----------------+----------------+----------------+----------------+
| time           | J_max          | J_min          | Jbar_max       | Jbar_min       | center_pressure| edge_ux        |
+----------------+----------------+----------------+----------------+----------------+----------------+----------------+
:                :                :                :                :                :                :                :
|   1.000000e-02 |   9.999822e-01 |   9.999673e-01 |   9.999853e-01 |   9.999809e-01 |   5.012332e-05 |   2.282218e-05 |
|   1.200000e-02 |   9.999820e-01 |   9.999671e-01 |   9.999853e-01 |   9.999808e-01 |   5.024036e-05 |   2.261240e-05 |
|   1.400000e-02 |   9.999819e-01 |   9.999669e-01 |   9.999852e-01 |   9.999808e-01 |   5.028440e-05 |   2.241871e-05 |
|   1.600000e-02 |   9.999818e-01 |   9.999668e-01 |   9.999852e-01 |   9.999807e-01 |   5.025450e-05 |   2.223767e-05 |
|   1.800000e-02 |   9.999816e-01 |   9.999667e-01 |   9.999851e-01 |   9.999807e-01 |   5.015183e-05 |   2.206688e-05 |
|   2.000000e-02 |   9.999814e-01 |   9.999665e-01 |   9.999851e-01 |   9.999806e-01 |   4.997957e-05 |   2.190465e-05 |
|   2.200000e-02 |   9.999812e-01 |   9.999664e-01 |   9.999850e-01 |   9.999806e-01 |   4.974249e-05 |   2.174969e-05 |
|   2.400000e-02 |   9.999810e-01 |   9.999663e-01 |   9.999850e-01 |   9.999806e-01 |   4.944638e-05 |   2.160100e-05 |
|   2.600000e-02 |   9.999808e-01 |   9.999662e-01 |   9.999849e-01 |   9.999806e-01 |   4.909758e-05 |   2.145780e-05 |
|   2.800000e-02 |   9.999806e-01 |   9.999661e-01 |   9.999849e-01 |   9.999806e-01 |   4.870253e-05 |   2.131947e-05 |
|   3.000000e-02 |   9.999804e-01 |   9.999660e-01 |   9.999848e-01 |   9.999805e-01 |   4.826751e-05 |   2.118550e-05 |
|   3.200000e-02 |   9.999801e-01 |   9.999659e-01 |   9.999848e-01 |   9.999805e-01 |   4.779844e-05 |   2.105545e-05 |
|   3.400000e-02 |   9.999799e-01 |   9.999658e-01 |   9.999847e-01 |   9.999805e-01 |   4.730077e-05 |   2.092898e-05 |
|   3.600000e-02 |   9.999796e-01 |   9.999657e-01 |   9.999847e-01 |   9.999806e-01 |   4.677943e-05 |   2.080579e-05 |
|   3.800000e-02 |   9.999794e-01 |   9.999656e-01 |   9.999847e-01 |   9.999806e-01 |   4.623882e-05 |   2.068561e-05 |
+----------------+----------------+----------------+----------------+----------------+----------------+----------------+
+----------------+----------------+----------------+------------------+----------------+----------------+
| time           | mass           | mass_reaction  | outflow_gradient | platen_max     | platen_min     |
+----------------+----------------+----------------+------------------+----------------+----------------+
:                :                :                :                  :                :                :
|   1.000000e-02 |   9.999579e-03 |  -2.411266e-05 |     2.400449e-05 |  -4.384449e-06 |  -4.384449e-06 |
|   1.200000e-02 |   9.999535e-03 |  -2.187403e-05 |     2.178478e-05 |  -4.405427e-06 |  -4.405427e-06 |
|   1.400000e-02 |   9.999495e-03 |  -2.019581e-05 |     2.011863e-05 |  -4.424795e-06 |  -4.424795e-06 |
|   1.600000e-02 |   9.999457e-03 |  -1.887789e-05 |     1.880912e-05 |  -4.442900e-06 |  -4.442900e-06 |
|   1.800000e-02 |   9.999421e-03 |  -1.780762e-05 |     1.774509e-05 |  -4.459978e-06 |  -4.459978e-06 |
|   2.000000e-02 |   9.999387e-03 |  -1.691608e-05 |     1.685837e-05 |  -4.476201e-06 |  -4.476201e-06 |
|   2.200000e-02 |   9.999355e-03 |  -1.615842e-05 |     1.610457e-05 |  -4.491698e-06 |  -4.491698e-06 |
|   2.400000e-02 |   9.999324e-03 |  -1.550399e-05 |     1.545330e-05 |  -4.506567e-06 |  -4.506567e-06 |
|   2.600000e-02 |   9.999294e-03 |  -1.493104e-05 |     1.488299e-05 |  -4.520887e-06 |  -4.520887e-06 |
|   2.800000e-02 |   9.999265e-03 |  -1.442359e-05 |     1.437780e-05 |  -4.534719e-06 |  -4.534719e-06 |
|   3.000000e-02 |   9.999238e-03 |  -1.396965e-05 |     1.392581e-05 |  -4.548117e-06 |  -4.548117e-06 |
|   3.200000e-02 |   9.999210e-03 |  -1.355995e-05 |     1.351781e-05 |  -4.561121e-06 |  -4.561121e-06 |
|   3.400000e-02 |   9.999184e-03 |  -1.318724e-05 |     1.314661e-05 |  -4.573768e-06 |  -4.573768e-06 |
|   3.600000e-02 |   9.999158e-03 |  -1.284572e-05 |     1.280644e-05 |  -4.586088e-06 |  -4.586088e-06 |
|   3.800000e-02 |   9.999133e-03 |  -1.253073e-05 |     1.249265e-05 |  -4.598106e-06 |  -4.598106e-06 |
+----------------+----------------+----------------+------------------+----------------+----------------+
+----------------+--------------------+--------------------+----------------+----------------+----------------+
| time           | solid_fraction_max | solid_fraction_min | stability_max  | stability_min  | top_reaction   |
+----------------+--------------------+--------------------+----------------+----------------+----------------+
:                :                    :                    :                :                :                :
|   1.000000e-02 |       9.000163e-01 |       8.999989e-01 |   2.500000e+00 |   2.500000e+00 |  -1.000000e-04 |
|   1.200000e-02 |       9.000164e-01 |       8.999989e-01 |   2.500000e+00 |   2.500000e+00 |  -1.000000e-04 |
|   1.400000e-02 |       9.000165e-01 |       8.999990e-01 |   2.500000e+00 |   2.500000e+00 |  -1.000000e-04 |
|   1.600000e-02 |       9.000165e-01 |       8.999991e-01 |   2.500000e+00 |   2.500000e+00 |  -1.000000e-04 |
|   1.800000e-02 |       9.000166e-01 |       8.999992e-01 |   2.500000e+00 |   2.500000e+00 |  -1.000000e-04 |
|   2.000000e-02 |       9.000167e-01 |       8.999993e-01 |   2.500000e+00 |   2.500000e+00 |  -1.000000e-04 |
|   2.200000e-02 |       9.000167e-01 |       8.999994e-01 |   2.500000e+00 |   2.500000e+00 |  -1.000000e-04 |
|   2.400000e-02 |       9.000168e-01 |       8.999996e-01 |   2.500000e+00 |   2.500000e+00 |  -1.000000e-04 |
|   2.600000e-02 |       9.000169e-01 |       8.999998e-01 |   2.500000e+00 |   2.500000e+00 |  -1.000000e-04 |
|   2.800000e-02 |       9.000169e-01 |       9.000000e-01 |   2.500000e+00 |   2.500000e+00 |  -1.000000e-04 |
|   3.000000e-02 |       9.000170e-01 |       9.000002e-01 |   2.500000e+00 |   2.500000e+00 |  -1.000000e-04 |
|   3.200000e-02 |       9.000170e-01 |       9.000004e-01 |   2.500000e+00 |   2.500000e+00 |  -1.000000e-04 |
|   3.400000e-02 |       9.000171e-01 |       9.000006e-01 |   2.500000e+00 |   2.500000e+00 |  -1.000000e-04 |
|   3.600000e-02 |       9.000171e-01 |       9.000008e-01 |   2.500000e+00 |   2.500000e+00 |  -1.000000e-04 |
|   3.800000e-02 |       9.000172e-01 |       9.000011e-01 |   2.500000e+00 |   2.500000e+00 |  -1.000000e-04 |
+----------------+--------------------+--------------------+----------------+----------------+----------------+


Time Step 20, time = 0.04, dt = 0.002
 * Nonlinear |R| = [32m1.249475e-06[39m (Before preset BCs, predictors, correctors, and constraints)
 0 Nonlinear |R| = [32m1.249475e-06[39m
      0 Linear |R| = [32m1.249475e-06[39m
      1 Linear |R| = [32m2.809048e-07[39m
      2 Linear |R| = [33m2.804160e-07[39m
      3 Linear |R| = [32m2.650197e-07[39m
      4 Linear |R| = [32m2.068549e-07[39m
      5 Linear |R| = [32m1.793373e-07[39m
      6 Linear |R| = [32m1.653774e-07[39m
      7 Linear |R| = [33m1.623291e-07[39m
      8 Linear |R| = [32m1.417612e-07[39m
      9 Linear |R| = [33m1.407607e-07[39m
     10 Linear |R| = [32m6.945446e-08[39m
     11 Linear |R| = [33m6.942418e-08[39m
     12 Linear |R| = [32m3.814681e-08[39m
     13 Linear |R| = [33m3.814183e-08[39m
     14 Linear |R| = [32m2.629979e-08[39m
     15 Linear |R| = [32m2.487032e-08[39m
     16 Linear |R| = [32m1.846814e-08[39m
     17 Linear |R| = [32m1.697641e-08[39m
     18 Linear |R| = [32m1.181491e-08[39m
     19 Linear |R| = [33m1.178534e-08[39m
     20 Linear |R| = [32m8.533266e-09[39m
     21 Linear |R| = [33m8.156002e-09[39m
     22 Linear |R| = [32m5.126154e-09[39m
     23 Linear |R| = [32m4.239249e-09[39m
     24 Linear |R| = [32m2.699919e-09[39m
     25 Linear |R| = [32m1.410105e-09[39m
     26 Linear |R| = [32m1.255469e-09[39m
     27 Linear |R| = [32m7.331561e-10[39m
     28 Linear |R| = [32m6.607591e-10[39m
     29 Linear |R| = [32m3.032588e-10[39m
     30 Linear |R| = [33m2.932406e-10[39m
     31 Linear |R| = [33m2.839013e-10[39m
     32 Linear |R| = [32m2.692076e-10[39m
     33 Linear |R| = [33m2.688073e-10[39m
     34 Linear |R| = [32m2.042807e-10[39m
     35 Linear |R| = [32m1.687871e-10[39m
     36 Linear |R| = [33m1.669520e-10[39m
     37 Linear |R| = [33m1.588080e-10[39m
     38 Linear |R| = [33m1.586298e-10[39m
     39 Linear |R| = [32m1.480892e-10[39m
     40 Linear |R| = [33m1.459221e-10[39m
     41 Linear |R| = [32m1.155475e-10[39m
     42 Linear |R| = [32m1.040897e-10[39m
     43 Linear |R| = [32m9.305066e-11[39m
     44 Linear |R| = [33m8.918767e-11[39m
     45 Linear |R| = [32m5.873393e-11[39m
     46 Linear |R| = [32m5.052293e-11[39m
     47 Linear |R| = [32m4.402966e-11[39m
     48 Linear |R| = [32m3.841611e-11[39m
     49 Linear |R| = [32m2.287937e-11[39m
     50 Linear |R| = [33m2.261607e-11[39m
     51 Linear |R| = [32m1.398962e-11[39m
     52 Linear |R| = [33m1.390665e-11[39m
     53 Linear |R| = [32m8.695372e-12[39m
     54 Linear |R| = [32m7.258755e-12[39m
     55 Linear |R| = [32m5.605230e-12[39m
     56 Linear |R| = [32m3.849159e-12[39m
     57 Linear |R| = [32m3.612034e-12[39m
     58 Linear |R| = [32m2.430533e-12[39m
     59 Linear |R| = [32m1.882464e-12[39m
     60 Linear |R| = [32m1.238860e-12[39m
     61 Linear |R| = [33m1.228268e-12[39m
     62 Linear |R| = [33m1.214657e-12[39m
     63 Linear |R| = [33m1.212087e-12[39m
     64 Linear |R| = [32m1.075616e-12[39m
     65 Linear |R| = [33m1.060340e-12[39m
     66 Linear |R| = [33m1.059984e-12[39m
     67 Linear |R| = [33m1.029639e-12[39m
     68 Linear |R| = [33m1.027701e-12[39m
     69 Linear |R| = [32m9.303001e-13[39m
     70 Linear |R| = [33m9.072243e-13[39m
     71 Linear |R| = [32m7.523492e-13[39m
     72 Linear |R| = [33m7.504770e-13[39m
     73 Linear |R| = [32m5.913446e-13[39m
     74 Linear |R| = [33m5.871416e-13[39m
     75 Linear |R| = [32m4.528519e-13[39m
     76 Linear |R| = [32m4.059851e-13[39m
     77 Linear |R| = [32m3.250386e-13[39m
     78 Linear |R| = [32m2.877014e-13[39m
     79 Linear |R| = [32m2.151815e-13[39m
     80 Linear |R| = [32m1.751501e-13[39m
     81 Linear |R| = [32m1.274107e-13[39m
     82 Linear |R| = [32m1.035672e-13[39m
     83 Linear |R| = [32m8.077036e-14[39m
     84 Linear |R| = [32m4.452885e-14[39m
     85 Linear |R| = [32m3.744303e-14[39m
     86 Linear |R| = [32m2.234424e-14[39m
     87 Linear |R| = [32m2.037042e-14[39m
     88 Linear |R| = [32m9.757424e-15[39m
     89 Linear |R| = [32m6.055512e-15[39m
     90 Linear |R| = [31m4.848560e-14[39m
     91 Linear |R| = [32m2.051895e-14[39m
     92 Linear |R| = [33m2.046354e-14[39m
     93 Linear |R| = [32m1.152633e-14[39m
     94 Linear |R| = [33m1.150748e-14[39m
     95 Linear |R| = [32m8.685548e-15[39m
     96 Linear |R| = [33m8.496687e-15[39m
     97 Linear |R| = [33m8.310550e-15[39m
     98 Linear |R| = [33m8.255187e-15[39m
     99 Linear |R| = [32m6.262620e-15[39m
    100 Linear |R| = [32m5.661638e-15[39m
    101 Linear |R| = [32m4.212718e-15[39m
    102 Linear |R| = [33m4.212716e-15[39m
    103 Linear |R| = [32m3.124939e-15[39m
    104 Linear |R| = [33m3.080092e-15[39m
    105 Linear |R| = [32m2.179196e-15[39m
    106 Linear |R| = [33m2.103274e-15[39m
    107 Linear |R| = [32m1.545295e-15[39m
    108 Linear |R| = [32m1.430222e-15[39m
    109 Linear |R| = [32m9.317099e-16[39m
 1 Nonlinear |R| = [32m4.711577e-14[39m
[32m Solve Converged![39m

Postprocessor Values:
+----------------+----------------+----------------+----------------+----------------+----------------+----------------+
| time           | J_max          | J_min          | Jbar_max       | Jbar_min       | center_pressure| edge_ux        |
+----------------+----------------+----------------+----------------+----------------+----------------+----------------+
:                :                :                :                :                :                :                :
|   1.200000e-02 |   9.999820e-01 |   9.999671e-01 |   9.999853e-01 |   9.999808e-01 |   5.024036e-05 |   2.261240e-05 |
|   1.400000e-02 |   9.999819e-01 |   9.999669e-01 |   9.999852e-01 |   9.999808e-01 |   5.028440e-05 |   2.241871e-05 |
|   1.600000e-02 |   9.999818e-01 |   9.999668e-01 |   9.999852e-01 |   9.999807e-01 |   5.025450e-05 |   2.223767e-05 |
|   1.800000e-02 |   9.999816e-01 |   9.999667e-01 |   9.999851e-01 |   9.999807e-01 |   5.015183e-05 |   2.206688e-05 |
|   2.000000e-02 |   9.999814e-01 |   9.999665e-01 |   9.999851e-01 |   9.999806e-01 |   4.997957e-05 |   2.190465e-05 |
|   2.200000e-02 |   9.999812e-01 |   9.999664e-01 |   9.999850e-01 |   9.999806e-01 |   4.974249e-05 |   2.174969e-05 |
|   2.400000e-02 |   9.999810e-01 |   9.999663e-01 |   9.999850e-01 |   9.999806e-01 |   4.944638e-05 |   2.160100e-05 |
|   2.600000e-02 |   9.999808e-01 |   9.999662e-01 |   9.999849e-01 |   9.999806e-01 |   4.909758e-05 |   2.145780e-05 |
|   2.800000e-02 |   9.999806e-01 |   9.999661e-01 |   9.999849e-01 |   9.999806e-01 |   4.870253e-05 |   2.131947e-05 |
|   3.000000e-02 |   9.999804e-01 |   9.999660e-01 |   9.999848e-01 |   9.999805e-01 |   4.826751e-05 |   2.118550e-05 |
|   3.200000e-02 |   9.999801e-01 |   9.999659e-01 |   9.999848e-01 |   9.999805e-01 |   4.779844e-05 |   2.105545e-05 |
|   3.400000e-02 |   9.999799e-01 |   9.999658e-01 |   9.999847e-01 |   9.999805e-01 |   4.730077e-05 |   2.092898e-05 |
|   3.600000e-02 |   9.999796e-01 |   9.999657e-01 |   9.999847e-01 |   9.999806e-01 |   4.677943e-05 |   2.080579e-05 |
|   3.800000e-02 |   9.999794e-01 |   9.999656e-01 |   9.999847e-01 |   9.999806e-01 |   4.623882e-05 |   2.068561e-05 |
|   4.000000e-02 |   9.999791e-01 |   9.999655e-01 |   9.999846e-01 |   9.999806e-01 |   4.568283e-05 |   2.056824e-05 |
+----------------+----------------+----------------+----------------+----------------+----------------+----------------+
+----------------+----------------+----------------+------------------+----------------+----------------+
| time           | mass           | mass_reaction  | outflow_gradient | platen_max     | platen_min     |
+----------------+----------------+----------------+------------------+----------------+----------------+
:                :                :                :                  :                :                :
|   1.200000e-02 |   9.999535e-03 |  -2.187403e-05 |     2.178478e-05 |  -4.405427e-06 |  -4.405427e-06 |
|   1.400000e-02 |   9.999495e-03 |  -2.019581e-05 |     2.011863e-05 |  -4.424795e-06 |  -4.424795e-06 |
|   1.600000e-02 |   9.999457e-03 |  -1.887789e-05 |     1.880912e-05 |  -4.442900e-06 |  -4.442900e-06 |
|   1.800000e-02 |   9.999421e-03 |  -1.780762e-05 |     1.774509e-05 |  -4.459978e-06 |  -4.459978e-06 |
|   2.000000e-02 |   9.999387e-03 |  -1.691608e-05 |     1.685837e-05 |  -4.476201e-06 |  -4.476201e-06 |
|   2.200000e-02 |   9.999355e-03 |  -1.615842e-05 |     1.610457e-05 |  -4.491698e-06 |  -4.491698e-06 |
|   2.400000e-02 |   9.999324e-03 |  -1.550399e-05 |     1.545330e-05 |  -4.506567e-06 |  -4.506567e-06 |
|   2.600000e-02 |   9.999294e-03 |  -1.493104e-05 |     1.488299e-05 |  -4.520887e-06 |  -4.520887e-06 |
|   2.800000e-02 |   9.999265e-03 |  -1.442359e-05 |     1.437780e-05 |  -4.534719e-06 |  -4.534719e-06 |
|   3.000000e-02 |   9.999238e-03 |  -1.396965e-05 |     1.392581e-05 |  -4.548117e-06 |  -4.548117e-06 |
|   3.200000e-02 |   9.999210e-03 |  -1.355995e-05 |     1.351781e-05 |  -4.561121e-06 |  -4.561121e-06 |
|   3.400000e-02 |   9.999184e-03 |  -1.318724e-05 |     1.314661e-05 |  -4.573768e-06 |  -4.573768e-06 |
|   3.600000e-02 |   9.999158e-03 |  -1.284572e-05 |     1.280644e-05 |  -4.586088e-06 |  -4.586088e-06 |
|   3.800000e-02 |   9.999133e-03 |  -1.253073e-05 |     1.249265e-05 |  -4.598106e-06 |  -4.598106e-06 |
|   4.000000e-02 |   9.999109e-03 |  -1.223843e-05 |     1.220145e-05 |  -4.609843e-06 |  -4.609843e-06 |
+----------------+----------------+----------------+------------------+----------------+----------------+
+----------------+--------------------+--------------------+----------------+----------------+----------------+
| time           | solid_fraction_max | solid_fraction_min | stability_max  | stability_min  | top_reaction   |
+----------------+--------------------+--------------------+----------------+----------------+----------------+
:                :                    :                    :                :                :                :
|   1.200000e-02 |       9.000164e-01 |       8.999989e-01 |   2.500000e+00 |   2.500000e+00 |  -1.000000e-04 |
|   1.400000e-02 |       9.000165e-01 |       8.999990e-01 |   2.500000e+00 |   2.500000e+00 |  -1.000000e-04 |
|   1.600000e-02 |       9.000165e-01 |       8.999991e-01 |   2.500000e+00 |   2.500000e+00 |  -1.000000e-04 |
|   1.800000e-02 |       9.000166e-01 |       8.999992e-01 |   2.500000e+00 |   2.500000e+00 |  -1.000000e-04 |
|   2.000000e-02 |       9.000167e-01 |       8.999993e-01 |   2.500000e+00 |   2.500000e+00 |  -1.000000e-04 |
|   2.200000e-02 |       9.000167e-01 |       8.999994e-01 |   2.500000e+00 |   2.500000e+00 |  -1.000000e-04 |
|   2.400000e-02 |       9.000168e-01 |       8.999996e-01 |   2.500000e+00 |   2.500000e+00 |  -1.000000e-04 |
|   2.600000e-02 |       9.000169e-01 |       8.999998e-01 |   2.500000e+00 |   2.500000e+00 |  -1.000000e-04 |
|   2.800000e-02 |       9.000169e-01 |       9.000000e-01 |   2.500000e+00 |   2.500000e+00 |  -1.000000e-04 |
|   3.000000e-02 |       9.000170e-01 |       9.000002e-01 |   2.500000e+00 |   2.500000e+00 |  -1.000000e-04 |
|   3.200000e-02 |       9.000170e-01 |       9.000004e-01 |   2.500000e+00 |   2.500000e+00 |  -1.000000e-04 |
|   3.400000e-02 |       9.000171e-01 |       9.000006e-01 |   2.500000e+00 |   2.500000e+00 |  -1.000000e-04 |
|   3.600000e-02 |       9.000171e-01 |       9.000008e-01 |   2.500000e+00 |   2.500000e+00 |  -1.000000e-04 |
|   3.800000e-02 |       9.000172e-01 |       9.000011e-01 |   2.500000e+00 |   2.500000e+00 |  -1.000000e-04 |
|   4.000000e-02 |       9.000172e-01 |       9.000013e-01 |   2.500000e+00 |   2.500000e+00 |  -1.000000e-04 |
+----------------+--------------------+--------------------+----------------+----------------+----------------+


Time Step 21, time = 0.042, dt = 0.002
 * Nonlinear |R| = [32m1.222323e-06[39m (Before preset BCs, predictors, correctors, and constraints)
 0 Nonlinear |R| = [32m1.222323e-06[39m
      0 Linear |R| = [32m1.222323e-06[39m
      1 Linear |R| = [32m2.712804e-07[39m
      2 Linear |R| = [33m2.710294e-07[39m
      3 Linear |R| = [32m2.571309e-07[39m
      4 Linear |R| = [32m2.031918e-07[39m
      5 Linear |R| = [32m1.758285e-07[39m
      6 Linear |R| = [32m1.620478e-07[39m
      7 Linear |R| = [33m1.584596e-07[39m
      8 Linear |R| = [32m1.388868e-07[39m
      9 Linear |R| = [33m1.374713e-07[39m
     10 Linear |R| = [32m6.791455e-08[39m
     11 Linear |R| = [33m6.784129e-08[39m
     12 Linear |R| = [32m3.739005e-08[39m
     13 Linear |R| = [33m3.737409e-08[39m
     14 Linear |R| = [32m2.580151e-08[39m
     15 Linear |R| = [32m2.446623e-08[39m
     16 Linear |R| = [32m1.814205e-08[39m
     17 Linear |R| = [32m1.665218e-08[39m
     18 Linear |R| = [32m1.152917e-08[39m
     19 Linear |R| = [33m1.148661e-08[39m
     20 Linear |R| = [32m8.318476e-09[39m
     21 Linear |R| = [32m7.858575e-09[39m
     22 Linear |R| = [32m4.997576e-09[39m
     23 Linear |R| = [32m4.078290e-09[39m
     24 Linear |R| = [32m2.631368e-09[39m
     25 Linear |R| = [32m1.344286e-09[39m
     26 Linear |R| = [32m1.222757e-09[39m
     27 Linear |R| = [32m6.861647e-10[39m
     28 Linear |R| = [32m6.399586e-10[39m
     29 Linear |R| = [32m2.966193e-10[39m
     30 Linear |R| = [33m2.863512e-10[39m
     31 Linear |R| = [33m2.768368e-10[39m
     32 Linear |R| = [33m2.648817e-10[39m
     33 Linear |R| = [33m2.644042e-10[39m
     34 Linear |R| = [32m2.064075e-10[39m
     35 Linear |R| = [32m1.662048e-10[39m
     36 Linear |R| = [33m1.650288e-10[39m
     37 Linear |R| = [33m1.587825e-10[39m
     38 Linear |R| = [33m1.584379e-10[39m
     39 Linear |R| = [32m1.497526e-10[39m
     40 Linear |R| = [33m1.469027e-10[39m
     41 Linear |R| = [32m1.170956e-10[39m
     42 Linear |R| = [32m1.027834e-10[39m
     43 Linear |R| = [32m9.310148e-11[39m
     44 Linear |R| = [33m8.851475e-11[39m
     45 Linear |R| = [32m5.977207e-11[39m
     46 Linear |R| = [32m5.010830e-11[39m
     47 Linear |R| = [32m4.526235e-11[39m
     48 Linear |R| = [32m3.884797e-11[39m
     49 Linear |R| = [32m2.249736e-11[39m
     50 Linear |R| = [33m2.224820e-11[39m
     51 Linear |R| = [32m1.447717e-11[39m
     52 Linear |R| = [33m1.432960e-11[39m
     53 Linear |R| = [32m8.887198e-12[39m
     54 Linear |R| = [32m7.136615e-12[39m
     55 Linear |R| = [32m5.483570e-12[39m
     56 Linear |R| = [32m3.798826e-12[39m
     57 Linear |R| = [32m3.538121e-12[39m
     58 Linear |R| = [32m2.351495e-12[39m
     59 Linear |R| = [32m1.871311e-12[39m
     60 Linear |R| = [32m1.178069e-12[39m
     61 Linear |R| = [33m1.166375e-12[39m
     62 Linear |R| = [33m1.156946e-12[39m
     63 Linear |R| = [33m1.150379e-12[39m
     64 Linear |R| = [32m1.018389e-12[39m
     65 Linear |R| = [33m9.910209e-13[39m
     66 Linear |R| = [33m9.907513e-13[39m
     67 Linear |R| = [33m9.593377e-13[39m
     68 Linear |R| = [33m9.584541e-13[39m
     69 Linear |R| = [32m8.587562e-13[39m
     70 Linear |R| = [33m8.566460e-13[39m
     71 Linear |R| = [32m7.223252e-13[39m
     72 Linear |R| = [33m7.198019e-13[39m
     73 Linear |R| = [32m5.571075e-13[39m
     74 Linear |R| = [33m5.463874e-13[39m
     75 Linear |R| = [32m4.334579e-13[39m
     76 Linear |R| = [32m3.929299e-13[39m
     77 Linear |R| = [32m3.094200e-13[39m
     78 Linear |R| = [32m2.931463e-13[39m
     79 Linear |R| = [32m2.059556e-13[39m
     80 Linear |R| = [32m1.732882e-13[39m
     81 Linear |R| = [32m1.250159e-13[39m
     82 Linear |R| = [32m9.787854e-14[39m
     83 Linear |R| = [32m7.936112e-14[39m
     84 Linear |R| = [32m4.137279e-14[39m
     85 Linear |R| = [32m3.638666e-14[39m
     86 Linear |R| = [32m2.144265e-14[39m
     87 Linear |R| = [32m1.989967e-14[39m
     88 Linear |R| = [32m4.691779e-15[39m
     89 Linear |R| = [33m4.687688e-15[39m
     90 Linear |R| = [31m4.473414e-14[39m
     91 Linear |R| = [32m2.879927e-14[39m
     92 Linear |R| = [33m2.830322e-14[39m
     93 Linear |R| = [32m1.914155e-14[39m
     94 Linear |R| = [32m1.571055e-14[39m
     95 Linear |R| = [32m1.308854e-14[39m
     96 Linear |R| = [32m9.940891e-15[39m
     97 Linear |R| = [33m9.666518e-15[39m
     98 Linear |R| = [32m5.733205e-15[39m
     99 Linear |R| = [33m5.646316e-15[39m
    100 Linear |R| = [32m4.415352e-15[39m
    101 Linear |R| = [33m4.399825e-15[39m
    102 Linear |R| = [32m3.946379e-15[39m
    103 Linear |R| = [32m3.260905e-15[39m
    104 Linear |R| = [32m2.848041e-15[39m
    105 Linear |R| = [32m2.388177e-15[39m
    106 Linear |R| = [32m2.108161e-15[39m
    107 Linear |R| = [32m1.715912e-15[39m
    108 Linear |R| = [32m1.398251e-15[39m
    109 Linear |R| = [32m9.599424e-16[39m
 1 Nonlinear |R| = [32m4.147408e-14[39m
[32m Solve Converged![39m

Postprocessor Values:
+----------------+----------------+----------------+----------------+----------------+----------------+----------------+
| time           | J_max          | J_min          | Jbar_max       | Jbar_min       | center_pressure| edge_ux        |
+----------------+----------------+----------------+----------------+----------------+----------------+----------------+
:                :                :                :                :                :                :                :
|   1.400000e-02 |   9.999819e-01 |   9.999669e-01 |   9.999852e-01 |   9.999808e-01 |   5.028440e-05 |   2.241871e-05 |
|   1.600000e-02 |   9.999818e-01 |   9.999668e-01 |   9.999852e-01 |   9.999807e-01 |   5.025450e-05 |   2.223767e-05 |
|   1.800000e-02 |   9.999816e-01 |   9.999667e-01 |   9.999851e-01 |   9.999807e-01 |   5.015183e-05 |   2.206688e-05 |
|   2.000000e-02 |   9.999814e-01 |   9.999665e-01 |   9.999851e-01 |   9.999806e-01 |   4.997957e-05 |   2.190465e-05 |
|   2.200000e-02 |   9.999812e-01 |   9.999664e-01 |   9.999850e-01 |   9.999806e-01 |   4.974249e-05 |   2.174969e-05 |
|   2.400000e-02 |   9.999810e-01 |   9.999663e-01 |   9.999850e-01 |   9.999806e-01 |   4.944638e-05 |   2.160100e-05 |
|   2.600000e-02 |   9.999808e-01 |   9.999662e-01 |   9.999849e-01 |   9.999806e-01 |   4.909758e-05 |   2.145780e-05 |
|   2.800000e-02 |   9.999806e-01 |   9.999661e-01 |   9.999849e-01 |   9.999806e-01 |   4.870253e-05 |   2.131947e-05 |
|   3.000000e-02 |   9.999804e-01 |   9.999660e-01 |   9.999848e-01 |   9.999805e-01 |   4.826751e-05 |   2.118550e-05 |
|   3.200000e-02 |   9.999801e-01 |   9.999659e-01 |   9.999848e-01 |   9.999805e-01 |   4.779844e-05 |   2.105545e-05 |
|   3.400000e-02 |   9.999799e-01 |   9.999658e-01 |   9.999847e-01 |   9.999805e-01 |   4.730077e-05 |   2.092898e-05 |
|   3.600000e-02 |   9.999796e-01 |   9.999657e-01 |   9.999847e-01 |   9.999806e-01 |   4.677943e-05 |   2.080579e-05 |
|   3.800000e-02 |   9.999794e-01 |   9.999656e-01 |   9.999847e-01 |   9.999806e-01 |   4.623882e-05 |   2.068561e-05 |
|   4.000000e-02 |   9.999791e-01 |   9.999655e-01 |   9.999846e-01 |   9.999806e-01 |   4.568283e-05 |   2.056824e-05 |
|   4.200000e-02 |   9.999789e-01 |   9.999654e-01 |   9.999846e-01 |   9.999806e-01 |   4.511487e-05 |   2.045348e-05 |
+----------------+----------------+----------------+----------------+----------------+----------------+----------------+
+----------------+----------------+----------------+------------------+----------------+----------------+
| time           | mass           | mass_reaction  | outflow_gradient | platen_max     | platen_min     |
+----------------+----------------+----------------+------------------+----------------+----------------+
:                :                :                :                  :                :                :
|   1.400000e-02 |   9.999495e-03 |  -2.019581e-05 |     2.011863e-05 |  -4.424795e-06 |  -4.424795e-06 |
|   1.600000e-02 |   9.999457e-03 |  -1.887789e-05 |     1.880912e-05 |  -4.442900e-06 |  -4.442900e-06 |
|   1.800000e-02 |   9.999421e-03 |  -1.780762e-05 |     1.774509e-05 |  -4.459978e-06 |  -4.459978e-06 |
|   2.000000e-02 |   9.999387e-03 |  -1.691608e-05 |     1.685837e-05 |  -4.476201e-06 |  -4.476201e-06 |
|   2.200000e-02 |   9.999355e-03 |  -1.615842e-05 |     1.610457e-05 |  -4.491698e-06 |  -4.491698e-06 |
|   2.400000e-02 |   9.999324e-03 |  -1.550399e-05 |     1.545330e-05 |  -4.506567e-06 |  -4.506567e-06 |
|   2.600000e-02 |   9.999294e-03 |  -1.493104e-05 |     1.488299e-05 |  -4.520887e-06 |  -4.520887e-06 |
|   2.800000e-02 |   9.999265e-03 |  -1.442359e-05 |     1.437780e-05 |  -4.534719e-06 |  -4.534719e-06 |
|   3.000000e-02 |   9.999238e-03 |  -1.396965e-05 |     1.392581e-05 |  -4.548117e-06 |  -4.548117e-06 |
|   3.200000e-02 |   9.999210e-03 |  -1.355995e-05 |     1.351781e-05 |  -4.561121e-06 |  -4.561121e-06 |
|   3.400000e-02 |   9.999184e-03 |  -1.318724e-05 |     1.314661e-05 |  -4.573768e-06 |  -4.573768e-06 |
|   3.600000e-02 |   9.999158e-03 |  -1.284572e-05 |     1.280644e-05 |  -4.586088e-06 |  -4.586088e-06 |
|   3.800000e-02 |   9.999133e-03 |  -1.253073e-05 |     1.249265e-05 |  -4.598106e-06 |  -4.598106e-06 |
|   4.000000e-02 |   9.999109e-03 |  -1.223843e-05 |     1.220145e-05 |  -4.609843e-06 |  -4.609843e-06 |
|   4.200000e-02 |   9.999085e-03 |  -1.196568e-05 |     1.192970e-05 |  -4.621318e-06 |  -4.621318e-06 |
+----------------+----------------+----------------+------------------+----------------+----------------+
+----------------+--------------------+--------------------+----------------+----------------+----------------+
| time           | solid_fraction_max | solid_fraction_min | stability_max  | stability_min  | top_reaction   |
+----------------+--------------------+--------------------+----------------+----------------+----------------+
:                :                    :                    :                :                :                :
|   1.400000e-02 |       9.000165e-01 |       8.999990e-01 |   2.500000e+00 |   2.500000e+00 |  -1.000000e-04 |
|   1.600000e-02 |       9.000165e-01 |       8.999991e-01 |   2.500000e+00 |   2.500000e+00 |  -1.000000e-04 |
|   1.800000e-02 |       9.000166e-01 |       8.999992e-01 |   2.500000e+00 |   2.500000e+00 |  -1.000000e-04 |
|   2.000000e-02 |       9.000167e-01 |       8.999993e-01 |   2.500000e+00 |   2.500000e+00 |  -1.000000e-04 |
|   2.200000e-02 |       9.000167e-01 |       8.999994e-01 |   2.500000e+00 |   2.500000e+00 |  -1.000000e-04 |
|   2.400000e-02 |       9.000168e-01 |       8.999996e-01 |   2.500000e+00 |   2.500000e+00 |  -1.000000e-04 |
|   2.600000e-02 |       9.000169e-01 |       8.999998e-01 |   2.500000e+00 |   2.500000e+00 |  -1.000000e-04 |
|   2.800000e-02 |       9.000169e-01 |       9.000000e-01 |   2.500000e+00 |   2.500000e+00 |  -1.000000e-04 |
|   3.000000e-02 |       9.000170e-01 |       9.000002e-01 |   2.500000e+00 |   2.500000e+00 |  -1.000000e-04 |
|   3.200000e-02 |       9.000170e-01 |       9.000004e-01 |   2.500000e+00 |   2.500000e+00 |  -1.000000e-04 |
|   3.400000e-02 |       9.000171e-01 |       9.000006e-01 |   2.500000e+00 |   2.500000e+00 |  -1.000000e-04 |
|   3.600000e-02 |       9.000171e-01 |       9.000008e-01 |   2.500000e+00 |   2.500000e+00 |  -1.000000e-04 |
|   3.800000e-02 |       9.000172e-01 |       9.000011e-01 |   2.500000e+00 |   2.500000e+00 |  -1.000000e-04 |
|   4.000000e-02 |       9.000172e-01 |       9.000013e-01 |   2.500000e+00 |   2.500000e+00 |  -1.000000e-04 |
|   4.200000e-02 |       9.000173e-01 |       9.000015e-01 |   2.500000e+00 |   2.500000e+00 |  -1.000000e-04 |
+----------------+--------------------+--------------------+----------------+----------------+----------------+


Time Step 22, time = 0.044, dt = 0.002
 * Nonlinear |R| = [32m1.197379e-06[39m (Before preset BCs, predictors, correctors, and constraints)
 0 Nonlinear |R| = [32m1.197379e-06[39m
      0 Linear |R| = [32m1.197379e-06[39m
      1 Linear |R| = [32m2.625918e-07[39m
      2 Linear |R| = [33m2.624763e-07[39m
      3 Linear |R| = [33m2.498542e-07[39m
      4 Linear |R| = [32m1.997068e-07[39m
      5 Linear |R| = [32m1.724980e-07[39m
      6 Linear |R| = [32m1.589076e-07[39m
      7 Linear |R| = [33m1.548560e-07[39m
      8 Linear |R| = [32m1.361392e-07[39m
      9 Linear |R| = [33m1.341814e-07[39m
     10 Linear |R| = [32m6.651398e-08[39m
     11 Linear |R| = [33m6.639028e-08[39m
     12 Linear |R| = [32m3.673233e-08[39m
     13 Linear |R| = [33m3.670429e-08[39m
     14 Linear |R| = [32m2.535914e-08[39m
     15 Linear |R| = [33m2.409845e-08[39m
     16 Linear |R| = [32m1.784561e-08[39m
     17 Linear |R| = [32m1.635039e-08[39m
     18 Linear |R| = [32m1.126448e-08[39m
     19 Linear |R| = [33m1.120864e-08[39m
     20 Linear |R| = [32m8.120098e-09[39m
     21 Linear |R| = [32m7.575422e-09[39m
     22 Linear |R| = [32m4.879151e-09[39m
     23 Linear |R| = [32m3.935541e-09[39m
     24 Linear |R| = [32m2.568405e-09[39m
     25 Linear |R| = [32m1.290129e-09[39m
     26 Linear |R| = [32m1.192786e-09[39m
     27 Linear |R| = [32m6.421160e-10[39m
     28 Linear |R| = [33m6.176438e-10[39m
     29 Linear |R| = [32m2.908461e-10[39m
     30 Linear |R| = [33m2.807345e-10[39m
     31 Linear |R| = [33m2.713924e-10[39m
     32 Linear |R| = [33m2.606949e-10[39m
     33 Linear |R| = [33m2.601903e-10[39m
     34 Linear |R| = [32m2.061325e-10[39m
     35 Linear |R| = [32m1.644110e-10[39m
     36 Linear |R| = [33m1.635712e-10[39m
     37 Linear |R| = [33m1.582894e-10[39m
     38 Linear |R| = [33m1.576878e-10[39m
     39 Linear |R| = [33m1.505996e-10[39m
     40 Linear |R| = [33m1.472156e-10[39m
     41 Linear |R| = [32m1.210453e-10[39m
     42 Linear |R| = [32m1.023437e-10[39m
     43 Linear |R| = [32m9.333608e-11[39m
     44 Linear |R| = [32m8.787463e-11[39m
     45 Linear |R| = [32m6.061795e-11[39m
     46 Linear |R| = [32m4.983256e-11[39m
     47 Linear |R| = [32m4.584504e-11[39m
     48 Linear |R| = [32m3.879017e-11[39m
     49 Linear |R| = [32m2.276937e-11[39m
     50 Linear |R| = [33m2.269848e-11[39m
     51 Linear |R| = [32m1.473821e-11[39m
     52 Linear |R| = [33m1.457701e-11[39m
     53 Linear |R| = [32m8.851041e-12[39m
     54 Linear |R| = [32m7.249054e-12[39m
     55 Linear |R| = [32m5.407894e-12[39m
     56 Linear |R| = [32m3.779219e-12[39m
     57 Linear |R| = [32m3.479348e-12[39m
     58 Linear |R| = [32m2.304358e-12[39m
     59 Linear |R| = [32m1.825405e-12[39m
     60 Linear |R| = [32m1.210608e-12[39m
     61 Linear |R| = [33m1.198728e-12[39m
     62 Linear |R| = [33m1.187300e-12[39m
     63 Linear |R| = [33m1.182264e-12[39m
     64 Linear |R| = [32m1.034194e-12[39m
     65 Linear |R| = [33m1.011299e-12[39m
     66 Linear |R| = [33m1.010550e-12[39m
     67 Linear |R| = [33m9.782570e-13[39m
     68 Linear |R| = [33m9.773378e-13[39m
     69 Linear |R| = [32m8.725415e-13[39m
     70 Linear |R| = [33m8.666808e-13[39m
     71 Linear |R| = [32m7.301987e-13[39m
     72 Linear |R| = [33m7.274397e-13[39m
     73 Linear |R| = [32m5.888898e-13[39m
     74 Linear |R| = [33m5.887928e-13[39m
     75 Linear |R| = [32m4.425945e-13[39m
     76 Linear |R| = [32m3.945465e-13[39m
     77 Linear |R| = [32m3.201470e-13[39m
     78 Linear |R| = [32m3.020414e-13[39m
     79 Linear |R| = [32m2.172713e-13[39m
     80 Linear |R| = [32m1.991603e-13[39m
     81 Linear |R| = [32m1.268264e-13[39m
     82 Linear |R| = [32m1.012810e-13[39m
     83 Linear |R| = [32m8.145850e-14[39m
     84 Linear |R| = [32m3.870197e-14[39m
     85 Linear |R| = [32m3.658097e-14[39m
     86 Linear |R| = [32m1.981093e-14[39m
     87 Linear |R| = [33m1.950450e-14[39m
     88 Linear |R| = [32m7.988427e-15[39m
     89 Linear |R| = [32m5.841790e-15[39m
     90 Linear |R| = [31m4.458348e-14[39m
     91 Linear |R| = [32m1.939407e-14[39m
     92 Linear |R| = [32m1.755828e-14[39m
     93 Linear |R| = [32m1.145937e-14[39m
     94 Linear |R| = [33m1.131757e-14[39m
     95 Linear |R| = [32m8.449304e-15[39m
     96 Linear |R| = [33m8.356118e-15[39m
     97 Linear |R| = [33m8.186355e-15[39m
     98 Linear |R| = [32m7.144586e-15[39m
     99 Linear |R| = [32m6.295483e-15[39m
    100 Linear |R| = [32m5.537839e-15[39m
    101 Linear |R| = [32m4.681179e-15[39m
    102 Linear |R| = [32m3.920086e-15[39m
    103 Linear |R| = [32m2.809227e-15[39m
    104 Linear |R| = [32m2.529060e-15[39m
    105 Linear |R| = [32m1.882539e-15[39m
    106 Linear |R| = [33m1.839476e-15[39m
    107 Linear |R| = [32m1.337509e-15[39m
    108 Linear |R| = [32m1.251941e-15[39m
    109 Linear |R| = [32m9.270111e-16[39m
 1 Nonlinear |R| = [32m4.271797e-14[39m
[32m Solve Converged![39m

Postprocessor Values:
+----------------+----------------+----------------+----------------+----------------+----------------+----------------+
| time           | J_max          | J_min          | Jbar_max       | Jbar_min       | center_pressure| edge_ux        |
+----------------+----------------+----------------+----------------+----------------+----------------+----------------+
:                :                :                :                :                :                :                :
|   1.600000e-02 |   9.999818e-01 |   9.999668e-01 |   9.999852e-01 |   9.999807e-01 |   5.025450e-05 |   2.223767e-05 |
|   1.800000e-02 |   9.999816e-01 |   9.999667e-01 |   9.999851e-01 |   9.999807e-01 |   5.015183e-05 |   2.206688e-05 |
|   2.000000e-02 |   9.999814e-01 |   9.999665e-01 |   9.999851e-01 |   9.999806e-01 |   4.997957e-05 |   2.190465e-05 |
|   2.200000e-02 |   9.999812e-01 |   9.999664e-01 |   9.999850e-01 |   9.999806e-01 |   4.974249e-05 |   2.174969e-05 |
|   2.400000e-02 |   9.999810e-01 |   9.999663e-01 |   9.999850e-01 |   9.999806e-01 |   4.944638e-05 |   2.160100e-05 |
|   2.600000e-02 |   9.999808e-01 |   9.999662e-01 |   9.999849e-01 |   9.999806e-01 |   4.909758e-05 |   2.145780e-05 |
|   2.800000e-02 |   9.999806e-01 |   9.999661e-01 |   9.999849e-01 |   9.999806e-01 |   4.870253e-05 |   2.131947e-05 |
|   3.000000e-02 |   9.999804e-01 |   9.999660e-01 |   9.999848e-01 |   9.999805e-01 |   4.826751e-05 |   2.118550e-05 |
|   3.200000e-02 |   9.999801e-01 |   9.999659e-01 |   9.999848e-01 |   9.999805e-01 |   4.779844e-05 |   2.105545e-05 |
|   3.400000e-02 |   9.999799e-01 |   9.999658e-01 |   9.999847e-01 |   9.999805e-01 |   4.730077e-05 |   2.092898e-05 |
|   3.600000e-02 |   9.999796e-01 |   9.999657e-01 |   9.999847e-01 |   9.999806e-01 |   4.677943e-05 |   2.080579e-05 |
|   3.800000e-02 |   9.999794e-01 |   9.999656e-01 |   9.999847e-01 |   9.999806e-01 |   4.623882e-05 |   2.068561e-05 |
|   4.000000e-02 |   9.999791e-01 |   9.999655e-01 |   9.999846e-01 |   9.999806e-01 |   4.568283e-05 |   2.056824e-05 |
|   4.200000e-02 |   9.999789e-01 |   9.999654e-01 |   9.999846e-01 |   9.999806e-01 |   4.511487e-05 |   2.045348e-05 |
|   4.400000e-02 |   9.999786e-01 |   9.999653e-01 |   9.999845e-01 |   9.999806e-01 |   4.453789e-05 |   2.034118e-05 |
+----------------+----------------+----------------+----------------+----------------+----------------+----------------+
+----------------+----------------+----------------+------------------+----------------+----------------+
| time           | mass           | mass_reaction  | outflow_gradient | platen_max     | platen_min     |
+----------------+----------------+----------------+------------------+----------------+----------------+
:                :                :                :                  :                :                :
|   1.600000e-02 |   9.999457e-03 |  -1.887789e-05 |     1.880912e-05 |  -4.442900e-06 |  -4.442900e-06 |
|   1.800000e-02 |   9.999421e-03 |  -1.780762e-05 |     1.774509e-05 |  -4.459978e-06 |  -4.459978e-06 |
|   2.000000e-02 |   9.999387e-03 |  -1.691608e-05 |     1.685837e-05 |  -4.476201e-06 |  -4.476201e-06 |
|   2.200000e-02 |   9.999355e-03 |  -1.615842e-05 |     1.610457e-05 |  -4.491698e-06 |  -4.491698e-06 |
|   2.400000e-02 |   9.999324e-03 |  -1.550399e-05 |     1.545330e-05 |  -4.506567e-06 |  -4.506567e-06 |
|   2.600000e-02 |   9.999294e-03 |  -1.493104e-05 |     1.488299e-05 |  -4.520887e-06 |  -4.520887e-06 |
|   2.800000e-02 |   9.999265e-03 |  -1.442359e-05 |     1.437780e-05 |  -4.534719e-06 |  -4.534719e-06 |
|   3.000000e-02 |   9.999238e-03 |  -1.396965e-05 |     1.392581e-05 |  -4.548117e-06 |  -4.548117e-06 |
|   3.200000e-02 |   9.999210e-03 |  -1.355995e-05 |     1.351781e-05 |  -4.561121e-06 |  -4.561121e-06 |
|   3.400000e-02 |   9.999184e-03 |  -1.318724e-05 |     1.314661e-05 |  -4.573768e-06 |  -4.573768e-06 |
|   3.600000e-02 |   9.999158e-03 |  -1.284572e-05 |     1.280644e-05 |  -4.586088e-06 |  -4.586088e-06 |
|   3.800000e-02 |   9.999133e-03 |  -1.253073e-05 |     1.249265e-05 |  -4.598106e-06 |  -4.598106e-06 |
|   4.000000e-02 |   9.999109e-03 |  -1.223843e-05 |     1.220145e-05 |  -4.609843e-06 |  -4.609843e-06 |
|   4.200000e-02 |   9.999085e-03 |  -1.196568e-05 |     1.192970e-05 |  -4.621318e-06 |  -4.621318e-06 |
|   4.400000e-02 |   9.999061e-03 |  -1.170985e-05 |     1.167479e-05 |  -4.632548e-06 |  -4.632548e-06 |
+----------------+----------------+----------------+------------------+----------------+----------------+
+----------------+--------------------+--------------------+----------------+----------------+----------------+
| time           | solid_fraction_max | solid_fraction_min | stability_max  | stability_min  | top_reaction   |
+----------------+--------------------+--------------------+----------------+----------------+----------------+
:                :                    :                    :                :                :                :
|   1.600000e-02 |       9.000165e-01 |       8.999991e-01 |   2.500000e+00 |   2.500000e+00 |  -1.000000e-04 |
|   1.800000e-02 |       9.000166e-01 |       8.999992e-01 |   2.500000e+00 |   2.500000e+00 |  -1.000000e-04 |
|   2.000000e-02 |       9.000167e-01 |       8.999993e-01 |   2.500000e+00 |   2.500000e+00 |  -1.000000e-04 |
|   2.200000e-02 |       9.000167e-01 |       8.999994e-01 |   2.500000e+00 |   2.500000e+00 |  -1.000000e-04 |
|   2.400000e-02 |       9.000168e-01 |       8.999996e-01 |   2.500000e+00 |   2.500000e+00 |  -1.000000e-04 |
|   2.600000e-02 |       9.000169e-01 |       8.999998e-01 |   2.500000e+00 |   2.500000e+00 |  -1.000000e-04 |
|   2.800000e-02 |       9.000169e-01 |       9.000000e-01 |   2.500000e+00 |   2.500000e+00 |  -1.000000e-04 |
|   3.000000e-02 |       9.000170e-01 |       9.000002e-01 |   2.500000e+00 |   2.500000e+00 |  -1.000000e-04 |
|   3.200000e-02 |       9.000170e-01 |       9.000004e-01 |   2.500000e+00 |   2.500000e+00 |  -1.000000e-04 |
|   3.400000e-02 |       9.000171e-01 |       9.000006e-01 |   2.500000e+00 |   2.500000e+00 |  -1.000000e-04 |
|   3.600000e-02 |       9.000171e-01 |       9.000008e-01 |   2.500000e+00 |   2.500000e+00 |  -1.000000e-04 |
|   3.800000e-02 |       9.000172e-01 |       9.000011e-01 |   2.500000e+00 |   2.500000e+00 |  -1.000000e-04 |
|   4.000000e-02 |       9.000172e-01 |       9.000013e-01 |   2.500000e+00 |   2.500000e+00 |  -1.000000e-04 |
|   4.200000e-02 |       9.000173e-01 |       9.000015e-01 |   2.500000e+00 |   2.500000e+00 |  -1.000000e-04 |
|   4.400000e-02 |       9.000173e-01 |       9.000018e-01 |   2.500000e+00 |   2.500000e+00 |  -1.000000e-04 |
+----------------+--------------------+--------------------+----------------+----------------+----------------+


Time Step 23, time = 0.046, dt = 0.002
 * Nonlinear |R| = [32m1.174200e-06[39m (Before preset BCs, predictors, correctors, and constraints)
 0 Nonlinear |R| = [32m1.174200e-06[39m
      0 Linear |R| = [32m1.174200e-06[39m
      1 Linear |R| = [32m2.547078e-07[39m
      2 Linear |R| = [33m2.546642e-07[39m
      3 Linear |R| = [33m2.431294e-07[39m
      4 Linear |R| = [32m1.963663e-07[39m
      5 Linear |R| = [32m1.693207e-07[39m
      6 Linear |R| = [32m1.559282e-07[39m
      7 Linear |R| = [33m1.514973e-07[39m
      8 Linear |R| = [32m1.335027e-07[39m
      9 Linear |R| = [33m1.308418e-07[39m
     10 Linear |R| = [32m6.522307e-08[39m
     11 Linear |R| = [33m6.504703e-08[39m
     12 Linear |R| = [32m3.614422e-08[39m
     13 Linear |R| = [33m3.610535e-08[39m
     14 Linear |R| = [32m2.495201e-08[39m
     15 Linear |R| = [33m2.375351e-08[39m
     16 Linear |R| = [32m1.756718e-08[39m
     17 Linear |R| = [32m1.606466e-08[39m
     18 Linear |R| = [32m1.101723e-08[39m
     19 Linear |R| = [33m1.094829e-08[39m
     20 Linear |R| = [32m7.935776e-09[39m
     21 Linear |R| = [32m7.306102e-09[39m
     22 Linear |R| = [32m4.769353e-09[39m
     23 Linear |R| = [32m3.808420e-09[39m
     24 Linear |R| = [32m2.510190e-09[39m
     25 Linear |R| = [32m1.245288e-09[39m
     26 Linear |R| = [32m1.165308e-09[39m
     27 Linear |R| = [32m6.012590e-10[39m
     28 Linear |R| = [33m5.926732e-10[39m
     29 Linear |R| = [32m2.856175e-10[39m
     30 Linear |R| = [33m2.758146e-10[39m
     31 Linear |R| = [33m2.667627e-10[39m
     32 Linear |R| = [33m2.562620e-10[39m
     33 Linear |R| = [33m2.558032e-10[39m
     34 Linear |R| = [32m2.031386e-10[39m
     35 Linear |R| = [32m1.627681e-10[39m
     36 Linear |R| = [33m1.620592e-10[39m
     37 Linear |R| = [33m1.572179e-10[39m
     38 Linear |R| = [33m1.566651e-10[39m
     39 Linear |R| = [33m1.505231e-10[39m
     40 Linear |R| = [33m1.472871e-10[39m
     41 Linear |R| = [32m1.265177e-10[39m
     42 Linear |R| = [32m1.018949e-10[39m
     43 Linear |R| = [32m9.309247e-11[39m
     44 Linear |R| = [32m8.693647e-11[39m
     45 Linear |R| = [32m6.117384e-11[39m
     46 Linear |R| = [32m4.949591e-11[39m
     47 Linear |R| = [32m4.566012e-11[39m
     48 Linear |R| = [32m3.849562e-11[39m
     49 Linear |R| = [32m2.321210e-11[39m
     50 Linear |R| = [33m2.321209e-11[39m
     51 Linear |R| = [32m1.472161e-11[39m
     52 Linear |R| = [33m1.455949e-11[39m
     53 Linear |R| = [32m8.760919e-12[39m
     54 Linear |R| = [32m7.346667e-12[39m
     55 Linear |R| = [32m5.348199e-12[39m
     56 Linear |R| = [32m3.838303e-12[39m
     57 Linear |R| = [32m3.430396e-12[39m
     58 Linear |R| = [32m2.564712e-12[39m
     59 Linear |R| = [33m2.557839e-12[39m
     60 Linear |R| = [32m1.296051e-12[39m
     61 Linear |R| = [33m1.296046e-12[39m
     62 Linear |R| = [33m1.292818e-12[39m
     63 Linear |R| = [33m1.292066e-12[39m
     64 Linear |R| = [32m1.224872e-12[39m
     65 Linear |R| = [33m1.224164e-12[39m
     66 Linear |R| = [33m1.224059e-12[39m
     67 Linear |R| = [33m1.223706e-12[39m
     68 Linear |R| = [32m1.153185e-12[39m
     69 Linear |R| = [32m9.249356e-13[39m
     70 Linear |R| = [33m9.222928e-13[39m
     71 Linear |R| = [32m7.528118e-13[39m
     72 Linear |R| = [33m7.524605e-13[39m
     73 Linear |R| = [32m6.468108e-13[39m
     74 Linear |R| = [33m6.346644e-13[39m
     75 Linear |R| = [32m4.698942e-13[39m
     76 Linear |R| = [33m4.698919e-13[39m
     77 Linear |R| = [32m3.574273e-13[39m
     78 Linear |R| = [33m3.527078e-13[39m
     79 Linear |R| = [32m2.161458e-13[39m
     80 Linear |R| = [33m2.099598e-13[39m
     81 Linear |R| = [32m1.304434e-13[39m
     82 Linear |R| = [33m1.301666e-13[39m
     83 Linear |R| = [32m7.565186e-14[39m
     84 Linear |R| = [32m6.032055e-14[39m
     85 Linear |R| = [32m3.751629e-14[39m
     86 Linear |R| = [32m2.518370e-14[39m
     87 Linear |R| = [32m2.035234e-14[39m
     88 Linear |R| = [32m1.299790e-14[39m
     89 Linear |R| = [32m6.622925e-15[39m
     90 Linear |R| = [31m4.167980e-14[39m
     91 Linear |R| = [32m1.633017e-14[39m
     92 Linear |R| = [32m1.253404e-14[39m
     93 Linear |R| = [33m1.201877e-14[39m
     94 Linear |R| = [33m1.164538e-14[39m
     95 Linear |R| = [33m1.161983e-14[39m
     96 Linear |R| = [33m1.153689e-14[39m
     97 Linear |R| = [32m1.046522e-14[39m
     98 Linear |R| = [32m9.769975e-15[39m
     99 Linear |R| = [32m9.014800e-15[39m
    100 Linear |R| = [33m8.580196e-15[39m
    101 Linear |R| = [32m6.797137e-15[39m
    102 Linear |R| = [33m6.562856e-15[39m
    103 Linear |R| = [32m4.283433e-15[39m
    104 Linear |R| = [32m3.928096e-15[39m
    105 Linear |R| = [32m3.334425e-15[39m
    106 Linear |R| = [32m2.479812e-15[39m
    107 Linear |R| = [32m2.221682e-15[39m
    108 Linear |R| = [32m1.643304e-15[39m
    109 Linear |R| = [32m1.331045e-15[39m
    110 Linear |R| = [32m1.012207e-15[39m
 1 Nonlinear |R| = [32m4.174762e-14[39m
[32m Solve Converged![39m

Postprocessor Values:
+----------------+----------------+----------------+----------------+----------------+----------------+----------------+
| time           | J_max          | J_min          | Jbar_max       | Jbar_min       | center_pressure| edge_ux        |
+----------------+----------------+----------------+----------------+----------------+----------------+----------------+
:                :                :                :                :                :                :                :
|   1.800000e-02 |   9.999816e-01 |   9.999667e-01 |   9.999851e-01 |   9.999807e-01 |   5.015183e-05 |   2.206688e-05 |
|   2.000000e-02 |   9.999814e-01 |   9.999665e-01 |   9.999851e-01 |   9.999806e-01 |   4.997957e-05 |   2.190465e-05 |
|   2.200000e-02 |   9.999812e-01 |   9.999664e-01 |   9.999850e-01 |   9.999806e-01 |   4.974249e-05 |   2.174969e-05 |
|   2.400000e-02 |   9.999810e-01 |   9.999663e-01 |   9.999850e-01 |   9.999806e-01 |   4.944638e-05 |   2.160100e-05 |
|   2.600000e-02 |   9.999808e-01 |   9.999662e-01 |   9.999849e-01 |   9.999806e-01 |   4.909758e-05 |   2.145780e-05 |
|   2.800000e-02 |   9.999806e-01 |   9.999661e-01 |   9.999849e-01 |   9.999806e-01 |   4.870253e-05 |   2.131947e-05 |
|   3.000000e-02 |   9.999804e-01 |   9.999660e-01 |   9.999848e-01 |   9.999805e-01 |   4.826751e-05 |   2.118550e-05 |
|   3.200000e-02 |   9.999801e-01 |   9.999659e-01 |   9.999848e-01 |   9.999805e-01 |   4.779844e-05 |   2.105545e-05 |
|   3.400000e-02 |   9.999799e-01 |   9.999658e-01 |   9.999847e-01 |   9.999805e-01 |   4.730077e-05 |   2.092898e-05 |
|   3.600000e-02 |   9.999796e-01 |   9.999657e-01 |   9.999847e-01 |   9.999806e-01 |   4.677943e-05 |   2.080579e-05 |
|   3.800000e-02 |   9.999794e-01 |   9.999656e-01 |   9.999847e-01 |   9.999806e-01 |   4.623882e-05 |   2.068561e-05 |
|   4.000000e-02 |   9.999791e-01 |   9.999655e-01 |   9.999846e-01 |   9.999806e-01 |   4.568283e-05 |   2.056824e-05 |
|   4.200000e-02 |   9.999789e-01 |   9.999654e-01 |   9.999846e-01 |   9.999806e-01 |   4.511487e-05 |   2.045348e-05 |
|   4.400000e-02 |   9.999786e-01 |   9.999653e-01 |   9.999845e-01 |   9.999806e-01 |   4.453789e-05 |   2.034118e-05 |
|   4.600000e-02 |   9.999784e-01 |   9.999652e-01 |   9.999845e-01 |   9.999806e-01 |   4.395447e-05 |   2.023119e-05 |
+----------------+----------------+----------------+----------------+----------------+----------------+----------------+
+----------------+----------------+----------------+------------------+----------------+----------------+
| time           | mass           | mass_reaction  | outflow_gradient | platen_max     | platen_min     |
+----------------+----------------+----------------+------------------+----------------+----------------+
:                :                :                :                  :                :                :
|   1.800000e-02 |   9.999421e-03 |  -1.780762e-05 |     1.774509e-05 |  -4.459978e-06 |  -4.459978e-06 |
|   2.000000e-02 |   9.999387e-03 |  -1.691608e-05 |     1.685837e-05 |  -4.476201e-06 |  -4.476201e-06 |
|   2.200000e-02 |   9.999355e-03 |  -1.615842e-05 |     1.610457e-05 |  -4.491698e-06 |  -4.491698e-06 |
|   2.400000e-02 |   9.999324e-03 |  -1.550399e-05 |     1.545330e-05 |  -4.506567e-06 |  -4.506567e-06 |
|   2.600000e-02 |   9.999294e-03 |  -1.493104e-05 |     1.488299e-05 |  -4.520887e-06 |  -4.520887e-06 |
|   2.800000e-02 |   9.999265e-03 |  -1.442359e-05 |     1.437780e-05 |  -4.534719e-06 |  -4.534719e-06 |
|   3.000000e-02 |   9.999238e-03 |  -1.396965e-05 |     1.392581e-05 |  -4.548117e-06 |  -4.548117e-06 |
|   3.200000e-02 |   9.999210e-03 |  -1.355995e-05 |     1.351781e-05 |  -4.561121e-06 |  -4.561121e-06 |
|   3.400000e-02 |   9.999184e-03 |  -1.318724e-05 |     1.314661e-05 |  -4.573768e-06 |  -4.573768e-06 |
|   3.600000e-02 |   9.999158e-03 |  -1.284572e-05 |     1.280644e-05 |  -4.586088e-06 |  -4.586088e-06 |
|   3.800000e-02 |   9.999133e-03 |  -1.253073e-05 |     1.249265e-05 |  -4.598106e-06 |  -4.598106e-06 |
|   4.000000e-02 |   9.999109e-03 |  -1.223843e-05 |     1.220145e-05 |  -4.609843e-06 |  -4.609843e-06 |
|   4.200000e-02 |   9.999085e-03 |  -1.196568e-05 |     1.192970e-05 |  -4.621318e-06 |  -4.621318e-06 |
|   4.400000e-02 |   9.999061e-03 |  -1.170985e-05 |     1.167479e-05 |  -4.632548e-06 |  -4.632548e-06 |
|   4.600000e-02 |   9.999038e-03 |  -1.146874e-05 |     1.143453e-05 |  -4.643547e-06 |  -4.643547e-06 |
+----------------+----------------+----------------+------------------+----------------+----------------+
+----------------+--------------------+--------------------+----------------+----------------+----------------+
| time           | solid_fraction_max | solid_fraction_min | stability_max  | stability_min  | top_reaction   |
+----------------+--------------------+--------------------+----------------+----------------+----------------+
:                :                    :                    :                :                :                :
|   1.800000e-02 |       9.000166e-01 |       8.999992e-01 |   2.500000e+00 |   2.500000e+00 |  -1.000000e-04 |
|   2.000000e-02 |       9.000167e-01 |       8.999993e-01 |   2.500000e+00 |   2.500000e+00 |  -1.000000e-04 |
|   2.200000e-02 |       9.000167e-01 |       8.999994e-01 |   2.500000e+00 |   2.500000e+00 |  -1.000000e-04 |
|   2.400000e-02 |       9.000168e-01 |       8.999996e-01 |   2.500000e+00 |   2.500000e+00 |  -1.000000e-04 |
|   2.600000e-02 |       9.000169e-01 |       8.999998e-01 |   2.500000e+00 |   2.500000e+00 |  -1.000000e-04 |
|   2.800000e-02 |       9.000169e-01 |       9.000000e-01 |   2.500000e+00 |   2.500000e+00 |  -1.000000e-04 |
|   3.000000e-02 |       9.000170e-01 |       9.000002e-01 |   2.500000e+00 |   2.500000e+00 |  -1.000000e-04 |
|   3.200000e-02 |       9.000170e-01 |       9.000004e-01 |   2.500000e+00 |   2.500000e+00 |  -1.000000e-04 |
|   3.400000e-02 |       9.000171e-01 |       9.000006e-01 |   2.500000e+00 |   2.500000e+00 |  -1.000000e-04 |
|   3.600000e-02 |       9.000171e-01 |       9.000008e-01 |   2.500000e+00 |   2.500000e+00 |  -1.000000e-04 |
|   3.800000e-02 |       9.000172e-01 |       9.000011e-01 |   2.500000e+00 |   2.500000e+00 |  -1.000000e-04 |
|   4.000000e-02 |       9.000172e-01 |       9.000013e-01 |   2.500000e+00 |   2.500000e+00 |  -1.000000e-04 |
|   4.200000e-02 |       9.000173e-01 |       9.000015e-01 |   2.500000e+00 |   2.500000e+00 |  -1.000000e-04 |
|   4.400000e-02 |       9.000173e-01 |       9.000018e-01 |   2.500000e+00 |   2.500000e+00 |  -1.000000e-04 |
|   4.600000e-02 |       9.000173e-01 |       9.000020e-01 |   2.500000e+00 |   2.500000e+00 |  -1.000000e-04 |
+----------------+--------------------+--------------------+----------------+----------------+----------------+


Time Step 24, time = 0.048, dt = 0.002
 * Nonlinear |R| = [32m1.152445e-06[39m (Before preset BCs, predictors, correctors, and constraints)
 0 Nonlinear |R| = [32m1.152445e-06[39m
      0 Linear |R| = [32m1.152445e-06[39m
      1 Linear |R| = [32m2.475161e-07[39m
      2 Linear |R| = [33m2.475058e-07[39m
      3 Linear |R| = [33m2.368985e-07[39m
      4 Linear |R| = [32m1.931452e-07[39m
      5 Linear |R| = [32m1.662766e-07[39m
      6 Linear |R| = [32m1.530868e-07[39m
      7 Linear |R| = [33m1.483604e-07[39m
      8 Linear |R| = [32m1.309672e-07[39m
      9 Linear |R| = [33m1.274069e-07[39m
     10 Linear |R| = [32m6.401891e-08[39m
     11 Linear |R| = [33m6.379198e-08[39m
     12 Linear |R| = [32m3.560432e-08[39m
     13 Linear |R| = [33m3.555673e-08[39m
     14 Linear |R| = [32m2.456668e-08[39m
     15 Linear |R| = [33m2.342244e-08[39m
     16 Linear |R| = [32m1.729967e-08[39m
     17 Linear |R| = [32m1.579095e-08[39m
     18 Linear |R| = [32m1.078483e-08[39m
     19 Linear |R| = [33m1.070337e-08[39m
     20 Linear |R| = [32m7.763596e-09[39m
     21 Linear |R| = [32m7.050554e-09[39m
     22 Linear |R| = [32m4.666903e-09[39m
     23 Linear |R| = [32m3.694561e-09[39m
     24 Linear |R| = [32m2.456015e-09[39m
     25 Linear |R| = [32m1.207755e-09[39m
     26 Linear |R| = [32m1.140063e-09[39m
     27 Linear |R| = [32m5.643750e-10[39m
     28 Linear |R| = [33m5.638061e-10[39m
     29 Linear |R| = [32m2.806982e-10[39m
     30 Linear |R| = [33m2.711273e-10[39m
     31 Linear |R| = [33m2.622824e-10[39m
     32 Linear |R| = [33m2.508675e-10[39m
     33 Linear |R| = [33m2.505369e-10[39m
     34 Linear |R| = [32m1.969666e-10[39m
     35 Linear |R| = [32m1.609077e-10[39m
     36 Linear |R| = [33m1.601944e-10[39m
     37 Linear |R| = [33m1.551588e-10[39m
     38 Linear |R| = [33m1.548119e-10[39m
     39 Linear |R| = [33m1.494993e-10[39m
     40 Linear |R| = [33m1.469132e-10[39m
     41 Linear |R| = [32m1.328772e-10[39m
     42 Linear |R| = [32m1.007988e-10[39m
     43 Linear |R| = [32m9.155728e-11[39m
     44 Linear |R| = [32m8.537690e-11[39m
     45 Linear |R| = [32m6.136271e-11[39m
     46 Linear |R| = [32m4.888426e-11[39m
     47 Linear |R| = [32m4.410194e-11[39m
     48 Linear |R| = [32m3.798045e-11[39m
     49 Linear |R| = [32m2.351305e-11[39m
     50 Linear |R| = [33m2.345881e-11[39m
     51 Linear |R| = [32m1.417051e-11[39m
     52 Linear |R| = [33m1.404620e-11[39m
     53 Linear |R| = [32m8.581542e-12[39m
     54 Linear |R| = [32m7.404081e-12[39m
     55 Linear |R| = [32m5.298878e-12[39m
     56 Linear |R| = [32m4.267787e-12[39m
     57 Linear |R| = [32m3.382735e-12[39m
     58 Linear |R| = [32m2.860388e-12[39m
     59 Linear |R| = [32m2.650298e-12[39m
     60 Linear |R| = [32m1.332100e-12[39m
     61 Linear |R| = [33m1.331176e-12[39m
     62 Linear |R| = [33m1.328977e-12[39m
     63 Linear |R| = [33m1.328976e-12[39m
     64 Linear |R| = [33m1.282970e-12[39m
     65 Linear |R| = [33m1.282375e-12[39m
     66 Linear |R| = [33m1.282375e-12[39m
     67 Linear |R| = [33m1.280287e-12[39m
     68 Linear |R| = [32m1.197493e-12[39m
     69 Linear |R| = [32m9.466892e-13[39m
     70 Linear |R| = [33m9.410126e-13[39m
     71 Linear |R| = [32m7.446259e-13[39m
     72 Linear |R| = [33m7.233875e-13[39m
     73 Linear |R| = [32m6.331083e-13[39m
     74 Linear |R| = [33m6.328197e-13[39m
     75 Linear |R| = [32m4.788822e-13[39m
     76 Linear |R| = [33m4.773774e-13[39m
     77 Linear |R| = [32m3.505175e-13[39m
     78 Linear |R| = [33m3.486884e-13[39m
     79 Linear |R| = [32m2.208143e-13[39m
     80 Linear |R| = [33m2.201578e-13[39m
     81 Linear |R| = [32m1.282907e-13[39m
     82 Linear |R| = [33m1.278430e-13[39m
     83 Linear |R| = [32m6.881062e-14[39m
     84 Linear |R| = [32m6.376212e-14[39m
     85 Linear |R| = [32m3.689548e-14[39m
     86 Linear |R| = [32m2.632081e-14[39m
     87 Linear |R| = [32m2.068939e-14[39m
     88 Linear |R| = [32m1.359623e-14[39m
     89 Linear |R| = [32m6.993364e-15[39m
     90 Linear |R| = [31m3.971242e-14[39m
     91 Linear |R| = [32m2.716887e-14[39m
     92 Linear |R| = [32m2.490007e-14[39m
     93 Linear |R| = [32m1.961334e-14[39m
     94 Linear |R| = [32m1.852039e-14[39m
     95 Linear |R| = [32m1.753930e-14[39m
     96 Linear |R| = [33m1.753729e-14[39m
     97 Linear |R| = [32m1.143313e-14[39m
     98 Linear |R| = [33m1.137580e-14[39m
     99 Linear |R| = [32m9.694563e-15[39m
    100 Linear |R| = [33m9.225571e-15[39m
    101 Linear |R| = [32m6.219751e-15[39m
    102 Linear |R| = [32m5.877654e-15[39m
    103 Linear |R| = [32m5.285546e-15[39m
    104 Linear |R| = [32m4.697446e-15[39m
    105 Linear |R| = [32m3.787633e-15[39m
    106 Linear |R| = [32m3.506310e-15[39m
    107 Linear |R| = [32m2.408325e-15[39m
    108 Linear |R| = [32m2.256198e-15[39m
    109 Linear |R| = [32m1.133519e-15[39m
 1 Nonlinear |R| = [32m3.799464e-14[39m
[32m Solve Converged![39m

Postprocessor Values:
+----------------+----------------+----------------+----------------+----------------+----------------+----------------+
| time           | J_max          | J_min          | Jbar_max       | Jbar_min       | center_pressure| edge_ux        |
+----------------+----------------+----------------+----------------+----------------+----------------+----------------+
:                :                :                :                :                :                :                :
|   2.000000e-02 |   9.999814e-01 |   9.999665e-01 |   9.999851e-01 |   9.999806e-01 |   4.997957e-05 |   2.190465e-05 |
|   2.200000e-02 |   9.999812e-01 |   9.999664e-01 |   9.999850e-01 |   9.999806e-01 |   4.974249e-05 |   2.174969e-05 |
|   2.400000e-02 |   9.999810e-01 |   9.999663e-01 |   9.999850e-01 |   9.999806e-01 |   4.944638e-05 |   2.160100e-05 |
|   2.600000e-02 |   9.999808e-01 |   9.999662e-01 |   9.999849e-01 |   9.999806e-01 |   4.909758e-05 |   2.145780e-05 |
|   2.800000e-02 |   9.999806e-01 |   9.999661e-01 |   9.999849e-01 |   9.999806e-01 |   4.870253e-05 |   2.131947e-05 |
|   3.000000e-02 |   9.999804e-01 |   9.999660e-01 |   9.999848e-01 |   9.999805e-01 |   4.826751e-05 |   2.118550e-05 |
|   3.200000e-02 |   9.999801e-01 |   9.999659e-01 |   9.999848e-01 |   9.999805e-01 |   4.779844e-05 |   2.105545e-05 |
|   3.400000e-02 |   9.999799e-01 |   9.999658e-01 |   9.999847e-01 |   9.999805e-01 |   4.730077e-05 |   2.092898e-05 |
|   3.600000e-02 |   9.999796e-01 |   9.999657e-01 |   9.999847e-01 |   9.999806e-01 |   4.677943e-05 |   2.080579e-05 |
|   3.800000e-02 |   9.999794e-01 |   9.999656e-01 |   9.999847e-01 |   9.999806e-01 |   4.623882e-05 |   2.068561e-05 |
|   4.000000e-02 |   9.999791e-01 |   9.999655e-01 |   9.999846e-01 |   9.999806e-01 |   4.568283e-05 |   2.056824e-05 |
|   4.200000e-02 |   9.999789e-01 |   9.999654e-01 |   9.999846e-01 |   9.999806e-01 |   4.511487e-05 |   2.045348e-05 |
|   4.400000e-02 |   9.999786e-01 |   9.999653e-01 |   9.999845e-01 |   9.999806e-01 |   4.453789e-05 |   2.034118e-05 |
|   4.600000e-02 |   9.999784e-01 |   9.999652e-01 |   9.999845e-01 |   9.999806e-01 |   4.395447e-05 |   2.023119e-05 |
|   4.800000e-02 |   9.999781e-01 |   9.999652e-01 |   9.999845e-01 |   9.999806e-01 |   4.336681e-05 |   2.012339e-05 |
+----------------+----------------+----------------+----------------+----------------+----------------+----------------+
+----------------+----------------+----------------+------------------+----------------+----------------+
| time           | mass           | mass_reaction  | outflow_gradient | platen_max     | platen_min     |
+----------------+----------------+----------------+------------------+----------------+----------------+
:                :                :                :                  :                :                :
|   2.000000e-02 |   9.999387e-03 |  -1.691608e-05 |     1.685837e-05 |  -4.476201e-06 |  -4.476201e-06 |
|   2.200000e-02 |   9.999355e-03 |  -1.615842e-05 |     1.610457e-05 |  -4.491698e-06 |  -4.491698e-06 |
|   2.400000e-02 |   9.999324e-03 |  -1.550399e-05 |     1.545330e-05 |  -4.506567e-06 |  -4.506567e-06 |
|   2.600000e-02 |   9.999294e-03 |  -1.493104e-05 |     1.488299e-05 |  -4.520887e-06 |  -4.520887e-06 |
|   2.800000e-02 |   9.999265e-03 |  -1.442359e-05 |     1.437780e-05 |  -4.534719e-06 |  -4.534719e-06 |
|   3.000000e-02 |   9.999238e-03 |  -1.396965e-05 |     1.392581e-05 |  -4.548117e-06 |  -4.548117e-06 |
|   3.200000e-02 |   9.999210e-03 |  -1.355995e-05 |     1.351781e-05 |  -4.561121e-06 |  -4.561121e-06 |
|   3.400000e-02 |   9.999184e-03 |  -1.318724e-05 |     1.314661e-05 |  -4.573768e-06 |  -4.573768e-06 |
|   3.600000e-02 |   9.999158e-03 |  -1.284572e-05 |     1.280644e-05 |  -4.586088e-06 |  -4.586088e-06 |
|   3.800000e-02 |   9.999133e-03 |  -1.253073e-05 |     1.249265e-05 |  -4.598106e-06 |  -4.598106e-06 |
|   4.000000e-02 |   9.999109e-03 |  -1.223843e-05 |     1.220145e-05 |  -4.609843e-06 |  -4.609843e-06 |
|   4.200000e-02 |   9.999085e-03 |  -1.196568e-05 |     1.192970e-05 |  -4.621318e-06 |  -4.621318e-06 |
|   4.400000e-02 |   9.999061e-03 |  -1.170985e-05 |     1.167479e-05 |  -4.632548e-06 |  -4.632548e-06 |
|   4.600000e-02 |   9.999038e-03 |  -1.146874e-05 |     1.143453e-05 |  -4.643547e-06 |  -4.643547e-06 |
|   4.800000e-02 |   9.999016e-03 |  -1.124050e-05 |     1.120708e-05 |  -4.654328e-06 |  -4.654328e-06 |
+----------------+----------------+----------------+------------------+----------------+----------------+
+----------------+--------------------+--------------------+----------------+----------------+----------------+
| time           | solid_fraction_max | solid_fraction_min | stability_max  | stability_min  | top_reaction   |
+----------------+--------------------+--------------------+----------------+----------------+----------------+
:                :                    :                    :                :                :                :
|   2.000000e-02 |       9.000167e-01 |       8.999993e-01 |   2.500000e+00 |   2.500000e+00 |  -1.000000e-04 |
|   2.200000e-02 |       9.000167e-01 |       8.999994e-01 |   2.500000e+00 |   2.500000e+00 |  -1.000000e-04 |
|   2.400000e-02 |       9.000168e-01 |       8.999996e-01 |   2.500000e+00 |   2.500000e+00 |  -1.000000e-04 |
|   2.600000e-02 |       9.000169e-01 |       8.999998e-01 |   2.500000e+00 |   2.500000e+00 |  -1.000000e-04 |
|   2.800000e-02 |       9.000169e-01 |       9.000000e-01 |   2.500000e+00 |   2.500000e+00 |  -1.000000e-04 |
|   3.000000e-02 |       9.000170e-01 |       9.000002e-01 |   2.500000e+00 |   2.500000e+00 |  -1.000000e-04 |
|   3.200000e-02 |       9.000170e-01 |       9.000004e-01 |   2.500000e+00 |   2.500000e+00 |  -1.000000e-04 |
|   3.400000e-02 |       9.000171e-01 |       9.000006e-01 |   2.500000e+00 |   2.500000e+00 |  -1.000000e-04 |
|   3.600000e-02 |       9.000171e-01 |       9.000008e-01 |   2.500000e+00 |   2.500000e+00 |  -1.000000e-04 |
|   3.800000e-02 |       9.000172e-01 |       9.000011e-01 |   2.500000e+00 |   2.500000e+00 |  -1.000000e-04 |
|   4.000000e-02 |       9.000172e-01 |       9.000013e-01 |   2.500000e+00 |   2.500000e+00 |  -1.000000e-04 |
|   4.200000e-02 |       9.000173e-01 |       9.000015e-01 |   2.500000e+00 |   2.500000e+00 |  -1.000000e-04 |
|   4.400000e-02 |       9.000173e-01 |       9.000018e-01 |   2.500000e+00 |   2.500000e+00 |  -1.000000e-04 |
|   4.600000e-02 |       9.000173e-01 |       9.000020e-01 |   2.500000e+00 |   2.500000e+00 |  -1.000000e-04 |
|   4.800000e-02 |       9.000174e-01 |       9.000023e-01 |   2.500000e+00 |   2.500000e+00 |  -1.000000e-04 |
+----------------+--------------------+--------------------+----------------+----------------+----------------+


Time Step 25, time = 0.05, dt = 0.002
 * Nonlinear |R| = [32m1.131850e-06[39m (Before preset BCs, predictors, correctors, and constraints)
 0 Nonlinear |R| = [32m1.131850e-06[39m
      0 Linear |R| = [32m1.131850e-06[39m
      1 Linear |R| = [32m2.409213e-07[39m
      2 Linear |R| = [33m2.409211e-07[39m
      3 Linear |R| = [33m2.311067e-07[39m
      4 Linear |R| = [32m1.900243e-07[39m
      5 Linear |R| = [32m1.633494e-07[39m
      6 Linear |R| = [32m1.503650e-07[39m
      7 Linear |R| = [33m1.454206e-07[39m
      8 Linear |R| = [32m1.285260e-07[39m
      9 Linear |R| = [33m1.238355e-07[39m
     10 Linear |R| = [32m6.288391e-08[39m
     11 Linear |R| = [33m6.260936e-08[39m
     12 Linear |R| = [32m3.509736e-08[39m
     13 Linear |R| = [33m3.504326e-08[39m
     14 Linear |R| = [32m2.419480e-08[39m
     15 Linear |R| = [33m2.309957e-08[39m
     16 Linear |R| = [32m1.703902e-08[39m
     17 Linear |R| = [32m1.552674e-08[39m
     18 Linear |R| = [32m1.056530e-08[39m
     19 Linear |R| = [33m1.047220e-08[39m
     20 Linear |R| = [32m7.601957e-09[39m
     21 Linear |R| = [32m6.808830e-09[39m
     22 Linear |R| = [32m4.570735e-09[39m
     23 Linear |R| = [32m3.591861e-09[39m
     24 Linear |R| = [32m2.405285e-09[39m
     25 Linear |R| = [32m1.175875e-09[39m
     26 Linear |R| = [32m1.116776e-09[39m
     27 Linear |R| = [32m5.323904e-10[39m
     28 Linear |R| = [33m5.300631e-10[39m
     29 Linear |R| = [32m2.758826e-10[39m
     30 Linear |R| = [33m2.662010e-10[39m
     31 Linear |R| = [33m2.572474e-10[39m
     32 Linear |R| = [32m2.430746e-10[39m
     33 Linear |R| = [33m2.429661e-10[39m
     34 Linear |R| = [32m1.864970e-10[39m
     35 Linear |R| = [32m1.586132e-10[39m
     36 Linear |R| = [33m1.577737e-10[39m
     37 Linear |R| = [33m1.516035e-10[39m
     38 Linear |R| = [33m1.515492e-10[39m
     39 Linear |R| = [33m1.473765e-10[39m
     40 Linear |R| = [33m1.458244e-10[39m
     41 Linear |R| = [33m1.389254e-10[39m
     42 Linear |R| = [32m9.843254e-11[39m
     43 Linear |R| = [32m8.768894e-11[39m
     44 Linear |R| = [32m8.246747e-11[39m
     45 Linear |R| = [32m6.104244e-11[39m
     46 Linear |R| = [32m4.776794e-11[39m
     47 Linear |R| = [32m3.898578e-11[39m
     48 Linear |R| = [32m3.653620e-11[39m
     49 Linear |R| = [32m2.353374e-11[39m
     50 Linear |R| = [33m2.337410e-11[39m
     51 Linear |R| = [32m1.314045e-11[39m
     52 Linear |R| = [33m1.308520e-11[39m
     53 Linear |R| = [32m8.221991e-12[39m
     54 Linear |R| = [32m7.432403e-12[39m
     55 Linear |R| = [32m5.261435e-12[39m
     56 Linear |R| = [32m4.800701e-12[39m
     57 Linear |R| = [32m3.332821e-12[39m
     58 Linear |R| = [32m2.893871e-12[39m
     59 Linear |R| = [32m2.625249e-12[39m
     60 Linear |R| = [32m1.336869e-12[39m
     61 Linear |R| = [33m1.334923e-12[39m
     62 Linear |R| = [33m1.333169e-12[39m
     63 Linear |R| = [33m1.333098e-12[39m
     64 Linear |R| = [33m1.295430e-12[39m
     65 Linear |R| = [33m1.293595e-12[39m
     66 Linear |R| = [33m1.293548e-12[39m
     67 Linear |R| = [33m1.289629e-12[39m
     68 Linear |R| = [32m1.201645e-12[39m
     69 Linear |R| = [32m9.517850e-13[39m
     70 Linear |R| = [33m9.440279e-13[39m
     71 Linear |R| = [32m7.418922e-13[39m
     72 Linear |R| = [33m7.132978e-13[39m
     73 Linear |R| = [32m6.256551e-13[39m
     74 Linear |R| = [33m6.246126e-13[39m
     75 Linear |R| = [32m4.781191e-13[39m
     76 Linear |R| = [33m4.751682e-13[39m
     77 Linear |R| = [32m3.424659e-13[39m
     78 Linear |R| = [33m3.418715e-13[39m
     79 Linear |R| = [32m2.206102e-13[39m
     80 Linear |R| = [33m2.205723e-13[39m
     81 Linear |R| = [32m1.222991e-13[39m
     82 Linear |R| = [33m1.220296e-13[39m
     83 Linear |R| = [32m6.015768e-14[39m
     84 Linear |R| = [33m6.015209e-14[39m
     85 Linear |R| = [32m3.388500e-14[39m
     86 Linear |R| = [32m2.691485e-14[39m
     87 Linear |R| = [32m2.058522e-14[39m
     88 Linear |R| = [32m1.388720e-14[39m
     89 Linear |R| = [32m7.188817e-15[39m
     90 Linear |R| = [31m4.238552e-14[39m
     91 Linear |R| = [32m2.323396e-14[39m
     92 Linear |R| = [32m1.980603e-14[39m
     93 Linear |R| = [32m1.418887e-14[39m
     94 Linear |R| = [32m1.209342e-14[39m
     95 Linear |R| = [33m1.208251e-14[39m
     96 Linear |R| = [32m8.910377e-15[39m
     97 Linear |R| = [33m8.830032e-15[39m
     98 Linear |R| = [33m8.793578e-15[39m
     99 Linear |R| = [32m7.401962e-15[39m
    100 Linear |R| = [33m7.070454e-15[39m
    101 Linear |R| = [32m5.096808e-15[39m
    102 Linear |R| = [32m4.382394e-15[39m
    103 Linear |R| = [32m3.003233e-15[39m
    104 Linear |R| = [33m3.001149e-15[39m
    105 Linear |R| = [32m2.048846e-15[39m
    106 Linear |R| = [33m2.040551e-15[39m
    107 Linear |R| = [32m1.539888e-15[39m
    108 Linear |R| = [32m1.373642e-15[39m
    109 Linear |R| = [32m1.135592e-15[39m
    110 Linear |R| = [32m6.947563e-16[39m
 1 Nonlinear |R| = [32m4.112638e-14[39m
[32m Solve Converged![39m

Postprocessor Values:
+----------------+----------------+----------------+----------------+----------------+----------------+----------------+
| time           | J_max          | J_min          | Jbar_max       | Jbar_min       | center_pressure| edge_ux        |
+----------------+----------------+----------------+----------------+----------------+----------------+----------------+
:                :                :                :                :                :                :                :
|   2.200000e-02 |   9.999812e-01 |   9.999664e-01 |   9.999850e-01 |   9.999806e-01 |   4.974249e-05 |   2.174969e-05 |
|   2.400000e-02 |   9.999810e-01 |   9.999663e-01 |   9.999850e-01 |   9.999806e-01 |   4.944638e-05 |   2.160100e-05 |
|   2.600000e-02 |   9.999808e-01 |   9.999662e-01 |   9.999849e-01 |   9.999806e-01 |   4.909758e-05 |   2.145780e-05 |
|   2.800000e-02 |   9.999806e-01 |   9.999661e-01 |   9.999849e-01 |   9.999806e-01 |   4.870253e-05 |   2.131947e-05 |
|   3.000000e-02 |   9.999804e-01 |   9.999660e-01 |   9.999848e-01 |   9.999805e-01 |   4.826751e-05 |   2.118550e-05 |
|   3.200000e-02 |   9.999801e-01 |   9.999659e-01 |   9.999848e-01 |   9.999805e-01 |   4.779844e-05 |   2.105545e-05 |
|   3.400000e-02 |   9.999799e-01 |   9.999658e-01 |   9.999847e-01 |   9.999805e-01 |   4.730077e-05 |   2.092898e-05 |
|   3.600000e-02 |   9.999796e-01 |   9.999657e-01 |   9.999847e-01 |   9.999806e-01 |   4.677943e-05 |   2.080579e-05 |
|   3.800000e-02 |   9.999794e-01 |   9.999656e-01 |   9.999847e-01 |   9.999806e-01 |   4.623882e-05 |   2.068561e-05 |
|   4.000000e-02 |   9.999791e-01 |   9.999655e-01 |   9.999846e-01 |   9.999806e-01 |   4.568283e-05 |   2.056824e-05 |
|   4.200000e-02 |   9.999789e-01 |   9.999654e-01 |   9.999846e-01 |   9.999806e-01 |   4.511487e-05 |   2.045348e-05 |
|   4.400000e-02 |   9.999786e-01 |   9.999653e-01 |   9.999845e-01 |   9.999806e-01 |   4.453789e-05 |   2.034118e-05 |
|   4.600000e-02 |   9.999784e-01 |   9.999652e-01 |   9.999845e-01 |   9.999806e-01 |   4.395447e-05 |   2.023119e-05 |
|   4.800000e-02 |   9.999781e-01 |   9.999652e-01 |   9.999845e-01 |   9.999806e-01 |   4.336681e-05 |   2.012339e-05 |
|   5.000000e-02 |   9.999778e-01 |   9.999651e-01 |   9.999844e-01 |   9.999806e-01 |   4.277679e-05 |   2.001767e-05 |
+----------------+----------------+----------------+----------------+----------------+----------------+----------------+
+----------------+----------------+----------------+------------------+----------------+----------------+
| time           | mass           | mass_reaction  | outflow_gradient | platen_max     | platen_min     |
+----------------+----------------+----------------+------------------+----------------+----------------+
:                :                :                :                  :                :                :
|   2.200000e-02 |   9.999355e-03 |  -1.615842e-05 |     1.610457e-05 |  -4.491698e-06 |  -4.491698e-06 |
|   2.400000e-02 |   9.999324e-03 |  -1.550399e-05 |     1.545330e-05 |  -4.506567e-06 |  -4.506567e-06 |
|   2.600000e-02 |   9.999294e-03 |  -1.493104e-05 |     1.488299e-05 |  -4.520887e-06 |  -4.520887e-06 |
|   2.800000e-02 |   9.999265e-03 |  -1.442359e-05 |     1.437780e-05 |  -4.534719e-06 |  -4.534719e-06 |
|   3.000000e-02 |   9.999238e-03 |  -1.396965e-05 |     1.392581e-05 |  -4.548117e-06 |  -4.548117e-06 |
|   3.200000e-02 |   9.999210e-03 |  -1.355995e-05 |     1.351781e-05 |  -4.561121e-06 |  -4.561121e-06 |
|   3.400000e-02 |   9.999184e-03 |  -1.318724e-05 |     1.314661e-05 |  -4.573768e-06 |  -4.573768e-06 |
|   3.600000e-02 |   9.999158e-03 |  -1.284572e-05 |     1.280644e-05 |  -4.586088e-06 |  -4.586088e-06 |
|   3.800000e-02 |   9.999133e-03 |  -1.253073e-05 |     1.249265e-05 |  -4.598106e-06 |  -4.598106e-06 |
|   4.000000e-02 |   9.999109e-03 |  -1.223843e-05 |     1.220145e-05 |  -4.609843e-06 |  -4.609843e-06 |
|   4.200000e-02 |   9.999085e-03 |  -1.196568e-05 |     1.192970e-05 |  -4.621318e-06 |  -4.621318e-06 |
|   4.400000e-02 |   9.999061e-03 |  -1.170985e-05 |     1.167479e-05 |  -4.632548e-06 |  -4.632548e-06 |
|   4.600000e-02 |   9.999038e-03 |  -1.146874e-05 |     1.143453e-05 |  -4.643547e-06 |  -4.643547e-06 |
|   4.800000e-02 |   9.999016e-03 |  -1.124050e-05 |     1.120708e-05 |  -4.654328e-06 |  -4.654328e-06 |
|   5.000000e-02 |   9.998994e-03 |  -1.102357e-05 |     1.099089e-05 |  -4.664900e-06 |  -4.664900e-06 |
+----------------+----------------+----------------+------------------+----------------+----------------+
+----------------+--------------------+--------------------+----------------+----------------+----------------+
| time           | solid_fraction_max | solid_fraction_min | stability_max  | stability_min  | top_reaction   |
+----------------+--------------------+--------------------+----------------+----------------+----------------+
:                :                    :                    :                :                :                :
|   2.200000e-02 |       9.000167e-01 |       8.999994e-01 |   2.500000e+00 |   2.500000e+00 |  -1.000000e-04 |
|   2.400000e-02 |       9.000168e-01 |       8.999996e-01 |   2.500000e+00 |   2.500000e+00 |  -1.000000e-04 |
|   2.600000e-02 |       9.000169e-01 |       8.999998e-01 |   2.500000e+00 |   2.500000e+00 |  -1.000000e-04 |
|   2.800000e-02 |       9.000169e-01 |       9.000000e-01 |   2.500000e+00 |   2.500000e+00 |  -1.000000e-04 |
|   3.000000e-02 |       9.000170e-01 |       9.000002e-01 |   2.500000e+00 |   2.500000e+00 |  -1.000000e-04 |
|   3.200000e-02 |       9.000170e-01 |       9.000004e-01 |   2.500000e+00 |   2.500000e+00 |  -1.000000e-04 |
|   3.400000e-02 |       9.000171e-01 |       9.000006e-01 |   2.500000e+00 |   2.500000e+00 |  -1.000000e-04 |
|   3.600000e-02 |       9.000171e-01 |       9.000008e-01 |   2.500000e+00 |   2.500000e+00 |  -1.000000e-04 |
|   3.800000e-02 |       9.000172e-01 |       9.000011e-01 |   2.500000e+00 |   2.500000e+00 |  -1.000000e-04 |
|   4.000000e-02 |       9.000172e-01 |       9.000013e-01 |   2.500000e+00 |   2.500000e+00 |  -1.000000e-04 |
|   4.200000e-02 |       9.000173e-01 |       9.000015e-01 |   2.500000e+00 |   2.500000e+00 |  -1.000000e-04 |
|   4.400000e-02 |       9.000173e-01 |       9.000018e-01 |   2.500000e+00 |   2.500000e+00 |  -1.000000e-04 |
|   4.600000e-02 |       9.000173e-01 |       9.000020e-01 |   2.500000e+00 |   2.500000e+00 |  -1.000000e-04 |
|   4.800000e-02 |       9.000174e-01 |       9.000023e-01 |   2.500000e+00 |   2.500000e+00 |  -1.000000e-04 |
|   5.000000e-02 |       9.000174e-01 |       9.000025e-01 |   2.500000e+00 |   2.500000e+00 |  -1.000000e-04 |
+----------------+--------------------+--------------------+----------------+----------------+----------------+


Time Step 26, time = 0.052, dt = 0.002
 * Nonlinear |R| = [32m1.112213e-06[39m (Before preset BCs, predictors, correctors, and constraints)
 0 Nonlinear |R| = [32m1.112213e-06[39m
      0 Linear |R| = [32m1.112213e-06[39m
      1 Linear |R| = [32m2.348419e-07[39m
      2 Linear |R| = [33m2.348385e-07[39m
      3 Linear |R| = [33m2.257040e-07[39m
      4 Linear |R| = [32m1.869896e-07[39m
      5 Linear |R| = [32m1.605260e-07[39m
      6 Linear |R| = [32m1.477478e-07[39m
      7 Linear |R| = [33m1.426534e-07[39m
      8 Linear |R| = [32m1.261743e-07[39m
      9 Linear |R| = [33m1.200947e-07[39m
     10 Linear |R| = [32m6.180461e-08[39m
     11 Linear |R| = [33m6.148653e-08[39m
     12 Linear |R| = [32m3.461260e-08[39m
     13 Linear |R| = [33m3.455396e-08[39m
     14 Linear |R| = [32m2.383146e-08[39m
     15 Linear |R| = [33m2.278150e-08[39m
     16 Linear |R| = [32m1.678302e-08[39m
     17 Linear |R| = [32m1.527043e-08[39m
     18 Linear |R| = [32m1.035708e-08[39m
     19 Linear |R| = [33m1.025338e-08[39m
     20 Linear |R| = [32m7.449491e-09[39m
     21 Linear |R| = [32m6.580960e-09[39m
     22 Linear |R| = [32m4.479961e-09[39m
     23 Linear |R| = [32m3.498507e-09[39m
     24 Linear |R| = [32m2.357498e-09[39m
     25 Linear |R| = [32m1.148322e-09[39m
     26 Linear |R| = [33m1.095166e-09[39m
     27 Linear |R| = [32m5.059484e-10[39m
     28 Linear |R| = [33m4.915841e-10[39m
     29 Linear |R| = [32m2.709339e-10[39m
     30 Linear |R| = [33m2.603323e-10[39m
     31 Linear |R| = [33m2.505508e-10[39m
     32 Linear |R| = [32m2.282378e-10[39m
     33 Linear |R| = [33m2.279295e-10[39m
     34 Linear |R| = [32m1.706644e-10[39m
     35 Linear |R| = [32m1.557879e-10[39m
     36 Linear |R| = [33m1.546541e-10[39m
     37 Linear |R| = [32m1.446063e-10[39m
     38 Linear |R| = [33m1.442494e-10[39m
     39 Linear |R| = [33m1.416794e-10[39m
     40 Linear |R| = [33m1.408572e-10[39m
     41 Linear |R| = [33m1.378930e-10[39m
     42 Linear |R| = [32m9.436734e-11[39m
     43 Linear |R| = [32m7.981209e-11[39m
     44 Linear |R| = [33m7.649449e-11[39m
     45 Linear |R| = [32m5.982795e-11[39m
     46 Linear |R| = [32m4.639845e-11[39m
     47 Linear |R| = [32m3.223695e-11[39m
     48 Linear |R| = [33m3.136200e-11[39m
     49 Linear |R| = [32m2.237756e-11[39m
     50 Linear |R| = [33m2.237749e-11[39m
     51 Linear |R| = [32m1.220194e-11[39m
     52 Linear |R| = [33m1.216674e-11[39m
     53 Linear |R| = [32m6.604711e-12[39m
     54 Linear |R| = [33m6.602260e-12[39m
     55 Linear |R| = [32m4.592593e-12[39m
     56 Linear |R| = [33m4.590655e-12[39m
     57 Linear |R| = [32m3.122202e-12[39m
     58 Linear |R| = [32m2.849214e-12[39m
     59 Linear |R| = [32m2.514594e-12[39m
     60 Linear |R| = [32m1.314503e-12[39m
     61 Linear |R| = [33m1.312110e-12[39m
     62 Linear |R| = [33m1.310606e-12[39m
     63 Linear |R| = [33m1.310413e-12[39m
     64 Linear |R| = [33m1.276386e-12[39m
     65 Linear |R| = [33m1.274384e-12[39m
     66 Linear |R| = [33m1.274336e-12[39m
     67 Linear |R| = [33m1.269830e-12[39m
     68 Linear |R| = [32m1.180407e-12[39m
     69 Linear |R| = [32m9.333614e-13[39m
     70 Linear |R| = [33m9.210676e-13[39m
     71 Linear |R| = [32m7.259505e-13[39m
     72 Linear |R| = [33m6.988075e-13[39m
     73 Linear |R| = [32m6.029617e-13[39m
     74 Linear |R| = [33m6.007952e-13[39m
     75 Linear |R| = [32m4.660474e-13[39m
     76 Linear |R| = [33m4.588368e-13[39m
     77 Linear |R| = [32m3.176459e-13[39m
     78 Linear |R| = [32m2.994069e-13[39m
     79 Linear |R| = [32m2.043265e-13[39m
     80 Linear |R| = [32m1.937572e-13[39m
     81 Linear |R| = [32m1.160487e-13[39m
     82 Linear |R| = [33m1.160030e-13[39m
     83 Linear |R| = [32m5.621122e-14[39m
     84 Linear |R| = [33m5.539825e-14[39m
     85 Linear |R| = [32m2.932667e-14[39m
     86 Linear |R| = [32m2.666137e-14[39m
     87 Linear |R| = [32m1.938075e-14[39m
     88 Linear |R| = [32m1.378009e-14[39m
     89 Linear |R| = [32m7.120428e-15[39m
     90 Linear |R| = [31m3.809700e-14[39m
     91 Linear |R| = [32m2.241836e-14[39m
     92 Linear |R| = [32m1.664873e-14[39m
     93 Linear |R| = [33m1.597196e-14[39m
     94 Linear |R| = [33m1.583268e-14[39m
     95 Linear |R| = [33m1.517863e-14[39m
     96 Linear |R| = [33m1.517844e-14[39m
     97 Linear |R| = [32m1.085912e-14[39m
     98 Linear |R| = [32m9.776656e-15[39m
     99 Linear |R| = [32m8.432125e-15[39m
    100 Linear |R| = [33m8.323596e-15[39m
    101 Linear |R| = [32m5.340128e-15[39m
    102 Linear |R| = [33m5.339513e-15[39m
    103 Linear |R| = [32m3.715654e-15[39m
    104 Linear |R| = [33m3.684006e-15[39m
    105 Linear |R| = [32m2.460979e-15[39m
    106 Linear |R| = [33m2.452828e-15[39m
    107 Linear |R| = [32m1.565885e-15[39m
    108 Linear |R| = [33m1.542246e-15[39m
    109 Linear |R| = [32m1.072942e-15[39m
 1 Nonlinear |R| = [32m3.737640e-14[39m
[32m Solve Converged![39m

Postprocessor Values:
+----------------+----------------+----------------+----------------+----------------+----------------+----------------+
| time           | J_max          | J_min          | Jbar_max       | Jbar_min       | center_pressure| edge_ux        |
+----------------+----------------+----------------+----------------+----------------+----------------+----------------+
:                :                :                :                :                :                :                :
|   2.400000e-02 |   9.999810e-01 |   9.999663e-01 |   9.999850e-01 |   9.999806e-01 |   4.944638e-05 |   2.160100e-05 |
|   2.600000e-02 |   9.999808e-01 |   9.999662e-01 |   9.999849e-01 |   9.999806e-01 |   4.909758e-05 |   2.145780e-05 |
|   2.800000e-02 |   9.999806e-01 |   9.999661e-01 |   9.999849e-01 |   9.999806e-01 |   4.870253e-05 |   2.131947e-05 |
|   3.000000e-02 |   9.999804e-01 |   9.999660e-01 |   9.999848e-01 |   9.999805e-01 |   4.826751e-05 |   2.118550e-05 |
|   3.200000e-02 |   9.999801e-01 |   9.999659e-01 |   9.999848e-01 |   9.999805e-01 |   4.779844e-05 |   2.105545e-05 |
|   3.400000e-02 |   9.999799e-01 |   9.999658e-01 |   9.999847e-01 |   9.999805e-01 |   4.730077e-05 |   2.092898e-05 |
|   3.600000e-02 |   9.999796e-01 |   9.999657e-01 |   9.999847e-01 |   9.999806e-01 |   4.677943e-05 |   2.080579e-05 |
|   3.800000e-02 |   9.999794e-01 |   9.999656e-01 |   9.999847e-01 |   9.999806e-01 |   4.623882e-05 |   2.068561e-05 |
|   4.000000e-02 |   9.999791e-01 |   9.999655e-01 |   9.999846e-01 |   9.999806e-01 |   4.568283e-05 |   2.056824e-05 |
|   4.200000e-02 |   9.999789e-01 |   9.999654e-01 |   9.999846e-01 |   9.999806e-01 |   4.511487e-05 |   2.045348e-05 |
|   4.400000e-02 |   9.999786e-01 |   9.999653e-01 |   9.999845e-01 |   9.999806e-01 |   4.453789e-05 |   2.034118e-05 |
|   4.600000e-02 |   9.999784e-01 |   9.999652e-01 |   9.999845e-01 |   9.999806e-01 |   4.395447e-05 |   2.023119e-05 |
|   4.800000e-02 |   9.999781e-01 |   9.999652e-01 |   9.999845e-01 |   9.999806e-01 |   4.336681e-05 |   2.012339e-05 |
|   5.000000e-02 |   9.999778e-01 |   9.999651e-01 |   9.999844e-01 |   9.999806e-01 |   4.277679e-05 |   2.001767e-05 |
|   5.200000e-02 |   9.999776e-01 |   9.999650e-01 |   9.999844e-01 |   9.999807e-01 |   4.218604e-05 |   1.991393e-05 |
+----------------+----------------+----------------+----------------+----------------+----------------+----------------+
+----------------+----------------+----------------+------------------+----------------+----------------+
| time           | mass           | mass_reaction  | outflow_gradient | platen_max     | platen_min     |
+----------------+----------------+----------------+------------------+----------------+----------------+
:                :                :                :                  :                :                :
|   2.400000e-02 |   9.999324e-03 |  -1.550399e-05 |     1.545330e-05 |  -4.506567e-06 |  -4.506567e-06 |
|   2.600000e-02 |   9.999294e-03 |  -1.493104e-05 |     1.488299e-05 |  -4.520887e-06 |  -4.520887e-06 |
|   2.800000e-02 |   9.999265e-03 |  -1.442359e-05 |     1.437780e-05 |  -4.534719e-06 |  -4.534719e-06 |
|   3.000000e-02 |   9.999238e-03 |  -1.396965e-05 |     1.392581e-05 |  -4.548117e-06 |  -4.548117e-06 |
|   3.200000e-02 |   9.999210e-03 |  -1.355995e-05 |     1.351781e-05 |  -4.561121e-06 |  -4.561121e-06 |
|   3.400000e-02 |   9.999184e-03 |  -1.318724e-05 |     1.314661e-05 |  -4.573768e-06 |  -4.573768e-06 |
|   3.600000e-02 |   9.999158e-03 |  -1.284572e-05 |     1.280644e-05 |  -4.586088e-06 |  -4.586088e-06 |
|   3.800000e-02 |   9.999133e-03 |  -1.253073e-05 |     1.249265e-05 |  -4.598106e-06 |  -4.598106e-06 |
|   4.000000e-02 |   9.999109e-03 |  -1.223843e-05 |     1.220145e-05 |  -4.609843e-06 |  -4.609843e-06 |
|   4.200000e-02 |   9.999085e-03 |  -1.196568e-05 |     1.192970e-05 |  -4.621318e-06 |  -4.621318e-06 |
|   4.400000e-02 |   9.999061e-03 |  -1.170985e-05 |     1.167479e-05 |  -4.632548e-06 |  -4.632548e-06 |
|   4.600000e-02 |   9.999038e-03 |  -1.146874e-05 |     1.143453e-05 |  -4.643547e-06 |  -4.643547e-06 |
|   4.800000e-02 |   9.999016e-03 |  -1.124050e-05 |     1.120708e-05 |  -4.654328e-06 |  -4.654328e-06 |
|   5.000000e-02 |   9.998994e-03 |  -1.102357e-05 |     1.099089e-05 |  -4.664900e-06 |  -4.664900e-06 |
|   5.200000e-02 |   9.998972e-03 |  -1.081662e-05 |     1.078463e-05 |  -4.675273e-06 |  -4.675273e-06 |
+----------------+----------------+----------------+------------------+----------------+----------------+
+----------------+--------------------+--------------------+----------------+----------------+----------------+
| time           | solid_fraction_max | solid_fraction_min | stability_max  | stability_min  | top_reaction   |
+----------------+--------------------+--------------------+----------------+----------------+----------------+
:                :                    :                    :                :                :                :
|   2.400000e-02 |       9.000168e-01 |       8.999996e-01 |   2.500000e+00 |   2.500000e+00 |  -1.000000e-04 |
|   2.600000e-02 |       9.000169e-01 |       8.999998e-01 |   2.500000e+00 |   2.500000e+00 |  -1.000000e-04 |
|   2.800000e-02 |       9.000169e-01 |       9.000000e-01 |   2.500000e+00 |   2.500000e+00 |  -1.000000e-04 |
|   3.000000e-02 |       9.000170e-01 |       9.000002e-01 |   2.500000e+00 |   2.500000e+00 |  -1.000000e-04 |
|   3.200000e-02 |       9.000170e-01 |       9.000004e-01 |   2.500000e+00 |   2.500000e+00 |  -1.000000e-04 |
|   3.400000e-02 |       9.000171e-01 |       9.000006e-01 |   2.500000e+00 |   2.500000e+00 |  -1.000000e-04 |
|   3.600000e-02 |       9.000171e-01 |       9.000008e-01 |   2.500000e+00 |   2.500000e+00 |  -1.000000e-04 |
|   3.800000e-02 |       9.000172e-01 |       9.000011e-01 |   2.500000e+00 |   2.500000e+00 |  -1.000000e-04 |
|   4.000000e-02 |       9.000172e-01 |       9.000013e-01 |   2.500000e+00 |   2.500000e+00 |  -1.000000e-04 |
|   4.200000e-02 |       9.000173e-01 |       9.000015e-01 |   2.500000e+00 |   2.500000e+00 |  -1.000000e-04 |
|   4.400000e-02 |       9.000173e-01 |       9.000018e-01 |   2.500000e+00 |   2.500000e+00 |  -1.000000e-04 |
|   4.600000e-02 |       9.000173e-01 |       9.000020e-01 |   2.500000e+00 |   2.500000e+00 |  -1.000000e-04 |
|   4.800000e-02 |       9.000174e-01 |       9.000023e-01 |   2.500000e+00 |   2.500000e+00 |  -1.000000e-04 |
|   5.000000e-02 |       9.000174e-01 |       9.000025e-01 |   2.500000e+00 |   2.500000e+00 |  -1.000000e-04 |
|   5.200000e-02 |       9.000175e-01 |       9.000028e-01 |   2.500000e+00 |   2.500000e+00 |  -1.000000e-04 |
+----------------+--------------------+--------------------+----------------+----------------+----------------+


Time Step 27, time = 0.054, dt = 0.002
 * Nonlinear |R| = [32m1.093376e-06[39m (Before preset BCs, predictors, correctors, and constraints)
 0 Nonlinear |R| = [32m1.093376e-06[39m
      0 Linear |R| = [32m1.093376e-06[39m
      1 Linear |R| = [32m2.292087e-07[39m
      2 Linear |R| = [33m2.291948e-07[39m
      3 Linear |R| = [33m2.206456e-07[39m
      4 Linear |R| = [32m1.840304e-07[39m
      5 Linear |R| = [32m1.577956e-07[39m
      6 Linear |R| = [32m1.452228e-07[39m
      7 Linear |R| = [33m1.400358e-07[39m
      8 Linear |R| = [32m1.239079e-07[39m
      9 Linear |R| = [32m1.161630e-07[39m
     10 Linear |R| = [32m6.077072e-08[39m
     11 Linear |R| = [33m6.041341e-08[39m
     12 Linear |R| = [32m3.414263e-08[39m
     13 Linear |R| = [33m3.408107e-08[39m
     14 Linear |R| = [32m2.347398e-08[39m
     15 Linear |R| = [33m2.246632e-08[39m
     16 Linear |R| = [32m1.653058e-08[39m
     17 Linear |R| = [32m1.502098e-08[39m
     18 Linear |R| = [32m1.015886e-08[39m
     19 Linear |R| = [33m1.004572e-08[39m
     20 Linear |R| = [32m7.305033e-09[39m
     21 Linear |R| = [32m6.366841e-09[39m
     22 Linear |R| = [32m4.393844e-09[39m
     23 Linear |R| = [32m3.412970e-09[39m
     24 Linear |R| = [32m2.312244e-09[39m
     25 Linear |R| = [32m1.124054e-09[39m
     26 Linear |R| = [33m1.074963e-09[39m
     27 Linear |R| = [32m4.851228e-10[39m
     28 Linear |R| = [32m4.509186e-10[39m
     29 Linear |R| = [32m2.655077e-10[39m
     30 Linear |R| = [32m2.520298e-10[39m
     31 Linear |R| = [33m2.397665e-10[39m
     32 Linear |R| = [32m1.888359e-10[39m
     33 Linear |R| = [32m1.627150e-10[39m
     34 Linear |R| = [33m1.557756e-10[39m
     35 Linear |R| = [33m1.518902e-10[39m
     36 Linear |R| = [33m1.490168e-10[39m
     37 Linear |R| = [33m1.420096e-10[39m
     38 Linear |R| = [33m1.377179e-10[39m
     39 Linear |R| = [32m1.239145e-10[39m
     40 Linear |R| = [32m1.145970e-10[39m
     41 Linear |R| = [33m1.122283e-10[39m
     42 Linear |R| = [32m8.866203e-11[39m
     43 Linear |R| = [32m6.988160e-11[39m
     44 Linear |R| = [32m6.141226e-11[39m
     45 Linear |R| = [32m5.354326e-11[39m
     46 Linear |R| = [32m4.543813e-11[39m
     47 Linear |R| = [32m4.159959e-11[39m
     48 Linear |R| = [32m3.603426e-11[39m
     49 Linear |R| = [32m2.299485e-11[39m
     50 Linear |R| = [33m2.245553e-11[39m
     51 Linear |R| = [32m1.325856e-11[39m
     52 Linear |R| = [33m1.324662e-11[39m
     53 Linear |R| = [32m7.938326e-12[39m
     54 Linear |R| = [32m6.348754e-12[39m
     55 Linear |R| = [32m4.948630e-12[39m
     56 Linear |R| = [32m4.315975e-12[39m
     57 Linear |R| = [32m3.174157e-12[39m
     58 Linear |R| = [32m2.719701e-12[39m
     59 Linear |R| = [32m2.499094e-12[39m
     60 Linear |R| = [32m1.249226e-12[39m
     61 Linear |R| = [33m1.246936e-12[39m
     62 Linear |R| = [33m1.245532e-12[39m
     63 Linear |R| = [33m1.245331e-12[39m
     64 Linear |R| = [33m1.214658e-12[39m
     65 Linear |R| = [33m1.212416e-12[39m
     66 Linear |R| = [33m1.212320e-12[39m
     67 Linear |R| = [33m1.208755e-12[39m
     68 Linear |R| = [32m1.127473e-12[39m
     69 Linear |R| = [32m8.928182e-13[39m
     70 Linear |R| = [33m8.845258e-13[39m
     71 Linear |R| = [32m6.868303e-13[39m
     72 Linear |R| = [32m6.454587e-13[39m
     73 Linear |R| = [32m5.760669e-13[39m
     74 Linear |R| = [33m5.631767e-13[39m
     75 Linear |R| = [32m4.383281e-13[39m
     76 Linear |R| = [33m4.372317e-13[39m
     77 Linear |R| = [32m3.076078e-13[39m
     78 Linear |R| = [33m3.065401e-13[39m
     79 Linear |R| = [32m1.996663e-13[39m
     80 Linear |R| = [33m1.983598e-13[39m
     81 Linear |R| = [32m1.107728e-13[39m
     82 Linear |R| = [33m1.098407e-13[39m
     83 Linear |R| = [32m5.977502e-14[39m
     84 Linear |R| = [33m5.812247e-14[39m
     85 Linear |R| = [32m3.436973e-14[39m
     86 Linear |R| = [32m2.585126e-14[39m
     87 Linear |R| = [32m1.900258e-14[39m
     88 Linear |R| = [32m1.316367e-14[39m
     89 Linear |R| = [32m7.041861e-15[39m
     90 Linear |R| = [31m3.900161e-14[39m
     91 Linear |R| = [32m1.536727e-14[39m
     92 Linear |R| = [33m1.502953e-14[39m
     93 Linear |R| = [32m1.426859e-14[39m
     94 Linear |R| = [33m1.414323e-14[39m
     95 Linear |R| = [33m1.372140e-14[39m
     96 Linear |R| = [33m1.362089e-14[39m
     97 Linear |R| = [32m1.275432e-14[39m
     98 Linear |R| = [32m8.882787e-15[39m
     99 Linear |R| = [32m7.947276e-15[39m
    100 Linear |R| = [32m6.761871e-15[39m
    101 Linear |R| = [32m5.028493e-15[39m
    102 Linear |R| = [33m5.009795e-15[39m
    103 Linear |R| = [32m3.077330e-15[39m
    104 Linear |R| = [33m3.073136e-15[39m
    105 Linear |R| = [32m2.311410e-15[39m
    106 Linear |R| = [33m2.285773e-15[39m
    107 Linear |R| = [32m1.523334e-15[39m
    108 Linear |R| = [33m1.483058e-15[39m
    109 Linear |R| = [32m1.012382e-15[39m
 1 Nonlinear |R| = [32m3.950962e-14[39m
[32m Solve Converged![39m

Postprocessor Values:
+----------------+----------------+----------------+----------------+----------------+----------------+----------------+
| time           | J_max          | J_min          | Jbar_max       | Jbar_min       | center_pressure| edge_ux        |
+----------------+----------------+----------------+----------------+----------------+----------------+----------------+
:                :                :                :                :                :                :                :
|   2.600000e-02 |   9.999808e-01 |   9.999662e-01 |   9.999849e-01 |   9.999806e-01 |   4.909758e-05 |   2.145780e-05 |
|   2.800000e-02 |   9.999806e-01 |   9.999661e-01 |   9.999849e-01 |   9.999806e-01 |   4.870253e-05 |   2.131947e-05 |
|   3.000000e-02 |   9.999804e-01 |   9.999660e-01 |   9.999848e-01 |   9.999805e-01 |   4.826751e-05 |   2.118550e-05 |
|   3.200000e-02 |   9.999801e-01 |   9.999659e-01 |   9.999848e-01 |   9.999805e-01 |   4.779844e-05 |   2.105545e-05 |
|   3.400000e-02 |   9.999799e-01 |   9.999658e-01 |   9.999847e-01 |   9.999805e-01 |   4.730077e-05 |   2.092898e-05 |
|   3.600000e-02 |   9.999796e-01 |   9.999657e-01 |   9.999847e-01 |   9.999806e-01 |   4.677943e-05 |   2.080579e-05 |
|   3.800000e-02 |   9.999794e-01 |   9.999656e-01 |   9.999847e-01 |   9.999806e-01 |   4.623882e-05 |   2.068561e-05 |
|   4.000000e-02 |   9.999791e-01 |   9.999655e-01 |   9.999846e-01 |   9.999806e-01 |   4.568283e-05 |   2.056824e-05 |
|   4.200000e-02 |   9.999789e-01 |   9.999654e-01 |   9.999846e-01 |   9.999806e-01 |   4.511487e-05 |   2.045348e-05 |
|   4.400000e-02 |   9.999786e-01 |   9.999653e-01 |   9.999845e-01 |   9.999806e-01 |   4.453789e-05 |   2.034118e-05 |
|   4.600000e-02 |   9.999784e-01 |   9.999652e-01 |   9.999845e-01 |   9.999806e-01 |   4.395447e-05 |   2.023119e-05 |
|   4.800000e-02 |   9.999781e-01 |   9.999652e-01 |   9.999845e-01 |   9.999806e-01 |   4.336681e-05 |   2.012339e-05 |
|   5.000000e-02 |   9.999778e-01 |   9.999651e-01 |   9.999844e-01 |   9.999806e-01 |   4.277679e-05 |   2.001767e-05 |
|   5.200000e-02 |   9.999776e-01 |   9.999650e-01 |   9.999844e-01 |   9.999807e-01 |   4.218604e-05 |   1.991393e-05 |
|   5.400000e-02 |   9.999773e-01 |   9.999649e-01 |   9.999844e-01 |   9.999807e-01 |   4.159594e-05 |   1.981210e-05 |
+----------------+----------------+----------------+----------------+----------------+----------------+----------------+
+----------------+----------------+----------------+------------------+----------------+----------------+
| time           | mass           | mass_reaction  | outflow_gradient | platen_max     | platen_min     |
+----------------+----------------+----------------+------------------+----------------+----------------+
:                :                :                :                  :                :                :
|   2.600000e-02 |   9.999294e-03 |  -1.493104e-05 |     1.488299e-05 |  -4.520887e-06 |  -4.520887e-06 |
|   2.800000e-02 |   9.999265e-03 |  -1.442359e-05 |     1.437780e-05 |  -4.534719e-06 |  -4.534719e-06 |
|   3.000000e-02 |   9.999238e-03 |  -1.396965e-05 |     1.392581e-05 |  -4.548117e-06 |  -4.548117e-06 |
|   3.200000e-02 |   9.999210e-03 |  -1.355995e-05 |     1.351781e-05 |  -4.561121e-06 |  -4.561121e-06 |
|   3.400000e-02 |   9.999184e-03 |  -1.318724e-05 |     1.314661e-05 |  -4.573768e-06 |  -4.573768e-06 |
|   3.600000e-02 |   9.999158e-03 |  -1.284572e-05 |     1.280644e-05 |  -4.586088e-06 |  -4.586088e-06 |
|   3.800000e-02 |   9.999133e-03 |  -1.253073e-05 |     1.249265e-05 |  -4.598106e-06 |  -4.598106e-06 |
|   4.000000e-02 |   9.999109e-03 |  -1.223843e-05 |     1.220145e-05 |  -4.609843e-06 |  -4.609843e-06 |
|   4.200000e-02 |   9.999085e-03 |  -1.196568e-05 |     1.192970e-05 |  -4.621318e-06 |  -4.621318e-06 |
|   4.400000e-02 |   9.999061e-03 |  -1.170985e-05 |     1.167479e-05 |  -4.632548e-06 |  -4.632548e-06 |
|   4.600000e-02 |   9.999038e-03 |  -1.146874e-05 |     1.143453e-05 |  -4.643547e-06 |  -4.643547e-06 |
|   4.800000e-02 |   9.999016e-03 |  -1.124050e-05 |     1.120708e-05 |  -4.654328e-06 |  -4.654328e-06 |
|   5.000000e-02 |   9.998994e-03 |  -1.102357e-05 |     1.099089e-05 |  -4.664900e-06 |  -4.664900e-06 |
|   5.200000e-02 |   9.998972e-03 |  -1.081662e-05 |     1.078463e-05 |  -4.675273e-06 |  -4.675273e-06 |
|   5.400000e-02 |   9.998951e-03 |  -1.061852e-05 |     1.058719e-05 |  -4.685457e-06 |  -4.685457e-06 |
+----------------+----------------+----------------+------------------+----------------+----------------+
+----------------+--------------------+--------------------+----------------+----------------+----------------+
| time           | solid_fraction_max | solid_fraction_min | stability_max  | stability_min  | top_reaction   |
+----------------+--------------------+--------------------+----------------+----------------+----------------+
:                :                    :                    :                :                :                :
|   2.600000e-02 |       9.000169e-01 |       8.999998e-01 |   2.500000e+00 |   2.500000e+00 |  -1.000000e-04 |
|   2.800000e-02 |       9.000169e-01 |       9.000000e-01 |   2.500000e+00 |   2.500000e+00 |  -1.000000e-04 |
|   3.000000e-02 |       9.000170e-01 |       9.000002e-01 |   2.500000e+00 |   2.500000e+00 |  -1.000000e-04 |
|   3.200000e-02 |       9.000170e-01 |       9.000004e-01 |   2.500000e+00 |   2.500000e+00 |  -1.000000e-04 |
|   3.400000e-02 |       9.000171e-01 |       9.000006e-01 |   2.500000e+00 |   2.500000e+00 |  -1.000000e-04 |
|   3.600000e-02 |       9.000171e-01 |       9.000008e-01 |   2.500000e+00 |   2.500000e+00 |  -1.000000e-04 |
|   3.800000e-02 |       9.000172e-01 |       9.000011e-01 |   2.500000e+00 |   2.500000e+00 |  -1.000000e-04 |
|   4.000000e-02 |       9.000172e-01 |       9.000013e-01 |   2.500000e+00 |   2.500000e+00 |  -1.000000e-04 |
|   4.200000e-02 |       9.000173e-01 |       9.000015e-01 |   2.500000e+00 |   2.500000e+00 |  -1.000000e-04 |
|   4.400000e-02 |       9.000173e-01 |       9.000018e-01 |   2.500000e+00 |   2.500000e+00 |  -1.000000e-04 |
|   4.600000e-02 |       9.000173e-01 |       9.000020e-01 |   2.500000e+00 |   2.500000e+00 |  -1.000000e-04 |
|   4.800000e-02 |       9.000174e-01 |       9.000023e-01 |   2.500000e+00 |   2.500000e+00 |  -1.000000e-04 |
|   5.000000e-02 |       9.000174e-01 |       9.000025e-01 |   2.500000e+00 |   2.500000e+00 |  -1.000000e-04 |
|   5.200000e-02 |       9.000175e-01 |       9.000028e-01 |   2.500000e+00 |   2.500000e+00 |  -1.000000e-04 |
|   5.400000e-02 |       9.000175e-01 |       9.000030e-01 |   2.500000e+00 |   2.500000e+00 |  -1.000000e-04 |
+----------------+--------------------+--------------------+----------------+----------------+----------------+


Time Step 28, time = 0.056, dt = 0.002
 * Nonlinear |R| = [32m1.075218e-06[39m (Before preset BCs, predictors, correctors, and constraints)
 0 Nonlinear |R| = [32m1.075218e-06[39m
      0 Linear |R| = [32m1.075218e-06[39m
      1 Linear |R| = [32m2.239626e-07[39m
      2 Linear |R| = [33m2.239347e-07[39m
      3 Linear |R| = [33m2.158915e-07[39m
      4 Linear |R| = [32m1.811386e-07[39m
      5 Linear |R| = [32m1.551489e-07[39m
      6 Linear |R| = [32m1.427799e-07[39m
      7 Linear |R| = [33m1.375465e-07[39m
      8 Linear |R| = [32m1.217225e-07[39m
      9 Linear |R| = [32m1.120361e-07[39m
     10 Linear |R| = [32m5.977440e-08[39m
     11 Linear |R| = [33m5.938194e-08[39m
     12 Linear |R| = [32m3.368247e-08[39m
     13 Linear |R| = [33m3.361924e-08[39m
     14 Linear |R| = [32m2.312104e-08[39m
     15 Linear |R| = [33m2.215308e-08[39m
     16 Linear |R| = [32m1.628124e-08[39m
     17 Linear |R| = [32m1.477771e-08[39m
     18 Linear |R| = [32m9.969509e-09[39m
     19 Linear |R| = [33m9.848121e-09[39m
     20 Linear |R| = [32m7.167586e-09[39m
     21 Linear |R| = [32m6.166208e-09[39m
     22 Linear |R| = [32m4.311775e-09[39m
     23 Linear |R| = [32m3.333978e-09[39m
     24 Linear |R| = [32m2.269176e-09[39m
     25 Linear |R| = [32m1.102269e-09[39m
     26 Linear |R| = [33m1.055925e-09[39m
     27 Linear |R| = [32m4.693993e-10[39m
     28 Linear |R| = [32m4.136878e-10[39m
     29 Linear |R| = [32m2.591561e-10[39m
     30 Linear |R| = [32m2.374002e-10[39m
     31 Linear |R| = [32m2.186736e-10[39m
     32 Linear |R| = [32m2.009436e-10[39m
     33 Linear |R| = [32m1.610509e-10[39m
     34 Linear |R| = [33m1.585314e-10[39m
     35 Linear |R| = [32m1.436079e-10[39m
     36 Linear |R| = [33m1.434924e-10[39m
     37 Linear |R| = [33m1.418582e-10[39m
     38 Linear |R| = [33m1.411734e-10[39m
     39 Linear |R| = [33m1.397108e-10[39m
     40 Linear |R| = [32m1.323677e-10[39m
     41 Linear |R| = [33m1.321780e-10[39m
     42 Linear |R| = [32m8.323556e-11[39m
     43 Linear |R| = [33m7.978656e-11[39m
     44 Linear |R| = [32m6.685495e-11[39m
     45 Linear |R| = [32m5.390893e-11[39m
     46 Linear |R| = [32m4.395628e-11[39m
     47 Linear |R| = [33m4.324717e-11[39m
     48 Linear |R| = [32m3.437265e-11[39m
     49 Linear |R| = [32m2.276254e-11[39m
     50 Linear |R| = [33m2.181643e-11[39m
     51 Linear |R| = [32m1.319084e-11[39m
     52 Linear |R| = [33m1.306135e-11[39m
     53 Linear |R| = [32m7.764341e-12[39m
     54 Linear |R| = [33m7.549824e-12[39m
     55 Linear |R| = [32m4.556675e-12[39m
     56 Linear |R| = [33m4.384281e-12[39m
     57 Linear |R| = [32m2.960596e-12[39m
     58 Linear |R| = [32m2.456418e-12[39m
     59 Linear |R| = [32m2.286014e-12[39m
     60 Linear |R| = [32m1.048869e-12[39m
     61 Linear |R| = [33m1.048865e-12[39m
     62 Linear |R| = [33m1.047082e-12[39m
     63 Linear |R| = [33m1.046916e-12[39m
     64 Linear |R| = [33m1.008629e-12[39m
     65 Linear |R| = [33m1.008515e-12[39m
     66 Linear |R| = [33m1.008352e-12[39m
     67 Linear |R| = [33m1.008237e-12[39m
     68 Linear |R| = [32m9.509303e-13[39m
     69 Linear |R| = [32m7.637061e-13[39m
     70 Linear |R| = [33m7.599191e-13[39m
     71 Linear |R| = [32m5.854225e-13[39m
     72 Linear |R| = [32m5.482979e-13[39m
     73 Linear |R| = [32m4.903743e-13[39m
     74 Linear |R| = [33m4.893852e-13[39m
     75 Linear |R| = [32m3.765707e-13[39m
     76 Linear |R| = [33m3.765406e-13[39m
     77 Linear |R| = [32m2.646872e-13[39m
     78 Linear |R| = [33m2.630142e-13[39m
     79 Linear |R| = [32m1.677070e-13[39m
     80 Linear |R| = [33m1.609737e-13[39m
     81 Linear |R| = [32m9.784321e-14[39m
     82 Linear |R| = [33m9.437451e-14[39m
     83 Linear |R| = [32m5.407711e-14[39m
     84 Linear |R| = [32m4.637286e-14[39m
     85 Linear |R| = [32m3.110746e-14[39m
     86 Linear |R| = [32m2.073399e-14[39m
     87 Linear |R| = [32m1.644542e-14[39m
     88 Linear |R| = [32m1.029798e-14[39m
     89 Linear |R| = [32m6.054657e-15[39m
     90 Linear |R| = [31m4.237346e-14[39m
     91 Linear |R| = [32m2.436080e-14[39m
     92 Linear |R| = [32m2.261550e-14[39m
     93 Linear |R| = [32m1.878659e-14[39m
     94 Linear |R| = [32m1.590648e-14[39m
     95 Linear |R| = [32m1.485406e-14[39m
     96 Linear |R| = [33m1.442313e-14[39m
     97 Linear |R| = [32m1.076859e-14[39m
     98 Linear |R| = [32m8.141057e-15[39m
     99 Linear |R| = [32m6.678513e-15[39m
    100 Linear |R| = [33m6.622082e-15[39m
    101 Linear |R| = [32m4.499267e-15[39m
    102 Linear |R| = [33m4.291233e-15[39m
    103 Linear |R| = [32m2.976925e-15[39m
    104 Linear |R| = [33m2.934098e-15[39m
    105 Linear |R| = [32m2.370933e-15[39m
    106 Linear |R| = [33m2.332459e-15[39m
    107 Linear |R| = [32m1.870571e-15[39m
    108 Linear |R| = [32m1.558825e-15[39m
    109 Linear |R| = [32m8.945227e-16[39m
 1 Nonlinear |R| = [32m3.804243e-14[39m
[32m Solve Converged![39m

Postprocessor Values:
+----------------+----------------+----------------+----------------+----------------+----------------+----------------+
| time           | J_max          | J_min          | Jbar_max       | Jbar_min       | center_pressure| edge_ux        |
+----------------+----------------+----------------+----------------+----------------+----------------+----------------+
:                :                :                :                :                :                :                :
|   2.800000e-02 |   9.999806e-01 |   9.999661e-01 |   9.999849e-01 |   9.999806e-01 |   4.870253e-05 |   2.131947e-05 |
|   3.000000e-02 |   9.999804e-01 |   9.999660e-01 |   9.999848e-01 |   9.999805e-01 |   4.826751e-05 |   2.118550e-05 |
|   3.200000e-02 |   9.999801e-01 |   9.999659e-01 |   9.999848e-01 |   9.999805e-01 |   4.779844e-05 |   2.105545e-05 |
|   3.400000e-02 |   9.999799e-01 |   9.999658e-01 |   9.999847e-01 |   9.999805e-01 |   4.730077e-05 |   2.092898e-05 |
|   3.600000e-02 |   9.999796e-01 |   9.999657e-01 |   9.999847e-01 |   9.999806e-01 |   4.677943e-05 |   2.080579e-05 |
|   3.800000e-02 |   9.999794e-01 |   9.999656e-01 |   9.999847e-01 |   9.999806e-01 |   4.623882e-05 |   2.068561e-05 |
|   4.000000e-02 |   9.999791e-01 |   9.999655e-01 |   9.999846e-01 |   9.999806e-01 |   4.568283e-05 |   2.056824e-05 |
|   4.200000e-02 |   9.999789e-01 |   9.999654e-01 |   9.999846e-01 |   9.999806e-01 |   4.511487e-05 |   2.045348e-05 |
|   4.400000e-02 |   9.999786e-01 |   9.999653e-01 |   9.999845e-01 |   9.999806e-01 |   4.453789e-05 |   2.034118e-05 |
|   4.600000e-02 |   9.999784e-01 |   9.999652e-01 |   9.999845e-01 |   9.999806e-01 |   4.395447e-05 |   2.023119e-05 |
|   4.800000e-02 |   9.999781e-01 |   9.999652e-01 |   9.999845e-01 |   9.999806e-01 |   4.336681e-05 |   2.012339e-05 |
|   5.000000e-02 |   9.999778e-01 |   9.999651e-01 |   9.999844e-01 |   9.999806e-01 |   4.277679e-05 |   2.001767e-05 |
|   5.200000e-02 |   9.999776e-01 |   9.999650e-01 |   9.999844e-01 |   9.999807e-01 |   4.218604e-05 |   1.991393e-05 |
|   5.400000e-02 |   9.999773e-01 |   9.999649e-01 |   9.999844e-01 |   9.999807e-01 |   4.159594e-05 |   1.981210e-05 |
|   5.600000e-02 |   9.999771e-01 |   9.999648e-01 |   9.999843e-01 |   9.999807e-01 |   4.100764e-05 |   1.971209e-05 |
+----------------+----------------+----------------+----------------+----------------+----------------+----------------+
+----------------+----------------+----------------+------------------+----------------+----------------+
| time           | mass           | mass_reaction  | outflow_gradient | platen_max     | platen_min     |
+----------------+----------------+----------------+------------------+----------------+----------------+
:                :                :                :                  :                :                :
|   2.800000e-02 |   9.999265e-03 |  -1.442359e-05 |     1.437780e-05 |  -4.534719e-06 |  -4.534719e-06 |
|   3.000000e-02 |   9.999238e-03 |  -1.396965e-05 |     1.392581e-05 |  -4.548117e-06 |  -4.548117e-06 |
|   3.200000e-02 |   9.999210e-03 |  -1.355995e-05 |     1.351781e-05 |  -4.561121e-06 |  -4.561121e-06 |
|   3.400000e-02 |   9.999184e-03 |  -1.318724e-05 |     1.314661e-05 |  -4.573768e-06 |  -4.573768e-06 |
|   3.600000e-02 |   9.999158e-03 |  -1.284572e-05 |     1.280644e-05 |  -4.586088e-06 |  -4.586088e-06 |
|   3.800000e-02 |   9.999133e-03 |  -1.253073e-05 |     1.249265e-05 |  -4.598106e-06 |  -4.598106e-06 |
|   4.000000e-02 |   9.999109e-03 |  -1.223843e-05 |     1.220145e-05 |  -4.609843e-06 |  -4.609843e-06 |
|   4.200000e-02 |   9.999085e-03 |  -1.196568e-05 |     1.192970e-05 |  -4.621318e-06 |  -4.621318e-06 |
|   4.400000e-02 |   9.999061e-03 |  -1.170985e-05 |     1.167479e-05 |  -4.632548e-06 |  -4.632548e-06 |
|   4.600000e-02 |   9.999038e-03 |  -1.146874e-05 |     1.143453e-05 |  -4.643547e-06 |  -4.643547e-06 |
|   4.800000e-02 |   9.999016e-03 |  -1.124050e-05 |     1.120708e-05 |  -4.654328e-06 |  -4.654328e-06 |
|   5.000000e-02 |   9.998994e-03 |  -1.102357e-05 |     1.099089e-05 |  -4.664900e-06 |  -4.664900e-06 |
|   5.200000e-02 |   9.998972e-03 |  -1.081662e-05 |     1.078463e-05 |  -4.675273e-06 |  -4.675273e-06 |
|   5.400000e-02 |   9.998951e-03 |  -1.061852e-05 |     1.058719e-05 |  -4.685457e-06 |  -4.685457e-06 |
|   5.600000e-02 |   9.998930e-03 |  -1.042831e-05 |     1.039760e-05 |  -4.695458e-06 |  -4.695458e-06 |
+----------------+----------------+----------------+------------------+----------------+----------------+
+----------------+--------------------+--------------------+----------------+----------------+----------------+
| time           | solid_fraction_max | solid_fraction_min | stability_max  | stability_min  | top_reaction   |
+----------------+--------------------+--------------------+----------------+----------------+----------------+
:                :                    :                    :                :                :                :
|   2.800000e-02 |       9.000169e-01 |       9.000000e-01 |   2.500000e+00 |   2.500000e+00 |  -1.000000e-04 |
|   3.000000e-02 |       9.000170e-01 |       9.000002e-01 |   2.500000e+00 |   2.500000e+00 |  -1.000000e-04 |
|   3.200000e-02 |       9.000170e-01 |       9.000004e-01 |   2.500000e+00 |   2.500000e+00 |  -1.000000e-04 |
|   3.400000e-02 |       9.000171e-01 |       9.000006e-01 |   2.500000e+00 |   2.500000e+00 |  -1.000000e-04 |
|   3.600000e-02 |       9.000171e-01 |       9.000008e-01 |   2.500000e+00 |   2.500000e+00 |  -1.000000e-04 |
|   3.800000e-02 |       9.000172e-01 |       9.000011e-01 |   2.500000e+00 |   2.500000e+00 |  -1.000000e-04 |
|   4.000000e-02 |       9.000172e-01 |       9.000013e-01 |   2.500000e+00 |   2.500000e+00 |  -1.000000e-04 |
|   4.200000e-02 |       9.000173e-01 |       9.000015e-01 |   2.500000e+00 |   2.500000e+00 |  -1.000000e-04 |
|   4.400000e-02 |       9.000173e-01 |       9.000018e-01 |   2.500000e+00 |   2.500000e+00 |  -1.000000e-04 |
|   4.600000e-02 |       9.000173e-01 |       9.000020e-01 |   2.500000e+00 |   2.500000e+00 |  -1.000000e-04 |
|   4.800000e-02 |       9.000174e-01 |       9.000023e-01 |   2.500000e+00 |   2.500000e+00 |  -1.000000e-04 |
|   5.000000e-02 |       9.000174e-01 |       9.000025e-01 |   2.500000e+00 |   2.500000e+00 |  -1.000000e-04 |
|   5.200000e-02 |       9.000175e-01 |       9.000028e-01 |   2.500000e+00 |   2.500000e+00 |  -1.000000e-04 |
|   5.400000e-02 |       9.000175e-01 |       9.000030e-01 |   2.500000e+00 |   2.500000e+00 |  -1.000000e-04 |
|   5.600000e-02 |       9.000175e-01 |       9.000033e-01 |   2.500000e+00 |   2.500000e+00 |  -1.000000e-04 |
+----------------+--------------------+--------------------+----------------+----------------+----------------+


Time Step 29, time = 0.058, dt = 0.002
 * Nonlinear |R| = [32m1.057643e-06[39m (Before preset BCs, predictors, correctors, and constraints)
 0 Nonlinear |R| = [32m1.057643e-06[39m
      0 Linear |R| = [32m1.057643e-06[39m
      1 Linear |R| = [32m2.190532e-07[39m
      2 Linear |R| = [33m2.190101e-07[39m
      3 Linear |R| = [33m2.114062e-07[39m
      4 Linear |R| = [32m1.783081e-07[39m
      5 Linear |R| = [32m1.525785e-07[39m
      6 Linear |R| = [32m1.404107e-07[39m
      7 Linear |R| = [33m1.351671e-07[39m
      8 Linear |R| = [32m1.196132e-07[39m
      9 Linear |R| = [32m1.077285e-07[39m
     10 Linear |R| = [32m5.880963e-08[39m
     11 Linear |R| = [33m5.838564e-08[39m
     12 Linear |R| = [32m3.322881e-08[39m
     13 Linear |R| = [33m3.316486e-08[39m
     14 Linear |R| = [32m2.277210e-08[39m
     15 Linear |R| = [33m2.184143e-08[39m
     16 Linear |R| = [32m1.603486e-08[39m
     17 Linear |R| = [32m1.454011e-08[39m
     18 Linear |R| = [32m9.788074e-09[39m
     19 Linear |R| = [33m9.659608e-09[39m
     20 Linear |R| = [32m7.036295e-09[39m
     21 Linear |R| = [32m5.978632e-09[39m
     22 Linear |R| = [32m4.233245e-09[39m
     23 Linear |R| = [32m3.260491e-09[39m
     24 Linear |R| = [32m2.228012e-09[39m
     25 Linear |R| = [32m1.082356e-09[39m
     26 Linear |R| = [33m1.037841e-09[39m
     27 Linear |R| = [32m4.578665e-10[39m
     28 Linear |R| = [32m3.866014e-10[39m
     29 Linear |R| = [32m2.518754e-10[39m
     30 Linear |R| = [32m2.064139e-10[39m
     31 Linear |R| = [32m1.748077e-10[39m
     32 Linear |R| = [33m1.743168e-10[39m
     33 Linear |R| = [33m1.698437e-10[39m
     34 Linear |R| = [33m1.635032e-10[39m
     35 Linear |R| = [32m1.268043e-10[39m
     36 Linear |R| = [33m1.242532e-10[39m
     37 Linear |R| = [33m1.235932e-10[39m
     38 Linear |R| = [33m1.209167e-10[39m
     39 Linear |R| = [33m1.207008e-10[39m
     40 Linear |R| = [32m1.142262e-10[39m
     41 Linear |R| = [32m1.074524e-10[39m
     42 Linear |R| = [32m7.749414e-11[39m
     43 Linear |R| = [33m7.726201e-11[39m
     44 Linear |R| = [32m5.834832e-11[39m
     45 Linear |R| = [32m5.296031e-11[39m
     46 Linear |R| = [32m3.955141e-11[39m
     47 Linear |R| = [33m3.858273e-11[39m
     48 Linear |R| = [32m2.834135e-11[39m
     49 Linear |R| = [32m2.168196e-11[39m
     50 Linear |R| = [32m1.983621e-11[39m
     51 Linear |R| = [32m1.134296e-11[39m
     52 Linear |R| = [33m1.120045e-11[39m
     53 Linear |R| = [32m6.768136e-12[39m
     54 Linear |R| = [33m6.590991e-12[39m
     55 Linear |R| = [32m3.694045e-12[39m
     56 Linear |R| = [33m3.556247e-12[39m
     57 Linear |R| = [32m2.400500e-12[39m
     58 Linear |R| = [32m1.884910e-12[39m
     59 Linear |R| = [32m1.750143e-12[39m
     60 Linear |R| = [32m8.704453e-13[39m
     61 Linear |R| = [33m8.638356e-13[39m
     62 Linear |R| = [33m8.632407e-13[39m
     63 Linear |R| = [33m8.606428e-13[39m
     64 Linear |R| = [33m8.606315e-13[39m
     65 Linear |R| = [33m8.586649e-13[39m
     66 Linear |R| = [33m8.495712e-13[39m
     67 Linear |R| = [33m8.489443e-13[39m
     68 Linear |R| = [32m8.010407e-13[39m
     69 Linear |R| = [32m7.389709e-13[39m
     70 Linear |R| = [32m6.203434e-13[39m
     71 Linear |R| = [32m5.037401e-13[39m
     72 Linear |R| = [33m4.917947e-13[39m
     73 Linear |R| = [32m4.198952e-13[39m
     74 Linear |R| = [33m4.153911e-13[39m
     75 Linear |R| = [32m2.943645e-13[39m
     76 Linear |R| = [33m2.885452e-13[39m
     77 Linear |R| = [32m1.944079e-13[39m
     78 Linear |R| = [32m1.797606e-13[39m
     79 Linear |R| = [32m1.266738e-13[39m
     80 Linear |R| = [32m1.059810e-13[39m
     81 Linear |R| = [32m7.411692e-14[39m
     82 Linear |R| = [32m6.443141e-14[39m
     83 Linear |R| = [32m4.426180e-14[39m
     84 Linear |R| = [32m3.683366e-14[39m
     85 Linear |R| = [32m2.315052e-14[39m
     86 Linear |R| = [32m1.801698e-14[39m
     87 Linear |R| = [32m1.180150e-14[39m
     88 Linear |R| = [32m9.221119e-15[39m
     89 Linear |R| = [32m6.038985e-15[39m
     90 Linear |R| = [31m3.722541e-14[39m
     91 Linear |R| = [32m1.895166e-14[39m
     92 Linear |R| = [32m1.387701e-14[39m
     93 Linear |R| = [32m1.059673e-14[39m
     94 Linear |R| = [32m9.265286e-15[39m
     95 Linear |R| = [32m8.797738e-15[39m
     96 Linear |R| = [32m8.138386e-15[39m
     97 Linear |R| = [33m7.741379e-15[39m
     98 Linear |R| = [33m7.372059e-15[39m
     99 Linear |R| = [32m6.176811e-15[39m
    100 Linear |R| = [33m6.163154e-15[39m
    101 Linear |R| = [32m4.199519e-15[39m
    102 Linear |R| = [32m3.735049e-15[39m
    103 Linear |R| = [32m2.186051e-15[39m
    104 Linear |R| = [33m2.186024e-15[39m
    105 Linear |R| = [32m1.715568e-15[39m
    106 Linear |R| = [32m1.629532e-15[39m
    107 Linear |R| = [32m1.177645e-15[39m
    108 Linear |R| = [32m1.082533e-15[39m
    109 Linear |R| = [32m7.326645e-16[39m
 1 Nonlinear |R| = [32m3.905650e-14[39m
[32m Solve Converged![39m

Postprocessor Values:
+----------------+----------------+----------------+----------------+----------------+----------------+----------------+
| time           | J_max          | J_min          | Jbar_max       | Jbar_min       | center_pressure| edge_ux        |
+----------------+----------------+----------------+----------------+----------------+----------------+----------------+
:                :                :                :                :                :                :                :
|   3.000000e-02 |   9.999804e-01 |   9.999660e-01 |   9.999848e-01 |   9.999805e-01 |   4.826751e-05 |   2.118550e-05 |
|   3.200000e-02 |   9.999801e-01 |   9.999659e-01 |   9.999848e-01 |   9.999805e-01 |   4.779844e-05 |   2.105545e-05 |
|   3.400000e-02 |   9.999799e-01 |   9.999658e-01 |   9.999847e-01 |   9.999805e-01 |   4.730077e-05 |   2.092898e-05 |
|   3.600000e-02 |   9.999796e-01 |   9.999657e-01 |   9.999847e-01 |   9.999806e-01 |   4.677943e-05 |   2.080579e-05 |
|   3.800000e-02 |   9.999794e-01 |   9.999656e-01 |   9.999847e-01 |   9.999806e-01 |   4.623882e-05 |   2.068561e-05 |
|   4.000000e-02 |   9.999791e-01 |   9.999655e-01 |   9.999846e-01 |   9.999806e-01 |   4.568283e-05 |   2.056824e-05 |
|   4.200000e-02 |   9.999789e-01 |   9.999654e-01 |   9.999846e-01 |   9.999806e-01 |   4.511487e-05 |   2.045348e-05 |
|   4.400000e-02 |   9.999786e-01 |   9.999653e-01 |   9.999845e-01 |   9.999806e-01 |   4.453789e-05 |   2.034118e-05 |
|   4.600000e-02 |   9.999784e-01 |   9.999652e-01 |   9.999845e-01 |   9.999806e-01 |   4.395447e-05 |   2.023119e-05 |
|   4.800000e-02 |   9.999781e-01 |   9.999652e-01 |   9.999845e-01 |   9.999806e-01 |   4.336681e-05 |   2.012339e-05 |
|   5.000000e-02 |   9.999778e-01 |   9.999651e-01 |   9.999844e-01 |   9.999806e-01 |   4.277679e-05 |   2.001767e-05 |
|   5.200000e-02 |   9.999776e-01 |   9.999650e-01 |   9.999844e-01 |   9.999807e-01 |   4.218604e-05 |   1.991393e-05 |
|   5.400000e-02 |   9.999773e-01 |   9.999649e-01 |   9.999844e-01 |   9.999807e-01 |   4.159594e-05 |   1.981210e-05 |
|   5.600000e-02 |   9.999771e-01 |   9.999648e-01 |   9.999843e-01 |   9.999807e-01 |   4.100764e-05 |   1.971209e-05 |
|   5.800000e-02 |   9.999768e-01 |   9.999648e-01 |   9.999843e-01 |   9.999807e-01 |   4.042214e-05 |   1.961383e-05 |
+----------------+----------------+----------------+----------------+----------------+----------------+----------------+
+----------------+----------------+----------------+------------------+----------------+----------------+
| time           | mass           | mass_reaction  | outflow_gradient | platen_max     | platen_min     |
+----------------+----------------+----------------+------------------+----------------+----------------+
:                :                :                :                  :                :                :
|   3.000000e-02 |   9.999238e-03 |  -1.396965e-05 |     1.392581e-05 |  -4.548117e-06 |  -4.548117e-06 |
|   3.200000e-02 |   9.999210e-03 |  -1.355995e-05 |     1.351781e-05 |  -4.561121e-06 |  -4.561121e-06 |
|   3.400000e-02 |   9.999184e-03 |  -1.318724e-05 |     1.314661e-05 |  -4.573768e-06 |  -4.573768e-06 |
|   3.600000e-02 |   9.999158e-03 |  -1.284572e-05 |     1.280644e-05 |  -4.586088e-06 |  -4.586088e-06 |
|   3.800000e-02 |   9.999133e-03 |  -1.253073e-05 |     1.249265e-05 |  -4.598106e-06 |  -4.598106e-06 |
|   4.000000e-02 |   9.999109e-03 |  -1.223843e-05 |     1.220145e-05 |  -4.609843e-06 |  -4.609843e-06 |
|   4.200000e-02 |   9.999085e-03 |  -1.196568e-05 |     1.192970e-05 |  -4.621318e-06 |  -4.621318e-06 |
|   4.400000e-02 |   9.999061e-03 |  -1.170985e-05 |     1.167479e-05 |  -4.632548e-06 |  -4.632548e-06 |
|   4.600000e-02 |   9.999038e-03 |  -1.146874e-05 |     1.143453e-05 |  -4.643547e-06 |  -4.643547e-06 |
|   4.800000e-02 |   9.999016e-03 |  -1.124050e-05 |     1.120708e-05 |  -4.654328e-06 |  -4.654328e-06 |
|   5.000000e-02 |   9.998994e-03 |  -1.102357e-05 |     1.099089e-05 |  -4.664900e-06 |  -4.664900e-06 |
|   5.200000e-02 |   9.998972e-03 |  -1.081662e-05 |     1.078463e-05 |  -4.675273e-06 |  -4.675273e-06 |
|   5.400000e-02 |   9.998951e-03 |  -1.061852e-05 |     1.058719e-05 |  -4.685457e-06 |  -4.685457e-06 |
|   5.600000e-02 |   9.998930e-03 |  -1.042831e-05 |     1.039760e-05 |  -4.695458e-06 |  -4.695458e-06 |
|   5.800000e-02 |   9.998910e-03 |  -1.024515e-05 |     1.021503e-05 |  -4.705283e-06 |  -4.705283e-06 |
+----------------+----------------+----------------+------------------+----------------+----------------+
+----------------+--------------------+--------------------+----------------+----------------+----------------+
| time           | solid_fraction_max | solid_fraction_min | stability_max  | stability_min  | top_reaction   |
+----------------+--------------------+--------------------+----------------+----------------+----------------+
:                :                    :                    :                :                :                :
|   3.000000e-02 |       9.000170e-01 |       9.000002e-01 |   2.500000e+00 |   2.500000e+00 |  -1.000000e-04 |
|   3.200000e-02 |       9.000170e-01 |       9.000004e-01 |   2.500000e+00 |   2.500000e+00 |  -1.000000e-04 |
|   3.400000e-02 |       9.000171e-01 |       9.000006e-01 |   2.500000e+00 |   2.500000e+00 |  -1.000000e-04 |
|   3.600000e-02 |       9.000171e-01 |       9.000008e-01 |   2.500000e+00 |   2.500000e+00 |  -1.000000e-04 |
|   3.800000e-02 |       9.000172e-01 |       9.000011e-01 |   2.500000e+00 |   2.500000e+00 |  -1.000000e-04 |
|   4.000000e-02 |       9.000172e-01 |       9.000013e-01 |   2.500000e+00 |   2.500000e+00 |  -1.000000e-04 |
|   4.200000e-02 |       9.000173e-01 |       9.000015e-01 |   2.500000e+00 |   2.500000e+00 |  -1.000000e-04 |
|   4.400000e-02 |       9.000173e-01 |       9.000018e-01 |   2.500000e+00 |   2.500000e+00 |  -1.000000e-04 |
|   4.600000e-02 |       9.000173e-01 |       9.000020e-01 |   2.500000e+00 |   2.500000e+00 |  -1.000000e-04 |
|   4.800000e-02 |       9.000174e-01 |       9.000023e-01 |   2.500000e+00 |   2.500000e+00 |  -1.000000e-04 |
|   5.000000e-02 |       9.000174e-01 |       9.000025e-01 |   2.500000e+00 |   2.500000e+00 |  -1.000000e-04 |
|   5.200000e-02 |       9.000175e-01 |       9.000028e-01 |   2.500000e+00 |   2.500000e+00 |  -1.000000e-04 |
|   5.400000e-02 |       9.000175e-01 |       9.000030e-01 |   2.500000e+00 |   2.500000e+00 |  -1.000000e-04 |
|   5.600000e-02 |       9.000175e-01 |       9.000033e-01 |   2.500000e+00 |   2.500000e+00 |  -1.000000e-04 |
|   5.800000e-02 |       9.000176e-01 |       9.000035e-01 |   2.500000e+00 |   2.500000e+00 |  -1.000000e-04 |
+----------------+--------------------+--------------------+----------------+----------------+----------------+


Time Step 30, time = 0.06, dt = 0.002
 * Nonlinear |R| = [32m1.040578e-06[39m (Before preset BCs, predictors, correctors, and constraints)
 0 Nonlinear |R| = [32m1.040578e-06[39m
      0 Linear |R| = [32m1.040578e-06[39m
      1 Linear |R| = [32m2.144376e-07[39m
      2 Linear |R| = [33m2.143795e-07[39m
      3 Linear |R| = [33m2.071589e-07[39m
      4 Linear |R| = [32m1.755344e-07[39m
      5 Linear |R| = [32m1.500779e-07[39m
      6 Linear |R| = [32m1.381083e-07[39m
      7 Linear |R| = [33m1.328821e-07[39m
      8 Linear |R| = [32m1.175749e-07[39m
      9 Linear |R| = [32m1.032795e-07[39m
     10 Linear |R| = [32m5.787183e-08[39m
     11 Linear |R| = [33m5.741938e-08[39m
     12 Linear |R| = [32m3.277961e-08[39m
     13 Linear |R| = [33m3.271562e-08[39m
     14 Linear |R| = [32m2.242708e-08[39m
     15 Linear |R| = [33m2.153134e-08[39m
     16 Linear |R| = [32m1.579148e-08[39m
     17 Linear |R| = [32m1.430782e-08[39m
     18 Linear |R| = [32m9.613717e-09[39m
     19 Linear |R| = [33m9.479287e-09[39m
     20 Linear |R| = [32m6.910434e-09[39m
     21 Linear |R| = [32m5.803531e-09[39m
     22 Linear |R| = [32m4.157835e-09[39m
     23 Linear |R| = [32m3.191661e-09[39m
     24 Linear |R| = [32m2.188514e-09[39m
     25 Linear |R| = [32m1.063855e-09[39m
     26 Linear |R| = [33m1.020541e-09[39m
     27 Linear |R| = [32m4.494768e-10[39m
     28 Linear |R| = [32m3.730556e-10[39m
     29 Linear |R| = [32m2.453845e-10[39m
     30 Linear |R| = [32m1.571727e-10[39m
     31 Linear |R| = [32m1.251839e-10[39m
     32 Linear |R| = [33m1.251835e-10[39m
     33 Linear |R| = [33m1.224964e-10[39m
     34 Linear |R| = [33m1.201563e-10[39m
     35 Linear |R| = [32m9.112830e-11[39m
     36 Linear |R| = [33m8.846817e-11[39m
     37 Linear |R| = [33m8.601566e-11[39m
     38 Linear |R| = [32m8.114005e-11[39m
     39 Linear |R| = [33m7.783788e-11[39m
     40 Linear |R| = [33m7.538038e-11[39m
     41 Linear |R| = [33m7.356269e-11[39m
     42 Linear |R| = [32m5.738273e-11[39m
     43 Linear |R| = [33m5.727185e-11[39m
     44 Linear |R| = [32m4.221532e-11[39m
     45 Linear |R| = [33m4.213535e-11[39m
     46 Linear |R| = [32m3.364734e-11[39m
     47 Linear |R| = [33m3.353602e-11[39m
     48 Linear |R| = [32m1.792309e-11[39m
     49 Linear |R| = [32m1.491163e-11[39m
     50 Linear |R| = [32m1.227678e-11[39m
     51 Linear |R| = [32m9.278710e-12[39m
     52 Linear |R| = [32m7.235008e-12[39m
     53 Linear |R| = [32m4.712871e-12[39m
     54 Linear |R| = [33m4.480175e-12[39m
     55 Linear |R| = [32m2.487216e-12[39m
     56 Linear |R| = [33m2.486945e-12[39m
     57 Linear |R| = [32m1.523293e-12[39m
     58 Linear |R| = [32m1.165153e-12[39m
     59 Linear |R| = [32m9.770828e-13[39m
     60 Linear |R| = [32m5.571920e-13[39m
     61 Linear |R| = [33m5.568286e-13[39m
     62 Linear |R| = [33m5.557554e-13[39m
     63 Linear |R| = [33m5.556235e-13[39m
     64 Linear |R| = [33m5.339186e-13[39m
     65 Linear |R| = [33m5.318111e-13[39m
     66 Linear |R| = [33m5.312201e-13[39m
     67 Linear |R| = [33m5.298470e-13[39m
     68 Linear |R| = [32m4.839893e-13[39m
     69 Linear |R| = [32m4.068256e-13[39m
     70 Linear |R| = [33m4.067522e-13[39m
     71 Linear |R| = [32m3.391857e-13[39m
     72 Linear |R| = [33m3.387810e-13[39m
     73 Linear |R| = [32m2.839187e-13[39m
     74 Linear |R| = [33m2.805765e-13[39m
     75 Linear |R| = [32m1.946314e-13[39m
     76 Linear |R| = [33m1.945857e-13[39m
     77 Linear |R| = [32m1.229469e-13[39m
     78 Linear |R| = [33m1.183218e-13[39m
     79 Linear |R| = [32m8.176493e-14[39m
     80 Linear |R| = [32m7.663610e-14[39m
     81 Linear |R| = [32m4.954949e-14[39m
     82 Linear |R| = [32m4.138501e-14[39m
     83 Linear |R| = [32m2.982974e-14[39m
     84 Linear |R| = [32m2.100446e-14[39m
     85 Linear |R| = [32m1.657430e-14[39m
     86 Linear |R| = [32m6.203550e-15[39m
     87 Linear |R| = [32m5.847988e-15[39m
     88 Linear |R| = [32m3.185371e-15[39m
     89 Linear |R| = [33m3.178472e-15[39m
     90 Linear |R| = [31m3.799646e-14[39m
     91 Linear |R| = [32m1.444567e-14[39m
     92 Linear |R| = [32m8.376141e-15[39m
     93 Linear |R| = [32m7.206085e-15[39m
     94 Linear |R| = [32m6.839739e-15[39m
     95 Linear |R| = [32m5.111356e-15[39m
     96 Linear |R| = [33m5.109694e-15[39m
     97 Linear |R| = [32m4.806868e-15[39m
     98 Linear |R| = [32m4.338635e-15[39m
     99 Linear |R| = [33m4.180067e-15[39m
    100 Linear |R| = [32m2.636203e-15[39m
    101 Linear |R| = [32m2.450387e-15[39m
    102 Linear |R| = [32m1.862091e-15[39m
    103 Linear |R| = [33m1.810043e-15[39m
    104 Linear |R| = [32m1.350697e-15[39m
    105 Linear |R| = [32m1.038972e-15[39m
 1 Nonlinear |R| = [32m3.322267e-14[39m
[32m Solve Converged![39m

Postprocessor Values:
+----------------+----------------+----------------+----------------+----------------+----------------+----------------+
| time           | J_max          | J_min          | Jbar_max       | Jbar_min       | center_pressure| edge_ux        |
+----------------+----------------+----------------+----------------+----------------+----------------+----------------+
:                :                :                :                :                :                :                :
|   3.200000e-02 |   9.999801e-01 |   9.999659e-01 |   9.999848e-01 |   9.999805e-01 |   4.779844e-05 |   2.105545e-05 |
|   3.400000e-02 |   9.999799e-01 |   9.999658e-01 |   9.999847e-01 |   9.999805e-01 |   4.730077e-05 |   2.092898e-05 |
|   3.600000e-02 |   9.999796e-01 |   9.999657e-01 |   9.999847e-01 |   9.999806e-01 |   4.677943e-05 |   2.080579e-05 |
|   3.800000e-02 |   9.999794e-01 |   9.999656e-01 |   9.999847e-01 |   9.999806e-01 |   4.623882e-05 |   2.068561e-05 |
|   4.000000e-02 |   9.999791e-01 |   9.999655e-01 |   9.999846e-01 |   9.999806e-01 |   4.568283e-05 |   2.056824e-05 |
|   4.200000e-02 |   9.999789e-01 |   9.999654e-01 |   9.999846e-01 |   9.999806e-01 |   4.511487e-05 |   2.045348e-05 |
|   4.400000e-02 |   9.999786e-01 |   9.999653e-01 |   9.999845e-01 |   9.999806e-01 |   4.453789e-05 |   2.034118e-05 |
|   4.600000e-02 |   9.999784e-01 |   9.999652e-01 |   9.999845e-01 |   9.999806e-01 |   4.395447e-05 |   2.023119e-05 |
|   4.800000e-02 |   9.999781e-01 |   9.999652e-01 |   9.999845e-01 |   9.999806e-01 |   4.336681e-05 |   2.012339e-05 |
|   5.000000e-02 |   9.999778e-01 |   9.999651e-01 |   9.999844e-01 |   9.999806e-01 |   4.277679e-05 |   2.001767e-05 |
|   5.200000e-02 |   9.999776e-01 |   9.999650e-01 |   9.999844e-01 |   9.999807e-01 |   4.218604e-05 |   1.991393e-05 |
|   5.400000e-02 |   9.999773e-01 |   9.999649e-01 |   9.999844e-01 |   9.999807e-01 |   4.159594e-05 |   1.981210e-05 |
|   5.600000e-02 |   9.999771e-01 |   9.999648e-01 |   9.999843e-01 |   9.999807e-01 |   4.100764e-05 |   1.971209e-05 |
|   5.800000e-02 |   9.999768e-01 |   9.999648e-01 |   9.999843e-01 |   9.999807e-01 |   4.042214e-05 |   1.961383e-05 |
|   6.000000e-02 |   9.999766e-01 |   9.999647e-01 |   9.999843e-01 |   9.999807e-01 |   3.984025e-05 |   1.951727e-05 |
+----------------+----------------+----------------+----------------+----------------+----------------+----------------+
+----------------+----------------+----------------+------------------+----------------+----------------+
| time           | mass           | mass_reaction  | outflow_gradient | platen_max     | platen_min     |
+----------------+----------------+----------------+------------------+----------------+----------------+
:                :                :                :                  :                :                :
|   3.200000e-02 |   9.999210e-03 |  -1.355995e-05 |     1.351781e-05 |  -4.561121e-06 |  -4.561121e-06 |
|   3.400000e-02 |   9.999184e-03 |  -1.318724e-05 |     1.314661e-05 |  -4.573768e-06 |  -4.573768e-06 |
|   3.600000e-02 |   9.999158e-03 |  -1.284572e-05 |     1.280644e-05 |  -4.586088e-06 |  -4.586088e-06 |
|   3.800000e-02 |   9.999133e-03 |  -1.253073e-05 |     1.249265e-05 |  -4.598106e-06 |  -4.598106e-06 |
|   4.000000e-02 |   9.999109e-03 |  -1.223843e-05 |     1.220145e-05 |  -4.609843e-06 |  -4.609843e-06 |
|   4.200000e-02 |   9.999085e-03 |  -1.196568e-05 |     1.192970e-05 |  -4.621318e-06 |  -4.621318e-06 |
|   4.400000e-02 |   9.999061e-03 |  -1.170985e-05 |     1.167479e-05 |  -4.632548e-06 |  -4.632548e-06 |
|   4.600000e-02 |   9.999038e-03 |  -1.146874e-05 |     1.143453e-05 |  -4.643547e-06 |  -4.643547e-06 |
|   4.800000e-02 |   9.999016e-03 |  -1.124050e-05 |     1.120708e-05 |  -4.654328e-06 |  -4.654328e-06 |
|   5.000000e-02 |   9.998994e-03 |  -1.102357e-05 |     1.099089e-05 |  -4.664900e-06 |  -4.664900e-06 |
|   5.200000e-02 |   9.998972e-03 |  -1.081662e-05 |     1.078463e-05 |  -4.675273e-06 |  -4.675273e-06 |
|   5.400000e-02 |   9.998951e-03 |  -1.061852e-05 |     1.058719e-05 |  -4.685457e-06 |  -4.685457e-06 |
|   5.600000e-02 |   9.998930e-03 |  -1.042831e-05 |     1.039760e-05 |  -4.695458e-06 |  -4.695458e-06 |
|   5.800000e-02 |   9.998910e-03 |  -1.024515e-05 |     1.021503e-05 |  -4.705283e-06 |  -4.705283e-06 |
|   6.000000e-02 |   9.998890e-03 |  -1.006834e-05 |     1.003879e-05 |  -4.714939e-06 |  -4.714939e-06 |
+----------------+----------------+----------------+------------------+----------------+----------------+
+----------------+--------------------+--------------------+----------------+----------------+----------------+
| time           | solid_fraction_max | solid_fraction_min | stability_max  | stability_min  | top_reaction   |
+----------------+--------------------+--------------------+----------------+----------------+----------------+
:                :                    :                    :                :                :                :
|   3.200000e-02 |       9.000170e-01 |       9.000004e-01 |   2.500000e+00 |   2.500000e+00 |  -1.000000e-04 |
|   3.400000e-02 |       9.000171e-01 |       9.000006e-01 |   2.500000e+00 |   2.500000e+00 |  -1.000000e-04 |
|   3.600000e-02 |       9.000171e-01 |       9.000008e-01 |   2.500000e+00 |   2.500000e+00 |  -1.000000e-04 |
|   3.800000e-02 |       9.000172e-01 |       9.000011e-01 |   2.500000e+00 |   2.500000e+00 |  -1.000000e-04 |
|   4.000000e-02 |       9.000172e-01 |       9.000013e-01 |   2.500000e+00 |   2.500000e+00 |  -1.000000e-04 |
|   4.200000e-02 |       9.000173e-01 |       9.000015e-01 |   2.500000e+00 |   2.500000e+00 |  -1.000000e-04 |
|   4.400000e-02 |       9.000173e-01 |       9.000018e-01 |   2.500000e+00 |   2.500000e+00 |  -1.000000e-04 |
|   4.600000e-02 |       9.000173e-01 |       9.000020e-01 |   2.500000e+00 |   2.500000e+00 |  -1.000000e-04 |
|   4.800000e-02 |       9.000174e-01 |       9.000023e-01 |   2.500000e+00 |   2.500000e+00 |  -1.000000e-04 |
|   5.000000e-02 |       9.000174e-01 |       9.000025e-01 |   2.500000e+00 |   2.500000e+00 |  -1.000000e-04 |
|   5.200000e-02 |       9.000175e-01 |       9.000028e-01 |   2.500000e+00 |   2.500000e+00 |  -1.000000e-04 |
|   5.400000e-02 |       9.000175e-01 |       9.000030e-01 |   2.500000e+00 |   2.500000e+00 |  -1.000000e-04 |
|   5.600000e-02 |       9.000175e-01 |       9.000033e-01 |   2.500000e+00 |   2.500000e+00 |  -1.000000e-04 |
|   5.800000e-02 |       9.000176e-01 |       9.000035e-01 |   2.500000e+00 |   2.500000e+00 |  -1.000000e-04 |
|   6.000000e-02 |       9.000176e-01 |       9.000037e-01 |   2.500000e+00 |   2.500000e+00 |  -1.000000e-04 |
+----------------+--------------------+--------------------+----------------+----------------+----------------+


Time Step 31, time = 0.062, dt = 0.002
 * Nonlinear |R| = [32m1.023963e-06[39m (Before preset BCs, predictors, correctors, and constraints)
 0 Nonlinear |R| = [32m1.023963e-06[39m
      0 Linear |R| = [32m1.023963e-06[39m
      1 Linear |R| = [32m2.100793e-07[39m
      2 Linear |R| = [33m2.100070e-07[39m
      3 Linear |R| = [33m2.031226e-07[39m
      4 Linear |R| = [32m1.728137e-07[39m
      5 Linear |R| = [32m1.476414e-07[39m
      6 Linear |R| = [32m1.358666e-07[39m
      7 Linear |R| = [33m1.306784e-07[39m
      8 Linear |R| = [32m1.156019e-07[39m
      9 Linear |R| = [32m9.874565e-08[39m
     10 Linear |R| = [32m5.695748e-08[39m
     11 Linear |R| = [33m5.647899e-08[39m
     12 Linear |R| = [32m3.233364e-08[39m
     13 Linear |R| = [33m3.227008e-08[39m
     14 Linear |R| = [32m2.208609e-08[39m
     15 Linear |R| = [33m2.122301e-08[39m
     16 Linear |R| = [32m1.555120e-08[39m
     17 Linear |R| = [32m1.408050e-08[39m
     18 Linear |R| = [32m9.445717e-09[39m
     19 Linear |R| = [33m9.306355e-09[39m
     20 Linear |R| = [32m6.789388e-09[39m
     21 Linear |R| = [32m5.640206e-09[39m
     22 Linear |R| = [32m4.085195e-09[39m
     23 Linear |R| = [32m3.126803e-09[39m
     24 Linear |R| = [32m2.150488e-09[39m
     25 Linear |R| = [32m1.046425e-09[39m
     26 Linear |R| = [33m1.003889e-09[39m
     27 Linear |R| = [32m4.432531e-10[39m
     28 Linear |R| = [32m3.709790e-10[39m
     29 Linear |R| = [32m2.416089e-10[39m
     30 Linear |R| = [32m1.628633e-10[39m
     31 Linear |R| = [32m1.298367e-10[39m
     32 Linear |R| = [33m1.278319e-10[39m
     33 Linear |R| = [33m1.274257e-10[39m
     34 Linear |R| = [32m1.197261e-10[39m
     35 Linear |R| = [32m9.534390e-11[39m
     36 Linear |R| = [33m9.290475e-11[39m
     37 Linear |R| = [33m9.286563e-11[39m
     38 Linear |R| = [33m8.866513e-11[39m
     39 Linear |R| = [33m8.856115e-11[39m
     40 Linear |R| = [32m8.161206e-11[39m
     41 Linear |R| = [33m8.086722e-11[39m
     42 Linear |R| = [32m6.080196e-11[39m
     43 Linear |R| = [33m5.980085e-11[39m
     44 Linear |R| = [32m4.329544e-11[39m
     45 Linear |R| = [33m4.278411e-11[39m
     46 Linear |R| = [32m3.481651e-11[39m
     47 Linear |R| = [33m3.423355e-11[39m
     48 Linear |R| = [32m2.018054e-11[39m
     49 Linear |R| = [32m1.509359e-11[39m
     50 Linear |R| = [32m1.397116e-11[39m
     51 Linear |R| = [32m9.768245e-12[39m
     52 Linear |R| = [32m7.345117e-12[39m
     53 Linear |R| = [32m4.791986e-12[39m
     54 Linear |R| = [32m4.465801e-12[39m
     55 Linear |R| = [32m2.645851e-12[39m
     56 Linear |R| = [33m2.638811e-12[39m
     57 Linear |R| = [32m1.515097e-12[39m
     58 Linear |R| = [32m1.357621e-12[39m
     59 Linear |R| = [32m1.095407e-12[39m
     60 Linear |R| = [32m7.263984e-13[39m
     61 Linear |R| = [33m7.172539e-13[39m
     62 Linear |R| = [33m7.170395e-13[39m
     63 Linear |R| = [33m7.145546e-13[39m
     64 Linear |R| = [33m7.077361e-13[39m
     65 Linear |R| = [33m6.915987e-13[39m
     66 Linear |R| = [33m6.915890e-13[39m
     67 Linear |R| = [33m6.783251e-13[39m
     68 Linear |R| = [32m6.276519e-13[39m
     69 Linear |R| = [32m5.257383e-13[39m
     70 Linear |R| = [33m5.252260e-13[39m
     71 Linear |R| = [32m4.355796e-13[39m
     72 Linear |R| = [33m4.336106e-13[39m
     73 Linear |R| = [32m3.829362e-13[39m
     74 Linear |R| = [33m3.720117e-13[39m
     75 Linear |R| = [32m2.587858e-13[39m
     76 Linear |R| = [33m2.537219e-13[39m
     77 Linear |R| = [32m1.660744e-13[39m
     78 Linear |R| = [33m1.655566e-13[39m
     79 Linear |R| = [32m1.133954e-13[39m
     80 Linear |R| = [33m1.126012e-13[39m
     81 Linear |R| = [32m5.624198e-14[39m
     82 Linear |R| = [32m4.874989e-14[39m
     83 Linear |R| = [32m3.548903e-14[39m
     84 Linear |R| = [32m3.083680e-14[39m
     85 Linear |R| = [32m1.937619e-14[39m
     86 Linear |R| = [32m1.147934e-14[39m
     87 Linear |R| = [32m9.901233e-15[39m
     88 Linear |R| = [32m5.923418e-15[39m
     89 Linear |R| = [32m4.475154e-15[39m
     90 Linear |R| = [31m3.581534e-14[39m
     91 Linear |R| = [32m1.023825e-14[39m
     92 Linear |R| = [32m8.890125e-15[39m
     93 Linear |R| = [33m8.698683e-15[39m
     94 Linear |R| = [32m8.018275e-15[39m
     95 Linear |R| = [32m7.340243e-15[39m
     96 Linear |R| = [33m7.338680e-15[39m
     97 Linear |R| = [32m6.844433e-15[39m
     98 Linear |R| = [32m5.482029e-15[39m
     99 Linear |R| = [32m4.755143e-15[39m
    100 Linear |R| = [33m4.726680e-15[39m
    101 Linear |R| = [32m3.597707e-15[39m
    102 Linear |R| = [33m3.437013e-15[39m
    103 Linear |R| = [32m2.581999e-15[39m
    104 Linear |R| = [32m2.241240e-15[39m
    105 Linear |R| = [32m1.596076e-15[39m
    106 Linear |R| = [33m1.566341e-15[39m
    107 Linear |R| = [32m1.097337e-15[39m
    108 Linear |R| = [32m1.037069e-15[39m
    109 Linear |R| = [32m7.721952e-16[39m
 1 Nonlinear |R| = [32m3.965378e-14[39m
[32m Solve Converged![39m

Postprocessor Values:
+----------------+----------------+----------------+----------------+----------------+----------------+----------------+
| time           | J_max          | J_min          | Jbar_max       | Jbar_min       | center_pressure| edge_ux        |
+----------------+----------------+----------------+----------------+----------------+----------------+----------------+
:                :                :                :                :                :                :                :
|   3.400000e-02 |   9.999799e-01 |   9.999658e-01 |   9.999847e-01 |   9.999805e-01 |   4.730077e-05 |   2.092898e-05 |
|   3.600000e-02 |   9.999796e-01 |   9.999657e-01 |   9.999847e-01 |   9.999806e-01 |   4.677943e-05 |   2.080579e-05 |
|   3.800000e-02 |   9.999794e-01 |   9.999656e-01 |   9.999847e-01 |   9.999806e-01 |   4.623882e-05 |   2.068561e-05 |
|   4.000000e-02 |   9.999791e-01 |   9.999655e-01 |   9.999846e-01 |   9.999806e-01 |   4.568283e-05 |   2.056824e-05 |
|   4.200000e-02 |   9.999789e-01 |   9.999654e-01 |   9.999846e-01 |   9.999806e-01 |   4.511487e-05 |   2.045348e-05 |
|   4.400000e-02 |   9.999786e-01 |   9.999653e-01 |   9.999845e-01 |   9.999806e-01 |   4.453789e-05 |   2.034118e-05 |
|   4.600000e-02 |   9.999784e-01 |   9.999652e-01 |   9.999845e-01 |   9.999806e-01 |   4.395447e-05 |   2.023119e-05 |
|   4.800000e-02 |   9.999781e-01 |   9.999652e-01 |   9.999845e-01 |   9.999806e-01 |   4.336681e-05 |   2.012339e-05 |
|   5.000000e-02 |   9.999778e-01 |   9.999651e-01 |   9.999844e-01 |   9.999806e-01 |   4.277679e-05 |   2.001767e-05 |
|   5.200000e-02 |   9.999776e-01 |   9.999650e-01 |   9.999844e-01 |   9.999807e-01 |   4.218604e-05 |   1.991393e-05 |
|   5.400000e-02 |   9.999773e-01 |   9.999649e-01 |   9.999844e-01 |   9.999807e-01 |   4.159594e-05 |   1.981210e-05 |
|   5.600000e-02 |   9.999771e-01 |   9.999648e-01 |   9.999843e-01 |   9.999807e-01 |   4.100764e-05 |   1.971209e-05 |
|   5.800000e-02 |   9.999768e-01 |   9.999648e-01 |   9.999843e-01 |   9.999807e-01 |   4.042214e-05 |   1.961383e-05 |
|   6.000000e-02 |   9.999766e-01 |   9.999647e-01 |   9.999843e-01 |   9.999807e-01 |   3.984025e-05 |   1.951727e-05 |
|   6.200000e-02 |   9.999763e-01 |   9.999646e-01 |   9.999842e-01 |   9.999808e-01 |   3.926268e-05 |   1.942235e-05 |
+----------------+----------------+----------------+----------------+----------------+----------------+----------------+
+----------------+----------------+----------------+------------------+----------------+----------------+
| time           | mass           | mass_reaction  | outflow_gradient | platen_max     | platen_min     |
+----------------+----------------+----------------+------------------+----------------+----------------+
:                :                :                :                  :                :                :
|   3.400000e-02 |   9.999184e-03 |  -1.318724e-05 |     1.314661e-05 |  -4.573768e-06 |  -4.573768e-06 |
|   3.600000e-02 |   9.999158e-03 |  -1.284572e-05 |     1.280644e-05 |  -4.586088e-06 |  -4.586088e-06 |
|   3.800000e-02 |   9.999133e-03 |  -1.253073e-05 |     1.249265e-05 |  -4.598106e-06 |  -4.598106e-06 |
|   4.000000e-02 |   9.999109e-03 |  -1.223843e-05 |     1.220145e-05 |  -4.609843e-06 |  -4.609843e-06 |
|   4.200000e-02 |   9.999085e-03 |  -1.196568e-05 |     1.192970e-05 |  -4.621318e-06 |  -4.621318e-06 |
|   4.400000e-02 |   9.999061e-03 |  -1.170985e-05 |     1.167479e-05 |  -4.632548e-06 |  -4.632548e-06 |
|   4.600000e-02 |   9.999038e-03 |  -1.146874e-05 |     1.143453e-05 |  -4.643547e-06 |  -4.643547e-06 |
|   4.800000e-02 |   9.999016e-03 |  -1.124050e-05 |     1.120708e-05 |  -4.654328e-06 |  -4.654328e-06 |
|   5.000000e-02 |   9.998994e-03 |  -1.102357e-05 |     1.099089e-05 |  -4.664900e-06 |  -4.664900e-06 |
|   5.200000e-02 |   9.998972e-03 |  -1.081662e-05 |     1.078463e-05 |  -4.675273e-06 |  -4.675273e-06 |
|   5.400000e-02 |   9.998951e-03 |  -1.061852e-05 |     1.058719e-05 |  -4.685457e-06 |  -4.685457e-06 |
|   5.600000e-02 |   9.998930e-03 |  -1.042831e-05 |     1.039760e-05 |  -4.695458e-06 |  -4.695458e-06 |
|   5.800000e-02 |   9.998910e-03 |  -1.024515e-05 |     1.021503e-05 |  -4.705283e-06 |  -4.705283e-06 |
|   6.000000e-02 |   9.998890e-03 |  -1.006834e-05 |     1.003879e-05 |  -4.714939e-06 |  -4.714939e-06 |
|   6.200000e-02 |   9.998870e-03 |  -9.897270e-06 |     9.868250e-06 |  -4.724431e-06 |  -4.724431e-06 |
+----------------+----------------+----------------+------------------+----------------+----------------+
+----------------+--------------------+--------------------+----------------+----------------+----------------+
| time           | solid_fraction_max | solid_fraction_min | stability_max  | stability_min  | top_reaction   |
+----------------+--------------------+--------------------+----------------+----------------+----------------+
:                :                    :                    :                :                :                :
|   3.400000e-02 |       9.000171e-01 |       9.000006e-01 |   2.500000e+00 |   2.500000e+00 |  -1.000000e-04 |
|   3.600000e-02 |       9.000171e-01 |       9.000008e-01 |   2.500000e+00 |   2.500000e+00 |  -1.000000e-04 |
|   3.800000e-02 |       9.000172e-01 |       9.000011e-01 |   2.500000e+00 |   2.500000e+00 |  -1.000000e-04 |
|   4.000000e-02 |       9.000172e-01 |       9.000013e-01 |   2.500000e+00 |   2.500000e+00 |  -1.000000e-04 |
|   4.200000e-02 |       9.000173e-01 |       9.000015e-01 |   2.500000e+00 |   2.500000e+00 |  -1.000000e-04 |
|   4.400000e-02 |       9.000173e-01 |       9.000018e-01 |   2.500000e+00 |   2.500000e+00 |  -1.000000e-04 |
|   4.600000e-02 |       9.000173e-01 |       9.000020e-01 |   2.500000e+00 |   2.500000e+00 |  -1.000000e-04 |
|   4.800000e-02 |       9.000174e-01 |       9.000023e-01 |   2.500000e+00 |   2.500000e+00 |  -1.000000e-04 |
|   5.000000e-02 |       9.000174e-01 |       9.000025e-01 |   2.500000e+00 |   2.500000e+00 |  -1.000000e-04 |
|   5.200000e-02 |       9.000175e-01 |       9.000028e-01 |   2.500000e+00 |   2.500000e+00 |  -1.000000e-04 |
|   5.400000e-02 |       9.000175e-01 |       9.000030e-01 |   2.500000e+00 |   2.500000e+00 |  -1.000000e-04 |
|   5.600000e-02 |       9.000175e-01 |       9.000033e-01 |   2.500000e+00 |   2.500000e+00 |  -1.000000e-04 |
|   5.800000e-02 |       9.000176e-01 |       9.000035e-01 |   2.500000e+00 |   2.500000e+00 |  -1.000000e-04 |
|   6.000000e-02 |       9.000176e-01 |       9.000037e-01 |   2.500000e+00 |   2.500000e+00 |  -1.000000e-04 |
|   6.200000e-02 |       9.000177e-01 |       9.000040e-01 |   2.500000e+00 |   2.500000e+00 |  -1.000000e-04 |
+----------------+--------------------+--------------------+----------------+----------------+----------------+


Time Step 32, time = 0.064, dt = 0.002
 * Nonlinear |R| = [32m1.007754e-06[39m (Before preset BCs, predictors, correctors, and constraints)
 0 Nonlinear |R| = [32m1.007754e-06[39m
      0 Linear |R| = [32m1.007754e-06[39m
      1 Linear |R| = [32m2.059468e-07[39m
      2 Linear |R| = [33m2.058616e-07[39m
      3 Linear |R| = [33m1.992736e-07[39m
      4 Linear |R| = [32m1.701431e-07[39m
      5 Linear |R| = [32m1.452645e-07[39m
      6 Linear |R| = [32m1.336807e-07[39m
      7 Linear |R| = [33m1.285452e-07[39m
      8 Linear |R| = [32m1.136888e-07[39m
      9 Linear |R| = [32m9.420074e-08[39m
     10 Linear |R| = [32m5.606384e-08[39m
     11 Linear |R| = [33m5.556110e-08[39m
     12 Linear |R| = [32m3.189024e-08[39m
     13 Linear |R| = [33m3.182744e-08[39m
     14 Linear |R| = [32m2.174933e-08[39m
     15 Linear |R| = [33m2.091667e-08[39m
     16 Linear |R| = [32m1.531412e-08[39m
     17 Linear |R| = [32m1.385793e-08[39m
     18 Linear |R| = [32m9.283446e-09[39m
     19 Linear |R| = [33m9.140091e-09[39m
     20 Linear |R| = [32m6.672628e-09[39m
     21 Linear |R| = [32m5.487864e-09[39m
     22 Linear |R| = [32m4.015033e-09[39m
     23 Linear |R| = [32m3.065358e-09[39m
     24 Linear |R| = [32m2.113769e-09[39m
     25 Linear |R| = [32m1.029814e-09[39m
     26 Linear |R| = [33m9.877782e-10[39m
     27 Linear |R| = [32m4.383996e-10[39m
     28 Linear |R| = [32m3.754237e-10[39m
     29 Linear |R| = [32m2.395671e-10[39m
     30 Linear |R| = [32m1.943635e-10[39m
     31 Linear |R| = [32m1.655037e-10[39m
     32 Linear |R| = [33m1.644968e-10[39m
     33 Linear |R| = [33m1.633348e-10[39m
     34 Linear |R| = [33m1.576882e-10[39m
     35 Linear |R| = [32m1.325723e-10[39m
     36 Linear |R| = [33m1.304263e-10[39m
     37 Linear |R| = [33m1.297398e-10[39m
     38 Linear |R| = [33m1.233876e-10[39m
     39 Linear |R| = [33m1.227215e-10[39m
     40 Linear |R| = [32m1.119790e-10[39m
     41 Linear |R| = [33m1.118945e-10[39m
     42 Linear |R| = [32m8.764155e-11[39m
     43 Linear |R| = [33m8.642789e-11[39m
     44 Linear |R| = [32m5.511177e-11[39m
     45 Linear |R| = [33m5.264804e-11[39m
     46 Linear |R| = [32m4.006430e-11[39m
     47 Linear |R| = [33m3.854949e-11[39m
     48 Linear |R| = [32m2.729955e-11[39m
     49 Linear |R| = [32m2.111383e-11[39m
     50 Linear |R| = [32m1.998138e-11[39m
     51 Linear |R| = [32m1.140534e-11[39m
     52 Linear |R| = [32m1.054965e-11[39m
     53 Linear |R| = [32m6.891848e-12[39m
     54 Linear |R| = [32m5.986650e-12[39m
     55 Linear |R| = [32m3.325195e-12[39m
     56 Linear |R| = [33m3.303968e-12[39m
     57 Linear |R| = [32m2.036681e-12[39m
     58 Linear |R| = [32m1.662161e-12[39m
     59 Linear |R| = [33m1.591126e-12[39m
     60 Linear |R| = [32m6.677913e-13[39m
     61 Linear |R| = [33m6.643618e-13[39m
     62 Linear |R| = [33m6.586188e-13[39m
     63 Linear |R| = [33m6.578597e-13[39m
     64 Linear |R| = [32m5.993753e-13[39m
     65 Linear |R| = [33m5.954006e-13[39m
     66 Linear |R| = [33m5.953966e-13[39m
     67 Linear |R| = [33m5.883037e-13[39m
     68 Linear |R| = [33m5.763380e-13[39m
     69 Linear |R| = [32m4.898930e-13[39m
     70 Linear |R| = [33m4.812530e-13[39m
     71 Linear |R| = [32m3.915088e-13[39m
     72 Linear |R| = [33m3.905079e-13[39m
     73 Linear |R| = [32m3.160881e-13[39m
     74 Linear |R| = [33m3.151004e-13[39m
     75 Linear |R| = [32m2.429686e-13[39m
     76 Linear |R| = [32m2.292284e-13[39m
     77 Linear |R| = [32m1.560379e-13[39m
     78 Linear |R| = [32m1.402955e-13[39m
     79 Linear |R| = [32m1.042601e-13[39m
     80 Linear |R| = [32m9.245934e-14[39m
     81 Linear |R| = [32m6.127900e-14[39m
     82 Linear |R| = [32m4.934249e-14[39m
     83 Linear |R| = [32m3.594595e-14[39m
     84 Linear |R| = [32m2.119044e-14[39m
     85 Linear |R| = [33m2.028740e-14[39m
     86 Linear |R| = [32m1.055559e-14[39m
     87 Linear |R| = [32m9.790875e-15[39m
     88 Linear |R| = [32m3.409987e-15[39m
     89 Linear |R| = [33m3.375683e-15[39m
     90 Linear |R| = [31m3.360320e-14[39m
     91 Linear |R| = [32m2.003364e-14[39m
     92 Linear |R| = [33m1.917024e-14[39m
     93 Linear |R| = [32m1.410551e-14[39m
     94 Linear |R| = [32m1.181454e-14[39m
     95 Linear |R| = [32m1.035838e-14[39m
     96 Linear |R| = [33m1.011185e-14[39m
     97 Linear |R| = [32m5.972097e-15[39m
     98 Linear |R| = [33m5.911754e-15[39m
     99 Linear |R| = [32m3.619484e-15[39m
    100 Linear |R| = [33m3.529740e-15[39m
    101 Linear |R| = [32m2.940849e-15[39m
    102 Linear |R| = [32m2.591821e-15[39m
    103 Linear |R| = [32m1.883430e-15[39m
    104 Linear |R| = [32m1.658709e-15[39m
    105 Linear |R| = [32m1.316507e-15[39m
    106 Linear |R| = [32m1.074313e-15[39m
    107 Linear |R| = [32m8.473745e-16[39m
 1 Nonlinear |R| = [32m3.116113e-14[39m
[32m Solve Converged![39m

Postprocessor Values:
+----------------+----------------+----------------+----------------+----------------+----------------+----------------+
| time           | J_max          | J_min          | Jbar_max       | Jbar_min       | center_pressure| edge_ux        |
+----------------+----------------+----------------+----------------+----------------+----------------+----------------+
:                :                :                :                :                :                :                :
|   3.600000e-02 |   9.999796e-01 |   9.999657e-01 |   9.999847e-01 |   9.999806e-01 |   4.677943e-05 |   2.080579e-05 |
|   3.800000e-02 |   9.999794e-01 |   9.999656e-01 |   9.999847e-01 |   9.999806e-01 |   4.623882e-05 |   2.068561e-05 |
|   4.000000e-02 |   9.999791e-01 |   9.999655e-01 |   9.999846e-01 |   9.999806e-01 |   4.568283e-05 |   2.056824e-05 |
|   4.200000e-02 |   9.999789e-01 |   9.999654e-01 |   9.999846e-01 |   9.999806e-01 |   4.511487e-05 |   2.045348e-05 |
|   4.400000e-02 |   9.999786e-01 |   9.999653e-01 |   9.999845e-01 |   9.999806e-01 |   4.453789e-05 |   2.034118e-05 |
|   4.600000e-02 |   9.999784e-01 |   9.999652e-01 |   9.999845e-01 |   9.999806e-01 |   4.395447e-05 |   2.023119e-05 |
|   4.800000e-02 |   9.999781e-01 |   9.999652e-01 |   9.999845e-01 |   9.999806e-01 |   4.336681e-05 |   2.012339e-05 |
|   5.000000e-02 |   9.999778e-01 |   9.999651e-01 |   9.999844e-01 |   9.999806e-01 |   4.277679e-05 |   2.001767e-05 |
|   5.200000e-02 |   9.999776e-01 |   9.999650e-01 |   9.999844e-01 |   9.999807e-01 |   4.218604e-05 |   1.991393e-05 |
|   5.400000e-02 |   9.999773e-01 |   9.999649e-01 |   9.999844e-01 |   9.999807e-01 |   4.159594e-05 |   1.981210e-05 |
|   5.600000e-02 |   9.999771e-01 |   9.999648e-01 |   9.999843e-01 |   9.999807e-01 |   4.100764e-05 |   1.971209e-05 |
|   5.800000e-02 |   9.999768e-01 |   9.999648e-01 |   9.999843e-01 |   9.999807e-01 |   4.042214e-05 |   1.961383e-05 |
|   6.000000e-02 |   9.999766e-01 |   9.999647e-01 |   9.999843e-01 |   9.999807e-01 |   3.984025e-05 |   1.951727e-05 |
|   6.200000e-02 |   9.999763e-01 |   9.999646e-01 |   9.999842e-01 |   9.999808e-01 |   3.926268e-05 |   1.942235e-05 |
|   6.400000e-02 |   9.999761e-01 |   9.999646e-01 |   9.999842e-01 |   9.999808e-01 |   3.868999e-05 |   1.932903e-05 |
+----------------+----------------+----------------+----------------+----------------+----------------+----------------+
+----------------+----------------+----------------+------------------+----------------+----------------+
| time           | mass           | mass_reaction  | outflow_gradient | platen_max     | platen_min     |
+----------------+----------------+----------------+------------------+----------------+----------------+
:                :                :                :                  :                :                :
|   3.600000e-02 |   9.999158e-03 |  -1.284572e-05 |     1.280644e-05 |  -4.586088e-06 |  -4.586088e-06 |
|   3.800000e-02 |   9.999133e-03 |  -1.253073e-05 |     1.249265e-05 |  -4.598106e-06 |  -4.598106e-06 |
|   4.000000e-02 |   9.999109e-03 |  -1.223843e-05 |     1.220145e-05 |  -4.609843e-06 |  -4.609843e-06 |
|   4.200000e-02 |   9.999085e-03 |  -1.196568e-05 |     1.192970e-05 |  -4.621318e-06 |  -4.621318e-06 |
|   4.400000e-02 |   9.999061e-03 |  -1.170985e-05 |     1.167479e-05 |  -4.632548e-06 |  -4.632548e-06 |
|   4.600000e-02 |   9.999038e-03 |  -1.146874e-05 |     1.143453e-05 |  -4.643547e-06 |  -4.643547e-06 |
|   4.800000e-02 |   9.999016e-03 |  -1.124050e-05 |     1.120708e-05 |  -4.654328e-06 |  -4.654328e-06 |
|   5.000000e-02 |   9.998994e-03 |  -1.102357e-05 |     1.099089e-05 |  -4.664900e-06 |  -4.664900e-06 |
|   5.200000e-02 |   9.998972e-03 |  -1.081662e-05 |     1.078463e-05 |  -4.675273e-06 |  -4.675273e-06 |
|   5.400000e-02 |   9.998951e-03 |  -1.061852e-05 |     1.058719e-05 |  -4.685457e-06 |  -4.685457e-06 |
|   5.600000e-02 |   9.998930e-03 |  -1.042831e-05 |     1.039760e-05 |  -4.695458e-06 |  -4.695458e-06 |
|   5.800000e-02 |   9.998910e-03 |  -1.024515e-05 |     1.021503e-05 |  -4.705283e-06 |  -4.705283e-06 |
|   6.000000e-02 |   9.998890e-03 |  -1.006834e-05 |     1.003879e-05 |  -4.714939e-06 |  -4.714939e-06 |
|   6.200000e-02 |   9.998870e-03 |  -9.897270e-06 |     9.868250e-06 |  -4.724431e-06 |  -4.724431e-06 |
|   6.400000e-02 |   9.998850e-03 |  -9.731405e-06 |     9.702903e-06 |  -4.733764e-06 |  -4.733764e-06 |
+----------------+----------------+----------------+------------------+----------------+----------------+
+----------------+--------------------+--------------------+----------------+----------------+----------------+
| time           | solid_fraction_max | solid_fraction_min | stability_max  | stability_min  | top_reaction   |
+----------------+--------------------+--------------------+----------------+----------------+----------------+
:                :                    :                    :                :                :                :
|   3.600000e-02 |       9.000171e-01 |       9.000008e-01 |   2.500000e+00 |   2.500000e+00 |  -1.000000e-04 |
|   3.800000e-02 |       9.000172e-01 |       9.000011e-01 |   2.500000e+00 |   2.500000e+00 |  -1.000000e-04 |
|   4.000000e-02 |       9.000172e-01 |       9.000013e-01 |   2.500000e+00 |   2.500000e+00 |  -1.000000e-04 |
|   4.200000e-02 |       9.000173e-01 |       9.000015e-01 |   2.500000e+00 |   2.500000e+00 |  -1.000000e-04 |
|   4.400000e-02 |       9.000173e-01 |       9.000018e-01 |   2.500000e+00 |   2.500000e+00 |  -1.000000e-04 |
|   4.600000e-02 |       9.000173e-01 |       9.000020e-01 |   2.500000e+00 |   2.500000e+00 |  -1.000000e-04 |
|   4.800000e-02 |       9.000174e-01 |       9.000023e-01 |   2.500000e+00 |   2.500000e+00 |  -1.000000e-04 |
|   5.000000e-02 |       9.000174e-01 |       9.000025e-01 |   2.500000e+00 |   2.500000e+00 |  -1.000000e-04 |
|   5.200000e-02 |       9.000175e-01 |       9.000028e-01 |   2.500000e+00 |   2.500000e+00 |  -1.000000e-04 |
|   5.400000e-02 |       9.000175e-01 |       9.000030e-01 |   2.500000e+00 |   2.500000e+00 |  -1.000000e-04 |
|   5.600000e-02 |       9.000175e-01 |       9.000033e-01 |   2.500000e+00 |   2.500000e+00 |  -1.000000e-04 |
|   5.800000e-02 |       9.000176e-01 |       9.000035e-01 |   2.500000e+00 |   2.500000e+00 |  -1.000000e-04 |
|   6.000000e-02 |       9.000176e-01 |       9.000037e-01 |   2.500000e+00 |   2.500000e+00 |  -1.000000e-04 |
|   6.200000e-02 |       9.000177e-01 |       9.000040e-01 |   2.500000e+00 |   2.500000e+00 |  -1.000000e-04 |
|   6.400000e-02 |       9.000177e-01 |       9.000042e-01 |   2.500000e+00 |   2.500000e+00 |  -1.000000e-04 |
+----------------+--------------------+--------------------+----------------+----------------+----------------+


Time Step 33, time = 0.066, dt = 0.002
 * Nonlinear |R| = [32m9.919117e-07[39m (Before preset BCs, predictors, correctors, and constraints)
 0 Nonlinear |R| = [32m9.919117e-07[39m
      0 Linear |R| = [32m9.919117e-07[39m
      1 Linear |R| = [32m2.020134e-07[39m
      2 Linear |R| = [33m2.019169e-07[39m
      3 Linear |R| = [33m1.955915e-07[39m
      4 Linear |R| = [32m1.675204e-07[39m
      5 Linear |R| = [32m1.429428e-07[39m
      6 Linear |R| = [32m1.315464e-07[39m
      7 Linear |R| = [33m1.264738e-07[39m
      8 Linear |R| = [32m1.118305e-07[39m
      9 Linear |R| = [32m8.972621e-08[39m
     10 Linear |R| = [32m5.518884e-08[39m
     11 Linear |R| = [33m5.466298e-08[39m
     12 Linear |R| = [32m3.144916e-08[39m
     13 Linear |R| = [33m3.138732e-08[39m
     14 Linear |R| = [32m2.141700e-08[39m
     15 Linear |R| = [33m2.061262e-08[39m
     16 Linear |R| = [32m1.508035e-08[39m
     17 Linear |R| = [32m1.363985e-08[39m
     18 Linear |R| = [32m9.126360e-09[39m
     19 Linear |R| = [33m8.979852e-09[39m
     20 Linear |R| = [32m6.559710e-09[39m
     21 Linear |R| = [32m5.345672e-09[39m
     22 Linear |R| = [32m3.947104e-09[39m
     23 Linear |R| = [32m3.006876e-09[39m
     24 Linear |R| = [32m2.078221e-09[39m
     25 Linear |R| = [32m1.013836e-09[39m
     26 Linear |R| = [33m9.721276e-10[39m
     27 Linear |R| = [32m4.343270e-10[39m
     28 Linear |R| = [32m3.820511e-10[39m
     29 Linear |R| = [32m2.376964e-10[39m
     30 Linear |R| = [32m2.102806e-10[39m
     31 Linear |R| = [32m1.898692e-10[39m
     32 Linear |R| = [33m1.888178e-10[39m
     33 Linear |R| = [33m1.876211e-10[39m
     34 Linear |R| = [33m1.807781e-10[39m
     35 Linear |R| = [32m1.489336e-10[39m
     36 Linear |R| = [33m1.468644e-10[39m
     37 Linear |R| = [33m1.459698e-10[39m
     38 Linear |R| = [33m1.394817e-10[39m
     39 Linear |R| = [33m1.388648e-10[39m
     40 Linear |R| = [32m1.274340e-10[39m
     41 Linear |R| = [33m1.263430e-10[39m
     42 Linear |R| = [32m9.926380e-11[39m
     43 Linear |R| = [33m9.736826e-11[39m
     44 Linear |R| = [32m6.461868e-11[39m
     45 Linear |R| = [32m5.954634e-11[39m
     46 Linear |R| = [32m4.306118e-11[39m
     47 Linear |R| = [32m4.090375e-11[39m
     48 Linear |R| = [32m3.051390e-11[39m
     49 Linear |R| = [32m2.373581e-11[39m
     50 Linear |R| = [32m2.248218e-11[39m
     51 Linear |R| = [32m1.200360e-11[39m
     52 Linear |R| = [33m1.200290e-11[39m
     53 Linear |R| = [32m7.393518e-12[39m
     54 Linear |R| = [33m7.075136e-12[39m
     55 Linear |R| = [32m3.614055e-12[39m
     56 Linear |R| = [32m3.213932e-12[39m
     57 Linear |R| = [32m2.300798e-12[39m
     58 Linear |R| = [32m1.648148e-12[39m
     59 Linear |R| = [32m1.523553e-12[39m
     60 Linear |R| = [32m8.073369e-13[39m
     61 Linear |R| = [33m8.013180e-13[39m
     62 Linear |R| = [33m7.938606e-13[39m
     63 Linear |R| = [33m7.915961e-13[39m
     64 Linear |R| = [32m7.107173e-13[39m
     65 Linear |R| = [33m7.007460e-13[39m
     66 Linear |R| = [33m7.005765e-13[39m
     67 Linear |R| = [33m6.849922e-13[39m
     68 Linear |R| = [33m6.838090e-13[39m
     69 Linear |R| = [32m6.261635e-13[39m
     70 Linear |R| = [33m6.237974e-13[39m
     71 Linear |R| = [32m4.914267e-13[39m
     72 Linear |R| = [33m4.874862e-13[39m
     73 Linear |R| = [32m3.822304e-13[39m
     74 Linear |R| = [32m3.539777e-13[39m
     75 Linear |R| = [32m3.109240e-13[39m
     76 Linear |R| = [32m2.427116e-13[39m
     77 Linear |R| = [32m2.071050e-13[39m
     78 Linear |R| = [32m1.835983e-13[39m
     79 Linear |R| = [32m1.370085e-13[39m
     80 Linear |R| = [32m1.110737e-13[39m
     81 Linear |R| = [32m8.962135e-14[39m
     82 Linear |R| = [32m5.752483e-14[39m
     83 Linear |R| = [32m5.430093e-14[39m
     84 Linear |R| = [32m2.843653e-14[39m
     85 Linear |R| = [32m2.551764e-14[39m
     86 Linear |R| = [32m1.466321e-14[39m
     87 Linear |R| = [32m1.302131e-14[39m
     88 Linear |R| = [32m5.245689e-15[39m
     89 Linear |R| = [32m4.663611e-15[39m
     90 Linear |R| = [31m3.557035e-14[39m
     91 Linear |R| = [32m1.308719e-14[39m
     92 Linear |R| = [33m1.263696e-14[39m
     93 Linear |R| = [32m1.187592e-14[39m
     94 Linear |R| = [32m1.071398e-14[39m
     95 Linear |R| = [32m1.005470e-14[39m
     96 Linear |R| = [32m9.458133e-15[39m
     97 Linear |R| = [32m7.886719e-15[39m
     98 Linear |R| = [32m5.199712e-15[39m
     99 Linear |R| = [33m5.169617e-15[39m
    100 Linear |R| = [32m4.205987e-15[39m
    101 Linear |R| = [32m3.969643e-15[39m
    102 Linear |R| = [32m3.393369e-15[39m
    103 Linear |R| = [32m2.665202e-15[39m
    104 Linear |R| = [32m2.074365e-15[39m
    105 Linear |R| = [32m1.731222e-15[39m
    106 Linear |R| = [32m1.454947e-15[39m
    107 Linear |R| = [32m1.130540e-15[39m
    108 Linear |R| = [32m8.818126e-16[39m
 1 Nonlinear |R| = [32m3.578316e-14[39m
[32m Solve Converged![39m

Postprocessor Values:
+----------------+----------------+----------------+----------------+----------------+----------------+----------------+
| time           | J_max          | J_min          | Jbar_max       | Jbar_min       | center_pressure| edge_ux        |
+----------------+----------------+----------------+----------------+----------------+----------------+----------------+
:                :                :                :                :                :                :                :
|   3.800000e-02 |   9.999794e-01 |   9.999656e-01 |   9.999847e-01 |   9.999806e-01 |   4.623882e-05 |   2.068561e-05 |
|   4.000000e-02 |   9.999791e-01 |   9.999655e-01 |   9.999846e-01 |   9.999806e-01 |   4.568283e-05 |   2.056824e-05 |
|   4.200000e-02 |   9.999789e-01 |   9.999654e-01 |   9.999846e-01 |   9.999806e-01 |   4.511487e-05 |   2.045348e-05 |
|   4.400000e-02 |   9.999786e-01 |   9.999653e-01 |   9.999845e-01 |   9.999806e-01 |   4.453789e-05 |   2.034118e-05 |
|   4.600000e-02 |   9.999784e-01 |   9.999652e-01 |   9.999845e-01 |   9.999806e-01 |   4.395447e-05 |   2.023119e-05 |
|   4.800000e-02 |   9.999781e-01 |   9.999652e-01 |   9.999845e-01 |   9.999806e-01 |   4.336681e-05 |   2.012339e-05 |
|   5.000000e-02 |   9.999778e-01 |   9.999651e-01 |   9.999844e-01 |   9.999806e-01 |   4.277679e-05 |   2.001767e-05 |
|   5.200000e-02 |   9.999776e-01 |   9.999650e-01 |   9.999844e-01 |   9.999807e-01 |   4.218604e-05 |   1.991393e-05 |
|   5.400000e-02 |   9.999773e-01 |   9.999649e-01 |   9.999844e-01 |   9.999807e-01 |   4.159594e-05 |   1.981210e-05 |
|   5.600000e-02 |   9.999771e-01 |   9.999648e-01 |   9.999843e-01 |   9.999807e-01 |   4.100764e-05 |   1.971209e-05 |
|   5.800000e-02 |   9.999768e-01 |   9.999648e-01 |   9.999843e-01 |   9.999807e-01 |   4.042214e-05 |   1.961383e-05 |
|   6.000000e-02 |   9.999766e-01 |   9.999647e-01 |   9.999843e-01 |   9.999807e-01 |   3.984025e-05 |   1.951727e-05 |
|   6.200000e-02 |   9.999763e-01 |   9.999646e-01 |   9.999842e-01 |   9.999808e-01 |   3.926268e-05 |   1.942235e-05 |
|   6.400000e-02 |   9.999761e-01 |   9.999646e-01 |   9.999842e-01 |   9.999808e-01 |   3.868999e-05 |   1.932903e-05 |
|   6.600000e-02 |   9.999759e-01 |   9.999645e-01 |   9.999842e-01 |   9.999808e-01 |   3.812268e-05 |   1.923724e-05 |
+----------------+----------------+----------------+----------------+----------------+----------------+----------------+
+----------------+----------------+----------------+------------------+----------------+----------------+
| time           | mass           | mass_reaction  | outflow_gradient | platen_max     | platen_min     |
+----------------+----------------+----------------+------------------+----------------+----------------+
:                :                :                :                  :                :                :
|   3.800000e-02 |   9.999133e-03 |  -1.253073e-05 |     1.249265e-05 |  -4.598106e-06 |  -4.598106e-06 |
|   4.000000e-02 |   9.999109e-03 |  -1.223843e-05 |     1.220145e-05 |  -4.609843e-06 |  -4.609843e-06 |
|   4.200000e-02 |   9.999085e-03 |  -1.196568e-05 |     1.192970e-05 |  -4.621318e-06 |  -4.621318e-06 |
|   4.400000e-02 |   9.999061e-03 |  -1.170985e-05 |     1.167479e-05 |  -4.632548e-06 |  -4.632548e-06 |
|   4.600000e-02 |   9.999038e-03 |  -1.146874e-05 |     1.143453e-05 |  -4.643547e-06 |  -4.643547e-06 |
|   4.800000e-02 |   9.999016e-03 |  -1.124050e-05 |     1.120708e-05 |  -4.654328e-06 |  -4.654328e-06 |
|   5.000000e-02 |   9.998994e-03 |  -1.102357e-05 |     1.099089e-05 |  -4.664900e-06 |  -4.664900e-06 |
|   5.200000e-02 |   9.998972e-03 |  -1.081662e-05 |     1.078463e-05 |  -4.675273e-06 |  -4.675273e-06 |
|   5.400000e-02 |   9.998951e-03 |  -1.061852e-05 |     1.058719e-05 |  -4.685457e-06 |  -4.685457e-06 |
|   5.600000e-02 |   9.998930e-03 |  -1.042831e-05 |     1.039760e-05 |  -4.695458e-06 |  -4.695458e-06 |
|   5.800000e-02 |   9.998910e-03 |  -1.024515e-05 |     1.021503e-05 |  -4.705283e-06 |  -4.705283e-06 |
|   6.000000e-02 |   9.998890e-03 |  -1.006834e-05 |     1.003879e-05 |  -4.714939e-06 |  -4.714939e-06 |
|   6.200000e-02 |   9.998870e-03 |  -9.897270e-06 |     9.868250e-06 |  -4.724431e-06 |  -4.724431e-06 |
|   6.400000e-02 |   9.998850e-03 |  -9.731405e-06 |     9.702903e-06 |  -4.733764e-06 |  -4.733764e-06 |
|   6.600000e-02 |   9.998831e-03 |  -9.570295e-06 |     9.542292e-06 |  -4.742942e-06 |  -4.742942e-06 |
+----------------+----------------+----------------+------------------+----------------+----------------+
+----------------+--------------------+--------------------+----------------+----------------+----------------+
| time           | solid_fraction_max | solid_fraction_min | stability_max  | stability_min  | top_reaction   |
+----------------+--------------------+--------------------+----------------+----------------+----------------+
:                :                    :                    :                :                :                :
|   3.800000e-02 |       9.000172e-01 |       9.000011e-01 |   2.500000e+00 |   2.500000e+00 |  -1.000000e-04 |
|   4.000000e-02 |       9.000172e-01 |       9.000013e-01 |   2.500000e+00 |   2.500000e+00 |  -1.000000e-04 |
|   4.200000e-02 |       9.000173e-01 |       9.000015e-01 |   2.500000e+00 |   2.500000e+00 |  -1.000000e-04 |
|   4.400000e-02 |       9.000173e-01 |       9.000018e-01 |   2.500000e+00 |   2.500000e+00 |  -1.000000e-04 |
|   4.600000e-02 |       9.000173e-01 |       9.000020e-01 |   2.500000e+00 |   2.500000e+00 |  -1.000000e-04 |
|   4.800000e-02 |       9.000174e-01 |       9.000023e-01 |   2.500000e+00 |   2.500000e+00 |  -1.000000e-04 |
|   5.000000e-02 |       9.000174e-01 |       9.000025e-01 |   2.500000e+00 |   2.500000e+00 |  -1.000000e-04 |
|   5.200000e-02 |       9.000175e-01 |       9.000028e-01 |   2.500000e+00 |   2.500000e+00 |  -1.000000e-04 |
|   5.400000e-02 |       9.000175e-01 |       9.000030e-01 |   2.500000e+00 |   2.500000e+00 |  -1.000000e-04 |
|   5.600000e-02 |       9.000175e-01 |       9.000033e-01 |   2.500000e+00 |   2.500000e+00 |  -1.000000e-04 |
|   5.800000e-02 |       9.000176e-01 |       9.000035e-01 |   2.500000e+00 |   2.500000e+00 |  -1.000000e-04 |
|   6.000000e-02 |       9.000176e-01 |       9.000037e-01 |   2.500000e+00 |   2.500000e+00 |  -1.000000e-04 |
|   6.200000e-02 |       9.000177e-01 |       9.000040e-01 |   2.500000e+00 |   2.500000e+00 |  -1.000000e-04 |
|   6.400000e-02 |       9.000177e-01 |       9.000042e-01 |   2.500000e+00 |   2.500000e+00 |  -1.000000e-04 |
|   6.600000e-02 |       9.000177e-01 |       9.000044e-01 |   2.500000e+00 |   2.500000e+00 |  -1.000000e-04 |
+----------------+--------------------+--------------------+----------------+----------------+----------------+


Time Step 34, time = 0.068, dt = 0.002
 * Nonlinear |R| = [32m9.764079e-07[39m (Before preset BCs, predictors, correctors, and constraints)
 0 Nonlinear |R| = [32m9.764079e-07[39m
      0 Linear |R| = [32m9.764079e-07[39m
      1 Linear |R| = [32m1.982563e-07[39m
      2 Linear |R| = [33m1.981498e-07[39m
      3 Linear |R| = [33m1.920585e-07[39m
      4 Linear |R| = [32m1.649434e-07[39m
      5 Linear |R| = [32m1.406729e-07[39m
      6 Linear |R| = [32m1.294601e-07[39m
      7 Linear |R| = [33m1.244573e-07[39m
      8 Linear |R| = [32m1.100222e-07[39m
      9 Linear |R| = [32m8.539994e-08[39m
     10 Linear |R| = [32m5.433084e-08[39m
     11 Linear |R| = [33m5.378238e-08[39m
     12 Linear |R| = [32m3.101038e-08[39m
     13 Linear |R| = [33m3.094964e-08[39m
     14 Linear |R| = [32m2.108928e-08[39m
     15 Linear |R| = [33m2.031115e-08[39m
     16 Linear |R| = [32m1.484994e-08[39m
     17 Linear |R| = [32m1.342608e-08[39m
     18 Linear |R| = [32m8.973990e-09[39m
     19 Linear |R| = [33m8.825075e-09[39m
     20 Linear |R| = [32m6.450256e-09[39m
     21 Linear |R| = [32m5.212781e-09[39m
     22 Linear |R| = [32m3.881199e-09[39m
     23 Linear |R| = [32m2.950988e-09[39m
     24 Linear |R| = [32m2.043730e-09[39m
     25 Linear |R| = [32m9.983585e-10[39m
     26 Linear |R| = [33m9.568750e-10[39m
     27 Linear |R| = [32m4.306281e-10[39m
     28 Linear |R| = [32m3.883388e-10[39m
     29 Linear |R| = [32m2.354882e-10[39m
     30 Linear |R| = [32m2.167458e-10[39m
     31 Linear |R| = [32m2.018477e-10[39m
     32 Linear |R| = [33m2.007063e-10[39m
     33 Linear |R| = [33m1.995926e-10[39m
     34 Linear |R| = [33m1.917729e-10[39m
     35 Linear |R| = [32m1.553471e-10[39m
     36 Linear |R| = [33m1.534228e-10[39m
     37 Linear |R| = [33m1.525835e-10[39m
     38 Linear |R| = [33m1.462765e-10[39m
     39 Linear |R| = [33m1.458351e-10[39m
     40 Linear |R| = [32m1.341063e-10[39m
     41 Linear |R| = [33m1.317627e-10[39m
     42 Linear |R| = [32m1.031689e-10[39m
     43 Linear |R| = [33m1.007657e-10[39m
     44 Linear |R| = [32m6.964117e-11[39m
     45 Linear |R| = [32m6.276151e-11[39m
     46 Linear |R| = [32m4.484774e-11[39m
     47 Linear |R| = [33m4.314853e-11[39m
     48 Linear |R| = [32m3.190840e-11[39m
     49 Linear |R| = [32m2.459837e-11[39m
     50 Linear |R| = [32m2.315766e-11[39m
     51 Linear |R| = [32m1.344763e-11[39m
     52 Linear |R| = [33m1.344708e-11[39m
     53 Linear |R| = [32m7.983515e-12[39m
     54 Linear |R| = [33m7.728605e-12[39m
     55 Linear |R| = [32m4.048249e-12[39m
     56 Linear |R| = [33m3.905184e-12[39m
     57 Linear |R| = [32m2.469593e-12[39m
     58 Linear |R| = [32m2.051221e-12[39m
     59 Linear |R| = [32m1.301552e-12[39m
     60 Linear |R| = [32m9.369223e-13[39m
     61 Linear |R| = [33m9.321174e-13[39m
     62 Linear |R| = [33m9.303501e-13[39m
     63 Linear |R| = [33m9.295842e-13[39m
     64 Linear |R| = [33m8.980330e-13[39m
     65 Linear |R| = [33m8.935638e-13[39m
     66 Linear |R| = [33m8.896152e-13[39m
     67 Linear |R| = [33m8.859435e-13[39m
     68 Linear |R| = [32m7.866810e-13[39m
     69 Linear |R| = [32m6.801297e-13[39m
     70 Linear |R| = [33m6.787014e-13[39m
     71 Linear |R| = [32m5.016394e-13[39m
     72 Linear |R| = [33m5.002322e-13[39m
     73 Linear |R| = [32m4.448551e-13[39m
     74 Linear |R| = [33m4.328613e-13[39m
     75 Linear |R| = [32m3.554069e-13[39m
     76 Linear |R| = [33m3.466313e-13[39m
     77 Linear |R| = [32m2.148536e-13[39m
     78 Linear |R| = [33m2.148382e-13[39m
     79 Linear |R| = [32m1.463390e-13[39m
     80 Linear |R| = [33m1.443208e-13[39m
     81 Linear |R| = [32m8.539881e-14[39m
     82 Linear |R| = [32m7.764234e-14[39m
     83 Linear |R| = [32m5.086523e-14[39m
     84 Linear |R| = [32m4.375804e-14[39m
     85 Linear |R| = [32m2.367065e-14[39m
     86 Linear |R| = [32m1.963561e-14[39m
     87 Linear |R| = [32m1.256977e-14[39m
     88 Linear |R| = [32m1.044745e-14[39m
     89 Linear |R| = [32m5.657833e-15[39m
     90 Linear |R| = [31m3.543461e-14[39m
     91 Linear |R| = [32m1.367059e-14[39m
     92 Linear |R| = [32m1.267626e-14[39m
     93 Linear |R| = [32m9.290505e-15[39m
     94 Linear |R| = [33m9.289770e-15[39m
     95 Linear |R| = [33m9.253382e-15[39m
     96 Linear |R| = [32m8.498997e-15[39m
     97 Linear |R| = [33m8.466496e-15[39m
     98 Linear |R| = [32m4.911754e-15[39m
     99 Linear |R| = [33m4.667673e-15[39m
    100 Linear |R| = [33m4.667671e-15[39m
    101 Linear |R| = [32m3.695828e-15[39m
    102 Linear |R| = [32m3.104335e-15[39m
    103 Linear |R| = [32m2.356579e-15[39m
    104 Linear |R| = [33m2.347239e-15[39m
    105 Linear |R| = [32m1.585069e-15[39m
    106 Linear |R| = [32m1.487487e-15[39m
    107 Linear |R| = [32m1.154090e-15[39m
    108 Linear |R| = [32m1.056776e-15[39m
    109 Linear |R| = [32m8.186541e-16[39m
 1 Nonlinear |R| = [32m3.437101e-14[39m
[32m Solve Converged![39m

Postprocessor Values:
+----------------+----------------+----------------+----------------+----------------+----------------+----------------+
| time           | J_max          | J_min          | Jbar_max       | Jbar_min       | center_pressure| edge_ux        |
+----------------+----------------+----------------+----------------+----------------+----------------+----------------+
:                :                :                :                :                :                :                :
|   4.000000e-02 |   9.999791e-01 |   9.999655e-01 |   9.999846e-01 |   9.999806e-01 |   4.568283e-05 |   2.056824e-05 |
|   4.200000e-02 |   9.999789e-01 |   9.999654e-01 |   9.999846e-01 |   9.999806e-01 |   4.511487e-05 |   2.045348e-05 |
|   4.400000e-02 |   9.999786e-01 |   9.999653e-01 |   9.999845e-01 |   9.999806e-01 |   4.453789e-05 |   2.034118e-05 |
|   4.600000e-02 |   9.999784e-01 |   9.999652e-01 |   9.999845e-01 |   9.999806e-01 |   4.395447e-05 |   2.023119e-05 |
|   4.800000e-02 |   9.999781e-01 |   9.999652e-01 |   9.999845e-01 |   9.999806e-01 |   4.336681e-05 |   2.012339e-05 |
|   5.000000e-02 |   9.999778e-01 |   9.999651e-01 |   9.999844e-01 |   9.999806e-01 |   4.277679e-05 |   2.001767e-05 |
|   5.200000e-02 |   9.999776e-01 |   9.999650e-01 |   9.999844e-01 |   9.999807e-01 |   4.218604e-05 |   1.991393e-05 |
|   5.400000e-02 |   9.999773e-01 |   9.999649e-01 |   9.999844e-01 |   9.999807e-01 |   4.159594e-05 |   1.981210e-05 |
|   5.600000e-02 |   9.999771e-01 |   9.999648e-01 |   9.999843e-01 |   9.999807e-01 |   4.100764e-05 |   1.971209e-05 |
|   5.800000e-02 |   9.999768e-01 |   9.999648e-01 |   9.999843e-01 |   9.999807e-01 |   4.042214e-05 |   1.961383e-05 |
|   6.000000e-02 |   9.999766e-01 |   9.999647e-01 |   9.999843e-01 |   9.999807e-01 |   3.984025e-05 |   1.951727e-05 |
|   6.200000e-02 |   9.999763e-01 |   9.999646e-01 |   9.999842e-01 |   9.999808e-01 |   3.926268e-05 |   1.942235e-05 |
|   6.400000e-02 |   9.999761e-01 |   9.999646e-01 |   9.999842e-01 |   9.999808e-01 |   3.868999e-05 |   1.932903e-05 |
|   6.600000e-02 |   9.999759e-01 |   9.999645e-01 |   9.999842e-01 |   9.999808e-01 |   3.812268e-05 |   1.923724e-05 |
|   6.800000e-02 |   9.999756e-01 |   9.999644e-01 |   9.999841e-01 |   9.999808e-01 |   3.756112e-05 |   1.914696e-05 |
+----------------+----------------+----------------+----------------+----------------+----------------+----------------+
+----------------+----------------+----------------+------------------+----------------+----------------+
| time           | mass           | mass_reaction  | outflow_gradient | platen_max     | platen_min     |
+----------------+----------------+----------------+------------------+----------------+----------------+
:                :                :                :                  :                :                :
|   4.000000e-02 |   9.999109e-03 |  -1.223843e-05 |     1.220145e-05 |  -4.609843e-06 |  -4.609843e-06 |
|   4.200000e-02 |   9.999085e-03 |  -1.196568e-05 |     1.192970e-05 |  -4.621318e-06 |  -4.621318e-06 |
|   4.400000e-02 |   9.999061e-03 |  -1.170985e-05 |     1.167479e-05 |  -4.632548e-06 |  -4.632548e-06 |
|   4.600000e-02 |   9.999038e-03 |  -1.146874e-05 |     1.143453e-05 |  -4.643547e-06 |  -4.643547e-06 |
|   4.800000e-02 |   9.999016e-03 |  -1.124050e-05 |     1.120708e-05 |  -4.654328e-06 |  -4.654328e-06 |
|   5.000000e-02 |   9.998994e-03 |  -1.102357e-05 |     1.099089e-05 |  -4.664900e-06 |  -4.664900e-06 |
|   5.200000e-02 |   9.998972e-03 |  -1.081662e-05 |     1.078463e-05 |  -4.675273e-06 |  -4.675273e-06 |
|   5.400000e-02 |   9.998951e-03 |  -1.061852e-05 |     1.058719e-05 |  -4.685457e-06 |  -4.685457e-06 |
|   5.600000e-02 |   9.998930e-03 |  -1.042831e-05 |     1.039760e-05 |  -4.695458e-06 |  -4.695458e-06 |
|   5.800000e-02 |   9.998910e-03 |  -1.024515e-05 |     1.021503e-05 |  -4.705283e-06 |  -4.705283e-06 |
|   6.000000e-02 |   9.998890e-03 |  -1.006834e-05 |     1.003879e-05 |  -4.714939e-06 |  -4.714939e-06 |
|   6.200000e-02 |   9.998870e-03 |  -9.897270e-06 |     9.868250e-06 |  -4.724431e-06 |  -4.724431e-06 |
|   6.400000e-02 |   9.998850e-03 |  -9.731405e-06 |     9.702903e-06 |  -4.733764e-06 |  -4.733764e-06 |
|   6.600000e-02 |   9.998831e-03 |  -9.570295e-06 |     9.542292e-06 |  -4.742942e-06 |  -4.742942e-06 |
|   6.800000e-02 |   9.998812e-03 |  -9.413546e-06 |     9.386025e-06 |  -4.751970e-06 |  -4.751970e-06 |
+----------------+----------------+----------------+------------------+----------------+----------------+
+----------------+--------------------+--------------------+----------------+----------------+----------------+
| time           | solid_fraction_max | solid_fraction_min | stability_max  | stability_min  | top_reaction   |
+----------------+--------------------+--------------------+----------------+----------------+----------------+
:                :                    :                    :                :                :                :
|   4.000000e-02 |       9.000172e-01 |       9.000013e-01 |   2.500000e+00 |   2.500000e+00 |  -1.000000e-04 |
|   4.200000e-02 |       9.000173e-01 |       9.000015e-01 |   2.500000e+00 |   2.500000e+00 |  -1.000000e-04 |
|   4.400000e-02 |       9.000173e-01 |       9.000018e-01 |   2.500000e+00 |   2.500000e+00 |  -1.000000e-04 |
|   4.600000e-02 |       9.000173e-01 |       9.000020e-01 |   2.500000e+00 |   2.500000e+00 |  -1.000000e-04 |
|   4.800000e-02 |       9.000174e-01 |       9.000023e-01 |   2.500000e+00 |   2.500000e+00 |  -1.000000e-04 |
|   5.000000e-02 |       9.000174e-01 |       9.000025e-01 |   2.500000e+00 |   2.500000e+00 |  -1.000000e-04 |
|   5.200000e-02 |       9.000175e-01 |       9.000028e-01 |   2.500000e+00 |   2.500000e+00 |  -1.000000e-04 |
|   5.400000e-02 |       9.000175e-01 |       9.000030e-01 |   2.500000e+00 |   2.500000e+00 |  -1.000000e-04 |
|   5.600000e-02 |       9.000175e-01 |       9.000033e-01 |   2.500000e+00 |   2.500000e+00 |  -1.000000e-04 |
|   5.800000e-02 |       9.000176e-01 |       9.000035e-01 |   2.500000e+00 |   2.500000e+00 |  -1.000000e-04 |
|   6.000000e-02 |       9.000176e-01 |       9.000037e-01 |   2.500000e+00 |   2.500000e+00 |  -1.000000e-04 |
|   6.200000e-02 |       9.000177e-01 |       9.000040e-01 |   2.500000e+00 |   2.500000e+00 |  -1.000000e-04 |
|   6.400000e-02 |       9.000177e-01 |       9.000042e-01 |   2.500000e+00 |   2.500000e+00 |  -1.000000e-04 |
|   6.600000e-02 |       9.000177e-01 |       9.000044e-01 |   2.500000e+00 |   2.500000e+00 |  -1.000000e-04 |
|   6.800000e-02 |       9.000178e-01 |       9.000047e-01 |   2.500000e+00 |   2.500000e+00 |  -1.000000e-04 |
+----------------+--------------------+--------------------+----------------+----------------+----------------+


Time Step 35, time = 0.07, dt = 0.002
 * Nonlinear |R| = [32m9.612181e-07[39m (Before preset BCs, predictors, correctors, and constraints)
 0 Nonlinear |R| = [32m9.612181e-07[39m
      0 Linear |R| = [32m9.612181e-07[39m
      1 Linear |R| = [32m1.946558e-07[39m
      2 Linear |R| = [33m1.945408e-07[39m
      3 Linear |R| = [33m1.886593e-07[39m
      4 Linear |R| = [32m1.624105e-07[39m
      5 Linear |R| = [32m1.384517e-07[39m
      6 Linear |R| = [32m1.274187e-07[39m
      7 Linear |R| = [33m1.224899e-07[39m
      8 Linear |R| = [32m1.082597e-07[39m
      9 Linear |R| = [32m8.129162e-08[39m
     10 Linear |R| = [32m5.348856e-08[39m
     11 Linear |R| = [33m5.291747e-08[39m
     12 Linear |R| = [32m3.057405e-08[39m
     13 Linear |R| = [33m3.051447e-08[39m
     14 Linear |R| = [32m2.076630e-08[39m
     15 Linear |R| = [33m2.001248e-08[39m
     16 Linear |R| = [32m1.462295e-08[39m
     17 Linear |R| = [32m1.321642e-08[39m
     18 Linear |R| = [32m8.825927e-09[39m
     19 Linear |R| = [33m8.675259e-09[39m
     20 Linear |R| = [32m6.343943e-09[39m
     21 Linear |R| = [32m5.088356e-09[39m
     22 Linear |R| = [32m3.817144e-09[39m
     23 Linear |R| = [32m2.897391e-09[39m
     24 Linear |R| = [32m2.010198e-09[39m
     25 Linear |R| = [32m9.832832e-10[39m
     26 Linear |R| = [33m9.419741e-10[39m
     27 Linear |R| = [32m4.270405e-10[39m
     28 Linear |R| = [32m3.932188e-10[39m
     29 Linear |R| = [32m2.329461e-10[39m
     30 Linear |R| = [32m2.188725e-10[39m
     31 Linear |R| = [32m2.073010e-10[39m
     32 Linear |R| = [33m2.060875e-10[39m
     33 Linear |R| = [33m2.050571e-10[39m
     34 Linear |R| = [33m1.965404e-10[39m
     35 Linear |R| = [32m1.573397e-10[39m
     36 Linear |R| = [33m1.555710e-10[39m
     37 Linear |R| = [33m1.548014e-10[39m
     38 Linear |R| = [33m1.487734e-10[39m
     39 Linear |R| = [33m1.484697e-10[39m
     40 Linear |R| = [32m1.366242e-10[39m
     41 Linear |R| = [33m1.330408e-10[39m
     42 Linear |R| = [32m1.039557e-10[39m
     43 Linear |R| = [33m1.012040e-10[39m
     44 Linear |R| = [32m7.210881e-11[39m
     45 Linear |R| = [32m6.405176e-11[39m
     46 Linear |R| = [32m4.566920e-11[39m
     47 Linear |R| = [33m4.438939e-11[39m
     48 Linear |R| = [32m3.246821e-11[39m
     49 Linear |R| = [32m2.478073e-11[39m
     50 Linear |R| = [32m2.318949e-11[39m
     51 Linear |R| = [32m1.437445e-11[39m
     52 Linear |R| = [33m1.436161e-11[39m
     53 Linear |R| = [32m8.268746e-12[39m
     54 Linear |R| = [33m8.059476e-12[39m
     55 Linear |R| = [32m4.264655e-12[39m
     56 Linear |R| = [33m4.184028e-12[39m
     57 Linear |R| = [32m2.561760e-12[39m
     58 Linear |R| = [32m2.176383e-12[39m
     59 Linear |R| = [32m1.340656e-12[39m
     60 Linear |R| = [32m1.007954e-12[39m
     61 Linear |R| = [33m9.775653e-13[39m
     62 Linear |R| = [33m9.769263e-13[39m
     63 Linear |R| = [33m9.663619e-13[39m
     64 Linear |R| = [33m9.659155e-13[39m
     65 Linear |R| = [33m9.355272e-13[39m
     66 Linear |R| = [33m9.284411e-13[39m
     67 Linear |R| = [33m9.124799e-13[39m
     68 Linear |R| = [32m8.076022e-13[39m
     69 Linear |R| = [32m7.052850e-13[39m
     70 Linear |R| = [33m7.010069e-13[39m
     71 Linear |R| = [32m5.633349e-13[39m
     72 Linear |R| = [33m5.467386e-13[39m
     73 Linear |R| = [32m4.841476e-13[39m
     74 Linear |R| = [32m4.452902e-13[39m
     75 Linear |R| = [32m3.537322e-13[39m
     76 Linear |R| = [33m3.518375e-13[39m
     77 Linear |R| = [32m2.205875e-13[39m
     78 Linear |R| = [33m2.184244e-13[39m
     79 Linear |R| = [32m1.595325e-13[39m
     80 Linear |R| = [33m1.579352e-13[39m
     81 Linear |R| = [32m8.162149e-14[39m
     82 Linear |R| = [33m7.944401e-14[39m
     83 Linear |R| = [32m4.470952e-14[39m
     84 Linear |R| = [33m4.386926e-14[39m
     85 Linear |R| = [32m2.319529e-14[39m
     86 Linear |R| = [32m2.159423e-14[39m
     87 Linear |R| = [32m1.271263e-14[39m
     88 Linear |R| = [32m1.147878e-14[39m
     89 Linear |R| = [32m5.520031e-15[39m
     90 Linear |R| = [31m3.424760e-14[39m
     91 Linear |R| = [32m1.416717e-14[39m
     92 Linear |R| = [32m1.212064e-14[39m
     93 Linear |R| = [33m1.199776e-14[39m
     94 Linear |R| = [32m1.127328e-14[39m
     95 Linear |R| = [32m1.063814e-14[39m
     96 Linear |R| = [32m8.556424e-15[39m
     97 Linear |R| = [32m8.085801e-15[39m
     98 Linear |R| = [32m6.615585e-15[39m
     99 Linear |R| = [32m5.885094e-15[39m
    100 Linear |R| = [33m5.883266e-15[39m
    101 Linear |R| = [32m4.448130e-15[39m
    102 Linear |R| = [32m4.097745e-15[39m
    103 Linear |R| = [32m2.591776e-15[39m
    104 Linear |R| = [33m2.492330e-15[39m
    105 Linear |R| = [32m1.980747e-15[39m
    106 Linear |R| = [32m1.856448e-15[39m
    107 Linear |R| = [32m1.302546e-15[39m
    108 Linear |R| = [33m1.260426e-15[39m
    109 Linear |R| = [32m7.677847e-16[39m
 1 Nonlinear |R| = [32m3.111322e-14[39m
[32m Solve Converged![39m

Postprocessor Values:
+----------------+----------------+----------------+----------------+----------------+----------------+----------------+
| time           | J_max          | J_min          | Jbar_max       | Jbar_min       | center_pressure| edge_ux        |
+----------------+----------------+----------------+----------------+----------------+----------------+----------------+
:                :                :                :                :                :                :                :
|   4.200000e-02 |   9.999789e-01 |   9.999654e-01 |   9.999846e-01 |   9.999806e-01 |   4.511487e-05 |   2.045348e-05 |
|   4.400000e-02 |   9.999786e-01 |   9.999653e-01 |   9.999845e-01 |   9.999806e-01 |   4.453789e-05 |   2.034118e-05 |
|   4.600000e-02 |   9.999784e-01 |   9.999652e-01 |   9.999845e-01 |   9.999806e-01 |   4.395447e-05 |   2.023119e-05 |
|   4.800000e-02 |   9.999781e-01 |   9.999652e-01 |   9.999845e-01 |   9.999806e-01 |   4.336681e-05 |   2.012339e-05 |
|   5.000000e-02 |   9.999778e-01 |   9.999651e-01 |   9.999844e-01 |   9.999806e-01 |   4.277679e-05 |   2.001767e-05 |
|   5.200000e-02 |   9.999776e-01 |   9.999650e-01 |   9.999844e-01 |   9.999807e-01 |   4.218604e-05 |   1.991393e-05 |
|   5.400000e-02 |   9.999773e-01 |   9.999649e-01 |   9.999844e-01 |   9.999807e-01 |   4.159594e-05 |   1.981210e-05 |
|   5.600000e-02 |   9.999771e-01 |   9.999648e-01 |   9.999843e-01 |   9.999807e-01 |   4.100764e-05 |   1.971209e-05 |
|   5.800000e-02 |   9.999768e-01 |   9.999648e-01 |   9.999843e-01 |   9.999807e-01 |   4.042214e-05 |   1.961383e-05 |
|   6.000000e-02 |   9.999766e-01 |   9.999647e-01 |   9.999843e-01 |   9.999807e-01 |   3.984025e-05 |   1.951727e-05 |
|   6.200000e-02 |   9.999763e-01 |   9.999646e-01 |   9.999842e-01 |   9.999808e-01 |   3.926268e-05 |   1.942235e-05 |
|   6.400000e-02 |   9.999761e-01 |   9.999646e-01 |   9.999842e-01 |   9.999808e-01 |   3.868999e-05 |   1.932903e-05 |
|   6.600000e-02 |   9.999759e-01 |   9.999645e-01 |   9.999842e-01 |   9.999808e-01 |   3.812268e-05 |   1.923724e-05 |
|   6.800000e-02 |   9.999756e-01 |   9.999644e-01 |   9.999841e-01 |   9.999808e-01 |   3.756112e-05 |   1.914696e-05 |
|   7.000000e-02 |   9.999754e-01 |   9.999643e-01 |   9.999841e-01 |   9.999808e-01 |   3.700565e-05 |   1.905815e-05 |
+----------------+----------------+----------------+----------------+----------------+----------------+----------------+
+----------------+----------------+----------------+------------------+----------------+----------------+
| time           | mass           | mass_reaction  | outflow_gradient | platen_max     | platen_min     |
+----------------+----------------+----------------+------------------+----------------+----------------+
:                :                :                :                  :                :                :
|   4.200000e-02 |   9.999085e-03 |  -1.196568e-05 |     1.192970e-05 |  -4.621318e-06 |  -4.621318e-06 |
|   4.400000e-02 |   9.999061e-03 |  -1.170985e-05 |     1.167479e-05 |  -4.632548e-06 |  -4.632548e-06 |
|   4.600000e-02 |   9.999038e-03 |  -1.146874e-05 |     1.143453e-05 |  -4.643547e-06 |  -4.643547e-06 |
|   4.800000e-02 |   9.999016e-03 |  -1.124050e-05 |     1.120708e-05 |  -4.654328e-06 |  -4.654328e-06 |
|   5.000000e-02 |   9.998994e-03 |  -1.102357e-05 |     1.099089e-05 |  -4.664900e-06 |  -4.664900e-06 |
|   5.200000e-02 |   9.998972e-03 |  -1.081662e-05 |     1.078463e-05 |  -4.675273e-06 |  -4.675273e-06 |
|   5.400000e-02 |   9.998951e-03 |  -1.061852e-05 |     1.058719e-05 |  -4.685457e-06 |  -4.685457e-06 |
|   5.600000e-02 |   9.998930e-03 |  -1.042831e-05 |     1.039760e-05 |  -4.695458e-06 |  -4.695458e-06 |
|   5.800000e-02 |   9.998910e-03 |  -1.024515e-05 |     1.021503e-05 |  -4.705283e-06 |  -4.705283e-06 |
|   6.000000e-02 |   9.998890e-03 |  -1.006834e-05 |     1.003879e-05 |  -4.714939e-06 |  -4.714939e-06 |
|   6.200000e-02 |   9.998870e-03 |  -9.897270e-06 |     9.868250e-06 |  -4.724431e-06 |  -4.724431e-06 |
|   6.400000e-02 |   9.998850e-03 |  -9.731405e-06 |     9.702903e-06 |  -4.733764e-06 |  -4.733764e-06 |
|   6.600000e-02 |   9.998831e-03 |  -9.570295e-06 |     9.542292e-06 |  -4.742942e-06 |  -4.742942e-06 |
|   6.800000e-02 |   9.998812e-03 |  -9.413546e-06 |     9.386025e-06 |  -4.751970e-06 |  -4.751970e-06 |
|   7.000000e-02 |   9.998794e-03 |  -9.260818e-06 |     9.233764e-06 |  -4.760852e-06 |  -4.760852e-06 |
+----------------+----------------+----------------+------------------+----------------+----------------+
+----------------+--------------------+--------------------+----------------+----------------+----------------+
| time           | solid_fraction_max | solid_fraction_min | stability_max  | stability_min  | top_reaction   |
+----------------+--------------------+--------------------+----------------+----------------+----------------+
:                :                    :                    :                :                :                :
|   4.200000e-02 |       9.000173e-01 |       9.000015e-01 |   2.500000e+00 |   2.500000e+00 |  -1.000000e-04 |
|   4.400000e-02 |       9.000173e-01 |       9.000018e-01 |   2.500000e+00 |   2.500000e+00 |  -1.000000e-04 |
|   4.600000e-02 |       9.000173e-01 |       9.000020e-01 |   2.500000e+00 |   2.500000e+00 |  -1.000000e-04 |
|   4.800000e-02 |       9.000174e-01 |       9.000023e-01 |   2.500000e+00 |   2.500000e+00 |  -1.000000e-04 |
|   5.000000e-02 |       9.000174e-01 |       9.000025e-01 |   2.500000e+00 |   2.500000e+00 |  -1.000000e-04 |
|   5.200000e-02 |       9.000175e-01 |       9.000028e-01 |   2.500000e+00 |   2.500000e+00 |  -1.000000e-04 |
|   5.400000e-02 |       9.000175e-01 |       9.000030e-01 |   2.500000e+00 |   2.500000e+00 |  -1.000000e-04 |
|   5.600000e-02 |       9.000175e-01 |       9.000033e-01 |   2.500000e+00 |   2.500000e+00 |  -1.000000e-04 |
|   5.800000e-02 |       9.000176e-01 |       9.000035e-01 |   2.500000e+00 |   2.500000e+00 |  -1.000000e-04 |
|   6.000000e-02 |       9.000176e-01 |       9.000037e-01 |   2.500000e+00 |   2.500000e+00 |  -1.000000e-04 |
|   6.200000e-02 |       9.000177e-01 |       9.000040e-01 |   2.500000e+00 |   2.500000e+00 |  -1.000000e-04 |
|   6.400000e-02 |       9.000177e-01 |       9.000042e-01 |   2.500000e+00 |   2.500000e+00 |  -1.000000e-04 |
|   6.600000e-02 |       9.000177e-01 |       9.000044e-01 |   2.500000e+00 |   2.500000e+00 |  -1.000000e-04 |
|   6.800000e-02 |       9.000178e-01 |       9.000047e-01 |   2.500000e+00 |   2.500000e+00 |  -1.000000e-04 |
|   7.000000e-02 |       9.000178e-01 |       9.000049e-01 |   2.500000e+00 |   2.500000e+00 |  -1.000000e-04 |
+----------------+--------------------+--------------------+----------------+----------------+----------------+


Time Step 36, time = 0.072, dt = 0.002
 * Nonlinear |R| = [32m9.463225e-07[39m (Before preset BCs, predictors, correctors, and constraints)
 0 Nonlinear |R| = [32m9.463225e-07[39m
      0 Linear |R| = [32m9.463225e-07[39m
      1 Linear |R| = [32m1.911951e-07[39m
      2 Linear |R| = [33m1.910729e-07[39m
      3 Linear |R| = [33m1.853805e-07[39m
      4 Linear |R| = [32m1.599203e-07[39m
      5 Linear |R| = [32m1.362763e-07[39m
      6 Linear |R| = [32m1.254194e-07[39m
      7 Linear |R| = [33m1.205672e-07[39m
      8 Linear |R| = [32m1.065393e-07[39m
      9 Linear |R| = [32m7.745080e-08[39m
     10 Linear |R| = [32m5.266103e-08[39m
     11 Linear |R| = [33m5.206671e-08[39m
     12 Linear |R| = [32m3.014039e-08[39m
     13 Linear |R| = [33m3.008200e-08[39m
     14 Linear |R| = [32m2.044813e-08[39m
     15 Linear |R| = [33m1.971685e-08[39m
     16 Linear |R| = [32m1.439940e-08[39m
     17 Linear |R| = [32m1.301071e-08[39m
     18 Linear |R| = [32m8.681819e-09[39m
     19 Linear |R| = [33m8.529968e-09[39m
     20 Linear |R| = [32m6.240496e-09[39m
     21 Linear |R| = [32m4.971593e-09[39m
     22 Linear |R| = [32m3.754787e-09[39m
     23 Linear |R| = [32m2.845834e-09[39m
     24 Linear |R| = [32m1.977547e-09[39m
     25 Linear |R| = [32m9.685408e-10[39m
     26 Linear |R| = [33m9.273884e-10[39m
     27 Linear |R| = [32m4.234064e-10[39m
     28 Linear |R| = [32m3.964277e-10[39m
     29 Linear |R| = [32m2.301692e-10[39m
     30 Linear |R| = [33m2.188810e-10[39m
     31 Linear |R| = [33m2.094111e-10[39m
     32 Linear |R| = [33m2.081467e-10[39m
     33 Linear |R| = [33m2.071818e-10[39m
     34 Linear |R| = [33m1.981774e-10[39m
     35 Linear |R| = [32m1.573176e-10[39m
     36 Linear |R| = [33m1.556948e-10[39m
     37 Linear |R| = [33m1.550199e-10[39m
     38 Linear |R| = [33m1.492306e-10[39m
     39 Linear |R| = [33m1.490316e-10[39m
     40 Linear |R| = [32m1.371465e-10[39m
     41 Linear |R| = [33m1.324239e-10[39m
     42 Linear |R| = [32m1.033885e-10[39m
     43 Linear |R| = [33m1.004288e-10[39m
     44 Linear |R| = [32m7.323189e-11[39m
     45 Linear |R| = [32m6.439594e-11[39m
     46 Linear |R| = [32m4.592013e-11[39m
     47 Linear |R| = [33m4.490792e-11[39m
     48 Linear |R| = [32m3.263106e-11[39m
     49 Linear |R| = [32m2.468824e-11[39m
     50 Linear |R| = [32m2.302125e-11[39m
     51 Linear |R| = [32m1.485789e-11[39m
     52 Linear |R| = [33m1.483050e-11[39m
     53 Linear |R| = [32m8.355817e-12[39m
     54 Linear |R| = [33m8.198185e-12[39m
     55 Linear |R| = [32m4.358781e-12[39m
     56 Linear |R| = [33m4.294058e-12[39m
     57 Linear |R| = [32m2.606949e-12[39m
     58 Linear |R| = [32m2.240024e-12[39m
     59 Linear |R| = [32m1.404957e-12[39m
     60 Linear |R| = [32m1.062746e-12[39m
     61 Linear |R| = [33m1.045147e-12[39m
     62 Linear |R| = [33m1.045109e-12[39m
     63 Linear |R| = [33m1.038902e-12[39m
     64 Linear |R| = [33m1.037141e-12[39m
     65 Linear |R| = [33m1.018206e-12[39m
     66 Linear |R| = [33m1.010639e-12[39m
     67 Linear |R| = [33m1.001276e-12[39m
     68 Linear |R| = [32m8.886213e-13[39m
     69 Linear |R| = [32m7.776387e-13[39m
     70 Linear |R| = [33m7.772939e-13[39m
     71 Linear |R| = [32m6.052926e-13[39m
     72 Linear |R| = [33m5.971002e-13[39m
     73 Linear |R| = [32m5.153339e-13[39m
     74 Linear |R| = [33m4.897312e-13[39m
     75 Linear |R| = [32m3.905321e-13[39m
     76 Linear |R| = [33m3.856810e-13[39m
     77 Linear |R| = [32m2.427872e-13[39m
     78 Linear |R| = [33m2.424529e-13[39m
     79 Linear |R| = [32m1.772084e-13[39m
     80 Linear |R| = [33m1.771932e-13[39m
     81 Linear |R| = [32m8.974757e-14[39m
     82 Linear |R| = [32m8.496592e-14[39m
     83 Linear |R| = [32m5.110732e-14[39m
     84 Linear |R| = [32m4.817835e-14[39m
     85 Linear |R| = [32m2.587038e-14[39m
     86 Linear |R| = [32m2.325693e-14[39m
     87 Linear |R| = [32m1.430808e-14[39m
     88 Linear |R| = [32m1.215989e-14[39m
     89 Linear |R| = [32m5.876276e-15[39m
     90 Linear |R| = [31m3.369584e-14[39m
     91 Linear |R| = [32m1.669999e-14[39m
     92 Linear |R| = [33m1.662395e-14[39m
     93 Linear |R| = [32m1.509733e-14[39m
     94 Linear |R| = [32m1.196979e-14[39m
     95 Linear |R| = [33m1.141749e-14[39m
     96 Linear |R| = [32m7.615548e-15[39m
     97 Linear |R| = [33m7.547739e-15[39m
     98 Linear |R| = [32m6.210856e-15[39m
     99 Linear |R| = [33m6.059694e-15[39m
    100 Linear |R| = [33m6.015528e-15[39m
    101 Linear |R| = [32m4.868395e-15[39m
    102 Linear |R| = [33m4.855476e-15[39m
    103 Linear |R| = [32m3.217756e-15[39m
    104 Linear |R| = [33m3.149104e-15[39m
    105 Linear |R| = [32m2.258087e-15[39m
    106 Linear |R| = [33m2.241844e-15[39m
    107 Linear |R| = [32m1.303079e-15[39m
    108 Linear |R| = [32m1.222144e-15[39m
    109 Linear |R| = [32m9.036290e-16[39m
 1 Nonlinear |R| = [32m3.619695e-14[39m
[32m Solve Converged![39m

Postprocessor Values:
+----------------+----------------+----------------+----------------+----------------+----------------+----------------+
| time           | J_max          | J_min          | Jbar_max       | Jbar_min       | center_pressure| edge_ux        |
+----------------+----------------+----------------+----------------+----------------+----------------+----------------+
:                :                :                :                :                :                :                :
|   4.400000e-02 |   9.999786e-01 |   9.999653e-01 |   9.999845e-01 |   9.999806e-01 |   4.453789e-05 |   2.034118e-05 |
|   4.600000e-02 |   9.999784e-01 |   9.999652e-01 |   9.999845e-01 |   9.999806e-01 |   4.395447e-05 |   2.023119e-05 |
|   4.800000e-02 |   9.999781e-01 |   9.999652e-01 |   9.999845e-01 |   9.999806e-01 |   4.336681e-05 |   2.012339e-05 |
|   5.000000e-02 |   9.999778e-01 |   9.999651e-01 |   9.999844e-01 |   9.999806e-01 |   4.277679e-05 |   2.001767e-05 |
|   5.200000e-02 |   9.999776e-01 |   9.999650e-01 |   9.999844e-01 |   9.999807e-01 |   4.218604e-05 |   1.991393e-05 |
|   5.400000e-02 |   9.999773e-01 |   9.999649e-01 |   9.999844e-01 |   9.999807e-01 |   4.159594e-05 |   1.981210e-05 |
|   5.600000e-02 |   9.999771e-01 |   9.999648e-01 |   9.999843e-01 |   9.999807e-01 |   4.100764e-05 |   1.971209e-05 |
|   5.800000e-02 |   9.999768e-01 |   9.999648e-01 |   9.999843e-01 |   9.999807e-01 |   4.042214e-05 |   1.961383e-05 |
|   6.000000e-02 |   9.999766e-01 |   9.999647e-01 |   9.999843e-01 |   9.999807e-01 |   3.984025e-05 |   1.951727e-05 |
|   6.200000e-02 |   9.999763e-01 |   9.999646e-01 |   9.999842e-01 |   9.999808e-01 |   3.926268e-05 |   1.942235e-05 |
|   6.400000e-02 |   9.999761e-01 |   9.999646e-01 |   9.999842e-01 |   9.999808e-01 |   3.868999e-05 |   1.932903e-05 |
|   6.600000e-02 |   9.999759e-01 |   9.999645e-01 |   9.999842e-01 |   9.999808e-01 |   3.812268e-05 |   1.923724e-05 |
|   6.800000e-02 |   9.999756e-01 |   9.999644e-01 |   9.999841e-01 |   9.999808e-01 |   3.756112e-05 |   1.914696e-05 |
|   7.000000e-02 |   9.999754e-01 |   9.999643e-01 |   9.999841e-01 |   9.999808e-01 |   3.700565e-05 |   1.905815e-05 |
|   7.200000e-02 |   9.999752e-01 |   9.999643e-01 |   9.999841e-01 |   9.999809e-01 |   3.645651e-05 |   1.897076e-05 |
+----------------+----------------+----------------+----------------+----------------+----------------+----------------+
+----------------+----------------+----------------+------------------+----------------+----------------+
| time           | mass           | mass_reaction  | outflow_gradient | platen_max     | platen_min     |
+----------------+----------------+----------------+------------------+----------------+----------------+
:                :                :                :                  :                :                :
|   4.400000e-02 |   9.999061e-03 |  -1.170985e-05 |     1.167479e-05 |  -4.632548e-06 |  -4.632548e-06 |
|   4.600000e-02 |   9.999038e-03 |  -1.146874e-05 |     1.143453e-05 |  -4.643547e-06 |  -4.643547e-06 |
|   4.800000e-02 |   9.999016e-03 |  -1.124050e-05 |     1.120708e-05 |  -4.654328e-06 |  -4.654328e-06 |
|   5.000000e-02 |   9.998994e-03 |  -1.102357e-05 |     1.099089e-05 |  -4.664900e-06 |  -4.664900e-06 |
|   5.200000e-02 |   9.998972e-03 |  -1.081662e-05 |     1.078463e-05 |  -4.675273e-06 |  -4.675273e-06 |
|   5.400000e-02 |   9.998951e-03 |  -1.061852e-05 |     1.058719e-05 |  -4.685457e-06 |  -4.685457e-06 |
|   5.600000e-02 |   9.998930e-03 |  -1.042831e-05 |     1.039760e-05 |  -4.695458e-06 |  -4.695458e-06 |
|   5.800000e-02 |   9.998910e-03 |  -1.024515e-05 |     1.021503e-05 |  -4.705283e-06 |  -4.705283e-06 |
|   6.000000e-02 |   9.998890e-03 |  -1.006834e-05 |     1.003879e-05 |  -4.714939e-06 |  -4.714939e-06 |
|   6.200000e-02 |   9.998870e-03 |  -9.897270e-06 |     9.868250e-06 |  -4.724431e-06 |  -4.724431e-06 |
|   6.400000e-02 |   9.998850e-03 |  -9.731405e-06 |     9.702903e-06 |  -4.733764e-06 |  -4.733764e-06 |
|   6.600000e-02 |   9.998831e-03 |  -9.570295e-06 |     9.542292e-06 |  -4.742942e-06 |  -4.742942e-06 |
|   6.800000e-02 |   9.998812e-03 |  -9.413546e-06 |     9.386025e-06 |  -4.751970e-06 |  -4.751970e-06 |
|   7.000000e-02 |   9.998794e-03 |  -9.260818e-06 |     9.233764e-06 |  -4.760852e-06 |  -4.760852e-06 |
|   7.200000e-02 |   9.998776e-03 |  -9.111814e-06 |     9.085212e-06 |  -4.769591e-06 |  -4.769591e-06 |
+----------------+----------------+----------------+------------------+----------------+----------------+
+----------------+--------------------+--------------------+----------------+----------------+----------------+
| time           | solid_fraction_max | solid_fraction_min | stability_max  | stability_min  | top_reaction   |
+----------------+--------------------+--------------------+----------------+----------------+----------------+
:                :                    :                    :                :                :                :
|   4.400000e-02 |       9.000173e-01 |       9.000018e-01 |   2.500000e+00 |   2.500000e+00 |  -1.000000e-04 |
|   4.600000e-02 |       9.000173e-01 |       9.000020e-01 |   2.500000e+00 |   2.500000e+00 |  -1.000000e-04 |
|   4.800000e-02 |       9.000174e-01 |       9.000023e-01 |   2.500000e+00 |   2.500000e+00 |  -1.000000e-04 |
|   5.000000e-02 |       9.000174e-01 |       9.000025e-01 |   2.500000e+00 |   2.500000e+00 |  -1.000000e-04 |
|   5.200000e-02 |       9.000175e-01 |       9.000028e-01 |   2.500000e+00 |   2.500000e+00 |  -1.000000e-04 |
|   5.400000e-02 |       9.000175e-01 |       9.000030e-01 |   2.500000e+00 |   2.500000e+00 |  -1.000000e-04 |
|   5.600000e-02 |       9.000175e-01 |       9.000033e-01 |   2.500000e+00 |   2.500000e+00 |  -1.000000e-04 |
|   5.800000e-02 |       9.000176e-01 |       9.000035e-01 |   2.500000e+00 |   2.500000e+00 |  -1.000000e-04 |
|   6.000000e-02 |       9.000176e-01 |       9.000037e-01 |   2.500000e+00 |   2.500000e+00 |  -1.000000e-04 |
|   6.200000e-02 |       9.000177e-01 |       9.000040e-01 |   2.500000e+00 |   2.500000e+00 |  -1.000000e-04 |
|   6.400000e-02 |       9.000177e-01 |       9.000042e-01 |   2.500000e+00 |   2.500000e+00 |  -1.000000e-04 |
|   6.600000e-02 |       9.000177e-01 |       9.000044e-01 |   2.500000e+00 |   2.500000e+00 |  -1.000000e-04 |
|   6.800000e-02 |       9.000178e-01 |       9.000047e-01 |   2.500000e+00 |   2.500000e+00 |  -1.000000e-04 |
|   7.000000e-02 |       9.000178e-01 |       9.000049e-01 |   2.500000e+00 |   2.500000e+00 |  -1.000000e-04 |
|   7.200000e-02 |       9.000178e-01 |       9.000051e-01 |   2.500000e+00 |   2.500000e+00 |  -1.000000e-04 |
+----------------+--------------------+--------------------+----------------+----------------+----------------+


Time Step 37, time = 0.074, dt = 0.002
 * Nonlinear |R| = [32m9.317048e-07[39m (Before preset BCs, predictors, correctors, and constraints)
 0 Nonlinear |R| = [32m9.317048e-07[39m
      0 Linear |R| = [32m9.317048e-07[39m
      1 Linear |R| = [32m1.878597e-07[39m
      2 Linear |R| = [33m1.877315e-07[39m
      3 Linear |R| = [33m1.822105e-07[39m
      4 Linear |R| = [32m1.574715e-07[39m
      5 Linear |R| = [32m1.341444e-07[39m
      6 Linear |R| = [32m1.234600e-07[39m
      7 Linear |R| = [33m1.186854e-07[39m
      8 Linear |R| = [32m1.048577e-07[39m
      9 Linear |R| = [32m7.390951e-08[39m
     10 Linear |R| = [32m5.184748e-08[39m
     11 Linear |R| = [33m5.122890e-08[39m
     12 Linear |R| = [32m2.970969e-08[39m
     13 Linear |R| = [33m2.965249e-08[39m
     14 Linear |R| = [32m2.013482e-08[39m
     15 Linear |R| = [33m1.942444e-08[39m
     16 Linear |R| = [32m1.417928e-08[39m
     17 Linear |R| = [32m1.280880e-08[39m
     18 Linear |R| = [32m8.541357e-09[39m
     19 Linear |R| = [33m8.388815e-09[39m
     20 Linear |R| = [32m6.139680e-09[39m
     21 Linear |R| = [32m4.861732e-09[39m
     22 Linear |R| = [32m3.693998e-09[39m
     23 Linear |R| = [32m2.796106e-09[39m
     24 Linear |R| = [32m1.945703e-09[39m
     25 Linear |R| = [32m9.540819e-10[39m
     26 Linear |R| = [33m9.130909e-10[39m
     27 Linear |R| = [32m4.196377e-10[39m
     28 Linear |R| = [32m3.980576e-10[39m
     29 Linear |R| = [32m2.272427e-10[39m
     30 Linear |R| = [33m2.177605e-10[39m
     31 Linear |R| = [33m2.097000e-10[39m
     32 Linear |R| = [33m2.084012e-10[39m
     33 Linear |R| = [33m2.074849e-10[39m
     34 Linear |R| = [33m1.981395e-10[39m
     35 Linear |R| = [32m1.563086e-10[39m
     36 Linear |R| = [33m1.548080e-10[39m
     37 Linear |R| = [33m1.541977e-10[39m
     38 Linear |R| = [33m1.486413e-10[39m
     39 Linear |R| = [33m1.485094e-10[39m
     40 Linear |R| = [32m1.366549e-10[39m
     41 Linear |R| = [33m1.309347e-10[39m
     42 Linear |R| = [32m1.023907e-10[39m
     43 Linear |R| = [33m9.922763e-11[39m
     44 Linear |R| = [32m7.360447e-11[39m
     45 Linear |R| = [32m6.425036e-11[39m
     46 Linear |R| = [32m4.582019e-11[39m
     47 Linear |R| = [33m4.498576e-11[39m
     48 Linear |R| = [32m3.254649e-11[39m
     49 Linear |R| = [32m2.446414e-11[39m
     50 Linear |R| = [32m2.273701e-11[39m
     51 Linear |R| = [32m1.508133e-11[39m
     52 Linear |R| = [33m1.504386e-11[39m
     53 Linear |R| = [32m8.350058e-12[39m
     54 Linear |R| = [33m8.234771e-12[39m
     55 Linear |R| = [32m4.393980e-12[39m
     56 Linear |R| = [33m4.334954e-12[39m
     57 Linear |R| = [32m2.624745e-12[39m
     58 Linear |R| = [32m2.273028e-12[39m
     59 Linear |R| = [32m1.491368e-12[39m
     60 Linear |R| = [32m1.092754e-12[39m
     61 Linear |R| = [33m1.084514e-12[39m
     62 Linear |R| = [33m1.084363e-12[39m
     63 Linear |R| = [33m1.081413e-12[39m
     64 Linear |R| = [33m1.073357e-12[39m
     65 Linear |R| = [33m1.063066e-12[39m
     66 Linear |R| = [33m1.057300e-12[39m
     67 Linear |R| = [33m1.052879e-12[39m
     68 Linear |R| = [32m9.521943e-13[39m
     69 Linear |R| = [32m8.328370e-13[39m
     70 Linear |R| = [33m8.324235e-13[39m
     71 Linear |R| = [32m6.398182e-13[39m
     72 Linear |R| = [33m6.323854e-13[39m
     73 Linear |R| = [32m5.362370e-13[39m
     74 Linear |R| = [33m5.242725e-13[39m
     75 Linear |R| = [32m4.178198e-13[39m
     76 Linear |R| = [33m4.063940e-13[39m
     77 Linear |R| = [32m2.609167e-13[39m
     78 Linear |R| = [33m2.604744e-13[39m
     79 Linear |R| = [32m1.908583e-13[39m
     80 Linear |R| = [33m1.894788e-13[39m
     81 Linear |R| = [32m9.771824e-14[39m
     82 Linear |R| = [32m8.883501e-14[39m
     83 Linear |R| = [32m5.741948e-14[39m
     84 Linear |R| = [32m5.095877e-14[39m
     85 Linear |R| = [32m2.840283e-14[39m
     86 Linear |R| = [32m2.430566e-14[39m
     87 Linear |R| = [32m1.565852e-14[39m
     88 Linear |R| = [32m1.247488e-14[39m
     89 Linear |R| = [32m5.943868e-15[39m
     90 Linear |R| = [31m3.294531e-14[39m
     91 Linear |R| = [32m2.266754e-14[39m
     92 Linear |R| = [33m2.266621e-14[39m
     93 Linear |R| = [32m1.240593e-14[39m
     94 Linear |R| = [32m1.164187e-14[39m
     95 Linear |R| = [32m1.034608e-14[39m
     96 Linear |R| = [32m9.713009e-15[39m
     97 Linear |R| = [33m9.629083e-15[39m
     98 Linear |R| = [32m6.394573e-15[39m
     99 Linear |R| = [33m6.394523e-15[39m
    100 Linear |R| = [33m6.160168e-15[39m
    101 Linear |R| = [32m5.153829e-15[39m
    102 Linear |R| = [32m4.837653e-15[39m
    103 Linear |R| = [32m3.761059e-15[39m
    104 Linear |R| = [32m2.733828e-15[39m
    105 Linear |R| = [32m1.962900e-15[39m
    106 Linear |R| = [32m1.764483e-15[39m
    107 Linear |R| = [32m1.177038e-15[39m
    108 Linear |R| = [33m1.152184e-15[39m
    109 Linear |R| = [32m6.886819e-16[39m
 1 Nonlinear |R| = [32m3.445305e-14[39m
[32m Solve Converged![39m

Postprocessor Values:
+----------------+----------------+----------------+----------------+----------------+----------------+----------------+
| time           | J_max          | J_min          | Jbar_max       | Jbar_min       | center_pressure| edge_ux        |
+----------------+----------------+----------------+----------------+----------------+----------------+----------------+
:                :                :                :                :                :                :                :
|   4.600000e-02 |   9.999784e-01 |   9.999652e-01 |   9.999845e-01 |   9.999806e-01 |   4.395447e-05 |   2.023119e-05 |
|   4.800000e-02 |   9.999781e-01 |   9.999652e-01 |   9.999845e-01 |   9.999806e-01 |   4.336681e-05 |   2.012339e-05 |
|   5.000000e-02 |   9.999778e-01 |   9.999651e-01 |   9.999844e-01 |   9.999806e-01 |   4.277679e-05 |   2.001767e-05 |
|   5.200000e-02 |   9.999776e-01 |   9.999650e-01 |   9.999844e-01 |   9.999807e-01 |   4.218604e-05 |   1.991393e-05 |
|   5.400000e-02 |   9.999773e-01 |   9.999649e-01 |   9.999844e-01 |   9.999807e-01 |   4.159594e-05 |   1.981210e-05 |
|   5.600000e-02 |   9.999771e-01 |   9.999648e-01 |   9.999843e-01 |   9.999807e-01 |   4.100764e-05 |   1.971209e-05 |
|   5.800000e-02 |   9.999768e-01 |   9.999648e-01 |   9.999843e-01 |   9.999807e-01 |   4.042214e-05 |   1.961383e-05 |
|   6.000000e-02 |   9.999766e-01 |   9.999647e-01 |   9.999843e-01 |   9.999807e-01 |   3.984025e-05 |   1.951727e-05 |
|   6.200000e-02 |   9.999763e-01 |   9.999646e-01 |   9.999842e-01 |   9.999808e-01 |   3.926268e-05 |   1.942235e-05 |
|   6.400000e-02 |   9.999761e-01 |   9.999646e-01 |   9.999842e-01 |   9.999808e-01 |   3.868999e-05 |   1.932903e-05 |
|   6.600000e-02 |   9.999759e-01 |   9.999645e-01 |   9.999842e-01 |   9.999808e-01 |   3.812268e-05 |   1.923724e-05 |
|   6.800000e-02 |   9.999756e-01 |   9.999644e-01 |   9.999841e-01 |   9.999808e-01 |   3.756112e-05 |   1.914696e-05 |
|   7.000000e-02 |   9.999754e-01 |   9.999643e-01 |   9.999841e-01 |   9.999808e-01 |   3.700565e-05 |   1.905815e-05 |
|   7.200000e-02 |   9.999752e-01 |   9.999643e-01 |   9.999841e-01 |   9.999809e-01 |   3.645651e-05 |   1.897076e-05 |
|   7.400000e-02 |   9.999749e-01 |   9.999642e-01 |   9.999841e-01 |   9.999809e-01 |   3.591390e-05 |   1.888477e-05 |
+----------------+----------------+----------------+----------------+----------------+----------------+----------------+
+----------------+----------------+----------------+------------------+----------------+----------------+
| time           | mass           | mass_reaction  | outflow_gradient | platen_max     | platen_min     |
+----------------+----------------+----------------+------------------+----------------+----------------+
:                :                :                :                  :                :                :
|   4.600000e-02 |   9.999038e-03 |  -1.146874e-05 |     1.143453e-05 |  -4.643547e-06 |  -4.643547e-06 |
|   4.800000e-02 |   9.999016e-03 |  -1.124050e-05 |     1.120708e-05 |  -4.654328e-06 |  -4.654328e-06 |
|   5.000000e-02 |   9.998994e-03 |  -1.102357e-05 |     1.099089e-05 |  -4.664900e-06 |  -4.664900e-06 |
|   5.200000e-02 |   9.998972e-03 |  -1.081662e-05 |     1.078463e-05 |  -4.675273e-06 |  -4.675273e-06 |
|   5.400000e-02 |   9.998951e-03 |  -1.061852e-05 |     1.058719e-05 |  -4.685457e-06 |  -4.685457e-06 |
|   5.600000e-02 |   9.998930e-03 |  -1.042831e-05 |     1.039760e-05 |  -4.695458e-06 |  -4.695458e-06 |
|   5.800000e-02 |   9.998910e-03 |  -1.024515e-05 |     1.021503e-05 |  -4.705283e-06 |  -4.705283e-06 |
|   6.000000e-02 |   9.998890e-03 |  -1.006834e-05 |     1.003879e-05 |  -4.714939e-06 |  -4.714939e-06 |
|   6.200000e-02 |   9.998870e-03 |  -9.897270e-06 |     9.868250e-06 |  -4.724431e-06 |  -4.724431e-06 |
|   6.400000e-02 |   9.998850e-03 |  -9.731405e-06 |     9.702903e-06 |  -4.733764e-06 |  -4.733764e-06 |
|   6.600000e-02 |   9.998831e-03 |  -9.570295e-06 |     9.542292e-06 |  -4.742942e-06 |  -4.742942e-06 |
|   6.800000e-02 |   9.998812e-03 |  -9.413546e-06 |     9.386025e-06 |  -4.751970e-06 |  -4.751970e-06 |
|   7.000000e-02 |   9.998794e-03 |  -9.260818e-06 |     9.233764e-06 |  -4.760852e-06 |  -4.760852e-06 |
|   7.200000e-02 |   9.998776e-03 |  -9.111814e-06 |     9.085212e-06 |  -4.769591e-06 |  -4.769591e-06 |
|   7.400000e-02 |   9.998758e-03 |  -8.966276e-06 |     8.940114e-06 |  -4.778190e-06 |  -4.778190e-06 |
+----------------+----------------+----------------+------------------+----------------+----------------+
+----------------+--------------------+--------------------+----------------+----------------+----------------+
| time           | solid_fraction_max | solid_fraction_min | stability_max  | stability_min  | top_reaction   |
+----------------+--------------------+--------------------+----------------+----------------+----------------+
:                :                    :                    :                :                :                :
|   4.600000e-02 |       9.000173e-01 |       9.000020e-01 |   2.500000e+00 |   2.500000e+00 |  -1.000000e-04 |
|   4.800000e-02 |       9.000174e-01 |       9.000023e-01 |   2.500000e+00 |   2.500000e+00 |  -1.000000e-04 |
|   5.000000e-02 |       9.000174e-01 |       9.000025e-01 |   2.500000e+00 |   2.500000e+00 |  -1.000000e-04 |
|   5.200000e-02 |       9.000175e-01 |       9.000028e-01 |   2.500000e+00 |   2.500000e+00 |  -1.000000e-04 |
|   5.400000e-02 |       9.000175e-01 |       9.000030e-01 |   2.500000e+00 |   2.500000e+00 |  -1.000000e-04 |
|   5.600000e-02 |       9.000175e-01 |       9.000033e-01 |   2.500000e+00 |   2.500000e+00 |  -1.000000e-04 |
|   5.800000e-02 |       9.000176e-01 |       9.000035e-01 |   2.500000e+00 |   2.500000e+00 |  -1.000000e-04 |
|   6.000000e-02 |       9.000176e-01 |       9.000037e-01 |   2.500000e+00 |   2.500000e+00 |  -1.000000e-04 |
|   6.200000e-02 |       9.000177e-01 |       9.000040e-01 |   2.500000e+00 |   2.500000e+00 |  -1.000000e-04 |
|   6.400000e-02 |       9.000177e-01 |       9.000042e-01 |   2.500000e+00 |   2.500000e+00 |  -1.000000e-04 |
|   6.600000e-02 |       9.000177e-01 |       9.000044e-01 |   2.500000e+00 |   2.500000e+00 |  -1.000000e-04 |
|   6.800000e-02 |       9.000178e-01 |       9.000047e-01 |   2.500000e+00 |   2.500000e+00 |  -1.000000e-04 |
|   7.000000e-02 |       9.000178e-01 |       9.000049e-01 |   2.500000e+00 |   2.500000e+00 |  -1.000000e-04 |
|   7.200000e-02 |       9.000178e-01 |       9.000051e-01 |   2.500000e+00 |   2.500000e+00 |  -1.000000e-04 |
|   7.400000e-02 |       9.000179e-01 |       9.000053e-01 |   2.500000e+00 |   2.500000e+00 |  -1.000000e-04 |
+----------------+--------------------+--------------------+----------------+----------------+----------------+


Time Step 38, time = 0.076, dt = 0.002
 * Nonlinear |R| = [32m9.173512e-07[39m (Before preset BCs, predictors, correctors, and constraints)
 0 Nonlinear |R| = [32m9.173512e-07[39m
      0 Linear |R| = [32m9.173512e-07[39m
      1 Linear |R| = [32m1.846372e-07[39m
      2 Linear |R| = [33m1.845042e-07[39m
      3 Linear |R| = [33m1.791393e-07[39m
      4 Linear |R| = [32m1.550628e-07[39m
      5 Linear |R| = [32m1.320539e-07[39m
      6 Linear |R| = [32m1.215385e-07[39m
      7 Linear |R| = [33m1.168416e-07[39m
      8 Linear |R| = [32m1.032122e-07[39m
      9 Linear |R| = [32m7.068070e-08[39m
     10 Linear |R| = [32m5.104730e-08[39m
     11 Linear |R| = [33m5.040305e-08[39m
     12 Linear |R| = [32m2.928223e-08[39m
     13 Linear |R| = [33m2.922620e-08[39m
     14 Linear |R| = [32m1.982637e-08[39m
     15 Linear |R| = [33m1.913540e-08[39m
     16 Linear |R| = [32m1.396257e-08[39m
     17 Linear |R| = [32m1.261054e-08[39m
     18 Linear |R| = [32m8.404276e-09[39m
     19 Linear |R| = [33m8.251468e-09[39m
     20 Linear |R| = [32m6.041296e-09[39m
     21 Linear |R| = [32m4.758074e-09[39m
     22 Linear |R| = [32m3.634665e-09[39m
     23 Linear |R| = [32m2.748031e-09[39m
     24 Linear |R| = [32m1.914610e-09[39m
     25 Linear |R| = [32m9.398721e-10[39m
     26 Linear |R| = [33m8.990611e-10[39m
     27 Linear |R| = [32m4.156949e-10[39m
     28 Linear |R| = [33m3.983274e-10[39m
     29 Linear |R| = [32m2.242260e-10[39m
     30 Linear |R| = [33m2.159930e-10[39m
     31 Linear |R| = [33m2.089297e-10[39m
     32 Linear |R| = [33m2.076063e-10[39m
     33 Linear |R| = [33m2.067335e-10[39m
     34 Linear |R| = [33m1.971540e-10[39m
     35 Linear |R| = [32m1.547939e-10[39m
     36 Linear |R| = [33m1.533967e-10[39m
     37 Linear |R| = [33m1.528553e-10[39m
     38 Linear |R| = [33m1.474883e-10[39m
     39 Linear |R| = [33m1.474042e-10[39m
     40 Linear |R| = [32m1.356089e-10[39m
     41 Linear |R| = [33m1.290437e-10[39m
     42 Linear |R| = [32m1.010580e-10[39m
     43 Linear |R| = [33m9.778375e-11[39m
     44 Linear |R| = [32m7.353392e-11[39m
     45 Linear |R| = [32m6.383534e-11[39m
     46 Linear |R| = [32m4.553713e-11[39m
     47 Linear |R| = [33m4.481398e-11[39m
     48 Linear |R| = [32m3.230937e-11[39m
     49 Linear |R| = [32m2.417386e-11[39m
     50 Linear |R| = [32m2.237748e-11[39m
     51 Linear |R| = [32m1.515304e-11[39m
     52 Linear |R| = [33m1.510967e-11[39m
     53 Linear |R| = [32m8.297648e-12[39m
     54 Linear |R| = [33m8.213936e-12[39m
     55 Linear |R| = [32m4.396901e-12[39m
     56 Linear |R| = [33m4.340202e-12[39m
     57 Linear |R| = [32m2.626091e-12[39m
     58 Linear |R| = [32m2.286618e-12[39m
     59 Linear |R| = [32m1.543465e-12[39m
     60 Linear |R| = [32m1.102606e-12[39m
     61 Linear |R| = [33m1.096608e-12[39m
     62 Linear |R| = [33m1.096287e-12[39m
     63 Linear |R| = [33m1.094158e-12[39m
     64 Linear |R| = [33m1.083241e-12[39m
     65 Linear |R| = [33m1.075093e-12[39m
     66 Linear |R| = [33m1.070717e-12[39m
     67 Linear |R| = [33m1.067543e-12[39m
     68 Linear |R| = [32m9.743574e-13[39m
     69 Linear |R| = [32m8.477453e-13[39m
     70 Linear |R| = [33m8.472433e-13[39m
     71 Linear |R| = [32m6.491686e-13[39m
     72 Linear |R| = [33m6.422655e-13[39m
     73 Linear |R| = [32m5.434166e-13[39m
     74 Linear |R| = [33m5.349739e-13[39m
     75 Linear |R| = [32m4.255008e-13[39m
     76 Linear |R| = [33m4.134109e-13[39m
     77 Linear |R| = [32m2.678990e-13[39m
     78 Linear |R| = [33m2.669607e-13[39m
     79 Linear |R| = [32m1.953064e-13[39m
     80 Linear |R| = [33m1.929886e-13[39m
     81 Linear |R| = [32m1.005745e-13[39m
     82 Linear |R| = [32m8.995269e-14[39m
     83 Linear |R| = [32m5.944572e-14[39m
     84 Linear |R| = [32m5.159861e-14[39m
     85 Linear |R| = [32m2.927739e-14[39m
     86 Linear |R| = [32m2.461462e-14[39m
     87 Linear |R| = [32m1.616443e-14[39m
     88 Linear |R| = [32m1.254378e-14[39m
     89 Linear |R| = [32m5.893302e-15[39m
     90 Linear |R| = [31m3.479840e-14[39m
     91 Linear |R| = [32m1.581085e-14[39m
     92 Linear |R| = [33m1.580951e-14[39m
     93 Linear |R| = [32m1.386349e-14[39m
     94 Linear |R| = [33m1.385764e-14[39m
     95 Linear |R| = [32m1.237254e-14[39m
     96 Linear |R| = [32m9.539459e-15[39m
     97 Linear |R| = [33m9.148174e-15[39m
     98 Linear |R| = [32m8.459174e-15[39m
     99 Linear |R| = [32m7.182323e-15[39m
    100 Linear |R| = [32m6.585431e-15[39m
    101 Linear |R| = [32m5.699323e-15[39m
    102 Linear |R| = [33m5.673321e-15[39m
    103 Linear |R| = [32m3.651394e-15[39m
    104 Linear |R| = [33m3.636086e-15[39m
    105 Linear |R| = [32m2.577473e-15[39m
    106 Linear |R| = [33m2.505407e-15[39m
    107 Linear |R| = [32m1.871360e-15[39m
    108 Linear |R| = [32m1.654993e-15[39m
    109 Linear |R| = [32m1.201518e-15[39m
    110 Linear |R| = [32m1.125654e-15[39m
    111 Linear |R| = [32m7.261131e-16[39m
 1 Nonlinear |R| = [32m3.236917e-14[39m
[32m Solve Converged![39m

Postprocessor Values:
+----------------+----------------+----------------+----------------+----------------+----------------+----------------+
| time           | J_max          | J_min          | Jbar_max       | Jbar_min       | center_pressure| edge_ux        |
+----------------+----------------+----------------+----------------+----------------+----------------+----------------+
:                :                :                :                :                :                :                :
|   4.800000e-02 |   9.999781e-01 |   9.999652e-01 |   9.999845e-01 |   9.999806e-01 |   4.336681e-05 |   2.012339e-05 |
|   5.000000e-02 |   9.999778e-01 |   9.999651e-01 |   9.999844e-01 |   9.999806e-01 |   4.277679e-05 |   2.001767e-05 |
|   5.200000e-02 |   9.999776e-01 |   9.999650e-01 |   9.999844e-01 |   9.999807e-01 |   4.218604e-05 |   1.991393e-05 |
|   5.400000e-02 |   9.999773e-01 |   9.999649e-01 |   9.999844e-01 |   9.999807e-01 |   4.159594e-05 |   1.981210e-05 |
|   5.600000e-02 |   9.999771e-01 |   9.999648e-01 |   9.999843e-01 |   9.999807e-01 |   4.100764e-05 |   1.971209e-05 |
|   5.800000e-02 |   9.999768e-01 |   9.999648e-01 |   9.999843e-01 |   9.999807e-01 |   4.042214e-05 |   1.961383e-05 |
|   6.000000e-02 |   9.999766e-01 |   9.999647e-01 |   9.999843e-01 |   9.999807e-01 |   3.984025e-05 |   1.951727e-05 |
|   6.200000e-02 |   9.999763e-01 |   9.999646e-01 |   9.999842e-01 |   9.999808e-01 |   3.926268e-05 |   1.942235e-05 |
|   6.400000e-02 |   9.999761e-01 |   9.999646e-01 |   9.999842e-01 |   9.999808e-01 |   3.868999e-05 |   1.932903e-05 |
|   6.600000e-02 |   9.999759e-01 |   9.999645e-01 |   9.999842e-01 |   9.999808e-01 |   3.812268e-05 |   1.923724e-05 |
|   6.800000e-02 |   9.999756e-01 |   9.999644e-01 |   9.999841e-01 |   9.999808e-01 |   3.756112e-05 |   1.914696e-05 |
|   7.000000e-02 |   9.999754e-01 |   9.999643e-01 |   9.999841e-01 |   9.999808e-01 |   3.700565e-05 |   1.905815e-05 |
|   7.200000e-02 |   9.999752e-01 |   9.999643e-01 |   9.999841e-01 |   9.999809e-01 |   3.645651e-05 |   1.897076e-05 |
|   7.400000e-02 |   9.999749e-01 |   9.999642e-01 |   9.999841e-01 |   9.999809e-01 |   3.591390e-05 |   1.888477e-05 |
|   7.600000e-02 |   9.999747e-01 |   9.999641e-01 |   9.999840e-01 |   9.999809e-01 |   3.537799e-05 |   1.880015e-05 |
+----------------+----------------+----------------+----------------+----------------+----------------+----------------+
+----------------+----------------+----------------+------------------+----------------+----------------+
| time           | mass           | mass_reaction  | outflow_gradient | platen_max     | platen_min     |
+----------------+----------------+----------------+------------------+----------------+----------------+
:                :                :                :                  :                :                :
|   4.800000e-02 |   9.999016e-03 |  -1.124050e-05 |     1.120708e-05 |  -4.654328e-06 |  -4.654328e-06 |
|   5.000000e-02 |   9.998994e-03 |  -1.102357e-05 |     1.099089e-05 |  -4.664900e-06 |  -4.664900e-06 |
|   5.200000e-02 |   9.998972e-03 |  -1.081662e-05 |     1.078463e-05 |  -4.675273e-06 |  -4.675273e-06 |
|   5.400000e-02 |   9.998951e-03 |  -1.061852e-05 |     1.058719e-05 |  -4.685457e-06 |  -4.685457e-06 |
|   5.600000e-02 |   9.998930e-03 |  -1.042831e-05 |     1.039760e-05 |  -4.695458e-06 |  -4.695458e-06 |
|   5.800000e-02 |   9.998910e-03 |  -1.024515e-05 |     1.021503e-05 |  -4.705283e-06 |  -4.705283e-06 |
|   6.000000e-02 |   9.998890e-03 |  -1.006834e-05 |     1.003879e-05 |  -4.714939e-06 |  -4.714939e-06 |
|   6.200000e-02 |   9.998870e-03 |  -9.897270e-06 |     9.868250e-06 |  -4.724431e-06 |  -4.724431e-06 |
|   6.400000e-02 |   9.998850e-03 |  -9.731405e-06 |     9.702903e-06 |  -4.733764e-06 |  -4.733764e-06 |
|   6.600000e-02 |   9.998831e-03 |  -9.570295e-06 |     9.542292e-06 |  -4.742942e-06 |  -4.742942e-06 |
|   6.800000e-02 |   9.998812e-03 |  -9.413546e-06 |     9.386025e-06 |  -4.751970e-06 |  -4.751970e-06 |
|   7.000000e-02 |   9.998794e-03 |  -9.260818e-06 |     9.233764e-06 |  -4.760852e-06 |  -4.760852e-06 |
|   7.200000e-02 |   9.998776e-03 |  -9.111814e-06 |     9.085212e-06 |  -4.769591e-06 |  -4.769591e-06 |
|   7.400000e-02 |   9.998758e-03 |  -8.966276e-06 |     8.940114e-06 |  -4.778190e-06 |  -4.778190e-06 |
|   7.600000e-02 |   9.998740e-03 |  -8.823980e-06 |     8.798246e-06 |  -4.786652e-06 |  -4.786652e-06 |
+----------------+----------------+----------------+------------------+----------------+----------------+
+----------------+--------------------+--------------------+----------------+----------------+----------------+
| time           | solid_fraction_max | solid_fraction_min | stability_max  | stability_min  | top_reaction   |
+----------------+--------------------+--------------------+----------------+----------------+----------------+
:                :                    :                    :                :                :                :
|   4.800000e-02 |       9.000174e-01 |       9.000023e-01 |   2.500000e+00 |   2.500000e+00 |  -1.000000e-04 |
|   5.000000e-02 |       9.000174e-01 |       9.000025e-01 |   2.500000e+00 |   2.500000e+00 |  -1.000000e-04 |
|   5.200000e-02 |       9.000175e-01 |       9.000028e-01 |   2.500000e+00 |   2.500000e+00 |  -1.000000e-04 |
|   5.400000e-02 |       9.000175e-01 |       9.000030e-01 |   2.500000e+00 |   2.500000e+00 |  -1.000000e-04 |
|   5.600000e-02 |       9.000175e-01 |       9.000033e-01 |   2.500000e+00 |   2.500000e+00 |  -1.000000e-04 |
|   5.800000e-02 |       9.000176e-01 |       9.000035e-01 |   2.500000e+00 |   2.500000e+00 |  -1.000000e-04 |
|   6.000000e-02 |       9.000176e-01 |       9.000037e-01 |   2.500000e+00 |   2.500000e+00 |  -1.000000e-04 |
|   6.200000e-02 |       9.000177e-01 |       9.000040e-01 |   2.500000e+00 |   2.500000e+00 |  -1.000000e-04 |
|   6.400000e-02 |       9.000177e-01 |       9.000042e-01 |   2.500000e+00 |   2.500000e+00 |  -1.000000e-04 |
|   6.600000e-02 |       9.000177e-01 |       9.000044e-01 |   2.500000e+00 |   2.500000e+00 |  -1.000000e-04 |
|   6.800000e-02 |       9.000178e-01 |       9.000047e-01 |   2.500000e+00 |   2.500000e+00 |  -1.000000e-04 |
|   7.000000e-02 |       9.000178e-01 |       9.000049e-01 |   2.500000e+00 |   2.500000e+00 |  -1.000000e-04 |
|   7.200000e-02 |       9.000178e-01 |       9.000051e-01 |   2.500000e+00 |   2.500000e+00 |  -1.000000e-04 |
|   7.400000e-02 |       9.000179e-01 |       9.000053e-01 |   2.500000e+00 |   2.500000e+00 |  -1.000000e-04 |
|   7.600000e-02 |       9.000179e-01 |       9.000056e-01 |   2.500000e+00 |   2.500000e+00 |  -1.000000e-04 |
+----------------+--------------------+--------------------+----------------+----------------+----------------+


Time Step 39, time = 0.078, dt = 0.002
 * Nonlinear |R| = [32m9.032502e-07[39m (Before preset BCs, predictors, correctors, and constraints)
 0 Nonlinear |R| = [32m9.032502e-07[39m
      0 Linear |R| = [32m9.032502e-07[39m
      1 Linear |R| = [32m1.815169e-07[39m
      2 Linear |R| = [33m1.813799e-07[39m
      3 Linear |R| = [33m1.761582e-07[39m
      4 Linear |R| = [32m1.526934e-07[39m
      5 Linear |R| = [32m1.300027e-07[39m
      6 Linear |R| = [32m1.196531e-07[39m
      7 Linear |R| = [33m1.150334e-07[39m
      8 Linear |R| = [32m1.016004e-07[39m
      9 Linear |R| = [32m6.775989e-08[39m
     10 Linear |R| = [32m5.026004e-08[39m
     11 Linear |R| = [33m4.958843e-08[39m
     12 Linear |R| = [32m2.885830e-08[39m
     13 Linear |R| = [33m2.880341e-08[39m
     14 Linear |R| = [32m1.952277e-08[39m
     15 Linear |R| = [33m1.884984e-08[39m
     16 Linear |R| = [32m1.374925e-08[39m
     17 Linear |R| = [32m1.241580e-08[39m
     18 Linear |R| = [32m8.270345e-09[39m
     19 Linear |R| = [33m8.117633e-09[39m
     20 Linear |R| = [32m5.945169e-09[39m
     21 Linear |R| = [32m4.659980e-09[39m
     22 Linear |R| = [32m3.576690e-09[39m
     23 Linear |R| = [32m2.701458e-09[39m
     24 Linear |R| = [32m1.884214e-09[39m
     25 Linear |R| = [32m9.258872e-10[39m
     26 Linear |R| = [33m8.852827e-10[39m
     27 Linear |R| = [32m4.115657e-10[39m
     28 Linear |R| = [33m3.974734e-10[39m
     29 Linear |R| = [32m2.211588e-10[39m
     30 Linear |R| = [33m2.138342e-10[39m
     31 Linear |R| = [33m2.075076e-10[39m
     32 Linear |R| = [33m2.061718e-10[39m
     33 Linear |R| = [33m2.053288e-10[39m
     34 Linear |R| = [33m1.955986e-10[39m
     35 Linear |R| = [32m1.530055e-10[39m
     36 Linear |R| = [33m1.516929e-10[39m
     37 Linear |R| = [33m1.511981e-10[39m
     38 Linear |R| = [33m1.460069e-10[39m
     39 Linear |R| = [33m1.459522e-10[39m
     40 Linear |R| = [32m1.342474e-10[39m
     41 Linear |R| = [32m1.269829e-10[39m
     42 Linear |R| = [32m9.961182e-11[39m
     43 Linear |R| = [33m9.627193e-11[39m
     44 Linear |R| = [32m7.318418e-11[39m
     45 Linear |R| = [32m6.325697e-11[39m
     46 Linear |R| = [32m4.512991e-11[39m
     47 Linear |R| = [33m4.448228e-11[39m
     48 Linear |R| = [32m3.203645e-11[39m
     49 Linear |R| = [32m2.386591e-11[39m
     50 Linear |R| = [32m2.207913e-11[39m
     51 Linear |R| = [32m1.513454e-11[39m
     52 Linear |R| = [33m1.508841e-11[39m
     53 Linear |R| = [32m8.220475e-12[39m
     54 Linear |R| = [33m8.159122e-12[39m
     55 Linear |R| = [32m4.380089e-12[39m
     56 Linear |R| = [33m4.324532e-12[39m
     57 Linear |R| = [32m2.616582e-12[39m
     58 Linear |R| = [32m2.287550e-12[39m
     59 Linear |R| = [32m1.558722e-12[39m
     60 Linear |R| = [32m1.102263e-12[39m
     61 Linear |R| = [33m1.096805e-12[39m
     62 Linear |R| = [33m1.096429e-12[39m
     63 Linear |R| = [33m1.094501e-12[39m
     64 Linear |R| = [33m1.082494e-12[39m
     65 Linear |R| = [33m1.074966e-12[39m
     66 Linear |R| = [33m1.071329e-12[39m
     67 Linear |R| = [33m1.068489e-12[39m
     68 Linear |R| = [32m9.762507e-13[39m
     69 Linear |R| = [32m8.456871e-13[39m
     70 Linear |R| = [33m8.455197e-13[39m
     71 Linear |R| = [32m6.445709e-13[39m
     72 Linear |R| = [33m6.386329e-13[39m
     73 Linear |R| = [32m5.426956e-13[39m
     74 Linear |R| = [33m5.349501e-13[39m
     75 Linear |R| = [32m4.259353e-13[39m
     76 Linear |R| = [33m4.146532e-13[39m
     77 Linear |R| = [32m2.689231e-13[39m
     78 Linear |R| = [33m2.680916e-13[39m
     79 Linear |R| = [32m1.951319e-13[39m
     80 Linear |R| = [33m1.928980e-13[39m
     81 Linear |R| = [32m1.008929e-13[39m
     82 Linear |R| = [32m8.992699e-14[39m
     83 Linear |R| = [32m5.965448e-14[39m
     84 Linear |R| = [32m5.154073e-14[39m
     85 Linear |R| = [32m2.925188e-14[39m
     86 Linear |R| = [32m2.457977e-14[39m
     87 Linear |R| = [32m1.616423e-14[39m
     88 Linear |R| = [32m1.248637e-14[39m
     89 Linear |R| = [32m5.811053e-15[39m
     90 Linear |R| = [31m2.924213e-14[39m
     91 Linear |R| = [32m1.609585e-14[39m
     92 Linear |R| = [32m1.139117e-14[39m
     93 Linear |R| = [33m1.136132e-14[39m
     94 Linear |R| = [33m1.124804e-14[39m
     95 Linear |R| = [33m1.122124e-14[39m
     96 Linear |R| = [32m1.052142e-14[39m
     97 Linear |R| = [33m1.044729e-14[39m
     98 Linear |R| = [33m1.041748e-14[39m
     99 Linear |R| = [32m8.452462e-15[39m
    100 Linear |R| = [33m8.432485e-15[39m
    101 Linear |R| = [32m5.313828e-15[39m
    102 Linear |R| = [33m5.310530e-15[39m
    103 Linear |R| = [32m3.469321e-15[39m
    104 Linear |R| = [33m3.462456e-15[39m
    105 Linear |R| = [32m2.598716e-15[39m
    106 Linear |R| = [33m2.516168e-15[39m
    107 Linear |R| = [32m1.644771e-15[39m
    108 Linear |R| = [32m1.429530e-15[39m
    109 Linear |R| = [32m1.035052e-15[39m
    110 Linear |R| = [32m9.393354e-16[39m
    111 Linear |R| = [32m5.253332e-16[39m
 1 Nonlinear |R| = [32m3.071061e-14[39m
[32m Solve Converged![39m

Postprocessor Values:
+----------------+----------------+----------------+----------------+----------------+----------------+----------------+
| time           | J_max          | J_min          | Jbar_max       | Jbar_min       | center_pressure| edge_ux        |
+----------------+----------------+----------------+----------------+----------------+----------------+----------------+
:                :                :                :                :                :                :                :
|   5.000000e-02 |   9.999778e-01 |   9.999651e-01 |   9.999844e-01 |   9.999806e-01 |   4.277679e-05 |   2.001767e-05 |
|   5.200000e-02 |   9.999776e-01 |   9.999650e-01 |   9.999844e-01 |   9.999807e-01 |   4.218604e-05 |   1.991393e-05 |
|   5.400000e-02 |   9.999773e-01 |   9.999649e-01 |   9.999844e-01 |   9.999807e-01 |   4.159594e-05 |   1.981210e-05 |
|   5.600000e-02 |   9.999771e-01 |   9.999648e-01 |   9.999843e-01 |   9.999807e-01 |   4.100764e-05 |   1.971209e-05 |
|   5.800000e-02 |   9.999768e-01 |   9.999648e-01 |   9.999843e-01 |   9.999807e-01 |   4.042214e-05 |   1.961383e-05 |
|   6.000000e-02 |   9.999766e-01 |   9.999647e-01 |   9.999843e-01 |   9.999807e-01 |   3.984025e-05 |   1.951727e-05 |
|   6.200000e-02 |   9.999763e-01 |   9.999646e-01 |   9.999842e-01 |   9.999808e-01 |   3.926268e-05 |   1.942235e-05 |
|   6.400000e-02 |   9.999761e-01 |   9.999646e-01 |   9.999842e-01 |   9.999808e-01 |   3.868999e-05 |   1.932903e-05 |
|   6.600000e-02 |   9.999759e-01 |   9.999645e-01 |   9.999842e-01 |   9.999808e-01 |   3.812268e-05 |   1.923724e-05 |
|   6.800000e-02 |   9.999756e-01 |   9.999644e-01 |   9.999841e-01 |   9.999808e-01 |   3.756112e-05 |   1.914696e-05 |
|   7.000000e-02 |   9.999754e-01 |   9.999643e-01 |   9.999841e-01 |   9.999808e-01 |   3.700565e-05 |   1.905815e-05 |
|   7.200000e-02 |   9.999752e-01 |   9.999643e-01 |   9.999841e-01 |   9.999809e-01 |   3.645651e-05 |   1.897076e-05 |
|   7.400000e-02 |   9.999749e-01 |   9.999642e-01 |   9.999841e-01 |   9.999809e-01 |   3.591390e-05 |   1.888477e-05 |
|   7.600000e-02 |   9.999747e-01 |   9.999641e-01 |   9.999840e-01 |   9.999809e-01 |   3.537799e-05 |   1.880015e-05 |
|   7.800000e-02 |   9.999745e-01 |   9.999641e-01 |   9.999840e-01 |   9.999809e-01 |   3.484890e-05 |   1.871686e-05 |
+----------------+----------------+----------------+----------------+----------------+----------------+----------------+
+----------------+----------------+----------------+------------------+----------------+----------------+
| time           | mass           | mass_reaction  | outflow_gradient | platen_max     | platen_min     |
+----------------+----------------+----------------+------------------+----------------+----------------+
:                :                :                :                  :                :                :
|   5.000000e-02 |   9.998994e-03 |  -1.102357e-05 |     1.099089e-05 |  -4.664900e-06 |  -4.664900e-06 |
|   5.200000e-02 |   9.998972e-03 |  -1.081662e-05 |     1.078463e-05 |  -4.675273e-06 |  -4.675273e-06 |
|   5.400000e-02 |   9.998951e-03 |  -1.061852e-05 |     1.058719e-05 |  -4.685457e-06 |  -4.685457e-06 |
|   5.600000e-02 |   9.998930e-03 |  -1.042831e-05 |     1.039760e-05 |  -4.695458e-06 |  -4.695458e-06 |
|   5.800000e-02 |   9.998910e-03 |  -1.024515e-05 |     1.021503e-05 |  -4.705283e-06 |  -4.705283e-06 |
|   6.000000e-02 |   9.998890e-03 |  -1.006834e-05 |     1.003879e-05 |  -4.714939e-06 |  -4.714939e-06 |
|   6.200000e-02 |   9.998870e-03 |  -9.897270e-06 |     9.868250e-06 |  -4.724431e-06 |  -4.724431e-06 |
|   6.400000e-02 |   9.998850e-03 |  -9.731405e-06 |     9.702903e-06 |  -4.733764e-06 |  -4.733764e-06 |
|   6.600000e-02 |   9.998831e-03 |  -9.570295e-06 |     9.542292e-06 |  -4.742942e-06 |  -4.742942e-06 |
|   6.800000e-02 |   9.998812e-03 |  -9.413546e-06 |     9.386025e-06 |  -4.751970e-06 |  -4.751970e-06 |
|   7.000000e-02 |   9.998794e-03 |  -9.260818e-06 |     9.233764e-06 |  -4.760852e-06 |  -4.760852e-06 |
|   7.200000e-02 |   9.998776e-03 |  -9.111814e-06 |     9.085212e-06 |  -4.769591e-06 |  -4.769591e-06 |
|   7.400000e-02 |   9.998758e-03 |  -8.966276e-06 |     8.940114e-06 |  -4.778190e-06 |  -4.778190e-06 |
|   7.600000e-02 |   9.998740e-03 |  -8.823980e-06 |     8.798246e-06 |  -4.786652e-06 |  -4.786652e-06 |
|   7.800000e-02 |   9.998723e-03 |  -8.684729e-06 |     8.659411e-06 |  -4.794981e-06 |  -4.794981e-06 |
+----------------+----------------+----------------+------------------+----------------+----------------+
+----------------+--------------------+--------------------+----------------+----------------+----------------+
| time           | solid_fraction_max | solid_fraction_min | stability_max  | stability_min  | top_reaction   |
+----------------+--------------------+--------------------+----------------+----------------+----------------+
:                :                    :                    :                :                :                :
|   5.000000e-02 |       9.000174e-01 |       9.000025e-01 |   2.500000e+00 |   2.500000e+00 |  -1.000000e-04 |
|   5.200000e-02 |       9.000175e-01 |       9.000028e-01 |   2.500000e+00 |   2.500000e+00 |  -1.000000e-04 |
|   5.400000e-02 |       9.000175e-01 |       9.000030e-01 |   2.500000e+00 |   2.500000e+00 |  -1.000000e-04 |
|   5.600000e-02 |       9.000175e-01 |       9.000033e-01 |   2.500000e+00 |   2.500000e+00 |  -1.000000e-04 |
|   5.800000e-02 |       9.000176e-01 |       9.000035e-01 |   2.500000e+00 |   2.500000e+00 |  -1.000000e-04 |
|   6.000000e-02 |       9.000176e-01 |       9.000037e-01 |   2.500000e+00 |   2.500000e+00 |  -1.000000e-04 |
|   6.200000e-02 |       9.000177e-01 |       9.000040e-01 |   2.500000e+00 |   2.500000e+00 |  -1.000000e-04 |
|   6.400000e-02 |       9.000177e-01 |       9.000042e-01 |   2.500000e+00 |   2.500000e+00 |  -1.000000e-04 |
|   6.600000e-02 |       9.000177e-01 |       9.000044e-01 |   2.500000e+00 |   2.500000e+00 |  -1.000000e-04 |
|   6.800000e-02 |       9.000178e-01 |       9.000047e-01 |   2.500000e+00 |   2.500000e+00 |  -1.000000e-04 |
|   7.000000e-02 |       9.000178e-01 |       9.000049e-01 |   2.500000e+00 |   2.500000e+00 |  -1.000000e-04 |
|   7.200000e-02 |       9.000178e-01 |       9.000051e-01 |   2.500000e+00 |   2.500000e+00 |  -1.000000e-04 |
|   7.400000e-02 |       9.000179e-01 |       9.000053e-01 |   2.500000e+00 |   2.500000e+00 |  -1.000000e-04 |
|   7.600000e-02 |       9.000179e-01 |       9.000056e-01 |   2.500000e+00 |   2.500000e+00 |  -1.000000e-04 |
|   7.800000e-02 |       9.000179e-01 |       9.000058e-01 |   2.500000e+00 |   2.500000e+00 |  -1.000000e-04 |
+----------------+--------------------+--------------------+----------------+----------------+----------------+


Time Step 40, time = 0.08, dt = 0.002
 * Nonlinear |R| = [32m8.893918e-07[39m (Before preset BCs, predictors, correctors, and constraints)
 0 Nonlinear |R| = [32m8.893918e-07[39m
      0 Linear |R| = [32m8.893918e-07[39m
      1 Linear |R| = [32m1.784895e-07[39m
      2 Linear |R| = [33m1.783495e-07[39m
      3 Linear |R| = [33m1.732597e-07[39m
      4 Linear |R| = [32m1.503621e-07[39m
      5 Linear |R| = [32m1.279894e-07[39m
      6 Linear |R| = [32m1.178021e-07[39m
      7 Linear |R| = [33m1.132587e-07[39m
      8 Linear |R| = [32m1.000204e-07[39m
      9 Linear |R| = [32m6.513317e-08[39m
     10 Linear |R| = [32m4.948533e-08[39m
     11 Linear |R| = [33m4.878453e-08[39m
     12 Linear |R| = [32m2.843816e-08[39m
     13 Linear |R| = [33m2.838438e-08[39m
     14 Linear |R| = [32m1.922397e-08[39m
     15 Linear |R| = [33m1.856786e-08[39m
     16 Linear |R| = [32m1.353929e-08[39m
     17 Linear |R| = [32m1.222447e-08[39m
     18 Linear |R| = [32m8.139361e-09[39m
     19 Linear |R| = [33m7.987054e-09[39m
     20 Linear |R| = [32m5.851150e-09[39m
     21 Linear |R| = [32m4.566862e-09[39m
     22 Linear |R| = [32m3.519990e-09[39m
     23 Linear |R| = [32m2.656257e-09[39m
     24 Linear |R| = [32m1.854473e-09[39m
     25 Linear |R| = [32m9.121096e-10[39m
     26 Linear |R| = [33m8.717422e-10[39m
     27 Linear |R| = [32m4.072565e-10[39m
     28 Linear |R| = [33m3.957130e-10[39m
     29 Linear |R| = [32m2.180679e-10[39m
     30 Linear |R| = [33m2.114303e-10[39m
     31 Linear |R| = [33m2.056675e-10[39m
     32 Linear |R| = [33m2.043238e-10[39m
     33 Linear |R| = [33m2.035081e-10[39m
     34 Linear |R| = [33m1.936787e-10[39m
     35 Linear |R| = [32m1.510632e-10[39m
     36 Linear |R| = [33m1.498220e-10[39m
     37 Linear |R| = [33m1.493567e-10[39m
     38 Linear |R| = [33m1.443288e-10[39m
     39 Linear |R| = [33m1.442923e-10[39m
     40 Linear |R| = [32m1.327124e-10[39m
     41 Linear |R| = [32m1.248706e-10[39m
     42 Linear |R| = [32m9.817216e-11[39m
     43 Linear |R| = [33m9.475275e-11[39m
     44 Linear |R| = [32m7.265352e-11[39m
     45 Linear |R| = [32m6.258267e-11[39m
     46 Linear |R| = [32m4.463964e-11[39m
     47 Linear |R| = [33m4.405139e-11[39m
     48 Linear |R| = [32m3.166642e-11[39m
     49 Linear |R| = [32m2.353154e-11[39m
     50 Linear |R| = [32m2.168767e-11[39m
     51 Linear |R| = [32m1.505668e-11[39m
     52 Linear |R| = [33m1.500823e-11[39m
     53 Linear |R| = [32m8.129639e-12[39m
     54 Linear |R| = [33m8.084146e-12[39m
     55 Linear |R| = [32m4.350887e-12[39m
     56 Linear |R| = [33m4.295917e-12[39m
     57 Linear |R| = [32m2.600011e-12[39m
     58 Linear |R| = [32m2.280112e-12[39m
     59 Linear |R| = [32m1.564844e-12[39m
     60 Linear |R| = [32m1.097813e-12[39m
     61 Linear |R| = [33m1.092631e-12[39m
     62 Linear |R| = [33m1.092196e-12[39m
     63 Linear |R| = [33m1.090432e-12[39m
     64 Linear |R| = [33m1.077413e-12[39m
     65 Linear |R| = [33m1.070369e-12[39m
     66 Linear |R| = [33m1.067031e-12[39m
     67 Linear |R| = [33m1.063938e-12[39m
     68 Linear |R| = [32m9.743540e-13[39m
     69 Linear |R| = [32m8.433556e-13[39m
     70 Linear |R| = [33m8.431641e-13[39m
     71 Linear |R| = [32m6.409331e-13[39m
     72 Linear |R| = [33m6.352059e-13[39m
     73 Linear |R| = [32m5.398855e-13[39m
     74 Linear |R| = [33m5.328558e-13[39m
     75 Linear |R| = [32m4.247550e-13[39m
     76 Linear |R| = [33m4.139046e-13[39m
     77 Linear |R| = [32m2.684581e-13[39m
     78 Linear |R| = [33m2.676568e-13[39m
     79 Linear |R| = [32m1.941539e-13[39m
     80 Linear |R| = [33m1.918682e-13[39m
     81 Linear |R| = [32m1.011065e-13[39m
     82 Linear |R| = [32m8.964007e-14[39m
     83 Linear |R| = [32m5.996337e-14[39m
     84 Linear |R| = [32m5.135512e-14[39m
     85 Linear |R| = [32m2.912434e-14[39m
     86 Linear |R| = [32m2.439937e-14[39m
     87 Linear |R| = [32m1.602569e-14[39m
     88 Linear |R| = [32m1.235723e-14[39m
     89 Linear |R| = [32m5.705740e-15[39m
     90 Linear |R| = [31m3.263607e-14[39m
     91 Linear |R| = [32m1.679111e-14[39m
     92 Linear |R| = [33m1.678951e-14[39m
     93 Linear |R| = [32m1.409035e-14[39m
     94 Linear |R| = [32m1.325941e-14[39m
     95 Linear |R| = [33m1.284765e-14[39m
     96 Linear |R| = [33m1.284765e-14[39m
     97 Linear |R| = [32m1.038411e-14[39m
     98 Linear |R| = [32m8.846105e-15[39m
     99 Linear |R| = [33m8.419073e-15[39m
    100 Linear |R| = [33m8.119839e-15[39m
    101 Linear |R| = [32m5.345612e-15[39m
    102 Linear |R| = [32m5.053289e-15[39m
    103 Linear |R| = [32m3.675206e-15[39m
    104 Linear |R| = [32m3.198568e-15[39m
    105 Linear |R| = [32m2.611301e-15[39m
    106 Linear |R| = [32m2.085089e-15[39m
    107 Linear |R| = [32m1.764500e-15[39m
    108 Linear |R| = [32m1.615698e-15[39m
    109 Linear |R| = [32m8.475026e-16[39m
 1 Nonlinear |R| = [32m3.078151e-14[39m
[32m Solve Converged![39m

Postprocessor Values:
+----------------+----------------+----------------+----------------+----------------+----------------+----------------+
| time           | J_max          | J_min          | Jbar_max       | Jbar_min       | center_pressure| edge_ux        |
+----------------+----------------+----------------+----------------+----------------+----------------+----------------+
:                :                :                :                :                :                :                :
|   5.200000e-02 |   9.999776e-01 |   9.999650e-01 |   9.999844e-01 |   9.999807e-01 |   4.218604e-05 |   1.991393e-05 |
|   5.400000e-02 |   9.999773e-01 |   9.999649e-01 |   9.999844e-01 |   9.999807e-01 |   4.159594e-05 |   1.981210e-05 |
|   5.600000e-02 |   9.999771e-01 |   9.999648e-01 |   9.999843e-01 |   9.999807e-01 |   4.100764e-05 |   1.971209e-05 |
|   5.800000e-02 |   9.999768e-01 |   9.999648e-01 |   9.999843e-01 |   9.999807e-01 |   4.042214e-05 |   1.961383e-05 |
|   6.000000e-02 |   9.999766e-01 |   9.999647e-01 |   9.999843e-01 |   9.999807e-01 |   3.984025e-05 |   1.951727e-05 |
|   6.200000e-02 |   9.999763e-01 |   9.999646e-01 |   9.999842e-01 |   9.999808e-01 |   3.926268e-05 |   1.942235e-05 |
|   6.400000e-02 |   9.999761e-01 |   9.999646e-01 |   9.999842e-01 |   9.999808e-01 |   3.868999e-05 |   1.932903e-05 |
|   6.600000e-02 |   9.999759e-01 |   9.999645e-01 |   9.999842e-01 |   9.999808e-01 |   3.812268e-05 |   1.923724e-05 |
|   6.800000e-02 |   9.999756e-01 |   9.999644e-01 |   9.999841e-01 |   9.999808e-01 |   3.756112e-05 |   1.914696e-05 |
|   7.000000e-02 |   9.999754e-01 |   9.999643e-01 |   9.999841e-01 |   9.999808e-01 |   3.700565e-05 |   1.905815e-05 |
|   7.200000e-02 |   9.999752e-01 |   9.999643e-01 |   9.999841e-01 |   9.999809e-01 |   3.645651e-05 |   1.897076e-05 |
|   7.400000e-02 |   9.999749e-01 |   9.999642e-01 |   9.999841e-01 |   9.999809e-01 |   3.591390e-05 |   1.888477e-05 |
|   7.600000e-02 |   9.999747e-01 |   9.999641e-01 |   9.999840e-01 |   9.999809e-01 |   3.537799e-05 |   1.880015e-05 |
|   7.800000e-02 |   9.999745e-01 |   9.999641e-01 |   9.999840e-01 |   9.999809e-01 |   3.484890e-05 |   1.871686e-05 |
|   8.000000e-02 |   9.999743e-01 |   9.999640e-01 |   9.999840e-01 |   9.999809e-01 |   3.432670e-05 |   1.863487e-05 |
+----------------+----------------+----------------+----------------+----------------+----------------+----------------+
+----------------+----------------+----------------+------------------+----------------+----------------+
| time           | mass           | mass_reaction  | outflow_gradient | platen_max     | platen_min     |
+----------------+----------------+----------------+------------------+----------------+----------------+
:                :                :                :                  :                :                :
|   5.200000e-02 |   9.998972e-03 |  -1.081662e-05 |     1.078463e-05 |  -4.675273e-06 |  -4.675273e-06 |
|   5.400000e-02 |   9.998951e-03 |  -1.061852e-05 |     1.058719e-05 |  -4.685457e-06 |  -4.685457e-06 |
|   5.600000e-02 |   9.998930e-03 |  -1.042831e-05 |     1.039760e-05 |  -4.695458e-06 |  -4.695458e-06 |
|   5.800000e-02 |   9.998910e-03 |  -1.024515e-05 |     1.021503e-05 |  -4.705283e-06 |  -4.705283e-06 |
|   6.000000e-02 |   9.998890e-03 |  -1.006834e-05 |     1.003879e-05 |  -4.714939e-06 |  -4.714939e-06 |
|   6.200000e-02 |   9.998870e-03 |  -9.897270e-06 |     9.868250e-06 |  -4.724431e-06 |  -4.724431e-06 |
|   6.400000e-02 |   9.998850e-03 |  -9.731405e-06 |     9.702903e-06 |  -4.733764e-06 |  -4.733764e-06 |
|   6.600000e-02 |   9.998831e-03 |  -9.570295e-06 |     9.542292e-06 |  -4.742942e-06 |  -4.742942e-06 |
|   6.800000e-02 |   9.998812e-03 |  -9.413546e-06 |     9.386025e-06 |  -4.751970e-06 |  -4.751970e-06 |
|   7.000000e-02 |   9.998794e-03 |  -9.260818e-06 |     9.233764e-06 |  -4.760852e-06 |  -4.760852e-06 |
|   7.200000e-02 |   9.998776e-03 |  -9.111814e-06 |     9.085212e-06 |  -4.769591e-06 |  -4.769591e-06 |
|   7.400000e-02 |   9.998758e-03 |  -8.966276e-06 |     8.940114e-06 |  -4.778190e-06 |  -4.778190e-06 |
|   7.600000e-02 |   9.998740e-03 |  -8.823980e-06 |     8.798246e-06 |  -4.786652e-06 |  -4.786652e-06 |
|   7.800000e-02 |   9.998723e-03 |  -8.684729e-06 |     8.659411e-06 |  -4.794981e-06 |  -4.794981e-06 |
|   8.000000e-02 |   9.998706e-03 |  -8.548349e-06 |     8.523439e-06 |  -4.803179e-06 |  -4.803179e-06 |
+----------------+----------------+----------------+------------------+----------------+----------------+
+----------------+--------------------+--------------------+----------------+----------------+----------------+
| time           | solid_fraction_max | solid_fraction_min | stability_max  | stability_min  | top_reaction   |
+----------------+--------------------+--------------------+----------------+----------------+----------------+
:                :                    :                    :                :                :                :
|   5.200000e-02 |       9.000175e-01 |       9.000028e-01 |   2.500000e+00 |   2.500000e+00 |  -1.000000e-04 |
|   5.400000e-02 |       9.000175e-01 |       9.000030e-01 |   2.500000e+00 |   2.500000e+00 |  -1.000000e-04 |
|   5.600000e-02 |       9.000175e-01 |       9.000033e-01 |   2.500000e+00 |   2.500000e+00 |  -1.000000e-04 |
|   5.800000e-02 |       9.000176e-01 |       9.000035e-01 |   2.500000e+00 |   2.500000e+00 |  -1.000000e-04 |
|   6.000000e-02 |       9.000176e-01 |       9.000037e-01 |   2.500000e+00 |   2.500000e+00 |  -1.000000e-04 |
|   6.200000e-02 |       9.000177e-01 |       9.000040e-01 |   2.500000e+00 |   2.500000e+00 |  -1.000000e-04 |
|   6.400000e-02 |       9.000177e-01 |       9.000042e-01 |   2.500000e+00 |   2.500000e+00 |  -1.000000e-04 |
|   6.600000e-02 |       9.000177e-01 |       9.000044e-01 |   2.500000e+00 |   2.500000e+00 |  -1.000000e-04 |
|   6.800000e-02 |       9.000178e-01 |       9.000047e-01 |   2.500000e+00 |   2.500000e+00 |  -1.000000e-04 |
|   7.000000e-02 |       9.000178e-01 |       9.000049e-01 |   2.500000e+00 |   2.500000e+00 |  -1.000000e-04 |
|   7.200000e-02 |       9.000178e-01 |       9.000051e-01 |   2.500000e+00 |   2.500000e+00 |  -1.000000e-04 |
|   7.400000e-02 |       9.000179e-01 |       9.000053e-01 |   2.500000e+00 |   2.500000e+00 |  -1.000000e-04 |
|   7.600000e-02 |       9.000179e-01 |       9.000056e-01 |   2.500000e+00 |   2.500000e+00 |  -1.000000e-04 |
|   7.800000e-02 |       9.000179e-01 |       9.000058e-01 |   2.500000e+00 |   2.500000e+00 |  -1.000000e-04 |
|   8.000000e-02 |       9.000180e-01 |       9.000060e-01 |   2.500000e+00 |   2.500000e+00 |  -1.000000e-04 |
+----------------+--------------------+--------------------+----------------+----------------+----------------+


Time Step 41, time = 0.082, dt = 0.002
 * Nonlinear |R| = [32m8.757674e-07[39m (Before preset BCs, predictors, correctors, and constraints)
 0 Nonlinear |R| = [32m8.757674e-07[39m
      0 Linear |R| = [32m8.757674e-07[39m
      1 Linear |R| = [32m1.755471e-07[39m
      2 Linear |R| = [33m1.754048e-07[39m
      3 Linear |R| = [33m1.704372e-07[39m
      4 Linear |R| = [32m1.480680e-07[39m
      5 Linear |R| = [32m1.260122e-07[39m
      6 Linear |R| = [32m1.159843e-07[39m
      7 Linear |R| = [33m1.115159e-07[39m
      8 Linear |R| = [32m9.847045e-08[39m
      9 Linear |R| = [32m6.277592e-08[39m
     10 Linear |R| = [32m4.872290e-08[39m
     11 Linear |R| = [33m4.799103e-08[39m
     12 Linear |R| = [32m2.802207e-08[39m
     13 Linear |R| = [33m2.796935e-08[39m
     14 Linear |R| = [32m1.892992e-08[39m
     15 Linear |R| = [33m1.828951e-08[39m
     16 Linear |R| = [32m1.333262e-08[39m
     17 Linear |R| = [32m1.203643e-08[39m
     18 Linear |R| = [32m8.011147e-09[39m
     19 Linear |R| = [33m7.859508e-09[39m
     20 Linear |R| = [32m5.759111e-09[39m
     21 Linear |R| = [32m4.478208e-09[39m
     22 Linear |R| = [32m3.464488e-09[39m
     23 Linear |R| = [32m2.612317e-09[39m
     24 Linear |R| = [32m1.825349e-09[39m
     25 Linear |R| = [32m8.985278e-10[39m
     26 Linear |R| = [33m8.584288e-10[39m
     27 Linear |R| = [32m4.027828e-10[39m
     28 Linear |R| = [33m3.932295e-10[39m
     29 Linear |R| = [32m2.149711e-10[39m
     30 Linear |R| = [33m2.088695e-10[39m
     31 Linear |R| = [33m2.035508e-10[39m
     32 Linear |R| = [33m2.022048e-10[39m
     33 Linear |R| = [33m2.014132e-10[39m
     34 Linear |R| = [33m1.915333e-10[39m
     35 Linear |R| = [32m1.490409e-10[39m
     36 Linear |R| = [33m1.478647e-10[39m
     37 Linear |R| = [33m1.474538e-10[39m
     38 Linear |R| = [33m1.425513e-10[39m
     39 Linear |R| = [33m1.425309e-10[39m
     40 Linear |R| = [32m1.310523e-10[39m
     41 Linear |R| = [32m1.227591e-10[39m
     42 Linear |R| = [32m9.669627e-11[39m
     43 Linear |R| = [33m9.324284e-11[39m
     44 Linear |R| = [32m7.199839e-11[39m
     45 Linear |R| = [32m6.184543e-11[39m
     46 Linear |R| = [32m4.412101e-11[39m
     47 Linear |R| = [33m4.356578e-11[39m
     48 Linear |R| = [32m3.129802e-11[39m
     49 Linear |R| = [32m2.319630e-11[39m
     50 Linear |R| = [32m2.136212e-11[39m
     51 Linear |R| = [32m1.494129e-11[39m
     52 Linear |R| = [33m1.489292e-11[39m
     53 Linear |R| = [32m8.030996e-12[39m
     54 Linear |R| = [33m7.997403e-12[39m
     55 Linear |R| = [32m4.313735e-12[39m
     56 Linear |R| = [33m4.259033e-12[39m
     57 Linear |R| = [32m2.578921e-12[39m
     58 Linear |R| = [32m2.267086e-12[39m
     59 Linear |R| = [32m1.577579e-12[39m
     60 Linear |R| = [32m1.090544e-12[39m
     61 Linear |R| = [33m1.086055e-12[39m
     62 Linear |R| = [33m1.085545e-12[39m
     63 Linear |R| = [33m1.084056e-12[39m
     64 Linear |R| = [33m1.070357e-12[39m
     65 Linear |R| = [33m1.064005e-12[39m
     66 Linear |R| = [33m1.060868e-12[39m
     67 Linear |R| = [33m1.057673e-12[39m
     68 Linear |R| = [32m9.714868e-13[39m
     69 Linear |R| = [32m8.380200e-13[39m
     70 Linear |R| = [33m8.379246e-13[39m
     71 Linear |R| = [32m6.371552e-13[39m
     72 Linear |R| = [33m6.331810e-13[39m
     73 Linear |R| = [32m5.363821e-13[39m
     74 Linear |R| = [33m5.308489e-13[39m
     75 Linear |R| = [32m4.223706e-13[39m
     76 Linear |R| = [33m4.106968e-13[39m
     77 Linear |R| = [32m2.680430e-13[39m
     78 Linear |R| = [33m2.668362e-13[39m
     79 Linear |R| = [32m1.940631e-13[39m
     80 Linear |R| = [33m1.910136e-13[39m
     81 Linear |R| = [32m1.007996e-13[39m
     82 Linear |R| = [32m8.903021e-14[39m
     83 Linear |R| = [32m5.978752e-14[39m
     84 Linear |R| = [32m5.102751e-14[39m
     85 Linear |R| = [32m2.919978e-14[39m
     86 Linear |R| = [32m2.431320e-14[39m
     87 Linear |R| = [32m1.609164e-14[39m
     88 Linear |R| = [32m1.227316e-14[39m
     89 Linear |R| = [32m5.624742e-15[39m
     90 Linear |R| = [31m3.230120e-14[39m
     91 Linear |R| = [32m1.797915e-14[39m
     92 Linear |R| = [33m1.792357e-14[39m
     93 Linear |R| = [32m1.519203e-14[39m
     94 Linear |R| = [33m1.502897e-14[39m
     95 Linear |R| = [33m1.479877e-14[39m
     96 Linear |R| = [33m1.429379e-14[39m
     97 Linear |R| = [32m1.074284e-14[39m
     98 Linear |R| = [33m1.073263e-14[39m
     99 Linear |R| = [32m9.176234e-15[39m
    100 Linear |R| = [33m9.026575e-15[39m
    101 Linear |R| = [32m6.316043e-15[39m
    102 Linear |R| = [33m6.095928e-15[39m
    103 Linear |R| = [32m4.983441e-15[39m
    104 Linear |R| = [32m4.251757e-15[39m
    105 Linear |R| = [32m3.758972e-15[39m
    106 Linear |R| = [32m3.540130e-15[39m
    107 Linear |R| = [32m2.222065e-15[39m
    108 Linear |R| = [33m2.153846e-15[39m
    109 Linear |R| = [32m9.956153e-16[39m
    110 Linear |R| = [33m9.936066e-16[39m
    111 Linear |R| = [32m4.099936e-16[39m
 1 Nonlinear |R| = [32m3.188467e-14[39m
[32m Solve Converged![39m

Postprocessor Values:
+----------------+----------------+----------------+----------------+----------------+----------------+----------------+
| time           | J_max          | J_min          | Jbar_max       | Jbar_min       | center_pressure| edge_ux        |
+----------------+----------------+----------------+----------------+----------------+----------------+----------------+
:                :                :                :                :                :                :                :
|   5.400000e-02 |   9.999773e-01 |   9.999649e-01 |   9.999844e-01 |   9.999807e-01 |   4.159594e-05 |   1.981210e-05 |
|   5.600000e-02 |   9.999771e-01 |   9.999648e-01 |   9.999843e-01 |   9.999807e-01 |   4.100764e-05 |   1.971209e-05 |
|   5.800000e-02 |   9.999768e-01 |   9.999648e-01 |   9.999843e-01 |   9.999807e-01 |   4.042214e-05 |   1.961383e-05 |
|   6.000000e-02 |   9.999766e-01 |   9.999647e-01 |   9.999843e-01 |   9.999807e-01 |   3.984025e-05 |   1.951727e-05 |
|   6.200000e-02 |   9.999763e-01 |   9.999646e-01 |   9.999842e-01 |   9.999808e-01 |   3.926268e-05 |   1.942235e-05 |
|   6.400000e-02 |   9.999761e-01 |   9.999646e-01 |   9.999842e-01 |   9.999808e-01 |   3.868999e-05 |   1.932903e-05 |
|   6.600000e-02 |   9.999759e-01 |   9.999645e-01 |   9.999842e-01 |   9.999808e-01 |   3.812268e-05 |   1.923724e-05 |
|   6.800000e-02 |   9.999756e-01 |   9.999644e-01 |   9.999841e-01 |   9.999808e-01 |   3.756112e-05 |   1.914696e-05 |
|   7.000000e-02 |   9.999754e-01 |   9.999643e-01 |   9.999841e-01 |   9.999808e-01 |   3.700565e-05 |   1.905815e-05 |
|   7.200000e-02 |   9.999752e-01 |   9.999643e-01 |   9.999841e-01 |   9.999809e-01 |   3.645651e-05 |   1.897076e-05 |
|   7.400000e-02 |   9.999749e-01 |   9.999642e-01 |   9.999841e-01 |   9.999809e-01 |   3.591390e-05 |   1.888477e-05 |
|   7.600000e-02 |   9.999747e-01 |   9.999641e-01 |   9.999840e-01 |   9.999809e-01 |   3.537799e-05 |   1.880015e-05 |
|   7.800000e-02 |   9.999745e-01 |   9.999641e-01 |   9.999840e-01 |   9.999809e-01 |   3.484890e-05 |   1.871686e-05 |
|   8.000000e-02 |   9.999743e-01 |   9.999640e-01 |   9.999840e-01 |   9.999809e-01 |   3.432670e-05 |   1.863487e-05 |
|   8.200000e-02 |   9.999741e-01 |   9.999640e-01 |   9.999839e-01 |   9.999810e-01 |   3.381146e-05 |   1.855417e-05 |
+----------------+----------------+----------------+----------------+----------------+----------------+----------------+
+----------------+----------------+----------------+------------------+----------------+----------------+
| time           | mass           | mass_reaction  | outflow_gradient | platen_max     | platen_min     |
+----------------+----------------+----------------+------------------+----------------+----------------+
:                :                :                :                  :                :                :
|   5.400000e-02 |   9.998951e-03 |  -1.061852e-05 |     1.058719e-05 |  -4.685457e-06 |  -4.685457e-06 |
|   5.600000e-02 |   9.998930e-03 |  -1.042831e-05 |     1.039760e-05 |  -4.695458e-06 |  -4.695458e-06 |
|   5.800000e-02 |   9.998910e-03 |  -1.024515e-05 |     1.021503e-05 |  -4.705283e-06 |  -4.705283e-06 |
|   6.000000e-02 |   9.998890e-03 |  -1.006834e-05 |     1.003879e-05 |  -4.714939e-06 |  -4.714939e-06 |
|   6.200000e-02 |   9.998870e-03 |  -9.897270e-06 |     9.868250e-06 |  -4.724431e-06 |  -4.724431e-06 |
|   6.400000e-02 |   9.998850e-03 |  -9.731405e-06 |     9.702903e-06 |  -4.733764e-06 |  -4.733764e-06 |
|   6.600000e-02 |   9.998831e-03 |  -9.570295e-06 |     9.542292e-06 |  -4.742942e-06 |  -4.742942e-06 |
|   6.800000e-02 |   9.998812e-03 |  -9.413546e-06 |     9.386025e-06 |  -4.751970e-06 |  -4.751970e-06 |
|   7.000000e-02 |   9.998794e-03 |  -9.260818e-06 |     9.233764e-06 |  -4.760852e-06 |  -4.760852e-06 |
|   7.200000e-02 |   9.998776e-03 |  -9.111814e-06 |     9.085212e-06 |  -4.769591e-06 |  -4.769591e-06 |
|   7.400000e-02 |   9.998758e-03 |  -8.966276e-06 |     8.940114e-06 |  -4.778190e-06 |  -4.778190e-06 |
|   7.600000e-02 |   9.998740e-03 |  -8.823980e-06 |     8.798246e-06 |  -4.786652e-06 |  -4.786652e-06 |
|   7.800000e-02 |   9.998723e-03 |  -8.684729e-06 |     8.659411e-06 |  -4.794981e-06 |  -4.794981e-06 |
|   8.000000e-02 |   9.998706e-03 |  -8.548349e-06 |     8.523439e-06 |  -4.803179e-06 |  -4.803179e-06 |
|   8.200000e-02 |   9.998689e-03 |  -8.414690e-06 |     8.390176e-06 |  -4.811249e-06 |  -4.811249e-06 |
+----------------+----------------+----------------+------------------+----------------+----------------+
+----------------+--------------------+--------------------+----------------+----------------+----------------+
| time           | solid_fraction_max | solid_fraction_min | stability_max  | stability_min  | top_reaction   |
+----------------+--------------------+--------------------+----------------+----------------+----------------+
:                :                    :                    :                :                :                :
|   5.400000e-02 |       9.000175e-01 |       9.000030e-01 |   2.500000e+00 |   2.500000e+00 |  -1.000000e-04 |
|   5.600000e-02 |       9.000175e-01 |       9.000033e-01 |   2.500000e+00 |   2.500000e+00 |  -1.000000e-04 |
|   5.800000e-02 |       9.000176e-01 |       9.000035e-01 |   2.500000e+00 |   2.500000e+00 |  -1.000000e-04 |
|   6.000000e-02 |       9.000176e-01 |       9.000037e-01 |   2.500000e+00 |   2.500000e+00 |  -1.000000e-04 |
|   6.200000e-02 |       9.000177e-01 |       9.000040e-01 |   2.500000e+00 |   2.500000e+00 |  -1.000000e-04 |
|   6.400000e-02 |       9.000177e-01 |       9.000042e-01 |   2.500000e+00 |   2.500000e+00 |  -1.000000e-04 |
|   6.600000e-02 |       9.000177e-01 |       9.000044e-01 |   2.500000e+00 |   2.500000e+00 |  -1.000000e-04 |
|   6.800000e-02 |       9.000178e-01 |       9.000047e-01 |   2.500000e+00 |   2.500000e+00 |  -1.000000e-04 |
|   7.000000e-02 |       9.000178e-01 |       9.000049e-01 |   2.500000e+00 |   2.500000e+00 |  -1.000000e-04 |
|   7.200000e-02 |       9.000178e-01 |       9.000051e-01 |   2.500000e+00 |   2.500000e+00 |  -1.000000e-04 |
|   7.400000e-02 |       9.000179e-01 |       9.000053e-01 |   2.500000e+00 |   2.500000e+00 |  -1.000000e-04 |
|   7.600000e-02 |       9.000179e-01 |       9.000056e-01 |   2.500000e+00 |   2.500000e+00 |  -1.000000e-04 |
|   7.800000e-02 |       9.000179e-01 |       9.000058e-01 |   2.500000e+00 |   2.500000e+00 |  -1.000000e-04 |
|   8.000000e-02 |       9.000180e-01 |       9.000060e-01 |   2.500000e+00 |   2.500000e+00 |  -1.000000e-04 |
|   8.200000e-02 |       9.000180e-01 |       9.000062e-01 |   2.500000e+00 |   2.500000e+00 |  -1.000000e-04 |
+----------------+--------------------+--------------------+----------------+----------------+----------------+


Time Step 42, time = 0.084, dt = 0.002
 * Nonlinear |R| = [32m8.623694e-07[39m (Before preset BCs, predictors, correctors, and constraints)
 0 Nonlinear |R| = [32m8.623694e-07[39m
      0 Linear |R| = [32m8.623694e-07[39m
      1 Linear |R| = [32m1.726828e-07[39m
      2 Linear |R| = [33m1.725388e-07[39m
      3 Linear |R| = [33m1.676850e-07[39m
      4 Linear |R| = [32m1.458105e-07[39m
      5 Linear |R| = [32m1.240700e-07[39m
      6 Linear |R| = [32m1.141983e-07[39m
      7 Linear |R| = [33m1.098036e-07[39m
      8 Linear |R| = [32m9.694902e-08[39m
      9 Linear |R| = [32m6.065989e-08[39m
     10 Linear |R| = [32m4.797252e-08[39m
     11 Linear |R| = [33m4.720776e-08[39m
     12 Linear |R| = [32m2.761023e-08[39m
     13 Linear |R| = [33m2.755855e-08[39m
     14 Linear |R| = [32m1.864054e-08[39m
     15 Linear |R| = [33m1.801486e-08[39m
     16 Linear |R| = [32m1.312920e-08[39m
     17 Linear |R| = [32m1.185159e-08[39m
     18 Linear |R| = [32m7.885548e-09[39m
     19 Linear |R| = [33m7.734798e-09[39m
     20 Linear |R| = [32m5.668938e-09[39m
     21 Linear |R| = [32m4.393549e-09[39m
     22 Linear |R| = [32m3.410121e-09[39m
     23 Linear |R| = [32m2.569539e-09[39m
     24 Linear |R| = [32m1.796806e-09[39m
     25 Linear |R| = [32m8.851346e-10[39m
     26 Linear |R| = [33m8.453347e-10[39m
     27 Linear |R| = [32m3.981659e-10[39m
     28 Linear |R| = [33m3.901752e-10[39m
     29 Linear |R| = [32m2.118810e-10[39m
     30 Linear |R| = [33m2.062088e-10[39m
     31 Linear |R| = [33m2.012484e-10[39m
     32 Linear |R| = [33m1.999028e-10[39m
     33 Linear |R| = [33m1.991359e-10[39m
     34 Linear |R| = [33m1.892396e-10[39m
     35 Linear |R| = [32m1.469777e-10[39m
     36 Linear |R| = [33m1.458530e-10[39m
     37 Linear |R| = [33m1.454631e-10[39m
     38 Linear |R| = [33m1.406896e-10[39m
     39 Linear |R| = [33m1.406768e-10[39m
     40 Linear |R| = [32m1.293445e-10[39m
     41 Linear |R| = [32m1.206788e-10[39m
     42 Linear |R| = [32m9.523532e-11[39m
     43 Linear |R| = [33m9.174752e-11[39m
     44 Linear |R| = [32m7.126165e-11[39m
     45 Linear |R| = [32m6.107020e-11[39m
     46 Linear |R| = [32m4.356571e-11[39m
     47 Linear |R| = [33m4.304092e-11[39m
     48 Linear |R| = [32m3.088053e-11[39m
     49 Linear |R| = [32m2.285392e-11[39m
     50 Linear |R| = [32m2.096947e-11[39m
     51 Linear |R| = [32m1.480050e-11[39m
     52 Linear |R| = [33m1.475126e-11[39m
     53 Linear |R| = [32m7.927838e-12[39m
     54 Linear |R| = [33m7.902549e-12[39m
     55 Linear |R| = [32m4.270586e-12[39m
     56 Linear |R| = [33m4.216140e-12[39m
     57 Linear |R| = [32m2.554128e-12[39m
     58 Linear |R| = [32m2.249667e-12[39m
     59 Linear |R| = [32m1.571702e-12[39m
     60 Linear |R| = [32m1.080835e-12[39m
     61 Linear |R| = [33m1.076448e-12[39m
     62 Linear |R| = [33m1.075870e-12[39m
     63 Linear |R| = [33m1.074514e-12[39m
     64 Linear |R| = [33m1.060208e-12[39m
     65 Linear |R| = [33m1.054134e-12[39m
     66 Linear |R| = [33m1.051330e-12[39m
     67 Linear |R| = [33m1.048237e-12[39m
     68 Linear |R| = [32m9.636490e-13[39m
     69 Linear |R| = [32m8.311120e-13[39m
     70 Linear |R| = [33m8.310464e-13[39m
     71 Linear |R| = [32m6.292947e-13[39m
     72 Linear |R| = [33m6.259715e-13[39m
     73 Linear |R| = [32m5.313636e-13[39m
     74 Linear |R| = [33m5.260918e-13[39m
     75 Linear |R| = [32m4.194323e-13[39m
     76 Linear |R| = [33m4.078689e-13[39m
     77 Linear |R| = [32m2.661901e-13[39m
     78 Linear |R| = [33m2.650493e-13[39m
     79 Linear |R| = [32m1.922871e-13[39m
     80 Linear |R| = [33m1.892486e-13[39m
     81 Linear |R| = [32m9.995053e-14[39m
     82 Linear |R| = [32m8.837201e-14[39m
     83 Linear |R| = [32m5.930594e-14[39m
     84 Linear |R| = [32m5.065689e-14[39m
     85 Linear |R| = [32m2.895177e-14[39m
     86 Linear |R| = [32m2.411644e-14[39m
     87 Linear |R| = [32m1.595797e-14[39m
     88 Linear |R| = [32m1.214107e-14[39m
     89 Linear |R| = [32m5.508382e-15[39m
     90 Linear |R| = [31m3.087846e-14[39m
     91 Linear |R| = [32m1.729287e-14[39m
     92 Linear |R| = [33m1.698019e-14[39m
     93 Linear |R| = [32m1.188355e-14[39m
     94 Linear |R| = [32m1.100935e-14[39m
     95 Linear |R| = [33m1.099209e-14[39m
     96 Linear |R| = [32m7.718764e-15[39m
     97 Linear |R| = [33m7.636841e-15[39m
     98 Linear |R| = [32m4.899146e-15[39m
     99 Linear |R| = [32m4.401692e-15[39m
    100 Linear |R| = [32m3.988691e-15[39m
    101 Linear |R| = [33m3.986584e-15[39m
    102 Linear |R| = [33m3.973471e-15[39m
    103 Linear |R| = [32m3.054771e-15[39m
    104 Linear |R| = [33m3.013518e-15[39m
    105 Linear |R| = [32m1.852661e-15[39m
    106 Linear |R| = [32m1.695459e-15[39m
    107 Linear |R| = [32m1.185526e-15[39m
    108 Linear |R| = [33m1.171397e-15[39m
    109 Linear |R| = [32m7.011588e-16[39m
 1 Nonlinear |R| = [32m3.222799e-14[39m
[32m Solve Converged![39m

Postprocessor Values:
+----------------+----------------+----------------+----------------+----------------+----------------+----------------+
| time           | J_max          | J_min          | Jbar_max       | Jbar_min       | center_pressure| edge_ux        |
+----------------+----------------+----------------+----------------+----------------+----------------+----------------+
:                :                :                :                :                :                :                :
|   5.600000e-02 |   9.999771e-01 |   9.999648e-01 |   9.999843e-01 |   9.999807e-01 |   4.100764e-05 |   1.971209e-05 |
|   5.800000e-02 |   9.999768e-01 |   9.999648e-01 |   9.999843e-01 |   9.999807e-01 |   4.042214e-05 |   1.961383e-05 |
|   6.000000e-02 |   9.999766e-01 |   9.999647e-01 |   9.999843e-01 |   9.999807e-01 |   3.984025e-05 |   1.951727e-05 |
|   6.200000e-02 |   9.999763e-01 |   9.999646e-01 |   9.999842e-01 |   9.999808e-01 |   3.926268e-05 |   1.942235e-05 |
|   6.400000e-02 |   9.999761e-01 |   9.999646e-01 |   9.999842e-01 |   9.999808e-01 |   3.868999e-05 |   1.932903e-05 |
|   6.600000e-02 |   9.999759e-01 |   9.999645e-01 |   9.999842e-01 |   9.999808e-01 |   3.812268e-05 |   1.923724e-05 |
|   6.800000e-02 |   9.999756e-01 |   9.999644e-01 |   9.999841e-01 |   9.999808e-01 |   3.756112e-05 |   1.914696e-05 |
|   7.000000e-02 |   9.999754e-01 |   9.999643e-01 |   9.999841e-01 |   9.999808e-01 |   3.700565e-05 |   1.905815e-05 |
|   7.200000e-02 |   9.999752e-01 |   9.999643e-01 |   9.999841e-01 |   9.999809e-01 |   3.645651e-05 |   1.897076e-05 |
|   7.400000e-02 |   9.999749e-01 |   9.999642e-01 |   9.999841e-01 |   9.999809e-01 |   3.591390e-05 |   1.888477e-05 |
|   7.600000e-02 |   9.999747e-01 |   9.999641e-01 |   9.999840e-01 |   9.999809e-01 |   3.537799e-05 |   1.880015e-05 |
|   7.800000e-02 |   9.999745e-01 |   9.999641e-01 |   9.999840e-01 |   9.999809e-01 |   3.484890e-05 |   1.871686e-05 |
|   8.000000e-02 |   9.999743e-01 |   9.999640e-01 |   9.999840e-01 |   9.999809e-01 |   3.432670e-05 |   1.863487e-05 |
|   8.200000e-02 |   9.999741e-01 |   9.999640e-01 |   9.999839e-01 |   9.999810e-01 |   3.381146e-05 |   1.855417e-05 |
|   8.400000e-02 |   9.999738e-01 |   9.999639e-01 |   9.999839e-01 |   9.999810e-01 |   3.330321e-05 |   1.847473e-05 |
+----------------+----------------+----------------+----------------+----------------+----------------+----------------+
+----------------+----------------+----------------+------------------+----------------+----------------+
| time           | mass           | mass_reaction  | outflow_gradient | platen_max     | platen_min     |
+----------------+----------------+----------------+------------------+----------------+----------------+
:                :                :                :                  :                :                :
|   5.600000e-02 |   9.998930e-03 |  -1.042831e-05 |     1.039760e-05 |  -4.695458e-06 |  -4.695458e-06 |
|   5.800000e-02 |   9.998910e-03 |  -1.024515e-05 |     1.021503e-05 |  -4.705283e-06 |  -4.705283e-06 |
|   6.000000e-02 |   9.998890e-03 |  -1.006834e-05 |     1.003879e-05 |  -4.714939e-06 |  -4.714939e-06 |
|   6.200000e-02 |   9.998870e-03 |  -9.897270e-06 |     9.868250e-06 |  -4.724431e-06 |  -4.724431e-06 |
|   6.400000e-02 |   9.998850e-03 |  -9.731405e-06 |     9.702903e-06 |  -4.733764e-06 |  -4.733764e-06 |
|   6.600000e-02 |   9.998831e-03 |  -9.570295e-06 |     9.542292e-06 |  -4.742942e-06 |  -4.742942e-06 |
|   6.800000e-02 |   9.998812e-03 |  -9.413546e-06 |     9.386025e-06 |  -4.751970e-06 |  -4.751970e-06 |
|   7.000000e-02 |   9.998794e-03 |  -9.260818e-06 |     9.233764e-06 |  -4.760852e-06 |  -4.760852e-06 |
|   7.200000e-02 |   9.998776e-03 |  -9.111814e-06 |     9.085212e-06 |  -4.769591e-06 |  -4.769591e-06 |
|   7.400000e-02 |   9.998758e-03 |  -8.966276e-06 |     8.940114e-06 |  -4.778190e-06 |  -4.778190e-06 |
|   7.600000e-02 |   9.998740e-03 |  -8.823980e-06 |     8.798246e-06 |  -4.786652e-06 |  -4.786652e-06 |
|   7.800000e-02 |   9.998723e-03 |  -8.684729e-06 |     8.659411e-06 |  -4.794981e-06 |  -4.794981e-06 |
|   8.000000e-02 |   9.998706e-03 |  -8.548349e-06 |     8.523439e-06 |  -4.803179e-06 |  -4.803179e-06 |
|   8.200000e-02 |   9.998689e-03 |  -8.414690e-06 |     8.390176e-06 |  -4.811249e-06 |  -4.811249e-06 |
|   8.400000e-02 |   9.998672e-03 |  -8.283616e-06 |     8.259491e-06 |  -4.819194e-06 |  -4.819194e-06 |
+----------------+----------------+----------------+------------------+----------------+----------------+
+----------------+--------------------+--------------------+----------------+----------------+----------------+
| time           | solid_fraction_max | solid_fraction_min | stability_max  | stability_min  | top_reaction   |
+----------------+--------------------+--------------------+----------------+----------------+----------------+
:                :                    :                    :                :                :                :
|   5.600000e-02 |       9.000175e-01 |       9.000033e-01 |   2.500000e+00 |   2.500000e+00 |  -1.000000e-04 |
|   5.800000e-02 |       9.000176e-01 |       9.000035e-01 |   2.500000e+00 |   2.500000e+00 |  -1.000000e-04 |
|   6.000000e-02 |       9.000176e-01 |       9.000037e-01 |   2.500000e+00 |   2.500000e+00 |  -1.000000e-04 |
|   6.200000e-02 |       9.000177e-01 |       9.000040e-01 |   2.500000e+00 |   2.500000e+00 |  -1.000000e-04 |
|   6.400000e-02 |       9.000177e-01 |       9.000042e-01 |   2.500000e+00 |   2.500000e+00 |  -1.000000e-04 |
|   6.600000e-02 |       9.000177e-01 |       9.000044e-01 |   2.500000e+00 |   2.500000e+00 |  -1.000000e-04 |
|   6.800000e-02 |       9.000178e-01 |       9.000047e-01 |   2.500000e+00 |   2.500000e+00 |  -1.000000e-04 |
|   7.000000e-02 |       9.000178e-01 |       9.000049e-01 |   2.500000e+00 |   2.500000e+00 |  -1.000000e-04 |
|   7.200000e-02 |       9.000178e-01 |       9.000051e-01 |   2.500000e+00 |   2.500000e+00 |  -1.000000e-04 |
|   7.400000e-02 |       9.000179e-01 |       9.000053e-01 |   2.500000e+00 |   2.500000e+00 |  -1.000000e-04 |
|   7.600000e-02 |       9.000179e-01 |       9.000056e-01 |   2.500000e+00 |   2.500000e+00 |  -1.000000e-04 |
|   7.800000e-02 |       9.000179e-01 |       9.000058e-01 |   2.500000e+00 |   2.500000e+00 |  -1.000000e-04 |
|   8.000000e-02 |       9.000180e-01 |       9.000060e-01 |   2.500000e+00 |   2.500000e+00 |  -1.000000e-04 |
|   8.200000e-02 |       9.000180e-01 |       9.000062e-01 |   2.500000e+00 |   2.500000e+00 |  -1.000000e-04 |
|   8.400000e-02 |       9.000180e-01 |       9.000064e-01 |   2.500000e+00 |   2.500000e+00 |  -1.000000e-04 |
+----------------+--------------------+--------------------+----------------+----------------+----------------+


Time Step 43, time = 0.086, dt = 0.002
 * Nonlinear |R| = [32m8.491910e-07[39m (Before preset BCs, predictors, correctors, and constraints)
 0 Nonlinear |R| = [32m8.491910e-07[39m
      0 Linear |R| = [32m8.491910e-07[39m
      1 Linear |R| = [32m1.698906e-07[39m
      2 Linear |R| = [33m1.697454e-07[39m
      3 Linear |R| = [33m1.649981e-07[39m
      4 Linear |R| = [32m1.435886e-07[39m
      5 Linear |R| = [32m1.221614e-07[39m
      6 Linear |R| = [32m1.124431e-07[39m
      7 Linear |R| = [33m1.081205e-07[39m
      8 Linear |R| = [32m9.545490e-08[39m
      9 Linear |R| = [32m5.875890e-08[39m
     10 Linear |R| = [32m4.723404e-08[39m
     11 Linear |R| = [33m4.643488e-08[39m
     12 Linear |R| = [32m2.720284e-08[39m
     13 Linear |R| = [33m2.715214e-08[39m
     14 Linear |R| = [32m1.835576e-08[39m
     15 Linear |R| = [33m1.774392e-08[39m
     16 Linear |R| = [32m1.292898e-08[39m
     17 Linear |R| = [32m1.166984e-08[39m
     18 Linear |R| = [32m7.762430e-09[39m
     19 Linear |R| = [33m7.612755e-09[39m
     20 Linear |R| = [32m5.580536e-09[39m
     21 Linear |R| = [32m4.312479e-09[39m
     22 Linear |R| = [32m3.356829e-09[39m
     23 Linear |R| = [32m2.527841e-09[39m
     24 Linear |R| = [32m1.768818e-09[39m
     25 Linear |R| = [32m8.719239e-10[39m
     26 Linear |R| = [33m8.324523e-10[39m
     27 Linear |R| = [32m3.934270e-10[39m
     28 Linear |R| = [33m3.866696e-10[39m
     29 Linear |R| = [32m2.088064e-10[39m
     30 Linear |R| = [33m2.034850e-10[39m
     31 Linear |R| = [33m1.988197e-10[39m
     32 Linear |R| = [33m1.974799e-10[39m
     33 Linear |R| = [33m1.967293e-10[39m
     34 Linear |R| = [32m1.868444e-10[39m
     35 Linear |R| = [32m1.448887e-10[39m
     36 Linear |R| = [33m1.438104e-10[39m
     37 Linear |R| = [33m1.434484e-10[39m
     38 Linear |R| = [33m1.387905e-10[39m
     39 Linear |R| = [33m1.387836e-10[39m
     40 Linear |R| = [32m1.275693e-10[39m
     41 Linear |R| = [32m1.186420e-10[39m
     42 Linear |R| = [32m9.377417e-11[39m
     43 Linear |R| = [33m9.028842e-11[39m
     44 Linear |R| = [32m7.046186e-11[39m
     45 Linear |R| = [32m6.027095e-11[39m
     46 Linear |R| = [32m4.299201e-11[39m
     47 Linear |R| = [33m4.248625e-11[39m
     48 Linear |R| = [32m3.052390e-11[39m
     49 Linear |R| = [32m2.253115e-11[39m
     50 Linear |R| = [32m2.074824e-11[39m
     51 Linear |R| = [32m1.464546e-11[39m
     52 Linear |R| = [33m1.459864e-11[39m
     53 Linear |R| = [32m7.822032e-12[39m
     54 Linear |R| = [33m7.802878e-12[39m
     55 Linear |R| = [32m4.223693e-12[39m
     56 Linear |R| = [33m4.169489e-12[39m
     57 Linear |R| = [32m2.526543e-12[39m
     58 Linear |R| = [32m2.228992e-12[39m
     59 Linear |R| = [32m1.541014e-12[39m
     60 Linear |R| = [32m1.068462e-12[39m
     61 Linear |R| = [33m1.063908e-12[39m
     62 Linear |R| = [33m1.063376e-12[39m
     63 Linear |R| = [33m1.061948e-12[39m
     64 Linear |R| = [33m1.048237e-12[39m
     65 Linear |R| = [33m1.042025e-12[39m
     66 Linear |R| = [33m1.039142e-12[39m
     67 Linear |R| = [33m1.035889e-12[39m
     68 Linear |R| = [32m9.497754e-13[39m
     69 Linear |R| = [32m8.199420e-13[39m
     70 Linear |R| = [33m8.199226e-13[39m
     71 Linear |R| = [32m6.227146e-13[39m
     72 Linear |R| = [33m6.198697e-13[39m
     73 Linear |R| = [32m5.242168e-13[39m
     74 Linear |R| = [33m5.191809e-13[39m
     75 Linear |R| = [32m4.139377e-13[39m
     76 Linear |R| = [33m4.027118e-13[39m
     77 Linear |R| = [32m2.626462e-13[39m
     78 Linear |R| = [33m2.616099e-13[39m
     79 Linear |R| = [32m1.900531e-13[39m
     80 Linear |R| = [33m1.870358e-13[39m
     81 Linear |R| = [32m9.830872e-14[39m
     82 Linear |R| = [32m8.711766e-14[39m
     83 Linear |R| = [32m5.827478e-14[39m
     84 Linear |R| = [32m4.994502e-14[39m
     85 Linear |R| = [32m2.846030e-14[39m
     86 Linear |R| = [32m2.381055e-14[39m
     87 Linear |R| = [32m1.569267e-14[39m
     88 Linear |R| = [32m1.199085e-14[39m
     89 Linear |R| = [32m5.494391e-15[39m
     90 Linear |R| = [31m2.997210e-14[39m
     91 Linear |R| = [32m1.256802e-14[39m
     92 Linear |R| = [32m1.176092e-14[39m
     93 Linear |R| = [33m1.167060e-14[39m
     94 Linear |R| = [33m1.163315e-14[39m
     95 Linear |R| = [33m1.148442e-14[39m
     96 Linear |R| = [32m8.362535e-15[39m
     97 Linear |R| = [32m6.779292e-15[39m
     98 Linear |R| = [33m6.473546e-15[39m
     99 Linear |R| = [32m5.970549e-15[39m
    100 Linear |R| = [32m5.605075e-15[39m
    101 Linear |R| = [32m4.736860e-15[39m
    102 Linear |R| = [32m3.764563e-15[39m
    103 Linear |R| = [32m2.667237e-15[39m
    104 Linear |R| = [33m2.601893e-15[39m
    105 Linear |R| = [32m1.715216e-15[39m
    106 Linear |R| = [33m1.652445e-15[39m
    107 Linear |R| = [32m1.119856e-15[39m
    108 Linear |R| = [33m1.115846e-15[39m
    109 Linear |R| = [32m7.349392e-16[39m
 1 Nonlinear |R| = [32m2.899424e-14[39m
[32m Solve Converged![39m

Postprocessor Values:
+----------------+----------------+----------------+----------------+----------------+----------------+----------------+
| time           | J_max          | J_min          | Jbar_max       | Jbar_min       | center_pressure| edge_ux        |
+----------------+----------------+----------------+----------------+----------------+----------------+----------------+
:                :                :                :                :                :                :                :
|   5.800000e-02 |   9.999768e-01 |   9.999648e-01 |   9.999843e-01 |   9.999807e-01 |   4.042214e-05 |   1.961383e-05 |
|   6.000000e-02 |   9.999766e-01 |   9.999647e-01 |   9.999843e-01 |   9.999807e-01 |   3.984025e-05 |   1.951727e-05 |
|   6.200000e-02 |   9.999763e-01 |   9.999646e-01 |   9.999842e-01 |   9.999808e-01 |   3.926268e-05 |   1.942235e-05 |
|   6.400000e-02 |   9.999761e-01 |   9.999646e-01 |   9.999842e-01 |   9.999808e-01 |   3.868999e-05 |   1.932903e-05 |
|   6.600000e-02 |   9.999759e-01 |   9.999645e-01 |   9.999842e-01 |   9.999808e-01 |   3.812268e-05 |   1.923724e-05 |
|   6.800000e-02 |   9.999756e-01 |   9.999644e-01 |   9.999841e-01 |   9.999808e-01 |   3.756112e-05 |   1.914696e-05 |
|   7.000000e-02 |   9.999754e-01 |   9.999643e-01 |   9.999841e-01 |   9.999808e-01 |   3.700565e-05 |   1.905815e-05 |
|   7.200000e-02 |   9.999752e-01 |   9.999643e-01 |   9.999841e-01 |   9.999809e-01 |   3.645651e-05 |   1.897076e-05 |
|   7.400000e-02 |   9.999749e-01 |   9.999642e-01 |   9.999841e-01 |   9.999809e-01 |   3.591390e-05 |   1.888477e-05 |
|   7.600000e-02 |   9.999747e-01 |   9.999641e-01 |   9.999840e-01 |   9.999809e-01 |   3.537799e-05 |   1.880015e-05 |
|   7.800000e-02 |   9.999745e-01 |   9.999641e-01 |   9.999840e-01 |   9.999809e-01 |   3.484890e-05 |   1.871686e-05 |
|   8.000000e-02 |   9.999743e-01 |   9.999640e-01 |   9.999840e-01 |   9.999809e-01 |   3.432670e-05 |   1.863487e-05 |
|   8.200000e-02 |   9.999741e-01 |   9.999640e-01 |   9.999839e-01 |   9.999810e-01 |   3.381146e-05 |   1.855417e-05 |
|   8.400000e-02 |   9.999738e-01 |   9.999639e-01 |   9.999839e-01 |   9.999810e-01 |   3.330321e-05 |   1.847473e-05 |
|   8.600000e-02 |   9.999736e-01 |   9.999638e-01 |   9.999839e-01 |   9.999810e-01 |   3.280196e-05 |   1.839652e-05 |
+----------------+----------------+----------------+----------------+----------------+----------------+----------------+
+----------------+----------------+----------------+------------------+----------------+----------------+
| time           | mass           | mass_reaction  | outflow_gradient | platen_max     | platen_min     |
+----------------+----------------+----------------+------------------+----------------+----------------+
:                :                :                :                  :                :                :
|   5.800000e-02 |   9.998910e-03 |  -1.024515e-05 |     1.021503e-05 |  -4.705283e-06 |  -4.705283e-06 |
|   6.000000e-02 |   9.998890e-03 |  -1.006834e-05 |     1.003879e-05 |  -4.714939e-06 |  -4.714939e-06 |
|   6.200000e-02 |   9.998870e-03 |  -9.897270e-06 |     9.868250e-06 |  -4.724431e-06 |  -4.724431e-06 |
|   6.400000e-02 |   9.998850e-03 |  -9.731405e-06 |     9.702903e-06 |  -4.733764e-06 |  -4.733764e-06 |
|   6.600000e-02 |   9.998831e-03 |  -9.570295e-06 |     9.542292e-06 |  -4.742942e-06 |  -4.742942e-06 |
|   6.800000e-02 |   9.998812e-03 |  -9.413546e-06 |     9.386025e-06 |  -4.751970e-06 |  -4.751970e-06 |
|   7.000000e-02 |   9.998794e-03 |  -9.260818e-06 |     9.233764e-06 |  -4.760852e-06 |  -4.760852e-06 |
|   7.200000e-02 |   9.998776e-03 |  -9.111814e-06 |     9.085212e-06 |  -4.769591e-06 |  -4.769591e-06 |
|   7.400000e-02 |   9.998758e-03 |  -8.966276e-06 |     8.940114e-06 |  -4.778190e-06 |  -4.778190e-06 |
|   7.600000e-02 |   9.998740e-03 |  -8.823980e-06 |     8.798246e-06 |  -4.786652e-06 |  -4.786652e-06 |
|   7.800000e-02 |   9.998723e-03 |  -8.684729e-06 |     8.659411e-06 |  -4.794981e-06 |  -4.794981e-06 |
|   8.000000e-02 |   9.998706e-03 |  -8.548349e-06 |     8.523439e-06 |  -4.803179e-06 |  -4.803179e-06 |
|   8.200000e-02 |   9.998689e-03 |  -8.414690e-06 |     8.390176e-06 |  -4.811249e-06 |  -4.811249e-06 |
|   8.400000e-02 |   9.998672e-03 |  -8.283616e-06 |     8.259491e-06 |  -4.819194e-06 |  -4.819194e-06 |
|   8.600000e-02 |   9.998656e-03 |  -8.155009e-06 |     8.131265e-06 |  -4.827015e-06 |  -4.827015e-06 |
+----------------+----------------+----------------+------------------+----------------+----------------+
+----------------+--------------------+--------------------+----------------+----------------+----------------+
| time           | solid_fraction_max | solid_fraction_min | stability_max  | stability_min  | top_reaction   |
+----------------+--------------------+--------------------+----------------+----------------+----------------+
:                :                    :                    :                :                :                :
|   5.800000e-02 |       9.000176e-01 |       9.000035e-01 |   2.500000e+00 |   2.500000e+00 |  -1.000000e-04 |
|   6.000000e-02 |       9.000176e-01 |       9.000037e-01 |   2.500000e+00 |   2.500000e+00 |  -1.000000e-04 |
|   6.200000e-02 |       9.000177e-01 |       9.000040e-01 |   2.500000e+00 |   2.500000e+00 |  -1.000000e-04 |
|   6.400000e-02 |       9.000177e-01 |       9.000042e-01 |   2.500000e+00 |   2.500000e+00 |  -1.000000e-04 |
|   6.600000e-02 |       9.000177e-01 |       9.000044e-01 |   2.500000e+00 |   2.500000e+00 |  -1.000000e-04 |
|   6.800000e-02 |       9.000178e-01 |       9.000047e-01 |   2.500000e+00 |   2.500000e+00 |  -1.000000e-04 |
|   7.000000e-02 |       9.000178e-01 |       9.000049e-01 |   2.500000e+00 |   2.500000e+00 |  -1.000000e-04 |
|   7.200000e-02 |       9.000178e-01 |       9.000051e-01 |   2.500000e+00 |   2.500000e+00 |  -1.000000e-04 |
|   7.400000e-02 |       9.000179e-01 |       9.000053e-01 |   2.500000e+00 |   2.500000e+00 |  -1.000000e-04 |
|   7.600000e-02 |       9.000179e-01 |       9.000056e-01 |   2.500000e+00 |   2.500000e+00 |  -1.000000e-04 |
|   7.800000e-02 |       9.000179e-01 |       9.000058e-01 |   2.500000e+00 |   2.500000e+00 |  -1.000000e-04 |
|   8.000000e-02 |       9.000180e-01 |       9.000060e-01 |   2.500000e+00 |   2.500000e+00 |  -1.000000e-04 |
|   8.200000e-02 |       9.000180e-01 |       9.000062e-01 |   2.500000e+00 |   2.500000e+00 |  -1.000000e-04 |
|   8.400000e-02 |       9.000180e-01 |       9.000064e-01 |   2.500000e+00 |   2.500000e+00 |  -1.000000e-04 |
|   8.600000e-02 |       9.000180e-01 |       9.000066e-01 |   2.500000e+00 |   2.500000e+00 |  -1.000000e-04 |
+----------------+--------------------+--------------------+----------------+----------------+----------------+


Time Step 44, time = 0.088, dt = 0.002
 * Nonlinear |R| = [32m8.362263e-07[39m (Before preset BCs, predictors, correctors, and constraints)
 0 Nonlinear |R| = [32m8.362263e-07[39m
      0 Linear |R| = [32m8.362263e-07[39m
      1 Linear |R| = [32m1.671652e-07[39m
      2 Linear |R| = [33m1.670194e-07[39m
      3 Linear |R| = [33m1.623722e-07[39m
      4 Linear |R| = [32m1.414016e-07[39m
      5 Linear |R| = [32m1.202853e-07[39m
      6 Linear |R| = [32m1.107177e-07[39m
      7 Linear |R| = [33m1.064657e-07[39m
      8 Linear |R| = [32m9.398695e-08[39m
      9 Linear |R| = [32m5.704307e-08[39m
     10 Linear |R| = [32m4.650727e-08[39m
     11 Linear |R| = [33m4.567252e-08[39m
     12 Linear |R| = [32m2.680004e-08[39m
     13 Linear |R| = [33m2.675030e-08[39m
     14 Linear |R| = [32m1.807549e-08[39m
     15 Linear |R| = [33m1.747671e-08[39m
     16 Linear |R| = [32m1.273190e-08[39m
     17 Linear |R| = [32m1.149111e-08[39m
     18 Linear |R| = [32m7.641670e-09[39m
     19 Linear |R| = [33m7.493225e-09[39m
     20 Linear |R| = [32m5.493817e-09[39m
     21 Linear |R| = [32m4.234637e-09[39m
     22 Linear |R| = [32m3.304562e-09[39m
     23 Linear |R| = [32m2.487146e-09[39m
     24 Linear |R| = [32m1.741357e-09[39m
     25 Linear |R| = [32m8.588926e-10[39m
     26 Linear |R| = [33m8.197755e-10[39m
     27 Linear |R| = [32m3.885899e-10[39m
     28 Linear |R| = [33m3.828132e-10[39m
     29 Linear |R| = [32m2.057539e-10[39m
     30 Linear |R| = [33m2.007246e-10[39m
     31 Linear |R| = [33m1.963062e-10[39m
     32 Linear |R| = [33m1.949728e-10[39m
     33 Linear |R| = [33m1.942393e-10[39m
     34 Linear |R| = [32m1.843875e-10[39m
     35 Linear |R| = [32m1.428035e-10[39m
     36 Linear |R| = [33m1.417675e-10[39m
     37 Linear |R| = [33m1.414276e-10[39m
     38 Linear |R| = [33m1.368757e-10[39m
     39 Linear |R| = [33m1.368720e-10[39m
     40 Linear |R| = [32m1.258122e-10[39m
     41 Linear |R| = [32m1.166566e-10[39m
     42 Linear |R| = [32m9.231678e-11[39m
     43 Linear |R| = [33m8.884835e-11[39m
     44 Linear |R| = [32m6.961864e-11[39m
     45 Linear |R| = [32m5.945638e-11[39m
     46 Linear |R| = [32m4.239518e-11[39m
     47 Linear |R| = [33m4.191237e-11[39m
     48 Linear |R| = [32m3.009056e-11[39m
     49 Linear |R| = [32m2.219103e-11[39m
     50 Linear |R| = [32m2.038942e-11[39m
     51 Linear |R| = [32m1.447397e-11[39m
     52 Linear |R| = [33m1.442709e-11[39m
     53 Linear |R| = [32m7.714888e-12[39m
     54 Linear |R| = [33m7.700218e-12[39m
     55 Linear |R| = [32m4.174205e-12[39m
     56 Linear |R| = [33m4.120209e-12[39m
     57 Linear |R| = [32m2.497987e-12[39m
     58 Linear |R| = [32m2.206575e-12[39m
     59 Linear |R| = [32m1.547336e-12[39m
     60 Linear |R| = [32m1.057917e-12[39m
     61 Linear |R| = [33m1.053692e-12[39m
     62 Linear |R| = [33m1.053039e-12[39m
     63 Linear |R| = [33m1.051854e-12[39m
     64 Linear |R| = [33m1.036898e-12[39m
     65 Linear |R| = [33m1.031223e-12[39m
     66 Linear |R| = [33m1.028587e-12[39m
     67 Linear |R| = [33m1.025534e-12[39m
     68 Linear |R| = [32m9.426589e-13[39m
     69 Linear |R| = [32m8.140143e-13[39m
     70 Linear |R| = [33m8.139195e-13[39m
     71 Linear |R| = [32m6.164142e-13[39m
     72 Linear |R| = [33m6.134614e-13[39m
     73 Linear |R| = [32m5.187499e-13[39m
     74 Linear |R| = [33m5.141636e-13[39m
     75 Linear |R| = [32m4.099427e-13[39m
     76 Linear |R| = [33m3.991205e-13[39m
     77 Linear |R| = [32m2.606165e-13[39m
     78 Linear |R| = [33m2.596048e-13[39m
     79 Linear |R| = [32m1.877980e-13[39m
     80 Linear |R| = [33m1.848400e-13[39m
     81 Linear |R| = [32m9.798177e-14[39m
     82 Linear |R| = [32m8.654119e-14[39m
     83 Linear |R| = [32m5.817430e-14[39m
     84 Linear |R| = [32m4.954856e-14[39m
     85 Linear |R| = [32m2.827405e-14[39m
     86 Linear |R| = [32m2.355951e-14[39m
     87 Linear |R| = [32m1.551803e-14[39m
     88 Linear |R| = [32m1.181156e-14[39m
     89 Linear |R| = [32m5.381931e-15[39m
     90 Linear |R| = [31m2.953402e-14[39m
     91 Linear |R| = [32m1.121679e-14[39m
     92 Linear |R| = [32m1.064671e-14[39m
     93 Linear |R| = [33m1.050386e-14[39m
     94 Linear |R| = [33m9.982061e-15[39m
     95 Linear |R| = [32m8.824478e-15[39m
     96 Linear |R| = [32m7.264250e-15[39m
     97 Linear |R| = [32m6.861640e-15[39m
     98 Linear |R| = [33m6.607873e-15[39m
     99 Linear |R| = [33m6.419603e-15[39m
    100 Linear |R| = [32m5.628235e-15[39m
    101 Linear |R| = [32m4.559044e-15[39m
    102 Linear |R| = [33m4.494859e-15[39m
    103 Linear |R| = [32m3.115078e-15[39m
    104 Linear |R| = [33m3.004056e-15[39m
    105 Linear |R| = [32m2.077517e-15[39m
    106 Linear |R| = [33m2.015488e-15[39m
    107 Linear |R| = [32m1.161871e-15[39m
    108 Linear |R| = [32m1.011377e-15[39m
    109 Linear |R| = [32m8.632405e-16[39m
    110 Linear |R| = [32m5.699498e-16[39m
 1 Nonlinear |R| = [32m2.999698e-14[39m
[32m Solve Converged![39m

Postprocessor Values:
+----------------+----------------+----------------+----------------+----------------+----------------+----------------+
| time           | J_max          | J_min          | Jbar_max       | Jbar_min       | center_pressure| edge_ux        |
+----------------+----------------+----------------+----------------+----------------+----------------+----------------+
:                :                :                :                :                :                :                :
|   6.000000e-02 |   9.999766e-01 |   9.999647e-01 |   9.999843e-01 |   9.999807e-01 |   3.984025e-05 |   1.951727e-05 |
|   6.200000e-02 |   9.999763e-01 |   9.999646e-01 |   9.999842e-01 |   9.999808e-01 |   3.926268e-05 |   1.942235e-05 |
|   6.400000e-02 |   9.999761e-01 |   9.999646e-01 |   9.999842e-01 |   9.999808e-01 |   3.868999e-05 |   1.932903e-05 |
|   6.600000e-02 |   9.999759e-01 |   9.999645e-01 |   9.999842e-01 |   9.999808e-01 |   3.812268e-05 |   1.923724e-05 |
|   6.800000e-02 |   9.999756e-01 |   9.999644e-01 |   9.999841e-01 |   9.999808e-01 |   3.756112e-05 |   1.914696e-05 |
|   7.000000e-02 |   9.999754e-01 |   9.999643e-01 |   9.999841e-01 |   9.999808e-01 |   3.700565e-05 |   1.905815e-05 |
|   7.200000e-02 |   9.999752e-01 |   9.999643e-01 |   9.999841e-01 |   9.999809e-01 |   3.645651e-05 |   1.897076e-05 |
|   7.400000e-02 |   9.999749e-01 |   9.999642e-01 |   9.999841e-01 |   9.999809e-01 |   3.591390e-05 |   1.888477e-05 |
|   7.600000e-02 |   9.999747e-01 |   9.999641e-01 |   9.999840e-01 |   9.999809e-01 |   3.537799e-05 |   1.880015e-05 |
|   7.800000e-02 |   9.999745e-01 |   9.999641e-01 |   9.999840e-01 |   9.999809e-01 |   3.484890e-05 |   1.871686e-05 |
|   8.000000e-02 |   9.999743e-01 |   9.999640e-01 |   9.999840e-01 |   9.999809e-01 |   3.432670e-05 |   1.863487e-05 |
|   8.200000e-02 |   9.999741e-01 |   9.999640e-01 |   9.999839e-01 |   9.999810e-01 |   3.381146e-05 |   1.855417e-05 |
|   8.400000e-02 |   9.999738e-01 |   9.999639e-01 |   9.999839e-01 |   9.999810e-01 |   3.330321e-05 |   1.847473e-05 |
|   8.600000e-02 |   9.999736e-01 |   9.999638e-01 |   9.999839e-01 |   9.999810e-01 |   3.280196e-05 |   1.839652e-05 |
|   8.800000e-02 |   9.999734e-01 |   9.999638e-01 |   9.999839e-01 |   9.999810e-01 |   3.230771e-05 |   1.831952e-05 |
+----------------+----------------+----------------+----------------+----------------+----------------+----------------+
+----------------+----------------+----------------+------------------+----------------+----------------+
| time           | mass           | mass_reaction  | outflow_gradient | platen_max     | platen_min     |
+----------------+----------------+----------------+------------------+----------------+----------------+
:                :                :                :                  :                :                :
|   6.000000e-02 |   9.998890e-03 |  -1.006834e-05 |     1.003879e-05 |  -4.714939e-06 |  -4.714939e-06 |
|   6.200000e-02 |   9.998870e-03 |  -9.897270e-06 |     9.868250e-06 |  -4.724431e-06 |  -4.724431e-06 |
|   6.400000e-02 |   9.998850e-03 |  -9.731405e-06 |     9.702903e-06 |  -4.733764e-06 |  -4.733764e-06 |
|   6.600000e-02 |   9.998831e-03 |  -9.570295e-06 |     9.542292e-06 |  -4.742942e-06 |  -4.742942e-06 |
|   6.800000e-02 |   9.998812e-03 |  -9.413546e-06 |     9.386025e-06 |  -4.751970e-06 |  -4.751970e-06 |
|   7.000000e-02 |   9.998794e-03 |  -9.260818e-06 |     9.233764e-06 |  -4.760852e-06 |  -4.760852e-06 |
|   7.200000e-02 |   9.998776e-03 |  -9.111814e-06 |     9.085212e-06 |  -4.769591e-06 |  -4.769591e-06 |
|   7.400000e-02 |   9.998758e-03 |  -8.966276e-06 |     8.940114e-06 |  -4.778190e-06 |  -4.778190e-06 |
|   7.600000e-02 |   9.998740e-03 |  -8.823980e-06 |     8.798246e-06 |  -4.786652e-06 |  -4.786652e-06 |
|   7.800000e-02 |   9.998723e-03 |  -8.684729e-06 |     8.659411e-06 |  -4.794981e-06 |  -4.794981e-06 |
|   8.000000e-02 |   9.998706e-03 |  -8.548349e-06 |     8.523439e-06 |  -4.803179e-06 |  -4.803179e-06 |
|   8.200000e-02 |   9.998689e-03 |  -8.414690e-06 |     8.390176e-06 |  -4.811249e-06 |  -4.811249e-06 |
|   8.400000e-02 |   9.998672e-03 |  -8.283616e-06 |     8.259491e-06 |  -4.819194e-06 |  -4.819194e-06 |
|   8.600000e-02 |   9.998656e-03 |  -8.155009e-06 |     8.131265e-06 |  -4.827015e-06 |  -4.827015e-06 |
|   8.800000e-02 |   9.998640e-03 |  -8.028763e-06 |     8.005392e-06 |  -4.834715e-06 |  -4.834715e-06 |
+----------------+----------------+----------------+------------------+----------------+----------------+
+----------------+--------------------+--------------------+----------------+----------------+----------------+
| time           | solid_fraction_max | solid_fraction_min | stability_max  | stability_min  | top_reaction   |
+----------------+--------------------+--------------------+----------------+----------------+----------------+
:                :                    :                    :                :                :                :
|   6.000000e-02 |       9.000176e-01 |       9.000037e-01 |   2.500000e+00 |   2.500000e+00 |  -1.000000e-04 |
|   6.200000e-02 |       9.000177e-01 |       9.000040e-01 |   2.500000e+00 |   2.500000e+00 |  -1.000000e-04 |
|   6.400000e-02 |       9.000177e-01 |       9.000042e-01 |   2.500000e+00 |   2.500000e+00 |  -1.000000e-04 |
|   6.600000e-02 |       9.000177e-01 |       9.000044e-01 |   2.500000e+00 |   2.500000e+00 |  -1.000000e-04 |
|   6.800000e-02 |       9.000178e-01 |       9.000047e-01 |   2.500000e+00 |   2.500000e+00 |  -1.000000e-04 |
|   7.000000e-02 |       9.000178e-01 |       9.000049e-01 |   2.500000e+00 |   2.500000e+00 |  -1.000000e-04 |
|   7.200000e-02 |       9.000178e-01 |       9.000051e-01 |   2.500000e+00 |   2.500000e+00 |  -1.000000e-04 |
|   7.400000e-02 |       9.000179e-01 |       9.000053e-01 |   2.500000e+00 |   2.500000e+00 |  -1.000000e-04 |
|   7.600000e-02 |       9.000179e-01 |       9.000056e-01 |   2.500000e+00 |   2.500000e+00 |  -1.000000e-04 |
|   7.800000e-02 |       9.000179e-01 |       9.000058e-01 |   2.500000e+00 |   2.500000e+00 |  -1.000000e-04 |
|   8.000000e-02 |       9.000180e-01 |       9.000060e-01 |   2.500000e+00 |   2.500000e+00 |  -1.000000e-04 |
|   8.200000e-02 |       9.000180e-01 |       9.000062e-01 |   2.500000e+00 |   2.500000e+00 |  -1.000000e-04 |
|   8.400000e-02 |       9.000180e-01 |       9.000064e-01 |   2.500000e+00 |   2.500000e+00 |  -1.000000e-04 |
|   8.600000e-02 |       9.000180e-01 |       9.000066e-01 |   2.500000e+00 |   2.500000e+00 |  -1.000000e-04 |
|   8.800000e-02 |       9.000181e-01 |       9.000068e-01 |   2.500000e+00 |   2.500000e+00 |  -1.000000e-04 |
+----------------+--------------------+--------------------+----------------+----------------+----------------+


Time Step 45, time = 0.09, dt = 0.002
 * Nonlinear |R| = [32m8.234698e-07[39m (Before preset BCs, predictors, correctors, and constraints)
 0 Nonlinear |R| = [32m8.234698e-07[39m
      0 Linear |R| = [32m8.234698e-07[39m
      1 Linear |R| = [32m1.645022e-07[39m
      2 Linear |R| = [33m1.643561e-07[39m
      3 Linear |R| = [33m1.598034e-07[39m
      4 Linear |R| = [32m1.392489e-07[39m
      5 Linear |R| = [32m1.184409e-07[39m
      6 Linear |R| = [32m1.090212e-07[39m
      7 Linear |R| = [33m1.048382e-07[39m
      8 Linear |R| = [32m9.254420e-08[39m
      9 Linear |R| = [32m5.548692e-08[39m
     10 Linear |R| = [32m4.579210e-08[39m
     11 Linear |R| = [33m4.492100e-08[39m
     12 Linear |R| = [32m2.640199e-08[39m
     13 Linear |R| = [33m2.635317e-08[39m
     14 Linear |R| = [32m1.779967e-08[39m
     15 Linear |R| = [33m1.721323e-08[39m
     16 Linear |R| = [32m1.253791e-08[39m
     17 Linear |R| = [32m1.131531e-08[39m
     18 Linear |R| = [32m7.523164e-09[39m
     19 Linear |R| = [33m7.376079e-09[39m
     20 Linear |R| = [32m5.408705e-09[39m
     21 Linear |R| = [32m4.159707e-09[39m
     22 Linear |R| = [32m3.253272e-09[39m
     23 Linear |R| = [32m2.447390e-09[39m
     24 Linear |R| = [32m1.714399e-09[39m
     25 Linear |R| = [32m8.460381e-10[39m
     26 Linear |R| = [33m8.072993e-10[39m
     27 Linear |R| = [32m3.836752e-10[39m
     28 Linear |R| = [33m3.786837e-10[39m
     29 Linear |R| = [32m2.027278e-10[39m
     30 Linear |R| = [33m1.979455e-10[39m
     31 Linear |R| = [33m1.937370e-10[39m
     32 Linear |R| = [33m1.924126e-10[39m
     33 Linear |R| = [33m1.916955e-10[39m
     34 Linear |R| = [32m1.818985e-10[39m
     35 Linear |R| = [32m1.407257e-10[39m
     36 Linear |R| = [33m1.397259e-10[39m
     37 Linear |R| = [33m1.394078e-10[39m
     38 Linear |R| = [33m1.349500e-10[39m
     39 Linear |R| = [33m1.349486e-10[39m
     40 Linear |R| = [32m1.240383e-10[39m
     41 Linear |R| = [32m1.147221e-10[39m
     42 Linear |R| = [32m9.095376e-11[39m
     43 Linear |R| = [33m8.745871e-11[39m
     44 Linear |R| = [32m6.875319e-11[39m
     45 Linear |R| = [32m5.863507e-11[39m
     46 Linear |R| = [32m4.180033e-11[39m
     47 Linear |R| = [33m4.133554e-11[39m
     48 Linear |R| = [32m2.964747e-11[39m
     49 Linear |R| = [32m2.185224e-11[39m
     50 Linear |R| = [32m2.001166e-11[39m
     51 Linear |R| = [32m1.429451e-11[39m
     52 Linear |R| = [33m1.424725e-11[39m
     53 Linear |R| = [32m7.606841e-12[39m
     54 Linear |R| = [33m7.595538e-12[39m
     55 Linear |R| = [32m4.122553e-12[39m
     56 Linear |R| = [33m4.068815e-12[39m
     57 Linear |R| = [32m2.467893e-12[39m
     58 Linear |R| = [32m2.182263e-12[39m
     59 Linear |R| = [32m1.540560e-12[39m
     60 Linear |R| = [32m1.045034e-12[39m
     61 Linear |R| = [33m1.041212e-12[39m
     62 Linear |R| = [33m1.040622e-12[39m
     63 Linear |R| = [33m1.039418e-12[39m
     64 Linear |R| = [33m1.024499e-12[39m
     65 Linear |R| = [33m1.019145e-12[39m
     66 Linear |R| = [33m1.016734e-12[39m
     67 Linear |R| = [33m1.013861e-12[39m
     68 Linear |R| = [32m9.337409e-13[39m
     69 Linear |R| = [32m8.032041e-13[39m
     70 Linear |R| = [33m8.031982e-13[39m
     71 Linear |R| = [32m6.067329e-13[39m
     72 Linear |R| = [33m6.049051e-13[39m
     73 Linear |R| = [32m5.131416e-13[39m
     74 Linear |R| = [33m5.091493e-13[39m
     75 Linear |R| = [32m4.061560e-13[39m
     76 Linear |R| = [33m3.953805e-13[39m
     77 Linear |R| = [32m2.586682e-13[39m
     78 Linear |R| = [33m2.574443e-13[39m
     79 Linear |R| = [32m1.865628e-13[39m
     80 Linear |R| = [33m1.830596e-13[39m
     81 Linear |R| = [32m9.704386e-14[39m
     82 Linear |R| = [32m8.533116e-14[39m
     83 Linear |R| = [32m5.760792e-14[39m
     84 Linear |R| = [32m4.883844e-14[39m
     85 Linear |R| = [32m2.812043e-14[39m
     86 Linear |R| = [32m2.333905e-14[39m
     87 Linear |R| = [32m1.548563e-14[39m
     88 Linear |R| = [32m1.170418e-14[39m
     89 Linear |R| = [32m5.260977e-15[39m
     90 Linear |R| = [31m3.280555e-14[39m
     91 Linear |R| = [32m2.185966e-14[39m
     92 Linear |R| = [33m2.083215e-14[39m
     93 Linear |R| = [32m1.556578e-14[39m
     94 Linear |R| = [33m1.545282e-14[39m
     95 Linear |R| = [32m1.367603e-14[39m
     96 Linear |R| = [32m1.214380e-14[39m
     97 Linear |R| = [32m9.869094e-15[39m
     98 Linear |R| = [32m8.053685e-15[39m
     99 Linear |R| = [32m6.935556e-15[39m
    100 Linear |R| = [32m6.545160e-15[39m
    101 Linear |R| = [32m4.317948e-15[39m
    102 Linear |R| = [32m4.034659e-15[39m
    103 Linear |R| = [32m3.062261e-15[39m
    104 Linear |R| = [33m2.980981e-15[39m
    105 Linear |R| = [32m2.294390e-15[39m
    106 Linear |R| = [33m2.268923e-15[39m
    107 Linear |R| = [32m1.552137e-15[39m
    108 Linear |R| = [33m1.531984e-15[39m
    109 Linear |R| = [32m7.853911e-16[39m
 1 Nonlinear |R| = [32m3.163638e-14[39m
[32m Solve Converged![39m

Postprocessor Values:
+----------------+----------------+----------------+----------------+----------------+----------------+----------------+
| time           | J_max          | J_min          | Jbar_max       | Jbar_min       | center_pressure| edge_ux        |
+----------------+----------------+----------------+----------------+----------------+----------------+----------------+
:                :                :                :                :                :                :                :
|   6.200000e-02 |   9.999763e-01 |   9.999646e-01 |   9.999842e-01 |   9.999808e-01 |   3.926268e-05 |   1.942235e-05 |
|   6.400000e-02 |   9.999761e-01 |   9.999646e-01 |   9.999842e-01 |   9.999808e-01 |   3.868999e-05 |   1.932903e-05 |
|   6.600000e-02 |   9.999759e-01 |   9.999645e-01 |   9.999842e-01 |   9.999808e-01 |   3.812268e-05 |   1.923724e-05 |
|   6.800000e-02 |   9.999756e-01 |   9.999644e-01 |   9.999841e-01 |   9.999808e-01 |   3.756112e-05 |   1.914696e-05 |
|   7.000000e-02 |   9.999754e-01 |   9.999643e-01 |   9.999841e-01 |   9.999808e-01 |   3.700565e-05 |   1.905815e-05 |
|   7.200000e-02 |   9.999752e-01 |   9.999643e-01 |   9.999841e-01 |   9.999809e-01 |   3.645651e-05 |   1.897076e-05 |
|   7.400000e-02 |   9.999749e-01 |   9.999642e-01 |   9.999841e-01 |   9.999809e-01 |   3.591390e-05 |   1.888477e-05 |
|   7.600000e-02 |   9.999747e-01 |   9.999641e-01 |   9.999840e-01 |   9.999809e-01 |   3.537799e-05 |   1.880015e-05 |
|   7.800000e-02 |   9.999745e-01 |   9.999641e-01 |   9.999840e-01 |   9.999809e-01 |   3.484890e-05 |   1.871686e-05 |
|   8.000000e-02 |   9.999743e-01 |   9.999640e-01 |   9.999840e-01 |   9.999809e-01 |   3.432670e-05 |   1.863487e-05 |
|   8.200000e-02 |   9.999741e-01 |   9.999640e-01 |   9.999839e-01 |   9.999810e-01 |   3.381146e-05 |   1.855417e-05 |
|   8.400000e-02 |   9.999738e-01 |   9.999639e-01 |   9.999839e-01 |   9.999810e-01 |   3.330321e-05 |   1.847473e-05 |
|   8.600000e-02 |   9.999736e-01 |   9.999638e-01 |   9.999839e-01 |   9.999810e-01 |   3.280196e-05 |   1.839652e-05 |
|   8.800000e-02 |   9.999734e-01 |   9.999638e-01 |   9.999839e-01 |   9.999810e-01 |   3.230771e-05 |   1.831952e-05 |
|   9.000000e-02 |   9.999732e-01 |   9.999637e-01 |   9.999838e-01 |   9.999810e-01 |   3.182043e-05 |   1.824371e-05 |
+----------------+----------------+----------------+----------------+----------------+----------------+----------------+
+----------------+----------------+----------------+------------------+----------------+----------------+
| time           | mass           | mass_reaction  | outflow_gradient | platen_max     | platen_min     |
+----------------+----------------+----------------+------------------+----------------+----------------+
:                :                :                :                  :                :                :
|   6.200000e-02 |   9.998870e-03 |  -9.897270e-06 |     9.868250e-06 |  -4.724431e-06 |  -4.724431e-06 |
|   6.400000e-02 |   9.998850e-03 |  -9.731405e-06 |     9.702903e-06 |  -4.733764e-06 |  -4.733764e-06 |
|   6.600000e-02 |   9.998831e-03 |  -9.570295e-06 |     9.542292e-06 |  -4.742942e-06 |  -4.742942e-06 |
|   6.800000e-02 |   9.998812e-03 |  -9.413546e-06 |     9.386025e-06 |  -4.751970e-06 |  -4.751970e-06 |
|   7.000000e-02 |   9.998794e-03 |  -9.260818e-06 |     9.233764e-06 |  -4.760852e-06 |  -4.760852e-06 |
|   7.200000e-02 |   9.998776e-03 |  -9.111814e-06 |     9.085212e-06 |  -4.769591e-06 |  -4.769591e-06 |
|   7.400000e-02 |   9.998758e-03 |  -8.966276e-06 |     8.940114e-06 |  -4.778190e-06 |  -4.778190e-06 |
|   7.600000e-02 |   9.998740e-03 |  -8.823980e-06 |     8.798246e-06 |  -4.786652e-06 |  -4.786652e-06 |
|   7.800000e-02 |   9.998723e-03 |  -8.684729e-06 |     8.659411e-06 |  -4.794981e-06 |  -4.794981e-06 |
|   8.000000e-02 |   9.998706e-03 |  -8.548349e-06 |     8.523439e-06 |  -4.803179e-06 |  -4.803179e-06 |
|   8.200000e-02 |   9.998689e-03 |  -8.414690e-06 |     8.390176e-06 |  -4.811249e-06 |  -4.811249e-06 |
|   8.400000e-02 |   9.998672e-03 |  -8.283616e-06 |     8.259491e-06 |  -4.819194e-06 |  -4.819194e-06 |
|   8.600000e-02 |   9.998656e-03 |  -8.155009e-06 |     8.131265e-06 |  -4.827015e-06 |  -4.827015e-06 |
|   8.800000e-02 |   9.998640e-03 |  -8.028763e-06 |     8.005392e-06 |  -4.834715e-06 |  -4.834715e-06 |
|   9.000000e-02 |   9.998624e-03 |  -7.904784e-06 |     7.881778e-06 |  -4.842296e-06 |  -4.842296e-06 |
+----------------+----------------+----------------+------------------+----------------+----------------+
+----------------+--------------------+--------------------+----------------+----------------+----------------+
| time           | solid_fraction_max | solid_fraction_min | stability_max  | stability_min  | top_reaction   |
+----------------+--------------------+--------------------+----------------+----------------+----------------+
:                :                    :                    :                :                :                :
|   6.200000e-02 |       9.000177e-01 |       9.000040e-01 |   2.500000e+00 |   2.500000e+00 |  -1.000000e-04 |
|   6.400000e-02 |       9.000177e-01 |       9.000042e-01 |   2.500000e+00 |   2.500000e+00 |  -1.000000e-04 |
|   6.600000e-02 |       9.000177e-01 |       9.000044e-01 |   2.500000e+00 |   2.500000e+00 |  -1.000000e-04 |
|   6.800000e-02 |       9.000178e-01 |       9.000047e-01 |   2.500000e+00 |   2.500000e+00 |  -1.000000e-04 |
|   7.000000e-02 |       9.000178e-01 |       9.000049e-01 |   2.500000e+00 |   2.500000e+00 |  -1.000000e-04 |
|   7.200000e-02 |       9.000178e-01 |       9.000051e-01 |   2.500000e+00 |   2.500000e+00 |  -1.000000e-04 |
|   7.400000e-02 |       9.000179e-01 |       9.000053e-01 |   2.500000e+00 |   2.500000e+00 |  -1.000000e-04 |
|   7.600000e-02 |       9.000179e-01 |       9.000056e-01 |   2.500000e+00 |   2.500000e+00 |  -1.000000e-04 |
|   7.800000e-02 |       9.000179e-01 |       9.000058e-01 |   2.500000e+00 |   2.500000e+00 |  -1.000000e-04 |
|   8.000000e-02 |       9.000180e-01 |       9.000060e-01 |   2.500000e+00 |   2.500000e+00 |  -1.000000e-04 |
|   8.200000e-02 |       9.000180e-01 |       9.000062e-01 |   2.500000e+00 |   2.500000e+00 |  -1.000000e-04 |
|   8.400000e-02 |       9.000180e-01 |       9.000064e-01 |   2.500000e+00 |   2.500000e+00 |  -1.000000e-04 |
|   8.600000e-02 |       9.000180e-01 |       9.000066e-01 |   2.500000e+00 |   2.500000e+00 |  -1.000000e-04 |
|   8.800000e-02 |       9.000181e-01 |       9.000068e-01 |   2.500000e+00 |   2.500000e+00 |  -1.000000e-04 |
|   9.000000e-02 |       9.000181e-01 |       9.000070e-01 |   2.500000e+00 |   2.500000e+00 |  -1.000000e-04 |
+----------------+--------------------+--------------------+----------------+----------------+----------------+


Time Step 46, time = 0.092, dt = 0.002
 * Nonlinear |R| = [32m8.109165e-07[39m (Before preset BCs, predictors, correctors, and constraints)
 0 Nonlinear |R| = [32m8.109165e-07[39m
      0 Linear |R| = [32m8.109165e-07[39m
      1 Linear |R| = [32m1.618976e-07[39m
      2 Linear |R| = [33m1.617515e-07[39m
      3 Linear |R| = [33m1.572885e-07[39m
      4 Linear |R| = [32m1.371297e-07[39m
      5 Linear |R| = [32m1.166270e-07[39m
      6 Linear |R| = [32m1.073526e-07[39m
      7 Linear |R| = [33m1.032373e-07[39m
      8 Linear |R| = [32m9.112583e-08[39m
      9 Linear |R| = [32m5.406820e-08[39m
     10 Linear |R| = [32m4.508840e-08[39m
     11 Linear |R| = [33m4.418081e-08[39m
     12 Linear |R| = [32m2.600878e-08[39m
     13 Linear |R| = [33m2.596084e-08[39m
     14 Linear |R| = [32m1.752821e-08[39m
     15 Linear |R| = [33m1.695349e-08[39m
     16 Linear |R| = [32m1.234695e-08[39m
     17 Linear |R| = [32m1.114237e-08[39m
     18 Linear |R| = [32m7.406816e-09[39m
     19 Linear |R| = [33m7.261196e-09[39m
     20 Linear |R| = [32m5.325134e-09[39m
     21 Linear |R| = [32m4.087398e-09[39m
     22 Linear |R| = [32m3.202921e-09[39m
     23 Linear |R| = [32m2.408515e-09[39m
     24 Linear |R| = [32m1.687927e-09[39m
     25 Linear |R| = [32m8.333587e-10[39m
     26 Linear |R| = [33m7.950186e-10[39m
     27 Linear |R| = [32m3.787019e-10[39m
     28 Linear |R| = [33m3.743430e-10[39m
     29 Linear |R| = [32m1.997314e-10[39m
     30 Linear |R| = [33m1.951609e-10[39m
     31 Linear |R| = [33m1.911325e-10[39m
     32 Linear |R| = [33m1.898197e-10[39m
     33 Linear |R| = [33m1.891180e-10[39m
     34 Linear |R| = [32m1.793925e-10[39m
     35 Linear |R| = [32m1.386625e-10[39m
     36 Linear |R| = [33m1.376935e-10[39m
     37 Linear |R| = [33m1.373886e-10[39m
     38 Linear |R| = [33m1.330254e-10[39m
     39 Linear |R| = [33m1.330249e-10[39m
     40 Linear |R| = [32m1.222561e-10[39m
     41 Linear |R| = [32m1.128347e-10[39m
     42 Linear |R| = [32m8.952996e-11[39m
     43 Linear |R| = [33m8.607797e-11[39m
     44 Linear |R| = [32m6.786248e-11[39m
     45 Linear |R| = [32m5.781308e-11[39m
     46 Linear |R| = [32m4.121058e-11[39m
     47 Linear |R| = [33m4.075572e-11[39m
     48 Linear |R| = [32m2.927123e-11[39m
     49 Linear |R| = [32m2.153688e-11[39m
     50 Linear |R| = [32m1.978881e-11[39m
     51 Linear |R| = [32m1.411447e-11[39m
     52 Linear |R| = [33m1.406978e-11[39m
     53 Linear |R| = [32m7.498673e-12[39m
     54 Linear |R| = [33m7.489824e-12[39m
     55 Linear |R| = [32m4.069571e-12[39m
     56 Linear |R| = [33m4.016189e-12[39m
     57 Linear |R| = [32m2.436788e-12[39m
     58 Linear |R| = [32m2.156712e-12[39m
     59 Linear |R| = [32m1.523015e-12[39m
     60 Linear |R| = [32m1.031482e-12[39m
     61 Linear |R| = [33m1.027895e-12[39m
     62 Linear |R| = [33m1.027341e-12[39m
     63 Linear |R| = [33m1.026177e-12[39m
     64 Linear |R| = [33m1.011617e-12[39m
     65 Linear |R| = [33m1.006452e-12[39m
     66 Linear |R| = [33m1.003901e-12[39m
     67 Linear |R| = [33m1.001161e-12[39m
     68 Linear |R| = [32m9.212098e-13[39m
     69 Linear |R| = [32m7.959676e-13[39m
     70 Linear |R| = [33m7.956639e-13[39m
     71 Linear |R| = [32m6.053387e-13[39m
     72 Linear |R| = [33m6.014515e-13[39m
     73 Linear |R| = [32m5.071987e-13[39m
     74 Linear |R| = [33m5.034230e-13[39m
     75 Linear |R| = [32m4.019486e-13[39m
     76 Linear |R| = [33m3.907631e-13[39m
     77 Linear |R| = [32m2.557379e-13[39m
     78 Linear |R| = [33m2.545517e-13[39m
     79 Linear |R| = [32m1.838994e-13[39m
     80 Linear |R| = [33m1.806849e-13[39m
     81 Linear |R| = [32m9.604252e-14[39m
     82 Linear |R| = [32m8.436318e-14[39m
     83 Linear |R| = [32m5.715862e-14[39m
     84 Linear |R| = [32m4.833307e-14[39m
     85 Linear |R| = [32m2.781126e-14[39m
     86 Linear |R| = [32m2.308644e-14[39m
     87 Linear |R| = [32m1.537785e-14[39m
     88 Linear |R| = [32m1.157822e-14[39m
     89 Linear |R| = [32m5.161224e-15[39m
     90 Linear |R| = [31m3.235655e-14[39m
     91 Linear |R| = [32m1.953497e-14[39m
     92 Linear |R| = [32m1.601670e-14[39m
     93 Linear |R| = [32m1.167625e-14[39m
     94 Linear |R| = [33m1.165143e-14[39m
     95 Linear |R| = [32m1.031565e-14[39m
     96 Linear |R| = [32m8.822752e-15[39m
     97 Linear |R| = [32m8.216950e-15[39m
     98 Linear |R| = [32m6.562823e-15[39m
     99 Linear |R| = [33m6.562626e-15[39m
    100 Linear |R| = [32m5.492794e-15[39m
    101 Linear |R| = [32m4.766789e-15[39m
    102 Linear |R| = [33m4.605337e-15[39m
    103 Linear |R| = [32m3.385562e-15[39m
    104 Linear |R| = [32m3.198110e-15[39m
    105 Linear |R| = [32m2.183703e-15[39m
    106 Linear |R| = [33m2.171737e-15[39m
    107 Linear |R| = [32m1.460242e-15[39m
    108 Linear |R| = [33m1.450985e-15[39m
    109 Linear |R| = [32m9.260595e-16[39m
    110 Linear |R| = [32m8.602646e-16[39m
    111 Linear |R| = [32m6.101681e-16[39m
 1 Nonlinear |R| = [32m2.970339e-14[39m
[32m Solve Converged![39m

Postprocessor Values:
+----------------+----------------+----------------+----------------+----------------+----------------+----------------+
| time           | J_max          | J_min          | Jbar_max       | Jbar_min       | center_pressure| edge_ux        |
+----------------+----------------+----------------+----------------+----------------+----------------+----------------+
:                :                :                :                :                :                :                :
|   6.400000e-02 |   9.999761e-01 |   9.999646e-01 |   9.999842e-01 |   9.999808e-01 |   3.868999e-05 |   1.932903e-05 |
|   6.600000e-02 |   9.999759e-01 |   9.999645e-01 |   9.999842e-01 |   9.999808e-01 |   3.812268e-05 |   1.923724e-05 |
|   6.800000e-02 |   9.999756e-01 |   9.999644e-01 |   9.999841e-01 |   9.999808e-01 |   3.756112e-05 |   1.914696e-05 |
|   7.000000e-02 |   9.999754e-01 |   9.999643e-01 |   9.999841e-01 |   9.999808e-01 |   3.700565e-05 |   1.905815e-05 |
|   7.200000e-02 |   9.999752e-01 |   9.999643e-01 |   9.999841e-01 |   9.999809e-01 |   3.645651e-05 |   1.897076e-05 |
|   7.400000e-02 |   9.999749e-01 |   9.999642e-01 |   9.999841e-01 |   9.999809e-01 |   3.591390e-05 |   1.888477e-05 |
|   7.600000e-02 |   9.999747e-01 |   9.999641e-01 |   9.999840e-01 |   9.999809e-01 |   3.537799e-05 |   1.880015e-05 |
|   7.800000e-02 |   9.999745e-01 |   9.999641e-01 |   9.999840e-01 |   9.999809e-01 |   3.484890e-05 |   1.871686e-05 |
|   8.000000e-02 |   9.999743e-01 |   9.999640e-01 |   9.999840e-01 |   9.999809e-01 |   3.432670e-05 |   1.863487e-05 |
|   8.200000e-02 |   9.999741e-01 |   9.999640e-01 |   9.999839e-01 |   9.999810e-01 |   3.381146e-05 |   1.855417e-05 |
|   8.400000e-02 |   9.999738e-01 |   9.999639e-01 |   9.999839e-01 |   9.999810e-01 |   3.330321e-05 |   1.847473e-05 |
|   8.600000e-02 |   9.999736e-01 |   9.999638e-01 |   9.999839e-01 |   9.999810e-01 |   3.280196e-05 |   1.839652e-05 |
|   8.800000e-02 |   9.999734e-01 |   9.999638e-01 |   9.999839e-01 |   9.999810e-01 |   3.230771e-05 |   1.831952e-05 |
|   9.000000e-02 |   9.999732e-01 |   9.999637e-01 |   9.999838e-01 |   9.999810e-01 |   3.182043e-05 |   1.824371e-05 |
|   9.200000e-02 |   9.999730e-01 |   9.999637e-01 |   9.999838e-01 |   9.999810e-01 |   3.134011e-05 |   1.816907e-05 |
+----------------+----------------+----------------+----------------+----------------+----------------+----------------+
+----------------+----------------+----------------+------------------+----------------+----------------+
| time           | mass           | mass_reaction  | outflow_gradient | platen_max     | platen_min     |
+----------------+----------------+----------------+------------------+----------------+----------------+
:                :                :                :                  :                :                :
|   6.400000e-02 |   9.998850e-03 |  -9.731405e-06 |     9.702903e-06 |  -4.733764e-06 |  -4.733764e-06 |
|   6.600000e-02 |   9.998831e-03 |  -9.570295e-06 |     9.542292e-06 |  -4.742942e-06 |  -4.742942e-06 |
|   6.800000e-02 |   9.998812e-03 |  -9.413546e-06 |     9.386025e-06 |  -4.751970e-06 |  -4.751970e-06 |
|   7.000000e-02 |   9.998794e-03 |  -9.260818e-06 |     9.233764e-06 |  -4.760852e-06 |  -4.760852e-06 |
|   7.200000e-02 |   9.998776e-03 |  -9.111814e-06 |     9.085212e-06 |  -4.769591e-06 |  -4.769591e-06 |
|   7.400000e-02 |   9.998758e-03 |  -8.966276e-06 |     8.940114e-06 |  -4.778190e-06 |  -4.778190e-06 |
|   7.600000e-02 |   9.998740e-03 |  -8.823980e-06 |     8.798246e-06 |  -4.786652e-06 |  -4.786652e-06 |
|   7.800000e-02 |   9.998723e-03 |  -8.684729e-06 |     8.659411e-06 |  -4.794981e-06 |  -4.794981e-06 |
|   8.000000e-02 |   9.998706e-03 |  -8.548349e-06 |     8.523439e-06 |  -4.803179e-06 |  -4.803179e-06 |
|   8.200000e-02 |   9.998689e-03 |  -8.414690e-06 |     8.390176e-06 |  -4.811249e-06 |  -4.811249e-06 |
|   8.400000e-02 |   9.998672e-03 |  -8.283616e-06 |     8.259491e-06 |  -4.819194e-06 |  -4.819194e-06 |
|   8.600000e-02 |   9.998656e-03 |  -8.155009e-06 |     8.131265e-06 |  -4.827015e-06 |  -4.827015e-06 |
|   8.800000e-02 |   9.998640e-03 |  -8.028763e-06 |     8.005392e-06 |  -4.834715e-06 |  -4.834715e-06 |
|   9.000000e-02 |   9.998624e-03 |  -7.904784e-06 |     7.881778e-06 |  -4.842296e-06 |  -4.842296e-06 |
|   9.200000e-02 |   9.998608e-03 |  -7.782988e-06 |     7.760340e-06 |  -4.849760e-06 |  -4.849760e-06 |
+----------------+----------------+----------------+------------------+----------------+----------------+
+----------------+--------------------+--------------------+----------------+----------------+----------------+
| time           | solid_fraction_max | solid_fraction_min | stability_max  | stability_min  | top_reaction   |
+----------------+--------------------+--------------------+----------------+----------------+----------------+
:                :                    :                    :                :                :                :
|   6.400000e-02 |       9.000177e-01 |       9.000042e-01 |   2.500000e+00 |   2.500000e+00 |  -1.000000e-04 |
|   6.600000e-02 |       9.000177e-01 |       9.000044e-01 |   2.500000e+00 |   2.500000e+00 |  -1.000000e-04 |
|   6.800000e-02 |       9.000178e-01 |       9.000047e-01 |   2.500000e+00 |   2.500000e+00 |  -1.000000e-04 |
|   7.000000e-02 |       9.000178e-01 |       9.000049e-01 |   2.500000e+00 |   2.500000e+00 |  -1.000000e-04 |
|   7.200000e-02 |       9.000178e-01 |       9.000051e-01 |   2.500000e+00 |   2.500000e+00 |  -1.000000e-04 |
|   7.400000e-02 |       9.000179e-01 |       9.000053e-01 |   2.500000e+00 |   2.500000e+00 |  -1.000000e-04 |
|   7.600000e-02 |       9.000179e-01 |       9.000056e-01 |   2.500000e+00 |   2.500000e+00 |  -1.000000e-04 |
|   7.800000e-02 |       9.000179e-01 |       9.000058e-01 |   2.500000e+00 |   2.500000e+00 |  -1.000000e-04 |
|   8.000000e-02 |       9.000180e-01 |       9.000060e-01 |   2.500000e+00 |   2.500000e+00 |  -1.000000e-04 |
|   8.200000e-02 |       9.000180e-01 |       9.000062e-01 |   2.500000e+00 |   2.500000e+00 |  -1.000000e-04 |
|   8.400000e-02 |       9.000180e-01 |       9.000064e-01 |   2.500000e+00 |   2.500000e+00 |  -1.000000e-04 |
|   8.600000e-02 |       9.000180e-01 |       9.000066e-01 |   2.500000e+00 |   2.500000e+00 |  -1.000000e-04 |
|   8.800000e-02 |       9.000181e-01 |       9.000068e-01 |   2.500000e+00 |   2.500000e+00 |  -1.000000e-04 |
|   9.000000e-02 |       9.000181e-01 |       9.000070e-01 |   2.500000e+00 |   2.500000e+00 |  -1.000000e-04 |
|   9.200000e-02 |       9.000181e-01 |       9.000072e-01 |   2.500000e+00 |   2.500000e+00 |  -1.000000e-04 |
+----------------+--------------------+--------------------+----------------+----------------+----------------+


Time Step 47, time = 0.094, dt = 0.002
 * Nonlinear |R| = [32m7.985618e-07[39m (Before preset BCs, predictors, correctors, and constraints)
 0 Nonlinear |R| = [32m7.985618e-07[39m
      0 Linear |R| = [32m7.985618e-07[39m
      1 Linear |R| = [32m1.593479e-07[39m
      2 Linear |R| = [33m1.592022e-07[39m
      3 Linear |R| = [33m1.548245e-07[39m
      4 Linear |R| = [32m1.350435e-07[39m
      5 Linear |R| = [32m1.148430e-07[39m
      6 Linear |R| = [32m1.057114e-07[39m
      7 Linear |R| = [33m1.016621e-07[39m
      8 Linear |R| = [32m8.973105e-08[39m
      9 Linear |R| = [32m5.276511e-08[39m
     10 Linear |R| = [32m4.439597e-08[39m
     11 Linear |R| = [33m4.345222e-08[39m
     12 Linear |R| = [32m2.562049e-08[39m
     13 Linear |R| = [33m2.557340e-08[39m
     14 Linear |R| = [32m1.726102e-08[39m
     15 Linear |R| = [33m1.669744e-08[39m
     16 Linear |R| = [32m1.215896e-08[39m
     17 Linear |R| = [32m1.097222e-08[39m
     18 Linear |R| = [32m7.292541e-09[39m
     19 Linear |R| = [33m7.148474e-09[39m
     20 Linear |R| = [32m5.243043e-09[39m
     21 Linear |R| = [32m4.017471e-09[39m
     22 Linear |R| = [32m3.153470e-09[39m
     23 Linear |R| = [32m2.370469e-09[39m
     24 Linear |R| = [32m1.661920e-09[39m
     25 Linear |R| = [32m8.208528e-10[39m
     26 Linear |R| = [33m7.829290e-10[39m
     27 Linear |R| = [32m3.736884e-10[39m
     28 Linear |R| = [33m3.698431e-10[39m
     29 Linear |R| = [32m1.967675e-10[39m
     30 Linear |R| = [33m1.923805e-10[39m
     31 Linear |R| = [33m1.885093e-10[39m
     32 Linear |R| = [33m1.872093e-10[39m
     33 Linear |R| = [33m1.865209e-10[39m
     34 Linear |R| = [32m1.768760e-10[39m
     35 Linear |R| = [32m1.366116e-10[39m
     36 Linear |R| = [33m1.356678e-10[39m
     37 Linear |R| = [33m1.353591e-10[39m
     38 Linear |R| = [33m1.310920e-10[39m
     39 Linear |R| = [33m1.310916e-10[39m
     40 Linear |R| = [32m1.204988e-10[39m
     41 Linear |R| = [32m1.109964e-10[39m
     42 Linear |R| = [32m8.817521e-11[39m
     43 Linear |R| = [33m8.473294e-11[39m
     44 Linear |R| = [32m6.696246e-11[39m
     45 Linear |R| = [32m5.699047e-11[39m
     46 Linear |R| = [32m4.063446e-11[39m
     47 Linear |R| = [33m4.018356e-11[39m
     48 Linear |R| = [32m2.884218e-11[39m
     49 Linear |R| = [32m2.120841e-11[39m
     50 Linear |R| = [32m1.945021e-11[39m
     51 Linear |R| = [32m1.392615e-11[39m
     52 Linear |R| = [33m1.388207e-11[39m
     53 Linear |R| = [32m7.390370e-12[39m
     54 Linear |R| = [33m7.383445e-12[39m
     55 Linear |R| = [32m4.015706e-12[39m
     56 Linear |R| = [33m3.962720e-12[39m
     57 Linear |R| = [32m2.405042e-12[39m
     58 Linear |R| = [32m2.130234e-12[39m
     59 Linear |R| = [32m1.502881e-12[39m
     60 Linear |R| = [32m1.017961e-12[39m
     61 Linear |R| = [33m1.014331e-12[39m
     62 Linear |R| = [33m1.013677e-12[39m
     63 Linear |R| = [33m1.012653e-12[39m
     64 Linear |R| = [33m9.980435e-13[39m
     65 Linear |R| = [33m9.929214e-13[39m
     66 Linear |R| = [33m9.904895e-13[39m
     67 Linear |R| = [33m9.875350e-13[39m
     68 Linear |R| = [32m9.097161e-13[39m
     69 Linear |R| = [32m7.840541e-13[39m
     70 Linear |R| = [33m7.840005e-13[39m
     71 Linear |R| = [32m5.936489e-13[39m
     72 Linear |R| = [33m5.910068e-13[39m
     73 Linear |R| = [32m4.991756e-13[39m
     74 Linear |R| = [33m4.954694e-13[39m
     75 Linear |R| = [32m3.957094e-13[39m
     76 Linear |R| = [33m3.853078e-13[39m
     77 Linear |R| = [32m2.519972e-13[39m
     78 Linear |R| = [33m2.508783e-13[39m
     79 Linear |R| = [32m1.816251e-13[39m
     80 Linear |R| = [33m1.781798e-13[39m
     81 Linear |R| = [32m9.446229e-14[39m
     82 Linear |R| = [32m8.320766e-14[39m
     83 Linear |R| = [32m5.603905e-14[39m
     84 Linear |R| = [32m4.764450e-14[39m
     85 Linear |R| = [32m2.732451e-14[39m
     86 Linear |R| = [32m2.269418e-14[39m
     87 Linear |R| = [32m1.504277e-14[39m
     88 Linear |R| = [32m1.137023e-14[39m
     89 Linear |R| = [32m5.084533e-15[39m
     90 Linear |R| = [31m2.732158e-14[39m
     91 Linear |R| = [32m1.118904e-14[39m
     92 Linear |R| = [33m1.118564e-14[39m
     93 Linear |R| = [32m9.089506e-15[39m
     94 Linear |R| = [33m8.731665e-15[39m
     95 Linear |R| = [33m8.700543e-15[39m
     96 Linear |R| = [32m6.525607e-15[39m
     97 Linear |R| = [33m6.387934e-15[39m
     98 Linear |R| = [32m5.933685e-15[39m
     99 Linear |R| = [33m5.914404e-15[39m
    100 Linear |R| = [33m5.800262e-15[39m
    101 Linear |R| = [32m4.929369e-15[39m
    102 Linear |R| = [33m4.707944e-15[39m
    103 Linear |R| = [32m2.915916e-15[39m
    104 Linear |R| = [33m2.829320e-15[39m
    105 Linear |R| = [32m2.186459e-15[39m
    106 Linear |R| = [33m2.182628e-15[39m
    107 Linear |R| = [32m1.397214e-15[39m
    108 Linear |R| = [33m1.390000e-15[39m
    109 Linear |R| = [32m9.254614e-16[39m
    110 Linear |R| = [33m9.136617e-16[39m
    111 Linear |R| = [32m5.801253e-16[39m
 1 Nonlinear |R| = [32m3.022794e-14[39m
[32m Solve Converged![39m

Postprocessor Values:
+----------------+----------------+----------------+----------------+----------------+----------------+----------------+
| time           | J_max          | J_min          | Jbar_max       | Jbar_min       | center_pressure| edge_ux        |
+----------------+----------------+----------------+----------------+----------------+----------------+----------------+
:                :                :                :                :                :                :                :
|   6.600000e-02 |   9.999759e-01 |   9.999645e-01 |   9.999842e-01 |   9.999808e-01 |   3.812268e-05 |   1.923724e-05 |
|   6.800000e-02 |   9.999756e-01 |   9.999644e-01 |   9.999841e-01 |   9.999808e-01 |   3.756112e-05 |   1.914696e-05 |
|   7.000000e-02 |   9.999754e-01 |   9.999643e-01 |   9.999841e-01 |   9.999808e-01 |   3.700565e-05 |   1.905815e-05 |
|   7.200000e-02 |   9.999752e-01 |   9.999643e-01 |   9.999841e-01 |   9.999809e-01 |   3.645651e-05 |   1.897076e-05 |
|   7.400000e-02 |   9.999749e-01 |   9.999642e-01 |   9.999841e-01 |   9.999809e-01 |   3.591390e-05 |   1.888477e-05 |
|   7.600000e-02 |   9.999747e-01 |   9.999641e-01 |   9.999840e-01 |   9.999809e-01 |   3.537799e-05 |   1.880015e-05 |
|   7.800000e-02 |   9.999745e-01 |   9.999641e-01 |   9.999840e-01 |   9.999809e-01 |   3.484890e-05 |   1.871686e-05 |
|   8.000000e-02 |   9.999743e-01 |   9.999640e-01 |   9.999840e-01 |   9.999809e-01 |   3.432670e-05 |   1.863487e-05 |
|   8.200000e-02 |   9.999741e-01 |   9.999640e-01 |   9.999839e-01 |   9.999810e-01 |   3.381146e-05 |   1.855417e-05 |
|   8.400000e-02 |   9.999738e-01 |   9.999639e-01 |   9.999839e-01 |   9.999810e-01 |   3.330321e-05 |   1.847473e-05 |
|   8.600000e-02 |   9.999736e-01 |   9.999638e-01 |   9.999839e-01 |   9.999810e-01 |   3.280196e-05 |   1.839652e-05 |
|   8.800000e-02 |   9.999734e-01 |   9.999638e-01 |   9.999839e-01 |   9.999810e-01 |   3.230771e-05 |   1.831952e-05 |
|   9.000000e-02 |   9.999732e-01 |   9.999637e-01 |   9.999838e-01 |   9.999810e-01 |   3.182043e-05 |   1.824371e-05 |
|   9.200000e-02 |   9.999730e-01 |   9.999637e-01 |   9.999838e-01 |   9.999810e-01 |   3.134011e-05 |   1.816907e-05 |
|   9.400000e-02 |   9.999728e-01 |   9.999636e-01 |   9.999838e-01 |   9.999811e-01 |   3.086669e-05 |   1.809557e-05 |
+----------------+----------------+----------------+----------------+----------------+----------------+----------------+
+----------------+----------------+----------------+------------------+----------------+----------------+
| time           | mass           | mass_reaction  | outflow_gradient | platen_max     | platen_min     |
+----------------+----------------+----------------+------------------+----------------+----------------+
:                :                :                :                  :                :                :
|   6.600000e-02 |   9.998831e-03 |  -9.570295e-06 |     9.542292e-06 |  -4.742942e-06 |  -4.742942e-06 |
|   6.800000e-02 |   9.998812e-03 |  -9.413546e-06 |     9.386025e-06 |  -4.751970e-06 |  -4.751970e-06 |
|   7.000000e-02 |   9.998794e-03 |  -9.260818e-06 |     9.233764e-06 |  -4.760852e-06 |  -4.760852e-06 |
|   7.200000e-02 |   9.998776e-03 |  -9.111814e-06 |     9.085212e-06 |  -4.769591e-06 |  -4.769591e-06 |
|   7.400000e-02 |   9.998758e-03 |  -8.966276e-06 |     8.940114e-06 |  -4.778190e-06 |  -4.778190e-06 |
|   7.600000e-02 |   9.998740e-03 |  -8.823980e-06 |     8.798246e-06 |  -4.786652e-06 |  -4.786652e-06 |
|   7.800000e-02 |   9.998723e-03 |  -8.684729e-06 |     8.659411e-06 |  -4.794981e-06 |  -4.794981e-06 |
|   8.000000e-02 |   9.998706e-03 |  -8.548349e-06 |     8.523439e-06 |  -4.803179e-06 |  -4.803179e-06 |
|   8.200000e-02 |   9.998689e-03 |  -8.414690e-06 |     8.390176e-06 |  -4.811249e-06 |  -4.811249e-06 |
|   8.400000e-02 |   9.998672e-03 |  -8.283616e-06 |     8.259491e-06 |  -4.819194e-06 |  -4.819194e-06 |
|   8.600000e-02 |   9.998656e-03 |  -8.155009e-06 |     8.131265e-06 |  -4.827015e-06 |  -4.827015e-06 |
|   8.800000e-02 |   9.998640e-03 |  -8.028763e-06 |     8.005392e-06 |  -4.834715e-06 |  -4.834715e-06 |
|   9.000000e-02 |   9.998624e-03 |  -7.904784e-06 |     7.881778e-06 |  -4.842296e-06 |  -4.842296e-06 |
|   9.200000e-02 |   9.998608e-03 |  -7.782988e-06 |     7.760340e-06 |  -4.849760e-06 |  -4.849760e-06 |
|   9.400000e-02 |   9.998593e-03 |  -7.663299e-06 |     7.641002e-06 |  -4.857109e-06 |  -4.857109e-06 |
+----------------+----------------+----------------+------------------+----------------+----------------+
+----------------+--------------------+--------------------+----------------+----------------+----------------+
| time           | solid_fraction_max | solid_fraction_min | stability_max  | stability_min  | top_reaction   |
+----------------+--------------------+--------------------+----------------+----------------+----------------+
:                :                    :                    :                :                :                :
|   6.600000e-02 |       9.000177e-01 |       9.000044e-01 |   2.500000e+00 |   2.500000e+00 |  -1.000000e-04 |
|   6.800000e-02 |       9.000178e-01 |       9.000047e-01 |   2.500000e+00 |   2.500000e+00 |  -1.000000e-04 |
|   7.000000e-02 |       9.000178e-01 |       9.000049e-01 |   2.500000e+00 |   2.500000e+00 |  -1.000000e-04 |
|   7.200000e-02 |       9.000178e-01 |       9.000051e-01 |   2.500000e+00 |   2.500000e+00 |  -1.000000e-04 |
|   7.400000e-02 |       9.000179e-01 |       9.000053e-01 |   2.500000e+00 |   2.500000e+00 |  -1.000000e-04 |
|   7.600000e-02 |       9.000179e-01 |       9.000056e-01 |   2.500000e+00 |   2.500000e+00 |  -1.000000e-04 |
|   7.800000e-02 |       9.000179e-01 |       9.000058e-01 |   2.500000e+00 |   2.500000e+00 |  -1.000000e-04 |
|   8.000000e-02 |       9.000180e-01 |       9.000060e-01 |   2.500000e+00 |   2.500000e+00 |  -1.000000e-04 |
|   8.200000e-02 |       9.000180e-01 |       9.000062e-01 |   2.500000e+00 |   2.500000e+00 |  -1.000000e-04 |
|   8.400000e-02 |       9.000180e-01 |       9.000064e-01 |   2.500000e+00 |   2.500000e+00 |  -1.000000e-04 |
|   8.600000e-02 |       9.000180e-01 |       9.000066e-01 |   2.500000e+00 |   2.500000e+00 |  -1.000000e-04 |
|   8.800000e-02 |       9.000181e-01 |       9.000068e-01 |   2.500000e+00 |   2.500000e+00 |  -1.000000e-04 |
|   9.000000e-02 |       9.000181e-01 |       9.000070e-01 |   2.500000e+00 |   2.500000e+00 |  -1.000000e-04 |
|   9.200000e-02 |       9.000181e-01 |       9.000072e-01 |   2.500000e+00 |   2.500000e+00 |  -1.000000e-04 |
|   9.400000e-02 |       9.000182e-01 |       9.000074e-01 |   2.500000e+00 |   2.500000e+00 |  -1.000000e-04 |
+----------------+--------------------+--------------------+----------------+----------------+----------------+


Time Step 48, time = 0.096, dt = 0.002
 * Nonlinear |R| = [32m7.864014e-07[39m (Before preset BCs, predictors, correctors, and constraints)
 0 Nonlinear |R| = [32m7.864014e-07[39m
      0 Linear |R| = [32m7.864014e-07[39m
      1 Linear |R| = [32m1.568501e-07[39m
      2 Linear |R| = [33m1.567050e-07[39m
      3 Linear |R| = [33m1.524088e-07[39m
      4 Linear |R| = [32m1.329896e-07[39m
      5 Linear |R| = [32m1.130880e-07[39m
      6 Linear |R| = [32m1.040968e-07[39m
      7 Linear |R| = [33m1.001121e-07[39m
      8 Linear |R| = [32m8.835918e-08[39m
      9 Linear |R| = [32m5.156187e-08[39m
     10 Linear |R| = [32m4.371473e-08[39m
     11 Linear |R| = [33m4.273588e-08[39m
     12 Linear |R| = [32m2.523720e-08[39m
     13 Linear |R| = [33m2.519094e-08[39m
     14 Linear |R| = [32m1.699802e-08[39m
     15 Linear |R| = [33m1.644510e-08[39m
     16 Linear |R| = [32m1.197391e-08[39m
     17 Linear |R| = [32m1.080480e-08[39m
     18 Linear |R| = [32m7.180266e-09[39m
     19 Linear |R| = [33m7.037821e-09[39m
     20 Linear |R| = [32m5.162381e-09[39m
     21 Linear |R| = [32m3.949719e-09[39m
     22 Linear |R| = [32m3.104888e-09[39m
     23 Linear |R| = [32m2.333207e-09[39m
     24 Linear |R| = [32m1.636364e-09[39m
     25 Linear |R| = [32m8.085198e-10[39m
     26 Linear |R| = [33m7.710272e-10[39m
     27 Linear |R| = [32m3.686498e-10[39m
     28 Linear |R| = [33m3.652248e-10[39m
     29 Linear |R| = [32m1.938378e-10[39m
     30 Linear |R| = [33m1.896118e-10[39m
     31 Linear |R| = [33m1.858790e-10[39m
     32 Linear |R| = [33m1.845898e-10[39m
     33 Linear |R| = [33m1.839154e-10[39m
     34 Linear |R| = [32m1.743505e-10[39m
     35 Linear |R| = [32m1.345761e-10[39m
     36 Linear |R| = [33m1.336628e-10[39m
     37 Linear |R| = [33m1.333816e-10[39m
     38 Linear |R| = [33m1.291913e-10[39m
     39 Linear |R| = [33m1.291913e-10[39m
     40 Linear |R| = [32m1.187274e-10[39m
     41 Linear |R| = [32m1.091962e-10[39m
     42 Linear |R| = [32m8.679968e-11[39m
     43 Linear |R| = [33m8.339601e-11[39m
     44 Linear |R| = [32m6.604915e-11[39m
     45 Linear |R| = [32m5.616291e-11[39m
     46 Linear |R| = [32m4.003850e-11[39m
     47 Linear |R| = [33m3.959927e-11[39m
     48 Linear |R| = [32m2.842011e-11[39m
     49 Linear |R| = [32m2.088728e-11[39m
     50 Linear |R| = [32m1.914313e-11[39m
     51 Linear |R| = [32m1.373653e-11[39m
     52 Linear |R| = [33m1.369296e-11[39m
     53 Linear |R| = [32m7.283431e-12[39m
     54 Linear |R| = [33m7.277892e-12[39m
     55 Linear |R| = [32m3.961575e-12[39m
     56 Linear |R| = [33m3.908978e-12[39m
     57 Linear |R| = [32m2.373208e-12[39m
     58 Linear |R| = [32m2.103272e-12[39m
     59 Linear |R| = [32m1.494360e-12[39m
     60 Linear |R| = [32m1.005032e-12[39m
     61 Linear |R| = [33m1.001541e-12[39m
     62 Linear |R| = [33m1.000865e-12[39m
     63 Linear |R| = [33m9.999124e-13[39m
     64 Linear |R| = [33m9.848368e-13[39m
     65 Linear |R| = [33m9.801440e-13[39m
     66 Linear |R| = [33m9.780293e-13[39m
     67 Linear |R| = [33m9.757352e-13[39m
     68 Linear |R| = [32m8.996063e-13[39m
     69 Linear |R| = [32m7.746300e-13[39m
     70 Linear |R| = [33m7.744797e-13[39m
     71 Linear |R| = [32m5.882290e-13[39m
     72 Linear |R| = [33m5.853769e-13[39m
     73 Linear |R| = [32m4.926762e-13[39m
     74 Linear |R| = [33m4.894435e-13[39m
     75 Linear |R| = [32m3.908680e-13[39m
     76 Linear |R| = [33m3.806716e-13[39m
     77 Linear |R| = [32m2.489705e-13[39m
     78 Linear |R| = [33m2.478358e-13[39m
     79 Linear |R| = [32m1.790609e-13[39m
     80 Linear |R| = [33m1.755922e-13[39m
     81 Linear |R| = [32m9.362444e-14[39m
     82 Linear |R| = [32m8.220241e-14[39m
     83 Linear |R| = [32m5.565646e-14[39m
     84 Linear |R| = [32m4.703190e-14[39m
     85 Linear |R| = [32m2.699131e-14[39m
     86 Linear |R| = [32m2.238687e-14[39m
     87 Linear |R| = [32m1.481758e-14[39m
     88 Linear |R| = [32m1.119114e-14[39m
     89 Linear |R| = [32m4.925085e-15[39m
     90 Linear |R| = [31m2.738814e-14[39m
     91 Linear |R| = [32m1.142409e-14[39m
     92 Linear |R| = [32m1.068437e-14[39m
     93 Linear |R| = [33m1.066578e-14[39m
     94 Linear |R| = [32m9.419138e-15[39m
     95 Linear |R| = [33m9.394078e-15[39m
     96 Linear |R| = [32m6.010559e-15[39m
     97 Linear |R| = [32m5.075294e-15[39m
     98 Linear |R| = [32m3.208860e-15[39m
     99 Linear |R| = [33m3.208009e-15[39m
    100 Linear |R| = [32m2.813889e-15[39m
    101 Linear |R| = [33m2.811406e-15[39m
    102 Linear |R| = [33m2.677321e-15[39m
    103 Linear |R| = [32m2.414493e-15[39m
    104 Linear |R| = [33m2.398453e-15[39m
    105 Linear |R| = [32m1.613304e-15[39m
    106 Linear |R| = [32m1.479155e-15[39m
    107 Linear |R| = [32m1.232388e-15[39m
    108 Linear |R| = [32m1.037394e-15[39m
    109 Linear |R| = [32m8.078726e-16[39m
    110 Linear |R| = [32m6.784413e-16[39m
 1 Nonlinear |R| = [32m2.710257e-14[39m
[32m Solve Converged![39m

Postprocessor Values:
+----------------+----------------+----------------+----------------+----------------+----------------+----------------+
| time           | J_max          | J_min          | Jbar_max       | Jbar_min       | center_pressure| edge_ux        |
+----------------+----------------+----------------+----------------+----------------+----------------+----------------+
:                :                :                :                :                :                :                :
|   6.800000e-02 |   9.999756e-01 |   9.999644e-01 |   9.999841e-01 |   9.999808e-01 |   3.756112e-05 |   1.914696e-05 |
|   7.000000e-02 |   9.999754e-01 |   9.999643e-01 |   9.999841e-01 |   9.999808e-01 |   3.700565e-05 |   1.905815e-05 |
|   7.200000e-02 |   9.999752e-01 |   9.999643e-01 |   9.999841e-01 |   9.999809e-01 |   3.645651e-05 |   1.897076e-05 |
|   7.400000e-02 |   9.999749e-01 |   9.999642e-01 |   9.999841e-01 |   9.999809e-01 |   3.591390e-05 |   1.888477e-05 |
|   7.600000e-02 |   9.999747e-01 |   9.999641e-01 |   9.999840e-01 |   9.999809e-01 |   3.537799e-05 |   1.880015e-05 |
|   7.800000e-02 |   9.999745e-01 |   9.999641e-01 |   9.999840e-01 |   9.999809e-01 |   3.484890e-05 |   1.871686e-05 |
|   8.000000e-02 |   9.999743e-01 |   9.999640e-01 |   9.999840e-01 |   9.999809e-01 |   3.432670e-05 |   1.863487e-05 |
|   8.200000e-02 |   9.999741e-01 |   9.999640e-01 |   9.999839e-01 |   9.999810e-01 |   3.381146e-05 |   1.855417e-05 |
|   8.400000e-02 |   9.999738e-01 |   9.999639e-01 |   9.999839e-01 |   9.999810e-01 |   3.330321e-05 |   1.847473e-05 |
|   8.600000e-02 |   9.999736e-01 |   9.999638e-01 |   9.999839e-01 |   9.999810e-01 |   3.280196e-05 |   1.839652e-05 |
|   8.800000e-02 |   9.999734e-01 |   9.999638e-01 |   9.999839e-01 |   9.999810e-01 |   3.230771e-05 |   1.831952e-05 |
|   9.000000e-02 |   9.999732e-01 |   9.999637e-01 |   9.999838e-01 |   9.999810e-01 |   3.182043e-05 |   1.824371e-05 |
|   9.200000e-02 |   9.999730e-01 |   9.999637e-01 |   9.999838e-01 |   9.999810e-01 |   3.134011e-05 |   1.816907e-05 |
|   9.400000e-02 |   9.999728e-01 |   9.999636e-01 |   9.999838e-01 |   9.999811e-01 |   3.086669e-05 |   1.809557e-05 |
|   9.600000e-02 |   9.999726e-01 |   9.999636e-01 |   9.999838e-01 |   9.999811e-01 |   3.040012e-05 |   1.802321e-05 |
+----------------+----------------+----------------+----------------+----------------+----------------+----------------+
+----------------+----------------+----------------+------------------+----------------+----------------+
| time           | mass           | mass_reaction  | outflow_gradient | platen_max     | platen_min     |
+----------------+----------------+----------------+------------------+----------------+----------------+
:                :                :                :                  :                :                :
|   6.800000e-02 |   9.998812e-03 |  -9.413546e-06 |     9.386025e-06 |  -4.751970e-06 |  -4.751970e-06 |
|   7.000000e-02 |   9.998794e-03 |  -9.260818e-06 |     9.233764e-06 |  -4.760852e-06 |  -4.760852e-06 |
|   7.200000e-02 |   9.998776e-03 |  -9.111814e-06 |     9.085212e-06 |  -4.769591e-06 |  -4.769591e-06 |
|   7.400000e-02 |   9.998758e-03 |  -8.966276e-06 |     8.940114e-06 |  -4.778190e-06 |  -4.778190e-06 |
|   7.600000e-02 |   9.998740e-03 |  -8.823980e-06 |     8.798246e-06 |  -4.786652e-06 |  -4.786652e-06 |
|   7.800000e-02 |   9.998723e-03 |  -8.684729e-06 |     8.659411e-06 |  -4.794981e-06 |  -4.794981e-06 |
|   8.000000e-02 |   9.998706e-03 |  -8.548349e-06 |     8.523439e-06 |  -4.803179e-06 |  -4.803179e-06 |
|   8.200000e-02 |   9.998689e-03 |  -8.414690e-06 |     8.390176e-06 |  -4.811249e-06 |  -4.811249e-06 |
|   8.400000e-02 |   9.998672e-03 |  -8.283616e-06 |     8.259491e-06 |  -4.819194e-06 |  -4.819194e-06 |
|   8.600000e-02 |   9.998656e-03 |  -8.155009e-06 |     8.131265e-06 |  -4.827015e-06 |  -4.827015e-06 |
|   8.800000e-02 |   9.998640e-03 |  -8.028763e-06 |     8.005392e-06 |  -4.834715e-06 |  -4.834715e-06 |
|   9.000000e-02 |   9.998624e-03 |  -7.904784e-06 |     7.881778e-06 |  -4.842296e-06 |  -4.842296e-06 |
|   9.200000e-02 |   9.998608e-03 |  -7.782988e-06 |     7.760340e-06 |  -4.849760e-06 |  -4.849760e-06 |
|   9.400000e-02 |   9.998593e-03 |  -7.663299e-06 |     7.641002e-06 |  -4.857109e-06 |  -4.857109e-06 |
|   9.600000e-02 |   9.998578e-03 |  -7.545647e-06 |     7.523695e-06 |  -4.864346e-06 |  -4.864346e-06 |
+----------------+----------------+----------------+------------------+----------------+----------------+
+----------------+--------------------+--------------------+----------------+----------------+----------------+
| time           | solid_fraction_max | solid_fraction_min | stability_max  | stability_min  | top_reaction   |
+----------------+--------------------+--------------------+----------------+----------------+----------------+
:                :                    :                    :                :                :                :
|   6.800000e-02 |       9.000178e-01 |       9.000047e-01 |   2.500000e+00 |   2.500000e+00 |  -1.000000e-04 |
|   7.000000e-02 |       9.000178e-01 |       9.000049e-01 |   2.500000e+00 |   2.500000e+00 |  -1.000000e-04 |
|   7.200000e-02 |       9.000178e-01 |       9.000051e-01 |   2.500000e+00 |   2.500000e+00 |  -1.000000e-04 |
|   7.400000e-02 |       9.000179e-01 |       9.000053e-01 |   2.500000e+00 |   2.500000e+00 |  -1.000000e-04 |
|   7.600000e-02 |       9.000179e-01 |       9.000056e-01 |   2.500000e+00 |   2.500000e+00 |  -1.000000e-04 |
|   7.800000e-02 |       9.000179e-01 |       9.000058e-01 |   2.500000e+00 |   2.500000e+00 |  -1.000000e-04 |
|   8.000000e-02 |       9.000180e-01 |       9.000060e-01 |   2.500000e+00 |   2.500000e+00 |  -1.000000e-04 |
|   8.200000e-02 |       9.000180e-01 |       9.000062e-01 |   2.500000e+00 |   2.500000e+00 |  -1.000000e-04 |
|   8.400000e-02 |       9.000180e-01 |       9.000064e-01 |   2.500000e+00 |   2.500000e+00 |  -1.000000e-04 |
|   8.600000e-02 |       9.000180e-01 |       9.000066e-01 |   2.500000e+00 |   2.500000e+00 |  -1.000000e-04 |
|   8.800000e-02 |       9.000181e-01 |       9.000068e-01 |   2.500000e+00 |   2.500000e+00 |  -1.000000e-04 |
|   9.000000e-02 |       9.000181e-01 |       9.000070e-01 |   2.500000e+00 |   2.500000e+00 |  -1.000000e-04 |
|   9.200000e-02 |       9.000181e-01 |       9.000072e-01 |   2.500000e+00 |   2.500000e+00 |  -1.000000e-04 |
|   9.400000e-02 |       9.000182e-01 |       9.000074e-01 |   2.500000e+00 |   2.500000e+00 |  -1.000000e-04 |
|   9.600000e-02 |       9.000182e-01 |       9.000076e-01 |   2.500000e+00 |   2.500000e+00 |  -1.000000e-04 |
+----------------+--------------------+--------------------+----------------+----------------+----------------+


Time Step 49, time = 0.098, dt = 0.002
 * Nonlinear |R| = [32m7.744314e-07[39m (Before preset BCs, predictors, correctors, and constraints)
 0 Nonlinear |R| = [32m7.744314e-07[39m
      0 Linear |R| = [32m7.744314e-07[39m
      1 Linear |R| = [32m1.544015e-07[39m
      2 Linear |R| = [33m1.542573e-07[39m
      3 Linear |R| = [33m1.500391e-07[39m
      4 Linear |R| = [32m1.309673e-07[39m
      5 Linear |R| = [32m1.113613e-07[39m
      6 Linear |R| = [32m1.025081e-07[39m
      7 Linear |R| = [33m9.858673e-08[39m
      8 Linear |R| = [32m8.700960e-08[39m
      9 Linear |R| = [32m5.044194e-08[39m
     10 Linear |R| = [32m4.304444e-08[39m
     11 Linear |R| = [33m4.203189e-08[39m
     12 Linear |R| = [32m2.485894e-08[39m
     13 Linear |R| = [33m2.481347e-08[39m
     14 Linear |R| = [32m1.673914e-08[39m
     15 Linear |R| = [33m1.619642e-08[39m
     16 Linear |R| = [32m1.179172e-08[39m
     17 Linear |R| = [32m1.064004e-08[39m
     18 Linear |R| = [32m7.069919e-09[39m
     19 Linear |R| = [33m6.929152e-09[39m
     20 Linear |R| = [32m5.083096e-09[39m
     21 Linear |R| = [32m3.883942e-09[39m
     22 Linear |R| = [32m3.057145e-09[39m
     23 Linear |R| = [32m2.296689e-09[39m
     24 Linear |R| = [32m1.611242e-09[39m
     25 Linear |R| = [32m7.963581e-10[39m
     26 Linear |R| = [33m7.593089e-10[39m
     27 Linear |R| = [32m3.635998e-10[39m
     28 Linear |R| = [33m3.605204e-10[39m
     29 Linear |R| = [32m1.909436e-10[39m
     30 Linear |R| = [33m1.868602e-10[39m
     31 Linear |R| = [33m1.832502e-10[39m
     32 Linear |R| = [33m1.819760e-10[39m
     33 Linear |R| = [33m1.813152e-10[39m
     34 Linear |R| = [32m1.718534e-10[39m
     35 Linear |R| = [32m1.325764e-10[39m
     36 Linear |R| = [33m1.316843e-10[39m
     37 Linear |R| = [33m1.314075e-10[39m
     38 Linear |R| = [33m1.272982e-10[39m
     39 Linear |R| = [33m1.272981e-10[39m
     40 Linear |R| = [32m1.169886e-10[39m
     41 Linear |R| = [32m1.074461e-10[39m
     42 Linear |R| = [32m8.549257e-11[39m
     43 Linear |R| = [33m8.210788e-11[39m
     44 Linear |R| = [32m6.513737e-11[39m
     45 Linear |R| = [32m5.535013e-11[39m
     46 Linear |R| = [32m3.944177e-11[39m
     47 Linear |R| = [33m3.901910e-11[39m
     48 Linear |R| = [32m2.795135e-11[39m
     49 Linear |R| = [32m2.055690e-11[39m
     50 Linear |R| = [32m1.871917e-11[39m
     51 Linear |R| = [32m1.354173e-11[39m
     52 Linear |R| = [33m1.349570e-11[39m
     53 Linear |R| = [32m7.176521e-12[39m
     54 Linear |R| = [33m7.172022e-12[39m
     55 Linear |R| = [32m3.906809e-12[39m
     56 Linear |R| = [33m3.854720e-12[39m
     57 Linear |R| = [32m2.340605e-12[39m
     58 Linear |R| = [32m2.075651e-12[39m
     59 Linear |R| = [32m1.463790e-12[39m
     60 Linear |R| = [32m9.906279e-13[39m
     61 Linear |R| = [33m9.870510e-13[39m
     62 Linear |R| = [33m9.864349e-13[39m
     63 Linear |R| = [33m9.853927e-13[39m
     64 Linear |R| = [33m9.707728e-13[39m
     65 Linear |R| = [33m9.659720e-13[39m
     66 Linear |R| = [33m9.638585e-13[39m
     67 Linear |R| = [33m9.614348e-13[39m
     68 Linear |R| = [32m8.855409e-13[39m
     69 Linear |R| = [32m7.621246e-13[39m
     70 Linear |R| = [33m7.620882e-13[39m
     71 Linear |R| = [32m5.772654e-13[39m
     72 Linear |R| = [33m5.748829e-13[39m
     73 Linear |R| = [32m4.853021e-13[39m
     74 Linear |R| = [33m4.819853e-13[39m
     75 Linear |R| = [32m3.849652e-13[39m
     76 Linear |R| = [33m3.745909e-13[39m
     77 Linear |R| = [32m2.452604e-13[39m
     78 Linear |R| = [33m2.440814e-13[39m
     79 Linear |R| = [32m1.766610e-13[39m
     80 Linear |R| = [33m1.731709e-13[39m
     81 Linear |R| = [32m9.192419e-14[39m
     82 Linear |R| = [32m8.081847e-14[39m
     83 Linear |R| = [32m5.454976e-14[39m
     84 Linear |R| = [32m4.625098e-14[39m
     85 Linear |R| = [32m2.658901e-14[39m
     86 Linear |R| = [32m2.206164e-14[39m
     87 Linear |R| = [32m1.460659e-14[39m
     88 Linear |R| = [32m1.104834e-14[39m
     89 Linear |R| = [32m4.865741e-15[39m
     90 Linear |R| = [31m2.663557e-14[39m
     91 Linear |R| = [32m1.308370e-14[39m
     92 Linear |R| = [32m1.111709e-14[39m
     93 Linear |R| = [32m1.049112e-14[39m
     94 Linear |R| = [33m1.047576e-14[39m
     95 Linear |R| = [33m1.032244e-14[39m
     96 Linear |R| = [32m9.359766e-15[39m
     97 Linear |R| = [32m8.625267e-15[39m
     98 Linear |R| = [33m8.565476e-15[39m
     99 Linear |R| = [32m5.765759e-15[39m
    100 Linear |R| = [33m5.572315e-15[39m
    101 Linear |R| = [32m3.914936e-15[39m
    102 Linear |R| = [32m3.620904e-15[39m
    103 Linear |R| = [32m2.609886e-15[39m
    104 Linear |R| = [32m2.027004e-15[39m
    105 Linear |R| = [32m1.908992e-15[39m
    106 Linear |R| = [32m1.259099e-15[39m
    107 Linear |R| = [32m1.135988e-15[39m
    108 Linear |R| = [32m1.010994e-15[39m
    109 Linear |R| = [32m7.306998e-16[39m
 1 Nonlinear |R| = [32m2.924817e-14[39m
[32m Solve Converged![39m

Postprocessor Values:
+----------------+----------------+----------------+----------------+----------------+----------------+----------------+
| time           | J_max          | J_min          | Jbar_max       | Jbar_min       | center_pressure| edge_ux        |
+----------------+----------------+----------------+----------------+----------------+----------------+----------------+
:                :                :                :                :                :                :                :
|   7.000000e-02 |   9.999754e-01 |   9.999643e-01 |   9.999841e-01 |   9.999808e-01 |   3.700565e-05 |   1.905815e-05 |
|   7.200000e-02 |   9.999752e-01 |   9.999643e-01 |   9.999841e-01 |   9.999809e-01 |   3.645651e-05 |   1.897076e-05 |
|   7.400000e-02 |   9.999749e-01 |   9.999642e-01 |   9.999841e-01 |   9.999809e-01 |   3.591390e-05 |   1.888477e-05 |
|   7.600000e-02 |   9.999747e-01 |   9.999641e-01 |   9.999840e-01 |   9.999809e-01 |   3.537799e-05 |   1.880015e-05 |
|   7.800000e-02 |   9.999745e-01 |   9.999641e-01 |   9.999840e-01 |   9.999809e-01 |   3.484890e-05 |   1.871686e-05 |
|   8.000000e-02 |   9.999743e-01 |   9.999640e-01 |   9.999840e-01 |   9.999809e-01 |   3.432670e-05 |   1.863487e-05 |
|   8.200000e-02 |   9.999741e-01 |   9.999640e-01 |   9.999839e-01 |   9.999810e-01 |   3.381146e-05 |   1.855417e-05 |
|   8.400000e-02 |   9.999738e-01 |   9.999639e-01 |   9.999839e-01 |   9.999810e-01 |   3.330321e-05 |   1.847473e-05 |
|   8.600000e-02 |   9.999736e-01 |   9.999638e-01 |   9.999839e-01 |   9.999810e-01 |   3.280196e-05 |   1.839652e-05 |
|   8.800000e-02 |   9.999734e-01 |   9.999638e-01 |   9.999839e-01 |   9.999810e-01 |   3.230771e-05 |   1.831952e-05 |
|   9.000000e-02 |   9.999732e-01 |   9.999637e-01 |   9.999838e-01 |   9.999810e-01 |   3.182043e-05 |   1.824371e-05 |
|   9.200000e-02 |   9.999730e-01 |   9.999637e-01 |   9.999838e-01 |   9.999810e-01 |   3.134011e-05 |   1.816907e-05 |
|   9.400000e-02 |   9.999728e-01 |   9.999636e-01 |   9.999838e-01 |   9.999811e-01 |   3.086669e-05 |   1.809557e-05 |
|   9.600000e-02 |   9.999726e-01 |   9.999636e-01 |   9.999838e-01 |   9.999811e-01 |   3.040012e-05 |   1.802321e-05 |
|   9.800000e-02 |   9.999724e-01 |   9.999635e-01 |   9.999837e-01 |   9.999811e-01 |   2.994035e-05 |   1.795195e-05 |
+----------------+----------------+----------------+----------------+----------------+----------------+----------------+
+----------------+----------------+----------------+------------------+----------------+----------------+
| time           | mass           | mass_reaction  | outflow_gradient | platen_max     | platen_min     |
+----------------+----------------+----------------+------------------+----------------+----------------+
:                :                :                :                  :                :                :
|   7.000000e-02 |   9.998794e-03 |  -9.260818e-06 |     9.233764e-06 |  -4.760852e-06 |  -4.760852e-06 |
|   7.200000e-02 |   9.998776e-03 |  -9.111814e-06 |     9.085212e-06 |  -4.769591e-06 |  -4.769591e-06 |
|   7.400000e-02 |   9.998758e-03 |  -8.966276e-06 |     8.940114e-06 |  -4.778190e-06 |  -4.778190e-06 |
|   7.600000e-02 |   9.998740e-03 |  -8.823980e-06 |     8.798246e-06 |  -4.786652e-06 |  -4.786652e-06 |
|   7.800000e-02 |   9.998723e-03 |  -8.684729e-06 |     8.659411e-06 |  -4.794981e-06 |  -4.794981e-06 |
|   8.000000e-02 |   9.998706e-03 |  -8.548349e-06 |     8.523439e-06 |  -4.803179e-06 |  -4.803179e-06 |
|   8.200000e-02 |   9.998689e-03 |  -8.414690e-06 |     8.390176e-06 |  -4.811249e-06 |  -4.811249e-06 |
|   8.400000e-02 |   9.998672e-03 |  -8.283616e-06 |     8.259491e-06 |  -4.819194e-06 |  -4.819194e-06 |
|   8.600000e-02 |   9.998656e-03 |  -8.155009e-06 |     8.131265e-06 |  -4.827015e-06 |  -4.827015e-06 |
|   8.800000e-02 |   9.998640e-03 |  -8.028763e-06 |     8.005392e-06 |  -4.834715e-06 |  -4.834715e-06 |
|   9.000000e-02 |   9.998624e-03 |  -7.904784e-06 |     7.881778e-06 |  -4.842296e-06 |  -4.842296e-06 |
|   9.200000e-02 |   9.998608e-03 |  -7.782988e-06 |     7.760340e-06 |  -4.849760e-06 |  -4.849760e-06 |
|   9.400000e-02 |   9.998593e-03 |  -7.663299e-06 |     7.641002e-06 |  -4.857109e-06 |  -4.857109e-06 |
|   9.600000e-02 |   9.998578e-03 |  -7.545647e-06 |     7.523695e-06 |  -4.864346e-06 |  -4.864346e-06 |
|   9.800000e-02 |   9.998563e-03 |  -7.429970e-06 |     7.408357e-06 |  -4.871471e-06 |  -4.871471e-06 |
+----------------+----------------+----------------+------------------+----------------+----------------+
+----------------+--------------------+--------------------+----------------+----------------+----------------+
| time           | solid_fraction_max | solid_fraction_min | stability_max  | stability_min  | top_reaction   |
+----------------+--------------------+--------------------+----------------+----------------+----------------+
:                :                    :                    :                :                :                :
|   7.000000e-02 |       9.000178e-01 |       9.000049e-01 |   2.500000e+00 |   2.500000e+00 |  -1.000000e-04 |
|   7.200000e-02 |       9.000178e-01 |       9.000051e-01 |   2.500000e+00 |   2.500000e+00 |  -1.000000e-04 |
|   7.400000e-02 |       9.000179e-01 |       9.000053e-01 |   2.500000e+00 |   2.500000e+00 |  -1.000000e-04 |
|   7.600000e-02 |       9.000179e-01 |       9.000056e-01 |   2.500000e+00 |   2.500000e+00 |  -1.000000e-04 |
|   7.800000e-02 |       9.000179e-01 |       9.000058e-01 |   2.500000e+00 |   2.500000e+00 |  -1.000000e-04 |
|   8.000000e-02 |       9.000180e-01 |       9.000060e-01 |   2.500000e+00 |   2.500000e+00 |  -1.000000e-04 |
|   8.200000e-02 |       9.000180e-01 |       9.000062e-01 |   2.500000e+00 |   2.500000e+00 |  -1.000000e-04 |
|   8.400000e-02 |       9.000180e-01 |       9.000064e-01 |   2.500000e+00 |   2.500000e+00 |  -1.000000e-04 |
|   8.600000e-02 |       9.000180e-01 |       9.000066e-01 |   2.500000e+00 |   2.500000e+00 |  -1.000000e-04 |
|   8.800000e-02 |       9.000181e-01 |       9.000068e-01 |   2.500000e+00 |   2.500000e+00 |  -1.000000e-04 |
|   9.000000e-02 |       9.000181e-01 |       9.000070e-01 |   2.500000e+00 |   2.500000e+00 |  -1.000000e-04 |
|   9.200000e-02 |       9.000181e-01 |       9.000072e-01 |   2.500000e+00 |   2.500000e+00 |  -1.000000e-04 |
|   9.400000e-02 |       9.000182e-01 |       9.000074e-01 |   2.500000e+00 |   2.500000e+00 |  -1.000000e-04 |
|   9.600000e-02 |       9.000182e-01 |       9.000076e-01 |   2.500000e+00 |   2.500000e+00 |  -1.000000e-04 |
|   9.800000e-02 |       9.000182e-01 |       9.000078e-01 |   2.500000e+00 |   2.500000e+00 |  -1.000000e-04 |
+----------------+--------------------+--------------------+----------------+----------------+----------------+


Time Step 50, time = 0.1, dt = 0.002
 * Nonlinear |R| = [32m7.626479e-07[39m (Before preset BCs, predictors, correctors, and constraints)
 0 Nonlinear |R| = [32m7.626479e-07[39m
      0 Linear |R| = [32m7.626479e-07[39m
      1 Linear |R| = [32m1.519997e-07[39m
      2 Linear |R| = [33m1.518565e-07[39m
      3 Linear |R| = [33m1.477134e-07[39m
      4 Linear |R| = [32m1.289764e-07[39m
      5 Linear |R| = [32m1.096622e-07[39m
      6 Linear |R| = [32m1.009447e-07[39m
      7 Linear |R| = [33m9.708537e-08[39m
      8 Linear |R| = [32m8.568175e-08[39m
      9 Linear |R| = [32m4.939484e-08[39m
     10 Linear |R| = [32m4.238500e-08[39m
     11 Linear |R| = [33m4.134092e-08[39m
     12 Linear |R| = [32m2.448576e-08[39m
     13 Linear |R| = [33m2.444106e-08[39m
     14 Linear |R| = [32m1.648430e-08[39m
     15 Linear |R| = [33m1.595137e-08[39m
     16 Linear |R| = [32m1.161235e-08[39m
     17 Linear |R| = [32m1.047788e-08[39m
     18 Linear |R| = [32m6.961442e-09[39m
     19 Linear |R| = [33m6.822397e-09[39m
     20 Linear |R| = [32m5.005149e-09[39m
     21 Linear |R| = [32m3.819991e-09[39m
     22 Linear |R| = [32m3.010213e-09[39m
     23 Linear |R| = [32m2.260880e-09[39m
     24 Linear |R| = [32m1.586542e-09[39m
     25 Linear |R| = [32m7.843671e-10[39m
     26 Linear |R| = [33m7.477711e-10[39m
     27 Linear |R| = [32m3.585504e-10[39m
     28 Linear |R| = [33m3.557577e-10[39m
     29 Linear |R| = [32m1.880858e-10[39m
     30 Linear |R| = [33m1.841299e-10[39m
     31 Linear |R| = [33m1.806304e-10[39m
     32 Linear |R| = [33m1.793712e-10[39m
     33 Linear |R| = [33m1.787230e-10[39m
     34 Linear |R| = [32m1.693555e-10[39m
     35 Linear |R| = [32m1.305934e-10[39m
     36 Linear |R| = [33m1.297262e-10[39m
     37 Linear |R| = [33m1.294654e-10[39m
     38 Linear |R| = [33m1.254260e-10[39m
     39 Linear |R| = [33m1.254256e-10[39m
     40 Linear |R| = [32m1.152692e-10[39m
     41 Linear |R| = [32m1.057314e-10[39m
     42 Linear |R| = [32m8.417134e-11[39m
     43 Linear |R| = [33m8.082895e-11[39m
     44 Linear |R| = [32m6.422204e-11[39m
     45 Linear |R| = [32m5.453744e-11[39m
     46 Linear |R| = [32m3.885840e-11[39m
     47 Linear |R| = [33m3.844421e-11[39m
     48 Linear |R| = [32m2.754984e-11[39m
     49 Linear |R| = [32m2.024754e-11[39m
     50 Linear |R| = [32m1.845275e-11[39m
     51 Linear |R| = [32m1.335119e-11[39m
     52 Linear |R| = [33m1.330654e-11[39m
     53 Linear |R| = [32m7.071010e-12[39m
     54 Linear |R| = [33m7.067374e-12[39m
     55 Linear |R| = [32m3.852327e-12[39m
     56 Linear |R| = [33m3.800668e-12[39m
     57 Linear |R| = [32m2.309023e-12[39m
     58 Linear |R| = [32m2.048206e-12[39m
     59 Linear |R| = [32m1.477012e-12[39m
     60 Linear |R| = [32m9.785486e-13[39m
     61 Linear |R| = [33m9.753371e-13[39m
     62 Linear |R| = [33m9.746630e-13[39m
     63 Linear |R| = [33m9.737679e-13[39m
     64 Linear |R| = [33m9.576860e-13[39m
     65 Linear |R| = [33m9.535306e-13[39m
     66 Linear |R| = [33m9.516928e-13[39m
     67 Linear |R| = [33m9.490888e-13[39m
     68 Linear |R| = [32m8.760831e-13[39m
     69 Linear |R| = [32m7.510109e-13[39m
     70 Linear |R| = [33m7.509892e-13[39m
     71 Linear |R| = [32m5.633496e-13[39m
     72 Linear |R| = [33m5.631627e-13[39m
     73 Linear |R| = [32m4.792347e-13[39m
     74 Linear |R| = [33m4.764602e-13[39m
     75 Linear |R| = [32m3.805185e-13[39m
     76 Linear |R| = [33m3.709694e-13[39m
     77 Linear |R| = [32m2.430287e-13[39m
     78 Linear |R| = [33m2.419067e-13[39m
     79 Linear |R| = [32m1.741227e-13[39m
     80 Linear |R| = [33m1.706999e-13[39m
     81 Linear |R| = [32m9.153650e-14[39m
     82 Linear |R| = [32m8.009910e-14[39m
     83 Linear |R| = [32m5.443599e-14[39m
     84 Linear |R| = [32m4.575870e-14[39m
     85 Linear |R| = [32m2.636251e-14[39m
     86 Linear |R| = [32m2.175102e-14[39m
     87 Linear |R| = [32m1.443436e-14[39m
     88 Linear |R| = [32m1.084454e-14[39m
     89 Linear |R| = [32m4.803232e-15[39m
     90 Linear |R| = [31m2.624742e-14[39m
     91 Linear |R| = [32m1.238399e-14[39m
     92 Linear |R| = [32m1.150647e-14[39m
     93 Linear |R| = [32m9.826600e-15[39m
     94 Linear |R| = [32m9.265630e-15[39m
     95 Linear |R| = [33m9.258458e-15[39m
     96 Linear |R| = [33m8.955416e-15[39m
     97 Linear |R| = [32m7.890783e-15[39m
     98 Linear |R| = [32m7.377215e-15[39m
     99 Linear |R| = [32m6.233396e-15[39m
    100 Linear |R| = [32m5.756462e-15[39m
    101 Linear |R| = [32m4.571157e-15[39m
    102 Linear |R| = [32m3.872904e-15[39m
    103 Linear |R| = [32m2.662542e-15[39m
    104 Linear |R| = [33m2.556245e-15[39m
    105 Linear |R| = [32m1.560217e-15[39m
    106 Linear |R| = [33m1.549845e-15[39m
    107 Linear |R| = [32m1.004312e-15[39m
    108 Linear |R| = [33m9.920330e-16[39m
    109 Linear |R| = [32m7.717643e-16[39m
    110 Linear |R| = [32m6.807852e-16[39m
 1 Nonlinear |R| = [32m2.719924e-14[39m
[32m Solve Converged![39m

Postprocessor Values:
+----------------+----------------+----------------+----------------+----------------+----------------+----------------+
| time           | J_max          | J_min          | Jbar_max       | Jbar_min       | center_pressure| edge_ux        |
+----------------+----------------+----------------+----------------+----------------+----------------+----------------+
:                :                :                :                :                :                :                :
|   7.200000e-02 |   9.999752e-01 |   9.999643e-01 |   9.999841e-01 |   9.999809e-01 |   3.645651e-05 |   1.897076e-05 |
|   7.400000e-02 |   9.999749e-01 |   9.999642e-01 |   9.999841e-01 |   9.999809e-01 |   3.591390e-05 |   1.888477e-05 |
|   7.600000e-02 |   9.999747e-01 |   9.999641e-01 |   9.999840e-01 |   9.999809e-01 |   3.537799e-05 |   1.880015e-05 |
|   7.800000e-02 |   9.999745e-01 |   9.999641e-01 |   9.999840e-01 |   9.999809e-01 |   3.484890e-05 |   1.871686e-05 |
|   8.000000e-02 |   9.999743e-01 |   9.999640e-01 |   9.999840e-01 |   9.999809e-01 |   3.432670e-05 |   1.863487e-05 |
|   8.200000e-02 |   9.999741e-01 |   9.999640e-01 |   9.999839e-01 |   9.999810e-01 |   3.381146e-05 |   1.855417e-05 |
|   8.400000e-02 |   9.999738e-01 |   9.999639e-01 |   9.999839e-01 |   9.999810e-01 |   3.330321e-05 |   1.847473e-05 |
|   8.600000e-02 |   9.999736e-01 |   9.999638e-01 |   9.999839e-01 |   9.999810e-01 |   3.280196e-05 |   1.839652e-05 |
|   8.800000e-02 |   9.999734e-01 |   9.999638e-01 |   9.999839e-01 |   9.999810e-01 |   3.230771e-05 |   1.831952e-05 |
|   9.000000e-02 |   9.999732e-01 |   9.999637e-01 |   9.999838e-01 |   9.999810e-01 |   3.182043e-05 |   1.824371e-05 |
|   9.200000e-02 |   9.999730e-01 |   9.999637e-01 |   9.999838e-01 |   9.999810e-01 |   3.134011e-05 |   1.816907e-05 |
|   9.400000e-02 |   9.999728e-01 |   9.999636e-01 |   9.999838e-01 |   9.999811e-01 |   3.086669e-05 |   1.809557e-05 |
|   9.600000e-02 |   9.999726e-01 |   9.999636e-01 |   9.999838e-01 |   9.999811e-01 |   3.040012e-05 |   1.802321e-05 |
|   9.800000e-02 |   9.999724e-01 |   9.999635e-01 |   9.999837e-01 |   9.999811e-01 |   2.994035e-05 |   1.795195e-05 |
|   1.000000e-01 |   9.999723e-01 |   9.999635e-01 |   9.999837e-01 |   9.999811e-01 |   2.948732e-05 |   1.788179e-05 |
+----------------+----------------+----------------+----------------+----------------+----------------+----------------+
+----------------+----------------+----------------+------------------+----------------+----------------+
| time           | mass           | mass_reaction  | outflow_gradient | platen_max     | platen_min     |
+----------------+----------------+----------------+------------------+----------------+----------------+
:                :                :                :                  :                :                :
|   7.200000e-02 |   9.998776e-03 |  -9.111814e-06 |     9.085212e-06 |  -4.769591e-06 |  -4.769591e-06 |
|   7.400000e-02 |   9.998758e-03 |  -8.966276e-06 |     8.940114e-06 |  -4.778190e-06 |  -4.778190e-06 |
|   7.600000e-02 |   9.998740e-03 |  -8.823980e-06 |     8.798246e-06 |  -4.786652e-06 |  -4.786652e-06 |
|   7.800000e-02 |   9.998723e-03 |  -8.684729e-06 |     8.659411e-06 |  -4.794981e-06 |  -4.794981e-06 |
|   8.000000e-02 |   9.998706e-03 |  -8.548349e-06 |     8.523439e-06 |  -4.803179e-06 |  -4.803179e-06 |
|   8.200000e-02 |   9.998689e-03 |  -8.414690e-06 |     8.390176e-06 |  -4.811249e-06 |  -4.811249e-06 |
|   8.400000e-02 |   9.998672e-03 |  -8.283616e-06 |     8.259491e-06 |  -4.819194e-06 |  -4.819194e-06 |
|   8.600000e-02 |   9.998656e-03 |  -8.155009e-06 |     8.131265e-06 |  -4.827015e-06 |  -4.827015e-06 |
|   8.800000e-02 |   9.998640e-03 |  -8.028763e-06 |     8.005392e-06 |  -4.834715e-06 |  -4.834715e-06 |
|   9.000000e-02 |   9.998624e-03 |  -7.904784e-06 |     7.881778e-06 |  -4.842296e-06 |  -4.842296e-06 |
|   9.200000e-02 |   9.998608e-03 |  -7.782988e-06 |     7.760340e-06 |  -4.849760e-06 |  -4.849760e-06 |
|   9.400000e-02 |   9.998593e-03 |  -7.663299e-06 |     7.641002e-06 |  -4.857109e-06 |  -4.857109e-06 |
|   9.600000e-02 |   9.998578e-03 |  -7.545647e-06 |     7.523695e-06 |  -4.864346e-06 |  -4.864346e-06 |
|   9.800000e-02 |   9.998563e-03 |  -7.429970e-06 |     7.408357e-06 |  -4.871471e-06 |  -4.871471e-06 |
|   1.000000e-01 |   9.998549e-03 |  -7.316211e-06 |     7.294931e-06 |  -4.878488e-06 |  -4.878488e-06 |
+----------------+----------------+----------------+------------------+----------------+----------------+
+----------------+--------------------+--------------------+----------------+----------------+----------------+
| time           | solid_fraction_max | solid_fraction_min | stability_max  | stability_min  | top_reaction   |
+----------------+--------------------+--------------------+----------------+----------------+----------------+
:                :                    :                    :                :                :                :
|   7.200000e-02 |       9.000178e-01 |       9.000051e-01 |   2.500000e+00 |   2.500000e+00 |  -1.000000e-04 |
|   7.400000e-02 |       9.000179e-01 |       9.000053e-01 |   2.500000e+00 |   2.500000e+00 |  -1.000000e-04 |
|   7.600000e-02 |       9.000179e-01 |       9.000056e-01 |   2.500000e+00 |   2.500000e+00 |  -1.000000e-04 |
|   7.800000e-02 |       9.000179e-01 |       9.000058e-01 |   2.500000e+00 |   2.500000e+00 |  -1.000000e-04 |
|   8.000000e-02 |       9.000180e-01 |       9.000060e-01 |   2.500000e+00 |   2.500000e+00 |  -1.000000e-04 |
|   8.200000e-02 |       9.000180e-01 |       9.000062e-01 |   2.500000e+00 |   2.500000e+00 |  -1.000000e-04 |
|   8.400000e-02 |       9.000180e-01 |       9.000064e-01 |   2.500000e+00 |   2.500000e+00 |  -1.000000e-04 |
|   8.600000e-02 |       9.000180e-01 |       9.000066e-01 |   2.500000e+00 |   2.500000e+00 |  -1.000000e-04 |
|   8.800000e-02 |       9.000181e-01 |       9.000068e-01 |   2.500000e+00 |   2.500000e+00 |  -1.000000e-04 |
|   9.000000e-02 |       9.000181e-01 |       9.000070e-01 |   2.500000e+00 |   2.500000e+00 |  -1.000000e-04 |
|   9.200000e-02 |       9.000181e-01 |       9.000072e-01 |   2.500000e+00 |   2.500000e+00 |  -1.000000e-04 |
|   9.400000e-02 |       9.000182e-01 |       9.000074e-01 |   2.500000e+00 |   2.500000e+00 |  -1.000000e-04 |
|   9.600000e-02 |       9.000182e-01 |       9.000076e-01 |   2.500000e+00 |   2.500000e+00 |  -1.000000e-04 |
|   9.800000e-02 |       9.000182e-01 |       9.000078e-01 |   2.500000e+00 |   2.500000e+00 |  -1.000000e-04 |
|   1.000000e-01 |       9.000182e-01 |       9.000080e-01 |   2.500000e+00 |   2.500000e+00 |  -1.000000e-04 |
+----------------+--------------------+--------------------+----------------+----------------+----------------+

Finished Executing                                                                       [[33m 50.32 s[39m] [[33m  153 MB[39m]
