time,B_anisotropy,B_par,B_per,J_max,J_min,Jbar_max,Jbar_min,center_pressure,edge_ux,ln_h_max,ln_h_min,mass,mass_reaction,outflow_gradient,platen_max,platen_min,right_reaction,solid_fraction_max,solid_fraction_min,stability_max,stability_min,top_displacement,top_reaction
0,0,0.60264769154394,0.60264769154394,1,1,1,1,0,0,-0,-0,0.01,0,0,0,0,0,0.9,0.9,2.5,2.5,0,0
0.0025,0,0.60264769154394,0.60264769154394,0.99999295071762,0.99998283300157,0.99999292989244,0.99999216509019,1.9891873061632e-05,1.1729685574024e-21,-2.5936201332507e-07,-1.7306525253995e-06,0.00999991200356,-3.5198576001596e-05,2.6685951504905e-05,-7.541191288397e-07,-1.0816170454011e-06,-1.7475056369279e-06,0.90000839902394,0.89999965159734,2.5,2.5,-7.8974098014129e-07,-2.4999999999998e-05
0.005,0,0.60264769154394,0.60264769154394,0.99998596518608,0.99996585888102,0.99998583626552,0.99998452553868,3.9599756232651e-05,2.2500940155211e-21,-8.4547816725016e-07,-3.4897608020836e-06,0.0099997818260177,-5.20710169261e-05,4.3021162079386e-05,-1.5254009289787e-06,-2.2096400987478e-06,-3.4624201420214e-06,0.90001680056548,0.89999931626772,2.5,2.5,-1.6136862728428e-06,-5.0000000000002e-05
0.0075,0,0.60264769154394,0.60264769154394,0.99997902516723,0.99994904780205,0.99997875100682,0.99997700535734,5.916582006951e-05,3.2755260528579e-21,-1.6346700055897e-06,-5.3834083270742e-06,0.0099996201558834,-6.4668053705428e-05,5.5448410997785e-05,-2.3095887493524e-06,-3.360242215303e-06,-5.1530019682776e-06,0.90002516308188,0.8999989926424,2.5,2.5,-2.463168652043e-06,-7.5000000000002e-05
0.01,0,0.60264769154394,0.60264769154394,0.99997211862162,0.99993236635368,0.99997168451941,0.99996957042895,7.860594944082e-05,4.2619133181008e-21,-2.569906196197e-06,-7.3653852729663e-06,0.0099994324621322,-7.5077500466253e-05,6.5787464084029e-05,-3.1046230484893e-06,-4.5257097660349e-06,-6.8234767066986e-06,0.90003348593252,0.89999868251768,2.5,2.5,-3.3337533703877e-06,-0.0001
0.0125,0,0.60264769154394,0.60264769154394,0.99997228381044,0.99993295938325,0.99997171039942,0.99997003734534,7.8031032710457e-05,4.0422118308406e-21,-3.3608761268042e-06,-7.7405639889888e-06,0.0099993101725842,-4.8915819217603e-05,4.8106720457329e-05,-3.1552423733066e-06,-4.6208719137258e-06,-6.7289899682465e-06,0.90003337240319,0.89999873861274,2.5,2.5,-3.4329169696053e-06,-0.00010000000000001
0.015,0,0.60264769154394,0.60264769154394,0.99997239623073,0.99993345205395,0.99997178305666,0.99997036459298,7.7511161370789e-05,3.8888901451532e-21,-3.9210804419105e-06,-8.0473421779013e-06,0.0099992098764197,-4.011846581271e-05,3.9833551168084e-05,-3.197762713862e-06,-4.6789201066038e-06,-6.6514963670602e-06,0.90003322349609,0.89999880584659,2.5,2.5,-3.5142463131326e-06,-9.9999999999993e-05
0.0175,0,0.60264769154394,0.60264769154394,0.99997246195483,0.99993386352262,0.99997187061086,0.99997062057688,7.6992575340178e-05,3.7604013906862e-21,-4.3612664037176e-06,-8.3124933044477e-06,0.0099991226890688,-3.4874940339798e-05,3.4756975581159e-05,-3.2361105290843e-06,-4.7223749659542e-06,-6.5841312606603e-06,0.90003308353687,0.89999889361585,2.5,2.5,-3.5849458263353e-06,-9.999999999999e-05
0.02,0,0.60264769154394,0.60264769154394,0.9999724804148,0.99993421919117,0.99997196225115,0.99997083394711,7.6444117055093e-05,3.6460999154481e-21,-4.7291183640659e-06,-8.5479015404724e-06,0.0099990445589675,-3.1252040505281e-05,3.1207703187845e-05,-3.2722131747827e-06,-4.7580302609497e-06,-6.5237642173487e-06,0.90003295544818,0.89999900917117,2.5,2.5,-3.6483008895636e-06,-9.9999999999992e-05
0.0225,0,0.60264769154394,0.60264769154394,0.99997245001066,0.99993453496268,0.99997205390927,0.99997101888154,7.5845840049004e-05,3.5416773055341e-21,-5.0484928059425e-06,-8.7600616587255e-06,0.0099989732062833,-2.8541073720576e-05,2.8535473066378e-05,-3.3072038195985e-06,-4.7887527247238e-06,-6.4686337296878e-06,0.90003283767669,0.89999915769254,2.5,2.5,-3.7061602005377e-06,-0.00010000000000004
0.025,0,0.60264769154394,0.60264769154394,0.99997237000498,0.99993482076933,0.99997214394568,0.99997118337156,7.5185826199318e-05,3.4448225626836e-21,-5.3329139021312e-06,-8.9530298757776e-06,0.0099989071860398,-2.6408097360172e-05,2.6425081025627e-05,-3.3417843293024e-06,-4.8160262942282e-06,-6.4176233402491e-06,0.90003272847523,0.89999934216862,2.5,2.5,-3.7596954785849e-06,-9.9999999999959e-05
0.0275,0,0.60264769154394,0.60264769154394,0.99997224111597,0.99993508314204,0.99997223170134,0.99997133236751,7.4458512898279e-05,3.354079512014e-21,-5.5907897906682e-06,-9.1296210309074e-06,0.0099988455099163,-2.4670449404628e-05,2.4701469614671e-05,-3.376380203754e-06,-4.8407259388412e-06,-6.3699694250567e-06,0.90003262642093,0.89999956351319,2.5,2.5,-3.8097081451702e-06,-0.00010000000000003
0.03,0,0.60264769154394,0.60264769154394,0.99997206550039,0.99993532659772,0.99997231694657,0.99997146915665,7.366326549916e-05,3.2684391581359e-21,-5.8277182596564e-06,-9.2919655141438e-06,0.0099987874650424,-2.3217949571078e-05,2.3258055220107e-05,-3.4112279875497e-06,-4.8634152774191e-06,-6.3251211865268e-06,0.90003253040689,0.89999982089596,2.5,2.5,-3.8567762610221e-06,-9.9999999999978e-05
0.0325,0,0.60264769154394,0.60264769154394,0.99997184645952,0.9999355543955,0.99997239964874,0.99997159603983,7.2803034866943e-05,3.1871590758668e-21,-6.0476251566195e-06,-9.4417851213897e-06,0.0099987325166492,-2.1979357286107e-05,2.2025487989517e-05,-3.4464341696623e-06,-4.8844811597918e-06,-6.2826654366968e-06,0.90003243957048,0.90000011217559,2.5,2.5,-3.9013334658657e-06,-0.00010000000000001
0.035,0,0.60264769154394,0.60264769154394,0.99997158806062,0.99993576896979,0.99997247986658,0.99997171469494,7.1883162749328e-05,3.1096702641812e-21,-6.2533777938128e-06,-9.5805335355196e-06,0.0099986802512971,-2.090614082855e-05,2.0956309710574e-05,-3.4820179788899e-06,-4.9042020306974e-06,-6.2422827324518e-06,0.90003235323072,0.90000043433642,2.5,2.5,-3.9437150144827e-06,-0.0001
0.0375,0,0.60264769154394,0.60264769154394,0.99997129477769,0.99993597219095,0.99997255769933,0.99997182638605,7.091039781063e-05,3.035523658681e-21,-6.4471391850903e-06,-9.7094694831059e-06,0.0099986303416486,-1.996385942408e-05,2.0016725914096e-05,-3.5179428611283e-06,-4.9227858124165e-06,-6.2037201571157e-06,0.90003227084182,0.90000078386864,2.5,2.5,-3.984186342295e-06,-9.9999999999993e-05
0.04,0,0.60264769154394,0.60264769154394,0.99997097119848,0.99993616552976,0.99997263326143,0.99997193209102,6.9892141610525e-05,2.9643569313352e-21,-6.6305843653668e-06,-9.8296965390912e-06,0.0099985825235144,-1.91272536769e-05,1.9181884714368e-05,-3.554139241687e-06,-4.9403923575578e-06,-6.166773585547e-06,0.90003219196009,0.90000115706733,2.5,2.5,-4.0229616781288e-06,-0.00010000000000002
0.0425,0,0.60264769154394,0.60264769154394,0.99997062180911,0.99993635016514,0.99997270666982,0.99997203258286,6.8835908094759e-05,2.8958726473028e-21,-6.8050386898057e-06,-9.9421867917592e-06,0.0099985365802909,-1.8377289395331e-05,1.8433018706476e-05,-3.5905205087775e-06,-4.9571474890422e-06,-6.1312756594304e-06,0.90003211622014,0.90000155024906,2.5,2.5,-4.0602166641322e-06,-0.00010000000000002
0.045,0,0.60264769154394,0.60264769154394,0.99997025085044,0.99993652705732,0.99997277803756,0.99997212848371,6.7748961645353e-05,2.8298232309503e-21,-6.9715697156356e-06,-1.0047796926356e-05,0.0099984923320508,-1.7699296023604e-05,1.7755637577374e-05,-3.6269938370638e-06,-4.9731521722911e-06,-6.0970873583685e-06,0.90003204331764,0.90000195989654,2.5,2.5,-4.0960972018681e-06,-9.9999999999977e-05
0.0475,0,0.60264769154394,0.60264769154394,0.99996986223253,0.99993669699903,0.99997284747084,0.99997222030191,6.6638093789612e-05,2.7660002390574e-21,-7.1310502810207e-06,-1.0147280804094e-05,0.009998449627676,-1.7081749926394e-05,1.7138342803704e-05,-3.6634672002329e-06,-4.9884887307552e-06,-6.06409192124e-06,0.90003197299658,0.90000238274643,2.5,2.5,-4.1307258318437e-06,-0.0001
0.05,0,0.60264769154394,0.60264769154394,0.99996945949283,0.99993686065219,0.9999729150679,0.99997230845807,6.5509501551468e-05,2.7042264773688e-21,-7.2842030622682e-06,-1.0241300351004e-05,0.0099984083390421,-1.6515453571041e-05,1.6572025788225e-05,-3.6998536549162e-06,-5.0032251915878e-06,-6.0321903530619e-06,0.90003190503976,0.90000281583501,2.5,2.5,-4.1642064490552e-06,-9.9999999999988e-05
0.0525,0,0.60264769154394,0.60264769154394,0.99996904578494,0.99993701857497,0.99997298091875,0.99997239330402,6.4368736680057e-05,2.6443500615799e-21,-7.4316328484634e-06,-1.0330435476075e-05,0.0099983683566263,-1.5992966326816e-05,1.6049310481113e-05,-3.736073729531e-06,-5.0174184077124e-06,-6.0012980313012e-06,0.90003183926143,0.90000325651435,2.5,2.5,-4.1966278646319e-06,-0.0001
0.055,0,0.60264769154394,0.60264769154394,0.9999686238876,0.99993717124201,0.99997304510551,0.99997247513675,6.3220701915292e-05,2.5862398485837e-21,-7.5738504489119e-06,-1.0415193253567e-05,0.0099983295861263,-1.5508199974622e-05,1.5564156473524e-05,-3.7720565376084e-06,-5.0311163550574e-06,-5.971342093565e-06,0.90003177550168,0.90000370244906,2.5,2.5,-4.2280665474847e-06,-0.00010000000000001
0.0575,0,0.60264769154394,0.60264769154394,0.99996819622606,0.99993731905996,0.99997310770294,0.99997255420902,6.206967672204e-05,2.5297818583227e-21,-7.7112907613462e-06,-1.0496016408561e-05,0.0099982919458142,-1.5056124849276e-05,1.5111570122634e-05,-3.8077400623814e-06,-5.0443598592004e-06,-5.9422593928433e-06,0.90003171362199,0.90000415160088,2.5,2.5,-4.258588770238e-06,-0.0001
0.06,0,0.60264769154394,0.60264769154394,0.99996776490028,0.99993746237956,0.99997316877912,0.99997263073746,6.0919360053132e-05,2.4748764284445e-21,-7.8443266752083e-06,-1.0573291091675e-05,0.0099982553644342,-1.4632552008929e-05,1.4687390064487e-05,-3.8430709263052e-06,-5.0571839179289e-06,-5.9139948735843e-06,0.90003165350165,0.90000460220656,2.5,2.5,-4.2882523135693e-06,-9.9999999999981e-05
0.0625,0,0.60264769154394,0.60264769154394,0.99996733171602,0.99993760150512,0.99997322839609,0.99997270490891,5.9772921639909e-05,2.4214359219939e-21,-7.9732799431176e-06,-1.064735392804e-05,0.0099982197795123,-1.4233968750808e-05,1.4288125015761e-05,-3.8780038606428e-06,-5.0696187314399e-06,-5.886500265419e-06,0.9000315950349,0.90000505275241,2.5,2.5,-4.3171078371005e-06,-0.00010000000000001
0.065,0,0.60264769154394,0.60264769154394,0.99996689821647,0.9999377367022,0.99997328661053,0.99997277688547,5.8633056207375e-05,2.3693828603694e-21,-8.0984298039657e-06,-1.0718498345187e-05,0.0099981851359816,-1.3857412287269e-05,1.3910829039919e-05,-3.9125010188649e-06,-5.0816905168655e-06,-5.8597330209694e-06,0.90003153812862,0.90000550194809,2.5,2.5,-4.3451999942028e-06,-0.00010000000000001
0.0675,0,0.60264769154394,0.60264769154394,0.99996646571274,0.99993786820375,0.99997334347436,0.99997284680853,5.7502037073203e-05,2.3186483881507e-21,-8.2200199086412e-06,-1.0786980203005e-05,0.0099981513850535,-1.3500371221127e-05,1.3553004146872e-05,-3.9465312275184e-06,-5.0934221607335e-06,-5.8336554439232e-06,0.90003148270038,0.90000594870101,2.5,2.5,-4.3725683470685e-06,-9.9999999999995e-05
0.07,0,0.60264769154394,0.60264769154394,0.99996603531245,0.99993799621517,0.99997339903526,0.99997291480203,5.6381767017777e-05,2.2691710011585e-21,-8.3382639442719e-06,-1.0853022767686e-05,0.0099981184832845,-1.316070762416e-05,1.3212523179198e-05,-3.9800692334105e-06,-5.1048337475435e-06,-5.8082339676197e-06,0.90003142867687,0.90000639209219,2.5,2.5,-4.3992481238183e-06,-0.0001
0.0725,0,0.60264769154394,0.60264769154394,0.99996560794574,0.99993812091844,0.99997345333722,0.99997298097519,5.5273825277207e-05,2.2208954854401e-21,-8.45335024376e-06,-1.091682107814e-05,0.0099980863917979,-1.2836594640811e-05,1.2887568004696e-05,-4.0130949823522e-06,-5.1159429922728e-06,-5.7834385541974e-06,0.90003137599259,0.90000683135413,2.5,2.5,-4.4252708491173e-06,-9.9999999999997e-05
0.075,0,0.60264769154394,0.60264769154394,0.99996518438883,0.99993824247561,0.99997350642095,0.99997304542466,5.4179510144336e-05,2.1737720275945e-21,-8.5654455946822e-06,-1.0978545762157e-05,0.0099980550756329,-1.2526465972635e-05,1.2576579437103e-05,-4.0455929490402e-06,-5.1267655971423e-06,-5.7592421912819e-06,0.90003132458867,0.90000726585079,2.5,2.5,-4.4506648723841e-06,-0.00010000000000001
0.0775,0,0.60264769154394,0.60264769154394,0.99996476528486,0.99993836103167,0.99997355832426,0.99997310823645,5.3099877066332e-05,2.1277554652061e-21,-8.6746984083427e-06,-1.1038346356489e-05,0.0099980245031965,-1.222897459001e-05,1.2278216275674e-05,-4.0775515273457e-06,-5.1373155480951e-06,-5.7356204684481e-06,0.90003127441202,0.90000769505977,2.5,2.5,-4.4754558122984e-06,-9.9999999999982e-05
0.08,0,0.60264769154394,0.60264769154394,0.99996435116237,0.99993847671696,0.99997360908244,0.9999731694874,5.2035772372632e-05,2.0828046529998e-21,-8.7812413710102e-06,-1.1096354189472e-05,0.0099979946457997,-1.1942958708372e-05,1.199132153136e-05,-4.1089624838111e-06,-5.1476053625677e-06,-5.7125512194041e-06,0.90003122541448,0.90000811855653,2.5,2.5,-4.4996669323364e-06,-0.0001
0.0825,0,0.60264769154394,0.60264769154394,0.9999639424514,0.99993858964923,0.9999736587285,0.99997322924652,5.0987862908293e-05,2.0388819251703e-21,-8.8851936728098e-06,-1.1152684873937e-05,0.0099979654772658,-1.1667413553733e-05,1.1714894385909e-05,-4.1398204731525e-06,-5.1576462976286e-06,-5.6900142186916e-06,0.90003117755218,0.90000853600059,2.5,2.5,-4.5233194590659e-06,-0.00010000000000001
0.085,0,0.60264769154394,0.60264769154394,0.9999635394976,0.99993869993536,0.99997370729349,0.99997328757606,4.9956661917744e-05,1.9959526380936e-21,-8.9866628894699e-06,-1.1207440462766e-05,0.0099979369735963,-1.1401467795889e-05,1.1448066776452e-05,-4.170122612274e-06,-5.1674485255624e-06,-5.6679909239148e-06,0.90003113078495,0.90000894712341,2.5,2.5,-4.5464328526692e-06,-9.9999999999994e-05
0.0875,0,0.60264769154394,0.60264769154394,0.99996314257447,0.99993880767281,0.99997375480666,0.99997334453245,4.8942551550849e-05,1.9539847804703e-21,-9.0857465753427e-06,-1.1260711306678e-05,0.0099979091126869,-1.1144363779828e-05,1.119008374708e-05,-4.1998681080978e-06,-5.1770212824783e-06,-5.6464642562174e-06,0.90003108507584,0.90000935171796,2.5,2.5,-4.5690250373872e-06,-9.9999999999995e-05
0.09,0,0.60264769154394,0.60264769154394,0.99996275189389,0.99993891295092,0.9999738012957,0.99997340016709,4.7945802362593e-05,1.9129486404219e-21,-9.1825336166345e-06,-1.1312577655769e-05,0.0099978818740847,-1.0895440875474e-05,1.0940286895485e-05,-4.229057934025e-06,-5.1863729944493e-06,-5.6254184127934e-06,0.90003104039073,0.90000974962962,2.5,2.5,-4.5911125982121e-06,-9.9999999999997e-05
0.0925,0,0.60264769154394,0.60264769154394,0.9999623676153,0.9999390158519,0.99997384678692,0.99997345452702,4.6966590159188e-05,1.8728165205803e-21,-9.2771053833685e-06,-1.1363111037263e-05,0.0099978552387812,-1.0654121408286e-05,1.0698100381384e-05,-4.2576945497578e-06,-5.1955113848787e-06,-5.6048387066903e-06,0.90003099669792,0.90001014074832,2.5,2.5,-4.6127109490575e-06,-0.00010000000000001
0.095,0,0.60264769154394,0.60264769154394,0.99996198985353,0.99993911645181,0.99997389130534,0.99997350765547,4.6005010519134e-05,1.8335624941348e-21,-9.3695367112987e-06,-1.1412375441328e-05,0.0099978291890343,-1.0419898735712e-05,1.0463019067023e-05,-4.2857816594728e-06,-5.2044435660322e-06,-5.584711429629e-06,0.90003095396789,0.90001052500183,2.5,2.5,-4.6338344767555e-06,-9.9999999999997e-05
0.0975,0,0.60264769154394,0.60264769154394,0.99996161868562,0.99993921482127,0.99997393487486,0.99997355959238,4.5061091285908e-05,1.7951621953889e-21,-9.4598967417131e-06,-1.1460428340175e-05,0.0099978037082165,-1.0192327120517e-05,1.0234598443583e-05,-4.3133240036205e-06,-5.2131761172284e-06,-5.5650237342687e-06,0.900030912173,0.90001090234992,2.5,2.5,-4.654496664527e-06,-0.0001
0.1,0,0.60264769154394,0.60264769154394,0.99996125415658,0.99993931102621,0.99997397751838,0.99997361037478,4.4134803298867e-05,1.7575926399434e-21,-9.5482496388408e-06,-1.1507321563876e-05,0.0099977787806837,-9.9710131142523e-06,1.0012446057852e-05,-4.3403271800872e-06,-5.2217151517401e-06,-5.5457635333111e-06,0.90003087128727,0.90001127277936,2.5,2.5,-4.6747101979824e-06,-0.0001
0.1025,0,0.60264769154394,0.60264769154394,0.99996089628442,0.99993940512833,0.99997401925785,0.9999736600372,4.3226069598704e-05,1.7208320699624e-21,-9.6346552055984e-06,-1.1553102053073e-05,0.0099977543916632,-9.7556082134902e-06,9.796214205449e-06,-4.3667974908479e-06,-5.230066374102e-06,-5.5269194126047e-06,0.9000308312862,0.90001163629964,2.5,2.5,-4.6944870562356e-06,-9.9999999999999e-05
0.105,0,0.60264769154394,0.60264769154394,0.99996054506443,0.99993949718569,0.99997406011439,0.99997370861191,4.2334773314437e-05,1.6848598209786e-21,-9.7191694108459e-06,-1.1597812505756e-05,0.0099977305271567,-9.5458025939598e-06,9.5855936952296e-06,-4.3927418107438e-06,-5.2382351292646e-06,-5.5084805564754e-06,0.90003079214661,0.90001199293931,2.5,2.5,-4.7138385903156e-06,-9.9999999999993e-05
0.1075,0,0.60264769154394,0.60264769154394,0.9999602004728,0.99993958725309,0.99997410010836,0.99997375612925,4.1460764414135e-05,1.6496562069629e-21,-9.8018448424581e-06,-1.1641491932596e-05,0.0099977071738573,-9.3413197579429e-06,9.380308522585e-06,-4.4181674753318e-06,-5.2462264448129e-06,-5.490436683336e-06,0.90003075384647,0.90001234274285,2.5,2.5,-4.7327755907269e-06,-0.0001
0.11,0,0.60264769154394,0.60264769154394,0.99995986246981,0.99993967538243,0.9999741392594,0.99997380261781,4.0603865476951e-05,1.6152024211904e-21,-9.8827310972851e-06,-1.1684176134267e-05,0.0099976843190774,-9.1419119581462e-06,9.1801113150541e-06,-4.443082185214e-06,-5.2540450672625e-06,-5.4727779901326e-06,0.9000307163648,0.90001268576795,2.5,2.5,-4.7513083457332e-06,-0.00010000000000001
0.1125,0,0.60264769154394,0.60264769154394,0.99995953100247,0.99993976162301,0.99997417758651,0.99997384810464,3.9763876623737e-05,1.5814804504589e-21,-9.961875115519e-06,-1.172589811205e-05,0.0099976619506867,-8.9473562827541e-06,8.9847794355726e-06,-4.4674939245223e-06,-5.2616954932946e-06,-5.4554951044223e-06,0.90003067968157,0.90001302208322,2.5,2.5,-4.7694466917054e-06,-0.00010000000000001
0.115,0,0.60264769154394,0.60264769154394,0.99995920600682,0.99993984602184,0.99997421510807,0.99997389261544,3.8940579724592e-05,1.5484730008266e-21,-1.0039321470311e-05,-1.1766688419725e-05,0.0099976400570585,-8.7574513028801e-06,8.7941116457146e-06,-4.4914108916033e-06,-5.2691819966821e-06,-5.4385790428314e-06,0.90003064377758,0.90001335176625,2.5,2.5,-4.787200056671e-06,-9.9999999999986e-05
0.1175,0,0.60264769154394,0.60264769154394,0.99995888740991,0.99993992862386,0.99997425184193,0.99997393617464,3.8133741986145e-05,1.5161634332255e-21,-1.0115112616357e-05,-1.1806575467379e-05,0.009997618627023,-8.5720142012219e-06,8.607925247523e-06,-4.5148414401417e-06,-5.2765086515049e-06,-5.422021175118e-06,0.90003060863441,0.9000136749019,2.5,2.5,-4.8045774980456e-06,-0.00010000000000001
0.12,0,0.60264769154394,0.60264769154394,0.99995857513145,0.9999400094721,0.9999742878054,0.99997397880561,3.7343119006341e-05,1.4845357075117e-21,-1.0189289105087e-05,-1.184558578165e-05,0.0099975976498272,-8.390878310659e-06,8.4260536332725e-06,-4.5377940292824e-06,-5.2836793522211e-06,-5.4058131929741e-06,0.90003057423433,0.90001399158091,2.5,2.5,-4.8215877353713e-06,-9.9999999999998e-05
0.1225,0,0.60264769154394,0.60264769154394,0.99995826908519,0.9999400886079,0.99997432301529,0.99997402053071,3.6568457372981e-05,1.453574333753e-21,-1.0261889770782e-05,-1.1883744230279e-05,0.0099975771150997,-8.2138910034529e-06,8.2483441843132e-06,-4.5602771814369e-06,-5.2906978310201e-06,-5.389947082925e-06,0.90003054056026,0.90001430189866,2.5,2.5,-4.83823917878e-06,-0.00010000000000001
0.125,0,0.60264769154394,0.60264769154394,0.99995796918023,0.99994016607105,0.99997435748796,0.99997406137139,3.5809496871265e-05,1.42326432975e-21,-1.0332951891499e-05,-1.1921074215303e-05,0.00999755701282,-8.0409118802819e-06,8.0746564682797e-06,-4.5822994466744e-06,-5.2975676728522e-06,-5.3744151026824e-06,0.9000305075957,0.90001460595416,2.5,2.5,-4.8545399537806e-06,-9.9999999999989e-05
0.1275,0,0.60264769154394,0.60264769154394,0.99995767532196,0.99994024189993,0.99997439123934,0.9999741013483,3.5065972356465e-05,1.3935911838796e-21,-1.0402511328862e-05,-1.1957597839408e-05,0.0099975373332919,-7.8718112156059e-06,7.9048606913421e-06,-4.6038693727613e-06,-5.3042923284804e-06,-5.359209760536e-06,0.90003047532468,0.90001490384913,2.5,2.5,-4.8704979228995e-06,-0.0001
0.13,0,0.60264769154394,0.60264769154394,0.99995738741296,0.99994031613159,0.99997442428494,0.99997414048133,3.4337615339592e-05,1.3645408225775e-21,-1.0470602649527e-05,-1.1993336049541e-05,0.0099975180671204,-7.7064686227328e-06,7.7388363691277e-06,-4.624995480026e-06,-5.3108751258153e-06,-5.3443237973301e-06,0.90003044373176,0.90001519568731,2.5,2.5,-4.8861207046112e-06,-9.9999999999999e-05
0.1325,0,0.60264769154394,0.60264769154394,0.99995710535376,0.99994038880189,0.99997445663986,0.99997417878967,3.3624155328126e-05,1.3360995816846e-21,-1.053725923052e-05,-1.2028308760458e-05,0.0099974992051906,-7.5447719059739e-06,7.5764711841873e-06,-4.6456862403564e-06,-5.3173192797896e-06,-5.3297501706133e-06,0.90003041280195,0.90001548157378,2.5,2.5,-4.9014156899438e-06,-0.00010000000000001
0.135,0,0.60264769154394,0.60264769154394,0.99995682904348,0.99994045994557,0.99997448831886,0.99997421629191,3.2925320956288e-05,1.3082541812375e-21,-1.0602513351846e-05,-1.2062534961964e-05,0.0099974807386504,-7.3866160749305e-06,7.4176600041148e-06,-4.6659500597114e-06,-5.323627900989e-06,-5.3154820407504e-06,0.90003038252068,0.90001576161447,2.5,2.5,-4.9163900570862e-06,-0.0001
0.1375,0,0.60264769154394,0.60264769154394,0.9999565583803,0.99994052959632,0.99997451933631,0.99997425300602,3.2240840936244e-05,1.2809917031898e-21,-1.0666396276528e-05,-1.2096032811187e-05,0.0099974626588942,-7.2319024949134e-06,7.2623040361457e-06,-4.6857952636617e-06,-5.3298040031739e-06,-5.3015127586124e-06,0.90003035287383,0.90001603591566,2.5,2.5,-4.9310507842712e-06,-9.9999999999995e-05
0.14,0,0.60264769154394,0.60264769154394,0.99995629326197,0.99994059778686,0.99997454970625,0.99997428894945,3.1570444855473e-05,1.2542995716523e-21,-1.0728938321693e-05,-1.2128819712428e-05,0.0099974449575488,-7.0805381569952e-06,7.1103100998657e-06,-4.7052300854859e-06,-5.3358505099078e-06,-5.2878358547498e-06,0.90003032384763,0.90001630458366,2.5,2.5,-4.9454046611819e-06,-0.0001
0.1425,0,0.60264769154394,0.60264769154394,0.99995603358619,0.999940664549,0.9999745794424,0.99997432413911,3.0913863843137e-05,1.2281655352002e-21,-1.0790168920294e-05,-1.216091238722e-05,0.0099974276264612,-6.9324350479376e-06,6.9615900001106e-06,-4.7242626564643e-06,-5.3417702603655e-06,-5.2744450296977e-06,0.90003029542869,0.90001656772445,2.5,2.5,-4.9594582990786e-06,-9.9999999999991e-05
0.145,0,0.60264769154394,0.60264769154394,0.99995577925086,0.99994072991368,0.99997460855815,0.99997435859146,3.0270831124496e-05,1.2025776512301e-21,-1.0850116675733e-05,-1.2192326933627e-05,0.0099974106576871,-6.7875096075023e-06,6.8160599862789e-06,-4.7429009980537e-06,-5.3475660144632e-06,-5.2613341454273e-06,0.90003026760396,0.90001682544342,2.5,2.5,-4.9732181398248e-06,-0.0001
0.1475,0,0.60264769154394,0.60264769154394,0.99995553015443,0.99994079391103,0.99997463706657,0.9999743923225,2.9641082479568e-05,1.177524271745e-21,-1.090880941064e-05,-1.2223078879382e-05,0.0099973940434815,-6.6456822596652e-06,6.6736402857492e-06,-4.7611530156245e-06,-5.3532404573958e-06,-5.2484972175848e-06,0.90003024036073,0.90001707784517,2.5,2.5,-4.986690463966e-06,-0.0001
0.15,0,0.60264769154394,0.60264769154394,0.99995528619606,0.9999408565704,0.99997466498047,0.9999744253478,2.9024356620253e-05,1.1529940307221e-21,-1.096627420907e-05,-1.2253183227205e-05,0.009997377776289,-6.5068770080377e-06,6.534254700542e-06,-4.7790264935878e-06,-5.3587962036705e-06,-5.2359284086457e-06,0.9000302136866,0.9000173250333,2.5,2.5,-4.999881397985e-06,-0.00010000000000001
0.1525,0,0.60264769154394,0.60264769154394,0.99995504727582,0.9999409179204,0.99997469231233,0.99997445768253,2.8420395498027e-05,1.1289758325093e-21,-1.1022537455254e-05,-1.2282654494558e-05,0.0099973618487363,-6.3710210851246e-06,6.3978302583356e-06,-4.7965290916394e-06,-5.3642358006938e-06,-5.2236220216209e-06,0.90003018756946,0.90001756711028,2.5,2.5,-5.0127969208484e-06,-9.999999999999e-05
0.155,0,0.60264769154394,0.60264769154394,0.99995481329487,0.99994097798895,0.99997471907439,0.99997448934147,2.7828944552086e-05,1.1054588413922e-21,-1.1077624867276e-05,-1.2311506748813e-05,0.0099973462536246,-6.2380446492071e-06,6.2642969102714e-06,-4.8136683419975e-06,-5.369561731986e-06,-5.2115724944403e-06,0.90003016199749,0.90001780417733,2.5,2.5,-5.0254428699377e-06,-0.00010000000000002
0.1575,0,0.60264769154394,0.60264769154394,0.99995458415553,0.99994103680328,0.99997474527861,0.99997452033905,2.7249752907445e-05,1.0824324720931e-21,-1.1131561527961e-05,-1.2339753637549e-05,0.0099973309839233,-6.1078805211408e-06,6.1335872687561e-06,-4.8304516474622e-06,-5.3747764200663e-06,-5.1997743947958e-06,0.90003013695916,0.90001803633431,2.5,2.5,-5.0378249464471e-06,-9.9999999999981e-05
0.16,0,0.60264769154394,0.60264769154394,0.99995435976143,0.99994109438998,0.99997477093666,0.99997455068933,2.668257352953e-05,1.0598863808889e-21,-1.118437191215e-05,-1.2367408415772e-05,0.0099973160327635,-5.9804639552954e-06,6.0056363793677e-06,-4.8468862801817e-06,-5.3798822290511e-06,-5.1882224154438e-06,0.9000301124432,0.90001826367962,2.5,2.5,-5.0499487203158e-06,-0.00010000000000001
0.1625,0,0.60264769154394,0.60264769154394,0.99995414001756,0.99994115077503,0.99997479606,0.99997458040605,2.6127163343098e-05,1.0378104576629e-21,-1.1236079911964e-05,-1.2394483969216e-05,0.0099973013934324,-5.8557324409508e-06,5.8803815227274e-06,-4.8629793809935e-06,-5.3848814670168e-06,-5.1769113698904e-06,0.9000300884386,0.90001848631018,2.5,2.5,-5.0618196347601e-06,-9.9999999999996e-05
0.165,0,0.60264769154394,0.60264769154394,0.99995392483035,0.99994120598379,0.99997482065982,0.99997460950262,2.5583283319383e-05,1.0161948183629e-21,-1.1286708858963e-05,-1.2420992835879e-05,0.0099972870593685,-5.7336255280641e-06,5.7577620411517e-06,-4.8787379592715e-06,-5.3897763881336e-06,-5.1658361883983e-06,0.90003006493458,0.90001870432136,2.5,2.5,-5.0734430104494e-06,-0.0001
0.1675,0,0.60264769154394,0.60264769154394,0.9999537141077,0.99994126004106,0.99997484474706,0.99997463799214,2.5050698537826e-05,9.9502979809303e-22,-1.1336281545394e-05,-1.2446947224479e-05,0.0099972730241568,-5.6140846760465e-06,5.6377191875228e-06,-4.8941688931999e-06,-5.3945691946429e-06,-5.1549919143145e-06,0.90003004192063,0.90001891780695,2.5,2.5,-5.084824049379e-06,-9.9999999999981e-05
0.17,0,0.60264769154394,0.60264769154394,0.99995350775902,0.99994131297108,0.99997486833244,0.99997466588741,2.4529178224962e-05,9.7430594462833e-22,-1.1384820242571e-05,-1.2472359030696e-05,0.009997259281524,-5.4970531202468e-06,5.5201959925109e-06,-4.9092789303723e-06,-5.3992620386326e-06,-5.1443737006474e-06,0.90003001938645,0.90001912685912,2.5,2.5,-5.0959678384686e-06,-0.00010000000000002
0.1725,0,0.60264769154394,0.60264769154394,0.99995330569529,0.99994136479753,0.99997489142644,0.99997469320095,2.4018495775048e-05,9.540140123468e-22,-1.1432346718704e-05,-1.2497239852872e-05,0.0099972458253347,-5.3824757552893e-06,5.4051371481649e-06,-4.9240746887066e-06,-5.4038570237125e-06,-5.1339768068175e-06,0.90002999732198,0.90001933156843,2.5,2.5,-5.106879352926e-06,-9.999999999999e-05
0.175,0,0.60264769154394,0.60264769154394,0.99995310782903,0.99994141554358,0.99997491403934,0.99997471994499,2.3518428754862e-05,9.3414495657138e-22,-1.1478882254975e-05,-1.2521601004527e-05,0.0099972326495871,-5.270299032125e-06,5.2924889050614e-06,-4.9385626575887e-06,-5.4083562065444e-06,-5.1237965957081e-06,0.90002997571738,0.90001953202381,2.5,2.5,-5.117563459404e-06,-0.00010000000000001
0.1775,0,0.60264769154394,0.60264769154394,0.99995291407433,0.9999414652319,0.99997493618117,0.99997474613148,2.302875889503e-05,9.1468992811935e-22,-1.1524447660297e-05,-1.2545453527338e-05,0.0099972197484099,-5.1604708668883e-06,5.1821989815952e-06,-4.9527491992121e-06,-5.4127615982687e-06,-5.1138285308002e-06,0.90002995456301,0.90001972831254,2.5,2.5,-5.1280249189687e-06,-9.9999999999988e-05
0.18,0,0.60264769154394,0.60264769154394,0.99995272434685,0.99994151388464,0.99997495786177,0.99997477177213,2.2549272070622e-05,8.956402682054e-22,-1.1569063285645e-05,-1.2568808201093e-05,0.0099972071160585,-5.0529405601718e-06,5.0742164833792e-06,-4.9666405500996e-06,-5.4170751658406e-06,-5.1040681734979e-06,0.90002993384946,0.90001992052027,2.5,2.5,-5.138268389907e-06,-9.9999999999995e-05
0.1825,0,0.60264769154394,0.60264769154394,0.99995253856385,0.99994156152349,0.99997497909075,0.99997479687838,2.2079758272289e-05,8.7698750367579e-22,-1.1612749036786e-05,-1.2591675554535e-05,0.0099971947469117,-4.9476587253976e-06,4.9684918316168e-06,-4.9802428227214e-06,-5.421298833279e-06,-5.0945111806214e-06,0.9000299135675,0.90002010873104,2.5,2.5,-5.148298430388e-06,-0.00010000000000002
0.185,0,0.60264769154394,0.60264769154394,0.9999523566441,0.99994160816967,0.99997499987755,0.99997482146141,2.1620011569825e-05,8.5872334229736e-22,-1.1655524386919e-05,-1.2614065873768e-05,0.0099971826354686,-4.8445772242189e-06,4.864976698885e-06,-4.9935620072648e-06,-5.4254344828442e-06,-5.0851533019589e-06,0.90002989370811,0.90002029302728,2.5,2.5,-5.158119500993e-06,-9.9999999999988e-05
0.1875,0,0.60264769154394,0.60264769154394,0.99995217850799,0.99994165384393,0.99997502023138,0.99997484553218,2.1169830069529e-05,8.4083966838623e-22,-1.1697408388053e-05,-1.2635989211164e-05,0.0099971707763459,-4.7436491094329e-06,4.7636239518518e-06,-5.006603973451e-06,-5.429483956153e-06,-5.0759903779813e-06,0.90002987426247,0.90002047348979,2.5,2.5,-5.1677359671311e-06,-0.00010000000000001
0.19,0,0.60264769154394,0.60264769154394,0.9999520040774,0.99994169856658,0.99997504016127,0.99997486910139,2.0729015866099e-05,8.2332853859492e-22,-1.1738419682126e-05,-1.2657455392627e-05,0.0099971591642744,-4.6448285728578e-06,4.6643875993874e-06,-5.0193744724257e-06,-5.4334490552251e-06,-5.067018337654e-06,0.90002985522193,0.90002065019781,2.5,2.5,-5.1771521013468e-06,-9.9999999999984e-05
0.1925,0,0.60264769154394,0.60264769154394,0.99995183327576,0.99994174235751,0.99997505967606,0.99997489217955,2.0297374990788e-05,8.0618217780597e-22,-1.1778576511388e-05,-1.2678474025141e-05,0.0099971477940972,-4.5480708985902e-06,4.5672227457653e-06,-5.0318791387171e-06,-5.4373315434967e-06,-5.0582331963184e-06,0.90002983657804,0.90002082322902,2.5,2.5,-5.1863720855364e-06,-0.0001
0.195,0,0.60264769154394,0.60264769154394,0.99995166602802,0.99994178523618,0.99997507878441,0.9999749147769,1.9874717355731e-05,7.8939297525297e-22,-1.1817896728596e-05,-1.2699054502915e-05,0.0099971366607661,-4.4533324202356e-06,4.4720855480573e-06,-5.0441234922003e-06,-5.441133146766e-06,-5.0496310536546e-06,0.90002981832251,0.90002099265954,2.5,2.5,-5.1954000130734e-06,-0.0001
0.1975,0,0.60264769154394,0.60264769154394,0.99995150226059,0.99994182722163,0.99997509749478,0.99997493690349,1.9460856695967e-05,7.7295348071137e-22,-1.1856397806055e-05,-1.2719206014234e-05,0.0099971257593399,-4.3605704823624e-06,4.3789331774272e-06,-5.0561129401062e-06,-5.4448555541131e-06,-5.0412080917287e-06,0.90002980044725,0.90002115856399,2.5,2.5,-5.2042398908589e-06,-0.0001
0.2,0,0.60264769154394,0.60264769154394,0.99995134190137,0.99994186833249,0.99997511581548,0.99997495856915,1.905561050923e-05,7.5685640093601e-22,-1.1894096845184e-05,-1.2738937546611e-05,0.0099971150849814,-4.2697434046118e-06,4.2877237833514e-06,-5.0678527790374e-06,-5.4485004187756e-06,-5.0329605731383e-06,0.90002978294432,0.90002132101546,2.5,2.5,-5.2128956412992e-06,-9.9999999999985e-05
0.2025,0,0.60264769154394,0.60264769154394,0.99995118487972,0.99994190858702,0.99997513375461,0.99997497978349,1.8658799994352e-05,7.4109459604767e-22,-1.1931010585236e-05,-1.2758257892745e-05,0.0099971046329553,-4.1808104492347e-06,4.1984164610465e-06,-5.0793481969782e-06,-5.4520693589942e-06,-5.0248848391614e-06,0.90002976580596,0.90002148008559,2.5,2.5,-5.2213711042155e-06,-0.00010000000000002
0.205,0,0.60264769154394,0.60264769154394,0.99995103112639,0.99994194800308,0.99997515132013,0.99997500055593,1.8270249988374e-05,7.2566107618825e-22,-1.1967155411361e-05,-1.2777175655456e-05,0.0099970943986258,-4.093731790272e-06,4.1109712209019e-06,-5.0906042753304e-06,-5.4555639588102e-06,-5.0169773079925e-06,0.90002974902456,0.90002163584455,2.5,2.5,-5.229670038692e-06,-9.9999999999993e-05
0.2075,0,0.60264769154394,0.60264769154394,0.99995088057355,0.99994198659815,0.99997516851983,0.9999750208957,1.7889788903014e-05,7.1054899815695e-22,-1.2002547363093e-05,-1.2795699252838e-05,0.0099970843774546,-4.0084684861879e-06,4.0253489605978e-06,-5.1016259909148e-06,-5.4589857688664e-06,-5.0092344730692e-06,0.90002973259268,0.9000217883611,2.5,2.5,-5.2377961248704e-06,-0.00010000000000002
0.21,0,0.60264769154394,0.60264769154394,0.99995073315477,0.99994202438936,0.99997518536133,0.99997504081182,1.751724866079e-05,6.9575166223489e-22,-1.2037202142093e-05,-1.2813836922572e-05,0.0099970745649985,-3.9249824527595e-06,3.9415114385352e-06,-5.1124182179685e-06,-5.4623363071523e-06,-5.0016529013729e-06,0.90002971650304,0.90002193770258,2.5,2.5,-5.2457529656858e-06,-9.9999999999982e-05
0.2125,0,0.60264769154394,0.60264769154394,0.99995058880495,0.99994206139346,0.99997520185208,0.99997506031311,1.7152464630773e-05,6.8126250902992e-22,-1.2071135119729e-05,-1.2831596726753e-05,0.0099970649569074,-3.8432364393157e-06,3.8594212495357e-06,-5.1229857301388e-06,-5.4656170597364e-06,-4.9942292318533e-06,0.90002970074851,0.90002208393496,2.5,2.5,-5.2535440885592e-06,-0.00010000000000001
0.215,0,0.60264769154394,0.60264769154394,0.99995044746032,0.99994209762685,0.9999752179994,0.99997507940823,1.6795275564612e-05,6.6707511645794e-22,-1.2104361344362e-05,-1.2848986555825e-05,0.0099970555489224,-3.7631940049189e-06,3.779041801395e-06,-5.1333332024405e-06,-5.4688294814753e-06,-4.9869601738397e-06,0.90002968532209,0.90002222712287,2.5,2.5,-5.2611729470357e-06,-0.0001
0.2175,0,0.60264769154394,0.60264769154394,0.99995030905843,0.99994213310561,0.99997523381044,0.99997509810565,1.6445523532544e-05,6.5318319679697e-22,-1.2136895548631e-05,-1.286601413289e-05,0.0099970463368736,-3.6848194971267e-06,3.7003372933035e-06,-5.1434652131978e-06,-5.4719749967023e-06,-4.9798425055347e-06,0.90002967021695,0.90002236732959,2.5,2.5,-5.2686429223862e-06,-0.0001
0.22,0,0.60264769154394,0.60264769154394,0.99995017353809,0.99994216784546,0.99997524929221,0.99997511641365,1.6103053860055e-05,6.3958059375412e-22,-1.2168752156228e-05,-1.2882687017717e-05,0.0099970373166785,-3.6080780311131e-06,3.6232726950588e-06,-5.1533862459637e-06,-5.4750549998985e-06,-4.9728730725217e-06,0.90002965542641,0.9000225046171,2.5,2.5,-5.2759573251611e-06,-0.0001
0.2225,0,0.60264769154394,0.60264769154394,0.99995004083941,0.99994220186179,0.99997526445156,0.99997513434035,1.5767715064831e-05,6.2626127969468e-22,-1.2199945288608e-05,-1.2899012610262e-05,0.0099970284843399,-3.532935470002e-06,3.5478137273788e-06,-5.1631006914141e-06,-5.4780708563371e-06,-4.9660487863283e-06,0.90002964094389,0.90002263904613,2.5,2.5,-5.2831193967079e-06,-9.9999999999997e-05
0.225,0,0.60264769154394,0.60264769154394,0.99994991090369,0.99994223516969,0.99997527929521,0.99997515189369,1.5439358794494e-05,6.1321935290497e-22,-1.2230488771829e-05,-1.2914998154282e-05,0.0099970198359438,-3.4593584064074e-06,3.4739268433089e-06,-5.1726128492094e-06,-5.4810239027165e-06,-4.9593666230094e-06,0.90002962676299,0.90002277067613,2.5,2.5,-5.2901323106497e-06,-9.9999999999989e-05
0.2275,0,0.60264769154394,0.60264769154394,0.99994978367347,0.99994226778391,0.99997529382973,0.99997516908147,1.5117839764864e-05,6.0044903486196e-22,-1.2260396142554e-05,-1.2930650741333e-05,0.0099970113676585,-3.3873141444158e-06,3.4015792102357e-06,-5.1819269298261e-06,-5.4839154477795e-06,-4.9528236217747e-06,0.90002961287742,0.90002289956532,2.5,2.5,-5.2969991743271e-06,-9.9999999999987e-05
0.23,0,0.60264769154394,0.60264769154394,0.99994965909246,0.9999422997189,0.99997530806157,0.99997518591128,1.4803015699181e-05,5.8794466766451e-22,-1.2289680654484e-05,-1.2945977313616e-05,0.0099970030757318,-3.3167706825513e-06,3.3307386927511e-06,-5.1910470563671e-06,-5.4867467729073e-06,-4.946416883645e-06,0.90002959928103,0.90002302577074,2.5,2.5,-5.303723030207e-06,-0.00010000000000002
0.2325,0,0.60264769154394,0.60264769154394,0.99994953710554,0.99994233098881,0.99997532199703,0.9999752023906,1.4494747268084e-05,5.7570071150691e-22,-1.2318355284326e-05,-1.2960984667732e-05,0.00999699495649,-3.2476966974598e-06,3.2613738362437e-06,-5.1999772663391e-06,-5.4895191327109e-06,-4.9401435701598e-06,0.9000295859678,0.90002314934822,2.5,2.5,-5.310306857256e-06,-9.9999999999997e-05
0.235,0,0.60264769154394,0.60264769154394,0.99994941765874,0.99994236160751,0.99997533564228,0.99997521852672,1.4192898030404e-05,5.6371174210827e-22,-1.2346432737755e-05,-1.2975679457495e-05,0.0099969870063362,-3.1800615279266e-06,3.1934538510713e-06,-5.2087215133901e-06,-5.492233755592e-06,-4.934000902069e-06,0.90002957293182,0.90002327035247,2.5,2.5,-5.3167535722837e-06,-0.0001
0.2375,0,0.60264769154394,0.60264769154394,0.99994930069919,0.99994239158855,0.99997534900336,0.99997523432679,1.389733437496e-05,5.5197244838077e-22,-1.2373925455069e-05,-1.2990068197525e-05,0.0099969792217483,-3.1138351598293e-06,3.1269485971912e-06,-5.2172836690277e-06,-5.4948918443126e-06,-4.927986158107e-06,0.90002956016733,0.90002338883702,2.5,2.5,-5.3230660312542e-06,-0.0001
0.24,0,0.60264769154394,0.60264769154394,0.99994918617512,0.99994242094522,0.99997536208619,0.99997524979781,1.3607925463266e-05,5.4047762991843e-22,-1.2400845617035e-05,-1.3004157265676e-05,0.0099969715992778,-3.0489882114264e-06,3.0618285695765e-06,-5.2256675243004e-06,-5.4974945765246e-06,-4.9220966737562e-06,0.90002954766866,0.90002350485433,2.5,2.5,-5.3292470305679e-06,-0.0001
0.2425,0,0.60264769154394,0.60264769154394,0.99994907403585,0.99994244969052,0.99997537489658,0.99997526494664,1.3324543173161e-05,5.2922219479971e-22,-1.2427205150143e-05,-1.3017952906681e-05,0.009996964135548,-2.9854919190841e-06,2.9980648838281e-06,-5.2338767914561e-06,-5.5000431053133e-06,-4.916329840071e-06,0.90002953543028,0.90002361845576,2.5,2.5,-5.335299308315e-06,-0.0001
0.245,0,0.60264769154394,0.60264769154394,0.99994896423173,0.99994247783718,0.99997538744018,0.99997527977998,1.3047062043439e-05,5.1820115721924e-22,-1.2453015732102e-05,-1.3031461234385e-05,0.0099969568272527,-2.9233181234061e-06,2.935629262344e-06,-5.2419151055526e-06,-5.5025385597033e-06,-4.9106831024845e-06,0.90002952344677,0.90002372969158,2.5,2.5,-5.3412255454997e-06,-9.9999999999994e-05
0.2475,0,0.60264769154394,0.60264769154394,0.99994885671416,0.99994250539768,0.99997539972257,0.99997529430442,1.2775359219505e-05,5.074096352972e-22,-1.2478288796972e-05,-1.3044688234976e-05,0.0099969496711545,-2.8624392562194e-06,2.874494021093e-06,-5.249786026051e-06,-5.5049820451782e-06,-4.9051539596877e-06,0.90002951171282,0.90002383861105,2.5,2.5,-5.3470283672398e-06,-0.0001
0.25,0,0.60264769154394,0.60264769154394,0.99994875143554,0.99994253238423,0.99997541174917,0.99997530852637,1.2509314399962e-05,4.9684284892726e-22,-1.2503035540528e-05,-1.3057639769535e-05,0.0099969426640837,-2.8028283272389e-06,2.8146320563294e-06,-5.2574930383773e-06,-5.507374644167e-06,-4.899739962518e-06,0.90002950022324,0.90002394526239,2.5,2.5,-5.352710343937e-06,-0.00010000000000001
0.2525,0,0.60264769154394,0.60264769154394,0.99994864834924,0.99994255880877,0.99997542352532,0.99997532245216,1.2248809784149e-05,4.8649611757681e-22,-1.2527266925002e-05,-1.3070321576697e-05,0.0099969358029364,-2.7444589115219e-06,2.7560168321423e-06,-5.2650395554537e-06,-5.50971741653e-06,-4.8944387128259e-06,0.90002948897293,0.90002404969282,2.5,2.5,-5.3582739924238e-06,-9.9999999999984e-05
0.255,0,0.60264769154394,0.60264769154394,0.99994854740964,0.99994258468302,0.99997543505622,0.99997533608793,1.1993730020715e-05,4.7636485825917e-22,-1.2550993684115e-05,-1.3082739275328e-05,0.0099969290846736,-2.6873051376035e-06,2.6986223681854e-06,-5.2724289191897e-06,-5.5120114000371e-06,-4.8892478624691e-06,0.9000294779569,0.90002415194858,2.5,2.5,-5.3637217770855e-06,-0.00010000000000001
0.2575,0,0.60264769154394,0.60264769154394,0.99994844857204,0.99994261001843,0.999975446347,0.99997534943973,1.1743962157284e-05,4.6644458350824e-22,-1.2574226327949e-05,-1.309489836712e-05,0.0099969225063194,-2.6313416749875e-06,2.6424232274673e-06,-5.2796644019553e-06,-5.5142576108266e-06,-4.8841651122162e-06,0.90002946717029,0.90002425207495,2.5,2.5,-5.3690561109561e-06,-0.00010000000000001
0.26,0,0.60264769154394,0.60264769154394,0.99994835179266,0.99994263482623,0.99997545740265,0.99997536251348,1.1499395590769e-05,4.5673089929898e-22,-1.2596975147355e-05,-1.3106804238702e-05,0.0099969160649601,-2.5765437228658e-06,2.5873945049094e-06,-5.2867492080295e-06,-5.5164570438562e-06,-4.8791882107388e-06,0.90002945660831,0.90002435011625,2.5,2.5,-5.3742793567932e-06,-9.999999999998e-05
0.2625,0,0.60264769154394,0.60264769154394,0.99994825702867,0.9999426591174,0.99997546822806,0.99997537531497,1.1259922018984e-05,4.4721950319634e-22,-1.2619250218953e-05,-1.3118462164608e-05,0.0099969097577426,-2.5228869988099e-06,2.5335118158778e-06,-5.293686474989e-06,-5.5186106733552e-06,-4.8743149536251e-06,0.90002944626629,0.90002444611591,2.5,2.5,-5.3793938281283e-06,-0.00010000000000001
0.265,0,0.60264769154394,0.60264769154394,0.99994816423808,0.9999426829027,0.99997547882804,0.99997538784986,1.1025435393141e-05,4.3790618237418e-22,-1.2641061409153e-05,-1.3129877309284e-05,0.0099969035818733,-2.4703477275651e-06,2.4807512850902e-06,-5.3004792751215e-06,-5.520719453248e-06,-4.869543182379e-06,0.90002943613964,0.90002454011644,2.5,2.5,-5.3844017902948e-06,-0.0001
0.2675,0,0.60264769154394,0.60264769154394,0.99994807337982,0.99994270619267,0.99997548920727,0.99997540012372,1.0795831871052e-05,4.2878681174763e-22,-1.2662418378987e-05,-1.3141054729369e-05,0.0099968975346167,-2.4189026302285e-06,2.4290895357398e-06,-5.3071306167553e-06,-5.5227843175876e-06,-4.864870783474e-06,0.90002942622388,0.90002463215946,2.5,2.5,-5.3893054614344e-06,-0.0001
0.27,0,0.60264769154394,0.60264769154394,0.99994798441365,0.99994272899763,0.99997549937035,0.99997541214197,1.0571009771471e-05,4.1985735219986e-22,-1.2683330588094e-05,-1.3151999376259e-05,0.0099968916132944,-2.3685289140164e-06,2.3785036790559e-06,-5.3136434456003e-06,-5.5248061809639e-06,-4.8602956874096e-06,0.90002941651461,0.90002472228573,2.5,2.5,-5.3941070134828e-06,-0.0001
0.2725,0,0.60264769154394,0.60264769154394,0.99994789730017,0.99994275132768,0.99997550932179,0.99997542390994,1.0350869529508e-05,4.111138487152e-22,-1.2703807299077e-05,-1.3162716097966e-05,0.0099968858152838,-2.3192042615936e-06,2.3289713038272e-06,-5.3200206460427e-06,-5.5267859389122e-06,-4.8558158677938e-06,0.90002940700755,0.90002481053517,2.5,2.5,-5.3988085731334e-06,-9.9999999999998e-05
0.275,0,0.60264769154394,0.60264769154394,0.99994781200079,0.9999427731927,0.99997551906598,0.99997543543284,1.0135313652391e-05,4.025524286874e-22,-1.2723857581567e-05,-1.3173209641636e-05,0.0099968801380167,-2.2709068212957e-06,2.280470466417e-06,-5.3262650424191e-06,-5.5287244683127e-06,-4.8514293404433e-06,0.90002939769846,0.90002489694685,2.5,2.5,-5.4034122227805e-06,-0.0001
0.2775,0,0.60264769154394,0.60264769154394,0.99994772847776,0.99994279460238,0.99997552860726,0.99997544671577,9.924246676807e-06,3.9416930011442e-22,-1.2743490316253e-05,-1.3183484655265e-05,0.0099968745789787,-2.2236151973022e-06,2.2329796808917e-06,-5.3323794002703e-06,-5.5306226277844e-06,-4.8471341625018e-06,0.90002938858324,0.90002498155904,2.5,2.5,-5.4079200014454e-06,-0.00010000000000001
0.28,0,0.60264769154394,0.60264769154394,0.99994764669406,0.9999428155662,0.99997553794984,0.99997545776374,9.7175751266191e-06,3.859607500629e-22,-1.2762714198807e-05,-1.319354569024e-05,0.0099968691357076,-2.1773084398198e-06,2.1864779093012e-06,-5.3383664275535e-06,-5.5324812580522e-06,-4.8429284315926e-06,0.90002937965784,0.90002506440922,2.5,2.5,-5.4123339056781e-06,-9.9999999999987e-05
0.2825,0,0.60264769154394,0.60264769154394,0.9999475666135,0.99994283609346,0.99997554709786,0.99997546858163,9.5152074715733e-06,3.7792314284016e-22,-1.2781537743897e-05,-1.3203397202891e-05,0.0099968638057925,-2.1319660359651e-06,2.1409445524283e-06,-5.3442287758504e-06,-5.5343011823331e-06,-4.838810284937e-06,0.90002937091832,0.90002514553408,2.5,2.5,-5.4166558904455e-06,-0.00010000000000002
0.285,0,0.60264769154394,0.60264769154394,0.99994748820059,0.99994285619323,0.99997555605537,0.99997547917425,9.3170540869446e-06,3.7005291855001e-22,-1.2799969288642e-05,-1.3213043556786e-05,0.0099968585868728,-2.0875679004483e-06,2.0963594404146e-06,-5.3499690415272e-06,-5.5360832066984e-06,-4.8347778985747e-06,0.90002936236079,0.90002522496953,2.5,2.5,-5.4208878699958e-06,-9.9999999999995e-05
0.2875,0,0.60264769154394,0.60264769154394,0.99994741142062,0.99994287587442,0.99997556482635,0.99997548954627,9.1230272139788e-06,3.6234659139669e-22,-1.2818016996694e-05,-1.3222489024741e-05,0.0099968534766369,-2.0440943666899e-06,2.0527028238169e-06,-5.3555897668963e-06,-5.5378281204295e-06,-4.8308294865309e-06,0.90002935398148,0.90002530275077,2.5,2.5,-5.4250317187095e-06,-9.9999999999995e-05
0.29,0,0.60264769154394,0.60264769154394,0.99994733623958,0.99994289514576,0.99997557341467,0.99997549970229,8.9330409209865e-06,3.548007481977e-22,-1.2835688861503e-05,-1.3231737790114e-05,0.0099968484728214,-2.0015261778904e-06,2.009955364851e-06,-5.3610934413316e-06,-5.5395366963671e-06,-4.8269633000192e-06,0.90002934577666,0.90002537891224,2.5,2.5,-5.4290892719285e-06,-9.9999999999986e-05
0.2925,0,0.60264769154394,0.60264769154394,0.99994726262417,0.99994291401577,0.99997558182413,0.99997550964681,8.7470110654177e-06,3.4741204684152e-22,-1.2852992710216e-05,-1.3240793949675e-05,0.0099968435732102,-1.9598444786582e-06,1.968098128684e-06,-5.3664825023679e-06,-5.5412096912566e-06,-4.8231776266785e-06,0.90002933774271,0.90002545348767,2.5,2.5,-5.4330623267709e-06,-9.9999999999994e-05
0.295,0,0.60264769154394,0.60264769154394,0.99994719054178,0.99994293249281,0.99997559005847,0.99997551938424,8.5648552566616e-06,3.401772148484e-22,-1.2869936206738e-05,-1.3249661514342e-05,0.0099968387756332,-1.9190308064803e-06,1.9271125750643e-06,-5.3717593367947e-06,-5.5428478460809e-06,-4.8194707898191e-06,0.90002932987607,0.90002552651009,2.5,2.5,-5.4369526429267e-06,-9.9999999999999e-05
0.2975,0,0.60264769154394,0.60264769154394,0.99994711996051,0.99994295058507,0.99997559812133,0.99997552891889,8.3864928196861e-06,3.3309304785446e-22,-1.2886526855591e-05,-1.3258344411903e-05,0.0099968340779655,-1.8790670834502e-06,1.886980550018e-06,-5.3769262816876e-06,-5.5444518863885e-06,-4.8158411476455e-06,0.90002932217325,0.90002559801184,2.5,2.5,-5.4407619434383e-06,-0.00010000000000001
0.3,0,0.60264769154394,0.60264769154394,0.99994705084908,0.99994296830056,0.99997560601629,0.99997553825498,8.2118447591699e-06,3.261564082749e-22,-1.2902772004856e-05,-1.3266846488137e-05,0.0099968294781265,-1.8399356084941e-06,1.8476842778048e-06,-5.3819856254711e-06,-5.546022522628e-06,-4.8122870925985e-06,0.90002931463084,0.90002566802458,2.5,2.5,-5.4444919154634e-06,-0.00010000000000003
0.3025,0,0.60264769154394,0.60264769154394,0.99994698317688,0.99994298564713,0.99997561374683,0.99997554739665,8.0408337247435e-06,3.1936422380506e-22,-1.2918678849587e-05,-1.3275171508521e-05,0.0099968249740789,-1.8016190490144e-06,1.8092063530525e-06,-5.3869396089053e-06,-5.5475604504333e-06,-4.808807050543e-06,0.9000293072455,0.90002573657932,2.5,2.5,-5.4481442110227e-06,-9.9999999999991e-05
0.305,0,0.60264769154394,0.60264769154394,0.99994691691395,0.99994300263245,0.99997562131638,0.99997555634794,7.8733839766071e-06,3.1271348619766e-22,-1.2934254435052e-05,-1.3283323160603e-05,0.0099968205638278,-1.7641004338755e-06,1.771529732961e-06,-5.3917904260946e-06,-5.5490663509709e-06,-4.8053994801678e-06,0.90002930001397,0.90002580370643,2.5,2.5,-5.4517204477332e-06,-9.9999999999983e-05
0.3075,0,0.60264769154394,0.60264769154394,0.99994685203094,0.99994301926405,0.9999756287283,0.99997556511282,7.7094213520985e-06,3.0620124980003e-22,-1.2949505659716e-05,-1.329130505467e-05,0.0099968162454199,-1.7273631451767e-06,1.7346377297371e-06,-5.3965402254569e-06,-5.550540891207e-06,-4.8020628722537e-06,0.90002929293302,0.90002586943563,2.5,2.5,-5.4552222095226e-06,-9.9999999999999e-05
0.31,0,0.60264769154394,0.60264769154394,0.99994678849911,0.99994303554931,0.99997563598586,0.99997557369517,7.5488732329635e-06,2.9982463033804e-22,-1.2964439278455e-05,-1.3299120725961e-05,0.0099968120169426,-1.6913909112639e-06,1.6985140032243e-06,-5.401191110664e-06,-5.5519847242203e-06,-4.7987957489962e-06,0.90002928599954,0.90002593379604,2.5,2.5,-5.4586510473328e-06,-0.00010000000000001
0.3125,0,0.60264769154394,0.60264769154394,0.99994672629033,0.99994305149542,0.99997564309229,0.9999755820988,7.3916685129525e-06,2.9358080355866e-22,-1.2979061905392e-05,-1.3306773636144e-05,0.0099968078765231,-1.6561677994581e-06,1.6631425536161e-06,-5.4057451415859e-06,-5.5533984894933e-06,-4.7955966633808e-06,0.90002927921045,0.90002599681616,2.5,2.5,-5.462008479806e-06,-0.00010000000000001
0.315,0,0.60264769154394,0.60264769154394,0.99994666537703,0.99994306710946,0.99997565005072,0.99997559032742,7.2377375666505e-06,2.8746700409081e-22,-1.2993380017034e-05,-1.3314267174805e-05,0.0099968038223276,-1.6216782089182e-06,1.6285077144181e-06,-5.4102043352007e-06,-5.5547828131863e-06,-4.7924641985148e-06,0.90002927256274,0.90002605852389,2.5,2.5,-5.4652959939587e-06,-0.0001
0.3175,0,0.60264769154394,0.60264769154394,0.99994660573225,0.99994308239833,0.99997565686425,0.99997559838468,7.0870122183373e-06,2.8148052409628e-22,-1.3007399954754e-05,-1.3321604660825e-05,0.0099967998525605,-1.5879068638139e-06,1.5945941453835e-06,-5.4145706664747e-06,-5.5561383084217e-06,-4.789396967039e-06,0.90002926605347,0.90002611894658,2.5,2.5,-5.4685150458391e-06,-9.9999999999989e-05
0.32,0,0.60264769154394,0.60264769154394,0.99994654732957,0.99994309736882,0.99997566353589,0.99997560627415,6.9394257121663e-06,2.7561871215687e-22,-1.3021127928185e-05,-1.3328789343979e-05,0.0099967959654634,-1.554838806366e-06,1.5613868258294e-06,-5.4188460692539e-06,-5.5574655755528e-06,-4.7863936104564e-06,0.90002925967975,0.90002617811097,2.5,2.5,-5.4716670611732e-06,-9.9999999999995e-05
0.3225,0,0.60264769154394,0.60264769154394,0.99994649014311,0.99994311202754,0.99997567006858,0.99997561399932,6.7949126822606e-06,2.6987897207298e-22,-1.303457001741e-05,-1.3335824406637e-05,0.009996792159315,-1.5224593904165e-06,1.5288710478888e-06,-5.4230324371152e-06,-5.5587652024274e-06,-4.7834527985801e-06,0.90002925343877,0.90002623604328,2.5,2.5,-5.4747534359948e-06,-0.0001
0.325,0,0.60264769154394,0.60264769154394,0.99994643414756,0.999943126381,0.99997567646524,0.99997562156361,6.6534091240695e-06,2.6425876167378e-22,-1.3047732175952e-05,-1.3342712964298e-05,0.0099967884324293,-1.4907542748309e-06,1.4970324100297e-06,-5.4271316241964e-06,-5.5600377646576e-06,-4.780573228914e-06,0.90002924732775,0.90002629276916,2.5,2.5,-5.4777755372661e-06,-0.0001
0.3275,0,0.60264769154394,0.60264769154394,0.99994637931811,0.99994314043555,0.99997568272869,0.99997562897038,6.5148523657258e-06,2.5875559178623e-22,-1.3060620233471e-05,-1.3349458068207e-05,0.0099967847831557,-1.4597094171142e-06,1.4658568106524e-06,-5.4311454460269e-06,-5.5612838258586e-06,-4.7777536260853e-06,0.900029241344,0.90002634831373,2.5,2.5,-5.4807347034811e-06,-9.9999999999998e-05
0.33,0,0.60264769154394,0.60264769154394,0.99994632563049,0.99994315419741,0.9999756888617,0.99997563622291,6.3791810406734e-06,2.5336702503078e-22,-1.3073239897942e-05,-1.3356062705655e-05,0.0099967812098781,-1.429311067365e-06,1.4353304418839e-06,-5.4350756803277e-06,-5.5625039379182e-06,-4.7749927413055e-06,0.90002923548486,0.9000264027016,2.5,2.5,-5.4836322452604e-06,-9.9999999999993e-05
0.3325,0,0.60264769154394,0.60264769154394,0.9999462730609,0.99994316767269,0.99997569486699,0.9999756433244,6.246335060049e-06,2.4809067482179e-22,-1.3085596758779e-05,-1.3362529801877e-05,0.0099967777110137,-1.3995457619131e-06,1.4054397834187e-06,-5.4389240678023e-06,-5.5636986412265e-06,-4.7722893517573e-06,0.90002922974773,0.90002645595685,2.5,2.5,-5.4864694459295e-06,-0.00010000000000001
0.335,0,0.60264769154394,0.60264769154394,0.99994622158606,0.99994318086734,0.99997570074722,0.999975650278,6.116255586475e-06,2.4292420423592e-22,-1.309769628883e-05,-1.3368862221271e-05,0.0099967742850129,-1.3704003175367e-06,1.376171596474e-06,-5.4426923128987e-06,-5.5648684649171e-06,-4.7696422601139e-06,0.90002922413008,0.90002650810307,2.5,2.5,-5.4892475620897e-06,-0.00010000000000001
0.3375,0,0.60264769154394,0.60264769154394,0.99994617118319,0.99994319378721,0.99997570650499,0.99997565708679,5.9888850077821e-06,2.3786532504233e-22,-1.3109543846955e-05,-1.3375062768417e-05,0.0099967709303583,-1.3418618255426e-06,1.3475129180454e-06,-5.4463820845742e-06,-5.5660139271092e-06,-4.7670502939688e-06,0.90002921862942,0.90002655916336,2.5,2.5,-5.4919678241726e-06,-9.9999999999993e-05
0.34,0,0.60264769154394,0.60264769154394,0.99994612182996,0.99994320643803,0.99997571214286,0.99997566375379,5.864166911527e-06,2.3291179664734e-22,-1.3121144680519e-05,-1.3381134189546e-05,0.0099967676455642,-1.3139176461541e-06,1.3194510550646e-06,-5.4499950170338e-06,-5.56713553513e-06,-4.7645123053373e-06,0.90002921324331,0.90002660916032,2.5,2.5,-5.4946314369865e-06,-9.9999999999985e-05
0.3425,0,0.60264769154394,0.60264769154394,0.9999460735045,0.9999432188254,0.99997571766332,0.99997567028195,5.7420460600799e-06,2.2806142514958e-22,-1.3132503927502e-05,-1.3387079173758e-05,0.0099967644291757,-1.2865554027398e-06,1.2919735788164e-06,-5.4535327104447e-06,-5.5682337857391e-06,-4.7620271701469e-06,0.90002920796936,0.90002665811611,2.5,2.5,-5.4972395802491e-06,-0.00010000000000001
0.345,0,0.60264769154394,0.60264769154394,0.99994602618541,0.9999432309548,0.99997572306882,0.99997567667417,5.6224683660667e-06,2.2331206227534e-22,-1.3143626618942e-05,-1.3392900353984e-05,0.0099967612797682,-1.2597629764717e-06,1.2650683194424e-06,-5.4569967316515e-06,-5.5693091653569e-06,-4.7595937877184e-06,0.90002920280524,0.9000267060524,2.5,2.5,-5.4997934091107e-06,-0.0001
0.3475,0,0.60264769154394,0.60264769154394,0.99994597985174,0.99994324283161,0.99997572836175,0.99997568293326,5.5053808685126e-06,2.1866160457295e-22,-1.315451768112e-05,-1.3398600308587e-05,0.009996758195947,-1.2335285008844e-06,1.2387233604856e-06,-5.4603886148738e-06,-5.5703621502674e-06,-4.7572110803087e-06,0.90002919774867,0.90002675299042,2.5,2.5,-5.5022940546656e-06,-0.0001
0.35,0,0.60264769154394,0.60264769154394,0.99994593448297,0.99994325446108,0.99997573354446,0.99997568906201,5.3907317092962e-06,2.1410799231394e-22,-1.316518193769e-05,-1.3404181561968e-05,0.0099967551763461,-1.2078403567116e-06,1.2129270337072e-06,-5.4637098623786e-06,-5.5713932068421e-06,-4.7548779926185e-06,0.9000291927974,0.90002679895097,2.5,2.5,-5.5047426244528e-06,-0.00010000000000002
0.3525,0,0.60264769154394,0.60264769154394,0.999945890059,0.99994326584837,0.99997573861923,0.99997569506313,5.2784701102826e-06,2.096492087057e-22,-1.3175624111844e-05,-1.3409646586114e-05,0.0099967522196282,-1.1826871664771e-06,1.187667913812e-06,-5.4669619451468e-06,-5.5724027917349e-06,-4.752593491311e-06,0.90002918794924,0.90002684395439,2.5,2.5,-5.5071402029468e-06,-0.0001
0.355,0,0.60264769154394,0.60264769154394,0.99994584656015,0.99994327699852,0.99997574358833,0.99997570093928,5.1685463507194e-06,2.0528327895467e-22,-1.3185848828441e-05,-1.3414997801509e-05,0.0099967493244837,-1.1580577898003e-06,1.1629348134686e-06,-5.4701463035296e-06,-5.5733913520905e-06,-4.7503565645752e-06,0.90002918320204,0.90002688802063,2.5,2.5,-5.5094878520379e-06,-9.9999999999985e-05
0.3575,0,0.60264769154394,0.60264769154394,0.99994580396716,0.99994328791647,0.99997574845394,0.99997570669305,5.0609117453096e-06,2.0100826938443e-22,-1.3195860616086e-05,-1.3420237578267e-05,0.0099967464896304,-1.1339413184239e-06,1.1387167783801e-06,-5.4732643478819e-06,-5.5743593257501e-06,-4.7481662216933e-06,0.9000291785537,0.9000269311692,2.5,2.5,-5.5117866115035e-06,-9.9999999999997e-05
0.36,0,0.60264769154394,0.60264769154394,0.99994576226117,0.99994329860705,0.99997575321822,0.999975712327,4.9555186226381e-06,1.9682228657269e-22,-1.3205663908905e-05,-1.3425368236996e-05,0.0099967437138127,-1.1103270708821e-06,1.115003082268e-06,-5.4763174591868e-06,-5.5753071414243e-06,-4.7460214925362e-06,0.90002917400216,0.9000269734192,2.5,2.5,-5.5140374994661e-06,-0.0001
0.3625,0,0.60264769154394,0.60264769154394,0.99994572142371,0.99994330907501,0.9999757578833,0.99997571784363,4.8523203040032e-06,1.9272347656522e-22,-1.3215263048861e-05,-1.3430392050109e-05,0.0099967409958013,-1.0872045885526e-06,1.0917832223153e-06,-5.4793069896733e-06,-5.5762352189045e-06,-4.7439214272179e-06,0.90002916954541,0.90002701478935,2.5,2.5,-5.5162415128468e-06,-9.9999999999992e-05
0.365,0,0.60264769154394,0.60264769154394,0.99994568143668,0.99994331932496,0.99997576245122,0.99997572324538,4.7512710828128e-06,1.8871002398162e-22,-1.3224662287392e-05,-1.3435311242586e-05,0.0099967383343922,-1.0645636303128e-06,1.0690469143837e-06,-5.4822342634029e-06,-5.5771439692383e-06,-4.7418650956035e-06,0.90002916518147,0.90002705529798,2.5,2.5,-5.5183996278058e-06,-0.00010000000000001
0.3675,0,0.60264769154394,0.60264769154394,0.99994564228237,0.99994332936147,0.99997576692401,0.99997572853463,4.6523262042577e-06,1.8478015126172e-22,-1.3233865787495e-05,-1.3440127993375e-05,0.0099967357284068,-1.0423941685659e-06,1.0467840885479e-06,-5.4851005768687e-06,-5.5780337949101e-06,-4.7398515869531e-06,0.90002916090841,0.90002709496302,2.5,2.5,-5.5205128001744e-06,-0.0001
0.37,0,0.60264769154394,0.60264769154394,0.99994560394346,0.99994333918896,0.99997577130366,0.99997573371373,4.5554418455726e-06,1.8093211786467e-22,-1.3242877625305e-05,-1.3444844435586e-05,0.0099967331766908,-1.0206863842937e-06,1.0249848845214e-06,-5.4879071995663e-06,-5.5789050900234e-06,-4.7378800094768e-06,0.90002915672434,0.90002713380204,2.5,2.5,-5.5225819658789e-06,-9.9999999999996e-05
0.3725,0,0.60264769154394,0.60264769154394,0.99994556640294,0.9999433488118,0.9999757755921,0.99997573878498,4.4605750966541e-06,1.7716421949259e-22,-1.3251701792268e-05,-1.3449462658189e-05,0.0099967306781141,-9.9943066318268e-07,1.0036396474378e-06,-5.490655374548e-06,-5.5797582404813e-06,-4.7359494899644e-06,0.9000291526274,0.90002717183224,2.5,2.5,-5.5246080413556e-06,-9.9999999999997e-05
0.375,0,0.60264769154394,0.60264769154394,0.99994552964421,0.99994335823424,0.99997577979124,0.99997574375063,4.3676839408393e-06,1.7347478732857e-22,-1.3260342196567e-05,-1.3453984706679e-05,0.0099967282315702,-9.7861759095071e-07,9.8273892343899e-07,-5.4933463189824e-06,-5.5805936241396e-06,-4.7340591733755e-06,0.90002914861577,0.90002720907048,2.5,2.5,-5.5265919239547e-06,-9.9999999999993e-05
0.3775,0,0.60264769154394,0.60264769154394,0.99994549365098,0.99994336746046,0.99997578390293,0.99997574861286,4.2767272366511e-06,1.6986218731902e-22,-1.3268802665095e-05,-1.3458412583853e-05,0.0099967258359753,-9.5823794957056e-07,9.6227345557911e-07,-5.4959812246959e-06,-5.5814116109931e-06,-4.7322082224996e-06,0.90002914468769,0.90002724553323,2.5,2.5,-5.5285344923408e-06,-0.0001
0.38,0,0.60264769154394,0.60264769154394,0.9999454584073,0.99994337649455,0.99997578792899,0.99997575337383,4.1876646992022e-06,1.6632481945002e-22,-1.3277086944926e-05,-1.3462748250699e-05,0.0099967234902685,-9.3828271275161e-07,9.4223417965217e-07,-5.4985612586874e-06,-5.5822125633279e-06,-4.730395817541e-06,0.90002914084141,0.90002728123664,2.5,2.5,-5.5304366068789e-06,-9.9999999999999e-05
0.3825,0,0.60264769154394,0.60264769154394,0.99994542389757,0.9999433853405,0.99997579187121,0.99997575803566,4.1004568826762e-06,1.6286111702343e-22,-1.3285198705281e-05,-1.3466993627666e-05,0.0099967211934109,-9.187430423356e-07,9.2261222024848e-07,-5.5010875636578e-06,-5.5829968358888e-06,-4.7286211557814e-06,0.90002913707523,0.90002731619654,2.5,2.5,-5.5322991100178e-06,-0.0001
0.385,0,0.60264769154394,0.60264769154394,0.9999453901065,0.99994339400224,0.99997579573134,0.99997576260041,4.0150651626113e-06,1.5946954594499e-22,-1.329314153872e-05,-1.3471150594925e-05,0.0099967189443852,-8.9961028427053e-07,9.0339888678134e-07,-5.5035612585078e-06,-5.5837647760299e-06,-4.7268834512358e-06,0.90002913338748,0.90002735042841,2.5,2.5,-5.5341228266623e-06,-0.0001
0.3875,0,0.60264769154394,0.60264769154394,0.99994535701912,0.99994340248359,0.99997579951107,0.9999757670701,3.9314517189794e-06,1.5614860409414e-22,-1.3300918963274e-05,-1.3475220993659e-05,0.0099967167421953,-8.8087596448699e-07,8.8458566964333e-07,-5.5059834388413e-06,-5.5845167238712e-06,-4.7251819342628e-06,0.90002912977653,0.9000273839474,2.5,2.5,-5.535908564538e-06,-0.0001
0.39,0,0.60264769154394,0.60264769154394,0.99994532462079,0.99994341078832,0.9999758032121,0.99997577144671,3.8495795192447e-06,1.5289682060392e-22,-1.3308534423507e-05,-1.3479206626679e-05,0.0099967145858658,-8.6253178556781e-07,8.6616423639886e-07,-5.5083551774435e-06,-5.5852530124527e-06,-4.723515851249e-06,0.90002912624077,0.90002741676836,2.5,2.5,-5.5376571145503e-06,-9.9999999999987e-05
0.3925,0,0.60264769154394,0.60264769154394,0.99994529289716,0.99994341892011,0.99997580683605,0.99997577573217,3.7694123021894e-06,1.4971275528866e-22,-1.3315991292349e-05,-1.3483109259061e-05,0.0099967124744418,-8.4456962292982e-07,8.4812642821193e-07,-5.5106775247603e-06,-5.5859739678769e-06,-4.7218844643018e-06,0.90002912277865,0.90002744890583,2.5,2.5,-5.5393692511338e-06,-9.9999999999991e-05
0.395,0,0.60264769154394,0.60264769154394,0.99994526183416,0.99994342688255,0.99997581038453,0.99997577992839,3.6909145616472e-06,1.4659499789828e-22,-1.332329287241e-05,-1.3486930619445e-05,0.009996710406988,-8.2698152103388e-07,8.3046425611983e-07,-5.5129515093618e-06,-5.5866799094575e-06,-4.7202870508681e-06,0.90002911938863,0.90002748037405,2.5,2.5,-5.5410457325959e-06,-0.00010000000000002
0.3975,0,0.60264769154394,0.60264769154394,0.99994523141805,0.99994343467918,0.99997581385912,0.99997578403722,3.6140515309079e-06,1.4354216758374e-22,-1.3330442397578e-05,-1.349067240029e-05,0.0099967083825887,-8.0975969010168e-07,8.1316989747026e-07,-5.5151781383951e-06,-5.587371149854e-06,-4.7187229034551e-06,0.9000291160692,0.90002751118694,2.5,2.5,-5.5426873014514e-06,-0.0001
0.4,0,0.60264769154394,0.60264769154394,0.99994520163535,0.99994344231344,0.99997581726135,0.99997578806049,3.5387891672422e-06,1.4055291225603e-22,-1.3337443034397e-05,-1.3494336258862e-05,0.0099967064003475,-7.9289650261498e-07,7.96235692658e-07,-5.5173583980425e-06,-5.5880479952205e-06,-4.7171913293005e-06,0.9000291128189,0.90002754135815,2.5,2.5,-5.5442946847533e-06,-0.00010000000000001
0.4025,0,0.60264769154394,0.60264769154394,0.99994517247288,0.99994344978872,0.99997582059272,0.99997579199997,3.4650941368819e-06,1.3762590794595e-22,-1.3344297883448e-05,-1.349792381777e-05,0.0099967044593862,-7.7638448977657e-07,7.7965414141712e-07,-5.5194932539385e-06,-5.5887107453283e-06,-4.7156916500716e-06,0.90002910963628,0.90002757090106,2.5,2.5,-5.545868594413e-06,-9.9999999999986e-05
0.405,0,0.60264769154394,0.60264769154394,0.99994514391771,0.99994345710832,0.99997582385473,0.99997579585741,3.3929338001942e-06,1.3475985828127e-22,-1.3351009980776e-05,-1.3501436666032e-05,0.0099967025588454,-7.602163384075e-07,7.6341789980832e-07,-5.5215836516136e-06,-5.5893596937144e-06,-4.7142232015496e-06,0.90002910651995,0.90002759982873,2.5,2.5,-5.5474097275168e-06,-0.00010000000000001
0.4075,0,0.60264769154394,0.60264769154394,0.9999451159572,0.9999434642755,0.9999758270488,0.99997579963453,3.3222761973833e-06,1.3195349390365e-22,-1.3357582299193e-05,-1.3504876359457e-05,0.0099967006978832,-7.4438488769366e-07,7.4751977679802e-07,-5.5236305169056e-06,-5.5899951277961e-06,-4.7127853333656e-06,0.90002910346851,0.900027628154,2.5,2.5,-5.5489187666344e-06,-9.9999999999997e-05
0.41,0,0.60264769154394,0.60264769154394,0.99994508857897,0.99994347129342,0.99997583017635,0.99997580333298,3.25309003405e-06,1.2920557185824e-22,-1.3364017749468e-05,-1.3508244421544e-05,0.0099966988756754,-7.2888312579763e-07,7.3195273105898e-07,-5.5256347563758e-06,-5.5906173290092e-06,-4.7113774086829e-06,0.90002910048062,0.90002765588939,2.5,2.5,-5.5503963801206e-06,-9.9999999999992e-05
0.4125,0,0.60264769154394,0.60264769154394,0.99994506177088,0.99994347816519,0.99997583323877,0.99997580695441,3.1853446675845e-06,1.2651487509137e-22,-1.3370319182026e-05,-1.3511542344017e-05,0.0099966970914149,-7.1370418696031e-07,7.1670986791921e-07,-5.5275972577031e-06,-5.5912265729261e-06,-4.7099988039299e-06,0.90002909755495,0.90002768304719,2.5,2.5,-5.5518432224118e-06,-0.00010000000000001
0.415,0,0.60264769154394,0.60264769154394,0.99994503552108,0.99994348489386,0.99997583623742,0.99997581050043,3.1190100935179e-06,1.2388021189885e-22,-1.3376489387672e-05,-1.3514771587465e-05,0.0099966953443115,-6.988413484357e-07,7.0178443631846e-07,-5.5295188900816e-06,-5.5918231293815e-06,-4.7086489085173e-06,0.90002909469021,0.90002770963944,2.5,2.5,-5.5532599343163e-06,-0.0001
0.4175,0,0.60264769154394,0.60264769154394,0.99994500981792,0.9999434914824,0.99997583917362,0.99997581397261,3.0540569322006e-06,1.2130041537885e-22,-1.3382531099239e-05,-1.3517933582113e-05,0.0099966936335915,-6.8428802751921e-07,6.8716982576652e-07,-5.5314005046054e-06,-5.5924072625935e-06,-4.7073271245926e-06,0.90002909188512,0.90002773567791,2.5,2.5,-5.5546471432967e-06,-0.0001
0.42,0,0.60264769154394,0.60264769154394,0.99994498465003,0.99994349793374,0.99997584204868,0.99997581737247,2.9904564157758e-06,1.1877434293087e-22,-1.3388446992572e-05,-1.3521029728508e-05,0.009996691958497,-6.7003777838116e-07,6.7285956343309e-07,-5.5332429346382e-06,-5.5929792312701e-06,-4.7060328667119e-06,0.90002908913845,0.90002776117413,2.5,2.5,-5.5560054637496e-06,-9.999999999999e-05
0.4225,0,0.60264769154394,0.60264769154394,0.99994496000626,0.99994350425073,0.99997584486386,0.99997582070153,2.928180375543e-06,1.1630087576256e-22,-1.3394239687903e-05,-1.3524061397845e-05,0.0099966903182863,-6.5608428977397e-07,6.5884731132266e-07,-5.5350469961997e-06,-5.5935392887427e-06,-4.7047655616629e-06,0.90002908644898,0.90002778613939,2.5,2.5,-5.5573354972769e-06,-9.9999999999999e-05
0.425,0,0.60264769154394,0.60264769154394,0.99994493587569,0.99994351043617,0.99997584762042,0.99997582396127,2.8672012294086e-06,1.1387891837653e-22,-1.3399911750713e-05,-1.3527029932864e-05,0.0099966887122328,-6.4242138148056e-07,6.4512686331029e-07,-5.5368134883087e-06,-5.5940876830582e-06,-4.7035246481512e-06,0.90002908381552,0.90002781058476,2.5,2.5,-5.558637832951e-06,-0.00010000000000001
0.4275,0,0.60264769154394,0.60264769154394,0.99994491224764,0.99994351649279,0.99997585031957,0.99997582715312,2.8074919695813e-06,1.1150739807391e-22,-1.3405465693235e-05,-1.3529936648405e-05,0.0099966871396253,-6.2904300228263e-07,6.316921426618e-07,-5.5385431933459e-06,-5.5946246571005e-06,-4.7023095765725e-06,0.9000290812369,0.90002783452105,2.5,2.5,-5.5599130475783e-06,-0.0001
0.43,0,0.60264769154394,0.60264769154394,0.99994488911165,0.99994352242329,0.99997585296251,0.9999758302785,2.7490261508185e-06,1.0918526450879e-22,-1.3410903975339e-05,-1.3532782831706e-05,0.0099966855997673,-6.1594322691599e-07,6.1853719911118e-07,-5.5402368774011e-06,-5.5951504486977e-06,-4.7011198087751e-06,0.90002907871198,0.90002785795888,2.5,2.5,-5.5611617059524e-06,-9.9999999999996e-05
0.4325,0,0.60264769154394,0.60264769154394,0.99994486645746,0.99994352823029,0.99997585555041,0.9999758333388,2.6917778785009e-06,1.0691148921005e-22,-1.3416229005542e-05,-1.353556974357e-05,0.0099966840919766,-6.0311625335636e-07,6.0565620630088e-07,-5.541895290608e-06,-5.5956652907208e-06,-4.6999548178013e-06,0.90002907623964,0.90002788090861,2.5,2.5,-5.5623843611052e-06,-0.0001
0.435,0,0.60264769154394,0.60264769154394,0.99994484427504,0.99994353391635,0.99997585808442,0.99997583633536,2.635721797378e-06,1.0468506511856e-22,-1.3421443142438e-05,-1.353829861811e-05,0.0099966826155856,-5.9055640071637e-07,5.9304345929472e-07,-5.5435191674774e-06,-5.5961694111983e-06,-4.6988140876892e-06,0.90002907381879,0.90002790338042,2.5,2.5,-5.5635815545527e-06,-0.0001
0.4375,0,0.60264769154394,0.60264769154394,0.99994482255457,0.99994353948401,0.99997586056566,0.99997583926952,2.5808330801138e-06,1.0250500614601e-22,-1.3426548695262e-05,-1.3540970664074e-05,0.0099966811699404,-5.7825810602942e-07,5.8069337179849e-07,-5.5451092272266e-06,-5.5966630334016e-06,-4.6976971131927e-06,0.90002907144835,0.90002792538425,2.5,2.5,-5.5647538165324e-06,-9.9999999999994e-05
0.44,0,0.60264769154394,0.60264769154394,0.99994480128642,0.99994354493572,0.99997586299523,0.99997584214258,2.5270874164313e-06,1.0037034674744e-22,-1.3431547925347e-05,-1.3543587064853e-05,0.0099966797544006,-5.6621592243025e-07,5.6860047398028e-07,-5.5466661740971e-06,-5.5971463759584e-06,-4.6966033996119e-06,0.90002906912728,0.90002794692986,2.5,2.5,-5.5659016662403e-06,-9.9999999999994e-05
0.4425,0,0.60264769154394,0.60264769154394,0.99994478046119,0.99994355027389,0.9999758653742,0.99997584495581,2.4744610023432e-06,9.8280141485834e-23,-1.3436443046794e-05,-1.3546148979201e-05,0.0099966783683393,-5.5442451651082e-07,5.5675940992476e-07,-5.5481906976605e-06,-5.5976196529406e-06,-4.6955324625393e-06,0.90002906685454,0.90002796802678,2.5,2.5,-5.5670256120604e-06,-0.00010000000000001
0.445,0,0.60264769154394,0.60264769154394,0.99994476006963,0.9999435555009,0.99997586770363,0.99997584771045,2.4229305295602e-06,9.6233464593516e-23,-1.3441236227691e-05,-1.3548657542041e-05,0.0099966770111426,-5.42878665722e-07,5.4516493515666e-07,-5.5496834731303e-06,-5.5980830739638e-06,-4.6944838276524e-06,0.90002906462913,0.90002798868436,2.5,2.5,-5.5681261517896e-06,-0.0001
0.4475,0,0.60264769154394,0.60264769154394,0.99994474010273,0.99994356061906,0.99997586998455,0.99997585040773,2.3724731751636e-06,9.4229409604034e-23,-1.3445929590969e-05,-1.3551113864136e-05,0.0099966756822095,-5.3157325644632e-07,5.3381191448223e-07,-5.5511451616582e-06,-5.5985368442781e-06,-4.693457030516e-06,0.90002906245007,0.90002800891175,2.5,2.5,-5.5692037728577e-06,-0.00010000000000001
0.45,0,0.60264769154394,0.60264769154394,0.99994472055164,0.99994356563063,0.99997587221797,0.99997585304883,2.3230665915529e-06,9.2267088901244e-23,-1.3450525215271e-05,-1.3553519033473e-05,0.0099966743809513,-5.2050328154406e-07,5.2269531969229e-07,-5.5525764106284e-06,-5.5989811648572e-06,-4.6924516163498e-06,0.90002906031638,0.90002802871791,2.5,2.5,-5.5702589525446e-06,-9.999999999998e-05
0.4525,0,0.60264769154394,0.60264769154394,0.9999447014077,0.99994357053784,0.99997587440488,0.99997585563494,2.2746888965082e-06,9.0345633400362e-23,-1.3455025136053e-05,-1.3555874115381e-05,0.0099966731067917,-5.0966383805035e-07,5.1181022717013e-07,-5.5539778539398e-06,-5.5994162324917e-06,-4.6914671398636e-06,0.90002905822713,0.90002804811161,2.5,2.5,-5.5712921581902e-06,-9.9999999999999e-05
0.455,0,0.60264769154394,0.60264769154394,0.99994468266243,0.99994357534285,0.99997587654625,0.99997585816719,2.2273186634753e-06,8.8464192067053e-23,-1.3459431346274e-05,-1.3558180152813e-05,0.0099966718591664,-4.9905012523631e-07,5.0115181592234e-07,-5.5553501122934e-06,-5.5998422398762e-06,-4.6905031650355e-06,0.90002905618139,0.90002806710143,2.5,2.5,-5.5723038474023e-06,-0.0001
0.4575,0,0.60264769154394,0.60264769154394,0.99994466430753,0.9999435800478,0.99997587864302,0.9999758606467,2.1809349121486e-06,8.6621931608014e-23,-1.346374579749e-05,-1.3560438167288e-05,0.0099966706375227,-4.8865744214476e-07,4.907153653034e-07,-5.5566937934678e-06,-5.6002593756861e-06,-4.6895592649061e-06,0.90002905417825,0.90002808569579,2.5,2.5,-5.5732944682593e-06,-9.9999999999999e-05
0.46,0,0.60264769154394,0.60264769154394,0.99994464633487,0.99994358465477,0.99997588069613,0.99997586307458,2.1355170991398e-06,8.4818036113114e-23,-1.3467970400603e-05,-1.3562649158705e-05,0.0099966694413198,-4.7848118598936e-07,4.8049625303756e-07,-5.5580094925774e-06,-5.6006678246731e-06,-4.6886350214345e-06,0.90002905221682,0.90002810390293,2.5,2.5,-5.5742644595078e-06,-0.00010000000000001
0.4625,0,0.60264769154394,0.60264769154394,0.99994462873649,0.9999435891658,0.99997588270648,0.9999758654519,2.0910451087872e-06,8.3051706586222e-23,-1.3472107026613e-05,-1.3564814106335e-05,0.0099966682700277,-4.6851684962182e-07,4.7048995305328e-07,-5.5592977923471e-06,-5.6010677677386e-06,-4.68773002526e-06,0.90002905029625,0.90002812173091,2.5,2.5,-5.5752142507583e-06,-9.9999999999979e-05
0.465,0,0.60264769154394,0.60264769154394,0.99994461150459,0.99994359358289,0.99997588467497,0.99997586777972,2.047499244471e-06,8.1322160766102e-23,-1.3476157507676e-05,-1.3566933969138e-05,0.0099966671231276,-4.5876001986494e-07,4.6069203353381e-07,-5.5605592633681e-06,-5.6014593820185e-06,-4.6868438755772e-06,0.90002904841566,0.90002813918762,2.5,2.5,-5.5761442626743e-06,-0.00010000000000001
0.4675,0,0.60264769154394,0.60264769154394,0.99994459463155,0.99994359790799,0.99997588660246,0.99997587005905,2.0048602196487e-06,7.9628632591992e-23,-1.3480123637795e-05,-1.3569009685996e-05,0.0099966660001117,-4.4920637536598e-07,4.5109815500849e-07,-5.5617944643445e-06,-5.6018428409587e-06,-4.6859761798892e-06,0.90002904657424,0.90002815628079,2.5,2.5,-5.5770549071588e-06,-9.9999999999999e-05
0.47,0,0.60264769154394,0.60264769154394,0.99994457810988,0.99994360214302,0.99997588848982,0.99997587229092,1.9631091494392e-06,7.7970372036792e-23,-1.3484007173562e-05,-1.3571042176055e-05,0.0099966649004825,-4.3985168482608e-07,4.4170406829387e-07,-5.5630039423515e-06,-5.6022183143949e-06,-4.685126553903e-06,0.90002904477117,0.90002817301801,2.5,2.5,-5.5779465875371e-06,-9.9999999999994e-05
0.4725,0,0.60264769154394,0.60264769154394,0.99994456193228,0.99994360628986,0.99997589033786,0.99997587447631,1.9222275423102e-06,7.6346644634114e-23,-1.3487809834919e-05,-1.3573032339882e-05,0.0099966638237529,-4.306918050722e-07,4.3250561276969e-07,-5.5641882330625e-06,-5.6025859686239e-06,-4.6842946213179e-06,0.90002904300565,0.90002818940667,2.5,2.5,-5.5788196987357e-06,-0.00010000000000001
0.475,0,0.60264769154394,0.60264769154394,0.99994454609158,0.99994361035034,0.99997589214743,0.99997587661619,1.8821972916678e-06,7.4756731237269e-23,-1.3491533306173e-05,-1.3574981058521e-05,0.0099966627694462,-4.2172267910554e-07,4.2349871441907e-07,-5.565347861005e-06,-5.6029459664785e-06,-4.6834800136672e-06,0.90002904127689,0.90002820545404,2.5,2.5,-5.5796746274559e-06,-9.9999999999982e-05
0.4775,0,0.60264769154394,0.60264769154394,0.99994453058075,0.99994361432626,0.99997589391931,0.99997587871151,1.8430006681435e-06,7.3199927689211e-23,-1.3495179236389e-05,-1.3576889195313e-05,0.0099966617370954,-4.1294033460456e-07,4.1467938407527e-07,-5.5664833397794e-06,-5.6032984674044e-06,-4.6826823701693e-06,0.90002903958413,0.90002822116722,2.5,2.5,-5.5805117523472e-06,-0.0001
0.48,0,0.60264769154394,0.60264769154394,0.99994451539294,0.99994361821939,0.99997589565429,0.99997588076319,1.8046203114899e-06,7.1675544433622e-23,-1.3498749240375e-05,-1.3578757595263e-05,0.0099966607262432,-4.0434088174894e-07,4.0604371567416e-07,-5.5675951722882e-06,-5.6036436275245e-06,-4.681901337528e-06,0.90002903792663,0.90002823655318,2.5,2.5,-5.5813314441725e-06,-9.999999999999e-05
0.4825,0,0.60264769154394,0.60264769154394,0.99994450052142,0.99994362203144,0.99997589735314,0.99997588277214,1.7670392230142e-06,7.0182906365575e-23,-1.3502244899236e-05,-1.3580587085842e-05,0.0099966597364419,-3.9592051192053e-07,3.9758788442324e-07,-5.568683850968e-06,-5.6039815997098e-06,-4.6811365698468e-06,0.90002903630364,0.90002825161873,2.5,2.5,-5.5821340659745e-06,-0.00010000000000001
0.485,0,0.60264769154394,0.60264769154394,0.99994448595959,0.9999436257641,0.99997589901661,0.99997588473926,1.7302407580124e-06,6.8721352390192e-23,-1.3505667761305e-05,-1.3582378477522e-05,0.0099966587672532,-3.8767549566541e-07,3.8930814526906e-07,-5.5697498579887e-06,-5.6043125336472e-06,-4.6803877283945e-06,0.90002903471446,0.90002826637054,2.5,2.5,-5.582919973235e-06,-9.9999999999996e-05
0.4875,0,0.60264769154394,0.60264769154394,0.99994447170101,0.99994362941903,0.99997590064544,0.99997588666542,1.6942086183882e-06,6.7290235134702e-23,-1.3509019342499e-05,-1.3584132563559e-05,0.0099966578182477,-3.7960218129821e-07,3.8120083108968e-07,-5.5707936654925e-06,-5.604636575911e-06,-4.679654481507e-06,0.90002903315836,0.90002828081514,2.5,2.5,-5.5836895140335e-06,-9.9999999999987e-05
0.49,0,0.60264769154394,0.60264769154394,0.99994445773937,0.99994363299785,0.99997590224035,0.99997588855146,1.6589268455027e-06,6.5888920839983e-23,-1.3512301127262e-05,-1.3585850120868e-05,0.0099966568890052,-3.7169699312213e-07,3.732623511393e-07,-5.5718157357796e-06,-5.6049538700174e-06,-4.6789365044377e-06,0.90002903163468,0.90002829495894,2.5,2.5,-5.5844430291997e-06,-0.00010000000000002
0.4925,0,0.60264769154394,0.60264769154394,0.99994444406847,0.99994363650214,0.99997590380204,0.99997589039823,1.6243798129858e-06,6.4516788785579e-23,-1.3515514569091e-05,-1.3587531910147e-05,0.0099966559791142,-3.6395642989728e-07,3.6548918945531e-07,-5.5728165215272e-06,-5.6052645564957e-06,-4.6782334791885e-06,0.90002903014272,0.90002830880819,2.5,2.5,-5.5851808524669e-06,-0.0001
0.495,0,0.60264769154394,0.60264769154394,0.99994443068227,0.99994363993345,0.99997590533122,0.99997589220653,1.5905522199628e-06,6.31732312945e-23,-1.3518661091205e-05,-1.3589178676378e-05,0.0099966550881715,-3.563770633706e-07,3.5787790331562e-07,-5.5737964659816e-06,-5.6055687729512e-06,-4.6775450943901e-06,0.90002902868183,0.90002832236904,2.5,2.5,-5.5859033106175e-06,-9.9999999999993e-05
0.4975,0,0.60264769154394,0.60264769154394,0.99994441757484,0.9999436432933,0.99997590682855,0.99997589397718,1.5574290841232e-06,6.1857653280566e-23,-1.3521742087252e-05,-1.3590791148754e-05,0.0099966542157827,-3.4895553661041e-07,3.504251216606e-07,-5.574756003164e-06,-5.6058666541213e-06,-4.6768710451565e-06,0.90002902725137,0.90002833564748,2.5,2.5,-5.5866107236288e-06,-9.9999999999995e-05
0.5,0,0.60264769154394,0.60264769154394,0.99994440474037,0.99994364658319,0.99997590829469,0.99997589571096,1.5249957352193e-06,6.0569472085784e-23,-1.3524758921767e-05,-1.3592370041495e-05,0.0099966533615613,-3.4168856258881e-07,3.4312754364518e-07,-5.5756955580537e-06,-5.6061583319365e-06,-4.676211032951e-06,0.90002902585069,0.9000283486494,2.5,2.5,-5.5873034048149e-06,-0.00010000000000001
0.5025,0,0.60264769154394,0.60264769154394,0.99994439217318,0.99994364980457,0.99997590973031,0.99997589740863,1.493237808477e-06,5.9308117170062e-23,-1.3527712930934e-05,-1.3593916053932e-05,0.009996652525129,-3.3457292279466e-07,3.3598193717937e-07,-5.5766155467784e-06,-5.6064439355822e-06,-4.6755647654465e-06,0.90002902447919,0.90002836138055,2.5,2.5,-5.587981660965e-06,-0.0001
0.505,0,0.60264769154394,0.60264769154394,0.99994437986769,0.99994365295886,0.99997591113602,0.99997589907094,1.4621412382627e-06,5.8073029888974e-23,-1.3530605423028e-05,-1.359542987076e-05,0.0099966517061153,-3.2760546567849e-07,3.2898513744586e-07,-5.5775163768046e-06,-5.6067235915522e-06,-4.6749319564191e-06,0.90002902313624,0.90002837384658,2.5,2.5,-5.5886457924794e-06,-0.0001
0.5075,0,0.60264769154394,0.60264769154394,0.99994436781847,0.99994365604746,0.99997591251247,0.99997590069864,1.4316922519015e-06,5.6863663208449e-23,-1.3533437679243e-05,-1.3596912162514e-05,0.0099966509041575,-3.2078310537349e-07,3.2213404556452e-07,-5.5783984471122e-06,-5.6069974237087e-06,-4.6743123255942e-06,0.90002902182127,0.90002838605301,2.5,2.5,-5.5892960935028e-06,-9.9999999999993e-05
0.51,0,0.60264769154394,0.60264769154394,0.99994435602017,0.99994365907174,0.99997591386025,0.99997590229244,1.4018773635087e-06,5.5679481513245e-23,-1.3536210953895e-05,-1.3598363585523e-05,0.0099966501189005,-3.1410282022695e-07,3.1542562719114e-07,-5.5792621483665e-06,-5.6072655533281e-06,-4.6737055985379e-06,0.90002902053367,0.90002839800524,2.5,2.5,-5.5899328520542e-06,-9.9999999999992e-05
0.5125,0,0.60264769154394,0.60264769154394,0.99994434446758,0.99994366203304,0.99997591517996,0.99997590385305,1.3726833680114e-06,5.4519960294452e-23,-1.353892647524e-05,-1.3599784782894e-05,0.0099966493499964,-3.0756165154473e-07,3.0885691113971e-07,-5.5801078631044e-06,-5.6075280991692e-06,-4.6731115065285e-06,0.90002901927289,0.90002840970856,2.5,2.5,-5.5905563501543e-06,-0.0001
0.515,0,0.60264769154394,0.60264769154394,0.99994433315556,0.99994366493268,0.99997591647219,0.99997590538116,1.3440973353801e-06,5.3384586049729e-23,-1.3541585446137e-05,-1.3601176383895e-05,0.0099966485971046,-3.011567022228e-07,3.0242498812691e-07,-5.5809359658951e-06,-5.6077851775098e-06,-4.672529786444e-06,0.90002901803837,0.90002842116817,2.5,2.5,-5.5911668639511e-06,-0.00010000000000001
0.5175,0,0.60264769154394,0.60264769154394,0.99994432207911,0.99994366777192,0.99997591773751,0.99997590687745,1.3161066048437e-06,5.2272855870255e-23,-1.3544189044109e-05,-1.3602539004777e-05,0.0099966478598918,-2.9488513550719e-07,2.9612700945063e-07,-5.5817468235033e-06,-5.6080369022121e-06,-4.6719601806394e-06,0.90002901682956,0.90002843238913,2.5,2.5,-5.5917646638421e-06,-9.9999999999988e-05
0.52,0,0.60264769154394,0.60264769154394,0.99994431123333,0.99994367055205,0.99997591897647,0.99997590834258,1.2886987792464e-06,5.1184277391344e-23,-1.3546738422382e-05,-1.3603873249382e-05,0.0099966471380313,-2.8874417369664e-07,2.8996018572924e-07,-5.5825407950611e-06,-5.6082833847686e-06,-4.6714024368275e-06,0.90002901564591,0.90002844337641,2.5,2.5,-5.5923500145932e-06,-0.0001
0.5225,0,0.60264769154394,0.60264769154394,0.99994430061342,0.99994367327427,0.99997592018964,0.9999759097772,1.2618617196441e-06,5.0118368489641e-23,-1.3549234709983e-05,-1.3605179708357e-05,0.0099966464312036,-2.8273109705676e-07,2.8392178568763e-07,-5.5833182322188e-06,-5.6085247343416e-06,-4.6708563079993e-06,0.90002901448692,0.90002845413488,2.5,2.5,-5.592923175457e-06,-9.9999999999999e-05
0.525,0,0.60264769154394,0.60264769154394,0.99994429021466,0.99994367593981,0.99997592137754,0.99997591118194,1.2355835398776e-06,4.9074657073102e-23,-1.3551679012603e-05,-1.3606458960345e-05,0.0099966457390955,-2.7684324220524e-07,2.7800913485871e-07,-5.5840794793004e-06,-5.6087610578251e-06,-4.6703215522607e-06,0.90002901335207,0.90002846466931,2.5,2.5,-5.5934844002867e-06,-0.0001
0.5275,0,0.60264769154394,0.60264769154394,0.99994428003246,0.99994367854983,0.99997592254071,0.99997591255742,1.2098526013343e-06,4.8052680863167e-23,-1.3554072412807e-05,-1.3607711572079e-05,0.0099966450614005,-2.7107800155711e-07,2.7221961457433e-07,-5.584824873469e-06,-5.608992459892e-06,-4.669797932772e-06,0.90002901224084,0.90002847498437,2.5,2.5,-5.5940339376498e-06,-9.9999999999988e-05
0.53,0,0.60264769154394,0.60264769154394,0.9999442700623,0.9999436811055,0.99997592367965,0.99997591390427,1.1846575077429e-06,4.7051987220442e-23,-1.355641597063e-05,-1.3608938098204e-05,0.0099966443978184,-2.6543282164731e-07,2.6655066065108e-07,-5.5855547448563e-06,-5.6092190430283e-06,-4.66928521762e-06,0.90002901115276,0.90002848508461,2.5,2.5,-5.5945720309369e-06,-0.00010000000000001
0.5325,0,0.60264769154394,0.60264769154394,0.99994426029976,0.99994368360795,0.99997592479487,0.99997591522306,1.15998710016e-06,4.6072132964425e-23,-1.3558710724005e-05,-1.3610139082064e-05,0.0099966437480554,-2.5990520219577e-07,2.6099976227063e-07,-5.5862694167252e-06,-5.6094409075857e-06,-4.6687831797292e-06,0.90002901008734,0.90002849497451,2.5,2.5,-5.5950989184696e-06,-0.0001
0.535,0,0.60264769154394,0.60264769154394,0.99994425074053,0.99994368605829,0.99997592588687,0.99997591651439,1.1358304520694e-06,4.511268409662e-23,-1.356095768929e-05,-1.3611315055464e-05,0.0099966431118237,-2.5449269498279e-07,2.555644609378e-07,-5.5869692056033e-06,-5.6096581518281e-06,-4.6682915967365e-06,0.90002900904411,0.90002850465846,2.5,2.5,-5.5956148336074e-06,-9.9999999999988e-05
0.5375,0,0.60264769154394,0.60264769154394,0.99994424138038,0.9999436884576,0.99997592695613,0.99997591777883,1.1121768644008e-06,4.4173215695191e-23,-1.356315786172e-05,-1.3612466539428e-05,0.0099966424888414,-2.4919290287509e-07,2.502423493893e-07,-5.5876544214271e-06,-5.6098708719769e-06,-4.6678102509251e-06,0.9000290080226,0.90002851414074,2.5,2.5,-5.5961200048494e-06,-0.00010000000000001
0.54,0,0.60264769154394,0.60264769154394,0.99994423221514,0.99994369080694,0.99997592800312,0.99997591901694,1.089015861009e-06,4.3253311648717e-23,-1.3565312215685e-05,-1.3613594043669e-05,0.0099966418788327,-2.440034785752e-07,2.4503107042075e-07,-5.5883253676822e-06,-5.6100791622427e-06,-4.6673389291071e-06,0.90002900702236,0.90002852342555,2.5,2.5,-5.5966146559366e-06,-0.00010000000000001
0.5425,0,0.60264769154394,0.60264769154394,0.99994422324077,0.99994369310736,0.99997592902831,0.99997592022926,1.0663371838477e-06,4.2352564533447e-23,-1.3567421705394e-05,-1.3614698067812e-05,0.0099966412815274,-2.389221236337e-07,2.3992831595378e-07,-5.5889823415292e-06,-5.6102831148794e-06,-4.6668774225357e-06,0.90002900604295,0.90002853251701,2.5,2.5,-5.5970990059504e-06,-9.9999999999995e-05
0.545,0,0.60264769154394,0.60264769154394,0.9999442144533,0.99994369535987,0.99997593003215,0.99997592141634,1.0441307885214e-06,4.147057542085e-23,-1.3569487265162e-05,-1.3615779100682e-05,0.0099966406966609,-2.3394658754441e-07,2.3493182600143e-07,-5.5896256339432e-06,-5.6104828202159e-06,-4.6664255267981e-06,0.90002900508394,0.90002854141914,2.5,2.5,-5.5975732694097e-06,-0.0001
0.5475,0,0.60264769154394,0.60264769154394,0.99994420584882,0.99994369756548,0.99997593101508,0.9999759225787,1.0223868397862e-06,4.0606953664994e-23,-1.3571509809746e-05,-1.36168376211e-05,0.0099966401239743,-2.2907466666413e-07,2.3003938758673e-07,-5.5902555298381e-06,-5.6106783667037e-06,-4.6659830417595e-06,0.9000290041449,0.90002855013589,2.5,2.5,-5.5980376563667e-06,-0.0001
0.55,0,0.60264769154394,0.60264769154394,0.99994419742353,0.99994369972515,0.99997593197754,0.99997592371685,1.0010957072229e-06,3.9761316767233e-23,-1.3573490235046e-05,-1.3617874098013e-05,0.0099966395632138,-2.2430420312631e-07,2.25248833821e-07,-5.5908723081947e-06,-5.6108698409488e-06,-4.6655497714407e-06,0.90002900322542,0.9000285586711,2.5,2.5,-5.5984923724986e-06,-9.9999999999996e-05
0.5525,0,0.60264769154394,0.60264769154394,0.99994418917369,0.99994370183985,0.99997593291996,0.9999759248313,9.802479609648e-07,3.8933290205916e-23,-1.3575429418032e-05,-1.3618888990277e-05,0.0099966390141311,-2.1963308426885e-07,2.20558043056e-07,-5.5914762421894e-06,-5.6110573277601e-06,-4.6651255239501e-06,0.90002900232508,0.90002856702858,2.5,2.5,-5.5989376192e-06,-9.9999999999991e-05
0.555,0,0.60264769154394,0.60264769154394,0.99994418109566,0.99994370391051,0.99997593384276,0.99997592592254,9.598343675182e-07,3.8122507222465e-23,-1.357732821779e-05,-1.3619882747479e-05,0.009996638476483,-2.1505924098178e-07,2.1596493761707e-07,-5.5920675993008e-06,-5.6112409101683e-06,-4.6647101113746e-06,0.9000290014435,0.900028575212,2.5,2.5,-5.5993735936703e-06,-0.0001
0.5575,0,0.60264769154394,0.60264769154394,0.99994417318585,0.99994370593805,0.99997593474634,0.99997592699105,9.3984588568666e-07,3.7328608755748e-23,-1.3579187475084e-05,-1.3620855809792e-05,0.0099966379500313,-2.1058064776152e-07,2.1146748330445e-07,-5.5926466414424e-06,-5.6114206694868e-06,-4.664303349742e-06,0.90002900058027,0.90002858322501,2.5,2.5,-5.5998004890039e-06,-9.9999999999984e-05
0.56,0,0.60264769154394,0.60264769154394,0.99994416544076,0.99994370792336,0.9999759356311,0.99997592803732,9.2027366257204e-07,3.6551243150092e-23,-1.3581008013567e-05,-1.3621808608157e-05,0.009996637434543,-2.061953209077e-07,2.0706368815111e-07,-5.5932136250739e-06,-5.6115966853318e-06,-4.6639050588892e-06,0.90002899973502,0.90002859107115,2.5,2.5,-5.6002184942728e-06,-0.00010000000000001
0.5625,0,0.60264769154394,0.60264769154394,0.99994415785696,0.99994370986733,0.99997593649743,0.99997592906179,9.0110902958969e-07,3.5790066133458e-23,-1.3582790639374e-05,-1.3622741564566e-05,0.0099966369297897,-2.0190131807228e-07,2.0275160167413e-07,-5.5937688013116e-06,-5.6117690356584e-06,-4.6635150624112e-06,0.90002899890737,0.9000285987539,2.5,2.5,-5.6006277946116e-06,-0.00010000000000002
0.565,0,0.60264769154394,0.60264769154394,0.9999441504311,0.99994371177082,0.99997593734573,0.99997593006493,8.8234349873553e-07,3.5044740573342e-23,-1.3584536142171e-05,-1.3623655092153e-05,0.0099966364355479,-1.9769673768356e-07,1.9852931415022e-07,-5.5943124160433e-06,-5.6119377968024e-06,-4.6631331875862e-06,0.90002899809696,0.90002860627665,2.5,2.5,-5.6010285713006e-06,-9.9999999999977e-05
0.5675,0,0.60264769154394,0.60264769154394,0.99994414315988,0.99994371363466,0.99997593817635,0.99997593104718,8.6396875867679e-07,3.431493637092e-23,-1.3586245295017e-05,-1.3624549595744e-05,0.0099966359515986,-1.9357971727414e-07,1.9439495540622e-07,-5.5948447100369e-06,-5.612103043508e-06,-4.66275926528e-06,0.90002899730342,0.90002861364274,2.5,2.5,-5.6014210018437e-06,-0.0001
0.57,0,0.60264769154394,0.60264769154394,0.99994413604008,0.9999437154597,0.99997593898968,0.99997593200898,8.4597667129219e-07,3.3600330276533e-23,-1.3587918854864e-05,-1.3625425471229e-05,0.0099966354777275,-1.8954843352786e-07,1.9034669440383e-07,-5.5953659190481e-06,-5.6122648489609e-06,-4.6623931298695e-06,0.90002899652641,0.90002862085544,2.5,2.5,-5.6018052600487e-06,-0.0001
0.5725,0,0.60264769154394,0.60264769154394,0.99994412906855,0.99994371724672,0.99997593978608,0.99997593295074,8.2835926780134e-07,3.2900605824188e-23,-1.3589557562911e-05,-1.3626283106744e-05,0.0099966350137248,-1.8560110107466e-07,1.8638273817841e-07,-5.595876273918e-06,-5.6124232848284e-06,-4.6620346192165e-06,0.90002899576558,0.90002862791792,2.5,2.5,-5.6021815161044e-06,-9.9999999999993e-05
0.575,0,0.60264769154394,0.60264769154394,0.9999441222422,0.99994371899654,0.99997594056589,0.9999759338729,8.1110874550266e-07,3.2215453044097e-23,-1.3591162145015e-05,-1.3627122882012e-05,0.0099966345593848,-1.8173597138674e-07,1.8250133100489e-07,-5.5963760006847e-06,-5.6125784212786e-06,-4.6616835745088e-06,0.90002899502059,0.90002863483334,2.5,2.5,-5.6025499366546e-06,-0.00010000000000001
0.5775,0,0.60264769154394,0.60264769154394,0.99994411555801,0.99994372070991,0.99997594132945,0.99997593477585,7.942174640966e-07,3.1544568557574e-23,-1.3592733311831e-05,-1.3627945169023e-05,0.0099966341145065,-1.7795133285165e-07,1.7870075390832e-07,-5.596865320677e-06,-5.6127303270271e-06,-4.661339840283e-06,0.90002899429112,0.90002864160474,2.5,2.5,-5.6029106848736e-06,-0.00010000000000001
0.58,0,0.60264769154394,0.60264769154394,0.99994410901302,0.9999437223876,0.99997594207712,0.99997593565999,7.7767794240312e-07,3.0887655185023e-23,-1.359427175919e-05,-1.3628750331985e-05,0.0099966336788927,-1.7424550917891e-07,1.7497932353595e-07,-5.5973444506156e-06,-5.6128790693471e-06,-4.6610032643118e-06,0.90002899357684,0.90002864823513,2.5,2.5,-5.6032639205367e-06,-9.9999999999999e-05
0.5825,0,0.60264769154394,0.60264769154394,0.99994410260433,0.99994372403035,0.99997594280922,0.99997593652573,7.6148285505542e-07,3.0244421975636e-23,-1.3595778168497e-05,-1.362953872746e-05,0.0099966332523506,-1.7061685887594e-07,1.7133539166777e-07,-5.597813602707e-06,-5.6130247141178e-06,-4.6606736974928e-06,0.90002899287744,0.90002865472744,2.5,2.5,-5.6036098000921e-06,-9.9999999999994e-05
0.585,0,0.60264769154394,0.60264769154394,0.99994409632909,0.9999437256389,0.99997594352607,0.99997593737343,7.4562502925652e-07,2.9614584070149e-23,-1.3597253206915e-05,-1.3630310704692e-05,0.0099966328346911,-1.6706377506436e-07,1.6776734443173e-07,-5.5982729847398e-06,-5.6131673258478e-06,-4.6603509938904e-06,0.9000289921926,0.90002866108454,2.5,2.5,-5.603948476731e-06,-0.00010000000000001
0.5875,0,0.60264769154394,0.60264769154394,0.99994409018454,0.99994372721394,0.99997594422799,0.99997593820348,7.3009744151619e-07,2.8997862475268e-23,-1.3598697527763e-05,-1.3631066605528e-05,0.0099966324257294,-1.6358468393053e-07,1.642736015236e-07,-5.5987228001762e-06,-5.6133069676979e-06,-4.660035010566e-06,0.90002899152202,0.90002866730926,2.5,2.5,-5.6042801004529e-06,-9.9999999999996e-05
0.59,0,0.60264769154394,0.60264769154394,0.99994408416795,0.99994372875619,0.9999759449153,0.99997593901625,7.1489321471353e-07,2.8393984062365e-23,-1.3600111770748e-05,-1.3631806764819e-05,0.0099966320252843,-1.6017804464654e-07,1.6085261556708e-07,-5.5991632482374e-06,-5.6134437015178e-06,-4.6597256075695e-06,0.90002899086541,0.90002867340436,2.5,2.5,-5.6046048181349e-06,-0.0001
0.5925,0,0.60264769154394,0.60264769154394,0.99994407827666,0.99994373026632,0.99997594558829,0.99997593981209,7.0000561480591e-07,2.7802681388082e-23,-1.3601496562246e-05,-1.3632531510266e-05,0.0099966316331785,-1.5684234831466e-07,1.5750287137235e-07,-5.5995945239985e-06,-5.6135775878646e-06,-4.659422647867e-06,0.90002899022247,0.90002867937252,2.5,2.5,-5.6049227735941e-06,-9.9999999999996e-05
0.595,0,0.60264769154394,0.60264769154394,0.99994407250805,0.999943731745,0.99997594624727,0.99997594059136,6.8542804810412e-07,2.7223692536763e-23,-1.3602852515515e-05,-1.3633241163051e-05,0.0099966312492382,-1.5357611770805e-07,1.5422288539509e-07,-5.6000168184725e-06,-5.6137086860388e-06,-4.6591259972835e-06,0.90002898959292,0.9000286852164,2.5,2.5,-5.605234107654e-06,-9.9999999999991e-05
0.5975,0,0.60264769154394,0.60264769154394,0.99994406685957,0.99994373319288,0.99997594689252,0.99997594135439,6.7115405821868e-07,2.6656761097536e-23,-1.3604180231187e-05,-1.3633936037282e-05,0.0099966308732934,-1.5037790607171e-07,1.5101120487859e-07,-5.600430318695e-06,-5.6138370541036e-06,-4.658835524421e-06,0.90002898897648,0.90002869093857,2.5,2.5,-5.6055389582045e-06,-0.00010000000000001
0.6,0,0.60264769154394,0.60264769154394,0.99994406132872,0.99994373461062,0.99997594752434,0.99997594210154,6.5717732309728e-07,2.6101635961445e-23,-1.3605480297287e-05,-1.3634616440844e-05,0.0099966305051777,-1.4724629696804e-07,1.4786640737264e-07,-5.6008352078075e-06,-5.6139627489093e-06,-4.6585511006382e-06,0.90002898837287,0.90002869654159,2.5,2.5,-5.6058374602638e-06,-0.00010000000000001
0.6025,0,0.60264769154394,0.60264769154394,0.99994405591304,0.99994373599883,0.999975948143,0.99997594283313,6.4349165250887e-07,2.5558071268348e-23,-1.3606753289566e-05,-1.3635282675042e-05,0.0099966301447279,-1.4417990340378e-07,1.4478710005205e-07,-5.6012316651326e-06,-5.6140858261316e-06,-4.6582725999615e-06,0.90002898778184,0.90002870202792,2.5,2.5,-5.6061297460394e-06,-9.999999999998e-05
0.605,0,0.60264769154394,0.60264769154394,0.99994405061016,0.99994373735813,0.99997594874878,0.99997594354949,6.3009098501916e-07,2.5025826266021e-23,-1.3607999771915e-05,-1.3635935035004e-05,0.0099966297917845,-1.4117736726673e-07,1.41771919083e-07,-5.6016198662602e-06,-5.6142063402817e-06,-4.6579998990415e-06,0.90002898720312,0.9000287074,2.5,2.5,-5.6064159449845e-06,-0.00010000000000001
0.6075,0,0.60264769154394,0.60264769154394,0.9999440454177,0.99994373868912,0.99997594934194,0.99997594425092,6.1696938548909e-07,2.4504665231238e-23,-1.3609220296335e-05,-1.3636573809539e-05,0.0099966294461911,-1.38237358715e-07,1.3881952903941e-07,-5.601999983129e-06,-5.6143243447306e-06,-4.6577328770956e-06,0.90002898663645,0.9000287126602,2.5,2.5,-5.6066961838573e-06,-0.00010000000000001
0.61,0,0.60264769154394,0.60264769154394,0.99994404033337,0.9999437399924,0.99997594992275,0.99997594493775,6.0412104229758e-07,2.3994357341279e-23,-1.36104154034e-05,-1.3637199281688e-05,0.0099966291077946,-1.3535857562074e-07,1.3592862229817e-07,-5.6023721840897e-06,-5.6144398917456e-06,-4.6574714158625e-06,0.90002898608157,0.90002871781087,2.5,2.5,-5.6069705867755e-06,-9.9999999999992e-05
0.6125,0,0.60264769154394,0.60264769154394,0.99994403535493,0.99994374126853,0.99997595049146,0.99997594561027,5.9154026493532e-07,2.3494676569515e-23,-1.3611585622464e-05,-1.3637811728453e-05,0.0099966287764453,-1.3253974302478e-07,1.3309791850234e-07,-5.6027366339937e-06,-5.6145530325037e-06,-4.6572153995456e-06,0.90002898553826,0.90002872285427,2.5,2.5,-5.607239275273e-06,-9.9999999999993e-05
0.615,0,0.60264769154394,0.60264769154394,0.99994403048016,0.99994374251809,0.99997595104833,0.99997594626879,5.7922148139022e-07,2.3005401611549e-23,-1.3612731471825e-05,-1.3638411420999e-05,0.0099966284519963,-1.2977961238088e-07,1.3032616390745e-07,-5.6030934942521e-06,-5.6146638171135e-06,-4.6569647147434e-06,0.90002898500625,0.90002872779264,2.5,2.5,-5.6075023683515e-06,-0.0001
0.6175,0,0.60264769154394,0.60264769154394,0.99994402570691,0.99994374374163,0.9999759515936,0.9999759469136,5.6715923560493e-07,2.2526315784847e-23,-1.3613853458913e-05,-1.3638998624943e-05,0.0099966281343039,-1.2707696125729e-07,1.2761213088301e-07,-5.6034429229238e-06,-5.6147722946403e-06,-4.6567192504388e-06,0.90002898448533,0.90002873262817,2.5,2.5,-5.6077599825354e-06,-9.9999999999995e-05
0.62,0,0.60264769154394,0.60264769154394,0.99994402103306,0.99994374493969,0.99997595212752,0.99997594754498,5.5534818521057e-07,2.2057206871404e-23,-1.3614952080728e-05,-1.3639573600495e-05,0.0099966278232274,-1.24430592694e-07,1.2495461743519e-07,-5.603785074769e-06,-5.6148785131322e-06,-4.6564788979133e-06,0.90002898397526,0.900028737363,2.5,2.5,-5.6080122319228e-06,-0.00010000000000001
0.6225,0,0.60264769154394,0.60264769154394,0.99994401645654,0.9999437461128,0.99997595265032,0.99997594816321,5.4378309912834e-07,2.1597867118992e-23,-1.3616027823818e-05,-1.3640136602214e-05,0.009996627518629,-1.2183933449384e-07,1.223524464832e-07,-5.6041201013235e-06,-5.6149825196292e-06,-4.656243550704e-06,0.9000289834758,0.90002874199923,2.5,2.5,-5.6082592282345e-06,-0.00010000000000002
0.625,0,0.60264769154394,0.60264769154394,0.99994401197533,0.99994374726147,0.99997595316223,0.99997594876856,5.3245885511528e-07,2.1148093092396e-23,-1.3617081164622e-05,-1.3640687879419e-05,0.0099966272203739,-1.1930203909808e-07,1.1980446555517e-07,-5.6044481509762e-06,-5.6150843601997e-06,-4.6560131045912e-06,0.90002898298675,0.90002874653891,2.5,2.5,-5.6085010808659e-06,-9.9999999999982e-05
0.6275,0,0.60264769154394,0.60264769154394,0.99994400758744,0.99994374838623,0.99997595366348,0.99997594936131,5.2137043765568e-07,2.0707685570181e-23,-1.3618112569717e-05,-1.3641227676365e-05,0.00999662692833,-1.1681758269273e-07,1.1730954617585e-07,-5.6047693690166e-06,-5.6151840799475e-06,-4.6557874574928e-06,0.90002898250789,0.90002875098405,2.5,2.5,-5.6087378969336e-06,-0.00010000000000002
0.63,0,0.60264769154394,0.60264769154394,0.99994400329093,0.99994374948756,0.99997595415429,0.99997594994172,5.1051293570227e-07,2.0276449500731e-23,-1.3619122495813e-05,-1.3641756232065e-05,0.0099966266423678,-1.1438486496131e-07,1.1486658329504e-07,-5.6050838977146e-06,-5.6152817230405e-06,-4.6555665094917e-06,0.90002898203899,0.90002875533662,2.5,2.5,-5.6089697813236e-06,-9.9999999999985e-05
0.6325,0,0.60264769154394,0.60264769154394,0.99994399908389,0.99994375056596,0.99997595463488,0.99997595051003,4.9988154047013e-07,1.9854193891973e-23,-1.3620111390357e-05,-1.3642273780625e-05,0.0099966263623608,-1.1200280831488e-07,1.124744949347e-07,-5.6053918763791e-06,-5.6153773327211e-06,-4.6553501627064e-06,0.90002898157986,0.90002875959855,2.5,2.5,-5.6091968367379e-06,-0.0001
0.635,0,0.60264769154394,0.60264769154394,0.99994399496446,0.9999437516219,0.99997595510547,0.99997595106652,4.8947154327036e-07,1.9440731730777e-23,-1.3621079691131e-05,-1.3642780551229e-05,0.0099966260881849,-1.0967035787761e-07,1.1013222164998e-07,-5.6056934414065e-06,-5.6154709513356e-06,-4.6551383213322e-06,0.90002898113029,0.90002876377173,2.5,2.5,-5.6094191637394e-06,-9.9999999999988e-05
0.6375,0,0.60264769154394,0.60264769154394,0.99994399093082,0.99994375265586,0.99997595556625,0.99997595161141,4.7927833348685e-07,1.9035879879277e-23,-1.3622027827217e-05,-1.3643276768469e-05,0.0099966258197187,-1.073864805485e-07,1.0783872603171e-07,-5.6059887263641e-06,-5.615562620352e-06,-4.6549308915379e-06,0.90002898069009,0.900028767858,2.5,2.5,-5.6096368607971e-06,-9.9999999999995e-05
0.64,0,0.60264769154394,0.60264769154394,0.99994398698118,0.99994375366828,0.99997595601744,0.99997595214496,4.6929739659761e-07,1.8639459050622e-23,-1.3622956218393e-05,-1.364376265195e-05,0.0099966255568433,-1.0515016478665e-07,1.0559299230624e-07,-5.6062778620337e-06,-5.6156523803676e-06,-4.6547277814524e-06,0.90002898025905,0.90002877185917,2.5,2.5,-5.6098500243292e-06,-0.00010000000000002
0.6425,0,0.60264769154394,0.60264769154394,0.9999439831138,0.99994375465961,0.99997595645923,0.99997595266739,4.5952431197987e-07,1.8251293654672e-23,-1.3623865275859e-05,-1.3644238416971e-05,0.0099966252994422,-1.0296042015215e-07,1.0339402581075e-07,-5.6065609764726e-06,-5.6157402711367e-06,-4.6545289011237e-06,0.90002897983698,0.90002877577702,2.5,2.5,-5.6100587487459e-06,-9.9999999999984e-05
0.645,0,0.60264769154394,0.60264769154394,0.99994397932694,0.9999437556303,0.99997595689182,0.99997595317895,4.4995475117407e-07,1.7871211771265e-23,-1.3624755402312e-05,-1.3644704274161e-05,0.0099966250474015,-1.0081627681802e-07,1.0124085264921e-07,-5.6068381950767e-06,-5.6158263315864e-06,-4.654334162465e-06,0.90002897942371,0.90002877961328,2.5,2.5,-5.610263126492e-06,-9.9999999999998e-05
0.6475,0,0.60264769154394,0.60264769154394,0.99994397561895,0.99994375658078,0.9999759573154,0.99997595367985,4.4058447576644e-07,1.7499045069604e-23,-1.3625626991964e-05,-1.3645160429986e-05,0.0099966248006096,-9.8716785037604e-08,9.913251915602e-08,-5.6071096406211e-06,-5.6159105998317e-06,-4.6541434792172e-06,0.90002897901904,0.90002878336965,2.5,2.5,-5.6104632480856e-06,-0.0001
0.65,0,0.60264769154394,0.60264769154394,0.99994397198818,0.99994375751146,0.99997595773016,0.99997595417032,4.314093356674e-07,1.7134628711276e-23,-1.3626480430768e-05,-1.364560708636e-05,0.009996624558957,-9.6661015133822e-08,9.706809157378e-08,-5.6073754333333e-06,-5.6159931131993e-06,-4.6539567669421e-06,0.9000289786228,0.90002878704779,2.5,2.5,-5.6106592021619e-06,-0.00010000000000003
0.6525,0,0.60264769154394,0.60264769154394,0.99994396843302,0.99994375842276,0.99997595813629,0.99997595465058,4.2242526721662e-07,1.6777801304671e-23,-1.3627316096765e-05,-1.3646044441186e-05,0.0099966243223369,-9.4648056390554e-08,9.504665551629e-08,-5.6076356909296e-06,-5.6160739082308e-06,-4.6537739429327e-06,0.90002897823482,0.90002879064934,2.5,2.5,-5.6108510755082e-06,-9.999999999996e-05
0.655,0,0.60264769154394,0.60264769154394,0.9999439649519,0.99994375931509,0.99997595853395,0.99997595512084,4.1362829136048e-07,1.6428404793011e-23,-1.3628134360141e-05,-1.3646472688116e-05,0.0099966240906444,-9.2677017406801e-08,9.3067315730883e-08,-5.6078905286806e-06,-5.6161530207125e-06,-4.653594926221e-06,0.90002897785491,0.90002879417589,2.5,2.5,-5.6110389531062e-06,-0.00010000000000003
0.6575,0,0.60264769154394,0.60264769154394,0.99994396154327,0.99994376018883,0.99997595892334,0.9999759555813,4.0501451186543e-07,1.6086284440186e-23,-1.3628935583194e-05,-1.3646892016803e-05,0.0099966238637768,-9.0747025186786e-08,9.112919557796e-08,-5.6081400594537e-06,-5.6162304856819e-06,-4.6534196375168e-06,0.90002897748291,0.90002879762899,2.5,2.5,-5.6112229181665e-06,-9.9999999999989e-05
0.66,0,0.60264769154394,0.60264769154394,0.99994395820562,0.99994376104437,0.99997595930461,0.99997595603217,3.9658011370607e-07,1.5751288719102e-23,-1.3629720120823e-05,-1.3647302613002e-05,0.0099966236416337,-8.8857224898473e-08,8.9231436611911e-08,-5.6083843937659e-06,-5.6163063374483e-06,-4.6532479991919e-06,0.90002897711866,0.90002880101019,2.5,2.5,-5.6114030521678e-06,-0.0001
0.6625,0,0.60264769154394,0.60264769154394,0.99994395493748,0.9999437618821,0.99997595967795,0.99997595647366,3.8832136131344e-07,1.5423269275249e-23,-1.3630488320536e-05,-1.3647704658583e-05,0.0099966234241168,-8.7006779562013e-08,8.7373198351678e-08,-5.6086236398339e-06,-5.6163806096078e-06,-4.6530799352213e-06,0.900028976762,0.90002880432097,2.5,2.5,-5.6115794348913e-06,-0.00010000000000001
0.665,0,0.60264769154394,0.60264769154394,0.9999439517374,0.99994376270239,0.99997596004351,0.99997595690595,3.8023459683468e-07,1.5102080790566e-23,-1.3631240522573e-05,-1.3648098331555e-05,0.0099966232111296,-8.5194869632819e-08,8.5553657760914e-08,-5.6088579036202e-06,-5.6164533350558e-06,-4.6529153711697e-06,0.90002897641276,0.9000288075628,2.5,2.5,-5.6117521444574e-06,-9.9999999999989e-05
0.6675,0,0.60264769154394,0.60264769154394,0.99994394860396,0.99994376350559,0.99997596040146,0.99997595732924,3.7231623864096e-07,1.478758104167e-23,-1.363197706004e-05,-1.3648483806414e-05,0.0099966230025779,-8.3420692568075e-08,8.3772008972898e-08,-5.609087288878e-06,-5.6165245460001e-06,-4.6527542341545e-06,0.9000289760708,0.90002881073713,2.5,2.5,-5.611921257359e-06,-0.00010000000000001
0.67,0,0.60264769154394,0.60264769154394,0.99994394553578,0.99994376429206,0.99997596075195,0.99997595774371,3.6456277967466e-07,1.4479630724297e-23,-1.3632698259136e-05,-1.3648861253667e-05,0.0099966227983692,-8.1683462657255e-08,8.2027462913452e-08,-5.609311897206e-06,-5.6165942739815e-06,-4.6525964528055e-06,0.90002897573595,0.90002881384534,2.5,2.5,-5.6120868484965e-06,-9.9999999999994e-05
0.6725,0,0.60264769154394,0.60264769154394,0.99994394253148,0.99994376506216,0.99997596109515,0.99997595814955,3.5697078597432e-07,1.4178093461573e-23,-1.3633404439313e-05,-1.3649230840606e-05,0.0099966225984132,-7.9982410373352e-08,8.0319246872826e-08,-5.609531828082e-06,-5.616662549883e-06,-4.6524419572384e-06,0.90002897540808,0.90002881688884,2.5,2.5,-5.6122489912108e-06,-0.0001
0.675,0,0.60264769154394,0.60264769154394,0.99994393958976,0.99994376581622,0.9999759614312,0.99997595854694,3.4953689496465e-07,1.3882835675247e-23,-1.3634095913383e-05,-1.3649592731015e-05,0.0099966224026212,-7.8316782435448e-08,7.8646604321559e-08,-5.6097471789124e-06,-5.6167294039446e-06,-4.6522906790324e-06,0.90002897508704,0.90002881986894,2.5,2.5,-5.6124077573144e-06,-9.9999999999989e-05
0.6775,0,0.60264769154394,0.60264769154394,0.99994393670929,0.99994376655457,0.99997596176025,0.99997595893606,3.4225781420767e-07,1.359372662373e-23,-1.363477298756e-05,-1.3649947085086e-05,0.0099966222109066,-7.6685841088892e-08,7.7008794441517e-08,-5.6099580450782e-06,-5.6167948657756e-06,-4.6521425511896e-06,0.90002897477269,0.90002882278699,2.5,2.5,-5.6125632171255e-06,-0.0001
0.68,0,0.60264769154394,0.60264769154394,0.99994393388881,0.99994376727755,0.99997596208245,0.99997595931707,3.3513031978686e-07,1.3310638236822e-23,-1.3635435961632e-05,-1.3650294059746e-05,0.0099966220231845,-7.5088863921847e-08,7.5405091813946e-08,-5.6101645199709e-06,-5.6168589643672e-06,-4.6519975080933e-06,0.90002897446488,0.90002882564427,2.5,2.5,-5.612715439497e-06,-0.00010000000000001
0.6825,0,0.60264769154394,0.60264769154394,0.99994393112707,0.99994376798548,0.99997596239793,0.99997595969014,3.2815125492796e-07,1.3033445151999e-23,-1.3636085129377e-05,-1.3650633808647e-05,0.0099966218393716,-7.3525143712302e-08,7.3834786191783e-08,-5.6103666950395e-06,-5.6169217281107e-06,-4.6518554855061e-06,0.90002897416348,0.90002882844205,2.5,2.5,-5.6128644918484e-06,-0.0001
0.685,0,0.60264769154394,0.60264769154394,0.99994392842284,0.99994376867866,0.99997596270685,0.99997596005545,3.2131752859245e-07,1.2762024588458e-23,-1.3636720778243e-05,-1.3650966482302e-05,0.0099966216593866,-7.1993987894393e-08,7.2297182062449e-08,-5.6105646598262e-06,-5.6169831848036e-06,-4.6517164205345e-06,0.90002897386835,0.90002883118157,2.5,2.5,-5.6130104401956e-06,-9.9999999999984e-05
0.6875,0,0.60264769154394,0.60264769154394,0.99994392577492,0.9999437693574,0.99997596300934,0.99997596041315,3.1462611412531e-07,1.2496256356113e-23,-1.3637343189785e-05,-1.3651292228005e-05,0.0099966214831499,-7.0494718233916e-08,7.079159842997e-08,-5.6107585020092e-06,-5.6170433616638e-06,-4.6515802515784e-06,0.90002897357938,0.90002883386403,2.5,2.5,-5.6131533491787e-06,-9.9999999999998e-05
0.69,0,0.60264769154394,0.60264769154394,0.99994392318215,0.99994377002201,0.99997596330552,0.9999759607634,3.0807404788076e-07,1.2236022703389e-23,-1.3637952639645e-05,-1.3651611190196e-05,0.0099966213105832,-6.9026670774392e-08,6.9317368466779e-08,-5.6109483074439e-06,-5.6171022853475e-06,-4.6514469183295e-06,0.90002897329642,0.90002883649064,2.5,2.5,-5.6132932820925e-06,-0.00010000000000001
0.6925,0,0.60264769154394,0.60264769154394,0.99994392064337,0.99994377067279,0.99997596359554,0.99997596110636,3.0165842794008e-07,1.1981208418685e-23,-1.3638549397733e-05,-1.3651923509953e-05,0.0099966211416102,-6.7589195380284e-08,6.7873839275349e-08,-5.6111341601935e-06,-5.6171599819509e-06,-4.6513163617431e-06,0.90002897301935,0.90002883906254,2.5,2.5,-5.6134303009137e-06,-9.9999999999999e-05
0.695,0,0.60264769154394,0.60264769154394,0.99994391815746,0.99994377131,0.99997596387952,0.99997596144217,2.9537641281987e-07,1.1731700612532e-23,-1.3639133728392e-05,-1.3652229325658e-05,0.009996620976156,-6.6181655179492e-08,6.6460371421422e-08,-5.6113161425733e-06,-5.6172164770251e-06,-4.6511885239808e-06,0.90002897274805,0.90002884158088,2.5,2.5,-5.6135644663276e-06,-0.0001
0.6975,0,0.60264769154394,0.60264769154394,0.99994391572332,0.99994377193395,0.99997596415758,0.999975961771,2.892252202224e-07,1.1487388779149e-23,-1.3639705890424e-05,-1.3652528772774e-05,0.0099966208141475,-6.4803426982266e-08,6.50763389564e-08,-5.6114943351825e-06,-5.6172717955924e-06,-4.6510633484371e-06,0.90002897248241,0.90002884404678,2.5,2.5,-5.6136958377564e-06,-0.0001
0.7,0,0.60264769154394,0.60264769154394,0.99994391333987,0.99994377254491,0.99997596442986,0.99997596209297,2.8320212576453e-07,1.1248164733511e-23,-1.364026613718e-05,-1.3652821983951e-05,0.0099966206555127,-6.345390024221e-08,6.3721128871571e-08,-5.6116688169438e-06,-5.6173259621557e-06,-4.6509407796549e-06,0.90002897222229,0.90002884646133,2.5,2.5,-5.6138244733845e-06,-0.0001
0.7025,0,0.60264769154394,0.60264769154394,0.99994391100606,0.99994377314314,0.99997596469646,0.99997596240824,2.7730446182909e-07,1.1013922516843e-23,-1.3640814716835e-05,-1.3653109089018e-05,0.0099966205001815,-6.2132477356065e-08,6.2394140938882e-08,-5.6118396651341e-06,-5.6173790007034e-06,-4.6508207633705e-06,0.90002897196759,0.9000288488256,2.5,2.5,-5.6139504301851e-06,-9.9999999999994e-05
0.705,0,0.60264769154394,0.60264769154394,0.99994390872085,0.99994377372891,0.99997596495751,0.99997596271694,2.7152961631599e-07,1.0784558365151e-23,-1.3641351872407e-05,-1.3653390215165e-05,0.0099966203480851,-6.0838572941563e-08,6.1094787415254e-08,-5.6120069554238e-06,-5.6174309347276e-06,-4.6507032464085e-06,0.9000289717182,0.90002885114062,2.5,2.5,-5.6140737639441e-06,-0.0001
0.7075,0,0.60264769154394,0.60264769154394,0.99994390648322,0.99994377430249,0.99997596521313,0.99997596301922,2.6587503153575e-07,1.0559970707656e-23,-1.3641877841721e-05,-1.3653665486887e-05,0.0099966201991561,-5.9571614030169e-08,5.9822492864796e-08,-5.6121707619074e-06,-5.6174817872286e-06,-4.6505881767313e-06,0.900028971474,0.90002885340744,2.5,2.5,-5.6141945292866e-06,-0.0001
0.71,0,0.60264769154394,0.60264769154394,0.9999439042922,0.99994377486411,0.99997596546342,0.9999759633152,2.6033820307865e-07,1.0340060082138e-23,-1.3642392857785e-05,-1.365393502605e-05,0.0099966200533285,-5.833103946786e-08,5.8576693752894e-08,-5.6123311571303e-06,-5.6175315807316e-06,-4.6504755033717e-06,0.90002897123489,0.90002885562706,2.5,2.5,-5.6143127796994e-06,-0.00010000000000001
0.7125,0,0.60264769154394,0.60264769154394,0.9999439021468,0.99994377541405,0.9999759657085,0.99997596360501,2.5491667867837e-07,1.0124729072079e-23,-1.3642897148625e-05,-1.3654198952075e-05,0.0099966199105377,-5.7116299751111e-08,5.7356838299249e-08,-5.6124882121333e-06,-5.6175803372882e-06,-4.6503651764291e-06,0.90002897100075,0.90002885780045,2.5,2.5,-5.6144285675559e-06,-9.9999999999999e-05
0.715,0,0.60264769154394,0.60264769154394,0.99994390004608,0.99994377595253,0.99997596594847,0.99997596388879,2.4960805714596e-07,9.9138823185379e-24,-1.3643390937691e-05,-1.3654457381908e-05,0.0099966197707206,-5.592685689609e-08,5.6162386261524e-08,-5.6126419964791e-06,-5.6176280784911e-06,-4.6502571470338e-06,0.90002897077149,0.90002885992857,2.5,2.5,-5.6145419441386e-06,-9.9999999999989e-05
0.7175,0,0.60264769154394,0.60264769154394,0.99994389798911,0.9999437764798,0.99997596618345,0.99997596416666,2.4440998727579e-07,9.7074264311077e-24,-1.3643874443585e-05,-1.3654710429923e-05,0.0099966196338151,-5.4762184119184e-08,5.4992808591764e-08,-5.6127925782766e-06,-5.6176748254888e-06,-4.6501513673468e-06,0.90002897054701,0.90002886201238,2.5,2.5,-5.6146529596622e-06,-9.999999999999e-05
0.72,0,0.60264769154394,0.60264769154394,0.99994389597498,0.99994377699609,0.99997596641354,0.99997596443875,2.3932016680926e-07,9.5052699686461e-24,-1.3644347880561e-05,-1.3654958208296e-05,0.0099966194997607,-5.3621765591089e-08,5.3847587312085e-08,-5.6129400242191e-06,-5.6177205989835e-06,-4.6500477905124e-06,0.9000289703272,0.9000288640528,2.5,2.5,-5.6147616632955e-06,-0.00010000000000002
0.7225,0,0.60264769154394,0.60264769154394,0.99994389400279,0.99994377750162,0.99997596663883,0.99997596470517,2.3433634152031e-07,9.3073234027969e-24,-1.3644811458281e-05,-1.3655200826616e-05,0.009996619368498,-5.2505096097017e-08,5.2726215145197e-08,-5.6130843996087e-06,-5.6177654192471e-06,-4.6499463706494e-06,0.90002897011196,0.90002886605072,2.5,2.5,-5.6148681031831e-06,-9.9999999999991e-05
0.725,0,0.60264769154394,0.60264769154394,0.99994389207167,0.99994377799663,0.99997596685943,0.99997596496604,2.2945630403728e-07,9.1134990683199e-24,-1.3645265381922e-05,-1.3655438392494e-05,0.0099966192399688,-5.1411681313008e-08,5.1628195513226e-08,-5.6132257683928e-06,-5.6178093061328e-06,-4.6498470628657e-06,0.90002896990121,0.90002886800704,2.5,2.5,-5.6149723264681e-06,-9.9999999999988e-05
0.7275,0,0.60264769154394,0.60264769154394,0.99994389018076,0.99994377848133,0.99997596707544,0.99997596522147,2.2467789295643e-07,8.9237111009587e-24,-1.3645709852686e-05,-1.3655671011045e-05,0.0099966191141162,-5.0341036690364e-08,5.0553042052348e-08,-5.6133641931827e-06,-5.6178522790769e-06,-4.6497498231418e-06,0.90002896969485,0.90002886992262,2.5,2.5,-5.6150743793105e-06,-0.00010000000000001
0.73,0,0.60264769154394,0.60264769154394,0.99994388832923,0.99994377895594,0.99997596728695,0.99997596547159,2.1999899196842e-07,8.7378754629333e-24,-1.3646145067412e-05,-1.3655898785307e-05,0.0099966189908845,-4.9292688264614e-08,4.9500278573782e-08,-5.6134997352844e-06,-5.6178943571144e-06,-4.6496546084424e-06,0.90002896949279,0.9000288717983,2.5,2.5,-5.6151743069095e-06,-0.00010000000000001
0.7325,0,0.60264769154394,0.60264769154394,0.99994388651627,0.99994377942066,0.99997596749405,0.9999759657165,2.1541752875941e-07,8.5559098286789e-24,-1.3646571218761e-05,-1.3656121816227e-05,0.009996618870219,-4.8266171526763e-08,4.8469438828517e-08,-5.6136324547319e-06,-5.6179355588763e-06,-4.6495613765729e-06,0.90002896929493,0.90002887363493,2.5,2.5,-5.6152721535238e-06,-9.9999999999978e-05
0.735,0,0.60264769154394,0.60264769154394,0.99994388474105,0.9999437798757,0.99997596769684,0.99997596595631,2.1093147416233e-07,8.3777336112881e-24,-1.3646988495593e-05,-1.3656340202497e-05,0.0099966187520664,-4.726103198439e-08,4.746006624228e-08,-5.6137624103073e-06,-5.617975902617e-06,-4.649470086252e-06,0.90002896910119,0.9000288754333,2.5,2.5,-5.6153679624893e-06,-0.00010000000000001
0.7375,0,0.60264769154394,0.60264769154394,0.99994388300281,0.99994378032127,0.99997596789541,0.99997596619113,2.0653884134837e-07,8.203267914148e-24,-1.3647397082633e-05,-1.3656554040961e-05,0.0099966186363744,-4.627682437192e-08,4.6471713759487e-08,-5.6138896595668e-06,-5.6180154062023e-06,-4.649380697048e-06,0.90002896891149,0.90002887719423,2.5,2.5,-5.6154617762397e-06,-0.00010000000000001
0.74,0,0.60264769154394,0.60264769154394,0.99994388130076,0.99994378075756,0.99997596808985,0.99997596642105,2.0223768481522e-07,8.0324354521421e-24,-1.3647797160909e-05,-1.3656763426159e-05,0.0099966185230916,-4.5313112843748e-08,4.5503943665192e-08,-5.6140142588697e-06,-5.618054087128e-06,-4.6492931693681e-06,0.90002896872574,0.90002887891848,2.5,2.5,-5.615553636326e-06,-9.9999999999988e-05
0.7425,0,0.60264769154394,0.60264769154394,0.99994387963416,0.99994378118476,0.99997596828023,0.99997596664619,1.9802609954657e-07,7.8651605534651e-24,-1.3648188907517e-05,-1.3656968451005e-05,0.0099966184121679,-4.4369470502462e-08,4.4556327299844e-08,-5.6141362634011e-06,-5.6180919625253e-06,-4.6492074644422e-06,0.90002896854386,0.90002888060683,2.5,2.5,-5.6156435834323e-06,-0.00010000000000001
0.745,0,0.60264769154394,0.60264769154394,0.99994387800226,0.99994378160307,0.99997596846665,0.99997596686664,1.9390222023765e-07,7.7013691454657e-24,-1.3648572496109e-05,-1.3657169206216e-05,0.0099966183035542,-4.3445479481119e-08,4.3628444987299e-08,-5.6142557271971e-06,-5.6181290491713e-06,-4.6491235443175e-06,0.90002896836576,0.90002888226002,2.5,2.5,-5.6157316573966e-06,-0.00010000000000001
0.7475,0,0.60264769154394,0.60264769154394,0.99994387640435,0.99994378201266,0.99997596864919,0.99997596708249,1.8986422038802e-07,7.5409886825919e-24,-1.3648948096419e-05,-1.365736578062e-05,0.0099966181972024,-4.2540730503945e-08,4.2719885756872e-08,-5.6143727031694e-06,-5.6181653634901e-06,-4.6490413718263e-06,0.90002896819138,0.90002888387878,2.5,2.5,-5.6158178972269e-06,-9.9999999999987e-05
0.75,0,0.60264769154394,0.60264769154394,0.99994387483972,0.99994378241373,0.99997596882792,0.99997596729386,1.8591031163035e-07,7.3839481385076e-24,-1.3649315874951e-05,-1.3657558261462e-05,0.0099966180930653,-4.1654822799221e-08,4.1830247186888e-08,-5.614487243123e-06,-5.6182009215648e-06,-4.6489609105641e-06,0.90002896802062,0.90002888546383,2.5,2.5,-5.6159023411188e-06,-0.00010000000000001
