time,J_max,J_min,Jbar_max,Jbar_min,center_pressure,edge_ux,mass,mass_reaction,outflow_gradient,platen_max,platen_min,solid_fraction_max,solid_fraction_min,stability_max,stability_min,top_reaction
0,0.99998301698302,0.99998301698302,0.9999817959818,0.9999817959818,4.7952047952048e-05,2.4841824841825e-05,0.01,0,0,-4.1824841824842e-06,-4.1824841824842e-06,0.89999890108024,0.89999890108024,2.5,2.5,0
0.0002,0.99998290191658,0.99996987135071,0.99998553355102,0.99998167264261,4.8276941407951e-05,2.4558445549838e-05,0.0099999409036101,-0.00029548194926594,0.00012888155098642,-4.2108221116826e-06,-4.2108221116826e-06,0.90001409640499,0.89999889363451,2.5,2.5,-0.00010000000000002
0.0004,0.99998285639999,0.99996947437061,0.99998558889933,0.99998162385359,4.8405458847459e-05,2.4446349783165e-05,0.0099999175269721,-0.00011688319004011,0.00010111725255436,-4.2220316883501e-06,-4.2220316883501e-06,0.90001450351857,0.89999889068922,2.5,2.5,-0.0001
0.0006,0.9999828197041,0.99996922340614,0.99998561305215,0.99998158451942,4.8509070783621e-05,2.4355977149913e-05,0.0099998986805126,-9.4232297793056e-05,8.48632782249e-05,-4.2310689516755e-06,-4.2310689516755e-06,0.9000147511354,0.8999988883147,2.5,2.5,-0.00010000000000001
0.0008,0.99998278836288,0.99996904620156,0.99998562267641,0.99998155092491,4.8597563645639e-05,2.4278791709137e-05,0.0099998825841321,-8.0481902303792e-05,7.4276433344883e-05,-4.2387874957529e-06,-4.2387874957529e-06,0.90001491928918,0.89999888628666,2.5,2.5,-0.00010000000000001
0.001,0.99998276061274,0.99996891069651,0.99998562485839,0.99998152117947,4.8675917324739e-05,2.4210449869329e-05,0.0099998683320116,-7.1260602633311e-05,6.6801066887748e-05,-4.2456216765891e-06,-4.2456216813438e-06,0.90001504321333,0.89999888449093,2.5,2.5,-9.9999999998289e-05
0.0012,0.99998273545558,0.9999688010981,0.99998562291222,0.9999814942137,4.8746949175194e-05,2.4148494308976e-05,0.0099998554116946,-6.4601585417758e-05,6.1199397508518e-05,-4.2518172336812e-06,-4.2518172381755e-06,0.90001514010504,0.89999888286309,2.5,2.5,-9.9999999999883e-05
0.0014,0.9999827122752,0.99996870885064,0.9999856185296,0.99998146936676,4.8812399607743e-05,2.4091406959633e-05,0.0099998435066041,-5.952545342977e-05,5.6813310436079e-05,-4.2575259688867e-06,-4.2575259722953e-06,0.90001521918726,0.89999888136315,2.5,2.5,-9.9999999991884e-05
0.0016,0.99998269066314,0.99996862892558,0.9999856126417,0.99998144620094,4.8873421812138e-05,2.4038182052608e-05,0.0099998324069935,-5.5498052372733e-05,5.3263549503413e-05,-4.2628484599226e-06,-4.2628484627149e-06,0.90001528582403,0.89999887996468,2.5,2.5,-9.9999999996445e-05
0.0018,0.99998267033362,0.999968558161,0.99998560579435,0.99998142440985,4.8930822730322e-05,2.3988115674203e-05,0.0099998219660673,-5.2204631386691e-05,5.0316404951627e-05,-4.2678550975058e-06,-4.2678551007799e-06,0.90001534335242,0.8999988786492,2.5,2.5,-9.9999999996068e-05
0.002,0.9999826510778,0.99996849445642,0.99998559832412,0.99998140376963,4.8985192135211e-05,2.3940693482185e-05,0.0099998120765646,-4.9447513892045e-05,4.7819728933688e-05,-4.2725973161332e-06,-4.272597319938e-06,0.90001539396591,0.89999887740319,2.5,2.5,-9.9999999993431e-05
0.0022,0.99998263273771,0.99996843635252,0.99998559044734,0.99998138411099,4.9036975886426e-05,2.3895526556501e-05,0.0099998026573786,-4.7095930294232e-05,4.5669923777711e-05,-4.2771140085992e-06,-4.2771140125743e-06,0.90001543917263,0.89999887621645,2.5,2.5,-9.9999999997154e-05
0.0024,0.9999826151906,0.99996838279773,0.99998558230764,0.99998136530233,4.9086520628719e-05,2.3852312530018e-05,0.0099997936454537,-4.50596243155e-05,4.3793794558811e-05,-4.281435411223e-06,-4.2814354151384e-06,0.90001548004833,0.89999887508102,2.5,2.5,-0.00010000000000047
0.0026,0.9999825983388,0.99996833301055,0.99998557400293,0.99998134723899,4.9134102081315e-05,2.3810810906944e-05,0.0099997849906357,-4.3274090248689e-05,4.2138012134544e-05,-4.2855855739359e-06,-4.2855855776564e-06,0.9000155173845,0.89999887399059,2.5,2.5,-9.9999999998419e-05
0.0028,0.99998258210318,0.99996828639545,0.99998556560138,0.99998132983612,4.9179943783014e-05,2.3770826703167e-05,0.0099997766522633,-4.1691862137512e-05,4.0662702422654e-05,-4.2895839944894e-06,-4.2895839979685e-06,0.90001555177853,0.89999887294003,2.5,2.5,-9.9999999999789e-05
0.003,0.99998256641842,0.99996824248833,0.99998555715119,0.99998131302376,4.9224229906315e-05,2.3732199267385e-05,0.0099997685968336,-4.0277147431164e-05,3.9337386960419e-05,-4.2934467381808e-06,-4.2934467413872e-06,0.90001558369147,0.89999887192515,2.5,2.5,-0.00010000000000722
0.0032,0.99998255123005,0.99996820092101,0.99998554868695,0.99998129674354,4.9267114198419e-05,2.3694794387806e-05,0.0099997607963573,-3.9002381547593e-05,3.8138322420244e-05,-4.2971872264796e-06,-4.2971872294337e-06,0.90001561348582,0.89999887094245,2.5,2.5,-0.00010000000000145
0.0034,0.99998253649192,0.99996816139644,0.9999855402336,0.99998128094605,4.9308726720459e-05,2.3658498566853e-05,0.0099997532271669,-3.7845951709094e-05,3.7046704362911e-05,-4.3008168082689e-06,-4.300816810994e-06,0.90001564145143,0.89999886998899,2.5,2.5,-9.9999999998927e-05
0.0036,0.99998252216458,0.99996812367157,0.99998553180926,0.99998126558911,4.934917837811e-05,2.3623214836986e-05,0.0099997458690387,-3.679064106444e-05,3.6047422707311e-05,-4.304345181627e-06,-4.3043451841928e-06,0.90001566782334,0.89999886906232,2.5,2.5,-0.0001000000000009
0.0038,0.99998250821396,0.99996808754506,0.99998552342714,0.99998125063635,4.9388564748369e-05,2.358885955141e-05,0.0099997387045301,-3.5822543236608e-05,3.5128179526648e-05,-4.3077807103461e-06,-4.3077807127611e-06,0.90001569279464,0.89999886816036,2.5,2.5,-0.00010000000000226
0.004,0.99998249461036,0.99996805284831,0.99998551509678,0.99998123605618,4.9426968666976e-05,2.355535997481e-05,0.0099997317184724,-3.4930288144197e-05,3.4278851069731e-05,-4.3111306681287e-06,-4.3111306703987e-06,0.9000157165257,0.89999886728141,2.5,2.5,-0.00010000000000065
0.0042,0.99998248132764,0.99996801943863,0.99998550682507,0.99998122182091,4.9464462413663e-05,2.3522652384197e-05,0.0099997248975771,-3.4104476506869e-05,3.3491017802273e-05,-4.3144014271294e-06,-4.3144014292827e-06,0.90001573915113,0.89999886642409,2.5,2.5,-0.0001000000000022
0.0044,0.99998246834262,0.99996798719416,0.99998549861687,0.99998120790621,4.9501109276993e-05,2.3490680584614e-05,0.0099997182301247,-3.3337261831107e-05,3.2757612932716e-05,-4.3175986070955e-06,-4.3175986091389e-06,0.90001576078496,0.89999886558735,2.5,2.5,-0.00010000000000117
0.0046,0.99998245563457,0.99996795601018,0.99998549047554,0.99998119429053,4.9536964823503e-05,2.3459394717411e-05,0.0099997117057176,-3.2622035461586e-05,3.2072655498495e-05,-4.3207271940503e-06,-4.3207271959846e-06,0.9000157815245,0.89999886477045,2.5,2.5,-0.00010000000000179
0.0048,0.99998244318473,0.99996792579582,0.99998548240326,0.99998118095468,4.9572077958724e-05,2.3428750302605e-05,0.0099997053150803,-3.1953186699688e-05,3.1431045072228e-05,-4.3237916355714e-06,-4.32379163741e-06,0.9000158014535,0.89999886397302,2.5,2.5,-9.999999999984e-05
0.005,0.99998243097609,0.99996789647181,0.99998547440139,0.9999811678816,4.9606491653884e-05,2.3398707463335e-05,0.0099996990498968,-3.1325917125966e-05,3.082840198172e-05,-4.3267959193645e-06,-4.3267959211007e-06,0.90001582064451,0.899998863195,2.5,2.5,-0.00010000000000037
0.0052,0.99998241899292,0.99996786796854,0.99998546647059,0.99998115505596,4.9640243583853e-05,2.3369230290551e-05,0.0099996929026778,-3.0736095364604e-05,3.0260941445679e-05,-4.3297436368489e-06,-4.3297436385099e-06,0.90001583916077,0.89999886243674,2.5,2.5,-9.9999999999119e-05
0.0054,0.99998240722075,0.99996784022464,0.99998545861102,0.99998114246402,4.9673366648387e-05,2.3340286296568e-05,0.0099996868666493,-3.0180142406049e-05,2.9725373760832e-05,-4.3326380360565e-06,-4.3326380376595e-06,0.9000158570577,0.89999886169893,2.5,2.5,-0.00010000000000205
0.0056,0.99998239564589,0.9999678131855,0.99998545082244,0.99998113009344,4.9705889372482e-05,2.3311845992411e-05,0.0099996809356611,-2.9654940731818e-05,2.921882402175e-05,-4.3354820663454e-06,-4.3354820678952e-06,0.90001587438419,0.89999886098275,2.5,2.5,-9.9999999998793e-05
0.0058,0.99998238425552,0.99996778680257,0.99998544310434,0.9999811179331,4.9737836242421e-05,2.328388250731e-05,0.0099996751041092,-2.9157759479182e-05,2.8738767232745e-05,-4.3382784150224e-06,-4.3382784165044e-06,0.90001589118349,0.89999886028975,2.5,2.5,-0.00010000000000055
0.006,0.99998237303735,0.99996776103229,0.99998543545596,0.99998110597297,4.9769228000784e-05,2.3256371271569e-05,0.00999966936687,-2.8686195985239e-05,2.828297546817e-05,-4.3410295388372e-06,-4.3410295402216e-06,0.90001590749413,0.89999885962197,2.5,2.5,-0.00010000000000011
0.0062,0.99998236197959,0.9999677358355,0.99998542787637,0.99998109420405,4.9800081892785e-05,2.3229289752268e-05,0.0099996637192448,-2.8238126270225e-05,2.7849474428033e-05,-4.3437376908351e-06,-4.3437376921884e-06,0.90001592335052,0.8999988589819,2.5,2.5,-9.9999999998301e-05
0.0064,0.99998235107084,0.99996771117691,0.99998542036456,0.99998108261821,4.9830411876681e-05,2.3202617225589e-05,0.0099996581569118,-2.7811664767753e-05,2.7436507466693e-05,-4.3464049433022e-06,-4.3464049446929e-06,0.90001593878352,0.89999885837249,2.5,2.5,-9.9999999998708e-05
0.0066,0.99998234029995,0.99996768702446,0.99998541291937,0.99998107120812,4.9860228866411e-05,2.3176334582901e-05,0.0099996526758856,-2.7405131262439e-05,2.7042505684483e-05,-4.3490332076271e-06,-4.3490332090432e-06,0.90001595382092,0.89999885779719,2.5,2.5,-0.00010000000000016
0.0068,0.99998232965602,0.99996766334907,0.99998540553962,0.9999810599672,4.9889540861685e-05,2.3150424152246e-05,0.0099996472724811,-2.701702268778e-05,2.666606297401e-05,-4.3516242507884e-06,-4.3516242522066e-06,0.90001596848785,0.89999885725987,2.5,2.5,-9.99999999991e-05
0.007,0.99998231912828,0.9999676401242,0.99998539822406,0.99998104888952,4.9918353214343e-05,2.3124869556431e-05,0.0099996419432831,-2.6645990246184e-05,2.6305914889507e-05,-4.3541797103777e-06,-4.3541797117688e-06,0.90001598280707,0.89999885676491,2.5,2.5,-0.00010000000000053
0.0072,0.99998230870612,0.99996761732557,0.99998539097145,0.99998103796981,4.9946668741243e-05,2.3099655583487e-05,0.0099996366851193,-2.6290819113054e-05,2.5960920823409e-05,-4.3567011076064e-06,-4.3567011089638e-06,0.9000159967993,0.89999885631709,2.5,2.5,-0.00010000000000042
0.0074,0.99998229837899,0.99996759493096,0.9999853837805,0.9999810272033,4.9974487911836e-05,2.3074768075635e-05,0.0099996314950368,-2.5950412272243e-05,2.563004882666e-05,-4.3591898584577e-06,-4.3591898598483e-06,0.9000160104834,0.89999885592163,2.5,2.5,-9.9999999999859e-05
0.0076,0.99998228813645,0.9999675729199,0.99998537664993,0.99998101658577,5.0001809067144e-05,2.3050193824087e-05,0.0099996263702816,-2.5623775906003e-05,2.5312362729999e-05,-4.361647283493e-06,-4.3616472849598e-06,0.90001602387663,0.89999885558412,2.5,2.5,-9.9999999999976e-05
0.0078,0.99998227796808,0.99996755127353,0.99998536957848,0.99998100611343,5.0028628558112e-05,2.3025920490859e-05,0.0099996213082801,-2.5310007603939e-05,2.5007010898343e-05,-4.3640746169583e-06,-4.3640746184632e-06,0.90001603699483,0.89999885531053,2.5,2.5,-9.9999999999961e-05
0.008,0.99998226786354,0.99996752997444,0.99998536256489,0.99998099578294,5.0054940923076e-05,2.3001936520488e-05,0.0099996163066231,-2.5008285220238e-05,2.4713216771021e-05,-4.366473013856e-06,-4.3664730153648e-06,0.90001604985254,0.89999885510716,2.5,2.5,-9.9999999999353e-05
0.0082,0.99998225781254,0.99996750900651,0.99998535560792,0.99998098559133,5.008073910865e-05,2.2978231082122e-05,0.0099996113630513,-2.4717858613052e-05,2.4430270522605e-05,-4.3688435578e-06,-4.3688435592901e-06,0.90001606246315,0.8999988549806,2.5,2.5,-9.9999999997436e-05
0.0084,0.99998224780485,0.99996748835478,0.99998534870636,0.99998097553597,5.0106014567987e-05,2.2954793999462e-05,0.0099996064754431,-2.4438041320594e-05,2.4157521861143e-05,-4.3711872660312e-06,-4.3711872675001e-06,0.90001607483903,0.89999885493768,2.5,2.5,-9.9999999999722e-05
0.0086,0.99998223783031,0.99996746800535,0.999985341859,0.99998096561455,5.0130757459237e-05,2.2931615701973e-05,0.0099996016418023,-2.4168203877394e-05,2.3894373744534e-05,-4.3735050957977e-06,-4.3735050972363e-06,0.90001608699162,0.89999885498548,2.5,2.5,-0.00010000000000044
0.0088,0.99998222787887,0.99996744794522,0.99998533506465,0.99998095582506,5.0154956819892e-05,2.2908687172766e-05,0.0099995968602487,-2.3907768040857e-05,2.3640276955341e-05,-4.3757979486898e-06,-4.3757979500972e-06,0.90001609893154,0.89999885513123,2.5,2.5,-0.00010000000000057
0.009,0.99998221794052,0.99996742816237,0.99998532832221,0.99998094616572,5.0178600760408e-05,2.2885999906957e-05,0.0099995921290085,-2.3656200886261e-05,2.3394725250956e-05,-4.3780666752974e-06,-4.3780666766825e-06,0.9000161106686,0.89999885538233,2.5,2.5,-0.00010000000000208
0.0092,0.99998220800542,0.99996740864547,0.99998532163053,0.99998093663499,5.0201676526047e-05,2.2863545870095e-05,0.0099995874464061,-2.3413011459098e-05,2.3157251152158e-05,-4.3803120790099e-06,-4.3803120803678e-06,0.90001612221199,0.89999885574625,2.5,2.5,-0.00010000000000201
0.0094,0.99998219806386,0.99996738938395,0.99998531498853,0.99998092723152,5.0224170702692e-05,2.2841317461973e-05,0.009999582810857,-2.3177745698956e-05,2.2927422192315e-05,-4.3825349197521e-06,-4.3825349210841e-06,0.90001613357024,0.89999885623054,2.5,2.5,-0.00010000000000075
0.0096,0.99998218810623,0.9999673703679,0.99998530839515,0.99998091795417,5.0246069385924e-05,2.2819307489183e-05,0.0099995782208603,-2.2949983239125e-05,2.2704837637778e-05,-4.3847359171672e-06,-4.3847359184715e-06,0.90001614475131,0.89999885684279,2.5,2.5,-9.9999999998412e-05
0.0098,0.99998217812315,0.99996735158802,0.99998530184936,0.99998090880192,5.0267358254668e-05,2.2797509126156e-05,0.0099995736749935,-2.272933439915e-05,2.2489125536472e-05,-4.3869157534209e-06,-4.3869157547005e-06,0.90001615576266,0.89999885759053,2.5,2.5,-9.9999999998722e-05
0.01,0.99998216810538,0.99996733303555,0.99998529535016,0.99998089977391,5.0288022717627e-05,2.2775915900285e-05,0.0099995691719061,-2.2515437060365e-05,2.2279940101929e-05,-4.3890750760423e-06,-4.389075077296e-06,0.90001616661125,0.89999885848132,2.5,2.5,-9.999999999939e-05
0.0102,0.99998215804391,0.99996731470224,0.99998528889655,0.99998089086939,5.0308048032858e-05,2.2754521657302e-05,0.0099995647103151,-2.2307954760107e-05,2.2076959479439e-05,-4.3912145002941e-06,-4.391214501522e-06,0.90001617730363,0.89999885952258,2.5,2.5,-9.9999999998717e-05
0.0104,0.99998214792993,0.99996729658033,0.99998528248762,0.99998088208773,5.0327419409748e-05,2.2733320547798e-05,0.0099995602890004,-2.2106573528295e-05,2.1879883525537e-05,-4.393334611234e-06,-4.3933346124338e-06,0.90001618784595,0.89999886072168,2.5,2.5,-0.00010000000000034
0.0106,0.99998213775488,0.99996727866248,0.99998527612242,0.99998087342837,5.0346122130514e-05,2.2712307000849e-05,0.0099995559068003,-2.1911000910596e-05,2.1688432062029e-05,-4.3954359659542e-06,-4.3954359671332e-06,0.90001619824396,0.89999886208581,2.5,2.5,-9.9999999996581e-05
0.0108,0.99998212751042,0.99996726094176,0.99998526980006,0.99998086489082,5.0364141621555e-05,2.2691475706973e-05,0.0099995515626076,-2.1720963489578e-05,2.1502343168923e-05,-4.3975190953357e-06,-4.3975190964917e-06,0.90001620850311,0.89999886362206,2.5,2.5,-9.9999999999384e-05
0.011,0.99998211718847,0.9999672434116,0.99998526351968,0.99998085647467,5.0381463511584e-05,2.2670821603693e-05,0.0099995472553664,-2.1536205587809e-05,2.1321371683622e-05,-4.3995845057062e-06,-4.3995845068387e-06,0.90001621862853,0.8999988653373,2.5,2.5,-0.00010000000000057
0.0112,0.99998210678124,0.9999672260658,0.99998525728042,0.99998084817956,5.0398073758889e-05,2.2650339857181e-05,0.0099995429840689,-2.1356487840248e-05,2.114528784175e-05,-4.4016326803443e-06,-4.4016326814549e-06,0.90001622862503,0.89999886723822,2.5,2.5,-9.9999999999367e-05
0.0114,0.99998209628117,0.99996720889845,0.99998525108148,0.99998084000512,5.0413958702104e-05,2.2630025848811e-05,0.0099995387477517,-2.1181585575906e-05,2.0973876053101e-05,-4.4036640811837e-06,-4.4036640822728e-06,0.9000162384972,0.89999886933131,2.5,2.5,-0.00010000000000127
0.0116,0.99998208568105,0.99996719190398,0.99998524492206,0.99998083195108,5.0429105077684e-05,2.2609875163194e-05,0.0099995345454941,-2.1011288119758e-05,2.080693382752e-05,-4.4056791497799e-06,-4.4056791508482e-06,0.90001624824935,0.89999887162281,2.5,2.5,-0.00010000000000165
0.0118,0.99998207497389,0.99996717507704,0.99998523880138,0.99998082401713,5.0443500127145e-05,2.2589883573049e-05,0.0099995303764146,-2.0845397415004e-05,2.0644270719179e-05,-4.4076783087567e-06,-4.4076783098044e-06,0.90001625788557,0.89999887411873,2.5,2.5,-9.9999999999248e-05
0.012,0.99998206415304,0.9999671584126,0.99998523271869,0.999980816203,5.0457131617814e-05,2.257004703182e-05,0.0099995262396692,-2.06837270116e-05,2.0485707464427e-05,-4.4096619629179e-06,-4.4096619639464e-06,0.90001626740972,0.89999887682482,2.5,2.5,-9.9999999999286e-05
0.0122,0.99998205321214,0.99996714190584,0.99998522667326,0.99998080850844,5.0469987868697e-05,2.2550361659574e-05,0.0099995221344489,-2.0526101431797e-05,2.0331075123507e-05,-4.4116305001055e-06,-4.4116305011156e-06,0.9000162768255,0.89999887974657,2.5,2.5,-9.9999999999366e-05
0.0124,0.9999820421451,0.99996712555217,0.99998522066439,0.99998080093316,5.0482057820435e-05,2.2530823736483e-05,0.0099995180599779,-2.0372355254443e-05,2.018021435524e-05,-4.413584292442e-06,-4.4135842934367e-06,0.9000162861364,0.89999888288919,2.5,2.5,-0.0001000000000001
0.0126,0.99998203094617,0.99996710934722,0.99998521469139,0.99998079347689,5.0493331027421e-05,2.2511429691995e-05,0.0099995140155114,-2.0222332266531e-05,2.0032974712108e-05,-4.415523696936e-06,-4.4155236979203e-06,0.90001629534572,0.89999888625763,2.5,2.5,-9.9999999999973e-05
0.0128,0.99998201960988,0.99996709328682,0.99998520875359,0.99998078613935,5.0503797691787e-05,2.2492176096148e-05,0.0099995100003345,-2.0075884984737e-05,1.9889213998025e-05,-4.4174490565083e-06,-4.4174490574793e-06,0.90001630445661,0.89999888985656,2.5,2.5,-9.9999999998165e-05
0.013,0.99998200813105,0.99996707736697,0.99998520285033,0.99998077892023,5.0513448677607e-05,2.2473059653067e-05,0.0099995060137596,-1.9932874140945e-05,1.9748797721008e-05,-4.4193607008113e-06,-4.4193607017743e-06,0.9000163134721,0.89999889369036,2.5,2.5,-0.00010000000000083
0.0132,0.99998199650484,0.99996706158386,0.999985196981,0.99998077181923,5.0522275520152e-05,2.2454077195028e-05,0.0099995020551261,-1.9793167455877e-05,1.9611598542943e-05,-4.4212589466461e-06,-4.4212589476091e-06,0.90001632239505,0.89999889776311,2.5,2.5,-9.9999999998611e-05
0.0134,0.99998198472665,0.99996704593387,0.99998519114497,0.999980764836,5.0530270441929e-05,2.2435225670935e-05,0.009999498123798,-1.9656640250126e-05,1.9477495825662e-05,-4.4231440989763e-06,-4.4231440999273e-06,0.90001633122817,0.89999890207863,2.5,2.5,-0.0001000000000008
0.0136,0.99998197279221,0.99996703041347,0.99998518534165,0.99998075797017,5.053742636794e-05,2.2416502147822e-05,0.0099994942191632,-1.9523173942481e-05,1.9346375153021e-05,-4.4250164513309e-06,-4.4250164522741e-06,0.90001633997408,0.89999890664046,2.5,2.5,-0.00010000000000093
0.0138,0.99998196069751,0.99996701501934,0.99998517957045,0.99998075122137,5.0543736882971e-05,2.2397903796329e-05,0.009999490340632,-1.9392656212607e-05,1.9218127941379e-05,-4.4268762865003e-06,-4.4268762874357e-06,0.90001634863525,0.89999891145184,2.5,2.5,-9.9999999999864e-05
0.014,0.99998194843884,0.99996699974827,0.99998517383082,0.99998074458917,5.0549196274755e-05,2.2379427891391e-05,0.0099994864876359,-1.9264980344213e-05,1.9092651052768e-05,-4.4287238770314e-06,-4.4287238779608e-06,0.90001635721409,0.89999891651574,2.5,2.5,-9.9999999999725e-05
0.0142,0.99998193601277,0.99996698459717,0.99998516812221,0.99998073807314,5.0553799508182e-05,2.2361071804091e-05,0.0099994826596269,-1.9140045030188e-05,1.8969846480598e-05,-4.430559485751e-06,-4.4305594866756e-06,0.90001636571285,0.89999892183486,2.5,2.5,-9.9999999999931e-05
0.0144,0.99998192341613,0.99996696956311,0.99998516244408,0.99998073167281,5.0557542223315e-05,2.2342832999524e-05,0.0099994788560762,-1.9017753841613e-05,1.884962097196e-05,-4.4323833662399e-06,-4.4323833671589e-06,0.90001637413371,0.89999892741163,2.5,2.5,-9.9999999999626e-05
0.0146,0.99998191064601,0.99996695464324,0.99998515679591,0.99998072538768,5.056042072372e-05,2.2324709029021e-05,0.0099994750764731,-1.8898015134861e-05,1.8731885780799e-05,-4.4341957633055e-06,-4.4341957642182e-06,0.90001638247876,0.89999893324821,2.5,2.5,-9.9999999999893e-05
0.0148,0.99998189769977,0.99996693983483,0.9999851511772,0.99998071921721,5.0562431959852e-05,2.2306697528046e-05,0.0099994713203248,-1.8780741620136e-05,1.8616556357592e-05,-4.435996913334e-06,-4.4359969142415e-06,0.90001639075001,0.8999989393465,2.5,2.5,-9.9999999999353e-05
0.015,0.99998188457501,0.99996692513527,0.99998514558745,0.99998071316086,5.0563573514624e-05,2.2288796213685e-05,0.0099994675871548,-1.8665850018656e-05,1.8503552140095e-05,-4.4377870447862e-06,-4.4377870456878e-06,0.90001639894935,0.89999894570816,2.5,2.5,-9.9999999999832e-05
0.0152,0.99998187126957,0.99996691054203,0.99998514002618,0.99998070721802,5.0563843611063e-05,2.2271002876166e-05,0.0099994638765026,-1.8553261117114e-05,1.8392796273619e-05,-4.4395663785326e-06,-4.4395663794294e-06,0.90001640707863,0.89999895233461,2.5,2.5,-9.9999999999984e-05
0.0154,0.99998185778155,0.99996689605268,0.99998513449294,0.99998070138809,5.0563241062175e-05,2.2253315381013e-05,0.0099994601879228,-1.8442899236795e-05,1.8284215401363e-05,-4.4413351280975e-06,-4.4413351289872e-06,0.90001641513963,0.89999895922701,2.5,2.5,-0.00010000000000005
0.0156,0.99998184410924,0.99996688166489,0.99998512898725,0.99998069567041,5.0561765277911e-05,2.2235731660367e-05,0.0099994565209844,-1.8334692083451e-05,1.8177739498473e-05,-4.4430935001691e-06,-4.4430935010549e-06,0.90001642313403,0.89999896638629,2.5,2.5,-0.00010000000000058
0.0158,0.99998183025117,0.9999668673764,0.99998512350868,0.99998069006431,5.0559416233313e-05,2.2218249714513e-05,0.0099994528752703,-1.8228570707279e-05,1.8073301619942e-05,-4.4448416947772e-06,-4.4448416956593e-06,0.90001643106346,0.89999897381318,2.5,2.5,-0.00010000000000041
0.016,0.99998181620609,0.99996685318503,0.99998511805681,0.99998068456909,5.0556194462873e-05,2.2200867606072e-05,0.0099994492503764,-1.8124469183675e-05,1.7970837783138e-05,-4.4465799055756e-06,-4.4465799064555e-06,0.90001643892949,0.89999898150818,2.5,2.5,-9.9999999998471e-05
0.0162,0.99998180197295,0.99996683908869,0.9999851126312,0.99998067918401,5.055210104161e-05,2.2183583459417e-05,0.0099994456459116,-1.8022324343184e-05,1.7870286758369e-05,-4.4483083202974e-06,-4.4483083211766e-06,0.90001644673364,0.89999898947157,2.5,2.5,-9.9999999998558e-05
0.0164,0.99998178755087,0.99996682508536,0.99998510723144,0.99998067390833,5.0547137546452e-05,2.2166395454576e-05,0.0099994420614964,-1.7922075954623e-05,1.7771589954695e-05,-4.450027120773e-06,-4.4500271216477e-06,0.90001645447735,0.89999899770346,2.5,2.5,-9.9999999998928e-05
0.0166,0.9999817729392,0.99996681117307,0.99998510185714,0.99998066874125,5.0541306044931e-05,2.2149301828597e-05,0.0099994384967632,-1.7823666163179e-05,1.7674691253567e-05,-4.4517364833709e-06,-4.4517364842445e-06,0.90001646216201,0.89999900620374,2.5,2.5,-9.9999999999564e-05
0.0168,0.99998175813744,0.99996679734996,0.99998509650791,0.99998066368198,5.0534609090292e-05,2.2132300871705e-05,0.0099994349513553,-1.7727039582442e-05,1.7579536883244e-05,-4.4534365790526e-06,-4.4534365799217e-06,0.90001646978899,0.89999901497212,2.5,2.5,-9.999999999995e-05
0.017,0.99998174314528,0.99996678361417,0.99998509118335,0.99998065872969,5.0527049686911e-05,2.211539092367e-05,0.0099994314249266,-1.7632143317219e-05,1.7486075288011e-05,-4.4551275738472e-06,-4.4551275747133e-06,0.90001647735958,0.89999902400815,2.5,2.5,-0.00010000000000104
0.0172,0.99998172796257,0.99996676996395,0.99998508588311,0.99998065388352,5.0518631272433e-05,2.2098570375636e-05,0.0099994279171414,-1.7538926273424e-05,1.7394256998827e-05,-4.4568096286899e-06,-4.4568096295558e-06,0.90001648487503,0.8999990333112,2.5,2.5,-9.9999999999405e-05
0.0174,0.99998171258931,0.99996675639759,0.99998508060683,0.99998064914261,5.0509357699243e-05,2.2081837662139e-05,0.0099994244276735,-1.7447339846581e-05,1.7304034587996e-05,-4.4584829000038e-06,-4.458482900869e-06,0.90001649233657,0.89999904288047,2.5,2.5,-9.9999999999075e-05
0.0176,0.99998169702567,0.99996674291344,0.99998507535412,0.99998064450606,5.0499233203705e-05,2.2065191263824e-05,0.009999420956206,-1.7357337129701e-05,1.7215362472505e-05,-4.4601475397297e-06,-4.4601475405862e-06,0.90001649974535,0.89999905271501,2.5,2.5,-9.999999999929e-05
0.0178,0.99998168127194,0.99996672950991,0.99998507012468,0.99998063997296,5.0488262414108e-05,2.2048629707586e-05,0.0099994175024314,-1.726887293171e-05,1.712819685164e-05,-4.4618036954482e-06,-4.4618036963065e-06,0.90001650710249,0.89999906281375,2.5,2.5,-0.00010000000000112
0.018,0.99998166532858,0.99996671618542,0.99998506491815,0.9999806355424,5.0476450311636e-05,2.2032151557605e-05,0.0099994140660505,-1.7181904339564e-05,1.7042495708913e-05,-4.4634515104541e-06,-4.4634515113119e-06,0.90001651440911,0.89999907317545,2.5,2.5,-0.00010000000000125
0.0182,0.99998164919613,0.99996670293851,0.99998505973419,0.99998063121341,5.0463802200226e-05,2.2015755419271e-05,0.0099994106467726,-1.7096389583589e-05,1.695821856307e-05,-4.4650911242293e-06,-4.46509112508e-06,0.90001652166624,0.89999908379875,2.5,2.5,-0.00010000000000063
0.0184,0.9999816328753,0.99996668976769,0.9999850545725,0.99998062698506,5.0450323710691e-05,2.1999439937309e-05,0.0099994072443148,-1.7012288780825e-05,1.6875326507847e-05,-4.4667226724408e-06,-4.4667226732885e-06,0.90001652887491,0.89999909468216,2.5,2.5,-0.00010000000000092
0.0186,0.99998161636689,0.99996667667156,0.99998504943275,0.99998062285636,5.0436020780208e-05,2.1983203792603e-05,0.0099994038584021,-1.6929563462148e-05,1.6793782106686e-05,-4.4683462868947e-06,-4.4683462877452e-06,0.90001653603611,0.89999910582409,2.5,2.5,-9.9999999998988e-05
0.0188,0.99998159967183,0.99996666364876,0.99998504431465,0.99998061882633,5.0420899618195e-05,2.19670457014e-05,0.0099994004887668,-1.684817657771e-05,1.6713549310921e-05,-4.4699620960682e-06,-4.4699620969134e-06,0.90001654315079,0.89999911722281,2.5,2.5,-9.9999999999843e-05
0.019,0.99998158279113,0.99996665069794,0.99998503921788,0.99998061489397,5.0404966702578e-05,2.1950964414076e-05,0.0099993971351483,-1.6768092585775e-05,1.6634593392598e-05,-4.471570224846e-06,-4.4715702256904e-06,0.90001655021988,0.89999912887651,2.5,2.5,-9.9999999999744e-05
0.0192,0.99998156572592,0.99996663781783,0.99998503414215,0.99998061105827,5.0388228762307e-05,2.1934958713612e-05,0.0099993937972928,-1.6689277042131e-05,1.6556880898974e-05,-4.4731707948573e-06,-4.4731707956976e-06,0.90001655724427,0.89999914078329,2.5,2.5,-0.00010000000000044
0.0194,0.99998154847739,0.99996662500718,0.99998502908718,0.99998060731822,5.0370692738065e-05,2.1919027416385e-05,0.0099993904749535,-1.6611696977623e-05,1.6480379578056e-05,-4.4747639246544e-06,-4.4747639254922e-06,0.90001656422482,0.89999915294112,2.5,2.5,-0.00010000000000027
0.0196,0.99998153104687,0.99996661226476,0.99998502405268,0.9999806036728,5.0352365815923e-05,2.190316936641e-05,0.0099993871678894,-1.6535320391455e-05,1.6405058325435e-05,-4.4763497295604e-06,-4.4763497303956e-06,0.9000165711624,0.89999916534792,2.5,2.5,-0.00010000000000038
0.0198,0.99998151343573,0.99996659958939,0.99998501903839,0.99998060012096,5.0333255362622e-05,2.188738344088e-05,0.0099993838758661,-1.6460116592619e-05,1.6330887139518e-05,-4.4779283221719e-06,-4.4779283230064e-06,0.90001657805781,0.89999917800151,2.5,2.5,-0.00010000000000019
0.02,0.99998149564542,0.99996658697993,0.99998501404402,0.99998059666166,5.0313368936854e-05,2.1871668541891e-05,0.009999380598655,-1.6386055801166e-05,1.6257837061202e-05,-4.4794998120114e-06,-4.4794998128432e-06,0.90001658491183,0.89999919089965,2.5,2.5,-0.00010000000000006
0.0202,0.99998147767746,0.99996657443526,0.99998500906933,0.99998059329386,5.029271427497e-05,2.1856023601844e-05,0.0099993773360331,-1.6313109430388e-05,1.6185880138253e-05,-4.4810643060415e-06,-4.4810643068704e-06,0.90001659172525,0.89999920404002,2.5,2.5,-0.00010000000000074
0.0204,0.99998145953347,0.99996656195428,0.99998500411405,0.99998059001651,5.0271299254273e-05,2.1840447578033e-05,0.0099993740877831,-1.6241249820374e-05,1.6114989372704e-05,-4.4826219084164e-06,-4.4826219092448e-06,0.9000165984988,0.89999921742023,2.5,2.5,-0.00010000000000041
0.0206,0.9999814412151,0.99996654953597,0.99998499917793,0.99998058682856,5.0249131918463e-05,2.1824939453677e-05,0.0099993708536931,-1.617045019126e-05,1.604513867075e-05,-4.4841727208155e-06,-4.4841727216406e-06,0.90001660523321,0.89999923103785,2.5,2.5,-0.0001000000000004
0.0208,0.99998142272404,0.99996653717927,0.99998499426072,0.99998058372893,5.0226220421166e-05,2.180949823751e-05,0.0099993676335561,-1.6100684775791e-05,1.5976302837524e-05,-4.485716842433e-06,-4.4857168432561e-06,0.90001661192919,0.89999924489038,2.5,2.5,-0.00010000000000095
0.021,0.99998140406208,0.99996652488318,0.99998498936219,0.99998058071658,5.02025730442e-05,2.1794122961212e-05,0.0099993644271704,-1.6031928550194e-05,1.5908457481491e-05,-4.4872543700424e-06,-4.4872543708642e-06,0.90001661858741,0.89999925897528,2.5,2.5,-9.9999999999362e-05
0.0212,0.99998138523102,0.99996651264674,0.99998498448209,0.99998057779044,5.0178198182196e-05,2.1778812680469e-05,0.0099993612343389,-1.596415740175e-05,1.5841579027781e-05,-4.4887853981487e-06,-4.4887853989663e-06,0.90001662520854,0.89999927328995,2.5,2.5,-0.00010000000000032
0.0214,0.99998136623274,0.99996650046899,0.99998497962019,0.99998057494945,5.015310431745e-05,2.1763566473095e-05,0.0099993580548693,-1.5897347995563e-05,1.5775644674687e-05,-4.4903100189643e-06,-4.4903100197802e-06,0.90001663179324,0.89999928783177,2.5,2.5,-0.00010000000000035
0.0216,0.99998134706913,0.99996648834902,0.99998497477628,0.99998057219254,5.0127300018572e-05,2.1748383437229e-05,0.0099993548885738,-1.5831477654735e-05,1.571063234338e-05,-4.4918283225061e-06,-4.4918283233212e-06,0.90001663834211,0.89999930259806,2.5,2.5,-9.9999999999358e-05
0.0218,0.99998132774211,0.99996647628591,0.99998496995012,0.99998056951865,5.0100793932884e-05,2.1733262694215e-05,0.0099993517352688,-1.5766524605445e-05,1.5646520663137e-05,-4.493340396801e-06,-4.4933403976148e-06,0.90001664485578,0.89999931758614,2.5,2.5,-9.9999999999457e-05
0.022,0.99998130825369,0.99996646427879,0.9999849651415,0.99998056692671,5.0073594763115e-05,2.1718203384537e-05,0.0099993485947753,-1.5702467645893e-05,1.5583288936267e-05,-4.4948463277628e-06,-4.4948463285758e-06,0.90001665133484,0.89999933279325,2.5,2.5,-9.9999999999195e-05
0.0222,0.99998128860585,0.99996645232682,0.9999849603502,0.99998056441567,5.0045711289189e-05,2.1703204668793e-05,0.0099993454669181,-1.56392861801e-05,1.5520917116626e-05,-4.4963461993755e-06,-4.4963462001852e-06,0.90001665777987,0.89999934821665,2.5,2.5,-0.00010000000000009
0.0224,0.99998126880064,0.99996644042914,0.99998495557603,0.99998056198447,5.0017152319606e-05,2.1688265725413e-05,0.009999342351526,-1.5576960452641e-05,1.545938576585e-05,-4.4978400936784e-06,-4.4978400944841e-06,0.90001666419144,0.89999936385354,2.5,2.5,-9.9999999999936e-05
0.0226,0.99998124884008,0.99996642858495,0.99998495081877,0.99998055963206,4.9987926712449e-05,2.1673385753441e-05,0.0099993392484318,-1.5515471141221e-05,1.5398676065959e-05,-4.4993280909315e-06,-4.4993280917391e-06,0.90001667057008,0.89999937970115,2.5,2.5,-9.9999999999949e-05
0.0228,0.9999812287263,0.99996641679346,0.99998494607822,0.99998055735738,4.9958043337128e-05,2.165856396736e-05,0.0099993361574718,-1.5454799549299e-05,1.5338769732951e-05,-4.5008102694604e-06,-4.5008102702619e-06,0.90001667691634,0.89999939575663,2.5,2.5,-0.00010000000000008
0.023,0.99998120846135,0.99996640505389,0.99998494135418,0.99998055515938,4.9927511100202e-05,2.1643799601493e-05,0.0099993330784863,-1.5394927585717e-05,1.527964906913e-05,-4.5022867061039e-06,-4.5022867069034e-06,0.90001668323074,0.89999941201718,2.5,2.5,-9.9999999999735e-05
0.0232,0.99998118804738,0.99996639336547,0.99998493664647,0.99998055303702,4.9896338915392e-05,2.1629091904462e-05,0.0099993300113187,-1.5335837756479e-05,1.522129688449e-05,-4.5037574757494e-06,-4.5037574765511e-06,0.90001668951378,0.89999942847993,2.5,2.5,-9.9999999999865e-05
0.0234,0.99998116748649,0.99996638172749,0.9999849319549,0.99998055098927,4.9864535716689e-05,2.1614440144553e-05,0.0099993269558162,-1.5277512848742e-05,1.5163696500111e-05,-4.5052226518281e-06,-4.5052226526214e-06,0.90001669576595,0.89999944514205,2.5,2.5,-9.9999999999016e-05
0.0236,0.99998114678085,0.9999663701392,0.99998492727928,0.99998054901508,4.9832110429846e-05,2.1599843601744e-05,0.0099993239118289,-1.5219936461404e-05,1.5106831730596e-05,-4.506682306067e-06,-4.5066823068587e-06,0.90001670198774,0.89999946200067,2.5,2.5,-0.00010000000000099
0.0238,0.99998112593259,0.99996635859992,0.99998492261942,0.99998054711344,4.9799071977226e-05,2.1585301575415e-05,0.0099993208792104,-1.5163092513737e-05,1.5050686852887e-05,-4.5081365087424e-06,-4.5081365095342e-06,0.90001670817963,0.89999947905294,2.5,2.5,-0.00010000000000012
0.024,0.99998110494387,0.99996634710895,0.99998491797515,0.99998054528332,4.9765429263637e-05,2.1570813377174e-05,0.0099993178578174,-1.5106965348142e-05,1.4995246591486e-05,-4.5095853285917e-06,-4.5095853293829e-06,0.90001671434206,0.89999949629599,2.5,2.5,-9.9999999999738e-05
0.0242,0.99998108381686,0.99996633566562,0.9999849133463,0.99998054352371,4.9731191183447e-05,2.1556378333477e-05,0.0099993148475094,-1.5051539862676e-05,1.4940496115005e-05,-4.5110288328986e-06,-4.5110288336843e-06,0.90001672047549,0.89999951372697,2.5,2.5,-9.9999999999349e-05
0.0244,0.99998106255372,0.99996632426928,0.99998490873269,0.99998054183359,4.9696366616727e-05,2.1541995786926e-05,0.0099993118481492,-1.4996801283749e-05,1.4886421005746e-05,-4.512467087558e-06,-4.5124670883426e-06,0.90001672658034,0.89999953134301,2.5,2.5,-0.00010000000000105
0.0246,0.99998104115662,0.99996631291927,0.99998490413415,0.99998054021197,4.9660964400164e-05,2.1527665091976e-05,0.0099993088596021,-1.4942735313344e-05,1.483300724885e-05,-4.5139001571103e-06,-4.5139001578893e-06,0.90001673265706,0.89999954914127,2.5,2.5,-0.00010000000000031
0.0248,0.99998101962774,0.99996630161498,0.99998489955053,0.99998053865786,4.9624993351443e-05,2.1513385616455e-05,0.0099993058817365,-1.4889328085451e-05,1.4780241224487e-05,-4.5153281046323e-06,-4.5153281054131e-06,0.90001673870606,0.89999956711889,2.5,2.5,-0.0001000000000001
0.025,0.99998099796924,0.9999662903558,0.99998489498166,0.99998053717027,4.9588462254568e-05,2.149915674158e-05,0.0099993029144233,-1.4836566021771e-05,1.4728109672221e-05,-4.5167509920861e-06,-4.5167509928607e-06,0.90001674472773,0.89999958527305,2.5,2.5,-0.00010000000000028
0.0252,0.99998097618328,0.99996627914111,0.99998489042737,0.99998053574821,4.9551379833898e-05,2.1484977862347e-05,0.0099992999575361,-1.4784436014388e-05,1.4676599708661e-05,-4.518168880087e-06,-4.5181688808622e-06,0.90001675072248,0.8999996036009,2.5,2.5,-9.9999999999393e-05
0.0254,0.99998095427203,0.99996626797035,0.99998488588752,0.99998053439072,4.9513754790277e-05,2.147084838342e-05,0.0099992970109511,-1.473292514664e-05,1.4625698780907e-05,-4.5195818279151e-06,-4.5195818286856e-06,0.90001675669069,0.89999962209963,2.5,2.5,-9.9999999999389e-05
0.0256,0.99998093223763,0.99996625684292,0.99998488136195,0.99998053309684,4.9475595765556e-05,2.145676772371e-05,0.0099992940745468,-1.4682021116669e-05,1.4575394693921e-05,-4.5209898939032e-06,-4.5209898946743e-06,0.90001676263275,0.89999964076644,2.5,2.5,-9.9999999999128e-05
0.0258,0.99998091008225,0.99996624575826,0.9999848768505,0.99998053186562,4.9436911354751e-05,2.1442735313098e-05,0.0099992911482045,-1.4631711708386e-05,1.4525675561223e-05,-4.5223931349926e-06,-4.5223931357592e-06,0.90001676854902,0.89999965959854,2.5,2.5,-0.00010000000000131
0.026,0.99998088780801,0.99996623471585,0.99998487235304,0.9999805306961,4.9397710095068e-05,2.1428750592299e-05,0.0099992882318075,-1.4581985112844e-05,1.4476529802061e-05,-4.5237916070795e-06,-4.5237916078473e-06,0.90001677443987,0.89999967859314,2.5,2.5,-9.9999999999575e-05
0.0262,0.99998086541706,0.9999662237151,0.99998486786942,0.99998052958736,4.9358000473265e-05,2.1414813012641e-05,0.0099992853252415,-1.4532829873038e-05,1.4427946149547e-05,-4.5251853649892e-06,-4.5251853657545e-06,0.90001678030565,0.89999969774749,2.5,2.5,-0.00010000000000039
0.0264,0.9999808429115,0.99996621275554,0.99998486339949,0.99998052853846,4.9317790904659e-05,2.1400922037997e-05,0.0099992824283945,-1.4484234765516e-05,1.4379913623691e-05,-4.5265744624274e-06,-4.5265744631863e-06,0.9000167861467,0.89999971705885,2.5,2.5,-0.00010000000000085
0.0266,0.99998082029345,0.99996620183663,0.99998485894312,0.9999805275485,4.9277089754173e-05,2.1387077141936e-05,0.0099992795411568,-1.4436188861561e-05,1.4332421530764e-05,-4.5279589520812e-06,-4.527958952839e-06,0.90001679196337,0.89999973652449,2.5,2.5,-0.00010000000000022
0.0268,0.99998079756502,0.99996619095786,0.99998485450016,0.99998052661655,4.9235905314388e-05,2.1373277807088e-05,0.0099992766634204,-1.4388681555591e-05,1.4285459443597e-05,-4.5293388855894e-06,-4.5293388863442e-06,0.90001679775598,0.8999997561417,2.5,2.5,-9.9999999999883e-05
0.027,0.99998077472827,0.99996618011874,0.99998485007048,0.99998052574173,4.9194245814079e-05,2.1359523526789e-05,0.0099992737950799,-1.4341702502781e-05,1.4239017204672e-05,-4.5307143136051e-06,-4.5307143143599e-06,0.90001680352486,0.8999997759078,2.5,2.5,-0.00010000000000062
0.0272,0.9999807517853,0.99996616931878,0.99998484565396,0.99998052492314,4.9152119404558e-05,2.1345813804502e-05,0.0099992709360316,-1.4295241578286e-05,1.4193084907544e-05,-4.5320852857948e-06,-4.5320852865443e-06,0.90001680927033,0.89999979582013,2.5,2.5,-9.999999999981e-05
0.0274,0.99998072873814,0.99996615855751,0.99998484125045,0.9999805241599,4.9109534179886e-05,2.1332148153013e-05,0.0099992680861738,-1.4249288924053e-05,1.4147652880326e-05,-4.5334518509886e-06,-4.5334518517338e-06,0.90001681499269,0.89999981587603,2.5,2.5,-0.00010000000000064
0.0276,0.99998070558885,0.99996614783447,0.99998483685984,0.99998052345113,4.9066498147432e-05,2.1318526093739e-05,0.0099992652454069,-1.4203834983533e-05,1.4102711701624e-05,-4.534814056934e-06,-4.5348140576784e-06,0.90001682069224,0.8999998360729,2.5,2.5,-9.9999999999303e-05
0.0278,0.99998068233944,0.99996613714921,0.99998483248199,0.99998052279599,4.9023019251131e-05,2.1304947157293e-05,0.0099992624136328,-1.4158870305207e-05,1.4058252180215e-05,-4.5361719505863e-06,-4.5361719513264e-06,0.90001682636929,0.89999985640812,2.5,2.5,-0.00010000000000048
0.028,0.99998065899194,0.99996612650126,0.99998482811678,0.99998052219362,4.8979105351889e-05,2.1291410882616e-05,0.0099992595907556,-1.4114385829365e-05,1.4014265345485e-05,-4.5375255780077e-06,-4.5375255787449e-06,0.90001683202413,0.89999987687913,2.5,2.5,-0.00010000000000148
0.0282,0.99998063554833,0.9999661158902,0.9999848237641,0.99998052164317,4.8934764238065e-05,2.1277916819309e-05,0.0099992567766811,-1.4070372557968e-05,1.3970742433932e-05,-4.5388749843511e-06,-4.5388749850872e-06,0.90001683765703,0.89999989748338,2.5,2.5,-9.9999999999853e-05
0.0284,0.99998061201059,0.99996610531561,0.99998481942381,0.99998052114382,4.8890003613581e-05,2.1264464522547e-05,0.0099992539713168,-1.4026821872096e-05,1.3927674917677e-05,-4.5402202140447e-06,-4.5402202147739e-06,0.90001684326828,0.89999991821833,2.5,2.5,-9.9999999999971e-05
0.0286,0.99998058838067,0.99996609477704,0.99998481509582,0.99998052069474,4.8844831107264e-05,2.1251053557907e-05,0.0099992511745718,-1.3983725192729e-05,1.3885054445519e-05,-4.5415613105532e-06,-4.541561311284e-06,0.90001684885816,0.89999993908149,2.5,2.5,-9.999999999993e-05
0.0288,0.99998056466052,0.9999660842741,0.99998481077999,0.99998052029512,4.8799254264485e-05,2.1237683496668e-05,0.0099992483863569,-1.3941074282764e-05,1.3842872866819e-05,-4.5428983166875e-06,-4.5428983174134e-06,0.90001685442692,0.89999996007037,2.5,2.5,-0.00010000000000022
0.029,0.99998054085205,0.99996607380638,0.99998480647621,0.99998051994416,4.8753280567207e-05,2.12243539197e-05,0.0099992456065847,-1.389886101065e-05,1.3801122229304e-05,-4.5442312743904e-06,-4.5442312751172e-06,0.90001685997484,0.89999998118253,2.5,2.5,-0.00010000000000032
0.0292,0.99998051695719,0.99996606337348,0.99998480218438,0.99998051964106,4.8706917389792e-05,2.1211064414474e-05,0.0099992428351692,-1.3857077437159e-05,1.3759794749804e-05,-4.5455602248503e-06,-4.5455602255739e-06,0.90001686550217,0.90000000241554,2.5,2.5,-9.9999999999636e-05
0.0294,0.99998049297779,0.99996605297502,0.99998479790439,0.99998051938505,4.8660172037683e-05,2.1197814576528e-05,0.009999240072026,-1.3815715861806e-05,1.371888284887e-05,-4.5468852085837e-06,-4.5468852093053e-06,0.90001687100915,0.900000023767,2.5,2.5,-9.999999999991e-05
0.0296,0.99998046891573,0.99996604261062,0.99998479363612,0.99998051917534,4.8613051726196e-05,2.1184604010174e-05,0.0099992373170723,-1.3774768678499e-05,1.3678379100156e-05,-4.5482062653562e-06,-4.5482062660746e-06,0.90001687649603,0.90000004523454,2.5,2.5,-0.00010000000000108
0.0298,0.99998044477285,0.99996603227989,0.99998478937947,0.99998051901118,4.8565563601804e-05,2.1171432322015e-05,0.0099992345702266,-1.3734228614205e-05,1.363827626315e-05,-4.5495234340964e-06,-4.5495234348113e-06,0.90001688196307,0.90000006681581,2.5,2.5,-9.9999999999434e-05
0.03,0.99998042055098,0.99996602198246,0.99998478513434,0.99998051889182,4.8517714713654e-05,2.1158299130314e-05,0.0099992318314089,-1.3694088403385e-05,1.3598567243479e-05,-4.5508367532878e-06,-4.5508367540009e-06,0.90001688741049,0.90000008850848,2.5,2.5,-9.9999999999975e-05
0.0302,0.99998039625193,0.99996601171799,0.99998478090063,0.9999805188165,4.8469512031264e-05,2.1145204058133e-05,0.0099992291005407,-1.3654340882822e-05,1.3559245095547e-05,-4.5521462605053e-06,-4.5521462612151e-06,0.90001689283853,0.90000011031028,2.5,2.5,-0.00010000000000028
0.0304,0.99998037187746,0.99996600148611,0.99998477667823,0.99998051878449,4.8420962444601e-05,2.1132146735258e-05,0.0099992263775449,-1.361497934341e-05,1.3520303075004e-05,-4.5534519927637e-06,-4.5534519934709e-06,0.90001689824741,0.90000013221892,2.5,2.5,-9.9999999999133e-05
0.0306,0.99998034742935,0.99996599128648,0.99998477246704,0.99998051879508,4.8372072751067e-05,2.1119126798326e-05,0.0099992236623455,-1.3575996890974e-05,1.3481734541562e-05,-4.5547539864993e-06,-4.5547539871999e-06,0.90001690363737,0.90000015423218,2.5,2.5,-0.00010000000000101
0.0308,0.99998032290935,0.99996598111877,0.99998476826697,0.99998051884754,4.8322849675399e-05,2.1106143889533e-05,0.0099992209548681,-1.3537387038128e-05,1.3443533021562e-05,-4.5560522773626e-06,-4.5560522780622e-06,0.90001690900861,0.90000017634784,2.5,2.5,-0.00010000000000055
0.031,0.99998029831918,0.99996597098262,0.99998476407792,0.99998051894117,4.8273299847631e-05,2.1093197658158e-05,0.0099992182550394,-1.3499143218663e-05,1.3405692158677e-05,-4.5573469004833e-06,-4.5573469011828e-06,0.90001691436135,0.9000001985637,2.5,2.5,-9.9999999999528e-05
0.0312,0.99998027366053,0.99996596087772,0.9999847598998,0.99998051907527,4.8223429818761e-05,2.1080287759291e-05,0.0099992155627876,-1.3461259229997e-05,1.3368205770188e-05,-4.5586378903684e-06,-4.558637891061e-06,0.9000169196958,0.90000022087762,2.5,2.5,-9.999999999959e-05
0.0314,0.99998024893508,0.99996595080374,0.99998475573251,0.99998051924915,4.8173246054414e-05,2.1067413853621e-05,0.0099992128780418,-1.3423728872074e-05,1.3331067781472e-05,-4.5599252809737e-06,-4.5599252816645e-06,0.90001692501218,0.90000024328747,2.5,2.5,-0.0001000000000001
0.0316,0.99998022414451,0.99996594076037,0.99998475157597,0.99998051946215,4.8122754934656e-05,2.1054575607643e-05,0.0099992102007326,-1.3386546044109e-05,1.3294272256176e-05,-4.5612091055795e-06,-4.5612091062707e-06,0.90001693031068,0.90000026579113,2.5,2.5,-9.9999999999496e-05
0.0318,0.99998019929044,0.99996593074728,0.99998474743008,0.99998051971359,4.8071962771747e-05,2.1041772693702e-05,0.0099992075307916,-1.3349704936608e-05,1.3257813383583e-05,-4.5624893969677e-06,-4.5624893976567e-06,0.9000169355915,0.90000028838654,2.5,2.5,-0.00010000000000003
0.032,0.99998017437451,0.99996592076418,0.99998474329475,0.99998052000281,4.8020875770598e-05,2.102900478971e-05,0.0099992048681516,-1.3313199670177e-05,1.3221685471784e-05,-4.5637661873542e-06,-4.5637661880375e-06,0.90001694085484,0.90000031107164,2.5,2.5,-0.00010000000000038
0.0322,0.9999801493983,0.99996591081078,0.99998473916991,0.99998052032916,4.7969500068417e-05,2.1016271579012e-05,0.0099992022127467,-1.327702460229e-05,1.3185882961417e-05,-4.5650395083755e-06,-4.5650395090572e-06,0.90001694610089,0.9000003338444,2.5,2.5,-0.00010000000000022
0.0324,0.99998012436339,0.99996590088676,0.99998473505545,0.999980520692,4.7917841713979e-05,2.1003572751087e-05,0.0099991995645119,-1.3241174223355e-05,1.3150400389419e-05,-4.5663093912339e-06,-4.566309391918e-06,0.90001695132984,0.90000035670284,2.5,2.5,-9.9999999999996e-05
0.0326,0.99998009927134,0.99996589099185,0.9999847309513,0.99998052109071,4.786590666842e-05,2.0990907998099e-05,0.0099991969233832,-1.320564309373e-05,1.3115232431198e-05,-4.5675758665083e-06,-4.5675758671908e-06,0.90001695654188,0.90000037964499,2.5,2.5,-0.00010000000000096
0.0328,0.9999800741237,0.99996588112575,0.99998472685738,0.99998052152466,4.7813700836651e-05,2.0978277020346e-05,0.0099991942892981,-1.3170425877489e-05,1.3080373844563e-05,-4.5688389642956e-06,-4.5688389649724e-06,0.90001696173718,0.90000040266889,2.5,2.5,-9.9999999999199e-05
0.033,0.99998004892196,0.99996587128819,0.9999847227736,0.99998052199323,4.7761230020161e-05,2.0965679521123e-05,0.0099991916621946,-1.3135517343133e-05,1.3045819508097e-05,-4.570098714225e-06,-4.5700987148997e-06,0.90001696691592,0.90000042577264,2.5,2.5,-0.0001000000000005
0.0332,0.99998002366763,0.9999658614789,0.99998471869989,0.99998052249582,4.7708499938717e-05,2.0953115209505e-05,0.0099991890420121,-1.3100912452243e-05,1.3011564409762e-05,-4.5713551453815e-06,-4.5713551460544e-06,0.90001697207829,0.90000044895434,2.5,2.5,-9.9999999999391e-05
0.0334,0.99997999836219,0.9999658516976,0.99998471463616,0.99998052303183,4.7655516241914e-05,2.094058379967e-05,0.0099991864286909,-1.3066606145871e-05,1.2977603639176e-05,-4.5726082864341e-06,-4.5726082871067e-06,0.90001697722444,0.90000047221213,2.5,2.5,-9.9999999999235e-05
0.0336,0.99997997300708,0.99996584194403,0.99998471058233,0.99998052360068,4.7602284498506e-05,2.0928085008396e-05,0.0099991838221722,-1.3032593588765e-05,1.2943932377018e-05,-4.573858165503e-06,-4.5738581661757e-06,0.90001698235456,0.90000049554417,2.5,2.5,-9.9999999998916e-05
0.0338,0.99997994760374,0.99996583221792,0.99998470653833,0.99998052420179,4.7548810191791e-05,2.0915618559445e-05,0.0099991812223982,-1.299886997386e-05,1.2910545911377e-05,-4.5751048104061e-06,-4.5751048110757e-06,0.9000169874688,0.90000051894866,2.5,2.5,-0.00010000000000053
0.034,0.9999799221536,0.99996582251902,0.9999847025041,0.99998052483459,4.7495098737994e-05,2.0903184180716e-05,0.0099991786293121,-1.296543050445e-05,1.2877439602392e-05,-4.5763482482887e-06,-4.5763482489581e-06,0.90001699256733,0.90000054242379,2.5,2.5,-0.00010000000000081
0.0342,0.99997989665803,0.99996581284708,0.99998469847953,0.99998052549851,4.7441155465626e-05,2.0890781603229e-05,0.0099991760428579,-1.2932270717517e-05,1.2844608932432e-05,-4.5775885060353e-06,-4.5775885067014e-06,0.90001699765031,0.90000056596782,2.5,2.5,-0.0001000000000001
0.0344,0.99997987111841,0.99996580320185,0.99998469446458,0.999980526193,4.7386985620574e-05,2.0878410563537e-05,0.0099991734629808,-1.2899385971841e-05,1.2812049444236e-05,-4.5788256099589e-06,-4.5788256106192e-06,0.90001700271789,0.900000589579,2.5,2.5,-9.9999999999931e-05
0.0346,0.99997984553611,0.99996579358308,0.99998469045916,0.99998052691752,4.7332594398658e-05,2.0866070802332e-05,0.0099991708896264,-1.28667719344e-05,1.2779756801567e-05,-4.5800595860997e-06,-4.5800595867641e-06,0.90001700777024,0.90000061325563,2.5,2.5,-0.0001000000000001
0.0348,0.99997981991246,0.99996578399055,0.99998468646321,0.99998052767153,4.7277986893155e-05,2.0853762063996e-05,0.0099991683227415,-1.2834424214926e-05,1.2747726734911e-05,-4.58129045996e-06,-4.5812904606207e-06,0.9000170128075,0.90000063699602,2.5,2.5,-0.00010000000000023
0.035,0.99997979424877,0.999965774424,0.99998468247665,0.99998052845449,4.722316813224e-05,2.084148409669e-05,0.0099991657622738,-1.2802338597201e-05,1.2715955047602e-05,-4.5825182566647e-06,-4.5825182573248e-06,0.90001701782982,0.90000066079851,2.5,2.5,-0.00010000000000023
0.0352,0.99997976854633,0.99996576488321,0.99998467849941,0.99998052926589,4.7168143072687e-05,2.0829236653496e-05,0.0099991632081716,-1.2770510873475e-05,1.2684437639501e-05,-4.5837430009537e-06,-4.5837430016092e-06,0.90001702283736,0.90000068466146,2.5,2.5,-9.9999999999829e-05
0.0354,0.99997974280644,0.99996575536795,0.99998467453144,0.99998053010522,4.7112916592097e-05,2.0817019490911e-05,0.0099991606603842,-1.2738936969759e-05,1.2653170493669e-05,-4.584964717198e-06,-4.584964717851e-06,0.90001702783024,0.90000070858326,2.5,2.5,-0.00010000000000013
0.0356,0.99997971703034,0.999965745878,0.99998467057265,0.99998053097196,4.7057493501333e-05,2.0804832370213e-05,0.0099991581188616,-1.2707612879439e-05,1.2622149650119e-05,-4.5861834293415e-06,-4.5861834299939e-06,0.90001703280862,0.90000073256231,2.5,2.5,-0.00010000000000044
0.0358,0.99997969121927,0.99996573641314,0.99998466662299,0.99998053186561,4.7001878534822e-05,2.0792675054232e-05,0.0099991555835547,-1.2676534650459e-05,1.2591371242465e-05,-4.587399160926e-06,-4.5873991615766e-06,0.90001703777264,0.90000075659707,2.5,2.5,-0.00010000000000029
0.036,0.99997966537447,0.99996572697314,0.99998466268239,0.9999805327857,4.6946076356657e-05,2.0780547311377e-05,0.009999153054415,-1.264569844493e-05,1.2560831477108e-05,-4.5886119352071e-06,-4.5886119358579e-06,0.90001704272243,0.90000078068598,2.5,2.5,-0.00010000000000022
0.0362,0.99997963949713,0.9999657175578,0.99998465875079,0.99998053373173,4.6890091562937e-05,2.0768448913463e-05,0.0099991505313949,-1.2615100473632e-05,1.2530526622925e-05,-4.5898217750096e-06,-4.5898217756555e-06,0.90001704765812,0.90000080482753,2.5,2.5,-9.9999999999877e-05
0.0364,0.99997961358843,0.99996570816691,0.99998465482812,0.99998053470323,4.6833928676712e-05,2.0756379634951e-05,0.0099991480144475,-1.2584736976495e-05,1.2500453029957e-05,-4.5910287024612e-06,-4.5910287036844e-06,0.90001705257985,0.90000082902022,2.5,2.5,-0.00010000000000078
0.0366,0.99997958764954,0.99996569880025,0.99998465091433,0.99998053569972,4.6777592155874e-05,2.0744339255517e-05,0.0099991455035266,-1.2554604426014e-05,1.247060712085e-05,-4.5922327404545e-06,-4.5922327416621e-06,0.90001705748775,0.90000085326258,2.5,2.5,-9.999999999978e-05
0.0368,0.99997956168162,0.99996568945764,0.99998464700934,0.99998053672075,4.6721086382946e-05,2.0732327555727e-05,0.0099991429985868,-1.2524699141411e-05,1.2440985367919e-05,-4.593433910407e-06,-4.5934339115998e-06,0.90001706238195,0.90000087755316,2.5,2.5,-0.00010000000000077
0.037,0.99997953568579,0.99996568013886,0.99998464311311,0.99998053776587,4.6664415684029e-05,2.0720344322414e-05,0.0099991404995833,-1.2495017681317e-05,1.2411584307183e-05,-4.594632233825e-06,-4.5946322350033e-06,0.90001706726257,0.90000090189053,2.5,2.5,-0.00010000000000052
0.0372,0.99997950966316,0.99996567084372,0.99998463922557,0.99998053883462,4.6607584304393e-05,2.0708389342741e-05,0.0099991380064719,-1.2465556502083e-05,1.2382400560946e-05,-4.5958277317455e-06,-4.5958277329087e-06,0.90001707212974,0.90000092627329,2.5,2.5,-0.00010000000000064
0.0374,0.99997948361485,0.99996566157202,0.99998463534666,0.99998053992657,4.6550596432586e-05,2.0696462409959e-05,0.0099991355192095,-1.2436312356094e-05,1.2353430816014e-05,-4.5970204250328e-06,-4.5970204261811e-06,0.90001707698357,0.90000095070005,2.5,2.5,-9.9999999999912e-05
0.0376,0.99997945754191,0.99996565232359,0.99998463147634,0.99998054104127,4.6493456195637e-05,2.0684563318713e-05,0.0099991330377532,-1.2407281831073e-05,1.2324671802683e-05,-4.5982103341689e-06,-4.5982103353023e-06,0.90001708182419,0.90000097516946,2.5,2.5,-9.9999999999531e-05
0.0378,0.99997943144543,0.99996564309822,0.99998462761453,0.99998054217832,4.6436167653112e-05,2.0672691866771e-05,0.0099991305620608,-1.2378461760835e-05,1.2296120317275e-05,-4.5993974793816e-06,-4.5993974805003e-06,0.90001708665172,0.90000099968016,2.5,2.5,-0.00010000000000036
0.038,0.99997940532644,0.99996563389574,0.99998462376119,0.99998054333727,4.6378734798636e-05,2.0660847855845e-05,0.009999128092091,-1.2349848871443e-05,1.2267773205071e-05,-4.6005818804612e-06,-4.6005818815649e-06,0.90001709146627,0.90000102423084,2.5,2.5,-9.9999999998908e-05
0.0382,0.99997937918597,0.99996562471595,0.99998461991625,0.99998054451773,4.6321161562032e-05,2.0649031090148e-05,0.009999125627803,-1.2321440096688e-05,1.2239627393904e-05,-4.6017635570627e-06,-4.6017635581514e-06,0.90001709626795,0.90000104882021,2.5,2.5,-9.99999999999e-05
0.0384,0.99997935302503,0.9999656155587,0.99998461607967,0.99998054571927,4.62634518117e-05,2.0637241377107e-05,0.0099991231691566,-1.2293232267895e-05,1.2211679850058e-05,-4.602942528397e-06,-4.6029425294706e-06,0.90001710105689,0.90000107344698,2.5,2.5,-9.9999999999718e-05
0.0386,0.99997932684463,0.99996560642378,0.9999846122514,0.99998054694151,4.6205609358169e-05,2.0625478526212e-05,0.0099991207161121,-1.2265222467868e-05,1.2183927599152e-05,-4.6041188134815e-06,-4.6041188145401e-06,0.90001710583318,0.90000109810989,2.5,2.5,-0.00010000000000033
0.0388,0.99997930064575,0.99996559731105,0.99998460843137,0.99998054818405,4.6147637951751e-05,2.0613742350848e-05,0.0099991182686305,-1.2237407656903e-05,1.2156367716925e-05,-4.6052924310016e-06,-4.6052924320442e-06,0.90001711059693,0.90000112280771,2.5,2.5,-9.9999999999801e-05
0.039,0.99997927442934,0.99996558822032,0.99998460461954,0.99998054944649,4.6089541283285e-05,2.0602032666947e-05,0.0099991158266735,-1.2209784993254e-05,1.2128997341947e-05,-4.6064633993985e-06,-4.6064634004258e-06,0.90001711534826,0.90000114753922,2.5,2.5,-9.9999999999812e-05
0.0392,0.99997924819636,0.99996557915142,0.99998460081585,0.99998055072846,4.6031322972354e-05,2.0590349292672e-05,0.0099991133902032,-1.2182351517076e-05,1.2101813646499e-05,-4.6076317368204e-06,-4.6076317378317e-06,0.90001712008727,0.90000117230322,2.5,2.5,-0.00010000000000063
0.0394,0.99997922194774,0.9999655701042,0.99998459702027,0.99998055202959,4.5972986595454e-05,2.0578692049565e-05,0.0099991109591823,-1.2155104480624e-05,1.2074813871959e-05,-4.6087974611357e-06,-4.6087974621305e-06,0.90001712481407,0.90000119709853,2.5,2.5,-9.9999999999207e-05
0.0396,0.99997919568441,0.99996556107849,0.99998459323273,0.99998055334949,4.5914535677207e-05,2.0567060761663e-05,0.0099991085335741,-1.2128041127344e-05,1.2047995305712e-05,-4.6099605899757e-06,-4.6099605909538e-06,0.90001712952874,0.90000122192399,2.5,2.5,-9.9999999999524e-05
0.0398,0.99997916940727,0.99996555207411,0.99998458945318,0.9999805546878,4.5855973665698e-05,2.0555455254398e-05,0.0099991061133423,-1.2101158798713e-05,1.2021355281581e-05,-4.6111211406741e-06,-4.6111211416407e-06,0.9000171342314,0.90000124677845,2.5,2.5,-0.00010000000000005
0.04,0.9999791431172,0.99996554309094,0.99998458568159,0.99998055604418,4.5797303964031e-05,2.0543875357913e-05,0.0099991036984514,-1.2074454688642e-05,1.1994891163679e-05,-4.6122791303517e-06,-4.6122791313089e-06,0.90001713892214,0.9000012716608,2.5,2.5,-0.00010000000000005
0.0402,0.99997911681509,0.99996553412879,0.9999845819179,0.99998055741825,4.5738529927136e-05,2.053232090289e-05,0.0099991012888661,-1.2047926356747e-05,1.1968600400091e-05,-4.6134345758448e-06,-4.6134345767914e-06,0.90001714360106,0.90000129656993,2.5,2.5,-0.00010000000000036
0.0404,0.99997909050179,0.99996552518753,0.99998457816206,0.99998055880969,4.5679654844969e-05,2.052079172404e-05,0.0099990988845519,-1.202157106906e-05,1.1942480447808e-05,-4.6145874937599e-06,-4.6145874946946e-06,0.90001714826826,0.90000132150475,2.5,2.5,-9.9999999999901e-05
0.0406,0.99997906417814,0.999965516267,0.99998457441403,0.99998056021814,4.5620681957118e-05,2.050928765732e-05,0.0099990964854746,-1.1995386443121e-05,1.1916528834621e-05,-4.6157379004361e-06,-4.6157379013584e-06,0.90001715292382,0.90000134646419,2.5,2.5,-9.9999999999627e-05
0.0408,0.99997903784499,0.99996550736706,0.99998457067377,0.99998056164327,4.5561614446867e-05,2.0497808541201e-05,0.0099990940916006,-1.1969369935401e-05,1.1890743121231e-05,-4.6168858120322e-06,-4.6168858129391e-06,0.90001715756784,0.9000013714472,2.5,2.5,-9.9999999999974e-05
0.041,0.99997901150315,0.99996549848755,0.99998456694122,0.99998056308474,4.5502455451428e-05,2.048635421721e-05,0.0099990917028968,-1.1943519143933e-05,1.1865120900672e-05,-4.6180312444453e-06,-4.6180312453369e-06,0.90001716220042,0.90000139645274,2.5,2.5,-0.00010000000000004
0.0412,0.99997898515343,0.99996548962833,0.99998456321634,0.99998056454224,4.5443208051275e-05,2.0474924528635e-05,0.0099990893193305,-1.19178316365e-05,1.1839659827219e-05,-4.619174213336e-06,-4.6191742142123e-06,0.90001716682164,0.90000142147981,2.5,2.5,-0.00010000000000068
0.0414,0.99997895879661,0.99996548078926,0.9999845594991,0.99998056601544,4.5383875291098e-05,2.0463519320488e-05,0.0099990869408694,-1.1892305137447e-05,1.181435758809e-05,-4.6203147340869e-06,-4.6203147349663e-06,0.9000171714316,0.90000144652739,2.5,2.5,-9.9999999999085e-05
0.0416,0.99997893243348,0.99996547197021,0.99998455578944,0.99998056750403,4.5324460142011e-05,2.045213844181e-05,0.009999084567482,-1.1866937221459e-05,1.1789211904965e-05,-4.6214528220061e-06,-4.6214528228884e-06,0.90001717603036,0.9000014715945,2.5,2.5,-0.00010000000000001
0.0418,0.9999789060648,0.99996546317103,0.99998455208733,0.9999805690077,4.526496554343e-05,2.0440781741473e-05,0.0099990821991368,-1.1841725750277e-05,1.1764220542667e-05,-4.6225884920054e-06,-4.6225884928897e-06,0.90001718061803,0.90000149668018,2.5,2.5,-0.00010000000000007
0.042,0.99997887969131,0.99996545439158,0.99998454839272,0.99998057052613,4.5205394385389e-05,2.0429449072684e-05,0.0099990798358031,-1.1816668395869e-05,1.1739381318254e-05,-4.6237217589289e-06,-4.6237217598163e-06,0.90001718519469,0.90000152178348,2.5,2.5,-9.9999999999906e-05
0.0422,0.99997885331378,0.99996544563174,0.99998454470557,0.99998057205904,4.5145749498111e-05,2.041814028877e-05,0.0099990774774505,-1.1791763065996e-05,1.1714692071284e-05,-4.6248526373006e-06,-4.6248526381889e-06,0.90001718976042,0.90000154690345,2.5,2.5,-9.9999999999742e-05
0.0424,0.99997882693291,0.99996543689138,0.99998454102584,0.99998057360613,4.5086033676651e-05,2.0406855246938e-05,0.009999075124049,-1.1767007496133e-05,1.1690150679222e-05,-4.6259811415216e-06,-4.6259811424099e-06,0.9000171943153,0.90000157203918,2.5,2.5,-9.9999999999054e-05
0.0426,0.99997880054943,0.99996542817035,0.99998453735349,0.9999805751671,4.5026249669729e-05,2.0395593804848e-05,0.0099990727755691,-1.1742399679217e-05,1.1665755065401e-05,-4.6271072857801e-06,-4.6271072866687e-06,0.90001719885942,0.90000159718976,2.5,2.5,-0.00010000000000042
0.0428,0.99997877416404,0.99996541946854,0.99998453368848,0.99998057674167,4.4966400170315e-05,2.038435582238e-05,0.0099990704319816,-1.1717937473707e-05,1.1641503183727e-05,-4.6282310839679e-06,-4.6282310848554e-06,0.90001720339284,0.90000162235431,2.5,2.5,-0.00010000000000016
0.043,0.99997874777742,0.99996541078582,0.99998453003077,0.99998057832956,4.4906487831067e-05,2.0373141162723e-05,0.0099990680932578,-1.1693618880724e-05,1.1617393023166e-05,-4.6293525499136e-06,-4.6293525507995e-06,0.90001720791566,0.90000164753194,2.5,2.5,-0.00010000000000014
0.0432,0.99997872139026,0.99996540212207,0.99998452638033,0.99998057993049,4.4846515264355e-05,2.0361949690154e-05,0.0099990657593694,-1.1669441835011e-05,1.1593422602468e-05,-4.6304716971835e-06,-4.6304716980661e-06,0.90001721242794,0.90000167272181,2.5,2.5,-9.9999999999512e-05
0.0434,0.99997869500322,0.99996539347715,0.9999845227371,0.9999805815442,4.4786485033318e-05,2.0350781270318e-05,0.0099990634302885,-1.1645404442872e-05,1.1569589978458e-05,-4.6315885391939e-06,-4.6315885400734e-06,0.90001721692977,0.90000169792305,2.5,2.5,-0.00010000000000108
0.0436,0.99997866861696,0.99996538485096,0.99998451910107,0.9999805831704,4.4726399668091e-05,2.0339635771673e-05,0.0099990611059876,-1.1621504662863e-05,1.1545893242916e-05,-4.6327030890937e-06,-4.6327030899688e-06,0.90001722142121,0.90000172313486,2.5,2.5,-0.00010000000000026
0.0438,0.99997864223212,0.99996537624338,0.99998451547218,0.99998058480885,4.4666261642734e-05,2.0328513063347e-05,0.0099990587864395,-1.1597740727077e-05,1.1522330532456e-05,-4.6338153599417e-06,-4.6338153608131e-06,0.90001722590235,0.9000017483564,2.5,2.5,-9.9999999999817e-05
0.044,0.99997861584934,0.99996536765427,0.99998451185041,0.99998058645928,4.4606073392388e-05,2.0317413016847e-05,0.0099990564716173,-1.1574110644823e-05,1.1498899979868e-05,-4.634925364563e-06,-4.6349253654289e-06,0.90001723037325,0.90000177358687,2.5,2.5,-0.00010000000000058
0.0442,0.99997858946924,0.99996535908354,0.99998450823571,0.99998058812143,4.454583732075e-05,2.0306335505653e-05,0.0099990541614948,-1.1550612628625e-05,1.1475599782002e-05,-4.636033115611e-06,-4.6360331164712e-06,0.90001723483398,0.90000179882549,2.5,2.5,-9.9999999999954e-05
0.0444,0.99997856309243,0.99996535053107,0.99998450462806,0.99998058979506,4.4485555782927e-05,2.0295280406412e-05,0.0099990518560458,-1.1527244841562e-05,1.1452428150299e-05,-4.6371386256475e-06,-4.6371386265011e-06,0.90001723928462,0.90000182407148,2.5,2.5,-9.9999999999814e-05
0.0446,0.9999785367195,0.99996534199675,0.99998450102741,0.99998059147992,4.4425231102734e-05,2.0284247593646e-05,0.0099990495552447,-1.1504005531862e-05,1.1429383343834e-05,-4.6382419068968e-06,-4.6382419077435e-06,0.90001724372522,0.90000184932407,2.5,2.5,-0.00010000000000044
0.0448,0.99997851035106,0.99996533348046,0.99998449743373,0.99998059317577,4.4364865547241e-05,2.0273236947348e-05,0.0099990472590661,-1.1480892945948e-05,1.1406463630697e-05,-4.6393429715749e-06,-4.6393429724153e-06,0.90001724815588,0.90000187458252,2.5,2.5,-9.9999999999808e-05
0.045,0.99997848398767,0.99996532498208,0.99998449384698,0.99998059488236,4.4304461355351e-05,2.0262248346492e-05,0.009999044967485,-1.1457905354351e-05,1.1383667321902e-05,-4.6404418316168e-06,-4.6404418324533e-06,0.90001725257664,0.9000018998461,2.5,2.5,-0.00010000000000041
0.0452,0.99997845762992,0.99996531650153,0.99998449026714,0.99998059659947,4.4244020726432e-05,2.0251281674109e-05,0.0099990426804768,-1.1435041069143e-05,1.136099275554e-05,-4.6415384989051e-06,-4.6415384997384e-06,0.90001725698758,0.90000192511407,2.5,2.5,-0.00010000000000011
0.0454,0.99997843127836,0.99996530803869,0.99998448669417,0.99998059832686,4.4183545833637e-05,2.0240336811747e-05,0.0099990403980171,-1.1412298472138e-05,1.1338438293685e-05,-4.6426329850488e-06,-4.6426329858822e-06,0.90001726138876,0.90000195038573,2.5,2.5,-9.9999999999314e-05
0.0456,0.99997840493352,0.99996529959346,0.99998448312804,0.99998060006431,4.4123038795181e-05,2.0229413646249e-05,0.0099990381200819,-1.1389675852866e-05,1.1316002311031e-05,-4.6437253016534e-06,-4.6437253024824e-06,0.90001726578025,0.90000197566038,2.5,2.5,-0.00010000000000063
0.0458,0.99997837859598,0.99996529116574,0.99998447956871,0.9999806018116,4.4062501700781e-05,2.0218512063414e-05,0.0099990358466476,-1.136717161334e-05,1.1293683227e-05,-4.6448154599517e-06,-4.6448154607801e-06,0.9000172701621,0.90000200093732,2.5,2.5,-0.00010000000000024
0.046,0.99997835226623,0.99996528275542,0.99998447601615,0.9999806035685,4.4001936612228e-05,2.0207631950424e-05,0.0099990335776908,-1.1344784241614e-05,1.1271479506304e-05,-4.6459034712246e-06,-4.6459034720486e-06,0.90001727453438,0.9000020262159,2.5,2.5,-9.9999999999373e-05
0.0462,0.99997832594482,0.99996527436239,0.99998447247033,0.99998060533479,4.3941345537196e-05,2.019677319723e-05,0.0099990313131883,-1.1322512174385e-05,1.1249389608426e-05,-4.6469893465296e-06,-4.64698934735e-06,0.90001727889716,0.90000205149544,2.5,2.5,-0.00010000000000043
0.0464,0.99997829963225,0.99996526598657,0.99998446893122,0.99998060711027,4.3880730463582e-05,2.0185935695226e-05,0.0099990290531176,-1.1300353801894e-05,1.1227412022339e-05,-4.6480730967548e-06,-4.648073097571e-06,0.90001728325049,0.90000207677529,2.5,2.5,-9.999999999997e-05
0.0466,0.99997827332902,0.99996525762786,0.99998446539878,0.99998060889474,4.3820093337561e-05,2.0175119336513e-05,0.009999026797456,-1.1278307719071e-05,1.1205545274892e-05,-4.6491547326642e-06,-4.6491547334766e-06,0.90001728759444,0.90000210205482,2.5,2.5,-9.9999999999626e-05
0.0468,0.99997824703562,0.99996524928616,0.999984461873,0.99998061068797,4.375943608688e-05,2.0164324014502e-05,0.0099990245461816,-1.1256372368621e-05,1.1183787907709e-05,-4.6502342648639e-06,-4.6502342656724e-06,0.90001729192906,0.90000212733339,2.5,2.5,-9.9999999999859e-05
0.047,0.99997822075255,0.99996524096137,0.99998445835383,0.99998061248978,4.3698760577477e-05,2.0153549624659e-05,0.0099990222992723,-1.1234546371882e-05,1.1162138484911e-05,-4.6513117038952e-06,-4.651311704699e-06,0.90001729625441,0.90000215261039,2.5,2.5,-9.9999999999888e-05
0.0472,0.99997819448027,0.99996523265341,0.99998445484125,0.99998061429995,4.3638068666854e-05,2.014279606252e-05,0.0099990200567067,-1.1212828272563e-05,1.114059561118e-05,-4.6523870600263e-06,-4.6523870608245e-06,0.90001730057054,0.90000217788521,2.5,2.5,-0.00010000000000007
0.0474,0.99997816821925,0.99996522436218,0.99998445133522,0.99998061611831,4.3577362171771e-05,2.0132063227393e-05,0.0099990178184633,-1.1191216613806e-05,1.1119157890841e-05,-4.6534603435431e-06,-4.6534603443364e-06,0.90001730487753,0.90000220315725,2.5,2.5,-9.9999999999634e-05
0.0476,0.99997814196996,0.99996521608758,0.99998444783573,0.99998061794465,4.3516642879828e-05,2.0121351018028e-05,0.0099990155845213,-1.1169710101812e-05,1.1097823977031e-05,-4.6545315645038e-06,-4.6545315652901e-06,0.90001730917541,0.90000222842594,2.5,2.5,-0.00010000000000023
0.0478,0.99997811573283,0.99996520782954,0.99998444434273,0.99998061977879,4.345591254184e-05,2.0110659334463e-05,0.0099990133548598,-1.1148307341528e-05,1.107659252168e-05,-4.6556007328366e-06,-4.6556007336194e-06,0.90001731346424,0.90000225369068,2.5,2.5,-0.00010000000000027
0.048,0.99997808950832,0.99996519958796,0.99998444085621,0.99998062162054,4.3395172887568e-05,2.0099988079301e-05,0.0099990111294584,-1.1127006966341e-05,1.1055462207272e-05,-4.6566678583927e-06,-4.6566678591693e-06,0.90001731774409,0.90000227895093,2.5,2.5,-9.9999999999988e-05
0.0482,0.99997806329686,0.99996519136275,0.99998443737613,0.99998062346972,4.3334425608785e-05,2.0089337154782e-05,0.0099990089082969,-1.1105807702265e-05,1.1034431743409e-05,-4.6577329508365e-06,-4.6577329516082e-06,0.90001732201499,0.90000230420612,2.5,2.5,-0.00010000000000007
0.0484,0.99997803709887,0.99996518315383,0.99998443390246,0.99998062532615,4.3273672368209e-05,2.007870646564e-05,0.0099990066913553,-1.1084708275658e-05,1.1013499860013e-05,-4.6587960197527e-06,-4.658796020518e-06,0.90001732627701,0.90000232945571,2.5,2.5,-0.00010000000000002
0.0486,0.99997801091477,0.9999651749611,0.99998443043518,0.99998062718965,4.3212914802638e-05,2.0068095917219e-05,0.0099990044786138,-1.1063707370515e-05,1.0992665303428e-05,-4.6598570746087e-06,-4.6598570753687e-06,0.90001733053021,0.90000235469917,2.5,2.5,-9.9999999999727e-05
0.0488,0.99997798474498,0.9999651667845,0.99998442697427,0.99998062906005,4.3152154515156e-05,2.0057505416125e-05,0.0099990022700531,-1.1042803752421e-05,1.0971926830638e-05,-4.6609161247042e-06,-4.6609161254585e-06,0.90001733477462,0.90000237993596,2.5,2.5,-9.9999999999838e-05
0.049,0.99997795858989,0.99996515862394,0.99998442351969,0.99998063093718,4.3091393087075e-05,2.0046934870237e-05,0.0099990000656538,-1.1021996182312e-05,1.0951283236322e-05,-4.6619731792849e-06,-4.6619731800335e-06,0.90001733901029,0.90000240516558,2.5,2.5,-9.9999999999463e-05
0.0492,0.99997793244989,0.99996515047932,0.99998442007142,0.99998063282088,4.3030632066196e-05,2.0036384188721e-05,0.0099989978653971,-1.1001283460395e-05,1.0930733331758e-05,-4.6630282474352e-06,-4.6630282481773e-06,0.90001734323729,0.90000243038752,2.5,2.5,-0.00010000000000066
0.0494,0.99997790632539,0.99996514235059,0.99998441662943,0.99998063471097,4.2969872971446e-05,2.0025853282071e-05,0.0099989956692643,-1.0980664419041e-05,1.0910275950002e-05,-4.6640813381325e-06,-4.6640813388686e-06,0.90001734745565,0.90000245560128,2.5,2.5,-9.9999999998661e-05
0.0496,0.99997788021675,0.99996513423764,0.9999844131937,0.99998063660729,4.2909117305597e-05,2.00153420608e-05,0.0099989934772367,-1.0960137870157e-05,1.0889909925539e-05,-4.665132460244e-06,-4.6651324609746e-06,0.90001735166543,0.90000248080636,2.5,2.5,-9.9999999999588e-05
0.0498,0.99997785412436,0.99996512614041,0.9999844097642,0.99998063850969,4.2848366532871e-05,2.0004850438253e-05,0.0099989912892962,-1.0939702627088e-05,1.0869634137071e-05,-4.6661816225394e-06,-4.6661816232637e-06,0.90001735586667,0.9000025060023,2.5,2.5,-9.9999999999885e-05
0.05,0.99997782804857,0.99996511805882,0.9999844063409,0.99998064041801,4.2787622101539e-05,1.9994378326757e-05,0.0099989891054247,-1.0919357631244e-05,1.0849447458969e-05,-4.6672288336622e-06,-4.6672288343825e-06,0.90001736005942,0.90000253118862,2.5,2.5,-0.00010000000000001
0.0502,0.99997780198975,0.99996510999279,0.99998440292379,0.9999806423321,4.2726885418669e-05,1.9983925642063e-05,0.0099989869256043,-1.0899101702919e-05,1.0829348797873e-05,-4.6682741021594e-06,-4.6682741028728e-06,0.90001736424373,0.90000255636486,2.5,2.5,-0.0001000000000003
0.0504,0.99997777594825,0.99996510194225,0.99998439951283,0.99998064425179,4.2666157882413e-05,1.9973492298914e-05,0.0099989847498176,-1.0878933798524e-05,1.0809337073112e-05,-4.669317436469e-06,-4.6693174371763e-06,0.90001736841965,0.90000258153056,2.5,2.5,-0.00010000000000027
0.0506,0.99997774992442,0.99996509390712,0.99998439610801,0.99998064617696,4.2605440861256e-05,1.9963078214218e-05,0.009998982578047,-1.0858852801694e-05,1.0789411220314e-05,-4.670358844927e-06,-4.6703588456284e-06,0.90001737258721,0.90000260668528,2.5,2.5,-9.9999999999781e-05
0.0508,0.9999777239186,0.99996508588733,0.9999843927093,0.99998064810743,4.2544735690536e-05,1.9952683305733e-05,0.0099989804102755,-1.0838857676473e-05,1.0769570196578e-05,-4.6713983357676e-06,-4.6713983364635e-06,0.90001737674646,0.90000263182858,2.5,2.5,-0.0001000000000002
0.051,0.99997769793112,0.9999650778828,0.99998438931667,0.99998065004309,4.2484043692022e-05,1.994230749218e-05,0.009998978246486,-1.0818947367178e-05,1.0749812975333e-05,-4.6724359171295e-06,-4.6724359178262e-06,0.90001738089746,0.90000265696003,2.5,2.5,-9.999999999951e-05
0.0512,0.9999776719623,0.99996506989346,0.9999843859301,0.99998065198378,4.242336616627e-05,1.993195069333e-05,0.0099989760866619,-1.0799120829712e-05,1.073013854094e-05,-4.6734715970552e-06,-4.673471597755e-06,0.90001738504023,0.90000268207922,2.5,2.5,-0.00010000000000049
0.0514,0.99997764601247,0.99996506191925,0.99998438254957,0.99998065392936,4.2362704379518e-05,1.992161282842e-05,0.0099989739307864,-1.0779377103499e-05,1.0710545907295e-05,-4.6745053834613e-06,-4.6745053841645e-06,0.90001738917483,0.90000270718572,2.5,2.5,-0.00010000000000018
0.0516,0.99997762008195,0.99996505396009,0.99998437917506,0.99998065587969,4.230205957871e-05,1.9911293821174e-05,0.0099989717788434,-1.0759715145932e-05,1.0691034089272e-05,-4.6755372842324e-06,-4.675537284939e-06,0.90001739330129,0.90000273227912,2.5,2.5,-9.9999999999924e-05
0.0518,0.99997759417103,0.99996504601593,0.99998437580654,0.99998065783465,4.2241432987864e-05,1.9900993592788e-05,0.0099989696308166,-1.0740134030736e-05,1.0671602120508e-05,-4.6765673070808e-06,-4.6765673077907e-06,0.90001739741966,0.90000275735905,2.5,2.5,-9.9999999999962e-05
0.052,0.99997756828002,0.99996503808667,0.99998437244399,0.9999806597941,4.2180825812534e-05,1.9890712066966e-05,0.00999896748669,-1.0720632744413e-05,1.0652249057997e-05,-4.6775954596703e-06,-4.6775954603835e-06,0.90001740152998,0.90000278242509,2.5,2.5,-0.00010000000000053
0.0522,0.99997754240923,0.99996503017226,0.99998436908739,0.99998066175792,4.2120239233021e-05,1.988044916774e-05,0.009998965346448,-1.0701210387314e-05,1.0632973968569e-05,-4.6786217495519e-06,-4.6786217502681e-06,0.90001740563228,0.90000280747687,2.5,2.5,-9.9999999999297e-05
0.0524,0.99997751655893,0.99996502227263,0.99998436573671,0.99998066372596,4.2059674411639e-05,1.9870204821001e-05,0.0099989632100748,-1.068186597101e-05,1.0613775936438e-05,-4.6796461842316e-06,-4.679646184951e-06,0.90001740972662,0.90000283251401,2.5,2.5,-9.9999999999836e-05
0.0526,0.99997749072942,0.99996501438773,0.99998436239194,0.99998066569811,4.1999132486291e-05,1.9859978951861e-05,0.009998961077555,-1.0662598650258e-05,1.059465406543e-05,-4.6806687711391e-06,-4.6806687718613e-06,0.90001741381303,0.90000285753614,2.5,2.5,-0.00010000000000029
0.0528,0.99997746492097,0.99996500651747,0.99998435905306,0.99998066767424,4.19386145691e-05,1.9849771488441e-05,0.0099989589488735,-1.0643407482635e-05,1.0575607451963e-05,-4.6816895175059e-06,-4.6816895182299e-06,0.90001741789154,0.9000028825429,2.5,2.5,-9.9999999999163e-05
0.053,0.99997743913387,0.9999649986618,0.99998435572004,0.99998066965424,4.1878121761262e-05,1.9839582357858e-05,0.0099989568240153,-1.0624291594666e-05,1.0556635235327e-05,-4.6827084305657e-06,-4.6827084312938e-06,0.9000174219622,0.90000290753393,2.5,2.5,-9.9999999999919e-05
0.0532,0.99997741336836,0.99996499082066,0.99998435239286,0.99998067163798,4.1817655146678e-05,1.9829411488017e-05,0.0099989547029652,-1.0605250089744e-05,1.0537736550573e-05,-4.6837255175071e-06,-4.6837255182366e-06,0.90001742602504,0.90000293250889,2.5,2.5,-0.00010000000000009
0.0534,0.99997738762473,0.99996498299398,0.99998434907149,0.99998067362534,4.175721576971e-05,1.9819258810035e-05,0.0099989525857088,-1.0586282149059e-05,1.0518910552128e-05,-4.6847407853027e-06,-4.684740786036e-06,0.90001743008011,0.90000295746743,2.5,2.5,-9.9999999999794e-05
0.0536,0.99997736190322,0.9999649751817,0.99998434575594,0.99998067561622,4.1696804673283e-05,1.9809124253186e-05,0.0099989504722314,-1.0567386902914e-05,1.0500156402192e-05,-4.6857542409996e-06,-4.6857542417372e-06,0.90001743412744,0.90000298240922,2.5,2.5,-0.00010000000000072
0.0538,0.9999773362041,0.99996496738376,0.99998434244615,0.9999806776105,4.1636422879018e-05,1.9799007748733e-05,0.0099989483625187,-1.054856353249e-05,1.0481473288852e-05,-4.6867658914578e-06,-4.6867658921987e-06,0.90001743816706,0.90000300733392,2.5,2.5,-9.9999999999269e-05
0.054,0.99997731052761,0.9999649596001,0.99998433914214,0.99998067960806,4.1576071383779e-05,1.9788909228508e-05,0.0099989462565565,-1.0529811180251e-05,1.0462860406723e-05,-4.6877757434702e-06,-4.6877757442152e-06,0.90001744219901,0.90000303224121,2.5,2.5,-9.9999999999867e-05
0.0542,0.99997728487398,0.99996495183066,0.99998433584386,0.9999806816088,4.1515751170172e-05,1.9778828625323e-05,0.0099989441543306,-1.0511129105056e-05,1.0444316960182e-05,-4.6887838038139e-06,-4.6887838045625e-06,0.90001744622333,0.90000305713078,2.5,2.5,-0.00010000000000039
0.0544,0.99997725924347,0.99996494407538,0.9999843325513,0.99998068361261,4.1455463197718e-05,1.976876587189e-05,0.0099989420558273,-1.0492516486063e-05,1.0425842167204e-05,-4.6897900791231e-06,-4.6897900798754e-06,0.90001745024006,0.90000308200231,2.5,2.5,-0.00010000000000083
0.0546,0.9999772336363,0.9999649363342,0.99998432926444,0.99998068561938,4.1395208420088e-05,1.9758720903402e-05,0.0099989399610328,-1.0473972529441e-05,1.0407435258094e-05,-4.6907945759858e-06,-4.6907945767414e-06,0.90001745424922,0.90000310685551,2.5,2.5,-0.00010000000000048
0.0548,0.99997720805269,0.99996492860707,0.99998432598327,0.99998068762901,4.1334987755295e-05,1.9748693653891e-05,0.0099989378699335,-1.0455496498661e-05,1.0389095484298e-05,-4.6917973009111e-06,-4.6917973016694e-06,0.90001745825086,0.90000313169006,2.5,2.5,-0.00010000000000032
0.055,0.99997718249288,0.99996492089393,0.99998432270776,0.9999806896414,4.1274802115125e-05,1.9738684059275e-05,0.009998935782516,-1.0437087599881e-05,1.0370822093504e-05,-4.6927982603805e-06,-4.6927982611424e-06,0.900017462245,0.90000315650569,2.5,2.5,-0.00010000000000002
0.0552,0.99997715695709,0.99996491319473,0.99998431943789,0.99998069165645,4.1214652390923e-05,1.9728692056243e-05,0.009998933698767,-1.0418745101788e-05,1.0352614352046e-05,-4.6937974607152e-06,-4.6937974614798e-06,0.90001746623168,0.90000318130209,2.5,2.5,-0.00010000000000012
0.0554,0.99997713144552,0.9999649055094,0.99998431617365,0.99998069367406,4.1154539458455e-05,1.9718717581291e-05,0.0099989316186733,-1.0400468324395e-05,1.0334471555427e-05,-4.6947949082148e-06,-4.6947949089815e-06,0.90001747021093,0.900003206079,2.5,2.5,-9.9999999999807e-05
0.0556,0.9999771059584,0.99996489783789,0.99998431291502,0.99998069569413,4.1094464180054e-05,1.9708760571944e-05,0.009998929542222,-1.0382256491419e-05,1.0316392981384e-05,-4.6957906091295e-06,-4.6957906098991e-06,0.90001747418279,0.90000323083612,2.5,2.5,-9.9999999999996e-05
0.0558,0.99997708049591,0.99996489018016,0.99998430966197,0.99998069771656,4.1034427397961e-05,1.969882096696e-05,0.0099989274694002,-1.036410890976e-05,1.0298377933519e-05,-4.6967845696322e-06,-4.6967845704041e-06,0.90001747814729,0.9000032555732,2.5,2.5,-9.9999999999991e-05
0.056,0.99997705505828,0.99996488253614,0.9999843064145,0.99998069974127,4.0974429937649e-05,1.9688898705571e-05,0.0099989254001953,-1.0346024898593e-05,1.0280425724771e-05,-4.6977767957732e-06,-4.6977767965475e-06,0.90001748210445,0.90000328028996,2.5,2.5,-9.9999999999266e-05
0.0562,0.99997702964568,0.99996487490578,0.99998430317258,0.99998070176816,4.0914472608649e-05,1.9678993726574e-05,0.0099989233345945,-1.0328003748886e-05,1.0262535677138e-05,-4.6987672936389e-06,-4.6987672944154e-06,0.90001748605432,0.90000330498615,2.5,2.5,-9.9999999999939e-05
0.0564,0.99997700425832,0.99996486728903,0.9999842999362,0.99998070379715,4.0854556209551e-05,1.9669105971811e-05,0.0099989212725856,-1.0310044781941e-05,1.0244707121631e-05,-4.6997560691601e-06,-4.6997560699382e-06,0.90001748999692,0.90000332966152,2.5,2.5,-0.00010000000000022
0.0566,0.99997697889638,0.99996485968584,0.99998429670533,0.99998070582813,4.0794681518024e-05,1.9659235380633e-05,0.0099989192141561,-1.029214735522e-05,1.022693941886e-05,-4.7007431282407e-06,-4.7007431290204e-06,0.90001749393228,0.9000033543158,2.5,2.5,-9.9999999999614e-05
0.0568,0.99997695356006,0.99996485209616,0.99998429347997,0.99998070786103,4.0734849299786e-05,1.9649381895802e-05,0.0099989171592939,-1.0274310821556e-05,1.0209231909484e-05,-4.7017284767312e-06,-4.7017284775125e-06,0.90001749786044,0.90000337894875,2.5,2.5,-9.9999999999706e-05
0.057,0.99997692824952,0.99996484451994,0.99998429026009,0.99998070989576,4.0675060307405e-05,1.9639545459542e-05,0.0099989151079871,-1.0256534490968e-05,1.0191583969556e-05,-4.7027121203867e-06,-4.7027121211695e-06,0.90001750178141,0.90000340356014,2.5,2.5,-9.999999999981e-05
0.0572,0.99997690296496,0.99996483695713,0.99998428704568,0.99998071193224,4.061531527521e-05,1.9629726013604e-05,0.0099989130602235,-1.0238817798996e-05,1.0173994970279e-05,-4.7036940649492e-06,-4.7036940657333e-06,0.90001750569524,0.90000342814973,2.5,2.5,-0.0001
0.0574,0.99997687770654,0.99996482940767,0.99998428383671,0.99998071397038,4.0555614927748e-05,1.9619923502517e-05,0.0099989110159915,-1.0221160071464e-05,1.0156464293136e-05,-4.7046743160436e-06,-4.7046743168287e-06,0.90001750960196,0.90000345271729,2.5,2.5,-0.00010000000000006
0.0576,0.99997685247443,0.99996482187152,0.99998428063318,0.9999807160101,4.0495959970001e-05,1.9610137870417e-05,0.0099989089752794,-1.0203560716935e-05,1.0138991334721e-05,-4.7056528793172e-06,-4.7056528801036e-06,0.90001751350158,0.9000034772626,2.5,2.5,-9.9999999999703e-05
0.0578,0.99997682726879,0.99996481434864,0.99998427743507,0.99998071805132,4.0436351099782e-05,1.9600369060276e-05,0.0099989069380756,-1.0186019084848e-05,1.0121575501191e-05,-4.7066297602565e-06,-4.7066297610432e-06,0.90001751739415,0.90000350178542,2.5,2.5,-9.9999999999592e-05
0.058,0.99997680208979,0.99996480683896,0.99998427424236,0.99998072009396,4.0376788987346e-05,1.9590617019267e-05,0.0099989049043686,-1.016853468261e-05,1.0104216209425e-05,-4.7076049643914e-06,-4.7076049651786e-06,0.90001752127968,0.90000352628556,2.5,2.5,-0.00010000000000011
0.0582,0.99997677693759,0.99996479934245,0.99998427105503,0.99998072213795,4.0317274307524e-05,1.9580881691747e-05,0.0099989028741473,-1.0151106819533e-05,1.0086912876295e-05,-4.7085784971194e-06,-4.7085784979068e-06,0.90001752515821,0.90000355076278,2.5,2.5,-9.9999999999627e-05
0.0584,0.99997675181235,0.99996479185907,0.99998426787307,0.99998072418321,4.025780771667e-05,1.9571163025074e-05,0.0099989008474003,-1.0133734952485e-05,1.0069664933836e-05,-4.7095503638123e-06,-4.7095503646e-06,0.90001752902976,0.90000357521689,2.5,2.5,-9.9999999999816e-05
0.0586,0.99997672671421,0.99996478438876,0.99998426469646,0.99998072622966,4.0198389847434e-05,1.9561460965379e-05,0.0099988988241166,-1.0116418534027e-05,1.0052471827463e-05,-4.7105205697843e-06,-4.7105205705723e-06,0.90001753289437,0.90000359964768,2.5,2.5,-9.9999999999824e-05
0.0588,0.99997670164332,0.99996477693147,0.99998426152519,0.99998072827723,4.0139021338436e-05,1.955177546002e-05,0.0099988968042852,-1.0099157015055e-05,1.0035333007049e-05,-4.7114891203031e-06,-4.7114891210916e-06,0.90001753675205,0.90000362405496,2.5,2.5,-9.9999999999365e-05
0.059,0.99997667659983,0.99996476948716,0.99998425835924,0.99998073032586,4.007970279709e-05,1.9542106457493e-05,0.0099988947878952,-1.0081949810283e-05,1.0018247928065e-05,-4.712456020591e-06,-4.7124560213786e-06,0.90001754060283,0.90000364843852,2.5,2.5,-0.00010000000000059
0.0592,0.99997665158389,0.9999647620558,0.9999842551986,0.99998073237546,4.0020434830955e-05,1.9532453905508e-05,0.0099988927749359,-1.0064796405027e-05,1.0001216050775e-05,-4.7134212757756e-06,-4.7134212765628e-06,0.90001754444675,0.90000367279818,2.5,2.5,-9.9999999999821e-05
0.0594,0.99997662659561,0.99996475463732,0.99998425204325,0.99998073442598,3.9961218031961e-05,1.9522817752775e-05,0.0099988907653967,-1.0047696240632e-05,9.9842368606375e-06,-4.7143848910026e-06,-4.714384891789e-06,0.90001754828383,0.90000369713374,2.5,2.5,-0.00010000000000014
0.0596,0.99997660163516,0.9999647472317,0.99998424889317,0.99998073647733,3.9902052976622e-05,1.951319794994e-05,0.0099988887592669,-1.0030648796269e-05,9.9673098260782e-06,-4.7153468713174e-06,-4.7153468721033e-06,0.90001755211408,0.90000372144503,2.5,2.5,-0.00010000000000039
0.0598,0.99997657670265,0.99996473983888,0.99998424574836,0.99998073852946,3.9842940234516e-05,1.9503594445869e-05,0.0099988867565362,-1.0013653578345e-05,9.950434452179e-06,-4.7163072216974e-06,-4.7163072224832e-06,0.90001755593755,0.90000374573187,2.5,2.5,-9.9999999999614e-05
0.06,0.99997655179821,0.99996473245884,0.99998424260879,0.9999807405823,3.9783880361326e-05,1.9494007191545e-05,0.0099988847571942,-9.9967100678448e-06,9.9336102322786e-06,-4.7172659471544e-06,-4.7172659479384e-06,0.90001755975424,0.90000376999408,2.5,2.5,-9.9999999999609e-05
0.0602,0.99997652692198,0.9999647250915,0.99998423947445,0.99998074263578,3.9724873902465e-05,1.9484436137546e-05,0.0099988827612306,-9.9798177817447e-06,9.9168366784766e-06,-4.7182230525477e-06,-4.7182230533309e-06,0.9000175635642,0.90000379423149,2.5,2.5,-9.999999999947e-05
0.0604,0.99997650207407,0.99996471773685,0.99998423634532,0.99998074468985,3.9665921391924e-05,1.9474881235303e-05,0.0099988807686354,-9.9629761997288e-06,9.9001132962934e-06,-4.7191785427673e-06,-4.719178543549e-06,0.90001756736744,0.90000381844393,2.5,2.5,-9.9999999999434e-05
0.0606,0.99997647725461,0.99996471039483,0.9999842332214,0.99998074674443,3.9607023353508e-05,1.9465342436576e-05,0.0099988787793984,-9.9461848178119e-06,9.8834396069944e-06,-4.720132422623e-06,-4.7201324234034e-06,0.90001757116399,0.90000384263123,2.5,2.5,-9.999999999967e-05
0.0608,0.99997645246371,0.99996470306542,0.99998423010267,0.99998074879947,3.9548180301152e-05,1.9455819694222e-05,0.0099988767935098,-9.9294432134225e-06,9.8668151463591e-06,-4.7210846969113e-06,-4.7210846976896e-06,0.90001757495387,0.90000386679324,2.5,2.5,-9.9999999999243e-05
0.061,0.99997642770148,0.99996469574856,0.99998422698911,0.99998075085491,3.9489392729161e-05,1.9446312959865e-05,0.0099988748109596,-9.9127508772754e-06,9.850239447605e-06,-4.7220353703093e-06,-4.7220353710862e-06,0.9000175787371,0.9000038909298,2.5,2.5,-9.9999999999775e-05
0.0612,0.99997640296805,0.99996468844421,0.99998422388071,0.99998075291068,3.9430661136248e-05,1.9436822187931e-05,0.0099988728317382,-9.8961073687847e-06,9.8337120547886e-06,-4.7229844475564e-06,-4.722984448332e-06,0.90001758251371,0.90000391504076,2.5,2.5,-0.00010000000000011
0.0614,0.9999763782635,0.99996468115234,0.99998422077746,0.99998075496674,3.9371986000858e-05,1.9427347330908e-05,0.0099988708558357,-9.8795122373938e-06,9.8172325183407e-06,-4.7239319332421e-06,-4.7239319340157e-06,0.90001758628373,0.90000393912596,2.5,2.5,-0.00010000000000012
0.0616,0.99997635358797,0.9999646738729,0.99998421767933,0.99998075702301,3.9313367796835e-05,1.9417888343169e-05,0.0099988688832427,-9.8629649946933e-06,9.8008003964537e-06,-4.724877831986e-06,-4.7248778327574e-06,0.90001759004717,0.90000396318526,2.5,2.5,-0.0001000000000006
0.0618,0.99997632894154,0.99996466660587,0.99998421458632,0.99998075907946,3.9254806983946e-05,1.9408445179884e-05,0.0099988669139497,-9.8464652091372e-06,9.78441524657e-06,-4.7258221483169e-06,-4.7258221490861e-06,0.90001759380405,0.90000398721851,2.5,2.5,-0.00010000000000028
0.062,0.99997630432432,0.99996465935119,0.99998421149842,0.99998076113601,3.919630401346e-05,1.9399017795302e-05,0.0099988649479472,-9.8300124975655e-06,9.768076648565e-06,-4.7267648867857e-06,-4.7267648875524e-06,0.90001759755441,0.90000401122557,2.5,2.5,-9.9999999999991e-05
0.0622,0.99997627973641,0.99996465210884,0.99998420841561,0.99998076319263,3.9137859326655e-05,1.9389606144836e-05,0.0099988629852259,-9.813606364496e-06,9.7517841726984e-06,-4.7277060518414e-06,-4.7277060526066e-06,0.90001760129826,0.90000403520631,2.5,2.5,-0.00010000000000008
0.0624,0.9999762551779,0.99996464487876,0.99998420533788,0.99998076524924,3.9079473354401e-05,1.9380210184044e-05,0.0099988610257766,-9.7972464380965e-06,9.7355374055211e-06,-4.7286456478948e-06,-4.7286456486568e-06,0.90001760503563,0.90000405916059,2.5,2.5,-0.00010000000000001
0.0626,0.99997623064889,0.99996463766094,0.99998420226521,0.99998076730581,3.9021146522225e-05,1.9370829869751e-05,0.0099988590695901,-9.7809322460124e-06,9.7193359360373e-06,-4.7295836793699e-06,-4.7295836801291e-06,0.90001760876653,0.90000408308828,2.5,2.5,-0.00010000000000017
0.0628,0.99997620614946,0.99996463045531,0.99998419919759,0.99998076936228,3.896287924199e-05,1.9361465157137e-05,0.0099988571166574,-9.7646634559233e-06,9.7031793611566e-06,-4.7305201505733e-06,-4.7305201513298e-06,0.90001761249099,0.90000410698926,2.5,2.5,-9.9999999999965e-05
0.063,0.99997618167971,0.99996462326186,0.99998419613501,0.9999807714186,3.8904671922336e-05,1.9352116004422e-05,0.0099988551669695,-9.7484395813957e-06,9.6870672807882e-06,-4.7314550658784e-06,-4.7314550666325e-06,0.90001761620903,0.90000413086339,2.5,2.5,-0.00010000000000017
0.0632,0.99997615723973,0.99996461608055,0.99998419307745,0.99998077347473,3.884652496087e-05,1.9342782368083e-05,0.0099988532205175,-9.7322602985244e-06,9.6709993055545e-06,-4.732388429501e-06,-4.7323884302524e-06,0.90001761992067,0.90000415471056,2.5,2.5,-0.00010000000000039
0.0634,0.99997613282959,0.99996460891133,0.99998419002491,0.9999807755306,3.8788438746967e-05,1.9333464206043e-05,0.0099988512772924,-9.7161251585095e-06,9.6549750538497e-06,-4.7333202457148e-06,-4.7333202464629e-06,0.90001762362594,0.90000417853064,2.5,2.5,-0.00010000000000049
0.0636,0.99997610844939,0.99996460175417,0.99998418697736,0.99998077758619,3.8730413648896e-05,1.9324161476232e-05,0.0099988493372856,-9.7000338042226e-06,9.6389941367498e-06,-4.7342505186731e-06,-4.7342505194181e-06,0.90001762732484,0.90000420232352,2.5,2.5,-0.00010000000000069
0.0638,0.99997608409919,0.99996459460905,0.9999841839348,0.99998077964143,3.8672450046787e-05,1.9314874137329e-05,0.0099988474004885,-9.6839858590296e-06,9.623056187131e-06,-4.7351792525978e-06,-4.7351792533403e-06,0.90001763101741,0.90000422608909,2.5,2.5,-9.9999999999488e-05
0.064,0.99997605977907,0.99996458747591,0.99998418089722,0.99998078169628,3.8614548300012e-05,1.9305602147552e-05,0.0099988454668923,-9.6679809524996e-06,9.6071608353702e-06,-4.7361064515637e-06,-4.7361064523031e-06,0.90001763470367,0.90000424982723,2.5,2.5,-9.9999999999758e-05
0.0642,0.99997603548912,0.99996458035473,0.9999841778646,0.9999807837507,3.855670876969e-05,1.9296345466242e-05,0.0099988435364885,-9.6520186951802e-06,9.5913077218497e-06,-4.7370321197022e-06,-4.7370321204382e-06,0.90001763838362,0.90000427353784,2.5,2.5,-0.00010000000000071
0.0644,0.99997601122941,0.99996457324548,0.99998417483693,0.99998078580465,3.8498931792624e-05,1.9287104052693e-05,0.0099988416092688,-9.6360987609424e-06,9.5754964842676e-06,-4.7379562610398e-06,-4.7379562617714e-06,0.9000176420573,0.90000429722081,2.5,2.5,-0.00010000000000019
0.0646,0.999975987,0.99996456614811,0.99998417181419,0.99998078785807,3.84412177147e-05,1.927787786699e-05,0.0099988396852246,-9.6202207490567e-06,9.5597267673317e-06,-4.7388788796119e-06,-4.738878880341e-06,0.90001764572473,0.90000432087603,2.5,2.5,-9.9999999999572e-05
0.0648,0.99997596280096,0.9999645590626,0.99998416879638,0.99998078991094,3.8383566865576e-05,1.9268666869264e-05,0.0099988377643478,-9.6043843365156e-06,9.5439982313697e-06,-4.7397999794129e-06,-4.7397999801384e-06,0.90001764938591,0.90000434450341,2.5,2.5,-9.9999999999382e-05
0.065,0.99997593863237,0.99996455198891,0.99998416578348,0.9999807919632,3.8325979574301e-05,1.9259471019322e-05,0.0099988358466299,-9.5885891693561e-06,9.5283105291535e-06,-4.740719564381e-06,-4.7407195651033e-06,0.90001765304088,0.90000436810285,2.5,2.5,-9.9999999999822e-05
0.0652,0.99997591449428,0.99996454492701,0.99998416277549,0.99998079401481,3.8268456149275e-05,1.925029027852e-05,0.009998833932063,-9.5728348938483e-06,9.5126633339644e-06,-4.7416376384584e-06,-4.7416376391772e-06,0.90001765668965,0.90000439167425,2.5,2.5,-0.00010000000000013
0.0654,0.99997589038677,0.99996453787686,0.99998415977238,0.99998079606574,3.8210996904137e-05,1.9241124608063e-05,0.0099988320206387,-9.557121199459e-06,9.4970562947289e-06,-4.7425542055184e-06,-4.7425542062331e-06,0.90001766033224,0.90000441521753,2.5,2.5,-9.999999999944e-05
0.0656,0.99997586630988,0.99996453083844,0.99998415677415,0.99998079811594,3.8153602137523e-05,1.9231973968777e-05,0.0099988301123492,-9.5414477242847e-06,9.4814891123913e-06,-4.7434692694495e-06,-4.7434692701604e-06,0.90001766396867,0.90000443873258,2.5,2.5,-9.9999999999804e-05
0.0658,0.99997584226369,0.9999645238117,0.99998415378079,0.99998080016538,3.8096272145782e-05,1.9222838322897e-05,0.0099988282071864,-9.5258141903697e-06,9.46596144478e-06,-4.744382834035e-06,-4.7443828347424e-06,0.90001766759895,0.90000446221932,2.5,2.5,-9.9999999999757e-05
0.066,0.99997581824825,0.99996451679663,0.99998415079228,0.99998080221402,3.8039007216218e-05,1.9213717632291e-05,0.0099988263051423,-9.5102202161193e-06,9.4504729826643e-06,-4.7452949031172e-06,-4.7452949038205e-06,0.90001767122311,0.90000448567767,2.5,2.5,-9.9999999999517e-05
0.0662,0.99997579426361,0.99996450979318,0.99998414780861,0.99998080426181,3.7981807635598e-05,1.9204611859092e-05,0.0099988244062092,-9.4946655516495e-06,9.4350234124602e-06,-4.7462054804347e-06,-4.7462054811344e-06,0.90001767484117,0.90000450910753,2.5,2.5,-9.9999999999813e-05
0.0664,0.99997577030983,0.99996450280132,0.99998414482978,0.99998080630873,3.7924673675401e-05,1.9195520966332e-05,0.0099988225103793,-9.4791498352252e-06,9.4196124256524e-06,-4.747114569713e-06,-4.7471145704082e-06,0.90001767845314,0.90000453250884,2.5,2.5,-9.999999999955e-05
0.0666,0.99997574638696,0.99996449582103,0.99998414185576,0.99998080835474,3.7867605597778e-05,1.9186444916779e-05,0.0099988206176447,-9.4636727580802e-06,9.4042397201753e-06,-4.7480221746989e-06,-4.7480221753906e-06,0.90001768205904,0.9000045558815,2.5,2.5,-9.9999999999947e-05
0.0668,0.99997572249505,0.99996448885227,0.99998413888655,0.9999808103998,3.78106036726e-05,1.9177383672731e-05,0.0099988187279979,-9.4482340516107e-06,9.3889049980402e-06,-4.7489282990261e-06,-4.7489282997143e-06,0.90001768565889,0.90000457922545,2.5,2.5,-9.9999999999853e-05
0.067,0.99997569863415,0.99996448189502,0.99998413592214,0.99998081244388,3.7753668146049e-05,1.9168337199343e-05,0.0099988168414312,-9.4328333816153e-06,9.3736079573761e-06,-4.749832946404e-06,-4.7498329470883e-06,0.9000176892527,0.9000046025406,2.5,2.5,-9.999999999992e-05
0.0672,0.99997567480431,0.99996447494923,0.99998413296252,0.99998081448694,3.7696799274294e-05,1.9159305459427e-05,0.0099988149579371,-9.4174704889051e-06,9.3583483220329e-06,-4.7507361203978e-06,-4.7507361210795e-06,0.90001769284049,0.90000462582689,2.5,2.5,-0.00010000000000045
0.0674,0.99997565100558,0.99996446801489,0.99998413000767,0.99998081652895,3.7639997299016e-05,1.9150288417457e-05,0.0099988130775081,-9.4021450386003e-06,9.343125801541e-06,-4.7516378246232e-06,-4.7516378253027e-06,0.90001769642229,0.90000464908424,2.5,2.5,-9.9999999999945e-05
0.0676,0.99997562723798,0.99996446109196,0.99998412705759,0.99998081856988,3.7583262453754e-05,1.9141286037583e-05,0.0099988112001368,-9.3868568182013e-06,9.3279401171167e-06,-4.7525380626333e-06,-4.7525380633095e-06,0.9000176999981,0.90000467231258,2.5,2.5,-9.9999999999448e-05
0.0678,0.99997560350158,0.99996445418041,0.99998412411226,0.99998082060969,3.7526594970716e-05,1.9132298284161e-05,0.0099988093258157,-9.3716054782008e-06,9.3127909827962e-06,-4.7534368379713e-06,-4.7534368386453e-06,0.90001770356794,0.90000469551185,2.5,2.5,-9.9999999999603e-05
0.068,0.99997557979641,0.99996444728022,0.99998412117167,0.99998082264835,3.7469995076751e-05,1.9123325122134e-05,0.0099988074545376,-9.3563907681663e-06,9.2976781340467e-06,-4.7543341541591e-06,-4.7543341548298e-06,0.90001770713184,0.90000471868198,2.5,2.5,-9.9999999999754e-05
0.0682,0.9999755561225,0.99996444039135,0.99998411823582,0.99998082468584,3.7413462988007e-05,1.9114366516583e-05,0.0099988055862951,-9.3412124164569e-06,9.2826012968569e-06,-4.7552300146927e-06,-4.7552300153618e-06,0.9000177106898,0.90000474182291,2.5,2.5,-0.00010000000000072
0.0684,0.99997553247991,0.99996443351377,0.99998411530468,0.99998082672212,3.735699891482e-05,1.9105422433205e-05,0.009998803721081,-9.3260701658575e-06,9.2675602085743e-06,-4.7561244230005e-06,-4.7561244236666e-06,0.90001771424185,0.90000476493457,2.5,2.5,-9.9999999998837e-05
0.0686,0.99997550886866,0.99996442664746,0.99998411237826,0.99998082875716,3.7300603074876e-05,1.9096492838007e-05,0.0099988018588883,-9.3109637231696e-06,9.2525546082329e-06,-4.7570173825698e-06,-4.7570173832339e-06,0.900017717788,0.90000478801692,2.5,2.5,-9.99999999997e-05
0.0688,0.99997548528878,0.99996441979238,0.99998410945653,0.99998083079093,3.7244275664712e-05,1.9087577696032e-05,0.0099987999997098,-9.295892829611e-06,9.2375842314781e-06,-4.7579088967616e-06,-4.7579088974231e-06,0.90001772132826,0.90000481106988,2.5,2.5,-9.9999999999922e-05
0.069,0.99997546174032,0.99996441294852,0.9999841065395,0.99998083282341,3.7188016877945e-05,1.9078676973523e-05,0.0099987981435383,-9.2808572579829e-06,9.2226488333716e-06,-4.7587989689748e-06,-4.7587989696336e-06,0.90001772486266,0.9000048340934,2.5,2.5,-0.00010000000000027
0.0692,0.9999754382233,0.99996440611583,0.99998410362715,0.99998083485456,3.7131826912469e-05,1.9069790637574e-05,0.009998796290367,-9.2658567453764e-06,9.2077481622128e-06,-4.7596876026092e-06,-4.7596876032655e-06,0.9000177283912,0.90000485708744,2.5,2.5,-0.00010000000000035
0.0694,0.99997541473775,0.9999643992943,0.99998410071946,0.99998083688436,3.707570595264e-05,1.9060918654249e-05,0.0099987944401888,-9.2508909997824e-06,9.1928819649594e-06,-4.7605748009317e-06,-4.760574801585e-06,0.90001773191391,0.90000488005193,2.5,2.5,-0.00010000000000024
0.0696,0.99997539128371,0.99996439248389,0.99998409781643,0.99998083891278,3.7019654180261e-05,1.9052060990507e-05,0.0099987925929968,-9.2359598659377e-06,9.1780500102943e-06,-4.761460567305e-06,-4.7614605679563e-06,0.9000177354308,0.90000490298682,2.5,2.5,-9.9999999999592e-05
0.0698,0.9999753678612,0.99996438568458,0.99998409491806,0.9999808409398,3.6963671771468e-05,1.9043217613394e-05,0.0099987907487842,-9.2210629896902e-06,9.1632520425873e-06,-4.762344905013e-06,-4.762344905661e-06,0.90001773894188,0.90000492589208,2.5,2.5,-0.00010000000000022
0.07,0.99997534447025,0.99996437889635,0.99998409202432,0.99998084296538,3.6907758896378e-05,1.9034388490232e-05,0.0099987889075442,-9.2062001911741e-06,9.1484878384506e-06,-4.7632278173016e-06,-4.7632278179475e-06,0.90001774244718,0.90000494876764,2.5,2.5,-9.999999999923e-05
0.0702,0.99997532111088,0.99996437211915,0.99998408913521,0.99998084498951,3.6851915724986e-05,1.9025573588912e-05,0.0099987870692699,-9.191371240262e-06,9.1337571678388e-06,-4.7641093074776e-06,-4.7641093081208e-06,0.9000177459467,0.90000497161346,2.5,2.5,-0.00010000000000014
0.0704,0.99997529778312,0.99996436535298,0.99998408625072,0.99998084701216,3.6796142418167e-05,1.901677287691e-05,0.0099987852339548,-9.1765759069408e-06,9.1190597921366e-06,-4.7649893786976e-06,-4.7649893793372e-06,0.90001774944046,0.90000499442951,2.5,2.5,-9.9999999999587e-05
0.0706,0.99997527448699,0.99996435859779,0.99998408337083,0.99998084903329,3.6740439130972e-05,1.9007986321665e-05,0.0099987834015919,-9.1618139578159e-06,9.1043954925371e-06,-4.7658680341832e-06,-4.7658680348206e-06,0.90001775292848,0.90000501721573,2.5,2.5,-0.000100000000001
0.0708,0.99997525122252,0.99996435185357,0.99998408049555,0.9999808510529,3.6684806016697e-05,1.8999213892575e-05,0.0099987815721749,-9.1470851181926e-06,9.0897640356219e-06,-4.7667452770878e-06,-4.766745277722e-06,0.90001775641076,0.90000503997208,2.5,2.5,-9.9999999999167e-05
0.071,0.99997522798971,0.99996434512029,0.99998407762485,0.99998085307095,3.6629243224587e-05,1.8990455556716e-05,0.0099987797456971,-9.1323892378909e-06,9.0751652163458e-06,-4.7676211106385e-06,-4.7676211112698e-06,0.90001775988733,0.90000506269853,2.5,2.5,-0.00010000000000076
0.0712,0.9999752047886,0.99996433839792,0.99998407475874,0.99998085508742,3.6573750903119e-05,1.8981711284437e-05,0.0099987779221519,-9.1177260672322e-06,9.0605988081793e-06,-4.768495537899e-06,-4.7684955385283e-06,0.90001776335821,0.90000508539504,2.5,2.5,-9.9999999999441e-05
0.0714,0.9999751816192,0.99996433168644,0.99998407189719,0.9999808571023,3.6518329183383e-05,1.8972981043022e-05,0.0099987761015328,-9.1030953655169e-06,9.046064597154e-06,-4.7693685620499e-06,-4.7693685626765e-06,0.90001776682339,0.90000510806156,2.5,2.5,-0.00010000000000076
0.0716,0.99997515848153,0.99996432498581,0.99998406904021,0.99998085911555,3.6462978203067e-05,1.8964264802641e-05,0.0099987742838334,-9.0884969396678e-06,9.0315623788325e-06,-4.7702401861204e-06,-4.7702401867445e-06,0.90001777028291,0.90000513069807,2.5,2.5,-9.9999999999714e-05
0.0718,0.9999751353756,0.99996431829602,0.99998406618777,0.99998086112715,3.640769809551e-05,1.89555625311e-05,0.0099987724690473,-9.0739306351919e-06,9.0170919471094e-06,-4.7711104132317e-06,-4.7711104138521e-06,0.90001777373677,0.90000515330454,2.5,2.5,-9.9999999999652e-05
0.072,0.99997511230143,0.99996431161705,0.99998406333988,0.99998086313709,3.6352488985643e-05,1.894687419917e-05,0.0099987706571681,-9.0593961299005e-06,9.0026530937088e-06,-4.7719792464229e-06,-4.7719792470408e-06,0.90001777718498,0.90000517588092,2.5,2.5,-0.0001
0.0722,0.99997508925903,0.99996430494886,0.99998406049651,0.99998086514535,3.6297350995269e-05,1.8938199775934e-05,0.0099987688481894,-9.0448933264529e-06,8.9882456160283e-06,-4.7728466887454e-06,-4.7728466893613e-06,0.90001778062757,0.90000519842718,2.5,2.5,-0.00010000000000016
0.0724,0.99997506624842,0.99996429829142,0.99998405765767,0.99998086715189,3.6242284242132e-05,1.8929539231374e-05,0.009998767042105,-9.0304219515459e-06,8.9738693099011e-06,-4.7737127431984e-06,-4.7737127438108e-06,0.90001778406454,0.90000522094331,2.5,2.5,-9.9999999999314e-05
0.0726,0.99997504326961,0.99996429164473,0.99998405482334,0.99998086915671,3.61872888485e-05,1.8920892535689e-05,0.0099987652389086,-9.0159818417903e-06,8.9595239952153e-06,-4.7745774127964e-06,-4.7745774134067e-06,0.90001778749591,0.90000524342925,2.5,2.5,-9.9999999999864e-05
0.0728,0.9999750203226,0.99996428500874,0.99998405199352,0.99998087115978,3.6132364921037e-05,1.8912259658445e-05,0.0099987634385941,-9.0015728128141e-06,8.9452094641857e-06,-4.775440700503e-06,-4.7754407011098e-06,0.9000177909217,0.90000526588501,2.5,2.5,-9.9999999999522e-05
0.073,0.99997499740741,0.99996427838345,0.99998404916819,0.99998087316108,3.6077512562664e-05,1.8903640570588e-05,0.0099987616411551,-8.9871946390217e-06,8.9309255334019e-06,-4.7763026092688e-06,-4.776302609873e-06,0.90001779434191,0.90000528831053,2.5,2.5,-9.99999999993e-05
0.0732,0.99997497452405,0.99996427176881,0.99998404634734,0.9999808751606,3.6022731880775e-05,1.889503524296e-05,0.0099987598465857,-8.9728471269378e-06,8.9166720119172e-06,-4.7771631420661e-06,-4.7771631426677e-06,0.90001779775656,0.90000531070581,2.5,2.5,-0.00010000000000002
0.0734,0.99997495167252,0.99996426516481,0.99998404353097,0.99998087715832,3.596802297458e-05,1.8886443645637e-05,0.0099987580548797,-8.9585301291076e-06,8.9024487186012e-06,-4.7780223018056e-06,-4.7780223024041e-06,0.90001780116566,0.9000053330708,2.5,2.5,-0.00010000000000014
0.0736,0.99997492885283,0.99996425857143,0.99998404071907,0.99998087915421,3.5913385939688e-05,1.887786574981e-05,0.009998756266031,-8.9442434134721e-06,8.8882554662207e-06,-4.7788800913808e-06,-4.7788800919769e-06,0.90001780456923,0.90000535540551,2.5,2.5,-0.00010000000000012
0.0738,0.99997490606499,0.99996425198864,0.99998403791162,0.99998088114826,3.5858820869046e-05,1.8869301526603e-05,0.0099987544800336,-8.9299868505128e-06,8.8740920763278e-06,-4.7797365136832e-06,-4.7797365142765e-06,0.90001780796728,0.90000537770989,2.5,2.5,-0.00010000000000014
0.074,0.999974883309,0.99996424541641,0.99998403510863,0.99998088314045,3.5804327848704e-05,1.886075094745e-05,0.0099987526968816,-8.9157602193986e-06,8.8599583672974e-06,-4.7805915716023e-06,-4.7805915721928e-06,0.90001781135983,0.90000539998394,2.5,2.5,-0.00010000000000016
0.0742,0.99997486058487,0.99996423885474,0.99998403231007,0.99998088513077,3.5749906966758e-05,1.8852213983364e-05,0.0099987509165689,-8.9015633268433e-06,8.8458541706925e-06,-4.7814452679868e-06,-4.781445268575e-06,0.90001781474687,0.90000542222763,2.5,2.5,-0.00010000000000017
0.0744,0.99997483789259,0.99996423230358,0.99998402951594,0.9999808871192,3.5695558309758e-05,1.884369060674e-05,0.0099987491390897,-8.8873960588227e-06,8.8317793074828e-06,-4.7822976056842e-06,-4.7822976062702e-06,0.90001781812844,0.90000544444094,2.5,2.5,-0.00010000000000022
0.0746,0.99997481523218,0.99996422576291,0.99998402672624,0.99998088910572,3.5641281952077e-05,1.8835180788518e-05,0.0099987473644381,-8.8732581921842e-06,8.8177336119706e-06,-4.7831485874857e-06,-4.7831485880688e-06,0.90001782150454,0.90000546662386,2.5,2.5,-9.9999999999981e-05
0.0748,0.99997479260363,0.99996421923273,0.99998402394095,0.99998089109031,3.558707796704e-05,1.8826684501356e-05,0.0099987455926081,-8.8591495790307e-06,8.8037169172369e-06,-4.7839982162385e-06,-4.7839982168195e-06,0.90001782487519,0.90000548877638,2.5,2.5,-9.9999999999841e-05
0.075,0.99997477000694,0.999964212713,0.99998402116007,0.99998089307297,3.5532946430691e-05,1.8818201716752e-05,0.0099987438235941,-8.8450700338717e-06,8.7897290493187e-06,-4.7848464946764e-06,-4.7848464952538e-06,0.90001782824039,0.90000551089847,2.5,2.5,-0.00010000000000023
0.0752,0.99997474744212,0.99996420620369,0.99998401838358,0.99998089505367,3.5478887413572e-05,1.8809732407473e-05,0.0099987420573902,-8.8310194304996e-06,8.7757698546823e-06,-4.7856934256093e-06,-4.7856934261847e-06,0.90001783160016,0.90000553299012,2.5,2.5,-0.00010000000000026
0.0754,0.99997472490916,0.99996419970479,0.99998401561148,0.9999808970324,3.5424900979525e-05,1.8801276545683e-05,0.0099987402939907,-8.8169975504406e-06,8.7618391644159e-06,-4.7865390117886e-06,-4.7865390123612e-06,0.90001783495451,0.90000555505132,2.5,2.5,-9.999999999994e-05
0.0756,0.99997470240806,0.99996419321628,0.99998401284375,0.99998089900915,3.5370987192822e-05,1.8792834103686e-05,0.0099987385333899,-8.8030042580655e-06,8.7479368168949e-06,-4.7873832559521e-06,-4.787383256522e-06,0.90001783830346,0.90000557708207,2.5,2.5,-0.00010000000000037
0.0758,0.99997467993882,0.99996418673813,0.9999840100804,0.9999809009839,3.5317146112816e-05,1.8784405055277e-05,0.009998736775582,-8.7890394039826e-06,8.734062658547e-06,-4.7882261608262e-06,-4.7882261613934e-06,0.90001784164701,0.90000559908234,2.5,2.5,-9.9999999999787e-05
0.076,0.99997465750143,0.99996418027032,0.99998400732141,0.99998090295663,3.5263377798416e-05,1.8775989372136e-05,0.0099987350205614,-8.7751027978704e-06,8.7202165409605e-06,-4.7890677291394e-06,-4.789067729704e-06,0.90001784498518,0.90000562105213,2.5,2.5,-0.00010000000000024
0.0762,0.9999746350959,0.99996417381282,0.99998400456677,0.99998090492734,3.5209682302792e-05,1.8767587027767e-05,0.0099987332683225,-8.7611943733029e-06,8.7063983016129e-06,-4.7899079635806e-06,-4.7899079641426e-06,0.90001784831799,0.90000564299143,2.5,2.5,-0.00010000000000085
0.0764,0.99997461272222,0.99996416736563,0.99998400181648,0.99998090689601,3.5156059680422e-05,1.8759197995533e-05,0.0099987315188598,-8.7473138364528e-06,8.6926077917545e-06,-4.7907468668056e-06,-4.7907468673649e-06,0.90001785164543,0.90000566490023,2.5,2.5,-0.00010000000000031
0.0766,0.99997459038037,0.99996416092871,0.99998399907052,0.99998090886262,3.5102509975556e-05,1.8750822248666e-05,0.0099987297721675,-8.7334611381033e-06,8.6788448715948e-06,-4.7915844415082e-06,-4.7915844420649e-06,0.90001785496753,0.90000568677853,2.5,2.5,-0.00010000000000017
0.0768,0.99997456807036,0.99996415450204,0.99998399632889,0.99998091082717,3.5049033235833e-05,1.8742459760259e-05,0.0099987280282403,-8.7196361367593e-06,8.6651093858472e-06,-4.7924206903158e-06,-4.792420690871e-06,0.9000178582843,0.90000570862631,2.5,2.5,-0.00010000000000002
0.077,0.99997454579217,0.99996414808561,0.99998399359158,0.99998091278964,3.4995629505649e-05,1.8734110504616e-05,0.0099987262870726,-8.7058386164892e-06,8.6514011873999e-06,-4.7932556159068e-06,-4.7932556164587e-06,0.90001786159575,0.90000573044358,2.5,2.5,-9.9999999999815e-05
0.0772,0.99997452354581,0.99996414167938,0.99998399085858,0.99998091475001,3.494229882788e-05,1.8725774455078e-05,0.0099987245486589,-8.6920684985233e-06,8.637720136077e-06,-4.7940892208676e-06,-4.7940892214169e-06,0.90001786490188,0.90000575223033,2.5,2.5,-9.9999999999323e-05
0.0774,0.99997450133125,0.99996413528335,0.99998398812989,0.99998091670829,3.4889041235808e-05,1.871745158494e-05,0.0099987228129938,-8.678325586108e-06,8.6240660919539e-06,-4.7949215078381e-06,-4.7949215083852e-06,0.90001786820272,0.90000577398656,2.5,2.5,-0.0001000000000004
0.0776,0.9999744791485,0.99996412889748,0.99998398540549,0.99998091866444,3.483585677083e-05,1.8709141869659e-05,0.0099987210800718,-8.6646097746531e-06,8.6104389131771e-06,-4.7957524794317e-06,-4.7957524799766e-06,0.90001787149828,0.90000579571226,2.5,2.5,-0.00010000000000012
0.0778,0.99997445699755,0.99996412252176,0.99998398268538,0.99998092061847,3.4782745463787e-05,1.8700845281987e-05,0.0099987193498876,-8.6509208951882e-06,8.596838466296e-06,-4.7965821381757e-06,-4.7965821387174e-06,0.90001787478855,0.90000581740743,2.5,2.5,-0.00010000000000014
0.078,0.99997443487838,0.99996411615616,0.99998397996954,0.99998092257037,3.4729707345764e-05,1.8692561796734e-05,0.0099987176224358,-8.6372588586705e-06,8.5832646126127e-06,-4.7974104866717e-06,-4.7974104872122e-06,0.90001787807357,0.90000583907207,2.5,2.5,-0.00010000000000052
0.0782,0.99997441279098,0.99996410980068,0.99998397725798,0.99998092452011,3.4676742443705e-05,1.8684291388445e-05,0.0099987158977111,-8.6236234704681e-06,8.5697172154928e-06,-4.7982375274837e-06,-4.7982375280213e-06,0.90001788135333,0.90000586070618,2.5,2.5,-0.00010000000000031
0.0784,0.99997439073534,0.99996410345528,0.99998397455068,0.99998092646769,3.462385078406e-05,1.8676034032139e-05,0.0099987141757082,-8.6100146297996e-06,8.5561961497489e-06,-4.7990632631629e-06,-4.7990632636986e-06,0.90001788462785,0.90000588230976,2.5,2.5,-9.9999999999966e-05
0.0786,0.99997436871145,0.99996409711994,0.99998397184763,0.99998092841311,3.4571032390533e-05,1.8667789701642e-05,0.0099987124564218,-8.5964322303482e-06,8.5427012835368e-06,-4.799887696219e-06,-4.7998876967519e-06,0.90001788789715,0.90000590388281,2.5,2.5,-0.0001000000000002
0.0788,0.9999743467193,0.99996409079465,0.99998396914883,0.99998093035634,3.4518287289393e-05,1.8659558371953e-05,0.0099987107398466,-8.5828760771793e-06,8.5292324771993e-06,-4.8007108291776e-06,-4.8007108297082e-06,0.90001789116122,0.90000592542534,2.5,2.5,-0.00010000000000015
0.079,0.99997432475887,0.99996408447938,0.99998396645427,0.99998093229738,3.44656154937e-05,1.8651340017958e-05,0.0099987090259774,-8.5693460823935e-06,8.5157896189572e-06,-4.8015326645621e-06,-4.8015326650906e-06,0.90001789442009,0.90000594693735,2.5,2.5,-0.00010000000000011
0.0792,0.99997430283015,0.99996407817411,0.99998396376394,0.99998093423622,3.4413017023538e-05,1.8643134614689e-05,0.0099987073148089,-8.5558421202202e-06,8.502372576791e-06,-4.802353204859e-06,-4.8023532053851e-06,0.90001789767376,0.90000596841883,2.5,2.5,-9.9999999999747e-05
0.0794,0.99997428093313,0.99996407187883,0.99998396107783,0.99998093617285,3.436049188926e-05,1.8634942137867e-05,0.0099987056063361,-8.5423640623704e-06,8.4889812250471e-06,-4.8031724525814e-06,-4.8031724531053e-06,0.90001790092224,0.9000059898698,2.5,2.5,-9.9999999999725e-05
0.0796,0.99997425906779,0.99996406559352,0.99998395839594,0.99998093810726,3.4308040108434e-05,1.8626762562363e-05,0.0099987039005538,-8.5289117508212e-06,8.4756154398858e-06,-4.803990410131e-06,-4.803990410653e-06,0.90001790416555,0.90000601129026,2.5,2.5,-9.9999999999319e-05
0.0798,0.99997423723411,0.99996405931814,0.99998395571825,0.99998094003945,3.4255661694015e-05,1.8618595863269e-05,0.0099987021974568,-8.5154851310547e-06,8.4622751074545e-06,-4.8048070800444e-06,-4.8048070805642e-06,0.9000179074037,0.90000603268022,2.5,2.5,-0.0001000000000003
0.08,0.99997421543208,0.9999640530527,0.99998395304477,0.99998094196939,3.4203356649875e-05,1.8610442016554e-05,0.00999870049704,-8.5020840074871e-06,8.4489600995274e-06,-4.8056224647279e-06,-4.8056224652449e-06,0.90001791063669,0.90000605403968,2.5,2.5,-9.9999999999602e-05
0.0802,0.99997419366169,0.99996404679715,0.99998395037547,0.99998094389709,3.4151124981746e-05,1.8602300997581e-05,0.0099986987992983,-8.4887083191173e-06,8.4356703035924e-06,-4.8064365666185e-06,-4.8064365671338e-06,0.90001791386454,0.90000607536864,2.5,2.5,-0.00010000000000026
0.0804,0.99997417192291,0.9999640405515,0.99998394771036,0.99998094582253,3.4098966700179e-05,1.8594172782047e-05,0.0099986971042267,-8.4753579303994e-06,8.4224056078389e-06,-4.8072493881587e-06,-4.8072493886714e-06,0.90001791708726,0.90000609666712,2.5,2.5,-0.0001000000000001
0.0806,0.99997415021573,0.99996403431571,0.99998394504943,0.99998094774572,3.404688180141e-05,1.8586057346191e-05,0.0099986954118202,-8.4620326954588e-06,8.4091658882456e-06,-4.8080609317626e-06,-4.8080609322738e-06,0.90001792030486,0.90000611793513,2.5,2.5,-0.00010000000000021
0.0808,0.99997412854014,0.99996402808976,0.99998394239266,0.99998094966663,3.3994870290398e-05,1.8577954665662e-05,0.0099986937220737,-8.4487325459043e-06,8.3959510377162e-06,-4.8088711998174e-06,-4.8088712003259e-06,0.90001792351735,0.90000613917267,2.5,2.5,-9.9999999999848e-05
0.081,0.9999741068961,0.99996402187365,0.99998393974006,0.99998095158526,3.394293216277e-05,1.856986471677e-05,0.0099986920349822,-8.4354573406995e-06,8.3827609390991e-06,-4.8096801947309e-06,-4.8096801952377e-06,0.90001792672474,0.90000616037976,2.5,2.5,-0.00010000000000016
0.0812,0.99997408528361,0.99996401566734,0.99998393709161,0.9999809535016,3.3891067415366e-05,1.8561787475014e-05,0.0099986903505408,-8.4222069717246e-06,8.3695954877586e-06,-4.8104879188659e-06,-4.8104879193712e-06,0.90001792992704,0.90000618155639,2.5,2.5,-0.00010000000000059
0.0814,0.99997406370264,0.99996400947082,0.9999839344473,0.99998095541565,3.3839276049229e-05,1.8553722917668e-05,0.0099986886687445,-8.4089813244333e-06,8.3564545662757e-06,-4.8112943746226e-06,-4.8112943751244e-06,0.90001793312426,0.90000620270259,2.5,2.5,-9.9999999999886e-05
0.0816,0.99997404215318,0.99996400328407,0.99998393180714,0.9999809573274,3.3787558052833e-05,1.8545671020223e-05,0.0099986869895885,-8.3957803086124e-06,8.3433380754996e-06,-4.8120995643265e-06,-4.8120995648266e-06,0.90001793631641,0.90000622381836,2.5,2.5,-9.9999999999566e-05
0.0818,0.9999740206352,0.99996399710708,0.9999839291711,0.99998095923685,3.3735913418863e-05,1.8537631759996e-05,0.0099986853130677,-8.3826038044144e-06,8.3302458999299e-06,-4.8129034903712e-06,-4.8129034908694e-06,0.9000179395035,0.90000624490372,2.5,2.5,-9.9999999999923e-05
0.082,0.99997399914868,0.99996399093981,0.99998392653919,0.99998096114397,3.3684342135891e-05,1.8529605112952e-05,0.0099986836391774,-8.369451676423e-06,8.3171779436535e-06,-4.8137061550752e-06,-4.813706155571e-06,0.90001794268554,0.90000626595868,2.5,2.5,-0.0001000000000002
0.0822,0.99997397769361,0.99996398478226,0.9999839239114,0.99998096304878,3.363284419207e-05,1.8521591056015e-05,0.0099986819679126,-8.35632387967e-06,8.3041340981481e-06,-4.8145075607536e-06,-4.8145075612474e-06,0.90001794586254,0.90000628698325,2.5,2.5,-9.9999999999958e-05
0.0824,0.99997395626996,0.99996397863441,0.99998392128771,0.99998096495125,3.3581419575156e-05,1.8513589566095e-05,0.0099986802992685,-8.34322024987e-06,8.2911142605229e-06,-4.8153077097601e-06,-4.8153077102534e-06,0.90001794903452,0.90000630797745,2.5,2.5,-9.9999999999834e-05
0.0826,0.9999739348777,0.99996397249623,0.99998391866813,0.9999809668514,3.3530068276683e-05,1.8505600620183e-05,0.0099986786332404,-8.3301407575348e-06,8.2781183325854e-06,-4.816106604383e-06,-4.8161066048759e-06,0.90001795220147,0.90000632894129,2.5,2.5,-9.9999999999872e-05
0.0828,0.99997391351683,0.99996396636772,0.99998391605264,0.9999809687492,3.3478790270076e-05,1.8497624194703e-05,0.0099986769698234,-8.3170851999739e-06,8.2651462101658e-06,-4.8169042469164e-06,-4.8169042474064e-06,0.90001795536342,0.90000634987478,2.5,2.5,-9.999999999959e-05
0.083,0.99997389218731,0.99996396024884,0.99998391344123,0.99998097064465,3.342758554211e-05,1.8489660266995e-05,0.0099986753090126,-8.3040535785303e-06,8.2521977951722e-06,-4.8177006396696e-06,-4.8177006401611e-06,0.90001795852037,0.90000637077794,2.5,2.5,-0.0001000000000007
0.0832,0.99997387088912,0.99996395413958,0.99998391083391,0.99998097253775,3.3376454072833e-05,1.8481708814829e-05,0.0099986736508035,-8.291045715333e-06,8.2392729874579e-06,-4.8184957849131e-06,-4.8184957854038e-06,0.90001796167233,0.90000639165078,2.5,2.5,-0.00010000000000018
0.0834,0.99997384962224,0.99996394803993,0.99998390823066,0.99998097442849,3.3325395844183e-05,1.8473769814743e-05,0.0099986719951912,-8.27806157121e-06,8.2263716961627e-06,-4.8192896849319e-06,-4.8192896854235e-06,0.90001796481931,0.90000641249332,2.5,2.5,-0.00010000000000022
0.0836,0.99997382838664,0.99996394194987,0.99998390563147,0.99998097631687,3.3274410824583e-05,1.8465843244192e-05,0.009998670342171,-8.2651010135283e-06,8.2134938189608e-06,-4.8200823419687e-06,-4.8200823424589e-06,0.90001796796132,0.90000643330558,2.5,2.5,-0.00010000000000009
0.0838,0.9999738071823,0.99996393586938,0.99998390303634,0.99998097820288,3.3223498997158e-05,1.8457929080796e-05,0.0099986686917382,-8.2521639475219e-06,8.2006392624011e-06,-4.8208737582896e-06,-4.8208737587776e-06,0.90001797109838,0.90000645408758,2.5,2.5,-0.00010000000000016
0.084,0.99997378600919,0.99996392979843,0.99998390044526,0.99998098008652,3.3172660334554e-05,1.8450027302259e-05,0.0099986670438881,-8.2392502888972e-06,8.1878079396597e-06,-4.8216639361353e-06,-4.8216639366228e-06,0.90001797423048,0.90000647483932,2.5,2.5,-9.9999999999582e-05
0.0842,0.9999737648673,0.99996392373702,0.99998389785823,0.99998098196777,3.312189480796e-05,1.8442137886492e-05,0.0099986653986161,-8.2263599604089e-06,8.174999752901e-06,-4.8224528777645e-06,-4.8224528782529e-06,0.90001797735764,0.90000649556084,2.5,2.5,-0.00010000000000028
0.0844,0.99997374375659,0.99996391768512,0.99998389527523,0.99998098384664,3.3071202393783e-05,1.8434260810061e-05,0.0099986637559176,-8.2134928386149e-06,8.1622146118244e-06,-4.8232405853563e-06,-4.823240585843e-06,0.90001798047987,0.90000651625214,2.5,2.5,-0.00010000000000007
0.0846,0.99997372267704,0.99996391164272,0.99998389269626,0.99998098572313,3.3020583062049e-05,1.8426396052153e-05,0.0099986621157878,-8.2006488480715e-06,8.1494524236512e-06,-4.8240270611829e-06,-4.8240270616695e-06,0.90001798359718,0.90000653691325,2.5,2.5,-0.00010000000000021
0.0848,0.99997370162863,0.9999639056098,0.99998389012131,0.99998098759721,3.2970036778945e-05,1.8418543589816e-05,0.0099986604782222,-8.1878279113181e-06,8.136713105965e-06,-4.8248123074216e-06,-4.8248123079047e-06,0.90001798670958,0.90000655754418,2.5,2.5,-0.00010000000000025
0.085,0.99997368061132,0.99996389958634,0.99998388755038,0.9999809894689,3.2919563515044e-05,1.8410703401222e-05,0.0099986588432162,-8.1750299146416e-06,8.1239965655708e-06,-4.8255963262517e-06,-4.8255963267357e-06,0.90001798981707,0.90000657814496,2.5,2.5,-9.9999999999816e-05
0.0852,0.9999736596251,0.99996389357233,0.99998388498346,0.99998099133819,3.2869163233672e-05,1.8402875464723e-05,0.0099986572107653,-8.1622547641331e-06,8.1113027131189e-06,-4.8263791199391e-06,-4.8263791204238e-06,0.90001799291967,0.9000065987156,2.5,2.5,-0.00010000000000042
0.0854,0.99997363866992,0.99996388756774,0.99998388242054,0.99998099320507,3.2818835903811e-05,1.8395059757756e-05,0.0099986555808648,-8.1495024095513e-06,8.0986314677377e-06,-4.8271606905791e-06,-4.8271606910647e-06,0.90001799601739,0.90000661925613,2.5,2.5,-9.9999999999805e-05
0.0856,0.99997361774578,0.99996388157256,0.99998387986161,0.99998099506954,3.2768581486599e-05,1.8387256259727e-05,0.0099986539535102,-8.1367727399848e-06,8.0859827410154e-06,-4.8279410404362e-06,-4.8279410409212e-06,0.90001799911024,0.90000663976656,2.5,2.5,-0.0001000000000002
0.0858,0.99997359685263,0.99996387558678,0.99998387730667,0.9999809969316,3.2718399946736e-05,1.8379464948121e-05,0.0099986523286971,-8.1240656474129e-06,8.073356447105e-06,-4.8287201715993e-06,-4.8287201720833e-06,0.90001800219821,0.90000666024692,2.5,2.5,-9.999999999928e-05
0.086,0.99997357599046,0.99996386961037,0.99998387475571,0.99998099879123,3.2668291245174e-05,1.8371685801428e-05,0.0099986507064209,-8.1113811063252e-06,8.0607525085929e-06,-4.8294980862536e-06,-4.8294980867367e-06,0.90001800528134,0.90000668069723,2.5,2.5,-9.9999999999586e-05
0.0862,0.99997355515923,0.99996386364332,0.99998387220872,0.99998100064845,3.2618255341261e-05,1.8363918797857e-05,0.0099986490866771,-8.0987189928992e-06,8.0481708401221e-06,-4.8302747865832e-06,-4.830274787064e-06,0.90001800835961,0.90000670111751,2.5,2.5,-0.00010000000000021
0.0864,0.99997353435891,0.99996385768561,0.9999838696657,0.99998100250324,3.256829219539e-05,1.8356163916725e-05,0.0099986474694613,-8.0860792260696e-06,8.035611364248e-06,-4.8310502746989e-06,-4.8310502751809e-06,0.90001801143305,0.90000672150778,2.5,2.5,-0.00010000000000004
0.0866,0.99997351358949,0.99996385173723,0.99998386712664,0.9999810043556,3.2518401767475e-05,1.834842113612e-05,0.0099986458547689,-8.0734617330742e-06,8.0230739887396e-06,-4.8318245527607e-06,-4.8318245532416e-06,0.90001801450166,0.90000674186807,2.5,2.5,-0.0001000000000004
0.0868,0.99997349285092,0.99996384579815,0.99998386459153,0.99998100620553,3.2468584012427e-05,1.8340690435168e-05,0.0099986442425956,-8.0608664433913e-06,8.0105586437521e-06,-4.8325976228713e-06,-4.8325976233513e-06,0.90001801756545,0.9000067621984,2.5,2.5,-0.00010000000000048
0.087,0.99997347214318,0.99996383986837,0.99998386206037,0.99998100805302,3.2418838887549e-05,1.8332971792258e-05,0.0099986426329369,-8.0482932554075e-06,7.9980652522867e-06,-4.8333694871685e-06,-4.8333694876459e-06,0.90001802062443,0.90000678249878,2.5,2.5,-0.00010000000000073
0.0872,0.99997345146623,0.99996383394786,0.99998385953315,0.99998100989807,3.2369166347977e-05,1.8325265186329e-05,0.0099986410257885,-8.0357420972529e-06,7.9855937307536e-06,-4.83414014774e-06,-4.8341401482189e-06,0.9000180236786,0.90000680276926,2.5,2.5,-9.9999999999758e-05
0.0874,0.99997343082006,0.9999638280366,0.99998385700986,0.99998101174068,3.2319566347799e-05,1.8317570596621e-05,0.0099986394211459,-8.02321290843e-06,7.9731440060269e-06,-4.8349096067304e-06,-4.8349096072082e-06,0.90001802672799,0.90000682300984,2.5,2.5,-0.00010000000000032
0.0876,0.99997341020463,0.99996382213459,0.99998385449049,0.99998101358085,3.2270038835502e-05,1.8309888001955e-05,0.0099986378190048,-8.0107055838203e-06,7.9607159982527e-06,-4.8356778662093e-06,-4.8356778666877e-06,0.90001802977258,0.90000684322056,2.5,2.5,-9.9999999999787e-05
0.0878,0.99997338961991,0.99996381624181,0.99998385197505,0.99998101541857,3.2220583769409e-05,1.8302217381198e-05,0.0099986362193608,-7.9982200532998e-06,7.9483096314343e-06,-4.836444928274e-06,-4.8364449287512e-06,0.90001803281241,0.90000686340144,2.5,2.5,-0.00010000000000007
0.088,0.99997336906586,0.99996381035823,0.99998384946351,0.99998101725384,3.2171201102049e-05,1.8294558713864e-05,0.0099986346222096,-7.9857562903638e-06,7.9359248352086e-06,-4.8372107950073e-06,-4.8372107954839e-06,0.90001803584747,0.9000068835525,2.5,2.5,-0.00010000000000026
0.0882,0.99997334854247,0.99996380448384,0.99998384695589,0.99998101908666,3.2121890778903e-05,1.8286911978972e-05,0.0099986330275467,-7.9733141277528e-06,7.9235615355345e-06,-4.8379754684913e-06,-4.8379754689669e-06,0.90001803887777,0.90000690367377,2.5,2.5,-9.9999999999829e-05
0.0884,0.9999733280497,0.99996379861863,0.99998384445216,0.99998102091703,3.2072652747065e-05,1.8279277156064e-05,0.009998631435368,-7.9608935671296e-06,7.9112196570401e-06,-4.8387389508028e-06,-4.8387389512774e-06,0.90001804190332,0.90000692376527,2.5,2.5,-9.9999999999946e-05
0.0886,0.9999733075875,0.99996379276257,0.99998384195233,0.99998102274494,3.2023486962122e-05,1.8271654224645e-05,0.0099986298456691,-7.948494517263e-06,7.8988991284836e-06,-4.8395012439665e-06,-4.8395012444404e-06,0.90001804492413,0.90000694382704,2.5,2.5,-9.9999999999905e-05
0.0888,0.99997328715587,0.99996378691566,0.99998383945638,0.99998102457039,3.1974393365575e-05,1.8264043163446e-05,0.0099986282584458,-7.9361169043134e-06,7.8865998762953e-06,-4.8402623500858e-06,-4.8402623505597e-06,0.90001804794021,0.90000696385909,2.5,2.5,-9.9999999999383e-05
0.089,0.99997326675477,0.99996378107788,0.99998383696431,0.99998102639338,3.192537190638e-05,1.8256443952298e-05,0.0099986266736936,-7.9237606385966e-06,7.8743218309636e-06,-4.8410222711718e-06,-4.8410222716435e-06,0.90001805095157,0.90000698386145,2.5,2.5,-9.999999999963e-05
0.089200000000001,0.99997324638415,0.99996377524921,0.99998383447611,0.9999810282139,3.1876422529073e-05,1.8248856571056e-05,0.0099986250914085,-7.9114256492656e-06,7.8620649242675e-06,-4.8417810093059e-06,-4.8417810097759e-06,0.90001805395821,0.90000700383416,2.5,2.5,-0.00010000000000079
0.089400000000001,0.999973226044,0.99996376942963,0.99998383199178,0.99998103003196,3.1827545177877e-05,1.8241280999414e-05,0.0099986235115861,-7.8991119216401e-06,7.8498290834327e-06,-4.8425385664838e-06,-4.8425385669548e-06,0.90001805696015,0.90000702377723,2.5,2.5,-9.9999999999732e-05
0.089600000000001,0.99997320573427,0.99996376361913,0.99998382951131,0.99998103184756,3.1778739800395e-05,1.8233717216513e-05,0.0099986219342223,-7.886819289164e-06,7.8376142424883e-06,-4.843294944751e-06,-4.8432949452217e-06,0.90001805995738,0.90000704369069,2.5,2.5,-9.9999999999829e-05
0.089800000000001,0.99997318545494,0.99996375781769,0.99998382703469,0.99998103366068,3.1730006336397e-05,1.8226165202534e-05,0.0099986203593127,-7.8745477938935e-06,7.8254203348742e-06,-4.844050146152e-06,-4.84405014662e-06,0.90001806294994,0.90000706357458,2.5,2.5,-0.00010000000000013
0.090000000000001,0.99997316520597,0.9999637520253,0.99998382456191,0.99998103547134,3.1681344727981e-05,1.821862493747e-05,0.0099986187868533,-7.8622972820556e-06,7.813247294287e-06,-4.8448041726618e-06,-4.844804173129e-06,0.90001806593781,0.90000708342892,2.5,2.5,-9.9999999999989e-05
0.090200000000001,0.99997314498734,0.99996374624194,0.99998382209298,0.99998103727953,3.1632754917567e-05,1.8211096400706e-05,0.0099986172168397,-7.8500677339823e-06,7.801095048747e-06,-4.8455570263106e-06,-4.8455570267757e-06,0.900018068921,0.90000710325373,2.5,2.5,-9.9999999999895e-05
0.090400000000001,0.999973124799,0.99996374046759,0.99998381962788,0.99998103908524,3.1584236845179e-05,1.8203579572798e-05,0.0099986156492679,-7.8378590518082e-06,7.788963535881e-06,-4.8463087091064e-06,-4.8463087095718e-06,0.90001807189954,0.90000712304905,2.5,2.5,-0.00010000000000072
0.090600000000001,0.99997310464093,0.99996373470225,0.99998381716661,0.99998104088848,3.1535790451662e-05,1.8196074433823e-05,0.0099986140841336,-7.8256711862647e-06,7.7768526909703e-06,-4.8470592230324e-06,-4.8470592234971e-06,0.90001807487342,0.90000714281491,2.5,2.5,-0.00010000000000012
0.090800000000001,0.99997308451309,0.99996372894589,0.99998381470916,0.99998104268925,3.1487415679159e-05,1.8188580963211e-05,0.0099986125214328,-7.8135040824311e-06,7.7647624424202e-06,-4.8478085700736e-06,-4.8478085705362e-06,0.90001807784265,0.90000716255132,2.5,2.5,-9.9999999999952e-05
0.091000000000001,0.99997306441546,0.99996372319849,0.99998381225553,0.99998104448754,3.1439112462552e-05,1.8181099142034e-05,0.0099986109611613,-7.8013576477929e-06,7.7526927346612e-06,-4.8485567522257e-06,-4.8485567526848e-06,0.90001808080724,0.90000718225833,2.5,2.5,-9.999999999959e-05
0.091200000000001,0.99997304434798,0.99996371746005,0.9999838098057,0.99998104628335,3.1390880739197e-05,1.8173628949536e-05,0.009998609403315,-7.7892318305665e-06,7.7406435049042e-06,-4.8493037714488e-06,-4.8493037719083e-06,0.9000180837672,0.90000720193596,2.5,2.5,-9.9999999999173e-05
0.091400000000001,0.99997302431064,0.99996371173054,0.99998380735967,0.99998104807668,3.1342720448344e-05,1.81661703667e-05,0.0099986078478897,-7.7771265990693e-06,7.7286146874614e-06,-4.8500496297472e-06,-4.8500496302046e-06,0.90001808672255,0.90000722158424,2.5,2.5,-9.9999999999881e-05
0.091600000000001,0.9999730043034,0.99996370600997,0.99998380491744,0.99998104986753,3.1294631527767e-05,1.8158723373436e-05,0.0099986062948813,-7.7650418339604e-06,7.7166062252747e-06,-4.8507943290722e-06,-4.8507943295273e-06,0.90001808967327,0.9000072412032,2.5,2.5,-0.00010000000000013
0.091800000000001,0.99997298432622,0.99996370029829,0.999983802479,0.99998105165591,3.1246613908518e-05,1.8151287950327e-05,0.0099986047442858,-7.7529775256111e-06,7.7046180501188e-06,-4.8515378713771e-06,-4.8515378718307e-06,0.90001809261939,0.90000726079287,2.5,2.5,-9.9999999999953e-05
0.092000000000001,0.99997296437907,0.9999636945955,0.99998380004434,0.9999810534418,3.1198667530533e-05,1.8143864078182e-05,0.0099986031960991,-7.7409335875951e-06,7.692650099633e-06,-4.8522802586128e-06,-4.8522802590653e-06,0.90001809556092,0.90000728035329,2.5,2.5,-0.00010000000000013
0.092200000000001,0.99997294446192,0.99996368890159,0.99998379761346,0.99998105522521,3.1150792324888e-05,1.8136451736967e-05,0.0099986016503171,-7.7289099254352e-06,7.6807023166132e-06,-4.8530214927161e-06,-4.8530214931661e-06,0.90001809849785,0.90000729988447,2.5,2.5,-9.9999999999133e-05
0.092400000000001,0.99997292457472,0.99996368321655,0.99998379518634,0.99998105700614,3.1102988226234e-05,1.8129050907465e-05,0.0099986001069358,-7.7169065475939e-06,7.6687746457953e-06,-4.8537615756755e-06,-4.8537615761223e-06,0.9000181014302,0.90000731938645,2.5,2.5,-0.00010000000000014
0.092600000000001,0.99997290471746,0.99996367754034,0.99998379276299,0.99998105878459,3.1055255169798e-05,1.812166157024e-05,0.0099985985659511,-7.7049233607783e-06,7.6568670208939e-06,-4.8545005093882e-06,-4.8545005098314e-06,0.90001810435798,0.90000733885927,2.5,2.5,-0.00010000000000037
0.092800000000001,0.99997288489008,0.99996367187297,0.9999837903434,0.99998106056055,3.1007593088405e-05,1.811428370653e-05,0.009998597027359,-7.6929602785333e-06,7.6449793843005e-06,-4.8552382957982e-06,-4.8552382962388e-06,0.90001810728119,0.90000735830294,2.5,2.5,-0.00010000000000009
0.093000000000001,0.99997286509257,0.99996366621441,0.99998378792756,0.99998106233403,3.0960001910679e-05,1.8106917296454e-05,0.0099985954911556,-7.681017286045e-06,7.6331116866958e-06,-4.8559749368038e-06,-4.8559749372405e-06,0.90001811019985,0.90000737771751,2.5,2.5,-9.9999999999485e-05
0.093200000000001,0.99997284532487,0.99996366056465,0.99998378551547,0.99998106410503,3.0912481571186e-05,1.8099562321032e-05,0.0099985939573368,-7.6690943030933e-06,7.621263859305e-06,-4.8567104343528e-06,-4.8567104347853e-06,0.90001811311395,0.90000739710301,2.5,2.5,-9.9999999999371e-05
0.093400000000001,0.99997282558697,0.99996365492368,0.99998378310711,0.99998106587354,3.0865032001119e-05,1.8092218760682e-05,0.0099985924258985,-7.6571912935813e-06,7.6094358549926e-06,-4.8574447903684e-06,-4.8574447907978e-06,0.90001811602352,0.90000741645946,2.5,2.5,-0.00010000000000024
0.093600000000001,0.99997280587881,0.99996364929147,0.99998378070249,0.99998106763957,3.0817653131107e-05,1.8084886596686e-05,0.0099985908968369,-7.6453081609505e-06,7.5976276100302e-06,-4.8581780067227e-06,-4.858178007147e-06,0.90001811892855,0.9000074357869,2.5,2.5,-0.00010000000000009
0.093800000000001,0.99997278620037,0.99996364366802,0.99998377830159,0.99998106940312,3.077034488562e-05,1.8077565810595e-05,0.0099985893701479,-7.6334448961919e-06,7.5858390693918e-06,-4.8589100853732e-06,-4.8589100857916e-06,0.90001812182905,0.90000745508535,2.5,2.5,-9.999999999968e-05
0.094000000000001,0.99997276655162,0.99996363805332,0.99998377590442,0.99998107116418,3.0723107199192e-05,1.8070256382546e-05,0.0099985878458276,-7.6216013746863e-06,7.5740701769999e-06,-4.8596410281638e-06,-4.8596410285785e-06,0.90001812472504,0.90000747435486,2.5,2.5,-9.9999999999867e-05
0.094200000000001,0.9999727469325,0.99996363244734,0.99998377351095,0.99998107292276,3.0675940000994e-05,1.8062958294467e-05,0.0099985863238721,-7.6097776361888e-06,7.5623208834523e-06,-4.8603708370103e-06,-4.8603708374182e-06,0.90001812761651,0.90000749359545,2.5,2.5,-9.9999999999309e-05
0.094400000000001,0.999972727343,0.99996362685006,0.9999837711212,0.99998107467885,3.0628843216835e-05,1.8055671526312e-05,0.0099985848042774,-7.5979735439102e-06,7.5505911282599e-06,-4.8610995137922e-06,-4.861099514194e-06,0.90001813050349,0.90000751280716,2.5,2.5,-0.00010000000000018
0.094600000000001,0.99997270778307,0.99996362126149,0.99998376873515,0.99998107643246,3.0581816776782e-05,1.804839606045e-05,0.0099985832870395,-7.5861890763996e-06,7.5388808630598e-06,-4.8618270604279e-06,-4.8618270608222e-06,0.90001813338596,0.90000753199001,2.5,2.5,-0.0001000000000006
0.094800000000001,0.99997268825268,0.99996361568159,0.99998376635279,0.99998107818358,3.0534860606272e-05,1.8041131877655e-05,0.0099985817721547,-7.5744241861471e-06,7.5271900294105e-06,-4.8625534787209e-06,-4.8625534791067e-06,0.90001813626396,0.90000755114405,2.5,2.5,-9.9999999999297e-05
0.095000000000001,0.99997266875179,0.99996361011036,0.99998376397413,0.99998107993222,3.0487974630724e-05,1.8033878958887e-05,0.009998580259619,-7.5626788151893e-06,7.5155185789151e-06,-4.8632787705944e-06,-4.8632787709714e-06,0.90001813913747,0.90000757026929,2.5,2.5,-9.9999999999987e-05
0.095200000000001,0.99997264928037,0.99996360454778,0.99998376159915,0.99998108167838,3.0441158780245e-05,1.8026637285675e-05,0.0099985787494284,-7.5509528937233e-06,7.5038664554816e-06,-4.8640029379055e-06,-4.8640029382733e-06,0.90001814200651,0.90000758936579,2.5,2.5,-9.9999999999463e-05
0.095400000000001,0.99997262983837,0.99996359899385,0.99998375922785,0.99998108342206,3.0394412978251e-05,1.8019406839245e-05,0.0099985772415791,-7.5392463751313e-06,7.492233602502e-06,-4.8647259825195e-06,-4.8647259828778e-06,0.90001814487109,0.90000760843356,2.5,2.5,-9.9999999999582e-05
0.095600000000001,0.99997261042578,0.99996359344853,0.99998375686021,0.99998108516325,3.0347737152697e-05,1.801218760176e-05,0.0099985757360672,-7.527559234829e-06,7.4806199805793e-06,-4.8654479062949e-06,-4.8654479066406e-06,0.90001814773121,0.90000762747264,2.5,2.5,-0.00010000000000017
0.095800000000001,0.99997259104254,0.99996358791182,0.99998375449625,0.99998108690196,3.0301131227696e-05,1.8004979553968e-05,0.009998574232889,-7.5158913833951e-06,7.4690255276446e-06,-4.8661687110647e-06,-4.8661687113987e-06,0.90001815058688,0.90000764648307,2.5,2.5,-9.9999999999864e-05
0.096000000000001,0.99997257168861,0.99996358238371,0.99998375213594,0.99998108863819,3.025459512819e-05,1.7997782678076e-05,0.0099985727320404,-7.5042427786926e-06,7.4574501975414e-06,-4.866888398704e-06,-4.8668883990263e-06,0.90001815343811,0.90000766546487,2.5,2.5,-0.00010000000000052
0.096200000000001,0.99997255236398,0.99996357686418,0.99998374977929,0.99998109037194,3.0208128777686e-05,1.7990596954816e-05,0.0099985712335177,-7.4926134044841e-06,7.4458939441488e-06,-4.8676069710279e-06,-4.8676069713378e-06,0.90001815628491,0.90000768441809,2.5,2.5,-9.9999999999758e-05
0.096400000000001,0.99997253306859,0.99996357135321,0.99998374742629,0.99998109210321,3.0161732096744e-05,1.7983422366354e-05,0.0099985697373171,-7.4810031639907e-06,7.4343567086281e-06,-4.8683244298742e-06,-4.8683244301762e-06,0.90001815912728,0.90000770334275,2.5,2.5,-0.00010000000000014
0.096600000000001,0.99997251380241,0.99996356585079,0.99998374507693,0.99998109383201,3.011540501314e-05,1.7976258894176e-05,0.0099985682434347,-7.4694120357412e-06,7.4228384469135e-06,-4.8690407770885e-06,-4.8690407773825e-06,0.90001816196524,0.90000772223889,2.5,2.5,-9.9999999999711e-05
0.096800000000001,0.99997249456541,0.99996356035691,0.9999837427312,0.99998109555832,3.006914744877e-05,1.7969106520184e-05,0.0099985667518667,-7.4578399457876e-06,7.4113391038341e-06,-4.8697560144907e-06,-4.8697560147766e-06,0.90001816479878,0.90000774110654,2.5,2.5,-9.9999999999897e-05
0.097000000000001,0.99997247535754,0.99996355487156,0.99998374038911,0.99998109728215,3.0022959328016e-05,1.796196522609e-05,0.0099985652626093,-7.4462868623335e-06,7.3998586383076e-06,-4.8704701439161e-06,-4.8704701441931e-06,0.90001816762792,0.90000775994574,2.5,2.5,-0.00010000000000041
0.097200000000001,0.99997245617877,0.99996354939471,0.99998373805064,0.99998109900351,2.9976840571939e-05,1.7954834993807e-05,0.0099985637756588,-7.4347527473878e-06,7.3883969971561e-06,-4.871183167162e-06,-4.8711831674385e-06,0.90001817045266,0.90000777875652,2.5,2.5,-0.00010000000000053
0.097400000000001,0.99997243702906,0.99996354392635,0.99998373571579,0.99998110072239,2.993079110239e-05,1.79477158051e-05,0.0099985622910113,-7.4232375096026e-06,7.3769541337573e-06,-4.871895086036e-06,-4.8718950863098e-06,0.90001817327302,0.90000779753892,2.5,2.5,-9.9999999999951e-05
0.097600000000001,0.99997241790838,0.99996353846648,0.99998373338455,0.9999811024388,2.9884810837207e-05,1.7940607641615e-05,0.009998560808663,-7.4117411635405e-06,7.3655300085664e-06,-4.8726059023688e-06,-4.8726059026414e-06,0.90001817608899,0.90000781629296,2.5,2.5,-9.9999999999662e-05
0.097800000000001,0.99997239881669,0.99996353301507,0.99998373105692,0.99998110415273,2.9838899700761e-05,1.7933510485855e-05,0.0099985593286103,-7.400263617751e-06,7.3541245607609e-06,-4.8733156179587e-06,-4.8733156182302e-06,0.90001817890059,0.90000783501869,2.5,2.5,-0.00010000000000009
0.098000000000001,0.99997237975396,0.99996352757211,0.99998372873288,0.99998110586419,2.9793057615561e-05,1.7926424319122e-05,0.0099985578508493,-7.3888048419409e-06,7.342737751457e-06,-4.8740242346052e-06,-4.874024234874e-06,0.90001818170782,0.90000785371613,2.5,2.5,-9.9999999999591e-05
0.098200000000001,0.99997236072013,0.9999635221376,0.99998372641245,0.99998110757318,2.9747284500367e-05,1.7919349124081e-05,0.0099985563753764,-7.3773647526256e-06,7.3313695282713e-06,-4.8747317541122e-06,-4.8747317543777e-06,0.9000181845107,0.90000787238533,2.5,2.5,-0.00010000000000038
0.098400000000001,0.99997234171518,0.9999635167115,0.9999837240956,0.9999811092797,2.97015802761e-05,1.7912284882669e-05,0.0099985549021877,-7.3659433664457e-06,7.3200198522209e-06,-4.875438178266e-06,-4.8754381785295e-06,0.90001818730922,0.90000789102631,2.5,2.5,-0.00010000000000058
0.098600000000001,0.99997232273907,0.99996351129382,0.99998372178234,0.99998111098374,2.9655944861602e-05,1.7905231577273e-05,0.0099985534312796,-7.3545405728753e-06,7.3086886781716e-06,-4.8761435088245e-06,-4.8761435090844e-06,0.9000181901034,0.90000790963912,2.5,2.5,-9.9999999999727e-05
0.098800000000001,0.99997230379177,0.99996350588453,0.99998371947265,0.99998111268532,2.9610378176466e-05,1.789818918943e-05,0.0099985519626483,-7.343156402404e-06,7.2973759559767e-06,-4.8768477475907e-06,-4.8768477478477e-06,0.90001819289324,0.90000792822378,2.5,2.5,-9.9999999999803e-05
0.099000000000001,0.99997228487323,0.99996350048363,0.99998371716654,0.99998111438443,2.9564880142315e-05,1.7891157701782e-05,0.0099985504962902,-7.3317907265421e-06,7.2860816410396e-06,-4.8775508963529e-06,-4.8775508966075e-06,0.90001819567875,0.90000794678033,2.5,2.5,-9.9999999999939e-05
0.099200000000001,0.99997226598341,0.99996349509109,0.99998371486399,0.99998111608108,2.9519450673906e-05,1.7884137096606e-05,0.0099985490322015,-7.3204435541612e-06,7.2748056902814e-06,-4.8782529568796e-06,-4.87825295713e-06,0.90001819845994,0.90000796530881,2.5,2.5,-0.00010000000000073
0.099400000000001,0.99997224712228,0.99996348970691,0.999983712565,0.99998111777526,2.9474089696731e-05,1.7877127355953e-05,0.0099985475703785,-7.3091148153623e-06,7.2635480590633e-06,-4.8789539309309e-06,-4.878953931179e-06,0.90001820123681,0.90000798380925,2.5,2.5,-9.9999999999887e-05
0.099600000000001,0.99997222828981,0.99996348433107,0.99998371026957,0.99998111946698,2.9428797127023e-05,1.7870128462643e-05,0.0099985461108176,-7.2978044991669e-06,7.2523087021692e-06,-4.8796538202749e-06,-4.8796538205207e-06,0.90001820400938,0.90000800228169,2.5,2.5,-0.00010000000000036
0.099800000000001,0.99997220948595,0.99996347896356,0.99998370797768,0.99998112115624,2.9383572879295e-05,1.7863140398859e-05,0.0099985446535151,-7.2865125025821e-06,7.2410875800086e-06,-4.8803526266666e-06,-4.880352626909e-06,0.90001820677764,0.90000802072616,2.5,2.5,-0.00010000000000044
0.1,0.99997219071066,0.99996347360436,0.99998370568934,0.99998112284303,2.9338416871487e-05,1.785616314666e-05,0.0099985431984673,-7.2752388478455e-06,7.2298846452462e-06,-4.8810503518696e-06,-4.8810503521092e-06,0.90001820954161,0.9000080391427,2.5,2.5,-0.00010000000000009
