time,B_anisotropy,B_par,B_per,J_max,J_min,Jbar_max,Jbar_min,center_pressure,edge_ux,ln_h_max,ln_h_min,mass,mass_reaction,outflow_gradient,platen_max,platen_min,right_reaction,solid_fraction_max,solid_fraction_min,stability_max,stability_min,top_displacement,top_reaction
0,0,0.60264769154394,0.60264769154394,1,1,1,1,0,0,-0,-0,0.01,0,0,0,0,0,0.9,0.9,2.5,2.5,0,0
0.00125,0,0.60264769154394,0.60264769154394,0.9999964555436,0.99999115197867,0.99999648370277,0.99999597784233,1.0002187170923e-05,1.5641593307192e-22,5.5762917129888e-08,-8.695556885422e-07,0.0099999689895763,-2.4808338928039e-05,2.0394571446971e-05,-3.7178336434456e-07,-5.2044192115877e-07,-8.8378780947867e-07,0.90000434331573,0.89999982194734,2.5,2.5,-3.8433879172217e-07,-1.2499999999993e-05
0.0025,0,0.60264769154394,0.60264769154394,0.99999293435501,0.99998240920029,0.99999294385071,0.99999204949463,1.993869007689e-05,2.9954969109746e-22,-4.604555801276e-08,-1.7394321499091e-06,0.0099999227764122,-3.697053130539e-05,3.231337975843e-05,-7.4973945372032e-07,-1.067373350357e-06,-1.7558292564476e-06,0.90000867641753,0.89999964833277,2.5,2.5,-7.8100536196067e-07,-2.5000000000006e-05
0.00375,0,0.60264769154394,0.60264769154394,0.99998943050592,0.99997375749222,0.99998939555943,0.99998818105044,2.9826156229253e-05,4.364349889804e-22,-2.5023423785412e-07,-2.6116124119438e-06,0.0099998652227885,-4.6042898955536e-05,4.1311356057686e-05,-1.1323008458173e-06,-1.6267115226904e-06,-2.6191085233799e-06,0.90001298154307,0.8999994780453,2.5,2.5,-1.1868678185605e-06,-3.7500000000001e-05
0.005,0,0.60264769154394,0.60264769154394,0.99998594095928,0.99996517603193,0.99998584597926,0.99998435530622,3.9672932375407e-05,5.6916313410995e-22,-5.2781864814409e-07,-3.4899857280861e-06,0.0099997982840345,-5.3551003216302e-05,4.8787785952843e-05,-1.5186756315238e-06,-2.193799007057e-06,-3.4751363909162e-06,0.90001726194799,0.89999931055699,2.5,2.5,-1.6003406009581e-06,-5.0000000000009e-05
0.00625,0,0.60264769154394,0.60264769154394,0.99998246374655,0.99995665083267,0.99998229858378,0.99998056254433,4.9484087052089e-05,6.9862082628672e-22,-8.6225778452642e-07,-4.3814008375594e-06,0.0099997231834171,-6.0080493892456e-05,5.530209725843e-05,-1.9083714881776e-06,-2.7665030711047e-06,-4.324858013485e-06,0.90002152147343,0.899999145603,2.5,2.5,-2.0204317719144e-06,-6.2499999999986e-05
0.0075,0,0.60264769154394,0.60264769154394,0.99997899737916,0.99994817253301,0.9999787551691,0.99997679668739,5.926292237376e-05,8.2528714591028e-22,-1.2431580918236e-06,-5.3217954098712e-06,0.0099996407768604,-6.5925245362857e-05,6.1139639970065e-05,-2.3010489350361e-06,-3.3436412044177e-06,-5.1689347188066e-06,0.90002576307418,0.89999898310288,2.5,2.5,-2.4464472696182e-06,-7.5e-05
0.00875,0,0.60264769154394,0.60264769154394,0.99997554058278,0.99993973457196,0.99997521670514,0.99997305362841,6.9011570252161e-05,9.4946646313566e-22,-1.6634764767419e-06,-6.2971555356115e-06,0.0099995517059293,-7.1256744864836e-05,6.6468326533368e-05,-2.6964605835638e-06,-3.9244718715191e-06,-6.0078622105636e-06,0.9000299889581,0.89999882314448,2.5,2.5,-2.8778668542645e-06,-8.7499999999998e-05
0.01,0,0.60264769154394,0.60264769154394,0.9999720921523,0.99993133213743,0.99997168372411,0.99996933042451,7.8731268590939e-05,1.0713740344157e-21,-2.1181569387758e-06,-7.2920519751484e-06,0.0099994564744342,-7.6185196126675e-05,7.139660523276e-05,-3.0944211913286e-06,-4.5084890482876e-06,-6.8420297566385e-06,0.90003420080687,0.89999866598607,2.5,2.5,-3.3142819901816e-06,-0.00010000000000001
0.01125,0,0.60264769154394,0.60264769154394,0.99997219532274,0.9999318095833,0.99997167280954,0.99996964702752,7.84203239204e-05,1.0347574816819e-21,-2.6591675353171e-06,-7.5069356160119e-06,0.0099993865019459,-5.597799062011e-05,5.5604675857318e-05,-3.1230075676364e-06,-4.5748838116251e-06,-6.7879656742745e-06,0.9000340560221,0.8999986901228,2.5,2.5,-3.3710221114311e-06,-9.9999999999987e-05
0.0125,0,0.60264769154394,0.60264769154394,0.99997228108312,0.99993221076085,0.99997169136078,0.99996988575691,7.8146457276609e-05,1.0094454555211e-21,-3.07022405665e-06,-7.6918170982344e-06,0.0099993263215899,-4.8144284822304e-05,4.8016978066044e-05,-3.1477255364942e-06,-4.6173299870979e-06,-6.7414674603946e-06,0.90003390979518,0.89999871366072,2.5,2.5,-3.4198218723377e-06,-0.00010000000000001
0.01375,0,0.60264769154394,0.60264769154394,0.99997235398581,0.9999325475147,0.9999717243161,0.99997007915082,7.7892309751667e-05,9.8851213364603e-22,-3.4041592381832e-06,-7.8575069933696e-06,0.0099992723606583,-4.316874527973e-05,4.3119215371647e-05,-3.1700655720511e-06,-4.6496913014291e-06,-6.6997746705171e-06,0.9000337807511,0.89999873848324,2.5,2.5,-3.4635783525941e-06,-9.9999999999992e-05
0.015,0,0.60264769154394,0.60264769154394,0.9999724155972,0.99993283874789,0.99997176452438,0.99997024329426,7.764834146521e-05,9.6995769100747e-22,-3.688028216994e-06,-8.0091821946247e-06,0.0099992229138161,-3.9557473749578e-05,3.9543534046065e-05,-3.190765156873e-06,-4.6764481160859e-06,-6.6615696814624e-06,0.90003366635281,0.89999876604094,2.5,2.5,-3.5036743944851e-06,-9.9999999999996e-05
0.01625,0,0.60264769154394,0.60264769154394,0.99997246632789,0.99993309683588,0.99997180847681,0.99997038697286,7.7407888254931e-05,9.5297451207726e-22,-3.9367634148264e-06,-8.1498590085946e-06,0.0099991769764656,-3.6749880395017e-05,3.6755409654509e-05,-3.2102804395505e-06,-4.6995867750252e-06,-6.6260762931027e-06,0.90003356336877,0.89999879765049,2.5,2.5,-3.5409246181252e-06,-0.00010000000000002
0.0175,0,0.60264769154394,0.60264769154394,0.99997250603705,0.999933329767,0.99997185432024,0.99997051547484,7.7165728661452e-05,9.3715292244882e-22,-4.1593956529795e-06,-8.2814911554255e-06,0.0099991338860571,-3.4472326772507e-05,3.4489619009641e-05,-3.2289294257926e-06,-4.720166515405e-06,-6.5927825879622e-06,0.90003346936846,0.89999883454851,2.5,2.5,-3.5758662796452e-06,-9.9999999999986e-05
0.01875,0,0.60264769154394,0.60264769154394,0.99997253431867,0.99993354291692,0.99997190101408,0.99997063222986,7.6917563953563e-05,9.2225020406193e-22,-4.3617977965285e-06,-8.4054300218433e-06,0.0099990931736267,-3.2569944294718e-05,3.2594790465e-05,-3.2469497081845e-06,-4.7388234575332e-06,-6.5613262221337e-06,0.90003338260016,0.89999887788157,2.5,2.5,-3.6088796580803e-06,-9.9999999999995e-05
0.02,0,0.60264769154394,0.60264769154394,0.99997255066908,0.99993374006305,0.99997194794713,0.99997073959256,7.6659813385103e-05,9.0810640871883e-22,-4.5480091529086e-06,-8.5226544334512e-06,0.009999054490658,-3.0946374987725e-05,3.0976264870971e-05,-3.2645258297336e-06,-4.7559723034857e-06,-6.5314379151822e-06,0.90003330178314,0.89999892867789,2.5,2.5,-3.6402473625939e-06,-0.00010000000000001
0.02125,0,0.60264769154394,0.60264769154394,0.9999725545947,0.9999339239609,0.99997199474933,0.99997083925275,7.6389529228867e-05,8.946080093994e-22,-4.7209323149561e-06,-8.633899984976e-06,0.0099990175686981,-2.9537567975958e-05,2.9570908675142e-05,-3.2818038119578e-06,-4.7719000592903e-06,-6.5029102476058e-06,0.9000332259581,0.89999898781879,2.5,2.5,-3.6701870794327e-06,-0.00010000000000001
0.0225,0,0.60264769154394,0.60264769154394,0.99997254568182,0.99993409668437,0.99997204119282,0.99997093246659,7.6104353747464e-05,8.8167003314479e-22,-4.8827271740529e-06,-8.7397380453077e-06,0.0099989821951837,-2.8298811448493e-05,2.8334544657395e-05,-3.2988996981899e-06,-4.7868145632918e-06,-6.4755789830075e-06,0.90003315438898,0.89999905601743,2.5,2.5,-3.6988711742888e-06,-9.9999999999997e-05
0.02375,0,0.60264769154394,0.60264769154394,0.99997252363869,0.9999342598356,0.99997208713682,0.99997102019497,7.5802484893276e-05,8.6922634654835e-22,-5.0350472569862e-06,-8.8406266901425e-06,0.0099989481980711,-2.7197690155634e-05,2.7235087583025e-05,-3.3159051412355e-06,-4.8008717577785e-06,-6.4493111919655e-06,0.90003308649854,0.89999913380795,2.5,2.5,-3.7264391562768e-06,-0.00010000000000001
0.025,0,0.60264769154394,0.60264769154394,0.99997248831636,0.9999344146798,0.99997213249555,0.99997110319048,7.5482637621127e-05,8.5722393626261e-22,-5.1791885515969e-06,-8.9369446263784e-06,0.0099989154355923,-2.6209983028511e-05,2.6248529481341e-05,-3.3328914652404e-06,-4.8141920278418e-06,-6.4239973379744e-06,0.90003302182536,0.89999922154486,2.5,2.5,-3.7530059836764e-06,-9.9999999999986e-05
0.02625,0,0.60264769154394,0.60264769154394,0.99997243971379,0.99993456223493,0.99997217721871,0.99997118205443,7.5143997412891e-05,8.4561932058694e-22,-5.3161870967835e-06,-9.0290141671017e-06,0.0099988837891691,-2.5317138527718e-05,2.5356461463565e-05,-3.3499128915185e-06,-4.8268705058753e-06,-6.3995458017928e-06,0.90003295999437,0.89999931941129,2.5,2.5,-3.7786678106524e-06,-9.9999999999998e-05
0.0275,0,0.60264769154394,0.60264769154394,0.99997237797161,0.99993470333323,0.99997222127934,0.99997125727541,7.4786167144503e-05,8.3437617938548e-22,-5.4468851955503e-06,-9.1171168858102e-06,0.0099988531583558,-2.4504650631431e-05,2.4544475853174e-05,-3.3670092577357e-06,-4.8389838494076e-06,-6.3758789742536e-06,0.90003290069627,0.89999942743367,2.5,2.5,-3.8035060878504e-06,-9.9999999999998e-05
0.02875,0,0.60264769154394,0.60264769154394,0.99997230335862,0.99993483866465,0.99997226466596,0.99997132925631,7.4409110163785e-05,8.2346372175605e-22,-5.5719776642853e-06,-9.2015042675373e-06,0.0099988234571366,-2.3760975373447e-05,2.3801098160792e-05,-3.3842083829871e-06,-4.8505948581906e-06,-6.3529303954373e-06,0.90003284367263,0.89999954550052,2.5,2.5,-3.8275905647808e-06,-0.00010000000000001
0.03,0,0.60264769154394,0.60264769154394,0.99997221625403,0.99993496880812,0.99997230737741,0.99997139833355,7.4013092699096e-05,8.1285552230834e-22,-5.6920449554749e-06,-9.2824049185396e-06,0.0099987946111547,-2.3076785556392e-05,2.3117051287915e-05,-3.401528147371e-06,-4.8617557139138e-06,-6.3306426137337e-06,0.90003278870518,0.89999967338325,2.5,2.5,-3.8509815367683e-06,-9.9999999999994e-05
0.03125,0,0.60264769154394,0.60264769154394,0.99997211712791,0.99993509425468,0.99997234941941,0.99997146479121,7.3598628259436e-05,8.0252866725059e-22,-5.8075774010651e-06,-9.3600294142533e-06,0.009998766555599,-2.244444456171e-05,2.2484735374426e-05,-3.4189783179075e-06,-4.8725103117674e-06,-6.3089655530504e-06,0.90003273560761,0.89999981075734,2.5,2.5,-3.8737315585484e-06,-0.0001
0.0325,0,0.60264769154394,0.60264769154394,0.99997200652166,0.99993521542476,0.99997239080224,0.99997152887157,7.3166425968952e-05,7.9246311252141e-22,-5.9189932986009e-06,-9.4345735392057e-06,0.0099987392335659,-2.185762641641e-05,2.1897851819836e-05,-3.4365621391789e-06,-4.8828959756326e-06,-6.2878552469856e-06,0.90003268421957,0.89999995722262,2.5,2.5,-3.8958867727559e-06,-0.00010000000000001
0.03375,0,0.60264769154394,0.60264769154394,0.99997188502951,0.9999353326814,0.99997243153909,0.99997159078307,7.2717344049212e-05,7.8264119117175e-22,-6.0266526322564e-06,-9.506220449803e-06,0.0099987125947709,-2.1311036051453e-05,2.1351126198439e-05,-3.454277704082e-06,-4.892944744197e-06,-6.2672728431579e-06,0.90003263440188,0.90000011232193,2.5,2.5,-3.9174879548655e-06,-9.9999999999991e-05
0.035,0,0.60264769154394,0.60264769154394,0.99997175328181,0.99993544634047,0.99997247164496,0.99997165070643,7.2252349041151e-05,7.730472286022e-22,-6.1308676404323e-06,-9.5751421264457e-06,0.0099986865945211,-2.080019976623e-05,2.0840100548688e-05,-3.4721191210584e-06,-4.9026843517427e-06,-6.2471838099323e-06,0.90003258603291,0.90000027555774,2.5,2.5,-3.9385713457425e-06,-9.9999999999996e-05
0.03625,0,0.60264769154394,0.60264769154394,0.99997161193044,0.99993555667866,0.99997251113588,0.9999717087995,7.1772480881392e-05,7.6366723729551e-22,-6.2319110630834e-06,-9.6415003692385e-06,0.0099986611928888,-2.0321305878221e-05,2.0360975301112e-05,-3.4900774959954e-06,-4.9121389873427e-06,-6.2275572970356e-06,0.90003253900567,0.90000044640643,2.5,2.5,-3.9591693226742e-06,-0.0001
0.0375,0,0.60264769154394,0.60264769154394,0.9999714616364,0.99993566393986,0.99997255002836,0.99997176520099,7.1278823616627e-05,7.5448867137666e-22,-6.3300226579052e-06,-9.7054475078321e-06,0.0099986363540365,-1.9871081887068e-05,1.9910487353537e-05,-3.5081417482727e-06,-4.9213298904438e-06,-6.2083656148031e-06,0.90003249322551,0.90000062433041,2.5,2.5,-3.9793109458932e-06,-0.0001
0.03875,0,0.60264769154394,0.60264769154394,0.99997130305964,0.9999357683402,0.999972588339,0.99997182003352,7.0772481329699e-05,7.4550022683246e-22,-6.4254144041038e-06,-9.7671269383286e-06,0.0099986120456632,-1.9446698630131e-05,1.9485814886043e-05,-3.5262992808512e-06,-4.9302758237496e-06,-6.189583806009e-06,0.90003244860821,0.90000080878806,2.5,2.5,-3.9990224079509e-06,-0.0001
0.04,0,0.60264769154394,0.60264769154394,0.99997113685074,0.99993587007224,0.99997262608425,0.99997187340603,7.0254558738341e-05,7.366916771859e-22,-6.518274701284e-06,-9.8266735611546e-06,0.0099985882385448,-1.904569467365e-05,1.9084502236245e-05,-3.5445365238454e-06,-4.938993452797e-06,-6.1711892906971e-06,0.90003240507855,0.90000099924179,2.5,2.5,-4.018327406453e-06,-9.9999999999998e-05
0.04125,0,0.60264769154394,0.60264769154394,0.99997096364449,0.99993596930828,0.99997266328021,0.99997192541582,6.9726145882833e-05,7.2805373695888e-22,-6.6087717873944e-06,-9.8842141651227e-06,0.0099985649061497,-1.8665916070559e-05,1.8704400016764e-05,-3.5628393698782e-06,-4.9474976536852e-06,-6.1531615692171e-06,0.90003236256898,0.90000119516429,2.5,2.5,-4.0372474557321e-06,-0.00010000000000001
0.0425,0,0.60264769154394,0.60264769154394,0.99997078405499,0.99993606620315,0.99997269994251,0.99997197615009,6.918830632214e-05,7.1957794727828e-22,-6.6970565456792e-06,-9.9398677852958e-06,0.0099985420243148,-1.8305467922047e-05,1.8343616947064e-05,-3.5811935180339e-06,-4.9558017648487e-06,-6.1354819720275e-06,0.90003232101866,0.90000139604346,2.5,2.5,-4.0558021494237e-06,-9.999999999999e-05
0.04375,0,0.60264769154394,0.60264769154394,0.99997059867201,0.99993616089651,0.99997273608624,0.99997202568739,6.8642068289863e-05,7.1125657920295e-22,-6.7832648279465e-06,-9.9937460500035e-06,0.009998519570971,-1.796267510128e-05,1.8000480782313e-05,-3.5995847413731e-06,-4.9639177947913e-06,-6.1181334474527e-06,0.90003228037254,0.90000160138589,2.5,2.5,-4.0740093832297e-06,-0.0001
0.045,0,0.60264769154394,0.60264769154394,0.99997040805855,0.9999362535148,0.9999727717259,0.99997207409864,6.808841831094e-05,7.0308255145943e-22,-6.8675193917821e-06,-1.0045953524191e-05,0.0099984975259083,-1.7636050156907e-05,1.7673506374049e-05,-3.6179990912194e-06,-4.9718565948528e-06,-6.1011003803815e-06,0.90003224058068,0.90000181071949,2.5,2.5,-4.0918855451494e-06,-9.9999999999998e-05
0.04625,0,0.60264769154394,0.60264769154394,0.99997021274923,0.99993634417279,0.99997280687539,0.99997212144817,6.7528296835973e-05,6.9504935991883e-22,-6.9499315265771e-06,-1.0096588052478e-05,0.0099984758705746,-1.732426689194e-05,1.7361369369994e-05,-3.6364230495885e-06,-4.9796280039315e-06,-6.0843684365985e-06,0.90003220159766,0.90000202359512,2.5,2.5,-4.1094456789291e-06,-0.00010000000000001
0.0475,0,0.60264769154394,0.60264769154394,0.99997001324946,0.99993643297504,0.99997284154796,0.99997216779443,6.696259550845e-05,6.8715101678106e-22,-7.030602428713e-06,-1.0145741101254e-05,0.0099984545879016,-1.7026138463895e-05,1.7062884408802e-05,-3.654843639483e-06,-4.9872409705781e-06,-6.0679244281266e-06,0.90003216338198,0.90000223958762,2.5,2.5,-4.126703625314e-06,-0.00010000000000001
0.04875,0,0.60264769154394,0.60264769154394,0.99996981003517,0.999936520017,0.99997287575628,0.99997221319072,6.6392155735972e-05,6.793819978298e-22,-7.1096243702574e-06,-1.0193498099479e-05,0.0099984336621527,-1.6740599114621e-05,1.6776986923437e-05,-3.6732485012716e-06,-4.9947036566536e-06,-6.0517561962946e-06,0.9000321258957,0.90000245829622,2.5,2.5,-4.1436721447808e-06,-9.9999999999996e-05
0.05,0,0.60264769154394,0.60264769154394,0.99996960355301,0.99993660538605,0.9999729095124,0.99997225768578,6.581776828798e-05,6.7173719638008e-22,-7.1870816995794e-06,-1.0239938774924e-05,0.0099984130787916,-1.6466688833345e-05,1.6502717861872e-05,-3.691625941987e-06,-5.0020235258983e-06,-6.0358525096614e-06,0.90003208910403,0.90000267934452,2.5,2.5,-4.1603630247254e-06,-9.9999999999991e-05
0.05125,0,0.60264769154394,0.60264769154394,0.99996939422092,0.99993668916236,0.99997294282779,0.99997230132423,6.5240173688783e-05,6.6421188294873e-22,-7.2630517015099e-06,-1.0285137484517e-05,0.0099983928243661,-1.6203540403897e-05,1.6239210780764e-05,-3.7099649632622e-06,-5.0092074200238e-06,-6.0202029743087e-06,0.90003205297499,0.90000290238024,2.5,2.5,-4.1767871735205e-06,-0.00010000000000001
0.0525,0,0.60264769154394,0.60264769154394,0.99996918242893,0.99993677141963,0.99997297571336,0.99997234414706,6.4660063215225e-05,6.5680166968907e-22,-7.3376053420441e-06,-1.0329163536573e-05,0.0099983728864056,-1.5950368405362e-05,1.5985680881821e-05,-3.7282552725661e-06,-5.0162616244803e-06,-6.0047979549139e-06,0.90003201747911,0.90000312707454,2.5,2.5,-4.1929547034241e-06,-9.9999999999997e-05
0.05375,0,0.60264769154394,0.60264769154394,0.99996896854013,0.99993685222575,0.99997300817948,0.99997238619197,6.4078080342721e-05,6.4950247894071e-22,-7.41080791528e-06,-1.0372081502637e-05,0.0099983532533308,-1.5706459817352e-05,1.5741415646497e-05,-3.7464872816017e-06,-5.0231919255697e-06,-5.9896285047798e-06,0.90003198258923,0.90000335312129,2.5,2.5,-4.2088750039665e-06,-9.9999999999998e-05
0.055,0,0.60264769154394,0.60264769154394,0.9999687528919,0.99993693164338,0.99997304023603,0.99997242749371,6.3494822513659e-05,6.4231051528733e-22,-7.4827196088636e-06,-1.0413951518771e-05,0.0099983339143734,-1.5471165955417e-05,1.5505766794334e-05,-3.7646520949376e-06,-5.0300036603088e-06,-5.9746863037218e-06,0.90003194828022,0.9000035802362,2.5,2.5,-4.224556807162e-06,-0.0001
0.05625,0,0.60264769154394,0.60264769154394,0.99996853579702,0.99993700973044,0.99997307189237,0.99997246808437,6.2910843126462e-05,6.352222406578e-22,-7.5533960001893e-06,-1.0454829572754e-05,0.009998314859504,-1.5243895511427e-05,1.5278143341961e-05,-3.7827414914281e-06,-5.0367017601579e-06,-5.9599636026518e-06,0.90003191452884,0.90000380815575,2.5,2.5,-4.2400082456658e-06,-0.0001
0.0575,0,0.60264769154394,0.60264769154394,0.99996831754502,0.99993708654055,0.99997310315743,0.99997250799361,6.2326653664818e-05,6.2823435199004e-22,-7.6228884936277e-06,-1.0494767779956e-05,0.0099982960793684,-1.5024108518543e-05,1.5058005583123e-05,-3.8007479004152e-06,-5.0432907895375e-06,-5.9454531739729e-06,0.90003188131352,0.90000403663624,2.5,2.5,-4.255236904815e-06,-0.0001
0.05875,0,0.60264769154394,0.60264769154394,0.99996809840345,0.99993716212344,0.99997313403971,0.99997254724893,6.1742725903563e-05,6.2134376128614e-22,-7.6912447078365e-06,-1.0533814643612e-05,0.0099982775652295,-1.4811311093547e-05,1.4844859842828e-05,-3.8186643743148e-06,-5.0497749799092e-06,-5.931148267094e-06,0.90003184861424,0.90000426545262,2.5,2.5,-4.2702498693391e-06,-9.9999999999995e-05
0.06,0,0.60264769154394,0.60264769154394,0.99996787861913,0.99993723652531,0.9999731645473,0.99997258587582,6.1159494141447e-05,6.1454757754449e-22,-7.7585088192981e-06,-1.0572015302747e-05,0.009998259308916,-1.4605050834804e-05,1.4638253885159e-05,-3.836484558877e-06,-5.0561582600246e-06,-5.9170425683622e-06,0.90003181641236,0.90000449439752,2.5,2.5,-4.2850537654069e-06,-9.9999999999995e-05
0.06125,0,0.60264769154394,0.60264769154394,0.99996765841948,0.9999373097891,0.99997319468789,0.99997262389796,6.0577357423428e-05,6.0784309053422e-22,-7.8247218690305e-06,-1.0609411764843e-05,0.009998241302775,-1.4404912777578e-05,1.4437772876506e-05,-3.8542026620909e-06,-5.0624442828904e-06,-5.9031301648938e-06,0.90003178469056,0.90000472328011,2.5,2.5,-4.2996547985725e-06,-0.00010000000000002
0.0625,0,0.60264769154394,0.60264769154394,0.99996743801369,0.99993738195482,0.99997322446885,0.99997266133739,5.9996681723209e-05,6.0122775608022e-22,-7.8899220369617e-06,-1.0646043125995e-05,0.0099982235396302,-1.4210515824425e-05,1.4243035822123e-05,-3.8718134225274e-06,-5.0686364498864e-06,-5.8894055118732e-06,0.90003175343265,0.90000495192508,2.5,2.5,-4.3140587881041e-06,-0.0001
0.06375,0,0.60264769154394,0.60264769154394,0.99996721759397,0.99993745305976,0.99997325389719,0.99997269821462,5.9417802065335e-05,5.946991827244e-22,-7.9541448875262e-06,-1.0681945776661e-05,0.0099982060127432,-1.4021509582236e-05,1.4053692408567e-05,-3.8893120776949e-06,-5.0747379323839e-06,-5.8758634029015e-06,0.90003172262353,0.90000518017167,2.5,2.5,-4.3282711981064e-06,-9.9999999999993e-05
0.065,0,0.60264769154394,0.60264769154394,0.99996699733662,0.99993752313874,0.99997328297961,0.9999727345488,5.8841024571402e-05,5.882551196187e-22,-8.0174235916818e-06,-1.0717153595012e-05,0.0099981887157788,-1.3837571550152e-05,1.3869420195639e-05,-3.9066943328617e-06,-5.0807516912055e-06,-5.8624989430522e-06,0.90003169224909,0.90000540787265,2.5,2.5,-4.3422971657923e-06,-9.9999999999986e-05
0.06625,0,0.60264769154394,0.60264769154394,0.99996677740318,0.99993759222432,0.99997331172252,0.99997277035779,5.8266628420184e-05,5.8189344549631e-22,-8.079789126105e-06,-1.075169812743e-05,0.009998171642773,-1.3658404610266e-05,1.3689922110617e-05,-3.9239563306822e-06,-5.0866804941683e-06,-5.8493075243603e-06,0.90003166229609,0.90000563489344,2.5,2.5,-4.3561415272114e-06,-0.00010000000000001
0.0675,0,0.60264769154394,0.60264769154394,0.99996655794145,0.99993766034698,0.99997334013205,0.9999728056583,5.7694867714951e-05,5.7561215861644e-22,-8.1412704538976e-06,-1.0785608757022e-05,0.0099981547881045,-1.3483734781663e-05,1.3514924205043e-05,-3.9410946218445e-06,-5.0925269319532e-06,-5.8362848034675e-06,0.90003163275217,0.9000058611112,2.5,2.5,-4.3698088407025e-06,-0.0001
0.06875,0,0.60264769154394,0.60264769154394,0.99996633908641,0.99993772753526,0.99997336821408,0.99997284046597,5.712597325418e-05,5.6940936759006e-22,-8.2018946885924e-06,-1.0818912861162e-05,0.009998138146468,-1.3313309204248e-05,1.3344173640796e-05,-3.9581061369351e-06,-5.0982934324735e-06,-5.8234266812411e-06,0.90003160360568,0.90000608641401,2.5,2.5,-4.3833034083015e-06,-9.9999999999986e-05
0.07,0,0.60264769154394,0.60264769154394,0.99996612096124,0.99993779381596,0.99997339597425,0.99997287479546,5.6560154204568e-05,5.6328328299716e-22,-8.2616872423893e-06,-1.0851635957757e-05,0.0099981217128501,-1.3146894323916e-05,1.3177436877181e-05,-3.9749881595913e-06,-5.1039822739341e-06,-5.8107292841062e-06,0.9000315748457,0.90000631070009,2.5,2.5,-4.3966292953105e-06,-0.00010000000000001
0.07125,0,0.60264769154394,0.60264769154394,0.9999659036781,0.99993785921425,0.99997342341796,0.99997290866051,5.5997599676242e-05,5.5723220968766e-22,-8.3206719615952e-06,-1.0883801841701e-05,0.0099981054825073,-1.2984274254466e-05,1.3014498034289e-05,-3.9917383010365e-06,-5.1095955966897e-06,-5.7981889470052e-06,0.90003154646195,0.90000653387705,2.5,2.5,-4.4097903482061e-06,-0.0001
0.0725,0,0.60264769154394,0.60264769154394,0.99996568733896,0.9999379237538,0.99997345055043,0.99997294207404,5.5438480202143e-05,5.5125453977802e-22,-8.378871249693e-06,-1.0915432711066e-05,0.0099980894509457,-1.2825249296258e-05,1.2855157413054e-05,-4.0083544760004e-06,-5.1151354140733e-06,-5.7858021977372e-06,0.90003151844477,0.90000675586122,2.5,2.5,-4.4227902110462e-06,-9.9999999999997e-05
0.07375,0,0.60264769154394,0.60264769154394,0.99996547203638,0.9999379874569,0.99997347737665,0.99997297504821,5.4882949123969e-05,5.4534874616666e-22,-8.4363061798988e-06,-1.0946549285033e-05,0.0099980736139025,-1.2669634593566e-05,1.2699230153378e-05,-4.0248348800419e-06,-5.1206036222606e-06,-5.773565742645e-06,0.900031490785,0.90000697657696,2.5,2.5,-4.4356323405164e-06,-0.00010000000000001
0.075,0,0.60264769154394,0.60264769154394,0.99996525785422,0.99993805034458,0.99997350390145,0.99997300759445,5.4331143888117e-05,5.3951337663698e-22,-8.4929965977615e-06,-1.0977170912987e-05,0.0099980579673288,-1.2517258914905e-05,1.2546545015504e-05,-4.041177968242e-06,-5.1260020092858e-06,-5.7614764534546e-06,0.90003146347404,0.9000071959561,2.5,2.5,-4.4483200197395e-06,-9.9999999999995e-05
0.07625,0,0.60264769154394,0.60264769154394,0.99996504486825,0.99993811243667,0.99997353012946,0.99997303972355,5.3783187255196e-05,5.3374704839828e-22,-8.5489612153758e-06,-1.1007315675623e-05,0.0099980425073744,-1.2367963543486e-05,1.2396943271156e-05,-4.0573824352451e-06,-5.1313322632938e-06,-5.7495313551673e-06,0.90003143650373,0.90000741393734,2.5,2.5,-4.4608563709606e-06,-9.9999999999997e-05
0.0775,0,0.60264769154394,0.60264769154394,0.99996483314683,0.99993817375192,0.99997355606519,0.9999730714457,5.32391884273e-05,5.2804844309469e-22,-8.6042176971263e-06,-1.1037000478708e-05,0.0099980272303728,-1.2221601266728e-05,1.2250277693456e-05,-4.0734471965877e-06,-5.136595980092e-06,-5.7377276149783e-06,0.90003140986636,0.90000763046574,2.5,2.5,-4.4732443672081e-06,-9.9999999999989e-05
0.07875,0,0.60264769154394,0.60264769154394,0.99996462275143,0.99993823430808,0.99997358171296,0.99997310277051,5.2699244097275e-05,5.2241630218692e-22,-8.6587827389775e-06,-1.1066241140207e-05,0.0099980121328285,-1.2078035453537e-05,1.2106411634842e-05,-4.0893713712797e-06,-5.1417946700815e-06,-5.7260625320369e-06,0.90003138355461,0.90000784549223,2.5,2.5,-4.4854868430186e-06,-0.00010000000000001
0.08,0,0.60264769154394,0.60264769154394,0.9999644137372,0.99993829412196,0.99997360707697,0.99997313370709,5.2163439424136e-05,5.1684942274504e-22,-8.7126721404512e-06,-1.1095052470665e-05,0.0099979972114045,-1.1937139211621e-05,1.1965218184739e-05,-4.1051542655668e-06,-5.1469297646062e-06,-5.71453352804e-06,0.90003135756156,0.90000805897316,2.5,2.5,-4.4975865043093e-06,-9.9999999999999e-05
0.08125,0,0.60264769154394,0.60264769154394,0.99996420615342,0.99993835320951,0.99997363216127,0.99997316426406,5.1631848939137e-05,5.1134665351731e-22,-8.7659008716233e-06,-1.1123448347546e-05,0.0099979824629112,-1.1798794616806e-05,1.1826579399113e-05,-4.1207953578229e-06,-5.152002621792e-06,-5.7031381385834e-06,0.9000313318806,0.90000827086986,2.5,2.5,-4.5095459374677e-06,-0.0001
0.0825,0,0.60264769154394,0.60264769154394,0.999964000044,0.99993841158588,0.99997365696981,0.99997319444961,5.1104537386442e-05,5.0590689135809e-22,-8.8184831338053e-06,-1.1151441784632e-05,0.0099979678842962,-1.1662892007037e-05,1.1690385594823e-05,-4.136294284506e-06,-5.1570145319091e-06,-5.6918740051802e-06,0.90003130650547,0.90000848114824,2.5,2.5,-4.5213676177257e-06,-0.00010000000000002
0.08375,0,0.60264769154394,0.60264769154394,0.99996379544787,0.99993846926548,0.9999736815064,0.9999732242715,5.0581560502754e-05,5.0052907789904e-22,-8.8704324160064e-06,-1.1179044995386e-05,0.0099979534726345,-1.1529329335542e-05,1.1556534703003e-05,-4.1516508271151e-06,-5.1619667223033e-06,-5.6807388678873e-06,0.90003128143018,0.90000868977848,2.5,2.5,-4.5330539168796e-06,-9.9999999999991e-05
0.085,0,0.60264769154394,0.60264769154394,0.99996359239939,0.99993852626203,0.99997370577475,0.99997325373713,5.0062965739697e-05,4.9521219649865e-22,-8.921761546439e-06,-1.1206269452443e-05,0.00999793922512,-1.1398011577466e-05,1.1424931675845e-05,-4.1668649000999e-06,-5.1668603619352e-06,-5.6697305585491e-06,0.90003125664905,0.90000889673462,2.5,2.5,-4.544607110407e-06,-9.999999999999e-05
0.08625,0,0.60264769154394,0.60264769154394,0.99996339092873,0.9999385825886,0.99997372977845,0.99997328285353,4.9548792932785e-05,4.899552694384e-22,-8.9724827403e-06,-1.1233125941682e-05,0.0099979251390573,-1.1268850185283e-05,1.1295487942164e-05,-4.1819365396448e-06,-5.1716965655555e-06,-5.6588469945303e-06,0.90003123215664,0.90000910199432,2.5,2.5,-4.5560293840324e-06,-0.0001
0.0875,0,0.60264769154394,0.60264769154394,0.99996319106216,0.99993863825767,0.99997375352102,0.99997331162741,4.9039074920643e-05,4.8475735528919e-22,-9.0226076433977e-06,-1.1259624613342e-05,0.0099979112118541,-1.1141762588283e-05,1.1168120907097e-05,-4.1968658932818e-06,-5.1764763975504e-06,-5.6480861729393e-06,0.90003120794773,0.9000093055385,2.5,2.5,-4.5673228397849e-06,-9.9999999999992e-05
0.08875,0,0.60264769154394,0.60264769154394,0.99996299282239,0.99993869328119,0.99997377700587,0.99997334006516,4.8533838117844e-05,4.7961754653858e-22,-9.0721473726784e-06,-1.1285775028017e-05,0.0099978974410144,-1.1016671732916e-05,1.1042753492508e-05,-4.211653210289e-06,-5.1812008754924e-06,-5.6374461652924e-06,0.90003118401736,0.90000950735113,2.5,2.5,-4.578489501592e-06,-0.0001
0.09,0,0.60264769154394,0.60264769154394,0.99996279622888,0.99993874767058,0.99997380023633,0.99997336817292,4.8033103044635e-05,4.7453496736436e-22,-9.1211125536e-06,-1.1311586200456e-05,0.0099978838241323,-1.0893505660011e-05,1.0919313714143e-05,-4.2262988327868e-06,-5.1858709734084e-06,-5.6269251126319e-06,0.90003116036075,0.90000970741895,2.5,2.5,-4.5895313204414e-06,-0.00010000000000001
0.09125,0,0.60264769154394,0.60264769154394,0.99996260129805,0.99993880143676,0.99997382321563,0.99997339595652,4.7536884816638e-05,4.6950877157404e-22,-9.1695133540434e-06,-1.133706663889e-05,0.0099978703588859,-1.0772197115415e-05,1.0797734292725e-05,-4.2408031875269e-06,-5.1904876247881e-06,-5.6165212209282e-06,0.90003113697332,0.90000990573128,2.5,2.5,-4.6004501791514e-06,-9.9999999999991e-05
0.0925,0,0.60264769154394,0.60264769154394,0.99996240804357,0.99993885459025,0.99997384594694,0.99997342342158,4.704519359735e-05,4.6453814073381e-22,-9.2173595163077e-06,-1.1362224382643e-05,0.009997857043032,-1.0652683192295e-05,1.0677952295897e-05,-4.2551667782916e-06,-5.1950517253694e-06,-5.606232756923e-06,0.90003111385066,0.90001010227974,2.5,2.5,-4.611247896777e-06,-9.9999999999992e-05
0.09375,0,0.60264769154394,0.60264769154394,0.99996221647658,0.99993890714112,0.99997386843337,0.99997345057347,4.6558035016114e-05,4.5962228239412e-22,-9.2646603863109e-06,-1.1387067035344e-05,0.0099978438744007,-1.0534905001178e-05,1.0559908808628e-05,-4.2693901788798e-06,-5.1995641357021e-06,-5.5960580442302e-06,0.90003109098856,0.90001029705812,2.5,2.5,-4.6219262326819e-06,-9.9999999999998e-05
0.095,0,0.60264769154394,0.60264769154394,0.99996202660588,0.99993895909907,0.99997389067792,0.99997347741737,4.6075410554186e-05,4.5476042848966e-22,-9.3114249404485e-06,-1.1411601796947e-05,0.0099978308508915,-1.0418807366431e-05,1.0443548629602e-05,-4.2834740266274e-06,-5.2040256835194e-06,-5.5859954597489e-06,0.90003106838292,0.90001049006219,2.5,2.5,-4.6324868903028e-06,-0.0001
0.09625,0,0.60264769154394,0.60264769154394,0.99996183843815,0.99993901047343,0.99997391268356,0.99997350395824,4.5597317901094e-05,4.4995183383285e-22,-9.3576618105285e-06,-1.1435835492825e-05,0.0099978179704683,-1.0304338546406e-05,1.0328819991393e-05,-4.2974190164315e-06,-5.2084371659227e-06,-5.5760434303618e-06,0.90003104602981,0.9000106812895,2.5,2.5,-4.6429315206306e-06,-0.00010000000000002
0.0975,0,0.60264769154394,0.60264769154394,0.99996165197811,0.99993906127319,0.99997393445317,0.99997353020086,4.5123751283591e-05,4.4519577473515e-22,-9.4033793068709e-06,-1.1459774600594e-05,0.0099978052311558,-1.0191449975544e-05,1.0215674302763e-05,-4.3112258952302e-06,-5.2127993513993e-06,-5.5662004298335e-06,0.90003102392546,0.90001087073925,2.5,2.5,-4.6532617254292e-06,-9.9999999999985e-05
0.09875,0,0.60264769154394,0.60264769154394,0.99996146722868,0.99993911150705,0.9999739559896,0.99997355614984,4.4654701769284e-05,4.4049154773305e-22,-9.4485854393274e-06,-1.1483425274843e-05,0.0099977926310358,-1.0080096026922e-05,1.0104065910907e-05,-4.3248954569181e-06,-5.2171129816948e-06,-5.556464976031e-06,0.90003100206618,0.90001105841215,2.5,2.5,-4.6634790602145e-06,-0.00010000000000001
0.1,0,0.60264769154394,0.60264769154394,0.99996128419117,0.99993916118339,0.99997397729562,0.99997358180962,4.4190157546535e-05,4.3583846837492e-22,-9.4932879372021e-06,-1.1506793370396e-05,0.0099977801682436,-9.9702337926222e-06,9.9939518823281e-06,-4.3384285376621e-06,-5.2213787735343e-06,-5.5468356282234e-06,0.90003098044842,0.90001124431029,2.5,2.5,-4.6735850370103e-06,-9.9999999999993e-05
0.10125,0,0.60264769154394,0.60264769154394,0.99996110286536,0.99993921031031,0.99997399837396,0.9999736071845,4.373010418294e-05,4.3123587016282e-22,-9.5374942670501e-06,-1.1529884463317e-05,0.009997767840965,-9.8618228821715e-06,9.8852918008111e-06,-4.3518260115704e-06,-5.2255974202134e-06,-5.537310984722e-06,0.90003095906877,0.90001142843701,2.5,2.5,-4.6835811268999e-06,-0.0001
0.1025,0,0.60264769154394,0.60264769154394,0.99996092324968,0.99993925889567,0.99997401922728,0.99997363227864,4.3274524863409e-05,4.2668310349141e-22,-9.581211649728e-06,-1.1552703870633e-05,0.0099977556474334,-9.7548252357119e-06,9.778047580933e-06,-4.3650887867176e-06,-5.229769593083e-06,-5.5278896805797e-06,0.90003093792388,0.9000116107968,2.5,2.5,-4.6934687623886e-06,-0.0001
0.10375,0,0.60264769154394,0.60264769154394,0.99996074534132,0.99993930694709,0.9999740398582,0.99997365709605,4.2823400609825e-05,4.2217953475254e-22,-9.6244470758036e-06,-1.1575256668341e-05,0.0099977435859272,-9.6492049520729e-06,9.6721832961147e-06,-4.378217801474e-06,-5.2338959428949e-06,-5.5185703855217e-06,0.90003091701052,0.90001179139517,2.5,2.5,-4.7032493395918e-06,-9.9999999999993e-05
0.105,0,0.60264769154394,0.60264769154394,0.99996056913632,0.99993935447193,0.9999740602693,0.99997368164063,4.2376710483552e-05,4.1772454542121e-22,-9.6672073199253e-06,-1.1597547708492e-05,0.0099977316547671,-9.544928130321e-06,9.5676650199844e-06,-4.3912140211321e-06,-5.2379771010832e-06,-5.509351802022e-06,0.90003089632555,0.90001197023861,2.5,2.5,-4.7129242202625e-06,-0.00010000000000001
0.10625,0,0.60264769154394,0.60264769154394,0.99996039462968,0.99993940147738,0.99997408046312,0.99997370591616,4.1934431771895e-05,4.1331753127622e-22,-9.7094989538558e-06,-1.1619581634262e-05,0.0099977198523137,-9.4419627229934e-06,9.4644606798913e-06,-4.4040784347974e-06,-5.2420136809137e-06,-5.5002326635028e-06,0.90003087586593,0.90001214733444,2.5,2.5,-4.7224947336696e-06,-9.9999999999983e-05
0.1075,0,0.60264769154394,0.60264769154394,0.99996022181548,0.9999394479704,0.99997410044213,0.9999737299263,4.1496540160069e-05,4.0895790162382e-22,-9.7513283591385e-06,-1.1641362894581e-05,0.0099977081769657,-9.340278401201e-06,9.362539921796e-06,-4.4168120525321e-06,-5.2460062785773e-06,-5.491211732688e-06,0.90003085562869,0.90001232269076,2.5,2.5,-4.7319621783407e-06,-0.00010000000000001
0.10875,0,0.60264769154394,0.60264769154394,0.99996005068693,0.99993949395776,0.99997412020878,0.99997375367463,4.1063009889482e-05,4.0464507862606e-22,-9.7927017383466e-06,-1.1662895757345e-05,0.0099976966271576,-9.2398464295804e-06,9.2618739854771e-06,-4.4294159027206e-06,-5.2499554741774e-06,-5.4822878000282e-06,0.90003083561093,0.90001249631641,2.5,2.5,-4.7413278236761e-06,-9.9999999999988e-05
0.11,0,0.60264769154394,0.60264769154394,0.99995988123645,0.99993953944607,0.99997413976548,0.99997377716461,4.063381390374e-05,4.003784966451e-22,-9.8336251251074e-06,-1.1684184321328e-05,0.0099976852013582,-9.1406395515514e-06,9.1624355894446e-06,-4.4418910296614e-06,-5.2538618326666e-06,-5.4734596823356e-06,0.90003081580983,0.90001266822082,2.5,2.5,-4.7505929114491e-06,-0.0001
0.11125,0,0.60264769154394,0.60264769154394,0.99995971345578,0.99993958444176,0.99997415911459,0.99997380039961,4.0208923982717e-05,3.9615760162896e-22,-9.8741043946532e-06,-1.1705232528193e-05,0.0099976738980683,-9.0426318824551e-06,9.0641988245304e-06,-4.454238491335e-06,-5.2577259046983e-06,-5.4647262213838e-06,0.90003079622264,0.90001283841403,2.5,2.5,-4.7597586571958e-06,-0.0001
0.1125,0,0.60264769154394,0.60264769154394,0.99995954733602,0.9999396289511,0.99997417825844,0.99997382338294,3.9788310866345e-05,3.919818505756e-22,-9.9141452722891e-06,-1.1726044172035e-05,0.0099976627158198,-8.9457988118651e-06,8.967139055706e-06,-4.4664593573698e-06,-5.2615482274239e-06,-5.4560862827536e-06,0.90003077684668,0.90001300690657,2.5,2.5,-4.7688262515062e-06,-0.0001
0.11375,0,0.60264769154394,0.60264769154394,0.99995938286769,0.99993967298022,0.99997419719932,0.99997384611779,3.937194436828e-05,3.8785071100231e-22,-9.9537533418257e-06,-1.1746622909966e-05,0.0099976516531737,-8.8501169124483e-06,8.8712328314922e-06,-4.4785547071701e-06,-5.2653293252232e-06,-5.4475387546211e-06,0.90003075767933,0.90001317370946,2.5,2.5,-4.7777968612247e-06,-0.0001
0.115,0,0.60264769154394,0.60264769154394,0.9999592200408,0.9999397165351,0.9999742159395,0.9999738686073,3.8959793480617e-05,3.837636604682e-22,-9.9929340535233e-06,-1.1766972270343e-05,0.0099976407087189,-8.7555638566285e-06,8.7764578001485e-06,-4.4905256281896e-06,-5.2690697103994e-06,-5.4390825467347e-06,0.90003073871802,0.90001333883411,2.5,2.5,-4.7866716305641e-06,-0.0001
0.11625,0,0.60264769154394,0.60264769154394,0.99995905884489,0.99993975962158,0.99997423448119,0.99997389085453,3.85518264702e-05,3.7972018613233e-22,-1.0031692731022e-05,-1.1787095661569e-05,0.0099976298810709,-8.6621183390105e-06,8.6827926323284e-06,-4.5023732143612e-06,-5.2727698838013e-06,-5.4307165894344e-06,0.90003071996024,0.90001350229231,2.5,2.5,-4.7954516821413e-06,-0.0001
0.1175,0,0.60264769154394,0.60264769154394,0.99995889926909,0.99993980224538,0.9999742528266,0.99997391286247,3.8148010967074e-05,3.7571978432311e-22,-1.0070034578264e-05,-1.1806996379402e-05,0.0099976191688709,-8.5697600048401e-06,8.5902169496079e-06,-4.5140985646444e-06,-5.2764303354135e-06,-5.422439832702e-06,0.90003070140354,0.90001366409617,2.5,2.5,-4.8041381179417e-06,-9.9999999999993e-05
0.11875,0,0.60264769154394,0.60264769154394,0.99995874130217,0.9999398444121,0.99997427097788,0.99997393463405,3.7748314045915e-05,3.717619601649e-22,-1.0107964685449e-05,-1.1826677614156e-05,0.0099976085707842,-8.4784693842564e-06,8.498711258562e-06,-4.5257027817065e-06,-5.2800515449058e-06,-5.4142512453283e-06,0.90003068304551,0.9000138242581,2.5,2.5,-4.8127320202154e-06,-0.00010000000000001
0.12,0,0.60264769154394,0.60264769154394,0.99995858493255,0.99993988612722,0.99997428893717,0.99997395617212,3.735270230086e-05,3.6784622719933e-22,-1.0145488034842e-05,-1.1846142457314e-05,0.0099975980854994,-8.3882278310877e-06,8.4082568896766e-06,-4.5371869707019e-06,-5.2836339821369e-06,-5.4061498141166e-06,0.90003066488379,0.90001398279076,2.5,2.5,-4.821234452313e-06,-9.9999999999992e-05
0.12125,0,0.60264769154394,0.60264769154394,0.99995843014839,0.99993992739612,0.99997430670656,0.99997397747949,3.6961141914126e-05,3.6397210706631e-22,-1.01826095062e-05,-1.1865393907557e-05,0.0099975877117276,-8.2990174664694e-06,8.3188359409588e-06,-4.5485522381693e-06,-5.2871781076233e-06,-5.3981345431307e-06,0.90003064691607,0.90001413970703,2.5,2.5,-4.8296464594623e-06,-9.9999999999988e-05
0.1225,0,0.60264769154394,0.60264769154394,0.99995827693756,0.99993996822406,0.99997432428814,0.9999739985589,3.6573598719123e-05,3.6013912918921e-22,-1.0219333881582e-05,-1.1884434876338e-05,0.0099975774482012,-8.2108211269986e-06,8.2304312260087e-06,-4.5597996910126e-06,-5.2906843729797e-06,-5.3902044530274e-06,0.90003062914008,0.90001429501999,2.5,2.5,-4.8379690694943e-06,-0.00010000000000001
0.12375,0,0.60264769154394,0.60264769154394,0.99995812528773,0.99994000861621,0.99997434168394,0.99997401941306,3.6190038258382e-05,3.5634683045908e-22,-1.0255665849966e-05,-1.1903268193241e-05,0.0099975672936733,-8.1236223161433e-06,8.1430262256366e-06,-4.5709304355717e-06,-5.2941532213207e-06,-5.3823585803665e-06,0.90003061155359,0.90001444874286,2.5,2.5,-4.8462032935187e-06,-0.00010000000000001
0.125,0,0.60264769154394,0.60264769154394,0.99995797518636,0.99994004857765,0.999974358896,0.9999740400446,3.5810425836609e-05,3.5259475498915e-22,-1.0291610011629e-05,-1.1921896610605e-05,0.0099975572469168,-8.0374051602654e-06,8.0566050435753e-06,-4.5819455767787e-06,-5.2975850876458e-06,-5.3745959770684e-06,0.90003059415442,0.90001460088903,2.5,2.5,-4.8543501265556e-06,-0.0001
0.12625,0,0.60264769154394,0.60264769154394,0.99995782662076,0.99994008811335,0.99997437592629,0.99997406045611,3.5434726569428e-05,3.4888245384102e-22,-1.0327170881882e-05,-1.1940322807929e-05,0.0099975473067239,-7.9521543669868e-06,7.9711523651481e-06,-4.592846217382e-06,-5.300980399183e-06,-5.3669157098086e-06,0.9000305769404,0.90001475147199,2.5,2.5,-4.8624105481245e-06,-9.9999999999992e-05
0.1275,0,0.60264769154394,0.60264769154394,0.99995767957808,0.99994012722822,0.99997439277679,0.99997408065015,3.5062905428073e-05,3.4520948479106e-22,-1.0362352895245e-05,-1.1958549396403e-05,0.0099975374719049,-7.8678551874957e-06,7.886653419389e-06,-4.6036334572468e-06,-5.3043395757243e-06,-5.3593168595068e-06,0.90003055990944,0.90001490050533,2.5,2.5,-4.8703855227952e-06,-9.9999999999999e-05
0.12875,0,0.60264769154394,0.60264769154394,0.99995753404537,0.99994016592707,0.99997440944945,0.99997410062921,3.4694927280151e-05,3.4157541210561e-22,-1.0397160408182e-05,-1.1976578922354e-05,0.0099975277412882,-7.7844933810715e-06,7.8030939436626e-06,-4.6143083927119e-06,-5.3076630299242e-06,-5.3517985208403e-06,0.90003054305945,0.90001504800272,2.5,2.5,-4.878276000703e-06,-0.00010000000000001
0.13,0,0.60264769154394,0.60264769154394,0.99995739000955,0.99994020421462,0.99997442594617,0.99997412039576,3.4330756927176e-05,3.3797980633238e-22,-1.0431597702948e-05,-1.1994413870784e-05,0.0099975181137192,-7.7020551828653e-06,7.7204601513671e-06,-4.6248721160079e-06,-5.3109511675905e-06,-5.3443598017772e-06,0.90003052638838,0.90001519397789,2.5,2.5,-4.8860829180307e-06,-9.9999999999993e-05
0.13125,0,0.60264769154394,0.60264769154394,0.9999572474575,0.99994024209553,0.99997444226885,0.99997413995221,3.3970359138794e-05,3.3442224410301e-22,-1.0465668990269e-05,-1.2012056668957e-05,0.0099975085880601,-7.6205272734428e-06,7.6387387015248e-06,-4.6353257147279e-06,-5.3142043879437e-06,-5.3369998231575e-06,0.90003050989423,0.9000153384446,2.5,2.5,-4.8938071974608e-06,-9.9999999999988e-05
0.1325,0,0.60264769154394,0.60264769154394,0.999957106376,0.99994027957437,0.99997445841937,0.99997415930095,3.3613698683997e-05,3.3090230794394e-22,-1.0499378412231e-05,-1.2029509689272e-05,0.0099974991631891,-7.5398967511181e-06,7.5579166711672e-06,-4.6456702713524e-06,-5.3174230838664e-06,-5.3297177182702e-06,0.900030493575,0.90001548141665,2.5,2.5,-4.901449748598e-06,-0.00010000000000001
0.13375,0,0.60264769154394,0.60264769154394,0.99995696675181,0.99994031665567,0.99997447439957,0.9999741784443,3.3260740359807e-05,3.274195861152e-22,-1.0532730044659e-05,-1.2046775252151e-05,0.0099974898380003,-7.4601511062875e-06,7.4779815295262e-06,-4.6559068628133e-06,-5.3206076421377e-06,-5.3225126324993e-06,0.90003047742876,0.90001562290785,2.5,2.5,-4.9090114683671e-06,-0.0001
0.135,0,0.60264769154394,0.60264769154394,0.99995682857165,0.99994035334386,0.99997449021128,0.99997419738458,3.2911449017323e-05,3.2397367242834e-22,-1.0565727899982e-05,-1.2063855628517e-05,0.0099974806114025,-7.3812781971994e-06,7.3989211139732e-06,-4.6660365601017e-06,-5.3237584436475e-06,-5.3153837229374e-06,0.90003046145358,0.90001576293202,2.5,2.5,-4.9164932413863e-06,-9.9999999999986e-05
0.13625,0,0.60264769154394,0.60264769154394,0.99995669182221,0.9999403896433,0.9999745058563,0.99997421612406,3.2565789585455e-05,3.2056416611644e-22,-1.0598375929045e-05,-1.2080753042399e-05,0.0099974714823197,-7.3032662283236e-06,7.3207236082119e-06,-4.6760604279181e-06,-5.3268758635952e-06,-5.3083301580888e-06,0.90003044564756,0.90001590150294,2.5,2.5,-4.9238959403171e-06,-0.0001
0.1375,0,0.60264769154394,0.60264769154394,0.9999565564902,0.99994042555832,0.99997452133641,0.99997423466496,3.2223727092654e-05,3.1719067166701e-22,-1.0630678023494e-05,-1.2097469673348e-05,0.0099974624496901,-7.2261037295117e-06,7.2433775216062e-06,-4.6859795243556e-06,-5.3299602716852e-06,-5.3013511175268e-06,0.90003043000883,0.90001603863442,2.5,2.5,-4.931220426195e-06,-0.00010000000000001
0.13875,0,0.60264769154394,0.60264769154394,0.99995642256232,0.99994046109314,0.99997453665339,0.9999742530095,3.1885226686532e-05,3.1385279869528e-22,-1.0662638017777e-05,-1.2114007657969e-05,0.0099974535124656,-7.1497795373202e-06,7.1668716704142e-06,-4.6957949006144e-06,-5.333012032301e-06,-5.2944457915994e-06,0.90003041453557,0.9000161743402,2.5,2.5,-4.9384675487401e-06,-0.00010000000000001
0.14,0,0.60264769154394,0.60264769154394,0.99995629002528,0.99994049625197,0.99997455180895,0.99997427115984,3.1550253651825e-05,3.1055016182903e-22,-1.06942596908e-05,-1.2130369092779e-05,0.0099974446696122,-7.0742827773818e-06,7.0911951600913e-06,-4.7055076007495e-06,-5.336031504671e-06,-5.2876133811726e-06,0.90003039922595,0.90001630863399,2.5,2.5,-4.94563814665e-06,-9.9999999999997e-05
0.14125,0,0.60264769154394,0.60264769154394,0.99995615886582,0.99994053103893,0.99997456680484,0.99997428911812,3.1218773426553e-05,3.072823805616e-22,-1.0725546767933e-05,-1.2146556034966e-05,0.0099974359201086,-6.9996028479503e-06,7.0163373690221e-06,-4.7151186614413e-06,-5.3390190430238e-06,-5.2808530973448e-06,0.90003038407818,0.90001644152947,2.5,2.5,-4.9527330478762e-06,-9.9999999999999e-05
0.1425,0,0.60264769154394,0.60264769154394,0.99995602907072,0.99994056545809,0.99997458164274,0.99997430688644,3.0890751616769e-05,3.0404907915497e-22,-1.0756502922396e-05,-1.2162570505124e-05,0.0099974272629468,-6.9257294052202e-06,6.9422879336893e-06,-4.7246291118004e-06,-5.3419749967387e-06,-5.2741641611937e-06,0.90003036909049,0.90001657304025,2.5,2.5,-4.9597530698856e-06,-9.9999999999993e-05
0.14375,0,0.60264769154394,0.60264769154394,0.9999559006268,0.99994059951347,0.99997459632435,0.9999743244669,3.0566154009842e-05,3.008498865294e-22,-1.0787131776968e-05,-1.2178414487977e-05,0.0099974186971314,-6.8526523490321e-06,6.8690367343656e-06,-4.7340399731874e-06,-5.3448997104791e-06,-5.2675458035685e-06,0.90003035426115,0.9000167031799,2.5,2.5,-4.9666990199074e-06,-0.00010000000000001
0.145,0,0.60264769154394,0.60264769154394,0.99995577352093,0.99994063320902,0.99997461085131,0.99997434186154,3.0244946586425e-05,2.9768443614841e-22,-1.0817436905467e-05,-1.219408993436e-05,0.0099974102216792,-6.7803618100108e-06,6.7965738823748e-06,-4.7433522590587e-06,-5.3477935243268e-06,-5.2609972648411e-06,0.90003033958843,0.9000168319619,2.5,2.5,-4.973571695167e-06,-0.0001
0.14625,0,0.60264769154394,0.60264769154394,0.99995564774003,0.99994066654866,0.99997462522528,0.99997435907238,2.9927095531194e-05,2.9455236594009e-22,-1.084742183378e-05,-1.2209598762583e-05,0.009997401835619,-6.7088481376563e-06,6.7248897080678e-06,-4.7525669748318e-06,-5.350656773895e-06,-5.2545177947092e-06,0.90003032507064,0.90001695939967,2.5,2.5,-4.980371883108e-06,-9.9999999999984e-05
0.1475,0,0.60264769154394,0.60264769154394,0.99995552327107,0.99994069953624,0.99997463944788,0.99997437610143,2.96125672427e-05,2.914533181811e-22,-1.0877090041607e-05,-1.2224942859322e-05,0.0099973935379916,-6.6381018889519e-06,6.6539747494872e-06,-4.7616851177634e-06,-5.3534897904567e-06,-5.2481066519848e-06,0.9000303107061,0.90001708550657,2.5,2.5,-4.9871003616023e-06,-0.00010000000000001
0.14875,0,0.60264769154394,0.60264769154394,0.99995540010112,0.99994073217558,0.99997465352072,0.99997439295065,2.9301328341882e-05,2.8838693943381e-22,-1.0906444963407e-05,-1.2240124081289e-05,0.0099973853278493,-6.5681138182612e-06,6.5838197422674e-06,-4.7707076768582e-06,-5.3562929010402e-06,-5.2417631044132e-06,0.90003029649316,0.90001721029586,2.5,2.5,-4.9937578991505e-06,-9.9999999999997e-05
0.15,0,0.60264769154394,0.60264769154394,0.99995527821728,0.99994076447045,0.99997466744538,0.99997440962199,2.8993345679925e-05,2.8535288044086e-22,-1.0935489989465e-05,-1.2255144255973e-05,0.0099973772042558,-6.4988748675674e-06,6.5144156097911e-06,-4.7796356327737e-06,-5.359066428544e-06,-5.2354864284871e-06,0.90003028243018,0.90001733378072,2.5,2.5,-5.0003452550719e-06,-0.00010000000000001
0.15125,0,0.60264769154394,0.60264769154394,0.99995515760676,0.99994079642454,0.99997468122343,0.99997442611737,2.8688586345033e-05,2.8235079605407e-22,-1.0964228467186e-05,-1.227000518294e-05,0.0099973691662856,-6.4303761575178e-06,6.4457534543559e-06,-4.7884699577572e-06,-5.361810691822e-06,-5.2292759092728e-06,0.90003026851555,0.90001745597426,2.5,2.5,-5.006863179685e-06,-9.9999999999995e-05
0.1525,0,0.60264769154394,0.60264769154394,0.99995503825683,0.99994082804153,0.99997469485644,0.9999744424387,2.8387017668655e-05,2.7938034515677e-22,-1.0992663701875e-05,-1.2284708634575e-05,0.0099973612130243,-6.3626089792181e-06,6.3778245488745e-06,-4.7972116155836e-06,-5.3645260057855e-06,-5.2231308402533e-06,0.90003025474768,0.90001757688947,2.5,2.5,-5.0133124144815e-06,-0.0001
0.15375,0,0.60264769154394,0.60264769154394,0.99995492015484,0.99994085932505,0.99997470834592,0.99997445858783,2.8088607230772e-05,2.7644119058948e-22,-1.1020798958034e-05,-1.2299256357061e-05,0.0099973533435684,-6.2955647864828e-06,6.3106203291537e-06,-4.8058615615098e-06,-5.3672126814832e-06,-5.2170505231617e-06,0.90003024112499,0.90001769653928,2.5,2.5,-5.0196936922902e-06,-9.9999999999998e-05
0.155,0,0.60264769154394,0.60264769154394,0.99995480328824,0.99994089027867,0.99997472169341,0.99997447456664,2.7793322864617e-05,2.735329990865e-22,-1.1048637459822e-05,-1.2313650071601e-05,0.0099973455570244,-6.2292351885307e-06,6.2441323866073e-06,-4.8144207422422e-06,-5.3698710261888e-06,-5.2110342678349e-06,0.90003022764592,0.90001781493651,2.5,2.5,-5.026007737435e-06,-9.9999999999994e-05
0.15625,0,0.60264769154394,0.60264769154394,0.99995468764455,0.99994092090593,0.99997473490041,0.99997449037693,2.7501132660799e-05,2.7065544119415e-22,-1.107618239235e-05,-1.2327891474672e-05,0.0099973378525094,-6.1636119434782e-06,6.178352461707e-06,-4.8228900959066e-06,-5.3725013434764e-06,-5.2050813920676e-06,0.90003021430894,0.90001793209387,2.5,2.5,-5.0322552658855e-06,-0.00010000000000001
0.1575,0,0.60264769154394,0.60264769154394,0.99995457321141,0.99994095121032,0.9999747479684,0.99997450602053,2.7212004970789e-05,2.678081912264e-22,-1.1103436902219e-05,-1.2341982238919e-05,0.0099973302291508,-6.0986869520024e-06,6.1132724376778e-06,-4.8312705520399e-06,-5.3751039332985e-06,-5.199191221483e-06,0.90003020111253,0.90001804802399,2.5,2.5,-5.0384369854022e-06,-0.0001
0.15875,0,0.60264769154394,0.60264769154394,0.99995445997651,0.99994098119529,0.99997476089885,0.99997452149921,2.6925908409991e-05,2.6499092717778e-22,-1.1130404098393e-05,-1.235592401415e-05,0.0099973226860854,-6.0344522515148e-06,6.0488843346595e-06,-4.8395630315727e-06,-5.3776790920529e-06,-5.1933630893895e-06,0.90003018805519,0.9000181627394,2.5,2.5,-5.044553595674e-06,-9.9999999999994e-05
0.16,0,0.60264769154394,0.60264769154394,0.99995434792768,0.99994101086426,0.99997477369321,0.99997453681475,2.6642811860176e-05,2.6220333068642e-22,-1.1157087053012e-05,-1.2369718427661e-05,0.0099973152224604,-5.9709000109008e-06,5.9851803044127e-06,-4.8477684468368e-06,-5.3802271126557e-06,-5.1875963366675e-06,0.90003017513544,0.90001827625251,2.5,2.5,-5.0506057884526e-06,-0.00010000000000001
0.16125,0,0.60264769154394,0.60264769154394,0.99995423705281,0.9999410402206,0.99997478635293,0.99997455196887,2.6362684471684e-05,2.5944508696383e-22,-1.1183488801996e-05,-1.2383367085029e-05,0.0099973078374323,-5.908022525188e-06,5.922152625105e-06,-4.8558877015708e-06,-5.3827482846015e-06,-5.1818903116187e-06,0.90003016235181,0.90001838857564,2.5,2.5,-5.0565942476793e-06,-9.9999999999992e-05
0.1625,0,0.60264769154394,0.60264769154394,0.99995412733992,0.99994106926764,0.99997479887942,0.9999745669633,2.6085495665098e-05,2.5671588475392e-22,-1.1209612345866e-05,-1.2396871570619e-05,0.009997300530167,-5.8458122111981e-06,5.8597936967439e-06,-4.8639216909295e-06,-5.3852428940279e-06,-5.1762443698943e-06,0.90003014970284,0.90001849972101,2.5,2.5,-5.0625196496094e-06,-0.00010000000000001
0.16375,0,0.60264769154394,0.60264769154394,0.9999540187771,0.99994109800867,0.9999748112741,0.99997458179975,2.5811215132544e-05,2.5401541624868e-22,-1.1235460650033e-05,-1.2410233448302e-05,0.00999729329984,-5.7842616028242e-06,5.7980960366797e-06,-4.8718713015061e-06,-5.387711223776e-06,-5.1706578743428e-06,0.90003013718711,0.90001860970072,2.5,2.5,-5.0683826629304e-06,-0.0001
0.165,0,0.60264769154394,0.60264769154394,0.99995391135255,0.99994112644695,0.99997482353834,0.9999745964799,2.5539812838743e-05,2.5134337708034e-22,-1.1261036646074e-05,-1.2423454261741e-05,0.0099972861456358,-5.723363347116e-06,5.7370522755837e-06,-4.8797374113576e-06,-5.3901535534446e-06,-5.1651301949092e-06,0.90003012480321,0.90001871852678,2.5,2.5,-5.0741839488764e-06,-9.9999999999986e-05
0.16625,0,0.60264769154394,0.60264769154394,0.99995380505458,0.99994115458571,0.99997483567354,0.99997461100541,2.5271259021646e-05,2.4869946623193e-22,-1.1286343231597e-05,-1.2436535534985e-05,0.0099972790667481,-5.6631102003263e-06,5.6766551534209e-06,-4.8875208900308e-06,-5.3925701594481e-06,-5.1596607085449e-06,0.90003011254972,0.90001882621108,2.5,2.5,-5.0799241613395e-06,-0.0001
0.1675,0,0.60264769154394,0.60264769154394,0.9999536998716,0.99994118242811,0.99997484768104,0.99997462537793,2.500552419288e-05,2.4608338601687e-22,-1.1311383271232e-05,-1.2449478773029e-05,0.0099972720623793,-5.6034950243382e-06,5.6168975160586e-06,-4.8952225985999e-06,-5.3949613150621e-06,-5.1542487990947e-06,0.90003010042527,0.90001893276542,2.5,2.5,-5.0856039469762e-06,-0.0001
0.16875,0,0.60264769154394,0.60264769154394,0.99995359579211,0.99994120997732,0.9999748595622,0.99997463959908,2.4742579137892e-05,2.4349484201717e-22,-1.1336159597287e-05,-1.2462285462074e-05,0.0099972651317408,-5.544510783295e-06,5.5577723117193e-06,-4.9028433896972e-06,-5.3973272904846e-06,-5.1488938571914e-06,0.90003008842849,0.90001903820146,2.5,2.5,-5.0912239453119e-06,-0.00010000000000001
0.17,0,0.60264769154394,0.60264769154394,0.99995349280473,0.99994123723643,0.99997487131836,0.99997465367047,2.4482394915902e-05,2.4093354303714e-22,-1.1360675009682e-05,-1.2474957070146e-05,0.0099972582740526,-5.4861505404063e-06,5.4992725879081e-06,-4.9103841075632e-06,-5.3996683528729e-06,-5.1435952801686e-06,0.90003007655802,0.9000191425308,2.5,2.5,-5.09678478884e-06,-9.9999999999991e-05
0.17125,0,0.60264769154394,0.60264769154394,0.99995339089816,0.99994126420853,0.99997488295082,0.99997466759369,2.4224942859517e-05,2.3839920107143e-22,-1.13849322773e-05,-1.2487495047235e-05,0.0099972514885433,-5.4284074550808e-06,5.4413914884135e-06,-4.9178455880829e-06,-5.4019847664008e-06,-5.1383524719749e-06,0.90003006481252,0.90001924576489,2.5,2.5,-5.1022871031206e-06,-0.0001
0.1725,0,0.60264769154394,0.60264769154394,0.99995329006123,0.99994129089666,0.9999748944609,0.99997468137031,2.397019457434e-05,2.358915312578e-22,-1.1408934137628e-05,-1.2499900825945e-05,0.0099972447744498,-5.3712747799004e-06,5.3841222504297e-06,-4.9252286588395e-06,-5.4042767922954e-06,-5.133164843077e-06,0.90003005319068,0.90001934791509,2.5,2.5,-5.1077315068746e-06,-0.00010000000000001
0.17375,0,0.60264769154394,0.60264769154394,0.99995319028285,0.99994131730383,0.99997490584987,0.99997469500188,2.3718121938232e-05,2.3341025181874e-22,-1.1432683297944e-05,-1.2512175821771e-05,0.0099972381310175,-5.3147458581769e-06,5.3274582020894e-06,-4.932534139157e-06,-5.4065446888865e-06,-5.1280318103466e-06,0.90003004169117,0.90001944899266,2.5,2.5,-5.1131186120755e-06,-0.0001
0.175,0,0.60264769154394,0.60264769154394,0.99995309155205,0.999941343433,0.99997491711903,0.99997470848994,2.3468697100516e-05,2.3095508404908e-22,-1.1456182435269e-05,-1.2524321433277e-05,0.0099972315574999,-5.2588141215586e-06,5.2713927598649e-06,-4.9397628401609e-06,-5.4087887116454e-06,-5.1229527970282e-06,0.90003003031272,0.90001954900875,2.5,2.5,-5.1184490240389e-06,-9.9999999999999e-05
0.17625,0,0.60264769154394,0.60264769154394,0.99995299385795,0.99994136928714,0.99997492826963,0.99997472183601,2.322189248096e-05,2.2852575225858e-22,-1.1479434196993e-05,-1.2536339042486e-05,0.0099972250531585,-5.2034730874818e-06,5.2159194262754e-06,-4.9469155648237e-06,-5.4110091132288e-06,-5.1179272326157e-06,0.90003001905403,0.90001964797439,2.5,2.5,-5.1237233415096e-06,-9.9999999999996e-05
0.1775,0,0.60264769154394,0.60264769154394,0.99995289718979,0.99994139486913,0.99997493930292,0.9999747350416,2.2977680768708e-05,2.261219837356e-22,-1.1502441201409e-05,-1.254823001565e-05,0.0099972186172631,-5.1487163570075e-06,5.1610317876657e-06,-4.9539931080283e-06,-5.4132061435137e-06,-5.112954552781e-06,0.90003000791384,0.90001974590051,2.5,2.5,-5.1289421567465e-06,-9.9999999999999e-05
0.17875,0,0.60264769154394,0.60264769154394,0.9999528015369,0.99994142018187,0.99997495022014,0.99997474810818,2.2736034921015e-05,2.2374350871534e-22,-1.1525206037838e-05,-1.2559995702465e-05,0.009997212249091,-5.094537612964e-06,5.1067235121903e-06,-4.9609962566242e-06,-5.4153800496414e-06,-5.1080341992957e-06,0.9000299968909,0.90001984279795,2.5,2.5,-5.134106055605e-06,-9.9999999999996e-05
0.18,0,0.60264769154394,0.60264769154394,0.99995270688871,0.9999414452282,0.9999749610225,0.99997476103724,2.2496928161889e-05,2.213900603307e-22,-1.1547731267469e-05,-1.2571637437705e-05,0.0099972059479278,-5.0409306177409e-06,5.052988347788e-06,-4.9679257894846e-06,-5.4175310760487e-06,-5.1031656199661e-06,0.90002998598396,0.90001993867742,2.5,2.5,-5.1392156176185e-06,-0.0001
0.18125,0,0.60264769154394,0.60264769154394,0.99995261323477,0.99994147001093,0.99997497171123,0.99997477383022,2.226033398067e-05,2.1906137459786e-22,-1.1570019423226e-05,-1.2583156540309e-05,0.0099971997130663,-4.9878892115303e-06,4.999820120335e-06,-4.9747824775664e-06,-5.4196594645127e-06,-5.0983482685344e-06,0.90002997519181,0.90002003354954,2.5,2.5,-5.1442714160761e-06,-9.9999999999991e-05
0.1825,0,0.60264769154394,0.60264769154394,0.99995252056471,0.99994149453284,0.99997498228751,0.99997478648856,2.2026226130527e-05,2.1675719035501e-22,-1.1592073010464e-05,-1.2594554314554e-05,0.0099971935438071,-4.9354073106064e-06,4.9472127319312e-06,-4.9815670839758e-06,-5.4217654541754e-06,-5.0935816046314e-06,0.90002996451323,0.90002012742482,2.5,2.5,-5.149274018101e-06,-0.00010000000000001
0.18375,0,0.60264769154394,0.60264769154394,0.99995242886827,0.99994151879671,0.99997499275254,0.99997479901368,2.1794578626733e-05,2.1447724925038e-22,-1.1613894507383e-05,-1.2605832049584e-05,0.0099971874394585,-4.8834789055868e-06,4.8951601592038e-06,-4.98828036403e-06,-5.4238492815871e-06,-5.0888650936798e-06,0.90002995394702,0.90002022031366,2.5,2.5,-5.1542239847245e-06,-9.9999999999992e-05
0.185,0,0.60264769154394,0.60264769154394,0.9999523381353,0.99994154280524,0.99997500310747,0.999974811407,2.1565365745079e-05,2.1222129569653e-22,-1.1635486365245e-05,-1.2616991020208e-05,0.0099971813993359,-4.8320980598882e-06,4.8436564516686e-06,-4.9949230653201e-06,-5.4259111807336e-06,-5.0841982068416e-06,0.900029943492,0.90002031222638,2.5,2.5,-5.1591218709611e-06,-0.00010000000000001
0.18625,0,0.60264769154394,0.60264769154394,0.99995224835574,0.99994156656113,0.99997501335348,0.99997482366989,2.1338562020103e-05,2.0998907684208e-22,-1.1656851008559e-05,-1.2628032486745e-05,0.0099971754227623,-4.7812589082674e-06,4.7926957303473e-06,-5.0014959277763e-06,-5.4279513830751e-06,-5.0795804209497e-06,0.90002993314699,0.90002040317317,2.5,2.5,-5.1639682258797e-06,-9.9999999999985e-05
0.1875,0,0.60264769154394,0.60264769154394,0.99995215951963,0.99994159006705,0.99997502349171,0.99997483580375,2.1114142243251e-05,2.0778034253251e-22,-1.1677990835922e-05,-1.2638957695327e-05,0.0099971695090677,-4.7309556552158e-06,4.7422721861901e-06,-5.0079996837291e-06,-5.4299701175697e-06,-5.0750112184208e-06,0.90002992291083,0.90002049316412,2.5,2.5,-5.1687635926754e-06,-0.0001
0.18875,0,0.60264769154394,0.60264769154394,0.99995207161711,0.99994161332564,0.99997503352329,0.99997484780993,2.0892081461029e-05,2.0559484528788e-22,-1.1698908219744e-05,-1.2649767878515e-05,0.0099971636575895,-4.6811825738853e-06,4.6923800788711e-06,-5.0144350579807e-06,-5.4319676107127e-06,-5.0704900872162e-06,0.90002991278237,0.90002058220924,2.5,2.5,-5.1735085087377e-06,-0.0001
0.19,0,0.60264769154394,0.60264769154394,0.99995198463843,0.9999416363395,0.99997504344934,0.99997485968978,2.0672354973105e-05,2.0343234026794e-22,-1.1719605507113e-05,-1.2660464254774e-05,0.009997157867672,-4.6319340044752e-06,4.6430137353212e-06,-5.0208027678686e-06,-5.4339440865622e-06,-5.0660165207494e-06,0.90002990276048,0.90002067031843,2.5,2.5,-5.1782035057199e-06,-0.0001
0.19125,0,0.60264769154394,0.60264769154394,0.99995189857393,0.99994165911122,0.99997505327098,0.99997487144463,2.045493833035e-05,2.0129258524084e-22,-1.1740085019769e-05,-1.267104802931e-05,0.0099971521386665,-4.5832043532853e-06,4.5941675486224e-06,-5.0271035233316e-06,-5.4358997667725e-06,-5.0615900178557e-06,0.90002989284404,0.90002075750147,2.5,2.5,-5.1828491096053e-06,-9.9999999999996e-05
0.1925,0,0.60264769154394,0.60264769154394,0.99995181341403,0.99994168164335,0.99997506298931,0.99997488307579,2.0239807332894e-05,1.9917534055308e-22,-1.1760349054453e-05,-1.2681520393997e-05,0.0099971464699314,-4.5349880911733e-06,4.5458359766901e-06,-5.0333380269755e-06,-5.4378348706161e-06,-5.057210082688e-06,0.90002988303193,0.90002084376807,2.5,2.5,-5.1874458407724e-06,-0.0001
0.19375,0,0.60264769154394,0.60264769154394,0.99995172914927,0.99994170393842,0.99997507260541,0.99997489458459,2.0026938028028e-05,1.9708036909392e-22,-1.1780399883323e-05,-1.2691882527652e-05,0.0099971408608318,-4.4872797528194e-06,4.4980135412635e-06,-5.0395069741411e-06,-5.4397496150221e-06,-5.0528762246917e-06,0.90002987332305,0.90002092912782,2.5,2.5,-5.1919942140606e-06,-0.0001
0.195,0,0.60264769154394,0.60264769154394,0.99995164577029,0.99994172599892,0.99997508212036,0.99997490597229,1.9816306708258e-05,1.9500743628586e-22,-1.1800239754189e-05,-1.270213559578e-05,0.0099971353107393,-4.4400739353681e-06,4.4506948267348e-06,-5.0456110529711e-06,-5.4416442145951e-06,-5.0485879585331e-06,0.90002986371631,0.90002101359022,2.5,2.5,-5.1964947388321e-06,-9.9999999999997e-05
0.19625,0,0.60264769154394,0.60264769154394,0.9999515632678,0.99994174782733,0.99997509153523,0.99997491724019,1.9607889909211e-05,1.9295631002986e-22,-1.1819870890869e-05,-1.2712280751729e-05,0.0099971298190327,-4.3933652973751e-06,4.4038744790962e-06,-5.0516509444774e-06,-5.4435188816493e-06,-5.0443448040213e-06,0.90002985421065,0.90002109716468,2.5,2.5,-5.2009479190356e-06,-0.0001
0.1975,0,0.60264769154394,0.60264769154394,0.99995148163263,0.99994176942609,0.99997510085106,0.99997492838954,1.9401664407558e-05,1.9092676070176e-22,-1.1839295493319e-05,-1.2722319135821e-05,0.009997124385097,-4.3471485580338e-06,4.3575472049839e-06,-5.0576273226044e-06,-5.4453738262317e-06,-5.0401462860828e-06,0.90002984480498,0.9000211798605,2.5,2.5,-5.2053542532671e-06,-0.00010000000000001
0.19875,0,0.60264769154394,0.60264769154394,0.99995140085568,0.99994179079762,0.9999751100689,0.99997493942159,1.9197607218921e-05,1.8891856110376e-22,-1.1858515738044e-05,-1.273225187619e-05,0.0099971190083239,-4.3014184959403e-06,4.3117077706729e-06,-5.0635408543004e-06,-5.4472092561501e-06,-5.0359919346826e-06,0.90002983549827,0.9000212616869,2.5,2.5,-5.2097142348295e-06,-0.0001
0.2,0,0.60264769154394,0.60264769154394,0.99995132092796,0.99994181194433,0.99997511918978,0.99997495033758,1.8995695595759e-05,1.8693148645499e-22,-1.187753377832e-05,-1.2742080088446e-05,0.0099971136881115,-4.2561699482559e-06,4.2663510011345e-06,-5.0693921995823e-06,-5.4490253769953e-06,-5.0318812847613e-06,0.90002982628946,0.90002134265299,2.5,2.5,-5.214028351793e-06,-9.9999999999993e-05
0.20125,0,0.60264769154394,0.60264769154394,0.99995124184056,0.99994183286856,0.99997512821472,0.99997496113873,1.8795907025295e-05,1.8496531434978e-22,-1.1896351744534e-05,-1.275180487659e-05,0.0099971084238642,-4.2113978099705e-06,4.2214717791953e-06,-5.0751820116016e-06,-5.450822392175e-06,-5.0278138762055e-06,0.90002981717753,0.90002142276779,2.5,2.5,-5.2182970870535e-06,-0.00010000000000001
0.2025,0,0.60264769154394,0.60264769154394,0.99995116358469,0.99994185357268,0.99997513714474,0.99997497182625,1.8598219227345e-05,1.8301982474044e-22,-1.1914971744297e-05,-1.276142733215e-05,0.0099971032149929,-4.1670970326539e-06,4.1770650445292e-06,-5.0809109367101e-06,-5.4526005029287e-06,-5.0237892537632e-06,0.90002980816146,0.90002150204024,2.5,2.5,-5.2225209183892e-06,-9.9999999999995e-05
0.20375,0,0.60264769154394,0.60264769154394,0.9999510861516,0.99994187405899,0.99997514598082,0.99997498240134,1.8402610152183e-05,1.8109479991163e-22,-1.1933395862923e-05,-1.2770948535175e-05,0.0099970980609146,-4.1232626241803e-06,4.1331257930811e-06,-5.0865796145306e-06,-5.4543599083594e-06,-5.0198069670196e-06,0.90002979924023,0.90002158047918,2.5,2.5,-5.2267003185186e-06,-0.00010000000000001
0.205,0,0.60264769154394,0.60264769154394,0.99995100953268,0.99994189432979,0.99997515472396,0.99997499286518,1.8209057978506e-05,1.7919002444251e-22,-1.1951626163387e-05,-1.2780369554114e-05,0.0099970929610525,-4.0798896472198e-06,4.0896490759001e-06,-5.0921886780142e-06,-5.4561008054535e-06,-5.0158665703088e-06,0.90002979041285,0.90002165809334,2.5,2.5,-5.2308357551554e-06,-9.9999999999987e-05
0.20625,0,0.60264769154394,0.60264769154394,0.99995093371939,0.99994191438735,0.99997516337513,0.99997500321895,1.8017541111224e-05,1.7730528520796e-22,-1.1969664686959e-05,-1.2789691445559e-05,0.009997087914836,-4.0369732191514e-06,4.0466299986848e-06,-5.0977387535153e-06,-5.4578233891106e-06,-5.0119676227034e-06,0.90002978167833,0.90002173489139,2.5,2.5,-5.2349276910644e-06,-0.0001
0.2075,0,0.60264769154394,0.60264769154394,0.99995085870326,0.99994193423392,0.99997517193531,0.9999750134638,1.7828038179321e-05,1.7544037131467e-22,-1.1987513453052e-05,-1.2798915255219e-05,0.0099970829217004,-3.9945085107822e-06,4.0040637208244e-06,-5.1032304608452e-06,-5.4595278521575e-06,-5.0081096879169e-06,0.90002977303569,0.9000218108819,2.5,2.5,-5.2389765841155e-06,-0.00010000000000001
0.20875,0,0.60264769154394,0.60264769154394,0.99995078447593,0.99994195387171,0.99997518040545,0.99997502360088,1.7640528033772e-05,1.7359507411739e-22,-1.2005174459784e-05,-1.2808042017317e-05,0.009997077981087,-3.9524907458783e-06,3.9619454547079e-06,-5.10866441335e-06,-5.4612143853813e-06,-5.0042923342934e-06,0.90002976448396,0.90002188607333,2.5,2.5,-5.2429828873371e-06,-0.0001
0.21,0,0.60264769154394,0.60264769154394,0.99995071102912,0.99994197330293,0.9999751887865,0.99997503363132,1.7454989745473e-05,1.7176918716554e-22,-1.2022649683984e-05,-1.2817072755054e-05,0.009997073092443,-3.9109152003638e-06,3.9202704650092e-06,-5.1140412179686e-06,-5.4628831775467e-06,-5.0005151347356e-06,0.90002975602219,0.90002196047409,2.5,2.5,-5.2469470489693e-06,-0.00010000000000001
0.21125,0,0.60264769154394,0.60264769154394,0.99995063835464,0.99994199252975,0.99997519707939,0.99997504355625,1.7271402603017e-05,1.6996250619035e-22,-1.2039941081626e-05,-1.2826008480536e-05,0.0099970682552215,-3.8697772016139e-06,3.8790340680171e-06,-5.1193614752925e-06,-5.4645344154157e-06,-4.9967776666522e-06,0.90002974764943,0.90002203409247,2.5,2.5,-5.250869512516e-06,-9.9999999999977e-05
0.2125,0,0.60264769154394,0.60264769154394,0.99995056644438,0.99994201155432,0.99997520528505,0.99997505337677,1.7089746110612e-05,1.6817482907929e-22,-1.2057050587937e-05,-1.2834850195274e-05,0.0099970634688813,-3.8290721277953e-06,3.8382316309033e-06,-5.124625779636e-06,-5.4661682837768e-06,-4.9930795119184e-06,0.90002973936475,0.90002210693669,2.5,2.5,-5.2547507167966e-06,-0.00010000000000001
0.21375,0,0.60264769154394,0.60264769154394,0.99995049529031,0.99994203037877,0.99997521340441,0.999975063094,1.6909999986087e-05,1.6640595586053e-22,-1.2073980117632e-05,-1.284359889013e-05,0.009997058732887,-3.7887954072564e-06,3.7978585710953e-06,-5.1298347190975e-06,-5.4677849654625e-06,-4.9894202568307e-06,0.90002973116721,0.90002217901489,2.5,2.5,-5.2585910959959e-06,-9.9999999999991e-05
0.215,0,0.60264769154394,0.60264769154394,0.99995042488449,0.99994204900521,0.99997522143836,0.99997507270901,1.6732144158675e-05,1.646556886627e-22,-1.2090731565145e-05,-1.2852255544938e-05,0.0099970540467089,-3.7489425177617e-06,3.7579103556154e-06,-5.1349888756219e-06,-5.4693846413712e-06,-4.985799492048e-06,0.9000297230559,0.9000222503351,2.5,2.5,-5.2623910797155e-06,-0.00010000000000001
0.21625,0,0.60264769154394,0.60264769154394,0.99995035521907,0.99994206743571,0.99997522938781,0.99997508222288,1.6556158767003e-05,1.6292383170977e-22,-1.2107306804982e-05,-1.2860821129788e-05,0.0099970494098227,-3.7095089859689e-06,3.718382500467e-06,-5.1400888250602e-06,-5.4709674904896e-06,-4.9822168125489e-06,0.90002971502991,0.90002232090529,2.5,2.5,-5.2661510930227e-06,-9.9999999999999e-05
0.2175,0,0.60264769154394,0.60264769154394,0.99995028628626,0.99994208567235,0.99997523725364,0.99997509163667,1.638202415697e-05,1.6121019128833e-22,-1.2123707691654e-05,-1.2869296603729e-05,0.0099970448217097,-3.6704903867947e-06,3.6792705699996e-06,-5.1451351372351e-06,-5.4725336899102e-06,-4.9786718175894e-06,0.90002970708835,0.90002239073335,2.5,2.5,-5.2698715564993e-06,-9.999999999999e-05
0.21875,0,0.60264769154394,0.60264769154394,0.99995021807837,0.99994210371716,0.99997524503674,0.99997510095144,1.6209720879762e-05,1.5951457573007e-22,-1.2139936060211e-05,-1.2877682916142e-05,0.0099970402818567,-3.6318823427456e-06,3.640570176311e-06,-5.1501283760027e-06,-5.4740834148564e-06,-4.9751641106526e-06,0.90002969923032,0.90002245982706,2.5,2.5,-5.2735528862899e-06,-0.00010000000000001
0.22,0,0.60264769154394,0.60264769154394,0.99995015058779,0.99994212157217,0.99997525273798,0.99997511016823,1.6039229689757e-05,1.5783679537766e-22,-1.2155993726241e-05,-1.2885981006084e-05,0.0099970357897561,-3.5936805234421e-06,3.6022769786947e-06,-5.1550690993109e-06,-5.4756168387011e-06,-4.9716932993967e-06,0.90002969145495,0.90002252819414,2.5,2.5,-5.2771954941501e-06,-9.9999999999986e-05
0.22125,0,0.60264769154394,0.60264769154394,0.99995008380697,0.99994213923936,0.99997526035822,0.99997511928807,1.5870531542516e-05,1.5617666259272e-22,-1.2171882486235e-05,-1.2894191802559e-05,0.0099970313449053,-3.5558806449781e-06,3.5643866830094e-06,-5.1599578592581e-06,-5.4771341329842e-06,-4.9682589956282e-06,0.90002968376136,0.90002259584224,2.5,2.5,-5.2807997874931e-06,-0.00010000000000001
0.2225,0,0.60264769154394,0.60264769154394,0.99995001772846,0.99994215672072,0.9999752678983,0.99997512831198,1.5703607592691e-05,1.545339917026e-22,-1.2187604117608e-05,-1.2902316224983e-05,0.0099970269468072,-3.5184784693733e-06,3.5268950411773e-06,-5.1647952021586e-06,-5.4786354674373e-06,-4.9648608152428e-06,0.9000296761487,0.9000226627789,2.5,2.5,-5.2843661694363e-06,-0.0001
0.22375,0,0.60264769154394,0.60264769154394,0.99994995234488,0.9999421740182,0.99997527535907,0.99997513724098,1.5538439192153e-05,1.5290859898908e-22,-1.2203160379065e-05,-1.2910355182691e-05,0.0099970225949699,-3.4814698039588e-06,3.4897978505449e-06,-5.1695816685979e-06,-5.4801210099988e-06,-4.9614983781813e-06,0.90002966861612,0.9000227290116,2.5,2.5,-5.2878950388476e-06,-0.00010000000000001
0.225,0,0.60264769154394,0.60264769154394,0.99994988764893,0.99994219113374,0.99997528274137,0.99997514607605,1.5375007887906e-05,1.5130030267897e-22,-1.2218553010788e-05,-1.2918309575629e-05,0.0099970182889068,-3.4448505010249e-06,3.453090953476e-06,-5.1743177934904e-06,-5.4815909268359e-06,-4.958171308397e-06,0.90002966116276,0.90002279454774,2.5,2.5,-5.2913867903905e-06,-9.9999999999997e-05
0.22625,0,0.60264769154394,0.60264769154394,0.99994982363338,0.99994220806924,0.99997529004603,0.99997515481819,1.521329542009e-05,1.4970892290499e-22,-1.2233783734512e-05,-1.2926180294053e-05,0.0099970140281362,-3.4086164570634e-06,3.4167702366851e-06,-5.1790041061443e-06,-5.4830453823628e-06,-4.9548792338019e-06,0.90002965378781,0.90002285939464,2.5,2.5,-5.2948418145691e-06,-9.9999999999996e-05
0.2275,0,0.60264769154394,0.60264769154394,0.99994976029107,0.99994222482661,0.99997529727385,0.99997516346838,1.5053283720131e-05,1.4813428170584e-22,-1.2248854253784e-05,-1.2933968218903e-05,0.0099970098121817,-3.3727636123641e-06,3.3808316307989e-06,-5.1836411303086e-06,-5.4844845392577e-06,-4.9516217862252e-06,0.90002964649042,0.90002292355955,2.5,2.5,-5.2982604977729e-06,-0.0001
0.22875,0,0.60264769154394,0.60264769154394,0.99994969761494,0.99994224140772,0.99997530442565,0.99997517202758,1.4894954908644e-05,1.465762029849e-22,-1.2263766254321e-05,-1.2941674221735e-05,0.0099970056405718,-3.3372879506109e-06,3.345271109845e-06,-5.1882293842423e-06,-5.485908558487e-06,-4.9483986013891e-06,0.9000296392698,0.90002298704963,2.5,2.5,-5.3016432223199e-06,-9.9999999999989e-05
0.23,0,0.60264769154394,0.60264769154394,0.99994963559798,0.99994225781442,0.99997531150222,0.99997518049675,1.4738291293669e-05,1.4503451250589e-22,-1.2278521403998e-05,-1.2949299164779e-05,0.0099970015128399,-3.3021854980864e-06,3.3100846907029e-06,-5.1927693807637e-06,-5.4873175993171e-06,-4.9452093188338e-06,0.90002963212512,0.90002304987198,2.5,2.5,-5.3049903665005e-06,-0.00010000000000001
0.23125,0,0.60264769154394,0.60264769154394,0.99994957423327,0.99994227404855,0.99997531850437,0.99997518887684,1.458327536859e-05,1.4350903787258e-22,-1.2293121353008e-05,-1.295684390143e-05,0.0099969974285245,-3.2674523235501e-06,3.2752684326662e-06,-5.197261627307e-06,-5.4887118193358e-06,-4.9420535819188e-06,0.90002962505559,0.90002311203362,2.5,2.5,-5.3083023046206e-06,-0.00010000000000001
0.2325,0,0.60264769154394,0.60264769154394,0.99994951351394,0.99994229011193,0.99997532543286,0.99997519716879,1.442988981036e-05,1.4199960848833e-22,-1.2307567734306e-05,-1.2964309275637e-05,0.0099969933871688,-3.2330845373829e-06,3.2408184368819e-06,-5.2017066259823e-06,-5.4900913744707e-06,-4.9389310377385e-06,0.90002961806043,0.90002317354149,2.5,2.5,-5.311579407043e-06,-9.9999999999988e-05
0.23375,0,0.60264769154394,0.60264769154394,0.9999494534332,0.99994230600634,0.99997533228848,0.99997520537351,1.4278117477561e-05,1.4050605557282e-22,-1.2321862163509e-05,-1.2971696122848e-05,0.009996989388321,-3.199078291441e-06,3.206730845991e-06,-5.2061048736246e-06,-5.4914564190049e-06,-4.9358413371219e-06,0.90002961113884,0.90002323440247,2.5,2.5,-5.3148220402302e-06,-0.00010000000000001
0.235,0,0.60264769154394,0.60264769154394,0.99994939398436,0.99994232173357,0.99997533907199,0.99997521349194,1.4127941408579e-05,1.3902821210517e-22,-1.2336006239278e-05,-1.2979005269453e-05,0.0099969854315338,-3.1654297783867e-06,3.1730018435707e-06,-5.2104568618571e-06,-5.4928071055968e-06,-4.9327841345608e-06,0.90002960429005,0.90002329462336,2.5,2.5,-5.3180305667858e-06,-0.0001
0.23625,0,0.60264769154394,0.60264769154394,0.99994933516076,0.99994233729538,0.99997534578415,0.99997522152497,1.3979344819645e-05,1.3756591283566e-22,-1.2350001543393e-05,-1.2986237533138e-05,0.0099969815163647,-3.1321352312709e-06,3.1396276536845e-06,-5.2147630771352e-06,-5.4941435852969e-06,-4.9297590881923e-06,0.9000295975133,0.90002335421088,2.5,2.5,-5.3212053454948e-06,-0.0001
0.2375,0,0.60264769154394,0.60264769154394,0.99994927695584,0.99994235269351,0.99997535242572,0.99997522947351,1.3832311103156e-05,1.3611899425073e-22,-1.2363849640996e-05,-1.2993393722972e-05,0.0099969776423761,-3.0991909231747e-06,3.106604540453e-06,-5.2190240008084e-06,-5.4954660075622e-06,-4.9267658597605e-06,0.90002959080784,0.9000234131717,2.5,2.5,-5.3243467313646e-06,-9.9999999999988e-05
0.23875,0,0.60264769154394,0.60264769154394,0.99994921936307,0.99994236792967,0.99997535899742,0.99997523733845,1.3686823825755e-05,1.3468729455391e-22,-1.2377552080751e-05,-1.300047463957e-05,0.0099969738091346,-3.0665931665004e-06,3.0739288075712e-06,-5.2232401091683e-06,-5.4967745202775e-06,-4.9238041145467e-06,0.9000295841729,0.9000234715124,2.5,2.5,-5.327455075665e-06,-0.00010000000000001
0.24,0,0.60264769154394,0.60264769154394,0.99994916237604,0.99994238300558,0.99997536550001,0.99997524512066,1.3542866726498e-05,1.33270653658e-22,-1.2391110394871e-05,-1.3007481074861e-05,0.0099969700162117,-3.0343383130455e-06,3.0415967979999e-06,-5.2274118735068e-06,-5.4980692697698e-06,-4.9208735213882e-06,0.90002957760775,0.90002352923951,2.5,2.5,-5.3305307259677e-06,-0.0001
0.24125,0,0.60264769154394,0.60264769154394,0.99994910598837,0.99994239792291,0.9999753719342,0.99997525282102,1.3400423715244e-05,1.3186891316215e-22,-1.2404526099681e-05,-1.301441381273e-05,0.0099969662631833,-3.0024227528455e-06,3.0096048932417e-06,-5.2315397601598e-06,-5.4993504008231e-06,-4.9179737525816e-06,0.90002957111165,0.90002358635948,2.5,2.5,-5.3335740261853e-06,-9.999999999999e-05
0.2425,0,0.60264769154394,0.60264769154394,0.99994905019376,0.99994241268335,0.99997537830071,0.99997526044038,1.3259478870635e-05,1.3048191632214e-22,-1.2417800695318e-05,-1.3021273628496e-05,0.0099969625496296,-2.970842914427e-06,2.977949513252e-06,-5.2356242305688e-06,-5.5006180566987e-06,-4.9151044838861e-06,0.90002956468388,0.90002364287869,2.5,2.5,-5.3365853166104e-06,-0.00010000000000001
0.24375,0,0.60264769154394,0.60264769154394,0.99994899498598,0.99994242728853,0.99997538460026,0.9999752679796,1.3120016438596e-05,1.2910950805627e-22,-1.2430935666209e-05,-1.3028061289491e-05,0.0099969588751356,-2.9395952640524e-06,2.9466271158279e-06,-5.2396657413216e-06,-5.5018723791501e-06,-4.9122653944754e-06,0.90002955832372,0.90002369880345,2.5,2.5,-5.3395649339541e-06,-9.9999999999994e-05
0.245,0,0.60264769154394,0.60264769154394,0.99994894035885,0.99994244174009,0.99997539083356,0.99997527543952,1.2982020830365e-05,1.2775153490657e-22,-1.2443932481154e-05,-1.3034777554892e-05,0.0099969552392902,-2.9086763052253e-06,2.9156341961553e-06,-5.2436647442128e-06,-5.503113508434e-06,-4.9094561668897e-06,0.90002955203045,0.90002375414003,2.5,2.5,-5.3425132113825e-06,-9.9999999999992e-05
0.24625,0,0.60264769154394,0.60264769154394,0.99994888630626,0.99994245603964,0.99997539700129,0.99997528282097,1.2845476620985e-05,1.2640784503295e-22,-1.2456792593429e-05,-1.30414231759e-05,0.0099969516416869,-2.878082578603e-06,2.8849672865831e-06,-5.2476216862883e-06,-5.5043415833366e-06,-4.9066764870248e-06,0.90002954580338,0.90002380889459,2.5,2.5,-5.345430478556e-06,-9.9999999999994e-05
0.2475,0,0.60264769154394,0.60264769154394,0.99994883282218,0.99994247018879,0.99997540310415,0.99997529012479,1.2710368547467e-05,1.2507828819196e-22,-1.2469517441126e-05,-1.3047998895721e-05,0.0099969480819236,-2.8478106612318e-06,2.8546229560326e-06,-5.2515370098934e-06,-5.5055567411766e-06,-4.9039260440626e-06,0.90002953964181,0.90002386307328,2.5,2.5,-5.3483170616653e-06,-0.00010000000000001
0.24875,0,0.60264769154394,0.60264769154394,0.99994877990063,0.99994248418912,0.99997540914282,0.99997529735178,1.2576681507109e-05,1.2376271572585e-22,-1.2482108447093e-05,-1.3054505449813e-05,0.0099969445596022,-2.8178571664451e-06,2.8245978096727e-06,-5.255411152728e-06,-5.5067591178335e-06,-4.9012045304769e-06,0.90002953354504,0.90002391668213,2.5,2.5,-5.3511732834682e-06,-9.9999999999991e-05
0.25,0,0.60264769154394,0.60264769154394,0.99994872753569,0.99994249804219,0.99997541511797,0.99997530450276,1.2444400555922e-05,1.2246098054041e-22,-1.2494567019208e-05,-1.3060943565857e-05,0.0099969410743287,-2.7882187432834e-06,2.7948884885765e-06,-5.2592445478896e-06,-5.5079488477498e-06,-4.898511641967e-06,0.9000295275124,0.90002396972714,2.5,2.5,-5.3539994633258e-06,-0.00010000000000001
0.25125,0,0.60264769154394,0.60264769154394,0.99994867572151,0.99994251174956,0.99997542103028,0.99997531157853,1.2313510906876e-05,1.2117293708094e-22,-1.2506894550559e-05,-1.3067313963838e-05,0.0099969376257136,-2.758892076204e-06,2.7654916692635e-06,-5.2630376239228e-06,-5.509126063959e-06,-4.8958470774341e-06,0.90002952154322,0.90002402221425,2.5,2.5,-5.3567959172389e-06,-0.0001
0.2525,0,0.60264769154394,0.60264769154394,0.9999486244523,0.99994252531274,0.9999754268804,0.99997531857987,1.2183997928314e-05,1.1989844133162e-22,-1.2519092419601e-05,-1.307361735611e-05,0.0099969342133713,-2.7298738846177e-06,2.736404063293e-06,-5.2667908048721e-06,-5.5102908980903e-06,-4.8932105389514e-06,0.90002951563682,0.90002407414931,2.5,2.5,-5.3595629578828e-06,-0.0001
0.25375,0,0.60264769154394,0.60264769154394,0.99994857372232,0.99994253873327,0.99997543266899,0.99997532550757,1.2055847142324e-05,1.1863735079088e-22,-1.2531161990209e-05,-1.3079854447762e-05,0.0099969308369201,-2.7011609225661e-06,2.7076224169927e-06,-5.270504510317e-06,-5.5114434803894e-06,-4.8906017317192e-06,0.90002950979254,0.90002412553814,2.5,2.5,-5.3623008946427e-06,-9.9999999999993e-05
0.255,0,0.60264769154394,0.60264769154394,0.99994852352591,0.99994255201264,0.99997543839669,0.9999753323624,1.192904422309e-05,1.1738952446134e-22,-1.2543104611935e-05,-1.3086025936064e-05,0.0099969274959826,-2.6727499784429e-06,2.679143510979e-06,-5.274179155433e-06,-5.5125839397312e-06,-4.8880203640554e-06,0.90002950400973,0.90002417638647,2.5,2.5,-5.3650100336483e-06,-9.9999999999998e-05
0.25625,0,0.60264769154394,0.60264769154394,0.99994847385745,0.99994256515234,0.99997544406416,0.99997533914514,1.1803574995409e-05,1.1615482281371e-22,-1.2554921620168e-05,-1.3092132511401e-05,0.0099969241901853,-2.6446378743435e-06,2.6509641598635e-06,-5.2778151510297e-06,-5.5137124036326e-06,-4.8854661473307e-06,0.90002949828775,0.9000242267,2.5,2.5,-5.3676906778084e-06,-0.0001
0.2575,0,0.60264769154394,0.60264769154394,0.9999484247114,0.99994257815383,0.99997544967201,0.99997534585653,1.1679425432973e-05,1.1493310780419e-22,-1.256661433613e-05,-1.3098174856343e-05,0.0099969209191585,-2.6168214660427e-06,2.6230812118227e-06,-5.2814129035944e-06,-5.5148289982718e-06,-4.8829387959571e-06,0.90002949262595,0.90002427648434,2.5,2.5,-5.3703431268446e-06,-9.9999999999991e-05
0.25875,0,0.60264769154394,0.60264769154394,0.99994837608226,0.99994259101858,0.99997545522087,0.99997535249733,1.1556581656973e-05,1.1372424283694e-22,-1.2578184067296e-05,-1.3104153646842e-05,0.0099969176825364,-2.5892976423443e-06,2.5954915482408e-06,-5.2849728153465e-06,-5.5159338484962e-06,-4.8804380273659e-06,0.9000294870237,0.90002432574507,2.5,2.5,-5.3729676773252e-06,-0.00010000000000001
0.26,0,0.60264769154394,0.60264769154394,0.99994832796458,0.99994260374801,0.99997546071138,0.99997535906829,1.1435029934385e-05,1.1252809274216e-22,-1.2589632107271e-05,-1.3110069551275e-05,0.0099969144799573,-2.5620633249417e-06,2.5681920834804e-06,-5.2884952842699e-06,-5.5170270778406e-06,-4.8779635619332e-06,0.90002948148038,0.90002437448768,2.5,2.5,-5.3755646226977e-06,-0.0001
0.26125,0,0.60264769154394,0.60264769154394,0.999948280353,0.99994261634355,0.99997546614413,0.99997536557013,1.1314756676585e-05,1.1134452378921e-22,-1.2600959736042e-05,-1.31159232313e-05,0.0099969113110629,-2.5351154679343e-06,2.541179764325e-06,-5.2919807041697e-06,-5.5181088085395e-06,-4.8755151230006e-06,0.90002947599536,0.90002442271763,2.5,2.5,-5.3781342533229e-06,-9.999999999999e-05
0.2625,0,0.60264769154394,0.60264769154394,0.99994823324219,0.99994262880661,0.99997547151975,0.99997537200358,1.1195748437798e-05,1.1017340363701e-22,-1.2612168220198e-05,-1.3121715341344e-05,0.0099969081754991,-2.5084510575984e-06,2.5144515698165e-06,-5.2954294647095e-06,-5.5191791615439e-06,-4.8730924368172e-06,0.90002947056804,0.90002447044031,2.5,2.5,-5.3806768565064e-06,-9.9999999999995e-05
0.26375,0,0.60264769154394,0.60264769154394,0.99994818662689,0.99994264113858,0.99997547683882,0.99997537836937,1.1077991913539e-05,1.0901460135418e-22,-1.2623258812991e-05,-1.3127446529195e-05,0.0099969050729152,-2.4820671117921e-06,2.4880045107666e-06,-5.2988419514531e-06,-5.5202382565255e-06,-4.8706952325005e-06,0.9000294651978,0.90002451766106,2.5,2.5,-5.3831927165312e-06,-0.0001
0.265,0,0.60264769154394,0.60264769154394,0.99994814050188,0.99994265334085,0.99997548210195,0.9999753846682,1.0961473939203e-05,1.0786798736982e-22,-1.2634232754379e-05,-1.3133117435651e-05,0.0099969020029644,-2.4559606799772e-06,2.4618356295209e-06,-5.3022185459138e-06,-5.521286211904e-06,-4.8683232420255e-06,0.90002945988404,0.90002456438514,2.5,2.5,-5.3856821146897e-06,-0.00010000000000001
0.26625,0,0.60264769154394,0.60264769154394,0.999948094862,0.99994266541477,0.99997548730972,0.99997539090078,1.0846181488623e-05,1.0673343349325e-22,-1.2645091271426e-05,-1.3138728694896e-05,0.0099968989653033,-2.4301288427218e-06,2.435941999647e-06,-5.3055596255907e-06,-5.5223231448513e-06,-4.8659762001904e-06,0.90002945462618,0.9000246106178,2.5,2.5,-5.388145329315e-06,-9.9999999999992e-05
0.2675,0,0.60264769154394,0.60264769154394,0.99994804970216,0.9999426773617,0.99997549246271,0.9999753970678,1.0732101672492e-05,1.0561081286277e-22,-1.2655835578142e-05,-1.3144280934228e-05,0.0099968959595924,-2.4045687111042e-06,2.4103207253705e-06,-5.3088655640143e-06,-5.5233491713032e-06,-4.863653844575e-06,0.90002944942361,0.90002465636418,2.5,2.5,-5.3905826358119e-06,-0.00010000000000001
0.26875,0,0.60264769154394,0.60264769154394,0.99994800501731,0.99994268918297,0.9999754975615,0.99997540316996,1.0619221737103e-05,1.0449999997176e-22,-1.2666466875939e-05,-1.3149774774489e-05,0.0099968929854957,-2.3792774268923e-06,2.384968941602e-06,-5.3121367307869e-06,-5.5243644059792e-06,-4.8613559155237e-06,0.90002944427577,0.90002470162942,2.5,2.5,-5.3929943066881e-06,-0.0001
0.27,0,0.60264769154394,0.60264769154394,0.99994796080244,0.9999427008799,0.99997550260667,0.99997540920794,1.0507529062779e-05,1.0340087062119e-22,-1.2676986353402e-05,-1.3155210830116e-05,0.0099968900426804,-2.3542521618689e-06,2.3598838133246e-06,-5.3153734916261e-06,-5.5253689623923e-06,-4.8590821561181e-06,0.90002943918207,0.90002474641856,2.5,2.5,-5.3953806115846e-06,-0.0001
0.27125,0,0.60264769154394,0.60264769154394,0.99994791705262,0.9999427124538,0.99997550759877,0.99997541518241,1.0397011162515e-05,1.0231330191786e-22,-1.2687395186811e-05,-1.3160589708788e-05,0.0099968871308178,-2.3294901175338e-06,2.3350625354063e-06,-5.3185762084023e-06,-5.5263629528568e-06,-4.85683231213e-06,0.90002943414195,0.90002479073662,2.5,2.5,-5.397741817306e-06,-9.9999999999999e-05
0.2725,0,0.60264769154394,0.60264769154394,0.99994787376296,0.99994272390597,0.99997551253836,0.99997542109404,1.0287655680662e-05,1.0123717226649e-22,-1.2697694539753e-05,-1.3165912012018e-05,0.0099968842495821,-2.3049885249604e-06,2.3105023322518e-06,-5.3217452391798e-06,-5.5273464885109e-06,-4.8546061320169e-06,0.90002942915484,0.90002483458855,2.5,2.5,-5.4000781878497e-06,-9.9999999999995e-05
0.27375,0,0.60264769154394,0.60264769154394,0.99994783092862,0.99994273523769,0.999975517426,0.99997542694349,1.0179450391424e-05,1.0017236135311e-22,-1.2707885563938e-05,-1.3171178334879e-05,0.0099968813986513,-2.280744644316e-06,2.2862004574963e-06,-5.3248809382582e-06,-5.5283196793188e-06,-4.8524033668773e-06,0.90002942422019,0.90002487797925,2.5,2.5,-5.4023899844366e-06,-0.00010000000000001
0.275,0,0.60264769154394,0.60264769154394,0.9999477885448,0.99994274645022,0.99997552226224,0.99997543273141,1.007238319759e-05,9.9118750121786e-23,-1.2717969398732e-05,-1.3176389266136e-05,0.0099968785777066,-2.2567557646793e-06,2.2621541937253e-06,-5.3279836562129e-06,-5.5292826340932e-06,-4.8502237704263e-06,0.90002941933744,0.90002492091358,2.5,2.5,-5.4046774655395e-06,-9.9999999999993e-05
0.27625,0,0.60264769154394,0.60264769154394,0.99994774660677,0.99994275754481,0.9999755270476,0.99997543845846,9.9664421291113e-06,9.807622077437e-23,-1.2727947171608e-05,-1.3181545388537e-05,0.0099968757864326,-2.2330192035588e-06,2.2383608520197e-06,-5.331053739931e-06,-5.5302354604954e-06,-4.8480670989825e-06,0.90002941450604,0.90002496339633,2.5,2.5,-5.4069408869119e-06,-9.9999999999995e-05
0.2775,0,0.60264769154394,0.60264769154394,0.99994770510984,0.99994276852272,0.99997553178263,0.99997544412528,9.8616153418665e-06,9.7044656747386e-23,-1.2737819998141e-05,-1.3186647278596e-05,0.0099968730245172,-2.2095323067631e-06,2.2148177718875e-06,-5.3340915326498e-06,-5.531178265062e-06,-4.8459331114024e-06,0.90002940972546,0.90002500543225,2.5,2.5,-5.4091805016178e-06,-0.00010000000000001
0.27875,0,0.60264769154394,0.60264769154394,0.99994766404938,0.99994277938515,0.99997553646786,0.99997544973248,9.7578911162199e-06,9.6023942709337e-23,-1.2747588982183e-05,-1.3191695506671e-05,0.0099968702916517,-2.1862924480946e-06,2.1915223208066e-06,-5.3370973740016e-06,-5.5321111532002e-06,-4.8438215691028e-06,0.90002940499517,0.90002504702605,2.5,2.5,-5.4113965600582e-06,-9.9999999999986e-05
0.28,0,0.60264769154394,0.60264769154394,0.99994762342078,0.99994279013334,0.99997554110381,0.99997545528071,9.6552578557958e-06,9.5013964536849e-23,-1.275725521594e-05,-1.3196690637254e-05,0.0099968675875304,-2.1632970289349e-06,2.1684718939451e-06,-5.3400716000425e-06,-5.5330342292168e-06,-4.8417322359995e-06,0.90002940031463,0.90002508818237,2.5,2.5,-5.4135893100008e-06,-0.00010000000000001
0.28125,0,0.60264769154394,0.60264769154394,0.99994758321952,0.99994280076847,0.999975545691,0.99997546077059,9.5537040861884e-06,9.4014609317734e-23,-1.2766819780223e-05,-1.320163322886e-05,0.009996864911851,-2.1405434780325e-06,2.1456639138984e-06,-5.3430145432973e-06,-5.5339475963144e-06,-4.8396648785013e-06,0.90002939568331,0.90002512890581,2.5,2.5,-5.4157589966069e-06,-0.0001
0.2825,0,0.60264769154394,0.60264769154394,0.99994754344109,0.99994281129175,0.99997555022994,0.99997546620272,9.4532184536112e-06,9.3025765301383e-23,-1.277628374438e-05,-1.3206523834046e-05,0.0099968622643145,-2.1180292511666e-06,2.1230958304248e-06,-5.3459265327918e-06,-5.5348513566143e-06,-4.8376192654507e-06,0.90002939110071,0.90002516920093,2.5,2.5,-5.4179058624588e-06,-9.9999999999991e-05
0.28375,0,0.60264769154394,0.60264769154394,0.99994750408104,0.99994282170434,0.99997555472113,0.99997547157772,9.3537897236968e-06,9.204732194284e-23,-1.2785648166442e-05,-1.321136299976e-05,0.0099968596446247,-2.0957518310126e-06,2.1007651200601e-06,-5.3488078940935e-06,-5.535745611162e-06,-4.835595168154e-06,0.90002938656631,0.90002520907223,2.5,2.5,-5.4200301475874e-06,-0.0001
0.285,0,0.60264769154394,0.60264769154394,0.99994746513498,0.99994283200741,0.9999755591651,0.99997547689618,9.2554067802105e-06,9.1079169847473e-23,-1.2794914093582e-05,-1.3216151266936e-05,0.0099968570524888,-2.0737087265706e-06,2.078669285946e-06,-5.3516589493436e-06,-5.5366304599405e-06,-4.8335923602985e-06,0.90002938207961,0.90002524852417,2.5,2.5,-5.4221320894985e-06,-0.00010000000000001
0.28625,0,0.60264769154394,0.60264769154394,0.99994742659855,0.99994284220212,0.99997556356232,0.99997548215871,9.1580586238274e-06,9.0121200768752e-23,-1.2804082561671e-05,-1.3220889170988e-05,0.009996854487617,-2.0518974731443e-06,2.0568058574647e-06,-5.3544800172976e-06,-5.5375060018789e-06,-4.8316106179602e-06,0.90002937764009,0.90002528756115,2.5,2.5,-5.4242119231996e-06,-9.9999999999995e-05
0.2875,0,0.60264769154394,0.60264769154394,0.99994738846745,0.99994285228959,0.99997556791329,0.99997548736588,9.0617343709163e-06,8.9173307596008e-23,-1.2813154595825e-05,-1.3225577241681e-05,0.0099968519497224,-2.0303156320075e-06,2.0351723900383e-06,-5.3572714133563e-06,-5.5383723348699e-06,-4.8296497195699e-06,0.90002937324727,0.90002532618756,2.5,2.5,-5.4262698812266e-06,-0.00010000000000001
0.28875,0,0.60264769154394,0.60264769154394,0.99994735073741,0.99994286227097,0.99997557221849,0.99997549251828,8.9664232522498e-06,8.8235384359765e-23,-1.2822131210302e-05,-1.3230216003123e-05,0.0099968494385214,-2.0089607900401e-06,2.0137664647869e-06,-5.3600334496073e-06,-5.5392295557743e-06,-4.8277094458947e-06,0.90002936890065,0.90002536440769,2.5,2.5,-5.4283061936693e-06,-9.9999999999992e-05
0.29,0,0.60264769154394,0.60264769154394,0.99994731340421,0.99994287214736,0.99997557647842,0.99997549761649,8.8721146118773e-06,8.7307326185314e-23,-1.2831013408832e-05,-1.323480597405e-05,0.0099968469537332,-1.9878305595563e-06,1.9925856882975e-06,-5.3627664348514e-06,-5.5400777604339e-06,-4.8257895799995e-06,0.90002936459975,0.90002540222583,2.5,2.5,-5.430321088197e-06,-0.0001
0.29125,0,0.60264769154394,0.60264769154394,0.99994727646368,0.99994288191987,0.99997558069353,0.99997550266108,8.7787979059538e-06,8.638902931969e-23,-1.2839802184406e-05,-1.3239347667504e-05,0.00999684449508,-1.9669225778942e-06,1.9716276922905e-06,-5.3654706746446e-06,-5.5409170436804e-06,-4.8238899072342e-06,0.90002936034409,0.9000254396462,2.5,2.5,-5.4323147900846e-06,-9.9999999999999e-05
0.2925,0,0.60264769154394,0.60264769154394,0.99994723991169,0.9999428915896,0.99997558486432,0.99997550765261,8.6864627014516e-06,8.5480391088014e-23,-1.2848498519702e-05,-1.3243841591492e-05,0.0099968420622869,-1.9462345074334e-06,1.9508901335296e-06,-5.3681464713265e-06,-5.5417474993503e-06,-4.8220102152079e-06,0.90002935613319,0.90002547667299,2.5,2.5,-5.4342875222371e-06,-0.0001
0.29375,0,0.60264769154394,0.60264769154394,0.99994720374415,0.99994290115762,0.99997558899123,0.99997551259164,8.5950986751328e-06,8.4581309903011e-23,-1.2857103386966e-05,-1.3248288248182e-05,0.0099968396550818,-1.9257640349377e-06,1.9303706932528e-06,-5.3707941240604e-06,-5.5425692202951e-06,-4.8201502937566e-06,0.90002935196658,0.90002551331034,2.5,2.5,-5.4362395052152e-06,-0.0001
0.295,0,0.60264769154394,0.60264769154394,0.99994716795702,0.999942910625,0.99997559307474,0.99997551747871,8.5046956122876e-06,8.3691685243581e-23,-1.286561774828e-05,-1.3252688134988e-05,0.0099968372731957,-1.9055088716969e-06,1.9100670772677e-06,-5.3734139288616e-06,-5.5433822983843e-06,-4.8183099349404e-06,0.90002934784379,0.90002554956234,2.5,2.5,-5.4381709572597e-06,-0.0001
0.29625,0,0.60264769154394,0.60264769154394,0.9999471325463,0.99994291999281,0.9999755971153,0.99997552231439,8.4152434056301e-06,8.2811417646096e-23,-1.2874042555707e-05,-1.3257041743658e-05,0.0099968349163623,-1.8854667529735e-06,1.8899770154305e-06,-5.3760061786309e-06,-5.5441868245267e-06,-4.8164889329941e-06,0.90002934376437,0.90002558543304,2.5,2.5,-5.4400820943152e-06,-0.0001
0.2975,0,0.60264769154394,0.60264769154394,0.99994709750803,0.99994292926208,0.99997560111336,0.99997552709921,8.3267320542003e-06,8.1940408689503e-23,-1.2882378751013e-05,-1.3261349561173e-05,0.009996832584318,-1.8656354378983e-06,1.8700982614915e-06,-5.3785711631904e-06,-5.5449828886703e-06,-4.8146870843245e-06,0.90002933972785,0.90002562092646,2.5,2.5,-5.4419731300559e-06,-9.9999999999986e-05
0.29875,0,0.60264769154394,0.60264769154394,0.99994706283828,0.99994293843386,0.99997560506937,0.99997553183369,8.2391516622128e-06,8.1078560994242e-23,-1.2890627266278e-05,-1.3265612068995e-05,0.0099968302768021,-1.8460127091125e-06,1.8504285928248e-06,-5.3811091693134e-06,-5.5457705798193e-06,-4.8129041874744e-06,0.90002933573379,0.90002565604657,2.5,2.5,-5.4438442759077e-06,-0.00010000000000002
0.3,0,0.60264769154394,0.60264769154394,0.99994702853319,0.99994294750917,0.99997560898377,0.99997553651839,8.152492437919e-06,8.0225778202337e-23,-1.2898789023793e-05,-1.326982974378e-05,0.0099968279935566,-1.8265963727033e-06,1.8309658102362e-06,-5.3836204807562e-06,-5.5465499860403e-06,-4.811140043107e-06,0.90002933178174,0.90002569079728,2.5,2.5,-5.4456957410731e-06,-9.9999999999986e-05
0.30125,0,0.60264769154394,0.60264769154394,0.99994699458893,0.99994295648903,0.999975612857,0.9999755411538,8.0667446926232e-06,7.9381964966007e-23,-1.2906864935966e-05,-1.3274003057022e-05,0.0099968257343263,-1.8073842577374e-06,1.8117077376121e-06,-5.3861053782934e-06,-5.5473211944771e-06,-4.8093944539867e-06,0.90002932787126,0.90002572518249,2.5,2.5,-5.4475277325539e-06,-0.00010000000000001
0.3025,0,0.60264769154394,0.60264769154394,0.99994696100168,0.99994296537444,0.99997561668949,0.99997554574047,7.9818988394665e-06,7.8547026943239e-23,-1.2914855905841e-05,-1.3278132475367e-05,0.0099968234988586,-1.7883742161559e-06,1.792652221749e-06,-5.3885641397417e-06,-5.5480842913526e-06,-4.8076672249499e-06,0.90002932400191,0.90002575920604,2.5,2.5,-5.4493404551748e-06,-9.9999999999996e-05
0.30375,0,0.60264769154394,0.60264769154394,0.99994692776771,0.99994297416639,0.99997562048167,0.99997555027889,7.8979453924428e-06,7.7720870787036e-23,-1.2922762826794e-05,-1.3282218460498e-05,0.0099968212869034,-1.7695641225202e-06,1.7737971321297e-06,-5.3909970400001e-06,-5.5488393619848e-06,-4.8059581628817e-06,0.90002932017325,0.90002579287173,2.5,2.5,-5.4511341116057e-06,-0.00010000000000001
0.305,0,0.60264769154394,0.60264769154394,0.99994689488329,0.99994298286587,0.99997562423396,0.99997555476957,7.8148749653217e-06,7.6903404128416e-23,-1.2930586582821e-05,-1.3286261469237e-05,0.0099968190982136,-1.7509518736851e-06,1.7551403606005e-06,-5.3934043510754e-06,-5.5495864907931e-06,-4.8042670766986e-06,0.90002931638487,0.90002582618333,2.5,2.5,-5.4529089023854e-06,-9.9999999999995e-05
0.30625,0,0.60264769154394,0.60264769154394,0.99994686234475,0.99994299147384,0.99997562794679,0.99997555921302,7.732678270575e-06,7.6094535573565e-23,-1.2938328048681e-05,-1.3290261953639e-05,0.0099968169325443,-1.7325353887676e-06,1.7366798212281e-06,-5.3957863421119e-06,-5.5503257613114e-06,-4.8025937773413e-06,0.90002931263633,0.90002585914457,2.5,2.5,-5.4546650259428e-06,-0.0001
0.3075,0,0.60264769154394,0.60264769154394,0.99994683014844,0.99994299999128,0.99997563162056,0.99997556360974,7.6513461183636e-06,7.5294174682765e-23,-1.2945988089941e-05,-1.3294220360984e-05,0.0099968147896536,-1.7143126085324e-06,1.7184134499667e-06,-5.3981432794255e-06,-5.5510572561912e-06,-4.8009380777118e-06,0.90002930892722,0.90002589175912,2.5,2.5,-5.4564026786202e-06,-9.9999999999995e-05
0.30875,0,0.60264769154394,0.60264769154394,0.99994679829078,0.99994300841913,0.99997563525569,0.99997556796021,7.5708694154837e-06,7.4502231977192e-23,-1.2953567562941e-05,-1.3298137133828e-05,0.0099968126693017,-1.696281495711e-06,1.700339204548e-06,-5.4004754265294e-06,-5.5517810572183e-06,-4.7992997927127e-06,0.90002930525712,0.90002592403063,2.5,2.5,-5.458122054694e-06,-0.00010000000000001
0.31,0,0.60264769154394,0.60264769154394,0.99994676676819,0.99994301675834,0.99997563885259,0.99997557226492,7.4912391644066e-06,7.3718618909103e-23,-1.296106731522e-05,-1.3302012709985e-05,0.0099968105712516,-1.6784400341976e-06,1.6824550641461e-06,-5.4027830441639e-06,-5.5524972453181e-06,-4.7976787391639e-06,0.90002930162563,0.90002595596271,2.5,2.5,-5.4598233463981e-06,-9.9999999999988e-05
0.31125,0,0.60264769154394,0.60264769154394,0.99994673557716,0.99994302500984,0.99997564241166,0.99997557652436,7.4124464622171e-06,7.294324787106e-23,-1.2968488185141e-05,-1.3305847523007e-05,0.0099968084952689,-1.6607862292779e-06,1.6647590292115e-06,-5.4050663903306e-06,-5.5532059005606e-06,-4.7960747358325e-06,0.90002929803233,0.90002598755894,2.5,2.5,-5.4615067439437e-06,-0.00010000000000001
0.3125,0,0.60264769154394,0.60264769154394,0.99994670471419,0.99994303317454,0.9999756459333,0.99997558073899,7.3344824996203e-06,7.2176032177662e-23,-1.2975831002509e-05,-1.3309642001449e-05,0.0099968064411212,-1.643318107116e-06,1.6472491212289e-06,-5.4073257203171e-06,-5.5539071021787e-06,-4.7944876033783e-06,0.90002929447682,0.90002601882283,2.5,2.5,-5.4631724355417e-06,-9.999999999999e-05
0.31375,0,0.60264769154394,0.60264769154394,0.99994667417584,0.99994304125337,0.99997564941789,0.9999755849093,7.2573385600087e-06,7.1416886038919e-23,-1.298309658822e-05,-1.3313396569556e-05,0.0099968044085791,-1.6260337146927e-06,1.6299233824694e-06,-5.4095612867208e-06,-5.5546009285689e-06,-4.7929171643603e-06,0.90002929095871,0.9000260497579,2.5,2.5,-5.4648206074233e-06,-0.0001
0.315,0,0.60264769154394,0.60264769154394,0.9999466439587,0.99994304924723,0.99997565286583,0.99997558903574,7.1810060184194e-06,7.0665724590538e-23,-1.2990285754569e-05,-1.3317111647174e-05,0.0099968023974152,-1.6089311195059e-06,1.6127798758315e-06,-5.4117733394881e-06,-5.5552874573038e-06,-4.7913632431918e-06,0.9000292874776,0.9000260803676,2.5,2.5,-5.4664514438609e-06,-0.0001
0.31625,0,0.60264769154394,0.60264769154394,0.99994661405937,0.99994305715701,0.99997565627751,0.99997559311878,7.1054763406014e-06,6.9922463844279e-23,-1.2997399305399e-05,-1.3320787649656e-05,0.0099968004074047,-1.5920084094077e-06,1.5958166845764e-06,-5.413962125934e-06,-5.5559667651406e-06,-4.7898256661419e-06,0.90002928403311,0.90002611065534,2.5,2.5,-5.4680651271885e-06,-0.0001
0.3175,0,0.60264769154394,0.60264769154394,0.99994658447452,0.99994306498359,0.9999756596533,0.99997559715888,7.0307410821378e-06,6.9187020701655e-23,-1.3004438036061e-05,-1.332442498794e-05,0.0099967984383251,-1.575263692247e-06,1.5790319120771e-06,-5.4161278907738e-06,-5.5566389280278e-06,-4.7883042612977e-06,0.90002928062485,0.90002614062452,2.5,2.5,-5.4696618378225e-06,-9.9999999999998e-05
0.31875,0,0.60264769154394,0.60264769154394,0.99994655520085,0.99994307272785,0.99997566299359,0.99997560115648,6.9567918872958e-06,6.8459312938512e-23,-1.3011402733426e-05,-1.3328024068851e-05,0.0099967964899562,-1.5586950960628e-06,1.5624236818166e-06,-5.4182708761458e-06,-5.5573040211187e-06,-4.7867988585631e-06,0.90002927725244,0.90002617027849,2.5,2.5,-5.471241754282e-06,-9.9999999999997e-05
0.32,0,0.60264769154394,0.60264769154394,0.99994652623508,0.99994308039066,0.99997566629874,0.99997560511203,6.883620488353e-06,6.7739259188508e-23,-1.3018294176231e-05,-1.3331585294563e-05,0.0099967945620802,-1.5423007682703e-06,1.5459901368058e-06,-5.4203913216448e-06,-5.5579621187693e-06,-4.7853092896353e-06,0.90002927391549,0.90002619962056,2.5,2.5,-5.4728050532076e-06,-0.0001
0.32125,0,0.60264769154394,0.60264769154394,0.99994649757397,0.99994308797288,0.99997566956913,0.99997560902598,6.8112187044749e-06,6.7026778954319e-23,-1.3025113134924e-05,-1.3335109063413e-05,0.0099967926544816,-1.5260788758463e-06,1.529729439719e-06,-5.4224894643429e-06,-5.55861329456e-06,-4.7838353879584e-06,0.90002927061365,0.90002622865401,2.5,2.5,-5.4743519093825e-06,-0.00010000000000001
0.3225,0,0.60264769154394,0.60264769154394,0.99994646921431,0.99994309547534,0.99997567280512,0.99997561289877,6.7395784408973e-06,6.6321792574888e-23,-1.3031860371964e-05,-1.3338595769279e-05,0.0099967907669471,-1.5100276052662e-06,1.5136397725524e-06,-5.4245655388234e-06,-5.5592576212961e-06,-4.7823769887576e-06,0.90002926734653,0.90002625738209,2.5,2.5,-5.4758824957517e-06,-0.00010000000000001
0.32375,0,0.60264769154394,0.60264769154394,0.99994644115295,0.99994310289889,0.99997567600708,0.99997561673082,6.6686916879678e-06,6.5624221228351e-23,-1.3038536641669e-05,-1.3342045802047e-05,0.0099967888992657,-1.4941451617857e-06,1.4977193363791e-06,-5.4266197771958e-06,-5.5598951710133e-06,-4.7809339289715e-06,0.90002926411378,0.90002628580801,2.5,2.5,-5.4773969834406e-06,-9.9999999999988e-05
0.325,0,0.60264769154394,0.60264769154394,0.99994641338673,0.99994311024436,0.99997567917536,0.99997562052256,6.5985505203064e-06,6.4933986926246e-23,-1.3045142690489e-05,-1.3345459547441e-05,0.0099967870512285,-1.4784297697297e-06,1.4819663512158e-06,-5.428652409132e-06,-5.5605260149943e-06,-4.779506047264e-06,0.90002926091503,0.90002631393495,2.5,2.5,-5.478895541775e-06,-9.9999999999999e-05
0.32625,0,0.60264769154394,0.60264769154394,0.99994638591255,0.99994311751257,0.99997568231031,0.99997562427443,6.5291470958751e-06,6.4251012494997e-23,-1.3051679256946e-05,-1.3348837386988e-05,0.0099967852226289,-1.4628796720143e-06,1.4663790558097e-06,-5.4306636618893e-06,-5.5611502237687e-06,-4.7780931839905e-06,0.90002925774992,0.90002634176606,2.5,2.5,-5.4803783383e-06,-9.9999999999998e-05
0.3275,0,0.60264769154394,0.60264769154394,0.99994635872735,0.99994312470434,0.99997568541229,0.99997562798683,6.460473655114e-06,6.3575221575916e-23,-1.3058147071989e-05,-1.3352179698562e-05,0.0099967834132625,-1.4474931300941e-06,1.4509557074283e-06,-5.4326537603313e-06,-5.5617678671265e-06,-4.7766951811889e-06,0.90002925461811,0.90002636930443,2.5,2.5,-5.4818455387978e-06,-9.9999999999998e-05
0.32875,0,0.60264769154394,0.60264769154394,0.99994633182808,0.99994313182046,0.99997568848165,0.99997563166018,6.3925225201146e-06,6.2906538613573e-23,-1.3064546858609e-05,-1.3355486855793e-05,0.0099967816229269,-1.4322684236355e-06,1.4356945816683e-06,-5.4346229269609e-06,-5.5623790141222e-06,-4.7753118825491e-06,0.90002925151923,0.90002639655316,2.5,2.5,-5.4832973073076e-06,-0.0001
0.33,0,0.60264769154394,0.60264769154394,0.99994630521174,0.99994313886173,0.99997569151872,0.9999756352949,6.3252860936629e-06,6.2244888847828e-23,-1.3070879332431e-05,-1.3358759228259e-05,0.0099967798514221,-1.4172038504904e-06,1.4205939722415e-06,-5.4365713819353e-06,-5.562983733085e-06,-4.7739431334271e-06,0.90002924845295,0.90002642351529,2.5,2.5,-5.4847338061426e-06,-0.00010000000000001
0.33125,0,0.60264769154394,0.60264769154394,0.99994627887534,0.99994314582895,0.99997569452384,0.99997563889139,6.2587568584856e-06,6.1590198300092e-23,-1.3077145201346e-05,-1.3361997182072e-05,0.00999677809855,-1.4022977263581e-06,1.4056521908725e-06,-5.4384993431007e-06,-5.563582091624e-06,-4.7725887807808e-06,0.90002924541892,0.90002645019384,2.5,2.5,-5.4861551959092e-06,-0.0001
0.3325,0,0.60264769154394,0.60264769154394,0.99994625281596,0.99994315272288,0.99997569749736,0.99997564245005,6.1929273763689e-06,6.0942393777586e-23,-1.3083345166049e-05,-1.3365201079165e-05,0.0099967763641145,-1.3875483846309e-06,1.3908675669643e-06,-5.4404070260109e-06,-5.5641741566385e-06,-4.7712486731875e-06,0.9000292424168,0.90002647659178,2.5,2.5,-5.4875616355243e-06,-0.0001
0.33375,0,0.60264769154394,0.60264769154394,0.99994622703066,0.9999431595443,0.9999757004396,0.99997564597128,6.127790287358e-06,6.0301402849195e-23,-1.3089479919519e-05,-1.3368371277683e-05,0.0099967746479217,-1.372954176311e-06,1.3762384475378e-06,-5.4422946439517e-06,-5.5647599943239e-06,-4.7699226608254e-06,0.90002923944626,0.90002650271207,2.5,2.5,-5.4889532822335e-06,-9.9999999999985e-05
0.335,0,0.60264769154394,0.60264769154394,0.99994620151657,0.99994316629398,0.9999757033509,0.99997564945547,6.0633383088683e-06,5.9667153852741e-23,-1.3095550147862e-05,-1.3371508132078e-05,0.0099967729497799,-1.358513469683e-06,1.3617631970186e-06,-5.4441624079654e-06,-5.5653396701786e-06,-4.768610595434e-06,0.90002923650696,0.90002652855763,2.5,2.5,-5.4903302916283e-06,-0.0001
0.33625,0,0.60264769154394,0.60264769154394,0.99994617627084,0.99994317297266,0.99997570623158,0.99997565290302,5.9995642349139e-06,5.9039575874243e-23,-1.3101556529636e-05,-1.3374611993041e-05,0.0099967712694991,-1.3442246502235e-06,1.3474401969855e-06,-5.4460105268745e-06,-5.5659132490145e-06,-4.7673123303232e-06,0.90002923359858,0.90002655413134,2.5,2.5,-5.4916928176639e-06,-9.9999999999998e-05
0.3375,0,0.60264769154394,0.60264769154394,0.99994615129065,0.9999431795811,0.99997570908195,0.9999756563143,5.9364609353555e-06,5.8418598750567e-23,-1.3107499736356e-05,-1.3377683207709e-05,0.0099967696068914,-1.3300861203664e-06,1.3332678460682e-06,-5.4478392073062e-06,-5.5664807949581e-06,-4.7660277203399e-06,0.90002923072079,0.90002657943608,2.5,2.5,-5.4930410126761e-06,-0.0001
0.33875,0,0.60264769154394,0.60264769154394,0.9999461265732,0.99994318612003,0.99997571190235,0.99997565968971,5.8740213549779e-06,5.7804153052038e-23,-1.3113380432564e-05,-1.3380722119376e-05,0.0099967679617711,-1.3160962993437e-06,1.3192445597239e-06,-5.4496486537139e-06,-5.5670423714635e-06,-4.7647566218597e-06,0.90002922787326,0.90002660447466,2.5,2.5,-5.4943750273981e-06,-9.9999999999999e-05
0.34,0,0.60264769154394,0.60264769154394,0.99994610211572,0.99994319259018,0.99997571469308,0.99997566302961,5.8122385128216e-06,5.7196170083001e-23,-1.3119199275728e-05,-1.3383729067864e-05,0.0099967663339541,-1.3022536230842e-06,1.3053687701106e-06,-5.4514390684012e-06,-5.5675980413179e-06,-4.7634988927727e-06,0.90002922505569,0.90002662924989,2.5,2.5,-5.4956950109784e-06,-0.00010000000000001
0.34125,0,0.60264769154394,0.60264769154394,0.99994607791548,0.99994319899228,0.99997571745446,0.99997566633439,5.751105501309e-06,5.6594581865152e-23,-1.3124956916364e-05,-1.3386704389317e-05,0.0099967647232584,-1.2885565438593e-06,1.2916389258402e-06,-5.4532106515435e-06,-5.5681478666474e-06,-4.7622543924534e-06,0.90002922226775,0.90002665376453,2.5,2.5,-5.497001110996e-06,-9.9999999999997e-05
0.3425,0,0.60264769154394,0.60264769154394,0.99994605396979,0.99994320532704,0.9999757201868,0.9999756696044,5.6906154855605e-06,5.599932114256e-23,-1.313065399827e-05,-1.3389648416349e-05,0.009996763129504,-1.2750035303436e-06,1.2780534918794e-06,-5.4549636012093e-06,-5.5686919089236e-06,-4.7610229817679e-06,0.90002921950914,0.90002667802133,2.5,2.5,-5.4982934734781e-06,-0.00010000000000001
0.34375,0,0.60264769154394,0.60264769154394,0.99994603027595,0.99994321159517,0.99997572289039,0.99997567284002,5.6307617025656e-06,5.5410321360563e-23,-1.3136291158371e-05,-1.3392561478166e-05,0.0099967615525126,-1.2615930671863e-06,1.2646109492925e-06,-5.4566981133852e-06,-5.5692302289738e-06,-4.7598045230357e-06,0.90002921677954,0.900026702023,2.5,2.5,-5.499572242916e-06,-9.999999999999e-05
0.345,0,0.60264769154394,0.60264769154394,0.99994600683133,0.99994321779738,0.99997572556555,0.99997567604161,5.5715374604411e-06,5.4827516664949e-23,-1.314186902689e-05,-1.3395443900499e-05,0.009996759992108,-1.2483236550701e-06,1.251309795152e-06,-5.4584143819973e-06,-5.5697628869833e-06,-4.7585988800272e-06,0.90002921407865,0.90002672577222,2.5,2.5,-5.5008375622811e-06,-0.00010000000000001
0.34625,0,0.60264769154394,0.60264769154394,0.99994598363329,0.99994322393435,0.99997572821258,0.99997567920953,5.5129361376807e-06,5.4250841902077e-23,-1.3147388227552e-05,-1.3398296005455e-05,0.0099967584481158,-1.2351938104264e-06,1.2381485423473e-06,-5.460112598929e-06,-5.5702899425057e-06,-4.7574059179507e-06,0.90002921140617,0.90002674927164,2.5,2.5,-5.5020895730409e-06,-9.9999999999991e-05
0.3475,0,0.60264769154394,0.60264769154394,0.99994596067926,0.99994323000677,0.99997573083176,0.99997568234412,5.4549511824558e-06,5.3680232592151e-23,-1.3152849377353e-05,-1.3401118112145e-05,0.0099967569203632,-1.222202065285e-06,1.2251257193841e-06,-5.4617929540502e-06,-5.5708114544685e-06,-4.7562255034284e-06,0.90002920876179,0.90002677252391,2.5,2.5,-5.5033284151753e-06,-9.9999999999991e-05
0.34875,0,0.60264769154394,0.60264769154394,0.99994593796665,0.99994323601532,0.99997573342339,0.99997568544574,5.397576111822e-06,5.3115624935352e-23,-1.3158253086883e-05,-1.3403910535902e-05,0.0099967554086795,-1.2093469670999e-06,1.2122398702607e-06,-5.46345563523e-06,-5.5713274811783e-06,-4.7550575044812e-06,0.90002920614524,0.9000267955316,2.5,2.5,-5.5045542271916e-06,-0.00010000000000001
0.35,0,0.60264769154394,0.60264769154394,0.99994591549293,0.99994324196068,0.99997573598776,0.99997568851475,5.3408045110153e-06,5.2556955819532e-23,-1.316359996027e-05,-1.3406673588949e-05,0.0099967539128956,-1.1966270786075e-06,1.1994895542769e-06,-5.4651008283603e-06,-5.5718380803278e-06,-4.7539017905294e-06,0.9000292035562,0.90002681829731,2.5,2.5,-5.5057671461401e-06,-0.00010000000000001
0.35125,0,0.60264769154394,0.60264769154394,0.99994589325559,0.9999432478435,0.99997573852517,0.99997569155147,5.2846300327682e-06,5.2004162768904e-23,-1.3168890595359e-05,-1.3409407580315e-05,0.0099967524328444,-1.1840409777148e-06,1.1868733459118e-06,-5.4667287173814e-06,-5.5723433090068e-06,-4.7527582323497e-06,0.90002920099439,0.90002684082356,2.5,2.5,-5.5069673076302e-06,-9.9999999999991e-05
0.3525,0,0.60264769154394,0.60264769154394,0.99994587125215,0.99994325366445,0.99997574103588,0.99997569455625,5.2290463965804e-06,5.1457183985487e-23,-1.3174125583652e-05,-1.3412112815606e-05,0.0099967509683604,-1.1715872572125e-06,1.1743898346185e-06,-5.4683394842995e-06,-5.5728432236982e-06,-4.7516267020958e-06,0.90002919845953,0.90002686311289,2.5,2.5,-5.5081548458447e-06,-0.00010000000000001
0.35375,0,0.60264769154394,0.60264769154394,0.99994584948013,0.99994325942417,0.99997574352019,0.99997569752943,5.1740473879378e-06,5.0915958314624e-23,-1.3179305510476e-05,-1.341478959728e-05,0.0099967495192797,-1.1592645247136e-06,1.1620376246744e-06,-5.4699333092016e-06,-5.5733378802976e-06,-4.7505070732523e-06,0.90002919595133,0.90002688516777,2.5,2.5,-5.5093298935548e-06,-9.9999999999997e-05
0.355,0,0.60264769154394,0.60264769154394,0.99994582793711,0.99994326512331,0.99997574597836,0.99997570047134,5.1196268578103e-06,5.0380425247551e-23,-1.3184430954826e-05,-1.3417438224662e-05,0.0099967480854405,-1.1470714025079e-06,1.1498153350478e-06,-5.4715103702853e-06,-5.5738273341073e-06,-4.7493992206477e-06,0.90002919346951,0.90002690699069,2.5,2.5,-5.5104925821355e-06,-9.999999999999e-05
0.35625,0,0.60264769154394,0.60264769154394,0.99994580662068,0.99994327076251,0.99997574841068,0.9999757033823,5.0657787217037e-06,4.9850524906465e-23,-1.3189502489926e-05,-1.3420058993744e-05,0.0099967466666823,-1.13500652735e-06,1.1377215992658e-06,-5.4730708438719e-06,-5.5743116398517e-06,-4.7483030204129e-06,0.9000291910138,0.90002692858407,2.5,2.5,-5.5116430415797e-06,-0.0001
0.3575,0,0.60264769154394,0.60264769154394,0.99994578552846,0.99994327634239,0.99997575081742,0.99997570626264,5.0124969592285e-06,4.9326198046986e-23,-1.319452068264e-05,-1.3422652197648e-05,0.0099967452628466,-1.1230685503614e-06,1.1257550651938e-06,-5.4746149044277e-06,-5.5747908516773e-06,-4.747218349994e-06,0.90002918858391,0.90002694995034,2.5,2.5,-5.5127814005135e-06,-9.9999999999998e-05
0.35875,0,0.60264769154394,0.60264769154394,0.99994576465809,0.99994328186359,0.99997575319885,0.99997570911269,4.9597756132766e-06,4.8807386049095e-23,-1.3199486094206e-05,-1.3425218126266e-05,0.0099967438737764,-1.1112561367785e-06,1.1139143949071e-06,-5.4761427245846e-06,-5.5752650231624e-06,-4.7461450881162e-06,0.90002918617958,0.90002697109187,2.5,2.5,-5.5139077862099e-06,-9.9999999999996e-05
0.36,0,0.60264769154394,0.60264769154394,0.99994574400723,0.99994328732671,0.99997575555522,0.99997571193277,4.9076087894245e-06,4.8294030903288e-23,-1.32043992796e-05,-1.3427757066592e-05,0.0099967424993165,-1.0995679659624e-06,1.1021982645716e-06,-5.4776544751595e-06,-5.5757342073214e-06,-4.7450831147887e-06,0.90002918380054,0.90002699201104,2.5,2.5,-5.5150223246029e-06,-0.00010000000000001
0.36125,0,0.60264769154394,0.60264769154394,0.99994572357357,0.99994329273237,0.99997575788681,0.99997571472318,4.8559906551571e-06,4.7786075214042e-23,-1.3209260788222e-05,-1.3430269302306e-05,0.0099967411393131,-1.088002731112e-06,1.0906053642972e-06,-5.4791503251716e-06,-5.5761984566089e-06,-4.7440323112751e-06,0.90002918144653,0.90002701271019,2.5,2.5,-5.5161251403023e-06,-9.9999999999991e-05
0.3625,0,0.60264769154394,0.60264769154394,0.99994570335484,0.99994329808118,0.99997576019388,0.99997571748424,4.804915439438e-06,4.7283462196695e-23,-1.3214071163614e-05,-1.3432755114399e-05,0.0099967397936141,-1.0765591391933e-06,1.0791343979496e-06,-5.4806304418613e-06,-5.576657822931e-06,-4.7429925600889e-06,0.90002917911727,0.90002703319162,2.5,2.5,-5.5172163566074e-06,-0.00010000000000001
0.36375,0,0.60264769154394,0.60264769154394,0.99994568334876,0.99994330337373,0.99997576247668,0.99997572021626,4.7543774318303e-06,4.6786135653418e-23,-1.3218830943512e-05,-1.3435214780761e-05,0.0099967384620692,-1.0652359107757e-06,1.0677840829984e-06,-5.4820949907136e-06,-5.5771123576482e-06,-4.7419637449879e-06,0.90002917681251,0.90002705345763,2.5,2.5,-5.5182960955203e-06,-9.9999999999995e-05
0.365,0,0.60264769154394,0.60264769154394,0.99994566355311,0.99994330861061,0.99997576473548,0.99997572291955,4.7043709819703e-06,4.6294039981279e-23,-1.3223540660156e-05,-1.3437648576345e-05,0.0099967371445295,-1.05403177987e-06,1.0565531504598e-06,-5.4835441354691e-06,-5.5775621115767e-06,-4.7409457509473e-06,0.900029174532,0.90002707351048,2.5,2.5,-5.51936447776e-06,-9.9999999999998e-05
0.36625,0,0.60264769154394,0.60264769154394,0.99994564396567,0.9999433137924,0.99997576697051,0.9999757255944,4.6548904989849e-06,4.5807120162365e-23,-1.3228200840075e-05,-1.3440056773346e-05,0.0099967358408477,-1.0429454937913e-06,1.0454403446592e-06,-5.4849780381492e-06,-5.5780071350032e-06,-4.7399384641465e-06,0.90002917227547,0.90002709335242,2.5,2.5,-5.5204216227757e-06,-9.9999999999994e-05
0.3675,0,0.60264769154394,0.60264769154394,0.99994562458425,0.9999433189197,0.99997576918204,0.99997572824112,4.6059304507416e-06,4.5325321757008e-23,-1.3232812004339e-05,-1.3442439641023e-05,0.0099967345508779,-1.0319758131097e-06,1.034444423177e-06,-5.486396859067e-06,-5.5784474776816e-06,-4.7389417719707e-06,0.90002917004267,0.90002711298566,2.5,2.5,-5.5214676487604e-06,-0.00010000000000002
0.36875,0,0.60264769154394,0.60264769154394,0.99994560540668,0.99994332399307,0.9999757713703,0.99997573086,4.5574853633474e-06,4.4848590894628e-23,-1.3237374668497e-05,-1.3444797445678e-05,0.009996733274476,-1.0211215112842e-06,1.0235641565649e-06,-5.4878007568553e-06,-5.5788831888427e-06,-4.7379555629817e-06,0.90002916783336,0.9000271324124,2.5,2.5,-5.5225026726639e-06,-9.9999999999998e-05
0.37,0,0.60264769154394,0.60264769154394,0.99994558643082,0.99994332901308,0.99997577353555,0.99997573345134,4.5095498204062e-06,4.4376874279434e-23,-1.3241889342586e-05,-1.344713045105e-05,0.0099967320114993,-1.0103813748105e-06,1.0127983284097e-06,-5.4891898884739e-06,-5.5793143172034e-06,-4.7369797269176e-06,0.90002916564728,0.90002715163481,2.5,2.5,-5.5235268102058e-06,-0.0001
0.37125,0,0.60264769154394,0.60264769154394,0.99994556765455,0.99994333398028,0.99997577567803,0.99997573601542,4.4621184625896e-06,4.3910119175217e-23,-1.3246356531441e-05,-1.3449438917865e-05,0.0099967307618065,-9.9975420291514e-07,1.0021457350239e-06,-5.4905644092328e-06,-5.5797409109638e-06,-4.7360141546836e-06,0.9000291634842,0.90002717065504,2.5,2.5,-5.5245401758887e-06,-9.9999999999994e-05
0.3725,0,0.60264769154394,0.60264769154394,0.99994554907577,0.99994333889524,0.99997577779797,0.99997573855253,4.4151859868638e-06,4.3448273387023e-23,-1.3250776734479e-05,-1.3451723104299e-05,0.009996729525258,-9.8923880741483e-07,9.9160518543399e-07,-5.4919244728098e-06,-5.5801630178196e-06,-4.7350587383187e-06,0.90002916134387,0.90002718947522,2.5,2.5,-5.5255428830109e-06,-0.00010000000000001
0.37375,0,0.60264769154394,0.60264769154394,0.9999455306924,0.99994334375851,0.99997577989561,0.99997574106296,4.3687471459967e-06,4.2991285284655e-23,-1.3255150445902e-05,-1.3453983265705e-05,0.0099967283017155,-9.7883401262444e-07,9.8117550113817e-07,-5.4932702312642e-06,-5.5805806849634e-06,-4.734113371003e-06,0.90002915922606,0.90002720809745,2.5,2.5,-5.5265350436787e-06,-0.0001
0.375,0,0.60264769154394,0.60264769154394,0.99994551250239,0.99994334857062,0.99997578197119,0.99997574354698,4.3227967479393e-06,4.2539103776463e-23,-1.3259478154749e-05,-1.3456219654824e-05,0.0099967270910422,-9.6853865529521e-07,9.7085551606865e-07,-5.4946018350569e-06,-5.5809939590921e-06,-4.7331779470436e-06,0.90002915713051,0.90002722652381,2.5,2.5,-5.5275167688197e-06,-9.9999999999995e-05
0.37625,0,0.60264769154394,0.60264769154394,0.99994549450369,0.99994335333212,0.99997578402494,0.99997574600487,4.2773296553011e-06,4.209167830156e-23,-1.3263760344788e-05,-1.3458432521456e-05,0.0099967258931027,-9.5835158433482e-07,9.6064407642129e-07,-5.4959194330672e-06,-5.5814028864116e-06,-4.7322523618537e-06,0.90002915505701,0.90002724475636,2.5,2.5,-5.5284881681946e-06,-0.0001
0.3775,0,0.60264769154394,0.60264769154394,0.99994547669431,0.99994335804354,0.99997578605709,0.99997574843691,4.2323407846479e-06,4.1648958844715e-23,-1.3267997494881e-05,-1.3460622113378e-05,0.0099967247077631,-9.4827166080638e-07,9.5054004048813e-07,-5.4972231726067e-06,-5.5818075126407e-06,-4.7313365119544e-06,0.90002915300532,0.90002726279714,2.5,2.5,-5.5294493504095e-06,-9.9999999999991e-05
0.37875,0,0.60264769154394,0.60264769154394,0.99994545907225,0.99994336270541,0.99997578806786,0.99997575084338,4.1878251060405e-06,4.1210895897345e-23,-1.3272190078672e-05,-1.3462788675149e-05,0.0099967235348909,-9.3829775769043e-07,9.4054227861858e-07,-5.4985131994396e-06,-5.5822078830195e-06,-4.7304302949435e-06,0.90002915097521,0.90002728064818,2.5,2.5,-5.5304004229285e-06,-9.9999999999995e-05
0.38,0,0.60264769154394,0.60264769154394,0.99994544163553,0.99994336731824,0.99997579005749,0.99997575322453,4.1437776424941e-06,4.0777440488515e-23,-1.3276338564976e-05,-1.3464932449191e-05,0.009996722374355,-9.2842875993634e-07,9.3064967302893e-07,-5.4997896577949e-06,-5.5826040423114e-06,-4.7295336095061e-06,0.90002914896645,0.90002729831145,2.5,2.5,-5.5313414920849e-06,-9.9999999999997e-05
0.38125,0,0.60264769154394,0.60264769154394,0.99994542438222,0.99994337188255,0.99997579202618,0.99997575558063,4.1001934693067e-06,4.0348544159072e-23,-1.3280443417554e-05,-1.3467053674835e-05,0.0099967212260255,-9.1866356412854e-07,9.2086111768719e-07,-5.5010526903864e-06,-5.582996034806e-06,-4.7286463553925e-06,0.90002914697881,0.90002731578895,2.5,2.5,-5.532272663094e-06,-0.0001
0.3825,0,0.60264769154394,0.60264769154394,0.99994540731037,0.99994337639885,0.99997579397417,0.99997575791196,4.0570677136169e-06,3.9924158950062e-23,-1.3284505095365e-05,-1.3469152589615e-05,0.0099967200897742,-9.0900107841062e-07,9.1117551816097e-07,-5.5023024384243e-06,-5.5833839043316e-06,-4.7277684333967e-06,0.90002914501209,0.90002733308261,2.5,2.5,-5.5331940400644e-06,-0.00010000000000001
0.38375,0,0.60264769154394,0.60264769154394,0.99994539041809,0.99994338086766,0.99997579590168,0.99997576021876,4.01439555377e-06,3.9504237415903e-23,-1.3288524052565e-05,-1.3471229427995e-05,0.0099967189654739,-8.9944022256231e-07,9.01591791589e-07,-5.5035390416377e-06,-5.5837676942532e-06,-4.7268997453684e-06,0.90002914306605,0.90002735019439,2.5,2.5,-5.5341057260094e-06,-9.9999999999999e-05
0.385,0,0.60264769154394,0.60264769154394,0.99994537370347,0.99994338528946,0.9999757978089,0.9999757625013,3.9721722188773e-06,3.9088732606821e-23,-1.3292500738404e-05,-1.3473284422284e-05,0.009996717852999,-8.8997992764777e-07,8.9210886650281e-07,-5.5047626382825e-06,-5.5841474474793e-06,-4.726040194188e-06,0.90002914114048,0.90002736712618,2.5,2.5,-5.5350078228594e-06,-9.9999999999999e-05
0.38625,0,0.60264769154394,0.60264769154394,0.99994535716467,0.99994338966475,0.99997579969607,0.99997576475984,3.9303929882174e-06,3.8677598071249e-23,-1.3296435597609e-05,-1.347531780217e-05,0.0099967167522251,-8.8061913585497e-07,8.8272568260137e-07,-5.5059733651615e-06,-5.5845232064684e-06,-4.7251896837416e-06,0.90002913923516,0.90002738387988,2.5,2.5,-5.535900431472e-06,-9.999999999999e-05
0.3875,0,0.60264769154394,0.60264769154394,0.99994534079981,0.99994339399402,0.99997580156339,0.99997576699461,3.8890531906694e-06,3.8270787842626e-23,-1.3300329069973e-05,-1.3477329794938e-05,0.0099967156630291,-8.7135680077793e-07,8.7344119088561e-07,-5.5071713576386e-06,-5.5848950132322e-06,-4.7243481189543e-06,0.90002913734988,0.90002740045737,2.5,2.5,-5.5367836516444e-06,-0.00010000000000001
0.38875,0,0.60264769154394,0.60264769154394,0.99994532460708,0.99994339827776,0.99997580341107,0.99997576920589,3.8481482043259e-06,3.7868256432481e-23,-1.3304181590927e-05,-1.3479320625642e-05,0.0099967145852892,-8.6219188673932e-07,8.6425435327475e-07,-5.5083567496537e-06,-5.5852629093389e-06,-4.7235154057279e-06,0.90002913548443,0.9000274168605,2.5,2.5,-5.5376575821242e-06,-0.00010000000000001
0.39,0,0.60264769154394,0.60264769154394,0.99994530858467,0.99994340251644,0.99997580523932,0.9999757713939,3.8076734558256e-06,3.7469958842796e-23,-1.3307993591064e-05,-1.3481290516847e-05,0.009996713518885,-8.5312336907803e-07,8.5516414262881e-07,-5.5095296737381e-06,-5.585626935922e-06,-4.7226914509639e-06,0.9000291336386,0.9000274330911,2.5,2.5,-5.5385223206198e-06,-9.9999999999988e-05
0.39125,0,0.60264769154394,0.60264769154394,0.99994529273078,0.99994340671054,0.99997580704833,0.9999757735589,3.7676244199512e-06,3.7075850541983e-23,-1.3311765496693e-05,-1.3483239688744e-05,0.0099967124636972,-8.4415023390869e-07,8.4616954264542e-07,-5.5106902610306e-06,-5.5859871336803e-06,-4.7218761625391e-06,0.90002913181219,0.90002744915099,2.5,2.5,-5.5393779638128e-06,-0.00010000000000002
0.3925,0,0.60264769154394,0.60264769154394,0.99994527704364,0.99994341086053,0.99997580883832,0.99997577570113,3.7279966190641e-06,3.6685887459833e-23,-1.3315497729497e-05,-1.3485168359372e-05,0.0099967114196079,-8.3527147802526e-07,8.3726954770775e-07,-5.511838641288e-06,-5.5863435428852e-06,-4.7210694493031e-06,0.90002913000499,0.90002746504196,2.5,2.5,-5.540224607367e-06,-9.9999999999995e-05
0.39375,0,0.60264769154394,0.60264769154394,0.9999452615215,0.99994341496686,0.99997581060948,0.99997577782083,3.6887856226163e-06,3.6300026002397e-23,-1.3319190706785e-05,-1.3487076744096e-05,0.0099967103865002,-8.264861087075e-07,8.2846316273649e-07,-5.5129749429044e-06,-5.5866962033849e-06,-4.7202712210601e-06,0.90002912821679,0.90002748076579,2.5,2.5,-5.5410623459407e-06,-9.9999999999993e-05
0.395,0,0.60264769154394,0.60264769154394,0.99994524616262,0.99994341903001,0.99997581236201,0.99997577991823,3.6499870466749e-06,3.5918223031229e-23,-1.3322844841307e-05,-1.3488965056705e-05,0.0099967093642588,-8.1779314372473e-07,8.1974940314288e-07,-5.5140992929222e-06,-5.5870451546088e-06,-4.7194813885664e-06,0.9000291264474,0.90002749632424,2.5,2.5,-5.5418912731961e-06,-9.9999999999997e-05
0.39625,0,0.60264769154394,0.60264769154394,0.99994523096528,0.99994342305042,0.99997581409611,0.99997578199357,3.6115965533886e-06,3.5540435853214e-23,-1.3326460541824e-05,-1.3490833507881e-05,0.0099967083527693,-8.0919161124899e-07,8.1112729474814e-07,-5.5152118170478e-06,-5.5873904355701e-06,-4.7186998635177e-06,0.90002912469663,0.90002751171905,2.5,2.5,-5.5427114818108e-06,-0.0001
0.3975,0,0.60264769154394,0.60264769154394,0.99994521592779,0.99994342702854,0.99997581581197,0.99997578404709,3.5736098505884e-06,3.5166622236069e-23,-1.3330038212433e-05,-1.3492682306876e-05,0.0099967073519186,-8.0068054943648e-07,8.0259587347723e-07,-5.5163126396665e-06,-5.5877320848724e-06,-4.7179265585324e-06,0.90002912296426,0.90002752695193,2.5,2.5,-5.5435230634869e-06,-0.0001
0.39875,0,0.60264769154394,0.60264769154394,0.99994520104847,0.99994343096482,0.99997581750979,0.999975786079,3.5360226911796e-06,3.4796740380584e-23,-1.3333578253149e-05,-1.3494511660096e-05,0.0099967063615948,-7.9225900688132e-07,7.9415418556549e-07,-5.5174018838552e-06,-5.5880701407156e-06,-4.7171613871562e-06,0.90002912125012,0.9000275420246,2.5,2.5,-5.5443261089628e-06,-9.9999999999999e-05
0.4,0,0.60264769154394,0.60264769154394,0.99994518632564,0.9999434348597,0.99997581918974,0.99997578808955,3.4988308727814e-06,3.4430748935522e-23,-1.3337081059786e-05,-1.349632177232e-05,0.0099967053816873,-7.8392604190789e-07,7.8580128715029e-07,-5.5184796713927e-06,-5.5884046408916e-06,-4.7164042638344e-06,0.90002911955401,0.90002755693873,2.5,2.5,-5.5451207080217e-06,-9.9999999999996e-05
0.40125,0,0.60264769154394,0.60264769154394,0.99994517175767,0.99994343871362,0.99997582085203,0.99997579007894,3.4620302372186e-06,3.4068606984018e-23,-1.334054702399e-05,-1.3498112845734e-05,0.0099967044120864,-7.756807229296e-07,7.7753624437405e-07,-5.5195461227821e-06,-5.5887356228024e-06,-4.7156551039233e-06,0.90002911787574,0.90002757169599,2.5,2.5,-5.5459069495031e-06,-0.00010000000000001
0.4025,0,0.60264769154394,0.60264769154394,0.99994515734292,0.99994344252699,0.99997582249683,0.99997579204741,3.4256166700226e-06,3.3710274032255e-23,-1.3343976533242e-05,-1.3499885080759e-05,0.0099967034526837,-7.6752212805125e-07,7.6935813314638e-07,-5.5206013572567e-06,-5.5890631234523e-06,-4.7149138236618e-06,0.90002911621512,0.90002758629804,2.5,2.5,-5.5466849213117e-06,-9.9999999999981e-05
0.40375,0,0.60264769154394,0.60264769154394,0.99994514307979,0.99994344630026,0.99997582412433,0.99997579399518,3.389586100017e-06,3.3355710022321e-23,-1.3347369970988e-05,-1.3501638675371e-05,0.009996702503372,-7.5944934507518e-07,7.612660391231e-07,-5.5216454927962e-06,-5.5893871794564e-06,-4.7141803401698e-06,0.90002911457196,0.90002760074651,2.5,2.5,-5.5474547104278e-06,-0.00010000000000002
0.405,0,0.60264769154394,0.60264769154394,0.99994512896668,0.99994345003384,0.99997582573471,0.99997579592246,3.3539344988752e-06,3.3004875307559e-23,-1.3350727716604e-05,-1.350337382577e-05,0.0099967015640452,-7.5146147152406e-07,7.5325905761231e-07,-5.5226786461377e-06,-5.5897078270448e-06,-4.7134545714452e-06,0.90002911294609,0.90002761504301,2.5,2.5,-5.548216402917e-06,-9.9999999999994e-05
0.40625,0,0.60264769154394,0.60264769154394,0.99994511500201,0.99994345372816,0.99997582732816,0.99997579782947,3.3186578805703e-06,3.2657730667748e-23,-1.3354050145579e-05,-1.3505090725831e-05,0.0099967006345982,-7.4355761426187e-07,7.4533629336281e-07,-5.5237009327913e-06,-5.5900251020693e-06,-4.7127364363432e-06,0.90002911133732,0.90002762918913,2.5,2.5,-5.548970083939e-06,-9.9999999999985e-05
0.4075,0,0.60264769154394,0.60264769154394,0.99994510118422,0.99994345738361,0.99997582890484,0.99997579971643,3.2837523010319e-06,3.2314237284576e-23,-1.3357337629211e-05,-1.3506789567674e-05,0.0099966997149271,-7.3573688962018e-07,7.3749686062107e-07,-5.5247124670562e-06,-5.5903390400006e-06,-4.7120258545699e-06,0.90002910974547,0.90002764318647,2.5,2.5,-5.5497158377587e-06,-0.00010000000000002
0.40875,0,0.60264769154394,0.60264769154394,0.99994508751176,0.99994346100062,0.99997583046494,0.99997580158353,3.2492138577398e-06,3.1974356761518e-23,-1.3360590535215e-05,-1.3508470540999e-05,0.009996698804929,-7.2799842320123e-07,7.2973988285691e-07,-5.5257133620211e-06,-5.5906496759394e-06,-4.7113227466823e-06,0.90002910817037,0.90002765703659,2.5,2.5,-5.5504537477542e-06,-9.9999999999998e-05
0.41,0,0.60264769154394,0.60264769154394,0.99994507398311,0.99994346457958,0.99997583200864,0.999975803431,3.2150386891178e-06,3.1638051094544e-23,-1.3363809227215e-05,-1.3510133833955e-05,0.0099966979045023,-7.2034134984303e-07,7.2206449285691e-07,-5.5267037295924e-06,-5.5909570446146e-06,-4.7106270340718e-06,0.90002910661183,0.90002767074103,2.5,2.5,-5.5511838964265e-06,-9.9999999999992e-05
0.41125,0,0.60264769154394,0.60264769154394,0.99994506059676,0.9999434681209,0.99997583353609,0.99997580525903,3.1812229742465e-06,3.1305282681336e-23,-1.3366994065048e-05,-1.351177963245e-05,0.0099966970135463,-7.127648133986e-07,7.1446983243609e-07,-5.527683680498e-06,-5.5912611803925e-06,-4.7099386389495e-06,0.90002910506968,0.90002768430133,2.5,2.5,-5.5519063654093e-06,-0.00010000000000002
0.4125,0,0.60264769154394,0.60264769154394,0.9999450473512,0.99994347162498,0.99997583504748,0.99997580706784,3.1477629324134e-06,3.0976014325117e-23,-1.3370145404859e-05,-1.3513408120394e-05,0.0099966961319614,-7.0526796684671e-07,7.0695505251753e-07,-5.5286533242969e-06,-5.5915621172756e-06,-4.7092574843567e-06,0.90002910354376,0.900027697719,2.5,2.5,-5.552621235477e-06,-9.9999999999988e-05
0.41375,0,0.60264769154394,0.60264769154394,0.99994503424496,0.99994347509219,0.99997583654298,0.99997580885762,3.1146548226555e-06,3.0650209203088e-23,-1.3373263598877e-05,-1.3515019479985e-05,0.0099966952596489,-6.9784997199213e-07,6.9951931293097e-07,-5.5296127694025e-06,-5.5918598889109e-06,-4.7085834941351e-06,0.90002910203388,0.90002771099554,2.5,2.5,-5.5533285865553e-06,-9.9999999999996e-05
0.415,0,0.60264769154394,0.60264769154394,0.99994502127657,0.99994347852294,0.99997583802274,0.99997581062858,3.0818949433633e-06,3.0327830892034e-23,-1.3376348995838e-05,-1.3516613891304e-05,0.0099966943965114,-6.9050999943974e-07,6.9216178229168e-07,-5.5305621230827e-06,-5.5921545285897e-06,-4.7079165929255e-06,0.90002910053988,0.90002772413245,2.5,2.5,-5.5540284977286e-06,-0.00010000000000001
0.41625,0,0.60264769154394,0.60264769154394,0.99994500844458,0.99994348191761,0.99997583948694,0.99997581238091,3.0494796318428e-06,3.0008843353515e-23,-1.3379401940651e-05,-1.3518191532677e-05,0.0099966935424524,-6.8324722859408e-07,6.8488163801323e-07,-5.5315014914793e-06,-5.5924460692538e-06,-4.7072567061754e-06,0.9000290990616,0.90002773713118,2.5,2.5,-5.5547210472497e-06,-9.9999999999998e-05
0.4175,0,0.60264769154394,0.60264769154394,0.99994499574756,0.99994348527656,0.99997584093574,0.99997581411481,3.0174052639437e-06,2.9693210916801e-23,-1.3382422774606e-05,-1.3519752580359e-05,0.0099966926973763,-6.7606084741104e-07,6.7767806614489e-07,-5.5324309796173e-06,-5.5927345434995e-06,-4.7066037600994e-06,0.90002909759887,0.90002774999319,2.5,2.5,-5.5554063125483e-06,-0.0001
0.41875,0,0.60264769154394,0.60264769154394,0.99994498318408,0.99994348860019,0.9999758423693,0.99997581583048,2.9856682536242e-06,2.9380898299427e-23,-1.3385411835536e-05,-1.352129720905e-05,0.0099966918611887,-6.6895005246932e-07,6.7055026134001e-07,-5.5333506914159e-06,-5.5930199835775e-06,-4.7059576816949e-06,0.90002909615152,0.90002776271991,2.5,2.5,-5.5560843702396e-06,-9.9999999999996e-05
0.42,0,0.60264769154394,0.60264769154394,0.99994497075275,0.99994349188887,0.99997584378779,0.9999758175281,2.9542650525644e-06,2.9071870578894e-23,-1.3388369457601e-05,-1.3522825591392e-05,0.0099966910337962,-6.6191404871884e-07,6.6349742662262e-07,-5.5342607297045e-06,-5.5933024214032e-06,-4.705318398732e-06,0.90002909471939,0.90002777531278,2.5,2.5,-5.5567552961332e-06,-9.9999999999993e-05
0.42125,0,0.60264769154394,0.60264769154394,0.99994495845217,0.99994349514295,0.99997584519135,0.99997581920786,2.9231921497791e-06,2.8766093205122e-23,-1.3391295971414e-05,-1.3524337898192e-05,0.0099966902151061,-6.5495204954969e-07,6.5651877349518e-07,-5.5351611962291e-06,-5.5935818885538e-06,-4.7046858397393e-06,0.90002909330233,0.9000277877732,2.5,2.5,-5.5574191652413e-06,-9.9999999999999e-05
0.4225,0,0.60264769154394,0.60264769154394,0.99994494628097,0.9999434983628,0.99997584658015,0.99997582086995,2.8924460711718e-06,2.8463531992869e-23,-1.3394191704216e-05,-1.352583429851e-05,0.009996689405027,-6.4806327650084e-07,6.496135216935e-07,-5.5360521916626e-06,-5.5938584162735e-06,-4.7040599339837e-06,0.90002909190017,0.90002780010256,2.5,2.5,-5.5580760517868e-06,-0.0001
0.42375,0,0.60264769154394,0.60264769154394,0.99994493423778,0.99994350154879,0.99997584795434,0.99997582251457,2.8620233792256e-06,2.8164153112685e-23,-1.3397056979735e-05,-1.3527314959848e-05,0.0099966886034683,-6.4124695949392e-07,6.4278089922372e-07,-5.5369338156236e-06,-5.5941320354798e-06,-4.7034406114982e-06,0.90002909051277,0.90002781230224,2.5,2.5,-5.5587260292125e-06,-9.9999999999998e-05
0.425,0,0.60264769154394,0.60264769154394,0.99994492232126,0.99994350470127,0.99997584931408,0.99997582414188,2.8319206725699e-06,2.7867923093367e-23,-1.3399892118364e-05,-1.3528780047524e-05,0.0099966878103404,-6.3450233632432e-07,6.3602014211887e-07,-5.537806166681e-06,-5.5944027767648e-06,-4.7028278030296e-06,0.90002908913995,0.9000278243736,2.5,2.5,-5.559369170188e-06,-9.9999999999988e-05
0.42625,0,0.60264769154394,0.60264769154394,0.99994491053008,0.99994350782059,0.99997585065952,0.99997582575208,2.8021345855925e-06,2.7574808815424e-23,-1.3402697437075e-05,-1.3530229725469e-05,0.0099966870255546,-6.2782865300465e-07,6.2933049453881e-07,-5.5386693423661e-06,-5.5946706703982e-06,-4.7022214400709e-06,0.90002908778157,0.900027836318,2.5,2.5,-5.5600055466191e-06,-0.00010000000000001
0.4275,0,0.60264769154394,0.60264769154394,0.99994489886293,0.9999435109071,0.99997585199081,0.99997582734534,2.7726617881191e-06,2.7284777510015e-23,-1.3405473249469e-05,-1.3531664155737e-05,0.0099966862490231,-6.2122516334529e-07,6.2271120854122e-07,-5.5395234391874e-06,-5.5949357463318e-06,-4.701621454828e-06,0.90002908643748,0.90002784813677,2.5,2.5,-5.5606352296552e-06,-0.0001
0.42875,0,0.60264769154394,0.60264769154394,0.99994488731848,0.99994351396115,0.99997585330809,0.99997582892185,2.7434989849499e-06,2.6997796744101e-23,-1.3408219865949e-05,-1.353308349872e-05,0.0099966854806592,-6.1469112906892e-07,6.161615440695e-07,-5.5403685526338e-06,-5.5951980342012e-06,-4.701027780216e-06,0.90002908510753,0.90002785983122,2.5,2.5,-5.5612582896975e-06,-9.9999999999995e-05
0.43,0,0.60264769154394,0.60264769154394,0.99994487589546,0.99994351698308,0.99997585461152,0.99997583048177,2.7146429155886e-06,2.6713834439471e-23,-1.3410937593537e-05,-1.3534487912992e-05,0.009996684720377,-6.0822581962141e-07,6.0968076882308e-07,-5.5412047771941e-06,-5.5954575633326e-06,-4.7004403498628e-06,0.90002908379156,0.90002787140268,2.5,2.5,-5.5618747964061e-06,-0.00010000000000001
0.43125,0,0.60264769154394,0.60264769154394,0.99994486459259,0.99994351997322,0.99997585590124,0.99997583202529,2.6860903537994e-06,2.6432858843881e-23,-1.3413626736162e-05,-1.3535877555748e-05,0.0099966839680913,-6.0182851219687e-07,6.0326815828137e-07,-5.5420322063589e-06,-5.5957143627408e-06,-4.6998590980893e-06,0.90002908248944,0.90002788285243,2.5,2.5,-5.562484818709e-06,-9.9999999999995e-05
0.4325,0,0.60264769154394,0.60264769154394,0.9999448534086,0.99994352293191,0.9999758571774,0.99997583355257,2.6578381073094e-06,2.6154838546921e-23,-1.3416287594384e-05,-1.3537252582193e-05,0.0099966832237182,-5.9549849150959e-07,5.9692299541362e-07,-5.5428509326417e-06,-5.5959684611379e-06,-4.6992839599138e-06,0.90002908120101,0.90002789418175,2.5,2.5,-5.5630884248091e-06,-0.0001
0.43375,0,0.60264769154394,0.60264769154394,0.99994484234224,0.99994352585948,0.99997585844013,0.99997583506378,2.6298830173956e-06,2.5879742460637e-23,-1.3418920465794e-05,-1.3538613146244e-05,0.0099966824871744,-5.8923504988112e-07,5.906445708842e-07,-5.5436610475768e-06,-5.596219886933e-06,-4.6987148710271e-06,0.90002907992614,0.90002790539191,2.5,2.5,-5.563685682192e-06,-9.9999999999998e-05
0.435,0,0.60264769154394,0.60264769154394,0.99994483139228,0.99994352875626,0.99997585968958,0.99997583655911,2.6022219585904e-06,2.5607539829191e-23,-1.3421525644694e-05,-1.3539959399759e-05,0.0099966817583775,-5.8303748699496e-07,5.8443218268931e-07,-5.5444626417382e-06,-5.5964686682366e-06,-4.6981517678073e-06,0.90002907866467,0.90002791648416,2.5,2.5,-5.5642766576333e-06,-9.9999999999999e-05
0.43625,0,0.60264769154394,0.60264769154394,0.99994482055749,0.99994353162257,0.99997586092589,0.9999758380387,2.5748518382612e-06,2.5338200219769e-23,-1.34241034224e-05,-1.3541291493538e-05,0.0099966810372461,-5.7690510996784e-07,5.7828513626836e-07,-5.5452558047473e-06,-5.5967148328638e-06,-4.6975945872989e-06,0.90002907741647,0.90002792745974,2.5,2.5,-5.5648614172062e-06,-0.00010000000000002
0.4375,0,0.60264769154394,0.60264769154394,0.99994480983666,0.99994353445873,0.99997586214919,0.99997583950273,2.5477695963255e-06,2.5071693517935e-23,-1.3426654087022e-05,-1.3542609576304e-05,0.0099966803236996,-5.7083723315348e-07,5.7220274436337e-07,-5.5460406252836e-06,-5.5969584083363e-06,-4.6970432672029e-06,0.9000290761814,0.90002793831988,2.5,2.5,-5.5654400262892e-06,-9.999999999998e-05
0.43875,0,0.60264769154394,0.60264769154394,0.99994479922859,0.99994353726507,0.99997586335963,0.99997584095137,2.5209722048838e-06,2.4807989927654e-23,-1.3429177923885e-05,-1.3543913795574e-05,0.0099966796176581,-5.6483317813542e-07,5.6618432694546e-07,-5.5468171910931e-06,-5.5971994218859e-06,-4.6964977458778e-06,0.90002907495932,0.9000279490658,2.5,2.5,-5.566012549573e-06,-0.0001
0.44,0,0.60264769154394,0.60264769154394,0.9999447887321,0.99994354004188,0.99997586455734,0.99997584238476,2.4944566678973e-06,2.4547059970633e-23,-1.3431675215026e-05,-1.354520429707e-05,0.0099966789190428,-5.5889227369839e-07,5.6022921111794e-07,-5.5475855889979e-06,-5.5974379004608e-06,-4.6959579623413e-06,0.9000290737501,0.90002795969869,2.5,2.5,-5.5665790510681e-06,-9.9999999999994e-05
0.44125,0,0.60264769154394,0.60264769154394,0.99994477834601,0.99994354278949,0.99997586574245,0.99997584380308,2.4682200208029e-06,2.4288874464135e-23,-1.3434146239751e-05,-1.354648122497e-05,0.0099966782277755,-5.5301385552114e-07,5.5433673108942e-07,-5.5483459049089e-06,-5.59767387072e-06,-4.695423856232e-06,0.90002907255359,0.90002797021974,2.5,2.5,-5.5671395941113e-06,-0.00010000000000001
0.4425,0,0.60264769154394,0.60264769154394,0.99994476806916,0.9999435455082,0.99997586691509,0.99997584520649,2.4422593302729e-06,2.4033404555492e-23,-1.3436591274238e-05,-1.3547744722339e-05,0.0099966775437789,-5.4719726646902e-07,5.4850622804389e-07,-5.5490982238309e-06,-5.5979073590508e-06,-4.6948953678427e-06,0.90002907136967,0.90002798063014,2.5,2.5,-5.5676942413737e-06,-0.0001
0.44375,0,0.60264769154394,0.60264769154394,0.9999447579004,0.99994354819832,0.9999758680754,0.99997584659513,2.4165716937815e-06,2.3780621670333e-23,-1.3439010591898e-05,-1.3548994930198e-05,0.0099966768669766,-5.4144185617013e-07,5.4273705011728e-07,-5.549842629878e-06,-5.5981383915552e-06,-4.6943724380858e-06,0.9000290701982,0.90002799093103,2.5,2.5,-5.5682430548667e-06,-0.0001
0.445,0,0.60264769154394,0.60264769154394,0.9999447478386,0.99994355086014,0.99997586922351,0.99997584796916,2.3911542393482e-06,2.3530497546915e-23,-1.3441404463262e-05,-1.3550231988391e-05,0.0099966761972928,-5.3574698120168e-07,5.370285523154e-07,-5.5505792062756e-06,-5.5983669940652e-06,-4.6938550084932e-06,0.90002906903905,0.90002800112359,2.5,2.5,-5.5687860959501e-06,-0.0001
0.44625,0,0.60264769154394,0.60264769154394,0.99994473788263,0.99994355349396,0.99997587035954,0.99997584932875,2.3660041252221e-06,2.3283004227931e-23,-1.3443773155936e-05,-1.3551456035261e-05,0.0099966755346528,-5.3011200477378e-07,5.3138009634786e-07,-5.5513080353773e-06,-5.5985931921374e-06,-4.6933430212135e-06,0.90002906789209,0.90002801120893,2.5,2.5,-5.5693234253378e-06,-0.0001
0.4475,0,0.60264769154394,0.60264769154394,0.99994472803137,0.99994355610008,0.99997587148362,0.99997585067403,2.3411185394994e-06,2.3038114041368e-23,-1.3446116934728e-05,-1.3552667207612e-05,0.0099966748789825,-5.2453629693549e-07,5.2579105076529e-07,-5.5520291986693e-06,-5.5988170110617e-06,-4.6928364190055e-06,0.9000290667572,0.90002802118821,2.5,2.5,-5.5698551031054e-06,-9.9999999999997e-05
0.44875,0,0.60264769154394,0.60264769154394,0.99994471828373,0.99994355867879,0.99997587259588,0.99997585200517,2.316494699886e-06,2.2795799601326e-23,-1.3448436061666e-05,-1.3553865640842e-05,0.0099966742302084,-5.1901923431668e-07,5.2026079065069e-07,-5.5527427767799e-06,-5.5990384758651e-06,-4.6923351452323e-06,0.90002906563424,0.90002803106252,2.5,2.5,-5.5703811886965e-06,-9.9999999999998e-05
0.45,0,0.60264769154394,0.60264769154394,0.99994470863861,0.99994356123038,0.99997587369644,0.9999758533223,2.2921298533392e-06,2.2556033823463e-23,-1.3450730796115e-05,-1.3555051469026e-05,0.0099966735882582,-5.1356020000803e-07,5.1478869767336e-07,-5.553448849488e-06,-5.5992576113045e-06,-4.691839143847e-06,0.9000290645231,0.90002804083297,2.5,2.5,-5.5709017409295e-06,-0.0001
0.45125,0,0.60264769154394,0.60264769154394,0.99994469909494,0.99994356375512,0.99997587478543,0.99997585462558,2.2680212757881e-06,2.2318789892395e-23,-1.3453001394566e-05,-1.3556224824636e-05,0.0099966729530599,-5.0815858372967e-07,5.0937416009632e-07,-5.5541474957388e-06,-5.5994744418816e-06,-4.6913483593918e-06,0.90002906342364,0.90002805050065,2.5,2.5,-5.5714168180043e-06,-0.0001
0.4525,0,0.60264769154394,0.60264769154394,0.99994468965166,0.99994356625332,0.99997587586296,0.99997585591515,2.2441662718019e-06,2.2084041292937e-23,-1.3455248110925e-05,-1.3557385838914e-05,0.0099966723245427,-5.0281378156538e-07,5.0401657251451e-07,-5.5548387936402e-06,-5.5996889918391e-06,-4.6908627370002e-06,0.90002906233575,0.90002806006666,2.5,2.5,-5.5719264775082e-06,-0.00010000000000001
0.45375,0,0.60264769154394,0.60264769154394,0.99994468030769,0.99994356872524,0.99997587692916,0.99997585719116,2.2205621742569e-06,2.1851761773046e-23,-1.3457471196375e-05,-1.3558534641746e-05,0.0099966717026362,-4.9752519589964e-07,4.9871533591549e-07,-5.5555228204843e-06,-5.5999012851642e-06,-4.6903822223773e-06,0.90002906125929,0.90002806953204,2.5,2.5,-5.5724307764232e-06,-9.9999999999988e-05
0.455,0,0.60264769154394,0.60264769154394,0.99994467106201,0.99994357117115,0.99997587798414,0.99997585845375,2.1972063441752e-06,2.162192536293e-23,-1.3459670899447e-05,-1.35596713614e-05,0.0099966710872709,-4.9229223550299e-07,4.934698576561e-07,-5.5561996527479e-06,-5.6001113455932e-06,-4.6899067617938e-06,0.90002906019417,0.90002807889788,2.5,2.5,-5.5729297711321e-06,-0.0001
0.45625,0,0.60264769154394,0.60264769154394,0.99994466191357,0.99994357359135,0.99997587902803,0.99997585970305,2.1740961702493e-06,2.1394506370696e-23,-1.3461847466064e-05,-1.3560796125119e-05,0.009996670478378,-4.8711431527553e-07,4.8827955121951e-07,-5.5568693661023e-06,-5.6003191966092e-06,-4.6894363020977e-06,0.90002905914024,0.9000280881652,2.5,2.5,-5.5734235174244e-06,-0.0001
0.4575,0,0.60264769154394,0.60264769154394,0.99994465286135,0.99994357598608,0.99997588006093,0.99997586093922,2.1512290687e-06,2.1169479364216e-23,-1.3464001139595e-05,-1.3561909058617e-05,0.0099966698758895,-4.8199085630833e-07,4.8314383632084e-07,-5.5575320354243e-06,-5.6005248614535e-06,-4.6889707906857e-06,0.9000290580974,0.90002809733505,2.5,2.5,-5.5739120705025e-06,-0.0001
0.45875,0,0.60264769154394,0.60264769154394,0.99994464390435,0.99994357835563,0.99997588108298,0.99997586216238,2.1286024828754e-06,2.0946819188522e-23,-1.3466132160869e-05,-1.3563010286273e-05,0.0099966692797379,-4.7692128578343e-07,4.7806213876821e-07,-5.5581877348035e-06,-5.6007283631182e-06,-4.6885101755181e-06,0.90002905706553,0.90002810640845,2.5,2.5,-5.5743954849889e-06,-9.9999999999993e-05
0.46,0,0.60264769154394,0.60264769154394,0.99994463504155,0.99994358070026,0.99997588209427,0.99997586337268,2.1062138830556e-06,2.0726500951223e-23,-1.3468240768052e-05,-1.3564099931137e-05,0.0099966686898566,-4.7190503691415e-07,4.7303389042675e-07,-5.558836537549e-06,-5.6009297243559e-06,-4.6880544050912e-06,0.90002905604451,0.90002811538641,2.5,2.5,-5.574873814931e-06,-9.9999999999999e-05
0.46125,0,0.60264769154394,0.60264769154394,0.99994462627198,0.99994358302022,0.99997588309493,0.99997586457025,2.0840607660794e-06,2.0508500012419e-23,-1.3470327196982e-05,-1.3565178115304e-05,0.0099966681061796,-4.6694154880594e-07,4.680585290905e-07,-5.5594785161997e-06,-5.6011289676804e-06,-4.6876034284434e-06,0.90002905503423,0.90002812426995,2.5,2.5,-5.575347113808e-06,-0.0001
0.4625,0,0.60264769154394,0.60264769154394,0.99994461759464,0.99994358531579,0.99997588408506,0.99997586575523,2.0621406551712e-06,2.0292792003879e-23,-1.3472391680852e-05,-1.3566244959045e-05,0.0099966675286418,-4.6203026665877e-07,4.631354985291e-07,-5.5601137425318e-06,-5.6013261153681e-06,-4.6871571951649e-06,0.90002905403457,0.90002813306005,2.5,2.5,-5.5758154345365e-06,-0.00010000000000001
0.46375,0,0.60264769154394,0.60264769154394,0.99994460900857,0.99994358758721,0.99997588506478,0.99997586692774,2.040451099566e-06,2.0079352808877e-23,-1.347443445059e-05,-1.356730058182e-05,0.0099966669571785,-4.5717064120634e-07,4.5826424828903e-07,-5.5607422875666e-06,-5.6015211894591e-06,-4.6867156553556e-06,0.90002905304543,0.90002814175769,2.5,2.5,-5.5762788294767e-06,-9.9999999999987e-05
0.465,0,0.60264769154394,0.60264769154394,0.99994460051281,0.99994358983473,0.99997588603419,0.99997586808792,2.018989674285e-06,1.9868158564985e-23,-1.3476455734467e-05,-1.3568345101512e-05,0.0099966663917258,-4.5236212923026e-07,4.5344423376289e-07,-5.5613642215747e-06,-5.6017142117659e-06,-4.6862787596573e-06,0.9000290520667,0.90002815036386,2.5,2.5,-5.5767373504378e-06,-0.0001
0.46625,0,0.60264769154394,0.60264769154394,0.9999445921064,0.99994359205862,0.99997588699341,0.99997586923589,1.997753979867e-06,1.9659185656828e-23,-1.3478455758491e-05,-1.3569378634938e-05,0.0099966658322206,-4.4760419308449e-07,4.4867491607125e-07,-5.5619796140939e-06,-5.6019052038663e-06,-4.6858464592165e-06,0.90002905109826,0.9000281588795,2.5,2.5,-5.5771910486844e-06,-0.00010000000000001
0.4675,0,0.60264769154394,0.60264769154394,0.99994458378842,0.99994359425912,0.99997588794253,0.99997587037179,1.9767416420614e-06,1.9452410722479e-23,-1.348043474637e-05,-1.3570401297694e-05,0.0099966652786002,-4.4289630080543e-07,4.4395576195354e-07,-5.5625885339261e-06,-5.6020941871166e-06,-4.6854187057027e-06,0.90002905014,0.90002816730558,2.5,2.5,-5.5776399749414e-06,-0.0001
0.46875,0,0.60264769154394,0.60264769154394,0.99994457555792,0.99994359643647,0.99997588888168,0.99997587149575,1.9559503116162e-06,1.9247810639362e-23,-1.3482392919244e-05,-1.3571413204134e-05,0.0099966647308028,-4.3823792609206e-07,4.3928624383175e-07,-5.563191049151e-06,-5.6022811826442e-06,-4.6849954512968e-06,0.90002904919182,0.90002817564303,2.5,2.5,-5.5780841794008e-06,-9.9999999999998e-05
0.47,0,0.60264769154394,0.60264769154394,0.99994456741399,0.99994359859093,0.99997588981094,0.99997587260788,1.9353776640027e-06,1.9045362539407e-23,-1.34843304961e-05,-1.3572414467452e-05,0.0099966641887671,-4.3362854802259e-07,4.3466583958172e-07,-5.5637872271333e-06,-5.6024662113564e-06,-4.6845766486699e-06,0.90002904825362,0.90002818389279,2.5,2.5,-5.5785237117263e-06,-9.9999999999988e-05
0.47125,0,0.60264769154394,0.60264769154394,0.99994455935572,0.99994360072272,0.99997589073044,0.99997587370831,1.9150213990926e-06,1.8845043782195e-23,-1.3486247693557e-05,-1.3573405199342e-05,0.0099966636524325,-4.290676513144e-07,4.3009403268265e-07,-5.5643771345271e-06,-5.60264929394e-06,-4.6841622509959e-06,0.90002904732528,0.90002819205578,2.5,2.5,-5.5789586210593e-06,-0.0001
0.4725,0,0.60264769154394,0.60264769154394,0.99994455138221,0.99994360283209,0.99997589164026,0.99997587479717,1.8948792409756e-06,1.8646831976313e-23,-1.3488144725975e-05,-1.3574385510855e-05,0.0099966631217391,-4.2455472607725e-07,4.2557031195233e-07,-5.5649608372859e-06,-5.6028304508659e-06,-4.6837522119581e-06,0.90002904640671,0.90002820013291,2.5,2.5,-5.5793889560243e-06,-0.0001
0.47375,0,0.60264769154394,0.60264769154394,0.99994454349256,0.99994360491927,0.99997589254051,0.99997587587458,1.8749489376892e-06,1.8450704957888e-23,-1.3490021805518e-05,-1.3575355511338e-05,0.0099966625966276,-4.2008926763283e-07,4.2109417161721e-07,-5.5655384006713e-06,-5.6030097023847e-06,-4.6833464856962e-06,0.9000290454978,0.90002820812509,2.5,2.5,-5.5798147647343e-06,-9.9999999999996e-05
0.475,0,0.60264769154394,0.60264769154394,0.99994453568589,0.9999436069845,0.99997589343129,0.99997587694065,1.8552282609581e-06,1.8256640801605e-23,-1.3491879141852e-05,-1.3576315309477e-05,0.0099966620770391,-4.1567077681743e-07,4.1666511124521e-07,-5.5661098892547e-06,-5.603187068541e-06,-4.682945026856e-06,0.90002904459845,0.9000282160332,2.5,2.5,-5.5802360947967e-06,-9.9999999999997e-05
0.47625,0,0.60264769154394,0.60264769154394,0.99994452796134,0.99994360902801,0.99997589431271,0.99997587799552,1.8357150059092e-06,1.8064617805191e-23,-1.3493716942835e-05,-1.3577265012503e-05,0.0099966615629156,-4.1129875963806e-07,4.1228263565735e-07,-5.5666753669324e-06,-5.6033625691637e-06,-4.6825477905553e-06,0.90002904370856,0.90002822385814,2.5,2.5,-5.5806529933176e-06,-0.00010000000000001
0.4775,0,0.60264769154394,0.60264769154394,0.99994452031803,0.99994361105002,0.99997589518485,0.99997587903928,1.8164069909152e-06,1.7874614503283e-23,-1.3495535413825e-05,-1.3578204726487e-05,0.0099966610541997,-4.0697272721294e-07,4.0794625484544e-07,-5.5672348969279e-06,-5.6035362238729e-06,-4.6821547323781e-06,0.90002904282803,0.90002823160077,2.5,2.5,-5.5810655069078e-06,-9.9999999999992e-05
0.47875,0,0.60264769154394,0.60264769154394,0.99994451275511,0.99994361305077,0.99997589604782,0.99997588007207,1.7973020572485e-06,1.768660965183e-23,-1.3497334758161e-05,-1.3579134556589e-05,0.0099966605508345,-4.0269219591244e-07,4.0365548401791e-07,-5.5677885417964e-06,-5.6037080520862e-06,-4.6817658083734e-06,0.90002904195676,0.90002823926197,2.5,2.5,-5.5814736816881e-06,-9.9999999999997e-05
0.48,0,0.60264769154394,0.60264769154394,0.99994450527174,0.99994361503047,0.99997589690171,0.999975881094,1.7783980689021e-06,1.7500582236059e-23,-1.3499115177093e-05,-1.3580054606763e-05,0.0099966600527636,-3.9845668718451e-07,3.9940984342654e-07,-5.5683363634396e-06,-5.6038780730133e-06,-4.6813809750702e-06,0.90002904109466,0.90002824684259,2.5,2.5,-5.581877563294e-06,-0.00010000000000001
0.48125,0,0.60264769154394,0.60264769154394,0.99994449786708,0.99994361698935,0.99997589774663,0.99997588210518,1.7596929123377e-06,1.7316511447295e-23,-1.3500876869574e-05,-1.3580964979955e-05,0.0099966595599315,-3.9426572742325e-07,3.9520885839436e-07,-5.5688784231052e-06,-5.6040463056637e-06,-4.6810001894346e-06,0.90002904024162,0.90002825434347,2.5,2.5,-5.5822771968809e-06,-0.00010000000000001
0.4825,0,0.60264769154394,0.60264769154394,0.9999444905403,0.99994361892763,0.99997589858265,0.99997588310572,1.7411844962453e-06,1.7134376714249e-23,-1.3502620032547e-05,-1.3581865777778e-05,0.0099966590722829,-3.9011884812906e-07,3.9105205925265e-07,-5.5694147813985e-06,-5.604212768846e-06,-4.6806234088967e-06,0.90002903939755,0.90002826176547,2.5,2.5,-5.5826726271294e-06,-0.0001
0.48375,0,0.60264769154394,0.60264769154394,0.99994448329059,0.99994362084552,0.99997589940988,0.99997588409574,1.7228707513247e-06,1.6954157669977e-23,-1.3504344861033e-05,-1.3582757101006e-05,0.0099966585897634,-3.8601558559616e-07,3.8693898124596e-07,-5.5699454982838e-06,-5.6043774811726e-06,-4.680250591324e-06,0.90002903856236,0.90002826910939,2.5,2.5,-5.5830638982502e-06,-0.0001
0.485,0,0.60264769154394,0.60264769154394,0.99994447611713,0.99994362274324,0.99997590022842,0.99997588507534,1.7047496300278e-06,1.6775834167354e-23,-1.350605154783e-05,-1.358363904933e-05,0.0099966581123191,-3.8195548112432e-07,3.8286916450662e-07,-5.5704706331003e-06,-5.6045404610569e-06,-4.6798816950425e-06,0.90002903773596,0.90002827637608,2.5,2.5,-5.583451053989e-06,-0.0001
0.48625,0,0.60264769154394,0.60264769154394,0.99994446901911,0.999943624621,0.99997590103834,0.99997588604464,1.686819106312e-06,1.6599386269209e-23,-1.350774028365e-05,-1.3584511721368e-05,0.0099966576398965,-3.7793808075887e-07,3.7884215403198e-07,-5.5709902445586e-06,-5.6047017267223e-06,-4.6795166788065e-06,0.90002903691825,0.90002828356633,2.5,2.5,-5.5838341376312e-06,-9.9999999999986e-05
0.4875,0,0.60264769154394,0.60264769154394,0.99994446199576,0.999943626479,0.99997590183974,0.99997588700375,1.6690771755156e-06,1.6424794242238e-23,-1.3509411257467e-05,-1.3585375214666e-05,0.0099966571724428,-3.7396293530868e-07,3.7485749955803e-07,-5.5715043907536e-06,-5.6048612961992e-06,-4.6791555018028e-06,0.90002903610914,0.90002829068095,2.5,2.5,-5.5842131920069e-06,-9.9999999999999e-05
0.48875,0,0.60264769154394,0.60264769154394,0.99994445504628,0.99994362831747,0.99997590263272,0.99997588795277,1.6515218539993e-06,1.6252038574683e-23,-1.3511064655966e-05,-1.3586229625675e-05,0.0099966567099058,-3.7002960036489e-07,3.7091475562027e-07,-5.5720131291695e-06,-5.6050191873266e-06,-4.6787981236477e-06,0.90002903530854,0.90002829772075,2.5,2.5,-5.5845882594961e-06,-0.0001
0.49,0,0.60264769154394,0.60264769154394,0.99994444816989,0.9999436301366,0.99997590341735,0.99997588889181,1.6341511790082e-06,1.6081099944804e-23,-1.3512700664057e-05,-1.3587075050103e-05,0.0099966562522337,-3.661376361779e-07,3.6701348137712e-07,-5.572516516684e-06,-5.6051754177588e-06,-4.6784445043936e-06,0.90002903451636,0.9000283046865,2.5,2.5,-5.5849593820326e-06,-0.00010000000000001
0.49125,0,0.60264769154394,0.60264769154394,0.99994444136582,0.99994363193659,0.99997590419373,0.99997588982097,1.6169632084536e-06,1.5911959249722e-23,-1.3514319464653e-05,-1.3587911582384e-05,0.0099966557993755,-3.6228660760648e-07,3.6315324066489e-07,-5.5730146095788e-06,-5.6053300049627e-06,-4.6780946045032e-06,0.90002903373251,0.90002831157898,2.5,2.5,-5.5853266011096e-06,-9.9999999999993e-05
0.49249999999999,0,0.60264769154394,0.60264769154394,0.99994443463332,0.99994363371765,0.99997590496194,0.99997589074035,1.5999560206432e-06,1.574459756667e-23,-1.3515921238717e-05,-1.3588739315899e-05,0.0099966553512804,-3.5847608404248e-07,3.5933360189108e-07,-5.5735074635413e-06,-5.6054829662205e-06,-4.6777483848481e-06,0.90002903295691,0.90002831839897,2.5,2.5,-5.5856899577832e-06,-9.9999999999996e-05
0.49374999999999,0,0.60264769154394,0.60264769154394,0.99994442797164,0.99994363547998,0.99997590572208,0.99997589165007,1.5831277140923e-06,1.55789961954e-23,-1.3517506165378e-05,-1.3589558343454e-05,0.0099966549078983,-3.5470563949669e-07,3.5555413798653e-07,-5.573995133676e-06,-5.6056343186351e-06,-4.6774058067253e-06,0.90002903218946,0.90002832514723,2.5,2.5,-5.5860494926785e-06,-0.00010000000000001
0.49499999999999,0,0.60264769154394,0.60264769154394,0.99994442138002,0.99994363722378,0.99997590647422,0.99997589255022,1.5664764073619e-06,1.5415136614153e-23,-1.351907442176e-05,-1.3590368756461e-05,0.0099966544691798,-3.5097485243891e-07,3.5181442643619e-07,-5.5744776745051e-06,-5.6057840791279e-06,-4.6770668318332e-06,0.90002903143009,0.90002833182451,2.5,2.5,-5.5864052459927e-06,-0.0001
0.49624999999999,0,0.60264769154394,0.60264769154394,0.99994441485773,0.99994363894923,0.99997590721845,0.9999758934409,1.5500002387403e-06,1.525300050626e-23,-1.3520626183313e-05,-1.3591170645529e-05,0.0099966540350756,-3.4728330572985e-07,3.4811404909581e-07,-5.5749551399803e-06,-5.6059322644424e-06,-4.6767314222748e-06,0.90002903067871,0.90002833843156,2.5,2.5,-5.5867572575003e-06,-9.9999999999997e-05
0.49749999999999,0,0.60264769154394,0.60264769154394,0.99994440840404,0.99994364065653,0.99997590795485,0.99997589432221,1.5336973661426e-06,1.5092569736755e-23,-1.3522161623458e-05,-1.3591964100385e-05,0.0099966536055374,-3.4363058659794e-07,3.4445259224266e-07,-5.5754275834815e-06,-5.6060788911472e-06,-4.6763995405411e-06,0.90002902993522,0.90002834496911,2.5,2.5,-5.5871055665577e-06,-0.0001
0.49874999999999,0,0.60264769154394,0.60264769154394,0.99994440201824,0.99994364234588,0.9999759086835,0.99997589519426,1.5175659668419e-06,1.4933826380965e-23,-1.352368091382e-05,-1.3592749209664e-05,0.009996653180517,-3.4001628675014e-07,3.4082964652755e-07,-5.5758950578314e-06,-5.6062239756348e-06,-4.6760711495406e-06,0.90002902919956,0.90002835143791,2.5,2.5,-5.5874502121072e-06,-9.9999999999995e-05
0.49999999999999,0,0.60264769154394,0.60264769154394,0.99994439569959,0.99994364401746,0.9999759094045,0.99997589605713,1.5016042373098e-06,1.4776752684625e-23,-1.3525184224394e-05,-1.3593526061236e-05,0.009996652759967,-3.364400019806e-07,3.3724480687877e-07,-5.576357615295e-06,-5.6063675341261e-06,-4.6757462125449e-06,0.90002902847163,0.90002835783866,2.5,2.5,-5.5877912326815e-06,-0.00010000000000001
0.50124999999999,0,0.60264769154394,0.60264769154394,0.99994438944741,0.99994364567145,0.9999759101179,0.99997589691092,1.4858103929255e-06,1.4621331083891e-23,-1.3526671723114e-05,-1.3594294741808e-05,0.0099966523438404,-3.3290133254514e-07,3.3369767250839e-07,-5.5768153075893e-06,-5.6065095826725e-06,-4.6754246932348e-06,0.90002902775136,0.90002836417209,2.5,2.5,-5.5881286664079e-06,-9.9999999999993e-05
0.50249999999999,0,0.60264769154394,0.60264769154394,0.99994438326099,0.99994364730805,0.99997591082381,0.99997589775574,1.4701826678803e-06,1.4467544204614e-23,-1.3528143576378e-05,-1.3595055337541e-05,0.0099966519320905,-3.2939988274893e-07,3.3018784684142e-07,-5.5772681858833e-06,-5.6066501371557e-06,-4.675106555651e-06,0.90002902703867,0.90002837043891,2.5,2.5,-5.5884625510129e-06,-0.0001
0.50374999999999,0,0.60264769154394,0.60264769154394,0.99994437713964,0.99994364892744,0.99997591152229,0.99997589859167,1.4547193149665e-06,1.4315374855807e-23,-1.3529599948736e-05,-1.3595807933223e-05,0.0099966515246715,-3.2593526116271e-07,3.2671493743268e-07,-5.5777163008131e-06,-5.6067892132893e-06,-4.6747917642421e-06,0.90002902633347,0.90002837663981,2.5,2.5,-5.5887929238262e-06,-9.999999999999e-05
0.50499999999999,0,0.60264769154394,0.60264769154394,0.99994437108267,0.99994365052979,0.99997591221342,0.99997589941881,1.4394186052895e-06,1.4164806018663e-23,-1.353104100292e-05,-1.3596552613187e-05,0.0099966511215376,-3.2250708034259e-07,3.2327855602135e-07,-5.5781597024784e-06,-5.6069268266211e-06,-4.674480283797e-06,0.90002902563569,0.9000283827755,2.5,2.5,-5.5891198217844e-06,-0.0001
0.50624999999999,0,0.60264769154394,0.60264769154394,0.99994436508941,0.99994365211529,0.99997591289729,0.99997590023724,1.4242788281868e-06,1.4015820861988e-23,-1.3532466900206e-05,-1.3597289460588e-05,0.0099966507226439,-3.1911495712069e-07,3.1987831841367e-07,-5.578598440454e-06,-5.6070629925409e-06,-4.6741720794995e-06,0.90002902494525,0.90002838884664,2.5,2.5,-5.5894432814363e-06,-0.0001
0.50749999999999,0,0.60264769154394,0.60264769154394,0.99994435915918,0.99994365368411,0.99997591357396,0.99997590104707,1.4092982909583e-06,1.386840273186e-23,-1.3533877799914e-05,-1.3598018557834e-05,0.0099966503279458,-3.1575851215887e-07,3.1651384445027e-07,-5.5790325637914e-06,-5.6071977262683e-06,-4.6738671168854e-06,0.90002902426207,0.90002839485393,2.5,2.5,-5.5897633389458e-06,-9.9999999999996e-05
0.50874999999999,0,0.60264769154394,0.60264769154394,0.99994435329133,0.99994365523643,0.99997591424351,0.99997590184838,1.3944753187429e-06,1.3722535137599e-23,-1.3535273859787e-05,-1.3598739986459e-05,0.009996649937399,-3.124373702321e-07,3.1318475793847e-07,-5.5794621210287e-06,-5.6073310428703e-06,-4.6735653618662e-06,0.90002902358608,0.90002840079804,2.5,2.5,-5.5900800300967e-06,-0.00010000000000001
0.50999999999999,0,0.60264769154394,0.60264769154394,0.9999443474852,0.99994365677243,0.99997591490602,0.99997590264127,1.3798082542389e-06,1.3578201778018e-23,-1.3536655235936e-05,-1.3599453827149e-05,0.0099966495509601,-3.0915115999608e-07,3.0989068669326e-07,-5.5798871601904e-06,-5.6074629572499e-06,-4.6732667807e-06,0.9000290229172,0.90002840667963,2.5,2.5,-5.590393390296e-06,-0.0001
0.51124999999999,0,0.60264769154394,0.60264769154394,0.99994434174013,0.99994365829227,0.99997591556157,0.99997590342581,1.3652954576647e-06,1.3435386513146e-23,-1.3538022082776e-05,-1.3600160159617e-05,0.0099966491685857,-3.0589951405285e-07,3.0663126241877e-07,-5.5803077287987e-06,-5.6075934841569e-06,-4.6729713400048e-06,0.90002902225535,0.90002841249935,2.5,2.5,-5.5907034545788e-06,-9.9999999999998e-05
0.51249999999999,0,0.60264769154394,0.60264769154394,0.9999443360555,0.99994365979612,0.99997591621021,0.9999759042021,1.3509353063929e-06,1.3294073374968e-23,-1.3539374553208e-05,-1.3600859062867e-05,0.0099966487902331,-3.026820688532e-07,3.0340612073134e-07,-5.5807238738741e-06,-5.6077226381843e-06,-4.6726790067437e-06,0.90002902160047,0.90002841825786,2.5,2.5,-5.5910102576116e-06,-0.0001
0.51374999999999,0,0.60264769154394,0.60264769154394,0.99994433043065,0.99994366128416,0.99997591685204,0.99997590497023,1.3367261949144e-06,1.3154246570787e-23,-1.354071279834e-05,-1.3601550615148e-05,0.00999664841586,-2.9949846472576e-07,3.0021490101317e-07,-5.5811356419443e-06,-5.6078504337733e-06,-4.6723897482451e-06,0.90002902095247,0.90002842395581,2.5,2.5,-5.5913138336959e-06,-9.9999999999999e-05
0.51499999999999,0,0.60264769154394,0.60264769154394,0.99994432486496,0.99994366275654,0.99997591748711,0.99997590573028,1.3226665345918e-06,1.30158904589e-23,-1.3542036967877e-05,-1.3602234893718e-05,0.0099966480454246,-2.9634834564487e-07,2.9705724647369e-07,-5.581543079046e-06,-5.6079768852098e-06,-4.6721035321598e-06,0.90002902031128,0.90002842959382,2.5,2.5,-5.5916142167729e-06,-0.00010000000000001
0.51624999999999,0,0.60264769154394,0.60264769154394,0.99994431935782,0.99994366421344,0.99997591811551,0.99997590648233,1.3087547535078e-06,1.2878989573272e-23,-1.3543347209759e-05,-1.3602911974947e-05,0.0099966476788854,-2.932313594544e-07,2.9393280409013e-07,-5.5819462307317e-06,-5.6081020066319e-06,-4.6718203264874e-06,0.90002901967685,0.90002843517254,2.5,2.5,-5.5919114404264e-06,-9.9999999999997e-05
0.51749999999999,0,0.60264769154394,0.60264769154394,0.9999443139086,0.99994366565502,0.9999759187373,0.99997590722647,1.294989296283e-06,1.274352861094e-23,-1.3544643670589e-05,-1.3603581934703e-05,0.0099966473162015,-2.9014715768919e-07,2.9084122453172e-07,-5.5823451420756e-06,-5.6082258120301e-06,-4.67154009957e-06,0.90002901904908,0.90002844069257,2.5,2.5,-5.5922055378873e-06,-9.9999999999988e-05
0.51874999999999,0,0.60264769154394,0.60264769154394,0.99994430851669,0.99994366708143,0.99997591935254,0.99997590796279,1.2813686238479e-06,1.2609492421244e-23,-1.3545926495228e-05,-1.3604244847869e-05,0.0099966469573322,-2.87095395476e-07,2.8778216214159e-07,-5.5827398576771e-06,-5.6083483152446e-06,-4.6712628200719e-06,0.90002901842792,0.90002844615455,2.5,2.5,-5.5924965420367e-06,-0.00010000000000001
0.51999999999999,0,0.60264769154394,0.60264769154394,0.9999443031815,0.99994366849284,0.99997591996132,0.99997590869136,1.2678912134068e-06,1.247686602499e-23,-1.3547195827191e-05,-1.3604900788478e-05,0.0099966466022375,-2.8407573165014e-07,2.8475527491113e-07,-5.5831304216692e-06,-5.6084695299745e-06,-4.6709884569958e-06,0.90002901781329,0.90002845155908,2.5,2.5,-5.5927844854102e-06,-0.0001
0.52124999999999,0,0.60264769154394,0.60264769154394,0.99994429790242,0.9999436698894,0.99997592056369,0.99997590941227,1.2545555580868e-06,1.2345634590138e-23,-1.3548451808303e-05,-1.360554982991e-05,0.0099966462508778,-2.8108782858486e-07,2.8176022443713e-07,-5.5835168777155e-06,-5.608589469769e-06,-4.6707169796614e-06,0.90002901720512,0.90002845690676,2.5,2.5,-5.5930694002008e-06,-9.9999999999986e-05
0.52249999999999,0,0.60264769154394,0.60264769154394,0.99994429267887,0.99994367127128,0.99997592115972,0.9999759101256,1.2413601669486e-06,1.2215783440966e-23,-1.3549694579041e-05,-1.3606192044808e-05,0.0099966459032136,-2.7813135223612e-07,2.7879667582637e-07,-5.5838992690259e-06,-5.6087081480391e-06,-4.6704483577261e-06,0.90002901660335,0.9000284621982,2.5,2.5,-5.5933513182632e-06,-0.00010000000000001
0.52374999999999,0,0.60264769154394,0.60264769154394,0.99994428751025,0.99994367263862,0.99997592174949,0.99997591083142,1.2283035646711e-06,1.2087298067982e-23,-1.3550924278344e-05,-1.3606827504869e-05,0.0099966455592061,-2.7520597205146e-07,2.758642977813e-07,-5.5842776383504e-06,-5.6088255780534e-06,-4.6701825611486e-06,0.90002901600792,0.90002846743398,2.5,2.5,-5.5936302711168e-06,-0.00010000000000001
0.52499999999999,0,0.60264769154394,0.60264769154394,0.99994428239601,0.99994367399158,0.99997592233306,0.99997591152982,1.2153842914873e-06,1.1960164100123e-23,-1.3552141043664e-05,-1.3607456281171e-05,0.0099966452188169,-2.7231136091355e-07,2.7296276239915e-07,-5.5846520279941e-06,-5.6089417729407e-06,-4.6699195602131e-06,0.90002901541874,0.90002847261469,2.5,2.5,-5.5939062899496e-06,-9.9999999999992e-05
0.52624999999999,0,0.60264769154394,0.60264769154394,0.99994427733555,0.99994367533031,0.99997592291048,0.99997591222088,1.2026009029747e-06,1.1834367323043e-23,-1.3553345011158e-05,-1.3608078443982e-05,0.0099966448820079,-2.6944719531194e-07,2.7009174535979e-07,-5.5850224798146e-06,-5.6090567456932e-06,-4.6696593255174e-06,0.90002901483576,0.90002847774091,2.5,2.5,-5.5941794056218e-06,-9.9999999999992e-05
0.52749999999999,0,0.60264769154394,0.60264769154394,0.99994427232832,0.99994367665496,0.99997592348183,0.99997591290466,1.1899519698767e-06,1.1709893679173e-23,-1.355453631527e-05,-1.3608694062933e-05,0.0099966445487415,-2.6661315487996e-07,2.6725092557819e-07,-5.58538903523e-06,-5.6091705091645e-06,-4.6694018279627e-06,0.90002901425891,0.90002848281322,2.5,2.5,-5.5944496486685e-06,-0.00010000000000001
0.52874999999999,0,0.60264769154394,0.60264769154394,0.99994426737375,0.99994367796567,0.99997592404718,0.99997591358125,1.177436078033e-06,1.1586729242052e-23,-1.3555715089308e-05,-1.3609303206795e-05,0.0099966442189803,-2.6380892292507e-07,2.6443998552835e-07,-5.5857517352227e-06,-5.6092830760741e-06,-4.6691470387683e-06,0.90002901368813,0.90002848783217,2.5,2.5,-5.5947170493041e-06,-0.0001
0.52999999999999,0,0.60264769154394,0.60264769154394,0.9999442624713,0.9999436792626,0.99997592460657,0.99997591425073,1.1650518280807e-06,1.1464860248301e-23,-1.3556881464987e-05,-1.3609905943733e-05,0.0099966438926876,-2.6103418569933e-07,2.6165861083252e-07,-5.5861106203449e-06,-5.609394459006e-06,-4.6688949294367e-06,0.90002901312336,0.90002849279833,2.5,2.5,-5.5949816374249e-06,-9.9999999999994e-05
0.53124999999999,0,0.60264769154394,0.60264769154394,0.99994425762041,0.99994368054589,0.99997592516009,0.99997591491317,1.1527978354534e-06,1.1344273067735e-23,-1.3558035572766e-05,-1.3610502341036e-05,0.0099966435698268,-2.5828863320844e-07,2.5890649063258e-07,-5.5864657307196e-06,-5.6095046704153e-06,-4.6686454717892e-06,0.90002901256452,0.90002849771226,2.5,2.5,-5.595243442613e-06,-0.0001
0.53249999999999,0,0.60264769154394,0.60264769154394,0.99994425282054,0.99994368181568,0.99997592570778,0.99997591556864,1.1406727300619e-06,1.1224954222664e-23,-1.3559177541658e-05,-1.3611092465495e-05,0.0099966432503618,-2.5557195833763e-07,2.5618331714813e-07,-5.5868171060493e-06,-5.609613722622e-06,-4.6683986379313e-06,0.90002901201156,0.90002850257451,2.5,2.5,-5.5955024941392e-06,-0.0001
0.53374999999999,0,0.60264769154394,0.60264769154394,0.99994424807116,0.99994368307212,0.99997592624971,0.99997591621721,1.1286751563164e-06,1.1106890369237e-23,-1.3560307499354e-05,-1.3611676382977e-05,0.009996642934257,-2.5288385739328e-07,2.5348878596552e-07,-5.5871647856219e-06,-5.6097216278207e-06,-4.668154400262e-06,0.90002901146442,0.90002850738561,2.5,2.5,-5.5957588209666e-06,-0.0001
0.53499999999999,0,0.60264769154394,0.60264769154394,0.99994424337173,0.99994368431534,0.99997592678594,0.99997591685896,1.1168037728015e-06,1.0990068313601e-23,-1.3561425572166e-05,-1.3612254158939e-05,0.009996642621477,-2.5022402986906e-07,2.508225958013e-07,-5.5875088083055e-06,-5.6098283980738e-06,-4.6679127314858e-06,0.90002901092303,0.90002851214612,2.5,2.5,-5.5960124517532e-06,-0.0001
0.53624999999999,0,0.60264769154394,0.60264769154394,0.99994423872173,0.99994368554548,0.99997592731653,0.99997591749396,1.105057252274e-06,1.087447498586e-23,-1.3562531885068e-05,-1.3612825857785e-05,0.0099966423119868,-2.4759217838916e-07,2.4818444860618e-07,-5.5878492125658e-06,-5.6099340453205e-06,-4.6676736045777e-06,0.90002901038734,0.90002851685655,2.5,2.5,-5.5962634148561e-06,-0.0001
0.53749999999999,0,0.60264769154394,0.60264769154394,0.99994423412064,0.99994368676268,0.99997592784154,0.99997591812229,1.093434281425e-06,1.0760097468219e-23,-1.3563626561873e-05,-1.3613391543512e-05,0.0099966420057518,-2.4498800861204e-07,2.455740493452e-07,-5.5881860364616e-06,-5.6100385813716e-06,-4.6674369928009e-06,0.90002900985728,0.90002852151743,2.5,2.5,-5.5965117383339e-06,-9.9999999999996e-05
0.53874999999999,0,0.60264769154394,0.60264769154394,0.99994422956794,0.99994368796709,0.99997592836103,0.999975918744,1.0819335607574e-06,1.0646922972344e-23,-1.3564709724839e-05,-1.3613951279339e-05,0.0099966417027377,-2.4241122947811e-07,2.429911062556e-07,-5.5885193176495e-06,-5.6101420179129e-06,-4.6672028697002e-06,0.9000290093328,0.9000285261293,2.5,2.5,-5.5967574499503e-06,-9.9999999999997e-05
0.53999999999999,0,0.60264769154394,0.60264769154394,0.99994422506313,0.99994368915882,0.99997592887505,0.99997591935918,1.0705538044524e-06,1.0534938839325e-23,-1.3565781495143e-05,-1.3614505127949e-05,0.0099966414029108,-2.3986155283095e-07,2.4043533047605e-07,-5.5888490933928e-06,-5.6102443665117e-06,-4.6669712091007e-06,0.90002900881383,0.90002853069265,2.5,2.5,-5.5970005771765e-06,-0.0001
0.54124999999999,0,0.60264769154394,0.60264769154394,0.99994422060569,0.99994369033802,0.99997592938367,0.99997591996788,1.0592937401949e-06,1.0424132558172e-23,-1.3566841992571e-05,-1.3615053151118e-05,0.0099966411062374,-2.3733869365762e-07,2.3790643630924e-07,-5.5891754005603e-06,-5.6103456386109e-06,-4.6667419851071e-06,0.90002900830032,0.90002853520801,2.5,2.5,-5.5972411471952e-06,-0.0001
0.54249999999999,0,0.60264769154394,0.60264769154394,0.99994421619515,0.99994369150482,0.99997592988694,0.99997592057018,1.048152109085e-06,1.0314491732772e-23,-1.3567891335704e-05,-1.3615595410199e-05,0.0099966408126844,-2.3484236983899e-07,2.3540414099278e-07,-5.589498275635e-06,-5.6104458455304e-06,-4.6665151720851e-06,0.90002900779221,0.90002853967588,2.5,2.5,-5.5974791869032e-06,-9.9999999999997e-05
0.54374999999999,0,0.60264769154394,0.60264769154394,0.99994421183099,0.99994369265934,0.99997593038491,0.99997592116615,1.0371276654407e-06,1.0206004107025e-23,-1.3568929641865e-05,-1.3616131965854e-05,0.0099966405222191,-2.3237230234061e-07,2.3292816480077e-07,-5.5898177547162e-06,-5.6105449984765e-06,-4.6662907446766e-06,0.90002900728945,0.90002854409675,2.5,2.5,-5.5977147229141e-06,-0.0001
0.54499999999999,0,0.60264769154394,0.60264769154394,0.99994420751273,0.99994369380173,0.99997593087765,0.99997592175585,1.0262191766655e-06,1.0098657554007e-23,-1.3569957027163e-05,-1.361666287801e-05,0.0099966402348088,-2.2992821495451e-07,2.3047823085084e-07,-5.5901338735241e-06,-5.610643108533e-06,-4.6660686777937e-06,0.90002900679198,0.90002854847113,2.5,2.5,-5.5979477815618e-06,-0.0001
0.54624999999999,0,0.60264769154394,0.60264769154394,0.9999442032399,0.99994369493209,0.9999759313652,0.99997592233935,1.0154254231738e-06,9.9924400683187e-24,-1.3570973606394e-05,-1.361718820604e-05,0.0099966399504215,-2.2750983442083e-07,2.280540652669e-07,-5.5904466673985e-06,-5.6107401866709e-06,-4.6658489466043e-06,0.90002900629973,0.90002855279949,2.5,2.5,-5.5981783889032e-06,-0.0001
0.54749999999999,0,0.60264769154394,0.60264769154394,0.999944199012,0.99994369605057,0.99997593184763,0.99997592291671,1.0047451981724e-06,9.8873397770914e-24,-1.3571979493325e-05,-1.3617708008691e-05,0.0099966396690254,-2.2511689038234e-07,2.2565539701392e-07,-5.5907561713141e-06,-5.6108362437423e-06,-4.6656315265471e-06,0.90002900581267,0.90002855708233,2.5,2.5,-5.598406570721e-06,-9.9999999999996e-05
0.54874999999999,0,0.60264769154394,0.60264769154394,0.99994419482858,0.99994369715728,0.99997593232498,0.999975923488,9.9417730757913e-07,9.7833449275816e-24,-1.3572974800358e-05,-1.361822234406e-05,0.009996639390589,-2.2274911524976e-07,2.2328195790053e-07,-5.5910624198737e-06,-5.610931290487e-06,-4.6654163933013e-06,0.90002900533073,0.90002856132013,2.5,2.5,-5.5986323525267e-06,-0.0001
0.54999999999999,0,0.60264769154394,0.60264769154394,0.99994419068915,0.99994369825235,0.99997593279731,0.99997592405327,9.8372056983325e-07,9.6804438925629e-24,-1.3573959638719e-05,-1.361873126967e-05,0.0099966391150812,-2.2040624437059e-07,2.2093348257071e-07,-5.5913654473162e-06,-5.6110253375322e-06,-4.66520352283e-06,0.90002900485385,0.90002856551335,2.5,2.5,-5.5988557595639e-06,-9.9999999999981e-05
0.55124999999999,0,0.60264769154394,0.60264769154394,0.99994418659327,0.99994369933591,0.99997593326467,0.99997592461261,9.7337381586844e-07,9.5786251729767e-24,-1.357493411859e-05,-1.3619234842374e-05,0.0099966388424712,-2.1808801575786e-07,2.1860970847662e-07,-5.5916652875221e-06,-5.611118395392e-06,-4.6649928913274e-06,0.90002900438199,0.90002856966246,2.5,2.5,-5.5990768168102e-06,-0.00010000000000001
0.55249999999999,0,0.60264769154394,0.60264769154394,0.99994418254046,0.99994370040807,0.99997593372712,0.99997592516606,9.6313588887024e-07,9.4778773782107e-24,-1.3575898348908e-05,-1.3619733118539e-05,0.0099966385727285,-2.1579417020574e-07,2.1631037577974e-07,-5.5919619740151e-06,-5.6112104744714e-06,-4.6647844752362e-06,0.9000290039151,0.90002857376794,2.5,2.5,-5.5992955489806e-06,-9.9999999999991e-05
0.55374999999999,0,0.60264769154394,0.60264769154394,0.99994417853028,0.99994370146895,0.9999759341847,0.99997592571368,9.5300564417552e-07,9.3781892463628e-24,-1.3576852437476e-05,-1.3620226153783e-05,0.0099966383058229,-2.135244512819e-07,2.1403522741707e-07,-5.592255539964e-06,-5.6113015850641e-06,-4.6645782512642e-06,0.90002900345312,0.90002857783023,2.5,2.5,-5.5995119805302e-06,-9.9999999999997e-05
0.55499999999999,0,0.60264769154394,0.60264769154394,0.99994417456228,0.99994370251867,0.99997593463747,0.99997592625555,9.4298194919983e-07,9.2795496310194e-24,-1.3577796490959e-05,-1.3620714003403e-05,0.0099966380417246,-2.1127860523109e-07,2.1178400902393e-07,-5.5925460181926e-06,-5.6113917373582e-06,-4.6643741963548e-06,0.90002900299599,0.9000285818498,2.5,2.5,-5.5997261356571e-06,-0.00010000000000001
0.55624999999999,0,0.60264769154394,0.60264769154394,0.99994417063602,0.99994370355735,0.99997593508548,0.99997592679172,9.3306368327471e-07,9.1819475078632e-24,-1.3578730614896e-05,-1.3621196721737e-05,0.0099966377804042,-2.0905638094827e-07,2.0955646891251e-07,-5.5928334411772e-06,-5.6114809414322e-06,-4.6641722876903e-06,0.90002900254367,0.90002858582709,2.5,2.5,-5.5999380383043e-06,-0.0001
0.55749999999999,0,0.60264769154394,0.60264769154394,0.99994416675105,0.99994370458511,0.99997593552878,0.99997592732225,9.232497374589e-07,9.0853719626125e-24,-1.3579654913706e-05,-1.362167436289e-05,0.0099966375218323,-2.0685752994671e-07,2.0735235801538e-07,-5.5931178410515e-06,-5.6115692072584e-06,-4.6639725026922e-06,0.90002900209612,0.90002858976254,2.5,2.5,-5.6001477121637e-06,-9.9999999999995e-05
0.55874999999999,0,0.60264769154394,0.60264769154394,0.99994416290694,0.99994370560205,0.99997593596741,0.9999759278472,9.1353901454296e-07,8.9898121956202e-24,-1.3580569490804e-05,-1.3622146980199e-05,0.00999663726598,-2.0468180647084e-07,2.0517142992253e-07,-5.5933992496134e-06,-5.6116565447082e-06,-4.6637748190351e-06,0.90002900165326,0.90002859365661,2.5,2.5,-5.6003551806774e-06,-0.0001
0.55999999999999,0,0.60264769154394,0.60264769154394,0.99994415910327,0.9999437066083,0.99997593640143,0.99997592836663,9.0393042880491e-07,8.8952575231897e-24,-1.358147444844e-05,-1.3622614626554e-05,0.0099966370128188,-2.0252896715063e-07,2.0301344076775e-07,-5.5936776983264e-06,-5.6117429635436e-06,-4.6635792146073e-06,0.90002900121507,0.90002859750971,2.5,2.5,-5.6005604670413e-06,-0.00010000000000001
0.56124999999999,0,0.60264769154394,0.60264769154394,0.9999441553396,0.99994370760397,0.99997593683089,0.99997592888059,8.944229060146e-07,8.8016973765271e-24,-1.3582369887622e-05,-1.3623077354245e-05,0.0099966367623203,-2.003987714164e-07,2.0087814933769e-07,-5.5939532183207e-06,-5.6118284734265e-06,-4.6633856675469e-06,0.90002900078148,0.90002860132229,2.5,2.5,-5.6007635942072e-06,-9.999999999999e-05
0.56249999999999,0,0.60264769154394,0.60264769154394,0.99994415161552,0.99994370858916,0.99997593725582,0.99997592938915,8.8501538315062e-07,8.7091212932963e-24,-1.35832559087e-05,-1.3623535214908e-05,0.0099966365144566,-1.9829098098626e-07,1.98765316823e-07,-5.5942258404019e-06,-5.6119130839195e-06,-4.6631941562079e-06,0.90002900035246,0.90002860509477,2.5,2.5,-5.6009645848855e-06,-0.00010000000000001
0.56374999999999,0,0.60264769154394,0.60264769154394,0.99994414793061,0.999943709564,0.99997593767629,0.99997592989236,8.757068084379e-07,8.6175189233686e-24,-1.3584132610609e-05,-1.3623988259819e-05,0.0099966362691999,-1.9620536026082e-07,1.9667470705038e-07,-5.5944955950475e-06,-5.6119968044793e-06,-4.6630046591795e-06,0.90002899992795,0.90002860882757,2.5,2.5,-5.6011634615477e-06,-9.9999999999986e-05
0.56499999999999,0,0.60264769154394,0.60264769154394,0.99994414428446,0.99994371052858,0.99997593809234,0.99997593039028,8.6649614112054e-07,8.5268800247816e-24,-1.358500009132e-05,-1.3624436539685e-05,0.0099966360265228,-1.9414167607928e-07,1.9460608629186e-07,-5.5947625124197e-06,-5.6120796444689e-06,-4.6628171552778e-06,0.9000289995079,0.90002861252111,2.5,2.5,-5.601360246429e-06,-0.0001
0.56624999999999,0,0.60264769154394,0.60264769154394,0.99994414067666,0.99994371148301,0.99997593850401,0.99997593088296,8.57382351444e-07,8.4371944668804e-24,-1.3585858447921e-05,-1.3624880104433e-05,0.0099966357863982,-1.9209969771068e-07,1.925592232455e-07,-5.595026622361e-06,-5.6121616131488e-06,-4.6626316235431e-06,0.90002899909227,0.9000286161758,2.5,2.5,-5.6015549615307e-06,-0.0001
0.56749999999999,0,0.60264769154394,0.60264769154394,0.9999441371068,0.9999437124274,0.99997593891135,0.99997593137046,8.4836442041511e-07,8.3484522178498e-24,-1.3586707776377e-05,-1.3625319003849e-05,0.0099966355487992,-1.9007919674532e-07,1.9053388902742e-07,-5.595287954398e-06,-5.6122427196838e-06,-4.662448043221e-06,0.90002899868101,0.90002861979205,2.5,2.5,-5.6017476286227e-06,-0.0001
0.56874999999999,0,0.60264769154394,0.60264769154394,0.99994413357449,0.99994371336187,0.9999759393144,0.99997593185283,8.3944133982054e-07,8.2606433594335e-24,-1.3587548171556e-05,-1.3625753286946e-05,0.0099966353136992,-1.8807994746523e-07,1.8852985727047e-07,-5.5955465377506e-06,-5.6123229731426e-06,-4.6622663938014e-06,0.90002899827408,0.90002862337026,2.5,2.5,-5.601938269246e-06,-0.00010000000000001
0.56999999999999,0,0.60264769154394,0.60264769154394,0.99994413007934,0.9999437142865,0.99997593971322,0.99997593233013,8.3061211201403e-07,8.173758072958e-24,-1.3588379727563e-05,-1.3626183002199e-05,0.0099966350810721,-1.8610172618719e-07,1.8654690387319e-07,-5.5958024013276e-06,-5.6124023824963e-06,-4.6620866549588e-06,0.90002899787143,0.90002862691084,2.5,2.5,-5.602126904715e-06,-9.9999999999983e-05
0.57124999999999,0,0.60264769154394,0.60264769154394,0.99994412662094,0.99994371520141,0.99997594010784,0.9999759328024,8.2187574983972e-07,8.0877866428871e-24,-1.358920253718e-05,-1.362660819779e-05,0.0099966348508917,-1.8414431182619e-07,1.8458480712993e-07,-5.5960555737373e-06,-5.6124809566239e-06,-4.6619088066116e-06,0.90002899747301,0.90002863041418,2.5,2.5,-5.6023135561196e-06,-0.00010000000000001
0.57249999999999,0,0.60264769154394,0.60264769154394,0.99994412319893,0.99994371610669,0.99997594049831,0.99997593326971,8.1323127656791e-07,8.0027194582892e-24,-1.3590016692559e-05,-1.3627028921078e-05,0.0099966346231324,-1.8220748550169e-07,1.8264334768927e-07,-5.5963060832842e-06,-5.6125587043103e-06,-4.6617328288667e-06,0.90002899707879,0.90002863388067,2.5,2.5,-5.6024982443284e-06,-9.9999999999991e-05
0.57374999999999,0,0.60264769154394,0.60264769154394,0.9999441198129,0.99994371700245,0.99997594088468,0.99997593373211,8.0467772570672e-07,7.9185470079713e-24,-1.3590822284649e-05,-1.362744521924e-05,0.0099966343977686,-1.8029103069717e-07,1.8072230849615e-07,-5.5965539579762e-06,-5.6126356342479e-06,-4.6615587020538e-06,0.90002899668871,0.9000286373107,2.5,2.5,-5.6026809899903e-06,-0.0001
0.57499999999999,0,0.60264769154394,0.60264769154394,0.99994411646249,0.99994371788879,0.99997594126698,0.99997593418964,7.9621414091328e-07,7.8352598828342e-24,-1.3591619403559e-05,-1.3627857138872e-05,0.0099966341747751,-1.7839473310642e-07,1.7882147474127e-07,-5.5967992255265e-06,-5.6127117550389e-06,-4.6613864066995e-06,0.90002899630273,0.90002864070465,2.5,2.5,-5.6028618135367e-06,-0.00010000000000001
0.57624999999999,0,0.60264769154394,0.60264769154394,0.99994411314732,0.99994371876581,0.99997594164526,0.99997593464236,7.878395759511e-07,7.7528487745587e-24,-1.3592408138377e-05,-1.3628264725831e-05,0.0099966339541272,-1.7651838076395e-07,1.7694063392396e-07,-5.5970419133593e-06,-5.6127870751921e-06,-4.6612159235495e-06,0.90002899592081,0.90002864406291,2.5,2.5,-5.6030407351847e-06,-0.0001
0.57749999999999,0,0.60264769154394,0.60264769154394,0.99994410986701,0.99994371963361,0.99997594201956,0.99997593509031,7.7955309448956e-07,7.6713044585795e-24,-1.3593188577283e-05,-1.3628668025877e-05,0.0099966337358,-1.7466176384092e-07,1.7507957575365e-07,-5.5972820486042e-06,-5.6128616031299e-06,-4.6610472335356e-06,0.90002899554291,0.90002864738584,2.5,2.5,-5.603217774938e-06,-9.9999999999995e-05
0.57874999999999,0,0.60264769154394,0.60264769154394,0.99994410662121,0.99994372049227,0.99997594238992,0.99997593553356,7.713537700931e-07,7.5906178247869e-24,-1.3593960807536e-05,-1.3629067084039e-05,0.0099966335197691,-1.7282467477537e-07,1.732380921463e-07,-5.597519658112e-06,-5.6129353471839e-06,-4.6608803178041e-06,0.90002899516899,0.90002865067382,2.5,2.5,-5.6033929525908e-06,-0.0001
0.57999999999999,0,0.60264769154394,0.60264769154394,0.99994410340955,0.99994372134191,0.99997594275639,0.99997593597214,7.6324068602048e-07,7.5107798534499e-24,-1.3594724915497e-05,-1.3629461944875e-05,0.0099966333060105,-1.7100690815306e-07,1.7141597722919e-07,-5.5977547684474e-06,-5.6130083155984e-06,-4.6607151576812e-06,0.900028994799,0.90002865392722,2.5,2.5,-5.6035662877283e-06,-0.0001
0.58124999999999,0,0.60264769154394,0.60264769154394,0.99994410023167,0.99994372218261,0.999975943119,0.99997593640611,7.5521293522295e-07,7.4317816176433e-24,-1.3595480986591e-05,-1.3629852652587e-05,0.0099966330945002,-1.6920826083085e-07,1.6961302729989e-07,-5.5979874058972e-06,-5.6130805165343e-06,-4.6605517347165e-06,0.9000289944329,0.9000286571464,2.5,2.5,-5.6037377997302e-06,-9.9999999999993e-05
0.58249999999999,0,0.60264769154394,0.60264769154394,0.99994409708722,0.99994372301447,0.9999759434778,0.99997593683552,7.4726962014637e-07,7.3536142829335e-24,-1.3596229105374e-05,-1.3630239250728e-05,0.0099966328852145,-1.674285315884e-07,1.6782904074814e-07,-5.5982175964707e-06,-5.6131519580599e-06,-4.6603900306264e-06,0.90002899407065,0.90002866033173,2.5,2.5,-5.6039075077723e-06,-0.0001
0.58374999999999,0,0.60264769154394,0.60264769154394,0.99994409397583,0.99994372383757,0.99997594383283,0.99997593726041,7.3940985270584e-07,7.2762691095259e-24,-1.3596969355414e-05,-1.3630621782764e-05,0.0099966326781301,-1.656675215317e-07,1.660638181374e-07,-5.5984453659029e-06,-5.6132226481671e-06,-4.6602300273398e-06,0.90002899371221,0.90002866348354,2.5,2.5,-5.6040754308282e-06,-9.9999999999992e-05
0.58499999999999,0,0.60264769154394,0.60264769154394,0.99994409089717,0.99994372465202,0.99997594418412,0.99997593768083,7.3163275415005e-07,7.1997374506828e-24,-1.3597701819552e-05,-1.3631000291275e-05,0.0099966324732238,-1.63925033744e-07,1.6431716211233e-07,-5.5986707396629e-06,-5.6132925947565e-06,-4.6600717069639e-06,0.90002899335754,0.90002866660221,2.5,2.5,-5.604241587673e-06,-0.00010000000000001
0.58624999999999,0,0.60264769154394,0.60264769154394,0.9999440878509,0.99994372545791,0.99997594453172,0.99997593809682,7.2393745495822e-07,7.1240107528749e-24,-1.3598426579604e-05,-1.3631374818676e-05,0.0099966322704727,-1.6220087339713e-07,1.6258887736796e-07,-5.5988937429448e-06,-5.6133618056487e-06,-4.6599150517969e-06,0.9000289930066,0.90002866968808,2.5,2.5,-5.6044059968831e-06,-9.9999999999996e-05
0.58749999999999,0,0.60264769154394,0.60264769154394,0.99994408483666,0.99994372625531,0.99997594487566,0.99997593850845,7.1632309478782e-07,7.0490805440573e-24,-1.3599143716661e-05,-1.3631745406793e-05,0.0099966320698541,-1.6049484774936e-07,1.6087877068863e-07,-5.5991144006823e-06,-5.6134302885823e-06,-4.6597600443315e-06,0.90002899265935,0.90002867274149,2.5,2.5,-5.6045686768404e-06,-9.9999999999997e-05
0.58874999999999,0,0.60264769154394,0.60264769154394,0.99994408185413,0.99994372704433,0.99997594521598,0.99997593891574,7.0878882230509e-07,6.9749384496441e-24,-1.3599853310906e-05,-1.363211209708e-05,0.0099966318713457,-1.588067660235e-07,1.5918665089263e-07,-5.599332737546e-06,-5.613498051213e-06,-4.6596066672225e-06,0.90002899231575,0.90002867576278,2.5,2.5,-5.604729645733e-06,-0.00010000000000001
0.58999999999999,0,0.60264769154394,0.60264769154394,0.99994407890297,0.99994372782505,0.99997594555272,0.99997593931875,7.0133379513606e-07,6.9015761845524e-24,-1.3600555441598e-05,-1.3632474930536e-05,0.0099966316749251,-1.5713643953226e-07,1.5751232875708e-07,-5.5995487779467e-06,-5.613565101119e-06,-4.6594549033399e-06,0.90002899197577,0.90002867875229,2.5,2.5,-5.6048889215578e-06,-9.9999999999999e-05
0.59124999999999,0,0.60264769154394,0.60264769154394,0.99994407598285,0.99994372859756,0.99997594588593,0.99997593971752,6.9395717982758e-07,6.8289855383735e-24,-1.3601250187369e-05,-1.363283394774e-05,0.0099966314805705,-1.5548368148317e-07,1.5585561713108e-07,-5.5997625460398e-06,-5.6136314457938e-06,-4.6593047357007e-06,0.90002899163936,0.90002868171037,2.5,2.5,-5.6050465221226e-06,-9.9999999999991e-05
0.59249999999999,0,0.60264769154394,0.60264769154394,0.99994407309344,0.99994372936195,0.99997594621562,0.9999759401121,6.8665815159793e-07,6.7571584005151e-24,-1.3601937625765e-05,-1.3633189188738e-05,0.0099966312882601,-1.5384830713798e-07,1.5421633076075e-07,-5.5999740657237e-06,-5.6136970926584e-06,-4.6591561475257e-06,0.9000289913065,0.90002868463732,2.5,2.5,-5.6052024650479e-06,-0.00010000000000001
0.59374999999999,0,0.60264769154394,0.60264769154394,0.99994407023442,0.99994373011829,0.99997594654185,0.99997594050252,6.7943589441869e-07,6.6860867386826e-24,-1.3602617833718e-05,-1.3633540693317e-05,0.0099966310979725,-1.522301336052e-07,1.5259428636907e-07,-5.6001833606472e-06,-5.613762049049e-06,-4.6590091221968e-06,0.90002899097713,0.9000286875335,2.5,2.5,-5.6053567677683e-06,-9.9999999999997e-05
0.59499999999999,0,0.60264769154394,0.60264769154394,0.99994406740548,0.99994373086668,0.99997594686465,0.99997594088884,6.722896007958e-07,6.6157626057968e-24,-1.3603290887239e-05,-1.3633888500846e-05,0.0099966309096863,-1.5062898001768e-07,1.5098930261636e-07,-5.6003904542105e-06,-5.6138263222307e-06,-4.6588636432787e-06,0.90002899065123,0.90002869039921,2.5,2.5,-5.6055094475357e-06,-0.0001
0.59624999999999,0,0.60264769154394,0.60264769154394,0.99994406460629,0.9999437316072,0.99997594718405,0.9999759412711,6.6521847175649e-07,6.5461781416662e-24,-1.3603956861614e-05,-1.3634232650115e-05,0.0099966307233804,-1.4904466727037e-07,1.494012000299e-07,-5.6005953695672e-06,-5.6138899193872e-06,-4.6587196945006e-06,0.90002899032875,0.90002869323478,2.5,2.5,-5.6056605214203e-06,-0.0001
0.59749999999999,0,0.60264769154394,0.60264769154394,0.99994406183654,0.99994373233993,0.9999759475001,0.99997594164934,6.5822171670264e-07,6.4773255670106e-24,-1.3604615831302e-05,-1.3634573179635e-05,0.0099966305390342,-1.4747701838509e-07,1.4782980111342e-07,-5.60079812963e-06,-5.6139528476312e-06,-4.658577259778e-06,0.90002899000967,0.90002869604052,2.5,2.5,-5.6058100063127e-06,-0.00010000000000001
0.59874999999999,0,0.60264769154394,0.60264769154394,0.99994405909592,0.99994373306495,0.99997594781282,0.99997594202359,6.5129855339725e-07,6.4091971829108e-24,-1.3605267869944e-05,-1.363491012747e-05,0.0099966303566268,-1.4592585792128e-07,1.4627493010326e-07,-5.6009987570655e-06,-5.6140151139958e-06,-4.6584363231776e-06,0.90002898969394,0.90002869881676,2.5,2.5,-5.6059579189258e-06,-9.9999999999995e-05
0.59999999999999,0,0.60264769154394,0.60264769154394,0.99994405638413,0.99994373378234,0.99997594812225,0.99997594239391,6.4444820778066e-07,6.34178536874e-24,-1.360591305042e-05,-1.3635243531223e-05,0.0099966301761381,-1.443910125746e-07,1.4473641321978e-07,-5.6011972743054e-06,-5.6140767254447e-06,-4.6582968689479e-06,0.90002898938154,0.90002870156379,2.5,2.5,-5.6061042757971e-06,-0.00010000000000001
0.60124999999999,0,0.60264769154394,0.60264769154394,0.99994405370086,0.9999437344922,0.99997594842842,0.99997594276034,6.3766991396158e-07,6.2750825947474e-24,-1.3606551444941e-05,-1.3635573428325e-05,0.0099966299975477,-1.4287231068919e-07,1.4321407841012e-07,-5.6013937035442e-06,-5.6141376888659e-06,-4.658158881496e-06,0.90002898907242,0.90002870428193,2.5,2.5,-5.6062490932894e-06,-9.9999999999996e-05
0.60249999999999,0,0.60264769154394,0.60264769154394,0.99994405104581,0.99994373519458,0.99997594873138,0.99997594312291,6.3096291412787e-07,6.209081394877e-24,-1.3607183124794e-05,-1.3635899855529e-05,0.0099966298208357,-1.4136958248987e-07,1.4170775550536e-07,-5.6015880667445e-06,-5.6141980110746e-06,-4.6580223453911e-06,0.90002898876655,0.90002870697148,2.5,2.5,-5.6063923875943e-06,-0.0001
0.60374999999999,0,0.60264769154394,0.60264769154394,0.99994404841869,0.99994373588958,0.99997594903115,0.99997594348167,6.243264583772e-07,6.1437744007099e-24,-1.3607808160721e-05,-1.3636222849422e-05,0.0099966296459824,-1.3988265994367e-07,1.4021727606421e-07,-5.601780385637e-06,-5.6142576988157e-06,-4.657887245373e-06,0.9000289884639,0.90002870963275,2.5,2.5,-5.6065341747323e-06,-9.9999999999988e-05
0.60499999999999,0,0.60264769154394,0.60264769154394,0.99994404581921,0.99994373657726,0.99997594932776,0.99997594383666,6.1775980472729e-07,6.0791542974926e-24,-1.3608426622497e-05,-1.363654244605e-05,0.0099966294729682,-1.3841137681786e-07,1.3874247346523e-07,-5.601970681723e-06,-5.6143167587624e-06,-4.6577535663276e-06,0.90002898816443,0.90002871226602,2.5,2.5,-5.606674470556e-06,-0.00010000000000002
0.60624999999999,0,0.60264769154394,0.60264769154394,0.99994404324706,0.99994373725772,0.99997594962126,0.99997594418791,6.1126221901867e-07,6.015213872802e-24,-1.3609038579284e-05,-1.3636858681186e-05,0.0099966293017737,-1.3695556864341e-07,1.3728318280132e-07,-5.6021589762774e-06,-5.6143751975173e-06,-4.6576212933254e-06,0.90002898786811,0.90002871487159,2.5,2.5,-5.6068132907509e-06,-9.9999999999985e-05
0.60749999999999,0,0.60264769154394,0.60264769154394,0.99994404070197,0.99994373793101,0.99997594991167,0.99997594453546,6.048329748099e-07,5.9519459684531e-24,-1.3609644099574e-05,-1.3637171590121e-05,0.0099966291323798,-1.3551507260653e-07,1.3583924094223e-07,-5.6023452903543e-06,-5.6144330216148e-06,-4.6574904115603e-06,0.90002898757491,0.90002871744976,2.5,2.5,-5.6069506508378e-06,-9.9999999999994e-05
0.60874999999999,0,0.60264769154394,0.60264769154394,0.99994403818364,0.99994373859723,0.99997595019902,0.99997594487937,5.9847135325141e-07,5.8893435141804e-24,-1.3610243250925e-05,-1.3637481207931e-05,0.0099966289647677,-1.3408972769154e-07,1.3441048641541e-07,-5.6025296447834e-06,-5.6144902375197e-06,-4.6573609064124e-06,0.90002898728479,0.90002872000082,2.5,2.5,-5.6070865661738e-06,-0.00010000000000001
0.60999999999999,0,0.60264769154394,0.60264769154394,0.99994403569181,0.99994373925644,0.99997595048335,0.99997594521965,5.9217664312312e-07,5.8273995112038e-24,-1.3610836100504e-05,-1.3637787569182e-05,0.0099966287989185,-1.3267937452599e-07,1.3299675952713e-07,-5.602712060175e-06,-5.6145468516285e-06,-4.6572327633935e-06,0.90002898699772,0.90002872252504,2.5,2.5,-5.607221051955e-06,-9.999999999999e-05
0.61124999999999,0,0.60264769154394,0.60264769154394,0.99994403322618,0.99994373990871,0.9999759507647,0.99997594555636,5.859481405979e-07,5.7661070350541e-24,-1.3611422714477e-05,-1.3638090708043e-05,0.0099966286348137,-1.3128385543254e-07,1.3159790217398e-07,-5.6028925569261e-06,-5.6146028702712e-06,-4.6571059681846e-06,0.90002898671367,0.90002872502271,2.5,2.5,-5.6073541232174e-06,-0.00010000000000002
0.61249999999999,0,0.60264769154394,0.60264769154394,0.99994403078648,0.99994374055413,0.99997595104308,0.99997594588952,5.7978514937579e-07,5.7054592350226e-24,-1.3612003158422e-05,-1.3638390658603e-05,0.0099966284724349,-1.2990301435308e-07,1.3021375797752e-07,-5.6030711552155e-06,-5.6146582997106e-06,-4.6569805065991e-06,0.90002898643262,0.90002872749411,2.5,2.5,-5.6074857948387e-06,-9.9999999999988e-05
0.61374999999999,0,0.60264769154394,0.60264769154394,0.99994402837245,0.99994374119275,0.99997595131853,0.99997594621918,5.7368698037224e-07,5.6454493244835e-24,-1.3612577497299e-05,-1.3638687454291e-05,0.009996628311764,-1.285366969746e-07,1.2884417218923e-07,-5.6032478750119e-06,-5.6147131461449e-06,-4.656856364618e-06,0.90002898615451,0.90002872993951,2.5,2.5,-5.6076160815405e-06,-0.00010000000000001
0.61499999999999,0,0.60264769154394,0.60264769154394,0.99994402598381,0.99994374182466,0.99997595159109,0.99997594654537,5.6765295177982e-07,5.5860705949748e-24,-1.3613145795309e-05,-1.3638981128216e-05,0.0099966281527831,-1.2718475047518e-07,1.2748899166401e-07,-5.6034227360721e-06,-5.6147674157054e-06,-4.6567335283651e-06,0.90002898587933,0.9000287323592,2.5,2.5,-5.6077449978893e-06,-9.9999999999988e-05
0.61624999999999,0,0.60264769154394,0.60264769154394,0.99994402362029,0.99994374244992,0.99997595186078,0.99997594686813,5.616823889888e-07,5.527316411458e-24,-1.3613708115915e-05,-1.3639271713364e-05,0.0099966279954743,-1.2584702371744e-07,1.2614806491005e-07,-5.6035957579482e-06,-5.6148211144594e-06,-4.6566119840971e-06,0.90002898560705,0.90002873475343,2.5,2.5,-5.6078725582984e-06,-0.00010000000000001
0.61749999999999,0,0.60264769154394,0.60264769154394,0.99994402128163,0.99994374306861,0.99997595212763,0.9999759471875,5.5577462446734e-07,5.4691802079141e-24,-1.3614264522058e-05,-1.3639559242085e-05,0.0099966278398201,-1.2452336713895e-07,1.2482124199942e-07,-5.6037669599827e-06,-5.6148742484103e-06,-4.6564917182277e-06,0.90002898533763,0.90002873712249,2.5,2.5,-5.6079987770296e-06,-0.00010000000000001
0.61874999999999,0,0.60264769154394,0.60264769154394,0.99994401896757,0.99994374368078,0.99997595239168,0.99997594750351,5.4992899769482e-07,5.4116554750114e-24,-1.361481507596e-05,-1.3639843746607e-05,0.0099966276858031,-1.2321363280005e-07,1.2350837459116e-07,-5.603936361318e-06,-5.614926823501e-06,-4.6563727173192e-06,0.90002898507104,0.90002873946662,2.5,2.5,-5.6081236681946e-06,-9.9999999999993e-05
0.61999999999999,0,0.60264769154394,0.60264769154394,0.99994401667785,0.99994374428652,0.99997595265295,0.99997594781619,5.4414485510143e-07,5.3547357872457e-24,-1.3615359839145e-05,-1.3640125258661e-05,0.009996627533406,-1.2191767414276e-07,1.2220931588512e-07,-5.6041039808944e-06,-5.6149788456064e-06,-4.6562549680488e-06,0.90002898480726,0.9000287417861,2.5,2.5,-5.6082472457567e-06,-9.9999999999988e-05
0.62124999999999,0,0.60264769154394,0.60264769154394,0.99994401441221,0.99994374488589,0.99997595291147,0.99997594812558,5.3842155001479e-07,5.2984147803548e-24,-1.3615898872521e-05,-1.3640403809828e-05,0.0099966273826118,-1.2063534646367e-07,1.2092392067547e-07,-5.6042698374488e-06,-5.6150303205454e-06,-4.6561384572767e-06,0.90002898454625,0.90002874408119,2.5,2.5,-5.6083695235325e-06,-0.00010000000000001
0.62249999999999,0,0.60264769154394,0.60264769154394,0.9999440121704,0.99994374547895,0.99997595316727,0.99997594843172,5.3275844255759e-07,5.2426861556762e-24,-1.3616432236343e-05,-1.3640679431196e-05,0.0099966272334036,-1.1936650616623e-07,1.196520451975e-07,-5.6044339495278e-06,-5.6150812540705e-06,-4.6560231719522e-06,0.90002898428799,0.90002874635213,2.5,2.5,-5.608490515193e-06,-9.9999999999998e-05
0.62374999999999,0,0.60264769154394,0.60264769154394,0.99994400995217,0.99994374606578,0.99997595342039,0.99997594873464,5.2715489954188e-07,5.18754368409e-24,-1.3616959990275e-05,-1.3640952153573e-05,0.0099966270857649,-1.181110115726e-07,1.1839354728746e-07,-5.60459633548e-06,-5.6151316518791e-06,-4.6559090992007e-06,0.90002898403244,0.90002874859919,2.5,2.5,-5.6086102342655e-06,-0.00010000000000001
0.62499999999999,0,0.60264769154394,0.60264769154394,0.99994400775727,0.99994374664643,0.99997595367084,0.99997594903438,5.2161029447094e-07,5.132981198668e-24,-1.3617482193274e-05,-1.3641222007436e-05,0.009996626939679,-1.1686872222144e-07,1.1714828625476e-07,-5.6047570134591e-06,-5.615181519604e-06,-4.65579622626e-06,0.90002898377959,0.90002875082261,2.5,2.5,-5.608728694135e-06,-9.9999999999995e-05
0.62624999999999,0,0.60264769154394,0.60264769154394,0.99994400558546,0.99994374722098,0.99997595391865,0.99997594933096,5.1612400746088e-07,5.0789926048811e-24,-1.3617998903763e-05,-1.3641489023039e-05,0.0099966267951296,-1.1563949929077e-07,1.1591612284826e-07,-5.6049160014308e-06,-5.6152308628217e-06,-4.6556845405221e-06,0.90002898352939,0.90002875302265,2.5,2.5,-5.6088459080461e-06,-9.9999999999988e-05
0.62749999999999,0,0.60264769154394,0.60264769154394,0.99994400343649,0.99994374778948,0.99997595416386,0.99997594962442,5.1069542511297e-07,5.0255718558155e-24,-1.3618510179492e-05,-1.3641753230225e-05,0.0099966266521006,-1.1442320524333e-07,1.1469691929902e-07,-5.6050733171701e-06,-5.6152796870473e-06,-4.6555740294872e-06,0.90002898328182,0.90002875519955,2.5,2.5,-5.6089618891034e-06,-0.00010000000000002
0.62874999999999,0,0.60264769154394,0.60264769154394,0.99994400131012,0.99994374835201,0.99997595440649,0.9999759499148,5.0532394050574e-07,4.972712989415e-24,-1.3619016077614e-05,-1.3642014658378e-05,0.0099966265105759,-1.1321970417474e-07,1.1349053930213e-07,-5.6052289782654e-06,-5.6153279977414e-06,-4.655464680806e-06,0.90002898303686,0.90002875735355,2.5,2.5,-5.6090766502742e-06,-9.9999999999992e-05
0.62999999999999,0,0.60264769154394,0.60264769154394,0.99994399920612,0.99994374890861,0.99997595464657,0.99997595020212,5.000089530525e-07,4.9204100865802e-24,-1.361951665473e-05,-1.3642273336847e-05,0.0099966263705399,-1.1202886152685e-07,1.1229684801537e-07,-5.6053830021208e-06,-5.6153758003056e-06,-4.6553564822539e-06,0.90002898279447,0.90002875948489,2.5,2.5,-5.6091902043893e-06,-0.00010000000000001
0.63124999999999,0,0.60264769154394,0.60264769154394,0.99994399712425,0.99994374945937,0.99997595488412,0.99997595048642,4.9474986852727e-07,4.8686573112759e-24,-1.3620011966855e-05,-1.3642529294577e-05,0.0099966262319767,-1.1085054410513e-07,1.1111571192562e-07,-5.6055354059559e-06,-5.6154231000813e-06,-4.6552494217298e-06,0.90002898255463,0.90002876159382,2.5,2.5,-5.6093025641443e-06,-9.9999999999993e-05
0.63249999999999,0,0.60264769154394,0.60264769154394,0.99994399506428,0.99994375000433,0.99997595511918,0.99997595076773,4.8954609896601e-07,4.8174488679904e-24,-1.3620502069187e-05,-1.3642782560162e-05,0.0099966260948709,-1.0968462024166e-07,1.0994699902077e-07,-5.6056862068107e-06,-5.6154699023601e-06,-4.6551434872686e-06,0.90002898231732,0.90002876368057,2.5,2.5,-5.6094137421016e-06,-0.0001
0.63374999999999,0,0.60264769154394,0.60264769154394,0.99994399302597,0.99994375054356,0.99997595535176,0.99997595104608,4.843970625482e-07,4.7667790342147e-24,-1.3620987016683e-05,-1.3643033161844e-05,0.0099966259592072,-1.0853095953222e-07,1.087905786108e-07,-5.6058354215444e-06,-5.6155162123734e-06,-4.6550386670242e-06,0.9000289820825,0.90002876574536,2.5,2.5,-5.6095237506913e-06,-0.0001
0.63499999999999,0,0.60264769154394,0.60264769154394,0.9999439910091,0.99994375107711,0.99997595558189,0.9999759513215,4.7930218358478e-07,4.7166421429334e-24,-1.362146686351e-05,-1.3643281127734e-05,0.0099966258249704,-1.0738943295145e-07,1.0764632138562e-07,-5.6059830668403e-06,-5.6155620352976e-06,-4.6549349492729e-06,0.90002898185015,0.90002876778845,2.5,2.5,-5.6096326022126e-06,-9.9999999999997e-05
0.63624999999999,0,0.60264769154394,0.60264769154394,0.99994398901345,0.99994375160506,0.99997595580961,0.99997595159403,4.7426089246906e-07,4.6670325936414e-24,-1.3621941663344e-05,-1.3643526485511e-05,0.0099966256921455,-1.0625991300254e-07,1.0651409946849e-07,-5.6061291592061e-06,-5.6156073762581e-06,-4.6548323224284e-06,0.90002898162024,0.90002876981004,2.5,2.5,-5.609740308836e-06,-9.9999999999998e-05
0.63749999999999,0,0.60264769154394,0.60264769154394,0.99994398703878,0.99994375212745,0.99997595603493,0.99997595186369,4.6927262554934e-07,4.6179448324026e-24,-1.3622411469161e-05,-1.364376926267e-05,0.0099966255607177,-1.051422732736e-07,1.0539378622712e-07,-5.6062737149748e-06,-5.6156522403233e-06,-4.6547307750051e-06,0.90002898139276,0.90002877181037,2.5,2.5,-5.609846882603e-06,-9.9999999999997e-05
0.63874999999999,0,0.60264769154394,0.60264769154394,0.99994398508489,0.99994375264435,0.99997595625788,0.99997595213051,4.6433682513493e-07,4.5693733784508e-24,-1.3622876333618e-05,-1.3644009486281e-05,0.0099966254306722,-1.0403638889111e-07,1.0428525641894e-07,-5.6064167503099e-06,-5.6156966325101e-06,-4.6546302956617e-06,0.90002898116766,0.90002877378965,2.5,2.5,-5.6099523354294e-06,-0.0001
0.63999999999999,0,0.60264769154394,0.60264769154394,0.99994398315154,0.99994375315581,0.99997595647849,0.99997595239453,4.5945293937829e-07,4.5213127970443e-24,-1.3623336308677e-05,-1.364424718315e-05,0.0099966253019945,-1.0294213614547e-07,1.0318838610093e-07,-5.6065582812015e-06,-5.6157405577787e-06,-4.6545308731541e-06,0.90002898094494,0.90002877574813,2.5,2.5,-5.6100566791049e-06,-0.0001
0.64124999999999,0,0.60264769154394,0.60264769154394,0.99994398123853,0.99994375366189,0.99997595669677,0.99997595265577,4.5462042223056e-07,4.4737577161946e-24,-1.3623791445671e-05,-1.3644482380031e-05,0.0099966251746703,-1.0185939274205e-07,1.0210305264108e-07,-5.6066983234733e-06,-5.6157840210435e-06,-4.654432496373e-06,0.90002898072455,0.900028777686,2.5,2.5,-5.6101599252956e-06,-9.9999999999997e-05
0.64249999999999,0,0.60264769154394,0.60264769154394,0.99994397934564,0.99994375416265,0.99997595691276,0.99997595291426,4.4983873339982e-07,4.4267028183807e-24,-1.3624241795597e-05,-1.3644715103073e-05,0.0099966250486853,-1.007880376274e-07,1.0102913471864e-07,-5.606836892784e-06,-5.6158270271625e-06,-4.654335154315e-06,0.90002898050649,0.90002877960349,2.5,2.5,-5.6102620855448e-06,-0.0001
0.64374999999999,0,0.60264769154394,0.60264769154394,0.99994397747266,0.99994375465814,0.99997595712648,0.99997595317003,4.451073382892e-07,4.3801428445225e-24,-1.3624687408679e-05,-1.3644945378375e-05,0.0099966249240253,-9.9727950990718e-08,9.9966512227148e-08,-5.6069740046251e-06,-5.6158695809436e-06,-4.654238836099e-06,0.90002898029071,0.90002878150081,2.5,2.5,-5.6103631712745e-06,-0.00010000000000001
0.64499999999999,0,0.60264769154394,0.60264769154394,0.99994397561938,0.99994375514842,0.99997595733795,0.99997595342312,4.404257078873e-07,4.3340725854791e-24,-1.3625128334858e-05,-1.3645173231591e-05,0.0099966248006766,-9.8679014333049e-08,9.8915066380231e-08,-5.6071096743265e-06,-5.6159116871452e-06,-4.6541435309592e-06,0.90002898007721,0.90002878337817,2.5,2.5,-5.6104631937865e-06,-9.9999999999989e-05
0.64624999999999,0,0.60264769154394,0.60264769154394,0.9999439737856,0.99994375563354,0.99997595754719,0.99997595367354,4.3579331880218e-07,4.2884868921047e-24,-1.3625564623381e-05,-1.36453986883e-05,0.0099966246786252,-9.7641110356006e-08,9.7874679619943e-08,-5.6072439170566e-06,-5.6159533504746e-06,-4.6540492282319e-06,0.90002897986595,0.90002878523579,2.5,2.5,-5.6105621642637e-06,-9.9999999999999e-05
0.64749999999999,0,0.60264769154394,0.60264769154394,0.9999439719711,0.99994375611356,0.99997595775423,0.99997595392132,4.312096530941e-07,4.2433806720016e-24,-1.3625996322998e-05,-1.3645621773615e-05,0.0099966245578575,-9.6614123026621e-08,9.6845235617264e-08,-5.6073767478238e-06,-5.6159945755885e-06,-4.653955917382e-06,0.90002897965692,0.90002878707387,2.5,2.5,-5.6106600937712e-06,-0.00010000000000001
0.64874999999999,0,0.60264769154394,0.60264769154394,0.99994397017568,0.99994375658853,0.9999759579591,0.99997595416651,4.2667419827148e-07,4.198748876748e-24,-1.3626423482061e-05,-1.3645842512574e-05,0.0099966244383601,-9.5597937553709e-08,9.5826619305337e-08,-5.6075081814805e-06,-5.6160353670993e-06,-4.6538635879712e-06,0.90002897945008,0.90002878889262,2.5,2.5,-5.6107569932582e-06,-9.9999999999995e-05
0.64999999999999,0,0.60264769154394,0.60264769154394,0.99994396839915,0.99994375705851,0.99997595816181,0.99997595440911,4.2218644728824e-07,4.1545865161585e-24,-1.3626846148197e-05,-1.3646060929696e-05,0.0099966243201195,-9.459244031158e-08,9.4818716783033e-08,-5.6076382327194e-06,-5.6160757295644e-06,-4.653772229684e-06,0.90002897924542,0.90002879069224,2.5,2.5,-5.6108528735581e-06,-0.00010000000000001
0.65124999999999,0,0.60264769154394,0.60264769154394,0.99994396664131,0.99994375752354,0.99997595836239,0.99997595464916,4.1774589839814e-07,4.1108886572125e-24,-1.3627264368793e-05,-1.3646277049617e-05,0.0099966242031226,-9.359751884059e-08,9.3821415339392e-08,-5.607766916083e-06,-5.6161156674992e-06,-4.6536818323007e-06,0.90002897904291,0.90002879247293,2.5,2.5,-5.6109477453909e-06,-9.9999999999987e-05
0.65249999999999,0,0.60264769154394,0.60264769154394,0.99994396490195,0.99994375798368,0.99997595856086,0.99997595488668,4.1335205508657e-07,4.0676504085915e-24,-1.3627678190581e-05,-1.3646490896401e-05,0.0099966240873563,-9.2613061935615e-08,9.2834603512173e-08,-5.6078942459573e-06,-5.6161551853674e-06,-4.6535923857107e-06,0.90002897884253,0.90002879423489,2.5,2.5,-5.6110416193637e-06,-0.00010000000000001
0.65374999999999,0,0.60264769154394,0.60264769154394,0.99994396318089,0.99994375843898,0.99997595875725,0.99997595512171,4.0900442615652e-07,4.0248669390542e-24,-1.3628087659784e-05,-1.364670249383e-05,0.0099966239728076,-9.1638959543969e-08,9.185817093783e-08,-5.608020236578e-06,-5.6161942875866e-06,-4.6535038799224e-06,0.90002897864426,0.90002879597832,2.5,2.5,-5.6111345059717e-06,-0.0001
0.65499999999999,0,0.60264769154394,0.60264769154394,0.99994396147793,0.99994375888949,0.99997595895156,0.99997595535427,4.0470252549666e-07,3.982533469009e-24,-1.3628492822133e-05,-1.3646911865757e-05,0.0099966238594637,-9.0675102737129e-08,9.0892008470604e-08,-5.6081449020311e-06,-5.61623297853e-06,-4.6534163050354e-06,0.90002897844808,0.90002879770341,2.5,2.5,-5.6112264156003e-06,-9.9999999999998e-05
0.65624999999999,0,0.60264769154394,0.60264769154394,0.99994395979289,0.99994375933527,0.99997595914384,0.99997595558438,4.0044587214697e-07,3.9406452563998e-24,-1.3628893723059e-05,-1.3647119035597e-05,0.009996623747312,-8.9721383754211e-08,8.9936008078961e-08,-5.6082682562569e-06,-5.6162712625225e-06,-4.6533296512575e-06,0.90002897825395,0.90002879941035,2.5,2.5,-5.611317358525e-06,-9.9999999999998e-05
0.65749999999999,0,0.60264769154394,0.60264769154394,0.99994395812556,0.99994375977635,0.99997595933409,0.99997595581207,3.9623399018776e-07,3.8991976274401e-24,-1.362929040733e-05,-1.3647324026273e-05,0.0099966236363399,-8.8777695967931e-08,8.8990062872248e-08,-5.6083903130445e-06,-5.6163091438451e-06,-4.6532439089068e-06,0.90002897806187,0.90002880109935,2.5,2.5,-5.6114073449139e-06,-0.00010000000000001
0.65874999999999,0,0.60264769154394,0.60264769154394,0.99994395647578,0.9999437602128,0.99997595952234,0.99997595603736,3.9206640873429e-07,3.8581859380441e-24,-1.3629682919243e-05,-1.3647526860969e-05,0.009996623526535,-8.784393387298e-08,8.8054067122088e-08,-5.6085110860412e-06,-5.6163466267314e-06,-4.6531590683865e-06,0.90002897787181,0.90002880277057,2.5,2.5,-5.6114963848277e-06,-9.9999999999984e-05
0.65999999999999,0,0.60264769154394,0.60264769154394,0.99994395484334,0.99994376064466,0.99997595970861,0.99997595626028,3.8794266181206e-07,3.8176056176567e-24,-1.3630071302707e-05,-1.3647727562273e-05,0.009996623417885,-8.6919993074205e-08,8.7127916133091e-08,-5.6086305887497e-06,-5.6163837153748e-06,-4.6530751202209e-06,0.90002897768375,0.90002880442422,2.5,2.5,-5.6115844882214e-06,-0.00010000000000001
0.66124999999999,0,0.60264769154394,0.60264769154394,0.99994395322808,0.99994376107197,0.99997595989292,0.99997595648086,3.8386228837571e-07,3.7774521101056e-24,-1.3630455601192e-05,-1.3647926152472e-05,0.0099966233103778,-8.6005770271697e-08,8.6211506400814e-08,-5.6087488345312e-06,-5.6164204139206e-06,-4.6529920550205e-06,0.90002897749767,0.90002880606048,2.5,2.5,-5.6116716649454e-06,-9.9999999999975e-05
0.66249999999999,0,0.60264769154394,0.60264769154394,0.9999439516298,0.99994376149479,0.99997596007529,0.99997595669912,3.7982483224147e-07,3.7377209442633e-24,-1.3630835857616e-05,-1.3648122654035e-05,0.0099966232040013,-8.5101163242091e-08,8.5304735442739e-08,-5.6088658366066e-06,-5.6164567264709e-06,-4.6529098634979e-06,0.90002897731354,0.90002880767953,2.5,2.5,-5.6117579247462e-06,-0.00010000000000001
0.66374999999999,0,0.60264769154394,0.60264769154394,0.99994395004834,0.99994376191316,0.99997596025574,0.99997595691509,3.7582984198611e-07,3.6984076694057e-24,-1.3631212114539e-05,-1.3648317088758e-05,0.0099966230987437,-8.4206070849453e-08,8.440750188058e-08,-5.6089816080551e-06,-5.6164926570869e-06,-4.6528285364659e-06,0.90002897713135,0.90002880928155,2.5,2.5,-5.611843277268e-06,-0.0001
0.66499999999999,0,0.60264769154394,0.60264769154394,0.99994394848351,0.99994376232713,0.9999759604343,0.99997595712878,3.7187687095817e-07,3.6595078871199e-24,-1.3631584413959e-05,-1.3648509478381e-05,0.0099966229945932,-8.3320392994778e-08,8.3519705394655e-08,-5.6090961618221e-06,-5.6165282097851e-06,-4.6527480648234e-06,0.90002897695108,0.90002881086672,2.5,2.5,-5.6119277320536e-06,-0.00010000000000001
0.66624999999999,0,0.60264769154394,0.60264769154394,0.99994394693513,0.99994376273675,0.99997596061098,0.99997595734023,3.6796547721836e-07,3.6210172548577e-24,-1.3631952797576e-05,-1.3648699844451e-05,0.0099966228915382,-8.2444030738414e-08,8.2641246757694e-08,-5.6092095107156e-06,-5.6165633885413e-06,-4.6526684395861e-06,0.9000289767727,0.90002881243521,2.5,2.5,-5.6120112985457e-06,-9.9999999999992e-05
0.66749999999999,0,0.60264769154394,0.60264769154394,0.99994394540305,0.99994376314206,0.99997596078579,0.99997595754945,3.6409522342615e-07,3.5829314665639e-24,-1.3632317306508e-05,-1.3648888208357e-05,0.0099966227895671,-8.1576886015073e-08,8.1772027710351e-08,-5.609321667407e-06,-5.6165981972881e-06,-4.6525896518464e-06,0.9000289765962,0.90002881398721,2.5,2.5,-5.6120939860868e-06,-0.00010000000000001
0.66874999999999,0,0.60264769154394,0.60264769154394,0.99994394388708,0.9999437635431,0.99997596095878,0.99997595775647,3.6026567689893e-07,3.5452462623399e-24,-1.3632677981572e-05,-1.3649074590949e-05,0.0099966226886685,-8.0718861871692e-08,8.091195109789e-08,-5.6094326444366e-06,-5.6166326399161e-06,-4.6525116927892e-06,0.90002897642156,0.90002881552288,2.5,2.5,-5.612175803922e-06,-9.9999999999993e-05
0.66999999999999,0,0.60264769154394,0.60264769154394,0.99994394238705,0.99994376393993,0.99997596112994,0.99997595796131,3.564764094496e-07,3.5079574293747e-24,-1.3633034863041e-05,-1.3649259013211e-05,0.0099966225888312,-7.9869862478492e-08,8.0060920773356e-08,-5.6095424542116e-06,-5.6166667202777e-06,-4.6524345537105e-06,0.90002897624875,0.9000288170424,2.5,2.5,-5.6122567611987e-06,-0.0001
0.67124999999999,0,0.60264769154394,0.60264769154394,0.9999439409028,0.99994376433258,0.9999759612993,0.999975958164,3.5272699747094e-07,3.471060800576e-24,-1.3633387990853e-05,-1.3649441495674e-05,0.0099966224900439,-7.9029792795024e-08,7.9218841555885e-08,-5.6096511090099e-06,-5.6167004421833e-06,-4.6523582259726e-06,0.90002897607776,0.90002881854594,2.5,2.5,-5.6123368669685e-06,-9.9999999999991e-05
0.67249999999999,0,0.60264769154394,0.60264769154394,0.99994393943416,0.99994376472111,0.99997596146688,0.99997595836456,3.4901702171333e-07,3.4345522495874e-24,-1.3633737404475e-05,-1.364962205887e-05,0.0099966223922957,-7.8198558948251e-08,7.8385619298092e-08,-5.6097586209791e-06,-5.6167338094024e-06,-4.6522827010503e-06,0.90002897590857,0.90002882003367,2.5,2.5,-5.6124161301873e-06,-0.00010000000000001
0.67374999999999,0,0.60264769154394,0.60264769154394,0.99994393798097,0.99994376510555,0.99997596163269,0.999975958563,3.4534606741382e-07,3.3984276939267e-24,-1.3634083142951e-05,-1.3649800722853e-05,0.0099966222955756,-7.7376068024301e-08,7.7561160865777e-08,-5.6098650021389e-06,-5.6167668256662e-06,-4.6522079705004e-06,0.90002897574116,0.90002882150575,2.5,2.5,-5.6124945597169e-06,-9.999999999999e-05
0.67499999999999,0,0.60264769154394,0.60264769154394,0.99994393654306,0.99994376548594,0.99997596179677,0.99997595875936,3.4171372414527e-07,3.3626830998769e-24,-1.363442524496e-05,-1.3649977507679e-05,0.0099966221998729,-7.6562228044525e-08,7.6745374081493e-08,-5.6099702643851e-06,-5.6167994946647e-06,-4.6521340259646e-06,0.90002897557551,0.90002882296234,2.5,2.5,-5.6125721643265e-06,-9.9999999999989e-05
0.67624999999999,0,0.60264769154394,0.60264769154394,0.99994393512028,0.99994376586233,0.99997596195911,0.99997595895366,3.3811958579311e-07,3.3273144643974e-24,-1.3634763748794e-05,-1.3650152433086e-05,0.0099966221051767,-7.5756948002976e-08,7.5938167717636e-08,-5.6100744194839e-06,-5.6168318200513e-06,-4.6520608591757e-06,0.9000289754116,0.90002882440361,2.5,2.5,-5.6126489526923e-06,-0.00010000000000001
0.67749999999999,0,0.60264769154394,0.60264769154394,0.99994393371246,0.99994376623477,0.99997596211975,0.99997595914591,3.345632505164e-07,3.2923178333311e-24,-1.363509869217e-05,-1.3650325518607e-05,0.0099966220114765,-7.4960137869169e-08,7.5139451529098e-08,-5.6101774790825e-06,-5.6168638054399e-06,-4.6519884619505e-06,0.90002897524942,0.90002882582973,2.5,2.5,-5.6127249333994e-06,-0.0001
0.67874999999999,0,0.60264769154394,0.60264769154394,0.99994393231945,0.99994376660328,0.9999759622787,0.99997595933614,3.3104432070431e-07,3.2576892967006e-24,-1.3635430112686e-05,-1.3650496783614e-05,0.0099966219187619,-7.4171708583876e-08,7.434913623057e-08,-5.6102794547006e-06,-5.6168954544077e-06,-4.6519168261983e-06,0.90002897508894,0.90002882724084,2.5,2.5,-5.6128001149429e-06,-9.9999999999992e-05
0.67999999999999,0,0.60264769154394,0.60264769154394,0.99994393094109,0.99994376696792,0.99997596243598,0.99997595952437,3.2756240292449e-07,3.2234249864116e-24,-1.3635758047322e-05,-1.3650666247305e-05,0.0099966218270224,-7.3391572017596e-08,7.3567133456629e-08,-5.6103803577415e-06,-5.6169267704916e-06,-4.6518459439131e-06,0.90002897493015,0.90002882863711,2.5,2.5,-5.6128745057285e-06,-0.0001
0.68124999999999,0,0.60264769154394,0.60264769154394,0.99994392957723,0.99994376732873,0.99997596259161,0.99997595971061,3.2411710789107e-07,3.1895210649056e-24,-1.3636082532712e-05,-1.3650833928479e-05,0.0099966217362479,-7.261964086267e-08,7.2793355765556e-08,-5.6104801994863e-06,-5.6169577571935e-06,-4.6517758071667e-06,0.90002897477303,0.9000288300187,2.5,2.5,-5.6129481140731e-06,-0.00010000000000001
0.68249999999999,0,0.60264769154394,0.60264769154394,0.99994392822772,0.99994376768574,0.99997596274559,0.9999759598949,3.2070805040388e-07,3.1559737416991e-24,-1.3636403605196e-05,-1.3650999846159e-05,0.0099966216464281,-7.1855828881602e-08,7.202771665785e-08,-5.6105789910977e-06,-5.6169884179785e-06,-4.6517064081127e-06,0.90002897461756,0.90002883138576,2.5,2.5,-5.6130209482066e-06,-9.9999999999986e-05
0.68374999999999,0,0.60264769154394,0.60264769154394,0.9999439268924,0.999943768039,0.99997596289796,0.99997596007725,3.1733484932755e-07,3.1227792724007e-24,-1.3636721300633e-05,-1.3651164018626e-05,0.009996621557553,-7.1100050647222e-08,7.1270130500636e-08,-5.6106767436212e-06,-5.6170187562736e-06,-4.6516377390007e-06,0.90002897446372,0.90002883273843,2.5,2.5,-5.6130930162722e-06,-0.00010000000000001
0.68499999999999,0,0.60264769154394,0.60264769154394,0.99994392557112,0.99994376838854,0.99997596304873,0.99997596025769,3.1399712750501e-07,3.089933938708e-24,-1.3637035654558e-05,-1.3651326464309e-05,0.0099966214696127,-7.0352221693237e-08,7.0520512663639e-08,-5.6107734679861e-06,-5.6170487754708e-06,-4.6515697921462e-06,0.90002897431151,0.90002883407688,2.5,2.5,-5.6131643263271e-06,-0.00010000000000001
0.68624999999999,0,0.60264769154394,0.60264769154394,0.99994392426374,0.9999437687344,0.99997596319791,0.99997596043622,3.1069451177649e-07,3.0574340731179e-24,-1.3637346702108e-05,-1.3651487201373e-05,0.0099966213825974,-6.9612258400418e-08,6.9778779273261e-08,-5.6108691750053e-06,-5.6170784789267e-06,-4.6515025599591e-06,0.9000289741609,0.90002883540125,2.5,2.5,-5.6132348863443e-06,-9.9999999999996e-05
0.68749999999999,0,0.60264769154394,0.60264769154394,0.99994392297011,0.99994376907662,0.99997596334552,0.99997596061288,3.0742663290137e-07,3.0252760425403e-24,-1.3637654478071e-05,-1.3651646247811e-05,0.0099966212964973,-6.8880077980798e-08,6.9044847410285e-08,-5.6109638753791e-06,-5.6171078699618e-06,-4.6514360349144e-06,0.90002897401187,0.90002883671169,2.5,2.5,-5.6133047042126e-06,-9.9999999999988e-05
0.68874999999999,0,0.60264769154394,0.60264769154394,0.99994392169009,0.99994376941525,0.99997596349157,0.99997596078768,3.0419312550309e-07,2.9934562461121e-24,-1.363795901686e-05,-1.3651803621495e-05,0.0099966212113028,-6.8155598660835e-08,6.8318635037509e-08,-5.6110575796974e-06,-5.6171369518638e-06,-4.6513702095805e-06,0.9000289738644,0.90002883800835,2.5,2.5,-5.613373787738e-06,-0.00010000000000001
0.68999999999999,0,0.60264769154394,0.60264769154394,0.99994392042353,0.99994376975031,0.99997596363609,0.99997596096064,3.0099362808616e-07,2.9619711314868e-24,-1.3638260352528e-05,-1.365195933985e-05,0.0099966211270044,-6.7438739412332e-08,6.7600060969353e-08,-5.6111502984341e-06,-5.6171657278827e-06,-4.6513050765978e-06,0.90002897371849,0.90002883929137,2.5,2.5,-5.6134421446442e-06,-9.999999999999e-05
0.69124999999999,0,0.60264769154394,0.60264769154394,0.99994391917029,0.99994377008186,0.9999759637791,0.99997596113178,2.9782778292877e-07,2.9308171763166e-24,-1.3638558518739e-05,-1.3652113420371e-05,0.0099966210435926,-6.6729420036095e-08,6.6889044821907e-08,-5.6112420419582e-06,-5.6171942012354e-06,-4.6512406286823e-06,0.90002897357412,0.9000288405609,2.5,2.5,-5.6135097825736e-06,-0.00010000000000001
0.69249999999999,0,0.60264769154394,0.60264769154394,0.99994391793023,0.99994377040991,0.99997596392059,0.99997596130112,2.9469523604709e-07,2.8999908984565e-24,-1.3638853548837e-05,-1.3652265880301e-05,0.0099966209610582,-6.6027561269332e-08,6.6185507134877e-08,-5.6113328205258e-06,-5.6172223751065e-06,-4.6511768586256e-06,0.90002897343126,0.90002884181707,2.5,2.5,-5.6135767090887e-06,-0.0001
0.69374999999999,0,0.60264769154394,0.60264769154394,0.99994391670322,0.99994377073451,0.9999759640606,0.99997596146868,2.9159563723979e-07,2.8694888491542e-24,-1.3639145475778e-05,-1.3652416736652e-05,0.0099966208793918,-6.5333084681966e-08,6.5489369262505e-08,-5.6114226442851e-06,-5.6172502526448e-06,-4.651113759304e-06,0.9000289732899,0.90002884306003,2.5,2.5,-5.613642931672e-06,-9.9999999999994e-05
0.69499999999999,0,0.60264769154394,0.60264769154394,0.99994391548911,0.9999437710557,0.99997596419914,0.99997596163448,2.8852863995785e-07,2.8393076211338e-24,-1.3639434332276e-05,-1.3652566006268e-05,0.0099966207985844,-6.464591254593e-08,6.4800553328495e-08,-5.6115115232813e-06,-5.6172778369674e-06,-4.6510513236598e-06,0.90002897315003,0.90002884428992,2.5,2.5,-5.6137084577274e-06,-0.00010000000000001
0.69624999999999,0,0.60264769154394,0.60264769154394,0.99994391428777,0.99994377137351,0.99997596433622,0.99997596179854,2.8549390129954e-07,2.8094438374845e-24,-1.3639720150605e-05,-1.36527137059e-05,0.009996620718627,-6.3965968066844e-08,6.4118982346288e-08,-5.6115994674486e-06,-5.617305131159e-06,-4.6509895447117e-06,0.90002897301164,0.90002884550687,2.5,2.5,-5.613773294581e-06,-9.9999999999995e-05
0.69749999999999,0,0.60264769154394,0.60264769154394,0.99994391309907,0.99994377168798,0.99997596447185,0.99997596196087,2.8249108194017e-07,2.7798941614004e-24,-1.3640002962705e-05,-1.3652859851994e-05,0.0099966206395105,-6.3293175260905e-08,6.3444580139688e-08,-5.611686486621e-06,-5.6173321382711e-06,-4.6509284155527e-06,0.9000289728747,0.90002884671102,2.5,2.5,-5.6138374494818e-06,-9.9999999999995e-05
0.69874999999999,0,0.60264769154394,0.60264769154394,0.99994391192287,0.99994377199914,0.99997596460607,0.99997596212149,2.7951984620463e-07,2.7506552889268e-24,-1.3640282800166e-05,-1.3653004460936e-05,0.0099966205612262,-6.2627458880336e-08,6.2777271281618e-08,-5.6117725905281e-06,-5.6173588613227e-06,-4.6508679293507e-06,0.90002897273919,0.9000288479025,2.5,2.5,-5.6139009296027e-06,-0.0001
0.69999999999999,0,0.60264769154394,0.60264769154394,0.99994391075905,0.99994377230702,0.99997596473886,0.99997596228042,2.7657986184549e-07,2.7217239483175e-24,-1.3640559694313e-05,-1.3653147548886e-05,0.0099966204837652,-6.1968744467314e-08,6.2116981145314e-08,-5.6118577887954e-06,-5.6173853033018e-06,-4.6508080793394e-06,0.90002897260512,0.90002884908146,2.5,2.5,-5.6139637420409e-06,-0.0001
0.70124999999999,0,0.60264769154394,0.60264769154394,0.99994390960746,0.99994377261167,0.99997596487027,0.99997596243768,2.7367080020514e-07,2.693096910386e-24,-1.3640833676108e-05,-1.3653289131917e-05,0.009996620407119,-6.1316958409335e-08,6.146363593488e-08,-5.6119420909494e-06,-5.6174114671643e-06,-4.6507488588321e-06,0.90002897247245,0.90002885024801,2.5,2.5,-5.614025893819e-06,-9.9999999999999e-05
0.70249999999999,0,0.60264769154394,0.60264769154394,0.99994390846798,0.99994377291312,0.99997596500029,0.99997596259329,2.7079233600849e-07,2.6647709696886e-24,-1.36411047761e-05,-1.3653429225667e-05,0.009996620331279,-6.0672027828021e-08,6.0817162605336e-08,-5.6120255064144e-06,-5.6174373558367e-06,-4.6506902612037e-06,0.90002897234118,0.90002885140229,2.5,2.5,-5.6140873918861e-06,-9.9999999999996e-05
0.70374999999999,0,0.60264769154394,0.60264769154394,0.99994390734049,0.99994377321139,0.99997596512894,0.99997596274725,2.6794414745466e-07,2.6367429571453e-24,-1.3641373024783e-05,-1.36535678459e-05,0.0099966202562366,-6.0033880602191e-08,6.017748886238e-08,-5.6121080445179e-06,-5.6174629722116e-06,-4.6506322799013e-06,0.90002897221129,0.90002885254444,2.5,2.5,-5.6141482431174e-06,-0.0001
0.70499999999999,0,0.60264769154394,0.60264769154394,0.99994390622486,0.99994377350653,0.99997596525624,0.9999759628996,2.6512591607334e-07,2.6090097470257e-24,-1.3641638451917e-05,-1.3653705008239e-05,0.0099966201819836,-5.9402445418646e-08,5.9544543202092e-08,-5.6121897144859e-06,-5.6174883191542e-06,-4.6505749084476e-06,0.90002897208277,0.90002885367457,2.5,2.5,-5.6142084543169e-06,-9.9999999999999e-05
0.70624999999999,0,0.60264769154394,0.60264769154394,0.99994390512097,0.99994377379856,0.9999759653822,0.99997596305035,2.623373267988e-07,2.5815682347709e-24,-1.3641901087354e-05,-1.3653840727876e-05,0.0099966201085115,-5.8777651653184e-08,5.8918254843987e-08,-5.6122705254523e-06,-5.6175133994986e-06,-4.6505181404297e-06,0.9000289719556,0.90002885479281,2.5,2.5,-5.614268032216e-06,-0.0001
0.70749999999999,0,0.60264769154394,0.60264769154394,0.99994390402868,0.99994377408752,0.99997596550684,0.99997596319951,2.5957806786624e-07,2.5544153471087e-24,-1.3642160960385e-05,-1.3653975019944e-05,0.0099966200358122,-5.8159429421214e-08,5.8298553762635e-08,-5.61235048645e-06,-5.6175382160491e-06,-4.6504619694907e-06,0.90002897182976,0.90002885589929,2.5,2.5,-5.6143269834761e-06,-0.0001
0.70874999999999,0,0.60264769154394,0.60264769154394,0.99994390294789,0.99994377437344,0.99997596563016,0.99997596334711,2.568478307625e-07,2.5275480560374e-24,-1.3642418100101e-05,-1.3654107899702e-05,0.0099966199638776,-5.7547709665226e-08,5.7685370705029e-08,-5.612429606419e-06,-5.6175627715779e-06,-4.650406389358e-06,0.90002897170525,0.90002885699413,2.5,2.5,-5.6143853146878e-06,-9.9999999999991e-05
0.70999999999999,0,0.60264769154394,0.60264769154394,0.99994390187846,0.99994377465636,0.99997596575219,0.99997596349315,2.5414631024113e-07,2.5009633537486e-24,-1.3642672535177e-05,-1.365423938166e-05,0.0099966198926996,-5.6942423981412e-08,5.7078637094738e-08,-5.6125078942067e-06,-5.6175870688326e-06,-4.6503513938162e-06,0.90002897158205,0.90002885807746,2.5,2.5,-5.614443032373e-06,-9.9999999999994e-05
0.71124999999999,0,0.60264769154394,0.60264769154394,0.99994390082028,0.9999437749363,0.99997596587293,0.99997596363765,2.5147320424478e-07,2.4746582690052e-24,-1.3642924294169e-05,-1.3654369480726e-05,0.0099966198222702,-5.634350464316e-08,5.6478285084164e-08,-5.6125853585637e-06,-5.6176111105296e-06,-4.6502969767147e-06,0.90002897146014,0.9000288591494,2.5,2.5,-5.6145001429846e-06,-0.00010000000000001
0.71249999999999,0,0.60264769154394,0.60264769154394,0.99994389977322,0.99994377521329,0.99997596599241,0.99997596378064,2.4882821393997e-07,2.4486298630433e-24,-1.3643173405083e-05,-1.3654498211428e-05,0.0099966197525816,-5.5750884786188e-08,5.5884247574153e-08,-5.612662008152e-06,-5.6176348993565e-06,-4.6502431319785e-06,0.90002897133952,0.90002886021005,2.5,2.5,-5.614556652908e-06,-0.0001
0.71374999999999,0,0.60264769154394,0.60264769154394,0.99994389873719,0.99994377548737,0.99997596611062,0.99997596392212,2.4621104358132e-07,2.422875220687e-24,-1.3643419895873e-05,-1.3654625588214e-05,0.009996619683626,-5.5164498011737e-08,5.5296458133199e-08,-5.6127378515417e-06,-5.6176584379726e-06,-4.6501898535719e-06,0.90002897122017,0.90002886125956,2.5,2.5,-5.6146125684611e-06,-0.0001
0.71499999999999,0,0.60264769154394,0.60264769154394,0.99994389771204,0.99994377575857,0.9999759662276,0.99997596406211,2.4362140058669e-07,2.3973914664454e-24,-1.3643663794145e-05,-1.3654751625156e-05,0.0099966196153956,-5.4584278912779e-08,5.471485104439e-08,-5.6128128972131e-06,-5.6176817290102e-06,-4.6501371355534e-06,0.90002897110207,0.90002886229802,2.5,2.5,-5.6146678958955e-06,-0.0001
0.71624999999999,0,0.60264769154394,0.60264769154394,0.99994389669769,0.99994377602691,0.99997596634334,0.99997596420063,2.4105899539971e-07,2.3721757472529e-24,-1.364390512709e-05,-1.3654876336459e-05,0.0099966195478829,-5.4010162497381e-08,5.4139361306059e-08,-5.6128871535557e-06,-5.6177047750732e-06,-4.6500849720144e-06,0.90002897098521,0.90002886332556,2.5,2.5,-5.614722641397e-06,-9.9999999999992e-05
0.71749999999999,0,0.60264769154394,0.60264769154394,0.999943895694,0.99994377629244,0.99997596645787,0.9999759643377,2.3852354153107e-07,2.3472252477183e-24,-1.3644143921644e-05,-1.3654999736139e-05,0.0099966194810803,-5.344208467343e-08,5.3569924564417e-08,-5.61296062887e-06,-5.6177275787382e-06,-4.6500333571332e-06,0.90002897086958,0.9000288643423,2.5,2.5,-5.6147768110865e-06,-0.0001
0.71874999999999,0,0.60264769154394,0.60264769154394,0.99994389470086,0.99994377655517,0.99997596657119,0.99997596447332,2.3601475552542e-07,2.3225371803877e-24,-1.3644380204599e-05,-1.3655121837759e-05,0.0099966194149803,-5.2879981871747e-08,5.3006477131336e-08,-5.6130333313738e-06,-5.6177501425543e-06,-4.6499822851401e-06,0.90002897075517,0.90002886534834,2.5,2.5,-5.61483041102e-06,-0.00010000000000001
0.71999999999999,0,0.60264769154394,0.60264769154394,0.99994389371818,0.99994377681514,0.99997596668332,0.99997596460751,2.3353235688091e-07,2.2981087810365e-24,-1.3644614002301e-05,-1.3655242655231e-05,0.0099966193495756,-5.232379122358e-08,5.244895601697e-08,-5.6131052691927e-06,-5.6177724690449e-06,-4.649931750318e-06,0.90002897064196,0.9000288663438,2.5,2.5,-5.6148834471906e-06,-9.9999999999996e-05
0.72124999999999,0,0.60264769154394,0.60264769154394,0.99994389274582,0.99994377707237,0.99997596679427,0.9999759647403,2.3107606806649e-07,2.2739373141041e-24,-1.3644845340967e-05,-1.3655362201853e-05,0.0099966192848588,-5.1773450595426e-08,5.1897298908401e-08,-5.6131764503724e-06,-5.6177945607062e-06,-4.6498817470207e-06,0.90002897052994,0.90002886732878,2.5,2.5,-5.6149359255278e-06,-9.9999999999997e-05
0.72249999999999,0,0.60264769154394,0.60264769154394,0.9999438917837,0.99994377732689,0.99997596690406,0.99997596487168,2.2864561444094e-07,2.2500200866804e-24,-1.364507424641e-05,-1.365548049119e-05,0.0099966192208227,-5.1228898438837e-08,5.1351444118314e-08,-5.6132468828687e-06,-5.6178164200081e-06,-4.6498322696573e-06,0.9000289704191,0.90002886830341,2.5,2.5,-5.6149878518988e-06,-9.9999999999998e-05
0.72374999999999,0,0.60264769154394,0.60264769154394,0.9999438908317,0.99994377757874,0.99997596701268,0.99997596500169,2.2624072427506e-07,2.2263544193561e-24,-1.3645300744161e-05,-1.3655597536332e-05,0.0099966191574601,-5.0690073887844e-08,5.0811330628005e-08,-5.6133165745578e-06,-5.6178380493937e-06,-4.6497833126967e-06,0.90002897030943,0.90002886926779,2.5,2.5,-5.6150392321091e-06,-9.9999999999993e-05
0.72499999999999,0,0.60264769154394,0.60264769154394,0.9999438898897,0.99994377782795,0.99997596712017,0.99997596513033,2.2386112871845e-07,2.2029376660564e-24,-1.3645524859714e-05,-1.3655713350341e-05,0.0099966190947639,-5.0156916658424e-08,5.0276898023241e-08,-5.6133855332309e-06,-5.6178594512816e-06,-4.649734870664e-06,0.90002897020091,0.90002887022202,2.5,2.5,-5.6150900719036e-06,-0.00010000000000001
0.72624999999999,0,0.60264769154394,0.60264769154394,0.99994388895762,0.99994377807453,0.99997596722653,0.99997596525761,2.2150656167342e-07,2.1797672102852e-24,-1.3645746617959e-05,-1.3655827946234e-05,0.0099966190327272,-4.9629367182904e-08,4.9748086591072e-08,-5.613453766599e-06,-5.6178806280654e-06,-4.6496869381438e-06,0.90002897009353,0.90002887116622,2.5,2.5,-5.615140376966e-06,-0.0001
0.72749999999999,0,0.60264769154394,0.60264769154394,0.99994388803534,0.99994377831851,0.99997596733176,0.99997596538356,2.1917675992942e-07,2.1568404601031e-24,-1.3645966043747e-05,-1.3655941336868e-05,0.009996618971343,-4.9107366438262e-08,4.9224837161412e-08,-5.6135212822884e-06,-5.6179015821114e-06,-4.6496395097738e-06,0.90002896998728,0.90002887210049,2.5,2.5,-5.6151901529207e-06,-0.0001
0.72874999999999,0,0.60264769154394,0.60264769154394,0.99994388712276,0.99994377855993,0.99997596743589,0.99997596550818,2.1687146300867e-07,2.1341548547174e-24,-1.3646183161674e-05,-1.3656053534784e-05,0.0099966189106044,-4.8590856132287e-08,4.8707091290854e-08,-5.6135880878498e-06,-5.6179223157643e-06,-4.6495925802582e-06,0.90002896988215,0.90002887302493,2.5,2.5,-5.6152394053329e-06,-9.9999999999995e-05
0.72999999999999,0,0.60264769154394,0.60264769154394,0.99994388621978,0.99994377879881,0.99997596753893,0.99997596563149,2.1459041313532e-07,2.1117078542505e-24,-1.3646397995909e-05,-1.365616455269e-05,0.0099966188505047,-4.8079778435209e-08,4.8194791045359e-08,-5.6136541907517e-06,-5.61794283134e-06,-4.6495461443443e-06,0.90002896977813,0.90002887393964,2.5,2.5,-5.6152881397092e-06,-0.00010000000000002
0.73124999999999,0,0.60264769154394,0.60264769154394,0.9999438853263,0.99994377903518,0.99997596764088,0.9999759657535,2.1233335532536e-07,2.089496952788e-24,-1.3646610570567e-05,-1.3656274402817e-05,0.0099966187910371,-4.7574076260894e-08,4.7687879158404e-08,-5.6137195983832e-06,-5.6179631311345e-06,-4.6495001968454e-06,0.90002896967519,0.90002887484474,2.5,2.5,-5.6153363614982e-06,-9.9999999999992e-05
0.73249999999999,0,0.60264769154394,0.60264769154394,0.99994388444221,0.99994377926906,0.99997596774176,0.99997596587424,2.1010003718518e-07,2.0675196643614e-24,-1.3646820909346e-05,-1.3656383097643e-05,0.009996618732195,-4.7073693049039e-08,4.7186298972079e-08,-5.6137843180601e-06,-5.6179832174149e-06,-4.6494547326198e-06,0.90002896957334,0.90002887574032,2.5,2.5,-5.6153840760914e-06,-9.9999999999996e-05
0.73374999999999,0,0.60264769154394,0.60264769154394,0.99994388356743,0.99994377950049,0.99997596784158,0.9999759659937,2.0789020905304e-07,2.0457735320719e-24,-1.3647029035762e-05,-1.3656490649147e-05,0.0099966186739718,-4.6578572826762e-08,4.6689994374769e-08,-5.6138483570168e-06,-5.618003092428e-06,-4.6494097465838e-06,0.90002896947257,0.90002887662647,2.5,2.5,-5.6154312888235e-06,-9.9999999999995e-05
0.73499999999999,0,0.60264769154394,0.60264769154394,0.99994388270184,0.99994377972947,0.99997596794035,0.9999759661119,2.0570362384643e-07,2.0242561264504e-24,-1.3647234973126e-05,-1.3656597069498e-05,0.009996618616361,-4.608866031953e-08,4.6198909935161e-08,-5.6139117224123e-06,-5.6180227583968e-06,-4.64936523371e-06,0.90002896937285,0.90002887750331,2.5,2.5,-5.6154780049729e-06,-0.0001
0.73624999999999,0,0.60264769154394,0.60264769154394,0.99994388184536,0.99994377995605,0.99997596803807,0.99997596622886,2.035400370997e-07,2.002965038435e-24,-1.3647438744456e-05,-1.3656702370367e-05,0.0099966185593561,-4.5603900674138e-08,4.5712990668454e-08,-5.6139744213313e-06,-5.6180422175196e-06,-4.6493211890273e-06,0.90002896927418,0.90002887837092,2.5,2.5,-5.6155242297627e-06,-9.9999999999995e-05
0.73749999999999,0,0.60264769154394,0.60264769154394,0.99994388099788,0.99994378018025,0.99997596813478,0.99997596634459,2.0139920692057e-07,1.9818978918441e-24,-1.364764037253e-05,-1.3656806563888e-05,0.0099966185029508,-4.512423970727e-08,4.5232182316408e-08,-5.6140364607848e-06,-5.6180614719711e-06,-4.6492776076006e-06,0.90002896917655,0.90002887922941,2.5,2.5,-5.6155699683612e-06,-0.00010000000000001
0.73874999999999,0,0.60264769154394,0.60264769154394,0.99994388015933,0.99994378040209,0.99997596823046,0.9999759664591,1.9928089395586e-07,1.9610523264724e-24,-1.3647839879831e-05,-1.36569096614e-05,0.0099966184471387,-4.4649623843927e-08,4.4756431109809e-08,-5.6140978477088e-06,-5.6180805239057e-06,-4.6492344845631e-06,0.90002896907994,0.90002888007886,2.5,2.5,-5.615615225882e-06,-9.9999999999979e-05
0.73999999999999,0,0.60264769154394,0.60264769154394,0.99994387932959,0.99994378062159,0.99997596832514,0.99997596657241,1.9718486134404e-07,1.9404260164766e-24,-1.3648037288788e-05,-1.3657011674493e-05,0.0099966183919138,-4.4179999979247e-08,4.4285683830021e-08,-5.6141585889673e-06,-5.6180993754523e-06,-4.6491918150966e-06,0.90002896898436,0.90002888091939,2.5,2.5,-5.6156600073849e-06,-0.00010000000000001
0.74124999999999,0,0.60264769154394,0.60264769154394,0.99994387850857,0.99994378083879,0.99997596841882,0.99997596668453,1.9511087478741e-07,1.9200166533323e-24,-1.3648232621377e-05,-1.3657112614739e-05,0.0099966183372696,-4.3715315554047e-08,4.3819887850917e-08,-5.6142186913479e-06,-5.6181180287171e-06,-4.6491495944206e-06,0.90002896888977,0.90002888175107,2.5,2.5,-5.6157043178769e-06,-0.0001
0.74249999999999,0,0.60264769154394,0.60264769154394,0.9999438776962,0.9999437810537,0.99997596851152,0.99997596679547,1.9305870237311e-07,1.8998219534841e-24,-1.3648425899398e-05,-1.3657212493157e-05,0.0099966182832002,-4.3255518728897e-08,4.3358991123194e-08,-5.6142781615745e-06,-5.6181364857881e-06,-4.6491078178244e-06,0.90002896879618,0.90002888257401,2.5,2.5,-5.615748162312e-06,-0.0001
0.74374999999999,0,0.60264769154394,0.60264769154394,0.99994387689236,0.99994378126635,0.99997596860324,0.99997596690524,1.9102811466733e-07,1.8798396648516e-24,-1.3648617144639e-05,-1.3657311321155e-05,0.0099966182296995,-4.2800558026654e-08,4.2902942090326e-08,-5.6143370062945e-06,-5.618154748728e-06,-4.6490664806363e-06,0.90002896870358,0.90002888338829,2.5,2.5,-5.6157915455922e-06,-9.9999999999989e-05
0.74499999999999,0,0.60264769154394,0.60264769154394,0.99994387609699,0.99994378147677,0.999975968694,0.99997596701386,1.8901888463993e-07,1.8600675463983e-24,-1.36488063783e-05,-1.3657409109586e-05,0.0099966181767615,-4.2350382567106e-08,4.2451689783029e-08,-5.6143952320854e-06,-5.618172819579e-06,-4.6490255782259e-06,0.90002896861195,0.900028884194,2.5,2.5,-5.6158344725679e-06,-0.0001
0.74624999999999,0,0.60264769154394,0.60264769154394,0.99994387530997,0.99994378168497,0.9999759687838,0.99997596712133,1.8703078767288e-07,1.840503392503e-24,-1.3648993621606e-05,-1.3657505869555e-05,0.0099966181243804,-4.1904942067231e-08,4.200518371339e-08,-5.6144528454596e-06,-5.6181907003611e-06,-4.6489851060303e-06,0.90002896852129,0.90002888499124,2.5,2.5,-5.6158769480385e-06,-0.00010000000000001
0.74749999999999,0,0.60264769154394,0.60264769154394,0.99994387453124,0.99994378189098,0.99997596887266,0.99997596722767,1.8506360144954e-07,1.821145013174e-24,-1.3649178895502e-05,-1.3657601611783e-05,0.0099966180725501,-4.1464186703129e-08,4.156337401567e-08,-5.6145098528582e-06,-5.6182083930725e-06,-4.6489450595208e-06,0.90002896843157,0.9000288857801,2.5,2.5,-5.6159189767528e-06,-9.9999999999979e-05
0.74874999999999,0,0.60264769154394,0.60264769154394,0.9999438737607,0.99994378209483,0.99997596896058,0.9999759673329,1.831171060676e-07,1.8019902456918e-24,-1.3649362220706e-05,-1.3657696347023e-05,0.009996618021265,-4.1028067174175e-08,4.1126211250137e-08,-5.614566260653e-06,-5.618225899693e-06,-4.6489054342152e-06,0.9000289683428,0.90002888656065,2.5,2.5,-5.6159605634102e-06,-0.00010000000000001
0.74999999999999,0,0.60264769154394,0.60264769154394,0.99994387299826,0.99994378229653,0.99997596904758,0.99997596743702,1.8119108388394e-07,1.7830369492869e-24,-1.3649543617669e-05,-1.3657790085804e-05,0.0099966179705194,-4.0596534776904e-08,4.0693646550014e-08,-5.6146220751522e-06,-5.6182432221801e-06,-4.6488662256938e-06,0.90002896825497,0.900028887333,2.5,2.5,-5.6160017126597e-06,-9.9999999999992e-05
