axial_over_volume,normalized_coupling,shear_per_pressure
0.02,-0.9,-0.05162129091465281
0.02,-0.875,-0.05011933174224344
0.02,-0.85,-0.04862329341774084
0.02,-0.825,-0.04713298166098532
0.02,-0.8,-0.04564820450395618
0.02,-0.775,-0.04416877220311938
0.02,-0.75,-0.04269449715370018
0.02,-0.725,-0.04122519380579618
0.02,-0.7,-0.0397606785822478
0.02,-0.675,-0.03830076979818805
0.02,-0.65,-0.03684528758219334
0.02,-0.625,-0.03539405379896177
0.02,-0.6,-0.033946891973446
0.02,-0.575,-0.03250362721637052
0.02,-0.55,-0.031064086151065595
0.02,-0.525,-0.029628096841550818
0.02,-0.5,-0.02819548872180452
0.02,-0.475,-0.026766092526155628
0.02,-0.45,-0.025339740220737296
0.02,-0.425,-0.023916264935941935
0.02,-0.4,-0.022495500899820046
0.02,-0.375,-0.021077283372365342
0.02,-0.35,-0.019661448580630674
0.02,-0.32499999999999996,-0.01824783365461997
0.02,-0.29999999999999993,-0.01683627656390301
0.02,-0.275,-0.015426616054900057
0.02,-0.25,-0.014018691588785045
0.02,-0.22499999999999998,-0.012612343279956644
0.02,-0.19999999999999996,-0.011207411835026895
0.02,-0.17499999999999993,-0.009803738492278384
0.02,-0.15000000000000002,-0.008401164961541334
0.02,-0.125,-0.006999533364442374
0.02,-0.09999999999999998,-0.005598686174977599
0.02,-0.07499999999999996,-0.004198466160362743
0.02,-0.04999999999999993,-0.0027987163221135816
0.02,-0.025000000000000022,-0.0013992798373103968
0.02,0.0,-0.0
0.02,0.025000000000000022,0.0013992798373103968
0.02,0.050000000000000044,0.0027987163221135916
0.02,0.07500000000000007,0.004198466160362745
0.02,0.09999999999999998,0.0055986861749776065
0.02,0.1250000000000001,0.006999533364442372
0.02,0.15000000000000002,0.008401164961541335
0.02,0.17499999999999993,0.009803738492278393
0.02,0.20000000000000007,0.011207411835026897
0.02,0.22499999999999998,0.01261234327995665
0.02,0.2500000000000001,0.014018691588785057
0.02,0.275,0.01542661605490007
0.02,0.30000000000000016,0.016836276563903043
0.02,0.32500000000000007,0.018247833654619988
0.02,0.35,0.019661448580630663
0.02,0.3750000000000001,0.021077283372365346
0.02,0.4,0.022495500899820053
0.02,0.42500000000000016,0.023916264935941928
0.02,0.45000000000000007,0.0253397402207373
0.02,0.475,0.026766092526155652
0.02,0.5000000000000001,0.028195488721804517
0.02,0.525,0.029628096841550818
0.02,0.5500000000000002,0.031064086151065623
0.02,0.5750000000000001,0.03250362721637054
0.02,0.6,0.03394689197344598
0.02,0.6250000000000001,0.03539405379896179
0.02,0.65,0.03684528758219334
0.02,0.6750000000000002,0.03830076979818806
0.02,0.7000000000000001,0.039760678582247806
0.02,0.725,0.04122519380579618
0.02,0.7500000000000001,0.04269449715370019
0.02,0.775,0.04416877220311936
0.02,0.8000000000000002,0.0456482045039562
0.02,0.8250000000000001,0.047132981660985326
0.02,0.85,0.04862329341774085
0.02,0.8750000000000001,0.05011933174224344
0.02,0.9,0.051621290914652805
0.022440369086039275,-0.9,-0.05438771435512541
0.022440369086039275,-0.875,-0.05279696029230453
0.022440369086039275,-0.85,-0.0512131903521428
0.022440369086039275,-0.825,-0.0496361719553308
0.022440369086039275,-0.8,-0.0480656755833258
0.022440369086039275,-0.775,-0.04650147465937824
0.022440369086039275,-0.75,-0.044943345432422704
0.022440369086039275,-0.725,-0.043391066863702116
0.022440369086039275,-0.7,-0.0418444205159997
0.022440369086039275,-0.675,-0.040303190445357066
0.022440369086039275,-0.65,-0.03876716309516084
0.022440369086039275,-0.625,-0.03723612719248451
0.022440369086039275,-0.6,-0.03570987364657595
0.022440369086039275,-0.575,-0.03418819544938384
0.022440369086039275,-0.55,-0.032670887578020856
0.022440369086039275,-0.525,-0.031157746899063095
0.022440369086039275,-0.5,-0.029648572074589614
0.022440369086039275,-0.475,-0.02814316346986754
0.022440369086039275,-0.45,-0.02664132306259157
0.022440369086039275,-0.425,-0.02514285435358906
0.022440369086039275,-0.4,-0.023647562278903692
0.022440369086039275,-0.375,-0.022155253123173596
0.022440369086039275,-0.35,-0.020665734434221327
0.022440369086039275,-0.32499999999999996,-0.019178814938775043
0.022440369086039275,-0.29999999999999993,-0.017694304459242274
0.022440369086039275,-0.275,-0.016212013831458705
0.022440369086039275,-0.25,-0.014731754823336825
0.022440369086039275,-0.22499999999999998,-0.013253340054339422
0.022440369086039275,-0.19999999999999996,-0.01177658291570552
0.022440369086039275,-0.17499999999999993,-0.010301297491356259
0.022440369086039275,-0.15000000000000002,-0.00882729847941022
0.022440369086039275,-0.125,-0.0073544011142379255
0.022440369086039275,-0.09999999999999998,-0.005882421088986549
0.022440369086039275,-0.07499999999999996,-0.004411174478506252
0.022440369086039275,-0.04999999999999993,-0.0029404776626103793
0.022440369086039275,-0.025000000000000022,-0.0014701472496019996
0.022440369086039275,0.0,-0.0
0.022440369086039275,0.025000000000000022,0.0014701472496020094
0.022440369086039275,0.050000000000000044,0.0029404776626103845
0.022440369086039275,0.07500000000000007,0.004411174478506257
0.022440369086039275,0.09999999999999998,0.005882421088986539
0.022440369086039275,0.1250000000000001,0.00735440111423794
0.022440369086039275,0.15000000000000002,0.008827298479410226
0.022440369086039275,0.17499999999999993,0.01030129749135627
0.022440369086039275,0.20000000000000007,0.011776582915705523
0.022440369086039275,0.22499999999999998,0.013253340054339424
0.022440369086039275,0.2500000000000001,0.014731754823336825
0.022440369086039275,0.275,0.016212013831458733
0.022440369086039275,0.30000000000000016,0.017694304459242284
0.022440369086039275,0.32500000000000007,0.019178814938775057
0.022440369086039275,0.35,0.02066573443422132
0.022440369086039275,0.3750000000000001,0.022155253123173603
0.022440369086039275,0.4,0.023647562278903692
0.022440369086039275,0.42500000000000016,0.02514285435358906
0.022440369086039275,0.45000000000000007,0.026641323062591593
0.022440369086039275,0.475,0.028143163469867546
0.022440369086039275,0.5000000000000001,0.029648572074589628
0.022440369086039275,0.525,0.031157746899063102
0.022440369086039275,0.5500000000000002,0.03267088757802086
0.022440369086039275,0.5750000000000001,0.034188195449383854
0.022440369086039275,0.6,0.03570987364657595
0.022440369086039275,0.6250000000000001,0.037236127192484536
0.022440369086039275,0.65,0.038767163095160845
0.022440369086039275,0.6750000000000002,0.04030319044535709
0.022440369086039275,0.7000000000000001,0.04184442051599971
0.022440369086039275,0.725,0.043391066863702116
0.022440369086039275,0.7500000000000001,0.044943345432422725
0.022440369086039275,0.775,0.04650147465937825
0.022440369086039275,0.8000000000000002,0.048065675583325806
0.022440369086039275,0.8250000000000001,0.04963617195533082
0.022440369086039275,0.85,0.0512131903521428
0.022440369086039275,0.8750000000000001,0.05279696029230453
0.022440369086039275,0.9,0.05438771435512541
0.025178508235883353,-0.9,-0.05726687182570481
0.025178508235883353,-0.875,-0.05558221062441166
0.025178508235883353,-0.85,-0.053905780295995145
0.025178508235883353,-0.825,-0.05223730229218135
0.025178508235883353,-0.8,-0.05057650211253874
0.025178508235883353,-0.775,-0.04892310914284546
0.025178508235883353,-0.75,-0.0472768564977136
0.025178508235883353,-0.725,-0.04563748086727027
0.025178508235883353,-0.7,-0.044004722367701414
0.025178508235883353,-0.675,-0.04237832439547255
0.025178508235883353,-0.65,-0.040758033485046995
0.025178508235883353,-0.625,-0.039143599169929155
0.025178508235883353,-0.6,-0.03753477384686622
0.025178508235883353,-0.575,-0.03593131264304758
0.025178508235883353,-0.55,-0.03433297328614684
0.025178508235883353,-0.525,-0.032739515977056335
0.025178508235883353,-0.5,-0.031150703265168937
0.025178508235883353,-0.475,-0.02956629992606662
0.025178508235883353,-0.45,-0.027986072841479304
0.025178508235883353,-0.425,-0.026409790881381776
0.025178508235883353,-0.4,-0.02483722478810015
0.025178508235883353,-0.375,-0.02326814706230266
0.025178508235883353,-0.35,-0.021702331850753244
0.025178508235883353,-0.32499999999999996,-0.020139554835709107
0.025178508235883353,-0.29999999999999993,-0.018579593125846346
0.025178508235883353,-0.275,-0.017022225148600592
0.025178508235883353,-0.25,-0.015467230543811616
0.025178508235883353,-0.22499999999999998,-0.013914390058563524
0.025178508235883353,-0.19999999999999996,-0.012363485443113796
0.025178508235883353,-0.17499999999999993,-0.010814299347806521
0.025178508235883353,-0.15000000000000002,-0.009266615220866853
0.025178508235883353,-0.125,-0.007720217206974892
0.025178508235883353,-0.09999999999999998,-0.006174890046519026
0.025178508235883353,-0.07499999999999996,-0.004630418975429236
0.025178508235883353,-0.04999999999999993,-0.0030865896254925755
0.025178508235883353,-0.025000000000000022,-0.0015431879250531453
0.025178508235883353,0.0,-0.0
0.025178508235883353,0.025000000000000022,0.0015431879250531453
0.025178508235883353,0.050000000000000044,0.003086589625492593
0.025178508235883353,0.07500000000000007,0.004630418975429251
0.025178508235883353,0.09999999999999998,0.006174890046519018
0.025178508235883353,0.1250000000000001,0.0077202172069749
0.025178508235883353,0.15000000000000002,0.00926661522086686
0.025178508235883353,0.17499999999999993,0.010814299347806524
0.025178508235883353,0.20000000000000007,0.012363485443113803
0.025178508235883353,0.22499999999999998,0.013914390058563542
0.025178508235883353,0.2500000000000001,0.01546723054381164
0.025178508235883353,0.275,0.017022225148600592
0.025178508235883353,0.30000000000000016,0.01857959312584635
0.025178508235883353,0.32500000000000007,0.020139554835709114
0.025178508235883353,0.35,0.021702331850753244
0.025178508235883353,0.3750000000000001,0.02326814706230267
0.025178508235883353,0.4,0.024837224788100153
0.025178508235883353,0.42500000000000016,0.026409790881381786
0.025178508235883353,0.45000000000000007,0.027986072841479314
0.025178508235883353,0.475,0.02956629992606663
0.025178508235883353,0.5000000000000001,0.031150703265168958
0.025178508235883353,0.525,0.03273951597705634
0.025178508235883353,0.5500000000000002,0.03433297328614685
0.025178508235883353,0.5750000000000001,0.03593131264304758
0.025178508235883353,0.6,0.03753477384686622
0.025178508235883353,0.6250000000000001,0.03914359916992916
0.025178508235883353,0.65,0.040758033485046995
0.025178508235883353,0.6750000000000002,0.04237832439547255
0.025178508235883353,0.7000000000000001,0.044004722367701414
0.025178508235883353,0.725,0.04563748086727027
0.025178508235883353,0.7500000000000001,0.047276856497713605
0.025178508235883353,0.775,0.04892310914284545
0.025178508235883353,0.8000000000000002,0.05057650211253876
0.025178508235883353,0.8250000000000001,0.05223730229218135
0.025178508235883353,0.85,0.053905780295995145
0.025178508235883353,0.8750000000000001,0.05558221062441164
0.025178508235883353,0.9,0.057266871825704814
0.028250750892455084,-0.9,-0.06025700790318537
0.028250750892455084,-0.875,-0.05847308417027451
0.028250750892455084,-0.85,-0.05669885079143231
0.028250750892455084,-0.825,-0.05493397403216885
0.028250750892455084,-0.8,-0.05317812550531129
0.028250750892455084,-0.775,-0.05143098195123749
0.028250750892455084,-0.75,-0.04969222502443181
0.028250750892455084,-0.725,-0.047961541086052654
0.028250750892455084,-0.7,-0.046238621002214327
0.028250750892455084,-0.675,-0.04452315994769813
0.028250750892455084,-0.65,-0.04281485721481911
0.028250750892455084,-0.625,-0.04111341602718557
0.028250750892455084,-0.6,-0.039418543358098544
0.028250750892455084,-0.575,-0.03772994975334868
0.028250750892455084,-0.55,-0.036047349158176145
0.028250750892455084,-0.525,-0.03437045874816792
0.028250750892455084,-0.5,-0.03269899876387553
0.028250750892455084,-0.475,-0.0310326923489423
0.028250750892455084,-0.45,-0.029371265391537543
0.028250750892455084,-0.425,-0.027714446368901156
0.028250750892455084,-0.4,-0.0260619661948076
0.028250750892455084,-0.375,-0.024413558069765348
0.028250750892455084,-0.35,-0.022768957333771628
0.028250750892455084,-0.32499999999999996,-0.021127901321448476
0.028250750892455084,-0.29999999999999993,-0.01949012921939003
0.028250750892455084,-0.275,-0.01785538192555527
0.028250750892455084,-0.25,-0.01622340191054484
0.028250750892455084,-0.22499999999999998,-0.014593933080603241
0.028250750892455084,-0.19999999999999996,-0.01296672064219189
0.028250750892455084,-0.17499999999999993,-0.011341510967980901
0.028250750892455084,-0.15000000000000002,-0.009718051464110295
0.028250750892455084,-0.125,-0.008096090438573652
0.028250750892455084,-0.09999999999999998,-0.006475376970579679
0.028250750892455084,-0.07499999999999996,-0.004855660780748146
0.028250750892455084,-0.04999999999999993,-0.003236692101999235
0.028250750892455084,-0.025000000000000022,-0.0016182215509959
0.028250750892455084,0.0,-9.813077866773593e-18
0.028250750892455084,0.025000000000000022,0.001618221550995905
0.028250750892455084,0.050000000000000044,0.0032366921019992495
0.028250750892455084,0.07500000000000007,0.004855660780748156
0.028250750892455084,0.09999999999999998,0.006475376970579691
0.028250750892455084,0.1250000000000001,0.008096090438573659
0.028250750892455084,0.15000000000000002,0.009718051464110294
0.028250750892455084,0.17499999999999993,0.011341510967980896
0.028250750892455084,0.20000000000000007,0.012966720642191912
0.028250750892455084,0.22499999999999998,0.014593933080603248
0.028250750892455084,0.2500000000000001,0.016223401910544846
0.028250750892455084,0.275,0.017855381925555282
0.028250750892455084,0.30000000000000016,0.01949012921939004
0.028250750892455084,0.32500000000000007,0.021127901321448483
0.028250750892455084,0.35,0.022768957333771635
0.028250750892455084,0.3750000000000001,0.024413558069765355
0.028250750892455084,0.4,0.0260619661948076
0.028250750892455084,0.42500000000000016,0.027714446368901156
0.028250750892455084,0.45000000000000007,0.029371265391537546
0.028250750892455084,0.475,0.031032692348942296
0.028250750892455084,0.5000000000000001,0.032698998763875546
0.028250750892455084,0.525,0.03437045874816794
0.028250750892455084,0.5500000000000002,0.036047349158176145
0.028250750892455084,0.5750000000000001,0.037729949753348715
0.028250750892455084,0.6,0.039418543358098544
0.028250750892455084,0.6250000000000001,0.04111341602718558
0.028250750892455084,0.65,0.04281485721481912
0.028250750892455084,0.6750000000000002,0.04452315994769814
0.028250750892455084,0.7000000000000001,0.04623862100221432
0.028250750892455084,0.725,0.04796154108605267
0.028250750892455084,0.7500000000000001,0.049692225024431824
0.028250750892455084,0.775,0.05143098195123749
0.028250750892455084,0.8000000000000002,0.05317812550531131
0.028250750892455084,0.8250000000000001,0.054933974032168875
0.028250750892455084,0.85,0.0566988507914323
0.028250750892455084,0.8750000000000001,0.05847308417027453
0.028250750892455084,0.9,0.06025700790318537
0.03169786384922227,-0.9,-0.0633550350284497
0.03169786384922227,-0.875,-0.06146625526616616
0.03169786384922227,-0.85,-0.05958887122023732
0.03169786384922227,-0.825,-0.05772248290033261
0.03169786384922227,-0.8,-0.055866697371185846
0.03169786384922227,-0.775,-0.05402112845358717
0.03169786384922227,-0.75,-0.05218539643475024
0.03169786384922227,-0.725,-0.050359127787576195
0.03169786384922227,-0.7,-0.04854195489835656
0.03169786384922227,-0.675,-0.046733515802478656
0.03169786384922227,-0.65,-0.04493345392771504
0.03169786384922227,-0.625,-0.043141417844697945
0.03169786384922227,-0.6,-0.041357061024194196
0.03169786384922227,-0.575,-0.03958004160081479
0.03169786384922227,-0.55,-0.03781002214280519
0.03169786384922227,-0.525,-0.03604666942757874
0.03169786384922227,-0.5,-0.034289654222666624
0.03169786384922227,-0.475,-0.032538651071771674
0.03169786384922227,-0.45,-0.030793338085623137
0.03169786384922227,-0.425,-0.02905339673734138
0.03169786384922227,-0.4,-0.027318511662030785
0.03169786384922227,-0.375,-0.025588370460328313
0.03169786384922227,-0.35,-0.023862663505644158
0.03169786384922227,-0.32499999999999996,-0.022141083754838534
0.03169786384922227,-0.29999999999999993,-0.02042332656208614
0.03169786384922227,-0.275,-0.018709089495686705
0.03169786384922227,-0.25,-0.016998072157586034
0.03169786384922227,-0.22499999999999998,-0.015289976005378172
0.03169786384922227,-0.19999999999999996,-0.013584504176563797
0.03169786384922227,-0.17499999999999993,-0.011881361314845514
0.03169786384922227,-0.15000000000000002,-0.010180253398244294
0.03169786384922227,-0.125,-0.00848088756882532
0.03169786384922227,-0.09999999999999998,-0.0067829719638251304
0.03169786384922227,-0.07499999999999996,-0.00508621554797432
0.03169786384922227,-0.04999999999999993,-0.0033903279468129035
0.03169786384922227,-0.025000000000000022,-0.0016950192807973674
0.03169786384922227,0.0,-4.906538933386797e-18
0.03169786384922227,0.025000000000000022,0.00169501928079736
0.03169786384922227,0.050000000000000044,0.0033903279468129157
0.03169786384922227,0.07500000000000007,0.005086215547974323
0.03169786384922227,0.09999999999999998,0.006782971963825121
0.03169786384922227,0.1250000000000001,0.008480887568825316
0.03169786384922227,0.15000000000000002,0.010180253398244295
0.03169786384922227,0.17499999999999993,0.011881361314845526
0.03169786384922227,0.20000000000000007,0.013584504176563797
0.03169786384922227,0.22499999999999998,0.015289976005378174
0.03169786384922227,0.2500000000000001,0.016998072157586062
0.03169786384922227,0.275,0.018709089495686712
0.03169786384922227,0.30000000000000016,0.020423326562086154
0.03169786384922227,0.32500000000000007,0.02214108375483854
0.03169786384922227,0.35,0.023862663505644165
0.03169786384922227,0.3750000000000001,0.025588370460328323
0.03169786384922227,0.4,0.027318511662030805
0.03169786384922227,0.42500000000000016,0.029053396737341405
0.03169786384922227,0.45000000000000007,0.030793338085623158
0.03169786384922227,0.475,0.03253865107177168
0.03169786384922227,0.5000000000000001,0.03428965422266664
0.03169786384922227,0.525,0.036046669427578754
0.03169786384922227,0.5500000000000002,0.03781002214280522
0.03169786384922227,0.5750000000000001,0.03958004160081479
0.03169786384922227,0.6,0.0413570610241942
0.03169786384922227,0.6250000000000001,0.043141417844697945
0.03169786384922227,0.65,0.04493345392771505
0.03169786384922227,0.6750000000000002,0.04673351580247866
0.03169786384922227,0.7000000000000001,0.0485419548983566
0.03169786384922227,0.725,0.05035912778757621
0.03169786384922227,0.7500000000000001,0.052185396434750266
0.03169786384922227,0.775,0.05402112845358716
0.03169786384922227,0.8000000000000002,0.05586669737118589
0.03169786384922227,0.8250000000000001,0.05772248290033262
0.03169786384922227,0.85,0.05958887122023734
0.03169786384922227,0.8750000000000001,0.06146625526616616
0.03169786384922227,0.9,0.06335503502844968
0.03556558820077846,-0.9,-0.06655632474960291
0.03556558820077846,-0.875,-0.06455686809624717
0.03556558820077846,-0.85,-0.06257079571633886
0.03556558820077846,-0.825,-0.060597628083068844
0.03556558820077846,-0.8,-0.05863689496450425
0.03556558820077846,-0.775,-0.0566881350165655
0.03556558820077846,-0.75,-0.05475089538988602
0.03556558820077846,-0.725,-0.05282473134981484
0.03556558820077846,-0.7,-0.05090920590885914
0.03556558820077846,-0.675,-0.04900388947089691
0.03556558820077846,-0.65,-0.047108359486521756
0.03556558820077846,-0.625,-0.04522220011891154
0.03556558820077846,-0.6,-0.043345001919640004
0.03556558820077846,-0.575,-0.04147636151387669
0.03556558820077846,-0.55,-0.03961588129444415
0.03556558820077846,-0.525,-0.03776316912422478
0.03556558820077846,-0.5,-0.0359178380464306
0.03556558820077846,-0.475,-0.03407950600226836
0.03556558820077846,-0.45,-0.03224779555555197
0.03556558820077846,-0.425,-0.03042233362383021
0.03556558820077846,-0.4,-0.02860275121561469
0.03556558820077846,-0.375,-0.026788683173307282
0.03556558820077846,-0.35,-0.024979767921439997
0.03556558820077846,-0.32499999999999996,-0.023175647219853653
0.03556558820077846,-0.29999999999999993,-0.021375965921452612
0.03556558820077846,-0.275,-0.019580371734184504
0.03556558820077846,-0.25,-0.017788514986903325
0.03556558820077846,-0.22499999999999998,-0.01600004839878372
0.03556558820077846,-0.19999999999999996,-0.014214626851962129
0.03556558820077846,-0.17499999999999993,-0.012431907167088833
0.03556558820077846,-0.15000000000000002,-0.010651547881480459
0.03556558820077846,-0.125,-0.00887320902956968
0.03556558820077846,-0.09999999999999998,-0.007096551925353477
0.03556558820077846,-0.07499999999999996,-0.005321238946545899
0.03556558820077846,-0.04999999999999993,-0.0035469333201456135
0.03556558820077846,-0.025000000000000022,-0.001773298909131164
0.03556558820077846,0.0,-4.906538933386797e-18
0.03556558820077846,0.025000000000000022,0.0017732989091311811
0.03556558820077846,0.050000000000000044,0.0035469333201456257
0.03556558820077846,0.07500000000000007,0.005321238946545916
0.03556558820077846,0.09999999999999998,0.007096551925353477
0.03556558820077846,0.1250000000000001,0.00887320902956969
0.03556558820077846,0.15000000000000002,0.010651547881480455
0.03556558820077846,0.17499999999999993,0.012431907167088838
0.03556558820077846,0.20000000000000007,0.014214626851962153
0.03556558820077846,0.22499999999999998,0.016000048398783717
0.03556558820077846,0.2500000000000001,0.017788514986903342
0.03556558820077846,0.275,0.019580371734184504
0.03556558820077846,0.30000000000000016,0.021375965921452616
0.03556558820077846,0.32500000000000007,0.023175647219853664
0.03556558820077846,0.35,0.024979767921439997
0.03556558820077846,0.3750000000000001,0.02678868317330728
0.03556558820077846,0.4,0.028602751215614678
0.03556558820077846,0.42500000000000016,0.030422333623830223
0.03556558820077846,0.45000000000000007,0.03224779555555197
0.03556558820077846,0.475,0.03407950600226836
0.03556558820077846,0.5000000000000001,0.0359178380464306
0.03556558820077846,0.525,0.037763169124224796
0.03556558820077846,0.5500000000000002,0.03961588129444417
0.03556558820077846,0.5750000000000001,0.04147636151387673
0.03556558820077846,0.6,0.043345001919640004
0.03556558820077846,0.6250000000000001,0.04522220011891152
0.03556558820077846,0.65,0.04710835948652174
0.03556558820077846,0.6750000000000002,0.04900388947089691
0.03556558820077846,0.7000000000000001,0.05090920590885917
0.03556558820077846,0.725,0.05282473134981484
0.03556558820077846,0.7500000000000001,0.05475089538988602
0.03556558820077846,0.775,0.05668813501656551
0.03556558820077846,0.8000000000000002,0.05863689496450426
0.03556558820077846,0.8250000000000001,0.060597628083068865
0.03556558820077846,0.85,0.06257079571633886
0.03556558820077846,0.8750000000000001,0.06455686809624718
0.03556558820077846,0.9,0.06655632474960291
0.039905246299377604,-0.9,-0.06985448791326718
0.039905246299377604,-0.875,-0.06773832413497559
0.039905246299377604,-0.85,-0.06563785805874069
0.039905246299377604,-0.825,-0.06355251471130069
0.039905246299377604,-0.8,-0.06148173134523254
0.039905246299377604,-0.775,-0.059424956884745556
0.039905246299377604,-0.75,-0.057381651391994984
0.039905246299377604,-0.725,-0.05535128555277389
0.039905246299377604,-0.7,-0.0533333401805018
0.039905246299377604,-0.675,-0.05132730573748478
0.039905246299377604,-0.65,-0.04933268187247325
0.039905246299377604,-0.625,-0.04734897697359283
0.039905246299377604,-0.6,-0.04537570773576896
0.039905246299377604,-0.575,-0.04341239874180816
0.039905246299377604,-0.55,-0.04145858205633846
0.039905246299377604,-0.525,-0.039513796831848386
0.039905246299377604,-0.5,-0.037577588926097985
0.039905246299377604,-0.475,-0.03564951053020766
0.039905246299377604,-0.45,-0.033729119806759876
0.039905246299377604,-0.425,-0.03181598053727707
0.039905246299377604,-0.4,-0.029909661778463836
0.039905246299377604,-0.375,-0.0280097375266263
0.039905246299377604,-0.35,-0.02611578638970283
0.039905246299377604,-0.32499999999999996,-0.024227391266360993
0.039905246299377604,-0.29999999999999993,-0.022344139031634232
0.039905246299377604,-0.275,-0.020465620228589342
0.039905246299377604,-0.25,-0.018591428765530865
0.039905246299377604,-0.22499999999999998,-0.016721161618264313
0.039905246299377604,-0.19999999999999996,-0.014854418536951585
0.039905246299377604,-0.17499999999999993,-0.012990801757105156
0.039905246299377604,-0.15000000000000002,-0.011129915714277662
0.039905246299377604,-0.125,-0.009271366762012945
0.039905246299377604,-0.09999999999999998,-0.007414762892633015
0.039905246299377604,-0.07499999999999996,-0.005559713460442758
0.039905246299377604,-0.04999999999999993,-0.0037058289069400834
0.039905246299377604,-0.025000000000000022,-0.0018527204876243293
0.039905246299377604,0.0,-4.906538933386797e-18
0.039905246299377604,0.025000000000000022,0.0018527204876243293
0.039905246299377604,0.050000000000000044,0.003705828906940103
0.039905246299377604,0.07500000000000007,0.00555971346044278
0.039905246299377604,0.09999999999999998,0.007414762892633018
0.039905246299377604,0.1250000000000001,0.00927136676201296
0.039905246299377604,0.15000000000000002,0.011129915714277678
0.039905246299377604,0.17499999999999993,0.012990801757105156
0.039905246299377604,0.20000000000000007,0.0148544185369516
0.039905246299377604,0.22499999999999998,0.01672116161826433
0.039905246299377604,0.2500000000000001,0.018591428765530875
0.039905246299377604,0.275,0.020465620228589342
0.039905246299377604,0.30000000000000016,0.02234413903163425
0.039905246299377604,0.32500000000000007,0.024227391266360997
0.039905246299377604,0.35,0.02611578638970282
0.039905246299377604,0.3750000000000001,0.028009737526626315
0.039905246299377604,0.4,0.029909661778463832
0.039905246299377604,0.42500000000000016,0.0318159805372771
0.039905246299377604,0.45000000000000007,0.03372911980675989
0.039905246299377604,0.475,0.03564951053020765
0.039905246299377604,0.5000000000000001,0.037577588926098
0.039905246299377604,0.525,0.03951379683184838
0.039905246299377604,0.5500000000000002,0.04145858205633849
0.039905246299377604,0.5750000000000001,0.04341239874180817
0.039905246299377604,0.6,0.04537570773576895
0.039905246299377604,0.6250000000000001,0.047348976973592846
0.039905246299377604,0.65,0.04933268187247325
0.039905246299377604,0.6750000000000002,0.05132730573748478
0.039905246299377604,0.7000000000000001,0.0533333401805018
0.039905246299377604,0.725,0.055351285552773875
0.039905246299377604,0.7500000000000001,0.057381651391994984
0.039905246299377604,0.775,0.059424956884745556
0.039905246299377604,0.8000000000000002,0.06148173134523256
0.039905246299377604,0.8250000000000001,0.0635525147113007
0.039905246299377604,0.85,0.06563785805874069
0.039905246299377604,0.8750000000000001,0.06773832413497562
0.039905246299377604,0.9,0.06985448791326718
0.044774422771366805,-0.9,-0.07324114874470776
0.044774422771366805,-0.875,-0.07100206528433989
0.044774422771366805,-0.85,-0.0687813639578589
0.044774422771366805,-0.825,-0.06657835532329086
0.044774422771366805,-0.8,-0.06439236598995182
0.044774422771366805,-0.775,-0.062222737863838626
0.044774422771366805,-0.75,-0.060068827423287105
0.044774422771366805,-0.725,-0.05793000502313674
0.044774422771366805,-0.7,-0.05580565422574004
0.044774422771366805,-0.675,-0.0536951711572468
0.044774422771366805,-0.65,-0.051597963887679746
0.044774422771366805,-0.625,-0.04951345183339792
0.044774422771366805,-0.6,-0.04744106518061786
0.044774422771366805,-0.575,-0.0453802443287322
0.044774422771366805,-0.55,-0.04333043935222955
0.044774422771366805,-0.525,-0.04129110948007821
0.044774422771366805,-0.5,-0.03926172259149334
0.044774422771366805,-0.475,-0.037241754727056674
0.044774422771366805,-0.45,-0.035230689614207285
0.044774422771366805,-0.425,-0.03322801820616509
0.044774422771366805,-0.4,-0.03123323823339035
0.044774422771366805,-0.375,-0.02924585376671993
0.044774422771366805,-0.35,-0.027265374791356333
0.044774422771366805,-0.32499999999999996,-0.025291316790917947
0.044774422771366805,-0.29999999999999993,-0.023323200340788084
0.044774422771366805,-0.275,-0.02136055071002855
0.044774422771366805,-0.25,-0.01940289747114729
0.044774422771366805,-0.22499999999999998,-0.0174497741170336
0.044774422771366805,-0.19999999999999996,-0.015500717684393928
0.044774422771366805,-0.17499999999999993,-0.013555268383040508
0.044774422771366805,-0.15000000000000002,-0.011612969230401822
0.044774422771366805,-0.125,-0.009673365690637866
0.044774422771366805,-0.09999999999999998,-0.007736005317757408
0.044774422771366805,-0.07499999999999996,-0.0058004374021445775
0.044774422771366805,-0.04999999999999993,-0.0038662126199121728
0.044774422771366805,-0.025000000000000022,-0.0019328826845072392
0.044774422771366805,0.0,-0.0
0.044774422771366805,0.025000000000000022,0.0019328826845072366
0.044774422771366805,0.050000000000000044,0.003866212619912185
0.044774422771366805,0.07500000000000007,0.005800437402144592
0.044774422771366805,0.09999999999999998,0.00773600531775743
0.044774422771366805,0.1250000000000001,0.009673365690637873
0.044774422771366805,0.15000000000000002,0.011612969230401822
0.044774422771366805,0.17499999999999993,0.013555268383040516
0.044774422771366805,0.20000000000000007,0.015500717684393933
0.044774422771366805,0.22499999999999998,0.0174497741170336
0.044774422771366805,0.2500000000000001,0.019402897471147304
0.044774422771366805,0.275,0.021360550710028556
0.044774422771366805,0.30000000000000016,0.02332320034078811
0.044774422771366805,0.32500000000000007,0.025291316790917947
0.044774422771366805,0.35,0.027265374791356357
0.044774422771366805,0.3750000000000001,0.02924585376671995
0.044774422771366805,0.4,0.031233238233390373
0.044774422771366805,0.42500000000000016,0.0332280182061651
0.044774422771366805,0.45000000000000007,0.03523068961420728
0.044774422771366805,0.475,0.03724175472705667
0.044774422771366805,0.5000000000000001,0.039261722591493346
0.044774422771366805,0.525,0.04129110948007821
0.044774422771366805,0.5500000000000002,0.043330439352229556
0.044774422771366805,0.5750000000000001,0.04538024432873222
0.044774422771366805,0.6,0.047441065180617845
0.044774422771366805,0.6250000000000001,0.04951345183339793
0.044774422771366805,0.65,0.051597963887679746
0.044774422771366805,0.6750000000000002,0.05369517115724679
0.044774422771366805,0.7000000000000001,0.055805654225740055
0.044774422771366805,0.725,0.05793000502313674
0.044774422771366805,0.7500000000000001,0.06006882742328709
0.044774422771366805,0.775,0.06222273786383861
0.044774422771366805,0.8000000000000002,0.06439236598995184
0.044774422771366805,0.8250000000000001,0.06657835532329087
0.044774422771366805,0.85,0.0687813639578589
0.044774422771366805,0.8750000000000001,0.07100206528433989
0.044774422771366805,0.9,0.07324114874470776
0.050237728630191596,-0.9,-0.07670571970701906
0.050237728630191596,-0.875,-0.07433735984110089
0.050237728630191596,-0.85,-0.07199048806846808
0.050237728630191596,-0.825,-0.06966427779340384
0.050237728630191596,-0.8,-0.0673579234497036
0.050237728630191596,-0.775,-0.0650706394735352
0.050237728630191596,-0.75,-0.06280165932083791
0.050237728630191596,-0.725,-0.060550234526545336
0.050237728630191596,-0.7,-0.05831563380308133
0.050237728630191596,-0.675,-0.05609714217573063
0.050237728630191596,-0.65,-0.05389406015262611
0.050237728630191596,-0.625,-0.05170570292722531
0.050237728630191596,-0.6,-0.04953139961127012
0.050237728630191596,-0.575,-0.04737049249633537
0.050237728630191596,-0.55,-0.045222336342175325
0.050237728630191596,-0.525,-0.043086297690174115
0.050237728630191596,-0.5,-0.040961754200294236
0.050237728630191596,-0.475,-0.038848094010000736
0.050237728630191596,-0.45,-0.036744715113713286
0.050237728630191596,-0.425,-0.03465102476141055
0.050237728630191596,-0.4,-0.0325664388750752
0.050237728630191596,-0.375,-0.030490381481728487
0.050237728630191596,-0.35,-0.028422284161858
0.050237728630191596,-0.32499999999999996,-0.02636158551209414
0.050237728630191596,-0.29999999999999993,-0.024307730621036486
0.050237728630191596,-0.275,-0.022260170557174455
0.050237728630191596,-0.25,-0.02021836186788614
0.050237728630191596,-0.22499999999999998,-0.018181766088533547
0.050237728630191596,-0.19999999999999996,-0.016149849260706076
0.050237728630191596,-0.17499999999999993,-0.014122081458691668
0.050237728630191596,-0.15000000000000002,-0.012097936323282045
0.050237728630191596,-0.125,-0.01007689060204066
0.050237728630191596,-0.09999999999999998,-0.008058423695182733
0.050237728630191596,-0.07499999999999996,-0.006042017206233529
0.050237728630191596,-0.04999999999999993,-0.004027154496646571
0.050237728630191596,-0.025000000000000022,-0.0020133202435750875
0.050237728630191596,0.0,-0.0
0.050237728630191596,0.025000000000000022,0.0020133202435750823
0.050237728630191596,0.050000000000000044,0.0040271544966465735
0.050237728630191596,0.07500000000000007,0.006042017206233541
0.050237728630191596,0.09999999999999998,0.008058423695182748
0.050237728630191596,0.1250000000000001,0.010076890602040683
0.050237728630191596,0.15000000000000002,0.012097936323282057
0.050237728630191596,0.17499999999999993,0.014122081458691675
0.050237728630191596,0.20000000000000007,0.016149849260706083
0.050237728630191596,0.22499999999999998,0.018181766088533544
0.050237728630191596,0.2500000000000001,0.02021836186788615
0.050237728630191596,0.275,0.022260170557174466
0.050237728630191596,0.30000000000000016,0.024307730621036486
0.050237728630191596,0.32500000000000007,0.026361585512094162
0.050237728630191596,0.35,0.028422284161858002
0.050237728630191596,0.3750000000000001,0.030490381481728498
0.050237728630191596,0.4,0.03256643887507521
0.050237728630191596,0.42500000000000016,0.03465102476141056
0.050237728630191596,0.45000000000000007,0.03674471511371331
0.050237728630191596,0.475,0.03884809401000075
0.050237728630191596,0.5000000000000001,0.04096175420029425
0.050237728630191596,0.525,0.04308629769017409
0.050237728630191596,0.5500000000000002,0.04522233634217536
0.050237728630191596,0.5750000000000001,0.04737049249633539
0.050237728630191596,0.6,0.049531399611270135
0.050237728630191596,0.6250000000000001,0.05170570292722531
0.050237728630191596,0.65,0.05389406015262611
0.050237728630191596,0.6750000000000002,0.05609714217573064
0.050237728630191596,0.7000000000000001,0.058315633803081336
0.050237728630191596,0.725,0.060550234526545336
0.050237728630191596,0.7500000000000001,0.06280165932083794
0.050237728630191596,0.775,0.06507063947353518
0.050237728630191596,0.8000000000000002,0.0673579234497036
0.050237728630191596,0.8250000000000001,0.06966427779340383
0.050237728630191596,0.85,0.07199048806846808
0.050237728630191596,0.8750000000000001,0.07433735984110096
0.050237728630191596,0.9,0.0767057197070191
0.05636765862528908,-0.9,-0.0802351862475477
0.05636765862528908,-0.875,-0.07773110061001966
0.05636765862528908,-0.85,-0.07525208519677416
0.05636765862528908,-0.825,-0.07279714929299912
0.05636765862528908,-0.8,-0.07036532967010715
0.05636765862528908,-0.775,-0.06795568918863452
0.05636765862528908,-0.75,-0.06556731546649652
0.05636765862528908,-0.725,-0.06319931960841971
0.05636765862528908,-0.7,-0.06085083499264318
0.05636765862528908,-0.675,-0.058521016111229784
0.05636765862528908,-0.65,-0.05620903746055894
0.05636765862528908,-0.625,-0.05391409247878515
0.05636765862528908,-0.6,-0.05163539252724202
0.05636765862528908,-0.575,-0.049372165912953056
0.05636765862528908,-0.55,-0.0471236569495769
0.05636765862528908,-0.525,-0.04488912505426929
0.05636765862528908,-0.5,-0.04266784387808613
0.05636765862528908,-0.475,-0.04045910046768288
0.05636765862528908,-0.45,-0.03826219445618719
0.05636765862528908,-0.425,-0.03607643728123234
0.05636765862528908,-0.4,-0.033901151428242515
0.05636765862528908,-0.375,-0.03173566969715483
0.05636765862528908,-0.35,-0.02957933449085015
0.05636765862528908,-0.32499999999999996,-0.027431497123644122
0.05636765862528908,-0.29999999999999993,-0.025291517148262905
0.05636765862528908,-0.275,-0.023158761699794906
0.05636765862528908,-0.25,-0.021032604855169612
0.05636765862528908,-0.22499999999999998,-0.018912427006771173
0.05636765862528908,-0.19999999999999996,-0.01679761424884245
0.05636765862528908,-0.17499999999999993,-0.014687557775381378
0.05636765862528908,-0.15000000000000002,-0.012581653288270869
0.05636765862528908,-0.125,-0.010479300414418531
0.05636765862528908,-0.09999999999999998,-0.00837990213071443
0.05636765862528908,-0.07499999999999996,-0.00628286419564086
0.05636765862528908,-0.04999999999999993,-0.004187594586391529
0.05636765862528908,-0.025000000000000022,-0.0020935029403759686
0.05636765862528908,0.0,-4.906538933386797e-18
0.05636765862528908,0.025000000000000022,0.002093502940375976
0.05636765862528908,0.050000000000000044,0.004187594586391544
0.05636765862528908,0.07500000000000007,0.006282864195640892
0.05636765862528908,0.09999999999999998,0.008379902130714437
0.05636765862528908,0.1250000000000001,0.010479300414418547
0.05636765862528908,0.15000000000000002,0.01258165328827087
0.05636765862528908,0.17499999999999993,0.014687557775381383
0.05636765862528908,0.20000000000000007,0.01679761424884246
0.05636765862528908,0.22499999999999998,0.018912427006771173
0.05636765862528908,0.2500000000000001,0.021032604855169626
0.05636765862528908,0.275,0.023158761699794903
0.05636765862528908,0.30000000000000016,0.02529151714826293
0.05636765862528908,0.32500000000000007,0.027431497123644122
0.05636765862528908,0.35,0.029579334490850172
0.05636765862528908,0.3750000000000001,0.03173566969715485
0.05636765862528908,0.4,0.03390115142824251
0.05636765862528908,0.42500000000000016,0.03607643728123235
0.05636765862528908,0.45000000000000007,0.03826219445618719
0.05636765862528908,0.475,0.04045910046768288
0.05636765862528908,0.5000000000000001,0.042667843878086135
0.05636765862528908,0.525,0.04488912505426929
0.05636765862528908,0.5500000000000002,0.047123656949576924
0.05636765862528908,0.5750000000000001,0.04937216591295308
0.05636765862528908,0.6,0.05163539252724204
0.05636765862528908,0.6250000000000001,0.05391409247878516
0.05636765862528908,0.65,0.05620903746055894
0.05636765862528908,0.6750000000000002,0.05852101611122979
0.05636765862528908,0.7000000000000001,0.060850834992643196
0.05636765862528908,0.725,0.0631993196084197
0.05636765862528908,0.7500000000000001,0.06556731546649652
0.05636765862528908,0.775,0.06795568918863452
0.05636765862528908,0.8000000000000002,0.07036532967010721
0.05636765862528908,0.8250000000000001,0.07279714929299914
0.05636765862528908,0.85,0.07525208519677418
0.05636765862528908,0.8750000000000001,0.07773110061001967
0.05636765862528908,0.9,0.08023518624754773
0.0632455532033676,-0.9,-0.08381391294512745
0.0632455532033676,-0.875,-0.08116762681000998
0.0632455532033676,-0.85,-0.07855052741711654
0.0632455532033676,-0.825,-0.07596142800784121
0.0632455532033676,-0.8,-0.07339917765238271
0.0632455532033676,-0.775,-0.07086265935161389
0.0632455532033676,-0.75,-0.06835078823454535
0.0632455532033676,-0.725,-0.06586250984496429
0.0632455532033676,-0.7,-0.06339679851127383
0.0632455532033676,-0.675,-0.06095265579396726
0.0632455532033676,-0.65,-0.0585291090055446
0.0632455532033676,-0.625,-0.0561252097980245
0.0632455532033676,-0.6,-0.05374003281351969
0.0632455532033676,-0.575,-0.05137267439363598
0.0632455532033676,-0.55,-0.04902225134372102
0.0632455532033676,-0.525,-0.04668789974823518
0.0632455532033676,-0.5,-0.0443687738337431
0.0632455532033676,-0.475,-0.042064044876231416
0.0632455532033676,-0.45,-0.039772900149649425
0.0632455532033676,-0.425,-0.03749454191274469
0.0632455532033676,-0.4,-0.0352281864314262
0.0632455532033676,-0.375,-0.03297306303403559
0.0632455532033676,-0.35,-0.03072841319704148
0.0632455532033676,-0.32499999999999996,-0.028493489658796754
0.0632455532033676,-0.29999999999999993,-0.026267555559110176
0.0632455532033676,-0.275,-0.024049883602487693
0.0632455532033676,-0.25,-0.021839755242991775
0.0632455532033676,-0.22499999999999998,-0.019636459888752147
0.0632455532033676,-0.19999999999999996,-0.01743929412423729
0.0632455532033676,-0.17499999999999993,-0.015247560948465022
0.0632455532033676,-0.15000000000000002,-0.013060569027391389
0.0632455532033676,-0.125,-0.010877631958770938
0.0632455532033676,-0.09999999999999998,-0.00869806754782949
0.0632455532033676,-0.07499999999999996,-0.006521197092130058
0.0632455532033676,-0.04999999999999993,-0.004346344674048337
0.0632455532033676,-0.025000000000000022,-0.0021728364593018934
0.0632455532033676,0.0,-0.0
0.0632455532033676,0.025000000000000022,0.002172836459301886
0.0632455532033676,0.050000000000000044,0.004346344674048354
0.0632455532033676,0.07500000000000007,0.006521197092130078
0.0632455532033676,0.09999999999999998,0.00869806754782949
0.0632455532033676,0.1250000000000001,0.010877631958770957
0.0632455532033676,0.15000000000000002,0.013060569027391389
0.0632455532033676,0.17499999999999993,0.015247560948465032
0.0632455532033676,0.20000000000000007,0.017439294124237295
0.0632455532033676,0.22499999999999998,0.019636459888752143
0.0632455532033676,0.2500000000000001,0.021839755242991785
0.0632455532033676,0.275,0.024049883602487693
0.0632455532033676,0.30000000000000016,0.02626755555911021
0.0632455532033676,0.32500000000000007,0.028493489658796767
0.0632455532033676,0.35,0.030728413197041483
0.0632455532033676,0.3750000000000001,0.0329730630340356
0.0632455532033676,0.4,0.035228186431426216
0.0632455532033676,0.42500000000000016,0.037494541912744705
0.0632455532033676,0.45000000000000007,0.039772900149649425
0.0632455532033676,0.475,0.04206404487623143
0.0632455532033676,0.5000000000000001,0.04436877383374311
0.0632455532033676,0.525,0.046687899748235166
0.0632455532033676,0.5500000000000002,0.04902225134372101
0.0632455532033676,0.5750000000000001,0.05137267439363599
0.0632455532033676,0.6,0.05374003281351969
0.0632455532033676,0.6250000000000001,0.056125209798024524
0.0632455532033676,0.65,0.05852910900554462
0.0632455532033676,0.6750000000000002,0.06095265579396728
0.0632455532033676,0.7000000000000001,0.06339679851127383
0.0632455532033676,0.725,0.0658625098449643
0.0632455532033676,0.7500000000000001,0.0683507882345454
0.0632455532033676,0.775,0.07086265935161394
0.0632455532033676,0.8000000000000002,0.07339917765238274
0.0632455532033676,0.8250000000000001,0.07596142800784127
0.0632455532033676,0.85,0.07855052741711659
0.0632455532033676,0.8750000000000001,0.08116762681001001
0.0632455532033676,0.9,0.08381391294512745
0.0709626778467151,-0.9,-0.08742348502472559
0.0709626778467151,-0.875,-0.0846285837505874
0.0709626778467151,-0.85,-0.08186758101532847
0.0709626778467151,-0.825,-0.07913905640485587
0.0709626778467151,-0.8,-0.07644163606699816
0.0709626778467151,-0.775,-0.07377399013691276
0.0709626778467151,-0.75,-0.0711348303017959
0.0709626778467151,-0.725,-0.06852290749506462
0.0709626778467151,-0.7,-0.06593700971090506
0.0709626778467151,-0.675,-0.06337595993074645
0.0709626778467151,-0.65,-0.06083861415382625
0.0709626778467151,-0.625,-0.0583238595245664
0.0709626778467151,-0.6,-0.055830612549987384
0.0709626778467151,-0.575,-0.05335781740085229
0.0709626778467151,-0.55,-0.050904444290656645
0.0709626778467151,-0.525,-0.04846948792697027
0.0709626778467151,-0.5,-0.04605196602999251
0.0709626778467151,-0.475,-0.043650917913509286
0.0709626778467151,-0.45,-0.04126540312373907
0.0709626778467151,-0.425,-0.038894500131827554
0.0709626778467151,-0.4,-0.03653730507600228
0.0709626778467151,-0.375,-0.03419293054962543
0.0709626778467151,-0.35,-0.03186050443159352
0.0709626778467151,-0.32499999999999996,-0.029539168755721764
0.0709626778467151,-0.29999999999999993,-0.027228078615925248
0.0709626778467151,-0.275,-0.02492640110416642
0.0709626778467151,-0.25,-0.022633314278281108
0.0709626778467151,-0.22499999999999998,-0.020348006156924493
0.0709626778467151,-0.19999999999999996,-0.018069673738995075
0.0709626778467151,-0.17499999999999993,-0.015797522044997972
0.0709626778467151,-0.15000000000000002,-0.01353076317790196
0.0709626778467151,-0.125,-0.011268615401126498
0.0709626778467151,-0.09999999999999998,-0.009010302231366056
0.0709626778467151,-0.07499999999999996,-0.006755051544020489
0.0709626778467151,-0.04999999999999993,-0.0045020946890528225
0.0709626778467151,-0.025000000000000022,-0.0022506656151379304
0.0709626778467151,0.0,-0.0
0.0709626778467151,0.025000000000000022,0.0022506656151379304
0.0709626778467151,0.050000000000000044,0.00450209468905284
0.0709626778467151,0.07500000000000007,0.006755051544020506
0.0709626778467151,0.09999999999999998,0.009010302231366049
0.0709626778467151,0.1250000000000001,0.011268615401126522
0.0709626778467151,0.15000000000000002,0.013530763177901958
0.0709626778467151,0.17499999999999993,0.01579752204499796
0.0709626778467151,0.20000000000000007,0.018069673738995092
0.0709626778467151,0.22499999999999998,0.020348006156924482
0.0709626778467151,0.2500000000000001,0.022633314278281122
0.0709626778467151,0.275,0.024926401104166423
0.0709626778467151,0.30000000000000016,0.02722807861592527
0.0709626778467151,0.32500000000000007,0.029539168755721767
0.0709626778467151,0.35,0.03186050443159352
0.0709626778467151,0.3750000000000001,0.03419293054962546
0.0709626778467151,0.4,0.03653730507600228
0.0709626778467151,0.42500000000000016,0.038894500131827575
0.0709626778467151,0.45000000000000007,0.04126540312373906
0.0709626778467151,0.475,0.04365091791350931
0.0709626778467151,0.5000000000000001,0.04605196602999251
0.0709626778467151,0.525,0.04846948792697029
0.0709626778467151,0.5500000000000002,0.050904444290656665
0.0709626778467151,0.5750000000000001,0.05335781740085228
0.0709626778467151,0.6,0.0558306125499874
0.0709626778467151,0.6250000000000001,0.058323859524566424
0.0709626778467151,0.65,0.06083861415382624
0.0709626778467151,0.6750000000000002,0.06337595993074645
0.0709626778467151,0.7000000000000001,0.0659370097109051
0.0709626778467151,0.725,0.06852290749506465
0.0709626778467151,0.7500000000000001,0.0711348303017959
0.0709626778467151,0.775,0.07377399013691278
0.0709626778467151,0.8000000000000002,0.07644163606699822
0.0709626778467151,0.8250000000000001,0.07913905640485591
0.0709626778467151,0.85,0.08186758101532846
0.0709626778467151,0.8750000000000001,0.08462858375058743
0.0709626778467151,0.9,0.0874234850247256
0.07962143411069948,-0.9,-0.09104260149675157
0.07962143411069948,-0.875,-0.08809283636583891
0.07962143411069948,-0.85,-0.085182339102763
0.07962143411069948,-0.825,-0.08230941158553542
0.07962143411069948,-0.8,-0.07947241599610382
0.07962143411069948,-0.775,-0.0766697713359014
0.07962143411069948,-0.75,-0.07389995014352962
0.07962143411069948,-0.725,-0.07116147539956937
0.07962143411069948,-0.7,-0.0684529176046994
0.07962143411069948,-0.675,-0.06577289201837289
0.07962143411069948,-0.65,-0.06312005604627895
0.07962143411069948,-0.625,-0.06049310676570431
0.07962143411069948,-0.6,-0.057890778578718695
0.07962143411069948,-0.575,-0.05531184098384359
0.07962143411069948,-0.55,-0.0527550964575359
0.07962143411069948,-0.525,-0.05021937843742913
0.07962143411069948,-0.5,-0.04770354939983335
0.07962143411069948,-0.475,-0.045206499024502834
0.07962143411069948,-0.45,-0.042727142440146006
0.07962143411069948,-0.425,-0.040264418544573806
0.07962143411069948,-0.4,-0.037817288393768876
0.07962143411069948,-0.375,-0.03538473365450936
0.07962143411069948,-0.35,-0.03296575511550087
0.07962143411069948,-0.32499999999999996,-0.030559371252260464
0.07962143411069948,-0.29999999999999993,-0.028164616841260898
0.07962143411069948,-0.275,-0.025780541619082806
0.07962143411069948,-0.25,-0.023406208982537813
0.07962143411069948,-0.22499999999999998,-0.02104069472592175
0.07962143411069948,-0.19999999999999996,-0.018683085811731077
0.07962143411069948,-0.17499999999999993,-0.016332479171332587
0.07962143411069948,-0.15000000000000002,-0.013987980532215198
0.07962143411069948,-0.125,-0.01164870326857483
0.07962143411069948,-0.09999999999999998,-0.009313767272090427
0.07962143411069948,-0.07499999999999996,-0.006982297839840427
0.07962143411069948,-0.04999999999999993,-0.004653424576387281
0.07962143411069948,-0.025000000000000022,-0.0023262803071204515
0.07962143411069948,0.0,-0.0
0.07962143411069948,0.025000000000000022,0.002326280307120454
0.07962143411069948,0.050000000000000044,0.004653424576387289
0.07962143411069948,0.07500000000000007,0.006982297839840449
0.07962143411069948,0.09999999999999998,0.009313767272090422
0.07962143411069948,0.1250000000000001,0.011648703268574846
0.07962143411069948,0.15000000000000002,0.013987980532215205
0.07962143411069948,0.17499999999999993,0.016332479171332587
0.07962143411069948,0.20000000000000007,0.018683085811731094
0.07962143411069948,0.22499999999999998,0.021040694725921755
0.07962143411069948,0.2500000000000001,0.023406208982537816
0.07962143411069948,0.275,0.025780541619082813
0.07962143411069948,0.30000000000000016,0.028164616841260932
0.07962143411069948,0.32500000000000007,0.030559371252260475
0.07962143411069948,0.35,0.032965755115500886
0.07962143411069948,0.3750000000000001,0.03538473365450937
0.07962143411069948,0.4,0.037817288393768876
0.07962143411069948,0.42500000000000016,0.04026441854457383
0.07962143411069948,0.45000000000000007,0.042727142440146006
0.07962143411069948,0.475,0.045206499024502834
0.07962143411069948,0.5000000000000001,0.04770354939983337
0.07962143411069948,0.525,0.05021937843742915
0.07962143411069948,0.5500000000000002,0.052755096457535906
0.07962143411069948,0.5750000000000001,0.05531184098384361
0.07962143411069948,0.6,0.057890778578718695
0.07962143411069948,0.6250000000000001,0.06049310676570433
0.07962143411069948,0.65,0.06312005604627893
0.07962143411069948,0.6750000000000002,0.06577289201837293
0.07962143411069948,0.7000000000000001,0.06845291760469943
0.07962143411069948,0.725,0.0711614753995694
0.07962143411069948,0.7500000000000001,0.07389995014352968
0.07962143411069948,0.775,0.07666977133590142
0.07962143411069948,0.8000000000000002,0.07947241599610382
0.07962143411069948,0.8250000000000001,0.08230941158553544
0.07962143411069948,0.85,0.085182339102763
0.07962143411069948,0.8750000000000001,0.08809283636583895
0.07962143411069948,0.9,0.09104260149675157
0.08933671843019261,-0.9,-0.09464703802049196
0.08933671843019261,-0.875,-0.09153645428941397
0.08933671843019261,-0.85,-0.08847122710000915
0.08933671843019261,-0.825,-0.08544932938430591
0.08933671843019261,-0.8,-0.08246881187729942
0.08933671843019261,-0.775,-0.07952779841434546
0.08933671843019261,-0.75,-0.07662448152043298
0.08933671843019261,-0.725,-0.0737571182685393
0.08933671843019261,-0.7,-0.07092402638618191
0.08933671843019261,-0.675,-0.06812358059100419
0.08933671843019261,-0.65,-0.06535420913779395
0.08933671843019261,-0.625,-0.06261439056074433
0.08933671843019261,-0.6,-0.059902650596047
0.08933671843019261,-0.575,-0.057217559271065886
0.08933671843019261,-0.55,-0.05455772814739286
0.08933671843019261,-0.525,-0.051921807706039325
0.08933671843019261,-0.5,-0.04930848486388549
0.08933671843019261,-0.475,-0.04671648061129533
0.08933671843019261,-0.45,-0.04414454776151908
0.08933671843019261,-0.425,-0.041591468803154834
0.08933671843019261,-0.4,-0.039056053847529484
0.08933671843019261,-0.375,-0.03653713866339381
0.08933671843019261,-0.35,-0.03403358279181203
0.08933671843019261,-0.32499999999999996,-0.0315442677345651
0.08933671843019261,-0.29999999999999993,-0.029068095209785098
0.08933671843019261,-0.275,-0.026603985468897376
0.08933671843019261,-0.25,-0.024150875669270863
0.08933671843019261,-0.22499999999999998,-0.021707718297268683
0.08933671843019261,-0.19999999999999996,-0.019273479636651346
0.08933671843019261,-0.17499999999999993,-0.01684713827751759
0.08933671843019261,-0.15000000000000002,-0.014427683661174383
0.08933671843019261,-0.125,-0.012014114656507884
0.08933671843019261,-0.09999999999999998,-0.009605438163585781
0.08933671843019261,-0.07499999999999996,-0.007200667740356281
0.08933671843019261,-0.04999999999999993,-0.004798822248423664
0.08933671843019261,-0.025000000000000022,-0.002398924513974116
0.08933671843019261,0.0,-2.4532694666933983e-18
0.08933671843019261,0.025000000000000022,0.0023989245139741234
0.08933671843019261,0.050000000000000044,0.004798822248423676
0.08933671843019261,0.07500000000000007,0.00720066774035629
0.08933671843019261,0.09999999999999998,0.00960543816358579
0.08933671843019261,0.1250000000000001,0.012014114656507896
0.08933671843019261,0.15000000000000002,0.014427683661174388
0.08933671843019261,0.17499999999999993,0.01684713827751759
0.08933671843019261,0.20000000000000007,0.01927347963665136
0.08933671843019261,0.22499999999999998,0.021707718297268693
0.08933671843019261,0.2500000000000001,0.02415087566927087
0.08933671843019261,0.275,0.02660398546889738
0.08933671843019261,0.30000000000000016,0.029068095209785132
0.08933671843019261,0.32500000000000007,0.0315442677345651
0.08933671843019261,0.35,0.03403358279181203
0.08933671843019261,0.3750000000000001,0.03653713866339382
0.08933671843019261,0.4,0.039056053847529484
0.08933671843019261,0.42500000000000016,0.04159146880315486
0.08933671843019261,0.45000000000000007,0.04414454776151908
0.08933671843019261,0.475,0.04671648061129533
0.08933671843019261,0.5000000000000001,0.0493084848638855
0.08933671843019261,0.525,0.051921807706039325
0.08933671843019261,0.5500000000000002,0.054557728147392896
0.08933671843019261,0.5750000000000001,0.05721755927106591
0.08933671843019261,0.6,0.05990265059604699
0.08933671843019261,0.6250000000000001,0.06261439056074436
0.08933671843019261,0.65,0.06535420913779398
0.08933671843019261,0.6750000000000002,0.06812358059100422
0.08933671843019261,0.7000000000000001,0.07092402638618192
0.08933671843019261,0.725,0.07375711826853933
0.08933671843019261,0.7500000000000001,0.07662448152043301
0.08933671843019261,0.775,0.07952779841434547
0.08933671843019261,0.8000000000000002,0.08246881187729944
0.08933671843019261,0.8250000000000001,0.08544932938430592
0.08933671843019261,0.85,0.08847122710000915
0.08933671843019261,0.8750000000000001,0.09153645428941401
0.08933671843019261,0.9,0.094647038020492
0.10023744672545448,-0.9,-0.09820969862671274
0.10023744672545448,-0.875,-0.09493278687782195
0.10023744672545448,-0.85,-0.09170809871564964
0.10023744672545448,-0.825,-0.08853321901575198
0.10023744672545448,-0.8,-0.08540583260462932
0.10023744672545448,-0.775,-0.08232371793510769
0.10023744672545448,-0.75,-0.07928474118087492
0.10023744672545448,-0.725,-0.07628685071572074
0.10023744672545448,-0.7,-0.07332807194609255
0.10023744672545448,-0.675,-0.07040650246833106
0.10023744672545448,-0.65,-0.06752030752442383
0.10023744672545448,-0.625,-0.06466771573234413
0.10023744672545448,-0.6,-0.06184701506904901
0.10023744672545448,-0.575,-0.05905654908602126
0.10023744672545448,-0.55,-0.056294713338874154
0.10023744672545448,-0.525,-0.05355995201401235
0.10023744672545448,-0.5,-0.050850754736676544
0.10023744672545448,-0.475,-0.0481656535459034
0.10023744672545448,-0.45,-0.04550322002302308
0.10023744672545448,-0.425,-0.04286206256130089
0.10023744672545448,-0.4,-0.0402408237652217
0.10023744672545448,-0.375,-0.03763817796872067
0.10023744672545448,-0.35,-0.035052828862392596
0.10023744672545448,-0.32499999999999996,-0.032483507220368565
0.10023744672545448,-0.29999999999999993,-0.029928968718142896
0.10023744672545448,-0.275,-0.027387991833166172
0.10023744672545448,-0.25,-0.02485937582050083
0.10023744672545448,-0.22499999999999998,-0.02234193875626591
0.10023744672545448,-0.19999999999999996,-0.01983451564198143
0.10023744672545448,-0.17499999999999993,-0.017335956563265087
0.10023744672545448,-0.15000000000000002,-0.014845124896636175
0.10023744672545448,-0.125,-0.012360895558445937
0.10023744672545448,-0.09999999999999998,-0.009882153290185488
0.10023744672545448,-0.07499999999999996,-0.007407790974618296
0.10023744672545448,-0.04999999999999993,-0.00493670797735223
0.10023744672545448,-0.025000000000000022,-0.0024678085086018487
0.10023744672545448,0.0,-0.0
0.10023744672545448,0.025000000000000022,0.002467808508601851
0.10023744672545448,0.050000000000000044,0.004936707977352247
0.10023744672545448,0.07500000000000007,0.007407790974618318
0.10023744672545448,0.09999999999999998,0.009882153290185493
0.10023744672545448,0.1250000000000001,0.012360895558445948
0.10023744672545448,0.15000000000000002,0.01484512489663616
0.10023744672545448,0.17499999999999993,0.017335956563265094
0.10023744672545448,0.20000000000000007,0.019834515641981437
0.10023744672545448,0.22499999999999998,0.022341938756265913
0.10023744672545448,0.2500000000000001,0.024859375820500854
0.10023744672545448,0.275,0.027387991833166172
0.10023744672545448,0.30000000000000016,0.029928968718142924
0.10023744672545448,0.32500000000000007,0.03248350722036857
0.10023744672545448,0.35,0.03505282886239258
0.10023744672545448,0.3750000000000001,0.03763817796872067
0.10023744672545448,0.4,0.04024082376522168
0.10023744672545448,0.42500000000000016,0.04286206256130091
0.10023744672545448,0.45000000000000007,0.045503220023023094
0.10023744672545448,0.475,0.048165653545903415
0.10023744672545448,0.5000000000000001,0.050850754736676544
0.10023744672545448,0.525,0.05355995201401235
0.10023744672545448,0.5500000000000002,0.056294713338874154
0.10023744672545448,0.5750000000000001,0.05905654908602127
0.10023744672545448,0.6,0.06184701506904901
0.10023744672545448,0.6250000000000001,0.06466771573234417
0.10023744672545448,0.65,0.06752030752442385
0.10023744672545448,0.6750000000000002,0.0704065024683311
0.10023744672545448,0.7000000000000001,0.07332807194609259
0.10023744672545448,0.725,0.07628685071572076
0.10023744672545448,0.7500000000000001,0.07928474118087496
0.10023744672545448,0.775,0.08232371793510769
0.10023744672545448,0.8000000000000002,0.08540583260462935
0.10023744672545448,0.8250000000000001,0.08853321901575201
0.10023744672545448,0.85,0.09170809871564968
0.10023744672545448,0.8750000000000001,0.09493278687782195
0.10023744672545448,0.9,0.09820969862671279
0.11246826503806984,-0.9,-0.10170077525185939
0.11246826503806984,-0.875,-0.09825264603832749
0.11246826503806984,-0.85,-0.0948644391529649
0.11246826503806984,-0.825,-0.0915332838692832
0.11246826503806984,-0.8,-0.08825643725412138
0.11246826503806984,-0.775,-0.08503127569704161
0.11246826503806984,-0.75,-0.08185528703793127
0.11246826503806984,-0.725,-0.0787260632410674
0.11246826503806984,-0.7,-0.07564129356877855
0.11246826503806984,-0.675,-0.072598758212192
0.11246826503806984,-0.65,-0.06959632234044906
0.11246826503806984,-0.625,-0.06663193053325515
0.11246826503806984,-0.6,-0.06370360156475442
0.11246826503806984,-0.575,-0.06080942350951892
0.11246826503806984,-0.55,-0.05794754914395733
0.11246826503806984,-0.525,-0.05511619161870611
0.11246826503806984,-0.5,-0.052313620379598115
0.11246826503806984,-0.475,-0.049538157316630346
0.11246826503806984,-0.45,-0.04678817312199739
0.11246826503806984,-0.425,-0.04406208383973764
0.11246826503806984,-0.4,-0.04135834759087363
0.11246826503806984,-0.375,-0.03867546145912734
0.11246826503806984,-0.35,-0.036011958523373015
0.11246826503806984,-0.32499999999999996,-0.03336640502396196
0.11246826503806984,-0.29999999999999993,-0.03073739765092773
0.11246826503806984,-0.275,-0.028123560942864573
0.11246826503806984,-0.25,-0.025523544785974673
0.11246826503806984,-0.22499999999999998,-0.022936022003407972
0.11246826503806984,-0.19999999999999996,-0.02035968602557742
0.11246826503806984,-0.17499999999999993,-0.01779324863262926
0.11246826503806984,-0.15000000000000002,-0.015235437760685198
0.11246826503806984,-0.125,-0.012684995363856928
0.11246826503806984,-0.09999999999999998,-0.010140675324365819
0.11246826503806984,-0.07499999999999996,-0.007601241403385069
0.11246826503806984,-0.04999999999999993,-0.005065465225461173
0.11246826503806984,-0.025000000000000022,-0.0025321242895677914
0.11246826503806984,0.0,-4.906538933386797e-18
0.11246826503806984,0.025000000000000022,0.0025321242895677935
0.11246826503806984,0.050000000000000044,0.00506546522546119
0.11246826503806984,0.07500000000000007,0.007601241403385084
0.11246826503806984,0.09999999999999998,0.010140675324365814
0.11246826503806984,0.1250000000000001,0.012684995363856942
0.11246826503806984,0.15000000000000002,0.015235437760685202
0.11246826503806984,0.17499999999999993,0.017793248632629266
0.11246826503806984,0.20000000000000007,0.020359686025577427
0.11246826503806984,0.22499999999999998,0.022936022003407965
0.11246826503806984,0.2500000000000001,0.025523544785974683
0.11246826503806984,0.275,0.028123560942864573
0.11246826503806984,0.30000000000000016,0.03073739765092777
0.11246826503806984,0.32500000000000007,0.03336640502396197
0.11246826503806984,0.35,0.036011958523373015
0.11246826503806984,0.3750000000000001,0.03867546145912735
0.11246826503806984,0.4,0.041358347590873645
0.11246826503806984,0.42500000000000016,0.044062083839737656
0.11246826503806984,0.45000000000000007,0.04678817312199741
0.11246826503806984,0.475,0.04953815731663037
0.11246826503806984,0.5000000000000001,0.05231362037959813
0.11246826503806984,0.525,0.055116191618706095
0.11246826503806984,0.5500000000000002,0.05794754914395734
0.11246826503806984,0.5750000000000001,0.060809423509518984
0.11246826503806984,0.6,0.06370360156475445
0.11246826503806984,0.6250000000000001,0.06663193053325521
0.11246826503806984,0.65,0.06959632234044907
0.11246826503806984,0.6750000000000002,0.07259875821219203
0.11246826503806984,0.7000000000000001,0.07564129356877858
0.11246826503806984,0.725,0.07872606324106744
0.11246826503806984,0.7500000000000001,0.08185528703793132
0.11246826503806984,0.775,0.08503127569704165
0.11246826503806984,0.8000000000000002,0.08825643725412138
0.11246826503806984,0.8250000000000001,0.09153328386928324
0.11246826503806984,0.85,0.0948644391529649
0.11246826503806984,0.8750000000000001,0.09825264603832753
0.11246826503806984,0.9,0.10170077525185944
0.1261914688960387,-0.9,-0.10508803220890371
0.1261914688960387,-0.875,-0.10146461248841265
0.1261914688960387,-0.85,-0.09790968968814365
0.1261914688960387,-0.825,-0.0944198611426657
0.1261914688960387,-0.8,-0.0909918867180067
0.1261914688960387,-0.775,-0.08762267752267752
0.1261914688960387,-0.75,-0.08430928546652221
0.1261914688960387,-0.725,-0.08104889359024015
0.1261914688960387,-0.7,-0.07783880709611986
0.1261914688960387,-0.675,-0.07467644501735433
0.1261914688960387,-0.65,-0.07155933246937474
0.1261914688960387,-0.625,-0.06848509343203733
0.1261914688960387,-0.6,-0.06545144401630787
0.1261914688960387,-0.575,-0.06245618617337665
0.1261914688960387,-0.55,-0.0594972018079657
0.1261914688960387,-0.525,-0.05657244726101243
0.1261914688960387,-0.5,-0.05367994812997596
0.1261914688960387,-0.475,-0.05081779439775082
0.1261914688960387,-0.45,-0.047984135843629726
0.1261914688960387,-0.425,-0.04517717771195579
0.1261914688960387,-0.4,-0.042395176616077015
0.1261914688960387,-0.375,-0.03963643665698516
0.1261914688960387,-0.35,-0.036899305737605664
0.1261914688960387,-0.32499999999999996,-0.034182172055126345
0.1261914688960387,-0.29999999999999993,-0.03148346075502521
0.1261914688960387,-0.275,-0.0288016307315948
0.1261914688960387,-0.25,-0.026135171560777846
0.1261914688960387,-0.22499999999999998,-0.02348260055203327
0.1261914688960387,-0.19999999999999996,-0.020842459906756233
0.1261914688960387,-0.17499999999999993,-0.018213313971487222
0.1261914688960387,-0.15000000000000002,-0.015593746574770828
0.1261914688960387,-0.125,-0.01298235843707213
0.1261914688960387,-0.09999999999999998,-0.010377764643631314
0.1261914688960387,-0.07499999999999996,-0.007778592170542341
0.1261914688960387,-0.04999999999999993,-0.0051834774546804544
0.1261914688960387,-0.025000000000000022,-0.002591063998382173
0.1261914688960387,0.0,4.906538933386797e-18
0.1261914688960387,0.025000000000000022,0.0025910639983821684
0.1261914688960387,0.050000000000000044,0.005183477454680469
0.1261914688960387,0.07500000000000007,0.007778592170542346
0.1261914688960387,0.09999999999999998,0.01037776464363131
0.1261914688960387,0.1250000000000001,0.01298235843707214
0.1261914688960387,0.15000000000000002,0.015593746574770834
0.1261914688960387,0.17499999999999993,0.018213313971487215
0.1261914688960387,0.20000000000000007,0.020842459906756254
0.1261914688960387,0.22499999999999998,0.02348260055203327
0.1261914688960387,0.2500000000000001,0.02613517156077786
0.1261914688960387,0.275,0.02880163073159479
0.1261914688960387,0.30000000000000016,0.03148346075502523
0.1261914688960387,0.32500000000000007,0.03418217205512635
0.1261914688960387,0.35,0.03689930573760566
0.1261914688960387,0.3750000000000001,0.039636436656985165
0.1261914688960387,0.4,0.04239517661607701
0.1261914688960387,0.42500000000000016,0.04517717771195583
0.1261914688960387,0.45000000000000007,0.04798413584362974
0.1261914688960387,0.475,0.05081779439775082
0.1261914688960387,0.5000000000000001,0.05367994812997598
0.1261914688960387,0.525,0.05657244726101246
0.1261914688960387,0.5500000000000002,0.05949720180796571
0.1261914688960387,0.5750000000000001,0.06245618617337669
0.1261914688960387,0.6,0.06545144401630788
0.1261914688960387,0.6250000000000001,0.06848509343203737
0.1261914688960387,0.65,0.07155933246937478
0.1261914688960387,0.6750000000000002,0.07467644501735439
0.1261914688960387,0.7000000000000001,0.07783880709611987
0.1261914688960387,0.725,0.08104889359024019
0.1261914688960387,0.7500000000000001,0.08430928546652226
0.1261914688960387,0.775,0.08762267752267754
0.1261914688960387,0.8000000000000002,0.09099188671800675
0.1261914688960387,0.8250000000000001,0.0944198611426657
0.1261914688960387,0.85,0.09790968968814372
0.1261914688960387,0.8750000000000001,0.10146461248841268
0.1261914688960387,0.9,0.10508803220890371
0.14158915687682763,-0.9,-0.1083372288663705
0.14158915687682763,-0.875,-0.10453547682457824
0.14158915687682763,-0.85,-0.10081170317663787
0.14158915687682763,-0.825,-0.09716188813722446
0.14158915687682763,-0.8,-0.09358221743497593
0.14158915687682763,-0.775,-0.0900690673529717
0.14158915687682763,-0.75,-0.08661899096156768
0.14158915687682763,-0.725,-0.08322870542947897
0.14158915687682763,-0.7,-0.07989508031102718
0.14158915687682763,-0.675,-0.07661512671807018
0.14158915687682763,-0.65,-0.07338598729448996
0.14158915687682763,-0.625,-0.07020492691938722
0.14158915687682763,-0.6,-0.06706932407245786
0.14158915687682763,-0.575,-0.06397666280152131
0.14158915687682763,-0.55,-0.06092452523793784
0.14158915687682763,-0.525,-0.05791058461077495
0.14158915687682763,-0.5,-0.05493259871514619
0.14158915687682763,-0.475,-0.051988403794204024
0.14158915687682763,-0.45,-0.04907590879789032
0.14158915687682763,-0.425,-0.04619308998477657
0.14158915687682763,-0.4,-0.04333798583620692
0.14158915687682763,-0.375,-0.040508692254529806
0.14158915687682763,-0.35,-0.037703358019500255
0.14158915687682763,-0.32499999999999996,-0.03492018047898413
0.14158915687682763,-0.29999999999999993,-0.03215740145192454
0.14158915687682763,-0.275,-0.029413303323158987
0.14158915687682763,-0.25,-0.026686205311126854
0.14158915687682763,-0.22499999999999998,-0.02397445989079414
0.14158915687682763,-0.19999999999999996,-0.02127644935526192
0.14158915687682763,-0.17499999999999993,-0.018590582500532284
0.14158915687682763,-0.15000000000000002,-0.015915291418786823
0.14158915687682763,-0.125,-0.013249028386303496
0.14158915687682763,-0.09999999999999998,-0.01059026283280126
0.14158915687682763,-0.07499999999999996,-0.007937478379569433
0.14158915687682763,-0.04999999999999993,-0.005289169934213754
0.14158915687682763,-0.025000000000000022,-0.002643840830239681
0.14158915687682763,0.0,7.359808400080195e-18
0.14158915687682763,0.025000000000000022,0.0026438408302396858
0.14158915687682763,0.050000000000000044,0.005289169934213766
0.14158915687682763,0.07500000000000007,0.007937478379569448
0.14158915687682763,0.09999999999999998,0.01059026283280126
0.14158915687682763,0.1250000000000001,0.013249028386303508
0.14158915687682763,0.15000000000000002,0.01591529141878683
0.14158915687682763,0.17499999999999993,0.018590582500532277
0.14158915687682763,0.20000000000000007,0.02127644935526194
0.14158915687682763,0.22499999999999998,0.02397445989079414
0.14158915687682763,0.2500000000000001,0.026686205311126865
0.14158915687682763,0.275,0.029413303323158977
0.14158915687682763,0.30000000000000016,0.032157401451924576
0.14158915687682763,0.32500000000000007,0.03492018047898415
0.14158915687682763,0.35,0.03770335801950025
0.14158915687682763,0.3750000000000001,0.04050869225452983
0.14158915687682763,0.4,0.043337985836206926
0.14158915687682763,0.42500000000000016,0.04619308998477659
0.14158915687682763,0.45000000000000007,0.04907590879789031
0.14158915687682763,0.475,0.05198840379420403
0.14158915687682763,0.5000000000000001,0.05493259871514621
0.14158915687682763,0.525,0.05791058461077497
0.14158915687682763,0.5500000000000002,0.06092452523793787
0.14158915687682763,0.5750000000000001,0.06397666280152138
0.14158915687682763,0.6,0.06706932407245786
0.14158915687682763,0.6250000000000001,0.07020492691938728
0.14158915687682763,0.65,0.07338598729448997
0.14158915687682763,0.6750000000000002,0.0766151267180702
0.14158915687682763,0.7000000000000001,0.07989508031102718
0.14158915687682763,0.725,0.08322870542947898
0.14158915687682763,0.7500000000000001,0.0866189909615677
0.14158915687682763,0.775,0.0900690673529717
0.14158915687682763,0.8000000000000002,0.09358221743497597
0.14158915687682763,0.8250000000000001,0.09716188813722448
0.14158915687682763,0.85,0.10081170317663787
0.14158915687682763,0.8750000000000001,0.10453547682457828
0.14158915687682763,0.9,0.1083372288663705
0.15886564694485633,-0.9,-0.11141268767217773
0.15886564694485633,-0.875,-0.10743082031128334
0.15886564694485633,-0.85,-0.10353733331791534
0.15886564694485633,-0.825,-0.09972749611947965
0.15886564694485633,-0.8,-0.09599683635661466
0.15886564694485633,-0.775,-0.09234112018809718
0.15886564694485633,-0.75,-0.08875633425838668
0.15886564694485633,-0.725,-0.08523866916059508
0.15886564694485633,-0.7,-0.08178450424626187
0.15886564694485633,-0.675,-0.07839039364958267
0.15886564694485633,-0.65,-0.07505305340801088
0.15886564694485633,-0.625,-0.07176934957368356
0.15886564694485633,-0.6,-0.06853628722115326
0.15886564694485633,-0.575,-0.06535100026662545
0.15886564694485633,-0.55,-0.062210742022479476
0.15886564694485633,-0.525,-0.059112876418431326
0.15886564694485633,-0.5,-0.05605486982740456
0.15886564694485633,-0.475,-0.053034283440118755
0.15886564694485633,-0.45,-0.0500487661376741
0.15886564694485633,-0.425,-0.04709604781608901
0.15886564694485633,-0.4,-0.044173933120901655
0.15886564694485633,-0.375,-0.041280295553638095
0.15886564694485633,-0.35,-0.03841307191523123
0.15886564694485633,-0.32499999999999996,-0.03557025705439128
0.15886564694485633,-0.29999999999999993,-0.03274989889152041
0.15886564694485633,-0.275,-0.029950093691064526
0.15886564694485633,-0.25,-0.027168981557235832
0.15886564694485633,-0.22499999999999998,-0.024404742129846124
0.15886564694485633,-0.19999999999999996,-0.02165559045858387
0.15886564694485633,-0.17499999999999993,-0.01891977303547171
0.15886564694485633,-0.15000000000000002,-0.016195563966467447
0.15886564694485633,-0.125,-0.01348126126423922
0.15886564694485633,-0.09999999999999998,-0.01077518324506544
0.15886564694485633,-0.07499999999999996,-0.00807566501359253
0.15886564694485633,-0.04999999999999993,-0.005381055019839582
0.15886564694485633,-0.025000000000000022,-0.002689711673373538
0.15886564694485633,0.0,-7.359808400080195e-18
0.15886564694485633,0.025000000000000022,0.0026897116733735453
0.15886564694485633,0.050000000000000044,0.005381055019839605
0.15886564694485633,0.07500000000000007,0.008075665013592545
0.15886564694485633,0.09999999999999998,0.010775183245065444
0.15886564694485633,0.1250000000000001,0.013481261264239229
0.15886564694485633,0.15000000000000002,0.016195563966467444
0.15886564694485633,0.17499999999999993,0.01891977303547171
0.15886564694485633,0.20000000000000007,0.021655590458583885
0.15886564694485633,0.22499999999999998,0.024404742129846124
0.15886564694485633,0.2500000000000001,0.02716898155723584
0.15886564694485633,0.275,0.029950093691064515
0.15886564694485633,0.30000000000000016,0.03274989889152045
0.15886564694485633,0.32500000000000007,0.035570257054391284
0.15886564694485633,0.35,0.03841307191523124
0.15886564694485633,0.3750000000000001,0.041280295553638116
0.15886564694485633,0.4,0.04417393312090166
0.15886564694485633,0.42500000000000016,0.04709604781608901
0.15886564694485633,0.45000000000000007,0.0500487661376741
0.15886564694485633,0.475,0.05303428344011877
0.15886564694485633,0.5000000000000001,0.05605486982740461
0.15886564694485633,0.525,0.05911287641843134
0.15886564694485633,0.5500000000000002,0.06221074202247954
0.15886564694485633,0.5750000000000001,0.0653510002666255
0.15886564694485633,0.6,0.06853628722115328
0.15886564694485633,0.6250000000000001,0.07176934957368361
0.15886564694485633,0.65,0.07505305340801088
0.15886564694485633,0.6750000000000002,0.0783903936495827
0.15886564694485633,0.7000000000000001,0.08178450424626188
0.15886564694485633,0.725,0.08523866916059512
0.15886564694485633,0.7500000000000001,0.08875633425838672
0.15886564694485633,0.775,0.0923411201880972
0.15886564694485633,0.8000000000000002,0.0959968363566147
0.15886564694485633,0.8250000000000001,0.0997274961194797
0.15886564694485633,0.85,0.10353733331791536
0.15886564694485633,0.8750000000000001,0.10743082031128341
0.15886564694485633,0.9,0.11141268767217777
0.17825018762674916,-0.9,-0.11427800620697032
0.17825018762674916,-0.875,-0.1101157316524087
0.17825018762674916,-0.85,-0.10605315174671319
0.17825018762674916,-0.825,-0.10208472385223795
0.17825018762674916,-0.8,-0.09820522751455801
0.17825018762674916,-0.775,-0.09440973872139849
0.17825018762674916,-0.75,-0.09069360645837707
0.17825018762674916,-0.725,-0.08705243131903502
0.17825018762674916,-0.7,-0.08348204595502197
0.17825018762674916,-0.675,-0.07997849717697364
0.17825018762674916,-0.65,-0.07653802953810875
0.17825018762674916,-0.625,-0.07315707025132218
0.17825018762674916,-0.6,-0.06983221530694342
0.17825018762674916,-0.575,-0.06656021667268362
0.17825018762674916,-0.55,-0.06333797046988905
0.17825018762674916,-0.525,-0.06016250603128209
0.17825018762674916,-0.5,-0.05703097575510807
0.17825018762674916,-0.475,-0.05394064567918263
0.17825018762674916,-0.45,-0.05088888670590345
0.17825018762674916,-0.425,-0.0478731664159719
0.17825018762674916,-0.4,-0.04489104141447673
0.17825018762674916,-0.375,-0.04194015015821692
0.17825018762674916,-0.35,-0.039018206217763585
0.17825018762674916,-0.32499999999999996,-0.036122991931852366
0.17825018762674916,-0.29999999999999993,-0.03325235241531904
0.17825018762674916,-0.275,-0.030404189884993115
0.17825018762674916,-0.25,-0.0275764582707937
0.17825018762674916,-0.22499999999999998,-0.024767158081768385
0.17825018762674916,-0.19999999999999996,-0.02197433149901071
0.17825018762674916,-0.17499999999999993,-0.019196057669319488
0.17825018762674916,-0.15000000000000002,-0.016430448175143053
0.17825018762674916,-0.125,-0.013675642657810521
0.17825018762674916,-0.09999999999999998,-0.010929804572305676
0.17825018762674916,-0.07499999999999996,-0.008191117052904425
0.17825018762674916,-0.04999999999999993,-0.005457778869886758
0.17825018762674916,-0.025000000000000022,-0.0027280004582599694
0.17825018762674916,0.0,2.4532694666933983e-18
0.17825018762674916,0.025000000000000022,0.0027280004582599746
0.17825018762674916,0.050000000000000044,0.005457778869886773
0.17825018762674916,0.07500000000000007,0.008191117052904442
0.17825018762674916,0.09999999999999998,0.010929804572305676
0.17825018762674916,0.1250000000000001,0.01367564265781054
0.17825018762674916,0.15000000000000002,0.01643044817514306
0.17825018762674916,0.17499999999999993,0.01919605766931948
0.17825018762674916,0.20000000000000007,0.02197433149901071
0.17825018762674916,0.22499999999999998,0.02476715808176838
0.17825018762674916,0.2500000000000001,0.027576458270793722
0.17825018762674916,0.275,0.030404189884993115
0.17825018762674916,0.30000000000000016,0.03325235241531908
0.17825018762674916,0.32500000000000007,0.03612299193185238
0.17825018762674916,0.35,0.039018206217763585
0.17825018762674916,0.3750000000000001,0.041940150158216956
0.17825018762674916,0.4,0.04489104141447673
0.17825018762674916,0.42500000000000016,0.04787316641597192
0.17825018762674916,0.45000000000000007,0.05088888670590347
0.17825018762674916,0.475,0.05394064567918263
0.17825018762674916,0.5000000000000001,0.0570309757551081
0.17825018762674916,0.525,0.06016250603128211
0.17825018762674916,0.5500000000000002,0.06333797046988904
0.17825018762674916,0.5750000000000001,0.06656021667268365
0.17825018762674916,0.6,0.06983221530694343
0.17825018762674916,0.6250000000000001,0.07315707025132222
0.17825018762674916,0.65,0.07653802953810876
0.17825018762674916,0.6750000000000002,0.07997849717697371
0.17825018762674916,0.7000000000000001,0.08348204595502201
0.17825018762674916,0.725,0.08705243131903502
0.17825018762674916,0.7500000000000001,0.0906936064583771
0.17825018762674916,0.775,0.0944097387213985
0.17825018762674916,0.8000000000000002,0.09820522751455803
0.17825018762674916,0.8250000000000001,0.10208472385223798
0.17825018762674916,0.85,0.1060531517467132
0.17825018762674916,0.8750000000000001,0.11011573165240875
0.17825018762674916,0.9,0.11427800620697032
0.20000000000000004,-0.9,-0.11689690145748395
0.20000000000000004,-0.875,-0.11255564553141688
0.20000000000000004,-0.85,-0.1083262766446718
0.20000000000000004,-0.825,-0.10420233269760003
0.20000000000000004,-0.8,-0.10017775058611551
0.20000000000000004,-0.775,-0.09624683283010187
0.20000000000000004,-0.75,-0.09240421734258253
0.20000000000000004,-0.725,-0.08864484999183175
0.20000000000000004,-0.7,-0.0849639596514022
0.20000000000000004,-0.675,-0.08135703546996532
0.20000000000000004,-0.65,-0.07781980612478974
0.20000000000000004,-0.625,-0.07434822085035375
0.20000000000000004,-0.6,-0.07093843205761569
0.20000000000000004,-0.575,-0.06758677938037981
0.20000000000000004,-0.55,-0.06428977500342319
0.20000000000000004,-0.525,-0.06104409014297337
0.20000000000000004,-0.5,-0.05784654256405571
0.20000000000000004,-0.475,-0.05469408503143513
0.20000000000000004,-0.45,-0.051583794601586644
0.20000000000000004,-0.425,-0.04851286267253859
0.20000000000000004,-0.4,-0.045478585716707286
0.20000000000000004,-0.375,-0.04247835662912748
0.20000000000000004,-0.35,-0.039509656629900025
0.20000000000000004,-0.32499999999999996,-0.03657004766533235
0.20000000000000004,-0.29999999999999993,-0.03365716525723204
0.20000000000000004,-0.275,-0.030768711754203485
0.20000000000000004,-0.25,-0.027902449942662177
0.20000000000000004,-0.22499999999999998,-0.025056196978678908
0.20000000000000004,-0.19999999999999996,-0.022227818604744938
0.20000000000000004,-0.17499999999999993,-0.019415223618154585
0.20000000000000004,-0.15000000000000002,-0.0166163585599693
0.20000000000000004,-0.125,-0.013829202595488543
0.20000000000000004,-0.09999999999999998,-0.011051762558836362
0.20000000000000004,-0.07499999999999996,-0.008282068135698815
0.20000000000000004,-0.04999999999999993,-0.005518167159437603
0.20000000000000004,-0.025000000000000022,-0.002758120996774372
0.20000000000000004,0.0,-2.4532694666933983e-18
0.20000000000000004,0.025000000000000022,0.0027581209967743794
0.20000000000000004,0.050000000000000044,0.005518167159437618
0.20000000000000004,0.07500000000000007,0.008282068135698832
0.20000000000000004,0.09999999999999998,0.011051762558836368
0.20000000000000004,0.1250000000000001,0.013829202595488553
0.20000000000000004,0.15000000000000002,0.016616358559969305
0.20000000000000004,0.17499999999999993,0.01941522361815459
0.20000000000000004,0.20000000000000007,0.022227818604744945
0.20000000000000004,0.22499999999999998,0.025056196978678908
0.20000000000000004,0.2500000000000001,0.027902449942662184
0.20000000000000004,0.275,0.030768711754203485
0.20000000000000004,0.30000000000000016,0.03365716525723207
0.20000000000000004,0.32500000000000007,0.036570047665332346
0.20000000000000004,0.35,0.03950965662990004
0.20000000000000004,0.3750000000000001,0.042478356629127495
0.20000000000000004,0.4,0.04547858571670729
0.20000000000000004,0.42500000000000016,0.04851286267253864
0.20000000000000004,0.45000000000000007,0.051583794601586686
0.20000000000000004,0.475,0.05469408503143515
0.20000000000000004,0.5000000000000001,0.05784654256405573
0.20000000000000004,0.525,0.06104409014297339
0.20000000000000004,0.5500000000000002,0.06428977500342321
0.20000000000000004,0.5750000000000001,0.06758677938037982
0.20000000000000004,0.6,0.07093843205761569
0.20000000000000004,0.6250000000000001,0.07434822085035378
0.20000000000000004,0.65,0.07781980612478978
0.20000000000000004,0.6750000000000002,0.08135703546996534
0.20000000000000004,0.7000000000000001,0.08496395965140223
0.20000000000000004,0.725,0.08864484999183175
0.20000000000000004,0.7500000000000001,0.09240421734258256
0.20000000000000004,0.775,0.09624683283010187
0.20000000000000004,0.8000000000000002,0.10017775058611555
0.20000000000000004,0.8250000000000001,0.10420233269760007
0.20000000000000004,0.85,0.10832627664467176
0.20000000000000004,0.8750000000000001,0.11255564553141692
0.20000000000000004,0.9,0.11689690145748395
0.22440369086039275,-0.9,-0.11923416261527182
0.22440369086039275,-0.875,-0.11471727712574127
0.22440369086039275,-0.85,-0.11032528536280765
0.22440369086039275,-0.825,-0.10605069442513461
0.22440369086039275,-0.8,-0.10188650156414854
0.22440369086039275,-0.775,-0.09782615130240047
0.22440369086039275,-0.75,-0.09386349679985632
0.22440369086039275,-0.725,-0.08999276497535187
0.22440369086039275,-0.7,-0.08620852495405677
0.22440369086039275,-0.675,-0.08250565946626225
0.22440369086039275,-0.65,-0.07887933886957134
0.22440369086039275,-0.625,-0.0753249975068134
0.22440369086039275,-0.6,-0.07183831214672082
0.22440369086039275,-0.575,-0.06841518228441887
0.22440369086039275,-0.55,-0.06505171210478149
0.22440369086039275,-0.525,-0.0617441939342791
0.22440369086039275,-0.5,-0.05848909302657754
0.22440369086039275,-0.475,-0.055283033544252944
0.22440369086039275,-0.45,-0.05212278561391626
0.22440369086039275,-0.425,-0.04900525334508743
0.22440369086039275,-0.4,-0.04592746371457803
0.22440369086039275,-0.375,-0.04288655622814268
0.22440369086039275,-0.35,-0.039879773279931356
0.22440369086039275,-0.32499999999999996,-0.03690445113796901
0.22440369086039275,-0.29999999999999993,-0.03395801149064219
0.22440369086039275,-0.275,-0.031037953495097678
0.22440369086039275,-0.25,-0.028141846273655135
0.22440369086039275,-0.22499999999999998,-0.025267321808887
0.22440369086039275,-0.19999999999999996,-0.02241206819199726
0.22440369086039275,-0.17499999999999993,-0.01957382318259983
0.22440369086039275,-0.15000000000000002,-0.01675036804100628
0.22440369086039275,-0.125,-0.01393952159673095
0.22440369086039275,-0.09999999999999998,-0.011139134519144158
0.22440369086039275,-0.07499999999999996,-0.008347083758084971
0.22440369086039275,-0.04999999999999993,-0.005561267123811049
0.22440369086039275,-0.025000000000000022,-0.0027795979769357202
0.22440369086039275,0.0,-0.0
0.22440369086039275,0.025000000000000022,0.0027795979769357103
0.22440369086039275,0.050000000000000044,0.005561267123811064
0.22440369086039275,0.07500000000000007,0.008347083758084985
0.22440369086039275,0.09999999999999998,0.01113913451914416
0.22440369086039275,0.1250000000000001,0.013939521596730961
0.22440369086039275,0.15000000000000002,0.01675036804100628
0.22440369086039275,0.17499999999999993,0.019573823182599835
0.22440369086039275,0.20000000000000007,0.022412068191997286
0.22440369086039275,0.22499999999999998,0.02526732180888699
0.22440369086039275,0.2500000000000001,0.028141846273655152
0.22440369086039275,0.275,0.031037953495097678
0.22440369086039275,0.30000000000000016,0.03395801149064223
0.22440369086039275,0.32500000000000007,0.03690445113796904
0.22440369086039275,0.35,0.03987977327993135
0.22440369086039275,0.3750000000000001,0.0428865562281427
0.22440369086039275,0.4,0.04592746371457804
0.22440369086039275,0.42500000000000016,0.04900525334508748
0.22440369086039275,0.45000000000000007,0.052122785613916284
0.22440369086039275,0.475,0.055283033544252964
0.22440369086039275,0.5000000000000001,0.058489093026577565
0.22440369086039275,0.525,0.06174419393427913
0.22440369086039275,0.5500000000000002,0.06505171210478153
0.22440369086039275,0.5750000000000001,0.06841518228441891
0.22440369086039275,0.6,0.07183831214672083
0.22440369086039275,0.6250000000000001,0.07532499750681344
0.22440369086039275,0.65,0.07887933886957137
0.22440369086039275,0.6750000000000002,0.08250565946626227
0.22440369086039275,0.7000000000000001,0.08620852495405679
0.22440369086039275,0.725,0.08999276497535193
0.22440369086039275,0.7500000000000001,0.09386349679985632
0.22440369086039275,0.775,0.09782615130240051
0.22440369086039275,0.8000000000000002,0.1018865015641486
0.22440369086039275,0.8250000000000001,0.10605069442513465
0.22440369086039275,0.85,0.11032528536280765
0.22440369086039275,0.8750000000000001,0.11471727712574127
0.22440369086039275,0.9,0.1192341626152718
0.2517850823588335,-0.9,-0.12125667647155848
0.2517850823588335,-0.875,-0.116569615205577
0.2517850823588335,-0.85,-0.11202117263468482
0.2517850823588335,-0.825,-0.10760271266075322
0.2517850823588335,-0.8,-0.10330619616550472
0.2517850823588335,-0.775,-0.09912412643628887
0.2517850823588335,-0.75,-0.0950495002701545
0.2517850823588335,-0.725,-0.09107576406724355
0.2517850823588335,-0.7,-0.08719677431766183
0.2517850823588335,-0.675,-0.08340676196513196
0.2517850823588335,-0.65,-0.07970030019818174
0.2517850823588335,-0.625,-0.07607227527726128
0.2517850823588335,-0.6,-0.07251786005556156
0.2517850823588335,-0.575,-0.0690324898937203
0.2517850823588335,-0.55,-0.06561184070511115
0.2517850823588335,-0.525,-0.06225180889991584
0.2517850823588335,-0.5,-0.05894849302341648
0.2517850823588335,-0.475,-0.055698176907543834
0.2517850823588335,-0.45,-0.05249731417519766
0.2517850823588335,-0.425,-0.04934251395466301
0.2517850823588335,-0.4,-0.0462305276769493
0.2517850823588335,-0.375,-0.043158236842396024
0.2517850823588335,-0.35,-0.04012264165468712
0.2517850823588335,-0.32499999999999996,-0.03712085043071924
0.2517850823588335,-0.29999999999999993,-0.03415006970377508
0.2517850823588335,-0.275,-0.031207594945322284
0.2517850823588335,-0.25,-0.02829080183763449
0.2517850823588335,-0.22499999999999998,-0.02539713803543165
0.2517850823588335,-0.19999999999999996,-0.022524115359964417
0.2517850823588335,-0.17499999999999993,-0.01966930237351108
0.2517850823588335,-0.15000000000000002,-0.01683031728618668
0.2517850823588335,-0.125,-0.014004821150347586
0.2517850823588335,-0.09999999999999998,-0.011190511300764724
0.2517850823588335,-0.07499999999999996,-0.008385115001176797
0.2517850823588335,-0.04999999999999993,-0.005586383259862752
0.2517850823588335,-0.025000000000000022,-0.0027920847785171303
0.2517850823588335,0.0,2.4532694666933983e-18
0.2517850823588335,0.025000000000000022,0.002792084778517135
0.2517850823588335,0.050000000000000044,0.00558638325986277
0.2517850823588335,0.07500000000000007,0.008385115001176818
0.2517850823588335,0.09999999999999998,0.011190511300764724
0.2517850823588335,0.1250000000000001,0.014004821150347598
0.2517850823588335,0.15000000000000002,0.016830317286186676
0.2517850823588335,0.17499999999999993,0.019669302373511076
0.2517850823588335,0.20000000000000007,0.022524115359964424
0.2517850823588335,0.22499999999999998,0.025397138035431643
0.2517850823588335,0.2500000000000001,0.028290801837634515
0.2517850823588335,0.275,0.031207594945322284
0.2517850823588335,0.30000000000000016,0.03415006970377511
0.2517850823588335,0.32500000000000007,0.03712085043071925
0.2517850823588335,0.35,0.040122641654687125
0.2517850823588335,0.3750000000000001,0.043158236842396044
0.2517850823588335,0.4,0.04623052767694933
0.2517850823588335,0.42500000000000016,0.049342513954663055
0.2517850823588335,0.45000000000000007,0.05249731417519766
0.2517850823588335,0.475,0.055698176907543834
0.2517850823588335,0.5000000000000001,0.05894849302341652
0.2517850823588335,0.525,0.06225180889991586
0.2517850823588335,0.5500000000000002,0.06561184070511118
0.2517850823588335,0.5750000000000001,0.06903248989372034
0.2517850823588335,0.6,0.07251786005556157
0.2517850823588335,0.6250000000000001,0.07607227527726129
0.2517850823588335,0.65,0.07970030019818175
0.2517850823588335,0.6750000000000002,0.083406761965132
0.2517850823588335,0.7000000000000001,0.08719677431766187
0.2517850823588335,0.725,0.09107576406724359
0.2517850823588335,0.7500000000000001,0.09504950027015455
0.2517850823588335,0.775,0.09912412643628887
0.2517850823588335,0.8000000000000002,0.10330619616550477
0.2517850823588335,0.8250000000000001,0.10760271266075322
0.2517850823588335,0.85,0.11202117263468482
0.2517850823588335,0.8750000000000001,0.116569615205577
0.2517850823588335,0.9,0.12125667647155847
0.282507508924551,-0.9,-0.12293447826624371
0.282507508924551,-0.875,-0.11808492619309816
0.282507508924551,-0.85,-0.11338830670673376
0.282507508924551,-0.825,-0.10883473062468112
0.282507508924551,-0.8,-0.10441502926378327
0.282507508924551,-0.775,-0.1001206856977507
0.282507508924551,-0.75,-0.09594377351098997
0.282507508924551,-0.725,-0.09187690209880857
0.282507508924551,-0.7,-0.08791316769830015
0.282507508924551,-0.675,-0.08404610944738442
0.282507508924551,-0.65,-0.0802696698652076
0.282507508924551,-0.625,-0.07657815922833426
0.282507508924551,-0.6,-0.07296622338626994
0.282507508924551,-0.575,-0.06942881461881868
0.282507508924551,-0.55,-0.06596116518821696
0.282507508924551,-0.525,-0.06255876328223722
0.282507508924551,-0.5,-0.059217331081631
0.282507508924551,-0.475,-0.05593280471730394
0.282507508924551,-0.45,-0.05270131591026019
0.282507508924551,-0.425,-0.04951917511125768
0.282507508924551,-0.4,-0.04638285597782808
0.282507508924551,-0.375,-0.04328898104428096
0.282507508924551,-0.35,-0.04023430845592361
0.282507508924551,-0.32499999999999996,-0.03721571965230059
0.282507508924551,-0.29999999999999993,-0.03423020789606971
0.282507508924551,-0.275,-0.03127486755441362
0.282507508924551,-0.25,-0.028346884048834245
0.282507508924551,-0.22499999999999998,-0.025443524396960487
0.282507508924551,-0.19999999999999996,-0.022562128276756223
0.282507508924551,-0.17499999999999993,-0.01970009954937041
0.282507508924551,-0.15000000000000002,-0.01685489818192182
0.282507508924551,-0.125,-0.01402403251584735
0.282507508924551,-0.09999999999999998,-0.011205051830136578
0.282507508924551,-0.07499999999999996,-0.0083955391518863
0.282507508924551,-0.04999999999999993,-0.0055931042691906895
0.282507508924551,-0.025000000000000022,-0.002795376903472899
0.282507508924551,0.0,-0.0
0.282507508924551,0.025000000000000022,0.002795376903472904
0.282507508924551,0.050000000000000044,0.0055931042691907025
0.282507508924551,0.07500000000000007,0.008395539151886316
0.282507508924551,0.09999999999999998,0.011205051830136578
0.282507508924551,0.1250000000000001,0.014024032515847372
0.282507508924551,0.15000000000000002,0.016854898181921818
0.282507508924551,0.17499999999999993,0.019700099549370402
0.282507508924551,0.20000000000000007,0.022562128276756223
0.282507508924551,0.22499999999999998,0.025443524396960487
0.282507508924551,0.2500000000000001,0.028346884048834266
0.282507508924551,0.275,0.03127486755441362
0.282507508924551,0.30000000000000016,0.03423020789606973
0.282507508924551,0.32500000000000007,0.037215719652300604
0.282507508924551,0.35,0.04023430845592363
0.282507508924551,0.3750000000000001,0.04328898104428098
0.282507508924551,0.4,0.04638285597782809
0.282507508924551,0.42500000000000016,0.04951917511125771
0.282507508924551,0.45000000000000007,0.05270131591026019
0.282507508924551,0.475,0.055932804717303976
0.282507508924551,0.5000000000000001,0.05921733108163103
0.282507508924551,0.525,0.06255876328223724
0.282507508924551,0.5500000000000002,0.06596116518821697
0.282507508924551,0.5750000000000001,0.06942881461881871
0.282507508924551,0.6,0.07296622338626994
0.282507508924551,0.6250000000000001,0.07657815922833426
0.282507508924551,0.65,0.08026966986520763
0.282507508924551,0.6750000000000002,0.08404610944738446
0.282507508924551,0.7000000000000001,0.0879131676983002
0.282507508924551,0.725,0.09187690209880854
0.282507508924551,0.7500000000000001,0.09594377351099
0.282507508924551,0.775,0.1001206856977507
0.282507508924551,0.8000000000000002,0.10441502926378327
0.282507508924551,0.8250000000000001,0.1088347306246811
0.282507508924551,0.85,0.11338830670673376
0.282507508924551,0.8750000000000001,0.11808492619309817
0.282507508924551,0.9,0.12293447826624371
0.31697863849222285,-0.9,-0.12424177221001345
0.31697863849222285,-0.875,-0.11923971418285992
0.31697863849222285,-0.85,-0.11440532954615916
0.31697863849222285,-0.825,-0.10972737278313391
0.31697863849222285,-0.8,-0.10519545967499006
0.31697863849222285,-0.775,-0.10079998165413315
0.31697863849222285,-0.75,-0.09653202992471868
0.31697863849222285,-0.725,-0.09238332806015104
0.31697863849222285,-0.7,-0.08834617197729944
0.31697863849222285,-0.675,-0.08441337634631989
0.31697863849222285,-0.65,-0.08057822662857013
0.31697863849222285,-0.625,-0.07683443604764921
0.31697863849222285,-0.6,-0.07317610689368981
0.31697863849222285,-0.575,-0.06959769564163625
0.31697863849222285,-0.55,-0.06609398143274618
0.31697863849222285,-0.525,-0.06266003752694298
0.31697863849222285,-0.5,-0.05929120538353502
0.31697863849222285,-0.475,-0.05598307107055044
0.31697863849222285,-0.45,-0.05273144373962177
0.31697863849222285,-0.425,-0.04953233593491404
0.31697863849222285,-0.4,-0.0463819455317943
0.31697863849222285,-0.375,-0.04327663912442794
0.31697863849222285,-0.35,-0.04021293670179841
0.31697863849222285,-0.32499999999999996,-0.037187497469231445
0.31697863849222285,-0.29999999999999993,-0.03419710668774322
0.31697863849222285,-0.275,-0.03123866341674268
0.31697863849222285,-0.25,-0.028309169057073733
0.31697863849222285,-0.22499999999999998,-0.02540571660130882
0.31697863849222285,-0.19999999999999996,-0.02252548050679634
0.31697863849222285,-0.17499999999999993,-0.019665707114382577
0.31697863849222285,-0.15000000000000002,-0.016823705542112807
0.31697863849222285,-0.125,-0.013996838988680956
0.31697863849222285,-0.09999999999999998,-0.011182516386041457
0.31697863849222285,-0.07499999999999996,-0.008378184344501449
0.31697863849222285,-0.04999999999999993,-0.005581319336843615
0.31697863849222285,-0.025000000000000022,-0.002789420070645133
0.31697863849222285,0.0,-2.4532694666933983e-18
0.31697863849222285,0.025000000000000022,0.0027894200706451377
0.31697863849222285,0.050000000000000044,0.005581319336843632
0.31697863849222285,0.07500000000000007,0.008378184344501462
0.31697863849222285,0.09999999999999998,0.011182516386041454
0.31697863849222285,0.1250000000000001,0.013996838988680968
0.31697863849222285,0.15000000000000002,0.016823705542112814
0.31697863849222285,0.17499999999999993,0.01966570711438258
0.31697863849222285,0.20000000000000007,0.022525480506796362
0.31697863849222285,0.22499999999999998,0.025405716601308827
0.31697863849222285,0.2500000000000001,0.028309169057073737
0.31697863849222285,0.275,0.031238663416742692
0.31697863849222285,0.30000000000000016,0.03419710668774324
0.31697863849222285,0.32500000000000007,0.03718749746923146
0.31697863849222285,0.35,0.04021293670179841
0.31697863849222285,0.3750000000000001,0.043276639124427974
0.31697863849222285,0.4,0.04638194553179431
0.31697863849222285,0.42500000000000016,0.049532335934914073
0.31697863849222285,0.45000000000000007,0.052731443739621804
0.31697863849222285,0.475,0.05598307107055047
0.31697863849222285,0.5000000000000001,0.059291205383535044
0.31697863849222285,0.525,0.062660037526943
0.31697863849222285,0.5500000000000002,0.06609398143274621
0.31697863849222285,0.5750000000000001,0.06959769564163627
0.31697863849222285,0.6,0.07317610689368982
0.31697863849222285,0.6250000000000001,0.07683443604764922
0.31697863849222285,0.65,0.08057822662857017
0.31697863849222285,0.6750000000000002,0.08441337634631989
0.31697863849222285,0.7000000000000001,0.08834617197729942
0.31697863849222285,0.725,0.09238332806015101
0.31697863849222285,0.7500000000000001,0.09653202992471867
0.31697863849222285,0.775,0.10079998165413312
0.31697863849222285,0.8000000000000002,0.10519545967499011
0.31697863849222285,0.8250000000000001,0.1097273727831339
0.31697863849222285,0.85,0.11440532954615916
0.31697863849222285,0.8750000000000001,0.11923971418285992
0.31697863849222285,0.9,0.12424177221001345
0.3556558820077846,-0.9,-0.1251578613364148
0.3556558820077846,-0.875,-0.12001557879166921
0.3556558820077846,-0.85,-0.11505594546655622
0.3556558820077846,-0.825,-0.1102662674079495
0.3556558820077846,-0.8,-0.10563487006092502
0.3556558820077846,-0.775,-0.10115099277977832
0.3556558820077846,-0.75,-0.09680469589248847
0.3556558820077846,-0.725,-0.09258677859261545
0.3556558820077846,-0.7,-0.08848870619738976
0.3556558820077846,-0.675,-0.08450254553059217
0.3556558820077846,-0.65,-0.08062090737203495
0.3556558820077846,-0.625,-0.07683689506869223
0.3556558820077846,-0.6,-0.07314405853112661
0.3556558820077846,-0.575,-0.06953635294713591
0.3556558820077846,-0.55,-0.0660081016359932
0.3556558820077846,-0.525,-0.06255396254411935
0.3556558820077846,-0.5,-0.059168897948830707
0.3556558820077846,-0.475,-0.05584814699285351
0.3556558820077846,-0.45,-0.05258720072015196
0.3556558820077846,-0.425,-0.0493817793245748
0.3556558820077846,-0.4,-0.046227811357952994
0.3556558820077846,-0.375,-0.04312141467446672
0.3556558820077846,-0.35,-0.04005887891408451
0.3556558820077846,-0.32499999999999996,-0.0370366493502747
0.3556558820077846,-0.29999999999999993,-0.03405131194651931
0.3556558820077846,-0.275,-0.031099579482851445
0.3556558820077846,-0.25,-0.028178278628057354
0.3556558820077846,-0.22499999999999998,-0.02528433784563465
0.3556558820077846,-0.19999999999999996,-0.02241477603233847
0.3556558820077846,-0.17499999999999993,-0.019566691797394377
0.3556558820077846,-0.15000000000000002,-0.01673725329838948
0.3556558820077846,-0.125,-0.01392368855662918
0.3556558820077846,-0.09999999999999998,-0.011123276180489767
0.3556558820077846,-0.07499999999999996,-0.008333336430115756
0.3556558820077846,-0.04999999999999993,-0.00555122256079279
0.3556558820077846,-0.025000000000000022,-0.002774312385543299
0.3556558820077846,0.0,-1.2266347333466992e-18
0.3556558820077846,0.025000000000000022,0.002774312385543304
0.3556558820077846,0.050000000000000044,0.005551222560792805
0.3556558820077846,0.07500000000000007,0.008333336430115768
0.3556558820077846,0.09999999999999998,0.011123276180489774
0.3556558820077846,0.1250000000000001,0.013923688556629192
0.3556558820077846,0.15000000000000002,0.01673725329838947
0.3556558820077846,0.17499999999999993,0.019566691797394384
0.3556558820077846,0.20000000000000007,0.02241477603233848
0.3556558820077846,0.22499999999999998,0.02528433784563465
0.3556558820077846,0.2500000000000001,0.028178278628057385
0.3556558820077846,0.275,0.031099579482851452
0.3556558820077846,0.30000000000000016,0.034051311946519336
0.3556558820077846,0.32500000000000007,0.03703664935027472
0.3556558820077846,0.35,0.04005887891408451
0.3556558820077846,0.3750000000000001,0.043121414674466764
0.3556558820077846,0.4,0.046227811357953015
0.3556558820077846,0.42500000000000016,0.049381779324574826
0.3556558820077846,0.45000000000000007,0.05258720072015199
0.3556558820077846,0.475,0.055848146992853544
0.3556558820077846,0.5000000000000001,0.059168897948830755
0.3556558820077846,0.525,0.06255396254411935
0.3556558820077846,0.5500000000000002,0.0660081016359932
0.3556558820077846,0.5750000000000001,0.06953635294713591
0.3556558820077846,0.6,0.07314405853112663
0.3556558820077846,0.6250000000000001,0.07683689506869226
0.3556558820077846,0.65,0.08062090737203495
0.3556558820077846,0.6750000000000002,0.0845025455305922
0.3556558820077846,0.7000000000000001,0.08848870619738976
0.3556558820077846,0.725,0.09258677859261545
0.3556558820077846,0.7500000000000001,0.09680469589248848
0.3556558820077846,0.775,0.1011509927797783
0.3556558820077846,0.8000000000000002,0.10563487006092502
0.3556558820077846,0.8250000000000001,0.1102662674079495
0.3556558820077846,0.85,0.11505594546655622
0.3556558820077846,0.8750000000000001,0.12001557879166923
0.3556558820077846,0.9,0.1251578613364148
0.399052462993776,-0.9,-0.12566792703356214
0.399052462993776,-0.875,-0.12039991481768775
0.399052462993776,-0.85,-0.11532954586561045
0.399052462993776,-0.825,-0.11044260146556523
0.399052462993776,-0.8,-0.1057260570538486
0.399052462993776,-0.775,-0.10116795383015985
0.399052462993776,-0.75,-0.09675728628040343
0.399052462993776,-0.725,-0.09248390333495163
0.399052462993776,-0.7,-0.08833842125242593
0.399052462993776,-0.675,-0.08431214661735816
0.399052462993776,-0.65,-0.08039700808686617
0.399052462993776,-0.625,-0.07658549572641554
0.399052462993776,-0.6,-0.07287060694556002
0.399052462993776,-0.575,-0.06924579818744593
0.399052462993776,-0.55,-0.0657049416457936
0.399052462993776,-0.525,-0.06224228638405128
0.399052462993776,-0.5,-0.05885242331670362
0.399052462993776,-0.475,-0.0555302535849544
0.399052462993776,-0.45,-0.05227095992035831
0.399052462993776,-0.425,-0.049069980642217
0.399052462993776,-0.4,-0.045922985979141816
0.399052462993776,-0.375,-0.042825856443320334
0.399052462993776,-0.35,-0.03977466301870417
0.399052462993776,-0.32499999999999996,-0.036765648952383954
0.399052462993776,-0.29999999999999993,-0.03379521296252532
0.399052462993776,-0.275,-0.03085989369697817
0.399052462993776,-0.25,-0.02795635529451956
0.399052462993776,-0.22499999999999998,-0.02508137391605023
0.399052462993776,-0.19999999999999996,-0.022231825126271147
0.399052462993776,-0.17499999999999993,-0.019404672017701168
0.399052462993776,-0.15000000000000002,-0.01659695397859613
0.399052462993776,-0.125,-0.013805776014590484
0.399052462993776,-0.09999999999999998,-0.011028298540870082
0.399052462993776,-0.07499999999999996,-0.008261727567534053
0.399052462993776,-0.04999999999999993,-0.005503305205629706
0.399052462993776,-0.025000000000000022,-0.002750300425235752
0.399052462993776,0.0,1.2266347333466992e-18
0.399052462993776,0.025000000000000022,0.0027503004252357505
0.399052462993776,0.050000000000000044,0.005503305205629723
0.399052462993776,0.07500000000000007,0.008261727567534065
0.399052462993776,0.09999999999999998,0.01102829854087008
0.399052462993776,0.1250000000000001,0.013805776014590493
0.399052462993776,0.15000000000000002,0.016596953978596125
0.399052462993776,0.17499999999999993,0.01940467201770117
0.399052462993776,0.20000000000000007,0.022231825126271157
0.399052462993776,0.22499999999999998,0.02508137391605023
0.399052462993776,0.2500000000000001,0.02795635529451956
0.399052462993776,0.275,0.030859893696978176
0.399052462993776,0.30000000000000016,0.033795212962525356
0.399052462993776,0.32500000000000007,0.03676564895238398
0.399052462993776,0.35,0.03977466301870419
0.399052462993776,0.3750000000000001,0.042825856443320355
0.399052462993776,0.4,0.04592298597914183
0.399052462993776,0.42500000000000016,0.04906998064221705
0.399052462993776,0.45000000000000007,0.05227095992035832
0.399052462993776,0.475,0.0555302535849544
0.399052462993776,0.5000000000000001,0.05885242331670365
0.399052462993776,0.525,0.06224228638405128
0.399052462993776,0.5500000000000002,0.06570494164579362
0.399052462993776,0.5750000000000001,0.06924579818744596
0.399052462993776,0.6,0.07287060694556002
0.399052462993776,0.6250000000000001,0.07658549572641556
0.399052462993776,0.65,0.08039700808686617
0.399052462993776,0.6750000000000002,0.08431214661735817
0.399052462993776,0.7000000000000001,0.08833842125242596
0.399052462993776,0.725,0.09248390333495163
0.399052462993776,0.7500000000000001,0.09675728628040348
0.399052462993776,0.775,0.10116795383015985
0.399052462993776,0.8000000000000002,0.10572605705384859
0.399052462993776,0.8250000000000001,0.11044260146556523
0.399052462993776,0.85,0.11532954586561048
0.399052462993776,0.8750000000000001,0.12039991481768779
0.399052462993776,0.9,0.12566792703356214
0.44774422771366806,-0.9,-0.12576360513655796
0.44774422771366806,-0.875,-0.12038640541758719
0.44774422771366806,-0.85,-0.11522162647859117
0.44774422771366806,-0.825,-0.11025346874716513
0.44774422771366806,-0.8,-0.10546751679722732
0.44774422771366806,-0.775,-0.10085058501136812
0.44774422771366806,-0.75,-0.09639058311015035
0.44774422771366806,-0.725,-0.092076398606452
0.44774422771366806,-0.7,-0.0878977937289527
0.44774422771366806,-0.675,-0.08384531475624565
0.44774422771366806,-0.65,-0.07991021202939867
0.44774422771366806,-0.625,-0.07608436917991536
0.44774422771366806,-0.6,-0.0723602403328758
0.44774422771366806,-0.575,-0.06873079423023869
0.44774422771366806,-0.55,-0.06518946437377285
0.44774422771366806,-0.525,-0.06173010441640117
0.44774422771366806,-0.5,-0.058346948139335816
0.44774422771366806,-0.475,-0.05503457344387145
0.44774422771366806,-0.45,-0.051787869863998665
0.44774422771366806,-0.425,-0.04860200917148873
0.44774422771366806,-0.4,-0.04547241870072694
0.44774422771366806,-0.375,-0.042394757067931235
0.44774422771366806,-0.35,-0.03936489199980032
0.44774422771366806,-0.32499999999999996,-0.03637888002117231
0.44774422771366806,-0.29999999999999993,-0.03343294778084162
0.44774422771366806,-0.275,-0.0305234748200189
0.44774422771366806,-0.25,-0.02764697760964912
0.44774422771366806,-0.22499999999999998,-0.024800094701438246
0.44774422771366806,-0.19999999999999996,-0.0219795728534128
0.44774422771366806,-0.17499999999999993,-0.01918225400450573
0.44774422771366806,-0.15000000000000002,-0.016405062984326615
0.44774422771366806,-0.125,-0.013644995854185195
0.44774422771366806,-0.09999999999999998,-0.010899108783800118
0.44774422771366806,-0.07499999999999996,-0.008164507375113213
0.44774422771366806,-0.04999999999999993,-0.005438336350383205
0.44774422771366806,-0.025000000000000022,-0.002717769526366977
0.44774422771366806,0.0,2.4532694666933983e-18
0.44774422771366806,0.025000000000000022,0.002717769526366977
0.44774422771366806,0.050000000000000044,0.005438336350383219
0.44774422771366806,0.07500000000000007,0.008164507375113221
0.44774422771366806,0.09999999999999998,0.01089910878380012
0.44774422771366806,0.1250000000000001,0.013644995854185207
0.44774422771366806,0.15000000000000002,0.016405062984326618
0.44774422771366806,0.17499999999999993,0.01918225400450573
0.44774422771366806,0.20000000000000007,0.021979572853412812
0.44774422771366806,0.22499999999999998,0.024800094701438236
0.44774422771366806,0.2500000000000001,0.027646977609649143
0.44774422771366806,0.275,0.03052347482001891
0.44774422771366806,0.30000000000000016,0.03343294778084165
0.44774422771366806,0.32500000000000007,0.03637888002117233
0.44774422771366806,0.35,0.03936489199980032
0.44774422771366806,0.3750000000000001,0.042394757067931256
0.44774422771366806,0.4,0.045472418700726956
0.44774422771366806,0.42500000000000016,0.048602009171488755
0.44774422771366806,0.45000000000000007,0.05178786986399869
0.44774422771366806,0.475,0.05503457344387145
0.44774422771366806,0.5000000000000001,0.058346948139335844
0.44774422771366806,0.525,0.06173010441640121
0.44774422771366806,0.5500000000000002,0.06518946437377289
0.44774422771366806,0.5750000000000001,0.06873079423023869
0.44774422771366806,0.6,0.07236024033287582
0.44774422771366806,0.6250000000000001,0.07608436917991537
0.44774422771366806,0.65,0.07991021202939866
0.44774422771366806,0.6750000000000002,0.08384531475624565
0.44774422771366806,0.7000000000000001,0.08789779372895272
0.44774422771366806,0.725,0.092076398606452
0.44774422771366806,0.7500000000000001,0.09639058311015038
0.44774422771366806,0.775,0.10085058501136812
0.44774422771366806,0.8000000000000002,0.10546751679722736
0.44774422771366806,0.8250000000000001,0.11025346874716516
0.44774422771366806,0.85,0.11522162647859117
0.44774422771366806,0.8750000000000001,0.12038640541758726
0.44774422771366806,0.9,0.125763605136558
0.5023772863019162,-0.9,-0.1254433176275464
0.5023772863019162,-0.875,-0.11997527344719916
0.5023772863019162,-0.85,-0.11473396702826057
0.5023772863019162,-0.825,-0.1097019859680111
0.5023772863019162,-0.8,-0.10486350507952823
0.5023772863019162,-0.775,-0.10020410317223293
0.5023772863019162,-0.75,-0.09571060428055787
0.5023772863019162,-0.725,-0.09137093959462661
0.5023772863019162,-0.7,-0.0871740269870684
0.5023772863019162,-0.675,-0.08310966554966231
0.5023772863019162,-0.65,-0.07916844297713972
0.5023772863019162,-0.625,-0.07534165398245143
0.5023772863019162,-0.6,-0.07162122821321289
0.5023772863019162,-0.575,-0.06799966637477113
0.5023772863019162,-0.55,-0.06446998346079277
0.5023772863019162,-0.525,-0.06102565815494048
0.5023772863019162,-0.5,-0.05766058760306165
0.5023772863019162,-0.475,-0.05436904686915947
0.5023772863019162,-0.45,-0.05114565248411892
0.5023772863019162,-0.425,-0.047985329576849575
0.5023772863019162,-0.4,-0.04488328214572813
0.5023772863019162,-0.375,-0.041834966086047344
0.5023772863019162,-0.35,-0.03883606463830508
0.5023772863019162,-0.32499999999999996,-0.035882465963987205
0.5023772863019162,-0.29999999999999993,-0.03297024259116083
0.5023772863019162,-0.275,-0.030095632502645225
0.5023772863019162,-0.25,-0.027255021665551653
0.5023772863019162,-0.22499999999999998,-0.02444492782323004
0.5023772863019162,-0.19999999999999996,-0.02166198538966928
0.5023772863019162,-0.17499999999999993,-0.018902931302619386
0.5023772863019162,-0.15000000000000002,-0.016164591705509344
0.5023772863019162,-0.125,-0.013443869339935573
0.5023772863019162,-0.09999999999999998,-0.01073773154034875
0.5023772863019162,-0.07499999999999996,-0.008043198730783093
0.5023772863019162,-0.04999999999999993,-0.005357333330225887
0.5023772863019162,-0.025000000000000022,-0.002677228978656148
0.5023772863019162,0.0,-1.2266347333466992e-18
0.5023772863019162,0.025000000000000022,0.0026772289786561455
0.5023772863019162,0.050000000000000044,0.005357333330225901
0.5023772863019162,0.07500000000000007,0.008043198730783104
0.5023772863019162,0.09999999999999998,0.010737731540348754
0.5023772863019162,0.1250000000000001,0.013443869339935584
0.5023772863019162,0.15000000000000002,0.016164591705509348
0.5023772863019162,0.17499999999999993,0.018902931302619386
0.5023772863019162,0.20000000000000007,0.02166198538966929
0.5023772863019162,0.22499999999999998,0.024444927823230034
0.5023772863019162,0.2500000000000001,0.027255021665551663
0.5023772863019162,0.275,0.030095632502645235
0.5023772863019162,0.30000000000000016,0.03297024259116087
0.5023772863019162,0.32500000000000007,0.03588246596398724
0.5023772863019162,0.35,0.03883606463830508
0.5023772863019162,0.3750000000000001,0.04183496608604737
0.5023772863019162,0.4,0.04488328214572814
0.5023772863019162,0.42500000000000016,0.04798532957684961
0.5023772863019162,0.45000000000000007,0.05114565248411893
0.5023772863019162,0.475,0.054369046869159485
0.5023772863019162,0.5000000000000001,0.05766058760306166
0.5023772863019162,0.525,0.06102565815494048
0.5023772863019162,0.5500000000000002,0.06446998346079279
0.5023772863019162,0.5750000000000001,0.06799966637477113
0.5023772863019162,0.6,0.07162122821321289
0.5023772863019162,0.6250000000000001,0.07534165398245148
0.5023772863019162,0.65,0.07916844297713972
0.5023772863019162,0.6750000000000002,0.08310966554966233
0.5023772863019162,0.7000000000000001,0.08717402698706841
0.5023772863019162,0.725,0.0913709395946266
0.5023772863019162,0.7500000000000001,0.09571060428055787
0.5023772863019162,0.775,0.10020410317223293
0.5023772863019162,0.8000000000000002,0.10486350507952827
0.5023772863019162,0.8250000000000001,0.1097019859680111
0.5023772863019162,0.85,0.1147339670282606
0.5023772863019162,0.8750000000000001,0.1199752734471992
0.5023772863019162,0.9,0.1254433176275464
0.5636765862528911,-0.9,-0.12471233574038285
0.5636765862528911,-0.875,-0.11917327254691788
0.5636765862528911,-0.85,-0.11387456006507445
0.5636765862528911,-0.825,-0.10879716828360166
0.5636765862528911,-0.8,-0.10392386762594566
0.5636765862528911,-0.775,-0.09923901419321877
0.5636765862528911,-0.75,-0.09472836464778783
0.5636765862528911,-0.725,-0.09037891604719729
0.5636765862528911,-0.7,-0.08617876676572347
0.5636765862528911,-0.675,-0.0821169953075417
0.5636765862528911,-0.65,-0.07818355435529077
0.5636765862528911,-0.625,-0.07436917783699162
0.5636765862528911,-0.6,-0.07066529915322715
0.5636765862528911,-0.575,-0.06706397900115456
0.5636765862528911,-0.55,-0.06355784147482452
0.5636765862528911,-0.525,-0.060140017322308496
0.5636765862528911,-0.5,-0.05680409340713645
0.5636765862528911,-0.475,-0.053544067560774136
0.5636765862528911,-0.45,-0.05035430812933816
0.5636765862528911,-0.425,-0.04722951761548368
0.5636765862528911,-0.4,-0.04416469989866399
0.5636765862528911,-0.375,-0.04115513058638985
0.5636765862528911,-0.35,-0.03819633010786043
0.5636765862528911,-0.32499999999999996,-0.035284039211151405
0.5636765862528911,-0.29999999999999993,-0.03241419656746405
0.5636765862528911,-0.275,-0.02958291822194916
0.5636765862528911,-0.25,-0.02678647866128891
0.5636765862528911,-0.22499999999999998,-0.02402129329435632
0.5636765862528911,-0.19999999999999996,-0.021283902164538723
0.5636765862528911,-0.17499999999999993,-0.01857095473126035
0.5636765862528911,-0.15000000000000002,-0.01587919557432528
0.5636765862528911,-0.125,-0.013205450888303508
0.5636765862528911,-0.09999999999999998,-0.010546615645612623
0.5636765862528911,-0.07499999999999996,-0.007899641316459783
0.5636765862528911,-0.04999999999999993,-0.005261524041615492
0.5636765862528911,-0.025000000000000022,-0.0026292931602591085
0.5636765862528911,0.0,-0.0
0.5636765862528911,0.025000000000000022,0.0026292931602591124
0.5636765862528911,0.050000000000000044,0.005261524041615505
0.5636765862528911,0.07500000000000007,0.007899641316459793
0.5636765862528911,0.09999999999999998,0.010546615645612626
0.5636765862528911,0.1250000000000001,0.013205450888303511
0.5636765862528911,0.15000000000000002,0.01587919557432528
0.5636765862528911,0.17499999999999993,0.01857095473126035
0.5636765862528911,0.20000000000000007,0.02128390216453873
0.5636765862528911,0.22499999999999998,0.024021293294356313
0.5636765862528911,0.2500000000000001,0.026786478661288925
0.5636765862528911,0.275,0.02958291822194916
0.5636765862528911,0.30000000000000016,0.032414196567464075
0.5636765862528911,0.32500000000000007,0.035284039211151426
0.5636765862528911,0.35,0.038196330107860436
0.5636765862528911,0.3750000000000001,0.04115513058638987
0.5636765862528911,0.4,0.04416469989866399
0.5636765862528911,0.42500000000000016,0.047229517615483704
0.5636765862528911,0.45000000000000007,0.050354308129338166
0.5636765862528911,0.475,0.05354406756077414
0.5636765862528911,0.5000000000000001,0.05680409340713647
0.5636765862528911,0.525,0.060140017322308476
0.5636765862528911,0.5500000000000002,0.0635578414748245
0.5636765862528911,0.5750000000000001,0.06706397900115457
0.5636765862528911,0.6,0.07066529915322715
0.5636765862528911,0.6250000000000001,0.07436917783699162
0.5636765862528911,0.65,0.07818355435529076
0.5636765862528911,0.6750000000000002,0.08211699530754171
0.5636765862528911,0.7000000000000001,0.08617876676572347
0.5636765862528911,0.725,0.09037891604719728
0.5636765862528911,0.7500000000000001,0.09472836464778783
0.5636765862528911,0.775,0.09923901419321876
0.5636765862528911,0.8000000000000002,0.10392386762594566
0.5636765862528911,0.8250000000000001,0.10879716828360168
0.5636765862528911,0.85,0.11387456006507445
0.5636765862528911,0.8750000000000001,0.11917327254691788
0.5636765862528911,0.9,0.12471233574038285
0.632455532033676,-0.9,-0.12358256981517049
0.632455532033676,-0.875,-0.11799341862967012
0.632455532033676,-0.85,-0.11265729424553554
0.632455532033676,-0.825,-0.10755357339026997
0.632455532033676,-0.8,-0.10266365302038714
0.632455532033676,-0.775,-0.09797070178987487
0.632455532033676,-0.75,-0.09345944692265196
0.632455532033676,-0.725,-0.08911599071497052
0.632455532033676,-0.7,-0.08492765194339423
0.632455532033676,-0.675,-0.08088282829358047
0.632455532033676,-0.65,-0.07697087660029109
0.632455532033676,-0.625,-0.07318200823484056
0.632455532033676,-0.6,-0.06950719741953021
0.632455532033676,-0.575,-0.06593810061041597
0.632455532033676,-0.55,-0.06246698538632788
0.632455532033676,-0.525,-0.05908666752618212
0.632455532033676,-0.5,-0.05579045515838775
0.632455532033676,-0.475,-0.05257209903352938
0.632455532033676,-0.45,-0.049425748110867446
0.632455532033676,-0.425,-0.04634590976561898
0.632455532033676,-0.4,-0.04332741402155013
0.632455532033676,-0.375,-0.04036538129541872
0.632455532033676,-0.35,-0.037455193208918824
0.632455532033676,-0.32499999999999996,-0.03459246608216608
0.632455532033676,-0.29999999999999993,-0.03177302677219005
0.632455532033676,-0.275,-0.028992890561812944
0.632455532033676,-0.25,-0.026248240839880647
0.632455532033676,-0.22499999999999998,-0.023535410344044657
0.632455532033676,-0.19999999999999996,-0.020850863762979024
0.632455532033676,-0.17499999999999993,-0.018191181516715105
0.632455532033676,-0.15000000000000002,-0.015553044552238474
0.632455532033676,-0.125,-0.012933220007066948
0.632455532033676,-0.09999999999999998,-0.01032854760658933
0.632455532033676,-0.07499999999999996,-0.007735926671795163
0.632455532033676,-0.04999999999999993,-0.005152303622916373
0.632455532033676,-0.025000000000000022,-0.0025746598716303464
0.632455532033676,0.0,-0.0
0.632455532033676,0.025000000000000022,0.0025746598716303464
0.632455532033676,0.050000000000000044,0.005152303622916386
0.632455532033676,0.07500000000000007,0.007735926671795179
0.632455532033676,0.09999999999999998,0.010328547606589333
0.632455532033676,0.1250000000000001,0.012933220007066957
0.632455532033676,0.15000000000000002,0.01555304455223847
0.632455532033676,0.17499999999999993,0.018191181516715105
0.632455532033676,0.20000000000000007,0.02085086376297904
0.632455532033676,0.22499999999999998,0.02353541034404466
0.632455532033676,0.2500000000000001,0.026248240839880654
0.632455532033676,0.275,0.028992890561812954
0.632455532033676,0.30000000000000016,0.031773026772190065
0.632455532033676,0.32500000000000007,0.034592466082166096
0.632455532033676,0.35,0.03745519320891884
0.632455532033676,0.3750000000000001,0.040365381295418744
0.632455532033676,0.4,0.043327414021550124
0.632455532033676,0.42500000000000016,0.046345909765619
0.632455532033676,0.45000000000000007,0.049425748110867467
0.632455532033676,0.475,0.05257209903352938
0.632455532033676,0.5000000000000001,0.05579045515838776
0.632455532033676,0.525,0.05908666752618211
0.632455532033676,0.5500000000000002,0.06246698538632788
0.632455532033676,0.5750000000000001,0.06593810061041598
0.632455532033676,0.6,0.0695071974195302
0.632455532033676,0.6250000000000001,0.07318200823484057
0.632455532033676,0.65,0.07697087660029107
0.632455532033676,0.6750000000000002,0.08088282829358052
0.632455532033676,0.7000000000000001,0.08492765194339423
0.632455532033676,0.725,0.08911599071497052
0.632455532033676,0.7500000000000001,0.09345944692265197
0.632455532033676,0.775,0.09797070178987487
0.632455532033676,0.8000000000000002,0.10266365302038717
0.632455532033676,0.8250000000000001,0.10755357339026997
0.632455532033676,0.85,0.11265729424553556
0.632455532033676,0.8750000000000001,0.11799341862967012
0.632455532033676,0.9,0.12358256981517046
0.709626778467151,-0.9,-0.12207210134151103
0.709626778467151,-0.875,-0.11645448142871553
0.709626778467151,-0.85,-0.1111014151358844
0.709626778467151,-0.825,-0.10599074002583783
0.709626778467151,-0.8,-0.10110253618278657
0.709626778467151,-0.775,-0.096418842223051
0.709626778467151,-0.75,-0.09192341297230346
0.709626778467151,-0.725,-0.08760151181929277
0.709626778467151,-0.7,-0.08343973206264742
0.709626778467151,-0.675,-0.0794258426052918
0.709626778467151,-0.65,-0.0755486541802591
0.709626778467151,-0.625,-0.07179790295782337
0.709626778467151,-0.6,-0.06816414892176682
0.709626778467151,-0.575,-0.06463868683908473
0.709626778467151,-0.55,-0.06121346800328629
0.709626778467151,-0.525,-0.05788103122286914
0.709626778467151,-0.5,-0.0546344417662074
0.709626778467151,-0.475,-0.051467237171979506
0.709626778467151,-0.45,-0.04837337899828233
0.709626778467151,-0.425,-0.045347209720010107
0.709626778467151,-0.4,-0.04238341409794466
0.709626778467151,-0.375,-0.03947698443833699
0.709626778467151,-0.35,-0.03662318924180063
0.709626778467151,-0.32499999999999996,-0.03381754480771748
0.709626778467151,-0.29999999999999993,-0.03105578941719944
0.709626778467151,-0.275,-0.02833385976569921
0.709626778467151,-0.25,-0.025647869357032047
0.709626778467151,-0.22499999999999998,-0.022994088605024464
0.709626778467151,-0.19999999999999996,-0.020368926418195977
0.709626778467151,-0.17499999999999993,-0.017768913067592724
0.709626778467151,-0.15000000000000002,-0.015190684158771126
0.709626778467151,-0.125,-0.012630965546507224
0.709626778467151,-0.09999999999999998,-0.010086559045518152
0.709626778467151,-0.07499999999999996,-0.0075543288026834665
0.709626778467151,-0.04999999999999993,-0.005031188206235288
0.709626778467151,-0.025000000000000022,-0.0025140872153795995
0.709626778467151,0.0,-0.0
0.709626778467151,0.025000000000000022,0.002514087215379601
0.709626778467151,0.050000000000000044,0.005031188206235298
0.709626778467151,0.07500000000000007,0.007554328802683479
0.709626778467151,0.09999999999999998,0.010086559045518154
0.709626778467151,0.1250000000000001,0.012630965546507236
0.709626778467151,0.15000000000000002,0.015190684158771122
0.709626778467151,0.17499999999999993,0.01776891306759272
0.709626778467151,0.20000000000000007,0.020368926418195998
0.709626778467151,0.22499999999999998,0.022994088605024464
0.709626778467151,0.2500000000000001,0.02564786935703206
0.709626778467151,0.275,0.02833385976569922
0.709626778467151,0.30000000000000016,0.031055789417199473
0.709626778467151,0.32500000000000007,0.03381754480771749
0.709626778467151,0.35,0.036623189241800636
0.709626778467151,0.3750000000000001,0.039476984438336984
0.709626778467151,0.4,0.04238341409794469
0.709626778467151,0.42500000000000016,0.04534720972001012
0.709626778467151,0.45000000000000007,0.04837337899828234
0.709626778467151,0.475,0.05146723717197949
0.709626778467151,0.5000000000000001,0.05463444176620741
0.709626778467151,0.525,0.05788103122286914
0.709626778467151,0.5500000000000002,0.06121346800328628
0.709626778467151,0.5750000000000001,0.06463868683908475
0.709626778467151,0.6,0.06816414892176681
0.709626778467151,0.6250000000000001,0.07179790295782339
0.709626778467151,0.65,0.0755486541802591
0.709626778467151,0.6750000000000002,0.07942584260529183
0.709626778467151,0.7000000000000001,0.08343973206264742
0.709626778467151,0.725,0.08760151181929277
0.709626778467151,0.7500000000000001,0.09192341297230347
0.709626778467151,0.775,0.09641884222305099
0.709626778467151,0.8000000000000002,0.1011025361827866
0.709626778467151,0.8250000000000001,0.10599074002583787
0.709626778467151,0.85,0.1111014151358844
0.709626778467151,0.8750000000000001,0.11645448142871558
0.709626778467151,0.9,0.12207210134151106
0.7962143411069947,-0.9,-0.12020449092297429
0.7962143411069947,-0.875,-0.11458027248012419
0.7962143411069947,-0.85,-0.10923080180168052
0.7962143411069947,-0.825,-0.104132460370929
0.7962143411069947,-0.8,-0.09926409259583552
0.7962143411069947,-0.775,-0.09460668534439741
0.7962143411069947,-0.75,-0.09014309580672569
0.7962143411069947,-0.725,-0.08585781936033869
0.7962143411069947,-0.7,-0.08173679071188611
0.7962143411069947,-0.675,-0.07776721284852414
0.7962143411069947,-0.65,-0.07393740933251167
0.7962143411069947,-0.625,-0.07023669627138798
0.7962143411069947,-0.6,-0.06665527093744154
0.7962143411069947,-0.575,-0.06318411452780096
0.7962143411069947,-0.55,-0.05981490697631032
0.7962143411069947,-0.525,-0.05653995207047064
0.7962143411069947,-0.5,-0.053352111406764706
0.7962143411069947,-0.475,-0.05024474594787165
0.7962143411069947,-0.45,-0.04721166413525229
0.7962143411069947,-0.425,-0.04424707566796288
0.7962143411069947,-0.4,-0.041345550189389985
0.7962143411069947,-0.375,-0.038501980232727676
0.7962143411069947,-0.35,-0.03571154786731926
0.7962143411069947,-0.32499999999999996,-0.03296969456457844
0.7962143411069947,-0.29999999999999993,-0.030272093866617424
0.7962143411069947,-0.275,-0.02761462649498714
0.7962143411069947,-0.25,-0.024993357582743715
0.7962143411069947,-0.22499999999999998,-0.022404515751757358
0.7962143411069947,-0.19999999999999996,-0.01984447378988575
0.7962143411069947,-0.17499999999999993,-0.017309730710256207
0.7962143411069947,-0.15000000000000002,-0.01479689499818756
0.7962143411069947,-0.125,-0.012302668870846125
0.7962143411069947,-0.09999999999999998,-0.009823833391073879
0.7962143411069947,-0.07499999999999996,-0.007357234290359202
0.7962143411069947,-0.04999999999999993,-0.004899768366975493
0.7962143411069947,-0.025000000000000022,-0.0024483703341544347
0.7962143411069947,0.0,2.4532694666933983e-18
0.7962143411069947,0.025000000000000022,0.002448370334154436
0.7962143411069947,0.050000000000000044,0.004899768366975506
0.7962143411069947,0.07500000000000007,0.0073572342903592105
0.7962143411069947,0.09999999999999998,0.009823833391073882
0.7962143411069947,0.1250000000000001,0.012302668870846137
0.7962143411069947,0.15000000000000002,0.01479689499818756
0.7962143411069947,0.17499999999999993,0.017309730710256207
0.7962143411069947,0.20000000000000007,0.01984447378988576
0.7962143411069947,0.22499999999999998,0.022404515751757368
0.7962143411069947,0.2500000000000001,0.024993357582743722
0.7962143411069947,0.275,0.02761462649498715
0.7962143411069947,0.30000000000000016,0.030272093866617455
0.7962143411069947,0.32500000000000007,0.03296969456457846
0.7962143411069947,0.35,0.03571154786731927
0.7962143411069947,0.3750000000000001,0.03850198023272768
0.7962143411069947,0.4,0.041345550189389985
0.7962143411069947,0.42500000000000016,0.044247075667962904
0.7962143411069947,0.45000000000000007,0.047211664135252275
0.7962143411069947,0.475,0.05024474594787164
0.7962143411069947,0.5000000000000001,0.053352111406764706
0.7962143411069947,0.525,0.05653995207047064
0.7962143411069947,0.5500000000000002,0.0598149069763103
0.7962143411069947,0.5750000000000001,0.06318411452780097
0.7962143411069947,0.6,0.06665527093744154
0.7962143411069947,0.6250000000000001,0.070236696271388
0.7962143411069947,0.65,0.07393740933251167
0.7962143411069947,0.6750000000000002,0.07776721284852414
0.7962143411069947,0.7000000000000001,0.08173679071188612
0.7962143411069947,0.725,0.08585781936033869
0.7962143411069947,0.7500000000000001,0.09014309580672566
0.7962143411069947,0.775,0.09460668534439744
0.7962143411069947,0.8000000000000002,0.09926409259583553
0.7962143411069947,0.8250000000000001,0.10413246037092902
0.7962143411069947,0.85,0.10923080180168052
0.7962143411069947,0.8750000000000001,0.11458027248012423
0.7962143411069947,0.9,0.12020449092297429
0.8933671843019266,-0.9,-0.11800791034698707
0.8933671843019266,-0.875,-0.1123987785282408
0.8933671843019266,-0.85,-0.10707310834410637
0.8933671843019266,-0.825,-0.10200593517254711
0.8933671843019266,-0.8,-0.09717497135393877
0.8933671843019266,-0.775,-0.09256024897797743
0.8933671843019266,-0.75,-0.08814381792823071
0.8933671843019266,-0.725,-0.08390948943166575
0.8933671843019266,-0.7,-0.0798426172768674
0.8933671843019266,-0.675,-0.07592991036734201
0.8933671843019266,-0.65,-0.07215927146217097
0.8933671843019266,-0.625,-0.06851965789782766
0.8933671843019266,-0.6,-0.06500096083685221
0.8933671843019266,-0.575,-0.06159390019278948
0.8933671843019266,-0.55,-0.058289932868055006
0.8933671843019266,-0.525,-0.05508117233660415
0.8933671843019266,-0.5,-0.05196031792533582
0.8933671843019266,-0.475,-0.04892059241176449
0.8933671843019266,-0.45,-0.045955686772165084
0.8933671843019266,-0.425,-0.0430597110931907
0.8933671843019266,-0.4,-0.04022715080805758
0.8933671843019266,-0.375,-0.03745282754147907
0.8933671843019266,-0.35,-0.03473186395016428
0.8933671843019266,-0.32499999999999996,-0.03205965203152164
0.8933671843019266,-0.29999999999999993,-0.029431824445164352
0.8933671843019266,-0.275,-0.026844228452273515
0.8933671843019266,-0.25,-0.024292902128761965
0.8933671843019266,-0.22499999999999998,-0.02177405255106348
0.8933671843019266,-0.19999999999999996,-0.019284035689521264
0.8933671843019266,-0.17499999999999993,-0.01681933777481286
0.8933671843019266,-0.15000000000000002,-0.014376557928474995
0.8933671843019266,-0.125,-0.011952391870081066
0.8933671843019266,-0.09999999999999998,-0.009543616531544081
0.8933671843019266,-0.07499999999999996,-0.0071470754238333834
0.8933671843019266,-0.04999999999999993,-0.00475966461347909
0.8933671843019266,-0.025000000000000022,-0.0023783191758934845
0.8933671843019266,0.0,1.2266347333466992e-18
0.8933671843019266,0.025000000000000022,0.0023783191758934893
0.8933671843019266,0.050000000000000044,0.0047596646134791
0.8933671843019266,0.07500000000000007,0.007147075423833398
0.8933671843019266,0.09999999999999998,0.009543616531544083
0.8933671843019266,0.1250000000000001,0.011952391870081078
0.8933671843019266,0.15000000000000002,0.014376557928474995
0.8933671843019266,0.17499999999999993,0.01681933777481286
0.8933671843019266,0.20000000000000007,0.019284035689521282
0.8933671843019266,0.22499999999999998,0.02177405255106349
0.8933671843019266,0.2500000000000001,0.024292902128761985
0.8933671843019266,0.275,0.026844228452273515
0.8933671843019266,0.30000000000000016,0.02943182444516439
0.8933671843019266,0.32500000000000007,0.03205965203152166
0.8933671843019266,0.35,0.03473186395016428
0.8933671843019266,0.3750000000000001,0.0374528275414791
0.8933671843019266,0.4,0.040227150808057575
0.8933671843019266,0.42500000000000016,0.04305971109319071
0.8933671843019266,0.45000000000000007,0.045955686772165084
0.8933671843019266,0.475,0.04892059241176449
0.8933671843019266,0.5000000000000001,0.05196031792533582
0.8933671843019266,0.525,0.05508117233660415
0.8933671843019266,0.5500000000000002,0.05828993286805504
0.8933671843019266,0.5750000000000001,0.061593900192789514
0.8933671843019266,0.6,0.0650009608368522
0.8933671843019266,0.6250000000000001,0.06851965789782768
0.8933671843019266,0.65,0.07215927146217097
0.8933671843019266,0.6750000000000002,0.07592991036734201
0.8933671843019266,0.7000000000000001,0.07984261727686741
0.8933671843019266,0.725,0.08390948943166575
0.8933671843019266,0.7500000000000001,0.08814381792823074
0.8933671843019266,0.775,0.09256024897797743
0.8933671843019266,0.8000000000000002,0.09717497135393877
0.8933671843019266,0.8250000000000001,0.10200593517254714
0.8933671843019266,0.85,0.10707310834410637
0.8933671843019266,0.8750000000000001,0.1123987785282408
0.8933671843019266,0.9,0.11800791034698707
1.0023744672545452,-0.9,-0.11551415614175582
1.0023744672545452,-0.875,-0.10994119669464142
1.0023744672545452,-0.85,-0.104658825247874
1.0023744672545452,-0.825,-0.09964086465696899
1.0023744672545452,-0.8,-0.094864018072894
1.0023744672545452,-0.775,-0.09030747549112574
1.0023744672545452,-0.75,-0.08595258261409137
1.0023744672545452,-0.725,-0.0817825607774541
1.0023744672545452,-0.7,-0.07778226895084533
1.0023744672545452,-0.675,-0.07393800058522593
1.0023744672545452,-0.65,-0.07023730946133222
1.0023744672545452,-0.625,-0.06666885978523006
1.0023744672545452,-0.6,-0.06322229664421418
1.0023744672545452,-0.575,-0.05988813362921726
1.0023744672545452,-0.55,-0.05665765498656913
1.0023744672545452,-0.525,-0.053522830111470264
1.0023744672545452,-0.5,-0.050476238560319124
1.0023744672545452,-0.475,-0.04751100405640675
1.0023744672545452,-0.45,-0.04462073620698655
1.0023744672545452,-0.425,-0.04179947884992556
1.0023744672545452,-0.4,-0.0390416641133887
1.0023744672545452,-0.375,-0.036342071408895255
1.0023744672545452,-0.35,-0.03369579069186545
1.0023744672545452,-0.32499999999999996,-0.031098189418634684
1.0023744672545452,-0.29999999999999993,-0.028544882708215598
1.0023744672545452,-0.275,-0.026031706283539683
1.0023744672545452,-0.25,-0.02355469182269712
1.0023744672545452,-0.22499999999999998,-0.021110044397590226
1.0023744672545452,-0.19999999999999996,-0.018694121716860485
1.0023744672545452,-0.17499999999999993,-0.01630341492311871
1.0023744672545452,-0.15000000000000002,-0.013934530722356142
1.0023744672545452,-0.125,-0.011584174646724399
1.0023744672545452,-0.09999999999999998,-0.009249135271279534
1.0023744672545452,-0.07499999999999996,-0.006926269221306382
1.0023744672545452,-0.04999999999999993,-0.0046124868198917975
1.0023744672545452,-0.025000000000000022,-0.0023047382358319054
1.0023744672545452,0.0,-1.2266347333466992e-18
1.0023744672545452,0.025000000000000022,0.0023047382358319067
1.0023744672545452,0.050000000000000044,0.00461248681989181
1.0023744672545452,0.07500000000000007,0.00692626922130639
1.0023744672545452,0.09999999999999998,0.009249135271279534
1.0023744672545452,0.1250000000000001,0.01158417464672441
1.0023744672545452,0.15000000000000002,0.01393453072235614
1.0023744672545452,0.17499999999999993,0.016303414923118712
1.0023744672545452,0.20000000000000007,0.0186941217168605
1.0023744672545452,0.22499999999999998,0.021110044397590226
1.0023744672545452,0.2500000000000001,0.023554691822697135
1.0023744672545452,0.275,0.026031706283539683
1.0023744672545452,0.30000000000000016,0.028544882708215626
1.0023744672545452,0.32500000000000007,0.031098189418634705
1.0023744672545452,0.35,0.03369579069186546
1.0023744672545452,0.3750000000000001,0.03634207140889527
1.0023744672545452,0.4,0.03904166411338869
1.0023744672545452,0.42500000000000016,0.04179947884992556
1.0023744672545452,0.45000000000000007,0.04462073620698657
1.0023744672545452,0.475,0.047511004056406736
1.0023744672545452,0.5000000000000001,0.050476238560319124
1.0023744672545452,0.525,0.053522830111470264
1.0023744672545452,0.5500000000000002,0.05665765498656914
1.0023744672545452,0.5750000000000001,0.05988813362921727
1.0023744672545452,0.6,0.0632222966442142
1.0023744672545452,0.6250000000000001,0.06666885978523007
1.0023744672545452,0.65,0.07023730946133222
1.0023744672545452,0.6750000000000002,0.07393800058522593
1.0023744672545452,0.7000000000000001,0.07778226895084536
1.0023744672545452,0.725,0.0817825607774541
1.0023744672545452,0.7500000000000001,0.0859525826140914
1.0023744672545452,0.775,0.09030747549112575
1.0023744672545452,0.8000000000000002,0.094864018072894
1.0023744672545452,0.8250000000000001,0.09964086465696903
1.0023744672545452,0.85,0.10465882524787398
1.0023744672545452,0.8750000000000001,0.10994119669464143
1.0023744672545452,0.9,0.11551415614175581
1.1246826503806984,-0.9,-0.11275760534940422
1.1246826503806984,-0.875,-0.10724092948735643
1.1246826503806984,-0.85,-0.10202031576701105
1.1246826503806984,-0.825,-0.09706852749997033
1.1246826503806984,-0.8,-0.09236139693172928
1.1246826503806984,-0.775,-0.0878773968436895
1.1246826503806984,-0.75,-0.08359728149259127
1.1246826503806984,-0.725,-0.07950378410576127
1.1246826503806984,-0.7,-0.07558136077161146
1.1246826503806984,-0.675,-0.0718159725960702
1.1246826503806984,-0.65,-0.0681948995809271
1.1246826503806984,-0.625,-0.06470658092558895
1.1246826503806984,-0.6,-0.06134047743848812
1.1246826503806984,-0.575,-0.05808695252761111
1.1246826503806984,-0.55,-0.05493716886609309
1.1246826503806984,-0.525,-0.05188299833261654
1.1246826503806984,-0.5,-0.04891694323355152
1.1246826503806984,-0.475,-0.046032067144485794
1.1246826503806984,-0.45,-0.043221933978612515
1.1246826503806984,-0.425,-0.04048055411052951
1.1246826503806984,-0.4,-0.037802336565894934
1.1246826503806984,-0.375,-0.03518204643759187
1.1246826503806984,-0.35,-0.032614766813537525
1.1246826503806984,-0.32499999999999996,-0.030095864604762435
1.1246826503806984,-0.29999999999999993,-0.02762095974867201
1.1246826503806984,-0.275,-0.02518589733452311
1.1246826503806984,-0.25,-0.022786722258549254
1.1246826503806984,-0.22499999999999998,-0.02041965606682761
1.1246826503806984,-0.19999999999999996,-0.018081075686501406
1.1246826503806984,-0.17499999999999993,-0.015767493781655147
1.1246826503806984,-0.15000000000000002,-0.013475540500045314
1.1246826503806984,-0.125,-0.011201946401878262
1.1246826503806984,-0.09999999999999998,-0.008943526382600575
1.1246826503806984,-0.07499999999999996,-0.006697164418792255
1.1246826503806984,-0.04999999999999993,-0.004459798980188744
1.1246826503806984,-0.025000000000000022,-0.0022284089619669205
1.1246826503806984,0.0,-0.0
1.1246826503806984,0.025000000000000022,0.002228408961966922
1.1246826503806984,0.050000000000000044,0.004459798980188751
1.1246826503806984,0.07500000000000007,0.006697164418792263
1.1246826503806984,0.09999999999999998,0.008943526382600575
1.1246826503806984,0.1250000000000001,0.011201946401878273
1.1246826503806984,0.15000000000000002,0.013475540500045314
1.1246826503806984,0.17499999999999993,0.01576749378165515
1.1246826503806984,0.20000000000000007,0.018081075686501424
1.1246826503806984,0.22499999999999998,0.02041965606682762
1.1246826503806984,0.2500000000000001,0.02278672225854927
1.1246826503806984,0.275,0.025185897334523113
1.1246826503806984,0.30000000000000016,0.02762095974867203
1.1246826503806984,0.32500000000000007,0.030095864604762452
1.1246826503806984,0.35,0.03261476681353752
1.1246826503806984,0.3750000000000001,0.03518204643759186
1.1246826503806984,0.4,0.037802336565894934
1.1246826503806984,0.42500000000000016,0.04048055411052953
1.1246826503806984,0.45000000000000007,0.0432219339786125
1.1246826503806984,0.475,0.04603206714448579
1.1246826503806984,0.5000000000000001,0.04891694323355152
1.1246826503806984,0.525,0.05188299833261654
1.1246826503806984,0.5500000000000002,0.05493716886609313
1.1246826503806984,0.5750000000000001,0.05808695252761113
1.1246826503806984,0.6,0.061340477438488104
1.1246826503806984,0.6250000000000001,0.06470658092558898
1.1246826503806984,0.65,0.0681948995809271
1.1246826503806984,0.6750000000000002,0.07181597259607023
1.1246826503806984,0.7000000000000001,0.07558136077161146
1.1246826503806984,0.725,0.07950378410576127
1.1246826503806984,0.7500000000000001,0.08359728149259125
1.1246826503806984,0.775,0.0878773968436895
1.1246826503806984,0.8000000000000002,0.09236139693172928
1.1246826503806984,0.8250000000000001,0.09706852749997034
1.1246826503806984,0.85,0.10202031576701105
1.1246826503806984,0.8750000000000001,0.10724092948735643
1.1246826503806984,0.9,0.11275760534940424
1.2619146889603867,-0.9,-0.1097741719809451
1.2619146889603867,-0.875,-0.10433259426985908
1.2619146889603867,-0.85,-0.09919087816292321
1.2619146889603867,-0.825,-0.0943208949630346
1.2619146889603867,-0.8,-0.08969775538929747
1.2619146889603867,-0.775,-0.08529934825845024
1.2619146889603867,-0.75,-0.08110595533784591
1.2619146889603867,-0.725,-0.07709992805631798
1.2619146889603867,-0.7,-0.07326541475019886
1.2619146889603867,-0.675,-0.06958812942725229
1.2619146889603867,-0.65,-0.06605515482150444
1.2619146889603867,-0.625,-0.062654773911747
1.2619146889603867,-0.6,-0.05937632517818167
1.2619146889603867,-0.575,-0.05621007774415064
1.2619146889603867,-0.55,-0.053147123244915946
1.2619146889603867,-0.525,-0.0501792818221887
1.2619146889603867,-0.5,-0.047299020091443676
1.2619146889603867,-0.475,-0.04449937929189157
1.2619146889603867,-0.45,-0.041773912124022226
1.2619146889603867,-0.425,-0.03911662702061342
1.2619146889603867,-0.4,-0.0365219387947538
1.2619146889603867,-0.375,-0.033984624771184094
1.2619146889603867,-0.35,-0.03149978564176754
1.2619146889603867,-0.32499999999999996,-0.029062810397432724
1.2619146889603867,-0.29999999999999993,-0.026669344781691168
1.2619146889603867,-0.275,-0.024315262788179016
1.2619146889603867,-0.25,-0.02199664078930594
1.2619146889603867,-0.22499999999999998,-0.019709733937189663
1.2619146889603867,-0.19999999999999996,-0.01745095452336882
1.2619146889603867,-0.17499999999999993,-0.01521685202174531
1.2619146889603867,-0.15000000000000002,-0.013004094570964268
1.2619146889603867,-0.125,-0.010809451678934528
1.2619146889603867,-0.09999999999999998,-0.008629777954186502
1.2619146889603867,-0.07499999999999996,-0.006461997686871987
1.2619146889603867,-0.04999999999999993,-0.004303090116929471
1.2619146889603867,-0.025000000000000022,-0.0021500752386607314
1.2619146889603867,0.0,-0.0
1.2619146889603867,0.025000000000000022,0.0021500752386607314
1.2619146889603867,0.050000000000000044,0.00430309011692948
1.2619146889603867,0.07500000000000007,0.006461997686871997
1.2619146889603867,0.09999999999999998,0.008629777954186502
1.2619146889603867,0.1250000000000001,0.010809451678934535
1.2619146889603867,0.15000000000000002,0.013004094570964266
1.2619146889603867,0.17499999999999993,0.015216852021745317
1.2619146889603867,0.20000000000000007,0.017450954523368832
1.2619146889603867,0.22499999999999998,0.019709733937189673
1.2619146889603867,0.2500000000000001,0.021996640789305955
1.2619146889603867,0.275,0.02431526278817902
1.2619146889603867,0.30000000000000016,0.026669344781691192
1.2619146889603867,0.32500000000000007,0.029062810397432737
1.2619146889603867,0.35,0.03149978564176754
1.2619146889603867,0.3750000000000001,0.03398462477118411
1.2619146889603867,0.4,0.0365219387947538
1.2619146889603867,0.42500000000000016,0.03911662702061343
1.2619146889603867,0.45000000000000007,0.04177391212402222
1.2619146889603867,0.475,0.04449937929189158
1.2619146889603867,0.5000000000000001,0.04729902009144371
1.2619146889603867,0.525,0.0501792818221887
1.2619146889603867,0.5500000000000002,0.053147123244915946
1.2619146889603867,0.5750000000000001,0.05621007774415066
1.2619146889603867,0.6,0.05937632517818165
1.2619146889603867,0.6250000000000001,0.06265477391174702
1.2619146889603867,0.65,0.06605515482150444
1.2619146889603867,0.6750000000000002,0.06958812942725233
1.2619146889603867,0.7000000000000001,0.07326541475019888
1.2619146889603867,0.725,0.07709992805631799
1.2619146889603867,0.7500000000000001,0.08110595533784597
1.2619146889603867,0.775,0.08529934825845022
1.2619146889603867,0.8000000000000002,0.08969775538929747
1.2619146889603867,0.8250000000000001,0.09432089496303457
1.2619146889603867,0.85,0.09919087816292321
1.2619146889603867,0.8750000000000001,0.10433259426985914
1.2619146889603867,0.9,0.1097741719809451
1.4158915687682763,-0.9,-0.10660031567932103
1.4158915687682763,-0.875,-0.10125109419396347
1.4158915687682763,-0.85,-0.09620387652640705
1.4158915687682763,-0.825,-0.09142981892660874
1.4158915687682763,-0.8,-0.08690346658723434
1.4158915687682763,-0.775,-0.08260226208615871
1.4158915687682763,-0.75,-0.07850613649370712
1.4158915687682763,-0.725,-0.07459716733462186
1.4158915687682763,-0.7,-0.07085929095580952
1.4158915687682763,-0.675,-0.06727805942869965
1.4158915687682763,-0.65,-0.06384043410721332
1.4158915687682763,-0.625,-0.060534609513046414
1.4158915687682763,-0.6,-0.057349862435275976
1.4158915687682763,-0.575,-0.05427642208987749
1.4158915687682763,-0.55,-0.051305357945438786
1.4158915687682763,-0.525,-0.04842848242850495
1.4158915687682763,-0.5,-0.04563826620923105
1.4158915687682763,-0.475,-0.04292776416105938
1.4158915687682763,-0.45,-0.04029055040673983
1.4158915687682763,-0.425,-0.037720661122465346
1.4158915687682763,-0.4,-0.03521254398410028
1.4158915687682763,-0.375,-0.03276101331374496
1.4158915687682763,-0.35,-0.030361210128531498
1.4158915687682763,-0.32499999999999996,-0.02800856641237038
1.4158915687682763,-0.29999999999999993,-0.025698773029962704
1.4158915687682763,-0.275,-0.023427750784426597
1.4158915687682763,-0.25,-0.02119162418829326
1.4158915687682763,-0.22499999999999998,-0.018986697574770683
1.4158915687682763,-0.19999999999999996,-0.016809433223951092
1.4158915687682763,-0.17499999999999993,-0.014656431218592503
1.4158915687682763,-0.15000000000000002,-0.012524410777478344
1.4158915687682763,-0.125,-0.010410192842162137
1.4158915687682763,-0.09999999999999998,-0.008310683715953166
1.4158915687682763,-0.07499999999999996,-0.006222859572953712
1.4158915687682763,-0.04999999999999993,-0.004143751670348917
1.4158915687682763,-0.025000000000000022,-0.0020704321093969933
1.4158915687682763,0.0,1.8399521000200487e-18
1.4158915687682763,0.025000000000000022,0.0020704321093969946
1.4158915687682763,0.050000000000000044,0.004143751670348924
1.4158915687682763,0.07500000000000007,0.0062228595729537225
1.4158915687682763,0.09999999999999998,0.008310683715953166
1.4158915687682763,0.1250000000000001,0.010410192842162146
1.4158915687682763,0.15000000000000002,0.012524410777478344
1.4158915687682763,0.17499999999999993,0.014656431218592504
1.4158915687682763,0.20000000000000007,0.01680943322395111
1.4158915687682763,0.22499999999999998,0.018986697574770686
1.4158915687682763,0.2500000000000001,0.021191624188293276
1.4158915687682763,0.275,0.023427750784426597
1.4158915687682763,0.30000000000000016,0.025698773029962728
1.4158915687682763,0.32500000000000007,0.02800856641237039
1.4158915687682763,0.35,0.03036121012853149
1.4158915687682763,0.3750000000000001,0.03276101331374497
1.4158915687682763,0.4,0.03521254398410027
1.4158915687682763,0.42500000000000016,0.03772066112246536
1.4158915687682763,0.45000000000000007,0.04029055040673984
1.4158915687682763,0.475,0.04292776416105938
1.4158915687682763,0.5000000000000001,0.045638266209231074
1.4158915687682763,0.525,0.048428482428504935
1.4158915687682763,0.5500000000000002,0.051305357945438786
1.4158915687682763,0.5750000000000001,0.054276422089877506
1.4158915687682763,0.6,0.057349862435275976
1.4158915687682763,0.6250000000000001,0.06053460951304642
1.4158915687682763,0.65,0.06384043410721331
1.4158915687682763,0.6750000000000002,0.06727805942869965
1.4158915687682763,0.7000000000000001,0.07085929095580952
1.4158915687682763,0.725,0.07459716733462185
1.4158915687682763,0.7500000000000001,0.07850613649370712
1.4158915687682763,0.775,0.08260226208615871
1.4158915687682763,0.8000000000000002,0.08690346658723436
1.4158915687682763,0.8250000000000001,0.09142981892660876
1.4158915687682763,0.85,0.09620387652640705
1.4158915687682763,0.8750000000000001,0.10125109419396346
1.4158915687682763,0.9,0.10660031567932103
1.5886564694485636,-0.9,-0.1032721438907424
1.5886564694485636,-0.875,-0.0980307872273367
1.5886564694485636,-0.85,-0.09309197254875726
1.5886564694485636,-0.825,-0.08842632231176586
1.5886564694485636,-0.8,-0.08400797442973497
1.5886564694485636,-0.775,-0.07981406370479192
1.5886564694485636,-0.75,-0.07582429194079861
1.5886564694485636,-0.725,-0.07202056950072544
1.5886564694485636,-0.7,-0.06838671479454125
1.5886564694485636,-0.675,-0.06490820102536114
1.5886564694485636,-0.65,-0.061571941707953756
1.5886564694485636,-0.625,-0.058366108168473575
1.5886564694485636,-0.6,-0.055279973557240014
1.5886564694485636,-0.575,-0.05230377894598123
1.5886564694485636,-0.55,-0.04942861790302685
1.5886564694485636,-0.525,-0.04664633659385953
1.5886564694485636,-0.5,-0.04394944697754098
1.5886564694485636,-0.475,-0.04133105109021656
1.5886564694485636,-0.45,-0.03878477474693281
1.5886564694485636,-0.425,-0.03630470926914456
1.5886564694485636,-0.4,-0.033885360070552775
1.5886564694485636,-0.375,-0.031521601118443515
1.5886564694485636,-0.35,-0.02920863443945084
1.5886564694485636,-0.32499999999999996,-0.026941953963907233
1.5886564694485636,-0.29999999999999993,-0.02471731310664434
1.5886564694485636,-0.275,-0.022530695568210114
1.5886564694485636,-0.25,-0.020378288912132503
1.5886564694485636,-0.22499999999999998,-0.018256460533614686
1.5886564694485636,-0.19999999999999996,-0.01616173568492419
1.5886564694485636,-0.17499999999999993,-0.014090777264382372
1.5886564694485636,-0.15000000000000002,-0.012040367110594615
1.5886564694485636,-0.125,-0.010007388572458786
1.5886564694485636,-0.09999999999999998,-0.007988810149416586
1.5886564694485636,-0.07499999999999996,-0.005981670016067134
1.5886564694485636,-0.04999999999999993,-0.003983061261206015
1.5886564694485636,-0.025000000000000022,-0.0019901176840294316
1.5886564694485636,0.0,6.133173666733496e-19
1.5886564694485636,0.025000000000000022,0.001990117684029433
1.5886564694485636,0.050000000000000044,0.003983061261206024
1.5886564694485636,0.07500000000000007,0.005981670016067144
1.5886564694485636,0.09999999999999998,0.007988810149416586
1.5886564694485636,0.1250000000000001,0.010007388572458796
1.5886564694485636,0.15000000000000002,0.012040367110594617
1.5886564694485636,0.17499999999999993,0.014090777264382376
1.5886564694485636,0.20000000000000007,0.0161617356849242
1.5886564694485636,0.22499999999999998,0.018256460533614696
1.5886564694485636,0.2500000000000001,0.020378288912132513
1.5886564694485636,0.275,0.022530695568210114
1.5886564694485636,0.30000000000000016,0.024717313106644365
1.5886564694485636,0.32500000000000007,0.026941953963907243
1.5886564694485636,0.35,0.029208634439450838
1.5886564694485636,0.3750000000000001,0.03152160111844352
1.5886564694485636,0.4,0.033885360070552775
1.5886564694485636,0.42500000000000016,0.036304709269144586
1.5886564694485636,0.45000000000000007,0.0387847747469328
1.5886564694485636,0.475,0.041331051090216564
1.5886564694485636,0.5000000000000001,0.04394944697754099
1.5886564694485636,0.525,0.04664633659385953
1.5886564694485636,0.5500000000000002,0.04942861790302686
1.5886564694485636,0.5750000000000001,0.05230377894598125
1.5886564694485636,0.6,0.05527997355724002
1.5886564694485636,0.6250000000000001,0.05836610816847357
1.5886564694485636,0.65,0.06157194170795374
1.5886564694485636,0.6750000000000002,0.06490820102536117
1.5886564694485636,0.7000000000000001,0.06838671479454127
1.5886564694485636,0.725,0.07202056950072541
1.5886564694485636,0.7500000000000001,0.07582429194079864
1.5886564694485636,0.775,0.07981406370479192
1.5886564694485636,0.8000000000000002,0.08400797442973497
1.5886564694485636,0.8250000000000001,0.08842632231176586
1.5886564694485636,0.85,0.09309197254875727
1.5886564694485636,0.8750000000000001,0.0980307872273367
1.5886564694485636,0.9,0.10327214389074238
1.782501876267492,-0.9,-0.09982463689384699
1.782501876267492,-0.875,-0.09470477827103219
1.782501876267492,-0.85,-0.08988647937573782
1.782501876267492,-0.825,-0.08534000961465671
1.782501876267492,-0.8,-0.08103925606665545
1.782501876267492,-0.775,-0.07696118155352426
1.782501876267492,-0.75,-0.07308537681541967
1.782501876267492,-0.725,-0.06939368822892225
1.782501876267492,-0.7,-0.06586990657259623
1.782501876267492,-0.675,-0.0624995054359056
1.782501876267492,-0.65,-0.0592694202357768
1.782501876267492,-0.625,-0.056167860633883265
1.782501876267492,-0.6,-0.053184150570076645
1.782501876267492,-0.575,-0.05030859124122114
1.782501876267492,-0.55,-0.047532343232565985
1.782501876267492,-0.525,-0.04484732470494268
1.782501876267492,-0.5,-0.042246123096314044
1.782501876267492,-0.475,-0.039721918241480726
1.782501876267492,-0.45,-0.037268415172697494
1.782501876267492,-0.425,-0.034879785154716035
1.782501876267492,-0.4,-0.032550613744391055
1.782501876267492,-0.375,-0.03027585485837426
1.782501876267492,-0.35,-0.028050789991107418
1.782501876267492,-0.32499999999999996,-0.02587099185602148
1.782501876267492,-0.29999999999999993,-0.02373229183084792
1.782501876267492,-0.275,-0.021630750677456425
1.782501876267492,-0.25,-0.019562632080998975
1.782501876267492,-0.22499999999999998,-0.01752437861504403
1.782501876267492,-0.19999999999999996,-0.015512589790976122
1.782501876267492,-0.17499999999999993,-0.013524001892947538
1.782501876267492,-0.15000000000000002,-0.011555469335495214
1.782501876267492,-0.125,-0.009603947310705144
1.782501876267492,-0.09999999999999998,-0.007666475516427396
1.782501876267492,-0.07499999999999996,-0.005740162777249606
1.782501876267492,-0.04999999999999993,-0.003822172386311672
1.782501876267492,-0.025000000000000022,-0.001909708009054216
1.782501876267492,0.0,-0.0
1.782501876267492,0.025000000000000022,0.001909708009054216
1.782501876267492,0.050000000000000044,0.0038221723863116792
1.782501876267492,0.07500000000000007,0.005740162777249615
1.782501876267492,0.09999999999999998,0.007666475516427395
1.782501876267492,0.1250000000000001,0.009603947310705149
1.782501876267492,0.15000000000000002,0.011555469335495219
1.782501876267492,0.17499999999999993,0.01352400189294754
1.782501876267492,0.20000000000000007,0.015512589790976142
1.782501876267492,0.22499999999999998,0.01752437861504403
1.782501876267492,0.2500000000000001,0.019562632080998985
1.782501876267492,0.275,0.021630750677456432
1.782501876267492,0.30000000000000016,0.02373229183084793
1.782501876267492,0.32500000000000007,0.02587099185602148
1.782501876267492,0.35,0.028050789991107408
1.782501876267492,0.3750000000000001,0.03027585485837427
1.782501876267492,0.4,0.032550613744391055
1.782501876267492,0.42500000000000016,0.034879785154716035
1.782501876267492,0.45000000000000007,0.0372684151726975
1.782501876267492,0.475,0.03972191824148072
1.782501876267492,0.5000000000000001,0.04224612309631405
1.782501876267492,0.525,0.044847324704942675
1.782501876267492,0.5500000000000002,0.04753234323256601
1.782501876267492,0.5750000000000001,0.050308591241221154
1.782501876267492,0.6,0.053184150570076645
1.782501876267492,0.6250000000000001,0.056167860633883286
1.782501876267492,0.65,0.0592694202357768
1.782501876267492,0.6750000000000002,0.062499505435905614
1.782501876267492,0.7000000000000001,0.06586990657259625
1.782501876267492,0.725,0.06939368822892224
1.782501876267492,0.7500000000000001,0.07308537681541967
1.782501876267492,0.775,0.07696118155352427
1.782501876267492,0.8000000000000002,0.08103925606665546
1.782501876267492,0.8250000000000001,0.08534000961465675
1.782501876267492,0.85,0.08988647937573782
1.782501876267492,0.8750000000000001,0.0947047782710322
1.782501876267492,0.9,0.09982463689384699
2.0000000000000004,-0.9,-0.09629101283880169
2.0000000000000004,-0.875,-0.09130434782608694
2.0000000000000004,-0.85,-0.08661684782608693
2.0000000000000004,-0.825,-0.08219860511457985
2.0000000000000004,-0.8,-0.07802340702210665
2.0000000000000004,-0.775,-0.07406817457789105
2.0000000000000004,-0.75,-0.0703125
2.0000000000000004,-0.725,-0.06673826327094198
2.0000000000000004,-0.7,-0.06332931242460793
2.0000000000000004,-0.675,-0.060071195490952224
2.0000000000000004,-0.65,-0.05695093457943924
2.0000000000000004,-0.625,-0.053956834532374084
2.0000000000000004,-0.6,-0.051078320090805894
2.0000000000000004,-0.575,-0.048305796695603455
2.0000000000000004,-0.55,-0.045630530973451315
2.0000000000000004,-0.525,-0.043044547690625844
2.0000000000000004,-0.5,-0.04054054054054053
2.0000000000000004,-0.475,-0.038111794597485954
2.0000000000000004,-0.45,-0.03575211864406779
2.0000000000000004,-0.425,-0.03345578588297034
2.0000000000000004,-0.4,-0.031217481789802288
2.0000000000000004,-0.375,-0.02903225806451613
2.0000000000000004,-0.35,-0.026895491803278673
2.0000000000000004,-0.32499999999999996,-0.024802849147799535
2.0000000000000004,-0.29999999999999993,-0.02275025278058644
2.0000000000000004,-0.275,-0.02073385272681578
2.0000000000000004,-0.25,-0.018749999999999992
2.0000000000000004,-0.22499999999999998,-0.01679522269221199
2.0000000000000004,-0.19999999999999996,-0.01486620416253716
2.0000000000000004,-0.17499999999999993,-0.012959763021476172
2.0000000000000004,-0.15000000000000002,-0.011072834645669289
2.0000000000000004,-0.125,-0.009202453987730059
2.0000000000000004,-0.09999999999999998,-0.007345739471106757
2.0000000000000004,-0.07499999999999996,-0.005499877780493761
2.0000000000000004,-0.04999999999999993,-0.003662109374999994
2.0000000000000004,-0.025000000000000022,-0.001829714564527935
2.0000000000000004,0.0,-1.2266347333466992e-18
2.0000000000000004,0.025000000000000022,0.0018297145645279362
2.0000000000000004,0.050000000000000044,0.003662109375000002
2.0000000000000004,0.07500000000000007,0.0054998777804937705
2.0000000000000004,0.09999999999999998,0.007345739471106755
2.0000000000000004,0.1250000000000001,0.009202453987730067
2.0000000000000004,0.15000000000000002,0.011072834645669292
2.0000000000000004,0.17499999999999993,0.012959763021476176
2.0000000000000004,0.20000000000000007,0.014866204162537165
2.0000000000000004,0.22499999999999998,0.01679522269221199
2.0000000000000004,0.2500000000000001,0.018750000000000006
2.0000000000000004,0.275,0.020733852726815778
2.0000000000000004,0.30000000000000016,0.022750252780586455
2.0000000000000004,0.32500000000000007,0.024802849147799542
2.0000000000000004,0.35,0.026895491803278673
2.0000000000000004,0.3750000000000001,0.029032258064516134
2.0000000000000004,0.4,0.031217481789802295
2.0000000000000004,0.42500000000000016,0.03345578588297036
2.0000000000000004,0.45000000000000007,0.0357521186440678
2.0000000000000004,0.475,0.03811179459748595
2.0000000000000004,0.5000000000000001,0.040540540540540536
2.0000000000000004,0.525,0.04304454769062585
2.0000000000000004,0.5500000000000002,0.04563053097345134
2.0000000000000004,0.5750000000000001,0.04830579669560347
2.0000000000000004,0.6,0.051078320090805894
2.0000000000000004,0.6250000000000001,0.053956834532374084
2.0000000000000004,0.65,0.05695093457943924
2.0000000000000004,0.6750000000000002,0.060071195490952245
2.0000000000000004,0.7000000000000001,0.06332931242460796
2.0000000000000004,0.725,0.06673826327094198
2.0000000000000004,0.7500000000000001,0.0703125
2.0000000000000004,0.775,0.07406817457789104
2.0000000000000004,0.8000000000000002,0.07802340702210665
2.0000000000000004,0.8250000000000001,0.0821986051145799
2.0000000000000004,0.85,0.08661684782608693
2.0000000000000004,0.8750000000000001,0.09130434782608697
2.0000000000000004,0.9,0.09629101283880169
2.2440369086039285,-0.9,-0.09270223871024232
2.2440369086039285,-0.875,-0.08785852029728641
2.2440369086039285,-0.85,-0.08331028572040153
2.2440369086039285,-0.825,-0.07902761757460906
2.2440369086039285,-0.8,-0.07498434621634013
2.2440369086039285,-0.775,-0.07115747306686024
2.2440369086039285,-0.75,-0.06752669675813112
2.2440369086039285,-0.725,-0.064074021308948
2.2440369086039285,-0.7,-0.06078343019462702
2.2440369086039285,-0.675,-0.05764061369934708
2.2440369086039285,-0.65,-0.05463273962216765
2.2440369086039285,-0.625,-0.05174825946434244
2.2440369086039285,-0.6,-0.04897674381470566
2.2440369086039285,-0.575,-0.04630874188673089
2.2440369086039285,-0.55,-0.04373566113002563
2.2440369086039285,-0.525,-0.04124966360333799
2.2440369086039285,-0.5,-0.03884357640257941
2.2440369086039285,-0.475,-0.03651081392128934
2.2440369086039285,-0.45,-0.034245310109228926
2.2440369086039285,-0.425,-0.03204145920789755
2.2440369086039285,-0.4,-0.029894063695483267
2.2440369086039285,-0.375,-0.02779828838028076
2.2440369086039285,-0.35,-0.025749619750424602
2.2440369086039285,-0.32499999999999996,-0.023743829826313737
2.2440369086039285,-0.29999999999999993,-0.02177694387617726
2.2440369086039285,-0.275,-0.01984521144946521
2.2440369086039285,-0.25,-0.017945080260795578
2.2440369086039285,-0.22499999999999998,-0.016073172521967907
2.2440369086039285,-0.19999999999999996,-0.01422626337339315
2.2440369086039285,-0.17499999999999993,-0.012401261111059996
2.2440369086039285,-0.15000000000000002,-0.010595188942361042
2.2440369086039285,-0.125,-0.008805168034947174
2.2440369086039285,-0.09999999999999998,-0.0070284016482395515
2.2440369086039285,-0.07499999999999996,-0.005262160158084599
2.2440369086039285,-0.04999999999999993,-0.0035037668019145497
2.2440369086039285,-0.025000000000000022,-0.001750583985166356
2.2440369086039285,0.0,-3.066586833366748e-19
2.2440369086039285,0.025000000000000022,0.0017505839851663565
2.2440369086039285,0.050000000000000044,0.003503766801914556
2.2440369086039285,0.07500000000000007,0.005262160158084608
2.2440369086039285,0.09999999999999998,0.0070284016482395515
2.2440369086039285,0.1250000000000001,0.008805168034947183
2.2440369086039285,0.15000000000000002,0.010595188942361047
2.2440369086039285,0.17499999999999993,0.012401261111060005
2.2440369086039285,0.20000000000000007,0.014226263373393156
2.2440369086039285,0.22499999999999998,0.01607317252196791
2.2440369086039285,0.2500000000000001,0.01794508026079559
2.2440369086039285,0.275,0.019845211449465206
2.2440369086039285,0.30000000000000016,0.021776943876177273
2.2440369086039285,0.32500000000000007,0.02374382982631374
2.2440369086039285,0.35,0.025749619750424602
2.2440369086039285,0.3750000000000001,0.027798288380280766
2.2440369086039285,0.4,0.02989406369548327
2.2440369086039285,0.42500000000000016,0.03204145920789756
2.2440369086039285,0.45000000000000007,0.03424531010922893
2.2440369086039285,0.475,0.03651081392128934
2.2440369086039285,0.5000000000000001,0.03884357640257941
2.2440369086039285,0.525,0.041249663603337976
2.2440369086039285,0.5500000000000002,0.04373566113002563
2.2440369086039285,0.5750000000000001,0.0463087418867309
2.2440369086039285,0.6,0.04897674381470566
2.2440369086039285,0.6250000000000001,0.05174825946434245
2.2440369086039285,0.65,0.05463273962216766
2.2440369086039285,0.6750000000000002,0.05764061369934709
2.2440369086039285,0.7000000000000001,0.06078343019462704
2.2440369086039285,0.725,0.064074021308948
2.2440369086039285,0.7500000000000001,0.06752669675813114
2.2440369086039285,0.775,0.07115747306686024
2.2440369086039285,0.8000000000000002,0.07498434621634015
2.2440369086039285,0.8250000000000001,0.07902761757460909
2.2440369086039285,0.85,0.08331028572040149
2.2440369086039285,0.8750000000000001,0.08785852029728641
2.2440369086039285,0.9,0.09270223871024232
2.5178508235883355,-0.9,-0.08908668368181542
2.5178508235883355,-0.875,-0.08439376651434585
2.5178508235883355,-0.85,-0.0799915034246988
2.5178508235883355,-0.825,-0.07585012340644098
2.5178508235883355,-0.8,-0.07194363200571519
2.5178508235883355,-0.775,-0.06824922339709606
2.5178508235883355,-0.75,-0.06474679851673007
2.5178508235883355,-0.725,-0.06141856755094953
2.5178508235883355,-0.7,-0.05824872000678833
2.5178508235883355,-0.675,-0.05522314929452023
2.5178508235883355,-0.65,-0.05232922156045619
2.5178508235883355,-0.625,-0.0495555806550714
2.5178508235883355,-0.6,-0.04689198277566661
2.5178508235883355,-0.575,-0.04432915560668597
2.5178508235883355,-0.55,-0.04185867778431179
2.5178508235883355,-0.525,-0.039472875301432585
2.5178508235883355,-0.5,-0.0371647320940411
2.5178508235883355,-0.475,-0.03492781254774423
2.5178508235883355,-0.45,-0.0327561940615008
2.5178508235883355,-0.425,-0.030644408126382534
2.5178508235883355,-0.4,-0.028587388636523898
2.5178508235883355,-0.375,-0.026580426360176972
2.5178508235883355,-0.35,-0.024619128670767584
2.5178508235883355,-0.32499999999999996,-0.022699383778749267
2.5178508235883355,-0.29999999999999993,-0.02081732882090427
2.5178508235883355,-0.275,-0.018969321259305297
2.5178508235883355,-0.25,-0.017151913121194195
2.5178508235883355,-0.22499999999999998,-0.015361827676555634
2.5178508235883355,-0.19999999999999996,-0.013595938204553962
2.5178508235883355,-0.17499999999999993,-0.01185124854518042
2.5178508235883355,-0.15000000000000002,-0.010124875169960527
2.5178508235883355,-0.125,-0.008414030536636152
2.5178508235883355,-0.09999999999999998,-0.00671600751835577
2.5178508235883355,-0.07499999999999996,-0.005028164718876427
2.5178508235883355,-0.04999999999999993,-0.00334791250223832
2.5178508235883355,-0.025000000000000022,-0.0016726995788189597
2.5178508235883355,0.0,-0.0
2.5178508235883355,0.025000000000000022,0.0016726995788189608
2.5178508235883355,0.050000000000000044,0.003347912502238329
2.5178508235883355,0.07500000000000007,0.005028164718876435
2.5178508235883355,0.09999999999999998,0.00671600751835577
2.5178508235883355,0.1250000000000001,0.008414030536636162
2.5178508235883355,0.15000000000000002,0.010124875169960527
2.5178508235883355,0.17499999999999993,0.011851248545180422
2.5178508235883355,0.20000000000000007,0.013595938204553976
2.5178508235883355,0.22499999999999998,0.015361827676555634
2.5178508235883355,0.2500000000000001,0.0171519131211942
2.5178508235883355,0.275,0.01896932125930529
2.5178508235883355,0.30000000000000016,0.020817328820904278
2.5178508235883355,0.32500000000000007,0.02269938377874927
2.5178508235883355,0.35,0.024619128670767584
2.5178508235883355,0.3750000000000001,0.026580426360176986
2.5178508235883355,0.4,0.028587388636523898
2.5178508235883355,0.42500000000000016,0.030644408126382548
2.5178508235883355,0.45000000000000007,0.03275619406150082
2.5178508235883355,0.475,0.03492781254774423
2.5178508235883355,0.5000000000000001,0.037164732094041114
2.5178508235883355,0.525,0.03947287530143259
2.5178508235883355,0.5500000000000002,0.04185867778431179
2.5178508235883355,0.5750000000000001,0.04432915560668599
2.5178508235883355,0.6,0.04689198277566661
2.5178508235883355,0.6250000000000001,0.049555580655071416
2.5178508235883355,0.65,0.052329221560456184
2.5178508235883355,0.6750000000000002,0.05522314929452025
2.5178508235883355,0.7000000000000001,0.058248720006788345
2.5178508235883355,0.725,0.06141856755094953
2.5178508235883355,0.7500000000000001,0.06474679851673008
2.5178508235883355,0.775,0.06824922339709606
2.5178508235883355,0.8000000000000002,0.07194363200571521
2.5178508235883355,0.8250000000000001,0.07585012340644101
2.5178508235883355,0.85,0.0799915034246988
2.5178508235883355,0.8750000000000001,0.08439376651434582
2.5178508235883355,0.9,0.0890866836818154
2.8250750892455083,-0.9,-0.08546990411811414
2.8250750892455083,-0.875,-0.08093382873600152
2.8250750892455083,-0.85,-0.07668257320085442
2.8250750892455083,-0.825,-0.07268665547402497
2.8250750892455083,-0.8,-0.06892037620312882
2.8250750892455083,-0.775,-0.06536122359906558
2.8250750892455083,-0.75,-0.061989386793241605
2.8250750892455083,-0.725,-0.05878735525350625
2.8250750892455083,-0.7,-0.055739586979024904
2.8250750892455083,-0.675,-0.052832232046248345
2.8250750892455083,-0.65,-0.05005290099000593
2.8250750892455083,-0.625,-0.04739046972370836
2.8250750892455083,-0.6,-0.0448349144086393
2.8250750892455083,-0.575,-0.042377171003214115
2.8250750892455083,-0.55,-0.040009015253071524
2.8250750892455083,-0.525,-0.037722959691393144
2.8250750892455083,-0.5,-0.03551216485754738
2.8250750892455083,-0.475,-0.03337036244971227
2.8250750892455083,-0.45,-0.03129178853275336
2.8250750892455083,-0.425,-0.02927112524851392
2.8250750892455083,-0.4,-0.027303449738803352
2.8250750892455083,-0.375,-0.025384189204829686
2.8250750892455083,-0.35,-0.023509081200745952
2.8250750892455083,-0.32499999999999996,-0.02167413840126483
2.8250750892455083,-0.29999999999999993,-0.019875617200126275
2.8250750892455083,-0.275,-0.01810998959244668
2.8250750892455083,-0.25,-0.0163739178734848
2.8250750892455083,-0.22499999999999998,-0.01466423175218912
2.8250750892455083,-0.19999999999999996,-0.01297790753247723
2.8250750892455083,-0.17499999999999993,-0.011312049060493202
2.8250750892455083,-0.15000000000000002,-0.009663870173652457
2.8250750892455083,-0.125,-0.008030678418371833
2.8250750892455083,-0.09999999999999998,-0.006409859829000751
2.8250750892455083,-0.07499999999999996,-0.004798864581423633
2.8250750892455083,-0.04999999999999993,-0.0031951933517381233
2.8250750892455083,-0.025000000000000022,-0.0015963842238340227
2.8250750892455083,0.0,6.133173666733496e-19
2.8250750892455083,0.025000000000000022,0.0015963842238340227
2.8250750892455083,0.050000000000000044,0.0031951933517381306
2.8250750892455083,0.07500000000000007,0.004798864581423642
2.8250750892455083,0.09999999999999998,0.006409859829000751
2.8250750892455083,0.1250000000000001,0.008030678418371842
2.8250750892455083,0.15000000000000002,0.009663870173652457
2.8250750892455083,0.17499999999999993,0.011312049060493205
2.8250750892455083,0.20000000000000007,0.012977907532477238
2.8250750892455083,0.22499999999999998,0.014664231752189116
2.8250750892455083,0.2500000000000001,0.016373917873484804
2.8250750892455083,0.275,0.018109989592446675
2.8250750892455083,0.30000000000000016,0.019875617200126296
2.8250750892455083,0.32500000000000007,0.021674138401264833
2.8250750892455083,0.35,0.023509081200745952
2.8250750892455083,0.3750000000000001,0.025384189204829696
2.8250750892455083,0.4,0.027303449738803352
2.8250750892455083,0.42500000000000016,0.029271125248513934
2.8250750892455083,0.45000000000000007,0.03129178853275336
2.8250750892455083,0.475,0.03337036244971227
2.8250750892455083,0.5000000000000001,0.03551216485754741
2.8250750892455083,0.525,0.037722959691393144
2.8250750892455083,0.5500000000000002,0.04000901525307153
2.8250750892455083,0.5750000000000001,0.042377171003214115
2.8250750892455083,0.6,0.04483491440863928
2.8250750892455083,0.6250000000000001,0.04739046972370836
2.8250750892455083,0.65,0.05005290099000594
2.8250750892455083,0.6750000000000002,0.05283223204624836
2.8250750892455083,0.7000000000000001,0.055739586979024924
2.8250750892455083,0.725,0.05878735525350623
2.8250750892455083,0.7500000000000001,0.061989386793241605
2.8250750892455083,0.775,0.06536122359906557
2.8250750892455083,0.8000000000000002,0.06892037620312885
2.8250750892455083,0.8250000000000001,0.07268665547402495
2.8250750892455083,0.85,0.07668257320085442
2.8250750892455083,0.8750000000000001,0.08093382873600152
2.8250750892455083,0.9,0.08546990411811414
3.1697863849222285,-0.9,-0.08187454459865826
3.1697863849222285,-0.875,-0.07749965229849495
3.1697863849222285,-0.85,-0.07340288652793324
3.1697863849222285,-0.825,-0.06955518186820396
3.1697863849222285,-0.8,-0.06593124070534305
3.1697863849222285,-0.775,-0.06250893476017864
3.1697863849222285,-0.75,-0.05926881674152097
3.1697863849222285,-0.725,-0.05619371915390513
3.1697863849222285,-0.7,-0.05326842260521373
3.1697863849222285,-0.675,-0.05047937992900116
3.1697863849222285,-0.65,-0.04781448542895507
3.1697863849222285,-0.625,-0.045262880828645366
3.1697863849222285,-0.6,-0.04281479125436705
3.1697863849222285,-0.575,-0.040461385926668515
3.1697863849222285,-0.55,-0.03819465928486936
3.1697863849222285,-0.525,-0.036007329090442915
3.1697863849222285,-0.5,-0.03389274870290114
3.1697863849222285,-0.475,-0.03184483123565193
3.1697863849222285,-0.45,-0.029857983709226155
3.1697863849222285,-0.425,-0.027927049648078187
3.1697863849222285,-0.4,-0.02604725883224382
3.1697863849222285,-0.375,-0.0242141831298647
3.1697863849222285,-0.35,-0.02242369751130157
3.1697863849222285,-0.32499999999999996,-0.020671945488297747
3.1697863849222285,-0.29999999999999993,-0.0189553083387115
3.1697863849222285,-0.275,-0.017270377573651213
3.1697863849222285,-0.25,-0.015613930183324645
3.1697863849222285,-0.22499999999999998,-0.01398290626364755
3.1697863849222285,-0.19999999999999996,-0.012374388680111016
3.1697863849222285,-0.17499999999999993,-0.01078558447054979
3.1697863849222285,-0.15000000000000002,-0.009213807725859422
3.1697863849222285,-0.125,-0.0076564637186429625
3.1697863849222285,-0.09999999999999998,-0.006111034075239377
3.1697863849222285,-0.07499999999999996,-0.004575062807407505
3.1697863849222285,-0.04999999999999993,-0.0030461430367561097
3.1697863849222285,-0.025000000000000022,-0.0015219042583320295
3.1697863849222285,0.0,9.199760500100244e-19
3.1697863849222285,0.025000000000000022,0.0015219042583320315
3.1697863849222285,0.050000000000000044,0.003046143036756116
3.1697863849222285,0.07500000000000007,0.004575062807407513
3.1697863849222285,0.09999999999999998,0.006111034075239377
3.1697863849222285,0.1250000000000001,0.007656463718642968
3.1697863849222285,0.15000000000000002,0.009213807725859424
3.1697863849222285,0.17499999999999993,0.01078558447054979
3.1697863849222285,0.20000000000000007,0.012374388680111023
3.1697863849222285,0.22499999999999998,0.01398290626364755
3.1697863849222285,0.2500000000000001,0.01561393018332465
3.1697863849222285,0.275,0.017270377573651217
3.1697863849222285,0.30000000000000016,0.018955308338711518
3.1697863849222285,0.32500000000000007,0.020671945488297754
3.1697863849222285,0.35,0.022423697511301566
3.1697863849222285,0.3750000000000001,0.024214183129864716
3.1697863849222285,0.4,0.026047258832243816
3.1697863849222285,0.42500000000000016,0.027927049648078198
3.1697863849222285,0.45000000000000007,0.029857983709226155
3.1697863849222285,0.475,0.03184483123565193
3.1697863849222285,0.5000000000000001,0.033892748702901154
3.1697863849222285,0.525,0.036007329090442915
3.1697863849222285,0.5500000000000002,0.03819465928486937
3.1697863849222285,0.5750000000000001,0.04046138592666852
3.1697863849222285,0.6,0.04281479125436704
3.1697863849222285,0.6250000000000001,0.04526288082864537
3.1697863849222285,0.65,0.04781448542895507
3.1697863849222285,0.6750000000000002,0.05047937992900116
3.1697863849222285,0.7000000000000001,0.053268422605213736
3.1697863849222285,0.725,0.056193719153905114
3.1697863849222285,0.7500000000000001,0.059268816741520985
3.1697863849222285,0.775,0.06250893476017863
3.1697863849222285,0.8000000000000002,0.06593124070534305
3.1697863849222285,0.8250000000000001,0.06955518186820397
3.1697863849222285,0.85,0.07340288652793324
3.1697863849222285,0.8750000000000001,0.07749965229849493
3.1697863849222285,0.9,0.08187454459865826
3.556558820077846,-0.9,-0.07832033662199621
3.556558820077846,-0.875,-0.07410940596619751
3.556558820077846,-0.85,-0.07016919197188
3.556558820077846,-0.825,-0.06647115783290933
3.556558820077846,-0.8,-0.06299050056615028
3.556558820077846,-0.775,-0.05970555279630457
3.556558820077846,-0.75,-0.05659729555802174
3.556558820077846,-0.725,-0.053648958769499044
3.556558820077846,-0.7,-0.05084569147631736
3.556558820077846,-0.675,-0.048174288020560924
3.556558820077846,-0.65,-0.045622959340776356
3.556558820077846,-0.625,-0.043181140922685185
3.556558820077846,-0.6,-0.04083933069097766
3.556558820077846,-0.575,-0.03858895149738693
3.556558820077846,-0.55,-0.03642223392019203
3.556558820077846,-0.525,-0.0343321159191457
3.556558820077846,-0.5,-0.032312156542193965
3.556558820077846,-0.475,-0.03035646139698654
3.556558820077846,-0.45,-0.028459618011699175
3.556558820077846,-0.425,-0.026616639539284382
3.556558820077846,-0.4,-0.024822915524610058
3.556558820077846,-0.375,-0.02307416866859814
3.556558820077846,-0.35,-0.02136641669790627
3.556558820077846,-0.32499999999999996,-0.01969593859103451
3.556558820077846,-0.29999999999999993,-0.018059244528333664
3.556558820077846,-0.275,-0.016453049029223864
3.556558820077846,-0.25,-0.014874246818929066
3.556558820077846,-0.22499999999999998,-0.013319891032307829
3.556558820077846,-0.19999999999999996,-0.011787173416385202
3.556558820077846,-0.17499999999999993,-0.01027340623793947
3.556558820077846,-0.15000000000000002,-0.008776005639548192
3.556558820077846,-0.125,-0.007292476218114745
3.556558820077846,-0.09999999999999998,-0.005820396625092026
3.556558820077846,-0.07499999999999996,-0.004357406008203165
3.556558820077846,-0.04999999999999993,-0.0029011911310753914
3.556558820077846,-0.025000000000000022,-0.0014494740203596567
3.556558820077846,0.0,-0.0
3.556558820077846,0.025000000000000022,0.001449474020359658
3.556558820077846,0.050000000000000044,0.002901191131075399
3.556558820077846,0.07500000000000007,0.004357406008203172
3.556558820077846,0.09999999999999998,0.005820396625092028
3.556558820077846,0.1250000000000001,0.007292476218114753
3.556558820077846,0.15000000000000002,0.008776005639548192
3.556558820077846,0.17499999999999993,0.010273406237939472
3.556558820077846,0.20000000000000007,0.011787173416385209
3.556558820077846,0.22499999999999998,0.013319891032307829
3.556558820077846,0.2500000000000001,0.014874246818929078
3.556558820077846,0.275,0.01645304902922386
3.556558820077846,0.30000000000000016,0.018059244528333677
3.556558820077846,0.32500000000000007,0.01969593859103451
3.556558820077846,0.35,0.021366416697906263
3.556558820077846,0.3750000000000001,0.023074168668598145
3.556558820077846,0.4,0.02482291552461005
3.556558820077846,0.42500000000000016,0.026616639539284392
3.556558820077846,0.45000000000000007,0.028459618011699186
3.556558820077846,0.475,0.03035646139698654
3.556558820077846,0.5000000000000001,0.032312156542193965
3.556558820077846,0.525,0.0343321159191457
3.556558820077846,0.5500000000000002,0.036422233920192046
3.556558820077846,0.5750000000000001,0.038588951497386934
3.556558820077846,0.6,0.04083933069097764
3.556558820077846,0.6250000000000001,0.043181140922685206
3.556558820077846,0.65,0.045622959340776356
3.556558820077846,0.6750000000000002,0.04817428802056094
3.556558820077846,0.7000000000000001,0.050845691476317366
3.556558820077846,0.725,0.05364895876949904
3.556558820077846,0.7500000000000001,0.05659729555802173
3.556558820077846,0.775,0.05970555279630457
3.556558820077846,0.8000000000000002,0.06299050056615033
3.556558820077846,0.8250000000000001,0.0664711578329093
3.556558820077846,0.85,0.07016919197188001
3.556558820077846,0.8750000000000001,0.07410940596619751
3.556558820077846,0.9,0.0783203366219962
3.990524629937762,-0.9,-0.07482417576151863
3.990524629937762,-0.875,-0.07077857259051475
3.990524629937762,-0.85,-0.06699569608252383
3.990524629937762,-0.825,-0.06344763420956964
3.990524629937762,-0.8,-0.0601101577678244
3.990524629937762,-0.775,-0.05696212571607701
3.990524629937762,-0.75,-0.05398500172261841
3.990524629937762,-0.725,-0.05116245836093051
3.990524629937762,-0.7,-0.0484800509286731
3.990524629937762,-0.675,-0.04592494697760225
3.990524629937762,-0.65,-0.04348570072835594
3.990524629937762,-0.625,-0.04115206388061718
3.990524629937762,-0.6,-0.03891482611303126
3.990524629937762,-0.575,-0.036765679939923704
3.990524629937762,-0.55,-0.034697105655995486
3.990524629937762,-0.525,-0.032702272930902256
3.990524629937762,-0.5,-0.030774956268446604
3.990524629937762,-0.475,-0.02890946206133185
3.990524629937762,-0.45,-0.027100565383036918
3.990524629937762,-0.425,-0.02534345498679633
3.990524629937762,-0.4,-0.023633685245733577
3.990524629937762,-0.375,-0.021967133981554934
3.990524629937762,-0.35,-0.020339965302392495
3.990524629937762,-0.32499999999999996,-0.018748596711549402
3.990524629937762,-0.29999999999999993,-0.01718966986441446
3.990524629937762,-0.275,-0.015660024445663303
3.990524629937762,-0.25,-0.014156674716979508
3.990524629937762,-0.22499999999999998,-0.012676788350019055
3.990524629937762,-0.19999999999999996,-0.011217667212673275
3.990524629937762,-0.17499999999999993,-0.009776729820826937
3.990524629937762,-0.15000000000000002,-0.008351495204329812
3.990524629937762,-0.125,-0.006939567966060427
3.990524629937762,-0.09999999999999998,-0.005538624337765468
3.990524629937762,-0.07499999999999996,-0.0041463990566120885
3.990524629937762,-0.04999999999999993,-0.0027606729027327185
3.990524629937762,-0.025000000000000022,-0.0013792607509765832
3.990524629937762,0.0,3.066586833366748e-19
3.990524629937762,0.025000000000000022,0.0013792607509765832
3.990524629937762,0.050000000000000044,0.0027606729027327254
3.990524629937762,0.07500000000000007,0.004146399056612096
3.990524629937762,0.09999999999999998,0.005538624337765471
3.990524629937762,0.1250000000000001,0.006939567966060434
3.990524629937762,0.15000000000000002,0.008351495204329812
3.990524629937762,0.17499999999999993,0.009776729820826939
3.990524629937762,0.20000000000000007,0.011217667212673282
3.990524629937762,0.22499999999999998,0.012676788350019052
3.990524629937762,0.2500000000000001,0.014156674716979513
3.990524629937762,0.275,0.015660024445663303
3.990524629937762,0.30000000000000016,0.017189669864414475
3.990524629937762,0.32500000000000007,0.01874859671154941
3.990524629937762,0.35,0.02033996530239249
3.990524629937762,0.3750000000000001,0.02196713398155494
3.990524629937762,0.4,0.023633685245733577
3.990524629937762,0.42500000000000016,0.02534345498679635
3.990524629937762,0.45000000000000007,0.027100565383036918
3.990524629937762,0.475,0.02890946206133185
3.990524629937762,0.5000000000000001,0.030774956268446604
3.990524629937762,0.525,0.032702272930902256
3.990524629937762,0.5500000000000002,0.0346971056559955
3.990524629937762,0.5750000000000001,0.036765679939923704
3.990524629937762,0.6,0.03891482611303126
3.990524629937762,0.6250000000000001,0.0411520638806172
3.990524629937762,0.65,0.04348570072835593
3.990524629937762,0.6750000000000002,0.045924946977602264
3.990524629937762,0.7000000000000001,0.048480050928673094
3.990524629937762,0.725,0.05116245836093051
3.990524629937762,0.7500000000000001,0.0539850017226184
3.990524629937762,0.775,0.056962125716077
3.990524629937762,0.8000000000000002,0.060110157767824385
3.990524629937762,0.8250000000000001,0.06344763420956964
3.990524629937762,0.85,0.0669956960825238
3.990524629937762,0.8750000000000001,0.07077857259051475
3.990524629937762,0.9,0.07482417576151863
4.477442277136681,-0.9,-0.07140025857354851
4.477442277136681,-0.875,-0.06752009247849729
4.477442277136681,-0.85,-0.06389421079471355
4.477442277136681,-0.825,-0.060495406914983105
4.477442277136681,-0.8,-0.05730009120048961
4.477442277136681,-0.775,-0.05428770283400674
4.477442277136681,-0.75,-0.051440232426744066
4.477442277136681,-0.725,-0.048741831758674296
4.477442277136681,-0.7,-0.04617849261660448
4.477442277136681,-0.675,-0.04373778083574806
4.477442277136681,-0.65,-0.04140861475178474
4.477442277136681,-0.625,-0.039181079613780506
4.477442277136681,-0.6,-0.037046271294182635
4.477442277136681,-0.575,-0.03499616400396859
4.477442277136681,-0.55,-0.033023497782833346
4.477442277136681,-0.525,-0.031121682361964248
4.477442277136681,-0.5,-0.029284714646437164
4.477442277136681,-0.475,-0.027507107577154778
4.477442277136681,-0.45,-0.025783828539684823
4.477442277136681,-0.425,-0.024110245812846803
4.477442277136681,-0.4,-0.022482081811298564
4.477442277136681,-0.375,-0.0208953720873524
4.477442277136681,-0.35,-0.01934642922832084
4.477442277136681,-0.32499999999999996,-0.01783181092499918
4.477442277136681,-0.29999999999999993,-0.016348291600778827
4.477442277136681,-0.275,-0.014892837084317257
4.477442277136681,-0.25,-0.013462581885573935
4.477442277136681,-0.22499999999999998,-0.012054808698444055
4.477442277136681,-0.19999999999999996,-0.010666929805632313
4.477442277136681,-0.17499999999999993,-0.009296470104757445
4.477442277136681,-0.15000000000000002,-0.007941051510521827
4.477442277136681,-0.125,-0.006598378517362102
4.477442277136681,-0.09999999999999998,-0.005266224731314068
4.477442277136681,-0.07499999999999996,-0.003942420199670077
4.477442277136681,-0.04999999999999993,-0.0026248393830136997
4.477442277136681,-0.025000000000000022,-0.0013113896268803558
4.477442277136681,0.0,-0.0
4.477442277136681,0.025000000000000022,0.0013113896268803556
4.477442277136681,0.050000000000000044,0.0026248393830137057
4.477442277136681,0.07500000000000007,0.003942420199670082
4.477442277136681,0.09999999999999998,0.00526622473131407
4.477442277136681,0.1250000000000001,0.006598378517362111
4.477442277136681,0.15000000000000002,0.007941051510521827
4.477442277136681,0.17499999999999993,0.009296470104757447
4.477442277136681,0.20000000000000007,0.010666929805632316
4.477442277136681,0.22499999999999998,0.012054808698444055
4.477442277136681,0.2500000000000001,0.01346258188557394
4.477442277136681,0.275,0.014892837084317257
4.477442277136681,0.30000000000000016,0.01634829160077884
4.477442277136681,0.32500000000000007,0.01783181092499919
4.477442277136681,0.35,0.01934642922832084
4.477442277136681,0.3750000000000001,0.02089537208735241
4.477442277136681,0.4,0.022482081811298564
4.477442277136681,0.42500000000000016,0.02411024581284682
4.477442277136681,0.45000000000000007,0.025783828539684826
4.477442277136681,0.475,0.027507107577154778
4.477442277136681,0.5000000000000001,0.029284714646437164
4.477442277136681,0.525,0.031121682361964245
4.477442277136681,0.5500000000000002,0.03302349778283335
4.477442277136681,0.5750000000000001,0.03499616400396859
4.477442277136681,0.6,0.03704627129418262
4.477442277136681,0.6250000000000001,0.03918107961378053
4.477442277136681,0.65,0.04140861475178473
4.477442277136681,0.6750000000000002,0.04373778083574807
4.477442277136681,0.7000000000000001,0.04617849261660448
4.477442277136681,0.725,0.04874183175867429
4.477442277136681,0.7500000000000001,0.051440232426744066
4.477442277136681,0.775,0.05428770283400674
4.477442277136681,0.8000000000000002,0.05730009120048962
4.477442277136681,0.8250000000000001,0.060495406914983126
4.477442277136681,0.85,0.06389421079471354
4.477442277136681,0.8750000000000001,0.06752009247849733
4.477442277136681,0.9,0.0714002585735485
5.023772863019165,-0.9,-0.06806026207817542
5.023772863019165,-0.875,-0.06434454351432756
5.023772863019165,-0.85,-0.06087433252913119
5.023772863019165,-0.825,-0.05762319372843715
5.023772863019165,-0.8,-0.05456823013388574
5.023772863019165,-0.775,-0.05168950415618733
5.023772863019165,-0.75,-0.04896956828567595
5.023772863019165,-0.725,-0.046393081960211593
5.023772863019165,-0.7,-0.04394649666854209
5.023772863019165,-0.675,-0.04161779549060262
5.023772863019165,-0.65,-0.03939627637312369
5.023772863019165,-0.625,-0.03727237077496318
5.023772863019165,-0.6,-0.03523749109392571
5.023772863019165,-0.575,-0.033283901650077094
5.023772863019165,-0.55,-0.03140460905416727
5.023772863019165,-0.525,-0.029593268609929137
5.023772863019165,-0.5,-0.02784410404177936
5.023772863019165,-0.475,-0.02615183834640263
5.023772863019165,-0.45,-0.024511633968960077
5.023772863019165,-0.425,-0.022919040825663574
5.023772863019165,-0.4,-0.02136995095198626
5.023772863019165,-0.375,-0.01986055876342585
5.023772863019165,-0.35,-0.018387326083947646
5.023772863019165,-0.32499999999999996,-0.01694695123409005
5.023772863019165,-0.29999999999999993,-0.01553634158250451
5.023772863019165,-0.275,-0.014152589056338944
5.023772863019165,-0.25,-0.012792948181223507
5.023772863019165,-0.22499999999999998,-0.011454816283731135
5.023772863019165,-0.19999999999999996,-0.010135715540479059
5.023772863019165,-0.17499999999999993,-0.008833276600437036
5.023772863019165,-0.15000000000000002,-0.007545223542045458
5.023772863019165,-0.125,-0.006269359955648907
5.023772863019165,-0.09999999999999998,-0.005003555965496865
5.023772863019165,-0.07499999999999996,-0.003745736024934778
5.023772863019165,-0.04999999999999993,-0.0024938673340267766
5.023772863019165,-0.025000000000000022,-0.0012459487412041443
5.023772863019165,0.0,-1.533293416683374e-19
5.023772863019165,0.025000000000000022,0.0012459487412041443
5.023772863019165,0.050000000000000044,0.002493867334026782
5.023772863019165,0.07500000000000007,0.0037457360249347833
5.023772863019165,0.09999999999999998,0.005003555965496867
5.023772863019165,0.1250000000000001,0.006269359955648914
5.023772863019165,0.15000000000000002,0.007545223542045459
5.023772863019165,0.17499999999999993,0.008833276600437036
5.023772863019165,0.20000000000000007,0.010135715540479064
5.023772863019165,0.22499999999999998,0.011454816283731134
5.023772863019165,0.2500000000000001,0.012792948181223516
5.023772863019165,0.275,0.014152589056338944
5.023772863019165,0.30000000000000016,0.015536341582504524
5.023772863019165,0.32500000000000007,0.016946951234090055
5.023772863019165,0.35,0.01838732608394765
5.023772863019165,0.3750000000000001,0.019860558763425854
5.023772863019165,0.4,0.021369950951986252
5.023772863019165,0.42500000000000016,0.022919040825663584
5.023772863019165,0.45000000000000007,0.024511633968960084
5.023772863019165,0.475,0.026151838346402626
5.023772863019165,0.5000000000000001,0.027844104041779373
5.023772863019165,0.525,0.02959326860992913
5.023772863019165,0.5500000000000002,0.031404609054167275
5.023772863019165,0.5750000000000001,0.0332839016500771
5.023772863019165,0.6,0.035237491093925696
5.023772863019165,0.6250000000000001,0.037272370774963176
5.023772863019165,0.65,0.03939627637312369
5.023772863019165,0.6750000000000002,0.04161779549060263
5.023772863019165,0.7000000000000001,0.0439464966685421
5.023772863019165,0.725,0.046393081960211593
5.023772863019165,0.7500000000000001,0.04896956828567597
5.023772863019165,0.775,0.05168950415618733
5.023772863019165,0.8000000000000002,0.05456823013388576
5.023772863019165,0.8250000000000001,0.05762319372843717
5.023772863019165,0.85,0.0608743325291312
5.023772863019165,0.8750000000000001,0.06434454351432758
5.023772863019165,0.9,0.06806026207817542
5.636765862528911,-0.9,-0.06481355075801878
5.636765862528911,-0.875,-0.06126034421009106
5.636765862528911,-0.85,-0.057943640302674314
5.636765862528911,-0.825,-0.054837826739024896
5.636765862528911,-0.8,-0.05192074048721639
5.636765862528911,-0.775,-0.04917310011910005
5.636765862528911,-0.75,-0.04657804631676393
5.636765862528911,-0.725,-0.04412076721357134
5.636765862528911,-0.7,-0.041788190814848795
5.636765862528911,-0.675,-0.03956873086443206
5.636765862528911,-0.65,-0.03745207559839523
5.636765862528911,-0.625,-0.03542901114326756
5.636765862528911,-0.6,-0.03349127307552412
5.636765862528911,-0.575,-0.031631421006807096
5.636765862528911,-0.55,-0.029842732099541927
5.636765862528911,-0.525,-0.028119110226337292
5.636765862528911,-0.5,-0.026455008119621624
5.636765862528911,-0.475,-0.024845360356725618
5.636765862528911,-0.45,-0.023285525420961083
5.636765862528911,-0.425,-0.021771235394413155
5.636765862528911,-0.4,-0.020298552090774597
5.636765862528911,-0.375,-0.018863828640048912
5.636765862528911,-0.35,-0.017463675701661234
5.636765862528911,-0.32499999999999996,-0.016094931616416997
5.636765862528911,-0.29999999999999993,-0.01475463591704123
5.636765862528911,-0.275,-0.013440005706557135
5.636765862528911,-0.25,-0.012148414487326974
5.636765862528911,-0.22499999999999998,-0.010877373084180212
5.636765862528911,-0.19999999999999996,-0.009624512355070454
5.636765862528911,-0.17499999999999993,-0.008387567424021925
5.636765862528911,-0.15000000000000002,-0.007164363205254523
5.636765862528911,-0.125,-0.005952801015514409
5.636765862528911,-0.09999999999999998,-0.0047508460947456475
5.636765862528911,-0.07499999999999996,-0.0035565158740823283
5.636765862528911,-0.04999999999999993,-0.002367868845327985
5.636765862528911,-0.025000000000000022,-0.0011829938980978637
5.636765862528911,0.0,-0.0
5.636765862528911,0.025000000000000022,0.0011829938980978637
5.636765862528911,0.050000000000000044,0.0023678688453279903
5.636765862528911,0.07500000000000007,0.003556515874082334
5.636765862528911,0.09999999999999998,0.004750846094745649
5.636765862528911,0.1250000000000001,0.005952801015514417
5.636765862528911,0.15000000000000002,0.007164363205254527
5.636765862528911,0.17499999999999993,0.008387567424021925
5.636765862528911,0.20000000000000007,0.00962451235507046
5.636765862528911,0.22499999999999998,0.010877373084180212
5.636765862528911,0.2500000000000001,0.012148414487326975
5.636765862528911,0.275,0.013440005706557137
5.636765862528911,0.30000000000000016,0.014754635917041244
5.636765862528911,0.32500000000000007,0.016094931616417004
5.636765862528911,0.35,0.01746367570166123
5.636765862528911,0.3750000000000001,0.01886382864004892
5.636765862528911,0.4,0.02029855209077459
5.636765862528911,0.42500000000000016,0.021771235394413162
5.636765862528911,0.45000000000000007,0.02328552542096108
5.636765862528911,0.475,0.024845360356725615
5.636765862528911,0.5000000000000001,0.026455008119621627
5.636765862528911,0.525,0.028119110226337285
5.636765862528911,0.5500000000000002,0.029842732099541944
5.636765862528911,0.5750000000000001,0.03163142100680711
5.636765862528911,0.6,0.0334912730755241
5.636765862528911,0.6250000000000001,0.03542901114326757
5.636765862528911,0.65,0.03745207559839523
5.636765862528911,0.6750000000000002,0.03956873086443206
5.636765862528911,0.7000000000000001,0.041788190814848795
5.636765862528911,0.725,0.04412076721357133
5.636765862528911,0.7500000000000001,0.04657804631676393
5.636765862528911,0.775,0.04917310011910004
5.636765862528911,0.8000000000000002,0.051920740487216385
5.636765862528911,0.8250000000000001,0.0548378267390249
5.636765862528911,0.85,0.057943640302674314
5.636765862528911,0.8750000000000001,0.06126034421009108
5.636765862528911,0.9,0.06481355075801877
6.32455532033676,-0.9,-0.061667398429138785
6.32455532033676,-0.875,-0.05827396819883758
6.32455532033676,-0.85,-0.05510790240961757
6.32455532033676,-0.825,-0.052144450962032
6.32455532033676,-0.8,-0.04936221526265817
6.32455532033676,-0.775,-0.04674259382179135
6.32455532033676,-0.75,-0.04426933402480372
6.32455532033676,-0.725,-0.041928167063112184
6.32455532033676,-0.7,-0.0397065085384422
6.32455532033676,-0.675,-0.03759321133147676
6.32455532033676,-0.65,-0.03557836036385634
6.32455532033676,-0.625,-0.03365310116718381
6.32455532033676,-0.6,-0.031809495906088225
6.32455532033676,-0.575,-0.030040401828430117
6.32455532033676,-0.55,-0.02833936813802912
6.32455532033676,-0.525,-0.026700548079209616
6.32455532033676,-0.5,-0.0251186236432771
6.32455532033676,-0.475,-0.02358874079566032
6.32455532033676,-0.45,-0.02210645350939604
6.32455532033676,-0.425,-0.02066767519882987
6.32455532033676,-0.4,-0.01926863639422078
6.32455532033676,-0.375,-0.017905847696606362
6.32455532033676,-0.35,-0.01657606721296594
6.32455532033676,-0.32499999999999996,-0.015276271802248187
6.32455532033676,-0.29999999999999993,-0.014003631569297036
6.32455532033676,-0.275,-0.012755487130864855
6.32455532033676,-0.25,-0.011529329249474078
6.32455532033676,-0.22499999999999998,-0.01032278048981537
6.32455532033676,-0.19999999999999996,-0.009133578600977863
6.32455532033676,-0.17499999999999993,-0.00795956136794258
6.32455532033676,-0.15000000000000002,-0.006798652708904357
6.32455532033676,-0.125,-0.005648849822294726
6.32455532033676,-0.09999999999999998,-0.004508211209795645
6.32455532033676,-0.07499999999999996,-0.0033748454199075697
6.32455532033676,-0.04999999999999993,-0.002246900371358901
6.32455532033676,-0.025000000000000022,-0.0011225531272825062
6.32455532033676,0.0,3.066586833366748e-19
6.32455532033676,0.025000000000000022,0.0011225531272825062
6.32455532033676,0.050000000000000044,0.0022469003713589068
6.32455532033676,0.07500000000000007,0.0033748454199075736
6.32455532033676,0.09999999999999998,0.004508211209795646
6.32455532033676,0.1250000000000001,0.005648849822294733
6.32455532033676,0.15000000000000002,0.006798652708904357
6.32455532033676,0.17499999999999993,0.00795956136794258
6.32455532033676,0.20000000000000007,0.009133578600977865
6.32455532033676,0.22499999999999998,0.01032278048981537
6.32455532033676,0.2500000000000001,0.011529329249474087
6.32455532033676,0.275,0.012755487130864855
6.32455532033676,0.30000000000000016,0.01400363156929705
6.32455532033676,0.32500000000000007,0.015276271802248192
6.32455532033676,0.35,0.01657606721296594
6.32455532033676,0.3750000000000001,0.017905847696606365
6.32455532033676,0.4,0.01926863639422078
6.32455532033676,0.42500000000000016,0.02066767519882988
6.32455532033676,0.45000000000000007,0.022106453509396034
6.32455532033676,0.475,0.02358874079566032
6.32455532033676,0.5000000000000001,0.0251186236432771
6.32455532033676,0.525,0.02670054807920961
6.32455532033676,0.5500000000000002,0.02833936813802912
6.32455532033676,0.5750000000000001,0.03004040182843012
6.32455532033676,0.6,0.03180949590608822
6.32455532033676,0.6250000000000001,0.03365310116718381
6.32455532033676,0.65,0.03557836036385633
6.32455532033676,0.6750000000000002,0.03759321133147676
6.32455532033676,0.7000000000000001,0.0397065085384422
6.32455532033676,0.725,0.04192816706311219
6.32455532033676,0.7500000000000001,0.04426933402480372
6.32455532033676,0.775,0.04674259382179135
6.32455532033676,0.8000000000000002,0.04936221526265817
6.32455532033676,0.8250000000000001,0.05214445096203203
6.32455532033676,0.85,0.05510790240961756
6.32455532033676,0.8750000000000001,0.05827396819883759
6.32455532033676,0.9,0.061667398429138785
7.0962677846715145,-0.9,-0.05862721478698201
7.0962677846715145,-0.875,-0.05539016100775657
7.0962677846715145,-0.85,-0.05237128343410294
7.0962677846715145,-0.825,-0.049546721708107345
7.0962677846715145,-0.8,-0.046895862461202725
7.0962677846715145,-0.775,-0.04440079972696343
7.0962677846715145,-0.75,-0.04204589915783938
7.0962677846715145,-0.725,-0.039817443447374604
7.0962677846715145,-0.7,-0.03770334181037229
7.0962677846715145,-0.675,-0.03569289038832387
7.0962677846715145,-0.65,-0.03377657343461256
7.0962677846715145,-0.625,-0.031945897377697124
7.0962677846715145,-0.6,-0.030193251560737447
7.0962677846715145,-0.575,-0.02851179075532898
7.0962677846715145,-0.55,-0.026895335547566894
7.0962677846715145,-0.525,-0.025338287470910516
7.0962677846715145,-0.5,-0.02383555636674588
7.0962677846715145,-0.475,-0.022382497930413362
7.0962677846715145,-0.45,-0.02097485977778237
7.0962677846715145,-0.425,-0.019608734667740366
7.0962677846715145,-0.4,-0.01828051975626025
7.0962677846715145,-0.375,-0.016986880950992943
7.0962677846715145,-0.35,-0.015724721591547756
7.0962677846715145,-0.32499999999999996,-0.014491154807444121
7.0962677846715145,-0.29999999999999993,-0.013283479009096238
7.0962677846715145,-0.275,-0.012099156051769455
7.0962677846715145,-0.25,-0.010935791681863628
7.0962677846715145,-0.22499999999999998,-0.009791117932001747
7.0962677846715145,-0.19999999999999996,-0.00866297717849793
7.0962677846715145,-0.17499999999999993,-0.007549307613649167
7.0962677846715145,-0.15000000000000002,-0.00644812991737087
7.0962677846715145,-0.125,-0.005357534939121242
7.0962677846715145,-0.09999999999999998,-0.004275672222744532
7.0962677846715145,-0.07499999999999996,-0.003200739224534769
7.0962677846715145,-0.04999999999999993,-0.0021309710890556697
7.0962677846715145,-0.025000000000000022,-0.0010646308585016639
7.0962677846715145,0.0,1.533293416683374e-19
7.0962677846715145,0.025000000000000022,0.0010646308585016643
7.0962677846715145,0.050000000000000044,0.0021309710890556745
7.0962677846715145,0.07500000000000007,0.003200739224534775
7.0962677846715145,0.09999999999999998,0.004275672222744533
7.0962677846715145,0.1250000000000001,0.0053575349391212475
7.0962677846715145,0.15000000000000002,0.00644812991737087
7.0962677846715145,0.17499999999999993,0.007549307613649165
7.0962677846715145,0.20000000000000007,0.008662977178497936
7.0962677846715145,0.22499999999999998,0.009791117932001747
7.0962677846715145,0.2500000000000001,0.010935791681863635
7.0962677846715145,0.275,0.012099156051769458
7.0962677846715145,0.30000000000000016,0.013283479009096245
7.0962677846715145,0.32500000000000007,0.014491154807444126
7.0962677846715145,0.35,0.015724721591547756
7.0962677846715145,0.3750000000000001,0.016986880950992947
7.0962677846715145,0.4,0.01828051975626025
7.0962677846715145,0.42500000000000016,0.01960873466774037
7.0962677846715145,0.45000000000000007,0.020974859777782368
7.0962677846715145,0.475,0.022382497930413362
7.0962677846715145,0.5000000000000001,0.02383555636674588
7.0962677846715145,0.525,0.025338287470910516
7.0962677846715145,0.5500000000000002,0.026895335547566894
7.0962677846715145,0.5750000000000001,0.02851179075532899
7.0962677846715145,0.6,0.030193251560737443
7.0962677846715145,0.6250000000000001,0.031945897377697124
7.0962677846715145,0.65,0.03377657343461256
7.0962677846715145,0.6750000000000002,0.035692890388323885
7.0962677846715145,0.7000000000000001,0.03770334181037229
7.0962677846715145,0.725,0.039817443447374604
7.0962677846715145,0.7500000000000001,0.042045899157839385
7.0962677846715145,0.775,0.04440079972696344
7.0962677846715145,0.8000000000000002,0.046895862461202725
7.0962677846715145,0.8250000000000001,0.049546721708107345
7.0962677846715145,0.85,0.05237128343410294
7.0962677846715145,0.8750000000000001,0.055390161007756566
7.0962677846715145,0.9,0.058627214786982
7.962143411069948,-0.9,-0.05569676874763782
7.962143411069948,-0.875,-0.05261215211600961
7.962143411069948,-0.85,-0.049736545376779746
7.962143411069948,-0.825,-0.047046995173921295
7.962143411069948,-0.8,-0.04452368555483163
7.962143411069948,-0.775,-0.04214941443992232
7.962143411069948,-0.75,-0.03990917121579582
7.962143411069948,-0.725,-0.037789793351043786
7.962143411069948,-0.7,-0.03577968528486858
7.962143411069948,-0.675,-0.03386858677492366
7.962143411069948,-0.65,-0.032047380815828676
7.962143411069948,-0.625,-0.03030793343431141
7.962143411069948,-0.6,-0.028642959328102482
7.962143411069948,-0.575,-0.027045908583762417
7.962143411069948,-0.55,-0.02551087068424654
7.962143411069948,-0.525,-0.024032492773242292
7.962143411069948,-0.5,-0.02260590973359483
7.962143411069948,-0.475,-0.021226684100936154
7.962143411069948,-0.45,-0.019890754200325773
7.962143411069948,-0.425,-0.018594389185332225
7.962143411069948,-0.4,-0.017334149892187706
7.962143411069948,-0.375,-0.016106854609103095
7.962143411069948,-0.35,-0.014909549012242826
7.962143411069948,-0.32499999999999996,-0.013739479642708524
7.962143411069948,-0.29999999999999993,-0.012594070398964891
7.962143411069948,-0.275,-0.011470901600981768
7.962143411069948,-0.25,-0.010367691249502875
7.962143411069948,-0.22499999999999998,-0.009282278159072812
7.962143411069948,-0.19999999999999996,-0.008212606688962074
7.962143411069948,-0.17499999999999993,-0.007156712833673891
7.962143411069948,-0.15000000000000002,-0.0061127114656867754
7.962143411069948,-0.125,-0.005078784548591423
7.962143411069948,-0.09999999999999998,-0.004053170159704277
7.962143411069948,-0.07499999999999996,-0.0030341521782859997
7.962143411069948,-0.04999999999999993,-0.0020200505092200717
7.962143411069948,-0.025000000000000022,-0.0010092117228526925
7.962143411069948,0.0,1.533293416683374e-19
7.962143411069948,0.025000000000000022,0.0010092117228526925
7.962143411069948,0.050000000000000044,0.002020050509220076
7.962143411069948,0.07500000000000007,0.0030341521782860045
7.962143411069948,0.09999999999999998,0.004053170159704276
7.962143411069948,0.1250000000000001,0.0050787845485914295
7.962143411069948,0.15000000000000002,0.006112711465686775
7.962143411069948,0.17499999999999993,0.0071567128336738894
7.962143411069948,0.20000000000000007,0.008212606688962076
7.962143411069948,0.22499999999999998,0.009282278159072812
7.962143411069948,0.2500000000000001,0.010367691249502882
7.962143411069948,0.275,0.011470901600981768
7.962143411069948,0.30000000000000016,0.012594070398964898
7.962143411069948,0.32500000000000007,0.013739479642708528
7.962143411069948,0.35,0.014909549012242826
7.962143411069948,0.3750000000000001,0.016106854609103095
7.962143411069948,0.4,0.017334149892187706
7.962143411069948,0.42500000000000016,0.018594389185332225
7.962143411069948,0.45000000000000007,0.019890754200325773
7.962143411069948,0.475,0.02122668410093615
7.962143411069948,0.5000000000000001,0.02260590973359483
7.962143411069948,0.525,0.024032492773242292
7.962143411069948,0.5500000000000002,0.02551087068424654
7.962143411069948,0.5750000000000001,0.027045908583762417
7.962143411069948,0.6,0.028642959328102482
7.962143411069948,0.6250000000000001,0.03030793343431141
7.962143411069948,0.65,0.03204738081582867
7.962143411069948,0.6750000000000002,0.03386858677492367
7.962143411069948,0.7000000000000001,0.03577968528486858
7.962143411069948,0.725,0.037789793351043786
7.962143411069948,0.7500000000000001,0.03990917121579583
7.962143411069948,0.775,0.04214941443992232
7.962143411069948,0.8000000000000002,0.04452368555483164
7.962143411069948,0.8250000000000001,0.0470469951739213
7.962143411069948,0.85,0.049736545376779746
7.962143411069948,0.8750000000000001,0.05261215211600961
7.962143411069948,0.9,0.05569676874763782
8.93367184301927,-0.9,-0.05287840278439326
8.93367184301927,-0.875,-0.04994185722281461
8.93367184301927,-0.85,-0.04720523845192445
8.93367184301927,-0.825,-0.044646508359834663
8.93367184301927,-0.8,-0.04224665309952327
8.93367184301927,-0.775,-0.039989176568274803
8.93367184301927,-0.75,-0.03785969208084421
8.93367184301927,-0.725,-0.03584559070055523
8.93367184301927,-0.7,-0.03393576992461625
8.93367184301927,-0.675,-0.03212041026395996
8.93367184301927,-0.65,-0.030390790111316273
8.93367184301927,-0.625,-0.02873913142974273
8.93367184301927,-0.6,-0.027158470411059954
8.93367184301927,-0.575,-0.02564254848701502
8.93367184301927,-0.55,-0.024185720024123624
8.93367184301927,-0.525,-0.022782873767459893
8.93367184301927,-0.5,-0.02142936567140252
8.93367184301927,-0.475,-0.02012096120503539
8.93367184301927,-0.45,-0.01885378557519495
8.93367184301927,-0.425,-0.01762428059252826
8.93367184301927,-0.4,-0.01642916713159363
8.93367184301927,-0.375,-0.015265412317326957
8.93367184301927,-0.35,-0.014130200716550433
8.93367184301927,-0.32499999999999996,-0.013020908931881516
8.93367184301927,-0.29999999999999993,-0.01193508309204196
8.93367184301927,-0.275,-0.010870418811553977
8.93367184301927,-0.25,-0.009824743257578188
8.93367184301927,-0.22499999999999998,-0.00879599901489798
8.93367184301927,-0.19999999999999996,-0.00778222948392154
8.93367184301927,-0.17499999999999993,-0.006781565582749444
8.93367184301927,-0.15000000000000002,-0.0057922135541873055
8.93367184301927,-0.125,-0.004812443703142856
8.93367184301927,-0.09999999999999998,-0.0038405799099893146
8.93367184301927,-0.07499999999999996,-0.002874989781882453
8.93367184301927,-0.04999999999999993,-0.0019140753172268658
8.93367184301927,-0.025000000000000022,-0.0009562639689211859
8.93367184301927,0.0,-1.533293416683374e-19
8.93367184301927,0.025000000000000022,0.000956263968921186
8.93367184301927,0.050000000000000044,0.0019140753172268699
8.93367184301927,0.07500000000000007,0.002874989781882457
8.93367184301927,0.09999999999999998,0.003840579909989316
8.93367184301927,0.1250000000000001,0.00481244370314286
8.93367184301927,0.15000000000000002,0.0057922135541873055
8.93367184301927,0.17499999999999993,0.006781565582749444
8.93367184301927,0.20000000000000007,0.007782229483921543
8.93367184301927,0.22499999999999998,0.00879599901489798
8.93367184301927,0.2500000000000001,0.009824743257578194
8.93367184301927,0.275,0.010870418811553977
8.93367184301927,0.30000000000000016,0.011935083092041967
8.93367184301927,0.32500000000000007,0.013020908931881525
8.93367184301927,0.35,0.014130200716550429
8.93367184301927,0.3750000000000001,0.015265412317326957
8.93367184301927,0.4,0.01642916713159363
8.93367184301927,0.42500000000000016,0.017624280592528276
8.93367184301927,0.45000000000000007,0.01885378557519495
8.93367184301927,0.475,0.020120961205035384
8.93367184301927,0.5000000000000001,0.021429365671402523
8.93367184301927,0.525,0.022782873767459893
8.93367184301927,0.5500000000000002,0.02418572002412362
8.93367184301927,0.5750000000000001,0.025642548487015027
8.93367184301927,0.6,0.02715847041105996
8.93367184301927,0.6250000000000001,0.02873913142974273
8.93367184301927,0.65,0.030390790111316277
8.93367184301927,0.6750000000000002,0.03212041026395997
8.93367184301927,0.7000000000000001,0.03393576992461625
8.93367184301927,0.725,0.03584559070055522
8.93367184301927,0.7500000000000001,0.03785969208084421
8.93367184301927,0.775,0.0399891765682748
8.93367184301927,0.8000000000000002,0.0422466530995233
8.93367184301927,0.8250000000000001,0.044646508359834663
8.93367184301927,0.85,0.04720523845192443
8.93367184301927,0.8750000000000001,0.04994185722281462
8.93367184301927,0.9,0.05287840278439326
10.023744672545451,-0.9,-0.05017323424700614
10.023744672545451,-0.875,-0.04738006728541633
10.023744672545451,-0.85,-0.0447778786056428
10.023744672545451,-0.825,-0.04234554578716348
10.023744672545451,-0.8,-0.040064855324924674
10.023744672545451,-0.775,-0.037920013811314185
10.023744672545451,-0.75,-0.035897254188627895
10.023744672545451,-0.725,-0.0339845161558267
10.023744672545451,-0.7,-0.032171184910411994
10.023744672545451,-0.675,-0.03044787614706246
10.023744672545451,-0.65,-0.028806258008699168
10.023744672545451,-0.625,-0.02723890276273161
10.023744672545451,-0.6,-0.025739162544631364
10.023744672545451,-0.575,-0.024301064706895685
10.023744672545451,-0.55,-0.022919223230083958
10.023744672545451,-0.525,-0.021588763363555717
10.023744672545451,-0.5,-0.020305257217667603
10.023744672545451,-0.475,-0.01906466846398097
10.023744672545451,-0.45,-0.01786330464334442
10.023744672545451,-0.425,-0.016697775854407418
10.023744672545451,-0.4,-0.015564958812931027
10.023744672545451,-0.375,-0.014461965447149448
10.023744672545451,-0.35,-0.013386115335548975
10.023744672545451,-0.32499999999999996,-0.01233491140780961
10.023744672545451,-0.29999999999999993,-0.011306018422749947
10.023744672545451,-0.275,-0.010297243813173575
10.023744672545451,-0.25,-0.009306520549854794
10.023744672545451,-0.22499999999999998,-0.008331891728136519
10.023744672545451,-0.19999999999999996,-0.007371496622804763
10.023744672545451,-0.17499999999999993,-0.006423557991687958
10.023744672545451,-0.15000000000000002,-0.005486370437103734
10.023744672545451,-0.125,-0.0045582896578762145
10.023744672545451,-0.09999999999999998,-0.003637722443997666
10.023744672545451,-0.07499999999999996,-0.0027231172817653343
10.023744672545451,-0.04999999999999993,-0.0018129554499078172
10.023744672545451,-0.025000000000000022,-0.000905742497233248
10.023744672545451,0.0,-7.66646708341687e-20
10.023744672545451,0.025000000000000022,0.0009057424972332477
10.023744672545451,0.050000000000000044,0.0018129554499078208
10.023744672545451,0.07500000000000007,0.0027231172817653395
10.023744672545451,0.09999999999999998,0.003637722443997666
10.023744672545451,0.1250000000000001,0.00455828965787622
10.023744672545451,0.15000000000000002,0.005486370437103735
10.023744672545451,0.17499999999999993,0.006423557991687958
10.023744672545451,0.20000000000000007,0.007371496622804766
10.023744672545451,0.22499999999999998,0.008331891728136519
10.023744672545451,0.2500000000000001,0.0093065205498548
10.023744672545451,0.275,0.010297243813173575
10.023744672545451,0.30000000000000016,0.011306018422749956
10.023744672545451,0.32500000000000007,0.012334911407809615
10.023744672545451,0.35,0.013386115335548975
10.023744672545451,0.3750000000000001,0.014461965447149448
10.023744672545451,0.4,0.015564958812931027
10.023744672545451,0.42500000000000016,0.01669777585440742
10.023744672545451,0.45000000000000007,0.017863304643344416
10.023744672545451,0.475,0.01906466846398097
10.023744672545451,0.5000000000000001,0.020305257217667613
10.023744672545451,0.525,0.021588763363555714
10.023744672545451,0.5500000000000002,0.02291922323008396
10.023744672545451,0.5750000000000001,0.024301064706895692
10.023744672545451,0.6,0.025739162544631364
10.023744672545451,0.6250000000000001,0.02723890276273162
10.023744672545451,0.65,0.02880625800869917
10.023744672545451,0.6750000000000002,0.03044787614706247
10.023744672545451,0.7000000000000001,0.032171184910412
10.023744672545451,0.725,0.0339845161558267
10.023744672545451,0.7500000000000001,0.03589725418862789
10.023744672545451,0.775,0.037920013811314185
10.023744672545451,0.8000000000000002,0.04006485532492469
10.023744672545451,0.8250000000000001,0.042345545787163485
10.023744672545451,0.85,0.044777878605642814
10.023744672545451,0.8750000000000001,0.04738006728541633
10.023744672545451,0.9,0.05017323424700614
11.246826503806982,-0.9,-0.047581341130217884
11.246826503806982,-0.875,-0.04492662222595867
11.246826503806982,-0.85,-0.04245411001976461
11.246826503806982,-0.825,-0.040143591589080214
11.246826503806982,-0.8,-0.037977646536858756
11.246826503806982,-0.775,-0.03594117633742856
11.246826503806982,-0.75,-0.0340210254869763
11.246826503806982,-0.725,-0.032205674204249614
11.246826503806982,-0.7,-0.030484987376304437
11.246826503806982,-0.675,-0.028850008072973398
11.246826503806982,-0.65,-0.027292786642319565
11.246826503806982,-0.625,-0.025806238410769025
11.246826503806982,-0.6,-0.024384024530207403
11.246826503806982,-0.575,-0.023020451670674878
11.246826503806982,-0.55,-0.021710387144906307
11.246826503806982,-0.525,-0.02044918673746069
11.246826503806982,-0.5,-0.019232633045927195
11.246826503806982,-0.475,-0.018056882561032484
11.246826503806982,-0.45,-0.016918420043400533
11.246826503806982,-0.425,-0.01581401901743015
11.246826503806982,-0.4,-0.014740707412493307
11.246826503806982,-0.375,-0.01369573754998337
11.246826503806982,-0.35,-0.012676559810500625
11.246826503806982,-0.32499999999999996,-0.011680799425454035
11.246826503806982,-0.29999999999999993,-0.010706235926847734
11.246826503806982,-0.275,-0.009750784862103517
11.246826503806982,-0.25,-0.008812481440651604
11.246826503806982,-0.22499999999999998,-0.00788946582821907
11.246826503806982,-0.19999999999999996,-0.006979969845246108
11.246826503806982,-0.17499999999999993,-0.006082304859240277
11.246826503806982,-0.15000000000000002,-0.0051948506883885545
11.246826503806982,-0.125,-0.004316045356383029
11.246826503806982,-0.09999999999999998,-0.0034443755569718857
11.246826503806982,-0.07499999999999996,-0.002578367701853881
11.246826503806982,-0.04999999999999993,-0.0017165794376922984
11.246826503806982,-0.025000000000000022,-0.0008575915276255491
11.246826503806982,0.0,7.66646708341687e-20
11.246826503806982,0.025000000000000022,0.0008575915276255493
11.246826503806982,0.050000000000000044,0.0017165794376923025
11.246826503806982,0.07500000000000007,0.002578367701853885
11.246826503806982,0.09999999999999998,0.0034443755569718857
11.246826503806982,0.1250000000000001,0.0043160453563830335
11.246826503806982,0.15000000000000002,0.0051948506883885545
11.246826503806982,0.17499999999999993,0.006082304859240277
11.246826503806982,0.20000000000000007,0.006979969845246112
11.246826503806982,0.22499999999999998,0.00788946582821907
11.246826503806982,0.2500000000000001,0.00881248144065161
11.246826503806982,0.275,0.009750784862103517
11.246826503806982,0.30000000000000016,0.010706235926847746
11.246826503806982,0.32500000000000007,0.011680799425454037
11.246826503806982,0.35,0.012676559810500622
11.246826503806982,0.3750000000000001,0.013695737549983374
11.246826503806982,0.4,0.014740707412493307
11.246826503806982,0.42500000000000016,0.01581401901743016
11.246826503806982,0.45000000000000007,0.016918420043400533
11.246826503806982,0.475,0.01805688256103248
11.246826503806982,0.5000000000000001,0.01923263304592719
11.246826503806982,0.525,0.02044918673746069
11.246826503806982,0.5500000000000002,0.02171038714490631
11.246826503806982,0.5750000000000001,0.023020451670674878
11.246826503806982,0.6,0.024384024530207403
11.246826503806982,0.6250000000000001,0.025806238410769025
11.246826503806982,0.65,0.027292786642319565
11.246826503806982,0.6750000000000002,0.02885000807297341
11.246826503806982,0.7000000000000001,0.03048498737630445
11.246826503806982,0.725,0.03220567420424962
11.246826503806982,0.7500000000000001,0.03402102548697631
11.246826503806982,0.775,0.03594117633742856
11.246826503806982,0.8000000000000002,0.037977646536858756
11.246826503806982,0.8250000000000001,0.04014359158908022
11.246826503806982,0.85,0.0424541100197646
11.246826503806982,0.8750000000000001,0.04492662222595868
11.246826503806982,0.9,0.04758134113021787
12.619146889603874,-0.9,-0.04510193093916137
12.619146889603874,-0.875,-0.04258056826589712
12.619146889603874,-0.85,-0.04023285181798713
12.619146889603874,-0.825,-0.03803946640559015
12.619146889603874,-0.8,-0.03598377294030719
12.619146889603874,-0.775,-0.034051356203721385
12.619146889603874,-0.75,-0.03222966105714697
12.619146889603874,-0.725,-0.030507697531221754
12.619146889603874,-0.7,-0.028875800025521484
12.619146889603874,-0.675,-0.027325429358588626
12.619146889603874,-0.65,-0.025849009007369906
12.619146889603874,-0.625,-0.024439788817701702
12.619146889603874,-0.6,-0.02309173093311108
12.619146889603874,-0.575,-0.021799413804480635
12.619146889603874,-0.55,-0.020557950998680716
12.619146889603874,-0.525,-0.019362922185587588
12.619146889603874,-0.5,-0.018210314197748465
12.619146889603874,-0.475,-0.017096470460474654
12.619146889603874,-0.45,-0.01601804740842953
12.619146889603874,-0.425,-0.014971976757339536
12.619146889603874,-0.4,-0.013955432700997793
12.619146889603874,-0.375,-0.012965803265410799
12.619146889603874,-0.35,-0.012000665182284603
12.619146889603874,-0.32499999999999996,-0.011057761749613803
12.619146889603874,-0.29999999999999993,-0.010134983232994983
12.619146889603874,-0.275,-0.009230349431380258
12.619146889603874,-0.25,-0.008341994088399854
12.619146889603874,-0.22499999999999998,-0.007468150877538194
12.619146889603874,-0.19999999999999996,-0.006607140728257198
12.619146889603874,-0.17499999999999993,-0.005757360292137665
12.619146889603874,-0.15000000000000002,-0.004917271374456886
12.619146889603874,-0.125,-0.0040853911782951354
12.619146889603874,-0.09999999999999998,-0.0032602832260277847
12.619146889603874,-0.07499999999999996,-0.0024405488375190843
12.619146889603874,-0.04999999999999993,-0.0016248190559686204
12.619146889603874,-0.025000000000000022,-0.0008117469215485008
12.619146889603874,0.0,-1.533293416683374e-19
12.619146889603874,0.025000000000000022,0.0008117469215485012
12.619146889603874,0.050000000000000044,0.0016248190559686238
12.619146889603874,0.07500000000000007,0.002440548837519089
12.619146889603874,0.09999999999999998,0.003260283226027785
12.619146889603874,0.1250000000000001,0.004085391178295138
12.619146889603874,0.15000000000000002,0.004917271374456886
12.619146889603874,0.17499999999999993,0.0057573602921376634
12.619146889603874,0.20000000000000007,0.006607140728257201
12.619146889603874,0.22499999999999998,0.0074681508775381955
12.619146889603874,0.2500000000000001,0.008341994088399857
12.619146889603874,0.275,0.009230349431380258
12.619146889603874,0.30000000000000016,0.010134983232994992
12.619146889603874,0.32500000000000007,0.011057761749613808
12.619146889603874,0.35,0.012000665182284603
12.619146889603874,0.3750000000000001,0.012965803265410804
12.619146889603874,0.4,0.013955432700997791
12.619146889603874,0.42500000000000016,0.014971976757339543
12.619146889603874,0.45000000000000007,0.01601804740842953
12.619146889603874,0.475,0.01709647046047465
12.619146889603874,0.5000000000000001,0.01821031419774847
12.619146889603874,0.525,0.019362922185587588
12.619146889603874,0.5500000000000002,0.020557950998680723
12.619146889603874,0.5750000000000001,0.02179941380448064
12.619146889603874,0.6,0.023091730933111076
12.619146889603874,0.6250000000000001,0.02443978881770171
12.619146889603874,0.65,0.02584900900736991
12.619146889603874,0.6750000000000002,0.027325429358588636
12.619146889603874,0.7000000000000001,0.02887580002552149
12.619146889603874,0.725,0.03050769753122175
12.619146889603874,0.7500000000000001,0.03222966105714696
12.619146889603874,0.775,0.034051356203721385
12.619146889603874,0.8000000000000002,0.03598377294030721
12.619146889603874,0.8250000000000001,0.03803946640559015
12.619146889603874,0.85,0.040232851817987136
12.619146889603874,0.8750000000000001,0.04258056826589712
12.619146889603874,0.9,0.04510193093916137
14.158915687682763,-0.9,-0.04273349220918574
14.158915687682763,-0.875,-0.04034029865480269
14.158915687682763,-0.85,-0.038112428909962706
14.158915687682763,-0.825,-0.03603144915393661
14.158915687682763,-0.8,-0.03408148606258904
14.158915687682763,-0.775,-0.03224879308340627
14.158915687682763,-0.75,-0.030521401730358395
14.158915687682763,-0.725,-0.028888839051714764
14.158915687682763,-0.7,-0.02734189705053921
14.158915687682763,-0.675,-0.02587244322435861
14.158915687682763,-0.65,-0.02447326389590469
14.158915687682763,-0.625,-0.02313793387854162
14.158915687682763,-0.6,-0.021860707431213558
14.158915687682763,-0.575,-0.020636426530987673
14.158915687682763,-0.55,-0.019460443314115453
14.158915687682763,-0.525,-0.018328554172232794
14.158915687682763,-0.5,-0.01723694348497293
14.158915687682763,-0.475,-0.01618213535778069
14.158915687682763,-0.45,-0.015160952039242136
14.158915687682763,-0.425,-0.014170477934577076
14.158915687682763,-0.4,-0.013208028325245454
14.158915687682763,-0.375,-0.012271122059631427
14.158915687682763,-0.35,-0.011357457604695061
14.158915687682763,-0.32499999999999996,-0.010464891949624038
14.158915687682763,-0.29999999999999993,-0.009591421934751798
14.158915687682763,-0.275,-0.008735167646122604
14.158915687682763,-0.25,-0.007894357571041335
14.158915687682763,-0.22499999999999998,-0.007067315255071411
14.158915687682763,-0.19999999999999996,-0.006252447238073823
14.158915687682763,-0.17499999999999993,-0.005448232077465891
14.158915687682763,-0.15000000000000002,-0.0046532102920738
14.158915687682763,-0.125,-0.0038659750806755645
14.158915687682763,-0.09999999999999998,-0.0030851636863119974
14.158915687682763,-0.07499999999999996,-0.002309449291262722
14.158915687682763,-0.04999999999999993,-0.0015375333387028108
14.158915687682763,-0.025000000000000022,-0.0007681381858338148
14.158915687682763,0.0,-2.299940125025061e-19
14.158915687682763,0.025000000000000022,0.0007681381858338148
14.158915687682763,0.050000000000000044,0.0015375333387028156
14.158915687682763,0.07500000000000007,0.002309449291262725
14.158915687682763,0.09999999999999998,0.0030851636863119974
14.158915687682763,0.1250000000000001,0.0038659750806755663
14.158915687682763,0.15000000000000002,0.004653210292073799
14.158915687682763,0.17499999999999993,0.005448232077465891
14.158915687682763,0.20000000000000007,0.006252447238073826
14.158915687682763,0.22499999999999998,0.007067315255071411
14.158915687682763,0.2500000000000001,0.007894357571041337
14.158915687682763,0.275,0.008735167646122604
14.158915687682763,0.30000000000000016,0.009591421934751801
14.158915687682763,0.32500000000000007,0.01046489194962404
14.158915687682763,0.35,0.01135745760469506
14.158915687682763,0.3750000000000001,0.01227112205963143
14.158915687682763,0.4,0.013208028325245452
14.158915687682763,0.42500000000000016,0.014170477934577081
14.158915687682763,0.45000000000000007,0.015160952039242136
14.158915687682763,0.475,0.016182135357780687
14.158915687682763,0.5000000000000001,0.01723694348497293
14.158915687682763,0.525,0.018328554172232794
14.158915687682763,0.5500000000000002,0.019460443314115453
14.158915687682763,0.5750000000000001,0.02063642653098768
14.158915687682763,0.6,0.021860707431213558
14.158915687682763,0.6250000000000001,0.02313793387854163
14.158915687682763,0.65,0.02447326389590469
14.158915687682763,0.6750000000000002,0.02587244322435861
14.158915687682763,0.7000000000000001,0.027341897050539216
14.158915687682763,0.725,0.028888839051714764
14.158915687682763,0.7500000000000001,0.0305214017303584
14.158915687682763,0.775,0.03224879308340627
14.158915687682763,0.8000000000000002,0.03408148606258905
14.158915687682763,0.8250000000000001,0.03603144915393662
14.158915687682763,0.85,0.0381124289099627
14.158915687682763,0.8750000000000001,0.040340298654802695
14.158915687682763,0.9,0.04273349220918574
15.886564694485646,-0.9,-0.04047392891144819
15.886564694485646,-0.875,-0.03820367815213764
15.886564694485646,-0.85,-0.03609068742956293
15.886564694485646,-0.825,-0.034117384204445954
15.886564694485646,-0.8,-0.03226864236119098
15.886564694485646,-0.775,-0.030531366924184483
15.886564694485646,-0.75,-0.028894160348805945
15.886564694485646,-0.725,-0.027347052267644986
15.886564694485646,-0.7,-0.025881279029145752
15.886564694485646,-0.675,-0.024489102626053732
15.886564694485646,-0.65,-0.02316366102122332
15.886564694485646,-0.625,-0.021898843677831546
15.886564694485646,-0.6,-0.020689187457040823
15.886564694485646,-0.575,-0.019529789076848096
15.886564694485646,-0.55,-0.0184162311156897
15.886564694485646,-0.525,-0.017344519154274998
15.886564694485646,-0.5,-0.016311028123493294
15.886564694485646,-0.475,-0.015312456297707897
15.886564694485646,-0.45,-0.014345785665509626
15.886564694485646,-0.425,-0.013408247642122022
15.886564694485646,-0.4,-0.012497293272740479
15.886564694485646,-0.375,-0.011610567224464031
15.886564694485646,-0.35,-0.010745884984017495
15.886564694485646,-0.32499999999999996,-0.009901212775213844
15.886564694485646,-0.29999999999999993,-0.009074649788747802
15.886564694485646,-0.275,-0.008264412381076681
15.886564694485646,-0.25,-0.007468819951672668
15.886564694485646,-0.22499999999999998,-0.006686282251052128
15.886564694485646,-0.19999999999999996,-0.005915287907459151
15.886564694485646,-0.17499999999999993,-0.005154393989295004
15.886564694485646,-0.15000000000000002,-0.004402216444445664
15.886564694485646,-0.125,-0.0036574212774457106
15.886564694485646,-0.09999999999999998,-0.0029187163416273926
15.886564694485646,-0.07499999999999996,-0.00218484363659431
15.886564694485646,-0.04999999999999993,-0.0014545720119704976
15.886564694485646,-0.025000000000000022,-0.0007266901867523255
15.886564694485646,0.0,-0.0
15.886564694485646,0.025000000000000022,0.0007266901867523252
15.886564694485646,0.050000000000000044,0.0014545720119705007
15.886564694485646,0.07500000000000007,0.002184843636594314
15.886564694485646,0.09999999999999998,0.0029187163416273926
15.886564694485646,0.1250000000000001,0.003657421277445713
15.886564694485646,0.15000000000000002,0.004402216444445664
15.886564694485646,0.17499999999999993,0.005154393989295004
15.886564694485646,0.20000000000000007,0.005915287907459153
15.886564694485646,0.22499999999999998,0.006686282251052128
15.886564694485646,0.2500000000000001,0.007468819951672674
15.886564694485646,0.275,0.00826441238107668
15.886564694485646,0.30000000000000016,0.009074649788747809
15.886564694485646,0.32500000000000007,0.009901212775213846
15.886564694485646,0.35,0.010745884984017493
15.886564694485646,0.3750000000000001,0.011610567224464035
15.886564694485646,0.4,0.012497293272740479
15.886564694485646,0.42500000000000016,0.013408247642122027
15.886564694485646,0.45000000000000007,0.014345785665509626
15.886564694485646,0.475,0.015312456297707893
15.886564694485646,0.5000000000000001,0.016311028123493294
15.886564694485646,0.525,0.017344519154274998
15.886564694485646,0.5500000000000002,0.01841623111568971
15.886564694485646,0.5750000000000001,0.019529789076848107
15.886564694485646,0.6,0.020689187457040827
15.886564694485646,0.6250000000000001,0.02189884367783155
15.886564694485646,0.65,0.02316366102122332
15.886564694485646,0.6750000000000002,0.02448910262605374
15.886564694485646,0.7000000000000001,0.025881279029145762
15.886564694485646,0.725,0.027347052267644983
15.886564694485646,0.7500000000000001,0.02889416034880596
15.886564694485646,0.775,0.030531366924184483
15.886564694485646,0.8000000000000002,0.032268642361191
15.886564694485646,0.8250000000000001,0.034117384204445954
15.886564694485646,0.85,0.03609068742956293
15.886564694485646,0.8750000000000001,0.03820367815213766
15.886564694485646,0.9,0.040473928911448194
17.82501876267492,-0.9,-0.038320678451567676
17.82501876267492,-0.875,-0.03616815203242556
17.82501876267492,-0.85,-0.034165095580415375
17.82501876267492,-0.825,-0.0322947748014047
17.82501876267492,-0.8,-0.030542789869528242
17.82501876267492,-0.775,-0.028896678394417084
17.82501876267492,-0.75,-0.027345596523463012
17.82501876267492,-0.725,-0.02588006079247795
17.82501876267492,-0.7,-0.024491737622035336
17.82501876267492,-0.675,-0.023173270488583763
17.82501876267492,-0.65,-0.02191813711337886
17.82501876267492,-0.625,-0.02072053073898787
17.82501876267492,-0.6,-0.019575260863614885
17.82501876267492,-0.575,-0.018477669791532206
17.82501876267492,-0.55,-0.01742356211470563
17.82501876267492,-0.525,-0.016409144824855268
17.82501876267492,-0.5,-0.015430976209354567
17.82501876267492,-0.475,-0.014485922039880868
17.82501876267492,-0.45,-0.013571117842811259
17.82501876267492,-0.425,-0.012683936262351432
17.82501876267492,-0.4,-0.01182195870434385
17.82501876267492,-0.375,-0.01098295059051653
17.82501876267492,-0.35,-0.010164839667154379
17.82501876267492,-0.32499999999999996,-0.009365696904596441
17.82501876267492,-0.29999999999999993,-0.008583719599065176
17.82501876267492,-0.275,-0.007817216349596116
17.82501876267492,-0.25,-0.007064593632977099
17.82501876267492,-0.22499999999999998,-0.006324343740758553
17.82501876267492,-0.19999999999999996,-0.005595033876241589
17.82501876267492,-0.17499999999999993,-0.004875296237220066
17.82501876267492,-0.15000000000000002,-0.004163818933201749
17.82501876267492,-0.125,-0.0034593376047025687
17.82501876267492,-0.09999999999999998,-0.0027606276276646337
17.82501876267492,-0.07499999999999996,-0.0020664967986244735
17.82501876267492,-0.04999999999999993,-0.0013757784063732918
17.82501876267492,-0.025000000000000022,-0.0006873246038354407
17.82501876267492,0.0,-0.0
17.82501876267492,0.025000000000000022,0.0006873246038354409
17.82501876267492,0.050000000000000044,0.0013757784063732953
17.82501876267492,0.07500000000000007,0.0020664967986244774
17.82501876267492,0.09999999999999998,0.0027606276276646332
17.82501876267492,0.1250000000000001,0.0034593376047025717
17.82501876267492,0.15000000000000002,0.004163818933201749
17.82501876267492,0.17499999999999993,0.004875296237220066
17.82501876267492,0.20000000000000007,0.005595033876241592
17.82501876267492,0.22499999999999998,0.006324343740758553
17.82501876267492,0.2500000000000001,0.007064593632977101
17.82501876267492,0.275,0.007817216349596116
17.82501876267492,0.30000000000000016,0.008583719599065183
17.82501876267492,0.32500000000000007,0.009365696904596441
17.82501876267492,0.35,0.010164839667154377
17.82501876267492,0.3750000000000001,0.010982950590516533
17.82501876267492,0.4,0.01182195870434385
17.82501876267492,0.42500000000000016,0.012683936262351444
17.82501876267492,0.45000000000000007,0.013571117842811255
17.82501876267492,0.475,0.014485922039880871
17.82501876267492,0.5000000000000001,0.015430976209354571
17.82501876267492,0.525,0.016409144824855268
17.82501876267492,0.5500000000000002,0.017423562114705627
17.82501876267492,0.5750000000000001,0.018477669791532206
17.82501876267492,0.6,0.019575260863614885
17.82501876267492,0.6250000000000001,0.02072053073898787
17.82501876267492,0.65,0.02191813711337886
17.82501876267492,0.6750000000000002,0.023173270488583773
17.82501876267492,0.7000000000000001,0.024491737622035343
17.82501876267492,0.725,0.02588006079247795
17.82501876267492,0.7500000000000001,0.027345596523463016
17.82501876267492,0.775,0.028896678394417084
17.82501876267492,0.8000000000000002,0.030542789869528242
17.82501876267492,0.8250000000000001,0.032294774801404705
17.82501876267492,0.85,0.03416509558041538
17.82501876267492,0.8750000000000001,0.036168152032425585
17.82501876267492,0.9,0.03832067845156768
20.0,-0.9,-0.03627081428400435
20.0,-0.875,-0.034230840651307194
20.0,-0.85,-0.032332830927944534
20.0,-0.825,-0.030560863759924794
20.0,-0.8,-0.028901242895674466
20.0,-0.775,-0.0273421181104183
20.0,-0.75,-0.025873180855923102
20.0,-0.725,-0.024485417981011833
20.0,-0.7,-0.023170910978205145
20.0,-0.675,-0.021922671214792782
20.0,-0.65,-0.020734503824237856
20.0,-0.625,-0.01960089458782053
20.0,-0.6,-0.018516915381597533
20.0,-0.575,-0.017478144709357435
20.0,-0.55,-0.01648060056625972
20.0,-0.525,-0.015520683436476154
20.0,-0.5,-0.014595127662315598
20.0,-0.475,-0.013700959762055155
20.0,-0.45,-0.012835462541272737
20.0,-0.425,-0.011996144054491769
20.0,-0.4,-0.011180710642905288
20.0,-0.375,-0.010387043409312194
20.0,-0.35,-0.009613177600396056
20.0,-0.32499999999999996,-0.00885728445465145
20.0,-0.29999999999999993,-0.00811765514589715
20.0,-0.275,-0.007392686510736506
20.0,-0.25,-0.006680868296130379
20.0,-0.22499999999999998,-0.0059807717024759205
20.0,-0.19999999999999996,-0.005291039029841124
20.0,-0.17499999999999993,-0.004610374261561785
20.0,-0.15000000000000002,-0.003937534441272194
20.0,-0.125,-0.003271321717415565
20.0,-0.09999999999999998,-0.0026105759440025137
20.0,-0.07499999999999996,-0.001954167738362771
20.0,-0.04999999999999993,-0.001300991906267845
20.0,-0.025000000000000022,-0.0006499611524051209
20.0,0.0,-0.0
20.0,0.025000000000000022,0.000649961152405121
20.0,0.050000000000000044,0.0013009919062678481
20.0,0.07500000000000007,0.0019541677383627743
20.0,0.09999999999999998,0.0026105759440025137
20.0,0.1250000000000001,0.0032713217174155686
20.0,0.15000000000000002,0.003937534441272194
20.0,0.17499999999999993,0.004610374261561785
20.0,0.20000000000000007,0.005291039029841126
20.0,0.22499999999999998,0.00598077170247592
20.0,0.2500000000000001,0.006680868296130381
20.0,0.275,0.007392686510736504
20.0,0.30000000000000016,0.008117655145897155
20.0,0.32500000000000007,0.008857284454651454
20.0,0.35,0.009613177600396056
20.0,0.3750000000000001,0.010387043409312199
20.0,0.4,0.011180710642905288
20.0,0.42500000000000016,0.011996144054491774
20.0,0.45000000000000007,0.012835462541272739
20.0,0.475,0.013700959762055155
20.0,0.5000000000000001,0.0145951276623156
20.0,0.525,0.015520683436476152
20.0,0.5500000000000002,0.01648060056625972
20.0,0.5750000000000001,0.017478144709357435
20.0,0.6,0.018516915381597537
20.0,0.6250000000000001,0.01960089458782054
20.0,0.65,0.02073450382423786
20.0,0.6750000000000002,0.02192267121479278
20.0,0.7000000000000001,0.02317091097820515
20.0,0.725,0.02448541798101184
20.0,0.7500000000000001,0.025873180855923113
20.0,0.775,0.027342118110418305
20.0,0.8000000000000002,0.02890124289567446
20.0,0.8250000000000001,0.030560863759924797
20.0,0.85,0.03233283092794455
20.0,0.8750000000000001,0.03423084065130721
20.0,0.9,0.03627081428400435
