gamma,p,stress_error_over_Ks,pore,solid_fraction,hessian_min
-0.6,0.0,3.925231146709438e-17,0.12246217957205618,0.8775378204279438,2.483448079386115
-0.575,0.0,1.1102230246251566e-17,0.12153754641957892,0.8784624535804211,2.483448079386115
-0.5499999999999999,0.0,2.2887833992611188e-17,0.12061193901112455,0.8793880609888755,2.483448079386115
-0.525,0.0,1.7554167342883506e-17,0.1196853563201512,0.8803146436798488,2.483448079386115
-0.5,0.0,6.707437923744493e-17,0.11875779731903524,0.8812422026809648,2.483448079386115
-0.475,0.0,6.206335383118183e-18,0.11782926097907032,0.8821707390209297,2.483448079386115
-0.44999999999999996,0.0,6.401858262767178e-17,0.11689974627046629,0.8831002537295337,2.483448079386115
-0.425,0.0,2.7894008272968644e-17,0.11596925216234777,0.8840307478376522,2.483448079386115
-0.4,0.0,3.444376352465766e-17,0.11503777762275313,0.8849622223772469,2.483448079386115
-0.375,0.0,3.342213888644168e-17,0.11410532161863374,0.8858946783813663,2.483448079386115
-0.35,0.0,6.401858262767178e-17,0.11317188311585191,0.8868281168841481,2.483448079386115
-0.325,0.0,1.494683490070454e-17,0.11223746107918098,0.887762538920819,2.483448079386115
-0.3,0.0,1.962615573354719e-17,0.11130205447230301,0.888697945527697,2.483448079386115
-0.275,0.0,2.7755575615628915e-18,0.1103656622578083,0.8896343377421917,2.483448079386115
-0.25,0.0,3.3537189618722465e-17,0.10942828339719424,0.8905717166028058,2.483448079386115
-0.22500000000000003,0.0,2.4276213934271012e-17,0.10848991685086351,0.8915100831491365,2.483448079386115
-0.2,0.0,1.722188176232883e-17,0.10755056157812382,0.8924494384218762,2.483448079386115
-0.175,0.0,3.200929131383589e-17,0.10661021653718616,0.8933897834628138,2.483448079386115
-0.15000000000000002,0.0,6.206335383118183e-18,0.105668880685164,0.894331119314836,2.483448079386115
-0.125,0.0,1.6768594809361232e-17,0.10472655297807176,0.8952734470219282,2.483448079386115
-0.10000000000000003,0.0,6.938893903907228e-18,0.10378323237082399,0.896216767629176,2.483448079386115
-0.07500000000000007,0.0,1.3877787807814458e-18,0.10283891781723375,0.8971610821827662,2.483448079386115
-0.050000000000000044,0.0,3.832129411430761e-18,0.10189360827001204,0.898106391729988,2.483448079386115
-0.025000000000000022,0.0,1.9160647057153807e-18,0.10094730268076657,0.8990526973192334,2.483448079386115
0.0,0.0,0.0,0.09999999999999998,0.9,2.483448079386115
0.025000000000000022,0.0,1.9160647057153807e-18,0.09905169917710921,0.9009483008228908,2.483448079386115
0.04999999999999993,0.0,3.1031676915590916e-18,0.09810239916038443,0.9018976008396156,2.483448079386115
0.07499999999999996,0.0,6.938893903907228e-18,0.09715209889700727,0.9028479011029927,2.483448079386115
0.09999999999999998,0.0,6.206335383118183e-18,0.09620079733305065,0.9037992026669494,2.483448079386115
0.125,0.0,1.6768594809361232e-17,0.09524849341347608,0.9047515065865239,2.483448079386115
0.1499999999999999,0.0,1.3877787807814457e-17,0.09429518608213427,0.9057048139178657,2.483448079386115
0.17499999999999993,0.0,1.7772239894833366e-17,0.09334087428176274,0.9066591257182373,2.483448079386115
0.19999999999999996,0.0,1.2412670766236366e-17,0.09238555695398498,0.907614443046015,2.483448079386115
0.22499999999999998,0.0,3.200929131383589e-17,0.09142923303930939,0.9085707669606906,2.483448079386115
0.25,0.0,3.3537189618722465e-17,0.09047190147712802,0.909528098522872,2.483448079386115
0.2749999999999999,0.0,3.785355833503772e-17,0.0895135612057153,0.9104864387942847,2.483448079386115
0.29999999999999993,0.0,1.922962686383564e-17,0.08855421116222706,0.9114457888377729,2.483448079386115
0.32499999999999996,0.0,3.200929131383589e-17,0.08759385028269906,0.9124061497173009,2.483448079386115
0.35,0.0,6.401858262767178e-17,0.08663247750204628,0.9133675224979537,2.483448079386115
0.3749999999999999,0.0,4.0886516013572503e-17,0.08567009175406137,0.9143299082459386,2.483448079386115
0.3999999999999999,0.0,2.4825341532472732e-17,0.08470669197141323,0.9152933080285868,2.483448079386115
0.42499999999999993,0.0,3.2957919968262575e-17,0.08374227708564685,0.9162577229143531,2.483448079386115
0.44999999999999984,0.0,2.5438405243138007e-17,0.0827768460271806,0.9172231539728194,2.483448079386115
0.475,0.0,6.206335383118183e-18,0.08181039772530618,0.9181896022746938,2.483448079386115
0.4999999999999999,0.0,2.5438405243138007e-17,0.08084293110818752,0.9191570688918125,2.483448079386115
0.525,0.0,1.7554167342883506e-17,0.0798744451028588,0.9201255548971412,2.483448079386115
0.5499999999999999,0.0,2.2887833992611188e-17,0.07890493863522363,0.9210950613647764,2.483448079386115
0.5749999999999998,0.0,4.9960036108132046e-17,0.07793441063005391,0.9220655893699461,2.483448079386115
0.6,0.0,3.925231146709438e-17,0.07696286001098851,0.9230371399890115,2.483448079386115
-0.6,0.025,0.00020822704623931358,0.12720222573104933,0.8727977742689507,2.483559223791553
-0.575,0.025,0.00020122537649157105,0.12628754627700378,0.8737124537229962,2.4835593394876545
-0.5499999999999999,0.025,0.00019421640870542826,0.12537191342669396,0.874628086573306,2.483559455302721
-0.525,0.025,0.00018720013535658672,0.12445532619716115,0.8755446738028388,2.4835595712368717
-0.5,0.025,0.00018017654891309848,0.12353778360445489,0.8764622163955451,2.4835596872902266
-0.475,0.025,0.00017314564183539672,0.12261928466363314,0.8773807153363669,2.4835598034629043
-0.44999999999999996,0.025,0.0001661074065764081,0.12169982838876081,0.8783001716112392,2.483559919755025
-0.425,0.025,0.0001590618355814636,0.12077941379290913,0.8792205862070909,2.4835600361667094
-0.4,0.025,0.00015200892128812177,0.11985803988815447,0.8801419601118455,2.4835601526980757
-0.375,0.025,0.00014494865612645183,0.11893570568557732,0.8810642943144227,2.4835602693492445
-0.35,0.025,0.00013788103251890574,0.11801241019526143,0.8819875898047386,2.4835603861203355
-0.325,0.025,0.00013080604288023503,0.11708815242629322,0.8829118475737068,2.4835605030114705
-0.3,0.025,0.0001237236796175388,0.11616293138676004,0.88383706861324,2.483560620022767
-0.275,0.025,0.00011663393513038948,0.11523674608375001,0.88476325391625,2.4835607371543484
-0.25,0.025,0.00010953680181048563,0.1143095955233503,0.8856904044766497,2.4835608544063326
-0.22500000000000003,0.025,0.00010243227204204492,0.11338147871064708,0.8866185212893529,2.4835609717788416
-0.2,0.025,9.532033820150767e-05,0.11245239464972356,0.8875476053502764,2.483561089271996
-0.175,0.025,8.820099265773082e-05,0.11152234234365976,0.8884776576563402,2.483561206885917
-0.15000000000000002,0.025,8.107422777175495e-05,0.11059132079453138,0.8894086792054686,2.4835613246207258
-0.125,0.025,7.394003589703417e-05,0.10965932900340858,0.8903406709965914,2.4835614424765415
-0.10000000000000003,0.025,6.679840937927331e-05,0.10872636597035512,0.8912736340296449,2.4835615604534875
-0.07500000000000007,0.025,5.964934055646446e-05,0.10779243069442779,0.8922075693055722,2.4835616785516845
-0.050000000000000044,0.025,5.2492821758878404e-05,0.10685752217367483,0.8931424778263252,2.483561796771253
-0.025000000000000022,0.025,4.532884530908546e-05,0.10592163940513544,0.8940783605948646,2.4835619151123165
0.0,0.025,3.815740352190243e-05,0.10498478138483847,0.8950152186151615,2.4835620335749944
0.025000000000000022,0.025,3.097848870441244e-05,0.10404694710780171,0.8959530528921983,2.4835621521594105
0.04999999999999993,0.025,2.3792093155949587e-05,0.10310813556803078,0.8968918644319692,2.4835622708656855
0.07499999999999996,0.025,1.6598209168099094e-05,0.10216834575851819,0.8978316542414818,2.483562389693942
0.09999999999999998,0.025,9.396829024664695e-06,0.10122757667124238,0.8987724233287576,2.4835625086443014
0.125,0.025,2.187945001719105e-06,0.10028582729716673,0.8997141727028333,2.483562627716887
0.1499999999999999,0.025,5.028450632506335e-06,0.09934309662623864,0.9006569033737614,2.48356274691182
0.17499999999999993,0.025,1.2252365617500563e-05,0.09839938364738854,0.9016006163526115,2.4835628662292235
0.19999999999999996,0.025,1.9483807700570038e-05,0.09745468734852858,0.9025453126514714,2.4835629856692205
0.22499999999999998,0.025,2.672278463685017e-05,0.0965090067165526,0.9034909932834474,2.483563105231933
0.25,0.025,3.3969304189181866e-05,0.09556234073733405,0.904437659262666,2.4835632249174844
0.2749999999999999,0.025,4.12233741283724e-05,0.09461468839572551,0.9053853116042745,2.4835633447259973
0.29999999999999993,0.025,4.848500223299084e-05,0.09366604867555761,0.9063339513244424,2.483563464657594
0.32499999999999996,0.025,5.575419628933967e-05,0.09271642055963836,0.9072835794403616,2.4835635847123996
0.35,0.025,6.303096409166205e-05,0.09176580302975212,0.9082341969702479,2.4835637048905355
0.3749999999999999,0.025,7.03153134420303e-05,0.09081419506665778,0.9091858049333422,2.483563825192127
0.3999999999999999,0.025,7.76072521503847e-05,0.089861595650089,0.910138404349911,2.483563945617295
0.42499999999999993,0.025,8.490678803449439e-05,0.08890800375875219,0.9110919962412478,2.4835640661661653
0.44999999999999984,0.025,9.221392891991959e-05,0.08795341837032677,0.9120465816296732,2.483564186838861
0.475,0.025,9.952868264026993e-05,0.08699783846146236,0.9130021615385376,2.4835643076355063
0.4999999999999999,0.025,0.00010685105703696629,0.08604126300778003,0.91395873699222,2.4835644285562246
0.525,0.025,0.0001141810599592431,0.08508369098386892,0.9149163090161311,2.4835645496011405
0.5499999999999999,0.025,0.00012151869926424218,0.08412512136328754,0.9158748786367125,2.4835646707703782
0.5749999999999998,0.025,0.00012886398281718221,0.08316555311856078,0.9168344468814392,2.4835647920640618
0.6,0.025,0.00013621691849094594,0.08220498522118058,0.9177950147788194,2.483564913482316
-0.6,0.05,0.0004878607869597135,0.13186641575118607,0.8681335842488139,2.4836677236162963
-0.575,0.05,0.00047400619431728396,0.1309614522431377,0.8690385477568623,2.483667949542372
-0.5499999999999999,0.05,0.00046013731357893403,0.130055555455725,0.869944444544275,2.4836681756951924
-0.525,0.05,0.00044625413032788454,0.12914872444726067,0.8708512755527393,2.4836684020749753
-0.5,0.05,0.00043235663013330876,0.1282409582751498,0.8717590417248502,2.483668628681935
-0.475,0.05,0.0004184447985507309,0.12733225599588904,0.872667744004111,2.483668855516289
-0.44999999999999996,0.05,0.00040451862112149433,0.12642261666506638,0.8735773833349336,2.483669082578254
-0.425,0.05,0.0003905780833731641,0.12551203933735966,0.8744879606626403,2.4836693098680453
-0.4,0.05,0.0003766231708193774,0.12460052306653602,0.875399476933464,2.483669537385882
-0.375,0.05,0.0003626538689597527,0.12368806690545142,0.8763119330945486,2.48366976513198
-0.35,0.05,0.0003486701632799605,0.12277466990604957,0.8772253300939504,2.4836699931065565
-0.325,0.05,0.00033467203925165796,0.12186033111936079,0.8781396688806392,2.483670221309829
-0.3,0.05,0.00032065948233262257,0.12094504959550201,0.879054950404498,2.4836704497420157
-0.275,0.05,0.0003066324779665125,0.12002882438367535,0.8799711756163247,2.4836706784033344
-0.25,0.05,0.0002925910115830413,0.11911165453216765,0.8808883454678323,2.4836709072940018
-0.22500000000000003,0.05,0.00027853506859785223,0.11819353908834951,0.8818064609116505,2.4836711364142374
-0.2,0.05,0.0002644646344125719,0.11727447709867456,0.8827255229013254,2.4836713657642595
-0.175,0.05,0.0002503796944147992,0.11635446760867874,0.8836455323913213,2.483671595344287
-0.15000000000000002,0.05,0.0002362802339780299,0.11543350966297927,0.8845664903370207,2.4836718251545378
-0.125,0.05,0.00022216623846168623,0.11451160230527413,0.8854883976947259,2.48367205519523
-0.10000000000000003,0.05,0.00020803769321113276,0.11358874457834112,0.8864112554216589,2.483672285466585
-0.07500000000000007,0.05,0.0001938945835576292,0.11266493552403711,0.8873350644759629,2.4836725159688204
-0.050000000000000044,0.05,0.00017973689481830515,0.11174017418329729,0.8882598258167027,2.4836727467021564
-0.025000000000000022,0.05,0.00016556461229617496,0.11081445959613412,0.8891855404038659,2.483672977666813
0.0,0.05,0.00015137772128011805,0.10988779080163691,0.8901122091983631,2.4836732088630096
0.025000000000000022,0.05,0.00013717620704486558,0.10896016683797072,0.8910398331620293,2.483673440290966
0.04999999999999993,0.05,0.00012296005485099907,0.108031586742376,0.891968413257624,2.4836736719509025
0.07499999999999996,0.05,0.00010872924994490358,0.10710204955116687,0.8928979504488331,2.4836739038430395
0.09999999999999998,0.05,9.448377755880282e-05,0.10617155429973157,0.8938284457002684,2.483674135967598
0.125,0.05,8.022362291071156e-05,0.10524010002253048,0.8947598999774695,2.4836743683247993
0.1499999999999999,0.05,6.594877120446224e-05,0.10430768575309635,0.8956923142469037,2.483674600914863
0.17499999999999993,0.05,5.1659207629567756e-05,0.10337431052403245,0.8966256894759675,2.4836748337380103
0.19999999999999996,0.05,3.735491736146432e-05,0.10243997336701283,0.8975600266329872,2.4836750667944636
0.22499999999999998,0.05,2.303588556122762e-05,0.10150467331278079,0.8984953266872192,2.483675300084444
0.25,0.05,8.702097375709876e-06,0.1005684093911483,0.8994315906088517,2.4836755336081735
0.2749999999999999,0.05,5.646462062557197e-06,0.09963118063099508,0.9003688193690049,2.483675767365873
0.29999999999999993,0.05,2.0009807635178052e-05,0.09869298606026844,0.9013070139397316,2.483676001357766
0.32499999999999996,0.05,3.438795423827132e-05,0.09775382470598115,0.9022461752940188,2.483676235584073
0.35,0.05,4.878091678203292e-05,0.09681369559421216,0.9031863044057878,2.483676470045018
0.3749999999999999,0.05,6.318871019115116e-05,0.09587259775010448,0.9041274022498955,2.4836767047408235
0.3999999999999999,0.05,7.761134940458202e-05,0.09493053019786579,0.9050694698021342,2.483676939671711
0.42499999999999993,0.05,9.204884937565554e-05,0.09398749196076583,0.9060125080392342,2.4836771748379047
0.44999999999999984,0.05,0.00010650122507193525,0.09304348206113722,0.9069565179388628,2.4836774102396277
0.475,0.05,0.00012096849147555157,0.09209849952037363,0.9079015004796264,2.483677645877103
0.4999999999999999,0.05,0.00013545066358278422,0.09115254335892997,0.90884745664107,2.483677881750554
0.525,0.05,0.00014994775640459395,0.09020561259632043,0.9097943874036796,2.483678117860206
0.5499999999999999,0.05,0.0001644597849661442,0.08925770625111829,0.9107422937488817,2.4836783542062806
0.5749999999999998,0.05,0.000178986764307041,0.08830882334095491,0.9116911766590451,2.483678590789003
0.6,0.05,0.00019352870948129898,0.08735896288251976,0.9126410371174802,2.483678827608598
-0.6,0.07500000000000001,0.0008372081315580296,0.13645687882501745,0.8635431211749826,2.483773681016507
-0.575,0.07500000000000001,0.0008166441062459147,0.13556140235901382,0.8644385976409862,2.483774012020936
-0.5499999999999999,0.07500000000000001,0.0007960590945442108,0.13466501202436132,0.8653349879756387,2.4837743433496664
-0.525,0.07500000000000001,0.0007754530757258111,0.13376770691848439,0.8662322930815156,2.483774675002989
-0.5,0.07500000000000001,0.0007548260290445841,0.13286948613797678,0.8671305138620232,2.4837750069811984
-0.475,0.07500000000000001,0.0007341779337352979,0.13197034877860114,0.8680296512213989,2.483775339284588
-0.44999999999999996,0.07500000000000001,0.0007135087690137455,0.13107029393528824,0.8689297060647118,2.4837756719134516
-0.425,0.07500000000000001,0.0006928185140763078,0.13016932070213638,0.8698306792978636,2.4837760048680835
-0.4,0.07500000000000001,0.0006721071481005917,0.1292674281724111,0.8707325718275889,2.483776338148777
-0.375,0.07500000000000001,0.0006513746502448247,0.12836461543854383,0.8716353845614562,2.483776671755828
-0.35,0.07500000000000001,0.0006306209996481471,0.12746088159213165,0.8725391184078684,2.483777005689529
-0.325,0.07500000000000001,0.000609846175430474,0.12655622572393666,0.8734437742760633,2.4837773399501764
-0.3,0.07500000000000001,0.0005890501566925934,0.12565064692388528,0.8743493530761147,2.4837776745380644
-0.275,0.07500000000000001,0.0005682329225160882,0.12474414428106795,0.875255855718932,2.4837780094534896
-0.25,0.07500000000000001,0.0005473944519632536,0.12383671688373754,0.8761632831162625,2.483778344696746
-0.22500000000000003,0.07500000000000001,0.0005265347240772207,0.12292836381930994,0.8770716361806901,2.4837786802681294
-0.2,0.07500000000000001,0.0005056537178817879,0.12201908417436214,0.8779809158256379,2.483779016167936
-0.175,0.07500000000000001,0.00048475141238160093,0.12110887703463291,0.8788911229653671,2.483779352396463
-0.15000000000000002,0.07500000000000001,0.00046382778656197293,0.12019774148502105,0.879802258514979,2.4837796889540047
-0.125,0.07500000000000001,0.0004428828193888904,0.11928567660958544,0.8807143233904146,2.4837800258408596
-0.10000000000000003,0.07500000000000001,0.000421916489809066,0.1183726814915439,0.8816273185084561,2.4837803630573227
-0.07500000000000007,0.07500000000000001,0.00040092877674988554,0.11745875521327309,0.8825412447867269,2.4837807006036927
-0.050000000000000044,0.07500000000000001,0.0003799196591193799,0.11654389685630717,0.8834561031436928,2.483781038480266
-0.025000000000000022,0.07500000000000001,0.0003588891158062571,0.11562810550133784,0.8843718944986622,2.4837813766873396
0.0,0.07500000000000001,0.0003378371256798351,0.11471138022821326,0.8852886197717867,2.4837817152252115
0.025000000000000022,0.07500000000000001,0.0003167636675900358,0.11379372011593758,0.8862062798840624,2.4837820540941786
0.04999999999999993,0.07500000000000001,0.00029566872036742686,0.11287512424267032,0.8871248757573297,2.483782393294542
0.07499999999999996,0.07500000000000001,0.00027455226282312357,0.11195559168572566,0.8880444083142743,2.483782732826596
0.09999999999999998,0.07500000000000001,0.000253414273748821,0.11103512152157169,0.8889648784784283,2.4837830726906422
0.125,0.07500000000000001,0.00023225473191678842,0.11011371282582993,0.8898862871741701,2.4837834128869782
0.1499999999999999,0.07500000000000001,0.00021107361607983137,0.10919136467327462,0.8908086353267254,2.4837837534159024
0.17499999999999993,0.07500000000000001,0.00018987090497127028,0.10826807613783196,0.891731923862168,2.483784094277715
0.19999999999999996,0.07500000000000001,0.00016864657730493243,0.10734384629257965,0.8926561537074204,2.483784435472714
0.22499999999999998,0.07500000000000001,0.00014740061177519325,0.10641867420974616,0.8935813257902538,2.4837847770012003
0.25,0.07500000000000001,0.00012613298705684478,0.10549255896071041,0.8945074410392896,2.483785118863473
0.2749999999999999,0.07500000000000001,0.00010484368180517873,0.10456549961600003,0.895434500384,2.4837854610598327
0.29999999999999993,0.07500000000000001,8.35326746559786e-05,0.10363749524529242,0.8963625047547076,2.4837858035905787
0.32499999999999996,0.07500000000000001,6.219994422540624e-05,0.10270854491741233,0.8972914550825877,2.4837861464560125
0.35,0.07500000000000001,4.084546911002951e-05,0.10177864770033251,0.8982213522996675,2.483786489656434
0.3749999999999999,0.07500000000000001,1.9469227886926848e-05,0.10084780266117244,0.8991521973388276,2.4837868331921436
0.3999999999999999,0.07500000000000001,1.928800886531856e-06,0.099916008866198,0.900083991133802,2.4837871770634443
0.42499999999999993,0.07500000000000001,2.3348638672522486e-05,0.09898326538082047,0.9010167346191795,2.4837875212706355
0.44999999999999984,0.07500000000000001,4.479030695290192e-05,0.09804957126959601,0.901950428730404,2.48378786581402
0.475,0.07500000000000001,6.625382722924035e-05,0.09711492559622537,0.9028850744037746,2.4837882106938993
0.4999999999999999,0.07500000000000001,8.77392210225598e-05,0.0961793274235524,0.9038206725764476,2.483788555910574
0.525,0.07500000000000001,0.00010924650987389417,0.09524277581356455,0.9047572241864354,2.483788901464348
0.5499999999999999,0.07500000000000001,0.0001307757153435984,0.09430526982739129,0.9056947301726087,2.4837892473555234
0.5749999999999998,0.07500000000000001,0.00015232685901199575,0.09336680852530377,0.9066331914746962,2.483789593584403
0.6,0.07500000000000001,0.0001738999624791365,0.09242739096671415,0.9075726090332858,2.4837899401512886
-0.6,0.1,0.0012546385394371757,0.14097565779402366,0.8590243422059763,2.4838771927544117
-0.575,0.1,0.0012275035723304344,0.14008944786863897,0.859910552131361,2.4838776239780924
-0.5499999999999999,0.1,0.0012003411971384143,0.13920234281347288,0.8607976571865271,2.4838780556142726
-0.525,0.1,0.001173151387360806,0.13831434176304047,0.8616856582369595,2.483878487663306
-0.5,0.1,0.0011459341164738869,0.13742544385109734,0.8625745561489027,2.4838789201255462
-0.475,0.1,0.0011186893579308219,0.13653564821063913,0.8634643517893609,2.4838793530013463
-0.44999999999999996,0.1,0.001091417085161315,0.13564495397390075,0.8643550460260992,2.4838797862910598
-0.425,0.1,0.001064117271572009,0.1347533602723563,0.8652466397276437,2.4838802199950405
-0.4,0.1,0.001036789890545981,0.133860866236718,0.866139133763282,2.483880654113643
-0.375,0.1,0.001009434915443063,0.1329674709969363,0.8670325290030637,2.483881088647222
-0.35,0.1,0.0009820523195998238,0.1320731736821985,0.8679268263178015,2.4838815235961316
-0.325,0.1,0.0009546420763293376,0.1311779734209294,0.8688220265790706,2.483881958960726
-0.3,0.1,0.000927204158921327,0.13028186934078956,0.8697181306592104,2.4838823947413626
-0.275,0.1,0.0008997385406422002,0.12938486056867593,0.8706151394313241,2.4838828309383945
-0.25,0.1,0.0008722451947348718,0.12848694623072054,0.8715130537692795,2.483883267552177
-0.22500000000000003,0.1,0.000844724094418817,0.12758812545229004,0.87241187454771,2.4838837045830675
-0.2,0.1,0.0008171752128901018,0.12668839735798576,0.8733116026420142,2.483884142031421
-0.175,0.1,0.0007895985233213403,0.1257877610716427,0.8742122389283573,2.4838845798975933
-0.15000000000000002,0.1,0.0007619939988616482,0.12488621571632896,0.875113784283671,2.4838850181819416
-0.125,0.1,0.000734361612636648,0.12398376041434556,0.8760162395856544,2.483885456884822
-0.10000000000000003,0.1,0.0007067013377484699,0.12308039428722584,0.8769196057127742,2.4838858960065906
-0.07500000000000007,0.1,0.0006790131472757105,0.12217611645573478,0.8778238835442652,2.483886335547606
-0.050000000000000044,0.1,0.0006512970142734444,0.12127092603986867,0.8787290739601313,2.4838867755082252
-0.025000000000000022,0.1,0.0006235529117731506,0.12036482215885425,0.8796351778411458,2.483887215888805
0.0,0.1,0.0005957808127827744,0.1194578039311488,0.8805421960688512,2.4838876566897024
0.025000000000000022,0.1,0.0005679806902866623,0.11854987047443921,0.8814501295255608,2.4838880979112767
0.04999999999999993,0.1,0.0005401525172455745,0.11764102090564144,0.8823589790943586,2.483888539553885
0.07499999999999996,0.1,0.0005122962665966375,0.11673125434090026,0.8832687456590997,2.4838889816178864
0.09999999999999998,0.1,0.0004844119112533287,0.1158205698955882,0.8841794301044118,2.4838894241036393
0.125,0.1,0.00045649942410550025,0.11490896668430606,0.8850910333156939,2.4838898670115026
0.1499999999999999,0.1,0.00042855877801934356,0.11399644382088114,0.8860035561791189,2.4838903103418346
0.17499999999999993,0.1,0.0004005899458373554,0.11308300041836805,0.886916999581632,2.4838907540949955
0.19999999999999996,0.1,0.0003725929003783286,0.11216863558904655,0.8878313644109534,2.483891198271344
0.22499999999999998,0.1,0.0003445676144373798,0.11125334844442292,0.8887466515555771,2.4838916428712396
0.25,0.1,0.0003165140607858221,0.11033713809522783,0.8896628619047722,2.483892087895043
0.2749999999999999,0.1,0.0002884322121713627,0.10942000365141691,0.8905799963485831,2.483892533343113
0.29999999999999993,0.1,0.00026032204131778904,0.10850194422216974,0.8914980557778303,2.483892979215812
0.32499999999999996,0.1,0.00023218352092522175,0.10758295891588932,0.8924170410841107,2.483893425513499
0.35,0.1,0.00020401662366997215,0.10666304684020178,0.8933369531597982,2.4838938722365347
0.3749999999999999,0.1,0.00017582132220448238,0.1057422071019557,0.8942577928980443,2.4838943193852803
0.3999999999999999,0.1,0.00014759758915744927,0.1048204388072217,0.8951795611927783,2.4838947669600975
0.42499999999999993,0.1,0.00011934539713377365,0.10389774106129168,0.8961022589387083,2.4838952149613474
0.44999999999999984,0.1,9.106471871421196e-05,0.10297411296867875,0.8970258870313212,2.483895663389391
0.475,0.1,6.275552645615392e-05,0.10204955363311652,0.8979504463668835,2.483896112244591
0.4999999999999999,0.1,3.4417792892671475e-05,0.1011240621575582,0.8988759378424418,2.483896561527309
0.525,0.1,6.051490533074508e-06,0.10019763764417677,0.8998023623558232,2.4838970112379073
0.5499999999999999,0.1,2.234340813714838e-05,0.09927027919436382,0.9007297208056362,2.483897461376749
0.5749999999999998,0.1,5.076693065660782e-05,0.09834198590872956,0.9016580140912704,2.4838979119441964
0.6,0.1,7.921910458773516e-05,0.09741275688710216,0.9025872431128978,2.483898362940612
-0.6,0.125,0.0017385808904698042,0.1454247137328173,0.8545752862671827,2.4839783505568036
-0.575,0.125,0.0017050087143836562,0.14454755783143802,0.855452442168562,2.4839788774129747
-0.5499999999999999,0.125,0.0016714029709192662,0.1436695248995129,0.8563304751004871,2.4839794047612815
-0.525,0.125,0.0016377636282983669,0.1427906141067553,0.8572093858932447,2.4839799326021206
-0.5,0.125,0.0016040906547159766,0.14191082462218496,0.858089175377815,2.483980460935893
-0.475,0.125,0.0015703840183408358,0.14103015561412702,0.858969844385873,2.4839809897629954
-0.44999999999999996,0.125,0.0015366436873147874,0.14014860625021164,0.8598513937497884,2.483981519083827
-0.425,0.125,0.001502869629753201,0.1392661756973741,0.8607338243026259,2.483982048898787
-0.4,0.125,0.0014690618137448241,0.13838286312185388,0.8616171368781461,2.4839825792082744
-0.375,0.125,0.001435220207351801,0.1374986676891945,0.8625013323108055,2.4839831100126877
-0.35,0.125,0.0014013447786095283,0.136613588564243,0.863386411435757,2.4839836413124283
-0.325,0.125,0.0013674354955267917,0.13572762491114954,0.8642723750888505,2.4839841731078947
-0.3,0.125,0.0013334923260856421,0.13484077589336751,0.8651592241066325,2.483984705399487
-0.275,0.125,0.0012995152382415135,0.133953040673652,0.866046959326348,2.4839852381876053
-0.25,0.125,0.0012655041999230672,0.13306441841406091,0.8669355815859391,2.4839857714726503
-0.22500000000000003,0.125,0.0012314591790322442,0.1321749082759529,0.8678250917240471,2.4839863052550233
-0.2,0.125,0.0011973801434442255,0.13128450941998848,0.8687154905800115,2.483986839535124
-0.175,0.125,0.001163267061007466,0.1303932210061286,0.8696067789938714,2.483987374313353
-0.15000000000000002,0.125,0.0011291198995436091,0.12950104219363479,0.8704989578063652,2.483987909590112
-0.125,0.125,0.0010949386268475302,0.12860797214106845,0.8713920278589316,2.483988445365803
-0.10000000000000003,0.125,0.0010607232106873222,0.127714010006291,0.872285989993709,2.4839889816408283
-0.07500000000000007,0.125,0.0010264736188041516,0.12681915494646223,0.8731808450535378,2.4839895184155867
-0.050000000000000044,0.125,0.0009921898189124809,0.12592340611804187,0.8740765938819581,2.483990055690483
-0.025000000000000022,0.125,0.0009578717786998352,0.12502676267678703,0.874973237323213,2.483990593465917
0.0,0.125,0.0009235194658268927,0.12412922377775326,0.8758707762222467,2.483991131742294
0.025000000000000022,0.125,0.0008891328479274658,0.12323078857529413,0.8767692114247059,2.4839916705200142
0.04999999999999993,0.125,0.000854711892608476,0.12233145622305985,0.8776685437769401,2.483992209799481
0.07499999999999996,0.125,0.0008202565674498786,0.12143122587399768,0.8785687741260023,2.4839927495810983
0.09999999999999998,0.125,0.0007857668400047584,0.12053009668035153,0.8794699033196485,2.4839932898652677
0.125,0.125,0.000751242677799211,0.11962806779366097,0.880371932206339,2.4839938306523934
0.1499999999999999,0.125,0.0007166840483324325,0.1187251383647614,0.8812748616352386,2.483994371942879
0.17499999999999993,0.125,0.000682090919076565,0.11782130754378362,0.8821786924562164,2.483994913737129
0.19999999999999996,0.125,0.0006474632574768358,0.11691657448015302,0.883083425519847,2.4839954560355455
0.22499999999999998,0.125,0.0006128010309514327,0.11601093832258969,0.8839890616774103,2.483995998838534
0.25,0.125,0.0005781042068915657,0.11510439821910756,0.8848956017808924,2.4839965421464982
0.2749999999999999,0.125,0.000543372752661316,0.11419695331701463,0.8858030466829854,2.4839970859598437
0.29999999999999993,0.125,0.0005086066355978231,0.11328860276291164,0.8867113972370884,2.483997630278974
0.32499999999999996,0.125,0.0004738058230110695,0.11237934570269237,0.8876206542973076,2.4839981751042948
0.35,0.125,0.00043897028218406735,0.1114691812815437,0.8885308187184563,2.483998720436211
0.3749999999999999,0.125,0.00040409998037263127,0.11055810864394355,0.8894418913560564,2.483999266275128
0.3999999999999999,0.125,0.00036919488480552663,0.10964612693366249,0.8903538730663375,2.4839998126214513
0.42499999999999993,0.125,0.0003342549626843592,0.10873323529376189,0.8912667647062381,2.484000359475586
0.44999999999999984,0.125,0.0002992801811836004,0.10781943286659412,0.8921805671334059,2.484000906837939
0.475,0.125,0.00026427050745066817,0.10690471879380214,0.8930952812061979,2.4840014547089164
0.4999999999999999,0.125,0.00022922590860555495,0.10598909221631891,0.8940109077836811,2.4840020030889236
0.525,0.125,0.00019414635174138983,0.1050725522743674,0.8949274477256326,2.484002551978368
0.5499999999999999,0.125,0.00015903180392388977,0.1041550981074596,0.8958449018925404,2.4840031013776556
0.5749999999999998,0.125,0.00012388223219161968,0.10323672885439661,0.8967632711456034,2.4840036512871944
0.6,0.125,8.869760355588052e-05,0.10231744365326823,0.8976825563467318,2.4840042017073896
-0.6,0.15000000000000002,0.0022875205522156967,0.14980593023306477,0.8501940697669352,2.484077241444976
-0.575,0.15000000000000002,0.0022476403684072123,0.14893762343227046,0.8510623765677295,2.4840778596006863
-0.5499999999999999,0.15000000000000002,0.0022077207070309575,0.14806845709078809,0.8519315429092119,2.4840784783203222
-0.525,0.15000000000000002,0.0021677615314880747,0.14719843041175618,0.8528015695882438,2.4840790976043143
-0.5,0.15000000000000002,0.0021277628051506003,0.14632754259767944,0.8536724574023206,2.4840797174530915
-0.475,0.15000000000000002,0.0020877244913615365,0.14545579285042887,0.8545442071495711,2.4840803378670864
-0.44999999999999996,0.15000000000000002,0.0020476465534348736,0.14458318037124163,0.8554168196287584,2.4840809588467287
-0.425,0.15000000000000002,0.0020075289546552973,0.14370970436072006,0.8562902956392799,2.484081580392449
-0.4,0.15000000000000002,0.001967371658278324,0.14283536401883212,0.8571646359811679,2.4840822025046805
-0.375,0.15000000000000002,0.0019271746275303851,0.1419601585449105,0.8580398414550895,2.4840828251838523
-0.35,0.15000000000000002,0.001886937825608784,0.14108408713765286,0.8589159128623471,2.484083448430397
-0.325,0.15000000000000002,0.0018466612156814578,0.1402071489951211,0.8597928510048789,2.4840840722447455
-0.3,0.15000000000000002,0.0018063447608873367,0.13932934331474123,0.8606706566852588,2.4840846966273307
-0.275,0.15000000000000002,0.0017659884243360333,0.1384506692933033,0.8615493307066967,2.484085321578583
-0.25,0.15000000000000002,0.001725592169107878,0.13757112612696032,0.8624288738730397,2.484085947098937
-0.22500000000000003,0.15000000000000002,0.0016851559582540504,0.13669071301122926,0.8633092869887707,2.4840865731888218
-0.2,0.15000000000000002,0.0016446797547964333,0.13580942914098948,0.8641905708590105,2.4840871998486724
-0.175,0.15000000000000002,0.001604163521727599,0.13492727371048308,0.8650727262895169,2.4840878270789206
-0.15000000000000002,0.15000000000000002,0.0015636072220109331,0.13404424591331465,0.8659557540866853,2.484088454879999
-0.125,0.15000000000000002,0.001523010818580364,0.13316034494245055,0.8668396550575495,2.4840890832523406
-0.10000000000000003,0.15000000000000002,0.0014823742743406856,0.13227556999021917,0.8677244300097808,2.4840897121963788
-0.07500000000000007,0.15000000000000002,0.0014416975521672002,0.1313899202483101,0.8686100797516899,2.484090341712547
-0.050000000000000044,0.15000000000000002,0.0014009806149060115,0.1305033949077743,0.8694966050922257,2.484090971801277
-0.025000000000000022,0.15000000000000002,0.0013602234253737347,0.12961599315902317,0.8703840068409768,2.4840916024630046
0.0,0.15000000000000002,0.0013194259463577003,0.12872771419182916,0.8712722858081708,2.484092233698163
0.025000000000000022,0.15000000000000002,0.0012785881406158612,0.1278385571953249,0.8721614428046751,2.4840928655071854
0.04999999999999993,0.15000000000000002,0.0012377099708767063,0.1269485213580026,0.8730514786419974,2.484093497890506
0.07499999999999996,0.15000000000000002,0.0011967913998394155,0.12605760586771464,0.8739423941322854,2.48409413084856
0.09999999999999998,0.15000000000000002,0.0011558323901736044,0.12516580991167237,0.8748341900883276,2.4840947643817795
0.125,0.15000000000000002,0.001114832904519636,0.12427313267644668,0.8757268673235533,2.484095398490602
0.1499999999999999,0.15000000000000002,0.001073792905488245,0.12337957334796679,0.8766204266520332,2.4840960331754602
0.17499999999999993,0.15000000000000002,0.0010327123556608385,0.1224851311115207,0.8775148688884793,2.48409666843679
0.19999999999999996,0.15000000000000002,0.00099159121758927,0.12158980515175466,0.8784101948482453,2.4840973042750254
0.22499999999999998,0.15000000000000002,0.0009504294537959222,0.12069359465267271,0.8793064053473273,2.484097940690603
0.25,0.15000000000000002,0.0009092270267736676,0.11979649879763654,0.8802035012023635,2.484098577683956
0.2749999999999999,0.15000000000000002,0.0008679838989859084,0.11889851676936525,0.8811014832306348,2.4840992152555224
0.29999999999999993,0.15000000000000002,0.0008267000328664852,0.1179996477499351,0.8820003522500649,2.484099853405737
0.32499999999999996,0.15000000000000002,0.0007853753908196277,0.11709989092077866,0.8829001090792213,2.484100492135034
0.35,0.15000000000000002,0.0007440099352201043,0.11619924546268545,0.8838007545373145,2.484101131443851
0.3749999999999999,0.15000000000000002,0.0007026036284131422,0.11529771055580118,0.8847022894441988,2.4841017713326234
0.3999999999999999,0.15000000000000002,0.0006611564327142181,0.11439528537962695,0.885604714620373,2.4841024118017883
0.42499999999999993,0.15000000000000002,0.0006196683104094322,0.11349196911302017,0.8865080308869798,2.4841030528517822
0.44999999999999984,0.15000000000000002,0.0005781392237551206,0.11258776093419287,0.8874122390658071,2.484103694483041
0.475,0.15000000000000002,0.0005365691349779685,0.11168266002071259,0.8883173399792874,2.4841043366960016
0.4999999999999999,0.15000000000000002,0.000494958006275168,0.1107766655495015,0.8892233344504985,2.4841049794911
0.525,0.15000000000000002,0.00045330579981425165,0.10986977669683595,0.890130223303164,2.484105622868775
0.5499999999999999,0.15000000000000002,0.00041161247773296387,0.10896199263834683,0.8910380073616532,2.4841062668294627
0.5749999999999998,0.15000000000000002,0.00036987800213934726,0.10805331254901884,0.8919466874509812,2.4841069113736003
0.6,0.15000000000000002,0.00032810233511196415,0.10714373560319013,0.8928562643968099,2.484107556501626
-0.6,0.17500000000000002,0.002899996629055811,0.15412111741046763,0.8458788825895324,2.4841739480387357
-0.575,0.17500000000000002,0.002853933320029816,0.1532614620125502,0.8467385379874498,2.4841746533977984
-0.5499999999999999,0.17500000000000002,0.00280782485987964,0.15240096398286185,0.8475990360171382,2.484175359385386
-0.525,0.17500000000000002,0.002761671207608477,0.15153962255630193,0.8484603774436981,2.4841760660019485
-0.5,0.17500000000000002,0.0027154723221886226,0.15067743696719216,0.8493225630328078,2.4841767732479396
-0.475,0.17500000000000002,0.0026692281625614444,0.14981440644927657,0.8501855935507234,2.4841774811238087
-0.44999999999999996,0.17500000000000002,0.0026229386876374856,0.14895053023572102,0.851049469764279,2.4841781896300086
-0.425,0.17500000000000002,0.002576603856295904,0.14808580755911338,0.8519141924408866,2.4841788987669906
-0.4,0.17500000000000002,0.0025302236273852673,0.14722023765146286,0.8527797623485371,2.4841796085352064
-0.375,0.17500000000000002,0.0024837979597228674,0.14635381974420014,0.8536461802557999,2.484180318935109
-0.35,0.17500000000000002,0.002437326812095148,0.14548655306817693,0.8545134469318231,2.4841810299671487
-0.325,0.17500000000000002,0.002390810143257386,0.14461843685366615,0.8553815631463338,2.484181741631779
-0.3,0.17500000000000002,0.0023442479119340173,0.14374947033036123,0.8562505296696388,2.4841824539294515
-0.275,0.17500000000000002,0.0022976400768182216,0.14287965272737602,0.857120347272624,2.4841831668606194
-0.25,0.17500000000000002,0.0022509865965721645,0.14200898327324496,0.857991016726755,2.4841838804257343
-0.22500000000000003,0.17500000000000002,0.0022042874298270716,0.1411374611959224,0.8588625388040776,2.48418459462525
-0.2,0.17500000000000002,0.0021575425351829415,0.14026508572278285,0.8597349142772172,2.4841853094596185
-0.175,0.17500000000000002,0.0021107518712086886,0.1393918560806201,0.8606081439193799,2.484186024929293
-0.15000000000000002,0.17500000000000002,0.0020639153964422024,0.13851777149564792,0.8614822285043521,2.4841867410347254
-0.125,0.17500000000000002,0.0020170330693902293,0.13764283119349874,0.8623571688065013,2.4841874577763696
-0.10000000000000003,0.17500000000000002,0.001970104848528252,0.13676703439922444,0.8632329656007756,2.484188175154679
-0.07500000000000007,0.17500000000000002,0.0019231306923008593,0.13589038033729595,0.864109619662704,2.4841888931701064
-0.050000000000000044,0.17500000000000002,0.0018761105591212975,0.1350128682316024,0.8649871317683976,2.484189611823106
-0.025000000000000022,0.17500000000000002,0.0018290444073717476,0.1341344973054519,0.8658655026945481,2.4841903311141307
0.0,0.17500000000000002,0.001781932195403128,0.1332552667815703,0.8667447332184297,2.4841910510436342
0.025000000000000022,0.17500000000000002,0.0017347738815352907,0.13237517588210168,0.8676248241178983,2.4841917716120703
0.04999999999999993,0.17500000000000002,0.0016875694240567837,0.1314942238286081,0.8685057761713919,2.4841924928198926
0.07499999999999996,0.17500000000000002,0.0016403187812250378,0.13061240984206923,0.8693875901579308,2.484193214667556
0.09999999999999998,0.17500000000000002,0.0015930219112662216,0.12972973314288205,0.870270266857118,2.4841939371555135
0.125,0.17500000000000002,0.0015456787723752848,0.12884619295086075,0.8711538070491393,2.484194660284219
0.1499999999999999,0.17500000000000002,0.0014982893227159179,0.12796178848523687,0.8720382115147631,2.4841953840541273
0.17499999999999993,0.17500000000000002,0.001450853520420624,0.12707651896465832,0.8729234810353417,2.4841961084656936
0.19999999999999996,0.17500000000000002,0.0014033713235905923,0.12619038360719004,0.87380961639281,2.4841968335193716
0.22499999999999998,0.17500000000000002,0.001355842690295743,0.12530338163031307,0.8746966183696869,2.4841975592156156
0.25,0.17500000000000002,0.001308267578574776,0.12441551225092495,0.875584487749075,2.4841982855548808
0.2749999999999999,0.17500000000000002,0.0012606459464350036,0.12352677468533924,0.8764732253146608,2.4841990125376214
0.29999999999999993,0.17500000000000002,0.0012129777518525475,0.12263716814928505,0.877362831850715,2.484199740164293
0.32499999999999996,0.17500000000000002,0.0011652629527720976,0.12174669185790732,0.8782533081420927,2.4842004684353505
0.35,0.17500000000000002,0.0011175015071070895,0.12085534502576656,0.8791446549742334,2.4842011973512483
0.3749999999999999,0.17500000000000002,0.0010696933727396946,0.1199631268668383,0.8800368731331617,2.4842019269124425
0.3999999999999999,0.17500000000000002,0.0010218385075206045,0.1190700365945132,0.8809299634054868,2.4842026571193876
0.42499999999999993,0.17500000000000002,0.0009739368692692133,0.11817607342159664,0.8818239265784034,2.48420338797254
0.44999999999999984,0.17500000000000002,0.0009259884157734918,0.11728123656030887,0.8827187634396911,2.484204119472354
0.475,0.17500000000000002,0.0008779931047902416,0.11638552522228429,0.8836144747777157,2.484204851619286
0.4999999999999999,0.17500000000000002,0.0008299508940446418,0.11548893861857179,0.8845110613814282,2.484205584413792
0.525,0.17500000000000002,0.0007818617412305044,0.11459147595963426,0.8854085240403657,2.4842063178563265
0.5499999999999999,0.17500000000000002,0.0007337256040103589,0.11369313645534851,0.8863068635446515,2.484207051947347
0.5749999999999998,0.17500000000000002,0.0006855424400152978,0.11279391931500471,0.8872060806849953,2.4842077866873082
0.6,0.17500000000000002,0.0006373122068448418,0.11189382374730683,0.8881061762526932,2.484208522076667
-0.6,0.2,0.0035745993797023133,0.15837201565604442,0.8416279843439556,2.4842685488368543
-0.575,0.2,0.0035224737093213178,0.15752082084388297,0.842479179156117,2.484269337524152
-0.5499999999999999,0.2,0.0034702974391902174,0.1566687997546773,0.8433312002453227,2.48427012689798
-0.525,0.2,0.003418070524304839,0.15581595165352569,0.8441840483464743,2.484270916958799
-0.5,0.2,0.0033657929196289037,0.15496227580500066,0.8450377241949993,2.484271707707074
-0.475,0.2,0.003313464580093943,0.1541077714731488,0.8458922285268512,2.484272499143265
-0.44999999999999996,0.2,0.0032610854605991677,0.15325243792149035,0.8467475620785097,2.4842732912678374
-0.425,0.2,0.003208655516011729,0.15239627441301917,0.8476037255869808,2.4842740840812523
-0.4,0.2,0.00315617470116639,0.15153928021020313,0.8484607197897969,2.484274877583972
-0.375,0.2,0.0031036429708657083,0.15068145457498316,0.8493185454250168,2.48427567177646
-0.35,0.2,0.0030510602798799777,0.14982279676877353,0.8501772032312265,2.4842764666591797
-0.325,0.2,0.0029984265829473902,0.14896330605246189,0.8510366939475381,2.4842772622325935
-0.3,0.2,0.0029457418347735706,0.14810298168640867,0.8518970183135913,2.4842780584971647
-0.275,0.2,0.002893005990032112,0.14724182293044763,0.8527581770695524,2.4842788554533555
-0.25,0.2,0.0028402190033641737,0.1463798290438847,0.8536201709561153,2.48427965310163
-0.22500000000000003,0.2,0.002787380829378755,0.1455169992854991,0.8544830007145009,2.4842804514424506
-0.2,0.2,0.0027344914226524776,0.1446533329135422,0.8553466670864578,2.4842812504762817
-0.175,0.2,0.0026815507377295736,0.14378882918573777,0.8562111708142622,2.4842820502035856
-0.15000000000000002,0.2,0.0026285587291221177,0.14292348735928206,0.8570765126407179,2.4842828506248247
-0.125,0.2,0.0025755153513097894,0.14205730669084315,0.8579426933091568,2.484283651740464
-0.10000000000000003,0.2,0.0025224205587398877,0.1411902864365615,0.8588097135634385,2.4842844535509663
-0.07500000000000007,0.2,0.0024692743058274446,0.14032242585204924,0.8596775741479508,2.4842852560567947
-0.050000000000000044,0.2,0.0024160765469550937,0.13945372419239022,0.8605462758076098,2.4842860592584137
-0.025000000000000022,0.2,0.0023628272364731137,0.13858418071213996,0.86141581928786,2.4842868631562856
0.0,0.2,0.0023095263286994914,0.13771379466532563,0.8622862053346744,2.4842876677508747
0.025000000000000022,0.2,0.0022561737779197193,0.13684256530544558,0.8631574346945544,2.4842884730426444
0.04999999999999993,0.2,0.0022027695383870383,0.1359704918854695,0.8640295081145305,2.4842892790320588
0.07499999999999996,0.2,0.002149313564322189,0.13509757365783814,0.8649024263421619,2.4842900857195813
0.09999999999999998,0.2,0.002095805809913619,0.13422380987446347,0.8657761901255365,2.484290893105675
0.125,0.2,0.0020422462293172836,0.1333491997867281,0.8666508002132719,2.484291701190805
0.1499999999999999,0.2,0.001988634776656793,0.13247374264548561,0.8675262573545144,2.4842925099754343
0.17499999999999993,0.2,0.0019349714060233048,0.13159743770105992,0.8684025622989401,2.4842933194600265
0.19999999999999996,0.2,0.0018812560714755876,0.13072028420324588,0.8692797157967541,2.4842941296450465
0.22499999999999998,0.2,0.0018274887270398987,0.12984228140130827,0.8701577185986917,2.4842949405309582
0.25,0.2,0.0017736693267101679,0.12896342854398257,0.8710365714560174,2.4842957521182254
0.2749999999999999,0.2,0.001719797824447831,0.12808372487947428,0.8719162751205257,2.484296564407312
0.29999999999999993,0.2,0.001665874174181797,0.12720316965545864,0.8727968303445414,2.4842973773986814
0.32499999999999996,0.2,0.0016118983298086097,0.1263217621190813,0.8736782378809187,2.4842981910927993
0.35,0.2,0.0015578702451923018,0.12543950151695726,0.8745604984830427,2.4842990054901284
0.3749999999999999,0.2,0.001503789874164469,0.12455638709517147,0.8754436129048285,2.4842998205911337
0.3999999999999999,0.2,0.001449657170524193,0.12367241809927854,0.8763275819007215,2.4843006363962794
0.42499999999999993,0.2,0.0013954720880379604,0.12278759377430204,0.877212406225698,2.4843014529060303
0.44999999999999984,0.2,0.0013412345804400968,0.12190191336473533,0.8780980866352647,2.4843022701208493
0.475,0.2,0.001286944601431971,0.12101537611454083,0.8789846238854592,2.4843030880412025
0.4999999999999999,0.2,0.0012326021046827449,0.12012798126714996,0.87987201873285,2.4843039066675527
0.525,0.2,0.0011782070438289723,0.11923972806546335,0.8807602719345367,2.4843047260003654
0.5499999999999999,0.2,0.0011237593724747548,0.11835061575185024,0.8816493842481498,2.484305546040105
0.5749999999999998,0.2,0.001069259044191379,0.11746064356814867,0.8825393564318513,2.4843063667872354
0.6,0.2,0.0010147060125180632,0.11656981075566553,0.8834301892443345,2.4843071882422216
-0.6,0.225,0.004309967790718772,0.16256029915108328,0.8374397008489167,2.4843611184760825
-0.575,0.225,0.004251896592531607,0.16171738066373997,0.83828261933626,2.484361986823103
-0.5499999999999999,0.225,0.004193769559907181,0.16087365172507395,0.839126348274926,2.4843628559086075
-0.525,0.225,0.004135586644195365,0.1600291116289151,0.8399708883710849,2.4843637257330617
-0.5,0.225,0.004077347796712956,0.1591837596686151,0.8408162403313849,2.484364596296931
-0.475,0.225,0.004019052968743891,0.1583375951370477,0.8416624048629523,2.484365467600681
-0.44999999999999996,0.225,0.003960702111539234,0.1574906173266083,0.8425093826733917,2.4843663396447764
-0.425,0.225,0.0039022951763169693,0.15664282552921405,0.843357174470786,2.4843672124296834
-0.4,0.225,0.003843832114262104,0.15579421903630364,0.8442057809636964,2.484368085955866
-0.375,0.225,0.0037853128765268683,0.1549447971388378,0.8450552028611622,2.4843689602237897
-0.35,0.225,0.0037267374142303474,0.15409455912729808,0.8459054408727019,2.4843698352339207
-0.325,0.225,0.0036681056784588725,0.15324350429168843,0.8467564957083116,2.484370710986724
-0.3,0.225,0.0036094176202655266,0.15239163192153315,0.8476083680784668,2.484371587482664
-0.275,0.225,0.003550673190670592,0.15153894130587897,0.848461058694121,2.4843724647222065
-0.25,0.225,0.0034918723406613685,0.15068543173329296,0.849314568266707,2.4843733427058177
-0.22500000000000003,0.225,0.003433015021192116,0.14983110249186404,0.850168897508136,2.4843742214339612
-0.2,0.225,0.0033741011831841215,0.14897595286920196,0.851024047130798,2.484375100907103
-0.175,0.225,0.0033151307775256705,0.1481199821524376,0.8518800178475624,2.4843759811257082
-0.15000000000000002,0.225,0.003256103755072124,0.14726318962822327,0.8527368103717767,2.484376862090242
-0.125,0.225,0.0031970200666457116,0.14640557458273173,0.8535944254172683,2.484377743801169
-0.10000000000000003,0.225,0.0031378796630357974,0.14554713630165694,0.8544528636983431,2.4843786262589553
-0.07500000000000007,0.225,0.0030786824949986325,0.14468787407021366,0.8553121259297863,2.4843795094640644
-0.050000000000000044,0.225,0.0030194285132575096,0.14382778717313738,0.8561722128268626,2.4843803934169633
-0.025000000000000022,0.225,0.0029601176685026625,0.14296687489468451,0.8570331251053155,2.4843812781181156
0.0,0.225,0.0029007499113913667,0.142105136518632,0.857894863481368,2.4843821635679872
0.025000000000000022,0.225,0.002841325192547767,0.14124257132827744,0.8587574286717226,2.4843830497670423
0.04999999999999993,0.225,0.002781843462563119,0.14037917860643923,0.8596208213935608,2.4843839367157465
0.07499999999999996,0.225,0.002722304671995526,0.13951495763545585,0.8604850423645442,2.484384824414565
0.09999999999999998,0.225,0.0026627087713701337,0.13864990769718666,0.8613500923028133,2.4843857128639613
0.125,0.225,0.0026030557111790032,0.13778402807301138,0.8622159719269886,2.484386602064402
0.1499999999999999,0.225,0.0025433454418811235,0.13691731804382956,0.8630826819561704,2.4843874920163507
0.17499999999999993,0.225,0.00248357791390253,0.1360497768900618,0.8639502231099382,2.4843883827202733
0.19999999999999996,0.225,0.00242375307763613,0.13518140389164857,0.8648185961083514,2.4843892741766345
0.22499999999999998,0.225,0.0023638708834417778,0.13431219832805052,0.8656878016719495,2.484390166385898
0.25,0.225,0.0023039312816463104,0.13344215947824856,0.8665578405217514,2.484391059348529
0.2749999999999999,0.225,0.002243934222543518,0.1325712866207437,0.8674287133792563,2.484391953064993
0.29999999999999993,0.225,0.002183879656394019,0.13169957903355678,0.8683004209664432,2.4843928475357546
0.32499999999999996,0.225,0.0021237675334254795,0.13082703599422896,0.869172964005771,2.4843937427612772
0.35,0.225,0.0020635978038324554,0.1299536567798213,0.8700463432201787,2.4843946387420264
0.3749999999999999,0.225,0.002003370417776347,0.12907944066691435,0.8709205593330857,2.484395535478467
0.3999999999999999,0.225,0.0019430853253856405,0.12820438693160907,0.8717956130683909,2.484396432971063
0.42499999999999993,0.225,0.0018827424767555996,0.1273284948495258,0.8726715051504742,2.484397331220279
0.44999999999999984,0.225,0.001822341821948428,0.1264517636958049,0.8735482363041951,2.48439823022658
0.475,0.225,0.0017618833109933018,0.12557419274510628,0.8744258072548937,2.48439912999043
0.4999999999999999,0.225,0.0017013668938862833,0.12469578127160963,0.8753042187283904,2.4844000305122944
0.525,0.225,0.0016407925205902166,0.12381652854901404,0.876183471450986,2.4844009317926363
0.5499999999999999,0.225,0.001580160141035128,0.12293643385053865,0.8770635661494613,2.4844018338319196
0.5749999999999998,0.225,0.0015194697051175575,0.12205549644892155,0.8779445035510784,2.4844027366306096
0.6,0.225,0.0014587211627013264,0.12117371561642065,0.8788262843835793,2.484403640189172
-0.6,0.25,0.0051047872947394745,0.1666875791634309,0.8333124208365691,2.484451727970628
-0.575,0.25,0.005040883649365049,0.1658527589909763,0.8341472410090237,2.484452672502113
-0.5499999999999999,0.25,0.004976919138473524,0.16501714368764608,0.8349828563123539,2.4844536178184837
-0.525,0.25,0.004912893710102834,0.16418073257462162,0.8358192674253784,2.4844545639202003
-0.5,0.25,0.004848807312257568,0.16334352497265026,0.8366564750273497,2.4844555108077238
-0.475,0.25,0.00478465989290937,0.16250552020204578,0.8374944797979542,2.4844564584815148
-0.44999999999999996,0.25,0.0047204513999964575,0.1616667175826879,0.8383332824173121,2.484457406942035
-0.425,0.25,0.004656181781424046,0.1608271164340228,0.8391728835659772,2.484458356189744
-0.4,0.25,0.004591850985063855,0.15998671607506243,0.8400132839249376,2.4844593062251032
-0.375,0.25,0.004527458958754635,0.1591455158243852,0.8408544841756148,2.484460257048573
-0.35,0.25,0.00446300565030182,0.1583035150001354,0.8416964849998646,2.4844612086606133
-0.325,0.25,0.004398491007477735,0.15746071292002373,0.8425392870799763,2.484462161061685
-0.3,0.25,0.004333914978021323,0.15661710890132696,0.843382891098673,2.4844631142522484
-0.275,0.25,0.00426927750963845,0.15577270226088802,0.844227297739112,2.484464068232763
-0.25,0.25,0.0042045785500017165,0.1549274923151156,0.8450725076848844,2.4844650230036893
-0.22500000000000003,0.25,0.004139818046750529,0.1540814783799852,0.8459185216200148,2.4844659785654875
-0.2,0.25,0.004074995947491098,0.15323465977103778,0.8467653402289622,2.4844669349186166
-0.175,0.25,0.004010112199796386,0.15238703580338087,0.8476129641966191,2.4844678920635377
-0.15000000000000002,0.25,0.003945166751206168,0.15153860579168799,0.848461394208312,2.484468850000709
-0.125,0.25,0.0038801595492269727,0.1506893690501987,0.8493106309498013,2.484469808730591
-0.10000000000000003,0.25,0.0038150905413321425,0.1498393248927189,0.8501606751072811,2.4844707682536438
-0.07500000000000007,0.25,0.0037499596749618674,0.14898847263262027,0.8510115273673797,2.4844717285703264
-0.050000000000000044,0.25,0.003684766897523011,0.14813681158284087,0.8518631884171591,2.484472689681098
-0.025000000000000022,0.25,0.0036195121563892844,0.14728434105588506,0.8527156589441149,2.4844736515864168
0.0,0.25,0.003554195398901173,0.1464310603638228,0.8535689396361772,2.4844746142867438
0.025000000000000022,0.25,0.003488816572366003,0.14557696881829074,0.8544230311817093,2.4844755777825362
0.04999999999999993,0.25,0.0034233756240578464,0.1447220657304914,0.8552779342695086,2.484476542074255
0.07499999999999996,0.25,0.0033578725012175215,0.14386635041119356,0.8561336495888064,2.4844775071623575
0.09999999999999998,0.25,0.0032923071510526924,0.14300982217073177,0.8569901778292682,2.484478473047303
0.125,0.25,0.003226679520737816,0.1421524803190073,0.8578475196809927,2.48447943972955
0.1499999999999999,0.25,0.003160989557414143,0.14129432416548726,0.8587056758345127,2.484480407209557
0.17499999999999993,0.25,0.003095237208189632,0.14043535301920507,0.8595646469807949,2.4844813754877824
0.19999999999999996,0.25,0.0030294224201391747,0.13957556618876,0.86042443381124,2.4844823445646855
0.22499999999999998,0.25,0.0029635451403043633,0.1387149629823181,0.8612850370176819,2.4844833144407232
0.25,0.25,0.002897605315693567,0.13785354270761097,0.862146457292389,2.484484285116354
0.2749999999999999,0.25,0.0028316028932819553,0.13699130467193688,0.8630086953280631,2.484485256592037
0.29999999999999993,0.25,0.0027655378200116035,0.13612824818216018,0.8638717518178398,2.4844862288682283
0.32499999999999996,0.25,0.0026994100427912395,0.13526437254471124,0.8647356274552888,2.4844872019453876
0.35,0.25,0.0026332195084965006,0.13439967706558698,0.865600322934413,2.4844881758239716
0.3749999999999999,0.25,0.0025669661639696854,0.13353416105035054,0.8664658389496495,2.484489150504437
0.3999999999999999,0.25,0.0025006499560200437,0.13266782380413078,0.8673321761958692,2.484490125987243
0.42499999999999993,0.25,0.0024342708314234345,0.13180066463162377,0.8681993353683762,2.484491102272847
0.44999999999999984,0.25,0.0023678287369228073,0.1309326828370908,0.8690673171629092,2.4844920793617047
0.475,0.25,0.002301323619227631,0.13006387772436057,0.8699361222756394,2.4844930572542743
0.4999999999999999,0.25,0.00223475542501432,0.12919424859682727,0.8708057514031727,2.4844940359510126
0.525,0.25,0.002168124100926036,0.1283237947574516,0.8716762052425484,2.4844950154523766
0.5499999999999999,0.25,0.002101429593572792,0.1274525155087608,0.8725474844912392,2.4844959957588237
0.5749999999999998,0.25,0.0020346718495313633,0.1265804101528485,0.8734195898471515,2.484496976870809
0.6,0.25,0.0019678508153453417,0.12570747799137427,0.8742925220086257,2.484497958788791
-0.6,0.275,0.005957787623030426,0.17075540714126813,0.8292445928587319,2.484540444933815
-0.575,0.275,0.005888161025365778,0.16992851323746727,0.8300714867625327,2.484541462355429
-0.5499999999999999,0.275,0.005818468724992271,0.1691008390403408,0.8308991609596592,2.48454248060323
-0.525,0.275,0.00574871066694522,0.16827238389712285,0.8317276161028772,2.4845434996776667
-0.5,0.275,0.005678886796227152,0.1674431471546547,0.8325568528453453,2.48454451957919
-0.475,0.275,0.005608997057807184,0.16661312815938478,0.8333868718406152,2.4845455403082513
-0.44999999999999996,0.275,0.0055390413966216615,0.165782326257369,0.834217673742631,2.484546561865298
-0.425,0.275,0.005469019757573625,0.16495074079427008,0.8350492592057299,2.4845475842507825
-0.4,0.275,0.005398932085533175,0.16411837111535854,0.8358816288846415,2.4845486074651535
-0.375,0.275,0.00532877832533737,0.1632852165655121,0.8367147834344879,2.48454963150886
-0.35,0.275,0.005258558421790128,0.16245127648921598,0.837548723510784,2.4845506563823525
-0.325,0.275,0.005188272319662344,0.16161655023056265,0.8383834497694373,2.484551682086079
-0.3,0.275,0.005117919963691932,0.16078103713325254,0.8392189628667475,2.4845527086204893
-0.275,0.275,0.005047501298583676,0.15994473654059327,0.8400552634594067,2.4845537359860317
-0.25,0.275,0.00497701626900936,0.15910764779550013,0.8408923522044999,2.4845547641831556
-0.22500000000000003,0.275,0.0049064648196077655,0.15826977024049638,0.8417302297595036,2.484555793212309
-0.2,0.275,0.004835846894984579,0.1574311032177126,0.8425688967822874,2.484556823073941
-0.175,0.275,0.004765162439712504,0.15659164606888742,0.8434083539311126,2.4845578537684982
-0.15000000000000002,0.275,0.004694411398331215,0.1557513981353672,0.8442486018646328,2.484558885296431
-0.125,0.275,0.004623593715347288,0.1549103587581061,0.8450896412418939,2.4845599176581854
-0.10000000000000003,0.275,0.004552709335234439,0.1540685272776664,0.8459314727223336,2.4845609508542097
-0.07500000000000007,0.275,0.004481758202433242,0.15322590303421812,0.8467740969657819,2.4845619848849516
-0.050000000000000044,0.275,0.004410740261351411,0.15238248536753973,0.8476175146324603,2.4845630197508584
-0.025000000000000022,0.275,0.004339655456363436,0.1515382736170171,0.8484617263829829,2.4845640554523776
0.0,0.275,0.0042685037318110595,0.150693267121645,0.849306732878355,2.484565091989955
0.025000000000000022,0.275,0.004197285032002836,0.1498474652200258,0.8501525347799742,2.4845661293640386
0.04999999999999993,0.275,0.004125999301214439,0.14900086725037043,0.8509991327496296,2.4845671675750753
0.07499999999999996,0.275,0.004054646483688554,0.14815347255049827,0.8518465274495017,2.484568206623511
0.09999999999999998,0.275,0.003983226523634866,0.14730528045783664,0.8526947195421634,2.484569246509792
0.125,0.275,0.003911739365230083,0.14645629030942153,0.8535437096905785,2.4845702872343645
0.1499999999999999,0.275,0.00384018495261799,0.14560650144189757,0.8543934985581024,2.4845713287976743
0.17499999999999993,0.275,0.003768563229909365,0.1447559131915176,0.8552440868084824,2.4845723712001684
0.19999999999999996,0.275,0.0036968741411820515,0.14390452489414352,0.8560954751058565,2.484573414442291
0.22499999999999998,0.275,0.0036251176304808604,0.14305233588524524,0.8569476641147548,2.484574458524488
0.25,0.275,0.003553293641817849,0.1421993454999021,0.8578006545000979,2.484575503447205
0.2749999999999999,0.275,0.00348140211917198,0.1413455530728016,0.8586544469271984,2.4845765492108858
0.29999999999999993,0.275,0.0034094430064892647,0.14049095793824062,0.8595090420617594,2.484577595815977
0.32499999999999996,0.275,0.0033374162476828445,0.13963555943012462,0.8603644405698754,2.484578643262922
0.35,0.275,0.003265321786633009,0.13877935688196819,0.8612206431180318,2.4845796915521667
0.3749999999999999,0.275,0.0031931595671869594,0.13792234962689498,0.862077650373105,2.4845807406841542
0.3999999999999999,0.275,0.003120929533159054,0.13706453699763743,0.8629354630023626,2.4845817906593286
0.42499999999999993,0.275,0.0030486316283309034,0.13620591832653772,0.8637940816734623,2.484582841478135
0.44999999999999984,0.275,0.0029762657964508806,0.1353464929455468,0.8646535070544532,2.484583893141016
0.475,0.275,0.002903831981234774,0.134486260186225,0.865513739813775,2.4845849456484155
0.4999999999999999,0.275,0.002831330126365297,0.13362521937974237,0.8663747806202576,2.4845859990007777
0.525,0.275,0.002758760175492305,0.13276336985687787,0.8672366301431221,2.4845870531985446
0.5499999999999999,0.275,0.0026861220722329,0.13190071094802025,0.8680992890519798,2.4845881082421597
0.5749999999999998,0.275,0.002613415760171179,0.13103724198316802,0.868962758016832,2.4845891641320668
0.6,0.275,0.0025406411828583714,0.13017296229192887,0.8698270377080711,2.4845902208687067
-0.6,0.30000000000000004,0.0068677407828976215,0.17476527761913685,0.8252347223808632,2.484627333783453
-0.575,0.30000000000000004,0.006792497299854365,0.17394614363074123,0.8260538563692588,2.484628420970381
-0.5499999999999999,0.30000000000000004,0.006717183461648899,0.17312624372479024,0.8268737562752098,2.484629509020111
-0.525,0.30000000000000004,0.006641799210600691,0.17230557727334783,0.8276944227266522,2.4846305979330765
-0.5,0.30000000000000004,0.006566344488996667,0.17148414364812303,0.828515856351877,2.4846316877097134
-0.475,0.30000000000000004,0.006490819239091066,0.17066194222047026,0.8293380577795297,2.4846327783504556
-0.44999999999999996,0.30000000000000004,0.006415223403105501,0.1698389723613889,0.8301610276386111,2.484633869855737
-0.425,0.30000000000000004,0.0063395569232292445,0.16901523344152392,0.8309847665584761,2.484634962225991
-0.4,0.30000000000000004,0.006263819741618655,0.1681907248311657,0.8318092751688343,2.4846360554616513
-0.375,0.30000000000000004,0.006188011800397785,0.1673654459002505,0.8326345540997495,2.484637149563152
-0.35,0.30000000000000004,0.006112133041658087,0.16653939601835965,0.8334606039816403,2.4846382445309247
-0.325,0.30000000000000004,0.006036183407458431,0.16571257455472066,0.8342874254452793,2.484639340365402
-0.3,0.30000000000000004,0.005960162839825164,0.16488498087820658,0.8351150191217934,2.4846404370670183
-0.275,0.30000000000000004,0.005884071280752171,0.16405661435733665,0.8359433856426634,2.484641534636204
-0.25,0.30000000000000004,0.00580790867220076,0.16322747436027618,0.8367725256397238,2.4846426330733924
-0.22500000000000003,0.30000000000000004,0.005731674956099744,0.16239756025483632,0.8376024397451637,2.484643732379015
-0.2,0.30000000000000004,0.005655370074345386,0.16156687140847448,0.8384331285915255,2.484644832553503
-0.175,0.30000000000000004,0.00557899396880164,0.1607354071882946,0.8392645928117054,2.484645933597288
-0.15000000000000002,0.30000000000000004,0.005502546581299749,0.15990316696104678,0.8400968330389532,2.484647035510801
-0.125,0.30000000000000004,0.005426027853638555,0.15907015009312775,0.8409298499068723,2.4846481382944723
-0.10000000000000003,0.30000000000000004,0.00534943772758464,0.15823635595058105,0.841763644049419,2.4846492419487345
-0.07500000000000007,0.30000000000000004,0.005272776144871785,0.15740178389909631,0.8425982161009037,2.484650346474016
-0.050000000000000044,0.30000000000000004,0.005196043047201575,0.15656643330401054,0.8434335666959895,2.4846514518707474
-0.025000000000000022,0.30000000000000004,0.005119238376243126,0.15573030353030737,0.8442696964696926,2.484652558139358
0.0,0.30000000000000004,0.00504236207363304,0.15489339394261747,0.8451066060573825,2.484653665280279
0.025000000000000022,0.30000000000000004,0.004965414080975542,0.15405570390521872,0.8459442960947813,2.4846547732939386
0.04999999999999993,0.30000000000000004,0.004888394339842564,0.15321723278203603,0.846782767217964,2.484655882180766
0.07499999999999996,0.30000000000000004,0.0048113027917734245,0.1523779799366417,0.8476220200633583,2.48465699194119
0.09999999999999998,0.30000000000000004,0.004734139378275244,0.15153794473225546,0.8484620552677445,2.4846581025756396
0.125,0.30000000000000004,0.004656904040822618,0.15069712653174439,0.8493028734682556,2.4846592140845427
0.1499999999999999,0.30000000000000004,0.004579596720857894,0.1498555246976233,0.8501444753023767,2.484660326468328
0.17499999999999993,0.30000000000000004,0.0045022173597909455,0.14901313859205478,0.8509868614079452,2.484661439727422
0.19999999999999996,0.30000000000000004,0.004424765898999458,0.1481699675768492,0.8518300324231508,2.4846625538622544
0.22499999999999998,0.30000000000000004,0.004347242279828619,0.14732601101346465,0.8526739889865353,2.4846636688732504
0.25,0.30000000000000004,0.004269646443591281,0.14648126826300745,0.8535187317369926,2.484664784760838
0.2749999999999999,0.30000000000000004,0.00419197833156811,0.14563573868623214,0.8543642613137679,2.4846659015254446
0.29999999999999993,0.30000000000000004,0.004114237885007385,0.14478942164354136,0.8552105783564586,2.4846670191674955
0.32499999999999996,0.30000000000000004,0.004036425045125031,0.1439423164949859,0.8560576835050141,2.4846681376874185
0.35,0.30000000000000004,0.0039585397531048064,0.1430944226002655,0.8569055773997345,2.4846692570856375
0.3749999999999999,0.30000000000000004,0.0038805819500980485,0.1422457393187282,0.8577542606812718,2.4846703773625802
0.3999999999999999,0.30000000000000004,0.0038025515772239387,0.1413962660093706,0.8586037339906294,2.4846714985186713
0.42499999999999993,0.30000000000000004,0.0037244485755693673,0.14054600203083834,0.8594539979691617,2.4846726205543357
0.44999999999999984,0.30000000000000004,0.003646272886188822,0.1396949467414258,0.8603050532585742,2.484673743469999
0.475,0.30000000000000004,0.0035680244501048223,0.13884309949907636,0.8611569005009236,2.4846748672660857
0.4999999999999999,0.30000000000000004,0.003489703208307521,0.13799045966138268,0.8620095403386173,2.4846759919430195
0.525,0.30000000000000004,0.00341130910175482,0.13713702658558669,0.8628629734144133,2.4846771175012257
0.5499999999999999,0.30000000000000004,0.0033328420713723966,0.13628279962857948,0.8637172003714205,2.4846782439411275
0.5749999999999998,0.30000000000000004,0.003254302058053874,0.13542777814690166,0.8645722218530983,2.484679371263148
0.6,0.30000000000000004,0.0031756890026605326,0.13457196149674355,0.8654280385032564,2.4846804994677116
-0.6,0.325,0.007833459151228007,0.1787186309497465,0.8212813690502535,2.484712455932322
-0.575,0.325,0.007752701570645583,0.17790709596123977,0.8220929040387602,2.484713609918711
-0.5499999999999999,0.325,0.007671869158566364,0.177094808989111,0.822905191010889,2.4847147648002124
-0.525,0.325,0.00759096185485913,0.17628176942910168,0.8237182305708983,2.4847159205772407
-0.5,0.325,0.007509979599361112,0.17546797667663294,0.8245320233233671,2.48471707725021
-0.475,0.325,0.007428922331877484,0.1746534301268069,0.8253465698731931,2.484718234819534
-0.44999999999999996,0.325,0.0073477899921818675,0.17383812917440622,0.8261618708255938,2.4847193932856264
-0.425,0.325,0.00726658252001595,0.17302207321389362,0.8269779267861064,2.4847205526489002
-0.4,0.325,0.00718529985508967,0.1722052616394134,0.8277947383605866,2.484721712909768
-0.375,0.325,0.007103941937081304,0.17138769384479036,0.8286123061552096,2.484722874068642
-0.35,0.325,0.007022508705637388,0.17056936922353017,0.8294306307764698,2.484724036125935
-0.325,0.325,0.006941000100372502,0.16975028716882035,0.8302497128311797,2.4847251990820585
-0.3,0.325,0.006859416060869768,0.16893044707352878,0.8310695529264712,2.4847263629374248
-0.275,0.325,0.006777756526680513,0.1681098483302057,0.8318901516697943,2.484727527692444
-0.25,0.325,0.006696021437324433,0.1672884903310824,0.8327115096689176,2.4847286933475274
-0.22500000000000003,0.325,0.006614210732289423,0.16646637246807194,0.8335336275319281,2.4847298599030863
-0.2,0.325,0.006532324351031936,0.16564349413276946,0.8343565058672305,2.4847310273595307
-0.175,0.325,0.006450362232976461,0.16481985471645166,0.8351801452835483,2.4847321957172697
-0.15000000000000002,0.325,0.006368324317516149,0.16399545361007783,0.8360045463899222,2.4847333649767136
-0.125,0.325,0.006286210544012416,0.1631702902042893,0.8368297097957107,2.4847345351382724
-0.10000000000000003,0.325,0.006204020851795001,0.16234436388940954,0.8376556361105905,2.484735706202354
-0.07500000000000007,0.325,0.006121755180162185,0.16151767405544504,0.838482325944555,2.4847368781693677
-0.050000000000000044,0.325,0.006039413468380589,0.16069022009208456,0.8393097799079154,2.484738051039722
-0.025000000000000022,0.325,0.005956995655685261,0.15986200138869977,0.8401379986113002,2.484739224813824
0.0,0.325,0.005874501681279761,0.15903301733434527,0.8409669826656547,2.484740399492082
0.025000000000000022,0.325,0.005791931484336073,0.1582032673177589,0.8417967326822411,2.4847415750749042
0.04999999999999993,0.325,0.005709285003994586,0.15737275072736157,0.8426272492726384,2.484742751562696
0.07499999999999996,0.325,0.005626562179364308,0.15654146695125737,0.8434585330487426,2.4847439289558655
0.09999999999999998,0.325,0.005543762949522686,0.15570941537723415,0.8442905846227658,2.4847451072548186
0.125,0.325,0.0054608872535157164,0.15487659539276355,0.8451234046072365,2.484746286459961
0.1499999999999999,0.325,0.0053779350303579075,0.15404300638500068,0.8459569936149993,2.484747466571699
0.17499999999999993,0.325,0.005294906219032212,0.15320864774078446,0.8467913522592155,2.4847486475904383
0.19999999999999996,0.325,0.005211800758490345,0.1523735188466384,0.8476264811533616,2.484749829516583
0.22499999999999998,0.325,0.005128618587652496,0.15153761908876984,0.8484623809112302,2.484751012350538
0.25,0.325,0.005045359645407376,0.15070094785307042,0.8492990521469296,2.4847521960927086
0.2749999999999999,0.325,0.00496202387061243,0.14986350452511676,0.8501364954748832,2.4847533807434976
0.29999999999999993,0.325,0.004878611202093654,0.1490252884901696,0.8509747115098304,2.4847545663033097
0.32499999999999996,0.325,0.00479512157864571,0.14818629913317471,0.8518137008668253,2.4847557527725472
0.35,0.325,0.004711554939031851,0.14734653583876312,0.8526534641612369,2.4847569401516143
0.3749999999999999,0.325,0.004627911221984018,0.14650599799125008,0.8534940020087499,2.4847581284409137
0.3999999999999999,0.325,0.004544190366202848,0.14566468497463725,0.8543353150253628,2.4847593176408465
0.42499999999999993,0.325,0.004460392310357672,0.14482259617261084,0.8551774038273892,2.4847605077518153
0.44999999999999984,0.325,0.004376516993086553,0.14397973096854277,0.8560202690314572,2.4847616987742227
0.475,0.325,0.004292564352996257,0.1431360887454911,0.8568639112545089,2.4847628907084687
0.4999999999999999,0.325,0.004208534328662206,0.14229166888619904,0.857708331113801,2.4847640835549547
0.525,0.325,0.004124426858628756,0.14144647077309658,0.8585535292269034,2.484765277314081
0.5499999999999999,0.325,0.004040241881408783,0.14060049378829897,0.859399506211701,2.484766471986249
0.5749999999999998,0.325,0.003955979335484164,0.13975373731360885,0.8602462626863911,2.4847676675718575
0.6,0.325,0.003871639159305573,0.1389062007305144,0.8610937992694856,2.484768864071306
-0.6,0.35000000000000003,0.008853793676156758,0.18261685587395815,0.8173831441260418,2.4847958699650157
-0.575,0.35000000000000003,0.008767621647489064,0.181812764166696,0.818187235833304,2.484797087934197
-0.5499999999999999,0.35000000000000003,0.00868137047898167,0.18100793398675585,0.8189920660132441,2.484798306826845
-0.525,0.35000000000000003,0.008595040108299038,0.1802023647524693,0.8197976352475307,2.4847995266433487
-0.5,0.35000000000000003,0.00850863047307478,0.179396055881881,0.820603944118119,2.4848007473840985
-0.475,0.35000000000000003,0.008422141510911717,0.17858900679274814,0.8214109932072519,2.4848019690494847
-0.44999999999999996,0.35000000000000003,0.008335573159382043,0.17778121690254167,0.8222187830974583,2.484803191639895
-0.425,0.35000000000000003,0.008248925356027172,0.1769726856284457,0.8230273143715543,2.4848044151557187
-0.4,0.35000000000000003,0.008162198038357753,0.17616341238735755,0.8238365876126424,2.4848056395973446
-0.375,0.35000000000000003,0.00807539114385385,0.17535339659588878,0.8246466034041112,2.484806864965161
-0.35,0.35000000000000003,0.007988504609964819,0.17454263767036426,0.8254573623296357,2.4848080912595543
-0.325,0.35000000000000003,0.007901538374109436,0.17373113502682336,0.8262688649731766,2.484809318480912
-0.3,0.35000000000000003,0.007814492373675706,0.17291888808101918,0.8270811119189808,2.4848105466296224
-0.275,0.35000000000000003,0.007727366546021086,0.17210589624841943,0.8278941037515806,2.48481177570607
-0.25,0.35000000000000003,0.007640160828472563,0.17129215894420635,0.8287078410557936,2.4848130057106412
-0.22500000000000003,0.35000000000000003,0.007552875158326269,0.17047767558327653,0.8295223244167235,2.4848142366437225
-0.2,0.35000000000000003,0.00746550947284814,0.16966244558024202,0.830337554419758,2.484815468505698
-0.175,0.35000000000000003,0.007378063709273115,0.16884646834942907,0.8311535316505709,2.484816701296954
-0.15000000000000002,0.35000000000000003,0.007290537804806166,0.16802974330487974,0.8319702566951203,2.4848179350178734
-0.125,0.35000000000000003,0.007202931696621212,0.1672122698603512,0.8327877301396488,2.4848191696688415
-0.10000000000000003,0.35000000000000003,0.0071152453218620865,0.1663940474293163,0.8336059525706837,2.4848204052502414
-0.07500000000000007,0.35000000000000003,0.007027478617641833,0.16557507542496308,0.8344249245750369,2.484821641762456
-0.050000000000000044,0.35000000000000003,0.006939631521043437,0.1647553532601962,0.8352446467398038,2.4848228792058684
-0.025000000000000022,0.35000000000000003,0.006851703969119059,0.1639348803476357,0.8360651196523643,2.4848241175808616
0.0,0.35000000000000003,0.006763695898890669,0.16311365609961814,0.8368863439003819,2.4848253568878174
0.025000000000000022,0.35000000000000003,0.006675607247349774,0.1622916799281965,0.8377083200718035,2.484826597127117
0.04999999999999993,0.35000000000000003,0.006587437951457506,0.16146895124513994,0.8385310487548601,2.4848278382991418
0.07499999999999996,0.35000000000000003,0.006499187948144645,0.1606454694619348,0.8393545305380652,2.4848290804042734
0.09999999999999998,0.35000000000000003,0.006410857174311724,0.1598212339897842,0.8401787660102158,2.4848303234428912
0.125,0.35000000000000003,0.006322445566828816,0.15899624423960823,0.8410037557603918,2.484831567415376
0.1499999999999999,0.35000000000000003,0.006233953062535709,0.1581704996220441,0.8418295003779559,2.484832812322106
0.17499999999999993,0.35000000000000003,0.006145379598241964,0.1573439995474467,0.8426560004525533,2.4848340581634623
0.19999999999999996,0.35000000000000003,0.00605672511072688,0.15651674342588862,0.8434832565741114,2.4848353049398235
0.22499999999999998,0.35000000000000003,0.0059679895367394905,0.15568873066715982,0.8443112693328402,2.4848365526515663
0.25,0.35000000000000003,0.005879172812998567,0.15485996068076857,0.8451400393192314,2.4848378012990704
0.2749999999999999,0.35000000000000003,0.005790274876192791,0.1540304328759412,0.8459695671240588,2.4848390508827123
0.29999999999999993,0.35000000000000003,0.0057012956629804695,0.15320014666162218,0.8467998533383778,2.48484030140287
0.32499999999999996,0.35000000000000003,0.005612235109990003,0.15236910144647497,0.847630898553525,2.4848415528599195
0.35,0.35000000000000003,0.005523093153819407,0.15153729663888105,0.848462703361119,2.4848428052542375
0.3749999999999999,0.35000000000000003,0.005433869731036546,0.15070473164694131,0.8492952683530587,2.4848440585861997
0.3999999999999999,0.35000000000000003,0.0053445647781796,0.14987140587847547,0.8501285941215245,2.4848453128561814
0.42499999999999993,0.35000000000000003,0.005255178231755956,0.14903731874102255,0.8509626812589774,2.4848465680645577
0.44999999999999984,0.35000000000000003,0.005165710028243715,0.14820246964184092,0.8517975303581591,2.484847824211704
0.475,0.35000000000000003,0.005076160104090278,0.1473668579879085,0.8526331420120915,2.4848490812979933
0.4999999999999999,0.35000000000000003,0.004986528395713263,0.1465304831859231,0.8534695168140769,2.484850339323801
0.525,0.35000000000000003,0.0048968148395004945,0.14569334464230266,0.8543066553576973,2.4848515982894988
0.5499999999999999,0.35000000000000003,0.004807019371809432,0.144855441763185,0.855144558236815,2.4848528581954605
0.5749999999999998,0.35000000000000003,0.00471714192896785,0.14401677395442836,0.8559832260455716,2.484854119042058
0.6,0.35000000000000003,0.004627182447273375,0.14317734062161158,0.8568226593783884,2.484855380829664
-0.6,0.375,0.009927632179496855,0.18646129194032768,0.8135387080596723,2.4848776318022874
-0.575,0.375,0.009836142346820292,0.1856644927650969,0.8143355072349031,2.484878911077706
-0.5499999999999999,0.375,0.009744569226286241,0.18486696822296755,0.8151330317770324,2.4848801913013054
-0.525,0.375,0.009652912753582616,0.18406871775383604,0.815931282246164,2.4848814724734494
-0.5,0.375,0.009561172864367834,0.18326974079734148,0.8167302592026585,2.484882754594499
-0.475,0.375,0.009469349494270956,0.18247003679286655,0.8175299632071334,2.484884037664819
-0.44999999999999996,0.375,0.009377442578891225,0.181669605179537,0.818330394820463,2.484885321684769
-0.425,0.375,0.009285452053798927,0.1808684453962227,0.8191315546037773,2.4848866066547104
-0.4,0.375,0.009193377854534616,0.18006655688153705,0.819933443118463,2.4848878925750046
-0.375,0.375,0.009101219916609601,0.17926393907383764,0.8207360609261624,2.4848891794460113
-0.35,0.375,0.009008978175505734,0.1784605914112264,0.8215394085887736,2.484890467268091
-0.325,0.375,0.008916652566675624,0.17765651333154941,0.8223434866684506,2.4848917560416024
-0.3,0.375,0.008824243025542506,0.1768517042723976,0.8231482957276024,2.484893045766905
-0.275,0.375,0.008731749487500202,0.1760461636711066,0.8239538363288934,2.484894336444357
-0.25,0.375,0.00863917188791349,0.17523989096475723,0.8247601090352428,2.4848956280743155
-0.22500000000000003,0.375,0.008546510162117648,0.17443288559017534,0.8255671144098247,2.48489692065714
-0.2,0.375,0.008453764245418893,0.17362514698393228,0.8263748530160677,2.4848982141931852
-0.175,0.375,0.00836093407309426,0.17281667458234495,0.827183325417655,2.4848995086828096
-0.15000000000000002,0.375,0.008268019580391434,0.17200746782147613,0.8279925321785239,2.4849008041263687
-0.125,0.375,0.008175020702529014,0.17119752613713446,0.8288024738628655,2.4849021005242173
-0.10000000000000003,0.375,0.008081937374696467,0.17038684896487488,0.8296131510351251,2.484903397876712
-0.07500000000000007,0.375,0.007988769532054091,0.16957543573999867,0.8304245642600013,2.484904696184207
-0.050000000000000044,0.375,0.007895517109733224,0.16876328589755385,0.8312367141024462,2.4849059954470554
-0.025000000000000022,0.375,0.007802180042835978,0.1679503988723351,0.8320496011276649,2.484907295665612
0.0,0.375,0.007708758266435474,0.16713677409888417,0.8328632259011158,2.484908596840231
0.025000000000000022,0.375,0.007615251715575827,0.1663224110114898,0.8336775889885102,2.4849098989712637
0.04999999999999993,0.375,0.007521660325272107,0.16550730904418864,0.8344926909558114,2.4849112020590627
0.07499999999999996,0.375,0.0074279840305104565,0.16469146763076437,0.8353085323692356,2.484912506103979
0.09999999999999998,0.375,0.007334222766247979,0.16387488620474877,0.8361251137952512,2.4849138111063667
0.125,0.375,0.007240376467412918,0.16305756419942175,0.8369424358005783,2.4849151170665738
0.1499999999999999,0.375,0.007146445068904608,0.16223950104781104,0.837760498952189,2.4849164239849526
0.17499999999999993,0.375,0.007052428505593432,0.16142069618269317,0.8385793038173068,2.484917731861852
0.19999999999999996,0.375,0.006958326712321045,0.16060114903659328,0.8393988509634067,2.484919040697622
0.22499999999999998,0.375,0.006864139623900015,0.15978085904178518,0.8402191409582148,2.4849203504926103
0.25,0.375,0.006769867175114369,0.15895982563029154,0.8410401743697085,2.4849216612471676
0.2749999999999999,0.375,0.00667550930071923,0.158138048233885,0.841861951766115,2.4849229729616407
0.29999999999999993,0.375,0.0065810659354408555,0.15731552628408685,0.8426844737159132,2.484924285636376
0.32499999999999996,0.375,0.006486537013976955,0.15649225921216858,0.8435077407878314,2.4849255992717216
0.35,0.375,0.00639192247099631,0.15566824644915123,0.8443317535508488,2.484926913868024
0.3749999999999999,0.375,0.006297222241139211,0.15484348742580623,0.8451565125741938,2.4849282294256287
0.3999999999999999,0.375,0.006202436259017208,0.15401798157265523,0.8459820184273448,2.484929545944882
0.42499999999999993,0.375,0.006107564459213048,0.1531917283199703,0.8468082716800297,2.4849308634261287
0.44999999999999984,0.375,0.006012606776281063,0.15236472709777404,0.847635272902226,2.4849321818697123
0.475,0.375,0.005917563144746971,0.1515369773358406,0.8484630226641594,2.4849335012759783
0.4999999999999999,0.375,0.005822433499107733,0.15070847846369473,0.8492915215363053,2.4849348216452696
0.525,0.375,0.005727217773831934,0.14987922991061275,0.8501207700893872,2.484936142977929
0.5499999999999999,0.375,0.005631915903359709,0.14904923110562274,0.8509507688943773,2.4849374652742995
0.5749999999999998,0.375,0.0055365278221024454,0.14821848147750416,0.8517815185224958,2.484938788534722
0.6,0.375,0.005441053464443169,0.14738698045478904,0.852613019545211,2.48494011275954
-0.6,0.4,0.011053897753149773,0.1902532317846628,0.8097467682153372,2.4849577948539174
-0.575,0.4,0.01095718388100064,0.18946357914676204,0.810536420853238,2.48495913289071
-0.5499999999999999,0.4,0.010860382726062942,0.18867321385944735,0.8113267861405526,2.484960471897053
-0.525,0.4,0.010763494222259449,0.1878821353832102,0.8121178646167898,2.4849618118732795
-0.5,0.4,0.01066651830348524,0.18709034317831408,0.8129096568216859,2.4849631528197222
-0.475,0.4,0.0105694549036071,0.18629783670479316,0.8137021632952068,2.484964494736714
-0.44999999999999996,0.4,0.010472303956463948,0.18550461542245333,0.8144953845775467,2.4849658376245856
-0.425,0.4,0.01037506539586691,0.18471067879087255,0.8152893212091274,2.484967181483668
-0.4,0.4,0.010277739155598965,0.1839160262694005,0.8160839737305995,2.484968526314292
-0.375,0.4,0.010180325169415177,0.18312065731715887,0.8168793426828411,2.484969872116787
-0.35,0.4,0.010082823371042996,0.18232457139304215,0.8176754286069579,2.4849712188914843
-0.325,0.4,0.009985233694181795,0.18152776795571723,0.8184722320442828,2.484972566638711
-0.3,0.4,0.009887556072503101,0.1807302464636239,0.8192697535363761,2.4849739153587964
-0.275,0.4,0.009789790439650833,0.17993200637497497,0.820067993625025,2.4849752650520673
-0.25,0.4,0.009691936729241003,0.17913304714775669,0.8208669528522433,2.484976615718853
-0.22500000000000003,0.4,0.00959399487486198,0.17833336823972878,0.8216666317602712,2.484977967359479
-0.2,0.4,0.009495964810074285,0.17753296910842453,0.8224670308915755,2.484979319974271
-0.175,0.4,0.00939784646841092,0.17673184921115137,0.8232681507888486,2.4849806735635562
-0.15000000000000002,0.4,0.009299639783377044,0.1759300080049907,0.8240699919950093,2.4849820281276584
-0.125,0.4,0.00920134468845047,0.17512744494679866,0.8248725550532013,2.4849833836669033
-0.10000000000000003,0.4,0.009102961117081006,0.17432415949320557,0.8256758405067944,2.4849847401816145
-0.07500000000000007,0.4,0.00900448900269114,0.1735201511006168,0.8264798488993832,2.484986097672116
-0.050000000000000044,0.4,0.008905928278675859,0.17271541922521294,0.8272845807747871,2.4849874561387306
-0.025000000000000022,0.4,0.00880727887840253,0.17190996332294972,0.8280900366770503,2.48498881558178
0.0,0.4,0.008708540735210994,0.1711037828495583,0.8288962171504417,2.4849901760015873
0.025000000000000022,0.4,0.008609713782413658,0.17029687726054576,0.8297031227394542,2.4849915373984732
0.04999999999999993,0.4,0.008510797953295533,0.1694892460111952,0.8305107539888048,2.4849928997727595
0.07499999999999996,0.4,0.008411793181114126,0.1686808885565655,0.8313191114434345,2.4849942631247646
0.09999999999999998,0.4,0.008312699399099783,0.16787180435149252,0.8321281956485075,2.48499562745481
0.125,0.4,0.008213516540455096,0.16706199285058831,0.8329380071494117,2.484996992763214
0.1499999999999999,0.4,0.00811424453835577,0.1662514535082421,0.8337485464917579,2.4849983590502953
0.17499999999999993,0.4,0.008014883325949913,0.16544018577862019,0.8345598142213798,2.4849997263163726
0.19999999999999996,0.4,0.007915432836358479,0.16462818911566612,0.8353718108843339,2.4850010945617633
0.22499999999999998,0.4,0.007815893002675194,0.16381546297310112,0.8361845370268989,2.4850024637867834
0.25,0.4,0.007716263757966553,0.16300200680442423,0.8369979931955758,2.4850038339917497
0.2749999999999999,0.4,0.007616545035271703,0.16218782006291232,0.8378121799370877,2.4850052051769786
0.29999999999999993,0.4,0.0075167367676029755,0.1613729022016207,0.8386270977983793,2.485006577342785
0.32499999999999996,0.4,0.007416838887945339,0.1605572526733834,0.8394427473266166,2.485007950489484
0.35,0.4,0.007316851329256624,0.15974087093081268,0.8402591290691873,2.485009324617389
0.3749999999999999,0.4,0.007216774024467766,0.1589237564263002,0.8410762435736998,2.485010699726814
0.3999999999999999,0.4,0.007116606906482451,0.15810590861201668,0.8418940913879833,2.485012075818073
0.42499999999999993,0.4,0.007016349908177612,0.15728732693991232,0.8427126730600877,2.485013452891477
0.44999999999999984,0.4,0.0069160029624029725,0.15646801086171702,0.843531989138283,2.4850148309473385
0.475,0.4,0.006815566001981338,0.15564795982894042,0.8443520401710596,2.4850162099859685
0.4999999999999999,0.4,0.006715038959708758,0.15482717329287277,0.8451728267071272,2.485017590007678
0.525,0.4,0.006614421768354179,0.15400565070458416,0.8459943492954158,2.4850189710127775
0.5499999999999999,0.4,0.006513714360659814,0.15318339151492566,0.8468166084850743,2.4850203530015764
0.5749999999999998,0.4,0.0064129166693409805,0.15236039517452915,0.8476396048254708,2.485021735974383
0.6,0.4,0.006312028627086147,0.1515366611338076,0.8484633388661924,2.485023119931507
-0.6,0.42500000000000004,0.012231547243247926,0.19399392327921117,0.8060060767207888,2.4850364101610425
-0.575,0.42500000000000004,0.012129700335755545,0.1932112757352259,0.8067887242647741,2.485037804538215
-0.5499999999999999,0.42500000000000004,0.012027762296791826,0.1924279278869908,0.8075720721130092,2.4850391999032304
-0.525,0.42500000000000004,0.01192573305871111,0.1916438792146783,0.8083561207853217,2.4850405962563893
-0.5,0.42500000000000004,0.011823612553841015,0.19085912919825754,0.8091408708017425,2.4850419935979935
-0.475,0.42500000000000004,0.011721400714483113,0.19007367731749558,0.8099263226825044,2.4850433919283414
-0.44999999999999996,0.42500000000000004,0.011619097472912307,0.1892875230519565,0.8107124769480435,2.485044791247734
-0.425,0.42500000000000004,0.011516702761377395,0.18850066588100267,0.8114993341189973,2.485046191556468
-0.4,0.42500000000000004,0.011414216512100828,0.18771310528379426,0.8122868947162057,2.485047592854843
-0.375,0.42500000000000004,0.011311638657278815,0.18692484073928983,0.8130751592607102,2.4850489951431567
-0.35,0.42500000000000004,0.011208969129081467,0.18613587172624646,0.8138641282737535,2.485050398421706
-0.325,0.42500000000000004,0.011106207859652406,0.18534619772321992,0.8146538022767801,2.4850518026907866
-0.3,0.42500000000000004,0.011003354781109564,0.18455581820856537,0.8154441817914346,2.485053207950695
-0.275,0.42500000000000004,0.010900409825544253,0.1837647326604368,0.8162352673395632,2.485054614201726
-0.25,0.42500000000000004,0.010797372925022008,0.1829729405567878,0.8170270594432122,2.485056021444174
-0.22500000000000003,0.42500000000000004,0.010694244011582223,0.18218044137537182,0.8178195586246282,2.485057429678334
-0.2,0.42500000000000004,0.010591023017238365,0.18138723459374229,0.8186127654062577,2.4850588389044983
-0.175,0.42500000000000004,0.010487709873977628,0.18059331968925274,0.8194066803107473,2.4850602491229603
-0.15000000000000002,0.42500000000000004,0.010384304513761478,0.1797986961390573,0.8202013038609427,2.4850616603340123
-0.125,0.42500000000000004,0.010280806868525423,0.17900336342011058,0.8209966365798894,2.4850630725379452
-0.10000000000000003,0.42500000000000004,0.010177216870179018,0.17820732100916836,0.8217926789908316,2.48506448573505
-0.07500000000000007,0.42500000000000004,0.010073534450605937,0.17741056838278768,0.8225894316172123,2.4850658999256177
-0.050000000000000044,0.42500000000000004,0.009969759541663958,0.17661310501732674,0.8233868949826733,2.485067315109937
-0.025000000000000022,0.42500000000000004,0.009865892075185317,0.1758149303889457,0.8241850696110543,2.485068731288298
0.0,0.42500000000000004,0.009761931982976074,0.17501604397360637,0.8249839560263936,2.485070148460989
0.025000000000000022,0.42500000000000004,0.009657879196816904,0.17421644524707314,0.8257835547529269,2.485071566628297
0.04999999999999993,0.42500000000000004,0.009553733648462613,0.1734161336849125,0.8265838663150875,2.485072985790511
0.07499999999999996,0.42500000000000004,0.009449495269642305,0.17261510876249364,0.8273848912375064,2.485074405947916
0.09999999999999998,0.42500000000000004,0.009345163992059462,0.17181336995498875,0.8281866300450113,2.485075827100799
0.125,0.42500000000000004,0.009240739747392064,0.17101091673737334,0.8289890832626267,2.485077249249445
0.1499999999999999,0.42500000000000004,0.009136222467292333,0.1702077485844261,0.8297922514155739,2.4850786723941396
0.17499999999999993,0.42500000000000004,0.009031612083387045,0.16940386497072946,0.8305961350292705,2.485080096535166
0.19999999999999996,0.42500000000000004,0.008926908527277424,0.16859926537066994,0.8314007346293301,2.4850815216728073
0.22499999999999998,0.42500000000000004,0.008822111730539258,0.16779394925843782,0.8322060507415622,2.4850829478073484
0.25,0.42500000000000004,0.008717221624722823,0.16698791610802832,0.8330120838919717,2.485084374939069
0.2749999999999999,0.42500000000000004,0.008612238141353036,0.16618116539324113,0.8338188346067589,2.485085803068253
0.29999999999999993,0.42500000000000004,0.008507161211929414,0.16537369658768064,0.8346263034123194,2.4850872321951805
0.32499999999999996,0.42500000000000004,0.008401990767926054,0.16456550916475687,0.8354344908352431,2.4850886623201323
0.35,0.42500000000000004,0.008296726740791804,0.16375660259768487,0.8362433974023151,2.4850900934433873
0.3749999999999999,0.42500000000000004,0.008191369061950329,0.16294697635948574,0.8370530236405143,2.4850915255652257
0.3999999999999999,0.42500000000000004,0.008085917662799787,0.16213662992298628,0.8378633700770137,2.4850929586859256
0.42499999999999993,0.42500000000000004,0.00798037247471332,0.16132556276081955,0.8386744372391804,2.485094392805765
0.44999999999999984,0.42500000000000004,0.00787473342903882,0.16051377434542524,0.8394862256545748,2.4850958279250204
0.475,0.42500000000000004,0.007769000457099086,0.1597012641490495,0.8402987358509505,2.48509726404397
0.4999999999999999,0.42500000000000004,0.007663173490191551,0.15888803164374565,0.8411119683562543,2.485098701162887
0.525,0.42500000000000004,0.007557252459589161,0.15807407630137438,0.8419259236986256,2.4851001392820504
0.5499999999999999,0.42500000000000004,0.007451237296538955,0.1572593975936033,0.8427406024063967,2.485101578401733
0.5749999999999998,0.42500000000000004,0.007345127932263687,0.15644399499190864,0.8435560050080914,2.4851030185222083
0.6,0.42500000000000004,0.007238924297960761,0.15562786796757377,0.8443721320324262,2.4851044596437504
-0.6,0.45,0.013459569816264538,0.19768457156033337,0.8023154284396666,2.485113526528785
-0.575,0.45,0.01335267823001122,0.19690879202583866,0.8030912079741613,2.4851149749419372
-0.5499999999999999,0.45,0.013245691803388564,0.19613232417507742,0.8038676758249226,2.4851164243583943
-0.525,0.45,0.013138610467364054,0.19535516750703696,0.804644832492963,2.4851178747784237
-0.5,0.45,0.013031434152880297,0.1945773215205251,0.8054226784794749,2.485119326202291
-0.475,0.45,0.012924162790855644,0.19379878571417175,0.8062012142858282,2.4851207786302636
-0.44999999999999996,0.45,0.012816796312183614,0.19301955958642836,0.8069804404135716,2.4851222320626074
-0.425,0.45,0.012709334647733292,0.19223964263556825,0.8077603573644317,2.485123686499586
-0.4,0.45,0.012601777728349297,0.19145903435968725,0.8085409656403127,2.485125141941463
-0.375,0.45,0.012494125484851747,0.19067773425670353,0.8093222657432965,2.4851265983885034
-0.35,0.45,0.012386377848036412,0.1898957418243582,0.8101042581756418,2.4851280558409687
-0.325,0.45,0.012278534748674687,0.18911305656021526,0.8108869434397847,2.485129514299123
-0.3,0.45,0.012170596117513434,0.188329677961662,0.811670322038338,2.4851309737632263
-0.275,0.45,0.012062561885275404,0.18754560552590926,0.8124543944740907,2.4851324342335386
-0.25,0.45,0.01195443198265894,0.18676083874999183,0.8132391612500082,2.4851338957103213
-0.22500000000000003,0.45,0.011846206340338315,0.1859753771307684,0.8140246228692316,2.4851353581938342
-0.2,0.45,0.011737884888963377,0.1851892201649218,0.8148107798350782,2.485136821684335
-0.175,0.45,0.011629467559159914,0.18440236734895987,0.8155976326510401,2.4851382861820825
-0.15000000000000002,0.45,0.011520954281529706,0.1836148181792151,0.8163851818207849,2.4851397516873344
-0.125,0.45,0.011412344986650062,0.18282657215184484,0.8171734278481552,2.4851412182003467
-0.10000000000000003,0.45,0.011303639605074602,0.18203762876283203,0.817962371237168,2.485142685721376
-0.07500000000000007,0.45,0.011194838067332822,0.18124798750798532,0.8187520124920147,2.485144154250678
-0.050000000000000044,0.45,0.011085940303930165,0.18045764788293905,0.819542352117061,2.485145623788507
-0.025000000000000022,0.45,0.01097694624534808,0.1796666093831537,0.8203333906168463,2.4851470943351175
0.0,0.45,0.010867855822044128,0.17887487150391623,0.8211251284960838,2.485148565890762
0.025000000000000022,0.45,0.010758668964452179,0.1780824337403405,0.8219175662596595,2.485150038455695
0.04999999999999993,0.45,0.010649385602981936,0.17728929558736672,0.8227107044126333,2.4851515120301664
0.07499999999999996,0.45,0.010540005668019534,0.17649545653976284,0.8235045434602372,2.4851529866144295
0.09999999999999998,0.45,0.010430529089927159,0.17570091609212402,0.824299083907876,2.485154462208734
0.125,0.45,0.010320955799043505,0.17490567373887322,0.8250943262611268,2.48515593881333
0.1499999999999999,0.45,0.010211285725683273,0.17410972897426147,0.8258902710257385,2.4851574164284673
0.17499999999999993,0.45,0.010101518800137734,0.1733130812923679,0.8266869187076321,2.485158895054394
0.19999999999999996,0.45,0.009991654952674364,0.1725157301871003,0.8274842698128997,2.485160374691358
0.22499999999999998,0.45,0.009881694113537273,0.17171767515219538,0.8282823248478046,2.4851618553396073
0.25,0.45,0.00977163621294676,0.17091891568121853,0.8290810843187815,2.485163336999388
0.2749999999999999,0.45,0.009661481181099715,0.17011945126756478,0.8298805487324352,2.485164819670945
0.29999999999999993,0.45,0.0095512289481697,0.16931928140445895,0.830680718595541,2.4851663033545255
0.32499999999999996,0.45,0.009440879444306499,0.16851840558495523,0.8314815944150448,2.4851677880503726
0.35,0.45,0.009330432599636774,0.16771682330193827,0.8322831766980617,2.485169273758731
0.3749999999999999,0.45,0.009219888344263882,0.1669145340481233,0.8330854659518767,2.4851707604798428
0.3999999999999999,0.45,0.009109246608267573,0.166111537316056,0.833888462683944,2.485172248213951
0.42499999999999993,0.45,0.008998507321704428,0.16530783259811288,0.8346921674018871,2.485173736961298
0.44999999999999984,0.45,0.008887670414607883,0.16450341938650237,0.8354965806134976,2.485175226722123
0.475,0.45,0.008776735816988023,0.16369829717326345,0.8363017028267365,2.485176717496668
0.4999999999999999,0.45,0.008665703458831836,0.1628924654502677,0.8371075345497323,2.485178209285172
0.525,0.45,0.008554573270103071,0.16208592370921826,0.8379140762907817,2.485179702087874
0.5499999999999999,0.45,0.008443345180742561,0.1612786714416511,0.8387213285583489,2.4851811959050125
0.5749999999999998,0.45,0.008332019120667892,0.16047070813893438,0.8395292918610656,2.4851826907368237
0.6,0.45,0.008220595019773631,0.15966203329226925,0.8403379667077308,2.4851841865835467
-0.6,0.47500000000000003,0.014736985601763545,0.20132634094281798,0.798673659057182,2.4851891906499595
-0.575,0.47500000000000003,0.014625135152772589,0.20055729651030518,0.7994427034896948,2.4851906909045125
-0.5499999999999999,0.47500000000000003,0.014513186288184186,0.19978757540668368,0.8002124245933163,2.4851921921752282
-0.525,0.47500000000000003,0.014401138937747946,0.1990171771489364,0.8009828228510636,2.48519369446234
-0.5,0.47500000000000003,0.014288993031190498,0.1982461012538892,0.8017538987461108,2.485195197766079
-0.475,0.47500000000000003,0.014176748498216114,0.19747434723821222,0.8025256527617878,2.4851967020866756
-0.44999999999999996,0.47500000000000003,0.014064405268506098,0.1967019146184199,0.8032980853815801,2.4851982074243604
-0.425,0.47500000000000003,0.013951963271719362,0.19592880291087067,0.8040711970891293,2.4851997137793624
-0.4,0.47500000000000003,0.013839422437492015,0.19515501163176796,0.804844988368232,2.4852012211519106
-0.375,0.47500000000000003,0.01372678269543785,0.19438054029716034,0.8056194597028397,2.4852027295422334
-0.35,0.47500000000000003,0.01361404397514802,0.19360538842294128,0.8063946115770587,2.4852042389505566
-0.325,0.47500000000000003,0.013501206206191257,0.19282955552485004,0.80717044447515,2.485205749377109
-0.3,0.47500000000000003,0.0133882693181136,0.19205304111847132,0.8079469588815287,2.4852072608221154
-0.275,0.47500000000000003,0.013275233240439365,0.19127584471923653,0.8087241552807635,2.4852087732858
-0.25,0.47500000000000003,0.013162097902669706,0.1904979658424225,0.8095020341575775,2.485210286768388
-0.22500000000000003,0.47500000000000003,0.013048863234284124,0.18971940400315368,0.8102805959968463,2.4852118012701037
-0.2,0.47500000000000003,0.012935529164739442,0.18894015871640057,0.8110598412835994,2.4852133167911687
-0.175,0.47500000000000003,0.012822095623470387,0.1881602294969812,0.8118397705030188,2.4852148333318063
-0.15000000000000002,0.47500000000000003,0.012708562539889532,0.18737961585956098,0.812620384140439,2.485216350892238
-0.125,0.47500000000000003,0.01259492984338731,0.18659831731865317,0.8134016826813468,2.4852178694726828
-0.10000000000000003,0.47500000000000003,0.012481197463331973,0.1858163333886187,0.8141836666113813,2.4852193890733627
-0.07500000000000007,0.47500000000000003,0.012367365329069669,0.1850336635836669,0.8149663364163331,2.4852209096944957
-0.050000000000000044,0.47500000000000003,0.012253433369924656,0.18425030741785575,0.8157496925821442,2.4852224313363016
-0.025000000000000022,0.47500000000000003,0.01213940151519904,0.18346626440509173,0.8165337355949083,2.4852239539989966
0.0,0.47500000000000003,0.012025269694173207,0.1826815340591309,0.8173184659408691,2.485225477682799
0.025000000000000022,0.47500000000000003,0.011911037836105268,0.18189611589357801,0.818103884106422,2.485227002387924
0.04999999999999993,0.47500000000000003,0.011796705870231992,0.18111000942188826,0.8188899905781117,2.485228528114589
0.07499999999999996,0.47500000000000003,0.011682273725767748,0.18032321415736596,0.819676785842634,2.485230054863007
0.09999999999999998,0.47500000000000003,0.011567741331905506,0.17953572961316622,0.8204642703868338,2.4852315826333933
0.125,0.47500000000000003,0.011453108617816359,0.17874755530229436,0.8212524446977056,2.4852331114259605
0.1499999999999999,0.47500000000000003,0.011338375512649657,0.1779586907376064,0.8220413092623936,2.485234641240922
0.17499999999999993,0.47500000000000003,0.01122354194553316,0.17716913543180957,0.8228308645681904,2.4852361720784883
0.19999999999999996,0.47500000000000003,0.011108607845573052,0.17637888889746256,0.8236211111025374,2.4852377039388713
0.22499999999999998,0.47500000000000003,0.010993573141853782,0.1755879506469752,0.8244120493530248,2.485239236822282
0.25,0.47500000000000003,0.010878437763438293,0.1747963201926096,0.8252036798073904,2.4852407707289292
0.2749999999999999,0.47500000000000003,0.010763201639368222,0.17400399704647995,0.82599600295352,2.4852423056590225
0.29999999999999993,0.47500000000000003,0.010647864698663478,0.17321098072055285,0.8267890192794471,2.4852438416127685
0.32499999999999996,0.47500000000000003,0.010532426870322718,0.1724172707266477,0.8275827292733523,2.485245378590376
0.35,0.47500000000000003,0.010416888083323096,0.17162286657643688,0.8283771334235631,2.4852469165920517
0.3749999999999999,0.47500000000000003,0.010301248266620655,0.17082776778144593,0.8291722322185541,2.485248455618
0.3999999999999999,0.47500000000000003,0.01018550734914991,0.17003197385305457,0.8299680261469454,2.4852499956684273
0.42499999999999993,0.47500000000000003,0.010069665259824275,0.16923548430249558,0.8307645156975044,2.4852515367435384
0.44999999999999984,0.47500000000000003,0.009953721927535724,0.16843829864085647,0.8315617013591435,2.4852530788435354
0.475,0.47500000000000003,0.009837677281155487,0.16764041637907923,0.8323595836209208,2.4852546219686213
0.4999999999999999,0.47500000000000003,0.009721531249533307,0.16684183702796018,0.8331581629720398,2.485256166118999
0.525,0.47500000000000003,0.009605283761497928,0.166042560098151,0.833957439901849,2.4852577112948695
0.5499999999999999,0.47500000000000003,0.00948893474585717,0.16524258510015888,0.8347574148998411,2.485259257496433
0.5749999999999998,0.47500000000000003,0.009372484131397591,0.16444191154434606,0.8355580884556539,2.48526080472389
0.6,0.47500000000000003,0.009255931846885172,0.16364053894093122,0.8363594610590688,2.485262352977439
-0.6,0.5,0.016062844406869545,0.20492035672836528,0.7950796432716347,2.485263447220543
-0.575,0.5,0.015946118472089252,0.2041579184947384,0.7958420815052616,2.4852649972254315
-0.5499999999999999,0.5,0.015829290674365934,0.20339481490595634,0.7966051850940437,2.485266548256947
-0.525,0.5,0.015712360942387794,0.20263104549622168,0.7973689545037783,2.485268100315285
-0.5,0.5,0.015595329204822669,0.20186660979960136,0.7981333902003986,2.485269653400642
-0.475,0.5,0.01547819539031769,0.2011015073500272,0.7988984926499728,2.485271207513212
-0.44999999999999996,0.5,0.015360959427498978,0.20033573768129587,0.7996642623187041,2.485272762653188
-0.425,0.5,0.015243621244972295,0.19956930032706943,0.8004306996729306,2.485274318820765
-0.4,0.5,0.01512618077132288,0.19880219482087536,0.8011978051791246,2.485275876016133
-0.375,0.5,0.015008637935115194,0.1980344206961071,0.8019655793038929,2.485277434239485
-0.35,0.5,0.01489099266489336,0.19726597748602392,0.8027340225139761,2.485278993491012
-0.325,0.5,0.014773244889180939,0.19649686472375172,0.8035031352762483,2.4852805537709024
-0.3,0.5,0.01465539453648127,0.19572708194228305,0.804272918057717,2.4852821150793467
-0.275,0.5,0.014537441535277015,0.19495662867447738,0.8050433713255226,2.485283677416533
-0.25,0.5,0.01441938581403086,0.19418550445306137,0.8058144955469386,2.4852852407826487
-0.22500000000000003,0.5,0.014301227301184914,0.19341370881062914,0.8065862911893709,2.485286805177881
-0.2,0.5,0.014182965925161214,0.19264124127964288,0.8073587587203571,2.4852883706024156
-0.175,0.5,0.014064601614361561,0.1918681013924325,0.8081318986075675,2.4852899370564385
-0.15000000000000002,0.5,0.013946134297167668,0.1910942886811966,0.8089057113188034,2.4852915045401334
-0.125,0.5,0.013827563901940926,0.1903198026780022,0.8096801973219978,2.4852930730536835
-0.10000000000000003,0.5,0.01370889035702296,0.18954464291478557,0.8104553570852144,2.485294642597273
-0.07500000000000007,0.5,0.013590113590735142,0.18876880892335202,0.811231191076648,2.485296213171083
-0.050000000000000044,0.5,0.013471233531378959,0.18799230023537616,0.8120076997646238,2.4852977847752955
-0.025000000000000022,0.5,0.013352250107236082,0.18721511638240296,0.812784883617597,2.4852993574100903
0.0,0.5,0.013233163246567928,0.1864372568958469,0.8135627431041531,2.4853009310756478
0.025000000000000022,0.5,0.013113972877616554,0.18565872130699335,0.8143412786930067,2.4853025057721467
0.04999999999999993,0.5,0.012994678928603879,0.18487950914699802,0.815120490853002,2.4853040814997653
0.07499999999999996,0.5,0.012875281327732213,0.18409961994688795,0.815900380053112,2.4853056582586808
0.09999999999999998,0.5,0.012755780003184026,0.18331905323756081,0.8166809467624392,2.4853072360490693
0.125,0.5,0.012636174883122377,0.18253780854978663,0.8174621914502134,2.4853088148711073
0.1499999999999999,0.5,0.012516465895690384,0.18175588541420662,0.8182441145857934,2.4853103947249697
0.17499999999999993,0.5,0.012396652969011946,0.18097328336133456,0.8190267166386654,2.48531197561083
0.19999999999999996,0.5,0.012276736031190944,0.18019000192155632,0.8198099980784437,2.4853135575288627
0.22499999999999998,0.5,0.012156715010312303,0.17940604062513088,0.8205939593748691,2.485315140479239
0.25,0.5,0.012036589834441233,0.17862139900218987,0.8213786009978101,2.485316724462131
0.2749999999999999,0.5,0.011916360431623451,0.17783607658273848,0.8221639234172615,2.4853183094777096
0.29999999999999993,0.5,0.011796026729885636,0.17705007289665542,0.8229499271033446,2.4853198955261457
0.32499999999999996,0.5,0.011675588657234911,0.1762633874736933,0.8237366125263067,2.4853214826076075
0.35,0.5,0.011555046141659205,0.17547601984347905,0.824523980156521,2.485323070722265
0.3749999999999999,0.5,0.011434399111127208,0.1746879695355137,0.8253120304644863,2.485324659870284
0.3999999999999999,0.5,0.011313647493588607,0.1738992360791738,0.8261007639208262,2.4853262500518327
0.42499999999999993,0.5,0.01119279121697371,0.17310981900371025,0.8268901809962897,2.485327841267077
0.44999999999999984,0.5,0.011071830209193874,0.17231971783824973,0.8276802821617503,2.4853294335161817
0.475,0.5,0.010950764398141584,0.17152893211179465,0.8284710678882053,2.485331026799312
0.4999999999999999,0.5,0.010829593711689973,0.17073746135322332,0.8292625386467767,2.4853326211166307
0.525,0.5,0.010708318077693606,0.16994530509129013,0.8300546949087099,2.4853342164683
0.5499999999999999,0.5,0.010586937423987895,0.16915246285462637,0.8308475371453736,2.4853358128544847
0.5749999999999998,0.5,0.010465451678389552,0.1683589341717402,0.8316410658282598,2.4853374102753425
0.6,0.5,0.010343860768696433,0.16756471857101674,0.8324352814289833,2.485339008731036
-0.6,0.525,0.017436224497904676,0.2084677069151878,0.7915322930848122,2.4853363390475627
-0.575,0.525,0.017314704111530868,0.20771174981822604,0.792288250181774,2.485337936809354
-0.5499999999999999,0.525,0.017193078537269618,0.2069551383657896,0.7930448616342104,2.485339535606033
-0.525,0.525,0.01707134770289363,0.20619787210856633,0.7938021278914337,2.4853411354377584
-0.5,0.525,0.01694951153615732,0.20543995059712827,0.7945600494028717,2.48534273630469
-0.475,0.525,0.016827569964796184,0.20468137338193104,0.795318626618069,2.485344338206984
-0.44999999999999996,0.525,0.016705522916527275,0.20392214001331477,0.7960778599866852,2.4853459411447982
-0.425,0.525,0.01658337031904908,0.20316225004150412,0.7968377499584959,2.485347545118288
-0.4,0.525,0.016461112100041475,0.20240170301660865,0.7975982969833914,2.485349150127608
-0.375,0.525,0.01633874818716587,0.20164049848862287,0.7983595015113771,2.4853507561729145
-0.35,0.525,0.016216278508065507,0.20087863600742706,0.7991213639925729,2.4853523632543584
-0.325,0.525,0.016093702990364896,0.20011611512278704,0.799883884877213,2.4853539713720942
-0.3,0.525,0.01597102156167064,0.19935293538435483,0.8006470646156452,2.485355580526273
-0.275,0.525,0.015848234149570505,0.19858909634166855,0.8014109036583315,2.4853571907170458
-0.25,0.525,0.015725340681634663,0.19782459754415316,0.8021754024558468,2.4853588019445625
-0.22500000000000003,0.525,0.015602341085414775,0.1970594385411204,0.8029405614588796,2.485360414208973
-0.2,0.525,0.015479235288444143,0.1962936188817691,0.8037063811182309,2.485362027510425
-0.175,0.525,0.015356023218238642,0.19552713811518618,0.8044728618848138,2.485363641849067
-0.15000000000000002,0.525,0.01523270480229556,0.19475999579034564,0.8052400042096544,2.4853652572250446
-0.125,0.525,0.01510927996809426,0.1939921914561099,0.8060078085438901,2.485366873638506
-0.10000000000000003,0.525,0.014985748643096448,0.19322372466122983,0.8067762753387702,2.485368491089594
-0.07500000000000007,0.525,0.014862110754745542,0.1924545949543448,0.8075454050456552,2.4853701095784535
-0.050000000000000044,0.525,0.014738366230467453,0.1916848018839834,0.8083151981160166,2.4853717291052284
-0.025000000000000022,0.525,0.01461451499767021,0.1909143449985634,0.8090856550014366,2.485373349670061
0.0,0.525,0.014490556983743949,0.19014322384639204,0.809856776153608,2.4853749712730933
0.025000000000000022,0.525,0.01436649211606121,0.18937143797566647,0.8106285620243335,2.485376593914465
0.04999999999999993,0.525,0.014242320321976896,0.1885989869344742,0.8114010130655258,2.485378217594318
0.07499999999999996,0.525,0.014118041528828295,0.18782587027079312,0.8121741297292069,2.48537984231279
0.09999999999999998,0.525,0.013993655663935168,0.18705208753249192,0.8129479124675081,2.485381468070021
0.125,0.525,0.013869162654599637,0.18627763826733013,0.8137223617326699,2.4853830948661466
0.1499999999999999,0.525,0.01374456242810646,0.18550252202295903,0.814497477977041,2.4853847227013035
0.17499999999999993,0.525,0.013619854911723007,0.18472673834692144,0.8152732616530786,2.4853863515756296
0.19999999999999996,0.525,0.013495040032699199,0.18395028678665193,0.8160497132133481,2.4853879814892577
0.22499999999999998,0.525,0.013370117718267693,0.1831731668894777,0.8168268331105223,2.4853896124423227
0.25,0.525,0.013245087895644065,0.18239537820261864,0.8176046217973814,2.4853912444349575
0.2749999999999999,0.525,0.013119950492026203,0.181616920273187,0.818383079726813,2.485392877467295
0.29999999999999993,0.525,0.012994705434595352,0.18083779264818856,0.8191622073518114,2.4853945115394667
0.32499999999999996,0.525,0.012869352650515272,0.18005799487452268,0.8199420051254773,2.4853961466516026
0.35,0.525,0.012743892066932699,0.17927752649898232,0.8207224735010177,2.485397782803833
0.3749999999999999,0.525,0.012618323610977583,0.17849638706825466,0.8215036129317453,2.4853994199962863
0.3999999999999999,0.525,0.012492647209762741,0.1777145761289215,0.8222854238710785,2.4854010582290917
0.42499999999999993,0.525,0.012366862790383942,0.17693209322745895,0.823067906772541,2.485402697502375
0.44999999999999984,0.525,0.0122409702799204,0.17614893791023845,0.8238510620897616,2.4854043378162634
0.475,0.525,0.012114969605434046,0.1753651097235266,0.8246348902764734,2.4854059791708822
0.4999999999999999,0.525,0.011988860693970548,0.17458060821348587,0.8254193917865141,2.485407621566356
0.525,0.525,0.011862643472558505,0.1737954329261744,0.8262045670738256,2.485409265002808
0.5499999999999999,0.525,0.01173631786820995,0.1730095834075468,0.8269904165924532,2.4854109094803616
0.5749999999999998,0.525,0.01160988380792045,0.1722230592034545,0.8277769407965455,2.4854125549991393
0.6,0.525,0.011483341218668461,0.17143585985964505,0.828564140140355,2.485414201559261
-0.6,0.55,0.018856231444972175,0.2119694438151486,0.7880305561848514,2.485407907149968
-0.575,0.55,0.018729995389927572,0.21121984647837344,0.7887801535216266,2.4854095507673732
-0.5499999999999999,0.55,0.018603650939258122,0.21046960548181637,0.7895303945181836,2.4854111954259013
-0.525,0.55,0.018477198019956422,0.20971872039195438,0.7902812796080456,2.485412841125674
-0.5,0.55,0.01835063655899829,0.20896719077516634,0.7910328092248337,2.4854144878668123
-0.475,0.55,0.018223966483343353,0.20821501619773297,0.791784983802267,2.485416135649437
-0.44999999999999996,0.55,0.01809718771993448,0.20746219622583706,0.7925378037741629,2.4854177844736656
-0.425,0.55,0.017970300195698147,0.20670873042556392,0.7932912695744361,2.4854194343396174
-0.4,0.55,0.017843303837544643,0.20595461836290208,0.7940453816370979,2.4854210852474106
-0.375,0.55,0.0177161985723678,0.20519985960374265,0.7948001403962573,2.4854227371971604
-0.35,0.55,0.01758898432704514,0.20444445371388031,0.7955555462861197,2.4854243901889843
-0.325,0.55,0.017461661028438113,0.2036884002590137,0.7963115997409863,2.4854260442229945
-0.3,0.55,0.017334228603392003,0.20293169880474526,0.7970683011952547,2.4854276992993083
-0.275,0.55,0.0172066869787358,0.2021743489165816,0.7978256510834184,2.4854293554180362
-0.25,0.55,0.017079036081282545,0.2014163501599342,0.7985836498400658,2.4854310125792907
-0.22500000000000003,0.55,0.01695127583782922,0.20065770210011924,0.7993422978998808,2.4854326707831844
-0.2,0.55,0.01682340617515712,0.1998984043023584,0.8001015956976416,2.4854343300298263
-0.175,0.55,0.016695427020031038,0.1991384563317784,0.8008615436682216,2.4854359903193273
-0.15000000000000002,0.55,0.016567338299200537,0.19837785775341243,0.8016221422465876,2.4854376516517944
-0.125,0.55,0.016439139939398932,0.19761660813219895,0.802383391867801,2.485439314027336
-0.10000000000000003,0.55,0.016310831867344076,0.1968547070329838,0.8031452929670162,2.4854409774460597
-0.07500000000000007,0.55,0.016182414009737807,0.1960921540205186,0.8039078459794814,2.485442641908072
-0.050000000000000044,0.55,0.01605388629326667,0.19532894865946293,0.8046710513405371,2.4854443074134758
-0.025000000000000022,0.55,0.015925248644601226,0.19456509051438275,0.8054349094856172,2.4854459739623773
0.0,0.55,0.01579650099039677,0.19380057914975257,0.8061994208502474,2.4854476415548787
0.025000000000000022,0.55,0.01566764325729294,0.19303541412995406,0.8069645858700459,2.485449310191083
0.04999999999999993,0.55,0.015538675371913965,0.19226959501927765,0.8077304049807223,2.4854509798710906
0.07499999999999996,0.55,0.015409597260868765,0.19150312138192238,0.8084968786180776,2.4854526505950036
0.09999999999999998,0.55,0.015280408850750729,0.1907359927819955,0.8092640072180045,2.485454322362921
0.125,0.55,0.015151110068138116,0.18996820878351428,0.8100317912164857,2.485455995174942
0.1499999999999999,0.55,0.015021700839593866,0.1891997689504048,0.8108002310495952,2.485457669031164
0.17499999999999993,0.55,0.014892181091665718,0.18843067284650328,0.8115693271534967,2.4854593439316846
0.19999999999999996,0.55,0.014762550750886316,0.187660920035556,0.812339079964444,2.4854610198766
0.22499999999999998,0.55,0.014632809743773184,0.1868905100812196,0.8131094899187804,2.4854626968660036
0.25,0.55,0.014502957996828695,0.18611944254706136,0.8138805574529386,2.485464374899993
0.2749999999999999,0.55,0.014372995436540604,0.18534771699655983,0.8146522830034402,2.4854660539786586
0.29999999999999993,0.55,0.014242921989381239,0.18457533299310436,0.8154246670068956,2.485467734102094
0.32499999999999996,0.55,0.014112737581808468,0.1838022900999967,0.8161977099000033,2.4854694152703916
0.35,0.55,0.01398244214026508,0.18302858788045007,0.8169714121195499,2.485471097483641
0.3749999999999999,0.55,0.013852035591179226,0.18225422589759,0.81774577410241,2.4854727807419326
0.3999999999999999,0.55,0.013721517860964228,0.18147920371445458,0.8185207962855454,2.485474465045355
0.42499999999999993,0.55,0.013590888876018819,0.1807035208939951,0.8192964791060049,2.485476150393996
0.44999999999999984,0.55,0.013460148562727172,0.1799271769990758,0.8200728230009242,2.4854778367879433
0.475,0.55,0.013329296847458682,0.17915017159247437,0.8208498284075256,2.4854795242272822
0.4999999999999999,0.55,0.013198333656568365,0.17837250423688256,0.8216274957631174,2.485481212712099
0.525,0.55,0.013067258916396957,0.17759417449490622,0.8224058255050938,2.485482902242477
0.5499999999999999,0.55,0.012936072553270473,0.17681518192906553,0.8231848180709345,2.4854845928185
0.5749999999999998,0.55,0.012804774493500804,0.17603552610179563,0.8239644738982044,2.4854862844402503
0.6,0.55,0.012673364663385395,0.1752552065754467,0.8247447934245533,2.48548797710781
-0.6,0.5750000000000001,0.02032199702558137,0.21542658558437744,0.7845734144156226,2.48547819085302
-0.575,0.5750000000000001,0.02019112192044527,0.21468323016980695,0.785316769830193,2.485479878511772
-0.5499999999999999,0.5750000000000001,0.020060135324229376,0.2139392414988367,0.7860607585011633,2.485481567216019
-0.525,0.5750000000000001,0.01992903716327126,0.21319461915307258,0.7868053808469274,2.485483256965846
-0.5,0.5750000000000001,0.01979782736389379,0.21244936271403847,0.7875506372859615,2.485484947761334
-0.475,0.5750000000000001,0.019666505852405966,0.21170347176317694,0.7882965282368231,2.485486639602567
-0.44999999999999996,0.5750000000000001,0.019535072555102367,0.21095694588184954,0.7890430541181505,2.485488332489627
-0.425,0.5750000000000001,0.019403527398263093,0.21020978465133655,0.7897902153486634,2.485490026422592
-0.4,0.5750000000000001,0.019271870308154426,0.2094619876528384,0.7905380123471616,2.485491721401544
-0.375,0.5750000000000001,0.01914010121102827,0.20871355446747464,0.7912864455325254,2.4854934174265604
-0.35,0.5750000000000001,0.019008220033122497,0.20796448467628503,0.792035515323715,2.485495114497719
-0.325,0.5750000000000001,0.01887622670066106,0.20721477786023013,0.7927852221397699,2.4854968126150974
-0.3,0.5750000000000001,0.018744121139853857,0.20646443360019062,0.7935355663998094,2.48549851177877
-0.275,0.5750000000000001,0.018611903276896886,0.20571345147696862,0.7942865485230314,2.485500211988812
-0.25,0.5750000000000001,0.01847957303797244,0.20496183107128718,0.7950381689287128,2.4855019132452987
-0.22500000000000003,0.5750000000000001,0.018347130349248616,0.20420957196379108,0.7957904280362089,2.485503615548302
-0.2,0.5750000000000001,0.01821457513688012,0.20345667373504706,0.7965433262649529,2.4855053188978946
-0.175,0.5750000000000001,0.018081907327008026,0.20270313596554412,0.7972968640344559,2.4855070232941476
-0.15000000000000002,0.5750000000000001,0.017949126845759417,0.2019489582356938,0.7980510417643062,2.48550872873713
-0.125,0.5750000000000001,0.017816233619247918,0.20119414012583015,0.7988058598741699,2.485510435226913
-0.10000000000000003,0.5750000000000001,0.017683227573573893,0.20043868121621067,0.7995613187837893,2.4855121427635645
-0.07500000000000007,0.5750000000000001,0.017550108634823886,0.1996825810870162,0.8003174189129838,2.485513851347152
-0.050000000000000044,0.5750000000000001,0.01741687672907108,0.19892583931835128,0.8010741606816487,2.4855155609777406
-0.025000000000000022,0.5750000000000001,0.017283531782375513,0.19816845549024487,0.8018315445097551,2.485517271655398
0.0,0.5750000000000001,0.017150073720783615,0.19741042918264973,0.8025895708173503,2.4855189833801874
0.025000000000000022,0.5750000000000001,0.017016502470328758,0.19665175997544382,0.8033482400245562,2.485520696152174
0.04999999999999993,0.5750000000000001,0.016882817957031025,0.1958924474484297,0.8041075525515703,2.485522409971419
0.07499999999999996,0.5750000000000001,0.016749020106897407,0.19513249118133558,0.8048675088186644,2.4855241248379847
0.09999999999999998,0.5750000000000001,0.016615108845921635,0.194371890753815,0.805628109246185,2.4855258407519325
0.125,0.5750000000000001,0.016481084100084652,0.19361064574544773,0.8063893542545523,2.485527557713322
0.1499999999999999,0.5750000000000001,0.016346945795354194,0.19284875573573945,0.8071512442642605,2.4855292757222127
0.17499999999999993,0.5750000000000001,0.016212693857685218,0.1920862203041227,0.8079137796958773,2.485530994778663
0.19999999999999996,0.5750000000000001,0.016078328213019764,0.19132303902995684,0.8086769609700432,2.485532714882728
0.22499999999999998,0.5750000000000001,0.015943848787286972,0.19055921149252808,0.8094407885074719,2.4855344360344658
0.25,0.5750000000000001,0.015809255506403327,0.18979473727105067,0.8102052627289493,2.485536158233931
0.2749999999999999,0.5750000000000001,0.01567454829627259,0.1890296159446665,0.8109703840553335,2.4855378814811786
0.29999999999999993,0.5750000000000001,0.01553972708278573,0.18826384709244515,0.8117361529075549,2.4855396057762613
0.32499999999999996,0.5750000000000001,0.015404791791821474,0.1874974302933854,0.8125025697066146,2.485541331119231
0.35,0.5750000000000001,0.01526974234924551,0.18673036512641417,0.8132696348735858,2.48554305751014
0.3749999999999999,0.5750000000000001,0.015134578680911375,0.18596265117038768,0.8140373488296123,2.485544784949039
0.3999999999999999,0.5750000000000001,0.014999300712660164,0.18519428800409188,0.8148057119959081,2.485546513435977
0.42499999999999993,0.5750000000000001,0.014863908370320414,0.18442527520624175,0.8155747247937583,2.4855482429710025
0.44999999999999984,0.5750000000000001,0.014728401579708585,0.1836556123554829,0.8163443876445171,2.4855499735541637
0.475,0.5750000000000001,0.014592780266628736,0.18288529903039108,0.8171147009696089,2.485551705185507
0.4999999999999999,0.5750000000000001,0.014457044356872567,0.1821143348094727,0.8178856651905273,2.4855534378650774
0.525,0.5750000000000001,0.014321193776220084,0.1813427192711653,0.8186572807288347,2.4855551715929214
0.5499999999999999,0.5750000000000001,0.014185228450438816,0.18057045199383748,0.8194295480061625,2.4855569063690806
0.5749999999999998,0.5750000000000001,0.014049148305284146,0.17979753255578967,0.8202024674442103,2.4855586421935993
0.6,0.5750000000000001,0.013912953266499823,0.17902396053525405,0.820976039464746,2.48556037906652
-0.6,0.6000000000000001,0.021832678183685582,0.21884011767286138,0.7811598823271386,2.485547227876694
-0.575,0.6000000000000001,0.021697238565349115,0.21810288974116832,0.7818971102588317,2.485548957844758
-0.5499999999999999,0.6000000000000001,0.0215616844680875,0.21736503867525336,0.7826349613247466,2.485550688860976
-0.525,0.6000000000000001,0.02142601581769975,0.21662656407122394,0.7833734359287761,2.485552420925395
-0.5,0.6000000000000001,0.021290232539972673,0.2158874655251214,0.7841125344748786,2.4855541540380606
-0.475,0.6000000000000001,0.02115433456068115,0.21514774263292125,0.7848522573670788,2.4855558881990167
-0.44999999999999996,0.6000000000000001,0.02101832180558763,0.21440739499053263,0.7855926050094674,2.4855576234083077
-0.425,0.6000000000000001,0.02088219420044297,0.2136664221938004,0.7863335778061996,2.485559359665975
-0.4,0.6000000000000001,0.020745951670985575,0.21292482383850297,0.787075176161497,2.4855610969720603
-0.375,0.6000000000000001,0.020609594142942396,0.21218259952035523,0.7878174004796448,2.485562835326604
-0.35,0.6000000000000001,0.020473121542028537,0.21143974883500705,0.788560251164993,2.4855645747296466
-0.325,0.6000000000000001,0.02033653379394682,0.21069627137804392,0.7893037286219561,2.485566315181226
-0.3,0.6000000000000001,0.020199830824388795,0.20995216674498784,0.7900478332550122,2.48556805668138
-0.275,0.6000000000000001,0.020063012559034244,0.2092074345312971,0.7907925654687029,2.4855697992301446
-0.25,0.6000000000000001,0.019926078923551218,0.20846207433236674,0.7915379256676333,2.485571542827557
-0.22500000000000003,0.6000000000000001,0.019789029843596352,0.20771608574352918,0.7922839142564708,2.4855732874736503
-0.2,0.6000000000000001,0.0196518652448147,0.2069694683600538,0.7930305316399462,2.48557503316846
-0.175,0.6000000000000001,0.019514585052839876,0.20622222177714822,0.7937777782228518,2.4855767799120176
-0.15000000000000002,0.6000000000000001,0.01937718919329417,0.20547434558995725,0.7945256544100427,2.485578527704355
-0.125,0.6000000000000001,0.01923967759178838,0.20472583939356492,0.7952741606064351,2.4855802765455044
-0.10000000000000003,0.6000000000000001,0.019102050173922237,0.2039767027829933,0.7960232972170067,2.4855820264354938
-0.07500000000000007,0.6000000000000001,0.01896430686528411,0.2032269353532038,0.7967730646467962,2.485583777374354
-0.050000000000000044,0.6000000000000001,0.018826447591451242,0.2024765366990966,0.7975234633009034,2.485585529362111
-0.025000000000000022,0.6000000000000001,0.018688472277989844,0.201725506415512,0.798274493584488,2.4855872823987926
0.0,0.6000000000000001,0.018550380850454927,0.20097384409722985,0.7990261559027702,2.4855890364844266
0.025000000000000022,0.6000000000000001,0.018412173234390795,0.2002215493389704,0.7997784506610296,2.4855907916190345
0.04999999999999993,0.6000000000000001,0.018273849355330475,0.19946862173539426,0.8005313782646057,2.485592547802644
0.07499999999999996,0.6000000000000001,0.01813540913879643,0.1987150608811029,0.8012849391188971,2.4855943050352756
0.09999999999999998,0.6000000000000001,0.01799685251030008,0.19796086637063914,0.8020391336293609,2.4855960633169523
0.125,0.6000000000000001,0.017858179395342327,0.197206037798487,0.802793962201513,2.485597822647696
0.1499999999999999,0.6000000000000001,0.017719389719412983,0.19645057475907235,0.8035494252409277,2.4855995830275246
0.17499999999999993,0.6000000000000001,0.017580483407991863,0.19569447684676344,0.8043055231532366,2.4856013444564593
0.19999999999999996,0.6000000000000001,0.017441460386547526,0.19493774365587047,0.8050622563441295,2.4856031069345175
0.22499999999999998,0.6000000000000001,0.017302320580538447,0.19418037478064676,0.8058196252193532,2.485604870461717
0.25,0.6000000000000001,0.017163063915412426,0.19342236981528838,0.8065776301847116,2.485606635038073
0.2749999999999999,0.6000000000000001,0.017023690316607016,0.1926637283539352,0.8073362716460648,2.485608400663601
0.29999999999999993,0.6000000000000001,0.0168841997095493,0.19190444999067013,0.8080955500093299,2.4856101673383155
0.32499999999999996,0.6000000000000001,0.016744592019656106,0.19114453431952083,0.8088554656804792,2.4856119350622303
0.35,0.6000000000000001,0.01660486717233404,0.19038398093445874,0.8096160190655413,2.485613703835356
0.3749999999999999,0.6000000000000001,0.01646502509297957,0.18962278942940014,0.8103772105705999,2.4856154736577056
0.3999999999999999,0.6000000000000001,0.01632506570697915,0.18886095939820635,0.8111390406017936,2.4856172445292883
0.42499999999999993,0.6000000000000001,0.01618498893970879,0.18809849043468385,0.8119015095653161,2.485619016450114
0.44999999999999984,0.6000000000000001,0.016044794716535103,0.18733538213258483,0.8126646178674152,2.48562078942019
0.475,0.6000000000000001,0.015904482962814083,0.18657163408560729,0.8134283659143927,2.485622563439525
0.4999999999999999,0.6000000000000001,0.01576405360389258,0.18580724588739572,0.8141927541126043,2.4856243385081247
0.525,0.6000000000000001,0.01562350656510711,0.1850422171315409,0.8149577828684591,2.485626114625994
0.5499999999999999,0.6000000000000001,0.015482841771784578,0.18427654741158073,0.8157234525884193,2.4856278917931363
0.5749999999999998,0.6000000000000001,0.015342059149242021,0.18351023632100005,0.816489763679,2.4856296700095575
0.6,0.6000000000000001,0.01520115862278738,0.18274328345323165,0.8172567165467683,2.4856314492752576
-0.6,0.625,0.0233874560407673,0.22221099419810597,0.777789005801894,2.485615054418523
-0.575,0.625,0.023247524443066603,0.22147978257573353,0.7785202174242665,2.485616825041617
-0.5499999999999999,0.625,0.023107475481769994,0.22074795767068056,0.7792520423293194,2.4856185967139512
-0.525,0.625,0.022967309082246333,0.22001551909296146,0.7799844809070385,2.485620369435534
-0.5,0.625,0.02282702516985404,0.21928246645253868,0.7807175335474613,2.4856221432063745
-0.475,0.625,0.022686623669942063,0.2185487993593228,0.7814512006406772,2.4856239180264774
-0.44999999999999996,0.625,0.022546104507849447,0.21781451742317337,0.7821854825768266,2.485625693895849
-0.425,0.625,0.022405467608905393,0.2170796202538986,0.7829203797461014,2.485627470814494
-0.4,0.625,0.02226471289842941,0.21634410746125643,0.7836558925387436,2.485629248782416
-0.375,0.625,0.022123840301731208,0.21560797865495362,0.7843920213450464,2.485631027799617
-0.35,0.625,0.0219828497441112,0.21487123344464754,0.7851287665553525,2.4856328078660987
-0.325,0.625,0.021841741150860156,0.21413387143994522,0.7858661285600548,2.485634588981862
-0.3,0.625,0.021700514447259373,0.21339589225040456,0.7866041077495954,2.485636371146906
-0.275,0.625,0.02155916955858047,0.21265729548553403,0.787342704514466,2.4856381543612294
-0.25,0.625,0.021417706410086244,0.21191808075479357,0.7880819192452064,2.4856399386248307
-0.22500000000000003,0.625,0.021276124927029634,0.21117824766759397,0.788821752332406,2.485641723937705
-0.2,0.625,0.02113442503465472,0.21043779583329825,0.7895622041667018,2.4856435102998486
-0.175,0.625,0.020992606658196432,0.20969672486122148,0.7903032751387785,2.4856452977112555
-0.15000000000000002,0.625,0.02085066972288033,0.208955034360631,0.791044965639369,2.48564708617192
-0.125,0.625,0.02070861415392306,0.20821272394074675,0.7917872760592533,2.4856488756818336
-0.10000000000000003,0.625,0.020566439876532273,0.20746979321074177,0.7925302067892582,2.4856506662409896
-0.07500000000000007,0.625,0.0204241468159067,0.20672624177974264,0.7932737582202574,2.4856524578493766
-0.050000000000000044,0.625,0.020281734897236135,0.20598206925682916,0.7940179307431708,2.4856542505069843
-0.025000000000000022,0.625,0.020139204045701697,0.2052372752510354,0.7947627247489646,2.4856560442138025
0.0,0.625,0.019996554186475578,0.20449185937134962,0.7955081406286504,2.485657838969817
0.025000000000000022,0.625,0.019853785244721443,0.2037458212267147,0.7962541787732853,2.4856596347750157
0.04999999999999993,0.625,0.019710897145594177,0.20299916042602828,0.7970008395739717,2.4856614316293832
0.07499999999999996,0.625,0.019567889814240246,0.20225187657814336,0.7977481234218566,2.485663229532905
0.09999999999999998,0.625,0.019424763175797513,0.20150396929186853,0.7984960307081315,2.485665028485563
0.125,0.625,0.019281517155395323,0.20075543817596808,0.7992445618240319,2.48566682848734
0.1499999999999999,0.625,0.019138151678154847,0.20000628283916255,0.7999937171608374,2.4856686295382184
0.17499999999999993,0.625,0.018994666669188788,0.19925650289012908,0.8007434971098709,2.485670431638177
0.19999999999999996,0.625,0.018851062053601497,0.1985060979375014,0.8014939020624986,2.485672234787197
0.22499999999999998,0.625,0.018707337756489466,0.19775506758987071,0.8022449324101293,2.4856740389852554
0.25,0.625,0.018563493702940543,0.19700341145578526,0.8029965885442147,2.48567584423233
0.2749999999999999,0.625,0.018419529818034772,0.1962511291437511,0.8037488708562489,2.485677650528397
0.29999999999999993,0.625,0.0182754460268444,0.19549822026223296,0.804501779737767,2.4856794578734314
0.32499999999999996,0.625,0.018131242254433407,0.19474468441965342,0.8052553155803466,2.4856812662674077
0.35,0.625,0.017986918425857815,0.19399052122439386,0.8060094787756061,2.485683075710299
0.3749999999999999,0.625,0.017842474466166075,0.1932357302847948,0.8067642697152052,2.4856848862020784
0.3999999999999999,0.625,0.01769791030039869,0.19248031120915632,0.8075196887908437,2.485686697742716
0.42499999999999993,0.625,0.01755322585358841,0.1917242636057377,0.8082757363942623,2.4856885103321815
0.44999999999999984,0.625,0.01740842105076067,0.19096758708275896,0.809032412917241,2.485690323970445
0.475,0.625,0.01726349581693283,0.19021028124839978,0.8097897187516002,2.485692138657475
0.4999999999999999,0.625,0.01711845007711508,0.18945234571080105,0.810547654289199,2.485693954393238
0.525,0.625,0.01697328375630999,0.18869378007806425,0.8113062199219357,2.4856957711776997
0.5499999999999999,0.625,0.01682799677951287,0.18793458395825247,0.8120654160417475,2.4856975890108255
0.5749999999999998,0.625,0.01668258907171153,0.18717475695939034,0.8128252430406097,2.4856994078925787
0.6,0.625,0.01653706055788646,0.18641429868946424,0.8135857013105358,2.4857012278229234
-0.6,0.65,0.02498553495584251,0.2255401392475911,0.7744598607524089,2.485681705231297
-0.575,0.65,0.024841181984408475,0.2248148359004084,0.7751851640995916,2.4856835149287018
-0.5499999999999999,0.65,0.02469670886367027,0.22408892886151288,0.7759110711384871,2.4856853256749893
-0.525,0.65,0.0245521155186663,0.22336241775426013,0.7766375822457399,2.485687137470127
-0.5,0.65,0.024407401874427647,0.22263530220196748,0.7773646977980325,2.4856889503140858
-0.475,0.65,0.024262567855977666,0.2219075818279137,0.7780924181720863,2.485690764206835
-0.44999999999999996,0.65,0.024117613388332064,0.22117925625533952,0.7788207437446605,2.485692579148342
-0.425,0.65,0.023972538396499262,0.22045032510744822,0.7795496748925518,2.4856943951385744
-0.4,0.65,0.023827342805479802,0.21972078800740502,0.780279211992595,2.485696212177497
-0.375,0.65,0.02368202654026732,0.21899064457833872,0.7810093554216613,2.485698030265075
-0.35,0.65,0.023536589525847935,0.21825989444334093,0.7817401055566591,2.485699849401272
-0.325,0.65,0.023391031687200255,0.21752853722546683,0.7824714627745332,2.4857016695860508
-0.3,0.65,0.023245352949296146,0.21679657254773543,0.7832034274522646,2.4857034908193727
-0.275,0.65,0.023099553237099925,0.21606400003312987,0.7839359999668701,2.4857053131011995
-0.25,0.65,0.02295363247556915,0.21533081930459785,0.7846691806954021,2.4857071364314893
-0.22500000000000003,0.65,0.022807590589654137,0.21459702998505148,0.7854029700149485,2.485708960810202
-0.2,0.65,0.02266142750429848,0.21386263169736852,0.7861373683026315,2.485710786237294
-0.175,0.65,0.022515143144438567,0.21312762406439167,0.7868723759356083,2.4857126127127223
-0.15000000000000002,0.65,0.02236873743500419,0.21239200670892933,0.7876079932910707,2.485714440236442
-0.125,0.65,0.02222221030091847,0.21165577925375612,0.7883442207462439,2.4857162688084085
-0.10000000000000003,0.65,0.022075561667097537,0.21091894132161315,0.7890810586783868,2.485718098428574
-0.07500000000000007,0.65,0.021928791458451037,0.21018149253520768,0.7898185074647923,2.485719929096892
-0.050000000000000044,0.65,0.021781899599882106,0.2094434325172143,0.7905565674827857,2.4857217608133126
-0.025000000000000022,0.65,0.02163488601628725,0.2087047608902749,0.7912952391097251,2.485723593577787
0.0,0.65,0.021487750632556583,0.20796547727699866,0.7920345227230013,2.4857254273902636
0.025000000000000022,0.65,0.021340493373573827,0.20722558129996305,0.792774418700037,2.485727262250691
0.04999999999999993,0.65,0.021193114164216455,0.20648507258171367,0.7935149274182863,2.485729098159017
0.07499999999999996,0.65,0.02104561292935555,0.20574395074476448,0.7942560492552355,2.4857309351151864
0.09999999999999998,0.65,0.020897989593856005,0.20500221541159847,0.7949977845884015,2.4857327731191448
0.125,0.65,0.02075024408257678,0.20425986620466796,0.795740133795332,2.485734612170836
0.1499999999999999,0.65,0.02060237632037052,0.20351690274639445,0.7964830972536056,2.4857364522702037
0.17499999999999993,0.65,0.020454386232083937,0.20277332465916953,0.7972266753408305,2.4857382934171883
0.19999999999999996,0.65,0.02030627374255791,0.20202913156535485,0.7979708684346452,2.485740135611733
0.22499999999999998,0.65,0.020158038776627356,0.2012843230872825,0.7987156769127175,2.485741978853775
0.25,0.65,0.020009681259121385,0.2005388988472554,0.7994611011527446,2.4857438231432547
0.2749999999999999,0.65,0.019861201114863263,0.19979285846754757,0.8002071415324524,2.485745668480109
0.29999999999999993,0.65,0.019712598268670896,0.19904620157040465,0.8009537984295954,2.4857475148642756
0.32499999999999996,0.65,0.019563872645356136,0.1982989277780436,0.8017010722219564,2.4857493622956888
0.35,0.65,0.019415024169725452,0.19755103671265373,0.8024489632873463,2.485751210774284
0.3749999999999999,0.65,0.01926605276658,0.19680252799639675,0.8031974720036033,2.4857530602999933
0.3999999999999999,0.65,0.01911695836071526,0.19605340125140713,0.8039465987485929,2.4857549108727515
0.42499999999999993,0.65,0.018967740876921456,0.19530365609979228,0.8046963439002077,2.4857567624924886
0.44999999999999984,0.65,0.018818400239983577,0.19455329216363315,0.8054467078363668,2.4857586151591335
0.475,0.65,0.01866893637468118,0.19380230906498386,0.8061976909350161,2.4857604688726185
0.4999999999999999,0.65,0.01851934920578891,0.1930507064258733,0.8069492935741267,2.485762323632869
0.525,0.65,0.01836963865807575,0.19229848386830395,0.807701516131696,2.485764179439815
0.5499999999999999,0.65,0.01821980465630654,0.19154564101425353,0.8084543589857465,2.4857660362933798
0.5749999999999998,0.65,0.01806984712524049,0.19079217748567456,0.8092078225143254,2.4857678941934895
0.6,0.65,0.017919765989631978,0.1900380929044948,0.8099619070955052,2.485769753140068
-0.6,0.675,0.02662614163147354,0.22882844811440373,0.7711715518855963,2.4857472136959857
-0.575,0.675,0.026477436035017742,0.22810894802751636,0.7718910519724836,2.4857490609566257
-0.5499999999999999,0.675,0.026328607598508712,0.22738885358889527,0.7726111464111047,2.4857509092644574
-0.525,0.675,0.02617965624674808,0.22666816443470028,0.7733318355652997,2.4857527586194146
-0.5,0.675,0.02603058190453239,0.22594688020106524,0.7740531197989348,2.485754609021431
-0.475,0.675,0.025881384496652875,0.22522500052409788,0.7747749994759021,2.4857564604704376
-0.44999999999999996,0.675,0.025732063947895133,0.22450252503988,0.77549747496012,2.485758312966365
-0.425,0.675,0.025582620183039657,0.22377945338446825,0.7762205466155317,2.485760166509142
-0.4,0.675,0.02543305312686201,0.22305578519389424,0.7769442148061058,2.4857620210986977
-0.375,0.675,0.025283362704132128,0.22233152010416446,0.7776684798958355,2.4857638767349597
-0.35,0.675,0.025133548839615338,0.22160665775126143,0.7783933422487386,2.4857657334178533
-0.325,0.675,0.024983611458071806,0.22088119777114334,0.7791188022288567,2.4857675911473045
-0.3,0.675,0.024833550484256665,0.22015513979974421,0.7798448602002558,2.4857694499232372
-0.275,0.675,0.024683365842920642,0.21942848347297528,0.7805715165270247,2.485771309745574
-0.25,0.675,0.024533057458808818,0.21870122842672368,0.7812987715732763,2.485773170614237
-0.22500000000000003,0.675,0.02438262525666246,0.21797337429685448,0.7820266257031455,2.485775032529148
-0.2,0.675,0.024232069161217652,0.21724492071920976,0.7827550792807902,2.4857768954902264
-0.175,0.675,0.024081389097205953,0.21651586732960937,0.7834841326703906,2.485778759497391
-0.15000000000000002,0.675,0.023930584989354388,0.2157862137638511,0.7842137862361489,2.485780624550558
-0.125,0.675,0.023779656762385686,0.21505595965771163,0.7849440403422884,2.4857824906496475
-0.10000000000000003,0.675,0.02362860434101799,0.21432510464694576,0.7856748953530542,2.485784357794572
-0.07500000000000007,0.675,0.02347742764996515,0.21359364836728756,0.7864063516327124,2.485786225985247
-0.050000000000000044,0.675,0.02332612661393672,0.2128615904544502,0.7871384095455498,2.485788095221587
-0.025000000000000022,0.675,0.023174701157638013,0.21212893054412685,0.7878710694558732,2.4857899655035034
0.0,0.675,0.023023151205770424,0.2113956682719904,0.7886043317280096,2.485791836830907
0.025000000000000022,0.675,0.022871476683030863,0.210661803273694,0.789338196726306,2.4857937092037097
0.04999999999999993,0.675,0.022719677514112697,0.2099273351848714,0.7900726648151286,2.485795582621819
0.07499999999999996,0.675,0.022567753623704934,0.2091922636411373,0.7908077363588627,2.485797457085144
0.09999999999999998,0.675,0.02241570493649302,0.20845658827808766,0.7915434117219123,2.4857993325935923
0.125,0.675,0.022263531377158412,0.20772030873129999,0.7922796912687,2.4858012091470694
0.1499999999999999,0.675,0.02211123287037878,0.20698342463633346,0.7930165753636665,2.485803086745479
0.17499999999999993,0.675,0.02195880934082827,0.20624593562872962,0.7937540643712704,2.485804965388726
0.19999999999999996,0.675,0.021806260713177233,0.20550784134401234,0.7944921586559877,2.4858068450767137
0.22499999999999998,0.675,0.02165358691209262,0.20476914141768854,0.7952308585823115,2.4858087258093424
0.25,0.675,0.02150078786223781,0.2040298354852481,0.7959701645147519,2.4858106075865143
0.2749999999999999,0.675,0.021347863488272924,0.20328992318216466,0.7967100768178353,2.485812490408127
0.29999999999999993,0.675,0.021194813714854398,0.202549404143895,0.797450595856105,2.4858143742740806
0.32499999999999996,0.675,0.021041638466635672,0.20180827800588064,0.7981917219941194,2.4858162591842725
0.35,0.675,0.020888337668266813,0.2010665444035471,0.7989334555964529,2.4858181451385977
0.3749999999999999,0.675,0.020734911244394874,0.2003242029723049,0.7996757970276951,2.4858200321369512
0.3999999999999999,0.675,0.020581359119663772,0.19958125334754973,0.8004187466524503,2.4858219201792298
0.42499999999999993,0.675,0.020427681218714234,0.1988376951646621,0.8011623048353379,2.4858238092653235
0.44999999999999984,0.675,0.02027387746618424,0.19809352805900882,0.8019064719409912,2.485825699395126
0.475,0.675,0.020119947786708784,0.19734875166594257,0.8026512483340574,2.4858275905685274
0.4999999999999999,0.675,0.019965892104920217,0.19660336562080205,0.803396634379198,2.485829482785418
0.525,0.675,0.01981171034544783,0.19585736955891309,0.8041426304410869,2.4858313760456863
0.5499999999999999,0.675,0.019657402432918542,0.1951107631155884,0.8048892368844116,2.48583327034922
0.5749999999999998,0.675,0.019502968291956167,0.1943635459261277,0.8056364540738723,2.485835165695905
0.6,0.675,0.019348407847182544,0.19361571762581864,0.8063842823741814,2.4858370620856283
-0.6,0.7000000000000001,0.028308524263085284,0.23207678847012447,0.7679232115298755,2.4858116118902456
-0.575,0.7000000000000001,0.028155533001326782,0.23136298953347678,0.7686370104665232,2.4858134952689985
-0.5499999999999999,0.7000000000000001,0.02800241629991972,0.2306486053432225,0.7693513946567775,2.4858153796920375
-0.525,0.7000000000000001,0.027849174083515817,0.22993363554781465,0.7700663644521853,2.485817265159258
-0.5,0.7000000000000001,0.02769580627676338,0.22921807979569164,0.7707819202043084,2.4858191516705577
-0.475,0.7000000000000001,0.027542312804307807,0.22850193773527727,0.7714980622647227,2.4858210392258298
-0.44999999999999996,0.7000000000000001,0.027388693590791397,0.227785209014981,0.772214790985019,2.485822927824968
-0.425,0.7000000000000001,0.027234948560853345,0.22706789328319843,0.7729321067168016,2.4858248174678654
-0.4,0.7000000000000001,0.027081077639130043,0.22634999018831148,0.7736500098116885,2.485826708154413
-0.375,0.7000000000000001,0.02692708075025501,0.22563149937868898,0.774368500621311,2.485828599884501
-0.35,0.7000000000000001,0.02677295781885904,0.22491242050268656,0.7750875794973134,2.485830492658019
-0.325,0.7000000000000001,0.02661870876957001,0.22419275320864707,0.7758072467913529,2.4858323864748546
-0.3,0.7000000000000001,0.026464333527013294,0.22347249714490125,0.7765275028550988,2.4858342813348955
-0.275,0.7000000000000001,0.026309832015811753,0.22275165195976765,0.7772483480402324,2.485836177238027
-0.25,0.7000000000000001,0.026155204160585636,0.22203021730155326,0.7779697826984467,2.485838074184134
-0.22500000000000003,0.7000000000000001,0.02600044988595259,0.22130819281855307,0.7786918071814469,2.4858399721731
-0.2,0.7000000000000001,0.025845569116528244,0.22058557815905178,0.7794144218409482,2.485841871204809
-0.175,0.7000000000000001,0.025690561776925535,0.2198623729713225,0.7801376270286775,2.485843771279143
-0.15000000000000002,0.7000000000000001,0.025535427791755355,0.21913857690362837,0.7808614230963716,2.4858456723959796
-0.125,0.7000000000000001,0.02538016708562644,0.2184141896042222,0.7815858103957778,2.4858475745552004
-0.10000000000000003,0.7000000000000001,0.025224779583145313,0.21768921072134684,0.7823107892786532,2.4858494777566835
-0.07500000000000007,0.7000000000000001,0.025069265208916565,0.21696363990323586,0.7830363600967641,2.4858513820003054
-0.050000000000000044,0.7000000000000001,0.024913623887542487,0.21623747679811312,0.7837625232018869,2.4858532872859436
-0.025000000000000022,0.7000000000000001,0.024757855543624002,0.215510721054194,0.784489278945806,2.485855193613472
0.0,0.7000000000000001,0.02460196010175965,0.21478337231968503,0.785216627680315,2.485857100982765
0.025000000000000022,0.7000000000000001,0.024445937486546554,0.21405543024278473,0.7859445697572153,2.485859009393695
0.04999999999999993,0.7000000000000001,0.024289787622579922,0.21332689447168318,0.7866731055283168,2.485860918846135
0.07499999999999996,0.7000000000000001,0.024133510434453574,0.21259776465456337,0.7874022353454366,2.485862829339953
0.09999999999999998,0.7000000000000001,0.02397710584675945,0.2118680404396005,0.7881319595603995,2.485864740875022
0.125,0.7000000000000001,0.023820573784088136,0.211137721474963,0.788862278525037,2.4858666534512084
0.1499999999999999,0.7000000000000001,0.02366391417102874,0.21040680740881246,0.7895931925911875,2.48586856706838
0.17499999999999993,0.7000000000000001,0.023507126932169158,0.20967529788930406,0.7903247021106959,2.4858704817264035
0.19999999999999996,0.7000000000000001,0.023350211992095693,0.20894319256458715,0.7910568074354128,2.4858723974251435
0.22499999999999998,0.7000000000000001,0.023193169275393607,0.20821049108280498,0.791789508917195,2.4858743141644646
0.25,0.7000000000000001,0.02303599870664708,0.20747719309209567,0.7925228069079043,2.4858762319442294
0.2749999999999999,0.7000000000000001,0.022878700210438946,0.206743298240592,0.793256701759408,2.4858781507642993
0.29999999999999993,0.7000000000000001,0.02272127371135139,0.20600880617642237,0.7939911938235776,2.4858800706245363
0.32499999999999996,0.7000000000000001,0.02256371913396505,0.20527371654770987,0.7947262834522901,2.4858819915247996
0.35,0.7000000000000001,0.022406036402860256,0.20453802900257434,0.7954619709974257,2.485883913464948
0.3749999999999999,0.7000000000000001,0.022248225442616253,0.20380174318913125,0.7961982568108688,2.4858858364448375
0.3999999999999999,0.7000000000000001,0.022090286177811537,0.20306485875549285,0.7969351412445072,2.4858877604643266
0.42499999999999993,0.7000000000000001,0.021932218533023826,0.20232737534976775,0.7976726246502323,2.4858896855232695
0.44999999999999984,0.7000000000000001,0.021774022432830477,0.2015892926200622,0.7984107073799378,2.4858916116215197
0.475,0.7000000000000001,0.021615697801808165,0.2008506102144797,0.7991493897855203,2.485893538758932
0.4999999999999999,0.7000000000000001,0.021457244564533,0.20011132778112128,0.7998886722188787,2.4858954669353572
0.525,0.7000000000000001,0.021298662645580814,0.19937144496808645,0.8006285550319135,2.485897396150646
0.5499999999999999,0.7000000000000001,0.02113995196952693,0.1986309614234728,0.8013690385765272,2.4858993264046485
0.5749999999999998,0.7000000000000001,0.020981112460946704,0.19788987679537684,0.8021101232046232,2.4859012576972135
0.6,0.7000000000000001,0.020822144044414924,0.19714819073189416,0.8028518092681058,2.485903190028188
-0.6,0.7250000000000001,0.03003195172905911,0.23528600147874723,0.7647139985212528,2.4858749306527823
-0.575,0.7250000000000001,0.02987474003748486,0.23457780437818354,0.7654221956218165,2.4858768487670395
-0.5499999999999999,0.7250000000000001,0.029717400394200937,0.23386903088900068,0.7661309691109993,2.4858787679215575
-0.525,0.7250000000000001,0.0295599327237889,0.23315968067145854,0.7668403193285415,2.4858806881161977
-0.5,0.7250000000000001,0.029402336950829416,0.2324497533858133,0.7675502466141867,2.4858826093508193
-0.475,0.7250000000000001,0.02924461299990234,0.231739248692317,0.768260751307683,2.485884531625279
-0.44999999999999996,0.7250000000000001,0.029086760795586634,0.23102816625121791,0.7689718337487821,2.4858864549394353
-0.425,0.7250000000000001,0.02892878026246083,0.2303165057227613,0.7696834942772387,2.485888379293143
-0.4,0.7250000000000001,0.028770671325102165,0.22960426676718926,0.7703957332328107,2.485890304686259
-0.375,0.7250000000000001,0.028612433908088004,0.22889144904474124,0.7711085509552588,2.4858922311186356
-0.35,0.7250000000000001,0.02845406793599465,0.22817805221565446,0.7718219477843455,2.485894158590126
-0.325,0.7250000000000001,0.02829557333339832,0.22746407594016382,0.7725359240598362,2.4858960871005804
-0.3,0.7250000000000001,0.028136950024874503,0.22674951987850278,0.7732504801214972,2.485898016649852
-0.275,0.7250000000000001,0.027978197934998734,0.22603438369090312,0.7739656163090969,2.485899947237788
-0.25,0.7250000000000001,0.027819316988345895,0.2253186670375954,0.7746813329624046,2.485901878864237
-0.22500000000000003,0.7250000000000001,0.027660307109491005,0.22460236957880975,0.7753976304211903,2.485903811529048
-0.2,0.7250000000000001,0.027501168223008843,0.22388549097477561,0.7761145090252244,2.4859057452320648
-0.175,0.7250000000000001,0.027341900253474168,0.223168030885722,0.776831969114278,2.485907679973133
-0.15000000000000002,0.7250000000000001,0.027182503125461815,0.2224499889718784,0.7775500110281216,2.485909615752097
-0.125,0.7250000000000001,0.027022976763546508,0.22173136489347456,0.7782686351065254,2.4859115525687985
-0.10000000000000003,0.7250000000000001,0.026863321092303587,0.22101215831074106,0.7789878416892589,2.4859134904230804
-0.07500000000000007,0.7250000000000001,0.02670353603630788,0.22029236888390924,0.7797076311160908,2.4859154293147827
-0.050000000000000044,0.7250000000000001,0.026543621520135435,0.21957199627321233,0.7804280037267877,2.4859173692437437
-0.025000000000000022,0.7250000000000001,0.026383577468361962,0.2188510401388848,0.7811489598611152,2.4859193102098027
0.0,0.7250000000000001,0.026223403805563882,0.2181295001411634,0.7818704998588366,2.4859212522127976
0.025000000000000022,0.7250000000000001,0.02606310045631811,0.2174073759402868,0.7825926240597132,2.4859231952525636
0.04999999999999993,0.7250000000000001,0.025902667345202135,0.21668466719649682,0.7833153328035032,2.4859251393289346
0.07499999999999996,0.7250000000000001,0.025742104396794235,0.21596137357003786,0.7840386264299621,2.4859270844417467
0.09999999999999998,0.7250000000000001,0.02558141153567307,0.2152374947211576,0.7847625052788424,2.485929030590831
0.125,0.7250000000000001,0.025420588686418416,0.21451303031010738,0.7854869696898926,2.4859309777760186
0.1499999999999999,0.7250000000000001,0.02525963577361089,0.2137879799971426,0.7862120200028574,2.485932925997141
0.17499999999999993,0.7250000000000001,0.025098552721831684,0.21306234344252228,0.7869376565574777,2.485934875254028
0.19999999999999996,0.7250000000000001,0.024937339455663402,0.2123361203065106,0.7876638796934894,2.4859368255465073
0.22499999999999998,0.7250000000000001,0.024775995899689658,0.21160931024937613,0.7883906897506239,2.4859387768744057
0.25,0.7250000000000001,0.02461452197849501,0.2108819129313929,0.7891180870686071,2.485940729237549
0.2749999999999999,0.7250000000000001,0.02445291761666532,0.21015392801284016,0.7898460719871598,2.485942682635763
0.29999999999999993,0.7250000000000001,0.024291182738787824,0.20942535515400307,0.7905746448459969,2.4859446370688705
0.32499999999999996,0.7250000000000001,0.02412931726945106,0.2086961940151728,0.7913038059848272,2.4859465925366946
0.35,0.7250000000000001,0.023967321133244797,0.2079664442566469,0.7920335557433531,2.485948549039057
0.3749999999999999,0.7250000000000001,0.023805194254760752,0.20723610553872995,0.79276389446127,2.4859505065757777
0.3999999999999999,0.7250000000000001,0.02364293655859174,0.20650517752173314,0.7934948224782669,2.4859524651466756
0.42499999999999993,0.7250000000000001,0.023480547969332265,0.2057736598659753,0.7942263401340247,2.4859544247515695
0.44999999999999984,0.7250000000000001,0.02331802841157895,0.20504155223178266,0.7949584477682173,2.485956385390277
0.475,0.7250000000000001,0.023155377809929784,0.20430885427948997,0.79569114572051,2.485958347062612
0.4999999999999999,0.7250000000000001,0.022992596088984598,0.2035755656694399,0.7964244343305601,2.4859603097683913
0.525,0.7250000000000001,0.02282968317334555,0.20284168606198383,0.7971583139380162,2.4859622735074276
0.5499999999999999,0.7250000000000001,0.02266663898761624,0.20210721511748198,0.797892784882518,2.485964238279533
0.5749999999999998,0.7250000000000001,0.02250346345640272,0.20137215249630414,0.7986278475036959,2.4859662040845203
0.6,0.7250000000000001,0.02234015650431298,0.2006364978588293,0.7993635021411707,2.485968170922198
-0.6,0.75,0.03179571281925798,0.23845690285515886,0.7615430971448411,2.485937199643907
-0.575,0.75,0.0316343442708953,0.2377542109686287,0.7622457890313713,2.485939151170332
-0.5499999999999999,0.75,0.0314728453428505,0.23705095133363896,0.762949048666361,2.4859411037319696
-0.525,0.75,0.03131121595970977,0.23634712362179422,0.7636528763782058,2.4859430573286443
-0.5,0.75,0.031149456046060665,0.2356427275047046,0.7643572724952954,2.4859450119601774
-0.475,0.75,0.03098756552649167,0.2349377626539858,0.7650622373460142,2.485946967626393
-0.44999999999999996,0.75,0.030825544325593278,0.23423222874126037,0.7657677712587396,2.485948924327114
-0.425,0.75,0.030663392367957138,0.2335261254381571,0.7664738745618429,2.4859508820621574
-0.4,0.75,0.03050110957817646,0.23281945241631152,0.7671805475836885,2.485952840831344
-0.375,0.75,0.030338695880846367,0.23211220934736654,0.7678877906526335,2.4859548006344916
-0.35,0.75,0.030176151200563488,0.23140439590297268,0.7685956040970273,2.485956761471417
-0.325,0.75,0.030013475461926137,0.23069601175478782,0.7693039882452122,2.485958723341935
-0.3,0.75,0.029850668589534852,0.2299870565744785,0.7700129434255215,2.485960686245861
-0.275,0.75,0.029687730507991634,0.22927753003371898,0.770722469966281,2.4859626501830085
-0.25,0.75,0.02952466114190087,0.22856743180419292,0.7714325681958071,2.48596461515319
-0.22500000000000003,0.75,0.029361460415868946,0.2278567615575926,0.7721432384424074,2.485966581156215
-0.2,0.75,0.02919812825450428,0.22714551896561985,0.7728544810343801,2.485968548191895
-0.175,0.75,0.02903466458241764,0.22643370369998594,0.7735662963000141,2.4859705162600396
-0.15000000000000002,0.75,0.028871069324221753,0.22572131543241214,0.7742786845675879,2.4859724853604552
-0.125,0.75,0.028707342404532137,0.22500835383463014,0.7749916461653699,2.4859744554929497
-0.10000000000000003,0.75,0.028543483747966523,0.22429481857838185,0.7757051814216182,2.4859764266573268
-0.07500000000000007,0.75,0.028379493279145185,0.22358070933542062,0.7764192906645794,2.485978398853392
-0.050000000000000044,0.75,0.028215370922690754,0.22286602577751047,0.7771339742224895,2.4859803720809492
-0.025000000000000022,0.75,0.028051116603229048,0.22215076757642727,0.7778492324235727,2.485982346339799
0.0,0.75,0.02788673024538781,0.22143493440395823,0.7785650655960418,2.485984321629744
0.025000000000000022,0.75,0.02772221177379841,0.22071852593190344,0.7792814740680966,2.485986297950583
0.04999999999999993,0.75,0.02755756111309443,0.22000154183207465,0.7799984581679253,2.4859882753021156
0.07499999999999996,0.75,0.027392778187912782,0.21928398177629693,0.7807160182237031,2.4859902536841383
0.09999999999999998,0.75,0.027227862922892816,0.21856584543640778,0.7814341545635922,2.4859922330964483
0.125,0.75,0.027062815242677694,0.2178471324842589,0.7821528675157411,2.485994213538841
0.1499999999999999,0.75,0.02689763507191349,0.21712784259171514,0.7828721574082849,2.4859961950111105
0.17499999999999993,0.75,0.026732322335248932,0.21640797543065515,0.7835920245693448,2.4859981775130495
0.19999999999999996,0.75,0.026566876957336748,0.21568753067297242,0.7843124693270276,2.486000161044451
0.22499999999999998,0.75,0.02640129886283264,0.2149665079905747,0.7850334920094253,2.486002145605104
0.25,0.75,0.02623558797639604,0.2142449070553849,0.7857550929446151,2.4860041311948
0.2749999999999999,0.75,0.026069744222689463,0.21352272753934087,0.7864772724606591,2.486006117813327
0.29999999999999993,0.75,0.02590376752637924,0.21279996911439625,0.7872000308856038,2.486008105460471
0.32499999999999996,0.75,0.025737657812135446,0.21207663145252054,0.7879233685474795,2.4860100941360206
0.35,0.75,0.025571415004631698,0.21135271422569946,0.7886472857743005,2.4860120838397597
0.3749999999999999,0.75,0.02540503902854539,0.21062821710593493,0.7893717828940651,2.4860140745714725
0.3999999999999999,0.75,0.025238529808557942,0.209903139765246,0.790096860234754,2.486016066330941
0.42499999999999993,0.75,0.02507188726935451,0.20917748187566887,0.7908225181243311,2.4860180591179484
0.44999999999999984,0.75,0.024905111335624373,0.2084512431092569,0.7915487568907431,2.486020052932274
0.475,0.75,0.024738201932060905,0.20772442313808137,0.7922755768619186,2.486022047773698
0.4999999999999999,0.75,0.024571158983361596,0.20699702163423161,0.7930029783657684,2.4860240436419985
0.525,0.75,0.024403982414228188,0.20626903826981546,0.7937309617301845,2.4860260405369523
0.5499999999999999,0.75,0.02423667214936654,0.2055404727169593,0.7944595272830407,2.4860280384583358
0.5749999999999998,0.75,0.02406922811348704,0.2048113246478086,0.7951886753521914,2.486030037405923
0.6,0.75,0.023901650231304573,0.20408159373452806,0.795918406265472,2.48603203737949
-0.6,0.775,0.033599115499785934,0.24159028387145454,0.7584097161285455,2.4859984474025167
-0.575,0.775,0.03343365206415293,0.24089300317006945,0.7591069968299305,2.486000431074007
-0.5499999999999999,0.775,0.03326805590167446,0.24019516314349176,0.7598048368565082,2.4860024157747205
-0.525,0.775,0.033102326937009985,0.23949676347422932,0.7605032365257707,2.486004401504449
-0.5,0.775,0.03293646509482284,0.23879780384480487,0.7612021961551951,2.4860063882629784
-0.475,0.775,0.03277047029977982,0.23809828393775623,0.7619017160622438,2.4860083760500977
-0.44999999999999996,0.775,0.032604342476551376,0.23739820343563656,0.7626017965643634,2.4860103648655913
-0.425,0.775,0.03243808154981168,0.23669756202101477,0.7633024379789852,2.486012354709246
-0.4,0.775,0.032271687444238466,0.23599635937647556,0.7640036406235244,2.4860143455808443
-0.375,0.775,0.032105160084513994,0.23529459518462048,0.7647054048153795,2.4860163374801694
-0.35,0.775,0.03193849939532399,0.2345922691280674,0.7654077308719326,2.4860183304070027
-0.325,0.775,0.03177170530135798,0.23388938088945066,0.7661106191105493,2.4860203243611254
-0.3,0.775,0.031604777727310095,0.23318593015142264,0.7668140698485774,2.4860223193423154
-0.275,0.775,0.031437716597878314,0.23248191659665274,0.7675180834033473,2.486024315350352
-0.25,0.775,0.03127052183776492,0.23177733990782823,0.7682226600921718,2.486026312385012
-0.22500000000000003,0.775,0.031103193371676673,0.2310721997676547,0.7689278002323453,2.4860283104460703
-0.2,0.775,0.03093573112432424,0.23036649585885594,0.7696335041411441,2.486030309533303
-0.175,0.775,0.030768135020423228,0.22966022786417473,0.7703397721358253,2.486032309646483
-0.15000000000000002,0.775,0.030600404984693443,0.22895339546637272,0.7710466045336273,2.486034310785382
-0.125,0.775,0.03043254094185957,0.22824599834823123,0.7717540016517688,2.4860363129497727
-0.10000000000000003,0.775,0.03026454281665083,0.22753803619255086,0.7724619638074491,2.486038316139424
-0.07500000000000007,0.775,0.030096410533801028,0.22682950868215235,0.7731704913178477,2.4860403203541064
-0.050000000000000044,0.775,0.02992814401804917,0.22612041549987694,0.7738795845001231,2.4860423255935857
-0.025000000000000022,0.775,0.02975974319413859,0.22541075632858598,0.774589243671414,2.4860443318576304
0.0,0.775,0.029591207986817903,0.22470053085116215,0.7752994691488378,2.4860463391460055
0.025000000000000022,0.775,0.029422538320841095,0.22398973875050932,0.7760102612494907,2.4860483474584747
0.04999999999999993,0.775,0.02925373412096648,0.22327837970955233,0.7767216202904477,2.4860503567948022
0.07499999999999996,0.775,0.029084795311958282,0.2225664534112386,0.7774335465887614,2.48605236715475
0.09999999999999998,0.775,0.028915721818585677,0.22185395953853737,0.7781460404614626,2.486054378538079
0.125,0.775,0.028746513565622838,0.2211408977744399,0.7788591022255601,2.4860563909445488
0.1499999999999999,0.775,0.028577170477849932,0.22042726780196087,0.7795727321980391,2.4860584043739187
0.17499999999999993,0.775,0.028407692480052323,0.2197130693041376,0.7802869306958624,2.486060418825945
0.19999999999999996,0.775,0.028238079497020764,0.21899830196403092,0.7810016980359691,2.4860624343003854
0.22499999999999998,0.775,0.028068331453551927,0.21828296546472536,0.7817170345352746,2.4860644507969942
0.25,0.775,0.027898448274447946,0.2175670594893292,0.7824329405106708,2.4860664683155265
0.2749999999999999,0.775,0.02772842988451671,0.2168505837209752,0.7831494162790248,2.4860684868557343
0.29999999999999993,0.775,0.027558276208572235,0.21613353784282086,0.7838664621571791,2.486070506417369
0.32499999999999996,0.775,0.02738798717143402,0.21541592153804823,0.7845840784619518,2.4860725270001836
0.35,0.775,0.027217562697928084,0.21469773448986496,0.785302265510135,2.4860745486039253
0.3749999999999999,0.775,0.027047002712885883,0.21397897638150387,0.7860210236184961,2.4860765712283426
0.3999999999999999,0.775,0.02687630714114551,0.2132596468962239,0.7867403531037761,2.4860785948731845
0.42499999999999993,0.775,0.02670547590755083,0.21253974571730982,0.7874602542826902,2.4860806195381957
0.44999999999999984,0.775,0.02653450893695259,0.21181927252807342,0.7881807274719266,2.4860826452231204
0.475,0.775,0.02636340615420734,0.21109822701185266,0.7889017729881473,2.486084671927703
0.4999999999999999,0.775,0.026192167484178148,0.21037660885201304,0.789623391147987,2.4860866996516875
0.525,0.775,0.02602079285173483,0.20965441773194704,0.790345582268053,2.4860887283948125
0.5499999999999999,0.775,0.02584928218175369,0.20893165333507524,0.7910683466649248,2.4860907581568212
0.5749999999999998,0.775,0.025677635399117223,0.20820831534484585,0.7917916846551541,2.4860927889374516
0.6,0.775,0.02550585242871557,0.20748440344473584,0.7925155965552642,2.4860948207364406
-0.6,0.8,0.035441486211937476,0.2446869123141422,0.7553130876858578,2.486058701399761
-0.575,0.8,0.03527198831132976,0.24399495126781345,0.7560050487321865,2.486060716002588
-0.5499999999999999,0.8,0.035102355414396866,0.24330243911024318,0.7566975608897568,2.4860627316277926
-0.525,0.8,0.03493258744593615,0.24260937553442297,0.757390624465577,2.4860647482751297
-0.5,0.8,0.03476268433075051,0.24191576023336747,0.7580842397666325,2.4860667659443534
-0.475,0.8,0.034592645993649196,0.24122159290011524,0.7587784070998848,2.4860687846352163
-0.44999999999999996,0.8,0.03442247235944637,0.24052687322772826,0.7594731267722717,2.4860708043474697
-0.425,0.8,0.03425216335296311,0.239831600909293,0.760168399090707,2.4860728250808655
-0.4,0.8,0.03408171889902577,0.23913577563792043,0.7608642243620796,2.4860748468351517
-0.375,0.8,0.033911138922466944,0.2384393971067459,0.7615606028932541,2.4860768696100766
-0.35,0.8,0.033740423348125596,0.23774246500893037,0.7622575349910696,2.486078893405388
-0.325,0.8,0.033569572100846684,0.23704497903765986,0.7629550209623401,2.486080918220831
-0.3,0.8,0.03339858510548149,0.2363469388861461,0.7636530611138539,2.4860829440561507
-0.275,0.8,0.03322746228688785,0.23564834424762682,0.7643516557523732,2.486084970911091
-0.25,0.8,0.03305620356992971,0.23494919481536614,0.7650508051846339,2.486086998785393
-0.22500000000000003,0.8,0.03288480887947781,0.23424949028265463,0.7657505097173454,2.4860890276787995
-0.2,0.8,0.032713278140409356,0.23354923034280983,0.7664507696571902,2.4860910575910498
-0.175,0.8,0.032541611277608164,0.23284841468917628,0.7671515853108237,2.4860930885218835
-0.15000000000000002,0.8,0.032369808215964795,0.23214704301512623,0.7678529569848738,2.4860951204710373
-0.125,0.8,0.032197868880376776,0.23144511501405962,0.7685548849859404,2.486097153438249
-0.10000000000000003,0.8,0.032025793195748414,0.23074263037940468,0.7692573696205953,2.486099187423253
-0.07500000000000007,0.8,0.03185358108699087,0.2300395888046176,0.7699604111953824,2.4861012224257855
-0.050000000000000044,0.8,0.03168123247902251,0.22933598998318372,0.7706640100168163,2.4861032584455782
-0.025000000000000022,0.8,0.031508747296768586,0.22863183360861705,0.771368166391383,2.4861052954823624
0.0,0.8,0.031336125465161964,0.2279271193744612,0.7720728806255388,2.486107333535871
0.025000000000000022,0.8,0.031163366909142055,0.22722184697428915,0.7727781530257108,2.4861093726058323
0.04999999999999993,0.8,0.03099047155365634,0.2265160161017038,0.7734839838982962,2.4861114126919754
0.07499999999999996,0.8,0.030817439323659192,0.22580962645033853,0.7741903735496615,2.486113453794028
0.09999999999999998,0.8,0.03064427014411269,0.22510267771385695,0.774897322286143,2.486115495911715
0.125,0.8,0.030470963939986266,0.2243951695859534,0.7756048304140466,2.486117539044764
0.1499999999999999,0.8,0.030297520636257284,0.2236871017603539,0.7763128982396461,2.4861195831928966
0.17499999999999993,0.8,0.0301239401579107,0.22297847393081538,0.7770215260691846,2.4861216283558365
0.19999999999999996,0.8,0.0299502224299391,0.2222692857911267,0.7777307142088733,2.4861236745333057
0.22499999999999998,0.8,0.029776367377342943,0.22155953703510867,0.7784404629648913,2.486125721725023
0.25,0.8,0.029602374925130726,0.2208492273566146,0.7791507726433854,2.4861277699307105
0.2749999999999999,0.8,0.029428244998318948,0.2201383564495304,0.7798616435504696,2.4861298191500834
0.29999999999999993,0.8,0.029253977521931866,0.21942692400777464,0.7805730759922254,2.486131869382861
0.32499999999999996,0.8,0.02907957242100249,0.21871492972529982,0.7812850702747002,2.4861339206287583
0.35,0.8,0.028905029620571447,0.21800237329609118,0.7819976267039088,2.48613597288749
0.3749999999999999,0.8,0.028730349045688063,0.21728925441416846,0.7827107455858315,2.486138026158769
0.3999999999999999,0.8,0.02855553062140987,0.21657557277358552,0.7834244272264145,2.486140080442308
0.42499999999999993,0.8,0.028380574272802918,0.2158613280684304,0.7841386719315696,2.4861421357378197
0.44999999999999984,0.8,0.028205479924941573,0.21514651999282608,0.7848534800071739,2.4861441920450122
0.475,0.8,0.02803024750290916,0.2144311482409308,0.7855688517590692,2.4861462493635953
0.4999999999999999,0.8,0.0278548769317973,0.2137152125069378,0.7862847874930622,2.4861483076932758
0.525,0.8,0.02767936813670662,0.2129987124850765,0.7870012875149235,2.4861503670337606
0.5499999999999999,0.8,0.027503721042746378,0.212281647869612,0.787718352130388,2.4861524273847566
0.5749999999999998,0.8,0.027327935575034934,0.21156401835484595,0.788435981645154,2.486154488745966
0.6,0.8,0.0271520116586996,0.2108458236351165,0.7891541763648835,2.486156551117093
-0.6,0.8250000000000001,0.03732216920342386,0.2477475333950857,0.7522524666049143,2.4861179880896094
-0.575,0.8250000000000001,0.037148695766680215,0.2470608028824849,0.7529391971175151,2.4861200324607355
-0.5499999999999999,0.8250000000000001,0.0369750851388379,0.24637352927051814,0.7536264707294819,2.4861220778466073
-0.525,0.8250000000000001,0.036801337244891326,0.2456857122622601,0.7543142877377399,2.4861241242469467
-0.5,0.8250000000000001,0.03662745200984274,0.2449973515608167,0.7550026484391833,2.486126171661474
-0.475,0.8250000000000001,0.03645342935870229,0.2443084468693253,0.7556915531306747,2.4861282200899084
-0.44999999999999996,0.8250000000000001,0.03627926921648823,0.24361899789095498,0.756381002109045,2.4861302695319667
-0.425,0.8250000000000001,0.03610497150822691,0.24292900432890674,0.7570709956710933,2.4861323199873673
-0.4,0.8250000000000001,0.035930536158952545,0.24223846588641396,0.757761534113586,2.4861343714558246
-0.375,0.8250000000000001,0.035755963093708105,0.24154738226674266,0.7584526177332573,2.4861364239370536
-0.35,0.8250000000000001,0.03558125223754455,0.24085575317319186,0.7591442468268081,2.486138477430767
-0.325,0.8250000000000001,0.03540640351552119,0.24016357830909374,0.7598364216909063,2.486140531936677
-0.3,0.8250000000000001,0.035231416852705984,0.2394708573778137,0.7605291426221863,2.486142587454496
-0.275,0.8250000000000001,0.03505629217417534,0.23877759008275157,0.7612224099172484,2.486144643983932
-0.25,0.8250000000000001,0.034881029405014294,0.23808377612734055,0.7619162238726594,2.486146701524694
-0.22500000000000003,0.8250000000000001,0.03470562847031641,0.23738941521504864,0.7626105847849514,2.48614876007649
-0.2,0.8250000000000001,0.03453008929518421,0.23669450704937856,0.7633054929506214,2.486150819639026
-0.175,0.8250000000000001,0.034354411804729215,0.235999051333868,0.764000948666132,2.4861528802120065
-0.15000000000000002,0.8250000000000001,0.03417859592407133,0.23530304777208966,0.7646969522279103,2.486154941795137
-0.125,0.8250000000000001,0.0340026415783401,0.23460649606765238,0.7653935039323476,2.4861570043881187
-0.10000000000000003,0.8250000000000001,0.03382654869267353,0.23390939592420024,0.7660906040757998,2.4861590679906542
-0.07500000000000007,0.8250000000000001,0.033650317192219385,0.23321174704541414,0.7667882529545859,2.486161132602444
-0.050000000000000044,0.8250000000000001,0.03347394700213379,0.23251354913501077,0.7674864508649892,2.486163198223187
-0.025000000000000022,0.8250000000000001,0.03329743804758312,0.2318148018967442,0.7681851981032558,2.4861652648525814
0.0,0.8250000000000001,0.03312079025374258,0.23111550503440548,0.7688844949655945,2.486167332490325
0.025000000000000022,0.8250000000000001,0.032944003545796734,0.23041565825182264,0.7695843417481774,2.486169401136113
0.04999999999999993,0.8250000000000001,0.03276707784894003,0.2297152612528618,0.7702847387471382,2.4861714707896394
0.07499999999999996,0.8250000000000001,0.032590013088376155,0.2290143137414269,0.7709856862585731,2.4861735414505985
0.09999999999999998,0.8250000000000001,0.03241280918931894,0.2283128154214603,0.7716871845785397,2.4861756131186827
0.125,0.8250000000000001,0.03223546607699136,0.22761076599694274,0.7723892340030573,2.4861776857935833
0.1499999999999999,0.8250000000000001,0.032057983676626475,0.22690816517189383,0.7730918348281062,2.48617975947499
0.17499999999999993,0.8250000000000001,0.031880361913467464,0.22620501265037252,0.7737949873496275,2.4861818341625916
0.19999999999999996,0.8250000000000001,0.031702600712767155,0.22550130813647717,0.7744986918635228,2.486183909856076
0.22499999999999998,0.8250000000000001,0.031524699999788616,0.2247970513343458,0.7752029486656542,2.486185986555129
0.25,0.8250000000000001,0.03134665969980492,0.2240922419481567,0.7759077580518433,2.486188064259437
0.2749999999999999,0.8250000000000001,0.031168479738099452,0.22338687968212845,0.7766131203178716,2.486190142968684
0.29999999999999993,0.8250000000000001,0.030990160039965724,0.2226809642405203,0.7773190357594797,2.486192222682553
0.32499999999999996,0.8250000000000001,0.030811700530707826,0.22197449532763247,0.7780255046723675,2.486194303400726
0.35,0.8250000000000001,0.030633101135639978,0.22126747264780644,0.7787325273521936,2.4861963851228825
0.3749999999999999,0.8250000000000001,0.030454361780087258,0.22055989590542535,0.7794401040945746,2.486198467848703
0.3999999999999999,0.8250000000000001,0.030275482389384805,0.21985176480491408,0.7801482351950859,2.4862005515778662
0.42499999999999993,0.8250000000000001,0.03009646288887906,0.21914307905073982,0.7808569209492602,2.486202636310049
0.44999999999999984,0.8250000000000001,0.029917303203926677,0.21843383834741215,0.7815661616525879,2.486204722044927
0.475,0.8250000000000001,0.029738003259895413,0.21772404239948362,0.7822759576005164,2.486206808782175
0.4999999999999999,0.8250000000000001,0.02955856298216389,0.21701369091154965,0.7829863090884503,2.486208896521468
0.525,0.8250000000000001,0.029378982296121438,0.21630278358824917,0.7836972164117508,2.486210985262477
0.5499999999999999,0.8250000000000001,0.02919926112716853,0.21559132013426463,0.7844086798657354,2.4862130750048745
0.5749999999999998,0.8250000000000001,0.029019399400717006,0.21487930025432278,0.7851206997456772,2.48621516574833
0.6,0.8250000000000001,0.02883939704218965,0.21416672365319434,0.7858332763468057,2.486217257492512
-0.6,0.8500000000000001,0.03924052589008888,0.2507728706188408,0.7492271293811592,2.486176332956538
-0.575,0.8500000000000001,0.039063134403975755,0.2500912838414481,0.7499087161585519,2.4861784059810876
-0.5499999999999999,0.8500000000000001,0.03888560360385716,0.2494091617814096,0.7505908382185904,2.486180480012035
-0.525,0.8500000000000001,0.038707933414979565,0.24872650415150155,0.7512734958484985,2.4861825550490697
-0.5,0.8500000000000001,0.03853012376259923,0.24804331066453866,0.7519566893354613,2.486184631091878
-0.475,0.8500000000000001,0.038352174571982825,0.2473595810333743,0.7526404189666257,2.486186708140146
-0.44999999999999996,0.8500000000000001,0.03817408576840715,0.246675314970901,0.753324685029099,2.48618878619356
-0.425,0.8500000000000001,0.03799585727715873,0.2459905121900503,0.7540094878099497,2.4861908652518023
-0.4,0.8500000000000001,0.03781748902353519,0.2453051724037938,0.7546948275962062,2.486192945314556
-0.375,0.8500000000000001,0.03763898093284358,0.24461929532514226,0.7553807046748577,2.4861950263815022
-0.35,0.8500000000000001,0.03746033293040239,0.24393288066714736,0.7560671193328526,2.4861971084523224
-0.325,0.8500000000000001,0.03728154494154,0.2432459281429008,0.7567540718570992,2.486199191526695
-0.3,0.8500000000000001,0.03710261689159543,0.24255843746553496,0.757441562534465,2.486201275604297
-0.275,0.8500000000000001,0.03692354870591875,0.2418704083482236,0.7581295916517764,2.486203360684807
-0.25,0.8500000000000001,0.036744340309870296,0.24118184050418146,0.7588181594958185,2.4862054467678996
-0.22500000000000003,0.8500000000000001,0.036564991628821715,0.24049273364666524,0.7595072663533348,2.4862075338532486
-0.2,0.8500000000000001,0.03638550258815523,0.2398030874889734,0.7601969125110266,2.4862096219405294
-0.175,0.8500000000000001,0.03620587311326416,0.23911290174444644,0.7608870982555536,2.4862117110294117
-0.15000000000000002,0.8500000000000001,0.036026103129553,0.23842217612646777,0.7615778238735322,2.486213801119568
-0.125,0.8500000000000001,0.03584619256243705,0.23773091034846316,0.7622690896515368,2.486215892210667
-0.10000000000000003,0.8500000000000001,0.03566614133734336,0.23703910412390194,0.762960895876098,2.4862179843023786
-0.07500000000000007,0.8500000000000001,0.035485949379709725,0.23634675716629638,0.7636532428337036,2.4862200773943703
-0.050000000000000044,0.8500000000000001,0.03530561661498577,0.23565386918920272,0.7643461308107973,2.486222171486307
-0.025000000000000022,0.8500000000000001,0.035125142968632075,0.23496043990622095,0.765039560093779,2.4862242665778544
0.0,0.8500000000000001,0.03494452836612117,0.23426646903099568,0.7657335309690043,2.4862263626686776
0.025000000000000022,0.8500000000000001,0.03476377273293703,0.2335719562772156,0.7664280437227844,2.486228459758437
0.04999999999999993,0.8500000000000001,0.03458287599457522,0.23287690135861472,0.7671230986413853,2.4862305578467967
0.07499999999999996,0.8500000000000001,0.03440183807654319,0.23218130398897185,0.7678186960110281,2.486232656933416
0.09999999999999998,0.8500000000000001,0.0342206589043602,0.2314851638821115,0.7685148361178885,2.4862347570179537
0.125,0.8500000000000001,0.03403933840355722,0.23078848075190372,0.7692115192480963,2.4862368581000687
0.1499999999999999,0.8500000000000001,0.03385787649967743,0.23009125431226463,0.7699087456877354,2.486238960179418
0.17499999999999993,0.8500000000000001,0.033676273118276076,0.2293934842771569,0.7706065157228431,2.4862410632556564
0.19999999999999996,0.8500000000000001,0.03349452818492028,0.2286951703605895,0.7713048296394105,2.4862431673284404
0.22499999999999998,0.8500000000000001,0.03331264162518975,0.22799631227661854,0.7720036877233815,2.4862452723974213
0.25,0.8500000000000001,0.03313061336467625,0.22729690973934735,0.7727030902606526,2.4862473784622527
0.2749999999999999,0.8500000000000001,0.03294844332898383,0.2265969624629266,0.7734030375370734,2.4862494855225847
0.29999999999999993,0.8500000000000001,0.03276613144372908,0.22589647016155479,0.7741035298384452,2.4862515935780687
0.32499999999999996,0.8500000000000001,0.03258367763454114,0.2251954325494786,0.7748045674505214,2.486253702628352
0.35,0.8500000000000001,0.032401081827061806,0.22449384934099326,0.7755061506590067,2.486255812673083
0.3749999999999999,0.8500000000000001,0.032218343946945525,0.22379172025044236,0.7762082797495576,2.4862579237119085
0.3999999999999999,0.8500000000000001,0.03203546391985916,0.2230890449922187,0.7769109550077813,2.486260035744473
0.42499999999999993,0.8500000000000001,0.03185244167148301,0.22238582328076428,0.7776141767192357,2.4862621487704195
0.44999999999999984,0.8500000000000001,0.031669277127509596,0.22168205483057069,0.7783179451694293,2.486264262789393
0.475,0.8500000000000001,0.03148597021364509,0.22097773935617937,0.7790222606438206,2.4862663778010345
0.4999999999999999,0.8500000000000001,0.031302520855608126,0.22027287657218197,0.779727123427818,2.486268493804985
0.525,0.8500000000000001,0.031118928979130923,0.21956746619322076,0.7804325338067792,2.486270610800882
0.5499999999999999,0.8500000000000001,0.03093519450995876,0.2188615079339884,0.7811384920660116,2.4862727287883657
0.5749999999999998,0.8500000000000001,0.03075131737384996,0.21815500150922895,0.781844998490771,2.486274847767073
0.6,0.8500000000000001,0.03056729749657665,0.21744794663373757,0.7825520533662624,2.4862769677366394
-0.6,0.875,0.04119593424644103,0.2537636266088664,0.7462363733911336,2.486233760560519
-0.575,0.875,0.04101468080478141,0.2530870990088806,0.7469129009911194,2.486235861169401
-0.5499999999999999,0.875,0.04083328599536763,0.252410043754432,0.747589956245568,2.4862379627756797
-0.525,0.875,0.04065174974374929,0.2517324605676343,0.7482675394323657,2.486240065379012
-0.5,0.875,0.04047007197548803,0.2510543491706465,0.7489456508293535,2.486242168979053
-0.475,0.875,0.04028825261615724,0.25037570928567243,0.7496242907143276,2.486244273575456
-0.44999999999999996,0.875,0.0401062915913429,0.24969654063496205,0.750303459365038,2.486246379167874
-0.425,0.875,0.03992418882664349,0.2490168429408115,0.7509831570591885,2.4862484857559592
-0.4,0.875,0.039741944247669705,0.24833661592556322,0.7516633840744368,2.4862505933393617
-0.375,0.875,0.03955955778004444,0.2476558593116055,0.7523441406883945,2.486252701917731
-0.35,0.875,0.039377029349403764,0.24697457282137458,0.7530254271786254,2.486254811490715
-0.325,0.875,0.03919435888139576,0.24629275617735302,0.753707243822647,2.486256922057961
-0.3,0.875,0.03901154630168178,0.24561040910207133,0.7543895908979287,2.486259033619114
-0.275,0.875,0.03882859153593546,0.2449275313181074,0.7550724686818926,2.4862611461738204
-0.25,0.875,0.03864549450984357,0.24424412254808747,0.7557558774519125,2.4862632597217216
-0.22500000000000003,0.875,0.0384622551491058,0.24356018251468592,0.7564398174853141,2.4862653742624605
-0.2,0.875,0.03827887337943507,0.24287571094062577,0.7571242890593742,2.48626748979568
-0.175,0.875,0.0380953491265568,0.24219070754867889,0.7578092924513211,2.4862696063210175
-0.15000000000000002,0.875,0.037911682316210255,0.24150517206166633,0.7584948279383337,2.486271723838113
-0.125,0.875,0.03772787287414751,0.24081910420245867,0.7591808957975413,2.4862738423466038
-0.10000000000000003,0.875,0.03754392072613419,0.2401325036939762,0.7598674963060238,2.486275961846127
-0.07500000000000007,0.875,0.03735982579794932,0.23944537025918922,0.7605546297408108,2.4862780823363173
-0.050000000000000044,0.875,0.037175588015385126,0.23875770362111837,0.7612422963788816,2.4862802038168095
-0.025000000000000022,0.875,0.03699120730424792,0.23806950350283507,0.7619304964971649,2.486282326287235
0.0,0.875,0.03680668359035699,0.23738076962746135,0.7626192303725386,2.486284449747227
0.025000000000000022,0.875,0.036622016799545985,0.23669150171817066,0.7633084982818293,2.4862865741964155
0.04999999999999993,0.875,0.036437206857662,0.23600169949818794,0.763998300501812,2.48628869963443
0.07499999999999996,0.875,0.03625225369056597,0.23531136269078967,0.7646886373092103,2.4862908260608987
0.09999999999999998,0.875,0.036067157224133076,0.2346204910193047,0.7653795089806953,2.486292953475449
0.125,0.875,0.03588191738425202,0.233929084207114,0.766070915792886,2.4862950818777065
0.1499999999999999,0.875,0.03569653409682613,0.23323714197765133,0.7667628580223487,2.486297211267296
0.17499999999999993,0.875,0.035511007287772525,0.23254466405440322,0.7674553359455968,2.4862993416438415
0.19999999999999996,0.875,0.03532533688302301,0.23185165016090958,0.7681483498390904,2.486301473006965
0.22499999999999998,0.875,0.03513952280852322,0.23115810002076376,0.7688418999792362,2.4863036053562872
0.25,0.875,0.03495356499023361,0.23046401335761302,0.769535986642387,2.486305738691429
0.2749999999999999,0.875,0.034767463354128725,0.22976938989515827,0.7702306101048417,2.4863078730120094
0.29999999999999993,0.875,0.0345812178261982,0.2290742293571555,0.7709257706428445,2.4863100083176453
0.32499999999999996,0.875,0.03439482833244585,0.22837853146741482,0.7716214685325852,2.486312144607953
0.35,0.875,0.034208294798890634,0.22768229594980172,0.7723177040501983,2.4863142818825494
0.3749999999999999,0.875,0.03402161715156586,0.22698552252823634,0.7730144774717637,2.4863164201410477
0.3999999999999999,0.875,0.033834795316519874,0.22628821092669482,0.7737117890733052,2.486318559383061
0.42499999999999993,0.875,0.03364782921981638,0.22559036086920925,0.7744096391307908,2.486320699608201
0.44999999999999984,0.875,0.033460718787533324,0.22489197207986733,0.7751080279201327,2.4863228408160793
0.475,0.875,0.033273463945764636,0.2241930442828136,0.7758069557171864,2.4863249830063046
0.4999999999999999,0.875,0.03308606462061863,0.22349357720224905,0.776506422797751,2.486327126178485
0.525,0.875,0.032898520738219604,0.222793570562432,0.777206429437568,2.4863292703322277
0.5499999999999999,0.875,0.032710832224706846,0.22209302408767762,0.7779069759123224,2.4863314154671396
0.5749999999999998,0.875,0.03252299900623491,0.22139193750235886,0.7786080624976411,2.4863335615828253
0.6,0.875,0.03233502100897431,0.2206903105309067,0.7793096894690933,2.486335708678888
-0.6,0.9,0.04318778822343871,0.2567204838949252,0.7432795161050748,2.4862902945794962
-0.575,0.9,0.04300272757410662,0.2560489330768284,0.7439510669231716,2.486292421747162
-0.5499999999999999,0.9,0.04281752356984534,0.2553768620502471,0.7446231379497529,2.486294549902629
-0.525,0.9,0.0426321761365545,0.2547042705462843,0.7452957294537157,2.4862966790455223
-0.5,0.9,0.0424466852001477,0.2540311582960948,0.7459688417039052,2.4862988091754654
-0.475,0.9,0.042261050686553094,0.25335752503088493,0.7466424749691151,2.4863009402920806
-0.44999999999999996,0.9,0.04207527252171283,0.252683370481913,0.747316629518087,2.4863030723949895
-0.425,0.9,0.041889350631583756,0.25200869438048945,0.7479913056195105,2.4863052054838133
-0.4,0.9,0.041703284942136896,0.2513334964579774,0.7486665035420226,2.48630733955817
-0.375,0.9,0.04151707537935791,0.25065777644579257,0.7493422235542074,2.486309474617679
-0.35,0.9,0.04133072186924735,0.24998153407540413,0.7500184659245959,2.486311610661956
-0.325,0.9,0.04114422433782004,0.2493047690783342,0.7506952309216658,2.486313747690617
-0.3,0.9,0.040957582711105986,0.24862748118615863,0.7513725188138414,2.4863158857032768
-0.275,0.9,0.04077079691514962,0.2479496701305074,0.7520503298694926,2.486318024699549
-0.25,0.9,0.04058386687601069,0.24727133564306436,0.7527286643569356,2.4863201646790443
-0.22500000000000003,0.9,0.040396792519764024,0.24659247745556845,0.7534075225444316,2.4863223056413744
-0.2,0.9,0.04020957377249906,0.24591309529981265,0.7540869047001874,2.48632444758615
-0.175,0.9,0.0400222105603208,0.24523318890764545,0.7547668110923546,2.4863265905129794
-0.15000000000000002,0.9,0.039834702809349476,0.24455275801097054,0.7554472419890295,2.4863287344214697
-0.125,0.9,0.039647050445720436,0.2438718023417472,0.7561281976582528,2.486330879311226
-0.10000000000000003,0.9,0.039459253395584606,0.24319032163199084,0.7568096783680092,2.4863330251818567
-0.07500000000000007,0.9,0.03927131158510845,0.24250831561377273,0.7574916843862273,2.4863351720329625
-0.050000000000000044,0.9,0.03908322494047399,0.24182578401922095,0.758174215980779,2.486337319864147
-0.025000000000000022,0.9,0.0388949933878783,0.24114272658051983,0.7588572734194802,2.486339468675013
0.0,0.9,0.03870661685353517,0.24045914302991123,0.7595408569700888,2.4863416184651603
0.025000000000000022,0.9,0.038518095263673405,0.23977503309969417,0.7602249669003058,2.4863437692341885
0.04999999999999993,0.9,0.03832942854453825,0.2390903965222254,0.7609096034777746,2.486345920981695
0.07499999999999996,0.9,0.03814061662239033,0.23840523302991912,0.7615947669700809,2.4863480737072767
0.09999999999999998,0.9,0.03795165942350668,0.23771954235524806,0.7622804576447519,2.48635022741053
0.125,0.9,0.03776255687418022,0.23703332423074341,0.7629666757692566,2.486352382091049
0.1499999999999999,0.9,0.037573308900720456,0.23634657838899498,0.763653421611005,2.4863545377484275
0.17499999999999993,0.9,0.03738391542945258,0.2356593045626516,0.7643406954373484,2.486356694382258
0.19999999999999996,0.9,0.0371943763867187,0.23497150248442156,0.7650284975155784,2.4863588519921307
0.22499999999999998,0.9,0.0370046916988769,0.23428317188707248,0.7657168281129275,2.4863610105776357
0.25,0.9,0.03681486129230196,0.233594312503432,0.766405687496568,2.4863631701383633
0.2749999999999999,0.9,0.03662488509338528,0.23290492406638796,0.767095075933612,2.4863653306738995
0.29999999999999993,0.9,0.03643476302853478,0.2322150063088887,0.7677849936911113,2.486367492183831
0.32499999999999996,0.9,0.03624449502417529,0.23152455896394286,0.7684754410360571,2.4863696546677425
0.35,0.9,0.03605408100674809,0.23083358176462054,0.7691664182353795,2.486371818125219
0.3749999999999999,0.9,0.0358635209027119,0.2301420744440531,0.7698579255559469,2.486373982555843
0.3999999999999999,0.9,0.03567281463854185,0.22945003673543307,0.7705499632645669,2.486376147959197
0.42499999999999993,0.9,0.03548196214073055,0.2287574683720155,0.7712425316279845,2.48637831433486
0.44999999999999984,0.9,0.035290963335787615,0.22806436908711702,0.771935630912883,2.486380481682413
0.475,0.9,0.035099818150239735,0.22737073861411694,0.7726292613858831,2.4863826500014334
0.4999999999999999,0.9,0.03490852651063096,0.22667657668645713,0.7733234233135429,2.4863848192914983
0.525,0.9,0.03471708834352273,0.22598188303764266,0.7740181169623573,2.4863869895521837
0.5499999999999999,0.9,0.03452550357549376,0.22528665740124176,0.7747133425987582,2.4863891607830646
0.5749999999999998,0.9,0.03433377213314055,0.2245908995108863,0.7754091004891137,2.4863913329837133
0.6,0.9,0.03414189394307714,0.22389460910027192,0.7761053908997281,2.4863935061537044
-0.6,0.925,0.04521549719206121,0.2596441056638422,0.7403558943361578,2.4863459578495055
-0.575,0.925,0.04502668278195316,0.2589774513194235,0.7410225486805765,2.486348110591838
-0.5499999999999999,0.925,0.04483772309384661,0.2583102840363538,0.7416897159636462,2.486350264311835
-0.525,0.925,0.044648618054035125,0.25764260355439395,0.742357396445606,2.4863524190090915
-0.5,0.925,0.04445936758882787,0.25697440961336215,0.7430255903866378,2.4863545746832
-0.475,0.925,0.04426997162455078,0.25630570195313385,0.7436942980468662,2.486356731333754
-0.44999999999999996,0.925,0.044080430087545905,0.2556364803136424,0.7443635196863576,2.4863588889603423
-0.425,0.925,0.04389074290417184,0.2549667444348791,0.7450332555651209,2.4863610475625566
-0.4,0.925,0.04370091000080356,0.25429649405689325,0.7457035059431067,2.4863632071399855
-0.375,0.925,0.043510931303832795,0.25362572891979307,0.7463742710802069,2.486365367692216
-0.35,0.925,0.04332080673966771,0.2529544487637454,0.7470455512362546,2.4863675292188354
-0.325,0.925,0.04313053623473332,0.25228265332897604,0.747717346671024,2.486369691719428
-0.3,0.925,0.04294011971547149,0.2516103423557704,0.7483896576442296,2.4863718551935783
-0.275,0.925,0.042749557108341094,0.2509375155844735,0.7490624844155265,2.4863740196408686
-0.25,0.925,0.04255884833981742,0.25026417275548996,0.74973582724451,2.4863761850608808
-0.22500000000000003,0.925,0.04236799333639353,0.24959031360928496,0.750409686390715,2.486378351453197
-0.2,0.925,0.04217699202457923,0.2489159378863841,0.7510840621136159,2.4863805188173944
-0.175,0.925,0.041985844330901495,0.24824104532737346,0.7517589546726265,2.486382687153052
-0.15000000000000002,0.925,0.04179455018190478,0.24756563567290057,0.7524343643270994,2.4863848564597473
-0.125,0.925,0.04160310950415062,0.24688970866367377,0.7531102913363262,2.486387026737056
-0.10000000000000003,0.925,0.0414115222242184,0.2462132640404634,0.7537867359595366,2.4863891979845514
-0.07500000000000007,0.925,0.041219788268704635,0.24553630154410144,0.7544636984558986,2.4863913702018094
-0.050000000000000044,0.925,0.041027907564223684,0.24485882091548206,0.7551411790845179,2.4863935433884006
-0.025000000000000022,0.925,0.04083588003740743,0.2441808218955619,0.7558191781044381,2.4863957175438975
0.0,0.925,0.040643705614905476,0.24350230422536,0.75649769577464,2.4863978926678687
0.025000000000000022,0.925,0.0404513842233856,0.24282326764595885,0.7571767323540411,2.4864000687598846
0.04999999999999993,0.925,0.04025891578953316,0.2421437118985038,0.7578562881014962,2.486402245819512
0.07499999999999996,0.925,0.0400663002400515,0.2414636367242038,0.7585363632757962,2.4864044238463165
0.09999999999999998,0.925,0.039873537501662115,0.24078304186433175,0.7592169581356683,2.4864066028398657
0.125,0.925,0.039680627501104807,0.24010192706022448,0.7598980729397755,2.486408782799722
0.1499999999999999,0.925,0.039487570165137355,0.23942029205328308,0.7605797079467169,2.4864109637254486
0.17499999999999993,0.925,0.039294365420535944,0.23873813658497356,0.7612618634150264,2.486413145616608
0.19999999999999996,0.925,0.039101013194095195,0.23805546039682657,0.7619445396031734,2.486415328472761
0.22499999999999998,0.925,0.038907513412628124,0.23737226323043825,0.7626277367695617,2.486417512293466
0.25,0.925,0.03871386600296635,0.2366885448274697,0.7633114551725303,2.4864196970782824
0.2749999999999999,0.925,0.038520070891959995,0.2360043049296484,0.7639956950703516,2.486421882826768
0.29999999999999993,0.925,0.0383261280064778,0.23531954327876725,0.7646804567212327,2.486424069538477
0.32499999999999996,0.925,0.03813203727340798,0.23463425961668605,0.765365740383314,2.4864262572129654
0.35,0.925,0.03793779861965636,0.23394845368533046,0.7660515463146695,2.486428445849787
0.3749999999999999,0.925,0.037743411972149005,0.23326212522669376,0.7667378747733062,2.4864306354484937
0.3999999999999999,0.925,0.037548877257829925,0.23257527398283573,0.7674247260171643,2.4864328260086377
0.42499999999999993,0.925,0.037354194403663166,0.23188789969588408,0.7681121003041159,2.486435017529768
0.44999999999999984,0.925,0.03715936333663086,0.2312000021080336,0.7687999978919664,2.4864372100114345
0.475,0.925,0.03696438398373568,0.2305115809615479,0.7694884190384521,2.4864394034531845
0.4999999999999999,0.925,0.036769256271998535,0.22982263599875796,0.770177364001242,2.4864415978545655
0.525,0.925,0.03657398012846019,0.22913316696206376,0.7708668330379362,2.4864437932151224
0.5499999999999999,0.925,0.03637855548018096,0.22844317359393407,0.7715568264060659,2.4864459895344
0.5749999999999998,0.925,0.03618298225424056,0.2277526556369066,0.7722473443630934,2.486448186811941
0.6,0.925,0.0359872603777384,0.2270616128335886,0.7729383871664114,2.486450385047288
-0.6,0.9500000000000001,0.04727848541129109,0.2625351364756463,0.7374648635243537,2.4864007724025994
-0.575,0.9500000000000001,0.04708596942938126,0.2618733003122995,0.7381266996877005,2.48640294977492
-0.5499999999999999,0.9500000000000001,0.046893306308152395,0.261210958309794,0.738789041690206,2.486405128114279
-0.525,0.9500000000000001,0.04670049597433216,0.2605481102162317,0.7394518897837683,2.486407307420241
-0.5,0.9500000000000001,0.04650753835466598,0.25988475577977643,0.7401152442202236,2.486409487692369
-0.475,0.9500000000000001,0.04631443337591748,0.25922089474865484,0.7407791052513452,2.4864116689302262
-0.44999999999999996,0.9500000000000001,0.046121180964869016,0.25855652687115693,0.7414434731288431,2.4864138511333738
-0.425,0.9500000000000001,0.04592778104832101,0.2578916518956357,0.7421083481043643,2.486416034301373
-0.4,0.9500000000000001,0.045734233553092474,0.25722626957050765,0.7427737304294924,2.4864182184337817
-0.375,0.9500000000000001,0.04554053840602086,0.2565603796442534,0.7434396203557466,2.486420403530159
-0.35,0.9500000000000001,0.04534669553396274,0.25589398186541745,0.7441060181345825,2.486422589590061
-0.325,0.9500000000000001,0.04515270486379279,0.25522707598260874,0.7447729240173913,2.4864247766130436
-0.3,0.9500000000000001,0.044958566322404865,0.25455966174450084,0.7454403382554992,2.4864269645986607
-0.275,0.9500000000000001,0.04476427983671154,0.2538917388998322,0.7461082611001678,2.4864291535464673
-0.25,0.9500000000000001,0.04456984533364445,0.2532233071974066,0.7467766928025934,2.486431343456014
-0.22500000000000003,0.9500000000000001,0.044375262740154346,0.2525543663860931,0.7474456336139069,2.4864335343268515
-0.2,0.9500000000000001,0.04418053198321095,0.25188491621482656,0.7481150837851734,2.4864357261585313
-0.175,0.9500000000000001,0.043985652989803045,0.2512149564326077,0.7487850435673923,2.4864379189506
-0.15000000000000002,0.9500000000000001,0.04379062568693902,0.25054448678850394,0.7494555132114961,2.4864401127026072
-0.125,0.9500000000000001,0.04359545000164653,0.24987350703164868,0.7501264929683513,2.486442307414098
-0.10000000000000003,0.9500000000000001,0.0434001258609725,0.24920201691124266,0.7507979830887573,2.4864445030846167
-0.07500000000000007,0.9500000000000001,0.04320465319198342,0.24853001617655313,0.7514699838234469,2.486446699713709
-0.050000000000000044,0.9500000000000001,0.04300903192176543,0.24785750457691513,0.7521424954230849,2.4864488973009173
-0.025000000000000022,0.9500000000000001,0.042813261977424535,0.24718448186173136,0.7528155181382686,2.4864510958457826
0.0,0.9500000000000001,0.04261734328608611,0.2465109477804721,0.7534890522195279,2.4864532953478466
0.025000000000000022,0.9500000000000001,0.042421275774895545,0.24583690208267583,0.7541630979173242,2.486455495806648
0.04999999999999993,0.9500000000000001,0.042225059371018114,0.24516234451794983,0.7548376554820502,2.486457697221724
0.07499999999999996,0.9500000000000001,0.042028694001639146,0.24448727483596977,0.7555127251640302,2.486459899592613
0.09999999999999998,0.9500000000000001,0.041832179593964,0.2438116927864804,0.7561883072135196,2.48646210291885
0.125,0.9500000000000001,0.04163551607521805,0.24313559811929553,0.7568644018807045,2.48646430719997
0.1499999999999999,0.9500000000000001,0.04143870337264715,0.24245899058429898,0.757541009415701,2.486466512435507
0.17499999999999993,0.9500000000000001,0.041241741413517205,0.2417818699314439,0.7582181300685561,2.4864687186249927
0.19999999999999996,0.9500000000000001,0.04104463012511476,0.2411042359107538,0.7588957640892462,2.4864709257679585
0.22499999999999998,0.9500000000000001,0.04084736943474647,0.24042608827232226,0.7595739117276777,2.4864731338639348
0.25,0.9500000000000001,0.04064995926973985,0.23974742676631366,0.7602525732336863,2.48647534291245
0.2749999999999999,0.9500000000000001,0.040452399557442835,0.23906825114296315,0.7609317488570368,2.4864775529130316
0.29999999999999993,0.9500000000000001,0.0402546902252243,0.23838856115257745,0.7616114388474226,2.4864797638652067
0.32499999999999996,0.9500000000000001,0.04005683120047356,0.23770835654553402,0.762291643454466,2.486481975768501
0.35,0.9500000000000001,0.039858822410601055,0.23702763707228258,0.7629723629277174,2.486484188622438
0.3749999999999999,0.9500000000000001,0.03966066378303816,0.2363464024833447,0.7636535975166553,2.4864864024265407
0.3999999999999999,0.9500000000000001,0.03946235524523699,0.2356646525293138,0.7643353474706862,2.4864886171803318
0.42499999999999993,0.9500000000000001,0.039263896724671114,0.2349823869608565,0.7650176130391435,2.4864908328833315
0.44999999999999984,0.9500000000000001,0.03906528814883488,0.23429960552871154,0.7657003944712885,2.4864930495350595
0.475,0.9500000000000001,0.038866529445244366,0.23361630798369126,0.7663836920163087,2.486495267135034
0.4999999999999999,0.9500000000000001,0.03866762054143653,0.23293249407668104,0.767067505923319,2.486497485682773
0.525,0.9500000000000001,0.038468561364970164,0.23224816355863998,0.76775183644136,2.486499705177793
0.5499999999999999,0.9500000000000001,0.038269351843425024,0.2315633161806009,0.7684366838193991,2.486501925619607
0.5749999999999998,0.9500000000000001,0.03806999190440295,0.23087795169367098,0.769122048306329,2.4865041470077305
0.6,0.9500000000000001,0.03787048147552703,0.23019206984903162,0.7698079301509684,2.486506369341675
-0.6,0.9750000000000001,0.04937619151922013,0.2653942029469907,0.7346057970530093,2.486454759502706
-0.575,0.9750000000000001,0.049180024937796524,0.26473710861911515,0.7352628913808849,2.4864569605978972
-0.5499999999999999,0.9750000000000001,0.048983709415230565,0.2640795153867922,0.7359204846132078,2.486459162649056
-0.525,0.9750000000000001,0.04878724487872073,0.2634214230061608,0.7365785769938392,2.4864613656557184
-0.5,0.9750000000000001,0.04859063125548578,0.26276283123342736,0.7372371687665726,2.4864635696174195
-0.475,0.9750000000000001,0.0483938684727646,0.2621037398248658,0.7378962601751342,2.4864657745336927
-0.44999999999999996,0.9750000000000001,0.048196956457816326,0.2614441485368183,0.7385558514631817,2.4864679804040724
-0.425,0.9750000000000001,0.04799989513792081,0.2607840571256951,0.7392159428743049,2.4864701872280897
-0.4,0.9750000000000001,0.04780268444037769,0.2601234653479746,0.7398765346520254,2.4864723950052734
-0.375,0.9750000000000001,0.04760532429250787,0.25946237296020436,0.7405376270397956,2.486474603735154
-0.35,0.9750000000000001,0.04740781462165218,0.2588007797190004,0.7411992202809996,2.486476813417261
-0.325,0.9750000000000001,0.04721015535517241,0.25813868538104867,0.7418613146189513,2.486479024051118
-0.3,0.9750000000000001,0.04701234642045114,0.25747608970310387,0.7425239102968961,2.4864812356362536
-0.275,0.9750000000000001,0.04681438774489189,0.2568129924419912,0.7431870075580088,2.486483448172191
-0.25,0.9750000000000001,0.04661627925591873,0.2561493933546053,0.7438506066453947,2.4864856616584547
-0.22500000000000003,0.9750000000000001,0.04641802088097707,0.2554852921979115,0.7445147078020885,2.486487876094566
-0.2,0.9750000000000001,0.046219612547533144,0.2548206887289455,0.7451793112710545,2.4864900914800465
-0.175,0.9750000000000001,0.04602105418307438,0.25415558270481375,0.7458444172951862,2.4864923078144163
-0.15000000000000002,0.9750000000000001,0.0458223457151095,0.25348997388269423,0.7465100261173058,2.4864945250971946
-0.125,0.9750000000000001,0.04562348707116873,0.252823862019836,0.747176137980164,2.4864967433278986
-0.10000000000000003,0.9750000000000001,0.04542447817880316,0.25215724687355945,0.7478427531264406,2.4864989625060443
-0.07500000000000007,0.9750000000000001,0.04522531896558578,0.2514901282012574,0.7485098717987426,2.4865011826311476
-0.050000000000000044,0.9750000000000001,0.04502600935911101,0.25082250576039455,0.7491774942396054,2.486503403702723
-0.025000000000000022,0.9750000000000001,0.04482654928699485,0.25015437930850826,0.7498456206914917,2.4865056257202833
0.0,0.9750000000000001,0.04462693867687504,0.24948574860320805,0.750514251396792,2.48650784868334
0.025000000000000022,0.9750000000000001,0.04442717745641102,0.2488166134021771,0.7511833865978229,2.4865100725914044
0.04999999999999993,0.9750000000000001,0.044227265553284295,0.24814697346317127,0.7518530265368287,2.4865122974439857
0.07499999999999996,0.9750000000000001,0.0440272028951981,0.2474768285440202,0.7525231714559798,2.4865145232405923
0.09999999999999998,0.9750000000000001,0.0438269894098776,0.24680617840262709,0.7531938215973729,2.4865167499807317
0.125,0.9750000000000001,0.04362662502507031,0.2461350227969693,0.7538649772030307,2.48651897766391
0.1499999999999999,0.9750000000000001,0.04342610966854594,0.2454633614850985,0.7545366385149015,2.486521206289632
0.17499999999999993,0.9750000000000001,0.04322544326809614,0.24479119422514062,0.7552088057748594,2.4865234358574013
0.19999999999999996,0.9750000000000001,0.043024625751535275,0.24411852077529694,0.7558814792247031,2.4865256663667212
0.22499999999999998,0.9750000000000001,0.042823657046699895,0.2434453408938434,0.7565546591061566,2.486527897817093
0.25,0.9750000000000001,0.042622537081449134,0.24277165433913128,0.7572283456608687,2.486530130208016
0.2749999999999999,0.9750000000000001,0.042421265783664515,0.24209746086958772,0.7579025391304123,2.486532363538991
0.29999999999999993,0.9750000000000001,0.042219843081250416,0.24142276024371556,0.7585772397562844,2.486534597809514
0.32499999999999996,0.9750000000000001,0.042018268902134025,0.24074755222009392,0.7592524477799061,2.486536833019084
0.35,0.9750000000000001,0.04181654317426497,0.24007183655737807,0.7599281634426219,2.4865390691671956
0.3749999999999999,0.9750000000000001,0.04161466582561626,0.23939561301430035,0.7606043869856997,2.4865413062533435
0.3999999999999999,0.9750000000000001,0.04141263678418346,0.23871888134966968,0.7612811186503303,2.4865435442770214
0.42499999999999993,0.9750000000000001,0.041210455977985436,0.2380416413223725,0.7619583586776275,2.486545783237722
0.44999999999999984,0.9750000000000001,0.041008123335063915,0.23736389269137226,0.7626361073086277,2.486548023134935
0.475,0.9750000000000001,0.04080563878348415,0.23668563521571062,0.7633143647842894,2.4865502639681507
0.4999999999999999,0.9750000000000001,0.040603002251334556,0.23600686865450704,0.763993131345493,2.4865525057368587
0.525,0.9750000000000001,0.04040021366672683,0.23532759276695936,0.7646724072330406,2.4865547484405464
0.5499999999999999,0.9750000000000001,0.040197272957796286,0.2346478073123438,0.7653521926876562,2.4865569920787007
0.5749999999999998,0.9750000000000001,0.03999418005270133,0.23396751205001542,0.7660324879499846,2.4865592366508054
0.6,0.9750000000000001,0.03979093487962476,0.23328670673940843,0.7667132932605916,2.486561482156347
-0.6,1.0,0.051508068046068944,0.26822191440362975,0.7317780855963703,2.486507939679565
-0.575,1.0,0.05130830066024598,0.2675694874469733,0.7324305125530267,2.4865101636262943
-0.5499999999999999,1.0,0.05110838258880087,0.26691656836112676,0.7330834316388732,2.48651238851752
-0.525,1.0,0.05090831375943807,0.26626315690997693,0.7337368430900231,2.486514614352751
-0.5,1.0,0.05070809409988371,0.2656092528574825,0.7343907471425175,2.4865168411314946
-0.475,1.0,0.05050772353788607,0.2649548559676741,0.7350451440323259,2.486519068853257
-0.44999999999999996,1.0,0.05030720200121554,0.2642999660046552,0.7357000339953448,2.486521297517542
-0.425,1.0,0.05010652941766512,0.26364458273260183,0.7363554172673982,2.4865235271238553
-0.4,1.0,0.04990570571504978,0.26298870591576284,0.7370112940842372,2.4865257576716977
-0.375,1.0,0.04970473082120698,0.26233233531846045,0.7376676646815395,2.486527989160572
-0.35,1.0,0.04950360466399685,0.2616754707050901,0.7383245292949099,2.4865302215899767
-0.325,1.0,0.04930232717130195,0.26101811184012136,0.7389818881598786,2.486532454959413
-0.3,1.0,0.04910089827102755,0.2603602584880974,0.7396397415119026,2.4865346892683773
-0.275,1.0,0.04889931789110154,0.259701910413636,0.740298089586364,2.486536924516368
-0.25,1.0,0.04869758595947489,0.25904306738142924,0.7409569326185708,2.4865391607028786
-0.22500000000000003,1.0,0.0484957024041211,0.25838372915624386,0.7416162708437561,2.486541397827406
-0.2,1.0,0.04829366715303698,0.25772389550292196,0.742276104497078,2.4865436358894417
-0.175,1.0,0.04809148013424222,0.2570635661863807,0.7429364338136193,2.4865458748884794
-0.15000000000000002,1.0,0.04788914127577953,0.25640274097161275,0.7435972590283872,2.486548114824009
-0.125,1.0,0.04768665050571522,0.2557414196236867,0.7442585803763133,2.48655035569552
-0.10000000000000003,1.0,0.04748400775213849,0.25507960190774714,0.7449203980922529,2.4865525975025027
-0.07500000000000007,1.0,0.047281212943162,0.25441728758901516,0.7455827124109848,2.486554840244444
-0.050000000000000044,1.0,0.04707826600692207,0.25375447643278803,0.746245523567212,2.4865570839208315
-0.025000000000000022,1.0,0.04687516687157834,0.25309116820444044,0.7469088317955596,2.4865593285311482
0.0,1.0,0.046671915465314004,0.25242736266942356,0.7475726373305764,2.486561574074879
0.025000000000000022,1.0,0.046468511716336196,0.2517630595932663,0.7482369404067337,2.4865638205515084
0.04999999999999993,1.0,0.0462649555528757,0.2510982587415753,0.7489017412584247,2.486566067960517
0.07499999999999996,1.0,0.04606124690318704,0.25043295988003467,0.7495670401199653,2.4865683163013856
0.09999999999999998,1.0,0.045857385695548813,0.24976716277440703,0.750232837225593,2.486570565573594
0.125,1.0,0.04565337185826346,0.24910086719053315,0.7508991328094669,2.486572815776621
0.1499999999999999,1.0,0.04544920531965764,0.2484340728943325,0.7515659271056675,2.4865750669099436
0.17499999999999993,1.0,0.045244886008082144,0.24776677965180371,0.7522332203481963,2.4865773189730374
0.19999999999999996,1.0,0.04504041385191217,0.24709898722902435,0.7529010127709757,2.486579571965378
0.22499999999999998,1.0,0.04483578877954669,0.24643069539215134,0.7535693046078487,2.486581825886438
0.25,1.0,0.04463101071940979,0.24576190390742148,0.7542380960925785,2.4865840807356925
0.2749999999999999,1.0,0.044426079599949465,0.24509261254115144,0.7549073874588486,2.4865863365126115
0.29999999999999993,1.0,0.044220995349638734,0.24442282105973834,0.7555771789402617,2.486588593216666
0.32499999999999996,1.0,0.044015757896975,0.2437525292296594,0.7562474707703406,2.486590850847324
0.35,1.0,0.043810367170480154,0.24308173681747258,0.7569182631825274,2.486593109404055
0.3749999999999999,1.0,0.0436048230987014,0.24241044358981723,0.7575895564101828,2.486595368886326
0.3999999999999999,1.0,0.04339912561021058,0.2417386493134137,0.7582613506865863,2.486597629293602
0.42499999999999993,1.0,0.04319327463360429,0.2410663537550637,0.7589336462449363,2.4865998906253477
0.44999999999999984,1.0,0.04298727009750451,0.24039355668165097,0.759606443318349,2.4866021528810283
0.475,1.0,0.04278111193055803,0.23972025786014106,0.7602797421398589,2.486604416060104
0.4999999999999999,1.0,0.0425748000614372,0.23904645705758198,0.760953542942418,2.4866066801620375
0.525,1.0,0.04236833441883928,0.23837215404110434,0.7616278459588957,2.486608945186288
0.5499999999999999,1.0,0.042161714931487,0.23769734857792124,0.7623026514220788,2.4866112111323155
0.5749999999999998,1.0,0.041954941528128495,0.23702204043532904,0.762977959564671,2.486613477999577
0.6,1.0,0.04174801413753791,0.2363462293807077,0.7636537706192923,2.4866157457875295
