time,B_anisotropy,B_par,B_per,J_max,J_min,Jbar_max,Jbar_min,center_pressure,edge_ux,ln_h_max,ln_h_min,mass,mass_reaction,outflow_gradient,platen_max,platen_min,right_reaction,solid_fraction_max,solid_fraction_min,stability_max,stability_min,top_displacement,top_reaction
0,-0.037912063065438,0.57737298283364,0.61528504589908,1,1,1,1,0,0,-0,-0,0.01,0,0,0,0,0,0.9,0.9,2.5,2.5,0,0
0.0025,-0.037912063065438,0.57737298283364,0.61528504589908,0.99999509989812,0.99998325615309,0.999993655617,0.99999226198337,1.8491106001705e-05,1.3259065375139e-21,1.8463277400336e-06,7.8172660160758e-07,0.0099999179376396,-3.2824944165477e-05,2.4867783788992e-05,-6.6519924600641e-07,-1.1534265195835e-06,-1.3701566813973e-06,0.90000810538297,0.89999870014063,2.5,2.5,-7.5322887906741e-07,-2.4999999999995e-05
0.005,-0.037912063065438,0.57737298283364,0.61528504589908,0.99999029843791,0.99996617972542,0.99998737487785,0.99998445740182,3.6907960359421e-05,2.5969269624536e-21,3.5671011693334e-06,1.5541870400618e-06,0.0099997968376609,-4.8439991471262e-05,3.9991781059895e-05,-1.3415885304215e-06,-2.3407566456102e-06,-2.6955842070834e-06,0.90001645046512,0.89999736877042,2.5,2.5,-1.5362771952781e-06,-5.0000000000012e-05
0.0075,-0.037912063065438,0.57737298283364,0.61528504589908,0.99998554157313,0.99994903277029,0.99998114790385,0.9999766518608,5.5175018385376e-05,3.832975398847e-21,5.2325512393429e-06,2.3199297591016e-06,0.0099996466997038,-6.0055182830007e-05,5.1462489783942e-05,-2.026556054066e-06,-3.5425443421484e-06,-3.9877372475e-06,0.90002485844843,0.89999604564047,2.5,2.5,-2.3415085016682e-06,-7.5000000000004e-05
0.01,-0.037912063065438,0.57737298283364,0.61528504589908,0.99998081423103,0.99993188718337,0.99997496596423,0.99996886334884,7.330039956356e-05,5.0399478081749e-21,6.8640878793066e-06,3.0802913542976e-06,0.0099994726261909,-6.9629405161659e-05,6.0983518889231e-05,-2.7188674493364e-06,-4.7530376337265e-06,-5.2524562306901e-06,0.90003328081577,0.89999473645889,2.5,2.5,-3.1650291795385e-06,-0.0001
0.0125,-0.037912063065438,0.57737298283364,0.61528504589908,0.99998100543316,0.99993151353426,0.99997516770615,0.99996883597168,7.2796365419456e-05,4.8950973067485e-21,6.62491721326e-06,3.0544651272213e-06,0.0099993598788781,-4.5098925136736e-05,4.439173682759e-05,-2.752696667727e-06,-4.8163159999514e-06,-5.1232472890324e-06,0.90003359249431,0.89999474594589,2.5,2.5,-3.2511684739783e-06,-9.9999999999993e-05
0.015,-0.037912063065438,0.57737298283364,0.61528504589908,0.99998110550353,0.9999315121217,0.99997534117742,0.99996890040567,7.2223899655227e-05,4.7814106272881e-21,6.4921926527051e-06,3.0341812589933e-06,0.0099992676744095,-3.6881787426375e-05,3.6663486305976e-05,-2.7817821952377e-06,-4.8505517815488e-06,-5.0175630421988e-06,0.90003365176031,0.89999481200848,2.5,2.5,-3.3216246385346e-06,-9.9999999999998e-05
0.0175,-0.037912063065438,0.57737298283364,0.61528504589908,0.99998115720165,0.99993162619197,0.99997549344515,0.99996899160438,7.1648475597724e-05,4.6806706563928e-21,6.3990026921832e-06,3.0175304877492e-06,0.0099991876943977,-3.1992004728125e-05,3.1924679591645e-05,-2.8086928716617e-06,-4.874352756041e-06,-4.9258746608704e-06,0.90003363117066,0.89999490252309,2.5,2.5,-3.3827502260875e-06,-9.999999999998e-05
0.02,-0.037912063065438,0.57737298283364,0.61528504589908,0.99998116414322,0.9999317861989,0.99997563115548,0.99996909145141,7.1048290525771e-05,4.5883656059443e-21,6.3262131432461e-06,3.0037492536913e-06,0.0099991161572138,-2.8614873543957e-05,2.8612193700343e-05,-2.8347640616252e-06,-4.8929015333808e-06,-4.8438550083992e-06,0.90003357701767,0.89999502021723,2.5,2.5,-3.4374299943989e-06,-0.00010000000000003
0.0225,-0.037912063065438,0.57737298283364,0.61528504589908,0.99998112613929,0.99993196625801,0.9999757584523,0.99996919341525,7.0404447676376e-05,4.5025008005991e-21,6.2659460195149e-06,2.9924360966162e-06,0.0099990509363391,-2.6088349879634e-05,2.6118557631314e-05,-2.8608071440354e-06,-4.9082801207406e-06,-4.7690707564212e-06,0.90003350672111,0.89999516899053,2.5,2.5,-3.4872861623868e-06,-9.9999999999983e-05
0.025,-0.037912063065438,0.57737298283364,0.61528504589908,0.9999810433913,0.99993215482511,0.99997587800904,0.99996929478317,6.9705335274287e-05,4.4218836981937e-21,6.2141888335509e-06,2.9833212281342e-06,0.0099989906842269,-2.410084488259e-05,2.4149464770622e-05,-2.88731705549e-06,-4.9215267742006e-06,-4.6999796092923e-06,0.9000334282302,0.89999535106784,2.5,2.5,-3.5333469271383e-06,-9.9999999999999e-05
0.0275,-0.037912063065438,0.57737298283364,0.61528504589908,0.99998091726411,0.99993234616479,0.99997599162185,0.99996939435365,6.8945594421058e-05,4.3456920433426e-21,6.1776785024029e-06,2.9761837860126e-06,0.0099989344792697,-2.2481982906483e-05,2.2541479865875e-05,-2.9145696479108e-06,-4.9332344558067e-06,-4.6355265264181e-06,0.90003334562594,0.89999556683737,2.5,2.5,-3.5763156490558e-06,-9.9999999999998e-05
0.03,-0.037912063065438,0.57737298283364,0.61528504589908,0.99998075027596,0.99993253723356,0.999976100525,0.9999694915972,6.8124707117072e-05,4.2733153381348e-21,6.1611458752449e-06,2.970821220507e-06,0.0099988816567553,-2.1129005750572e-05,2.1195093254726e-05,-2.9426848562418e-06,-4.9437744456168e-06,-4.5749503871832e-06,0.90003326117117,0.89999581514358,2.5,2.5,-3.6166997418794e-06,-0.0001
0.0325,-0.037912063065438,0.57737298283364,0.61528504589908,0.99998054582542,0.99993272635479,0.99997620557554,0.99996958630596,6.7245627445833e-05,4.2042800538559e-21,6.1446836408086e-06,2.9670399029534e-06,0.0099988317180747,-1.9975472221475e-05,2.0045552762573e-05,-2.9716743698084e-06,-4.9533951694756e-06,-4.5176801419998e-06,0.90003317618793,0.89999609369911,2.5,2.5,-3.6548799053316e-06,-9.9999999999999e-05
0.035,-0.037912063065438,0.57737298283364,0.61528504589908,0.99998030785644,0.99993291259184,0.99997630737168,0.99996967843246,6.6313579745929e-05,4.1382081619404e-21,6.1283955999831e-06,2.9646542451419e-06,0.0099987842777811,-1.8976117463234e-05,1.9048541198959e-05,-3.0014786933425e-06,-4.9622713887013e-06,-4.4632742529026e-06,0.90003309147658,0.89999639949282,2.5,2.5,-3.6911504980641e-06,-0.0001
0.0375,-0.037912063065438,0.57737298283364,0.61528504589908,0.99998004055327,0.99993309542746,0.99997640633263,0.99996976801027,6.5335086150504e-05,4.0747915817119e-21,6.1123436614109e-06,2.9634886250331e-06,0.0099987390307415,-1.8098815824047e-05,1.8172496149254e-05,-3.0319953074157e-06,-4.970530943245e-06,-4.4113831156632e-06,0.90003300753288,0.89999672913613,2.5,2.5,-3.7257445895601e-06,-0.00010000000000001
0.04,-0.037912063065438,0.57737298283364,0.61528504589908,0.99997974810088,0.99993327458972,0.9999765027538,0.99996985511282,6.4317234487557e-05,4.013775268615e-21,6.0965644730225e-06,2.9633796271655e-06,0.0099986957307335,-1.7320003199971e-05,1.7394203714063e-05,-3.0630992190905e-06,-4.9782703169251e-06,-4.3617245720657e-06,0.9000329246677,0.89999707912848,2.5,2.5,-3.7588502852875e-06,-9.9999999999991e-05
0.0425,-0.037912063065438,0.57737298283364,0.61528504589908,0.9999794345159,0.99993344995328,0.99997659684546,0.99996993983157,6.3267162958057e-05,3.9549454363916e-21,6.0810790599369e-06,2.9641776582245e-06,0.0099986541759302,-1.6621921335655e-05,1.6696131468383e-05,-3.0946572768543e-06,-4.985564202283e-06,-4.314067302449e-06,0.90003284307617,0.89999744604408,2.5,2.5,-3.7906217983679e-06,-9.9999999999988e-05
0.045,-0.037912063065438,0.57737298283364,0.61528504589908,0.99997910353967,0.99993362148134,0.99997668875951,0.99997002226408,6.21917220938e-05,3.8981210355442e-21,6.0658986066891e-06,2.9657477241967e-06,0.0099986141987231,-1.5990882815824e-05,1.6064742107364e-05,-3.1265376316721e-06,-4.9924716451591e-06,-4.2682191795772e-06,0.90003276287922,0.89999782665244,2.5,2.5,-3.8211872136164e-06,-0.00010000000000002
0.0475,-0.037912063065438,0.57737298283364,0.61528504589908,0.9999787585798,0.99993378919066,0.99997677860821,0.99997010250763,6.1097271806696e-05,3.8431474015979e-21,6.0510280213044e-06,2.9679694607464e-06,0.0099985756583802,-1.5416137159098e-05,1.5489387550022e-05,-3.1586155939235e-06,-4.9990401417628e-06,-4.224018865206e-06,0.90003268414932,0.89999821798771,2.5,2.5,-3.8506540898639e-06,-9.9999999999997e-05
0.05,-0.037912063065438,0.57737298283364,0.61528504589908,0.99997840268698,0.99993395313011,0.99997686647697,0.99997018065589,5.9989575756117e-05,3.7898914050777e-21,6.0364681791752e-06,2.9707366055511e-06,0.0099985384356157,-1.4889105803177e-05,1.4961560696552e-05,-3.1907769248256e-06,-5.0053084589514e-06,-4.1813295943482e-06,0.90003260692679,0.89999861738113,2.5,2.5,-3.8791136037659e-06,-0.00010000000000001
0.0525,-0.037912063065438,0.57737298283364,0.61528504589908,0.99997803855566,0.99993411336727,0.9999769524332,0.99997025679729,5.8873762393167e-05,3.7382376744954e-21,6.0222173589841e-06,2.9739561045171e-06,0.0099985024284871,-1.4402851449097e-05,1.4474375147676e-05,-3.2229193729203e-06,-5.0113086304216e-06,-4.1400344772786e-06,0.90003253123039,0.89999902246831,2.5,2.5,-3.9066436818135e-06,-9.9999999999998e-05
0.055,-0.037912063065438,0.57737298283364,0.61528504589908,0.99997766853995,0.99993426998013,0.99997703653224,0.99997033101437,5.7754329391836e-05,3.6880856060487e-21,6.0082721733767e-06,2.9775470117902e-06,0.0099984675492352,-1.3951700770653e-05,1.4022194510615e-05,-3.2549530589286e-06,-5.0170674047616e-06,-4.1000328806896e-06,0.90003245706422,0.89999943118035,2.5,2.5,-3.9333114128761e-06,-9.9999999999996e-05
0.0575,-0.037912063065438,0.57737298283364,0.61528504589908,0.99997729467814,0.99993442305181,0.99997711882142,0.99997040338375,5.6635174587936e-05,3.6393469633911e-21,5.9946281773472e-06,2.9814393025622e-06,0.0099984337218099,-1.3530970117594e-05,1.3600362394517e-05,-3.2868001413948e-06,-5.0226073193494e-06,-4.0612375936198e-06,0.90003238442242,0.89999984172536,2.5,2.5,-3.9591749375864e-06,-0.00010000000000001
0.06,-0.037912063065438,0.57737298283364,0.61528504589908,0.99997691872153,0.99993457266735,0.99997719934277,0.99997047397634,5.5519641664284e-05,3.5919439287763e-21,5.9812802691028e-06,2.9855726809128e-06,0.0099984008799049,-1.3136762003261e-05,1.3205001748151e-05,-3.3183940632755e-06,-5.0279475126021e-06,-4.0235725757503e-06,0.90003231329227,0.90000025256494,2.5,2.5,-3.9842849494976e-06,-9.9999999999996e-05
0.0625,-0.037912063065438,0.57737298283364,0.61528504589908,0.99997654216462,0.99993471891167,0.99997727813478,0.99997054285769,5.4410572676444e-05,3.5458075053332e-21,5.9682229550369e-06,2.9898954353321e-06,0.0099983689653767,-1.276581127654e-05,1.2832862958548e-05,-3.3496785816555e-06,-5.0331043493788e-06,-3.9869711459065e-06,0.90003224365632,0.90000066238869,2.5,2.5,-4.0086859027298e-06,-9.9999999999988e-05
0.065,-0.037912063065438,0.57737298283364,0.61528504589908,0.99997616627466,0.99993486186841,0.99997735523361,0.99997061008848,5.3310362303076e-05,3.5008761968248e-21,5.9554505253631e-06,2.9943633729962e-06,0.0099983379269595,-1.2415366860582e-05,1.2481206913702e-05,-3.3806067124859e-06,-5.038091910148e-06,-3.9513745091276e-06,0.90003217549391,0.90000107008856,2.5,2.5,-4.0324169939157e-06,-0.00010000000000001
0.0675,-0.037912063065438,0.57737298283364,0.61528504589908,0.99997579211964,0.99993500161925,0.9999774306738,0.99997067572498,5.2221010663845e-05,3.4570949093733e-21,5.942957170515e-06,2.9989388481548e-06,0.009998307719211,-1.2083099427746e-05,1.2147713601346e-05,-3.4111396732352e-06,-5.0429223790436e-06,-3.9167305481358e-06,0.90003210878218,0.90000147473445,2.5,2.5,-4.0555129679091e-06,-0.00010000000000002
0.07,-0.037912063065438,0.57737298283364,0.61528504589908,0.99997542059397,0.9999351382435,0.99997750448883,0.99997073981949,5.1144172882121e-05,3.4144140327264e-21,5.9307370581372e-06,3.0035898900185e-06,0.0099982783016402,-1.1767028322389e-05,1.1830409686405e-05,-3.4412458728223e-06,-5.0476063554725e-06,-3.8829928240432e-06,0.90003204349678,0.90000187555148,2.5,2.5,-4.0780047839679e-06,-9.9999999999996e-05
0.0725,-0.037912063065438,0.57737298283364,0.61528504589908,0.99997505244165,0.99993527181804,0.99997757671135,0.99997080242074,5.0081204458334e-05,3.3727886683203e-21,5.9187843838834e-06,3.0082894287879e-06,0.0099982496379826,-1.1465463009709e-05,1.1527610430298e-05,-3.4708999759237e-06,-5.0521531070485e-06,-3.8501197448154e-06,0.90003197961241,0.9000022718994,2.5,2.5,-4.0999201701249e-06,-9.9999999999988e-05
0.075,-0.037912063065438,0.57737298283364,0.61528504589908,0.99997468827701,0.99993540241719,0.99997764737341,0.99997086357432,4.9033202093006e-05,3.3321779782033e-21,5.9070934042233e-06,3.0130146149398e-06,0.0099982216955935,-1.1176955659061e-05,1.1237872617894e-05,-3.5000820542267e-06,-5.0565707767404e-06,-3.8180738695156e-06,0.90003191710319,0.90000266325417,2.5,2.5,-4.1212840869904e-06,-9.9999999999993e-05
0.0775,-0.037912063065438,0.57737298283364,0.61528504589908,0.99997432860284,0.99993553011285,0.99997771650654,0.999970923323,4.8001039955408e-05,3.2925446341055e-21,5.8956584578211e-06,3.0177462242779e-06,0.0099981944449375,-1.0900262390088e-05,1.0959956057485e-05,-3.5287768279645e-06,-5.0608665539043e-06,-3.7868213237067e-06,0.90003185594289,0.90000304919161,2.5,2.5,-4.1421191175286e-06,-0.00010000000000002
0.08,-0.037912063065438,0.57737298283364,0.61528504589908,0.99997397382644,0.99993565497452,0.99997778414182,0.99997098170703,4.6985401604984e-05,3.2538543500045e-21,5.884473978696e-06,3.0224681406861e-06,0.0099981678591591,-1.0634311347514e-05,1.0692791846924e-05,-3.5569729955705e-06,-5.0650468163592e-06,-3.7563313062413e-06,0.90003179610519,0.9000034293731,2.5,2.5,-4.1624457958375e-06,-0.00010000000000001
0.0825,-0.037912063065438,0.57737298283364,0.61528504589908,0.99997362427344,0.99993577706944,0.99997785030989,0.99997103876443,4.5986807887346e-05,3.2160754848495e-21,5.8735345043917e-06,3.0271669081625e-06,0.0099981419137186,-1.0378176227299e-05,1.0435456045298e-05,-3.5846626460923e-06,-5.0691172491072e-06,-3.7265756719866e-06,0.90003173756377,0.90000380353313,2.5,2.5,-4.1822828853443e-06,-9.9999999999996e-05
0.085,-0.037912063065438,0.57737298283364,0.61528504589908,0.99997328019991,0.99993589646273,0.99997791504098,0.99997109453122,4.5005641179543e-05,3.1791787039498e-21,5.8628346801702e-06,3.031831344153e-06,0.0099981165860831,-1.0131054200265e-05,1.0187147709106e-05,-3.6118407473612e-06,-5.0730829439699e-06,-3.697528577777e-06,0.90003168029246,0.90000417146842,2.5,2.5,-4.2016476148156e-06,-9.9999999999991e-05
0.0875,-0.037912063065438,0.57737298283364,0.61528504589908,0.9999729418027,0.99993601321745,0.99997797836486,0.9999711490416,4.404216637243e-05,3.1431366901822e-21,5.8523692612562e-06,3.0364522065012e-06,0.0099980918554645,-9.8922474178192e-06,9.9471704860123e-06,-3.63850470239e-06,-5.0769484835237e-06,-3.6691661814644e-06,0.90003162426528,0.9000045330286,2.5,2.5,-4.2205558790232e-06,-9.9999999999987e-05
0.09,-0.037912063065438,0.57737298283364,0.61528504589908,0.99997260922842,0.99993612739476,0.9999780403109,0.99997120232821,4.3096548968151e-05,3.1079238970484e-21,5.8421331132797e-06,3.041021907261e-06,0.0099980677025959,-9.6611474588763e-06,9.7149171318262e-06,-3.6646539663363e-06,-5.080718012038e-06,-3.6414663854716e-06,0.90003156945653,0.90000488810812,2.5,2.5,-4.2390224096854e-06,-9.9999999999998e-05
0.0925,-0.037912063065438,0.57737298283364,0.61528504589908,0.99997228258111,0.99993623905402,0.99997810090798,0.9999712544222,4.2168870646931e-05,3.0735163374332e-21,5.8321212117421e-06,3.0455342670785e-06,0.0099980441095404,-9.4372222101085e-06,9.4898564465288e-06,-3.6902897168414e-06,-5.0843952955945e-06,-3.6144086180034e-06,0.90003151584084,0.90000523663933,2.5,2.5,-4.2570609213319e-06,-0.00010000000000001
0.095,-0.037912063065438,0.57737298283364,0.61528504589908,0.99997196192891,0.99993634825288,0.99997816018456,0.99997130535341,4.1259142627736e-05,3.0398914025109e-21,5.8223286408538e-06,3.0499843046453e-06,0.0099980210595284,-9.220004769078e-06,9.2715222229275e-06,-3.7154145709862e-06,-5.0879837731331e-06,-3.5879736460578e-06,0.90003146339317,0.9000055785865,2.5,2.5,-4.2746842359605e-06,-9.9999999999994e-05
0.0975,-0.037912063065438,0.57737298283364,0.61528504589908,0.99997164730961,0.99993645504737,0.99997821816859,0.99997135515049,4.0367317114148e-05,3.0070277063943e-21,5.8127505919328e-06,3.05436805636e-06,0.0099979985368183,-9.009084039862e-06,9.0595038790376e-06,-3.7400323428221e-06,-5.0914865998925e-06,-3.5621434154298e-06,0.90003141208888,0.90000591394076,2.5,2.5,-4.2919043897151e-06,-0.00010000000000001
0.1,-0.037912063065438,0.57737298283364,0.61528504589908,0.99997133873557,0.99993655949199,0.99997827488756,0.999971403841,3.9493297085027e-05,2.9749049526547e-21,5.8033823614613e-06,3.0586824222682e-06,0.0099979765265765,-8.80409674785e-06,8.8534385036052e-06,-3.7641478360135e-06,-5.094906684422e-06,-3.5369009135465e-06,0.90003136190372,0.90000624271572,2.5,2.5,-4.3087327243023e-06,-9.9999999999997e-05
0.1025,-0.037912063065438,0.57737298283364,0.61528504589908,0.99997103619781,0.99993666163978,0.99997833036848,0.9999714514515,3.8636944657319e-05,2.9435038193876e-21,5.7942193491885e-06,3.062925034128e-06,0.0099979550147748,-8.6047206513324e-06,8.6530040925876e-06,-3.7877666668173e-06,-5.0982467201746e-06,-3.5122300518518e-06,0.90003131281385,0.90000656494375,2.5,2.5,-4.3251799654312e-06,-0.00010000000000001
0.105,-0.037912063065438,0.57737298283364,0.61528504589908,0.99997073966956,0.9999367615424,0.99997838463786,0.99997149800763,3.7798088220965e-05,2.9128058603503e-21,5.7852570559179e-06,3.0670941428199e-06,0.0099979339881029,-8.4106687622825e-06,8.4579137910806e-06,-3.8108951131612e-06,-5.1015092125046e-06,-3.4881155646903e-06,0.90003126479584,0.9000068806728,2.5,2.5,-4.3412562902054e-06,-9.9999999999997e-05
0.1075,-0.037912063065438,0.57737298283364,0.61528504589908,0.99997044910924,0.99993685925018,0.9999784377217,0.99997154353418,3.6976528518888e-05,2.8827934194794e-21,5.7764910814023e-06,3.0711885221715e-06,0.0099979134338919,-8.2216844224606e-06,8.2679109868595e-06,-3.833539986173e-06,-5.1046965017611e-06,-3.4645429223474e-06,0.90003121782672,0.90000718996368,2.5,2.5,-4.3569713851024e-06,-9.9999999999993e-05
0.11,-0.037912063065438,0.57737298283364,0.61528504589908,0.99997016446306,0.99993695481218,0.99997848964554,0.99997158805515,3.6172043822268e-05,2.853449557118e-21,5.7679171221774e-06,3.0752073868639e-06,0.0099978933400491,-8.0375371039544e-06,8.0827651256823e-06,-3.855708520954e-06,-5.1078107830673e-06,-3.4414982561093e-06,0.90003117188391,0.90000749288779,2.5,2.5,-4.3723344959265e-06,-0.0001
0.1125,-0.037912063065438,0.57737298283364,0.61528504589908,0.99996988566715,0.99993704827623,0.99997854043438,0.99997163159379,3.5384394331094e-05,2.824757986093e-21,5.759530969473e-06,3.0791503223913e-06,0.009997873695002,-7.858018825697e-06,7.9022681399389e-06,-3.8774082838618e-06,-5.1108541232854e-06,-3.4189682936345e-06,0.90003112694529,0.90000778952508,2.5,2.5,-4.3873544709101e-06,-9.9999999999998e-05
0.115,-0.037912063065438,0.57737298283364,0.61528504589908,0.99996961264949,0.99993713968901,0.99997859011278,0.99997167417268,3.4613325911022e-05,2.7967030162133e-21,5.7513285071014e-06,3.0830172254087e-06,0.0099978544876493,-7.6829410927189e-06,7.726231398519e-06,-3.898647093899e-06,-5.1138284755777e-06,-3.3969403030552e-06,0.90003108298918,0.90000807996249,2.5,2.5,-4.4020397979645e-06,-0.0001
0.1175,-0.037912063065438,0.57737298283364,0.61528504589908,0.99996934533141,0.99993722909607,0.99997863870476,0.99997171581373,3.3858573263535e-05,2.7692695061131e-21,5.7433057093877e-06,3.0868082527513e-06,0.0099978357073186,-7.512132280831e-06,7.5544831001983e-06,-3.9194329562065e-06,-5.1167356919178e-06,-3.3754020446045e-06,0.9000310399943,0.90000836429242,2.5,2.5,-4.4163986369306e-06,-0.00010000000000001
0.12,-0.037912063065438,0.57737298283364,0.61528504589908,0.999969083629,0.99993731654186,0.99997868623389,0.99997175653827,3.3119862610567e-05,2.7424428212594e-21,5.7354586391487e-06,3.0905237781864e-06,0.0099978173437301,-7.3454354009204e-06,7.386866045267e-06,-3.9397740058565e-06,-5.1195775338539e-06,-3.3543417286647e-06,0.90003099793983,0.9000086426116,2.5,2.5,-4.430438847557e-06,-0.00010000000000001
0.1225,-0.037912063065438,0.57737298283364,0.61528504589908,0.99996882745419,0.99993740206979,0.99997873272324,0.99997179636703,3.2396913965824e-05,2.7162087971541e-21,5.7277834457421e-06,3.0941643554128e-06,0.0099977993869646,-7.1827061858326e-06,7.2232357287907e-06,-3.9596784604681e-06,-5.1223556817926e-06,-3.3337479792686e-06,0.90003095680535,0.90000891502005,2.5,2.5,-4.4441680138195e-06,-9.9999999999992e-05
0.125,-0.037912063065438,0.57737298283364,0.61528504589908,0.99996857671574,0.99993748572224,0.9999787781954,0.99997183532017,3.1689443051922e-05,2.6905537072753e-21,5.7202763631104e-06,3.0977306866814e-06,0.009997781827436,-7.0238114533875e-06,7.0634587087902e-06,-3.9791545803504e-06,-5.1250717429965e-06,-3.3136098023329e-06,0.90003091657086,0.90000918162021,2.5,2.5,-4.4575934651114e-06,-9.9999999999997e-05
0.1275,-0.037912063065438,0.57737298283364,0.61528504589908,0.99996833132005,0.99993756754062,0.99997882267251,0.99997187341736,3.0997162916143e-05,2.665464234739e-21,5.7129337079199e-06,3.1012235961e-06,0.0099977646558668,-6.8686277038497e-06,6.9074112083778e-06,-3.9982106350676e-06,-5.1277272585048e-06,-3.2939165578697e-06,0.90003087721681,0.90000944251624,2.5,2.5,-4.4707222947531e-06,-0.0001
0.13,-0.037912063065438,0.57737298283364,0.61528504589908,0.99996809117187,0.99993764756539,0.99997886617623,0.99997191067776,3.0319785288902e-05,2.6409274474192e-21,5.7057518776726e-06,3.1046440068564e-06,0.0099977478632669,-6.717039918594e-06,6.7549779180156e-06,-4.0168548754668e-06,-5.1303237091182e-06,-3.2746579356888e-06,0.90003083872401,0.90000969781337,2.5,2.5,-4.4835613762056e-06,-9.9999999999987e-05
0.1325,-0.037912063065438,0.57737298283364,0.61528504589908,0.99996785617484,0.99993772583606,0.99997890872778,0.99997194712005,2.9657021722626e-05,2.6169307759908e-21,5.6987273489826e-06,3.1079929220529e-06,0.0099977314409156,-6.5689405296499e-06,6.6060509683231e-06,-4.0350955103665e-06,-5.1328625205933e-06,-3.2558239340365e-06,0.9000308010737,0.9000099476174,2.5,2.5,-4.4961173773126e-06,-0.00010000000000002
0.135,-0.037912063065438,0.57737298283364,0.61528504589908,0.99996762623199,0.99993780239126,0.99997895034791,0.99997198276243,2.900858454376e-05,2.5934619942033e-21,5.6918566757733e-06,3.1112714081618e-06,0.0099977153803443,-6.4242285352902e-06,6.4605290485619e-06,-4.0529406872295e-06,-5.1353450681431e-06,-3.2374048407171e-06,0.90003076424751,0.90001019203429,2.5,2.5,-4.5083967728524e-06,-9.9999999999995e-05
0.1375,-0.037912063065438,0.57737298283364,0.61528504589908,0.99996740124617,0.99993787726874,0.99997899105695,0.99997201762269,2.837418764561e-05,2.5705092016397e-21,5.6851364875594e-06,3.1144805813253e-06,0.0099976996733224,-6.2828087411624e-06,6.3183166495641e-06,-4.0703984762114e-06,-5.137772680388e-06,-3.2193912165383e-06,0.90003072822748,0.90001043116975,2.5,2.5,-4.5204058556411e-06,-9.9999999999996e-05
0.14,-0.037912063065438,0.57737298283364,0.61528504589908,0.99996718112037,0.99993795050539,0.99997903087478,0.99997205171818,2.7753547145528e-05,2.5480608079547e-21,5.6785634877631e-06,3.1176215955099e-06,0.0099976843118447,-6.1445911070073e-06,6.1793234129692e-06,-4.0874768570755e-06,-5.1401466427589e-06,-3.2017738804278e-06,0.90003069299599,0.90001066512899,2.5,2.5,-4.5321507463835e-06,-0.00010000000000002
0.1425,-0.037912063065438,0.57737298283364,0.61528504589908,0.99996696575804,0.99993802213727,0.99997906982087,0.99997208506582,2.7146381926567e-05,2.5261055189015e-21,5.6721344521441e-06,3.1206956326253e-06,0.0099976692881192,-6.0094901855707e-06,6.0434635713308e-06,-4.1041837085563e-06,-5.1424682005233e-06,-3.1845438963176e-06,0.90003065853584,0.90001089401642,2.5,2.5,-4.5436374024537e-06,-9.9999999999981e-05
0.145,-0.037912063065438,0.57737298283364,0.61528504589908,0.99996675506326,0.99993809219965,0.99997910791425,0.99997211768216,2.6552414081286e-05,2.5046323237329e-21,5.6658462271465e-06,3.1237038940947e-06,0.0099976545945576,-5.8774246389892e-06,5.910655465905e-06,-4.1205267998043e-06,-5.1447385614099e-06,-3.1676925613726e-06,0.90003062483017,0.9000111179355,2.5,2.5,-4.5548716257513e-06,-0.0001
0.1475,-0.037912063065438,0.57737298283364,0.61528504589908,0.99996654894102,0.99993816072698,0.99997914517356,0.99997214958334,2.5971369272113e-05,2.4836304836618e-21,5.659695728364e-06,3.1266475938494e-06,0.0099976402237656,-5.7483168213874e-06,5.7808211305806e-06,-4.1365137835812e-06,-5.1469588979307e-06,-3.1512113953662e-06,0.9000305918625,0.90001133698852,2.5,2.5,-4.5658590697579e-06,-0.00010000000000001
0.15,-0.037912063065438,0.57737298283364,0.61528504589908,0.99996634729731,0.99993822775298,0.99997918161703,0.99997218078516,2.5402977020758e-05,2.4630895213514e-21,5.653679938951e-06,3.1295279523136e-06,0.0099976261685345,-5.6220924191112e-06,5.6538859328473e-06,-4.1521521909563e-06,-5.1491303494378e-06,-3.1350921311381e-06,0.9000305596167,0.90001155127649,2.5,2.5,-4.5766052459075e-06,-0.0001
0.1525,-0.037912063065438,0.57737298283364,0.61528504589908,0.99996615003929,0.99993829331058,0.99997921726251,0.99997221130302,2.4846970937737e-05,2.4429992114566e-21,5.6477959082436e-06,3.1323461915477e-06,0.0099976124218342,-5.4986801392074e-06,5.5297782631427e-06,-4.1674494272623e-06,-5.1512540239402e-06,-3.1193267059598e-06,0.90003052807698,0.90001176089901,2.5,2.5,-4.5871155293604e-06,-9.9999999999991e-05
0.155,-0.037912063065438,0.57737298283364,0.61528504589908,0.99996595707539,0.99993835743202,0.99997925212743,0.99997224115199,2.4303088900921e-05,2.4233495717659e-21,5.6420407502307e-06,3.1351035308847e-06,0.0099975989768056,-5.3780114397469e-06,5.4084292657779e-06,-4.1824127691198e-06,-5.1533309997237e-06,-3.1039072536095e-06,0.9000304972279,0.9000119659542,2.5,2.5,-4.5973951642629e-06,-0.0001
0.1575,-0.037912063065438,0.57737298283364,0.61528504589908,0.99996576831539,0.99993842014878,0.99997928622889,0.99997227034679,2.3771073191164e-05,2.4041308550333e-21,5.6364116421434e-06,3.1378011836804e-06,0.0099975858267548,-5.2600202955389e-06,5.2897726053557e-06,-4.1970493623647e-06,-5.1553623267967e-06,-3.0888260971578e-06,0.90003046705436,0.90001216653862,2.5,2.5,-4.6074492685569e-06,-9.9999999999998e-05
0.16,-0.037912063065438,0.57737298283364,0.61528504589908,0.99996558367049,0.99993848149168,0.99997931958356,0.99997229890181,2.3250670591136e-05,2.3853335415515e-21,5.6309058230379e-06,3.1404403542278e-06,0.0099975729651473,-5.1446429950912e-06,5.1737442637088e-06,-4.2113662207444e-06,-5.1573490281997e-06,-3.074075742395e-06,0.90003043754158,0.90001236274724,2.5,2.5,-4.6172828384037e-06,-9.9999999999998e-05
0.1625,-0.037912063065438,0.57737298283364,0.61528504589908,0.99996540305335,0.99993854149085,0.99997935220781,0.99997232683111,2.2741632453877e-05,2.3669483319758e-21,5.6255205925617e-06,3.1430222355799e-06,0.0099975603856024,-5.0318179624379e-06,5.0602823627818e-06,-4.2253702252258e-06,-5.1592921011593e-06,-3.0596488716058e-06,0.90003040867511,0.90001255467337,2.5,2.5,-4.6269007522651e-06,-9.9999999999999e-05
0.165,-0.037912063065438,0.57737298283364,0.61528504589908,0.99996522637813,0.99993860017575,0.9999793841176,0.99997235414845,2.2243714745113e-05,2.3489661408937e-21,5.620253309404e-06,3.145548007387e-06,0.0099975480818884,-4.9214856029167e-06,4.9493270100086e-06,-4.2390681238756e-06,-5.1611925181716e-06,-3.0455383379603e-06,0.90003038044079,0.90001274240863,2.5,2.5,-4.6363077746917e-06,-0.00010000000000001
0.1675,-0.037912063065438,0.57737298283364,0.61528504589908,0.99996505356053,0.99993865757519,0.99997941532858,0.99997238086727,2.175667806407e-05,2.3313780905797e-21,5.6151013902018e-06,3.1480188345099e-06,0.009997536047918,-4.813588166958e-06,4.8408201626506e-06,-4.2524665321604e-06,-5.1630512279508e-06,-3.0317371602266e-06,0.90003035282479,0.90001292604296,2.5,2.5,-4.6455085598493e-06,-0.0001
0.17,-0.037912063065438,0.57737298283364,0.61528504589908,0.99996488451781,0.99993871371733,0.99997944585604,0.9999724070007,2.1280287645819e-05,2.3141755051514e-21,5.6100623081798e-06,3.1504358656571e-06,0.0099975242777439,-4.7080696308221e-06,4.734705508751e-06,-4.2655719336364e-06,-5.1648691563205e-06,-3.0182385177693e-06,0.90003032581358,0.90001310566462,2.5,2.5,-4.6545076548183e-06,-9.9999999999991e-05
0.1725,-0.037912063065438,0.57737298283364,0.61528504589908,0.99996471916876,0.99993876862975,0.99997947571494,0.9999724325616,2.0814313348534e-05,2.2973499051018e-21,5.6051335919131e-06,3.152800232325e-06,0.0099975127655549,-4.6048755915773e-06,4.6309283619727e-06,-4.2783906809348e-06,-5.1666472070224e-06,-3.0050357459682e-06,0.90003029939393,0.90001328136014,2.5,2.5,-4.6633095026907e-06,-9.9999999999998e-05
0.175,-0.037912063065438,0.57737298283364,0.61528504589908,0.99996455743377,0.99993882233939,0.99997950491992,0.99997245756252,2.0358529628126e-05,2.2808930020803e-21,5.6003128240757e-06,3.1551130480595e-06,0.009997501505672,-4.5039531738223e-06,4.5294355687614e-06,-4.2909289970196e-06,-5.1683862624607e-06,-2.992122331758e-06,0.90003027355288,0.90001345321436,2.5,2.5,-4.6719184454919e-06,-0.00010000000000001
0.1775,-0.037912063065438,0.57737298283364,0.61528504589908,0.99996439923475,0.99993887487261,0.9999795334853,0.99997248201576,1.9912715502025e-05,2.2647966938995e-21,5.595597640402e-06,3.1573754078732e-06,0.0099974904925446,-4.4052509474321e-06,4.4301754257747e-06,-4.3031929766371e-06,-5.1700871843923e-06,-2.9794919095847e-06,0.90003024827777,0.90001362131043,2.5,2.5,-4.680338726941e-06,-9.9999999999997e-05
0.18,-0.037912063065438,0.57737298283364,0.61528504589908,0.99996424449518,0.99993892625518,0.99997956142507,0.99997250593333,1.9476654504806e-05,2.2490530597231e-21,5.5909857283002e-06,3.1595883877815e-06,0.0099974797207475,-4.30871885378e-06,4.3330976063799e-06,-4.3151885879448e-06,-5.1717508145892e-06,-2.9671382573929e-06,0.9000302235562,0.90001378572982,2.5,2.5,-4.6885744950748e-06,-9.9999999999988e-05
0.1825,-0.037912063065438,0.57737298283364,0.61528504589908,0.99996409314009,0.99993897651232,0.99997958875294,0.99997252932697,1.905013463618e-05,2.2336543556451e-21,5.5864748259056e-06,3.1617530444426e-06,0.0099974691849772,-4.2143081396591e-06,4.2381530946749e-06,-4.3269216742818e-06,-5.1733779754088e-06,-2.9550552928867e-06,0.90003019937606,0.90001394655234,2.5,2.5,-4.6966298047406e-06,-0.00010000000000001
0.185,-0.037912063065438,0.57737298283364,0.61528504589908,0.99996394509602,0.99993902566869,0.9999796154823,0.99997255220818,1.8632948303721e-05,2.2185930102098e-21,5.5820627208661e-06,3.1638704150238e-06,0.0099974588800489,-4.1219712988301e-06,4.1452941265302e-06,-4.3383979560371e-06,-5.1749694704001e-06,-2.9432370700271e-06,0.90003017572549,0.90001410385616,2.5,2.5,-4.7045086199824e-06,-0.00010000000000001
0.1875,-0.037912063065438,0.57737298283364,0.61528504589908,0.99996380029102,0.99993907374839,0.99997964162625,0.99997257458818,1.8224892260496e-05,2.2038616202532e-21,5.5777472493083e-06,3.1659415170771e-06,0.0099974488008939,-4.0316620176847e-06,4.054474135904e-06,-4.3496230326028e-06,-5.176526084793e-06,-2.9316777755243e-06,0.90003015259289,0.90001425771783,2.5,2.5,-4.7122148163181e-06,-9.9999999999999e-05
0.19,-0.037912063065438,0.57737298283364,0.61528504589908,0.99996365865466,0.99993912077502,0.99997966719762,0.99997259647796,1.7825767539522e-05,2.1894529468601e-21,5.5735262947577e-06,3.1679673485088e-06,0.009997438942556,-3.943335127415e-06,3.9656477064974e-06,-4.3606023844064e-06,-5.1780485860303e-06,-2.9203717256037e-06,0.90003012996693,0.90001440821228,2.5,2.5,-4.7197521829292e-06,-9.9999999999991e-05
0.1925,-0.037912063065438,0.57737298283364,0.61528504589908,0.99996352011795,0.99993916677166,0.99997969220895,0.99997261788827,1.743537938484e-05,2.1753599114392e-21,5.569397787106e-06,3.1699488875956e-06,0.0099974293001896,-3.8569465599132e-06,3.8787705277012e-06,-4.3713413749746e-06,-5.1795377242383e-06,-2.9093133628572e-06,0.90003010783651,0.90001455541288,2.5,2.5,-4.7271244247646e-06,-9.9999999999998e-05
0.195,-0.037912063065438,0.57737298283364,0.61528504589908,0.99996338461336,0.99993921176085,0.99997971667249,0.99997263882961,1.7053537180966e-05,2.1615755919908e-21,5.5653597015234e-06,3.1718870931886e-06,0.0099974198690564,-3.7724533069339e-06,3.7937993539407e-06,-4.3818452530368e-06,-5.180994232671e-06,-2.898497253148e-06,0.90003008619078,0.90001469939144,2.5,2.5,-4.7343351645658e-06,-0.0001
0.1975,-0.037912063065438,0.57737298283364,0.61528504589908,0.99996325207478,0.99993925576467,0.99997974060024,0.99997265931227,1.6680054380287e-05,2.1480932194343e-21,5.5614100576355e-06,3.1737829047595e-06,0.0099974106445229,-3.6898133836259e-06,3.7106919676945e-06,-4.3921191546483e-06,-5.1824188281607e-06,-2.8879180827642e-06,0.90003006501912,0.90001484021827,2.5,2.5,-4.7413879448237e-06,-0.00010000000000001
0.2,-0.037912063065438,0.57737298283364,0.61528504589908,0.99996312243751,0.99993929880471,0.99997976400395,0.99997267934629,1.6314748429651e-05,2.1349061739923e-21,5.557546918383e-06,3.1756372425411e-06,0.0099974016220584,-3.6089857938062e-06,3.6294071452115e-06,-4.4021681053262e-06,-5.1838122115133e-06,-2.8775706555022e-06,0.90003004431115,0.90001497796214,2.5,2.5,-4.748286229668e-06,-9.9999999999984e-05
0.2025,-0.037912063065438,0.57737298283364,0.61528504589908,0.99996299563824,0.99993934090207,0.99997978689507,0.9999726989415,1.5957440696325e-05,2.1220079819195e-21,5.5537683891202e-06,3.1774510078862e-06,0.0099973927972322,-3.5299304982519e-06,3.5499046243761e-06,-4.4119970221834e-06,-5.1851750679174e-06,-2.8674498899528e-06,0.90003002405672,0.90001511269038,2.5,2.5,-4.7550334066971e-06,-0.00010000000000002
0.205,-0.037912063065438,0.57737298283364,0.61528504589908,0.999962871615,0.99993938207741,0.99997980928485,0.99997271810752,1.5607956393336e-05,2.1093923120259e-21,5.5500726167032e-06,3.1792250834398e-06,0.0099973841657112,-3.4526083853609e-06,3.4721450753708e-06,-4.4216107160618e-06,-5.186508067325e-06,-2.8575508168718e-06,0.9000300042459,0.90001524446886,2.5,2.5,-4.7616327887497e-06,-9.9999999999982e-05
0.2075,-0.037912063065438,0.57737298283364,0.61528504589908,0.99996275030715,0.99993942235092,0.99997983118425,0.99997273685375,1.526612450507e-05,2.0970529724704e-21,5.5464577886647e-06,3.1809603333581e-06,0.0099973757232581,-3.3769812432013e-06,3.3960900727391e-06,-4.4310138936515e-06,-5.1878118648176e-06,-2.8478685765606e-06,0.90002998486896,0.90001537336204,2.5,2.5,-4.7680876156266e-06,-0.0001
0.21,-0.037912063065438,0.57737298283364,0.61528504589908,0.99996263165535,0.99993946174235,0.99997985260402,0.99997275518939,1.4931777712995e-05,2.0849839076637e-21,5.542922132072e-06,3.1826576036164e-06,0.0099973674657288,-3.3030117334996e-06,3.3217020692221e-06,-4.440211159591e-06,-5.1890871009552e-06,-2.8383984163606e-06,0.90002996591642,0.90001549943299,2.5,2.5,-4.7744010557583e-06,-9.9999999999998e-05
0.2125,-0.037912063065438,0.57737298283364,0.61528504589908,0.99996251560156,0.99993950027103,0.99997987355466,0.99997277312343,1.4604752321682e-05,2.0731791950815e-21,5.5394639129969e-06,3.1843177222929e-06,0.0099973593890704,-3.2306633672896e-06,3.2489443713354e-06,-4.4492070185562e-06,-5.1903344021277e-06,-2.8291356882524e-06,0.90002994737897,0.9000156227434,2.5,2.5,-4.78057620783e-06,-0.00010000000000001
0.215,-0.037912063065438,0.57737298283364,0.61528504589908,0.99996240208897,0.99993953795585,0.99997989404644,0.99997279066467,1.4284888185591e-05,2.0616330424418e-21,5.5360814353522e-06,3.1859414999261e-06,0.0099973514893192,-3.1599004816351e-06,3.1777811159907e-06,-4.4580058773138e-06,-5.1915543808833e-06,-2.820075846465e-06,0.90002992924752,0.90001574335365,2.5,2.5,-4.78661610236e-06,-0.00010000000000001
0.2175,-0.037912063065438,0.57737298283364,0.61528504589908,0.99996229106201,0.9999395748153,0.99997991408943,0.99997280782172,1.3972028636491e-05,2.0503397845922e-21,5.5327730403e-06,3.1875297296983e-06,0.0099973437625986,-3.0906882175535e-06,3.1081772484099e-06,-4.4666120467666e-06,-5.1927476362471e-06,-2.8112144451479e-06,0.90002991151318,0.90001586132279,2.5,2.5,-4.7925237032365e-06,-9.9999999999999e-05
0.22,-0.037912063065438,0.57737298283364,0.61528504589908,0.99996218246631,0.99993961086746,0.99997993369343,0.99997282460298,1.3666020411595e-05,2.0392938808402e-21,5.5295371052406e-06,3.1890831878743e-06,0.0099973362051174,-3.0229924991313e-06,3.0400985010483e-06,-4.4750297439456e-06,-5.1939147540372e-06,-2.8025471361819e-06,0.90002989416726,0.90001597670861,2.5,2.5,-4.7983019092144e-06,-9.999999999998e-05
0.2225,-0.037912063065438,0.57737298283364,0.61528504589908,0.9999620762487,0.99993964612999,0.99997995286807,0.9999728410167,1.3366713582937e-05,2.0284899121007e-21,5.526372043219e-06,3.1906026340116e-06,0.0099973288131673,-2.9567800135567e-06,2.9735113736633e-06,-4.4832630939941e-06,-5.1950563071605e-06,-2.7940696669345e-06,0.90002987720124,0.90001608956761,2.5,2.5,-4.8039535553736e-06,-0.00010000000000002
0.225,-0.037912063065438,0.57737298283364,0.61528504589908,0.99996197235713,0.99993968062021,0.99997997162276,0.99997285707092,1.3073961487323e-05,2.017922578214e-21,5.5232763019494e-06,3.1920888113589e-06,0.0099973215831219,-2.8920181919156e-06,2.9083831138177e-06,-4.4913161321106e-06,-5.1961728559182e-06,-2.7857778781857e-06,0.90002986060681,0.90001619995511,2.5,2.5,-4.8094814145409e-06,-9.9999999999992e-05
0.2275,-0.037912063065438,0.57737298283364,0.61528504589908,0.99996187074071,0.99993971435503,0.99997998996668,0.99997287277352,1.2787620657886e-05,2.0075866952895e-21,5.5202483631435e-06,3.1935424471074e-06,0.0099973145114339,-2.8286751905773e-06,2.8446816986224e-06,-4.4991928054552e-06,-5.1972649482718e-06,-2.7776677019865e-06,0.90002984437583,0.90001630792518,2.5,2.5,-4.8148881986773e-06,-0.00010000000000001
0.23,-0.037912063065438,0.57737298283364,0.61528504589908,0.99996177134966,0.99993974735099,0.99998000790884,0.9999728881322,1.2507550756013e-05,1.9974771930859e-21,5.5172867418731e-06,3.1949642527539e-06,0.0099973075946342,-2.7667198740843e-06,2.7823758169468e-06,-4.5068969750303e-06,-5.1983331201466e-06,-2.7697351596548e-06,0.90002982850034,0.90001641353073,2.5,2.5,-4.82017656023e-06,-9.9999999999976e-05
0.2325,-0.037912063065438,0.57737298283364,0.61528504589908,0.99996167413525,0.99993977962427,0.99998002545803,0.99997290315449,1.2233614505221e-05,1.9875891126779e-21,5.5143899855795e-06,3.1963549243877e-06,0.0099973008293297,-2.7061217975389e-06,2.7214348522292e-06,-4.5144324175288e-06,-5.1993778956805e-06,-2.761976359819e-06,0.90002981297255,0.90001651682353,2.5,2.5,-4.825349093454e-06,-0.00010000000000001
0.235,-0.037912063065438,0.57737298283364,0.61528504589908,0.99996157904986,0.99993981119071,0.99998004262287,0.99997291784776,1.1965677625586e-05,1.9779176037602e-21,5.5115566736598e-06,3.1977151429877e-06,0.0099972942122017,-2.6468511905838e-06,2.6618288660735e-06,-4.5218028271388e-06,-5.2003997875042e-06,-2.7543874964515e-06,0.90002979778484,0.90001661785419,2.5,2.5,-4.8304083357e-06,-0.00010000000000001
0.2375,-0.037912063065438,0.57737298283364,0.61528504589908,0.99996148604686,0.99993984206578,0.99998005941176,0.99997293221922,1.1703608769598e-05,1.9684579224142e-21,5.5087854165324e-06,3.1990455747526e-06,0.0099972877400044,-2.5888789411977e-06,2.603528582226e-06,-4.52901181732e-06,-5.2013992969833e-06,-2.7469648469875e-06,0.90002978292978,0.90001671667223,2.5,2.5,-4.8353567686735e-06,-9.9999999999988e-05
0.24,-0.037912063065438,0.57737298283364,0.61528504589908,0.99996139508069,0.99993987226463,0.99998007583295,0.99997294627592,1.144727945929e-05,1.9592054287123e-21,5.5060748551181e-06,3.2003468714526e-06,0.0099972814095629,-2.5321765807431e-06,2.5465053711637e-06,-4.5360629225495e-06,-5.2023769144811e-06,-2.7397047705047e-06,0.90002976840007,0.90001681332611,2.5,2.5,-4.8401968196651e-06,-0.0001
0.2425,-0.037912063065438,0.57737298283364,0.61528504589908,0.99996130610674,0.99993990180206,0.99998009189448,0.99997296002475,1.1196564024258e-05,1.9501555843921e-21,5.5034236600077e-06,3.2016196705974e-06,0.0099972752177723,-2.4767162685865e-06,2.4907312351283e-06,-4.5429596000216e-06,-5.2033331196016e-06,-2.7326037058701e-06,0.90002975418859,0.9000169078632,2.5,2.5,-4.8449308627499e-06,-9.9999999999992e-05
0.245,-0.037912063065438,0.57737298283364,0.61528504589908,0.99996121908139,0.99993993069257,0.99998010760424,0.99997297347244,1.0951339541343e-05,1.9413039507028e-21,5.5008305310009e-06,3.2028645958957e-06,0.0099972691615953,-2.4224707780633e-06,2.4361787935203e-06,-4.5497052313277e-06,-5.2042683814236e-06,-2.7256581700597e-06,0.90002974028836,0.90001700032985,2.5,2.5,-4.849561219961e-06,-0.0001
0.2475,-0.037912063065438,0.57737298283364,0.61528504589908,0.99996113396199,0.99993995895032,0.99998012296992,0.99997298662561,1.0711485774979e-05,1.9326461861228e-21,5.498294196359e-06,3.2040822573815e-06,0.0099972632380616,-2.3694134821018e-06,2.3828212689208e-06,-4.5563031240931e-06,-5.2051831587335e-06,-2.7188647563472e-06,0.90002972669258,0.90001709077139,2.5,2.5,-4.8540901624364e-06,-9.9999999999999e-05
0.25,-0.037912063065438,0.57737298283364,0.61528504589908,0.99996105070679,0.99993998658918,0.99998013799907,0.9999729994907,1.0476885119144e-05,1.9241780442721e-21,5.4958134121336e-06,3.205273251867e-06,0.0099972574442658,-2.3175183399042e-06,2.3306324732992e-06,-4.5627565135831e-06,-5.206077900261e-06,-2.7122201326917e-06,0.90002971339457,0.90001717923217,2.5,2.5,-4.8585199115392e-06,-0.00010000000000002
0.2525,-0.037912063065438,0.57737298283364,0.61528504589908,0.99996096927498,0.99994001362269,0.99998015269905,0.99997301207402,1.0247422540309e-05,1.9158953718428e-21,5.4933869617084e-06,3.2064381631116e-06,0.009997251777366,-2.2667598834755e-06,2.2795867947104e-06,-4.569068564272e-06,-5.2069530448939e-06,-2.7057210400685e-06,0.90002970038781,0.90001726575556,2.5,2.5,-4.8628526399527e-06,-9.9999999999983e-05
0.255,-0.037912063065438,0.57737298283364,0.61528504589908,0.99996088962663,0.99994004006412,0.99998016707707,0.99997302438174,1.0022985521581e-05,1.9077941065173e-21,5.4928884622281e-06,3.2075775621191e-06,0.009997246234583,-2.2171132047719e-06,2.2296591842638e-06,-4.5752423713945e-06,-5.2078090218984e-06,-2.6993642908818e-06,0.90002968766593,0.90001735038398,2.5,2.5,-4.8670904727502e-06,-0.00010000000000001
0.2575,-0.037912063065438,0.57737298283364,0.61528504589908,0.99996081172269,0.99994006592643,0.99998018114019,0.99997303641989,9.8034640078983e-06,1.8998702749361e-21,5.4948312293364e-06,3.2086920074559e-06,0.0099972408131982,-2.1685539429801e-06,2.1808251435079e-06,-4.5812809624345e-06,-5.2086462511311e-06,-2.693146767337e-06,0.90002967522268,0.90001743315893,2.5,2.5,-4.871235488441e-06,-9.9999999999991e-05
0.26,-0.037912063065438,0.57737298283364,0.61528504589908,0.99996073552496,0.9999400912223,0.9999801948953,0.99997304819439,9.5887503526658e-06,1.8921199908436e-21,5.4967314481841e-06,3.2097820454344e-06,0.0099972355105525,-2.1210582726883e-06,2.1330607121867e-06,-4.5871872986212e-06,-5.2094651432437e-06,-2.6870654200029e-06,0.90002966305196,0.90001751412099,2.5,2.5,-4.8752897199948e-06,-0.00010000000000001
0.2625,-0.037912063065438,0.57737298283364,0.61528504589908,0.99996066099606,0.99994011596415,0.99998020834915,0.99997305971101,9.3787392651289e-06,1.8845394531089e-21,5.4985900503611e-06,3.2108482104794e-06,0.0099972303240453,-2.0746028913333e-06,2.0863424560047e-06,-4.5929642763604e-06,-5.2102660998885e-06,-2.6811172662448e-06,0.9000296511478,0.90001759330988,2.5,2.5,-4.8792551558393e-06,-0.00010000000000001
0.265,-0.037912063065438,0.57737298283364,0.61528504589908,0.99996058809947,0.99994014016411,0.99998022150833,0.99997307097538,9.1733277591095e-06,1.8771249438447e-21,5.5004079471314e-06,3.2118910253312e-06,0.0099972252511327,-2.029165008015e-06,2.0406474552014e-06,-4.5986147286568e-06,-5.2110495139186e-06,-2.6752993887425e-06,0.90002963950436,0.90001767076442,2.5,2.5,-4.8831337408405e-06,-9.9999999999989e-05
0.2675,-0.037912063065438,0.57737298283364,0.61528504589908,0.99996051679942,0.99994016383404,0.99998023437931,0.99997308199305,8.9724151026748e-06,1.8698728266396e-21,5.5021860298048e-06,3.2129110012731e-06,0.0099972202893269,-1.9847223319165e-06,1.9959532928952e-06,-4.6041414264911e-06,-5.2118157695732e-06,-2.6696089341074e-06,0.90002962811594,0.90001774652259,2.5,2.5,-4.8869273772561e-06,-0.00010000000000001
0.27,-0.037912063065438,0.57737298283364,0.61528504589908,0.99996044706096,0.99994018698556,0.99998024696838,0.99997309276941,8.7759027691276e-06,1.8627795447406e-21,5.5039251701933e-06,3.21390863842e-06,0.0099972154361943,-1.9412530614724e-06,1.952238044059e-06,-4.6095470801776e-06,-5.212565242675e-06,-2.6640431114938e-06,0.90002961697694,0.90001782062154,2.5,2.5,-4.8906379256725e-06,-9.9999999999977e-05
0.2725,-0.037912063065438,0.57737298283364,0.61528504589908,0.99996037884988,0.99994020963002,0.99998025928174,0.99997310330975,8.5836943886353e-06,1.8558416192586e-21,5.5056262210582e-06,3.2148844259638e-06,0.0099972106893546,-1.8987358729418e-06,1.9094802645067e-06,-4.6148343406957e-06,-5.2132983008135e-06,-2.6585991911257e-06,0.90002960608192,0.90001789309761,2.5,2.5,-4.8942672059175e-06,-0.00010000000000003
0.275,-0.037912063065438,0.57737298283364,0.61528504589908,0.99996031213274,0.99994023177852,0.9999802713254,0.99997311361923,8.3956957013653e-06,1.849055647572e-21,5.5072900165344e-06,3.2158388423839e-06,0.0099972060464798,-1.8571499104645e-06,1.8676589803162e-06,-4.620005800969e-06,-5.2140153035245e-06,-2.6532745030717e-06,0.90002959542551,0.90001796398635,2.5,2.5,-4.8978169979544e-06,-9.9999999999991e-05
0.2775,-0.037912063065438,0.57737298283364,0.61528504589908,0.99996024687682,0.99994025344192,0.99998028310529,0.99997312370292,8.2118145111363e-06,1.8424183015427e-21,5.5089173724185e-06,3.2167723556383e-06,0.0099972015052929,-1.8164747754573e-06,1.8267536775406e-06,-4.6250639971583e-06,-5.2147166024618e-06,-2.648066435859e-06,0.9000295850025,0.9000180333225,2.5,2.5,-4.9012890427564e-06,-9.9999999999998e-05
0.28,-0.037912063065438,0.57737298283364,0.61528504589908,0.99996018305012,0.99994027463086,0.99998029462718,0.99997313356575,8.0319606405551e-06,1.8359263259803e-21,5.5105090867506e-06,3.2176854235373e-06,0.0099971970635666,-1.7766905165978e-06,1.7867442919071e-06,-4.6300114098828e-06,-5.2154025415808e-06,-2.6429724352588e-06,0.90002957480777,0.90001810114009,2.5,2.5,-4.9046850431612e-06,-0.0001
0.2825,-0.037912063065438,0.57737298283364,0.61528504589908,0.99996012062133,0.99994029535572,0.99998030589671,0.99997314321257,7.8560458867328e-06,1.8295765369361e-21,5.5120659400441e-06,3.2185784938144e-06,0.0099971927191225,-1.7377776197385e-06,1.7476111989664e-06,-4.6348504654451e-06,-5.2160734573e-06,-2.6379900029438e-06,0.90002956483632,0.90001816747236,2.5,2.5,-4.9080066647069e-06,-9.9999999999989e-05
0.285,-0.037912063065438,0.57737298283364,0.61528504589908,0.99996005955983,0.99994031562667,0.99998031691943,0.99997315264811,7.6839839781942e-06,1.8233658202252e-21,5.5135886957765e-06,3.2194520044235e-06,0.00999718846983,-1.6997169985713e-06,1.7093352043815e-06,-4.6395835370135e-06,-5.2167296786701e-06,-2.6331166953228e-06,0.90002955508327,0.90001823235184,2.5,2.5,-4.9112555364498e-06,-0.00010000000000001
0.2875,-0.037912063065438,0.57737298283364,0.61528504589908,0.9999599998357,0.99994033545365,0.99998032770072,0.99997316187699,7.5156905325779e-06,1.817291129908e-21,5.5150781006585e-06,3.2203063837195e-06,0.0099971843136051,-1.6624899851024e-06,1.6718975345178e-06,-4.6442129457906e-06,-5.217371527529e-06,-2.6283501223559e-06,0.90002954554383,0.90001829581036,2.5,2.5,-4.9144332517634e-06,-9.9999999999998e-05
0.29,-0.037912063065438,0.57737298283364,0.61528504589908,0.99995994141962,0.99994035484637,0.99998033824588,0.99997317090374,7.3510830153885e-06,1.8113494867192e-21,5.5165348851194e-06,3.2211420506777e-06,0.0099971802484093,-1.6260783203453e-06,1.6352798271397e-06,-4.648740962144e-06,-5.2179993186699e-06,-2.6236879463137e-06,0.90002953621332,0.90001835787903,2.5,2.5,-4.9175413691213e-06,-9.9999999999987e-05
0.2925,-0.037912063065438,0.57737298283364,0.61528504589908,0.99995988428297,0.99994037381437,0.99998034856009,0.99997317973279,7.1900806994434e-06,1.8055379766503e-21,5.5179597635267e-06,3.2219594151048e-06,0.0099971762722489,-1.5904641455834e-06,1.5994641223879e-06,-4.6531698067242e-06,-5.2186133599865e-06,-2.6191278807122e-06,0.90002952708717,0.90001841858829,2.5,2.5,-4.9205814128609e-06,-0.0001
0.295,-0.037912063065438,0.57737298283364,0.61528504589908,0.9999598283977,0.99994039236692,0.99998035864839,0.99997318836847,7.0326046255002e-06,1.7998537495575e-21,5.5193534346858e-06,3.2227588778688e-06,0.0099971723831739,-1.5556299931128e-06,1.5644328538757e-06,-4.6575016515489e-06,-5.2192139526319e-06,-2.6146676891009e-06,0.9000295181609,0.90001847796791,2.5,2.5,-4.9235548739319e-06,-9.9999999999993e-05
0.2975,-0.037912063065438,0.57737298283364,0.61528504589908,0.99995977373643,0.99994041051314,0.99998036851575,0.99997319681501,6.8785775634178e-06,1.794294017654e-21,5.5207165820172e-06,3.2235408310148e-06,0.009997168579277,-1.5215587783747e-06,1.5301688402143e-06,-4.6617386210682e-06,-5.2198013911613e-06,-2.6103051840579e-06,0.90002950943013,0.90001853604702,2.5,2.5,-4.926463210628e-06,-0.00010000000000001
0.3,-0.037912063065438,0.57737298283364,0.61528504589908,0.99995972027234,0.99994042826193,0.99998037816699,0.99997320507655,6.7279239743916e-06,1.788856054289e-21,5.5220498740657e-06,3.2243056580294e-06,0.0099971648586925,-1.4882337907387e-06,1.496655276332e-06,-4.6658827932068e-06,-5.2203759636757e-06,-2.6060382260425e-06,0.90002950089058,0.9000185928541,2.5,2.5,-4.9293078493023e-06,-0.0001
0.3025,-0.037912063065438,0.57737298283364,0.61528504589908,0.9999596679792,0.99994044562198,0.99998038760685,0.99997321315715,6.5805699739394e-06,1.78353719247e-21,5.5233539646536e-06,3.2250537339819e-06,0.0099971612195958,-1.45563868585e-06,1.4638757253184e-06,-4.669936200382e-06,-5.22093795197e-06,-2.6018647224058e-06,0.90002949253806,0.90001864841701,2.5,2.5,-4.9320901850665e-06,-9.9999999999991e-05
0.305,-0.037912063065438,0.57737298283364,0.61528504589908,0.99995961683139,0.99994046260182,0.99998039683995,0.99997322106077,6.4364432956212e-06,1.7783348236436e-21,5.5246294933615e-06,3.2257854257341e-06,0.0099971576602021,-1.4237574773809e-06,1.4318141104789e-06,-4.6739008305036e-06,-5.2214876316601e-06,-2.5977826262868e-06,0.90002948436848,0.90001870276299,2.5,2.5,-4.934811582476e-06,-0.00010000000000002
0.3075,-0.037912063065438,0.57737298283364,0.61528504589908,0.9999595668038,0.99994047920977,0.99998040587084,0.99997322879129,6.295473255688e-06,1.7732463964e-21,5.5258770857289e-06,3.226501092134e-06,0.0099971541787658,-1.3925745292768e-06,1.4004547071874e-06,-4.6777786279346e-06,-5.2220252723323e-06,-2.5937899357038e-06,0.90002947637782,0.9000187559187,2.5,2.5,-4.9374733761991e-06,-9.9999999999992e-05
0.31,-0.037912063065438,0.57737298283364,0.61528504589908,0.99995951787191,0.99994049545397,0.99998041470393,0.99997323635249,6.157590718419e-06,1.7682694152129e-21,5.527097353593e-06,3.2272010841663e-06,0.0099971507735794,-1.3620745478388e-06,1.3697821352825e-06,-4.6815714944649e-06,-5.2225511376658e-06,-2.5898846924893e-06,0.90002946856218,0.90001880791021,2.5,2.5,-4.9400768716713e-06,-0.0001
0.3125,-0.037912063065438,0.57737298283364,0.61528504589908,0.99995947001171,0.99994051134239,0.99998042334357,0.99997324374809,6.0227280622069e-06,1.7634014391902e-21,5.5282908953852e-06,3.2278857450859e-06,0.009997147442973,-1.3322425746555e-06,1.3397813516376e-06,-4.6852812902314e-06,-5.223065485563e-06,-2.586064981396e-06,0.90002946091771,0.90001885876301,2.5,2.5,-4.9426233457367e-06,-9.9999999999996e-05
0.315,-0.037912063065438,0.57737298283364,0.61528504589908,0.99995942319974,0.99994052688283,0.99998043179398,0.99997325098171,5.8908191464349e-06,1.7586400808957e-21,5.5294582964492e-06,3.228555410736e-06,0.009997144185313,-1.3030639786636e-06,1.3104376424754e-06,-4.6889098346292e-06,-5.2235685682787e-06,-2.5823289290914e-06,0.90002945344068,0.90001890850205,2.5,2.5,-4.945114047273e-06,-9.9999999999999e-05
0.3175,-0.037912063065438,0.57737298283364,0.61528504589908,0.99995937741304,0.99994054208291,0.9999804400593,0.9999732580569,5.7617992789964e-06,1.7539830052126e-21,5.5306001293277e-06,3.2292104094625e-06,0.0099971409990019,-1.2745244495578e-06,1.2817366164752e-06,-4.6924589072036e-06,-5.2240606325431e-06,-2.5786747032895e-06,0.9000294461274,0.90001895715172,2.5,2.5,-4.9475501978046e-06,-0.00010000000000001
0.32,-0.037912063065438,0.57737298283364,0.61528504589908,0.99995933262916,0.99994055695007,0.99998044814361,0.99997326497713,5.6356051846589e-06,1.7494279281508e-21,5.5317169539812e-06,3.2298510625476e-06,0.0099971378824769,-1.2466099903446e-06,1.2536641974129e-06,-4.6959302485334e-06,-5.224541919679e-06,-2.5751005118489e-06,0.9000294389743,0.90001900473588,2.5,2.5,-4.9499329921022e-06,-9.9999999999991e-05
0.3225,-0.037912063065438,0.57737298283364,0.61528504589908,0.99995928882612,0.99994057149161,0.99998045605085,0.9999732717458,5.5121749739424e-06,1.7449726157641e-21,5.5328093181249e-06,3.2304776841482e-06,0.0099971348342096,-1.2193069106241e-06,1.2262066175051e-06,-4.6993255610719e-06,-5.2250126657283e-06,-2.5716046018499e-06,0.90002943197787,0.90001905127785,2.5,2.5,-4.9522635987685e-06,-0.0001
0.325,-0.037912063065438,0.57737298283364,0.61528504589908,0.99995924598245,0.99994058571467,0.99998046378491,0.99997327836622,5.3914481129206e-06,1.7406148829914e-21,5.5338777575188e-06,3.2310905815831e-06,0.0099971318527051,-1.1926018199533e-06,1.1993504104451e-06,-4.7026465099843e-06,-5.2254731015636e-06,-2.5681852587812e-06,0.90002942513467,0.90001909680048,2.5,2.5,-4.9545431608111e-06,-9.9999999999995e-05
0.3275,-0.037912063065438,0.57737298283364,0.61528504589908,0.99995920407714,0.99994059962622,0.99998047134957,0.99997328484164,5.2733653933283e-06,1.7363525926748e-21,5.5349227961239e-06,3.2316900554498e-06,0.009997128936501,-1.1664816211147e-06,1.1730824049392e-06,-4.70589472397e-06,-5.2259234529932e-06,-2.5648408056992e-06,0.90002941844135,0.90001914132608,2.5,2.5,-4.9567727962036e-06,-0.00010000000000002
0.33,-0.037912063065438,0.57737298283364,0.61528504589908,0.99995916308963,0.99994061323308,0.99998047874856,0.99997329117524,5.1578689037551e-06,1.7321836544549e-21,5.5359449464715e-06,3.2322763997346e-06,0.0099971260841673,-1.1409335036922e-06,1.1473897181703e-06,-4.7090717960544e-06,-5.2263639408863e-06,-2.5615696023446e-06,0.90002941189462,0.90001918487649,2.5,2.5,-4.9589535984333e-06,-0.0001
0.3325,-0.037912063065438,0.57737298283364,0.61528504589908,0.99995912299982,0.99994062654192,0.9999804859855,0.99997329737012,5.0449020010327e-06,1.728106023714e-21,5.5369447098453e-06,3.2328499020097e-06,0.0099971232943049,-1.11594493818e-06,1.1222597495119e-06,-4.7121792843777e-06,-5.2267947812775e-06,-2.5583700444431e-06,0.90002940549128,0.90001922747307,2.5,2.5,-4.9610866370386e-06,-9.999999999998e-05
0.335,-0.037912063065438,0.57737298283364,0.61528504589908,0.99995908378805,0.99994063955927,0.99998049306393,0.99997330342932,4.9344092826279e-06,1.7241177006805e-21,5.5379225765514e-06,3.2334108435194e-06,0.0099971205655458,-1.0915036690007e-06,1.0976801742887e-06,-4.7152187129483e-06,-5.227216185458e-06,-2.5552405628028e-06,0.90002939922819,0.90001926913671,2.5,2.5,-4.9631729581325e-06,-0.00010000000000001
0.3375,-0.037912063065438,0.57737298283364,0.61528504589908,0.99995904543509,0.99994065229152,0.99998049998733,0.99997330935581,4.8263365594174e-06,1.7202167293205e-21,5.5388790262101e-06,3.2339594993755e-06,0.0099971178965515,-1.0675977094403e-06,1.0736389377986e-06,-4.7181915724018e-06,-5.227628360107e-06,-2.5521796226227e-06,0.90002939310227,0.90001930988785,2.5,2.5,-4.9652135849155e-06,-9.9999999999984e-05
0.34,-0.037912063065438,0.57737298283364,0.61528504589908,0.99995900792214,0.99994066474491,0.9999805067591,0.9999733151525,4.7206308290867e-06,1.71640119649e-21,5.5398145278414e-06,3.2344961386717e-06,0.0099971152860131,-1.044215335167e-06,1.0501242493819e-06,-4.7210993207185e-06,-5.2280315073613e-06,-2.5491857227339e-06,0.90002938711052,0.90001934974646,2.5,2.5,-4.9672095181788e-06,-0.00010000000000001
0.3425,-0.037912063065438,0.57737298283364,0.61528504589908,0.99995897123078,0.99994067692555,0.99998051338255,0.99997332082223,4.6172402501752e-06,1.7126692309173e-21,5.5407295402407e-06,3.2350210245625e-06,0.0099971127326504,-1.0213450785508e-06,1.0271245765915e-06,-4.7239433839608e-06,-5.2284258249407e-06,-2.5462573948109e-06,0.90002938125,0.90001938873209,2.5,2.5,-4.9691617367941e-06,-0.0001
0.345,-0.037912063065438,0.57737298283364,0.61528504589908,0.99995893534304,0.99994068883941,0.99998051986094,0.99997332636779,4.5161141165883e-06,1.7090190023188e-21,5.5416245121803e-06,3.2355344144834e-06,0.0099971102352111,-9.9897572324254e-07,1.0046286395718e-06,-4.7267251569411e-06,-5.228811506233e-06,-2.5433932027093e-06,0.90002937551783,0.90001942686387,2.5,2.5,-4.9710711981936e-06,-0.0001
0.3475,-0.037912063065438,0.57737298283364,0.61528504589908,0.9999589002413,0.99994070049233,0.99998052619744,0.99997333179188,4.4172028328366e-06,1.7054487205347e-21,5.5424998825918e-06,3.2360365602266e-06,0.0099971077924704,-9.7709629863579e-07,9.8262540559403e-07,-4.7294460039341e-06,-5.2291887403871e-06,-2.5405917417343e-06,0.90002936991121,0.9000194641605,2.5,2.5,-4.9729388388404e-06,-9.9999999999986e-05
0.35,-0.037912063065438,0.57737298283364,0.61528504589908,0.99995886590836,0.99994071189004,0.99998053239516,0.99997333709718,4.3204578896419e-06,1.7019566345274e-21,5.5433560807749e-06,3.236527708032e-06,0.0099971054032302,-9.5569607422583e-07,9.6110408346217e-07,-4.7321072593303e-06,-5.229557712411e-06,-2.5378516379706e-06,0.90002936442739,0.90001950064026,2.5,2.5,-4.9747655746869e-06,-0.00010000000000001
0.3525,-0.037912063065438,0.57737298283364,0.61528504589908,0.99995883232737,0.99994072303811,0.99998053845713,0.99997334228628,4.2258318401444e-06,1.6985410317028e-21,5.5441935266239e-06,3.2370080988101e-06,0.0099971030663188,-9.3476455461261e-07,9.4005411840799e-07,-4.7347102282955e-06,-5.229918603264e-06,-2.5351715475637e-06,0.90002935906367,0.90001953632105,2.5,2.5,-4.9765523016245e-06,-9.9999999999994e-05
0.355,-0.037912063065438,0.57737298283364,0.61528504589908,0.99995879948187,0.99994073394202,0.99998054438634,0.99997334736174,4.1332782766628e-06,1.6952002369119e-21,5.5450126308714e-06,3.2374779681379e-06,0.0099971007805901,-9.1429147425663e-07,9.1946518679282e-07,-4.7372561874112e-06,-5.2302715899333e-06,-2.5325501561207e-06,0.90002935381743,0.90001957122037,2.5,2.5,-4.9782998959227e-06,-0.00010000000000001
0.3575,-0.037912063065438,0.57737298283364,0.61528504589908,0.99995876735574,0.99994074460711,0.99998055018569,0.99997335232603,4.0427518079706e-06,1.6919326117389e-21,5.5458137952069e-06,3.2379375464498e-06,0.0099970985449232,-8.942667924993e-07,8.9932719114281e-07,-4.7397463852974e-06,-5.2306168455416e-06,-2.5299861780086e-06,0.90002934868609,0.90001960535533,2.5,2.5,-4.9800092146593e-06,-9.9999999999997e-05
0.36,-0.037912063065438,0.57737298283364,0.61528504589908,0.99995873593324,0.99994075503862,0.99998055585802,0.99997335718159,3.9542080368888e-06,1.6887365536306e-21,5.5465974125795e-06,3.238387059142e-06,0.0099970963582214,-8.7468068859381e-07,8.7963025508502e-07,-4.7421820432277e-06,-5.2309545394092e-06,-2.5274783557904e-06,0.90002934366714,0.90001963874268,2.5,2.5,-4.9816810961405e-06,-0.00010000000000001
0.3625,-0.037912063065438,0.57737298283364,0.61528504589908,0.99995870519895,0.99994076524165,0.99998056140611,0.99997336193081,3.8676035387171e-06,1.6856104951361e-21,5.5473638672519e-06,3.2388267266794e-06,0.0099970942194125,-8.5552355676837e-07,8.6036471858529e-07,-4.7445643557302e-06,-5.2312848371548e-06,-2.5250254595308e-06,0.90002933875811,0.90001967139878,2.5,2.5,-4.9833163603115e-06,-9.9999999999985e-05
0.365,-0.037912063065438,0.57737298283364,0.61528504589908,0.99995867513779,0.99994077522123,0.9999805668327,0.99997336657601,3.7828958397832e-06,1.6825529031164e-21,5.5481135351652e-06,3.2392567646851e-06,0.0099970921274475,-8.3678600179923e-07,8.4152113316968e-07,-4.7468944911652e-06,-5.2316079007654e-06,-2.5226262862595e-06,0.9000293339566,0.90001970333965,2.5,2.5,-4.9849158091599e-06,-0.00010000000000001
0.3675,-0.037912063065438,0.57737298283364,0.61528504589908,0.99995864573503,0.99994078498223,0.99998057214043,0.99997337111947,3.7000433966695e-06,1.6795622780478e-21,5.5488467839488e-06,3.2396773840617e-06,0.0099970900813005,-8.1845883412813e-07,8.2309025734456e-07,-4.7491735923106e-06,-5.231923888681e-06,-2.5202796593364e-06,0.90002932926025,0.90001973458096,2.5,2.5,-4.9864802271077e-06,-9.9999999999998e-05
0.37,-0.037912063065438,0.57737298283364,0.61528504589908,0.99995861697625,0.99994079452945,0.99998057733191,0.99997337556342,3.6190055758632e-06,1.6766371532246e-21,5.5495639732253e-06,3.2400887910911e-06,0.0099970880799678,-8.0053306556155e-07,8.0506305197185e-07,-4.7514027769086e-06,-5.232232955878e-06,-2.5179844279098e-06,0.90002932466676,0.90001976513803,2.5,2.5,-4.988010381397e-06,-0.0001
0.3725,-0.037912063065438,0.57737298283364,0.61528504589908,0.99995858884734,0.99994080386756,0.99998058240968,0.99997337991004,3.5397426337484e-06,1.673776094067e-21,5.5502654547385e-06,3.2404911875318e-06,0.009997086122468,-7.8299990456301e-07,7.8743067590182e-07,-4.7535831382273e-06,-5.2325352539256e-06,-2.5157394663021e-06,0.90002932017387,0.90001979502585,2.5,2.5,-4.9895070224653e-06,-9.9999999999989e-05
0.375,-0.037912063065438,0.57737298283364,0.61528504589908,0.9999585613345,0.99994081300115,0.99998058737625,0.99997338416146,3.4622156972085e-06,1.6709776974051e-21,5.5509515724891e-06,3.2408847707651e-06,0.0099970842078411,-7.6585075245824e-07,7.7018448167633e-07,-4.7557157455854e-06,-5.2328309310861e-06,-2.5135436735222e-06,0.90002931577939,0.90001982425907,2.5,2.5,-4.9909708843145e-06,-0.0001
0.3775,-0.037912063065438,0.57737298283364,0.61528504589908,0.99995853442424,0.99994082193471,0.99998059223404,0.99997338831977,3.386386744494e-06,1.6682405908447e-21,5.5516226630063e-06,3.2412697337868e-06,0.0099970823351481,-7.4907719863417e-07,7.5331601110787e-07,-4.7578016448818e-06,-5.2331201323667e-06,-2.5113959726964e-06,0.90002931148116,0.90001985285203,2.5,2.5,-4.9924026848707e-06,-0.00010000000000001
0.38,-0.037912063065438,0.57737298283364,0.61528504589908,0.99995850810337,0.99994083067259,0.99998059698543,0.99997339238701,3.3122185866538e-06,1.6655634319973e-21,5.5522790553926e-06,3.2416462654004e-06,0.0099970805034706,-7.3267101681878e-07,7.3681699144346e-07,-4.7598418591107e-06,-5.2334029996029e-06,-2.509295310498e-06,0.90002930727706,0.90001988081875,2.5,2.5,-4.9938031263353e-06,-9.9999999999998e-05
0.3825,-0.037912063065438,0.57737298283364,0.61528504589908,0.99995848235898,0.99994083921911,0.99998060163276,0.99997339636516,3.2396748491046e-06,1.6629449078883e-21,5.5529210715584e-06,3.242014550267e-06,0.0099970787119102,-7.1662416089029e-07,7.2067933097564e-07,-4.7618373888614e-06,-5.2336796715204e-06,-2.5072406567019e-06,0.90002930316504,0.90001990817295,2.5,2.5,-4.9951728955315e-06,-0.0001
0.385,-0.037912063065438,0.57737298283364,0.61528504589908,0.99995845717843,0.99994084757844,0.9999806061783,0.99997340025618,3.1687199541394e-06,1.6603837343249e-21,5.5535490263783e-06,3.2423747690354e-06,0.0099970769595883,-7.0092876089155e-07,7.048951152206e-07,-4.7637892128058e-06,-5.2339502838099e-06,-2.5052310036423e-06,0.90002929914309,0.90001993492804,2.5,2.5,-4.9965126642381e-06,-0.0001
0.3875,-0.037912063065438,0.57737298283364,0.61528504589908,0.99995843254939,0.99994085575468,0.99998061062429,0.99997340406199,3.0993191030942e-06,1.6578786552376e-21,5.5541632278364e-06,3.2427270983203e-06,0.0099970752456455,-6.8557711936815e-07,6.8945660316114e-07,-4.7656982881794e-06,-5.234214969188e-06,-2.5032653657202e-06,0.90002929520922,0.90001996109715,2.5,2.5,-4.9978230895222e-06,-9.9999999999988e-05
0.39,-0.037912063065438,0.57737298283364,0.61528504589908,0.99995840845976,0.99994086375185,0.9999806149729,0.99997340778444,3.0314382595439e-06,1.6554284420057e-21,5.5547639771234e-06,3.2430717109415e-06,0.0099970735692412,-6.7056170726424e-07,6.7435622317478e-07,-4.7675655512595e-06,-5.2344738574644e-06,-2.5013427789113e-06,0.90002929136151,0.9000199866931,2.5,2.5,-4.9991048140589e-06,-9.9999999999998e-05
0.3925,-0.037912063065438,0.57737298283364,0.61528504589908,0.99995838489775,0.99994087157387,0.99998061922627,0.99997341142536,2.9650441325124e-06,1.6530318930047e-21,5.5553515688866e-06,3.2434087759149e-06,0.0099970719295533,-6.5587516060193e-07,6.5958656954951e-07,-4.7693919178112e-06,-5.2347270756074e-06,-2.4994623003289e-06,0.90002928759807,0.90002001172846,2.5,2.5,-5.0003584664479e-06,-0.0001
0.395,-0.037912063065438,0.57737298283364,0.61528504589908,0.99995836185178,0.99994087922457,0.99998062338649,0.99997341498654,2.9001041601327e-06,1.6506878328894e-21,5.5559262913194e-06,3.2437384585402e-06,0.0099970703257776,-6.4151027655209e-07,6.4514039878026e-07,-4.7711782835441e-06,-5.2349747478009e-06,-2.4976230077181e-06,0.90002928391706,0.9000200362155,2.5,2.5,-5.0015846615216e-06,-9.9999999999992e-05
0.3975,-0.037912063065438,0.57737298283364,0.61528504589908,0.99995833931057,0.9999408867077,0.99998062745558,0.99997341846972,2.8365864937144e-06,1.6483951120244e-21,5.5564884262458e-06,3.2440609205113e-06,0.0099970687571276,-6.2746001022364e-07,6.3101062602417e-07,-4.7729255245497e-06,-5.2352169955149e-06,-2.4958239990263e-06,0.90002928031667,0.90002006016623,2.5,2.5,-5.0027840006461e-06,-0.00010000000000002
0.4,-0.037912063065438,0.57737298283364,0.61528504589908,0.99995831726305,0.99994089402694,0.99998063143556,0.99997342187661,2.7744599821307e-06,1.6461526060093e-21,5.5570382493765e-06,3.2443763199349e-06,0.0099970672228339,-6.1371747079646e-07,6.1719032149135e-07,-4.7746344977335e-06,-5.2354539375546e-06,-2.4940643919776e-06,0.90002927679514,0.9000200835924,2.5,2.5,-5.0039570720164e-06,-0.00010000000000001
0.4025,-0.037912063065438,0.57737298283364,0.61528504589908,0.99995829569841,0.99994090118588,0.99998063532837,0.99997342520889,2.7136941565239e-06,1.6439592150586e-21,5.5575760303666e-06,3.244684811555e-06,0.0099970657221441,-6.0027591848144e-07,6.0367270731937e-07,-4.776306041232e-06,-5.2356856901214e-06,-2.4923433235816e-06,0.90002927335073,0.90002010650549,2.5,2.5,-5.0051044509452e-06,-9.9999999999993e-05
0.405,-0.037912063065438,0.57737298283364,0.61528504589908,0.99995827460608,0.99994090818802,0.99998063913592,0.99997342846818,2.6542592153363e-06,1.6418138634199e-21,5.5581020329558e-06,3.2449865466282e-06,0.0099970642543222,-5.8712876114009e-07,5.904511539937e-07,-4.7779409748232e-06,-5.2359123668769e-06,-2.4906599497829e-06,0.90002926998176,0.90002012891674,2.5,2.5,-5.0062267001451e-06,-0.0001
0.4075,-0.037912063065438,0.57737298283364,0.61528504589908,0.99995825397571,0.9999409150368,0.99998064286007,0.99997343165609,2.5961260097061e-06,1.6397154989814e-21,5.5586165151107e-06,3.2452816731511e-06,0.0099970628186484,-5.742695509845e-07,5.7751917727307e-07,-4.779540100333e-06,-5.2361340789918e-06,-2.4890134449973e-06,0.90002926668658,0.90002015083714,2.5,2.5,-5.0073243700034e-06,-9.9999999999993e-05
0.41,-0.037912063065438,0.57737298283364,0.61528504589908,0.99995823379718,0.99994092173558,0.99998064650266,0.99997343477418,2.5392660292182e-06,1.6376630926098e-21,5.5591197291327e-06,3.2455703358462e-06,0.0099970614144184,-5.6169198141674e-07,5.6487043484429e-07,-4.7811042020257e-06,-5.2363509351999e-06,-2.4874030017195e-06,0.90002926346357,0.90002017227745,2.5,2.5,-5.0083979988534e-06,-0.0001
0.4125,-0.037912063065438,0.57737298283364,0.61528504589908,0.9999582140606,0.99994092828765,0.99998065006547,0.99997343782397,2.4836513879126e-06,1.6356556377469e-21,5.5596119218563e-06,3.2458526762926e-06,0.0099970600409437,-5.4938988393364e-07,5.5249872333846e-07,-4.7826340469839e-06,-5.2365630418553e-06,-2.4858278301399e-06,0.90002926031115,0.90002019324817,2.5,2.5,-5.0094481132379e-06,-9.9999999999995e-05
0.415,-0.037912063065438,0.57737298283364,0.61528504589908,0.99995819475629,0.99994093469621,0.99998065355025,0.99997344080697,2.429254810494e-06,1.6336921498837e-21,5.5600933346419e-06,3.2461288329677e-06,0.0099970586975506,-5.3735722529695e-07,5.4039797531407e-07,-4.7841303854981e-06,-5.23677050298e-06,-2.4842871577539e-06,0.90002925722777,0.9000202137596,2.5,2.5,-5.0104752281674e-06,-0.00010000000000002
0.4175,-0.037912063065438,0.57737298283364,0.61528504589908,0.99995817587478,0.99994094096441,0.9999806569587,0.99997344372464,2.3760496191396e-06,1.6317716660449e-21,5.5605642035867e-06,3.246398941266e-06,0.0099970573835804,-5.2558810417164e-07,5.2856225615099e-07,-4.785593951422e-06,-5.2369734203189e-06,-2.4827802289405e-06,0.90002925421193,0.90002023382179,2.5,2.5,-5.0114798473722e-06,-9.999999999998e-05
0.42,-0.037912063065438,0.57737298283364,0.61528504589908,0.99995815740681,0.99994094709533,0.9999806602925,0.9999734465784,2.3240097202873e-06,1.6298932443761e-21,5.5610247596204e-06,3.2466631337182e-06,0.0099970560983885,-5.140767486574e-07,5.1698576119582e-07,-4.7870254625341e-06,-5.2371718933927e-06,-2.4813063046644e-06,0.90002925126214,0.90002025344459,2.5,2.5,-5.0124624635513e-06,-0.00010000000000001
0.4225,-0.037912063065438,0.57737298283364,0.61528504589908,0.99995813934332,0.99994095309197,0.99998066355329,0.99997344936966,2.2731095918538e-06,1.6280559636256e-21,5.5614752286485e-06,3.2469215398594e-06,0.0099970548413447,-5.0281751328307e-07,5.0566281300311e-07,-4.7884256208938e-06,-5.2373660195386e-06,-2.4798646620892e-06,0.90002924837695,0.9000202726376,2.5,2.5,-5.0134235586113e-06,-9.9999999999992e-05
0.425,-0.037912063065438,0.57737298283364,0.61528504589908,0.99995812167545,0.99994095895727,0.99998066674266,0.99997345209979,2.2233242707319e-06,1.6262589227268e-21,5.5619158315467e-06,3.2471742864429e-06,0.0099970536118325,-4.9180487602987e-07,4.9458785841676e-07,-4.7897951131841e-06,-5.2375558939592e-06,-2.4784545941418e-06,0.90002924555496,0.90002029141026,2.5,2.5,-5.0143636039047e-06,-0.00010000000000001
0.4275,-0.037912063065438,0.57737298283364,0.61528504589908,0.99995810439454,0.99994096469411,0.99998066986218,0.99997345477012,2.1746293405857e-06,1.6245012403808e-21,5.5623467844126e-06,3.2474214973893e-06,0.0099970524092489,-4.8103343594715e-07,4.8375546585732e-07,-4.7911346110536e-06,-5.2377416097776e-06,-2.4770754093136e-06,0.90002924279477,0.90002030977176,2.5,2.5,-5.0152830604604e-06,-9.9999999999999e-05
0.43,-0.037912063065438,0.57737298283364,0.61528504589908,0.99995808749212,0.9999409703053,0.99998067291337,0.99997345738197,2.1270009198544e-06,1.622782054521e-21,5.5627682986336e-06,3.2476632939704e-06,0.0099970512330042,-4.7049791040266e-07,4.7316032282509e-07,-4.7924447714307e-06,-5.2379232580761e-06,-2.475726431185e-06,0.90002924009503,0.90002032773111,2.5,2.5,-5.0161823792102e-06,-0.0001
0.4325,-0.037912063065438,0.57737298283364,0.61528504589908,0.99995807095989,0.9999409757936,0.99998067589774,0.99997345993661,2.0804156499532e-06,1.6211005220283e-21,5.5631805809011e-06,3.2478997947514e-06,0.0099970500825213,-4.6019313250603e-07,4.6279723313611e-07,-4.7937262368613e-06,-5.2381009279387e-06,-2.4744069981808e-06,0.90002923745443,0.90002034529712,2.5,2.5,-5.0170620012095e-06,-0.0001
0.435,-0.037912063065438,0.57737298283364,0.61528504589908,0.99995805478975,0.9999409811617,0.99998067881674,0.9999734624353,2.0348506839905e-06,1.6194558182307e-21,5.5635838334288e-06,3.2481311157273e-06,0.0099970489572362,-4.5011404835394e-07,4.5266111433353e-07,-4.7949796358206e-06,-5.2382747065027e-06,-2.4731164632168e-06,0.90002923487166,0.9000203624784,2.5,2.5,-5.0179223578534e-06,-9.9999999999995e-05
0.4375,-0.037912063065438,0.57737298283364,0.61528504589908,0.99995803897377,0.99994098641222,0.99998068167181,0.99997346487927,1.9902836753862e-06,1.6178471365052e-21,5.5639782539836e-06,3.2483573703435e-06,0.0099970478565969,-4.4025571483465e-07,4.4274699533521e-07,-4.796205583014e-06,-5.2384446789932e-06,-2.4718541933698e-06,0.90002923234545,0.90002037928337,2.5,2.5,-5.0187638710894e-06,-9.9999999999996e-05
0.44,-0.037912063065438,0.57737298283364,0.61528504589908,0.99995802350418,0.99994099154774,0.99998068446435,0.99997346726971,1.9466927670265e-06,1.616273687875e-21,5.5643640359504e-06,3.248578669551e-06,0.0099970467800637,-4.3061329714351e-07,4.3305001399129e-07,-4.7974046796905e-06,-5.2386109287699e-06,-2.4706195695694e-06,0.90002922987458,0.90002039572029,2.5,2.5,-5.0195869536228e-06,-9.9999999999997e-05
0.4425,-0.037912063065438,0.57737298283364,0.61528504589908,0.99995800837341,0.99994099657079,0.99998068719573,0.99997346960779,1.9040565805005e-06,1.6147347006994e-21,5.56474136862e-06,3.2487951218931e-06,0.0099970457271085,-4.2118206630696e-07,4.2356541452553e-07,-4.7985775139207e-06,-5.2387735373677e-06,-2.4694119863156e-06,0.90002922745782,0.90002041179721,2.5,2.5,-5.0203920091202e-06,-0.00010000000000001
0.445,-0.037912063065438,0.57737298283364,0.61528504589908,0.99995799357403,0.99994100148383,0.99998068986728,0.99997347189467,1.8623542056532e-06,1.613229420203e-21,5.5651104370029e-06,3.2490068335518e-06,0.009997044697215,-4.1195739690721e-07,4.1428854537887e-07,-4.7997246609042e-06,-5.238932584534e-06,-2.4682308513901e-06,0.90002922509399,0.90002042752202,2.5,2.5,-5.0211794324071e-06,-0.00010000000000001
0.4475,-0.037912063065438,0.57737298283364,0.61528504589908,0.99995797909878,0.99994100628926,0.99998069248033,0.99997347413145,1.8215651902233e-06,1.6117571081465e-21,5.5654714220691e-06,3.2492139083205e-06,0.0099970436898781,-4.0293476491793e-07,4.0521485692241e-07,-4.8008466832374e-06,-5.2390881482736e-06,-2.4670755855028e-06,0.90002922278194,0.90002044290242,2.5,2.5,-5.0219496096619e-06,-9.9999999999997e-05
0.45,-0.037912063065438,0.57737298283364,0.61528504589908,0.99995796494057,0.99994101098944,0.99998069503614,0.99997347631925,1.7816695299891e-06,1.6103170424551e-21,5.565824500942e-06,3.2494164477602e-06,0.0099970427046037,-3.9410974540012e-07,3.9633989910872e-07,-4.8019441311986e-06,-5.2392403048783e-06,-2.4659456220984e-06,0.90002922052052,0.90002045794597,2.5,2.5,-5.0227029186047e-06,-9.9999999999984e-05
0.4525,-0.037912063065438,0.57737298283364,0.61528504589908,0.99995795109245,0.99994101558668,0.99998069753598,0.99997347845913,1.7426476588106e-06,1.6089085168802e-21,5.5661698466985e-06,3.2496145512041e-06,0.0099970417409087,-3.8547801004672e-07,3.8765931931099e-07,-4.8030175430115e-06,-5.2393891289713e-06,-2.464840406971e-06,0.90002921830863,0.90002047266003,2.5,2.5,-5.0234397286828e-06,-0.0001
0.455,-0.037912063065438,0.57737298283364,0.61528504589908,0.99995793754762,0.99994102008323,0.99998069998106,0.99997348055215,1.7044804390698e-06,1.6075308406258e-21,5.5665076287601e-06,3.2498083158155e-06,0.0099970407983204,-3.7703532589566e-07,3.7916886036151e-07,-4.8040674451111e-06,-5.2395346935414e-06,-2.4637593981286e-06,0.90002921614519,0.90002048705183,2.5,2.5,-5.024160401252e-06,-0.0001
0.4575,-0.037912063065438,0.57737298283364,0.61528504589908,0.99995792429946,0.9999410244813,0.9999807023726,0.99997348259932,1.6671491523003e-06,1.6061833380438e-21,5.566838012747e-06,3.2499978366427e-06,0.0099970398763765,-3.6877755202989e-07,3.7086435819929e-07,-4.8050943524074e-06,-5.2396770699736e-06,-2.4627020653652e-06,0.90002921402913,0.90002050112842,2.5,2.5,-5.0248652897537e-06,-9.9999999999994e-05
0.46,-0.037912063065438,0.57737298283364,0.61528504589908,0.99995791134145,0.99994102878304,0.99998070471175,0.99997348460166,1.6306354900483e-06,1.6048653482665e-21,5.5671611607241e-06,3.250183206593e-06,0.0099970389746249,-3.6070063891933e-07,3.6274174009692e-07,-4.8060987685262e-06,-5.2398163281009e-06,-2.4616678901747e-06,0.90002921195942,0.90002051489671,2.5,2.5,-5.0255547398881e-06,-9.9999999999991e-05
0.4625,-0.037912063065438,0.57737298283364,0.61528504589908,0.99995789866725,0.99994103299057,0.99998070699967,0.99997348656014,1.5949215448045e-06,1.6035762249109e-21,5.567477231142e-06,3.250364516626e-06,0.0099970380926234,-3.5280062502823e-07,3.5479702237081e-07,-4.8070811860676e-06,-5.2399525362128e-06,-2.4606563653188e-06,0.90002920993503,0.90002052836345,2.5,2.5,-5.0262290897843e-06,-0.00010000000000002
0.465,-0.037912063065438,0.57737298283364,0.61528504589908,0.99995788627064,0.99994103710594,0.99998070923749,0.99997348847572,1.5599898012578e-06,1.602315335758e-21,5.5677863790549e-06,3.2505418556149e-06,0.0099970372299393,-3.4507363629013e-07,3.4702630875946e-07,-4.8080420868393e-06,-5.240085761117e-06,-2.4596669947535e-06,0.90002920795499,0.90002054153524,2.5,2.5,-5.0268886701656e-06,-9.9999999999991e-05
0.4675,-0.037912063065438,0.57737298283364,0.61528504589908,0.99995787414554,0.99994104113118,0.99998071142629,0.99997349034936,1.525823127769e-06,1.6010820624176e-21,5.5680887560644e-06,3.2507153105271e-06,0.0099970363861496,-3.3751588280576e-07,3.394257881643e-07,-4.8089819421e-06,-5.2402160681465e-06,-2.4586992932322e-06,0.90002920601831,0.90002055441855,2.5,2.5,-5.0275338045116e-06,-0.00010000000000001
0.47,-0.037912063065438,0.57737298283364,0.61528504589908,0.999957862286,0.99994104506826,0.99998071356715,0.99997349218195,1.4924047678881e-06,1.5998758000517e-21,5.5683845104119e-06,3.2508849664791e-06,0.0099970355608404,-3.3012365824702e-07,3.3199173311221e-07,-4.8099012127849e-06,-5.2403435212132e-06,-2.457752786173e-06,0.90002920412405,0.90002056701969,2.5,2.5,-5.0281648092175e-06,-9.9999999999975e-05
0.4725,-0.037912063065438,0.57737298283364,0.61528504589908,0.9999578506862,0.99994104891911,0.99998071566112,0.99997349397441,1.4597183321516e-06,1.5986959570786e-21,5.5686737872349e-06,3.2510509066543e-06,0.0099970347536071,-3.228933371046e-07,3.24720497662e-07,-4.8108003497355e-06,-5.2404681828187e-06,-2.4568270093759e-06,0.90002920227127,0.90002057934484,2.5,2.5,-5.0287819937489e-06,-0.00010000000000002
0.475,-0.037912063065438,0.57737298283364,0.61528504589908,0.99995783934046,0.99994105268562,0.99998071770923,0.99997349572761,1.4277477900398e-06,1.5975419548491e-21,5.5689567283164e-06,3.2512132124241e-06,0.0099970339640537,-3.1582137341515e-07,3.1760851576749e-07,-4.8116797939175e-06,-5.2405901141032e-06,-2.4559215088111e-06,0.90002920045908,0.90002059140004,2.5,2.5,-5.0293856607925e-06,-9.999999999999e-05
0.4775,-0.037912063065438,0.57737298283364,0.61528504589908,0.99995782824322,0.99994105636964,0.99998071971249,0.99997349744241,1.3964774621593e-06,1.5964132274124e-21,5.5692334724906e-06,3.2513719633849e-06,0.0099970331917929,-3.0890429887674e-07,3.106522994893e-07,-4.8125399766368e-06,-5.2407093748693e-06,-2.455035840388e-06,0.90002919868657,0.90002060319122,2.5,2.5,-5.0299761064071e-06,-0.0001
0.48,-0.037912063065438,0.57737298283364,0.61528504589908,0.99995781738902,0.99994105997297,0.99998072167187,0.99997349911966,1.3658920125541e-06,1.5953092212104e-21,5.5695041554481e-06,3.2515272374174e-06,0.0099970324364461,-3.0213872110213e-07,3.0384843724922e-07,-4.8133813197605e-06,-5.2408260235994e-06,-2.4541695697532e-06,0.90002919695289,0.90002061472414,2.5,2.5,-5.0305536201663e-06,-0.00010000000000001
0.4825,-0.037912063065438,0.57737298283364,0.61528504589908,0.99995780677255,0.99994106349738,0.99998072358833,0.99997350076017,1.3359764410739e-06,1.5942293947835e-21,5.5697689099234e-06,3.2516791106656e-06,0.0099970316976428,-2.9552132204e-07,2.9719359225169e-07,-4.8142042359056e-06,-5.2409401175073e-06,-2.4533222720439e-06,0.90002919525718,0.90002062600448,2.5,2.5,-5.0311184853017e-06,-9.9999999999999e-05
0.485,-0.037912063065438,0.57737298283364,0.61528504589908,0.9999577963886,0.99994106694459,0.99998072546282,0.99997350236475,1.306716076163e-06,1.5931732185624e-21,5.5700278658195e-06,3.2518276576126e-06,0.0099970309750207,-2.8904885635051e-07,2.9068450070987e-07,-4.8150091286584e-06,-5.2410517125469e-06,-2.4524935317384e-06,0.90002919359861,0.90002063703775,2.5,2.5,-5.0316709788418e-06,-9.9999999999996e-05
0.4875,-0.037912063065438,0.57737298283364,0.61528504589908,0.99995778623208,0.99994107031631,0.99998072729626,0.99997350393418,1.2780965675907e-06,1.5921401745585e-21,5.5702811500968e-06,3.2519729510858e-06,0.0099970302682253,-2.8271814962189e-07,2.843179703484e-07,-4.815796392766e-06,-5.2411608634463e-06,-2.4516829423805e-06,0.90002919197636,0.90002064782938,2.5,2.5,-5.0322113717473e-06,-0.00010000000000001
0.49,-0.037912063065438,0.57737298283364,0.61528504589908,0.99995777629801,0.99994107361418,0.99998072908954,0.99997350546925,1.250103879376e-06,1.5911297561528e-21,5.5705288869521e-06,3.2521150623507e-06,0.00999702957691,-2.7652609713523e-07,2.7809087882146e-07,-4.8165664143274e-06,-5.2412676237397e-06,-2.4508901064339e-06,0.90002919038964,0.90002065838465,2.5,2.5,-5.0327399290446e-06,-0.0001
0.4925,-0.037912063065438,0.57737298283364,0.61528504589908,0.99995776658151,0.99994107683982,0.99998073084354,0.99997350697069,1.2227242830303e-06,1.5901414677769e-21,5.5707711979397e-06,3.2522540611569e-06,0.0099970289007359,-2.7046966212368e-07,2.7200017219323e-07,-4.8173195709869e-06,-5.2413720457864e-06,-2.4501146350609e-06,0.90002918883768,0.90002066870874,2.5,2.5,-5.0332569099558e-06,-9.9999999999972e-05
0.495,-0.037912063065438,0.57737298283364,0.61528504589908,0.99995775707782,0.99994107999482,0.99998073255913,0.99997350843925,1.1959443506899e-06,1.5891748247504e-21,5.5710082018474e-06,3.2523900156094e-06,0.0099970282393712,-2.6454587430872e-07,2.6604286333335e-07,-4.8180562321175e-06,-5.2414741807947e-06,-2.4493561479622e-06,0.9000291873197,0.90002067880671,2.5,2.5,-5.0337625680251e-06,-9.9999999999999e-05
0.4975,-0.037912063065438,0.57737298283364,0.61528504589908,0.99995774778228,0.99994108308071,0.99998073423714,0.99997350987564,1.1697509485883e-06,1.5882293530003e-21,5.5712400149564e-06,3.2525229924133e-06,0.0099970275924916,-2.5875182840614e-07,2.6021603059216e-07,-4.8187767590001e-06,-5.2415740788555e-06,-2.4486142731417e-06,0.90002918583498,0.90002068868352,2.5,2.5,-5.0342571512437e-06,-0.00010000000000001
0.5,-0.037912063065438,0.57737298283364,0.61528504589908,0.99995773869033,0.99994108609902,0.9999807358784,0.99997351128057,1.1441312306248e-06,1.5873045888376e-21,5.5714667508896e-06,3.2526530567425e-06,0.0099970269597799,-2.5308468279897e-07,2.5451681628609e-07,-4.8194815050068e-06,-5.2416717889631e-06,-2.447888646739e-06,0.90002918438277,0.90002069834401,2.5,2.5,-5.0347409021709e-06,-0.0001
0.5025,-0.037912063065438,0.57737298283364,0.61528504589908,0.99995772979751,0.99994108905122,0.99998073748372,0.99997351265474,1.1190726320917e-06,1.5864000787236e-21,5.5716885209066e-06,3.2527802724551e-06,0.0099970263409258,-2.4754165835163e-07,2.4894242540023e-07,-4.8201708157679e-06,-5.2417673590392e-06,-2.4471789129245e-06,0.90002918296236,0.90002070779291,2.5,2.5,-5.035214058055e-06,-0.0001
0.505,-0.037912063065438,0.57737298283364,0.61528504589908,0.99995772109946,0.99994109193876,0.99998073905387,0.9999735139988,1.0945628633738e-06,1.5855153790593e-21,5.5719054337377e-06,3.252904701909e-06,0.0099970257356257,-2.4212003631245e-07,2.4349012402432e-07,-4.8208450293431e-06,-5.2418608359517e-06,-2.4464847235723e-06,0.90002918157307,0.90002071703487,2.5,2.5,-5.0356768509464e-06,-0.0001
0.5075,-0.037912063065438,0.57737298283364,0.61528504589908,0.99995771259191,0.99994109476306,0.99998074058964,0.99997351531343,1.070589904099e-06,1.5846500559662e-21,5.5721175957874e-06,3.2530264061311e-06,0.0099970251435828,-2.3681715795623e-07,2.381572381429e-07,-4.8215044763885e-06,-5.2419522655491e-06,-2.4458057382766e-06,0.9000291802142,0.90002072607441,2.5,2.5,-5.0361295078142e-06,-9.9999999999993e-05
0.51,-0.037912063065438,0.57737298283364,0.61528504589908,0.99995770427069,0.9999410975255,0.99998074209177,0.99997351659927,1.0471419971678e-06,1.583803685055e-21,5.5723251110957e-06,3.2531454447909e-06,0.0099970245645067,-2.316304224154e-07,2.3294115237843e-07,-4.8221494803186e-06,-5.2420416926662e-06,-2.4451416240176e-06,0.9000291788851,0.90002073491597,2.5,2.5,-5.036572250656e-06,-0.00010000000000001
0.5125,-0.037912063065438,0.57737298283364,0.61528504589908,0.99995769613172,0.99994110022744,0.999980743561,0.99997351785694,1.0242076429361e-06,1.5829758512471e-21,5.5725280814125e-06,3.2532618762889e-06,0.0099970239981135,-2.2655728604558e-07,2.2783930857555e-07,-4.8227803574656e-06,-5.2421291611654e-06,-2.4444920550929e-06,0.90002917758511,0.90002074356388,2.5,2.5,-5.0370052966074e-06,-0.00010000000000001
0.515,-0.037912063065438,0.57737298283364,0.61528504589908,0.99995768817102,0.9999411028702,0.99998074499805,0.99997351908707,1.0017755936431e-06,1.5821661485244e-21,5.5727266063066e-06,3.2533757577187e-06,0.0099970234441254,-2.2159526073193e-07,2.2284920461818e-07,-4.8233974172323e-06,-5.242214713939e-06,-2.4438567129264e-06,0.90002917631358,0.90002075202239,2.5,2.5,-5.0374288580481e-06,-9.9999999999996e-05
0.5175,-0.037912063065438,0.57737298283364,0.61528504589908,0.99995768038466,0.99994110545508,0.99998074640363,0.99997352029026,9.7983484790078e-07,1.5813741797975e-21,5.5729207831721e-06,3.253487144925e-06,0.0099970229022706,-2.1674191307169e-07,2.1796839323796e-07,-4.8240009622421e-06,-5.2422983929489e-06,-2.4432352859403e-06,0.90002917506991,0.90002076029564,2.5,2.5,-5.0378431427071e-06,-9.9999999999992e-05
0.52,-0.037912063065438,0.57737298283364,0.61528504589908,0.99995767276884,0.99994110798335,0.99998074777842,0.99997352146709,9.5837464522236e-07,1.5805995566664e-21,5.5731107071694e-06,3.2535960925503e-06,0.0099970223722834,-2.1199486266662e-07,2.1319448066605e-07,-4.8245912884979e-06,-5.2423802392347e-06,-2.442627469351e-06,0.90002917385348,0.90002076838769,2.5,2.5,-5.0382483537625e-06,-9.9999999999999e-05
0.5225,-0.037912063065438,0.57737298283364,0.61528504589908,0.99995766531983,0.99994111045624,0.99998074912311,0.99997352261815,9.3738446081086e-07,1.5798418992147e-21,5.5732964714694e-06,3.2537026540193e-06,0.009997021853904,-2.073517815714e-07,2.0852512564645e-07,-4.8251686855105e-06,-5.2424602929346e-06,-2.4420329650925e-06,0.90002917266368,0.90002077630251,2.5,2.5,-5.0386446899434e-06,-9.9999999999998e-05
0.525,-0.037912063065438,0.57737298283364,0.61528504589908,0.99995765803395,0.99994111287497,0.99998075043834,0.999973523744,9.168540004417e-07,1.5791008358558e-21,5.573478167201e-06,3.2538068816105e-06,0.009997021346878,-2.0281039243977e-07,2.03958038163e-07,-4.8257334364584e-06,-5.2425385933069e-06,-2.4414514815602e-06,0.90002917149995,0.90002078404398,2.5,2.5,-5.0390323456258e-06,-0.00010000000000001
0.5275,-0.037912063065438,0.57737298283364,0.61528504589908,0.99995765090766,0.99994111524073,0.99998075172476,0.99997352484519,8.9677319527173e-07,1.5783760031762e-21,5.5736558834667e-06,3.2539088264148e-06,0.0099970208509568,-1.9836846825504e-07,1.9949097838459e-07,-4.8262858183093e-06,-5.2426151787584e-06,-2.4408827336049e-06,0.90002917036171,0.9000207916159,2.5,2.5,-5.0394115109291e-06,-0.0001
0.53,-0.037912063065438,0.57737298283364,0.61528504589908,0.99995764393744,0.99994111755467,0.99998075298301,0.99997352592227,8.7713219701657e-07,1.5776670456704e-21,5.5738297074392e-06,3.2540085384197e-06,0.0099970203658972,-1.9402383043996e-07,1.951217555136e-07,-4.8268261019724e-06,-5.2426900868451e-06,-2.4403264422894e-06,0.90002916924839,0.90002079902198,2.5,2.5,-5.039782371808e-06,-9.9999999999998e-05
0.5325,-0.037912063065438,0.57737298283364,0.61528504589908,0.99995763711988,0.99994111981794,0.99998075421371,0.99997352697575,8.579213731058e-07,1.5769736156461e-21,5.5739997242944e-06,3.2541060665563e-06,0.0099970198914614,-1.8977434826271e-07,1.9084822674486e-07,-4.8273545524206e-06,-5.2427633543072e-06,-2.439782334778e-06,0.90002916815946,0.90002080626585,2.5,2.5,-5.040145110145e-06,-9.9999999999993e-05
0.535,-0.037912063065438,0.57737298283364,0.61528504589908,0.99995763045164,0.99994112203163,0.99998075541744,0.99997352800616,8.3913130192785e-07,1.5762953730374e-21,5.5741660174775e-06,3.2542014586663e-06,0.0099970194274165,-1.8561793765757e-07,1.8666829618436e-07,-4.8278714288242e-06,-5.2428350170758e-06,-2.4392501442427e-06,0.90002916709438,0.90002081335107,2.5,2.5,-5.0404999038392e-06,-0.00010000000000002
0.5375,-0.037912063065438,0.57737298283364,0.61528504589908,0.99995762392945,0.99994112419684,0.99998075659482,0.999973529014,8.2075276817368e-07,1.5756319851949e-21,5.5743286685377e-06,3.2542947614873e-06,0.0099970189735351,-1.8155256011222e-07,1.8257991385498e-07,-4.8283769846737e-06,-5.2429051102956e-06,-2.4387296096645e-06,0.90002916605262,0.90002082028111,2.5,2.5,-5.0408469268922e-06,-9.9999999999995e-05
0.54,-0.037912063065438,0.57737298283364,0.61528504589908,0.99995761755011,0.99994112631463,0.9999807577464,0.99997352999977,8.0277675846623e-07,1.5749831267829e-21,5.5744877572414e-06,3.2543860208163e-06,0.0099970185295946,-1.7757622190925e-07,1.785810746963e-07,-4.8288714679111e-06,-5.2429736683426e-06,-2.4382204757562e-06,0.90002916503368,0.90002082705937,2.5,2.5,-5.0411863494962e-06,-9.9999999999997e-05
0.5425,-0.037912063065438,0.57737298283364,0.61528504589908,0.99995761131048,0.99994112838603,0.99998075887277,0.99997353096395,7.8519445672503e-07,1.5743484795707e-21,5.5746433616044e-06,3.2544752813988e-06,0.0099970180953771,-1.7368697288596e-07,1.7466981753166e-07,-4.8293551210473e-06,-5.2430407248432e-06,-2.4377224928283e-06,0.90002916403706,0.90002083368917,2.5,2.5,-5.0415183381147e-06,-0.00010000000000001
0.545,-0.037912063065438,0.57737298283364,0.61528504589908,0.99995760520752,0.99994113041207,0.99998075997446,0.99997353190701,7.6799724003002e-07,1.5737277323053e-21,5.57479555795e-06,3.2545625869977e-06,0.0099970176706699,-1.6988290568697e-07,1.7084422420239e-07,-4.8298281812806e-06,-5.2431063126832e-06,-2.4372354166504e-06,0.90002916306227,0.90002084017377,2.5,2.5,-5.0418430555661e-06,-0.00010000000000001
0.5475,-0.037912063065438,0.57737298283364,0.61528504589908,0.99995759923822,0.99994113239373,0.99998076105203,0.99997353282942,7.5117667435885e-07,1.5731205805689e-21,5.5749444209009e-06,3.2546479804476e-06,0.0099970172552645,-1.6616215455438e-07,1.6710241841789e-07,-4.830290880618e-06,-5.2431704640243e-06,-2.4367590083449e-06,0.90002916210882,0.90002084651634,2.5,2.5,-5.0421606611022e-06,-9.9999999999976e-05
0.55,-0.037912063065438,0.57737298283364,0.61528504589908,0.99995759339966,0.99994113433199,0.999980762106,0.99997353373162,7.3472451026968e-07,1.5725267265891e-21,5.5750900234896e-06,3.2547315036163e-06,0.0099970168489573,-1.6252289483216e-07,1.6344256515076e-07,-4.8307434459791e-06,-5.2432332103338e-06,-2.4362930342741e-06,0.90002916117626,0.90002085272,2.5,2.5,-5.0424713104875e-06,-0.00010000000000001
0.5525,-0.037912063065438,0.57737298283364,0.61528504589908,0.99995758768897,0.9999411362278,0.99998076313688,0.99997353461406,7.1863267916686e-07,1.5719458790925e-21,5.57523243709e-06,3.2548131974809e-06,0.0099970164515489,-1.5896334163115e-07,1.5986286948975e-07,-4.8311860993197e-06,-5.2432945823799e-06,-2.4358372658885e-06,0.90002916026412,0.90002085878779,2.5,2.5,-5.0427751560742e-06,-9.9999999999982e-05
0.555,-0.037912063065438,0.57737298283364,0.61528504589908,0.99995758210336,0.99994113808209,0.99998076414518,0.99997353547718,7.028932890224e-07,1.5713777532476e-21,5.5753717315883e-06,3.2548931020866e-06,0.0099970160628445,-1.5548174925056e-07,1.5636157577541e-07,-4.8316190577299e-06,-5.2433546102669e-06,-2.4353914796803e-06,0.90002915937196,0.90002086472268,2.5,2.5,-5.0430723468785e-06,-0.00010000000000002
0.5575,-0.037912063065438,0.57737298283364,0.61528504589908,0.99995757664008,0.99994113989576,0.9999807651314,0.99997353632139,6.8749862074635e-07,1.570822070428e-21,5.5755079752649e-06,3.2549712566593e-06,0.0099970156826535,-1.5207641022842e-07,1.529369669178e-07,-4.8320425335474e-06,-5.2434133234318e-06,-2.4349554570186e-06,0.90002915849934,0.90002087052758,2.5,2.5,-5.043363028652e-06,-9.9999999999997e-05
0.56,-0.037912063065438,0.57737298283364,0.61528504589908,0.99995757129647,0.99994114166971,0.99998076609602,0.99997353714712,6.7244112427595e-07,1.5702785580698e-21,5.5756412349587e-06,3.2550476994683e-06,0.0099970153107894,-1.4874565447057e-07,1.4958736334191e-07,-4.8324567344583e-06,-5.2434707506694e-06,-2.4345289840711e-06,0.90002915764583,0.90002087620535,2.5,2.5,-5.0436473439552e-06,-0.0001
0.5625,-0.037912063065438,0.57737298283364,0.61528504589908,0.99995756606988,0.99994114340481,0.99998076703952,0.99997353795475,6.577134149725e-07,1.5697469496532e-21,5.5757715760105e-06,3.2551224680561e-06,0.0099970149470697,-1.4548784838508e-07,1.4631112230147e-07,-4.8328618635981e-06,-5.2435269201429e-06,-2.4341118516625e-06,0.90002915681102,0.90002088175877,2.5,2.5,-5.0439254322251e-06,-9.9999999999998e-05
0.565,-0.037912063065438,0.57737298283364,0.61528504589908,0.99995756095777,0.99994114510191,0.99998076796234,0.9999735387447,6.4330826983051e-07,1.5692269844392e-21,5.5758990623811e-06,3.2551955990859e-06,0.0099970145913163,-1.4230139437052e-07,1.4310663704672e-07,-4.8332581196591e-06,-5.2435818594e-06,-2.4337038552316e-06,0.90002915599449,0.90002088719055,2.5,2.5,-5.0441974298456e-06,-9.9999999999977e-05
0.5675,-0.037912063065438,0.57737298283364,0.61528504589908,0.99995755595762,0.99994114676184,0.99998076886496,0.99997353951735,6.2921862413835e-07,1.5687184074362e-21,5.576023756527e-06,3.2552671283819e-06,0.0099970142433544,-1.3918472956365e-07,1.3997233593696e-07,-4.8336456969757e-06,-5.2436355953872e-06,-2.4333047946749e-06,0.90002915519584,0.90002089250337,2.5,2.5,-5.0444634702131e-06,-0.00010000000000002
0.57,-0.037912063065438,0.57737298283364,0.61528504589908,0.99995755106699,0.99994114838541,0.99998076974781,0.99997354027308,6.1543756782897e-07,1.5682209692088e-21,5.5761457196503e-06,3.2553370910543e-06,0.0099970139030136,-1.3613632553587e-07,1.3690668185774e-07,-4.8340247856303e-06,-5.2436881544553e-06,-2.4329144742985e-06,0.90002915441469,0.90002089769983,2.5,2.5,-5.0447236838027e-06,-0.0001
0.5725,-0.037912063065438,0.57737298283364,0.61528504589908,0.99995754628346,0.99994114997342,0.99998077061132,0.99997354101225,6.0195834225383e-07,1.5677344258092e-21,5.5762650115616e-06,3.2554055214491e-06,0.0099970135701269,-1.3315468720628e-07,1.3390817129011e-07,-4.8343955715387e-06,-5.2437395623837e-06,-2.432532702655e-06,0.90002915365064,0.90002090278247,2.5,2.5,-5.0449781982312e-06,-9.9999999999994e-05
0.575,-0.037912063065438,0.57737298283364,0.61528504589908,0.99995754160471,0.99994115152665,0.99998077145592,0.99997354173523,5.8877433675012e-07,1.5672585386057e-21,5.5763816907499e-06,3.2554724530615e-06,0.009997013244531,-1.3023835228256e-07,1.309753336835e-07,-4.8347582365484e-06,-5.2437898443809e-06,-2.4321592925177e-06,0.90002915290333,0.9000209077538,2.5,2.5,-5.0452271383211e-06,-0.00010000000000002
0.5775,-0.037912063065438,0.57737298283364,0.61528504589908,0.99995753702843,0.99994115304587,0.99998077228202,0.99997354244238,5.7587908544412e-07,1.5667930742228e-21,5.5764958144645e-06,3.2555379187548e-06,0.0099970129260663,-1.2738589053798e-07,1.2810673066714e-07,-4.8351129585182e-06,-5.2438390251095e-06,-2.431794060757e-06,0.90002915217238,0.90002091261624,2.5,2.5,-5.0454706261609e-06,-9.9999999999977e-05
0.58,-0.037912063065438,0.57737298283364,0.61528504589908,0.99995753255238,0.99994115453181,0.99998077309003,0.99997354313405,5.6326626409539e-07,1.5663378043837e-21,5.5766074386448e-06,3.2556019506324e-06,0.0099970126145765,-1.2459590297641e-07,1.2530095536123e-07,-4.8354599114195e-06,-5.2438871286898e-06,-2.4314368282514e-06,0.90002915145745,0.90002091737219,2.5,2.5,-5.0457087811649e-06,-0.00010000000000001
0.5825,-0.037912063065438,0.57737298283364,0.61528504589908,0.99995752817436,0.9999411559852,0.99998077388034,0.99997354381056,5.5092968695507e-07,1.5658925057885e-21,5.5767166180394e-06,3.2556645800866e-06,0.009997012309909,-1.2186702133203e-07,1.2255663176141e-07,-4.8357992654098e-06,-5.2439341787098e-06,-2.4310874198077e-06,0.90002915075817,0.90002092202398,2.5,2.5,-5.0459417201318e-06,-9.9999999999995e-05
0.585,-0.037912063065438,0.57737298283364,0.61528504589908,0.99995752389223,0.99994115740676,0.99998077465334,0.99997354447226,5.3886330375713e-07,1.5654569600519e-21,5.5768234062186e-06,3.2557258378362e-06,0.0099970120119142,-1.1919790724941e-07,1.1987241395527e-07,-4.8361311869151e-06,-5.2439801982502e-06,-2.4307456640428e-06,0.90002915007421,0.90002092657388,2.5,2.5,-5.0461695573029e-06,-9.9999999999997e-05
0.5875,-0.037912063065438,0.57737298283364,0.61528504589908,0.99995751970389,0.99994115879719,0.99998077540942,0.99997354511946,5.2706119674592e-07,1.5650309535815e-21,5.5769278555467e-06,3.2557857539366e-06,0.0099970117204461,-1.1658725177712e-07,1.172469855037e-07,-4.836455838725e-06,-5.244025209876e-06,-2.4304113933734e-06,0.90002914940523,0.90002093102413,2.5,2.5,-5.046392404417e-06,-0.00010000000000001
0.59,-0.037912063065438,0.57737298283364,0.61528504589908,0.99995751560728,0.99994116015717,0.99998077614893,0.99997354575249,5.1551757781778e-07,1.5646142774511e-21,5.5770300172135e-06,3.2558443577557e-06,0.0099970114353617,-1.140337744098e-07,1.1467905876271e-07,-4.8367733800564e-06,-5.2440692356641e-06,-2.4300844438526e-06,0.9000291487509,0.90002093537691,2.5,2.5,-5.0466103707654e-06,-9.999999999999e-05
0.5925,-0.037912063065438,0.57737298283364,0.61528504589908,0.99995751160039,0.99994116148736,0.99998077687224,0.99997354637165,5.0422678554268e-07,1.5642067272981e-21,5.5771299413548e-06,3.255901678033e-06,0.0099970111565211,-1.115362230414e-07,1.1216737443952e-07,-4.8370839666418e-06,-5.2441122972059e-06,-2.4297646551307e-06,0.9000291481109,0.90002093963436,2.5,2.5,-5.046823563246e-06,-9.9999999999999e-05
0.595,-0.037912063065438,0.57737298283364,0.61528504589908,0.99995750768126,0.99994116278841,0.99998077757972,0.99997354697726,4.9318328265206e-07,1.5638081032447e-21,5.5772276769957e-06,3.255957742905e-06,0.0099970108837877,-1.0909337260747e-07,1.0971070065592e-07,-4.8373877508068e-06,-5.2441544156159e-06,-2.4294518703792e-06,0.90002914748492,0.90002094379856,2.5,2.5,-5.0470320864155e-06,-9.9999999999993e-05
0.5975,-0.037912063065438,0.57737298283364,0.61528504589908,0.99995750384797,0.99994116406097,0.9999807782717,0.9999735475696,4.8238165292654e-07,1.5634182098001e-21,5.5773232720143e-06,3.2560125798689e-06,0.0099970106170276,-1.0670402517444e-07,1.073078325813e-07,-4.8376848815335e-06,-5.2441956115596e-06,-2.4291459361839e-06,0.90002914687264,0.90002094787156,2.5,2.5,-5.0472360425402e-06,-0.00010000000000001
0.6,-0.037912063065438,0.57737298283364,0.61528504589908,0.99995750009863,0.99994116530566,0.99998077894852,0.99997354814896,4.7181659894974e-07,1.5630368557441e-21,5.577416773331e-06,3.2560662157725e-06,0.0099970103561101,-1.0436700890882e-07,1.0495759178219e-07,-4.8379755045452e-06,-5.2442359052338e-06,-2.4288467025336e-06,0.90002914627378,0.90002095185535,2.5,2.5,-5.047435531647e-06,-0.0001
0.6025,-0.037912063065438,0.57737298283364,0.61528504589908,0.99995749643141,0.99994116652309,0.99998077961052,0.99997354871564,4.6148293930259e-07,1.5626638540554e-21,5.5775082268134e-06,3.2561186769643e-06,0.0099970101009071,-1.0208117757842e-07,1.0265882561809e-07,-4.838259762374e-06,-5.2442753164025e-06,-2.4285540226421e-06,0.90002914568804,0.90002095575189,2.5,2.5,-5.0476306515722e-06,-9.9999999999983e-05
0.605,-0.037912063065438,0.57737298283364,0.61528504589908,0.99995749284451,0.99994116771385,0.99998078025802,0.99997354926991,4.5137560596989e-07,1.5622990217862e-21,5.5775976772777e-06,3.2561699891338e-06,0.0099970098512936,-9.9845410196509e-08,1.0041040669685e-07,-4.8385377944261e-06,-5.2443138643916e-06,-2.4282677529783e-06,0.90002914511512,0.90002095956309,2.5,2.5,-5.0478214980084e-06,-0.00010000000000001
0.6075,-0.037912063065438,0.57737298283364,0.61528504589908,0.99995748933617,0.99994116887854,0.99998078089134,0.99997354981203,4.4148964202609e-07,1.5619421800439e-21,5.5776851686323e-06,3.2562201774883e-06,0.0099970096071471,-9.7658610362822e-08,9.8211232328882e-08,-4.8388097370622e-06,-5.2443515681092e-06,-2.4279877531744e-06,0.90002914455475,0.90002096329082,2.5,2.5,-5.0480081645534e-06,-9.9999999999997e-05
0.61,-0.037912063065438,0.57737298283364,0.61528504589908,0.99995748590467,0.99994117001771,0.99998078151079,0.99997355034229,4.3182019903379e-07,1.5615931537746e-21,5.5777707437359e-06,3.2562692666435e-06,0.0099970093683478,-9.5519705442373e-08,9.6060223989246e-08,-4.8390757236488e-06,-5.2443884460471e-06,-2.4277138858726e-06,0.90002914400666,0.9000209669369,2.5,2.5,-5.0481907427544e-06,-0.0001
0.6125,-0.037912063065438,0.57737298283364,0.61528504589908,0.99995748254832,0.99994117113194,0.99998078211667,0.99997355086092,4.2236253481813e-07,1.5612517718396e-21,5.5778544446027e-06,3.2563172806378e-06,0.0099970091347787,-9.3427646484649e-08,9.3956326690253e-08,-4.8393358846347e-06,-5.2444245162871e-06,-2.427446016767e-06,0.90002914347057,0.90002097050312,2.5,2.5,-5.0483693221538e-06,-0.00010000000000001
0.615,-0.037912063065438,0.57737298283364,0.61528504589908,0.99995747926549,0.99994117222176,0.99998078270928,0.9999735513682,4.1311201097363e-07,1.5609178667985e-21,5.5779363122517e-06,3.2563642430531e-06,0.0099970089063252,-9.1381407561255e-08,9.1898508666173e-08,-4.8395903476137e-06,-5.2444597965226e-06,-2.4271840145031e-06,0.90002914294622,0.90002097399124,2.5,2.5,-5.0485439903327e-06,-9.9999999999987e-05
0.6175,-0.037912063065438,0.57737298283364,0.61528504589908,0.99995747605455,0.99994117328771,0.99998078328891,0.99997355186437,4.0406409080546e-07,1.5605912749121e-21,5.5780163868616e-06,3.2564101768866e-06,0.0099970086828752,-8.9379985032848e-08,8.9885760684832e-08,-4.8398392373798e-06,-5.2444943040556e-06,-2.4269277505653e-06,0.90002914243335,0.90002097740297,2.5,2.5,-5.0487148329542e-06,-0.00010000000000002
0.62,-0.037912063065438,0.57737298283364,0.61528504589908,0.99995747291394,0.99994117433032,0.99998078385585,0.99997355234968,3.9521433688136e-07,1.5602718359735e-21,5.5780947076933e-06,3.2564551046768e-06,0.0099970084643192,-8.7422397397414e-08,8.7917095593638e-08,-4.8400826759963e-06,-5.2445280558091e-06,-2.426677099298e-06,0.90002914193172,0.90002098073997,2.5,2.5,-5.0488819338049e-06,-9.9999999999995e-05
0.6225,-0.037912063065438,0.57737298283364,0.61528504589908,0.99995746984212,0.99994117535009,0.99998078441037,0.99997355282435,3.8655840901407e-07,1.5599593933549e-21,5.5781713131357e-06,3.256499048465e-06,0.00999700825055,-8.5507684534419e-08,8.5991547947694e-08,-4.8403207828579e-06,-5.2445610683377e-06,-2.4264319377409e-06,0.90002914144107,0.90002098400388,2.5,2.5,-5.0490453748368e-06,-9.9999999999988e-05
0.625,-0.037912063065438,0.57737298283364,0.61528504589908,0.99995746683757,0.99994117634753,0.99998078495274,0.99997355328863,3.7809206203668e-07,1.5596537938001e-21,5.5782462407912e-06,3.256542029801e-06,0.0099970080414627,-8.3634907478175e-08,8.4108173362773e-08,-4.8405536747355e-06,-5.2445933578297e-06,-2.4261921456914e-06,0.90002914096117,0.90002098719631,2.5,2.5,-5.0492052362066e-06,-9.9999999999999e-05
0.6275,-0.037912063065438,0.57737298283364,0.61528504589908,0.99995746389883,0.99994117732312,0.99998078548324,0.99997355374274,3.6981114379218e-07,1.5593548874477e-21,5.578319527375e-06,3.2565840697934e-06,0.0099970078369549,-8.1803147658705e-08,8.2266048177733e-08,-4.8407814658493e-06,-5.2446249401224e-06,-2.4259576055194e-06,0.90002914049178,0.90002099031881,2.5,2.5,-5.0493615963155e-06,-0.00010000000000001
0.63,-0.037912063065438,0.57737298283364,0.61528504589908,0.99995746102445,0.99994117827734,0.99998078600212,0.9999735541869,3.6171159300872e-07,1.5590625277029e-21,5.5783912088666e-06,3.256625189022e-06,0.0099970076369261,-8.0011506884448e-08,8.0464268966625e-08,-4.8410042679134e-06,-5.2446558307047e-06,-2.4257282022322e-06,0.90002914003267,0.90002099337293,2.5,2.5,-5.0495145318476e-06,-0.00010000000000001
0.6325,-0.037912063065438,0.57737298283364,0.61528504589908,0.99995745821303,0.99994117921066,0.99998078650963,0.99997355462134,3.5378943742562e-07,1.5587765711833e-21,5.5784613203779e-06,3.2566654076487e-06,0.0099970074412783,-7.8259106274211e-08,7.8701952055276e-08,-4.8412221901995e-06,-5.2446860447244e-06,-2.4255038232937e-06,0.90002913958362,0.90002099636016,2.5,2.5,-5.0496641178077e-06,-9.9999999999994e-05
0.635,-0.037912063065438,0.57737298283364,0.61528504589908,0.99995745546318,0.99994118012355,0.99998078700603,0.99997355504626,3.4604079177964e-07,1.5584968776239e-21,5.5785298963367e-06,3.2567047454228e-06,0.0099970072499156,-7.6545086475903e-08,7.6978233148087e-08,-4.8414353395834e-06,-5.2447155969998e-06,-2.4252843586552e-06,0.9000291391444,0.90002099928196,2.5,2.5,-5.0498104275572e-06,-9.999999999999e-05
0.6375,-0.037912063065438,0.57737298283364,0.61528504589908,0.99995745277356,0.99994118101643,0.99998078749155,0.99997355546187,3.3846185586339e-07,1.5582233098858e-21,5.5785969703588e-06,3.2567432216195e-06,0.0099970070627441,-7.4868607029562e-08,7.5292266912623e-08,-4.8416438205996e-06,-5.244744502029e-06,-2.4250697007293e-06,0.9000291387148,0.90002100213977,2.5,2.5,-5.0499535328518e-06,-0.00010000000000001
0.64,-0.037912063065438,0.57737298283364,0.61528504589908,0.99995745014285,0.99994118188977,0.99998078796644,0.99997355586838,3.3104891272365e-07,1.557955733793e-21,5.5786625753197e-06,3.2567808551221e-06,0.009997006879672,-7.3228845458518e-08,7.3643226447063e-08,-4.8418477354956e-06,-5.2447727739828e-06,-2.4248597441879e-06,0.90002913829461,0.90002100493499,2.5,2.5,-5.0500935038746e-06,-0.0001
0.6425,-0.037912063065438,0.57737298283364,0.61528504589908,0.99995744756975,0.99994118274397,0.99998078843093,0.99997355626599,3.2379832677652e-07,1.5576940181051e-21,5.5787267434128e-06,3.2568176643873e-06,0.0099970067006095,-7.1624997756393e-08,7.2030303035188e-08,-4.8420471842727e-06,-5.2448004267267e-06,-2.4246543860934e-06,0.90002913788363,0.90002100766899,2.5,2.5,-5.0502304092721e-06,-9.999999999997e-05
0.645,-0.037912063065438,0.57737298283364,0.61528504589908,0.99995744505302,0.99994118357947,0.99998078888525,0.99997355665489,3.167065421385e-07,1.5574380344641e-21,5.5787895060902e-06,3.2568536674547e-06,0.0099970065254688,-7.0056277316396e-08,7.0452705647196e-08,-4.8422422647549e-06,-5.244827473827e-06,-2.424453525717e-06,0.90002913748164,0.9000210103431,2.5,2.5,-5.0503643161873e-06,-0.00010000000000002
0.6475,-0.037912063065438,0.57737298283364,0.61528504589908,0.9999574425914,0.99994118439667,0.99998078932962,0.99997355703527,3.0977008075493e-07,1.5571876573704e-21,5.5788508941893e-06,3.2568888819734e-06,0.009997006354164,-6.8521914729141e-08,6.890966055237e-08,-4.8424330726112e-06,-5.2448539285443e-06,-2.4242570645615e-06,0.90002913708846,0.90002101295865,2.5,2.5,-5.0504952902921e-06,-9.999999999999e-05
0.65,-0.037912063065438,0.57737298283364,0.61528504589908,0.99995744018369,0.99994118519596,0.99998078976425,0.99997355740732,3.029855407654e-07,1.5569427639831e-21,5.578910937741e-06,3.2569233252585e-06,0.0099970061866111,-6.7021157609486e-08,6.7400411058307e-08,-4.8426197014214e-06,-5.2448798038544e-06,-2.424064906269e-06,0.90002913670389,0.90002101551692,2.5,2.5,-5.0506233958211e-06,-9.9999999999995e-05
0.6525,-0.037912063065438,0.57737298283364,0.61528504589908,0.99995743782872,0.99994118597776,0.99998079018936,0.99997355777122,2.9634959478131e-07,1.5567032342198e-21,5.5789696662392e-06,3.2569570141461e-06,0.009997006022728,-6.5553269750823e-08,6.5924216865339e-08,-4.8428022427139e-06,-5.2449051124454e-06,-2.4238769565985e-06,0.90002913632774,0.90002101801915,2.5,2.5,-5.050748695601e-06,-0.00010000000000001
0.655,-0.037912063065438,0.57737298283364,0.61528504589908,0.99995743552533,0.99994118674243,0.99998079060517,0.99997355812715,2.8985898834744e-07,1.5564689506042e-21,5.5790271084675e-06,3.2569899651987e-06,0.0099970058624341,-6.4117531432625e-08,6.4480354103651e-08,-4.8429807860117e-06,-5.2449298667349e-06,-2.4236931233765e-06,0.90002913595983,0.90002102046658,2.5,2.5,-5.050871251083e-06,-0.0001
0.6575,-0.037912063065438,0.57737298283364,0.61528504589908,0.99995743327238,0.99994118749035,0.99998079101187,0.99997355847529,2.8351053825352e-07,1.5562397982269e-21,5.5790832925999e-06,3.2570221945577e-06,0.009997005705651,-6.2713238420705e-08,6.3068114601341e-08,-4.8431554188818e-06,-5.2449540788574e-06,-2.4235133164441e-06,0.90002913559998,0.90002102286041,2.5,2.5,-5.0509911223723e-06,-0.00010000000000001
0.66,-0.037912063065438,0.57737298283364,0.61528504589908,0.99995743106878,0.99994118822189,0.99998079140966,0.9999735588158,2.7730113099153e-07,1.5560156647092e-21,5.5791382462236e-06,3.2570537180361e-06,0.0099970055523018,-6.1339702015007e-08,6.1686805783519e-08,-4.843326226967e-06,-5.2449777606882e-06,-2.4233374476037e-06,0.90002913524801,0.90002102520181,2.5,2.5,-5.0511083682578e-06,-9.9999999999994e-05
0.6625,-0.037912063065438,0.57737298283364,0.61528504589908,0.99995742891345,0.99994118893741,0.99998079179873,0.99997355914885,2.7122772128309e-07,1.5557964401597e-21,5.57919199623e-06,3.2570845510761e-06,0.0099970054023112,-5.9996248718343e-08,6.0335750200904e-08,-4.8434932940384e-06,-5.2450009238426e-06,-2.4231654306475e-06,0.90002913490375,0.90002102749192,2.5,2.5,-5.0512230462409e-06,-0.0001
0.665,-0.037912063065438,0.57737298283364,0.61528504589908,0.99995742680531,0.99994118963726,0.99998079217929,0.99997355947461,2.6528733054543e-07,1.5555820170073e-21,5.579244569028e-06,3.2571147088339e-06,0.0099970052556056,-5.8682219383906e-08,5.9014285213376e-08,-4.8436567020286e-06,-5.2450235796838e-06,-2.4229971811528e-06,0.90002913456703,0.90002102973188,2.5,2.5,-5.051335212563e-06,-0.0001
0.6675,-0.037912063065438,0.57737298283364,0.61528504589908,0.99995742474335,0.99994119032178,0.99998079255151,0.99997355979324,2.594770453771e-07,1.5553722901325e-21,5.5792959903748e-06,3.2571442060926e-06,0.0099970051121132,-5.739696985149e-08,5.772176279236e-08,-4.8438165310829e-06,-5.2450457393179e-06,-2.4228326166494e-06,0.90002913423769,0.90002103192278,2.5,2.5,-5.0514449222343e-06,-0.0001
0.67,-0.037912063065438,0.57737298283364,0.61528504589908,0.99995742272655,0.99994119099131,0.99998079291558,0.99997356010488,2.5379401624903e-07,1.5551671566509e-21,5.579346285517e-06,3.2571730572763e-06,0.0099970049717635,-5.6139869606606e-08,5.6457548996537e-08,-4.8439728595846e-06,-5.2450674136177e-06,-2.4226716564089e-06,0.90002913391555,0.9000210340657,2.5,2.5,-5.0515522290604e-06,-9.9999999999994e-05
0.6725,-0.037912063065438,0.57737298283364,0.61528504589908,0.99995742075393,0.99994119164617,0.99998079327167,0.9999735604097,2.4823545601034e-07,1.5549665159967e-21,5.5793954790859e-06,3.2572012765875e-06,0.0099970048344877,-5.4910302225654e-08,5.5221023828845e-08,-4.8441257641997e-06,-5.2450886132069e-06,-2.4225142215004e-06,0.90002913360048,0.90002103616168,2.5,2.5,-5.0516571856675e-06,-0.0001
0.675,-0.037912063065438,0.57737298283364,0.61528504589908,0.9999574188245,0.9999411922867,0.99998079361997,0.99997356070785,2.4279863853808e-07,1.5547702697253e-21,5.5794435952315e-06,3.2572288778187e-06,0.0099970047002186,-5.3707664618154e-08,5.4011580872528e-08,-4.8442753199204e-06,-5.2451093484859e-06,-2.4223602346981e-06,0.9000291332923,0.90002103821175,2.5,2.5,-5.0517598435299e-06,-0.00010000000000001
0.6775,-0.037912063065438,0.57737298283364,0.61528504589908,0.99995741693734,0.99994119291319,0.99998079396064,0.99997356099946,2.374808974955e-07,1.5545783216125e-21,5.57949065754e-06,3.2572558745455e-06,0.0099970045688902,-5.2531367075083e-08,5.2828626942994e-08,-4.8444216000938e-06,-5.2451296296257e-06,-2.4222096205157e-06,0.90002913299087,0.90002104021693,2.5,2.5,-5.0518602529946e-06,-9.9999999999987e-05
0.68,-0.037912063065438,0.57737298283364,0.61528504589908,0.99995741509151,0.99994119352596,0.99998079429384,0.99997356128469,2.3227962485558e-07,1.5543905775278e-21,5.5795366890889e-06,3.257282280011e-06,0.0099970044404381,-5.1380832538751e-08,5.1671581916607e-08,-4.8445646764598e-06,-5.2451494665696e-06,-2.4220623050395e-06,0.90002913269605,0.90002104217818,2.5,2.5,-5.0519584633057e-06,-0.0001
0.6825,-0.037912063065438,0.57737298283364,0.61528504589908,0.9999574132861,0.99994119412531,0.99998079461975,0.99997356156367,2.2719226972649e-07,1.5542069453813e-21,5.5795817124657e-06,3.257308107126e-06,0.0099970043147993,-5.0255496902223e-08,5.0539878315204e-08,-4.8447046191864e-06,-5.2451688690483e-06,-2.4219182160548e-06,0.90002913240768,0.90002104409649,2.5,2.5,-5.0520545226285e-06,-0.0001
0.685,-0.037912063065438,0.57737298283364,0.61528504589908,0.99995741152024,0.99994119471154,0.99998079493852,0.99997356183654,2.2221633714417e-07,1.5540273351333e-21,5.5796257497525e-06,3.2573333685829e-06,0.0099970041919123,-4.9154808202688e-08,4.9432961123137e-08,-4.8448414969079e-06,-5.2451878465766e-06,-2.4217772828911e-06,0.90002913212563,0.90002104597277,2.5,2.5,-5.0521484780736e-06,-9.9999999999989e-05
0.6875,-0.037912063065438,0.57737298283364,0.61528504589908,0.99995740979305,0.99994119528492,0.99998079525031,0.99997356210343,2.1734938670416e-07,1.5538516586749e-21,5.5796688225377e-06,3.2573580767695e-06,0.0099970040717168,-4.8078226631763e-08,4.8350287507201e-08,-4.8449753767526e-06,-5.2452064084597e-06,-2.4216394364152e-06,0.90002913184975,0.90002104780797,2.5,2.5,-5.0522403757203e-06,-0.00010000000000001
0.69,-0.037912063065438,0.57737298283364,0.61528504589908,0.99995740810369,0.99994119584575,0.99998079555527,0.99997356236448,2.1258903153985e-07,1.5536798298549e-21,5.5797109519481e-06,3.2573822438167e-06,0.0099970039541537,-4.7025224203614e-08,4.729132640986e-08,-4.8451063243811e-06,-5.2452245638063e-06,-2.4215046090464e-06,0.90002913157992,0.90002104960297,2.5,2.5,-5.0523302606378e-06,-9.9999999999992e-05
0.6925,-0.037912063065438,0.57737298283364,0.61528504589908,0.99995740645133,0.99994119639429,0.99998079585355,0.99997356261981,2.0793293698288e-07,1.5535117644033e-21,5.57975215866e-06,3.2574058815242e-06,0.0099970038391655,-4.5995284451882e-08,4.6255558553953e-08,-4.8452344040136e-06,-5.2452423215151e-06,-2.421372734633e-06,0.900029131316,0.90002105135865,2.5,2.5,-5.0524181769087e-06,-9.9999999999999e-05
0.695,-0.037912063065438,0.57737298283364,0.61528504589908,0.99995740483516,0.99994119693082,0.9999807961453,0.99997356286955,2.0337881952727e-07,1.5533473799089e-21,5.5797924628626e-06,3.2574290015513e-06,0.0099970037266957,-4.4987902313859e-08,4.5242475910702e-08,-4.8453596784632e-06,-5.2452596902974e-06,-2.4212437485268e-06,0.90002913105786,0.90002105307589,2.5,2.5,-5.0525041676498e-06,-9.9999999999996e-05
0.6975,-0.037912063065438,0.57737298283364,0.61528504589908,0.99995740325439,0.9999411974556,0.99998079643066,0.99997356311382,1.9892444572566e-07,1.5531865957247e-21,5.5798318843023e-06,3.2574516152066e-06,0.0099970036166893,-4.4002583720103e-08,4.4251581688232e-08,-4.8454822091702e-06,-5.2452766786723e-06,-2.4211175874523e-06,0.90002913080537,0.90002105475551,2.5,2.5,-5.0525882750341e-06,-0.00010000000000002
0.7,-0.037912063065438,0.57737298283364,0.61528504589908,0.99995740170823,0.99994119796888,0.99998079670977,0.99997356335274,1.945676309574e-07,1.5530293330109e-21,5.5798704423669e-06,3.2574737335707e-06,0.0099970035090922,-4.3038845429567e-08,4.3282389875621e-08,-4.8456020562284e-06,-5.2452932949693e-06,-2.420994189536e-06,0.90002913055841,0.90002105639835,2.5,2.5,-5.0526705403104e-06,-9.9999999999975e-05
0.7025,-0.037912063065438,0.57737298283364,0.61528504589908,0.99995740019595,0.99994119847092,0.99998079698276,0.99997356358643,1.9030623853599e-07,1.5528755146554e-21,5.5799081559305e-06,3.2574953675222e-06,0.0099970034038516,-4.2096214779288e-08,4.2334425161813e-08,-4.8457192784118e-06,-5.245309547337e-06,-2.420873494263e-06,0.90002913031686,0.9000210580052,2.5,2.5,-5.0527510038247e-06,-0.0001
0.705,-0.037912063065438,0.57737298283364,0.61528504589908,0.99995739871678,0.99994119896197,0.99998079724978,0.999973563815,1.8613817852122e-07,1.5527250652117e-21,5.5799450434969e-06,3.2575165276095e-06,0.0099970033009161,-4.1174229493156e-08,4.1407222625876e-08,-4.8458339332128e-06,-5.2453254437489e-06,-2.4207554424454e-06,0.9000291300806,0.90002105957686,2.5,2.5,-5.0528297050383e-06,-0.00010000000000001
0.7075,-0.037912063065438,0.57737298283364,0.61528504589908,0.99995739727001,0.99994119944226,0.99998079751095,0.99997356403856,1.8206140676812e-07,1.552577910884e-21,5.5799811231431e-06,3.2575372242787e-06,0.009997003200235,-4.0272437427356e-08,4.0500327587222e-08,-4.8459460768604e-06,-5.2453409920026e-06,-2.4206399761693e-06,0.90002912984952,0.9000210611141,2.5,2.5,-5.0529066825495e-06,-0.0001
0.71,-0.037912063065438,0.57737298283364,0.61528504589908,0.99995739585493,0.99994119991204,0.99998079776639,0.99997356425722,1.7807392388261e-07,1.5524339795029e-21,5.5800164125963e-06,3.2575574676597e-06,0.009997003101759,-3.9390396291825e-08,3.9613295191851e-08,-4.8460557643541e-06,-5.2453561997182e-06,-2.4205270388363e-06,0.90002912962349,0.90002106261767,2.5,2.5,-5.05298197411e-06,-9.9999999999995e-05
0.7125,-0.037912063065438,0.57737298283364,0.61528504589908,0.99995739447084,0.99994120037152,0.99998079801625,0.9999735644711,1.7417377426649e-07,1.5522932005017e-21,5.5800509291528e-06,3.2575772676392e-06,0.0099970030054398,-3.8527673394274e-08,3.8745690435191e-08,-4.8461630494879e-06,-5.2453710743557e-06,-2.4204165750306e-06,0.90002912940242,0.90002106408831,2.5,2.5,-5.0530556166454e-06,-9.9999999999994e-05
0.715,-0.037912063065438,0.57737298283364,0.61528504589908,0.99995739311707,0.99994120082094,0.99998079826063,0.99997356468029,1.7035904518232e-07,1.5521555048056e-21,5.5800846897034e-06,3.2575966339962e-06,0.0099970029112302,-3.7683845862102e-08,3.7897087915809e-08,-4.8462679848769e-06,-5.2453856232121e-06,-2.4203085305902e-06,0.90002912918619,0.90002106552674,2.5,2.5,-5.0531276462729e-06,-0.0001
0.7175,-0.037912063065438,0.57737298283364,0.61528504589908,0.99995739179294,0.99994120126052,0.99998079849966,0.9999735648849,1.6662786574554e-07,1.5520208248966e-21,5.5801177108718e-06,3.2576155761773e-06,0.0099970028190839,-3.685849967448e-08,3.7067071295702e-08,-4.8463706219869e-06,-5.2453998534224e-06,-2.4202028525292e-06,0.90002912897469,0.90002106693367,2.5,2.5,-5.0531980983176e-06,-0.00010000000000001
0.72,-0.037912063065438,0.57737298283364,0.61528504589908,0.99995739049782,0.99994120169047,0.99998079873345,0.99997356508503,1.6297840605705e-07,1.5518890947461e-21,5.5801500087951e-06,3.2576341034955e-06,0.0099970027289558,-3.6051230007414e-08,3.6255233583601e-08,-4.846471011153e-06,-5.2454137719616e-06,-2.4200994890005e-06,0.90002912876783,0.90002106830978,2.5,2.5,-5.0532670073315e-06,-9.9999999999978e-05
0.7225,-0.037912063065438,0.57737298283364,0.61528504589908,0.99995738923106,0.999941202111,0.99998079896212,0.99997356528078,1.5940887631345e-07,1.5517602497216e-21,5.5801815993065e-06,3.257652225028e-06,0.0099970026408017,-3.5261641200359e-08,3.5461176677481e-08,-4.8465692016113e-06,-5.245427385662e-06,-2.4199983893348e-06,0.9000291285655,0.90002106965575,2.5,2.5,-5.0533344071103e-06,-0.0001
0.725,-0.037912063065438,0.57737298283364,0.61528504589908,0.99995738799205,0.99994120252232,0.99998079918579,0.99997356547224,1.5591752592368e-07,1.5516342266368e-21,5.5802124979783e-06,3.2576699496713e-06,0.0099970025545784,-3.4489345719514e-08,3.4684511035816e-08,-4.8466652415151e-06,-5.2454407011955e-06,-2.4198995039305e-06,0.9000291283676,0.90002107097224,2.5,2.5,-5.0534003307089e-06,-0.00010000000000001
0.7275,-0.037912063065438,0.57737298283364,0.61528504589908,0.99995738678017,0.99994120292464,0.99998079940455,0.9999735656595,1.5250264257295e-07,1.551510963712e-21,5.5802427198862e-06,3.2576872861079e-06,0.0099970024702435,-3.3733965077627e-08,3.3924855854085e-08,-4.8467591779668e-06,-5.2454537250956e-06,-2.4198027843158e-06,0.90002912817403,0.9000210722599,2.5,2.5,-5.053464810458e-06,-0.0001
0.73,-0.037912063065438,0.57737298283364,0.61528504589908,0.99995738559483,0.99994120331814,0.99998079961853,0.99997356584266,1.4916255151858e-07,1.5513904004403e-21,5.5802722798991e-06,3.2577042428465e-06,0.0099970023877556,-3.2995128534039e-08,3.3181838488656e-08,-4.8468510570358e-06,-5.2454664637465e-06,-2.4197081830293e-06,0.9000291279847,0.90002107351936,2.5,2.5,-5.0535278779809e-06,-0.00010000000000002
0.7325,-0.037912063065438,0.57737298283364,0.61528504589908,0.99995738443546,0.99994120370302,0.99998079982781,0.99997356602182,1.458956146212e-07,1.5512724777559e-21,5.5803011924557e-06,3.2577208281765e-06,0.0099970023070745,-3.2272473957591e-08,3.2455094618019e-08,-4.8469409237827e-06,-5.2454789233975e-06,-2.4196156536876e-06,0.90002912779952,0.90002107475123,2.5,2.5,-5.0535895642078e-06,-9.9999999999987e-05
0.735,-0.037912063065438,0.57737298283364,0.61528504589908,0.99995738330148,0.99994120407948,0.99998080003252,0.99997356619705,1.4270022976061e-07,1.5511571377976e-21,5.5803294717937e-06,3.2577370503035e-06,0.0099970022281603,-3.1565646881092e-08,3.1744267783623e-08,-4.8470288222806e-06,-5.2454911101597e-06,-2.4195251509156e-06,0.9000291276184,0.90002107595612,2.5,2.5,-5.0536498993922e-06,-0.0001
0.7375,-0.037912063065438,0.57737298283364,0.61528504589908,0.99995738219233,0.99994120444769,0.99998080023274,0.99997356636844,1.3957482972733e-07,1.5510443239681e-21,5.5803571317554e-06,3.2577529170961e-06,0.0099970021509746,-3.0874300546525e-08,3.1049009355245e-08,-4.8471147956401e-06,-5.2455030300089e-06,-2.4194366303114e-06,0.90002912744124,0.90002107713463,2.5,2.5,-5.0537089131237e-06,-0.00010000000000001
0.74,-0.037912063065438,0.57737298283364,0.61528504589908,0.99995738110748,0.99994120480783,0.99998080042857,0.99997356653607,1.3651788177882e-07,1.5509339810024e-21,5.5803841859332e-06,3.2577684363879e-06,0.0099970020754793,-3.0198096079579e-08,3.0368978419164e-08,-4.8471988860206e-06,-5.2455146887922e-06,-2.4193500484813e-06,0.90002912726796,0.90002107828732,2.5,2.5,-5.0537666343449e-06,-9.9999999999982e-05
0.7425,-0.037912063065438,0.57737298283364,0.61528504589908,0.99995738004639,0.99994120516009,0.99998080062012,0.99997356670004,1.3352788666485e-07,1.5508260547475e-21,5.5804106475451e-06,3.2577836157971e-06,0.0099970020016376,-2.9536701695433e-08,2.9703841387847e-08,-4.8472811346667e-06,-5.2455260922258e-06,-2.4192653629543e-06,0.90002912709848,0.90002107941476,2.5,2.5,-5.0538230913644e-06,-9.9999999999995e-05
0.745,-0.037912063065438,0.57737298283364,0.61528504589908,0.99995737900854,0.99994120550463,0.99998080080747,0.99997356686041,1.3060337798923e-07,1.5507204922708e-21,5.5804365296106e-06,3.2577984627237e-06,0.0099970019294131,-2.888979304918e-08,2.90532720972e-08,-4.8473615819164e-06,-5.245537245901e-06,-2.4191825321966e-06,0.90002912693271,0.90002108051752,2.5,2.5,-5.0538783118701e-06,-0.00010000000000001
0.7475,-0.037912063065438,0.57737298283364,0.61528504589908,0.99995737799341,0.99994120584163,0.99998080099072,0.99997356701727,1.2774292148535e-07,1.5506172418206e-21,5.5804618448248e-06,3.2578129844883e-06,0.0099970018587705,-2.8257052994496e-08,2.8416951503778e-08,-4.847440267219e-06,-5.245548155294e-06,-2.419101515588e-06,0.90002912677057,0.90002108159612,2.5,2.5,-5.0539323229444e-06,-0.00010000000000001
0.75,-0.037912063065438,0.57737298283364,0.61528504589908,0.99995737700053,0.99994120617124,0.99998080116995,0.9999735671707,1.2494511429308e-07,1.5505162527203e-21,5.5804866055691e-06,3.2578271882001e-06,0.0099970017896751,-2.7638170971856e-08,2.7794567466932e-08,-4.84751722917e-06,-5.2455588257481e-06,-2.4190222733837e-06,0.90002912661198,0.90002108265109,2.5,2.5,-5.0539851510754e-06,-9.9999999999986e-05
