time,B_anisotropy,B_par,B_per,J_max,J_min,Jbar_max,Jbar_min,center_pressure,edge_ux,ln_h_max,ln_h_min,mass,mass_reaction,outflow_gradient,platen_max,platen_min,right_reaction,solid_fraction_max,solid_fraction_min,stability_max,stability_min,top_displacement,top_reaction
0,-0.037912063065438,0.57737298283364,0.61528504589908,1,1,1,1,0,0,-0,-0,0.01,0,0,0,0,0,0.9,0.9,2.5,2.5,0,0
0.00125,-0.037912063065438,0.57737298283364,0.61528504589908,0.99999596706794,0.99999031850416,0.99999608618742,0.9999955084148,1.0876601724371e-05,1.3882228783695e-22,1.9669864340407e-06,1.3733616625138e-06,0.0099999666284247,-2.6697260224856e-05,2.2023121100599e-05,-4.183496395121e-07,-6.1548090704508e-07,-9.8822189431161e-07,0.90000467096479,0.89999973266403,2.5,2.5,-4.3548384844135e-07,-1.2500000000005e-05
0.0025,-0.037912063065438,0.57737298283364,0.61528504589908,0.99999194832981,0.9999807149974,0.99999208592388,0.99999107912727,2.1701593492963e-05,2.6349392897101e-22,3.969151223201e-06,2.907729332854e-06,0.0099999167704068,-3.9886414324945e-05,3.4928535193813e-05,-8.4271789624354e-07,-1.265920508123e-06,-1.9650079978624e-06,0.90000932789677,0.89999946610689,2.5,2.5,-8.8545076282695e-07,-2.4999999999991e-05
0.00375,-0.037912063065438,0.57737298283364,0.61528504589908,0.99998794018006,0.99997118775533,0.99998804519983,0.99998668979017,3.2487958071751e-05,3.8193495172058e-22,6.0022132336925e-06,4.5446788209603e-06,0.0099998545892191,-4.9744950203247e-05,4.4693082039795e-05,-1.2715860867137e-06,-1.9324597476045e-06,-2.9332461571903e-06,0.90001395223335,0.89999920015197,2.5,2.5,-1.3462433771896e-06,-3.7500000000007e-05
0.005,-0.037912063065438,0.57737298283364,0.61528504589908,0.99998394074958,0.99996172014212,0.99998398272609,0.99998232872566,4.3242170784809e-05,4.9649997568169e-22,8.0610753651877e-06,6.2541503853104e-06,0.009999782193386,-5.7916666460911e-05,5.2820662838689e-05,-1.7041875122769e-06,-2.6088119220253e-06,-3.8943989464833e-06,0.90001854843522,0.89999893475124,2.5,2.5,-1.8160093877638e-06,-4.9999999999997e-05
0.00625,-0.037912063065438,0.57737298283364,0.61528504589908,0.99997994878811,0.99995230015819,0.99997990751278,0.99997798926903,5.3968096657723e-05,6.0815470540592e-22,1.0141654041857e-05,8.0190381262464e-06,0.0099997009016815,-6.5033363600131e-05,5.9913118002918e-05,-2.1400472723923e-06,-3.2921039818339e-06,-4.8493811308406e-06,0.90002312130263,0.89999866995192,2.5,2.5,-2.2935902735903e-06,-6.2499999999996e-05
0.0075,-0.037912063065438,0.57737298283364,0.61528504589908,0.99997596329136,0.99994291959729,0.99997582448004,0.99997366724014,6.4668148381957e-05,7.1739500901487e-22,1.2241090165418e-05,9.8286203754504e-06,0.0099996116365233,-7.141212652873e-05,6.6277535231882e-05,-2.5788405818832e-06,-3.9807564662588e-06,-5.7988325436503e-06,0.90002767445824,0.89999840590947,2.5,2.5,-2.7781757059885e-06,-7.5e-05
0.00875,-0.037912063065438,0.57737298283364,0.61528504589908,0.99997198332364,0.99993357266654,0.99997173656992,0.99996935981764,7.5343730038894e-05,8.2451965521062e-22,1.435735773266e-05,1.1675661580026e-05,0.0099995150891159,-7.7237925946666e-05,7.2094605554509e-05,-3.0203344294587e-06,-4.6737904687812e-06,-6.7432326375794e-06,0.90003221057565,0.89999814291186,2.5,2.5,-3.2691584733871e-06,-8.7500000000002e-05
0.01,-0.037912063065438,0.57737298283364,0.61528504589908,0.99996800791605,0.99992425511336,0.9999676456632,0.99996506498722,8.5995435116346e-05,9.2973033941959e-22,1.6488961962282e-05,1.3554995941663e-05,0.0099994118021437,-8.2629577766009e-05,7.7481005988672e-05,-3.4643590125234e-06,-5.370546558538e-06,-7.682957844728e-06,0.9000367316687,0.89999788140292,2.5,2.5,-3.7660618364701e-06,-0.00010000000000001
0.01125,-0.037912063065438,0.57737298283364,0.61528504589908,0.99996806893763,0.99992464519999,0.999967466837,0.99996527283185,8.5746551304018e-05,8.9435241040373e-22,1.6667767112113e-05,1.4089408976296e-05,0.0099993355878484,-6.0971436249052e-05,6.0494041980609e-05,-3.4924421605924e-06,-5.4550717566851e-06,-7.6300919382314e-06,0.90003656762422,0.89999788935143,2.5,2.5,-3.8330148286944e-06,-9.9999999999993e-05
0.0125,-0.037912063065438,0.57737298283364,0.61528504589908,0.99996811807195,0.99992498090838,0.99996737361364,0.99996542830886,8.5524551909435e-05,8.7147331580475e-22,1.6824823430073e-05,1.4488281602114e-05,0.009999269928141,-5.252776592141e-05,5.2332727517175e-05,-3.516829600144e-06,-5.5075344172349e-06,-7.5845472023247e-06,0.90003640539153,0.89999789941869,2.5,2.5,-3.8906957907917e-06,-0.0001
0.01375,-0.037912063065438,0.57737298283364,0.61528504589908,0.99996815759492,0.99992526192837,0.99996732063971,0.99996555284469,8.5315159333132e-05,8.5326566367951e-22,1.6964835659807e-05,1.4807676169881e-05,0.0099992109716108,-4.7165224123787e-05,4.7063915437192e-05,-3.5389848535924e-06,-5.5465186730862e-06,-7.5436521130506e-06,0.90003626453502,0.89999791274665,2.5,2.5,-3.9424881230426e-06,-0.00010000000000001
0.015,-0.037912063065438,0.57737298283364,0.61528504589908,0.99996818791101,0.9999255032272,0.99996728967483,0.99996565736917,8.5110122119201e-05,8.3745214066215e-22,1.709006911541e-05,1.5075733686542e-05,0.0099991568789776,-4.3274106563551e-05,4.3217497810646e-05,-3.5596440524735e-06,-5.5780914471212e-06,-7.5061308569948e-06,0.90003614142019,0.89999793050566,2.5,2.5,-3.9900076026302e-06,-9.9999999999993e-05
0.01625,-0.037912063065438,0.57737298283364,0.61528504589908,0.9999682086868,0.99992571541145,0.99996727206306,0.99996574792761,8.4903397717007e-05,8.2313308898827e-22,1.7204566125569e-05,1.528472944973e-05,0.0099991065669871,-4.0249592380333e-05,4.021840620042e-05,-3.5792715013107e-06,-5.6049459671603e-06,-7.471232036859e-06,0.90003603194116,0.89999795390531,2.5,2.5,-4.0342058503911e-06,-0.0001
0.0175,-0.037912063065438,0.57737298283364,0.61528504589908,0.99996821924714,0.99992590550685,0.99996726315512,0.99996582817891,8.4690076639366e-05,8.0987010138368e-22,1.7310914590304e-05,1.5396553033039e-05,0.0099990593215122,-3.7796379948817e-05,3.778118857732e-05,-3.5981973653888e-06,-5.6285117194921e-06,-7.4384602996053e-06,0.9000359330673,0.8999979841545,2.5,2.5,-4.075710215197e-06,-0.0001
0.01875,-0.037912063065438,0.57737298283364,0.61528504589908,0.99996821877979,0.99992607829266,0.99996726021868,0.99996590049971,8.4466019561138e-05,7.9741512192097e-22,1.7410811265775e-05,1.5502604160932e-05,0.0099990146372794,-3.5747386220797e-05,3.5742933987811e-05,-3.6166725198516e-06,-5.649640504639e-06,-7.4074651632965e-06,0.90003584263589,0.89999802240833,2.5,2.5,-4.1149645713172e-06,-0.0001
0.02,-0.037912063065438,0.57737298283364,0.61528504589908,0.99996820646518,0.99992623714139,0.99996726153693,0.99996596652031,8.4227735580397e-05,7.856117324816e-22,1.7505420503365e-05,1.5603836220984e-05,0.0099989721389079,-3.3998697178335e-05,3.4001787240315e-05,-3.6348940709309e-06,-5.6688825514782e-06,-7.3779862456836e-06,0.90003575907872,0.89999806971608,2.5,2.5,-4.1522986845981e-06,-9.9999999999995e-05
0.02125,-0.037912063065438,0.57737298283364,0.61528504589908,0.99996818156455,0.99992638451493,0.99996726597448,0.99996602740797,8.3972345001909e-05,7.7435310647916e-22,1.7595577946363e-05,1.5700995286701e-05,0.0099989315373229,-3.2481268009046e-05,3.2489830786819e-05,-3.6530186684042e-06,-5.686615009573e-06,-7.3498230305232e-06,0.90003568123043,0.89999812697832,2.5,2.5,-4.1879665024852e-06,-0.00010000000000001
0.0225,-0.037912063065438,0.57737298283364,0.61528504589908,0.9999681434776,0.99992652226387,0.99996727274963,0.99996608402757,8.369756388895e-05,7.6356180728933e-22,1.7681907218693e-05,1.579467816476e-05,0.0099988926036752,-3.1146918222122e-05,3.1159549733317e-05,-3.671170312298e-06,-5.7031083895923e-06,-7.3228167769775e-06,0.90003560820374,0.89999819491719,2.5,2.5,-4.2221690652233e-06,-9.9999999999998e-05
0.02375,-0.037912063065438,0.57737298283364,0.61528504589908,0.99996809177583,0.99992665181442,0.99996728130649,0.99996613703821,8.3401684470477e-05,7.5317911069899e-22,1.7764889225401e-05,1.5885369084754e-05,0.0099988551527649,-2.996072820432e-05,2.9976440677801e-05,-3.6894455905543e-06,-5.7185637797338e-06,-7.2968390215944e-06,0.90003553930815,0.89999827406124,2.5,2.5,-4.2550690676819e-06,-9.9999999999992e-05
0.025,-0.037912063065438,0.57737298283364,0.61528504589908,0.99996802621595,0.99992677428935,0.99996729123913,0.99996618695401,8.3083542627462e-05,7.4315890875374e-22,1.7844905037266e-05,1.5973464436552e-05,0.0099988190320003,-2.8896611722329e-05,2.8914689661338e-05,-3.7079176917088e-06,-5.7331350441012e-06,-7.2717839192883e-06,0.9000354739958,0.89999836474329,2.5,2.5,-4.2868005593276e-06,-0.00010000000000001
0.02625,-0.037912063065438,0.57737298283364,0.61528504589908,0.99996794673825,0.99992689058885,0.99996730224451,0.99996623051428,8.2742472040838e-05,7.3346400162892e-22,1.7922263502999e-05,1.6059290443006e-05,0.0099987841137599,-2.7934592238757e-05,2.7954504863823e-05,-3.7266397984295e-06,-5.7469427508878e-06,-7.2475629457865e-06,0.90003541182456,0.89999846710918,2.5,2.5,-4.3174756533062e-06,-9.9999999999992e-05
0.0275,-0.037912063065438,0.57737298283364,0.61528504589908,0.99996785345417,0.99992700144613,0.99996731409213,0.99996626237548,8.2378248303492e-05,7.2406372044485e-22,1.7997219683829e-05,1.614311641752e-05,0.0099987502899456,-2.7059051513478e-05,2.7080397174162e-05,-3.7456481147623e-06,-5.760083283216e-06,-7.2241011188227e-06,0.90003535243233,0.89999858113415,2.5,2.5,-4.3471893123083e-06,-9.9999999999997e-05
0.02875,-0.037912063065438,0.57737298283364,0.61528504589908,0.99996774662697,0.99992710746673,0.99996732660387,0.99996629347692,8.1991027439125e-05,7.1493233465324e-22,1.8069987567099e-05,1.6225165091496e-05,0.0099987174679936,-2.6257561544334e-05,2.628003115386e-05,-3.7649646156849e-06,-5.7726350100745e-06,-7.2013342319162e-06,0.9000352955186,0.89999870664404,2.5,2.5,-4.376022851783e-06,-0.0001
0.03,-0.037912063065438,0.57737298283364,0.61528504589908,0.9999676266489,0.99992720915682,0.99996733964015,0.99996632389417,8.1581283044552e-05,7.0604794483128e-22,1.8140749088639e-05,1.6305620876562e-05,0.009998685567892,-2.5520081330854e-05,2.5543433582961e-05,-3.7845995384699e-06,-5.7846625913996e-06,-7.1792067847593e-06,0.90003524083113,0.89999884333871,2.5,2.5,-4.4040465611136e-06,-0.0001
0.03125,-0.037912063065438,0.57737298283364,0.61528504589908,0.99996749401714,0.99992730694407,0.9999673530903,0.99996635369096,8.1149745433286e-05,6.9739168833424e-22,1.8209660700706e-05,1.6384636590439e-05,0.0099986545199046,-2.4838389924675e-05,2.4862434061978e-05,-3.8045536130533e-06,-5.7962200586314e-06,-7.1576704051036e-06,0.90003518815598,0.8999989908158,2.5,2.5,-4.4313217022256e-06,-9.9999999999994e-05
0.0325,-0.037912063065438,0.57737298283364,0.61528504589908,0.99996734931042,0.99992740119332,0.99996736686558,0.99996638292112,8.0697345151256e-05,6.8894715385099e-22,1.8276858260345e-05,1.64623389867e-05,0.0099986242628081,-2.4205677167296e-05,2.4230260733081e-05,-3.8248200275651e-06,-5.8073530680629e-06,-7.1366826255043e-06,0.90003513731002,0.89999914859335,2.5,2.5,-4.4579020587805e-06,-0.0001
0.03375,-0.037912063065438,0.57737298283364,0.61528504589908,0.99996719316734,0.99992749221846,0.99996738089421,0.99996641163019,8.02251622985e-05,6.8069993989395e-22,1.8342460741167e-05,1.653883332632e-05,0.0099985947425051,-2.3616242424389e-05,2.3641242387812e-05,-3.8453861320256e-06,-5.8181005811317e-06,-7.1162059213181e-06,0.90003508813519,0.89999931613057,2.5,2.5,-4.4838351545493e-06,-0.00010000000000001
0.035,-0.037912063065438,0.57737298283364,0.61528504589908,0.99996702626707,0.99992758029164,0.99996739511761,0.99996643985675,7.9734382327852e-05,6.7263731505808e-22,1.8406573100873e-05,1.6614207163346e-05,0.0099985659109188,-2.306526897799e-05,2.3090585194406e-05,-3.8662348912688e-06,-5.8284961388523e-06,-7.0962069442863e-06,0.90003504049408,0.89999949284607,2.5,2.5,-4.5091632240444e-06,-9.9999999999996e-05
0.03625,-0.037912063065438,0.57737298283364,0.61528504589908,0.99996684931272,0.99992766565045,0.99996740948763,0.99996646763359,7.9226258426137e-05,6.6474795204777e-22,1.8469288531889e-05,1.6688533481206e-05,0.0099985377251032,-2.2548652490089e-05,2.257420281019e-05,-3.8873461049288e-06,-5.838568843076e-06,-7.0766559048546e-06,0.9000349942664,0.89999967813361,2.5,2.5,-4.5339239947875e-06,-0.0001
0.0375,-0.037912063065438,0.57737298283364,0.61528504589908,0.99996666301732,0.99992774850363,0.99996742396437,0.99996649498864,7.8702080200915e-05,6.5702171618305e-22,1.8530690252518e-05,1.6761873286799e-05,0.0099985101465172,-2.2062868801966e-05,2.2088585365349e-05,-3.9086974165615e-06,-5.8483441223104e-06,-7.0575260691322e-06,0.90003494934622,0.89999987137518,2.5,2.5,-4.5581513244064e-06,-9.9999999999995e-05
0.03875,-0.037912063065438,0.57737298283364,0.61528504589908,0.9999664680924,0.99992782903561,0.99996743851462,0.99996652194574,7.8163148162008e-05,6.4944949494701e-22,1.8590852950423e-05,1.6834277754621e-05,0.0099984831404287,-2.1604870803635e-05,2.1630697196973e-05,-3.930265136173e-06,-5.8578443366713e-06,-7.0387933452542e-06,0.90003490563975,0.90000007195179,2.5,2.5,-4.5818757244848e-06,-0.0001
0.04,-0.037912063065438,0.57737298283364,0.61528504589908,0.99996626523886,0.99992790741018,0.99996745311053,0.9999665485248,7.761075336563e-05,6.4202305892852e-22,1.8649843959408e-05,1.6905789993639e-05,0.0099984566754198,-2.1172007094477e-05,2.1197896149653e-05,-3.9520249006666e-06,-5.8670892610909e-06,-7.0204359402693e-06,0.9000348630635,0.90000027925198,2.5,2.5,-4.6051247950919e-06,-9.9999999999996e-05
0.04125,-0.037912063065438,0.57737298283364,0.61528504589908,0.99996605513984,0.9999279837735,0.99996746772863,0.99996657474418,7.7046161547349e-05,6.3473494718432e-22,1.8707724228529e-05,1.6976446502516e-05,0.0099984307229734,-2.0761957187554e-05,2.0787869259238e-05,-3.9739521957984e-06,-5.8760964751471e-06,-7.0024340732527e-06,0.90003482154286,0.90000049267855,2.5,2.5,-4.6279235881606e-06,-0.0001
0.0425,-0.037912063065438,0.57737298283364,0.61528504589908,0.99996583845542,0.99992805825655,0.99996748234909,0.99996660061923,7.6470601080796e-05,6.2757837167262e-22,1.8764549128009e-05,1.7046278364587e-05,0.0099984052571241,-2.0372679418974e-05,2.0398581026188e-05,-3.9960227614002e-06,-5.8848816805133e-06,-6.9847697334939e-06,0.90003478101084,0.90000071165351,2.5,2.5,-4.6502949136638e-06,-0.0001
0.04375,-0.037912063065438,0.57737298283364,0.61528504589908,0.99996561581872,0.99992813097714,0.99996749695501,0.99996662616332,7.5885254141992e-05,6.205471370417e-22,1.8820369125285e-05,1.7115312228771e-05,0.0099983802541632,-2.0002368717109e-05,2.0028231462879e-05,-4.0182128994741e-06,-5.8934589616689e-06,-6.9674264754157e-06,0.90003474140706,0.90000093562183,2.5,2.5,-4.6722595994179e-06,-9.9999999999999e-05
0.045,-0.037912063065438,0.57737298283364,0.61528504589908,0.99996538783329,0.99992820204166,0.999967511532,0.9999666513882,7.5291250518968e-05,6.1363557259003e-22,1.887523035616e-05,1.7183571112042e-05,0.0099983556923856,-1.9649422095077e-05,1.9675221801727e-05,-4.0404997023504e-06,-5.9018410017368e-06,-6.9503892433106e-06,0.90003470267695,0.90000116405391,2.5,2.5,-4.6938367129924e-06,-0.0001
0.04625,-0.037912063065438,0.57737298283364,0.61528504589908,0.99996515507147,0.99992827154646,0.99996752606773,0.99996667630424,7.4689663573902e-05,6.0683847424566e-22,1.8929175111498e-05,1.7251075057086e-05,0.0099983315518728,-1.9312410247395e-05,1.9338126259466e-05,-4.0628612157798e-06,-5.9100392624985e-06,-6.9336442207662e-06,0.90003466477098,0.90000139644719,2.5,2.5,-4.7150437524304e-06,-0.0001
0.0475,-0.037912063065438,0.57737298283364,0.61528504589908,0.99996491807354,0.99992833957907,0.99996754055158,0.99996670092066,7.4081507932177e-05,6.0015105465303e-22,1.8982242254929e-05,1.7317841669296e-05,0.0099983078143053,-1.8990054007732e-05,1.9015668626698e-05,-4.085276549604e-06,-5.9180641356106e-06,-6.9171787004948e-06,0.90003462764413,0.90000163232702,2.5,2.5,-4.7358968111172e-06,-0.0001
0.04875,-0.037912063065438,0.57737298283364,0.61528504589908,0.99996467734758,0.99992840621925,0.99996755497444,0.99996672524571,7.3467738537574e-05,5.9356890001441e-22,1.9034467582558e-05,1.7383886554788e-05,0.0099982844627994,-1.8681204707099e-05,1.8706702730458e-05,-4.1077259466591e-06,-5.9259250704522e-06,-6.9009809711619e-06,0.90003459125532,0.90000187124691,2.5,2.5,-4.7564107210797e-06,-9.9999999999987e-05
0.05,-0.037912063065438,0.57737298283364,0.61528504589908,0.99996443336971,0.9999284715398,0.99996756932843,0.99996674928682,7.2849250770806e-05,5.8708793254223e-22,1.9085884135956e-05,1.7449223678702e-05,0.0099982614817648,-1.8384827683891e-05,1.8410196027026e-05,-4.1301908187639e-06,-5.9336306829172e-06,-6.8850402185546e-06,0.90003455556698,0.90000211278836,2.5,2.5,-4.7765991781785e-06,-0.00010000000000001
0.05125,-0.037912063065438,0.57737298283364,0.61528504589908,0.99996418658481,0.99992853560738,0.99996758360675,0.99996677305075,7.2226881381091e-05,5.8070437760735e-22,1.9136522474911e-05,1.751386565674e-05,0.0099982388567793,-1.8099988355612e-05,1.8125215740077e-05,-4.1526537571217e-06,-5.9411888485378e-06,-6.8693464387957e-06,0.90003452054468,0.90000235656032,2.5,2.5,-4.7964748520053e-06,-0.0001
0.0525,-0.037912063065438,0.57737298283364,0.61528504589908,0.99996393740745,0.99992859848313,0.99996759780349,0.99996679654365,7.1601410025546e-05,5.7441473485081e-22,1.9186410917026e-05,1.7577823992859e-05,0.0099982165744788,-1.7825840386414e-05,1.7850917081715e-05,-4.1750985230992e-06,-5.9486067826448e-06,-6.8538903618347e-06,0.90003448615684,0.90000260219838,2.5,2.5,-4.8160494827866e-06,-0.0001
0.05375,-0.037912063065438,0.57737298283364,0.61528504589908,0.99996368622303,0.99992866022326,0.99996761191357,0.9999668197712,7.0973561249548e-05,5.6821575267508e-22,1.9235575748549e-05,1.764110927329e-05,0.0099981946224594,-1.7561615579241e-05,1.7586533187708e-05,-4.197510024273e-06,-5.9558911097578e-06,-6.8386633836907e-06,0.90003445237436,0.90000284936381,2.5,2.5,-4.8353339671888e-06,-0.0001
0.055,-0.037912063065438,0.57737298283364,0.61528504589908,0.99996343338913,0.9999287208795,0.99996762593255,0.99996684273862,7.034400677424e-05,5.621044056119e-22,1.9284041411247e-05,1.770373132427e-05,0.0099981729891904,-1.7306615194375e-05,1.7331366471158e-05,-4.2198742796528e-06,-5.9630479239472e-06,-6.8236575062356e-06,0.90003441917044,0.90000309774244,2.5,2.5,-4.854338434589e-06,-9.9999999999994e-05
0.05625,-0.037912063065438,0.57737298283364,0.61528504589908,0.99996317923678,0.99992878049957,0.99996763985662,0.99996686545079,6.9713367984315e-05,5.5607787416413e-22,1.9331830668752e-05,1.7765699340703e-05,0.0099981516639373,-1.7060202454848e-05,1.7084781156549e-05,-4.2421783772184e-06,-5.970082841605e-06,-6.8088652834574e-06,0.90003438652034,0.90000334704348,2.5,2.5,-4.8730723151169e-06,-9.9999999999999e-05
0.0575,-0.037912063065438,0.57737298283364,0.61528504589908,0.99996292407197,0.99992883912758,0.99996765368247,0.99996688791226,6.908221853216e-05,5.5013352682299e-22,1.9378964754133e-05,1.7827021990797e-05,0.0099981306366923,-1.6821796043829e-05,1.6846196800551e-05,-4.2644104262616e-06,-5.9770010477882e-06,-6.7942797734013e-06,0.90003435440117,0.90000359699828,2.5,2.5,-4.8915444005558e-06,-9.9999999999995e-05
0.05875,-0.037912063065438,0.57737298283364,0.61528504589908,0.99996266817702,0.99992889680431,0.99996766740727,0.99996691012731,6.845108699247e-05,5.4426890389191e-22,1.942546350306e-05,1.7887707501606e-05,0.0099981098981117,-1.6590864436211e-05,1.6615082643079e-05,-4.2865595065158e-06,-5.983807337092e-06,-6.7798944949462e-06,0.90003432279175,0.90000384735907,2.5,2.5,-4.9097628990188e-06,-0.00010000000000001
0.06,-0.037912063065438,0.57737298283364,0.61528504589908,0.99996241181203,0.99992895356756,0.99996768102856,0.99996693209999,6.782045951705e-05,5.3848170297955e-22,1.9471345472615e-05,1.7947763728541e-05,0.0099980894394605,-1.6366920935005e-05,1.6390952659393e-05,-4.3086156155729e-06,-5.9905061498515e-06,-6.7657033889982e-06,0.90003429167241,0.90000409789773,2.5,2.5,-4.9277354841753e-06,-0.00010000000000001
0.06125,-0.037912063065438,0.57737298283364,0.61528504589908,0.99996215521624,0.99992900945241,0.99996769454425,0.99996695383412,6.7190782451727e-05,5.3276976591814e-22,1.9516628048372e-05,1.8007198212174e-05,0.0099980692525614,-1.6149519305321e-05,1.617336120763e-05,-4.3305696157973e-06,-5.9971016043178e-06,-6.7517007833491e-06,0.9000342610249,0.90000434840457,2.5,2.5,-4.945469339682e-06,-0.0001
0.0625,-0.037912063065438,0.57737298283364,0.61528504589908,0.99996189860941,0.99992906449144,0.99996770795257,0.99996697533335,6.6562464886755e-05,5.2713106691449e-22,1.9561327541508e-05,1.8066018224359e-05,0.009998049329749,-1.5938249919493e-05,1.5961899184694e-05,-4.3524131816242e-06,-6.0035975253677e-06,-6.7378813609784e-06,0.90003423083225,0.90000459868713,2.5,2.5,-4.9629711993819e-06,-9.9999999999993e-05
0.06375,-0.037912063065438,0.57737298283364,0.61528504589908,0.99996164219313,0.99992911871497,0.99996772125202,0.99996699660116,6.5935881120616e-05,5.2156370182973e-22,1.9605459276047e-05,1.8124230806204e-05,0.0099980296638286,-1.5732736339096e-05,1.5756190617688e-05,-4.3741387478883e-06,-6.0099974701896e-06,-6.7242401312604e-06,0.90003420107865,0.90000484856903,2.5,2.5,-4.9802473837491e-06,-0.0001
0.065,-0.037912063065438,0.57737298283364,0.61528504589908,0.999961386152,0.99992917215123,0.99996773444135,0.99996701764088,6.5311373022882e-05,5.1606587845401e-22,1.964903766869e-05,1.8181842798904e-05,0.0099980102480382,-1.5532632274222e-05,1.5555889630933e-05,-4.3957394597365e-06,-6.0163047513515e-06,-6.7107724038074e-06,0.90003417174936,0.90000509788889,2.5,2.5,-4.9973038329958e-06,-9.9999999999994e-05
0.06625,-0.037912063065438,0.57737298283364,0.61528504589908,0.99996113065488,0.99992922482655,0.99996774751953,0.99996703845573,6.4689252287014e-05,5.1063590765739e-22,1.9692076300483e-05,1.8238860868792e-05,0.0099979910760147,-1.5337618869182e-05,1.5360677738093e-05,-4.4172091243837e-06,-6.0225224575566e-06,-6.6974737647263e-06,0.90003414283064,0.90000534649928,2.5,2.5,-5.014146137197e-06,-0.0001
0.0675,-0.037912063065438,0.57737298283364,0.61528504589908,0.99996087585599,0.99992927676553,0.99996776048575,0.99996705904877,6.406980256787e-05,5.052721953087e-22,1.9734587983023e-05,1.8295291528569e-05,0.0099979721417618,-1.5147402271234e-05,1.5170261416679e-05,-4.4385421650267e-06,-6.0286534723819e-06,-6.6843400548876e-06,0.90003411430961,0.90000559426572,2.5,2.5,-5.0307795637468e-06,-0.0001
0.06875,-0.037912063065438,0.57737298283364,0.61528504589908,0.99996062189593,0.99992932799114,0.99996777333934,0.999967079423,6.3453281501349e-05,4.999732349417e-22,1.9776584817842e-05,1.8351141153648e-05,0.0099979534396225,-1.4961711447626e-05,1.4984369929604e-05,-4.4597335770034e-06,-6.0347004912236e-06,-6.6713673501747e-06,0.90003408617425,0.90000584106575,2.5,2.5,-5.0472090824173e-06,-9.9999999999994e-05
0.07,-0.037912063065438,0.57737298283364,0.61528504589908,0.99996036890274,0.99992937852491,0.99996778607982,0.9999670995813,6.283992260641e-05,4.947376010185e-22,1.9818078251454e-05,1.8406415996514e-05,0.0099979349642522,-1.4780296219293e-05,1.4802753363083e-05,-4.4807788862965e-06,-6.0406660366589e-06,-6.6585519433851e-06,0.9000340584133,0.90000608678808,2.5,2.5,-5.0634393882575e-06,-9.9999999999998e-05
0.07125,-0.037912063065438,0.57737298283364,0.61528504589908,0.99996011699278,0.99992942838698,0.99996779870685,0.99996711952645,6.2229937070978e-05,4.8956394279939e-22,1.985907912513e-05,1.8461122198276e-05,0.0099979167105954,-1.460292548627e-05,1.4625180855367e-05,-4.5016741104002e-06,-6.0465524724021e-06,-6.6458903277056e-06,0.90003403101617,0.9000063313317,2.5,2.5,-5.0794749225451e-06,-0.00010000000000001
0.0725,-0.037912063065438,0.57737298283364,0.61528504589908,0.99995986627162,0.99992947759628,0.9999678112202,0.99996713926117,6.1623515424679e-05,4.8445097868934e-22,1.9899597720616e-05,1.8515265797749e-05,0.0099978986738634,-1.4429385621543e-05,1.4451438993802e-05,-4.5224157215349e-06,-6.0523620159907e-06,-6.633379181533e-06,0.90003400397294,0.90000657460518,2.5,2.5,-5.0953198919726e-06,-0.00010000000000001
0.07375,-0.037912063065438,0.57737298283364,0.61528504589908,0.99995961683484,0.99992952617056,0.99996782361978,0.9999671587881,6.1020829102376e-05,4.7939749111487e-22,1.9939643802059e-05,1.8568852739801e-05,0.0099978808495146,-1.4259479015719e-05,1.4281330361809e-05,-4.5430006121487e-06,-6.0580967503591e-06,-6.6210153546209e-06,0.90003397727428,0.9000068165259,2.5,2.5,-5.1109782862372e-06,-9.9999999999995e-05
0.075,-0.037912063065438,0.57737298283364,0.61528504589908,0.99995936876883,0.99992957412653,0.99996783590559,0.9999671781098,6.0422031902822e-05,4.7440232176518e-22,1.9979226654333e-05,1.8621888881507e-05,0.0099978632332361,-1.4093022754223e-05,1.4114672218618e-05,-4.5634260626595e-06,-6.0637586343857e-06,-6.6087958553089e-06,0.9000339509114,0.9000070570194,2.5,2.5,-5.1264538941764e-06,-0.0001
0.07625,-0.037912063065438,0.57737298283364,0.61528504589908,0.99995912215145,0.99992962147992,0.99996784807774,0.99996719722878,5.982726134753e-05,4.6946436726483e-22,2.0018355118465e-05,1.8674379998115e-05,0.0099978458209269,-1.3929847414684e-05,1.3951295298439e-05,-4.5836897113239e-06,-6.0693495125381e-06,-6.5967178388464e-06,0.90003392487601,0.90000729601874,2.5,2.5,-5.1417503185846e-06,-9.9999999999998e-05
0.0775,-0.037912063065438,0.57737298283364,0.61528504589908,0.99995887705271,0.99992966824555,0.9999678601364,0.99996721614748,5.9236639944752e-05,4.6458257517082e-22,2.0057037623807e-05,1.8726331786818e-05,0.0099978286086819,-1.3769795970497e-05,1.3791042715857e-05,-4.6037895261752e-06,-6.0748711236979e-06,-6.5847785966162e-06,0.90003389916029,0.90000753346393,2.5,2.5,-5.1568709898245e-06,-0.0001
0.07875,-0.037912063065438,0.57737298283364,0.61528504589908,0.99995863353539,0.99992971443742,0.99996787208185,0.99996723486829,5.8650276364038e-05,4.5975594032167e-22,2.0095282217748e-05,1.8777749871532e-05,0.0099978115927784,-1.3612722790932e-05,1.3633768967343e-05,-4.6237237788898e-06,-6.0803251092315e-06,-6.572975546297e-06,0.90003387375687,0.90000776930137,2.5,2.5,-5.171819178341e-06,-9.9999999999997e-05
0.08,-0.037912063065438,0.57737298283364,0.61528504589908,0.99995839165558,0.99992976006875,0.99996788391442,0.99996725339354,5.8068266526361e-05,4.5498350144623e-22,2.0133096593179e-05,1.8828639805622e-05,0.0099977947696625,-1.3458492727167e-05,1.347933901884e-05,-4.6434910205064e-06,-6.085713020393e-06,-6.5613062227241e-06,0.90003384865876,0.90000800348339,2.5,2.5,-5.1865980061717e-06,-0.0001
0.08125,-0.037912063065438,0.57737298283364,0.61528504589908,0.99995815146323,0.99992980515206,0.9999678956345,0.99996727172552,5.7490694615124e-05,4.5026433807835e-22,2.0170488113604e-05,1.8879007074579e-05,0.0099977781359372,-1.3306980277014e-05,1.3327627471433e-05,-4.663090058882e-06,-6.0910363251157e-06,-6.549768269572e-06,0.90003382385933,0.90000823596772,2.5,2.5,-5.2012104575395e-06,-0.00010000000000001
0.0825,-0.037912063065438,0.57737298283364,0.61528504589908,0.99995791300263,0.9999298496992,0.99996790724255,0.99996728986646,5.6917634013016e-05,4.4559756767427e-22,2.0207463836158e-05,1.8928857099062e-05,0.0099977616883511,-1.3158068819744e-05,1.3178517797439e-05,-4.6825199377884e-06,-6.0962964142427e-06,-6.5383594316175e-06,0.90003379935231,0.90000846671712,2.5,2.5,-5.2156593886058e-06,-9.999999999999e-05
0.08375,-0.037912063065438,0.57737298283364,0.61528504589908,0.99995767631286,0.99992989372141,0.99996791873907,0.99996730781856,5.6349148169445e-05,4.4098234300702e-22,2.0244030533422e-05,1.8978195236269e-05,0.0099977454237887,-1.3011649915514e-05,1.3031901640657e-05,-4.7017799175269e-06,-6.1014946072537e-06,-6.5270775476715e-06,0.90003377513174,0.90000869569893,2.5,2.5,-5.2299475364537e-06,-0.00010000000000001
0.085,-0.037912063065438,0.57737298283364,0.61528504589908,0.99995744142818,0.99992993722937,0.99996793012462,0.99996732558398,5.5785291403451e-05,4.3641784971741e-22,2.0280194712303e-05,1.9027026782095e-05,0.0099977293392604,-1.2867622662413e-05,1.2887678174389e-05,-4.7208694569922e-06,-6.1066321575211e-06,-6.5159205440239e-06,0.90003375119195,0.90000892288474,2.5,2.5,-5.2440775273652e-06,-9.9999999999996e-05
0.08625,-0.037912063065438,0.57737298283364,0.61528504589908,0.99995720837847,0.99992998023323,0.99996794139978,0.99996734316482,5.5226109646206e-05,4.3190330409696e-22,2.0315962632769e-05,1.9075356972672e-05,0.009997713431894,-1.2725893107226e-05,1.2745753512789e-05,-4.7397881970706e-06,-6.1117102571572e-06,-6.5048864284399e-06,0.90003372752755,0.90000914825003,2.5,2.5,-5.2580518844523e-06,-0.0001
0.0875,-0.037912063065438,0.57737298283364,0.61528504589908,0.99995697718955,0.99993002274266,0.99996795256518,0.99996736056316,5.4671641127555e-05,4.2743795099901e-22,2.0351340324259e-05,1.9123190985866e-05,0.0099976976989269,-1.258637370363e-05,1.2606040169953e-05,-4.7585359452756e-06,-6.1167300414595e-06,-6.4939732845731e-06,0.90003370413338,0.90000937177386,2.5,2.5,-5.2718730346916e-06,-9.9999999999996e-05
0.08875,-0.037912063065438,0.57737298283364,0.61528504589908,0.99995674788352,0.99993006476689,0.99996796362149,0.99996737778105,5.4121917010326e-05,4.2302106197115e-22,2.0386333601132e-05,1.9170533942377e-05,0.0099976821376984,-1.2448982815217e-05,1.2468456563384e-05,-4.7771126615631e-06,-6.1216925930102e-06,-6.483179266883e-06,0.90003368100454,0.90000959343855,2.5,2.5,-5.285543315415e-06,-0.00010000000000001
0.09,-0.037912063065438,0.57737298283364,0.61528504589908,0.99995652047904,0.99993010631471,0.9999679745694,0.99996739482048,5.3576961976408e-05,4.1865193347138e-22,2.0420948076965e-05,1.9217390907038e-05,0.0099976667456431,-1.2313644257977e-05,1.2332926557154e-05,-4.7955184452188e-06,-6.1265989454511e-06,-6.4725025958707e-06,0.90003365813634,0.90000981322947,2.5,2.5,-5.2990649802957e-06,-9.9999999999991e-05
0.09125,-0.037912063065438,0.57737298283364,0.61528504589908,0.99995629499167,0.99993014739454,0.99996798540963,0.99996741168342,5.3036794767809e-05,4.1432988525473e-22,2.0455189177504e-05,1.9263766889662e-05,0.0099976515202845,-1.2180286880275e-05,1.2199379042358e-05,-4.8137535227427e-06,-6.1314500869567e-06,-6.461941553734e-06,0.90003363552428,0.90001003113472,2.5,2.5,-5.3124402048756e-06,-9.9999999999997e-05
0.0925,-0.037912063065438,0.57737298283364,0.61528504589908,0.99995607143406,0.99993018801441,0.99996799614292,0.99996742837183,5.2501428686314e-05,4.100542588884e-22,2.0489062152819e-05,1.9309666846318e-05,0.0099976364592292,-1.2048844176055e-05,1.2067747550738e-05,-4.8318182366755e-06,-6.1362469634419e-06,-6.4514944803351e-06,0.90003361316406,0.90001024714496,2.5,2.5,-5.3256710916655e-06,-0.0001
0.09375,-0.037912063065438,0.57737298283364,0.61528504589908,0.99995584981622,0.99993022818206,0.99996800677004,0.99996744488761,5.1970872054324e-05,4.0582441635112e-22,2.0522572088665e-05,1.9355095679747e-05,0.0099976215601618,-1.1919253929106e-05,1.1937969899427e-05,-4.8497130352837e-06,-6.1409904815106e-06,-6.4411597694853e-06,0.90003359105155,0.90001046125316,2.5,2.5,-5.3387596748568e-06,-9.9999999999998e-05
0.095,-0.037912063065438,0.57737298283364,0.61528504589908,0.99995563014578,0.99993026790488,0.99996801729176,0.99996746123264,5.1445128640292e-05,4.0163973877381e-22,2.055572391656e-05,1.9400058240687e-05,0.0099976068208395,-1.1791457885432e-05,1.1809987863668e-05,-4.8674384630443e-06,-6.1456815111811e-06,-6.4309358655024e-06,0.90003356918279,0.90001067345442,2.5,2.5,-5.3517079246716e-06,-0.00010000000000001
0.09625,-0.037912063065438,0.57737298283364,0.61528504589908,0.99995541242812,0.99993030718998,0.99996802770888,0.99996747740878,5.0924198051056e-05,3.9749962524698e-22,2.0588522423368e-05,1.944455932837e-05,0.0099975922390877,-1.166540145178e-05,1.1683746875745e-05,-4.8849951518691e-06,-6.150320888395e-06,-6.4208212600306e-06,0.90003354755396,0.90001088374579,2.5,2.5,-5.364517751383e-06,-0.0001
0.0975,-0.037912063065438,0.57737298283364,0.61528504589908,0.9999551966666,0.9999303460442,0.99996803802222,0.99996749341784,5.0408076093527e-05,3.9340349174408e-22,2.0620972260361e-05,1.9488603691077e-05,0.0099975778127959,-1.1541033418011e-05,1.1559195747533e-05,-4.9023838130156e-06,-6.1549094173357e-06,-6.4108144891399e-06,0.90003352616139,0.90001109212608,2.5,2.5,-5.3771910090301e-06,-0.0001
0.09875,-0.037912063065438,0.57737298283364,0.61528504589908,0.99995498286275,0.99993038447412,0.99996804823259,0.99996750926164,4.9896755108368e-05,3.8935077009088e-22,2.0653077950994e-05,1.9532196027468e-05,0.0099975635399138,-1.1418305701033e-05,1.1436286414939e-05,-4.9196052296348e-06,-6.1594478725659e-06,-6.4009141305667e-06,0.90003350500153,0.90001129859574,2.5,2.5,-5.3897294988517e-06,-9.9999999999994e-05
0.1,-0.037912063065438,0.57737298283364,0.61528504589908,0.99995477101638,0.9999304224861,0.99996805834084,0.99996752494194,4.9390224277459e-05,3.8534090705347e-22,2.0684843898715e-05,1.9575340986403e-05,0.0099975494184474,-1.1297173109295e-05,1.1314973702461e-05,-4.9366602499017e-06,-6.1639370010018e-06,-6.391118801243e-06,0.90003348407098,0.90001150315671,2.5,2.5,-5.4021349724615e-06,-0.00010000000000001
0.10125,-0.037912063065438,0.57737298283364,0.61528504589908,0.99995456112576,0.99993046008626,0.9999680683478,0.9999675404605,4.8888469907158e-05,3.8137336347401e-22,2.0716274393906e-05,1.9618043168315e-05,0.009997535446456,-1.1177593125514e-05,1.1195215106252e-05,-4.9535497806885e-06,-6.1683775237339e-06,-6.381427154968e-06,0.90003346336643,0.90001170581228,2.5,2.5,-5.414409134785e-06,-9.9999999999994e-05
0.1025,-0.037912063065438,0.57737298283364,0.61528504589908,0.99995435318778,0.99993049728054,0.99996807825433,0.99996755581905,4.8391475689559e-05,3.7744761345578e-22,2.0747373620321e-05,1.9660307125319e-05,0.0099975216220488,-1.1059525706338e-05,1.1076970594027e-05,-4.9702747817375e-06,-6.1727701377066e-06,-6.3718378802558e-06,0.90003344288468,0.90001190656695,2.5,2.5,-5.4265536467758e-06,-0.0001
0.10375,-0.037912063065438,0.57737298283364,0.61528504589908,0.999954147198,0.99993053407465,0.99996808806128,0.99996757101928,4.7899222942923e-05,3.7356314363994e-22,2.0778145660846e-05,1.9702137362086e-05,0.0099975079433824,-1.0942933097948e-05,1.0960202420822e-05,-4.9868362602972e-06,-6.1771155172811e-06,-6.3623496983527e-06,0.90003342262264,0.90001210542638,2.5,2.5,-5.4385701279298e-06,-9.9999999999996e-05
0.105,-0.037912063065438,0.57737298283364,0.61528504589908,0.99995394315085,0.99993057047414,0.99996809776951,0.99996758606289,4.7411690833328e-05,3.6971945251865e-22,2.0808594503426e-05,1.9743538336257e-05,0.0099974944086579,-1.0827779665773e-05,1.0844874958913e-05,-5.0032352661915e-06,-6.1814143156578e-06,-6.3529613614059e-06,0.90003340257732,0.90001230239722,2.5,2.5,-5.4504601586125e-06,-0.00010000000000002
0.10625,-0.037912063065438,0.57737298283364,0.61528504589908,0.99995374103968,0.9999306064844,0.99996810737989,0.99996760095152,4.6928856578633e-05,3.6591604979332e-22,2.0838724045938e-05,1.9784514459198e-05,0.0099974810161182,-1.0714031737722e-05,1.0730954541179e-05,-5.0194728872696e-06,-6.1856671662186e-06,-6.3436716507701e-06,0.90003338274579,0.90001249748704,2.5,2.5,-5.4622252822139e-06,-9.9999999999989e-05
0.1075,-0.037912063065438,0.57737298283364,0.61528504589908,0.99995354085688,0.99993064211065,0.99996811689328,0.99996761568682,4.6450695636383e-05,3.6215245579589e-22,2.086853810097e-05,1.9825070096165e-05,0.0099974677640464,-1.0601657459254e-05,1.0618409316492e-05,-5.035550245232e-06,-6.1898746837404e-06,-6.3344793753943e-06,0.90003336312525,0.90001269070429,2.5,2.5,-5.4738670071445e-06,-0.0001
0.10875,-0.037912063065438,0.57737298283364,0.61528504589908,0.99995334259396,0.99993067735796,0.99996812631056,0.99996763027041,4.5977181876692e-05,3.5842820093772e-22,2.089804040017e-05,1.9865209567373e-05,0.0099974546507631,-1.0490626660183e-05,1.0507209116403e-05,-5.0514684917914e-06,-6.1940374655349e-06,-6.3253833704068e-06,0.90003334371293,0.90001288205814,2.5,2.5,-5.4853868086847e-06,-0.0001
0.11,-0.037912063065438,0.57737298283364,0.61528504589908,0.99995314624164,0.99993071223126,0.9999681356326,0.99996764470388,4.5508287741476e-05,3.5474282519716e-22,2.0927234598462e-05,1.990493714803e-05,0.0099974416746246,-1.0380910731435e-05,1.0397325332255e-05,-5.067228805137e-06,-6.1981560924986e-06,-6.316382495739e-06,0.90003332450616,0.90001307155845,2.5,2.5,-5.4967861306991e-06,-9.9999999999992e-05
0.11125,-0.037912063065438,0.57737298283364,0.61528504589908,0.99995295178994,0.99993074673536,0.99996814486025,0.99996765898881,4.5043984390806e-05,3.5109587768312e-22,2.0956124277801e-05,1.9944257069025e-05,0.0099974288340215,-1.0272482511379e-05,1.0288730801588e-05,-5.0828323866865e-06,-6.2022311300754e-06,-6.3074756348649e-06,0.90003330550234,0.90001325921572,2.5,2.5,-5.5080663872261e-06,-0.0001
0.1125,-0.037912063065438,0.57737298283364,0.61528504589908,0.99995275922821,0.99993078087491,0.99996815399441,0.99996767312676,4.4584241837718e-05,3.4748691615619e-22,2.0984712950547e-05,1.9983173517512e-05,0.0099974161273763,-1.0165316181327e-05,1.0181399703655e-05,-5.0982804581082e-06,-6.2062631291642e-06,-6.2986616936482e-06,0.90003328669892,0.90001344504098,2.5,2.5,-5.5192289639525e-06,-9.9999999999991e-05
0.11375,-0.037912063065438,0.57737298283364,0.61528504589908,0.99995256854523,0.9999308146545,0.99996816303592,0.99996768711928,4.4129029072046e-05,3.4391550665558e-22,2.1013004062938e-05,2.0021690637275e-05,0.0099974035531423,-1.0059387168642e-05,1.0075307462707e-05,-5.1135742585803e-06,-6.2102526269409e-06,-6.2899395992702e-06,0.90003326809344,0.90001362904578,2.5,2.5,-5.5302752195817e-06,-0.00010000000000001
0.115,-0.037912063065438,0.57737298283364,0.61528504589908,0.99995237972928,0.99993084807856,0.99996817198566,0.99996770096788,4.3678314174407e-05,3.4038122311335e-22,2.1041000997954e-05,2.0059812529262e-05,0.0099973911098022,-9.9546720575199e-06,9.9704306589474e-06,-5.1287150422776e-06,-6.2142001476302e-06,-6.2813082991956e-06,0.90003324968346,0.9000138112421,2.5,2.5,-5.541206487104e-06,-9.9999999999986e-05
0.11625,-0.037912063065438,0.57737298283364,0.61528504589908,0.99995219276814,0.99993088115143,0.9999681808445,0.99996771467407,4.3232064420928e-05,3.3688364699921e-22,2.1068707078217e-05,2.0097543251909e-05,0.0099973787958666,-9.8511485068385e-06,9.8667469462964e-06,-5.1437040760621e-06,-6.2181062032211e-06,-6.2727667602739e-06,0.90003323146662,0.90001399164232,2.5,2.5,-5.5520240749772e-06,-0.00010000000000001
0.1175,-0.037912063065438,0.57737298283364,0.61528504589908,0.9999520076492,0.99993091387737,0.99996818961329,0.99996772823933,4.2790246379492e-05,3.3342236701563e-22,2.1096125568437e-05,2.0134886821936e-05,0.0099973666098726,-9.7487951739288e-06,9.7642349763792e-06,-5.1585426373664e-06,-6.2219712941204e-06,-6.2643139678541e-06,0.90003321344062,0.90001417025918,2.5,2.5,-5.5627292682223e-06,-0.0001
0.11875,-0.037912063065438,0.57737298283364,0.61528504589908,0.99995182435946,0.99993094626053,0.9999681982929,0.99996774166513,4.2352825998137e-05,3.2999697877628e-22,2.1123259678263e-05,2.017184721443e-05,0.0099973545503831,-9.6475916446639e-06,9.6628743286133e-06,-5.173232012257e-06,-6.2257959097694e-06,-6.255948924988e-06,0.90003319560318,0.90001434710573,2.5,2.5,-5.5733233294435e-06,-0.0001
0.12,-0.037912063065438,0.57737298283364,0.61528504589908,0.99995164288562,0.99993097830496,0.99996820688417,0.99996775495294,4.1919768686386e-05,3.2660708452683e-22,2.1150112563993e-05,2.0208428363497e-05,0.0099973426159851,-9.5475183684749e-06,9.5626454453585e-06,-5.1877734936494e-06,-6.2295805292054e-06,-6.2476706516773e-06,0.90003317795209,0.90001452219529,2.5,2.5,-5.5838074997767e-06,-9.9999999999995e-05
0.12125,-0.037912063065438,0.57737298283364,0.61528504589908,0.99995146321407,0.99993101001465,0.99996821538796,0.99996776810417,4.1491039389655e-05,3.2325229290134e-22,2.1176687331202e-05,2.0244634162718e-05,0.0099973308052894,-9.4485565987523e-06,9.4635295723221e-06,-5.2021683796856e-06,-6.2333256215913e-06,-6.2394781841799e-06,0.90003316048519,0.90001469554143,2.5,2.5,-5.5941829997715e-06,-0.0001
0.1225,-0.037912063065438,0.57737298283364,0.61528504589908,0.99995128533096,0.9999310413935,0.99996822380511,0.99996778112026,4.1066602657806e-05,3.1993221866171e-22,2.1202987036326e-05,2.0280468465518e-05,0.009997319116929,-9.3506883375247e-06,9.3655087033223e-06,-5.2164179722397e-06,-6.2370316467002e-06,-6.2313705743605e-06,0.90003314320033,0.9000148671579,2.5,2.5,-5.6044510302144e-06,-9.9999999999999e-05
0.12375,-0.037912063065438,0.57737298283364,0.61528504589908,0.99995110922221,0.99993107244532,0.99996823213647,0.9999677940026,4.0646422707884e-05,3.166464824629e-22,2.1229014688687e-05,2.0315935085426e-05,0.0099973075495586,-9.2538962845469e-06,9.2685655294494e-06,-5.230523575551e-06,-6.2406990553715e-06,-6.223346889073e-06,0.90003312609543,0.90001503705867,2.5,2.5,-5.6146127728943e-06,-0.00010000000000001
0.125,-0.037912063065438,0.57737298283364,0.61528504589908,0.99995093487357,0.99993110317387,0.99996824038286,0.99996780675258,4.0230463481784e-05,3.1339471067271e-22,2.1254773252198e-05,2.035103779691e-05,0.0099972961018539,-9.158163790165e-06,9.1726833918608e-06,-5.2444864949837e-06,-6.2443282899273e-06,-6.2154062096326e-06,0.90003310916844,0.90001520525783,2.5,2.5,-5.6246693913167e-06,-9.9999999999989e-05
0.12625,-0.037912063065438,0.57737298283364,0.61528504589908,0.9999507622706,0.99993113358283,0.99996824854513,0.99996781937158,3.9818688698878e-05,3.1017653513321e-22,2.1280265646936e-05,2.0385780335493e-05,0.0099972847725103,-9.0634748117593e-06,9.0778462385653e-06,-5.2583080358838e-06,-6.247919784561e-06,-6.2075476312253e-06,0.90003309241736,0.90001537176961,2.5,2.5,-5.6346220313713e-06,-0.00010000000000001
0.1275,-0.037912063065438,0.57737298283364,0.61528504589908,0.99995059139877,0.99993116367582,0.9999682566241,0.99996783186095,3.9411061904496e-05,3.0699159300924e-22,2.1305494750606e-05,2.0420166398057e-05,0.009997273560243,-8.9698138738681e-06,8.9840385840984e-06,-5.2719895025354e-06,-6.2514739657064e-06,-6.199770262504e-06,0.90003307584019,0.90001553660835,2.5,2.5,-5.6444718219536e-06,-9.9999999999985e-05
0.12875,-0.037912063065438,0.57737298283364,0.61528504589908,0.99995042224339,0.99993119345638,0.99996826462059,0.99996784422204,3.9007546514108e-05,3.0383952657937e-22,2.1330463399929e-05,2.0454199643714e-05,0.0099972624637855,-8.8771660305451e-06,8.89124547251e-06,-5.2855321972207e-06,-6.2549912523672e-06,-6.1920732250301e-06,0.90003305943499,0.90001569978846,2.5,2.5,-5.654219875547e-06,-0.00010000000000001
0.13,-0.037912063065438,0.57737298283364,0.61528504589908,0.99995025478971,0.99993122292801,0.99996827253541,0.99996785645617,3.8608105853985e-05,3.0071998312424e-22,2.1355174392052e-05,2.0487883693708e-05,0.0099972514818894,-8.7855168316173e-06,8.7994524431069e-06,-5.2989374193484e-06,-6.2584720564369e-06,-6.1844556529393e-06,0.90003304319986,0.90001586132443,2.5,2.5,-5.6638672887669e-06,-9.9999999999993e-05
0.13125,-0.037912063065438,0.57737298283364,0.61528504589908,0.99995008902291,0.99993125209413,0.99996828036937,0.99996786856465,3.8212703198054e-05,2.9763261471489e-22,2.1379630485677e-05,2.0521222131992e-05,0.0099972406133241,-8.6948522905186e-06,8.7086454987334e-06,-5.3122064646709e-06,-6.2619167829871e-06,-6.1769166924578e-06,0.90003302713292,0.90001602123078,2.5,2.5,-5.6734151428707e-06,-0.00010000000000001
0.1325,-0.037912063065438,0.57737298283364,0.61528504589908,0.9999499249281,0.99993128095814,0.99996828812327,0.99996788054879,3.7821301801938e-05,2.945770781179e-22,2.1403834402303e-05,2.0554218505825e-05,0.0099972298568755,-8.6051588553213e-06,8.6188110765435e-06,-5.3253406245708e-06,-6.2653258305395e-06,-6.1694555015861e-06,0.9000330112323,0.9000161795221,2.5,2.5,-5.6828645042336e-06,-9.9999999999994e-05
0.13375,-0.037912063065438,0.57737298283364,0.61528504589908,0.99994976249036,0.99993130952335,0.99996829579792,0.99996789240986,3.7433864933763e-05,2.9155303463422e-22,2.1427788827114e-05,2.0586876325879e-05,0.0099972192113463,-8.5164233813548e-06,8.529936020823e-06,-5.3383411854048e-06,-6.2686995913209e-06,-6.1620712497179e-06,0.9000329954962,0.90001633621295,2.5,2.5,-5.6922164247968e-06,-0.0001
0.135,-0.037912063065438,0.57737298283364,0.61528504589908,0.99994960169476,0.99993133779303,0.99996830339409,0.99996790414915,3.7050355902463e-05,2.8856014998858e-22,2.145149641021e-05,2.0619199066629e-05,0.0099972086755549,-8.4286331063475e-06,8.4420075581372e-06,-5.3512094279249e-06,-6.2720384514997e-06,-6.1547631173014e-06,0.90003297992281,0.90001649131792,2.5,2.5,-5.7014719424876e-06,-0.0001
0.13625,-0.037912063065438,0.57737298283364,0.61528504589908,0.99994944252635,0.9999313657704,0.99996831091258,0.9999679157679,3.6670738083422e-05,2.8559809419021e-22,2.1474959767524e-05,2.0651190166909e-05,0.0099971982483354,-8.3417756272323e-06,8.3550132740235e-06,-5.3639466267379e-06,-6.2753427914026e-06,-6.147530295549e-06,0.90003296451037,0.90001664485161,2.5,2.5,-5.7106320816128e-06,-9.9999999999997e-05
0.1375,-0.037912063065438,0.57737298283364,0.61528504589908,0.99994928497019,0.99993139345865,0.99996831835416,0.99996792726736,3.6294974942002e-05,2.8266654144881e-22,2.1498181481561e-05,2.0682853030337e-05,0.0099971879285368,-8.2558388785632e-06,8.2689410916091e-06,-5.3765540498291e-06,-6.2786129857243e-06,-6.1403719861329e-06,0.90003294925713,0.90001679682856,2.5,2.5,-5.7196978532306e-06,-9.9999999999991e-05
0.13875,-0.037912063065438,0.57737298283364,0.61528504589908,0.99994912901136,0.99993142086089,0.99996832571961,0.99996793864876,3.592303005475e-05,2.7976517004991e-22,2.1521164102453e-05,2.071419102527e-05,0.0099971777150229,-8.1708111128095e-06,8.183779251812e-06,-5.3890329581254e-06,-6.2818494037218e-06,-6.1332874009084e-06,0.90003293416139,0.90001694726332,2.5,2.5,-5.7286702554989e-06,-0.00010000000000002
0.14,-0.037912063065438,0.57737298283364,0.61528504589908,0.99994897463496,0.99993144798022,0.99996833300968,0.99996794991332,3.5554867128814e-05,2.768936622597e-22,2.1543910148558e-05,2.0745207485611e-05,0.0099971676066718,-8.0866808820242e-06,8.0995162950302e-06,-5.4013846051039e-06,-6.2850524093872e-06,-6.1262757616644e-06,0.90003291922144,0.90001709617038,2.5,2.5,-5.7375502740046e-06,-9.9999999999985e-05
0.14125,-0.037912063065438,0.57737298283364,0.61528504589908,0.99994882182613,0.99993147481967,0.99996834022514,0.99996796106224,3.5190450019498e-05,2.7405170422913e-22,2.1566422107407e-05,2.0775905710993e-05,0.0099971576023755,-8.0034370206669e-06,8.0161410440837e-06,-5.4136102364455e-06,-6.2882223616239e-06,-6.1193362998524e-06,0.90003290443561,0.90001724356419,2.5,2.5,-5.7463388820739e-06,-9.9999999999994e-05
0.1425,-0.037912063065438,0.57737298283364,0.61528504589908,0.99994867057007,0.99993150138225,0.99996834736674,0.99996797209672,3.482974274622e-05,2.7123898592033e-22,2.1588702436343e-05,2.0806288967074e-05,0.0099971477010397,-7.9210686300666e-06,7.9336425885087e-06,-5.4257110897195e-06,-6.2913596143991e-06,-6.1124682563998e-06,0.90003288980227,0.90001738945916,2.5,2.5,-5.7550370410649e-06,-0.00010000000000001
0.14375,-0.037912063065438,0.57737298283364,0.61528504589908,0.999948520852,0.9999315276709,0.99996835443522,0.99996798301792,3.4472709506857e-05,2.6845520099928e-22,2.1610753562951e-05,2.0836360486004e-05,0.0099971379015834,-7.8395650637304e-06,7.8520102700692e-06,-5.4376883940991e-06,-6.2944645168937e-06,-6.1056708814476e-06,0.90003287531978,0.90001753386961,2.5,2.5,-5.7636457006445e-06,-0.0001
0.145,-0.037912063065438,0.57737298283364,0.61528504589908,0.99994837265724,0.99993155368856,0.99996836143132,0.99996799382703,3.411931469077e-05,2.6570004677175e-22,2.1632577886213e-05,2.0866123466754e-05,0.0099971282029385,-7.758915913803e-06,7.7712336691364e-06,-5.4495433701194e-06,-6.2975374136432e-06,-6.0989434341622e-06,0.90003286098654,0.90001767680982,2.5,2.5,-5.7721657990513e-06,-9.9999999999998e-05
0.14625,-0.037912063065438,0.57737298283364,0.61528504589908,0.99994822597114,0.99993157943809,0.99996836835577,0.99996800452519,3.3769522890539e-05,2.629732240996e-22,2.1654177776695e-05,2.0895581075364e-05,0.0099971186040497,-7.6791109987215e-06,7.69130259232e-06,-5.4612772294538e-06,-6.3005786446638e-06,-6.0922851825443e-06,0.90003284680097,0.900017818294,2.5,2.5,-5.7805982633431e-06,-9.9999999999994e-05
0.1475,-0.037912063065438,0.57737298283364,0.61528504589908,0.99994808077914,0.99993160492234,0.99996837520929,0.99996801511354,3.3423298912455e-05,2.6027443734176e-22,2.1675555577169e-05,2.0924736445422e-05,0.0099971091038743,-7.6001403513612e-06,7.6122070606967e-06,-5.4728911747198e-06,-6.3035885455805e-06,-6.085695403231e-06,0.90003283276151,0.90001795833626,2.5,2.5,-5.7889440096327e-06,-0.0001
0.14875,-0.037912063065438,0.57737298283364,0.61528504589908,0.99994793706677,0.99993163014412,0.99996838199262,0.99996802559322,3.3080607785947e-05,2.5760339426756e-22,2.1696713603445e-05,2.0953592678235e-05,0.0099970997013815,-7.5219942084652e-06,7.5339372992342e-06,-5.4843863993107e-06,-6.3065674477369e-06,-6.0791733813333e-06,0.90003281886661,0.90001809695064,2.5,2.5,-5.7972039433121e-06,-9.9999999999994e-05
0.15,-0.037912063065438,0.57737298283364,0.61528504589908,0.99994779481961,0.9999316551062,0.99996838870645,0.99996803596534,3.2741414772086e-05,2.5495980600519e-22,2.1717654144432e-05,2.098215284338e-05,0.0099970903955528,-7.44466300057e-06,7.4564837267049e-06,-5.4957640872491e-06,-6.3095156783077e-06,-6.0727184102433e-06,0.90003280511475,0.90001823415111,2.5,2.5,-5.8053789592647e-06,-9.9999999999996e-05
0.15125,-0.037912063065438,0.57737298283364,0.61528504589908,0.99994765402337,0.99993167981132,0.99996839535149,0.999968046231,3.2405685371069e-05,2.5234338697286e-22,2.173837946315e-05,2.1010419978811e-05,0.0099970811853811,-7.3681373427947e-06,7.3798369464464e-06,-5.507025413056e-06,-6.3124335604025e-06,-6.0663297915101e-06,0.90003279150442,0.90001836995152,2.5,2.5,-5.8134699420687e-06,-0.00010000000000001
0.1525,-0.037912063065438,0.57737298283364,0.61528504589908,0.99994751466382,0.99993170426218,0.99996840192844,0.99996805639132,3.2073385328878e-05,2.4975385482695e-22,2.1758891796756e-05,2.103839709126e-05,0.0099970720698711,-7.2924080260814e-06,7.3039877377103e-06,-5.5181715416413e-06,-6.3153214131579e-06,-6.0600068346583e-06,0.90003277803414,0.90001850436566,2.5,2.5,-5.8214777661892e-06,-9.9999999999986e-05
0.15375,-0.037912063065438,0.57737298283364,0.61528504589908,0.99994737672682,0.99993172846144,0.99996840843799,0.99996806644735,3.174448064317e-05,2.4719093039293e-22,2.1779193357315e-05,2.1066087156849e-05,0.0099970630480385,-7.2174660093392e-06,7.2289270477728e-06,-5.5292036282213e-06,-6.3181795518347e-06,-6.0537488570399e-06,0.90003276470244,0.90001863740719,2.5,2.5,-5.8294032961642e-06,-0.00010000000000001
0.155,-0.037912063065438,0.57737298283364,0.61528504589908,0.99994724019835,0.99993175241175,0.99996841488083,0.99996807640019,3.1418937568465e-05,2.4465433762311e-22,2.1799286332093e-05,2.1093493120702e-05,0.0099970541189105,-7.1433024120662e-06,7.1546459844337e-06,-5.5401228182345e-06,-6.3210082879001e-06,-6.0475551837302e-06,0.90003275150787,0.90001876908971,2.5,2.5,-5.8372473867789e-06,-9.9999999999984e-05
0.15625,-0.037912063065438,0.57737298283364,0.61528504589908,0.99994710506448,0.99993177611572,0.99996842125763,0.99996808625089,3.1096722620687e-05,2.4214380354348e-22,2.1819172883923e-05,2.1120617898151e-05,0.0099970452815249,-7.0699085072028e-06,7.0811358091132e-06,-5.5509302472819e-06,-6.3238079291147e-06,-6.0414251473506e-06,0.900032738449,0.90001889942669,2.5,2.5,-5.8450108832361e-06,-0.00010000000000001
0.1575,-0.037912063065438,0.57737298283364,0.61528504589908,0.99994697131138,0.99993179957591,0.99996842756907,0.9999680960005,3.0777802581041e-05,2.396590581866e-22,2.1838855151705e-05,2.1147464374199e-05,0.0099970365349303,-6.9972757148704e-06,7.0083879303644e-06,-5.5616270410805e-06,-6.3265787796052e-06,-6.0353580879836e-06,0.9000327255244,0.90001902843152,2.5,2.5,-5.8526946213166e-06,-9.9999999999995e-05
0.15875,-0.037912063065438,0.57737298283364,0.61528504589908,0.99994683892533,0.99993182279488,0.99996843381582,0.99996810565006,3.0462144499417e-05,2.3719983457435e-22,2.1858335250813e-05,2.1174035404539e-05,0.0099970278781858,-6.925395596317e-06,6.9363938980454e-06,-5.5722143154266e-06,-6.3293211399412e-06,-6.0293533530011e-06,0.90003271273268,0.90001915611745,2.5,2.5,-5.8602994275346e-06,-0.0001
0.16,-0.037912063065438,0.57737298283364,0.61528504589908,0.99994670789271,0.99993184577513,0.99996843999853,0.99996811520059,3.0149715697244e-05,2.3476586863694e-22,2.1877615273338e-05,2.1200333815396e-05,0.009997019310361,-6.854259848484e-06,6.8651453976319e-06,-5.5826931761713e-06,-6.3320353072077e-06,-6.0234102969963e-06,0.90003270007245,0.90001928249767,2.5,2.5,-5.8678261192869e-06,-0.00010000000000001
0.16125,-0.037912063065438,0.57737298283364,0.61528504589908,0.9999465782,0.99993186851917,0.99996844611785,0.99996812465312,2.9840483769806e-05,2.32356899198e-22,2.1896697288494e-05,2.122636240403e-05,0.0099970108305356,-6.7838602984932e-06,6.7946342449601e-06,-5.5930647192045e-06,-6.3347215750671e-06,-6.0175282816426e-06,0.90003268754235,0.90001940758523,2.5,2.5,-5.8752755049953e-06,-9.999999999999e-05
0.1625,-0.037912063065438,0.57737298283364,0.61528504589908,0.99994644983382,0.99993189102943,0.99996845217444,0.99996813400865,2.9534416588323e-05,2.299726679159e-22,2.1915583343175e-05,2.1252123938931e-05,0.0099970024377995,-6.714188899142e-06,6.7248523815532e-06,-5.6033300304516e-06,-6.3373802338287e-06,-6.0117066755839e-06,0.90003267514102,0.90001953139309,2.5,2.5,-5.8826483842453e-06,-9.9999999999997e-05
0.16375,-0.037912063065438,0.57737298283364,0.61528504589908,0.99994632278087,0.99993191330837,0.99996845816892,0.99996814326818,2.9231482301421e-05,2.2761291924542e-22,2.1934275461777e-05,2.1277621160207e-05,0.0099969941312523,-6.6452377240731e-06,6.6557918698773e-06,-5.6134901858742e-06,-6.3400115705063e-06,-6.0059448543487e-06,0.90003266286712,0.90001965393409,2.5,2.5,-5.889945547918e-06,-0.0001
0.165,-0.037912063065438,0.57737298283364,0.61528504589908,0.99994619702797,0.99993193535837,0.99996846410195,0.99996815243269,2.8931649336429e-05,2.2527740039958e-22,2.1952775647129e-05,2.1302856779957e-05,0.0099969859100036,-6.5769989638235e-06,6.587444889352e-06,-5.6235462514787e-06,-6.3426158688786e-06,-6.0002422002276e-06,0.90003265071934,0.90001977522097,2.5,2.5,-5.8971677783192e-06,-0.00010000000000001
0.16625,-0.037912063065438,0.57737298283364,0.61528504589908,0.99994607256205,0.99993195718182,0.99996846997413,0.99996816150316,2.8634886400193e-05,2.2296586129859e-22,2.1971085880351e-05,2.1327833482179e-05,0.0099969777731724,-6.5094649216303e-06,6.5198037321973e-06,-5.6334992833424e-06,-6.3451934095414e-06,-5.9945981021844e-06,0.90003263869635,0.90001989526635,2.5,2.5,-5.9043158493028e-06,-0.0001
0.1675,-0.037912063065438,0.57737298283364,0.61528504589908,0.99994594937017,0.99993197878106,0.99996847578611,0.99996817048056,2.834116247969e-05,2.2067805456669e-22,2.1989208121288e-05,2.1352553923542e-05,0.0099969697198874,-6.4426280098612e-06,6.4528607998338e-06,-5.6433503276262e-06,-6.3477444699665e-06,-5.989011955769e-06,0.90003262679688,0.90002001408275,2.5,2.5,-5.9113905263908e-06,-9.9999999999989e-05
0.16875,-0.037912063065438,0.57737298283364,0.61528504589908,0.99994582743948,0.99993200015842,0.99996848153848,0.99996817936583,2.8050446842368e-05,2.1841373544939e-22,2.2007144308976e-05,2.1377020733436e-05,0.0099969617492865,-6.3764807465961e-06,6.3866085994346e-06,-5.6531004206095e-06,-6.350269324548e-06,-5.9834831630178e-06,0.90003261501963,0.90002013168257,2.5,2.5,-5.9183925668888e-06,-0.0001
0.17,-0.037912063065438,0.57737298283364,0.61528504589908,0.99994570675726,0.9999320213162,0.99996848723186,0.99996818815994,2.7762709036143e-05,2.1617266180831e-22,2.2024896361564e-05,2.1401236514145e-05,0.0099969538605168,-6.3110157521658e-06,6.3210397406161e-06,-5.6627505887308e-06,-6.352768244655e-06,-5.9780111323543e-06,0.90003260336335,0.9000202480781,2.5,2.5,-5.9253227199995e-06,-0.0001
0.17125,-0.037912063065438,0.57737298283364,0.61528504589908,0.99994558731089,0.99993204225667,0.99996849286685,0.99996819686381,2.7477918889287e-05,2.1395459408617e-22,2.2042466176912e-05,2.1425203841312e-05,0.0099969460527346,-6.2462257463903e-06,6.2561469324372e-06,-5.6723018486196e-06,-6.3552414986797e-06,-5.9725952785275e-06,0.90003259182679,0.90002036328151,2.5,2.5,-5.9321817269307e-06,-0.0001
0.1725,-0.037912063065438,0.57737298283364,0.61528504589908,0.99994546908788,0.99993206298207,0.99996849844405,0.99996820547837,2.7196046509989e-05,2.1175929525112e-22,2.2059855632803e-05,2.1448925264108e-05,0.0099969383251052,-6.1821035454931e-06,6.1919229805287e-06,-5.6817552071386e-06,-6.3576893520784e-06,-5.9672350225132e-06,0.9000325804087,0.90002047730489,2.5,2.5,-5.9389703210015e-06,-9.9999999999993e-05
0.17375,-0.037912063065438,0.57737298283364,0.61528504589908,0.99994535207585,0.99993208349463,0.99996850396406,0.99996821400454,2.6917062285853e-05,2.0958653079543e-22,2.2077066586939e-05,2.147240330564e-05,0.0099969306768026,-6.1186420595234e-06,6.1283607844223e-06,-5.6911116614454e-06,-6.3601120674203e-06,-5.9619297914256e-06,0.90003256910786,0.90002059016019,2.5,2.5,-5.9456892277459e-06,-9.9999999999993e-05
0.175,-0.037912063065438,0.57737298283364,0.61528504589908,0.99994523626251,0.99993210379655,0.99996850942745,0.99996822244322,2.6640936883158e-05,2.074360686795e-22,2.209410087754e-05,2.1495640463041e-05,0.0099969231070098,-6.0558342898148e-06,6.0654533350188e-06,-5.7003721990278e-06,-6.362509904427e-06,-5.9566790184551e-06,0.90003255792307,0.90002070185925,2.5,2.5,-5.9523391650126e-06,-0.00010000000000001
0.17625,-0.037912063065438,0.57737298283364,0.61528504589908,0.99994512163573,0.99993212389,0.9999685148348,0.99996823079532,2.6367641245807e-05,2.0530767931398e-22,2.2110960323476e-05,2.1518639207846e-05,0.0099969156149181,-5.9936733266539e-06,6.0031937122234e-06,-5.709537797771e-06,-6.3648831200166e-06,-5.9514821427834e-06,0.90003254685311,0.90002081241381,2.5,2.5,-5.9589208430627e-06,-9.9999999999993e-05
0.1775,-0.037912063065438,0.57737298283364,0.61528504589908,0.99994500818345,0.99993214377715,0.99996852018669,0.99996823906172,2.6097146594531e-05,2.0320113551818e-22,2.2127646724284e-05,2.154140198624e-05,0.0099969081997277,-5.9321523469069e-06,5.9415750826518e-06,-5.7186094260087e-06,-6.3672319683407e-06,-5.9463386095079e-06,0.90003253589682,0.90002092183549,2.5,2.5,-5.9654349646643e-06,-0.0001
0.17875,-0.037912063065438,0.57737298283364,0.61528504589908,0.99994489589374,0.9999321634601,0.99996852548369,0.99996824724329,2.5829424425511e-05,2.0111621250769e-22,2.2144161860775e-05,2.1563931219278e-05,0.0099969008606469,-5.8712646119855e-06,5.8805906975805e-06,-5.7275880425866e-06,-6.3695567008218e-06,-5.9412478695601e-06,0.90003252505301,0.90002103013582,2.5,2.5,-5.9718822251866e-06,-0.00010000000000001
0.18,-0.037912063065438,0.57737298283364,0.61528504589908,0.9999447847548,0.99993218294098,0.99996853072635,0.99996825534093,2.5564446509172e-05,1.9905268784457e-22,2.2160507494979e-05,2.1586229303078e-05,0.0099968935968926,-5.8110034659507e-06,5.8202338909267e-06,-5.7364745969223e-06,-6.3718575661957e-06,-5.9362093796602e-06,0.90003251432052,0.9000211373262,2.5,2.5,-5.9782633126893e-06,-9.9999999999996e-05
0.18125,-0.037912063065438,0.57737298283364,0.61528504589908,0.99994467475491,0.99993220222186,0.99996853591524,0.99996826335547,2.5302184888776e-05,1.9701034143162e-22,2.2176685370497e-05,2.1608298609374e-05,0.0099968864076897,-5.7513623333546e-06,5.7604980773108e-06,-5.7452700290734e-06,-6.3741348105427e-06,-5.931222602209e-06,0.90003250369822,0.90002124341791,2.5,2.5,-5.9845789080119e-06,-0.00010000000000001
0.1825,-0.037912063065438,0.57737298283364,0.61528504589908,0.99994456588248,0.99993222130481,0.99996854105091,0.99996827128778,2.504261187897e-05,1.9498895545761e-22,2.2192697212669e-05,2.1630141485473e-05,0.0099968792922713,-5.6923347177965e-06,5.7013767503769e-06,-5.7539752698006e-06,-6.3763886773249e-06,-5.9262870052563e-06,0.90003249318496,0.90002134842216,2.5,2.5,-5.99082968486e-06,-9.9999999999996e-05
0.18375,-0.037912063065438,0.57737298283364,0.61528504589908,0.99994445812604,0.99993224019187,0.99996854613389,0.99996827913871,2.4785700064099e-05,1.9298831440161e-22,2.2208544728869e-05,2.1651760254429e-05,0.0099968722498785,-5.6339141999003e-06,5.6428634809596e-06,-5.7625912406394e-06,-6.3786194074207e-06,-5.9214020624116e-06,0.90003248277961,0.90002145235001,2.5,2.5,-5.99701630989e-06,-9.9999999999996e-05
0.185,-0.037912063065438,0.57737298283364,0.61528504589908,0.99994435147422,0.99993225888505,0.99996855116474,0.99996828690907,2.4531422296685e-05,1.9100820498639e-22,2.222422960858e-05,2.1673157215741e-05,0.0099968652797605,-5.576094435883e-06,5.5849519155847e-06,-5.7711188539653e-06,-6.3808272391547e-06,-5.9165672527826e-06,0.90003247248108,0.90002155521244,2.5,2.5,-6.0031394427924e-06,-9.9999999999994e-05
0.18625,-0.037912063065438,0.57737298283364,0.61528504589908,0.99994424591575,0.99993227738635,0.99996855614397,0.99996829459972,2.4279751695575e-05,1.8904841614766e-22,2.2239753523717e-05,2.1694334645169e-05,0.009996858381174,-5.5188691561047e-06,5.5276357749189e-06,-5.7795590130709e-06,-6.3830124083368e-06,-5.9117820609154e-06,0.90003246228825,0.90002165702032,2.5,2.5,-6.0091997363731e-06,-0.00010000000000001
0.1875,-0.037912063065438,0.57737298283364,0.61528504589908,0.99994414143949,0.99993229569774,0.99996856107213,0.99996830221145,2.4030661644231e-05,1.8710873903354e-22,2.2255118128743e-05,2.1715294795136e-05,0.0099968515533838,-5.4622321633309e-06,5.4709088522214e-06,-5.7879126122317e-06,-6.3851751482864e-06,-5.9070459767351e-06,0.90003245220004,0.9000217577844,2.5,2.5,-6.0151978366321e-06,-9.9999999999995e-05
0.18875,-0.037912063065438,0.57737298283364,0.61528504589908,0.9999440380344,0.99993231382119,0.99996856594974,0.99996830974508,2.3784125788888e-05,1.8518896694813e-22,2.2270325061024e-05,2.1736039894881e-05,0.0099968447956621,-5.4061773315832e-06,5.4147650120797e-06,-5.7961805367791e-06,-6.3873156898678e-06,-5.9023584954618e-06,0.90003244221538,0.90002185751534,2.5,2.5,-6.0211343828431e-06,-0.00010000000000001
0.19,-0.037912063065438,0.57737298283364,0.61528504589908,0.99994393568954,0.99993233175862,0.99996857077731,0.99996831720142,2.3540118036597e-05,1.8328889536068e-22,2.2285375940723e-05,2.1756572150855e-05,0.0099968381072889,-5.350698604869e-06,5.3591981890782e-06,-5.804363663181e-06,-6.3894342615191e-06,-5.8977191175915e-06,0.9000324323332,0.90002195622367,2.5,2.5,-6.0270100076295e-06,-9.9999999999991e-05
0.19125,-0.037912063065438,0.57737298283364,0.61528504589908,0.9999438343941,0.99993234951195,0.99996857555536,0.99996832458126,2.3298612553377e-05,1.8140832184365e-22,2.2300272371414e-05,2.1776893746862e-05,0.0099968314875514,-5.2957899955886e-06,5.3042023863944e-06,-5.8124628591097e-06,-6.3915310892819e-06,-5.8931273487937e-06,0.90003242255243,0.90002205391986,2.5,2.5,-6.0328253370396e-06,-0.00010000000000001
0.1925,-0.037912063065438,0.57737298283364,0.61528504589908,0.99994373413735,0.99993236708308,0.99996858028439,0.99996833188537,2.3059583762196e-05,1.7954704608408e-22,2.2315015939795e-05,2.179700684429e-05,0.0099968249357444,-5.2414455836931e-06,5.2497716747799e-06,-5.820478983515e-06,-6.3936063968282e-06,-5.8885826998659e-06,0.90003241287205,0.90002215061423,2.5,2.5,-6.0385809906211e-06,-9.9999999999996e-05
0.19375,-0.037912063065438,0.57737298283364,0.61528504589908,0.99994363490868,0.99993238447387,0.9999685849649,0.99996833911454,2.2823006340914e-05,1.7770486984078e-22,2.2329608216306e-05,2.1816913582331e-05,0.00999681845117,-5.187659515288e-06,5.1959001912428e-06,-5.8284128867053e-06,-6.395660405489e-06,-5.8840846867023e-06,0.90003240329102,0.90002224631702,2.5,2.5,-6.044277581493e-06,-9.9999999999991e-05
0.195,-0.037912063065438,0.57737298283364,0.61528504589908,0.99994353669759,0.99993240168618,0.9999685895974,0.99996834626954,2.2588855220368e-05,1.7588159691652e-22,2.2344050755022e-05,2.1836616078307e-05,0.0099968120331375,-5.1344260016968e-06,5.1425821380749e-06,-5.8362654104221e-06,-6.3976933342861e-06,-5.8796328302005e-06,0.90003239380832,0.90002234103838,2.5,2.5,-6.0499157164184e-06,-0.00010000000000001
0.19625,-0.037912063065438,0.57737298283364,0.61528504589908,0.99994343949368,0.99993241872185,0.99996859418238,0.99996835335113,2.2357105582182e-05,1.7407703316627e-22,2.2358345093953e-05,2.1856116427633e-05,0.0099968056809634,-5.0817393182461e-06,5.0898117817277e-06,-5.8440373879107e-06,-6.399705399953e-06,-5.8752266562241e-06,0.90003238442293,0.90002243478833,2.5,2.5,-6.0554959958737e-06,-9.9999999999999e-05
0.1975,-0.037912063065438,0.57737298283364,0.61528504589908,0.99994334328665,0.99993243558269,0.99996859872032,0.99996836036006,2.2127732856835e-05,1.7229098643086e-22,2.2372492755224e-05,2.1875416704428e-05,0.0099967993939711,-5.0295938033659e-06,5.0375834517265e-06,-5.8517296440013e-06,-6.4016968169659e-06,-5.870865695551e-06,0.90003237513386,0.9000225275768,2.5,2.5,-6.0610190141184e-06,-0.0001
0.19875,-0.037912063065438,0.57737298283364,0.61528504589908,0.99994324806631,0.9999324522705,0.9999686032117,0.99996836729707,2.1900712721417e-05,1.7052326655189e-22,2.2386495245127e-05,2.1894518961376e-05,0.0099967931714913,-4.9779838574447e-06,4.9858915397859e-06,-5.8593429951844e-06,-6.4036677975647e-06,-5.8665494838083e-06,0.90003236594011,0.90002261941364,2.5,2.5,-6.066485359263e-06,-0.0001
0.2,-0.037912063065438,0.57737298283364,0.61528504589908,0.99994315382255,0.99993246878706,0.99996860765701,0.99996837416292,2.167602109761e-05,1.6877368532887e-22,2.2400354054491e-05,2.1913425230203e-05,0.0099967870128614,-4.9269039421428e-06,4.9347304988574e-06,-5.8668782496842e-06,-6.4056185517858e-06,-5.8622775614233e-06,0.90003235684071,0.90002271030858,2.5,2.5,-6.0718956133365e-06,-0.0001
0.20125,-0.037912063065438,0.57737298283364,0.61528504589908,0.9999430605454,0.99993248513413,0.99996861205672,0.99996838095831,2.1453634149513e-05,1.6704205651276e-22,2.2414070658685e-05,2.1932137521747e-05,0.0099967809174256,-4.8763485792633e-06,4.88409484216e-06,-5.8743362075374e-06,-6.4075492874787e-06,-5.8580494735881e-06,0.90003234783469,0.90002280027125,2.5,2.5,-6.0772503523519e-06,-9.9999999999989e-05
0.2025,-0.037912063065438,0.57737298283364,0.61528504589908,0.99994296822495,0.99993250131344,0.99996861641128,0.99996838768399,2.1233528281595e-05,1.653281957663e-22,2.242764651793e-05,2.195065782624e-05,0.0099967748845352,-4.8263123498725e-06,4.8339791422851e-06,-5.8817176606685e-06,-6.4094602103386e-06,-5.8538647701761e-06,0.90003233892108,0.90002288931121,2.5,2.5,-6.0825501463721e-06,-0.00010000000000001
0.20375,-0.037912063065438,0.57737298283364,0.61528504589908,0.99994287685143,0.99993251732673,0.99996862072117,0.99996839434066,2.1015680136446e-05,1.6363192065795e-22,2.244108307722e-05,2.1968988113351e-05,0.0099967689135478,-4.7767898935459e-06,4.7843780304289e-06,-5.8890233929642e-06,-6.4113515239214e-06,-5.8497230057076e-06,0.90003233009894,0.90002297743789,2.5,2.5,-6.0877955595732e-06,-9.9999999999988e-05
0.205,-0.037912063065438,0.57737298283364,0.61528504589908,0.99994278641512,0.9999325331757,0.99996862498685,0.99996840092903,2.0800066592717e-05,1.6195305065157e-22,2.245438176675e-05,2.1987130332861e-05,0.009996763003828,-4.7277759076808e-06,4.7352861955623e-06,-5.8962541803484e-06,-6.4132234296799e-06,-5.8456237393273e-06,0.90003232136733,0.90002306466064,2.5,2.5,-6.0929871503092e-06,-0.00010000000000001
0.20625,-0.037912063065438,0.57737298283364,0.61528504589908,0.99994269690645,0.99993254886203,0.99996862920876,0.99996840744981,2.0586664763003e-05,1.6029140705098e-22,2.246754400202e-05,2.2005086414111e-05,0.0099967571547465,-4.6792651462181e-06,4.6866983835026e-06,-5.9034107908639e-06,-6.4150761269728e-06,-5.8415665346921e-06,0.90003231272532,0.90002315098873,2.5,2.5,-6.0981254711726e-06,-9.9999999999995e-05
0.2075,-0.037912063065438,0.57737298283364,0.61528504589908,0.99994260831591,0.9999325643874,0.99996863338736,0.99996841390368,2.0375451991554e-05,1.5864681301515e-22,2.2480571183813e-05,2.202285826704e-05,0.009996751365681,-4.6312524194278e-06,4.6386093962737e-06,-5.9104939847382e-06,-6.4169098130983e-06,-5.8375509599836e-06,0.90003230417199,0.9000232364313,2.5,2.5,-6.1032110690576e-06,-0.00010000000000001
0.20875,-0.037912063065438,0.57737298283364,0.61528504589908,0.99994252063409,0.99993257975346,0.99996863752309,0.99996842029133,2.0166405852348e-05,1.5701909352492e-22,2.2493464698506e-05,2.204044778177e-05,0.0099967456360153,-4.5837325927727e-06,4.5910140913052e-06,-5.9175045144654e-06,-6.4187246833135e-06,-5.8335765878233e-06,0.90003229570642,0.90002332099744,2.5,2.5,-6.1082444852196e-06,-9.9999999999995e-05
0.21,-0.037912063065438,0.57737298283364,0.61528504589908,0.99994243385169,0.99993259496184,0.99996864161638,0.99996842661345,1.9959504146758e-05,1.5540807536084e-22,2.2506225918259e-05,2.2057856829148e-05,0.0099967399651395,-4.536700586423e-06,4.5439073807451e-06,-5.9244431248754e-06,-6.4205209308552e-06,-5.8296429952477e-06,0.90003228732772,0.90002340469612,2.5,2.5,-6.1132262553364e-06,-0.00010000000000001
0.21125,-0.037912063065438,0.57737298283364,0.61528504589908,0.9999423479595,0.99993261001417,0.99996864566769,0.9999684328707,1.9754724901572e-05,1.5381358709197e-22,2.2518856201033e-05,2.2075087260661e-05,0.0099967343524503,-4.4901513743759e-06,4.4972842306588e-06,-5.9313105532142e-06,-6.4222987469647e-06,-5.8257497636401e-06,0.900032279035,0.90002348753623,2.5,2.5,-6.1181569095665e-06,-0.0001
0.2125,-0.037912063065438,0.57737298283364,0.61528504589908,0.9999422629484,0.99993262491205,0.99996864967743,0.99996843906375,1.9552046366769e-05,1.5223545904046e-22,2.253135689082e-05,2.2092140908943e-05,0.0099967287973503,-4.4440799837827e-06,4.4511396603943e-06,-5.9381075292103e-06,-6.4240583209053e-06,-5.8218964787027e-06,0.90003227082736,0.90002356952655,2.5,2.5,-6.1230369726076e-06,-9.9999999999995e-05
0.21375,-0.037912063065438,0.57737298283364,0.61528504589908,0.99994217880936,0.99993263965707,0.99996865364603,0.99996844519326,1.9351447013436e-05,1.5067352328901e-22,2.2543729317872e-05,2.2109019587824e-05,0.0099967232992485,-4.3984814944167e-06,4.4054687419255e-06,-5.9448347751528e-06,-6.4257998399877e-06,-5.8180827304038e-06,0.90003226270395,0.90002365067581,2.5,2.5,-6.1278669637544e-06,-0.00010000000000001
0.215,-0.037912063065438,0.57737298283364,0.61528504589908,0.99994209553344,0.99993265425078,0.99996865757391,0.99996845125988,1.9152905531658e-05,1.4912761364726e-22,2.2555974798524e-05,2.2125725092498e-05,0.0099967178575597,-4.3533510378336e-06,4.3602665991815e-06,-5.9514930059636e-06,-6.4275234895878e-06,-5.8143081129207e-06,0.90003225466389,0.90002373099262,2.5,2.5,-6.1326473969559e-06,-9.9999999999991e-05
0.21625,-0.037912063065438,0.57737298283364,0.61528504589908,0.9999420131118,0.99993266869476,0.9999686614615,0.99996845726426,1.8956400828455e-05,1.4759756562207e-22,2.2568094635814e-05,2.2142259199606e-05,0.0099967124717049,-4.3086837969638e-06,4.3155284073768e-06,-5.9580829292658e-06,-6.4292294531726e-06,-5.8105722246375e-06,0.90003224670632,0.90002381048551,2.5,2.5,-6.1373787808712e-06,-0.0001
0.2175,-0.037912063065438,0.57737298283364,0.61528504589908,0.99994193153568,0.99993268299052,0.9999686653092,0.99996846320703,1.8761912025606e-05,1.4608321642425e-22,2.2580090119206e-05,2.2158623667747e-05,0.0099967071411112,-4.2644750050576e-06,4.2712493923959e-06,-5.964605245462e-06,-6.4309179123122e-06,-5.80687466803e-06,0.90003223883041,0.90002388916292,2.5,2.5,-6.1420616189247e-06,-9.9999999999999e-05
0.21875,-0.037912063065438,0.57737298283364,0.61528504589908,0.99994185079642,0.99993269713961,0.99996866911742,0.99996846908883,1.856941845766e-05,1.4458440493585e-22,2.2591962524972e-05,2.2174820237522e-05,0.0099967018652112,-4.2207199457276e-06,4.2274248302636e-06,-5.9710606478023e-06,-6.4325890467101e-06,-5.80321504969e-06,0.9000322310353,0.90002396703322,2.5,2.5,-6.1466964093626e-06,-0.0001
0.22,-0.037912063065438,0.57737298283364,0.61528504589908,0.99994177088544,0.99993271114351,0.99996867288658,0.99996847491028,1.8378899669789e-05,1.4310097169981e-22,2.2603713116294e-05,2.2190850631336e-05,0.0099966966434438,-4.1774139517345e-06,4.1840500463945e-06,-5.9774498224516e-06,-6.4342430342125e-06,-5.79959298026e-06,0.90003222332018,0.90002404410467,2.5,2.5,-6.1512836453051e-06,-9.9999999999993e-05
0.22125,-0.037912063065438,0.57737298283364,0.61528504589908,0.99994169179426,0.99993272500373,0.99996867661706,0.99996848067201,1.819033541579e-05,1.4163275888653e-22,2.2615343143265e-05,2.2206716554397e-05,0.0099966914752533,-4.1345524046723e-06,4.1411204151031e-06,-5.9837734485645e-06,-6.4358800508364e-06,-5.7960080743755e-06,0.90003221568422,0.90002412038546,2.5,2.5,-6.1558238148014e-06,-0.0001
0.2225,-0.037912063065438,0.57737298283364,0.61528504589908,0.99994161351446,0.99993273872173,0.99996868030927,0.99996848637462,1.8003705656059e-05,1.4017961030065e-22,2.2626853843152e-05,2.2222419694005e-05,0.0099966863600899,-4.0921307344531e-06,4.0986313590913e-06,-5.9900321983556e-06,-6.4375002707863e-06,-5.792459950625e-06,0.90003220812661,0.90002419588371,2.5,2.5,-6.1603174008821e-06,-9.9999999999999e-05
0.22375,-0.037912063065438,0.57737298283364,0.61528504589908,0.99994153603772,0.99993275229898,0.9999686839636,0.99996849201872,1.7818990555463e-05,1.3874137135423e-22,2.2638246440646e-05,2.2237961720338e-05,0.0099966812974093,-4.0501444186564e-06,4.0565783487083e-06,-5.9962267371641e-06,-6.4391038664707e-06,-5.7889482315457e-06,0.90003220064655,0.90002427060743,2.5,2.5,-6.1647648816116e-06,-9.9999999999991e-05
0.225,-0.037912063065438,0.57737298283364,0.61528504589908,0.99994145935582,0.99993276573692,0.99996868758044,0.99996849760491,1.7636170481424e-05,1.3731788903349e-22,2.2649522147621e-05,2.225334428645e-05,0.0099966762866731,-4.008588981882e-06,4.0149569015596e-06,-6.0023577235286e-06,-6.4406910085248e-06,-5.7854725435288e-06,0.90003219324323,0.90002434456457,2.5,2.5,-6.1691667301402e-06,-0.00010000000000001
0.22625,-0.037912063065438,0.57737298283364,0.61528504589908,0.99994138346061,0.99993277903698,0.99996869116017,0.99996850313379,1.7455226001881e-05,1.359090119088e-22,2.2660682163679e-05,2.2268569028365e-05,0.0099966713273481,-3.9674599954616e-06,3.9737625819e-06,-6.0084258092474e-06,-6.4422618658278e-06,-5.7820325168197e-06,0.90003218591588,0.90002441776298,2.5,2.5,-6.1735234147545e-06,-9.9999999999998e-05
0.2275,-0.037912063065438,0.57737298283364,0.61528504589908,0.99994130834401,0.99993279220057,0.99996869470317,0.99996850860594,1.7276137883315e-05,1.3451459010389e-22,2.2671727675999e-05,2.228363756533e-05,0.0099966664189068,-3.9267530766835e-06,3.9329910001145e-06,-6.0144316394531e-06,-6.4438166055183e-06,-5.778627785459e-06,0.90003217866371,0.90002449021044,2.5,2.5,-6.1778353989291e-06,-0.0001
0.22875,-0.037912063065438,0.57737298283364,0.61528504589908,0.99994123399805,0.99993280522911,0.99996869820982,0.99996851402195,1.7098887088756e-05,1.3313447528872e-22,2.2682659859551e-05,2.2298551500051e-05,0.0099966615608269,-3.8864638884476e-06,3.8926378122068e-06,-6.0203758526765e-06,-6.4453553930198e-06,-5.7752579872541e-06,0.90003217148594,0.90002456191466,2.5,2.5,-6.1821031413757e-06,-9.9999999999998e-05
0.23,-0.037912063065438,0.57737298283364,0.61528504589908,0.99994116041483,0.99993281812396,0.99996870168049,0.99996851938239,1.6923454775821e-05,1.3176852064207e-22,2.2693479877345e-05,2.2313312418685e-05,0.0099966567525917,-3.8465881385838e-06,3.8526987192296e-06,-6.0262590809126e-06,-6.4468783920505e-06,-5.7719227637253e-06,0.90003216438182,0.90002463288325,2.5,2.5,-6.1863270960924e-06,-0.0001
0.23125,-0.037912063065438,0.57737298283364,0.61528504589908,0.99994108758651,0.99993283088652,0.99996870511556,0.99996852468783,1.6749822294819e-05,1.3041658086348e-22,2.270418888035e-05,2.2327921891285e-05,0.0099966519936898,-3.8071215794605e-06,3.813169466841e-06,-6.0320819496879e-06,-6.4483857646474e-06,-5.7686217600748e-06,0.9000321573506,0.90002470312377,2.5,2.5,-6.1905077124135e-06,-9.9999999999991e-05
0.2325,-0.037912063065438,0.57737298283364,0.61528504589908,0.99994101550537,0.99993284351812,0.99996870851538,0.99996852993884,1.6577971186796e-05,1.2907851214138e-22,2.2714788007733e-05,2.2342381471555e-05,0.0099966472836148,-3.7680600076586e-06,3.774045844889e-06,-6.0378450781241e-06,-6.4498776711813e-06,-5.765354625165e-06,0.90003215039151,0.90002477264367,2.5,2.5,-6.1946454350574e-06,-9.9999999999997e-05
0.23375,-0.037912063065438,0.57737298283364,0.61528504589908,0.99994094416373,0.99993285602012,0.99996871188032,0.99996853513597,1.6407883181592e-05,1.2775417213703e-22,2.2725278386921e-05,2.2356692697341e-05,0.0099966426218657,-3.7293992629745e-06,3.7353236866519e-06,-6.0435490790015e-06,-6.4513542703707e-06,-5.762121011444e-06,0.90003214350383,0.90002484145034,2.5,2.5,-6.1987407041738e-06,-0.00010000000000002
0.235,-0.037912063065438,0.57737298283364,0.61528504589908,0.99994087355401,0.99993286839385,0.99996871521074,0.99996854027978,1.623954019602e-05,1.2644341998602e-22,2.2735661133869e-05,2.2370857091006e-05,0.0099966380079466,-3.6911352285245e-06,3.6969988686865e-06,-6.04919455883e-06,-6.4528157193054e-06,-5.7589205749468e-06,0.90003213668682,0.90002490955111,2.5,2.5,-6.202793955392e-06,-9.9999999999985e-05
0.23625,-0.037912063065438,0.57737298283364,0.61528504589908,0.99994080366871,0.99993288064062,0.99996871850699,0.99996854537081,1.6072924331938e-05,1.2514611625376e-22,2.2745937352949e-05,2.2384876158745e-05,0.0099966334413669,-3.6532638299693e-06,3.6590673101818e-06,-6.0547821179013e-06,-6.4542621734628e-06,-5.7557529752328e-06,0.90003212993975,0.90002497695321,2.5,2.5,-6.2068056198673e-06,-0.0001
0.2375,-0.037912063065438,0.57737298283364,0.61528504589908,0.9999407345004,0.99993289276173,0.99996872176942,0.99996855040961,1.5908017874378e-05,1.2386212294949e-22,2.2756108137296e-05,2.2398751391771e-05,0.0099966289216406,-3.6157810349443e-06,3.6215249724199e-06,-6.0603123503635e-06,-6.4556937867176e-06,-5.7526178753557e-06,0.90003212326191,0.9000250436638,2.5,2.5,-6.2107761243266e-06,-9.9999999999997e-05
0.23875,-0.037912063065438,0.57737298283364,0.61528504589908,0.99994066604172,0.99993290475848,0.99996872499838,0.99996855539672,1.5744803289751e-05,1.2259130349593e-22,2.2766174568753e-05,2.2412484265692e-05,0.009996624448287,-3.5786828529941e-06,3.5843678585606e-06,-6.0657858442745e-06,-6.4571107113653e-06,-5.7495149418427e-06,0.90003211665258,0.90002510968998,2.5,2.5,-6.2147058911153e-06,-0.0001
0.24,-0.037912063065438,0.57737298283364,0.61528504589908,0.9999405982854,0.99993291663214,0.9999687281942,0.99996856033265,1.5583263223971e-05,1.2133352271532e-22,2.2776137718041e-05,2.2426076241228e-05,0.0099966200208303,-3.5419653346333e-06,3.547592012921e-06,-6.0712031816676e-06,-6.4585130981383e-06,-5.7464438446216e-06,0.90003211011107,0.90002517503878,2.5,2.5,-6.2185953382416e-06,-0.00010000000000001
0.24125,-0.037912063065438,0.57737298283364,0.61528504589908,0.99994053122423,0.99993292838398,0.99996873135724,0.99996856521795,1.5423380500651e-05,1.2008864682335e-22,2.2785998644947e-05,2.2439528763939e-05,0.0099966156387996,-3.5056245713642e-06,3.5111935207451e-06,-6.0765649386164e-06,-6.4599010962179e-06,-5.7434042570347e-06,0.90003210363667,0.90002523971712,2.5,2.5,-6.222444879422e-06,-9.9999999999998e-05
0.2425,-0.037912063065438,0.57737298283364,0.61528504589908,0.99994046485107,0.99993294001524,0.99996873448783,0.99996857005312,1.5265138119344e-05,1.1885654340428e-22,2.2795758398359e-05,2.2452843264626e-05,0.0099966113017287,-3.4696566949265e-06,3.4751685076427e-06,-6.0818716852826e-06,-6.4612748532555e-06,-5.7403958557662e-06,0.9000320972287,0.9000253037319,2.5,2.5,-6.226254924125e-06,-9.9999999999997e-05
0.24375,-0.037912063065438,0.57737298283364,0.61528504589908,0.99994039915888,0.99993295152716,0.9999687375863,0.99996857483868,1.5108519253742e-05,1.1763708139902e-22,2.2805418016399e-05,2.2466021159357e-05,0.0099966070091564,-3.4340578768589e-06,3.4395131391379e-06,-6.0871239859942e-06,-6.4626345153827e-06,-5.73741832081e-06,0.90003209088648,0.90002536708993,2.5,2.5,-6.2300258776153e-06,-0.00010000000000001
0.245,-0.037912063065438,0.57737298283364,0.61528504589908,0.99994033414067,0.99993296292097,0.99996874065298,0.99996857957514,1.4953507249814e-05,1.1643013110886e-22,2.2814978526488e-05,2.2479063849657e-05,0.009996602760626,-3.3988243284147e-06,3.4042236204134e-06,-6.0923223992885e-06,-6.4639802272319e-06,-5.7344713354615e-06,0.90003208460933,0.90002542979792,2.5,2.5,-6.2337581409968e-06,-9.9999999999998e-05
0.24625,-0.037912063065438,0.57737298283364,0.61528504589908,0.99994026978952,0.99993297419788,0.99996874368819,0.99996858426301,1.4800085624272e-05,1.1523556415074e-22,2.2824440945558e-05,2.2491972722854e-05,0.0099965985556856,-3.363952299745e-06,3.3692961956783e-06,-6.0974674779813e-06,-6.4653121319513e-06,-5.7315545862658e-06,0.90003207839659,0.90002549186256,2.5,2.5,-6.237452111256e-06,-9.9999999999996e-05
0.2475,-0.037912063065438,0.57737298283364,0.61528504589908,0.9999402060986,0.99993298535909,0.99996874669227,0.99996858890278,1.4648238062632e-05,1.1405325345918e-22,2.2833806280078e-05,2.2504749151719e-05,0.009996594393888,-3.3294380796553e-06,3.3347271478454e-06,-6.1025597692205e-06,-6.4666303712173e-06,-5.7286677629762e-06,0.90003207224758,0.90002555329045,2.5,2.5,-6.2411081813042e-06,-9.9999999999997e-05
0.24875,-0.037912063065438,0.57737298283364,0.61528504589908,0.99994014306112,0.99993299640578,0.99996874966552,0.99996859349494,1.4497948417613e-05,1.1288307329051e-22,2.2843075526183e-05,2.2517394495316e-05,0.0099965902747905,-3.2952779951739e-06,3.3005127981608e-06,-6.1075998145451e-06,-6.4679350852508e-06,-5.7258105585358e-06,0.90003206616167,0.90002561408811,2.5,2.5,-6.2447267400188e-06,-0.00010000000000001
0.25,-0.037912063065438,0.57737298283364,0.61528504589908,0.99994008067039,0.99993300733913,0.99996875260826,0.99996859803999,1.4349200707389e-05,1.117248991712e-22,2.2852249669806e-05,2.2529910098454e-05,0.009996586197955,-3.2614684112375e-06,3.2666495057383e-06,-6.1125881499426e-06,-6.469226412834e-06,-5.7229826690394e-06,0.9000320601382,0.90002567426201,2.5,2.5,-6.2483081722863e-06,-9.9999999999992e-05
0.25125,-0.037912063065438,0.57737298283364,0.61528504589908,0.99994001891977,0.9999330181603,0.99996875552082,0.99996860253841,1.420197911398e-05,1.1057860791523e-22,2.2861329686666e-05,2.2542297292266e-05,0.0099965821629478,-3.2280057301454e-06,3.2331336671843e-06,-6.1175253059057e-06,-6.4705044913242e-06,-5.7201837937025e-06,0.90003205417653,0.90002573381855,2.5,2.5,-6.251852859042e-06,-0.00010000000000001
0.2525,-0.037912063065438,0.57737298283364,0.61528504589908,0.9999399578027,0.99993302887045,0.99996875840349,0.99996860699067,1.4056267981455e-05,1.0944407760011e-22,2.287031654264e-05,2.255455739426e-05,0.0099965781693398,-3.1948863912675e-06,3.1999617162043e-06,-6.1224118074881e-06,-6.4717694566694e-06,-5.7174136348313e-06,0.90003204827603,0.90002579276406,2.5,2.5,-6.2553611773116e-06,-0.0001
0.25375,-0.037912063065438,0.57737298283364,0.61528504589908,0.99993989731267,0.99993303947071,0.99996876125659,0.99996861139726,1.3912051814445e-05,1.083211875551e-22,2.2879211193501e-05,2.2566691708379e-05,0.0099965742167063,-3.1621068705138e-06,3.1671301231601e-06,-6.127248174358e-06,-6.4730214434185e-06,-5.714671897773e-06,0.90003204243606,0.90002585110481,2.5,2.5,-6.2588335002506e-06,-9.999999999999e-05
0.255,-0.037912063065438,0.57737298283364,0.61528504589908,0.99993983744326,0.99993304996222,0.99996876408041,0.99996861575863,1.3769315276307e-05,1.0720981834768e-22,2.2888014585422e-05,2.257870152519e-05,0.0099965703046267,-3.1296636802551e-06,3.1346353948388e-06,-6.1320349208575e-06,-6.474260584743e-06,-5.711958290913e-06,0.90003203665602,0.900025908847,2.5,2.5,-6.2622701971851e-06,-9.9999999999993e-05
0.25625,-0.037912063065438,0.57737298283364,0.61528504589908,0.99993977818809,0.99993306034608,0.99996876687526,0.99996862007525,1.3628043187753e-05,1.0610985177071e-22,2.2896727654681e-05,2.2590588122043e-05,0.0099965664326849,-3.0975533685375e-06,3.1024740738028e-06,-6.1367725560536e-06,-6.475487012445e-06,-5.7092725256322e-06,0.90003203093528,0.90002596599678,2.5,2.5,-6.2656716336505e-06,-0.00010000000000001
0.2575,-0.037912063065438,0.57737298283364,0.61528504589908,0.99993971954087,0.9999330706234,0.99996876964144,0.99996862434759,1.3488220525017e-05,1.0502117082653e-22,2.2905351327964e-05,2.2602352763109e-05,0.0099965626004693,-3.0657725190461e-06,3.0706427383426e-06,-6.1414615837935e-06,-6.4767008569729e-06,-5.7066143162604e-06,0.90003202527323,0.90002602256022,2.5,2.5,-6.2690381714303e-06,-9.9999999999992e-05
0.25875,-0.037912063065438,0.57737298283364,0.61528504589908,0.99993966149536,0.99993308079527,0.99996877237924,0.99996862857609,1.3349832418373e-05,1.0394365972423e-22,2.291388652257e-05,2.2613996699767e-05,0.0099965588075721,-3.034317750478e-06,3.0391380018054e-06,-6.1461025027568e-06,-6.4779022474385e-06,-5.7039833800637e-06,0.90003201966928,0.90002607854333,2.5,2.5,-6.2723701685958e-06,-0.00010000000000001
0.26,-0.037912063065438,0.57737298283364,0.61528504589908,0.99993960404538,0.99993309086278,0.99996877508894,0.99996863276121,1.3212864150614e-05,1.0287720385876e-22,2.2922334146307e-05,2.2625521170307e-05,0.00999655505359,-3.0031857165035e-06,3.0079565124788e-06,-6.1506958065093e-06,-6.4790913116268e-06,-5.701379437216e-06,0.90003201412282,0.90002613395208,2.5,2.5,-6.2756679795429e-06,-9.9999999999995e-05
0.26125,-0.037912063065438,0.57737298283364,0.61528504589908,0.99993954718483,0.999933100827,0.99996877777085,0.99996863690339,1.3077301155399e-05,1.0182168980083e-22,2.2930695097675e-05,2.2636927400576e-05,0.0099965513381236,-2.9723731049394e-06,2.9770949529767e-06,-6.1552419835533e-06,-6.4802681760126e-06,-5.6988022107592e-06,0.90003200863327,0.90002618879234,2.5,2.5,-6.2789319550309e-06,-9.9999999999988e-05
0.2625,-0.037912063065438,0.57737298283364,0.61528504589908,0.99993949090766,0.99993311068899,0.99996878042524,0.99996864100307,1.2943129015735e-05,1.007770052828e-22,2.2938970265864e-05,2.2648216603532e-05,0.0099965476607778,-2.9418766378363e-06,2.9465500401273e-06,-6.1597415173841e-06,-6.481432965769e-06,-5.6962514265747e-06,0.90003200320004,0.90002624306996,2.5,2.5,-6.2821624422193e-06,-0.00010000000000001
0.26375,-0.037912063065438,0.57737298283364,0.61528504589908,0.99993943520789,0.99993312044979,0.99996878305239,0.99996864506069,1.2810333462472e-05,9.9743039196341e-23,2.2947160531183e-05,2.2659389980049e-05,0.0099965440211615,-2.9116930708599e-06,2.9163185244387e-06,-6.1641948865359e-06,-6.4825858047874e-06,-5.6937268133626e-06,0.90003199782256,0.90002629679071,2.5,2.5,-6.2853597847049e-06,-9.9999999999992e-05
0.265,-0.037912063065438,0.57737298283364,0.61528504589908,0.99993938007958,0.99993313011045,0.99996878565259,0.99996864907668,1.2678900372844e-05,9.8719681564276e-23,2.2955266764599e-05,2.2670448718422e-05,0.0099965404188875,-2.8818191930042e-06,2.8863971898386e-06,-6.1686025646358e-06,-6.4837268156874e-06,-5.6912281025976e-06,0.90003199250025,0.9000263499603,2.5,2.5,-6.2885243225589e-06,-9.9999999999998e-05
0.26625,-0.037912063065438,0.57737298283364,0.61528504589908,0.99993932551688,0.99993313967199,0.99996878822612,0.99996865305147,1.2548815768808e-05,9.7706823542875e-23,2.296328982833e-05,2.2681393994781e-05,0.0099965368535727,-2.8522518263388e-06,2.8567828532924e-06,-6.1729650204525e-06,-6.4848561198303e-06,-5.6887550285209e-06,0.90003198723255,0.90002640258438,2.5,2.5,-6.2916563923624e-06,-0.00010000000000001
0.2675,-0.037912063065438,0.57737298283364,0.61528504589908,0.99993927151399,0.99993314913543,0.99996879077323,0.99996865698547,1.2420065815785e-05,9.670435740609e-23,2.2971230575786e-05,2.2692226973375e-05,0.0099965333248379,-2.8229878254587e-06,2.8274723644501e-06,-6.1772827179477e-06,-6.4859738373306e-06,-5.6863073280975e-06,0.90003198201889,0.90002645466855,2.5,2.5,-6.2947563272427e-06,-0.0001
0.26875,-0.037912063065438,0.57737298283364,0.61528504589908,0.99993921806516,0.99993315850177,0.99996879329422,0.99996866087911,1.2292636820977e-05,9.5712176530618e-23,2.2979089851498e-05,2.2702948806262e-05,0.0099965298323078,-2.7940240774263e-06,2.7984626054023e-06,-6.1815561163235e-06,-6.4870800870695e-06,-5.6838847409864e-06,0.90003197685873,0.90002650621835,2.5,2.5,-6.2978244569086e-06,-0.0001
0.27,-0.037912063065438,0.57737298283364,0.61528504589908,0.99993916516471,0.99993316777201,0.99996879578934,0.9999686647328,1.2166515232127e-05,9.4730175390497e-23,2.2986868491337e-05,2.2713560633785e-05,0.0099965263756109,-2.7653575010879e-06,2.7697504901373e-06,-6.1857856700709e-06,-6.4881749867111e-06,-5.6814870095197e-06,0.90003197175151,0.90002655723926,2.5,2.5,-6.3008611076857e-06,-0.0001
0.27125,-0.037912063065438,0.57737298283364,0.61528504589908,0.99993911280701,0.99993317694714,0.99996879825886,0.99996866854695,1.2041687635865e-05,9.3758249541764e-23,2.2994567322681e-05,2.2724063584644e-05,0.0099965229543796,-2.736985047203e-06,2.7413329645007e-06,-6.1899718290207e-06,-6.4892586527097e-06,-5.6791138786837e-06,0.90003196669669,0.9000266077367,2.5,2.5,-6.3038666025511e-06,-9.9999999999994e-05
0.2725,-0.037912063065438,0.57737298283364,0.61528504589908,0.99993906098649,0.99993318602814,0.99996880070305,0.99996867232197,1.1918140756481e-05,9.2796295604992e-23,2.3002187164311e-05,2.2734458775906e-05,0.00999651956825,-2.7089036975268e-06,2.7132070055481e-06,-6.1941150383882e-06,-6.4903312003239e-06,-5.676765096068e-06,0.90003196169373,0.90002665771606,2.5,2.5,-6.3068412611676e-06,-9.9999999999997e-05
0.27375,-0.037912063065438,0.57737298283364,0.61528504589908,0.99993900969765,0.99993319501596,0.99996880312215,0.99996867605826,1.179586145438e-05,9.1844211273644e-23,2.3009728826763e-05,2.274474731318e-05,0.0099965162168619,-2.6811104651135e-06,2.6853696215163e-06,-6.1982157388219e-06,-6.4913927436328e-06,-5.6744404118561e-06,0.9000319567421,0.90002670718264,2.5,2.5,-6.3097853999179e-06,-0.0001
0.275,-0.037912063065438,0.57737298283364,0.61528504589908,0.99993895893502,0.99993320391157,0.99996880551644,0.99996867975622,1.1674836724766e-05,9.0901895278575e-23,2.3017193112108e-05,2.275493029068e-05,0.0099965128998589,-2.6536023935022e-06,2.6578178512862e-06,-6.2022743664514e-06,-6.4924433955411e-06,-5.6721395787975e-06,0.90003195184128,0.9000267561417,2.5,2.5,-6.3126993319383e-06,-9.9999999999999e-05
0.27625,-0.037912063065438,0.57737298283364,0.61528504589908,0.99993890869321,0.99993321271591,0.99996880788616,0.99996868341623,1.1555053696243e-05,8.9969247403974e-23,2.3024580814253e-05,2.2765008791478e-05,0.0099965096168882,-2.6263765566664e-06,2.6305487641668e-06,-6.2062913529301e-06,-6.4934832677963e-06,-5.6698623521819e-06,0.90003194699074,0.90002680459845,2.5,2.5,-6.3155833671522e-06,-0.00010000000000001
0.2775,-0.037912063065438,0.57737298283364,0.61528504589908,0.99993885896688,0.99993322142992,0.99996881023157,0.99996868703869,1.1436499629385e-05,8.9046168452559e-23,2.3031892718901e-05,2.2774983887431e-05,0.0099965063676007,-2.599430058608e-06,2.6035594595471e-06,-6.2102671254854e-06,-6.4945124710007e-06,-5.6676084898033e-06,0.90003194218996,0.90002685255805,2.5,2.5,-6.3184378123023e-06,-0.0001
0.27875,-0.037912063065438,0.57737298283364,0.61528504589908,0.99993880975073,0.99993323005453,0.99996881255291,0.99996869062399,1.131916191551e-05,8.8132560240167e-23,2.3039129603815e-05,2.2784856639618e-05,0.0099965031516506,-2.5727600329783e-06,2.5768470666006e-06,-6.2142021069627e-06,-6.495531114617e-06,-5.6653777519392e-06,0.90003193743844,0.90002690002559,2.5,2.5,-6.3212629709845e-06,-9.9999999999999e-05
0.28,-0.037912063065438,0.57737298283364,0.61528504589908,0.99993876103954,0.99993323859064,0.99996881485044,0.9999686941725,1.1203028075262e-05,8.7228325604214e-23,2.304629223862e-05,2.2794628097912e-05,0.009996499968696,-2.5463636431691e-06,2.5504087440901e-06,-6.2180967158648e-06,-6.4965393069931e-06,-5.6631699013385e-06,0.90003193273567,0.90002694700612,2.5,2.5,-6.3240591436793e-06,-9.9999999999997e-05
0.28125,-0.037912063065438,0.57737298283364,0.61528504589908,0.99993871282811,0.99993324703918,0.9999688171244,0.99996869768461,1.108808575723e-05,8.6333368369151e-23,2.3053381385145e-05,2.2804299301721e-05,0.0099964968183985,-2.5202380812053e-06,2.5242416796959e-06,-6.2219513664099e-06,-6.4975371553552e-06,-5.6609847031707e-06,0.90003192808115,0.90002699350464,2.5,2.5,-6.3268266277838e-06,-0.0001
0.2825,-0.037912063065438,0.57737298283364,0.61528504589908,0.99993866511134,0.99993325540103,0.99996881937502,0.99996870116068,1.0974322736811e-05,8.5447593346563e-23,2.3060397797436e-05,2.2813871279565e-05,0.0099964937004227,-2.4943805683526e-06,2.4983430902171e-06,-6.2257664685569e-06,-6.498524765837e-06,-5.6588219250204e-06,0.90003192347439,0.90002703952609,2.5,2.5,-6.3295657176442e-06,-0.00010000000000001
0.28375,-0.037912063065438,0.57737298283364,0.61528504589908,0.99993861788413,0.99993326367709,0.99996882160255,0.99996870460108,1.0861726914703e-05,8.4570906328514e-23,2.3067342221718e-05,2.282334504953e-05,0.0099964906144373,-2.4687883542512e-06,2.4727102209025e-06,-6.229542428067e-06,-6.4995022434782e-06,-5.6566813368648e-06,0.90003191891489,0.90002708507538,2.5,2.5,-6.3322767045859e-06,-9.9999999999994e-05
0.285,-0.037912063065438,0.57737298283364,0.61528504589908,0.99993857114147,0.99993327186824,0.99996882380723,0.99996870800619,1.0750286315781e-05,8.3703214074896e-23,2.3074215396549e-05,2.283272161921e-05,0.0099964875601139,-2.4434587167274e-06,2.4473403452963e-06,-6.2332796465359e-06,-6.5004696922443e-06,-5.6545627110356e-06,0.90003191440218,0.90002713015733,2.5,2.5,-6.3349598769454e-06,-0.0001
0.28625,-0.037912063065438,0.57737298283364,0.61528504589908,0.99993852487838,0.99993327997535,0.99996882598929,0.99996871137636,1.0639989087742e-05,8.2844424290628e-23,2.3081018052996e-05,2.2842001985869e-05,0.0099964845371277,-2.4183889616004e-06,2.4222307649483e-06,-6.2369785214372e-06,-6.50142721503e-06,-5.6524658221829e-06,0.90003190993576,0.90002717477676,2.5,2.5,-6.3376155201007e-06,-0.0001
0.2875,-0.037912063065438,0.57737298283364,0.61528504589908,0.99993847908995,0.99993328799928,0.99996882814896,0.99996871471195,1.0530823499889e-05,8.1994445648208e-23,2.3087750914552e-05,2.2851187136557e-05,0.0099964815451572,-2.3935764223555e-06,2.3973788090634e-06,-6.2406394461698e-06,-6.502374913678e-06,-5.6503904472992e-06,0.90003190551517,0.90002721893839,2.5,2.5,-6.3402439165015e-06,-9.9999999999989e-05
0.28875,-0.037912063065438,0.57737298283364,0.61528504589908,0.9999384337713,0.99993329594088,0.99996883028648,0.99996871801332,1.0422777941848e-05,8.1153187735566e-23,2.3094414697335e-05,2.2860278048137e-05,0.0099964785838841,-2.3690184598775e-06,2.372781834351e-06,-6.2442628100986e-06,-6.503312888984e-06,-5.6483363656521e-06,0.90003190113993,0.90002726264694,2.5,2.5,-6.3428453456999e-06,-0.00010000000000001
0.29,-0.037912063065438,0.57737298283364,0.61528504589908,0.99993838891762,0.99993330380101,0.99996883240206,0.99996872128082,1.0315840922361e-05,8.0320561084172e-23,2.3101010110062e-05,2.2869275687612e-05,0.0099964756529935,-2.3447124620287e-06,2.3484372245413e-06,-6.2478489985855e-06,-6.5042412407107e-06,-5.6463033587646e-06,0.90003189680958,0.90002730590704,2.5,2.5,-6.3454200843791e-06,-0.0001
0.29125,-0.037912063065438,0.57737298283364,0.61528504589908,0.99993834452414,0.99993331158049,0.99996883449594,0.99996872451479,1.0210001068032e-05,7.9496477131711e-23,2.3107537854232e-05,2.2878181011837e-05,0.0099964727521737,-2.3206558435998e-06,2.3243423903074e-06,-6.2513983930504e-06,-6.5051600675956e-06,-5.6442912104123e-06,0.90003189252366,0.9000273487233,2.5,2.5,-6.3479684063839e-06,-0.0001
0.2925,-0.037912063065438,0.57737298283364,0.61528504589908,0.99993830058613,0.99993331928015,0.99996883656833,0.99996872771559,1.0105247122195e-05,7.8680848236005e-23,2.3113998624166e-05,2.2886994967984e-05,0.0099964698811162,-2.2968460458145e-06,2.3004947687945e-06,-6.25491137099e-06,-6.5060694673643e-06,-5.6422997065936e-06,0.90003188828172,0.90002739110028,2.5,2.5,-6.3504905827487e-06,-9.9999999999992e-05
0.29375,-0.037912063065438,0.57737298283364,0.61528504589908,0.99993825709892,0.99993332690081,0.99996883861946,0.99996873088354,1.0001567943604e-05,7.7873587645402e-23,2.3120393106915e-05,2.289571849351e-05,0.0099964670395155,-2.2732805362725e-06,2.2768918236031e-06,-6.2583883060339e-06,-6.5069695367389e-06,-5.6403286354857e-06,0.9000318840833,0.90002743304247,2.5,2.5,-6.352986881728e-06,-0.00010000000000001
0.295,-0.037912063065438,0.57737298283364,0.61528504589908,0.99993821405788,0.99993333444329,0.99996884064955,0.99996873401899,9.8989525053604e-06,7.7074609503774e-23,2.3126721982653e-05,2.2904352516227e-05,0.0099964642270695,-2.2499568084443e-06,2.2535310442077e-06,-6.2618295679787e-06,-6.5078603714483e-06,-5.6383777874574e-06,0.90003187992795,0.90002747455435,2.5,2.5,-6.3554575688229e-06,-0.0001
0.29625,-0.037912063065438,0.57737298283364,0.61528504589908,0.99993817145844,0.99993334190838,0.99996884265881,0.99996873712227,9.7973898936646e-06,7.6283828828288e-23,2.3132985924536e-05,2.2912897954384e-05,0.009996461443479,-2.2268723816014e-06,2.230409945954e-06,-6.2652355228227e-06,-6.5087420662424e-06,-5.6364469550147e-06,0.90003187581524,0.90002751564032,2.5,2.5,-6.3579029068111e-06,-9.9999999999994e-05
0.2975,-0.037912063065438,0.57737298283364,0.61528504589908,0.99993812929607,0.99993334929688,0.99996884464745,0.99996874019372,9.6968693066917e-06,7.5501161515545e-23,2.3139185598697e-05,2.2921355716913e-05,0.009996458688448,-2.2040248004915e-06,2.2075260696573e-06,-6.2686065328142e-06,-6.5096147148961e-06,-5.6345359328026e-06,0.90003187174472,0.90002755630475,2.5,2.5,-6.3603231557737e-06,-9.9999999999998e-05
0.29875,-0.037912063065438,0.57737298283364,0.61528504589908,0.99993808756628,0.99993335660958,0.99996884661569,0.99996874323364,9.5973800534249e-06,7.4726524322083e-23,2.3145321664554e-05,2.2929726703293e-05,0.0099964559616835,-2.1814116349383e-06,2.1848769813222e-06,-6.2719429564823e-06,-6.5104784102228e-06,-5.6326445175635e-06,0.90003186771597,0.90002759655197,2.5,2.5,-6.3627185731234e-06,-9.9999999999994e-05
0.3,-0.037912063065438,0.57737298283364,0.61528504589908,0.99993804626463,0.99993336384724,0.99996884856374,0.99996874624238,9.4989115525446e-06,7.3959834863256e-23,2.3151394774765e-05,2.2938011803927e-05,0.0099964532628954,-2.1590304798359e-06,2.1624602719973e-06,-6.2752451486779e-06,-6.5113332440833e-06,-5.6307725081362e-06,0.90003186372855,0.90002763638627,2.5,2.5,-6.365089413632e-06,-0.0001
0.30125,-0.037912063065438,0.57737298283364,0.61528504589908,0.99993800538674,0.99993337101065,0.9999688504918,0.99996874922025,9.4014533312795e-06,7.320101159589e-23,2.3157405575178e-05,2.2946211899896e-05,0.0099964505917967,-2.1368789547333e-06,2.1402735574313e-06,-6.2785134606128e-06,-6.5121793073961e-06,-5.6289197054182e-06,0.90003185978204,0.90002767581186,2.5,2.5,-6.3674359294572e-06,-9.9999999999998e-05
0.3025,-0.037912063065438,0.57737298283364,0.61528504589908,0.99993796492825,0.99993337810056,0.99996885240007,0.99996875216757,9.3049950242826e-06,7.2449973802956e-23,2.316335470523e-05,2.2954327863489e-05,0.0099964479481033,-2.1149547035236e-06,2.1183144778309e-06,-6.2817482398939e-06,-6.5130166901476e-06,-5.6270859123439e-06,0.90003185587602,0.90002771483296,2.5,2.5,-6.3697583701693e-06,-0.00010000000000001
0.30375,-0.037912063065438,0.57737298283364,0.61528504589908,0.99993792488487,0.99993338511773,0.99996885428877,0.99996875508465,9.2095263726077e-06,7.1706641616131e-23,2.3169242797514e-05,2.2962360557782e-05,0.009996445331534,-2.0932553943438e-06,2.0965806976095e-06,-6.2849498305637e-06,-6.5138454813988e-06,-5.6252709338703e-06,0.90003185201008,0.90002775345371,2.5,2.5,-6.3720569827782e-06,-0.00010000000000001
0.305,-0.037912063065438,0.57737298283364,0.61528504589908,0.99993788525232,0.99993339206291,0.99996885615809,0.9999687579718,9.1150372224837e-06,7.0970935973565e-23,2.3175070478345e-05,2.2970310837074e-05,0.0099964427418106,-2.0717787193345e-06,2.0750699051871e-06,-6.2881185731314e-06,-6.5146657693003e-06,-5.6234745769745e-06,0.9000318481838,0.90002779167822,2.5,2.5,-6.3743320117592e-06,-9.9999999999991e-05
0.30625,-0.037912063065438,0.57737298283364,0.61528504589908,0.9999378460264,0.99993339893683,0.99996885800823,0.99996876082932,9.0215175243531e-06,7.024277862785e-23,2.3180838367488e-05,2.2978179547028e-05,0.0099964401786576,-2.0505223941958e-06,2.0537798126871e-06,-6.2912548046177e-06,-6.5154776410953e-06,-5.6216966505927e-06,0.90003184439678,0.90002782951054,2.5,2.5,-6.3765836990798e-06,-0.0001
0.3075,-0.037912063065438,0.57737298283364,0.61528504589908,0.99993780720294,0.99993340574022,0.99996885983939,0.99996876365753,8.9289573317606e-06,6.952209212774e-23,2.3186547078452e-05,2.2985967524556e-05,0.0099964376418025,-2.0294841580054e-06,2.0327081556198e-06,-6.2943588585816e-06,-6.5162811831326e-06,-5.6199369656226e-06,0.90003184064862,0.90002786695472,2.5,2.5,-6.378812284224e-06,-9.9999999999999e-05
0.30875,-0.037912063065438,0.57737298283364,0.61528504589908,0.9999377687778,0.99993341247381,0.99996886165177,0.99996876645673,8.8373468003085e-06,6.8808799830474e-23,2.3192197218354e-05,2.299367559785e-05,0.0099964351309752,-2.0086617733379e-06,2.0118526929189e-06,-6.2974310651613e-06,-6.5170764808752e-06,-5.6181953349219e-06,0.90003183693891,0.90002790401472,2.5,2.5,-6.3810180042195e-06,-0.00010000000000001
0.31,-0.037912063065438,0.57737298283364,0.61528504589908,0.9999377307469,0.99993341913831,0.99996886344554,0.9999687692272,8.7466761865471e-06,6.8102825869462e-23,2.3197789388201e-05,2.3001304586845e-05,0.009996432645909,-1.9880530253723e-06,1.9912112063524e-06,-6.3004717511089e-06,-6.5178636189105e-06,-5.6164715732386e-06,0.90003183326726,0.90002794069449,2.5,2.5,-6.3832010936618e-06,-9.9999999999994e-05
0.31125,-0.037912063065438,0.57737298283364,0.61528504589908,0.9999376931062,0.99993342573443,0.99996886522092,0.99996877196924,8.6569358470486e-06,6.740409515813e-23,2.3203324182741e-05,2.3008855302891e-05,0.0099964301863393,-1.9676557222987e-06,1.9707815005222e-06,-6.3034812398209e-06,-6.5186426809558e-06,-5.6147654972523e-06,0.90003182963329,0.90002797699793,2.5,2.5,-6.3853617847391e-06,-0.00010000000000001
0.3125,-0.037912063065438,0.57737298283364,0.61528504589908,0.99993765585169,0.99993343226288,0.99996886697807,0.99996877468316,8.5681162372993e-06,6.6712533378816e-23,2.3208802190593e-05,2.3016328549063e-05,0.0099964277520047,-1.9474676945583e-06,1.9505614025203e-06,-6.3064598513805e-06,-6.5194137498712e-06,-5.6130769254939e-06,0.90003182603659,0.90002801292891,2.5,2.5,-6.3875003072577e-06,-0.0001
0.31375,-0.037912063065438,0.57737298283364,0.61528504589908,0.9999376189794,0.99993343872435,0.9999688687172,0.99996877736923,8.4802079106687e-06,6.6028066981395e-23,2.3214223994464e-05,2.3023725120242e-05,0.0099964253426462,-1.9274867951047e-06,1.9305487617993e-06,-6.3094079025832e-06,-6.5201769076652e-06,-5.6114056783867e-06,0.9000318224768,0.90002804849123,2.5,2.5,-6.389616888666e-06,-9.9999999999985e-05
0.315,-0.037912063065438,0.57737298283364,0.61528504589908,0.99993758248543,0.99993344511953,0.99996887043849,0.99996878002774,8.3932015175493e-06,6.5350623168055e-23,2.3219590170918e-05,2.3031045802997e-05,0.0099964229580076,-1.9077108986448e-06,1.9107414497766e-06,-6.3123257069758e-06,-6.5209322355056e-06,-5.6097515781673e-06,0.90003181895354,0.9000280836887,2.5,2.5,-6.3917117540788e-06,-9.9999999999999e-05
0.31625,-0.037912063065438,0.57737298283364,0.61528504589908,0.99993754636587,0.99993345144909,0.99996887214211,0.99996878265897,8.3070878041358e-06,6.4680129883109e-23,2.3224901290751e-05,2.3038291376044e-05,0.0099964205978352,-1.8881379019618e-06,1.8911373598193e-06,-6.3152135748879e-06,-6.5216798137282e-06,-5.6081144489174e-06,0.90003181546642,0.90002811852504,2.5,2.5,-6.3937851263011e-06,-0.00010000000000001
0.3175,-0.037912063065438,0.57737298283364,0.61528504589908,0.99993751061691,0.9999334577137,0.99996887382826,0.99996878526321,8.2218576116512e-06,6.4016515821607e-23,2.3230157918799e-05,2.3045462609995e-05,0.009996418261878,-1.8687657232169e-06,1.8717344068462e-06,-6.318071813465e-06,-6.5224197218427e-06,-5.6064941165092e-06,0.90003181201508,0.90002815300396,2.5,2.5,-6.3958372258519e-06,-9.999999999999e-05
0.31875,-0.037912063065438,0.57737298283364,0.61528504589908,0.99993747523472,0.99993346391405,0.99996887549711,0.99996878784073,8.1375018752334e-06,6.3359710401851e-23,2.3235360614199e-05,2.3052560267488e-05,0.0099964159498877,-1.8495923020645e-06,1.852530527177e-06,-6.3209007267023e-06,-6.5231520385451e-06,-5.6048904086154e-06,0.90003180859915,0.90002818712914,2.5,2.5,-6.3978682709876e-06,-0.00010000000000002
0.32,-0.037912063065438,0.57737298283364,0.61528504589908,0.99993744021556,0.99993347005078,0.99996887714883,0.9999687903918,8.0540116230712e-06,6.2709643759196e-23,2.3240509930256e-05,2.3059585103497e-05,0.0099964136616182,-1.8306155992148e-06,1.8335236783305e-06,-6.3237006154743e-06,-6.5238768417231e-06,-5.6033031546634e-06,0.90003180521826,0.9000282209042,2.5,2.5,-6.3998784777259e-06,-9.999999999999e-05
0.32125,-0.037912063065438,0.57737298283364,0.61528504589908,0.99993740555568,0.99993347612454,0.99996887878361,0.9999687929167,7.971377975335e-06,6.2066246764408e-23,2.3245606414641e-05,2.3066537865136e-05,0.0099964113968262,-1.8118335963008e-06,1.8147118387122e-06,-6.3264717775716e-06,-6.5245942084638e-06,-5.6017321858395e-06,0.90003180187207,0.90002825433273,2.5,2.5,-6.4018680598669e-06,-0.00010000000000001
0.3225,-0.037912063065438,0.57737298283364,0.61528504589908,0.99993737125142,0.99993348213599,0.99996888040162,0.9999687954157,7.8895921433641e-06,6.1429450981267e-23,2.3250650609449e-05,2.3073419291871e-05,0.0099964091552708,-1.7932442957726e-06,1.7960930076036e-06,-6.3292145077251e-06,-6.5253042150659e-06,-5.6001773350575e-06,0.90003179856021,0.90002828741829,2.5,2.5,-6.4038372290186e-06,-9.9999999999998e-05
0.32375,-0.037912063065438,0.57737298283364,0.61528504589908,0.99993733729911,0.99993348808577,0.99996888200302,0.99996879788905,7.8086454286359e-06,6.0799188684994e-23,2.3255643051068e-05,2.3080230115572e-05,0.0099964069367136,-1.7748457204724e-06,1.7776652046925e-06,-6.3319290976469e-06,-6.5260069370437e-06,-5.5986384369505e-06,0.90003179528232,0.90002832016439,2.5,2.5,-6.4057861946166e-06,-9.9999999999989e-05
0.325,-0.037912063065438,0.57737298283364,0.61528504589908,0.99993730369516,0.9999334939745,0.99996888358799,0.99996880033703,7.7285292218709e-06,6.0175392841062e-23,2.3260584270603e-05,2.3086971060644e-05,0.0099964047409188,-1.756635913507e-06,1.7594264700077e-06,-6.3346158360507e-06,-6.5267024491361e-06,-5.5971153278416e-06,0.90003179203807,0.90002835257452,2.5,2.5,-6.4077151639488e-06,-0.0001
0.32625,-0.037912063065438,0.57737298283364,0.61528504589908,0.99993727043598,0.99993349980281,0.99996888515671,0.99996880275989,7.6492350021532e-06,5.9557997100754e-23,2.326547479349e-05,2.3093642844114e-05,0.0099964025676526,-1.7386129382059e-06,1.7413748637671e-06,-6.3372750086933e-06,-6.5273908253185e-06,-5.5956078457364e-06,0.9000317888271,0.90002838465213,2.5,2.5,-6.4096243421755e-06,-0.00010000000000001
0.3275,-0.037912063065438,0.57737298283364,0.61528504589908,0.99993723751803,0.99993350557132,0.99996888670933,0.9999688051579,7.5707543359432e-06,5.8946935802418e-23,2.3270315139936e-05,2.3100246175474e-05,0.009996400416684,-1.7207748775893e-06,1.7235084659793e-06,-6.3399068983965e-06,-6.5280721388024e-06,-5.594115830305e-06,0.90003178564908,0.90002841640063,2.5,2.5,-6.4115139323522e-06,-0.0001
0.32875,-0.037912063065438,0.57737298283364,0.61528504589908,0.99993720493782,0.99993351128065,0.99996888824601,0.9999688075313,7.4930788762422e-06,5.8342143953618e-23,2.327510582473e-05,2.3106781757048e-05,0.0099963982877842,-1.7031198344942e-06,1.7058253764415e-06,-6.3425117850814e-06,-6.5287464620535e-06,-5.5926391228571e-06,0.90003178250366,0.90002844782339,2.5,2.5,-6.4133841354515e-06,-0.00010000000000001
0.33,-0.037912063065438,0.57737298283364,0.61528504589908,0.99993717269188,0.9999335169314,0.99996888976693,0.99996880988035,7.4162003616936e-06,5.7743557234851e-23,2.3279847357388e-05,2.3113250284033e-05,0.0099963961807268,-1.6856459311466e-06,1.6883237143978e-06,-6.3450899457972e-06,-6.5294138667881e-06,-5.5911775663376e-06,0.90003177939052,0.90002847892376,2.5,2.5,-6.4152351503835e-06,-9.9999999999992e-05
0.33125,-0.037912063065438,0.57737298283364,0.61528504589908,0.99993714077679,0.99993352252417,0.99996889127225,0.99996881220529,7.3401106157161e-06,5.7151111977701e-23,2.3284540242208e-05,2.3119652444229e-05,0.0099963940952876,-1.6683513090317e-06,1.6710016183981e-06,-6.3476416547482e-06,-6.5300744239932e-06,-5.589731005296e-06,0.90003177630932,0.90002850970505,2.5,2.5,-6.4170671740177e-06,-0.00010000000000001
0.3325,-0.037912063065438,0.57737298283364,0.61528504589908,0.99993710918914,0.99993352805956,0.99996889276212,0.99996881450639,7.264801545595e-06,5.656474517101e-23,2.3289184978402e-05,2.3125988918733e-05,0.009996392031245,-1.6512341287526e-06,1.6538572461099e-06,-6.3501671833304e-06,-6.5307282039207e-06,-5.5882992858839e-06,0.90003177325972,0.90002854017052,2.5,2.5,-6.4188804012037e-06,-9.9999999999991e-05
0.33375,-0.037912063065438,0.57737298283364,0.61528504589908,0.99993707792558,0.99993353353816,0.99996889423671,0.99996881678388,7.1902651416705e-06,5.5984394450826e-23,2.3293782059799e-05,2.3132260381385e-05,0.0099963899883793,-1.634292569725e-06,1.6368887740822e-06,-6.3526668001518e-06,-6.5313752761065e-06,-5.5868822558156e-06,0.90003177024142,0.90002857032342,2.5,2.5,-6.4206750247922e-06,-0.00010000000000002
0.335,-0.037912063065438,0.57737298283364,0.61528504589908,0.99993704698277,0.99993353896055,0.99996889569617,0.99996881903799,7.116493476441e-06,5.5409998094564e-23,2.3298331975449e-05,2.3138467499255e-05,0.0099963879664732,-1.6175248301473e-06,1.6200943975935e-06,-6.355140771065e-06,-6.5320157093734e-06,-5.5854797643948e-06,0.90003176725409,0.90002860016695,2.5,2.5,-6.4224512356548e-06,-9.9999999999988e-05
0.33625,-0.037912063065438,0.57737298283364,0.61528504589908,0.99993701635744,0.99993354432731,0.99996889714065,0.99996882126899,7.0434787037147e-06,5.4841495007053e-23,2.33028352093e-05,2.3144610932488e-05,0.0099963859653118,-1.6009291265611e-06,1.6034723304189e-06,-6.3575893591943e-06,-6.5326495718337e-06,-5.5840916624451e-06,0.9000317642974,0.90002862970429,2.5,2.5,-6.4242092227051e-06,-0.0001
0.3375,-0.037912063065438,0.57737298283364,0.61528504589908,0.99993698604633,0.999933549639,0.99996889857032,0.99996882347709,6.9712130578573e-06,5.4278824727104e-23,2.3307292240207e-05,2.3150691334467e-05,0.0099963839846822,-1.584503693947e-06,1.587020804691e-06,-6.3600128249666e-06,-6.5332769309038e-06,-5.5827178023343e-06,0.90003176137105,0.90002865893859,2.5,2.5,-6.4259491729183e-06,-0.00010000000000001
0.33875,-0.037912063065438,0.57737298283364,0.61528504589908,0.9999369560462,0.9999335548962,0.99996889998531,0.99996882566253,6.8996888528904e-06,5.3721927407408e-23,2.3311703542219e-05,2.3156709351865e-05,0.0099963820243737,-1.5682467852739e-06,1.570738070624e-06,-6.3624114261346e-06,-6.5338978533101e-06,-5.5813580379425e-06,0.90003175847473,0.90002868787294,2.5,2.5,-6.4276712713511e-06,-9.9999999999993e-05
0.34,-0.037912063065438,0.57737298283364,0.61528504589908,0.99993692635388,0.99993356009946,0.99996890138579,0.99996882782556,6.8288984816702e-06,5.3170743819308e-23,2.3316069584611e-05,2.3162665624897e-05,0.0099963800841779,-1.5521566715357e-06,1.5546223964531e-06,-6.3647854178081e-06,-6.5345124050908e-06,-5.5800122246501e-06,0.90003175560812,0.90002871651043,2.5,2.5,-6.4293757011621e-06,-9.9999999999999e-05
0.34125,-0.037912063065438,0.57737298283364,0.61528504589908,0.99993689696619,0.99993356524933,0.9999689027719,0.99996882996639,6.7588344151162e-06,5.262521534226e-23,2.3320390831689e-05,2.3168560786824e-05,0.0099963781638883,-1.5362316414083e-06,1.5386720681479e-06,-6.3671350524791e-06,-6.5351206516092e-06,-5.5786802193135e-06,0.90003175277092,0.9000287448541,2.5,2.5,-6.4310626436302e-06,-9.9999999999996e-05
0.3425,-0.037912063065438,0.57737298283364,0.61528504589908,0.99993686788002,0.99993357034637,0.99996890414378,0.99996883208526,6.6894892013844e-06,5.2085283951104e-23,2.332466774301e-05,2.3174395464851e-05,0.0099963762633008,-1.5204700011099e-06,1.5228853892257e-06,-6.3694605800469e-06,-6.5357226575557e-06,-5.5773618802703e-06,0.90003174996283,0.90002877290698,2.5,2.5,-6.4327322781742e-06,-9.9999999999997e-05
0.34375,-0.037912063065438,0.57737298283364,0.61528504589908,0.99993683909228,0.99993357539111,0.99996890550159,0.99996883418238,6.6208554651049e-06,5.1550892222352e-23,2.3328900773466e-05,2.3180170279388e-05,0.0099963743822132,-1.5048700743095e-06,1.507260680691e-06,-6.3717622478513e-06,-6.5363184869591e-06,-5.5760570673051e-06,0.90003174718356,0.90002880067203,2.5,2.5,-6.4343847823727e-06,-0.00010000000000001
0.345,-0.037912063065438,0.57737298283364,0.61528504589908,0.99993681059989,0.99993358038409,0.99996890684547,0.999968836258,6.5529259065946e-06,5.1021983319928e-23,2.3333090373338e-05,2.3185885844706e-05,0.0099963725204255,-1.4894302018164e-06,1.4917962807272e-06,-6.37404030069e-06,-6.5369082031899e-06,-5.5747656416371e-06,0.9000317444328,0.90002882815221,2.5,2.5,-6.4360203319817e-06,-9.9999999999994e-05
0.34625,-0.037912063065438,0.57737298283364,0.61528504589908,0.99993678239983,0.99993358532584,0.99996890817557,0.99996883831231,6.4856933010006e-06,5.0498500989561e-23,2.3337236988181e-05,2.3191542768698e-05,0.0099963706777395,-1.4741487414674e-06,1.4764905445703e-06,-6.3762949808503e-06,-6.5374918689684e-06,-5.5734874659139e-06,0.90003174171026,0.90002885535046,2.5,2.5,-6.4376391009544e-06,-0.00010000000000001
0.3475,-0.037912063065438,0.57737298283364,0.61528504589908,0.99993675448911,0.99993359021689,0.99996890949201,0.99996884034555,6.4191504976403e-06,4.9980389553401e-23,2.3341341058992e-05,2.3197141653037e-05,0.0099963688539595,-1.4590240679902e-06,1.4613418443369e-06,-6.3785265281385e-06,-6.5380695463734e-06,-5.572222404193e-06,0.90003173901565,0.90002888226965,2.5,2.5,-6.4392412614593e-06,-9.9999999999991e-05
0.34875,-0.037912063065438,0.57737298283364,0.61528504589908,0.99993672686474,0.99993359505776,0.99996891079495,0.99996884235793,6.3532904191978e-06,4.9467593910055e-23,2.3345403022337e-05,2.3202683093135e-05,0.0099963670488913,-1.444054572752e-06,1.4463485688478e-06,-6.3807351798908e-06,-6.5386412968442e-06,-5.5709703219308e-06,0.90003173634869,0.90002890891265,2.5,2.5,-6.440826983898e-06,-0.00010000000000001
0.35,-0.037912063065438,0.57737298283364,0.61528504589908,0.99993669952381,0.99993359984896,0.99996891208452,0.99996884434966,6.288106060958e-06,4.8960059516814e-23,2.3349423310112e-05,2.3208167678414e-05,0.0099963652623429,-1.4292386635758e-06,1.4315091234275e-06,-6.3829211710175e-06,-6.5392071811914e-06,-5.5697310859512e-06,0.90003173370909,0.9000289352823,2.5,2.5,-6.4423964369242e-06,-9.9999999999999e-05
0.35125,-0.037912063065438,0.57737298283364,0.61528504589908,0.99993667246338,0.99993360459101,0.99996891336086,0.99996884632095,6.2235904900908e-06,4.8457732394764e-23,2.3353402350105e-05,2.321359599216e-05,0.0099963634941245,-1.4145747647642e-06,1.4168219298367e-06,-6.385084734015e-06,-6.5397672596e-06,-5.568504564455e-06,0.90003173109658,0.9000289613814,2.5,2.5,-6.4439497874609e-06,-9.9999999999998e-05
0.3525,-0.037912063065438,0.57737298283364,0.61528504589908,0.9999366456806,0.9999336092844,0.99996891462411,0.99996884827202,6.159736844873e-06,4.7960559119459e-23,2.3357340565282e-05,2.3218968611809e-05,0.0099963617440478,-1.4000613166386e-06,1.4022854259432e-06,-6.3872260989926e-06,-6.5403215916399e-06,-5.5672906269898e-06,0.90003172851087,0.90002898721273,2.5,2.5,-6.4454872007189e-06,-9.9999999999993e-05
0.35375,-0.037912063065438,0.57737298283364,0.61528504589908,0.9999366191726,0.99993361392964,0.99996891587439,0.99996885020307,6.0965383339778e-06,4.7468486805991e-23,2.3361238374675e-05,2.3224286108692e-05,0.0099963600119269,-1.3856967755767e-06,1.38789806567e-06,-6.3893454937001e-06,-6.5408702362668e-06,-5.5660891444475e-06,0.90003172595169,0.90002901277903,2.5,2.5,-6.4470088402135e-06,-0.00010000000000001
0.355,-0.037912063065438,0.57737298283364,0.61528504589908,0.99993659293658,0.99993361852722,0.99996891711185,0.99996885211431,6.0339882358023e-06,4.6981463128226e-23,2.3365096192801e-05,2.322954904839e-05,0.0099963582975773,-1.3714796138717e-06,1.3736583188582e-06,-6.3914431435543e-06,-6.5414132518353e-06,-5.56489998904e-06,0.90003172341876,0.90002903808302,2.5,2.5,-6.4485148677827e-06,-9.9999999999987e-05
0.35625,-0.037912063065438,0.57737298283364,0.61528504589908,0.99993656696973,0.99993362307763,0.99996891833661,0.99996885400595,5.9720798976565e-06,4.6499436280914e-23,2.3368914429905e-05,2.3234757990668e-05,0.0099963566008169,-1.3574083193654e-06,1.3595646709658e-06,-6.3935192716536e-06,-6.541950696098e-06,-5.5637230342971e-06,0.90003172091183,0.9000290631274,2.5,2.5,-6.4500054436039e-06,-0.00010000000000001
0.3575,-0.037912063065438,0.57737298283364,0.61528504589908,0.99993654126931,0.99993362758135,0.9999689195488,0.99996885587817,5.910806735123e-06,4.6022354997124e-23,2.3372693492198e-05,2.3239913489517e-05,0.0099963549214652,-1.3434813954075e-06,1.3456156229958e-06,-6.3955740988104e-06,-6.5424826262165e-06,-5.5625581550297e-06,0.90003171843061,0.90002908791482,2.5,2.5,-6.4514807262108e-06,-0.0001
0.35875,-0.037912063065438,0.57737298283364,0.61528504589908,0.99993651583257,0.99993363203886,0.99996892074856,0.99996885773118,5.8501622313336e-06,4.5550168540995e-23,2.337643378151e-05,2.3245016093278e-05,0.0099963532593435,-1.3296973609127e-06,1.3318096914366e-06,-6.3976078435706e-06,-6.5430090987645e-06,-5.5614052273584e-06,0.90003171597485,0.90002911244793,2.5,2.5,-6.452940872511e-06,-0.0001
0.36,-0.037912063065438,0.57737298283364,0.61528504589908,0.9999364906568,0.99993363645064,0.99996892193601,0.99996885956518,5.7901399363211e-06,4.5082826684271e-23,2.338013569569e-05,2.3250066344653e-05,0.0099963516142751,-1.3160547496812e-06,1.3181454078553e-06,-6.3996207222365e-06,-6.5435301697374e-06,-5.5602641286412e-06,0.90003171354429,0.90002913672933,2.5,2.5,-6.4543860378023e-06,-9.9999999999998e-05
0.36125,-0.037912063065438,0.57737298283364,0.61528504589908,0.99993646573934,0.99993364081715,0.99996892311127,0.99996886138037,5.7307334662402e-06,4.4620279725861e-23,2.3383799628446e-05,2.3255064780735e-05,0.0099963499860849,-1.3025521108391e-06,1.304621318982e-06,-6.4016129488976e-06,-6.5440458945556e-06,-5.5591347375315e-06,0.90003171113866,0.90002916076161,2.5,2.5,-6.4558163757887e-06,-9.9999999999998e-05
0.3625,-0.037912063065438,0.57737298283364,0.61528504589908,0.99993644107753,0.99993364513887,0.99996892427448,0.99996886317693,5.6719365027753e-06,4.4162478472089e-23,2.338742596954e-05,2.3260011933276e-05,0.0099963483745999,-1.2891880082347e-06,1.2912359864295e-06,-6.4035847354382e-06,-6.5445563280694e-06,-5.5580169339024e-06,0.90003170875772,0.90002918454732,2.5,2.5,-6.4572320385974e-06,-0.00010000000000001
0.36375,-0.037912063065438,0.57737298283364,0.61528504589908,0.99993641666875,0.99993364941624,0.99996892542575,0.99996886495506,5.6137427924277e-06,4.3709374229269e-23,2.339101510454e-05,2.3264908328276e-05,0.0099963467796486,-1.275961020477e-06,1.2779879865445e-06,-6.4055362915739e-06,-6.5450615245671e-06,-5.556910598869e-06,0.90003170640121,0.90002920808899,2.5,2.5,-6.4586331767948e-06,-9.9999999999999e-05
0.365,-0.037912063065438,0.57737298283364,0.61528504589908,0.9999363925104,0.99993365364973,0.99996892656521,0.99996886671494,5.5561461458709e-06,4.3260918808296e-23,2.3394567415298e-05,2.326975448653e-05,0.0099963452010615,-1.2628697408e-06,1.2648759103225e-06,-6.4074678248663e-06,-6.5455615377806e-06,-5.5558156147639e-06,0.90003170406887,0.90002923138912,2.5,2.5,-6.4600199394027e-06,-0.0001
0.36625,-0.037912063065438,0.57737298283364,0.61528504589908,0.99993636859992,0.99993365783978,0.99996892769298,0.99996886845677,5.4991404372386e-06,4.281706451099e-23,2.3398083279557e-05,2.3274550923579e-05,0.0099963436386705,-1.249912776815e-06,1.2518983631828e-06,-6.4093795407508e-06,-6.54605642089e-06,-5.5547318651211e-06,0.90003170176046,0.9000292544502,2.5,2.5,-6.4613924739135e-06,-9.9999999999991e-05
0.3675,-0.037912063065438,0.57737298283364,0.61528504589908,0.99993634493476,0.99993366198684,0.99996892880918,0.99996887018073,5.4427196035779e-06,4.2377764133492e-23,2.3401563071226e-05,2.3279298149431e-05,0.0099963420923095,-1.2370887505263e-06,1.2390539648713e-06,-6.4112716425499e-06,-6.5465462265309e-06,-5.5536592346901e-06,0.90003169947574,0.90002927727468,2.5,2.5,-6.4627509263068e-06,-0.00010000000000001
0.36875,-0.037912063065438,0.57737298283364,0.61528504589908,0.99993632151239,0.99993366609136,0.99996892991392,0.999968871887,5.3868776440811e-06,4.1942970946152e-23,2.3405007160507e-05,2.3283996669094e-05,0.0099963405618142,-1.2243962978824e-06,1.2263413492751e-06,-6.4131443315048e-06,-6.5470310067956e-06,-5.5525976093735e-06,0.90003169721446,0.90002929986497,2.5,2.5,-6.4640954410641e-06,-9.999999999999e-05
0.37,-0.037912063065438,0.57737298283364,0.61528504589908,0.99993629833034,0.99993367015376,0.99996893100733,0.99996887357577,5.3316086195723e-06,4.1512638712265e-23,2.3408415913616e-05,2.3288646982224e-05,0.0099963390470216,-1.2118340690178e-06,1.2137591643134e-06,-6.4149978067901e-06,-6.5475108132452e-06,-5.551546876266e-06,0.90003169497637,0.9000293222235,2.5,2.5,-6.4654261611847e-06,-0.0001
0.37125,-0.037912063065438,0.57737298283364,0.61528504589908,0.99993627538614,0.99993367417448,0.99996893208953,0.9999688752472,5.2769066517443e-06,4.1086721658109e-23,2.3411789693168e-05,2.3293249583388e-05,0.0099963375477707,-1.1994007279062e-06,1.201306071824e-06,-6.4168322655356e-06,-6.5479856969121e-06,-5.5505069236162e-06,0.90003169276125,0.90002934435262,2.5,2.5,-6.4667432282009e-06,-0.00010000000000001
0.3725,-0.037912063065438,0.57737298283364,0.61528504589908,0.99993625267734,0.99993367815395,0.99996893316062,0.99996887690149,5.2227659226508e-06,4.0665174485878e-23,2.3415128857938e-05,2.3297804962181e-05,0.009996336063902,-1.1870949520281e-06,1.1889807472436e-06,-6.4186479028503e-06,-6.5484557083012e-06,-5.549477640815e-06,0.90003169056886,0.90002936625471,2.5,2.5,-6.4680467821924e-06,-9.999999999999e-05
0.37375,-0.037912063065438,0.57737298283364,0.61528504589908,0.99993623020154,0.99993368209259,0.99996893422072,0.99996887853881,5.1691806740136e-06,4.0247952363157e-23,2.3418433763048e-05,2.3302313603072e-05,0.0099963345952577,-1.1749154326617e-06,1.1767818797385e-06,-6.4204449118411e-06,-6.5489208974029e-06,-5.5484589183913e-06,0.90003168839896,0.90002938793208,2.5,2.5,-6.4693369618022e-06,-0.0001
0.375,-0.037912063065438,0.57737298283364,0.61528504589908,0.99993620795633,0.99993368599082,0.99996893526994,0.99996888015932,5.116145206633e-06,3.9835010909049e-23,2.3421704760083e-05,2.3306775985667e-05,0.0099963331416816,-1.1628608743815e-06,1.1647081718429e-06,-6.4222234836336e-06,-6.5493813136945e-06,-5.5474506479919e-06,0.90003168625133,0.90002940938705,2.5,2.5,-6.4706139042505e-06,-0.0001
0.37625,-0.037912063065438,0.57737298283364,0.61528504589908,0.99993618593936,0.99993368984906,0.9999689363084,0.99996888176321,5.0636538797954e-06,3.9426306212716e-23,2.3424942196881e-05,2.3311192584379e-05,0.0099963317030191,-1.1509299951683e-06,1.1527583394543e-06,-6.4239838073908e-06,-6.5498370061445e-06,-5.546452722386e-06,0.90003168412573,0.90002943062188,2.5,2.5,-6.4718777453499e-06,-0.00010000000000001
0.3775,-0.037912063065438,0.57737298283364,0.61528504589908,0.99993616414828,0.99993369366771,0.99996893733621,0.99996888335065,5.0117011106424e-06,3.9021794797723e-23,2.3428146417808e-05,2.3315563869174e-05,0.0099963302791172,-1.1391215259713e-06,1.1409311115688e-06,-6.4257260703386e-06,-6.5502880232178e-06,-5.545465035432e-06,0.90003168202194,0.90002945163886,2.5,2.5,-6.4731286195192e-06,-9.9999999999998e-05
0.37875,-0.037912063065438,0.57737298283364,0.61528504589908,0.99993614258078,0.99993369744718,0.99996893835347,0.9999688849218,4.960281373629e-06,3.8621433646305e-23,2.3431317763563e-05,2.3319890304855e-05,0.0099963288698244,-1.1274342109463e-06,1.1292252303106e-06,-6.4274504577774e-06,-6.5507344128837e-06,-5.5444874820857e-06,0.90003167993973,0.9000294724402,2.5,2.5,-6.4743666597984e-06,-9.999999999999e-05
0.38,-0.037912063065438,0.57737298283364,0.61528504589908,0.99993612123455,0.99993370118787,0.99996893936029,0.99996888647683,4.9093891998605e-06,3.8225180173081e-23,2.3434456571573e-05,2.3324172351508e-05,0.0099963274749909,-1.1158668070675e-06,1.1176394506805e-06,-6.4291571531107e-06,-6.5511762226205e-06,-5.5435199583772e-06,0.90003167787889,0.90002949302812,2.5,2.5,-6.4755919978624e-06,-0.00010000000000001
0.38125,-0.037912063065438,0.57737298283364,0.61528504589908,0.99993610010734,0.99993370489019,0.99996894035678,0.9999688880159,4.8590191765769e-06,3.7832992235293e-23,2.3437563175622e-05,2.3328410464663e-05,0.0099963260944683,-1.1044180839773e-06,1.1061725403884e-06,-6.430846337859e-06,-6.5516134994184e-06,-5.5425623613954e-06,0.90003167583919,0.90002951340481,2.5,2.5,-6.4768047640353e-06,-9.9999999999985e-05
0.3825,-0.037912063065438,0.57737298283364,0.61528504589908,0.99993607919689,0.99993370855452,0.99996894134305,0.99996888953918,4.8091659465316e-06,3.7444828124485e-23,2.3440637906074e-05,2.3332605094989e-05,0.0099963247281098,-1.0930868240893e-06,1.0948232798881e-06,-6.4325181916772e-06,-6.5520462897819e-06,-5.5416145893001e-06,0.90003167382041,0.90002953357243,2.5,2.5,-6.4780050873036e-06,-0.00010000000000002
0.38375,-0.037912063065438,0.57737298283364,0.61528504589908,0.99993605850098,0.99993371218125,0.9999689423192,0.99996889104684,4.7598242074935e-06,3.7060646552526e-23,2.3443681089982e-05,2.3336756688742e-05,0.00999632337577,-1.0818718222482e-06,1.0835904621114e-06,-6.4341728923811e-06,-6.5524746397448e-06,-5.5406765412886e-06,0.90003167182235,0.90002955353314,2.5,2.5,-6.4791930953309e-06,-9.9999999999989e-05
0.385,-0.037912063065438,0.57737298283364,0.61528504589908,0.99993603801742,0.99993371577077,0.99996894328533,0.99996889253902,4.7109887115915e-06,3.6680406657095e-23,2.3446693051021e-05,2.3340865687367e-05,0.0099963220373052,-1.0707718855606e-06,1.0724728922997e-06,-6.4358106159605e-06,-6.5528985948636e-06,-5.5397481175863e-06,0.90003166984479,0.90002957328906,2.5,2.5,-6.4803689144708e-06,-0.0001
0.38625,-0.037912063065438,0.57737298283364,0.61528504589908,0.99993601774401,0.99993371932347,0.99996894424155,0.9999688940159,4.6626542647578e-06,3.630406799891e-23,2.3449674109526e-05,2.3344932527992e-05,0.0099963207125729,-1.0597858335723e-06,1.061469388079e-06,-6.4374315365998e-06,-6.5533182002294e-06,-5.5388292194587e-06,0.90003166788752,0.90002959284228,2.5,2.5,-6.4815326697805e-06,-9.9999999999999e-05
0.3875,-0.037912063065438,0.57737298283364,0.61528504589908,0.9999359976786,0.99993372283971,0.99996894518796,0.99996889547762,4.614815726326e-06,3.5931590551549e-23,2.3452624582543e-05,2.3348957643022e-05,0.0099963194014322,-1.0489124977881e-06,1.0505787791299e-06,-6.4390358266941e-06,-6.5537335004706e-06,-5.5379197491657e-06,0.90003166595033,0.90002961219489,2.5,2.5,-6.4826844850341e-06,-9.9999999999991e-05
0.38875,-0.037912063065438,0.57737298283364,0.61528504589908,0.99993597781907,0.99993372631988,0.99996894612467,0.99996889692434,4.5674680082599e-06,3.5562934701296e-23,2.3455544783955e-05,2.3352941460702e-05,0.0099963181037439,-1.0381507217111e-06,1.0397999071182e-06,-6.4406236568736e-06,-6.5541445397591e-06,-5.5370196099789e-06,0.90003166403302,0.90002963134894,2.5,2.5,-6.4838244827359e-06,-0.00010000000000001
0.39,-0.037912063065438,0.57737298283364,0.61528504589908,0.99993595816329,0.99993372976434,0.99996894705176,0.99996889835623,4.5206060747958e-06,3.5198061237031e-23,2.3458435024247e-05,2.3356884404586e-05,0.0099963168193696,-1.027499360794e-06,1.0291316256603e-06,-6.4421951960173e-06,-6.5545513618087e-06,-5.5361287061638e-06,0.90003166213538,0.90002965030647,2.5,2.5,-6.4849527841332e-06,-0.0001
0.39125,-0.037912063065438,0.57737298283364,0.61528504589908,0.99993593870918,0.99993373317346,0.99996894796933,0.99996889977342,4.474224941807e-06,3.4836931348019e-23,2.3461295610858e-05,2.3360786894133e-05,0.009996315548173,-1.0169572821939e-06,1.0185728001255e-06,-6.4437506112682e-06,-6.5549540098903e-06,-5.5352469429662e-06,0.9000316602572,0.9000296690695,2.5,2.5,-6.4860695092294e-06,-9.9999999999997e-05
0.3925,-0.037912063065438,0.57737298283364,0.61528504589908,0.99993591945466,0.99993373654761,0.9999689488775,0.99996890117607,4.4283196763113e-06,3.4479506630742e-23,2.346412684799e-05,2.3364649344437e-05,0.0099963142900188,-1.0065233646107e-06,1.0081223074338e-06,-6.4452900680565e-06,-6.5553525268281e-06,-5.5343742266028e-06,0.9000316583983,0.90002968764003,2.5,2.5,-6.4871747767965e-06,-9.9999999999995e-05
0.39375,-0.037912063065438,0.57737298283364,0.61528504589908,0.9999359003977,0.99993373988713,0.99996894977634,0.99996890256433,4.3828853959385e-06,3.4125749068586e-23,2.3466929036892e-05,2.3368472166131e-05,0.0099963130447732,-9.9619649842125e-07,9.9777903618103e-07,-6.4468137301156e-06,-6.5557469550068e-06,-5.5335104642579e-06,0.90003165655847,0.90002970602002,2.5,2.5,-6.4882687043881e-06,-0.00010000000000001
0.395,-0.037912063065438,0.57737298283364,0.61528504589908,0.99993588153626,0.9999337431924,0.99996895066597,0.99996890393835,4.3379172684092e-06,3.3775621038185e-23,2.3469702475427e-05,2.3372255766055e-05,0.0099963118123037,-9.8597558517267e-07,9.8754188621226e-07,-6.4483217594984e-06,-6.5561373363777e-06,-5.5326555640539e-06,0.90003165473752,0.90002972421143,2.5,2.5,-6.4893514083515e-06,-9.9999999999992e-05
0.39625,-0.037912063065438,0.57737298283364,0.61528504589908,0.99993586286834,0.99993374646375,0.99996895154647,0.99996890529827,4.2934105110613e-06,3.3429085297231e-23,2.3472447458744e-05,2.3376000546367e-05,0.0099963105924793,-9.7585953788758e-07,9.774097687674e-07,-6.4498143165937e-06,-6.5565237124603e-06,-5.5318094350752e-06,0.90003165293525,0.90002974221621,2.5,2.5,-6.4904230038408e-06,-0.0001
0.3975,-0.037912063065438,0.57737298283364,0.61528504589908,0.99993584439195,0.99993374970153,0.99996895241793,0.99996890664423,4.2493603901796e-06,3.3086104992024e-23,2.3475164278659e-05,2.3379706905535e-05,0.0099963093851702,-9.6584728060797e-07,9.673816062129e-07,-6.4512915601484e-06,-6.5569061243486e-06,-5.5309719873274e-06,0.90003165115147,0.90002976003625,2.5,2.5,-6.4914836048278e-06,-9.9999999999997e-05
0.39875,-0.037912063065438,0.57737298283364,0.61528504589908,0.99993582610512,0.9999337529061,0.99996895328045,0.99996890797639,4.2057622207817e-06,3.2746643644267e-23,2.347785322414e-05,2.3383375237677e-05,0.009996308190248,-9.559377484246e-07,9.5745633195601e-07,-6.4527536472775e-06,-6.5572846127146e-06,-5.5301431317397e-06,0.90003164938599,0.90002977767347,2.5,2.5,-6.4925333241156e-06,-9.9999999999999e-05
0.4,-0.037912063065438,0.57737298283364,0.61528504589908,0.99993580800592,0.99993375607779,0.99996895413412,0.99996890929488,4.162611365855e-06,3.2410665145043e-23,2.3480514581249e-05,2.3387005932935e-05,0.0099963070075857,-9.4612988747001e-07,9.4763289042106e-07,-6.4542007334847e-06,-6.557659217814e-06,-5.5293227801576e-06,0.90003164763863,0.90002979512973,2.5,2.5,-6.4935722733498e-06,-9.9999999999996e-05
0.40125,-0.037912063065438,0.57737298283364,0.61528504589908,0.99993579009241,0.99993375921694,0.99996895497904,0.99996891059984,4.1199032359709e-06,3.2078133767712e-23,2.3483148633022e-05,2.3390599377497e-05,0.0099963058370573,-9.3642265452554e-07,9.3791023676106e-07,-6.4556329726787e-06,-6.5580299794891e-06,-5.5285108453334e-06,0.90003164590919,0.90002981240688,2.5,2.5,-6.4946005630304e-06,-0.00010000000000001
0.4025,-0.037912063065438,0.57737298283364,0.61528504589908,0.9999357723627,0.99993376232388,0.99996895581528,0.99996891189141,4.0776332887962e-06,3.1749014138623e-23,2.3485755659565e-05,2.3394155953573e-05,0.0099963046785386,-9.2681501714854e-07,9.2828733689941e-07,-6.4570505171891e-06,-6.5583969371729e-06,-5.5277072409037e-06,0.9000316441975,0.90002982950678,2.5,2.5,-6.4956183025237e-06,-9.999999999999e-05
0.40375,-0.037912063065438,0.57737298283364,0.61528504589908,0.99993575481489,0.99993376539894,0.99996895664295,0.99996891316973,4.0357970286059e-06,3.1423271256237e-23,2.3488335938143e-05,2.3397676039399e-05,0.0099963035319061,-9.1730595357597e-07,9.1876316740688e-07,-6.4584535177823e-06,-6.5587601298943e-06,-5.5269118814078e-06,0.90003164250337,0.90002984643123,2.5,2.5,-6.4966256000742e-06,-0.0001
0.405,-0.037912063065438,0.57737298283364,0.61528504589908,0.99993573744712,0.99993376844245,0.99996895746212,0.99996891443494,3.9943900058339e-06,3.1100870476112e-23,2.349088974329e-05,2.340116000934e-05,0.0099963023970381,-9.0789445238466e-07,9.093367152809e-07,-6.4598421236781e-06,-6.5591195962809e-06,-5.5261246822545e-06,0.90003164082662,0.90002986318204,2.5,2.5,-6.4976225628152e-06,-9.9999999999995e-05
0.40625,-0.037912063065438,0.57737298283364,0.61528504589908,0.99993572025755,0.99993377145474,0.99996895827289,0.99996891568717,3.9534078164692e-06,3.0781777507867e-23,2.349341734651e-05,2.340460823397e-05,0.0099963012738137,-8.9857951255608e-07,9.0000697794695e-07,-6.4612164825656e-06,-6.5594753745648e-06,-5.5253455597086e-06,0.90003163916707,0.90002987976099,2.5,2.5,-6.4986092967815e-06,-0.0001
0.4075,-0.037912063065438,0.57737298283364,0.61528504589908,0.99993570324433,0.99993377443612,0.99996895907534,0.99996891692654,3.9128461017825e-06,3.0465958413068e-23,2.3495919016697e-05,2.3408021080068e-05,0.0099963001621135,-8.8936014347485e-07,8.9077296315715e-07,-6.462576740617e-06,-6.5598275025859e-06,-5.5245744309129e-06,0.90003163752455,0.90002989616984,2.5,2.5,-6.4995859069195e-06,-9.9999999999997e-05
0.40875,-0.037912063065438,0.57737298283364,0.61528504589908,0.99993568640567,0.99993377738691,0.99996895986956,0.9999689181532,3.8727005477629e-06,3.0153379605866e-23,2.3498395019928e-05,2.3411398910608e-05,0.0099962990618193,-8.8023536452657e-07,8.8163368876347e-07,-6.463923042507e-06,-6.5601760177958e-06,-5.5238112138504e-06,0.90003163589889,0.90002991241034,2.5,2.5,-6.5005524970992e-06,-9.9999999999998e-05
0.41,-0.037912063065438,0.57737298283364,0.61528504589908,0.99993566973978,0.99993378030743,0.99996896065563,0.99996891936728,3.8329668845552e-06,2.9844007832768e-23,2.350084561948e-05,2.3414742084735e-05,0.009996297972814,-8.7120420525379e-07,8.7258818276208e-07,-6.4652555314247e-06,-6.5605209572625e-06,-5.5230558273502e-06,0.9000316342899,0.90002992848421,2.5,2.5,-6.5015091701246e-06,-0.00010000000000001
0.41125,-0.037912063065438,0.57737298283364,0.61528504589908,0.99993565324487,0.99993378319798,0.99996896143363,0.9999689205689,3.7936408862192e-06,2.953781019229e-23,2.3503271076082e-05,2.3418050958165e-05,0.0099962968949819,-8.6226570504692e-07,8.6363548305606e-07,-6.4665743490899e-06,-6.5608623576706e-06,-5.5223081910608e-06,0.90003163269742,0.90002994439316,2.5,2.5,-6.502456027745e-06,-9.9999999999995e-05
0.4125,-0.037912063065438,0.57737298283364,0.61528504589908,0.99993563691921,0.99993378605888,0.99996896220365,0.99996892175819,3.754718370164e-06,2.9234754125876e-23,2.3505671647593e-05,2.3421325882704e-05,0.0099962958282083,-8.5341891334499e-07,8.5477463751193e-07,-6.4678796357687e-06,-6.5612002553326e-06,-5.5215682254734e-06,0.90003163112128,0.9000299601389,2.5,2.5,-6.5033931706662e-06,-0.00010000000000001
0.41375,-0.037912063065438,0.57737298283364,0.61528504589908,0.99993562076104,0.99993378889042,0.99996896296577,0.99996892293528,3.7161951966655e-06,2.8934807393839e-23,2.350804758947e-05,2.3424567206814e-05,0.0099962947723796,-8.446628891722e-07,8.4600470366805e-07,-6.4691715302893e-06,-6.5615346861866e-06,-5.5208358518963e-06,0.90003162956131,0.90002997572308,2.5,2.5,-6.50432069856e-06,-9.9999999999988e-05
0.415,-0.037912063065438,0.57737298283364,0.61528504589908,0.99993560476866,0.99993379169291,0.99996896372007,0.99996892410029,3.6780672684866e-06,2.8637938095472e-23,2.3510399154234e-05,2.3427775275088e-05,0.0099962937273838,-8.3599670117716e-07,8.3732474879076e-07,-6.4704501700537e-06,-6.5618656857992e-06,-5.5201109924094e-06,0.90003162801734,0.90002999114736,2.5,2.5,-6.5052387100762e-06,-0.0001
0.41625,-0.037912063065438,0.57737298283364,0.61528504589908,0.99993558894035,0.99993379446665,0.99996896446664,0.99996892525335,3.6403305304485e-06,2.834411465934e-23,2.3512726592192e-05,2.343095042875e-05,0.0099962926931095,-8.274194278283e-07,8.2873384970886e-07,-6.4717156910547e-06,-6.5621932893792e-06,-5.5193935699506e-06,0.90003162648922,0.9000300064134,2.5,2.5,-6.5061473028522e-06,-0.00010000000000001
0.4175,-0.037912063065438,0.57737298283364,0.61528504589908,0.99993557327444,0.99993379721193,0.99996896520554,0.99996892639458,3.6029809689725e-06,2.8053305832194e-23,2.3515030150694e-05,2.3434093005576e-05,0.0099962916694468,-8.1893015667701e-07,8.202310926983e-07,-6.4729682278896e-06,-6.5625175317657e-06,-5.5186835081934e-06,0.90003162497678,0.90003002152281,2.5,2.5,-6.5070465735236e-06,-9.9999999999996e-05
0.41875,-0.037912063065438,0.57737298283364,0.61528504589908,0.99993555776927,0.99993379992904,0.99996896593686,0.9999689275241,3.5660146116145e-06,2.7765480683334e-23,2.3517310074935e-05,2.343720333976e-05,0.0099962906562868,-8.1052798497345e-07,8.1181557346734e-07,-6.4742079137763e-06,-6.5628384474458e-06,-5.5179807316267e-06,0.90003162347985,0.9000300364772,2.5,2.5,-6.5079366177347e-06,-9.9999999999995e-05
0.42,-0.037912063065438,0.57737298283364,0.61528504589908,0.99993554242317,0.99993380261828,0.99996896666068,0.99996892864203,3.5294275267647e-06,2.7480608601761e-23,2.3519566607204e-05,2.3440281762112e-05,0.0099962896535218,-8.0221201899581e-07,8.0348639690969e-07,-6.4754348805634e-06,-6.5631560705521e-06,-5.517285165501e-06,0.90003162199828,0.90003005127815,2.5,2.5,-6.5088175301484e-06,-0.0001
0.42125,-0.037912063065438,0.57737298283364,0.61528504589908,0.99993552723453,0.99993380527992,0.99996896737707,0.99996892974849,3.4932158231032e-06,2.7198659293553e-23,2.352179998763e-05,2.3443328600072e-05,0.0099962886610451,-7.9398137429414e-07,7.9524267718068e-07,-6.4766492587482e-06,-6.5634704348645e-06,-5.5165967358416e-06,0.90003162053191,0.90003006592725,2.5,2.5,-6.5096894044562e-06,-0.00010000000000001
0.4225,-0.037912063065438,0.57737298283364,0.61528504589908,0.99993551220172,0.99993380791426,0.99996896808611,0.9999689308436,3.4573756492079e-06,2.6919602767384e-23,2.3524010453724e-05,2.3446344177618e-05,0.0099962876787511,-7.8583517551463e-07,7.8708353750583e-07,-6.4778511774915e-06,-6.5637815738191e-06,-5.5159153694272e-06,0.90003161908059,0.90003008042605,2.5,2.5,-6.5105523333887e-06,-9.9999999999989e-05
0.42375,-0.037912063065438,0.57737298283364,0.61528504589908,0.99993549732315,0.99993381052157,0.99996896878788,0.99996893192747,3.421903193259e-06,2.6643409341889e-23,2.3526198240549e-05,2.3449328815543e-05,0.0099962867065354,-7.7777255620612e-07,7.7900811007196e-07,-6.4790407646233e-06,-6.5640895205081e-06,-5.5152409937914e-06,0.90003161764416,0.9000300947761,2.5,2.5,-6.5114064087249e-06,-0.00010000000000001
0.425,-0.037912063065438,0.57737298283364,0.61528504589908,0.99993548259723,0.99993381310213,0.99996896948245,0.99996893300022,3.3867946824592e-06,2.637004964158e-23,2.3528363580829e-05,2.3452282831242e-05,0.0099962857442946,-7.6979265883976e-07,7.7101553602586e-07,-6.4802181466652e-06,-6.564394307683e-06,-5.5145735372005e-06,0.90003161622246,0.90003010897892,2.5,2.5,-6.5122517213019e-06,-9.9999999999997e-05
0.42625,-0.037912063065438,0.57737298283364,0.61528504589908,0.9999354680224,0.99993381565621,0.99996897016989,0.99996893406197,3.3520463827672e-06,2.6099494597529e-23,2.3530506704872e-05,2.3455206538991e-05,0.0099962847919263,-7.6189463477838e-07,7.6310496529871e-07,-6.4813834488421e-06,-6.5646959677613e-06,-5.5139129286783e-06,0.90003161481535,0.90003012303601,2.5,2.5,-6.5130883610252e-06,-0.0001
0.4275,-0.037912063065438,0.57737298283364,0.61528504589908,0.9999354535971,0.99993381818408,0.99996897085028,0.99996893511282,3.3176545984448e-06,2.5831715431833e-23,2.3532627840601e-05,2.3458100249629e-05,0.0099962838493292,-7.5407764387341e-07,7.5527555649211e-07,-6.4825367950932e-06,-6.5649945328256e-06,-5.5132590979557e-06,0.90003161342268,0.90003013694888,2.5,2.5,-6.5139164168779e-06,-9.9999999999996e-05
0.42875,-0.037912063065438,0.57737298283364,0.61528504589908,0.9999354393198,0.99993382068602,0.99996897152368,0.9999689361529,3.283615671653e-06,2.5566683658944e-23,2.3534727213591e-05,2.3460964271063e-05,0.0099962829164032,-7.4634085483929e-07,7.4752647694815e-07,-6.4836783080842e-06,-6.5652900346314e-06,-5.512611975494e-06,0.9000316120443,0.90003015071901,2.5,2.5,-6.5147359769297e-06,-0.0001
0.43,-0.037912063065438,0.57737298283364,0.61528504589908,0.999935425189,0.9999338231623,0.99996897219018,0.9999689371823,3.2499259820929e-06,2.5304371101625e-23,2.3536805047152e-05,2.3463798907696e-05,0.0099962819930488,-7.3868344479563e-07,7.3985690248792e-07,-6.4848081092231e-06,-6.5655825046073e-06,-5.5119714924703e-06,0.90003161068006,0.90003016434786,2.5,2.5,-6.5155471283471e-06,-0.0001
0.43125,-0.037912063065438,0.57737298283364,0.61528504589908,0.99993541120317,0.99993382561316,0.99996897284984,0.99996893820113,3.2165819466295e-06,2.5044749846746e-23,2.3538861562242e-05,2.3466604461224e-05,0.0099962810791681,-7.3110459923396e-07,7.322660173394e-07,-6.4859263186745e-06,-6.5658719738594e-06,-5.5113375807605e-06,0.90003160932981,0.90003017783687,2.5,2.5,-6.5163499574021e-06,-0.0001
0.4325,-0.037912063065438,0.57737298283364,0.61528504589908,0.99993539736083,0.99993382803888,0.99996897350273,0.99996893920952,3.1835800188584e-06,2.4787792295761e-23,2.3540896977638e-05,2.346938122992e-05,0.0099962801746637,-7.2360351221988e-07,7.2475301423214e-07,-6.4870330553677e-06,-6.5661584731755e-06,-5.5107101729447e-06,0.90003160799342,0.90003019118749,2.5,2.5,-6.5171445494817e-06,-9.9999999999999e-05
0.43375,-0.037912063065438,0.57737298283364,0.61528504589908,0.99993538366052,0.99993383043971,0.99996897414893,0.99996894020756,3.1509166887877e-06,2.4533471111218e-23,2.3542911509815e-05,2.3472129509164e-05,0.0099962792794395,-7.1617938583862e-07,7.173170940376e-07,-6.4881284370119e-06,-6.5664420330269e-06,-5.5100892022969e-06,0.90003160667075,0.90003020440113,2.5,2.5,-6.5179309890968e-06,-9.9999999999996e-05
0.435,-0.037912063065438,0.57737298283364,0.61528504589908,0.99993537010077,0.99993383281591,0.99996897478849,0.99996894119536,3.1185884824271e-06,2.4281759245237e-23,2.3544905372999e-05,2.3474849591222e-05,0.0099962783934002,-7.0883143052504e-07,7.0995746592226e-07,-6.4892125801096e-06,-6.5667226835721e-06,-5.5094746027618e-06,0.90003160536164,0.90003021747921,2.5,2.5,-6.518709359891e-06,-0.0001
0.43625,-0.037912063065438,0.57737298283364,0.61528504589908,0.99993535668014,0.99993383516773,0.99996897542149,0.99996894217302,3.0865919614187e-06,2.4032629930926e-23,2.3546878779314e-05,2.3477541765423e-05,0.0099962775164516,-7.0155886479895e-07,7.0267334713185e-07,-6.4902855999668e-06,-6.5670004546601e-06,-5.5088663089844e-06,0.90003160406596,0.9000302304231,2.5,2.5,-6.5194797446499e-06,-0.0001
0.4375,-0.037912063065438,0.57737298283364,0.61528504589908,0.99993534339721,0.99993383749542,0.999968976048,0.99996894314066,3.054923722702e-06,2.3786056660311e-23,2.3548831938583e-05,2.3480206318052e-05,0.0099962766485005,-6.9436091511096e-07,6.9546396292601e-07,-6.4913476107086e-06,-6.5672753758352e-06,-5.5082642562617e-06,0.90003160278358,0.90003024323419,2.5,2.5,-6.5202422253099e-06,-9.9999999999993e-05
0.43875,-0.037912063065438,0.57737298283364,0.61528504589908,0.99993533025056,0.99993383979922,0.99996897666808,0.99996894409836,3.0235803980983e-06,2.3542013221835e-23,2.3550765058524e-05,2.3482843532553e-05,0.0099962757894545,-6.8723681594039e-07,6.8832854656058e-07,-6.492398725288e-06,-6.567547476335e-06,-5.5076683805614e-06,0.90003160151435,0.90003025591384,2.5,2.5,-6.5209968829664e-06,-9.9999999999999e-05
0.44,-0.037912063065438,0.57737298283364,0.61528504589908,0.9999353172388,0.9999338420794,0.99996897728179,0.99996894504624,2.9925586540434e-06,2.3300473653003e-23,2.3552678344834e-05,2.3485453689404e-05,0.0099962749392222,-6.8018580958531e-07,6.8126633911957e-07,-6.493439055498e-06,-6.5678167851021e-06,-5.5070786185061e-06,0.90003160025815,0.90003026846339,2.5,2.5,-6.521743797883e-06,-0.0001
0.44125,-0.037912063065438,0.57737298283364,0.61528504589908,0.99993530436053,0.99993384433617,0.99996897788921,0.9999689459844,2.9618551911276e-06,2.3061412265565e-23,2.3554572000905e-05,2.3488037066271e-05,0.0099962740977133,-6.7320714611814e-07,6.742765894688e-07,-6.4944687119841e-06,-6.5680833307773e-06,-5.5064949073794e-06,0.90003159901483,0.90003028088419,2.5,2.5,-6.5224830494997e-06,-0.0001
0.4425,-0.037912063065438,0.57737298283364,0.61528504589908,0.99993529161439,0.99993384656979,0.9999689784904,0.99996894691293,2.9314667437897e-06,2.2824803629489e-23,2.3556446228213e-05,2.3490593937707e-05,0.0099962732648382,-6.6630008325632e-07,6.6735855421026e-07,-6.4954878042611e-06,-6.5683471417108e-06,-5.5059171850847e-06,0.90003159778427,0.90003029317756,2.5,2.5,-6.5232147164415e-06,-9.9999999999995e-05
0.44375,-0.037912063065438,0.57737298283364,0.61528504589908,0.99993527899903,0.9999338487805,0.99996897908542,0.99996894783193,2.9013900800061e-06,2.2590622584791e-23,2.3558301226076e-05,2.3493124575924e-05,0.0099962724405083,-6.5946388647006e-07,6.6051149757395e-07,-6.4964964407148e-06,-6.5686082459611e-06,-5.505345390186e-06,0.90003159656634,0.90003030534479,2.5,2.5,-6.5239388765266e-06,-0.0001
0.445,-0.037912063065438,0.57737298283364,0.61528504589908,0.9999352665131,0.99993385096852,0.99996897967434,0.9999689487415,2.871622000901e-06,2.2358844222164e-23,2.3560137191735e-05,2.3495629249927e-05,0.009996271624636,-6.5269782863869e-07,6.5373469129718e-07,-6.497494728623e-06,-6.5688666712987e-06,-5.5047794618699e-06,0.9000315953609,0.90003031738719,2.5,2.5,-6.5246556067749e-06,-0.00010000000000001
0.44625,-0.037912063065438,0.57737298283364,0.61528504589908,0.99993525415528,0.9999338531341,0.99996898025721,0.99996894964175,2.8421593404077e-06,2.2129443891156e-23,2.3561954320512e-05,2.3498108226128e-05,0.0099962708171345,-6.4600119005946e-07,6.4702741459504e-07,-6.4984827741597e-06,-6.5691224452075e-06,-5.5042193399395e-06,0.90003159416783,0.90003032930604,2.5,2.5,-6.5253649834161e-06,-9.9999999999998e-05
0.4475,-0.037912063065438,0.57737298283364,0.61528504589908,0.99993524192425,0.99993385527745,0.9999689808341,0.99996895053275,2.8129989649476e-06,2.1902397195205e-23,2.3563752805705e-05,2.3500561768122e-05,0.0099962700179179,-6.393732586468e-07,6.4038895417179e-07,-6.4994606824117e-06,-6.5693755948931e-06,-5.5036649648281e-06,0.900031592987,0.9000303411026,2.5,2.5,-6.5260670818978e-06,-9.9999999999992e-05
0.44875,-0.037912063065438,0.57737298283364,0.61528504589908,0.9999352298187,0.99993385739882,0.99996898140508,0.99996895141461,2.7841377731035e-06,2.1677679978017e-23,2.3565532838479e-05,2.3502990137073e-05,0.0099962692269013,-6.328133293597e-07,6.3381860391802e-07,-6.5004285573873e-06,-6.5696261472784e-06,-5.5031162775657e-06,0.90003159181829,0.90003035277812,2.5,2.5,-6.5267619768933e-06,-9.9999999999999e-05
0.45,-0.037912063065438,0.57737298283364,0.61528504589908,0.99993521783736,0.99993385949842,0.99996898197019,0.99996895228743,2.7555726952694e-06,2.1455268351468e-23,2.3567294608283e-05,2.3505393591033e-05,0.0099962684440004,-6.2632070453032e-07,6.2731566504304e-07,-6.5013865020253e-06,-6.5698741290122e-06,-5.5025732198003e-06,0.90003159066156,0.90003036433386,2.5,2.5,-6.52744974231e-06,-0.00010000000000002
0.45125,-0.037912063065438,0.57737298283364,0.61528504589908,0.99993520597895,0.99993386157647,0.99996898252951,0.99996895315129,2.7273006933133e-06,2.1235138652213e-23,2.3569038302457e-05,2.3507772385707e-05,0.009996267669132,-6.1989469364902e-07,6.2087944591651e-07,-6.5023346182127e-06,-6.5701195664694e-06,-5.5020357337769e-06,0.90003158951671,0.90003037577104,2.5,2.5,-6.528130451297e-06,-9.9999999999991e-05
0.4525,-0.037912063065438,0.57737298283364,0.61528504589908,0.9999351942422,0.99993386363321,0.99996898308309,0.99996895400629,2.6993187603266e-06,2.1017267469677e-23,2.357076410637e-05,2.3510126774066e-05,0.0099962669022138,-6.1353461320646e-07,6.1450926197736e-07,-6.5032730067883e-06,-6.5703624857535e-06,-5.5015037623266e-06,0.9000315883836,0.90003038709087,2.5,2.5,-6.5288041762527e-06,-9.9999999999987e-05
0.45375,-0.037912063065438,0.57737298283364,0.61528504589908,0.99993518262587,0.99993386566885,0.99996898363099,0.99996895485251,2.6716239202065e-06,2.0801631633271e-23,2.357247220371e-05,2.3512457006615e-05,0.009996266143164,-6.0723978678823e-07,6.0820443573287e-07,-6.504201767556e-06,-6.5706029127003e-06,-5.5009772488646e-06,0.90003158726212,0.90003039829456,2.5,2.5,-6.529470988833e-06,-0.00010000000000002
0.455,-0.037912063065438,0.57737298283364,0.61528504589908,0.99993517112873,0.9999338676836,0.99996898417326,0.99996895569006,2.6442132274033e-06,2.0588208205657e-23,2.3574162776061e-05,2.3514763331086e-05,0.0099962653919021,-6.0100954489754e-07,6.0196429660788e-07,-6.5051209992966e-06,-6.5708408728821e-06,-5.5004561374011e-06,0.90003158615214,0.9000304093833,2.5,2.5,-6.5301309599581e-06,-9.9999999999992e-05
0.45625,-0.037912063065438,0.57737298283364,0.61528504589908,0.99993515974954,0.99993386967768,0.99996898470998,0.99996895651901,2.6170837665709e-06,2.0376974488819e-23,2.3575836003217e-05,2.3517045992826e-05,0.0099962646483481,-5.9484322490601e-07,5.9578818091956e-07,-6.5060307997775e-06,-6.5710763916091e-06,-5.4999403725068e-06,0.90003158505355,0.90003042035828,2.5,2.5,-6.5307841598213e-06,-0.00010000000000001
0.4575,-0.037912063065438,0.57737298283364,0.61528504589908,0.9999351484871,0.9999338716513,0.99996898524119,0.99996895733945,2.5902326522926e-06,2.0167908017304e-23,2.3577492063213e-05,2.3519305234564e-05,0.0099962639124229,-5.8874017096321e-07,5.8967543178507e-07,-6.5069312657626e-06,-6.5713094939278e-06,-5.4994298993289e-06,0.90003158396623,0.90003043122065,2.5,2.5,-6.531430657895e-06,-9.9999999999992e-05
0.45875,-0.037912063065438,0.57737298283364,0.61528504589908,0.99993513734022,0.99993387360467,0.99996898576694,0.99996895815148,2.5636570287526e-06,1.9960986552993e-23,2.3579131132057e-05,2.3521541296681e-05,0.0099962631840482,-5.8269973398665e-07,5.836253990635e-07,-6.5078224930254e-06,-6.5715402046313e-06,-5.4989246635812e-06,0.90003158289007,0.90003044197157,2.5,2.5,-6.5320705229392e-06,-0.0001
0.46,-0.037912063065438,0.57737298283364,0.61528504589908,0.9999351263077,0.999933875538,0.99996898628731,0.99996895895518,2.5373540694171e-06,1.975618808762e-23,2.3580753384261e-05,2.3523754416932e-05,0.0099962624631466,-5.7672127142184e-07,5.7763743929768e-07,-6.5087045763502e-06,-6.5717685482565e-06,-5.4984246115034e-06,0.90003158182495,0.90003045261219,2.5,2.5,-6.5327038230085e-06,-9.9999999999992e-05
0.46125,-0.037912063065438,0.57737298283364,0.61528504589908,0.99993511538838,0.99993387745149,0.99996898680233,0.99996895975063,2.5113209768168e-06,1.9553490848401e-23,2.3582358992219e-05,2.3525944830714e-05,0.0099962617496414,-5.7080414762758e-07,5.7171091563424e-07,-6.5095776095569e-06,-6.5719945490921e-06,-5.497929689939e-06,0.90003158077076,0.90003046314364,2.5,2.5,-6.5333306254592e-06,-0.0001
0.4625,-0.037912063065438,0.57737298283364,0.61528504589908,0.99993510458108,0.99993387934535,0.99996898731207,0.99996896053791,2.4855549821033e-06,1.9352873265685e-23,2.3583948126733e-05,2.3528112770907e-05,0.0099962610434567,-5.6494773308894e-07,5.6584519771739e-07,-6.5104416854978e-06,-6.5722182311729e-06,-5.49743984624e-06,0.90003157972738,0.90003047356704,2.5,2.5,-6.5339509969562e-06,-9.9999999999994e-05
0.46375,-0.037912063065438,0.57737298283364,0.61528504589908,0.99993509388467,0.99993388121978,0.99996898781658,0.99996896131713,2.4600533448408e-06,1.9154314006978e-23,2.3585520956805e-05,2.3530258468249e-05,0.0099962603445175,-5.5915140500732e-07,5.6003966171077e-07,-6.5112968960752e-06,-6.5724396182893e-06,-5.4969550283026e-06,0.90003157869471,0.90003048388349,2.5,2.5,-6.5345650034809e-06,-0.00010000000000001
0.465,-0.037912063065438,0.57737298283364,0.61528504589908,0.999935083298,0.99993388307498,0.99996898831591,0.99996896208834,2.4348133527825e-06,1.8957791953923e-23,2.3587077649768e-05,2.3532382150831e-05,0.0099962596527493,-5.5341454686863e-07,5.5429369011243e-07,-6.5121433322444e-06,-6.5726587339879e-06,-5.4964751845683e-06,0.90003157767264,0.9000304940941,2.5,2.5,-6.5351727103372e-06,-0.00010000000000001
0.46625,-0.037912063065438,0.57737298283364,0.61528504589908,0.99993507281996,0.99993388491114,0.99996898881013,0.99996896285165,2.4098323214464e-06,1.8763286205297e-23,2.358861837118e-05,2.3534484044607e-05,0.0099962589680786,-5.4773654854627e-07,5.4860667182961e-07,-6.512981084032e-06,-6.5728756015741e-06,-5.496000264002e-06,0.90003157666105,0.90003050419995,2.5,2.5,-6.5357741821596e-06,-9.999999999999e-05
0.4675,-0.037912063065438,0.57737298283364,0.61528504589908,0.99993506244941,0.99993388672847,0.99996898929927,0.99996896360712,2.3851075939184e-06,1.8570776071698e-23,2.3590143284848e-05,2.3536564373047e-05,0.0099962582904326,-5.4211680613206e-07,5.4297800202025e-07,-6.5138102405409e-06,-6.5730902441114e-06,-5.4955302160861e-06,0.90003157565984,0.90003051420211,2.5,2.5,-6.5363694829191e-06,-9.9999999999988e-05
0.46875,-0.037912063065438,0.57737298283364,0.61528504589908,0.99993505218527,0.99993388852715,0.99996898978339,0.99996896435484,2.3606365405355e-06,1.8380241083299e-23,2.3591652553006e-05,2.3538623357513e-05,0.0099962576197392,-5.3655472190921e-07,5.3740708198022e-07,-6.5146308899544e-06,-6.57330268443e-06,-5.4950649908321e-06,0.9000315746689,0.90003052410165,2.5,2.5,-6.5369586759304e-06,-0.00010000000000002
0.47,-0.037912063065438,0.57737298283364,0.61528504589908,0.99993504202643,0.99993389030737,0.99996899026254,0.99996896509489,2.3364165586159e-06,1.8191660968005e-23,2.3593146336189e-05,2.3540661216831e-05,0.0099962569559271,-5.310497043286e-07,5.3189331922547e-07,-6.5154431195576e-06,-6.5735129451247e-06,-5.494604538766e-06,0.90003157368813,0.90003053389963,2.5,2.5,-6.5375418238584e-06,-9.9999999999993e-05
0.47125,-0.037912063065438,0.57737298283364,0.61528504589908,0.99993503197183,0.99993389206933,0.99996899073678,0.99996896582735,2.3124450721675e-06,1.8005015677441e-23,2.3594624793248e-05,2.3542678167916e-05,0.0099962562989256,-5.2560116786237e-07,5.2643612734081e-07,-6.5162470157363e-06,-6.5737210485579e-06,-5.4941488109026e-06,0.90003157271742,0.90003054359707,2.5,2.5,-6.5381189887257e-06,-0.00010000000000001
0.4725,-0.037912063065438,0.57737298283364,0.61528504589908,0.99993502202039,0.99993389381321,0.99996899120615,0.99996896655229,2.2887195316823e-06,1.7820285352032e-23,2.359608808142e-05,2.3544674425187e-05,0.009996255648665,-5.2020853308014e-07,5.2103492591102e-07,-6.5170426639918e-06,-6.5739270168635e-06,-5.4936977587832e-06,0.90003157175667,0.90003055319502,2.5,2.5,-6.5386902319178e-06,-9.9999999999989e-05
0.47375,-0.037912063065438,0.57737298283364,0.61528504589908,0.99993501217104,0.9999338955392,0.99996899167071,0.99996896726979,2.2652374137288e-06,1.7637450350136e-23,2.3597536356349e-05,2.3546650201008e-05,0.0099962550050759,-5.1487122634208e-07,5.1568914044716e-07,-6.5178301489445e-06,-6.5741308719467e-06,-5.4932513344263e-06,0.90003157080578,0.9000305626945,2.5,2.5,-6.5392556141908e-06,-0.0001
0.475,-0.037912063065438,0.57737298283364,0.61528504589908,0.99993500242275,0.99993389724749,0.9999689921305,0.99996896797994,2.2419962208241e-06,1.74564912213e-23,2.3598969772063e-05,2.3548605705439e-05,0.0099962543680901,-5.0958868008671e-07,5.1039820242394e-07,-6.518609554352e-06,-6.5743326354897e-06,-5.492809490361e-06,0.90003156986464,0.90003057209651,2.5,2.5,-6.5398151956773e-06,-0.00010000000000001
0.47625,-0.037912063065438,0.57737298283364,0.61528504589908,0.99993499277448,0.99993389893824,0.99996899258557,0.99996896868279,2.2189934811023e-06,1.7277388721451e-23,2.3600388481027e-05,2.3550541146544e-05,0.0099962537376397,-5.0436033234769e-07,5.0516154906121e-07,-6.5193809631099e-06,-6.5745323289516e-06,-5.4923721795804e-06,0.90003156893316,0.90003058140206,2.5,2.5,-6.5403690358931e-06,-0.00010000000000001
0.4775,-0.037912063065438,0.57737298283364,0.61528504589908,0.9999349832252,0.99993390061165,0.99996899303598,0.99996896937844,2.1962267480288e-06,1.7100123805645e-23,2.3601792634098e-05,2.3552456730126e-05,0.0099962531136576,-4.9918562718939e-07,4.9997862346071e-07,-6.5201444572623e-06,-6.5747299735708e-06,-5.4919393555846e-06,0.90003156801124,0.90003059061214,2.5,2.5,-6.5409171937434e-06,-9.9999999999986e-05
0.47875,-0.037912063065438,0.57737298283364,0.61528504589908,0.99993497377389,0.99993390226789,0.99996899348176,0.99996897006695,2.1736936002075e-06,1.6924677612646e-23,2.3603182380717e-05,2.3554352660008e-05,0.0099962524960776,-4.9406401413913e-07,4.9484887432478e-07,-6.5209001180129e-06,-6.5749255903692e-06,-5.4915109723343e-06,0.90003156709877,0.90003059972772,2.5,2.5,-6.5414597275286e-06,-0.0001
0.48,-0.037912063065438,0.57737298283364,0.61528504589908,0.99993496441955,0.99993390390713,0.99996899392297,0.99996897074839,2.1513916410423e-06,1.6751031489869e-23,2.3604557868589e-05,2.3556229137746e-05,0.0099962518848339,-4.8899494855457e-07,4.8977175611695e-07,-6.5216480257322e-06,-6.575119200152e-06,-5.4910869842696e-06,0.90003156619567,0.90003060874978,2.5,2.5,-6.5419966949514e-06,-0.0001
0.48125,-0.037912063065438,0.57737298283364,0.61528504589908,0.99993495516119,0.99993390552956,0.99996899435965,0.99996897142284,2.1293184985881e-06,1.6579166963133e-23,2.3605919244022e-05,2.3558086362893e-05,0.0099962512798616,-4.8397789124349e-07,4.847467287973e-07,-6.5223882599652e-06,-6.5753108235095e-06,-5.4906673463005e-06,0.90003156530183,0.90003061767927,2.5,2.5,-6.5425281531224e-06,-9.9999999999987e-05
0.4825,-0.037912063065438,0.57737298283364,0.61528504589908,0.99993494599781,0.99993390713534,0.99996899479186,0.99996897209038,2.1074718251855e-06,1.6409065756813e-23,2.3607266651844e-05,2.3559924533045e-05,0.0099962506810962,-4.7901230860841e-07,4.7977325796666e-07,-6.5231208994412e-06,-6.5755004808236e-06,-5.4902520137817e-06,0.90003156441717,0.90003062651714,2.5,2.5,-6.543054158566e-06,-0.00010000000000001
0.48375,-0.037912063065438,0.57737298283364,0.61528504589908,0.99993493692846,0.99993390872465,0.99996899521962,0.99996897275106,2.0858492972641e-06,1.6240709776524e-23,2.3608600235339e-05,2.3561743843694e-05,0.0099962500884741,-4.7409767258492e-07,4.7485081462077e-07,-6.5238460220828e-06,-6.5756881922664e-06,-5.4898409425562e-06,0.90003156354158,0.90003063526434,2.5,2.5,-6.543574767227e-06,-0.0001
0.485,-0.037912063065438,0.57737298283364,0.61528504589908,0.99993492795215,0.99993391029765,0.999968995643,0.99996897340496,2.0644486151099e-06,1.6074081119588e-23,2.3609920136337e-05,2.3563544488367e-05,0.0099962495019323,-4.6923346035364e-07,4.699788752191e-07,-6.5245637050116e-06,-6.5758739778007e-06,-5.4894340888906e-06,0.90003156267497,0.90003064392179,2.5,2.5,-6.5440900344759e-06,-9.9999999999996e-05
0.48625,-0.037912063065438,0.57737298283364,0.61528504589908,0.99993491906794,0.99993391185451,0.99996899606204,0.99996897405216,2.0432675026093e-06,1.5909162061681e-23,2.3611226495245e-05,2.3565326658517e-05,0.0099962489214083,-4.6441915466983e-07,4.651569216229e-07,-6.5252740245583e-06,-6.5760578571882e-06,-5.4890314095194e-06,0.90003156181726,0.90003065249042,2.5,2.5,-6.5446000151155e-06,-0.00010000000000001
0.4875,-0.037912063065438,0.57737298283364,0.61528504589908,0.99993491027488,0.9999339133954,0.99996899647678,0.99996897469272,2.02230370698e-06,1.5745935063794e-23,2.3612519451025e-05,2.3567090543705e-05,0.0099962483468405,-4.5965424345388e-07,4.6038444096315e-07,-6.5259770562729e-06,-6.5762398499839e-06,-5.4886328616122e-06,0.90003156096835,0.90003066097113,2.5,2.5,-6.5451047633858e-06,-9.9999999999994e-05
0.48875,-0.037912063065438,0.57737298283364,0.61528504589908,0.99993490157204,0.99993391492048,0.99996899688726,0.9999689753267,2.0015549985894e-06,1.5584382763785e-23,2.3613799141139e-05,2.3568836331477e-05,0.0099962477781677,-4.5493821994467e-07,4.5566092567118e-07,-6.5266728749251e-06,-6.5764199755452e-06,-5.488238402783e-06,0.90003156012814,0.90003066936484,2.5,2.5,-6.5456043329708e-06,-9.9999999999997e-05
0.49,-0.037912063065438,0.57737298283364,0.61528504589908,0.99993489295849,0.99993391642991,0.99996899729353,0.99996897595418,1.9810191706151e-06,1.5424487978061e-23,2.3615065701681e-05,2.357056420769e-05,0.0099962472153295,-4.5027058249121e-07,4.5098587330533e-07,-6.5273615545234e-06,-6.5765982530304e-06,-5.4878479910753e-06,0.90003155929656,0.90003067767242,2.5,2.5,-6.5460987770034e-06,-0.0001
0.49125,-0.037912063065438,0.57737298283364,0.61528504589908,0.99993488443331,0.99993391792385,0.99996899769563,0.99996897657522,1.9606940389461e-06,1.5266233707674e-23,2.3616319267463e-05,2.3572274355912e-05,0.009996246658266,-4.45650834759e-07,4.463587867295e-07,-6.5280431683119e-06,-6.5767747013991e-06,-5.4874615849684e-06,0.90003155847351,0.90003068589477,2.5,2.5,-6.5465881480714e-06,-9.9999999999999e-05
0.49249999999999,-0.037912063065438,0.57737298283364,0.61528504589908,0.9999348759956,0.99993391940247,0.9999689980936,0.99996897718989,1.9405774418532e-06,1.5109603112011e-23,2.3617559971697e-05,2.3573966958176e-05,0.0099962461069179,-4.410784853132e-07,4.4177917374359e-07,-6.5287177887852e-06,-6.5769493394184e-06,-5.4870791433638e-06,0.9000315576589,0.90003069403276,2.5,2.5,-6.5470724982231e-06,-0.0001
0.49374999999999,-0.037912063065438,0.57737298283364,0.61528504589908,0.99993486764446,0.99993392086592,0.99996899848749,0.99996897779825,1.920667239783e-06,1.4954579537908e-23,2.3618787946366e-05,2.3575642194427e-05,0.0099962455612266,-4.3655304788938e-07,4.3724654730161e-07,-6.5293854876945e-06,-6.5771221856633e-06,-5.4867006255846e-06,0.90003155685265,0.90003070208725,2.5,2.5,-6.5475518789728e-06,-9.999999999999e-05
0.49499999999999,-0.037912063065438,0.57737298283364,0.61528504589908,0.99993485937901,0.99993392231435,0.99996899887735,0.99996897840038,1.9009613151197e-06,1.4801146496364e-23,2.3620003322135e-05,2.3577300242898e-05,0.009996245021134,-4.3207404114655e-07,4.3276042530355e-07,-6.5300463360561e-06,-6.5772932585161e-06,-5.4863259913732e-06,0.90003155605467,0.90003071005911,2.5,2.5,-6.5480263413063e-06,-9.9999999999997e-05
0.49624999999999,-0.037912063065438,0.57737298283364,0.61528504589908,0.99993485119835,0.99993392374792,0.9999689992632,0.99996897899632,1.8814575719965e-06,1.4649287664855e-23,2.3621206228211e-05,2.3578941279859e-05,0.0099962444865828,-4.2764098876799e-07,4.2832033066296e-07,-6.5307004041554e-06,-6.5774625761724e-06,-5.485955200887e-06,0.90003155526488,0.90003071794917,2.5,2.5,-6.5484959356861e-06,-0.00010000000000002
0.49749999999999,-0.037912063065438,0.57737298283364,0.61528504589908,0.99993484310163,0.99993392516678,0.99996899964509,0.99996897958615,1.8621539360517e-06,1.4498986898868e-23,2.3622396792538e-05,2.3580565479911e-05,0.009996243957516,-4.2325341922049e-07,4.2392579111061e-07,-6.5313477615563e-06,-6.5776301566407e-06,-5.4855882146855e-06,0.90003155448319,0.90003072575829,2.5,2.5,-6.5489607120573e-06,-9.9999999999982e-05
0.49874999999999,-0.037912063065438,0.57737298283364,0.61528504589908,0.99993483508798,0.99993392657109,0.99996900002306,0.99996898016993,1.8430483541871e-06,1.4350228210602e-23,2.3623575141746e-05,2.35821730157e-05,0.0099962434338774,-4.1891086586051e-07,4.1957633925022e-07,-6.5319884771127e-06,-6.5777960177433e-06,-5.4852249937438e-06,0.90003155370953,0.90003073348728,2.5,2.5,-6.5494207198524e-06,-0.00010000000000001
0.49999999999999,-0.037912063065438,0.57737298283364,0.61528504589908,0.99993482715656,0.99993392796098,0.99996900039716,0.99996898074771,1.8241387943842e-06,1.4202995774718e-23,2.3624741401178e-05,2.3583764058355e-05,0.0099962429156113,-4.1461286679308e-07,4.1527151248233e-07,-6.532622618967e-06,-6.5779601771215e-06,-5.4848654994225e-06,0.9000315529438,0.90003074113697,2.5,2.5,-6.5498760079962e-06,-0.0001
0.50124999999999,-0.037912063065438,0.57737298283364,0.61528504589908,0.9999348193065,0.99993392933662,0.99996900076742,0.99996898131957,1.8054232454998e-06,1.4057273934683e-23,2.3625895694846e-05,2.3585338776989e-05,0.0099962424026626,-4.1035896497326e-07,4.110108529791e-07,-6.5332502545662e-06,-6.5781226522353e-06,-5.4845096934924e-06,0.90003155218592,0.90003074870818,2.5,2.5,-6.5503266249127e-06,-9.9999999999994e-05
0.50249999999999,-0.037912063065438,0.57737298283364,0.61528504589908,0.99993481153699,0.99993393069814,0.99996900113388,0.99996898188557,1.7868997169296e-06,1.3913047190906e-23,2.3627038145528e-05,2.3586897339084e-05,0.0099962418949767,-4.0614870786214e-07,4.0679390755754e-07,-6.5338714506637e-06,-6.5782834603644e-06,-5.4841575381063e-06,0.90003155143583,0.90003075620171,2.5,2.5,-6.550772618528e-06,-9.9999999999993e-05
0.50374999999999,-0.037912063065438,0.57737298283364,0.61528504589908,0.99993480384719,0.9999339320457,0.99996900149658,0.99996898244575,1.7685662386082e-06,1.3770300202942e-23,2.3628168874754e-05,2.3588439910445e-05,0.0099962413924997,-4.0198164775263e-07,4.0262022773288e-07,-6.5344862733281e-06,-6.5784426186123e-06,-5.483808995812e-06,0.90003155069342,0.90003076361835,2.5,2.5,-6.5512140362769e-06,-0.0001
0.50499999999999,-0.037912063065438,0.57737298283364,0.61528504589908,0.99993479623629,0.99993393337942,0.99996900185555,0.99996898300019,1.7504208606133e-06,1.3629017792352e-23,2.3629288002763e-05,2.3589966655106e-05,0.009996240895178,-3.9785734143785e-07,3.9848936962497e-07,-6.5350947879511e-06,-6.5786001439072e-06,-5.4834640295418e-06,0.90003154995864,0.9000307709589,2.5,2.5,-6.5516509251075e-06,-9.9999999999996e-05
0.50624999999999,-0.037912063065438,0.57737298283364,0.61528504589908,0.99993478870348,0.99993393469947,0.99996900221085,0.99996898354894,1.7324616530574e-06,1.3489184930852e-23,2.3630395648575e-05,2.3591477735497e-05,0.0099962404029588,-3.9377535020945e-07,3.9440089383626e-07,-6.5356970592519e-06,-6.578756053002e-06,-5.4831226026e-06,0.90003154923139,0.90003077822414,2.5,2.5,-6.5520833314864e-06,-0.00010000000000001
0.50749999999999,-0.037912063065438,0.57737298283364,0.61528504589908,0.99993478124795,0.99993393600597,0.9999690025625,0.99996898409206,1.7146867058478e-06,1.3350786744162e-23,2.363149193005e-05,2.3592973312283e-05,0.0099962399157898,-3.8973523997089e-07,3.903543655468e-07,-6.5362931512872e-06,-6.5789103624786e-06,-5.4827846786832e-06,0.90003154851161,0.90003078541484,2.5,2.5,-6.552511301403e-06,-9.9999999999997e-05
0.50874999999999,-0.037912063065438,0.57737298283364,0.61528504589908,0.99993477386892,0.99993393729906,0.99996900291054,0.99996898462961,1.6970941284585e-06,1.3213808515974e-23,2.3632576963721e-05,2.3594453544556e-05,0.009996239433619,-3.8573658100325e-07,3.8634935439449e-07,-6.536883127456e-06,-6.5790630887505e-06,-5.4824502218396e-06,0.90003154779921,0.90003079253176,2.5,2.5,-6.5529348803753e-06,-0.00010000000000001
0.50999999999999,-0.037912063065438,0.57737298283364,0.61528504589908,0.99993476656559,0.99993393857889,0.99996900325501,0.99996898516164,1.679682049802e-06,1.3078235674072e-23,2.3633650865016e-05,2.3595918589759e-05,0.0099962389563953,-3.8177894801094e-07,3.8238543439701e-07,-6.5374670505073e-06,-6.5792142480606e-06,-5.482119196504e-06,0.90003154709412,0.90003079957566,2.5,2.5,-6.5533541134542e-06,-9.999999999999e-05
0.51124999999999,-0.037912063065438,0.57737298283364,0.61528504589908,0.9999347593372,0.99993393984559,0.99996900359595,0.99996898568821,1.6624486179829e-06,1.2944053802935e-23,2.3634713748156e-05,2.3597368603634e-05,0.0099962384840679,-3.7786192013601e-07,3.784621839987e-07,-6.5380449825442e-06,-6.5793638564861e-06,-5.4817915674665e-06,0.90003154639626,0.90003080654729,2.5,2.5,-6.5537690452281e-06,-9.9999999999998e-05
0.51249999999999,-0.037912063065438,0.57737298283364,0.61528504589908,0.99993475218297,0.99993394109929,0.99996900393339,0.99996898620938,1.6453920000715e-06,1.2811248626581e-23,2.3635765726189e-05,2.3598803740495e-05,0.0099962380165866,-3.7398508067199e-07,3.7457918586209e-07,-6.5386169850337e-06,-6.5795119299383e-06,-5.4814672998832e-06,0.90003154570557,0.90003081344739,2.5,2.5,-6.5541797198281e-06,-9.999999999999e-05
0.51374999999999,-0.037912063065438,0.57737298283364,0.61528504589908,0.99993474510214,0.99993394234013,0.99996900426736,0.99996898672521,1.6285103820091e-06,1.2679806025578e-23,2.3636806910982e-05,2.360022415292e-05,0.0099962375539016,-3.7014801734814e-07,3.7073602705198e-07,-6.539183118816e-06,-6.5796584841655e-06,-5.4811463592668e-06,0.90003154502196,0.9000308202767,2.5,2.5,-6.5545861809328e-06,-0.00010000000000001
0.51499999999999,-0.037912063065438,0.57737298283364,0.61528504589908,0.99993473809396,0.99993394356824,0.99996900459791,0.99996898723574,1.6118019682622e-06,1.2549712012504e-23,2.363783741331e-05,2.3601629992037e-05,0.0099962370959637,-3.6635032202056e-07,3.6693229880864e-07,-6.5397434441004e-06,-6.5798035347553e-06,-5.4808287114751e-06,0.90003154434536,0.90003082703594,2.5,2.5,-6.554988471772e-06,-0.0001
0.51624999999999,-0.037912063065438,0.57737298283364,0.61528504589908,0.99993473115768,0.99993394478374,0.99996900492507,0.99996898774103,1.5952649817922e-06,1.2420952759654e-23,2.363885734271e-05,2.3603021407289e-05,0.0099962366427242,-3.6259159088143e-07,3.6316759660057e-07,-6.5402980204841e-06,-6.5799470971363e-06,-5.4805143227335e-06,0.90003154367571,0.90003083372584,2.5,2.5,-6.5553866351328e-06,-0.00010000000000001
0.51749999999999,-0.037912063065438,0.57737298283364,0.61528504589908,0.99993472429257,0.99993394598678,0.99996900524887,0.99996898824114,1.578897663764e-06,1.2293514568758e-23,2.3639866807725e-05,2.3604398546767e-05,0.0099962361941349,-3.5887142401339e-07,3.5944151995571e-07,-6.5408469069462e-06,-6.5800891865763e-06,-5.4802031596001e-06,0.90003154301293,0.90003084034709,2.5,2.5,-6.5557807133626e-06,-9.9999999999993e-05
0.51874999999999,-0.037912063065438,0.57737298283364,0.61528504589908,0.9999347174979,0.99993394717747,0.99996900556935,0.99996898873612,1.5626982733657e-06,1.2167383884355e-23,2.3640865915669e-05,2.3605761556779e-05,0.0099962357501481,-3.5518942585907e-07,3.5575367265385e-07,-6.5413901618704e-06,-6.5802298181871e-06,-5.479895188983e-06,0.90003154235694,0.90003084690041,2.5,2.5,-6.5561707483744e-06,-9.9999999999987e-05
0.51999999999999,-0.037912063065438,0.57737298283364,0.61528504589908,0.99993471077293,0.99993394835595,0.99996900588654,0.99996898922602,1.5466650877127e-06,1.2042547294862e-23,2.364185477285e-05,2.3607110582513e-05,0.0099962353107166,-3.5154520476556e-07,3.5210366242489e-07,-6.5419278430318e-06,-6.5803690069264e-06,-5.4795903781222e-06,0.90003154170769,0.90003085338649,2.5,2.5,-6.5565567816519e-06,-0.00010000000000001
0.52124999999999,-0.037912063065438,0.57737298283364,0.61528504589908,0.99993470411697,0.99993394952233,0.99996900620048,0.99996898971089,1.5307964015237e-06,1.1918991518902e-23,2.3642833484427e-05,2.3608445767259e-05,0.0099962348757936,-3.4793837316426e-07,3.4849110107735e-07,-6.5424600076201e-06,-6.5805067675981e-06,-5.4792886946025e-06,0.9000315410651,0.90003085980603,2.5,2.5,-6.5569388542522e-06,-9.9999999999993e-05
0.52249999999999,-0.037912063065438,0.57737298283364,0.61528504589908,0.99993469752929,0.99993395067675,0.9999690065112,0.99996899019079,1.5150905270635e-06,1.1796703416887e-23,2.3643802154485e-05,2.3609767253063e-05,0.009996234445333,-3.4436854737866e-07,3.4491560435923e-07,-6.5429867122322e-06,-6.5806431148533e-06,-5.4789901063331e-06,0.9000315404291,0.9000308661597,2.5,2.5,-6.5573170068117e-06,-0.00010000000000001
0.52374999999999,-0.037912063065438,0.57737298283364,0.61528504589908,0.99993469100921,0.99993395181933,0.99996900681873,0.99996899066576,1.4995457938691e-06,1.167566998603e-23,2.3644760886014e-05,2.3611075180602e-05,0.0099962340192888,-3.4083534785911e-07,3.4137679203481e-07,-6.5435080128879e-06,-6.5807780631962e-06,-5.4786945815688e-06,0.90003153979963,0.90003087244819,2.5,2.5,-6.5576912795498e-06,-9.9999999999993e-05
0.52499999999999,-0.037912063065438,0.57737298283364,0.61528504589908,0.99993468455602,0.99993395295018,0.9999690071231,0.99996899113587,1.484160548659e-06,1.1555878348385e-23,2.3645709781021e-05,2.3612369688833e-05,0.0099962335976158,-3.3733839868068e-07,3.3787428770591e-07,-6.5440239650323e-06,-6.5809116269762e-06,-5.4784020888607e-06,0.90003153917661,0.90003087867215,2.5,2.5,-6.5580617122734e-06,-9.9999999999999e-05
0.52624999999999,-0.037912063065438,0.57737298283364,0.61528504589908,0.99993467816904,0.99993395406943,0.99996900742435,0.99996899160114,1.4689331550948e-06,1.1437315767939e-23,2.3646648940474e-05,2.3613650915539e-05,0.0099962331802691,-3.3387732801372e-07,3.3440771883132e-07,-6.5445346235406e-06,-6.5810438204002e-06,-5.4781125971161e-06,0.90003153855999,0.90003088483226,2.5,2.5,-6.5584283443805e-06,-0.00010000000000001
0.52749999999999,-0.037912063065438,0.57737298283364,0.61528504589908,0.99993467184759,0.99993395517719,0.99996900772251,0.99996899206165,1.4538619936365e-06,1.1319969629049e-23,2.3647578464182e-05,2.3614918996817e-05,0.0099962327672044,-3.3045176767973e-07,3.3097671673188e-07,-6.5450400427247e-06,-6.5811746575288e-06,-5.4778260755354e-06,0.9000315379497,0.90003089092916,2.5,2.5,-6.5587912148653e-06,-9.9999999999994e-05
0.52874999999999,-0.037912063065438,0.57737298283364,0.61528504589908,0.99993466559099,0.99993395627359,0.99996900801761,0.99996899251743,1.4389454613341e-06,1.1203827455059e-23,2.3648498451037e-05,2.3616174067785e-05,0.0099962323583777,-3.2706135341378e-07,3.2758091651729e-07,-6.5455402763395e-06,-6.5813041522764e-06,-5.477542493648e-06,0.90003153734566,0.90003089696352,2.5,2.5,-6.5591503623219e-06,-9.9999999999995e-05
0.52999999999999,-0.037912063065438,0.57737298283364,0.61528504589908,0.99993465939859,0.99993395735874,0.99996900830968,0.99996899296853,1.4241819717201e-06,1.108887689227e-23,2.3649408998835e-05,2.3617416261761e-05,0.0099962319537456,-3.2370572456522e-07,3.242199569784e-07,-6.5460353775881e-06,-6.5814323184159e-06,-5.4772618212949e-06,0.90003153674782,0.90003090293596,2.5,2.5,-6.5595058249482e-06,-0.00010000000000001
0.53124999999999,-0.037912063065438,0.57737298283364,0.61528504589908,0.99993465326972,0.99993395843276,0.99996900859876,0.99996899341501,1.4095699545853e-06,1.0975105714202e-23,2.3650310204577e-05,2.3618645710892e-05,0.0099962315532649,-3.2038452425512e-07,3.2089348067986e-07,-6.5465253991302e-06,-6.5815591695788e-06,-5.4769840286218e-06,0.90003153615612,0.90003090884712,2.5,2.5,-6.5598576405504e-06,-0.00010000000000001
0.53249999999999,-0.037912063065438,0.57737298283364,0.61528504589908,0.99993464720374,0.99993395949576,0.99996900888487,0.9999689938569,1.3951078557924e-06,1.0862501822694e-23,2.3651202163915e-05,2.3619862545986e-05,0.0099962311568932,-3.1709739924531e-07,3.1760113381796e-07,-6.547010393082e-06,-6.5816847192569e-06,-5.4767090860813e-06,0.90003153557049,0.90003091469763,2.5,2.5,-6.5602058465466e-06,-9.9999999999994e-05
0.53374999999999,-0.037912063065438,0.57737298283364,0.61528504589908,0.99993464119999,0.99993396054785,0.99996900916804,0.99996899429426,1.3807941372477e-06,1.0751053240688e-23,2.3652084971825e-05,2.3621066896407e-05,0.0099962307645882,-3.138439999536e-07,3.1434256623751e-07,-6.5474904110267e-06,-6.5818089808036e-06,-5.4764369644356e-06,0.90003153499086,0.90003092048812,2.5,2.5,-6.5605504799714e-06,-0.0001
0.53499999999999,-0.037912063065438,0.57737298283364,0.61528504589908,0.99993463525784,0.99993396158915,0.99996900944831,0.99996899472714,1.3666272765544e-06,1.0640748112452e-23,2.3652958722212e-05,2.3622258890245e-05,0.0099962303763082,-3.1062398033961e-07,3.1111743135272e-07,-6.5479655040174e-06,-6.5819319674345e-06,-5.4761676347435e-06,0.90003153441719,0.9000309262192,2.5,2.5,-6.5608915774792e-06,-9.9999999999998e-05
0.53624999999999,-0.037912063065438,0.57737298283364,0.61528504589908,0.99993462937666,0.99993396261976,0.99996900972571,0.99996899515557,1.3526057669342e-06,1.0531574706168e-23,2.3653823507946e-05,2.3623438654359e-05,0.0099962299920119,-3.074369978796e-07,3.0792538613738e-07,-6.5484357225836e-06,-6.58205369223e-06,-5.4759010683505e-06,0.9000315338494,0.90003093189148,2.5,2.5,-6.5612291753478e-06,-9.9999999999999e-05
0.53749999999999,-0.037912063065438,0.57737298283364,0.61528504589908,0.99993462355581,0.9999339636398,0.99996901000025,0.9999689955796,1.3387281171282e-06,1.0423521418831e-23,2.3654679421055e-05,2.3624606314121e-05,0.0099962296116585,-3.0428271369437e-07,3.0476609110411e-07,-6.5489011167378e-06,-6.5821741681367e-06,-5.4756372369172e-06,0.90003153328743,0.90003093750556,2.5,2.5,-6.5615633094837e-06,-9.9999999999994e-05
0.53874999999999,-0.037912063065438,0.57737298283364,0.61528504589908,0.99993461779469,0.99993396464938,0.99996901027198,0.99996899599929,1.3249928511404e-06,1.0316576745394e-23,2.3655526552527e-05,2.3625761993801e-05,0.0099962292352075,-3.0116079227112e-07,3.0163921025935e-07,-6.5493617359772e-06,-6.582293407969e-06,-5.4753761123794e-06,0.90003153273123,0.90003094306204,2.5,2.5,-6.5618940154245e-06,-0.0001
0.53999999999999,-0.037912063065438,0.57737298283364,0.61528504589908,0.99993461209268,0.99993396564859,0.99996901054093,0.99996899641467,1.3113985081081e-06,1.0210729319629e-23,2.3656364992484e-05,2.3626905816211e-05,0.0099962288626189,-2.9807090153101e-07,2.9854441098627e-07,-6.5498176292925e-06,-6.5824114244073e-06,-5.4751176669575e-06,0.90003153218074,0.90003094856152,2.5,2.5,-6.5622213283431e-06,-0.00010000000000001
0.54124999999999,-0.037912063065438,0.57737298283364,0.61528504589908,0.99993460644916,0.99993396663756,0.99996901080711,0.99996899682579,1.2979436421798e-06,1.0105967882387e-23,2.36571948301e-05,2.3628037903129e-05,0.009996228493853,-2.9501271288525e-07,2.9548136415778e-07,-6.5502688451694e-06,-6.5825282300043e-06,-5.4748618731743e-06,0.90003153163589,0.90003095400456,2.5,2.5,-6.5625452830518e-06,-9.9999999999996e-05
0.54249999999999,-0.037912063065438,0.57737298283364,0.61528504589908,0.99993460086355,0.99993396761637,0.99996901107056,0.99996899723269,1.2846268223261e-06,1.0002281286283e-23,2.3658016153643e-05,2.3629158374906e-05,0.0099962281288707,-2.919859010855e-07,2.9244974403136e-07,-6.5507154316018e-06,-6.5826438371836e-06,-5.4746087038153e-06,0.90003153109664,0.90003095939177,2.5,2.5,-6.5628659140057e-06,-0.0001
0.54374999999999,-0.037912063065438,0.57737298283364,0.61528504589908,0.99993459533525,0.99993396858515,0.99996901133131,0.99996899763541,1.2714466321988e-06,9.8996585120471e-24,2.3658829050474e-05,2.3630267350704e-05,0.009996227767633,-2.8899014415256e-07,2.8944922809603e-07,-6.5511574360843e-06,-6.5827582582408e-06,-5.4743581319593e-06,0.90003153056291,0.9000309647237,2.5,2.5,-6.5631832553062e-06,-9.9999999999997e-05
0.54499999999999,-0.037912063065438,0.57737298283364,0.61528504589908,0.99993458986367,0.99993396954398,0.99996901158939,0.99996899803401,1.258401670003e-06,9.798088643301e-24,2.3659633607045e-05,2.3631364948484e-05,0.0099962274101016,-2.8602512352788e-07,2.8647949730934e-07,-6.5515949056304e-06,-6.5828715053451e-06,-5.4741101309537e-06,0.90003153003467,0.90003097000092,2.5,2.5,-6.5634973407051e-06,-9.9999999999995e-05
0.54624999999999,-0.037912063065438,0.57737298283364,0.61528504589908,0.99993458444823,0.99993397049298,0.99996901184481,0.99996899842851,1.2454905482914e-06,9.6975608694427e-24,2.3660429908876e-05,2.3632451285028e-05,0.0099962270562384,-2.8309052381535e-07,2.8354023573085e-07,-6.5520278867659e-06,-6.5829835905414e-06,-5.4738646744249e-06,0.90003152951184,0.900030975224,2.5,2.5,-6.5638082036076e-06,-0.00010000000000001
0.54749999999999,-0.037912063065438,0.57737298283364,0.61528504589908,0.99993457908835,0.99993397143224,0.99996901209762,0.99996899881897,1.2327118938718e-06,9.5980645078369e-24,2.3661218040686e-05,2.3633526475784e-05,0.0099962267060059,-2.8018603288225e-07,2.8063113079216e-07,-6.5524564255412e-06,-6.5830945257497e-06,-5.4736217362654e-06,0.90003152899438,0.9000309803935,2.5,2.5,-6.5641158770762e-06,-9.9999999999992e-05
0.54874999999999,-0.037912063065438,0.57737298283364,0.61528504589908,0.99993457378346,0.99993397236187,0.99996901234783,0.99996899920542,1.2200643476361e-06,9.4995889710265e-24,2.3661998086364e-05,2.363459063513e-05,0.0099962263593667,-2.7731134188282e-07,2.7775187312492e-07,-6.552880567537e-06,-6.5832043227704e-06,-5.4733812906303e-06,0.90003152848222,0.90003098550995,2.5,2.5,-6.5644203938344e-06,-0.00010000000000001
0.54999999999999,-0.037912063065438,0.57737298283364,0.61528504589908,0.999934568533,0.99993397328195,0.99996901259548,0.9999689995879,1.2075465644285e-06,9.4021237873855e-24,2.3662770128815e-05,2.3635643876278e-05,0.009996226016284,-2.7446614503336e-07,2.7490215643596e-07,-6.5533003578607e-06,-6.5833129932803e-06,-5.4731433119594e-06,0.90003152797532,0.90003099057391,2.5,2.5,-6.5647217862701e-06,-0.0001
0.55124999999999,-0.037912063065438,0.57737298283364,0.61528504589908,0.99993456333641,0.9999339741926,0.99996901284058,0.99996899996646,1.1951572128909e-06,9.3056585898115e-24,2.3663534250098e-05,2.3636686311266e-05,0.0099962256767213,-2.7165013968949e-07,2.7208167765239e-07,-6.5537158411641e-06,-6.5834205488382e-06,-5.4729077749302e-06,0.90003152747363,0.90003099558591,2.5,2.5,-6.5650200864384e-06,-9.9999999999982e-05
0.55249999999999,-0.037912063065438,0.57737298283364,0.61528504589908,0.99993455819313,0.9999339750939,0.99996901308317,0.99996900034114,1.1828949753131e-06,9.2101831211924e-24,2.3664290531635e-05,2.3637718050965e-05,0.0099962253406426,-2.6886302640605e-07,2.6929013681051e-07,-6.5541270616347e-06,-6.5835270008828e-06,-5.4726746544989e-06,0.90003152697708,0.9000310005465,2.5,2.5,-6.5653153260657e-06,-0.00010000000000001
0.55374999999999,-0.037912063065438,0.57737298283364,0.61528504589908,0.99993455310262,0.99993397598596,0.99996901332327,0.99996900071197,1.1707585475262e-06,9.1156872233396e-24,2.366503905371e-05,2.3638739204961e-05,0.0099962250080119,-2.6610450871203e-07,2.6652723700394e-07,-6.554534063009e-06,-6.5836323607356e-06,-5.4724439258638e-06,0.90003152648562,0.90003100545618,2.5,2.5,-6.565607536553e-06,-0.00010000000000001
0.55499999999999,-0.037912063065438,0.57737298283364,0.61528504589908,0.99993454806435,0.99993397686886,0.99996901356091,0.999969001079,1.1587466387149e-06,9.0221608486709e-24,2.3665779896036e-05,2.3639749882069e-05,0.0099962246787941,-2.6337429324513e-07,2.6379268436385e-07,-6.5549368885753e-06,-6.5837366396031e-06,-5.4722155644926e-06,0.90003152599921,0.9000310103155,2.5,2.5,-6.5658967489793e-06,-0.00010000000000001
0.55624999999999,-0.037912063065438,0.57737298283364,0.61528504589908,0.99993454307776,0.99993397774271,0.9999690137961,0.99996900144226,1.1468579713278e-06,8.9295940458243e-24,2.3666513137305e-05,2.3640750189665e-05,0.0099962243529539,-2.6067208964943e-07,2.6108618809774e-07,-6.5553355811763e-06,-6.5838398485768e-06,-5.4719895460976e-06,0.90003152551778,0.90003101512495,2.5,2.5,-6.5661829941043e-06,-9.9999999999985e-05
0.55749999999999,-0.037912063065438,0.57737298283364,0.61528504589908,0.99993453814234,0.99993397860758,0.99996901402889,0.9999690018018,1.1350912809216e-06,8.8379769757422e-24,2.3667238855639e-05,2.3641740234188e-05,0.0099962240304569,-2.579976104455e-07,2.5840746026877e-07,-6.5557301832165e-06,-6.5839419986318e-06,-5.4717658466358e-06,0.9000315250413,0.90003101988506,2.5,2.5,-6.5664663023724e-06,-0.00010000000000001
0.55874999999999,-0.037912063065438,0.57737298283364,0.61528504589908,0.99993453325755,0.99993397946359,0.99996901425929,0.99996900215764,1.1234453160253e-06,8.747299889237e-24,2.3667957128089e-05,2.364272012093e-05,0.0099962237112687,-2.5535057122612e-07,2.5575621602966e-07,-6.556120736665e-06,-6.5840431006344e-06,-5.47154444231e-06,0.9000315245697,0.90003102459634,2.5,2.5,-6.5667467039155e-06,-0.0001
0.55999999999999,-0.037912063065438,0.57737298283364,0.61528504589908,0.99993452842289,0.99993398031081,0.99996901448732,0.99996900250984,1.111918837965e-06,8.657553147315e-24,2.3668668031131e-05,2.3643689954068e-05,0.0099962233953554,-2.5273069050686e-07,2.5313217339299e-07,-6.5565072830592e-06,-6.5841431653366e-06,-5.471325309591e-06,0.90003152410295,0.90003102925927,2.5,2.5,-6.5670242285565e-06,-0.0001
0.56124999999999,-0.037912063065438,0.57737298283364,0.61528504589908,0.99993452363782,0.99993398114934,0.99996901471301,0.99996900285842,1.1005106208737e-06,8.5687271939644e-24,2.366937164036e-05,2.3644649836773e-05,0.0099962230826832,-2.5013768953892e-07,2.5053505326907e-07,-6.5568898635124e-06,-6.5842422033818e-06,-5.4711084251463e-06,0.90003152364098,0.90003103387437,2.5,2.5,-6.5672989058122e-06,-9.9999999999999e-05
0.56249999999999,-0.037912063065438,0.57737298283364,0.61528504589908,0.99993451890185,0.99993398197927,0.99996901493639,0.99996900320343,1.089219451363e-06,8.4808125963372e-24,2.3670068030606e-05,2.3645599871151e-05,0.0099962227732191,-2.4757129265321e-07,2.4796457944639e-07,-6.5572685187138e-06,-6.5843402253022e-06,-5.4708937659283e-06,0.90003152318375,0.90003103844211,2.5,2.5,-6.5675707648965e-06,-9.9999999999999e-05
0.56374999999999,-0.037912063065438,0.57737298283364,0.61528504589908,0.99993451421447,0.99993398280068,0.99996901515748,0.99996900354489,1.0780441285394e-06,8.39379999335e-24,2.3670757275898e-05,2.3646540158266e-05,0.0099962224669301,-2.4503122682278e-07,2.4542047850238e-07,-6.5576432889358e-06,-6.5844372415238e-06,-5.4706813091043e-06,0.90003152273121,0.90003104296299,2.5,2.5,-6.5678398347239e-06,-0.0001
0.56499999999999,-0.037912063065438,0.57737298283364,0.61528504589908,0.99993450957518,0.99993398361367,0.9999690153763,0.99996900388286,1.0669834638012e-06,8.3076801372856e-24,2.3671439449637e-05,2.3647470798025e-05,0.0099962221637836,-2.4251722189287e-07,2.4290247988953e-07,-6.5580142140408e-06,-6.5845332623654e-06,-5.4704710320696e-06,0.90003152228332,0.90003104743749,2.5,2.5,-6.5681061439117e-06,-9.9999999999997e-05
0.56624999999999,-0.037912063065438,0.57737298283364,0.61528504589908,0.9999345049835,0.99993398441831,0.99996901559287,0.99996900421735,1.0560362808118e-06,8.2224438606366e-24,2.3672114624259e-05,2.364839188957e-05,0.0099962218637473,-2.4002901050362e-07,2.4041031577217e-07,-6.558381333476e-06,-6.5846282980397e-06,-5.4702629124646e-06,0.90003152184002,0.90003105186608,2.5,2.5,-6.5683697207843e-06,-9.9999999999995e-05
0.56749999999999,-0.037912063065438,0.57737298283364,0.61528504589908,0.99993450043892,0.9999339852147,0.99996901580722,0.99996900454841,1.0452014152317e-06,8.1380821048131e-24,2.3672782871679e-05,2.364930353074e-05,0.0099962215667894,-2.3756632800512e-07,2.3794372110504e-07,-6.5587446862904e-06,-6.5847223586539e-06,-5.4700569281526e-06,0.90003152140127,0.90003105624923,2.5,2.5,-6.5686305933746e-06,-0.0001
0.56874999999999,-0.037912063065438,0.57737298283364,0.61528504589908,0.99993449594097,0.99993398600292,0.99996901601937,0.99996900487608,1.0344777146552e-06,8.054585898883e-24,2.3673444262915e-05,2.3650205818478e-05,0.0099962212728783,-2.3512891245978e-07,2.3550243353577e-07,-6.5591043111261e-06,-6.5848154542117e-06,-5.4698530572271e-06,0.90003152096702,0.90003106058741,2.5,2.5,-6.5688887894286e-06,-9.9999999999996e-05
0.56999999999999,-0.037912063065438,0.57737298283364,0.61528504589908,0.99993449148916,0.99993398678305,0.99996901622935,0.99996900520038,1.0238640385983e-06,7.9719463548142e-24,2.3674098868264e-05,2.3651098848834e-05,0.0099962209819826,-2.3271650467684e-07,2.3308619343577e-07,-6.5594602462359e-06,-6.5849075946146e-06,-5.4696512780082e-06,0.90003152053723,0.90003106488108,2.5,2.5,-6.5691443364074e-06,-9.9999999999999e-05
0.57124999999999,-0.037912063065438,0.57737298283364,0.61528504589908,0.99993448708304,0.99993398755517,0.99996901643717,0.99996900552136,1.0133592581821e-06,7.8901546895386e-24,2.3674746757468e-05,2.3651982716739e-05,0.0099962206940716,-2.3032884800258e-07,2.306947438008e-07,-6.5598125294718e-06,-6.5849987896626e-06,-5.4694515690251e-06,0.90003152011185,0.9000310691307,2.5,2.5,-6.5693972614904e-06,-0.00010000000000001
0.57249999999999,-0.037912063065438,0.57737298283364,0.61528504589908,0.99993448272212,0.99993398831938,0.99996901664286,0.99996900583905,1.0029622561402e-06,7.8092022000335e-24,2.3675387999339e-05,2.3652857516298e-05,0.0099962204091145,-2.2796568858304e-07,2.2832783029723e-07,-6.560161198305e-06,-6.5850890490562e-06,-5.4692539090473e-06,0.90003151969083,0.90003107333671,2.5,2.5,-6.5696475915779e-06,-9.9999999999995e-05
0.57374999999999,-0.037912063065438,0.57737298283364,0.61528504589908,0.99993447840594,0.99993398907574,0.99996901684644,0.99996900615347,9.9267192670308e-07,7.7290802799646e-24,2.3676022662108e-05,2.3653723340398e-05,0.009996220127081,-2.2562677498554e-07,2.2598520116157e-07,-6.5605062898177e-06,-6.5851783823939e-06,-5.4690582770465e-06,0.90003151927413,0.90003107749958,2.5,2.5,-6.5698953532945e-06,-9.9999999999993e-05
0.57499999999999,-0.037912063065438,0.57737298283364,0.61528504589908,0.99993447413405,0.99993398982434,0.99996901704792,0.99996900646467,9.8248717537784e-07,7.6497804006776e-24,2.3676650813323e-05,2.3654580281215e-05,0.0099962198479412,-2.2331185853694e-07,2.2366660726428e-07,-6.5608478407136e-06,-6.585266799177e-06,-5.4688646522207e-06,0.9000315188617,0.90003108161973,2.5,2.5,-6.5701405729917e-06,-0.0001
0.57624999999999,-0.037912063065438,0.57737298283364,0.61528504589908,0.99993446990598,0.99993399056526,0.99996901724735,0.99996900677267,9.7240691896313e-07,7.5712941409993e-24,2.3677272519651e-05,2.3655428429838e-05,0.0099962195716653,-2.210206929432e-07,2.2137180197983e-07,-6.5611858873189e-06,-6.5853543088099e-06,-5.4686730139725e-06,0.90003151845351,0.90003108569761,2.5,2.5,-6.5703832767501e-06,-9.9999999999998e-05
0.57749999999999,-0.037912063065438,0.57737298283364,0.61528504589908,0.9999344657213,0.99993399129859,0.99996901744472,0.99996900707752,9.6243008535479e-07,7.4936131370045e-24,2.3677887847393e-05,2.3656267876561e-05,0.009996219298224,-2.1875303457269e-07,2.1910054126078e-07,-6.5615204655874e-06,-6.5854409205979e-06,-5.4684833419185e-06,0.90003151804951,0.90003108973365,2.5,2.5,-6.5706234903833e-06,-0.0001
0.57874999999999,-0.037912063065438,0.57737298283364,0.61528504589908,0.99993446157955,0.99993399202438,0.99996901764007,0.99996900737924,9.5255561340283e-07,7.416729140269e-24,2.3678496861875e-05,2.3657098710558e-05,0.0099962190275882,-2.1650864227589e-07,2.1685258355819e-07,-6.561851611104e-06,-6.585526643756e-06,-5.468295615889e-06,0.90003151764965,0.90003109372828,2.5,2.5,-6.5708612394398e-06,-0.00010000000000001
0.57999999999999,-0.037912063065438,0.57737298283364,0.61528504589908,0.99993445748029,0.99993399274273,0.99996901783342,0.99996900767786,9.4278245293148e-07,7.3406339670349e-24,2.3679099627895e-05,2.3657921020301e-05,0.0099962187597291,-2.1428727725008e-07,2.1462768971853e-07,-6.5621793590884e-06,-6.5856114873995e-06,-5.4681098159172e-06,0.90003151725389,0.90003109768193,2.5,2.5,-6.571096549206e-06,-9.9999999999993e-05
0.58124999999999,-0.037912063065438,0.57737298283364,0.61528504589908,0.99993445342309,0.99993399345371,0.99996901802478,0.99996900797342,9.3310956446857e-07,7.2653195261062e-24,2.3679696209627e-05,2.3658734893163e-05,0.0099962184946182,-2.120887033199e-07,2.1242562317803e-07,-6.5625037443987e-06,-6.5856954605524e-06,-5.4679259222405e-06,0.90003151686219,0.90003110159502,2.5,2.5,-6.5713294447088e-06,-9.9999999999997e-05
0.58249999999999,-0.037912063065438,0.57737298283364,0.61528504589908,0.99993444940752,0.9999339941574,0.99996901821418,0.99996900826594,9.2353591923267e-07,7.1907778036185e-24,2.3680286670447e-05,2.3659540415757e-05,0.0099962182322274,-2.0991268658793e-07,2.102461496766e-07,-6.5628248015361e-06,-6.585778572146e-06,-5.4677439153e-06,0.90003151647451,0.90003110546795,2.5,2.5,-6.5715599507185e-06,-0.00010000000000001
0.58374999999999,-0.037912063065438,0.57737298283364,0.61528504589908,0.99993444543315,0.99993399485386,0.99996901840164,0.99996900855547,9.1406049898215e-07,7.1170008797149e-24,2.3680871073133e-05,2.3660337673767e-05,0.0099962179725286,-2.0775899571289e-07,2.0808903747166e-07,-6.5631425646492e-06,-6.5858608310202e-06,-5.4675637757457e-06,0.90003151609081,0.90003110930115,2.5,2.5,-6.5717880917511e-06,-9.9999999999995e-05
0.58499999999999,-0.037912063065438,0.57737298283364,0.61528504589908,0.99993444149955,0.99993399554318,0.99996901858717,0.99996900884202,9.0468229594408e-07,7.0439808989055e-24,2.3681449479963e-05,2.3661126751912e-05,0.0099962177154944,-2.0562740148101e-07,2.0595405705991e-07,-6.5634570675304e-06,-6.5859422459237e-06,-5.4673854844015e-06,0.90003151571105,0.90003111309502,2.5,2.5,-6.572013892071e-06,-9.9999999999993e-05
0.58624999999999,-0.037912063065438,0.57737298283364,0.61528504589908,0.99993443760632,0.99993399622543,0.9999690187708,0.99996900912564,8.9540031269392e-07,6.9717100985723e-24,2.3682021952304e-05,2.3661907734185e-05,0.0099962174610973,-2.035176773432e-07,2.0384098143419e-07,-6.5637683436339e-06,-6.5860228255149e-06,-5.4672090223238e-06,0.90003151533518,0.90003111684997,2.5,2.5,-6.5722373756939e-06,-0.00010000000000001
0.58749999999999,-0.037912063065438,0.57737298283364,0.61528504589908,0.99993443375302,0.99993399690068,0.99996901895255,0.99996900940634,8.8621356199399e-07,6.9001807945758e-24,2.3682588551131e-05,2.3662680703629e-05,0.0099962172093103,-2.0142959881375e-07,2.0174958583286e-07,-6.5640764260635e-06,-6.5861025783652e-06,-5.4670343707311e-06,0.90003151496317,0.90003112056639,2.5,2.5,-6.5724585663891e-06,-9.999999999999e-05
0.58874999999999,-0.037912063065438,0.57737298283364,0.61528504589908,0.99993442993927,0.999933997569,0.99996901913243,0.99996900968417,8.7712106677936e-07,6.8293853759003e-24,2.368314933671e-05,2.3663445742452e-05,0.0099962169601066,-1.9936294383378e-07,1.9967964780168e-07,-6.5643813475864e-06,-6.5861815129553e-06,-5.4668615110582e-06,0.90003151459498,0.90003112424468,2.5,2.5,-6.5726774876815e-06,-0.00010000000000001
0.58999999999999,-0.037912063065438,0.57737298283364,0.61528504589908,0.99993442616464,0.99993399823046,0.99996901931046,0.99996900995914,8.6812185998262e-07,6.7593163117577e-24,2.3683704368647e-05,2.3664202932059e-05,0.0099962167134597,-1.9731749261556e-07,1.9763094723502e-07,-6.5646831406342e-06,-6.5862596376822e-06,-5.4666904249089e-06,0.90003151423056,0.90003112788523,2.5,2.5,-6.5728941628554e-06,-9.9999999999987e-05
0.59124999999999,-0.037912063065438,0.57737298283364,0.61528504589908,0.99993442242874,0.99993399888514,0.99996901948667,0.99996901023129,8.5921498449438e-07,6.6899661550805e-24,2.3684253705972e-05,2.3664952352867e-05,0.0099962164693434,-1.9529302762309e-07,1.956032662047e-07,-6.5649818373042e-06,-6.5863369608543e-06,-5.4665210940941e-06,0.90003151386988,0.90003113148843,2.5,2.5,-6.5731086149557e-06,-0.00010000000000001
0.59249999999999,-0.037912063065438,0.57737298283364,0.61528504589908,0.99993441873116,0.9999339995331,0.99996901966107,0.99996901050065,8.5039949298512e-07,6.6213275236325e-24,2.3684797407203e-05,2.3665694084753e-05,0.0099962162277318,-1.9328933345964e-07,1.9359638900861e-07,-6.5652774693646e-06,-6.5864134906952e-06,-5.466353500607e-06,0.90003151351291,0.90003113505466,2.5,2.5,-6.5733208667908e-06,-9.9999999999993e-05
0.59374999999999,-0.037912063065438,0.57737298283364,0.61528504589908,0.99993441507153,0.99993400017441,0.99996901983369,0.99996901076725,8.4167444784441e-07,6.5533931196384e-24,2.3685335530038e-05,2.366642820647e-05,0.009996215988599,-1.9130619707905e-07,1.9161010227869e-07,-6.5655700682592e-06,-6.5864892353452e-06,-5.4661876266097e-06,0.90003151315959,0.9000311385843,2.5,2.5,-6.5735309409356e-06,-0.0001
0.59499999999999,-0.037912063065438,0.57737298283364,0.61528504589908,0.99993441144944,0.99993400080914,0.99996902000453,0.99996901103111,8.3303892113592e-07,6.486155723061e-24,2.3685868131786e-05,2.3667154796149e-05,0.0099962157519198,-1.893434075996e-07,1.8964419473613e-07,-6.5658596651088e-06,-6.5865642028598e-06,-5.466023454475e-06,0.9000315128099,0.90003114207773,2.5,2.5,-6.5737388597329e-06,-9.9999999999996e-05
0.59624999999999,-0.037912063065438,0.57737298283364,0.61528504589908,0.99993440786452,0.99993400143736,0.99996902017361,0.99996901129227,8.2449199437462e-07,6.4196081718394e-24,2.3686395269044e-05,2.3667873931084e-05,0.0099962155176688,-1.8740075619418e-07,1.8769845725917e-07,-6.5661462907118e-06,-6.5866384012128e-06,-5.465860966741e-06,0.9000315124638,0.90003114553532,2.5,2.5,-6.5739446452965e-06,-9.9999999999999e-05
0.59749999999999,-0.037912063065438,0.57737298283364,0.61528504589908,0.99993440431637,0.99993400205913,0.99996902034097,0.99996901155074,8.1603275855266e-07,6.3537433938862e-24,2.3686916997921e-05,2.3668585687677e-05,0.0099962152858213,-1.8547803623765e-07,1.8577268293884e-07,-6.566429975554e-06,-6.586711838295e-06,-5.4657001461105e-06,0.90003151212125,0.90003114895743,2.5,2.5,-6.5741483195133e-06,-0.0001
0.59874999999999,-0.037912063065438,0.57737298283364,0.61528504589908,0.99993440080463,0.99993400267453,0.9999690205066,0.99996901180656,8.0766031394772e-07,6.288554390338e-24,2.3687433373898e-05,2.3669290141786e-05,0.0099962150563525,-1.8357504329612e-07,1.8386666692652e-07,-6.5667107498085e-06,-6.5867845219174e-06,-5.4655409754941e-06,0.90003151178221,0.90003115234443,2.5,2.5,-6.5743499040453e-06,-0.00010000000000001
0.59999999999999,-0.037912063065438,0.57737298283364,0.61528504589908,0.99993439732893,0.99993400328361,0.99996902067054,0.99996901205976,7.9937377010191e-07,6.2240342176195e-24,2.3687944451888e-05,2.3669987368171e-05,0.009996214829238,-1.8169157494701e-07,1.8198020653782e-07,-6.566988643336e-06,-6.5868564598097e-06,-5.46538343796e-06,0.90003151144665,0.90003115569668,2.5,2.5,-6.5745494203328e-06,-9.9999999999986e-05
0.60124999999999,-0.037912063065438,0.57737298283364,0.61528504589908,0.99993439388888,0.99993400388644,0.99996902083279,0.99996901231036,7.9117224567345e-07,6.160176021496e-24,2.3688450286254e-05,2.3670677441101e-05,0.0099962146044537,-1.798274308634e-07,1.8011310110808e-07,-6.567263685694e-06,-6.5869276596249e-06,-5.4652275167489e-06,0.90003151111454,0.90003115901454,2.5,2.5,-6.5747468895959e-06,-0.00010000000000001
0.60249999999999,-0.037912063065438,0.57737298283364,0.61528504589908,0.99993439048412,0.99993400448308,0.99996902099338,0.99996901255839,7.8305486837253e-07,6.0969730052109e-24,2.3688950930793e-05,2.3671360433886e-05,0.0099962143819757,-1.7798241275909e-07,1.7826515204328e-07,-6.5675359061342e-06,-6.5869981289335e-06,-5.4650731952825e-06,0.90003151078583,0.90003116229835,2.5,2.5,-6.5749423328367e-06,-9.9999999999997e-05
0.60374999999999,-0.037912063065438,0.57737298283364,0.61528504589908,0.9999343871143,0.99993400507361,0.99996902115232,0.99996901280388,7.750207748315e-07,6.0344184471403e-24,2.3689446438775e-05,2.3672036419237e-05,0.0099962141617803,-1.7615632443448e-07,1.7643616284414e-07,-6.5678053336106e-06,-6.5870678752321e-06,-5.4649204571396e-06,0.9000315104605,0.90003116554847,2.5,2.5,-6.5751357708422e-06,-0.0001
0.60499999999999,-0.037912063065438,0.57737298283364,0.61528504589908,0.99993438377905,0.99993400565807,0.99996902130964,0.99996901304684,7.6706911059722e-07,5.9725056917712e-24,2.3689936862838e-05,2.3672705469055e-05,0.0099962139438441,-1.7434897167029e-07,1.7462593894714e-07,-6.5680719967775e-06,-6.587136905938e-06,-5.4647692860839e-06,0.9000315101385,0.90003116876525,2.5,2.5,-6.5753272241859e-06,-9.9999999999998e-05
0.60624999999999,-0.037912063065438,0.57737298283364,0.61528504589908,0.99993438047802,0.99993400623654,0.99996902146533,0.99996901328731,7.5919902992483e-07,5.9112281626333e-24,2.3690422255178e-05,2.3673367654375e-05,0.0099962137281439,-1.7256016221332e-07,1.7283428782214e-07,-6.5683359239974e-06,-6.5872052283922e-06,-5.4646196660335e-06,0.90003150981981,0.90003117194903,2.5,2.5,-6.5755167132304e-06,-0.0001
0.60749999999999,-0.037912063065438,0.57737298283364,0.61528504589908,0.99993437721087,0.99993400680908,0.99996902161943,0.99996901352532,7.5140969578982e-07,5.8505793336764e-24,2.369090266742e-05,2.3674023045799e-05,0.0099962135146567,-1.7078970585498e-07,1.7106101895476e-07,-6.5685971433406e-06,-6.5872728498643e-06,-5.4644715810739e-06,0.90003150950438,0.90003117510013,2.5,2.5,-6.5757042581294e-06,-0.0001
0.60874999999999,-0.037912063065438,0.57737298283364,0.61528504589908,0.99993437397723,0.99993400737574,0.99996902177195,0.99996901376088,7.437002797534e-07,5.7905527584547e-24,2.3691378150748e-05,2.3674671712901e-05,0.00999621330336,-1.6903741422939e-07,1.6930594368079e-07,-6.56885568259e-06,-6.5873397775425e-06,-5.4643250154574e-06,0.9000315091922,0.90003117821891,2.5,2.5,-6.5758898788294e-06,-9.9999999999991e-05
0.60999999999999,-0.037912063065438,0.57737298283364,0.61528504589908,0.99993437077676,0.99993400793658,0.99996902192291,0.99996901399403,7.3606996181361e-07,5.7311420547155e-24,2.3691848755549e-05,2.367531372471e-05,0.0099962130942311,-1.6730310106053e-07,1.6756887539907e-07,-6.5691115692423e-06,-6.5874060185483e-06,-5.4641799535969e-06,0.90003150888321,0.90003118130569,2.5,2.5,-6.5760735950729e-06,-0.00010000000000002
0.61124999999999,-0.037912063065438,0.57737298283364,0.61528504589908,0.99993436760914,0.99993400849168,0.99996902207231,0.99996901422479,7.2851793046039e-07,5.672340896533e-24,2.3692314531953e-05,2.3675949149528e-05,0.0099962128872479,-1.6558658176785e-07,1.6584962929978e-07,-6.5693648305138e-06,-6.5874715799248e-06,-5.4640363800575e-06,0.9000315085774,0.9000311843608,2.5,2.5,-6.5762554263992e-06,-9.9999999999996e-05
0.61249999999999,-0.037912063065438,0.57737298283364,0.61528504589908,0.99993436447401,0.99993400904107,0.99996902222018,0.99996901445317,7.2104338246552e-07,5.6141430384996e-24,2.3692775529618e-05,2.3676578054978e-05,0.0099962126823883,-1.6388767391407e-07,1.6414802257999e-07,-6.5696154933427e-06,-6.5875364686456e-06,-5.463894279577e-06,0.90003150827472,0.90003118738457,2.5,2.5,-6.5764353921477e-06,-9.9999999999996e-05
0.61374999999999,-0.037912063065438,0.57737298283364,0.61528504589908,0.99993436137105,0.99993400958483,0.99996902236654,0.99996901467922,7.1364552287663e-07,5.5565422873573e-24,2.3693231797422e-05,2.3677200507838e-05,0.0099962124796305,-1.6220619671462e-07,1.6246387422713e-07,-6.5698635843853e-06,-6.587600691613e-06,-5.4637536370391e-06,0.90003150797515,0.90003119037731,2.5,2.5,-6.5766135114589e-06,-0.00010000000000001
0.61499999999999,-0.037912063065438,0.57737298283364,0.61528504589908,0.99993435829993,0.99993401012301,0.99996902251139,0.99996901490294,7.063235648416e-07,5.4995325101319e-24,2.3693683383968e-05,2.3677816574382e-05,0.0099962122789531,-1.6054197137992e-07,1.6079700512691e-07,-6.570109130028e-06,-6.5876642556565e-06,-5.4636144374812e-06,0.90003150767865,0.90003119333934,2.5,2.5,-6.5767898032771e-06,-9.9999999999997e-05
0.61624999999999,-0.037912063065438,0.57737298283364,0.61528504589908,0.99993435526032,0.99993401065567,0.99996902265476,0.99996901512437,6.9907672964457e-07,5.4431076560261e-24,2.369413033723e-05,2.3678426320121e-05,0.0099962120803346,-1.5889482085376e-07,1.5914723798838e-07,-6.5703521563903e-06,-6.5877271675359e-06,-5.4634766661032e-06,0.9000315073852,0.90003119627099,2.5,2.5,-6.5769642863525e-06,-9.9999999999992e-05
0.61749999999999,-0.037912063065438,0.57737298283364,0.61528504589908,0.99993435225189,0.99993401118287,0.99996902279666,0.99996901534353,6.9190424651908e-07,5.3872617143074e-24,2.3694572704798e-05,2.3679029809982e-05,0.0099962118837538,-1.5726457006294e-07,1.5751439739454e-07,-6.5705926893162e-06,-6.5877894339455e-06,-5.4633403082542e-06,0.90003150709475,0.90003119917255,2.5,2.5,-6.5771369792425e-06,-0.00010000000000001
0.61874999999999,-0.037912063065438,0.57737298283364,0.61528504589908,0.99993434927433,0.99993401170465,0.9999690229371,0.99996901556044,6.8480535262631e-07,5.3319887494818e-24,2.36950105337e-05,2.3679627107957e-05,0.00999621168919,-1.5565104547166e-07,1.5589830960665e-07,-6.5708307543895e-06,-6.5878510615034e-06,-5.4632053494233e-06,0.90003150680729,0.90003120204435,2.5,2.5,-6.5773079003144e-06,-9.9999999999987e-05
0.61999999999999,-0.037912063065438,0.57737298283364,0.61528504589908,0.99993434632732,0.99993401222108,0.9999690230761,0.99996901577512,6.7777929291181e-07,5.2772828816982e-24,2.369544387054e-05,2.3680218277765e-05,0.0099962114966224,-1.5405407558699e-07,1.5429880278883e-07,-6.571066376931e-06,-6.5879120567682e-06,-5.463071775267e-06,0.90003150652277,0.90003120488668,2.5,2.5,-6.5774770677469e-06,-0.00010000000000001
0.62124999999999,-0.037912063065438,0.57737298283364,0.61528504589908,0.99993434341054,0.99993401273222,0.99996902321367,0.9999690159876,6.7082532014659e-07,5.223138290616e-24,2.3695872761332e-05,2.3680803382163e-05,0.0099962113060306,-1.5247349047002e-07,1.5271570681429e-07,-6.5712995819991e-06,-6.5879724262244e-06,-5.4629395715641e-06,0.90003150624118,0.90003120769985,2.5,2.5,-6.5776444995322e-06,-9.9999999999999e-05
0.62249999999999,-0.037912063065438,0.57737298283364,0.61528504589908,0.99993434052369,0.99993401323811,0.99996902334983,0.9999690161979,6.6394269471041e-07,5.169549221866e-24,2.3696297251747e-05,2.3681382483451e-05,0.0099962111173942,-1.5090912211578e-07,1.5114885330552e-07,-6.5715303943983e-06,-6.5880321762945e-06,-5.4628087242743e-06,0.90003150596247,0.90003121048416,2.5,2.5,-6.577810213478e-06,-0.00010000000000001
0.62374999999999,-0.037912063065438,0.57737298283364,0.61528504589908,0.99993433766646,0.9999340137388,0.9999690234846,0.99996901640605,6.5713068455304e-07,5.1165099709631e-24,2.369671738692e-05,2.3681955643221e-05,0.0099962109306932,-1.4936080402033e-07,1.4959807560216e-07,-6.5717588386767e-06,-6.5880913133317e-06,-5.4626792194603e-06,0.90003150568662,0.9000312132399,2.5,2.5,-6.577974227209e-06,-9.9999999999992e-05
0.62499999999999,-0.037912063065438,0.57737298283364,0.61528504589908,0.99993433483854,0.99993401423437,0.99996902361798,0.99996901661206,6.5038856520528e-07,5.0640149051824e-24,2.3697133211495e-05,2.3682522922382e-05,0.0099962107459077,-1.4782837160685e-07,1.4806320879539e-07,-6.5719849391313e-06,-6.5881498436269e-06,-5.4625510433603e-06,0.9000315054136,0.90003121596737,2.5,2.5,-6.5781365581698e-06,-0.0001
0.62624999999999,-0.037912063065438,0.57737298283364,0.61528504589908,0.99993433203964,0.99993401472484,0.99996902374999,0.99996901681595,6.4371561958788e-07,5.0120584323746e-24,2.3697544769767e-05,2.3683084381288e-05,0.0099962105630181,-1.463116618442e-07,1.4654408960426e-07,-6.5722087198099e-06,-6.5882077734057e-06,-5.462424182344e-06,0.90003150514339,0.90003121866685,2.5,2.5,-6.5782972236249e-06,-0.00010000000000001
0.62749999999999,-0.037912063065438,0.57737298283364,0.61528504589908,0.99993432926946,0.99993401521029,0.99996902388065,0.99996901701775,6.3711113794645e-07,4.9606350255116e-24,2.3697952105472e-05,2.3683640079688e-05,0.009996210382005,-1.4481051341832e-07,1.4504055650395e-07,-6.5724302045126e-06,-6.5882651088286e-06,-5.462298622905e-06,0.90003150487594,0.90003122133864,2.5,2.5,-6.5784562406626e-06,-9.999999999999e-05
0.62874999999999,-0.037912063065438,0.57737298283364,0.61528504589908,0.99993432652769,0.99993401569075,0.99996902400997,0.99996901721748,6.3057441787777e-07,4.9097392260562e-24,2.369835526201e-05,2.368419007663e-05,0.009996210202849,-1.4332476669639e-07,1.4355244953663e-07,-6.5726494167959e-06,-6.5883218559929e-06,-5.4621743517054e-06,0.90003150461124,0.90003122398301,2.5,2.5,-6.5786136261955e-06,-0.0001
0.62999999999999,-0.037912063065438,0.57737298283364,0.61528504589908,0.99993432381406,0.99993401616629,0.99996902413796,0.99996901741517,6.2410476414276e-07,4.8593656095983e-24,2.3698754282039e-05,2.3684734430603e-05,0.0099962100255312,-1.4185426362822e-07,1.4207961047352e-07,-6.5728663799749e-06,-6.5883780209348e-06,-5.462051355515e-06,0.90003150434926,0.90003122660026,2.5,2.5,-6.5787693969629e-06,-0.0001
0.63124999999999,-0.037912063065438,0.57737298283364,0.61528504589908,0.99993432112827,0.99993401663694,0.99996902426464,0.99996901761082,6.177014886683e-07,4.809508826518e-24,2.3699149208278e-05,2.3685273199596e-05,0.0099962098500326,-1.4039884785078e-07,1.4062188263453e-07,-6.573081117126e-06,-6.5884336096283e-06,-5.4619296212621e-06,0.90003150408996,0.90003122919065,2.5,2.5,-6.578923569532e-06,-0.0001
0.63249999999999,-0.037912063065438,0.57737298283364,0.61528504589908,0.99993431847004,0.99993401710277,0.99996902439002,0.99996901780447,6.1136391036419e-07,4.7601635702909e-24,2.3699540082516e-05,2.3685806440903e-05,0.0099962096763347,-1.3895836451764e-07,1.3917911099262e-07,-6.5732936510871e-06,-6.5884886279856e-06,-5.4618091359914e-06,0.90003150383333,0.90003123175446,2.5,2.5,-6.5790761603001e-06,-9.9999999999996e-05
0.63374999999999,-0.037912063065438,0.57737298283364,0.61528504589908,0.99993431583907,0.99993401756382,0.99996902451411,0.99996901799613,6.0509135522766e-07,4.7113245912239e-24,2.369992694647e-05,2.3686334211098e-05,0.0099962095044189,-1.375326604984e-07,1.3775114211156e-07,-6.5735040044636e-06,-6.5885430818581e-06,-5.4616898868962e-06,0.90003150357933,0.90003123429197,2.5,2.5,-6.5792271854969e-06,-0.00010000000000001
0.63499999999999,-0.037912063065438,0.57737298283364,0.61528504589908,0.99993431323511,0.99993401802013,0.99996902463693,0.99996901818582,5.9888315611479e-07,4.66298669798e-24,2.3700309841171e-05,2.3686856566423e-05,0.0099962093342669,-1.3612158402772e-07,1.3633782406266e-07,-6.5737121996279e-06,-6.5885969770364e-06,-5.461571861282e-06,0.90003150332793,0.90003123680344,2.5,2.5,-6.5793766611845e-06,-9.9999999999985e-05
0.63624999999999,-0.037912063065438,0.57737298283364,0.61528504589908,0.99993431065785,0.99993401847177,0.99996902475849,0.99996901837357,5.9273865272314e-07,4.6151447478375e-24,2.3700688807426e-05,2.3687373562421e-05,0.0099962091658606,-1.3472498519813e-07,1.3493900660118e-07,-6.5739182587214e-06,-6.5886503192544e-06,-5.4614550466115e-06,0.90003150307911,0.90003123928915,2.5,2.5,-6.5795246032609e-06,-0.00010000000000001
0.63749999999999,-0.037912063065438,0.57737298283364,0.61528504589908,0.99993430810704,0.99993401891877,0.9999690248788,0.99996901855939,5.8665719156148e-07,4.5677936535997e-24,2.3701063885545e-05,2.3687885254116e-05,0.0099962089991822,-1.3334271535235e-07,1.3355454092077e-07,-6.574122203663e-06,-6.5887031141855e-06,-5.4613394304451e-06,0.90003150283285,0.90003124174935,2.5,2.5,-6.5796710274611e-06,-9.9999999999994e-05
0.63874999999999,-0.037912063065438,0.57737298283364,0.61528504589908,0.99993430558241,0.99993401936119,0.99996902499788,0.9999690187433,5.8063812580743e-07,4.5209283820815e-24,2.3701435115333e-05,2.3688391695788e-05,0.009996208834214,-1.3197462753065e-07,1.3218427976084e-07,-6.574324056142e-06,-6.5887553674425e-06,-5.4612250005003e-06,0.90003150258911,0.90003124418431,2.5,2.5,-6.5798159493582e-06,-9.9999999999999e-05
0.63999999999999,-0.037912063065438,0.57737298283364,0.61528504589908,0.99993430308367,0.99993401979906,0.99996902511574,0.99996901892533,5.7468081527028e-07,4.4745439401403e-24,2.3701802536325e-05,2.3688892941477e-05,0.0099962086709382,-1.3062057615118e-07,1.308280773833e-07,-6.5745238376282e-06,-6.5888070845845e-06,-5.4611117445936e-06,0.90003150234787,0.90003124659429,2.5,2.5,-6.5799593843657e-06,-0.0001
0.64124999999999,-0.037912063065438,0.57737298283364,0.61528504589908,0.99993430061057,0.99993402023245,0.99996902523238,0.99996901910549,5.6878462638159e-07,4.4286354033945e-24,2.3702166187605e-05,2.3689389044384e-05,0.0099962085093377,-1.2928041729212e-07,1.2948578956794e-07,-6.5747215693675e-06,-6.5888582711119e-06,-5.4609996506878e-06,0.90003150210911,0.90003124897955,2.5,2.5,-6.5801013477392e-06,-9.9999999999996e-05
0.64249999999999,-0.037912063065438,0.57737298283364,0.61528504589908,0.99993429816285,0.99993402066138,0.99996902534784,0.9999690192838,5.6294893201148e-07,4.3831978833583e-24,2.3702526107866e-05,2.3689880057332e-05,0.0099962083493952,-1.2795400836042e-07,1.281572735341e-07,-6.5749172723929e-06,-6.5889089324682e-06,-5.4608887068579e-06,0.9000315018728,0.90003125134033,2.5,2.5,-6.5802418545774e-06,-0.0001
0.64374999999999,-0.037912063065438,0.57737298283364,0.61528504589908,0.99993429574024,0.99993402108592,0.9999690254621,0.99996901946029,5.5717311148742e-07,4.338226550101e-24,2.370288233539e-05,2.3690366032493e-05,0.0099962081910937,-1.2664120831151e-07,1.2684238799906e-07,-6.5751109675162e-06,-6.5889590740435e-06,-5.460778901303e-06,0.90003150163891,0.90003125367688,2.5,2.5,-6.5803809198243e-06,-9.9999999999993e-05
0.64499999999999,-0.037912063065438,0.57737298283364,0.61528504589908,0.99993429334248,0.9999340215061,0.99996902557519,0.99996901963496,5.5145655053039e-07,4.293716618922e-24,2.3703234907973e-05,2.369084702163e-05,0.0099962080344164,-1.2534187751708e-07,1.2554099310567e-07,-6.575302675341e-06,-6.5890087011692e-06,-5.4606702223497e-06,0.90003150140742,0.90003125598947,2.5,2.5,-6.5805185582706e-06,-0.00010000000000001
0.64624999999999,-0.037912063065438,0.57737298283364,0.61528504589908,0.99993429096933,0.99993402192197,0.99996902568713,0.99996901980784,5.457986411358e-07,4.2496633556021e-24,2.3703583863257e-05,2.3691323075772e-05,0.0099962078793465,-1.2405587777118e-07,1.2425295044461e-07,-6.5754924162545e-06,-6.589057819123e-06,-5.4605626584341e-06,0.90003150117831,0.90003125827833,2.5,2.5,-6.580654784555e-06,-9.9999999999998e-05
0.64749999999999,-0.037912063065438,0.57737298283364,0.61528504589908,0.99993428862052,0.99993402233357,0.99996902579791,0.99996901997894,5.4019878151997e-07,4.2060620800217e-24,2.3703929238248e-05,2.3691794245723e-05,0.0099962077258677,-1.2278307226252e-07,1.2297812299264e-07,-6.5756802104385e-06,-6.5891064331302e-06,-5.4604561981168e-06,0.90003150095155,0.90003126054371,2.5,2.5,-6.5807896131663e-06,-9.9999999999995e-05
0.64874999999999,-0.037912063065438,0.57737298283364,0.61528504589908,0.99993428629581,0.99993402274095,0.99996902590756,0.99996902014829,5.3465637611174e-07,4.1629081474005e-24,2.3704271069666e-05,2.3692260581447e-05,0.0099962075739635,-1.2152332571691e-07,1.2171637522992e-07,-6.575866077867e-06,-6.5891545483604e-06,-5.4603508300769e-06,0.90003150072711,0.90003126278584,2.5,2.5,-6.5809230584447e-06,-9.9999999999996e-05
0.64999999999999,-0.037912063065438,0.57737298283364,0.61528504589908,0.99993428399496,0.99993402314415,0.99996902601608,0.99996902031591,5.2917083543859e-07,4.120196974138e-24,2.3704609393993e-05,2.3692722132559e-05,0.0099962074236179,-1.2027650406636e-07,1.2046757289891e-07,-6.5760500383069e-06,-6.5892021699323e-06,-5.4602465431079e-06,0.90003150050498,0.90003126500497,2.5,2.5,-6.5810551345829e-06,-0.0001
0.65124999999999,-0.037912063065438,0.57737298283364,0.61528504589908,0.99993428171771,0.99993402354322,0.99996902612349,0.9999690204818,5.237415760605e-07,4.0779240095732e-24,2.3704944247094e-05,2.3693178948245e-05,0.0099962072748148,-1.1904247471067e-07,1.1923158321553e-07,-6.5762321113234e-06,-6.5892493029083e-06,-5.460143326109e-06,0.90003150028512,0.90003126720133,2.5,2.5,-6.5811858556283e-06,-0.0001
0.65249999999999,-0.037912063065438,0.57737298283364,0.61528504589908,0.99993427946382,0.99993402393818,0.9999690262298,0.99996902064599,5.1836802054748e-07,4.0360847689949e-24,2.3705275664649e-05,2.3693631076966e-05,0.0099962071275384,-1.1782110644208e-07,1.1800827467867e-07,-6.5764123162837e-06,-6.5892959523036e-06,-5.4600411681191e-06,0.90003150006752,0.90003126937515,2.5,2.5,-6.5813152354839e-06,-9.9999999999999e-05
0.65374999999999,-0.037912063065438,0.57737298283364,0.61528504589908,0.99993427723306,0.9999340243291,0.99996902633502,0.9999690208085,5.1304959736664e-07,3.9946747933145e-24,2.3705603681837e-05,2.369407856694e-05,0.0099962069817731,-1.1661226931164e-07,1.167975172313e-07,-6.5765906723513e-06,-6.5893421230798e-06,-5.4599400582573e-06,0.90003149985216,0.90003127152668,2.5,2.5,-6.5814432879106e-06,-0.00010000000000001
0.65499999999999,-0.037912063065438,0.57737298283364,0.61528504589908,0.99993427502519,0.99993402471601,0.99996902643915,0.99996902096933,5.0778574088351e-07,3.9536896840931e-24,2.3705928333645e-05,2.369452146566e-05,0.0099962068375033,-1.1541583482734e-07,1.1559918209236e-07,-6.5767671984979e-06,-6.5893878201465e-06,-5.4598399857821e-06,0.900031499639,0.90003127365613,2.5,2.5,-6.5815700265273e-06,-9.9999999999992e-05
0.65624999999999,-0.037912063065438,0.57737298283364,0.61528504589908,0.99993427283997,0.99993402509894,0.99996902654222,0.99996902112852,5.0257589123091e-07,3.9131250762214e-24,2.3706249654529e-05,2.3694959820301e-05,0.0099962066947137,-1.1423167560575e-07,1.1441314175812e-07,-6.5769419134962e-06,-6.5894330483635e-06,-5.4597409400408e-06,0.90003149942803,0.90003127576373,2.5,2.5,-6.5816954648138e-06,-9.9999999999998e-05
0.65749999999999,-0.037912063065438,0.57737298283364,0.61528504589908,0.99993427067717,0.99993402547795,0.99996902664423,0.99996902128608,4.9741949430246e-07,3.8729766590014e-24,2.3706567678644e-05,2.3695393677406e-05,0.0099962065533891,-1.1305966582657e-07,1.1323927015296e-07,-6.5771148359302e-06,-6.589477812542e-06,-5.4596429104999e-06,0.90003149921923,0.9000312778497,2.5,2.5,-6.5818196161114e-06,-9.9999999999997e-05
0.65874999999999,-0.037912063065438,0.57737298283364,0.61528504589908,0.99993426853656,0.99993402585307,0.9999690267452,0.99996902144202,4.9231600167669e-07,3.8332401635769e-24,2.370688243991e-05,2.3695823083218e-05,0.0099962064135145,-1.1189968082236e-07,1.120774424026e-07,-6.577285984191e-06,-6.5895221174432e-06,-5.4595458867402e-06,0.90003149901257,0.90003127991428,2.5,2.5,-6.5819424936246e-06,-0.00010000000000001
0.65999999999999,-0.037912063065438,0.57737298283364,0.61528504589908,0.99993426641791,0.99993402622434,0.99996902684513,0.99996902159636,4.8726487058111e-07,3.7939113597e-24,2.3707193971678e-05,2.36962480833e-05,0.009996206275075,-1.1075159714506e-07,1.1092753490429e-07,-6.577455376482e-06,-6.5895659677794e-06,-5.4594498584396e-06,0.90003149880802,0.90003128195767,2.5,2.5,-6.5820641104222e-06,-9.9999999999991e-05
0.66124999999999,-0.037912063065438,0.57737298283364,0.61528504589908,0.999934264321,0.9999340265918,0.99996902694403,0.99996902174911,4.8226556375212e-07,3.7549860698643e-24,2.3707502307159e-05,2.3696668722926e-05,0.0099962061380559,-1.096152927309e-07,1.0978942539014e-07,-6.5776230308191e-06,-6.5896093682125e-06,-5.4593548153774e-06,0.90003149860558,0.9000312839801,2.5,2.5,-6.5821844794391e-06,-0.0001
0.66249999999999,-0.037912063065438,0.57737298283364,0.61528504589908,0.9999342622456,0.99993402695549,0.99996902704192,0.9999690219003,4.7731754951409e-07,3.7164601479752e-24,2.3707807479208e-05,2.3697085046863e-05,0.0099962060024426,-1.0849064675237e-07,1.0866299281819e-07,-6.5777889650328e-06,-6.5896523233609e-06,-5.459260747455e-06,0.90003149840522,0.90003128598177,2.5,2.5,-6.5823036134776e-06,-9.9999999999996e-05
0.66374999999999,-0.037912063065438,0.57737298283364,0.61528504589908,0.9999342601915,0.99993402731545,0.9999690271388,0.99996902204994,4.7242030157267e-07,3.6783295022781e-24,2.3708109520149e-05,2.3697497099265e-05,0.0099962058682206,-1.0737753956603e-07,1.0754811737566e-07,-6.5779531967711e-06,-6.5896948377919e-06,-5.4591676446605e-06,0.9000314982069,0.90003128796291,2.5,2.5,-6.5824215252082e-06,-9.9999999999997e-05
0.66499999999999,-0.037912063065438,0.57737298283364,0.61528504589908,0.99993425815847,0.99993402767171,0.99996902723469,0.99996902219804,4.6757329910009e-07,3.640590075268e-24,2.3708408462195e-05,2.3697904924036e-05,0.0099962057353758,-1.0627585280593e-07,1.0644468048381e-07,-6.578115743502e-06,-6.5897369160285e-06,-5.4590754971002e-06,0.90003149801063,0.90003128992373,2.5,2.5,-6.5825382271721e-06,-0.0001
0.66624999999999,-0.037912063065438,0.57737298283364,0.61528504589908,0.99993425614631,0.99993402802433,0.9999690273296,0.99996902234462,4.6277602655066e-07,3.6032378494627e-24,2.370870433712e-05,2.3698308564607e-05,0.009996205603894,-1.0518546922807e-07,1.0535256475586e-07,-6.5782766225144e-06,-6.5897785625433e-06,-5.4589842949636e-06,0.90003149781637,0.90003129186442,2.5,2.5,-6.582653731781e-06,-0.00010000000000001
0.66749999999999,-0.037912063065438,0.57737298283364,0.61528504589908,0.99993425415478,0.99993402837332,0.99996902742353,0.9999690224897,4.5802797373191e-07,3.5662688579691e-24,2.3708997176346e-05,2.3698708063863e-05,0.0099962054737612,-1.0410627296789e-07,1.0427165410857e-07,-6.5784358509181e-06,-6.5898197817684e-06,-5.458894028556e-06,0.9000314976241,0.90003129378521,2.5,2.5,-6.58276805132e-06,-9.9999999999986e-05
0.66874999999999,-0.037912063065438,0.57737298283364,0.61528504589908,0.99993425218369,0.99993402871873,0.9999690275165,0.99996902263329,4.5332863562933e-07,3.5296791638416e-24,2.3709287011109e-05,2.3699103464217e-05,0.0099962053449635,-1.0303814917094e-07,1.0320183350724e-07,-6.5785934456485e-06,-6.5898605780862e-06,-5.458804688277e-06,0.9000314974338,0.90003129568629,2.5,2.5,-6.5828811979477e-06,-0.00010000000000001
0.66999999999999,-0.037912063065438,0.57737298283364,0.61528504589908,0.99993425023282,0.9999340290606,0.99996902760852,0.99996902277541,4.4867751243019e-07,3.4934648797753e-24,2.370957387216e-05,2.3699494807813e-05,0.0099962052174872,-1.0198098429917e-07,1.0214298923678e-07,-6.5787494234669e-06,-6.5899009558381e-06,-5.4587162646243e-06,0.90003149724546,0.90003129756786,2.5,2.5,-6.5829931836983e-06,-0.0001
0.67124999999999,-0.037912063065438,0.57737298283364,0.61528504589908,0.99993424830197,0.99993402939896,0.99996902769959,0.99996902291607,4.4407410947965e-07,3.4576221500878e-24,2.3709857790065e-05,2.3699882136241e-05,0.0099962050913189,-1.0093466579254e-07,1.0109500858471e-07,-6.5789038009627e-06,-6.5899409193151e-06,-5.4586287481903e-06,0.90003149705905,0.90003129943013,2.5,2.5,-6.583104020482e-06,-9.9999999999995e-05
0.67249999999999,-0.037912063065438,0.57737298283364,0.61528504589908,0.99993424639093,0.99993402973385,0.99996902778972,0.99996902305528,4.3951793713721e-07,3.4221471659878e-24,2.3710138794928e-05,2.3700265490741e-05,0.009996204966445,-9.989908253105e-08,1.0005778020337e-07,-6.5790565945567e-06,-6.5899804727705e-06,-5.4585421296702e-06,0.90003149687455,0.90003130127329,2.5,2.5,-6.5832137200874e-06,-9.9999999999995e-05
0.67374999999999,-0.037912063065438,0.57737298283364,0.61528504589908,0.99993424449949,0.9999340300653,0.99996902787894,0.99996902319307,4.3500851084629e-07,3.3870361504672e-24,2.3710416916728e-05,2.3700644912022e-05,0.0099962048428524,-9.88741242026e-08,9.9031193662122e-08,-6.5792078204959e-06,-6.5900196204091e-06,-5.4584563998503e-06,0.90003149669194,0.90003130309754,2.5,2.5,-6.5833222941817e-06,-0.0001
0.67499999999999,-0.037912063065438,0.57737298283364,0.61528504589908,0.99993424262747,0.99993403039336,0.99996902796723,0.99996902332944,4.3054535098241e-07,3.3522853741912e-24,2.3710692185042e-05,2.3701020440497e-05,0.0099962047205278,-9.7859681965386e-08,9.8015139887996e-08,-6.5793574948673e-06,-6.5900583663956e-06,-5.4583715496144e-06,0.90003149651121,0.90003130490307,2.5,2.5,-6.5834297543127e-06,-0.0001
0.67624999999999,-0.037912063065438,0.57737298283364,0.61528504589908,0.99993424077464,0.99993403071804,0.99996902805462,0.99996902346442,4.2612798284518e-07,3.317891136764e-24,2.3710964629043e-05,2.3701392116004e-05,0.0099962045994582,-9.6855647792024e-08,9.7009510735054e-08,-6.5795056335891e-06,-6.5900967148506e-06,-5.4582875699351e-06,0.90003149633233,0.90003130669008,2.5,2.5,-6.5835361119096e-06,-0.00010000000000001
0.67749999999999,-0.037912063065438,0.57737298283364,0.61528504589908,0.99993423894083,0.9999340310394,0.99996902814112,0.999969023598,4.2175593664298e-07,3.2838497835557e-24,2.3711234277867e-05,2.3701759978218e-05,0.0099962044796308,-9.5861914965349e-08,9.6014199273439e-08,-6.5796522524165e-06,-6.5901346698537e-06,-5.4582044518829e-06,0.90003149615529,0.90003130845875,2.5,2.5,-6.5836413782841e-06,-9.9999999999986e-05
0.67874999999999,-0.037912063065438,0.57737298283364,0.61528504589908,0.99993423712583,0.99993403135746,0.99996902822673,0.99996902373022,4.1742874733752e-07,3.2501576915132e-24,2.3711501160092e-05,2.3702124066131e-05,0.0099962043610329,-9.4878377766065e-08,9.5029099646067e-08,-6.5797973669449e-06,-6.5901722354401e-06,-5.4581221866206e-06,0.90003149598006,0.90003131020928,2.5,2.5,-6.5837455646324e-06,-0.0001
0.67999999999999,-0.037912063065438,0.57737298283364,0.61528504589908,0.99993423532946,0.99993403167225,0.99996902831145,0.99996902386109,4.1314595473962e-07,3.2168112790208e-24,2.371176530413e-05,2.3702484418528e-05,0.0099962042436517,-9.3904931570641e-08,9.4054107078866e-08,-6.5799409926064e-06,-6.590209415606e-06,-5.4580407653839e-06,0.90003149580663,0.90003131194185,2.5,2.5,-6.5838486820352e-06,-0.00010000000000001
0.68124999999999,-0.037912063065438,0.57737298283364,0.61528504589908,0.99993423355151,0.99993403198382,0.99996902839531,0.99996902399061,4.0890710332121e-07,3.1838069992733e-24,2.3712026738061e-05,2.370284107378e-05,0.0099962041274749,-9.2941472923628e-08,9.3089117868925e-08,-6.5800831446784e-06,-6.5902462143052e-06,-5.4579601795348e-06,0.90003149563498,0.90003131365664,2.5,2.5,-6.58395074146e-06,-9.9999999999993e-05
0.68249999999999,-0.037912063065438,0.57737298283364,0.61528504589908,0.99993423179181,0.99993403229219,0.99996902847831,0.9999690241188,4.0471174225647e-07,3.1511413389818e-24,2.3712285489652e-05,2.3703194069711e-05,0.00999620401249,-9.1987899266348e-08,9.2134029402175e-08,-6.5802238382786e-06,-6.5902826354529e-06,-5.4578804204865e-06,0.90003149546509,0.90003131535384,2.5,2.5,-6.5840517537616e-06,-0.0001
0.68374999999999,-0.037912063065438,0.57737298283364,0.61528504589908,0.99993423005016,0.99993403259739,0.99996902856046,0.99996902424567,4.0055942531821e-07,3.118810828092e-24,2.3712541586525e-05,2.3703543443945e-05,0.0099962038986849,-9.1044109252116e-08,9.1188740091333e-08,-6.5803630883717e-06,-6.5903186829223e-06,-5.4578014797626e-06,0.90003149529695,0.90003131703362,2.5,2.5,-6.5841517296833e-06,-9.9999999999994e-05
0.68499999999999,-0.037912063065438,0.57737298283364,0.61528504589908,0.99993422832638,0.99993403289946,0.99996902864176,0.99996902437125,3.9644971089508e-07,3.0868120245995e-24,2.3712795055841e-05,2.3703889233679e-05,0.0099962037860474,-9.0110002421845e-08,9.0253149363734e-08,-6.5805009097681e-06,-6.5903543605459e-06,-5.4577233489642e-06,0.90003149513053,0.90003131869617,2.5,2.5,-6.5842506798583e-06,-0.00010000000000001
0.68624999999999,-0.037912063065438,0.57737298283364,0.61528504589908,0.99993422662029,0.99993403319844,0.99996902872223,0.99996902449553,3.9238216186372e-07,3.0551415286944e-24,2.3713045924576e-05,2.3704231475586e-05,0.0099962036745655,-8.9185479467719e-08,8.9327157738309e-08,-6.5806373171241e-06,-6.5903896721192e-06,-5.4576460197828e-06,0.90003149496582,0.90003132034167,2.5,2.5,-6.5843486148108e-06,-0.00010000000000001
0.68749999999999,-0.037912063065438,0.57737298283364,0.61528504589908,0.9999342249317,0.99993403349435,0.99996902880188,0.99996902461854,3.8835634565266e-07,3.0237959699445e-24,2.3713294219433e-05,2.37045702061e-05,0.0099962035642274,-8.8270442084279e-08,8.8410666746354e-08,-6.5807723249512e-06,-6.5904246213987e-06,-5.4575694839912e-06,0.90003149480279,0.90003132197028,2.5,2.5,-6.5844455449569e-06,-9.9999999999981e-05
0.68874999999999,-0.037912063065438,0.57737298283364,0.61528504589908,0.99993422326044,0.99993403378722,0.9999690288807,0.99996902474029,3.8437183407161e-07,2.9927720148579e-24,2.3713539966769e-05,2.3704905461311e-05,0.0099962034550215,-8.7364792940826e-08,8.7503578881243e-08,-6.5809059476049e-06,-6.5904592121009e-06,-5.4574937334606e-06,0.90003149464144,0.90003132358218,2.5,2.5,-6.5845414806059e-06,-0.0001
0.68999999999999,-0.037912063065438,0.57737298283364,0.61528504589908,0.99993422160632,0.99993403407708,0.99996902895872,0.99996902486079,3.8042820328782e-07,2.9620663634825e-24,2.3713783192788e-05,2.3705237276766e-05,0.0099962033469359,-8.6468435654268e-08,8.6605797679111e-08,-6.5810381993e-06,-6.5904934479046e-06,-5.4574187601186e-06,0.90003149448175,0.90003132517754,2.5,2.5,-6.5846364319611e-06,-0.00010000000000001
0.69124999999999,-0.037912063065438,0.57737298283364,0.61528504589908,0.99993421996917,0.99993403436397,0.99996902903594,0.99996902498005,3.765250339508e-07,2.9316757456129e-24,2.3714023923268e-05,2.3705565687854e-05,0.0099962032399593,-8.5581274986612e-08,8.5717227679805e-08,-6.5811690940996e-06,-6.5905273324508e-06,-5.4573445560014e-06,0.90003149432369,0.90003132675653,2.5,2.5,-6.5847304091214e-06,-0.0001
0.69249999999999,-0.037912063065438,0.57737298283364,0.61528504589908,0.99993421834882,0.99993403464792,0.99996902911237,0.99996902509809,3.7266191085326e-07,2.9015969389019e-24,2.3714262183888e-05,2.370589072948e-05,0.0099962031340803,-8.4703216470823e-08,8.4837774314311e-08,-6.5812986459277e-06,-6.5905608693436e-06,-5.4572711132081e-06,0.90003149416726,0.90003132831933,2.5,2.5,-6.5848234220819e-06,-9.9999999999992e-05
0.69374999999999,-0.037912063065438,0.57737298283364,0.61528504589908,0.9999342167451,0.99993403492896,0.99996902918801,0.99996902521492,3.6883842317498e-07,2.8718267397067e-24,2.3714497999993e-05,2.3706212436103e-05,0.0099962030292876,-8.3834166834707e-08,8.3967344105655e-08,-6.5814268685621e-06,-6.5905940621502e-06,-5.4571984239393e-06,0.90003149401243,0.90003132986609,2.5,2.5,-6.5849154807353e-06,-0.00010000000000001
0.69499999999999,-0.037912063065438,0.57737298283364,0.61528504589908,0.99993421515783,0.99993403520711,0.99996902926287,0.99996902533055,3.6505416423841e-07,2.8423619786526e-24,2.3714731396668e-05,2.370653084212e-05,0.00999620292557,-8.2974033582106e-08,8.3105844458566e-08,-6.5815537756393e-06,-6.5906269144011e-06,-5.457126480459e-06,0.90003149385919,0.90003133139698,2.5,2.5,-6.5850065948728e-06,-9.9999999999988e-05
0.69624999999999,-0.037912063065438,0.57737298283364,0.61528504589908,0.99993421358684,0.99993403548241,0.99996902933697,0.99996902544499,3.6130873155555e-07,2.8131995243125e-24,2.3714962398641e-05,2.3706845981293e-05,0.0099962028229166,-8.2122725221236e-08,8.2253183744056e-08,-6.5816793806587e-06,-6.5906594295899e-06,-5.45705527511e-06,0.90003149370752,0.90003133291216,2.5,2.5,-6.585096774185e-06,-0.0001
0.69749999999999,-0.037912063065438,0.57737298283364,0.61528504589908,0.99993421203198,0.99993403575488,0.99996902941031,0.99996902555826,3.5760172675412e-07,2.7843362737292e-24,2.3715191030563e-05,2.3707157887149e-05,0.0099962027213165,-8.1280151260162e-08,8.1409271270014e-08,-6.5818036969797e-06,-6.5906916111743e-06,-5.4569848003233e-06,0.90003149355741,0.9000313344118,2.5,2.5,-6.5851860282632e-06,-9.9999999999995e-05
0.69874999999999,-0.037912063065438,0.57737298283364,0.61528504589908,0.99993421049306,0.99993403602456,0.99996902948289,0.99996902567037,3.5393275562632e-07,2.7557691589985e-24,2.3715417316809e-05,2.3707466592872e-05,0.0099962026207587,-8.044622200856e-08,8.0574017270003e-08,-6.5819267378223e-06,-6.590723462578e-06,-5.4569150486047e-06,0.90003149340884,0.90003133589605,2.5,2.5,-6.5852743666e-06,-0.00010000000000001
0.69999999999999,-0.037912063065438,0.57737298283364,0.61528504589908,0.99993420896994,0.99993403629147,0.99996902955473,0.99996902578132,3.5030142788357e-07,2.7274951419504e-24,2.3715641281277e-05,2.3707772131342e-05,0.0099962025212326,-7.9620848878167e-08,7.9747332953554e-08,-6.582048516273e-06,-6.5907549871875e-06,-5.4568460125361e-06,0.90003149326179,0.90003133736507,2.5,2.5,-6.5853617985913e-06,-9.9999999999997e-05
0.70124999999999,-0.037912063065438,0.57737298283364,0.61528504589908,0.99993420746244,0.99993403655564,0.99996902962584,0.99996902589114,3.4670735734429e-07,2.6995112131761e-24,2.371586294795e-05,2.3708074534946e-05,0.0099962024227277,-7.8803943982759e-08,7.8929130348901e-08,-6.5821690452843e-06,-6.590786188358e-06,-5.4567776847715e-06,0.90003149311625,0.90003133881902,2.5,2.5,-6.5854483335357e-06,-0.0001
0.70249999999999,-0.037912063065438,0.57737298283364,0.61528504589908,0.99993420597041,0.99993403681711,0.99996902969621,0.99996902599983,3.4315016173469e-07,2.6718143994995e-24,2.3716082340293e-05,2.3708373835929e-05,0.0099962023252334,-7.7995420466346e-08,7.8119322432167e-08,-6.5822883376776e-06,-6.590817069406e-06,-5.4567100580442e-06,0.9000314929722,0.90003134025806,2.5,2.5,-6.5855339806371e-06,-0.00010000000000001
0.70374999999999,-0.037912063065438,0.57737298283364,0.61528504589908,0.99993420449369,0.99993403707589,0.99996902976586,0.99996902610741,3.3962946273084e-07,2.6444017513642e-24,2.3716299481708e-05,2.3708670066095e-05,0.0099962022287394,-7.7195192416885e-08,7.7317823147453e-08,-6.582406406136e-06,-6.5908476336159e-06,-5.4566431251653e-06,0.90003149282963,0.90003134168232,2.5,2.5,-6.5856187490045e-06,-9.9999999999986e-05
0.70499999999999,-0.037912063065438,0.57737298283364,0.61528504589908,0.99993420303212,0.99993403733201,0.9999690298348,0.99996902621388,3.3614488587091e-07,2.6172703536945e-24,2.3716514395215e-05,2.3708963256995e-05,0.0099962021332354,-7.6403174609117e-08,7.6524547148528e-08,-6.5825232632209e-06,-6.5908778842401e-06,-5.456576879015e-06,0.90003149268853,0.90003134309198,2.5,2.5,-6.5857026476541e-06,-9.9999999999992e-05
0.70624999999999,-0.037912063065438,0.57737298283364,0.61528504589908,0.99993420158554,0.99993403758551,0.99996902990303,0.99996902631926,3.3269606057058e-07,2.5904173251246e-24,2.3716727103781e-05,2.3709253439751e-05,0.0099962020387113,-7.5619282827276e-08,7.5739410115536e-08,-6.5826389213585e-06,-6.5909078244931e-06,-5.4565113125397e-06,0.90003149254887,0.90003134448717,2.5,2.5,-6.5857856855086e-06,-0.00010000000000002
0.70749999999999,-0.037912063065438,0.57737298283364,0.61528504589908,0.99993420015381,0.9999340378364,0.99996902997056,0.99996902642356,3.2928261997897e-07,2.5638398090337e-24,2.3716937629968e-05,2.3709540645221e-05,0.009996201945157,-7.484343377431e-08,7.4962328549528e-08,-6.5827533928527e-06,-6.590937457562e-06,-5.4564464187775e-06,0.90003149241065,0.90003134586805,2.5,2.5,-6.5858678713999e-06,-9.9999999999991e-05
0.70874999999999,-0.037912063065438,0.57737298283364,0.61528504589908,0.99993419873676,0.99993403808472,0.9999690300374,0.99996902652679,3.2590420109101e-07,2.5375349735252e-24,2.3717145996149e-05,2.3709824904003e-05,0.0099962018525626,-7.4075544883002e-08,7.4193219804511e-08,-6.582866689875e-06,-6.5909667865967e-06,-5.4563821908203e-06,0.90003149227384,0.90003134723476,2.5,2.5,-6.5859492140693e-06,-0.00010000000000001
0.70999999999999,-0.037912063065438,0.57737298283364,0.61528504589908,0.99993419733426,0.9999340383305,0.99996903010355,0.99996902662896,3.2256044453803e-07,2.5115000258856e-24,2.3717352224517e-05,2.3710106246255e-05,0.0099962017609182,-7.3315534457484e-08,7.3432002048747e-08,-6.5829788244778e-06,-6.5909958147186e-06,-5.4563186218371e-06,0.90003149213844,0.90003134858745,2.5,2.5,-6.5860297221681e-06,-9.9999999999994e-05
0.71124999999999,-0.037912063065438,0.57737298283364,0.61528504589908,0.99993419594614,0.99993403857375,0.99996903016902,0.99996902673008,3.1925099473776e-07,2.4857321924844e-24,2.3717556336987e-05,2.3710384702066e-05,0.0099962016702141,-7.2563321700356e-08,7.2678594334194e-08,-6.5830898085856e-06,-6.5910245450134e-06,-5.4562557050666e-06,0.90003149200442,0.90003134992626,2.5,2.5,-6.5861094042588e-06,-9.9999999999991e-05
0.71249999999999,-0.037912063065438,0.57737298283364,0.61528504589908,0.99993419457227,0.99993403881451,0.99996903023382,0.99996902683016,3.1597549968535e-07,2.4602287392041e-24,2.3717758355266e-05,2.3710660300892e-05,0.0099962015804405,-7.181882659186e-08,7.1932916541633e-08,-6.5831996540046e-06,-6.5910529805365e-06,-5.4561934338204e-06,0.90003149187178,0.90003135125134,2.5,2.5,-6.5861882688163e-06,-0.00010000000000001
0.71374999999999,-0.037912063065438,0.57737298283364,0.61528504589908,0.99993419321249,0.99993403905279,0.99996903029796,0.99996902692922,3.1273361101078e-07,2.4349869469667e-24,2.3717958300887e-05,2.3710933072106e-05,0.0099962014915881,-7.1081969977194e-08,7.1194889362112e-08,-6.5833083724157e-06,-6.5910811243136e-06,-5.4561318014725e-06,0.9000314917405,0.90003135256281,2.5,2.5,-6.5862663242284e-06,-9.9999999999999e-05
0.71499999999999,-0.037912063065438,0.57737298283364,0.61528504589908,0.99993419186666,0.99993403928864,0.99996903036143,0.99996902702726,3.0952498387252e-07,2.410004133737e-24,2.3718156195029e-05,2.3711203044634e-05,0.0099962014036472,-7.0352673435101e-08,7.0464434288036e-08,-6.5834159753831e-06,-6.5911089793373e-06,-5.4560708014673e-06,0.90003149161057,0.90003135386084,2.5,2.5,-6.5863435787968e-06,-0.0001
0.71624999999999,-0.037912063065438,0.57737298283364,0.61528504589908,0.99993419053464,0.99993403952206,0.99996903042426,0.99996902712429,3.063492770872e-07,2.3852776446228e-24,2.3718352058781e-05,2.3711470247279e-05,0.0099962013166086,-6.9630859457813e-08,6.97414736384e-08,-6.5835224743513e-06,-6.5911365485699e-06,-5.4560104273221e-06,0.90003149148198,0.90003135514554,2.5,2.5,-6.5864200407383e-06,-0.0001
0.71749999999999,-0.037912063065438,0.57737298283364,0.61528504589908,0.99993418921629,0.99993403975308,0.99996903048644,0.99996902722033,3.0320615284119e-07,2.360804846154e-24,2.3718545913074e-05,2.3711734708474e-05,0.0099962012304631,-6.8916451221356e-08,6.9025930515573e-08,-6.5836278806466e-06,-6.5911638349436e-06,-5.4559506726067e-06,0.9000314913547,0.90003135641707,2.5,2.5,-6.5864957181851e-06,-0.0001
0.71874999999999,-0.037912063065438,0.57737298283364,0.61528504589908,0.99993418791146,0.99993403998174,0.99996903054799,0.99996902731539,3.0009527684447e-07,2.3365831390888e-24,2.3718737778374e-05,2.3711996456329e-05,0.0099962011452014,-6.8209372779206e-08,6.8317728824264e-08,-6.58373220548e-06,-6.5911908413613e-06,-5.4558915309734e-06,0.90003149122872,0.90003135767555,2.5,2.5,-6.5865706191861e-06,-9.9999999999994e-05
0.71999999999999,-0.037912063065438,0.57737298283364,0.61528504589908,0.99993418662002,0.99993404020805,0.9999690306089,0.99996902740947,2.9701631823568e-07,2.312609944051e-24,2.3718927675126e-05,2.3712255518648e-05,0.0099962010608144,-6.7509548945183e-08,6.7616793250836e-08,-6.5838354599461e-06,-6.5912175706951e-06,-5.4558329961317e-06,0.90003149110404,0.90003135892111,2.5,2.5,-6.5866447517076e-06,-0.00010000000000001
0.72124999999999,-0.037912063065438,0.57737298283364,0.61528504589908,0.99993418534183,0.99993404043204,0.99996903066918,0.99996902750258,2.939689495667e-07,2.288882709026e-24,2.3719115623615e-05,2.3712511922991e-05,0.0099962009772933,-6.6816905214705e-08,6.6923049214488e-08,-6.5839376550286e-06,-6.5912440257875e-06,-5.455775061851e-06,0.90003149098064,0.9000313601539,2.5,2.5,-6.586718123634e-06,-9.9999999999987e-05
0.72249999999999,-0.037912063065438,0.57737298283364,0.61528504589908,0.99993418407676,0.99993404065373,0.99996903072885,0.99996902759474,2.9095284669091e-07,2.265398918644e-24,2.3719301643734e-05,2.3712765696694e-05,0.0099962008946291,-6.6131367992065e-08,6.6236422951944e-08,-6.5840388015958e-06,-6.5912702094525e-06,-5.4557177219718e-06,0.90003149085851,0.90003136137404,2.5,2.5,-6.5867907427691e-06,-0.00010000000000001
0.72374999999999,-0.037912063065438,0.57737298283364,0.61528504589908,0.99993418282466,0.99993404087315,0.99996903078791,0.99996902768595,2.8796768885215e-07,2.2421560699986e-24,2.3719485755252e-05,2.3713016866617e-05,0.009996200812813,-6.5452864308775e-08,6.5556841421553e-08,-6.5841389104064e-06,-6.5912961244732e-06,-5.4556609703979e-06,0.90003149073763,0.90003136258166,2.5,2.5,-6.5868626168364e-06,-9.9999999999989e-05
0.72499999999999,-0.037912063065438,0.57737298283364,0.61528504589908,0.99993418158542,0.99993404109031,0.99996903084636,0.99996902777623,2.850131585416e-07,2.2191516871417e-24,2.3719667977827e-05,2.3713265459595e-05,0.0099962007318363,-6.4781322078313e-08,6.4884232387967e-08,-6.584237992107e-06,-6.5913217736093e-06,-5.4556048010906e-06,0.90003149061798,0.90003136377689,2.5,2.5,-6.5869337534805e-06,-0.00010000000000001
0.72624999999999,-0.037912063065438,0.57737298283364,0.61528504589908,0.99993418035888,0.99993404130525,0.99996903090421,0.99996902786558,2.8208894152221e-07,2.1963833323858e-24,2.371984833085e-05,2.3713511502043e-05,0.0099962006516905,-6.4116669797708e-08,6.4218524249338e-08,-6.5843360572353e-06,-6.5913471595866e-06,-5.4555492080775e-06,0.90003149049957,0.90003136495986,2.5,2.5,-6.587004160267e-06,-0.0001
0.72749999999999,-0.037912063065438,0.57737298283364,0.61528504589908,0.99993417914493,0.99993404151798,0.99996903096147,0.99996902795401,2.7919472678798e-07,2.1738485776992e-24,2.3720026833421e-05,2.3713755020067e-05,0.009996200572367,-6.3458836817256e-08,6.3559646252463e-08,-6.5844331162208e-06,-6.5913722851049e-06,-5.4554941854447e-06,0.90003149038237,0.90003136613069,2.5,2.5,-6.5870738446843e-06,-9.999999999999e-05
0.72874999999999,-0.037912063065438,0.57737298283364,0.61528504589908,0.99993417794344,0.99993404172853,0.99996903101814,0.99996902804154,2.763302065048e-07,2.1515450285208e-24,2.3720203504565e-05,2.371399603963e-05,0.0099962004938573,-6.2807753131456e-08,6.2907528270195e-08,-6.584529179388e-06,-6.5913971528362e-06,-5.4554397273403e-06,0.90003149026637,0.90003136728951,2.5,2.5,-6.5871428141438e-06,-0.0001
0.72999999999999,-0.037912063065438,0.57737298283364,0.61528504589908,0.99993417675427,0.99993404193692,0.99996903107423,0.99996902812817,2.7349507602313e-07,2.1294703136314e-24,2.3720378363083e-05,2.3714234586364e-05,0.0099962004161531,-6.2163349574656e-08,6.2262101017655e-08,-6.5846242569523e-06,-6.5914217654273e-06,-5.4553858279773e-06,0.90003149015157,0.90003136843643,2.5,2.5,-6.5872110759811e-06,-0.00010000000000001
0.73124999999999,-0.037912063065438,0.57737298283364,0.61528504589908,0.9999341755773,0.99993404214317,0.99996903112974,0.99996902821391,2.7068903380342e-07,2.1076220816277e-24,2.3720551427563e-05,2.371447068563e-05,0.0099962003392461,-6.1525557503243e-08,6.16232957748e-08,-6.5847183590268e-06,-6.5914461254941e-06,-5.4553324816119e-06,0.90003149003794,0.90003136957159,2.5,2.5,-6.5872786374561e-06,-9.9999999999993e-05
0.73249999999999,-0.037912063065438,0.57737298283364,0.61528504589908,0.99993417441241,0.9999340423473,0.99996903118469,0.99996902829877,2.6791178139827e-07,2.0859980111303e-24,2.3720722716424e-05,2.3714704362474e-05,0.0099962002631282,-6.0894309191407e-08,6.0991044670087e-08,-6.584811495621e-06,-6.5914702356288e-06,-5.4552796825774e-06,0.90003148992548,0.90003137069511,2.5,2.5,-6.5873455057549e-06,-9.9999999999993e-05
0.73374999999999,-0.037912063065438,0.57737298283364,0.61528504589908,0.99993417325947,0.99993404254934,0.99996903123907,0.99996902838276,2.6516302343881e-07,2.0645958031413e-24,2.3720892247848e-05,2.3714935641886e-05,0.0099962001877913,-6.0269537413151e-08,6.0365280391229e-08,-6.5849036766391e-06,-6.5914940983948e-06,-5.4552274252604e-06,0.90003148981417,0.9000313718071,2.5,2.5,-6.5874116879891e-06,-0.0001
0.73499999999999,-0.037912063065438,0.57737298283364,0.61528504589908,0.99993417211836,0.99993404274931,0.99996903129289,0.99996902846588,2.6244246755158e-07,2.0434131814405e-24,2.3721060039912e-05,2.3715164548321e-05,0.0099962001132274,-5.9651175763226e-08,5.9745936416513e-08,-6.5849949118863e-06,-6.5915177163304e-06,-5.4551757040995e-06,0.900031489704,0.90003137290767,2.5,2.5,-6.5874771911976e-06,-0.00010000000000001
0.73624999999999,-0.037912063065438,0.57737298283364,0.61528504589908,0.99993417098896,0.99993404294723,0.99996903134616,0.99996902854816,2.597498243968e-07,2.0224478925019e-24,2.3721226110443e-05,2.3715391106178e-05,0.0099962000394284,-5.9039158462767e-08,5.9132946889979e-08,-6.5850852110654e-06,-6.591541091947e-06,-5.4551245135946e-06,0.90003148959496,0.90003137399696,2.5,2.5,-6.5875420223474e-06,-9.9999999999997e-05
0.73749999999999,-0.037912063065438,0.57737298283364,0.61528504589908,0.99993416987114,0.99993404314311,0.99996903139888,0.99996902862959,2.570848075887e-07,2.0016977034525e-24,2.3721390477084e-05,2.3715615339617e-05,0.0099961999663866,-5.8433420427215e-08,5.8526246582648e-08,-6.5851745837801e-06,-6.591564227732e-06,-5.4550738483021e-06,0.90003148948705,0.90003137507507,2.5,2.5,-6.5876061883337e-06,-0.00010000000000001
0.73874999999999,-0.037912063065438,0.57737298283364,0.61528504589908,0.9999341687648,0.99993404333699,0.99996903145106,0.99996902871018,2.5444713368607e-07,1.9811604091784e-24,2.3721553157333e-05,2.371583727239e-05,0.0099961998940943,-5.7833897212332e-08,5.7925770988578e-08,-6.5852630395366e-06,-6.5915871261452e-06,-5.4550237028267e-06,0.90003148938024,0.90003137614212,2.5,2.5,-6.5876696959811e-06,-9.9999999999981e-05
0.73999999999999,-0.037912063065438,0.57737298283364,0.61528504589908,0.9999341676698,0.99993404352887,0.99996903150271,0.99996902878995,2.5183652215445e-07,1.9608338312931e-24,2.3721714168492e-05,2.3716056928199e-05,0.0099961998225436,-5.724052508539e-08,5.7331456235854e-08,-6.5853505877433e-06,-6.5916097896211e-06,-5.4549740718462e-06,0.90003148927452,0.90003137719822,2.5,2.5,-6.587732552044e-06,-0.00010000000000001
0.74124999999999,-0.037912063065438,0.57737298283364,0.61528504589908,0.99993416658604,0.99993404371879,0.99996903155383,0.9999690288689,2.4925269533217e-07,1.9407157999455e-24,2.3721873527744e-05,2.3716274330336e-05,0.0099961997517271,-5.665324091495e-08,5.6743239111256e-08,-6.5854372377096e-06,-6.5916322205728e-06,-5.4549249500767e-06,0.90003148916989,0.90003137824349,2.5,2.5,-6.5877947632076e-06,-9.9999999999996e-05
0.74249999999999,-0.037912063065438,0.57737298283364,0.61528504589908,0.9999341655134,0.99993404390676,0.99996903160442,0.99996902894704,2.466953784076e-07,1.9208041747425e-24,2.3722031251875e-05,2.3716489501958e-05,0.0099961996816371,-5.6071982228645e-08,5.6161057055539e-08,-6.5855229986542e-06,-6.591654421383e-06,-5.454876332291e-06,0.90003148906633,0.90003137927803,2.5,2.5,-6.5878563360886e-06,-0.00010000000000001
0.74374999999999,-0.037912063065438,0.57737298283364,0.61528504589908,0.99993416445176,0.9999340440928,0.99996903165449,0.99996902902438,2.4416429940294e-07,1.9010968488241e-24,2.3722187357861e-05,2.3716702465938e-05,0.0099961996122662,-5.5496687239168e-08,5.5584848165249e-08,-6.5856078796971e-06,-6.5916763944142e-06,-5.4548282133221e-06,0.90003148896384,0.90003138030195,2.5,2.5,-6.5879172772358e-06,-0.0001
0.74499999999999,-0.037912063065438,0.57737298283364,0.61528504589908,0.99993416340102,0.99993404427693,0.99996903170405,0.99996902910092,2.4165918909213e-07,1.8815917141376e-24,2.3722341862159e-05,2.3716913244835e-05,0.0099961995436071,-5.4927294725791e-08,5.5014551119966e-08,-6.5856918898632e-06,-6.5916981420045e-06,-5.4547805880507e-06,0.9000314888624,0.90003138131537,2.5,2.5,-6.5879775931307e-06,-9.9999999999992e-05
0.74624999999999,-0.037912063065438,0.57737298283364,0.61528504589908,0.99993416236106,0.99993404445917,0.9999690317531,0.99996902917668,2.3917978106754e-07,1.8622866998091e-24,2.3722494781257e-05,2.3717121861257e-05,0.0099961994756524,-5.4363744148657e-08,5.4450105299007e-08,-6.5857750380934e-06,-6.5917196664654e-06,-5.4547334514118e-06,0.90003148876199,0.9000313823184,2.5,2.5,-6.5880372901882e-06,-0.00010000000000001
0.74749999999999,-0.037912063065438,0.57737298283364,0.61528504589908,0.99993416133176,0.99993404463954,0.99996903180165,0.99996902925166,2.3672581160502e-07,1.8431797572797e-24,2.372264613143e-05,2.3717328337231e-05,0.009996199408395,-5.3805975550328e-08,5.3891450661878e-08,-6.585857333225e-06,-6.5917409700865e-06,-5.4546867983846e-06,0.90003148866262,0.90003138331113,2.5,2.5,-6.5880963747578e-06,-9.9999999999991e-05
0.74874999999999,-0.037912063065438,0.57737298283364,0.61528504589908,0.99993416031303,0.99993404481807,0.9999690318497,0.99996902932588,2.3429701972572e-07,1.8242688495283e-24,2.3722795928743e-05,2.3717532694751e-05,0.0099961993418275,-5.3253929662364e-08,5.3338527768765e-08,-6.5859387840154e-06,-6.5917620551342e-06,-5.4546406240287e-06,0.90003148856427,0.90003138429368,2.5,2.5,-6.5881548531233e-06,-0.0001
0.74999999999999,-0.037912063065438,0.57737298283364,0.61528504589908,0.99993415930475,0.99993404499476,0.99996903189726,0.99996902939933,2.3189314707705e-07,1.8055519654755e-24,2.3722944189156e-05,2.3717734955604e-05,0.0099961992759431,-5.2707547689298e-08,5.2791277853841e-08,-6.5860193991272e-06,-6.5917829238507e-06,-5.4545949234066e-06,0.90003148846693,0.90003138526614,2.5,2.5,-6.5882127315045e-06,-0.00010000000000001
