time,J_max,J_min,Jbar_max,Jbar_min,center_pressure,edge_ux,mass,mass_reaction,outflow_gradient,platen_max,platen_min,solid_fraction_max,solid_fraction_min,stability_max,stability_min,top_reaction
0,0.99998301698302,0.99998301698302,0.9999817959818,0.9999817959818,4.7952047952048e-05,2.4841824841825e-05,0.01,0,0,-4.1824841824842e-06,-4.1824841824842e-06,0.89999890108024,0.89999890108024,2.5,2.5,0
0.0002,0.99998291162299,0.99996942971534,0.99998567768617,0.99998168304687,4.8249535075974e-05,2.4582349961598e-05,0.009999945888676,-0.0002705566199239,0.00017620908545505,-4.2084316705067e-06,-4.2084316705067e-06,0.9000146236208,0.89999889426259,2.5,2.5,-9.9999999999961e-05
0.0004,0.99998286199775,0.9999690175912,0.99998573190017,0.99998162985379,4.8389653424909e-05,2.4460135623904e-05,0.0099999204018943,-0.00012743390837089,0.00011933976037439,-4.2206531042762e-06,-4.2206531042762e-06,0.90001504334415,0.89999889105144,2.5,2.5,-0.00010000000000003
0.0006,0.99998282384323,0.99996880602368,0.99998574238416,0.99998158895614,4.849738381486e-05,2.4366170783693e-05,0.00999990080631,-9.7977921919011e-05,9.4301284009739e-05,-4.2300495882973e-06,-4.2300495882973e-06,0.90001524319993,0.89999888858253,2.5,2.5,-9.9999999999936e-05
0.0008,0.99998279178965,0.99996866714533,0.99998573967772,0.9999815545979,4.8587888294021e-05,2.428723075872e-05,0.0099998843440233,-8.2311428054542e-05,8.0162510358631e-05,-4.2379435898693e-06,-4.2379435970548e-06,0.90001536576051,0.89999888650835,2.5,2.5,-0.00010000000004023
0.001,0.9999827636091,0.99996856295235,0.99998573199324,0.99998152439123,4.8667457055451e-05,2.4217829092124e-05,0.0099998698708861,-7.2365685909448e-05,7.0909441847464e-05,-4.2448837549423e-06,-4.244883760878e-06,0.90001545262254,0.89999888468482,2.5,2.5,-0.0001000000000077
0.0012,0.9999827381567,0.99996847858285,0.99998572216789,0.99998149710895,4.8739322634965e-05,2.4155146379701e-05,0.0099998567989292,-6.5359784915222e-05,6.4279997914649e-05,-4.2511520265105e-06,-4.2511520303053e-06,0.90001551971568,0.89999888303785,2.5,2.5,-9.9999999999359e-05
0.0014,0.99998271475735,0.9999684069544,0.99998571137638,0.99998147202732,4.8805391336834e-05,2.4097519757979e-05,0.0099998447813769,-6.0087761997996e-05,5.9238625115318e-05,-4.2569146870951e-06,-4.256914693655e-06,0.90001557447179,0.89999888152372,2.5,2.5,-0.00010000000000041
0.0016,0.99998269297436,0.9999683441943,0.99998570016873,0.99998144867833,4.8866896067195e-05,2.4043873995291e-05,0.0099998335940002,-5.5936883438544e-05,5.5241219330965e-05,-4.2622792659647e-06,-4.2622792688041e-06,0.90001562087143,0.89999888011423,2.5,2.5,-0.00010000000000144
0.0018,0.99998267250663,0.99996828796866,0.99998568882441,0.99998142673905,4.8924687284393e-05,2.3993467201684e-05,0.009999823082084,-5.2559580747649e-05,5.1972309067918e-05,-4.267319943419e-06,-4.2673199489335e-06,0.90001566126679,0.89999887878981,2.5,2.5,-0.00010000000000264
0.002,0.99998265313598,0.9999682367658,0.99998567749289,0.99998140597577,4.8979380830498e-05,2.3945762252085e-05,0.0099998131336141,-4.9742349474851e-05,4.9235145781216e-05,-4.2720904396798e-06,-4.2720904434724e-06,0.90001569715293,0.89999887753638,2.5,2.5,-0.0001000000000004
0.0022,0.99998263469853,0.99996818955189,0.99998566625626,0.99998138621277,4.903143941176e-05,2.3900355571408e-05,0.0099998036644294,-4.7345922767759e-05,4.6899967408494e-05,-4.2766311069622e-06,-4.2766311115017e-06,0.90001572953427,0.89999887634334,2.5,2.5,-0.00010000000000451
0.0024,0.99998261706748,0.99996814558864,0.9999856551598,0.9999813673142,4.9081221006057e-05,2.3856934894567e-05,0.0099997946094088,-4.527510359394e-05,4.4877328014019e-05,-4.2809731752552e-06,-4.2809731789559e-06,0.90001575911603,0.89999887520251,2.5,2.5,-0.00010000000000014
0.0026,0.99998260014239,0.9999681043304,0.9999856442277,0.9999813491723,4.9129009270537e-05,2.381525273806e-05,0.0099997859169427,-4.3462329741505e-05,4.3103329856445e-05,-4.2851413914419e-06,-4.2851413938267e-06,0.90001578641108,0.89999887410737,2.5,2.5,-0.0001000000000031
0.0028,0.99998258384188,0.99996806536219,0.99998563347179,0.99998133170002,4.9175033495862e-05,2.3775109054937e-05,0.0099997775453118,-4.1858154736877e-05,4.1530960715292e-05,-4.2891557598772e-06,-4.2891557623051e-06,0.90001581180357,0.89999887305274,2.5,2.5,-9.9999999999324e-05
0.003,0.99998256809919,0.99996802836091,0.99998562289643,0.99998131482582,4.9219482103222e-05,2.3736339396059e-05,0.0099997694602223,-4.0425447958401e-05,4.0124765378767e-05,-4.2930327260157e-06,-4.2930327283009e-06,0.90001583558824,0.89999887203432,2.5,2.5,-9.9999999998925e-05
0.0032,0.99998255285861,0.99996799306985,0.99998561250152,0.99998129849001,4.9262512057341e-05,2.3698806641681e-05,0.0099997616330794,-3.9135714453612e-05,3.885743596093e-05,-4.2967860013575e-06,-4.296786003475e-06,0.90001585799605,0.8999988710486,2.5,2.5,-0.0001000000000017
0.0034,0.99998253807298,0.99996795928146,0.99998560228422,0.99998128264228,4.9304255680857e-05,2.366239504521e-05,0.0099997540397447,-3.7966673624883e-05,3.7707554743999e-05,-4.3004271609543e-06,-4.3004271629112e-06,0.90001587921125,0.89999887009266,2.5,2.5,-0.000100000000001
0.0036,0.99998252370206,0.99996792682554,0.99998559224012,0.99998126723966,4.9344825695047e-05,2.3627005840554e-05,0.0099997466596207,-3.6900619653026e-05,3.665805694293e-05,-4.3039660816445e-06,-4.3039660834871e-06,0.90001589938304,0.8999988691641,2.5,2.5,-0.00010000000000205
0.0038,0.99998250971106,0.99996789556061,0.99998558236386,0.9999812522452,4.9384318892727e-05,2.3592553942099e-05,0.0099997394749645,-3.592328069671e-05,3.5695156109198e-05,-4.307411271434e-06,-4.307411273207e-06,0.90001591863397,0.89999886826095,2.5,2.5,-9.9999999999484e-05
0.004,0.99998249606967,0.99996786536766,0.99998557264964,0.99998123762682,4.9422818951598e-05,2.3558965442901e-05,0.0099997324703628,-3.5023008273754e-05,3.4807577135446e-05,-4.3107701214218e-06,-4.3107701231564e-06,0.90001593706591,0.89999886738164,2.5,2.5,-0.0001000000000015
0.0042,0.99998248275112,0.99996783614564,0.99998556309147,0.99998122335651,4.9460398573259e-05,2.352617565352e-05,0.0099997256323254,-3.4190187223813e-05,3.3985997183923e-05,-4.3140491004773e-06,-4.3140491021574e-06,0.9000159547644,0.899998866525,2.5,2.5,-0.00010000000000212
0.0044,0.99998246973177,0.99996780780797,0.99998555368334,0.99998120940961,4.9497121222324e-05,2.3494127571762e-05,0.009999718948965,-3.3416802344743e-05,3.3222632122121e-05,-4.3172539086673e-06,-4.3172539103252e-06,0.90001597180199,0.89999886569018,2.5,2.5,-0.00010000000000025
0.0046,0.9999824569903,0.99996778027976,0.99998554441934,0.99998119576434,4.9533042383695e-05,2.3462770661232e-05,0.0099997124097428,-3.2696110710622e-05,3.2510924540413e-05,-4.3203895996748e-06,-4.3203896012684e-06,0.90001598824075,0.89999886487674,2.5,2.5,-0.00010000000000086
0.0048,0.9999824445075,0.99996775349584,0.99998553529376,0.9999811824014,4.9568210617549e-05,2.3432059875799e-05,0.0099997060052641,-3.2022393835035e-05,3.1845306121947e-05,-4.3234606783892e-06,-4.3234606799519e-06,0.90001600413419,0.89999886408458,2.5,2.5,-9.9999999998771e-05
0.005,0.99998243226584,0.99996772739914,0.9999855263011,0.99998116930354,4.9602668393111e-05,2.3401954844404e-05,0.009999699727111,-3.139076577006e-05,3.1221013840331e-05,-4.3264711813737e-06,-4.32647118296e-06,0.90001601952875,0.89999886331398,2.5,2.5,-0.00010000000000191
0.0052,0.99998242024914,0.99996770193925,0.9999855174361,0.99998115645539,4.9636452740954e-05,2.3372419238491e-05,0.0099996935677064,-3.0797023317686e-05,3.0633946092333e-05,-4.3294247420216e-06,-4.329424743578e-06,0.90001603446503,0.89999886256563,2.5,2.5,-9.9999999999272e-05
0.0054,0.99998240844242,0.99996767707155,0.99998550869374,0.9999811438431,4.9669595787358e-05,2.3343420210141e-05,0.0099996875202007,-3.0237528649e-05,3.0080549344557e-05,-4.3323246449249e-06,-4.3323246464593e-06,0.90001604897871,0.89999886184061,2.5,2.5,-0.00010000000000191
0.0056,0.99998239683159,0.9999676527562,0.99998550006925,0.99998113145431,4.9702125227938e-05,2.3314927952856e-05,0.0099996815783779,-2.9709114364309e-05,2.955772720772e-05,-4.3351738706129e-06,-4.3351738721332e-06,0.90001606310133,0.89999886114041,2.5,2.5,-0.00010000000000122
0.0058,0.99998238540337,0.99996762895759,0.99998549155811,0.99998111927788,4.9734064672491e-05,2.3286915316454e-05,0.0099996757365761,-2.9209008717704e-05,2.9062767782724e-05,-4.3379751341801e-06,-4.3379751357171e-06,0.90001607686088,0.89999886046699,2.5,2.5,-0.00010000000000084
0.006,0.99998237414513,0.99996760564365,0.99998548315605,0.99998110730375,4.9765434001849e-05,2.3259357491271e-05,0.0099996699896213,-2.8734774024206e-05,2.8593284194333e-05,-4.3407309167258e-06,-4.3407309182171e-06,0.90001609028239,0.89999885982268,2.5,2.5,-9.9999999999953e-05
0.0062,0.99998236304466,0.99996758278541,0.99998547485899,0.99998109552291,4.9796249642558e-05,2.3232231729856e-05,0.0099996643327699,-2.8284256552165e-05,2.8147166288472e-05,-4.3434434927923e-06,-4.3434434942566e-06,0.90001610338824,0.89999885921031,2.5,2.5,-0.00010000000000009
0.0064,0.99998235209027,0.99996756035666,0.9999854666631,0.99998108392721,4.9826524751317e-05,2.3205517121706e-05,0.0099996587616609,-2.7855545477267e-05,2.7722540697368e-05,-4.3461149537138e-06,-4.3461149551703e-06,0.90001611619859,0.89999885863311,2.5,2.5,-9.9999999998738e-05
0.0066,0.99998234127052,0.99996753833351,0.99998545856473,0.99998107250931,4.9856269565532e-05,2.3179194383495e-05,0.0099996532722731,-2.7446938920164e-05,2.7317737723308e-05,-4.3487472276434e-06,-4.3487472290981e-06,0.90001612873166,0.89999885809477,2.5,2.5,-0.00010000000000101
0.0068,0.99998233057426,0.99996751669418,0.99998545056045,0.99998106126264,4.9885491506534e-05,2.3153245694272e-05,0.0099996478608901,-2.7056914886706e-05,2.6931263700127e-05,-4.351342096588e-06,-4.3513420980465e-06,0.90001614100395,0.89999885759937,2.5,2.5,-0.00010000000000134
0.007,0.99998231999054,0.99996749541872,0.99998544264698,0.99998105018125,4.9914195426232e-05,2.3127654541308e-05,0.0099996425240685,-2.6684108323206e-05,2.6561777925954e-05,-4.3539012118355e-06,-4.3539012132639e-06,0.90001615303047,0.89999885715144,2.5,2.5,-0.00010000000000003
0.0072,0.99998230950861,0.99996747448886,0.99998543482122,0.9999810392598,4.9942383805721e-05,2.3102405591082e-05,0.0099996372586104,-2.632729030586e-05,2.620807307572e-05,-4.3564261068532e-06,-4.3564261082718e-06,0.90001616482489,0.89999885675587,2.5,2.5,-0.00010000000000135
0.0074,0.99998229911784,0.99996745388772,0.99998542708026,0.99998102849355,4.9970056916617e-05,2.3077484575012e-05,0.0099996320615402,-2.5985351351717e-05,2.5869058492777e-05,-4.3589182084663e-06,-4.3589182098785e-06,0.90001617639975,0.89999885641792,2.5,2.5,-0.00010000000000034
0.0076,0.99998228880768,0.99996743359977,0.99998541942128,0.9999810178782,4.9997213023649e-05,2.3052878186161e-05,0.0099996269300828,-2.5657286843496e-05,2.5543746288981e-05,-4.3613788473467e-06,-4.3613788487427e-06,0.90001618776653,0.89999885614322,2.5,2.5,-9.9999999998648e-05
0.0078,0.99998227856775,0.99996741361061,0.99998541184167,0.99998100740992,5.0023848532304e-05,2.3028573993144e-05,0.0099996218616459,-2.5342184542911e-05,2.5231239037485e-05,-4.3638092666615e-06,-4.3638092680529e-06,0.9000161989358,0.89999885593769,2.5,2.5,-0.00010000000000099
0.008,0.99998226838772,0.99996739390694,0.99998540433889,0.99998099708532,5.004995820929e-05,2.3004560361567e-05,0.0099996168538031,-2.5039214098982e-05,2.4930719539452e-05,-4.3662106298313e-06,-4.366210631217e-06,0.90001620991729,0.89999885580756,2.5,2.5,-0.00010000000000033
0.0082,0.99998225825738,0.99996737447635,0.99998539691055,0.99998098690135,5.0075535300488e-05,2.2980826382283e-05,0.0099996119042796,-2.4747617678178e-05,2.4641441704158e-05,-4.3685840277056e-06,-4.3685840290838e-06,0.90001622071998,0.89999885575927,2.5,2.5,-9.9999999999708e-05
0.0084,0.99998224816666,0.99996735530732,0.99998538955439,0.99998097685532,5.0100571726441e-05,2.2957361813153e-05,0.0099996070109392,-2.4466702142345e-05,2.436272293712e-05,-4.3709304847147e-06,-4.3709304860825e-06,0.90001623135223,0.8999988557995,2.5,2.5,-0.00010000000000115
0.0086,0.99998223810548,0.9999673363891,0.99998538226825,0.99998096694486,5.0125058208016e-05,2.2934157019103e-05,0.0099996021717728,-2.4195832040526e-05,2.409393718144e-05,-4.3732509640676e-06,-4.3732509654313e-06,0.90001624182174,0.89999885593513,2.5,2.5,-9.9999999999376e-05
0.0088,0.99998222806398,0.99996731771164,0.99998537505004,0.99998095716785,5.0148984454714e-05,2.2911202926494e-05,0.0099995973848881,-2.3934423675651e-05,2.3834509231991e-05,-4.3755463733424e-06,-4.3755463747053e-06,0.90001625213571,0.89999885617317,2.5,2.5,-9.9999999999288e-05
0.009,0.99998221803237,0.99996729926551,0.9999853678978,0.99998094752243,5.0172339287958e-05,2.2888490976885e-05,0.0099995926485001,-2.3681939640276e-05,2.3583909311263e-05,-4.3778175684003e-06,-4.377817569731e-06,0.90001626230084,0.89999885652074,2.5,2.5,-0.00010000000000154
0.0092,0.99998220800102,0.99996728104194,0.99998536080966,0.99998093800696,5.0195110819775e-05,2.2866013084518e-05,0.0099995879609232,-2.3437884283885e-05,2.3341648817411e-05,-4.3800653574806e-06,-4.3800653588061e-06,0.90001627232335,0.89999885698503,2.5,2.5,-0.00010000000000098
0.0094,0.99998219796043,0.99996726303262,0.99998535378382,0.99998092862002,5.021728652653e-05,2.284376160882e-05,0.0099995833205632,-2.320179984161e-05,2.3107276143015e-05,-4.3822905051322e-06,-4.382290506452e-06,0.9000162822091,0.89999885757331,2.5,2.5,-0.00010000000000011
0.0096,0.99998218790129,0.99996724522979,0.99998534681857,0.99998091936034,5.0238853445876e-05,2.2821729309427e-05,0.0099995787259108,-2.297326238617e-05,2.2880373148311e-05,-4.384493735095e-06,-4.3844937364146e-06,0.90001629196354,0.89999885829282,2.5,2.5,-0.00010000000000112
0.0098,0.99998217781447,0.99996722762608,0.99998533991227,0.99998091022681,5.0259798244145e-05,2.2799909325474e-05,0.009999574175535,-2.2751879063569e-05,2.266055209767e-05,-4.3866757334814e-06,-4.3866757347856e-06,0.9000163015918,0.89999885915079,2.5,2.5,-0.0001
0.01,0.99998216769101,0.99996721021462,0.99998533306335,0.99998090121848,5.0280107358641e-05,2.2778295146392e-05,0.009999569668078,-2.2537284888639e-05,2.244745284182e-05,-4.3888371514374e-06,-4.3888371527366e-06,0.90001631109869,0.89999886015441,2.5,2.5,-9.999999999992e-05
0.0102,0.99998215752216,0.99996719298885,0.99998532627029,0.9999808923345,5.0299767097102e-05,2.2756880585577e-05,0.0099995652022499,-2.2329140566179e-05,2.2240740353812e-05,-4.390978607432e-06,-4.3909786087289e-06,0.90001632048872,0.8999988613108,2.5,2.5,-9.9999999999297e-05
0.0104,0.99998214729939,0.99996717594262,0.99998531953169,0.99998088357411,5.0318763741093e-05,2.273565976184e-05,0.0099995607768239,-2.2127129956931e-05,2.2040102522117e-05,-4.3931006898618e-06,-4.3931006911295e-06,0.90001632976616,0.89999886262696,2.5,2.5,-0.00010000000000035
0.0106,0.99998213701443,0.99996715907009,0.99998531284613,0.99998087493669,5.0337083611346e-05,2.2714627074372e-05,0.0099995563906322,-2.1930958304634e-05,2.1845248187897e-05,-4.3952039586009e-06,-4.3952039598544e-06,0.90001633893501,0.89999886410975,2.5,2.5,-0.00010000000000094
0.0108,0.99998212665921,0.99996714236572,0.99998530621231,0.99998086642163,5.0354713188098e-05,2.2693777188861e-05,0.0099995520425622,-2.1740350156489e-05,2.1655905338456e-05,-4.3972889472347e-06,-4.3972889484815e-06,0.90001634799908,0.89999886576592,2.5,2.5,-0.00010000000000109
0.011,0.99998211622592,0.99996712582425,0.99998529962894,0.99998085802843,5.0371639171035e-05,2.2673105014465e-05,0.0099995477315526,-2.1555048153393e-05,2.1471819576081e-05,-4.3993561646469e-06,-4.3993561658715e-06,0.90001635696194,0.89999886760202,2.5,2.5,-9.9999999999931e-05
0.0112,0.99998210570704,0.99996710944069,0.99998529309481,0.99998084975663,5.038784853563e-05,2.2652605695121e-05,0.0099995434565904,-2.1374810971296e-05,2.1292752539689e-05,-4.4014060965368e-06,-4.4014060977396e-06,0.90001636582698,0.89999886962441,2.5,2.5,-0.00010000000000029
0.0114,0.99998209509529,0.99996709321033,0.99998528660875,0.99998084160579,5.0403328612303e-05,2.2632274590149e-05,0.0099995392167079,-2.1199412651902e-05,2.1118480844757e-05,-4.4034392070718e-06,-4.4034392082649e-06,0.9000163745974,0.89999887183926,2.5,2.5,-0.00010000000000082
0.0116,0.99998208438366,0.99996707712864,0.99998528016963,0.99998083357554,5.0418067128945e-05,2.2612107261918e-05,0.0099995350109797,-2.1028640908145e-05,2.0948794665089e-05,-4.4054559398719e-06,-4.4054559410323e-06,0.90001638327626,0.89999887425253,2.5,2.5,-0.00010000000000018
0.0118,0.99998207356543,0.99996706119133,0.99998527377635,0.99998082566549,5.0432052272023e-05,2.2592099465844e-05,0.0099995308385204,-2.0862296371081e-05,2.0783496886025e-05,-4.4074567195757e-06,-4.4074567207118e-06,0.90001639186644,0.89999887686993,2.5,2.5,-0.00010000000000067
0.012,0.99998206263419,0.9999670453943,0.99998526742788,0.99998081787531,5.0445272709097e-05,2.2572247133731e-05,0.0099995266984821,-2.0700191480549e-05,2.0622402037799e-05,-4.4094419527331e-06,-4.409441953841e-06,0.90001640037068,0.89999887969693,2.5,2.5,-0.00010000000000031
0.0122,0.99998205158374,0.99996702973364,0.9999852611232,0.99998081020465,5.0457717656783e-05,2.2552546370676e-05,0.0099995225900522,-2.0542149606029e-05,2.0465335401159e-05,-4.4114120290283e-06,-4.4114120300939e-06,0.9000164087916,0.89999888273877,2.5,2.5,-0.0001000000000001
0.0124,0.99998204040826,0.99996701420562,0.99998525486136,0.99998080265316,5.0469376855886e-05,2.253299344006e-05,0.0099995185124514,-2.0388004146513e-05,2.0312132285293e-05,-4.4133673221733e-06,-4.4133673231983e-06,0.90001641713168,0.89999888600041,2.5,2.5,-0.00010000000000116
0.0126,0.99998202910215,0.9999669988067,0.9999852486414,0.99998079522052,5.0480240664024e-05,2.2513584754282e-05,0.0099995144649317,-2.0237598070789e-05,2.0162637264643e-05,-4.4153081907456e-06,-4.4153081917128e-06,0.90001642539328,0.89999888948658,2.5,2.5,-0.00010000000000073
0.0128,0.99998201766014,0.99996698353344,0.99998524246243,0.99998078790637,5.049030002963e-05,2.2494316870545e-05,0.0099995104467752,-2.0090783004931e-05,2.0016703537928e-05,-4.4172349791421e-06,-4.4172349800559e-06,0.90001643357867,0.89999889320171,2.5,2.5,-9.9999999999788e-05
0.013,0.99998200607721,0.99996696838258,0.99998523632358,0.99998078071034,5.0499546528676e-05,2.2475186478901e-05,0.0099995064572914,-1.9947418604802e-05,1.9874192276877e-05,-4.4191480183057e-06,-4.4191480191671e-06,0.90001644168999,0.89999889714998,2.5,2.5,-9.9999999999887e-05
0.0132,0.99998199434866,0.999966953351,0.999985230224,0.9999807736321,5.0507972348704e-05,2.2456190398187e-05,0.009999502495817,-1.9807372191592e-05,1.973497214097e-05,-4.421047626474e-06,-4.4210476272628e-06,0.9000164497293,0.89999890133532,2.5,2.5,-0.00010000000000026
0.0134,0.99998198247005,0.99996693843571,0.99998522416288,0.99998076667122,5.0515570340637e-05,2.2437325565326e-05,0.0099994985617134,-1.967051805871e-05,1.9598918720726e-05,-4.4229341098001e-06,-4.4229341104794e-06,0.90001645769857,0.89999890576134,2.5,2.5,-0.00010000000000159
0.0136,0.99998197043723,0.99996692363381,0.99998521813945,0.99998075982732,5.0522333985728e-05,2.2418589034366e-05,0.009999494654366,-1.953673708818e-05,1.9465914084392e-05,-4.4248077629584e-06,-4.4248077634675e-06,0.90001646559969,0.89999891043144,2.5,2.5,-9.9999999998466e-05
0.0138,0.99998195824631,0.99996690894257,0.99998521215293,0.99998075309996,5.0528257417521e-05,2.2399977966038e-05,0.0099994907731827,-1.9405916238347e-05,1.9335846378552e-05,-4.4266688698504e-06,-4.4266688703787e-06,0.90001647343443,0.89999891534872,2.5,2.5,-0.00010000000000072
0.014,0.9999819458937,0.99996689435932,0.99998520620259,0.99998074648869,5.0533335411786e-05,2.2381489623873e-05,0.0099994869175931,-1.9277948313425e-05,1.9208609379086e-05,-4.4285177038693e-06,-4.4285177048352e-06,0.90001648120455,0.89999892051601,2.5,2.5,-9.9999999999017e-05
0.0142,0.99998193337604,0.99996687988153,0.99998520028772,0.99998073999304,5.0537563377604e-05,2.2363121370912e-05,0.0099994830870469,-1.9152731322999e-05,1.9084102183488e-05,-4.4303545292646e-06,-4.4303545302423e-06,0.90001648891168,0.89999892593591,2.5,2.5,-0.00010000000000044
0.0144,0.99998192069024,0.99996686550672,0.99998519440764,0.99998073361251,5.0540937373532e-05,2.2344870659508e-05,0.0099994792810132,-1.9030168451519e-05,1.896222885093e-05,-4.4321796005181e-06,-4.4321796010064e-06,0.90001649655742,0.89999893161073,2.5,2.5,-0.00010000000000067
0.0146,0.9999819078335,0.99996685123257,0.99998518856166,0.99998072734657,5.0543454065484e-05,2.2326735034382e-05,0.0099994754989797,-1.8910167465245e-05,1.8842898056506e-05,-4.4339931630325e-06,-4.4339931634985e-06,0.90001650414327,0.89999893754255,2.5,2.5,-0.00010000000000094
0.0148,0.9999818948032,0.99996683705679,0.99998518274917,0.99998072119467,5.0545110741698e-05,2.2308712121804e-05,0.0099994717404515,-1.8792640628007e-05,1.8726022894254e-05,-4.4357954541813e-06,-4.4357954547896e-06,0.90001651167072,0.8999989437332,2.5,2.5,-9.9999999999678e-05
0.015,0.99998188159702,0.99996682297719,0.99998517696952,0.99998071515623,5.0545905289703e-05,2.2290799630495e-05,0.0099994680049507,-1.8677504331226e-05,1.861152052917e-05,-4.4375867033308e-06,-4.4375867040314e-06,0.90001651914115,0.89999895018427,2.5,2.5,-0.00010000000000018
0.0152,0.99998186821285,0.99996680899166,0.99998517122211,0.99998070923064,5.0545836194831e-05,2.2272995343055e-05,0.0099994642920149,-1.8564678868171e-05,1.8499311989531e-05,-4.4393671320402e-06,-4.4393671327937e-06,0.90001652655593,0.89999895689711,2.5,2.5,-0.00010000000000081
0.0154,0.99998185464879,0.99996679509819,0.99998516550634,0.99998070341727,5.0544902500692e-05,2.2255297117e-05,0.0099994606011973,-1.845408814055e-05,1.8389321918316e-05,-4.4411369546963e-06,-4.4411369554853e-06,0.90001653391634,0.89999896387284,2.5,2.5,-0.00010000000000025
0.0156,0.9999818409032,0.99996678129481,0.99998515982166,0.99998069771546,5.0543103823725e-05,2.2237702877728e-05,0.0099994569320654,-1.8345659620373e-05,1.8281478397691e-05,-4.4428963785759e-06,-4.4428963793886e-06,0.90001654122364,0.89999897111236,2.5,2.5,-9.9999999999807e-05
0.0158,0.99998182697461,0.99996676757961,0.9999851541675,0.99998069212453,5.0540440318215e-05,2.2220210619059e-05,0.0099994532842006,-1.823932392584e-05,1.8175712700195e-05,-4.444645604448e-06,-4.4446456052629e-06,0.90001654847904,0.89999897861638,2.5,2.5,-9.9999999999746e-05
0.016,0.99998181286178,0.99996675395079,0.99998514854332,0.99998068664377,5.0536912659495e-05,2.2202818396995e-05,0.0099994496571976,-1.8135014821533e-05,1.807195917881e-05,-4.4463848266422e-06,-4.4463848274626e-06,0.90001655568369,0.89999898638536,2.5,2.5,-9.9999999999784e-05
0.0162,0.99998179856367,0.99996674040656,0.99998514294861,0.99998068127242,5.0532522034465e-05,2.2185524329148e-05,0.0099994460506639,-1.8032668912313e-05,1.7970154987246e-05,-4.4481142334591e-06,-4.4481142342769e-06,0.90001656283871,0.89999899441959,2.5,2.5,-0.00010000000000015
0.0164,0.99998178407941,0.99996672694522,0.99998513738286,0.99998067600976,5.0527270122559e-05,2.2168326590362e-05,0.0099994424642188,-1.7932225569471e-05,1.7870240051718e-05,-4.4498340073403e-06,-4.4498340081294e-06,0.90001656994519,0.89999900271915,2.5,2.5,-0.00010000000000071
0.0166,0.99998176940834,0.99996671356514,0.99998513184556,0.99998067085498,5.0521159071268e-05,2.2151223411395e-05,0.0099994388974934,-1.7833626755646e-05,1.7772156811343e-05,-4.4515443251983e-06,-4.4515443259699e-06,0.90001657700417,0.89999901128396,2.5,2.5,-0.00010000000000063
0.0168,0.99998175454994,0.99996670026469,0.99998512633625,0.99998066580728,5.0514191483943e-05,2.213421307785e-05,0.00999943535013,-1.7736816819311e-05,1.767585014177e-05,-4.4532453585975e-06,-4.4532453593262e-06,0.90001658401664,0.89999902011374,2.5,2.5,-0.00010000000000028
0.017,0.99998173950389,0.99996668704234,0.99998512085445,0.99998066086584,5.0506370386633e-05,2.2117293924055e-05,0.0099994318217815,-1.7641742546999e-05,1.758126721043e-05,-4.4549372739796e-06,-4.4549372746762e-06,0.90001659098359,0.89999902920803,2.5,2.5,-9.9999999999816e-05
0.0172,0.99998172427003,0.99996667389659,0.99998511539971,0.99998065602981,5.0497699234646e-05,2.2100464335312e-05,0.009999428312111,-1.7548352757678e-05,1.748835733785e-05,-4.4566202328951e-06,-4.4566202335557e-06,0.90001659790595,0.89999903856623,2.5,2.5,-9.9999999999475e-05
0.0174,0.99998170884833,0.999966660826,0.9999851099716,0.99998065129832,5.0488181880467e-05,2.2083722742413e-05,0.0099994248207913,-1.745659845495e-05,1.7397071928083e-05,-4.4582943922107e-06,-4.4582943928199e-06,0.90001660478462,0.89999904818758,2.5,2.5,-9.9999999999728e-05
0.0176,0.99998169323892,0.99996664782915,0.99998510456967,0.99998064667048,5.0477822544222e-05,2.2067067622112e-05,0.0099994213475048,-1.7366432614743e-05,1.7307364303724e-05,-4.4599599042292e-06,-4.4599599047875e-06,0.9000166116205,0.89999905807116,2.5,2.5,-0.00010000000000096
0.0178,0.99998167744208,0.99996663490468,0.99998509919352,0.9999806421454,5.0466625807627e-05,2.2050497493974e-05,0.0099994178919428,-1.7277809987337e-05,1.7219189643102e-05,-4.4616169169704e-06,-4.4616169174553e-06,0.90001661841442,0.89999906821592,2.5,2.5,-9.9999999999431e-05
0.018,0.99998166145821,0.99996662205128,0.99998509384273,0.99998063772215,5.0454596602903e-05,2.2034010921276e-05,0.0099994144538053,-1.7190687183898e-05,1.7132504901834e-05,-4.4632655743318e-06,-4.4632655747166e-06,0.90001662516721,0.89999907862065,2.5,2.5,-9.9999999999327e-05
0.0182,0.99998164528784,0.99996660926765,0.9999850885169,0.99998063339981,5.0441740175864e-05,2.2017606504105e-05,0.0099994110328008,-1.7105022496691e-05,1.7047268659917e-05,-4.4649060160945e-06,-4.4649060164064e-06,0.90001663187967,0.89999908928405,2.5,2.5,-9.9999999999344e-05
0.0184,0.99998162893163,0.99996659655256,0.99998508321566,0.99998062917741,5.0428062089933e-05,2.2001282883149e-05,0.0099994076286457,-1.7020775719405e-05,1.6963441129378e-05,-4.4665383781996e-06,-4.4665383785247e-06,0.90001663855257,0.89999910020468,2.5,2.5,-9.9999999999782e-05
0.0186,0.99998161239034,0.9999665839048,0.99998507793862,0.99998062505401,5.041356818665e-05,2.1985038735299e-05,0.009999404241064,-1.6937908304816e-05,1.6880984002391e-05,-4.4681627929752e-06,-4.4681627932837e-06,0.90001664518665,0.89999911138097,2.5,2.5,-9.9999999999724e-05
0.0188,0.99998159566484,0.99996657132319,0.99998507268541,0.99998062102862,5.0398264581561e-05,2.1968872773383e-05,0.0099994008697874,-1.6856383102106e-05,1.6799860414793e-05,-4.4697793889158e-06,-4.4697793898059e-06,0.90001665178265,0.89999912281126,2.5,2.5,-0.00010000000000003
0.019,0.99998157875612,0.99996655880659,0.99998506745568,0.99998061710026,5.0382157663801e-05,2.195278374462e-05,0.0099993975145545,-1.6776164245431e-05,1.6720034852604e-05,-4.4713882918459e-06,-4.4713882926677e-06,0.90001665834125,0.89999913449379,2.5,2.5,-0.00010000000000042
0.0192,0.99998156166524,0.99996654635391,0.99998506224909,0.99998061326794,5.0365254038079e-05,2.1936770429548e-05,0.0099993941751111,-1.6697217328006e-05,1.6641473125681e-05,-4.4729896235786e-06,-4.4729896238752e-06,0.90001666486316,0.89999914642669,2.5,2.5,-9.9999999999303e-05
0.0194,0.99998154439338,0.99996653396404,0.99998505706527,0.99998060953065,5.0347560546077e-05,2.1920831639959e-05,0.0099993908512093,-1.6619509147562e-05,1.6564142271084e-05,-4.4745835025872e-06,-4.4745835029118e-06,0.90001667134902,0.89999915860802,2.5,2.5,-9.9999999999491e-05
0.0196,0.99998152694177,0.99996652163597,0.99998505190391,0.99998060588737,5.0329084238327e-05,2.1904966217617e-05,0.0099993875426077,-1.6543007598993e-05,1.6488010514551e-05,-4.4761700447301e-06,-4.4761700450941e-06,0.90001667779948,0.89999917103573,2.5,2.5,-0.00010000000000053
0.0198,0.99998150931175,0.99996650936865,0.99998504676468,0.99998060233709,5.0309832353848e-05,2.1889173036326e-05,0.0099993842490714,-1.6467681875255e-05,1.6413047189197e-05,-4.4777493628234e-06,-4.477749363208e-06,0.90001668421518,0.89999918370772,2.5,2.5,-0.00010000000000094
0.02,0.99998149150473,0.99996649716112,0.99998504164726,0.99998059887878,5.0289812325554e-05,2.187345099639e-05,0.009999380970371,-1.6393502111522e-05,1.6339222730747e-05,-4.4793215667995e-06,-4.4793215672466e-06,0.9000166905967,0.89999919662177,2.5,2.5,-0.00010000000000098
0.0202,0.99998147352219,0.99996648501239,0.99998503655134,0.9999805955114,5.0269031743739e-05,2.1857799026443e-05,0.009999377706283,-1.6320439574888e-05,1.6266508592148e-05,-4.4808867637784e-06,-4.4808867642518e-06,0.90001669694465,0.89999920977565,2.5,2.5,-9.9999999999932e-05
0.0204,0.99998145536566,0.99996647292153,0.99998503147663,0.99998059223392,5.0247498349682e-05,2.1842216081127e-05,0.0099993744565897,-1.6248466503216e-05,1.619487719621e-05,-4.4824450582907e-06,-4.482445058741e-06,0.90001670325959,0.89999922316703,2.5,2.5,-0.00010000000000131
0.0206,0.99998143703676,0.99996646088764,0.99998502642282,0.9999805890453,5.0225220034164e-05,2.1826701142461e-05,0.0099993712210785,-1.61775560121e-05,1.6124301916151e-05,-4.4839965521731e-06,-4.4839965526339e-06,0.90001670954208,0.89999923679352,2.5,2.5,-0.00010000000000002
0.0208,0.99998141853714,0.99996644890979,0.99998502138962,0.99998058594448,5.020220481694e-05,2.1811253215467e-05,0.0099993679995421,-1.6107682222872e-05,1.6054757013874e-05,-4.4855413449092e-06,-4.4855413452985e-06,0.90001671579268,0.89999925065269,2.5,2.5,-9.9999999999634e-05
0.021,0.99998139986851,0.99996643698715,0.99998501637677,0.99998058293044,5.017846083021e-05,2.1795871330297e-05,0.0099993647917781,-1.6038820029969e-05,1.5986217615239e-05,-4.4870795334628e-06,-4.4870795338257e-06,0.90001672201189,0.89999926474206,2.5,2.5,-0.00010000000000068
0.0212,0.99998138103264,0.99996642511887,0.99998501138397,0.99998058000211,5.0153996307689e-05,2.1780554539413e-05,0.009999361597589,-1.5970945264676e-05,1.5918659667492e-05,-4.4886112126033e-06,-4.4886112129188e-06,0.90001672820023,0.8999992790591,2.5,2.5,-0.00010000000000076
0.0214,0.99998136203135,0.99996641330411,0.99998500641096,0.99998057715844,5.0128819579201e-05,2.1765301919359e-05,0.0099993584167821,-1.5904034436751e-05,1.5852059908194e-05,-4.4901364744158e-06,-4.4901364752708e-06,0.90001673435821,0.89999929360122,2.5,2.5,-9.9999999999552e-05
0.0216,0.99998134286647,0.99996640154207,0.99998500145748,0.9999805743984,5.010293907351e-05,2.1750112566299e-05,0.0099993552491692,-1.5838064875385e-05,1.5786395811045e-05,-4.4916554097576e-06,-4.4916554104866e-06,0.90001674048631,0.89999930836583,2.5,2.5,-0.00010000000000008
0.0218,0.9999813235399,0.99996638983197,0.99998499652327,0.99998057172092,5.0076363281925e-05,2.1734985599263e-05,0.0099993520945663,-1.577301466498e-05,1.5721645600592e-05,-4.4931681064499e-06,-4.4931681071852e-06,0.90001674658501,0.89999932335028,2.5,2.5,-0.00010000000000042
0.022,0.99998130405356,0.99996637817305,0.99998499160807,0.99998056912496,5.0049100758119e-05,2.1719920156311e-05,0.0099993489527937,-1.5708862507011e-05,1.5657788153247e-05,-4.4946746506734e-06,-4.4946746514956e-06,0.90001675265477,0.8999993385519,2.5,2.5,-0.00010000000000028
0.0222,0.99998128440939,0.99996636656456,0.99998498671165,0.99998056660947,5.0021160114767e-05,2.1704915396651e-05,0.0099993458236762,-1.5645587807179e-05,1.5594803030342e-05,-4.4961751266434e-06,-4.4961751274608e-06,0.90001675869603,0.89999935396798,2.5,2.5,-0.0001000000000005
0.0224,0.9999812646094,0.99996635500576,0.99998498183376,0.99998056417342,4.9992550020258e-05,2.1689970497999e-05,0.009999342707042,-1.5583170697613e-05,1.553267043877e-05,-4.4976696167471e-06,-4.4976696170525e-06,0.90001676470924,0.89999936959581,2.5,2.5,-9.9999999999755e-05
0.0226,0.99998124465558,0.99996634349595,0.99998497697416,0.99998056181575,4.9963279164833e-05,2.1675084655501e-05,0.0099993396027237,-1.5521591769475e-05,1.5471371185766e-05,-4.4991582008854e-06,-4.4991582012779e-06,0.90001677069482,0.89999938543263,2.5,2.5,-0.00010000000000003
0.0228,0.99998122454996,0.99996633203444,0.99998497213262,0.99998055953543,4.9933356278477e-05,2.1660257084473e-05,0.0099993365105572,-1.5460832314712e-05,1.5410886651201e-05,-4.5006409580083e-06,-4.5006409584399e-06,0.9000167766532,0.89999940147569,2.5,2.5,-9.9999999999923e-05
0.023,0.99998120429459,0.99996632062054,0.99998496730892,0.99998055733142,4.990279012101e-05,2.164548701539e-05,0.0099993334303824,-1.5400874158681e-05,1.5351198798879e-05,-4.502117964913e-06,-4.5021179653525e-06,0.90001678258477,0.8999994177222,2.5,2.5,-9.9999999999889e-05
0.0232,0.99998118389155,0.9999663092536,0.99998496250284,0.9999805552027,4.987158945782e-05,2.1630773696991e-05,0.0099993303620425,-1.5341699683763e-05,1.5292290115041e-05,-4.5035892967446e-06,-4.5035892971933e-06,0.90001678848993,0.89999943416939,2.5,2.5,-0.00010000000000032
0.0234,0.99998116334291,0.99996629793296,0.99998495771416,0.99998055314824,4.9839763065076e-05,2.1616116393908e-05,0.0099993273053841,-1.5283291762532e-05,1.5234143620863e-05,-4.5050550270296e-06,-4.5050550274746e-06,0.90001679436908,0.89999945081446,2.5,2.5,-0.00010000000000008
0.0236,0.99998114265077,0.999966286658,0.99998495294266,0.99998055116702,4.9807319726926e-05,2.160151438749e-05,0.0099993242602573,-1.522563381953e-05,1.5176742826259e-05,-4.5065152276658e-06,-4.5065152281676e-06,0.90001680022259,0.89999946765459,2.5,2.5,-0.00010000000000045
0.0238,0.99998112181723,0.99996627542809,0.99998494818815,0.99998054925803,4.9774268219461e-05,2.1586966973856e-05,0.0099993212265154,-1.5168709719235e-05,1.5120071721701e-05,-4.5079699690722e-06,-4.5079699695721e-06,0.90001680605082,0.899999484687,2.5,2.5,-0.0001000000000008
0.024,0.9999811008444,0.99996626424263,0.99998494345041,0.99998054742025,4.9740617312031e-05,2.1572473463129e-05,0.0099993182040146,-1.5112503849381e-05,1.5064114767924e-05,-4.5094193200739e-06,-4.5094193205959e-06,0.90001681185415,0.89999950190885,2.5,2.5,-0.00010000000000039
0.0242,0.99998107973443,0.99996625310104,0.99998493872924,0.99998054565268,4.9706375757364e-05,2.155803318253e-05,0.0099993151926144,-1.5057000960719e-05,1.5008856862877e-05,-4.5108633481609e-06,-4.5108633486697e-06,0.90001681763292,0.89999951931734,2.5,2.5,-0.00010000000000074
0.0244,0.9999810584894,0.99996624200273,0.99998493402445,0.99998054395433,4.9671552287826e-05,2.1543645471435e-05,0.0099993121921772,-1.5002186311839e-05,1.4954283329124e-05,-4.5123021192547e-06,-4.5123021197749e-06,0.90001682338747,0.89999953690966,2.5,2.5,-9.9999999999685e-05
0.0246,0.99998103711147,0.99996623094714,0.99998492933585,0.9999805423242,4.9636155610299e-05,2.1529309683546e-05,0.009999309202568,-1.4948045536473e-05,1.4900379917388e-05,-4.513735698061e-06,-4.5137356985719e-06,0.90001682911815,0.89999955468302,2.5,2.5,-0.00010000000000019
0.0248,0.99998101560276,0.99996621993371,0.99998492466326,0.99998054076132,4.9600194407748e-05,2.1515025186126e-05,0.0099993062236551,-1.4894564669758e-05,1.4847132754746e-05,-4.5151641478318e-06,-4.515164148306e-06,0.90001683482527,0.89999957263459,2.5,2.5,-0.00010000000000028
0.025,0.9999809939654,0.99996620896192,0.99998492000649,0.99998053926471,4.956367732773e-05,2.1500791358991e-05,0.0099993032553091,-1.4841730165995e-05,1.4794528359149e-05,-4.5165875305283e-06,-4.5165875310179e-06,0.90001684050917,0.8999995907616,2.5,2.5,-0.00010000000000023
0.0252,0.99998097220151,0.99996619803121,0.99998491536534,0.9999805378334,4.9526612968782e-05,2.1486607594972e-05,0.0099993002974033,-1.4789528842825e-05,1.4742553631285e-05,-4.5180059069288e-06,-4.5180059073899e-06,0.90001684617015,0.89999960906126,2.5,2.5,-0.0001000000000004
0.0254,0.99998095031322,0.99996618714108,0.99998491073966,0.99998053646643,4.948900990246e-05,2.1472473299369e-05,0.0099992973498138,-1.4737947793432e-05,1.4691195807211e-05,-4.5194193364887e-06,-4.5194193369149e-06,0.90001685180853,0.8999996275308,2.5,2.5,-0.00010000000000055
0.0256,0.99998092830265,0.99996617629102,0.99998490612927,0.99998053516286,4.9450876646592e-05,2.1458387888899e-05,0.0099992944124188,-1.4686974594127e-05,1.4640442467403e-05,-4.5208278775216e-06,-4.520827877919e-06,0.90001685742459,0.89999964616744,2.5,2.5,-9.9999999999929e-05
0.0258,0.99998090617191,0.99996616548054,0.99998490153398,0.99998053392172,4.9412221674426e-05,2.1444350792612e-05,0.0099992914850994,-1.4636597041352e-05,1.4590281543095e-05,-4.5222315870036e-06,-4.5222315877959e-06,0.90001686301865,0.89999966496844,2.5,2.5,-0.00010000000000039
0.026,0.9999808839231,0.99996615470915,0.99998489695365,0.99998053274211,4.93730534061e-05,2.1430361451185e-05,0.0099992885677387,-1.4586803300231e-05,1.4540701245707e-05,-4.5236305212072e-06,-4.5236305219828e-06,0.90001686859097,0.89999968393107,2.5,2.5,-0.00010000000000028
0.0262,0.99998086155832,0.99996614397636,0.9999848923881,0.99998053162308,4.9333380201577e-05,2.141641931495e-05,0.0099992856602224,-1.4537581877564e-05,1.4491690147014e-05,-4.5250247348571e-06,-4.5250247356192e-06,0.90001687414186,0.89999970305261,2.5,2.5,-0.00010000000000016
0.0264,0.99998083907965,0.99996613328172,0.99998488783718,0.99998053056371,4.9293210370946e-05,2.1402523845429e-05,0.0099992827624381,-1.4488921488973e-05,1.4443237072132e-05,-4.5264142817774e-06,-4.5264142824956e-06,0.90001687967157,0.89999972233034,2.5,2.5,-0.00010000000000032
0.0266,0.99998081648919,0.99996612262477,0.99998488330072,0.99998052956312,4.9252552155975e-05,2.1388674516067e-05,0.0099992798742758,-1.4440811260167e-05,1.4395331170341e-05,-4.5277992147694e-06,-4.5277992154312e-06,0.90001688518038,0.89999974176159,2.5,2.5,-0.0001000000000001
0.0268,0.99998079378898,0.99996611200506,0.99998487877858,0.99998052862038,4.9211413744624e-05,2.1374870808947e-05,0.0099992769956277,-1.4393240467542e-05,1.4347961823574e-05,-4.5291795855233e-06,-4.5291795860912e-06,0.90001689066856,0.89999976134368,2.5,2.5,-9.999999999929e-05
0.027,0.99998077098109,0.99996610142215,0.99998487427059,0.99998052773461,4.916980325806e-05,2.1361112216538e-05,0.009999274126388,-1.4346198769259e-05,1.4301118726468e-05,-4.5305554447885e-06,-4.5305554453086e-06,0.90001689613635,0.89999978107396,2.5,2.5,-0.00010000000000044
0.0272,0.99998074806756,0.99996609087561,0.99998486977662,0.99998052690493,4.9127728738419e-05,2.1347398241821e-05,0.0099992712664528,-1.4299676012101e-05,1.4254791814919e-05,-4.5319268423041e-06,-4.5319268428001e-06,0.90001690158402,0.8999998009498,2.5,2.5,-9.9999999999811e-05
0.0274,0.99998072505042,0.99996608036503,0.99998486529651,0.99998052613047,4.9085198173582e-05,2.1333728395665e-05,0.0099992684157203,-1.4253662351702e-05,1.4208971277384e-05,-4.5332938268734e-06,-4.5332938273627e-06,0.90001690701181,0.8999998209686,2.5,2.5,-9.999999999986e-05
0.0276,0.99998070193167,0.99996606988998,0.99998486083012,0.99998052541036,4.9042219476004e-05,2.1320102199901e-05,0.0099992655740907,-1.4208148149316e-05,1.4163647533428e-05,-4.5346564464859e-06,-4.5346564469055e-06,0.90001691241996,0.89999984112775,2.5,2.5,-9.9999999999761e-05
0.0278,0.99998067871332,0.99996605945006,0.99998485637731,0.99998052474375,4.8998800487294e-05,2.1306519183813e-05,0.0099992627414659,-1.4163123985499e-05,1.4118811253147e-05,-4.5360147480925e-06,-4.5360147484822e-06,0.90001691780872,0.89999986142471,2.5,2.5,-9.9999999999709e-05
0.028,0.99998065539736,0.99996604904488,0.99998485193794,0.99998052412979,4.8954948973453e-05,2.1292978886368e-05,0.0099992599177497,-1.4118580717788e-05,1.4074453329174e-05,-4.53736877756e-06,-4.5373687783366e-06,0.90001692317831,0.89999988185691,2.5,2.5,-0.00010000000000018
0.0282,0.99998063198574,0.99996603867404,0.99998484751187,0.99998052356766,4.8910672628633e-05,2.1279480855622e-05,0.0099992571028479,-1.4074509404805e-05,1.4030564859161e-05,-4.5387185809509e-06,-4.538718581298e-06,0.90001692852896,0.89999990242184,2.5,2.5,-9.9999999999894e-05
0.0284,0.99998060848043,0.99996602833717,0.99998484309898,0.99998052305653,4.8865979065402e-05,2.1266024646455e-05,0.0099992542966676,-1.403090131428e-05,1.3987137200797e-05,-4.5400642018396e-06,-4.5400642022341e-06,0.9000169338609,0.899999923117,2.5,2.5,-9.9999999999808e-05
0.0286,0.99998058488334,0.99996601803388,0.99998483869912,0.99998052259558,4.8820875828446e-05,2.1252609823218e-05,0.009999251499118,-1.3987747940911e-05,1.3944161870352e-05,-4.5414056839701e-06,-4.5414056847041e-06,0.90001693917434,0.89999994393993,2.5,2.5,-0.00010000000000039
0.0288,0.99998056119641,0.99996600776381,0.99998483431218,0.999980522184,4.8775370374083e-05,2.1239235957665e-05,0.0099992487101098,-1.3945040950763e-05,1.3901630593342e-05,-4.5427430706661e-06,-4.5427430712369e-06,0.90001694446951,0.89999996488815,2.5,2.5,-0.00010000000000045
0.029,0.99998053742153,0.9999659975266,0.99998482993802,0.99998052182101,4.8729470088589e-05,2.1225902629615e-05,0.0099992459295554,-1.3902772243463e-05,1.3859535313986e-05,-4.5440764034236e-06,-4.5440764040348e-06,0.90001694974661,0.89999998595926,2.5,2.5,-0.00010000000000006
0.0292,0.99998051356057,0.9999659873219,0.99998482557652,0.99998052150581,4.8683182276233e-05,2.1212609426913e-05,0.0099992431573686,-1.3860933874055e-05,1.381786813587e-05,-4.545405723717e-06,-4.5454057243673e-06,0.90001695500584,0.90000000715085,2.5,2.5,-9.9999999999564e-05
0.0294,0.99998048961541,0.99996597714936,0.99998482122757,0.99998052123762,4.8636514151577e-05,2.1199355942782e-05,0.009999240393465,-1.3819518082331e-05,1.3776621357593e-05,-4.5467310720828e-06,-4.5467310727456e-06,0.90001696024742,0.90000002846055,2.5,2.5,-9.9999999999071e-05
0.0296,0.99998046558788,0.99996596700864,0.99998481689102,0.99998052101569,4.8589472861999e-05,2.1186141780511e-05,0.0099992376377616,-1.3778517323379e-05,1.3735787455186e-05,-4.5480524883755e-06,-4.5480524890127e-06,0.90001696547153,0.90000004988601,2.5,2.5,-0.00010000000000031
0.0298,0.99998044147981,0.9999659568994,0.99998481256678,0.99998052083925,4.8542065473172e-05,2.1172966548513e-05,0.0099992348901767,-1.3737924182089e-05,1.3695359076601e-05,-4.5493700115571e-06,-4.5493700121965e-06,0.90001697067838,0.9000000714249,2.5,2.5,-0.00010000000000025
0.03,0.999980417293,0.99996594682131,0.99998480825472,0.99998052070755,4.849429896154e-05,2.115982986303e-05,0.0099992321506304,-1.3697731441766e-05,1.3655329027557e-05,-4.5506836800882e-06,-4.5506836807463e-06,0.90001697586815,0.90000009307493,2.5,2.5,-0.0001000000000001
0.0302,0.99998039302923,0.99996593677406,0.99998480395473,0.99998052061986,4.8446180225768e-05,2.1146731346782e-05,0.009999229419044,-1.365793203379e-05,1.3615690299799e-05,-4.5519935318355e-06,-4.5519935321567e-06,0.90001698104104,0.90000011483382,2.5,2.5,-0.0001000000000005
0.0304,0.99998036869029,0.99996592675731,0.9999847996667,0.99998052057545,4.8397716077386e-05,2.11336706292e-05,0.0099992266953402,-1.3618519036348e-05,1.3576436005313e-05,-4.5532996035797e-06,-4.5532996039183e-06,0.90001698619722,0.90000013669933,2.5,2.5,-0.00010000000000087
0.0306,0.9999803442779,0.99996591677078,0.99998479539052,0.99998052057359,4.8348913255022e-05,2.1120647346039e-05,0.0099992239794431,-1.3579485700999e-05,1.3537559432128e-05,-4.5546019318666e-06,-4.5546019322227e-06,0.90001699133688,0.90000015866924,2.5,2.5,-0.00010000000000057
0.0308,0.99998031979381,0.99996590681414,0.99998479112607,0.99998052061358,4.8299778409523e-05,2.1107661139908e-05,0.009999221271278,-1.3540825419299e-05,1.3499054020584e-05,-4.5559005524788e-06,-4.5559005528496e-06,0.9000169964602,0.90000018074136,2.5,2.5,-9.99999999998e-05
0.031,0.9999802952397,0.99996589688711,0.99998478687326,0.99998052069471,4.8250318109455e-05,2.1094711659078e-05,0.0099992185707716,-1.3502531761318e-05,1.3460913355176e-05,-4.5571955005883e-06,-4.5571955009815e-06,0.90001700156734,0.90000020291351,2.5,2.5,-0.00010000000000024
0.0312,0.99998027061727,0.99996588698937,0.99998478263198,0.9999805208163,4.8200538846104e-05,2.1081798557739e-05,0.009999215877852,-1.3464598366643e-05,1.3423131131031e-05,-4.5584868106989e-06,-4.5584868110957e-06,0.90001700665849,0.90000022518357,2.5,2.5,-0.00010000000000019
0.0314,0.99998024592819,0.99996587712066,0.99998477840212,0.99998052097766,4.8150447024247e-05,2.106892149649e-05,0.0099992131924482,-1.3427019078855e-05,1.3385701223069e-05,-4.5597745168291e-06,-4.559774517223e-06,0.9000170117338,0.90000024754942,2.5,2.5,-9.9999999999598e-05
0.0316,0.9999802211741,0.99996586728067,0.99998477418358,0.99998052117812,4.8100048961105e-05,2.1056080141413e-05,0.0099992105144906,-1.3389787842853e-05,1.3348617590724e-05,-4.5610586523152e-06,-4.5610586527248e-06,0.90001701679345,0.90000027000897,2.5,2.5,-9.999999999985e-05
0.0318,0.99998019635663,0.99996585746914,0.99998476997627,0.99998052141702,4.8049350904466e-05,2.104327416474e-05,0.0099992078439109,-1.3352898701616e-05,1.3311874357051e-05,-4.5623392499618e-06,-4.5623392503975e-06,0.90001702183758,0.90000029256015,2.5,2.5,-9.9999999999485e-05
0.032,0.99998017147737,0.99996584768578,0.99998476578009,0.99998052169369,4.7998359017498e-05,2.1030503243453e-05,0.0099992051806417,-1.3316345914398e-05,1.3275465763924e-05,-4.5636163420974e-06,-4.5636163425226e-06,0.90001702686638,0.90000031520094,2.5,2.5,-0.00010000000000054
0.0322,0.99998014653793,0.99996583793034,0.99998476159493,0.9999805220075,4.7947079374361e-05,2.1017767060939e-05,0.0099992025246169,-1.3280123775243e-05,1.3239386161584e-05,-4.5648899603622e-06,-4.5648899607822e-06,0.90001703187998,0.90000033792933,2.5,2.5,-0.0001000000000005
0.0324,0.99998012153985,0.99996582820253,0.99998475742072,0.9999805223578,4.7895517971717e-05,2.1005065305275e-05,0.0099991998757716,-1.3244226737818e-05,1.3203630032277e-05,-4.5661601359549e-06,-4.5661601363875e-06,0.90001703687855,0.90000036074334,2.5,2.5,-9.9999999999517e-05
0.0326,0.99998009648469,0.99996581850211,0.99998475325734,0.99998052274398,4.784368073345e-05,2.099239766924e-05,0.0099991972340417,-1.3208649373771e-05,1.3168191983407e-05,-4.5674268994338e-06,-4.5674269000388e-06,0.90001704186222,0.900000383641,2.5,2.5,-0.0001000000000004
0.0328,0.99998007137397,0.99996580882881,0.99998474910471,0.99998052316541,4.779157349974e-05,2.0979763852339e-05,0.0099991945993644,-1.3173386345579e-05,1.3133066695996e-05,-4.568690281228e-06,-4.5686902816828e-06,0.90001704683116,0.9000004066204,2.5,2.5,-0.00010000000000015
0.033,0.9999800462092,0.99996579918239,0.99998474496275,0.99998052362147,4.7739202022474e-05,2.096716355729e-05,0.0099991919716779,-1.3138432448181e-05,1.3098249001507e-05,-4.5699503107206e-06,-4.569950311193e-06,0.90001705178551,0.90000042967962,2.5,2.5,-9.9999999999972e-05
0.0332,0.99998002099185,0.99996578956259,0.99998474083136,0.99998052411158,4.768657198528e-05,2.09545964929e-05,0.0099991893509214,-1.310378257685e-05,1.3063733814296e-05,-4.5712070171336e-06,-4.5712070176046e-06,0.9000170567254,0.90000045281681,2.5,2.5,-0.00010000000000027
0.0334,0.99997999572339,0.99996577996918,0.99998473671045,0.99998052463513,4.7633688991075e-05,2.0942062372478e-05,0.0099991867370351,-1.3069431706807e-05,1.302951614959e-05,-4.5724604291582e-06,-4.5724604296507e-06,0.90001706165099,0.90000047603008,2.5,2.5,-0.00010000000000027
0.0336,0.99997997040528,0.99996577040192,0.99998473259994,0.99998052519154,4.7580558556046e-05,2.0929560913867e-05,0.0099991841299601,-1.3035374955786e-05,1.2995591146708e-05,-4.5737105750248e-06,-4.5737105755106e-06,0.9000170665624,0.90000049931764,2.5,2.5,-0.00010000000000065
0.0338,0.99997994503892,0.99996576086057,0.99998472849974,0.99998052578023,4.7527186132617e-05,2.0917091839774e-05,0.0099991815296385,-1.3001607527145e-05,1.2961954029851e-05,-4.5749574824399e-06,-4.5749574829292e-06,0.90001707145977,0.90000052267766,2.5,2.5,-9.9999999999607e-05
0.034,0.99997991962574,0.99996575134489,0.99998472440978,0.99998052640064,4.7473577086405e-05,2.0904654877074e-05,0.0099991789360136,-1.2968124708989e-05,1.2928600118946e-05,-4.5762011787333e-06,-4.5762011792114e-06,0.90001707634324,0.90000054610838,2.5,2.5,-0.00010000000000017
0.0342,0.99997989416709,0.99996574185467,0.99998472032996,0.99998052705221,4.7419736712976e-05,2.0892249756983e-05,0.0099991763490292,-1.2934921871152e-05,1.2895524813355e-05,-4.5774416907114e-06,-4.5774416912046e-06,0.90001708121293,0.90000056960805,2.5,2.5,-0.00010000000000022
0.0344,0.99997986866438,0.99996573238968,0.99998471626022,0.99998052773437,4.7365670221745e-05,2.0879876215717e-05,0.0099991737686303,-1.2901994522058e-05,1.2862723637712e-05,-4.5786790448374e-06,-4.5786790453291e-06,0.90001708606898,0.90000059317494,2.5,2.5,-0.00010000000000025
0.0346,0.99997984311893,0.99996572294969,0.99998471220046,0.99998052844661,4.7311382761733e-05,2.0867533993258e-05,0.0099991711947626,-1.2869338210773e-05,1.2830192172124e-05,-4.5799132670942e-06,-4.5799132675802e-06,0.90001709091151,0.90000061680735,2.5,2.5,-0.00010000000000003
0.0348,0.99997981753206,0.9999657135345,0.99998470815061,0.99998052918837,4.7256879398714e-05,2.0855222833925e-05,0.0099991686273729,-1.28369486166e-05,1.2797926101977e-05,-4.5811443830407e-06,-4.5811443835188e-06,0.90001709574065,0.90000064050361,2.5,2.5,-9.9999999999782e-05
0.035,0.9999797919051,0.99996570414389,0.9999847041106,0.99998052995913,4.7202165121902e-05,2.0842942485505e-05,0.0099991660664086,-1.2804821447727e-05,1.2765921195638e-05,-4.5823724178686e-06,-4.5823724183431e-06,0.90001710055652,0.90000066426205,2.5,2.5,-0.00010000000000038
0.0352,0.99997976623933,0.99996569477765,0.99998470008035,0.99998053075837,4.7147244853566e-05,2.0830692700971e-05,0.0099991635118181,-1.2772952571141e-05,1.2734173296991e-05,-4.5835973963419e-06,-4.5835973968259e-06,0.90001710535923,0.90000068808106,2.5,2.5,-0.00010000000000009
0.0354,0.99997974053601,0.99996568543557,0.99998469605978,0.99998053158557,4.7092123443588e-05,2.0818473236055e-05,0.0099991609635505,-1.2741337862953e-05,1.2702678333982e-05,-4.5848193428209e-06,-4.5848193433038e-06,0.90001711014891,0.90000071195903,2.5,2.5,-0.00010000000000013
0.0356,0.99997971479641,0.99996567611746,0.99998469204882,0.99998053244024,4.7036805669166e-05,2.0806283851046e-05,0.0099991584215559,-1.270997331531e-05,1.2671432314706e-05,-4.5860382813275e-06,-4.5860382817989e-06,0.90001711492567,0.90000073589437,2.5,2.5,-0.00010000000000012
0.0358,0.99997968902176,0.99996566682311,0.9999846880474,0.99998053332187,4.6981296231256e-05,2.0794124309908e-05,0.0099991558857849,-1.2678854990604e-05,1.2640431325292e-05,-4.5872542354484e-06,-4.587254235935e-06,0.90001711968963,0.90000075988554,2.5,2.5,-0.00010000000000015
0.036,0.99997966321327,0.99996565755233,0.99998468405545,0.99998053422998,4.6925599771789e-05,2.0781994379938e-05,0.0099991533561891,-1.2647979046101e-05,1.2609671522832e-05,-4.5884672284457e-06,-4.5884672289246e-06,0.9000171244409,0.90000078393099,2.5,2.5,-0.00010000000000002
0.0362,0.99997963737213,0.99996564830492,0.99998468007289,0.99998053516409,4.6869720849449e-05,2.0769893832339e-05,0.0099991508327207,-1.2617341664814e-05,1.2579149135156e-05,-4.5896772832006e-06,-4.5896772836755e-06,0.90001712917959,0.90000080802922,2.5,2.5,-0.00010000000000013
0.0364,0.99997961149953,0.9999656390807,0.99998467609967,0.99998053612372,4.6813663960589e-05,2.0757822441995e-05,0.0099991483153329,-1.2586939128658e-05,1.2548860468222e-05,-4.5908844222162e-06,-4.5908844226892e-06,0.9000171339058,0.90000083217874,2.5,2.5,-0.00010000000000021
0.0366,0.99997958559663,0.99996562987948,0.9999846721357,0.9999805371084,4.6757433538744e-05,2.0745779987687e-05,0.0099991458039793,-1.2556767840712e-05,1.2518801910666e-05,-4.59208866769e-06,-4.5920886681625e-06,0.90001713861966,0.90000085637807,2.5,2.5,-0.00010000000000035
0.0368,0.99997955966457,0.99996562070107,0.99998466818093,0.99998053811767,4.6701033945132e-05,2.0733766249845e-05,0.0099991432986145,-1.2526824178405e-05,1.2488969886349e-05,-4.5932900413502e-06,-4.5932900420137e-06,0.90001714332125,0.90000088062579,2.5,2.5,-0.00010000000000022
0.037,0.99997953370449,0.99996561154529,0.99998466423529,0.99998053915108,4.6644469471006e-05,2.0721781014679e-05,0.0099991407991936,-1.2497104629054e-05,1.2459360906845e-05,-4.5944885649324e-06,-4.5944885655298e-06,0.90001714801069,0.90000090492046,2.5,2.5,-9.9999999999902e-05
0.0372,0.99997950771748,0.99996560241197,0.99998466029872,0.99998054020819,4.6587744349484e-05,2.0709824070231e-05,0.0099991383056724,-1.2467605776796e-05,1.242997155913e-05,-4.595684259389e-06,-4.5956842599751e-06,0.90001715268807,0.90000092926069,2.5,2.5,-9.999999999974e-05
0.0374,0.99997948170464,0.99996559330094,0.99998465637114,0.99998054128855,4.6530862747083e-05,2.0697895207722e-05,0.0099991358180076,-1.2438324249776e-05,1.2400798474035e-05,-4.5968771456406e-06,-4.5968771461874e-06,0.90001715735351,0.90000095364509,2.5,2.5,-0.0001000000000006
0.0376,0.99997945566704,0.999965584212,0.9999846524525,0.99998054239174,4.6473828758665e-05,2.0685994222311e-05,0.0099991333361562,-1.2409256696505e-05,1.2371838349851e-05,-4.598067244169e-06,-4.5980672447118e-06,0.90001716200708,0.90000097807232,2.5,2.5,-9.9999999999796e-05
0.0378,0.99997942960575,0.99996557514501,0.99998464854273,0.99998054351732,4.6416646420441e-05,2.0674120911584e-05,0.0099991308600762,-1.2380399883037e-05,1.2343087955567e-05,-4.5992545752167e-06,-4.5992545757801e-06,0.9000171666489,0.90000100254103,2.5,2.5,-0.0001000000000004
0.038,0.99997940352181,0.99996556609979,0.99998464464177,0.99998054466487,4.6359319707915e-05,2.0662275076669e-05,0.0099991283897261,-1.235175060396e-05,1.2314544104516e-05,-4.6004391586931e-06,-4.6004391592419e-06,0.90001717127906,0.90000102704992,2.5,2.5,-9.9999999999936e-05
0.0382,0.99997937741624,0.99996555707617,0.99998464074957,0.99998054583399,4.6301852536407e-05,2.0650456522118e-05,0.009999125925065,-1.2323305722447e-05,1.2286203674937e-05,-4.6016210142071e-06,-4.6016210147471e-06,0.90001717589765,0.90000105159767,2.5,2.5,-0.0001000000000005
0.0384,0.99997935129005,0.99996554807399,0.99998463686607,0.99998054702427,4.6244248754518e-05,2.0638665053802e-05,0.0099991234660525,-1.2295062190118e-05,1.2258063621579e-05,-4.6028001610266e-06,-4.6028001615596e-06,0.90001718050477,0.90000107618302,2.5,2.5,-9.9999999999837e-05
0.0386,0.99997932514424,0.99996553909311,0.9999846329912,0.99998054823531,4.6186512153547e-05,2.0626900482199e-05,0.0099991210126492,-1.2267016929799e-05,1.2230120915457e-05,-4.6039766182011e-06,-4.6039766187416e-06,0.90001718510049,0.90000110080472,2.5,2.5,-9.9999999999534e-05
0.0388,0.99997929897978,0.99996553013335,0.99998462912491,0.9999805494667,4.612864646005e-05,2.0615162619856e-05,0.0099991185648158,-1.2239167029127e-05,1.2202372616281e-05,-4.6051504044741e-06,-4.6051504050057e-06,0.90001718968493,0.90000112546153,2.5,2.5,-9.9999999999819e-05
0.039,0.99997927279764,0.99996552119456,0.99998462526714,0.99998055071808,4.6070655349021e-05,2.0603451281871e-05,0.0099991161225138,-1.221150953187e-05,1.2174815826968e-05,-4.6063215382511e-06,-4.6063215387777e-06,0.90001719425816,0.90000115015224,2.5,2.5,-0.00010000000000022
0.0392,0.99997924659876,0.99996551227659,0.99998462141784,0.99998055198904,4.601254243397e-05,2.0591766286987e-05,0.0099991136857055,-1.2184041601334e-05,1.2147447691872e-05,-4.6074900377677e-06,-4.6074900382858e-06,0.90001719882027,0.90000117487564,2.5,2.5,-0.00010000000000034
0.0394,0.99997922038407,0.9999655033793,0.99998461757695,0.99998055327923,4.5954311271392e-05,2.0580107455625e-05,0.0099991112543534,-1.2156760410339e-05,1.2120265422009e-05,-4.6086559208962e-06,-4.6086559213946e-06,0.90001720337134,0.90000119963057,2.5,2.5,-0.00010000000000013
0.0396,0.9999791941545,0.99996549450252,0.99998461374441,0.99998055458826,4.5895965358553e-05,2.0568474611882e-05,0.0099991088284208,-1.2129663225703e-05,1.2093266278839e-05,-4.6098192052784e-06,-4.6098192057738e-06,0.90001720791147,0.90000122441587,2.5,2.5,-9.9999999999694e-05
0.0398,0.99997916791094,0.99996548564612,0.99998460992018,0.99998055591578,4.5837508145027e-05,2.0556867581782e-05,0.0099991064078714,-1.2102747314922e-05,1.206644755555e-05,-4.6109799083239e-06,-4.6109799087843e-06,0.90001721244073,0.90000124923039,2.5,2.5,-9.9999999999791e-05
0.04,0.99997914165427,0.99996547680995,0.9999846061042,0.99998055726143,4.5778943012453e-05,2.0545286193286e-05,0.0099991039926694,-1.2076010004865e-05,1.2039806600346e-05,-4.6121380471646e-06,-4.6121380475203e-06,0.9000172169592,0.90000127407302,2.5,2.5,-9.9999999999697e-05
0.0402,0.99997911538539,0.99996546799388,0.99998460229641,0.99998055862485,4.57202732967e-05,2.053373027849e-05,0.0099991015827796,-1.2049448725529e-05,1.2013340830297e-05,-4.6132936384996e-06,-4.6132936392608e-06,0.90001722146697,0.90000129894265,2.5,2.5,-0.00010000000000045
0.0404,0.99997908910513,0.99996545919776,0.99998459849678,0.9999805600057,4.5661502279349e-05,2.0522199670719e-05,0.0099990991781674,-1.202306085702e-05,1.1987047673054e-05,-4.6144466994197e-06,-4.6144466997696e-06,0.90001722596411,0.9000013238382,2.5,2.5,-0.00010000000000002
0.0406,0.99997906281436,0.99996545042146,0.99998459470524,0.99998056140363,4.5602633190116e-05,2.0510694206041e-05,0.0099990967787987,-1.199684393294e-05,1.1960924643031e-05,-4.6155972458301e-06,-4.6155972463748e-06,0.9000172304507,0.90000134875859,2.5,2.5,-0.00010000000000025
0.0408,0.99997903651389,0.99996544166484,0.99998459092175,0.99998056281832,4.5543669201957e-05,2.0499213723017e-05,0.0099990943846396,-1.1970795422481e-05,1.19349692451e-05,-4.6167452942012e-06,-4.6167452945559e-06,0.90001723492683,0.90000137370279,2.5,2.5,-0.00010000000000002
0.041,0.99997901020454,0.99996543292776,0.99998458714626,0.99998056424943,4.5484613436941e-05,2.0487758061946e-05,0.009999091995657,-1.1944912943785e-05,1.1909179080405e-05,-4.6178908603028e-06,-4.6178908606388e-06,0.90001723939256,0.90000139866976,2.5,2.5,-0.00010000000000014
0.0412,0.99997898388713,0.9999654242101,0.99998458337871,0.99998056569663,4.5425468969764e-05,2.047632706691e-05,0.0099990896118182,-1.1919194047379e-05,1.1883551761568e-05,-4.6190339598023e-06,-4.619033960213e-06,0.90001724384797,0.90000142365847,2.5,2.5,-9.9999999999632e-05
0.0414,0.99997895756243,0.99996541551173,0.99998457961907,0.9999805671596,4.5366238822407e-05,2.0464920582259e-05,0.0099990872330909,-1.1893636426661e-05,1.1858084955888e-05,-4.6201746082284e-06,-4.6201746086753e-06,0.90001724829313,0.90000144866794,2.5,2.5,-0.00010000000000009
0.0416,0.99997893123123,0.99996540683252,0.99998457586729,0.99998056863804,4.5306925967191e-05,2.0453538456183e-05,0.0099990848594433,-1.1868237765343e-05,1.183277636156e-05,-4.6213128208476e-06,-4.6213128213018e-06,0.90001725272811,0.90000147369718,2.5,2.5,-9.9999999999795e-05
0.0418,0.99997890489428,0.99996539817234,0.99998457212331,0.99998057013162,4.5247533332734e-05,2.0442180538338e-05,0.0099990824908442,-1.1842995786993e-05,1.1807623718375e-05,-4.6224486126532e-06,-4.6224486131087e-06,0.900017257153,0.90000149874522,2.5,2.5,-9.9999999999933e-05
0.042,0.99997887855235,0.99996538953107,0.9999845683871,0.99998057164005,4.5188063793576e-05,2.0430846680194e-05,0.0099990801272625,-1.1817908266766e-05,1.1782624824331e-05,-4.623581998454e-06,-4.6235819989093e-06,0.90001726156785,0.90000152381112,2.5,2.5,-9.9999999999369e-05
0.0422,0.99997885220617,0.9999653809086,0.9999845646586,0.99998057316302,4.5128520178005e-05,2.041953673617e-05,0.0099990777686679,-1.1792973025811e-05,1.1757777496062e-05,-4.6247129928604e-06,-4.6247129933369e-06,0.90001726597273,0.90000154889393,2.5,2.5,-0.00010000000000076
0.0424,0.99997882585646,0.9999653723048,0.99998456093778,0.99998057470025,4.5068905265766e-05,2.0408250561716e-05,0.0099990754150304,-1.1768187890385e-05,1.1733079583986e-05,-4.625841610289e-06,-4.6258416107391e-06,0.90001727036771,0.90000157399274,2.5,2.5,-0.00010000000000039
0.0426,0.99997879950394,0.99996536371954,0.99998455722459,0.99998057625143,4.5009221798978e-05,2.0396988015512e-05,0.0099990730663202,-1.1743550781894e-05,1.1708528992671e-05,-4.6269678649126e-06,-4.626967865328e-06,0.90001727475287,0.90000159910665,2.5,2.5,-0.00010000000000093
0.0428,0.99997877314932,0.99996535515272,0.99998455351898,0.99998057781629,4.4949472467593e-05,2.0385748957526e-05,0.0099990707225083,-1.1719059575616e-05,1.1684123650848e-05,-4.6280917707236e-06,-4.6280917711174e-06,0.90001727912826,0.90000162423476,2.5,2.5,-0.00010000000000009
0.043,0.99997874679327,0.99996534660423,0.99998454982092,0.99998057939454,4.4889659916455e-05,2.0374533249576e-05,0.0099990683835658,-1.1694712259506e-05,1.1659861526383e-05,-4.6292133415199e-06,-4.6292133419293e-06,0.90001728349396,0.9000016493762,2.5,2.5,-9.9999999999825e-05
0.0432,0.99997872043648,0.99996533807393,0.99998454613037,0.9999805809859,4.4829786749882e-05,2.0363340755406e-05,0.0099990660494645,-1.1670506822405e-05,1.1635740623654e-05,-4.6303325909824e-06,-4.630332591248e-06,0.90001728785002,0.90000167453012,2.5,2.5,-0.00010000000000039
0.0434,0.99997869407962,0.99996532956173,0.99998454244727,0.99998058259011,4.4769855525525e-05,2.0352171341216e-05,0.0099990637201762,-1.1646441296356e-05,1.1611758981571e-05,-4.6314495323772e-06,-4.6314495327224e-06,0.90001729219651,0.90000169969566,2.5,2.5,-9.9999999999528e-05
0.0436,0.99997866772334,0.99996532106752,0.99998453877159,0.9999805842069,4.4709868763205e-05,2.0341024874362e-05,0.0099990613956735,-1.1622513715145e-05,1.1587914662454e-05,-4.6325641790533e-06,-4.6325641793777e-06,0.90001729653349,0.900001724872,2.5,2.5,-0.00010000000000026
0.0438,0.99997864136829,0.99996531259117,0.9999845351033,0.999980585836,4.4649828933485e-05,2.0329901224842e-05,0.009999059075929,-1.1598722199413e-05,1.1564205773143e-05,-4.6336765440473e-06,-4.6336765443029e-06,0.90001730086103,0.90000175005832,2.5,2.5,-0.00010000000000023
0.044,0.99997861501509,0.99996530413261,0.99998453144234,0.99998058747715,4.4589738472247e-05,2.0318800263467e-05,0.0099990567609161,-1.1575064862391e-05,1.1540630459465e-05,-4.6347866401718e-06,-4.6347866404451e-06,0.90001730517917,0.90000177525382,2.5,2.5,-9.9999999999803e-05
0.0442,0.99997858866438,0.9999652956917,0.99998452778868,0.99998058913011,4.4529599766499e-05,2.0307721863778e-05,0.0099990544506081,-1.1551539885133e-05,1.151718688514e-05,-4.6358944801294e-06,-4.6358944804706e-06,0.90001730948799,0.90000180045771,2.5,2.5,-0.00010000000000002
0.0444,0.99997856231676,0.99996528726836,0.99998452414229,0.99998059079461,4.4469415176875e-05,2.029666590006e-05,0.009999052144979,-1.152814542999e-05,1.1493873240458e-05,-4.6370000764664e-06,-4.6370000768572e-06,0.90001731378754,0.90000182566921,2.5,2.5,-0.00010000000000034
0.0446,0.99997853597282,0.99996527886247,0.99998452050311,0.99998059247041,4.4409187011277e-05,2.028563224924e-05,0.0099990498440031,-1.1504879734039e-05,1.1470687765362e-05,-4.6381034414456e-06,-4.6381034420324e-06,0.90001731807788,0.90000185088756,2.5,2.5,-0.00010000000000068
0.0448,0.99997850963317,0.99996527047393,0.99998451687113,0.99998059415727,4.4348917540318e-05,2.0274620789548e-05,0.0099990475476549,-1.1481741040244e-05,1.1447628709711e-05,-4.639204587528e-06,-4.6392045879619e-06,0.90001732235907,0.90000187611202,2.5,2.5,-0.00010000000000044
0.045,0.99997848329838,0.99996526210265,0.99998451324629,0.99998059585496,4.4288608998948e-05,2.0263631400247e-05,0.0099990452559094,-1.1458727614489e-05,1.1424694356892e-05,-4.6403035264878e-06,-4.6403035268023e-06,0.90001732663116,0.90000190134183,2.5,2.5,-0.00010000000000036
0.0452,0.99997845696902,0.99996525374853,0.99998450962857,0.99998059756323,4.4228263584002e-05,2.0252663963543e-05,0.0099990429687418,-1.1435837795047e-05,1.1401883041114e-05,-4.6414002700984e-06,-4.6414002706069e-06,0.90001733089421,0.9000019265763,2.5,2.5,-0.00010000000000017
0.0454,0.99997843064565,0.99996524541147,0.99998450601791,0.99998059928186,4.4167883455478e-05,2.0241718361965e-05,0.0099990406861278,-1.1413069897982e-05,1.1379193106429e-05,-4.6424948303224e-06,-4.6424948306165e-06,0.90001733514827,0.90000195181469,2.5,2.5,-9.9999999999709e-05
0.0456,0.99997840432882,0.99996523709137,0.99998450241431,0.99998060101062,4.4107470738683e-05,2.0230794480728e-05,0.0099990384080434,-1.1390422310662e-05,1.1356622916841e-05,-4.6435872184377e-06,-4.643587218799e-06,0.9000173393934,0.90000197705631,2.5,2.5,-9.9999999999892e-05
0.0458,0.99997837801907,0.99996522878814,0.9999844988177,0.99998060274928,4.4047027514234e-05,2.0219892205237e-05,0.0099990361344647,-1.1367893385582e-05,1.1334170863903e-05,-4.644677445893e-06,-4.6446774464149e-06,0.90001734362966,0.90000200230048,2.5,2.5,-9.9999999999753e-05
0.046,0.99997835171693,0.9999652205017,0.99998449522807,0.99998060449762,4.3986555840633e-05,2.0209011423435e-05,0.0099990338653684,-1.1345481580555e-05,1.1311835399039e-05,-4.6457655241011e-06,-4.6457655245048e-06,0.90001734785708,0.90000202754652,2.5,2.5,-9.9999999999898e-05
0.0462,0.99997832542293,0.99996521223194,0.99998449164537,0.99998060625544,4.392605772665e-05,2.0198152025092e-05,0.0099990316007313,-1.1323185316972e-05,1.128961496236e-05,-4.6468514639422e-06,-4.6468514644442e-06,0.90001735207572,0.90000205279376,2.5,2.5,-0.00010000000000026
0.0464,0.99997829913757,0.99996520397876,0.99998448806957,0.99998060802252,4.3865535154012e-05,2.0187313900066e-05,0.0099990293405307,-1.1301003106779e-05,1.1267508036707e-05,-4.6479352764016e-06,-4.6479352769633e-06,0.90001735628565,0.90000207804155,2.5,2.5,-0.00010000000000007
0.0466,0.99997827286135,0.9999651957421,0.99998448450064,0.99998060979864,4.3804990072656e-05,2.0176496941173e-05,0.009999027084744,-1.1278933394879e-05,1.1245513125077e-05,-4.6490169722324e-06,-4.6490169728538e-06,0.9000173604869,0.90000210328926,2.5,2.5,-9.9999999999954e-05
0.0468,0.99997824659478,0.99996518752186,0.99998448093855,0.99998061158361,4.3744424396295e-05,2.0165701041352e-05,0.0099990248333491,-1.1256974737233e-05,1.122362876197e-05,-4.65009656223e-06,-4.6500965628165e-06,0.90001736467952,0.90000212853625,2.5,2.5,-0.0001000000000001
0.047,0.99997822033832,0.99996517931795,0.99998447738326,0.99998061337721,4.3683840006687e-05,2.015492609554e-05,0.0099990225863239,-1.1235125657443e-05,1.1201853490105e-05,-4.6511740567672e-06,-4.6511740573713e-06,0.90001736886357,0.90000215378191,2.5,2.5,-0.00010000000000006
0.0472,0.99997819409248,0.99996517113028,0.99998447383474,0.99998061517926,4.3623238745847e-05,2.0144172000001e-05,0.009999020343647,-1.1213384748713e-05,1.1180185900106e-05,-4.6522494663453e-06,-4.6522494669063e-06,0.90001737303909,0.90000217902563,2.5,2.5,-0.00010000000000063
0.0474,0.99997816785769,0.99996516295877,0.99998447029295,0.99998061698956,4.3562622434535e-05,2.0133438653082e-05,0.0099990181052969,-1.1191750609342e-05,1.1158624587544e-05,-4.6533228010764e-06,-4.6533228016417e-06,0.90001737720614,0.90000220426681,2.5,2.5,-0.00010000000000006
0.0476,0.99997814163444,0.99996515480333,0.99998446675788,0.99998061880791,4.3501992854346e-05,2.0122725952893e-05,0.0099990158712525,-1.1170221830767e-05,1.1137168177412e-05,-4.6543940711104e-06,-4.6543940716783e-06,0.90001738136475,0.90000222950486,2.5,2.5,-0.00010000000000038
0.0478,0.99997811542317,0.99996514666389,0.99998446322948,0.99998062063413,4.3441351759214e-05,2.0112033799817e-05,0.0099990136414931,-1.1148797052746e-05,1.1115815312315e-05,-4.6554632863946e-06,-4.6554632869607e-06,0.90001738551497,0.90000225473921,2.5,2.5,-9.999999999983e-05
0.048,0.99997808922432,0.99996513854037,0.99998445970772,0.99998062246803,4.3380700877967e-05,2.0101362095279e-05,0.0099990114159981,-1.1127474990523e-05,1.1094564682513e-05,-4.6565304569306e-06,-4.6565304574072e-06,0.90001738965685,0.9000022799693,2.5,2.5,-9.9999999999828e-05
0.0482,0.99997806303833,0.99996513043267,0.99998445619259,0.99998062430942,4.3320041896727e-05,2.0090710742786e-05,0.0099990091947472,-1.1106254259251e-05,1.1073414946258e-05,-4.6575955921146e-06,-4.6575955926747e-06,0.90001739379044,0.90000230519456,2.5,2.5,-9.9999999999847e-05
0.0484,0.99997803686561,0.99996512234073,0.99998445268403,0.99998062615814,4.3259376482796e-05,2.0080079645695e-05,0.0099990069777205,-1.1085133613948e-05,1.1052364846667e-05,-4.6586587018152e-06,-4.6586587023752e-06,0.90001739791577,0.90000233041446,2.5,2.5,-0.00010000000000007
0.0486,0.9999780107066,0.99996511426446,0.99998444918204,0.99998062801399,4.3198706270896e-05,2.0069468709088e-05,0.0099990047648982,-1.1064111769497e-05,1.1031413104637e-05,-4.6597197954047e-06,-4.6597197960141e-06,0.9000174020329,0.90000235562845,2.5,2.5,-0.00010000000000033
0.0488,0.9999779845617,0.99996510620379,0.99998444568657,0.99998062987681,4.3138032862855e-05,2.005887783997e-05,0.0099990025562607,-1.1043187466289e-05,1.1010558477053e-05,-4.6607788823668e-06,-4.6607788830439e-06,0.90001740614186,0.90000238083601,2.5,2.5,-0.00010000000000081
0.049,0.99997795843133,0.99996509815864,0.9999844421976,0.99998063174643,4.3077357837575e-05,2.0048306945764e-05,0.0099990003517888,-1.102235947313e-05,1.0989799738134e-05,-4.6618359718609e-06,-4.6618359723017e-06,0.9000174102427,0.90000240603663,2.5,2.5,-0.0001000000000001
0.0492,0.99997793231585,0.99996509012894,0.9999844387151,0.99998063362267,4.3016682747019e-05,2.003775593528e-05,0.0099989981514634,-1.1001626604155e-05,1.0969135688158e-05,-4.662891072882e-06,-4.6628910733498e-06,0.90001741433547,0.90000243122979,2.5,2.5,-0.00010000000000045
0.0494,0.99997790621569,0.99996508211461,0.99998443523903,0.99998063550538,4.2956009109422e-05,2.002722471833e-05,0.0099989959552659,-1.0980987638658e-05,1.0948565138407e-05,-4.6639441944866e-06,-4.6639441951371e-06,0.90001741842019,0.900002456415,2.5,2.5,-0.00010000000000004
0.0496,0.9999778801312,0.99996507411558,0.99998443176939,0.99998063739439,4.2895338424104e-05,2.0016713206307e-05,0.0099989937631776,-1.0960441408758e-05,1.0928086917221e-05,-4.6649953457786e-06,-4.6649953463311e-06,0.90001742249692,0.90000248159176,2.5,2.5,-9.9999999999787e-05
0.0498,0.99997785406278,0.99996506613178,0.99998442830613,0.99998063928953,4.2834672160862e-05,2.0006221310927e-05,0.0099989915751803,-1.0939986783474e-05,1.0907699890102e-05,-4.6660445354233e-06,-4.66604453591e-06,0.90001742656569,0.9000025067596,2.5,2.5,-9.9999999999847e-05
0.05,0.99997782801078,0.99996505816313,0.99998442484923,0.99998064119066,4.2774011760509e-05,1.9995748945034e-05,0.0099989893912557,-1.0919622627486e-05,1.0887402926904e-05,-4.6670917719274e-06,-4.6670917724066e-06,0.90001743062655,0.90000253191804,2.5,2.5,-0.00010000000000058
0.0502,0.99997780197556,0.99996505020956,0.99998442139866,0.99998064309762,4.2713358642045e-05,1.9985296024269e-05,0.0099989872113862,-1.0899347800392e-05,1.0867194914683e-05,-4.6681370640123e-06,-4.6681370644921e-06,0.90001743467952,0.90000255706662,2.5,2.5,-0.00010000000000008
0.0504,0.99997777595749,0.99996504227101,0.9999844179544,0.99998064501026,4.2652714195149e-05,1.9974862462893e-05,0.0099989850355539,-1.0879161227797e-05,1.0847074765159e-05,-4.6691804201456e-06,-4.6691804206186e-06,0.90001743872467,0.90000258220489,2.5,2.5,-0.000100000000001
0.0506,0.9999777499569,0.99996503434741,0.99998441451642,0.99998064692842,4.2592079788821e-05,1.9964448177756e-05,0.0099989828637416,-1.0859061811388e-05,1.0827041402579e-05,-4.6702218486427e-06,-4.6702218491313e-06,0.900017442762,0.90000260733239,2.5,2.5,-9.9999999999778e-05
0.0508,0.99997772397414,0.99996502643869,0.9999844110847,0.99998064885197,4.253145676394e-05,1.9954053086387e-05,0.0099989806959318,-1.0839048528396e-05,1.0807093769933e-05,-4.6712613578069e-06,-4.6712613582844e-06,0.90001744679158,0.90000263244869,2.5,2.5,-0.00010000000000012
0.051,0.99997769800954,0.99996501854477,0.9999844076592,0.99998065078075,4.2470846441747e-05,1.9943677106968e-05,0.0099989785321078,-1.0819120281971e-05,1.0787230834583e-05,-4.6722989557658e-06,-4.6722989562259e-06,0.90001745081344,0.90000265755337,2.5,2.5,-0.00010000000000008
0.0512,0.99997767206342,0.9999650106656,0.99998440423991,0.99998065271463,4.2410250116227e-05,1.993332015895e-05,0.0099989763722526,-1.0799276097657e-05,1.0767451565777e-05,-4.6733346505639e-06,-4.6733346510611e-06,0.90001745482761,0.90000268264599,2.5,2.5,-9.9999999999708e-05
0.0514,0.99997764613613,0.99996500280112,0.9999844008268,0.99998065465346,4.2349669061799e-05,1.9922982162548e-05,0.0099989742163496,-1.0779514911286e-05,1.0747754955445e-05,-4.6743684501795e-06,-4.6743684506889e-06,0.90001745883412,0.90000270772613,2.5,2.5,-0.00010000000000026
0.0516,0.99997762022795,0.99996499495124,0.99998439741984,0.99998065659711,4.2289104525474e-05,1.9912663039182e-05,0.0099989720643824,-1.0759835786191e-05,1.0728140025882e-05,-4.6754003624866e-06,-4.6754003630173e-06,0.90001746283303,0.90000273279341,2.5,2.5,-0.00010000000000043
0.0518,0.99997759433921,0.99996498711592,0.99998439401901,0.99998065854544,4.2228557734322e-05,1.9902362711302e-05,0.0099989699163349,-1.0740237677823e-05,1.0708605788394e-05,-4.6764303952781e-06,-4.6764303958451e-06,0.90001746682435,0.9000027578474,2.5,2.5,-0.00010000000000057
0.052,0.99997756847022,0.99996497929508,0.99998439062429,0.99998066049833,4.2168029893393e-05,1.9892081102151e-05,0.009998967772191,-1.0720719671644e-05,1.068915129839e-05,-4.6774585561921e-06,-4.6774585567553e-06,0.90001747080813,0.90000278288773,2.5,2.5,-9.9999999999765e-05
0.0522,0.99997754262125,0.99996497148867,0.99998438723565,0.99998066245563,4.2107522183841e-05,1.9881818135585e-05,0.0099989656319348,-1.070128081546e-05,1.0669775614723e-05,-4.6784848528517e-06,-4.678484853427e-06,0.9000174747844,0.900002807914,2.5,2.5,-0.00010000000000032
0.0524,0.99997751679262,0.99996496369662,0.99998438385308,0.99998066441722,4.2047035768499e-05,1.9871573736332e-05,0.0099989634955507,-1.0681920176372e-05,1.0650477799918e-05,-4.6795092927378e-06,-4.6795092933303e-06,0.90001747875319,0.90000283292584,2.5,2.5,-0.00010000000000045
0.0526,0.9999774909846,0.99996495591889,0.99998438047653,0.99998066638298,4.19865717837e-05,1.9861347831179e-05,0.0099989613630234,-1.0662636802656e-05,1.0631256937289e-05,-4.6805318832798e-06,-4.6805318838725e-06,0.90001748271454,0.90000285792288,2.5,2.5,-0.00010000000000018
0.0528,0.99997746519747,0.99996494815539,0.999984377106,0.99998066835279,4.1926131353402e-05,1.9851140345705e-05,0.0099989592343374,-1.06434298344e-05,1.0612112138949e-05,-4.6815526319019e-06,-4.6815526322311e-06,0.90001748666849,0.90000288290475,2.5,2.5,-9.9999999999986e-05
0.053,0.99997743943152,0.99996494040608,0.99998437374147,0.99998067032651,4.1865715574931e-05,1.9840951208567e-05,0.0099989571094777,-1.0624298362585e-05,1.0593042517752e-05,-4.6825715456459e-06,-4.6825715459771e-06,0.90001749061506,0.9000029078711,2.5,2.5,-9.9999999999914e-05
0.0532,0.99997741368701,0.9999649326709,0.99998437038289,0.99998067230404,4.1805325525642e-05,1.9830780347231e-05,0.0099989549884294,-1.060524152899e-05,1.0574047208154e-05,-4.6835886317353e-06,-4.6835886320682e-06,0.90001749455428,0.90000293282157,2.5,2.5,-9.9999999999944e-05
0.0534,0.9999773879642,0.99996492494977,0.99998436703027,0.99998067428525,4.1744962264226e-05,1.9820627691858e-05,0.0099989528711777,-1.058625845363e-05,1.0555125346412e-05,-4.6846038972984e-06,-4.6846038976276e-06,0.9000174984862,0.90000295775583,2.5,2.5,-9.9999999999978e-05
0.0536,0.99997736226335,0.99996491724267,0.99998436368356,0.99998067627003,4.16846268302e-05,1.9810493172115e-05,0.009998950757708,-1.0567348297103e-05,1.0536276098725e-05,-4.6856173492789e-06,-4.6856173496149e-06,0.90001750241084,0.90000298267353,2.5,2.5,-9.9999999999831e-05
0.0538,0.99997733658472,0.99996490954952,0.99998436034277,0.99998067825826,4.1624320243137e-05,1.9800376718764e-05,0.009998948648006,-1.0548510243969e-05,1.0517498640628e-05,-4.686628994621e-06,-4.686628994957e-06,0.90001750632823,0.90000300757435,2.5,2.5,-9.9999999999854e-05
0.054,0.99997731092856,0.99996490187026,0.99998435700785,0.99998068024983,4.1564043509651e-05,1.9790278263602e-05,0.0099989465420573,-1.0529743465579e-05,1.0498792145599e-05,-4.6876388401426e-06,-4.687638840473e-06,0.9000175102384,0.90000303245795,2.5,2.5,-9.9999999999578e-05
0.0542,0.99997728529511,0.99996489420485,0.99998435367879,0.99998068224464,4.1503797608419e-05,1.9780197738713e-05,0.0099989444398479,-1.0511047141389e-05,1.048015582265e-05,-4.6886468926002e-06,-4.6886468929379e-06,0.90001751414139,0.90000305732402,2.5,2.5,-0.00010000000000005
0.0544,0.99997725968461,0.99996488655323,0.99998435035557,0.99998068424257,4.1443583504252e-05,1.9770135077773e-05,0.0099989423413638,-1.0492420492208e-05,1.0461588869227e-05,-4.689653158714e-06,-4.6896531590492e-06,0.90001751803722,0.90000308217225,2.5,2.5,-0.00010000000000008
0.0546,0.99997723409729,0.99996487891534,0.99998434703817,0.99998068624351,4.1383402144703e-05,1.9760090214354e-05,0.0099989402465913,-1.0473862731804e-05,1.0443090512199e-05,-4.6906576450415e-06,-4.6906576453853e-06,0.90001752192593,0.90000310700234,2.5,2.5,-9.9999999999586e-05
0.0548,0.99997720853338,0.99996487129113,0.99998434372656,0.99998068824738,4.132325445722e-05,1.9750063083345e-05,0.0099989381555166,-1.0455373106979e-05,1.0424659995484e-05,-4.6916603581436e-06,-4.6916603584857e-06,0.90001752580754,0.90000313181398,2.5,2.5,-9.9999999999836e-05
0.055,0.99997718299311,0.99996486368056,0.99998434042074,0.99998069025405,4.1263141354692e-05,1.9740053620133e-05,0.0099989360681265,-1.0436950823004e-05,1.0406296551257e-05,-4.6926613044841e-06,-4.6926613048296e-06,0.90001752968208,0.90000315660687,2.5,2.5,-0.00010000000000063
0.0552,0.9999771574767,0.99996485608356,0.99998433712066,0.99998069226343,4.120306373163e-05,1.9730061760739e-05,0.0099989339844074,-1.0418595176186e-05,1.0387999454334e-05,-4.6936604904403e-06,-4.6936604907808e-06,0.90001753354959,0.90000318138073,2.5,2.5,-0.00010000000000021
0.0554,0.99997713198437,0.99996484850009,0.99998433382633,0.99998069427543,4.1143022465575e-05,1.9720087441813e-05,0.0099989319043464,-1.0400305404903e-05,1.0369767970513e-05,-4.6946579223129e-06,-4.6946579226537e-06,0.90001753741009,0.90000320613528,2.5,2.5,-0.00010000000000016
0.0556,0.99997710651631,0.99996484093009,0.99998433053772,0.99998069628994,4.1083018418694e-05,1.9710130600965e-05,0.0099989298279302,-1.0382080827505e-05,1.035160138465e-05,-4.6956536064012e-06,-4.6956536067416e-06,0.9000175412636,0.90000323087023,2.5,2.5,-0.00010000000000017
0.0558,0.99997708107276,0.99996483337351,0.9999843272548,0.99998069830687,4.1023052434634e-05,1.9700191176446e-05,0.0099989277551461,-1.0363920696592e-05,1.0333498983957e-05,-4.6966475488313e-06,-4.6966475491715e-06,0.90001754511016,0.90000325558532,2.5,2.5,-9.9999999999997e-05
0.056,0.99997705565389,0.9999648258303,0.99998432397756,0.99998070032613,4.0963125343513e-05,1.969026910718e-05,0.0099989256859812,-1.0345824331973e-05,1.0315460074494e-05,-4.6976397557647e-06,-4.6976397561089e-06,0.9000175489498,0.90000328028028,2.5,2.5,-9.9999999999781e-05
0.0562,0.99997703025992,0.99996481830042,0.99998432070599,0.99998070234762,4.0903237955828e-05,1.9680364332574e-05,0.009998923620423,-1.0327791019137e-05,1.0297483974601e-05,-4.6986302332338e-06,-4.6986302335776e-06,0.90001755278254,0.90000330495485,2.5,2.5,-0.00010000000000046
0.0564,0.99997700489103,0.99996481078382,0.99998431744005,0.99998070437124,4.0843391072305e-05,1.9670476792713e-05,0.0099989215584589,-1.0309820115175e-05,1.0279570014581e-05,-4.6996189872176e-06,-4.6996189875607e-06,0.9000175566084,0.90000332960876,2.5,2.5,-0.00010000000000046
0.0566,0.99997697954742,0.99996480328045,0.99998431417973,0.99998070639693,4.0783585475474e-05,1.9660606428592e-05,0.0099989195000767,-1.0291910952462e-05,1.0261717529918e-05,-4.7006060236302e-06,-4.700606023983e-06,0.90001756042742,0.90000335424177,2.5,2.5,-9.9999999999994e-05
0.0568,0.99997695422928,0.99996479579026,0.99998431092502,0.99998070842457,4.0723821933485e-05,1.9650753181496e-05,0.0099989174452642,-1.0274062848031e-05,1.0243925859473e-05,-4.7015913483406e-06,-4.7015913486828e-06,0.90001756423962,0.90000337885364,2.5,2.5,-0.00010000000000017
0.057,0.99997692893678,0.9999647883132,0.9999843076759,0.9999807104541,4.0664101198848e-05,1.964091699343e-05,0.0099989153940091,-1.0256275179374e-05,1.0226194380223e-05,-4.7025749671436e-06,-4.7025749674907e-06,0.90001756804503,0.90000340344411,2.5,2.5,-0.00010000000000065
0.0572,0.99997690367011,0.99996478084923,0.99998430443234,0.99998071248542,4.0604424007827e-05,1.9631097807103e-05,0.0099989133462997,-1.0238547337273e-05,1.0208522446297e-05,-4.7035568857547e-06,-4.7035568861014e-06,0.90001757184367,0.90000342801296,2.5,2.5,-9.9999999999956e-05
0.0574,0.99997687842943,0.99996477339829,0.99998430119434,0.99998071451844,4.0544791086521e-05,1.9621295565946e-05,0.0099989113021239,-1.0220878616866e-05,1.0190909435504e-05,-4.7045371098867e-06,-4.704537110235e-06,0.90001757563557,0.90000345255994,2.5,2.5,-0.00010000000000027
0.0576,0.99997685321493,0.99996476596036,0.99998429796187,0.9999807165531,4.0485203144851e-05,1.9611510213483e-05,0.0099989092614702,-1.0203268478259e-05,1.017335473454e-05,-4.7055156451414e-06,-4.7055156454956e-06,0.90001757942075,0.90000347708485,2.5,2.5,-0.00010000000000044
0.0578,0.99997682802675,0.99996475853537,0.99998429473491,0.99998071858931,4.0425660877533e-05,1.9601741694501e-05,0.009998907224327,-1.0185716273299e-05,1.0155857746318e-05,-4.706492497044e-06,-4.7064924973954e-06,0.90001758319923,0.90000350158744,2.5,2.5,-9.9999999999961e-05
0.058,0.99997680286509,0.99996475112329,0.99998429151344,0.99998072062699,4.0366164968631e-05,1.9591989953268e-05,0.0099989051906827,-1.016822144463e-05,1.0138417881696e-05,-4.7074676711376e-06,-4.7074676714843e-06,0.90001758697106,0.90000352606751,2.5,2.5,-0.00010000000000026
0.0582,0.99997677773007,0.99996474372407,0.99998428829746,0.99998072266605,4.0306716087329e-05,1.9582254936639e-05,0.009998903160526,-1.0150783363922e-05,1.0121034545563e-05,-4.7084411728413e-06,-4.7084411731965e-06,0.90001759073623,0.90000355052483,2.5,2.5,-0.00010000000000032
0.0584,0.99997675262188,0.99996473633767,0.99998428508694,0.99998072470644,4.024731489217e-05,1.95725365893e-05,0.0099989011338457,-1.0133401478503e-05,1.0103707169755e-05,-4.7094130075478e-06,-4.7094130078954e-06,0.90001759449479,0.90000357495921,2.5,2.5,-0.00010000000000062
0.0586,0.99997672754066,0.99996472896404,0.99998428188187,0.99998072674806,4.0187962026413e-05,1.9562834859234e-05,0.0099988991106307,-1.0116075212334e-05,1.008643519012e-05,-4.7103831805927e-06,-4.7103831809485e-06,0.90001759824675,0.90000359937043,2.5,2.5,-9.9999999999935e-05
0.0588,0.99997670248655,0.99996472160315,0.99998427868223,0.99998072879085,4.0128658116867e-05,1.9553149692511e-05,0.0099988970908699,-1.0098803995859e-05,1.0069218036332e-05,-4.7113516972558e-06,-4.7113516976082e-06,0.90001760199214,0.9000036237583,2.5,2.5,-9.9999999999789e-05
0.059,0.9999766774597,0.99996471425494,0.999984275488,0.99998073083474,4.0069403784369e-05,1.9543481037147e-05,0.0099988950745524,-1.0081587310482e-05,1.0052055175912e-05,-4.7123185627595e-06,-4.7123185631088e-06,0.90001760573098,0.90000364812262,2.5,2.5,-0.00010000000000013
0.0592,0.99997665246027,0.99996470691938,0.99998427229917,0.99998073287965,4.0010199633255e-05,1.9533828841651e-05,0.0099988930616675,-1.0064424568687e-05,1.003494606131e-05,-4.7132837823043e-06,-4.7132837826603e-06,0.9000176094633,0.90000367246319,2.5,2.5,-9.9999999999905e-05
0.0594,0.99997662748838,0.99996469959644,0.99998426911572,0.99998073492551,3.9951046257491e-05,1.9524193055069e-05,0.0099988910522045,-1.0047315270199e-05,1.001789015875e-05,-4.7142473609933e-06,-4.71424736135e-06,0.9000176131891,0.90000369677983,2.5,2.5,-9.9999999999421e-05
0.0596,0.99997660254417,0.99996469228605,0.99998426593763,0.99998073697226,3.9891944241883e-05,1.9514573625954e-05,0.0099988890461527,-1.0030258877477e-05,1.0000886948725e-05,-4.7152093039043e-06,-4.7152093042574e-06,0.90001761690844,0.90000372107235,2.5,2.5,-0.00010000000000006
0.0598,0.99997657762778,0.99996468498818,0.99998426276489,0.99998073901982,3.9832894156046e-05,1.9504970504167e-05,0.0099988870435017,-1.0013254854689e-05,9.983935911649e-06,-4.7161696160509e-06,-4.7161696164027e-06,0.90001762062131,0.90000374534057,2.5,2.5,-0.00010000000000042
0.06,0.99997655273934,0.99996467770281,0.99998425959749,0.99998074106814,3.9773896559081e-05,1.9495383640495e-05,0.0099988850442412,-9.9963027213688e-06,9.967036544893e-06,-4.7171283024278e-06,-4.7171283027806e-06,0.90001762432774,0.90000376958431,2.5,2.5,-0.00010000000000009
0.0602,0.99997652787897,0.99996467042987,0.9999842564354,0.99998074311715,3.9714951997869e-05,1.9485812985699e-05,0.0099988830483608,-9.9794019711207e-06,9.9501883514672e-06,-4.71808536797e-06,-4.7180853683259e-06,0.90001762802776,0.90000379380341,2.5,2.5,-0.00010000000000007
0.0604,0.9999765030468,0.99996466316935,0.99998425327862,0.99998074516678,3.9656061007796e-05,1.9476258490132e-05,0.0099988810558504,-9.9625520977939e-06,9.9333908277346e-06,-4.7190408175005e-06,-4.7190408178576e-06,0.90001763172139,0.90000381799769,2.5,2.5,-0.00010000000000004
0.0606,0.99997647824295,0.99996465592119,0.99998425012711,0.99998074721696,3.9597224118644e-05,1.9466720105963e-05,0.0099988790666999,-9.9457526117322e-06,9.9166434993726e-06,-4.7199946559122e-06,-4.719994656261e-06,0.90001763540864,0.90000384216699,2.5,2.5,-0.0001000000000001
0.0608,0.99997645346753,0.99996464868535,0.99998424698089,0.99998074926765,3.9538441841162e-05,1.945719778541e-05,0.0099988770808993,-9.9290030338041e-06,9.8999458839275e-06,-4.7209468879611e-06,-4.7209468883108e-06,0.90001763908954,0.90000386631114,2.5,2.5,-9.9999999999785e-05
0.061,0.99997642872067,0.99996464146181,0.99998424383992,0.99998075131877,3.9479714675736e-05,1.9447691480895e-05,0.0099988750984387,-9.9123029185622e-06,9.8832975161026e-06,-4.7218975184227e-06,-4.7218975187678e-06,0.90001764276411,0.90000389042999,2.5,2.5,-0.00010000000000018
0.0612,0.99997640400248,0.99996463425052,0.99998424070419,0.99998075337027,3.9421043121716e-05,1.9438201145608e-05,0.0099988731193083,-9.8956517610792e-06,9.8666979260918e-06,-4.7228465519514e-06,-4.7228465522956e-06,0.90001764643238,0.90000391452338,2.5,2.5,-0.00010000000000008
0.0614,0.99997637931306,0.99996462705144,0.99998423757368,0.99998075542209,3.9362427664086e-05,1.9428726732816e-05,0.0099988711434985,-9.8790491445954e-06,9.8501466743502e-06,-4.7237939932293e-06,-4.7237939935752e-06,0.90001765009435,0.90000393859116,2.5,2.5,-0.00010000000000012
0.0616,0.99997635465252,0.99996461986454,0.99998423444839,0.99998075747417,3.9303868773738e-05,1.9419268196371e-05,0.0099988691709996,-9.8624945863372e-06,9.8336432959754e-06,-4.7247398468364e-06,-4.724739847191e-06,0.90001765375006,0.90000396263319,2.5,2.5,-9.9999999999949e-05
0.0618,0.99997633002098,0.99996461268978,0.9999842313283,0.99998075952646,3.9245366916659e-05,1.9409825490821e-05,0.009998867201802,-9.8459876584328e-06,9.8171873577567e-06,-4.7256841173954e-06,-4.7256841177421e-06,0.90001765739951,0.9000039866493,2.5,2.5,-9.999999999997e-05
0.062,0.99997630541852,0.99996460552713,0.99998422821339,0.9999807615789,3.9186922542341e-05,1.940039857092e-05,0.0099988652358964,-9.8295279234878e-06,9.800778419352e-06,-4.7266268093857e-06,-4.7266268097305e-06,0.90001766104274,0.90000401063937,2.5,2.5,-9.9999999999897e-05
0.0622,0.99997628084526,0.99996459837654,0.99998422510365,0.99998076363144,3.9128536099864e-05,1.9390987391814e-05,0.0099988632732735,-9.8131149344833e-06,9.7844160541424e-06,-4.7275679272919e-06,-4.7275679276458e-06,0.90001766467976,0.90000403460326,2.5,2.5,-0.00010000000000013
0.0624,0.99997625630127,0.99996459123799,0.99998422199907,0.99998076568401,3.9070208021366e-05,1.9381591909135e-05,0.0099988613139238,-9.796748289169e-06,9.7680998446172e-06,-4.7285074755866e-06,-4.7285074759373e-06,0.90001766831058,0.90000405854083,2.5,2.5,-9.9999999999792e-05
0.0626,0.99997623178668,0.99996458411143,0.99998421889962,0.99998076773658,3.9011938734059e-05,1.9372212078482e-05,0.0099988593578383,-9.7804275731257e-06,9.751829379958e-06,-4.7294454586524e-06,-4.7294454589953e-06,0.90001767193524,0.90000408245195,2.5,2.5,-0.00010000000000011
0.0628,0.99997620730155,0.99996457699683,0.9999842158053,0.99998076978909,3.8953728652374e-05,1.9362847856381e-05,0.0099988574050078,-9.7641523454804e-06,9.7356042350662e-06,-4.7303818808462e-06,-4.7303818811943e-06,0.90001767555375,0.90000410633648,2.5,2.5,-9.9999999999671e-05
0.063,0.99997618284599,0.99996456989416,0.9999842127161,0.99998077184148,3.8895578186957e-05,1.9353499199698e-05,0.0099988554554234,-9.7479222435889e-06,9.7194240228595e-06,-4.7313167465218e-06,-4.731316746872e-06,0.90001767916612,0.90000413019431,2.5,2.5,-9.999999999963e-05
0.0632,0.99997615842009,0.99996456280338,0.999984209632,0.99998077389371,3.8837487738691e-05,1.9344166065513e-05,0.009998853509076,-9.7317368184653e-06,9.7032883388089e-06,-4.7322500599413e-06,-4.7322500602885e-06,0.90001768277238,0.90000415402531,2.5,2.5,-0.00010000000000028
0.0634,0.99997613402391,0.99996455572447,0.99998420655298,0.99998077594573,3.8779457695937e-05,1.933484841142e-05,0.0099988515659569,-9.7155957223893e-06,9.6871967927462e-06,-4.7331818253769e-06,-4.7331818257229e-06,0.90001768637254,0.90000417782935,2.5,2.5,-9.9999999999911e-05
0.0636,0.99997610965755,0.99996454865737,0.99998420347903,0.9999807779975,3.8721488437177e-05,1.9325546194857e-05,0.0099988496260572,-9.6994985628448e-06,9.6711490039688e-06,-4.7341120470112e-06,-4.7341120473584e-06,0.90001768996663,0.90000420160633,2.5,2.5,-0.00010000000000018
0.0638,0.9999760853211,0.99996454160207,0.99998420041015,0.99998078004895,3.8663580339768e-05,1.9316259374594e-05,0.0099988476893682,-9.6834449224345e-06,9.6551445869291e-06,-4.7350407290436e-06,-4.7350407293875e-06,0.90001769355465,0.90000422535612,2.5,2.5,-0.00010000000000016
0.064,0.99997606101463,0.99996453455853,0.99998419734631,0.99998078210006,3.860573376881e-05,1.9306987908957e-05,0.0099988457558813,-9.6674344704257e-06,9.639183169912e-06,-4.7359678756029e-06,-4.7359678759502e-06,0.90001769713664,0.90000424907861,2.5,2.5,-0.00010000000000033
0.0642,0.99997603673821,0.99996452752671,0.99998419428751,0.99998078415076,3.8547949082025e-05,1.9297731757047e-05,0.0099988438255879,-9.651466795829e-06,9.6232643909288e-06,-4.7368934908016e-06,-4.7368934911426e-06,0.9000177007126,0.9000042727737,2.5,2.5,-0.00010000000000022
0.0644,0.99997601249191,0.99996452050659,0.99998419123372,0.99998078620103,3.8490226625466e-05,1.9288490878126e-05,0.0099988418984796,-9.6355415869689e-06,9.6073878876082e-06,-4.7378175787116e-06,-4.7378175790514e-06,0.90001770428256,0.90000429644127,2.5,2.5,-0.00010000000000032
0.0646,0.99997598827582,0.99996451349812,0.99998418818495,0.99998078825081,3.8432566742911e-05,1.9279265231568e-05,0.0099988399745479,-9.6196584408728e-06,9.5915532952164e-06,-4.7387401433496e-06,-4.7387401436895e-06,0.90001770784653,0.90000432008123,2.5,2.5,-0.00010000000000046
0.0648,0.99997596409,0.99996450650129,0.99998418514116,0.99998079030006,3.8374969768951e-05,1.927005477756e-05,0.0099988380537845,-9.6038170145361e-06,9.5757602639392e-06,-4.7396611887363e-06,-4.7396611890807e-06,0.90001771140453,0.90000434369346,2.5,2.5,-0.00010000000000042
0.065,0.99997593993452,0.99996449951605,0.99998418210236,0.99998079234874,3.8317436027001e-05,1.9260859476505e-05,0.0099988361361811,-9.5880169700711e-06,9.560008456591e-06,-4.7405807188369e-06,-4.7405807191823e-06,0.90001771495657,0.90000436727788,2.5,2.5,-0.00010000000000009
0.0652,0.99997591580943,0.99996449254238,0.99998417906853,0.99998079439681,3.8259965838437e-05,1.9251679288824e-05,0.0099988342217295,-9.5722579648826e-06,9.5442975279718e-06,-4.741498737587e-06,-4.741498737925e-06,0.90001771850268,0.90000439083439,2.5,2.5,-9.9999999999976e-05
0.0654,0.99997589171483,0.99996448558024,0.99998417603966,0.99998079644422,3.820255951296e-05,1.9242514176058e-05,0.0099988323104216,-9.5565396542134e-06,9.528627140055e-06,-4.742415248899e-06,-4.7424152492395e-06,0.90001772204286,0.90000441436288,2.5,2.5,-0.00010000000000008
0.0656,0.99997586765075,0.9999644786296,0.99998417301573,0.99998079849094,3.8145217357468e-05,1.923336409879e-05,0.0099988304022492,-9.5408617116749e-06,9.5129969638522e-06,-4.7433302566177e-06,-4.7433302569547e-06,0.90001772557715,0.90000443786327,2.5,2.5,-9.9999999999978e-05
0.0658,0.99997584361726,0.99996447169044,0.99998416999673,0.99998080053693,3.8087939669138e-05,1.9224229019031e-05,0.0099988284972045,-9.5252238077507e-06,9.4974066722019e-06,-4.7442437645863e-06,-4.7442437649247e-06,0.90001772910555,0.90000446133548,2.5,2.5,-9.9999999999918e-05
0.066,0.99997581961442,0.99996446476272,0.99998416698266,0.99998080258215,3.8030726736299e-05,1.9215108898657e-05,0.0099988265952794,-9.5096255984802e-06,9.4818559392758e-06,-4.7451557766396e-06,-4.7451557769747e-06,0.90001773262807,0.9000044847794,2.5,2.5,-9.999999999979e-05
0.0662,0.99997579564229,0.99996445784641,0.99998416397349,0.99998080462656,3.7973578840448e-05,1.9206003699716e-05,0.009998824696466,-9.4940668101397e-06,9.4663444556457e-06,-4.7460662965319e-06,-4.7460662968689e-06,0.90001773614475,0.90000450819496,2.5,2.5,-9.9999999999975e-05
0.0664,0.99997577170092,0.99996445094149,0.99998416096922,0.99998080667012,3.7916496262591e-05,1.9196913384824e-05,0.0099988228007566,-9.4785470830922e-06,9.450871907291e-06,-4.7469753280121e-06,-4.7469753283523e-06,0.90001773965558,0.90000453158208,2.5,2.5,-9.999999999996e-05
0.0666,0.99997574779036,0.99996444404791,0.99998415796983,0.99998080871281,3.7859479269963e-05,1.9187837916797e-05,0.0099988209081434,-9.463066159802e-06,9.4354379925993e-06,-4.7478828748089e-06,-4.7478828751479e-06,0.9000177431606,0.90000455494067,2.5,2.5,-9.9999999999964e-05
0.0668,0.99997572391067,0.99996443716566,0.99998415497532,0.99998081075457,3.7802528131684e-05,1.9178777258641e-05,0.0099988190186186,-9.4476236907243e-06,9.4200424074738e-06,-4.7487889406277e-06,-4.748788940968e-06,0.90001774665981,0.90000457827065,2.5,2.5,-0.0001000000000004
0.067,0.9999757000619,0.99996443029471,0.99998415198566,0.99998081279539,3.774564309948e-05,1.9169731374153e-05,0.0099988171321747,-9.4322193910929e-06,9.4046848424001e-06,-4.7496935291126e-06,-4.7496935294422e-06,0.90001775015322,0.90000460157196,2.5,2.5,-0.00010000000000011
0.0672,0.99997567624409,0.99996442343502,0.99998414900086,0.99998081483521,3.7688824426199e-05,1.9160700226182e-05,0.0099988152488041,-9.416852984627e-06,9.3893650200067e-06,-4.7505966438725e-06,-4.7505966441985e-06,0.90001775364087,0.9000046248445,2.5,2.5,-0.00010000000000047
0.0674,0.99997565245729,0.99996441658656,0.9999841460209,0.99998081687401,3.7632072353049e-05,1.9151683779569e-05,0.0099988133684993,-9.4015241565742e-06,9.3740826434303e-06,-4.7514982885469e-06,-4.7514982888706e-06,0.90001775712275,0.90000464808823,2.5,2.5,-9.9999999999622e-05
0.0676,0.99997562870154,0.99996440974933,0.99998414304575,0.99998081891176,3.7575387128831e-05,1.9142681998113e-05,0.0099988114912528,-9.3862326212265e-06,9.3588374240552e-06,-4.7523984666938e-06,-4.7523984670306e-06,0.90001776059889,0.90000467130305,2.5,2.5,-0.00010000000000003
0.0678,0.99997560497689,0.99996440292326,0.99998414007543,0.99998082094843,3.7518768976854e-05,1.9133694846186e-05,0.0099988096170572,-9.3709781179424e-06,9.343629087642e-06,-4.7532971818823e-06,-4.7532971822171e-06,0.9000177640693,0.90000469448891,2.5,2.5,-0.00010000000000002
0.068,0.99997558128338,0.99996439610835,0.99998413710991,0.99998082298397,3.7462218125865e-05,1.912472228885e-05,0.0099988077459051,-9.3557603483367e-06,9.3284573533438e-06,-4.7541944376151e-06,-4.7541944379527e-06,0.900017767534,0.90000471764574,2.5,2.5,-9.9999999999663e-05
0.0682,0.99997555762105,0.99996438930456,0.99998413414918,0.99998082501837,3.7405734804333e-05,1.9115764291012e-05,0.0099988058777893,-9.3405790416701e-06,9.3133219451224e-06,-4.7550902374096e-06,-4.7550902377366e-06,0.90001777099299,0.90000474077347,2.5,2.5,-0.00010000000000012
0.0684,0.99997553398993,0.99996438251187,0.99998413119323,0.99998082705158,3.7349319220267e-05,1.9106820817816e-05,0.0099988040127025,-9.3254339212211e-06,9.2982225986997e-06,-4.7559845847007e-06,-4.7559845850355e-06,0.90001777444631,0.90000476387204,2.5,2.5,-9.9999999999971e-05
0.0686,0.99997551039008,0.99996437573025,0.99998412824206,0.99998082908359,3.7292971583886e-05,1.909789183525e-05,0.0099988021506376,-9.3103247460682e-06,9.2831590533675e-06,-4.7568774829944e-06,-4.7568774833152e-06,0.90001777789395,0.90000478694139,2.5,2.5,-0.00010000000000039
0.0688,0.99997548682151,0.99996436895967,0.99998412529564,0.99998083111435,3.7236692103017e-05,1.9088977308602e-05,0.0099988002915873,-9.2952512365198e-06,9.2681310411647e-06,-4.7577689356538e-06,-4.7577689359772e-06,0.90001778133594,0.90000480998147,2.5,2.5,-0.00010000000000008
0.069,0.99997546328427,0.99996436220011,0.99998412235397,0.99998083314385,3.7180480976171e-05,1.9080077204251e-05,0.0099987984355447,-9.2802131271938e-06,9.2531383056785e-06,-4.7586589460979e-06,-4.7586589464292e-06,0.90001778477229,0.90000483299221,2.5,2.5,-9.9999999999787e-05
0.0692,0.99997543977838,0.99996435545153,0.99998411941704,0.99998083517205,3.7124338398509e-05,1.9071191487984e-05,0.0099987965825027,-9.2652101884319e-06,9.2381805946613e-06,-4.7595475177139e-06,-4.7595475180351e-06,0.90001778820301,0.90000485597356,2.5,2.5,-0.00010000000000063
0.0694,0.99997541630389,0.99996434871392,0.99998411648484,0.99998083719892,3.7068264552983e-05,1.9062320126992e-05,0.0099987947324542,-9.2502421246253e-06,9.2232576577924e-06,-4.7604346538238e-06,-4.760434654143e-06,0.90001779162812,0.90000487892547,2.5,2.5,-0.00010000000000019
0.0696,0.99997539286081,0.99996434198724,0.99998411355735,0.99998083922444,3.7012259628918e-05,1.9053463087849e-05,0.0099987928853925,-9.2353087363193e-06,9.2083692526262e-06,-4.7613203577544e-06,-4.7613203580804e-06,0.90001779504763,0.90000490184789,2.5,2.5,-9.9999999999715e-05
0.0698,0.99997536944918,0.99996433527148,0.99998411063457,0.99998084124858,3.6956323804619e-05,1.9044620336903e-05,0.0099987910413106,-9.2204097561311e-06,9.193515132824e-06,-4.7622046328011e-06,-4.7622046331241e-06,0.90001779846156,0.90000492474076,2.5,2.5,-9.9999999999949e-05
0.07,0.99997534606903,0.99996432856659,0.99998410771648,0.99998084327131,3.6900457253499e-05,1.9035791842208e-05,0.0099987892002016,-9.2055449514382e-06,9.1786950560526e-06,-4.7630874822758e-06,-4.763087482603e-06,0.90001780186992,0.90000494760404,2.5,2.5,-0.00010000000000019
0.0702,0.99997532272038,0.99996432187257,0.99998410480308,0.99998084529261,3.6844660143741e-05,1.9026977570876e-05,0.0099987873620587,-9.1907140684564e-06,9.1639087921193e-06,-4.7639689093986e-06,-4.763968909726e-06,0.90001780527272,0.90000497043767,2.5,2.5,-0.00010000000000028
0.0704,0.99997529940326,0.99996431518937,0.99998410189435,0.99998084731246,3.6788932639876e-05,1.9018177490905e-05,0.0099987855268753,-9.1759168983701e-06,9.1491561058724e-06,-4.7648489174239e-06,-4.7648489177433e-06,0.90001780866997,0.90000499324162,2.5,2.5,-0.00010000000000029
0.0706,0.99997527611768,0.99996430851699,0.99998409899028,0.99998084933082,3.6733274900714e-05,1.9009391569736e-05,0.0099987836946447,-9.1611531936425e-06,9.1344367683474e-06,-4.7657275095387e-06,-4.765727509863e-06,0.9000178120617,0.90000501601584,2.5,2.5,-0.0001000000000003
0.0708,0.99997525286368,0.99996430185538,0.99998409609087,0.99998085134767,3.6677687078933e-05,1.9000619775555e-05,0.0099987818653602,-9.1464227382208e-06,9.1197505576424e-06,-4.7666046889391e-06,-4.7666046892631e-06,0.90001781544792,0.90000503876029,2.5,2.5,-0.00010000000000053
0.071,0.99997522964127,0.99996429520454,0.99998409319611,0.999980853363,3.6622169325456e-05,1.8991862077111e-05,0.0099987800390151,-9.1317252869509e-06,9.1050972413622e-06,-4.767480458806e-06,-4.767480459127e-06,0.90001781882863,0.90000506147493,2.5,2.5,-9.9999999999962e-05
0.0712,0.99997520645048,0.99996428856442,0.99998409030597,0.99998085537677,3.6566721790028e-05,1.8983118442223e-05,0.009998778215603,-9.1170606521579e-06,9.0904766121532e-06,-4.7683548222652e-06,-4.7683548225811e-06,0.90001782220385,0.90000508415972,2.5,2.5,-0.00010000000000056
0.0714,0.99997518329132,0.99996428193502,0.99998408742046,0.99998085738896,3.6511344612772e-05,1.8974388840758e-05,0.0099987763951172,-9.1024285931541e-06,9.0758884455127e-06,-4.7692277824462e-06,-4.7692277827675e-06,0.9000178255736,0.90000510681462,2.5,2.5,-9.999999999991e-05
0.0716,0.99997516016381,0.99996427531629,0.99998408453957,0.99998085939956,3.6456037929609e-05,1.8965673240593e-05,0.0099987745775515,-9.0878289106692e-06,9.0613325356971e-06,-4.7700993424614e-06,-4.7700993427761e-06,0.90001782893788,0.90000512943959,2.5,2.5,-9.9999999999746e-05
0.0718,0.99997513706797,0.99996426870822,0.99998408166327,0.99998086140853,3.6400801871573e-05,1.8956971611389e-05,0.0099987727628992,-9.073261387021e-06,9.0468086690774e-06,-4.7709695053737e-06,-4.770969505693e-06,0.90001783229671,0.90000515203461,2.5,2.5,-0.00010000000000005
0.072,0.99997511400381,0.9999642621108,0.99998407879157,0.99998086341586,3.6345636570146e-05,1.8948283922334e-05,0.0099987709511541,-9.0587257963144e-06,9.0323166319969e-06,-4.7718382742932e-06,-4.7718382746169e-06,0.90001783565011,0.90000517459963,2.5,2.5,-9.9999999999939e-05
0.0722,0.99997509097135,0.99996425552397,0.99998407592446,0.99998086542153,3.6290542146942e-05,1.8939610143067e-05,0.0099987691423097,-9.0442219683334e-06,9.017856222234e-06,-4.7727056522227e-06,-4.7727056525375e-06,0.90001783899808,0.90000519713462,2.5,2.5,-0.00010000000000016
0.0724,0.9999750679706,0.99996424894774,0.99998407306192,0.99998086742551,3.6235518728088e-05,1.893095024314e-05,0.0099987673363597,-9.0297496457266e-06,9.0034272392086e-06,-4.7735716421887e-06,-4.7735716424952e-06,0.90001784234064,0.90000521963956,2.5,2.5,-0.00010000000000035
0.0726,0.99997504500157,0.99996424238207,0.99998407020394,0.99998086942779,3.618056642431e-05,1.8922304192913e-05,0.009998765533298,-9.0153086950078e-06,8.9890294839903e-06,-4.7744362471698e-06,-4.7744362475902e-06,0.9000178456778,0.90000524211441,2.5,2.5,-9.9999999999928e-05
0.0728,0.99997502206428,0.99996423582694,0.99998406735052,0.99998087142834,3.6125685349297e-05,1.8913671962034e-05,0.0099987637331182,-9.0008988827332e-06,8.9746627647595e-06,-4.7752994703035e-06,-4.7752994706175e-06,0.90001784900957,0.90000526455915,2.5,2.5,-9.9999999999814e-05
0.073,0.99997499915874,0.99996422928233,0.99998406450164,0.99998087342714,3.6070875617141e-05,1.8905053521331e-05,0.0099987619358142,-8.9865200138182e-06,8.9603268875453e-06,-4.77616131439e-06,-4.7761613147024e-06,0.90001785233597,0.90000528697375,2.5,2.5,-0.00010000000000046
0.0732,0.99997497628494,0.99996422274821,0.9999840616573,0.99998087542419,3.6016137330303e-05,1.8896448840888e-05,0.0099987601413798,-8.9721718984919e-06,8.9460216528039e-06,-4.7770217824129e-06,-4.7770217827257e-06,0.900017855657,0.90000530935818,2.5,2.5,-0.00010000000000004
0.0734,0.99997495344291,0.99996421622456,0.99998405881748,0.99998087741944,3.5961470587593e-05,1.8887857891746e-05,0.0099987583498089,-8.9578543608213e-06,8.9317468819507e-06,-4.7778808773403e-06,-4.7778808776529e-06,0.90001785897269,0.90000533171242,2.5,2.5,-9.9999999999778e-05
0.0736,0.99997493063266,0.99996420971135,0.99998405598218,0.9999808794129,3.5906875486997e-05,1.8879280644461e-05,0.0099987565610955,-8.9435672071045e-06,8.9175023927978e-06,-4.778738602071e-06,-4.7787386023891e-06,0.90001786228304,0.90000535403644,2.5,2.5,-9.9999999999899e-05
0.0738,0.99997490785418,0.99996420320857,0.99998405315139,0.99998088140454,3.5852352125742e-05,1.8870717070292e-05,0.0099987547752335,-8.9293102536736e-06,8.9032879929265e-06,-4.7795949595012e-06,-4.779594959814e-06,0.90001786558807,0.90000537633023,2.5,2.5,-0.00010000000000023
0.074,0.99997488510748,0.99996419671619,0.9999840503251,0.99998088339434,3.5797900594478e-05,1.8862167140131e-05,0.0099987529922168,-8.9150833132549e-06,8.8891035072816e-06,-4.7804499525015e-06,-4.7804499528117e-06,0.90001786888778,0.90000539859376,2.5,2.5,-0.00010000000000024
0.0742,0.99997486239257,0.99996419023419,0.99998404750329,0.99998088538229,3.574352098039e-05,1.8853630825646e-05,0.0099987512120395,-8.9008862133984e-06,8.8749487555233e-06,-4.7813035839433e-06,-4.7813035842519e-06,0.90001787218218,0.90000542082701,2.5,2.5,-0.0001000000000003
0.0744,0.99997483970945,0.99996418376255,0.99998404468597,0.99998088736836,3.5689213366747e-05,1.8845108098323e-05,0.0099987494346958,-8.8867187890327e-06,8.8608235644006e-06,-4.782155856675e-06,-4.7821558569858e-06,0.90001787547131,0.90000544302997,2.5,2.5,-0.00010000000000021
0.0746,0.99997481705813,0.99996417730124,0.99998404187311,0.99998088935255,3.5634977832006e-05,1.8836598930012e-05,0.0099987476601796,-8.8725808299881e-06,8.8467277575651e-06,-4.7830067735193e-06,-4.7830067738337e-06,0.90001787875514,0.90000546520261,2.5,2.5,-9.9999999999573e-05
0.0748,0.9999747944386,0.99996417085025,0.99998403906472,0.99998089133484,3.5580814460666e-05,1.8828103292499e-05,0.0099987458884852,-8.8584722218017e-06,8.8326611740129e-06,-4.7838563372894e-06,-4.7838563375988e-06,0.90001788203372,0.90000548734493,2.5,2.5,-0.00010000000000025
0.075,0.99997477185087,0.99996416440954,0.99998403626078,0.9999808933152,3.5526723322397e-05,1.8819621157498e-05,0.0099987441196067,-8.8443927341957e-06,8.8186236333406e-06,-4.7847045507616e-06,-4.7847045510696e-06,0.90001788530704,0.90000550945689,2.5,2.5,-9.9999999999781e-05
0.0752,0.99997474929494,0.99996415797911,0.99998403346128,0.99998089529363,3.5472704486386e-05,1.8811152497325e-05,0.0099987423535382,-8.8303422568792e-06,8.8046149805674e-06,-4.7855514167628e-06,-4.7855514170739e-06,0.90001788857512,0.9000055315385,2.5,2.5,-0.00010000000000049
0.0754,0.9999747267708,0.99996415155892,0.99998403066622,0.99998089727011,3.5418758021663e-05,1.880269728484e-05,0.0099987405902741,-8.8163205763204e-06,8.7906350363798e-06,-4.7863969380126e-06,-4.7863969383203e-06,0.90001789183796,0.90000555358973,2.5,2.5,-0.00010000000000023
0.0756,0.99997470427846,0.99996414514896,0.99998402787558,0.99998089924462,3.5364883995217e-05,1.8794255492608e-05,0.0099987388298086,-8.8023275545717e-06,8.7766836524531e-06,-4.7872411172832e-06,-4.7872411175979e-06,0.90001789509559,0.90000557561058,2.5,2.5,-9.9999999999965e-05
0.0758,0.99997468181792,0.9999641387492,0.99998402508936,0.99998090121715,3.5311082469271e-05,1.8785827092349e-05,0.009998737072136,-8.7883630289828e-06,8.7627606705595e-06,-4.7880839572954e-06,-4.7880839576048e-06,0.900017898348,0.90000559760103,2.5,2.5,-9.9999999999833e-05
0.076,0.99997465938917,0.99996413235963,0.99998402230755,0.99998090318769,3.5257353500064e-05,1.8777412057389e-05,0.0099987353172506,-8.7744268520075e-06,8.7488659281372e-06,-4.7889254607655e-06,-4.7889254610719e-06,0.90001790159522,0.90000561956107,2.5,2.5,-9.999999999959e-05
0.0762,0.99997463699221,0.99996412598022,0.99998401953014,0.99998090515621,3.5203697145505e-05,1.8769010361088e-05,0.0099987335651468,-8.7605188582467e-06,8.7349992691753e-06,-4.7897656304112e-06,-4.7897656307174e-06,0.90001790483724,0.90000564149069,2.5,2.5,-9.9999999999725e-05
0.0764,0.99997461462703,0.99996411961095,0.99998401675711,0.99998090712272,3.5150113460112e-05,1.8760621975998e-05,0.0099987318158191,-8.7466388767142e-06,8.7211605382813e-06,-4.7906044688919e-06,-4.7906044692e-06,0.9000179080741,0.90000566338989,2.5,2.5,-9.9999999999853e-05
0.0766,0.99997459229362,0.9999641132518,0.99998401398847,0.99998090908719,3.509660249139e-05,1.8752246875816e-05,0.0099987300692617,-8.7327867830289e-06,8.7073495916994e-06,-4.7914419789227e-06,-4.7914419792295e-06,0.90001791130579,0.90000568525866,2.5,2.5,-0.0001000000000002
0.0768,0.999974569992,0.99996410690274,0.99998401122421,0.99998091104961,3.5043164288279e-05,1.8743885033723e-05,0.0099987283254692,-8.7189624233872e-06,8.693566280311e-06,-4.7922781631326e-06,-4.7922781634372e-06,0.90001791453232,0.90000570709698,2.5,2.5,-0.00010000000000012
0.077,0.99997454772214,0.99996410056377,0.9999840084643,0.99998091300997,3.4989798899211e-05,1.8735536423365e-05,0.0099987265844361,-8.705165612798e-06,8.6798104426435e-06,-4.7931130241728e-06,-4.7931130244757e-06,0.90001791775372,0.90000572890486,2.5,2.5,-0.00010000000000007
0.0772,0.99997452548404,0.99996409423485,0.99998400570876,0.99998091496825,3.4936506363235e-05,1.8727201018307e-05,0.0099987248461568,-8.6913962600641e-06,8.6660819552904e-06,-4.7939465646787e-06,-4.793946564983e-06,0.90001792096998,0.90000575068229,2.5,2.5,-0.00010000000000046
0.0774,0.9999745032777,0.99996408791598,0.99998400295756,0.99998091692446,3.4883286719049e-05,1.8718878792386e-05,0.009998723110626,-8.6776542057117e-06,8.6523806631892e-06,-4.7947787872662e-06,-4.7947787875721e-06,0.90001792418112,0.90000577242926,2.5,2.5,-0.00010000000000051
0.0776,0.9999744811031,0.99996408160712,0.9999840002107,0.99998091887856,3.4830140007844e-05,1.8710569719851e-05,0.0099987213778381,-8.6639392759325e-06,8.638706420609e-06,-4.7956096945324e-06,-4.7956096948338e-06,0.90001792738714,0.90000579414578,2.5,2.5,-0.00010000000000017
0.0778,0.99997445896023,0.99996407530826,0.99998399746817,0.99998092083055,3.4777066259274e-05,1.870227377455e-05,0.0099987196477878,-8.6502513667847e-06,8.6250590985101e-06,-4.7964392890748e-06,-4.7964392893812e-06,0.90001793058807,0.90000581583183,2.5,2.5,-0.00010000000000028
0.078,0.99997443684909,0.99996406901937,0.99998399472996,0.99998092278042,3.4724065509454e-05,1.8693990930343e-05,0.0099987179204698,-8.6365903250547e-06,8.6114385509473e-06,-4.7972675734561e-06,-4.7972675737614e-06,0.90001793378391,0.90000583748742,2.5,2.5,-9.9999999999692e-05
0.0782,0.99997441476966,0.99996406274044,0.99998399199607,0.99998092472815,3.4671137787796e-05,1.8685721162434e-05,0.0099987161958786,-8.6229560087119e-06,8.5978446451779e-06,-4.798094550255e-06,-4.7980945505563e-06,0.90001793697467,0.90000585911255,2.5,2.5,-9.9999999999941e-05
0.0784,0.99997439272194,0.99996405647145,0.99998398926648,0.99998092667375,3.4618283122607e-05,1.8677464444987e-05,0.0099987144740089,-8.6093482997325e-06,8.5842772536425e-06,-4.7989202220113e-06,-4.7989202223139e-06,0.90001794016036,0.90000588070721,2.5,2.5,-0.00010000000000011
0.0786,0.99997437070591,0.99996405021237,0.9999839865412,0.99998092861718,3.456550154087e-05,1.8669220752379e-05,0.0099987127548555,-8.5957670533763e-06,8.5707362317484e-06,-4.799744591289e-06,-4.7997445915889e-06,0.900017943341,0.90000590227142,2.5,2.5,-0.00010000000000021
0.0788,0.99997434872156,0.9999640439632,0.9999839838202,0.99998093055846,3.4512793060805e-05,1.8660990059339e-05,0.0099987110384131,-8.582212135154e-06,8.5572214533792e-06,-4.8005676605855e-06,-4.800567660888e-06,0.90001794651658,0.90000592380516,2.5,2.5,-0.00010000000000019
0.079,0.99997432676889,0.9999640377239,0.99998398110348,0.99998093249755,3.446015770471e-05,1.8652772340924e-05,0.0099987093246764,-8.5686834253561e-06,8.5437327961729e-06,-4.8013894324128e-06,-4.8013894327125e-06,0.90001794968713,0.90000594530844,2.5,2.5,-9.9999999999973e-05
0.0792,0.99997430484786,0.99996403149446,0.99998397839103,0.99998093443447,3.4407595493161e-05,1.8644567572116e-05,0.0099987076136402,-8.5551807935288e-06,8.5302701289787e-06,-4.8022099093073e-06,-4.8022099096131e-06,0.90001795285265,0.90000596678127,2.5,2.5,-9.9999999999865e-05
0.0794,0.99997428295848,0.99996402527486,0.99998397568285,0.99998093636919,3.4355106438769e-05,1.8636375727951e-05,0.0099987059052994,-8.5417041205511e-06,8.5168333216054e-06,-4.8030290937091e-06,-4.8030290940094e-06,0.90001795601316,0.90000598822364,2.5,2.5,-9.9999999999788e-05
0.0796,0.99997426110072,0.99996401906508,0.99998397297893,0.9999809383017,3.4302690558043e-05,1.8628196783837e-05,0.0099987041996487,-8.5282532535376e-06,8.5034222542856e-06,-4.8038469881259e-06,-4.8038469884215e-06,0.90001795916865,0.90000600963556,2.5,2.5,-9.9999999999729e-05
0.0798,0.99997423927458,0.9999640128651,0.99998397027926,0.999980940232,3.4250347864398e-05,1.8620030715004e-05,0.0099987024966831,-8.514828110706e-06,8.4900368070191e-06,-4.8046635950147e-06,-4.8046635953145e-06,0.90001796231916,0.90000603101705,2.5,2.5,-0.00010000000000004
0.08,0.99997421748003,0.9999640066749,0.99998396758382,0.99998094216008,3.4198078365038e-05,1.8611877497017e-05,0.0099987007963974,-8.5014285346806e-06,8.4766768530196e-06,-4.8054789168359e-06,-4.8054789171365e-06,0.90001796546467,0.90000605236809,2.5,2.5,-9.9999999999722e-05
0.0802,0.99997419571706,0.99996400049446,0.99998396489263,0.99998094408593,3.414588206848e-05,1.8603737104983e-05,0.0099986990987865,-8.4880544267496e-06,8.463342277524e-06,-4.8062929560159e-06,-4.8062929563127e-06,0.9000179686052,0.90000607368871,2.5,2.5,-0.00010000000000024
0.0804,0.99997417398566,0.99996399432377,0.99998396220565,0.99998094600953,3.4093758978918e-05,1.859560951514e-05,0.0099986974038454,-8.4747056652228e-06,8.4500329591686e-06,-4.8071057150044e-06,-4.807105715303e-06,0.90001797174077,0.9000060949789,2.5,2.5,-0.00010000000000012
0.0806,0.9999741522858,0.99996398816281,0.99998395952289,0.99998094793089,3.4041709107775e-05,1.8587494703033e-05,0.009998695711569,-8.4613821186132e-06,8.4367487803476e-06,-4.8079171962076e-06,-4.8079171965089e-06,0.90001797487138,0.90000611623867,2.5,2.5,-0.00010000000000025
0.0808,0.99997413061747,0.99996398201155,0.99998395684435,0.99998094984999,3.3989732447192e-05,1.8579392644819e-05,0.0099986940219523,-8.448083684219e-06,8.4234896253859e-06,-4.808727402025e-06,-4.8087274023255e-06,0.90001797799705,0.90000613746804,2.5,2.5,-9.9999999999771e-05
0.081,0.99997410898066,0.99996397586997,0.99998395417,0.99998095176683,3.3937829005062e-05,1.85713033164e-05,0.0099986923349902,-8.4348102449891e-06,8.4102553822422e-06,-4.8095363348856e-06,-4.8095363351832e-06,0.90001798111777,0.90000615866701,2.5,2.5,-0.00010000000000021
0.0812,0.99997408737534,0.99996396973807,0.99998395149985,0.9999809536814,3.3885998775877e-05,1.8563226693691e-05,0.0099986906506779,-8.4215616899636e-06,8.3970459417786e-06,-4.8103439971393e-06,-4.8103439974347e-06,0.90001798423357,0.90000617983559,2.5,2.5,-9.9999999999997e-05
0.0814,0.99997406580149,0.99996396361582,0.99998394883388,0.99998095559368,3.3834241757509e-05,1.8555162753451e-05,0.0099986889690103,-8.4083378997645e-06,8.3838611901447e-06,-4.8111503911891e-06,-4.8111503914844e-06,0.90001798734445,0.90000620097379,2.5,2.5,-9.9999999999957e-05
0.0816,0.9999740442591,0.9999639575032,0.99998394617209,0.99998095750368,3.3782557943638e-05,1.8547111471404e-05,0.0099986872899825,-8.3951387806895e-06,8.3707010193612e-06,-4.8119555193794e-06,-4.8119555196736e-06,0.90001799045042,0.90000622208162,2.5,2.5,-0.00010000000000032
0.0818,0.99997402274814,0.99996395140019,0.99998394351447,0.99998095941138,3.3730947330234e-05,1.8539072824181e-05,0.0099986856135897,-8.3819642174624e-06,8.357565321711e-06,-4.8127593840846e-06,-4.8127593843787e-06,0.9000179935515,0.9000062431591,2.5,2.5,-0.00010000000000017
0.082,0.9999740012686,0.99996394530678,0.99998394086102,0.99998096131678,3.3679409904352e-05,1.8531046788787e-05,0.0099986839398269,-8.3688140802596e-06,8.3444539871549e-06,-4.8135619876324e-06,-4.8135619879284e-06,0.90001799664768,0.90000626420623,2.5,2.5,-9.9999999999888e-05
0.0822,0.99997397982045,0.99996393922295,0.99998393821172,0.99998096321987,3.3627945659429e-05,1.8523033341602e-05,0.0099986822686892,-8.3556883034942e-06,8.3313669168189e-06,-4.8143633323676e-06,-4.814363332663e-06,0.90001799973898,0.90000628522302,2.5,2.5,-9.9999999999761e-05
0.0824,0.99997395840367,0.99996393314868,0.99998393556657,0.99998096512065,3.3576554578317e-05,1.851503245921e-05,0.0099986806001719,-8.3425867571747e-06,8.3183039993377e-06,-4.8151634206072e-06,-4.8151634209002e-06,0.90001800282541,0.9000063062095,2.5,2.5,-0.00010000000000013
0.0826,0.99997393701825,0.99996392708395,0.99998393292556,0.9999809670191,3.3525236653334e-05,1.8507044118437e-05,0.00999867893427,-8.329509341471e-06,8.3052651374053e-06,-4.8159622546744e-06,-4.8159622549671e-06,0.90001800590698,0.90000632716567,2.5,2.5,-0.00010000000000029
0.0828,0.99997391566416,0.99996392102874,0.99998393028869,0.99998096891523,3.3473991866558e-05,1.8499068296719e-05,0.0099986772709788,-8.3164559552444e-06,8.2922502218842e-06,-4.8167598368685e-06,-4.8167598371615e-06,0.9000180089837,0.90000634809155,2.5,2.5,-0.00010000000000012
0.083,0.99997389434137,0.99996391498304,0.99998392765593,0.99998097080902,3.3422820200755e-05,1.8491104970383e-05,0.0099986756102935,-8.3034265044367e-06,8.2792591584295e-06,-4.8175561694751e-06,-4.8175561697668e-06,0.90001801205557,0.90000636898715,2.5,2.5,-9.9999999999911e-05
0.0832,0.99997387304987,0.99996390894683,0.9999839250273,0.99998097270047,3.3371721636111e-05,1.8483154117342e-05,0.0099986739522093,-8.2904208635722e-06,8.266291847295e-06,-4.8183512547927e-06,-4.8183512550862e-06,0.90001801512261,0.90000638985249,2.5,2.5,-9.999999999981e-05
0.0834,0.99997385178963,0.99996390292009,0.99998392240278,0.99998097458958,3.3320696154495e-05,1.8475215714195e-05,0.0099986722967215,-8.2774389731949e-06,8.2533481905713e-06,-4.8191450950945e-06,-4.81914509539e-06,0.90001801818482,0.90000641068758,2.5,2.5,-9.9999999999895e-05
0.0836,0.99997383056063,0.9999638969028,0.99998391978236,0.99998097647633,3.326974373615e-05,1.8467289738523e-05,0.0099986706438254,-8.2644807076965e-06,8.2404280833711e-06,-4.8199376926439e-06,-4.8199376929345e-06,0.90001802124222,0.90000643149244,2.5,2.5,-0.0001000000000001
0.0838,0.99997380936284,0.99996389089495,0.99998391716603,0.99998097836073,3.3218864357785e-05,1.845937616795e-05,0.0099986689935162,-8.2515459667914e-06,8.2275314399652e-06,-4.8207290497044e-06,-4.820729049996e-06,0.90001802429482,0.90000645226709,2.5,2.5,-0.00010000000000007
0.084,0.99997378819625,0.99996388489652,0.9999839145538,0.99998098024276,3.3168057992041e-05,1.8451474979927e-05,0.0099986673457892,-8.2386346849519e-06,8.2146581650057e-06,-4.8215191685285e-06,-4.8215191688216e-06,0.90001802734261,0.90000647301153,2.5,2.5,-0.00010000000000051
0.0842,0.99997376706082,0.99996387890748,0.99998391194565,0.99998098212243,3.3117324617876e-05,1.8443586152032e-05,0.0099986657006399,-8.2257467470293e-06,8.2018081581012e-06,-4.8223080513385e-06,-4.8223080516312e-06,0.90001803038562,0.9000064937258,2.5,2.5,-9.9999999999993e-05
0.0844,0.99997374595653,0.99996387292783,0.99998390934157,0.99998098399973,3.3066664203541e-05,1.8435709661354e-05,0.0099986640580635,-8.2128820639697e-06,8.1889813303852e-06,-4.823095700355e-06,-4.8230957006453e-06,0.90001803342385,0.90000651440991,2.5,2.5,-0.00010000000000012
0.0846,0.99997372488336,0.99996386695755,0.99998390674155,0.99998098587464,3.3016076719776e-05,1.8427845486689e-05,0.0099986624180554,-8.200040537153e-06,8.1761775903296e-06,-4.8238821178288e-06,-4.8238821181204e-06,0.90001803645731,0.90000653506387,2.5,2.5,-9.999999999985e-05
0.0848,0.99997370384128,0.99996386099662,0.9999839041456,0.99998098774718,3.2965562140784e-05,1.8419993605718e-05,0.009998660780611,-8.1872220798198e-06,8.16339685078e-06,-4.8246673059636e-06,-4.8246673062532e-06,0.900018039486,0.9000065556877,2.5,2.5,-0.00010000000000007
0.085,0.99997368283026,0.99996385504503,0.99998390155369,0.99998098961733,3.2915120437273e-05,1.8412153995858e-05,0.0099986591457256,-8.1744266202923e-06,8.1506390172583e-06,-4.8254512669692e-06,-4.8254512672576e-06,0.90001804250995,0.90000657628143,2.5,2.5,-0.00010000000000043
0.0852,0.99997366185028,0.99996384910274,0.99998389896584,0.99998099148508,3.2864751572713e-05,1.8404326635069e-05,0.0099986575133948,-8.1616540510729e-06,8.1379040059078e-06,-4.8262340030063e-06,-4.8262340032972e-06,0.90001804552915,0.90000659684507,2.5,2.5,-0.00010000000000025
0.0854,0.99997364090132,0.99996384316976,0.99998389638202,0.99998099335044,3.2814455512713e-05,1.8396511501991e-05,0.009998655883614,-8.1489042710039e-06,8.1251917244947e-06,-4.8270155163031e-06,-4.8270155165929e-06,0.90001804854361,0.90000661737865,2.5,2.5,-0.00010000000000028
0.0856,0.99997361998333,0.99996383724605,0.99998389380223,0.99998099521341,3.2764232224104e-05,1.8388708574919e-05,0.0099986542563785,-8.1361772314282e-06,8.1125020914535e-06,-4.8277958090301e-06,-4.827795809317e-06,0.90001805155335,0.90000663788217,2.5,2.5,-9.9999999999827e-05
0.0858,0.99997359909631,0.99996383133161,0.99998389122646,0.99998099707396,3.2714081672536e-05,1.838091783172e-05,0.009998652631684,-8.1234728084887e-06,8.0998350176562e-06,-4.8285748833479e-06,-4.8285748836356e-06,0.90001805455837,0.90000665835568,2.5,2.5,-9.9999999999897e-05
0.086,0.99997357824021,0.99996382542643,0.99998388865472,0.99998099893211,3.2664003819336e-05,1.8373139251048e-05,0.0099986510095258,-8.1107909363658e-06,8.0871904216472e-06,-4.8293527414192e-06,-4.829352741706e-06,0.90001805755868,0.90000667879918,2.5,2.5,-9.9999999999919e-05
0.0862,0.99997355741502,0.99996381953047,0.99998388608698,0.99998100078785,3.26139986248e-05,1.8365372811157e-05,0.0099986493898995,-8.0981315502564e-06,8.0745682191443e-06,-4.8301293853978e-06,-4.8301293856868e-06,0.9000180605543,0.90000669921269,2.5,2.5,-9.9999999999758e-05
0.0864,0.99997353662071,0.99996381364373,0.99998388352324,0.99998100264117,3.2564066052216e-05,1.8357618490903e-05,0.0099986477728005,-8.0854945269717e-06,8.0619683213758e-06,-4.8309048174637e-06,-4.8309048177484e-06,0.90001806354521,0.90000671959624,2.5,2.5,-0.00010000000000049
0.0866,0.99997351585724,0.99996380776618,0.9999838809635,0.99998100449208,3.2514206059024e-05,1.8349876268654e-05,0.0099986461582246,-8.0728797946795e-06,8.0493906524191e-06,-4.8316790396901e-06,-4.8316790399764e-06,0.90001806653145,0.90000673994986,2.5,2.5,-0.00010000000000013
0.0868,0.99997349512458,0.99996380189782,0.99998387840775,0.99998100634056,3.2464418602974e-05,1.8342146122804e-05,0.0099986445461671,-8.0602872984139e-06,8.0368351370956e-06,-4.8324520542451e-06,-4.8324520545312e-06,0.90001806951301,0.90000676027356,2.5,2.5,-9.999999999996e-05
0.087,0.99997347442272,0.99996379603863,0.99998387585598,0.99998100818662,3.241470364218e-05,1.8334428032611e-05,0.0099986429366238,-8.0477169295882e-06,8.0243016866474e-06,-4.8332238632603e-06,-4.8332238635449e-06,0.90001807248991,0.90000678056737,2.5,2.5,-0.00010000000000015
0.0872,0.99997345375162,0.99996379018858,0.99998387330819,0.99998101003025,3.2365061133252e-05,1.8326721976957e-05,0.00999864132959,-8.0351686301183e-06,8.0117902272748e-06,-4.8339944688468e-06,-4.8339944691308e-06,0.90001807546215,0.9000068008313,2.5,2.5,-9.9999999999955e-05
0.0874,0.99997343311125,0.99996378434767,0.99998387076436,0.99998101187145,3.2315491030747e-05,1.831902793424e-05,0.0099986397250616,-8.0226423071584e-06,7.9993006784134e-06,-4.8347638730956e-06,-4.8347638733802e-06,0.90001807842973,0.90000682106539,2.5,2.5,-9.9999999999983e-05
0.0876,0.99997341250158,0.99996377851588,0.99998386822449,0.99998101371021,3.2265993286902e-05,1.8311345883892e-05,0.009998638123034,-8.0101378865414e-06,7.9868329611889e-06,-4.8355320781304e-06,-4.8355320784142e-06,0.90001808139268,0.90000684126966,2.5,2.5,-9.9999999999836e-05
0.0878,0.99997339192258,0.99996377269319,0.99998386568858,0.99998101554654,3.2216567856137e-05,1.8303675804951e-05,0.0099986365235029,-7.9976552960438e-06,7.9743870018037e-06,-4.8362990860395e-06,-4.8362990863219e-06,0.900018084351,0.90000686144413,2.5,2.5,-0.00010000000000006
0.088,0.99997337137422,0.99996376687958,0.99998386315661,0.99998101738042,3.2167214692201e-05,1.8296017676639e-05,0.0099986349264641,-7.9851944536157e-06,7.9619627292953e-06,-4.8370648988897e-06,-4.8370648991719e-06,0.90001808730469,0.90000688158883,2.5,2.5,-9.9999999999717e-05
0.0882,0.99997335085647,0.99996376107504,0.99998386062859,0.99998101921186,3.2117933743969e-05,1.8288371477674e-05,0.009998633331913,-7.9727552835802e-06,7.949560057791e-06,-4.8378295187735e-06,-4.837829519056e-06,0.90001809025376,0.90000690170378,2.5,2.5,-0.00010000000000003
0.0884,0.99997333036931,0.99996375527955,0.9999838581045,0.99998102104086,3.2068724960898e-05,1.8280737187774e-05,0.0099986317398455,-7.9603377294612e-06,7.9371789240797e-06,-4.8385929477645e-06,-4.8385929480458e-06,0.90001809319823,0.900006921789,2.5,2.5,-0.00010000000000013
0.0886,0.99997330991269,0.99996374949311,0.99998385558433,0.99998102286742,3.2019588295617e-05,1.8273114786054e-05,0.0099986301502571,-7.9479416785572e-06,7.924819246241e-06,-4.8393551879209e-06,-4.8393551882003e-06,0.9000180961381,0.90000694184453,2.5,2.5,-9.9999999999414e-05
0.0888,0.9999732894866,0.99996374371567,0.99998385306809,0.99998102469152,3.1970523690903e-05,1.82655042522e-05,0.0099986285631437,-7.9355671124562e-06,7.9124809609585e-06,-4.8401162413191e-06,-4.8401162415997e-06,0.90001809907338,0.90000696187039,2.5,2.5,-0.00010000000000056
0.089,0.99997326909098,0.99996373794725,0.99998385055576,0.99998102651317,3.1921531099403e-05,1.8257905565518e-05,0.0099986269785009,-7.9232139037237e-06,7.9001639861129e-06,-4.8408761099799e-06,-4.8408761102572e-06,0.90001810200407,0.9000069818666,2.5,2.5,-9.999999999971e-05
0.089200000000001,0.99997324872583,0.99996373218782,0.99998384804733,0.99998102833237,3.1872610464526e-05,1.8250318705468e-05,0.0099986253963245,-7.9108820283878e-06,7.8878682645222e-06,-4.8416347959661e-06,-4.8416347962453e-06,0.90001810493019,0.90000700183319,2.5,2.5,-9.9999999999998e-05
0.089400000000001,0.9999732283911,0.99996372643736,0.99998384554281,0.99998103014911,3.1823761734067e-05,1.8242743652305e-05,0.0099986238166102,-7.8985713798707e-06,7.8755937076437e-06,-4.8423923013309e-06,-4.8423923016086e-06,0.90001810785174,0.90000702177019,2.5,2.5,-9.9999999999801e-05
0.089600000000001,0.99997320808677,0.99996372069586,0.99998384304218,0.99998103196339,3.1774984851451e-05,1.8235180384722e-05,0.0099986222393538,-7.8862819088182e-06,7.8633402601118e-06,-4.843148628057e-06,-4.8431486283321e-06,0.90001811076873,0.90000704167762,2.5,2.5,-9.9999999999891e-05
0.089800000000001,0.99997318781279,0.99996371496331,0.99998384054544,0.99998103377522,3.1726279762112e-05,1.8227628883188e-05,0.0099986206645511,-7.8740135341202e-06,7.851107844582e-06,-4.8439037782099e-06,-4.8439037784839e-06,0.90001811368117,0.90000706155552,2.5,2.5,-0.0001000000000001
0.090000000000001,0.99997316756915,0.99996370923968,0.99998383805257,0.99998103558458,3.1677646407055e-05,1.8220089127459e-05,0.0099986190921979,-7.861766196338e-06,7.8388964001632e-06,-4.8446577537963e-06,-4.8446577540694e-06,0.90001811658907,0.9000070814039,2.5,2.5,-0.00010000000000009
0.090200000000001,0.9999731473558,0.99996370352496,0.99998383556358,0.99998103739148,3.1629084731042e-05,1.8212561097248e-05,0.0099986175222899,-7.8495398273151e-06,7.8267058560708e-06,-4.8454105568079e-06,-4.8454105570795e-06,0.90001811949244,0.9000071012228,2.5,2.5,-9.9999999999924e-05
0.090400000000001,0.99997312717272,0.99996369781913,0.99998383307846,0.99998103919592,3.1580594674201e-05,1.8205044772626e-05,0.0099986159548231,-7.8373343608273e-06,7.814536151e-06,-4.846162189273e-06,-4.8461621895453e-06,0.90001812239127,0.90000712101225,2.5,2.5,-0.00010000000000056
0.090600000000001,0.99997310701986,0.9999636921222,0.9999838305972,0.99998104099789,3.1532176176527e-05,1.819754013353e-05,0.0099986143897931,-7.825149716073e-06,7.8023872091856e-06,-4.8469126531921e-06,-4.8469126534637e-06,0.90001812528559,0.90000714077227,2.5,2.5,-0.00010000000000056
0.090800000000001,0.9999730868972,0.99996368643412,0.99998382811979,0.9999810427974,3.1483829180192e-05,1.8190047160043e-05,0.0099986128271959,-7.8129858590556e-06,7.7902589732278e-06,-4.847661950534e-06,-4.8476619508029e-06,0.9000181281754,0.90000716050289,2.5,2.5,-0.00010000000000017
0.091000000000001,0.99997306680471,0.9999636807549,0.99998382564623,0.99998104459444,3.1435553622595e-05,1.8182565832407e-05,0.0099986112670274,-7.8008426937997e-06,7.778151377424e-06,-4.8484100833023e-06,-4.848410083569e-06,0.9000181310607,0.90000718020414,2.5,2.5,-9.9999999999888e-05
0.091200000000001,0.99997304674235,0.99996367508451,0.99998382317651,0.999981046389,3.1387349444517e-05,1.8175096130886e-05,0.0099986097092834,-7.7887201581978e-06,7.7660643488323e-06,-4.8491570534634e-06,-4.8491570537272e-06,0.90001813394151,0.90000719987605,2.5,2.5,-0.0001
0.091400000000001,0.99997302671009,0.99996366942295,0.99998382071063,0.9999810481811,3.1339216582009e-05,1.8167638035347e-05,0.0099986081539597,-7.7766182133607e-06,7.7539978343707e-06,-4.8499028630013e-06,-4.8499028632645e-06,0.90001813681783,0.90000721951864,2.5,2.5,-9.9999999999651e-05
0.091600000000001,0.9999730067079,0.99996366377018,0.99998381824857,0.99998104997073,3.129115497458e-05,1.8160191526525e-05,0.0099986066010524,-7.7645367663822e-06,7.7419517652089e-06,-4.8506475138859e-06,-4.8506475141482e-06,0.90001813968967,0.90000723913196,2.5,2.5,-0.00010000000000003
0.091800000000001,0.99997298673573,0.99996365812621,0.99998381579034,0.99998105175788,3.124316455514e-05,1.815275658484e-05,0.0099986050505572,-7.7524757677203e-06,7.7299260803062e-06,-4.8513910080594e-06,-4.8513910083172e-06,0.90001814255704,0.90000725871602,2.5,2.5,-9.999999999999e-05
0.092000000000001,0.99997296679357,0.99996365249102,0.99998381333592,0.99998105354257,3.1195245263669e-05,1.8145333190468e-05,0.0099986035024702,-7.7404351652481e-06,7.7179207225195e-06,-4.8521333475114e-06,-4.8521333477701e-06,0.90001814541995,0.90000727827086,2.5,2.5,-9.9999999999931e-05
0.092200000000001,0.99997294688136,0.99996364686458,0.99998381088531,0.99998105532478,3.1147397032852e-05,1.813792132424e-05,0.0099986019567872,-7.7284148867668e-06,7.7059356259319e-06,-4.8528745341415e-06,-4.8528745343973e-06,0.9000181482784,0.9000072977965,2.5,2.5,-9.9999999999838e-05
0.092400000000001,0.99997292699909,0.99996364124689,0.9999838084385,0.99998105710451,3.1099619800339e-05,1.8130520966124e-05,0.0099986004135043,-7.7164148729064e-06,7.6939707369962e-06,-4.8536145699269e-06,-4.8536145701818e-06,0.9000181511324,0.90000731729298,2.5,2.5,-0.00010000000000021
0.092600000000001,0.99997290714671,0.99996363563793,0.99998380599548,0.99998105888177,3.1051913498459e-05,1.8123132097483e-05,0.0099985988726173,-7.7044350686045e-06,7.6820259887106e-06,-4.8543534568048e-06,-4.8543534570585e-06,0.90001815398196,0.90000733676033,2.5,2.5,-0.00010000000000005
0.092800000000001,0.99997288732419,0.99996363003768,0.99998380355626,0.99998106065655,3.1004278057561e-05,1.8115754698563e-05,0.0099985973341222,-7.6924754010096e-06,7.6701013193347e-06,-4.8550911967007e-06,-4.8550911969511e-06,0.90001815682708,0.90000735619858,2.5,2.5,-9.9999999999741e-05
0.093000000000001,0.99997286753149,0.99996362444614,0.99998380112082,0.99998106242886,3.0956713414914e-05,1.8108388749878e-05,0.009998595798015,-7.6805358318661e-06,7.6581966760718e-06,-4.8558277914525e-06,-4.855827791878e-06,0.90001815966778,0.90000737560775,2.5,2.5,-0.0001000000000001
0.093200000000001,0.99997284776859,0.99996361886328,0.99998379868916,0.99998106419869,3.0909219499763e-05,1.8101034232914e-05,0.0099985942642918,-7.6686162752096e-06,7.6463119947726e-06,-4.8565632431771e-06,-4.8565632436098e-06,0.90001816250406,0.90000739498789,2.5,2.5,-0.00010000000000038
0.093400000000001,0.99997282803544,0.99996361328909,0.99998379626127,0.99998106596605,3.0861796246534e-05,1.8093691128069e-05,0.0099985927329484,-7.6567166884503e-06,7.6344472210099e-06,-4.8572975537466e-06,-4.8572975539958e-06,0.90001816533594,0.90000741433901,2.5,2.5,-9.9999999999656e-05
0.093600000000001,0.99997280833202,0.99996360772356,0.99998379383714,0.99998106773093,3.0814443584549e-05,1.8086359416116e-05,0.009998591203981,-7.6448370256527e-06,7.6226023054909e-06,-4.8580307248592e-06,-4.8580307252718e-06,0.9000181681634,0.90000743366116,2.5,2.5,-0.0001000000000004
0.093800000000001,0.99997278865828,0.99996360216667,0.99998379141677,0.99998106949333,3.0767161440884e-05,1.8079039078076e-05,0.0099985896773856,-7.6329772151976e-06,7.6107771810449e-06,-4.8587627586423e-06,-4.8587627590467e-06,0.90001817098647,0.90000745295436,2.5,2.5,-9.9999999999873e-05
0.094000000000001,0.99997276901419,0.99996359661841,0.99998378900016,0.99998107125326,3.0719949752796e-05,1.8071730095518e-05,0.0099985881531581,-7.6211372024776e-06,7.5989717960681e-06,-4.8594936569264e-06,-4.8594936573172e-06,0.90001817380516,0.90000747221864,2.5,2.5,-0.00010000000000026
0.094200000000001,0.99997274939971,0.99996359107876,0.99998378658728,0.9999810730107,3.0672808445283e-05,1.8064432448824e-05,0.0099985866312947,-7.6093169338237e-06,7.5871860924649e-06,-4.8602234215824e-06,-4.8602234219938e-06,0.90001817661946,0.90000749145404,2.5,2.5,-0.00010000000000021
0.094400000000001,0.99997272981482,0.99996358554771,0.99998378417815,0.99998107476567,3.0625737449762e-05,1.8057146119579e-05,0.0099985851117915,-7.5975163624346e-06,7.5754200159592e-06,-4.8609520545427e-06,-4.860952054918e-06,0.90001817942939,0.90000751066059,2.5,2.5,-0.00010000000000011
0.094600000000001,0.99997271025947,0.99996358002524,0.99998378177276,0.99998107651817,3.0578736692358e-05,1.8049871088596e-05,0.0099985835946444,-7.5857353973476e-06,7.5636735103642e-06,-4.8616795576454e-06,-4.8616795580173e-06,0.90001818223495,0.90000752983832,2.5,2.5,-0.00010000000000005
0.094800000000001,0.99997269073362,0.99996357451135,0.99998377937108,0.99998107826819,3.0531806102057e-05,1.804260733724e-05,0.0099985820798496,-7.5739740423944e-06,7.5519465296494e-06,-4.8624059327876e-06,-4.8624059331348e-06,0.90001818503616,0.90000754898727,2.5,2.5,-0.00010000000000009
0.095000000000001,0.99997267123726,0.99996356900601,0.99998377697314,0.99998108001573,3.0484945607929e-05,1.8035354846797e-05,0.0099985805674031,-7.5622322007419e-06,7.5402390136069e-06,-4.8631311818205e-06,-4.863131182186e-06,0.90001818783301,0.90000756810745,2.5,2.5,-0.00010000000000013
0.095200000000001,0.99997265177032,0.99996356350921,0.9999837745789,0.99998108176079,3.0438155135401e-05,1.8028113598439e-05,0.0099985790573012,-7.5505098226843e-06,7.5285509081017e-06,-4.8638553066493e-06,-4.8638553070019e-06,0.90001819062553,0.90000758719892,2.5,2.5,-0.0001000000000005
0.095400000000001,0.99997263233279,0.99996355802094,0.99998377218838,0.99998108350338,3.0391434610474e-05,1.8020883574226e-05,0.0099985775495398,-7.5388068776747e-06,7.5168821619926e-06,-4.8645783091106e-06,-4.8645783094636e-06,0.9000181934137,0.9000076062617,2.5,2.5,-0.00010000000000021
0.095600000000001,0.99997261292462,0.99996355254118,0.99998376980155,0.99998108524349,3.0344783960448e-05,1.8013664754689e-05,0.0099985760441151,-7.5271232980139e-06,7.5052327253311e-06,-4.865300191069e-06,-4.865300191399e-06,0.90001819619754,0.90000762529582,2.5,2.5,-9.9999999999528e-05
0.095800000000001,0.99997259354579,0.99996354706991,0.99998376741843,0.99998108698113,3.0298203109727e-05,1.8006457121676e-05,0.0099985745410234,-7.5154590252943e-06,7.4936025432998e-06,-4.8660209543674e-06,-4.866020954705e-06,0.90001819897707,0.90000764430131,2.5,2.5,-9.9999999999742e-05
0.096000000000001,0.99997257419624,0.99996354160713,0.99998376503899,0.99998108871629,3.0251691984947e-05,1.7999260656519e-05,0.0099985730402605,-7.5038140207164e-06,7.4819915604662e-06,-4.8667406008715e-06,-4.8667406012071e-06,0.90001820175228,0.90000766327822,2.5,2.5,-0.00010000000000022
0.096200000000001,0.99997255487595,0.99996353615283,0.99998376266324,0.99998109044898,3.0205250510163e-05,1.7992075341155e-05,0.0099985715418229,-7.4921882187945e-06,7.4703997354705e-06,-4.8674591323968e-06,-4.8674591327399e-06,0.90001820452318,0.90000768222657,2.5,2.5,-9.9999999999872e-05
0.096400000000001,0.99997253558488,0.99996353070698,0.99998376029117,0.99998109217919,3.0158878610558e-05,1.7984901157108e-05,0.0099985700457066,-7.4805815922392e-06,7.4588270093579e-06,-4.8681765508224e-06,-4.8681765511584e-06,0.90001820728978,0.90000770114639,2.5,2.5,-0.00010000000000025
0.096600000000001,0.99997251632299,0.99996352526957,0.99998375792277,0.99998109390694,3.0112576208417e-05,1.7977738085653e-05,0.0099985685519077,-7.4689940672175e-06,7.4472733399393e-06,-4.8688928579402e-06,-4.8688928582711e-06,0.90001821005209,0.90000772003773,2.5,2.5,-9.9999999999819e-05
0.096800000000001,0.99997249709025,0.99996351984059,0.99998375555804,0.99998109563221,3.0066343229127e-05,1.7970586109045e-05,0.0099985670604226,-7.4574256003032e-06,7.4357386663244e-06,-4.8696080556108e-06,-4.8696080559334e-06,0.90001821281011,0.9000077389006,2.5,2.5,-0.00010000000000018
0.097000000000001,0.99997247788662,0.99996351442002,0.99998375319696,0.999981097355,3.0020179595894e-05,1.7963445209107e-05,0.0099985655712474,-7.4458761450356e-06,7.4242229492413e-06,-4.8703221456294e-06,-4.8703221459651e-06,0.90001821556385,0.90000775773506,2.5,2.5,-0.00010000000000005
0.097200000000001,0.99997245871206,0.99996350900785,0.99998375083955,0.99998109907533,2.9974085231463e-05,1.7956315367019e-05,0.0099985640843783,-7.4343456557845e-06,7.4127261384036e-06,-4.8710351298285e-06,-4.8710351301526e-06,0.90001821831332,0.90000777654112,2.5,2.5,-0.00010000000000001
0.097400000000001,0.99997243956654,0.99996350360407,0.99998374848577,0.99998110079319,2.992806005861e-05,1.7949196565012e-05,0.0099985625998115,-7.4228340907634e-06,7.4012481875083e-06,-4.8717470100151e-06,-4.8717470103381e-06,0.90001822105853,0.90000779531883,2.5,2.5,-9.9999999999874e-05
0.097600000000001,0.99997242045002,0.99996349820866,0.99998374613565,0.99998110250858,2.9882103998515e-05,1.7942088784975e-05,0.0099985611175432,-7.4113413819446e-06,7.3897890419333e-06,-4.8724577880182e-06,-4.8724577883427e-06,0.90001822379948,0.90000781406821,2.5,2.5,-0.00010000000000021
0.097800000000001,0.99997240136246,0.99996349282161,0.99998374378916,0.9999811042215,2.9836216973284e-05,1.7934992009011e-05,0.0099985596375697,-7.3998674830371e-06,7.3783486536221e-06,-4.8731674656273e-06,-4.8731674659446e-06,0.90001822653619,0.90000783278931,2.5,2.5,-0.0001000000000001
0.098000000000001,0.99997238230382,0.99996348744291,0.9999837414463,0.99998110593195,2.9790398905563e-05,1.7927906219089e-05,0.0099985581598872,-7.3884123646249e-06,7.3669269808543e-06,-4.8738760446427e-06,-4.8738760449621e-06,0.90001822926864,0.90000785148216,2.5,2.5,-9.9999999999779e-05
0.098200000000001,0.99997236327407,0.99996348207253,0.99998373910706,0.99998110763994,2.9744649713713e-05,1.7920831397033e-05,0.009998556684492,-7.3769759697847e-06,7.3555239746208e-06,-4.874583526845e-06,-4.8745835271617e-06,0.90001823199687,0.90000787014679,2.5,2.5,-9.9999999999934e-05
0.098400000000001,0.99997234427318,0.99996347671048,0.99998373677145,0.99998110934546,2.969896932201e-05,1.7913767525001e-05,0.0099985552113804,-7.3655582433023e-06,7.3441395876057e-06,-4.875289914048e-06,-4.8752899143714e-06,0.90001823472086,0.90000788878323,2.5,2.5,-0.00010000000000001
0.098600000000001,0.99997232530109,0.99996347135673,0.99998373443944,0.99998111104852,2.965335764781e-05,1.7906714585127e-05,0.0099985537405485,-7.354159154188e-06,7.3327737716663e-06,-4.8759952080342e-06,-4.8759952083541e-06,0.90001823744063,0.90000790739152,2.5,2.5,-0.00010000000000003
0.098800000000001,0.99997230635778,0.99996346601127,0.99998373211105,0.99998111274911,2.9607814614493e-05,1.7899672559591e-05,0.0099985522719928,-7.3427786426214e-06,7.3214264845999e-06,-4.8766994105779e-06,-4.8766994109039e-06,0.90001824015619,0.9000079259717,2.5,2.5,-0.00010000000000028
0.099000000000001,0.99997228744322,0.99996346067408,0.99998372978625,0.99998111444725,2.9562340139203e-05,1.7892641430668e-05,0.0099985508057095,-7.3314166716885e-06,7.310097678371e-06,-4.8774025234602e-06,-4.8774025237889e-06,0.90001824286754,0.90000794452379,2.5,2.5,-9.9999999999702e-05
0.099200000000001,0.99997226855735,0.99996345534516,0.99998372746505,0.99998111614292,2.9516934143485e-05,1.788562118088e-05,0.0099985493416949,-7.3200731842059e-06,7.2987873076634e-06,-4.8781045484539e-06,-4.8781045487865e-06,0.90001824557468,0.90000796304785,2.5,2.5,-9.9999999999937e-05
0.099400000000001,0.99997224970015,0.99996345002449,0.99998372514745,0.99998111783613,2.9471596545022e-05,1.7878611791977e-05,0.0099985478799452,-7.308748170236e-06,7.2874953384713e-06,-4.8788054873304e-06,-4.8788054876649e-06,0.90001824827764,0.90000798154388,2.5,2.5,-0.00010000000000007
0.099600000000001,0.99997223087157,0.99996344471205,0.99998372283342,0.99998111952689,2.9426327261956e-05,1.7871613246748e-05,0.0099985464204569,-7.2974415499087e-06,7.2762217117019e-06,-4.8795053418709e-06,-4.8795053422063e-06,0.9000182509764,0.90000800001195,2.5,2.5,-9.9999999999973e-05
0.099800000000001,0.99997221207158,0.99996343940783,0.99998372052297,0.99998112121519,2.9381126218639e-05,1.7864625527277e-05,0.0099985449632263,-7.2861532701052e-06,7.2649663846259e-06,-4.8802041138176e-06,-4.8802041141572e-06,0.90001825367099,0.90000801845207,2.5,2.5,-9.9999999999963e-05
0.1,0.99997219330014,0.99996343411183,0.9999837182161,0.99998112290104,2.9335993328393e-05,1.7857648616149e-05,0.0099985435082496,-7.2748833256647e-06,7.2537293193254e-06,-4.8809018049191e-06,-4.8809018052573e-06,0.9000182563614,0.90000803686429,2.5,2.5,-0.00010000000000026
